子图1：(a) d/h=0.20（P033） 热图矩阵（行=y，列=x）,-4,-3.95,-3.9,-3.85,-3.8,-3.75,-3.7,-3.65,-3.6,-3.55,-3.5,-3.45,-3.4,-3.35,-3.3,-3.25,-3.2,-3.15,-3.1,-3.05,-3,-2.95,-2.9,-2.85,-2.8,-2.75,-2.7,-2.65,-2.6,-2.55,-2.5,-2.45,-2.4,-2.35,-2.3,-2.25,-2.2,-2.15,-2.1,-2.05,-2,-1.95,-1.9,-1.85,-1.8,-1.75,-1.7,-1.65,-1.6,-1.55,-1.5,-1.45,-1.4,-1.35,-1.3,-1.25,-1.2,-1.15,-1.1,-1.05,-1,-0.95,-0.9,-0.85,-0.8,-0.75,-0.7,-0.65,-0.6,-0.55,-0.5,-0.45,-0.4,-0.35,-0.3,-0.25,-0.2,-0.15,-0.1,-0.05,0,0.05,0.1,0.15,0.2,0.25,0.3,0.35,0.4,0.45,0.5,0.55,0.6,0.65,0.7,0.75,0.8,0.85,0.9,0.95,1,1.05,1.1,1.15,1.2,1.25,1.3,1.35,1.4,1.45,1.5,1.55,1.6,1.65,1.7,1.75,1.8,1.85,1.9,1.95,2,2.05,2.1,2.15,2.2,2.25,2.3,2.35,2.4,2.45,2.5,2.55,2.6,2.65,2.7,2.75,2.8,2.85,2.9,2.95,3,3.05,3.1,3.15,3.2,3.25,3.3,3.35,3.4,3.45,3.5,3.55,3.6,3.65,3.7,3.75,3.8,3.85,3.9,3.95,4
0.5,1.050531263,1.050594108,1.050650439,1.050700632,1.050745002,1.050783811,1.050816979,1.050845223,1.05086871,1.050887561,1.050901939,1.050911944,1.050917734,1.050919356,1.050916852,1.050910369,1.050899994,1.050885801,1.050867796,1.050846036,1.050820512,1.050791256,1.050758221,1.050721286,1.050680742,1.050636512,1.050588592,1.050536999,1.050481705,1.050422639,1.050359848,1.050293092,1.050222571,1.050148311,1.050070341,1.049988581,1.049903155,1.049813911,1.049721019,1.04962418,1.0495236,1.049419306,1.049311371,1.049199789,1.049084637,1.04896597,1.048843794,1.048718266,1.0485894,1.048457392,1.048322352,1.048184437,1.048043783,1.04790057,1.04775499,1.047607268,1.04745759,1.047306396,1.047154043,1.047000827,1.046847097,1.046693302,1.046539751,1.046386896,1.046235123,1.046084974,1.045936955,1.045791544,1.045649203,1.045510186,1.045374927,1.04524345,1.045116207,1.044993582,1.044875434,1.044762392,1.044655802,1.044559051,1.04447893,1.044428879,1.044434271,1.043138299,1.041166405,1.038704352,1.036140644,1.035100887,1.034061838,1.032729633,1.03139914,1.029862834,1.028329314,1.026467021,1.024609906,1.022762964,1.020921496,1.01826454,1.015623632,1.01349857,1.011383511,1.006848841,1.002387694,0.9999920974,0.9976237775,0.9958443537,0.9951995687,0.9945587155,0.9935049169,0.9922525966,0.9910114346,0.9904536705,0.9898998698,0.9892212478,0.9882917589,0.9873703673,0.9867327431,0.9862376544,0.9857465961,0.984995574,0.9842513093,0.9836094282,0.9831637435,0.9827221397,0.9821566301,0.9815328093,0.9809150042,0.9805145038,0.9801181206,0.9796773061,0.9791444466,0.9786171217,0.9782044007,0.9778505866,0.9775009181,0.9770410368,0.9765863606,0.9761806833,0.9758670871,0.9755576498,0.9751896855,0.97479521,0.9744057083,0.9741297898,0.9738580367,0.9735633655,0.9732191064,0.9728796428,0.9726072013,0.9723701441,0.9721372568,0.9718341049,0.9715356125,0.9712696932,0.9710639243,0.9708623229,0.97061567,0.9703488962,0.97008668,0.9699086132,0.9697347095,0.9695383647,0.9692931791
0.6,1.059458388,1.059623889,1.059778658,1.059923391,1.060058697,1.060185089,1.060302447,1.060411907,1.060513824,1.060608482,1.060696148,1.060777035,1.060851347,1.060919247,1.060980715,1.061035943,1.061085152,1.061128457,1.061165964,1.061197708,1.061223798,1.061244259,1.061259008,1.061267975,1.061271319,1.061269107,1.061261347,1.061248025,1.061229165,1.061204783,1.06117488,1.06113921,1.061097964,1.061051103,1.060998601,1.060940487,1.060876724,1.060807358,1.060732341,1.06065158,1.06056514,1.060473116,1.06037552,1.060272433,1.060163874,1.060049927,1.059930693,1.059806182,1.059676376,1.059541622,1.059402036,1.059257807,1.059109128,1.058956182,1.058799246,1.058638606,1.058474708,1.058307854,1.05813844,1.057966855,1.057793591,1.057619073,1.057443824,1.057268389,1.057093148,1.056918794,1.056746066,1.056575448,1.056407382,1.05624236,1.05608056,1.055922249,1.055767658,1.05561735,1.055470874,1.055328704,1.05519274,1.055067593,1.054962849,1.05489752,1.054907584,1.053135238,1.05039088,1.046942939,1.043351411,1.041961504,1.040572372,1.038780334,1.036990292,1.034916514,1.032846071,1.030321757,1.027803799,1.025295802,1.022794584,1.019179032,1.01558381,1.012688732,1.00980635,1.003629685,0.9975484227,0.9942808426,0.9910491517,0.9886269214,0.9877666826,0.9869116088,0.9854899468,0.9837955046,0.9821158231,0.9813795657,0.9806485259,0.9797454247,0.9784966285,0.9772585662,0.976413131,0.9757648533,0.9751218996,0.9741195293,0.9731261357,0.9722744577,0.9716948051,0.971120562,0.970374399,0.9695471334,0.9687278839,0.9682101778,0.9676979506,0.9671238069,0.9664216094,0.9657268057,0.9651908119,0.9647363677,0.9642874649,0.9636851085,0.9630897249,0.9625620216,0.9621617544,0.9617670702,0.9612906935,0.9607771689,0.9602703282,0.9599204574,0.9595762014,0.9591998152,0.9587541053,0.958314856,0.9579680202,0.957669935,0.9573774932,0.9569868805,0.9566025575,0.9562630343,0.9560063852,0.9557553945,0.9554414753,0.9550993339,0.9547633545,0.9545434155,0.9543291424,0.9540834764,0.9537696097
0.7,1.067445059,1.067758863,1.0680566,1.068339361,1.068608074,1.068863604,1.069105869,1.069336531,1.069556046,1.069764925,1.069963488,1.070152138,1.070331192,1.070500896,1.070661257,1.070812631,1.070955358,1.071089587,1.071215452,1.071333097,1.071442582,1.071543981,1.071637282,1.071722338,1.071799553,1.071868907,1.071930423,1.071984136,1.072030006,1.07206805,1.072098238,1.072120196,1.07213426,1.072140436,1.072138752,1.07212913,1.072111551,1.072086043,1.072052575,1.0720109,1.071961134,1.071903423,1.071837799,1.071764326,1.071683004,1.071593968,1.071497281,1.071392959,1.071281069,1.07116194,1.071035739,1.070902621,1.07076286,1.070616645,1.070464245,1.070305996,1.07014224,1.069973546,1.069800426,1.069623349,1.069442796,1.069259356,1.069073646,1.068886241,1.068697579,1.068508513,1.068319822,1.068132133,1.067945982,1.067761671,1.067579509,1.067399453,1.067221673,1.06704644,1.066873215,1.066702493,1.066536578,1.06638154,1.066250378,1.066168911,1.06618554,1.063873907,1.060237666,1.055645974,1.050863324,1.049090448,1.047318352,1.0450203,1.042724407,1.040057187,1.037393688,1.034136424,1.03088645,1.027644868,1.024411137,1.019733232,1.015079456,1.011328652,1.007592941,0.9996002789,0.9917238184,0.9874902149,0.9833010201,0.9801686733,0.9790793673,0.9779964381,0.9761745892,0.9739963618,0.9718365069,0.9709145944,0.9699991389,0.9688582123,0.9672644557,0.9656840885,0.964620157,0.9638154668,0.9630173901,0.9617469849,0.9604878027,0.9594151374,0.9587012175,0.9579940428,0.9570599787,0.9560185704,0.9549872168,0.9543542889,0.9537282218,0.9530199602,0.9521420447,0.951273429,0.9506145409,0.9500632137,0.9495188592,0.948771013,0.9480319623,0.9473819498,0.9469000207,0.946425149,0.9458418661,0.9452090574,0.9445847069,0.9441668281,0.9437560784,0.9433026618,0.9427574742,0.9422204822,0.9418043994,0.9414520271,0.9411068504,0.9406324804,0.9401661042,0.9397580131,0.9394579716,0.9391651687,0.938789821,0.9383773127,0.9379726462,0.9377192834,0.9374731857,0.9371858351,0.9368089946
0.8,1.074484754,1.074993869,1.075480597,1.075946466,1.076392855,1.076820906,1.077230728,1.077624462,1.078002824,1.078366457,1.078715949,1.079051844,1.079374534,1.079684431,1.07998162,1.080266558,1.080539665,1.08080122,1.081051401,1.081290375,1.081518264,1.081735213,1.081941056,1.082135765,1.082319772,1.082493105,1.082655826,1.082807941,1.082949486,1.08308044,1.083200815,1.083310083,1.083408728,1.083496731,1.083574015,1.083640612,1.083696484,1.083741592,1.083775987,1.083799238,1.083811584,1.083813151,1.083803927,1.083783986,1.083753342,1.083712079,1.083660279,1.083597943,1.083525049,1.083442024,1.083349046,1.083246345,1.083134092,1.083012595,1.082882197,1.082743144,1.082595979,1.082441311,1.082279618,1.082111567,1.081937686,1.081758638,1.081575114,1.081387737,1.081196916,1.081003677,1.080808922,1.080613281,1.080417269,1.080221145,1.080025085,1.079828888,1.079632457,1.079435932,1.079238307,1.079040049,1.078843972,1.078657909,1.078498746,1.078400099,1.078425091,1.075511311,1.070862305,1.064966199,1.058826886,1.056641773,1.05445738,1.051611329,1.048767467,1.045455383,1.042147214,1.038091784,1.034044264,1.03000258,1.025969505,1.020134389,1.014326464,1.009642205,1.004974966,0.9950088368,0.9851774112,0.9798905949,0.97465619,0.9707516957,0.9694233565,0.9681025252,0.9658522224,0.9631527186,0.9604750418,0.9593644023,0.9582613857,0.9568732018,0.9549125314,0.9529678091,0.951678723,0.9507186362,0.9497663903,0.9482149305,0.9466768737,0.9453757782,0.9445315054,0.9436952651,0.9425699734,0.9413074775,0.9400570332,0.9393148997,0.9385809765,0.9377417645,0.9366857008,0.9356408173,0.9348633112,0.9342227383,0.9335905551,0.9326982115,0.9318164758,0.9310477807,0.9304931203,0.9299469942,0.9292622234,0.9285137933,0.9277756007,0.927299689,0.9268324392,0.9263105895,0.9256717068,0.9250427705,0.9245666015,0.924170806,0.9237837917,0.9232331642,0.9226922577,0.9222244992,0.9218927118,0.9215697886,0.9211428023,0.9206687712,0.9202042873,0.9199299982,0.9196646287,0.9193472766,0.9189173268
0.9,1.08057908,1.081329898,1.082051237,1.08274521,1.083413583,1.084057971,1.084678481,1.085277828,1.085857089,1.086417112,1.086958663,1.08748242,1.087988987,1.088478888,1.088952112,1.089409267,1.089851016,1.090277648,1.090689458,1.091086684,1.091469527,1.091838132,1.092192392,1.092532101,1.09285783,1.093169659,1.093467641,1.093751811,1.094022174,1.094278809,1.094521657,1.094750224,1.094964898,1.095165665,1.095352522,1.095525364,1.095684192,1.095828995,1.095959716,1.096076,1.096177946,1.096265758,1.096339399,1.096398908,1.096444321,1.096475692,1.096493133,1.096496509,1.096485754,1.096461436,1.096423691,1.096372773,1.096308905,1.096232384,1.096143521,1.096042789,1.095930674,1.095807803,1.095674811,1.095532227,1.095380771,1.095221101,1.095053968,1.094880116,1.094699845,1.094514309,1.094324472,1.094130984,1.093934278,1.093734561,1.093531767,1.093325496,1.093115382,1.09290133,1.092681792,1.092457102,1.09223059,1.092012111,1.091823103,1.091706412,1.09174168,1.088163368,1.082379058,1.075015985,1.067353755,1.064730914,1.062108678,1.058676999,1.055247406,1.051244013,1.047244524,1.042331912,1.037427481,1.032525692,1.027632903,1.020555315,1.013507063,1.007820009,1.002151317,0.9900711632,0.9781409434,0.971720122,0.9653588357,0.9606250563,0.959050907,0.9574852674,0.9547818374,0.9515272828,0.9482977089,0.9469986566,0.9457082739,0.9440667104,0.9417204317,0.9393924617,0.9378749862,0.9367640721,0.9356621204,0.9338197199,0.9319927555,0.9304590059,0.929491951,0.9285341243,0.9272175559,0.9257300964,0.9242565768,0.9234149996,0.9225829079,0.9216194245,0.9203859414,0.9191654375,0.9182770712,0.9175585471,0.9168497755,0.9158171677,0.9147969212,0.9139164865,0.9133016482,0.9126967873,0.9119193241,0.9110621838,0.9102170213,0.9096965996,0.9091863587,0.9086081053,0.9078846037,0.9071727747,0.9066491187,0.9062242848,0.9058098221,0.9051937684,0.9045891475,0.904073984,0.9037256436,0.9033878128,0.9029225357,0.9023993816,0.9018874691,0.9016083679,0.9013398721,0.9010078686,0.9005385093
1,1.085719372,1.086756078,1.08775589,1.088721427,1.089655013,1.090558626,1.091432548,1.092280138,1.093102572,1.093900987,1.094676303,1.095429387,1.096160975,1.09687169,1.097561528,1.098231348,1.098881855,1.09951347,1.100126486,1.100721183,1.101297786,1.101856503,1.102397182,1.10291964,1.103424598,1.103912075,1.104382167,1.104834885,1.105270259,1.105688244,1.106088851,1.106471276,1.106836219,1.1071836,1.107513347,1.107825427,1.108119761,1.108396285,1.108654951,1.108895153,1.109117114,1.10932104,1.109506859,1.109674592,1.109824225,1.109955814,1.11006942,1.110164923,1.110242187,1.110301812,1.110343989,1.110368862,1.110376715,1.110367798,1.110342476,1.110301118,1.110244116,1.110172402,1.110086558,1.109987316,1.109875315,1.109751302,1.109616076,1.109470413,1.109314498,1.109149628,1.108976853,1.108796785,1.108609759,1.108415856,1.108214739,1.108005614,1.10778769,1.107560322,1.107321638,1.107071676,1.106814518,1.106562231,1.106341542,1.10620578,1.10625365,1.101948971,1.094902938,1.08590447,1.076547742,1.073464793,1.070382298,1.066330758,1.06228108,1.057543394,1.052809398,1.04698489,1.041168464,1.035350834,1.029542204,1.021143464,1.012775143,1.006021757,0.9992873836,0.984964317,0.9708022184,0.9631695424,0.955602263,0.9499844406,0.9481603488,0.9463455924,0.9431666371,0.9393252624,0.9355115695,0.9340272919,0.932552568,0.9306540982,0.9279056489,0.9251775692,0.9234311007,0.9221768606,0.9209325574,0.9187915676,0.9166678229,0.9148996475,0.9138205238,0.9127516959,0.911246311,0.909532184,0.9078337132,0.906905781,0.9059885023,0.9049103244,0.9035022779,0.9021088755,0.9011204089,0.9003386862,0.8995679945,0.8984015697,0.897249157,0.8962664837,0.8956074105,0.8949596972,0.8941010521,0.8931444823,0.8922015545,0.8916533818,0.8911168719,0.890497261,0.8897008593,0.8889178004,0.8883620815,0.8879255195,0.8875009033,0.8868331679,0.8861785355,0.8856310569,0.8852840988,0.8849492985,0.8844619289,0.8839049502,0.8833608733,0.8830957929,0.8828430224,0.8825144777,0.8820222821
1.1,1.089894291,1.09125768,1.092576836,1.093854981,1.095094844,1.096298855,1.097467404,1.09860438,1.099711264,1.100789336,1.101839734,1.102863469,1.103861364,1.104834177,1.105781934,1.106705539,1.107605905,1.108483424,1.109338494,1.110171405,1.110982414,1.111771678,1.112539032,1.113284189,1.11400801,1.114710545,1.115391865,1.116051959,1.116690811,1.117308425,1.117904708,1.118478753,1.119031258,1.11956214,1.120071301,1.120558602,1.121023958,1.121467241,1.121888405,1.122286626,1.122662189,1.123015234,1.1233457,1.123653523,1.12393868,1.124201189,1.12444108,1.124658087,1.12485206,1.125023618,1.125172972,1.125300233,1.12540565,1.125489494,1.125552063,1.125593805,1.125614987,1.125616707,1.125599558,1.125564244,1.125511452,1.125442025,1.125356663,1.125256219,1.125140749,1.125011549,1.124869793,1.124716015,1.124550396,1.124372738,1.124182433,1.123978299,1.123758905,1.123523171,1.12326849,1.122994802,1.122706801,1.122419223,1.122164839,1.122008972,1.122071736,1.116977012,1.108538766,1.097731471,1.086504829,1.082942366,1.079380192,1.074678061,1.069977477,1.064466558,1.058958941,1.052172735,1.045394158,1.038610531,1.031835516,1.022044437,1.012283752,1.004407791,0.9965507712,0.9798687377,0.963353938,0.954435621,0.945587,0.9390334487,0.9369574773,0.9348914582,0.9312166319,0.9267585776,0.9223303325,0.9206664961,0.9190129051,0.9168561256,0.913690413,0.9105467517,0.9085729322,0.907185546,0.9058088972,0.9033630938,0.900936061,0.8989334701,0.8977556902,0.8965891219,0.8948993189,0.8929583583,0.8910345525,0.8900359597,0.8890490633,0.8878680709,0.8862900574,0.8847281833,0.8836525638,0.8828248255,0.8820092995,0.8807173006,0.8794408344,0.8783673892,0.8776824243,0.8770101327,0.8760837816,0.8750388021,0.8740090336,0.873452305,0.8729086791,0.8722649281,0.8714089974,0.8705680118,0.8699978993,0.8695694703,0.8691545439,0.8684505043,0.8677611898,0.867198441,0.866873425,0.8665622203,0.8660710685,0.8654974158,0.8649382872,0.8647085972,0.8644929469,0.8641884197,0.8636922088
1.2,1.093044583,1.09477182,1.096448057,1.098077017,1.099661939,1.101205588,1.102708459,1.104174956,1.105606803,1.107005467,1.108372239,1.109708213,1.111014375,1.112291537,1.113539547,1.114759477,1.115952347,1.117118608,1.118258635,1.119372737,1.120461159,1.121524117,1.122561255,1.123572212,1.124557896,1.125518322,1.126453478,1.127363372,1.12824793,1.129107073,1.129940687,1.130747681,1.131528787,1.132283863,1.133012711,1.13371518,1.134391077,1.135040255,1.135662505,1.136257002,1.13682383,1.137363216,1.137874964,1.138358971,1.138815135,1.139243393,1.139643712,1.140015767,1.140359112,1.140674614,1.140962304,1.141222347,1.141454869,1.141660131,1.141838454,1.141990218,1.142115736,1.142216039,1.142291813,1.142343706,1.14237246,1.142378821,1.142363593,1.142327613,1.142270624,1.142194045,1.142099126,1.141986187,1.141855215,1.141705789,1.141536849,1.141346726,1.141133387,1.14089498,1.140628317,1.140332906,1.14001428,1.139690191,1.139400229,1.139223246,1.139303347,1.133354904,1.123389952,1.110593964,1.097315687,1.09325702,1.089198493,1.083817964,1.078438608,1.07211858,1.065801325,1.058007181,1.0502199,1.042423943,1.034635854,1.023386527,1.01216645,1.003116826,0.9940853428,0.9749374913,0.9559578328,0.9456818146,0.9354779013,0.9279383403,0.9256105356,0.923293058,0.9191032126,0.9139993405,0.9089266934,0.9070911568,0.9052663378,0.9028514882,0.8992540045,0.8956797829,0.8934819044,0.8919737923,0.890477022,0.8877207598,0.8849844445,0.8827485012,0.8814877106,0.8802388783,0.8783701934,0.876202799,0.8740537916,0.8730023857,0.87196358,0.8706932849,0.8689505196,0.8672251853,0.8660769451,0.8652224633,0.8643812687,0.8629726314,0.8615808956,0.8604292563,0.8597387702,0.8590621992,0.8580827797,0.8569611304,0.8558561521,0.8553119932,0.8547823397,0.8541332182,0.8532319046,0.8523470633,0.851781717,0.8513831456,0.8509996276,0.8502754827,0.8495676352,0.8490077549,0.8487268975,0.8484615272,0.847986083,0.8474138355,0.846857699,0.8466861744,0.8465304673,0.8462718385,0.8457915105
1.3,1.095043873,1.097168061,1.099235583,1.101250692,1.103217022,1.105137695,1.107013307,1.108848689,1.110645671,1.112405861,1.11413062,1.11582114,1.117478396,1.119103255,1.120695461,1.122256188,1.12378648,1.12528676,1.126757344,1.128198525,1.129610459,1.130993254,1.13234652,1.133669797,1.134963986,1.136229043,1.137464884,1.13867137,1.13984837,1.140995682,1.14211313,1.143199229,1.144254893,1.14527988,1.146273912,1.147236685,1.14816794,1.149067374,1.149934743,1.150768815,1.151569781,1.152337723,1.153072433,1.153773636,1.154441166,1.155074866,1.155674632,1.156239921,1.156770267,1.157266476,1.157728549,1.158156536,1.158550541,1.15891071,1.159237311,1.159530677,1.159790789,1.160019039,1.160216011,1.160382376,1.160518831,1.160626094,1.160704915,1.16075608,1.160779036,1.160775312,1.160746057,1.160691466,1.160611292,1.160504697,1.160370141,1.160205266,1.160007231,1.159773305,1.15949953,1.159185172,1.158836597,1.158474934,1.158147565,1.157948597,1.15804903,1.151179595,1.139544531,1.124569251,1.109048256,1.104478548,1.099908873,1.093824554,1.087741021,1.080578962,1.073419062,1.064574491,1.055735772,1.046885253,1.038041568,1.025274118,1.012533741,1.00226489,0.9920127118,0.9703028787,0.9487567521,0.9370538898,0.92542342,0.9168498462,0.9142721354,0.9117048642,0.9069821812,0.9012043387,0.895458317,0.8934607366,0.891474109,0.8888028101,0.8847596148,0.8807403487,0.8783229957,0.8767082836,0.8751053068,0.8720332716,0.8689819571,0.8665144459,0.8651879836,0.8638740484,0.8618326298,0.8594392477,0.857065179,0.855980546,0.8549092765,0.8535643074,0.8516618672,0.849777919,0.8485726384,0.8477123536,0.8468663297,0.8453497685,0.84385131,0.8426343662,0.8419601738,0.8413010786,0.840283599,0.8390968396,0.8379280972,0.8374188158,0.8369254235,0.8362904986,0.8353579123,0.8344432552,0.8339023847,0.8335562553,0.8332267476,0.8324988754,0.8317888353,0.8312503346,0.8310365891,0.8308400586,0.8304002874,0.8298478592,0.8293131112,0.8292232255,0.8291510202,0.8289608429,0.8285167961
1.4,1.095666542,1.098216844,1.100706574,1.103140388,1.105522239,1.10785548,1.110140819,1.112383341,1.114584989,1.116747421,1.118872037,1.120960028,1.123012367,1.125029849,1.127012093,1.12896029,1.130875404,1.132757802,1.134607729,1.136425316,1.138210668,1.139963776,1.141684004,1.143370643,1.145024699,1.146645943,1.14823419,1.149789173,1.1513106,1.152798159,1.154251492,1.155668831,1.157051051,1.15839773,1.159708457,1.160982778,1.162220274,1.163420509,1.164583046,1.165706423,1.166790691,1.16783592,1.168841672,1.169807602,1.170733362,1.171618684,1.172463322,1.173266557,1.174027664,1.17474752,1.175425992,1.176063032,1.176658597,1.177212778,1.177725696,1.178197621,1.17862832,1.179019255,1.179370966,1.179684051,1.179959134,1.180196866,1.180397945,1.180563025,1.180691234,1.180784021,1.180842592,1.180866889,1.180856283,1.180809532,1.180724494,1.180598076,1.180426448,1.18020586,1.179931511,1.179602181,1.179225274,1.178825724,1.178459613,1.178238064,1.178361799,1.170502071,1.157047688,1.139693961,1.121730672,1.116636577,1.111542482,1.104730993,1.097919939,1.089885354,1.08185229,1.071917657,1.061987705,1.052043838,1.042105564,1.027764934,1.013448306,1.001919504,0.9904053329,0.966046966,0.9418424056,0.9286467206,0.9155213888,0.9058683263,0.9030446931,0.9002313324,0.8949593527,0.8884803266,0.882032787,0.8798848887,0.8777479272,0.8748232322,0.8703205453,0.8658418337,0.8632108818,0.8615056086,0.8598122428,0.8564188381,0.8530464669,0.850349456,0.848976291,0.8476160385,0.8454082406,0.8427887791,0.8401892063,0.8390921476,0.8380090763,0.8366046657,0.8345469831,0.8325085917,0.8312621961,0.8304179232,0.8295887934,0.8279722443,0.8263748128,0.8251051296,0.8244697102,0.8238505288,0.8228096094,0.8215683652,0.8203463628,0.8198947816,0.8194604814,0.8188593429,0.8179085375,0.816977052,0.8164803315,0.8162097289,0.8159573689,0.8152410349,0.8145440442,0.8140447965,0.8139214029,0.8138170474,0.8134324138,0.8129173069,0.8124214521,0.8124366192,0.8124714647,0.8123721248,0.8119842076
1.5,1.094576852,1.097578047,1.10051708,1.103398909,1.106227714,1.109007069,1.111737638,1.114424679,1.11707015,1.119675693,1.122242649,1.1247721,1.127264967,1.129721919,1.132142263,1.134527084,1.136877346,1.139193206,1.141474763,1.143721996,1.145934791,1.148112961,1.150255654,1.152361888,1.154432518,1.156467147,1.158465358,1.160426695,1.162350674,1.164236785,1.166084464,1.16789156,1.169658895,1.171385841,1.173071734,1.17471593,1.176317795,1.17787669,1.179391975,1.180861859,1.182286197,1.18366493,1.184997424,1.186283125,1.187521492,1.188712075,1.189854454,1.190947605,1.191990525,1.192984092,1.193928048,1.194822143,1.195666205,1.196460141,1.197203968,1.197897833,1.198541239,1.199135685,1.199681636,1.200179544,1.20062995,1.201033373,1.201390372,1.201701481,1.201965332,1.202183373,1.202356685,1.202484895,1.20256694,1.20260101,1.202584286,1.202512756,1.202381492,1.202185533,1.201919054,1.201580349,1.20117789,1.200740884,1.200335117,1.200090667,1.200241154,1.191316352,1.175882716,1.155938286,1.135321103,1.12968956,1.124058076,1.116497238,1.108936567,1.100000869,1.0910661,1.080004503,1.068946366,1.057873569,1.04680503,1.030841459,1.014898142,1.002073389,0.9892608032,0.9621786884,0.9352354866,0.9204860348,0.9058024943,0.8950285025,0.8919653073,0.8889119317,0.8830762137,0.8758705751,0.8686950792,0.8664107203,0.8641370238,0.8609636362,0.8559883489,0.8510363929,0.8481991377,0.8464211906,0.8446550952,0.8409347274,0.8372351859,0.8343111613,0.832911729,0.8315254086,0.8291577384,0.8263115637,0.8234854526,0.8223978436,0.8213247104,0.8198764998,0.8176670499,0.8154773917,0.8142059,0.8134001132,0.8126102709,0.810900389,0.8092104295,0.8078997757,0.8073258842,0.8067693511,0.8057186999,0.8044320621,0.8031657578,0.8027946705,0.802442296,0.8018940124,0.8009364181,0.7999994676,0.7995658279,0.7993935705,0.7992412718,0.7985501929,0.7978799543,0.79743665,0.7974264004,0.7974371596,0.797126104,0.7966644791,0.7962236992,0.7963666033,0.7965313812,0.7965445178,0.7962315895
1.6,1.091324991,1.094796597,1.098207373,1.101562503,1.104866304,1.108122356,1.111331437,1.114498643,1.117625847,1.120714551,1.123765942,1.126780966,1.129760299,1.132704419,1.135612338,1.138484986,1.141323116,1.144126641,1.146895398,1.149629082,1.152327321,1.154989659,1.157614918,1.160201825,1.162750992,1.165261759,1.167733428,1.170165247,1.17255642,1.174906145,1.17721357,1.179476024,1.181694261,1.183867367,1.185994405,1.188074449,1.190106567,1.192089837,1.194023338,1.195904793,1.197733889,1.199510327,1.201233245,1.202901791,1.2045152,1.20607274,1.207573735,1.209016863,1.210400786,1.211726321,1.212992958,1.214200216,1.215347717,1.216435158,1.217462326,1.218429182,1.21933469,1.220180623,1.22096721,1.221694787,1.222363682,1.222974246,1.223526852,1.22402179,1.224457116,1.224834214,1.225153987,1.225415657,1.225617667,1.225757526,1.225831542,1.225834682,1.225760647,1.225602965,1.225354803,1.225013871,1.224589855,1.224116655,1.223670888,1.223403625,1.223584655,1.213515513,1.195933673,1.173175017,1.149681439,1.143498536,1.137315859,1.128983591,1.120651342,1.110786898,1.1009229,1.088699325,1.076478046,1.06424308,1.052011055,1.034379883,1.016764816,1.002612228,0.9884691108,0.9586011241,0.9288529239,0.9124960978,0.8961983988,0.8842680199,0.8809747449,0.877690556,0.8712799153,0.8633255295,0.8553988923,0.8529946089,0.8506004543,0.8471854753,0.8417262879,0.8362890453,0.833254802,0.8314242346,0.8296052318,0.8255530656,0.8215209424,0.8183733983,0.8169698502,0.8155794249,0.8130588682,0.8099851629,0.8069312395,0.805876204,0.8048360002,0.8033601839,0.8010015597,0.7986628795,0.7973825081,0.7966384705,0.7959111102,0.7941131794,0.7923357264,0.7909949884,0.7905056343,0.7900347625,0.7889870958,0.7876624997,0.7863591699,0.7860910776,0.7858432064,0.7853661176,0.7844114236,0.7834786183,0.7831258986,0.7830740885,0.783044096,0.7823902958,0.7817588195,0.7813866395,0.7815112199,0.7816589866,0.7814385917,0.7810450875,0.7806740537,0.7809659937,0.7812822689,0.7814282617,0.7812079355
1.7,1.085349812,1.089303667,1.093201786,1.097049406,1.100850802,1.10460947,1.108326131,1.112005626,1.115649578,1.119259276,1.122835627,1.126379269,1.129890593,1.133369759,1.136815412,1.140228171,1.143608449,1.146955818,1.150269729,1.153549547,1.156794513,1.160003786,1.163175764,1.166308696,1.169402979,1.172457539,1.175471299,1.178443145,1.181371922,1.184256416,1.187095433,1.189885713,1.192627767,1.195320294,1.197961983,1.200551507,1.203087578,1.205568884,1.207994171,1.210360586,1.212667521,1.214914423,1.217100032,1.219223175,1.221282708,1.223277605,1.225206844,1.227068676,1.228861287,1.23058543,1.232240252,1.233825015,1.235338998,1.236781621,1.238152411,1.239451013,1.2406759,1.241828868,1.24290995,1.243919218,1.24485673,1.245722617,1.246516953,1.247239785,1.247888395,1.24846403,1.248967414,1.249397245,1.2497513,1.250026289,1.250217572,1.250318879,1.250322308,1.250219689,1.25000303,1.249669314,1.249229526,1.248722782,1.248237602,1.247948167,1.248163765,1.236863374,1.216952748,1.191142764,1.164537693,1.157787121,1.151037045,1.141910306,1.132783588,1.121962854,1.111142246,1.097723046,1.084305137,1.070876841,1.05745031,1.038112186,1.01878592,1.003278058,0.9877769459,0.9550765921,0.9224737501,0.9044664067,0.8865092923,0.8733956635,0.8698858723,0.8663841695,0.8593922652,0.8506722239,0.8419764966,0.8394726422,0.8369781278,0.8333323264,0.8273812716,0.8214499988,0.8182314288,0.8163716757,0.814522965,0.8101362963,0.8057682556,0.802402936,0.801020118,0.7996502407,0.7969854965,0.793684615,0.7904027091,0.7894052724,0.7884228903,0.7869370793,0.784432278,0.7819471569,0.7806749539,0.7800170386,0.7793764739,0.7774955053,0.7756352594,0.7742752176,0.7738938796,0.7735321721,0.7724997967,0.7711437699,0.7698097333,0.7696670906,0.7695462893,0.7691583198,0.76821491,0.767294521,0.7670397999,0.7671301207,0.7672443105,0.7666383425,0.7660561521,0.7657689951,0.7660492894,0.7663552182,0.7662414313,0.7659293301,0.7656413565,0.7661023335,0.7665904516,0.7668885914,0.7667775337
1.8,1.07607555,1.080513392,1.084905008,1.089255496,1.093568938,1.097848607,1.102095134,1.106312786,1.110502882,1.114666293,1.11880357,1.122914942,1.127000341,1.131059519,1.135090592,1.139093756,1.143068967,1.147015369,1.150931936,1.154817545,1.158670988,1.162490933,1.166275269,1.170021719,1.173730164,1.177399063,1.181026852,1.184611931,1.188152648,1.19164733,1.195094262,1.198489597,1.201833417,1.205123911,1.208359277,1.211537722,1.214657455,1.217716718,1.22071373,1.223645055,1.226509641,1.229306547,1.232034046,1.234690515,1.237274365,1.239784138,1.24221841,1.244574838,1.246851072,1.249047678,1.251163428,1.253197151,1.255147771,1.257014319,1.258795944,1.26049199,1.262100241,1.263622485,1.265058408,1.266407731,1.267670224,1.268845621,1.26993364,1.270933968,1.271842977,1.272661661,1.27339047,1.274027468,1.274569669,1.275012834,1.275351136,1.275576944,1.275680616,1.275652019,1.275481745,1.275166035,1.274717266,1.274180261,1.273656631,1.273345786,1.273600069,1.260974595,1.23854612,1.209438827,1.179478898,1.172140365,1.164802686,1.154855918,1.144909327,1.133103608,1.12129789,1.106650074,1.092002797,1.077351393,1.062700823,1.041622331,1.020551684,1.003665564,0.986783673,0.9512236871,0.9157372788,0.8960505775,0.8764035859,0.862091664,0.8583840182,0.8546832367,0.8471107912,0.8376163008,0.828141763,0.8255634312,0.8229934146,0.8191327143,0.8126877577,0.8062596658,0.8028742732,0.8010130539,0.799162125,0.7944427711,0.7897399703,0.7861668153,0.784833226,0.7835122005,0.7807154213,0.7771910249,0.7736842126,0.7727722875,0.7718755057,0.7704000115,0.7677543135,0.7651275413,0.7638826344,0.7633372604,0.7628098569,0.760852237,0.758915198,0.7575478472,0.7572991895,0.7570713557,0.7560673835,0.7546869943,0.7533290411,0.7533347278,0.7533640266,0.7530834346,0.7521596673,0.7512598845,0.7511200486,0.7513740036,0.7516541285,0.7511061893,0.7505834136,0.7503946276,0.7508507709,0.751335342,0.7513436238,0.7511257762,0.7509337264,0.751582435,0.7522615232,0.7527302659,0.7527449303
1.9,1.062885432,1.06779392,1.072670956,1.077521271,1.0823486,1.087155747,1.091943302,1.09671465,1.101470573,1.106211481,1.110937351,1.115647884,1.120342472,1.125020268,1.129678845,1.13431783,1.138936592,1.143533638,1.148107361,1.152656035,1.157177807,1.161670762,1.166132175,1.170559146,1.174950896,1.17930527,1.183620076,1.187893077,1.192122011,1.196304573,1.200438423,1.204518927,1.208545689,1.2125163,1.216428349,1.220279426,1.224067128,1.227789089,1.231442944,1.235024463,1.238532036,1.24196421,1.24531871,1.248593292,1.251785844,1.25489432,1.257916744,1.260850143,1.263691451,1.266440965,1.269096911,1.271657625,1.274121523,1.276487125,1.278753121,1.280918357,1.282979725,1.284939066,1.286795634,1.288548721,1.290197639,1.291741655,1.293180054,1.294512002,1.295732804,1.296843173,1.297843141,1.298730003,1.299499867,1.300147375,1.300665417,1.301044776,1.301273651,1.301339659,1.301232088,1.300946231,1.300495988,1.299932465,1.299371544,1.299040124,1.299337288,1.285284731,1.260139753,1.227479865,1.193913418,1.1859612,1.178010261,1.167214333,1.156418889,1.143597425,1.130776048,1.114867179,1.09895841,1.083055587,1.067152988,1.044308281,1.021467945,1.003186463,0.9849070986,0.9464855494,0.9081136694,0.8867377916,0.8653901769,0.8498807971,0.846001025,0.8421267209,0.8339847953,0.8237191714,0.8134684244,0.8108476469,0.8082339528,0.8041822404,0.797251309,0.7903336526,0.7868066868,0.7849783001,0.7831592332,0.7781175097,0.7730896062,0.7693262027,0.7680762843,0.7668383591,0.7639284322,0.7601912688,0.7564696585,0.755676218,0.7548978775,0.7534583197,0.7506827453,0.7479247669,0.7467308341,0.746328458,0.7459446313,0.7439212567,0.7419178374,0.740559031,0.7404706533,0.740404369,0.7394452104,0.7380509034,0.7366791051,0.7368577948,0.7370620723,0.7369092475,0.736016038,0.7351475294,0.7351407633,0.7355806562,0.7360493464,0.7355715533,0.7351201862,0.7350442622,0.735696251,0.7363799061,0.7365266901,0.7364173685,0.7363354989,0.7371896349,0.7380779419,0.7387356122,0.7388936195
2,1.045360071,1.050707099,1.056043496,1.061373443,1.066700036,1.072025518,1.077350217,1.082676415,1.088004238,1.093333388,1.098663188,1.1039926,1.109320346,1.114644863,1.11996315,1.125273998,1.130576024,1.135867029,1.141144634,1.146406379,1.15164967,1.156871815,1.162069348,1.167238596,1.172378011,1.177484698,1.182555695,1.187588014,1.192578614,1.197524436,1.202422388,1.207266908,1.212056937,1.216789291,1.221460774,1.226068229,1.230608494,1.235078455,1.239475001,1.24379294,1.248030019,1.252184107,1.256252189,1.260231345,1.264118722,1.267911601,1.271607331,1.275202106,1.27869205,1.282077049,1.285354693,1.288522672,1.291578765,1.294520875,1.297347102,1.300055661,1.302642366,1.305109029,1.307454348,1.309677053,1.311775856,1.31374953,1.315596679,1.317315889,1.31890122,1.320352961,1.321670644,1.322850704,1.323888177,1.324776463,1.325506932,1.326068622,1.326447409,1.326628407,1.326599358,1.326354663,1.325909938,1.325323057,1.32472542,1.324373605,1.324717314,1.309128531,1.281064494,1.244595614,1.207170801,1.198572654,1.189976248,1.178297284,1.166619235,1.152748323,1.138877783,1.1216757,1.10447363,1.087292716,1.070111801,1.045483639,1.020857219,1.001170586,0.98148459,0.9402286163,0.899000549,0.8759485069,0.8529134278,0.8362265647,0.8322081846,0.8281937913,0.8195064216,0.8084888206,0.7974807298,0.7948574921,0.7922399559,0.788031055,0.7806359222,0.7732500298,0.7696166995,0.7678632968,0.7661180572,0.7607768911,0.7554462575,0.7515211375,0.7503965808,0.7492832739,0.746289135,0.7423613952,0.7384465502,0.7378108502,0.7371900975,0.7358196677,0.7329352766,0.7300665283,0.7289539427,0.7287301158,0.7285254126,0.7264557278,0.7244048085,0.7230772364,0.7231804913,0.7233072445,0.7224152584,0.7210244004,0.7196556603,0.7200344566,0.7204411086,0.7204400036,0.7195937246,0.7187725352,0.7189195902,0.7195690094,0.7202502944,0.7198589749,0.7194951634,0.7195493495,0.7204173351,0.7213208116,0.7216247964,0.7216414555,0.7216871788,0.7227635737,0.7238786462,0.724744017,0.7250654778
2.1,1.023208301,1.028936639,1.034682089,1.040447982,1.046236551,1.052049207,1.057886022,1.063747815,1.069633906,1.075543162,1.081474061,1.087424765,1.093393099,1.09937667,1.105371698,1.111376096,1.117387504,1.123402828,1.12941885,1.135432195,1.141439377,1.147436815,1.153420164,1.159384817,1.165328211,1.171246505,1.177135841,1.182992306,1.188811948,1.194590787,1.200324782,1.20600746,1.21163673,1.217208474,1.222718586,1.228162983,1.233537574,1.238838327,1.244061231,1.249200061,1.254251628,1.259213027,1.264080319,1.268849706,1.273517482,1.278080088,1.282534016,1.286874459,1.291096503,1.295199521,1.299180317,1.30303578,1.306762898,1.310358838,1.313820904,1.317146668,1.320330659,1.323374505,1.326276179,1.329033713,1.331645173,1.334108552,1.336421811,1.33858279,1.340584071,1.342425404,1.344105834,1.345620703,1.346963881,1.348127346,1.349100886,1.34987156,1.350422836,1.350737021,1.35080035,1.350606239,1.350172121,1.349563348,1.348928044,1.34855479,1.348947676,1.331707225,1.300519813,1.259987238,1.218454584,1.209171497,1.199890621,1.187289921,1.174690671,1.159733831,1.144777836,1.12625193,1.107726319,1.08924425,1.070762385,1.044346062,1.017929976,0.9968401131,0.9757502568,0.9317263861,0.8877131773,0.863027804,0.8383496377,0.8205302883,0.8164170177,0.8123062806,0.8031155932,0.7913876355,0.7796641783,0.7770890823,0.7745182354,0.7701999629,0.7623831152,0.7545714249,0.7508810709,0.7492553596,0.7476365251,0.7420383741,0.7364471385,0.7324053579,0.7314575698,0.7305201622,0.7274861197,0.7234082355,0.7193400548,0.7189096443,0.7184939762,0.717236939,0.7142812156,0.7113385611,0.7103475172,0.7103443789,0.7103610179,0.7082787589,0.7062134597,0.704950827,0.7052818043,0.7056379439,0.7048451233,0.7034870009,0.7021500672,0.7027589548,0.7033984271,0.7035783382,0.7028049722,0.7020566879,0.7023822488,0.7032661133,0.7041855615,0.7039044366,0.7036516788,0.7038579423,0.7049617711,0.7061057456,0.7065892797,0.7067547952,0.7069509391,0.7082645201,0.7096222693,0.7107144209,0.7112232238
2.2,0.9965329986,1.002556671,1.008632894,1.014763847,1.020950725,1.027193825,1.033492878,1.039846994,1.046254466,1.05271318,1.05922061,1.065773895,1.072369879,1.079005147,1.085675081,1.092376426,1.09910576,1.105858932,1.11263166,1.119419524,1.12621799,1.133022374,1.139827373,1.146627307,1.153418324,1.160195503,1.166953856,1.17368837,1.180393994,1.187065611,1.193698115,1.200283848,1.206819579,1.21330009,1.219720149,1.226074541,1.2323581,1.238565667,1.24469214,1.250729983,1.256674989,1.262523191,1.268269598,1.273909333,1.279437641,1.284849905,1.290141632,1.295306822,1.300339316,1.305237866,1.309998261,1.314616443,1.319088479,1.323410586,1.327579197,1.331590961,1.335439005,1.339124653,1.342645064,1.345997456,1.349179025,1.352186969,1.355018395,1.357670269,1.360133522,1.362407318,1.364490009,1.366375826,1.368057298,1.369524938,1.370766697,1.371767711,1.372508642,1.372969003,1.373133518,1.372994635,1.372572031,1.371939131,1.371262104,1.370863797,1.37130712,1.352295472,1.317783559,1.272941533,1.227061312,1.217048182,1.207037735,1.193472226,1.179908789,1.163827291,1.147747283,1.127869649,1.107992985,1.088192058,1.068392026,1.040197449,1.012003042,0.9895267485,0.9670509597,0.9203687531,0.8736875008,0.847444568,0.8212026138,0.8023235678,0.7981691256,0.7940159439,0.784385205,0.7720159232,0.7596475316,0.7571815018,0.7547183116,0.7503541995,0.7421846596,0.7340168439,0.7303347031,0.7288994519,0.7274697504,0.7216828413,0.7158993546,0.7118066637,0.7110959772,0.7103947662,0.7073843596,0.7032212924,0.699064472,0.6988940199,0.6987381717,0.6976510338,0.6946835986,0.6917261653,0.6909075705,0.6911722974,0.6914577031,0.6894158903,0.6873886556,0.6862383894,0.6868357887,0.6874605046,0.686810628,0.6855307065,0.6842705025,0.6851397044,0.6860429756,0.6864380564,0.6857766008,0.6851398126,0.6856716451,0.686813287,0.6879952242,0.6878579656,0.6877497196,0.6881354496,0.6894915578,0.6908936808,0.6915828452,0.6919271186,0.6923035825,0.6938644171,0.6954763,0.6968129428,0.6975371746
2.3,0.9657585046,0.971955799,0.9782496437,0.984640825,0.9911291454,0.9977136978,1.004393697,1.01116629,1.018028591,1.02497729,1.032008707,1.039118818,1.046303312,1.053557601,1.060876197,1.068254525,1.075687778,1.083170627,1.090697546,1.098262889,1.105860843,1.113485492,1.12113033,1.128788502,1.136454628,1.144122484,1.151785785,1.15943819,1.167073321,1.174684747,1.182265964,1.189808018,1.197306265,1.204754137,1.21214506,1.219472484,1.226729888,1.233910804,1.241008795,1.248014855,1.254923439,1.26172939,1.268426423,1.275008386,1.281469271,1.287803252,1.294004563,1.300065872,1.305979591,1.311743613,1.317352567,1.322801261,1.328084621,1.333197776,1.338136072,1.342895092,1.347466153,1.351850352,1.356043856,1.36004289,1.363843701,1.367442537,1.370835498,1.374018597,1.376980936,1.379721024,1.382236498,1.384520377,1.386563826,1.388355742,1.389882343,1.39112659,1.392066412,1.392678326,1.392945712,1.392860319,1.392444384,1.391780162,1.391053257,1.390623019,1.391115964,1.370212819,1.332182732,1.282798525,1.232344014,1.221551564,1.210762281,1.196186389,1.181613289,1.164368255,1.147125541,1.125873811,1.104624168,1.083496175,1.06237034,1.032427181,1.002485962,0.9786618404,0.9548402367,0.9056635738,0.8564895278,0.8288066653,0.8011248154,0.781293958,0.7771631812,0.7730327529,0.7630529506,0.7501484761,0.7372442351,0.734959002,0.732675373,0.7283482481,0.7199315228,0.7115148168,0.7079251831,0.7067526866,0.7055844853,0.6997124438,0.6938411879,0.6897901554,0.6893839371,0.6889863903,0.6860877115,0.6819380057,0.6777912956,0.6779392934,0.6781020292,0.6772540456,0.6743645438,0.6714817554,0.6708969175,0.6714773004,0.6720798138,0.6701572489,0.668246453,0.6672723442,0.6681721218,0.669102269,0.6686525949,0.6675176669,0.6664005314,0.6675544612,0.6687472068,0.6693938901,0.668900004,0.6684300396,0.6691959742,0.6706109131,0.6720724253,0.6721247817,0.6722066772,0.672804036,0.6744190985,0.6760878758,0.677010947,0.6775716512,0.6781662352,0.6799732444,0.6818401972,0.6834335265,0.6844048563
2.4,0.931775975,0.937983284,0.9443403929,0.9508464348,0.9574997573,0.9642979649,0.971239704,0.9783200049,0.9855346759,0.9928791037,1.000348307,1.007936994,1.015639502,1.023449939,1.031361866,1.039369167,1.047465443,1.055643945,1.063897769,1.072219794,1.080602782,1.08903928,1.097521411,1.106040833,1.114590441,1.123162422,1.131748968,1.140342176,1.148934075,1.157516663,1.166081875,1.174619261,1.183122353,1.191582955,1.199992919,1.208344102,1.21662839,1.224837741,1.232964125,1.240996825,1.24892875,1.256753229,1.264462437,1.272048697,1.279504522,1.286822591,1.293995696,1.301014844,1.307870783,1.314560359,1.321076854,1.327413732,1.333564606,1.339523306,1.345283933,1.350840872,1.35618345,1.361312356,1.3662226,1.370909299,1.375367627,1.379592707,1.383579622,1.38732329,1.390810824,1.394039994,1.397007784,1.39970586,1.402124023,1.404249586,1.406066928,1.407556975,1.408694942,1.409454359,1.40981756,1.409775815,1.409354391,1.408645308,1.407854983,1.407381722,1.40792093,1.385007047,1.343275009,1.289131708,1.23389233,1.222270247,1.21065186,1.195020724,1.179393242,1.160948906,1.142507958,1.119868679,1.097233151,1.074784131,1.05233927,1.020700276,0.9890673846,0.9639619873,0.9388631956,0.8874146059,0.8359867993,0.8070301697,0.7780847386,0.7574503246,0.7534170776,0.7493838306,0.7391785491,0.7258910065,0.7126082666,0.710582858,0.7085581233,0.7043707149,0.6958579555,0.6873468141,0.6839527402,0.683119377,0.6822892464,0.6764797206,0.6706702684,0.666783892,0.6667489066,0.6667220755,0.664050233,0.6600536799,0.6560577825,0.6565767726,0.6571112246,0.6565799946,0.6538941313,0.6512119113,0.6509269994,0.6518601244,0.6528178597,0.6511234281,0.649437814,0.6487189211,0.6499420478,0.6512001347,0.65101916,0.6501200158,0.6492364999,0.6506813859,0.652171867,0.653101291,0.6528484386,0.6526186254,0.653639119,0.6553234629,0.6570630715,0.6573627548,0.6576925914,0.6585349361,0.6603951238,0.6623194368,0.6635027041,0.6643242501,0.6651817248,0.6672130223,0.6693160354,0.6711658747,0.6724175097
2.5,0.8959284489,0.9019301571,0.9081445711,0.9145691536,0.9212006956,0.928035352,0.9350711377,0.9423010137,0.9497194007,0.9573203465,0.9650975162,0.9730441908,0.9811533538,0.9894176305,0.9978295081,1.006381086,1.015064256,1.023870689,1.032791839,1.041818935,1.05094303,1.060154979,1.069445291,1.078803915,1.088221534,1.097688574,1.10719531,1.116731981,1.126288764,1.135855736,1.145422955,1.154978214,1.164512841,1.174016719,1.183479753,1.192891897,1.202243124,1.211523496,1.220723109,1.229829223,1.238832858,1.247725525,1.256497573,1.265139543,1.273642154,1.281996337,1.290193185,1.298221755,1.306070818,1.313736,1.321209012,1.328481711,1.335546211,1.342394859,1.349020282,1.355415469,1.361567619,1.36747676,1.373136663,1.378541165,1.383684204,1.388559738,1.39316166,1.397483751,1.401510949,1.405240359,1.408668183,1.411784896,1.41457885,1.417035852,1.419138514,1.420865883,1.422190527,1.423083366,1.423525845,1.423509184,1.423062404,1.422288215,1.421415331,1.420883521,1.421463001,1.396426182,1.35082401,1.291725569,1.231511246,1.219012828,1.206518746,1.189793147,1.173072296,1.153400993,1.133734497,1.109707827,1.085687314,1.061943568,1.038206994,1.004952818,0.9717121094,0.9454271698,0.9191557979,0.8657241339,0.8123547671,0.7823508231,0.7523838722,0.7311435278,0.7272879665,0.7234328173,0.7131654904,0.699705904,0.6862640306,0.6845788371,0.6828937813,0.6789685974,0.6705685616,0.6621771018,0.6590982784,0.6586749246,0.6582540304,0.6527085229,0.6471656207,0.6435998295,0.6439891916,0.6443867099,0.6420842357,0.6384290731,0.6347739685,0.6356946895,0.636632642,0.6364951348,0.6341790109,0.6318642029,0.6319399766,0.6332347639,0.6345583652,0.6332329713,0.6319136789,0.6315395653,0.6330737105,0.6346498581,0.6348115219,0.634263282,0.6337285992,0.6354341822,0.6371952418,0.6384210984,0.6384996916,0.6386006343,0.6398769424,0.6417902035,0.6437709722,0.6443859295,0.6450320866,0.6461477293,0.6482031128,0.6503368809,0.6517979571,0.6529291444,0.6540990241,0.6562985027,0.6585854076,0.6606694679,0.662233081
2.6,0.8600705863,0.865586606,0.8713870713,0.8774680958,0.8838252285,0.8904535352,0.8973506687,0.9045077807,0.9119181607,0.9195746212,0.9274695532,0.9355949544,0.9439423927,0.9525030569,0.9612683588,0.9702285635,0.9793736011,0.9886934052,0.9981775855,1.007815505,1.017596235,1.027508621,1.037541326,1.047682403,1.057919876,1.068241956,1.078636714,1.089092158,1.099596168,1.110136542,1.120701012,1.131275297,1.141848062,1.152406874,1.162939333,1.173433061,1.183875734,1.194255107,1.204558989,1.21477226,1.224883647,1.234882519,1.244757031,1.254495541,1.264086671,1.27351927,1.282782382,1.291862834,1.30074711,1.309429343,1.317899333,1.32614713,1.334163045,1.341937675,1.349462006,1.35672736,1.363718403,1.370434587,1.376868196,1.383011692,1.388857663,1.394398758,1.399627607,1.404536776,1.40910896,1.413340547,1.417227089,1.420757815,1.423919753,1.426697243,1.429071372,1.431019315,1.432511329,1.433515827,1.434013915,1.433997266,1.433499368,1.432634658,1.431655758,1.431046391,1.431658242,1.40439762,1.354775842,1.290550776,1.225197194,1.211785194,1.198378371,1.180531937,1.162691729,1.141781333,1.1208777,1.095484372,1.070100663,1.045116793,1.020144525,0.9853895215,0.9506596949,0.9233400285,0.8960448153,0.8409926363,0.7860764758,0.7553273123,0.7246638901,0.703075713,0.6994793496,0.6958847321,0.6857658885,0.672418121,0.6591131514,0.6578403445,0.6565675405,0.653043955,0.645033862,0.6370468951,0.6344136122,0.6344509787,0.6344903775,0.6294710667,0.624461357,0.6214030567,0.6222371531,0.6230802137,0.6213124371,0.6182377623,0.6151649394,0.6164741443,0.6178039971,0.6181216091,0.6163806524,0.6146398341,0.6151154086,0.6167290556,0.6183783351,0.6175914923,0.6168086397,0.6168691872,0.61864514,0.6204736999,0.6210465535,0.6209841214,0.6209336869,0.6228108544,0.6247577136,0.6262599011,0.6267724836,0.6273073917,0.6288065485,0.6308514913,0.6329809932,0.633984866,0.6350219215,0.6364254584,0.6385725219,0.640817271,0.6425566033,0.6440466995,0.6455794615,0.6478424163,0.6502134923,0.6524765591,0.654378703
2.7,0.8265789144,0.8312608346,0.8363041294,0.8417046326,0.8474576561,0.8535580267,0.8600038249,0.8667853649,0.8738954041,0.8813261544,0.889069281,0.8971158712,0.9054564305,0.9140809827,0.9229802247,0.9321425832,0.9415560561,0.9512087697,0.9610884476,0.9711823535,0.9814774499,0.99196027,1.00261736,1.013434459,1.024396669,1.035489565,1.046698615,1.058009079,1.069406105,1.080874723,1.092399882,1.103964779,1.115554834,1.127154788,1.138749396,1.15032348,1.161861907,1.17334964,1.184771727,1.196110175,1.207350937,1.218480749,1.229485121,1.240349829,1.251060934,1.261604795,1.271967998,1.282134788,1.292088933,1.30182274,1.311323797,1.320580004,1.329579598,1.338311149,1.346763687,1.354926671,1.362781883,1.370328057,1.377555833,1.384456092,1.39101993,1.397238543,1.403103183,1.408605115,1.413724645,1.418457444,1.422798453,1.426735669,1.430254881,1.433339088,1.435967895,1.438116999,1.439754411,1.440846366,1.44137413,1.441330461,1.440753969,1.439771918,1.438662295,1.437955369,1.438590725,1.40902559,1.355264689,1.28577837,1.215160041,1.200812903,1.186472091,1.167498961,1.148534117,1.126395349,1.104266101,1.077552957,1.050854386,1.02471817,0.9985999117,0.962493517,0.9264298038,0.8982641878,0.8701389981,0.8138989417,0.7579113774,0.7268038113,0.695862565,0.6742509447,0.6709898648,0.6677328896,0.6580210043,0.6451464512,0.6323556873,0.6315472698,0.6307390342,0.6277649163,0.6204891522,0.6132601617,0.6112013417,0.6117132753,0.6122271767,0.6080495379,0.6038933074,0.601547749,0.6027944246,0.6040519878,0.6029923219,0.6007753186,0.5985642654,0.6001837397,0.6018295411,0.6026291707,0.6016929928,0.6007569108,0.601630901,0.6034484588,0.6053119022,0.6052461994,0.6051832125,0.6057519145,0.6076248925,0.6095655513,0.6105967865,0.6111604526,0.611735545,0.6136200899,0.6155937635,0.6173030358,0.6183520296,0.6194246254,0.6210665092,0.6230753654,0.6251914816,0.6266539342,0.6281531778,0.6298358083,0.6319067344,0.6341003934,0.6360928038,0.6379847326,0.6399251509,0.6420907644,0.6443906969,0.646737544,0.6489953481
2.8,0.798320274,0.801762766,0.8056397524,0.8099488415,0.8146872002,0.8198512856,0.825441049,0.8314481707,0.8378664615,0.8446889861,0.8519079557,0.8595147181,0.8674998212,0.8758529296,0.8845648183,0.8936227048,0.9030130749,0.9127226378,0.9227374014,0.9330427361,0.9436233928,0.9544636153,0.96554761,0.9768586367,0.9883784038,1.000089549,1.011974414,1.024015107,1.036193548,1.048491439,1.060890342,1.073370614,1.085913526,1.09850036,1.111112456,1.123731169,1.136337943,1.148914345,1.161442051,1.173899695,1.186269812,1.198535861,1.210680166,1.222685344,1.234534364,1.246210589,1.257697663,1.268976663,1.280028234,1.29084237,1.301404038,1.311698603,1.321711799,1.331429849,1.340839489,1.349927978,1.358673968,1.367075125,1.375120177,1.382798222,1.390098612,1.397010964,1.403524972,1.409630467,1.415305148,1.420543994,1.425341276,1.429683764,1.433555998,1.436939685,1.439813077,1.442150458,1.443917899,1.44507976,1.445617753,1.445526051,1.444849158,1.443727996,1.442467278,1.44164592,1.442296955,1.410373565,1.35239369,1.277562587,1.201611017,1.186328962,1.171054832,1.150979057,1.130914483,1.107590263,1.084279467,1.056328527,1.028399179,1.001237806,0.9741032371,0.9368368809,0.8996382594,0.8708600838,0.8421444164,0.7852254813,0.7287296999,0.6977469487,0.6670519372,0.6458145558,0.6429567757,0.6401065485,0.6311059376,0.6191403774,0.6073173369,0.6069982323,0.6066796657,0.6044024392,0.5982583237,0.5921929508,0.5908237134,0.591777605,0.5927337632,0.5897437257,0.5867901295,0.5853600585,0.5869249126,0.588503903,0.5883119393,0.5872389037,0.5861768465,0.5879557277,0.5897691468,0.5910279987,0.5911210228,0.5912146134,0.5924318239,0.5942608557,0.5961496213,0.5969736842,0.5978001292,0.5989152596,0.6006623004,0.6024965006,0.6039951145,0.6053075227,0.6066323864,0.608284635,0.6100503638,0.6118404441,0.6135097039,0.6152060271,0.6168580099,0.6185923866,0.6204619752,0.6224347827,0.6244505686,0.6263717587,0.6281354182,0.630052065,0.6322399777,0.634560864,0.6369387634,0.6387920736,0.6408107449,0.6431040926,0.645719512
2.9,0.7781717367,0.7799755822,0.7822675198,0.7850500684,0.7883251705,0.7920941017,0.7963611487,0.8011228379,0.8063768504,0.812119716,0.8183467109,0.8250518267,0.8322277017,0.8398656958,0.8479583198,0.8564931792,0.8654566105,0.874835047,0.8846137265,0.8947768464,0.9053075716,0.9161881714,0.9274008751,0.9389265971,0.9507434913,0.9628310096,0.9751681518,0.9877334757,1.000505179,1.013461142,1.026578994,1.03983577,1.053207767,1.066672084,1.080205871,1.093786336,1.107390737,1.12099648,1.134581102,1.148119285,1.161589322,1.174970634,1.188241613,1.201381072,1.214368252,1.227182835,1.239804925,1.252211886,1.264380598,1.27629822,1.287946535,1.299307849,1.310364958,1.321101254,1.331500746,1.341548084,1.351218436,1.360507952,1.369403113,1.377890878,1.385958586,1.393593931,1.400784869,1.407519524,1.413772718,1.419538554,1.42481054,1.429574077,1.433812368,1.437505712,1.440631009,1.443161106,1.445060257,1.446291018,1.446835626,1.446690057,1.445904963,1.444635532,1.443214092,1.442269677,1.442932325,1.408630094,1.346401475,1.266206758,1.184926276,1.168732002,1.152547818,1.131425322,1.110318062,1.0858834,1.061467554,1.032394316,1.003352337,0.9753220688,0.9473303421,0.9091282665,0.8710282416,0.8418916595,0.8128461384,0.7558058199,0.6994233967,0.6691161565,0.6392647376,0.6188496667,0.6164575856,0.6140776828,0.6061116382,0.5955204365,0.585145659,0.5853188148,0.5854929465,0.5840453048,0.5794275362,0.5749243454,0.5743327036,0.5756603792,0.5769909211,0.5755043309,0.5740685003,0.5737173978,0.5754629579,0.5772270025,0.5780149998,0.5783209261,0.5786413272,0.580383873,0.5821709752,0.5838159284,0.5851033768,0.5863914849,0.5878476146,0.5894511939,0.5911306063,0.5929531584,0.5947789405,0.5964256601,0.5977820266,0.5992474628,0.6011703047,0.6032991314,0.6054439236,0.6065858853,0.6078681577,0.6095680866,0.6118935539,0.6142528965,0.6157438516,0.616928391,0.6182788411,0.6207739268,0.6233219444,0.6254059251,0.6265991014,0.6279781972,0.6302708918,0.6330171047,0.635832559,0.6371327115,0.6386316894,0.6407060067,0.643657171
3,0.7685383418,0.7684114311,0.7687865064,0.7696740071,0.7710840116,0.7730259439,0.7755114568,0.7785464163,0.7821361699,0.7862845104,0.7909936118,0.7962638232,0.8020935463,0.8084792552,0.8154184366,0.822902236,0.8309197737,0.8394596727,0.8485087242,0.8580518593,0.8680723533,0.8785518846,0.889471906,0.9008119689,0.9125471438,0.924654135,0.9371087187,0.9498859214,0.962960045,0.9763048264,0.989893529,1.003699596,1.017693508,1.031847578,1.04613403,1.060525089,1.074993054,1.089510337,1.104049544,1.118580627,1.133076735,1.147512304,1.161860999,1.176096971,1.190194904,1.204130045,1.217878167,1.231412262,1.244704777,1.25773914,1.270493324,1.282945911,1.29507616,1.306863992,1.318290145,1.329336114,1.339973118,1.350195255,1.359986274,1.369330542,1.378212984,1.386618979,1.394534279,1.401944977,1.408822638,1.415160131,1.420949892,1.426175647,1.430818912,1.43485836,1.438269224,1.441022765,1.443081028,1.444404575,1.4449762,1.444793471,1.443913292,1.44250524,1.440929574,1.439865944,1.440541866,1.40387455,1.337422598,1.251920484,1.165402234,1.148339315,1.131289339,1.109208726,1.087148756,1.061709584,1.036296419,1.006250984,0.976249668,0.9475259027,0.9188554486,0.8799756024,0.8412428745,0.8120012841,0.7828852319,0.7263240265,0.6707257767,0.6416806986,0.6133054048,0.5941859838,0.5923313822,0.5904948936,0.5838757046,0.5750968647,0.5666151746,0.5672845506,0.5679554197,0.5674492278,0.5646830269,0.5620633009,0.5623089407,0.5639409306,0.5655764972,0.5658118183,0.566106418,0.5669278164,0.5687196258,0.5705345048,0.5723415539,0.5741490114,0.5759706967,0.5774916595,0.579067083,0.5809926506,0.5835284837,0.5860644671,0.5876292941,0.5887849004,0.5900317238,0.5928581045,0.5956906388,0.5977931016,0.5985119378,0.5993603229,0.6016069346,0.6045293128,0.6074750101,0.6078474597,0.6083850996,0.6098049448,0.6127451907,0.6157309754,0.6168761963,0.6172487627,0.6178161858,0.6207815628,0.6238150062,0.6259500395,0.6263212934,0.6269096958,0.629184247,0.632302548,0.6355071768,0.6360244099,0.6367723269,0.6384519088,0.6416793489
3.1,0.7702431843,0.7681208137,0.7664595101,0.7652789713,0.7645991345,0.7644398304,0.7648217227,0.7657641018,0.7672834007,0.7693945624,0.7721107284,0.7754429307,0.7793999128,0.7839878505,0.7892136715,0.795076827,0.8015737016,0.8086994377,0.8164462678,0.824803636,0.8337582356,0.8432942292,0.8533948474,0.8640406856,0.8752056909,0.8868653587,0.8989934763,0.9115623794,0.9245431317,0.9379056464,0.9516189015,0.9656529455,0.9799719286,0.9945428396,1.009332443,1.024307325,1.039434012,1.054679141,1.07000942,1.085389472,1.100786209,1.116168004,1.131502857,1.146759298,1.161906552,1.176914501,1.19175368,1.206391927,1.220796493,1.234946091,1.24881403,1.26237443,1.275602212,1.288473148,1.300963974,1.313052371,1.324705045,1.335913264,1.346657459,1.356918827,1.366679258,1.375921247,1.384627835,1.392782514,1.400353053,1.407330574,1.413705933,1.419460687,1.424574161,1.429022901,1.432779978,1.435814525,1.438085976,1.439552176,1.440196141,1.440016736,1.439076631,1.437559535,1.435853311,1.434687737,1.43538498,1.39639082,1.325784238,1.235091785,1.143498735,1.125620959,1.107759743,1.084828437,1.06192468,1.035600701,1.009311883,0.9784617185,0.9476720122,0.9184212742,0.8892414405,0.8499532594,0.8108687581,0.7817354096,0.7527666821,0.6972816624,0.6431349617,0.6159007199,0.5895871876,0.5722065302,0.570985063,0.5697889924,0.5647729164,0.5581394198,0.5518788033,0.5530781912,0.5542797146,0.5548015763,0.5540714981,0.5535082576,0.5546287787,0.556538924,0.5584532074,0.5604736787,0.5625530274,0.5645538119,0.5663182803,0.5681095135,0.5708921107,0.5741701519,0.5774583675,0.5786493251,0.5799022937,0.5820041567,0.5857012004,0.5893985101,0.5909534336,0.5915227988,0.5921947869,0.5959043099,0.5996265996,0.6020570934,0.6019794407,0.6020463044,0.604469823,0.6080540442,0.6116743152,0.6111042205,0.6107176358,0.611687806,0.6151078901,0.618591394,0.6192289316,0.6186031342,0.6181945511,0.6214999873,0.6248949484,0.6269422341,0.6263081121,0.6259159481,0.6280277065,0.631402935,0.6348873142,0.6344516693,0.6342726535,0.635400748,0.6387983809
3.2,0.7823930028,0.7784989156,0.7749688456,0.7718302235,0.7691116979,0.7668427244,0.7650518493,0.7637731819,0.7630353737,0.7628662292,0.7632922898,0.7643383742,0.7660271436,0.7683787577,0.7714138638,0.775145526,0.7795829705,0.7847332976,0.7905997479,0.797181695,0.8044745816,0.8124700184,0.821157719,0.830523546,0.8405444574,0.8511980833,0.8624592034,0.8742999239,0.8866900679,0.8995973012,0.9129875362,0.9268285705,0.941078356,0.9556988092,0.9706511039,0.9858959114,1.001393579,1.017104267,1.032988165,1.049003991,1.065111387,1.081271607,1.097445922,1.113596274,1.129685385,1.145676753,1.161534679,1.177220935,1.192696691,1.207934676,1.222902638,1.23756927,1.251904271,1.265878388,1.2794635,1.292632621,1.305347453,1.317595321,1.329352578,1.340596504,1.351305212,1.361457653,1.371033428,1.380012737,1.388358884,1.396060544,1.403106324,1.409474889,1.41514274,1.420083536,1.424267497,1.427660948,1.430219894,1.431898659,1.432679856,1.432562865,1.431615539,1.430034931,1.428235801,1.426996576,1.42772848,1.386461449,1.31179938,1.216078168,1.119626802,1.100991562,1.082377361,1.058711324,1.035081292,1.007994888,0.9809548624,0.9494743363,0.9180741537,0.888441332,0.8588995182,0.8194749838,0.7803221583,0.7514579589,0.7228006972,0.6689706439,0.6169178746,0.5919659042,0.5682074417,0.5529461025,0.5524831569,0.5520538952,0.5488209425,0.5445280407,0.5406678447,0.5424747809,0.5442845911,0.5458986794,0.5472318191,0.5487368106,0.5507588178,0.5529861491,0.5552179175,0.5589315356,0.5626953236,0.5658090905,0.5675601418,0.5693401339,0.5729893516,0.5775675384,0.5821503262,0.5830079453,0.5839315458,0.5861323251,0.5907801005,0.5954311039,0.5968946202,0.5968534779,0.5969205562,0.6012835258,0.6056712406,0.6082710087,0.6073552442,0.6065911135,0.6090180427,0.613036688,0.6171105835,0.6155397235,0.6141613598,0.6145567833,0.6182365911,0.6220046187,0.6220160244,0.6203101323,0.6188339485,0.6222746923,0.6258331786,0.6276369618,0.6259083661,0.6244367393,0.626228773,0.6296832209,0.6332756618,0.6317998222,0.6305974285,0.6310519306,0.6344643279
3.3,0.8024406316,0.7972563953,0.7922977218,0.7875958983,0.7831844327,0.7790988788,0.7753714516,0.772048954,0.7691698168,0.7667729743,0.7648973117,0.7635811654,0.7628617474,0.7627746365,0.7633559018,0.7646358703,0.7666409085,0.7693948354,0.7729172779,0.7772233454,0.7823233641,0.788222716,0.7949237901,0.8024239183,0.8107092676,0.8197652591,0.8295727476,0.8401083452,0.8513446731,0.8632507565,0.8757924028,0.888937869,0.9026406775,0.9168590347,0.9315495858,0.9466676496,0.9621676429,0.9780032673,0.9941278404,1.010494058,1.02705348,1.043759194,1.060564908,1.077424979,1.09429457,1.111129748,1.127887444,1.144522436,1.1609888,1.177251921,1.193272872,1.209013902,1.224438452,1.239511225,1.254198287,1.268467061,1.282273695,1.295600246,1.308418111,1.320699782,1.332418805,1.343549702,1.354067833,1.363949326,1.373152257,1.381661977,1.389464023,1.396533363,1.402842828,1.408362383,1.413058558,1.416893996,1.419820378,1.42178756,1.422776976,1.42278769,1.42189187,1.420299157,1.418450216,1.417170356,1.417952806,1.374471508,1.295863866,1.195292639,1.094220341,1.074884385,1.055574958,1.031286089,1.00704321,0.9793090415,0.9516346265,0.9196898138,0.8878486329,0.8579509052,0.8281666402,0.7888625934,0.7499089821,0.7214250591,0.6931929179,0.6415494717,0.5921733942,0.5698732889,0.5490444707,0.536197491,0.5366342949,0.5371131379,0.5357639576,0.5338753324,0.5324573101,0.5349808261,0.5375078512,0.5402568685,0.543554174,0.5470142682,0.5499587258,0.5525957868,0.5552374658,0.5604454435,0.5656902188,0.5698086143,0.5716345219,0.5734902848,0.5778651533,0.5834902669,0.5891160196,0.5897269613,0.5904046637,0.5926643408,0.5979843728,0.6033152632,0.6046509093,0.6040754662,0.6036084317,0.6083363946,0.6131070787,0.6157139758,0.6140238315,0.6124849182,0.6147413784,0.6189133739,0.6231661302,0.620641887,0.6183098846,0.6180591264,0.6217277955,0.6255157924,0.6248331741,0.6220669097,0.6195324606,0.6228560982,0.6263316448,0.6277348723,0.6249164941,0.6223594286,0.6236768557,0.6269890823,0.6304734221,0.6279537723,0.625714211,0.62541557,0.6286511717
3.4,0.8270985716,0.821266354,0.8155026894,0.8098381225,0.8043063524,0.7989439619,0.7937813929,0.788873254,0.7842628628,0.779995478,0.7761179095,0.7726780081,0.7697241915,0.7673048216,0.7654690005,0.7642638562,0.7637336889,0.7639204821,0.7648628012,0.7665951512,0.7691473854,0.772544168,0.7768065396,0.7819499517,0.7879772349,0.7948887148,0.8026784722,0.8113343836,0.8208383981,0.8311668278,0.842290721,0.8541835088,0.8667985521,0.8800937697,0.8940239298,0.908541187,0.9235955432,0.9391353594,0.9551077229,0.9714598266,0.9881349662,1.005077657,1.02223343,1.039548355,1.056969179,1.074443558,1.091920054,1.109345502,1.126665927,1.143837899,1.160814688,1.17755091,1.194002631,1.210127423,1.225884435,1.241234416,1.256127295,1.27053849,1.284433379,1.29777875,1.310542627,1.322694211,1.334203716,1.345042331,1.355162113,1.364544187,1.373170093,1.381010316,1.388033151,1.394204026,1.399484902,1.403833917,1.407197474,1.409519972,1.410780894,1.410978164,1.410187485,1.408630331,1.406772274,1.405483557,1.406332252,1.36070375,1.278269824,1.173037191,1.067589485,1.047616353,1.027676488,1.00287173,0.9781244815,0.9498540181,0.9216590422,0.88940551,0.8572821064,0.8272211778,0.7972986421,0.7583538903,0.7198477515,0.691829426,0.6641102317,0.615134308,0.5689495326,0.5495798729,0.5319478052,0.5217260371,0.5231981802,0.5247193524,0.525290016,0.525774677,0.5267446383,0.5300994211,0.533457914,0.5373633139,0.5424544276,0.5476893368,0.5515706775,0.5547325625,0.5578994268,0.5643587072,0.5708408743,0.5758435205,0.5778705539,0.5799278965,0.5848850006,0.5912823911,0.597680247,0.5981810621,0.5987475767,0.6010571334,0.6067595456,0.6124855222,0.6136925325,0.6127194431,0.611851324,0.6166478286,0.6215101366,0.6239773917,0.6216433034,0.6194545752,0.6213839571,0.6254176806,0.6295623997,0.6262021328,0.6230266595,0.6221031761,0.6254758748,0.6290033288,0.6276000737,0.6238651545,0.6203553593,0.623292201,0.626418963,0.6272732211,0.6234385669,0.6198600599,0.6205587328,0.6234864182,0.6266237632,0.6231196551,0.6198928605,0.6187983709,0.6216465657
3.5,0.8530305271,0.8472410241,0.8413671351,0.8354346482,0.8294729742,0.8235151241,0.8175844692,0.8117380696,0.8060184765,0.8004714744,0.795145798,0.7900928254,0.7853662206,0.7810214606,0.7771147122,0.7737054671,0.7708522288,0.7686121128,0.7670406657,0.7661910349,0.7661131138,0.7668526681,0.7684522731,0.770949658,0.7743704444,0.7787363358,0.7840616857,0.7903532389,0.7976100016,0.80582333,0.8149770767,0.825056672,0.8360223663,0.8478377302,0.8604608999,0.8738452656,0.8879401756,0.9026915665,0.9180426123,0.933936874,0.9503105097,0.9671000069,0.9842430028,1.001677098,1.019340291,1.037171196,1.05510924,1.073092542,1.091058278,1.108952785,1.126720335,1.144306828,1.161659818,1.178728571,1.195464215,1.21181978,1.227738183,1.243186819,1.258124129,1.272510166,1.286306485,1.299476035,1.311982976,1.323792665,1.334850428,1.345132187,1.354614569,1.363262704,1.371039537,1.377905103,1.383815966,1.388724868,1.392572029,1.395295524,1.396872166,1.397298048,1.396651813,1.395166137,1.393330755,1.392059181,1.392987667,1.345296148,1.259171862,1.149482435,1.039916456,1.019389608,0.9989042905,0.9736921302,0.9485505489,0.9198643327,0.8912719434,0.8588597867,0.8266072166,0.7964867654,0.766532336,0.7281697002,0.6903414771,0.6628716084,0.6357507523,0.5898680578,0.5473107313,0.5310719686,0.5168098056,0.5093427487,0.5119579447,0.5146262273,0.5171011291,0.5198664946,0.5231104827,0.5273903528,0.5316734263,0.5367323117,0.5434196009,0.5502264394,0.5550464305,0.5588392505,0.562637938,0.5701072311,0.5775879431,0.5833594596,0.585715254,0.5881022329,0.5935125018,0.6004281767,0.6073485407,0.6078854291,0.6084866052,0.6108547134,0.6166772094,0.6225399847,0.6236376114,0.6224223713,0.6213071075,0.6259041113,0.6305928921,0.6327980125,0.6299760442,0.6272906129,0.6287628202,0.6323890628,0.636158469,0.6321107264,0.6282358616,0.6266435501,0.6294522525,0.6324522637,0.6303291544,0.6257548025,0.6213926474,0.6236838047,0.6262034189,0.6263758222,0.6216368049,0.6171414794,0.6170948786,0.6193984816,0.6219497078,0.6175570382,0.6134312695,0.6115256682,0.6137768736
3.6,0.8773501364,0.8722383497,0.8669112233,0.8613866249,0.855686327,0.849836051,0.8438482744,0.8377777432,0.8316615487,0.8255408764,0.8194608873,0.8134705891,0.8076226278,0.8019731011,0.7965779724,0.7915025052,0.7868129543,0.7825751826,0.7788558329,0.7757215077,0.7732378885,0.7714687859,0.770476099,0.7703190507,0.7710481942,0.7727092435,0.775341012,0.77897451,0.7836323519,0.7893282709,0.7960668304,0.8038529595,0.8126629257,0.8224738312,0.8332546631,0.8449669619,0.8575655449,0.8709993297,0.8852121663,0.9001477469,0.9157382192,0.9319143318,0.9486074615,0.9657479161,0.9832655448,1.001090172,1.019151979,1.037380212,1.055702798,1.074054769,1.092370645,1.110586612,1.128640689,1.14647285,1.164025173,1.181241873,1.198058167,1.214432115,1.230314197,1.245656805,1.260414069,1.274541799,1.28799724,1.300739077,1.312705287,1.323865662,1.334191034,1.34364042,1.35217067,1.35973571,1.366285938,1.371767915,1.376114943,1.37925788,1.381170279,1.381845811,1.381365538,1.379972941,1.378181287,1.376945813,1.377964874,1.328323158,1.238672083,1.124755857,1.011348316,0.9903807137,0.9694645673,0.9439616215,0.9185437953,0.8895797907,0.8607305891,0.8283075858,0.7960760796,0.7660101004,0.7361403433,0.6985632371,0.6616210456,0.634786805,0.6083531597,0.5659135575,0.5273139445,0.5143282031,0.5035157385,0.4988470601,0.5026662591,0.5065385023,0.5108557375,0.5157663701,0.5211311221,0.5263882015,0.5316473062,0.5378275428,0.545911594,0.5540896328,0.5598292581,0.5643259157,0.5688302319,0.577095564,0.5853647403,0.5918006541,0.5945862978,0.5974051092,0.6031604957,0.6103841257,0.6176203858,0.6183186865,0.6190806185,0.6215207781,0.6272518027,0.6330418151,0.6340552007,0.6327397368,0.6315192988,0.6357015035,0.6400014184,0.6418507375,0.6386898412,0.6356557527,0.6365732632,0.6395705387,0.6427416239,0.6381541284,0.6337254822,0.6314859587,0.6335060789,0.635751275,0.6329247415,0.6276471959,0.6225651418,0.6239896907,0.6256776246,0.6250586373,0.61953777,0.6142431183,0.6133507326,0.614819167,0.6165696725,0.6113962231,0.6064735336,0.6037609332,0.6052305737
3.7,0.8978264385,0.8938965214,0.8896552167,0.8851100159,0.8802724345,0.875158189,0.8697663561,0.8641455604,0.8583239865,0.8523344458,0.8462143944,0.8400058939,0.8337556184,0.8275147308,0.8213327348,0.8152742712,0.8094067289,0.8037976218,0.7985173753,0.7936387573,0.7892361138,0.7853845894,0.7821588898,0.779634188,0.7778826453,0.7769714651,0.7769628339,0.7779126573,0.7798693768,0.782872894,0.7869537336,0.7921419025,0.7984380085,0.8058407245,0.8143382162,0.8239084459,0.8345197571,0.846131651,0.8586955452,0.8721613567,0.8864627874,0.9015294316,0.9172901146,0.9336707639,0.9505953314,0.9679865024,0.9857662814,1.003855835,1.022174286,1.040645162,1.059192887,1.077743521,1.096224994,1.1145673,1.132702715,1.150565913,1.168084025,1.185204533,1.201869191,1.218021894,1.233608603,1.248577173,1.262877213,1.276459948,1.289255542,1.301226735,1.312337711,1.322540635,1.331785551,1.340019509,1.347186022,1.353224732,1.358061235,1.361618435,1.363865887,1.364794267,1.364486648,1.363196951,1.361461552,1.360276021,1.361395043,1.309942581,1.21695335,1.099065017,0.9821152118,0.9608486334,0.9396448795,0.9139780045,0.8884118591,0.8593247585,0.8303755386,0.7980851893,0.7660195581,0.7361279928,0.7064644611,0.6698454537,0.633961743,0.6078424877,0.5821747657,0.5434134764,0.5089502378,0.4992457768,0.4918553688,0.4899307628,0.4949543148,0.500026446,0.506075902,0.5129578332,0.5202560028,0.5264880611,0.5327207853,0.5399561665,0.5492442542,0.5586022727,0.5652148852,0.5704415656,0.5756790208,0.5845618702,0.5934450872,0.6004508531,0.6037259652,0.6070377608,0.613051565,0.6204240099,0.6278193363,0.6287678144,0.6297805832,0.6323033199,0.6377918598,0.6433577478,0.6443103495,0.643006377,0.6417933441,0.6454114059,0.6491700592,0.6506021694,0.6472278118,0.643970746,0.6442740139,0.6464856214,0.64889663,0.6439007983,0.6390490672,0.636197075,0.6372681208,0.6385911776,0.6350905675,0.6292380514,0.6235621384,0.6239603425,0.6246488695,0.6231631441,0.6169801903,0.6110024759,0.609201128,0.6096757335,0.6104589302,0.604612688,0.5989965969,0.5954998288,0.5960517861
3.8,0.9131421705,0.9107017946,0.907896523,0.9047213974,0.9011756828,0.8972630395,0.8929678097,0.8883292963,0.8833644976,0.8780953703,0.8725489459,0.8667573644,0.8607579551,0.8545932727,0.8483020661,0.8419435943,0.8355813168,0.8292786744,0.8231036926,0.817128603,0.811429325,0.8060848737,0.801175095,0.7967832454,0.7929964859,0.7898970916,0.7875650808,0.786076847,0.7855036448,0.7859101928,0.7873531726,0.7898885713,0.7935460155,0.7983507551,0.8043162796,0.8114440571,0.8197236173,0.8291328669,0.8396386688,0.8512044644,0.8637728136,0.8772787539,0.8916541895,0.9068255771,0.9227150814,0.9392415826,0.956321657,0.9738704952,0.9918001535,1.01002354,1.028455693,1.0470129,1.065613095,1.084176219,1.102624507,1.120882719,1.138869846,1.156521967,1.173771481,1.190553242,1.206804393,1.222464276,1.237474219,1.25177737,1.265295761,1.277984234,1.289799495,1.300686222,1.310586928,1.319441108,1.327184629,1.333749422,1.339052578,1.343008318,1.345581214,1.346758281,1.346624137,1.345442847,1.343773423,1.342650632,1.343879666,1.290753517,1.194598708,1.072969025,0.9527515602,0.9313301048,0.9099835056,0.8842692938,0.8586715754,0.8296050062,0.8007001295,0.7686558877,0.7368689527,0.7072483673,0.6778873301,0.6423322848,0.6076066105,0.5822416985,0.5573753191,0.5223524508,0.4919968026,0.4854889419,0.4813737371,0.4820367428,0.4882005719,0.4944049505,0.5020326447,0.5106818447,0.5197013318,0.5268506351,0.5339999383,0.5421929689,0.5525076457,0.5628714695,0.5702839118,0.5762183017,0.5821682751,0.5915315793,0.6008952869,0.6083885125,0.6121684977,0.615990323,0.6221996485,0.6296181651,0.6370705924,0.6383183099,0.6396323215,0.6422447947,0.6474077131,0.6526640516,0.6535781905,0.652363455,0.651236541,0.6542179383,0.6573575595,0.6583505461,0.6548612692,0.6514802643,0.6511563027,0.6525065353,0.6540741602,0.6487824115,0.6436198174,0.6402069387,0.6402530591,0.6405683751,0.6364422894,0.6301326704,0.6239793727,0.623276665,0.6228799896,0.620503557,0.6137747573,0.6072275754,0.6045081027,0.6039094855,0.6036345347,0.5972244472,0.5910201742,0.5867892261,0.5863621798
3.9,0.9228166576,0.9219547712,0.9207213156,0.9190972215,0.9170678942,0.914623262,0.9117322474,0.9084221346,0.9046970111,0.9005662377,0.8960445714,0.8911522651,0.8859151736,0.8803648801,0.8745267648,0.8684516689,0.8621956639,0.855814396,0.8493692198,0.8429270092,0.8365599237,0.8303449618,0.8243605307,0.8186908547,0.8134311265,0.8086712862,0.8045019222,0.8010129407,0.7982920953,0.796423406,0.7954854394,0.7955562684,0.7966942101,0.7989513848,0.8023685694,0.8069741765,0.8127836804,0.8197992335,0.8280097257,0.8373987767,0.8479253486,0.8595371714,0.8721759585,0.8857748976,0.9002599348,0.9155510718,0.931563618,0.9482104197,0.9653994667,0.9830352823,1.001025293,1.019277346,1.037700365,1.056204888,1.074703529,1.093111361,1.111339686,1.129312693,1.146953266,1.164186902,1.180941588,1.197147718,1.212737866,1.227646606,1.241787557,1.255106839,1.267552837,1.279061988,1.289568483,1.299003446,1.307294161,1.314363858,1.320120186,1.324467623,1.327364594,1.328793587,1.328840091,1.327777958,1.326188612,1.325145153,1.326497532,1.27178823,1.17256741,1.047340967,0.9240466263,0.9025827384,0.8812051401,0.8555233287,0.82997257,0.801027034,0.7722656778,0.7405232957,0.7090676675,0.6797613525,0.6507433449,0.6162609329,0.5826892871,0.5580516911,0.5339526282,0.5025205467,0.4760170092,0.472506497,0.4714073299,0.4744117511,0.4815959762,0.488810796,0.4978289652,0.508021616,0.518535608,0.5264989834,0.5344633168,0.5434930922,0.5546748401,0.5658890112,0.5740083634,0.5805891302,0.5871922065,0.5969370711,0.6066849589,0.6145961094,0.6188618969,0.6231761998,0.6295411151,0.6369536629,0.6444106668,0.645977809,0.6476143003,0.6503251629,0.6551418098,0.6600644421,0.6609680621,0.6598982459,0.6589137853,0.6612593728,0.6637744679,0.6643494969,0.6608303354,0.657410716,0.6564971728,0.6569923165,0.6577140426,0.6522346825,0.6468693569,0.6429745687,0.6420094436,0.6413196301,0.6366492072,0.6300058052,0.6234973832,0.6217130297,0.6202377069,0.6170115619,0.6098666046,0.602877532,0.5992981667,0.5976395308,0.5963063215,0.5894596715,0.5827913365,0.5779191773,0.5765411114
4,0.9273071408,0.927906304,0.9281739869,0.928075852,0.9275821027,0.9266676928,0.9252856743,0.9234490259,0.9211475951,0.918376822,0.9151378518,0.9114376797,0.9072892894,0.9027118304,0.8977159876,0.8923422177,0.8866371156,0.8806462696,0.8744218294,0.8680223926,0.861512964,0.8549647151,0.8484501361,0.8420494239,0.8358602655,0.8299743102,0.8244863363,0.8194931314,0.8150922008,0.8113802348,0.808451523,0.8063999853,0.8053086594,0.8052531857,0.8062995665,0.8085026154,0.8119046169,0.8165343271,0.8224062051,0.8295283162,0.8378817209,0.8474329143,0.8581395651,0.8699476238,0.8827926927,0.8966013219,0.9112924804,0.9267810921,0.9429750433,0.9597735811,0.9770791645,0.9947933492,1.012817727,1.031054732,1.049408346,1.067784595,1.086087941,1.104230554,1.122125843,1.139689868,1.156841229,1.173501016,1.189592608,1.205041501,1.219752546,1.233662275,1.246709804,1.258822448,1.269925198,1.279939719,1.288783638,1.296370269,1.302596548,1.307355908,1.310599273,1.312303513,1.312554236,1.311634649,1.310148605,1.309207269,1.310700535,1.254402736,1.152077725,1.023236918,0.8968941483,0.8754288344,0.854059337,0.8284205896,0.8029249269,0.7741219658,0.7455223117,0.714052597,0.6828939014,0.6538676085,0.6251537803,0.5916384534,0.5590993968,0.5350890027,0.5116494287,0.4834733158,0.4603874629,0.4595956031,0.4611864759,0.4662396644,0.474292308,0.4823655415,0.492579125,0.5040987625,0.5158919879,0.5245425791,0.533197372,0.5429376532,0.5548560385,0.5667942078,0.5755235957,0.582668924,0.5898451799,0.5999111749,0.6099844878,0.6182625941,0.6229769578,0.6277477179,0.6342521724,0.6416512878,0.6491042333,0.6509966538,0.652962104,0.6557873919,0.6602893856,0.6649062329,0.6658387436,0.6649604261,0.6641652501,0.6659367534,0.6678830712,0.6681017758,0.6646360632,0.6612612259,0.6598417348,0.6595588205,0.6595035991,0.6539518671,0.6484989792,0.6442322407,0.6423490521,0.6407372941,0.6356413797,0.6288039519,0.6220796888,0.6193190956,0.6168591139,0.6128911316,0.6054844358,0.5982068085,0.5938941195,0.591279102,0.5889790493,0.5818530459,0.5748759922,0.5695063169,0.5672937745
4.1,0.9275030035,0.9292791673,0.9308097011,0.9320443693,0.9329374651,0.9334480483,0.9335131711,0.9331294291,0.932271257,0.9309189527,0.9290588402,0.9266834147,0.9237915686,0.9203887473,0.9164701043,0.9120641001,0.9072062328,0.9019305671,0.8962783369,0.8902980701,0.8840455024,0.8775835495,0.870976125,0.8642961177,0.8576399624,0.8510968786,0.8447611937,0.8387314648,0.833109417,0.8279986676,0.8235032352,0.819726631,0.8167713631,0.8147315814,0.8136943294,0.8137376108,0.814928559,0.8173217886,0.8209579779,0.8258712185,0.832067882,0.8395373716,0.8482579233,0.858193324,0.869294044,0.8814983765,0.8947339314,0.908922355,0.9239757235,0.9397916372,0.9562706755,0.973310714,0.9908081363,1.008658978,1.026759813,1.045008612,1.063303907,1.081545972,1.099638877,1.117489146,1.13500578,1.152100171,1.168685982,1.184678972,1.199974676,1.21449899,1.228180624,1.240936705,1.25268178,1.26332679,1.272778281,1.2809382,1.287691117,1.292917811,1.296560199,1.298588268,1.299086808,1.298348101,1.296998702,1.296188522,1.29784385,1.239834567,1.13420372,1.001541076,0.871987532,0.8504760884,0.829067213,0.8034038034,0.7778921467,0.7491658024,0.7206571535,0.6893455895,0.6583631892,0.6295087074,0.6009856317,0.5682342004,0.5365093873,0.5129738609,0.4900356149,0.4646609213,0.4444661437,0.4460821197,0.4500207298,0.4568252767,0.4655841163,0.4743549195,0.4855823342,0.4982390386,0.5111252248,0.5203306589,0.5295460873,0.5398783078,0.5524357593,0.5650039917,0.5742540828,0.581877263,0.5895416882,0.5999014112,0.6102737423,0.6188878356,0.6240097261,0.6291967711,0.6358454384,0.6432567773,0.6507299579,0.6529524718,0.6552519831,0.6582184162,0.6624730809,0.6668482321,0.6678634775,0.6672264641,0.6666703872,0.6679696161,0.6694441756,0.6693994368,0.6660798533,0.6628425326,0.6610346372,0.660098493,0.6593848856,0.6538925568,0.6484841947,0.6439847048,0.6413315803,0.6389385046,0.6335717512,0.6267050199,0.6199301354,0.6163601004,0.6130739143,0.6085269393,0.6010450706,0.593665944,0.5888020804,0.5854031675,0.582299806,0.5750879261,0.567995789,0.5623209933,0.5594589842
4.2,0.9245461784,0.9270936232,0.9295248668,0.9317741892,0.9337798995,0.9354847356,0.9368099439,0.9377340176,0.938214926,0.9382166629,0.9377094982,0.9366702032,0.9350823032,0.93293628,0.9302109992,0.9269213053,0.9230901052,0.9187385975,0.9138958045,0.9085986977,0.9028922009,0.8968292339,0.8904632724,0.8838577383,0.8771050807,0.8702892294,0.863500776,0.8568363881,0.8503979161,0.844291426,0.8386258972,0.8335092316,0.8290583902,0.8253810945,0.8225808026,0.8207546425,0.8199912848,0.8203688282,0.8219528823,0.8248031996,0.8289526084,0.8344156165,0.8411939946,0.8492731005,0.8586224379,0.8691965175,0.8809361022,0.893773994,0.9076306879,0.922405836,0.9380014407,0.954314483,0.971238494,0.9886649097,1.006484401,1.024587836,1.042868892,1.061215938,1.079523729,1.097689107,1.115611008,1.133190532,1.15033085,1.166937057,1.182894436,1.198116915,1.212521471,1.226013627,1.238495994,1.249867218,1.260021147,1.268846657,1.276214262,1.281990124,1.286105811,1.288523135,1.289325266,1.288813444,1.287637795,1.286988545,1.288827514,1.228874266,1.119585107,0.9827158575,0.8496079897,0.827926689,0.8063518391,0.780526751,0.7548586902,0.7260660036,0.6975004255,0.666166419,0.6351742015,0.6063323061,0.5778364892,0.5455877097,0.5144057645,0.4911794049,0.4685751201,0.4455220329,0.4277062182,0.4314400053,0.4374198724,0.4457140769,0.4550279877,0.4643474272,0.4764406523,0.4900895796,0.5039283571,0.5135685895,0.5232270985,0.5340537531,0.5471910549,0.5603331465,0.5700340351,0.5780586162,0.5861361908,0.596792609,0.6074675785,0.6164094348,0.6219063687,0.6274778338,0.6342937916,0.641766777,0.6493085069,0.6518737248,0.6545200327,0.657665489,0.66175928,0.6659768904,0.667140993,0.6668031782,0.666544107,0.6674891318,0.6686068975,0.6684076477,0.665336576,0.6623394789,0.6602745473,0.6588277329,0.6575944855,0.6523056408,0.6470868576,0.642508515,0.6392528133,0.6362415764,0.6307773396,0.6240627107,0.6174203576,0.6132293765,0.6093012196,0.6043638686,0.5970135676,0.5897420433,0.5845330967,0.5805508892,0.57684051,0.5697579533,0.5627684774,0.5570062989,0.5537066796
4.3,0.9195956363,0.9224067769,0.9252721845,0.9281125712,0.9308514596,0.9334158293,0.9357120168,0.9376992714,0.939318334,0.9405159014,0.9412450252,0.9414654517,0.9411439376,0.9402545481,0.9387589513,0.9366565889,0.9339559402,0.9306638906,0.9267957656,0.9223754516,0.9174355332,0.9120173047,0.9061622506,0.8999225219,0.8933842088,0.8866236861,0.8797252956,0.8727809409,0.8658894143,0.8591556457,0.8526896632,0.8465996044,0.841012296,0.8360444825,0.831811579,0.8284255466,0.8259927579,0.82461157,0.8243701034,0.8253521747,0.8276167856,0.8312043202,0.8361418095,0.8424387792,0.8500871107,0.8590613586,0.8693195965,0.8808099889,0.8934656432,0.9071921276,0.9218963139,0.9374773026,0.9538282427,0.9708380332,0.9883928941,1.006377725,1.024682278,1.04318298,1.061765215,1.080315733,1.098722819,1.116876439,1.134668262,1.151991511,1.168719948,1.184754026,1.19999743,1.214342446,1.227678107,1.239889039,1.250854664,1.260449063,1.268526947,1.274938089,1.279602497,1.282472745,1.283629906,1.283384621,1.282412117,1.281945878,1.283986246,1.221771106,1.108352469,0.9667515695,0.8296016334,0.8075700888,0.7856465772,0.7594745594,0.7334620675,0.7044057486,0.6755817008,0.6440070204,0.6127829569,0.5837737238,0.5551229489,0.5231011449,0.4921839266,0.4691260486,0.4467185166,0.4255614937,0.4097077259,0.4153236657,0.4231030972,0.4326812503,0.4424222687,0.4521648468,0.4650174571,0.479564095,0.4942649573,0.5042423462,0.5142486041,0.5254994627,0.5391947258,0.552891259,0.5629982383,0.5713672091,0.5798021768,0.590784144,0.6017912974,0.6110754265,0.6169311936,0.6228714279,0.6298933164,0.6374931201,0.6451680201,0.6481014745,0.6511203274,0.6544931342,0.6585184195,0.6626696272,0.6640576633,0.6640867484,0.6641926537,0.6648983153,0.6657726337,0.665529775,0.6628163805,0.6601694623,0.6579742462,0.656150458,0.6545296824,0.6495925776,0.6447133258,0.6402083229,0.6365031318,0.6330255334,0.6276355039,0.6212574554,0.6149349792,0.6102936599,0.6058934483,0.6007470067,0.5937365157,0.5867847269,0.5814248724,0.5770434198,0.5729099395,0.5661712033,0.5595033303,0.5538657331,0.5503200165
4.4,0.9139186831,0.9163968231,0.9191347457,0.9220438994,0.9250362215,0.9280252068,0.9309046268,0.9336143322,0.9360779089,0.9382243287,0.9399886177,0.9413123744,0.9421442713,0.9424405291,0.9421446604,0.9412386824,0.9397146583,0.9375634529,0.9347849765,0.931388367,0.9273921273,0.9228242192,0.917712494,0.9120960592,0.9060522391,0.8996476677,0.8929581281,0.8860681628,0.879070706,0.8720664254,0.8651629548,0.8584649624,0.8521049637,0.8462045323,0.8408866464,0.836273862,0.832486051,0.8296381143,0.8278374166,0.8271891707,0.8277770731,0.8296669293,0.8329115159,0.837545988,0.843586977,0.8510321768,0.8598606125,0.8700397145,0.8815192626,0.8942148129,0.9080417914,0.9229047232,0.9386992066,0.9553139005,0.9726323853,0.9905348412,1.00890819,1.027616939,1.046537076,1.06554485,1.08451717,1.103331938,1.121868136,1.140005802,1.157605671,1.174553162,1.190737068,1.206034861,1.220320338,1.233462512,1.24532482,1.255765138,1.264620927,1.27172446,1.276983385,1.280340655,1.281875551,1.281909349,1.281145143,1.280864456,1.283114422,1.218264175,1.100165259,0.9532109024,0.8114307998,0.7888384448,0.7663544337,0.7396250134,0.713055964,0.6835088016,0.6541964038,0.6221546203,0.5904711513,0.561123761,0.5321476712,0.5001062461,0.4692145048,0.4462433196,0.4239597262,0.4043997164,0.3902559595,0.3975974411,0.4070187283,0.4177437079,0.4278160413,0.4378884,0.4514369973,0.4668342118,0.4823527028,0.4925989417,0.5028869199,0.5145214547,0.5287832328,0.5430450119,0.5535403594,0.5622222691,0.5709845549,0.5823388615,0.5937262009,0.6033864009,0.6096051499,0.6159191524,0.6231964851,0.6309949325,0.6388751513,0.6422158866,0.645646975,0.6493026798,0.6533456769,0.657516598,0.6592058807,0.6596754992,0.6602208041,0.6607824034,0.6615084179,0.6613204458,0.6590712173,0.6568823405,0.6546615319,0.6525635198,0.6506579819,0.6462096913,0.6418093553,0.6375087501,0.6334650175,0.6296325877,0.6244629085,0.6185876175,0.6127547507,0.6077826619,0.6030313883,0.5978173344,0.591330042,0.5848860264,0.5795233664,0.5748712572,0.5704455428,0.5642351701,0.5580787558,0.5527380119,0.5490766058
4.5,0.9089306174,0.9104260366,0.9124086198,0.9147879905,0.9174705875,0.9203612297,0.9233455939,0.9263460641,0.929270587,0.932031211,0.9345450311,0.9367350942,0.9385311527,0.9398704034,0.9406775926,0.9409152418,0.9405569183,0.9395756827,0.9379541803,0.9356849363,0.9327705064,0.9292236104,0.925056788,0.9202943032,0.9150021023,0.9092349578,0.903057785,0.8965453865,0.8897821678,0.8828617077,0.8758860876,0.8689531335,0.8621971036,0.8557403598,0.8497093046,0.844232641,0.8394394084,0.83545678,0.8324074443,0.8304142878,0.829583043,0.8300032231,0.8317524512,0.8348916425,0.8394633145,0.8454903709,0.852975558,0.861908862,0.872260383,0.8839597684,0.8969347839,0.9110988641,0.926353165,0.9425887197,0.9596885878,0.9775297818,0.9959974708,1.014944809,1.034238485,1.053743962,1.073326235,1.092850276,1.112181345,1.13118511,1.149707814,1.167618566,1.184790006,1.201083468,1.21635626,1.23046061,1.243242992,1.254544232,1.26418396,1.271976495,1.27781737,1.281640535,1.283524797,1.283804604,1.283215059,1.28309273,1.285546368,1.217663216,1.094296321,0.9413216205,0.7942773422,0.7709115843,0.7476545075,0.7201564541,0.6928194779,0.6625519781,0.6325214031,0.5998089574,0.5674648835,0.5376452011,0.508213491,0.4759785357,0.4449574192,0.422073806,0.399929414,0.3818584857,0.3693958753,0.3783991276,0.3893959562,0.4012022048,0.4115465684,0.4218918214,0.4361055066,0.4523353077,0.4686545743,0.4791309295,0.4896646268,0.5016656466,0.5165121,0.531359967,0.542245128,0.5512327344,0.5603171417,0.5720895278,0.5839051068,0.5939810997,0.6005834959,0.6072935812,0.614874984,0.6229346529,0.6310842409,0.6348775975,0.6387677249,0.6427602272,0.6468873639,0.6511453744,0.6532033077,0.6541818652,0.655236494,0.6557178443,0.6563600534,0.6562991977,0.6546020528,0.6529610784,0.6507846904,0.6484724901,0.6463428855,0.6424889962,0.6386758054,0.6346721351,0.630347202,0.6262182588,0.6213690499,0.6161201641,0.6109041861,0.6056586641,0.6006152068,0.595416828,0.5895853079,0.5837861304,0.5785063665,0.5736439599,0.5689885639,0.5634361333,0.5579257997,0.5529934154,0.5492749219
4.6,0.9060403066,0.9059183525,0.906511898,0.9077393075,0.9095107911,0.9117303851,0.9142829521,0.9170779923,0.920011629,0.9229815919,0.9258887149,0.9286383053,0.9311413362,0.9333155257,0.9350667952,0.9363364617,0.9370776858,0.9372440176,0.9367990609,0.9357168252,0.9339819594,0.9315899504,0.9285363422,0.9248287253,0.9205188531,0.9156474873,0.9102664023,0.9044382986,0.8982365296,0.8917448286,0.8850568574,0.8782604594,0.8714879259,0.8648587181,0.8584986231,0.8525383021,0.847111595,0.842353484,0.8383976824,0.8353802653,0.8334255086,0.8326437895,0.8331354293,0.8349858547,0.838263202,0.8430163111,0.8492733235,0.8570489368,0.8663364162,0.877083363,0.889233392,0.9027123082,0.9174300565,0.9332829064,0.9501557711,0.9679243853,0.9864732721,1.005645439,1.02529864,1.04528766,1.06546523,1.08568289,1.105791421,1.125641307,1.145063092,1.163908818,1.182034269,1.199283863,1.215497812,1.230511099,1.244153005,1.25624733,1.266596232,1.274996832,1.281333763,1.28553368,1.287677571,1.2881168,1.287624069,1.287599972,1.290235723,1.21893361,1.089728293,0.9300883807,0.7771710959,0.7528451254,0.7286296696,0.7001769036,0.6718876866,0.6406990536,0.6097522746,0.576220623,0.5430742126,0.5127083396,0.4827551675,0.4502676446,0.4190911789,0.396389366,0.3744982778,0.3580513847,0.3475039682,0.3581951749,0.3707826168,0.3836641678,0.3942523234,0.4048449856,0.4196984225,0.4367347199,0.4538291618,0.4645147989,0.4752774207,0.4876315952,0.5030531442,0.51848168,0.5297558417,0.5390524741,0.5484658135,0.5606689944,0.5729295121,0.5834409078,0.5904483665,0.597578991,0.6054912496,0.6138415202,0.6222925773,0.6265726239,0.630958497,0.6353238901,0.6395669722,0.6439455882,0.6464119602,0.6479438113,0.6495544651,0.649983183,0.6505700826,0.650671859,0.6495764925,0.6485354832,0.6464359203,0.6439315735,0.641600228,0.6383955586,0.6352269482,0.6315660456,0.6269780922,0.6225707961,0.6180885709,0.6135293445,0.6089966632,0.6034960807,0.5981787464,0.5930298497,0.5879214817,0.5828381694,0.577679693,0.5726278811,0.56776373,0.5629345767,0.5581396651,0.5536712567,0.5499172042
4.7,0.9062320338,0.9039642649,0.9026177881,0.9021320659,0.9024326267,0.9034331394,0.9050273592,0.9071193645,0.9095996444,0.9123564323,0.9152778381,0.9182538032,0.9211778856,0.923948873,0.9264545515,0.9286139224,0.9303580774,0.9316195833,0.9323412966,0.9324768057,0.931990855,0.9308596396,0.9290598778,0.9265805143,0.9234562971,0.9197117509,0.9153832676,0.9105190941,0.9051791248,0.8994347226,0.89336842,0.8870552782,0.8806222837,0.8741826541,0.8678579724,0.8617770588,0.8560744905,0.8508888656,0.8463606466,0.8426344948,0.8398493259,0.8381330925,0.8376058414,0.8383753036,0.8405339117,0.844156052,0.8492958456,0.8559938554,0.8642684465,0.8740885919,0.8854169137,0.8981948854,0.9123444466,0.9277700841,0.9443611686,0.961994373,0.9805547248,0.9998768936,1.019810517,1.040200087,1.060886208,1.081706785,1.102497854,1.123094252,1.143310101,1.162980139,1.181943147,1.200026457,1.217053175,1.232841291,1.247203323,1.259946853,1.270857702,1.27971748,1.286401896,1.29083299,1.293097359,1.293567903,1.293061203,1.293051534,1.295836281,1.220790069,1.085271241,0.918441886,0.7591704223,0.7337534631,0.708451784,0.6789136409,0.6495453063,0.61729995,0.5853075788,0.5508940178,0.5168943035,0.4859849559,0.4555260258,0.4228706126,0.3916716612,0.3693295079,0.3478950098,0.3334598344,0.3253108926,0.3377785841,0.3520199021,0.3659993204,0.37681411,0.3876410079,0.4030778935,0.4208433057,0.4386379029,0.4495055971,0.4604762873,0.4731463783,0.489068206,0.5050093886,0.5166405924,0.5262352515,0.5359721305,0.5485555602,0.5612162522,0.5721341189,0.5795437933,0.5870969025,0.5953228443,0.6039385859,0.6126695514,0.6174354672,0.6223201104,0.6270578848,0.6314043971,0.6358929446,0.63876253,0.6408470629,0.6430160756,0.6433878215,0.6439154578,0.6441751956,0.643676452,0.6432326522,0.6412119406,0.6385184525,0.6359876189,0.6334254034,0.630896751,0.6275816055,0.6227441824,0.6180705056,0.6139567849,0.6100858657,0.6062373691,0.600509765,0.5949444913,0.5898624833,0.5854828647,0.5811234354,0.5761179371,0.5709174367,0.5658827571,0.5617882865,0.5577228016,0.55374646,0.5500070652
4.8,0.9099150156,0.9051071697,0.9013837523,0.8987179535,0.8970632414,0.8963550596,0.8965077245,0.8974300095,0.8990153855,0.9011496951,0.9037139237,0.9065868256,0.9096474098,0.9127772371,0.9158474831,0.9187542817,0.9214054044,0.9237111086,0.9255917478,0.9269784983,0.9278140208,0.9280528585,0.9276507846,0.9265757934,0.9248425407,0.9224567407,0.919436883,0.9158141505,0.9116323637,0.906947842,0.9018291784,0.8963357174,0.8905859527,0.8846836281,0.8787427248,0.8728865808,0.8672466972,0.8619613125,0.8571735124,0.8530318407,0.8496859827,0.8472779728,0.8459442622,0.8458121401,0.8469963896,0.8495958643,0.8536905345,0.8593473546,0.8666111806,0.8754756662,0.8859255291,0.8979213169,0.9114004994,0.9262792388,0.9424545381,0.9598067944,0.9782231833,0.9975327065,1.017578311,1.038195171,1.059212409,1.080454663,1.101743378,1.122897808,1.143715408,1.164013822,1.183615132,1.202329868,1.219964507,1.236320747,1.251195302,1.264380811,1.275648383,1.284766345,1.291603881,1.296081475,1.298295152,1.298644101,1.29799489,1.297904413,1.300798847,1.22178846,1.079647687,0.9053147921,0.7394279153,0.7128668927,0.6864303024,0.6557540586,0.6252598725,0.5919145214,0.5588433377,0.5235903591,0.4887973624,0.4574341051,0.4265784666,0.393996383,0.3630815717,0.3413507473,0.3206567479,0.3088462038,0.3037664186,0.3181155144,0.3340735463,0.3491569214,0.3601557711,0.3711808816,0.3870803812,0.4054160258,0.4237591639,0.4347400221,0.4458595082,0.4587554684,0.4750185555,0.4913234274,0.5032209803,0.513056316,0.5230675645,0.5359048909,0.5488465344,0.560075287,0.567832468,0.5757599757,0.5842249893,0.5930194076,0.6019471512,0.6071424909,0.6124743017,0.6175337403,0.6219277532,0.6264715364,0.6296861702,0.6322657587,0.6349386756,0.6352286471,0.6356716246,0.6360511365,0.6360875529,0.6361815265,0.6342264968,0.6313516188,0.6286271685,0.6266488829,0.6247030342,0.6217121936,0.61667118,0.6117742976,0.6080117867,0.6047835493,0.6015748182,0.5957064851,0.5899764313,0.5850054924,0.581327154,0.5776653753,0.5728852128,0.5676544821,0.5625642263,0.5591947375,0.5558502806,0.5524082692,0.5488227068
4.9,0.9169873414,0.9093643882,0.9029314586,0.8977068534,0.893684444,0.8908343297,0.8891043753,0.888420394,0.8886898117,0.8898056544,0.8916497273,0.8940958882,0.8970132573,0.9002693027,0.9037212087,0.9072424107,0.9107165535,0.9140303843,0.9170799479,0.9197718029,0.9220239401,0.9237665071,0.9249316799,0.925463656,0.9253533625,0.9245846867,0.9231551441,0.9210758567,0.9183715492,0.9150804546,0.9112541791,0.9069330507,0.9022237693,0.8972172972,0.8920165424,0.8867357151,0.881499414,0.8764415117,0.8717035766,0.8674331161,0.8637865348,0.8609161667,0.8589710675,0.8580948081,0.8584218248,0.8600736415,0.8631552646,0.8677598446,0.8739596415,0.8817761923,0.8912194691,0.9022728791,0.9148935836,0.9290136896,0.9445420538,0.9613666945,0.9793796779,0.998408284,1.018291321,1.03885668,1.059923595,1.081304685,1.102807742,1.124237158,1.145374192,1.166020117,1.18598097,1.205051162,1.223021356,1.239677925,1.254803002,1.268175654,1.279554126,1.288695783,1.295465586,1.299785403,1.30176427,1.301831926,1.300909952,1.300644788,1.303609412,1.220552447,1.071699625,0.8898231232,0.7173437194,0.6896756692,0.6621467831,0.6303705369,0.5987965854,0.5644139896,0.5303405282,0.4943973526,0.4589838995,0.4273434963,0.3962952209,0.3641670331,0.333999732,0.3131912087,0.2935881331,0.2851458431,0.2838531676,0.3001408644,0.3178181868,0.3339457341,0.3450226385,0.3561503146,0.3723154177,0.3909836836,0.4096520625,0.4206089108,0.4317528911,0.4447204381,0.4610999975,0.4775564934,0.4895640092,0.4995167554,0.50968944,0.522599196,0.5356475716,0.5470334371,0.555019448,0.5632104807,0.5717902934,0.5806322351,0.589628283,0.5951377512,0.6008065433,0.6060886774,0.6104453054,0.6149593323,0.6184169392,0.6213833044,0.6244545847,0.6246299867,0.6249537359,0.6253953227,0.6258666351,0.6263992867,0.6244950736,0.6214635691,0.6185676927,0.6170913059,0.6156466076,0.612956933,0.6078038509,0.602772609,0.5993548675,0.5967163435,0.5940946523,0.588244325,0.5825058958,0.5777425589,0.5747466695,0.5717640358,0.5673454004,0.5622962756,0.55736021,0.5547255561,0.5521123456,0.5492920519,0.5461004063
5,0.9274304728,0.9168004595,0.9073915241,0.8992764251,0.8925009228,0.8870829761,0.8830179967,0.8802638911,0.8787560042,0.8784075009,0.8791124637,0.880749496,0.8831855367,0.8862796781,0.889879891,0.8938386821,0.8980158127,0.9022739722,0.906483389,0.9105237314,0.9142855323,0.9176713344,0.9205865495,0.9229481548,0.9247189958,0.9258574193,0.9263362628,0.9261429206,0.92527939,0.9237621919,0.921622377,0.9188775068,0.9156187134,0.9119204722,0.9078708183,0.9035708591,0.899134175,0.8946859123,0.890361579,0.8863022136,0.8826662948,0.8796119121,0.8772960059,0.8758739482,0.8754958687,0.8763026921,0.8784221467,0.881971873,0.8870511529,0.8937116785,0.9019912666,0.9118997871,0.9234185227,0.9365005038,0.9510717402,0.9670331854,0.9842860059,1.002661621,1.021998992,1.042122517,1.062844791,1.083969169,1.105292112,1.126605154,1.147675088,1.168288438,1.188236604,1.20729926,1.225252656,1.2418693,1.25691833,1.270166891,1.281362446,1.290253838,1.296703907,1.300638729,1.302183548,1.301802258,1.300475363,1.29994358,1.30293949,1.215898667,1.060469617,0.8712907869,0.6925340717,0.6638889739,0.6354045367,0.6026598222,0.5701479086,0.5348979542,0.5000103773,0.4636281781,0.4278767776,0.396226007,0.3652896857,0.3341201366,0.3053061147,0.2857886263,0.2676901901,0.2633706994,0.2664621095,0.2846208771,0.3038942262,0.3208951918,0.3318578999,0.3429102635,0.3590686745,0.3777657444,0.3964767185,0.4071937623,0.4181614023,0.4309829683,0.4472147265,0.4635723874,0.4754728708,0.485348559,0.4954996211,0.5082728588,0.5212249866,0.5325733341,0.5406064595,0.5488873005,0.5574237069,0.5661607519,0.5750734273,0.5807309104,0.5865751402,0.591943191,0.5961663587,0.6005525455,0.6041233673,0.6073330407,0.610660985,0.6106927587,0.6108651382,0.6113073141,0.6120984896,0.612954851,0.6110966403,0.607956364,0.6049339782,0.6038856324,0.6028676904,0.6004755811,0.5953481196,0.5903183419,0.5872748698,0.58520275,0.583144433,0.577537409,0.5720155117,0.567618521,0.5653322845,0.563055947,0.5592023067,0.5546271508,0.5501384451,0.5482997577,0.5464789907,0.5444268701,0.5419471734
5.1,0.9415966887,0.9278761394,0.9153131782,0.9040401247,0.8941629906,0.8857589346,0.8788841281,0.873545496,0.8697229686,0.8673665422,0.8663985043,0.8667166875,0.8681983276,0.8707043648,0.8740821574,0.8781685009,0.8828021755,0.8878231884,0.8930757959,0.8984113269,0.9036904532,0.9087850255,0.9135704425,0.9179327655,0.9218019,0.9251064878,0.9277905214,0.929813545,0.9311507838,0.9317931175,0.9317471356,0.9310038355,0.9296347321,0.927694012,0.9252509566,0.9223896346,0.9192084459,0.915819455,0.9123474734,0.9089215242,0.9056970577,0.9028327577,0.9004877774,0.8988235552,0.8980003549,0.8981732944,0.8994881856,0.9020829647,0.9060808494,0.9115635395,0.9185969316,0.9272190405,0.9374383146,0.9492329228,0.9625510867,0.9773124002,0.993432164,1.010753245,1.029120674,1.048360999,1.068285329,1.08869249,1.109371838,1.130105816,1.150650263,1.170780054,1.190274642,1.208901476,1.226424755,1.242605416,1.257201758,1.269971186,1.280652773,1.288989564,1.294844159,1.298149495,1.299050016,1.298046874,1.296182649,1.295295684,1.298286743,1.207425645,1.045704152,0.8496491648,0.6651288959,0.6357091055,0.6064789476,0.5729700817,0.5397369095,0.5038717996,0.4684453064,0.4319466413,0.3962199323,0.3648952526,0.3344574319,0.3048270871,0.2780613227,0.2602324086,0.2440789725,0.2444533371,0.2521945254,0.2719541311,0.2925185618,0.310087296,0.3206668668,0.3313912937,0.3472148314,0.3655943283,0.3840272594,0.3942292387,0.404759684,0.4171762043,0.4329910224,0.4489936303,0.4605349496,0.4700886679,0.479983842,0.4924215111,0.5050817817,0.5161888138,0.5240480413,0.5322044812,0.540535691,0.5490283404,0.5577162558,0.563330473,0.5691619557,0.5744666075,0.5784767463,0.5826513376,0.5862047661,0.58950533,0.5929378588,0.5928185921,0.5928279199,0.593226476,0.5942346394,0.5953107581,0.5935167195,0.5903449437,0.5872704568,0.5866106373,0.5859788007,0.5839154608,0.5789901486,0.5741378976,0.5715471704,0.5700709444,0.5686050561,0.563509974,0.5584752514,0.5546557064,0.5531678535,0.5516866628,0.5486469231,0.5448778043,0.5411724195,0.5402462775,0.5393349068,0.538240754,0.5368113131
5.2,0.9602989835,0.9435892203,0.9278623743,0.9133082831,0.9000949111,0.8883643183,0.8782418264,0.8697988192,0.8630765074,0.8580804639,0.8547809678,0.8531147229,0.8529877652,0.8542794714,0.8568511838,0.8605352269,0.8651574198,0.8705406186,0.8765062445,0.8828783339,0.88948712,0.8961718679,0.9027755115,0.909149982,0.9151875742,0.9207830425,0.9258473214,0.9303079242,0.9341091842,0.9372123924,0.9395958064,0.9412205004,0.9421342261,0.9423673564,0.9419669442,0.9409964769,0.9395355259,0.937679266,0.9355377093,0.9332230635,0.9308829213,0.9286713947,0.926744099,0.925262409,0.9243902211,0.9242902096,0.9251197112,0.9270302979,0.9301630684,0.9346260049,0.9405097481,0.947878597,0.9567678348,0.9671819811,0.9790941515,0.9924465217,1.007172452,1.023133141,1.040185868,1.058165629,1.07688841,1.096154615,1.115752334,1.135460363,1.155028824,1.174225681,1.192822669,1.21057893,1.227250239,1.242589302,1.25634665,1.268272829,1.278101482,1.28557294,1.290551572,1.292979936,1.293024669,1.291227418,1.288696147,1.287370367,1.290325956,1.19582044,1.028091245,0.8255924379,0.6358471497,0.6058855182,0.5761500893,0.5421132129,0.5084093419,0.4722191799,0.4365720343,0.4003063657,0.3650041236,0.3343772491,0.3048735151,0.2773822129,0.2533820091,0.2376206864,0.2238186315,0.2290861965,0.2412788245,0.2621402385,0.2835041476,0.3012159858,0.3111000828,0.3211984588,0.3363277619,0.3540205889,0.3718331359,0.3812141448,0.3910124003,0.4027466793,0.4178921083,0.4332979161,0.4442168832,0.4531781707,0.4625552867,0.4744954635,0.4867024788,0.4973813806,0.5048311014,0.5126321635,0.5206211982,0.5287739117,0.5371369735,0.5425149962,0.548141926,0.5532465883,0.5570113599,0.5609359108,0.5643647452,0.5676155884,0.5710109213,0.5707804103,0.5706615313,0.5710127466,0.5721640468,0.5733841313,0.5717117355,0.5686314552,0.565625677,0.5653601127,0.5651188771,0.5634585726,0.5589521316,0.5544954289,0.5524867659,0.5516909319,0.550901939,0.5466117073,0.5423612089,0.5393658399,0.5388157434,0.5382696656,0.5363060049,0.5336709805,0.531083111,0.5312167469,0.5313630198,0.5314226714,0.5313381583
5.3,0.9843595922,0.9650155439,0.9463699014,0.9286595557,0.9121067687,0.8969146709,0.8832760695,0.8713350008,0.8612047078,0.8529616323,0.8466430703,0.8422461398,0.8397284216,0.8390102368,0.8399880163,0.84250865,0.8464005381,0.8514815502,0.8575590888,0.8644357652,0.8719145439,0.8798031177,0.8879116529,0.8960563772,0.9040883506,0.9118650512,0.9192606694,0.926166903,0.9324934413,0.9381683378,0.9431381266,0.9473312978,0.9507680325,0.9534520569,0.9554054479,0.9566684685,0.9572992357,0.9573732925,0.9569829632,0.9562204921,0.9552219103,0.9541326603,0.9531002502,0.9522807639,0.9518358894,0.9519294128,0.952723341,0.9543753959,0.9570369695,0.9608357751,0.9658808245,0.9722572176,0.9800227472,0.9892053646,0.9998016743,1.011776535,1.025082062,1.039601601,1.055208636,1.07175143,1.089056219,1.106930705,1.125167585,1.143547863,1.161821725,1.179755827,1.197119341,1.213667938,1.229153451,1.243324464,1.255927512,1.266709678,1.275402498,1.281746791,1.285610952,1.286950056,1.285956132,1.283215112,1.279904722,1.278070671,1.280971403,1.182889653,1.009253017,0.8005297733,0.6059089537,0.5756045292,0.5455698335,0.5112130533,0.477262828,0.4410136763,0.40544552,0.3697340434,0.3352398636,0.3056724578,0.2775429534,0.2527546738,0.2321905776,0.2188050181,0.2076609754,0.2175750945,0.2336097067,0.2549117451,0.2764679856,0.2938418437,0.3027193072,0.3118882938,0.3259624083,0.3425987247,0.3594456012,0.3676977541,0.3764611263,0.3872387135,0.4014921143,0.4160872125,0.4261292067,0.4342239456,0.4428140345,0.4541510792,0.4657978983,0.4758996482,0.4827098392,0.4899277608,0.4974866055,0.5052750822,0.5132828589,0.5182477164,0.5234924051,0.5282947013,0.5318585913,0.5355707554,0.5388103826,0.5418960059,0.5451363317,0.5449072214,0.5447683896,0.545129677,0.5463857559,0.5477091797,0.5462676362,0.543463381,0.5407103688,0.5408866952,0.5410828722,0.5399402057,0.5361063654,0.5323022907,0.5310437156,0.5310510817,0.5310623551,0.527864892,0.5246920757,0.5227718507,0.5233165691,0.5238636052,0.5232028853,0.5219687953,0.5207724898,0.5220992333,0.5234381404,0.5247998565,0.5262393465
5.4,1.014074539,0.9926850769,0.9716244187,0.9511603881,0.9315542728,0.9130568963,0.8959154772,0.8803433646,0.8665250817,0.8546130018,0.8447223162,0.8369268875,0.8312565662,0.8276962762,0.8262019557,0.8266605179,0.8289260888,0.8328314068,0.8381862087,0.8447843112,0.8524104505,0.8608465795,0.8698734749,0.8792729821,0.8888536847,0.8984339558,0.9078486581,0.9169507016,0.9256120571,0.9337244422,0.9411997654,0.9479319793,0.9539104417,0.9591100284,0.9635259062,0.9671733668,0.9700874736,0.972322612,0.9739518576,0.9750461811,0.9757278727,0.9761312724,0.9763930223,0.9766606197,0.9770895659,0.9778400682,0.9790733292,0.980947086,0.9836161212,0.9872207795,0.9918811753,0.9976960616,1.004739054,1.013055579,1.022660732,1.033538278,1.045656097,1.058919024,1.073216958,1.088412812,1.104345469,1.120833165,1.137677037,1.154664579,1.171550472,1.188104871,1.204099026,1.219289587,1.233428691,1.246264767,1.257544022,1.267013355,1.274405272,1.279463988,1.282064362,1.282176826,1.28002222,1.276235178,1.272068722,1.269681735,1.272523575,1.170752176,0.9910264752,0.7759755636,0.5765299326,0.5459967569,0.5157831666,0.4812446662,0.4472051752,0.4110989603,0.3758526747,0.3409680353,0.3076342422,0.2794635361,0.253141387,0.2315937499,0.2150847729,0.2042961094,0.1959933955,0.2099842537,0.2290695717,0.2501125583,0.2712448361,0.2878189663,0.2954177061,0.3033837088,0.3160600851,0.33128035,0.3468223302,0.3536516438,0.3610840847,0.370639336,0.383800907,0.3973940367,0.4063152832,0.4132708169,0.4208029695,0.4314848321,0.4425187502,0.4519337892,0.4578818493,0.4642942173,0.4713891675,0.4788690074,0.48657146,0.4909619754,0.4956611728,0.5000977429,0.5035962796,0.5072258899,0.5102580562,0.5130855292,0.5160749922,0.5160461783,0.5160840296,0.5165822593,0.5179329485,0.5193474565,0.5182987405,0.5160220818,0.5137755726,0.5144684377,0.5151765247,0.5146924831,0.5118087648,0.5089399607,0.5086163949,0.5095620484,0.510509629,0.5086499957,0.506805706,0.5061769521,0.5079544577,0.5097335302,0.5105168544,0.5108318505,0.5111828747,0.513784371,0.5163998553,0.5191202582,0.5220910896
5.5,1.049049118,1.026332297,1.003526492,0.9809139195,0.9587773518,0.937397317,0.9170554017,0.8980209161,0.8805373493,0.8648252025,0.851075474,0.8394431421,0.8300413148,0.822936598,0.8181651846,0.8156803088,0.8153888239,0.8171639349,0.8208410775,0.8262252693,0.8330991648,0.8412311173,0.8503810684,0.8603019496,0.8707621917,0.8815415258,0.8924345694,0.9032536043,0.9138305434,0.9240182353,0.9336914038,0.9427078237,0.9510232419,0.9585818524,0.9653504662,0.9713182582,0.9764963513,0.9809173424,0.9846345651,0.9876978091,0.9902149146,0.9923082487,0.9941027465,0.9957360465,0.9973557164,0.9991160174,1.001174245,1.003684446,1.006800179,1.010668676,1.015415116,1.021145429,1.027942314,1.035861915,1.044931393,1.055147459,1.066488475,1.078876391,1.092214299,1.106377593,1.121216687,1.136560189,1.152218375,1.16798667,1.183626059,1.198912716,1.213622759,1.22751665,1.240349674,1.251872899,1.261834828,1.269984588,1.276057792,1.279804045,1.281106923,1.279954599,1.2765999,1.271730461,1.266680465,1.263729299,1.266524388,1.160793134,0.9745793004,0.7528581875,0.5484165521,0.5176769928,0.4873140145,0.4526699089,0.4186417847,0.382829912,0.3481108526,0.3143223292,0.2825254666,0.2561057713,0.2320638163,0.2143518829,0.2025197067,0.1944734836,0.1890807583,0.2064546983,0.2278347935,0.2479845398,0.2681459046,0.283530006,0.2896458582,0.2961922865,0.3071553166,0.3206072912,0.3345056999,0.3396422938,0.3454621196,0.3535323394,0.3653972432,0.3777937026,0.3853494951,0.3908879538,0.3970811489,0.407082362,0.4174809377,0.4261207343,0.4309788523,0.4363553279,0.4429921344,0.4502854721,0.4578020126,0.461459094,0.4654500857,0.4694854998,0.4731412741,0.4769082086,0.4797521027,0.4822382,0.484890116,0.4853461602,0.4858463053,0.4866747832,0.4881259312,0.4896356426,0.4891864642,0.4877500128,0.486327557,0.4876243442,0.4889321873,0.489257261,0.48760243,0.4859534842,0.4867455671,0.4887569664,0.4907692641,0.4904080954,0.4900580372,0.490866326,0.4939738477,0.4970830446,0.4993271177,0.501174177,0.503064139,0.5069588501,0.5108726156,0.5148991984,0.5192072455
5.6,1.088403726,1.065071192,1.041216243,1.017122801,0.9930805623,0.9693833722,0.9463272364,0.9242205213,0.9033475852,0.8839806531,0.8663733436,0.8507533607,0.8373148048,0.8262106741,0.817567637,0.8114246062,0.8077650283,0.8065283538,0.8076021079,0.8108276017,0.8160075966,0.822915243,0.8313038224,0.8409076283,0.851461412,0.8627095777,0.8744075348,0.8863263406,0.8982561536,0.9100087199,0.9214190921,0.9323069152,0.9425916774,0.9521850336,0.9610239491,0.9690704276,0.9763110347,0.9827562989,0.9884398996,0.9933912904,0.9977041862,1.001489358,1.004860611,1.007946191,1.010885926,1.013827926,1.016924898,1.020326116,1.02418212,1.028643654,1.033837393,1.039872139,1.046834741,1.054786665,1.063761418,1.073762836,1.084774361,1.096729144,1.109538569,1.123086237,1.137230514,1.151807594,1.166634824,1.181514187,1.196212102,1.2105106,1.224190952,1.237018008,1.248750978,1.259144463,1.26795016,1.274920343,1.279794316,1.282327613,1.282414049,1.280060904,1.275555076,1.269640292,1.263736149,1.260247372,1.263021264,1.153023442,0.9599106798,0.7311802046,0.5215773705,0.4906027707,0.4600722948,0.425393284,0.3914819796,0.3561285428,0.3221768324,0.2898459394,0.2600929388,0.2358748136,0.2147031275,0.2015487139,0.1950140079,0.1897665051,0.1872261088,0.2072672088,0.2302851859,0.2490397613,0.2677973524,0.2817038246,0.2862300735,0.2912272198,0.3002056498,0.3115503109,0.3234672774,0.3266940148,0.3306592004,0.3369885794,0.3473136831,0.3582815308,0.3642237445,0.3680719657,0.3726411878,0.3819160886,0.3916430819,0.399413111,0.4029490635,0.4070495831,0.4132454678,0.420502758,0.4279864064,0.430750694,0.4338674178,0.437480717,0.4415740878,0.4457602669,0.4484615728,0.4505293609,0.4527621364,0.4540487899,0.4553614575,0.4567627512,0.4583330548,0.4599551168,0.460337391,0.4600863058,0.4598396165,0.4618346743,0.4638374448,0.4651150563,0.4649308594,0.4647484489,0.4668126189,0.4699999761,0.47318789,0.4743603888,0.4755440582,0.4778352697,0.4823250515,0.4868177995,0.4903984411,0.4935734737,0.4968091572,0.5019647795,0.5071492922,0.5123320479,0.5175894502
5.7,1.13137211,1.108072814,1.083818412,1.058886472,1.033563691,1.008145354,0.9829263026,0.9582390686,0.9343914327,0.9116891535,0.8904306574,0.8709004621,0.8533613373,0.8380456463,0.8251685182,0.8148627979,0.8072038143,0.80221764,0.7998684583,0.8000602302,0.8026417452,0.8074144222,0.814144501,0.8225630789,0.8323822098,0.8433175837,0.855088667,0.8674259518,0.880076675,0.8928091554,0.9054158406,0.9176753671,0.9294678244,0.9406697228,0.951186031,0.9609499517,0.9699224651,0.9780915613,0.9854713228,0.9920717109,0.9979732113,1.00327611,1.008084593,1.012519159,1.016713541,1.020811231,1.024961614,1.029310414,1.034005871,1.039201392,1.045024213,1.051584302,1.058970242,1.067245701,1.076446762,1.086580165,1.097630481,1.109536437,1.122212852,1.135546882,1.149400451,1.163613314,1.178006319,1.192384895,1.206518296,1.220192064,1.233190785,1.245282221,1.256228292,1.265786062,1.273709493,1.279753134,1.28365883,1.285186839,1.284241362,1.280848476,1.275329161,1.268483698,1.261817477,1.257859664,1.260648699,1.146200393,0.9460166825,0.7102286848,0.4955781849,0.4643574365,0.4336653474,0.3991007992,0.3655057697,0.3308791151,0.2980714416,0.2677573764,0.2407871353,0.2193851897,0.2018272778,0.1939852751,0.1931712,0.1906220156,0.1907025793,0.21263657,0.2366635851,0.2537020604,0.2707715472,0.2830395744,0.2859901048,0.2894214752,0.2962244128,0.3051681145,0.3147890053,0.3159905632,0.3179454574,0.3223067956,0.3307840395,0.3400217527,0.3441149054,0.3460414206,0.3487283652,0.3571461648,0.3660880364,0.3728568204,0.3748619868,0.377459712,0.3832064523,0.3905434645,0.398120304,0.3998583002,0.4019544045,0.4051357031,0.4099541661,0.4148536182,0.4174853686,0.4190891903,0.4208500278,0.4233335016,0.4258316169,0.4280764991,0.4298200765,0.431607001,0.4330589449,0.4343296685,0.4356010869,0.4384079763,0.4412202145,0.4435809524,0.4450303751,0.4464804412,0.4499346049,0.4543912846,0.4588487381,0.4614376164,0.464042473,0.4677461148,0.4736257095,0.4795120881,0.484168605,0.4882862557,0.4924957358,0.4988377983,0.5052259429,0.5113351835,0.5169903147
5.8,1.177445454,1.154771479,1.130711564,1.105532205,1.079511134,1.052937547,1.02609451,0.999328202,0.9729564909,0.9473034286,0.9226956755,0.8994575005,0.8779041831,0.8583338261,0.8410391993,0.8262451866,0.8141242838,0.8048012652,0.7983358441,0.7947186135,0.7938709726,0.7956492594,0.7998569022,0.8062422683,0.8145103867,0.8243585269,0.8354759009,0.8475543243,0.8602971604,0.8734263532,0.8866876633,0.8998140766,0.9126416537,0.925007445,0.9367806681,0.9478626831,0.9581865548,0.9677161995,0.9764453084,0.9843644248,0.9915414572,0.998067384,1.004038509,1.009569718,1.014791092,1.019844143,1.02487762,1.030036619,1.035469886,1.041335038,1.047761433,1.054861212,1.062725036,1.071418423,1.080978991,1.091414683,1.102709846,1.114804867,1.127614746,1.141026674,1.154902487,1.169081799,1.183385332,1.197618414,1.211550095,1.224965898,1.237650457,1.249371544,1.259890984,1.268965565,1.276348836,1.281794935,1.285045257,1.285861581,1.284156662,1.279972736,1.273661975,1.266077616,1.25880573,1.254490868,1.257339857,1.138508038,0.9314983942,0.689082357,0.4699402852,0.4385377537,0.4077736336,0.3736076071,0.3406792631,0.3072144919,0.2761283288,0.2486077385,0.225364772,0.207525572,0.1943631497,0.1922676222,0.1970515492,0.1969081916,0.199212397,0.2221768151,0.2465510838,0.2617907402,0.2770918741,0.2877213197,0.2892305501,0.291200207,0.295780928,0.3021627154,0.3092773762,0.3085015671,0.3084439672,0.3106965466,0.3169780627,0.3241277221,0.3262071113,0.326106082,0.3267608958,0.334044033,0.3419455498,0.347528499,0.3478999842,0.3488607923,0.3540826384,0.3614805001,0.369151797,0.3698344481,0.3708609063,0.3736270492,0.3793595828,0.3851731686,0.3878465287,0.3890410815,0.3903753629,0.3943424754,0.3983198125,0.4016536395,0.4037066647,0.4057934619,0.4085170562,0.411547995,0.4145790083,0.4183432154,0.4221114886,0.4256627923,0.4287741972,0.4318865594,0.4367816388,0.442569589,0.4483596361,0.4521013504,0.4558701721,0.4607970822,0.4680069835,0.4752328653,0.4806091793,0.4851714503,0.4898693352,0.4972593112,0.5047237527,0.5114715338,0.5169067499
5.9,1.226360269,1.204945532,1.181707123,1.156896732,1.130778729,1.103630916,1.075716676,1.047388804,1.01896554,0.990777617,0.9631664389,0.936480966,0.9110730945,0.8872911258,0.8654902472,0.8459789883,0.8290245628,0.8148546928,0.803637112,0.7954692614,0.7903713524,0.7882841185,0.789077846,0.7925454622,0.7984072898,0.8063583054,0.8160674315,0.8271922542,0.8393921706,0.8523392968,0.8657270848,0.8792360388,0.8926507991,0.9057618558,0.9183961597,0.9304175307,0.9417263431,0.9522586938,0.9619851113,0.9708749768,0.9789828584,0.9863905928,0.9931874963,0.9994844853,1.005410269,1.011107177,1.016726579,1.022416719,1.028331017,1.034634674,1.041462801,1.048933107,1.057141311,1.066157275,1.076022048,1.086746026,1.098315205,1.110670236,1.123725547,1.13736699,1.151454469,1.165825173,1.180297039,1.194672324,1.208717354,1.222213643,1.234941849,1.24666588,1.25714342,1.266126764,1.273364633,1.278606241,1.28158754,1.282066374,1.279959632,1.275320226,1.268525052,1.26047208,1.252816697,1.248301095,1.251263165,1.128407985,0.9152686584,0.6671466838,0.4445043757,0.413088903,0.3824550381,0.3491130415,0.3173528974,0.2856658276,0.2570744821,0.2332291988,0.2146501493,0.2010786959,0.1928555612,0.196217468,0.2057517455,0.2076021019,0.2116666788,0.2347840881,0.2588408823,0.2724650735,0.2861632461,0.2953373474,0.2956336042,0.2963459408,0.2988620885,0.3027618192,0.307379583,0.3048666441,0.302990069,0.3031486063,0.3069405585,0.3116668893,0.3117112689,0.3096849674,0.3083557879,0.314061276,0.3204950807,0.3246574363,0.3234881183,0.3228653343,0.3273795395,0.3345770083,0.3421117567,0.3419033704,0.3420021841,0.34441619,0.3510184289,0.357720604,0.3605907942,0.3616093804,0.3627426446,0.3682680862,0.3738065359,0.3783736454,0.3809941242,0.3836394679,0.3877441515,0.3925707735,0.3973978727,0.4022876738,0.4071816606,0.4119885867,0.4166171251,0.4212492947,0.4275296357,0.434638537,0.441753915,0.4462904514,0.4508724949,0.4567303602,0.4650903677,0.473485393,0.4791925136,0.4837025912,0.4883977328,0.4965702007,0.504861277,0.5119063473,0.5165696363
6,1.277515894,1.25812531,1.236457777,1.212745662,1.187235259,1.160187869,1.131839666,1.10254478,1.07261401,1.042375456,1.012174169,0.982370858,0.9533393898,0.9254625494,0.8991402718,0.8747520369,0.8526510302,0.8331645048,0.8165732448,0.8030961592,0.7928763206,0.7859704332,0.7823516201,0.7818943252,0.7843672805,0.7894899043,0.7969298381,0.8063214926,0.8172841503,0.8294381713,0.8424185249,0.8558449829,0.8694397358,0.8829360856,0.8961084228,0.9087734971,0.9207905336,0.9320605235,0.9425247668,0.9521266219,0.9609036475,0.9689259801,0.9762745345,0.9830557975,0.9893976059,0.9954444776,1.001352605,1.007276498,1.013378221,1.01983442,1.026790508,1.034374541,1.04269216,1.051822347,1.061814126,1.07268449,1.084426122,1.096981642,1.110267128,1.124168568,1.138544604,1.153229899,1.168038731,1.182768687,1.197181957,1.211052358,1.224152371,1.236237719,1.247057066,1.256352843,1.263863118,1.269326058,1.272465478,1.273027839,1.270927387,1.266219811,1.259297472,1.251091589,1.243311531,1.238774624,1.241905764,1.115573144,0.89723943,0.6445498179,0.4195362187,0.3883547403,0.3581355248,0.326096943,0.296051858,0.2668429468,0.2415674785,0.2221061668,0.2087452455,0.1998278388,0.1965703357,0.204351558,0.2173147609,0.2207554736,0.2261652905,0.2487223844,0.2719278724,0.2843314807,0.2968033897,0.3048630064,0.3042339119,0.3039620865,0.3047911177,0.3065910326,0.3090283945,0.305176555,0.3018508685,0.3001373608,0.3013695866,0.3035287235,0.3017152008,0.2980903797,0.2950593112,0.2986993874,0.3031643226,0.3056772198,0.3032729857,0.3013406688,0.3048634211,0.3113356884,0.3182410026,0.3175006841,0.3170185275,0.3191737018,0.3262735001,0.3335188759,0.3367395106,0.3379772485,0.3393048231,0.3461382275,0.3529987461,0.3587535069,0.3622672498,0.3658005463,0.3712360036,0.377620083,0.3840086307,0.3901432132,0.3962845505,0.4023274523,0.4081707705,0.4140258111,0.4214981739,0.4297906751,0.4381005434,0.4430851468,0.4481389928,0.4545883503,0.4637640777,0.473007624,0.4787155294,0.4828294462,0.4871725948,0.4957071302,0.5044216924,0.5114016716,0.5149693611
6.1,1.329445816,1.313031276,1.293871139,1.272172174,1.2481565,1.222062787,1.194091664,1.164593321,1.133863664,1.102219587,1.06999967,1.037564353,1.0052953,0.9735934634,0.942883043,0.9135973009,0.8861594593,0.8609830078,0.838455409,0.8189206905,0.8026605312,0.7898759699,0.7806822101,0.7750823017,0.7729416346,0.7740484736,0.7781059029,0.7847517292,0.7935809558,0.8041682468,0.8160881668,0.8288936685,0.8422312355,0.8557635755,0.8691985174,0.8822920486,0.8948493985,0.9067247286,0.917819719,0.9280429932,0.9374069295,0.9459631753,0.9537788867,0.9609519114,0.9676060933,0.9738861328,0.9799520938,0.985965028,0.992097111,0.9985385046,1.00544818,1.012968657,1.021220343,1.030296704,1.040260489,1.051141117,1.062944959,1.075620931,1.089091543,1.103246954,1.117947683,1.133028003,1.148299604,1.163555364,1.178553048,1.1930559,1.206824371,1.219601676,1.231122277,1.241112794,1.249294127,1.255386451,1.259094002,1.26014364,1.258439235,1.254030808,1.247316792,1.239250491,1.231581308,1.227182296,1.230529605,1.101222774,0.8784780435,0.6221081848,0.3955257544,0.3648347181,0.3353207989,0.3049850796,0.2770921215,0.250975658,0.2296520124,0.2148531327,0.2066506493,0.202294993,0.2034979334,0.2143637974,0.2294433448,0.2341265773,0.2405319282,0.2621301525,0.2842088802,0.2958655414,0.3075772976,0.3149419051,0.3137234528,0.3127982569,0.3124786508,0.3127997862,0.3136429861,0.308934968,0.3046378156,0.3014736302,0.300420082,0.300206001,0.2969007107,0.292145615,0.287861972,0.2891409282,0.2912845469,0.2920239081,0.2887920749,0.2859467713,0.2881748185,0.2932814874,0.298930594,0.2980581261,0.2973997713,0.2993487775,0.3063086648,0.3134893216,0.3171131916,0.3189523329,0.3208663949,0.3284604009,0.3361144321,0.3427899201,0.3474283308,0.3520871446,0.3586193001,0.3660975045,0.3735938307,0.3809462984,0.3883131629,0.3954515619,0.4021292235,0.4088342702,0.4171883807,0.4263918365,0.4356333173,0.4408158411,0.4460925263,0.4528194346,0.4623743535,0.4720430873,0.4775405297,0.4811372379,0.4849939775,0.4933900227,0.5020388437,0.5086281677,0.5110620594
6.2,1.379533264,1.367166131,1.351583929,1.332960403,1.311486448,1.287371369,1.260771855,1.232028468,1.201415131,1.16922962,1.135794863,1.101460009,1.066601084,1.031620845,0.9969454828,0.9630407456,0.9303765592,0.8994275742,0.8706655453,0.8445438447,0.8214781497,0.8018243272,0.7858673022,0.7737839989,0.7655941867,0.7612175943,0.7604537884,0.7629968525,0.7684579439,0.7763923589,0.7863272216,0.7977534005,0.8102321091,0.8233433783,0.8367134006,0.8500211032,0.863001368,0.8754458646,0.8872020584,0.8981315822,0.9082085481,0.9174545991,0.925913303,0.9336651497,0.9408222798,0.9475228914,0.9539252899,0.9601926635,0.966503992,0.9730606444,0.980034397,0.9875827909,0.9958428118,1.004925383,1.014910924,1.025846017,1.037756566,1.050602763,1.064318898,1.078804215,1.093925367,1.109519588,1.125398296,1.1413508,1.157130791,1.172489301,1.187172059,1.200906276,1.213407849,1.224382521,1.233528507,1.240542181,1.245102172,1.246909347,1.245851704,1.241968231,1.235658276,1.227892182,1.220454229,1.216267232,1.219850328,1.087748502,0.8607788128,0.6008698936,0.3727515184,0.3427336362,0.3141329514,0.2857055334,0.2601727646,0.2375216726,0.2204339421,0.2101294512,0.2065511669,0.2062893515,0.2111757732,0.2240079451,0.2402456453,0.2458466922,0.2529187859,0.2734811726,0.2944228848,0.3057299135,0.3170807081,0.3241378581,0.3226953095,0.3214854724,0.3205854044,0.3201011483,0.3200254609,0.31494673,0.3101764529,0.3060944279,0.3033126873,0.3012341094,0.2969090512,0.291505008,0.2864571352,0.2854498398,0.2852670828,0.2843002927,0.2805879711,0.277184796,0.277927798,0.2811775839,0.2850550156,0.2842784957,0.2836882339,0.2853721843,0.2915112126,0.2979627072,0.3018594805,0.3044435949,0.307102432,0.314795978,0.3226027294,0.3297745123,0.3355203675,0.3412960411,0.3485608806,0.3565999285,0.3646832065,0.3730477262,0.3814430767,0.3894313364,0.3965913491,0.4038007259,0.4126942366,0.4224751518,0.4323249574,0.4375812638,0.442954212,0.4497381322,0.4592725144,0.4689736779,0.4741851179,0.4773333192,0.480758091,0.4886024397,0.4967715657,0.5027614905,0.5042449903
6.3,1.424368014,1.417082861,1.406137658,1.391665979,1.373820935,1.352776342,1.328638384,1.301732373,1.272304529,1.240627303,1.207000839,1.171754379,1.135247484,1.097870877,1.060032571,1.022209417,0.9848919232,0.9485837911,0.9138054803,0.8810835365,0.8509354976,0.8238499953,0.800275664,0.7805803236,0.7649801134,0.7535875827,0.7463740232,0.7431691753,0.7436741,0.7474852449,0.7541257089,0.7630541938,0.7737533048,0.7857188622,0.7984858405,0.8116416767,0.8248341012,0.8377747339,0.8502395062,0.862028463,0.8730605035,0.8833117674,0.8927888268,0.9015422826,0.9096608877,0.9172654172,0.9245022825,0.9315276347,0.9385186397,0.9456800622,0.9531902873,0.9612169234,0.9699099321,0.9793954871,0.9897707788,1.001099924,1.013429328,1.026733061,1.040959987,1.056021458,1.071793186,1.088117964,1.104808972,1.121653317,1.138400719,1.154789874,1.170551007,1.185393711,1.199013234,1.211092128,1.221303526,1.229317766,1.234785809,1.237380901,1.236975222,1.233597787,1.227651767,1.220129929,1.212860071,1.208828351,1.212626235,1.077438315,0.8456414508,0.5814275789,0.3509665154,0.3217050073,0.2941199848,0.267617904,0.2444517621,0.2254065072,0.2125521324,0.2063658813,0.2067613169,0.2099882401,0.2177816203,0.2318541155,0.2486757261,0.2548477814,0.2622374622,0.2818501449,0.3017657664,0.3129523099,0.3241769392,0.3311992619,0.3298795787,0.3287418483,0.3277286189,0.326979801,0.3265488269,0.3215263794,0.3167308181,0.3122510329,0.3083720556,0.3050531706,0.3001765171,0.2945362267,0.2891570234,0.2862538543,0.2840717795,0.2816507497,0.2776829751,0.2739606636,0.2732238596,0.2744480573,0.2763272807,0.2756440142,0.2751336993,0.2764053695,0.2812242128,0.2864362268,0.2903278503,0.2935096314,0.2967799582,0.3040078778,0.3114119714,0.318627231,0.325224817,0.3318729241,0.339486907,0.347637893,0.355867875,0.3649323254,0.3740555309,0.3826150342,0.3900072092,0.3974735848,0.4066223665,0.4166846476,0.4268548123,0.4321660452,0.4376127247,0.4443506065,0.4536063079,0.4630818879,0.4680396592,0.4709086272,0.4740608797,0.481135053,0.4885955827,0.4939250702,0.4947377853
6.4,1.46035749,1.4589864,1.453562784,1.444174535,1.430932087,1.413969394,1.393338788,1.369345342,1.342203961,1.31215799,1.279480537,1.244475726,1.207479921,1.168862785,1.129000163,1.088363651,1.04744271,1.006740955,0.9667908352,0.9281480395,0.891382437,0.8570645452,0.8257602118,0.7979965916,0.7741805758,0.7546391813,0.7395677841,0.7290097098,0.7228487113,0.7208168895,0.722517618,0.7274478919,0.7350530167,0.7447691707,0.7560484379,0.7683833465,0.7813234808,0.7944851245,0.8075554565,0.8202577659,0.8324365166,0.844004296,0.8549148853,0.865174005,0.8748327399,0.8839807644,0.8927394014,0.9012452343,0.9096610447,0.9181826267,0.9269839705,0.936232536,0.9460820014,0.9566656243,0.9680904015,0.9804322625,0.9937521184,1.008035822,1.02324467,1.039300885,1.0560887,1.073456468,1.091219445,1.109163079,1.127032394,1.144555182,1.161447722,1.177403073,1.192097171,1.205191125,1.216335221,1.225176628,1.231342001,1.234481641,1.234458837,1.231301182,1.225427449,1.217868958,1.210519093,1.206458666,1.210412889,1.07143684,0.8335752379,0.5636321342,0.3295150936,0.3010421191,0.2745282802,0.2498923715,0.2290416093,0.2136578785,0.204952461,0.2025397624,0.206381777,0.2125015135,0.2225272136,0.2373897331,0.2544434357,0.2607932778,0.2681142415,0.2868362696,0.3057867825,0.316901227,0.3280541889,0.3351710473,0.3342523393,0.3334770207,0.3326544709,0.3319697887,0.3315379078,0.3269100033,0.3224481046,0.317992466,0.3135430932,0.309528746,0.3044940165,0.2989482878,0.2935899621,0.2893083767,0.2856157886,0.2820953132,0.2780268373,0.2741507094,0.2721266504,0.2714731782,0.2714362891,0.2707321703,0.2701933184,0.270923187,0.2742132516,0.2779402308,0.2815314303,0.2850101712,0.2886011281,0.2950186757,0.3016688867,0.3085673498,0.3156558636,0.3228282332,0.330489121,0.3384705434,0.3465677268,0.3560117954,0.3655550019,0.3744454376,0.3819457271,0.3895452906,0.3987608353,0.4088895124,0.4191716743,0.4245892672,0.4301588365,0.4368438921,0.4457044078,0.4548357078,0.459628831,0.4624094941,0.4654767799,0.4717350076,0.4784290187,0.4831437016,0.4835545863
6.5,1.484558524,1.489620755,1.490312067,1.486671543,1.478764333,1.466682395,1.450424376,1.430271111,1.406404774,1.379038204,1.348415898,1.314814866,1.278545502,1.239952353,1.199372468,1.157262935,1.114099228,1.070366083,1.026581776,0.9832958368,0.9410848201,0.9005452081,0.8622949559,0.8269531198,0.7950605608,0.767118042,0.7435340456,0.7245917311,0.7104210609,0.7009823262,0.6960661484,0.6953165131,0.6982295987,0.7042493004,0.7127883988,0.7232670967,0.7351431343,0.7479325926,0.7612221373,0.7746456906,0.7879542382,0.8009779206,0.8136007611,0.8257673112,0.837475367,0.848768475,0.8597282865,0.870457799,0.8810910003,0.8918000408,0.90274087,0.9140674546,0.9259242435,0.9384391748,0.9517173864,0.9658358284,0.9808579849,0.9967745686,1.01355213,1.031117911,1.049360171,1.068129601,1.087241581,1.106479086,1.125580767,1.144265981,1.162240586,1.17918462,1.194759237,1.208609575,1.22036948,1.229670245,1.23612216,1.239362322,1.239257314,1.23584736,1.22958478,1.22156278,1.213770726,1.209425409,1.213461848,1.069756549,0.8242750062,0.5469343113,0.3077954755,0.2801584849,0.2548002318,0.232017828,0.2135145052,0.2018968136,0.1973124006,0.1984269435,0.2053271803,0.2137628093,0.2254200892,0.2407139768,0.2577020596,0.2638027107,0.270648764,0.2884091273,0.3063204301,0.3172719843,0.3282683845,0.3354853881,0.3351528385,0.3349365156,0.3344567474,0.3339785318,0.3337075785,0.3297230488,0.3258603569,0.3217338613,0.3170847325,0.3127683964,0.3078832173,0.302703601,0.2976552637,0.2924981491,0.2877957648,0.2835568224,0.2795474203,0.2756840302,0.2726951315,0.2705242296,0.2688814722,0.2680820808,0.2674378363,0.2676096982,0.2694476921,0.2717197687,0.2748192256,0.278310893,0.281942352,0.2874517172,0.2932324517,0.2996111201,0.3068477574,0.3142135804,0.3217458336,0.3294540416,0.3373126381,0.3468563892,0.3565529282,0.3655975104,0.3731889866,0.3809053263,0.3900750953,0.4001162268,0.4103640706,0.4159664817,0.4217385937,0.4284098179,0.4368311249,0.4455742588,0.4502876611,0.4531319434,0.4562690856,0.4617441899,0.46769656,0.4718694105,0.4720634883
6.6,1.494526361,1.506224805,1.513323428,1.515811622,1.513708799,1.507064733,1.495827439,1.480250274,1.460482779,1.43670739,1.409139973,1.378030238,1.343662081,1.306353834,1.266402109,1.224245239,1.180338743,1.135139519,1.089137919,1.042856866,0.9968501396,0.9516993506,0.9080194201,0.8664522487,0.8275971597,0.7920481245,0.7603545836,0.7329903771,0.7103192592,0.6925618818,0.6797709834,0.6718444851,0.6684484224,0.6691462187,0.6734039141,0.6806365242,0.6902518084,0.7016862288,0.7144307167,0.7280268884,0.7421183429,0.7564358814,0.7707771395,0.7850086932,0.7990586357,0.8129084863,0.8265848698,0.8401425685,0.853671756,0.8673054187,0.881166916,0.8953821991,0.9100720037,0.9253445725,0.9412890788,0.9579698421,0.975437717,0.9936777757,1.012651045,1.032280433,1.052450442,1.073008042,1.09376446,1.114497739,1.134937232,1.154796181,1.173774036,1.191542285,1.207753254,1.222043331,1.234038284,1.243362875,1.249621023,1.252448526,1.251729743,1.247534004,1.240367991,1.23141359,1.22279049,1.217896649,1.221953129,1.072407607,0.8175576278,0.5310676641,0.2856675713,0.2589466659,0.2348787141,0.2140292361,0.1980350217,0.1903509654,0.1898989578,0.194314514,0.2039198761,0.2140707997,0.2267796846,0.2421197392,0.2587078751,0.2641357567,0.2701166458,0.28670256,0.3033656637,0.3139800249,0.3246518567,0.3318911654,0.3322439764,0.3326955204,0.3326133595,0.3323763856,0.332313549,0.3291541341,0.3260850364,0.3225083551,0.3179231405,0.313587517,0.3091054297,0.3045354573,0.3000544758,0.2944821227,0.2892414396,0.2846697073,0.2809241475,0.2772841378,0.2737356099,0.2705312923,0.2677413501,0.2668820197,0.2661623881,0.2659019503,0.2665886768,0.267667803,0.2702317353,0.2735514788,0.2770373661,0.2817459333,0.2867450844,0.292555104,0.2996551328,0.3069402429,0.3142756312,0.321740487,0.3293886998,0.3387787663,0.3483900151,0.3574493002,0.3651706253,0.3730461091,0.3820825927,0.3918915391,0.401970636,0.4078159669,0.4138543723,0.4205411905,0.4284775891,0.4367904738,0.4414558614,0.4444377584,0.4477264136,0.4524467064,0.4576823481,0.4613492843,0.4613960727
6.7,1.488831587,1.507113097,1.520660223,1.529413752,1.533348694,1.532474094,1.526692332,1.516226994,1.501196153,1.481752878,1.458085277,1.430416442,1.399004273,1.364141172,1.326084276,1.285251516,1.242076394,1.19698522,1.150435552,1.102915461,1.054942591,1.007062795,0.9598558072,0.9139397501,0.8699133686,0.8283875806,0.7899640208,0.7552146459,0.7246548218,0.6987109846,0.677686365,0.6617694548,0.6508849925,0.6448304925,0.6432489749,0.6456641493,0.6515254263,0.6602543326,0.6712852942,0.6840885068,0.6982024912,0.7132513902,0.728934799,0.7450269365,0.7613707844,0.7778703411,0.7944820539,0.811198156,0.8280506178,0.8451182379,0.8624778724,0.8802135358,0.8984082381,0.917136414,0.9364571097,0.9564079206,0.9770116176,0.9982352798,1.020021992,1.042279019,1.064877184,1.087651428,1.110402297,1.132898256,1.154854635,1.175978861,1.195966212,1.214482649,1.231176264,1.245680693,1.25762075,1.266622782,1.27229303,1.274276544,1.272489025,1.267044653,1.258525101,1.24822815,1.238439109,1.232782603,1.23683379,1.080121474,0.8138904436,0.5163283133,0.263470029,0.2377301678,0.2150944299,0.1963296066,0.1831166889,0.1795379351,0.1831969434,0.190638229,0.2025770988,0.2138444011,0.2270686534,0.2420291682,0.2578489552,0.2622542705,0.267059752,0.2821447485,0.2972506282,0.3073167048,0.3174604935,0.3245945618,0.3256506006,0.326795983,0.3271144573,0.327113647,0.3272612856,0.325050649,0.3229083478,0.3200440272,0.3157368419,0.3116108806,0.3077540138,0.3040162238,0.3003364858,0.2947756021,0.2894411541,0.2849221755,0.281684741,0.27851949,0.2748553203,0.2711577586,0.2677597001,0.2669789861,0.2663192101,0.2658636832,0.2658342728,0.2661355944,0.2682490893,0.2713208553,0.2745813973,0.2787189228,0.2831537025,0.2884551041,0.2951901982,0.3021748225,0.3092989276,0.3166083037,0.3241367636,0.3331251976,0.3424184579,0.3513530537,0.3592331085,0.3673052106,0.3761038403,0.3855124006,0.3952663869,0.4013505145,0.4076608157,0.4143431903,0.4217112915,0.4295157874,0.4340890074,0.4371879002,0.4406173021,0.4445712318,0.4490770762,0.4522129001,0.4520709745
6.8,1.465700715,1.490352945,1.510235179,1.525241881,1.535306078,1.540398483,1.540381941,1.535448349,1.52568587,1.511219407,1.492210201,1.468855292,1.441386893,1.410071578,1.37512836,1.336953241,1.29595639,1.252532746,1.20710573,1.160126157,1.112071157,1.063443107,1.014772807,0.9666314604,0.9195848725,0.8742126287,0.8311023161,0.7908393923,0.7539920572,0.72109005,0.6925974376,0.6689301773,0.6502700173,0.6366942222,0.6281149282,0.6242851771,0.6248230947,0.6292500171,0.6370348703,0.6476415386,0.6605419539,0.6752717265,0.6914371076,0.7087157061,0.726855895,0.745672001,0.765037012,0.784867436,0.8051237198,0.8258163437,0.8469625512,0.8685913359,0.8907347939,0.9134201998,0.936662884,0.9604599702,0.9847916527,1.009593453,1.034777287,1.060222249,1.085773961,1.111245033,1.136416512,1.161040056,1.184809808,1.20742441,1.228573958,1.247918748,1.265104048,1.279763515,1.291524913,1.300021115,1.304866171,1.305721827,1.302546341,1.295512562,1.285296653,1.273339412,1.262127754,1.255559018,1.259623221,1.094089591,0.8140473588,0.5031521631,0.2415423637,0.2167834823,0.1956988822,0.1792520742,0.1692350406,0.1699381497,0.1776692861,0.1878476695,0.2017805225,0.2136469037,0.2269582859,0.2410925663,0.2557631331,0.2589120377,0.262346383,0.2754725369,0.2885988656,0.2978711191,0.3072518908,0.314106639,0.3158019091,0.3175844512,0.3182767923,0.3185022322,0.318855727,0.3176632142,0.3165245313,0.3144948656,0.3106742282,0.3069794365,0.3039536343,0.3012490626,0.2985811982,0.2934486719,0.2884589833,0.2843834857,0.2819179939,0.2794997227,0.276173794,0.2725399318,0.2691073941,0.268608204,0.2682119337,0.2678580741,0.2675955871,0.2676017683,0.2694313881,0.2722611325,0.2752985589,0.2791256057,0.2832542101,0.2881548867,0.2943398805,0.3008439952,0.3077378091,0.3149588374,0.3224432276,0.3307781604,0.3395140544,0.3481559375,0.3561575596,0.3644026594,0.3728188263,0.381626008,0.3908643901,0.3970983353,0.4036040439,0.4101953087,0.4168701363,0.4240449356,0.4284108096,0.4315210265,0.434994936,0.4381319788,0.441854352,0.4443818089,0.4439342466
6.9,1.423626392,1.454357825,1.480385734,1.501560777,1.517776635,1.528968224,1.534964924,1.535925008,1.531907975,1.523011313,1.509369642,1.491153772,1.468569657,1.44185717,1.411197791,1.376963095,1.339537869,1.299284697,1.256592076,1.211872912,1.165563067,1.118120066,1.070022423,1.021786838,0.9739347547,0.9269941352,0.8815057415,0.838019092,0.7970859039,0.7592497188,0.7250306289,0.6949555058,0.6693779913,0.6485975294,0.6327881784,0.621979823,0.6160525457,0.614747592,0.6176936768,0.6244604866,0.6345446213,0.6474573665,0.6627519846,0.6800313147,0.698957651,0.7192553321,0.7407081365,0.7631482401,0.7864542867,0.8105564945,0.8354005308,0.8609480788,0.8871677544,0.9140267825,0.9414835751,0.9694813064,0.997944138,1.026761617,1.055800904,1.084899781,1.113866192,1.142478866,1.170488891,1.197621959,1.223541991,1.24793299,1.270475805,1.290821945,1.30861213,1.323479577,1.335055716,1.342981735,1.346881958,1.346439343,1.341663617,1.332798107,1.32063132,1.306772891,1.293945944,1.286364441,1.290486849,1.114251408,0.8177637227,0.4911778819,0.2196620254,0.1958729305,0.176546154,0.1629210934,0.156882534,0.1622040032,0.1740935576,0.1868126205,0.2025198816,0.2146248337,0.2277539418,0.2405888521,0.2537093862,0.2554820074,0.2574562378,0.267960259,0.2785023315,0.2866662549,0.2949843718,0.3013174726,0.3035049199,0.30578433,0.3067897054,0.3072221237,0.3077671476,0.3076067556,0.3074915277,0.3063790673,0.3032509646,0.3002060315,0.2981963759,0.2966950203,0.2952168182,0.2909114189,0.2866885327,0.2834341537,0.2819940568,0.2805847511,0.2780190374,0.2749691352,0.2720482594,0.2720473664,0.2721359112,0.2721765919,0.272119108,0.2722814177,0.2740144722,0.2766518553,0.2795139504,0.2832323528,0.2872628691,0.2918551746,0.2973411126,0.3032163303,0.3098111511,0.316925476,0.3243602458,0.3317968998,0.3397365614,0.347881018,0.3558666273,0.3641634816,0.3720112212,0.3799970391,0.3885055066,0.3947150616,0.4012545617,0.4076046687,0.4134374564,0.4198328081,0.4238301638,0.4267897081,0.4301522735,0.4324030066,0.4352648692,0.4370826259,0.4361893653
7,1.361429931,1.397883441,1.429810497,1.457019638,1.47936705,1.496753519,1.508979974,1.516168151,1.518348858,1.515591502,1.508002778,1.495725396,1.478936696,1.457847147,1.432599437,1.403536316,1.371013351,1.335358215,1.296922464,1.256079749,1.213224088,1.168768307,1.123139079,1.076798004,1.030221407,0.9838820731,0.9382650061,0.8938660183,0.8511894357,0.8107440359,0.7730363887,0.7386046557,0.7078757981,0.6812630416,0.6591095576,0.6416644501,0.6290616434,0.6213068679,0.6182767774,0.6197576209,0.6253936033,0.6347824039,0.6475132173,0.6631802393,0.6814045235,0.7018477213,0.7242184406,0.7482690837,0.7737950376,0.8006402378,0.8286696256,0.8577665155,0.8878236806,0.9187349706,0.9503879064,0.9826572812,1.015397547,1.048436137,1.081580862,1.11461407,1.147292568,1.179348656,1.210491951,1.240411908,1.268732275,1.295115043,1.319226237,1.340704029,1.359181462,1.374289465,1.385662561,1.39295095,1.395790902,1.393890456,1.387318893,1.376401023,1.362054172,1.346080012,1.331468078,1.322786005,1.327005973,1.138253102,0.8229992453,0.4788548496,0.1970643822,0.1744746506,0.1575683965,0.1479987673,0.1474902965,0.1580677469,0.1743776995,0.1895099416,0.2068472081,0.2189426281,0.2317219993,0.2426671929,0.2537269189,0.2540373129,0.2544882329,0.2613658927,0.2683969573,0.275003378,0.2818271524,0.2872841878,0.2897384222,0.2922954794,0.2934999661,0.2940802948,0.2947629417,0.2956019175,0.2964822032,0.2963304819,0.2940812043,0.2918849489,0.2910503893,0.2908917572,0.2907488123,0.2876322584,0.2845599693,0.2824679201,0.2822749903,0.2821039806,0.2806557088,0.2786296284,0.276686922,0.2773712,0.2781383111,0.2788127835,0.2792918427,0.2799604546,0.2817510848,0.2842462349,0.2869832178,0.2906874298,0.2947244469,0.2990411946,0.3036969049,0.3088071251,0.3149634533,0.3218415539,0.3291098852,0.3354111949,0.3423138516,0.3497157293,0.3574428241,0.3655637103,0.3726192918,0.3795533489,0.387099312,0.3930408486,0.3993796288,0.4052888683,0.4101276,0.4155832865,0.4190344133,0.4216589549,0.4247262324,0.4260346018,0.4279654647,0.4289842768,0.4275342557
7.1,1.280708027,1.322488908,1.360030616,1.393099151,1.421513081,1.445138814,1.463751218,1.477431306,1.486179229,1.490033675,1.489070209,1.483399723,1.473166849,1.458548363,1.439645321,1.416766144,1.390232481,1.360333858,1.327382475,1.29171134,1.253672426,1.213634993,1.171976392,1.129106257,1.085459994,1.041459956,0.9975391553,0.9541406258,0.9117166473,0.8707273378,0.8316382335,0.7949457131,0.7610889914,0.7305082043,0.7036143199,0.6807722786,0.6622816216,0.6483573119,0.6391140328,0.6345876742,0.6346519171,0.6390955308,0.6476524666,0.6600099126,0.6758333684,0.6947880695,0.7165545952,0.7408356512,0.7673608225,0.7958954952,0.8262227587,0.8581410352,0.8914569112,0.925977955,0.96150622,0.9978325826,1.034727532,1.07193826,1.109197476,1.14621702,1.182688439,1.218284572,1.252661824,1.285463021,1.316262015,1.344691473,1.370397212,1.392999917,1.412122309,1.427391872,1.438446481,1.444947093,1.446545031,1.442978754,1.434385437,1.42118199,1.404428575,1.386136338,1.369581321,1.359706724,1.36402807,1.161484904,0.8262028199,0.4639147256,0.1732943089,0.1528967355,0.140197404,0.1371980676,0.1445884055,0.161000389,0.181805792,0.1990113182,0.2176702978,0.2294623162,0.2416755332,0.2499374479,0.2582254446,0.2569046901,0.2556804647,0.257558679,0.2597658101,0.2642213872,0.2689672498,0.2730696563,0.2755041142,0.2780566392,0.2792787128,0.2798778843,0.280573526,0.2823372655,0.2841428645,0.2849475932,0.2837044897,0.282495422,0.2829478078,0.2842304429,0.2855260805,0.2838749534,0.2822475583,0.2815774379,0.282794691,0.2840312828,0.2839515855,0.2832565905,0.2826210683,0.284114661,0.285692099,0.2871519046,0.2883580444,0.2897413425,0.2916776865,0.2940527416,0.2966868075,0.3003621171,0.3043991471,0.3084019036,0.3121023881,0.3163105295,0.3218314235,0.3282542111,0.3351432473,0.3400831326,0.3457069801,0.3520922328,0.3592466257,0.3668845314,0.3729038211,0.3785580262,0.3849011052,0.390299482,0.3961641111,0.4014135731,0.4051321667,0.409505685,0.4122540693,0.4143787018,0.4169788901,0.417349616,0.4183330164,0.4185234332,0.4164840993
7.2,1.186509543,1.233313478,1.276257446,1.315060202,1.349498747,1.37940131,1.40451403,1.424871755,1.44043932,1.451219766,1.457252409,1.45861118,1.455403011,1.44776631,1.435757338,1.419645874,1.399716691,1.376219894,1.349428314,1.31963571,1.287154931,1.252316178,1.215453858,1.176933374,1.137157514,1.096508173,1.05537685,1.014163851,0.9732776789,0.9331342988,0.8941561872,0.8567810669,0.8214372268,0.7885478932,0.7585285122,0.7317784395,0.7086696608,0.6895330861,0.6746432977,0.6642331058,0.6584008139,0.6571625316,0.6604646717,0.6681761159,0.6801022745,0.6960020572,0.7156047844,0.738622304,0.764760885,0.7937358985,0.8252615877,0.8590542803,0.8948296384,0.9322989985,0.9711655942,1.011121077,1.051838473,1.092965316,1.134143232,1.174998542,1.215143779,1.254179983,1.291699561,1.327289545,1.360465482,1.390825091,1.417990407,1.44156236,1.461152733,1.476386513,1.486907423,1.492391208,1.492510018,1.487040356,1.476195472,1.46049368,1.44114723,1.420384405,1.401771624,1.39062602,1.395008543,1.178393253,0.8234972371,0.4443941459,0.1495602408,0.133901696,0.1289215448,0.1358818946,0.1529816907,0.1747919627,0.1994163096,0.2178773339,0.2371893198,0.2482137566,0.2594783099,0.2641325677,0.2687878239,0.2655163599,0.2623118619,0.2576920402,0.2535499745,0.2552227014,0.25724228,0.2594470351,0.261546457,0.2637791339,0.2647805616,0.2652001819,0.2657122623,0.2682794996,0.270893714,0.2725892417,0.2723868702,0.2722081413,0.2739840298,0.2767420506,0.2795149089,0.279473951,0.2794480495,0.2803371113,0.2830464801,0.2857786047,0.2871869541,0.2879688834,0.288801915,0.2911638695,0.2936180691,0.2959282958,0.2979213802,0.3000933163,0.302208108,0.3044683928,0.3070023723,0.3105699226,0.3145302142,0.318140955,0.3207868771,0.323972775,0.328652827,0.334372615,0.3406293876,0.3440153163,0.3481385912,0.3532379684,0.3594932002,0.3663164904,0.3710661996,0.3752353825,0.3801469423,0.3847418693,0.3898641581,0.3942525916,0.3967780142,0.3999729892,0.4019157017,0.4034296858,0.4054384769,0.4049775071,0.4050951042,0.4045274773,0.4019737199
7.3,1.085717181,1.137587021,1.186035555,1.230721927,1.271370878,1.307762681,1.339603817,1.3668758,1.389499756,1.407435215,1.420678112,1.429259208,1.433242667,1.432724834,1.42771472,1.418442923,1.405158924,1.38807681,1.367435326,1.343496146,1.316541964,1.286874604,1.25479817,1.220648093,1.184808497,1.147636141,1.109496651,1.070763062,1.031814612,0.9930356767,0.9548148584,0.9175331958,0.8816046539,0.8474206326,0.8153725055,0.7858494395,0.7592347,0.7359000179,0.7161975676,0.700475919,0.6889969104,0.6819716587,0.6795602019,0.6818485488,0.6888444333,0.7004782791,0.7166091017,0.7370301036,0.7614839299,0.7896833607,0.8213011408,0.8559847733,0.8933612529,0.9330400238,0.9746146654,1.017663854,1.061752899,1.106409434,1.151169545,1.195560972,1.239105797,1.281323651,1.321735147,1.359865585,1.395166154,1.427197986,1.455559679,1.479833486,1.499622843,1.51455425,1.524282597,1.528504908,1.526922829,1.519360329,1.506112032,1.487803184,1.465799282,1.442539279,1.421862343,1.409427781,1.413802791,1.184103667,0.8119806031,0.4195933136,0.1301420067,0.123733221,0.1304697238,0.1488701838,0.174883159,0.2003900278,0.2274637548,0.2460448784,0.2650953011,0.2747591506,0.2845554529,0.2847866806,0.2850188387,0.279374985,0.2737808505,0.2615121169,0.2497286572,0.2481484489,0.246918547,0.2467584773,0.2482413115,0.2498647428,0.2503999479,0.2504163519,0.2505185226,0.2537178349,0.2569741638,0.2594276999,0.2601966158,0.2609845738,0.2640206522,0.2681943656,0.2723909335,0.2739482886,0.275519334,0.2779620286,0.2821489356,0.2863697686,0.2892510298,0.2914974018,0.2937976478,0.2970388851,0.3003879485,0.3035508886,0.3062966892,0.3092326944,0.3115396703,0.3137102333,0.3161636141,0.3195379678,0.3233310008,0.326484195,0.3280483772,0.3301565884,0.3338449747,0.3386555387,0.3440560176,0.3457763161,0.3482458886,0.351849371,0.3569318753,0.3626481629,0.3659484459,0.3684839289,0.3717812235,0.3753705542,0.3795312195,0.3829092901,0.3842392906,0.3862265183,0.3873346133,0.3882028362,0.3895675121,0.3884925846,0.3879410764,0.3868001921,0.3839175023
7.4,0.9831131399,1.040677947,1.095297924,1.146548338,1.19408104,1.237610039,1.276783013,1.311515467,1.341671314,1.367154738,1.387908335,1.403911859,1.415181232,1.421767738,1.423629589,1.420962376,1.413987355,1.402890617,1.387887302,1.369219734,1.347155222,1.321983704,1.293997305,1.263521306,1.230940192,1.196605416,1.16087639,1.124117932,1.086697946,1.048985437,1.011348893,0.9741243469,0.93771486,0.9024786081,0.86877313,0.8369571711,0.8073926662,0.7804463255,0.7564898582,0.7359212708,0.7190987777,0.7063708743,0.6980733533,0.6944991863,0.695878543,0.7023599074,0.7139956156,0.7307261395,0.7523911758,0.7787575221,0.8094902623,0.8441857874,0.8823867798,0.9235954817,0.9672845593,1.012905529,1.059912535,1.107687579,1.155648847,1.203215518,1.249811767,1.294870809,1.337838743,1.378178445,1.415271415,1.448647959,1.477890763,1.502568992,1.522284285,1.53667198,1.545405959,1.548212612,1.544834941,1.535154904,1.51954409,1.498733076,1.474230204,1.448661371,1.426096898,1.412474409,1.416777553,1.176203461,0.7909816147,0.3907986669,0.1223989966,0.1291692598,0.1479971467,0.1754591257,0.207590992,0.23482393,0.2629046444,0.2805416539,0.2984465525,0.3061619726,0.3139523391,0.3092578506,0.3045640279,0.2961462009,0.2877701125,0.2674208983,0.2473960948,0.2424263872,0.2377383731,0.234982918,0.2356863882,0.236521631,0.2364145004,0.2358518652,0.2353607954,0.2389835811,0.2426783734,0.245704966,0.247292158,0.2488973297,0.2530216439,0.2584361149,0.2638919493,0.2668915588,0.2699090497,0.2737648798,0.2793083261,0.284908884,0.2891326595,0.2927062944,0.2963454698,0.3004415786,0.3046689556,0.3086479339,0.3120609839,0.315681074,0.3182067706,0.3203601735,0.322798878,0.3259309058,0.3294971141,0.3321832018,0.3327527251,0.333839991,0.3364906233,0.34028076,0.3446870414,0.3447632497,0.3455528718,0.347568388,0.3513116063,0.3557248409,0.3574935903,0.3583435641,0.3599331818,0.3624059854,0.3654707117,0.3677666091,0.367973147,0.3687983009,0.3691222535,0.3693916355,0.370141509,0.3687501514,0.3678155716,0.3663783111,0.3634396357
7.5,0.8781327444,0.9426085964,1.004679077,1.063791765,1.119490427,1.171393082,1.219103792,1.262406281,1.301086668,1.334976121,1.363949375,1.38792399,1.406859966,1.42075942,1.429503128,1.43327222,1.432280609,1.426696364,1.416723764,1.40260099,1.384597312,1.363009934,1.338143251,1.310334356,1.279980803,1.24745052,1.21311812,1.177360777,1.140554418,1.103070319,1.06527233,1.027481495,0.9900873126,0.9534182314,0.9177955568,0.8835379639,0.8509677004,0.8204182337,0.7922424299,0.766826619,0.7445808298,0.7259454066,0.711387299,0.7013797126,0.6963745124,0.6967662968,0.7028532798,0.7147901152,0.732577942,0.7560897631,0.7850187459,0.8189257363,0.8572676677,0.8994265084,0.9447349095,0.992496565,1.042055411,1.092613819,1.143459711,1.193895872,1.243244977,1.290853874,1.336097207,1.378380816,1.417008054,1.45149378,1.481421979,1.506358671,1.525913533,1.539739952,1.547539052,1.549073408,1.544140663,1.532688892,1.515143312,1.492325963,1.465861489,1.438518372,1.414531081,1.400020279,1.404241198,1.155943594,0.762882606,0.3617435064,0.1319569813,0.1506187299,0.177698366,0.2104605792,0.2459636216,0.2733794261,0.3012872251,0.3171619074,0.333207513,0.3384712796,0.3437802711,0.3340064568,0.3242335327,0.3127450592,0.3012967112,0.2732011429,0.2452073654,0.2370867807,0.229127076,0.223878764,0.2238284763,0.2238816122,0.2230969407,0.2218981346,0.2207470957,0.2245725246,0.2284890043,0.2318821891,0.2340966232,0.2363297266,0.2412676973,0.2476211507,0.2540520008,0.2582402894,0.2624565262,0.267479874,0.2741428874,0.2809051866,0.2862597437,0.2909529719,0.2957310197,0.3006207965,0.305675505,0.3104097174,0.3143951249,0.3186063299,0.3214075386,0.3236710973,0.3262176694,0.3291183501,0.3324558189,0.3347462239,0.3345439278,0.3348073648,0.3365027825,0.3392810865,0.3426719121,0.3412986865,0.3405576383,0.3410560211,0.3434284616,0.3464725615,0.3467609999,0.3460101651,0.3459326014,0.347283867,0.3492224177,0.3504544783,0.3496790912,0.3494615905,0.3491249768,0.3489180111,0.3491622982,0.3477721616,0.346773625,0.3453607323,0.3426901989
7.6,0.7652391252,0.8381082562,0.9092749688,0.977978826,1.043596699,1.105604468,1.163551484,1.217025331,1.265707324,1.309333399,1.347692754,1.380627484,1.408032603,1.429856115,1.445885322,1.456298935,1.461317096,1.461098602,1.45584836,1.445814315,1.431283684,1.412578615,1.390038008,1.364034981,1.334994751,1.303322154,1.269426878,1.233717346,1.196594947,1.158448768,1.119651169,1.080513809,1.04142905,1.002699831,0.9646108037,0.9274344662,0.8914403948,0.8569077322,0.8241405073,0.79346196,0.765286975,0.7401034558,0.7184636743,0.7009888097,0.6883455815,0.6812024399,0.6801671808,0.6857195396,0.6981497348,0.7174835836,0.7434957168,0.7757298345,0.8135453848,0.8561727146,0.9027647502,0.9524383785,1.004313556,1.057470475,1.111051561,1.164235375,1.216241478,1.266333794,1.313822918,1.358068046,1.398370213,1.434214696,1.465168375,1.490804803,1.51074991,1.524680218,1.532325254,1.533480287,1.52795388,1.515710831,1.497279179,1.473540689,1.446189742,1.418072836,1.393504492,1.378683644,1.382998632,1.130516857,0.7345726828,0.3390401754,0.1559959361,0.1816443622,0.2128006004,0.2479656827,0.2848532768,0.3113670998,0.338204249,0.3517561993,0.365433983,0.3678676222,0.3703306613,0.3556216369,0.3409263304,0.3262152265,0.3115473023,0.2766370999,0.2417277718,0.2310039439,0.2203237015,0.2130297484,0.2124670869,0.2119665769,0.2106638396,0.2089548708,0.207265185,0.2111035524,0.2150538507,0.2186392544,0.2213306252,0.2240413675,0.2294528786,0.2363339778,0.2433542514,0.2484667379,0.2536238013,0.2595232849,0.2669581235,0.2745627566,0.2808110076,0.286425282,0.2921502267,0.2977281252,0.3035196456,0.3089386392,0.3134429828,0.3181917827,0.3213611857,0.3239015669,0.3267231917,0.3294795542,0.3326638705,0.3347202548,0.334091063,0.3338618562,0.3348092787,0.3367049896,0.3391839286,0.3367345849,0.3348055058,0.3340372057,0.3351412873,0.3368873599,0.3358960138,0.3337916052,0.3322571574,0.3325762556,0.3334572925,0.3337276716,0.3321650898,0.331085471,0.3302569684,0.3297385584,0.3296379867,0.3284952705,0.3276929362,0.3265846641,0.3244897106
7.7,0.6372888493,0.719520886,0.8012173338,0.8812097872,0.9585816728,1.03258001,1.102538883,1.16790149,1.228209218,1.283075684,1.332183969,1.375285664,1.412200635,1.442816987,1.466866728,1.484500119,1.495927594,1.501307355,1.500856111,1.494844878,1.483593854,1.467466522,1.44684279,1.42214669,1.393875622,1.362490324,1.328454098,1.292224258,1.254243897,1.214934202,1.174687809,1.133799312,1.092672028,1.051583313,1.010776307,0.970466976,0.9308553358,0.89214134,0.854545387,0.8183182288,0.7838023109,0.7514440143,0.7218070206,0.6955945891,0.6736477846,0.6569149606,0.6463832848,0.6429746527,0.6474345087,0.6601657999,0.6811695159,0.7100498526,0.7460788911,0.7882968953,0.8356150156,0.8868984688,0.9410144421,0.9968466842,1.053368672,1.109624674,1.164731326,1.217876878,1.268319426,1.315384987,1.358390729,1.396803907,1.430179197,1.458099452,1.480202393,1.496176089,1.505759156,1.508752153,1.504934722,1.494237074,1.477243278,1.45483045,1.428686978,1.401649518,1.378012492,1.363935766,1.368734982,1.114611478,0.7182687648,0.3312990614,0.1863371697,0.2147270729,0.247117812,0.2827914304,0.3196849601,0.3445551903,0.3696730447,0.3805685296,0.3915706749,0.3909455717,0.3903412125,0.3710994319,0.3519072121,0.3339943695,0.3161328142,0.2758162353,0.2357074234,0.2231829618,0.2106600305,0.2020985306,0.201471885,0.2008680653,0.1994451377,0.1976055232,0.1957665695,0.1995047592,0.2033750853,0.2070722271,0.2102269305,0.2134006721,0.2189316565,0.22584723,0.2329970889,0.2388471646,0.2447666175,0.2512638233,0.2590093711,0.2670360951,0.273962354,0.280379375,0.286941115,0.2930296093,0.2994050805,0.3054295318,0.3104842289,0.3158043699,0.3194580534,0.3224405192,0.3257121819,0.3284962568,0.3316944179,0.3337628806,0.3331230145,0.3328201109,0.3333215201,0.3345659951,0.3363491156,0.3333338673,0.3307199569,0.3290858093,0.3291225307,0.3297505925,0.3278097204,0.3247518675,0.3221416052,0.3215636148,0.3215107691,0.3209702166,0.318843452,0.3171203756,0.3159590248,0.3152668811,0.3149665306,0.3141648829,0.3136740103,0.3130199843,0.3116998554
7.8,0.4938586394,0.583225474,0.674846139,0.766413408,0.8563278528,0.9433850025,1.026580782,1.105102411,1.178291597,1.24559776,1.306568397,1.360844269,1.408156866,1.448326842,1.481036381,1.506411376,1.524654804,1.53593189,1.540480974,1.538607843,1.530678969,1.51711387,1.498333018,1.474808034,1.447157273,1.415916108,1.381620308,1.344794602,1.305941483,1.265530565,1.223988965,1.181678216,1.138948768,1.096053482,1.053189449,1.010504833,0.9681106701,0.9260982429,0.8845622291,0.843589324,0.8033950915,0.7643023504,0.726760443,0.6914071777,0.6591043564,0.6309536945,0.6082724224,0.5925043908,0.5850769666,0.5871263152,0.5992633858,0.6214534211,0.6530387225,0.692892112,0.739620862,0.7917458257,0.8478289329,0.906453717,0.96638369,1.026509053,1.085838575,1.143488524,1.198671532,1.25068653,1.298872954,1.342674215,1.381614786,1.415259325,1.443217718,1.465137473,1.480702062,1.489642158,1.491620427,1.486433111,1.474630362,1.456989154,1.435101709,1.411715715,1.391042027,1.379148089,1.385123986,1.128812234,0.728290181,0.3433876757,0.2144376881,0.2431013732,0.2751887844,0.3102855343,0.3463664562,0.3692271388,0.3923065613,0.4004843186,0.4087628299,0.4050642914,0.4013817003,0.3782667736,0.3552664044,0.3344076238,0.3136160379,0.2697439685,0.2267691308,0.2135055949,0.2003539668,0.1916379576,0.1915734423,0.1915105505,0.1906401182,0.1893753112,0.1881226513,0.1917622087,0.1955536198,0.1994272694,0.2032388072,0.2070699103,0.2124088989,0.2188258985,0.2256090396,0.23211918,0.238738892,0.245592226,0.2530632778,0.2609817321,0.2683870668,0.2755726932,0.2829547841,0.2892431921,0.2959318873,0.3024311622,0.3081322337,0.31413251,0.3183404691,0.3218309997,0.3256409805,0.3286642578,0.3320949161,0.3344386805,0.3341429253,0.3341398779,0.3345001177,0.3353584211,0.3367100136,0.3336368601,0.3308632566,0.3287955591,0.327982644,0.3277027941,0.3251822013,0.3216300374,0.318407709,0.3170307774,0.3161391713,0.3149174972,0.3124354556,0.3102817736,0.3088605695,0.3080088172,0.30753713,0.3069966515,0.306757046,0.3065204095,0.3059716784
7.9,0.3614553151,0.4424427735,0.5357095174,0.634287207,0.7341609231,0.8328088714,0.9284927773,1.019816396,1.105771262,1.185549277,1.258502512,1.32412175,1.382024284,1.431946401,1.473485851,1.506752417,1.531951351,1.549254621,1.558923845,1.561302892,1.556809457,1.545925663,1.529126564,1.506943296,1.480113878,1.449262448,1.41501361,1.377978065,1.338738166,1.297833821,1.255749247,1.212966159,1.169784701,1.126451295,1.083130781,1.039911628,0.9968167829,0.9538206263,0.9108721074,0.8678207364,0.8247089861,0.7816657898,0.7388950015,0.6967786709,0.6559365875,0.6172892099,0.5821124003,0.5520750568,0.5291832372,0.5154952351,0.5128301282,0.5223011378,0.5440143988,0.57708415,0.6199324242,0.6706752724,0.7274845376,0.7885006687,0.8521879436,0.9172245894,0.9824749449,1.046956976,1.109812459,1.170281826,1.22765309,1.281291065,1.330630383,1.375129644,1.414268767,1.447540656,1.474451279,1.494535421,1.50724454,1.512150804,1.509603827,1.50020079,1.485396224,1.4678569,1.451773952,1.443231515,1.451114866,1.186685131,0.7695588632,0.3688305976,0.2329490858,0.2611091694,0.292648472,0.3268940714,0.3620111744,0.3829651198,0.4041281471,0.4098622071,0.4156958723,0.4091627996,0.4026428888,0.37660014,0.3507698002,0.327504292,0.3043352808,0.2592803531,0.2164435309,0.2037992126,0.1915866789,0.1841480257,0.1854115387,0.1866782316,0.1872659119,0.1875578175,0.1879032347,0.1915676943,0.1954083954,0.1996503349,0.2044354579,0.2092480134,0.2141494859,0.2195535332,0.2254816052,0.2325587052,0.2398179432,0.2467494488,0.2532210798,0.2603633796,0.2679500766,0.2758062838,0.2839479731,0.289899623,0.2964187159,0.3030979943,0.3094598798,0.3161843423,0.3208343582,0.3246619405,0.3288728601,0.3322592258,0.336065813,0.338827252,0.3390020524,0.3394512138,0.3398476036,0.340509262,0.3416278398,0.3388326209,0.3362619976,0.3340692309,0.3325622593,0.3315282011,0.3287296492,0.3250762809,0.3216532387,0.3195076724,0.3178024403,0.3159758588,0.3133306478,0.310943424,0.3092476996,0.3081208507,0.307370374,0.3069576307,0.3068440957,0.3068792696,0.306918593
8,0.3323009045,0.3558619642,0.4189561086,0.5057175802,0.6040749444,0.7068358354,0.8098645656,0.910228611,1.006096295,1.096136534,1.179349865,1.25498089,1.322470356,1.381427167,1.431291833,1.47214548,1.50419284,1.527592209,1.54260839,1.549603167,1.549025304,1.541399824,1.527264123,1.507216869,1.482048644,1.452463166,1.419170496,1.382870688,1.344236848,1.303897891,1.262421594,1.220393856,1.178163928,1.136015719,1.094127457,1.052573164,1.011330512,0.9702956471,0.9293047944,0.8880188777,0.846301656,0.8040722011,0.7612603569,0.7179207574,0.6742866367,0.6308343939,0.5883612321,0.5481132195,0.5118568149,0.4817792331,0.4605593457,0.4509159353,0.4549417845,0.4734380675,0.505703981,0.5499203257,0.6039142633,0.66523077,0.731832931,0.8020076269,0.8743259325,0.9475796033,1.020720845,1.092813313,1.162977733,1.230360954,1.294167744,1.353612846,1.407909992,1.456267744,1.497896607,1.532034623,1.557841883,1.574610436,1.582476879,1.581889802,1.574252921,1.562304853,1.550439828,1.545047667,1.555147557,1.273387288,0.8243882549,0.3895918264,0.238325828,0.2670398764,0.2992657509,0.3332786723,0.3680492264,0.3876480312,0.4074356977,0.411266809,0.4151902631,0.4062164755,0.397253343,0.3693351799,0.3417555662,0.3167757441,0.2919393638,0.2482304169,0.2086349995,0.1979814514,0.188236174,0.183410472,0.1866995133,0.1899986522,0.1928206566,0.1954708107,0.1982019065,0.2020817097,0.2061740625,0.2109683817,0.2168682089,0.2228207027,0.2271174856,0.2311582201,0.2358721931,0.2432138202,0.2508543513,0.2574637401,0.2621882411,0.2678261822,0.2750854435,0.2832472371,0.2918329798,0.2966970697,0.3023368858,0.3086557853,0.3154266852,0.322659505,0.3273612301,0.331060671,0.3352367255,0.3388978145,0.34300948,0.3460942244,0.3465798484,0.3473375714,0.3477624507,0.3482850166,0.3492310268,0.346846561,0.3446283192,0.3424665408,0.3404007558,0.3387378039,0.3359188174,0.3325042608,0.3292356277,0.3264271781,0.323996642,0.3217118406,0.3191991201,0.316874696,0.3149731959,0.3135193417,0.31242991,0.3121704533,0.3122058966,0.312458634,0.3128935022
8.1,0.452472014,0.4014539437,0.3928006471,0.4287888698,0.4982553401,0.5870580839,0.6852278907,0.7858848295,0.8851000682,0.9803303581,1.069843083,1.152416885,1.227182404,1.293533652,1.350650569,1.398553013,1.43741821,1.467343805,1.488548149,1.50135768,1.506195229,1.503568628,1.494031981,1.478194141,1.456799113,1.430574093,1.400265607,1.366623673,1.330384747,1.292253445,1.252883453,1.21299537,1.17302975,1.133359483,1.094240264,1.055805207,1.018066286,0.980923616,0.9441829474,0.9073605968,0.8702334782,0.832607432,0.7942181292,0.7548733069,0.7144964927,0.6731770587,0.6312297894,0.5893555395,0.5486684931,0.5105442659,0.4771492706,0.4512954905,0.4362114616,0.434907763,0.4492622958,0.4793894228,0.5239124515,0.5803275502,0.646043868,0.7187159241,0.7963456335,0.877243413,0.9599494948,1.043159299,1.12567086,1.20626043,1.283782186,1.357117883,1.425152588,1.486775785,1.540895974,1.586475777,1.62243869,1.64788553,1.66283317,1.667711293,1.664030289,1.654785249,1.644781257,1.640945724,1.652777935,1.3477821,0.8608422,0.3880116564,0.2351343826,0.2669036107,0.3020068629,0.3367983632,0.3721275795,0.3909635318,0.4099351093,0.4122772822,0.4146887743,0.4035112425,0.392340683,0.3632104619,0.3345460116,0.3082806304,0.2822141394,0.2414064962,0.206674727,0.1986738207,0.1920281289,0.1902868528,0.195883586,0.2014860506,0.2067076242,0.211798659,0.2169590927,0.2212026763,0.2257077169,0.2311012988,0.2379287039,0.2448539265,0.2484620954,0.2510473055,0.2544095953,0.2615879524,0.2692031438,0.2750623868,0.2774885423,0.2810199518,0.2873727832,0.2953039812,0.3038220055,0.306841723,0.3108331859,0.3161334986,0.3228875987,0.3302153456,0.3344470239,0.3374357812,0.340994666,0.3447474794,0.3489762581,0.3521869335,0.3527696748,0.3536158063,0.354057629,0.354524638,0.3553678503,0.353607178,0.3519564268,0.3500842204,0.3477913268,0.3458147297,0.3434469571,0.3408371611,0.338301392,0.3352525867,0.3325024155,0.330218447,0.3284397087,0.3267850406,0.3250363652,0.3234809576,0.3222683795,0.3224134138,0.3228527273,0.3234501171,0.3241606073
8.2,0.6185800288,0.5314075514,0.4680654304,0.4401218579,0.4535888738,0.5032666833,0.5777557045,0.6652459886,0.7579886813,0.8510415696,0.9412408758,1.026500991,1.105410673,1.177006395,1.240110451,1.294601123,1.340561738,1.377963699,1.406908891,1.427612117,1.440387277,1.445635871,1.443843074,1.435533015,1.421286525,1.401759902,1.377646288,1.349662943,1.31853674,1.2849876,1.249709983,1.213494004,1.176903238,1.140416959,1.104407223,1.069125167,1.034693201,1.001104988,0.9682346197,0.9355563514,0.9028617845,0.8699513546,0.8364794474,0.8021294819,0.7666552231,0.7299260067,0.6919769553,0.6532229679,0.6144023152,0.5761943199,0.5401017245,0.5082664705,0.4835077537,0.4691326378,0.4683616695,0.4834416534,0.5148236764,0.5615750144,0.6214097353,0.6916889349,0.7698806217,0.8537243128,0.9412305003,1.030622142,1.120281125,1.208543394,1.293907277,1.374945302,1.450265209,1.518513183,1.578392667,1.628705069,1.668318785,1.696353344,1.712738229,1.718009489,1.71389565,1.703733734,1.692787203,1.688529997,1.701017148,1.37426405,0.8570272454,0.3587580682,0.235686389,0.2725226418,0.3118549637,0.3476607803,0.3837177304,0.4018278072,0.4200027147,0.4206538262,0.4213410298,0.4077429629,0.3941473881,0.363556623,0.3335176566,0.3057183247,0.2781586909,0.2397683017,0.2089805444,0.2033148132,0.1993531009,0.2002923573,0.2080362176,0.2157801194,0.223061004,0.2301522049,0.2372896128,0.2419627924,0.2469514214,0.2528935748,0.2603516115,0.2679594473,0.2708865254,0.2721195067,0.2741735491,0.2809207217,0.2882264399,0.2930894052,0.2929929913,0.2940888662,0.2991867884,0.3065421621,0.314629617,0.3153085122,0.3170806429,0.3208714592,0.3273679822,0.3345295706,0.3379566873,0.3398377244,0.3423476192,0.3462178959,0.3505658946,0.353918192,0.354666651,0.3556506689,0.3563579184,0.3571111215,0.3581773488,0.3576524595,0.3571867508,0.3562328608,0.3543547826,0.3527061669,0.3516517836,0.3508394491,0.3500540048,0.3474589334,0.3450931025,0.3435688722,0.343393633,0.3433009108,0.342234997,0.3409319292,0.3399645597,0.3407580414,0.3418699217,0.3429194358,0.3436738651
8.3,0.7630640357,0.6632577972,0.5756889865,0.5087983844,0.4720882622,0.4717739313,0.5063428925,0.5663359386,0.6416041869,0.7242620101,0.808989627,0.8923233491,0.9719913158,1.046477058,1.114345395,1.175121118,1.22859818,1.274544501,1.312866841,1.343586077,1.366820936,1.382777141,1.391700364,1.393883161,1.389830479,1.380048796,1.365101798,1.345601239,1.322195457,1.295555107,1.266355988,1.235359735,1.203170901,1.170342467,1.137345856,1.104551518,1.072213767,1.040462024,1.009300498,0.9784173436,0.9476558584,0.9168209466,0.8855865546,0.8536228944,0.8206369603,0.7864172453,0.7508827969,0.714258663,0.6770705475,0.6398359798,0.6037522983,0.5705905753,0.5427763463,0.523337337,0.5155734446,0.5223767668,0.5450196104,0.5839929976,0.637781569,0.7039876987,0.7799430847,0.8630668885,0.9509943053,1.041581031,1.132877381,1.222830342,1.309667427,1.391753695,1.467531938,1.535526766,1.594365599,1.642822015,1.679884037,1.704876302,1.717676267,1.719011776,1.710879822,1.69695937,1.682910648,1.676634064,1.688675344,1.346719047,0.8137652125,0.3102303448,0.250293501,0.2916514496,0.3344082771,0.3702693461,0.4061877894,0.4229433889,0.4397140247,0.4378660038,0.4360283985,0.419394794,0.4027612073,0.3696547644,0.3371353421,0.3070388437,0.2772015009,0.2394179522,0.2105506552,0.2067469876,0.2050215201,0.2082525898,0.2178524944,0.2274592469,0.2364618023,0.2451880519,0.253944668,0.2591067042,0.264639906,0.2711114428,0.2790152504,0.2871161134,0.2895051505,0.289654012,0.2906139125,0.2968698164,0.3037827272,0.3076513288,0.3051638778,0.3038404731,0.3076460113,0.3143783023,0.3219652681,0.3201935246,0.3195333441,0.32164953,0.3279702179,0.3350302373,0.3376498374,0.3383527752,0.3396977411,0.3440091312,0.3487889541,0.3526191904,0.3539325745,0.3554466241,0.3569284227,0.3585428051,0.3604120063,0.3620215981,0.3636597006,0.3644791083,0.363725704,0.3631403242,0.3643627802,0.3664407358,0.3685279052,0.3669257059,0.365517207,0.3653823566,0.3675179465,0.3697266018,0.3696384532,0.3686772929,0.3680778734,0.3694895387,0.3712804358,0.3726476233,0.3729902591
8.4,0.8686732529,0.7671692066,0.6717928945,0.5879616603,0.5226701775,0.4836655941,0.4768637749,0.501098516,0.5498017103,0.6144793544,0.6879089801,0.7649365324,0.842100849,0.9170918163,0.9882141916,1.054460455,1.115156516,1.169780491,1.217967689,1.259476158,1.294167328,1.321995997,1.342838918,1.356642774,1.363974664,1.365168745,1.360639965,1.350876524,1.336429229,1.317897334,1.295910895,1.271285822,1.244457737,1.216000627,1.186429189,1.156177487,1.125581155,1.09486493,1.064137226,1.033355405,1.002452036,0.9712473832,0.9394840291,0.9068843128,0.8731881571,0.8381962014,0.8018188209,0.7641063346,0.7253879514,0.6864241623,0.6483560195,0.6128887062,0.5823849272,0.5598454573,0.5486371669,0.5518675239,0.5711872834,0.6072711951,0.6588430585,0.7235414131,0.798568091,0.8811239224,0.9685999348,1.05861752,1.149035034,1.237577182,1.322319268,1.401533995,1.47361625,1.53708758,1.590617747,1.633068449,1.663591525,1.681740619,1.687561818,1.682045065,1.667490182,1.647907103,1.629294042,1.619888987,1.630789363,1.281164661,0.7459970368,0.2575431408,0.2797654529,0.3232301965,0.367331682,0.4019387335,0.4365463163,0.4509841666,0.465422021,0.4600794462,0.4547373131,0.4343128594,0.4138905667,0.3770073177,0.340729211,0.3075897378,0.2747261674,0.2360668631,0.208056657,0.2062991819,0.2071289155,0.2128358819,0.224046683,0.2352944165,0.2459426842,0.2562994553,0.2666768823,0.2724232727,0.2786104345,0.2856834246,0.2940069804,0.3025704411,0.3047141183,0.3042148877,0.3044887614,0.3102515663,0.3167626868,0.3197945947,0.3153670032,0.3119907407,0.3146164861,0.3207473545,0.3278624293,0.323865997,0.3209100421,0.3214397817,0.3277451241,0.3348848985,0.3368782015,0.3365534758,0.3368540259,0.3419867016,0.3476009511,0.3523360971,0.3546663879,0.3571768482,0.3599313595,0.3629392597,0.3661706605,0.3706331482,0.3751154785,0.3783542346,0.3791675795,0.3801207775,0.3842063269,0.3898193184,0.3954410736,0.3949504404,0.3946498309,0.3960898388,0.4007577782,0.4055193307,0.4063374948,0.4054951847,0.4050649911,0.4068363083,0.409075805,0.4104664624,0.4099310747
8.5,0.938941914,0.8413090137,0.7464610729,0.6580240234,0.5806590081,0.520202827,0.4836264719,0.4747243972,0.4933868444,0.5347563079,0.5919521545,0.6586953428,0.7302471964,0.8032809062,0.8755291446,0.9453844424,1.011650732,1.073433595,1.130040582,1.180932888,1.225700167,1.26404908,1.295521311,1.319740674,1.33732954,1.348491075,1.353533762,1.352861702,1.346961159,1.336383154,1.321722469,1.303972063,1.283281447,1.260202045,1.235231262,1.208791522,1.18121341,1.152724217,1.123443052,1.093383852,1.062564674,1.030834101,0.9979686079,0.9637237081,0.9278689372,0.8902288793,0.8507318463,0.8093053417,0.766116448,0.7222138511,0.6788047052,0.6377138121,0.6015154136,0.573555606,0.5576879904,0.5575557989,0.5754443298,0.6116342457,0.6645166495,0.7312260264,0.8084559885,0.8929800071,0.9818585543,1.072467044,1.162482177,1.249522445,1.331599665,1.406971666,1.47406962,1.531500618,1.57806717,1.612808531,1.635066912,1.644627957,1.641889831,1.628160226,1.606069747,1.579953836,1.556109717,1.543055917,1.552491705,1.200629394,0.6721359275,0.2182519771,0.3188826195,0.3620953352,0.4055845638,0.4379319944,0.4702949122,0.4814356251,0.4925847404,0.4828809837,0.473178861,0.4482639139,0.4233574707,0.3817266291,0.3407462115,0.3041667197,0.2679037657,0.2281390169,0.2017426167,0.2030614697,0.2075901277,0.2164481214,0.2289868354,0.2416382483,0.2540629773,0.2663520081,0.2786523786,0.2850090399,0.2919155892,0.2996837271,0.3085190272,0.3176403354,0.3198836096,0.3192172972,0.3192969799,0.3245149266,0.3305795121,0.332958474,0.327205254,0.3223614926,0.3238820125,0.329269716,0.3358041615,0.3299762437,0.3250675605,0.3241688689,0.3303830091,0.3375838976,0.3390667484,0.3378728552,0.3372787932,0.3433597748,0.349984329,0.355826342,0.3593684375,0.363095574,0.3673507997,0.3720032332,0.3768800528,0.3844111847,0.3919706729,0.3978266048,0.4003218556,0.4029519559,0.4099905509,0.4192083055,0.4284477163,0.4289570042,0.4296673407,0.4325779514,0.4396522267,0.4468663629,0.4484056467,0.4474475916,0.4469540957,0.4488195457,0.4512524629,0.4524265899,0.4507727788
8.6,0.9838004165,0.89275719,0.8026721763,0.7161451959,0.6363850942,0.5674538624,0.5150217478,0.4836454753,0.4768558117,0.4945766083,0.5329840934,0.5864616419,0.6496207855,0.7181675191,0.788977585,0.8597948632,0.9288811655,0.9949069941,1.056826315,1.113809943,1.165209654,1.210540303,1.249125703,1.280376794,1.304965801,1.323057585,1.33494429,1.341029086,1.341805839,1.337834892,1.329715709,1.318701224,1.304628686,1.287998619,1.269240393,1.248693126,1.226592324,1.203062876,1.178118969,1.151604226,1.123539096,1.093739268,1.061910614,1.027745103,0.9909544557,0.9513099419,0.9086907222,0.8628767986,0.8138336106,0.7627760244,0.710948245,0.6603067519,0.6137431462,0.5752411998,0.5497197039,0.5421920139,0.5565142567,0.5926854908,0.6484067252,0.7196791593,0.8021103666,0.8916441037,0.9847698343,1.078488466,1.170191304,1.257428371,1.338194298,1.410768818,1.473668841,1.525644455,1.565692068,1.593089246,1.607391629,1.608609379,1.597587898,1.57597576,1.546734864,1.514499891,1.485813709,1.469403575,1.477521426,1.126685628,0.6097380965,0.2096921902,0.3623994427,0.4037403412,0.4452272073,0.4747055569,0.5042265728,0.5112185503,0.5182330917,0.5035381572,0.488848774,0.4588965181,0.4289589152,0.3820466699,0.3359002,0.2958826096,0.2562787924,0.2165269429,0.1942813548,0.2003466562,0.2101555564,0.2229100737,0.2362451641,0.2498506366,0.2641778767,0.2787888503,0.29340166,0.3001447957,0.3076138959,0.316050328,0.3255332038,0.3353596781,0.3379507911,0.337450675,0.3377131958,0.3422778133,0.347795169,0.3496500373,0.3431596976,0.337455622,0.3378329435,0.3421348407,0.3477775869,0.3405295095,0.3340652354,0.3318418369,0.3375613827,0.3444853544,0.345388934,0.3433693361,0.3419229155,0.3487443894,0.3562279363,0.3630559894,0.3676770726,0.3725121838,0.3782244456,0.384524943,0.391076752,0.4014694252,0.4119188034,0.4202790708,0.4244686991,0.4287986286,0.4386344377,0.4512267136,0.4638737013,0.4653552346,0.46704909,0.4713419374,0.4806270596,0.4901198449,0.4923081989,0.4911973082,0.4905923379,0.4923906561,0.4948534143,0.4957015507,0.4929176487
8.7,1.017138518,0.9333516204,0.8494206991,0.7673309267,0.6894461859,0.6187259761,0.5592847742,0.5154620762,0.4916823411,0.4906648477,0.5119356463,0.5519595976,0.6057671032,0.6685284029,0.7362461615,0.80595287,0.8753494858,0.9426428753,1.006435471,1.065640645,1.119432818,1.167218653,1.208264336,1.24194369,1.268982052,1.289627319,1.304276143,1.313446569,1.31774637,1.317837691,1.314399237,1.308943698,1.301117724,1.291372506,1.28004336,1.267333764,1.253307952,1.237891912,1.220882464,1.20178898,1.180489677,1.156648991,1.129770733,1.099354446,1.064929772,1.026096268,0.9825710752,0.9339198818,0.8798396209,0.8214922735,0.7599903324,0.6972071389,0.6361044927,0.5811314608,0.5384713911,0.5154918679,0.5194990656,0.5515247029,0.6087110036,0.6851810902,0.774606621,0.8715024375,0.9714404044,1.070864962,1.166722478,1.256529934,1.338312318,1.410394811,1.471412876,1.520295091,1.556263971,1.578859021,1.587823798,1.583311559,1.566644823,1.539768968,1.505907247,1.469894651,1.438390416,1.420172697,1.42781302,1.079749235,0.5759394738,0.2360917159,0.4059270235,0.4445226484,0.4832409064,0.5096533086,0.5361211188,0.5383915748,0.5406905063,0.5207032255,0.5007219795,0.465443707,0.4301805521,0.3779067892,0.3266334105,0.2835432782,0.2410696774,0.2036357843,0.189391195,0.2019571158,0.2183705101,0.2353476026,0.2486289157,0.2624378193,0.2786032578,0.2957953636,0.3129907157,0.3195605054,0.327107992,0.3359680683,0.3462201953,0.3568903472,0.3598714602,0.359574813,0.3601155104,0.3639170159,0.3687764656,0.3701646882,0.3633570428,0.3572530561,0.3563692798,0.3591643794,0.3635010972,0.3552016199,0.3475563078,0.3440521967,0.3486840394,0.3547811311,0.3549142938,0.3520351819,0.3496948661,0.3568399098,0.3648143287,0.3722966987,0.3776693703,0.3833002555,0.3903039177,0.3981715692,0.4063359099,0.4191842229,0.4321423486,0.4427984947,0.448784541,0.4549195343,0.4673711928,0.4830366517,0.4988159149,0.5014405089,0.504284208,0.5100147356,0.521365495,0.5330104193,0.5359116755,0.5347929616,0.5342111851,0.5358953993,0.5383333632,0.5388421315,0.5350044392
8.8,1.055113577,0.978361718,0.9003786935,0.8227283297,0.7472556453,0.6762916846,0.6125490805,0.5605228872,0.5248262791,0.5096164429,0.5169000109,0.5454013638,0.5911352051,0.6490645499,0.7144775537,0.7834319198,0.8528941247,0.920539879,0.9845848356,1.043681788,1.096854011,1.143452827,1.182822163,1.214506421,1.239302244,1.25766335,1.270226419,1.277768768,1.281160341,1.281311068,1.279115438,1.276195939,1.272407617,1.268225609,1.263926267,1.259573329,1.255018848,1.249917344,1.243750874,1.235652291,1.225128719,1.211507725,1.193955402,1.171648315,1.143811646,1.109760663,1.068947481,1.020688605,0.9644303655,0.9010703624,0.8314226634,0.7570003981,0.6803539215,0.6056176765,0.5392803239,0.4907497379,0.4725083097,0.4904886074,0.5433204145,0.6226997499,0.7189727899,0.8242219396,0.9325880555,1.039738331,1.142020378,1.23697124,1.322716634,1.397662061,1.460591445,1.510628023,1.547215586,1.570123727,1.579199775,1.574587678,1.557986642,1.531482717,1.498372723,1.463472841,1.43330764,1.416413296,1.425150763,1.079405594,0.5846255132,0.2837067794,0.4454697323,0.4811212377,0.5169406719,0.5404868705,0.5640842435,0.5614464538,0.5588296856,0.5336064957,0.5083858039,0.4677919503,0.4272063091,0.3699269238,0.3140790182,0.2686196847,0.2241716509,0.1925375594,0.1907096828,0.2108777776,0.2343576139,0.255281526,0.2675575326,0.2806755265,0.2984020421,0.3182184591,0.3380717974,0.3436701705,0.3505517673,0.3593983369,0.370512769,0.3821415293,0.3853486944,0.3849923016,0.3856059223,0.3885800127,0.3927085524,0.3936420707,0.3867395602,0.3805022212,0.3782119136,0.3791081403,0.3817238444,0.372714658,0.3642452921,0.3594911993,0.3623903784,0.3670228166,0.3661807484,0.3624358165,0.3591795701,0.3661268727,0.3741072284,0.381814666,0.3875608117,0.3936123881,0.4017131845,0.4110578422,0.4207607953,0.4355773626,0.4505822919,0.4633118027,0.4713150585,0.4794785821,0.4943807365,0.5127858663,0.5313923833,0.5354843009,0.5397998322,0.5471401273,0.5604456539,0.5741492422,0.5778892865,0.5769896814,0.5766534216,0.578280287,0.5807411309,0.5809455769,0.576080652
8.9,1.112233228,1.04336926,0.9715536516,0.8979626495,0.8240345482,0.7516809373,0.6826534852,0.6216057447,0.5733585862,0.5432647354,0.5356942189,0.5520255686,0.5898153243,0.6440019764,0.7091857217,0.7799188423,0.8519511715,0.9221552104,0.9881607691,1.048215398,1.101086965,1.145999545,1.182318031,1.209804058,1.229408559,1.241840054,1.248057178,1.249213547,1.246593588,1.241539325,1.235369663,1.22970476,1.225144928,1.22240164,1.22186054,1.223557345,1.227182954,1.232114937,1.237468743,1.242096983,1.244873153,1.244557164,1.239851634,1.22949366,1.212300609,1.18721494,1.153350198,1.109745794,1.055654135,0.9916416895,0.9181715642,0.836284346,0.7478358199,0.6559364148,0.5657818494,0.486088968,0.4320003817,0.4187764228,0.4538266889,0.5288134822,0.6287618888,0.7413485865,0.858343637,0.9743078251,1.084916363,1.187725361,1.28100081,1.363259396,1.433435041,1.490807736,1.534958252,1.565751944,1.582987375,1.586616564,1.578396584,1.560267769,1.53530618,1.508023416,1.484542966,1.472889468,1.484570647,1.135669786,0.6350125136,0.3338929185,0.4775783391,0.5108204233,0.5443488578,0.5655491243,0.5867891598,0.5795222334,0.5722619449,0.542179225,0.5120965299,0.466489928,0.4208836463,0.3594082989,0.3001151019,0.2533314473,0.2082880433,0.1869674897,0.2010279923,0.2286196125,0.2585586828,0.282703632,0.2932776447,0.3049798802,0.3238408288,0.3460623682,0.3684093301,0.3722141567,0.3776158012,0.3859151364,0.3979045593,0.4105340888,0.4136280433,0.4127101578,0.4129436142,0.415073908,0.4184458026,0.4188898834,0.4118798605,0.4055371905,0.4016932421,0.400398135,0.4009532376,0.3914938482,0.3824799486,0.3764848373,0.3770535743,0.3795860341,0.3775980062,0.3730427859,0.368907461,0.3750661995,0.3824756935,0.3899281155,0.3957210439,0.4018538654,0.4108289915,0.4215048797,0.4326166362,0.4489309592,0.4655291489,0.480124519,0.4904092013,0.5008711132,0.5180892901,0.5389201222,0.5600651357,0.5660283734,0.5722223199,0.5814218212,0.5966251124,0.6123458502,0.6170832704,0.6166577869,0.6168226494,0.6185578812,0.6212016744,0.6211825594,0.615224819
9,1.191967928,1.134797789,1.072013784,1.004345576,0.9328072522,0.8589061611,0.7839026915,0.7121665197,0.6484789965,0.5989915951,0.5703921213,0.567734619,0.5918807437,0.638949223,0.7030349794,0.7767068869,0.8538099001,0.9298648912,1.001505861,1.066264975,1.12240672,1.168816503,1.204610074,1.229526243,1.2446955,1.250961728,1.249513215,1.241827129,1.229604382,1.21469118,1.19898441,1.18424542,1.172161333,1.16404924,1.160778574,1.162691165,1.169574514,1.180693006,1.194867673,1.210836864,1.226687861,1.240430798,1.250202628,1.254205175,1.250764674,1.238382389,1.215780442,1.181659725,1.13506761,1.076309014,1.005525537,0.9233390737,0.8309699492,0.7304624342,0.6251587517,0.5207551038,0.4282271774,0.36625997,0.3583484036,0.4108206861,0.5052590885,0.6208666696,0.7446571861,0.8692463502,0.9895107606,1.102874197,1.207659404,1.302442726,1.386202508,1.45820671,1.517940758,1.565077013,1.599096182,1.619524167,1.627731508,1.625199138,1.614541597,1.599832433,1.586786272,1.582999983,1.598935563,1.235717007,0.7062326072,0.3707882561,0.5003198442,0.5324664259,0.5650909358,0.5846475047,0.6042357827,0.5931257803,0.5820159856,0.5477054746,0.5134017302,0.4634208804,0.4134503856,0.3490841684,0.2881285626,0.2414373162,0.1976892425,0.1908432157,0.2211786434,0.2547998105,0.2898465347,0.3163122194,0.3248833948,0.3347754015,0.3542447538,0.3783657443,0.4027627651,0.4040443548,0.4071954031,0.4143491559,0.4270237679,0.4404962358,0.4429526683,0.4407741103,0.439956985,0.441198496,0.4437602875,0.4435776281,0.4361849205,0.4294891286,0.4239453855,0.4202988146,0.4185684372,0.4087862475,0.3993678754,0.3921121381,0.3899243414,0.389841396,0.3866270616,0.3814074872,0.3765162847,0.381331273,0.3875858436,0.3943462406,0.4000559885,0.4061094268,0.4157555555,0.4275581944,0.4398851806,0.4574276796,0.4753534274,0.4917214662,0.50454268,0.5175684358,0.5370767433,0.5601814191,0.5837360062,0.5919964411,0.6005048356,0.6118712659,0.6290229557,0.6468316822,0.6527666636,0.6530814385,0.6540216035,0.6560837742,0.6591355677,0.659008122,0.6518431516
9.1,1.27966452,1.240298261,1.191955394,1.134888003,1.069681689,0.9974383706,0.9190695955,0.8384559538,0.7598831585,0.6893071231,0.6343664501,0.603293284,0.6020583655,0.6311400223,0.6860856129,0.7580269982,0.8383986835,0.9206400899,0.9998105893,1.072308598,1.135585324,1.187936995,1.227956564,1.25503165,1.270314989,1.274547255,1.268889873,1.254874955,1.234353852,1.209438942,1.182431704,1.155337672,1.13079614,1.110978988,1.097653119,1.091988254,1.094411894,1.1045536,1.121295853,1.143542499,1.168704623,1.19402298,1.217027787,1.235328936,1.246704694,1.24916546,1.241002307,1.220508897,1.186459889,1.138977767,1.077917831,1.003573103,0.9167169834,0.8186854546,0.7115570985,0.5985832997,0.4849351729,0.382205374,0.3126068124,0.3075774021,0.3726213365,0.4797206224,0.6048373766,0.7357125304,0.865576444,0.9911491392,1.110443742,1.221843355,1.32408363,1.416093814,1.496910843,1.565658324,1.621218059,1.662521028,1.69028417,1.705436603,1.710171164,1.70830913,1.705482785,1.709289342,1.72954456,1.340960975,0.7658978494,0.383399917,0.514755693,0.5476700802,0.5812721276,0.5998127363,0.6183883864,0.6046780476,0.5909832548,0.5532363355,0.5155179847,0.4621939827,0.4089358488,0.3432614609,0.2827123157,0.2375005114,0.1967011907,0.2048690808,0.2480619752,0.2859401593,0.3246464567,0.3526449942,0.3592244029,0.3671969501,0.3867613055,0.4121371836,0.4379768355,0.4361205436,0.4363111749,0.4416616704,0.4546111559,0.4685287096,0.4696762065,0.4654038619,0.4626871682,0.4628969447,0.4644828849,0.4634155032,0.4552299198,0.4477674255,0.4404015766,0.4343623491,0.4302247587,0.4202975888,0.4106480656,0.402232717,0.3971666347,0.3942179496,0.3899881227,0.3845704684,0.3793675235,0.3825545725,0.3872983897,0.3932031281,0.3991321614,0.4053732722,0.4156975165,0.4285248764,0.441974055,0.4607936047,0.4801049557,0.4983657126,0.5139724771,0.5298326056,0.5516957878,0.5770710944,0.6030739037,0.6139593654,0.6251330998,0.6389136648,0.6580488052,0.6780226447,0.6852871228,0.686506304,0.6884063207,0.6908871313,0.6944616461,0.6942654003,0.6857433277
9.2,1.349662257,1.333061803,1.304059099,1.26249574,1.20860843,1.143172495,1.066655566,0.9826773909,0.894877204,0.8083701525,0.7301048491,0.6688627582,0.6339787491,0.6319886716,0.6637737511,0.7223130584,0.7976263279,0.880732151,0.9645473459,1.043877959,1.115045096,1.175535672,1.223284072,1.257131723,1.277978583,1.286266459,1.282895715,1.269170285,1.246753026,1.217627531,1.184061182,1.148115099,1.112746504,1.080689792,1.054537117,1.036492509,1.028094526,1.029976545,1.04174635,1.062939074,1.090825363,1.122173894,1.154017145,1.183409096,1.207579437,1.224032373,1.23060898,1.225159122,1.206109803,1.173408215,1.126628147,1.065772932,0.9912828065,0.9040568148,0.8055133637,0.6977501971,0.5830779995,0.4679842381,0.3635250974,0.2931859763,0.2915917655,0.3630914366,0.4761790696,0.6067111392,0.7430146075,0.8794349307,1.012788327,1.1407569,1.261431553,1.373072283,1.47401097,1.562652745,1.637229874,1.696168533,1.739625684,1.768179965,1.783879129,1.79062557,1.79433833,1.803008794,1.826378158,1.408742442,0.7882257229,0.370613549,0.5253623113,0.5607625572,0.5969704477,0.6146094671,0.6323086526,0.617364962,0.6024686726,0.5619276971,0.5214432913,0.4658810763,0.4104758138,0.344549881,0.2855484489,0.242046687,0.2040171773,0.2233981616,0.2749643505,0.3158374912,0.3572271053,0.3863461266,0.3912325932,0.3974612173,0.41683531,0.4429881266,0.4697922055,0.4644778624,0.4612297895,0.4642550187,0.477109326,0.4910817027,0.4903478395,0.4832458194,0.4778063969,0.4768742764,0.4773231657,0.4751532075,0.4659013716,0.4573608309,0.4481631116,0.4398088746,0.4332444269,0.4237006491,0.4143420383,0.4051955222,0.3974208129,0.3916437625,0.3870744675,0.3825052328,0.3780430186,0.3796536767,0.3828723612,0.3881426779,0.3950826874,0.4022952326,0.4135706927,0.4274776693,0.4421396907,0.4623680114,0.4832443731,0.5035724767,0.5220974067,0.540971168,0.5650607748,0.5924892175,0.6208042405,0.6343371072,0.6482375172,0.6643757711,0.6851903142,0.7070920632,0.7155261017,0.717531003,0.7202998675,0.7230157142,0.7269561713,0.7265271454,0.7164184398
9.3,1.383734114,1.390587783,1.382242938,1.35826095,1.318649461,1.263967588,1.194122578,1.11277708,1.023041566,0.9291939051,0.8370026886,0.7540515204,0.6896437241,0.6533119083,0.6518585204,0.6842027026,0.742596956,0.8170389393,0.8983980564,0.9796190118,1.055632799,1.122935681,1.178774459,1.221396732,1.251140923,1.268037088,1.272590675,1.265713097,1.248673533,1.223068286,1.190804135,1.153742948,1.11461449,1.076165344,1.041268561,1.012738863,0.9930519799,0.9839982542,0.9863589316,1.000659034,1.024842251,1.055847721,1.090550153,1.125652415,1.157950311,1.184504426,1.202740479,1.210101571,1.204637322,1.186057814,1.153655422,1.107152493,1.046692854,0.9728429407,0.8866172222,0.7895620879,0.6830427956,0.5716314503,0.4618352094,0.3665252771,0.3109664847,0.3247494274,0.4047568641,0.5224813182,0.6575883111,0.7991901788,0.9414744459,1.080737729,1.214062026,1.338869779,1.452764129,1.553524806,1.638914584,1.707118464,1.758040318,1.792205059,1.811797257,1.821043218,1.826340759,1.836242881,1.860875244,1.418752457,0.7670473975,0.3437048273,0.5380264832,0.5767081139,0.6161567968,0.6321285161,0.6482218991,0.6329539738,0.6177538876,0.5744126782,0.5311402586,0.4738013113,0.4166744101,0.3502579506,0.2921590367,0.2490470009,0.2117888311,0.2383542574,0.2959771834,0.3393283697,0.3830255074,0.4133199125,0.4172120918,0.4223012771,0.4415307536,0.4682539211,0.4958107248,0.487365444,0.4808235157,0.4814914584,0.4941691033,0.5080901256,0.5053445988,0.4951594772,0.4865981206,0.4846845315,0.4841002603,0.4808855542,0.4705987729,0.4609628858,0.4501575318,0.4397794215,0.4309833898,0.4226260274,0.4143780846,0.4051897769,0.3950451553,0.3866750915,0.3826835988,0.3802948419,0.3779500939,0.3780861161,0.3798625002,0.3848074082,0.3935776457,0.4026197138,0.4150004486,0.4298560328,0.4456856701,0.467114242,0.4894404517,0.5116964768,0.5328749786,0.5545765874,0.5803286359,0.6091262074,0.639167914,0.654966773,0.6712595823,0.689306165,0.7110888854,0.734266037,0.7434049634,0.7458204934,0.7491008645,0.7516900829,0.7556439428,0.7546793962,0.7427446249
9.4,1.383590086,1.410320448,1.420039493,1.412141034,1.38649901,1.343540868,1.282615015,1.207537066,1.121043723,1.026795428,0.9295919766,0.8356651398,0.7529191616,0.6906302409,0.6581245447,0.6599017617,0.6935269886,0.7510610677,0.8227783678,0.9001178345,0.9765876856,1.047589869,1.109683725,1.160538342,1.199672669,1.22663097,1.241450862,1.244578191,1.236814468,1.219290358,1.193460586,1.16082436,1.123831102,1.084993103,1.047112675,1.013170213,0.9861072031,0.9684915991,0.9621098681,0.9683265161,0.9861730487,1.01328673,1.046755723,1.083216109,1.119230155,1.151552999,1.177292143,1.193598434,1.198190504,1.19046206,1.169448175,1.134611331,1.085826594,1.023378322,0.9479806349,0.8608477223,0.7631382749,0.6585482378,0.5521349692,0.4530759335,0.3786923392,0.3554102786,0.3991489148,0.4956204259,0.6221351932,0.7623621935,0.9070637169,1.050695518,1.189157453,1.319040931,1.437345573,1.541430342,1.628818555,1.697699232,1.748034448,1.780531217,1.797692126,1.804176375,1.806896005,1.814967762,1.839191753,1.38064633,0.7158060247,0.3215443005,0.5567189412,0.5983005975,0.6404885585,0.6533432939,0.6664156966,0.6508529033,0.6353477938,0.5884159547,0.5415439396,0.4819509256,0.4225486907,0.3544999647,0.295777799,0.2514210442,0.2130276041,0.2458460803,0.3101317103,0.3559112398,0.4019068805,0.4337369272,0.4376771858,0.4426431913,0.4619337992,0.4890594156,0.5172226961,0.506682981,0.4977712531,0.496636913,0.509183971,0.523107278,0.5187239043,0.5058920378,0.4945168945,0.4920052438,0.490752207,0.4868138718,0.4757479805,0.4652455989,0.4532939255,0.4414486452,0.4309278362,0.4242878037,0.4177150254,0.4090472852,0.3970047595,0.3864597731,0.3836227142,0.3841293899,0.3846620074,0.3832729421,0.3835587758,0.3881761105,0.3989094607,0.409983204,0.4231018253,0.4383232776,0.4548408163,0.4768365867,0.5000790405,0.5236949866,0.5468098073,0.570713685,0.5973475636,0.6266837625,0.6576841082,0.6751474963,0.6932721536,0.712639357,0.7346929576,0.7584621212,0.7678344381,0.7702894091,0.7737105132,0.7759003773,0.7795795385,0.7778634173,0.7640252005
9.5,1.363143728,1.404540261,1.427999677,1.432805965,1.418750681,1.386178538,1.334009156,1.266129849,1.185015052,1.093897002,0.9969003034,0.8992541108,0.8075554959,0.7298833063,0.6756815565,0.6520259005,0.6612388243,0.6993822294,0.7581192877,0.8283763061,0.9025408849,0.9749483068,1.04146637,1.099202046,1.146712345,1.182995598,1.207578303,1.220418237,1.221851198,1.212570363,1.19363071,1.166074292,1.132335901,1.094755602,1.056072888,1.019354251,0.9878211079,0.9645440207,0.9520116852,0.9520896972,0.9647355601,0.9883182321,1.020216686,1.057102187,1.095403939,1.131661359,1.162740414,1.185612383,1.197740002,1.198121345,1.185556152,1.159266203,1.118880738,1.064437741,0.9964121542,0.9157932755,0.8237924245,0.7236427762,0.6199223571,0.520613659,0.4400773322,0.4009270018,0.423067484,0.5027614163,0.6204404538,0.7571790613,0.9010600622,1.044899334,1.183569544,1.313009772,1.429824196,1.531179196,1.614567866,1.678365364,1.722837104,1.749031554,1.759868028,1.760464917,1.758203104,1.762679133,1.785478792,1.317959353,0.6551373624,0.3197013224,0.5820025687,0.6252756618,0.6689670745,0.6772392941,0.6858249978,0.6691791251,0.6525609271,0.6009231998,0.54932999,0.486506103,0.4238066165,0.3530707474,0.2926561094,0.2461739537,0.2059289409,0.2470654139,0.3202404556,0.3684575563,0.4167729227,0.450508949,0.4555855246,0.4615609135,0.4810523165,0.5082401592,0.5367028604,0.525407526,0.5154696963,0.5133699215,0.5256463086,0.5394573217,0.5340124867,0.5194219856,0.5060769878,0.5032684243,0.5016674827,0.4973233382,0.4857631935,0.4746803304,0.4621206913,0.4494940292,0.4379514192,0.4329422018,0.4279835701,0.4200224258,0.4067290098,0.3946632343,0.3929592054,0.3960242843,0.3991214904,0.3961991388,0.3949764815,0.3990129387,0.4110469896,0.4235547605,0.4366662839,0.4514685827,0.4679571317,0.4897505542,0.5132013054,0.5374056792,0.5615157814,0.5867592906,0.6136343826,0.6429638655,0.6743912545,0.6928416336,0.7121514416,0.7323347361,0.7543724703,0.7784231867,0.7877288798,0.7899292028,0.793190615,0.7949638653,0.7983240889,0.7958539216,0.7802106109
9.6,1.335998229,1.38822134,1.42205915,1.436693502,1.431848065,1.4078054,1.363255212,1.30198163,1.226261061,1.139013428,1.043887019,0.9454150891,0.8492554821,0.7624430325,0.6940215627,0.6519047195,0.6414307141,0.6625779114,0.7094054028,0.7731438706,0.8453697147,0.9193807431,0.9902785951,1.054570212,1.109834474,1.154475495,1.187487411,1.208348779,1.216970125,1.213678628,1.199229184,1.1741514,1.141173378,1.102622007,1.061328778,1.020581828,0.9839818805,0.9551496305,0.9372615529,0.9326459407,0.9419509501,0.9640667484,0.9964821134,1.035741328,1.078014377,1.119538186,1.156881949,1.186839551,1.206628286,1.214743733,1.2097219,1.190522663,1.156520103,1.107513767,1.043769702,0.9661101954,0.8758451953,0.7760156421,0.6710678781,0.5686407717,0.4822143376,0.4333186102,0.4436340903,0.5143825798,0.6277629022,0.7632357671,0.9069710853,1.050566327,1.188172037,1.315328655,1.428472986,1.524788387,1.601908434,1.658514726,1.695331199,1.713831357,1.717377163,1.711505279,1.703954962,1.704638959,1.725824035,1.254659594,0.604276767,0.3412600243,0.6118973768,0.6553679536,0.699106879,0.7019229104,0.7051087994,0.6861071949,0.667109274,0.6098780017,0.5526817547,0.4856650176,0.4187058141,0.3448258391,0.2826167994,0.2340110103,0.1923336912,0.2453642195,0.3296139692,0.3800959231,0.4305934368,0.4663819154,0.4733239091,0.4811196871,0.5008624942,0.5277625835,0.5561851923,0.5451337493,0.5352559478,0.5328795529,0.5446394243,0.5580915475,0.5520113842,0.5364592798,0.5219788974,0.5189642235,0.517128119,0.5125223882,0.5006496963,0.4891827059,0.4764124265,0.463546178,0.4515813733,0.4477901593,0.4440409358,0.436720446,0.4228161441,0.409931045,0.409074131,0.4139057278,0.418783321,0.414460077,0.411860966,0.4151123817,0.4275868709,0.4406869738,0.4530583207,0.4667700663,0.4825857309,0.5035701738,0.5266381249,0.5507180642,0.5748671978,0.6005468635,0.6272847926,0.6564784467,0.6882100321,0.7068825187,0.7266305363,0.7472112146,0.7694304446,0.7939444806,0.803004663,0.8045877928,0.8073180891,0.8089103256,0.8121712306,0.8091367731,0.7918262558
9.7,1.306328816,1.368190397,1.411352275,1.434873707,1.438402352,1.422157395,1.38480108,1.329811199,1.259276244,1.175835663,1.082732781,0.9839382543,0.8843747566,0.7902444855,0.7102072947,0.6526359752,0.6251461513,0.6314568456,0.6685049729,0.7281563943,0.8010834768,0.8792804869,0.9567763821,1.029277008,1.093401384,1.146888273,1.188167822,1.216242202,1.230629363,1.231347576,1.218926837,1.193342798,1.157793168,1.11469964,1.06710342,1.018652608,0.9735048237,0.9360666974,0.9104942184,0.8999751627,0.9059379453,0.9277296225,0.962760444,1.007150616,1.056498741,1.106469405,1.153121676,1.192927077,1.222755959,1.240448555,1.244179902,1.232572116,1.204692465,1.160076875,1.098783588,1.021491592,0.9295437956,0.8259884866,0.7152382128,0.6048253614,0.5080915463,0.4472452112,0.4473819158,0.5135188784,0.6270513851,0.7647176215,0.9107314894,1.0556844,1.193255739,1.318819084,1.428847906,1.520716556,1.592328427,1.642732214,1.673170508,1.685541512,1.683587985,1.673133128,1.662066691,1.660334624,1.680518756,1.209475105,0.5778243282,0.379397441,0.6438844668,0.6861227953,0.728536405,0.7256569039,0.7231513381,0.700312943,0.6774774539,0.6141518891,0.5508617356,0.4788239751,0.4067998967,0.3299631177,0.2668682775,0.2167229519,0.1748412826,0.2437656307,0.3403905478,0.3926683092,0.4449556281,0.4826209968,0.4916555858,0.5015859913,0.5216418327,0.5481440157,0.5764015792,0.5659055739,0.556502021,0.5541925466,0.5654338251,0.5784873724,0.5719151743,0.5557028128,0.5404571629,0.5373058307,0.5353057644,0.5304999512,0.5183642874,0.5065775192,0.4937616365,0.4809127589,0.4688417498,0.4660632275,0.4633146311,0.4565763486,0.442361523,0.4290402688,0.4289411484,0.435175778,0.4414594441,0.435727677,0.4317761323,0.4341474359,0.4466458801,0.4598800476,0.4709524695,0.4829741675,0.4975290449,0.517352961,0.5396758245,0.5630766897,0.5863360584,0.6115410616,0.6378681288,0.6670115501,0.6991839654,0.7172171186,0.7365292321,0.7570538192,0.7798886556,0.8053410329,0.8139963647,0.8144502084,0.8161104834,0.817854844,0.8213637755,0.8180552084,0.7992122802
9.8,1.268294916,1.341224206,1.395209876,1.429149739,1.442591639,1.435669819,1.407140942,1.36000658,1.296115634,1.217768547,1.127744675,1.029400085,0.9268762766,0.8254674561,0.7331323788,0.6584585407,0.6112115632,0.5996445872,0.6251909279,0.6812242782,0.7571560374,0.842876864,0.9305943269,1.014701425,1.090739603,1.15562538,1.207137256,1.243760489,1.264612224,1.269413688,1.258490422,1.231235778,1.191297709,1.141176239,1.08408719,1.024003552,0.9656554418,0.9143932833,0.875757419,0.8545880428,0.853771082,0.8735601265,0.9113734284,0.9626239865,1.02189234,1.08382881,1.143613465,1.197104823,1.240607962,1.271119821,1.286301037,1.284317971,1.263848783,1.224118209,1.164959443,1.086911472,0.9912304359,0.8810978536,0.7608352282,0.637720073,0.5247837491,0.4453521662,0.4305196082,0.4917500967,0.6078927992,0.7506191724,0.9014596349,1.050000895,1.189634253,1.315767727,1.425088061,1.515296884,1.584649206,1.632553749,1.660721316,1.671361491,1.668413927,1.657731538,1.64702208,1.645847421,1.666453541,1.197514489,0.5842575133,0.4244088252,0.6755907012,0.715501579,0.7555459787,0.747123973,0.7390384467,0.7109235101,0.682832695,0.6132741699,0.5437662667,0.4659315478,0.3880968349,0.3092633729,0.2474898034,0.1967369878,0.1566151596,0.2448777533,0.3539374004,0.4071429668,0.460464576,0.4994744193,0.5104344554,0.5224081859,0.5428803792,0.5691486367,0.597392773,0.5870556624,0.5778041617,0.5755524599,0.5867312911,0.5998004291,0.5925914395,0.5753509771,0.5590282458,0.5560189194,0.5541213725,0.5492452684,0.536731555,0.5245187888,0.5115896743,0.4987363242,0.4865761471,0.4851142161,0.4836662395,0.4775962102,0.4627763701,0.4487921806,0.4497908627,0.4580122167,0.4662682375,0.4586309015,0.4528733178,0.4542398643,0.4671624258,0.4808586105,0.4902807652,0.4999275809,0.5125367753,0.5310865112,0.552541266,0.5749332787,0.5965295446,0.62045026,0.6459844174,0.6750479133,0.707771305,0.7244515625,0.7425436048,0.7625097385,0.7862274429,0.8130251951,0.8211564224,0.8200012926,0.8200469545,0.8221083204,0.8260884747,0.8227747316,0.8026409594
9.9,1.206943266,1.293942007,1.362166115,1.410303176,1.437770395,1.444577374,1.42956163,1.395115384,1.342719718,1.274178021,1.191624372,1.097600765,0.9952393887,0.888609551,0.7841871901,0.6898060641,0.6162205405,0.5764835477,0.5800080126,0.6256329454,0.702393761,0.7967914341,0.8976932037,0.9971165088,1.089050149,1.169261966,1.234695362,1.283219915,1.313503789,1.324950349,1.317667959,1.290452164,1.247273581,1.190592201,1.123598881,1.050294461,0.9756067507,0.9054887735,0.8468216809,0.8068139979,0.7911385895,0.8024896803,0.8392885048,0.8963123658,0.9665943845,1.043093079,1.119518814,1.190654238,1.251894419,1.299144678,1.329351605,1.340080136,1.329522842,1.296541139,1.240727485,1.162488671,1.062891038,0.9453331763,0.8139299233,0.6753358811,0.5413220153,0.4346686712,0.393679736,0.4437715528,0.5621068708,0.711381973,0.8689244971,1.023179039,1.167427156,1.297317383,1.409910875,1.503326363,1.576173034,1.628100684,1.661076917,1.677333596,1.680649478,1.676502604,1.671986015,1.675804563,1.699039925,1.230470731,0.623448881,0.4670928618,0.7047137473,0.7417317083,0.7788856683,0.7652877641,0.751961229,0.717348892,0.682785586,0.6072953143,0.5319035018,0.4473646319,0.3628350086,0.2843068236,0.228185688,0.1779694462,0.1424539249,0.2510425243,0.3710223018,0.4238477745,0.4770006329,0.5164618459,0.5289887184,0.5427112408,0.5636888072,0.589998646,0.6185194839,0.6074297042,0.597438333,0.5949658207,0.6069927563,0.6209875765,0.6127500954,0.5934458126,0.5750200287,0.572787253,0.5716221841,0.5669846596,0.5537701881,0.5408057523,0.5275123097,0.5144505128,0.5020099416,0.5027647009,0.5035214986,0.4983945245,0.4819896483,0.4663842034,0.4693272699,0.4812717303,0.4932326491,0.4824902979,0.4737266896,0.4737666927,0.4884954629,0.5039884285,0.5116407044,0.5180275252,0.5277674329,0.5450652635,0.5656974452,0.5870360548,0.606617715,0.6287934878,0.6527817369,0.6811409366,0.7140633827,0.729318551,0.7459725726,0.7649239699,0.7890235126,0.8169549307,0.8245973801,0.8218101152,0.8201049732,0.8220884982,0.8262581841,0.8230144955,0.8021644149
10,1.101146164,1.205066691,1.291542788,1.35898609,1.406641545,1.43432257,1.440803427,1.427677781,1.395814774,1.34623759,1.280138518,1.198964729,1.104592525,0.9996265054,0.8884400121,0.7770352529,0.6746887591,0.5956545485,0.5575526407,0.5724699568,0.6364257114,0.7331509802,0.8456860693,0.9615069935,1.071851879,1.170684529,1.253777655,1.318221346,1.362163475,1.384664971,1.385607909,1.363172465,1.321555037,1.26304678,1.190568324,1.10772342,1.018952594,0.9298104836,0.8473221772,0.7802967269,0.7378457464,0.7276810187,0.7524693545,0.808163214,0.886184799,0.9768509736,1.071412962,1.162838543,1.245100666,1.312624391,1.361400491,1.38823734,1.390755699,1.36742311,1.317603737,1.241613084,1.140309019,1.017414914,0.8767997528,0.7242235445,0.5691153571,0.4299457872,0.3464298713,0.3685043988,0.4830618347,0.6377674171,0.8023904068,0.9638067076,1.115348491,1.253089959,1.374555357,1.478235988,1.562903821,1.628087867,1.675536395,1.706972281,1.725483749,1.735714377,1.743803196,1.757358886,1.785740131,1.309136469,0.6829136764,0.4974909951,0.7287687865,0.7631396045,0.7976961322,0.7795760189,0.761647981,0.7197793246,0.6779628555,0.5976426125,0.5175428661,0.4249814228,0.3324332293,0.2588277613,0.2152789926,0.1665300301,0.1389218054,0.2631919727,0.3905408586,0.4415896481,0.4931756101,0.5320004364,0.5456579429,0.5607521209,0.5821830116,0.6086812888,0.6376828496,0.6248160911,0.6129888634,0.6098714005,0.6238642156,0.6400096963,0.6302619325,0.6074595886,0.5854106948,0.5849383601,0.5855318532,0.581703372,0.5673691001,0.5532102018,0.5392456962,0.5257321038,0.5127523076,0.5172778954,0.5218039187,0.518168726,0.498630516,0.4797815611,0.4860267209,0.504580358,0.5231474793,0.5074471989,0.4936686521,0.4917199377,0.5105747554,0.5302437111,0.5363187122,0.5383838433,0.5440493911,0.5599904058,0.5797977254,0.6003750601,0.6185442369,0.6394154175,0.6603623287,0.685950576,0.7174306797,0.7328124013,0.7493963227,0.7672426439,0.7893364416,0.8164903204,0.8240513169,0.8209402088,0.8186604327,0.8189404081,0.8218301495,0.8181662545,0.7977817014
