0.000000	0.000000
0.001000	0.000000
0.002000	0.000000
0.003000	0.000002
0.004000	0.000004
0.005000	0.000007
0.006000	0.000013
0.007000	0.000020
0.008000	0.000030
0.009000	0.000043
0.010000	0.000059
0.011000	0.000078
0.012000	0.000101
0.013000	0.000129
0.014000	0.000160
0.015000	0.000197
0.016000	0.000238
0.017000	0.000284
0.018000	0.000336
0.019000	0.000394
0.020000	0.000458
0.021000	0.000528
0.022000	0.000604
0.023000	0.000687
0.024000	0.000777
0.025000	0.000874
0.026000	0.000979
0.027000	0.001090
0.028000	0.001209
0.029000	0.001335
0.030000	0.001470
0.031000	0.001611
0.032000	0.001761
0.033000	0.001919
0.034000	0.002084
0.035000	0.002257
0.036000	0.002439
0.037000	0.002628
0.038000	0.002824
0.039000	0.003029
0.040000	0.003241
0.041000	0.003461
0.042000	0.003688
0.043000	0.003923
0.044000	0.004164
0.045000	0.004413
0.046000	0.004668
0.047000	0.004930
0.048000	0.005198
0.049000	0.005472
0.050000	0.005752
0.051000	0.006037
0.052000	0.006327
0.053000	0.006622
0.054000	0.006922
0.055000	0.007225
0.056000	0.007532
0.057000	0.007843
0.058000	0.008156
0.059000	0.008472
0.060000	0.008789
0.061000	0.009108
0.062000	0.009428
0.063000	0.009749
0.064000	0.010069
0.065000	0.010389
0.066000	0.010707
0.067000	0.011024
0.068000	0.011338
0.069000	0.011650
0.070000	0.011958
0.071000	0.012262
0.072000	0.012561
0.073000	0.012854
0.074000	0.013142
0.075000	0.013423
0.076000	0.013697
0.077000	0.013962
0.078000	0.014220
0.079000	0.014467
0.080000	0.014705
0.081000	0.014932
0.082000	0.015147
0.083000	0.015351
0.084000	0.015541
0.085000	0.015718
0.086000	0.015881
0.087000	0.016030
0.088000	0.016162
0.089000	0.016279
0.090000	0.016378
0.091000	0.016460
0.092000	0.016524
0.093000	0.016568
0.094000	0.016593
0.095000	0.016598
0.096000	0.016583
0.097000	0.016545
0.098000	0.016486
0.099000	0.016404
0.100000	0.016298
0.101000	0.016169
0.102000	0.016016
0.103000	0.015837
0.104000	0.015633
0.105000	0.015403
0.106000	0.015147
0.107000	0.014864
0.108000	0.014553
0.109000	0.014215
0.110000	0.013848
0.111000	0.013453
0.112000	0.013029
0.113000	0.012576
0.114000	0.012093
0.115000	0.011580
0.116000	0.011037
0.117000	0.010464
0.118000	0.009860
0.119000	0.009226
0.120000	0.008561
0.121000	0.007865
0.122000	0.007138
0.123000	0.006380
0.124000	0.005590
0.125000	0.004770
0.126000	0.003919
0.127000	0.003037
0.128000	0.002124
0.129000	0.001181
0.130000	0.000207
0.131000	-0.000797
0.132000	-0.001831
0.133000	-0.002895
0.134000	-0.003988
0.135000	-0.005110
0.136000	-0.006260
0.137000	-0.007439
0.138000	-0.008645
0.139000	-0.009878
0.140000	-0.011138
0.141000	-0.012424
0.142000	-0.013735
0.143000	-0.015070
0.144000	-0.016430
0.145000	-0.017812
0.146000	-0.019218
0.147000	-0.020644
0.148000	-0.022092
0.149000	-0.023559
0.150000	-0.025046
0.151000	-0.026550
0.152000	-0.028071
0.153000	-0.029609
0.154000	-0.031161
0.155000	-0.032727
0.156000	-0.034306
0.157000	-0.035896
0.158000	-0.037497
0.159000	-0.039107
0.160000	-0.040725
0.161000	-0.042349
0.162000	-0.043979
0.163000	-0.045613
0.164000	-0.047249
0.165000	-0.048886
0.166000	-0.050524
0.167000	-0.052160
0.168000	-0.053792
0.169000	-0.055420
0.170000	-0.057042
0.171000	-0.058657
0.172000	-0.060262
0.173000	-0.061857
0.174000	-0.063439
0.175000	-0.065007
0.176000	-0.066560
0.177000	-0.068096
0.178000	-0.069613
0.179000	-0.071109
0.180000	-0.072584
0.181000	-0.074035
0.182000	-0.075461
0.183000	-0.076859
0.184000	-0.078229
0.185000	-0.079568
0.186000	-0.080875
0.187000	-0.082149
0.188000	-0.083387
0.189000	-0.084588
0.190000	-0.085750
0.191000	-0.086872
0.192000	-0.087952
0.193000	-0.088988
0.194000	-0.089979
0.195000	-0.090923
0.196000	-0.091818
0.197000	-0.092663
0.198000	-0.093456
0.199000	-0.094196
0.200000	-0.094881
0.201000	-0.095510
0.202000	-0.096082
0.203000	-0.096594
0.204000	-0.097045
0.205000	-0.097434
0.206000	-0.097760
0.207000	-0.098021
0.208000	-0.098216
0.209000	-0.098344
0.210000	-0.098403
0.211000	-0.098393
0.212000	-0.098311
0.213000	-0.098158
0.214000	-0.097931
0.215000	-0.097630
0.216000	-0.097255
0.217000	-0.096803
0.218000	-0.096274
0.219000	-0.095668
0.220000	-0.094983
0.221000	-0.094219
0.222000	-0.093375
0.223000	-0.092450
0.224000	-0.091444
0.225000	-0.090357
0.226000	-0.089188
0.227000	-0.087936
0.228000	-0.086601
0.229000	-0.085183
0.230000	-0.083682
0.231000	-0.082097
0.232000	-0.080429
0.233000	-0.078677
0.234000	-0.076842
0.235000	-0.074924
0.236000	-0.072922
0.237000	-0.070837
0.238000	-0.068669
0.239000	-0.066420
0.240000	-0.064088
0.241000	-0.061675
0.242000	-0.059181
0.243000	-0.056608
0.244000	-0.053955
0.245000	-0.051223
0.246000	-0.048414
0.247000	-0.045528
0.248000	-0.042566
0.249000	-0.039530
0.250000	-0.036420
0.251000	-0.033238
0.252000	-0.029985
0.253000	-0.026662
0.254000	-0.023271
0.255000	-0.019814
0.256000	-0.016292
0.257000	-0.012706
0.258000	-0.009058
0.259000	-0.005351
0.260000	-0.001586
0.261000	0.002236
0.262000	0.006112
0.263000	0.010040
0.264000	0.014017
0.265000	0.018043
0.266000	0.022114
0.267000	0.026229
0.268000	0.030384
0.269000	0.034578
0.270000	0.038808
0.271000	0.043071
0.272000	0.047366
0.273000	0.051688
0.274000	0.056037
0.275000	0.060408
0.276000	0.064799
0.277000	0.069207
0.278000	0.073630
0.279000	0.078064
0.280000	0.082506
0.281000	0.086954
0.282000	0.091404
0.283000	0.095853
0.284000	0.100299
0.285000	0.104737
0.286000	0.109166
0.287000	0.113581
0.288000	0.117979
0.289000	0.122357
0.290000	0.126713
0.291000	0.131041
0.292000	0.135340
0.293000	0.139606
0.294000	0.143835
0.295000	0.148024
0.296000	0.152170
0.297000	0.156269
0.298000	0.160319
0.299000	0.164314
0.300000	0.168254
0.301000	0.172132
0.302000	0.175948
0.303000	0.179696
0.304000	0.183375
0.305000	0.186979
0.306000	0.190507
0.307000	0.193955
0.308000	0.197319
0.309000	0.200597
0.310000	0.203784
0.311000	0.206879
0.312000	0.209877
0.313000	0.212776
0.314000	0.215572
0.315000	0.218263
0.316000	0.220845
0.317000	0.223316
0.318000	0.225672
0.319000	0.227912
0.320000	0.230031
0.321000	0.232027
0.322000	0.233898
0.323000	0.235641
0.324000	0.237253
0.325000	0.238732
0.326000	0.240075
0.327000	0.241281
0.328000	0.242346
0.329000	0.243269
0.330000	0.244047
0.331000	0.244679
0.332000	0.245162
0.333000	0.245495
0.334000	0.245675
0.335000	0.245702
0.336000	0.245572
0.337000	0.245286
0.338000	0.244842
0.339000	0.244237
0.340000	0.243471
0.341000	0.242543
0.342000	0.241452
0.343000	0.240197
0.344000	0.238777
0.345000	0.237191
0.346000	0.235438
0.347000	0.233519
0.348000	0.231432
0.349000	0.229178
0.350000	0.226757
0.351000	0.224167
0.352000	0.221410
0.353000	0.218485
0.354000	0.215394
0.355000	0.212135
0.356000	0.208710
0.357000	0.205119
0.358000	0.201364
0.359000	0.197445
0.360000	0.193362
0.361000	0.189118
0.362000	0.184713
0.363000	0.180149
0.364000	0.175428
0.365000	0.170550
0.366000	0.165518
0.367000	0.160333
0.368000	0.154997
0.369000	0.149514
0.370000	0.143884
0.371000	0.138110
0.372000	0.132194
0.373000	0.126140
0.374000	0.119949
0.375000	0.113625
0.376000	0.107170
0.377000	0.100588
0.378000	0.093881
0.379000	0.087053
0.380000	0.080108
0.381000	0.073048
0.382000	0.065877
0.383000	0.058599
0.384000	0.051218
0.385000	0.043738
0.386000	0.036162
0.387000	0.028494
0.388000	0.020739
0.389000	0.012902
0.390000	0.004986
0.391000	-0.003005
0.392000	-0.011065
0.393000	-0.019190
0.394000	-0.027376
0.395000	-0.035617
0.396000	-0.043908
0.397000	-0.052246
0.398000	-0.060624
0.399000	-0.069039
0.400000	-0.077484
0.401000	-0.085954
0.402000	-0.094445
0.403000	-0.102950
0.404000	-0.111465
0.405000	-0.119985
0.406000	-0.128503
0.407000	-0.137015
0.408000	-0.145514
0.409000	-0.153995
0.410000	-0.162453
0.411000	-0.170883
0.412000	-0.179277
0.413000	-0.187632
0.414000	-0.195940
0.415000	-0.204197
0.416000	-0.212396
0.417000	-0.220532
0.418000	-0.228600
0.419000	-0.236593
0.420000	-0.244506
0.421000	-0.252334
0.422000	-0.260070
0.423000	-0.267708
0.424000	-0.275244
0.425000	-0.282672
0.426000	-0.289986
0.427000	-0.297180
0.428000	-0.304249
0.429000	-0.311188
0.430000	-0.317991
0.431000	-0.324653
0.432000	-0.331168
0.433000	-0.337532
0.434000	-0.343738
0.435000	-0.349783
0.436000	-0.355660
0.437000	-0.361365
0.438000	-0.366894
0.439000	-0.372240
0.440000	-0.377400
0.441000	-0.382368
0.442000	-0.387141
0.443000	-0.391713
0.444000	-0.396081
0.445000	-0.400240
0.446000	-0.404186
0.447000	-0.407915
0.448000	-0.411422
0.449000	-0.414705
0.450000	-0.417760
0.451000	-0.420582
0.452000	-0.423169
0.453000	-0.425516
0.454000	-0.427622
0.455000	-0.429483
0.456000	-0.431096
0.457000	-0.432458
0.458000	-0.433566
0.459000	-0.434419
0.460000	-0.435014
0.461000	-0.435348
0.462000	-0.435420
0.463000	-0.435227
0.464000	-0.434769
0.465000	-0.434043
0.466000	-0.433049
0.467000	-0.431784
0.468000	-0.430249
0.469000	-0.428441
0.470000	-0.426361
0.471000	-0.424007
0.472000	-0.421380
0.473000	-0.418479
0.474000	-0.415304
0.475000	-0.411856
0.476000	-0.408134
0.477000	-0.404140
0.478000	-0.399873
0.479000	-0.395336
0.480000	-0.390528
0.481000	-0.385451
0.482000	-0.380107
0.483000	-0.374497
0.484000	-0.368623
0.485000	-0.362487
0.486000	-0.356091
0.487000	-0.349438
0.488000	-0.342529
0.489000	-0.335368
0.490000	-0.327957
0.491000	-0.320299
0.492000	-0.312399
0.493000	-0.304258
0.494000	-0.295881
0.495000	-0.287271
0.496000	-0.278433
0.497000	-0.269370
0.498000	-0.260087
0.499000	-0.250587
0.500000	-0.240877
0.501000	-0.230960
0.502000	-0.220841
0.503000	-0.210525
0.504000	-0.200018
0.505000	-0.189325
0.506000	-0.178451
0.507000	-0.167402
0.508000	-0.156184
0.509000	-0.144804
0.510000	-0.133266
0.511000	-0.121577
0.512000	-0.109744
0.513000	-0.097773
0.514000	-0.085671
0.515000	-0.073444
0.516000	-0.061099
0.517000	-0.048643
0.518000	-0.036084
0.519000	-0.023429
0.520000	-0.010684
0.521000	0.002143
0.522000	0.015044
0.523000	0.028012
0.524000	0.041039
0.525000	0.054118
0.526000	0.067240
0.527000	0.080398
0.528000	0.093584
0.529000	0.106790
0.530000	0.120007
0.531000	0.133228
0.532000	0.146445
0.533000	0.159648
0.534000	0.172831
0.535000	0.185985
0.536000	0.199101
0.537000	0.212172
0.538000	0.225188
0.539000	0.238142
0.540000	0.251025
0.541000	0.263830
0.542000	0.276546
0.543000	0.289167
0.544000	0.301684
0.545000	0.314089
0.546000	0.326373
0.547000	0.338528
0.548000	0.350546
0.549000	0.362419
0.550000	0.374139
0.551000	0.385698
0.552000	0.397087
0.553000	0.408300
0.554000	0.419327
0.555000	0.430162
0.556000	0.440797
0.557000	0.451223
0.558000	0.461434
0.559000	0.471423
0.560000	0.481181
0.561000	0.490703
0.562000	0.499979
0.563000	0.509005
0.564000	0.517773
0.565000	0.526275
0.566000	0.534507
0.567000	0.542461
0.568000	0.550131
0.569000	0.557510
0.570000	0.564594
0.571000	0.571376
0.572000	0.577850
0.573000	0.584011
0.574000	0.589854
0.575000	0.595373
0.576000	0.600564
0.577000	0.605421
0.578000	0.609941
0.579000	0.614118
0.580000	0.617949
0.581000	0.621430
0.582000	0.624556
0.583000	0.627325
0.584000	0.629732
0.585000	0.631775
0.586000	0.633450
0.587000	0.634756
0.588000	0.635688
0.589000	0.636246
0.590000	0.636426
0.591000	0.636228
0.592000	0.635648
0.593000	0.634687
0.594000	0.633343
0.595000	0.631615
0.596000	0.629502
0.597000	0.627003
0.598000	0.624119
0.599000	0.620850
0.600000	0.617195
0.601000	0.613156
0.602000	0.608733
0.603000	0.603927
0.604000	0.598739
0.605000	0.593171
0.606000	0.587224
0.607000	0.580901
0.608000	0.574203
0.609000	0.567133
0.610000	0.559694
0.611000	0.551889
0.612000	0.543721
0.613000	0.535193
0.614000	0.526309
0.615000	0.517072
0.616000	0.507488
0.617000	0.497560
0.618000	0.487293
0.619000	0.476691
0.620000	0.465760
0.621000	0.454506
0.622000	0.442933
0.623000	0.431047
0.624000	0.418854
0.625000	0.406360
0.626000	0.393573
0.627000	0.380497
0.628000	0.367141
0.629000	0.353511
0.630000	0.339613
0.631000	0.325457
0.632000	0.311048
0.633000	0.296396
0.634000	0.281507
0.635000	0.266390
0.636000	0.251053
0.637000	0.235505
0.638000	0.219755
0.639000	0.203810
0.640000	0.187680
0.641000	0.171375
0.642000	0.154902
0.643000	0.138272
0.644000	0.121495
0.645000	0.104579
0.646000	0.087534
0.647000	0.070371
0.648000	0.053099
0.649000	0.035728
0.650000	0.018269
0.651000	0.000732
0.652000	-0.016873
0.653000	-0.034535
0.654000	-0.052245
0.655000	-0.069990
0.656000	-0.087762
0.657000	-0.105548
0.658000	-0.123339
0.659000	-0.141123
0.660000	-0.158890
0.661000	-0.176629
0.662000	-0.194329
0.663000	-0.211979
0.664000	-0.229568
0.665000	-0.247086
0.666000	-0.264521
0.667000	-0.281863
0.668000	-0.299101
0.669000	-0.316223
0.670000	-0.333220
0.671000	-0.350080
0.672000	-0.366793
0.673000	-0.383348
0.674000	-0.399735
0.675000	-0.415942
0.676000	-0.431961
0.677000	-0.447779
0.678000	-0.463387
0.679000	-0.478776
0.680000	-0.493934
0.681000	-0.508851
0.682000	-0.523519
0.683000	-0.537927
0.684000	-0.552066
0.685000	-0.565925
0.686000	-0.579497
0.687000	-0.592771
0.688000	-0.605739
0.689000	-0.618391
0.690000	-0.630720
0.691000	-0.642717
0.692000	-0.654372
0.693000	-0.665679
0.694000	-0.676629
0.695000	-0.687214
0.696000	-0.697427
0.697000	-0.707260
0.698000	-0.716707
0.699000	-0.725759
0.700000	-0.734412
0.701000	-0.742658
0.702000	-0.750490
0.703000	-0.757903
0.704000	-0.764891
0.705000	-0.771449
0.706000	-0.777571
0.707000	-0.783252
0.708000	-0.788488
0.709000	-0.793273
0.710000	-0.797604
0.711000	-0.801476
0.712000	-0.804886
0.713000	-0.807831
0.714000	-0.810307
0.715000	-0.812311
0.716000	-0.813841
0.717000	-0.814894
0.718000	-0.815468
0.719000	-0.815562
0.720000	-0.815175
0.721000	-0.814304
0.722000	-0.812949
0.723000	-0.811110
0.724000	-0.808785
0.725000	-0.805976
0.726000	-0.802683
0.727000	-0.798906
0.728000	-0.794645
0.729000	-0.789903
0.730000	-0.784680
0.731000	-0.778979
0.732000	-0.772802
0.733000	-0.766151
0.734000	-0.759028
0.735000	-0.751437
0.736000	-0.743381
0.737000	-0.734863
0.738000	-0.725888
0.739000	-0.716460
0.740000	-0.706582
0.741000	-0.696260
0.742000	-0.685500
0.743000	-0.674305
0.744000	-0.662682
0.745000	-0.650637
0.746000	-0.638175
0.747000	-0.625303
0.748000	-0.612029
0.749000	-0.598358
0.750000	-0.584298
0.751000	-0.569856
0.752000	-0.555040
0.753000	-0.539859
0.754000	-0.524320
0.755000	-0.508432
0.756000	-0.492203
0.757000	-0.475642
0.758000	-0.458759
0.759000	-0.441563
0.760000	-0.424063
0.761000	-0.406269
0.762000	-0.388192
0.763000	-0.369841
0.764000	-0.351226
0.765000	-0.332359
0.766000	-0.313250
0.767000	-0.293910
0.768000	-0.274349
0.769000	-0.254580
0.770000	-0.234614
0.771000	-0.214461
0.772000	-0.194135
0.773000	-0.173646
0.774000	-0.153007
0.775000	-0.132229
0.776000	-0.111325
0.777000	-0.090307
0.778000	-0.069188
0.779000	-0.047980
0.780000	-0.026695
0.781000	-0.005346
0.782000	0.016054
0.783000	0.037493
0.784000	0.058958
0.785000	0.080435
0.786000	0.101912
0.787000	0.123377
0.788000	0.144815
0.789000	0.166215
0.790000	0.187564
0.791000	0.208848
0.792000	0.230054
0.793000	0.251170
0.794000	0.272182
0.795000	0.293079
0.796000	0.313846
0.797000	0.334473
0.798000	0.354944
0.799000	0.375249
0.800000	0.395375
0.801000	0.415309
0.802000	0.435038
0.803000	0.454551
0.804000	0.473836
0.805000	0.492880
0.806000	0.511672
0.807000	0.530199
0.808000	0.548450
0.809000	0.566414
0.810000	0.584080
0.811000	0.601435
0.812000	0.618470
0.813000	0.635173
0.814000	0.651534
0.815000	0.667542
0.816000	0.683187
0.817000	0.698458
0.818000	0.713347
0.819000	0.727844
0.820000	0.741938
0.821000	0.755622
0.822000	0.768885
0.823000	0.781719
0.824000	0.794117
0.825000	0.806069
0.826000	0.817567
0.827000	0.828605
0.828000	0.839174
0.829000	0.849267
0.830000	0.858878
0.831000	0.868000
0.832000	0.876627
0.833000	0.884752
0.834000	0.892370
0.835000	0.899476
0.836000	0.906064
0.837000	0.912130
0.838000	0.917669
0.839000	0.922677
0.840000	0.927150
0.841000	0.931085
0.842000	0.934478
0.843000	0.937326
0.844000	0.939628
0.845000	0.941380
0.846000	0.942581
0.847000	0.943230
0.848000	0.943324
0.849000	0.942863
0.850000	0.941848
0.851000	0.940276
0.852000	0.938149
0.853000	0.935467
0.854000	0.932230
0.855000	0.928441
0.856000	0.924099
0.857000	0.919208
0.858000	0.913769
0.859000	0.907785
0.860000	0.901258
0.861000	0.894192
0.862000	0.886590
0.863000	0.878457
0.864000	0.869795
0.865000	0.860610
0.866000	0.850907
0.867000	0.840690
0.868000	0.829965
0.869000	0.818738
0.870000	0.807014
0.871000	0.794801
0.872000	0.782104
0.873000	0.768932
0.874000	0.755290
0.875000	0.741187
0.876000	0.726631
0.877000	0.711629
0.878000	0.696191
0.879000	0.680324
0.880000	0.664039
0.881000	0.647343
0.882000	0.630247
0.883000	0.612760
0.884000	0.594892
0.885000	0.576654
0.886000	0.558057
0.887000	0.539109
0.888000	0.519824
0.889000	0.500212
0.890000	0.480283
0.891000	0.460051
0.892000	0.439526
0.893000	0.418721
0.894000	0.397647
0.895000	0.376318
0.896000	0.354745
0.897000	0.332941
0.898000	0.310919
0.899000	0.288691
0.900000	0.266272
0.901000	0.243674
0.902000	0.220911
0.903000	0.197996
0.904000	0.174942
0.905000	0.151763
0.906000	0.128473
0.907000	0.105086
0.908000	0.081615
0.909000	0.058076
0.910000	0.034480
0.911000	0.010843
0.912000	-0.012821
0.913000	-0.036498
0.914000	-0.060174
0.915000	-0.083835
0.916000	-0.107467
0.917000	-0.131055
0.918000	-0.154586
0.919000	-0.178045
0.920000	-0.201418
0.921000	-0.224692
0.922000	-0.247852
0.923000	-0.270884
0.924000	-0.293774
0.925000	-0.316510
0.926000	-0.339076
0.927000	-0.361460
0.928000	-0.383647
0.929000	-0.405625
0.930000	-0.427380
0.931000	-0.448899
0.932000	-0.470170
0.933000	-0.491178
0.934000	-0.511912
0.935000	-0.532359
0.936000	-0.552506
0.937000	-0.572341
0.938000	-0.591853
0.939000	-0.611029
0.940000	-0.629857
0.941000	-0.648327
0.942000	-0.666427
0.943000	-0.684146
0.944000	-0.701473
0.945000	-0.718398
0.946000	-0.734910
0.947000	-0.750999
0.948000	-0.766655
0.949000	-0.781870
0.950000	-0.796633
0.951000	-0.810935
0.952000	-0.824768
0.953000	-0.838123
0.954000	-0.850992
0.955000	-0.863368
0.956000	-0.875242
0.957000	-0.886607
0.958000	-0.897456
0.959000	-0.907783
0.960000	-0.917581
0.961000	-0.926843
0.962000	-0.935566
0.963000	-0.943742
0.964000	-0.951367
0.965000	-0.958436
0.966000	-0.964945
0.967000	-0.970889
0.968000	-0.976265
0.969000	-0.981070
0.970000	-0.985300
0.971000	-0.988953
0.972000	-0.992026
0.973000	-0.994517
0.974000	-0.996425
0.975000	-0.997749
0.976000	-0.998487
0.977000	-0.998640
0.978000	-0.998206
0.979000	-0.997185
0.980000	-0.995579
0.981000	-0.993389
0.982000	-0.990614
0.983000	-0.987258
0.984000	-0.983321
0.985000	-0.978806
0.986000	-0.973717
0.987000	-0.968054
0.988000	-0.961823
0.989000	-0.955026
0.990000	-0.947668
0.991000	-0.939753
0.992000	-0.931285
0.993000	-0.922270
0.994000	-0.912713
0.995000	-0.902620
0.996000	-0.891996
0.997000	-0.880848
0.998000	-0.869183
0.999000	-0.857007
1.000000	-0.844328
1.001000	-0.831155
1.002000	-0.817499
1.003000	-0.803367
1.004000	-0.788767
1.005000	-0.773708
1.006000	-0.758198
1.007000	-0.742247
1.008000	-0.725864
1.009000	-0.709059
1.010000	-0.691841
1.011000	-0.674220
1.012000	-0.656207
1.013000	-0.637811
1.014000	-0.619045
1.015000	-0.599918
1.016000	-0.580441
1.017000	-0.560627
1.018000	-0.540487
1.019000	-0.520032
1.020000	-0.499274
1.021000	-0.478226
1.022000	-0.456899
1.023000	-0.435307
1.024000	-0.413460
1.025000	-0.391374
1.026000	-0.369059
1.027000	-0.346530
1.028000	-0.323799
1.029000	-0.300879
1.030000	-0.277784
1.031000	-0.254528
1.032000	-0.231123
1.033000	-0.207584
1.034000	-0.183924
1.035000	-0.160157
1.036000	-0.136297
1.037000	-0.112357
1.038000	-0.088352
1.039000	-0.064295
1.040000	-0.040202
1.041000	-0.016084
1.042000	0.008042
1.043000	0.032164
1.044000	0.056268
1.045000	0.080338
1.046000	0.104362
1.047000	0.128325
1.048000	0.152213
1.049000	0.176013
1.050000	0.199710
1.051000	0.223291
1.052000	0.246742
1.053000	0.270049
1.054000	0.293199
1.055000	0.316179
1.056000	0.338974
1.057000	0.361572
1.058000	0.383960
1.059000	0.406124
1.060000	0.428052
1.061000	0.449731
1.062000	0.471147
1.063000	0.492290
1.064000	0.513146
1.065000	0.533703
1.066000	0.553950
1.067000	0.573874
1.068000	0.593464
1.069000	0.612708
1.070000	0.631596
1.071000	0.650117
1.072000	0.668259
1.073000	0.686011
1.074000	0.703365
1.075000	0.720309
1.076000	0.736834
1.077000	0.752930
1.078000	0.768587
1.079000	0.783798
1.080000	0.798551
1.081000	0.812841
1.082000	0.826657
1.083000	0.839991
1.084000	0.852837
1.085000	0.865186
1.086000	0.877032
1.087000	0.888367
1.088000	0.899185
1.089000	0.909480
1.090000	0.919245
1.091000	0.928475
1.092000	0.937165
1.093000	0.945309
1.094000	0.952903
1.095000	0.959942
1.096000	0.966423
1.097000	0.972341
1.098000	0.977692
1.099000	0.982475
1.100000	0.986686
1.101000	0.990322
1.102000	0.993382
1.103000	0.995864
1.104000	0.997766
1.105000	0.999087
1.106000	0.999827
1.107000	0.999985
1.108000	0.999560
1.109000	0.998554
1.110000	0.996966
1.111000	0.994799
1.112000	0.992052
1.113000	0.988727
1.114000	0.984827
1.115000	0.980354
1.116000	0.975310
1.117000	0.969698
1.118000	0.963522
1.119000	0.956785
1.120000	0.949491
1.121000	0.941645
1.122000	0.933250
1.123000	0.924312
1.124000	0.914836
1.125000	0.904827
1.126000	0.894292
1.127000	0.883236
1.128000	0.871666
1.129000	0.859588
1.130000	0.847011
1.131000	0.833940
1.132000	0.820383
1.133000	0.806350
1.134000	0.791846
1.135000	0.776882
1.136000	0.761466
1.137000	0.745606
1.138000	0.729313
1.139000	0.712594
1.140000	0.695461
1.141000	0.677924
1.142000	0.659991
1.143000	0.641675
1.144000	0.622984
1.145000	0.603932
1.146000	0.584527
1.147000	0.564783
1.148000	0.544709
1.149000	0.524319
1.150000	0.503623
1.151000	0.482634
1.152000	0.461365
1.153000	0.439826
1.154000	0.418032
1.155000	0.395994
1.156000	0.373726
1.157000	0.351240
1.158000	0.328550
1.159000	0.305669
1.160000	0.282609
1.161000	0.259385
1.162000	0.236011
1.163000	0.212498
1.164000	0.188862
1.165000	0.165116
1.166000	0.141274
1.167000	0.117350
1.168000	0.093358
1.169000	0.069311
1.170000	0.045224
1.171000	0.021110
1.172000	-0.003016
1.173000	-0.027140
1.174000	-0.051248
1.175000	-0.075327
1.176000	-0.099361
1.177000	-0.123338
1.178000	-0.147243
1.179000	-0.171062
1.180000	-0.194782
1.181000	-0.218389
1.182000	-0.241868
1.183000	-0.265206
1.184000	-0.288390
1.185000	-0.311406
1.186000	-0.334241
1.187000	-0.356881
1.188000	-0.379314
1.189000	-0.401526
1.190000	-0.423504
1.191000	-0.445235
1.192000	-0.466708
1.193000	-0.487908
1.194000	-0.508825
1.195000	-0.529446
1.196000	-0.549758
1.197000	-0.569750
1.198000	-0.589411
1.199000	-0.608728
1.200000	-0.627691
1.201000	-0.646289
1.202000	-0.664511
1.203000	-0.682345
1.204000	-0.699783
1.205000	-0.716813
1.206000	-0.733426
1.207000	-0.749612
1.208000	-0.765362
1.209000	-0.780666
1.210000	-0.795516
1.211000	-0.809902
1.212000	-0.823818
1.213000	-0.837253
1.214000	-0.850202
1.215000	-0.862655
1.216000	-0.874606
1.217000	-0.886048
1.218000	-0.896975
1.219000	-0.907379
1.220000	-0.917255
1.221000	-0.926597
1.222000	-0.935400
1.223000	-0.943658
1.224000	-0.951367
1.225000	-0.958522
1.226000	-0.965119
1.227000	-0.971154
1.228000	-0.976624
1.229000	-0.981526
1.230000	-0.985856
1.231000	-0.989612
1.232000	-0.992793
1.233000	-0.995395
1.234000	-0.997418
1.235000	-0.998860
1.236000	-0.999721
1.237000	-1.000000
1.238000	-0.999697
1.239000	-0.998812
1.240000	-0.997345
1.241000	-0.995298
1.242000	-0.992672
1.243000	-0.989467
1.244000	-0.985687
1.245000	-0.981333
1.246000	-0.976408
1.247000	-0.970914
1.248000	-0.964855
1.249000	-0.958235
1.250000	-0.951057
1.251000	-0.943325
1.252000	-0.935044
1.253000	-0.926218
1.254000	-0.916854
1.255000	-0.906956
1.256000	-0.896530
1.257000	-0.885582
1.258000	-0.874118
1.259000	-0.862146
1.260000	-0.849672
1.261000	-0.836703
1.262000	-0.823247
1.263000	-0.809312
1.264000	-0.794906
1.265000	-0.780037
1.266000	-0.764715
1.267000	-0.748946
1.268000	-0.732742
1.269000	-0.716112
1.270000	-0.699065
1.271000	-0.681610
1.272000	-0.663759
1.273000	-0.645522
1.274000	-0.626908
1.275000	-0.607930
1.276000	-0.588598
1.277000	-0.568924
1.278000	-0.548918
1.279000	-0.528592
1.280000	-0.507959
1.281000	-0.487031
1.282000	-0.465818
1.283000	-0.444335
1.284000	-0.422593
1.285000	-0.400605
1.286000	-0.378384
1.287000	-0.355942
1.288000	-0.333294
1.289000	-0.310451
1.290000	-0.287427
1.291000	-0.264237
1.292000	-0.240892
1.293000	-0.217407
1.294000	-0.193796
1.295000	-0.170072
1.296000	-0.146249
1.297000	-0.122341
1.298000	-0.098361
1.299000	-0.074324
1.300000	-0.050244
1.301000	-0.026135
1.302000	-0.002011
1.303000	0.022115
1.304000	0.046228
1.305000	0.070314
1.306000	0.094359
1.307000	0.118349
1.308000	0.142270
1.309000	0.166108
1.310000	0.189849
1.311000	0.213481
1.312000	0.236987
1.313000	0.260356
1.314000	0.283574
1.315000	0.306626
1.316000	0.329499
1.317000	0.352181
1.318000	0.374658
1.319000	0.396917
1.320000	0.418945
1.321000	0.440729
1.322000	0.462256
1.323000	0.483515
1.324000	0.504491
1.325000	0.525175
1.326000	0.545552
1.327000	0.565612
1.328000	0.585343
1.329000	0.604733
1.330000	0.623770
1.331000	0.642445
1.332000	0.660746
1.333000	0.678662
1.334000	0.696183
1.335000	0.713299
1.336000	0.730000
1.337000	0.746276
1.338000	0.762117
1.339000	0.777515
1.340000	0.792460
1.341000	0.806944
1.342000	0.820958
1.343000	0.834494
1.344000	0.847545
1.345000	0.860102
1.346000	0.872158
1.347000	0.883707
1.348000	0.894741
1.349000	0.905255
1.350000	0.915241
1.351000	0.924695
1.352000	0.933610
1.353000	0.941982
1.354000	0.949806
1.355000	0.957077
1.356000	0.963791
1.357000	0.969943
1.358000	0.975531
1.359000	0.980552
1.360000	0.985001
1.361000	0.988877
1.362000	0.992178
1.363000	0.994900
1.364000	0.997044
1.365000	0.998608
1.366000	0.999590
1.367000	0.999990
1.368000	0.999808
1.369000	0.999044
1.370000	0.997699
1.371000	0.995772
1.372000	0.993266
1.373000	0.990182
1.374000	0.986522
1.375000	0.982287
1.376000	0.977481
1.377000	0.972105
1.378000	0.966164
1.379000	0.959660
1.380000	0.952598
1.381000	0.944981
1.382000	0.936814
1.383000	0.928102
1.384000	0.918849
1.385000	0.909062
1.386000	0.898745
1.387000	0.887905
1.388000	0.876549
1.389000	0.864682
1.390000	0.852312
1.391000	0.839445
1.392000	0.826090
1.393000	0.812255
1.394000	0.797946
1.395000	0.783173
1.396000	0.767944
1.397000	0.752268
1.398000	0.736154
1.399000	0.719611
1.400000	0.702650
1.401000	0.685280
1.402000	0.667510
1.403000	0.649352
1.404000	0.630817
1.405000	0.611914
1.406000	0.592654
1.407000	0.573050
1.408000	0.553112
1.409000	0.532853
1.410000	0.512283
1.411000	0.491415
1.412000	0.470260
1.413000	0.448832
1.414000	0.427143
1.415000	0.405205
1.416000	0.383032
1.417000	0.360635
1.418000	0.338028
1.419000	0.315225
1.420000	0.292238
1.421000	0.269081
1.422000	0.245768
1.423000	0.222311
1.424000	0.198725
1.425000	0.175023
1.426000	0.151219
1.427000	0.127328
1.428000	0.103362
1.429000	0.079336
1.430000	0.055264
1.431000	0.031160
1.432000	0.007037
1.433000	-0.017089
1.434000	-0.041206
1.435000	-0.065299
1.436000	-0.089353
1.437000	-0.113356
1.438000	-0.137292
1.439000	-0.161149
1.440000	-0.184912
1.441000	-0.208567
1.442000	-0.232101
1.443000	-0.255500
1.444000	-0.278750
1.445000	-0.301837
1.446000	-0.324750
1.447000	-0.347473
1.448000	-0.369993
1.449000	-0.392299
1.450000	-0.414376
1.451000	-0.436211
1.452000	-0.457793
1.453000	-0.479109
1.454000	-0.500145
1.455000	-0.520890
1.456000	-0.541333
1.457000	-0.561460
1.458000	-0.581260
1.459000	-0.600722
1.460000	-0.619834
1.461000	-0.638585
1.462000	-0.656965
1.463000	-0.674962
1.464000	-0.692566
1.465000	-0.709767
1.466000	-0.726555
1.467000	-0.742921
1.468000	-0.758853
1.469000	-0.774344
1.470000	-0.789384
1.471000	-0.803965
1.472000	-0.818077
1.473000	-0.831714
1.474000	-0.844866
1.475000	-0.857527
1.476000	-0.869688
1.477000	-0.881343
1.478000	-0.892485
1.479000	-0.903108
1.480000	-0.913204
1.481000	-0.922770
1.482000	-0.931798
1.483000	-0.940283
1.484000	-0.948222
1.485000	-0.955608
1.486000	-0.962438
1.487000	-0.968708
1.488000	-0.974414
1.489000	-0.979553
1.490000	-0.984121
1.491000	-0.988117
1.492000	-0.991538
1.493000	-0.994381
1.494000	-0.996645
1.495000	-0.998330
1.496000	-0.999433
1.497000	-0.999954
1.498000	-0.999894
1.499000	-0.999251
1.500000	-0.998027
1.501000	-0.996221
1.502000	-0.993836
1.503000	-0.990872
1.504000	-0.987332
1.505000	-0.983217
1.506000	-0.978529
1.507000	-0.973272
1.508000	-0.967448
1.509000	-0.961061
1.510000	-0.954115
1.511000	-0.946613
1.512000	-0.938561
1.513000	-0.929961
1.514000	-0.920821
1.515000	-0.911145
1.516000	-0.900938
1.517000	-0.890206
1.518000	-0.878957
1.519000	-0.867196
1.520000	-0.854930
1.521000	-0.842166
1.522000	-0.828913
1.523000	-0.815176
1.524000	-0.800966
1.525000	-0.786288
1.526000	-0.771154
1.527000	-0.755570
1.528000	-0.739547
1.529000	-0.723093
1.530000	-0.706218
1.531000	-0.688932
1.532000	-0.671245
1.533000	-0.653167
1.534000	-0.634709
1.535000	-0.615882
1.536000	-0.596696
1.537000	-0.577162
1.538000	-0.557293
1.539000	-0.537099
1.540000	-0.516593
1.541000	-0.495786
1.542000	-0.474690
1.543000	-0.453319
1.544000	-0.431683
1.545000	-0.409796
1.546000	-0.387670
1.547000	-0.365319
1.548000	-0.342755
1.549000	-0.319991
1.550000	-0.297042
1.551000	-0.273919
1.552000	-0.250637
1.553000	-0.227209
1.554000	-0.203649
1.555000	-0.179970
1.556000	-0.156186
1.557000	-0.132312
1.558000	-0.108360
1.559000	-0.084346
1.560000	-0.060282
1.561000	-0.036183
1.562000	-0.012063
1.563000	0.012063
1.564000	0.036183
1.565000	0.060282
1.566000	0.084346
1.567000	0.108360
1.568000	0.132312
1.569000	0.156186
1.570000	0.179970
1.571000	0.203649
1.572000	0.227209
1.573000	0.250637
1.574000	0.273919
1.575000	0.297042
1.576000	0.319991
1.577000	0.342755
1.578000	0.365319
1.579000	0.387670
1.580000	0.409796
1.581000	0.431683
1.582000	0.453319
1.583000	0.474690
1.584000	0.495786
1.585000	0.516593
1.586000	0.537099
1.587000	0.557293
1.588000	0.577162
1.589000	0.596696
1.590000	0.615882
1.591000	0.634709
1.592000	0.653167
1.593000	0.671245
1.594000	0.688932
1.595000	0.706218
1.596000	0.723093
1.597000	0.739547
1.598000	0.755570
1.599000	0.771154
1.600000	0.786288
1.601000	0.800966
1.602000	0.815176
1.603000	0.828913
1.604000	0.842166
1.605000	0.854930
1.606000	0.867196
1.607000	0.878957
1.608000	0.890206
1.609000	0.900938
1.610000	0.911145
1.611000	0.920821
1.612000	0.929961
1.613000	0.938561
1.614000	0.946613
1.615000	0.954115
1.616000	0.961061
1.617000	0.967448
1.618000	0.973272
1.619000	0.978529
1.620000	0.983217
1.621000	0.987332
1.622000	0.990872
1.623000	0.993836
1.624000	0.996221
1.625000	0.998027
1.626000	0.999251
1.627000	0.999894
1.628000	0.999954
1.629000	0.999433
1.630000	0.998330
1.631000	0.996645
1.632000	0.994381
1.633000	0.991538
1.634000	0.988117
1.635000	0.984121
1.636000	0.979553
1.637000	0.974414
1.638000	0.968708
1.639000	0.962438
1.640000	0.955608
1.641000	0.948222
1.642000	0.940283
1.643000	0.931798
1.644000	0.922770
1.645000	0.913204
1.646000	0.903108
1.647000	0.892485
1.648000	0.881343
1.649000	0.869688
1.650000	0.857527
1.651000	0.844866
1.652000	0.831714
1.653000	0.818077
1.654000	0.803965
1.655000	0.789384
1.656000	0.774344
1.657000	0.758853
1.658000	0.742921
1.659000	0.726555
1.660000	0.709767
1.661000	0.692566
1.662000	0.674962
1.663000	0.656965
1.664000	0.638585
1.665000	0.619834
1.666000	0.600722
1.667000	0.581260
1.668000	0.561460
1.669000	0.541333
1.670000	0.520890
1.671000	0.500145
1.672000	0.479109
1.673000	0.457793
1.674000	0.436211
1.675000	0.414376
1.676000	0.392299
1.677000	0.369993
1.678000	0.347473
1.679000	0.324750
1.680000	0.301837
1.681000	0.278750
1.682000	0.255500
1.683000	0.232101
1.684000	0.208567
1.685000	0.184912
1.686000	0.161149
1.687000	0.137292
1.688000	0.113356
1.689000	0.089353
1.690000	0.065299
1.691000	0.041206
1.692000	0.017089
1.693000	-0.007037
1.694000	-0.031160
1.695000	-0.055264
1.696000	-0.079336
1.697000	-0.103362
1.698000	-0.127328
1.699000	-0.151219
1.700000	-0.175023
1.701000	-0.198725
1.702000	-0.222311
1.703000	-0.245768
1.704000	-0.269081
1.705000	-0.292238
1.706000	-0.315225
1.707000	-0.338028
1.708000	-0.360635
1.709000	-0.383032
1.710000	-0.405205
1.711000	-0.427143
1.712000	-0.448832
1.713000	-0.470260
1.714000	-0.491415
1.715000	-0.512283
1.716000	-0.532853
1.717000	-0.553112
1.718000	-0.573050
1.719000	-0.592654
1.720000	-0.611914
1.721000	-0.630817
1.722000	-0.649352
1.723000	-0.667510
1.724000	-0.685280
1.725000	-0.702650
1.726000	-0.719611
1.727000	-0.736154
1.728000	-0.752268
1.729000	-0.767944
1.730000	-0.783173
1.731000	-0.797946
1.732000	-0.812255
1.733000	-0.826090
1.734000	-0.839445
1.735000	-0.852312
1.736000	-0.864682
1.737000	-0.876549
1.738000	-0.887905
1.739000	-0.898745
1.740000	-0.909062
1.741000	-0.918849
1.742000	-0.928102
1.743000	-0.936814
1.744000	-0.944981
1.745000	-0.952598
1.746000	-0.959660
1.747000	-0.966164
1.748000	-0.972105
1.749000	-0.977481
1.750000	-0.982287
1.751000	-0.986522
1.752000	-0.990182
1.753000	-0.993266
1.754000	-0.995772
1.755000	-0.997699
1.756000	-0.999044
1.757000	-0.999808
1.758000	-0.999990
1.759000	-0.999590
1.760000	-0.998608
1.761000	-0.997044
1.762000	-0.994900
1.763000	-0.992178
1.764000	-0.988877
1.765000	-0.985001
1.766000	-0.980552
1.767000	-0.975531
1.768000	-0.969943
1.769000	-0.963791
1.770000	-0.957077
1.771000	-0.949806
1.772000	-0.941982
1.773000	-0.933610
1.774000	-0.924695
1.775000	-0.915241
1.776000	-0.905255
1.777000	-0.894741
1.778000	-0.883707
1.779000	-0.872158
1.780000	-0.860102
1.781000	-0.847545
1.782000	-0.834494
1.783000	-0.820958
1.784000	-0.806944
1.785000	-0.792460
1.786000	-0.777515
1.787000	-0.762117
1.788000	-0.746276
1.789000	-0.730000
1.790000	-0.713299
1.791000	-0.696183
1.792000	-0.678662
1.793000	-0.660746
1.794000	-0.642445
1.795000	-0.623770
1.796000	-0.604733
1.797000	-0.585343
1.798000	-0.565612
1.799000	-0.545552
1.800000	-0.525175
1.801000	-0.504491
1.802000	-0.483515
1.803000	-0.462256
1.804000	-0.440729
1.805000	-0.418945
1.806000	-0.396917
1.807000	-0.374658
1.808000	-0.352181
1.809000	-0.329499
1.810000	-0.306626
1.811000	-0.283574
1.812000	-0.260356
1.813000	-0.236987
1.814000	-0.213481
1.815000	-0.189849
1.816000	-0.166108
1.817000	-0.142270
1.818000	-0.118349
1.819000	-0.094359
1.820000	-0.070314
1.821000	-0.046228
1.822000	-0.022115
1.823000	0.002011
1.824000	0.026135
1.825000	0.050244
1.826000	0.074324
1.827000	0.098361
1.828000	0.122341
1.829000	0.146249
1.830000	0.170072
1.831000	0.193796
1.832000	0.217407
1.833000	0.240892
1.834000	0.264237
1.835000	0.287427
1.836000	0.310451
1.837000	0.333294
1.838000	0.355942
1.839000	0.378384
1.840000	0.400605
1.841000	0.422593
1.842000	0.444335
1.843000	0.465818
1.844000	0.487031
1.845000	0.507959
1.846000	0.528592
1.847000	0.548918
1.848000	0.568924
1.849000	0.588598
1.850000	0.607930
1.851000	0.626908
1.852000	0.645522
1.853000	0.663759
1.854000	0.681610
1.855000	0.699065
1.856000	0.716112
1.857000	0.732742
1.858000	0.748946
1.859000	0.764715
1.860000	0.780037
1.861000	0.794906
1.862000	0.809312
1.863000	0.823247
1.864000	0.836703
1.865000	0.849672
1.866000	0.862146
1.867000	0.874118
1.868000	0.885582
1.869000	0.896530
1.870000	0.906956
1.871000	0.916854
1.872000	0.926218
1.873000	0.935044
1.874000	0.943325
1.875000	0.951057
1.876000	0.958235
1.877000	0.964855
1.878000	0.970914
1.879000	0.976408
1.880000	0.981333
1.881000	0.985687
1.882000	0.989467
1.883000	0.992672
1.884000	0.995298
1.885000	0.997345
1.886000	0.998812
1.887000	0.999697
1.888000	1.000000
1.889000	0.999721
1.890000	0.998860
1.891000	0.997418
1.892000	0.995395
1.893000	0.992793
1.894000	0.989612
1.895000	0.985856
1.896000	0.981526
1.897000	0.976624
1.898000	0.971154
1.899000	0.965119
1.900000	0.958522
1.901000	0.951367
1.902000	0.943658
1.903000	0.935400
1.904000	0.926597
1.905000	0.917255
1.906000	0.907379
1.907000	0.896975
1.908000	0.886048
1.909000	0.874606
1.910000	0.862655
1.911000	0.850202
1.912000	0.837253
1.913000	0.823818
1.914000	0.809902
1.915000	0.795516
1.916000	0.780666
1.917000	0.765362
1.918000	0.749612
1.919000	0.733426
1.920000	0.716813
1.921000	0.699783
1.922000	0.682345
1.923000	0.664511
1.924000	0.646289
1.925000	0.627691
1.926000	0.608728
1.927000	0.589411
1.928000	0.569750
1.929000	0.549758
1.930000	0.529446
1.931000	0.508825
1.932000	0.487908
1.933000	0.466708
1.934000	0.445235
1.935000	0.423504
1.936000	0.401526
1.937000	0.379314
1.938000	0.356881
1.939000	0.334241
1.940000	0.311406
1.941000	0.288390
1.942000	0.265206
1.943000	0.241868
1.944000	0.218389
1.945000	0.194782
1.946000	0.171062
1.947000	0.147243
1.948000	0.123338
1.949000	0.099361
1.950000	0.075327
1.951000	0.051248
1.952000	0.027140
1.953000	0.003016
1.954000	-0.021110
1.955000	-0.045224
1.956000	-0.069311
1.957000	-0.093358
1.958000	-0.117350
1.959000	-0.141274
1.960000	-0.165116
1.961000	-0.188862
1.962000	-0.212498
1.963000	-0.236011
1.964000	-0.259385
1.965000	-0.282609
1.966000	-0.305669
1.967000	-0.328550
1.968000	-0.351240
1.969000	-0.373726
1.970000	-0.395994
1.971000	-0.418032
1.972000	-0.439826
1.973000	-0.461365
1.974000	-0.482634
1.975000	-0.503623
1.976000	-0.524319
1.977000	-0.544709
1.978000	-0.564783
1.979000	-0.584527
1.980000	-0.603932
1.981000	-0.622984
1.982000	-0.641675
1.983000	-0.659991
1.984000	-0.677924
1.985000	-0.695461
1.986000	-0.712594
1.987000	-0.729313
1.988000	-0.745606
1.989000	-0.761466
1.990000	-0.776882
1.991000	-0.791846
1.992000	-0.806350
1.993000	-0.820383
1.994000	-0.833940
1.995000	-0.847011
1.996000	-0.859588
1.997000	-0.871666
1.998000	-0.883236
1.999000	-0.894292
2.000000	-0.904827
2.001000	-0.914836
2.002000	-0.924312
2.003000	-0.933250
2.004000	-0.941645
2.005000	-0.949491
2.006000	-0.956785
2.007000	-0.963522
2.008000	-0.969698
2.009000	-0.975310
2.010000	-0.980354
2.011000	-0.984827
2.012000	-0.988727
2.013000	-0.992052
2.014000	-0.994799
2.015000	-0.996966
2.016000	-0.998554
2.017000	-0.999560
2.018000	-0.999985
2.019000	-0.999827
2.020000	-0.999087
2.021000	-0.997766
2.022000	-0.995864
2.023000	-0.993382
2.024000	-0.990322
2.025000	-0.986686
2.026000	-0.982475
2.027000	-0.977692
2.028000	-0.972341
2.029000	-0.966423
2.030000	-0.959942
2.031000	-0.952903
2.032000	-0.945309
2.033000	-0.937165
2.034000	-0.928475
2.035000	-0.919245
2.036000	-0.909480
2.037000	-0.899185
2.038000	-0.888367
2.039000	-0.877032
2.040000	-0.865186
2.041000	-0.852837
2.042000	-0.839991
2.043000	-0.826657
2.044000	-0.812841
2.045000	-0.798551
2.046000	-0.783798
2.047000	-0.768587
2.048000	-0.752930
2.049000	-0.736834
2.050000	-0.720309
2.051000	-0.703365
2.052000	-0.686011
2.053000	-0.668259
2.054000	-0.650117
2.055000	-0.631596
2.056000	-0.612708
2.057000	-0.593464
2.058000	-0.573874
2.059000	-0.553950
2.060000	-0.533703
2.061000	-0.513146
2.062000	-0.492290
2.063000	-0.471147
2.064000	-0.449731
2.065000	-0.428052
2.066000	-0.406124
2.067000	-0.383960
2.068000	-0.361572
2.069000	-0.338974
2.070000	-0.316179
2.071000	-0.293199
2.072000	-0.270049
2.073000	-0.246742
2.074000	-0.223291
2.075000	-0.199710
2.076000	-0.176013
2.077000	-0.152213
2.078000	-0.128325
2.079000	-0.104362
2.080000	-0.080338
2.081000	-0.056268
2.082000	-0.032164
2.083000	-0.008042
2.084000	0.016084
2.085000	0.040202
2.086000	0.064295
2.087000	0.088352
2.088000	0.112357
2.089000	0.136297
2.090000	0.160157
2.091000	0.183924
2.092000	0.207584
2.093000	0.231123
2.094000	0.254528
2.095000	0.277784
2.096000	0.300879
2.097000	0.323799
2.098000	0.346530
2.099000	0.369059
2.100000	0.391374
2.101000	0.413460
2.102000	0.435307
2.103000	0.456899
2.104000	0.478226
2.105000	0.499274
2.106000	0.520032
2.107000	0.540487
2.108000	0.560627
2.109000	0.580441
2.110000	0.599918
2.111000	0.619045
2.112000	0.637811
2.113000	0.656207
2.114000	0.674220
2.115000	0.691841
2.116000	0.709059
2.117000	0.725864
2.118000	0.742247
2.119000	0.758198
2.120000	0.773708
2.121000	0.788767
2.122000	0.803367
2.123000	0.817499
2.124000	0.831155
2.125000	0.844328
2.126000	0.857009
2.127000	0.869191
2.128000	0.880868
2.129000	0.892031
2.130000	0.902675
2.131000	0.912794
2.132000	0.922382
2.133000	0.931432
2.134000	0.939941
2.135000	0.947902
2.136000	0.955311
2.137000	0.962165
2.138000	0.968458
2.139000	0.974188
2.140000	0.979350
2.141000	0.983942
2.142000	0.987962
2.143000	0.991407
2.144000	0.994274
2.145000	0.996563
2.146000	0.998271
2.147000	0.999399
2.148000	0.999944
2.149000	0.999908
2.150000	0.999289
2.151000	0.998089
2.152000	0.996308
2.153000	0.993947
2.154000	0.991008
2.155000	0.987491
2.156000	0.983400
2.157000	0.978736
2.158000	0.973502
2.159000	0.967702
2.160000	0.961339
2.161000	0.954416
2.162000	0.946937
2.163000	0.938907
2.164000	0.930331
2.165000	0.921213
2.166000	0.911558
2.167000	0.901374
2.168000	0.890664
2.169000	0.879436
2.170000	0.867696
2.171000	0.855451
2.172000	0.842708
2.173000	0.829475
2.174000	0.815758
2.175000	0.801567
2.176000	0.786909
2.177000	0.771793
2.178000	0.756228
2.179000	0.740223
2.180000	0.723787
2.181000	0.706929
2.182000	0.689660
2.183000	0.671989
2.184000	0.653928
2.185000	0.635485
2.186000	0.616673
2.187000	0.597502
2.188000	0.577983
2.189000	0.558127
2.190000	0.537947
2.191000	0.517454
2.192000	0.496659
2.193000	0.475575
2.194000	0.454214
2.195000	0.432589
2.196000	0.410712
2.197000	0.388597
2.198000	0.366254
2.199000	0.343699
2.200000	0.320944
2.201000	0.298001
2.202000	0.274886
2.203000	0.251610
2.204000	0.228188
2.205000	0.204633
2.206000	0.180959
2.207000	0.157179
2.208000	0.133308
2.209000	0.109360
2.210000	0.085347
2.211000	0.061285
2.212000	0.037188
2.213000	0.013069
2.214000	-0.011058
2.215000	-0.035179
2.216000	-0.059278
2.217000	-0.083344
2.218000	-0.107361
2.219000	-0.131315
2.220000	-0.155193
2.221000	-0.178981
2.222000	-0.202664
2.223000	-0.226230
2.224000	-0.249663
2.225000	-0.272952
2.226000	-0.296081
2.227000	-0.319039
2.228000	-0.341810
2.229000	-0.364383
2.230000	-0.386743
2.231000	-0.408878
2.232000	-0.430776
2.233000	-0.452422
2.234000	-0.473805
2.235000	-0.494913
2.236000	-0.515732
2.237000	-0.536251
2.238000	-0.556458
2.239000	-0.576341
2.240000	-0.595889
2.241000	-0.615089
2.242000	-0.633932
2.243000	-0.652405
2.244000	-0.670499
2.245000	-0.688203
2.246000	-0.705506
2.247000	-0.722398
2.248000	-0.738869
2.249000	-0.754911
2.250000	-0.770513
2.251000	-0.785667
2.252000	-0.800363
2.253000	-0.814594
2.254000	-0.828350
2.255000	-0.841624
2.256000	-0.854408
2.257000	-0.866695
2.258000	-0.878477
2.259000	-0.889748
2.260000	-0.900501
2.261000	-0.910730
2.262000	-0.920428
2.263000	-0.929591
2.264000	-0.938213
2.265000	-0.946289
2.266000	-0.953813
2.267000	-0.960783
2.268000	-0.967193
2.269000	-0.973041
2.270000	-0.978321
2.271000	-0.983033
2.272000	-0.987172
2.273000	-0.990736
2.274000	-0.993724
2.275000	-0.996134
2.276000	-0.997963
2.277000	-0.999212
2.278000	-0.999879
2.279000	-0.999963
2.280000	-0.999466
2.281000	-0.998387
2.282000	-0.996727
2.283000	-0.994487
2.284000	-0.991668
2.285000	-0.988271
2.286000	-0.984299
2.287000	-0.979755
2.288000	-0.974639
2.289000	-0.968957
2.290000	-0.962711
2.291000	-0.955904
2.292000	-0.948541
2.293000	-0.940625
2.294000	-0.932162
2.295000	-0.923157
2.296000	-0.913614
2.297000	-0.903539
2.298000	-0.892938
2.299000	-0.881818
2.300000	-0.870184
2.301000	-0.858043
2.302000	-0.845404
2.303000	-0.832272
2.304000	-0.818655
2.305000	-0.804562
2.306000	-0.790001
2.307000	-0.774980
2.308000	-0.759508
2.309000	-0.743593
2.310000	-0.727246
2.311000	-0.710475
2.312000	-0.693291
2.313000	-0.675703
2.314000	-0.657722
2.315000	-0.639358
2.316000	-0.620622
2.317000	-0.601525
2.318000	-0.582078
2.319000	-0.562291
2.320000	-0.542178
2.321000	-0.521748
2.322000	-0.501015
2.323000	-0.479991
2.324000	-0.458687
2.325000	-0.437116
2.326000	-0.415290
2.327000	-0.393223
2.328000	-0.370927
2.329000	-0.348415
2.330000	-0.325700
2.331000	-0.302796
2.332000	-0.279715
2.333000	-0.256472
2.334000	-0.233079
2.335000	-0.209550
2.336000	-0.185900
2.337000	-0.162141
2.338000	-0.138288
2.339000	-0.114355
2.340000	-0.090354
2.341000	-0.066302
2.342000	-0.042210
2.343000	-0.018095
2.344000	0.006032
2.345000	0.030155
2.346000	0.054260
2.347000	0.078334
2.348000	0.102362
2.349000	0.126331
2.350000	0.150226
2.351000	0.174033
2.352000	0.197739
2.353000	0.221331
2.354000	0.244793
2.355000	0.268113
2.356000	0.291277
2.357000	0.314271
2.358000	0.337082
2.359000	0.359697
2.360000	0.382103
2.361000	0.404286
2.362000	0.426234
2.363000	0.447934
2.364000	0.469373
2.365000	0.490539
2.366000	0.511419
2.367000	0.532002
2.368000	0.552275
2.369000	0.572226
2.370000	0.591844
2.371000	0.611118
2.372000	0.630036
2.373000	0.648588
2.374000	0.666761
2.375000	0.684547
2.376000	0.701934
2.377000	0.718913
2.378000	0.735473
2.379000	0.751605
2.380000	0.767299
2.381000	0.782547
2.382000	0.797340
2.383000	0.811668
2.384000	0.825523
2.385000	0.838899
2.386000	0.851785
2.387000	0.864176
2.388000	0.876064
2.389000	0.887442
2.390000	0.898304
2.391000	0.908642
2.392000	0.918452
2.393000	0.927727
2.394000	0.936462
2.395000	0.944652
2.396000	0.952291
2.397000	0.959377
2.398000	0.965904
2.399000	0.971869
2.400000	0.977268
2.401000	0.982098
2.402000	0.986357
2.403000	0.990041
2.404000	0.993149
2.405000	0.995679
2.406000	0.997630
2.407000	0.998999
2.408000	0.999788
2.409000	0.999994
2.410000	0.999618
2.411000	0.998660
2.412000	0.997121
2.413000	0.995001
2.414000	0.992303
2.415000	0.989026
2.416000	0.985174
2.417000	0.980748
2.418000	0.975752
2.419000	0.970188
2.420000	0.964058
2.421000	0.957368
2.422000	0.950120
2.423000	0.942319
2.424000	0.933970
2.425000	0.925077
2.426000	0.915646
2.427000	0.905681
2.428000	0.895190
2.429000	0.884177
2.430000	0.872649
2.431000	0.860614
2.432000	0.848078
2.433000	0.835048
2.434000	0.821532
2.435000	0.807537
2.436000	0.793073
2.437000	0.778147
2.438000	0.762768
2.439000	0.746945
2.440000	0.730687
2.441000	0.714004
2.442000	0.696905
2.443000	0.679400
2.444000	0.661500
2.445000	0.643215
2.446000	0.624556
2.447000	0.605533
2.448000	0.586157
2.449000	0.566441
2.450000	0.546394
2.451000	0.526030
2.452000	0.505359
2.453000	0.484394
2.454000	0.463148
2.455000	0.441631
2.456000	0.419858
2.457000	0.397840
2.458000	0.375590
2.459000	0.353122
2.460000	0.330449
2.461000	0.307582
2.462000	0.284537
2.463000	0.261327
2.464000	0.237964
2.465000	0.214463
2.466000	0.190836
2.467000	0.167099
2.468000	0.143265
2.469000	0.119347
2.470000	0.095359
2.471000	0.071316
2.472000	0.047232
2.473000	0.023120
2.474000	-0.001005
2.475000	-0.025130
2.476000	-0.049240
2.477000	-0.073322
2.478000	-0.097361
2.479000	-0.121343
2.480000	-0.145254
2.481000	-0.169081
2.482000	-0.192810
2.483000	-0.216426
2.484000	-0.239916
2.485000	-0.263267
2.486000	-0.286464
2.487000	-0.309495
2.488000	-0.332346
2.489000	-0.355003
2.490000	-0.377453
2.491000	-0.399684
2.492000	-0.421682
2.493000	-0.443434
2.494000	-0.464929
2.495000	-0.486152
2.496000	-0.507093
2.497000	-0.527739
2.498000	-0.548077
2.499000	-0.568097
2.500000	-0.587785
2.501000	-0.607132
2.502000	-0.626125
2.503000	-0.644754
2.504000	-0.663007
2.505000	-0.680874
2.506000	-0.698345
2.507000	-0.715410
2.508000	-0.732058
2.509000	-0.748280
2.510000	-0.764066
2.511000	-0.779408
2.512000	-0.794296
2.513000	-0.808721
2.514000	-0.822676
2.515000	-0.836152
2.516000	-0.849141
2.517000	-0.861636
2.518000	-0.873630
2.519000	-0.885114
2.520000	-0.896084
2.521000	-0.906532
2.522000	-0.916452
2.523000	-0.925839
2.524000	-0.934687
2.525000	-0.942991
2.526000	-0.950745
2.527000	-0.957947
2.528000	-0.964591
2.529000	-0.970673
2.530000	-0.976190
2.531000	-0.981139
2.532000	-0.985517
2.533000	-0.989321
2.534000	-0.992550
2.535000	-0.995200
2.536000	-0.997271
2.537000	-0.998762
2.538000	-0.999671
2.539000	-0.999999
2.540000	-0.999744
2.541000	-0.998908
2.542000	-0.997489
2.543000	-0.995491
2.544000	-0.992913
2.545000	-0.989756
2.546000	-0.986024
2.547000	-0.981718
2.548000	-0.976840
2.549000	-0.971393
2.550000	-0.965382
2.551000	-0.958808
2.552000	-0.951676
2.553000	-0.943990
2.554000	-0.935755
2.555000	-0.926974
2.556000	-0.917655
2.557000	-0.907801
2.558000	-0.897419
2.559000	-0.886514
2.560000	-0.875093
2.561000	-0.863163
2.562000	-0.850730
2.563000	-0.837803
2.564000	-0.824387
2.565000	-0.810492
2.566000	-0.796125
2.567000	-0.781294
2.568000	-0.766009
2.569000	-0.750277
2.570000	-0.734109
2.571000	-0.717514
2.572000	-0.700501
2.573000	-0.683080
2.574000	-0.665262
2.575000	-0.647056
2.576000	-0.628474
2.577000	-0.609525
2.578000	-0.590223
2.579000	-0.570576
2.580000	-0.550597
2.581000	-0.530298
2.582000	-0.509690
2.583000	-0.488786
2.584000	-0.467597
2.585000	-0.446135
2.586000	-0.424414
2.587000	-0.402446
2.588000	-0.380244
2.589000	-0.357820
2.590000	-0.335188
2.591000	-0.312361
2.592000	-0.289353
2.593000	-0.266175
2.594000	-0.242843
2.595000	-0.219369
2.596000	-0.195768
2.597000	-0.172053
2.598000	-0.148237
2.599000	-0.124336
2.600000	-0.100362
2.601000	-0.076329
2.602000	-0.052252
2.603000	-0.028145
2.604000	-0.004021
2.605000	0.020105
2.606000	0.044219
2.607000	0.068308
2.608000	0.092357
2.609000	0.116352
2.610000	0.140279
2.611000	0.164125
2.612000	0.187875
2.613000	0.211516
2.614000	0.235034
2.615000	0.258414
2.616000	0.281645
2.617000	0.304711
2.618000	0.327600
2.619000	0.350299
2.620000	0.372793
2.621000	0.395071
2.622000	0.417119
2.623000	0.438923
2.624000	0.460472
2.625000	0.481754
2.626000	0.502754
2.627000	0.523463
2.628000	0.543866
2.629000	0.563953
2.630000	0.583711
2.631000	0.603130
2.632000	0.622198
2.633000	0.640903
2.634000	0.659236
2.635000	0.677184
2.636000	0.694739
2.637000	0.711889
2.638000	0.728624
2.639000	0.744936
2.640000	0.760814
2.641000	0.776249
2.642000	0.791232
2.643000	0.805755
2.644000	0.819808
2.645000	0.833385
2.646000	0.846476
2.647000	0.859074
2.648000	0.871173
2.649000	0.882764
2.650000	0.893841
2.651000	0.904399
2.652000	0.914429
2.653000	0.923928
2.654000	0.932888
2.655000	0.941306
2.656000	0.949175
2.657000	0.956492
2.658000	0.963253
2.659000	0.969452
2.660000	0.975087
2.661000	0.980155
2.662000	0.984652
2.663000	0.988576
2.664000	0.991925
2.665000	0.994696
2.666000	0.996888
2.667000	0.998499
2.668000	0.999530
2.669000	0.999979
2.670000	0.999845
2.671000	0.999130
2.672000	0.997833
2.673000	0.995955
2.674000	0.993497
2.675000	0.990461
2.676000	0.986849
2.677000	0.982662
2.678000	0.977903
2.679000	0.972575
2.680000	0.966681
2.681000	0.960224
2.682000	0.953208
2.683000	0.945637
2.684000	0.937515
2.685000	0.928848
2.686000	0.919641
2.687000	0.909898
2.688000	0.899625
2.689000	0.888828
2.690000	0.877515
2.691000	0.865690
2.692000	0.853362
2.693000	0.840536
2.694000	0.827222
2.695000	0.813426
2.696000	0.799156
2.697000	0.784421
2.698000	0.769230
2.699000	0.753591
2.700000	0.737513
2.701000	0.721006
2.702000	0.704079
2.703000	0.686743
2.704000	0.669006
2.705000	0.650880
2.706000	0.632375
2.707000	0.613503
2.708000	0.594273
2.709000	0.574697
2.710000	0.554786
2.711000	0.534553
2.712000	0.514008
2.713000	0.493165
2.714000	0.472034
2.715000	0.450628
2.716000	0.428960
2.717000	0.407043
2.718000	0.384888
2.719000	0.362510
2.720000	0.339920
2.721000	0.317133
2.722000	0.294160
2.723000	0.271017
2.724000	0.247716
2.725000	0.224271
2.726000	0.200695
2.727000	0.177002
2.728000	0.153207
2.729000	0.129322
2.730000	0.105362
2.731000	0.081340
2.732000	0.057271
2.733000	0.033169
2.734000	0.009048
2.735000	-0.015079
2.736000	-0.039197
2.737000	-0.063292
2.738000	-0.087350
2.739000	-0.111358
2.740000	-0.135301
2.741000	-0.159164
2.742000	-0.182936
2.743000	-0.206600
2.744000	-0.230145
2.745000	-0.253555
2.746000	-0.276818
2.747000	-0.299920
2.748000	-0.322847
2.749000	-0.345586
2.750000	-0.368125
2.751000	-0.390448
2.752000	-0.412545
2.753000	-0.434401
2.754000	-0.456005
2.755000	-0.477343
2.756000	-0.498403
2.757000	-0.519173
2.758000	-0.539641
2.759000	-0.559795
2.760000	-0.579623
2.761000	-0.599113
2.762000	-0.618255
2.763000	-0.637037
2.764000	-0.655448
2.765000	-0.673477
2.766000	-0.691115
2.767000	-0.708350
2.768000	-0.725173
2.769000	-0.741573
2.770000	-0.757542
2.771000	-0.773070
2.772000	-0.788148
2.773000	-0.802768
2.774000	-0.816919
2.775000	-0.830596
2.776000	-0.843789
2.777000	-0.856491
2.778000	-0.868694
2.779000	-0.880391
2.780000	-0.891576
2.781000	-0.902242
2.782000	-0.912383
2.783000	-0.921993
2.784000	-0.931066
2.785000	-0.939597
2.786000	-0.947581
2.787000	-0.955014
2.788000	-0.961890
2.789000	-0.968207
2.790000	-0.973960
2.791000	-0.979146
2.792000	-0.983762
2.793000	-0.987806
2.794000	-0.991275
2.795000	-0.994166
2.796000	-0.996479
2.797000	-0.998212
2.798000	-0.999363
2.799000	-0.999933
2.800000	-0.999921
2.801000	-0.999327
2.802000	-0.998151
2.803000	-0.996394
2.804000	-0.994057
2.805000	-0.991142
2.806000	-0.987649
2.807000	-0.983582
2.808000	-0.978942
2.809000	-0.973732
2.810000	-0.967955
2.811000	-0.961615
2.812000	-0.954715
2.813000	-0.947260
2.814000	-0.939252
2.815000	-0.930699
2.816000	-0.921603
2.817000	-0.911971
2.818000	-0.901808
2.819000	-0.891121
2.820000	-0.879914
2.821000	-0.868195
2.822000	-0.855971
2.823000	-0.843249
2.824000	-0.830036
2.825000	-0.816339
2.826000	-0.802168
2.827000	-0.787529
2.828000	-0.772432
2.829000	-0.756886
2.830000	-0.740898
2.831000	-0.724480
2.832000	-0.707640
2.833000	-0.690388
2.834000	-0.672734
2.835000	-0.654688
2.836000	-0.636261
2.837000	-0.617464
2.838000	-0.598308
2.839000	-0.578803
2.840000	-0.558961
2.841000	-0.538794
2.842000	-0.518314
2.843000	-0.497531
2.844000	-0.476459
2.845000	-0.455110
2.846000	-0.433496
2.847000	-0.411629
2.848000	-0.389523
2.849000	-0.367190
2.850000	-0.344643
2.851000	-0.321896
2.852000	-0.298961
2.853000	-0.275852
2.854000	-0.252583
2.855000	-0.229166
2.856000	-0.205617
2.857000	-0.181947
2.858000	-0.158172
2.859000	-0.134304
2.860000	-0.110359
2.861000	-0.086349
2.862000	-0.062289
2.863000	-0.038192
2.864000	-0.014074
2.865000	0.010053
2.866000	0.034174
2.867000	0.058275
2.868000	0.082342
2.869000	0.106361
2.870000	0.130319
2.871000	0.154200
2.872000	0.177992
2.873000	0.201680
2.874000	0.225250
2.875000	0.248690
2.876000	0.271985
2.877000	0.295121
2.878000	0.318086
2.879000	0.340865
2.880000	0.363446
2.881000	0.385816
2.882000	0.407961
2.883000	0.429868
2.884000	0.451525
2.885000	0.472920
2.886000	0.494039
2.887000	0.514871
2.888000	0.535402
2.889000	0.555622
2.890000	0.575519
2.891000	0.595081
2.892000	0.614296
2.893000	0.633154
2.894000	0.651643
2.895000	0.669753
2.896000	0.687473
2.897000	0.704793
2.898000	0.721702
2.899000	0.738192
2.900000	0.754251
2.901000	0.769872
2.902000	0.785045
2.903000	0.799760
2.904000	0.814010
2.905000	0.827786
2.906000	0.841081
2.907000	0.853885
2.908000	0.866193
2.909000	0.877996
2.910000	0.889289
2.911000	0.900063
2.912000	0.910314
2.913000	0.920035
2.914000	0.929220
2.915000	0.937865
2.916000	0.945963
2.917000	0.953511
2.918000	0.960504
2.919000	0.966937
2.920000	0.972808
2.921000	0.978113
2.922000	0.982848
2.923000	0.987011
2.924000	0.990599
2.925000	0.993611
2.926000	0.996045
2.927000	0.997898
2.928000	0.999171
2.929000	0.999862
2.930000	0.999972
2.931000	0.999499
2.932000	0.998444
2.933000	0.996808
2.934000	0.994592
2.935000	0.991797
2.936000	0.988424
2.937000	0.984476
2.938000	0.979955
2.939000	0.974864
2.940000	0.969205
2.941000	0.962982
2.942000	0.956199
2.943000	0.948858
2.944000	0.940966
2.945000	0.932526
2.946000	0.923543
2.947000	0.914022
2.948000	0.903969
2.949000	0.893390
2.950000	0.882291
2.951000	0.870679
2.952000	0.858559
2.953000	0.845940
2.954000	0.832829
2.955000	0.819232
2.956000	0.805159
2.957000	0.790617
2.958000	0.775615
2.959000	0.760161
2.960000	0.744265
2.961000	0.727936
2.962000	0.711182
2.963000	0.694015
2.964000	0.676444
2.965000	0.658479
2.966000	0.640131
2.967000	0.621410
2.968000	0.602328
2.969000	0.582895
2.970000	0.563122
2.971000	0.543022
2.972000	0.522606
2.973000	0.501885
2.974000	0.480872
2.975000	0.459580
2.976000	0.438020
2.977000	0.416205
2.978000	0.394147
2.979000	0.371860
2.980000	0.349357
2.981000	0.326650
2.982000	0.303754
2.983000	0.280680
2.984000	0.257443
2.985000	0.234056
2.986000	0.210533
2.987000	0.186888
2.988000	0.163133
2.989000	0.139284
2.990000	0.115353
2.991000	0.091356
2.992000	0.067305
2.993000	0.043215
2.994000	0.019100
2.995000	-0.005027
2.996000	-0.029150
2.997000	-0.053256
2.998000	-0.077332
2.999000	-0.101362
3.000000	-0.125333
3.001000	-0.149232
3.002000	-0.173043
3.003000	-0.196754
3.004000	-0.220350
3.005000	-0.243818
3.006000	-0.267144
3.007000	-0.290315
3.008000	-0.313316
3.009000	-0.336135
3.010000	-0.358759
3.011000	-0.381174
3.012000	-0.403366
3.013000	-0.425324
3.014000	-0.447035
3.015000	-0.468485
3.016000	-0.489662
3.017000	-0.510555
3.018000	-0.531150
3.019000	-0.551436
3.020000	-0.571401
3.021000	-0.591034
3.022000	-0.610322
3.023000	-0.629255
3.024000	-0.647822
3.025000	-0.666012
3.026000	-0.683814
3.027000	-0.701218
3.028000	-0.718214
3.029000	-0.734791
3.030000	-0.750942
3.031000	-0.766654
3.032000	-0.781921
3.033000	-0.796732
3.034000	-0.811080
3.035000	-0.824956
3.036000	-0.838351
3.037000	-0.851258
3.038000	-0.863670
3.039000	-0.875579
3.040000	-0.886979
3.041000	-0.897862
3.042000	-0.908222
3.043000	-0.918054
3.044000	-0.927351
3.045000	-0.936109
3.046000	-0.944321
3.047000	-0.951984
3.048000	-0.959093
3.049000	-0.965643
3.050000	-0.971632
3.051000	-0.977054
3.052000	-0.981909
3.053000	-0.986191
3.054000	-0.989899
3.055000	-0.993031
3.056000	-0.995586
3.057000	-0.997560
3.058000	-0.998954
3.059000	-0.999766
3.060000	-0.999997
3.061000	-0.999645
3.062000	-0.998712
3.063000	-0.997197
3.064000	-0.995101
3.065000	-0.992427
3.066000	-0.989174
3.067000	-0.985346
3.068000	-0.980944
3.069000	-0.975972
3.070000	-0.970431
3.071000	-0.964325
3.072000	-0.957658
3.073000	-0.950433
3.074000	-0.942655
3.075000	-0.934329
3.076000	-0.925459
3.077000	-0.916049
3.078000	-0.906107
3.079000	-0.895637
3.080000	-0.884646
3.081000	-0.873140
3.082000	-0.861126
3.083000	-0.848610
3.084000	-0.835600
3.085000	-0.822104
3.086000	-0.808130
3.087000	-0.793685
3.088000	-0.778778
3.089000	-0.763417
3.090000	-0.747613
3.091000	-0.731373
3.092000	-0.714707
3.093000	-0.697625
3.094000	-0.680138
3.095000	-0.662254
3.096000	-0.643985
3.097000	-0.625341
3.098000	-0.606333
3.099000	-0.586972
3.100000	-0.567269
3.101000	-0.547236
3.102000	-0.526885
3.103000	-0.506226
3.104000	-0.485274
3.105000	-0.464038
3.106000	-0.442533
3.107000	-0.420770
3.108000	-0.398762
3.109000	-0.376522
3.110000	-0.354063
3.111000	-0.331397
3.112000	-0.308539
3.113000	-0.285501
3.114000	-0.262297
3.115000	-0.238940
3.116000	-0.215444
3.117000	-0.191823
3.118000	-0.168090
3.119000	-0.144259
3.120000	-0.120345
3.121000	-0.096360
3.122000	-0.072319
3.123000	-0.048236
3.124000	-0.024125
3.125000	-0.000000
3.126000	0.024125
3.127000	0.048236
3.128000	0.072319
3.129000	0.096360
3.130000	0.120345
3.131000	0.144259
3.132000	0.168090
3.133000	0.191823
3.134000	0.215444
3.135000	0.238940
3.136000	0.262297
3.137000	0.285501
3.138000	0.308539
3.139000	0.331397
3.140000	0.354063
3.141000	0.376522
3.142000	0.398762
3.143000	0.420770
3.144000	0.442533
3.145000	0.464038
3.146000	0.485274
3.147000	0.506226
3.148000	0.526885
3.149000	0.547236
3.150000	0.567269
3.151000	0.586972
3.152000	0.606333
3.153000	0.625341
3.154000	0.643985
3.155000	0.662254
3.156000	0.680138
3.157000	0.697625
3.158000	0.714707
3.159000	0.731373
3.160000	0.747613
3.161000	0.763417
3.162000	0.778778
3.163000	0.793685
3.164000	0.808130
3.165000	0.822104
3.166000	0.835600
3.167000	0.848610
3.168000	0.861126
3.169000	0.873140
3.170000	0.884646
3.171000	0.895637
3.172000	0.906107
3.173000	0.916049
3.174000	0.925459
3.175000	0.934329
3.176000	0.942655
3.177000	0.950433
3.178000	0.957658
3.179000	0.964325
3.180000	0.970431
3.181000	0.975972
3.182000	0.980944
3.183000	0.985346
3.184000	0.989174
3.185000	0.992427
3.186000	0.995101
3.187000	0.997197
3.188000	0.998712
3.189000	0.999645
3.190000	0.999997
3.191000	0.999766
3.192000	0.998954
3.193000	0.997560
3.194000	0.995586
3.195000	0.993031
3.196000	0.989899
3.197000	0.986191
3.198000	0.981909
3.199000	0.977054
3.200000	0.971632
3.201000	0.965643
3.202000	0.959093
3.203000	0.951984
3.204000	0.944321
3.205000	0.936109
3.206000	0.927351
3.207000	0.918054
3.208000	0.908222
3.209000	0.897862
3.210000	0.886979
3.211000	0.875579
3.212000	0.863670
3.213000	0.851258
3.214000	0.838351
3.215000	0.824956
3.216000	0.811080
3.217000	0.796732
3.218000	0.781921
3.219000	0.766654
3.220000	0.750942
3.221000	0.734791
3.222000	0.718214
3.223000	0.701218
3.224000	0.683814
3.225000	0.666012
3.226000	0.647822
3.227000	0.629255
3.228000	0.610322
3.229000	0.591034
3.230000	0.571401
3.231000	0.551436
3.232000	0.531150
3.233000	0.510555
3.234000	0.489662
3.235000	0.468485
3.236000	0.447035
3.237000	0.425324
3.238000	0.403366
3.239000	0.381174
3.240000	0.358759
3.241000	0.336135
3.242000	0.313316
3.243000	0.290315
3.244000	0.267144
3.245000	0.243818
3.246000	0.220350
3.247000	0.196754
3.248000	0.173043
3.249000	0.149232
3.250000	0.125333
3.251000	0.101362
3.252000	0.077332
3.253000	0.053256
3.254000	0.029150
3.255000	0.005027
3.256000	-0.019100
3.257000	-0.043215
3.258000	-0.067305
3.259000	-0.091356
3.260000	-0.115353
3.261000	-0.139284
3.262000	-0.163133
3.263000	-0.186888
3.264000	-0.210533
3.265000	-0.234056
3.266000	-0.257443
3.267000	-0.280680
3.268000	-0.303754
3.269000	-0.326650
3.270000	-0.349357
3.271000	-0.371860
3.272000	-0.394147
3.273000	-0.416205
3.274000	-0.438020
3.275000	-0.459580
3.276000	-0.480872
3.277000	-0.501885
3.278000	-0.522606
3.279000	-0.543022
3.280000	-0.563122
3.281000	-0.582895
3.282000	-0.602328
3.283000	-0.621410
3.284000	-0.640131
3.285000	-0.658479
3.286000	-0.676444
3.287000	-0.694015
3.288000	-0.711182
3.289000	-0.727936
3.290000	-0.744265
3.291000	-0.760161
3.292000	-0.775615
3.293000	-0.790617
3.294000	-0.805159
3.295000	-0.819232
3.296000	-0.832829
3.297000	-0.845940
3.298000	-0.858559
3.299000	-0.870679
3.300000	-0.882291
3.301000	-0.893390
3.302000	-0.903969
3.303000	-0.914022
3.304000	-0.923543
3.305000	-0.932526
3.306000	-0.940966
3.307000	-0.948858
3.308000	-0.956199
3.309000	-0.962982
3.310000	-0.969205
3.311000	-0.974864
3.312000	-0.979955
3.313000	-0.984476
3.314000	-0.988424
3.315000	-0.991797
3.316000	-0.994592
3.317000	-0.996808
3.318000	-0.998444
3.319000	-0.999499
3.320000	-0.999972
3.321000	-0.999862
3.322000	-0.999171
3.323000	-0.997898
3.324000	-0.996045
3.325000	-0.993611
3.326000	-0.990599
3.327000	-0.987011
3.328000	-0.982848
3.329000	-0.978113
3.330000	-0.972808
3.331000	-0.966937
3.332000	-0.960504
3.333000	-0.953511
3.334000	-0.945963
3.335000	-0.937865
3.336000	-0.929220
3.337000	-0.920035
3.338000	-0.910314
3.339000	-0.900063
3.340000	-0.889289
3.341000	-0.877996
3.342000	-0.866193
3.343000	-0.853885
3.344000	-0.841081
3.345000	-0.827786
3.346000	-0.814010
3.347000	-0.799760
3.348000	-0.785045
3.349000	-0.769872
3.350000	-0.754251
3.351000	-0.738192
3.352000	-0.721702
3.353000	-0.704793
3.354000	-0.687473
3.355000	-0.669753
3.356000	-0.651643
3.357000	-0.633154
3.358000	-0.614296
3.359000	-0.595081
3.360000	-0.575519
3.361000	-0.555622
3.362000	-0.535402
3.363000	-0.514871
3.364000	-0.494039
3.365000	-0.472920
3.366000	-0.451525
3.367000	-0.429868
3.368000	-0.407961
3.369000	-0.385816
3.370000	-0.363446
3.371000	-0.340865
3.372000	-0.318086
3.373000	-0.295121
3.374000	-0.271985
3.375000	-0.248690
3.376000	-0.225250
3.377000	-0.201680
3.378000	-0.177992
3.379000	-0.154200
3.380000	-0.130319
3.381000	-0.106361
3.382000	-0.082342
3.383000	-0.058275
3.384000	-0.034174
3.385000	-0.010053
3.386000	0.014074
3.387000	0.038192
3.388000	0.062289
3.389000	0.086349
3.390000	0.110359
3.391000	0.134304
3.392000	0.158172
3.393000	0.181947
3.394000	0.205617
3.395000	0.229166
3.396000	0.252583
3.397000	0.275852
3.398000	0.298961
3.399000	0.321896
3.400000	0.344643
3.401000	0.367190
3.402000	0.389523
3.403000	0.411629
3.404000	0.433496
3.405000	0.455110
3.406000	0.476459
3.407000	0.497531
3.408000	0.518314
3.409000	0.538794
3.410000	0.558961
3.411000	0.578803
3.412000	0.598308
3.413000	0.617464
3.414000	0.636261
3.415000	0.654688
3.416000	0.672734
3.417000	0.690388
3.418000	0.707640
3.419000	0.724480
3.420000	0.740898
3.421000	0.756886
3.422000	0.772432
3.423000	0.787529
3.424000	0.802168
3.425000	0.816339
3.426000	0.830036
3.427000	0.843249
3.428000	0.855971
3.429000	0.868195
3.430000	0.879914
3.431000	0.891121
3.432000	0.901808
3.433000	0.911971
3.434000	0.921603
3.435000	0.930699
3.436000	0.939252
3.437000	0.947260
3.438000	0.954715
3.439000	0.961615
3.440000	0.967955
3.441000	0.973732
3.442000	0.978942
3.443000	0.983582
3.444000	0.987649
3.445000	0.991142
3.446000	0.994057
3.447000	0.996394
3.448000	0.998151
3.449000	0.999327
3.450000	0.999921
3.451000	0.999933
3.452000	0.999363
3.453000	0.998212
3.454000	0.996479
3.455000	0.994166
3.456000	0.991275
3.457000	0.987806
3.458000	0.983762
3.459000	0.979146
3.460000	0.973960
3.461000	0.968207
3.462000	0.961890
3.463000	0.955014
3.464000	0.947581
3.465000	0.939597
3.466000	0.931066
3.467000	0.921993
3.468000	0.912383
3.469000	0.902242
3.470000	0.891576
3.471000	0.880391
3.472000	0.868694
3.473000	0.856491
3.474000	0.843789
3.475000	0.830596
3.476000	0.816919
3.477000	0.802768
3.478000	0.788148
3.479000	0.773070
3.480000	0.757542
3.481000	0.741573
3.482000	0.725173
3.483000	0.708350
3.484000	0.691115
3.485000	0.673477
3.486000	0.655448
3.487000	0.637037
3.488000	0.618255
3.489000	0.599113
3.490000	0.579623
3.491000	0.559795
3.492000	0.539641
3.493000	0.519173
3.494000	0.498403
3.495000	0.477343
3.496000	0.456005
3.497000	0.434401
3.498000	0.412545
3.499000	0.390448
3.500000	0.368125
3.501000	0.345586
3.502000	0.322847
3.503000	0.299920
3.504000	0.276818
3.505000	0.253555
3.506000	0.230145
3.507000	0.206600
3.508000	0.182936
3.509000	0.159164
3.510000	0.135301
3.511000	0.111358
3.512000	0.087350
3.513000	0.063292
3.514000	0.039197
3.515000	0.015079
3.516000	-0.009048
3.517000	-0.033169
3.518000	-0.057271
3.519000	-0.081340
3.520000	-0.105362
3.521000	-0.129322
3.522000	-0.153207
3.523000	-0.177002
3.524000	-0.200695
3.525000	-0.224271
3.526000	-0.247716
3.527000	-0.271017
3.528000	-0.294160
3.529000	-0.317133
3.530000	-0.339920
3.531000	-0.362510
3.532000	-0.384888
3.533000	-0.407043
3.534000	-0.428960
3.535000	-0.450628
3.536000	-0.472034
3.537000	-0.493165
3.538000	-0.514008
3.539000	-0.534553
3.540000	-0.554786
3.541000	-0.574697
3.542000	-0.594273
3.543000	-0.613503
3.544000	-0.632375
3.545000	-0.650880
3.546000	-0.669006
3.547000	-0.686743
3.548000	-0.704079
3.549000	-0.721006
3.550000	-0.737513
3.551000	-0.753591
3.552000	-0.769230
3.553000	-0.784421
3.554000	-0.799156
3.555000	-0.813426
3.556000	-0.827222
3.557000	-0.840536
3.558000	-0.853362
3.559000	-0.865690
3.560000	-0.877515
3.561000	-0.888828
3.562000	-0.899625
3.563000	-0.909898
3.564000	-0.919641
3.565000	-0.928848
3.566000	-0.937515
3.567000	-0.945637
3.568000	-0.953208
3.569000	-0.960224
3.570000	-0.966681
3.571000	-0.972575
3.572000	-0.977903
3.573000	-0.982662
3.574000	-0.986849
3.575000	-0.990461
3.576000	-0.993497
3.577000	-0.995955
3.578000	-0.997833
3.579000	-0.999130
3.580000	-0.999845
3.581000	-0.999979
3.582000	-0.999530
3.583000	-0.998499
3.584000	-0.996888
3.585000	-0.994696
3.586000	-0.991925
3.587000	-0.988576
3.588000	-0.984652
3.589000	-0.980155
3.590000	-0.975087
3.591000	-0.969452
3.592000	-0.963253
3.593000	-0.956492
3.594000	-0.949175
3.595000	-0.941306
3.596000	-0.932888
3.597000	-0.923928
3.598000	-0.914429
3.599000	-0.904399
3.600000	-0.893841
3.601000	-0.882764
3.602000	-0.871173
3.603000	-0.859074
3.604000	-0.846476
3.605000	-0.833385
3.606000	-0.819808
3.607000	-0.805755
3.608000	-0.791232
3.609000	-0.776249
3.610000	-0.760814
3.611000	-0.744936
3.612000	-0.728624
3.613000	-0.711889
3.614000	-0.694739
3.615000	-0.677184
3.616000	-0.659236
3.617000	-0.640903
3.618000	-0.622198
3.619000	-0.603130
3.620000	-0.583711
3.621000	-0.563953
3.622000	-0.543866
3.623000	-0.523463
3.624000	-0.502754
3.625000	-0.481754
3.626000	-0.460472
3.627000	-0.438923
3.628000	-0.417119
3.629000	-0.395071
3.630000	-0.372793
3.631000	-0.350299
3.632000	-0.327600
3.633000	-0.304711
3.634000	-0.281645
3.635000	-0.258414
3.636000	-0.235034
3.637000	-0.211516
3.638000	-0.187875
3.639000	-0.164125
3.640000	-0.140279
3.641000	-0.116352
3.642000	-0.092357
3.643000	-0.068308
3.644000	-0.044219
3.645000	-0.020105
3.646000	0.004021
3.647000	0.028145
3.648000	0.052252
3.649000	0.076329
3.650000	0.100362
3.651000	0.124336
3.652000	0.148237
3.653000	0.172053
3.654000	0.195768
3.655000	0.219369
3.656000	0.242843
3.657000	0.266175
3.658000	0.289353
3.659000	0.312361
3.660000	0.335188
3.661000	0.357820
3.662000	0.380244
3.663000	0.402446
3.664000	0.424414
3.665000	0.446135
3.666000	0.467597
3.667000	0.488786
3.668000	0.509690
3.669000	0.530298
3.670000	0.550597
3.671000	0.570576
3.672000	0.590223
3.673000	0.609525
3.674000	0.628474
3.675000	0.647056
3.676000	0.665262
3.677000	0.683080
3.678000	0.700501
3.679000	0.717514
3.680000	0.734109
3.681000	0.750277
3.682000	0.766009
3.683000	0.781294
3.684000	0.796125
3.685000	0.810492
3.686000	0.824387
3.687000	0.837803
3.688000	0.850730
3.689000	0.863163
3.690000	0.875093
3.691000	0.886514
3.692000	0.897419
3.693000	0.907801
3.694000	0.917655
3.695000	0.926974
3.696000	0.935755
3.697000	0.943990
3.698000	0.951676
3.699000	0.958808
3.700000	0.965382
3.701000	0.971393
3.702000	0.976840
3.703000	0.981718
3.704000	0.986024
3.705000	0.989756
3.706000	0.992913
3.707000	0.995491
3.708000	0.997489
3.709000	0.998908
3.710000	0.999744
3.711000	0.999999
3.712000	0.999671
3.713000	0.998762
3.714000	0.997271
3.715000	0.995200
3.716000	0.992550
3.717000	0.989321
3.718000	0.985517
3.719000	0.981139
3.720000	0.976190
3.721000	0.970673
3.722000	0.964591
3.723000	0.957947
3.724000	0.950745
3.725000	0.942991
3.726000	0.934687
3.727000	0.925839
3.728000	0.916452
3.729000	0.906532
3.730000	0.896084
3.731000	0.885114
3.732000	0.873630
3.733000	0.861636
3.734000	0.849141
3.735000	0.836152
3.736000	0.822676
3.737000	0.808721
3.738000	0.794296
3.739000	0.779408
3.740000	0.764066
3.741000	0.748280
3.742000	0.732058
3.743000	0.715410
3.744000	0.698345
3.745000	0.680874
3.746000	0.663007
3.747000	0.644754
3.748000	0.626125
3.749000	0.607132
3.750000	0.587785
3.751000	0.568097
3.752000	0.548077
3.753000	0.527739
3.754000	0.507093
3.755000	0.486152
3.756000	0.464929
3.757000	0.443434
3.758000	0.421682
3.759000	0.399684
3.760000	0.377453
3.761000	0.355003
3.762000	0.332346
3.763000	0.309495
3.764000	0.286464
3.765000	0.263267
3.766000	0.239916
3.767000	0.216426
3.768000	0.192810
3.769000	0.169081
3.770000	0.145254
3.771000	0.121343
3.772000	0.097361
3.773000	0.073322
3.774000	0.049240
3.775000	0.025130
3.776000	0.001005
3.777000	-0.023120
3.778000	-0.047232
3.779000	-0.071316
3.780000	-0.095359
3.781000	-0.119347
3.782000	-0.143265
3.783000	-0.167099
3.784000	-0.190836
3.785000	-0.214463
3.786000	-0.237964
3.787000	-0.261327
3.788000	-0.284537
3.789000	-0.307582
3.790000	-0.330449
3.791000	-0.353122
3.792000	-0.375590
3.793000	-0.397840
3.794000	-0.419858
3.795000	-0.441631
3.796000	-0.463148
3.797000	-0.484394
3.798000	-0.505359
3.799000	-0.526030
3.800000	-0.546394
3.801000	-0.566441
3.802000	-0.586157
3.803000	-0.605533
3.804000	-0.624556
3.805000	-0.643215
3.806000	-0.661500
3.807000	-0.679400
3.808000	-0.696905
3.809000	-0.714004
3.810000	-0.730687
3.811000	-0.746945
3.812000	-0.762768
3.813000	-0.778147
3.814000	-0.793073
3.815000	-0.807537
3.816000	-0.821532
3.817000	-0.835048
3.818000	-0.848078
3.819000	-0.860614
3.820000	-0.872649
3.821000	-0.884177
3.822000	-0.895190
3.823000	-0.905681
3.824000	-0.915646
3.825000	-0.925077
3.826000	-0.933970
3.827000	-0.942319
3.828000	-0.950120
3.829000	-0.957368
3.830000	-0.964058
3.831000	-0.970188
3.832000	-0.975752
3.833000	-0.980748
3.834000	-0.985174
3.835000	-0.989026
3.836000	-0.992303
3.837000	-0.995001
3.838000	-0.997121
3.839000	-0.998660
3.840000	-0.999618
3.841000	-0.999994
3.842000	-0.999788
3.843000	-0.998999
3.844000	-0.997630
3.845000	-0.995679
3.846000	-0.993149
3.847000	-0.990041
3.848000	-0.986357
3.849000	-0.982098
3.850000	-0.977268
3.851000	-0.971869
3.852000	-0.965904
3.853000	-0.959377
3.854000	-0.952291
3.855000	-0.944652
3.856000	-0.936462
3.857000	-0.927727
3.858000	-0.918452
3.859000	-0.908642
3.860000	-0.898304
3.861000	-0.887442
3.862000	-0.876064
3.863000	-0.864176
3.864000	-0.851785
3.865000	-0.838899
3.866000	-0.825523
3.867000	-0.811668
3.868000	-0.797340
3.869000	-0.782547
3.870000	-0.767299
3.871000	-0.751605
3.872000	-0.735473
3.873000	-0.718913
3.874000	-0.701934
3.875000	-0.684547
3.876000	-0.666761
3.877000	-0.648588
3.878000	-0.630036
3.879000	-0.611118
3.880000	-0.591844
3.881000	-0.572226
3.882000	-0.552275
3.883000	-0.532002
3.884000	-0.511419
3.885000	-0.490539
3.886000	-0.469373
3.887000	-0.447934
3.888000	-0.426234
3.889000	-0.404286
3.890000	-0.382103
3.891000	-0.359697
3.892000	-0.337082
3.893000	-0.314271
3.894000	-0.291277
3.895000	-0.268113
3.896000	-0.244793
3.897000	-0.221331
3.898000	-0.197739
3.899000	-0.174033
3.900000	-0.150226
3.901000	-0.126331
3.902000	-0.102362
3.903000	-0.078334
3.904000	-0.054260
3.905000	-0.030155
3.906000	-0.006032
3.907000	0.018095
3.908000	0.042210
3.909000	0.066302
3.910000	0.090354
3.911000	0.114355
3.912000	0.138288
3.913000	0.162141
3.914000	0.185900
3.915000	0.209550
3.916000	0.233079
3.917000	0.256472
3.918000	0.279715
3.919000	0.302796
3.920000	0.325700
3.921000	0.348415
3.922000	0.370927
3.923000	0.393223
3.924000	0.415290
3.925000	0.437116
3.926000	0.458687
3.927000	0.479991
3.928000	0.501015
3.929000	0.521748
3.930000	0.542178
3.931000	0.562291
3.932000	0.582078
3.933000	0.601525
3.934000	0.620622
3.935000	0.639358
3.936000	0.657722
3.937000	0.675703
3.938000	0.693291
3.939000	0.710475
3.940000	0.727246
3.941000	0.743593
3.942000	0.759508
3.943000	0.774980
3.944000	0.790001
3.945000	0.804562
3.946000	0.818655
3.947000	0.832272
3.948000	0.845404
3.949000	0.858043
3.950000	0.870184
3.951000	0.881818
3.952000	0.892938
3.953000	0.903539
3.954000	0.913614
3.955000	0.923157
3.956000	0.932162
3.957000	0.940625
3.958000	0.948541
3.959000	0.955904
3.960000	0.962711
3.961000	0.968957
3.962000	0.974639
3.963000	0.979755
3.964000	0.984299
3.965000	0.988271
3.966000	0.991668
3.967000	0.994487
3.968000	0.996727
3.969000	0.998387
3.970000	0.999466
3.971000	0.999963
3.972000	0.999879
3.973000	0.999212
3.974000	0.997963
3.975000	0.996134
3.976000	0.993724
3.977000	0.990736
3.978000	0.987172
3.979000	0.983033
3.980000	0.978321
3.981000	0.973041
3.982000	0.967193
3.983000	0.960783
3.984000	0.953813
3.985000	0.946289
3.986000	0.938213
3.987000	0.929591
3.988000	0.920428
3.989000	0.910730
3.990000	0.900501
3.991000	0.889748
3.992000	0.878477
3.993000	0.866695
3.994000	0.854408
3.995000	0.841624
3.996000	0.828350
3.997000	0.814594
3.998000	0.800363
3.999000	0.785667
4.000000	0.770513
4.001000	0.754911
4.002000	0.738869
4.003000	0.722398
4.004000	0.705506
4.005000	0.688203
4.006000	0.670499
4.007000	0.652405
4.008000	0.633932
4.009000	0.615089
4.010000	0.595889
4.011000	0.576341
4.012000	0.556458
4.013000	0.536251
4.014000	0.515732
4.015000	0.494913
4.016000	0.473805
4.017000	0.452422
4.018000	0.430776
4.019000	0.408878
4.020000	0.386743
4.021000	0.364383
4.022000	0.341810
4.023000	0.319039
4.024000	0.296081
4.025000	0.272952
4.026000	0.249663
4.027000	0.226230
4.028000	0.202664
4.029000	0.178981
4.030000	0.155193
4.031000	0.131315
4.032000	0.107361
4.033000	0.083344
4.034000	0.059278
4.035000	0.035179
4.036000	0.011058
4.037000	-0.013069
4.038000	-0.037188
4.039000	-0.061285
4.040000	-0.085347
4.041000	-0.109360
4.042000	-0.133308
4.043000	-0.157179
4.044000	-0.180959
4.045000	-0.204633
4.046000	-0.228188
4.047000	-0.251610
4.048000	-0.274886
4.049000	-0.298001
4.050000	-0.320944
4.051000	-0.343699
4.052000	-0.366254
4.053000	-0.388597
4.054000	-0.410712
4.055000	-0.432589
4.056000	-0.454214
4.057000	-0.475575
4.058000	-0.496659
4.059000	-0.517454
4.060000	-0.537947
4.061000	-0.558127
4.062000	-0.577983
4.063000	-0.597502
4.064000	-0.616673
4.065000	-0.635485
4.066000	-0.653928
4.067000	-0.671989
4.068000	-0.689660
4.069000	-0.706929
4.070000	-0.723787
4.071000	-0.740223
4.072000	-0.756228
4.073000	-0.771793
4.074000	-0.786909
4.075000	-0.801567
4.076000	-0.815758
4.077000	-0.829475
4.078000	-0.842708
4.079000	-0.855451
4.080000	-0.867696
4.081000	-0.879436
4.082000	-0.890664
4.083000	-0.901374
4.084000	-0.911558
4.085000	-0.921213
4.086000	-0.930331
4.087000	-0.938907
4.088000	-0.946937
4.089000	-0.954416
4.090000	-0.961339
4.091000	-0.967702
4.092000	-0.973502
4.093000	-0.978736
4.094000	-0.983400
4.095000	-0.987491
4.096000	-0.991008
4.097000	-0.993947
4.098000	-0.996308
4.099000	-0.998089
4.100000	-0.999289
4.101000	-0.999908
4.102000	-0.999944
4.103000	-0.999399
4.104000	-0.998271
4.105000	-0.996563
4.106000	-0.994274
4.107000	-0.991407
4.108000	-0.987962
4.109000	-0.983942
4.110000	-0.979350
4.111000	-0.974188
4.112000	-0.968458
4.113000	-0.962165
4.114000	-0.955311
4.115000	-0.947902
4.116000	-0.939941
4.117000	-0.931432
4.118000	-0.922382
4.119000	-0.912794
4.120000	-0.902675
4.121000	-0.892031
4.122000	-0.880868
4.123000	-0.869191
4.124000	-0.857009
4.125000	-0.844328
4.126000	-0.831155
4.127000	-0.817499
4.128000	-0.803367
4.129000	-0.788767
4.130000	-0.773708
4.131000	-0.758198
4.132000	-0.742247
4.133000	-0.725864
4.134000	-0.709059
4.135000	-0.691841
4.136000	-0.674220
4.137000	-0.656207
4.138000	-0.637811
4.139000	-0.619045
4.140000	-0.599918
4.141000	-0.580441
4.142000	-0.560627
4.143000	-0.540487
4.144000	-0.520032
4.145000	-0.499274
4.146000	-0.478226
4.147000	-0.456899
4.148000	-0.435307
4.149000	-0.413460
4.150000	-0.391374
4.151000	-0.369059
4.152000	-0.346530
4.153000	-0.323799
4.154000	-0.300879
4.155000	-0.277784
4.156000	-0.254528
4.157000	-0.231123
4.158000	-0.207584
4.159000	-0.183924
4.160000	-0.160157
4.161000	-0.136297
4.162000	-0.112357
4.163000	-0.088352
4.164000	-0.064295
4.165000	-0.040202
4.166000	-0.016084
4.167000	0.008042
4.168000	0.032164
4.169000	0.056268
4.170000	0.080338
4.171000	0.104362
4.172000	0.128325
4.173000	0.152213
4.174000	0.176013
4.175000	0.199710
4.176000	0.223291
4.177000	0.246742
4.178000	0.270049
4.179000	0.293199
4.180000	0.316179
4.181000	0.338974
4.182000	0.361572
4.183000	0.383960
4.184000	0.406124
4.185000	0.428052
4.186000	0.449731
4.187000	0.471147
4.188000	0.492290
4.189000	0.513146
4.190000	0.533703
4.191000	0.553950
4.192000	0.573874
4.193000	0.593464
4.194000	0.612708
4.195000	0.631596
4.196000	0.650117
4.197000	0.668259
4.198000	0.686011
4.199000	0.703365
4.200000	0.720309
4.201000	0.736834
4.202000	0.752930
4.203000	0.768587
4.204000	0.783798
4.205000	0.798551
4.206000	0.812841
4.207000	0.826657
4.208000	0.839991
4.209000	0.852837
4.210000	0.865186
4.211000	0.877032
4.212000	0.888367
4.213000	0.899185
4.214000	0.909480
4.215000	0.919245
4.216000	0.928475
4.217000	0.937165
4.218000	0.945309
4.219000	0.952903
4.220000	0.959942
4.221000	0.966423
4.222000	0.972341
4.223000	0.977692
4.224000	0.982475
4.225000	0.986686
4.226000	0.990322
4.227000	0.993382
4.228000	0.995864
4.229000	0.997766
4.230000	0.999087
4.231000	0.999827
4.232000	0.999985
4.233000	0.999560
4.234000	0.998554
4.235000	0.996966
4.236000	0.994799
4.237000	0.992052
4.238000	0.988727
4.239000	0.984827
4.240000	0.980354
4.241000	0.975310
4.242000	0.969698
4.243000	0.963522
4.244000	0.956785
4.245000	0.949491
4.246000	0.941645
4.247000	0.933250
4.248000	0.924312
4.249000	0.914836
4.250000	0.904827
4.251000	0.894292
4.252000	0.883236
4.253000	0.871666
4.254000	0.859588
4.255000	0.847011
4.256000	0.833940
4.257000	0.820383
4.258000	0.806350
4.259000	0.791846
4.260000	0.776882
4.261000	0.761466
4.262000	0.745606
4.263000	0.729313
4.264000	0.712594
4.265000	0.695461
4.266000	0.677924
4.267000	0.659991
4.268000	0.641675
4.269000	0.622984
4.270000	0.603932
4.271000	0.584527
4.272000	0.564783
4.273000	0.544709
4.274000	0.524319
4.275000	0.503623
4.276000	0.482634
4.277000	0.461365
4.278000	0.439826
4.279000	0.418032
4.280000	0.395994
4.281000	0.373726
4.282000	0.351240
4.283000	0.328550
4.284000	0.305669
4.285000	0.282609
4.286000	0.259385
4.287000	0.236011
4.288000	0.212498
4.289000	0.188862
4.290000	0.165116
4.291000	0.141274
4.292000	0.117350
4.293000	0.093358
4.294000	0.069311
4.295000	0.045224
4.296000	0.021110
4.297000	-0.003016
4.298000	-0.027140
4.299000	-0.051248
4.300000	-0.075327
4.301000	-0.099361
4.302000	-0.123338
4.303000	-0.147243
4.304000	-0.171062
4.305000	-0.194782
4.306000	-0.218389
4.307000	-0.241868
4.308000	-0.265206
4.309000	-0.288390
4.310000	-0.311406
4.311000	-0.334241
4.312000	-0.356881
4.313000	-0.379314
4.314000	-0.401526
4.315000	-0.423504
4.316000	-0.445235
4.317000	-0.466708
4.318000	-0.487908
4.319000	-0.508825
4.320000	-0.529446
4.321000	-0.549758
4.322000	-0.569750
4.323000	-0.589411
4.324000	-0.608728
4.325000	-0.627691
4.326000	-0.646289
4.327000	-0.664511
4.328000	-0.682345
4.329000	-0.699783
4.330000	-0.716813
4.331000	-0.733426
4.332000	-0.749612
4.333000	-0.765362
4.334000	-0.780666
4.335000	-0.795516
4.336000	-0.809902
4.337000	-0.823818
4.338000	-0.837253
4.339000	-0.850202
4.340000	-0.862655
4.341000	-0.874606
4.342000	-0.886048
4.343000	-0.896975
4.344000	-0.907379
4.345000	-0.917255
4.346000	-0.926597
4.347000	-0.935400
4.348000	-0.943658
4.349000	-0.951367
4.350000	-0.958522
4.351000	-0.965119
4.352000	-0.971154
4.353000	-0.976624
4.354000	-0.981526
4.355000	-0.985856
4.356000	-0.989612
4.357000	-0.992793
4.358000	-0.995395
4.359000	-0.997418
4.360000	-0.998860
4.361000	-0.999721
4.362000	-1.000000
4.363000	-0.999697
4.364000	-0.998812
4.365000	-0.997345
4.366000	-0.995298
4.367000	-0.992672
4.368000	-0.989467
4.369000	-0.985687
4.370000	-0.981333
4.371000	-0.976408
4.372000	-0.970914
4.373000	-0.964855
4.374000	-0.958235
4.375000	-0.951057
4.376000	-0.943325
4.377000	-0.935044
4.378000	-0.926218
4.379000	-0.916854
4.380000	-0.906956
4.381000	-0.896530
4.382000	-0.885582
4.383000	-0.874118
4.384000	-0.862146
4.385000	-0.849672
4.386000	-0.836703
4.387000	-0.823247
4.388000	-0.809312
4.389000	-0.794906
4.390000	-0.780037
4.391000	-0.764715
4.392000	-0.748946
4.393000	-0.732742
4.394000	-0.716112
4.395000	-0.699065
4.396000	-0.681610
4.397000	-0.663759
4.398000	-0.645522
4.399000	-0.626908
4.400000	-0.607930
4.401000	-0.588598
4.402000	-0.568924
4.403000	-0.548918
4.404000	-0.528592
4.405000	-0.507959
4.406000	-0.487031
4.407000	-0.465818
4.408000	-0.444335
4.409000	-0.422593
4.410000	-0.400605
4.411000	-0.378384
4.412000	-0.355942
4.413000	-0.333294
4.414000	-0.310451
4.415000	-0.287427
4.416000	-0.264237
4.417000	-0.240892
4.418000	-0.217407
4.419000	-0.193796
4.420000	-0.170072
4.421000	-0.146249
4.422000	-0.122341
4.423000	-0.098361
4.424000	-0.074324
4.425000	-0.050244
4.426000	-0.026135
4.427000	-0.002011
4.428000	0.022115
4.429000	0.046228
4.430000	0.070314
4.431000	0.094359
4.432000	0.118349
4.433000	0.142270
4.434000	0.166108
4.435000	0.189849
4.436000	0.213481
4.437000	0.236987
4.438000	0.260356
4.439000	0.283574
4.440000	0.306626
4.441000	0.329499
4.442000	0.352181
4.443000	0.374658
4.444000	0.396917
4.445000	0.418945
4.446000	0.440729
4.447000	0.462256
4.448000	0.483515
4.449000	0.504491
4.450000	0.525175
4.451000	0.545552
4.452000	0.565612
4.453000	0.585343
4.454000	0.604733
4.455000	0.623770
4.456000	0.642445
4.457000	0.660746
4.458000	0.678662
4.459000	0.696183
4.460000	0.713299
4.461000	0.730000
4.462000	0.746276
4.463000	0.762117
4.464000	0.777515
4.465000	0.792460
4.466000	0.806944
4.467000	0.820958
4.468000	0.834494
4.469000	0.847545
4.470000	0.860102
4.471000	0.872158
4.472000	0.883707
4.473000	0.894741
4.474000	0.905255
4.475000	0.915241
4.476000	0.924695
4.477000	0.933610
4.478000	0.941982
4.479000	0.949806
4.480000	0.957077
4.481000	0.963791
4.482000	0.969943
4.483000	0.975531
4.484000	0.980552
4.485000	0.985001
4.486000	0.988877
4.487000	0.992178
4.488000	0.994900
4.489000	0.997044
4.490000	0.998608
4.491000	0.999590
4.492000	0.999990
4.493000	0.999808
4.494000	0.999044
4.495000	0.997699
4.496000	0.995772
4.497000	0.993266
4.498000	0.990182
4.499000	0.986522
4.500000	0.982287
4.501000	0.977481
4.502000	0.972105
4.503000	0.966164
4.504000	0.959660
4.505000	0.952598
4.506000	0.944981
4.507000	0.936814
4.508000	0.928102
4.509000	0.918849
4.510000	0.909062
4.511000	0.898745
4.512000	0.887905
4.513000	0.876549
4.514000	0.864682
4.515000	0.852312
4.516000	0.839445
4.517000	0.826090
4.518000	0.812255
4.519000	0.797946
4.520000	0.783173
4.521000	0.767944
4.522000	0.752268
4.523000	0.736154
4.524000	0.719611
4.525000	0.702650
4.526000	0.685280
4.527000	0.667510
4.528000	0.649352
4.529000	0.630817
4.530000	0.611914
4.531000	0.592654
4.532000	0.573050
4.533000	0.553112
4.534000	0.532853
4.535000	0.512283
4.536000	0.491415
4.537000	0.470260
4.538000	0.448832
4.539000	0.427143
4.540000	0.405205
4.541000	0.383032
4.542000	0.360635
4.543000	0.338028
4.544000	0.315225
4.545000	0.292238
4.546000	0.269081
4.547000	0.245768
4.548000	0.222311
4.549000	0.198725
4.550000	0.175023
4.551000	0.151219
4.552000	0.127328
4.553000	0.103362
4.554000	0.079336
4.555000	0.055264
4.556000	0.031160
4.557000	0.007037
4.558000	-0.017089
4.559000	-0.041206
4.560000	-0.065299
4.561000	-0.089353
4.562000	-0.113356
4.563000	-0.137292
4.564000	-0.161149
4.565000	-0.184912
4.566000	-0.208567
4.567000	-0.232101
4.568000	-0.255500
4.569000	-0.278750
4.570000	-0.301837
4.571000	-0.324750
4.572000	-0.347473
4.573000	-0.369993
4.574000	-0.392299
4.575000	-0.414376
4.576000	-0.436211
4.577000	-0.457793
4.578000	-0.479109
4.579000	-0.500145
4.580000	-0.520890
4.581000	-0.541333
4.582000	-0.561460
4.583000	-0.581260
4.584000	-0.600722
4.585000	-0.619834
4.586000	-0.638585
4.587000	-0.656965
4.588000	-0.674962
4.589000	-0.692566
4.590000	-0.709767
4.591000	-0.726555
4.592000	-0.742921
4.593000	-0.758853
4.594000	-0.774344
4.595000	-0.789384
4.596000	-0.803965
4.597000	-0.818077
4.598000	-0.831714
4.599000	-0.844866
4.600000	-0.857527
4.601000	-0.869688
4.602000	-0.881343
4.603000	-0.892485
4.604000	-0.903108
4.605000	-0.913204
4.606000	-0.922770
4.607000	-0.931798
4.608000	-0.940283
4.609000	-0.948222
4.610000	-0.955608
4.611000	-0.962438
4.612000	-0.968708
4.613000	-0.974414
4.614000	-0.979553
4.615000	-0.984121
4.616000	-0.988117
4.617000	-0.991538
4.618000	-0.994381
4.619000	-0.996645
4.620000	-0.998330
4.621000	-0.999433
4.622000	-0.999954
4.623000	-0.999894
4.624000	-0.999251
4.625000	-0.998027
4.626000	-0.996221
4.627000	-0.993836
4.628000	-0.990872
4.629000	-0.987332
4.630000	-0.983217
4.631000	-0.978529
4.632000	-0.973272
4.633000	-0.967448
4.634000	-0.961061
4.635000	-0.954115
4.636000	-0.946613
4.637000	-0.938561
4.638000	-0.929961
4.639000	-0.920821
4.640000	-0.911145
4.641000	-0.900938
4.642000	-0.890206
4.643000	-0.878957
4.644000	-0.867196
4.645000	-0.854930
4.646000	-0.842166
4.647000	-0.828913
4.648000	-0.815176
4.649000	-0.800966
4.650000	-0.786288
4.651000	-0.771154
4.652000	-0.755570
4.653000	-0.739547
4.654000	-0.723093
4.655000	-0.706218
4.656000	-0.688932
4.657000	-0.671245
4.658000	-0.653167
4.659000	-0.634709
4.660000	-0.615882
4.661000	-0.596696
4.662000	-0.577162
4.663000	-0.557293
4.664000	-0.537099
4.665000	-0.516593
4.666000	-0.495786
4.667000	-0.474690
4.668000	-0.453319
4.669000	-0.431683
4.670000	-0.409796
4.671000	-0.387670
4.672000	-0.365319
4.673000	-0.342755
4.674000	-0.319991
4.675000	-0.297042
4.676000	-0.273919
4.677000	-0.250637
4.678000	-0.227209
4.679000	-0.203649
4.680000	-0.179970
4.681000	-0.156186
4.682000	-0.132312
4.683000	-0.108360
4.684000	-0.084346
4.685000	-0.060282
4.686000	-0.036183
4.687000	-0.012063
4.688000	0.012063
4.689000	0.036183
4.690000	0.060282
4.691000	0.084346
4.692000	0.108360
4.693000	0.132312
4.694000	0.156186
4.695000	0.179970
4.696000	0.203649
4.697000	0.227209
4.698000	0.250637
4.699000	0.273919
4.700000	0.297042
4.701000	0.319991
4.702000	0.342755
4.703000	0.365319
4.704000	0.387670
4.705000	0.409796
4.706000	0.431683
4.707000	0.453319
4.708000	0.474690
4.709000	0.495786
4.710000	0.516593
4.711000	0.537099
4.712000	0.557293
4.713000	0.577162
4.714000	0.596696
4.715000	0.615882
4.716000	0.634709
4.717000	0.653167
4.718000	0.671245
4.719000	0.688932
4.720000	0.706218
4.721000	0.723093
4.722000	0.739547
4.723000	0.755570
4.724000	0.771154
4.725000	0.786288
4.726000	0.800966
4.727000	0.815176
4.728000	0.828913
4.729000	0.842166
4.730000	0.854930
4.731000	0.867196
4.732000	0.878957
4.733000	0.890206
4.734000	0.900938
4.735000	0.911145
4.736000	0.920821
4.737000	0.929961
4.738000	0.938561
4.739000	0.946613
4.740000	0.954115
4.741000	0.961061
4.742000	0.967448
4.743000	0.973272
4.744000	0.978529
4.745000	0.983217
4.746000	0.987332
4.747000	0.990872
4.748000	0.993836
4.749000	0.996221
4.750000	0.998027
4.751000	0.999251
4.752000	0.999894
4.753000	0.999954
4.754000	0.999433
4.755000	0.998330
4.756000	0.996645
4.757000	0.994381
4.758000	0.991538
4.759000	0.988117
4.760000	0.984121
4.761000	0.979553
4.762000	0.974414
4.763000	0.968708
4.764000	0.962438
4.765000	0.955608
4.766000	0.948222
4.767000	0.940283
4.768000	0.931798
4.769000	0.922770
4.770000	0.913204
4.771000	0.903108
4.772000	0.892485
4.773000	0.881343
4.774000	0.869688
4.775000	0.857527
4.776000	0.844866
4.777000	0.831714
4.778000	0.818077
4.779000	0.803965
4.780000	0.789384
4.781000	0.774344
4.782000	0.758853
4.783000	0.742921
4.784000	0.726555
4.785000	0.709767
4.786000	0.692566
4.787000	0.674962
4.788000	0.656965
4.789000	0.638585
4.790000	0.619834
4.791000	0.600722
4.792000	0.581260
4.793000	0.561460
4.794000	0.541333
4.795000	0.520890
4.796000	0.500145
4.797000	0.479109
4.798000	0.457793
4.799000	0.436211
4.800000	0.414376
4.801000	0.392299
4.802000	0.369993
4.803000	0.347473
4.804000	0.324750
4.805000	0.301837
4.806000	0.278750
4.807000	0.255500
4.808000	0.232101
4.809000	0.208567
4.810000	0.184912
4.811000	0.161149
4.812000	0.137292
4.813000	0.113356
4.814000	0.089353
4.815000	0.065299
4.816000	0.041206
4.817000	0.017089
4.818000	-0.007037
4.819000	-0.031160
4.820000	-0.055264
4.821000	-0.079336
4.822000	-0.103362
4.823000	-0.127328
4.824000	-0.151219
4.825000	-0.175023
4.826000	-0.198725
4.827000	-0.222311
4.828000	-0.245768
4.829000	-0.269081
4.830000	-0.292238
4.831000	-0.315225
4.832000	-0.338028
4.833000	-0.360635
4.834000	-0.383032
4.835000	-0.405205
4.836000	-0.427143
4.837000	-0.448832
4.838000	-0.470260
4.839000	-0.491415
4.840000	-0.512283
4.841000	-0.532853
4.842000	-0.553112
4.843000	-0.573050
4.844000	-0.592654
4.845000	-0.611914
4.846000	-0.630817
4.847000	-0.649352
4.848000	-0.667510
4.849000	-0.685280
4.850000	-0.702650
4.851000	-0.719611
4.852000	-0.736154
4.853000	-0.752268
4.854000	-0.767944
4.855000	-0.783173
4.856000	-0.797946
4.857000	-0.812255
4.858000	-0.826090
4.859000	-0.839445
4.860000	-0.852312
4.861000	-0.864682
4.862000	-0.876549
4.863000	-0.887905
4.864000	-0.898745
4.865000	-0.909062
4.866000	-0.918849
4.867000	-0.928102
4.868000	-0.936814
4.869000	-0.944981
4.870000	-0.952598
4.871000	-0.959660
4.872000	-0.966164
4.873000	-0.972105
4.874000	-0.977481
4.875000	-0.982287
4.876000	-0.986522
4.877000	-0.990182
4.878000	-0.993266
4.879000	-0.995772
4.880000	-0.997699
4.881000	-0.999044
4.882000	-0.999808
4.883000	-0.999990
4.884000	-0.999590
4.885000	-0.998608
4.886000	-0.997044
4.887000	-0.994900
4.888000	-0.992178
4.889000	-0.988877
4.890000	-0.985001
4.891000	-0.980552
4.892000	-0.975531
4.893000	-0.969943
4.894000	-0.963791
4.895000	-0.957077
4.896000	-0.949806
4.897000	-0.941982
4.898000	-0.933610
4.899000	-0.924695
4.900000	-0.915241
4.901000	-0.905255
4.902000	-0.894741
4.903000	-0.883707
4.904000	-0.872158
4.905000	-0.860102
4.906000	-0.847545
4.907000	-0.834494
4.908000	-0.820958
4.909000	-0.806944
4.910000	-0.792460
4.911000	-0.777515
4.912000	-0.762117
4.913000	-0.746276
4.914000	-0.730000
4.915000	-0.713299
4.916000	-0.696183
4.917000	-0.678662
4.918000	-0.660746
4.919000	-0.642445
4.920000	-0.623770
4.921000	-0.604733
4.922000	-0.585343
4.923000	-0.565612
4.924000	-0.545552
4.925000	-0.525175
4.926000	-0.504491
4.927000	-0.483515
4.928000	-0.462256
4.929000	-0.440729
4.930000	-0.418945
4.931000	-0.396917
4.932000	-0.374658
4.933000	-0.352181
4.934000	-0.329499
4.935000	-0.306626
4.936000	-0.283574
4.937000	-0.260356
4.938000	-0.236987
4.939000	-0.213481
4.940000	-0.189849
4.941000	-0.166108
4.942000	-0.142270
4.943000	-0.118349
4.944000	-0.094359
4.945000	-0.070314
4.946000	-0.046228
4.947000	-0.022115
4.948000	0.002011
4.949000	0.026135
4.950000	0.050244
4.951000	0.074324
4.952000	0.098361
4.953000	0.122341
4.954000	0.146249
4.955000	0.170072
4.956000	0.193796
4.957000	0.217407
4.958000	0.240892
4.959000	0.264237
4.960000	0.287427
4.961000	0.310451
4.962000	0.333294
4.963000	0.355942
4.964000	0.378384
4.965000	0.400605
4.966000	0.422593
4.967000	0.444335
4.968000	0.465818
4.969000	0.487031
4.970000	0.507959
4.971000	0.528592
4.972000	0.548918
4.973000	0.568924
4.974000	0.588598
4.975000	0.607930
4.976000	0.626908
4.977000	0.645522
4.978000	0.663759
4.979000	0.681610
4.980000	0.699065
4.981000	0.716112
4.982000	0.732742
4.983000	0.748946
4.984000	0.764715
4.985000	0.780037
4.986000	0.794906
4.987000	0.809312
4.988000	0.823247
4.989000	0.836703
4.990000	0.849672
4.991000	0.862146
4.992000	0.874118
4.993000	0.885582
4.994000	0.896530
4.995000	0.906956
4.996000	0.916854
4.997000	0.926218
4.998000	0.935044
4.999000	0.943325
5.000000	0.951057
5.001000	0.958235
5.002000	0.964855
5.003000	0.970914
5.004000	0.976408
5.005000	0.981333
5.006000	0.985687
5.007000	0.989467
5.008000	0.992672
5.009000	0.995298
5.010000	0.997345
5.011000	0.998812
5.012000	0.999697
5.013000	1.000000
5.014000	0.999721
5.015000	0.998860
5.016000	0.997418
5.017000	0.995395
5.018000	0.992793
5.019000	0.989612
5.020000	0.985856
5.021000	0.981526
5.022000	0.976624
5.023000	0.971154
5.024000	0.965119
5.025000	0.958522
5.026000	0.951367
5.027000	0.943658
5.028000	0.935400
5.029000	0.926597
5.030000	0.917255
5.031000	0.907379
5.032000	0.896975
5.033000	0.886048
5.034000	0.874606
5.035000	0.862655
5.036000	0.850202
5.037000	0.837253
5.038000	0.823818
5.039000	0.809902
5.040000	0.795516
5.041000	0.780666
5.042000	0.765362
5.043000	0.749612
5.044000	0.733426
5.045000	0.716813
5.046000	0.699783
5.047000	0.682345
5.048000	0.664511
5.049000	0.646289
5.050000	0.627691
5.051000	0.608728
5.052000	0.589411
5.053000	0.569750
5.054000	0.549758
5.055000	0.529446
5.056000	0.508825
5.057000	0.487908
5.058000	0.466708
5.059000	0.445235
5.060000	0.423504
5.061000	0.401526
5.062000	0.379314
5.063000	0.356881
5.064000	0.334241
5.065000	0.311406
5.066000	0.288390
5.067000	0.265206
5.068000	0.241868
5.069000	0.218389
5.070000	0.194782
5.071000	0.171062
5.072000	0.147243
5.073000	0.123338
5.074000	0.099361
5.075000	0.075327
5.076000	0.051248
5.077000	0.027140
5.078000	0.003016
5.079000	-0.021110
5.080000	-0.045224
5.081000	-0.069311
5.082000	-0.093358
5.083000	-0.117350
5.084000	-0.141274
5.085000	-0.165116
5.086000	-0.188862
5.087000	-0.212498
5.088000	-0.236011
5.089000	-0.259385
5.090000	-0.282609
5.091000	-0.305669
5.092000	-0.328550
5.093000	-0.351240
5.094000	-0.373726
5.095000	-0.395994
5.096000	-0.418032
5.097000	-0.439826
5.098000	-0.461365
5.099000	-0.482634
5.100000	-0.503623
5.101000	-0.524319
5.102000	-0.544709
5.103000	-0.564783
5.104000	-0.584527
5.105000	-0.603932
5.106000	-0.622984
5.107000	-0.641675
5.108000	-0.659991
5.109000	-0.677924
5.110000	-0.695461
5.111000	-0.712594
5.112000	-0.729313
5.113000	-0.745606
5.114000	-0.761466
5.115000	-0.776882
5.116000	-0.791846
5.117000	-0.806350
5.118000	-0.820383
5.119000	-0.833940
5.120000	-0.847011
5.121000	-0.859588
5.122000	-0.871666
5.123000	-0.883236
5.124000	-0.894292
5.125000	-0.904827
5.126000	-0.914836
5.127000	-0.924312
5.128000	-0.933250
5.129000	-0.941645
5.130000	-0.949491
5.131000	-0.956785
5.132000	-0.963522
5.133000	-0.969698
5.134000	-0.975310
5.135000	-0.980354
5.136000	-0.984827
5.137000	-0.988727
5.138000	-0.992052
5.139000	-0.994799
5.140000	-0.996966
5.141000	-0.998554
5.142000	-0.999560
5.143000	-0.999985
5.144000	-0.999827
5.145000	-0.999087
5.146000	-0.997766
5.147000	-0.995864
5.148000	-0.993382
5.149000	-0.990322
5.150000	-0.986686
5.151000	-0.982475
5.152000	-0.977692
5.153000	-0.972341
5.154000	-0.966423
5.155000	-0.959942
5.156000	-0.952903
5.157000	-0.945309
5.158000	-0.937165
5.159000	-0.928475
5.160000	-0.919245
5.161000	-0.909480
5.162000	-0.899185
5.163000	-0.888367
5.164000	-0.877032
5.165000	-0.865186
5.166000	-0.852837
5.167000	-0.839991
5.168000	-0.826657
5.169000	-0.812841
5.170000	-0.798551
5.171000	-0.783798
5.172000	-0.768587
5.173000	-0.752930
5.174000	-0.736834
5.175000	-0.720309
5.176000	-0.703365
5.177000	-0.686011
5.178000	-0.668259
5.179000	-0.650117
5.180000	-0.631596
5.181000	-0.612708
5.182000	-0.593464
5.183000	-0.573874
5.184000	-0.553950
5.185000	-0.533703
5.186000	-0.513146
5.187000	-0.492290
5.188000	-0.471147
5.189000	-0.449731
5.190000	-0.428052
5.191000	-0.406124
5.192000	-0.383960
5.193000	-0.361572
5.194000	-0.338974
5.195000	-0.316179
5.196000	-0.293199
5.197000	-0.270049
5.198000	-0.246742
5.199000	-0.223291
5.200000	-0.199710
5.201000	-0.176013
5.202000	-0.152213
5.203000	-0.128325
5.204000	-0.104362
5.205000	-0.080338
5.206000	-0.056268
5.207000	-0.032164
5.208000	-0.008042
5.209000	0.016084
5.210000	0.040202
5.211000	0.064295
5.212000	0.088352
5.213000	0.112357
5.214000	0.136297
5.215000	0.160157
5.216000	0.183924
5.217000	0.207584
5.218000	0.231123
5.219000	0.254528
5.220000	0.277784
5.221000	0.300879
5.222000	0.323799
5.223000	0.346530
5.224000	0.369059
5.225000	0.391374
5.226000	0.413460
5.227000	0.435307
5.228000	0.456899
5.229000	0.478226
5.230000	0.499274
5.231000	0.520032
5.232000	0.540487
5.233000	0.560627
5.234000	0.580441
5.235000	0.599918
5.236000	0.619045
5.237000	0.637811
5.238000	0.656207
5.239000	0.674220
5.240000	0.691841
5.241000	0.709059
5.242000	0.725864
5.243000	0.742247
5.244000	0.758198
5.245000	0.773708
5.246000	0.788767
5.247000	0.803367
5.248000	0.817499
5.249000	0.831155
5.250000	0.844328
5.251000	0.857009
5.252000	0.869191
5.253000	0.880868
5.254000	0.892031
5.255000	0.902675
5.256000	0.912794
5.257000	0.922382
5.258000	0.931432
5.259000	0.939941
5.260000	0.947902
5.261000	0.955311
5.262000	0.962165
5.263000	0.968458
5.264000	0.974188
5.265000	0.979350
5.266000	0.983942
5.267000	0.987962
5.268000	0.991407
5.269000	0.994274
5.270000	0.996563
5.271000	0.998271
5.272000	0.999399
5.273000	0.999944
5.274000	0.999908
5.275000	0.999289
5.276000	0.998089
5.277000	0.996308
5.278000	0.993947
5.279000	0.991008
5.280000	0.987491
5.281000	0.983400
5.282000	0.978736
5.283000	0.973502
5.284000	0.967702
5.285000	0.961339
5.286000	0.954416
5.287000	0.946937
5.288000	0.938907
5.289000	0.930331
5.290000	0.921213
5.291000	0.911558
5.292000	0.901374
5.293000	0.890664
5.294000	0.879436
5.295000	0.867696
5.296000	0.855451
5.297000	0.842708
5.298000	0.829475
5.299000	0.815758
5.300000	0.801567
5.301000	0.786909
5.302000	0.771793
5.303000	0.756228
5.304000	0.740223
5.305000	0.723787
5.306000	0.706929
5.307000	0.689660
5.308000	0.671989
5.309000	0.653928
5.310000	0.635485
5.311000	0.616673
5.312000	0.597502
5.313000	0.577983
5.314000	0.558127
5.315000	0.537947
5.316000	0.517454
5.317000	0.496659
5.318000	0.475575
5.319000	0.454214
5.320000	0.432589
5.321000	0.410712
5.322000	0.388597
5.323000	0.366254
5.324000	0.343699
5.325000	0.320944
5.326000	0.298001
5.327000	0.274886
5.328000	0.251610
5.329000	0.228188
5.330000	0.204633
5.331000	0.180959
5.332000	0.157179
5.333000	0.133308
5.334000	0.109360
5.335000	0.085347
5.336000	0.061285
5.337000	0.037188
5.338000	0.013069
5.339000	-0.011058
5.340000	-0.035179
5.341000	-0.059278
5.342000	-0.083344
5.343000	-0.107361
5.344000	-0.131315
5.345000	-0.155193
5.346000	-0.178981
5.347000	-0.202664
5.348000	-0.226230
5.349000	-0.249663
5.350000	-0.272952
5.351000	-0.296081
5.352000	-0.319039
5.353000	-0.341810
5.354000	-0.364383
5.355000	-0.386743
5.356000	-0.408878
5.357000	-0.430776
5.358000	-0.452422
5.359000	-0.473805
5.360000	-0.494913
5.361000	-0.515732
5.362000	-0.536251
5.363000	-0.556458
5.364000	-0.576341
5.365000	-0.595889
5.366000	-0.615089
5.367000	-0.633932
5.368000	-0.652405
5.369000	-0.670499
5.370000	-0.688203
5.371000	-0.705506
5.372000	-0.722398
5.373000	-0.738869
5.374000	-0.754911
5.375000	-0.770513
5.376000	-0.785667
5.377000	-0.800363
5.378000	-0.814594
5.379000	-0.828350
5.380000	-0.841624
5.381000	-0.854408
5.382000	-0.866695
5.383000	-0.878477
5.384000	-0.889748
5.385000	-0.900501
5.386000	-0.910730
5.387000	-0.920428
5.388000	-0.929591
5.389000	-0.938213
5.390000	-0.946289
5.391000	-0.953813
5.392000	-0.960783
5.393000	-0.967193
5.394000	-0.973041
5.395000	-0.978321
5.396000	-0.983033
5.397000	-0.987172
5.398000	-0.990736
5.399000	-0.993724
5.400000	-0.996134
5.401000	-0.997963
5.402000	-0.999212
5.403000	-0.999879
5.404000	-0.999963
5.405000	-0.999466
5.406000	-0.998387
5.407000	-0.996727
5.408000	-0.994487
5.409000	-0.991668
5.410000	-0.988271
5.411000	-0.984299
5.412000	-0.979755
5.413000	-0.974639
5.414000	-0.968957
5.415000	-0.962711
5.416000	-0.955904
5.417000	-0.948541
5.418000	-0.940625
5.419000	-0.932162
5.420000	-0.923157
5.421000	-0.913614
5.422000	-0.903539
5.423000	-0.892938
5.424000	-0.881818
5.425000	-0.870184
5.426000	-0.858043
5.427000	-0.845404
5.428000	-0.832272
5.429000	-0.818655
5.430000	-0.804562
5.431000	-0.790001
5.432000	-0.774980
5.433000	-0.759508
5.434000	-0.743593
5.435000	-0.727246
5.436000	-0.710475
5.437000	-0.693291
5.438000	-0.675703
5.439000	-0.657722
5.440000	-0.639358
5.441000	-0.620622
5.442000	-0.601525
5.443000	-0.582078
5.444000	-0.562291
5.445000	-0.542178
5.446000	-0.521748
5.447000	-0.501015
5.448000	-0.479991
5.449000	-0.458687
5.450000	-0.437116
5.451000	-0.415290
5.452000	-0.393223
5.453000	-0.370927
5.454000	-0.348415
5.455000	-0.325700
5.456000	-0.302796
5.457000	-0.279715
5.458000	-0.256472
5.459000	-0.233079
5.460000	-0.209550
5.461000	-0.185900
5.462000	-0.162141
5.463000	-0.138288
5.464000	-0.114355
5.465000	-0.090354
5.466000	-0.066302
5.467000	-0.042210
5.468000	-0.018095
5.469000	0.006032
5.470000	0.030155
5.471000	0.054260
5.472000	0.078334
5.473000	0.102362
5.474000	0.126331
5.475000	0.150226
5.476000	0.174033
5.477000	0.197739
5.478000	0.221331
5.479000	0.244793
5.480000	0.268113
5.481000	0.291277
5.482000	0.314271
5.483000	0.337082
5.484000	0.359697
5.485000	0.382103
5.486000	0.404286
5.487000	0.426234
5.488000	0.447934
5.489000	0.469373
5.490000	0.490539
5.491000	0.511419
5.492000	0.532002
5.493000	0.552275
5.494000	0.572226
5.495000	0.591844
5.496000	0.611118
5.497000	0.630036
5.498000	0.648588
5.499000	0.666761
5.500000	0.684547
5.501000	0.701934
5.502000	0.718913
5.503000	0.735473
5.504000	0.751605
5.505000	0.767299
5.506000	0.782547
5.507000	0.797340
5.508000	0.811668
5.509000	0.825523
5.510000	0.838899
5.511000	0.851785
5.512000	0.864176
5.513000	0.876064
5.514000	0.887442
5.515000	0.898304
5.516000	0.908642
5.517000	0.918452
5.518000	0.927727
5.519000	0.936462
5.520000	0.944652
5.521000	0.952291
5.522000	0.959377
5.523000	0.965904
5.524000	0.971869
5.525000	0.977268
5.526000	0.982098
5.527000	0.986357
5.528000	0.990041
5.529000	0.993149
5.530000	0.995679
5.531000	0.997630
5.532000	0.998999
5.533000	0.999788
5.534000	0.999994
5.535000	0.999618
5.536000	0.998660
5.537000	0.997121
5.538000	0.995001
5.539000	0.992303
5.540000	0.989026
5.541000	0.985174
5.542000	0.980748
5.543000	0.975752
5.544000	0.970188
5.545000	0.964058
5.546000	0.957368
5.547000	0.950120
5.548000	0.942319
5.549000	0.933970
5.550000	0.925077
5.551000	0.915646
5.552000	0.905681
5.553000	0.895190
5.554000	0.884177
5.555000	0.872649
5.556000	0.860614
5.557000	0.848078
5.558000	0.835048
5.559000	0.821532
5.560000	0.807537
5.561000	0.793073
5.562000	0.778147
5.563000	0.762768
5.564000	0.746945
5.565000	0.730687
5.566000	0.714004
5.567000	0.696905
5.568000	0.679400
5.569000	0.661500
5.570000	0.643215
5.571000	0.624556
5.572000	0.605533
5.573000	0.586157
5.574000	0.566441
5.575000	0.546394
5.576000	0.526030
5.577000	0.505359
5.578000	0.484394
5.579000	0.463148
5.580000	0.441631
5.581000	0.419858
5.582000	0.397840
5.583000	0.375590
5.584000	0.353122
5.585000	0.330449
5.586000	0.307582
5.587000	0.284537
5.588000	0.261327
5.589000	0.237964
5.590000	0.214463
5.591000	0.190836
5.592000	0.167099
5.593000	0.143265
5.594000	0.119347
5.595000	0.095359
5.596000	0.071316
5.597000	0.047232
5.598000	0.023120
5.599000	-0.001005
5.600000	-0.025130
5.601000	-0.049240
5.602000	-0.073322
5.603000	-0.097361
5.604000	-0.121343
5.605000	-0.145254
5.606000	-0.169081
5.607000	-0.192810
5.608000	-0.216426
5.609000	-0.239916
5.610000	-0.263267
5.611000	-0.286464
5.612000	-0.309495
5.613000	-0.332346
5.614000	-0.355003
5.615000	-0.377453
5.616000	-0.399684
5.617000	-0.421682
5.618000	-0.443434
5.619000	-0.464929
5.620000	-0.486152
5.621000	-0.507093
5.622000	-0.527739
5.623000	-0.548077
5.624000	-0.568097
5.625000	-0.587785
5.626000	-0.607132
5.627000	-0.626125
5.628000	-0.644754
5.629000	-0.663007
5.630000	-0.680874
5.631000	-0.698345
5.632000	-0.715410
5.633000	-0.732058
5.634000	-0.748280
5.635000	-0.764066
5.636000	-0.779408
5.637000	-0.794296
5.638000	-0.808721
5.639000	-0.822676
5.640000	-0.836152
5.641000	-0.849141
5.642000	-0.861636
5.643000	-0.873630
5.644000	-0.885114
5.645000	-0.896084
5.646000	-0.906532
5.647000	-0.916452
5.648000	-0.925839
5.649000	-0.934687
5.650000	-0.942991
5.651000	-0.950745
5.652000	-0.957947
5.653000	-0.964591
5.654000	-0.970673
5.655000	-0.976190
5.656000	-0.981139
5.657000	-0.985517
5.658000	-0.989321
5.659000	-0.992550
5.660000	-0.995200
5.661000	-0.997271
5.662000	-0.998762
5.663000	-0.999671
5.664000	-0.999999
5.665000	-0.999744
5.666000	-0.998908
5.667000	-0.997489
5.668000	-0.995491
5.669000	-0.992913
5.670000	-0.989756
5.671000	-0.986024
5.672000	-0.981718
5.673000	-0.976840
5.674000	-0.971393
5.675000	-0.965382
5.676000	-0.958808
5.677000	-0.951676
5.678000	-0.943990
5.679000	-0.935755
5.680000	-0.926974
5.681000	-0.917655
5.682000	-0.907801
5.683000	-0.897419
5.684000	-0.886514
5.685000	-0.875093
5.686000	-0.863163
5.687000	-0.850730
5.688000	-0.837803
5.689000	-0.824387
5.690000	-0.810492
5.691000	-0.796125
5.692000	-0.781294
5.693000	-0.766009
5.694000	-0.750277
5.695000	-0.734109
5.696000	-0.717514
5.697000	-0.700501
5.698000	-0.683080
5.699000	-0.665262
5.700000	-0.647056
5.701000	-0.628474
5.702000	-0.609525
5.703000	-0.590223
5.704000	-0.570576
5.705000	-0.550597
5.706000	-0.530298
5.707000	-0.509690
5.708000	-0.488786
5.709000	-0.467597
5.710000	-0.446135
5.711000	-0.424414
5.712000	-0.402446
5.713000	-0.380244
5.714000	-0.357820
5.715000	-0.335188
5.716000	-0.312361
5.717000	-0.289353
5.718000	-0.266175
5.719000	-0.242843
5.720000	-0.219369
5.721000	-0.195768
5.722000	-0.172053
5.723000	-0.148237
5.724000	-0.124336
5.725000	-0.100362
5.726000	-0.076329
5.727000	-0.052252
5.728000	-0.028145
5.729000	-0.004021
5.730000	0.020105
5.731000	0.044219
5.732000	0.068308
5.733000	0.092357
5.734000	0.116352
5.735000	0.140279
5.736000	0.164125
5.737000	0.187875
5.738000	0.211516
5.739000	0.235034
5.740000	0.258414
5.741000	0.281645
5.742000	0.304711
5.743000	0.327600
5.744000	0.350299
5.745000	0.372793
5.746000	0.395071
5.747000	0.417119
5.748000	0.438923
5.749000	0.460472
5.750000	0.481754
5.751000	0.502754
5.752000	0.523463
5.753000	0.543866
5.754000	0.563953
5.755000	0.583711
5.756000	0.603130
5.757000	0.622198
5.758000	0.640903
5.759000	0.659236
5.760000	0.677184
5.761000	0.694739
5.762000	0.711889
5.763000	0.728624
5.764000	0.744936
5.765000	0.760814
5.766000	0.776249
5.767000	0.791232
5.768000	0.805755
5.769000	0.819808
5.770000	0.833385
5.771000	0.846476
5.772000	0.859074
5.773000	0.871173
5.774000	0.882764
5.775000	0.893841
5.776000	0.904399
5.777000	0.914429
5.778000	0.923928
5.779000	0.932888
5.780000	0.941306
5.781000	0.949175
5.782000	0.956492
5.783000	0.963253
5.784000	0.969452
5.785000	0.975087
5.786000	0.980155
5.787000	0.984652
5.788000	0.988576
5.789000	0.991925
5.790000	0.994696
5.791000	0.996888
5.792000	0.998499
5.793000	0.999530
5.794000	0.999979
5.795000	0.999845
5.796000	0.999130
5.797000	0.997833
5.798000	0.995955
5.799000	0.993497
5.800000	0.990461
5.801000	0.986849
5.802000	0.982662
5.803000	0.977903
5.804000	0.972575
5.805000	0.966681
5.806000	0.960224
5.807000	0.953208
5.808000	0.945637
5.809000	0.937515
5.810000	0.928848
5.811000	0.919641
5.812000	0.909898
5.813000	0.899625
5.814000	0.888828
5.815000	0.877515
5.816000	0.865690
5.817000	0.853362
5.818000	0.840536
5.819000	0.827222
5.820000	0.813426
5.821000	0.799156
5.822000	0.784421
5.823000	0.769230
5.824000	0.753591
5.825000	0.737513
5.826000	0.721006
5.827000	0.704079
5.828000	0.686743
5.829000	0.669006
5.830000	0.650880
5.831000	0.632375
5.832000	0.613503
5.833000	0.594273
5.834000	0.574697
5.835000	0.554786
5.836000	0.534553
5.837000	0.514008
5.838000	0.493165
5.839000	0.472034
5.840000	0.450628
5.841000	0.428960
5.842000	0.407043
5.843000	0.384888
5.844000	0.362510
5.845000	0.339920
5.846000	0.317133
5.847000	0.294160
5.848000	0.271017
5.849000	0.247716
5.850000	0.224271
5.851000	0.200695
5.852000	0.177002
5.853000	0.153207
5.854000	0.129322
5.855000	0.105362
5.856000	0.081340
5.857000	0.057271
5.858000	0.033169
5.859000	0.009048
5.860000	-0.015079
5.861000	-0.039197
5.862000	-0.063292
5.863000	-0.087350
5.864000	-0.111358
5.865000	-0.135301
5.866000	-0.159164
5.867000	-0.182936
5.868000	-0.206600
5.869000	-0.230145
5.870000	-0.253555
5.871000	-0.276818
5.872000	-0.299920
5.873000	-0.322847
5.874000	-0.345586
5.875000	-0.368125
5.876000	-0.390448
5.877000	-0.412545
5.878000	-0.434401
5.879000	-0.456005
5.880000	-0.477343
5.881000	-0.498403
5.882000	-0.519173
5.883000	-0.539641
5.884000	-0.559795
5.885000	-0.579623
5.886000	-0.599113
5.887000	-0.618255
5.888000	-0.637037
5.889000	-0.655448
5.890000	-0.673477
5.891000	-0.691115
5.892000	-0.708350
5.893000	-0.725173
5.894000	-0.741573
5.895000	-0.757542
5.896000	-0.773070
5.897000	-0.788148
5.898000	-0.802768
5.899000	-0.816919
5.900000	-0.830596
5.901000	-0.843789
5.902000	-0.856491
5.903000	-0.868694
5.904000	-0.880391
5.905000	-0.891576
5.906000	-0.902242
5.907000	-0.912383
5.908000	-0.921993
5.909000	-0.931066
5.910000	-0.939597
5.911000	-0.947581
5.912000	-0.955014
5.913000	-0.961890
5.914000	-0.968207
5.915000	-0.973960
5.916000	-0.979146
5.917000	-0.983762
5.918000	-0.987806
5.919000	-0.991275
5.920000	-0.994166
5.921000	-0.996479
5.922000	-0.998212
5.923000	-0.999363
5.924000	-0.999933
5.925000	-0.999921
5.926000	-0.999327
5.927000	-0.998151
5.928000	-0.996394
5.929000	-0.994057
5.930000	-0.991142
5.931000	-0.987649
5.932000	-0.983582
5.933000	-0.978942
5.934000	-0.973732
5.935000	-0.967955
5.936000	-0.961615
5.937000	-0.954715
5.938000	-0.947260
5.939000	-0.939252
5.940000	-0.930699
5.941000	-0.921603
5.942000	-0.911971
5.943000	-0.901808
5.944000	-0.891121
5.945000	-0.879914
5.946000	-0.868195
5.947000	-0.855971
5.948000	-0.843249
5.949000	-0.830036
5.950000	-0.816339
5.951000	-0.802168
5.952000	-0.787529
5.953000	-0.772432
5.954000	-0.756886
5.955000	-0.740898
5.956000	-0.724480
5.957000	-0.707640
5.958000	-0.690388
5.959000	-0.672734
5.960000	-0.654688
5.961000	-0.636261
5.962000	-0.617464
5.963000	-0.598308
5.964000	-0.578803
5.965000	-0.558961
5.966000	-0.538794
5.967000	-0.518314
5.968000	-0.497531
5.969000	-0.476459
5.970000	-0.455110
5.971000	-0.433496
5.972000	-0.411629
5.973000	-0.389523
5.974000	-0.367190
5.975000	-0.344643
5.976000	-0.321896
5.977000	-0.298961
5.978000	-0.275852
5.979000	-0.252583
5.980000	-0.229166
5.981000	-0.205617
5.982000	-0.181947
5.983000	-0.158172
5.984000	-0.134304
5.985000	-0.110359
5.986000	-0.086349
5.987000	-0.062289
5.988000	-0.038192
5.989000	-0.014074
5.990000	0.010053
5.991000	0.034174
5.992000	0.058275
5.993000	0.082342
5.994000	0.106361
5.995000	0.130319
5.996000	0.154200
5.997000	0.177992
5.998000	0.201680
5.999000	0.225250
6.000000	0.248690
6.001000	0.271985
6.002000	0.295121
6.003000	0.318086
6.004000	0.340865
6.005000	0.363446
6.006000	0.385816
6.007000	0.407961
6.008000	0.429868
6.009000	0.451525
6.010000	0.472920
6.011000	0.494039
6.012000	0.514871
6.013000	0.535402
6.014000	0.555622
6.015000	0.575519
6.016000	0.595081
6.017000	0.614296
6.018000	0.633154
6.019000	0.651643
6.020000	0.669753
6.021000	0.687473
6.022000	0.704793
6.023000	0.721702
6.024000	0.738192
6.025000	0.754251
6.026000	0.769872
6.027000	0.785045
6.028000	0.799760
6.029000	0.814010
6.030000	0.827786
6.031000	0.841081
6.032000	0.853885
6.033000	0.866193
6.034000	0.877996
6.035000	0.889289
6.036000	0.900063
6.037000	0.910314
6.038000	0.920035
6.039000	0.929220
6.040000	0.937865
6.041000	0.945963
6.042000	0.953511
6.043000	0.960504
6.044000	0.966937
6.045000	0.972808
6.046000	0.978113
6.047000	0.982848
6.048000	0.987011
6.049000	0.990599
6.050000	0.993611
6.051000	0.996045
6.052000	0.997898
6.053000	0.999171
6.054000	0.999862
6.055000	0.999972
6.056000	0.999499
6.057000	0.998444
6.058000	0.996808
6.059000	0.994592
6.060000	0.991797
6.061000	0.988424
6.062000	0.984476
6.063000	0.979955
6.064000	0.974864
6.065000	0.969205
6.066000	0.962982
6.067000	0.956199
6.068000	0.948858
6.069000	0.940966
6.070000	0.932526
6.071000	0.923543
6.072000	0.914022
6.073000	0.903969
6.074000	0.893390
6.075000	0.882291
6.076000	0.870679
6.077000	0.858559
6.078000	0.845940
6.079000	0.832829
6.080000	0.819232
6.081000	0.805159
6.082000	0.790617
6.083000	0.775615
6.084000	0.760161
6.085000	0.744265
6.086000	0.727936
6.087000	0.711182
6.088000	0.694015
6.089000	0.676444
6.090000	0.658479
6.091000	0.640131
6.092000	0.621410
6.093000	0.602328
6.094000	0.582895
6.095000	0.563122
6.096000	0.543022
6.097000	0.522606
6.098000	0.501885
6.099000	0.480872
6.100000	0.459580
6.101000	0.438020
6.102000	0.416205
6.103000	0.394147
6.104000	0.371860
6.105000	0.349357
6.106000	0.326650
6.107000	0.303754
6.108000	0.280680
6.109000	0.257443
6.110000	0.234056
6.111000	0.210533
6.112000	0.186888
6.113000	0.163133
6.114000	0.139284
6.115000	0.115353
6.116000	0.091356
6.117000	0.067305
6.118000	0.043215
6.119000	0.019100
6.120000	-0.005027
6.121000	-0.029150
6.122000	-0.053256
6.123000	-0.077332
6.124000	-0.101362
6.125000	-0.125333
6.126000	-0.149232
6.127000	-0.173043
6.128000	-0.196754
6.129000	-0.220350
6.130000	-0.243818
6.131000	-0.267144
6.132000	-0.290315
6.133000	-0.313316
6.134000	-0.336135
6.135000	-0.358759
6.136000	-0.381174
6.137000	-0.403366
6.138000	-0.425324
6.139000	-0.447035
6.140000	-0.468485
6.141000	-0.489662
6.142000	-0.510555
6.143000	-0.531150
6.144000	-0.551436
6.145000	-0.571401
6.146000	-0.591034
6.147000	-0.610322
6.148000	-0.629255
6.149000	-0.647822
6.150000	-0.666012
6.151000	-0.683814
6.152000	-0.701218
6.153000	-0.718214
6.154000	-0.734791
6.155000	-0.750942
6.156000	-0.766654
6.157000	-0.781921
6.158000	-0.796732
6.159000	-0.811080
6.160000	-0.824956
6.161000	-0.838351
6.162000	-0.851258
6.163000	-0.863670
6.164000	-0.875579
6.165000	-0.886979
6.166000	-0.897862
6.167000	-0.908222
6.168000	-0.918054
6.169000	-0.927351
6.170000	-0.936109
6.171000	-0.944321
6.172000	-0.951984
6.173000	-0.959093
6.174000	-0.965643
6.175000	-0.971632
6.176000	-0.977054
6.177000	-0.981909
6.178000	-0.986191
6.179000	-0.989899
6.180000	-0.993031
6.181000	-0.995586
6.182000	-0.997560
6.183000	-0.998954
6.184000	-0.999766
6.185000	-0.999997
6.186000	-0.999645
6.187000	-0.998712
6.188000	-0.997197
6.189000	-0.995101
6.190000	-0.992427
6.191000	-0.989174
6.192000	-0.985346
6.193000	-0.980944
6.194000	-0.975972
6.195000	-0.970431
6.196000	-0.964325
6.197000	-0.957658
6.198000	-0.950433
6.199000	-0.942655
6.200000	-0.934329
6.201000	-0.925459
6.202000	-0.916049
6.203000	-0.906107
6.204000	-0.895637
6.205000	-0.884646
6.206000	-0.873140
6.207000	-0.861126
6.208000	-0.848610
6.209000	-0.835600
6.210000	-0.822104
6.211000	-0.808130
6.212000	-0.793685
6.213000	-0.778778
6.214000	-0.763417
6.215000	-0.747613
6.216000	-0.731373
6.217000	-0.714707
6.218000	-0.697625
6.219000	-0.680138
6.220000	-0.662254
6.221000	-0.643985
6.222000	-0.625341
6.223000	-0.606333
6.224000	-0.586972
6.225000	-0.567269
6.226000	-0.547236
6.227000	-0.526885
6.228000	-0.506226
6.229000	-0.485274
6.230000	-0.464038
6.231000	-0.442533
6.232000	-0.420770
6.233000	-0.398762
6.234000	-0.376522
6.235000	-0.354063
6.236000	-0.331397
6.237000	-0.308539
6.238000	-0.285501
6.239000	-0.262297
6.240000	-0.238940
6.241000	-0.215444
6.242000	-0.191823
6.243000	-0.168090
6.244000	-0.144259
6.245000	-0.120345
6.246000	-0.096360
6.247000	-0.072319
6.248000	-0.048236
6.249000	-0.024125
6.250000	-0.000000
6.251000	0.024125
6.252000	0.048236
6.253000	0.072319
6.254000	0.096360
6.255000	0.120345
6.256000	0.144259
6.257000	0.168090
6.258000	0.191823
6.259000	0.215444
6.260000	0.238940
6.261000	0.262297
6.262000	0.285501
6.263000	0.308539
6.264000	0.331397
6.265000	0.354063
6.266000	0.376522
6.267000	0.398762
6.268000	0.420770
6.269000	0.442533
6.270000	0.464038
6.271000	0.485274
6.272000	0.506226
6.273000	0.526885
6.274000	0.547236
6.275000	0.567269
6.276000	0.586972
6.277000	0.606333
6.278000	0.625341
6.279000	0.643985
6.280000	0.662254
6.281000	0.680138
6.282000	0.697625
6.283000	0.714707
6.284000	0.731373
6.285000	0.747613
6.286000	0.763417
6.287000	0.778778
6.288000	0.793685
6.289000	0.808130
6.290000	0.822104
6.291000	0.835600
6.292000	0.848610
6.293000	0.861126
6.294000	0.873140
6.295000	0.884646
6.296000	0.895637
6.297000	0.906107
6.298000	0.916049
6.299000	0.925459
6.300000	0.934329
6.301000	0.942655
6.302000	0.950433
6.303000	0.957658
6.304000	0.964325
6.305000	0.970431
6.306000	0.975972
6.307000	0.980944
6.308000	0.985346
6.309000	0.989174
6.310000	0.992427
6.311000	0.995101
6.312000	0.997197
6.313000	0.998712
6.314000	0.999645
6.315000	0.999997
6.316000	0.999766
6.317000	0.998954
6.318000	0.997560
6.319000	0.995586
6.320000	0.993031
6.321000	0.989899
6.322000	0.986191
6.323000	0.981909
6.324000	0.977054
6.325000	0.971632
6.326000	0.965643
6.327000	0.959093
6.328000	0.951984
6.329000	0.944321
6.330000	0.936109
6.331000	0.927351
6.332000	0.918054
6.333000	0.908222
6.334000	0.897862
6.335000	0.886979
6.336000	0.875579
6.337000	0.863670
6.338000	0.851258
6.339000	0.838351
6.340000	0.824956
6.341000	0.811080
6.342000	0.796732
6.343000	0.781921
6.344000	0.766654
6.345000	0.750942
6.346000	0.734791
6.347000	0.718214
6.348000	0.701218
6.349000	0.683814
6.350000	0.666012
6.351000	0.647822
6.352000	0.629255
6.353000	0.610322
6.354000	0.591034
6.355000	0.571401
6.356000	0.551436
6.357000	0.531150
6.358000	0.510555
6.359000	0.489662
6.360000	0.468485
6.361000	0.447035
6.362000	0.425324
6.363000	0.403366
6.364000	0.381174
6.365000	0.358759
6.366000	0.336135
6.367000	0.313316
6.368000	0.290315
6.369000	0.267144
6.370000	0.243818
6.371000	0.220350
6.372000	0.196754
6.373000	0.173043
6.374000	0.149232
6.375000	0.125333
6.376000	0.101362
6.377000	0.077332
6.378000	0.053256
6.379000	0.029150
6.380000	0.005027
6.381000	-0.019100
6.382000	-0.043215
6.383000	-0.067305
6.384000	-0.091356
6.385000	-0.115353
6.386000	-0.139284
6.387000	-0.163133
6.388000	-0.186888
6.389000	-0.210533
6.390000	-0.234056
6.391000	-0.257443
6.392000	-0.280680
6.393000	-0.303754
6.394000	-0.326650
6.395000	-0.349357
6.396000	-0.371860
6.397000	-0.394147
6.398000	-0.416205
6.399000	-0.438020
6.400000	-0.459580
6.401000	-0.480872
6.402000	-0.501885
6.403000	-0.522606
6.404000	-0.543022
6.405000	-0.563122
6.406000	-0.582895
6.407000	-0.602328
6.408000	-0.621410
6.409000	-0.640131
6.410000	-0.658479
6.411000	-0.676444
6.412000	-0.694015
6.413000	-0.711182
6.414000	-0.727936
6.415000	-0.744265
6.416000	-0.760161
6.417000	-0.775615
6.418000	-0.790617
6.419000	-0.805159
6.420000	-0.819232
6.421000	-0.832829
6.422000	-0.845940
6.423000	-0.858559
6.424000	-0.870679
6.425000	-0.882291
6.426000	-0.893390
6.427000	-0.903969
6.428000	-0.914022
6.429000	-0.923543
6.430000	-0.932526
6.431000	-0.940966
6.432000	-0.948858
6.433000	-0.956199
6.434000	-0.962982
6.435000	-0.969205
6.436000	-0.974864
6.437000	-0.979955
6.438000	-0.984476
6.439000	-0.988424
6.440000	-0.991797
6.441000	-0.994592
6.442000	-0.996808
6.443000	-0.998444
6.444000	-0.999499
6.445000	-0.999972
6.446000	-0.999862
6.447000	-0.999171
6.448000	-0.997898
6.449000	-0.996045
6.450000	-0.993611
6.451000	-0.990599
6.452000	-0.987011
6.453000	-0.982848
6.454000	-0.978113
6.455000	-0.972808
6.456000	-0.966937
6.457000	-0.960504
6.458000	-0.953511
6.459000	-0.945963
6.460000	-0.937865
6.461000	-0.929220
6.462000	-0.920035
6.463000	-0.910314
6.464000	-0.900063
6.465000	-0.889289
6.466000	-0.877996
6.467000	-0.866193
6.468000	-0.853885
6.469000	-0.841081
6.470000	-0.827786
6.471000	-0.814010
6.472000	-0.799760
6.473000	-0.785045
6.474000	-0.769872
6.475000	-0.754251
6.476000	-0.738192
6.477000	-0.721702
6.478000	-0.704793
6.479000	-0.687473
6.480000	-0.669753
6.481000	-0.651643
6.482000	-0.633154
6.483000	-0.614296
6.484000	-0.595081
6.485000	-0.575519
6.486000	-0.555622
6.487000	-0.535402
6.488000	-0.514871
6.489000	-0.494039
6.490000	-0.472920
6.491000	-0.451525
6.492000	-0.429868
6.493000	-0.407961
6.494000	-0.385816
6.495000	-0.363446
6.496000	-0.340865
6.497000	-0.318086
6.498000	-0.295121
6.499000	-0.271985
6.500000	-0.248690
6.501000	-0.225250
6.502000	-0.201680
6.503000	-0.177992
6.504000	-0.154200
6.505000	-0.130319
6.506000	-0.106361
6.507000	-0.082342
6.508000	-0.058275
6.509000	-0.034174
6.510000	-0.010053
6.511000	0.014074
6.512000	0.038192
6.513000	0.062289
6.514000	0.086349
6.515000	0.110359
6.516000	0.134304
6.517000	0.158172
6.518000	0.181947
6.519000	0.205617
6.520000	0.229166
6.521000	0.252583
6.522000	0.275852
6.523000	0.298961
6.524000	0.321896
6.525000	0.344643
6.526000	0.367190
6.527000	0.389523
6.528000	0.411629
6.529000	0.433496
6.530000	0.455110
6.531000	0.476459
6.532000	0.497531
6.533000	0.518314
6.534000	0.538794
6.535000	0.558961
6.536000	0.578803
6.537000	0.598308
6.538000	0.617464
6.539000	0.636261
6.540000	0.654688
6.541000	0.672734
6.542000	0.690388
6.543000	0.707640
6.544000	0.724480
6.545000	0.740898
6.546000	0.756886
6.547000	0.772432
6.548000	0.787529
6.549000	0.802168
6.550000	0.816339
6.551000	0.830036
6.552000	0.843249
6.553000	0.855971
6.554000	0.868195
6.555000	0.879914
6.556000	0.891121
6.557000	0.901808
6.558000	0.911971
6.559000	0.921603
6.560000	0.930699
6.561000	0.939252
6.562000	0.947260
6.563000	0.954715
6.564000	0.961615
6.565000	0.967955
6.566000	0.973732
6.567000	0.978942
6.568000	0.983582
6.569000	0.987649
6.570000	0.991142
6.571000	0.994057
6.572000	0.996394
6.573000	0.998151
6.574000	0.999327
6.575000	0.999921
6.576000	0.999933
6.577000	0.999363
6.578000	0.998212
6.579000	0.996479
6.580000	0.994166
6.581000	0.991275
6.582000	0.987806
6.583000	0.983762
6.584000	0.979146
6.585000	0.973960
6.586000	0.968207
6.587000	0.961890
6.588000	0.955014
6.589000	0.947581
6.590000	0.939597
6.591000	0.931066
6.592000	0.921993
6.593000	0.912383
6.594000	0.902242
6.595000	0.891576
6.596000	0.880391
6.597000	0.868694
6.598000	0.856491
6.599000	0.843789
6.600000	0.830596
6.601000	0.816919
6.602000	0.802768
6.603000	0.788148
6.604000	0.773070
6.605000	0.757542
6.606000	0.741573
6.607000	0.725173
6.608000	0.708350
6.609000	0.691115
6.610000	0.673477
6.611000	0.655448
6.612000	0.637037
6.613000	0.618255
6.614000	0.599113
6.615000	0.579623
6.616000	0.559795
6.617000	0.539641
6.618000	0.519173
6.619000	0.498403
6.620000	0.477343
6.621000	0.456005
6.622000	0.434401
6.623000	0.412545
6.624000	0.390448
6.625000	0.368125
6.626000	0.345586
6.627000	0.322847
6.628000	0.299920
6.629000	0.276818
6.630000	0.253555
6.631000	0.230145
6.632000	0.206600
6.633000	0.182936
6.634000	0.159164
6.635000	0.135301
6.636000	0.111358
6.637000	0.087350
6.638000	0.063292
6.639000	0.039197
6.640000	0.015079
6.641000	-0.009048
6.642000	-0.033169
6.643000	-0.057271
6.644000	-0.081340
6.645000	-0.105362
6.646000	-0.129322
6.647000	-0.153207
6.648000	-0.177002
6.649000	-0.200695
6.650000	-0.224271
6.651000	-0.247716
6.652000	-0.271017
6.653000	-0.294160
6.654000	-0.317133
6.655000	-0.339920
6.656000	-0.362510
6.657000	-0.384888
6.658000	-0.407043
6.659000	-0.428960
6.660000	-0.450628
6.661000	-0.472034
6.662000	-0.493165
6.663000	-0.514008
6.664000	-0.534553
6.665000	-0.554786
6.666000	-0.574697
6.667000	-0.594273
6.668000	-0.613503
6.669000	-0.632375
6.670000	-0.650880
6.671000	-0.669006
6.672000	-0.686743
6.673000	-0.704079
6.674000	-0.721006
6.675000	-0.737513
6.676000	-0.753591
6.677000	-0.769230
6.678000	-0.784421
6.679000	-0.799156
6.680000	-0.813426
6.681000	-0.827222
6.682000	-0.840536
6.683000	-0.853362
6.684000	-0.865690
6.685000	-0.877515
6.686000	-0.888828
6.687000	-0.899625
6.688000	-0.909898
6.689000	-0.919641
6.690000	-0.928848
6.691000	-0.937515
6.692000	-0.945637
6.693000	-0.953208
6.694000	-0.960224
6.695000	-0.966681
6.696000	-0.972575
6.697000	-0.977903
6.698000	-0.982662
6.699000	-0.986849
6.700000	-0.990461
6.701000	-0.993497
6.702000	-0.995955
6.703000	-0.997833
6.704000	-0.999130
6.705000	-0.999845
6.706000	-0.999979
6.707000	-0.999530
6.708000	-0.998499
6.709000	-0.996888
6.710000	-0.994696
6.711000	-0.991925
6.712000	-0.988576
6.713000	-0.984652
6.714000	-0.980155
6.715000	-0.975087
6.716000	-0.969452
6.717000	-0.963253
6.718000	-0.956492
6.719000	-0.949175
6.720000	-0.941306
6.721000	-0.932888
6.722000	-0.923928
6.723000	-0.914429
6.724000	-0.904399
6.725000	-0.893841
6.726000	-0.882764
6.727000	-0.871173
6.728000	-0.859074
6.729000	-0.846476
6.730000	-0.833385
6.731000	-0.819808
6.732000	-0.805755
6.733000	-0.791232
6.734000	-0.776249
6.735000	-0.760814
6.736000	-0.744936
6.737000	-0.728624
6.738000	-0.711889
6.739000	-0.694739
6.740000	-0.677184
6.741000	-0.659236
6.742000	-0.640903
6.743000	-0.622198
6.744000	-0.603130
6.745000	-0.583711
6.746000	-0.563953
6.747000	-0.543866
6.748000	-0.523463
6.749000	-0.502754
6.750000	-0.481754
6.751000	-0.460472
6.752000	-0.438923
6.753000	-0.417119
6.754000	-0.395071
6.755000	-0.372793
6.756000	-0.350299
6.757000	-0.327600
6.758000	-0.304711
6.759000	-0.281645
6.760000	-0.258414
6.761000	-0.235034
6.762000	-0.211516
6.763000	-0.187875
6.764000	-0.164125
6.765000	-0.140279
6.766000	-0.116352
6.767000	-0.092357
6.768000	-0.068308
6.769000	-0.044219
6.770000	-0.020105
6.771000	0.004021
6.772000	0.028145
6.773000	0.052252
6.774000	0.076329
6.775000	0.100362
6.776000	0.124336
6.777000	0.148237
6.778000	0.172053
6.779000	0.195768
6.780000	0.219369
6.781000	0.242843
6.782000	0.266175
6.783000	0.289353
6.784000	0.312361
6.785000	0.335188
6.786000	0.357820
6.787000	0.380244
6.788000	0.402446
6.789000	0.424414
6.790000	0.446135
6.791000	0.467597
6.792000	0.488786
6.793000	0.509690
6.794000	0.530298
6.795000	0.550597
6.796000	0.570576
6.797000	0.590223
6.798000	0.609525
6.799000	0.628474
6.800000	0.647056
6.801000	0.665262
6.802000	0.683080
6.803000	0.700501
6.804000	0.717514
6.805000	0.734109
6.806000	0.750277
6.807000	0.766009
6.808000	0.781294
6.809000	0.796125
6.810000	0.810492
6.811000	0.824387
6.812000	0.837803
6.813000	0.850730
6.814000	0.863163
6.815000	0.875093
6.816000	0.886514
6.817000	0.897419
6.818000	0.907801
6.819000	0.917655
6.820000	0.926974
6.821000	0.935755
6.822000	0.943990
6.823000	0.951676
6.824000	0.958808
6.825000	0.965382
6.826000	0.971393
6.827000	0.976840
6.828000	0.981718
6.829000	0.986024
6.830000	0.989756
6.831000	0.992913
6.832000	0.995491
6.833000	0.997489
6.834000	0.998908
6.835000	0.999744
6.836000	0.999999
6.837000	0.999671
6.838000	0.998762
6.839000	0.997271
6.840000	0.995200
6.841000	0.992550
6.842000	0.989321
6.843000	0.985517
6.844000	0.981139
6.845000	0.976190
6.846000	0.970673
6.847000	0.964591
6.848000	0.957947
6.849000	0.950745
6.850000	0.942991
6.851000	0.934687
6.852000	0.925839
6.853000	0.916452
6.854000	0.906532
6.855000	0.896084
6.856000	0.885114
6.857000	0.873630
6.858000	0.861636
6.859000	0.849141
6.860000	0.836152
6.861000	0.822676
6.862000	0.808721
6.863000	0.794296
6.864000	0.779408
6.865000	0.764066
6.866000	0.748280
6.867000	0.732058
6.868000	0.715410
6.869000	0.698345
6.870000	0.680874
6.871000	0.663007
6.872000	0.644754
6.873000	0.626125
6.874000	0.607132
6.875000	0.587785
6.876000	0.568097
6.877000	0.548077
6.878000	0.527739
6.879000	0.507093
6.880000	0.486152
6.881000	0.464929
6.882000	0.443434
6.883000	0.421682
6.884000	0.399684
6.885000	0.377453
6.886000	0.355003
6.887000	0.332346
6.888000	0.309495
6.889000	0.286464
6.890000	0.263267
6.891000	0.239916
6.892000	0.216426
6.893000	0.192810
6.894000	0.169081
6.895000	0.145254
6.896000	0.121343
6.897000	0.097361
6.898000	0.073322
6.899000	0.049240
6.900000	0.025130
6.901000	0.001005
6.902000	-0.023120
6.903000	-0.047232
6.904000	-0.071316
6.905000	-0.095359
6.906000	-0.119347
6.907000	-0.143265
6.908000	-0.167099
6.909000	-0.190836
6.910000	-0.214463
6.911000	-0.237964
6.912000	-0.261327
6.913000	-0.284537
6.914000	-0.307582
6.915000	-0.330449
6.916000	-0.353122
6.917000	-0.375590
6.918000	-0.397840
6.919000	-0.419858
6.920000	-0.441631
6.921000	-0.463148
6.922000	-0.484394
6.923000	-0.505359
6.924000	-0.526030
6.925000	-0.546394
6.926000	-0.566441
6.927000	-0.586157
6.928000	-0.605533
6.929000	-0.624556
6.930000	-0.643215
6.931000	-0.661500
6.932000	-0.679400
6.933000	-0.696905
6.934000	-0.714004
6.935000	-0.730687
6.936000	-0.746945
6.937000	-0.762768
6.938000	-0.778147
6.939000	-0.793073
6.940000	-0.807537
6.941000	-0.821532
6.942000	-0.835048
6.943000	-0.848078
6.944000	-0.860614
6.945000	-0.872649
6.946000	-0.884177
6.947000	-0.895190
6.948000	-0.905681
6.949000	-0.915646
6.950000	-0.925077
6.951000	-0.933970
6.952000	-0.942319
6.953000	-0.950120
6.954000	-0.957368
6.955000	-0.964058
6.956000	-0.970188
6.957000	-0.975752
6.958000	-0.980748
6.959000	-0.985174
6.960000	-0.989026
6.961000	-0.992303
6.962000	-0.995001
6.963000	-0.997121
6.964000	-0.998660
6.965000	-0.999618
6.966000	-0.999994
6.967000	-0.999788
6.968000	-0.998999
6.969000	-0.997630
6.970000	-0.995679
6.971000	-0.993149
6.972000	-0.990041
6.973000	-0.986357
6.974000	-0.982098
6.975000	-0.977268
6.976000	-0.971869
6.977000	-0.965904
6.978000	-0.959377
6.979000	-0.952291
6.980000	-0.944652
6.981000	-0.936462
6.982000	-0.927727
6.983000	-0.918452
6.984000	-0.908642
6.985000	-0.898304
6.986000	-0.887442
6.987000	-0.876064
6.988000	-0.864176
6.989000	-0.851785
6.990000	-0.838899
6.991000	-0.825523
6.992000	-0.811668
6.993000	-0.797340
6.994000	-0.782547
6.995000	-0.767299
6.996000	-0.751605
6.997000	-0.735473
6.998000	-0.718913
6.999000	-0.701934
7.000000	-0.684547
