0.000000	0.000000
0.001000	0.000000
0.002000	0.000000
0.003000	0.000001
0.004000	0.000003
0.005000	0.000006
0.006000	0.000010
0.007000	0.000015
0.008000	0.000023
0.009000	0.000033
0.010000	0.000045
0.011000	0.000060
0.012000	0.000077
0.013000	0.000098
0.014000	0.000122
0.015000	0.000150
0.016000	0.000182
0.017000	0.000218
0.018000	0.000258
0.019000	0.000303
0.020000	0.000353
0.021000	0.000407
0.022000	0.000467
0.023000	0.000533
0.024000	0.000604
0.025000	0.000680
0.026000	0.000763
0.027000	0.000852
0.028000	0.000947
0.029000	0.001049
0.030000	0.001157
0.031000	0.001272
0.032000	0.001394
0.033000	0.001523
0.034000	0.001660
0.035000	0.001803
0.036000	0.001954
0.037000	0.002112
0.038000	0.002278
0.039000	0.002452
0.040000	0.002633
0.041000	0.002822
0.042000	0.003019
0.043000	0.003224
0.044000	0.003436
0.045000	0.003657
0.046000	0.003885
0.047000	0.004121
0.048000	0.004365
0.049000	0.004616
0.050000	0.004876
0.051000	0.005143
0.052000	0.005418
0.053000	0.005700
0.054000	0.005990
0.055000	0.006288
0.056000	0.006592
0.057000	0.006904
0.058000	0.007223
0.059000	0.007548
0.060000	0.007881
0.061000	0.008220
0.062000	0.008565
0.063000	0.008917
0.064000	0.009275
0.065000	0.009639
0.066000	0.010008
0.067000	0.010382
0.068000	0.010762
0.069000	0.011146
0.070000	0.011536
0.071000	0.011929
0.072000	0.012327
0.073000	0.012728
0.074000	0.013133
0.075000	0.013541
0.076000	0.013952
0.077000	0.014365
0.078000	0.014781
0.079000	0.015198
0.080000	0.015617
0.081000	0.016037
0.082000	0.016457
0.083000	0.016878
0.084000	0.017299
0.085000	0.017719
0.086000	0.018138
0.087000	0.018556
0.088000	0.018972
0.089000	0.019386
0.090000	0.019798
0.091000	0.020206
0.092000	0.020611
0.093000	0.021011
0.094000	0.021408
0.095000	0.021799
0.096000	0.022185
0.097000	0.022565
0.098000	0.022938
0.099000	0.023305
0.100000	0.023664
0.101000	0.024016
0.102000	0.024359
0.103000	0.024693
0.104000	0.025017
0.105000	0.025332
0.106000	0.025636
0.107000	0.025929
0.108000	0.026211
0.109000	0.026481
0.110000	0.026738
0.111000	0.026983
0.112000	0.027213
0.113000	0.027430
0.114000	0.027632
0.115000	0.027819
0.116000	0.027990
0.117000	0.028146
0.118000	0.028284
0.119000	0.028406
0.120000	0.028509
0.121000	0.028595
0.122000	0.028662
0.123000	0.028710
0.124000	0.028738
0.125000	0.028746
0.126000	0.028734
0.127000	0.028700
0.128000	0.028645
0.129000	0.028568
0.130000	0.028469
0.131000	0.028347
0.132000	0.028201
0.133000	0.028032
0.134000	0.027839
0.135000	0.027621
0.136000	0.027378
0.137000	0.027110
0.138000	0.026817
0.139000	0.026497
0.140000	0.026151
0.141000	0.025778
0.142000	0.025378
0.143000	0.024951
0.144000	0.024496
0.145000	0.024014
0.146000	0.023502
0.147000	0.022963
0.148000	0.022395
0.149000	0.021797
0.150000	0.021171
0.151000	0.020515
0.152000	0.019830
0.153000	0.019114
0.154000	0.018369
0.155000	0.017594
0.156000	0.016789
0.157000	0.015953
0.158000	0.015087
0.159000	0.014191
0.160000	0.013264
0.161000	0.012306
0.162000	0.011318
0.163000	0.010300
0.164000	0.009251
0.165000	0.008171
0.166000	0.007061
0.167000	0.005921
0.168000	0.004750
0.169000	0.003549
0.170000	0.002318
0.171000	0.001058
0.172000	-0.000233
0.173000	-0.001553
0.174000	-0.002902
0.175000	-0.004280
0.176000	-0.005687
0.177000	-0.007122
0.178000	-0.008586
0.179000	-0.010077
0.180000	-0.011596
0.181000	-0.013142
0.182000	-0.014715
0.183000	-0.016315
0.184000	-0.017940
0.185000	-0.019591
0.186000	-0.021267
0.187000	-0.022968
0.188000	-0.024692
0.189000	-0.026440
0.190000	-0.028211
0.191000	-0.030005
0.192000	-0.031820
0.193000	-0.033657
0.194000	-0.035514
0.195000	-0.037391
0.196000	-0.039287
0.197000	-0.041202
0.198000	-0.043135
0.199000	-0.045085
0.200000	-0.047051
0.201000	-0.049033
0.202000	-0.051030
0.203000	-0.053041
0.204000	-0.055065
0.205000	-0.057101
0.206000	-0.059149
0.207000	-0.061207
0.208000	-0.063275
0.209000	-0.065352
0.210000	-0.067437
0.211000	-0.069529
0.212000	-0.071627
0.213000	-0.073730
0.214000	-0.075836
0.215000	-0.077946
0.216000	-0.080058
0.217000	-0.082170
0.218000	-0.084283
0.219000	-0.086394
0.220000	-0.088503
0.221000	-0.090609
0.222000	-0.092710
0.223000	-0.094806
0.224000	-0.096895
0.225000	-0.098976
0.226000	-0.101048
0.227000	-0.103110
0.228000	-0.105161
0.229000	-0.107199
0.230000	-0.109224
0.231000	-0.111234
0.232000	-0.113227
0.233000	-0.115204
0.234000	-0.117162
0.235000	-0.119101
0.236000	-0.121018
0.237000	-0.122914
0.238000	-0.124786
0.239000	-0.126634
0.240000	-0.128456
0.241000	-0.130250
0.242000	-0.132017
0.243000	-0.133754
0.244000	-0.135461
0.245000	-0.137135
0.246000	-0.138777
0.247000	-0.140384
0.248000	-0.141955
0.249000	-0.143489
0.250000	-0.144986
0.251000	-0.146443
0.252000	-0.147859
0.253000	-0.149234
0.254000	-0.150566
0.255000	-0.151854
0.256000	-0.153097
0.257000	-0.154293
0.258000	-0.155441
0.259000	-0.156541
0.260000	-0.157591
0.261000	-0.158590
0.262000	-0.159536
0.263000	-0.160430
0.264000	-0.161269
0.265000	-0.162052
0.266000	-0.162779
0.267000	-0.163449
0.268000	-0.164060
0.269000	-0.164611
0.270000	-0.165102
0.271000	-0.165531
0.272000	-0.165897
0.273000	-0.166200
0.274000	-0.166439
0.275000	-0.166612
0.276000	-0.166719
0.277000	-0.166759
0.278000	-0.166731
0.279000	-0.166634
0.280000	-0.166468
0.281000	-0.166232
0.282000	-0.165924
0.283000	-0.165545
0.284000	-0.165093
0.285000	-0.164568
0.286000	-0.163970
0.287000	-0.163297
0.288000	-0.162549
0.289000	-0.161726
0.290000	-0.160827
0.291000	-0.159851
0.292000	-0.158798
0.293000	-0.157668
0.294000	-0.156460
0.295000	-0.155174
0.296000	-0.153809
0.297000	-0.152366
0.298000	-0.150843
0.299000	-0.149241
0.300000	-0.147560
0.301000	-0.145799
0.302000	-0.143958
0.303000	-0.142037
0.304000	-0.140036
0.305000	-0.137955
0.306000	-0.135794
0.307000	-0.133553
0.308000	-0.131233
0.309000	-0.128832
0.310000	-0.126352
0.311000	-0.123792
0.312000	-0.121154
0.313000	-0.118436
0.314000	-0.115639
0.315000	-0.112765
0.316000	-0.109812
0.317000	-0.106782
0.318000	-0.103675
0.319000	-0.100491
0.320000	-0.097232
0.321000	-0.093896
0.322000	-0.090486
0.323000	-0.087002
0.324000	-0.083445
0.325000	-0.079814
0.326000	-0.076112
0.327000	-0.072339
0.328000	-0.068495
0.329000	-0.064582
0.330000	-0.060600
0.331000	-0.056551
0.332000	-0.052435
0.333000	-0.048253
0.334000	-0.044008
0.335000	-0.039699
0.336000	-0.035327
0.337000	-0.030895
0.338000	-0.026403
0.339000	-0.021853
0.340000	-0.017245
0.341000	-0.012582
0.342000	-0.007864
0.343000	-0.003093
0.344000	0.001729
0.345000	0.006602
0.346000	0.011523
0.347000	0.016491
0.348000	0.021505
0.349000	0.026563
0.350000	0.031662
0.351000	0.036803
0.352000	0.041982
0.353000	0.047198
0.354000	0.052449
0.355000	0.057734
0.356000	0.063050
0.357000	0.068396
0.358000	0.073771
0.359000	0.079170
0.360000	0.084594
0.361000	0.090040
0.362000	0.095506
0.363000	0.100990
0.364000	0.106490
0.365000	0.112004
0.366000	0.117529
0.367000	0.123064
0.368000	0.128607
0.369000	0.134155
0.370000	0.139705
0.371000	0.145257
0.372000	0.150808
0.373000	0.156355
0.374000	0.161896
0.375000	0.167429
0.376000	0.172952
0.377000	0.178462
0.378000	0.183957
0.379000	0.189435
0.380000	0.194893
0.381000	0.200329
0.382000	0.205741
0.383000	0.211126
0.384000	0.216482
0.385000	0.221806
0.386000	0.227097
0.387000	0.232351
0.388000	0.237567
0.389000	0.242741
0.390000	0.247873
0.391000	0.252958
0.392000	0.257995
0.393000	0.262981
0.394000	0.267915
0.395000	0.272793
0.396000	0.277613
0.397000	0.282373
0.398000	0.287070
0.399000	0.291703
0.400000	0.296268
0.401000	0.300764
0.402000	0.305187
0.403000	0.309537
0.404000	0.313809
0.405000	0.318003
0.406000	0.322116
0.407000	0.326145
0.408000	0.330089
0.409000	0.333944
0.410000	0.337710
0.411000	0.341383
0.412000	0.344962
0.413000	0.348444
0.414000	0.351827
0.415000	0.355110
0.416000	0.358289
0.417000	0.361364
0.418000	0.364332
0.419000	0.367191
0.420000	0.369939
0.421000	0.372574
0.422000	0.375095
0.423000	0.377499
0.424000	0.379784
0.425000	0.381950
0.426000	0.383993
0.427000	0.385913
0.428000	0.387708
0.429000	0.389376
0.430000	0.390915
0.431000	0.392325
0.432000	0.393602
0.433000	0.394747
0.434000	0.395757
0.435000	0.396631
0.436000	0.397368
0.437000	0.397967
0.438000	0.398426
0.439000	0.398744
0.440000	0.398920
0.441000	0.398953
0.442000	0.398841
0.443000	0.398585
0.444000	0.398182
0.445000	0.397632
0.446000	0.396934
0.447000	0.396088
0.448000	0.395092
0.449000	0.393946
0.450000	0.392650
0.451000	0.391202
0.452000	0.389602
0.453000	0.387850
0.454000	0.385946
0.455000	0.383889
0.456000	0.381678
0.457000	0.379314
0.458000	0.376796
0.459000	0.374125
0.460000	0.371300
0.461000	0.368321
0.462000	0.365189
0.463000	0.361903
0.464000	0.358464
0.465000	0.354871
0.466000	0.351127
0.467000	0.347229
0.468000	0.343181
0.469000	0.338980
0.470000	0.334629
0.471000	0.330129
0.472000	0.325478
0.473000	0.320679
0.474000	0.315733
0.475000	0.310639
0.476000	0.305400
0.477000	0.300016
0.478000	0.294488
0.479000	0.288817
0.480000	0.283005
0.481000	0.277053
0.482000	0.270962
0.483000	0.264734
0.484000	0.258370
0.485000	0.251872
0.486000	0.245240
0.487000	0.238478
0.488000	0.231586
0.489000	0.224567
0.490000	0.217422
0.491000	0.210152
0.492000	0.202761
0.493000	0.195250
0.494000	0.187621
0.495000	0.179877
0.496000	0.172018
0.497000	0.164049
0.498000	0.155970
0.499000	0.147785
0.500000	0.139496
0.501000	0.131104
0.502000	0.122614
0.503000	0.114026
0.504000	0.105345
0.505000	0.096572
0.506000	0.087711
0.507000	0.078764
0.508000	0.069733
0.509000	0.060623
0.510000	0.051435
0.511000	0.042172
0.512000	0.032839
0.513000	0.023437
0.514000	0.013970
0.515000	0.004441
0.516000	-0.005147
0.517000	-0.014791
0.518000	-0.024487
0.519000	-0.034232
0.520000	-0.044022
0.521000	-0.053856
0.522000	-0.063728
0.523000	-0.073635
0.524000	-0.083575
0.525000	-0.093544
0.526000	-0.103537
0.527000	-0.113552
0.528000	-0.123585
0.529000	-0.133632
0.530000	-0.143690
0.531000	-0.153754
0.532000	-0.163823
0.533000	-0.173890
0.534000	-0.183954
0.535000	-0.194010
0.536000	-0.204054
0.537000	-0.214084
0.538000	-0.224093
0.539000	-0.234081
0.540000	-0.244041
0.541000	-0.253971
0.542000	-0.263866
0.543000	-0.273724
0.544000	-0.283539
0.545000	-0.293309
0.546000	-0.303029
0.547000	-0.312695
0.548000	-0.322304
0.549000	-0.331852
0.550000	-0.341335
0.551000	-0.350750
0.552000	-0.360092
0.553000	-0.369357
0.554000	-0.378542
0.555000	-0.387643
0.556000	-0.396657
0.557000	-0.405579
0.558000	-0.414406
0.559000	-0.423134
0.560000	-0.431759
0.561000	-0.440278
0.562000	-0.448687
0.563000	-0.456983
0.564000	-0.465161
0.565000	-0.473219
0.566000	-0.481152
0.567000	-0.488958
0.568000	-0.496632
0.569000	-0.504172
0.570000	-0.511573
0.571000	-0.518833
0.572000	-0.525948
0.573000	-0.532916
0.574000	-0.539731
0.575000	-0.546392
0.576000	-0.552895
0.577000	-0.559238
0.578000	-0.565416
0.579000	-0.571427
0.580000	-0.577269
0.581000	-0.582937
0.582000	-0.588430
0.583000	-0.593744
0.584000	-0.598877
0.585000	-0.603825
0.586000	-0.608587
0.587000	-0.613159
0.588000	-0.617540
0.589000	-0.621726
0.590000	-0.625715
0.591000	-0.629506
0.592000	-0.633094
0.593000	-0.636479
0.594000	-0.639659
0.595000	-0.642630
0.596000	-0.645392
0.597000	-0.647942
0.598000	-0.650278
0.599000	-0.652398
0.600000	-0.654302
0.601000	-0.655986
0.602000	-0.657450
0.603000	-0.658692
0.604000	-0.659711
0.605000	-0.660505
0.606000	-0.661073
0.607000	-0.661414
0.608000	-0.661526
0.609000	-0.661409
0.610000	-0.661062
0.611000	-0.660484
0.612000	-0.659674
0.613000	-0.658631
0.614000	-0.657355
0.615000	-0.655845
0.616000	-0.654101
0.617000	-0.652123
0.618000	-0.649909
0.619000	-0.647461
0.620000	-0.644778
0.621000	-0.641859
0.622000	-0.638706
0.623000	-0.635317
0.624000	-0.631694
0.625000	-0.627837
0.626000	-0.623746
0.627000	-0.619422
0.628000	-0.614865
0.629000	-0.610076
0.630000	-0.605056
0.631000	-0.599805
0.632000	-0.594326
0.633000	-0.588618
0.634000	-0.582682
0.635000	-0.576521
0.636000	-0.570135
0.637000	-0.563527
0.638000	-0.556696
0.639000	-0.549645
0.640000	-0.542376
0.641000	-0.534891
0.642000	-0.527190
0.643000	-0.519277
0.644000	-0.511153
0.645000	-0.502820
0.646000	-0.494280
0.647000	-0.485537
0.648000	-0.476591
0.649000	-0.467446
0.650000	-0.458104
0.651000	-0.448568
0.652000	-0.438840
0.653000	-0.428924
0.654000	-0.418821
0.655000	-0.408536
0.656000	-0.398070
0.657000	-0.387427
0.658000	-0.376611
0.659000	-0.365624
0.660000	-0.354470
0.661000	-0.343152
0.662000	-0.331674
0.663000	-0.320039
0.664000	-0.308250
0.665000	-0.296312
0.666000	-0.284228
0.667000	-0.272003
0.668000	-0.259639
0.669000	-0.247140
0.670000	-0.234512
0.671000	-0.221757
0.672000	-0.208881
0.673000	-0.195886
0.674000	-0.182778
0.675000	-0.169560
0.676000	-0.156238
0.677000	-0.142815
0.678000	-0.129296
0.679000	-0.115685
0.680000	-0.101987
0.681000	-0.088206
0.682000	-0.074348
0.683000	-0.060416
0.684000	-0.046416
0.685000	-0.032352
0.686000	-0.018229
0.687000	-0.004053
0.688000	0.010173
0.689000	0.024443
0.690000	0.038753
0.691000	0.053097
0.692000	0.067470
0.693000	0.081867
0.694000	0.096284
0.695000	0.110715
0.696000	0.125155
0.697000	0.139599
0.698000	0.154042
0.699000	0.168479
0.700000	0.182904
0.701000	0.197313
0.702000	0.211700
0.703000	0.226060
0.704000	0.240388
0.705000	0.254678
0.706000	0.268926
0.707000	0.283127
0.708000	0.297274
0.709000	0.311363
0.710000	0.325389
0.711000	0.339346
0.712000	0.353230
0.713000	0.367035
0.714000	0.380756
0.715000	0.394388
0.716000	0.407926
0.717000	0.421365
0.718000	0.434699
0.719000	0.447924
0.720000	0.461035
0.721000	0.474026
0.722000	0.486893
0.723000	0.499631
0.724000	0.512235
0.725000	0.524700
0.726000	0.537021
0.727000	0.549194
0.728000	0.561213
0.729000	0.573075
0.730000	0.584773
0.731000	0.596305
0.732000	0.607665
0.733000	0.618849
0.734000	0.629852
0.735000	0.640670
0.736000	0.651298
0.737000	0.661733
0.738000	0.671970
0.739000	0.682005
0.740000	0.691834
0.741000	0.701452
0.742000	0.710857
0.743000	0.720043
0.744000	0.729008
0.745000	0.737747
0.746000	0.746256
0.747000	0.754533
0.748000	0.762574
0.749000	0.770374
0.750000	0.777931
0.751000	0.785242
0.752000	0.792303
0.753000	0.799111
0.754000	0.805664
0.755000	0.811957
0.756000	0.817989
0.757000	0.823756
0.758000	0.829256
0.759000	0.834486
0.760000	0.839444
0.761000	0.844127
0.762000	0.848533
0.763000	0.852660
0.764000	0.856505
0.765000	0.860067
0.766000	0.863344
0.767000	0.866334
0.768000	0.869034
0.769000	0.871444
0.770000	0.873562
0.771000	0.875386
0.772000	0.876916
0.773000	0.878150
0.774000	0.879086
0.775000	0.879724
0.776000	0.880063
0.777000	0.880103
0.778000	0.879841
0.779000	0.879279
0.780000	0.878415
0.781000	0.877249
0.782000	0.875781
0.783000	0.874010
0.784000	0.871937
0.785000	0.869562
0.786000	0.866884
0.787000	0.863905
0.788000	0.860624
0.789000	0.857043
0.790000	0.853161
0.791000	0.848979
0.792000	0.844499
0.793000	0.839721
0.794000	0.834646
0.795000	0.829276
0.796000	0.823611
0.797000	0.817654
0.798000	0.811405
0.799000	0.804866
0.800000	0.798040
0.801000	0.790927
0.802000	0.783530
0.803000	0.775851
0.804000	0.767892
0.805000	0.759655
0.806000	0.751142
0.807000	0.742356
0.808000	0.733300
0.809000	0.723977
0.810000	0.714388
0.811000	0.704537
0.812000	0.694427
0.813000	0.684061
0.814000	0.673442
0.815000	0.662573
0.816000	0.651458
0.817000	0.640100
0.818000	0.628503
0.819000	0.616670
0.820000	0.604605
0.821000	0.592312
0.822000	0.579795
0.823000	0.567058
0.824000	0.554105
0.825000	0.540940
0.826000	0.527567
0.827000	0.513991
0.828000	0.500216
0.829000	0.486246
0.830000	0.472087
0.831000	0.457743
0.832000	0.443218
0.833000	0.428517
0.834000	0.413646
0.835000	0.398609
0.836000	0.383411
0.837000	0.368057
0.838000	0.352553
0.839000	0.336903
0.840000	0.321114
0.841000	0.305189
0.842000	0.289135
0.843000	0.272957
0.844000	0.256660
0.845000	0.240250
0.846000	0.223733
0.847000	0.207114
0.848000	0.190399
0.849000	0.173594
0.850000	0.156704
0.851000	0.139735
0.852000	0.122693
0.853000	0.105584
0.854000	0.088414
0.855000	0.071189
0.856000	0.053914
0.857000	0.036596
0.858000	0.019241
0.859000	0.001854
0.860000	-0.015558
0.861000	-0.032989
0.862000	-0.050434
0.863000	-0.067885
0.864000	-0.085337
0.865000	-0.102784
0.866000	-0.120220
0.867000	-0.137638
0.868000	-0.155032
0.869000	-0.172397
0.870000	-0.189726
0.871000	-0.207013
0.872000	-0.224252
0.873000	-0.241437
0.874000	-0.258561
0.875000	-0.275619
0.876000	-0.292605
0.877000	-0.309513
0.878000	-0.326335
0.879000	-0.343068
0.880000	-0.359704
0.881000	-0.376238
0.882000	-0.392663
0.883000	-0.408975
0.884000	-0.425166
0.885000	-0.441232
0.886000	-0.457166
0.887000	-0.472963
0.888000	-0.488617
0.889000	-0.504122
0.890000	-0.519473
0.891000	-0.534664
0.892000	-0.549691
0.893000	-0.564546
0.894000	-0.579226
0.895000	-0.593724
0.896000	-0.608036
0.897000	-0.622156
0.898000	-0.636079
0.899000	-0.649800
0.900000	-0.663314
0.901000	-0.676616
0.902000	-0.689701
0.903000	-0.702565
0.904000	-0.715202
0.905000	-0.727609
0.906000	-0.739780
0.907000	-0.751711
0.908000	-0.763398
0.909000	-0.774836
0.910000	-0.786021
0.911000	-0.796950
0.912000	-0.807617
0.913000	-0.818019
0.914000	-0.828153
0.915000	-0.838014
0.916000	-0.847598
0.917000	-0.856903
0.918000	-0.865924
0.919000	-0.874659
0.920000	-0.883103
0.921000	-0.891255
0.922000	-0.899110
0.923000	-0.906665
0.924000	-0.913919
0.925000	-0.920868
0.926000	-0.927509
0.927000	-0.933840
0.928000	-0.939859
0.929000	-0.945563
0.930000	-0.950950
0.931000	-0.956018
0.932000	-0.960764
0.933000	-0.965188
0.934000	-0.969287
0.935000	-0.973059
0.936000	-0.976504
0.937000	-0.979619
0.938000	-0.982403
0.939000	-0.984856
0.940000	-0.986976
0.941000	-0.988762
0.942000	-0.990214
0.943000	-0.991330
0.944000	-0.992111
0.945000	-0.992555
0.946000	-0.992662
0.947000	-0.992433
0.948000	-0.991866
0.949000	-0.990963
0.950000	-0.989722
0.951000	-0.988146
0.952000	-0.986233
0.953000	-0.983984
0.954000	-0.981401
0.955000	-0.978483
0.956000	-0.975232
0.957000	-0.971648
0.958000	-0.967733
0.959000	-0.963489
0.960000	-0.958915
0.961000	-0.954014
0.962000	-0.948788
0.963000	-0.943237
0.964000	-0.937365
0.965000	-0.931172
0.966000	-0.924662
0.967000	-0.917835
0.968000	-0.910695
0.969000	-0.903243
0.970000	-0.895483
0.971000	-0.887416
0.972000	-0.879046
0.973000	-0.870375
0.974000	-0.861407
0.975000	-0.852144
0.976000	-0.842590
0.977000	-0.832748
0.978000	-0.822621
0.979000	-0.812212
0.980000	-0.801526
0.981000	-0.790566
0.982000	-0.779335
0.983000	-0.767839
0.984000	-0.756079
0.985000	-0.744061
0.986000	-0.731790
0.987000	-0.719268
0.988000	-0.706500
0.989000	-0.693491
0.990000	-0.680246
0.991000	-0.666769
0.992000	-0.653064
0.993000	-0.639136
0.994000	-0.624991
0.995000	-0.610633
0.996000	-0.596067
0.997000	-0.581298
0.998000	-0.566332
0.999000	-0.551173
1.000000	-0.535827
1.001000	-0.520300
1.002000	-0.504600
1.003000	-0.488731
1.004000	-0.472698
1.005000	-0.456508
1.006000	-0.440165
1.007000	-0.423675
1.008000	-0.407043
1.009000	-0.390275
1.010000	-0.373376
1.011000	-0.356353
1.012000	-0.339211
1.013000	-0.321955
1.014000	-0.304592
1.015000	-0.287126
1.016000	-0.269565
1.017000	-0.251914
1.018000	-0.234178
1.019000	-0.216365
1.020000	-0.198479
1.021000	-0.180526
1.022000	-0.162513
1.023000	-0.144446
1.024000	-0.126331
1.025000	-0.108173
1.026000	-0.089979
1.027000	-0.071755
1.028000	-0.053507
1.029000	-0.035241
1.030000	-0.016964
1.031000	0.001319
1.032000	0.019602
1.033000	0.037879
1.034000	0.056142
1.035000	0.074387
1.036000	0.092607
1.037000	0.110796
1.038000	0.128948
1.039000	0.147057
1.040000	0.165116
1.041000	0.183121
1.042000	0.201064
1.043000	0.218940
1.044000	0.236743
1.045000	0.254467
1.046000	0.272106
1.047000	0.289653
1.048000	0.307104
1.049000	0.324452
1.050000	0.341692
1.051000	0.358818
1.052000	0.375823
1.053000	0.392703
1.054000	0.409452
1.055000	0.426064
1.056000	0.442533
1.057000	0.458854
1.058000	0.475022
1.059000	0.491031
1.060000	0.506877
1.061000	0.522552
1.062000	0.538053
1.063000	0.553374
1.064000	0.568510
1.065000	0.583456
1.066000	0.598207
1.067000	0.612758
1.068000	0.627104
1.069000	0.641241
1.070000	0.655163
1.071000	0.668866
1.072000	0.682345
1.073000	0.695597
1.074000	0.708616
1.075000	0.721398
1.076000	0.733939
1.077000	0.746234
1.078000	0.758280
1.079000	0.770073
1.080000	0.781608
1.081000	0.792881
1.082000	0.803890
1.083000	0.814630
1.084000	0.825098
1.085000	0.835290
1.086000	0.845202
1.087000	0.854832
1.088000	0.864176
1.089000	0.873232
1.090000	0.881995
1.091000	0.890464
1.092000	0.898635
1.093000	0.906505
1.094000	0.914073
1.095000	0.921335
1.096000	0.928289
1.097000	0.934932
1.098000	0.941263
1.099000	0.947280
1.100000	0.952979
1.101000	0.958360
1.102000	0.963421
1.103000	0.968160
1.104000	0.972575
1.105000	0.976665
1.106000	0.980428
1.107000	0.983864
1.108000	0.986971
1.109000	0.989747
1.110000	0.992193
1.111000	0.994307
1.112000	0.996089
1.113000	0.997538
1.114000	0.998654
1.115000	0.999435
1.116000	0.999882
1.117000	0.999996
1.118000	0.999774
1.119000	0.999219
1.120000	0.998330
1.121000	0.997107
1.122000	0.995550
1.123000	0.993661
1.124000	0.991439
1.125000	0.988886
1.126000	0.986003
1.127000	0.982790
1.128000	0.979248
1.129000	0.975379
1.130000	0.971184
1.131000	0.966664
1.132000	0.961822
1.133000	0.956657
1.134000	0.951173
1.135000	0.945371
1.136000	0.939252
1.137000	0.932820
1.138000	0.926076
1.139000	0.919023
1.140000	0.911662
1.141000	0.903996
1.142000	0.896028
1.143000	0.887761
1.144000	0.879197
1.145000	0.870339
1.146000	0.861189
1.147000	0.851753
1.148000	0.842031
1.149000	0.832028
1.150000	0.821746
1.151000	0.811190
1.152000	0.800363
1.153000	0.789268
1.154000	0.777910
1.155000	0.766291
1.156000	0.754416
1.157000	0.742289
1.158000	0.729914
1.159000	0.717295
1.160000	0.704436
1.161000	0.691342
1.162000	0.678016
1.163000	0.664464
1.164000	0.650689
1.165000	0.636698
1.166000	0.622493
1.167000	0.608080
1.168000	0.593464
1.169000	0.578649
1.170000	0.563641
1.171000	0.548445
1.172000	0.533065
1.173000	0.517507
1.174000	0.501776
1.175000	0.485878
1.176000	0.469817
1.177000	0.453599
1.178000	0.437229
1.179000	0.420713
1.180000	0.404056
1.181000	0.387265
1.182000	0.370343
1.183000	0.353299
1.184000	0.336135
1.185000	0.318860
1.186000	0.301478
1.187000	0.283995
1.188000	0.266418
1.189000	0.248751
1.190000	0.231001
1.191000	0.213174
1.192000	0.195275
1.193000	0.177311
1.194000	0.159288
1.195000	0.141212
1.196000	0.123089
1.197000	0.104924
1.198000	0.086725
1.199000	0.068496
1.200000	0.050244
1.201000	0.031976
1.202000	0.013697
1.203000	-0.004587
1.204000	-0.022869
1.205000	-0.041143
1.206000	-0.059404
1.207000	-0.077645
1.208000	-0.095860
1.209000	-0.114042
1.210000	-0.132187
1.211000	-0.150288
1.212000	-0.168338
1.213000	-0.186332
1.214000	-0.204264
1.215000	-0.222127
1.216000	-0.239916
1.217000	-0.257625
1.218000	-0.275248
1.219000	-0.292779
1.220000	-0.310212
1.221000	-0.327541
1.222000	-0.344761
1.223000	-0.361865
1.224000	-0.378849
1.225000	-0.395706
1.226000	-0.412430
1.227000	-0.429017
1.228000	-0.445460
1.229000	-0.461755
1.230000	-0.477895
1.231000	-0.493875
1.232000	-0.509690
1.233000	-0.525335
1.234000	-0.540804
1.235000	-0.556093
1.236000	-0.571195
1.237000	-0.586107
1.238000	-0.600822
1.239000	-0.615337
1.240000	-0.629646
1.241000	-0.643744
1.242000	-0.657628
1.243000	-0.671291
1.244000	-0.684730
1.245000	-0.697940
1.246000	-0.710917
1.247000	-0.723657
1.248000	-0.736154
1.249000	-0.748405
1.250000	-0.760406
1.251000	-0.772153
1.252000	-0.783641
1.253000	-0.794868
1.254000	-0.805829
1.255000	-0.816521
1.256000	-0.826939
1.257000	-0.837081
1.258000	-0.846944
1.259000	-0.856523
1.260000	-0.865816
1.261000	-0.874819
1.262000	-0.883530
1.263000	-0.891946
1.264000	-0.900063
1.265000	-0.907880
1.266000	-0.915393
1.267000	-0.922600
1.268000	-0.929499
1.269000	-0.936087
1.270000	-0.942362
1.271000	-0.948321
1.272000	-0.953964
1.273000	-0.959288
1.274000	-0.964292
1.275000	-0.968973
1.276000	-0.973330
1.277000	-0.977361
1.278000	-0.981066
1.279000	-0.984443
1.280000	-0.987491
1.281000	-0.990209
1.282000	-0.992595
1.283000	-0.994650
1.284000	-0.996373
1.285000	-0.997762
1.286000	-0.998818
1.287000	-0.999540
1.288000	-0.999927
1.289000	-0.999981
1.290000	-0.999700
1.291000	-0.999085
1.292000	-0.998136
1.293000	-0.996853
1.294000	-0.995237
1.295000	-0.993288
1.296000	-0.991008
1.297000	-0.988395
1.298000	-0.985453
1.299000	-0.982181
1.300000	-0.978581
1.301000	-0.974654
1.302000	-0.970400
1.303000	-0.965823
1.304000	-0.960922
1.305000	-0.955701
1.306000	-0.950159
1.307000	-0.944301
1.308000	-0.938126
1.309000	-0.931638
1.310000	-0.924838
1.311000	-0.917730
1.312000	-0.910314
1.313000	-0.902594
1.314000	-0.894573
1.315000	-0.886252
1.316000	-0.877635
1.317000	-0.868725
1.318000	-0.859524
1.319000	-0.850036
1.320000	-0.840264
1.321000	-0.830211
1.322000	-0.819880
1.323000	-0.809275
1.324000	-0.798400
1.325000	-0.787258
1.326000	-0.775853
1.327000	-0.764188
1.328000	-0.752268
1.329000	-0.740096
1.330000	-0.727677
1.331000	-0.715015
1.332000	-0.702113
1.333000	-0.688977
1.334000	-0.675611
1.335000	-0.662019
1.336000	-0.648205
1.337000	-0.634175
1.338000	-0.619932
1.339000	-0.605483
1.340000	-0.590831
1.341000	-0.575982
1.342000	-0.560940
1.343000	-0.545710
1.344000	-0.530298
1.345000	-0.514709
1.346000	-0.498948
1.347000	-0.483020
1.348000	-0.466930
1.349000	-0.450684
1.350000	-0.434288
1.351000	-0.417747
1.352000	-0.401065
1.353000	-0.384250
1.354000	-0.367307
1.355000	-0.350240
1.356000	-0.333057
1.357000	-0.315762
1.358000	-0.298361
1.359000	-0.280861
1.360000	-0.263267
1.361000	-0.245585
1.362000	-0.227821
1.363000	-0.209980
1.364000	-0.192070
1.365000	-0.174095
1.366000	-0.156062
1.367000	-0.137977
1.368000	-0.119846
1.369000	-0.101674
1.370000	-0.083469
1.371000	-0.065236
1.372000	-0.046981
1.373000	-0.028710
1.374000	-0.010430
1.375000	0.007854
1.376000	0.026135
1.377000	0.044408
1.378000	0.062665
1.379000	0.080902
1.380000	0.099111
1.381000	0.117288
1.382000	0.135425
1.383000	0.153517
1.384000	0.171558
1.385000	0.189541
1.386000	0.207461
1.387000	0.225312
1.388000	0.243087
1.389000	0.260781
1.390000	0.278388
1.391000	0.295901
1.392000	0.313316
1.393000	0.330626
1.394000	0.347826
1.395000	0.364909
1.396000	0.381871
1.397000	0.398704
1.398000	0.415405
1.399000	0.431966
1.400000	0.448383
1.401000	0.464650
1.402000	0.480762
1.403000	0.496713
1.404000	0.512499
1.405000	0.528112
1.406000	0.543550
1.407000	0.558805
1.408000	0.573874
1.409000	0.588751
1.410000	0.603431
1.411000	0.617909
1.412000	0.632181
1.413000	0.646241
1.414000	0.660086
1.415000	0.673709
1.416000	0.687108
1.417000	0.700277
1.418000	0.713211
1.419000	0.725908
1.420000	0.738361
1.421000	0.750568
1.422000	0.762524
1.423000	0.774225
1.424000	0.785667
1.425000	0.796846
1.426000	0.807759
1.427000	0.818403
1.428000	0.828772
1.429000	0.838864
1.430000	0.848676
1.431000	0.858205
1.432000	0.867446
1.433000	0.876397
1.434000	0.885056
1.435000	0.893418
1.436000	0.901482
1.437000	0.909245
1.438000	0.916703
1.439000	0.923855
1.440000	0.930699
1.441000	0.937231
1.442000	0.943450
1.443000	0.949353
1.444000	0.954939
1.445000	0.960206
1.446000	0.965152
1.447000	0.969775
1.448000	0.974074
1.449000	0.978047
1.450000	0.981694
1.451000	0.985012
1.452000	0.988001
1.453000	0.990660
1.454000	0.992987
1.455000	0.994982
1.456000	0.996645
1.457000	0.997975
1.458000	0.998971
1.459000	0.999633
1.460000	0.999961
1.461000	0.999955
1.462000	0.999614
1.463000	0.998940
1.464000	0.997931
1.465000	0.996589
1.466000	0.994913
1.467000	0.992905
1.468000	0.990565
1.469000	0.987894
1.470000	0.984892
1.471000	0.981562
1.472000	0.977903
1.473000	0.973917
1.474000	0.969606
1.475000	0.964971
1.476000	0.960013
1.477000	0.954734
1.478000	0.949136
1.479000	0.943220
1.480000	0.936990
1.481000	0.930446
1.482000	0.923591
1.483000	0.916427
1.484000	0.908957
1.485000	0.901183
1.486000	0.893108
1.487000	0.884734
1.488000	0.876064
1.489000	0.867102
1.490000	0.857850
1.491000	0.848311
1.492000	0.838488
1.493000	0.828385
1.494000	0.818005
1.495000	0.807352
1.496000	0.796429
1.497000	0.785239
1.498000	0.773787
1.499000	0.762076
1.500000	0.750111
1.501000	0.737895
1.502000	0.725432
1.503000	0.712727
1.504000	0.699783
1.505000	0.686605
1.506000	0.673198
1.507000	0.659566
1.508000	0.645714
1.509000	0.631645
1.510000	0.617365
1.511000	0.602879
1.512000	0.588192
1.513000	0.573308
1.514000	0.558232
1.515000	0.542969
1.516000	0.527525
1.517000	0.511905
1.518000	0.496113
1.519000	0.480156
1.520000	0.464038
1.521000	0.447765
1.522000	0.431343
1.523000	0.414776
1.524000	0.398070
1.525000	0.381232
1.526000	0.364266
1.527000	0.347178
1.528000	0.329974
1.529000	0.312660
1.530000	0.295241
1.531000	0.277724
1.532000	0.260114
1.533000	0.242416
1.534000	0.224638
1.535000	0.206785
1.536000	0.188862
1.537000	0.170877
1.538000	0.152834
1.539000	0.134740
1.540000	0.116601
1.541000	0.098424
1.542000	0.080213
1.543000	0.061975
1.544000	0.043717
1.545000	0.025444
1.546000	0.007163
1.547000	-0.011121
1.548000	-0.029401
1.549000	-0.047671
1.550000	-0.065926
1.551000	-0.084158
1.552000	-0.102362
1.553000	-0.120532
1.554000	-0.138661
1.555000	-0.156745
1.556000	-0.174776
1.557000	-0.192748
1.558000	-0.210656
1.559000	-0.228494
1.560000	-0.246255
1.561000	-0.263934
1.562000	-0.281524
1.563000	-0.299021
1.564000	-0.316417
1.565000	-0.333708
1.566000	-0.350887
1.567000	-0.367949
1.568000	-0.384888
1.569000	-0.401698
1.570000	-0.418374
1.571000	-0.434911
1.572000	-0.451301
1.573000	-0.467541
1.574000	-0.483625
1.575000	-0.499546
1.576000	-0.515301
1.577000	-0.530884
1.578000	-0.546289
1.579000	-0.561512
1.580000	-0.576546
1.581000	-0.591388
1.582000	-0.606033
1.583000	-0.620475
1.584000	-0.634709
1.585000	-0.648731
1.586000	-0.662536
1.587000	-0.676120
1.588000	-0.689478
1.589000	-0.702605
1.590000	-0.715498
1.591000	-0.728151
1.592000	-0.740561
1.593000	-0.752723
1.594000	-0.764634
1.595000	-0.776289
1.596000	-0.787684
1.597000	-0.798816
1.598000	-0.809681
1.599000	-0.820276
1.600000	-0.830596
1.601000	-0.840638
1.602000	-0.850400
1.603000	-0.859877
1.604000	-0.869067
1.605000	-0.877966
1.606000	-0.886572
1.607000	-0.894881
1.608000	-0.902892
1.609000	-0.910600
1.610000	-0.918004
1.611000	-0.925101
1.612000	-0.931889
1.613000	-0.938365
1.614000	-0.944528
1.615000	-0.950375
1.616000	-0.955904
1.617000	-0.961113
1.618000	-0.966002
1.619000	-0.970567
1.620000	-0.974808
1.621000	-0.978723
1.622000	-0.982311
1.623000	-0.985570
1.624000	-0.988500
1.625000	-0.991100
1.626000	-0.993368
1.627000	-0.995304
1.628000	-0.996907
1.629000	-0.998178
1.630000	-0.999114
1.631000	-0.999716
1.632000	-0.999985
1.633000	-0.999919
1.634000	-0.999518
1.635000	-0.998784
1.636000	-0.997716
1.637000	-0.996314
1.638000	-0.994579
1.639000	-0.992511
1.640000	-0.990112
1.641000	-0.987382
1.642000	-0.984321
1.643000	-0.980932
1.644000	-0.977215
1.645000	-0.973171
1.646000	-0.968802
1.647000	-0.964108
1.648000	-0.959093
1.649000	-0.953757
1.650000	-0.948102
1.651000	-0.942130
1.652000	-0.935843
1.653000	-0.929244
1.654000	-0.922333
1.655000	-0.915115
1.656000	-0.907590
1.657000	-0.899762
1.658000	-0.891633
1.659000	-0.883206
1.660000	-0.874484
1.661000	-0.865470
1.662000	-0.856166
1.663000	-0.846576
1.664000	-0.836703
1.665000	-0.826550
1.666000	-0.816121
1.667000	-0.805420
1.668000	-0.794449
1.669000	-0.783212
1.670000	-0.771713
1.671000	-0.759957
1.672000	-0.747946
1.673000	-0.735686
1.674000	-0.723179
1.675000	-0.710431
1.676000	-0.697445
1.677000	-0.684226
1.678000	-0.670779
1.679000	-0.657107
1.680000	-0.643215
1.681000	-0.629109
1.682000	-0.614792
1.683000	-0.600269
1.684000	-0.585546
1.685000	-0.570628
1.686000	-0.555518
1.687000	-0.540223
1.688000	-0.524747
1.689000	-0.509095
1.690000	-0.493274
1.691000	-0.477288
1.692000	-0.461142
1.693000	-0.444842
1.694000	-0.428393
1.695000	-0.411801
1.696000	-0.395071
1.697000	-0.378209
1.698000	-0.361221
1.699000	-0.344112
1.700000	-0.326888
1.701000	-0.309555
1.702000	-0.292118
1.703000	-0.274584
1.704000	-0.256957
1.705000	-0.239245
1.706000	-0.221453
1.707000	-0.203587
1.708000	-0.185653
1.709000	-0.167657
1.710000	-0.149604
1.711000	-0.131502
1.712000	-0.113356
1.713000	-0.095172
1.714000	-0.076956
1.715000	-0.058714
1.716000	-0.040453
1.717000	-0.022178
1.718000	-0.003896
1.719000	0.014388
1.720000	0.032667
1.721000	0.050935
1.722000	0.069185
1.723000	0.087413
1.724000	0.105612
1.725000	0.123775
1.726000	0.141896
1.727000	0.159971
1.728000	0.177992
1.729000	0.195953
1.730000	0.213849
1.731000	0.231673
1.732000	0.249420
1.733000	0.267084
1.734000	0.284658
1.735000	0.302137
1.736000	0.319515
1.737000	0.336786
1.738000	0.353945
1.739000	0.370985
1.740000	0.387902
1.741000	0.404688
1.742000	0.421340
1.743000	0.437850
1.744000	0.454214
1.745000	0.470427
1.746000	0.486482
1.747000	0.502374
1.748000	0.518099
1.749000	0.533650
1.750000	0.549023
1.751000	0.564212
1.752000	0.579213
1.753000	0.594020
1.754000	0.608628
1.755000	0.623034
1.756000	0.637230
1.757000	0.651214
1.758000	0.664980
1.759000	0.678524
1.760000	0.691841
1.761000	0.704926
1.762000	0.717776
1.763000	0.730386
1.764000	0.742752
1.765000	0.754870
1.766000	0.766735
1.767000	0.778344
1.768000	0.789693
1.769000	0.800777
1.770000	0.811594
1.771000	0.822140
1.772000	0.832411
1.773000	0.842403
1.774000	0.852114
1.775000	0.861541
1.776000	0.870679
1.777000	0.879526
1.778000	0.888079
1.779000	0.896335
1.780000	0.904291
1.781000	0.911945
1.782000	0.919295
1.783000	0.926337
1.784000	0.933069
1.785000	0.939489
1.786000	0.945596
1.787000	0.951386
1.788000	0.956858
1.789000	0.962011
1.790000	0.966841
1.791000	0.971349
1.792000	0.975531
1.793000	0.979388
1.794000	0.982917
1.795000	0.986118
1.796000	0.988989
1.797000	0.991529
1.798000	0.993738
1.799000	0.995615
1.800000	0.997159
1.801000	0.998369
1.802000	0.999246
1.803000	0.999789
1.804000	0.999997
1.805000	0.999872
1.806000	0.999412
1.807000	0.998617
1.808000	0.997489
1.809000	0.996028
1.810000	0.994234
1.811000	0.992107
1.812000	0.989648
1.813000	0.986859
1.814000	0.983740
1.815000	0.980292
1.816000	0.976516
1.817000	0.972414
1.818000	0.967987
1.819000	0.963236
1.820000	0.958163
1.821000	0.952770
1.822000	0.947058
1.823000	0.941030
1.824000	0.934687
1.825000	0.928031
1.826000	0.921066
1.827000	0.913792
1.828000	0.906213
1.829000	0.898331
1.830000	0.890149
1.831000	0.881669
1.832000	0.872895
1.833000	0.863828
1.834000	0.854473
1.835000	0.844833
1.836000	0.834909
1.837000	0.824707
1.838000	0.814229
1.839000	0.803479
1.840000	0.792460
1.841000	0.781176
1.842000	0.769631
1.843000	0.757829
1.844000	0.745774
1.845000	0.733469
1.846000	0.720919
1.847000	0.708128
1.848000	0.695100
1.849000	0.681840
1.850000	0.668352
1.851000	0.654641
1.852000	0.640710
1.853000	0.626566
1.854000	0.612212
1.855000	0.597653
1.856000	0.582895
1.857000	0.567941
1.858000	0.552798
1.859000	0.537470
1.860000	0.521963
1.861000	0.506281
1.862000	0.490429
1.863000	0.474414
1.864000	0.458240
1.865000	0.441913
1.866000	0.425438
1.867000	0.408821
1.868000	0.392067
1.869000	0.375183
1.870000	0.358172
1.871000	0.341042
1.872000	0.323799
1.873000	0.306446
1.874000	0.288992
1.875000	0.271440
1.876000	0.253798
1.877000	0.236072
1.878000	0.218266
1.879000	0.200387
1.880000	0.182441
1.881000	0.164435
1.882000	0.146373
1.883000	0.128262
1.884000	0.110109
1.885000	0.091919
1.886000	0.073698
1.887000	0.055452
1.888000	0.037188
1.889000	0.018911
1.890000	0.000628
1.891000	-0.017655
1.892000	-0.035932
1.893000	-0.054197
1.894000	-0.072444
1.895000	-0.090667
1.896000	-0.108860
1.897000	-0.127016
1.898000	-0.145130
1.899000	-0.163195
1.900000	-0.181206
1.901000	-0.199156
1.902000	-0.217039
1.903000	-0.234850
1.904000	-0.252583
1.905000	-0.270231
1.906000	-0.287788
1.907000	-0.305250
1.908000	-0.322609
1.909000	-0.339861
1.910000	-0.356999
1.911000	-0.374017
1.912000	-0.390911
1.913000	-0.407674
1.914000	-0.424301
1.915000	-0.440785
1.916000	-0.457123
1.917000	-0.473307
1.918000	-0.489334
1.919000	-0.505197
1.920000	-0.520890
1.921000	-0.536410
1.922000	-0.551751
1.923000	-0.566907
1.924000	-0.581873
1.925000	-0.596645
1.926000	-0.611218
1.927000	-0.625586
1.928000	-0.639745
1.929000	-0.653690
1.930000	-0.667417
1.931000	-0.680920
1.932000	-0.694196
1.933000	-0.707240
1.934000	-0.720047
1.935000	-0.732614
1.936000	-0.744936
1.937000	-0.757009
1.938000	-0.768828
1.939000	-0.780391
1.940000	-0.791693
1.941000	-0.802730
1.942000	-0.813499
1.943000	-0.823996
1.944000	-0.834217
1.945000	-0.844160
1.946000	-0.853820
1.947000	-0.863195
1.948000	-0.872281
1.949000	-0.881076
1.950000	-0.889576
1.951000	-0.897779
1.952000	-0.905681
1.953000	-0.913281
1.954000	-0.920576
1.955000	-0.927563
1.956000	-0.934239
1.957000	-0.940604
1.958000	-0.946654
1.959000	-0.952387
1.960000	-0.957802
1.961000	-0.962897
1.962000	-0.967670
1.963000	-0.972120
1.964000	-0.976245
1.965000	-0.980043
1.966000	-0.983513
1.967000	-0.986655
1.968000	-0.989467
1.969000	-0.991948
1.970000	-0.994098
1.971000	-0.995915
1.972000	-0.997400
1.973000	-0.998551
1.974000	-0.999368
1.975000	-0.999851
1.976000	-0.999999
1.977000	-0.999814
1.978000	-0.999294
1.979000	-0.998440
1.980000	-0.997253
1.981000	-0.995732
1.982000	-0.993878
1.983000	-0.991692
1.984000	-0.989174
1.985000	-0.986326
1.986000	-0.983148
1.987000	-0.979641
1.988000	-0.975807
1.989000	-0.971647
1.990000	-0.967161
1.991000	-0.962353
1.992000	-0.957223
1.993000	-0.951772
1.994000	-0.946004
1.995000	-0.939919
1.996000	-0.933520
1.997000	-0.926809
1.998000	-0.919789
1.999000	-0.912460
2.000000	-0.904827
2.001000	-0.896891
2.002000	-0.888656
2.003000	-0.880123
2.004000	-0.871296
2.005000	-0.862178
2.006000	-0.852771
2.007000	-0.843080
2.008000	-0.833107
2.009000	-0.822855
2.010000	-0.812328
2.011000	-0.801529
2.012000	-0.790463
2.013000	-0.779132
2.014000	-0.767541
2.015000	-0.755693
2.016000	-0.743593
2.017000	-0.731244
2.018000	-0.718651
2.019000	-0.705817
2.020000	-0.692748
2.021000	-0.679446
2.022000	-0.665918
2.023000	-0.652167
2.024000	-0.638198
2.025000	-0.624016
2.026000	-0.609625
2.027000	-0.595030
2.028000	-0.580237
2.029000	-0.565249
2.030000	-0.550073
2.031000	-0.534712
2.032000	-0.519173
2.033000	-0.503460
2.034000	-0.487579
2.035000	-0.471535
2.036000	-0.455334
2.037000	-0.438980
2.038000	-0.422479
2.039000	-0.405837
2.040000	-0.389060
2.041000	-0.372152
2.042000	-0.355120
2.043000	-0.337969
2.044000	-0.320706
2.045000	-0.303335
2.046000	-0.285862
2.047000	-0.268294
2.048000	-0.250637
2.049000	-0.232895
2.050000	-0.215076
2.051000	-0.197185
2.052000	-0.179228
2.053000	-0.161211
2.054000	-0.143140
2.055000	-0.125022
2.056000	-0.106861
2.057000	-0.088665
2.058000	-0.070439
2.059000	-0.052190
2.060000	-0.033923
2.061000	-0.015644
2.062000	0.002639
2.063000	0.020921
2.064000	0.039197
2.065000	0.057459
2.066000	0.075703
2.067000	0.093921
2.068000	0.112107
2.069000	0.130256
2.070000	0.148362
2.071000	0.166418
2.072000	0.184418
2.073000	0.202357
2.074000	0.220228
2.075000	0.238025
2.076000	0.255743
2.077000	0.273375
2.078000	0.290916
2.079000	0.308360
2.080000	0.325700
2.081000	0.342932
2.082000	0.360049
2.083000	0.377046
2.084000	0.393916
2.085000	0.410655
2.086000	0.427257
2.087000	0.443716
2.088000	0.460026
2.089000	0.476183
2.090000	0.492180
2.091000	0.508013
2.092000	0.523677
2.093000	0.539165
2.094000	0.554473
2.095000	0.569595
2.096000	0.584527
2.097000	0.599264
2.098000	0.613800
2.099000	0.628131
2.100000	0.642253
2.101000	0.656159
2.102000	0.669846
2.103000	0.683309
2.104000	0.696544
2.105000	0.709546
2.106000	0.722311
2.107000	0.734834
2.108000	0.747112
2.109000	0.759140
2.110000	0.770914
2.111000	0.782430
2.112000	0.793685
2.113000	0.804674
2.114000	0.815395
2.115000	0.825842
2.116000	0.836014
2.117000	0.845907
2.118000	0.855516
2.119000	0.864840
2.120000	0.873874
2.121000	0.882616
2.122000	0.891064
2.123000	0.899213
2.124000	0.907062
2.125000	0.914607
2.126000	0.921847
2.127000	0.928779
2.128000	0.935400
2.129000	0.941708
2.130000	0.947702
2.131000	0.953378
2.132000	0.958736
2.133000	0.963774
2.134000	0.968489
2.135000	0.972881
2.136000	0.976947
2.137000	0.980687
2.138000	0.984099
2.139000	0.987182
2.140000	0.989935
2.141000	0.992357
2.142000	0.994447
2.143000	0.996205
2.144000	0.997630
2.145000	0.998721
2.146000	0.999479
2.147000	0.999902
2.148000	0.999991
2.149000	0.999746
2.150000	0.999166
2.151000	0.998253
2.152000	0.997005
2.153000	0.995425
2.154000	0.993512
2.155000	0.991266
2.156000	0.988689
2.157000	0.985782
2.158000	0.982545
2.159000	0.978980
2.160000	0.975087
2.161000	0.970869
2.162000	0.966326
2.163000	0.961460
2.164000	0.956272
2.165000	0.950765
2.166000	0.944940
2.167000	0.938799
2.168000	0.932344
2.169000	0.925578
2.170000	0.918502
2.171000	0.911119
2.172000	0.903431
2.173000	0.895442
2.174000	0.887153
2.175000	0.878567
2.176000	0.869688
2.177000	0.860518
2.178000	0.851060
2.179000	0.841318
2.180000	0.831295
2.181000	0.820994
2.182000	0.810418
2.183000	0.799571
2.184000	0.788458
2.185000	0.777080
2.186000	0.765443
2.187000	0.753550
2.188000	0.741405
2.189000	0.729012
2.190000	0.716375
2.191000	0.703499
2.192000	0.690388
2.193000	0.677046
2.194000	0.663477
2.195000	0.649687
2.196000	0.635680
2.197000	0.621460
2.198000	0.607032
2.199000	0.592401
2.200000	0.577573
2.201000	0.562551
2.202000	0.547341
2.203000	0.531948
2.204000	0.516378
2.205000	0.500635
2.206000	0.484724
2.207000	0.468652
2.208000	0.452422
2.209000	0.436042
2.210000	0.419515
2.211000	0.402849
2.212000	0.386048
2.213000	0.369117
2.214000	0.352064
2.215000	0.334892
2.216000	0.317609
2.217000	0.300220
2.218000	0.282730
2.219000	0.265146
2.220000	0.247473
2.221000	0.229717
2.222000	0.211884
2.223000	0.193981
2.224000	0.176013
2.225000	0.157986
2.226000	0.139906
2.227000	0.121779
2.228000	0.103612
2.229000	0.085410
2.230000	0.067179
2.231000	0.048926
2.232000	0.030657
2.233000	0.012378
2.234000	-0.005906
2.235000	-0.024188
2.236000	-0.042462
2.237000	-0.060721
2.238000	-0.078960
2.239000	-0.097173
2.240000	-0.115353
2.241000	-0.133495
2.242000	-0.151592
2.243000	-0.169638
2.244000	-0.187628
2.245000	-0.205555
2.246000	-0.223413
2.247000	-0.241197
2.248000	-0.258900
2.249000	-0.276516
2.250000	-0.294040
2.251000	-0.311466
2.252000	-0.328788
2.253000	-0.345999
2.254000	-0.363095
2.255000	-0.380070
2.256000	-0.396917
2.257000	-0.413632
2.258000	-0.430209
2.259000	-0.446641
2.260000	-0.462925
2.261000	-0.479053
2.262000	-0.495022
2.263000	-0.510825
2.264000	-0.526457
2.265000	-0.541914
2.266000	-0.557189
2.267000	-0.572278
2.268000	-0.587175
2.269000	-0.601876
2.270000	-0.616376
2.271000	-0.630670
2.272000	-0.644754
2.273000	-0.658621
2.274000	-0.672269
2.275000	-0.685691
2.276000	-0.698885
2.277000	-0.711845
2.278000	-0.724567
2.279000	-0.737046
2.280000	-0.749279
2.281000	-0.761262
2.282000	-0.772991
2.283000	-0.784460
2.284000	-0.795668
2.285000	-0.806610
2.286000	-0.817282
2.287000	-0.827680
2.288000	-0.837803
2.289000	-0.847645
2.290000	-0.857203
2.291000	-0.866475
2.292000	-0.875458
2.293000	-0.884148
2.294000	-0.892542
2.295000	-0.900638
2.296000	-0.908432
2.297000	-0.915923
2.298000	-0.923108
2.299000	-0.929985
2.300000	-0.936550
2.301000	-0.942802
2.302000	-0.948739
2.303000	-0.954359
2.304000	-0.959660
2.305000	-0.964640
2.306000	-0.969298
2.307000	-0.973631
2.308000	-0.977640
2.309000	-0.981321
2.310000	-0.984674
2.311000	-0.987698
2.312000	-0.990392
2.313000	-0.992755
2.314000	-0.994786
2.315000	-0.996484
2.316000	-0.997849
2.317000	-0.998881
2.318000	-0.999579
2.319000	-0.999942
2.320000	-0.999972
2.321000	-0.999667
2.322000	-0.999027
2.323000	-0.998054
2.324000	-0.996747
2.325000	-0.995107
2.326000	-0.993135
2.327000	-0.990830
2.328000	-0.988194
2.329000	-0.985228
2.330000	-0.981932
2.331000	-0.978308
2.332000	-0.974357
2.333000	-0.970081
2.334000	-0.965480
2.335000	-0.960556
2.336000	-0.955311
2.337000	-0.949747
2.338000	-0.943866
2.339000	-0.937668
2.340000	-0.931158
2.341000	-0.924336
2.342000	-0.917205
2.343000	-0.909767
2.344000	-0.902025
2.345000	-0.893982
2.346000	-0.885640
2.347000	-0.877002
2.348000	-0.868071
2.349000	-0.858849
2.350000	-0.849340
2.351000	-0.839548
2.352000	-0.829475
2.353000	-0.819124
2.354000	-0.808500
2.355000	-0.797605
2.356000	-0.786444
2.357000	-0.775019
2.358000	-0.763336
2.359000	-0.751398
2.360000	-0.739208
2.361000	-0.726771
2.362000	-0.714092
2.363000	-0.701173
2.364000	-0.688020
2.365000	-0.674637
2.366000	-0.661029
2.367000	-0.647200
2.368000	-0.633154
2.369000	-0.618897
2.370000	-0.604432
2.371000	-0.589766
2.372000	-0.574902
2.373000	-0.559847
2.374000	-0.544604
2.375000	-0.529179
2.376000	-0.513577
2.377000	-0.497804
2.378000	-0.481864
2.379000	-0.465763
2.380000	-0.449506
2.381000	-0.433099
2.382000	-0.416547
2.383000	-0.399856
2.384000	-0.383032
2.385000	-0.366079
2.386000	-0.349004
2.387000	-0.331812
2.388000	-0.314509
2.389000	-0.297102
2.390000	-0.279594
2.391000	-0.261994
2.392000	-0.244306
2.393000	-0.226536
2.394000	-0.208690
2.395000	-0.190775
2.396000	-0.172796
2.397000	-0.154759
2.398000	-0.136670
2.399000	-0.118536
2.400000	-0.100362
2.401000	-0.082154
2.402000	-0.063919
2.403000	-0.045663
2.404000	-0.027391
2.405000	-0.009110
2.406000	0.009173
2.407000	0.027454
2.408000	0.045726
2.409000	0.063982
2.410000	0.082217
2.411000	0.100424
2.412000	0.118598
2.413000	0.136732
2.414000	0.154821
2.415000	0.172857
2.416000	0.190836
2.417000	0.208752
2.418000	0.226597
2.419000	0.244367
2.420000	0.262054
2.421000	0.279655
2.422000	0.297162
2.423000	0.314569
2.424000	0.331871
2.425000	0.349063
2.426000	0.366137
2.427000	0.383090
2.428000	0.399914
2.429000	0.416604
2.430000	0.433156
2.431000	0.449562
2.432000	0.465818
2.433000	0.481919
2.434000	0.497858
2.435000	0.513631
2.436000	0.529232
2.437000	0.544657
2.438000	0.559899
2.439000	0.574954
2.440000	0.589817
2.441000	0.604482
2.442000	0.618946
2.443000	0.633203
2.444000	0.647248
2.445000	0.661076
2.446000	0.674684
2.447000	0.688066
2.448000	0.701218
2.449000	0.714136
2.450000	0.726814
2.451000	0.739250
2.452000	0.751439
2.453000	0.763377
2.454000	0.775059
2.455000	0.786482
2.456000	0.797643
2.457000	0.808537
2.458000	0.819160
2.459000	0.829510
2.460000	0.839582
2.461000	0.849374
2.462000	0.858881
2.463000	0.868102
2.464000	0.877032
2.465000	0.885669
2.466000	0.894010
2.467000	0.902053
2.468000	0.909793
2.469000	0.917230
2.470000	0.924360
2.471000	0.931181
2.472000	0.937690
2.473000	0.943886
2.474000	0.949767
2.475000	0.955330
2.476000	0.960574
2.477000	0.965496
2.478000	0.970096
2.479000	0.974372
2.480000	0.978321
2.481000	0.981944
2.482000	0.985239
2.483000	0.988204
2.484000	0.990839
2.485000	0.993142
2.486000	0.995114
2.487000	0.996753
2.488000	0.998058
2.489000	0.999030
2.490000	0.999668
2.491000	0.999972
2.492000	0.999942
2.493000	0.999577
2.494000	0.998878
2.495000	0.997845
2.496000	0.996479
2.497000	0.994779
2.498000	0.992747
2.499000	0.990383
2.500000	0.987688
2.501000	0.984663
2.502000	0.981309
2.503000	0.977626
2.504000	0.973617
2.505000	0.969282
2.506000	0.964624
2.507000	0.959642
2.508000	0.954340
2.509000	0.948719
2.510000	0.942781
2.511000	0.936528
2.512000	0.929961
2.513000	0.923084
2.514000	0.915898
2.515000	0.908406
2.516000	0.900610
2.517000	0.892513
2.518000	0.884118
2.519000	0.875427
2.520000	0.866444
2.521000	0.857171
2.522000	0.847611
2.523000	0.837768
2.524000	0.827645
2.525000	0.817245
2.526000	0.806573
2.527000	0.795630
2.528000	0.784421
2.529000	0.772951
2.530000	0.761221
2.531000	0.749238
2.532000	0.737004
2.533000	0.724523
2.534000	0.711801
2.535000	0.698840
2.536000	0.685646
2.537000	0.672222
2.538000	0.658574
2.539000	0.644706
2.540000	0.630622
2.541000	0.616327
2.542000	0.601826
2.543000	0.587124
2.544000	0.572226
2.545000	0.557137
2.546000	0.541861
2.547000	0.526404
2.548000	0.510771
2.549000	0.494967
2.550000	0.478998
2.551000	0.462869
2.552000	0.446585
2.553000	0.430152
2.554000	0.413575
2.555000	0.396860
2.556000	0.380012
2.557000	0.363037
2.558000	0.345940
2.559000	0.328728
2.560000	0.311406
2.561000	0.293980
2.562000	0.276456
2.563000	0.258839
2.564000	0.241136
2.565000	0.223352
2.566000	0.205494
2.567000	0.187566
2.568000	0.169577
2.569000	0.151530
2.570000	0.133433
2.571000	0.115291
2.572000	0.097110
2.573000	0.078898
2.574000	0.060658
2.575000	0.042399
2.576000	0.024125
2.577000	0.005843
2.578000	-0.012440
2.579000	-0.030720
2.580000	-0.048989
2.581000	-0.067242
2.582000	-0.085473
2.583000	-0.103674
2.584000	-0.121842
2.585000	-0.139968
2.586000	-0.158048
2.587000	-0.176075
2.588000	-0.194043
2.589000	-0.211946
2.590000	-0.229778
2.591000	-0.247533
2.592000	-0.265206
2.593000	-0.282790
2.594000	-0.300280
2.595000	-0.317669
2.596000	-0.334952
2.597000	-0.352123
2.598000	-0.369176
2.599000	-0.386106
2.600000	-0.402906
2.601000	-0.419572
2.602000	-0.436098
2.603000	-0.452478
2.604000	-0.468707
2.605000	-0.484779
2.606000	-0.500689
2.607000	-0.516432
2.608000	-0.532002
2.609000	-0.547394
2.610000	-0.562603
2.611000	-0.577624
2.612000	-0.592452
2.613000	-0.607082
2.614000	-0.621509
2.615000	-0.635728
2.616000	-0.649735
2.617000	-0.663524
2.618000	-0.677092
2.619000	-0.690433
2.620000	-0.703544
2.621000	-0.716419
2.622000	-0.729055
2.623000	-0.741447
2.624000	-0.753591
2.625000	-0.765483
2.626000	-0.777120
2.627000	-0.788496
2.628000	-0.799609
2.629000	-0.810455
2.630000	-0.821030
2.631000	-0.831330
2.632000	-0.841352
2.633000	-0.851093
2.634000	-0.860550
2.635000	-0.869719
2.636000	-0.878597
2.637000	-0.887182
2.638000	-0.895470
2.639000	-0.903458
2.640000	-0.911145
2.641000	-0.918526
2.642000	-0.925601
2.643000	-0.932367
2.644000	-0.938820
2.645000	-0.944960
2.646000	-0.950784
2.647000	-0.956290
2.648000	-0.961477
2.649000	-0.966342
2.650000	-0.970884
2.651000	-0.975101
2.652000	-0.978993
2.653000	-0.982557
2.654000	-0.985793
2.655000	-0.988699
2.656000	-0.991275
2.657000	-0.993519
2.658000	-0.995431
2.659000	-0.997010
2.660000	-0.998256
2.661000	-0.999169
2.662000	-0.999747
2.663000	-0.999991
2.664000	-0.999901
2.665000	-0.999477
2.666000	-0.998718
2.667000	-0.997626
2.668000	-0.996200
2.669000	-0.994441
2.670000	-0.992349
2.671000	-0.989926
2.672000	-0.987172
2.673000	-0.984088
2.674000	-0.980675
2.675000	-0.976934
2.676000	-0.972866
2.677000	-0.968474
2.678000	-0.963757
2.679000	-0.958719
2.680000	-0.953359
2.681000	-0.947682
2.682000	-0.941687
2.683000	-0.935377
2.684000	-0.928755
2.685000	-0.921823
2.686000	-0.914582
2.687000	-0.907035
2.688000	-0.899185
2.689000	-0.891035
2.690000	-0.882587
2.691000	-0.873844
2.692000	-0.864808
2.693000	-0.855484
2.694000	-0.845873
2.695000	-0.835980
2.696000	-0.825807
2.697000	-0.815358
2.698000	-0.804637
2.699000	-0.793646
2.700000	-0.782391
2.701000	-0.770874
2.702000	-0.759099
2.703000	-0.747070
2.704000	-0.734791
2.705000	-0.722267
2.706000	-0.709502
2.707000	-0.696499
2.708000	-0.683264
2.709000	-0.669800
2.710000	-0.656112
2.711000	-0.642204
2.712000	-0.628083
2.713000	-0.613751
2.714000	-0.599214
2.715000	-0.584476
2.716000	-0.569544
2.717000	-0.554420
2.718000	-0.539112
2.719000	-0.523623
2.720000	-0.507959
2.721000	-0.492126
2.722000	-0.476128
2.723000	-0.459970
2.724000	-0.443659
2.725000	-0.427200
2.726000	-0.410598
2.727000	-0.393858
2.728000	-0.376987
2.729000	-0.359990
2.730000	-0.342873
2.731000	-0.325641
2.732000	-0.308300
2.733000	-0.290856
2.734000	-0.273315
2.735000	-0.255682
2.736000	-0.237964
2.737000	-0.220166
2.738000	-0.202295
2.739000	-0.184356
2.740000	-0.166356
2.741000	-0.148300
2.742000	-0.130194
2.743000	-0.112045
2.744000	-0.093858
2.745000	-0.075640
2.746000	-0.057397
2.747000	-0.039134
2.748000	-0.020859
2.749000	-0.002576
2.750000	0.015707
2.751000	0.033985
2.752000	0.052252
2.753000	0.070502
2.754000	0.088727
2.755000	0.106924
2.756000	0.125084
2.757000	0.143202
2.758000	0.161273
2.759000	0.179290
2.760000	0.197247
2.761000	0.215138
2.762000	0.232957
2.763000	0.250698
2.764000	0.268355
2.765000	0.285923
2.766000	0.303395
2.767000	0.320765
2.768000	0.338028
2.769000	0.355179
2.770000	0.372210
2.771000	0.389118
2.772000	0.405895
2.773000	0.422536
2.774000	0.439036
2.775000	0.455390
2.776000	0.471591
2.777000	0.487634
2.778000	0.503515
2.779000	0.519227
2.780000	0.534765
2.781000	0.550125
2.782000	0.565301
2.783000	0.580288
2.784000	0.595081
2.785000	0.609675
2.786000	0.624065
2.787000	0.638247
2.788000	0.652215
2.789000	0.665965
2.790000	0.679493
2.791000	0.692793
2.792000	0.705862
2.793000	0.718694
2.794000	0.731287
2.795000	0.743635
2.796000	0.755735
2.797000	0.767581
2.798000	0.779172
2.799000	0.790501
2.800000	0.801567
2.801000	0.812365
2.802000	0.822891
2.803000	0.833141
2.804000	0.843114
2.805000	0.852804
2.806000	0.862210
2.807000	0.871327
2.808000	0.880153
2.809000	0.888684
2.810000	0.896919
2.811000	0.904854
2.812000	0.912486
2.813000	0.919813
2.814000	0.926833
2.815000	0.933543
2.816000	0.939941
2.817000	0.946024
2.818000	0.951792
2.819000	0.957241
2.820000	0.962370
2.821000	0.967177
2.822000	0.971661
2.823000	0.975821
2.824000	0.979654
2.825000	0.983159
2.826000	0.986336
2.827000	0.989183
2.828000	0.991700
2.829000	0.993885
2.830000	0.995738
2.831000	0.997257
2.832000	0.998444
2.833000	0.999297
2.834000	0.999815
2.835000	1.000000
2.836000	0.999850
2.837000	0.999365
2.838000	0.998547
2.839000	0.997395
2.840000	0.995910
2.841000	0.994091
2.842000	0.991941
2.843000	0.989458
2.844000	0.986645
2.845000	0.983502
2.846000	0.980030
2.847000	0.976231
2.848000	0.972105
2.849000	0.967655
2.850000	0.962880
2.851000	0.957784
2.852000	0.952368
2.853000	0.946634
2.854000	0.940582
2.855000	0.934217
2.856000	0.927539
2.857000	0.920551
2.858000	0.913256
2.859000	0.905655
2.860000	0.897751
2.861000	0.889547
2.862000	0.881046
2.863000	0.872250
2.864000	0.863163
2.865000	0.853787
2.866000	0.844126
2.867000	0.834182
2.868000	0.823960
2.869000	0.813462
2.870000	0.802693
2.871000	0.791655
2.872000	0.780352
2.873000	0.768788
2.874000	0.756968
2.875000	0.744894
2.876000	0.732571
2.877000	0.720004
2.878000	0.707196
2.879000	0.694151
2.880000	0.680874
2.881000	0.667370
2.882000	0.653643
2.883000	0.639697
2.884000	0.625537
2.885000	0.611168
2.886000	0.596595
2.887000	0.581822
2.888000	0.566855
2.889000	0.551698
2.890000	0.536357
2.891000	0.520837
2.892000	0.505142
2.893000	0.489279
2.894000	0.473252
2.895000	0.457067
2.896000	0.440729
2.897000	0.424244
2.898000	0.407617
2.899000	0.390853
2.900000	0.373959
2.901000	0.356940
2.902000	0.339802
2.903000	0.322550
2.904000	0.305190
2.905000	0.287728
2.906000	0.270170
2.907000	0.252522
2.908000	0.234789
2.909000	0.216978
2.910000	0.199094
2.911000	0.181144
2.912000	0.163133
2.913000	0.145068
2.914000	0.126954
2.915000	0.108797
2.916000	0.090605
2.917000	0.072382
2.918000	0.054135
2.919000	0.035869
2.920000	0.017592
2.921000	-0.000691
2.922000	-0.018974
2.923000	-0.037251
2.924000	-0.055515
2.925000	-0.073760
2.926000	-0.091981
2.927000	-0.110171
2.928000	-0.128325
2.929000	-0.146435
2.930000	-0.164497
2.931000	-0.182503
2.932000	-0.200449
2.933000	-0.218327
2.934000	-0.236133
2.935000	-0.253859
2.936000	-0.271501
2.937000	-0.289052
2.938000	-0.306506
2.939000	-0.323858
2.940000	-0.341102
2.941000	-0.358231
2.942000	-0.375241
2.943000	-0.392125
2.944000	-0.408878
2.945000	-0.425495
2.946000	-0.441969
2.947000	-0.458296
2.948000	-0.474469
2.949000	-0.490484
2.950000	-0.506335
2.951000	-0.522016
2.952000	-0.537523
2.953000	-0.552851
2.954000	-0.567993
2.955000	-0.582946
2.956000	-0.597704
2.957000	-0.612261
2.958000	-0.626615
2.959000	-0.640758
2.960000	-0.654688
2.961000	-0.668399
2.962000	-0.681886
2.963000	-0.695145
2.964000	-0.708172
2.965000	-0.720962
2.966000	-0.733512
2.967000	-0.745816
2.968000	-0.757870
2.969000	-0.769672
2.970000	-0.781215
2.971000	-0.792498
2.972000	-0.803516
2.973000	-0.814265
2.974000	-0.824743
2.975000	-0.834944
2.976000	-0.844866
2.977000	-0.854506
2.978000	-0.863860
2.979000	-0.872925
2.980000	-0.881699
2.981000	-0.890178
2.982000	-0.898359
2.983000	-0.906240
2.984000	-0.913818
2.985000	-0.921090
2.986000	-0.928055
2.987000	-0.934709
2.988000	-0.941051
2.989000	-0.947078
2.990000	-0.952789
2.991000	-0.958181
2.992000	-0.963253
2.993000	-0.968002
2.994000	-0.972429
2.995000	-0.976530
2.996000	-0.980304
2.997000	-0.983751
2.998000	-0.986869
2.999000	-0.989657
3.000000	-0.992115
3.001000	-0.994240
3.002000	-0.996034
3.003000	-0.997494
3.004000	-0.998621
3.005000	-0.999414
3.006000	-0.999873
3.007000	-0.999997
3.008000	-0.999788
3.009000	-0.999244
3.010000	-0.998366
3.011000	-0.997154
3.012000	-0.995609
3.013000	-0.993731
3.014000	-0.991521
3.015000	-0.988980
3.016000	-0.986108
3.017000	-0.982906
3.018000	-0.979375
3.019000	-0.975518
3.020000	-0.971334
3.021000	-0.966825
3.022000	-0.961993
3.023000	-0.956840
3.024000	-0.951367
3.025000	-0.945575
3.026000	-0.939468
3.027000	-0.933046
3.028000	-0.926313
3.029000	-0.919270
3.030000	-0.911920
3.031000	-0.904264
3.032000	-0.896307
3.033000	-0.888050
3.034000	-0.879496
3.035000	-0.870648
3.036000	-0.861509
3.037000	-0.852082
3.038000	-0.842370
3.039000	-0.832376
3.040000	-0.822104
3.041000	-0.811558
3.042000	-0.800740
3.043000	-0.789654
3.044000	-0.778305
3.045000	-0.766695
3.046000	-0.754829
3.047000	-0.742710
3.048000	-0.730344
3.049000	-0.717733
3.050000	-0.704882
3.051000	-0.691795
3.052000	-0.678478
3.053000	-0.664933
3.054000	-0.651166
3.055000	-0.637182
3.056000	-0.622984
3.057000	-0.608579
3.058000	-0.593969
3.059000	-0.579162
3.060000	-0.564160
3.061000	-0.548970
3.062000	-0.533597
3.063000	-0.518045
3.064000	-0.502320
3.065000	-0.486427
3.066000	-0.470371
3.067000	-0.454158
3.068000	-0.437794
3.069000	-0.421283
3.070000	-0.404631
3.071000	-0.387844
3.072000	-0.370927
3.073000	-0.353886
3.074000	-0.336727
3.075000	-0.319456
3.076000	-0.302077
3.077000	-0.284598
3.078000	-0.267023
3.079000	-0.249359
3.080000	-0.231612
3.081000	-0.213787
3.082000	-0.195891
3.083000	-0.177930
3.084000	-0.159909
3.085000	-0.141834
3.086000	-0.123712
3.087000	-0.105549
3.088000	-0.087350
3.089000	-0.069123
3.090000	-0.050872
3.091000	-0.032604
3.092000	-0.014325
3.093000	0.003958
3.094000	0.022241
3.095000	0.040515
3.096000	0.058777
3.097000	0.077018
3.098000	0.095234
3.099000	0.113418
3.100000	0.131564
3.101000	0.149666
3.102000	0.167719
3.103000	0.185715
3.104000	0.203649
3.105000	0.221514
3.106000	0.239306
3.107000	0.257018
3.108000	0.274644
3.109000	0.292178
3.110000	0.309614
3.111000	0.326947
3.112000	0.344171
3.113000	0.361280
3.114000	0.378267
3.115000	0.395129
3.116000	0.411858
3.117000	0.428449
3.118000	0.444898
3.119000	0.461197
3.120000	0.477343
3.121000	0.493329
3.122000	0.509150
3.123000	0.524800
3.124000	0.540276
3.125000	0.555570
3.126000	0.570679
3.127000	0.585597
3.128000	0.600320
3.129000	0.614841
3.130000	0.629158
3.131000	0.643263
3.132000	0.657154
3.133000	0.670825
3.134000	0.684272
3.135000	0.697490
3.136000	0.710475
3.137000	0.723223
3.138000	0.735728
3.139000	0.747988
3.140000	0.759998
3.141000	0.771753
3.142000	0.783251
3.143000	0.794487
3.144000	0.805457
3.145000	0.816158
3.146000	0.826586
3.147000	0.836738
3.148000	0.846610
3.149000	0.856199
3.150000	0.865501
3.151000	0.874515
3.152000	0.883236
3.153000	0.891662
3.154000	0.899789
3.155000	0.907616
3.156000	0.915140
3.157000	0.922357
3.158000	0.929267
3.159000	0.935865
3.160000	0.942151
3.161000	0.948122
3.162000	0.953776
3.163000	0.959111
3.164000	0.964125
3.165000	0.968817
3.166000	0.973185
3.167000	0.977228
3.168000	0.980944
3.169000	0.984333
3.170000	0.987392
3.171000	0.990121
3.172000	0.992519
3.173000	0.994585
3.174000	0.996319
3.175000	0.997720
3.176000	0.998787
3.177000	0.999520
3.178000	0.999919
3.179000	0.999984
3.180000	0.999715
3.181000	0.999111
3.182000	0.998174
3.183000	0.996903
3.184000	0.995298
3.185000	0.993361
3.186000	0.991091
3.187000	0.988491
3.188000	0.985560
3.189000	0.982299
3.190000	0.978710
3.191000	0.974794
3.192000	0.970552
3.193000	0.965985
3.194000	0.961096
3.195000	0.955885
3.196000	0.950355
3.197000	0.944507
3.198000	0.938343
3.199000	0.931866
3.200000	0.925077
3.201000	0.917979
3.202000	0.910574
3.203000	0.902865
3.204000	0.894853
3.205000	0.886543
3.206000	0.877936
3.207000	0.869036
3.208000	0.859845
3.209000	0.850367
3.210000	0.840604
3.211000	0.830561
3.212000	0.820240
3.213000	0.809644
3.214000	0.798778
3.215000	0.787645
3.216000	0.776249
3.217000	0.764593
3.218000	0.752682
3.219000	0.740518
3.220000	0.728108
3.221000	0.715454
3.222000	0.702561
3.223000	0.689432
3.224000	0.676074
3.225000	0.662489
3.226000	0.648683
3.227000	0.634660
3.228000	0.620425
3.229000	0.605983
3.230000	0.591338
3.231000	0.576495
3.232000	0.561460
3.233000	0.546236
3.234000	0.530831
3.235000	0.515248
3.236000	0.499492
3.237000	0.483570
3.238000	0.467486
3.239000	0.451245
3.240000	0.434854
3.241000	0.418317
3.242000	0.401641
3.243000	0.384830
3.244000	0.367891
3.245000	0.350829
3.246000	0.333649
3.247000	0.316358
3.248000	0.298961
3.249000	0.281464
3.250000	0.263873
3.251000	0.246194
3.252000	0.228432
3.253000	0.210595
3.254000	0.192686
3.255000	0.174714
3.256000	0.156683
3.257000	0.138599
3.258000	0.120470
3.259000	0.102299
3.260000	0.084095
3.261000	0.065863
3.262000	0.047609
3.263000	0.029338
3.264000	0.011058
3.265000	-0.007226
3.266000	-0.025507
3.267000	-0.043780
3.268000	-0.062038
3.269000	-0.080275
3.270000	-0.098486
3.271000	-0.116664
3.272000	-0.134803
3.273000	-0.152896
3.274000	-0.170939
3.275000	-0.188924
3.276000	-0.206846
3.277000	-0.224699
3.278000	-0.242477
3.279000	-0.260174
3.280000	-0.277784
3.281000	-0.295301
3.282000	-0.312720
3.283000	-0.330033
3.284000	-0.347237
3.285000	-0.364324
3.286000	-0.381290
3.287000	-0.398128
3.288000	-0.414833
3.289000	-0.431399
3.290000	-0.447822
3.291000	-0.464094
3.292000	-0.480211
3.293000	-0.496168
3.294000	-0.511959
3.295000	-0.527579
3.296000	-0.543022
3.297000	-0.558284
3.298000	-0.573359
3.299000	-0.588243
3.300000	-0.602930
3.301000	-0.617415
3.302000	-0.631694
3.303000	-0.645762
3.304000	-0.659613
3.305000	-0.673245
3.306000	-0.686651
3.307000	-0.699828
3.308000	-0.712771
3.309000	-0.725475
3.310000	-0.737937
3.311000	-0.750153
3.312000	-0.762117
3.313000	-0.773827
3.314000	-0.785278
3.315000	-0.796467
3.316000	-0.807389
3.317000	-0.818041
3.318000	-0.828420
3.319000	-0.838522
3.320000	-0.848344
3.321000	-0.857882
3.322000	-0.867133
3.323000	-0.876095
3.324000	-0.884763
3.325000	-0.893136
3.326000	-0.901210
3.327000	-0.908983
3.328000	-0.916452
3.329000	-0.923615
3.330000	-0.930469
3.331000	-0.937012
3.332000	-0.943241
3.333000	-0.949156
3.334000	-0.954752
3.335000	-0.960030
3.336000	-0.964987
3.337000	-0.969621
3.338000	-0.973932
3.339000	-0.977916
3.340000	-0.981574
3.341000	-0.984903
3.342000	-0.987904
3.343000	-0.990574
3.344000	-0.992913
3.345000	-0.994919
3.346000	-0.996594
3.347000	-0.997935
3.348000	-0.998943
3.349000	-0.999616
3.350000	-0.999956
3.351000	-0.999961
3.352000	-0.999632
3.353000	-0.998968
3.354000	-0.997971
3.355000	-0.996640
3.356000	-0.994976
3.357000	-0.992980
3.358000	-0.990651
3.359000	-0.987991
3.360000	-0.985001
3.361000	-0.981682
3.362000	-0.978034
3.363000	-0.974060
3.364000	-0.969760
3.365000	-0.965135
3.366000	-0.960188
3.367000	-0.954921
3.368000	-0.949333
3.369000	-0.943429
3.370000	-0.937209
3.371000	-0.930676
3.372000	-0.923831
3.373000	-0.916678
3.374000	-0.909219
3.375000	-0.901455
3.376000	-0.893390
3.377000	-0.885027
3.378000	-0.876367
3.379000	-0.867415
3.380000	-0.858172
3.381000	-0.848643
3.382000	-0.838830
3.383000	-0.828737
3.384000	-0.818366
3.385000	-0.807722
3.386000	-0.796808
3.387000	-0.785628
3.388000	-0.774185
3.389000	-0.762483
3.390000	-0.750526
3.391000	-0.738319
3.392000	-0.725864
3.393000	-0.713167
3.394000	-0.700232
3.395000	-0.687062
3.396000	-0.673663
3.397000	-0.660038
3.398000	-0.646193
3.399000	-0.632132
3.400000	-0.617860
3.401000	-0.603381
3.402000	-0.588700
3.403000	-0.573822
3.404000	-0.558753
3.405000	-0.543497
3.406000	-0.528059
3.407000	-0.512445
3.408000	-0.496659
3.409000	-0.480707
3.410000	-0.464595
3.411000	-0.448327
3.412000	-0.431909
3.413000	-0.415347
3.414000	-0.398647
3.415000	-0.381813
3.416000	-0.364851
3.417000	-0.347767
3.418000	-0.330567
3.419000	-0.313257
3.420000	-0.295841
3.421000	-0.278327
3.422000	-0.260720
3.423000	-0.243026
3.424000	-0.225250
3.425000	-0.207400
3.426000	-0.189479
3.427000	-0.171496
3.428000	-0.153455
3.429000	-0.135363
3.430000	-0.117225
3.431000	-0.099049
3.432000	-0.080839
3.433000	-0.062602
3.434000	-0.044345
3.435000	-0.026072
3.436000	-0.007791
3.437000	0.010493
3.438000	0.028773
3.439000	0.047044
3.440000	0.065299
3.441000	0.083532
3.442000	0.101737
3.443000	0.119908
3.444000	0.138039
3.445000	0.156124
3.446000	0.174157
3.447000	0.192131
3.448000	0.210042
3.449000	0.227882
3.450000	0.245646
3.451000	0.263328
3.452000	0.280921
3.453000	0.298421
3.454000	0.315821
3.455000	0.333116
3.456000	0.350299
3.457000	0.367365
3.458000	0.384308
3.459000	0.401123
3.460000	0.417804
3.461000	0.434345
3.462000	0.450740
3.463000	0.466986
3.464000	0.483075
3.465000	0.499002
3.466000	0.514763
3.467000	0.530351
3.468000	0.545763
3.469000	0.560992
3.470000	0.576033
3.471000	0.590882
3.472000	0.605533
3.473000	0.619982
3.474000	0.634223
3.475000	0.648253
3.476000	0.662066
3.477000	0.675657
3.478000	0.689023
3.479000	0.702158
3.480000	0.715059
3.481000	0.727720
3.482000	0.740138
3.483000	0.752309
3.484000	0.764228
3.485000	0.775892
3.486000	0.787297
3.487000	0.798438
3.488000	0.809312
3.489000	0.819916
3.490000	0.830246
3.491000	0.840298
3.492000	0.850069
3.493000	0.859556
3.494000	0.868756
3.495000	0.877665
3.496000	0.886281
3.497000	0.894601
3.498000	0.902621
3.499000	0.910340
3.500000	0.917755
3.501000	0.924862
3.502000	0.931661
3.503000	0.938148
3.504000	0.944321
3.505000	0.950179
3.506000	0.955719
3.507000	0.960940
3.508000	0.965839
3.509000	0.970416
3.510000	0.974668
3.511000	0.978594
3.512000	0.982193
3.513000	0.985464
3.514000	0.988405
3.515000	0.991016
3.516000	0.993296
3.517000	0.995243
3.518000	0.996858
3.519000	0.998139
3.520000	0.999087
3.521000	0.999701
3.522000	0.999981
3.523000	0.999926
3.524000	0.999538
3.525000	0.998815
3.526000	0.997758
3.527000	0.996367
3.528000	0.994644
3.529000	0.992588
3.530000	0.990200
3.531000	0.987481
3.532000	0.984432
3.533000	0.981054
3.534000	0.977348
3.535000	0.973315
3.536000	0.968957
3.537000	0.964275
3.538000	0.959271
3.539000	0.953946
3.540000	0.948302
3.541000	0.942340
3.542000	0.936064
3.543000	0.929475
3.544000	0.922576
3.545000	0.915368
3.546000	0.907854
3.547000	0.900036
3.548000	0.891918
3.549000	0.883501
3.550000	0.874789
3.551000	0.865784
3.552000	0.856491
3.553000	0.846910
3.554000	0.837047
3.555000	0.826904
3.556000	0.816484
3.557000	0.805792
3.558000	0.794830
3.559000	0.783602
3.560000	0.772113
3.561000	0.760365
3.562000	0.748363
3.563000	0.736111
3.564000	0.723613
3.565000	0.710873
3.566000	0.697895
3.567000	0.684685
3.568000	0.671245
3.569000	0.657580
3.570000	0.643696
3.571000	0.629597
3.572000	0.615287
3.573000	0.600772
3.574000	0.586056
3.575000	0.571143
3.576000	0.556040
3.577000	0.540751
3.578000	0.525282
3.579000	0.509636
3.580000	0.493820
3.581000	0.477840
3.582000	0.461699
3.583000	0.445404
3.584000	0.428960
3.585000	0.412373
3.586000	0.395648
3.587000	0.378791
3.588000	0.361807
3.589000	0.344702
3.590000	0.327482
3.591000	0.310152
3.592000	0.292719
3.593000	0.275188
3.594000	0.257565
3.595000	0.239855
3.596000	0.222066
3.597000	0.204202
3.598000	0.186270
3.599000	0.168276
3.600000	0.150226
3.601000	0.132125
3.602000	0.113980
3.603000	0.095797
3.604000	0.077582
3.605000	0.059341
3.606000	0.041080
3.607000	0.022806
3.608000	0.004524
3.609000	-0.013760
3.610000	-0.032039
3.611000	-0.050307
3.612000	-0.068559
3.613000	-0.086787
3.614000	-0.104987
3.615000	-0.123151
3.616000	-0.141274
3.617000	-0.159351
3.618000	-0.177373
3.619000	-0.195337
3.620000	-0.213235
3.621000	-0.231062
3.622000	-0.248812
3.623000	-0.266478
3.624000	-0.284056
3.625000	-0.301538
3.626000	-0.318920
3.627000	-0.336195
3.628000	-0.353357
3.629000	-0.370402
3.630000	-0.387323
3.631000	-0.404114
3.632000	-0.420770
3.633000	-0.437285
3.634000	-0.453655
3.635000	-0.469872
3.636000	-0.485933
3.637000	-0.501831
3.638000	-0.517561
3.639000	-0.533118
3.640000	-0.548498
3.641000	-0.563693
3.642000	-0.578701
3.643000	-0.593514
3.644000	-0.608130
3.645000	-0.622542
3.646000	-0.636746
3.647000	-0.650737
3.648000	-0.664511
3.649000	-0.678062
3.650000	-0.691387
3.651000	-0.704481
3.652000	-0.717339
3.653000	-0.729957
3.654000	-0.742331
3.655000	-0.754458
3.656000	-0.766332
3.657000	-0.777949
3.658000	-0.789307
3.659000	-0.800401
3.660000	-0.811227
3.661000	-0.821782
3.662000	-0.832063
3.663000	-0.842065
3.664000	-0.851785
3.665000	-0.861221
3.666000	-0.870369
3.667000	-0.879227
3.668000	-0.887790
3.669000	-0.896056
3.670000	-0.904023
3.671000	-0.911687
3.672000	-0.919047
3.673000	-0.926100
3.674000	-0.932843
3.675000	-0.939274
3.676000	-0.945391
3.677000	-0.951192
3.678000	-0.956675
3.679000	-0.961839
3.680000	-0.966681
3.681000	-0.971199
3.682000	-0.975393
3.683000	-0.979261
3.684000	-0.982802
3.685000	-0.986013
3.686000	-0.988896
3.687000	-0.991448
3.688000	-0.993668
3.689000	-0.995556
3.690000	-0.997111
3.691000	-0.998333
3.692000	-0.999222
3.693000	-0.999776
3.694000	-0.999996
3.695000	-0.999882
3.696000	-0.999433
3.697000	-0.998650
3.698000	-0.997534
3.699000	-0.996084
3.700000	-0.994301
3.701000	-0.992185
3.702000	-0.989738
3.703000	-0.986960
3.704000	-0.983853
3.705000	-0.980416
3.706000	-0.976651
3.707000	-0.972560
3.708000	-0.968144
3.709000	-0.963404
3.710000	-0.958343
3.711000	-0.952960
3.712000	-0.947260
3.713000	-0.941242
3.714000	-0.934910
3.715000	-0.928265
3.716000	-0.921310
3.717000	-0.914047
3.718000	-0.906479
3.719000	-0.898607
3.720000	-0.890435
3.721000	-0.881966
3.722000	-0.873201
3.723000	-0.864145
3.724000	-0.854800
3.725000	-0.845169
3.726000	-0.835255
3.727000	-0.825062
3.728000	-0.814594
3.729000	-0.803853
3.730000	-0.792843
3.731000	-0.781568
3.732000	-0.770032
3.733000	-0.758239
3.734000	-0.746192
3.735000	-0.733896
3.736000	-0.721354
3.737000	-0.708571
3.738000	-0.695552
3.739000	-0.682300
3.740000	-0.668819
3.741000	-0.655115
3.742000	-0.641193
3.743000	-0.627055
3.744000	-0.612708
3.745000	-0.598157
3.746000	-0.583405
3.747000	-0.568458
3.748000	-0.553322
3.749000	-0.538000
3.750000	-0.522499
3.751000	-0.506822
3.752000	-0.490977
3.753000	-0.474967
3.754000	-0.458798
3.755000	-0.442477
3.756000	-0.426007
3.757000	-0.409394
3.758000	-0.392645
3.759000	-0.375765
3.760000	-0.358759
3.761000	-0.341633
3.762000	-0.324393
3.763000	-0.307044
3.764000	-0.289593
3.765000	-0.272045
3.766000	-0.254406
3.767000	-0.236682
3.768000	-0.218879
3.769000	-0.201003
3.770000	-0.183059
3.771000	-0.165054
3.772000	-0.146995
3.773000	-0.128886
3.774000	-0.110733
3.775000	-0.092544
3.776000	-0.074324
3.777000	-0.056079
3.778000	-0.037816
3.779000	-0.019539
3.780000	-0.001257
3.781000	0.017027
3.782000	0.035304
3.783000	0.053570
3.784000	0.071818
3.785000	0.090042
3.786000	0.108235
3.787000	0.126393
3.788000	0.144508
3.789000	0.162575
3.790000	0.180588
3.791000	0.198540
3.792000	0.216426
3.793000	0.234240
3.794000	0.251975
3.795000	0.269626
3.796000	0.287187
3.797000	0.304652
3.798000	0.322015
3.799000	0.339270
3.800000	0.356412
3.801000	0.373435
3.802000	0.390333
3.803000	0.407100
3.804000	0.423732
3.805000	0.440221
3.806000	0.456564
3.807000	0.472754
3.808000	0.488786
3.809000	0.504654
3.810000	0.520354
3.811000	0.535880
3.812000	0.551227
3.813000	0.566389
3.814000	0.581362
3.815000	0.596141
3.816000	0.610720
3.817000	0.625096
3.818000	0.639262
3.819000	0.653214
3.820000	0.666949
3.821000	0.680460
3.822000	0.693744
3.823000	0.706796
3.824000	0.719611
3.825000	0.732186
3.826000	0.744517
3.827000	0.756598
3.828000	0.768427
3.829000	0.779998
3.830000	0.791309
3.831000	0.802355
3.832000	0.813133
3.833000	0.823640
3.834000	0.833870
3.835000	0.843823
3.836000	0.853493
3.837000	0.862877
3.838000	0.871974
3.839000	0.880778
3.840000	0.889289
3.841000	0.897502
3.842000	0.905415
3.843000	0.913025
3.844000	0.920330
3.845000	0.927328
3.846000	0.934015
3.847000	0.940390
3.848000	0.946451
3.849000	0.952196
3.850000	0.957622
3.851000	0.962728
3.852000	0.967512
3.853000	0.971972
3.854000	0.976108
3.855000	0.979918
3.856000	0.983400
3.857000	0.986553
3.858000	0.989376
3.859000	0.991869
3.860000	0.994030
3.861000	0.995858
3.862000	0.997354
3.863000	0.998517
3.864000	0.999345
3.865000	0.999840
3.866000	1.000000
3.867000	0.999826
3.868000	0.999318
3.869000	0.998475
3.870000	0.997299
3.871000	0.995790
3.872000	0.993947
3.873000	0.991772
3.874000	0.989266
3.875000	0.986429
3.876000	0.983263
3.877000	0.979767
3.878000	0.975944
3.879000	0.971795
3.880000	0.967321
3.881000	0.962523
3.882000	0.957404
3.883000	0.951965
3.884000	0.946207
3.885000	0.940134
3.886000	0.933745
3.887000	0.927045
3.888000	0.920035
3.889000	0.912717
3.890000	0.905094
3.891000	0.897169
3.892000	0.888944
3.893000	0.880421
3.894000	0.871604
3.895000	0.862496
3.896000	0.853099
3.897000	0.843418
3.898000	0.833454
3.899000	0.823212
3.900000	0.812694
3.901000	0.801905
3.902000	0.790848
3.903000	0.779526
3.904000	0.767944
3.905000	0.756105
3.906000	0.744013
3.907000	0.731673
3.908000	0.719088
3.909000	0.706262
3.910000	0.693201
3.911000	0.679907
3.912000	0.666387
3.913000	0.652643
3.914000	0.638682
3.915000	0.624507
3.916000	0.610123
3.917000	0.595535
3.918000	0.580748
3.919000	0.565767
3.920000	0.550597
3.921000	0.535243
3.922000	0.519710
3.923000	0.504003
3.924000	0.488128
3.925000	0.472089
3.926000	0.455893
3.927000	0.439544
3.928000	0.423048
3.929000	0.406411
3.930000	0.389638
3.931000	0.372735
3.932000	0.355707
3.933000	0.338561
3.934000	0.321301
3.935000	0.303933
3.936000	0.286464
3.937000	0.268900
3.938000	0.251245
3.939000	0.233506
3.940000	0.215690
3.941000	0.197801
3.942000	0.179846
3.943000	0.161831
3.944000	0.143762
3.945000	0.125645
3.946000	0.107486
3.947000	0.089291
3.948000	0.071066
3.949000	0.052817
3.950000	0.034551
3.951000	0.016273
3.952000	-0.002011
3.953000	-0.020293
3.954000	-0.038569
3.955000	-0.056832
3.956000	-0.075076
3.957000	-0.093295
3.958000	-0.111483
3.959000	-0.129633
3.960000	-0.147740
3.961000	-0.165798
3.962000	-0.183800
3.963000	-0.201741
3.964000	-0.219615
3.965000	-0.237415
3.966000	-0.255135
3.967000	-0.272771
3.968000	-0.290315
3.969000	-0.307762
3.970000	-0.325106
3.971000	-0.342342
3.972000	-0.359463
3.973000	-0.376464
3.974000	-0.393339
3.975000	-0.410082
3.976000	-0.426689
3.977000	-0.443153
3.978000	-0.459468
3.979000	-0.475630
3.980000	-0.491633
3.981000	-0.507472
3.982000	-0.523141
3.983000	-0.538636
3.984000	-0.553950
3.985000	-0.569079
3.986000	-0.584017
3.987000	-0.598761
3.988000	-0.613304
3.989000	-0.627642
3.990000	-0.641771
3.991000	-0.655685
3.992000	-0.669380
3.993000	-0.682851
3.994000	-0.696093
3.995000	-0.709103
3.996000	-0.721876
3.997000	-0.734408
3.998000	-0.746694
3.999000	-0.758730
4.000000	-0.770513
4.001000	-0.782039
4.002000	-0.793302
4.003000	-0.804301
4.004000	-0.815031
4.005000	-0.825488
4.006000	-0.835669
4.007000	-0.845571
4.008000	-0.855191
4.009000	-0.864524
4.010000	-0.873568
4.011000	-0.882321
4.012000	-0.890778
4.013000	-0.898938
4.014000	-0.906797
4.015000	-0.914353
4.016000	-0.921603
4.017000	-0.928545
4.018000	-0.935177
4.019000	-0.941496
4.020000	-0.947501
4.021000	-0.953189
4.022000	-0.958558
4.023000	-0.963606
4.024000	-0.968333
4.025000	-0.972735
4.026000	-0.976813
4.027000	-0.980564
4.028000	-0.983987
4.029000	-0.987082
4.030000	-0.989846
4.031000	-0.992279
4.032000	-0.994381
4.033000	-0.996150
4.034000	-0.997586
4.035000	-0.998689
4.036000	-0.999458
4.037000	-0.999893
4.038000	-0.999993
4.039000	-0.999760
4.040000	-0.999192
4.041000	-0.998290
4.042000	-0.997054
4.043000	-0.995485
4.044000	-0.993583
4.045000	-0.991349
4.046000	-0.988784
4.047000	-0.985888
4.048000	-0.982662
4.049000	-0.979108
4.050000	-0.975227
4.051000	-0.971019
4.052000	-0.966487
4.053000	-0.961632
4.054000	-0.956456
4.055000	-0.950959
4.056000	-0.945145
4.057000	-0.939015
4.058000	-0.932571
4.059000	-0.925815
4.060000	-0.918750
4.061000	-0.911377
4.062000	-0.903700
4.063000	-0.895721
4.064000	-0.887442
4.065000	-0.878867
4.066000	-0.869998
4.067000	-0.860838
4.068000	-0.851390
4.069000	-0.841658
4.070000	-0.831644
4.071000	-0.821352
4.072000	-0.810786
4.073000	-0.799949
4.074000	-0.788844
4.075000	-0.777475
4.076000	-0.765847
4.077000	-0.753963
4.078000	-0.741826
4.079000	-0.729442
4.080000	-0.716813
4.081000	-0.703945
4.082000	-0.690842
4.083000	-0.677508
4.084000	-0.663947
4.085000	-0.650164
4.086000	-0.636164
4.087000	-0.621952
4.088000	-0.607531
4.089000	-0.592907
4.090000	-0.578086
4.091000	-0.563070
4.092000	-0.547867
4.093000	-0.532480
4.094000	-0.516916
4.095000	-0.501179
4.096000	-0.485274
4.097000	-0.469206
4.098000	-0.452983
4.099000	-0.436607
4.100000	-0.420086
4.101000	-0.403424
4.102000	-0.386627
4.103000	-0.369701
4.104000	-0.352652
4.105000	-0.335484
4.106000	-0.318205
4.107000	-0.300819
4.108000	-0.283333
4.109000	-0.265751
4.110000	-0.248081
4.111000	-0.230328
4.112000	-0.212498
4.113000	-0.194597
4.114000	-0.176631
4.115000	-0.158606
4.116000	-0.140528
4.117000	-0.122403
4.118000	-0.104237
4.119000	-0.086036
4.120000	-0.067806
4.121000	-0.049554
4.122000	-0.031285
4.123000	-0.013006
4.124000	0.005278
4.125000	0.023560
4.126000	0.041834
4.127000	0.060094
4.128000	0.078334
4.129000	0.096548
4.130000	0.114729
4.131000	0.132872
4.132000	0.150971
4.133000	0.169019
4.134000	0.187011
4.135000	0.204940
4.136000	0.222801
4.137000	0.240587
4.138000	0.258293
4.139000	0.275912
4.140000	0.293440
4.141000	0.310869
4.142000	0.328194
4.143000	0.345410
4.144000	0.362510
4.145000	0.379488
4.146000	0.396340
4.147000	0.413060
4.148000	0.429641
4.149000	0.446079
4.150000	0.462368
4.151000	0.478502
4.152000	0.494476
4.153000	0.510285
4.154000	0.525923
4.155000	0.541385
4.156000	0.556667
4.157000	0.571762
4.158000	0.586666
4.159000	0.601374
4.160000	0.615882
4.161000	0.630183
4.162000	0.644273
4.163000	0.658148
4.164000	0.671803
4.165000	0.685234
4.166000	0.698435
4.167000	0.711403
4.168000	0.724133
4.169000	0.736621
4.170000	0.748863
4.171000	0.760855
4.172000	0.772592
4.173000	0.784071
4.174000	0.795287
4.175000	0.806238
4.176000	0.816919
4.177000	0.827328
4.178000	0.837459
4.179000	0.847311
4.180000	0.856880
4.181000	0.866162
4.182000	0.875154
4.183000	0.883854
4.184000	0.892258
4.185000	0.900364
4.186000	0.908169
4.187000	0.915671
4.188000	0.922866
4.189000	0.929753
4.190000	0.936329
4.191000	0.942593
4.192000	0.948541
4.193000	0.954171
4.194000	0.959483
4.195000	0.964474
4.196000	0.969143
4.197000	0.973488
4.198000	0.977507
4.199000	0.981200
4.200000	0.984564
4.201000	0.987600
4.202000	0.990305
4.203000	0.992679
4.204000	0.994721
4.205000	0.996431
4.206000	0.997808
4.207000	0.998851
4.208000	0.999560
4.209000	0.999935
4.210000	0.999976
4.211000	0.999683
4.212000	0.999055
4.213000	0.998093
4.214000	0.996798
4.215000	0.995169
4.216000	0.993208
4.217000	0.990915
4.218000	0.988290
4.219000	0.985335
4.220000	0.982051
4.221000	0.978438
4.222000	0.974499
4.223000	0.970233
4.224000	0.965643
4.225000	0.960731
4.226000	0.955497
4.227000	0.949944
4.228000	0.944073
4.229000	0.937887
4.230000	0.931387
4.231000	0.924575
4.232000	0.917455
4.233000	0.910028
4.234000	0.902297
4.235000	0.894264
4.236000	0.885932
4.237000	0.877304
4.238000	0.868382
4.239000	0.859171
4.240000	0.849672
4.241000	0.839889
4.242000	0.829825
4.243000	0.819484
4.244000	0.808869
4.245000	0.797984
4.246000	0.786832
4.247000	0.775416
4.248000	0.763742
4.249000	0.751812
4.250000	0.739631
4.251000	0.727203
4.252000	0.714531
4.253000	0.701621
4.254000	0.688476
4.255000	0.675101
4.256000	0.661500
4.257000	0.647679
4.258000	0.633640
4.259000	0.619390
4.260000	0.604933
4.261000	0.590273
4.262000	0.575416
4.263000	0.560367
4.264000	0.545131
4.265000	0.529712
4.266000	0.514116
4.267000	0.498349
4.268000	0.482414
4.269000	0.466319
4.270000	0.450067
4.271000	0.433665
4.272000	0.417119
4.273000	0.400432
4.274000	0.383612
4.275000	0.366664
4.276000	0.349593
4.277000	0.332405
4.278000	0.315106
4.279000	0.297701
4.280000	0.280198
4.281000	0.262600
4.282000	0.244915
4.283000	0.227148
4.284000	0.209305
4.285000	0.191391
4.286000	0.173414
4.287000	0.155379
4.288000	0.137292
4.289000	0.119160
4.290000	0.100987
4.291000	0.082780
4.292000	0.064546
4.293000	0.046291
4.294000	0.028019
4.295000	0.009739
4.296000	-0.008545
4.297000	-0.026826
4.298000	-0.045098
4.299000	-0.063355
4.300000	-0.081591
4.301000	-0.099799
4.302000	-0.117974
4.303000	-0.136110
4.304000	-0.154200
4.305000	-0.172239
4.306000	-0.190220
4.307000	-0.208137
4.308000	-0.225985
4.309000	-0.243757
4.310000	-0.261448
4.311000	-0.279051
4.312000	-0.296562
4.313000	-0.313973
4.314000	-0.331279
4.315000	-0.348474
4.316000	-0.365553
4.317000	-0.382509
4.318000	-0.399338
4.319000	-0.416033
4.320000	-0.432589
4.321000	-0.449001
4.322000	-0.465262
4.323000	-0.481368
4.324000	-0.497313
4.325000	-0.513092
4.326000	-0.528699
4.327000	-0.544130
4.328000	-0.559378
4.329000	-0.574440
4.330000	-0.589309
4.331000	-0.603982
4.332000	-0.618452
4.333000	-0.632716
4.334000	-0.646768
4.335000	-0.660605
4.336000	-0.674220
4.337000	-0.687610
4.338000	-0.700770
4.339000	-0.713696
4.340000	-0.726383
4.341000	-0.738827
4.342000	-0.751024
4.343000	-0.762971
4.344000	-0.774662
4.345000	-0.786094
4.346000	-0.797264
4.347000	-0.808167
4.348000	-0.818800
4.349000	-0.829159
4.350000	-0.839240
4.351000	-0.849042
4.352000	-0.858559
4.353000	-0.867790
4.354000	-0.876730
4.355000	-0.885377
4.356000	-0.893729
4.357000	-0.901781
4.358000	-0.909532
4.359000	-0.916979
4.360000	-0.924120
4.361000	-0.930951
4.362000	-0.937472
4.363000	-0.943679
4.364000	-0.949570
4.365000	-0.955144
4.366000	-0.960399
4.367000	-0.965332
4.368000	-0.969943
4.369000	-0.974230
4.370000	-0.978191
4.371000	-0.981825
4.372000	-0.985131
4.373000	-0.988107
4.374000	-0.990754
4.375000	-0.993068
4.376000	-0.995051
4.377000	-0.996702
4.378000	-0.998019
4.379000	-0.999002
4.380000	-0.999652
4.381000	-0.999967
4.382000	-0.999948
4.383000	-0.999595
4.384000	-0.998908
4.385000	-0.997886
4.386000	-0.996531
4.387000	-0.994843
4.388000	-0.992823
4.389000	-0.990470
4.390000	-0.987786
4.391000	-0.984773
4.392000	-0.981430
4.393000	-0.977758
4.394000	-0.973760
4.395000	-0.969437
4.396000	-0.964789
4.397000	-0.959819
4.398000	-0.954528
4.399000	-0.948918
4.400000	-0.942991
4.401000	-0.936748
4.402000	-0.930192
4.403000	-0.923326
4.404000	-0.916150
4.405000	-0.908669
4.406000	-0.900883
4.407000	-0.892797
4.408000	-0.884412
4.409000	-0.875731
4.410000	-0.866758
4.411000	-0.857494
4.412000	-0.847944
4.413000	-0.838111
4.414000	-0.827998
4.415000	-0.817607
4.416000	-0.806944
4.417000	-0.796010
4.418000	-0.784811
4.419000	-0.773349
4.420000	-0.761629
4.421000	-0.749654
4.422000	-0.737428
4.423000	-0.724956
4.424000	-0.712242
4.425000	-0.699289
4.426000	-0.686103
4.427000	-0.672687
4.428000	-0.659047
4.429000	-0.645186
4.430000	-0.631109
4.431000	-0.616822
4.432000	-0.602328
4.433000	-0.587633
4.434000	-0.572741
4.435000	-0.557658
4.436000	-0.542389
4.437000	-0.526938
4.438000	-0.511311
4.439000	-0.495513
4.440000	-0.479550
4.441000	-0.463426
4.442000	-0.447147
4.443000	-0.430719
4.444000	-0.414147
4.445000	-0.397436
4.446000	-0.380593
4.447000	-0.363622
4.448000	-0.346530
4.449000	-0.329322
4.450000	-0.312003
4.451000	-0.294581
4.452000	-0.277060
4.453000	-0.259446
4.454000	-0.241746
4.455000	-0.223965
4.456000	-0.206109
4.457000	-0.188184
4.458000	-0.170196
4.459000	-0.152151
4.460000	-0.134055
4.461000	-0.115915
4.462000	-0.097736
4.463000	-0.079524
4.464000	-0.061285
4.465000	-0.043027
4.466000	-0.024753
4.467000	-0.006472
4.468000	0.011812
4.469000	0.030092
4.470000	0.048362
4.471000	0.066615
4.472000	0.084847
4.473000	0.103049
4.474000	0.121218
4.475000	0.139346
4.476000	0.157427
4.477000	0.175456
4.478000	0.193426
4.479000	0.211332
4.480000	0.229166
4.481000	0.246925
4.482000	0.264600
4.483000	0.282187
4.484000	0.299680
4.485000	0.317073
4.486000	0.334360
4.487000	0.351534
4.488000	0.368592
4.489000	0.385526
4.490000	0.402331
4.491000	0.419002
4.492000	0.435533
4.493000	0.451918
4.494000	0.468152
4.495000	0.484229
4.496000	0.500145
4.497000	0.515894
4.498000	0.531470
4.499000	0.546868
4.500000	0.562083
4.501000	0.577111
4.502000	0.591946
4.503000	0.606582
4.504000	0.621016
4.505000	0.635243
4.506000	0.649257
4.507000	0.663054
4.508000	0.676629
4.509000	0.689978
4.510000	0.703097
4.511000	0.715980
4.512000	0.728624
4.513000	0.741025
4.514000	0.753178
4.515000	0.765079
4.516000	0.776724
4.517000	0.788110
4.518000	0.799232
4.519000	0.810087
4.520000	0.820671
4.521000	0.830981
4.522000	0.841013
4.523000	0.850763
4.524000	0.860230
4.525000	0.869409
4.526000	0.878297
4.527000	0.886892
4.528000	0.895190
4.529000	0.903189
4.530000	0.910885
4.531000	0.918278
4.532000	0.925363
4.533000	0.932139
4.534000	0.938604
4.535000	0.944755
4.536000	0.950589
4.537000	0.956107
4.538000	0.961304
4.539000	0.966180
4.540000	0.970733
4.541000	0.974962
4.542000	0.978865
4.543000	0.982440
4.544000	0.985687
4.545000	0.988605
4.546000	0.991192
4.547000	0.993447
4.548000	0.995371
4.549000	0.996962
4.550000	0.998219
4.551000	0.999143
4.552000	0.999733
4.553000	0.999988
4.554000	0.999910
4.555000	0.999497
4.556000	0.998750
4.557000	0.997669
4.558000	0.996254
4.559000	0.994507
4.560000	0.992427
4.561000	0.990015
4.562000	0.987272
4.563000	0.984199
4.564000	0.980798
4.565000	0.977068
4.566000	0.973012
4.567000	0.968630
4.568000	0.963925
4.569000	0.958897
4.570000	0.953549
4.571000	0.947882
4.572000	0.941898
4.573000	0.935599
4.574000	0.928988
4.575000	0.922066
4.576000	0.914836
4.577000	0.907300
4.578000	0.899460
4.579000	0.891320
4.580000	0.882882
4.581000	0.874149
4.582000	0.865123
4.583000	0.855809
4.584000	0.846208
4.585000	0.836324
4.586000	0.826161
4.587000	0.815722
4.588000	0.805010
4.589000	0.794029
4.590000	0.782782
4.591000	0.771274
4.592000	0.759508
4.593000	0.747487
4.594000	0.735218
4.595000	0.722702
4.596000	0.709945
4.597000	0.696950
4.598000	0.683722
4.599000	0.670266
4.600000	0.656586
4.601000	0.642686
4.602000	0.628571
4.603000	0.614247
4.604000	0.599717
4.605000	0.584986
4.606000	0.570060
4.607000	0.554943
4.608000	0.539641
4.609000	0.524158
4.610000	0.508500
4.611000	0.492673
4.612000	0.476680
4.613000	0.460528
4.614000	0.444222
4.615000	0.427768
4.616000	0.411171
4.617000	0.394436
4.618000	0.377569
4.619000	0.360576
4.620000	0.343463
4.621000	0.326235
4.622000	0.308897
4.623000	0.291457
4.624000	0.273919
4.625000	0.256289
4.626000	0.238574
4.627000	0.220779
4.628000	0.202910
4.629000	0.184974
4.630000	0.166975
4.631000	0.148921
4.632000	0.130817
4.633000	0.112669
4.634000	0.094484
4.635000	0.076267
4.636000	0.058024
4.637000	0.039762
4.638000	0.021487
4.639000	0.003204
4.640000	-0.015079
4.641000	-0.033358
4.642000	-0.051625
4.643000	-0.069875
4.644000	-0.088102
4.645000	-0.106299
4.646000	-0.124460
4.647000	-0.142581
4.648000	-0.160653
4.649000	-0.178672
4.650000	-0.196631
4.651000	-0.214524
4.652000	-0.232345
4.653000	-0.250089
4.654000	-0.267750
4.655000	-0.285320
4.656000	-0.302796
4.657000	-0.320170
4.658000	-0.337437
4.659000	-0.354591
4.660000	-0.371627
4.661000	-0.388539
4.662000	-0.405320
4.663000	-0.421966
4.664000	-0.438472
4.665000	-0.454830
4.666000	-0.471037
4.667000	-0.487086
4.668000	-0.502972
4.669000	-0.518690
4.670000	-0.534234
4.671000	-0.549600
4.672000	-0.564783
4.673000	-0.579776
4.674000	-0.594576
4.675000	-0.609177
4.676000	-0.623574
4.677000	-0.637763
4.678000	-0.651738
4.679000	-0.665496
4.680000	-0.679031
4.681000	-0.692340
4.682000	-0.705416
4.683000	-0.718257
4.684000	-0.730858
4.685000	-0.743215
4.686000	-0.755323
4.687000	-0.767179
4.688000	-0.778778
4.689000	-0.790117
4.690000	-0.801191
4.691000	-0.811998
4.692000	-0.822533
4.693000	-0.832794
4.694000	-0.842776
4.695000	-0.852476
4.696000	-0.861891
4.697000	-0.871018
4.698000	-0.879854
4.699000	-0.888396
4.700000	-0.896641
4.701000	-0.904586
4.702000	-0.912229
4.703000	-0.919567
4.704000	-0.926597
4.705000	-0.933317
4.706000	-0.939726
4.707000	-0.945820
4.708000	-0.951599
4.709000	-0.957059
4.710000	-0.962199
4.711000	-0.967017
4.712000	-0.971513
4.713000	-0.975683
4.714000	-0.979527
4.715000	-0.983044
4.716000	-0.986233
4.717000	-0.989091
4.718000	-0.991619
4.719000	-0.993815
4.720000	-0.995679
4.721000	-0.997211
4.722000	-0.998409
4.723000	-0.999273
4.724000	-0.999803
4.725000	-0.999999
4.726000	-0.999860
4.727000	-0.999388
4.728000	-0.998581
4.729000	-0.997440
4.730000	-0.995966
4.731000	-0.994159
4.732000	-0.992020
4.733000	-0.989549
4.734000	-0.986747
4.735000	-0.983616
4.736000	-0.980155
4.737000	-0.976367
4.738000	-0.972252
4.739000	-0.967813
4.740000	-0.963050
4.741000	-0.957965
4.742000	-0.952560
4.743000	-0.946836
4.744000	-0.940796
4.745000	-0.934441
4.746000	-0.927774
4.747000	-0.920796
4.748000	-0.913511
4.749000	-0.905921
4.750000	-0.898028
4.751000	-0.889834
4.752000	-0.881343
4.753000	-0.872557
4.754000	-0.863480
4.755000	-0.854114
4.756000	-0.844463
4.757000	-0.834529
4.758000	-0.824316
4.759000	-0.813828
4.760000	-0.803067
4.761000	-0.792038
4.762000	-0.780745
4.763000	-0.769190
4.764000	-0.757378
4.765000	-0.745313
4.766000	-0.732999
4.767000	-0.720440
4.768000	-0.707640
4.769000	-0.694603
4.770000	-0.681334
4.771000	-0.667838
4.772000	-0.654118
4.773000	-0.640179
4.774000	-0.626027
4.775000	-0.611665
4.776000	-0.597099
4.777000	-0.582333
4.778000	-0.567372
4.779000	-0.552222
4.780000	-0.536887
4.781000	-0.521373
4.782000	-0.505684
4.783000	-0.489827
4.784000	-0.473805
4.785000	-0.457626
4.786000	-0.441293
4.787000	-0.424813
4.788000	-0.408190
4.789000	-0.391431
4.790000	-0.374542
4.791000	-0.357527
4.792000	-0.340393
4.793000	-0.323145
4.794000	-0.305788
4.795000	-0.288330
4.796000	-0.270775
4.797000	-0.253130
4.798000	-0.235400
4.799000	-0.217591
4.800000	-0.199710
4.801000	-0.181762
4.802000	-0.163753
4.803000	-0.145689
4.804000	-0.127577
4.805000	-0.109422
4.806000	-0.091230
4.807000	-0.073008
4.808000	-0.054762
4.809000	-0.036497
4.810000	-0.018220
4.811000	0.000063
4.812000	0.018346
4.813000	0.036623
4.814000	0.054887
4.815000	0.073134
4.816000	0.091356
4.817000	0.109547
4.818000	0.127702
4.819000	0.145814
4.820000	0.163877
4.821000	0.181885
4.822000	0.199833
4.823000	0.217714
4.824000	0.235522
4.825000	0.253251
4.826000	0.270896
4.827000	0.288450
4.828000	0.305908
4.829000	0.323263
4.830000	0.340511
4.831000	0.357644
4.832000	0.374658
4.833000	0.391547
4.834000	0.408305
4.835000	0.424926
4.836000	0.441406
4.837000	0.457737
4.838000	0.473916
4.839000	0.489936
4.840000	0.505793
4.841000	0.521480
4.842000	0.536993
4.843000	0.552327
4.844000	0.567476
4.845000	0.582435
4.846000	0.597200
4.847000	0.611765
4.848000	0.626125
4.849000	0.640276
4.850000	0.654213
4.851000	0.667931
4.852000	0.681426
4.853000	0.694694
4.854000	0.707729
4.855000	0.720527
4.856000	0.733084
4.857000	0.745397
4.858000	0.757460
4.859000	0.769270
4.860000	0.780823
4.861000	0.792115
4.862000	0.803142
4.863000	0.813901
4.864000	0.824387
4.865000	0.834598
4.866000	0.844530
4.867000	0.854179
4.868000	0.863543
4.869000	0.872619
4.870000	0.881402
4.871000	0.889891
4.872000	0.898083
4.873000	0.905974
4.874000	0.913562
4.875000	0.920845
4.876000	0.927821
4.877000	0.934486
4.878000	0.940838
4.879000	0.946876
4.880000	0.952598
4.881000	0.958001
4.882000	0.963084
4.883000	0.967845
4.884000	0.972282
4.885000	0.976394
4.886000	0.980180
4.887000	0.983638
4.888000	0.986768
4.889000	0.989567
4.890000	0.992036
4.891000	0.994173
4.892000	0.995978
4.893000	0.997449
4.894000	0.998588
4.895000	0.999392
4.896000	0.999862
4.897000	0.999999
4.898000	0.999800
4.899000	0.999268
4.900000	0.998402
4.901000	0.997201
4.902000	0.995668
4.903000	0.993801
4.904000	0.991603
4.905000	0.989073
4.906000	0.986212
4.907000	0.983021
4.908000	0.979502
4.909000	0.975656
4.910000	0.971483
4.911000	0.966985
4.912000	0.962165
4.913000	0.957022
4.914000	0.951560
4.915000	0.945780
4.916000	0.939683
4.917000	0.933272
4.918000	0.926550
4.919000	0.919517
4.920000	0.912177
4.921000	0.904533
4.922000	0.896585
4.923000	0.888338
4.924000	0.879795
4.925000	0.870957
4.926000	0.861828
4.927000	0.852410
4.928000	0.842708
4.929000	0.832724
4.930000	0.822462
4.931000	0.811925
4.932000	0.801116
4.933000	0.790039
4.934000	0.778699
4.935000	0.767098
4.936000	0.755241
4.937000	0.743131
4.938000	0.730773
4.939000	0.718170
4.940000	0.705327
4.941000	0.692249
4.942000	0.678939
4.943000	0.665402
4.944000	0.651643
4.945000	0.637666
4.946000	0.623476
4.947000	0.609077
4.948000	0.594475
4.949000	0.579674
4.950000	0.564679
4.951000	0.549495
4.952000	0.534128
4.953000	0.518582
4.954000	0.502863
4.955000	0.486976
4.956000	0.470926
4.957000	0.454718
4.958000	0.438359
4.959000	0.421853
4.960000	0.405205
4.961000	0.388423
4.962000	0.371510
4.963000	0.354474
4.964000	0.337319
4.965000	0.320051
4.966000	0.302676
4.967000	0.285200
4.968000	0.267629
4.969000	0.249968
4.970000	0.232223
4.971000	0.214401
4.972000	0.196507
4.973000	0.178548
4.974000	0.160529
4.975000	0.142456
4.976000	0.124336
4.977000	0.106174
4.978000	0.087976
4.979000	0.069750
4.980000	0.051499
4.981000	0.033232
4.982000	0.014953
4.983000	-0.003330
4.984000	-0.021612
4.985000	-0.039888
4.986000	-0.058149
4.987000	-0.076392
4.988000	-0.094609
4.989000	-0.112794
4.990000	-0.130941
4.991000	-0.149045
4.992000	-0.167099
4.993000	-0.185097
4.994000	-0.203033
4.995000	-0.220902
4.996000	-0.238696
4.997000	-0.256411
4.998000	-0.274040
4.999000	-0.291577
5.000000	-0.309017
5.001000	-0.326354
5.002000	-0.343581
5.003000	-0.360694
5.004000	-0.377686
5.005000	-0.394551
5.006000	-0.411285
5.007000	-0.427882
5.008000	-0.444335
5.009000	-0.460640
5.010000	-0.476791
5.011000	-0.492782
5.012000	-0.508609
5.013000	-0.524265
5.014000	-0.539747
5.015000	-0.555048
5.016000	-0.570163
5.017000	-0.585088
5.018000	-0.599817
5.019000	-0.614346
5.020000	-0.628669
5.021000	-0.642782
5.022000	-0.656681
5.023000	-0.670359
5.024000	-0.683814
5.025000	-0.697040
5.026000	-0.710033
5.027000	-0.722789
5.028000	-0.735303
5.029000	-0.747571
5.030000	-0.759589
5.031000	-0.771354
5.032000	-0.782860
5.033000	-0.794105
5.034000	-0.805084
5.035000	-0.815795
5.036000	-0.826232
5.037000	-0.836393
5.038000	-0.846275
5.039000	-0.855874
5.040000	-0.865186
5.041000	-0.874210
5.042000	-0.882941
5.043000	-0.891377
5.044000	-0.899515
5.045000	-0.907352
5.046000	-0.914886
5.047000	-0.922115
5.048000	-0.929034
5.049000	-0.935644
5.050000	-0.941940
5.051000	-0.947922
5.052000	-0.953587
5.053000	-0.958933
5.054000	-0.963958
5.055000	-0.968661
5.056000	-0.973041
5.057000	-0.977095
5.058000	-0.980822
5.059000	-0.984222
5.060000	-0.987292
5.061000	-0.990033
5.062000	-0.992442
5.063000	-0.994520
5.064000	-0.996265
5.065000	-0.997677
5.066000	-0.998756
5.067000	-0.999501
5.068000	-0.999911
5.069000	-0.999988
5.070000	-0.999730
5.071000	-0.999138
5.072000	-0.998212
5.073000	-0.996952
5.074000	-0.995359
5.075000	-0.993433
5.076000	-0.991175
5.077000	-0.988586
5.078000	-0.985666
5.079000	-0.982417
5.080000	-0.978839
5.081000	-0.974934
5.082000	-0.970703
5.083000	-0.966148
5.084000	-0.961269
5.085000	-0.956070
5.086000	-0.950550
5.087000	-0.944713
5.088000	-0.938561
5.089000	-0.932094
5.090000	-0.925316
5.091000	-0.918228
5.092000	-0.910834
5.093000	-0.903135
5.094000	-0.895134
5.095000	-0.886833
5.096000	-0.878237
5.097000	-0.869347
5.098000	-0.860166
5.099000	-0.850697
5.100000	-0.840945
5.101000	-0.830911
5.102000	-0.820599
5.103000	-0.810013
5.104000	-0.799156
5.105000	-0.788032
5.106000	-0.776645
5.107000	-0.764998
5.108000	-0.753095
5.109000	-0.740941
5.110000	-0.728538
5.111000	-0.715893
5.112000	-0.703008
5.113000	-0.689887
5.114000	-0.676537
5.115000	-0.662960
5.116000	-0.649161
5.117000	-0.635146
5.118000	-0.620918
5.119000	-0.606483
5.120000	-0.591844
5.121000	-0.577008
5.122000	-0.561979
5.123000	-0.546763
5.124000	-0.531363
5.125000	-0.515786
5.126000	-0.500036
5.127000	-0.484119
5.128000	-0.468041
5.129000	-0.451806
5.130000	-0.435420
5.131000	-0.418888
5.132000	-0.402216
5.133000	-0.385410
5.134000	-0.368475
5.135000	-0.351417
5.136000	-0.334241
5.137000	-0.316954
5.138000	-0.299560
5.139000	-0.282067
5.140000	-0.264479
5.141000	-0.246803
5.142000	-0.229044
5.143000	-0.211209
5.144000	-0.193303
5.145000	-0.175332
5.146000	-0.157303
5.147000	-0.139221
5.148000	-0.121093
5.149000	-0.102924
5.150000	-0.084721
5.151000	-0.066490
5.152000	-0.048236
5.153000	-0.029966
5.154000	-0.011686
5.155000	0.006597
5.156000	0.024879
5.157000	0.043152
5.158000	0.061411
5.159000	0.079649
5.160000	0.097861
5.161000	0.116040
5.162000	0.134180
5.163000	0.152275
5.164000	0.170320
5.165000	0.188307
5.166000	0.206232
5.167000	0.224087
5.168000	0.241868
5.169000	0.259567
5.170000	0.277181
5.171000	0.294701
5.172000	0.312123
5.173000	0.329440
5.174000	0.346648
5.175000	0.363739
5.176000	0.380709
5.177000	0.397552
5.178000	0.414261
5.179000	0.430832
5.180000	0.447260
5.181000	0.463537
5.182000	0.479660
5.183000	0.495622
5.184000	0.511419
5.185000	0.527045
5.186000	0.542494
5.187000	0.557762
5.188000	0.572844
5.189000	0.587734
5.190000	0.602428
5.191000	0.616920
5.192000	0.631207
5.193000	0.645282
5.194000	0.659141
5.195000	0.672780
5.196000	0.686194
5.197000	0.699379
5.198000	0.712330
5.199000	0.725043
5.200000	0.737513
5.201000	0.749737
5.202000	0.761710
5.203000	0.773429
5.204000	0.784889
5.205000	0.796087
5.206000	0.807018
5.207000	0.817680
5.208000	0.828068
5.209000	0.838180
5.210000	0.848011
5.211000	0.857559
5.212000	0.866820
5.213000	0.875792
5.214000	0.884470
5.215000	0.892853
5.216000	0.900938
5.217000	0.908721
5.218000	0.916201
5.219000	0.923374
5.220000	0.930238
5.221000	0.936792
5.222000	0.943032
5.223000	0.948958
5.224000	0.954565
5.225000	0.959854
5.226000	0.964822
5.227000	0.969468
5.228000	0.973789
5.229000	0.977785
5.230000	0.981454
5.231000	0.984794
5.232000	0.987806
5.233000	0.990487
5.234000	0.992838
5.235000	0.994856
5.236000	0.996542
5.237000	0.997894
5.238000	0.998913
5.239000	0.999599
5.240000	0.999949
5.241000	0.999966
5.242000	0.999648
5.243000	0.998997
5.244000	0.998011
5.245000	0.996692
5.246000	0.995039
5.247000	0.993054
5.248000	0.990736
5.249000	0.988088
5.250000	0.985109
5.251000	0.981801
5.252000	0.978165
5.253000	0.974202
5.254000	0.969913
5.255000	0.965300
5.256000	0.960364
5.257000	0.955107
5.258000	0.949531
5.259000	0.943637
5.260000	0.937428
5.261000	0.930905
5.262000	0.924072
5.263000	0.916929
5.264000	0.909480
5.265000	0.901727
5.266000	0.893672
5.267000	0.885319
5.268000	0.876670
5.269000	0.867727
5.270000	0.858495
5.271000	0.848975
5.272000	0.839172
5.273000	0.829088
5.274000	0.818727
5.275000	0.808093
5.276000	0.797188
5.277000	0.786017
5.278000	0.774583
5.279000	0.762890
5.280000	0.750942
5.281000	0.738742
5.282000	0.726296
5.283000	0.713608
5.284000	0.700680
5.285000	0.687519
5.286000	0.674127
5.287000	0.660510
5.288000	0.646673
5.289000	0.632619
5.290000	0.618354
5.291000	0.603882
5.292000	0.589208
5.293000	0.574337
5.294000	0.559274
5.295000	0.544024
5.296000	0.528592
5.297000	0.512984
5.298000	0.497204
5.299000	0.481258
5.300000	0.465151
5.301000	0.448889
5.302000	0.432476
5.303000	0.415919
5.304000	0.399223
5.305000	0.382393
5.306000	0.365436
5.307000	0.348356
5.308000	0.331160
5.309000	0.313853
5.310000	0.296442
5.311000	0.278931
5.312000	0.261327
5.313000	0.243635
5.314000	0.225862
5.315000	0.208014
5.316000	0.190096
5.317000	0.172115
5.318000	0.154076
5.319000	0.135985
5.320000	0.117849
5.321000	0.099674
5.322000	0.081465
5.323000	0.063229
5.324000	0.044972
5.325000	0.026700
5.326000	0.008419
5.327000	-0.009864
5.328000	-0.028145
5.329000	-0.046416
5.330000	-0.064672
5.331000	-0.082906
5.332000	-0.101112
5.333000	-0.119284
5.334000	-0.137417
5.335000	-0.155504
5.336000	-0.173538
5.337000	-0.191515
5.338000	-0.209427
5.339000	-0.227270
5.340000	-0.245037
5.341000	-0.262721
5.342000	-0.280318
5.343000	-0.297821
5.344000	-0.315225
5.345000	-0.332523
5.346000	-0.349710
5.347000	-0.366781
5.348000	-0.383728
5.349000	-0.400547
5.350000	-0.417233
5.351000	-0.433779
5.352000	-0.450179
5.353000	-0.466430
5.354000	-0.482524
5.355000	-0.498457
5.356000	-0.514224
5.357000	-0.529819
5.358000	-0.545236
5.359000	-0.560471
5.360000	-0.575519
5.361000	-0.590375
5.362000	-0.605033
5.363000	-0.619489
5.364000	-0.633737
5.365000	-0.647774
5.366000	-0.661595
5.367000	-0.675194
5.368000	-0.688567
5.369000	-0.701711
5.370000	-0.714619
5.371000	-0.727289
5.372000	-0.739716
5.373000	-0.751895
5.374000	-0.763823
5.375000	-0.775496
5.376000	-0.786909
5.377000	-0.798060
5.378000	-0.808943
5.379000	-0.819556
5.380000	-0.829895
5.381000	-0.839957
5.382000	-0.849738
5.383000	-0.859235
5.384000	-0.868445
5.385000	-0.877364
5.386000	-0.885990
5.387000	-0.894320
5.388000	-0.902351
5.389000	-0.910080
5.390000	-0.917505
5.391000	-0.924623
5.392000	-0.931432
5.393000	-0.937930
5.394000	-0.944114
5.395000	-0.949983
5.396000	-0.955534
5.397000	-0.960766
5.398000	-0.965676
5.399000	-0.970264
5.400000	-0.974527
5.401000	-0.978464
5.402000	-0.982075
5.403000	-0.985357
5.404000	-0.988309
5.405000	-0.990932
5.406000	-0.993223
5.407000	-0.995182
5.408000	-0.996808
5.409000	-0.998101
5.410000	-0.999060
5.411000	-0.999686
5.412000	-0.999977
5.413000	-0.999934
5.414000	-0.999557
5.415000	-0.998845
5.416000	-0.997800
5.417000	-0.996421
5.418000	-0.994709
5.419000	-0.992664
5.420000	-0.990287
5.421000	-0.987580
5.422000	-0.984542
5.423000	-0.981176
5.424000	-0.977481
5.425000	-0.973459
5.426000	-0.969112
5.427000	-0.964441
5.428000	-0.959448
5.429000	-0.954134
5.430000	-0.948501
5.431000	-0.942551
5.432000	-0.936285
5.433000	-0.929707
5.434000	-0.922818
5.435000	-0.915620
5.436000	-0.908117
5.437000	-0.900310
5.438000	-0.892201
5.439000	-0.883795
5.440000	-0.875093
5.441000	-0.866099
5.442000	-0.856815
5.443000	-0.847244
5.444000	-0.837391
5.445000	-0.827257
5.446000	-0.816847
5.447000	-0.806164
5.448000	-0.795211
5.449000	-0.783993
5.450000	-0.772512
5.451000	-0.760773
5.452000	-0.748780
5.453000	-0.736536
5.454000	-0.724047
5.455000	-0.711315
5.456000	-0.698345
5.457000	-0.685142
5.458000	-0.671710
5.459000	-0.658054
5.460000	-0.644177
5.461000	-0.630085
5.462000	-0.615782
5.463000	-0.601274
5.464000	-0.586565
5.465000	-0.571659
5.466000	-0.556562
5.467000	-0.541280
5.468000	-0.525816
5.469000	-0.510177
5.470000	-0.494367
5.471000	-0.478391
5.472000	-0.462256
5.473000	-0.445967
5.474000	-0.429528
5.475000	-0.412945
5.476000	-0.396225
5.477000	-0.379372
5.478000	-0.362392
5.479000	-0.345292
5.480000	-0.328075
5.481000	-0.310749
5.482000	-0.293320
5.483000	-0.275792
5.484000	-0.258172
5.485000	-0.240465
5.486000	-0.222678
5.487000	-0.204817
5.488000	-0.186888
5.489000	-0.168895
5.490000	-0.150847
5.491000	-0.132748
5.492000	-0.114604
5.493000	-0.096423
5.494000	-0.078209
5.495000	-0.059968
5.496000	-0.041708
5.497000	-0.023434
5.498000	-0.005152
5.499000	0.013131
5.500000	0.031411
5.501000	0.049680
5.502000	0.067932
5.503000	0.086161
5.504000	0.104362
5.505000	0.122528
5.506000	0.140652
5.507000	0.158730
5.508000	0.176755
5.509000	0.194721
5.510000	0.212621
5.511000	0.230451
5.512000	0.248203
5.513000	0.265872
5.514000	0.283453
5.515000	0.300939
5.516000	0.318324
5.517000	0.335603
5.518000	0.352769
5.519000	0.369818
5.520000	0.386743
5.521000	0.403539
5.522000	0.420200
5.523000	0.436720
5.524000	0.453095
5.525000	0.469317
5.526000	0.485383
5.527000	0.501287
5.528000	0.517023
5.529000	0.532587
5.530000	0.547972
5.531000	0.563174
5.532000	0.578188
5.533000	0.593009
5.534000	0.607631
5.535000	0.622050
5.536000	0.636261
5.537000	0.650260
5.538000	0.664041
5.539000	0.677600
5.540000	0.690933
5.541000	0.704035
5.542000	0.716901
5.543000	0.729528
5.544000	0.741910
5.545000	0.754045
5.546000	0.765928
5.547000	0.777554
5.548000	0.788921
5.549000	0.800024
5.550000	0.810860
5.551000	0.821424
5.552000	0.831714
5.553000	0.841726
5.554000	0.851456
5.555000	0.860902
5.556000	0.870060
5.557000	0.878927
5.558000	0.887500
5.559000	0.895777
5.560000	0.903754
5.561000	0.911429
5.562000	0.918799
5.563000	0.925863
5.564000	0.932616
5.565000	0.939058
5.566000	0.945186
5.567000	0.950998
5.568000	0.956492
5.569000	0.961667
5.570000	0.966520
5.571000	0.971049
5.572000	0.975254
5.573000	0.979134
5.574000	0.982685
5.575000	0.985909
5.576000	0.988802
5.577000	0.991365
5.578000	0.993597
5.579000	0.995497
5.580000	0.997063
5.581000	0.998297
5.582000	0.999197
5.583000	0.999762
5.584000	0.999994
5.585000	0.999891
5.586000	0.999454
5.587000	0.998683
5.588000	0.997578
5.589000	0.996139
5.590000	0.994368
5.591000	0.992264
5.592000	0.989828
5.593000	0.987061
5.594000	0.983965
5.595000	0.980539
5.596000	0.976786
5.597000	0.972706
5.598000	0.968301
5.599000	0.963573
5.600000	0.958522
5.601000	0.953151
5.602000	0.947461
5.603000	0.941454
5.604000	0.935133
5.605000	0.928499
5.606000	0.921554
5.607000	0.914302
5.608000	0.906744
5.609000	0.898883
5.610000	0.890721
5.611000	0.882262
5.612000	0.873507
5.613000	0.864461
5.614000	0.855125
5.615000	0.845504
5.616000	0.835600
5.617000	0.825417
5.618000	0.814958
5.619000	0.804226
5.620000	0.793226
5.621000	0.781960
5.622000	0.770433
5.623000	0.758649
5.624000	0.746610
5.625000	0.734323
5.626000	0.721789
5.627000	0.709015
5.628000	0.696003
5.629000	0.682759
5.630000	0.669286
5.631000	0.655590
5.632000	0.641675
5.633000	0.627545
5.634000	0.613205
5.635000	0.598660
5.636000	0.583915
5.637000	0.568975
5.638000	0.553845
5.639000	0.538530
5.640000	0.523034
5.641000	0.507364
5.642000	0.491524
5.643000	0.475520
5.644000	0.459357
5.645000	0.443040
5.646000	0.426575
5.647000	0.409968
5.648000	0.393223
5.649000	0.376347
5.650000	0.359345
5.651000	0.342224
5.652000	0.324987
5.653000	0.307642
5.654000	0.290194
5.655000	0.272650
5.656000	0.255014
5.657000	0.237293
5.658000	0.219492
5.659000	0.201618
5.660000	0.183677
5.661000	0.165674
5.662000	0.147616
5.663000	0.129509
5.664000	0.111358
5.665000	0.093170
5.666000	0.074951
5.667000	0.056707
5.668000	0.038444
5.669000	0.020168
5.670000	0.001885
5.671000	-0.016398
5.672000	-0.034676
5.673000	-0.052942
5.674000	-0.071191
5.675000	-0.089416
5.676000	-0.107611
5.677000	-0.125770
5.678000	-0.143886
5.679000	-0.161955
5.680000	-0.179970
5.681000	-0.197924
5.682000	-0.215813
5.683000	-0.233629
5.684000	-0.251367
5.685000	-0.269021
5.686000	-0.286585
5.687000	-0.304053
5.688000	-0.321420
5.689000	-0.338679
5.690000	-0.355825
5.691000	-0.372852
5.692000	-0.389754
5.693000	-0.406526
5.694000	-0.423162
5.695000	-0.439657
5.696000	-0.456005
5.697000	-0.472200
5.698000	-0.488237
5.699000	-0.504112
5.700000	-0.519817
5.701000	-0.535349
5.702000	-0.550702
5.703000	-0.565871
5.704000	-0.580851
5.705000	-0.595636
5.706000	-0.610223
5.707000	-0.624605
5.708000	-0.638779
5.709000	-0.652739
5.710000	-0.666480
5.711000	-0.679999
5.712000	-0.693291
5.713000	-0.706351
5.714000	-0.719175
5.715000	-0.731758
5.716000	-0.744097
5.717000	-0.756187
5.718000	-0.768024
5.719000	-0.779605
5.720000	-0.790925
5.721000	-0.801980
5.722000	-0.812767
5.723000	-0.823283
5.724000	-0.833523
5.725000	-0.843485
5.726000	-0.853165
5.727000	-0.862560
5.728000	-0.871666
5.729000	-0.880481
5.730000	-0.889001
5.731000	-0.897224
5.732000	-0.905148
5.733000	-0.912769
5.734000	-0.920084
5.735000	-0.927092
5.736000	-0.933790
5.737000	-0.940176
5.738000	-0.946248
5.739000	-0.952003
5.740000	-0.957440
5.741000	-0.962557
5.742000	-0.967353
5.743000	-0.971825
5.744000	-0.975972
5.745000	-0.979792
5.746000	-0.983285
5.747000	-0.986450
5.748000	-0.989285
5.749000	-0.991789
5.750000	-0.993961
5.751000	-0.995801
5.752000	-0.997308
5.753000	-0.998482
5.754000	-0.999322
5.755000	-0.999828
5.756000	-1.000000
5.757000	-0.999837
5.758000	-0.999341
5.759000	-0.998510
5.760000	-0.997345
5.761000	-0.995847
5.762000	-0.994016
5.763000	-0.991853
5.764000	-0.989358
5.765000	-0.986532
5.766000	-0.983377
5.767000	-0.979893
5.768000	-0.976081
5.769000	-0.971943
5.770000	-0.967480
5.771000	-0.962694
5.772000	-0.957585
5.773000	-0.952157
5.774000	-0.946411
5.775000	-0.940348
5.776000	-0.933970
5.777000	-0.927281
5.778000	-0.920281
5.779000	-0.912974
5.780000	-0.905361
5.781000	-0.897446
5.782000	-0.889231
5.783000	-0.880719
5.784000	-0.871912
5.785000	-0.862814
5.786000	-0.853427
5.787000	-0.843755
5.788000	-0.833801
5.789000	-0.823568
5.790000	-0.813060
5.791000	-0.802280
5.792000	-0.791232
5.793000	-0.779919
5.794000	-0.768346
5.795000	-0.756516
5.796000	-0.744433
5.797000	-0.732101
5.798000	-0.719524
5.799000	-0.706707
5.800000	-0.693653
5.801000	-0.680368
5.802000	-0.666855
5.803000	-0.653119
5.804000	-0.639165
5.805000	-0.624997
5.806000	-0.610621
5.807000	-0.596040
5.808000	-0.581260
5.809000	-0.566285
5.810000	-0.551122
5.811000	-0.535774
5.812000	-0.520247
5.813000	-0.504546
5.814000	-0.488676
5.815000	-0.472643
5.816000	-0.456452
5.817000	-0.440108
5.818000	-0.423618
5.819000	-0.406985
5.820000	-0.390217
5.821000	-0.373318
5.822000	-0.356294
5.823000	-0.339152
5.824000	-0.321896
5.825000	-0.304532
5.826000	-0.287066
5.827000	-0.269505
5.828000	-0.251853
5.829000	-0.234117
5.830000	-0.216303
5.831000	-0.198417
5.832000	-0.180464
5.833000	-0.162451
5.834000	-0.144384
5.835000	-0.126268
5.836000	-0.108110
5.837000	-0.089916
5.838000	-0.071692
5.839000	-0.053444
5.840000	-0.035179
5.841000	-0.016901
5.842000	0.001382
5.843000	0.019665
5.844000	0.037941
5.845000	0.056205
5.846000	0.074450
5.847000	0.092669
5.848000	0.110858
5.849000	0.129010
5.850000	0.147119
5.851000	0.165178
5.852000	0.183183
5.853000	0.201126
5.854000	0.219002
5.855000	0.236804
5.856000	0.254528
5.857000	0.272166
5.858000	0.289713
5.859000	0.307164
5.860000	0.324512
5.861000	0.341751
5.862000	0.358876
5.863000	0.375881
5.864000	0.392761
5.865000	0.409509
5.866000	0.426120
5.867000	0.442589
5.868000	0.458910
5.869000	0.475078
5.870000	0.491086
5.871000	0.506931
5.872000	0.522606
5.873000	0.538106
5.874000	0.553426
5.875000	0.568562
5.876000	0.583507
5.877000	0.598257
5.878000	0.612808
5.879000	0.627153
5.880000	0.641289
5.881000	0.655210
5.882000	0.668913
5.883000	0.682391
5.884000	0.695642
5.885000	0.708660
5.886000	0.721441
5.887000	0.733981
5.888000	0.746276
5.889000	0.758321
5.890000	0.770113
5.891000	0.781647
5.892000	0.792920
5.893000	0.803927
5.894000	0.814667
5.895000	0.825133
5.896000	0.835324
5.897000	0.845236
5.898000	0.854865
5.899000	0.864208
5.900000	0.873262
5.901000	0.882025
5.902000	0.890493
5.903000	0.898662
5.904000	0.906532
5.905000	0.914098
5.906000	0.921359
5.907000	0.928312
5.908000	0.934955
5.909000	0.941284
5.910000	0.947300
5.911000	0.952998
5.912000	0.958378
5.913000	0.963438
5.914000	0.968176
5.915000	0.972590
5.916000	0.976678
5.917000	0.980441
5.918000	0.983875
5.919000	0.986981
5.920000	0.989756
5.921000	0.992201
5.922000	0.994314
5.923000	0.996095
5.924000	0.997543
5.925000	0.998657
5.926000	0.999437
5.927000	0.999883
5.928000	0.999995
5.929000	0.999773
5.930000	0.999217
5.931000	0.998326
5.932000	0.997102
5.933000	0.995544
5.934000	0.993654
5.935000	0.991431
5.936000	0.988877
5.937000	0.985993
5.938000	0.982778
5.939000	0.979236
5.940000	0.975365
5.941000	0.971169
5.942000	0.966648
5.943000	0.961804
5.944000	0.956639
5.945000	0.951154
5.946000	0.945350
5.947000	0.939231
5.948000	0.932798
5.949000	0.926052
5.950000	0.918998
5.951000	0.911636
5.952000	0.903969
5.953000	0.896000
5.954000	0.887732
5.955000	0.879167
5.956000	0.870308
5.957000	0.861158
5.958000	0.851720
5.959000	0.841997
5.960000	0.831993
5.961000	0.821711
5.962000	0.811154
5.963000	0.800326
5.964000	0.789230
5.965000	0.777870
5.966000	0.766251
5.967000	0.754375
5.968000	0.742247
5.969000	0.729871
5.970000	0.717251
5.971000	0.704391
5.972000	0.691296
5.973000	0.677970
5.974000	0.664417
5.975000	0.650642
5.976000	0.636649
5.977000	0.622444
5.978000	0.608030
5.979000	0.593413
5.980000	0.578598
5.981000	0.563589
5.982000	0.548392
5.983000	0.533012
5.984000	0.517454
5.985000	0.501722
5.986000	0.485823
5.987000	0.469761
5.988000	0.453543
5.989000	0.437172
5.990000	0.420656
5.991000	0.403999
5.992000	0.387207
5.993000	0.370285
5.994000	0.353240
5.995000	0.336076
5.996000	0.318801
5.997000	0.301418
5.998000	0.283935
5.999000	0.266357
6.000000	0.248690
6.001000	0.230940
6.002000	0.213112
6.003000	0.195214
6.004000	0.177250
6.005000	0.159226
6.006000	0.141150
6.007000	0.123026
6.008000	0.104862
6.009000	0.086662
6.010000	0.068433
6.011000	0.050182
6.012000	0.031913
6.013000	0.013634
6.014000	-0.004650
6.015000	-0.022932
6.016000	-0.041206
6.017000	-0.059467
6.018000	-0.077707
6.019000	-0.095922
6.020000	-0.114105
6.021000	-0.132249
6.022000	-0.150350
6.023000	-0.168400
6.024000	-0.186394
6.025000	-0.204325
6.026000	-0.222188
6.027000	-0.239977
6.028000	-0.257686
6.029000	-0.275309
6.030000	-0.292839
6.031000	-0.310272
6.032000	-0.327600
6.033000	-0.344820
6.034000	-0.361924
6.035000	-0.378907
6.036000	-0.395763
6.037000	-0.412488
6.038000	-0.429074
6.039000	-0.445517
6.040000	-0.461811
6.041000	-0.477950
6.042000	-0.493930
6.043000	-0.509744
6.044000	-0.525388
6.045000	-0.540857
6.046000	-0.556145
6.047000	-0.571247
6.048000	-0.586157
6.049000	-0.600872
6.050000	-0.615386
6.051000	-0.629695
6.052000	-0.643792
6.053000	-0.657675
6.054000	-0.671338
6.055000	-0.684776
6.056000	-0.697985
6.057000	-0.710962
6.058000	-0.723700
6.059000	-0.736196
6.060000	-0.748447
6.061000	-0.760447
6.062000	-0.772193
6.063000	-0.783680
6.064000	-0.794906
6.065000	-0.805866
6.066000	-0.816557
6.067000	-0.826975
6.068000	-0.837116
6.069000	-0.846977
6.070000	-0.856555
6.071000	-0.865847
6.072000	-0.874850
6.073000	-0.883560
6.074000	-0.891974
6.075000	-0.900091
6.076000	-0.907906
6.077000	-0.915418
6.078000	-0.922624
6.079000	-0.929522
6.080000	-0.936109
6.081000	-0.942383
6.082000	-0.948341
6.083000	-0.953983
6.084000	-0.959306
6.085000	-0.964308
6.086000	-0.968988
6.087000	-0.973344
6.088000	-0.977375
6.089000	-0.981078
6.090000	-0.984454
6.091000	-0.987501
6.092000	-0.990217
6.093000	-0.992603
6.094000	-0.994657
6.095000	-0.996378
6.096000	-0.997766
6.097000	-0.998821
6.098000	-0.999541
6.099000	-0.999928
6.100000	-0.999980
6.101000	-0.999698
6.102000	-0.999082
6.103000	-0.998132
6.104000	-0.996848
6.105000	-0.995231
6.106000	-0.993281
6.107000	-0.990999
6.108000	-0.988386
6.109000	-0.985442
6.110000	-0.982169
6.111000	-0.978568
6.112000	-0.974639
6.113000	-0.970385
6.114000	-0.965806
6.115000	-0.960905
6.116000	-0.955682
6.117000	-0.950140
6.118000	-0.944280
6.119000	-0.938104
6.120000	-0.931615
6.121000	-0.924815
6.122000	-0.917705
6.123000	-0.910288
6.124000	-0.902567
6.125000	-0.894545
6.126000	-0.886223
6.127000	-0.877605
6.128000	-0.868694
6.129000	-0.859492
6.130000	-0.850003
6.131000	-0.840230
6.132000	-0.830176
6.133000	-0.819844
6.134000	-0.809239
6.135000	-0.798362
6.136000	-0.787219
6.137000	-0.775813
6.138000	-0.764147
6.139000	-0.752226
6.140000	-0.740054
6.141000	-0.727634
6.142000	-0.714971
6.143000	-0.702069
6.144000	-0.688932
6.145000	-0.675564
6.146000	-0.661971
6.147000	-0.648157
6.148000	-0.634126
6.149000	-0.619883
6.150000	-0.605433
6.151000	-0.590780
6.152000	-0.575930
6.153000	-0.560888
6.154000	-0.545657
6.155000	-0.530245
6.156000	-0.514655
6.157000	-0.498893
6.158000	-0.482965
6.159000	-0.466874
6.160000	-0.450628
6.161000	-0.434231
6.162000	-0.417689
6.163000	-0.401008
6.164000	-0.384192
6.165000	-0.367248
6.166000	-0.350181
6.167000	-0.332997
6.168000	-0.315702
6.169000	-0.298301
6.170000	-0.280801
6.171000	-0.263206
6.172000	-0.245524
6.173000	-0.227760
6.174000	-0.209919
6.175000	-0.192008
6.176000	-0.174033
6.177000	-0.156000
6.178000	-0.137915
6.179000	-0.119783
6.180000	-0.101612
6.181000	-0.083407
6.182000	-0.065173
6.183000	-0.046918
6.184000	-0.028647
6.185000	-0.010367
6.186000	0.007917
6.187000	0.026198
6.188000	0.044470
6.189000	0.062728
6.190000	0.080964
6.191000	0.099174
6.192000	0.117350
6.193000	0.135487
6.194000	0.153579
6.195000	0.171620
6.196000	0.189603
6.197000	0.207522
6.198000	0.225373
6.199000	0.243148
6.200000	0.260842
6.201000	0.278448
6.202000	0.295961
6.203000	0.313376
6.204000	0.330686
6.205000	0.347885
6.206000	0.364968
6.207000	0.381929
6.208000	0.398762
6.209000	0.415462
6.210000	0.432023
6.211000	0.448439
6.212000	0.464706
6.213000	0.480817
6.214000	0.496768
6.215000	0.512552
6.216000	0.528166
6.217000	0.543602
6.218000	0.558857
6.219000	0.573925
6.220000	0.588801
6.221000	0.603481
6.222000	0.617958
6.223000	0.632229
6.224000	0.646289
6.225000	0.660133
6.226000	0.673756
6.227000	0.687153
6.228000	0.700321
6.229000	0.713255
6.230000	0.725951
6.231000	0.738404
6.232000	0.750609
6.233000	0.762564
6.234000	0.774265
6.235000	0.785706
6.236000	0.796884
6.237000	0.807797
6.238000	0.818439
6.239000	0.828807
6.240000	0.838899
6.241000	0.848710
6.242000	0.858237
6.243000	0.867477
6.244000	0.876428
6.245000	0.885085
6.246000	0.893447
6.247000	0.901510
6.248000	0.909271
6.249000	0.916728
6.250000	0.923880
6.251000	0.930722
6.252000	0.937253
6.253000	0.943471
6.254000	0.949373
6.255000	0.954958
6.256000	0.960224
6.257000	0.965168
6.258000	0.969790
6.259000	0.974088
6.260000	0.978060
6.261000	0.981706
6.262000	0.985023
6.263000	0.988011
6.264000	0.990668
6.265000	0.992994
6.266000	0.994989
6.267000	0.996651
6.268000	0.997979
6.269000	0.998974
6.270000	0.999635
6.271000	0.999962
6.272000	0.999954
6.273000	0.999613
6.274000	0.998937
6.275000	0.997927
6.276000	0.996583
6.277000	0.994907
6.278000	0.992898
6.279000	0.990556
6.280000	0.987884
6.281000	0.984882
6.282000	0.981550
6.283000	0.977890
6.284000	0.973903
6.285000	0.969591
6.286000	0.964954
6.287000	0.959995
6.288000	0.954715
6.289000	0.949116
6.290000	0.943199
6.291000	0.936968
6.292000	0.930423
6.293000	0.923567
6.294000	0.916402
6.295000	0.908931
6.296000	0.901156
6.297000	0.893079
6.298000	0.884705
6.299000	0.876034
6.300000	0.867071
6.301000	0.857817
6.302000	0.848277
6.303000	0.838454
6.304000	0.828350
6.305000	0.817969
6.306000	0.807315
6.307000	0.796391
6.308000	0.785200
6.309000	0.773747
6.310000	0.762036
6.311000	0.750070
6.312000	0.737852
6.313000	0.725389
6.314000	0.712683
6.315000	0.699738
6.316000	0.686560
6.317000	0.673152
6.318000	0.659519
6.319000	0.645666
6.320000	0.631596
6.321000	0.617316
6.322000	0.602829
6.323000	0.588141
6.324000	0.573256
6.325000	0.558180
6.326000	0.542917
6.327000	0.527472
6.328000	0.511851
6.329000	0.496059
6.330000	0.480101
6.331000	0.463983
6.332000	0.447709
6.333000	0.431286
6.334000	0.414719
6.335000	0.398013
6.336000	0.381174
6.337000	0.364207
6.338000	0.347119
6.339000	0.329915
6.340000	0.312600
6.341000	0.295181
6.342000	0.277663
6.343000	0.260053
6.344000	0.242355
6.345000	0.224577
6.346000	0.206723
6.347000	0.188801
6.348000	0.170815
6.349000	0.152772
6.350000	0.134678
6.351000	0.116539
6.352000	0.098361
6.353000	0.080150
6.354000	0.061913
6.355000	0.043654
6.356000	0.025381
6.357000	0.007100
6.358000	-0.011184
6.359000	-0.029464
6.360000	-0.047734
6.361000	-0.065988
6.362000	-0.084220
6.363000	-0.102424
6.364000	-0.120594
6.365000	-0.138724
6.366000	-0.156807
6.367000	-0.174837
6.368000	-0.192810
6.369000	-0.210717
6.370000	-0.228555
6.371000	-0.246316
6.372000	-0.263994
6.373000	-0.281585
6.374000	-0.299081
6.375000	-0.316477
6.376000	-0.333767
6.377000	-0.350946
6.378000	-0.368008
6.379000	-0.384946
6.380000	-0.401756
6.381000	-0.418431
6.382000	-0.434967
6.383000	-0.451357
6.384000	-0.467597
6.385000	-0.483680
6.386000	-0.499601
6.387000	-0.515355
6.388000	-0.530937
6.389000	-0.546342
6.390000	-0.561564
6.391000	-0.576598
6.392000	-0.591439
6.393000	-0.606083
6.394000	-0.620524
6.395000	-0.634757
6.396000	-0.648779
6.397000	-0.662583
6.398000	-0.676166
6.399000	-0.689523
6.400000	-0.702650
6.401000	-0.715542
6.402000	-0.728194
6.403000	-0.740603
6.404000	-0.752764
6.405000	-0.764674
6.406000	-0.776328
6.407000	-0.787723
6.408000	-0.798854
6.409000	-0.809718
6.410000	-0.820312
6.411000	-0.830631
6.412000	-0.840672
6.413000	-0.850433
6.414000	-0.859909
6.415000	-0.869098
6.416000	-0.877996
6.417000	-0.886601
6.418000	-0.894909
6.419000	-0.902919
6.420000	-0.910626
6.421000	-0.918029
6.422000	-0.925125
6.423000	-0.931912
6.424000	-0.938387
6.425000	-0.944548
6.426000	-0.950394
6.427000	-0.955922
6.428000	-0.961131
6.429000	-0.966018
6.430000	-0.970582
6.431000	-0.974822
6.432000	-0.978736
6.433000	-0.982323
6.434000	-0.985581
6.435000	-0.988510
6.436000	-0.991108
6.437000	-0.993375
6.438000	-0.995310
6.439000	-0.996912
6.440000	-0.998181
6.441000	-0.999117
6.442000	-0.999718
6.443000	-0.999985
6.444000	-0.999918
6.445000	-0.999516
6.446000	-0.998781
6.447000	-0.997711
6.448000	-0.996308
6.449000	-0.994572
6.450000	-0.992504
6.451000	-0.990103
6.452000	-0.987372
6.453000	-0.984310
6.454000	-0.980920
6.455000	-0.977201
6.456000	-0.973156
6.457000	-0.968786
6.458000	-0.964092
6.459000	-0.959075
6.460000	-0.953738
6.461000	-0.948082
6.462000	-0.942109
6.463000	-0.935821
6.464000	-0.929220
6.465000	-0.922309
6.466000	-0.915089
6.467000	-0.907564
6.468000	-0.899735
6.469000	-0.891605
6.470000	-0.883177
6.471000	-0.874454
6.472000	-0.865438
6.473000	-0.856134
6.474000	-0.846543
6.475000	-0.836669
6.476000	-0.826515
6.477000	-0.816085
6.478000	-0.805382
6.479000	-0.794410
6.480000	-0.783173
6.481000	-0.771673
6.482000	-0.759916
6.483000	-0.747905
6.484000	-0.735643
6.485000	-0.723136
6.486000	-0.710387
6.487000	-0.697400
6.488000	-0.684181
6.489000	-0.670732
6.490000	-0.657060
6.491000	-0.643167
6.492000	-0.629060
6.493000	-0.614742
6.494000	-0.600219
6.495000	-0.585495
6.496000	-0.570576
6.497000	-0.555466
6.498000	-0.540170
6.499000	-0.524693
6.500000	-0.509041
6.501000	-0.493219
6.502000	-0.477232
6.503000	-0.461086
6.504000	-0.444785
6.505000	-0.428336
6.506000	-0.411743
6.507000	-0.395013
6.508000	-0.378151
6.509000	-0.361162
6.510000	-0.344053
6.511000	-0.326829
6.512000	-0.309495
6.513000	-0.292058
6.514000	-0.274523
6.515000	-0.256897
6.516000	-0.239184
6.517000	-0.221392
6.518000	-0.203526
6.519000	-0.185591
6.520000	-0.167595
6.521000	-0.149542
6.522000	-0.131440
6.523000	-0.113293
6.524000	-0.095109
6.525000	-0.076893
6.526000	-0.058651
6.527000	-0.040390
6.528000	-0.022115
6.529000	-0.003833
6.530000	0.014451
6.531000	0.032730
6.532000	0.050997
6.533000	0.069248
6.534000	0.087476
6.535000	0.105674
6.536000	0.123837
6.537000	0.141959
6.538000	0.160033
6.539000	0.178053
6.540000	0.196015
6.541000	0.213910
6.542000	0.231734
6.543000	0.249481
6.544000	0.267144
6.545000	0.284718
6.546000	0.302197
6.547000	0.319575
6.548000	0.336845
6.549000	0.354004
6.550000	0.371044
6.551000	0.387960
6.552000	0.404746
6.553000	0.421397
6.554000	0.437907
6.555000	0.454270
6.556000	0.470482
6.557000	0.486537
6.558000	0.502429
6.559000	0.518152
6.560000	0.533703
6.561000	0.549075
6.562000	0.564264
6.563000	0.579264
6.564000	0.594071
6.565000	0.608678
6.566000	0.623083
6.567000	0.637279
6.568000	0.651262
6.569000	0.665027
6.570000	0.678570
6.571000	0.691886
6.572000	0.704971
6.573000	0.717820
6.574000	0.730429
6.575000	0.742794
6.576000	0.754911
6.577000	0.766775
6.578000	0.778383
6.579000	0.789731
6.580000	0.800815
6.581000	0.811631
6.582000	0.822176
6.583000	0.832446
6.584000	0.842437
6.585000	0.852147
6.586000	0.861572
6.587000	0.870710
6.588000	0.879556
6.589000	0.888108
6.590000	0.896363
6.591000	0.904318
6.592000	0.911971
6.593000	0.919320
6.594000	0.926360
6.595000	0.933092
6.596000	0.939511
6.597000	0.945616
6.598000	0.951405
6.599000	0.956876
6.600000	0.962028
6.601000	0.966857
6.602000	0.971364
6.603000	0.975545
6.604000	0.979401
6.605000	0.982929
6.606000	0.986128
6.607000	0.988998
6.608000	0.991538
6.609000	0.993745
6.610000	0.995621
6.611000	0.997164
6.612000	0.998373
6.613000	0.999249
6.614000	0.999790
6.615000	0.999998
6.616000	0.999871
6.617000	0.999409
6.618000	0.998614
6.619000	0.997485
6.620000	0.996022
6.621000	0.994227
6.622000	0.992099
6.623000	0.989639
6.624000	0.986849
6.625000	0.983729
6.626000	0.980279
6.627000	0.976503
6.628000	0.972399
6.629000	0.967971
6.630000	0.963219
6.631000	0.958145
6.632000	0.952751
6.633000	0.947038
6.634000	0.941008
6.635000	0.934664
6.636000	0.928008
6.637000	0.921041
6.638000	0.913767
6.639000	0.906187
6.640000	0.898304
6.641000	0.890121
6.642000	0.881640
6.643000	0.872864
6.644000	0.863797
6.645000	0.854441
6.646000	0.844799
6.647000	0.834875
6.648000	0.824671
6.649000	0.814193
6.650000	0.803441
6.651000	0.792422
6.652000	0.781137
6.653000	0.769591
6.654000	0.757788
6.655000	0.745732
6.656000	0.733426
6.657000	0.720875
6.658000	0.708084
6.659000	0.695055
6.660000	0.681794
6.661000	0.668305
6.662000	0.654593
6.663000	0.640662
6.664000	0.626517
6.665000	0.612162
6.666000	0.597603
6.667000	0.582844
6.668000	0.567890
6.669000	0.552746
6.670000	0.537417
6.671000	0.521909
6.672000	0.506226
6.673000	0.490375
6.674000	0.474359
6.675000	0.458184
6.676000	0.441857
6.677000	0.425381
6.678000	0.408764
6.679000	0.392010
6.680000	0.375124
6.681000	0.358114
6.682000	0.340983
6.683000	0.323739
6.684000	0.306387
6.685000	0.288932
6.686000	0.271380
6.687000	0.253738
6.688000	0.236011
6.689000	0.218205
6.690000	0.200326
6.691000	0.182380
6.692000	0.164373
6.693000	0.146311
6.694000	0.128200
6.695000	0.110047
6.696000	0.091856
6.697000	0.073635
6.698000	0.055389
6.699000	0.037125
6.700000	0.018848
6.701000	0.000565
6.702000	-0.017718
6.703000	-0.035995
6.704000	-0.054260
6.705000	-0.072507
6.706000	-0.090730
6.707000	-0.108922
6.708000	-0.127078
6.709000	-0.145192
6.710000	-0.163257
6.711000	-0.181268
6.712000	-0.199217
6.713000	-0.217101
6.714000	-0.234911
6.715000	-0.252644
6.716000	-0.270291
6.717000	-0.287849
6.718000	-0.305310
6.719000	-0.322669
6.720000	-0.339920
6.721000	-0.357058
6.722000	-0.374076
6.723000	-0.390969
6.724000	-0.407731
6.725000	-0.424357
6.726000	-0.440842
6.727000	-0.457179
6.728000	-0.473363
6.729000	-0.489389
6.730000	-0.505251
6.731000	-0.520944
6.732000	-0.536463
6.733000	-0.551803
6.734000	-0.566958
6.735000	-0.581924
6.736000	-0.596696
6.737000	-0.611267
6.738000	-0.625635
6.739000	-0.639793
6.740000	-0.653738
6.741000	-0.667464
6.742000	-0.680966
6.743000	-0.694241
6.744000	-0.707284
6.745000	-0.720091
6.746000	-0.732657
6.747000	-0.744978
6.748000	-0.757050
6.749000	-0.768869
6.750000	-0.780430
6.751000	-0.791731
6.752000	-0.802768
6.753000	-0.813535
6.754000	-0.824031
6.755000	-0.834252
6.756000	-0.844193
6.757000	-0.853853
6.758000	-0.863226
6.759000	-0.872312
6.760000	-0.881105
6.761000	-0.889605
6.762000	-0.897806
6.763000	-0.905708
6.764000	-0.913307
6.765000	-0.920600
6.766000	-0.927586
6.767000	-0.934262
6.768000	-0.940625
6.769000	-0.946674
6.770000	-0.952406
6.771000	-0.957820
6.772000	-0.962914
6.773000	-0.967686
6.774000	-0.972135
6.775000	-0.976258
6.776000	-0.980055
6.777000	-0.983525
6.778000	-0.986665
6.779000	-0.989476
6.780000	-0.991956
6.781000	-0.994105
6.782000	-0.995921
6.783000	-0.997404
6.784000	-0.998554
6.785000	-0.999370
6.786000	-0.999852
6.787000	-0.999999
6.788000	-0.999813
6.789000	-0.999292
6.790000	-0.998437
6.791000	-0.997248
6.792000	-0.995726
6.793000	-0.993871
6.794000	-0.991684
6.795000	-0.989165
6.796000	-0.986316
6.797000	-0.983136
6.798000	-0.979629
6.799000	-0.975793
6.800000	-0.971632
6.801000	-0.967145
6.802000	-0.962336
6.803000	-0.957204
6.804000	-0.951753
6.805000	-0.945984
6.806000	-0.939898
6.807000	-0.933498
6.808000	-0.926786
6.809000	-0.919764
6.810000	-0.912435
6.811000	-0.904800
6.812000	-0.896863
6.813000	-0.888627
6.814000	-0.880093
6.815000	-0.871265
6.816000	-0.862146
6.817000	-0.852739
6.818000	-0.843046
6.819000	-0.833072
6.820000	-0.822819
6.821000	-0.812291
6.822000	-0.801492
6.823000	-0.790425
6.824000	-0.779093
6.825000	-0.767501
6.826000	-0.755652
6.827000	-0.743551
6.828000	-0.731201
6.829000	-0.718607
6.830000	-0.705773
6.831000	-0.692702
6.832000	-0.679400
6.833000	-0.665871
6.834000	-0.652120
6.835000	-0.638150
6.836000	-0.623967
6.837000	-0.609575
6.838000	-0.594980
6.839000	-0.580186
6.840000	-0.565197
6.841000	-0.550020
6.842000	-0.534659
6.843000	-0.519119
6.844000	-0.503406
6.845000	-0.487524
6.846000	-0.471480
6.847000	-0.455278
6.848000	-0.438923
6.849000	-0.422422
6.850000	-0.405780
6.851000	-0.389002
6.852000	-0.372094
6.853000	-0.355061
6.854000	-0.337910
6.855000	-0.320646
6.856000	-0.303275
6.857000	-0.285802
6.858000	-0.268234
6.859000	-0.250576
6.860000	-0.232834
6.861000	-0.215015
6.862000	-0.197124
6.863000	-0.179166
6.864000	-0.161149
6.865000	-0.143078
6.866000	-0.124959
6.867000	-0.106799
6.868000	-0.088602
6.869000	-0.070376
6.870000	-0.052127
6.871000	-0.033860
6.872000	-0.015582
6.873000	0.002702
6.874000	0.020984
6.875000	0.039260
6.876000	0.057522
6.877000	0.075765
6.878000	0.093983
6.879000	0.112170
6.880000	0.130319
6.881000	0.148424
6.882000	0.166480
6.883000	0.184480
6.884000	0.202418
6.885000	0.220289
6.886000	0.238086
6.887000	0.255803
6.888000	0.273435
6.889000	0.290976
6.890000	0.308419
6.891000	0.325760
6.892000	0.342991
6.893000	0.360108
6.894000	0.377104
6.895000	0.393974
6.896000	0.410712
6.897000	0.427314
6.898000	0.443772
6.899000	0.460082
6.900000	0.476238
6.901000	0.492235
6.902000	0.508068
6.903000	0.523730
6.904000	0.539218
6.905000	0.554525
6.906000	0.569647
6.907000	0.584578
6.908000	0.599314
6.909000	0.613850
6.910000	0.628180
6.911000	0.642301
6.912000	0.656207
6.913000	0.669893
6.914000	0.683355
6.915000	0.696589
6.916000	0.709590
6.917000	0.722354
6.918000	0.734877
6.919000	0.747153
6.920000	0.759180
6.921000	0.770954
6.922000	0.782469
6.923000	0.793723
6.924000	0.804711
6.925000	0.815431
6.926000	0.825878
6.927000	0.836049
6.928000	0.845940
6.929000	0.855549
6.930000	0.864871
6.931000	0.873905
6.932000	0.882646
6.933000	0.891092
6.934000	0.899240
6.935000	0.907088
6.936000	0.914633
6.937000	0.921871
6.938000	0.928802
6.939000	0.935422
6.940000	0.941729
6.941000	0.947722
6.942000	0.953397
6.943000	0.958754
6.944000	0.963791
6.945000	0.968505
6.946000	0.972895
6.947000	0.976961
6.948000	0.980699
6.949000	0.984110
6.950000	0.987192
6.951000	0.989944
6.952000	0.992365
6.953000	0.994454
6.954000	0.996211
6.955000	0.997634
6.956000	0.998724
6.957000	0.999481
6.958000	0.999903
6.959000	0.999991
6.960000	0.999744
6.961000	0.999164
6.962000	0.998249
6.963000	0.997001
6.964000	0.995419
6.965000	0.993505
6.966000	0.991258
6.967000	0.988680
6.968000	0.985772
6.969000	0.982534
6.970000	0.978967
6.971000	0.975074
6.972000	0.970854
6.973000	0.966310
6.974000	0.961442
6.975000	0.956254
6.976000	0.950745
6.977000	0.944919
6.978000	0.938777
6.979000	0.932321
6.980000	0.925554
6.981000	0.918477
6.982000	0.911093
6.983000	0.903404
6.984000	0.895414
6.985000	0.887124
6.986000	0.878537
6.987000	0.869657
6.988000	0.860486
6.989000	0.851027
6.990000	0.841284
6.991000	0.831260
6.992000	0.820958
6.993000	0.810381
6.994000	0.799534
6.995000	0.788419
6.996000	0.777041
6.997000	0.765402
6.998000	0.753508
6.999000	0.741362
7.000000	0.728969
