0.000000	0.000000
0.001000	0.000000
0.002000	0.000000
0.003000	0.000001
0.004000	0.000002
0.005000	0.000004
0.006000	0.000007
0.007000	0.000011
0.008000	0.000016
0.009000	0.000023
0.010000	0.000031
0.011000	0.000041
0.012000	0.000053
0.013000	0.000068
0.014000	0.000085
0.015000	0.000104
0.016000	0.000126
0.017000	0.000151
0.018000	0.000179
0.019000	0.000211
0.020000	0.000245
0.021000	0.000284
0.022000	0.000326
0.023000	0.000372
0.024000	0.000422
0.025000	0.000476
0.026000	0.000535
0.027000	0.000598
0.028000	0.000666
0.029000	0.000739
0.030000	0.000817
0.031000	0.000900
0.032000	0.000988
0.033000	0.001082
0.034000	0.001181
0.035000	0.001286
0.036000	0.001396
0.037000	0.001513
0.038000	0.001636
0.039000	0.001764
0.040000	0.001899
0.041000	0.002041
0.042000	0.002189
0.043000	0.002343
0.044000	0.002505
0.045000	0.002673
0.046000	0.002848
0.047000	0.003030
0.048000	0.003219
0.049000	0.003415
0.050000	0.003618
0.051000	0.003829
0.052000	0.004047
0.053000	0.004272
0.054000	0.004505
0.055000	0.004746
0.056000	0.004994
0.057000	0.005250
0.058000	0.005513
0.059000	0.005784
0.060000	0.006063
0.061000	0.006349
0.062000	0.006643
0.063000	0.006945
0.064000	0.007255
0.065000	0.007573
0.066000	0.007898
0.067000	0.008232
0.068000	0.008573
0.069000	0.008922
0.070000	0.009278
0.071000	0.009643
0.072000	0.010015
0.073000	0.010394
0.074000	0.010782
0.075000	0.011177
0.076000	0.011579
0.077000	0.011989
0.078000	0.012406
0.079000	0.012831
0.080000	0.013263
0.081000	0.013702
0.082000	0.014149
0.083000	0.014602
0.084000	0.015062
0.085000	0.015529
0.086000	0.016003
0.087000	0.016484
0.088000	0.016971
0.089000	0.017464
0.090000	0.017964
0.091000	0.018469
0.092000	0.018981
0.093000	0.019499
0.094000	0.020022
0.095000	0.020551
0.096000	0.021086
0.097000	0.021625
0.098000	0.022170
0.099000	0.022720
0.100000	0.023274
0.101000	0.023833
0.102000	0.024396
0.103000	0.024964
0.104000	0.025535
0.105000	0.026110
0.106000	0.026689
0.107000	0.027271
0.108000	0.027857
0.109000	0.028445
0.110000	0.029036
0.111000	0.029630
0.112000	0.030225
0.113000	0.030823
0.114000	0.031422
0.115000	0.032023
0.116000	0.032626
0.117000	0.033229
0.118000	0.033833
0.119000	0.034438
0.120000	0.035042
0.121000	0.035647
0.122000	0.036252
0.123000	0.036855
0.124000	0.037458
0.125000	0.038060
0.126000	0.038661
0.127000	0.039259
0.128000	0.039856
0.129000	0.040450
0.130000	0.041042
0.131000	0.041630
0.132000	0.042216
0.133000	0.042797
0.134000	0.043375
0.135000	0.043949
0.136000	0.044518
0.137000	0.045083
0.138000	0.045642
0.139000	0.046196
0.140000	0.046744
0.141000	0.047285
0.142000	0.047821
0.143000	0.048349
0.144000	0.048871
0.145000	0.049384
0.146000	0.049890
0.147000	0.050388
0.148000	0.050878
0.149000	0.051358
0.150000	0.051829
0.151000	0.052291
0.152000	0.052743
0.153000	0.053185
0.154000	0.053616
0.155000	0.054036
0.156000	0.054445
0.157000	0.054842
0.158000	0.055227
0.159000	0.055600
0.160000	0.055961
0.161000	0.056308
0.162000	0.056642
0.163000	0.056962
0.164000	0.057268
0.165000	0.057560
0.166000	0.057836
0.167000	0.058098
0.168000	0.058345
0.169000	0.058575
0.170000	0.058790
0.171000	0.058988
0.172000	0.059169
0.173000	0.059333
0.174000	0.059480
0.175000	0.059608
0.176000	0.059719
0.177000	0.059811
0.178000	0.059885
0.179000	0.059939
0.180000	0.059974
0.181000	0.059989
0.182000	0.059984
0.183000	0.059959
0.184000	0.059913
0.185000	0.059846
0.186000	0.059757
0.187000	0.059648
0.188000	0.059516
0.189000	0.059362
0.190000	0.059186
0.191000	0.058987
0.192000	0.058765
0.193000	0.058519
0.194000	0.058251
0.195000	0.057958
0.196000	0.057641
0.197000	0.057300
0.198000	0.056934
0.199000	0.056544
0.200000	0.056128
0.201000	0.055688
0.202000	0.055221
0.203000	0.054729
0.204000	0.054211
0.205000	0.053667
0.206000	0.053097
0.207000	0.052499
0.208000	0.051876
0.209000	0.051225
0.210000	0.050547
0.211000	0.049842
0.212000	0.049109
0.213000	0.048348
0.214000	0.047560
0.215000	0.046744
0.216000	0.045900
0.217000	0.045028
0.218000	0.044127
0.219000	0.043198
0.220000	0.042240
0.221000	0.041253
0.222000	0.040238
0.223000	0.039194
0.224000	0.038121
0.225000	0.037019
0.226000	0.035888
0.227000	0.034728
0.228000	0.033539
0.229000	0.032320
0.230000	0.031072
0.231000	0.029795
0.232000	0.028489
0.233000	0.027153
0.234000	0.025788
0.235000	0.024394
0.236000	0.022971
0.237000	0.021518
0.238000	0.020036
0.239000	0.018525
0.240000	0.016985
0.241000	0.015415
0.242000	0.013817
0.243000	0.012190
0.244000	0.010534
0.245000	0.008849
0.246000	0.007136
0.247000	0.005395
0.248000	0.003625
0.249000	0.001826
0.250000	0.000000
0.251000	-0.001854
0.252000	-0.003736
0.253000	-0.005646
0.254000	-0.007583
0.255000	-0.009547
0.256000	-0.011538
0.257000	-0.013556
0.258000	-0.015601
0.259000	-0.017671
0.260000	-0.019768
0.261000	-0.021891
0.262000	-0.024040
0.263000	-0.026213
0.264000	-0.028412
0.265000	-0.030636
0.266000	-0.032884
0.267000	-0.035156
0.268000	-0.037452
0.269000	-0.039771
0.270000	-0.042114
0.271000	-0.044480
0.272000	-0.046868
0.273000	-0.049278
0.274000	-0.051710
0.275000	-0.054163
0.276000	-0.056638
0.277000	-0.059132
0.278000	-0.061648
0.279000	-0.064182
0.280000	-0.066737
0.281000	-0.069310
0.282000	-0.071901
0.283000	-0.074511
0.284000	-0.077138
0.285000	-0.079782
0.286000	-0.082443
0.287000	-0.085120
0.288000	-0.087812
0.289000	-0.090520
0.290000	-0.093242
0.291000	-0.095978
0.292000	-0.098728
0.293000	-0.101490
0.294000	-0.104266
0.295000	-0.107053
0.296000	-0.109851
0.297000	-0.112660
0.298000	-0.115480
0.299000	-0.118309
0.300000	-0.121147
0.301000	-0.123993
0.302000	-0.126848
0.303000	-0.129709
0.304000	-0.132577
0.305000	-0.135451
0.306000	-0.138330
0.307000	-0.141214
0.308000	-0.144102
0.309000	-0.146993
0.310000	-0.149887
0.311000	-0.152783
0.312000	-0.155681
0.313000	-0.158579
0.314000	-0.161477
0.315000	-0.164374
0.316000	-0.167270
0.317000	-0.170164
0.318000	-0.173055
0.319000	-0.175942
0.320000	-0.178826
0.321000	-0.181704
0.322000	-0.184577
0.323000	-0.187443
0.324000	-0.190302
0.325000	-0.193153
0.326000	-0.195996
0.327000	-0.198829
0.328000	-0.201652
0.329000	-0.204464
0.330000	-0.207265
0.331000	-0.210053
0.332000	-0.212828
0.333000	-0.215589
0.334000	-0.218336
0.335000	-0.221066
0.336000	-0.223781
0.337000	-0.226479
0.338000	-0.229159
0.339000	-0.231820
0.340000	-0.234462
0.341000	-0.237083
0.342000	-0.239684
0.343000	-0.242263
0.344000	-0.244820
0.345000	-0.247353
0.346000	-0.249862
0.347000	-0.252347
0.348000	-0.254806
0.349000	-0.257238
0.350000	-0.259643
0.351000	-0.262020
0.352000	-0.264368
0.353000	-0.266687
0.354000	-0.268975
0.355000	-0.271233
0.356000	-0.273458
0.357000	-0.275651
0.358000	-0.277810
0.359000	-0.279935
0.360000	-0.282025
0.361000	-0.284079
0.362000	-0.286097
0.363000	-0.288077
0.364000	-0.290019
0.365000	-0.291923
0.366000	-0.293786
0.367000	-0.295610
0.368000	-0.297392
0.369000	-0.299133
0.370000	-0.300831
0.371000	-0.302486
0.372000	-0.304097
0.373000	-0.305663
0.374000	-0.307184
0.375000	-0.308658
0.376000	-0.310086
0.377000	-0.311466
0.378000	-0.312798
0.379000	-0.314081
0.380000	-0.315314
0.381000	-0.316497
0.382000	-0.317629
0.383000	-0.318710
0.384000	-0.319738
0.385000	-0.320714
0.386000	-0.321635
0.387000	-0.322503
0.388000	-0.323316
0.389000	-0.324073
0.390000	-0.324775
0.391000	-0.325419
0.392000	-0.326007
0.393000	-0.326537
0.394000	-0.327008
0.395000	-0.327421
0.396000	-0.327774
0.397000	-0.328067
0.398000	-0.328300
0.399000	-0.328472
0.400000	-0.328582
0.401000	-0.328630
0.402000	-0.328616
0.403000	-0.328538
0.404000	-0.328397
0.405000	-0.328192
0.406000	-0.327923
0.407000	-0.327589
0.408000	-0.327190
0.409000	-0.326725
0.410000	-0.326194
0.411000	-0.325597
0.412000	-0.324933
0.413000	-0.324202
0.414000	-0.323403
0.415000	-0.322536
0.416000	-0.321602
0.417000	-0.320599
0.418000	-0.319527
0.419000	-0.318386
0.420000	-0.317176
0.421000	-0.315896
0.422000	-0.314547
0.423000	-0.313128
0.424000	-0.311638
0.425000	-0.310078
0.426000	-0.308447
0.427000	-0.306746
0.428000	-0.304973
0.429000	-0.303130
0.430000	-0.301215
0.431000	-0.299230
0.432000	-0.297172
0.433000	-0.295044
0.434000	-0.292843
0.435000	-0.290572
0.436000	-0.288228
0.437000	-0.285813
0.438000	-0.283326
0.439000	-0.280768
0.440000	-0.278138
0.441000	-0.275436
0.442000	-0.272663
0.443000	-0.269819
0.444000	-0.266903
0.445000	-0.263916
0.446000	-0.260858
0.447000	-0.257729
0.448000	-0.254529
0.449000	-0.251259
0.450000	-0.247918
0.451000	-0.244507
0.452000	-0.241025
0.453000	-0.237474
0.454000	-0.233854
0.455000	-0.230164
0.456000	-0.226405
0.457000	-0.222578
0.458000	-0.218682
0.459000	-0.214718
0.460000	-0.210687
0.461000	-0.206588
0.462000	-0.202423
0.463000	-0.198190
0.464000	-0.193892
0.465000	-0.189528
0.466000	-0.185099
0.467000	-0.180605
0.468000	-0.176047
0.469000	-0.171426
0.470000	-0.166740
0.471000	-0.161993
0.472000	-0.157183
0.473000	-0.152311
0.474000	-0.147379
0.475000	-0.142386
0.476000	-0.137333
0.477000	-0.132221
0.478000	-0.127051
0.479000	-0.121823
0.480000	-0.116537
0.481000	-0.111195
0.482000	-0.105798
0.483000	-0.100345
0.484000	-0.094838
0.485000	-0.089277
0.486000	-0.083664
0.487000	-0.077998
0.488000	-0.072282
0.489000	-0.066515
0.490000	-0.060698
0.491000	-0.054833
0.492000	-0.048920
0.493000	-0.042960
0.494000	-0.036954
0.495000	-0.030902
0.496000	-0.024806
0.497000	-0.018667
0.498000	-0.012486
0.499000	-0.006263
0.500000	-0.000000
0.501000	0.006303
0.502000	0.012644
0.503000	0.019023
0.504000	0.025438
0.505000	0.031888
0.506000	0.038373
0.507000	0.044891
0.508000	0.051442
0.509000	0.058023
0.510000	0.064635
0.511000	0.071276
0.512000	0.077944
0.513000	0.084639
0.514000	0.091359
0.515000	0.098104
0.516000	0.104872
0.517000	0.111662
0.518000	0.118473
0.519000	0.125304
0.520000	0.132153
0.521000	0.139019
0.522000	0.145901
0.523000	0.152798
0.524000	0.159708
0.525000	0.166631
0.526000	0.173565
0.527000	0.180508
0.528000	0.187460
0.529000	0.194419
0.530000	0.201384
0.531000	0.208354
0.532000	0.215326
0.533000	0.222301
0.534000	0.229276
0.535000	0.236251
0.536000	0.243224
0.537000	0.250193
0.538000	0.257157
0.539000	0.264116
0.540000	0.271067
0.541000	0.278009
0.542000	0.284941
0.543000	0.291862
0.544000	0.298769
0.545000	0.305663
0.546000	0.312541
0.547000	0.319401
0.548000	0.326244
0.549000	0.333066
0.550000	0.339868
0.551000	0.346646
0.552000	0.353401
0.553000	0.360131
0.554000	0.366833
0.555000	0.373508
0.556000	0.380153
0.557000	0.386767
0.558000	0.393349
0.559000	0.399896
0.560000	0.406409
0.561000	0.412885
0.562000	0.419324
0.563000	0.425723
0.564000	0.432081
0.565000	0.438397
0.566000	0.444670
0.567000	0.450898
0.568000	0.457079
0.569000	0.463213
0.570000	0.469298
0.571000	0.475332
0.572000	0.481315
0.573000	0.487245
0.574000	0.493120
0.575000	0.498939
0.576000	0.504701
0.577000	0.510405
0.578000	0.516049
0.579000	0.521632
0.580000	0.527152
0.581000	0.532608
0.582000	0.538000
0.583000	0.543325
0.584000	0.548582
0.585000	0.553770
0.586000	0.558888
0.587000	0.563935
0.588000	0.568909
0.589000	0.573808
0.590000	0.578633
0.591000	0.583381
0.592000	0.588051
0.593000	0.592643
0.594000	0.597154
0.595000	0.601584
0.596000	0.605932
0.597000	0.610196
0.598000	0.614375
0.599000	0.618468
0.600000	0.622475
0.601000	0.626393
0.602000	0.630222
0.603000	0.633960
0.604000	0.637607
0.605000	0.641162
0.606000	0.644623
0.607000	0.647990
0.608000	0.651261
0.609000	0.654436
0.610000	0.657513
0.611000	0.660491
0.612000	0.663370
0.613000	0.666149
0.614000	0.668826
0.615000	0.671401
0.616000	0.673873
0.617000	0.676241
0.618000	0.678504
0.619000	0.680662
0.620000	0.682712
0.621000	0.684656
0.622000	0.686491
0.623000	0.688218
0.624000	0.689835
0.625000	0.691342
0.626000	0.692737
0.627000	0.694021
0.628000	0.695193
0.629000	0.696251
0.630000	0.697195
0.631000	0.698026
0.632000	0.698741
0.633000	0.699341
0.634000	0.699825
0.635000	0.700192
0.636000	0.700442
0.637000	0.700575
0.638000	0.700589
0.639000	0.700485
0.640000	0.700262
0.641000	0.699920
0.642000	0.699458
0.643000	0.698876
0.644000	0.698174
0.645000	0.697350
0.646000	0.696406
0.647000	0.695341
0.648000	0.694153
0.649000	0.692845
0.650000	0.691414
0.651000	0.689860
0.652000	0.688185
0.653000	0.686387
0.654000	0.684467
0.655000	0.682423
0.656000	0.680257
0.657000	0.677969
0.658000	0.675557
0.659000	0.673023
0.660000	0.670365
0.661000	0.667585
0.662000	0.664683
0.663000	0.661658
0.664000	0.658510
0.665000	0.655240
0.666000	0.651848
0.667000	0.648334
0.668000	0.644698
0.669000	0.640941
0.670000	0.637063
0.671000	0.633064
0.672000	0.628944
0.673000	0.624703
0.674000	0.620343
0.675000	0.615864
0.676000	0.611265
0.677000	0.606547
0.678000	0.601712
0.679000	0.596758
0.680000	0.591687
0.681000	0.586500
0.682000	0.581196
0.683000	0.575777
0.684000	0.570243
0.685000	0.564595
0.686000	0.558832
0.687000	0.552957
0.688000	0.546969
0.689000	0.540870
0.690000	0.534660
0.691000	0.528340
0.692000	0.521910
0.693000	0.515372
0.694000	0.508726
0.695000	0.501973
0.696000	0.495114
0.697000	0.488151
0.698000	0.481083
0.699000	0.473912
0.700000	0.466638
0.701000	0.459264
0.702000	0.451789
0.703000	0.444215
0.704000	0.436543
0.705000	0.428774
0.706000	0.420909
0.707000	0.412949
0.708000	0.404896
0.709000	0.396749
0.710000	0.388512
0.711000	0.380184
0.712000	0.371768
0.713000	0.363264
0.714000	0.354673
0.715000	0.345997
0.716000	0.337238
0.717000	0.328396
0.718000	0.319472
0.719000	0.310469
0.720000	0.301388
0.721000	0.292229
0.722000	0.282995
0.723000	0.273687
0.724000	0.264306
0.725000	0.254854
0.726000	0.245332
0.727000	0.235741
0.728000	0.226084
0.729000	0.216362
0.730000	0.206576
0.731000	0.196728
0.732000	0.186819
0.733000	0.176851
0.734000	0.166826
0.735000	0.156746
0.736000	0.146611
0.737000	0.136424
0.738000	0.126186
0.739000	0.115899
0.740000	0.105565
0.741000	0.095185
0.742000	0.084761
0.743000	0.074295
0.744000	0.063789
0.745000	0.053244
0.746000	0.042662
0.747000	0.032044
0.748000	0.021394
0.749000	0.010712
0.750000	0.000000
0.751000	-0.010740
0.752000	-0.021506
0.753000	-0.032296
0.754000	-0.043108
0.755000	-0.053941
0.756000	-0.064793
0.757000	-0.075661
0.758000	-0.086545
0.759000	-0.097441
0.760000	-0.108349
0.761000	-0.119265
0.762000	-0.130190
0.763000	-0.141119
0.764000	-0.152052
0.765000	-0.162987
0.766000	-0.173922
0.767000	-0.184854
0.768000	-0.195782
0.769000	-0.206704
0.770000	-0.217617
0.771000	-0.228521
0.772000	-0.239413
0.773000	-0.250291
0.774000	-0.261153
0.775000	-0.271998
0.776000	-0.282822
0.777000	-0.293625
0.778000	-0.304405
0.779000	-0.315158
0.780000	-0.325885
0.781000	-0.336581
0.782000	-0.347247
0.783000	-0.357879
0.784000	-0.368476
0.785000	-0.379035
0.786000	-0.389556
0.787000	-0.400035
0.788000	-0.410471
0.789000	-0.420862
0.790000	-0.431207
0.791000	-0.441503
0.792000	-0.451748
0.793000	-0.461940
0.794000	-0.472078
0.795000	-0.482160
0.796000	-0.492183
0.797000	-0.502146
0.798000	-0.512048
0.799000	-0.521885
0.800000	-0.531657
0.801000	-0.541361
0.802000	-0.550996
0.803000	-0.560560
0.804000	-0.570050
0.805000	-0.579466
0.806000	-0.588805
0.807000	-0.598066
0.808000	-0.607247
0.809000	-0.616346
0.810000	-0.625361
0.811000	-0.634291
0.812000	-0.643134
0.813000	-0.651888
0.814000	-0.660552
0.815000	-0.669123
0.816000	-0.677601
0.817000	-0.685983
0.818000	-0.694267
0.819000	-0.702454
0.820000	-0.710540
0.821000	-0.718523
0.822000	-0.726404
0.823000	-0.734179
0.824000	-0.741848
0.825000	-0.749409
0.826000	-0.756860
0.827000	-0.764200
0.828000	-0.771427
0.829000	-0.778540
0.830000	-0.785538
0.831000	-0.792419
0.832000	-0.799182
0.833000	-0.805825
0.834000	-0.812347
0.835000	-0.818747
0.836000	-0.825023
0.837000	-0.831175
0.838000	-0.837200
0.839000	-0.843097
0.840000	-0.848867
0.841000	-0.854506
0.842000	-0.860014
0.843000	-0.865390
0.844000	-0.870632
0.845000	-0.875740
0.846000	-0.880713
0.847000	-0.885549
0.848000	-0.890247
0.849000	-0.894807
0.850000	-0.899227
0.851000	-0.903506
0.852000	-0.907644
0.853000	-0.911639
0.854000	-0.915491
0.855000	-0.919199
0.856000	-0.922761
0.857000	-0.926178
0.858000	-0.929447
0.859000	-0.932570
0.860000	-0.935544
0.861000	-0.938369
0.862000	-0.941044
0.863000	-0.943569
0.864000	-0.945943
0.865000	-0.948166
0.866000	-0.950236
0.867000	-0.952154
0.868000	-0.953918
0.869000	-0.955529
0.870000	-0.956985
0.871000	-0.958287
0.872000	-0.959434
0.873000	-0.960425
0.874000	-0.961260
0.875000	-0.961940
0.876000	-0.962463
0.877000	-0.962829
0.878000	-0.963038
0.879000	-0.963090
0.880000	-0.962984
0.881000	-0.962721
0.882000	-0.962300
0.883000	-0.961722
0.884000	-0.960986
0.885000	-0.960091
0.886000	-0.959039
0.887000	-0.957829
0.888000	-0.956461
0.889000	-0.954935
0.890000	-0.953251
0.891000	-0.951410
0.892000	-0.949411
0.893000	-0.947255
0.894000	-0.944943
0.895000	-0.942473
0.896000	-0.939846
0.897000	-0.937064
0.898000	-0.934126
0.899000	-0.931032
0.900000	-0.927783
0.901000	-0.924379
0.902000	-0.920821
0.903000	-0.917109
0.904000	-0.913243
0.905000	-0.909225
0.906000	-0.905055
0.907000	-0.900733
0.908000	-0.896260
0.909000	-0.891636
0.910000	-0.886863
0.911000	-0.881941
0.912000	-0.876871
0.913000	-0.871653
0.914000	-0.866288
0.915000	-0.860777
0.916000	-0.855122
0.917000	-0.849322
0.918000	-0.843378
0.919000	-0.837292
0.920000	-0.831065
0.921000	-0.824697
0.922000	-0.818190
0.923000	-0.811544
0.924000	-0.804760
0.925000	-0.797840
0.926000	-0.790785
0.927000	-0.783596
0.928000	-0.776274
0.929000	-0.768820
0.930000	-0.761235
0.931000	-0.753521
0.932000	-0.745679
0.933000	-0.737709
0.934000	-0.729615
0.935000	-0.721396
0.936000	-0.713054
0.937000	-0.704590
0.938000	-0.696007
0.939000	-0.687304
0.940000	-0.678485
0.941000	-0.669549
0.942000	-0.660499
0.943000	-0.651336
0.944000	-0.642062
0.945000	-0.632678
0.946000	-0.623186
0.947000	-0.613587
0.948000	-0.603883
0.949000	-0.594076
0.950000	-0.584167
0.951000	-0.574158
0.952000	-0.564050
0.953000	-0.553846
0.954000	-0.543547
0.955000	-0.533154
0.956000	-0.522670
0.957000	-0.512096
0.958000	-0.501434
0.959000	-0.490686
0.960000	-0.479854
0.961000	-0.468940
0.962000	-0.457944
0.963000	-0.446870
0.964000	-0.435719
0.965000	-0.424494
0.966000	-0.413195
0.967000	-0.401825
0.968000	-0.390386
0.969000	-0.378879
0.970000	-0.367308
0.971000	-0.355673
0.972000	-0.343977
0.973000	-0.332221
0.974000	-0.320409
0.975000	-0.308541
0.976000	-0.296620
0.977000	-0.284647
0.978000	-0.272626
0.979000	-0.260558
0.980000	-0.248445
0.981000	-0.236288
0.982000	-0.224092
0.983000	-0.211856
0.984000	-0.199584
0.985000	-0.187277
0.986000	-0.174938
0.987000	-0.162569
0.988000	-0.150172
0.989000	-0.137749
0.990000	-0.125302
0.991000	-0.112834
0.992000	-0.100346
0.993000	-0.087841
0.994000	-0.075320
0.995000	-0.062787
0.996000	-0.050242
0.997000	-0.037689
0.998000	-0.025130
0.999000	-0.012566
1.000000	-0.000000
1.001000	0.012566
1.002000	0.025130
1.003000	0.037690
1.004000	0.050244
1.005000	0.062791
1.006000	0.075327
1.007000	0.087851
1.008000	0.100362
1.009000	0.112856
1.010000	0.125333
1.011000	0.137790
1.012000	0.150226
1.013000	0.162637
1.014000	0.175023
1.015000	0.187381
1.016000	0.199710
1.017000	0.212007
1.018000	0.224271
1.019000	0.236499
1.020000	0.248690
1.021000	0.260842
1.022000	0.272952
1.023000	0.285019
1.024000	0.297042
1.025000	0.309017
1.026000	0.320944
1.027000	0.332820
1.028000	0.344643
1.029000	0.356412
1.030000	0.368125
1.031000	0.379779
1.032000	0.391374
1.033000	0.402906
1.034000	0.414376
1.035000	0.425779
1.036000	0.437116
1.037000	0.448383
1.038000	0.459580
1.039000	0.470704
1.040000	0.481754
1.041000	0.492727
1.042000	0.503623
1.043000	0.514440
1.044000	0.525175
1.045000	0.535827
1.046000	0.546394
1.047000	0.556876
1.048000	0.567269
1.049000	0.577573
1.050000	0.587785
1.051000	0.597905
1.052000	0.607930
1.053000	0.617860
1.054000	0.627691
1.055000	0.637424
1.056000	0.647056
1.057000	0.656586
1.058000	0.666012
1.059000	0.675333
1.060000	0.684547
1.061000	0.693653
1.062000	0.702650
1.063000	0.711536
1.064000	0.720309
1.065000	0.728969
1.066000	0.737513
1.067000	0.745941
1.068000	0.754251
1.069000	0.762443
1.070000	0.770513
1.071000	0.778462
1.072000	0.786288
1.073000	0.793990
1.074000	0.801567
1.075000	0.809017
1.076000	0.816339
1.077000	0.823533
1.078000	0.830596
1.079000	0.837528
1.080000	0.844328
1.081000	0.850994
1.082000	0.857527
1.083000	0.863923
1.084000	0.870184
1.085000	0.876307
1.086000	0.882291
1.087000	0.888136
1.088000	0.893841
1.089000	0.899405
1.090000	0.904827
1.091000	0.910106
1.092000	0.915241
1.093000	0.920232
1.094000	0.925077
1.095000	0.929776
1.096000	0.934329
1.097000	0.938734
1.098000	0.942991
1.099000	0.947098
1.100000	0.951057
1.101000	0.954865
1.102000	0.958522
1.103000	0.962028
1.104000	0.965382
1.105000	0.968583
1.106000	0.971632
1.107000	0.974527
1.108000	0.977268
1.109000	0.979855
1.110000	0.982287
1.111000	0.984564
1.112000	0.986686
1.113000	0.988652
1.114000	0.990461
1.115000	0.992115
1.116000	0.993611
1.117000	0.994951
1.118000	0.996134
1.119000	0.997159
1.120000	0.998027
1.121000	0.998737
1.122000	0.999289
1.123000	0.999684
1.124000	0.999921
1.125000	1.000000
1.126000	0.999921
1.127000	0.999684
1.128000	0.999289
1.129000	0.998737
1.130000	0.998027
1.131000	0.997159
1.132000	0.996134
1.133000	0.994951
1.134000	0.993611
1.135000	0.992115
1.136000	0.990461
1.137000	0.988652
1.138000	0.986686
1.139000	0.984564
1.140000	0.982287
1.141000	0.979855
1.142000	0.977268
1.143000	0.974527
1.144000	0.971632
1.145000	0.968583
1.146000	0.965382
1.147000	0.962028
1.148000	0.958522
1.149000	0.954865
1.150000	0.951057
1.151000	0.947098
1.152000	0.942991
1.153000	0.938734
1.154000	0.934329
1.155000	0.929776
1.156000	0.925077
1.157000	0.920232
1.158000	0.915241
1.159000	0.910106
1.160000	0.904827
1.161000	0.899405
1.162000	0.893841
1.163000	0.888136
1.164000	0.882291
1.165000	0.876307
1.166000	0.870184
1.167000	0.863923
1.168000	0.857527
1.169000	0.850994
1.170000	0.844328
1.171000	0.837528
1.172000	0.830596
1.173000	0.823533
1.174000	0.816339
1.175000	0.809017
1.176000	0.801567
1.177000	0.793990
1.178000	0.786288
1.179000	0.778462
1.180000	0.770513
1.181000	0.762443
1.182000	0.754251
1.183000	0.745941
1.184000	0.737513
1.185000	0.728969
1.186000	0.720309
1.187000	0.711536
1.188000	0.702650
1.189000	0.693653
1.190000	0.684547
1.191000	0.675333
1.192000	0.666012
1.193000	0.656586
1.194000	0.647056
1.195000	0.637424
1.196000	0.627691
1.197000	0.617860
1.198000	0.607930
1.199000	0.597905
1.200000	0.587785
1.201000	0.577573
1.202000	0.567269
1.203000	0.556876
1.204000	0.546394
1.205000	0.535827
1.206000	0.525175
1.207000	0.514440
1.208000	0.503623
1.209000	0.492727
1.210000	0.481754
1.211000	0.470704
1.212000	0.459580
1.213000	0.448383
1.214000	0.437116
1.215000	0.425779
1.216000	0.414376
1.217000	0.402906
1.218000	0.391374
1.219000	0.379779
1.220000	0.368125
1.221000	0.356412
1.222000	0.344643
1.223000	0.332820
1.224000	0.320944
1.225000	0.309017
1.226000	0.297042
1.227000	0.285019
1.228000	0.272952
1.229000	0.260842
1.230000	0.248690
1.231000	0.236499
1.232000	0.224271
1.233000	0.212007
1.234000	0.199710
1.235000	0.187381
1.236000	0.175023
1.237000	0.162637
1.238000	0.150226
1.239000	0.137790
1.240000	0.125333
1.241000	0.112856
1.242000	0.100362
1.243000	0.087851
1.244000	0.075327
1.245000	0.062791
1.246000	0.050244
1.247000	0.037690
1.248000	0.025130
1.249000	0.012566
1.250000	0.000000
1.251000	-0.012566
1.252000	-0.025130
1.253000	-0.037690
1.254000	-0.050244
1.255000	-0.062791
1.256000	-0.075327
1.257000	-0.087851
1.258000	-0.100362
1.259000	-0.112856
1.260000	-0.125333
1.261000	-0.137790
1.262000	-0.150226
1.263000	-0.162637
1.264000	-0.175023
1.265000	-0.187381
1.266000	-0.199710
1.267000	-0.212007
1.268000	-0.224271
1.269000	-0.236499
1.270000	-0.248690
1.271000	-0.260842
1.272000	-0.272952
1.273000	-0.285019
1.274000	-0.297042
1.275000	-0.309017
1.276000	-0.320944
1.277000	-0.332820
1.278000	-0.344643
1.279000	-0.356412
1.280000	-0.368125
1.281000	-0.379779
1.282000	-0.391374
1.283000	-0.402906
1.284000	-0.414376
1.285000	-0.425779
1.286000	-0.437116
1.287000	-0.448383
1.288000	-0.459580
1.289000	-0.470704
1.290000	-0.481754
1.291000	-0.492727
1.292000	-0.503623
1.293000	-0.514440
1.294000	-0.525175
1.295000	-0.535827
1.296000	-0.546394
1.297000	-0.556876
1.298000	-0.567269
1.299000	-0.577573
1.300000	-0.587785
1.301000	-0.597905
1.302000	-0.607930
1.303000	-0.617860
1.304000	-0.627691
1.305000	-0.637424
1.306000	-0.647056
1.307000	-0.656586
1.308000	-0.666012
1.309000	-0.675333
1.310000	-0.684547
1.311000	-0.693653
1.312000	-0.702650
1.313000	-0.711536
1.314000	-0.720309
1.315000	-0.728969
1.316000	-0.737513
1.317000	-0.745941
1.318000	-0.754251
1.319000	-0.762443
1.320000	-0.770513
1.321000	-0.778462
1.322000	-0.786288
1.323000	-0.793990
1.324000	-0.801567
1.325000	-0.809017
1.326000	-0.816339
1.327000	-0.823533
1.328000	-0.830596
1.329000	-0.837528
1.330000	-0.844328
1.331000	-0.850994
1.332000	-0.857527
1.333000	-0.863923
1.334000	-0.870184
1.335000	-0.876307
1.336000	-0.882291
1.337000	-0.888136
1.338000	-0.893841
1.339000	-0.899405
1.340000	-0.904827
1.341000	-0.910106
1.342000	-0.915241
1.343000	-0.920232
1.344000	-0.925077
1.345000	-0.929776
1.346000	-0.934329
1.347000	-0.938734
1.348000	-0.942991
1.349000	-0.947098
1.350000	-0.951057
1.351000	-0.954865
1.352000	-0.958522
1.353000	-0.962028
1.354000	-0.965382
1.355000	-0.968583
1.356000	-0.971632
1.357000	-0.974527
1.358000	-0.977268
1.359000	-0.979855
1.360000	-0.982287
1.361000	-0.984564
1.362000	-0.986686
1.363000	-0.988652
1.364000	-0.990461
1.365000	-0.992115
1.366000	-0.993611
1.367000	-0.994951
1.368000	-0.996134
1.369000	-0.997159
1.370000	-0.998027
1.371000	-0.998737
1.372000	-0.999289
1.373000	-0.999684
1.374000	-0.999921
1.375000	-1.000000
1.376000	-0.999921
1.377000	-0.999684
1.378000	-0.999289
1.379000	-0.998737
1.380000	-0.998027
1.381000	-0.997159
1.382000	-0.996134
1.383000	-0.994951
1.384000	-0.993611
1.385000	-0.992115
1.386000	-0.990461
1.387000	-0.988652
1.388000	-0.986686
1.389000	-0.984564
1.390000	-0.982287
1.391000	-0.979855
1.392000	-0.977268
1.393000	-0.974527
1.394000	-0.971632
1.395000	-0.968583
1.396000	-0.965382
1.397000	-0.962028
1.398000	-0.958522
1.399000	-0.954865
1.400000	-0.951057
1.401000	-0.947098
1.402000	-0.942991
1.403000	-0.938734
1.404000	-0.934329
1.405000	-0.929776
1.406000	-0.925077
1.407000	-0.920232
1.408000	-0.915241
1.409000	-0.910106
1.410000	-0.904827
1.411000	-0.899405
1.412000	-0.893841
1.413000	-0.888136
1.414000	-0.882291
1.415000	-0.876307
1.416000	-0.870184
1.417000	-0.863923
1.418000	-0.857527
1.419000	-0.850994
1.420000	-0.844328
1.421000	-0.837528
1.422000	-0.830596
1.423000	-0.823533
1.424000	-0.816339
1.425000	-0.809017
1.426000	-0.801567
1.427000	-0.793990
1.428000	-0.786288
1.429000	-0.778462
1.430000	-0.770513
1.431000	-0.762443
1.432000	-0.754251
1.433000	-0.745941
1.434000	-0.737513
1.435000	-0.728969
1.436000	-0.720309
1.437000	-0.711536
1.438000	-0.702650
1.439000	-0.693653
1.440000	-0.684547
1.441000	-0.675333
1.442000	-0.666012
1.443000	-0.656586
1.444000	-0.647056
1.445000	-0.637424
1.446000	-0.627691
1.447000	-0.617860
1.448000	-0.607930
1.449000	-0.597905
1.450000	-0.587785
1.451000	-0.577573
1.452000	-0.567269
1.453000	-0.556876
1.454000	-0.546394
1.455000	-0.535827
1.456000	-0.525175
1.457000	-0.514440
1.458000	-0.503623
1.459000	-0.492727
1.460000	-0.481754
1.461000	-0.470704
1.462000	-0.459580
1.463000	-0.448383
1.464000	-0.437116
1.465000	-0.425779
1.466000	-0.414376
1.467000	-0.402906
1.468000	-0.391374
1.469000	-0.379779
1.470000	-0.368125
1.471000	-0.356412
1.472000	-0.344643
1.473000	-0.332820
1.474000	-0.320944
1.475000	-0.309017
1.476000	-0.297042
1.477000	-0.285019
1.478000	-0.272952
1.479000	-0.260842
1.480000	-0.248690
1.481000	-0.236499
1.482000	-0.224271
1.483000	-0.212007
1.484000	-0.199710
1.485000	-0.187381
1.486000	-0.175023
1.487000	-0.162637
1.488000	-0.150226
1.489000	-0.137790
1.490000	-0.125333
1.491000	-0.112856
1.492000	-0.100362
1.493000	-0.087851
1.494000	-0.075327
1.495000	-0.062791
1.496000	-0.050244
1.497000	-0.037690
1.498000	-0.025130
1.499000	-0.012566
1.500000	-0.000000
1.501000	0.012566
1.502000	0.025130
1.503000	0.037690
1.504000	0.050244
1.505000	0.062791
1.506000	0.075327
1.507000	0.087851
1.508000	0.100362
1.509000	0.112856
1.510000	0.125333
1.511000	0.137790
1.512000	0.150226
1.513000	0.162637
1.514000	0.175023
1.515000	0.187381
1.516000	0.199710
1.517000	0.212007
1.518000	0.224271
1.519000	0.236499
1.520000	0.248690
1.521000	0.260842
1.522000	0.272952
1.523000	0.285019
1.524000	0.297042
1.525000	0.309017
1.526000	0.320944
1.527000	0.332820
1.528000	0.344643
1.529000	0.356412
1.530000	0.368125
1.531000	0.379779
1.532000	0.391374
1.533000	0.402906
1.534000	0.414376
1.535000	0.425779
1.536000	0.437116
1.537000	0.448383
1.538000	0.459580
1.539000	0.470704
1.540000	0.481754
1.541000	0.492727
1.542000	0.503623
1.543000	0.514440
1.544000	0.525175
1.545000	0.535827
1.546000	0.546394
1.547000	0.556876
1.548000	0.567269
1.549000	0.577573
1.550000	0.587785
1.551000	0.597905
1.552000	0.607930
1.553000	0.617860
1.554000	0.627691
1.555000	0.637424
1.556000	0.647056
1.557000	0.656586
1.558000	0.666012
1.559000	0.675333
1.560000	0.684547
1.561000	0.693653
1.562000	0.702650
1.563000	0.711536
1.564000	0.720309
1.565000	0.728969
1.566000	0.737513
1.567000	0.745941
1.568000	0.754251
1.569000	0.762443
1.570000	0.770513
1.571000	0.778462
1.572000	0.786288
1.573000	0.793990
1.574000	0.801567
1.575000	0.809017
1.576000	0.816339
1.577000	0.823533
1.578000	0.830596
1.579000	0.837528
1.580000	0.844328
1.581000	0.850994
1.582000	0.857527
1.583000	0.863923
1.584000	0.870184
1.585000	0.876307
1.586000	0.882291
1.587000	0.888136
1.588000	0.893841
1.589000	0.899405
1.590000	0.904827
1.591000	0.910106
1.592000	0.915241
1.593000	0.920232
1.594000	0.925077
1.595000	0.929776
1.596000	0.934329
1.597000	0.938734
1.598000	0.942991
1.599000	0.947098
1.600000	0.951057
1.601000	0.954865
1.602000	0.958522
1.603000	0.962028
1.604000	0.965382
1.605000	0.968583
1.606000	0.971632
1.607000	0.974527
1.608000	0.977268
1.609000	0.979855
1.610000	0.982287
1.611000	0.984564
1.612000	0.986686
1.613000	0.988652
1.614000	0.990461
1.615000	0.992115
1.616000	0.993611
1.617000	0.994951
1.618000	0.996134
1.619000	0.997159
1.620000	0.998027
1.621000	0.998737
1.622000	0.999289
1.623000	0.999684
1.624000	0.999921
1.625000	1.000000
1.626000	0.999921
1.627000	0.999684
1.628000	0.999289
1.629000	0.998737
1.630000	0.998027
1.631000	0.997159
1.632000	0.996134
1.633000	0.994951
1.634000	0.993611
1.635000	0.992115
1.636000	0.990461
1.637000	0.988652
1.638000	0.986686
1.639000	0.984564
1.640000	0.982287
1.641000	0.979855
1.642000	0.977268
1.643000	0.974527
1.644000	0.971632
1.645000	0.968583
1.646000	0.965382
1.647000	0.962028
1.648000	0.958522
1.649000	0.954865
1.650000	0.951057
1.651000	0.947098
1.652000	0.942991
1.653000	0.938734
1.654000	0.934329
1.655000	0.929776
1.656000	0.925077
1.657000	0.920232
1.658000	0.915241
1.659000	0.910106
1.660000	0.904827
1.661000	0.899405
1.662000	0.893841
1.663000	0.888136
1.664000	0.882291
1.665000	0.876307
1.666000	0.870184
1.667000	0.863923
1.668000	0.857527
1.669000	0.850994
1.670000	0.844328
1.671000	0.837528
1.672000	0.830596
1.673000	0.823533
1.674000	0.816339
1.675000	0.809017
1.676000	0.801567
1.677000	0.793990
1.678000	0.786288
1.679000	0.778462
1.680000	0.770513
1.681000	0.762443
1.682000	0.754251
1.683000	0.745941
1.684000	0.737513
1.685000	0.728969
1.686000	0.720309
1.687000	0.711536
1.688000	0.702650
1.689000	0.693653
1.690000	0.684547
1.691000	0.675333
1.692000	0.666012
1.693000	0.656586
1.694000	0.647056
1.695000	0.637424
1.696000	0.627691
1.697000	0.617860
1.698000	0.607930
1.699000	0.597905
1.700000	0.587785
1.701000	0.577573
1.702000	0.567269
1.703000	0.556876
1.704000	0.546394
1.705000	0.535827
1.706000	0.525175
1.707000	0.514440
1.708000	0.503623
1.709000	0.492727
1.710000	0.481754
1.711000	0.470704
1.712000	0.459580
1.713000	0.448383
1.714000	0.437116
1.715000	0.425779
1.716000	0.414376
1.717000	0.402906
1.718000	0.391374
1.719000	0.379779
1.720000	0.368125
1.721000	0.356412
1.722000	0.344643
1.723000	0.332820
1.724000	0.320944
1.725000	0.309017
1.726000	0.297042
1.727000	0.285019
1.728000	0.272952
1.729000	0.260842
1.730000	0.248690
1.731000	0.236499
1.732000	0.224271
1.733000	0.212007
1.734000	0.199710
1.735000	0.187381
1.736000	0.175023
1.737000	0.162637
1.738000	0.150226
1.739000	0.137790
1.740000	0.125333
1.741000	0.112856
1.742000	0.100362
1.743000	0.087851
1.744000	0.075327
1.745000	0.062791
1.746000	0.050244
1.747000	0.037690
1.748000	0.025130
1.749000	0.012566
1.750000	0.000000
1.751000	-0.012566
1.752000	-0.025130
1.753000	-0.037690
1.754000	-0.050244
1.755000	-0.062791
1.756000	-0.075327
1.757000	-0.087851
1.758000	-0.100362
1.759000	-0.112856
1.760000	-0.125333
1.761000	-0.137790
1.762000	-0.150226
1.763000	-0.162637
1.764000	-0.175023
1.765000	-0.187381
1.766000	-0.199710
1.767000	-0.212007
1.768000	-0.224271
1.769000	-0.236499
1.770000	-0.248690
1.771000	-0.260842
1.772000	-0.272952
1.773000	-0.285019
1.774000	-0.297042
1.775000	-0.309017
1.776000	-0.320944
1.777000	-0.332820
1.778000	-0.344643
1.779000	-0.356412
1.780000	-0.368125
1.781000	-0.379779
1.782000	-0.391374
1.783000	-0.402906
1.784000	-0.414376
1.785000	-0.425779
1.786000	-0.437116
1.787000	-0.448383
1.788000	-0.459580
1.789000	-0.470704
1.790000	-0.481754
1.791000	-0.492727
1.792000	-0.503623
1.793000	-0.514440
1.794000	-0.525175
1.795000	-0.535827
1.796000	-0.546394
1.797000	-0.556876
1.798000	-0.567269
1.799000	-0.577573
1.800000	-0.587785
1.801000	-0.597905
1.802000	-0.607930
1.803000	-0.617860
1.804000	-0.627691
1.805000	-0.637424
1.806000	-0.647056
1.807000	-0.656586
1.808000	-0.666012
1.809000	-0.675333
1.810000	-0.684547
1.811000	-0.693653
1.812000	-0.702650
1.813000	-0.711536
1.814000	-0.720309
1.815000	-0.728969
1.816000	-0.737513
1.817000	-0.745941
1.818000	-0.754251
1.819000	-0.762443
1.820000	-0.770513
1.821000	-0.778462
1.822000	-0.786288
1.823000	-0.793990
1.824000	-0.801567
1.825000	-0.809017
1.826000	-0.816339
1.827000	-0.823533
1.828000	-0.830596
1.829000	-0.837528
1.830000	-0.844328
1.831000	-0.850994
1.832000	-0.857527
1.833000	-0.863923
1.834000	-0.870184
1.835000	-0.876307
1.836000	-0.882291
1.837000	-0.888136
1.838000	-0.893841
1.839000	-0.899405
1.840000	-0.904827
1.841000	-0.910106
1.842000	-0.915241
1.843000	-0.920232
1.844000	-0.925077
1.845000	-0.929776
1.846000	-0.934329
1.847000	-0.938734
1.848000	-0.942991
1.849000	-0.947098
1.850000	-0.951057
1.851000	-0.954865
1.852000	-0.958522
1.853000	-0.962028
1.854000	-0.965382
1.855000	-0.968583
1.856000	-0.971632
1.857000	-0.974527
1.858000	-0.977268
1.859000	-0.979855
1.860000	-0.982287
1.861000	-0.984564
1.862000	-0.986686
1.863000	-0.988652
1.864000	-0.990461
1.865000	-0.992115
1.866000	-0.993611
1.867000	-0.994951
1.868000	-0.996134
1.869000	-0.997159
1.870000	-0.998027
1.871000	-0.998737
1.872000	-0.999289
1.873000	-0.999684
1.874000	-0.999921
1.875000	-1.000000
1.876000	-0.999921
1.877000	-0.999684
1.878000	-0.999289
1.879000	-0.998737
1.880000	-0.998027
1.881000	-0.997159
1.882000	-0.996134
1.883000	-0.994951
1.884000	-0.993611
1.885000	-0.992115
1.886000	-0.990461
1.887000	-0.988652
1.888000	-0.986686
1.889000	-0.984564
1.890000	-0.982287
1.891000	-0.979855
1.892000	-0.977268
1.893000	-0.974527
1.894000	-0.971632
1.895000	-0.968583
1.896000	-0.965382
1.897000	-0.962028
1.898000	-0.958522
1.899000	-0.954865
1.900000	-0.951057
1.901000	-0.947098
1.902000	-0.942991
1.903000	-0.938734
1.904000	-0.934329
1.905000	-0.929776
1.906000	-0.925077
1.907000	-0.920232
1.908000	-0.915241
1.909000	-0.910106
1.910000	-0.904827
1.911000	-0.899405
1.912000	-0.893841
1.913000	-0.888136
1.914000	-0.882291
1.915000	-0.876307
1.916000	-0.870184
1.917000	-0.863923
1.918000	-0.857527
1.919000	-0.850994
1.920000	-0.844328
1.921000	-0.837528
1.922000	-0.830596
1.923000	-0.823533
1.924000	-0.816339
1.925000	-0.809017
1.926000	-0.801567
1.927000	-0.793990
1.928000	-0.786288
1.929000	-0.778462
1.930000	-0.770513
1.931000	-0.762443
1.932000	-0.754251
1.933000	-0.745941
1.934000	-0.737513
1.935000	-0.728969
1.936000	-0.720309
1.937000	-0.711536
1.938000	-0.702650
1.939000	-0.693653
1.940000	-0.684547
1.941000	-0.675333
1.942000	-0.666012
1.943000	-0.656586
1.944000	-0.647056
1.945000	-0.637424
1.946000	-0.627691
1.947000	-0.617860
1.948000	-0.607930
1.949000	-0.597905
1.950000	-0.587785
1.951000	-0.577573
1.952000	-0.567269
1.953000	-0.556876
1.954000	-0.546394
1.955000	-0.535827
1.956000	-0.525175
1.957000	-0.514440
1.958000	-0.503623
1.959000	-0.492727
1.960000	-0.481754
1.961000	-0.470704
1.962000	-0.459580
1.963000	-0.448383
1.964000	-0.437116
1.965000	-0.425779
1.966000	-0.414376
1.967000	-0.402906
1.968000	-0.391374
1.969000	-0.379779
1.970000	-0.368125
1.971000	-0.356412
1.972000	-0.344643
1.973000	-0.332820
1.974000	-0.320944
1.975000	-0.309017
1.976000	-0.297042
1.977000	-0.285019
1.978000	-0.272952
1.979000	-0.260842
1.980000	-0.248690
1.981000	-0.236499
1.982000	-0.224271
1.983000	-0.212007
1.984000	-0.199710
1.985000	-0.187381
1.986000	-0.175023
1.987000	-0.162637
1.988000	-0.150226
1.989000	-0.137790
1.990000	-0.125333
1.991000	-0.112856
1.992000	-0.100362
1.993000	-0.087851
1.994000	-0.075327
1.995000	-0.062791
1.996000	-0.050244
1.997000	-0.037690
1.998000	-0.025130
1.999000	-0.012566
2.000000	-0.000000
2.001000	0.012566
2.002000	0.025130
2.003000	0.037690
2.004000	0.050244
2.005000	0.062791
2.006000	0.075327
2.007000	0.087851
2.008000	0.100362
2.009000	0.112856
2.010000	0.125333
2.011000	0.137790
2.012000	0.150226
2.013000	0.162637
2.014000	0.175023
2.015000	0.187381
2.016000	0.199710
2.017000	0.212007
2.018000	0.224271
2.019000	0.236499
2.020000	0.248690
2.021000	0.260842
2.022000	0.272952
2.023000	0.285019
2.024000	0.297042
2.025000	0.309017
2.026000	0.320944
2.027000	0.332820
2.028000	0.344643
2.029000	0.356412
2.030000	0.368125
2.031000	0.379779
2.032000	0.391374
2.033000	0.402906
2.034000	0.414376
2.035000	0.425779
2.036000	0.437116
2.037000	0.448383
2.038000	0.459580
2.039000	0.470704
2.040000	0.481754
2.041000	0.492727
2.042000	0.503623
2.043000	0.514440
2.044000	0.525175
2.045000	0.535827
2.046000	0.546394
2.047000	0.556876
2.048000	0.567269
2.049000	0.577573
2.050000	0.587785
2.051000	0.597905
2.052000	0.607930
2.053000	0.617860
2.054000	0.627691
2.055000	0.637424
2.056000	0.647056
2.057000	0.656586
2.058000	0.666012
2.059000	0.675333
2.060000	0.684547
2.061000	0.693653
2.062000	0.702650
2.063000	0.711536
2.064000	0.720309
2.065000	0.728969
2.066000	0.737513
2.067000	0.745941
2.068000	0.754251
2.069000	0.762443
2.070000	0.770513
2.071000	0.778462
2.072000	0.786288
2.073000	0.793990
2.074000	0.801567
2.075000	0.809017
2.076000	0.816339
2.077000	0.823533
2.078000	0.830596
2.079000	0.837528
2.080000	0.844328
2.081000	0.850994
2.082000	0.857527
2.083000	0.863923
2.084000	0.870184
2.085000	0.876307
2.086000	0.882291
2.087000	0.888136
2.088000	0.893841
2.089000	0.899405
2.090000	0.904827
2.091000	0.910106
2.092000	0.915241
2.093000	0.920232
2.094000	0.925077
2.095000	0.929776
2.096000	0.934329
2.097000	0.938734
2.098000	0.942991
2.099000	0.947098
2.100000	0.951057
2.101000	0.954865
2.102000	0.958522
2.103000	0.962028
2.104000	0.965382
2.105000	0.968583
2.106000	0.971632
2.107000	0.974527
2.108000	0.977268
2.109000	0.979855
2.110000	0.982287
2.111000	0.984564
2.112000	0.986686
2.113000	0.988652
2.114000	0.990461
2.115000	0.992115
2.116000	0.993611
2.117000	0.994951
2.118000	0.996134
2.119000	0.997159
2.120000	0.998027
2.121000	0.998737
2.122000	0.999289
2.123000	0.999684
2.124000	0.999921
2.125000	1.000000
2.126000	0.999921
2.127000	0.999684
2.128000	0.999289
2.129000	0.998737
2.130000	0.998027
2.131000	0.997159
2.132000	0.996134
2.133000	0.994951
2.134000	0.993611
2.135000	0.992115
2.136000	0.990461
2.137000	0.988652
2.138000	0.986686
2.139000	0.984564
2.140000	0.982287
2.141000	0.979855
2.142000	0.977268
2.143000	0.974527
2.144000	0.971632
2.145000	0.968583
2.146000	0.965382
2.147000	0.962028
2.148000	0.958522
2.149000	0.954865
2.150000	0.951057
2.151000	0.947098
2.152000	0.942991
2.153000	0.938734
2.154000	0.934329
2.155000	0.929776
2.156000	0.925077
2.157000	0.920232
2.158000	0.915241
2.159000	0.910106
2.160000	0.904827
2.161000	0.899405
2.162000	0.893841
2.163000	0.888136
2.164000	0.882291
2.165000	0.876307
2.166000	0.870184
2.167000	0.863923
2.168000	0.857527
2.169000	0.850994
2.170000	0.844328
2.171000	0.837528
2.172000	0.830596
2.173000	0.823533
2.174000	0.816339
2.175000	0.809017
2.176000	0.801567
2.177000	0.793990
2.178000	0.786288
2.179000	0.778462
2.180000	0.770513
2.181000	0.762443
2.182000	0.754251
2.183000	0.745941
2.184000	0.737513
2.185000	0.728969
2.186000	0.720309
2.187000	0.711536
2.188000	0.702650
2.189000	0.693653
2.190000	0.684547
2.191000	0.675333
2.192000	0.666012
2.193000	0.656586
2.194000	0.647056
2.195000	0.637424
2.196000	0.627691
2.197000	0.617860
2.198000	0.607930
2.199000	0.597905
2.200000	0.587785
2.201000	0.577573
2.202000	0.567269
2.203000	0.556876
2.204000	0.546394
2.205000	0.535827
2.206000	0.525175
2.207000	0.514440
2.208000	0.503623
2.209000	0.492727
2.210000	0.481754
2.211000	0.470704
2.212000	0.459580
2.213000	0.448383
2.214000	0.437116
2.215000	0.425779
2.216000	0.414376
2.217000	0.402906
2.218000	0.391374
2.219000	0.379779
2.220000	0.368125
2.221000	0.356412
2.222000	0.344643
2.223000	0.332820
2.224000	0.320944
2.225000	0.309017
2.226000	0.297042
2.227000	0.285019
2.228000	0.272952
2.229000	0.260842
2.230000	0.248690
2.231000	0.236499
2.232000	0.224271
2.233000	0.212007
2.234000	0.199710
2.235000	0.187381
2.236000	0.175023
2.237000	0.162637
2.238000	0.150226
2.239000	0.137790
2.240000	0.125333
2.241000	0.112856
2.242000	0.100362
2.243000	0.087851
2.244000	0.075327
2.245000	0.062791
2.246000	0.050244
2.247000	0.037690
2.248000	0.025130
2.249000	0.012566
2.250000	0.000000
2.251000	-0.012566
2.252000	-0.025130
2.253000	-0.037690
2.254000	-0.050244
2.255000	-0.062791
2.256000	-0.075327
2.257000	-0.087851
2.258000	-0.100362
2.259000	-0.112856
2.260000	-0.125333
2.261000	-0.137790
2.262000	-0.150226
2.263000	-0.162637
2.264000	-0.175023
2.265000	-0.187381
2.266000	-0.199710
2.267000	-0.212007
2.268000	-0.224271
2.269000	-0.236499
2.270000	-0.248690
2.271000	-0.260842
2.272000	-0.272952
2.273000	-0.285019
2.274000	-0.297042
2.275000	-0.309017
2.276000	-0.320944
2.277000	-0.332820
2.278000	-0.344643
2.279000	-0.356412
2.280000	-0.368125
2.281000	-0.379779
2.282000	-0.391374
2.283000	-0.402906
2.284000	-0.414376
2.285000	-0.425779
2.286000	-0.437116
2.287000	-0.448383
2.288000	-0.459580
2.289000	-0.470704
2.290000	-0.481754
2.291000	-0.492727
2.292000	-0.503623
2.293000	-0.514440
2.294000	-0.525175
2.295000	-0.535827
2.296000	-0.546394
2.297000	-0.556876
2.298000	-0.567269
2.299000	-0.577573
2.300000	-0.587785
2.301000	-0.597905
2.302000	-0.607930
2.303000	-0.617860
2.304000	-0.627691
2.305000	-0.637424
2.306000	-0.647056
2.307000	-0.656586
2.308000	-0.666012
2.309000	-0.675333
2.310000	-0.684547
2.311000	-0.693653
2.312000	-0.702650
2.313000	-0.711536
2.314000	-0.720309
2.315000	-0.728969
2.316000	-0.737513
2.317000	-0.745941
2.318000	-0.754251
2.319000	-0.762443
2.320000	-0.770513
2.321000	-0.778462
2.322000	-0.786288
2.323000	-0.793990
2.324000	-0.801567
2.325000	-0.809017
2.326000	-0.816339
2.327000	-0.823533
2.328000	-0.830596
2.329000	-0.837528
2.330000	-0.844328
2.331000	-0.850994
2.332000	-0.857527
2.333000	-0.863923
2.334000	-0.870184
2.335000	-0.876307
2.336000	-0.882291
2.337000	-0.888136
2.338000	-0.893841
2.339000	-0.899405
2.340000	-0.904827
2.341000	-0.910106
2.342000	-0.915241
2.343000	-0.920232
2.344000	-0.925077
2.345000	-0.929776
2.346000	-0.934329
2.347000	-0.938734
2.348000	-0.942991
2.349000	-0.947098
2.350000	-0.951057
2.351000	-0.954865
2.352000	-0.958522
2.353000	-0.962028
2.354000	-0.965382
2.355000	-0.968583
2.356000	-0.971632
2.357000	-0.974527
2.358000	-0.977268
2.359000	-0.979855
2.360000	-0.982287
2.361000	-0.984564
2.362000	-0.986686
2.363000	-0.988652
2.364000	-0.990461
2.365000	-0.992115
2.366000	-0.993611
2.367000	-0.994951
2.368000	-0.996134
2.369000	-0.997159
2.370000	-0.998027
2.371000	-0.998737
2.372000	-0.999289
2.373000	-0.999684
2.374000	-0.999921
2.375000	-1.000000
2.376000	-0.999921
2.377000	-0.999684
2.378000	-0.999289
2.379000	-0.998737
2.380000	-0.998027
2.381000	-0.997159
2.382000	-0.996134
2.383000	-0.994951
2.384000	-0.993611
2.385000	-0.992115
2.386000	-0.990461
2.387000	-0.988652
2.388000	-0.986686
2.389000	-0.984564
2.390000	-0.982287
2.391000	-0.979855
2.392000	-0.977268
2.393000	-0.974527
2.394000	-0.971632
2.395000	-0.968583
2.396000	-0.965382
2.397000	-0.962028
2.398000	-0.958522
2.399000	-0.954865
2.400000	-0.951057
2.401000	-0.947098
2.402000	-0.942991
2.403000	-0.938734
2.404000	-0.934329
2.405000	-0.929776
2.406000	-0.925077
2.407000	-0.920232
2.408000	-0.915241
2.409000	-0.910106
2.410000	-0.904827
2.411000	-0.899405
2.412000	-0.893841
2.413000	-0.888136
2.414000	-0.882291
2.415000	-0.876307
2.416000	-0.870184
2.417000	-0.863923
2.418000	-0.857527
2.419000	-0.850994
2.420000	-0.844328
2.421000	-0.837528
2.422000	-0.830596
2.423000	-0.823533
2.424000	-0.816339
2.425000	-0.809017
2.426000	-0.801567
2.427000	-0.793990
2.428000	-0.786288
2.429000	-0.778462
2.430000	-0.770513
2.431000	-0.762443
2.432000	-0.754251
2.433000	-0.745941
2.434000	-0.737513
2.435000	-0.728969
2.436000	-0.720309
2.437000	-0.711536
2.438000	-0.702650
2.439000	-0.693653
2.440000	-0.684547
2.441000	-0.675333
2.442000	-0.666012
2.443000	-0.656586
2.444000	-0.647056
2.445000	-0.637424
2.446000	-0.627691
2.447000	-0.617860
2.448000	-0.607930
2.449000	-0.597905
2.450000	-0.587785
2.451000	-0.577573
2.452000	-0.567269
2.453000	-0.556876
2.454000	-0.546394
2.455000	-0.535827
2.456000	-0.525175
2.457000	-0.514440
2.458000	-0.503623
2.459000	-0.492727
2.460000	-0.481754
2.461000	-0.470704
2.462000	-0.459580
2.463000	-0.448383
2.464000	-0.437116
2.465000	-0.425779
2.466000	-0.414376
2.467000	-0.402906
2.468000	-0.391374
2.469000	-0.379779
2.470000	-0.368125
2.471000	-0.356412
2.472000	-0.344643
2.473000	-0.332820
2.474000	-0.320944
2.475000	-0.309017
2.476000	-0.297042
2.477000	-0.285019
2.478000	-0.272952
2.479000	-0.260842
2.480000	-0.248690
2.481000	-0.236499
2.482000	-0.224271
2.483000	-0.212007
2.484000	-0.199710
2.485000	-0.187381
2.486000	-0.175023
2.487000	-0.162637
2.488000	-0.150226
2.489000	-0.137790
2.490000	-0.125333
2.491000	-0.112856
2.492000	-0.100362
2.493000	-0.087851
2.494000	-0.075327
2.495000	-0.062791
2.496000	-0.050244
2.497000	-0.037690
2.498000	-0.025130
2.499000	-0.012566
2.500000	-0.000000
2.501000	0.012566
2.502000	0.025130
2.503000	0.037690
2.504000	0.050244
2.505000	0.062791
2.506000	0.075327
2.507000	0.087851
2.508000	0.100362
2.509000	0.112856
2.510000	0.125333
2.511000	0.137790
2.512000	0.150226
2.513000	0.162637
2.514000	0.175023
2.515000	0.187381
2.516000	0.199710
2.517000	0.212007
2.518000	0.224271
2.519000	0.236499
2.520000	0.248690
2.521000	0.260842
2.522000	0.272952
2.523000	0.285019
2.524000	0.297042
2.525000	0.309017
2.526000	0.320944
2.527000	0.332820
2.528000	0.344643
2.529000	0.356412
2.530000	0.368125
2.531000	0.379779
2.532000	0.391374
2.533000	0.402906
2.534000	0.414376
2.535000	0.425779
2.536000	0.437116
2.537000	0.448383
2.538000	0.459580
2.539000	0.470704
2.540000	0.481754
2.541000	0.492727
2.542000	0.503623
2.543000	0.514440
2.544000	0.525175
2.545000	0.535827
2.546000	0.546394
2.547000	0.556876
2.548000	0.567269
2.549000	0.577573
2.550000	0.587785
2.551000	0.597905
2.552000	0.607930
2.553000	0.617860
2.554000	0.627691
2.555000	0.637424
2.556000	0.647056
2.557000	0.656586
2.558000	0.666012
2.559000	0.675333
2.560000	0.684547
2.561000	0.693653
2.562000	0.702650
2.563000	0.711536
2.564000	0.720309
2.565000	0.728969
2.566000	0.737513
2.567000	0.745941
2.568000	0.754251
2.569000	0.762443
2.570000	0.770513
2.571000	0.778462
2.572000	0.786288
2.573000	0.793990
2.574000	0.801567
2.575000	0.809017
2.576000	0.816339
2.577000	0.823533
2.578000	0.830596
2.579000	0.837528
2.580000	0.844328
2.581000	0.850994
2.582000	0.857527
2.583000	0.863923
2.584000	0.870184
2.585000	0.876307
2.586000	0.882291
2.587000	0.888136
2.588000	0.893841
2.589000	0.899405
2.590000	0.904827
2.591000	0.910106
2.592000	0.915241
2.593000	0.920232
2.594000	0.925077
2.595000	0.929776
2.596000	0.934329
2.597000	0.938734
2.598000	0.942991
2.599000	0.947098
2.600000	0.951057
2.601000	0.954865
2.602000	0.958522
2.603000	0.962028
2.604000	0.965382
2.605000	0.968583
2.606000	0.971632
2.607000	0.974527
2.608000	0.977268
2.609000	0.979855
2.610000	0.982287
2.611000	0.984564
2.612000	0.986686
2.613000	0.988652
2.614000	0.990461
2.615000	0.992115
2.616000	0.993611
2.617000	0.994951
2.618000	0.996134
2.619000	0.997159
2.620000	0.998027
2.621000	0.998737
2.622000	0.999289
2.623000	0.999684
2.624000	0.999921
2.625000	1.000000
2.626000	0.999921
2.627000	0.999684
2.628000	0.999289
2.629000	0.998737
2.630000	0.998027
2.631000	0.997159
2.632000	0.996134
2.633000	0.994951
2.634000	0.993611
2.635000	0.992115
2.636000	0.990461
2.637000	0.988652
2.638000	0.986686
2.639000	0.984564
2.640000	0.982287
2.641000	0.979855
2.642000	0.977268
2.643000	0.974527
2.644000	0.971632
2.645000	0.968583
2.646000	0.965382
2.647000	0.962028
2.648000	0.958522
2.649000	0.954865
2.650000	0.951057
2.651000	0.947098
2.652000	0.942991
2.653000	0.938734
2.654000	0.934329
2.655000	0.929776
2.656000	0.925077
2.657000	0.920232
2.658000	0.915241
2.659000	0.910106
2.660000	0.904827
2.661000	0.899405
2.662000	0.893841
2.663000	0.888136
2.664000	0.882291
2.665000	0.876307
2.666000	0.870184
2.667000	0.863923
2.668000	0.857527
2.669000	0.850994
2.670000	0.844328
2.671000	0.837528
2.672000	0.830596
2.673000	0.823533
2.674000	0.816339
2.675000	0.809017
2.676000	0.801567
2.677000	0.793990
2.678000	0.786288
2.679000	0.778462
2.680000	0.770513
2.681000	0.762443
2.682000	0.754251
2.683000	0.745941
2.684000	0.737513
2.685000	0.728969
2.686000	0.720309
2.687000	0.711536
2.688000	0.702650
2.689000	0.693653
2.690000	0.684547
2.691000	0.675333
2.692000	0.666012
2.693000	0.656586
2.694000	0.647056
2.695000	0.637424
2.696000	0.627691
2.697000	0.617860
2.698000	0.607930
2.699000	0.597905
2.700000	0.587785
2.701000	0.577573
2.702000	0.567269
2.703000	0.556876
2.704000	0.546394
2.705000	0.535827
2.706000	0.525175
2.707000	0.514440
2.708000	0.503623
2.709000	0.492727
2.710000	0.481754
2.711000	0.470704
2.712000	0.459580
2.713000	0.448383
2.714000	0.437116
2.715000	0.425779
2.716000	0.414376
2.717000	0.402906
2.718000	0.391374
2.719000	0.379779
2.720000	0.368125
2.721000	0.356412
2.722000	0.344643
2.723000	0.332820
2.724000	0.320944
2.725000	0.309017
2.726000	0.297042
2.727000	0.285019
2.728000	0.272952
2.729000	0.260842
2.730000	0.248690
2.731000	0.236499
2.732000	0.224271
2.733000	0.212007
2.734000	0.199710
2.735000	0.187381
2.736000	0.175023
2.737000	0.162637
2.738000	0.150226
2.739000	0.137790
2.740000	0.125333
2.741000	0.112856
2.742000	0.100362
2.743000	0.087851
2.744000	0.075327
2.745000	0.062791
2.746000	0.050244
2.747000	0.037690
2.748000	0.025130
2.749000	0.012566
2.750000	0.000000
2.751000	-0.012566
2.752000	-0.025130
2.753000	-0.037690
2.754000	-0.050244
2.755000	-0.062791
2.756000	-0.075327
2.757000	-0.087851
2.758000	-0.100362
2.759000	-0.112856
2.760000	-0.125333
2.761000	-0.137790
2.762000	-0.150226
2.763000	-0.162637
2.764000	-0.175023
2.765000	-0.187381
2.766000	-0.199710
2.767000	-0.212007
2.768000	-0.224271
2.769000	-0.236499
2.770000	-0.248690
2.771000	-0.260842
2.772000	-0.272952
2.773000	-0.285019
2.774000	-0.297042
2.775000	-0.309017
2.776000	-0.320944
2.777000	-0.332820
2.778000	-0.344643
2.779000	-0.356412
2.780000	-0.368125
2.781000	-0.379779
2.782000	-0.391374
2.783000	-0.402906
2.784000	-0.414376
2.785000	-0.425779
2.786000	-0.437116
2.787000	-0.448383
2.788000	-0.459580
2.789000	-0.470704
2.790000	-0.481754
2.791000	-0.492727
2.792000	-0.503623
2.793000	-0.514440
2.794000	-0.525175
2.795000	-0.535827
2.796000	-0.546394
2.797000	-0.556876
2.798000	-0.567269
2.799000	-0.577573
2.800000	-0.587785
2.801000	-0.597905
2.802000	-0.607930
2.803000	-0.617860
2.804000	-0.627691
2.805000	-0.637424
2.806000	-0.647056
2.807000	-0.656586
2.808000	-0.666012
2.809000	-0.675333
2.810000	-0.684547
2.811000	-0.693653
2.812000	-0.702650
2.813000	-0.711536
2.814000	-0.720309
2.815000	-0.728969
2.816000	-0.737513
2.817000	-0.745941
2.818000	-0.754251
2.819000	-0.762443
2.820000	-0.770513
2.821000	-0.778462
2.822000	-0.786288
2.823000	-0.793990
2.824000	-0.801567
2.825000	-0.809017
2.826000	-0.816339
2.827000	-0.823533
2.828000	-0.830596
2.829000	-0.837528
2.830000	-0.844328
2.831000	-0.850994
2.832000	-0.857527
2.833000	-0.863923
2.834000	-0.870184
2.835000	-0.876307
2.836000	-0.882291
2.837000	-0.888136
2.838000	-0.893841
2.839000	-0.899405
2.840000	-0.904827
2.841000	-0.910106
2.842000	-0.915241
2.843000	-0.920232
2.844000	-0.925077
2.845000	-0.929776
2.846000	-0.934329
2.847000	-0.938734
2.848000	-0.942991
2.849000	-0.947098
2.850000	-0.951057
2.851000	-0.954865
2.852000	-0.958522
2.853000	-0.962028
2.854000	-0.965382
2.855000	-0.968583
2.856000	-0.971632
2.857000	-0.974527
2.858000	-0.977268
2.859000	-0.979855
2.860000	-0.982287
2.861000	-0.984564
2.862000	-0.986686
2.863000	-0.988652
2.864000	-0.990461
2.865000	-0.992115
2.866000	-0.993611
2.867000	-0.994951
2.868000	-0.996134
2.869000	-0.997159
2.870000	-0.998027
2.871000	-0.998737
2.872000	-0.999289
2.873000	-0.999684
2.874000	-0.999921
2.875000	-1.000000
2.876000	-0.999921
2.877000	-0.999684
2.878000	-0.999289
2.879000	-0.998737
2.880000	-0.998027
2.881000	-0.997159
2.882000	-0.996134
2.883000	-0.994951
2.884000	-0.993611
2.885000	-0.992115
2.886000	-0.990461
2.887000	-0.988652
2.888000	-0.986686
2.889000	-0.984564
2.890000	-0.982287
2.891000	-0.979855
2.892000	-0.977268
2.893000	-0.974527
2.894000	-0.971632
2.895000	-0.968583
2.896000	-0.965382
2.897000	-0.962028
2.898000	-0.958522
2.899000	-0.954865
2.900000	-0.951057
2.901000	-0.947098
2.902000	-0.942991
2.903000	-0.938734
2.904000	-0.934329
2.905000	-0.929776
2.906000	-0.925077
2.907000	-0.920232
2.908000	-0.915241
2.909000	-0.910106
2.910000	-0.904827
2.911000	-0.899405
2.912000	-0.893841
2.913000	-0.888136
2.914000	-0.882291
2.915000	-0.876307
2.916000	-0.870184
2.917000	-0.863923
2.918000	-0.857527
2.919000	-0.850994
2.920000	-0.844328
2.921000	-0.837528
2.922000	-0.830596
2.923000	-0.823533
2.924000	-0.816339
2.925000	-0.809017
2.926000	-0.801567
2.927000	-0.793990
2.928000	-0.786288
2.929000	-0.778462
2.930000	-0.770513
2.931000	-0.762443
2.932000	-0.754251
2.933000	-0.745941
2.934000	-0.737513
2.935000	-0.728969
2.936000	-0.720309
2.937000	-0.711536
2.938000	-0.702650
2.939000	-0.693653
2.940000	-0.684547
2.941000	-0.675333
2.942000	-0.666012
2.943000	-0.656586
2.944000	-0.647056
2.945000	-0.637424
2.946000	-0.627691
2.947000	-0.617860
2.948000	-0.607930
2.949000	-0.597905
2.950000	-0.587785
2.951000	-0.577573
2.952000	-0.567269
2.953000	-0.556876
2.954000	-0.546394
2.955000	-0.535827
2.956000	-0.525175
2.957000	-0.514440
2.958000	-0.503623
2.959000	-0.492727
2.960000	-0.481754
2.961000	-0.470704
2.962000	-0.459580
2.963000	-0.448383
2.964000	-0.437116
2.965000	-0.425779
2.966000	-0.414376
2.967000	-0.402906
2.968000	-0.391374
2.969000	-0.379779
2.970000	-0.368125
2.971000	-0.356412
2.972000	-0.344643
2.973000	-0.332820
2.974000	-0.320944
2.975000	-0.309017
2.976000	-0.297042
2.977000	-0.285019
2.978000	-0.272952
2.979000	-0.260842
2.980000	-0.248690
2.981000	-0.236499
2.982000	-0.224271
2.983000	-0.212007
2.984000	-0.199710
2.985000	-0.187381
2.986000	-0.175023
2.987000	-0.162637
2.988000	-0.150226
2.989000	-0.137790
2.990000	-0.125333
2.991000	-0.112856
2.992000	-0.100362
2.993000	-0.087851
2.994000	-0.075327
2.995000	-0.062791
2.996000	-0.050244
2.997000	-0.037690
2.998000	-0.025130
2.999000	-0.012566
3.000000	-0.000000
3.001000	0.012566
3.002000	0.025130
3.003000	0.037690
3.004000	0.050244
3.005000	0.062791
3.006000	0.075327
3.007000	0.087851
3.008000	0.100362
3.009000	0.112856
3.010000	0.125333
3.011000	0.137790
3.012000	0.150226
3.013000	0.162637
3.014000	0.175023
3.015000	0.187381
3.016000	0.199710
3.017000	0.212007
3.018000	0.224271
3.019000	0.236499
3.020000	0.248690
3.021000	0.260842
3.022000	0.272952
3.023000	0.285019
3.024000	0.297042
3.025000	0.309017
3.026000	0.320944
3.027000	0.332820
3.028000	0.344643
3.029000	0.356412
3.030000	0.368125
3.031000	0.379779
3.032000	0.391374
3.033000	0.402906
3.034000	0.414376
3.035000	0.425779
3.036000	0.437116
3.037000	0.448383
3.038000	0.459580
3.039000	0.470704
3.040000	0.481754
3.041000	0.492727
3.042000	0.503623
3.043000	0.514440
3.044000	0.525175
3.045000	0.535827
3.046000	0.546394
3.047000	0.556876
3.048000	0.567269
3.049000	0.577573
3.050000	0.587785
3.051000	0.597905
3.052000	0.607930
3.053000	0.617860
3.054000	0.627691
3.055000	0.637424
3.056000	0.647056
3.057000	0.656586
3.058000	0.666012
3.059000	0.675333
3.060000	0.684547
3.061000	0.693653
3.062000	0.702650
3.063000	0.711536
3.064000	0.720309
3.065000	0.728969
3.066000	0.737513
3.067000	0.745941
3.068000	0.754251
3.069000	0.762443
3.070000	0.770513
3.071000	0.778462
3.072000	0.786288
3.073000	0.793990
3.074000	0.801567
3.075000	0.809017
3.076000	0.816339
3.077000	0.823533
3.078000	0.830596
3.079000	0.837528
3.080000	0.844328
3.081000	0.850994
3.082000	0.857527
3.083000	0.863923
3.084000	0.870184
3.085000	0.876307
3.086000	0.882291
3.087000	0.888136
3.088000	0.893841
3.089000	0.899405
3.090000	0.904827
3.091000	0.910106
3.092000	0.915241
3.093000	0.920232
3.094000	0.925077
3.095000	0.929776
3.096000	0.934329
3.097000	0.938734
3.098000	0.942991
3.099000	0.947098
3.100000	0.951057
3.101000	0.954865
3.102000	0.958522
3.103000	0.962028
3.104000	0.965382
3.105000	0.968583
3.106000	0.971632
3.107000	0.974527
3.108000	0.977268
3.109000	0.979855
3.110000	0.982287
3.111000	0.984564
3.112000	0.986686
3.113000	0.988652
3.114000	0.990461
3.115000	0.992115
3.116000	0.993611
3.117000	0.994951
3.118000	0.996134
3.119000	0.997159
3.120000	0.998027
3.121000	0.998737
3.122000	0.999289
3.123000	0.999684
3.124000	0.999921
3.125000	1.000000
3.126000	0.999921
3.127000	0.999684
3.128000	0.999289
3.129000	0.998737
3.130000	0.998027
3.131000	0.997159
3.132000	0.996134
3.133000	0.994951
3.134000	0.993611
3.135000	0.992115
3.136000	0.990461
3.137000	0.988652
3.138000	0.986686
3.139000	0.984564
3.140000	0.982287
3.141000	0.979855
3.142000	0.977268
3.143000	0.974527
3.144000	0.971632
3.145000	0.968583
3.146000	0.965382
3.147000	0.962028
3.148000	0.958522
3.149000	0.954865
3.150000	0.951057
3.151000	0.947098
3.152000	0.942991
3.153000	0.938734
3.154000	0.934329
3.155000	0.929776
3.156000	0.925077
3.157000	0.920232
3.158000	0.915241
3.159000	0.910106
3.160000	0.904827
3.161000	0.899405
3.162000	0.893841
3.163000	0.888136
3.164000	0.882291
3.165000	0.876307
3.166000	0.870184
3.167000	0.863923
3.168000	0.857527
3.169000	0.850994
3.170000	0.844328
3.171000	0.837528
3.172000	0.830596
3.173000	0.823533
3.174000	0.816339
3.175000	0.809017
3.176000	0.801567
3.177000	0.793990
3.178000	0.786288
3.179000	0.778462
3.180000	0.770513
3.181000	0.762443
3.182000	0.754251
3.183000	0.745941
3.184000	0.737513
3.185000	0.728969
3.186000	0.720309
3.187000	0.711536
3.188000	0.702650
3.189000	0.693653
3.190000	0.684547
3.191000	0.675333
3.192000	0.666012
3.193000	0.656586
3.194000	0.647056
3.195000	0.637424
3.196000	0.627691
3.197000	0.617860
3.198000	0.607930
3.199000	0.597905
3.200000	0.587785
3.201000	0.577573
3.202000	0.567269
3.203000	0.556876
3.204000	0.546394
3.205000	0.535827
3.206000	0.525175
3.207000	0.514440
3.208000	0.503623
3.209000	0.492727
3.210000	0.481754
3.211000	0.470704
3.212000	0.459580
3.213000	0.448383
3.214000	0.437116
3.215000	0.425779
3.216000	0.414376
3.217000	0.402906
3.218000	0.391374
3.219000	0.379779
3.220000	0.368125
3.221000	0.356412
3.222000	0.344643
3.223000	0.332820
3.224000	0.320944
3.225000	0.309017
3.226000	0.297042
3.227000	0.285019
3.228000	0.272952
3.229000	0.260842
3.230000	0.248690
3.231000	0.236499
3.232000	0.224271
3.233000	0.212007
3.234000	0.199710
3.235000	0.187381
3.236000	0.175023
3.237000	0.162637
3.238000	0.150226
3.239000	0.137790
3.240000	0.125333
3.241000	0.112856
3.242000	0.100362
3.243000	0.087851
3.244000	0.075327
3.245000	0.062791
3.246000	0.050244
3.247000	0.037690
3.248000	0.025130
3.249000	0.012566
3.250000	-0.000000
3.251000	-0.012566
3.252000	-0.025130
3.253000	-0.037690
3.254000	-0.050244
3.255000	-0.062791
3.256000	-0.075327
3.257000	-0.087851
3.258000	-0.100362
3.259000	-0.112856
3.260000	-0.125333
3.261000	-0.137790
3.262000	-0.150226
3.263000	-0.162637
3.264000	-0.175023
3.265000	-0.187381
3.266000	-0.199710
3.267000	-0.212007
3.268000	-0.224271
3.269000	-0.236499
3.270000	-0.248690
3.271000	-0.260842
3.272000	-0.272952
3.273000	-0.285019
3.274000	-0.297042
3.275000	-0.309017
3.276000	-0.320944
3.277000	-0.332820
3.278000	-0.344643
3.279000	-0.356412
3.280000	-0.368125
3.281000	-0.379779
3.282000	-0.391374
3.283000	-0.402906
3.284000	-0.414376
3.285000	-0.425779
3.286000	-0.437116
3.287000	-0.448383
3.288000	-0.459580
3.289000	-0.470704
3.290000	-0.481754
3.291000	-0.492727
3.292000	-0.503623
3.293000	-0.514440
3.294000	-0.525175
3.295000	-0.535827
3.296000	-0.546394
3.297000	-0.556876
3.298000	-0.567269
3.299000	-0.577573
3.300000	-0.587785
3.301000	-0.597905
3.302000	-0.607930
3.303000	-0.617860
3.304000	-0.627691
3.305000	-0.637424
3.306000	-0.647056
3.307000	-0.656586
3.308000	-0.666012
3.309000	-0.675333
3.310000	-0.684547
3.311000	-0.693653
3.312000	-0.702650
3.313000	-0.711536
3.314000	-0.720309
3.315000	-0.728969
3.316000	-0.737513
3.317000	-0.745941
3.318000	-0.754251
3.319000	-0.762443
3.320000	-0.770513
3.321000	-0.778462
3.322000	-0.786288
3.323000	-0.793990
3.324000	-0.801567
3.325000	-0.809017
3.326000	-0.816339
3.327000	-0.823533
3.328000	-0.830596
3.329000	-0.837528
3.330000	-0.844328
3.331000	-0.850994
3.332000	-0.857527
3.333000	-0.863923
3.334000	-0.870184
3.335000	-0.876307
3.336000	-0.882291
3.337000	-0.888136
3.338000	-0.893841
3.339000	-0.899405
3.340000	-0.904827
3.341000	-0.910106
3.342000	-0.915241
3.343000	-0.920232
3.344000	-0.925077
3.345000	-0.929776
3.346000	-0.934329
3.347000	-0.938734
3.348000	-0.942991
3.349000	-0.947098
3.350000	-0.951057
3.351000	-0.954865
3.352000	-0.958522
3.353000	-0.962028
3.354000	-0.965382
3.355000	-0.968583
3.356000	-0.971632
3.357000	-0.974527
3.358000	-0.977268
3.359000	-0.979855
3.360000	-0.982287
3.361000	-0.984564
3.362000	-0.986686
3.363000	-0.988652
3.364000	-0.990461
3.365000	-0.992115
3.366000	-0.993611
3.367000	-0.994951
3.368000	-0.996134
3.369000	-0.997159
3.370000	-0.998027
3.371000	-0.998737
3.372000	-0.999289
3.373000	-0.999684
3.374000	-0.999921
3.375000	-1.000000
3.376000	-0.999921
3.377000	-0.999684
3.378000	-0.999289
3.379000	-0.998737
3.380000	-0.998027
3.381000	-0.997159
3.382000	-0.996134
3.383000	-0.994951
3.384000	-0.993611
3.385000	-0.992115
3.386000	-0.990461
3.387000	-0.988652
3.388000	-0.986686
3.389000	-0.984564
3.390000	-0.982287
3.391000	-0.979855
3.392000	-0.977268
3.393000	-0.974527
3.394000	-0.971632
3.395000	-0.968583
3.396000	-0.965382
3.397000	-0.962028
3.398000	-0.958522
3.399000	-0.954865
3.400000	-0.951057
3.401000	-0.947098
3.402000	-0.942991
3.403000	-0.938734
3.404000	-0.934329
3.405000	-0.929776
3.406000	-0.925077
3.407000	-0.920232
3.408000	-0.915241
3.409000	-0.910106
3.410000	-0.904827
3.411000	-0.899405
3.412000	-0.893841
3.413000	-0.888136
3.414000	-0.882291
3.415000	-0.876307
3.416000	-0.870184
3.417000	-0.863923
3.418000	-0.857527
3.419000	-0.850994
3.420000	-0.844328
3.421000	-0.837528
3.422000	-0.830596
3.423000	-0.823533
3.424000	-0.816339
3.425000	-0.809017
3.426000	-0.801567
3.427000	-0.793990
3.428000	-0.786288
3.429000	-0.778462
3.430000	-0.770513
3.431000	-0.762443
3.432000	-0.754251
3.433000	-0.745941
3.434000	-0.737513
3.435000	-0.728969
3.436000	-0.720309
3.437000	-0.711536
3.438000	-0.702650
3.439000	-0.693653
3.440000	-0.684547
3.441000	-0.675333
3.442000	-0.666012
3.443000	-0.656586
3.444000	-0.647056
3.445000	-0.637424
3.446000	-0.627691
3.447000	-0.617860
3.448000	-0.607930
3.449000	-0.597905
3.450000	-0.587785
3.451000	-0.577573
3.452000	-0.567269
3.453000	-0.556876
3.454000	-0.546394
3.455000	-0.535827
3.456000	-0.525175
3.457000	-0.514440
3.458000	-0.503623
3.459000	-0.492727
3.460000	-0.481754
3.461000	-0.470704
3.462000	-0.459580
3.463000	-0.448383
3.464000	-0.437116
3.465000	-0.425779
3.466000	-0.414376
3.467000	-0.402906
3.468000	-0.391374
3.469000	-0.379779
3.470000	-0.368125
3.471000	-0.356412
3.472000	-0.344643
3.473000	-0.332820
3.474000	-0.320944
3.475000	-0.309017
3.476000	-0.297042
3.477000	-0.285019
3.478000	-0.272952
3.479000	-0.260842
3.480000	-0.248690
3.481000	-0.236499
3.482000	-0.224271
3.483000	-0.212007
3.484000	-0.199710
3.485000	-0.187381
3.486000	-0.175023
3.487000	-0.162637
3.488000	-0.150226
3.489000	-0.137790
3.490000	-0.125333
3.491000	-0.112856
3.492000	-0.100362
3.493000	-0.087851
3.494000	-0.075327
3.495000	-0.062791
3.496000	-0.050244
3.497000	-0.037690
3.498000	-0.025130
3.499000	-0.012566
3.500000	-0.000000
3.501000	0.012566
3.502000	0.025130
3.503000	0.037690
3.504000	0.050244
3.505000	0.062791
3.506000	0.075327
3.507000	0.087851
3.508000	0.100362
3.509000	0.112856
3.510000	0.125333
3.511000	0.137790
3.512000	0.150226
3.513000	0.162637
3.514000	0.175023
3.515000	0.187381
3.516000	0.199710
3.517000	0.212007
3.518000	0.224271
3.519000	0.236499
3.520000	0.248690
3.521000	0.260842
3.522000	0.272952
3.523000	0.285019
3.524000	0.297042
3.525000	0.309017
3.526000	0.320944
3.527000	0.332820
3.528000	0.344643
3.529000	0.356412
3.530000	0.368125
3.531000	0.379779
3.532000	0.391374
3.533000	0.402906
3.534000	0.414376
3.535000	0.425779
3.536000	0.437116
3.537000	0.448383
3.538000	0.459580
3.539000	0.470704
3.540000	0.481754
3.541000	0.492727
3.542000	0.503623
3.543000	0.514440
3.544000	0.525175
3.545000	0.535827
3.546000	0.546394
3.547000	0.556876
3.548000	0.567269
3.549000	0.577573
3.550000	0.587785
3.551000	0.597905
3.552000	0.607930
3.553000	0.617860
3.554000	0.627691
3.555000	0.637424
3.556000	0.647056
3.557000	0.656586
3.558000	0.666012
3.559000	0.675333
3.560000	0.684547
3.561000	0.693653
3.562000	0.702650
3.563000	0.711536
3.564000	0.720309
3.565000	0.728969
3.566000	0.737513
3.567000	0.745941
3.568000	0.754251
3.569000	0.762443
3.570000	0.770513
3.571000	0.778462
3.572000	0.786288
3.573000	0.793990
3.574000	0.801567
3.575000	0.809017
3.576000	0.816339
3.577000	0.823533
3.578000	0.830596
3.579000	0.837528
3.580000	0.844328
3.581000	0.850994
3.582000	0.857527
3.583000	0.863923
3.584000	0.870184
3.585000	0.876307
3.586000	0.882291
3.587000	0.888136
3.588000	0.893841
3.589000	0.899405
3.590000	0.904827
3.591000	0.910106
3.592000	0.915241
3.593000	0.920232
3.594000	0.925077
3.595000	0.929776
3.596000	0.934329
3.597000	0.938734
3.598000	0.942991
3.599000	0.947098
3.600000	0.951057
3.601000	0.954865
3.602000	0.958522
3.603000	0.962028
3.604000	0.965382
3.605000	0.968583
3.606000	0.971632
3.607000	0.974527
3.608000	0.977268
3.609000	0.979855
3.610000	0.982287
3.611000	0.984564
3.612000	0.986686
3.613000	0.988652
3.614000	0.990461
3.615000	0.992115
3.616000	0.993611
3.617000	0.994951
3.618000	0.996134
3.619000	0.997159
3.620000	0.998027
3.621000	0.998737
3.622000	0.999289
3.623000	0.999684
3.624000	0.999921
3.625000	1.000000
3.626000	0.999921
3.627000	0.999684
3.628000	0.999289
3.629000	0.998737
3.630000	0.998027
3.631000	0.997159
3.632000	0.996134
3.633000	0.994951
3.634000	0.993611
3.635000	0.992115
3.636000	0.990461
3.637000	0.988652
3.638000	0.986686
3.639000	0.984564
3.640000	0.982287
3.641000	0.979855
3.642000	0.977268
3.643000	0.974527
3.644000	0.971632
3.645000	0.968583
3.646000	0.965382
3.647000	0.962028
3.648000	0.958522
3.649000	0.954865
3.650000	0.951057
3.651000	0.947098
3.652000	0.942991
3.653000	0.938734
3.654000	0.934329
3.655000	0.929776
3.656000	0.925077
3.657000	0.920232
3.658000	0.915241
3.659000	0.910106
3.660000	0.904827
3.661000	0.899405
3.662000	0.893841
3.663000	0.888136
3.664000	0.882291
3.665000	0.876307
3.666000	0.870184
3.667000	0.863923
3.668000	0.857527
3.669000	0.850994
3.670000	0.844328
3.671000	0.837528
3.672000	0.830596
3.673000	0.823533
3.674000	0.816339
3.675000	0.809017
3.676000	0.801567
3.677000	0.793990
3.678000	0.786288
3.679000	0.778462
3.680000	0.770513
3.681000	0.762443
3.682000	0.754251
3.683000	0.745941
3.684000	0.737513
3.685000	0.728969
3.686000	0.720309
3.687000	0.711536
3.688000	0.702650
3.689000	0.693653
3.690000	0.684547
3.691000	0.675333
3.692000	0.666012
3.693000	0.656586
3.694000	0.647056
3.695000	0.637424
3.696000	0.627691
3.697000	0.617860
3.698000	0.607930
3.699000	0.597905
3.700000	0.587785
3.701000	0.577573
3.702000	0.567269
3.703000	0.556876
3.704000	0.546394
3.705000	0.535827
3.706000	0.525175
3.707000	0.514440
3.708000	0.503623
3.709000	0.492727
3.710000	0.481754
3.711000	0.470704
3.712000	0.459580
3.713000	0.448383
3.714000	0.437116
3.715000	0.425779
3.716000	0.414376
3.717000	0.402906
3.718000	0.391374
3.719000	0.379779
3.720000	0.368125
3.721000	0.356412
3.722000	0.344643
3.723000	0.332820
3.724000	0.320944
3.725000	0.309017
3.726000	0.297042
3.727000	0.285019
3.728000	0.272952
3.729000	0.260842
3.730000	0.248690
3.731000	0.236499
3.732000	0.224271
3.733000	0.212007
3.734000	0.199710
3.735000	0.187381
3.736000	0.175023
3.737000	0.162637
3.738000	0.150226
3.739000	0.137790
3.740000	0.125333
3.741000	0.112856
3.742000	0.100362
3.743000	0.087851
3.744000	0.075327
3.745000	0.062791
3.746000	0.050244
3.747000	0.037690
3.748000	0.025130
3.749000	0.012566
3.750000	0.000000
3.751000	-0.012566
3.752000	-0.025130
3.753000	-0.037690
3.754000	-0.050244
3.755000	-0.062791
3.756000	-0.075327
3.757000	-0.087851
3.758000	-0.100362
3.759000	-0.112856
3.760000	-0.125333
3.761000	-0.137790
3.762000	-0.150226
3.763000	-0.162637
3.764000	-0.175023
3.765000	-0.187381
3.766000	-0.199710
3.767000	-0.212007
3.768000	-0.224271
3.769000	-0.236499
3.770000	-0.248690
3.771000	-0.260842
3.772000	-0.272952
3.773000	-0.285019
3.774000	-0.297042
3.775000	-0.309017
3.776000	-0.320944
3.777000	-0.332820
3.778000	-0.344643
3.779000	-0.356412
3.780000	-0.368125
3.781000	-0.379779
3.782000	-0.391374
3.783000	-0.402906
3.784000	-0.414376
3.785000	-0.425779
3.786000	-0.437116
3.787000	-0.448383
3.788000	-0.459580
3.789000	-0.470704
3.790000	-0.481754
3.791000	-0.492727
3.792000	-0.503623
3.793000	-0.514440
3.794000	-0.525175
3.795000	-0.535827
3.796000	-0.546394
3.797000	-0.556876
3.798000	-0.567269
3.799000	-0.577573
3.800000	-0.587785
3.801000	-0.597905
3.802000	-0.607930
3.803000	-0.617860
3.804000	-0.627691
3.805000	-0.637424
3.806000	-0.647056
3.807000	-0.656586
3.808000	-0.666012
3.809000	-0.675333
3.810000	-0.684547
3.811000	-0.693653
3.812000	-0.702650
3.813000	-0.711536
3.814000	-0.720309
3.815000	-0.728969
3.816000	-0.737513
3.817000	-0.745941
3.818000	-0.754251
3.819000	-0.762443
3.820000	-0.770513
3.821000	-0.778462
3.822000	-0.786288
3.823000	-0.793990
3.824000	-0.801567
3.825000	-0.809017
3.826000	-0.816339
3.827000	-0.823533
3.828000	-0.830596
3.829000	-0.837528
3.830000	-0.844328
3.831000	-0.850994
3.832000	-0.857527
3.833000	-0.863923
3.834000	-0.870184
3.835000	-0.876307
3.836000	-0.882291
3.837000	-0.888136
3.838000	-0.893841
3.839000	-0.899405
3.840000	-0.904827
3.841000	-0.910106
3.842000	-0.915241
3.843000	-0.920232
3.844000	-0.925077
3.845000	-0.929776
3.846000	-0.934329
3.847000	-0.938734
3.848000	-0.942991
3.849000	-0.947098
3.850000	-0.951057
3.851000	-0.954865
3.852000	-0.958522
3.853000	-0.962028
3.854000	-0.965382
3.855000	-0.968583
3.856000	-0.971632
3.857000	-0.974527
3.858000	-0.977268
3.859000	-0.979855
3.860000	-0.982287
3.861000	-0.984564
3.862000	-0.986686
3.863000	-0.988652
3.864000	-0.990461
3.865000	-0.992115
3.866000	-0.993611
3.867000	-0.994951
3.868000	-0.996134
3.869000	-0.997159
3.870000	-0.998027
3.871000	-0.998737
3.872000	-0.999289
3.873000	-0.999684
3.874000	-0.999921
3.875000	-1.000000
3.876000	-0.999921
3.877000	-0.999684
3.878000	-0.999289
3.879000	-0.998737
3.880000	-0.998027
3.881000	-0.997159
3.882000	-0.996134
3.883000	-0.994951
3.884000	-0.993611
3.885000	-0.992115
3.886000	-0.990461
3.887000	-0.988652
3.888000	-0.986686
3.889000	-0.984564
3.890000	-0.982287
3.891000	-0.979855
3.892000	-0.977268
3.893000	-0.974527
3.894000	-0.971632
3.895000	-0.968583
3.896000	-0.965382
3.897000	-0.962028
3.898000	-0.958522
3.899000	-0.954865
3.900000	-0.951057
3.901000	-0.947098
3.902000	-0.942991
3.903000	-0.938734
3.904000	-0.934329
3.905000	-0.929776
3.906000	-0.925077
3.907000	-0.920232
3.908000	-0.915241
3.909000	-0.910106
3.910000	-0.904827
3.911000	-0.899405
3.912000	-0.893841
3.913000	-0.888136
3.914000	-0.882291
3.915000	-0.876307
3.916000	-0.870184
3.917000	-0.863923
3.918000	-0.857527
3.919000	-0.850994
3.920000	-0.844328
3.921000	-0.837528
3.922000	-0.830596
3.923000	-0.823533
3.924000	-0.816339
3.925000	-0.809017
3.926000	-0.801567
3.927000	-0.793990
3.928000	-0.786288
3.929000	-0.778462
3.930000	-0.770513
3.931000	-0.762443
3.932000	-0.754251
3.933000	-0.745941
3.934000	-0.737513
3.935000	-0.728969
3.936000	-0.720309
3.937000	-0.711536
3.938000	-0.702650
3.939000	-0.693653
3.940000	-0.684547
3.941000	-0.675333
3.942000	-0.666012
3.943000	-0.656586
3.944000	-0.647056
3.945000	-0.637424
3.946000	-0.627691
3.947000	-0.617860
3.948000	-0.607930
3.949000	-0.597905
3.950000	-0.587785
3.951000	-0.577573
3.952000	-0.567269
3.953000	-0.556876
3.954000	-0.546394
3.955000	-0.535827
3.956000	-0.525175
3.957000	-0.514440
3.958000	-0.503623
3.959000	-0.492727
3.960000	-0.481754
3.961000	-0.470704
3.962000	-0.459580
3.963000	-0.448383
3.964000	-0.437116
3.965000	-0.425779
3.966000	-0.414376
3.967000	-0.402906
3.968000	-0.391374
3.969000	-0.379779
3.970000	-0.368125
3.971000	-0.356412
3.972000	-0.344643
3.973000	-0.332820
3.974000	-0.320944
3.975000	-0.309017
3.976000	-0.297042
3.977000	-0.285019
3.978000	-0.272952
3.979000	-0.260842
3.980000	-0.248690
3.981000	-0.236499
3.982000	-0.224271
3.983000	-0.212007
3.984000	-0.199710
3.985000	-0.187381
3.986000	-0.175023
3.987000	-0.162637
3.988000	-0.150226
3.989000	-0.137790
3.990000	-0.125333
3.991000	-0.112856
3.992000	-0.100362
3.993000	-0.087851
3.994000	-0.075327
3.995000	-0.062791
3.996000	-0.050244
3.997000	-0.037690
3.998000	-0.025130
3.999000	-0.012566
4.000000	-0.000000
4.001000	0.012566
4.002000	0.025130
4.003000	0.037690
4.004000	0.050244
4.005000	0.062791
4.006000	0.075327
4.007000	0.087851
4.008000	0.100362
4.009000	0.112856
4.010000	0.125333
4.011000	0.137790
4.012000	0.150226
4.013000	0.162637
4.014000	0.175023
4.015000	0.187381
4.016000	0.199710
4.017000	0.212007
4.018000	0.224271
4.019000	0.236499
4.020000	0.248690
4.021000	0.260842
4.022000	0.272952
4.023000	0.285019
4.024000	0.297042
4.025000	0.309017
4.026000	0.320944
4.027000	0.332820
4.028000	0.344643
4.029000	0.356412
4.030000	0.368125
4.031000	0.379779
4.032000	0.391374
4.033000	0.402906
4.034000	0.414376
4.035000	0.425779
4.036000	0.437116
4.037000	0.448383
4.038000	0.459580
4.039000	0.470704
4.040000	0.481754
4.041000	0.492727
4.042000	0.503623
4.043000	0.514440
4.044000	0.525175
4.045000	0.535827
4.046000	0.546394
4.047000	0.556876
4.048000	0.567269
4.049000	0.577573
4.050000	0.587785
4.051000	0.597905
4.052000	0.607930
4.053000	0.617860
4.054000	0.627691
4.055000	0.637424
4.056000	0.647056
4.057000	0.656586
4.058000	0.666012
4.059000	0.675333
4.060000	0.684547
4.061000	0.693653
4.062000	0.702650
4.063000	0.711536
4.064000	0.720309
4.065000	0.728969
4.066000	0.737513
4.067000	0.745941
4.068000	0.754251
4.069000	0.762443
4.070000	0.770513
4.071000	0.778462
4.072000	0.786288
4.073000	0.793990
4.074000	0.801567
4.075000	0.809017
4.076000	0.816339
4.077000	0.823533
4.078000	0.830596
4.079000	0.837528
4.080000	0.844328
4.081000	0.850994
4.082000	0.857527
4.083000	0.863923
4.084000	0.870184
4.085000	0.876307
4.086000	0.882291
4.087000	0.888136
4.088000	0.893841
4.089000	0.899405
4.090000	0.904827
4.091000	0.910106
4.092000	0.915241
4.093000	0.920232
4.094000	0.925077
4.095000	0.929776
4.096000	0.934329
4.097000	0.938734
4.098000	0.942991
4.099000	0.947098
4.100000	0.951057
4.101000	0.954865
4.102000	0.958522
4.103000	0.962028
4.104000	0.965382
4.105000	0.968583
4.106000	0.971632
4.107000	0.974527
4.108000	0.977268
4.109000	0.979855
4.110000	0.982287
4.111000	0.984564
4.112000	0.986686
4.113000	0.988652
4.114000	0.990461
4.115000	0.992115
4.116000	0.993611
4.117000	0.994951
4.118000	0.996134
4.119000	0.997159
4.120000	0.998027
4.121000	0.998737
4.122000	0.999289
4.123000	0.999684
4.124000	0.999921
4.125000	1.000000
4.126000	0.999921
4.127000	0.999684
4.128000	0.999289
4.129000	0.998737
4.130000	0.998027
4.131000	0.997159
4.132000	0.996134
4.133000	0.994951
4.134000	0.993611
4.135000	0.992115
4.136000	0.990461
4.137000	0.988652
4.138000	0.986686
4.139000	0.984564
4.140000	0.982287
4.141000	0.979855
4.142000	0.977268
4.143000	0.974527
4.144000	0.971632
4.145000	0.968583
4.146000	0.965382
4.147000	0.962028
4.148000	0.958522
4.149000	0.954865
4.150000	0.951057
4.151000	0.947098
4.152000	0.942991
4.153000	0.938734
4.154000	0.934329
4.155000	0.929776
4.156000	0.925077
4.157000	0.920232
4.158000	0.915241
4.159000	0.910106
4.160000	0.904827
4.161000	0.899405
4.162000	0.893841
4.163000	0.888136
4.164000	0.882291
4.165000	0.876307
4.166000	0.870184
4.167000	0.863923
4.168000	0.857527
4.169000	0.850994
4.170000	0.844328
4.171000	0.837528
4.172000	0.830596
4.173000	0.823533
4.174000	0.816339
4.175000	0.809017
4.176000	0.801567
4.177000	0.793990
4.178000	0.786288
4.179000	0.778462
4.180000	0.770513
4.181000	0.762443
4.182000	0.754251
4.183000	0.745941
4.184000	0.737513
4.185000	0.728969
4.186000	0.720309
4.187000	0.711536
4.188000	0.702650
4.189000	0.693653
4.190000	0.684547
4.191000	0.675333
4.192000	0.666012
4.193000	0.656586
4.194000	0.647056
4.195000	0.637424
4.196000	0.627691
4.197000	0.617860
4.198000	0.607930
4.199000	0.597905
4.200000	0.587785
4.201000	0.577573
4.202000	0.567269
4.203000	0.556876
4.204000	0.546394
4.205000	0.535827
4.206000	0.525175
4.207000	0.514440
4.208000	0.503623
4.209000	0.492727
4.210000	0.481754
4.211000	0.470704
4.212000	0.459580
4.213000	0.448383
4.214000	0.437116
4.215000	0.425779
4.216000	0.414376
4.217000	0.402906
4.218000	0.391374
4.219000	0.379779
4.220000	0.368125
4.221000	0.356412
4.222000	0.344643
4.223000	0.332820
4.224000	0.320944
4.225000	0.309017
4.226000	0.297042
4.227000	0.285019
4.228000	0.272952
4.229000	0.260842
4.230000	0.248690
4.231000	0.236499
4.232000	0.224271
4.233000	0.212007
4.234000	0.199710
4.235000	0.187381
4.236000	0.175023
4.237000	0.162637
4.238000	0.150226
4.239000	0.137790
4.240000	0.125333
4.241000	0.112856
4.242000	0.100362
4.243000	0.087851
4.244000	0.075327
4.245000	0.062791
4.246000	0.050244
4.247000	0.037690
4.248000	0.025130
4.249000	0.012566
4.250000	-0.000000
4.251000	-0.012566
4.252000	-0.025130
4.253000	-0.037690
4.254000	-0.050244
4.255000	-0.062791
4.256000	-0.075327
4.257000	-0.087851
4.258000	-0.100362
4.259000	-0.112856
4.260000	-0.125333
4.261000	-0.137790
4.262000	-0.150226
4.263000	-0.162637
4.264000	-0.175023
4.265000	-0.187381
4.266000	-0.199710
4.267000	-0.212007
4.268000	-0.224271
4.269000	-0.236499
4.270000	-0.248690
4.271000	-0.260842
4.272000	-0.272952
4.273000	-0.285019
4.274000	-0.297042
4.275000	-0.309017
4.276000	-0.320944
4.277000	-0.332820
4.278000	-0.344643
4.279000	-0.356412
4.280000	-0.368125
4.281000	-0.379779
4.282000	-0.391374
4.283000	-0.402906
4.284000	-0.414376
4.285000	-0.425779
4.286000	-0.437116
4.287000	-0.448383
4.288000	-0.459580
4.289000	-0.470704
4.290000	-0.481754
4.291000	-0.492727
4.292000	-0.503623
4.293000	-0.514440
4.294000	-0.525175
4.295000	-0.535827
4.296000	-0.546394
4.297000	-0.556876
4.298000	-0.567269
4.299000	-0.577573
4.300000	-0.587785
4.301000	-0.597905
4.302000	-0.607930
4.303000	-0.617860
4.304000	-0.627691
4.305000	-0.637424
4.306000	-0.647056
4.307000	-0.656586
4.308000	-0.666012
4.309000	-0.675333
4.310000	-0.684547
4.311000	-0.693653
4.312000	-0.702650
4.313000	-0.711536
4.314000	-0.720309
4.315000	-0.728969
4.316000	-0.737513
4.317000	-0.745941
4.318000	-0.754251
4.319000	-0.762443
4.320000	-0.770513
4.321000	-0.778462
4.322000	-0.786288
4.323000	-0.793990
4.324000	-0.801567
4.325000	-0.809017
4.326000	-0.816339
4.327000	-0.823533
4.328000	-0.830596
4.329000	-0.837528
4.330000	-0.844328
4.331000	-0.850994
4.332000	-0.857527
4.333000	-0.863923
4.334000	-0.870184
4.335000	-0.876307
4.336000	-0.882291
4.337000	-0.888136
4.338000	-0.893841
4.339000	-0.899405
4.340000	-0.904827
4.341000	-0.910106
4.342000	-0.915241
4.343000	-0.920232
4.344000	-0.925077
4.345000	-0.929776
4.346000	-0.934329
4.347000	-0.938734
4.348000	-0.942991
4.349000	-0.947098
4.350000	-0.951057
4.351000	-0.954865
4.352000	-0.958522
4.353000	-0.962028
4.354000	-0.965382
4.355000	-0.968583
4.356000	-0.971632
4.357000	-0.974527
4.358000	-0.977268
4.359000	-0.979855
4.360000	-0.982287
4.361000	-0.984564
4.362000	-0.986686
4.363000	-0.988652
4.364000	-0.990461
4.365000	-0.992115
4.366000	-0.993611
4.367000	-0.994951
4.368000	-0.996134
4.369000	-0.997159
4.370000	-0.998027
4.371000	-0.998737
4.372000	-0.999289
4.373000	-0.999684
4.374000	-0.999921
4.375000	-1.000000
4.376000	-0.999921
4.377000	-0.999684
4.378000	-0.999289
4.379000	-0.998737
4.380000	-0.998027
4.381000	-0.997159
4.382000	-0.996134
4.383000	-0.994951
4.384000	-0.993611
4.385000	-0.992115
4.386000	-0.990461
4.387000	-0.988652
4.388000	-0.986686
4.389000	-0.984564
4.390000	-0.982287
4.391000	-0.979855
4.392000	-0.977268
4.393000	-0.974527
4.394000	-0.971632
4.395000	-0.968583
4.396000	-0.965382
4.397000	-0.962028
4.398000	-0.958522
4.399000	-0.954865
4.400000	-0.951057
4.401000	-0.947098
4.402000	-0.942991
4.403000	-0.938734
4.404000	-0.934329
4.405000	-0.929776
4.406000	-0.925077
4.407000	-0.920232
4.408000	-0.915241
4.409000	-0.910106
4.410000	-0.904827
4.411000	-0.899405
4.412000	-0.893841
4.413000	-0.888136
4.414000	-0.882291
4.415000	-0.876307
4.416000	-0.870184
4.417000	-0.863923
4.418000	-0.857527
4.419000	-0.850994
4.420000	-0.844328
4.421000	-0.837528
4.422000	-0.830596
4.423000	-0.823533
4.424000	-0.816339
4.425000	-0.809017
4.426000	-0.801567
4.427000	-0.793990
4.428000	-0.786288
4.429000	-0.778462
4.430000	-0.770513
4.431000	-0.762443
4.432000	-0.754251
4.433000	-0.745941
4.434000	-0.737513
4.435000	-0.728969
4.436000	-0.720309
4.437000	-0.711536
4.438000	-0.702650
4.439000	-0.693653
4.440000	-0.684547
4.441000	-0.675333
4.442000	-0.666012
4.443000	-0.656586
4.444000	-0.647056
4.445000	-0.637424
4.446000	-0.627691
4.447000	-0.617860
4.448000	-0.607930
4.449000	-0.597905
4.450000	-0.587785
4.451000	-0.577573
4.452000	-0.567269
4.453000	-0.556876
4.454000	-0.546394
4.455000	-0.535827
4.456000	-0.525175
4.457000	-0.514440
4.458000	-0.503623
4.459000	-0.492727
4.460000	-0.481754
4.461000	-0.470704
4.462000	-0.459580
4.463000	-0.448383
4.464000	-0.437116
4.465000	-0.425779
4.466000	-0.414376
4.467000	-0.402906
4.468000	-0.391374
4.469000	-0.379779
4.470000	-0.368125
4.471000	-0.356412
4.472000	-0.344643
4.473000	-0.332820
4.474000	-0.320944
4.475000	-0.309017
4.476000	-0.297042
4.477000	-0.285019
4.478000	-0.272952
4.479000	-0.260842
4.480000	-0.248690
4.481000	-0.236499
4.482000	-0.224271
4.483000	-0.212007
4.484000	-0.199710
4.485000	-0.187381
4.486000	-0.175023
4.487000	-0.162637
4.488000	-0.150226
4.489000	-0.137790
4.490000	-0.125333
4.491000	-0.112856
4.492000	-0.100362
4.493000	-0.087851
4.494000	-0.075327
4.495000	-0.062791
4.496000	-0.050244
4.497000	-0.037690
4.498000	-0.025130
4.499000	-0.012566
4.500000	-0.000000
4.501000	0.012566
4.502000	0.025130
4.503000	0.037690
4.504000	0.050244
4.505000	0.062791
4.506000	0.075327
4.507000	0.087851
4.508000	0.100362
4.509000	0.112856
4.510000	0.125333
4.511000	0.137790
4.512000	0.150226
4.513000	0.162637
4.514000	0.175023
4.515000	0.187381
4.516000	0.199710
4.517000	0.212007
4.518000	0.224271
4.519000	0.236499
4.520000	0.248690
4.521000	0.260842
4.522000	0.272952
4.523000	0.285019
4.524000	0.297042
4.525000	0.309017
4.526000	0.320944
4.527000	0.332820
4.528000	0.344643
4.529000	0.356412
4.530000	0.368125
4.531000	0.379779
4.532000	0.391374
4.533000	0.402906
4.534000	0.414376
4.535000	0.425779
4.536000	0.437116
4.537000	0.448383
4.538000	0.459580
4.539000	0.470704
4.540000	0.481754
4.541000	0.492727
4.542000	0.503623
4.543000	0.514440
4.544000	0.525175
4.545000	0.535827
4.546000	0.546394
4.547000	0.556876
4.548000	0.567269
4.549000	0.577573
4.550000	0.587785
4.551000	0.597905
4.552000	0.607930
4.553000	0.617860
4.554000	0.627691
4.555000	0.637424
4.556000	0.647056
4.557000	0.656586
4.558000	0.666012
4.559000	0.675333
4.560000	0.684547
4.561000	0.693653
4.562000	0.702650
4.563000	0.711536
4.564000	0.720309
4.565000	0.728969
4.566000	0.737513
4.567000	0.745941
4.568000	0.754251
4.569000	0.762443
4.570000	0.770513
4.571000	0.778462
4.572000	0.786288
4.573000	0.793990
4.574000	0.801567
4.575000	0.809017
4.576000	0.816339
4.577000	0.823533
4.578000	0.830596
4.579000	0.837528
4.580000	0.844328
4.581000	0.850994
4.582000	0.857527
4.583000	0.863923
4.584000	0.870184
4.585000	0.876307
4.586000	0.882291
4.587000	0.888136
4.588000	0.893841
4.589000	0.899405
4.590000	0.904827
4.591000	0.910106
4.592000	0.915241
4.593000	0.920232
4.594000	0.925077
4.595000	0.929776
4.596000	0.934329
4.597000	0.938734
4.598000	0.942991
4.599000	0.947098
4.600000	0.951057
4.601000	0.954865
4.602000	0.958522
4.603000	0.962028
4.604000	0.965382
4.605000	0.968583
4.606000	0.971632
4.607000	0.974527
4.608000	0.977268
4.609000	0.979855
4.610000	0.982287
4.611000	0.984564
4.612000	0.986686
4.613000	0.988652
4.614000	0.990461
4.615000	0.992115
4.616000	0.993611
4.617000	0.994951
4.618000	0.996134
4.619000	0.997159
4.620000	0.998027
4.621000	0.998737
4.622000	0.999289
4.623000	0.999684
4.624000	0.999921
4.625000	1.000000
4.626000	0.999921
4.627000	0.999684
4.628000	0.999289
4.629000	0.998737
4.630000	0.998027
4.631000	0.997159
4.632000	0.996134
4.633000	0.994951
4.634000	0.993611
4.635000	0.992115
4.636000	0.990461
4.637000	0.988652
4.638000	0.986686
4.639000	0.984564
4.640000	0.982287
4.641000	0.979855
4.642000	0.977268
4.643000	0.974527
4.644000	0.971632
4.645000	0.968583
4.646000	0.965382
4.647000	0.962028
4.648000	0.958522
4.649000	0.954865
4.650000	0.951057
4.651000	0.947098
4.652000	0.942991
4.653000	0.938734
4.654000	0.934329
4.655000	0.929776
4.656000	0.925077
4.657000	0.920232
4.658000	0.915241
4.659000	0.910106
4.660000	0.904827
4.661000	0.899405
4.662000	0.893841
4.663000	0.888136
4.664000	0.882291
4.665000	0.876307
4.666000	0.870184
4.667000	0.863923
4.668000	0.857527
4.669000	0.850994
4.670000	0.844328
4.671000	0.837528
4.672000	0.830596
4.673000	0.823533
4.674000	0.816339
4.675000	0.809017
4.676000	0.801567
4.677000	0.793990
4.678000	0.786288
4.679000	0.778462
4.680000	0.770513
4.681000	0.762443
4.682000	0.754251
4.683000	0.745941
4.684000	0.737513
4.685000	0.728969
4.686000	0.720309
4.687000	0.711536
4.688000	0.702650
4.689000	0.693653
4.690000	0.684547
4.691000	0.675333
4.692000	0.666012
4.693000	0.656586
4.694000	0.647056
4.695000	0.637424
4.696000	0.627691
4.697000	0.617860
4.698000	0.607930
4.699000	0.597905
4.700000	0.587785
4.701000	0.577573
4.702000	0.567269
4.703000	0.556876
4.704000	0.546394
4.705000	0.535827
4.706000	0.525175
4.707000	0.514440
4.708000	0.503623
4.709000	0.492727
4.710000	0.481754
4.711000	0.470704
4.712000	0.459580
4.713000	0.448383
4.714000	0.437116
4.715000	0.425779
4.716000	0.414376
4.717000	0.402906
4.718000	0.391374
4.719000	0.379779
4.720000	0.368125
4.721000	0.356412
4.722000	0.344643
4.723000	0.332820
4.724000	0.320944
4.725000	0.309017
4.726000	0.297042
4.727000	0.285019
4.728000	0.272952
4.729000	0.260842
4.730000	0.248690
4.731000	0.236499
4.732000	0.224271
4.733000	0.212007
4.734000	0.199710
4.735000	0.187381
4.736000	0.175023
4.737000	0.162637
4.738000	0.150226
4.739000	0.137790
4.740000	0.125333
4.741000	0.112856
4.742000	0.100362
4.743000	0.087851
4.744000	0.075327
4.745000	0.062791
4.746000	0.050244
4.747000	0.037690
4.748000	0.025130
4.749000	0.012566
4.750000	0.000000
4.751000	-0.012566
4.752000	-0.025130
4.753000	-0.037690
4.754000	-0.050244
4.755000	-0.062791
4.756000	-0.075327
4.757000	-0.087851
4.758000	-0.100362
4.759000	-0.112856
4.760000	-0.125333
4.761000	-0.137790
4.762000	-0.150226
4.763000	-0.162637
4.764000	-0.175023
4.765000	-0.187381
4.766000	-0.199710
4.767000	-0.212007
4.768000	-0.224271
4.769000	-0.236499
4.770000	-0.248690
4.771000	-0.260842
4.772000	-0.272952
4.773000	-0.285019
4.774000	-0.297042
4.775000	-0.309017
4.776000	-0.320944
4.777000	-0.332820
4.778000	-0.344643
4.779000	-0.356412
4.780000	-0.368125
4.781000	-0.379779
4.782000	-0.391374
4.783000	-0.402906
4.784000	-0.414376
4.785000	-0.425779
4.786000	-0.437116
4.787000	-0.448383
4.788000	-0.459580
4.789000	-0.470704
4.790000	-0.481754
4.791000	-0.492727
4.792000	-0.503623
4.793000	-0.514440
4.794000	-0.525175
4.795000	-0.535827
4.796000	-0.546394
4.797000	-0.556876
4.798000	-0.567269
4.799000	-0.577573
4.800000	-0.587785
4.801000	-0.597905
4.802000	-0.607930
4.803000	-0.617860
4.804000	-0.627691
4.805000	-0.637424
4.806000	-0.647056
4.807000	-0.656586
4.808000	-0.666012
4.809000	-0.675333
4.810000	-0.684547
4.811000	-0.693653
4.812000	-0.702650
4.813000	-0.711536
4.814000	-0.720309
4.815000	-0.728969
4.816000	-0.737513
4.817000	-0.745941
4.818000	-0.754251
4.819000	-0.762443
4.820000	-0.770513
4.821000	-0.778462
4.822000	-0.786288
4.823000	-0.793990
4.824000	-0.801567
4.825000	-0.809017
4.826000	-0.816339
4.827000	-0.823533
4.828000	-0.830596
4.829000	-0.837528
4.830000	-0.844328
4.831000	-0.850994
4.832000	-0.857527
4.833000	-0.863923
4.834000	-0.870184
4.835000	-0.876307
4.836000	-0.882291
4.837000	-0.888136
4.838000	-0.893841
4.839000	-0.899405
4.840000	-0.904827
4.841000	-0.910106
4.842000	-0.915241
4.843000	-0.920232
4.844000	-0.925077
4.845000	-0.929776
4.846000	-0.934329
4.847000	-0.938734
4.848000	-0.942991
4.849000	-0.947098
4.850000	-0.951057
4.851000	-0.954865
4.852000	-0.958522
4.853000	-0.962028
4.854000	-0.965382
4.855000	-0.968583
4.856000	-0.971632
4.857000	-0.974527
4.858000	-0.977268
4.859000	-0.979855
4.860000	-0.982287
4.861000	-0.984564
4.862000	-0.986686
4.863000	-0.988652
4.864000	-0.990461
4.865000	-0.992115
4.866000	-0.993611
4.867000	-0.994951
4.868000	-0.996134
4.869000	-0.997159
4.870000	-0.998027
4.871000	-0.998737
4.872000	-0.999289
4.873000	-0.999684
4.874000	-0.999921
4.875000	-1.000000
4.876000	-0.999921
4.877000	-0.999684
4.878000	-0.999289
4.879000	-0.998737
4.880000	-0.998027
4.881000	-0.997159
4.882000	-0.996134
4.883000	-0.994951
4.884000	-0.993611
4.885000	-0.992115
4.886000	-0.990461
4.887000	-0.988652
4.888000	-0.986686
4.889000	-0.984564
4.890000	-0.982287
4.891000	-0.979855
4.892000	-0.977268
4.893000	-0.974527
4.894000	-0.971632
4.895000	-0.968583
4.896000	-0.965382
4.897000	-0.962028
4.898000	-0.958522
4.899000	-0.954865
4.900000	-0.951057
4.901000	-0.947098
4.902000	-0.942991
4.903000	-0.938734
4.904000	-0.934329
4.905000	-0.929776
4.906000	-0.925077
4.907000	-0.920232
4.908000	-0.915241
4.909000	-0.910106
4.910000	-0.904827
4.911000	-0.899405
4.912000	-0.893841
4.913000	-0.888136
4.914000	-0.882291
4.915000	-0.876307
4.916000	-0.870184
4.917000	-0.863923
4.918000	-0.857527
4.919000	-0.850994
4.920000	-0.844328
4.921000	-0.837528
4.922000	-0.830596
4.923000	-0.823533
4.924000	-0.816339
4.925000	-0.809017
4.926000	-0.801567
4.927000	-0.793990
4.928000	-0.786288
4.929000	-0.778462
4.930000	-0.770513
4.931000	-0.762443
4.932000	-0.754251
4.933000	-0.745941
4.934000	-0.737513
4.935000	-0.728969
4.936000	-0.720309
4.937000	-0.711536
4.938000	-0.702650
4.939000	-0.693653
4.940000	-0.684547
4.941000	-0.675333
4.942000	-0.666012
4.943000	-0.656586
4.944000	-0.647056
4.945000	-0.637424
4.946000	-0.627691
4.947000	-0.617860
4.948000	-0.607930
4.949000	-0.597905
4.950000	-0.587785
4.951000	-0.577573
4.952000	-0.567269
4.953000	-0.556876
4.954000	-0.546394
4.955000	-0.535827
4.956000	-0.525175
4.957000	-0.514440
4.958000	-0.503623
4.959000	-0.492727
4.960000	-0.481754
4.961000	-0.470704
4.962000	-0.459580
4.963000	-0.448383
4.964000	-0.437116
4.965000	-0.425779
4.966000	-0.414376
4.967000	-0.402906
4.968000	-0.391374
4.969000	-0.379779
4.970000	-0.368125
4.971000	-0.356412
4.972000	-0.344643
4.973000	-0.332820
4.974000	-0.320944
4.975000	-0.309017
4.976000	-0.297042
4.977000	-0.285019
4.978000	-0.272952
4.979000	-0.260842
4.980000	-0.248690
4.981000	-0.236499
4.982000	-0.224271
4.983000	-0.212007
4.984000	-0.199710
4.985000	-0.187381
4.986000	-0.175023
4.987000	-0.162637
4.988000	-0.150226
4.989000	-0.137790
4.990000	-0.125333
4.991000	-0.112856
4.992000	-0.100362
4.993000	-0.087851
4.994000	-0.075327
4.995000	-0.062791
4.996000	-0.050244
4.997000	-0.037690
4.998000	-0.025130
4.999000	-0.012566
5.000000	-0.000000
5.001000	0.012566
5.002000	0.025130
5.003000	0.037690
5.004000	0.050244
5.005000	0.062791
5.006000	0.075327
5.007000	0.087851
5.008000	0.100362
5.009000	0.112856
5.010000	0.125333
5.011000	0.137790
5.012000	0.150226
5.013000	0.162637
5.014000	0.175023
5.015000	0.187381
5.016000	0.199710
5.017000	0.212007
5.018000	0.224271
5.019000	0.236499
5.020000	0.248690
5.021000	0.260842
5.022000	0.272952
5.023000	0.285019
5.024000	0.297042
5.025000	0.309017
5.026000	0.320944
5.027000	0.332820
5.028000	0.344643
5.029000	0.356412
5.030000	0.368125
5.031000	0.379779
5.032000	0.391374
5.033000	0.402906
5.034000	0.414376
5.035000	0.425779
5.036000	0.437116
5.037000	0.448383
5.038000	0.459580
5.039000	0.470704
5.040000	0.481754
5.041000	0.492727
5.042000	0.503623
5.043000	0.514440
5.044000	0.525175
5.045000	0.535827
5.046000	0.546394
5.047000	0.556876
5.048000	0.567269
5.049000	0.577573
5.050000	0.587785
5.051000	0.597905
5.052000	0.607930
5.053000	0.617860
5.054000	0.627691
5.055000	0.637424
5.056000	0.647056
5.057000	0.656586
5.058000	0.666012
5.059000	0.675333
5.060000	0.684547
5.061000	0.693653
5.062000	0.702650
5.063000	0.711536
5.064000	0.720309
5.065000	0.728969
5.066000	0.737513
5.067000	0.745941
5.068000	0.754251
5.069000	0.762443
5.070000	0.770513
5.071000	0.778462
5.072000	0.786288
5.073000	0.793990
5.074000	0.801567
5.075000	0.809017
5.076000	0.816339
5.077000	0.823533
5.078000	0.830596
5.079000	0.837528
5.080000	0.844328
5.081000	0.850994
5.082000	0.857527
5.083000	0.863923
5.084000	0.870184
5.085000	0.876307
5.086000	0.882291
5.087000	0.888136
5.088000	0.893841
5.089000	0.899405
5.090000	0.904827
5.091000	0.910106
5.092000	0.915241
5.093000	0.920232
5.094000	0.925077
5.095000	0.929776
5.096000	0.934329
5.097000	0.938734
5.098000	0.942991
5.099000	0.947098
5.100000	0.951057
5.101000	0.954865
5.102000	0.958522
5.103000	0.962028
5.104000	0.965382
5.105000	0.968583
5.106000	0.971632
5.107000	0.974527
5.108000	0.977268
5.109000	0.979855
5.110000	0.982287
5.111000	0.984564
5.112000	0.986686
5.113000	0.988652
5.114000	0.990461
5.115000	0.992115
5.116000	0.993611
5.117000	0.994951
5.118000	0.996134
5.119000	0.997159
5.120000	0.998027
5.121000	0.998737
5.122000	0.999289
5.123000	0.999684
5.124000	0.999921
5.125000	1.000000
5.126000	0.999921
5.127000	0.999684
5.128000	0.999289
5.129000	0.998737
5.130000	0.998027
5.131000	0.997159
5.132000	0.996134
5.133000	0.994951
5.134000	0.993611
5.135000	0.992115
5.136000	0.990461
5.137000	0.988652
5.138000	0.986686
5.139000	0.984564
5.140000	0.982287
5.141000	0.979855
5.142000	0.977268
5.143000	0.974527
5.144000	0.971632
5.145000	0.968583
5.146000	0.965382
5.147000	0.962028
5.148000	0.958522
5.149000	0.954865
5.150000	0.951057
5.151000	0.947098
5.152000	0.942991
5.153000	0.938734
5.154000	0.934329
5.155000	0.929776
5.156000	0.925077
5.157000	0.920232
5.158000	0.915241
5.159000	0.910106
5.160000	0.904827
5.161000	0.899405
5.162000	0.893841
5.163000	0.888136
5.164000	0.882291
5.165000	0.876307
5.166000	0.870184
5.167000	0.863923
5.168000	0.857527
5.169000	0.850994
5.170000	0.844328
5.171000	0.837528
5.172000	0.830596
5.173000	0.823533
5.174000	0.816339
5.175000	0.809017
5.176000	0.801567
5.177000	0.793990
5.178000	0.786288
5.179000	0.778462
5.180000	0.770513
5.181000	0.762443
5.182000	0.754251
5.183000	0.745941
5.184000	0.737513
5.185000	0.728969
5.186000	0.720309
5.187000	0.711536
5.188000	0.702650
5.189000	0.693653
5.190000	0.684547
5.191000	0.675333
5.192000	0.666012
5.193000	0.656586
5.194000	0.647056
5.195000	0.637424
5.196000	0.627691
5.197000	0.617860
5.198000	0.607930
5.199000	0.597905
5.200000	0.587785
5.201000	0.577573
5.202000	0.567269
5.203000	0.556876
5.204000	0.546394
5.205000	0.535827
5.206000	0.525175
5.207000	0.514440
5.208000	0.503623
5.209000	0.492727
5.210000	0.481754
5.211000	0.470704
5.212000	0.459580
5.213000	0.448383
5.214000	0.437116
5.215000	0.425779
5.216000	0.414376
5.217000	0.402906
5.218000	0.391374
5.219000	0.379779
5.220000	0.368125
5.221000	0.356412
5.222000	0.344643
5.223000	0.332820
5.224000	0.320944
5.225000	0.309017
5.226000	0.297042
5.227000	0.285019
5.228000	0.272952
5.229000	0.260842
5.230000	0.248690
5.231000	0.236499
5.232000	0.224271
5.233000	0.212007
5.234000	0.199710
5.235000	0.187381
5.236000	0.175023
5.237000	0.162637
5.238000	0.150226
5.239000	0.137790
5.240000	0.125333
5.241000	0.112856
5.242000	0.100362
5.243000	0.087851
5.244000	0.075327
5.245000	0.062791
5.246000	0.050244
5.247000	0.037690
5.248000	0.025130
5.249000	0.012566
5.250000	-0.000000
5.251000	-0.012566
5.252000	-0.025130
5.253000	-0.037690
5.254000	-0.050244
5.255000	-0.062791
5.256000	-0.075327
5.257000	-0.087851
5.258000	-0.100362
5.259000	-0.112856
5.260000	-0.125333
5.261000	-0.137790
5.262000	-0.150226
5.263000	-0.162637
5.264000	-0.175023
5.265000	-0.187381
5.266000	-0.199710
5.267000	-0.212007
5.268000	-0.224271
5.269000	-0.236499
5.270000	-0.248690
5.271000	-0.260842
5.272000	-0.272952
5.273000	-0.285019
5.274000	-0.297042
5.275000	-0.309017
5.276000	-0.320944
5.277000	-0.332820
5.278000	-0.344643
5.279000	-0.356412
5.280000	-0.368125
5.281000	-0.379779
5.282000	-0.391374
5.283000	-0.402906
5.284000	-0.414376
5.285000	-0.425779
5.286000	-0.437116
5.287000	-0.448383
5.288000	-0.459580
5.289000	-0.470704
5.290000	-0.481754
5.291000	-0.492727
5.292000	-0.503623
5.293000	-0.514440
5.294000	-0.525175
5.295000	-0.535827
5.296000	-0.546394
5.297000	-0.556876
5.298000	-0.567269
5.299000	-0.577573
5.300000	-0.587785
5.301000	-0.597905
5.302000	-0.607930
5.303000	-0.617860
5.304000	-0.627691
5.305000	-0.637424
5.306000	-0.647056
5.307000	-0.656586
5.308000	-0.666012
5.309000	-0.675333
5.310000	-0.684547
5.311000	-0.693653
5.312000	-0.702650
5.313000	-0.711536
5.314000	-0.720309
5.315000	-0.728969
5.316000	-0.737513
5.317000	-0.745941
5.318000	-0.754251
5.319000	-0.762443
5.320000	-0.770513
5.321000	-0.778462
5.322000	-0.786288
5.323000	-0.793990
5.324000	-0.801567
5.325000	-0.809017
5.326000	-0.816339
5.327000	-0.823533
5.328000	-0.830596
5.329000	-0.837528
5.330000	-0.844328
5.331000	-0.850994
5.332000	-0.857527
5.333000	-0.863923
5.334000	-0.870184
5.335000	-0.876307
5.336000	-0.882291
5.337000	-0.888136
5.338000	-0.893841
5.339000	-0.899405
5.340000	-0.904827
5.341000	-0.910106
5.342000	-0.915241
5.343000	-0.920232
5.344000	-0.925077
5.345000	-0.929776
5.346000	-0.934329
5.347000	-0.938734
5.348000	-0.942991
5.349000	-0.947098
5.350000	-0.951057
5.351000	-0.954865
5.352000	-0.958522
5.353000	-0.962028
5.354000	-0.965382
5.355000	-0.968583
5.356000	-0.971632
5.357000	-0.974527
5.358000	-0.977268
5.359000	-0.979855
5.360000	-0.982287
5.361000	-0.984564
5.362000	-0.986686
5.363000	-0.988652
5.364000	-0.990461
5.365000	-0.992115
5.366000	-0.993611
5.367000	-0.994951
5.368000	-0.996134
5.369000	-0.997159
5.370000	-0.998027
5.371000	-0.998737
5.372000	-0.999289
5.373000	-0.999684
5.374000	-0.999921
5.375000	-1.000000
5.376000	-0.999921
5.377000	-0.999684
5.378000	-0.999289
5.379000	-0.998737
5.380000	-0.998027
5.381000	-0.997159
5.382000	-0.996134
5.383000	-0.994951
5.384000	-0.993611
5.385000	-0.992115
5.386000	-0.990461
5.387000	-0.988652
5.388000	-0.986686
5.389000	-0.984564
5.390000	-0.982287
5.391000	-0.979855
5.392000	-0.977268
5.393000	-0.974527
5.394000	-0.971632
5.395000	-0.968583
5.396000	-0.965382
5.397000	-0.962028
5.398000	-0.958522
5.399000	-0.954865
5.400000	-0.951057
5.401000	-0.947098
5.402000	-0.942991
5.403000	-0.938734
5.404000	-0.934329
5.405000	-0.929776
5.406000	-0.925077
5.407000	-0.920232
5.408000	-0.915241
5.409000	-0.910106
5.410000	-0.904827
5.411000	-0.899405
5.412000	-0.893841
5.413000	-0.888136
5.414000	-0.882291
5.415000	-0.876307
5.416000	-0.870184
5.417000	-0.863923
5.418000	-0.857527
5.419000	-0.850994
5.420000	-0.844328
5.421000	-0.837528
5.422000	-0.830596
5.423000	-0.823533
5.424000	-0.816339
5.425000	-0.809017
5.426000	-0.801567
5.427000	-0.793990
5.428000	-0.786288
5.429000	-0.778462
5.430000	-0.770513
5.431000	-0.762443
5.432000	-0.754251
5.433000	-0.745941
5.434000	-0.737513
5.435000	-0.728969
5.436000	-0.720309
5.437000	-0.711536
5.438000	-0.702650
5.439000	-0.693653
5.440000	-0.684547
5.441000	-0.675333
5.442000	-0.666012
5.443000	-0.656586
5.444000	-0.647056
5.445000	-0.637424
5.446000	-0.627691
5.447000	-0.617860
5.448000	-0.607930
5.449000	-0.597905
5.450000	-0.587785
5.451000	-0.577573
5.452000	-0.567269
5.453000	-0.556876
5.454000	-0.546394
5.455000	-0.535827
5.456000	-0.525175
5.457000	-0.514440
5.458000	-0.503623
5.459000	-0.492727
5.460000	-0.481754
5.461000	-0.470704
5.462000	-0.459580
5.463000	-0.448383
5.464000	-0.437116
5.465000	-0.425779
5.466000	-0.414376
5.467000	-0.402906
5.468000	-0.391374
5.469000	-0.379779
5.470000	-0.368125
5.471000	-0.356412
5.472000	-0.344643
5.473000	-0.332820
5.474000	-0.320944
5.475000	-0.309017
5.476000	-0.297042
5.477000	-0.285019
5.478000	-0.272952
5.479000	-0.260842
5.480000	-0.248690
5.481000	-0.236499
5.482000	-0.224271
5.483000	-0.212007
5.484000	-0.199710
5.485000	-0.187381
5.486000	-0.175023
5.487000	-0.162637
5.488000	-0.150226
5.489000	-0.137790
5.490000	-0.125333
5.491000	-0.112856
5.492000	-0.100362
5.493000	-0.087851
5.494000	-0.075327
5.495000	-0.062791
5.496000	-0.050244
5.497000	-0.037690
5.498000	-0.025130
5.499000	-0.012566
5.500000	-0.000000
5.501000	0.012566
5.502000	0.025130
5.503000	0.037690
5.504000	0.050244
5.505000	0.062791
5.506000	0.075327
5.507000	0.087851
5.508000	0.100362
5.509000	0.112856
5.510000	0.125333
5.511000	0.137790
5.512000	0.150226
5.513000	0.162637
5.514000	0.175023
5.515000	0.187381
5.516000	0.199710
5.517000	0.212007
5.518000	0.224271
5.519000	0.236499
5.520000	0.248690
5.521000	0.260842
5.522000	0.272952
5.523000	0.285019
5.524000	0.297042
5.525000	0.309017
5.526000	0.320944
5.527000	0.332820
5.528000	0.344643
5.529000	0.356412
5.530000	0.368125
5.531000	0.379779
5.532000	0.391374
5.533000	0.402906
5.534000	0.414376
5.535000	0.425779
5.536000	0.437116
5.537000	0.448383
5.538000	0.459580
5.539000	0.470704
5.540000	0.481754
5.541000	0.492727
5.542000	0.503623
5.543000	0.514440
5.544000	0.525175
5.545000	0.535827
5.546000	0.546394
5.547000	0.556876
5.548000	0.567269
5.549000	0.577573
5.550000	0.587785
5.551000	0.597905
5.552000	0.607930
5.553000	0.617860
5.554000	0.627691
5.555000	0.637424
5.556000	0.647056
5.557000	0.656586
5.558000	0.666012
5.559000	0.675333
5.560000	0.684547
5.561000	0.693653
5.562000	0.702650
5.563000	0.711536
5.564000	0.720309
5.565000	0.728969
5.566000	0.737513
5.567000	0.745941
5.568000	0.754251
5.569000	0.762443
5.570000	0.770513
5.571000	0.778462
5.572000	0.786288
5.573000	0.793990
5.574000	0.801567
5.575000	0.809017
5.576000	0.816339
5.577000	0.823533
5.578000	0.830596
5.579000	0.837528
5.580000	0.844328
5.581000	0.850994
5.582000	0.857527
5.583000	0.863923
5.584000	0.870184
5.585000	0.876307
5.586000	0.882291
5.587000	0.888136
5.588000	0.893841
5.589000	0.899405
5.590000	0.904827
5.591000	0.910106
5.592000	0.915241
5.593000	0.920232
5.594000	0.925077
5.595000	0.929776
5.596000	0.934329
5.597000	0.938734
5.598000	0.942991
5.599000	0.947098
5.600000	0.951057
5.601000	0.954865
5.602000	0.958522
5.603000	0.962028
5.604000	0.965382
5.605000	0.968583
5.606000	0.971632
5.607000	0.974527
5.608000	0.977268
5.609000	0.979855
5.610000	0.982287
5.611000	0.984564
5.612000	0.986686
5.613000	0.988652
5.614000	0.990461
5.615000	0.992115
5.616000	0.993611
5.617000	0.994951
5.618000	0.996134
5.619000	0.997159
5.620000	0.998027
5.621000	0.998737
5.622000	0.999289
5.623000	0.999684
5.624000	0.999921
5.625000	1.000000
5.626000	0.999921
5.627000	0.999684
5.628000	0.999289
5.629000	0.998737
5.630000	0.998027
5.631000	0.997159
5.632000	0.996134
5.633000	0.994951
5.634000	0.993611
5.635000	0.992115
5.636000	0.990461
5.637000	0.988652
5.638000	0.986686
5.639000	0.984564
5.640000	0.982287
5.641000	0.979855
5.642000	0.977268
5.643000	0.974527
5.644000	0.971632
5.645000	0.968583
5.646000	0.965382
5.647000	0.962028
5.648000	0.958522
5.649000	0.954865
5.650000	0.951057
5.651000	0.947098
5.652000	0.942991
5.653000	0.938734
5.654000	0.934329
5.655000	0.929776
5.656000	0.925077
5.657000	0.920232
5.658000	0.915241
5.659000	0.910106
5.660000	0.904827
5.661000	0.899405
5.662000	0.893841
5.663000	0.888136
5.664000	0.882291
5.665000	0.876307
5.666000	0.870184
5.667000	0.863923
5.668000	0.857527
5.669000	0.850994
5.670000	0.844328
5.671000	0.837528
5.672000	0.830596
5.673000	0.823533
5.674000	0.816339
5.675000	0.809017
5.676000	0.801567
5.677000	0.793990
5.678000	0.786288
5.679000	0.778462
5.680000	0.770513
5.681000	0.762443
5.682000	0.754251
5.683000	0.745941
5.684000	0.737513
5.685000	0.728969
5.686000	0.720309
5.687000	0.711536
5.688000	0.702650
5.689000	0.693653
5.690000	0.684547
5.691000	0.675333
5.692000	0.666012
5.693000	0.656586
5.694000	0.647056
5.695000	0.637424
5.696000	0.627691
5.697000	0.617860
5.698000	0.607930
5.699000	0.597905
5.700000	0.587785
5.701000	0.577573
5.702000	0.567269
5.703000	0.556876
5.704000	0.546394
5.705000	0.535827
5.706000	0.525175
5.707000	0.514440
5.708000	0.503623
5.709000	0.492727
5.710000	0.481754
5.711000	0.470704
5.712000	0.459580
5.713000	0.448383
5.714000	0.437116
5.715000	0.425779
5.716000	0.414376
5.717000	0.402906
5.718000	0.391374
5.719000	0.379779
5.720000	0.368125
5.721000	0.356412
5.722000	0.344643
5.723000	0.332820
5.724000	0.320944
5.725000	0.309017
5.726000	0.297042
5.727000	0.285019
5.728000	0.272952
5.729000	0.260842
5.730000	0.248690
5.731000	0.236499
5.732000	0.224271
5.733000	0.212007
5.734000	0.199710
5.735000	0.187381
5.736000	0.175023
5.737000	0.162637
5.738000	0.150226
5.739000	0.137790
5.740000	0.125333
5.741000	0.112856
5.742000	0.100362
5.743000	0.087851
5.744000	0.075327
5.745000	0.062791
5.746000	0.050244
5.747000	0.037690
5.748000	0.025130
5.749000	0.012566
5.750000	0.000000
5.751000	-0.012566
5.752000	-0.025130
5.753000	-0.037690
5.754000	-0.050244
5.755000	-0.062791
5.756000	-0.075327
5.757000	-0.087851
5.758000	-0.100362
5.759000	-0.112856
5.760000	-0.125333
5.761000	-0.137790
5.762000	-0.150226
5.763000	-0.162637
5.764000	-0.175023
5.765000	-0.187381
5.766000	-0.199710
5.767000	-0.212007
5.768000	-0.224271
5.769000	-0.236499
5.770000	-0.248690
5.771000	-0.260842
5.772000	-0.272952
5.773000	-0.285019
5.774000	-0.297042
5.775000	-0.309017
5.776000	-0.320944
5.777000	-0.332820
5.778000	-0.344643
5.779000	-0.356412
5.780000	-0.368125
5.781000	-0.379779
5.782000	-0.391374
5.783000	-0.402906
5.784000	-0.414376
5.785000	-0.425779
5.786000	-0.437116
5.787000	-0.448383
5.788000	-0.459580
5.789000	-0.470704
5.790000	-0.481754
5.791000	-0.492727
5.792000	-0.503623
5.793000	-0.514440
5.794000	-0.525175
5.795000	-0.535827
5.796000	-0.546394
5.797000	-0.556876
5.798000	-0.567269
5.799000	-0.577573
5.800000	-0.587785
5.801000	-0.597905
5.802000	-0.607930
5.803000	-0.617860
5.804000	-0.627691
5.805000	-0.637424
5.806000	-0.647056
5.807000	-0.656586
5.808000	-0.666012
5.809000	-0.675333
5.810000	-0.684547
5.811000	-0.693653
5.812000	-0.702650
5.813000	-0.711536
5.814000	-0.720309
5.815000	-0.728969
5.816000	-0.737513
5.817000	-0.745941
5.818000	-0.754251
5.819000	-0.762443
5.820000	-0.770513
5.821000	-0.778462
5.822000	-0.786288
5.823000	-0.793990
5.824000	-0.801567
5.825000	-0.809017
5.826000	-0.816339
5.827000	-0.823533
5.828000	-0.830596
5.829000	-0.837528
5.830000	-0.844328
5.831000	-0.850994
5.832000	-0.857527
5.833000	-0.863923
5.834000	-0.870184
5.835000	-0.876307
5.836000	-0.882291
5.837000	-0.888136
5.838000	-0.893841
5.839000	-0.899405
5.840000	-0.904827
5.841000	-0.910106
5.842000	-0.915241
5.843000	-0.920232
5.844000	-0.925077
5.845000	-0.929776
5.846000	-0.934329
5.847000	-0.938734
5.848000	-0.942991
5.849000	-0.947098
5.850000	-0.951057
5.851000	-0.954865
5.852000	-0.958522
5.853000	-0.962028
5.854000	-0.965382
5.855000	-0.968583
5.856000	-0.971632
5.857000	-0.974527
5.858000	-0.977268
5.859000	-0.979855
5.860000	-0.982287
5.861000	-0.984564
5.862000	-0.986686
5.863000	-0.988652
5.864000	-0.990461
5.865000	-0.992115
5.866000	-0.993611
5.867000	-0.994951
5.868000	-0.996134
5.869000	-0.997159
5.870000	-0.998027
5.871000	-0.998737
5.872000	-0.999289
5.873000	-0.999684
5.874000	-0.999921
5.875000	-1.000000
5.876000	-0.999921
5.877000	-0.999684
5.878000	-0.999289
5.879000	-0.998737
5.880000	-0.998027
5.881000	-0.997159
5.882000	-0.996134
5.883000	-0.994951
5.884000	-0.993611
5.885000	-0.992115
5.886000	-0.990461
5.887000	-0.988652
5.888000	-0.986686
5.889000	-0.984564
5.890000	-0.982287
5.891000	-0.979855
5.892000	-0.977268
5.893000	-0.974527
5.894000	-0.971632
5.895000	-0.968583
5.896000	-0.965382
5.897000	-0.962028
5.898000	-0.958522
5.899000	-0.954865
5.900000	-0.951057
5.901000	-0.947098
5.902000	-0.942991
5.903000	-0.938734
5.904000	-0.934329
5.905000	-0.929776
5.906000	-0.925077
5.907000	-0.920232
5.908000	-0.915241
5.909000	-0.910106
5.910000	-0.904827
5.911000	-0.899405
5.912000	-0.893841
5.913000	-0.888136
5.914000	-0.882291
5.915000	-0.876307
5.916000	-0.870184
5.917000	-0.863923
5.918000	-0.857527
5.919000	-0.850994
5.920000	-0.844328
5.921000	-0.837528
5.922000	-0.830596
5.923000	-0.823533
5.924000	-0.816339
5.925000	-0.809017
5.926000	-0.801567
5.927000	-0.793990
5.928000	-0.786288
5.929000	-0.778462
5.930000	-0.770513
5.931000	-0.762443
5.932000	-0.754251
5.933000	-0.745941
5.934000	-0.737513
5.935000	-0.728969
5.936000	-0.720309
5.937000	-0.711536
5.938000	-0.702650
5.939000	-0.693653
5.940000	-0.684547
5.941000	-0.675333
5.942000	-0.666012
5.943000	-0.656586
5.944000	-0.647056
5.945000	-0.637424
5.946000	-0.627691
5.947000	-0.617860
5.948000	-0.607930
5.949000	-0.597905
5.950000	-0.587785
5.951000	-0.577573
5.952000	-0.567269
5.953000	-0.556876
5.954000	-0.546394
5.955000	-0.535827
5.956000	-0.525175
5.957000	-0.514440
5.958000	-0.503623
5.959000	-0.492727
5.960000	-0.481754
5.961000	-0.470704
5.962000	-0.459580
5.963000	-0.448383
5.964000	-0.437116
5.965000	-0.425779
5.966000	-0.414376
5.967000	-0.402906
5.968000	-0.391374
5.969000	-0.379779
5.970000	-0.368125
5.971000	-0.356412
5.972000	-0.344643
5.973000	-0.332820
5.974000	-0.320944
5.975000	-0.309017
5.976000	-0.297042
5.977000	-0.285019
5.978000	-0.272952
5.979000	-0.260842
5.980000	-0.248690
5.981000	-0.236499
5.982000	-0.224271
5.983000	-0.212007
5.984000	-0.199710
5.985000	-0.187381
5.986000	-0.175023
5.987000	-0.162637
5.988000	-0.150226
5.989000	-0.137790
5.990000	-0.125333
5.991000	-0.112856
5.992000	-0.100362
5.993000	-0.087851
5.994000	-0.075327
5.995000	-0.062791
5.996000	-0.050244
5.997000	-0.037690
5.998000	-0.025130
5.999000	-0.012566
6.000000	-0.000000
6.001000	0.012566
6.002000	0.025130
6.003000	0.037690
6.004000	0.050244
6.005000	0.062791
6.006000	0.075327
6.007000	0.087851
6.008000	0.100362
6.009000	0.112856
6.010000	0.125333
6.011000	0.137790
6.012000	0.150226
6.013000	0.162637
6.014000	0.175023
6.015000	0.187381
6.016000	0.199710
6.017000	0.212007
6.018000	0.224271
6.019000	0.236499
6.020000	0.248690
6.021000	0.260842
6.022000	0.272952
6.023000	0.285019
6.024000	0.297042
6.025000	0.309017
6.026000	0.320944
6.027000	0.332820
6.028000	0.344643
6.029000	0.356412
6.030000	0.368125
6.031000	0.379779
6.032000	0.391374
6.033000	0.402906
6.034000	0.414376
6.035000	0.425779
6.036000	0.437116
6.037000	0.448383
6.038000	0.459580
6.039000	0.470704
6.040000	0.481754
6.041000	0.492727
6.042000	0.503623
6.043000	0.514440
6.044000	0.525175
6.045000	0.535827
6.046000	0.546394
6.047000	0.556876
6.048000	0.567269
6.049000	0.577573
6.050000	0.587785
6.051000	0.597905
6.052000	0.607930
6.053000	0.617860
6.054000	0.627691
6.055000	0.637424
6.056000	0.647056
6.057000	0.656586
6.058000	0.666012
6.059000	0.675333
6.060000	0.684547
6.061000	0.693653
6.062000	0.702650
6.063000	0.711536
6.064000	0.720309
6.065000	0.728969
6.066000	0.737513
6.067000	0.745941
6.068000	0.754251
6.069000	0.762443
6.070000	0.770513
6.071000	0.778462
6.072000	0.786288
6.073000	0.793990
6.074000	0.801567
6.075000	0.809017
6.076000	0.816339
6.077000	0.823533
6.078000	0.830596
6.079000	0.837528
6.080000	0.844328
6.081000	0.850994
6.082000	0.857527
6.083000	0.863923
6.084000	0.870184
6.085000	0.876307
6.086000	0.882291
6.087000	0.888136
6.088000	0.893841
6.089000	0.899405
6.090000	0.904827
6.091000	0.910106
6.092000	0.915241
6.093000	0.920232
6.094000	0.925077
6.095000	0.929776
6.096000	0.934329
6.097000	0.938734
6.098000	0.942991
6.099000	0.947098
6.100000	0.951057
6.101000	0.954865
6.102000	0.958522
6.103000	0.962028
6.104000	0.965382
6.105000	0.968583
6.106000	0.971632
6.107000	0.974527
6.108000	0.977268
6.109000	0.979855
6.110000	0.982287
6.111000	0.984564
6.112000	0.986686
6.113000	0.988652
6.114000	0.990461
6.115000	0.992115
6.116000	0.993611
6.117000	0.994951
6.118000	0.996134
6.119000	0.997159
6.120000	0.998027
6.121000	0.998737
6.122000	0.999289
6.123000	0.999684
6.124000	0.999921
6.125000	1.000000
6.126000	0.999921
6.127000	0.999684
6.128000	0.999289
6.129000	0.998737
6.130000	0.998027
6.131000	0.997159
6.132000	0.996134
6.133000	0.994951
6.134000	0.993611
6.135000	0.992115
6.136000	0.990461
6.137000	0.988652
6.138000	0.986686
6.139000	0.984564
6.140000	0.982287
6.141000	0.979855
6.142000	0.977268
6.143000	0.974527
6.144000	0.971632
6.145000	0.968583
6.146000	0.965382
6.147000	0.962028
6.148000	0.958522
6.149000	0.954865
6.150000	0.951057
6.151000	0.947098
6.152000	0.942991
6.153000	0.938734
6.154000	0.934329
6.155000	0.929776
6.156000	0.925077
6.157000	0.920232
6.158000	0.915241
6.159000	0.910106
6.160000	0.904827
6.161000	0.899405
6.162000	0.893841
6.163000	0.888136
6.164000	0.882291
6.165000	0.876307
6.166000	0.870184
6.167000	0.863923
6.168000	0.857527
6.169000	0.850994
6.170000	0.844328
6.171000	0.837528
6.172000	0.830596
6.173000	0.823533
6.174000	0.816339
6.175000	0.809017
6.176000	0.801567
6.177000	0.793990
6.178000	0.786288
6.179000	0.778462
6.180000	0.770513
6.181000	0.762443
6.182000	0.754251
6.183000	0.745941
6.184000	0.737513
6.185000	0.728969
6.186000	0.720309
6.187000	0.711536
6.188000	0.702650
6.189000	0.693653
6.190000	0.684547
6.191000	0.675333
6.192000	0.666012
6.193000	0.656586
6.194000	0.647056
6.195000	0.637424
6.196000	0.627691
6.197000	0.617860
6.198000	0.607930
6.199000	0.597905
6.200000	0.587785
6.201000	0.577573
6.202000	0.567269
6.203000	0.556876
6.204000	0.546394
6.205000	0.535827
6.206000	0.525175
6.207000	0.514440
6.208000	0.503623
6.209000	0.492727
6.210000	0.481754
6.211000	0.470704
6.212000	0.459580
6.213000	0.448383
6.214000	0.437116
6.215000	0.425779
6.216000	0.414376
6.217000	0.402906
6.218000	0.391374
6.219000	0.379779
6.220000	0.368125
6.221000	0.356412
6.222000	0.344643
6.223000	0.332820
6.224000	0.320944
6.225000	0.309017
6.226000	0.297042
6.227000	0.285019
6.228000	0.272952
6.229000	0.260842
6.230000	0.248690
6.231000	0.236499
6.232000	0.224271
6.233000	0.212007
6.234000	0.199710
6.235000	0.187381
6.236000	0.175023
6.237000	0.162637
6.238000	0.150226
6.239000	0.137790
6.240000	0.125333
6.241000	0.112856
6.242000	0.100362
6.243000	0.087851
6.244000	0.075327
6.245000	0.062791
6.246000	0.050244
6.247000	0.037690
6.248000	0.025130
6.249000	0.012566
6.250000	-0.000000
6.251000	-0.012566
6.252000	-0.025130
6.253000	-0.037690
6.254000	-0.050244
6.255000	-0.062791
6.256000	-0.075327
6.257000	-0.087851
6.258000	-0.100362
6.259000	-0.112856
6.260000	-0.125333
6.261000	-0.137790
6.262000	-0.150226
6.263000	-0.162637
6.264000	-0.175023
6.265000	-0.187381
6.266000	-0.199710
6.267000	-0.212007
6.268000	-0.224271
6.269000	-0.236499
6.270000	-0.248690
6.271000	-0.260842
6.272000	-0.272952
6.273000	-0.285019
6.274000	-0.297042
6.275000	-0.309017
6.276000	-0.320944
6.277000	-0.332820
6.278000	-0.344643
6.279000	-0.356412
6.280000	-0.368125
6.281000	-0.379779
6.282000	-0.391374
6.283000	-0.402906
6.284000	-0.414376
6.285000	-0.425779
6.286000	-0.437116
6.287000	-0.448383
6.288000	-0.459580
6.289000	-0.470704
6.290000	-0.481754
6.291000	-0.492727
6.292000	-0.503623
6.293000	-0.514440
6.294000	-0.525175
6.295000	-0.535827
6.296000	-0.546394
6.297000	-0.556876
6.298000	-0.567269
6.299000	-0.577573
6.300000	-0.587785
6.301000	-0.597905
6.302000	-0.607930
6.303000	-0.617860
6.304000	-0.627691
6.305000	-0.637424
6.306000	-0.647056
6.307000	-0.656586
6.308000	-0.666012
6.309000	-0.675333
6.310000	-0.684547
6.311000	-0.693653
6.312000	-0.702650
6.313000	-0.711536
6.314000	-0.720309
6.315000	-0.728969
6.316000	-0.737513
6.317000	-0.745941
6.318000	-0.754251
6.319000	-0.762443
6.320000	-0.770513
6.321000	-0.778462
6.322000	-0.786288
6.323000	-0.793990
6.324000	-0.801567
6.325000	-0.809017
6.326000	-0.816339
6.327000	-0.823533
6.328000	-0.830596
6.329000	-0.837528
6.330000	-0.844328
6.331000	-0.850994
6.332000	-0.857527
6.333000	-0.863923
6.334000	-0.870184
6.335000	-0.876307
6.336000	-0.882291
6.337000	-0.888136
6.338000	-0.893841
6.339000	-0.899405
6.340000	-0.904827
6.341000	-0.910106
6.342000	-0.915241
6.343000	-0.920232
6.344000	-0.925077
6.345000	-0.929776
6.346000	-0.934329
6.347000	-0.938734
6.348000	-0.942991
6.349000	-0.947098
6.350000	-0.951057
6.351000	-0.954865
6.352000	-0.958522
6.353000	-0.962028
6.354000	-0.965382
6.355000	-0.968583
6.356000	-0.971632
6.357000	-0.974527
6.358000	-0.977268
6.359000	-0.979855
6.360000	-0.982287
6.361000	-0.984564
6.362000	-0.986686
6.363000	-0.988652
6.364000	-0.990461
6.365000	-0.992115
6.366000	-0.993611
6.367000	-0.994951
6.368000	-0.996134
6.369000	-0.997159
6.370000	-0.998027
6.371000	-0.998737
6.372000	-0.999289
6.373000	-0.999684
6.374000	-0.999921
6.375000	-1.000000
6.376000	-0.999921
6.377000	-0.999684
6.378000	-0.999289
6.379000	-0.998737
6.380000	-0.998027
6.381000	-0.997159
6.382000	-0.996134
6.383000	-0.994951
6.384000	-0.993611
6.385000	-0.992115
6.386000	-0.990461
6.387000	-0.988652
6.388000	-0.986686
6.389000	-0.984564
6.390000	-0.982287
6.391000	-0.979855
6.392000	-0.977268
6.393000	-0.974527
6.394000	-0.971632
6.395000	-0.968583
6.396000	-0.965382
6.397000	-0.962028
6.398000	-0.958522
6.399000	-0.954865
6.400000	-0.951057
6.401000	-0.947098
6.402000	-0.942991
6.403000	-0.938734
6.404000	-0.934329
6.405000	-0.929776
6.406000	-0.925077
6.407000	-0.920232
6.408000	-0.915241
6.409000	-0.910106
6.410000	-0.904827
6.411000	-0.899405
6.412000	-0.893841
6.413000	-0.888136
6.414000	-0.882291
6.415000	-0.876307
6.416000	-0.870184
6.417000	-0.863923
6.418000	-0.857527
6.419000	-0.850994
6.420000	-0.844328
6.421000	-0.837528
6.422000	-0.830596
6.423000	-0.823533
6.424000	-0.816339
6.425000	-0.809017
6.426000	-0.801567
6.427000	-0.793990
6.428000	-0.786288
6.429000	-0.778462
6.430000	-0.770513
6.431000	-0.762443
6.432000	-0.754251
6.433000	-0.745941
6.434000	-0.737513
6.435000	-0.728969
6.436000	-0.720309
6.437000	-0.711536
6.438000	-0.702650
6.439000	-0.693653
6.440000	-0.684547
6.441000	-0.675333
6.442000	-0.666012
6.443000	-0.656586
6.444000	-0.647056
6.445000	-0.637424
6.446000	-0.627691
6.447000	-0.617860
6.448000	-0.607930
6.449000	-0.597905
6.450000	-0.587785
6.451000	-0.577573
6.452000	-0.567269
6.453000	-0.556876
6.454000	-0.546394
6.455000	-0.535827
6.456000	-0.525175
6.457000	-0.514440
6.458000	-0.503623
6.459000	-0.492727
6.460000	-0.481754
6.461000	-0.470704
6.462000	-0.459580
6.463000	-0.448383
6.464000	-0.437116
6.465000	-0.425779
6.466000	-0.414376
6.467000	-0.402906
6.468000	-0.391374
6.469000	-0.379779
6.470000	-0.368125
6.471000	-0.356412
6.472000	-0.344643
6.473000	-0.332820
6.474000	-0.320944
6.475000	-0.309017
6.476000	-0.297042
6.477000	-0.285019
6.478000	-0.272952
6.479000	-0.260842
6.480000	-0.248690
6.481000	-0.236499
6.482000	-0.224271
6.483000	-0.212007
6.484000	-0.199710
6.485000	-0.187381
6.486000	-0.175023
6.487000	-0.162637
6.488000	-0.150226
6.489000	-0.137790
6.490000	-0.125333
6.491000	-0.112856
6.492000	-0.100362
6.493000	-0.087851
6.494000	-0.075327
6.495000	-0.062791
6.496000	-0.050244
6.497000	-0.037690
6.498000	-0.025130
6.499000	-0.012566
6.500000	0.000000
6.501000	0.012566
6.502000	0.025130
6.503000	0.037690
6.504000	0.050244
6.505000	0.062791
6.506000	0.075327
6.507000	0.087851
6.508000	0.100362
6.509000	0.112856
6.510000	0.125333
6.511000	0.137790
6.512000	0.150226
6.513000	0.162637
6.514000	0.175023
6.515000	0.187381
6.516000	0.199710
6.517000	0.212007
6.518000	0.224271
6.519000	0.236499
6.520000	0.248690
6.521000	0.260842
6.522000	0.272952
6.523000	0.285019
6.524000	0.297042
6.525000	0.309017
6.526000	0.320944
6.527000	0.332820
6.528000	0.344643
6.529000	0.356412
6.530000	0.368125
6.531000	0.379779
6.532000	0.391374
6.533000	0.402906
6.534000	0.414376
6.535000	0.425779
6.536000	0.437116
6.537000	0.448383
6.538000	0.459580
6.539000	0.470704
6.540000	0.481754
6.541000	0.492727
6.542000	0.503623
6.543000	0.514440
6.544000	0.525175
6.545000	0.535827
6.546000	0.546394
6.547000	0.556876
6.548000	0.567269
6.549000	0.577573
6.550000	0.587785
6.551000	0.597905
6.552000	0.607930
6.553000	0.617860
6.554000	0.627691
6.555000	0.637424
6.556000	0.647056
6.557000	0.656586
6.558000	0.666012
6.559000	0.675333
6.560000	0.684547
6.561000	0.693653
6.562000	0.702650
6.563000	0.711536
6.564000	0.720309
6.565000	0.728969
6.566000	0.737513
6.567000	0.745941
6.568000	0.754251
6.569000	0.762443
6.570000	0.770513
6.571000	0.778462
6.572000	0.786288
6.573000	0.793990
6.574000	0.801567
6.575000	0.809017
6.576000	0.816339
6.577000	0.823533
6.578000	0.830596
6.579000	0.837528
6.580000	0.844328
6.581000	0.850994
6.582000	0.857527
6.583000	0.863923
6.584000	0.870184
6.585000	0.876307
6.586000	0.882291
6.587000	0.888136
6.588000	0.893841
6.589000	0.899405
6.590000	0.904827
6.591000	0.910106
6.592000	0.915241
6.593000	0.920232
6.594000	0.925077
6.595000	0.929776
6.596000	0.934329
6.597000	0.938734
6.598000	0.942991
6.599000	0.947098
6.600000	0.951057
6.601000	0.954865
6.602000	0.958522
6.603000	0.962028
6.604000	0.965382
6.605000	0.968583
6.606000	0.971632
6.607000	0.974527
6.608000	0.977268
6.609000	0.979855
6.610000	0.982287
6.611000	0.984564
6.612000	0.986686
6.613000	0.988652
6.614000	0.990461
6.615000	0.992115
6.616000	0.993611
6.617000	0.994951
6.618000	0.996134
6.619000	0.997159
6.620000	0.998027
6.621000	0.998737
6.622000	0.999289
6.623000	0.999684
6.624000	0.999921
6.625000	1.000000
6.626000	0.999921
6.627000	0.999684
6.628000	0.999289
6.629000	0.998737
6.630000	0.998027
6.631000	0.997159
6.632000	0.996134
6.633000	0.994951
6.634000	0.993611
6.635000	0.992115
6.636000	0.990461
6.637000	0.988652
6.638000	0.986686
6.639000	0.984564
6.640000	0.982287
6.641000	0.979855
6.642000	0.977268
6.643000	0.974527
6.644000	0.971632
6.645000	0.968583
6.646000	0.965382
6.647000	0.962028
6.648000	0.958522
6.649000	0.954865
6.650000	0.951057
6.651000	0.947098
6.652000	0.942991
6.653000	0.938734
6.654000	0.934329
6.655000	0.929776
6.656000	0.925077
6.657000	0.920232
6.658000	0.915241
6.659000	0.910106
6.660000	0.904827
6.661000	0.899405
6.662000	0.893841
6.663000	0.888136
6.664000	0.882291
6.665000	0.876307
6.666000	0.870184
6.667000	0.863923
6.668000	0.857527
6.669000	0.850994
6.670000	0.844328
6.671000	0.837528
6.672000	0.830596
6.673000	0.823533
6.674000	0.816339
6.675000	0.809017
6.676000	0.801567
6.677000	0.793990
6.678000	0.786288
6.679000	0.778462
6.680000	0.770513
6.681000	0.762443
6.682000	0.754251
6.683000	0.745941
6.684000	0.737513
6.685000	0.728969
6.686000	0.720309
6.687000	0.711536
6.688000	0.702650
6.689000	0.693653
6.690000	0.684547
6.691000	0.675333
6.692000	0.666012
6.693000	0.656586
6.694000	0.647056
6.695000	0.637424
6.696000	0.627691
6.697000	0.617860
6.698000	0.607930
6.699000	0.597905
6.700000	0.587785
6.701000	0.577573
6.702000	0.567269
6.703000	0.556876
6.704000	0.546394
6.705000	0.535827
6.706000	0.525175
6.707000	0.514440
6.708000	0.503623
6.709000	0.492727
6.710000	0.481754
6.711000	0.470704
6.712000	0.459580
6.713000	0.448383
6.714000	0.437116
6.715000	0.425779
6.716000	0.414376
6.717000	0.402906
6.718000	0.391374
6.719000	0.379779
6.720000	0.368125
6.721000	0.356412
6.722000	0.344643
6.723000	0.332820
6.724000	0.320944
6.725000	0.309017
6.726000	0.297042
6.727000	0.285019
6.728000	0.272952
6.729000	0.260842
6.730000	0.248690
6.731000	0.236499
6.732000	0.224271
6.733000	0.212007
6.734000	0.199710
6.735000	0.187381
6.736000	0.175023
6.737000	0.162637
6.738000	0.150226
6.739000	0.137790
6.740000	0.125333
6.741000	0.112856
6.742000	0.100362
6.743000	0.087851
6.744000	0.075327
6.745000	0.062791
6.746000	0.050244
6.747000	0.037690
6.748000	0.025130
6.749000	0.012566
6.750000	0.000000
6.751000	-0.012566
6.752000	-0.025130
6.753000	-0.037690
6.754000	-0.050244
6.755000	-0.062791
6.756000	-0.075327
6.757000	-0.087851
6.758000	-0.100362
6.759000	-0.112856
6.760000	-0.125333
6.761000	-0.137790
6.762000	-0.150226
6.763000	-0.162637
6.764000	-0.175023
6.765000	-0.187381
6.766000	-0.199710
6.767000	-0.212007
6.768000	-0.224271
6.769000	-0.236499
6.770000	-0.248690
6.771000	-0.260842
6.772000	-0.272952
6.773000	-0.285019
6.774000	-0.297042
6.775000	-0.309017
6.776000	-0.320944
6.777000	-0.332820
6.778000	-0.344643
6.779000	-0.356412
6.780000	-0.368125
6.781000	-0.379779
6.782000	-0.391374
6.783000	-0.402906
6.784000	-0.414376
6.785000	-0.425779
6.786000	-0.437116
6.787000	-0.448383
6.788000	-0.459580
6.789000	-0.470704
6.790000	-0.481754
6.791000	-0.492727
6.792000	-0.503623
6.793000	-0.514440
6.794000	-0.525175
6.795000	-0.535827
6.796000	-0.546394
6.797000	-0.556876
6.798000	-0.567269
6.799000	-0.577573
6.800000	-0.587785
6.801000	-0.597905
6.802000	-0.607930
6.803000	-0.617860
6.804000	-0.627691
6.805000	-0.637424
6.806000	-0.647056
6.807000	-0.656586
6.808000	-0.666012
6.809000	-0.675333
6.810000	-0.684547
6.811000	-0.693653
6.812000	-0.702650
6.813000	-0.711536
6.814000	-0.720309
6.815000	-0.728969
6.816000	-0.737513
6.817000	-0.745941
6.818000	-0.754251
6.819000	-0.762443
6.820000	-0.770513
6.821000	-0.778462
6.822000	-0.786288
6.823000	-0.793990
6.824000	-0.801567
6.825000	-0.809017
6.826000	-0.816339
6.827000	-0.823533
6.828000	-0.830596
6.829000	-0.837528
6.830000	-0.844328
6.831000	-0.850994
6.832000	-0.857527
6.833000	-0.863923
6.834000	-0.870184
6.835000	-0.876307
6.836000	-0.882291
6.837000	-0.888136
6.838000	-0.893841
6.839000	-0.899405
6.840000	-0.904827
6.841000	-0.910106
6.842000	-0.915241
6.843000	-0.920232
6.844000	-0.925077
6.845000	-0.929776
6.846000	-0.934329
6.847000	-0.938734
6.848000	-0.942991
6.849000	-0.947098
6.850000	-0.951057
6.851000	-0.954865
6.852000	-0.958522
6.853000	-0.962028
6.854000	-0.965382
6.855000	-0.968583
6.856000	-0.971632
6.857000	-0.974527
6.858000	-0.977268
6.859000	-0.979855
6.860000	-0.982287
6.861000	-0.984564
6.862000	-0.986686
6.863000	-0.988652
6.864000	-0.990461
6.865000	-0.992115
6.866000	-0.993611
6.867000	-0.994951
6.868000	-0.996134
6.869000	-0.997159
6.870000	-0.998027
6.871000	-0.998737
6.872000	-0.999289
6.873000	-0.999684
6.874000	-0.999921
6.875000	-1.000000
6.876000	-0.999921
6.877000	-0.999684
6.878000	-0.999289
6.879000	-0.998737
6.880000	-0.998027
6.881000	-0.997159
6.882000	-0.996134
6.883000	-0.994951
6.884000	-0.993611
6.885000	-0.992115
6.886000	-0.990461
6.887000	-0.988652
6.888000	-0.986686
6.889000	-0.984564
6.890000	-0.982287
6.891000	-0.979855
6.892000	-0.977268
6.893000	-0.974527
6.894000	-0.971632
6.895000	-0.968583
6.896000	-0.965382
6.897000	-0.962028
6.898000	-0.958522
6.899000	-0.954865
6.900000	-0.951057
6.901000	-0.947098
6.902000	-0.942991
6.903000	-0.938734
6.904000	-0.934329
6.905000	-0.929776
6.906000	-0.925077
6.907000	-0.920232
6.908000	-0.915241
6.909000	-0.910106
6.910000	-0.904827
6.911000	-0.899405
6.912000	-0.893841
6.913000	-0.888136
6.914000	-0.882291
6.915000	-0.876307
6.916000	-0.870184
6.917000	-0.863923
6.918000	-0.857527
6.919000	-0.850994
6.920000	-0.844328
6.921000	-0.837528
6.922000	-0.830596
6.923000	-0.823533
6.924000	-0.816339
6.925000	-0.809017
6.926000	-0.801567
6.927000	-0.793990
6.928000	-0.786288
6.929000	-0.778462
6.930000	-0.770513
6.931000	-0.762443
6.932000	-0.754251
6.933000	-0.745941
6.934000	-0.737513
6.935000	-0.728969
6.936000	-0.720309
6.937000	-0.711536
6.938000	-0.702650
6.939000	-0.693653
6.940000	-0.684547
6.941000	-0.675333
6.942000	-0.666012
6.943000	-0.656586
6.944000	-0.647056
6.945000	-0.637424
6.946000	-0.627691
6.947000	-0.617860
6.948000	-0.607930
6.949000	-0.597905
6.950000	-0.587785
6.951000	-0.577573
6.952000	-0.567269
6.953000	-0.556876
6.954000	-0.546394
6.955000	-0.535827
6.956000	-0.525175
6.957000	-0.514440
6.958000	-0.503623
6.959000	-0.492727
6.960000	-0.481754
6.961000	-0.470704
6.962000	-0.459580
6.963000	-0.448383
6.964000	-0.437116
6.965000	-0.425779
6.966000	-0.414376
6.967000	-0.402906
6.968000	-0.391374
6.969000	-0.379779
6.970000	-0.368125
6.971000	-0.356412
6.972000	-0.344643
6.973000	-0.332820
6.974000	-0.320944
6.975000	-0.309017
6.976000	-0.297042
6.977000	-0.285019
6.978000	-0.272952
6.979000	-0.260842
6.980000	-0.248690
6.981000	-0.236499
6.982000	-0.224271
6.983000	-0.212007
6.984000	-0.199710
6.985000	-0.187381
6.986000	-0.175023
6.987000	-0.162637
6.988000	-0.150226
6.989000	-0.137790
6.990000	-0.125333
6.991000	-0.112856
6.992000	-0.100362
6.993000	-0.087851
6.994000	-0.075327
6.995000	-0.062791
6.996000	-0.050244
6.997000	-0.037690
6.998000	-0.025130
6.999000	-0.012566
7.000000	-0.000000
