子图,系列,x,y
子图1,系列1,0,7.527212202e-05
子图1,系列1,0.003,7.527233266e-05
子图1,系列1,0.006,7.527131863e-05
子图1,系列1,0.009,7.526951915e-05
子图1,系列1,0.012,7.526792217e-05
子图1,系列1,0.015,7.526736484e-05
子图1,系列1,0.018,7.526810426e-05
子图1,系列1,0.021,7.526985907e-05
子图1,系列1,0.024,7.527205397e-05
子图1,系列1,0.027,7.527394854e-05
子图1,系列1,0.03,7.527470304e-05
子图1,系列1,0.033,7.527367871e-05
子图1,系列1,0.036,7.527098137e-05
子图1,系列1,0.039,7.526775969e-05
子图1,系列1,0.042,7.526573372e-05
子图1,系列1,0.045,7.526613978e-05
子图1,系列1,0.048,7.526895508e-05
子图1,系列1,0.051,7.527299591e-05
子图1,系列1,0.054,7.527661094e-05
子图1,系列1,0.057,7.527833371e-05
子图1,系列1,0.06,7.527726583e-05
子图1,系列1,0.063,7.527336714e-05
子图1,系列1,0.066,7.526772079e-05
子图1,系列1,0.069,7.526245227e-05
子图1,系列1,0.072,7.525996813e-05
子图1,系列1,0.075,7.526173317e-05
子图1,系列1,0.078,7.526734495e-05
子图1,系列1,0.081,7.527461981e-05
子图1,系列1,0.084,7.528067525e-05
子图1,系列1,0.087,7.528321862e-05
子图1,系列1,0.09,7.528127915e-05
子图1,系列1,0.093,7.527536072e-05
子图1,系列1,0.096,7.526738187e-05
子图1,系列1,0.099,7.526034184e-05
子图1,系列1,0.102,7.52573271e-05
子图1,系列1,0.105,7.526000352e-05
子图1,系列1,0.108,7.526753466e-05
子图1,系列1,0.111,7.527682288e-05
子图1,系列1,0.114,7.528398888e-05
子图1,系列1,0.117,7.528612988e-05
子图1,系列1,0.12,7.528238347e-05
子图1,系列1,0.123,7.527400578e-05
子图1,系列1,0.126,7.526384137e-05
子图1,系列1,0.129,7.525558138e-05
子图1,系列1,0.132,7.525272662e-05
子图1,系列1,0.135,7.525708977e-05
子图1,系列1,0.138,7.526747537e-05
子图1,系列1,0.141,7.527978845e-05
子图1,系列1,0.144,7.52889497e-05
子图1,系列1,0.147,7.52913784e-05
子图1,系列1,0.15,7.528636944e-05
子图1,系列1,0.153,7.527589334e-05
子图1,系列1,0.156,7.526359223e-05
子图1,系列1,0.159,7.525371876e-05
子图1,系列1,0.162,7.525003913e-05
子图1,系列1,0.165,7.525449743e-05
子图1,系列1,0.168,7.526594699e-05
子图1,系列1,0.171,7.527988078e-05
子图1,系列1,0.174,7.529017173e-05
子图1,系列1,0.177,7.529241009e-05
子图1,系列1,0.18,7.528626603e-05
子图1,系列1,0.183,7.527461028e-05
子图1,系列1,0.186,7.525995851e-05
子图1,系列1,0.189,7.524044993e-05
子图1,系列1,0.192,7.520730092e-05
子图1,系列1,0.195,7.514553621e-05
子图1,系列1,0.198,7.503889953e-05
子图1,系列1,0.201,7.487725124e-05
子图1,系列1,0.204,7.466270533e-05
子图1,系列1,0.207,7.441064267e-05
子图1,系列1,0.21,7.414468927e-05
子图1,系列1,0.213,7.389158216e-05
子图1,系列1,0.216,7.368713658e-05
子图1,系列1,0.219,7.359946139e-05
子图1,系列1,0.222,7.375977808e-05
子图1,系列1,0.225,7.437597559e-05
子图1,系列1,0.228,7.570399011e-05
子图1,系列1,0.231,7.797319654e-05
子图1,系列1,0.234,8.129275104e-05
子图1,系列1,0.237,8.558412121e-05
子图1,系列1,0.24,9.057685291e-05
子图1,系列1,0.243,9.58748782e-05
子图1,系列1,0.246,0.0001010689428
子图1,系列1,0.249,0.000105855886
子图1,系列1,0.252,0.0001101315921
子图1,系列1,0.255,0.0001140417256
子图1,系列1,0.258,0.0001179912455
子图1,系列1,0.261,0.0001226241944
子图1,系列1,0.264,0.0001287896862
子图1,系列1,0.267,0.0001375107691
子图1,系列1,0.27,0.0001499688755
子图1,系列1,0.273,0.0001675068155
子图1,系列1,0.276,0.0001916427153
子图1,系列1,0.279,0.0002240815405
子图1,系列1,0.282,0.0002667096024
子图1,系列1,0.285,0.0003215587288
子图1,系列1,0.288,0.0003907292343
子图1,系列1,0.291,0.000476263405
子图1,系列1,0.294,0.0005799674492
子图1,系列1,0.297,0.0007031947673
子图1,系列1,0.3,0.0008466214077
子图1,系列1,0.303,0.001010052706
子图1,系列1,0.306,0.001192293325
子图1,系列1,0.309,0.001391095461
子图1,系列1,0.312,0.001603179698
子图1,系列1,0.315,0.001824310669
子图1,系列1,0.318,0.002049411178
子图1,系列1,0.321,0.002272706117
子图1,系列1,0.324,0.002487891103
子图1,系列1,0.327,0.00268831908
子图1,系列1,0.33,0.002867193913
子图1,系列1,0.333,0.003017759034
子图1,系列1,0.336,0.003133480616
子图1,系列1,0.339,0.003208245422
子图1,系列1,0.342,0.003236604158
子图1,系列1,0.345,0.003214080123
子图1,系列1,0.348,0.003137535547
子图1,系列1,0.351,0.003005554895
子图1,系列1,0.354,0.002818784302
子图1,系列1,0.357,0.002580180697
子图1,系列1,0.36,0.002295159979
子图1,系列1,0.363,0.001971652507
子图1,系列1,0.366,0.001620066801
子图1,系列1,0.369,0.00125314324
子图1,系列1,0.372,0.0008856599861
子图1,系列1,0.375,0.0005339584658
子图1,系列1,0.378,0.0002153082299
子图1,系列1,0.381,-5.280675291e-05
子图1,系列1,0.384,-0.0002533820798
子图1,系列1,0.387,-0.0003705032456
子图1,系列1,0.39,-0.0003898746068
子图1,系列1,0.393,-0.000299337451
子图1,系列1,0.396,-8.945763956e-05
子图1,系列1,0.399,0.0002458127068
子图1,系列1,0.402,0.000708497634
子图1,系列1,0.405,0.001296132728
子图1,系列1,0.408,0.002001585161
子图1,系列1,0.411,0.002813162239
子图1,系列1,0.414,0.003714910905
子图1,系列1,0.417,0.004686997284
子图1,系列1,0.42,0.005706134931
子图1,系列1,0.423,0.006746131636
子图1,系列1,0.426,0.007778659035
子图1,系列1,0.429,0.008774282031
子图1,系列1,0.432,0.009703676948
子图1,系列1,0.435,0.01053890857
子图1,系列1,0.438,0.01125464681
子图1,系列1,0.441,0.01182925011
子图1,系列1,0.444,0.01224568323
子图1,系列1,0.447,0.01249224269
子图1,系列1,0.45,0.01256305762
子图1,系列1,0.453,0.01245836347
子图1,系列1,0.456,0.01218459003
子图1,系列1,0.459,0.01175429851
子图1,系列1,0.462,0.01118593039
子图1,系列1,0.465,0.01050325649
子图1,系列1,0.468,0.009734416734
子图1,系列1,0.471,0.008910552003
子图1,系列1,0.474,0.008064184564
子图1,系列1,0.477,0.007227588067
子图1,系列1,0.48,0.006431332196
子图1,系列1,0.483,0.005703031355
子图1,系列1,0.486,0.005066202715
子图1,系列1,0.489,0.004539143948
子图1,系列1,0.492,0.00413384709
子图1,系列1,0.495,0.003855086215
子图1,系列1,0.498,0.003699887306
子图1,系列1,0.501,0.003657554593
子图1,系列1,0.504,0.003710298692
子图1,系列1,0.507,0.003834379911
子图1,系列1,0.51,0.00400159665
子图1,系列1,0.513,0.004180916747
子图1,系列1,0.516,0.004340117175
子图1,系列1,0.519,0.004447459798
子图1,系列1,0.522,0.004473537611
子图1,系列1,0.525,0.004393375223
子图1,系列1,0.528,0.004188696158
子图1,系列1,0.531,0.003850048785
子图1,系列1,0.534,0.003378351358
子图1,系列1,0.537,0.002785559931
子图1,系列1,0.54,0.002094521691
子图1,系列1,0.543,0.001338342949
子图1,系列1,0.546,0.0005595937318
子图1,系列1,0.549,-0.0001905835427
子图1,系列1,0.552,-0.0008537579525
子图1,系列1,0.555,-0.001366361549
子图1,系列1,0.558,-0.001662922432
子图1,系列1,0.561,-0.00168006653
子图1,系列1,0.564,-0.001360602811
子图1,系列1,0.567,-0.0006570205282
子图1,系列1,0.57,0.0004658721393
子图1,系列1,0.573,0.002028884214
子图1,系列1,0.576,0.004036424003
子图1,系列1,0.579,0.006474315278
子图1,系列1,0.582,0.009307821258
子图1,系列1,0.585,0.01248062897
子图1,系列1,0.588,0.01591544759
子图1,系列1,0.591,0.01951631086
子图1,系列1,0.594,0.0231720288
子图1,系列1,0.597,0.0267600434
子图1,系列1,0.6,0.03015031401
子图1,系列1,0.603,0.03320938703
子图1,系列1,0.606,0.03580505501
子图1,系列1,0.609,0.03781179991
子图1,系列1,0.612,0.0391166826
子图1,系列1,0.615,0.03962494173
子图1,系列1,0.618,0.03926465946
子图1,系列1,0.621,0.037990289
子图1,系列1,0.624,0.03578519448
子图1,系列1,0.627,0.03266338498
子图1,系列1,0.63,0.02867036401
子图1,系列1,0.633,0.02388272325
子图1,系列1,0.636,0.01840612381
子图1,系列1,0.639,0.01237168336
子图1,系列1,0.642,0.005931188006
子图1,系列1,0.645,-0.0007483383923
子图1,系列1,0.648,-0.00749037173
子图1,系列1,0.651,-0.01411491203
子图1,系列1,0.654,-0.02044492828
子图1,系列1,0.657,-0.02631317149
子图1,系列1,0.66,-0.03156891993
子图1,系列1,0.663,-0.03608397131
子图1,系列1,0.666,-0.03975727154
子图1,系列1,0.669,-0.04251791055
子图1,系列1,0.672,-0.04432659996
子图1,系列1,0.675,-0.04517592517
子图1,系列1,0.678,-0.04508956048
子图1,系列1,0.681,-0.04412040473
子图1,系列1,0.684,-0.04234745966
子图1,系列1,0.687,-0.03987135911
子图1,系列1,0.69,-0.03680871115
子图1,系列1,0.693,-0.03328565081
子图1,系列1,0.696,-0.02943109384
子图1,系列1,0.699,-0.02537015311
子图1,系列1,0.702,-0.02121808574
子图1,系列1,0.705,-0.01707504502
子图1,系列1,0.708,-0.01302186243
子图1,系列1,0.711,-0.009117007495
子图1,系列1,0.714,-0.00539472587
子图1,系列1,0.717,-0.001864292865
子图1,系列1,0.72,0.001489570758
子图1,系列1,0.723,0.004704939469
子图1,系列1,0.726,0.007839380727
子图1,系列1,0.729,0.01096509255
子图1,系列1,0.732,0.01416288656
子图1,系列1,0.735,0.01751581768
子图1,系列1,0.738,0.0211032018
子图1,系列1,0.741,0.02499528163
子图1,系列1,0.744,0.02924833797
子图1,系列1,0.747,0.03389993267
子图1,系列1,0.75,0.03896433792
子图1,系列1,0.753,0.04442886223
子图1,系列1,0.756,0.050252097
子图1,系列1,0.759,0.05636463065
子图1,系列1,0.762,0.06267186498
子图1,系列1,0.765,0.06905792886
子图1,系列1,0.768,0.07538974268
子图1,系列1,0.771,0.08152103525
子图1,系列1,0.774,0.08729699444
子图1,系列1,0.777,0.09256040702
子图1,系列1,0.78,0.09715937147
子图1,系列1,0.783,0.1009555998
子图1,系列1,0.786,0.103831773
子图1,系列1,0.789,0.1056967779
子图1,系列1,0.792,0.1064887336
子图1,系列1,0.795,0.1061767155
子图1,系列1,0.798,0.1047621766
子图1,系列1,0.801,0.1022802634
子图1,系列1,0.804,0.09880026621
子图1,系列1,0.807,0.09442405598
子图1,系列1,0.81,0.08928186308
子图1,系列1,0.813,0.0835258442
子图1,系列1,0.816,0.07732271942
子图1,系列1,0.819,0.07084667965
子图1,系列1,0.822,0.06427299761
子图1,系列1,0.825,0.05777200221
子图1,系列1,0.828,0.05150282897
子图1,系列1,0.831,0.04560683645
子图1,系列1,0.834,0.04020138791
子图1,系列1,0.837,0.03537503412
子图1,系列1,0.84,0.03118469698
子图1,系列1,0.843,0.0276547237
子图1,系列1,0.846,0.02477722355
子图1,系列1,0.849,0.02251320428
子图1,系列1,0.852,0.02079460675
子图1,系列1,0.855,0.0195277944
子图1,系列1,0.858,0.01859879862
子图1,系列1,0.861,0.0178798661
子图1,系列1,0.864,0.01723630097
子图1,系列1,0.867,0.01653266169
子图1,系列1,0.87,0.01563802549
子图1,系列1,0.873,0.01443080107
子图1,系列1,0.876,0.01280373438
子图1,系列1,0.879,0.01066910048
子图1,系列1,0.882,0.007963240943
子图1,系列1,0.885,0.004649325825
子图1,系列1,0.888,0.0007177034375
子图1,系列1,0.891,-0.003815846453
子图1,系列1,0.894,-0.008912879954
子图1,系列1,0.897,-0.01451506723
子图1,系列1,0.9,-0.02054677728
子图1,系列1,0.903,-0.02691805035
子图1,系列1,0.906,-0.03352870492
子图1,系列1,0.909,-0.04027380225
子图1,系列1,0.912,-0.04704980152
子图1,系列1,0.915,-0.05376013943
子图1,系列1,0.918,-0.06031922063
子图1,系列1,0.921,-0.06665470305
子图1,系列1,0.924,-0.0727087579
子图1,系列1,0.927,-0.07843916928
子图1,系列1,0.93,-0.08382061713
子图1,系列1,0.933,-0.08884557457
子图1,系列1,0.936,-0.09352372287
子图1,系列1,0.939,-0.09787923587
子图1,系列1,0.942,-0.1019463625
子图1,系列1,0.945,-0.1057645951
子图1,系列1,0.948,-0.1093747717
子图1,系列1,0.951,-0.1128165923
子图1,系列1,0.954,-0.1161267844
子图1,系列1,0.957,-0.1193366159
子图1,系列1,0.96,-0.1224681815
子图1,系列1,0.963,-0.1255302293
子图1,系列1,0.966,-0.1285151975
子图1,系列1,0.969,-0.1313989015
子图1,系列1,0.972,-0.1341429268
子图1,系列1,0.975,-0.136698238
子图1,系列1,0.978,-0.139008142
子图1,系列1,0.981,-0.1410098259
子图1,系列1,0.984,-0.1426352676
子图1,系列1,0.987,-0.143813192
子图1,系列1,0.99,-0.1444732202
子图1,系列1,0.993,-0.1445517238
子图1,系列1,0.996,-0.1439974915
子图1,系列1,0.999,-0.1427753639
子图1,系列1,1.002,-0.1408673501
子图1,系列1,1.005,-0.1382722537
子图1,系列1,1.008,-0.1350054165
子图1,系列1,1.011,-0.1310994109
子图1,系列1,1.014,-0.1266050204
子图1,系列1,1.017,-0.1215910164
子图1,系列1,1.02,-0.1161417564
子图1,系列1,1.023,-0.110352919
子图1,系列1,1.026,-0.1043266921
子图1,系列1,1.029,-0.09816773331
子图1,系列1,1.032,-0.09198024002
子图1,系列1,1.035,-0.08586537776
子图1,系列1,1.038,-0.07991812813
子图1,系列1,1.041,-0.07422340301
子图1,系列1,1.044,-0.06885223267
子图1,系列1,1.047,-0.06385920163
子图1,系列1,1.05,-0.05928179132
子图1,系列1,1.053,-0.05514124377
子图1,系列1,1.056,-0.0514438724
子图1,系列1,1.059,-0.04818201787
子图1,系列1,1.062,-0.0453347401
子图1,系列1,1.065,-0.04286906563
子图1,系列1,1.068,-0.04074263405
子图1,系列1,1.071,-0.03890784257
子图1,系列1,1.074,-0.03731660735
子图1,系列1,1.077,-0.03592449024
子图1,系列1,1.08,-0.03469347606
子图1,系列1,1.083,-0.0335936137
子图1,系列1,1.086,-0.03260434628
子图1,系列1,1.089,-0.03171623301
子图1,系列1,1.092,-0.03093300143
子图1,系列1,1.095,-0.03027312498
子图1,系列1,1.098,-0.029770066
子图1,系列1,1.101,-0.02947092732
子图1,系列1,1.104,-0.0294339622
子图1,系列1,1.107,-0.02972569697
子图1,系列1,1.11,-0.03041814859
子图1,系列1,1.113,-0.03158606665
子图1,系列1,1.116,-0.03330385746
子图1,系列1,1.119,-0.03564206063
子图1,系列1,1.122,-0.03866361803
子图1,系列1,1.125,-0.04242033458
子图1,系列1,1.128,-0.04694978734
子图1,系列1,1.131,-0.05227265986
子图1,系列1,1.134,-0.05839039058
子图1,系列1,1.137,-0.06528326357
子图1,系列1,1.14,-0.07290932757
子图1,系列1,1.143,-0.08120445419
子图1,系列1,1.146,-0.0900834644
子图1,系列1,1.149,-0.09944186972
子图1,系列1,1.152,-0.1091577522
子图1,系列1,1.155,-0.119093754
子图1,系列1,1.158,-0.1290996561
子图1,系列1,1.161,-0.1390160569
子图1,系列1,1.164,-0.1486791414
子图1,系列1,1.167,-0.1579258597
子图1,系列1,1.17,-0.1665985694
子图1,系列1,1.173,-0.1745486792
子图1,系列1,1.176,-0.1816397322
子图1,系列1,1.179,-0.1877507865
子图1,系列1,1.182,-0.1927804948
子图1,系列1,1.185,-0.1966513303
子图1,系列1,1.188,-0.1993127088
子图1,系列1,1.191,-0.2007420137
子图1,系列1,1.194,-0.2009437176
子图1,系列1,1.197,-0.1999478952
子图1,系列1,1.2,-0.1978093689
子图1,系列1,1.203,-0.1946075791
子图1,系列1,1.206,-0.1904459814
子图1,系列1,1.209,-0.1854494156
子图1,系列1,1.212,-0.1797589155
子图1,系列1,1.215,-0.1735250954
子图1,系列1,1.218,-0.1669021009
子图1,系列1,1.221,-0.1600433952
子图1,系列1,1.224,-0.1530990235
子图1,系列1,1.227,-0.1462127845
子图1,系列1,1.23,-0.1395179084
子图1,系列1,1.233,-0.1331312339
子图1,系列1,1.236,-0.1271473617
子图1,系列1,1.239,-0.1216346546
子图1,系列1,1.242,-0.1166339778
子图1,系列1,1.245,-0.1121595871
子图1,系列1,1.248,-0.1082007385
子图1,系列1,1.251,-0.104722862
子图1,系列1,1.254,-0.1016681191
子图1,系列1,1.257,-0.09895618604
子图1,系列1,1.26,-0.09648649573
子图1,系列1,1.263,-0.0941426073
子图1,系列1,1.266,-0.09179839025
子图1,系列1,1.269,-0.08932496858
子图1,系列1,1.272,-0.08659706874
子图1,系列1,1.275,-0.08349774179
子图1,系列1,1.278,-0.07992150698
子图1,系列1,1.281,-0.07577700592
子图1,系列1,1.284,-0.07099036595
子图1,系列1,1.287,-0.06550971112
子图1,系列1,1.29,-0.05931001674
子图1,系列1,1.293,-0.05239633053
子图1,系列1,1.296,-0.04480351093
子图1,系列1,1.299,-0.03659247033
子图1,系列1,1.302,-0.02784486078
子图1,系列1,1.305,-0.01865865502
子图1,系列1,1.308,-0.009145959511
子图1,系列1,1.311,0.0005678966878
子图1,系列1,1.314,0.0103469073
子图1,系列1,1.317,0.0200509166
子图1,系列1,1.32,0.02954554028
子图1,系列1,1.323,0.03871224531
子图1,系列1,1.326,0.04745494022
子图1,系列1,1.329,0.05570151697
子图1,系列1,1.332,0.06340231416
子图1,系列1,1.335,0.0705296073
子图1,系列1,1.338,0.07708063501
子图1,系列1,1.341,0.08308279716
子图1,系列1,1.344,0.08859696938
子图1,系列1,1.347,0.09371525171
子图1,系列1,1.35,0.09855275932
子图1,系列1,1.353,0.1032370575
子图1,系列1,1.356,0.1078999749
子图1,系列1,1.359,0.1126736175
子图1,系列1,1.362,0.117688366
子图1,系列1,1.365,0.1230688771
子图1,系列1,1.368,0.1289257126
子图1,系列1,1.371,0.1353440397
子图1,系列1,1.374,0.1423738299
子图1,系列1,1.377,0.1500252531
子图1,系列1,1.38,0.1582692324
子图1,系列1,1.383,0.1670399713
子图1,系列1,1.386,0.1762360556
子图1,系列1,1.389,0.1857192823
子图1,系列1,1.392,0.19531372
子图1,系列1,1.395,0.204808748
子图1,系列1,1.398,0.2139675769
子图1,系列1,1.401,0.2225391553
子图1,系列1,1.404,0.2302696063
子图1,系列1,1.407,0.2369104336
子图1,系列1,1.41,0.2422236925
子图1,系列1,1.413,0.2459869695
子图1,系列1,1.416,0.2480010225
子图1,系列1,1.419,0.2481001185
子图1,系列1,1.422,0.2461621311
子图1,系列1,1.425,0.2421147449
子图1,系列1,1.428,0.2359359083
子图1,系列1,1.431,0.2276497864
子图1,系列1,1.434,0.2173216816
子图1,系列1,1.437,0.2050547144
子图1,系列1,1.44,0.1909880969
子图1,系列1,1.443,0.1752943564
子图1,系列1,1.446,0.1581726963
子图1,系列1,1.449,0.1398378023
子图1,系列1,1.452,0.1205064491
子图1,系列1,1.455,0.100385829
子图1,系列1,1.458,0.07966605976
子图1,系列1,1.461,0.05851625626
子图1,系列1,1.464,0.03708154144
子图1,系列1,1.467,0.01547873586
子图1,系列1,1.47,-0.006209206048
子图1,系列1,1.473,-0.02793735604
子图1,系列1,1.476,-0.04969844
子图1,系列1,1.479,-0.07151707462
子图1,系列1,1.482,-0.09344064557
子图1,系列1,1.485,-0.1155300458
子图1,系列1,1.488,-0.1378523795
子图1,系列1,1.491,-0.1604751866
子图1,系列1,1.494,-0.1834597229
子图1,系列1,1.497,-0.2068513009
子图1,系列1,1.5,-0.2306673184
子图1,系列1,1.503,-0.2548859523
子图1,系列1,1.506,-0.2794388094
子图1,系列1,1.509,-0.304208997
子图1,系列1,1.512,-0.3290332743
子图1,系列1,1.515,-0.3537052502
子图1,系列1,1.518,-0.3779775668
子图1,系列1,1.521,-0.4015636913
子图1,系列1,1.524,-0.4241419755
子图1,系列1,1.527,-0.4453645573
子图1,系列1,1.53,-0.4648714932
子图1,系列1,1.533,-0.4823076346
子图1,系列1,1.536,-0.4973384014
子图1,系列1,1.539,-0.5096619335
子图1,系列1,1.542,-0.5190178955
子图1,系列1,1.545,-0.5251952579
子图1,系列1,1.548,-0.5280412599
子图1,系列1,1.551,-0.5274716556
子图1,系列1,1.554,-0.5234799059
子图1,系列1,1.557,-0.5161421091
子图1,系列1,1.56,-0.5056158443
子图1,系列1,1.563,-0.4921336371
子图1,系列1,1.566,-0.4759935417
子图1,系列1,1.569,-0.4575492507
子图1,系列1,1.572,-0.4372006479
子图1,系列1,1.575,-0.4153840353
子图1,系列1,1.578,-0.3925604345
子图1,系列1,1.581,-0.3692009578
子图1,系列1,1.584,-0.3457698402
子图1,系列1,1.587,-0.3227070535
子图1,系列1,1.59,-0.3004128151
子图1,系列1,1.593,-0.279235836
子图1,系列1,1.596,-0.2594658336
子图1,系列1,1.599,-0.2413291314
子图1,系列1,1.602,-0.2249854435
子图1,系列1,1.605,-0.2105247268
子图1,系列1,1.608,-0.1979645615
子图1,系列1,1.611,-0.18725009
子图1,系列1,1.614,-0.1782590317
子图1,系列1,1.617,-0.1708125807
子图1,系列1,1.62,-0.1646900504
子图1,系列1,1.623,-0.1596435022
子图1,系列1,1.626,-0.1554094196
子图1,系列1,1.629,-0.1517170964
子图1,系列1,1.632,-0.1482963406
子图1,系列1,1.635,-0.1448880335
子图1,系列1,1.638,-0.1412586195
子图1,系列1,1.641,-0.1372157215
子图1,系列1,1.644,-0.132620109
子图1,系列1,1.647,-0.1273904869
子图1,系列1,1.65,-0.1215012331
子图1,系列1,1.653,-0.1149771317
子图1,系列1,1.656,-0.1078900994
子图1,系列1,1.659,-0.1003596909
子图1,系列1,1.662,-0.09255460863
子图1,系列1,1.665,-0.08469018393
子图1,系列1,1.668,-0.07701830062
子图1,系列1,1.671,-0.06981067957
子图1,系列1,1.674,-0.0633408752
子图1,系列1,1.677,-0.05787096248
子图1,系列1,1.68,-0.05364498115
子图1,系列1,1.683,-0.05088609403
子图1,系列1,1.686,-0.04979195592
子图1,系列1,1.689,-0.05052461593
子图1,系列1,1.692,-0.05319625698
子图1,系列1,1.695,-0.05785649871
子图1,系列1,1.698,-0.06448707809
子图1,系列1,1.701,-0.07300536458
子图1,系列1,1.704,-0.08327294841
子图1,系列1,1.707,-0.09510327537
子图1,系列1,1.71,-0.1082644806
子图1,系列1,1.713,-0.1224786326
子图1,系列1,1.716,-0.1374226392
子图1,系列1,1.719,-0.1527357974
子图1,系列1,1.722,-0.168034715
子图1,系列1,1.725,-0.1829315246
子图1,系列1,1.728,-0.1970494048
子图1,系列1,1.731,-0.2100316751
子图1,系列1,1.734,-0.2215455462
子图1,系列1,1.737,-0.2312852495
子图1,系列1,1.74,-0.2389789098
子图1,系列1,1.743,-0.2443996848
子图1,系列1,1.746,-0.2473774898
子图1,系列1,1.749,-0.2478060915
子图1,系列1,1.752,-0.2456427036
子图1,系列1,1.755,-0.2409017223
子图1,系列1,1.758,-0.2336472282
子图1,系列1,1.761,-0.2239880756
子图1,系列1,1.764,-0.2120758264
子图1,系列1,1.767,-0.19810235
子图1,系列1,1.77,-0.1822932675
子图1,系列1,1.773,-0.1648962106
子图1,系列1,1.776,-0.1461667052
子图1,系列1,1.779,-0.1263559527
子图1,系列1,1.782,-0.10570287
子图1,系列1,1.785,-0.08442933841
子图1,系列1,1.788,-0.06273546357
子图1,系列1,1.791,-0.04079255839
子图1,系列1,1.794,-0.0187348483
子图1,系列1,1.797,0.003346509351
子图1,系列1,1.8,0.02540407299
子图1,系列1,1.803,0.0474295171
子图1,系列1,1.806,0.06944687557
子图1,系列1,1.809,0.09150725582
子图1,系列1,1.812,0.1136861745
子图1,系列1,1.815,0.1360811813
子图1,系列1,1.818,0.1588060906
子图1,系列1,1.821,0.1819801636
子图1,系列1,1.824,0.2057142127
子图1,系列1,1.827,0.2300979581
子图1,系列1,1.83,0.2551922537
子图1,系列1,1.833,0.281026488
子图1,系列1,1.836,0.3075981238
子图1,系列1,1.839,0.3348706517
子图1,系列1,1.842,0.3627686454
子图1,系列1,1.845,0.3911720239
子图1,系列1,1.848,0.419913406
子图1,系列1,1.851,0.4487813397
子图1,系列1,1.854,0.4775290316
子图1,系列1,1.857,0.5058853209
子图1,系列1,1.86,0.5335641639
子图1,系列1,1.863,0.5602710424
子图1,系列1,1.866,0.5857075877
子图1,系列1,1.869,0.6095771895
子图1,系列1,1.872,0.631593607
子图1,系列1,1.875,0.6514922229
子图1,系列1,1.878,0.6690412508
子图1,系列1,1.881,0.6840497559
子图1,系列1,1.884,0.6963710894
子图1,系列1,1.887,0.705902713
子图1,系列1,1.89,0.7125848201
子图1,系列1,1.893,0.716399975
子图1,系列1,1.896,0.7173741591
子图1,系列1,1.899,0.7155773664
子图1,系列1,1.902,0.7111212417
子图1,系列1,1.905,0.7041526871
子图1,系列1,1.908,0.6948445724
子图1,系列1,1.911,0.6833863956
子图1,系列1,1.914,0.6699778521
子图1,系列1,1.917,0.6548261081
子图1,系列1,1.92,0.6381446796
子图1,系列1,1.923,0.6201508077
子图1,系列1,1.926,0.6010597192
子图1,系列1,1.929,0.5810769119
子图1,系列1,1.932,0.560392015
子图1,系列1,1.935,0.5391777587
子图1,系列1,1.938,0.5175943919
子图1,系列1,1.941,0.4957961017
子图1,系列1,1.944,0.4739348728
子图1,系列1,1.947,0.4521593511
子图1,系列1,1.95,0.4306101623
子图1,系列1,1.953,0.4094162712
子图1,系列1,1.956,0.3886964663
子图1,系列1,1.959,0.3685658032
子图1,系列1,1.962,0.3491425909
子图1,系列1,1.965,0.3305506674
子图1,系列1,1.968,0.3129146014
子图1,系列1,1.971,0.2963502326
子图1,系列1,1.974,0.280956318
子图1,系列1,1.977,0.2668118972
子图1,系列1,1.98,0.2539790793
子图1,系列1,1.983,0.2425066377
子图1,系列1,1.986,0.232429185
子图1,系列1,1.989,0.2237599598
子图1,系列1,1.992,0.2164804034
子图1,系列1,1.995,0.2105329303
子图1,系列1,1.998,0.2058215021
子图1,系列1,2.001,0.2022192286
子图1,系列1,2.004,0.19957774
子图1,系列1,2.007,0.1977325042
子图1,系列1,2.01,0.1965019623
子图1,系列1,2.013,0.1956840439
子图1,系列1,2.016,0.1950567577
子图1,系列1,2.019,0.1943870827
子图1,系列1,2.022,0.1934463735
子图1,系列1,2.025,0.1920257267
子图1,系列1,2.028,0.189944577
子图1,系列1,2.031,0.1870505314
子图1,系列1,2.034,0.1832148948
子图1,系列1,2.037,0.1783312668
子图1,系列1,2.04,0.1723214035
子图1,系列1,2.043,0.1651459708
子图1,系列1,2.046,0.1568130344
子图1,系列1,2.049,0.1473776498
子图1,系列1,2.052,0.1369314504
子图1,系列1,2.055,0.1255877005
子图1,系列1,2.058,0.1134698072
子图1,系列1,2.061,0.1007077662
子图1,系列1,2.064,0.08744043409
子图1,系列1,2.067,0.07381697474
子图1,系列1,2.07,0.05999146173
子图1,系列1,2.073,0.04610977348
子图1,系列1,2.076,0.03229393089
子图1,系列1,2.079,0.01863141254
子图1,系列1,2.082,0.005173841167
子图1,系列1,2.085,-0.008056613923
子图1,系列1,2.088,-0.02105916379
子图1,系列1,2.091,-0.03385069499
子图1,系列1,2.094,-0.04646826838
子图1,系列1,2.097,-0.05897407845
子图1,系列1,2.1,-0.07145645821
子图1,系列1,2.103,-0.08402294564
子图1,系列1,2.106,-0.09678677062
子图1,系列1,2.109,-0.1098523905
子图1,系列1,2.112,-0.1233062425
子图1,系列1,2.115,-0.1372151934
子图1,系列1,2.118,-0.151629643
子图1,系列1,2.121,-0.1665853694
子图1,系列1,2.124,-0.1821002225
子图1,系列1,2.127,-0.1981665665
子图1,系列1,2.13,-0.2147444137
子图1,系列1,2.133,-0.2317608441
子图1,系列1,2.136,-0.2491176304
子图1,系列1,2.139,-0.2667034935
子图1,系列1,2.142,-0.2844048213
子图1,系列1,2.145,-0.3021107941
子图1,系列1,2.148,-0.3197134694
子图1,系列1,2.151,-0.3371073969
子图1,系列1,2.154,-0.3541940065
子图1,系列1,2.157,-0.3708920769
子图1,系列1,2.16,-0.3871500654
子图1,系列1,2.163,-0.4029539465
子图1,系列1,2.166,-0.4183267024
子图1,系列1,2.169,-0.4333205571
子图1,系列1,2.172,-0.4480075859
子图1,系列1,2.175,-0.4624748896
子图1,系列1,2.178,-0.4768256682
子图1,系列1,2.181,-0.4911814888
子图1,系列1,2.184,-0.5056791449
子图1,系列1,2.187,-0.5204586035
子图1,系列1,2.19,-0.5356445539
子图1,系列1,2.193,-0.5513293269
子图1,系列1,2.196,-0.5675645376
子图1,系列1,2.199,-0.5843621123
子图1,系列1,2.202,-0.6016984841
子图1,系列1,2.205,-0.6195142145
子图1,系列1,2.208,-0.6377056553
子图1,系列1,2.211,-0.6561128133
子图1,系列1,2.214,-0.674512784
子图1,系列1,2.217,-0.6926256035
子图1,系列1,2.22,-0.7101308364
子图1,系列1,2.223,-0.726686323
子图1,系列1,2.226,-0.7419402731
子图1,系列1,2.229,-0.7555340804
子图1,系列1,2.232,-0.7671015867
子图1,系列1,2.235,-0.776274241
子图1,系列1,2.238,-0.7826969116
子图1,系列1,2.241,-0.7860503319
子图1,系列1,2.244,-0.7860708457
子图1,系列1,2.247,-0.78255983
子图1,系列1,2.25,-0.7753823134
子图1,系列1,2.253,-0.7644615155
子图1,系列1,2.256,-0.7497773547
子图1,系列1,2.259,-0.7313715586
子图1,系列1,2.262,-0.7093550564
子图1,系列1,2.265,-0.6839104863
子图1,系列1,2.268,-0.6552854834
子图1,系列1,2.271,-0.6237783565
子图1,系列1,2.274,-0.5897221009
子图1,系列1,2.277,-0.5534721661
子图1,系列1,2.28,-0.5153990988
子图1,系列1,2.283,-0.4758830903
子图1,系列1,2.286,-0.4353065562
子图1,系列1,2.289,-0.394043205
子图1,系列1,2.292,-0.3524452618
子图1,系列1,2.295,-0.3108320768
子图1,系列1,2.298,-0.2694825274
子图1,系列1,2.301,-0.2286314852
子图1,系列1,2.304,-0.1884689183
子图1,系列1,2.307,-0.1491399959
子图1,系列1,2.31,-0.1107453961
子图1,系列1,2.313,-0.07334179987
子图1,系列1,2.316,-0.03694306344
子图1,系列1,2.319,-0.001522967083
子图1,系列1,2.322,0.03297973825
子图1,系列1,2.325,0.06665403098
子图1,系列1,2.328,0.09960789939
子图1,系列1,2.331,0.1319598543
子图1,系列1,2.334,0.1638327081
子图1,系列1,2.337,0.1953502552
子图1,系列1,2.34,0.2266350277
子图1,系列1,2.343,0.2578043603
子图1,系列1,2.346,0.2889632364
子图1,系列1,2.349,0.3201948613
子图1,系列1,2.352,0.3515526864
子图1,系列1,2.355,0.3830581989
子图1,系列1,2.358,0.4147052053
子图1,系列1,2.361,0.4464664895
子图1,系列1,2.364,0.4782970727
子图1,系列1,2.367,0.5101307161
子图1,系列1,2.37,0.5418715037
子图1,系列1,2.373,0.5733873637
子图1,系列1,2.376,0.6045122923
子图1,系列1,2.379,0.6350576904
子图1,系列1,2.382,0.6648263015
子图1,系列1,2.385,0.693620324
子图1,系列1,2.388,0.7212394642
子图1,系列1,2.391,0.7474725583
子图1,系列1,2.394,0.7720919709
子图1,系列1,2.397,0.7948577551
子图1,系列1,2.4,0.8155304327
子图1,系列1,2.403,0.8338846116
子图1,系列1,2.406,0.8497154537
子图1,系列1,2.409,0.8628360057
子图1,系列1,2.412,0.8730708303
子图1,系列1,2.415,0.880253594
子图1,系列1,2.418,0.8842314962
子图1,系列1,2.421,0.8848729125
子图1,系列1,2.424,0.8820723524
子图1,系列1,2.427,0.8757501086
子图1,系列1,2.43,0.8658494142
子图1,系列1,2.433,0.8523361498
子图1,系列1,2.436,0.8352028081
子图1,系列1,2.439,0.8144732683
子图1,系列1,2.442,0.7902035652
子图1,系列1,2.445,0.7624776043
子图1,系列1,2.448,0.7314020666
子图1,系列1,2.451,0.6971064581
子图1,系列1,2.454,0.659750196
子图1,系列1,2.457,0.6195321284
子图1,系列1,2.46,0.5766950686
子图1,系列1,2.463,0.5315215125
子图1,系列1,2.466,0.4843235448
子图1,系列1,2.469,0.4354342447
子图1,系列1,2.472,0.3852061173
子图1,系列1,2.475,0.3340156637
子图1,系列1,2.478,0.2822675207
子图1,系列1,2.481,0.2303912872
子图1,系列1,2.484,0.1788290933
子图1,系列1,2.487,0.1280178863
子图1,系列1,2.49,0.07837289464
子图1,系列1,2.493,0.03027641818
子图1,系列1,2.496,-0.01592875727
子图1,系列1,2.499,-0.05994552031
子图1,系列1,2.502,-0.1015320702
子图1,系列1,2.505,-0.1405156187
子图1,系列1,2.508,-0.176807198
子图1,系列1,2.511,-0.210413208
子图1,系列1,2.514,-0.2414406358
子图1,系列1,2.517,-0.2700955909
子图1,系列1,2.52,-0.2966769314
子图1,系列1,2.523,-0.3215671075
子图1,系列1,2.526,-0.3452211257
子图1,系列1,2.529,-0.3681529388
子图1,系列1,2.532,-0.3909178559
子图1,系列1,2.535,-0.4140900615
子图1,系列1,2.538,-0.4382354258
子图1,系列1,2.541,-0.4638809462
子图1,系列1,2.544,-0.49148299
子图1,系列1,2.547,-0.5213965768
子图1,系列1,2.55,-0.553847548
子图1,系列1,2.553,-0.5889091378
子图1,系列1,2.556,-0.6264838039
子图1,系列1,2.559,-0.6662901557
子图1,系列1,2.562,-0.7078546454
子图1,系列1,2.565,-0.7505086316
子图1,系列1,2.568,-0.7933924959
子图1,系列1,2.571,-0.8354692972
子图1,系列1,2.574,-0.8755502239
子图1,系列1,2.577,-0.912331474
子图1,系列1,2.58,-0.9444385941
子图1,系列1,2.583,-0.9704731249
子图1,系列1,2.586,-0.9890582022
子图1,系列1,2.589,-0.9988830619
子图1,系列1,2.592,-0.9987494819
子图1,系列1,2.595,-0.9876230362
子图1,系列1,2.598,-0.9646870581
子图1,系列1,2.601,-0.9293916325
子图1,系列1,2.604,-0.8814889814
子图1,系列1,2.607,-0.8210507444
子图1,系列1,2.61,-0.7484694503
子图1,系列1,2.613,-0.6644517729
子图1,系列1,2.616,-0.5700099057
子图1,系列1,2.619,-0.4664498573
子图1,系列1,2.622,-0.3553489346
子图1,系列1,2.625,-0.2385149195
子图1,系列1,2.628,-0.1179260831
子图1,系列1,2.631,0.004339921227
子图1,系列1,2.634,0.1261755766
子图1,系列1,2.637,0.245502954
子图1,系列1,2.64,0.3603242158
子图1,系列1,2.643,0.4687705831
子图1,系列1,2.646,0.5691556276
子图1,系列1,2.649,0.6600312056
子图1,系列1,2.652,0.7402364467
子图1,系列1,2.655,0.8089286226
子图1,系列1,2.658,0.8655914626
子图1,系列1,2.661,0.9100258211
子图1,系列1,2.664,0.9423320305
子图1,系列1,2.667,0.9628905262
子图1,系列1,2.67,0.9723403747
子图1,系列1,2.673,0.9715497751
子图1,系列1,2.676,0.9615731906
子图1,系列1,2.679,0.9435960281
子图1,系列1,2.682,0.9188742028
子图1,系列1,2.685,0.8886776561
子图1,系列1,2.688,0.8542434624
子图1,系列1,2.691,0.8167384856
子图1,系列1,2.694,0.7772277629
子图1,系列1,2.697,0.7366454738
子图1,系列1,2.7,0.6957692478
子图1,系列1,2.703,0.6552019502
子图1,系列1,2.706,0.6153653542
子图1,系列1,2.709,0.5765073295
子图1,系列1,2.712,0.5387203691
子图1,系列1,2.715,0.5019668963
子图1,系列1,2.718,0.4661070697
子图1,系列1,2.721,0.4309270858
子图1,系列1,2.724,0.3961682769
子图1,系列1,2.727,0.3615579132
子图1,系列1,2.73,0.3268414362
子图1,系列1,2.733,0.2918140982
子图1,系列1,2.736,0.2563486698
子图1,系列1,2.739,0.2204157615
子图1,系列1,2.742,0.1840949313
子图1,系列1,2.745,0.1475770765
子图1,系列1,2.748,0.1111600536
子图1,系列1,2.751,0.07523976267
子图1,系列1,2.754,0.04029820947
子图1,系列1,2.757,0.006888161824
子图1,系列1,2.76,-0.02438756375
子图1,系列1,2.763,-0.05290338669
子图1,系列1,2.766,-0.07804341217
子图1,系列1,2.769,-0.09923494575
子图1,系列1,2.772,-0.1159776264
子图1,系列1,2.775,-0.1278643477
子图1,系列1,2.778,-0.1345945807
子图1,系列1,2.781,-0.1359843889
子图1,系列1,2.784,-0.1319770677
子图1,系列1,2.787,-0.1226543219
子图1,系列1,2.79,-0.108243239
子图1,系列1,2.793,-0.08911279427
子图1,系列1,2.796,-0.06575721269
子图1,系列1,2.799,-0.03876978288
子图1,系列1,2.802,-0.008814730302
子图1,系列1,2.805,0.02339656195
子图1,系列1,2.808,0.05712415239
子图1,系列1,2.811,0.09161712711
子图1,系列1,2.814,0.1261348662
子图1,系列1,2.817,0.1599730997
子图1,系列1,2.82,0.1924915022
子图1,系列1,2.823,0.2231374593
子图1,系列1,2.826,0.2514620459
子图1,系列1,2.829,0.2771275665
子图1,系列1,2.832,0.2999080911
子图1,系列1,2.835,0.3196847418
子图1,系列1,2.838,0.336437758
子图1,系列1,2.841,0.3502375866
子图1,系列1,2.844,0.3612364077
子图1,系列1,2.847,0.3696597392
子图1,系列1,2.85,0.3757955987
子图1,系列1,2.853,0.3799776028
子图1,系列1,2.856,0.3825608272
子图1,系列1,2.859,0.383894508
子图1,系列1,2.862,0.3842990088
子图1,系列1,2.865,0.3840527174
子图1,系列1,2.868,0.383388819
子图1,系列1,2.871,0.3824960032
子图1,系列1,2.874,0.3815156302
子图1,系列1,2.877,0.3805326089
子图1,系列1,2.88,0.3795644166
子图1,系列1,2.883,0.3785561163
子图1,系列1,2.886,0.3773865147
子图1,系列1,2.889,0.3758841851
子图1,系列1,2.892,0.3738466139
子图1,系列1,2.895,0.3710551853
子图1,系列1,2.898,0.3672833122
子图1,系列1,2.901,0.3623007041
子图1,系列1,2.904,0.3558791556
子图1,系列1,2.907,0.3478032714
子图1,系列1,2.91,0.3378852672
子图1,系列1,2.913,0.3259795991
子图1,系列1,2.916,0.3119929605
子图1,系列1,2.919,0.2958878722
子图1,系列1,2.922,0.2776813698
子图1,系列1,2.925,0.257441914
子图1,系列1,2.928,0.2352869659
子图1,系列1,2.931,0.2113816366
子图1,系列1,2.934,0.1859370897
子图1,系列1,2.937,0.1592069814
子图1,系列1,2.94,0.1314810464
子图1,系列1,2.943,0.1030761928
子图1,系列1,2.946,0.07432632744
子图1,系列1,2.949,0.04557224395
子图1,系列1,2.952,0.01715253214
子图1,系列1,2.955,-0.01060396933
子图1,系列1,2.958,-0.03738406837
子图1,系列1,2.961,-0.06289487944
子图1,系列1,2.964,-0.08686810597
子图1,系列1,2.967,-0.1090647384
子图1,系列1,2.97,-0.1292802994
子图1,系列1,2.973,-0.1473498521
子图1,系列1,2.976,-0.1631512443
子图1,系列1,2.979,-0.1766051179
子图1,系列1,2.982,-0.1876715181
子图1,系列1,2.985,-0.1963446505
子图1,系列1,2.988,-0.2026480798
子图1,系列1,2.991,-0.206632079
子图1,系列1,2.994,-0.2083732777
子图1,系列1,2.997,-0.2079747083
子图1,系列1,3,-0.2055633455
子图1,系列1,3.003,-0.2012835495
子图1,系列1,3.006,-0.1952874675
子图1,系列1,3.009,-0.1877255609
子图1,系列1,3.012,-0.1787408987
子图1,系列1,3.015,-0.1684689045
子图1,系列1,3.018,-0.1570404908
子图1,系列1,3.021,-0.1445840317
子图1,系列1,3.024,-0.1312226965
子图1,系列1,3.027,-0.1170673046
子图1,系列1,3.03,-0.1022086413
子图1,系列1,3.033,-0.0867145182
子图1,系列1,3.036,-0.07063408827
子图1,系列1,3.039,-0.05400676757
子图1,系列1,3.042,-0.036870052
子图1,系列1,3.045,-0.01926191014
子图1,系列1,3.048,-0.001217907579
子图1,系列1,3.051,0.01723245014
子图1,系列1,3.054,0.03606484363
子图1,系列1,3.057,0.05525309273
子图1,系列1,3.06,0.07475928194
子图1,系列1,3.063,0.09452639415
子图1,系列1,3.066,0.1144765732
子图1,系列1,3.069,0.1345138093
子图1,系列1,3.072,0.1545268194
子图1,系列1,3.075,0.1743886246
子图1,系列1,3.078,0.1939529993
子图1,系列1,3.081,0.2130510868
子图1,系列1,3.084,0.2314914946
子图1,系列1,3.087,0.2490644895
子图1,系列1,3.09,0.2655480039
子图1,系列1,3.093,0.2807125332
子图1,系列1,3.096,0.2943240252
子图1,系列1,3.099,0.3061463646
子图1,系列1,3.102,0.3159457044
子图1,系列1,3.105,0.3234973419
子图1,系列1,3.108,0.3285935705
子图1,系列1,3.111,0.3310501502
子图1,系列1,3.114,0.3307105441
子图1,系列1,3.117,0.3274492343
子图1,系列1,3.12,0.3211760536
子图1,系列1,3.123,0.3118421312
子图1,系列1,3.126,0.2994459791
子图1,系列1,3.129,0.284037253
子图1,系列1,3.132,0.2657170247
子图1,系列1,3.135,0.2446359169
子图1,系列1,3.138,0.2209925758
子图1,系列1,3.141,0.1950336933
子图1,系列1,3.144,0.1670544344
子图1,系列1,3.147,0.1373966216
子图1,系列1,3.15,0.1064427779
子图1,系列1,3.153,0.07460679395
子图1,系列1,3.156,0.04232412275
子图1,系列1,3.159,0.01004394267
子图1,系列1,3.162,-0.02177671689
子图1,系列1,3.165,-0.05267911658
子图1,系列1,3.168,-0.08221166329
子图1,系列1,3.171,-0.1099418806
子图1,系列1,3.174,-0.1354692985
子图1,系列1,3.177,-0.1584362727
子图1,系列1,3.18,-0.1785353041
子图1,系列1,3.183,-0.1955137705
子图1,系列1,3.186,-0.2091781511
子图1,系列1,3.189,-0.2193990294
子图1,系列1,3.192,-0.2261162639
子图1,系列1,3.195,-0.2293424465
子图1,系列1,3.198,-0.2291631232
子图1,系列1,3.201,-0.2257336754
子图1,系列1,3.204,-0.2192739226
子图1,系列1,3.207,-0.2100616247
子图1,系列1,3.21,-0.198425334
子图1,系列1,3.213,-0.1847362821
子图1,系列1,3.216,-0.169398831
子图1,系列1,3.219,-0.1528395266
子图1,系列1,3.222,-0.1354954049
子图1,系列1,3.225,-0.1178023853
子图1,系列1,3.228,-0.1001844111
子图1,系列1,3.231,-0.0830436288
子图1,系列1,3.234,-0.06675142962
子图1,系列1,3.237,-0.05164001049
子图1,系列1,3.24,-0.03799457931
子图1,系列1,3.243,-0.02604700534
子图1,系列1,3.246,-0.01597210641
子图1,系列1,3.249,-0.007887518903
子图1,系列1,3.252,-0.001856915384
子图1,系列1,3.255,0.002105208845
子图1,系列1,3.258,0.004029315166
子图1,系列1,3.261,0.003987860043
子图1,系列1,3.264,0.002092172136
子图1,系列1,3.267,-0.001513390461
子图1,系列1,3.27,-0.006661569466
子图1,系列1,3.273,-0.01317531306
子图1,系列1,3.276,-0.02087998787
子图1,系列1,3.279,-0.02961099902
子图1,系列1,3.282,-0.03921609657
子图1,系列1,3.285,-0.04955510229
子图1,系列1,3.288,-0.06050108695
子图1,系列1,3.291,-0.0719450912
子图1,系列1,3.294,-0.08380272146
子图1,系列1,3.297,-0.09601837239
子图1,系列1,3.3,-0.1085635378
子图1,系列1,3.303,-0.1214290727
子图1,系列1,3.306,-0.1346146904
子图1,系列1,3.309,-0.1481199645
子图1,系列1,3.312,-0.1619392189
子图1,系列1,3.315,-0.1760595125
子图1,系列1,3.318,-0.1904587473
子图1,系列1,3.321,-0.2051011788
子图1,系列1,3.324,-0.2199298709
子图1,系列1,3.327,-0.2348580836
子图1,系列1,3.33,-0.2497626254
子图1,系列1,3.333,-0.2644815493
子图1,系列1,3.336,-0.2788167397
子图1,系列1,3.339,-0.2925399015
子图1,系列1,3.342,-0.305399476
子图1,系列1,3.345,-0.3171265488
子图1,系列1,3.348,-0.3274393194
子图1,系列1,3.351,-0.3360474139
子图1,系列1,3.354,-0.342658417
子图1,系列1,3.357,-0.3469884725
子图1,系列1,3.36,-0.3487766381
子图1,系列1,3.363,-0.3478004065
子图1,系列1,3.366,-0.3438888933
子图1,系列1,3.369,-0.336931267
子图1,系列1,3.372,-0.3268807233
子图1,系列1,3.375,-0.3137569109
子图1,系列1,3.378,-0.2976499181
子图1,系列1,3.381,-0.2787264785
子图1,系列1,3.384,-0.2572359199
子图1,系列1,3.387,-0.2335118128
子图1,系列1,3.39,-0.2079665625
子图1,系列1,3.393,-0.1810796644
子图1,系列1,3.396,-0.1533832992
子图1,系列1,3.399,-0.1254489822
子图1,系列1,3.402,-0.09787636735
子图1,系列1,3.405,-0.07128230838
子图1,系列1,3.408,-0.04628716985
子图1,系列1,3.411,-0.02349698315
子图1,系列1,3.414,-0.003482920597
子图1,系列1,3.417,0.01323869931
子图1,系列1,3.42,0.02622319938
子图1,系列1,3.423,0.03511040737
子图1,系列1,3.426,0.03963452293
子图1,系列1,3.429,0.03963210174
子图1,系列1,3.432,0.03504834251
子图1,系列1,3.435,0.02594101426
子图1,系列1,3.438,0.01248122923
子图1,系列1,3.441,-0.005049350735
子图1,系列1,3.444,-0.02626492437
子图1,系列1,3.447,-0.05068561605
子图1,系列1,3.45,-0.07775121851
子图1,系列1,3.453,-0.1068380593
子图1,系列1,3.456,-0.1372776153
子图1,系列1,3.459,-0.1683752961
子图1,系列1,3.462,-0.1994284802
子图1,系列1,3.465,-0.2297439271
子图1,系列1,3.468,-0.258655252
子图1,系列1,3.471,-0.2855405757
子图1,系列1,3.474,-0.3098392001
子图1,系列1,3.477,-0.3310654858
子图1,系列1,3.48,-0.3488185974
子图1,系列1,3.483,-0.3627879458
子图1,系列1,3.486,-0.3727550738
子图1,系列1,3.489,-0.3785927705
子图1,系列1,3.492,-0.3802616008
子图1,系列1,3.495,-0.3778037575
子图1,系列1,3.498,-0.3713345132
子图1,系列1,3.501,-0.3610319426
子图1,系列1,3.504,-0.3471254895
子图1,系列1,3.507,-0.3298834476
子图1,系列1,3.51,-0.3095991095
子图1,系列1,3.513,-0.2865759905
子图1,系列1,3.516,-0.2611139387
子图1,系列1,3.519,-0.2334986063
子图1,系列1,3.522,-0.2039956162
子图1,系列1,3.525,-0.1728484975
子图1,系列1,3.528,-0.1402778135
子图1,系列1,3.531,-0.1064793518
子图1,系列1,3.534,-0.07162175506
子图1,系列1,3.537,-0.03584654937
子图1,系列1,3.54,0.0007263325289
子图1,系列1,3.543,0.03798715284
子图1,系列1,3.546,0.07582222076
子图1,系列1,3.549,0.1141016972
子图1,系列1,3.552,0.1526724287
子图1,系列1,3.555,0.1913552004
子图1,系列1,3.558,0.2299429414
子图1,系列1,3.561,0.2681966637
子图1,系列1,3.564,0.3058389371
子图1,系列1,3.567,0.3425479771
子图1,系列1,3.57,0.3779564702
子图1,系列1,3.573,0.4116573525
子图1,系列1,3.576,0.4432153842
子图1,系列1,3.579,0.472181009
子图1,系列1,3.582,0.4981031946
子图1,系列1,3.585,0.520540169
子图1,系列1,3.588,0.5390693212
子图1,系列1,3.591,0.5532983821
子图1,系列1,3.594,0.5628789497
子图1,系列1,3.597,0.5675214803
子图1,系列1,3.6,0.5670095162
子图1,系列1,3.603,0.5612109758
子图1,系列1,3.606,0.5500854331
子图1,系列1,3.609,0.5336875644
子图1,系列1,3.612,0.5121676355
子图1,系列1,3.615,0.4857697922
子图1,系列1,3.618,0.4548283545
子图1,系列1,3.621,0.4197619377
子图1,系列1,3.624,0.3810652971
子图1,系列1,3.627,0.3392990303
子图1,系列1,3.63,0.2950774937
子图1,系列1,3.633,0.249055411
子图1,系列1,3.636,0.201913496
子图1,系列1,3.639,0.154343211
子图1,系列1,3.642,0.1070310686
子图1,系列1,3.645,0.06064348876
子图1,系列1,3.648,0.0158135323
子图1,系列1,3.651,-0.0268693944
子图1,系列1,3.654,-0.06686665151
子图1,系列1,3.657,-0.1036954984
子图1,系列1,3.66,-0.1369341976
子图1,系列1,3.663,-0.1662280844
子图1,系列1,3.666,-0.1912956167
子图1,系列1,3.669,-0.2119319358
子图1,系列1,3.672,-0.2280075784
子图1,系列1,3.675,-0.2394621553
子图1,系列1,3.678,-0.2462958598
子图1,系列1,3.681,-0.2485629686
子图1,系列1,3.684,-0.2463696767
子图1,系列1,3.687,-0.2398750954
子图1,系列1,3.69,-0.2292915805
子图1,系列1,3.693,-0.2148806822
子图1,系列1,3.696,-0.1969441296
子图1,系列1,3.699,-0.1758131257
子图1,系列1,3.702,-0.1518405869
子图1,系列1,3.705,-0.1253988076
子图1,系列1,3.708,-0.09688117766
子图1,系列1,3.711,-0.0667038312
子图1,系列1,3.714,-0.03530330713
子图1,系列1,3.717,-0.003129227006
子图1,系列1,3.72,0.02936563275
子图1,系列1,3.723,0.06173412856
子图1,系列1,3.726,0.09354000297
子图1,系列1,3.729,0.1243599778
子图1,系列1,3.732,0.1537851955
子图1,系列1,3.735,0.181424797
子图1,系列1,3.738,0.20691301
子图1,系列1,3.741,0.2299189577
子图1,系列1,3.744,0.2501567644
子图1,系列1,3.747,0.2673934072
子图1,系列1,3.75,0.2814529307
子图1,系列1,3.753,0.2922172297
子图1,系列1,3.756,0.2996250671
子图1,系列1,3.759,0.3036716403
子图1,系列1,3.762,0.3044100514
子图1,系列1,3.765,0.3019539681
子图1,系列1,3.768,0.296479063
子图1,系列1,3.771,0.2882204288
子图1,系列1,3.774,0.2774645417
子图1,系列1,3.777,0.2645371832
子图1,系列1,3.78,0.2497910555
子图1,系列1,3.783,0.2335965253
子图1,系列1,3.786,0.2163362447
子图1,系列1,3.789,0.1984012796
子图1,系列1,3.792,0.1801849176
子图1,系列1,3.795,0.1620718715
子图1,系列1,3.798,0.1444243108
子图1,系列1,3.801,0.1275690436
子图1,系列1,3.804,0.111789872
子图1,系列1,3.807,0.09732603147
子图1,系列1,3.81,0.08437404936
子图1,系列1,3.813,0.07308890772
子图1,系列1,3.816,0.0635820851
子图1,系列1,3.819,0.05591739118
子图1,系列1,3.822,0.05010782983
子图1,系列1,3.825,0.04611642295
子图1,系列1,3.828,0.04386152782
子图1,系列1,3.831,0.04322470656
子图1,系列1,3.834,0.04405838028
子图1,系列1,3.837,0.04619140479
子图1,系列1,3.84,0.04943234697
子图1,系列1,3.843,0.05357159586
子图1,系列1,3.846,0.05838381393
子图1,系列1,3.849,0.06363172234
子图1,系列1,3.852,0.06907151958
子图1,系列1,3.855,0.07445956311
子图1,系列1,3.858,0.07955910955
子图1,系列1,3.861,0.08414545381
子图1,系列1,3.864,0.08800839548
子图1,系列1,3.867,0.09095232137
子图1,系列1,3.87,0.09279562682
子图1,系列1,3.873,0.09337192303
子图1,系列1,3.876,0.09253459184
子图1,系列1,3.879,0.09016388374
子图1,系列1,3.882,0.08617369718
子图1,系列1,3.885,0.08051505981
子图1,系列1,3.888,0.07317520015
子图1,系列1,3.891,0.06417382904
子图1,系列1,3.894,0.0535601139
子图1,系列1,3.897,0.04141325149
子图1,系列1,3.9,0.02784665617
子图1,系列1,3.903,0.01301271096
子图1,系列1,3.906,-0.002896017288
子图1,系列1,3.909,-0.0196515381
子图1,系列1,3.912,-0.03700021161
子图1,系列1,3.915,-0.0546736034
子图1,系列1,3.918,-0.07239616332
子图1,系列1,3.921,-0.08988818827
子图1,系列1,3.924,-0.1068662782
子图1,系列1,3.927,-0.123045601
子图1,系列1,3.93,-0.138147293
子图1,系列1,3.933,-0.1519107683
子图1,系列1,3.936,-0.1641069905
子图1,系列1,3.939,-0.1745477001
子图1,系列1,3.942,-0.1830880404
子图1,系列1,3.945,-0.1896241018
子图1,系列1,3.948,-0.1940896775
子图1,系列1,3.951,-0.1964560755
子图1,系列1,3.954,-0.196735483
子图1,系列1,3.957,-0.1949847149
子图1,系列1,3.96,-0.1913050736
子图1,系列1,3.963,-0.1858362249
子图1,系列1,3.966,-0.1787456296
子图1,系列1,3.969,-0.170217454
子图1,系列1,3.972,-0.160444395
子图1,系列1,3.975,-0.149623105
子图1,系列1,3.978,-0.1379512048
子图1,系列1,3.981,-0.1256232516
子图1,系列1,3.984,-0.1128245929
子图1,系列1,3.987,-0.09972427752
子图1,系列1,3.99,-0.08646933848
子图1,系列1,3.993,-0.07318218226
子图1,系列1,3.996,-0.05996124269
子图1,系列1,3.999,-0.04688380304
子图1,系列1,4.002,-0.03400969213
子图1,系列1,4.005,-0.02138517767
子图1,系列1,4.008,-0.009047061048
子图1,系列1,4.011,0.002972765456
子图1,系列1,4.014,0.01464219255
子图1,系列1,4.017,0.02592339835
子图1,系列1,4.02,0.03676738096
子图1,系列1,4.023,0.04710895132
子图1,系列1,4.026,0.05686261996
子图1,系列1,4.029,0.06591980634
子图1,系列1,4.032,0.07414769536
子图1,系列1,4.035,0.08138992205
子图1,系列1,4.038,0.08746916829
子图1,系列1,4.041,0.09219160291
子图1,系列1,4.044,0.09535285648
子图1,系列1,4.047,0.09674502457
子图1,系列1,4.05,0.09616412537
子图1,系列1,4.053,0.0934176022
子图1,系列1,4.056,0.08833191504
子图1,系列1,4.059,0.08076064876
子图1,系列1,4.062,0.07059334213
子图1,系列1,4.065,0.05776443606
子图1,系列1,4.068,0.04226095942
子图1,系列1,4.071,0.02412744635
子图1,系列1,4.074,0.003467372871
子图1,系列1,4.077,-0.01955828667
子图1,系列1,4.08,-0.04473391914
子图1,系列1,4.083,-0.07179238159
子图1,系列1,4.086,-0.1004183853
子图1,系列1,4.089,-0.1302532956
子图1,系列1,4.092,-0.1609026468
子图1,系列1,4.095,-0.1919467409
子图1,系列1,4.098,-0.2229533554
子图1,系列1,4.101,-0.2534907559
子图1,系列1,4.104,-0.2831393497
子图1,系列1,4.107,-0.3115012693
子图1,系列1,4.11,-0.3382081729
子图1,系列1,4.113,-0.3629279482
子图1,系列1,4.116,-0.3853708039
子图1,系列1,4.119,-0.4052947935
子图1,系列1,4.122,-0.422510314
子图1,系列1,4.125,-0.4368827794
子图1,系列1,4.128,-0.4483327277
子图1,系列1,4.131,-0.4568329537
子图1,系列1,4.134,-0.4624027554
子图1,系列1,4.137,-0.4651001841
子图1,系列1,4.14,-0.4650138959
子图1,系列1,4.143,-0.4622560896
子图1,系列1,4.146,-0.4569570893
子图1,系列1,4.149,-0.449260991
子图1,系列1,4.152,-0.4393209914
子图1,系列1,4.155,-0.4272932657
子图1,系列1,4.158,-0.4133297915
子图1,系列1,4.161,-0.3975721656
子图1,系列1,4.164,-0.3801487632
子图1,系列1,4.167,-0.3611763579
子图1,系列1,4.17,-0.3407652393
子图1,系列1,4.173,-0.3190251279
子图1,系列1,4.176,-0.2960692282
子图1,系列1,4.179,-0.2720158291
子图1,系列1,4.182,-0.2469891653
子图1,系列1,4.185,-0.2211219946
子图1,系列1,4.188,-0.1945611541
子图1,系列1,4.191,-0.167474891
子图1,系列1,4.194,-0.1400586714
子图1,系列1,4.197,-0.1125364045
子图1,系列1,4.2,-0.08515659648
子图1,系列1,4.203,-0.05818564284
子图1,系列1,4.206,-0.03190140565
子图1,系列1,4.209,-0.006588918355
子图1,系列1,4.212,0.01746280198
子图1,系列1,4.215,0.03996605935
子图1,系列1,4.218,0.06064435844
子图1,系列1,4.221,0.07924617661
子图1,系列1,4.224,0.09555913912
子图1,系列1,4.227,0.1094205208
子图1,系列1,4.23,0.1207221727
子图1,系列1,4.233,0.1294117567
子图1,系列1,4.236,0.1354942892
子图1,系列1,4.239,0.1390362416
子图1,系列1,4.242,0.1401706138
子图1,系列1,4.245,0.1390987251
子图1,系列1,4.248,0.1360848336
子图1,系列1,4.251,0.1314433387
子图1,系列1,4.254,0.1255228025
子图1,系列1,4.257,0.1186920882
子图1,系列1,4.26,0.1113305817
子图1,系列1,4.263,0.1038200959
子图1,系列1,4.266,0.0965340569
子图1,系列1,4.269,0.08982139752
子图1,系列1,4.272,0.08398734917
子图1,系列1,4.275,0.07927695742
子图1,系列1,4.278,0.07586586872
子图1,系列1,4.281,0.07385816303
子图1,系列1,4.284,0.07328717245
子图1,系列1,4.287,0.07411499973
子图1,系列1,4.29,0.07622996991
子图1,系列1,4.293,0.07944583929
子图1,系列1,4.296,0.08350767344
子图1,系列1,4.299,0.08810551019
子图1,系列1,4.302,0.09289212485
子图1,系列1,4.305,0.09749954401
子图1,系列1,4.308,0.1015513275
子图1,系列1,4.311,0.1046722438
子图1,系列1,4.314,0.1064998909
子图1,系列1,4.317,0.1067009301
子图1,系列1,4.32,0.1049896579
子图1,系列1,4.323,0.1011434819
子图1,系列1,4.326,0.0950109825
子图1,系列1,4.329,0.08651251979
子图1,系列1,4.332,0.07563752187
子图1,系列1,4.335,0.06244310352
子图1,系列1,4.338,0.04705495097
子图1,系列1,4.341,0.02966708552
子图1,系列1,4.344,0.01053606129
子图1,系列1,4.347,-0.01003207371
子图1,系列1,4.35,-0.0316994813
子图1,系列1,4.353,-0.05411398925
子图1,系列1,4.356,-0.07692280145
子图1,系列1,4.359,-0.09978264163
子图1,系列1,4.362,-0.122369152
子图1,系列1,4.365,-0.144388018
子图1,系列1,4.368,-0.1655876311
子图1,系列1,4.371,-0.1857706198
子图1,系列1,4.374,-0.2048014261
子图1,系列1,4.377,-0.2226089974
子图1,系列1,4.38,-0.2391856411
子图1,系列1,4.383,-0.2545836765
子图1,系列1,4.386,-0.2689105981
子图1,系列1,4.389,-0.2823222042
子图1,系列1,4.392,-0.2950131538
子图1,系列1,4.395,-0.3072056592
子图1,系列1,4.398,-0.3191377891
子图1,系列1,4.401,-0.3310522531
子图1,系列1,4.404,-0.3431852785
子图1,系列1,4.407,-0.3557544604
子图1,系列1,4.41,-0.3689452461
子图1,系列1,4.413,-0.3828977657
子图1,系列1,4.416,-0.3976970307
子图1,系列1,4.419,-0.4133684423
子图1,系列1,4.422,-0.4298778913
子图1,系列1,4.425,-0.4471336857
子图1,系列1,4.428,-0.4649877131
子图1,系列1,4.431,-0.4832356171
子图1,系列1,4.434,-0.5016184273
子图1,系列1,4.437,-0.5198286578
子图1,系列1,4.44,-0.5375218356
子图1,系列1,4.443,-0.5543315036
子图1,系列1,4.446,-0.5698842098
子图1,系列1,4.449,-0.5838118354
子图1,系列1,4.452,-0.5957610054
子图1,系列1,4.455,-0.6054013141
子图1,系列1,4.458,-0.6124342973
子图1,系列1,4.461,-0.6166036601
子图1,系列1,4.464,-0.6177055526
子图1,系列1,4.467,-0.6155968847
子图1,系列1,4.47,-0.6102001284
子图1,系列1,4.473,-0.6015043196
子图1,系列1,4.476,-0.5895631014
子图1,系列1,4.479,-0.5744909865
子图1,系列1,4.482,-0.5564586613
子图1,系列1,4.485,-0.5356875439
子图1,系列1,4.488,-0.512443281
子图1,系列1,4.491,-0.4870278158
子图1,系列1,4.494,-0.4597701854
子图1,系列1,4.497,-0.4310166363
子图1,系列1,4.5,-0.4011205423
子图1,系列1,4.503,-0.3704323193
子图1,系列1,4.506,-0.3392893623
子图1,系列1,4.509,-0.3080061381
子图1,系列1,4.512,-0.276865255
子图1,系列1,4.515,-0.2461109568
子图1,系列1,4.518,-0.2159458448
子图1,系列1,4.521,-0.186530011
子图1,系列1,4.524,-0.1579806578
子图1,系列1,4.527,-0.1303705091
子图1,系列1,4.53,-0.1037250214
子图1,系列1,4.533,-0.07802078519
子图1,系列1,4.536,-0.053188347
子图1,系列1,4.539,-0.02912057323
子图1,系列1,4.542,-0.005684270896
子图1,系列1,4.545,0.01726917032
子图1,系列1,4.548,0.03989746273
子图1,系列1,4.551,0.06236528577
子图1,系列1,4.554,0.08484235749
子图1,系列1,4.557,0.1074970126
子图1,系列1,4.56,0.1304839339
子图1,系列1,4.563,0.1539292944
子图1,系列1,4.566,0.1779189517
子图1,系列1,4.569,0.2024937945
子图1,系列1,4.572,0.2276516746
子图1,系列1,4.575,0.2533509484
子图1,系列1,4.578,0.2795102382
子图1,系列1,4.581,0.3060029705
子图1,系列1,4.584,0.3326502703
子图1,系列1,4.587,0.3592180937
子图1,系列1,4.59,0.3854224601
子图1,系列1,4.593,0.4109417179
子图1,系列1,4.596,0.4354305768
子图1,系列1,4.599,0.4585303961
子图1,系列1,4.602,0.4798740815
子图1,系列1,4.605,0.4990887162
子图1,系列1,4.608,0.5158010684
子图1,系列1,4.611,0.5296492664
子图1,系列1,4.614,0.5402997688
子图1,系列1,4.617,0.5474649181
子图1,系列1,4.62,0.550915608
子图1,系列1,4.623,0.5504867
子图1,系列1,4.626,0.5460771413
子图1,系列1,4.629,0.5376491827
子图1,系列1,4.632,0.5252307384
子图1,系列1,4.635,0.5089219502
子图1,系列1,4.638,0.488902645
子图1,系列1,4.641,0.4654350353
子图1,系列1,4.644,0.4388578472
子图1,系列1,4.647,0.409572393
子图1,系列1,4.65,0.3780253005
子图1,系列1,4.653,0.3446944462
子图1,系列1,4.656,0.3100819482
子图1,系列1,4.659,0.2747120003
子图1,系列1,4.662,0.2391270222
子图1,系列1,4.665,0.2038764546
子图1,系列1,4.668,0.169497634
子图1,系列1,4.671,0.1364943582
子图1,系列1,4.674,0.1053214877
子图1,系列1,4.677,0.07638023874
子图1,系列1,4.68,0.05002150537
子图1,系列1,4.683,0.02654978249
子图1,系列1,4.686,0.006221396576
子图1,系列1,4.689,-0.01076345842
子图1,系列1,4.692,-0.02426931867
子图1,系列1,4.695,-0.03422776055
子图1,系列1,4.698,-0.04063093432
子图1,系列1,4.701,-0.04351986773
子图1,系列1,4.704,-0.04297372534
子图1,系列1,4.707,-0.0391039917
子图1,系列1,4.71,-0.0320528118
子图1,系列1,4.713,-0.0219915006
子图1,系列1,4.716,-0.009116009331
子图1,系列1,4.719,0.00636040774
子图1,系列1,4.722,0.02421445667
子图1,系列1,4.725,0.04421739724
子图1,系列1,4.728,0.06613670281
子图1,系列1,4.731,0.08973658277
子图1,系列1,4.734,0.1147792538
子图1,系列1,4.737,0.141027196
子图1,系列1,4.74,0.1682450124
子图1,系列1,4.743,0.1961994717
子图1,系列1,4.746,0.2246576721
子图1,系列1,4.749,0.2533846281
子图1,系列1,4.752,0.2821418815
子图1,系列1,4.755,0.3106879528
子图1,系列1,4.758,0.3387802195
子图1,系列1,4.761,0.3661769457
子图1,系列1,4.764,0.3926382132
子图1,系列1,4.767,0.4179252537
子图1,系列1,4.77,0.4417986416
子图1,系列1,4.773,0.4640166239
子图1,系列1,4.776,0.4843350823
子图1,系列1,4.779,0.502509849
子图1,系列1,4.782,0.5183006105
子图1,系列1,4.785,0.5314744659
子图1,系列1,4.788,0.5418072138
子图1,系列1,4.791,0.5490818768
子图1,系列1,4.794,0.5530861447
子图1,系列1,4.797,0.5536116718
子图1,系列1,4.8,0.5504572611
子图1,系列1,4.803,0.5434355267
子图1,系列1,4.806,0.5323804266
子图1,系列1,4.809,0.5171526598
子图1,系列1,4.812,0.4976419649
子图1,系列1,4.815,0.473768524
子图1,系列1,4.818,0.4454870974
子图1,系列1,4.821,0.4127958769
子图1,系列1,4.824,0.3757487302
子图1,系列1,4.827,0.3344668617
子图1,系列1,4.83,0.2891460149
子图1,系列1,4.833,0.2400586699
子图1,系列1,4.836,0.1875544163
子图1,系列1,4.839,0.1320621631
子图1,系列1,4.842,0.07409479245
子图1,系列1,4.845,0.01425293763
子图1,系列1,4.848,-0.04677719801
子图1,系列1,4.851,-0.1082347521
子图1,系列1,4.854,-0.1693016476
子图1,系列1,4.857,-0.2291212721
子图1,系列1,4.86,-0.2868146824
子图1,系列1,4.863,-0.3414951571
子图1,系列1,4.866,-0.392285453
子图1,系列1,4.869,-0.4383416908
子图1,系列1,4.872,-0.4788833982
子图1,系列1,4.875,-0.5132245178
子图1,系列1,4.878,-0.5407991753
子图1,系列1,4.881,-0.5611793774
子图1,系列1,4.884,-0.5740864674
子图1,系列1,4.887,-0.579400318
子图1,系列1,4.89,-0.5771685121
子图1,系列1,4.893,-0.5676141214
子图1,系列1,4.896,-0.5511381537
子图1,系列1,4.899,-0.5283129655
子图1,系列1,4.902,-0.4998656836
子图1,系列1,4.905,-0.4666537535
子图1,系列1,4.908,-0.4296359587
子图1,系列1,4.911,-0.3898418351
子图1,系列1,4.914,-0.348341387
子图1,系列1,4.917,-0.3062153948
子图1,系列1,4.92,-0.2645250435
子图1,系列1,4.923,-0.2242796204
子图1,系列1,4.926,-0.1864025113
子图1,系列1,4.929,-0.1516978831
子图1,系列1,4.932,-0.120822739
子图1,系列1,4.935,-0.09426929157
子图1,系列1,4.938,-0.07235904861
子图1,系列1,4.941,-0.05524529721
子图1,系列1,4.944,-0.04291884981
子图1,系列1,4.947,-0.03521393215
子图1,系列1,4.95,-0.03181571981
子图1,系列1,4.953,-0.03227509912
子图1,系列1,4.956,-0.0360353007
子图1,系列1,4.959,-0.04246887463
子图1,系列1,4.962,-0.05091764645
子图1,系列1,4.965,-0.06072756325
子图1,系列1,4.968,-0.07127482457
子图1,系列1,4.971,-0.08198627814
子图1,系列1,4.974,-0.09236053417
子图1,系列1,4.977,-0.1019929934
子图1,系列1,4.98,-0.1106009448
子图1,系列1,4.983,-0.1180407684
子图1,系列1,4.986,-0.1243112785
子图1,系列1,4.989,-0.1295435592
子图1,系列1,4.992,-0.1339836473
子图1,系列1,4.995,-0.1379752535
子图1,系列1,4.998,-0.1419446661
子图1,系列1,5.001,-0.1463840008
子图1,系列1,5.004,-0.1518274072
子图1,系列1,5.007,-0.1588185285
子图1,系列1,5.01,-0.1678732371
子图1,系列1,5.013,-0.1794450128
子图1,系列1,5.016,-0.1938986092
子图1,系列1,5.019,-0.2114923993
子图1,系列1,5.022,-0.2323655444
子图1,系列1,5.025,-0.256526028
子图1,系列1,5.028,-0.2838389669
子图1,系列1,5.031,-0.3140184757
子图1,系列1,5.034,-0.34662781
子图1,系列1,5.037,-0.381090504
子图1,系列1,5.04,-0.4167112275
子图1,系列1,5.043,-0.4527020269
子图1,系列1,5.046,-0.4882092907
子图1,系列1,5.049,-0.5223388677
子图1,系列1,5.052,-0.5541797757
子图1,系列1,5.055,-0.5828290779
子图1,系列1,5.058,-0.6074202064
子图1,系列1,5.061,-0.6271543702
子图1,系列1,5.064,-0.641331541
子图1,系列1,5.067,-0.6493759134
子图1,系列1,5.07,-0.6508519048
子图1,系列1,5.073,-0.6454705092
子图1,系列1,5.076,-0.6330896941
子图1,系列1,5.079,-0.6137134113
子图1,系列1,5.082,-0.5874911788
子图1,系列1,5.085,-0.5547162036
子图1,系列1,5.088,-0.5158176055
子图1,系列1,5.091,-0.4713437112
子图1,系列1,5.094,-0.421937937
子图1,系列1,5.097,-0.3683125224
子图1,系列1,5.1,-0.3112251662
子图1,系列1,5.103,-0.2514601663
子图1,系列1,5.106,-0.1898118589
子图1,系列1,5.109,-0.1270669689
子图1,系列1,5.112,-0.06398499826
子图1,系列1,5.115,-0.001279519389
子图1,系列1,5.118,0.06039563352
子图1,系列1,5.121,0.1204536272
子图1,系列1,5.124,0.1783770674
子图1,系列1,5.127,0.2337189166
子图1,系列1,5.13,0.2861037519
子图1,系列1,5.133,0.3352281354
子图1,系列1,5.136,0.3808572664
子图1,系列1,5.139,0.4228166262
子图1,系列1,5.142,0.460980473
子图1,系列1,5.145,0.4952609588
子图1,系列1,5.148,0.5256007723
子图1,系列1,5.151,0.5519693948
子图1,系列1,5.154,0.5743606357
子图1,系列1,5.157,0.5927889657
子图1,系列1,5.16,0.6072841594
子图1,系列1,5.163,0.6178860872
子图1,系列1,5.166,0.6246422979
子图1,系列1,5.169,0.6276099205
子图1,系列1,5.172,0.6268614183
子图1,系列1,5.175,0.6224921055
子图1,系列1,5.178,0.6146268888
子图1,系列1,5.181,0.6034246527
子图1,系列1,5.184,0.5890803675
子图1,系列1,5.187,0.5718262374
子图1,系列1,5.19,0.5519334252
子图1,系列1,5.193,0.5297149144
子图1,系列1,5.196,0.5055282246
子图1,系列1,5.199,0.4797753687
子图1,系列1,5.202,0.4528980208
子图1,系列1,5.205,0.4253680299
子图1,系列1,5.208,0.3976755441
子图1,系列1,5.211,0.3703176663
子图1,系列1,5.214,0.3437890451
子图1,系列1,5.217,0.3185729954
子图1,系列1,5.22,0.2951302524
子图1,系列1,5.223,0.2738839642
子图1,系列1,5.226,0.2552027221
子图1,系列1,5.229,0.2393857245
子图1,系列1,5.232,0.2266538164
子图1,系列1,5.235,0.217146943
子图1,系列1,5.238,0.2109247287
子图1,系列1,5.241,0.2079659132
子图1,系列1,5.244,0.2081652527
子图1,系列1,5.247,0.2113306829
子图1,系列1,5.25,0.2171857845
子图1,系列1,5.253,0.2253809902
子图1,系列1,5.256,0.2355122121
子图1,系列1,5.259,0.2471412239
子图1,系列1,5.262,0.2598119262
子图1,系列1,5.265,0.2730606582
子图1,系列1,5.268,0.2864237209
子图1,系列1,5.271,0.2994474828
子图1,系列1,5.274,0.311704083
子图1,系列1,5.277,0.3228105779
子图1,系列1,5.28,0.3324456182
子图1,系列1,5.283,0.3403583537
子图1,系列1,5.286,0.3463685592
子图1,系列1,5.289,0.3503615618
子图1,系列1,5.292,0.3522830038
子图1,系列1,5.295,0.3521360919
子图1,系列1,5.298,0.3499801911
子图1,系列1,5.301,0.345927434
子图1,系列1,5.304,0.3401347513
子图1,系列1,5.307,0.3327914428
子图1,系列1,5.31,0.3241047398
子图1,系列1,5.313,0.3142861169
子图1,系列1,5.316,0.3035400546
子图1,系列1,5.319,0.2920558988
子图1,系列1,5.322,0.2800027246
子图1,系列1,5.325,0.2675266254
子图1,系列1,5.328,0.2547495899
子图1,系列1,5.331,0.2417688771
子图1,系列1,5.334,0.2286560163
子图1,系列1,5.337,0.215456085
子图1,系列1,5.34,0.2021896173
子图1,系列1,5.343,0.1888592885
子图1,系列1,5.346,0.1754612654
子图1,系列1,5.349,0.1619983439
子图1,系列1,5.352,0.1484904127
子图1,系列1,5.355,0.1349790245
子图1,系列1,5.358,0.1215268348
子图1,系列1,5.361,0.1082160913
子图1,系列1,5.364,0.09515020817
子图1,系列1,5.367,0.08245914497
子图1,系列1,5.37,0.07030523537
子图1,系列1,5.373,0.05888398137
子图1,系列1,5.376,0.04841628142
子图1,系列1,5.379,0.03913366467
子图1,系列1,5.382,0.03126215634
子图1,系列1,5.385,0.02501040689
子图1,系列1,5.388,0.02056413706
子图1,系列1,5.391,0.01808417181
子图1,系列1,5.394,0.01770266424
子图1,系列1,5.397,0.01951397191
子图1,系列1,5.4,0.02356160294
子图1,系列1,5.403,0.02982650473
子图1,系列1,5.406,0.03822207625
子图1,系列1,5.409,0.04859782646
子图1,系列1,5.412,0.06074885133
子图1,系列1,5.415,0.07442582896
子图1,系列1,5.418,0.089342015
子图1,系列1,5.421,0.1051777884
子图1,系列1,5.424,0.1215861224
子图1,系列1,5.427,0.1382021523
子图1,系列1,5.43,0.1546571594
子图1,系列1,5.433,0.170594035
子图1,系列1,5.436,0.1856804922
子图1,系列1,5.439,0.1996183789
子图1,系列1,5.442,0.2121499753
子图1,系列1,5.445,0.2230630154
子图1,系列1,5.448,0.2321951102
子图1,系列1,5.451,0.2394364352
子图1,系列1,5.454,0.2447289092
子图1,系列1,5.457,0.2480616855
子图1,系列1,5.46,0.2494649231
子图1,系列1,5.463,0.2490041047
子图1,系列1,5.466,0.2467754151
子图1,系列1,5.469,0.2429004957
子图1,系列1,5.472,0.2375181903
子图1,系列1,5.475,0.2307728681
子图1,系列1,5.478,0.2228022784
子图1,系列1,5.481,0.2137293816
子图1,系列1,5.484,0.2036605823
子图1,系列1,5.487,0.1926889014
子图1,系列1,5.49,0.1808978489
子图1,系列1,5.493,0.1683622508
子图1,系列1,5.496,0.1551460231
子图1,系列1,5.499,0.1413008365
子图1,系列1,5.502,0.126870157
子图1,系列1,5.505,0.1118998206
子图1,系列1,5.508,0.09645189214
子图1,系列1,5.511,0.08061630735
子图1,系列1,5.514,0.06451635951
子图1,系列1,5.517,0.04830842501
子图1,系列1,5.52,0.03217988464
子图1,系列1,5.523,0.01634911812
子图1,系列1,5.526,0.00106821246
子图1,系列1,5.529,-0.01337458444
子图1,系列1,5.532,-0.02665698329
子图1,系列1,5.535,-0.03843174478
子图1,系列1,5.538,-0.04834137686
子图1,系列1,5.541,-0.05603446458
子图1,系列1,5.544,-0.06118002241
子图1,系列1,5.547,-0.06347882688
子图1,系列1,5.55,-0.06267334363
子图1,系列1,5.553,-0.05855870323
子图1,系列1,5.556,-0.05099565652
子图1,系列1,5.559,-0.03992392566
子图1,系列1,5.562,-0.02537297764
子图1,系列1,5.565,-0.007467878972
子图1,系列1,5.568,0.01357018985
子图1,系列1,5.571,0.03742744256
子图1,系列1,5.574,0.06370334958
子图1,系列1,5.577,0.09191823957
子图1,系列1,5.58,0.1215232386
子图1,系列1,5.583,0.1519133576
子图1,系列1,5.586,0.1824437112
子图1,系列1,5.589,0.2124477779
子图1,系列1,5.592,0.2412561903
子图1,系列1,5.595,0.2682151335
子图1,系列1,5.598,0.2927043379
子图1,系列1,5.601,0.3141548164
子图1,系列1,5.604,0.3320657365
子图1,系列1,5.607,0.3460189023
子图1,系列1,5.61,0.3556891583
子图1,系列1,5.613,0.360850071
子图1,系列1,5.616,0.3613758801
子图1,系列1,5.619,0.3572415133
子图1,系列1,5.622,0.3485216432
子图1,系列1,5.625,0.3353880507
子图1,系列1,5.628,0.3181033611
子图1,系列1,5.631,0.2970097213
子图1,系列1,5.634,0.2725131991
子图1,系列1,5.637,0.2450669057
子图1,系列1,5.64,0.2151560283
子图1,系列1,5.643,0.1832859546
子图1,系列1,5.646,0.1499720331
子图1,系列1,5.649,0.1157282565
子图1,系列1,5.652,0.08105356876
子图1,系列1,5.655,0.04641760836
子图1,系列1,5.658,0.01224960093
子图1,系列1,5.661,-0.02106699308
子图1,系列1,5.664,-0.05319461414
子图1,系列1,5.667,-0.08383984438
子图1,系列1,5.67,-0.112753238
子图1,系列1,5.673,-0.1397313403
子图1,系列1,5.676,-0.1646181168
子图1,系列1,5.679,-0.1873023908
子图1,系列1,5.682,-0.2077104337
子图1,系列1,5.685,-0.2257963326
子图1,系列1,5.688,-0.2415344211
子图1,系列1,5.691,-0.2549163488
子图1,系列1,5.694,-0.2659515503
子图1,系列1,5.697,-0.2746674079
子图1,系列1,5.7,-0.2811064023
子图1,系列1,5.703,-0.2853207632
子图1,系列1,5.706,-0.2873678139
子图1,系列1,5.709,-0.2873092176
子图1,系列1,5.712,-0.2852145891
子图1,系列1,5.715,-0.2811668153
子图1,系列1,5.718,-0.2752656655
子图1,系列1,5.721,-0.267628223
子图1,系列1,5.724,-0.2583873553
子图1,系列1,5.727,-0.2476906771
子图1,系列1,5.73,-0.2357014463
子图1,系列1,5.733,-0.22260064
子图1,系列1,5.736,-0.2085880461
子图1,系列1,5.739,-0.1938806642
子图1,系列1,5.742,-0.1787084472
子图1,系列1,5.745,-0.163308845
子图1,系列1,5.748,-0.1479216764
子图1,系列1,5.751,-0.1327848698
子图1,系列1,5.754,-0.1181305882
子图1,系列1,5.757,-0.1041808342
子图1,系列1,5.76,-0.09114201607
子图1,系列1,5.763,-0.0791988968
子图1,系列1,5.766,-0.06850901608
子图1,系列1,5.769,-0.05919870611
子图1,系列1,5.772,-0.0513614473
子图1,系列1,5.775,-0.04505855423
子图1,系列1,5.778,-0.04032114968
子图1,系列1,5.781,-0.03715199369
子图1,系列1,5.784,-0.03552651805
子图1,系列1,5.787,-0.03539376963
子图1,系列1,5.79,-0.03667899632
子图1,系列1,5.793,-0.03928943994
子图1,系列1,5.796,-0.04312309739
子图1,系列1,5.799,-0.04807796247
子图1,系列1,5.802,-0.05405866004
子图1,系列1,5.805,-0.06097909063
子图1,系列1,5.808,-0.0687624372
子图1,系列1,5.811,-0.07734157802
子图1,系列1,5.814,-0.086662096
子图1,系列1,5.817,-0.09668720017
子图1,系列1,5.82,-0.1074014215
子图1,系列1,5.823,-0.1188099915
子图1,系列1,5.826,-0.1309332918
子图1,系列1,5.829,-0.1437986806
子图1,系列1,5.832,-0.1574330101
子图1,系列1,5.835,-0.1718576145
子图1,系列1,5.838,-0.1870851006
子图1,系列1,5.841,-0.2031159382
子图1,系列1,5.844,-0.2199333958
子图1,系列1,5.847,-0.2374971245
子图1,系列1,5.85,-0.255737012
子图1,系列1,5.853,-0.2745487209
子图1,系列1,5.856,-0.2937913218
子图1,系列1,5.859,-0.3132868762
子图1,系列1,5.862,-0.332821872
子图1,系列1,5.865,-0.3521505999
子图1,系列1,5.868,-0.3710004474
子图1,系列1,5.871,-0.3890784395
子图1,系列1,5.874,-0.4060778206
子图1,系列1,5.877,-0.4216840624
子图1,系列1,5.88,-0.4355810514
子图1,系列1,5.883,-0.4474589005
子图1,系列1,5.886,-0.457024125
子图1,系列1,5.889,-0.4640112352
子图1,系列1,5.892,-0.4681933479
子图1,系列1,5.895,-0.4693895905
子图1,系列1,5.898,-0.4674689831
子图1,系列1,5.901,-0.462352491
子图1,系列1,5.904,-0.4540153563
子图1,系列1,5.907,-0.4424904238
子图1,系列1,5.91,-0.4278711798
子图1,系列1,5.913,-0.410312285
子图1,系列1,5.916,-0.3900262954
子图1,系列1,5.919,-0.3672771601
子图1,系列1,5.922,-0.342372346
子图1,系列1,5.925,-0.3156552011
子图1,系列1,5.928,-0.2874978713
子图1,系列1,5.931,-0.2582939593
子图1,系列1,5.934,-0.2284500861
子图1,系列1,5.937,-0.1983763476
子图1,系列1,5.94,-0.1684764359
子图1,系列1,5.943,-0.1391382963
子图1,系列1,5.946,-0.1107257293
子图1,系列1,5.949,-0.08357088501
子图1,系列1,5.952,-0.05796761149
子图1,系列1,5.955,-0.0341659707
子图1,系列1,5.958,-0.01236838402
子图1,系列1,5.961,0.007272446794
子图1,系列1,5.964,0.02465419807
子图1,系列1,5.967,0.03972469988
子图1,系列1,5.97,0.05248105247
子图1,系列1,5.973,0.06296779446
子图1,系列1,5.976,0.0712735403
子图1,系列1,5.979,0.07752569267
子图1,系列1,5.982,0.08188347505
子图1,系列1,5.985,0.08453013717
子图1,系列1,5.988,0.08566528376
子图1,系列1,5.991,0.08549795057
子图1,系列1,5.994,0.08424055702
子图1,系列1,5.997,0.0821032611
子图1,系列1,6,0.0792879411
子图1,系列1,6.003,0.0759814976
子图1,系列1,6.006,0.07234902708
子图1,系列1,6.009,0.06852806639
子图1,系列1,6.012,0.06462532876
子图1,系列1,6.015,0.06071670463
子图1,系列1,6.018,0.05684969931
子图1,系列1,6.021,0.05304630469
子图1,系列1,6.024,0.04930473304
子图1,系列1,6.027,0.04559997091
子图1,系列1,6.03,0.04188477558
子图1,系列1,6.033,0.03809354237
子图1,系列1,6.036,0.03415018724
子图1,系列1,6.039,0.029978323
子图1,系列1,6.042,0.02551024648
子图1,系列1,6.045,0.02069207428
子图1,系列1,6.048,0.01548494372
子图1,系列1,6.051,0.00986497456
子图1,系列1,6.054,0.003825571489
子图1,系列1,6.057,-0.002616781634
子图1,系列1,6.06,-0.009415917643
子图1,系列1,6.063,-0.01649289376
子图1,系列1,6.066,-0.02373899586
子图1,系列1,6.069,-0.03102369154
子图1,系列1,6.072,-0.03820322022
子图1,系列1,6.075,-0.04512569082
子图1,系列1,6.078,-0.05163233165
子图1,系列1,6.081,-0.05755842743
子图1,系列1,6.084,-0.06273804096
子图1,系列1,6.087,-0.06701366857
子图1,系列1,6.09,-0.07024789738
子图1,系列1,6.093,-0.07233219333
子图1,系列1,6.096,-0.07319001304
子图1,系列1,6.099,-0.07277570784
子图1,系列1,6.102,-0.07107326238
子图1,系列1,6.105,-0.06809778689
子图1,系列1,6.108,-0.06389915491
子图1,系列1,6.111,-0.05856428014
子图1,系列1,6.114,-0.05221472536
子图1,系列1,6.117,-0.04499943878
子图1,系列1,6.12,-0.03708557013
子图1,系列1,6.123,-0.02865084363
子图1,系列1,6.126,-0.01987877783
子图1,系列1,6.129,-0.01095526763
子图1,系列1,6.132,-0.002063974091
子图1,系列1,6.135,0.006620700142
子图1,系列1,6.138,0.01494186685
子图1,系列1,6.141,0.02276711019
子图1,系列1,6.144,0.02999228227
子图1,系列1,6.147,0.03654207604
子图1,系列1,6.15,0.04236873221
子图1,系列1,6.153,0.04745040855
子图1,系列1,6.156,0.05178981265
子图1,系列1,6.159,0.0554125443
子图1,系列1,6.162,0.0583641487
子图1,系列1,6.165,0.06070530812
子图1,系列1,6.168,0.06250538832
子图1,系列1,6.171,0.06383523886
子图1,系列1,6.174,0.06476041682
子图1,系列1,6.177,0.06533565858
子图1,系列1,6.18,0.0656007249
子图1,系列1,6.183,0.06557724212
子图1,系列1,6.186,0.06526612117
子图1,系列1,6.189,0.06464553459
子图1,系列1,6.192,0.0636700168
子图1,系列1,6.195,0.06227144958
子图1,系列1,6.198,0.06036219093
子图1,系列1,6.201,0.057839869
子图1,系列1,6.204,0.05459304658
子图1,系列1,6.207,0.05050724083
子图1,系列1,6.21,0.04547138652
子图1,系列1,6.213,0.03938516816
子图1,系列1,6.216,0.03216723394
子图1,系列1,6.219,0.02376345384
子图1,系列1,6.222,0.01415397866
子图1,系列1,6.225,0.003358300045
子图1,系列1,6.228,-0.00856159136
子图1,系列1,6.231,-0.02149920384
子图1,系列1,6.234,-0.03530211254
子图1,系列1,6.237,-0.04977143403
子图1,系列1,6.24,-0.06466336799
子图1,系列1,6.243,-0.07969383114
子图1,系列1,6.246,-0.09454622137
子图1,系列1,6.249,-0.1088812919
子图1,系列1,6.252,-0.122347663
子图1,系列1,6.255,-0.1345919678
子图1,系列1,6.258,-0.1452687229
子图1,系列1,6.261,-0.1540507767
子图1,系列1,6.264,-0.1606409343
子图1,系列1,6.267,-0.164784411
子图1,系列1,6.27,-0.1662807985
子图1,系列1,6.273,-0.1649938104
子图1,系列1,6.276,-0.160857619
子图1,系列1,6.279,-0.1538798641
子图1,系列1,6.282,-0.144142413
子图1,系列1,6.285,-0.1318009781
子图1,系列1,6.288,-0.1170838723
子图1,系列1,6.291,-0.1002890658
子图1,系列1,6.294,-0.08177809746
子图1,系列1,6.297,-0.06196594701
子图1,系列1,6.3,-0.04130741188
子图1,系列1,6.303,-0.02028177171
子图1,系列1,6.306,0.0006222792833
子图1,系列1,6.309,0.02092036704
子图1,系列1,6.312,0.04014513346
子图1,系列1,6.315,0.05785897367
子图1,系列1,6.318,0.07366751136
子图1,系列1,6.321,0.08723328994
子图1,系列1,6.324,0.09828806368
子图1,系列1,6.327,0.1066419039
子图1,系列1,6.33,0.1121881563
子图1,系列1,6.333,0.1149044601
子图1,系列1,6.336,0.1148508363
子图1,系列1,6.339,0.1121658875
子图1,系列1,6.342,0.1070615616
子图1,系列1,6.345,0.09981622404
子图1,系列1,6.348,0.09076548562
子图1,系列1,6.351,0.08029043924
子图1,系列1,6.354,0.06880350181
子图1,系列1,6.357,0.05673272061
子图1,系列1,6.36,0.0445058507
子图1,系列1,6.363,0.03253545834
子图1,系列1,6.366,0.02120581495
子图1,系列1,6.369,0.01086169954
子图1,系列1,6.372,0.001798770243
子图1,系列1,6.375,-0.005744792098
子图1,系列1,6.378,-0.01159515374
子图1,系列1,6.381,-0.01564746988
子图1,系列1,6.384,-0.01786748192
子图1,系列1,6.387,-0.01828972819
子图1,系列1,6.39,-0.01701274218
子图1,系列1,6.393,-0.01419207245
子图1,系列1,6.396,-0.01003191527
子图1,系列1,6.399,-0.004775782996
子图1,系列1,6.402,0.00130370112
子图1,系列1,6.405,0.007915804602
子图1,系列1,6.408,0.01476311553
子图1,系列1,6.411,0.02155277743
子图1,系列1,6.414,0.02800691039
子图1,系列1,6.417,0.03387171941
子图1,系列1,6.42,0.03892491065
子图1,系列1,6.423,0.04298119649
子图1,系列1,6.426,0.0458958218
子图1,系列1,6.429,0.04756619587
子图1,系列1,6.432,0.04793191136
子图1,系列1,6.435,0.04697345155
子图1,系列1,6.438,0.04470957647
子图1,系列1,6.441,0.04119312571
子图1,系列1,6.444,0.03650517665
子图1,系列1,6.447,0.03074805583
子图1,系列1,6.45,0.02403826078
子图1,系列1,6.453,0.01650045217
子图1,系列1,6.456,0.008263033053
子图1,系列1,6.459,-0.0005451599988
子图1,系列1,6.462,-0.009798002087
子图1,系列1,6.465,-0.0193755483
子图1,系列1,6.468,-0.02916730577
子图1,系列1,6.471,-0.03907407726
子图1,系列1,6.474,-0.04900739175
子图1,系列1,6.477,-0.05888662685
子图1,系列1,6.48,-0.06863503123
子图1,系列1,6.483,-0.07817616929
子图1,系列1,6.486,-0.08743165818
子图1,系列1,6.489,-0.09632002563
子图1,系列1,6.492,-0.1047559388
子图1,系列1,6.495,-0.1126492549
子图1,系列1,6.498,-0.1199039421
子图1,系列1,6.501,-0.126417427
子图1,系列1,6.504,-0.132081063
子图1,系列1,6.507,-0.1367821775
子图1,系列1,6.51,-0.1404077935
子图1,系列1,6.513,-0.1428498172
子图1,系列1,6.516,-0.144011148
子图1,系列1,6.519,-0.1438118432
子图1,系列1,6.522,-0.14219444
子图1,系列1,6.525,-0.1391279606
子图1,系列1,6.528,-0.134610793
子图1,系列1,6.531,-0.1286730956
子图1,系列1,6.534,-0.1213791855
子图1,系列1,6.537,-0.1128295963
子图1,系列1,6.54,-0.103161761
子图1,系列1,6.543,-0.09254822091
子图1,系列1,6.546,-0.08119198547
子图1,系列1,6.549,-0.06931965087
子图1,系列1,6.552,-0.05717343776
子图1,系列1,6.555,-0.04500311382
子图1,系列1,6.558,-0.03305813503
子图1,系列1,6.561,-0.02157982423
子图1,系列1,6.564,-0.01079335375
子图1,系列1,6.567,-0.000899610889
子图1,系列1,6.57,0.007932616651
子图1,系列1,6.573,0.01557347009
子图1,系列1,6.576,0.02193716232
子图1,系列1,6.579,0.02698492039
子图1,系列1,6.582,0.03072552864
子图1,系列1,6.585,0.03321362361
子图1,系列1,6.588,0.03454620839
子图1,系列1,6.591,0.03485788796
子图1,系列1,6.594,0.03431496749
子图1,系列1,6.597,0.03310823195
子图1,系列1,6.6,0.03144434334
子图1,系列1,6.603,0.02953624058
子图1,系列1,6.606,0.02759339229
子图1,系列1,6.609,0.02581285347
子图1,系列1,6.612,0.02437156625
子图1,系列1,6.615,0.02341965211
子图1,系列1,6.618,0.0230743475
子图1,系列1,6.621,0.02341481597
子图1,系列1,6.624,0.02447870383
子图1,系列1,6.627,0.02626137779
子图1,系列1,6.63,0.02871807395
子图1,系列1,6.633,0.03176815008
子图1,系列1,6.636,0.03530015772
子图1,系列1,6.639,0.03917695942
子图1,系列1,6.642,0.04324110508
子图1,系列1,6.645,0.04732125653
子图1,系列1,6.648,0.05124011595
子图1,系列1,6.651,0.05482337471
子图1,系列1,6.654,0.05790846248
子图1,系列1,6.657,0.06035186358
子图1,系列1,6.66,0.06203440637
子图1,系列1,6.663,0.06286473077
子图1,系列1,6.666,0.06278151273
子图1,系列1,6.669,0.06175484187
子图1,系列1,6.672,0.05978681061
子图1,系列1,6.675,0.05691114489
子图1,系列1,6.678,0.05319155032
子图1,系列1,6.681,0.04871846363
子图1,系列1,6.684,0.04360417731
子图1,系列1,6.687,0.03797670518
子图1,系列1,6.69,0.03197317386
子图1,系列1,6.693,0.02573375232
子图1,系列1,6.696,0.01939678309
子图1,系列1,6.699,0.01309495061
子图1,系列1,6.702,0.006951732655
子图1,系列1,6.705,0.001077539231
子图1,系列1,6.708,-0.004434272454
子图1,系列1,6.711,-0.009510489663
子图1,系列1,6.714,-0.01409911164
子图1,系列1,6.717,-0.01816810982
子图1,系列1,6.72,-0.02170272334
子图1,系列1,6.723,-0.02470258586
子图1,系列1,6.726,-0.02717944401
子图1,系列1,6.729,-0.02915520736
子图1,系列1,6.732,-0.03065945656
子图1,系列1,6.735,-0.0317258464
子图1,系列1,6.738,-0.03238772748
子图1,系列1,6.741,-0.03267396778
子图1,系列1,6.744,-0.03260588197
子图1,系列1,6.747,-0.03219552228
子图1,系列1,6.75,-0.03144496208
子图1,系列1,6.753,-0.03034610163
子图1,系列1,6.756,-0.02888085264
子图1,系列1,6.759,-0.02702186999
子图1,系列1,6.762,-0.02473402349
子图1,系列1,6.765,-0.02197660682
子图1,系列1,6.768,-0.01870611072
子图1,系列1,6.771,-0.01487941411
子图1,系列1,6.774,-0.01045736276
子图1,系列1,6.777,-0.005408673259
子图1,系列1,6.78,0.0002861158279
子图1,系列1,6.783,0.006631105518
子图1,系列1,6.786,0.01361231598
子图1,系列1,6.789,0.02119590766
子图1,系列1,6.792,0.0293271622
子图1,系列1,6.795,0.03792994967
子图1,系列1,6.798,0.04690659047
子图1,系列1,6.801,0.05613830279
子图1,系列1,6.804,0.0654865739
子图1,系列1,6.807,0.07479570807
子图1,系列1,6.81,0.08389655619
子图1,系列1,6.813,0.09261116975
子图1,系列1,6.816,0.1007579713
子图1,系列1,6.819,0.1081570457
子图1,系列1,6.822,0.1146353057
子图1,系列1,6.825,0.1200314744
子图1,系列1,6.828,0.1242009525
子图1,系列1,6.831,0.1270206192
子图1,系列1,6.834,0.1283934933
子图1,系列1,6.837,0.1282529954
子图1,系列1,6.84,0.1265664
子图1,系列1,6.843,0.1233370926
子图1,系列1,6.846,0.1186054118
子图1,系列1,6.849,0.1124480735
子图1,系列1,6.852,0.1049763991
子图1,系列1,6.855,0.09633371611
子图1,系列1,6.858,0.08669217295
子图1,系列1,6.861,0.07624890464
子图1,系列1,6.864,0.06522127116
子图1,系列1,6.867,0.05384088883
子图1,系列1,6.87,0.04234647933
子图1,系列1,6.873,0.03097613594
子图1,系列1,6.876,0.01995995954
子图1,系列1,6.879,0.009513698397
子图1,系列1,6.882,-0.0001666607116
子图1,系列1,6.885,-0.008909894795
子图1,系列1,6.888,-0.01657465908
子图1,系列1,6.891,-0.02305454516
子图1,系列1,6.894,-0.02828199477
子图1,系列1,6.897,-0.03222984671
子图1,系列1,6.9,-0.03491023526
子图1,系列1,6.903,-0.03637170698
子图1,系列1,6.906,-0.03669591765
子图1,系列1,6.909,-0.03599476005
子图1,系列1,6.912,-0.03440744142
子图1,系列1,6.915,-0.03209599134
子图1,系列1,6.918,-0.02923814483
子图1,系列1,6.921,-0.02601817393
子图1,系列1,6.924,-0.02261759934
子图1,系列1,6.927,-0.01920782361
子图1,系列1,6.93,-0.01594543042
子图1,系列1,6.933,-0.0129689987
子图1,系列1,6.936,-0.01039542512
子图1,系列1,6.939,-0.008314816138
子图1,系列1,6.942,-0.006785001223
子图1,系列1,6.945,-0.00582795652
子图1,系列1,6.948,-0.005429999547
子图1,系列1,6.951,-0.005545754723
子图1,系列1,6.954,-0.006103961462
子图1,系列1,6.957,-0.007012766907
子图1,系列1,6.96,-0.008163495465
子图1,系列1,6.963,-0.009433790649
子图1,系列1,6.966,-0.01069195813
子图1,系列1,6.969,-0.01180366655
子图1,系列1,6.972,-0.01264052005
子图1,系列1,6.975,-0.01308869645
子图1,系列1,6.978,-0.0130557215
子图1,系列1,6.981,-0.01247449629
子图1,系列1,6.984,-0.01130506353
子图1,系列1,6.987,-0.009535277681
子图1,系列1,6.99,-0.007181282974
子图1,系列1,6.993,-0.004288008256
子图1,系列1,6.996,-0.0009291937059
子图1,系列1,6.999,0.002793960508
子图1,系列1,7.002,0.006756279079
子图1,系列1,7.005,0.01081433601
子图1,系列1,7.008,0.01481377544
子图1,系列1,7.011,0.01859697847
子图1,系列1,7.014,0.02200969557
子图1,系列1,7.017,0.02490596852
子图1,系列1,7.02,0.02715182086
子图1,系列1,7.023,0.02862886697
子图1,系列1,7.026,0.02923867769
子图1,系列1,7.029,0.02890764023
子图1,系列1,7.032,0.02759093528
子图1,系列1,7.035,0.02527409515
子图1,系列1,7.038,0.02197163581
子图1,系列1,7.041,0.01772362988
子图1,系列1,7.044,0.01259172968
子图1,系列1,7.047,0.006655657722
子图1,系列1,7.05,1.006758801e-05
子图1,系列1,7.053,-0.007239063075
子图1,系列1,7.056,-0.01497913496
子图1,系列1,7.059,-0.02309652661
子图1,系列1,7.062,-0.03148223433
子图1,系列1,7.065,-0.04003669662
子图1,系列1,7.068,-0.04867345434
子图1,系列1,7.071,-0.05732176468
子图1,系列1,7.074,-0.06592836225
子图1,系列1,7.077,-0.07445834614
子图1,系列1,7.08,-0.08289501265
子图1,系列1,7.083,-0.0912385629
子图1,系列1,7.086,-0.09950384399
子图1,系列1,7.089,-0.107717353
子图1,系列1,7.092,-0.11591367
子图1,系列1,7.095,-0.1241314618
子图1,系列1,7.098,-0.1324092072
子图1,系列1,7.101,-0.1407808017
子图1,系列1,7.104,-0.1492712143
子图1,系列1,7.107,-0.1578923011
子图1,系列1,7.11,-0.1666388743
子图1,系列1,7.113,-0.1754853845
子图1,系列1,7.116,-0.1843838126
子图1,系列1,7.119,-0.1932631399
子图1,系列1,7.122,-0.2020301877
子图1,系列1,7.125,-0.2105711455
子图1,系列1,7.128,-0.218753107
子图1,系列1,7.131,-0.2264255816
子图1,系列1,7.134,-0.2334227592
子图1,系列1,7.137,-0.2395674415
子图1,系列1,7.14,-0.2446767619
子图1,系列1,7.143,-0.2485687932
子图1,系列1,7.146,-0.2510687064
子图1,系列1,7.149,-0.2520136566
子图1,系列1,7.152,-0.2512566434
子图1,系列1,7.155,-0.248670309
子图1,系列1,7.158,-0.2441514082
子图1,系列1,7.161,-0.2376258016
子图1,系列1,7.164,-0.229053087
子图1,系列1,7.167,-0.2184299359
子图1,系列1,7.17,-0.2057917959
子图1,系列1,7.173,-0.1912132564
子图1,系列1,7.176,-0.1748075816
子图1,系列1,7.179,-0.1567257057
子图1,系列1,7.182,-0.1371546825
子图1,系列1,7.185,-0.1163154407
子图1,系列1,7.188,-0.09445976382
子图1,系列1,7.191,-0.07186646795
子图1,系列1,7.194,-0.04883663837
子图1,系列1,7.197,-0.02568773473
子图1,系列1,7.2,-0.002746608994
子图1,系列1,7.203,0.01965813439
子图1,系列1,7.206,0.04120374894
子图1,系列1,7.209,0.0615803595
子图1,系列1,7.212,0.08049734913
子图1,系列1,7.215,0.09768964019
子图1,系列1,7.218,0.1129243933
子图1,系列1,7.221,0.1260080662
子图1,系列1,7.224,0.1367930801
子图1,系列1,7.227,0.1451830427
子图1,系列1,7.23,0.1511358336
子图1,系列1,7.233,0.1546646384
子图1,系列1,7.236,0.1558375684
子图1,系列1,7.239,0.1547764018
子图1,系列1,7.242,0.1516544588
子图1,系列1,7.245,0.1466931493
子图1,系列1,7.248,0.140156694
子图1,系列1,7.251,0.1323449318
子图1,系列1,7.254,0.1235846178
子图1,系列1,7.257,0.1142197453
子图1,系列1,7.26,0.1046012437
子图1,系列1,7.263,0.09507628466
子图1,系列1,7.266,0.08597751454
子图1,系列1,7.269,0.07761273653
子图1,系列1,7.272,0.07025566327
子图1,系列1,7.275,0.06413810206
子图1,系列1,7.278,0.05944342855
子图1,系列1,7.281,0.05630102358
子图1,系列1,7.284,0.05478175679
子图1,系列1,7.287,0.05489520208
子图1,系列1,7.29,0.05658954597
子图1,系列1,7.293,0.05975479487
子图1,系列1,7.296,0.0642289067
子图1,系列1,7.299,0.06980552541
子图1,系列1,7.302,0.07624197579
子图1,系列1,7.305,0.08326708244
子图1,系列1,7.308,0.09058940364
子图1,系列1,7.311,0.09790688975
子图1,系列1,7.314,0.1049183923
子图1,系列1,7.317,0.1113360633
子图1,系列1,7.32,0.1168966111
子图1,系列1,7.323,0.1213696577
子图1,系列1,7.326,0.1245628239
子图1,系列1,7.329,0.1263246251
子图1,系列1,7.332,0.1265468361
子图1,系列1,7.335,0.1251671554
子图1,系列1,7.338,0.1221712939
子图1,系列1,7.341,0.1175925779
子图1,系列1,7.344,0.1115077612
子图1,系列1,7.347,0.104029481
子图1,系列1,7.35,0.09529738988
子图1,系列1,7.353,0.08547030292
子图1,系列1,7.356,0.07472037543
子图1,系列1,7.359,0.06322840874
子图1,系列1,7.362,0.05117851904
子图1,系列1,7.365,0.03875122767
子图1,系列1,7.368,0.02611575181
子图1,系列1,7.371,0.01342353113
子图1,系列1,7.374,0.0008048475767
子图1,系列1,7.377,-0.01163109699
子图1,系列1,7.38,-0.02379391727
子图1,系列1,7.383,-0.035609427
子图1,系列1,7.386,-0.047017753
子图1,系列1,7.389,-0.05797197647
子图1,系列1,7.392,-0.0684362566
子图1,系列1,7.395,-0.07838250973
子图1,系列1,7.398,-0.08778558862
子图1,系列1,7.401,-0.09661786265
子图1,系列1,7.404,-0.1048445245
子图1,系列1,7.407,-0.1124206858
子图1,系列1,7.41,-0.1192906348
子图1,系列1,7.413,-0.1253888898
子图1,系列1,7.416,-0.1306422178
子图1,系列1,7.419,-0.1349718255
子图1,系列1,7.422,-0.1382954275
子图1,系列1,7.425,-0.1405295315
子图1,系列1,7.428,-0.141592648
子图1,系列1,7.431,-0.1414099303
子图1,系列1,7.434,-0.1399190369
子图1,系列1,7.437,-0.1370762651
子图1,系列1,7.44,-0.132861759
子图1,系列1,7.443,-0.1272829909
子图1,系列1,7.446,-0.12037645
子图1,系列1,7.449,-0.112208038
子图1,系列1,7.452,-0.1028726967
子图1,系列1,7.455,-0.09249340795
子图1,系列1,7.458,-0.0812193238
子图1,系列1,7.461,-0.06922270745
子图1,系列1,7.464,-0.05669454587
子图1,系列1,7.467,-0.04383895084
子图1,系列1,7.47,-0.03086662546
子图1,系列1,7.473,-0.0179877182
子图1,系列1,7.476,-0.005404445493
子图1,系列1,7.479,0.006695991473
子图1,系列1,7.482,0.01814758209
子图1,系列1,7.485,0.02881030952
子图1,系列1,7.488,0.03857346768
子图1,系列1,7.491,0.04735772508
子图1,系列1,7.494,0.0551163195
子图1,系列1,7.497,0.06183561168
子图1,系列1,7.5,0.06753482188
子图1,系列1,7.503,0.072264412
子图1,系列1,7.506,0.0761025586
子图1,系列1,7.509,0.07914954097
子图1,系列1,7.512,0.08152051415
子图1,系列1,7.515,0.08333775513
子图1,系列1,7.518,0.08472362579
子图1,系列1,7.521,0.08579495642
子图1,系列1,7.524,0.08665863081
子图1,系列1,7.527,0.08740747026
子图1,系列1,7.53,0.08811557871
子图1,系列1,7.533,0.08883318773
子图1,系列1,7.536,0.08958213981
子图1,系列1,7.539,0.09035357132
子图1,系列1,7.542,0.09110869203
子图1,系列1,7.545,0.09178225834
子图1,系列1,7.548,0.09228732332
子图1,系列1,7.551,0.09251984269
子图1,系列1,7.554,0.09236267486
子图1,系列1,7.557,0.09168961372
子图1,系列1,7.56,0.09037047274
子图1,系列1,7.563,0.0882777015
子图1,系列1,7.566,0.08529404443
子图1,系列1,7.569,0.08132008873
子图1,系列1,7.572,0.07628063785
子图1,系列1,7.575,0.07012946286
子图1,系列1,7.578,0.06285254463
子图1,系列1,7.581,0.05447012585
子图1,系列1,7.584,0.04503780226
子图1,系列1,7.587,0.03464667602
子图1,系列1,7.59,0.0234224779
子图1,系列1,7.593,0.01152358643
子图1,系列1,7.596,-0.0008621598151
子图1,系列1,7.599,-0.01352207441
子图1,系列1,7.602,-0.02622480613
子图1,系列1,7.605,-0.03872788647
子图1,系列1,7.608,-0.0507860084
子图1,系列1,7.611,-0.06215916399
子图1,系列1,7.614,-0.07261994768
子图1,系列1,7.617,-0.08195994063
子图1,系列1,7.62,-0.08999567958
子图1,系列1,7.623,-0.0965747491
子图1,系列1,7.626,-0.1015819791
子图1,系列1,7.629,-0.1049449994
子图1,系列1,7.632,-0.1066380487
子图1,系列1,7.635,-0.1066832837
子图1,系列1,7.638,-0.105149678
子图1,系列1,7.641,-0.1021503062
子图1,系列1,7.644,-0.09783888814
子图1,系列1,7.647,-0.09240592854
子图1,系列1,7.65,-0.08607412217
子图1,系列1,7.653,-0.07909241634
子图1,系列1,7.656,-0.07172842523
子图1,系列1,7.659,-0.0642594909
子图1,系列1,7.662,-0.05696315348
子图1,系列1,7.665,-0.05010785467
子图1,系列1,7.668,-0.04394442082
子图1,系列1,7.671,-0.03869851422
子图1,系列1,7.674,-0.03456399224
子图1,系列1,7.677,-0.03169705552
子图1,系列1,7.68,-0.03021119754
子图1,系列1,7.683,-0.03017318496
子图1,系列1,7.686,-0.0316004812
子图1,系列1,7.689,-0.0344605755
子图1,系列1,7.692,-0.03867245629
子图1,系列1,7.695,-0.04411
子图1,系列1,7.698,-0.05060669607
子图1,系列1,7.701,-0.05796118159
子图1,系列1,7.704,-0.06594343161
子图1,系列1,7.707,-0.07430184666
子图1,系列1,7.71,-0.08277151334
子图1,系列1,7.713,-0.09108340659
子图1,系列1,7.716,-0.09897366346
子图1,系列1,7.719,-0.106191948
子图1,系列1,7.722,-0.1125084636
子图1,系列1,7.725,-0.1177199007
子图1,系列1,7.728,-0.121654955
子图1,系列1,7.731,-0.1241796474
子图1,系列1,7.734,-0.1252018172
子图1,系列1,7.737,-0.12467369
子图1,系列1,7.74,-0.1225918623
子图1,系列1,7.743,-0.1189950129
子图1,系列1,7.746,-0.1139604066
子图1,系列1,7.749,-0.1076002362
子图1,系列1,7.752,-0.1000580165
子图1,系列1,7.755,-0.09150432194
子图1,系列1,7.758,-0.08213105432
子图1,系列1,7.761,-0.07214419118
子图1,系列1,7.764,-0.06175586216
子图1,系列1,7.767,-0.05117700117
子图1,系列1,7.77,-0.04061140106
子图1,系列1,7.773,-0.03025098476
子图1,系列1,7.776,-0.02027143719
子图1,系列1,7.779,-0.01082768063
子图1,系列1,7.782,-0.002049546712
子图1,系列1,7.785,0.005961410966
子图1,系列1,7.788,0.0131331144
子图1,系列1,7.791,0.01942217689
子图1,系列1,7.794,0.02481217268
子图1,系列1,7.797,0.02931210668
子图1,系列1,7.8,0.03295525797
子图1,系列1,7.803,0.03579752594
子图1,系列1,7.806,0.03791415382
子图1,系列1,7.809,0.03939446127
子图1,系列1,7.812,0.040335584
子图1,系列1,7.815,0.0408370299
子图1,系列1,7.818,0.04099717929
子图1,系列1,7.821,0.04091126042
子图1,系列1,7.824,0.04066923756
子图1,系列1,7.827,0.04035227546
子图1,系列1,7.83,0.04002784343
子图1,系列1,7.833,0.03974505284
子图1,系列1,7.836,0.03953212967
子图1,系列1,7.839,0.03939668391
子图1,系列1,7.842,0.03932776522
子图1,系列1,7.845,0.03929793055
子图1,系列1,7.848,0.03926415903
子图1,系列1,7.851,0.03916789234
子图1,系列1,7.854,0.03893559411
子图1,系列1,7.857,0.038481114
子图1,系列1,7.86,0.03771002323
子图1,系列1,7.863,0.03652497129
子图1,系列1,7.866,0.03483077348
子图1,系列1,7.869,0.0325384498
子图1,系列1,7.872,0.02956832776
子图1,系列1,7.875,0.02585288673
子图1,系列1,7.878,0.02133986687
子图1,系列1,7.881,0.01599560207
子图1,系列1,7.884,0.009808098895
子图1,系列1,7.887,0.002789294523
子图1,系列1,7.89,-0.00502383114
子图1,系列1,7.893,-0.01356923124
子图1,系列1,7.896,-0.02276064074
子图1,系列1,7.899,-0.03248925103
子图1,系列1,7.902,-0.04262632846
子图1,系列1,7.905,-0.05302683728
子图1,系列1,7.908,-0.06353389848
子图1,系列1,7.911,-0.07398365487
子图1,系列1,7.914,-0.08421008817
子图1,系列1,7.917,-0.09404970428
子图1,系列1,7.92,-0.103346429
子图1,系列1,7.923,-0.1119570558
子图1,系列1,7.926,-0.1197570929
子图1,系列1,7.929,-0.1266462091
子图1,系列1,7.932,-0.1325522446
子图1,系列1,7.935,-0.1374332659
子图1,系列1,7.938,-0.1412780259
子图1,系列1,7.941,-0.1441056872
子图1,系列1,7.944,-0.14596537
子图1,系列1,7.947,-0.1469352616
子图1,系列1,7.95,-0.1471203929
子图1,系列1,7.953,-0.146648439
子图1,系列1,7.956,-0.1456638213
子图1,系列1,7.959,-0.1443211157
子图1,系列1,7.962,-0.142778702
子图1,系列1,7.965,-0.1411928986
子图1,系列1,7.968,-0.1397121324
子图1,系列1,7.971,-0.1384707173
子图1,系列1,7.974,-0.1375825555
子图1,系列1,7.977,-0.1371357417
子图1,系列1,7.98,-0.1371889342
子图1,系列1,7.983,-0.1377696025
子图1,系列1,7.986,-0.1388735343
子图1,系列1,7.989,-0.1404649144
子图1,系列1,7.992,-0.1424769307
子图1,系列1,7.995,-0.1448135531
子图1,系列1,7.998,-0.1473531776
子图1,系列1,8.001,-0.1499541737
子图1,系列1,8.004,-0.1524615988
子图1,系列1,8.007,-0.1547140716
子图1,系列1,8.01,-0.1565501762
子图1,系列1,8.013,-0.1578143652
子图1,系列1,8.016,-0.1583626175
子图1,系列1,8.019,-0.1580679663
子图1,系列1,8.022,-0.15682568
子图1,系列1,8.025,-0.1545576775
子图1,系列1,8.028,-0.151215822
子图1,系列1,8.031,-0.1467838986
子图1,系列1,8.034,-0.1412781451
子图1,系列1,8.037,-0.1347462513
子图1,系列1,8.04,-0.1272648906
子图1,系列1,8.043,-0.1189360939
子图1,系列1,8.046,-0.1098829548
子图1,系列1,8.049,-0.1002450775
子图1,系列1,8.052,-0.09017387345
子图1,系列1,8.055,-0.0798275492
子图1,系列1,8.058,-0.06936564258
子图1,系列1,8.061,-0.05894322882
子图1,系列1,8.064,-0.04870523491
子图1,系列1,8.067,-0.03878139918
子图1,系列1,8.07,-0.02928223939
子图1,系列1,8.073,-0.02029616747
子图1,系列1,8.076,-0.0118877753
子图1,系列1,8.079,-0.004097223184
子图1,系列1,8.082,0.003059471139
子图1,系列1,8.085,0.009589557176
子图1,系列1,8.088,0.01552239891
子图1,系列1,8.091,0.02090810503
子图1,系列1,8.094,0.02581555514
子图1,系列1,8.097,0.0303292173
子图1,系列1,8.1,0.03454454439
子图1,系列1,8.103,0.03856252556
子图1,系列1,8.106,0.0424845593
子图1,系列1,8.109,0.04640871098
子图1,系列1,8.112,0.05042752843
子图1,系列1,8.115,0.05462647291
子图1,系列1,8.118,0.05908162151
子图1,系列1,8.121,0.06385602621
子图1,系列1,8.124,0.06899541574
子图1,系列1,8.127,0.07452480669
子图1,系列1,8.13,0.08044736091
子图1,系列1,8.133,0.08674555629
子图1,系列1,8.136,0.09338335012
子图1,系列1,8.139,0.1003076385
子图1,系列1,8.142,0.1074482476
子图1,系列1,8.145,0.1147171591
子图1,系列1,8.148,0.1220085557
子图1,系列1,8.151,0.1292009348
子图1,系列1,8.154,0.1361612211
子图1,系列1,8.157,0.1427495305
子图1,系列1,8.16,0.1488230372
子图1,系列1,8.163,0.1542383705
子图1,系列1,8.166,0.1588532625
子图1,系列1,8.169,0.1625287939
子图1,系列1,8.172,0.1651331261
子图1,系列1,8.175,0.1665464181
子图1,系列1,8.178,0.1666656422
子图1,系列1,8.181,0.1654080484
子图1,系列1,8.184,0.1627129944
子图1,系列1,8.187,0.158542916
子图1,系列1,8.19,0.1528845735
子图1,系列1,8.193,0.1457511498
子图1,系列1,8.196,0.1371846682
子图1,系列1,8.199,0.1272574418
子图1,系列1,8.202,0.1160715312
子图1,系列1,8.205,0.103756245
子图1,系列1,8.208,0.09046472576
子图1,系列1,8.211,0.07637089504
子图1,系列1,8.214,0.06166729424
子图1,系列1,8.217,0.04656316397
子图1,系列1,8.22,0.03128146411
子图1,系列1,8.223,0.01605401484
子图1,系列1,8.226,0.001115136155
子图1,系列1,8.229,-0.01330484255
子图1,系列1,8.232,-0.02698480089
子图1,系列1,8.235,-0.03971636903
子图1,系列1,8.238,-0.05130659618
子图1,系列1,8.241,-0.0615809616
子图1,系列1,8.244,-0.07038728911
子图1,系列1,8.247,-0.07759999088
子图1,系列1,8.25,-0.08312337609
子图1,系列1,8.253,-0.08689309768
子图1,系列1,8.256,-0.08887585696
子图1,系列1,8.259,-0.08906829144
子图1,系列1,8.262,-0.08749592514
子图1,系列1,8.265,-0.08421233121
子图1,系列1,8.268,-0.07929790733
子图1,系列1,8.271,-0.07285757217
子图1,系列1,8.274,-0.06501733826
子图1,系列1,8.277,-0.05592042587
子图1,系列1,8.28,-0.04572367487
子图1,系列1,8.283,-0.03459448855
子图1,系列1,8.286,-0.02270790511
子图1,系列1,8.289,-0.01024320426
子图1,系列1,8.292,0.002620067609
子图1,系列1,8.295,0.01570607694
子图1,系列1,8.298,0.02884589949
子图1,系列1,8.301,0.04187959598
子图1,系列1,8.304,0.05465751669
子图1,系列1,8.307,0.06704155657
子图1,系列1,8.31,0.07890683375
子图1,系列1,8.313,0.09014361301
子图1,系列1,8.316,0.1006588553
子图1,系列1,8.319,0.1103768994
子图1,系列1,8.322,0.1192392581
子图1,系列1,8.325,0.1272039183
子图1,系列1,8.328,0.1342445799
子图1,系列1,8.331,0.1403499835
子图1,系列1,8.334,0.1455231834
子图1,系列1,8.337,0.1497806306
子图1,系列1,8.34,0.1531510989
子图1,系列1,8.343,0.1556745262
子图1,系列1,8.346,0.1574007034
子图1,系列1,8.349,0.1583875774
子图1,系列1,8.352,0.1586989838
子图1,系列1,8.355,0.1584019833
子图1,系列1,8.358,0.1575643935
子图1,系列1,8.361,0.1562531043
子图1,系列1,8.364,0.1545332416
子图1,系列1,8.367,0.152467602
子图1,系列1,8.37,0.1501155424
子图1,系列1,8.373,0.1475309576
子图1,系列1,8.376,0.1447598439
子图1,系列1,8.379,0.1418385186
子图1,系列1,8.382,0.1387933265
子图1,系列1,8.385,0.1356417994
子图1,系列1,8.388,0.1323943718
子图1,系列1,8.391,0.129055599
子图1,系列1,8.394,0.125624521
子图1,系列1,8.397,0.1220947486
子图1,系列1,8.4,0.118455204
子图1,系列1,8.403,0.1146920414
子图1,系列1,8.406,0.1107914425
子图1,系列1,8.409,0.106742403
子图1,系列1,8.412,0.1025387911
子图1,系列1,8.415,0.09818067447
子图1,系列1,8.418,0.09367536962
子图1,系列1,8.421,0.08903853956
子图1,系列1,8.424,0.08429519781
子图1,系列1,8.427,0.07948013329
子图1,系列1,8.43,0.07463740861
子图1,系列1,8.433,0.06981913947
子图1,系列1,8.436,0.06508411971
子图1,系列1,8.439,0.06049657835
子图1,系列1,8.442,0.05612475198
子图1,系列1,8.445,0.05203864198
子图1,系列1,8.448,0.04830662811
子图1,系列1,8.451,0.04499134585
子图1,系列1,8.454,0.04214579264
子图1,系列1,8.457,0.03981049219
子图1,系列1,8.46,0.03801181199
子图1,系列1,8.463,0.03676081484
子图1,系列1,8.466,0.03605191888
子图1,系列1,8.469,0.03586118269
子图1,系列1,8.472,0.03614471695
子图1,系列1,8.475,0.03683804069
子图1,系列1,8.478,0.03785700709
子图1,系列1,8.481,0.03910035689
子图1,系列1,8.484,0.040453385
子图1,系列1,8.487,0.04179200133
子图1,系列1,8.49,0.04298662912
子图1,系列1,8.493,0.04390572431
子图1,系列1,8.496,0.04441915682
子图1,系列1,8.499,0.04440204306
子图1,系列1,8.502,0.04373946718
子图1,系列1,8.505,0.04233190388
子图1,系列1,8.508,0.04010048382
子图1,系列1,8.511,0.03699092817
子图1,系列1,8.514,0.03297536672
子图1,系列1,8.517,0.02805230969
子图1,系列1,8.52,0.02224594799
子图1,系列1,8.523,0.01560585863
子图1,系列1,8.526,0.008207192986
子图1,系列1,8.529,0.0001503213913
子图1,系列1,8.532,-0.008441487885
子图1,系列1,8.535,-0.01742700069
子图1,系列1,8.538,-0.02665368484
子图1,系列1,8.541,-0.03596427701
子图1,系列1,8.544,-0.04520183769
子图1,系列1,8.547,-0.05421322252
子图1,系列1,8.55,-0.0628521251
子图1,系列1,8.553,-0.07098313692
子图1,系列1,8.556,-0.07848727225
子图1,系列1,8.559,-0.08526780133
子图1,系列1,8.562,-0.09125446584
子图1,系列1,8.565,-0.09640480311
子图1,系列1,8.568,-0.1007027203
子图1,系列1,8.571,-0.1041557627
子图1,系列1,8.574,-0.1067929195
子图1,系列1,8.577,-0.1086637437
子图1,系列1,8.58,-0.1098377989
子图1,系列1,8.583,-0.1104025806
子图1,系列1,8.586,-0.1104586516
子图1,系列1,8.589,-0.1101122665
子图1,系列1,8.592,-0.1094674908
子图1,系列1,8.595,-0.1086204334
子图1,系列1,8.598,-0.1076567397
子图1,系列1,8.601,-0.1066511124
子图1,系列1,8.604,-0.105666383
子图1,系列1,8.607,-0.104750282
子图1,系列1,8.61,-0.1039302092
子图1,系列1,8.613,-0.1032087525
子图1,系列1,8.616,-0.1025631926
子图1,系列1,8.619,-0.1019498739
子图1,系列1,8.622,-0.1013111847
子图1,系列1,8.625,-0.1005814951
子图1,系列1,8.628,-0.09968957385
子图1,系列1,8.631,-0.09855815927
子图1,系列1,8.634,-0.09710424206
子图1,系列1,8.637,-0.09524343101
子图1,系列1,8.64,-0.09289849926
子图1,系列1,8.643,-0.09000883738
子图1,系列1,8.646,-0.08653660406
子图1,系列1,8.649,-0.08246744973
子图1,系列1,8.652,-0.07780749584
子图1,系列1,8.655,-0.07258072759
子图1,系列1,8.658,-0.06682975489
子图1,系列1,8.661,-0.06061926322
子图1,系列1,8.664,-0.05403866549
子图1,系列1,8.667,-0.04720046267
子图1,系列1,8.67,-0.04023356521
子图1,系列1,8.673,-0.03327431666
子图1,系列1,8.676,-0.02645920891
子图1,系列1,8.679,-0.01992122007
子图1,系列1,8.682,-0.01378844798
子图1,系列1,8.685,-0.008181989492
子图1,系列1,8.688,-0.003210911912
子图1,系列1,8.691,0.001035116582
子图1,系列1,8.694,0.004492646888
子图1,系列1,8.697,0.007127927571
子图1,系列1,8.7,0.008936536232
子图1,系列1,8.703,0.009940994823
子图1,系列1,8.706,0.01018880523
子图1,系列1,8.709,0.009752003007
子图1,系列1,8.712,0.008727271486
子图1,系列1,8.715,0.007234622377
子图1,系列1,8.718,0.005413402425
子图1,系列1,8.721,0.003416110558
子图1,系列1,8.724,0.001401729016
子图1,系列1,8.727,-0.0004698386327
子图1,系列1,8.73,-0.002041745847
子图1,系列1,8.733,-0.003163225214
子图1,系列1,8.736,-0.00369259269
子图1,系列1,8.739,-0.003500674779
子图1,系列1,8.742,-0.002474339526
子图1,系列1,8.745,-0.0005193991954
子图1,系列1,8.748,0.002437720623
子图1,系列1,8.751,0.00644974989
子图1,系列1,8.754,0.01154959229
子图1,系列1,8.757,0.01775210897
子图1,系列1,8.76,0.02505608694
子图1,系列1,8.763,0.0334459897
子图1,系列1,8.766,0.04289343251
子图1,系列1,8.769,0.05335865899
子图1,系列1,8.772,0.06479242822
子图1,系列1,8.775,0.0771384292
子图1,系列1,8.778,0.09033572141
子图1,系列1,8.781,0.1043203492
子图1,系列1,8.784,0.1190255977
子图1,系列1,8.787,0.1343810725
子图1,系列1,8.79,0.1503113954
子图1,系列1,8.793,0.1667354414
子图1,系列1,8.796,0.1835664465
子图1,系列1,8.799,0.2007123305
子图1,系列1,8.802,0.218075198
子图1,系列1,8.805,0.2355495518
子图1,系列1,8.808,0.2530197047
子图1,系列1,8.811,0.2703576797
子图1,系列1,8.814,0.2874231158
子图1,系列1,8.817,0.3040657616
子图1,系列1,8.82,0.3201295212
子图1,系列1,8.823,0.3354561779
子图1,系列1,8.826,0.3498873756
子图1,系列1,8.829,0.3632648273
子图1,系列1,8.832,0.3754304793
子图1,系列1,8.835,0.3862291605
子图1,系列1,8.838,0.3955147854
子图1,系列1,8.841,0.4031584802
子图1,系列1,8.844,0.4090553332
子图1,系列1,8.847,0.4131269507
子图1,系列1,8.85,0.415319529
子图1,系列1,8.853,0.4156003014
子图1,系列1,8.856,0.4139562703
子图1,系列1,8.859,0.4103968171
子图1,系列1,8.862,0.4049581177
子图1,系列1,8.865,0.3977052546
子图1,系列1,8.868,0.3887289365
子图1,系列1,8.871,0.3781372728
子图1,系列1,8.874,0.366046537
子图1,系列1,8.877,0.3525752774
子图1,系列1,8.88,0.3378432058
子图1,系列1,8.883,0.3219726575
子图1,系列1,8.886,0.3050888428
子图1,系列1,8.889,0.2873165734
子图1,系列1,8.892,0.2687744034
子图1,系列1,8.895,0.2495694888
子图1,系列1,8.898,0.2297961258
子图1,系列1,8.901,0.2095384869
子图1,系列1,8.904,0.1888756376
子图1,系列1,8.907,0.1678862262
子图1,系列1,8.91,0.1466514302
子图1,系列1,8.913,0.1252564453
子图1,系列1,8.916,0.1037916661
子图1,系列1,8.919,0.08235446826
子图1,系列1,8.922,0.06105168083
子图1,系列1,8.925,0.04000219992
子图1,系列1,8.928,0.01933911336
子图1,系列1,8.931,-0.0007892377343
子图1,系列1,8.934,-0.02022005404
子图1,系列1,8.937,-0.03877947451
子图1,系列1,8.94,-0.05628855236
子图1,系列1,8.943,-0.07257076787
子图1,系列1,8.946,-0.0874594239
子图1,系列1,8.949,-0.1008036453
子图1,系列1,8.952,-0.1124732161
子图1,系列1,8.955,-0.1223639171
子图1,系列1,8.958,-0.1304047513
子图1,系列1,8.961,-0.1365666476
子图1,系列1,8.964,-0.1408705074
子图1,系列1,8.967,-0.1433920427
子图1,系列1,8.97,-0.1442622409
子图1,系列1,8.973,-0.143664636
子图1,系列1,8.976,-0.1418316429
子图1,系列1,8.979,-0.1390409531
子图1,系列1,8.982,-0.1356109825
子图1,系列1,8.985,-0.1318934917
子图1,系列1,8.988,-0.128262314
子图1,系列1,8.991,-0.1250992301
子图1,系列1,8.994,-0.1227797614
子图1,系列1,8.997,-0.1216609967
子图1,系列1,9,-0.1220711162
子图1,系列1,9.003,-0.1242987013
子图1,系列1,9.006,-0.1285804548
子图1,系列1,9.009,-0.135088077
子图1,系列1,9.012,-0.1439173836
子图1,系列1,9.015,-0.1550831094
子图1,系列1,9.018,-0.1685201741
子图1,系列1,9.021,-0.1840888064
子图1,系列1,9.024,-0.2015798375
子图1,系列1,9.027,-0.2207182497
子图1,系列1,9.03,-0.2411663865
子图1,系列1,9.033,-0.2625305898
子图1,系列1,9.036,-0.2843740516
子图1,系列1,9.039,-0.3062348555
子图1,系列1,9.042,-0.3276449223
子图1,系列1,9.045,-0.3481454299
子图1,系列1,9.048,-0.3672971734
子图1,系列1,9.051,-0.384687958
子图1,系列1,9.054,-0.3999404016
子图1,系列1,9.057,-0.4127214572
子图1,系列1,9.06,-0.422751801
子图1,系列1,9.063,-0.4298118838
子图1,系列1,9.066,-0.4337429186
子图1,系列1,9.069,-0.4344439359
子图1,系列1,9.072,-0.4318675495
子图1,系列1,9.075,-0.4260158853
子图1,系列1,9.078,-0.4169358796
子图1,系列1,9.081,-0.4047123966
子图1,系列1,9.084,-0.3894590736
子图1,系列1,9.087,-0.3713090971
子图1,系列1,9.09,-0.3504088817
子图1,系列1,9.093,-0.3269156842
子图1,系列1,9.096,-0.3009972599
子图1,系列1,9.099,-0.2728306496
子图1,系列1,9.102,-0.2425989828
子图1,系列1,9.105,-0.210488118
子图1,系列1,9.108,-0.176686434
子图1,系列1,9.111,-0.1413895973
子图1,系列1,9.114,-0.1048087768
子图1,系列1,9.117,-0.06717849787
子图1,系列1,9.12,-0.02876097875
子图1,系列1,9.123,0.01015354128
子图1,系列1,9.126,0.04924857289
子图1,系列1,9.129,0.08818299333
子图1,系列1,9.132,0.12659203
子图1,系列1,9.135,0.164089279
子图1,系列1,9.138,0.200271986
子图1,系列1,9.141,0.2347305289
子图1,系列1,9.144,0.2670612093
子图1,系列1,9.147,0.2968804448
子图1,系列1,9.15,0.3238387592
子图1,系列1,9.153,0.3476340761
子图1,系列1,9.156,0.3680245939
子图1,系列1,9.159,0.3848412394
子图1,系列1,9.162,0.3979987938
子图1,系列1,9.165,0.407504133
子图1,系列1,9.168,0.413460147
子图1,系列1,9.171,0.4160647488
子图1,系列1,9.174,0.4156054027
子图1,系列1,9.177,0.4124500032
子图1,系列1,9.18,0.4070345559
子图1,系列1,9.183,0.3998475088
子图1,系列1,9.186,0.3914103583
子图1,系列1,9.189,0.3822546122
子图1,系列1,9.192,0.3728962277
子图1,系列1,9.195,0.3638095466
子图1,系列1,9.198,0.3554027838
子图1,系列1,9.201,0.347996463
子图1,系列1,9.204,0.3418054809
子图1,系列1,9.207,0.3369251033
子图1,系列1,9.21,0.3333213757
子图1,系列1,9.213,0.330826935
子图1,系列1,9.216,0.3291432173
子图1,系列1,9.219,0.327849293
子图1,系列1,9.222,0.326416816
子图1,系列1,9.225,0.3242303406
子图1,系列1,9.228,0.3206124194
子图1,系列1,9.231,0.3148531672
子图1,系列1,9.234,0.3062437087
子图1,系列1,9.237,0.2941117217
子图1,系列1,9.24,0.2778561246
子图1,系列1,9.243,0.2569781287
子图1,系列1,9.246,0.2311073341
子图1,系列1,9.249,0.2000232302
子图1,系列1,9.252,0.1636730736
子图1,系列1,9.255,0.1221858755
子图1,系列1,9.258,0.07588009823
子图1,系列1,9.261,0.02526186811
子图1,系列1,9.264,-0.02898785314
子图1,系列1,9.267,-0.08603563964
子图1,系列1,9.27,-0.144923708
子图1,系列1,9.273,-0.2046002285
子图1,系列1,9.276,-0.2639509043
子图1,系列1,9.279,-0.3218332713
子图1,系列1,9.282,-0.3771151275
子图1,系列1,9.285,-0.4287160341
子图1,系列1,9.288,-0.4756479423
子图1,系列1,9.291,-0.5170502179
子图1,系列1,9.294,-0.5522165162
子图1,系列1,9.297,-0.5806141064
子图1,系列1,9.3,-0.6018976936
子图1,系列1,9.303,-0.6159187245
子图1,系列1,9.306,-0.6227288901
子图1,系列1,9.309,-0.6225752911
子图1,系列1,9.312,-0.6158859461
子图1,系列1,9.315,-0.6032469718
子图1,系列1,9.318,-0.5853745013
子图1,系列1,9.321,-0.5630841266
子图1,系列1,9.324,-0.5372590948
子图1,系列1,9.327,-0.5088172438
子图1,系列1,9.33,-0.478676876
子图1,系列1,9.333,-0.4477229693
子图1,系列1,9.336,-0.4167758388
子图1,系列1,9.339,-0.3865639803
子图1,系列1,9.342,-0.357701989
子图1,系列1,9.345,-0.3306739976
子图1,系列1,9.348,-0.3058233301
子图1,系列1,9.351,-0.2833492804
子图1,系列1,9.354,-0.2633111042
子图1,系列1,9.357,-0.2456377788
子图1,系列1,9.36,-0.2301413425
子图1,系列1,9.363,-0.2165324711
子图1,系列1,9.366,-0.20443868
子图1,系列1,9.369,-0.1934265383
子图1,系列1,9.372,-0.1830282369
子图1,系列1,9.375,-0.1727702791
子图1,系列1,9.378,-0.1622001813
子图1,系列1,9.381,-0.1509077699
子图1,系列1,9.384,-0.1385404853
子图1,系列1,9.387,-0.1248147524
子图1,系列1,9.39,-0.1095258984
子图1,系列1,9.393,-0.09255720768
子图1,系列1,9.396,-0.07388616496
子图1,系列1,9.399,-0.05358487046
子图1,系列1,9.402,-0.03181301474
子图1,系列1,9.405,-0.008804499659
子图1,系列1,9.408,0.01514933162
子图1,系列1,9.411,0.03971681764
子图1,系列1,9.414,0.06454175618
子图1,系列1,9.417,0.0892579842
子图1,系列1,9.42,0.1135040925
子图1,系列1,9.423,0.1369393396
子图1,系列1,9.426,0.1592604523
子图1,系列1,9.429,0.180217446
子图1,系列1,9.432,0.1996257838
子图1,系列1,9.435,0.2173727779
子图1,系列1,9.438,0.2334179295
子图1,系列1,9.441,0.2477888349
子图1,系列1,9.444,0.2605750939
子图1,系列1,9.447,0.2719217182
子图1,系列1,9.45,0.2820217046
子图1,系列1,9.453,0.2911063494
子图1,系列1,9.456,0.2994322026
子图1,系列1,9.459,0.3072647192
子图1,系列1,9.462,0.3148600289
子图1,系列1,9.465,0.3224469699
子图1,系列1,9.468,0.3302111559
子图1,系列1,9.471,0.3382822082
子图1,系列1,9.474,0.3467248957
子图1,系列1,9.477,0.3555340212
子图1,系列1,9.48,0.3646316633
子图1,系列1,9.483,0.3738651647
子图1,系列1,9.486,0.3830053923
子图1,系列1,9.489,0.3917466926
子图1,系列1,9.492,0.3997116554
子图1,系列1,9.495,0.4064633641
子图1,系列1,9.498,0.4115245055
子图1,系列1,9.501,0.4143991117
子图1,系列1,9.504,0.4145919879
子图1,系列1,9.507,0.4116235342
子图1,系列1,9.51,0.4050418635
子图1,系列1,9.513,0.3944367838
子图1,系列1,9.516,0.3794587991
子图1,系列1,9.519,0.3598416656
子图1,系列1,9.522,0.3354232546
子图1,系列1,9.525,0.3061594744
子图1,系列1,9.528,0.2721294365
子图1,系列1,9.531,0.2335343298
子图1,系列1,9.534,0.1906944422
子图1,系列1,9.537,0.144047016
子图1,系列1,9.54,0.09414392083
子图1,系列1,9.543,0.04164573199
子图1,系列1,9.546,-0.01269070901
子图1,系列1,9.549,-0.0680315674
子图1,系列1,9.552,-0.1234897029
子图1,系列1,9.555,-0.1781494297
子图1,系列1,9.558,-0.2310902748
子图1,系列1,9.561,-0.2814096718
子图1,系列1,9.564,-0.3282455908
子图1,系列1,9.567,-0.3707996691
子图1,系列1,9.57,-0.4083601094
子图1,系列1,9.573,-0.4403226488
子图1,系列1,9.576,-0.466208012
子图1,系列1,9.579,-0.4856751078
子图1,系列1,9.582,-0.4985299666
子图1,系列1,9.585,-0.5047305033
子图1,系列1,9.588,-0.5043867887
子图1,系列1,9.591,-0.4977563081
子图1,系列1,9.594,-0.4852342253
子图1,系列1,9.597,-0.4673394799
子图1,系列1,9.6,-0.4446978433
子图1,系列1,9.603,-0.4180226755
子图1,系列1,9.606,-0.3880934264
子图1,系列1,9.609,-0.3557316531
子图1,系列1,9.612,-0.3217750452
子图1,系列1,9.615,-0.287051167
子图1,系列1,9.618,-0.252353046
子图1,系列1,9.621,-0.2184179809
子图1,系列1,9.624,-0.1859097001
子图1,系列1,9.627,-0.1554031898
子图1,系列1,9.63,-0.1273718287
子图1,系列1,9.633,-0.102177671
子图1,系列1,9.636,-0.08006645355
子图1,系列1,9.639,-0.06116822145
子图1,系列1,9.642,-0.0455030616
子图1,系列1,9.645,-0.0329904319
子图1,系列1,9.648,-0.02346061561
子图1,系列1,9.651,-0.01666785217
子图1,系列1,9.654,-0.01230564925
子图1,系列1,9.657,-0.01002447231
子图1,系列1,9.66,-0.009450760436
子图1,系列1,9.663,-0.01020539929
子图1,系列1,9.666,-0.0119200707
子图1,系列1,9.669,-0.01425102619
子图1,系列1,9.672,-0.01689092373
子图1,系列1,9.675,-0.01957931988
子图1,系列1,9.678,-0.02211117771
子图1,系列1,9.681,-0.02434177387
子图1,系列1,9.684,-0.02618682733
子图1,系列1,9.687,-0.02761823604
子图1,系列1,9.69,-0.02865730461
子图1,系列1,9.693,-0.02936750152
子图1,系列1,9.696,-0.02984731416
子图1,系列1,9.699,-0.03022202128
子图1,系列1,9.702,-0.0306328776
子图1,系列1,9.705,-0.03122367161
子图1,系列1,9.708,-0.03212671122
子图1,系列1,9.711,-0.03345118117
子图1,系列1,9.714,-0.03527555152
子图1,系列1,9.717,-0.03764341298
子图1,系列1,9.72,-0.04056075159
子图1,系列1,9.723,-0.04399315999
子图1,系列1,9.726,-0.04786332288
子图1,系列1,9.729,-0.05205068963
子图1,系列1,9.732,-0.05639492888
子图1,系列1,9.735,-0.06070291598
子图1,系列1,9.738,-0.06475764047
子图1,系列1,9.741,-0.06832748938
子图1,系列1,9.744,-0.07117534186
子图1,系列1,9.747,-0.0730678802
子图1,系列1,9.75,-0.07378542697
子图1,系列1,9.753,-0.07313144125
子图1,系列1,9.756,-0.07094024058
子图1,系列1,9.759,-0.06708256469
子图1,系列1,9.762,-0.06147000951
子图1,系列1,9.765,-0.05405962027
子图1,系列1,9.768,-0.04485872235
子图1,系列1,9.771,-0.03392817813
子图1,系列1,9.774,-0.0213815276
子图1,系列1,9.777,-0.007379200312
子图1,系列1,9.78,0.007880107625
子图1,系列1,9.783,0.02416740932
子图1,系列1,9.786,0.04122860129
子图1,系列1,9.789,0.05878765013
子图1,系列1,9.792,0.07655083919
子图1,系列1,9.795,0.09421468208
子图1,系列1,9.798,0.1114773272
子图1,系列1,9.801,0.1280505514
子图1,系列1,9.804,0.1436689464
子图1,系列1,9.807,0.1580947966
子图1,系列1,9.81,0.1711197496
子图1,系列1,9.813,0.1825656728
子图1,系列1,9.816,0.1922864336
子图1,系列1,9.819,0.2001706754
子图1,系列1,9.822,0.2061443626
子图1,系列1,9.825,0.2101716607
子图1,系列1,9.828,0.2122534315
子图1,系列1,9.831,0.2124234644
子图1,系列1,9.834,0.2107430567
子图1,系列1,9.837,0.2072947947
子图1,系列1,9.84,0.2021765275
子图1,系列1,9.843,0.1954963911
子图1,系列1,9.846,0.1873692124
子图1,系列1,9.849,0.177913894
子图1,系列1,9.852,0.1672508207
子图1,系列1,9.855,0.1554983929
子图1,系列1,9.858,0.1427685607
子图1,系列1,9.861,0.1291622874
子图1,系列1,9.864,0.114766456
子图1,系列1,9.867,0.09965337829
子图1,系列1,9.87,0.08388299518
子图1,系列1,9.873,0.06750677211
子图1,系列1,9.876,0.0505717338
子图1,系列1,9.879,0.0331233182
子图1,系列1,9.882,0.01520675369
子图1,系列1,9.885,-0.003132158863
子图1,系列1,9.888,-0.02184548925
子图1,系列1,9.891,-0.04087983975
子图1,系列1,9.894,-0.0601711791
子图1,系列1,9.897,-0.07963908735
子图1,系列1,9.9,-0.09918246962
子图1,系列1,9.903,-0.1186783228
子图1,系列1,9.906,-0.1379837046
子图1,系列1,9.909,-0.1569395907
子图1,系列1,9.912,-0.1753745145
子图1,系列1,9.915,-0.1931064108
子图1,系列1,9.918,-0.2099429596
子图1,系列1,9.921,-0.2256824982
子图1,系列1,9.924,-0.2401177903
子图1,系列1,9.927,-0.2530434879
子图1,系列1,9.93,-0.2642659258
子图1,系列1,9.933,-0.2736123688
子图1,系列1,9.936,-0.2809372953
子图1,系列1,9.939,-0.2861255117
子图1,系列1,9.942,-0.2890939857
子图1,系列1,9.945,-0.2897946685
子图1,系列1,9.948,-0.2882190945
子图1,系列1,9.951,-0.2844034027
子图1,系列1,9.954,-0.2784313241
子图1,系列1,9.957,-0.2704334386
子图1,系列1,9.96,-0.2605828735
子图1,系列1,9.963,-0.2490890666
子图1,系列1,9.966,-0.2361912497
子图1,系列1,9.969,-0.2221521836
子图1,系列1,9.972,-0.2072515726
子图1,系列1,9.975,-0.1917783372
子图1,系列1,9.978,-0.1760213807
子图1,系列1,9.981,-0.1602591925
子图1,系列1,9.984,-0.1447491455
子图1,系列1,9.987,-0.1297173941
子图1,系列1,9.99,-0.1153501419
子图1,系列1,9.993,-0.1017870056
子图1,系列1,9.996,-0.08911690945
子图1,系列1,9.999,-0.07737621623
子图1,系列1,10.002,-0.06654832692
子图1,系列1,10.005,-0.05656423139
子图1,系列1,10.008,-0.0473042743
子图1,系列1,10.011,-0.03860229964
子图1,系列1,10.014,-0.03025356155
子图1,系列1,10.017,-0.02202663721
子图1,系列1,10.02,-0.01367776007
子图1,系列1,10.023,-0.00496511243
子图1,系列1,10.026,0.00433868327
子图1,系列1,10.029,0.0144359353
子图1,系列1,10.032,0.02549365972
子图1,系列1,10.035,0.03763226966
子图1,系列1,10.038,0.05091336769
子图1,系列1,10.041,0.06532882508
子图1,系列1,10.044,0.08079394672
子图1,系列1,10.047,0.09714634022
子图1,系列1,10.05,0.1141500112
子图1,系列1,10.053,0.1315026895
子图1,系列1,10.056,0.148844482
子图1,系列1,10.059,0.1657673571
子图1,系列1,10.062,0.1818264277
子图1,系列1,10.065,0.1965543429
子图1,系列1,10.068,0.2094791183
子图1,系列1,10.071,0.2201443158
子图1,系列1,10.074,0.2281296605
子图1,系列1,10.077,0.2330701997
子图1,系列1,10.08,0.2346726949
子图1,系列1,10.083,0.2327287538
子图1,系列1,10.086,0.2271247341
子图1,系列1,10.089,0.2178485492
子图1,系列1,10.092,0.2049935484
子图1,系列1,10.095,0.1887595421
子图1,系列1,10.098,0.1694503918
子图1,系列1,10.101,0.147467011
子图1,系列1,10.104,0.1232949195
子图1,系列1,10.107,0.09748655662
子图1,系列1,10.11,0.0706399949
子图1,系列1,10.113,0.04337684775
子图1,系列1,10.116,0.01632177547
子图1,系列1,10.119,-0.009916081261
子图1,系列1,10.122,-0.03476123575
子图1,系列1,10.125,-0.05769105662
子图1,系列1,10.128,-0.07825582639
子图1,系列1,10.131,-0.09609702278
子图1,系列1,10.134,-0.1109598635
子图1,系列1,10.137,-0.122697649
子图1,系列1,10.14,-0.1312688776
子图1,系列1,10.143,-0.1367305823
子图1,系列1,10.146,-0.1392311494
子图1,系列1,10.149,-0.139003399
子图1,系列1,10.152,-0.1363556597
子图1,系列1,10.155,-0.1316575158
子图1,系列1,10.158,-0.1253191464
子图1,系列1,10.161,-0.1177668752
子图1,系列1,10.164,-0.1094196631
子图1,系列1,10.167,-0.1006704482
子图1,系列1,10.17,-0.09187317793
子图1,系列1,10.173,-0.08333323587
子图1,系列1,10.176,-0.07529823282
子图1,系列1,10.179,-0.06794827394
子图1,系列1,10.182,-0.06138774288
子图1,系列1,10.185,-0.0556419368
子图1,系列1,10.188,-0.05066072987
子图1,系列1,10.191,-0.04632871942
子图1,系列1,10.194,-0.04247900003
子图1,系列1,10.197,-0.03890746502
子图1,系列1,10.2,-0.03538619183
子图1,系列1,10.203,-0.03167640665
子图1,系列1,10.206,-0.02754225983
子图1,系列1,10.209,-0.02276585061
子图1,系列1,10.212,-0.01716247984
子图1,系列1,10.215,-0.01059420497
子图1,系列1,10.218,-0.002979968903
子图1,系列1,10.221,0.005698436835
子图1,系列1,10.224,0.01539430662
子图1,系列1,10.227,0.02599721212
子图1,系列1,10.23,0.03733698031
子图1,系列1,10.233,0.04919013253
子图1,系列1,10.236,0.06128846656
子图1,系列1,10.239,0.07332954515
子图1,系列1,10.242,0.0849888941
子图1,系列1,10.245,0.09593361676
子图1,系列1,10.248,0.1058369139
子图1,系列1,10.251,0.1143925044
子图1,系列1,10.254,0.121327427
子图1,系列1,10.257,0.1264119504
子图1,系列1,10.26,0.1294663835
子图1,系列1,10.263,0.1303655612
子图1,系列1,10.266,0.1290419507
子图1,系列1,10.269,0.1254875483
子图1,系列1,10.272,0.1197535684
子图1,系列1,10.275,0.1119465011
子图1,系列1,10.278,0.1022201118
子图1,系列1,10.281,0.09076466264
子图1,系列1,10.284,0.07779562695
子图1,系列1,10.287,0.06354371262
子图1,系列1,10.29,0.0482464919
子图1,系列1,10.293,0.03214058676
子图1,系列1,10.296,0.01545326497
子图1,系列1,10.299,-0.001606540136
子图1,系列1,10.302,-0.01885641919
子图1,系列1,10.305,-0.03614607923
子图1,系列1,10.308,-0.05335926001
子图1,系列1,10.311,-0.07041219156
子图1,系列1,10.314,-0.08724984075
子图1,系列1,10.317,-0.1038413651
子图1,系列1,10.32,-0.1201755362
子图1,系列1,10.323,-0.1362560349
子图1,系列1,10.326,-0.1520960053
子图1,系列1,10.329,-0.167711286
子图1,系列1,10.332,-0.1831124525
子图1,系列1,10.335,-0.1982968404
子图1,系列1,10.338,-0.2132421368
子图1,系列1,10.341,-0.2279025455
子图1,系列1,10.344,-0.242207411
子图1,系列1,10.347,-0.2560612067
子图1,系列1,10.35,-0.2693437288
子图1,系列1,10.353,-0.2819105289
子图1,系列1,10.356,-0.2935949292
子图1,系列1,10.359,-0.3042128744
子图1,系列1,10.362,-0.3135704518
子图1,系列1,10.365,-0.3214723465
子图1,系列1,10.368,-0.3277290263
子图1,系列1,10.371,-0.3321617288
子图1,系列1,10.374,-0.3346064562
子图1,系列1,10.377,-0.3349190596
子图1,系列1,10.38,-0.3329821962
子图1,系列1,10.383,-0.328712753
子图1,系列1,10.386,-0.3220670939
子图1,系列1,10.389,-0.3130422831
子图1,系列1,10.392,-0.3016737868
子图1,系列1,10.395,-0.2880320707
子图1,系列1,10.398,-0.2722203184
子图1,系列1,10.401,-0.2543735986
子图1,系列1,10.404,-0.2346579825
子图1,系列1,10.407,-0.2132677583
子图1,系列1,10.41,-0.1904201641
子图1,系列1,10.413,-0.1663487392
子图1,系列1,10.416,-0.1412970143
子图1,系列1,10.419,-0.1155135348
子图1,系列1,10.422,-0.08924807832
子图1,系列1,10.425,-0.06274839677
子图1,系列1,10.428,-0.03625710044
子图1,系列1,10.431,-0.01000886931
子图1,系列1,10.434,0.01577172513
子图1,系列1,10.437,0.04087193775
子图1,系列1,10.44,0.06509261397
子图1,系列1,10.443,0.08825028578
子图1,系列1,10.446,0.1101792424
子图1,系列1,10.449,0.1307327947
子图1,系列1,10.452,0.1497832774
子图1,系列1,10.455,0.1672212303
子图1,系列1,10.458,0.182954879
子图1,系列1,10.461,0.1969108753
子图1,系列1,10.464,0.2090363644
子图1,系列1,10.467,0.2193014984
子图1,系列1,10.47,0.2277012587
子图1,系列1,10.473,0.2342560238
子图1,系列1,10.476,0.2390111665
子图1,系列1,10.479,0.2420364044
子图1,系列1,10.482,0.2434254809
子图1,系列1,10.485,0.2432962369
子图1,系列1,10.488,0.2417906564
子图1,系列1,10.491,0.2390743511
子图1,系列1,10.494,0.2353350985
子图1,系列1,10.497,0.2307801737
子图1,系列1,10.5,0.225632356
子图1,系列1,10.503,0.2201247999
子图1,系列1,10.506,0.2144953153
子图1,系列1,10.509,0.2089807419
子图1,系列1,10.512,0.2038119223
子图1,系列1,10.515,0.1992091732
子图1,系列1,10.518,0.195377436
子图1,系列1,10.521,0.1925002358
子图1,系列1,10.524,0.1907324386
子图1,系列1,10.527,0.1901928926
子图1,系列1,10.53,0.1909585979
子图1,系列1,10.533,0.193061616
子图1,系列1,10.536,0.196488543
子图1,系列1,10.539,0.2011809936
子图1,系列1,10.542,0.2070354941
子图1,系列1,10.545,0.2139025326
子图1,系列1,10.548,0.2215861427
子图1,系列1,10.551,0.2298461363
子图1,系列1,10.554,0.2384042592
子图1,系列1,10.557,0.2469534862
子图1,系列1,10.56,0.2551680395
子图1,系列1,10.563,0.2627119448
子图1,系列1,10.566,0.2692457469
子图1,系列1,10.569,0.2744329492
子图1,系列1,10.572,0.2779483341
子图1,系列1,10.575,0.2794889775
子图1,系列1,10.578,0.2787865126
子图1,系列1,10.581,0.2756179342
子图1,系列1,10.584,0.2698129534
子图1,系列1,10.587,0.2612579395
子图1,系列1,10.59,0.249898193
子图1,系列1,10.593,0.2357403183
子图1,系列1,10.596,0.2188549206
子图1,系列1,10.599,0.1993782594
子图1,系列1,10.602,0.1775111267
子图1,系列1,10.605,0.1535142486
子图1,系列1,10.608,0.1277010428
子图1,系列1,10.611,0.10042923
子图1,系列1,10.614,0.07209208262
子图1,系列1,10.617,0.04310907817
子图1,系列1,10.62,0.01391552401
子图1,系列1,10.623,-0.01504871904
子图1,系列1,10.626,-0.04335053855
子图1,系列1,10.629,-0.07057383516
子图1,系列1,10.632,-0.09632854614
子图1,系列1,10.635,-0.1202592703
子图1,系列1,10.638,-0.1420541352
子图1,系列1,10.641,-0.1614532487
子图1,系列1,10.644,-0.1782550318
子图1,系列1,10.647,-0.19231884
子图1,系列1,10.65,-0.2035637421
子图1,系列1,10.653,-0.2119652654
子图1,系列1,10.656,-0.2175524815
子图1,系列1,10.659,-0.2204062264
子图1,系列1,10.662,-0.2206570257
子图1,系列1,10.665,-0.2184803816
子图1,系列1,10.668,-0.2140881515
子图1,系列1,10.671,-0.207717153
子图1,系列1,10.674,-0.1996179524
子图1,系列1,10.677,-0.1900463646
子图1,系列1,10.68,-0.1792579186
子图1,系列1,10.683,-0.1675034832
子图1,系列1,10.686,-0.1550239523
子图1,系列1,10.689,-0.1420433872
子图1,系列1,10.692,-0.1287620359
子图1,系列1,10.695,-0.1153514423
子图1,系列1,10.698,-0.1019528088
子图1,系列1,10.701,-0.08867801424
子图1,系列1,10.704,-0.07561175193
子图1,系列1,10.707,-0.06281360245
子图1,系列1,10.71,-0.0503199671
子图1,系列1,10.713,-0.03814666384
子图1,系列1,10.716,-0.02629279935
子图1,系列1,10.719,-0.01474554882
子图1,系列1,10.722,-0.003484864364
子图1,系列1,10.725,0.007512588671
子图1,系列1,10.728,0.01827026602
子图1,系列1,10.731,0.02880875796
子图1,系列1,10.734,0.03914237867
子图1,系列1,10.737,0.04927559861
子图1,系列1,10.74,0.05920056745
子图1,系列1,10.743,0.06889689768
子图1,系列1,10.746,0.07833383838
子图1,系列1,10.749,0.08747377168
子图1,系列1,10.752,0.09627522587
子图1,系列1,10.755,0.1046940679
子图1,系列1,10.758,0.1126833469
子图1,系列1,10.761,0.1201938529
子图1,系列1,10.764,0.1271773001
子图1,系列1,10.767,0.1335923304
子图1,系列1,10.77,0.1394113633
子图1,系列1,10.773,0.1446251864
子图1,系列1,10.776,0.1492433533
子图1,系列1,10.779,0.1532913186
子图1,系列1,10.782,0.1568073537
子图1,系列1,10.785,0.1598419489
子图1,系列1,10.788,0.1624599704
子图1,系列1,10.791,0.1647431302
子图1,系列1,10.794,0.1667895106
子图1,系列1,10.797,0.1687086945
子图1,系列1,10.8,0.1706139404
子图1,系列1,10.803,0.172614495
子图1,系列1,10.806,0.1748104176
子图1,系列1,10.809,0.1772899944
子图1,系列1,10.812,0.1801279746
子图1,系列1,10.815,0.1833828018
子图1,系列1,10.818,0.1870923101
子图1,系列1,10.821,0.1912687533
子图1,系列1,10.824,0.1958945828
子图1,系列1,10.827,0.2009199045
子图1,系列1,10.83,0.2062617948
子图1,系列1,10.833,0.2118054573
子图1,系列1,10.836,0.217407244
子图1,系列1,10.839,0.2228991934
子图1,系列1,10.842,0.2280942114
子图1,系列1,10.845,0.2327909141
子图1,系列1,10.848,0.2367777388
子图1,系列1,10.851,0.2398370815
子图1,系列1,10.854,0.2417510519
子图1,系列1,10.857,0.2423098646
子图1,系列1,10.86,0.2413221
子图1,系列1,10.863,0.2386245872
子图1,系列1,10.866,0.2340896586
子图1,系列1,10.869,0.2276290399
子图1,系列1,10.872,0.2191956012
子图1,系列1,10.875,0.2087850605
子图1,系列1,10.878,0.1964388413
子图1,系列1,10.881,0.1822474613
子图1,系列1,10.884,0.1663525318
子图1,系列1,10.887,0.1489456152
子图1,系列1,10.89,0.1302635224
子图1,系列1,10.893,0.1105810257
子图1,系列1,10.896,0.09020253024
子图1,系列1,10.899,0.06945392476
子图1,系列1,10.902,0.04867497582
子图1,系列1,10.905,0.02821188759
子图1,系列1,10.908,0.008409452014
子图1,系列1,10.911,-0.01039761189
子图1,系列1,10.914,-0.02789422899
子图1,系列1,10.917,-0.04379498525
子图1,系列1,10.92,-0.05785346534
子图1,系列1,10.923,-0.0698695975
子图1,系列1,10.926,-0.07969415667
子图1,系列1,10.929,-0.08723050237
子图1,系列1,10.932,-0.09243465599
子图1,系列1,10.935,-0.0953151564
子图1,系列1,10.938,-0.09593323039
子图1,系列1,10.941,-0.09440239818
子图1,系列1,10.944,-0.09088593118
子图1,系列1,10.947,-0.0855910951
子图1,系列1,10.95,-0.07876056492
子图1,系列1,10.953,-0.0706628251
子图1,系列1,10.956,-0.06158354385
子图1,系列1,10.959,-0.05181864431
子图1,系列1,10.962,-0.04166826434
子图1,系列1,10.965,-0.03143021796
子图1,系列1,10.968,-0.02139225932
子图1,系列1,10.971,-0.01182382653
子图1,系列1,10.974,-0.002968846979
子图1,系列1,10.977,0.0049591883
子图1,系列1,10.98,0.01177987991
子图1,系列1,10.983,0.01734721218
子图1,系列1,10.986,0.02155038457
子图1,系列1,10.989,0.02431435709
子图1,系列1,10.992,0.02559954555
子图1,系列1,10.995,0.02540010056
子图1,系列1,10.998,0.02374093803
子图1,系列1,11.001,0.02067430523
子图1,系列1,11.004,0.01627653852
子图1,系列1,11.007,0.01064502872
子图1,系列1,11.01,0.003894857649
子图1,系列1,11.013,-0.003845396046
子图1,系列1,11.016,-0.01243841114
子图1,系列1,11.019,-0.02174229972
子图1,系列1,11.022,-0.03161310871
子图1,系列1,11.025,-0.04190555055
子图1,系列1,11.028,-0.05247294939
子图1,系列1,11.031,-0.06316782547
子图1,系列1,11.034,-0.07384398314
子图1,系列1,11.037,-0.08435954031
子图1,系列1,11.04,-0.09457916619
子图1,系列1,11.043,-0.1043740732
子图1,系列1,11.046,-0.1136197818
子图1,系列1,11.049,-0.1221932195
子图1,系列1,11.052,-0.1299714059
子图1,系列1,11.055,-0.1368331538
子图1,系列1,11.058,-0.1426630985
子图1,系列1,11.061,-0.1473556553
子图1,系列1,11.064,-0.1508166592
子图1,系列1,11.067,-0.1529622141
子图1,系列1,11.07,-0.1537164367
子图1,系列1,11.073,-0.1530109231
子图1,系列1,11.076,-0.1507877767
子图1,系列1,11.079,-0.1470054291
子图1,系列1,11.082,-0.1416443992
子图1,系列1,11.085,-0.1347101619
子图1,系列1,11.088,-0.1262322377
子图1,系列1,11.091,-0.1162611436
子图1,系列1,11.094,-0.1048662071
子图1,系列1,11.097,-0.092136244
子图1,系列1,11.1,-0.07818253818
子图1,系列1,11.103,-0.06314157521
子图1,系列1,11.106,-0.04717491916
子图1,系列1,11.109,-0.03046534686
子图1,系列1,11.112,-0.01321068767
子图1,系列1,11.115,0.004381926268
子图1,系列1,11.118,0.02209952182
子图1,系列1,11.121,0.0397246582
子图1,系列1,11.124,0.0570365182
子图1,系列1,11.127,0.07381368137
子图1,系列1,11.13,0.08983925654
子图1,系列1,11.133,0.1049071996
子图1,系列1,11.136,0.1188277259
子图1,系列1,11.139,0.1314304953
子图1,系列1,11.142,0.1425658364
子图1,系列1,11.145,0.1521053943
子图1,系列1,11.148,0.1599435608
子图1,系列1,11.151,0.1659998961
子图1,系列1,11.154,0.1702214141
子图1,系列1,11.157,0.1725833719
子图1,系列1,11.16,0.173088247
子图1,系列1,11.163,0.1717637899
子图1,系列1,11.166,0.1686614201
子图1,系列1,11.169,0.1638555607
子图1,系列1,11.172,0.1574432636
子图1,系列1,11.175,0.149542828
子图1,系列1,11.178,0.1402908124
子图1,系列1,11.181,0.1298381776
子图1,系列1,11.184,0.1183469974
子图1,系列1,11.187,0.1059886885
子图1,系列1,11.19,0.09294343025
子图1,系列1,11.193,0.07939934618
子图1,系列1,11.196,0.06555011667
子图1,系列1,11.199,0.05159101009
子图1,系列1,11.202,0.03771465437
子图1,系列1,11.205,0.02410811115
子图1,系列1,11.208,0.01095188452
子图1,系列1,11.211,-0.00157991182
子图1,系列1,11.214,-0.01331991534
子图1,系列1,11.217,-0.02410972366
子图1,系列1,11.22,-0.03380384263
子图1,系列1,11.223,-0.04227393784
子图1,系列1,11.226,-0.04941165688
子图1,系列1,11.229,-0.05512912564
子图1,系列1,11.232,-0.05935773783
子图1,系列1,11.235,-0.06204707696
子图1,系列1,11.238,-0.06316566643
子图1,系列1,11.241,-0.06270374106
子图1,系列1,11.244,-0.0606765229
子图1,系列1,11.247,-0.05712573872
子图1,系列1,11.25,-0.05211793309
子图1,系列1,11.253,-0.04574018453
子图1,系列1,11.256,-0.0380955947
子图1,系列1,11.259,-0.02930082793
子图1,系列1,11.262,-0.01948611582
子图1,系列1,11.265,-0.008795978922
子图1,系列1,11.268,0.002611969868
子图1,系列1,11.271,0.01457156793
子图1,系列1,11.274,0.02691489579
子图1,系列1,11.277,0.03947854687
子图1,系列1,11.28,0.05210716504
子图1,系列1,11.283,0.06465417158
子图1,系列1,11.286,0.07698160104
子图1,系列1,11.289,0.08896134404
子图1,系列1,11.292,0.1004784732
子图1,系列1,11.295,0.1114351365
子图1,系列1,11.298,0.1217527959
子图1,系列1,11.301,0.1313717635
子图1,系列1,11.304,0.1402487904
子图1,系列1,11.307,0.1483544971
子图1,系列1,11.31,0.1556719196
子图1,系列1,11.313,0.1621958132
子图1,系列1,11.316,0.1679312926
子图1,系列1,11.319,0.1728909457
子图1,系列1,11.322,0.1770909666
子图1,系列1,11.325,0.1805477422
子图1,系列1,11.328,0.1832760295
子图1,系列1,11.331,0.1852885686
子图1,系列1,11.334,0.1865958248
子图1,系列1,11.337,0.1872047978
子图1,系列1,11.34,0.1871172362
子图1,系列1,11.343,0.1863287231
子图1,系列1,11.346,0.1848299633
子图1,系列1,11.349,0.182610318
子图1,系列1,11.352,0.1796621987
子图1,系列1,11.355,0.1759845898
子图1,系列1,11.358,0.1715850335
子图1,系列1,11.361,0.1664808751
子图1,系列1,11.364,0.1607011522
子图1,系列1,11.367,0.1542898057
子图1,系列1,11.37,0.1473095695
子图1,系列1,11.373,0.1398450903
子图1,系列1,11.376,0.1320041328
子图1,系列1,11.379,0.1239166895
子图1,系列1,11.382,0.115732648
子图1,系列1,11.385,0.1076188131
子图1,系列1,11.388,0.09975558089
子图1,系列1,11.391,0.09233308784
子图1,系列1,11.394,0.08554667274
子图1,系列1,11.397,0.07959167733
子图1,系列1,11.4,0.07465761699
子图1,系列1,11.403,0.0709217076
子图1,系列1,11.406,0.0685417919
子图1,系列1,11.409,0.06764899703
子图1,系列1,11.412,0.06834102696
子图1,系列1,11.415,0.07067729349
子图1,系列1,11.418,0.07467645722
子图1,系列1,11.421,0.08031579601
子图1,系列1,11.424,0.08753117696
子图1,系列1,11.427,0.09621675538
子图1,系列1,11.43,0.1062246993
子图1,系列1,11.433,0.1173664883
子图1,系列1,11.436,0.1294174565
子图1,系列1,11.439,0.1421248208
子图1,系列1,11.442,0.1552176152
子图1,系列1,11.445,0.168416176
子图1,系列1,11.448,0.181439572
子图1,系列1,11.451,0.1940111834
子图1,系列1,11.454,0.2058642542
子图1,系列1,11.457,0.216749262
子图1,系列1,11.46,0.2264432304
子图1,系列1,11.463,0.2347590941
子图1,系列1,11.466,0.2415524322
子图1,系列1,11.469,0.2467238346
子图1,系列1,11.472,0.2502173448
子图1,系列1,11.475,0.2520173664
子图1,系列1,11.478,0.2521465146
子图1,系列1,11.481,0.2506650656
子图1,系列1,11.484,0.2476704312
子图1,系列1,11.487,0.2432940847
子图1,系列1,11.49,0.2376943575
子图1,系列1,11.493,0.231046
子图1,系列1,11.496,0.2235295154
子图1,系列1,11.499,0.2153232301
子图1,系列1,11.502,0.2065989268
子图1,系列1,11.505,0.197519356
子图1,系列1,11.508,0.188234868
子图1,系列1,11.511,0.1788776324
子图1,系列1,11.514,0.1695545924
子图1,系列1,11.517,0.1603421659
子图1,系列1,11.52,0.1512851449
子图1,系列1,11.523,0.1423998251
子图1,系列1,11.526,0.1336790377
子图1,系列1,11.529,0.125096166
子图1,系列1,11.532,0.1166069498
子图1,系列1,11.535,0.1081505112
子图1,系列1,11.538,0.09965215294
子图1,系列1,11.541,0.09102922143
子图1,系列1,11.544,0.08219897496
子图1,系列1,11.547,0.07308576109
子图1,系列1,11.55,0.06362520363
子图1,系列1,11.553,0.05376545912
子图1,系列1,11.556,0.04346782626
子图1,系列1,11.559,0.03270889693
子图1,系列1,11.562,0.02148434431
子图1,系列1,11.565,0.00981226736
子图1,系列1,11.568,-0.002266593381
子图1,系列1,11.571,-0.0146926928
子图1,系列1,11.574,-0.02739348404
子图1,系列1,11.577,-0.04028773251
子图1,系列1,11.58,-0.05328659951
子图1,系列1,11.583,-0.06629287264
子图1,系列1,11.586,-0.07920170505
子图1,系列1,11.589,-0.09190550009
子图1,系列1,11.592,-0.1043022902
子图1,系列1,11.595,-0.1163036904
子图1,系列1,11.598,-0.1278384075
子图1,系列1,11.601,-0.138850542
子图1,系列1,11.604,-0.1492957158
子图1,系列1,11.607,-0.1591394661
子图1,系列1,11.61,-0.1683602482
子图1,系列1,11.613,-0.1769552556
子图1,系列1,11.616,-0.1849444735
子图1,系列1,11.619,-0.1923693258
子图1,系列1,11.622,-0.1992861003
子图1,系列1,11.625,-0.2057578889
子图1,系列1,11.628,-0.2118494397
子图1,系列1,11.631,-0.2176267808
子图1,系列1,11.634,-0.2231597317
子图1,系列1,11.637,-0.2285232759
子图1,系列1,11.64,-0.2337947426
子图1,系列1,11.643,-0.2390469522
子图1,系列1,11.646,-0.2443403588
子图1,系列1,11.649,-0.2497178262
子图1,系列1,11.652,-0.2552039095
子图1,系列1,11.655,-0.2608076344
子图1,系列1,11.658,-0.266525639
子图1,系列1,11.661,-0.2723427032
子图1,系列1,11.664,-0.2782289821
子图1,系列1,11.667,-0.2841358615
子图1,系列1,11.67,-0.2899935919
子图1,系列1,11.673,-0.2957130897
子图1,系列1,11.676,-0.3011918237
子图1,系列1,11.679,-0.306321115
子图1,系列1,11.682,-0.3109915762
子图1,系列1,11.685,-0.3150951803
子图1,系列1,11.688,-0.3185250817
子图1,系列1,11.691,-0.3211761294
子图1,系列1,11.694,-0.3229488104
子图1,系列1,11.697,-0.32375696
子图1,系列1,11.7,-0.3235367122
子图1,系列1,11.703,-0.322253226
子图1,系列1,11.706,-0.3199031761
子图1,系列1,11.709,-0.3165136265
子图1,系列1,11.712,-0.3121400629
子图1,系列1,11.715,-0.3068664779
子图1,系列1,11.718,-0.3008081021
子图1,系列1,11.721,-0.2941145629
子图1,系列1,11.724,-0.2869702087
子图1,系列1,11.727,-0.2795895977
子图1,系列1,11.73,-0.2722087932
子图1,系列1,11.733,-0.2650754149
子图1,系列1,11.736,-0.2584405172
子图1,系列1,11.739,-0.2525531215
子图1,系列1,11.742,-0.2476556403
子图1,系列1,11.745,-0.2439775303
子图1,系列1,11.748,-0.2417257788
子图1,系列1,11.751,-0.241073333
子图1,系列1,11.754,-0.2421484846
子图1,系列1,11.757,-0.245027889
子图1,系列1,11.76,-0.2497336826
子图1,系列1,11.763,-0.2562330317
子图1,系列1,11.766,-0.2644379543
子图1,系列1,11.769,-0.27420451
子图1,系列1,11.772,-0.2853324736
子图1,系列1,11.775,-0.297567754
子图1,系列1,11.778,-0.3106090417
子图1,系列1,11.781,-0.3241181684
子图1,系列1,11.784,-0.3377321227
子图1,系列1,11.787,-0.3510745481
子图1,系列1,11.79,-0.3637657883
子图1,系列1,11.793,-0.3754322729
子图1,系列1,11.796,-0.3857168744
子图1,系列1,11.799,-0.3942909679
子图1,系列1,11.802,-0.4008671116
子图1,系列1,11.805,-0.4052099966
子图1,系列1,11.808,-0.4071434482
子图1,系列1,11.811,-0.4065528453
子图1,系列1,11.814,-0.4033844231
子图1,系列1,11.817,-0.3976438308
子图1,系列1,11.82,-0.3893951866
子图1,系列1,11.823,-0.3787597189
子图1,系列1,11.826,-0.3659116555
子图1,系列1,11.829,-0.35106943
子图1,系列1,11.832,-0.3344825107
子图1,系列1,11.835,-0.3164166897
子图1,系列1,11.838,-0.2971413542
子图1,系列1,11.841,-0.2769204511
子图1,系列1,11.844,-0.2560060543
子图1,系列1,11.847,-0.2346318115
子图1,系列1,11.85,-0.2130042946
子图1,系列1,11.853,-0.1912929487
子图1,系列1,11.856,-0.1696218533
子图1,系列1,11.859,-0.1480667072
子图1,系列1,11.862,-0.1266580597
子图1,系列1,11.865,-0.1053887236
子图1,系列1,11.868,-0.08422178094
子图1,系列1,11.871,-0.06309663607
子图1,系列1,11.874,-0.04193336527
子图1,系列1,11.877,-0.02063800863
子图1,系列1,11.88,0.0008885340507
子图1,系列1,11.883,0.02273773321
子图1,系列1,11.886,0.04497937164
子图1,系列1,11.889,0.06765000919
子图1,系列1,11.892,0.09074654459
子图1,系列1,11.895,0.1142245701
子图1,系列1,11.898,0.1379988132
子图1,系列1,11.901,0.161942927
子图1,系列1,11.904,0.185888102
子图1,系列1,11.907,0.2096225416
子图1,系列1,11.91,0.2328948248
子图1,系列1,11.913,0.2554227765
子图1,系列1,11.916,0.2769065806
子图1,系列1,11.919,0.2970427556
子图1,系列1,11.922,0.315535993
子图1,系列1,11.925,0.3321082247
子图1,系列1,11.928,0.3465066591
子图1,系列1,11.931,0.358513131
子图1,系列1,11.934,0.3679554272
子图1,系列1,11.937,0.3747185742
子图1,系列1,11.94,0.3787527999
子图1,系列1,11.943,0.3800761707
子图1,系列1,11.946,0.3787725738
子图1,系列1,11.949,0.3749876389
子图1,系列1,11.952,0.3689250146
子图1,系列1,11.955,0.3608431965
子图1,系列1,11.958,0.3510506535
子图1,系列1,11.961,0.3398966634
子图1,系列1,11.964,0.3277574662
子图1,系列1,11.967,0.3150201409
子图1,系列1,11.97,0.3020678935
子图1,系列1,11.973,0.28926928
子图1,系列1,11.976,0.2769708571
子图1,系列1,11.979,0.2654902006
子图1,系列1,11.982,0.2551065515
子图1,系列1,11.985,0.2460492305
子图1,系列1,11.988,0.2384869808
子图1,系列1,11.991,0.232522355
子图1,系列1,11.994,0.2281932617
子图1,系列1,11.997,0.2254798811
子图1,系列1,12,0.2243124289
子图1,系列1,12.003,0.2245760732
子图1,系列1,12.006,0.2261128494
子图1,系列1,12.009,0.2287238431
子图1,系列1,12.012,0.2321758047
子图1,系列1,12.015,0.2362137998
子图1,系列1,12.018,0.2405771947
子图1,系列1,12.021,0.2450138167
子图1,系列1,12.024,0.2492885164
子图1,系列1,12.027,0.2531862157
子图1,系列1,12.03,0.2565129453
子图1,系列1,12.033,0.259098996
子图1,系列1,12.036,0.2608055872
子图1,系列1,12.039,0.2615325832
子图1,系列1,12.042,0.2612230291
子图1,系列1,12.045,0.2598618699
子图1,系列1,12.048,0.2574695855
子图1,系列1,12.051,0.2540941656
子图1,系列1,12.054,0.2498050703
子图1,系列1,12.057,0.2446904625
子图1,系列1,12.06,0.2388560275
子图1,系列1,12.063,0.2324224765
子图1,系列1,12.066,0.225519987
子图1,系列1,12.069,0.2182802172
子图1,系列1,12.072,0.2108284032
子图1,系列1,12.075,0.2032781835
子图1,系列1,12.078,0.1957301582
子图1,系列1,12.081,0.1882730695
子图1,系列1,12.084,0.1809853761
子图1,系列1,12.087,0.1739354921
子图1,系列1,12.09,0.1671805
子图1,系列1,12.093,0.1607645794
子图1,系列1,12.096,0.1547188539
子图1,系列1,12.099,0.1490636344
子图1,系列1,12.102,0.1438126189
子图1,系列1,12.105,0.1389774536
子图1,系列1,12.108,0.1345709252
子图1,系列1,12.111,0.1306078473
子图1,系列1,12.114,0.1271038936
子图1,系列1,12.117,0.1240736789
子图1,系列1,12.12,0.1215296286
子图1,系列1,12.123,0.1194823613
子图1,系列1,12.126,0.1179420132
子图1,系列1,12.129,0.1169190351
子图1,系列1,12.132,0.116422993
子图1,系列1,12.135,0.1164590052
子图1,系列1,12.138,0.1170230455
子图1,系列1,12.141,0.118098197
子图1,系列1,12.144,0.1196533287
子图1,系列1,12.147,0.1216441021
子图1,系列1,12.15,0.1240147765
子图1,系列1,12.153,0.1266990364
子图1,系列1,12.156,0.1296193152
子图1,系列1,12.159,0.13268578
子图1,系列1,12.162,0.1357967669
子图1,系列1,12.165,0.1388415759
子图1,系列1,12.168,0.1417049687
子图1,系列1,12.171,0.1442716731
子图1,系列1,12.174,0.1464295495
子图1,系列1,12.177,0.1480715276
子图1,系列1,12.18,0.1490975681
子图1,系列1,12.183,0.1494176468
子图1,系列1,12.186,0.1489554969
子图1,系列1,12.189,0.1476517404
子图1,系列1,12.192,0.1454649969
子图1,系列1,12.195,0.1423707445
子图1,系列1,12.198,0.1383592511
子图1,系列1,12.201,0.1334343182
子图1,系列1,12.204,0.1276134408
子图1,系列1,12.207,0.1209283774
子图1,系列1,12.21,0.1134243206
子图1,系列1,12.213,0.1051564367
子图1,系列1,12.216,0.09618435869
子图1,系列1,12.219,0.08656695405
子图1,系列1,12.222,0.07635969396
子图1,系列1,12.225,0.06561518983
子图1,系列1,12.228,0.05438536833
子图1,系列1,12.231,0.0427227317
子图1,系列1,12.234,0.03067902798
子图1,系列1,12.237,0.01830209289
子图1,系列1,12.24,0.005633634732
子图1,系列1,12.243,-0.007289533542
子图1,系列1,12.246,-0.02043057405
子图1,系列1,12.249,-0.03374630099
子图1,系列1,12.252,-0.04718274105
子图1,系列1,12.255,-0.06067438726
子图1,系列1,12.258,-0.07414600428
子图1,系列1,12.261,-0.08751399821
子图1,系列1,12.264,-0.1006851622
子图1,系列1,12.267,-0.113553194
子图1,系列1,12.27,-0.1259956961
子图1,系列1,12.273,-0.1378746087
子图1,系列1,12.276,-0.1490408509
子图1,系列1,12.279,-0.1593411388
子图1,系列1,12.282,-0.1686239745
子图1,系列1,12.285,-0.1767432663
子图1,系列1,12.288,-0.1835604998
子图1,系列1,12.291,-0.1889478734
子图1,系列1,12.294,-0.1927941447
子图1,系列1,12.297,-0.1950126098
子图1,系列1,12.3,-0.1955486902
子图1,系列1,12.303,-0.1943847139
子图1,系列1,12.306,-0.1915413088
子图1,系列1,12.309,-0.1870767953
子图1,系列1,12.312,-0.1810866202
子图1,系列1,12.315,-0.1737037313
子图1,系列1,12.318,-0.1650987945
子图1,系列1,12.321,-0.1554781396
子图1,系列1,12.324,-0.1450781542
子图1,系列1,12.327,-0.1341566704
子图1,系列1,12.33,-0.1229833165
子图1,系列1,12.333,-0.1118308708
子图1,系列1,12.336,-0.1009682337
子图1,系列1,12.339,-0.09065384994
子图1,系列1,12.342,-0.08112793554
子图1,系列1,12.345,-0.07260303527
子图1,系列1,12.348,-0.06525415216
子图1,系列1,12.351,-0.05921075542
子图1,系列1,12.354,-0.05455256086
子图1,系列1,12.357,-0.05130913047
子图1,系列1,12.36,-0.04946150215
子图1,系列1,12.363,-0.04894385176
子图1,系列1,12.366,-0.04964459338
子图1,系列1,12.369,-0.05140813183
子图1,系列1,12.372,-0.05403942991
子图1,系列1,12.375,-0.05731275867
子图1,系列1,12.378,-0.06098378284
子图1,系列1,12.381,-0.06480231825
子图1,系列1,12.384,-0.06852317011
子图1,系列1,12.387,-0.07191416508
子图1,系列1,12.39,-0.0747625332
子图1,系列1,12.393,-0.07688174016
子图1,系列1,12.396,-0.07811987468
子图1,系列1,12.399,-0.07836850625
子图1,系列1,12.402,-0.07756945027
子图1,系列1,12.405,-0.07571726084
子图1,系列1,12.408,-0.07285710292
子图1,系列1,12.411,-0.0690796039
子图1,系列1,12.414,-0.06451495736
子图1,系列1,12.417,-0.0593275223
子图1,系列1,12.42,-0.05371042493
子图1,系列1,12.423,-0.047878709
子图1,系列1,12.426,-0.04206005338
子图1,系列1,12.429,-0.03648347702
子图1,系列1,12.432,-0.03136763431
子图1,系列1,12.435,-0.02691043777
子图1,系列1,12.438,-0.02328093648
子图1,系列1,12.441,-0.02061336355
子图1,系列1,12.444,-0.01900275219
子图1,系列1,12.447,-0.01850172821
子图1,系列1,12.45,-0.01911859674
子图1,系列1,12.453,-0.02081710519
子图1,系列1,12.456,-0.02351821812
子图1,系列1,12.459,-0.02710407105
子图1,系列1,12.462,-0.03142401837
子图1,系列1,12.465,-0.0363024025
子图1,系列1,12.468,-0.04154741494
子图1,系列1,12.471,-0.04696020572
子图1,系列1,12.474,-0.05234342369
子图1,系列1,12.477,-0.05750882571
子图1,系列1,12.48,-0.06228415927
子图1,系列1,12.483,-0.06651966568
子图1,系列1,12.486,-0.07009413385
子图1,系列1,12.489,-0.07291977443
子图1,系列1,12.492,-0.07494486951
子图1,系列1,12.495,-0.07615362009
子图1,系列1,12.498,-0.07656357604
子图1,系列1,12.501,-0.07622169586
子图1,系列1,12.504,-0.07519994644
子图1,系列1,12.507,-0.07359059209
子图1,系列1,12.51,-0.07150064423
子图1,系列1,12.513,-0.0690450415
子图1,系列1,12.516,-0.06633893334
子图1,系列1,12.519,-0.06349014785
子图1,系列1,12.522,-0.06059290447
子图1,系列1,12.525,-0.05772315313
子图1,系列1,12.528,-0.05493518519
子图1,系列1,12.531,-0.05225902479
子图1,系列1,12.534,-0.04969866136
子图1,系列1,12.537,-0.0472317945
子图1,系列1,12.54,-0.04481173376
子图1,系列1,12.543,-0.04237139311
子图1,系列1,12.546,-0.03982856213
子图1,系列1,12.549,-0.0370914595
子图1,系列1,12.552,-0.03406406531
子图1,系列1,12.555,-0.03065143342
子图1,系列1,12.558,-0.02676552559
子图1,系列1,12.561,-0.0223317534
子图1,系列1,12.564,-0.01729564012
子图1,系列1,12.567,-0.01162851777
子图1,系列1,12.57,-0.005331292471
子图1,系列1,12.573,0.001564151795
子图1,系列1,12.576,0.008995628883
子图1,系列1,12.579,0.01687255587
子图1,系列1,12.582,0.02507826294
子图1,系列1,12.585,0.03347246312
子图1,系列1,12.588,0.04189429551
子图1,系列1,12.591,0.05016677011
子图1,系列1,12.594,0.05810332332
子图1,系列1,12.597,0.06551629387
子图1,系列1,12.6,0.07222597509
子图1,系列1,12.603,0.07806849077
子图1,系列1,12.606,0.08290137767
子图1,系列1,12.609,0.0866070153
子图1,系列1,12.612,0.08909519815
子图1,系列1,12.615,0.09030627656
子图1,系列1,12.618,0.09021508173
子图1,系列1,12.621,0.08883432779
子图1,系列1,12.624,0.08621565934
子图1,系列1,12.627,0.08244730375
子图1,系列1,12.63,0.07764885871
子图1,系列1,12.633,0.07196506001
子图1,系列1,12.636,0.06556034767
子图1,系列1,12.639,0.05861467428
子图1,系列1,12.642,0.05131956332
子图1,系列1,12.645,0.04387304866
子图1,系列1,12.648,0.03647292652
子图1,系列1,12.651,0.02930912747
子图1,系列1,12.654,0.02255691659
子图1,系列1,12.657,0.01637221788
子图1,系列1,12.66,0.01088903179
子图1,系列1,12.663,0.006217897499
子图1,系列1,12.666,0.002444338741
子图1,系列1,12.669,-0.0003729216929
子图1,系列1,12.672,-0.002203160788
子图1,系列1,12.675,-0.003043158815
子图1,系列1,12.678,-0.002914713722
子图1,系列1,12.681,-0.001860999365
子图1,系列1,12.684,5.6982393e-05
子图1,系列1,12.687,0.002763119099
子图1,系列1,12.69,0.006168335428
子图1,系列1,12.693,0.0101731484
子图1,系列1,12.696,0.01467134154
子图1,系列1,12.699,0.01955439
子图1,系列1,12.702,0.02471542932
子图1,系列1,12.705,0.03005167935
子图1,系列1,12.708,0.03546512778
子图1,系列1,12.711,0.04086231699
子图1,系列1,12.714,0.04615450651
子图1,系列1,12.717,0.05125884091
子图1,系列1,12.72,0.05609996968
子图1,系列1,12.723,0.06061092768
子图1,系列1,12.726,0.06473243286
子图1,系列1,12.729,0.06841075402
子图1,系列1,12.732,0.07159531031
子图1,系列1,12.735,0.07423741332
子图1,系列1,12.738,0.07629070478
子图1,系列1,12.741,0.07771258182
子图1,系列1,12.744,0.0784652859
子图1,系列1,12.747,0.0785157158
子图1,系列1,12.75,0.07783411543
子图1,系列1,12.753,0.07639287395
子图1,系列1,12.756,0.07416684574
子图1,系列1,12.759,0.07113558085
子图1,系列1,12.762,0.06728650883
子图1,系列1,12.765,0.06261748836
子图1,系列1,12.768,0.05713760343
子图1,系列1,12.771,0.05086636085
子图1,系列1,12.774,0.04383264249
子图1,系列1,12.777,0.03607485666
子图1,系列1,12.78,0.02764260397
子图1,系列1,12.783,0.01859881738
子图1,系列1,12.786,0.009020758589
子图1,系列1,12.789,-0.001001184439
子图1,系列1,12.792,-0.01136654939
子图1,系列1,12.795,-0.02196813899
子图1,系列1,12.798,-0.03269414953
子图1,系列1,12.801,-0.04342882045
子图1,系列1,12.804,-0.05405264549
子图1,系列1,12.807,-0.06444367381
子图1,系列1,12.81,-0.07448072448
子图1,系列1,12.813,-0.08404779858
子图1,系列1,12.816,-0.09303790827
子图1,系列1,12.819,-0.1013549964
子图1,系列1,12.822,-0.1089140855
子图1,系列1,12.825,-0.1156410416
子图1,系列1,12.828,-0.1214735107
子图1,系列1,12.831,-0.126363411
子图1,系列1,12.834,-0.1302796459
子图1,系列1,12.837,-0.1332091221
子图1,系列1,12.84,-0.1351553175
子图1,系列1,12.843,-0.1361354153
子图1,系列1,12.846,-0.1361779945
子图1,系列1,12.849,-0.1353226919
子图1,系列1,12.852,-0.133621408
子图1,系列1,12.855,-0.1311390261
子图1,系列1,12.858,-0.1279518345
子图1,系列1,12.861,-0.1241436709
子图1,系列1,12.864,-0.1198016049
子图1,系列1,12.867,-0.115013348
子图1,系列1,12.87,-0.1098672475
子图1,系列1,12.873,-0.1044536619
子图1,系列1,12.876,-0.09886547626
子图1,系列1,12.879,-0.09319634728
子图1,系列1,12.882,-0.08753717689
子图1,系列1,12.885,-0.08197270181
子图1,系列1,12.888,-0.07657995244
子图1,系列1,12.891,-0.07142891929
子图1,系列1,12.894,-0.06658424256
子图1,系列1,12.897,-0.06210620924
子图1,系列1,12.9,-0.05805005744
子图1,系列1,12.903,-0.05446391124
子图1,系列1,12.906,-0.05138656581
子图1,系列1,12.909,-0.04884628364
子图1,系列1,12.912,-0.04686107076
子图1,系列1,12.915,-0.04544010103
子图1,系列1,12.918,-0.04458536139
子图1,系列1,12.921,-0.04429253978
子图1,系列1,12.924,-0.04455073173
子图1,系列1,12.927,-0.04534128202
子图1,系列1,12.93,-0.04663666123
子图1,系列1,12.933,-0.04840049642
子图1,系列1,12.936,-0.05058937072
子图1,系列1,12.939,-0.05315587973
子图1,系列1,12.942,-0.05605157788
子图1,系列1,12.945,-0.05922854751
子图1,系列1,12.948,-0.06263928384
子图1,系列1,12.951,-0.06623586424
子图1,系列1,12.954,-0.06997006926
子图1,系列1,12.957,-0.07379550267
子图1,系列1,12.96,-0.07767120845
子图1,系列1,12.963,-0.08156509554
子图1,系列1,12.966,-0.08545552718
子图1,系列1,12.969,-0.08933062418
子图1,系列1,12.972,-0.09318633823
子图1,系列1,12.975,-0.09702504585
子图1,系列1,12.978,-0.1008557312
子图1,系列1,12.981,-0.1046953527
子图1,系列1,12.984,-0.1085699121
子图1,系列1,12.987,-0.1125138003
子图1,系列1,12.99,-0.1165670413
子图1,系列1,12.993,-0.1207713035
子图1,系列1,12.996,-0.1251661535
子图1,系列1,12.999,-0.1297866474
子图1,系列1,13.002,-0.1346622995
子图1,系列1,13.005,-0.1398165353
子图1,系列1,13.008,-0.1452655304
子图1,系列1,13.011,-0.1510158763
子图1,系列1,13.014,-0.1570613713
子图1,系列1,13.017,-0.1633799853
子图1,系列1,13.02,-0.1699322102
子图1,系列1,13.023,-0.1766613757
子图1,系列1,13.026,-0.1834955462
子图1,系列1,13.029,-0.1903499634
子图1,系列1,13.032,-0.1971289207
子图1,系列1,13.035,-0.2037265508
子图1,系列1,13.038,-0.2100270704
子图1,系列1,13.041,-0.2159057552
子图1,系列1,13.044,-0.2212316915
子图1,系列1,13.047,-0.2258723813
子图1,系列1,13.05,-0.2296991803
子图1,系列1,13.053,-0.232591931
子图1,系列1,13.056,-0.2344415831
子图1,系列1,13.059,-0.2351509289
子图1,系列1,13.062,-0.2346347689
子图1,系列1,13.065,-0.2328210032
子图1,系列1,13.068,-0.2296532531
子图1,系列1,13.071,-0.2250942399
子图1,系列1,13.074,-0.2191282699
子图1,系列1,13.077,-0.211761538
子图1,系列1,13.08,-0.203020253
子图1,系列1,13.083,-0.1929477793
子图1,系列1,13.086,-0.1816022596
子图1,系列1,13.089,-0.1690554238
子图1,系列1,13.092,-0.1553921791
子图1,系列1,13.095,-0.1407100336
子图1,系列1,13.098,-0.1251177082
子图1,系列1,13.101,-0.1087329639
子图1,系列1,13.104,-0.09168011675
子图1,系列1,13.107,-0.07408767097
子图1,系列1,13.11,-0.05608619493
子图1,系列1,13.113,-0.03780642757
子图1,系列1,13.116,-0.01937778399
子图1,系列1,13.119,-0.000927574524
子图1,系列1,13.122,0.01741903236
子图1,系列1,13.125,0.03553883585
子图1,系列1,13.128,0.05331103899
子图1,系列1,13.131,0.07061881261
子图1,系列1,13.134,0.08735175749
子图1,系列1,13.137,0.1034082834
子图1,系列1,13.14,0.1186967954
子图1,系列1,13.143,0.1331353463
子图1,系列1,13.146,0.1466504486
子图1,系列1,13.149,0.1591762462
子图1,系列1,13.152,0.1706550317
子图1,系列1,13.155,0.1810392883
子图1,系列1,13.158,0.1902942973
子图1,系列1,13.161,0.1983997453
子图1,系列1,13.164,0.2053492127
子图1,系列1,13.167,0.2111475338
子图1,系列1,13.17,0.2158071609
子图1,系列1,13.173,0.2193452769
子图1,系列1,13.176,0.2217827982
子图1,系列1,13.179,0.2231448015
子图1,系列1,13.182,0.2234606417
子图1,系列1,13.185,0.2227621023
子图1,系列1,13.188,0.2210792214
子图1,系列1,13.191,0.2184351998
子图1,系列1,13.194,0.2148426579
子图1,系列1,13.197,0.2103026101
子图1,系列1,13.2,0.2048056597
子图1,系列1,13.203,0.1983337457
子图1,系列1,13.206,0.1908611041
子图1,系列1,13.209,0.1823545481
子图1,系列1,13.212,0.1727744739
子图1,系列1,13.215,0.1620779054
子图1,系列1,13.218,0.1502235522
子图1,系列1,13.221,0.1371776605
子图1,系列1,13.224,0.1229194625
子图1,系列1,13.227,0.1074460681
子图1,系列1,13.23,0.09077763108
子图1,系列1,13.233,0.07296343241
子图1,系列1,13.236,0.05408816356
子图1,系列1,13.239,0.03427658196
子图1,系列1,13.242,0.0136950797
子图1,系列1,13.245,-0.007449682713
子图1,系列1,13.248,-0.02891343389
子图1,系列1,13.251,-0.05041659165
子图1,系列1,13.254,-0.0716462449
子图1,系列1,13.257,-0.09225980124
子图1,系列1,13.26,-0.1118926022
子图1,系列1,13.263,-0.1301700631
子图1,系列1,13.266,-0.1467224483
子图1,系列1,13.269,-0.1611991628
子图1,系列1,13.272,-0.1732803865
子图1,系列1,13.275,-0.1826862403
子图1,系列1,13.278,-0.1891854856
子图1,系列1,13.281,-0.1926055553
子图1,系列1,13.284,-0.1928437829
子图1,系列1,13.287,-0.1898776477
子图1,系列1,13.29,-0.1837712626
子图1,系列1,13.293,-0.1746765476
子图1,系列1,13.296,-0.162829528
子图1,系列1,13.299,-0.1485435025
子图1,系列1,13.302,-0.1322007188
子图1,系列1,13.305,-0.1142430871
子图1,系列1,13.308,-0.09516134383
子图1,系列1,13.311,-0.07548178746
子图1,系列1,13.314,-0.0557503327
子图1,系列1,13.317,-0.0365145198
子图1,系列1,13.32,-0.01830468335
子图1,系列1,13.323,-0.001615618319
子图1,系列1,13.326,0.01311015244
子图1,系列1,13.329,0.02549679837
子图1,系列1,13.332,0.03524683579
子图1,系列1,13.335,0.04214974048
子图1,系列1,13.338,0.04608758094
子图1,系列1,13.341,0.04703799684
子图1,系列1,13.344,0.04507471371
子图1,系列1,13.347,0.04036541819
子图1,系列1,13.35,0.03316644769
子图1,系列1,13.353,0.0238136108
子图1,系列1,13.356,0.01270901926
子图1,系列1,13.359,0.0003050113563
子图1,系列1,13.362,-0.01291289022
子图1,系列1,13.365,-0.02644219933
子图1,系列1,13.368,-0.03977809493
子图1,系列1,13.371,-0.05242699209
子图1,系列1,13.374,-0.06392025533
子图1,系列1,13.377,-0.07382851222
子图1,系列1,13.38,-0.08177543274
子图1,系列1,13.383,-0.08744885417
子图1,系列1,13.386,-0.09060753364
子图1,系列1,13.389,-0.09108332777
子图1,系列1,13.392,-0.08878025302
子图1,系列1,13.395,-0.08367241953
子图1,系列1,13.398,-0.07580181077
子图1,系列1,13.401,-0.06527530269
子图1,系列1,13.404,-0.05225957388
子图1,系列1,13.407,-0.03697315472
子图1,系列1,13.41,-0.01967626309
子图1,系列1,13.413,-0.0006601761306
子图1,系列1,13.416,0.01976216414
子图1,系列1,13.419,0.04126370249
子图1,系列1,13.422,0.06350956437
子图1,系列1,13.425,0.08616308535
子图1,系列1,13.428,0.10889204
子图1,系列1,13.431,0.1313746844
子图1,系列1,13.434,0.1533047908
子图1,系列1,13.437,0.1743950329
子图1,系列1,13.44,0.1943786581
子图1,系列1,13.443,0.2130099864
子图1,系列1,13.446,0.2300645337
子图1,系列1,13.449,0.2453393983
子图1,系列1,13.452,0.2586542686
子图1,系列1,13.455,0.2698530854
子图1,系列1,13.458,0.2788059762
子图1,系列1,13.461,0.2854108339
子图1,系列1,13.464,0.2895941439
子图1,系列1,13.467,0.2913112145
子图1,系列1,13.47,0.2905465292
子图1,系列1,13.473,0.2873151247
子图1,系列1,13.476,0.2816653234
子图1,系列1,13.479,0.273682033
子图1,系列1,13.482,0.2634890571
子图1,系列1,13.485,0.2512490986
子图1,系列1,13.488,0.237161215
子图1,系列1,13.491,0.2214567031
子图1,系列1,13.494,0.204394929
子图1,系列1,13.497,0.1862599735
子图1,系列1,13.5,0.1673575972
子图1,系列1,13.503,0.1480110606
子图1,系列1,13.506,0.1285544702
子图1,系列1,13.509,0.1093233842
子图1,系列1,13.512,0.09064385892
子图1,系列1,13.515,0.07282202476
子图1,系列1,13.518,0.0561358562
子图1,系列1,13.521,0.04082937941
子图1,系列1,13.524,0.02710825657
子图1,系列1,13.527,0.01513524634
子图1,系列1,13.53,0.005024796414
子图1,系列1,13.533,-0.003162272759
子图1,系列1,13.536,-0.009421790989
子图1,系列1,13.539,-0.01380526926
子图1,系列1,13.542,-0.01641500922
子图1,系列1,13.545,-0.01739704206
子图1,系列1,13.548,-0.01693415526
子图1,系列1,13.551,-0.01524001269
子图1,系列1,13.554,-0.01255322507
子图1,系列1,13.557,-0.009129364997
子图1,系列1,13.56,-0.005230236898
子图1,系列1,13.563,-0.001111847481
子图1,系列1,13.566,0.002986273956
子图1,系列1,13.569,0.006848458719
子图1,系列1,13.572,0.01028730394
子图1,系列1,13.575,0.01314725787
子图1,系列1,13.578,0.0153091091
子图1,系列1,13.581,0.01669491451
子图1,系列1,13.584,0.01727108431
子图1,系列1,13.587,0.01704744173
子图1,系列1,13.59,0.01607205029
子图1,系列1,13.593,0.01442385538
子图1,系列1,13.596,0.01220581751
子图1,系列1,13.599,0.009539793397
子图1,系列1,13.602,0.006562284847
子图1,系列1,13.605,0.00341914322
子图1,系列1,13.608,0.0002581289351
子图1,系列1,13.611,-0.002780049445
子图1,系列1,13.614,-0.005570444897
子图1,系列1,13.617,-0.008010535664
子图1,系列1,13.62,-0.01002391963
子图1,系列1,13.623,-0.01156135192
子图1,系列1,13.626,-0.01260018019
子图1,系列1,13.629,-0.01314320869
子图1,系列1,13.632,-0.01321778935
子图1,系列1,13.635,-0.0128754982
子图1,系列1,13.638,-0.01219170607
子图1,系列1,13.641,-0.01126349224
子图1,系列1,13.644,-0.01020468702
子图1,系列1,13.647,-0.00913816103
子图1,系列1,13.65,-0.008187188681
子图1,系列1,13.653,-0.007468877264
子图1,系列1,13.656,-0.00709178976
子图1,系列1,13.659,-0.007157026236
子图1,系列1,13.662,-0.00775961097
子图1,系列1,13.665,-0.008987064865
子图1,系列1,13.668,-0.01091441896
子图1,系列1,13.671,-0.01359815797
子图1,系列1,13.674,-0.0170732626
子图1,系列1,13.677,-0.02135583083
子图1,系列1,13.68,-0.02644987949
子图1,系列1,13.683,-0.0323541265
子图1,系列1,13.686,-0.03906486101
子图1,系列1,13.689,-0.04657402218
子图1,系列1,13.692,-0.05486515297
子图1,系列1,13.695,-0.06391123725
子图1,系列1,13.698,-0.07367650657
子图1,系列1,13.701,-0.08412091832
子图1,系列1,13.704,-0.0952039357
子图1,系列1,13.707,-0.1068847813
子图1,系列1,13.71,-0.1191188193
子图1,系列1,13.713,-0.1318522314
子图1,系列1,13.716,-0.1450178487
子图1,系列1,13.719,-0.1585336366
子图1,系列1,13.722,-0.172303328
子图1,系列1,13.725,-0.1862175812
子图1,系列1,13.728,-0.2001543177
子图1,系列1,13.731,-0.2139780916
子图1,系列1,13.734,-0.2275394566
子图1,系列1,13.737,-0.2406755224
子图1,系列1,13.74,-0.2532122684
子图1,系列1,13.743,-0.2649684079
子图1,系列1,13.746,-0.2757601707
子图1,系列1,13.749,-0.2854064238
子图1,系列1,13.752,-0.293733874
子图1,系列1,13.755,-0.3005822916
子图1,系列1,13.758,-0.3058095601
子图1,系列1,13.761,-0.3092961592
子图1,系列1,13.764,-0.3109487255
子图1,系列1,13.767,-0.3107026142
子图1,系列1,13.77,-0.3085236814
子图1,系列1,13.773,-0.3044095223
子图1,系列1,13.776,-0.2983899871
子图1,系列1,13.779,-0.2905262918
子图1,系列1,13.782,-0.2809080465
子图1,系列1,13.785,-0.2696481655
子图1,系列1,13.788,-0.2568764512
子图1,系列1,13.791,-0.2427330832
子图1,系列1,13.794,-0.2273629396
子图1,系列1,13.797,-0.2109107832
子图1,系列1,13.8,-0.193516586
子图1,系列1,13.803,-0.1753103569
子图1,系列1,13.806,-0.1564066378
子图1,系列1,13.809,-0.1368996711
子图1,系列1,13.812,-0.1168605582
子图1,系列1,13.815,-0.09633728297
子图1,系列1,13.818,-0.0753574291
子图1,系列1,13.821,-0.05393251787
子图1,系列1,13.824,-0.03206278141
子图1,系列1,13.827,-0.009741753995
子图1,系列1,13.83,0.01303912132
子图1,系列1,13.833,0.03628504836
子图1,系列1,13.836,0.05999089036
子图1,系列1,13.839,0.08413291613
子图1,系列1,13.842,0.1086606562
子图1,系列1,13.845,0.1334906445
子图1,系列1,13.848,0.1585032779
子图1,系列1,13.851,0.1835427615
子图1,系列1,13.854,0.2084188955
子图1,系列1,13.857,0.2329093191
子图1,系列1,13.86,0.2567619161
子图1,系列1,13.863,0.2796983988
子图1,系列1,13.866,0.3014205555
子图1,系列1,13.869,0.3216198868
子图1,系列1,13.872,0.3399897682
子图1,系列1,13.875,0.3562379918
子图1,系列1,13.878,0.3700976402
子图1,系列1,13.881,0.3813356125
子图1,系列1,13.884,0.3897596015
子图1,系列1,13.887,0.3952248017
子图1,系列1,13.89,0.397640849
子图1,系列1,13.893,0.3969780325
子图1,系列1,13.896,0.3932708105
子图1,系列1,13.899,0.3866170003
子图1,系列1,13.902,0.3771725504
子图1,系列1,13.905,0.3651434117
子图1,系列1,13.908,0.3507765807
子图1,系列1,13.911,0.3343516625
子图1,系列1,13.914,0.3161728448
子图1,系列1,13.917,0.2965599637
子图1,系列1,13.92,0.2758373954
子图1,系列1,13.923,0.2543209647
子图1,系列1,13.926,0.2323047717
子图1,系列1,13.929,0.2100505352
子图1,系列1,13.932,0.1877813657
子图1,系列1,13.935,0.1656800895
子图1,系列1,13.938,0.1438902966
子图1,系列1,13.941,0.1225177163
子图1,系列1,13.944,0.101630871
子图1,系列1,13.947,0.08126197958
子图1,系列1,13.95,0.06141036302
子图1,系列1,13.953,0.04205033475
子图1,系列1,13.956,0.02314350296
子图1,系列1,13.959,0.004652713756
子图1,系列1,13.962,-0.01344618281
子图1,系列1,13.965,-0.03115713441
子图1,系列1,13.968,-0.04846096591
子图1,系列1,13.971,-0.06531414416
子图1,系列1,13.974,-0.08164621653
子图1,系列1,13.977,-0.09735513561
子图1,系列1,13.98,-0.1123029307
子图1,系列1,13.983,-0.1263155878
子图1,系列1,13.986,-0.1391895668
子图1,系列1,13.989,-0.1507042091
子图1,系列1,13.992,-0.1606362353
子图1,系列1,13.995,-0.1687718074
子图1,系列1,13.998,-0.1749141693
子图1,系列1,14.001,-0.1788886097
子图1,系列1,14.004,-0.1805483569
子图1,系列1,14.007,-0.1797838943
子图1,系列1,14.01,-0.1765349459
子图1,系列1,14.013,-0.1708011632
子图1,系列1,14.016,-0.1626469519
子图1,系列1,14.019,-0.1521986797
子图1,系列1,14.022,-0.1396364367
子图1,系列1,14.025,-0.1251846458
子图1,系列1,14.028,-0.1091048832
子图1,系列1,14.031,-0.09169105973
子图1,系列1,14.034,-0.07326400023
子图1,系列1,14.037,-0.05416193501
子图1,系列1,14.04,-0.03472593774
子图1,系列1,14.043,-0.01528283224
子图1,系列1,14.046,0.003870057437
子图1,系列1,14.049,0.02247490124
子图1,系列1,14.052,0.04031766829
子图1,系列1,14.055,0.05722918495
子图1,系列1,14.058,0.07308615363
子图1,系列1,14.061,0.08781359174
子图1,系列1,14.064,0.1013874102
子图1,系列1,14.067,0.1138342116
子图1,系列1,14.07,0.1252259063
子图1,系列1,14.073,0.1356690209
子图1,系列1,14.076,0.145291113
子图1,系列1,14.079,0.1542277845
子图1,系列1,14.082,0.1626126638
子图1,系列1,14.085,0.1705703527
子图1,系列1,14.088,0.1782104404
子图1,系列1,14.091,0.1856204787
子图1,系列1,14.094,0.1928574112
子图1,系列1,14.097,0.1999391792
子图1,系列1,14.1,0.206839326
子图1,系列1,14.103,0.2134865118
子图1,系列1,14.106,0.2197686745
子图1,系列1,14.109,0.2255397343
子图1,系列1,14.112,0.2306264307
子图1,系列1,14.115,0.2348341841
子图1,系列1,14.118,0.2379527004
子图1,系列1,14.121,0.2397628833
子图1,系列1,14.124,0.2400459284
子图1,系列1,14.127,0.2385939668
子图1,系列1,14.13,0.2352205021
子图1,系列1,14.133,0.2297688452
子图1,系列1,14.136,0.2221177141
子图1,系列1,14.139,0.2121843891
子图1,系列1,14.142,0.1999264528
子图1,系列1,14.145,0.1853429191
子图1,系列1,14.148,0.1684748575
子图1,系列1,14.151,0.149404994
子图1,系列1,14.154,0.1282555973
子图1,系列1,14.157,0.1051843072
子图1,系列1,14.16,0.08037821837
子图1,系列1,14.163,0.05404711142
子图1,系列1,14.166,0.02641688975
子图1,系列1,14.169,-0.002276040924
子图1,系列1,14.172,-0.03178930106
子图1,系列1,14.175,-0.0618783265
子图1,系列1,14.178,-0.09229995082
子图1,系列1,14.181,-0.1228160758
子图1,系列1,14.184,-0.153197229
子图1,系列1,14.187,-0.1832254366
子图1,系列1,14.19,-0.2126958385
子图1,系列1,14.193,-0.2414167793
子图1,系列1,14.196,-0.2692085867
子图1,系列1,14.199,-0.2959017385
子图1,系列1,14.202,-0.3213353271
子图1,系列1,14.205,-0.3453565023
子图1,系列1,14.208,-0.367821034
子图1,系列1,14.211,-0.3885945423
子图1,系列1,14.214,-0.40755357
子图1,系列1,14.217,-0.4245858244
子图1,系列1,14.22,-0.4395896264
子图1,系列1,14.223,-0.4524734141
子图1,系列1,14.226,-0.4631564517
子图1,系列1,14.229,-0.4715714072
子图1,系列1,14.232,-0.4776684263
子图1,系列1,14.235,-0.4814193261
子图1,系列1,14.238,-0.4828202577
子图1,系列1,14.241,-0.4818919893
子图1,系列1,14.244,-0.4786783318
子图1,系列1,14.247,-0.4732441908
子图1,系列1,14.25,-0.4656746236
子图1,系列1,14.253,-0.4560752319
子图1,系列1,14.256,-0.4445728347
子图1,系列1,14.259,-0.4313145896
子图1,系列1,14.262,-0.4164643145
子图1,系列1,14.265,-0.4001962955
子图1,系列1,14.268,-0.3826882107
子图1,系列1,14.271,-0.364115175
子图1,系列1,14.274,-0.3446461213
子图1,系列1,14.277,-0.3244421327
子图1,系列1,14.28,-0.3036550786
子图1,系列1,14.283,-0.2824250246
子图1,系列1,14.286,-0.2608761751
子图1,系列1,14.289,-0.2391125784
子图1,系列1,14.292,-0.2172156012
子图1,系列1,14.295,-0.1952446132
子图1,系列1,14.298,-0.1732405918
子图1,系列1,14.301,-0.1512308383
子图1,系列1,14.304,-0.1292328756
子图1,系列1,14.307,-0.1072567966
子图1,系列1,14.31,-0.08530694144
子图1,系列1,14.313,-0.06338465648
子图1,系列1,14.316,-0.04149320286
子图1,系列1,14.319,-0.01964414153
子图1,系列1,14.322,0.002136748142
子图1,系列1,14.325,0.02380576044
子图1,系列1,14.328,0.04530010874
子图1,系列1,14.331,0.06653817674
子图1,系列1,14.334,0.0874196177
子图1,系列1,14.337,0.1078246851
子图1,系列1,14.34,0.1276135767
子图1,系列1,14.343,0.1466272262
子图1,系列1,14.346,0.1646904065
子图1,系列1,14.349,0.1816167759
子图1,系列1,14.352,0.1972146673
子图1,系列1,14.355,0.2112924978
子图1,系列1,14.358,0.2236633527
子图1,系列1,14.361,0.234149022
子图1,系列1,14.364,0.2425841089
子图1,系列1,14.367,0.2488205913
子图1,系列1,14.37,0.252732787
子图1,系列1,14.373,0.2542224195
子图1,系列1,14.376,0.2532232238
子图1,系列1,14.379,0.249704253
子图1,系列1,14.382,0.2436712533
子图1,系列1,14.385,0.23516621
子图1,系列1,14.388,0.2242659221
子图1,系列1,14.391,0.2110808647
子图1,系列1,14.394,0.1957552066
子图1,系列1,14.397,0.1784674533
子图1,系列1,14.4,0.1594298981
子图1,系列1,14.403,0.138885273
子图1,系列1,14.406,0.1171005691
子图1,系列1,14.409,0.0943597949
子图1,系列1,14.412,0.07095819286
子图1,系列1,14.415,0.04719925804
子图1,系列1,14.418,0.023393384
子图1,系列1,14.421,-0.0001446626493
子图1,系列1,14.424,-0.02310149631
子图1,系列1,14.427,-0.04517372083
子图1,系列1,14.43,-0.06607673283
子图1,系列1,14.433,-0.08555074325
子图1,系列1,14.436,-0.1033631884
子图1,系列1,14.439,-0.1193095284
子图1,系列1,14.442,-0.1332154051
子图1,系列1,14.445,-0.1449415308
子图1,系列1,14.448,-0.1543899392
子图1,系列1,14.451,-0.1615085712
子图1,系列1,14.454,-0.1662920312
子图1,系列1,14.457,-0.1687790114
子图1,系列1,14.46,-0.1690489102
子图1,系列1,14.463,-0.1672198308
子图1,系列1,14.466,-0.1634479499
子图1,系列1,14.469,-0.1579261683
子图1,系列1,14.472,-0.150879763
子图1,系列1,14.475,-0.1425586252
子图1,系列1,14.478,-0.1332279199
子图1,系列1,14.481,-0.1231596638
子图1,系列1,14.484,-0.1126263526
子图1,系列1,14.487,-0.1018957316
子图1,系列1,14.49,-0.09122482107
子图1,系列1,14.493,-0.08085210257
子图1,系列1,14.496,-0.07098859879
子图1,系列1,14.499,-0.06180990654
子图1,系列1,14.502,-0.05345103141
子图1,系列1,14.505,-0.04600444528
子图1,系列1,14.508,-0.03952035586
子图1,系列1,14.511,-0.03400773051
子图1,系列1,14.514,-0.02943528035
子图1,系列1,14.517,-0.02573274626
子图1,系列1,14.52,-0.02279356728
子图1,系列1,14.523,-0.02047987384
子图1,系列1,14.526,-0.01862993626
子图1,系列1,14.529,-0.01706730212
子图1,系列1,14.532,-0.0156103751
子图1,系列1,14.535,-0.01408130991
子图1,系列1,14.538,-0.01231367848
子图1,系列1,14.541,-0.01015901914
子图1,系列1,14.544,-0.007492718016
子图1,系列1,14.547,-0.004219548895
子图1,系列1,14.55,-0.0002787351501
子图1,系列1,14.553,0.004352134132
子图1,系列1,14.556,0.009655239224
子图1,系列1,14.559,0.01557333805
子图1,系列1,14.562,0.02201323134
子图1,系列1,14.565,0.02885125098
子图1,系列1,14.568,0.03593984722
子图1,系列1,14.571,0.04311457625
子图1,系列1,14.574,0.05020139269
子图1,系列1,14.577,0.0570245724
子图1,系列1,14.58,0.06341545539
子图1,系列1,14.583,0.06922168103
子图1,系列1,14.586,0.07431604485
子图1,系列1,14.589,0.0786039245
子图1,系列1,14.592,0.08202865719
子图1,系列1,14.595,0.08457493835
子图1,系列1,14.598,0.08627057455
子图1,系列1,14.601,0.08718666409
子图1,系列1,14.604,0.08743589933
子图1,系列1,14.607,0.08716856157
子图1,系列1,14.61,0.08656614692
子图1,系列1,14.613,0.08583318994
子图1,系列1,14.616,0.08518810334
子图1,系列1,14.619,0.08485351133
子图1,系列1,14.622,0.08504609187
子图1,系列1,14.625,0.08596588015
子图1,系列1,14.628,0.08778545639
子图1,系列1,14.631,0.09064003621
子图1,系列1,14.634,0.09461949944
子图1,系列1,14.637,0.09976272942
子图1,系列1,14.64,0.1060539483
子图1,系列1,14.643,0.1134206359
子图1,系列1,14.646,0.1217331936
子图1,系列1,14.649,0.1308071926
子图1,系列1,14.652,0.1404089313
子图1,系列1,14.655,0.1502639881
子图1,系列1,14.658,0.160067483
子图1,系列1,14.661,0.1694947591
子图1,系列1,14.664,0.1782120839
子图1,系列1,14.667,0.1858879654
子图1,系列1,14.67,0.1922057626
子图1,系列1,14.673,0.1968771781
子图1,系列1,14.676,0.199654955
子图1,系列1,14.679,0.2003429446
子图1,系列1,14.682,0.1988027711
子图1,系列1,14.685,0.1949576976
子图1,系列1,14.688,0.1887948479
子图1,系列1,14.691,0.1803662725
子图1,系列1,14.694,0.1697882482
子图1,系列1,14.697,0.1572377619
子图1,系列1,14.7,0.1429457059
子图1,系列1,14.703,0.1271873241
子图1,系列1,14.706,0.1102710345
子图1,系列1,14.709,0.09252657636
子图1,系列1,14.712,0.07429292173
子图1,系列1,14.715,0.05590621292
子图1,系列1,14.718,0.03768816817
子图1,系列1,14.721,0.01993554433
子图1,系列1,14.724,0.00291107221
子图1,系列1,14.727,-0.0131640893
子图1,系列1,14.73,-0.02811646848
子图1,系列1,14.733,-0.04182474365
子图1,系列1,14.736,-0.05422190402
子图1,系列1,14.739,-0.06529443879
子图1,系列1,14.742,-0.07507846032
子图1,系列1,14.745,-0.08365344473
子图1,系列1,14.748,-0.09113461941
子图1,系列1,14.751,-0.09766475142
子图1,系列1,14.754,-0.1034055832
子图1,系列1,14.757,-0.1085288421
子图1,系列1,14.76,-0.1132067764
子图1,系列1,14.763,-0.1176024516
子图1,系列1,14.766,-0.1218602894
子图1,系列1,14.769,-0.1260974179
子图1,系列1,14.772,-0.1303964297
子图1,系列1,14.775,-0.1348001501
子图1,系列1,14.778,-0.1393088051
子图1,系列1,14.781,-0.1438795417
子图1,系列1,14.784,-0.148427799
子图1,系列1,14.787,-0.1528298931
子图1,系列1,14.79,-0.1569265186
子图1,系列1,14.793,-0.1605273715
子图1,系列1,14.796,-0.1634172823
子图1,系列1,14.799,-0.1653640124
子图1,系列1,14.802,-0.1661274027
子图1,系列1,14.805,-0.1654692312
子图1,系列1,14.808,-0.1631631687
子图1,系列1,14.811,-0.1590044322
子图1,系列1,14.814,-0.152818738
子图1,系列1,14.817,-0.1444700583
子图1,系列1,14.82,-0.1338668744
子图1,系列1,14.823,-0.120967107
子图1,系列1,14.826,-0.1057823243
子图1,系列1,14.829,-0.0883817311
子图1,系列1,14.832,-0.06889566261
子图1,系列1,14.835,-0.04751731722
子图1,系列1,14.838,-0.02450124266
子图1,系列1,14.841,-0.0001580954502
子图1,系列1,14.844,0.02515325276
子图1,系列1,14.847,0.05103428551
子图1,系列1,14.85,0.07705459491
子图1,系列1,14.853,0.1027589201
子图1,系列1,14.856,0.1276751013
子图1,系列1,14.859,0.1513247792
子图1,系列1,14.862,0.1732372926
子图1,系列1,14.865,0.1929653145
子图1,系列1,14.868,0.2100996982
子图1,系列1,14.871,0.2242814976
子图1,系列1,14.874,0.2352108334
子图1,系列1,14.877,0.2426539377
子图1,系列1,14.88,0.246450098
子图1,系列1,14.883,0.2465191167
子图1,系列1,14.886,0.2428682191
子图1,系列1,14.889,0.2355962939
子图1,系列1,14.892,0.2248937245
子图1,系列1,14.895,0.2110375852
子图1,系列1,14.898,0.1943834707
子图1,系列1,14.901,0.1753556467
子图1,系列1,14.904,0.1544364503
子图1,系列1,14.907,0.132154683
子图1,系列1,14.91,0.1090721063
子图1,系列1,14.913,0.08576757353
子图1,系列1,14.916,0.06281935457
子图1,系列1,14.919,0.04078694056
子图1,系列1,14.922,0.02019360864
子图1,系列1,14.925,0.001510485192
子图1,系列1,14.928,-0.01485767664
子图1,系列1,14.931,-0.0285848617
子图1,系列1,14.934,-0.03943389913
子图1,系列1,14.937,-0.04726377008
子图1,系列1,14.94,-0.05203373841
子图1,系列1,14.943,-0.05380420291
子图1,系列1,14.946,-0.05273432274
子图1,系列1,14.949,-0.04907641237
子图1,系列1,14.952,-0.04316703292
子图1,系列1,14.955,-0.03541492631
子图1,系列1,14.958,-0.02628640251
子图1,系列1,14.961,-0.01628908312
子图1,系列1,14.964,-0.005954770384
子图1,系列1,14.967,0.00417817594
子图1,系列1,14.97,0.01358282561
子图1,系列1,14.973,0.02176173077
子图1,系列1,14.976,0.02826420819
子图1,系列1,14.979,0.03270159454
子图1,系列1,14.982,0.03475941127
子图1,系列1,14.985,0.03420610126
子图1,系列1,14.988,0.03089870207
子图1,系列1,14.991,0.02478602481
子图1,系列1,14.994,0.01590953847
子图1,系列1,14.997,0.004401545389
子图1,系列1,15,-0.009520066932
子图1,系列1,15.003,-0.02556085442
子图1,系列1,15.006,-0.04336217213
子图1,系列1,15.009,-0.06251568501
子图1,系列1,15.012,-0.08257866451
子图1,系列1,15.015,-0.1030890744
子图1,系列1,15.018,-0.1235800903
子图1,系列1,15.021,-0.1435942117
子图1,系列1,15.024,-0.1626971999
子图1,系列1,15.027,-0.1804916686
子图1,系列1,15.03,-0.1966295928
子图1,系列1,15.033,-0.2108227158
子图1,系列1,15.036,-0.22284991
子图1,系列1,15.039,-0.2325609195
子图1,系列1,15.042,-0.2398765747
子图1,系列1,15.045,-0.2447862166
子图1,系列1,15.048,-0.2473432972
子图1,系列1,15.051,-0.2476599458
子图1,系列1,15.054,-0.2459008098
子图1,系列1,15.057,-0.2422757599
子图1,系列1,15.06,-0.2370305949
子图1,系列1,15.063,-0.230435312
子图1,系列1,15.066,-0.2227706112
子图1,系列1,15.069,-0.2143143503
子图1,系列1,15.072,-0.2053300284
子图1,系列1,15.075,-0.196058599
子图1,系列1,15.078,-0.186713232
子图1,系列1,15.081,-0.1774752879
子图1,系列1,15.084,-0.168489855
子图1,系列1,15.087,-0.1598605976
子图1,系列1,15.09,-0.1516453612
子图1,系列1,15.093,-0.1438547837
子图1,系列1,15.096,-0.1364553489
子图1,系列1,15.099,-0.1293763756
子图1,系列1,15.102,-0.1225187809
子图1,系列1,15.105,-0.1157632323
子图1,系列1,15.108,-0.108976485
子图1,系列1,15.111,-0.1020164098
子图1,系列1,15.114,-0.09473731637
子图1,系列1,15.117,-0.08699696933
子图1,系列1,15.12,-0.07866542463
子图1,系列1,15.123,-0.0696344055
子图1,系列1,15.126,-0.05982528006
子图1,系列1,15.129,-0.04919410937
子图1,系列1,15.132,-0.03773343538
子图1,系列1,15.135,-0.02547173531
子图1,系列1,15.138,-0.01247200764
子图1,系列1,15.141,0.001169463221
子图1,系列1,15.144,0.0153241091
子图1,系列1,15.147,0.02983269304
子图1,系列1,15.15,0.04450860513
子图1,系列1,15.153,0.05914332767
子图1,系列1,15.156,0.07351366836
子图1,系列1,15.159,0.08738978747
子图1,系列1,15.162,0.1005430275
子图1,系列1,15.165,0.1127529316
子图1,系列1,15.168,0.123813284
子图1,系列1,15.171,0.1335372642
子图1,系列1,15.174,0.1417618784
子图1,系列1,15.177,0.1483518507
子图1,系列1,15.18,0.1532031468
子图1,系列1,15.183,0.1562461504
子图1,系列1,15.186,0.1574481881
子图1,系列1,15.189,0.1568147931
子图1,系列1,15.192,0.1543891573
子图1,系列1,15.195,0.1502496795
子图1,系列1,15.198,0.1445060612
子图1,系列1,15.201,0.1372947327
子图1,系列1,15.204,0.1287743533
子图1,系列1,15.207,0.1191217032
子图1,系列1,15.21,0.1085278302
子图1,系列1,15.213,0.09719419073
子图1,系列1,15.216,0.08532853342
子图1,系列1,15.219,0.07314024864
子图1,系列1,15.222,0.0608351332
子图1,系列1,15.225,0.0486100129
子图1,系列1,15.228,0.0366480735
子图1,系列1,15.231,0.02511589741
子图1,系列1,15.234,0.01416284656
子图1,系列1,15.237,0.00392230843
子图1,系列1,15.24,-0.005486839435
子图1,系列1,15.243,-0.01396019257
子图1,系列1,15.246,-0.02140964252
子图1,系列1,15.249,-0.02776591649
子图1,系列1,15.252,-0.03297970048
子图1,系列1,15.255,-0.03701973957
子图1,系列1,15.258,-0.03986838769
子图1,系列1,15.261,-0.04151705092
子图1,系列1,15.264,-0.04196415738
子图1,系列1,15.267,-0.04121666847
子图1,系列1,15.27,-0.03929381755
子图1,系列1,15.273,-0.03623023574
子图1,系列1,15.276,-0.03207622147
子图1,系列1,15.279,-0.02689530469
子图1,系列1,15.282,-0.02076139228
子图1,系列1,15.285,-0.01375803704
子图1,系列1,15.288,-0.005980762458
子图1,系列1,15.291,0.002458964424
子图1,系列1,15.294,0.01143088851
子图1,系列1,15.297,0.02078625007
子图1,系列1,15.3,0.03036098724
子图1,系列1,15.303,0.03997994304
子图1,系列1,15.306,0.04946012375
子图1,系列1,15.309,0.05861247005
子图1,系列1,15.312,0.06724336785
子图1,系列1,15.315,0.0751578148
子图1,系列1,15.318,0.08216514541
子图1,系列1,15.321,0.08808647443
子图1,系列1,15.324,0.0927620446
子图1,系列1,15.327,0.09605702099
子图1,系列1,15.33,0.09786553996
子图1,系列1,15.333,0.09811405773
子图1,系列1,15.336,0.09676522725
子图1,系列1,15.339,0.09382245443
子图1,系列1,15.342,0.08933394434
子图1,系列1,15.345,0.08339454148
子图1,系列1,15.348,0.07614427294
子图1,系列1,15.351,0.06776384394
子图1,系列1,15.354,0.05846855623
子图1,系列1,15.357,0.04850223394
子图1,系列1,15.36,0.03813162933
子图1,系列1,15.363,0.02764042444
子图1,系列1,15.366,0.0173213688
子图1,系列1,15.369,0.007465715793
子图1,系列1,15.372,-0.001649340236
子图1,系列1,15.375,-0.009773146393
子图1,系列1,15.378,-0.01669186041
子图1,系列1,15.381,-0.02223566796
子图1,系列1,15.384,-0.02628368858
子图1,系列1,15.387,-0.02876806876
子图1,系列1,15.39,-0.02967817153
子图1,系列1,15.393,-0.02906426206
子图1,系列1,15.396,-0.0270389404
子图1,系列1,15.399,-0.02377477848
子图1,系列1,15.402,-0.01949792916
子图1,系列1,15.405,-0.01447885422
子图1,系列1,15.408,-0.009021833761
子图1,系列1,15.411,-0.003454314431
子图1,系列1,15.414,0.001883932568
子图1,系列1,15.417,0.006652457625
子图1,系列1,15.42,0.01052288587
子图1,系列1,15.423,0.01319227314
子图1,系列1,15.426,0.01439596351
子图1,系列1,15.429,0.01391887606
子图1,系列1,15.432,0.01160459581
子图1,系列1,15.435,0.007362033192
子图1,系列1,15.438,0.001169579499
子图1,系列1,15.441,-0.006923298194
子图1,系列1,15.444,-0.01679706378
子图1,系列1,15.447,-0.02826559833
子图1,系列1,15.45,-0.04108191353
子图1,系列1,15.453,-0.054946054
子图1,系列1,15.456,-0.0695154167
子图1,系列1,15.459,-0.08441748826
子图1,系列1,15.462,-0.09926437879
子图1,系列1,15.465,-0.1136679441
子图1,系列1,15.468,-0.1272541266
子图1,系列1,15.471,-0.1396757756
子图1,系列1,15.474,-0.150624277
子图1,系列1,15.477,-0.159840686
子图1,系列1,15.48,-0.1671262798
子图1,系列1,15.483,-0.1723513618
子图1,系列1,15.486,-0.17546067
子图1,系列1,15.489,-0.1764743679
子图1,系列1,15.492,-0.1754851048
子图1,系列1,15.495,-0.172652772
子图1,系列1,15.498,-0.1681982282
子图1,系列1,15.501,-0.1623959168
子图1,系列1,15.504,-0.1555643142
子图1,系列1,15.507,-0.1480533775
子图1,系列1,15.51,-0.1402294843
子图1,系列1,15.513,-0.1324597178
子图1,系列1,15.516,-0.1250974657
子图1,系列1,15.519,-0.1184700757
子图1,系列1,15.522,-0.1128679901
子图1,系列1,15.525,-0.1085345126
子图1,系列1,15.528,-0.1056562486
子图1,系列1,15.531,-0.1043554205
子图1,系列1,15.534,-0.1046855699
子图1,系列1,15.537,-0.1066312608
子图1,系列1,15.54,-0.1101111056
子图1,系列1,15.543,-0.1149828306
子图1,系列1,15.546,-0.1210495441
子图1,系列1,15.549,-0.1280672808
子图1,系列1,15.552,-0.1357543838
子图1,系列1,15.555,-0.1438029415
子图1,系列1,15.558,-0.1518916615
子图1,系列1,15.561,-0.1596989885
子图1,系列1,15.564,-0.1669153375
子图1,系列1,15.567,-0.1732538216
子图1,系列1,15.57,-0.1784593308
子图1,系列1,15.573,-0.1823160173
子图1,系列1,15.576,-0.1846531761
子图1,系列1,15.579,-0.1853493224
子图1,系列1,15.582,-0.1843341747
子图1,系列1,15.585,-0.1815883194
子图1,系列1,15.588,-0.1771404452
子图1,系列1,15.591,-0.1710622845
子图1,系列1,15.594,-0.1634618067
子图1,系列1,15.597,-0.1544754407
子图1,系列1,15.6,-0.1442599295
子图1,系列1,15.603,-0.1329840558
子图1,系列1,15.606,-0.1208202233
子图1,系列1,15.609,-0.1079359502
子图1,系列1,15.612,-0.09448584997
子图1,系列1,15.615,-0.08060517617
子图1,系列1,15.618,-0.06640583248
子图1,系列1,15.621,-0.05197489266
子图1,系列1,15.624,-0.03737486193
子图1,系列1,15.627,-0.0226447525
子图1,系列1,15.63,-0.007801682531
子图1,系列1,15.633,0.007156349653
子图1,系列1,15.636,0.02224549796
子图1,系列1,15.639,0.03748857978
子图1,系列1,15.642,0.05290601725
子图1,系列1,15.645,0.06850702061
子图1,系列1,15.648,0.08428261731
子图1,系列1,15.651,0.1002010447
子图1,系列1,15.654,0.1162048518
子图1,系列1,15.657,0.1322085741
子图1,系列1,15.66,0.1480963555
子图1,系列1,15.663,0.1637200083
子图1,系列1,15.666,0.1788988426
子图1,系列1,15.669,0.1934225631
子图1,系列1,15.672,0.2070577143
子图1,系列1,15.675,0.2195569672
子图1,系列1,15.678,0.2306695916
子图1,系列1,15.681,0.2401513862
子图1,系列1,15.684,0.2477732234
子图1,系列1,15.687,0.2533285266
子图1,系列1,15.69,0.256640705
子图1,系列1,15.693,0.2575713943
子图1,系列1,15.696,0.2560292748
子图1,系列1,15.699,0.2519779515
子图1,系列1,15.702,0.2454409697
子图1,系列1,15.705,0.2365028301
子图1,系列1,15.708,0.2253062661
子图1,系列1,15.711,0.2120471908
子图1,系列1,15.714,0.1969689107
子图1,系列1,15.717,0.1803562307
子图1,系列1,15.72,0.162528811
子图1,系列1,15.723,0.1438326835
子图1,系列1,15.726,0.1246294557
子图1,系列1,15.729,0.1052838755
子图1,系列1,15.732,0.08615136292
子图1,系列1,15.735,0.06756710134
子图1,系列1,15.738,0.04983726037
子图1,系列1,15.741,0.03323186588
子图1,系列1,15.744,0.01797861116
子图1,系列1,15.747,0.004257490407
子图1,系列1,15.75,-0.007803022152
子图1,系列1,15.753,-0.01812716357
子图1,系列1,15.756,-0.02668999844
子图1,系列1,15.759,-0.0335131905
子图1,系列1,15.762,-0.0386597502
子图1,系列1,15.765,-0.04222861403
子图1,系列1,15.768,-0.04434887957
子图1,系列1,15.771,-0.0451728004
子图1,系列1,15.774,-0.04486697786
子图1,系列1,15.777,-0.04360246821
子图1,系列1,15.78,-0.04154560727
子图1,系列1,15.783,-0.03885118756
子图1,系列1,15.786,-0.03565831969
子图1,系列1,15.789,-0.03208790672
子图1,系列1,15.792,-0.02824026336
子图1,系列1,15.795,-0.02419236661
子图1,系列1,15.798,-0.01999568848
子图1,系列1,15.801,-0.01567620999
子图1,系列1,15.804,-0.01123749187
子图1,系列1,15.807,-0.006666192712
子图1,系列1,15.81,-0.001938359874
子图1,系列1,15.813,0.002975032397
子图1,系列1,15.816,0.008103718798
子图1,系列1,15.819,0.0134743149
子图1,系列1,15.822,0.01910615759
子图1,系列1,15.825,0.02500658133
子图1,系列1,15.828,0.03116627863
子图1,系列1,15.831,0.03755575825
子图1,系列1,15.834,0.04412356902
子图1,系列1,15.837,0.05079636682
子图1,系列1,15.84,0.05748050524
子图1,系列1,15.843,0.06406471407
子图1,系列1,15.846,0.07042352391
子图1,系列1,15.849,0.07642120765
子图1,系列1,15.852,0.0819160366
子图1,系列1,15.855,0.0867647683
子图1,系列1,15.858,0.09082754385
子图1,系列1,15.861,0.09397342766
子图1,系列1,15.864,0.09608646134
子图1,系列1,15.867,0.09707153995
子图1,系列1,15.87,0.09685907094
子图1,系列1,15.873,0.09540767244
子图1,系列1,15.876,0.09270509978
子图1,系列1,15.879,0.08876841898
子图1,系列1,15.882,0.08364440077
子图1,系列1,15.885,0.07741018393
子图1,系列1,15.888,0.07017318154
子图1,系列1,15.891,0.06206891617
子图1,系列1,15.894,0.05325637817
子图1,系列1,15.897,0.04391191426
子图1,系列1,15.9,0.03422334434
子图1,系列1,15.903,0.02438540642
子图1,系列1,15.906,0.0145962661
子图1,系列1,15.909,0.005053828024
子图1,系列1,15.912,-0.004049218923
子图1,系列1,15.915,-0.01253150299
子图1,系列1,15.918,-0.02022896667
子图1,系列1,15.921,-0.02699937165
子图1,系列1,15.924,-0.03272480705
子图1,系列1,15.927,-0.037312768
子图1,系列1,15.93,-0.04069679257
子图1,系列1,15.933,-0.04283730405
子图1,系列1,15.936,-0.04372260589
子图1,系列1,15.939,-0.04336941179
子图1,系列1,15.942,-0.04182225378
子图1,系列1,15.945,-0.03915149676
子图1,系列1,15.948,-0.03545007799
子图1,系列1,15.951,-0.03082942976
子图1,系列1,15.954,-0.02541538458
子图1,系列1,15.957,-0.01934478661
子图1,系列1,15.96,-0.0127628789
子图1,系列1,15.963,-0.005820823054
子图1,系列1,15.966,0.001327603019
子图1,系列1,15.969,0.008530698817
子图1,系列1,15.972,0.01564434017
子图1,系列1,15.975,0.02253664762
子图1,系列1,15.978,0.02909045543
子图1,系列1,15.981,0.03520364653
子图1,系列1,15.984,0.04078877446
子图1,系列1,15.987,0.04577366562
子图1,系列1,15.99,0.05010354463
子图1,系列1,15.993,0.0537434091
子图1,系列1,15.996,0.05667859411
子图1,系列1,15.999,0.05891253079
子图1,系列1,16.002,0.06046255897
子图1,系列1,16.005,0.06135573711
子图1,系列1,16.008,0.0616261463
子图1,系列1,16.011,0.0613135751
子图1,系列1,16.014,0.06046211518
子图1,系列1,16.017,0.05911736782
子图1,系列1,16.02,0.05732235032
子图1,系列1,16.023,0.05511338727
子图1,系列1,16.026,0.0525173216
子图1,系列1,16.029,0.04955039185
子图1,系列1,16.032,0.04621802804
子图1,系列1,16.035,0.04251465887
子图1,系列1,16.038,0.03842346801
子图1,系列1,16.041,0.03391689278
子图1,系列1,16.044,0.0289586401
子图1,系列1,16.047,0.02350716846
子图1,系列1,16.05,0.01751973205
子图1,系列1,16.053,0.01095600393
子图1,系列1,16.056,0.003781078338
子图1,系列1,16.059,-0.004031472105
子图1,系列1,16.062,-0.01249569242
子图1,系列1,16.065,-0.02160845206
子图1,系列1,16.068,-0.03134467437
子图1,系列1,16.071,-0.04165382891
子图1,系列1,16.074,-0.05245834462
子图1,系列1,16.077,-0.06365365694
子图1,系列1,16.08,-0.07510908218
子图1,系列1,16.083,-0.0866689224
子图1,系列1,16.086,-0.09815386971
子图1,系列1,16.089,-0.10936331
子图1,系列1,16.092,-0.1200790419
子图1,系列1,16.095,-0.1300703749
子图1,系列1,16.098,-0.1391001445
子图1,系列1,16.101,-0.1469311663
子图1,系列1,16.104,-0.1533328614
子图1,系列1,16.107,-0.1580879818
子图1,系列1,16.11,-0.1609993199
子图1,系列1,16.113,-0.1618959809
子图1,系列1,16.116,-0.1606386669
子图1,系列1,16.119,-0.1571237519
子图1,系列1,16.122,-0.1512864306
子图1,系列1,16.125,-0.1431034212
子图1,系列1,16.128,-0.1325954178
子图1,系列1,16.131,-0.1198288785
子图1,系列1,16.134,-0.1049162651
子图1,系列1,16.137,-0.0880140564
子图1,系列1,16.14,-0.06931868423
子图1,系列1,16.143,-0.0490613609
子图1,系列1,16.146,-0.02750294821
子图1,系列1,16.149,-0.004929437511
子图1,系列1,16.152,0.01835229538
子图1,系列1,16.155,0.0420193462
子图1,系列1,16.158,0.06573893195
子图1,系列1,16.161,0.08917572935
子图1,系列1,16.164,0.1119995224
子图1,系列1,16.167,0.1338920731
子图1,系列1,16.17,0.1545525643
子图1,系列1,16.173,0.1737016722
子图1,系列1,16.176,0.1910848913
子图1,系列1,16.179,0.2064758445
子图1,系列1,16.182,0.2196799267
子图1,系列1,16.185,0.2305380345
子图1,系列1,16.188,0.238929712
子图1,系列1,16.191,0.2447750044
子图1,系列1,16.194,0.2480347172
子图1,系列1,16.197,0.2487094189
子图1,系列1,16.2,0.2468379565
子图1,系列1,16.203,0.2424961305
子图1,系列1,16.206,0.2357956101
子图1,系列1,16.209,0.2268825515
子图1,系列1,16.212,0.2159351844
子图1,系列1,16.215,0.2031600295
子图1,系列1,16.218,0.1887870907
子图1,系列1,16.221,0.1730647582
子图1,系列1,16.224,0.1562549716
子图1,系列1,16.227,0.1386286296
子图1,系列1,16.23,0.1204607967
子图1,系列1,16.233,0.1020252863
子图1,系列1,16.236,0.08358863317
子图1,系列1,16.239,0.06540392788
子图1,系列1,16.242,0.04770512296
子图1,系列1,16.245,0.03070218806
子图1,系列1,16.248,0.01457712871
子图1,系列1,16.251,-0.0005193039113
子图1,系列1,16.254,-0.01447035804
子图1,系列1,16.257,-0.02719549746
子图1,系列1,16.26,-0.03865192576
子图1,系列1,16.263,-0.04883508285
子图1,系列1,16.266,-0.05777772287
子图1,系列1,16.269,-0.06554730183
子图1,系列1,16.272,-0.07224171301
子图1,系列1,16.275,-0.07798385668
子图1,系列1,16.278,-0.08291583322
子图1,系列1,16.281,-0.08719335321
子图1,系列1,16.284,-0.09098033307
子图1,系列1,16.287,-0.09444307832
子图1,系列1,16.29,-0.09774342157
子图1,系列1,16.293,-0.1010308202
子图1,系列1,16.296,-0.1044343683
子图1,系列1,16.299,-0.1080561933
子图1,系列1,16.302,-0.1119672887
子图1,系列1,16.305,-0.116205749
子图1,系列1,16.308,-0.1207764026
子图1,系列1,16.311,-0.1256507064
子图1,系列1,16.314,-0.1307665615
子图1,系列1,16.317,-0.1360287871
子图1,系列1,16.32,-0.1413114798
子图1,系列1,16.323,-0.1464630368
子图1,系列1,16.326,-0.1513135549
子图1,系列1,16.329,-0.1556834043
子图1,系列1,16.332,-0.1593916681
子图1,系列1,16.335,-0.1622637592
子图1,系列1,16.338,-0.1641382118
子图1,系列1,16.341,-0.1648729981
子图1,系列1,16.344,-0.164351655
子图1,系列1,16.347,-0.1624891472
子图1,系列1,16.35,-0.1592370836
子图1,系列1,16.353,-0.1545878536
子图1,系列1,16.356,-0.1485771783
子图1,系列1,16.359,-0.1412844072
子图1,系列1,16.362,-0.1328300783
子图1,系列1,16.365,-0.123370913
子图1,系列1,16.368,-0.1130931446
子图1,系列1,16.371,-0.1022054898
子图1,系列1,16.374,-0.09093274635
子图1,系列1,16.377,-0.07950983509
子图1,系列1,16.38,-0.06817500105
子图1,系列1,16.383,-0.05716099611
子图1,系列1,16.386,-0.04668438116
子图1,系列1,16.389,-0.0369346483
子图1,系列1,16.392,-0.02806558852
子图1,系列1,16.395,-0.02019050658
子图1,系列1,16.398,-0.01338090203
子图1,系列1,16.401,-0.00766665303
子图1,系列1,16.404,-0.003035814539
子图1,系列1,16.407,0.0005663378069
子图1,系列1,16.41,0.003237621238
子图1,系列1,16.413,0.005116488281
子图1,系列1,16.416,0.006375572031
子图1,系列1,16.419,0.007211909994
子图1,系列1,16.422,0.007835977279
子图1,系列1,16.425,0.008461705967
子图1,系列1,16.428,0.009298486542
子图1,系列1,16.431,0.01054465656
子图1,系列1,16.434,0.01238116584
子图1,系列1,16.437,0.01496444753
子图1,系列1,16.44,0.01841867206
子图1,系列1,16.443,0.02282863405
子图1,系列1,16.446,0.02823483369
子图1,系列1,16.449,0.03463176103
子图1,系列1,16.452,0.04196933059
子图1,系列1,16.455,0.05015646309
子图1,系列1,16.458,0.05906554423
子图1,系列1,16.461,0.06853700362
子图1,系列1,16.464,0.07838410168
子图1,系列1,16.467,0.08839860105
子图1,系列1,16.47,0.09835794419
子图1,系列1,16.473,0.1080338587
子图1,系列1,16.476,0.1172014628
子图1,系列1,16.479,0.1256476132
子图1,系列1,16.482,0.1331776518
子图1,系列1,16.485,0.1396204978
子图1,系列1,16.488,0.1448326148
子图1,系列1,16.491,0.1487013633
子图1,系列1,16.494,0.1511477117
子图1,系列1,16.497,0.1521277217
子图1,系列1,16.5,0.1516321944
子图1,系列1,16.503,0.1496844161
子图1,系列1,16.506,0.1463365998
子图1,系列1,16.509,0.1416658765
子图1,系列1,16.512,0.1357704039
子图1,系列1,16.515,0.1287656012
子图1,系列1,16.518,0.1207800937
子图1,系列1,16.521,0.1119510491
子图1,系列1,16.524,0.1024191249
子图1,系列1,16.527,0.09232375315
子图1,系列1,16.53,0.08179958486
子图1,系列1,16.533,0.07097455641
子图1,系列1,16.536,0.05996939894
子图1,系列1,16.539,0.04889786795
子图1,系列1,16.542,0.0378669284
子图1,系列1,16.545,0.02697659172
子图1,系列1,16.548,0.01631970552
子图1,系列1,16.551,0.005982337399
子图1,系列1,16.554,-0.00395480782
子图1,系列1,16.557,-0.01341415594
子图1,系列1,16.56,-0.02231904782
子图1,系列1,16.563,-0.0305924635
子图1,系列1,16.566,-0.03815712504
子图1,系列1,16.569,-0.04493670702
子图1,系列1,16.572,-0.05085746195
子图1,系列1,16.575,-0.05584973898
子图1,系列1,16.578,-0.05984942139
子图1,系列1,16.581,-0.06279969176
子图1,系列1,16.584,-0.06465343464
子图1,系列1,16.587,-0.06537615909
子图1,系列1,16.59,-0.06494894593
子图1,系列1,16.593,-0.0633708745
子图1,系列1,16.596,-0.06066069226
子图1,系列1,16.599,-0.05685788035
子图1,系列1,16.602,-0.0520233298
子图1,系列1,16.605,-0.04623955815
子图1,系列1,16.608,-0.03961012681
子图1,系列1,16.611,-0.03225785991
子图1,系列1,16.614,-0.024321613
子图1,系列1,16.617,-0.01595175815
子图1,系列1,16.62,-0.007305049817
子图1,系列1,16.623,0.001460343811
子图1,系列1,16.626,0.01018916022
子图1,系列1,16.629,0.01873271934
子图1,系列1,16.632,0.02695251861
子图1,系列1,16.635,0.03472453216
子图1,系列1,16.638,0.04194438985
子图1,系列1,16.641,0.04853250522
子图1,系列1,16.644,0.05443755151
子图1,系列1,16.647,0.05963696829
子图1,系列1,16.65,0.06413440405
子图1,系列1,16.653,0.06795555767
子图1,系列1,16.656,0.07114453364
子图1,系列1,16.659,0.07376182788
子图1,系列1,16.662,0.07588318137
子图1,系列1,16.665,0.0775972699
子图1,系列1,16.668,0.0790004902
子图1,系列1,16.671,0.08018887962
子图1,系列1,16.674,0.08124926059
子图1,系列1,16.677,0.08225239585
子图1,系列1,16.68,0.0832496967
子图1,系列1,16.683,0.0842728691
子图1,系列1,16.686,0.08533441604
子图1,系列1,16.689,0.08642710403
子图1,系列1,16.692,0.08752213006
子图1,系列1,16.695,0.08856752042
子图1,系列1,16.698,0.08948886664
子图1,系列1,16.701,0.09019349813
子图1,系列1,16.704,0.09057745785
子图1,系列1,16.707,0.09053342608
子图1,系列1,16.71,0.08995775951
子图1,系列1,16.713,0.08875591315
子图1,系列1,16.716,0.08684679166
子图1,系列1,16.719,0.0841671063
子图1,系列1,16.722,0.08067634254
子图1,系列1,16.725,0.07636196308
子图1,系列1,16.728,0.07124372668
子图1,系列1,16.731,0.06537597367
子图1,系列1,16.734,0.05884734548
子图1,系列1,16.737,0.05177817791
子图1,系列1,16.74,0.04431624476
子图1,系列1,16.743,0.0366314759
子图1,系列1,16.746,0.02890993191
子图1,系列1,16.749,0.02134701584
子图1,系列1,16.752,0.01413983014
子图1,系列1,16.755,0.00747872631
子图1,系列1,16.758,0.001538340271
子图1,系列1,16.761,-0.003531369336
子图1,系列1,16.764,-0.00761344855
子图1,系列1,16.767,-0.01063100421
子图1,系列1,16.77,-0.01255247669
子图1,系列1,16.773,-0.01339491101
子图1,系列1,16.776,-0.01322530551
子图1,系列1,16.779,-0.01216018569
子图1,系列1,16.782,-0.01036342127
子图1,系列1,16.785,-0.008042124156
子图1,系列1,16.788,-0.005440387817
子图1,系列1,16.791,-0.002830865954
子图1,系列1,16.794,-0.0005046817312
子图1,系列1,16.797,0.001239568627
子图1,系列1,16.8,0.002107122084
子图1,系列1,16.803,0.00181838942
子图1,系列1,16.806,0.0001202388556
子图1,系列1,16.809,-0.003203000843
子图1,系列1,16.812,-0.008319500415
子图1,系列1,16.815,-0.01534184715
子图1,系列1,16.818,-0.0243215774
子图1,系列1,16.821,-0.03524626436
子图1,系列1,16.824,-0.04803864286
子图1,系列1,16.827,-0.06255735972
子图1,系列1,16.83,-0.07859952016
子图1,系列1,16.833,-0.09590574075
子图1,系列1,16.836,-0.1141682334
子图1,系列1,16.839,-0.1330415306
子图1,系列1,16.842,-0.1521546185
子图1,系列1,16.845,-0.1711231496
子图1,系列1,16.848,-0.1895610612
子图1,系列1,16.851,-0.2070917974
子图1,系列1,16.854,-0.2233596317
子图1,系列1,16.857,-0.2380410177
子图1,系列1,16.86,-0.2508550217
子图1,系列1,16.863,-0.2615715972
子图1,系列1,16.866,-0.2700169674
子图1,系列1,16.869,-0.2760762648
子图1,系列1,16.872,-0.2796941581
子图1,系列1,16.875,-0.2808740305
子图1,系列1,16.878,-0.2796755987
子图1,系列1,16.881,-0.276210436
子图1,系列1,16.884,-0.2706351466
子图1,系列1,16.887,-0.2631426593
子图1,系列1,16.89,-0.2539526798
子图1,系列1,16.893,-0.2433023575
子图1,系列1,16.896,-0.2314376673
子图1,系列1,16.899,-0.2186053046
子图1,系列1,16.902,-0.2050446889
子图1,系列1,16.905,-0.190980077
子图1,系列1,16.908,-0.1766133908
子图1,系列1,16.911,-0.1621187114
子图1,系列1,16.914,-0.1476392321
子图1,系列1,16.917,-0.1332867733
子图1,系列1,16.92,-0.1191431471
子图1,系列1,16.923,-0.1052623556
子图1,系列1,16.926,-0.0916729298
子图1,系列1,16.929,-0.07838038873
子图1,系列1,16.932,-0.06537042266
子图1,系列1,16.935,-0.05261352923
子图1,系列1,16.938,-0.04007114657
子图1,系列1,16.941,-0.02770235972
子图1,系列1,16.944,-0.01546979638
子图1,系列1,16.947,-0.003343638319
子图1,系列1,16.95,0.008696395286
子图1,系列1,16.953,0.02066015336
子图1,系列1,16.956,0.03254596015
子图1,系列1,16.959,0.04433884394
子图1,系列1,16.962,0.05600879626
子图1,系列1,16.965,0.06751036883
子图1,系列1,16.968,0.07878455377
子图1,系列1,16.971,0.08976266961
子图1,系列1,16.974,0.1003706792
子图1,系列1,16.977,0.1105322195
子图1,系列1,16.98,0.1201698475
子图1,系列1,16.983,0.1292054736
子图1,系列1,16.986,0.1375615459
子图1,系列1,16.989,0.1451638545
子图1,系列1,16.992,0.1519452616
子图1,系列1,16.995,0.1578485077
子图1,系列1,16.998,0.1628266213
子图1,系列1,17.001,0.16684109
子图1,系列1,17.004,0.1698594536
子图1,系列1,17.007,0.1718541958
子图1,系列1,17.01,0.1728036087
子图1,系列1,17.013,0.1726936728
子图1,系列1,17.016,0.1715191902
子图1,系列1,17.019,0.1692830449
子图1,系列1,17.022,0.1659939981
子图1,系列1,17.025,0.1616646095
子图1,系列1,17.028,0.1563108258
子图1,系列1,17.031,0.1499537101
子图1,系列1,17.034,0.142622541
子图1,系列1,17.037,0.1343577669
子图1,系列1,17.04,0.1252124922
子图1,系列1,17.043,0.1152521999
子图1,系列1,17.046,0.1045535118
子图1,系列1,17.049,0.09320328892
子图1,系列1,17.052,0.08129908959
子图1,系列1,17.055,0.06895096686
子图1,系列1,17.058,0.05628329319
子图1,系列1,17.061,0.04343481557
子图1,系列1,17.064,0.03055597157
子图1,系列1,17.067,0.01780406312
子图1,系列1,17.07,0.005338147508
子图1,系列1,17.073,-0.006684508062
子图1,系列1,17.076,-0.01811003646
子图1,系列1,17.079,-0.02878904442
子图1,系列1,17.082,-0.03857906294
子图1,系列1,17.085,-0.04734913791
子图1,系列1,17.088,-0.05498547236
子图1,系列1,17.091,-0.06139596272
子图1,系列1,17.094,-0.06651210386
子图1,系列1,17.097,-0.07028852264
子图1,系列1,17.1,-0.07270175305
子图1,系列1,17.103,-0.07374971738
子图1,系列1,17.106,-0.07345202359
子图1,系列1,17.109,-0.07184987683
子图1,系列1,17.112,-0.06900428214
子图1,系列1,17.115,-0.06499231688
子图1,系列1,17.118,-0.05990247893
子图1,系列1,17.121,-0.05383043046
子图1,系列1,17.124,-0.04687576488
子图1,系列1,17.127,-0.03913943156
子图1,系列1,17.13,-0.03072105871
子图1,系列1,17.133,-0.02171593927
子图1,系列1,17.136,-0.01221223933
子图1,系列1,17.139,-0.002289208676
子图1,系列1,17.142,0.007983271064
子图1,系列1,17.145,0.01854409956
子图1,系列1,17.148,0.02933994332
子图1,系列1,17.151,0.0403240953
子图1,系列1,17.154,0.05145488515
子图1,系列1,17.157,0.06269315968
子图1,系列1,17.16,0.07399888443
子图1,系列1,17.163,0.08532754631
子图1,系列1,17.166,0.09662724357
子图1,系列1,17.169,0.1078369705
子图1,系列1,17.172,0.1188857927
子图1,系列1,17.175,0.1296920775
子图1,系列1,17.178,0.1401623679
子图1,系列1,17.181,0.1501904635
子图1,系列1,17.184,0.1596578352
子图1,系列1,17.187,0.1684362492
子图1,系列1,17.19,0.1763924778
子图1,系列1,17.193,0.183393835
子图1,系列1,17.196,0.1893130214
子图1,系列1,17.199,0.1940317892
子图1,系列1,17.202,0.1974442295
子图1,系列1,17.205,0.1994609488
子图1,系列1,17.208,0.2000147375
子图1,系列1,17.211,0.1990669265
子图1,系列1,17.214,0.1966125266
子图1,系列1,17.217,0.1926825524
子图1,系列1,17.22,0.1873434768
子图1,系列1,17.223,0.1806951564
子图1,系列1,17.226,0.1728687955
子图1,系列1,17.229,0.1640254976
子图1,系列1,17.232,0.1543544454
子图1,系列1,17.235,0.1440690124
子图1,系列1,17.238,0.1333998986
子图1,系列1,17.241,0.1225860344
子图1,系列1,17.244,0.1118651197
子图1,系列1,17.247,0.1014655279
子图1,系列1,17.25,0.09160008942
子图1,系列1,17.253,0.08246089045
子图1,系列1,17.256,0.07421378916
子图1,系列1,17.259,0.06699220199
子图1,系列1,17.262,0.06089103506
子图1,系列1,17.265,0.05596235304
子图1,系列1,17.268,0.05221404129
子图1,系列1,17.271,0.04961157432
子图1,系列1,17.274,0.04808183689
子图1,系列1,17.277,0.04751763138
子图1,系列1,17.28,0.0477821888
子图1,系列1,17.283,0.04871398786
子图1,系列1,17.286,0.05013272523
子图1,系列1,17.289,0.05184703007
子图1,系列1,17.292,0.05366360328
子图1,系列1,17.295,0.05539657269
子图1,系列1,17.298,0.05687574555
子图1,系列1,17.301,0.05795310696
子图1,系列1,17.304,0.058507746
子图1,系列1,17.307,0.05844983245
子图1,系列1,17.31,0.05772402723
子图1,系列1,17.313,0.05631198767
子图1,系列1,17.316,0.05423317337
子图1,系列1,17.319,0.05154344671
子图1,系列1,17.322,0.04833165146
子图1,系列1,17.325,0.04471486115
子图1,系列1,17.328,0.04083299619
子图1,系列1,17.331,0.03684302317
子图1,系列1,17.334,0.0329124777
子图1,系列1,17.337,0.02921218639
子图1,系列1,17.34,0.0259086516
子图1,系列1,17.343,0.02315693931
子图1,系列1,17.346,0.02109473882
子图1,系列1,17.349,0.01983767591
子图1,系列1,17.352,0.01947543171
子图1,系列1,17.355,0.02006831993
子图1,系列1,17.358,0.02164465629
子图1,系列1,17.361,0.02419973489
子图1,系列1,17.364,0.02769695295
子图1,系列1,17.367,0.03207079316
子图1,系列1,17.37,0.03723064099
子图1,系列1,17.373,0.04306448092
子图1,系列1,17.376,0.04944242701
子图1,系列1,17.379,0.05622091004
子图1,系列1,17.382,0.0632482726
子图1,系列1,17.385,0.07037154128
子图1,系列1,17.388,0.07744305584
子图1,系列1,17.391,0.08432544349
子图1,系列1,17.394,0.09089450101
子图1,系列1,17.397,0.09704098214
子图1,系列1,17.4,0.1026727335
子图1,系列1,17.403,0.1077177149
子图1,系列1,17.406,0.1121269562
子图1,系列1,17.409,0.1158756932
子图1,系列1,17.412,0.1189616724
子图1,系列1,17.415,0.1214014121
子图1,系列1,17.418,0.1232263897
子图1,系列1,17.421,0.1244806541
子图1,系列1,17.424,0.1252197432
子图1,系列1,17.427,0.1255093557
子图1,系列1,17.43,0.1254222031
子图1,系列1,17.433,0.1250329926
子图1,系列1,17.436,0.1244131956
子图1,系列1,17.439,0.123627541
子图1,系列1,17.442,0.1227328741
子图1,系列1,17.445,0.121778331
子图1,系列1,17.448,0.1208050514
子图1,系列1,17.451,0.1198444783
子图1,系列1,17.454,0.1189159495
子图1,系列1,17.457,0.1180252839
子图1,系列1,17.46,0.1171655456
子图1,系列1,17.463,0.1163196765
子图1,系列1,17.466,0.1154635069
子图1,系列1,17.469,0.1145676699
子图1,系列1,17.472,0.1135980534
子图1,系列1,17.475,0.1125157
子图1,系列1,17.478,0.111277524
子图1,系列1,17.481,0.1098385404
子图1,系列1,17.484,0.1081551066
子图1,系列1,17.487,0.1061879149
子图1,系列1,17.49,0.1039036071
子图1,系列1,17.493,0.1012747194
子图1,系列1,17.496,0.09827865173
子图1,系列1,17.499,0.09489684766
子图1,系列1,17.502,0.09111501127
子图1,系列1,17.505,0.08692426713
子图1,系列1,17.508,0.08232238047
子图1,系列1,17.511,0.07731395239
子图1,系列1,17.514,0.07190901399
子图1,系列1,17.517,0.06612043444
子图1,系列1,17.52,0.05996132964
子图1,系列1,17.523,0.05344357507
子图1,系列1,17.526,0.04657771174
子图1,系列1,17.529,0.03937359636
子图1,系列1,17.532,0.03184066453
子图1,系列1,17.535,0.02398703044
子图1,系列1,17.538,0.01581767235
子图1,系列1,17.541,0.007332797952
子图1,系列1,17.544,-0.001472532031
子图1,系列1,17.547,-0.010607192
子图1,系列1,17.55,-0.02008179812
子图1,系列1,17.553,-0.02990665642
子图1,系列1,17.556,-0.04009061204
子图1,系列1,17.559,-0.05064058002
子图1,系列1,17.562,-0.0615608564
子图1,系列1,17.565,-0.07285144217
子图1,系列1,17.568,-0.08450534795
子图1,系列1,17.571,-0.0965056717
子图1,系列1,17.574,-0.1088235217
子图1,系列1,17.577,-0.1214172444
子图1,系列1,17.58,-0.1342324573
子图1,系列1,17.583,-0.1472020053
子图1,系列1,17.586,-0.1602453887
子图1,系列1,17.589,-0.1732680532
子图1,系列1,17.592,-0.1861615548
子图1,系列1,17.595,-0.1988054033
子图1,系列1,17.598,-0.2110703791
子图1,系列1,17.601,-0.2228222409
子图1,系列1,17.604,-0.2339247899
子图1,系列1,17.607,-0.2442420971
子图1,系列1,17.61,-0.2536406479
子图1,系列1,17.613,-0.2619924744
子图1,系列1,17.616,-0.2691796146
子图1,系列1,17.619,-0.2750990298
子图1,系列1,17.622,-0.2796665457
子图1,系列1,17.625,-0.2828189187
子图1,系列1,17.628,-0.2845142627
子图1,系列1,17.631,-0.2847319551
子图1,系列1,17.634,-0.2834730642
子图1,系列1,17.637,-0.2807613125
子图1,系列1,17.64,-0.2766435193
子图1,系列1,17.643,-0.2711883444
子图1,系列1,17.646,-0.2644830163
子图1,系列1,17.649,-0.2566288436
子图1,系列1,17.652,-0.2477368588
子图1,系列1,17.655,-0.2379244796
子图1,系列1,17.658,-0.2273129647
子图1,系列1,17.661,-0.2160247047
子图1,系列1,17.664,-0.2041796334
子图1,系列1,17.667,-0.1918909639
子图1,系列1,17.67,-0.1792612768
子图1,系列1,17.673,-0.1663800741
子图1,系列1,17.676,-0.1533231289
子图1,系列1,17.679,-0.1401529772
子图1,系列1,17.682,-0.1269195639
子图1,系列1,17.685,-0.1136605769
子图1,系列1,17.688,-0.1004018511
子图1,系列1,17.691,-0.08715869205
子图1,系列1,17.694,-0.07393864005
子图1,系列1,17.697,-0.06074530682
子图1,系列1,17.7,-0.0475822526
子图1,系列1,17.703,-0.03445599191
子图1,系列1,17.706,-0.02137796242
子图1,系列1,17.709,-0.008366026584
子图1,系列1,17.712,0.004553794828
子图1,系列1,17.715,0.01734522759
子图1,系列1,17.718,0.02995991163
子图1,系列1,17.721,0.04233671878
子图1,系列1,17.724,0.05440266786
子图1,系列1,17.727,0.06607511767
子图1,系列1,17.73,0.07726443633
子图1,系列1,17.733,0.08787649156
子图1,系列1,17.736,0.09781487153
子图1,系列1,17.739,0.10698322
子图1,系列1,17.742,0.1152881137
子图1,系列1,17.745,0.1226425448
子图1,系列1,17.748,0.1289696144
子图1,系列1,17.751,0.1342058707
子图1,系列1,17.754,0.1383038948
子图1,系列1,17.757,0.1412339706
子图1,系列1,17.76,0.1429848326
子图1,系列1,17.763,0.1435636426
子图1,系列1,17.766,0.1429954245
子图1,系列1,17.769,0.1413221936
子图1,系列1,17.772,0.1386019766
子图1,系列1,17.775,0.1349077189
子图1,系列1,17.778,0.1303256626
子图1,系列1,17.781,0.1249526551
子图1,系列1,17.784,0.1188923107
子图1,系列1,17.787,0.1122506201
子图1,系列1,17.79,0.1051320606
子图1,系列1,17.793,0.09763718241
子图1,系列1,17.796,0.08986179165
子图1,系列1,17.799,0.08189667551
子图1,系列1,17.802,0.07382647673
子图1,系列1,17.805,0.0657271684
子图1,系列1,17.808,0.05766289222
子图1,系列1,17.811,0.04968386244
子图1,系列1,17.814,0.04182684023
子图1,系列1,17.817,0.03411811455
子图1,系列1,17.82,0.02657716313
子图1,系列1,17.823,0.01921881502
子图1,系列1,17.826,0.01205300761
子图1,系列1,17.829,0.005083135086
子图1,系列1,17.832,-0.001694767335
子图1,系列1,17.835,-0.008290253788
子图1,系列1,17.838,-0.01471443679
子图1,系列1,17.841,-0.02097589085
子图1,系列1,17.844,-0.02707877844
子图1,系列1,17.847,-0.03302388126
子图1,系列1,17.85,-0.03881115285
子图1,系列1,17.853,-0.04444139644
子图1,系列1,17.856,-0.04991558339
子图1,系列1,17.859,-0.05523239919
子图1,系列1,17.862,-0.06038601411
子图1,系列1,17.865,-0.06536577739
子图1,系列1,17.868,-0.07015796163
子图1,系列1,17.871,-0.07474811979
子图1,系列1,17.874,-0.07912228297
子图1,系列1,17.877,-0.0832663208
子图1,系列1,17.88,-0.0871642594
子图1,系列1,17.883,-0.09079697097
子图1,系列1,17.886,-0.09414207691
子图1,系列1,17.889,-0.09717477884
子图1,系列1,17.892,-0.09986864803
子图1,系列1,17.895,-0.1021956732
子图1,系列1,17.898,-0.1041256858
子图1,系列1,17.901,-0.1056258548
子图1,系列1,17.904,-0.1066608454
子图1,系列1,17.907,-0.1071936603
子图1,系列1,17.91,-0.1071867205
子图1,系列1,17.913,-0.1066028249
子图1,系列1,17.916,-0.1054060754
子图1,系列1,17.919,-0.1035631211
子图1,系列1,17.922,-0.1010449329
子图1,系列1,17.925,-0.09782892005
子图1,系列1,17.928,-0.09390093546
子图1,系列1,17.931,-0.08925685041
子图1,系列1,17.934,-0.0839037652
子图1,系列1,17.937,-0.07786114078
子图1,系列1,17.94,-0.07116199456
子图1,系列1,17.943,-0.06385397696
子图1,系列1,17.946,-0.05599995233
子图1,系列1,17.949,-0.04767782862
子图1,系列1,17.952,-0.03897967088
子图1,系列1,17.955,-0.03001028698
子图1,系列1,17.958,-0.02088539544
子图1,系列1,17.961,-0.01172934181
子图1,系列1,17.964,-0.002672315926
子图1,系列1,17.967,0.006152822793
子图1,系列1,17.97,0.01461385044
子图1,系列1,17.973,0.02258240246
子图1,系列1,17.976,0.02993712863
子图1,系列1,17.979,0.03656693763
子图1,系列1,17.982,0.04237437186
子图1,系列1,17.985,0.04727885133
子图1,系列1,17.988,0.05121932349
子图1,系列1,17.991,0.05415595349
子图1,系列1,17.994,0.05607080667
子图1,系列1,17.997,0.05696777478
子图1,系列1,18,0.05687208043
子图1,系列1,18.003,0.05582951805
子图1,系列1,18.006,0.05390534877
子图1,系列1,18.009,0.05118267194
子图1,系列1,18.012,0.04776012896
子图1,系列1,18.015,0.04374887143
子图1,系列1,18.018,0.03926889162
子图1,系列1,18.021,0.03444504078
子图1,系列1,18.024,0.02940321173
子图1,系列1,18.027,0.02426714573
子图1,系列1,18.03,0.0191560651
子图1,系列1,18.033,0.01418287128
子图1,系列1,18.036,0.009452335717
子图1,系列1,18.039,0.005058901084
子图1,系列1,18.042,0.001084293214
子图1,系列1,18.045,-0.002404342896
子图1,系列1,18.048,-0.005355044334
子图1,系列1,18.051,-0.007730195452
子图1,系列1,18.054,-0.00950486634
子图1,系列1,18.057,-0.01066530691
子图1,系列1,18.06,-0.01120823167
子图1,系列1,18.063,-0.01114076172
子图1,系列1,18.066,-0.01048031565
子图1,系列1,18.069,-0.0092537763
子图1,系列1,18.072,-0.007495829412
子图1,系列1,18.075,-0.00524701499
子图1,系列1,18.078,-0.002552281349
子图1,系列1,18.081,0.0005394808297
子图1,系列1,18.084,0.003975053207
子图1,系列1,18.087,0.007696221069
子图1,系列1,18.09,0.01163942005
子图1,系列1,18.093,0.01573598915
子图1,系列1,18.096,0.0199128838
子图1,系列1,18.099,0.02409341142
子图1,系列1,18.102,0.02819762053
子图1,系列1,18.105,0.03214233086
子图1,系列1,18.108,0.03584117136
子图1,系列1,18.111,0.03920517006
子图1,系列1,18.114,0.04214428437
子图1,系列1,18.117,0.04456981954
子图1,系列1,18.12,0.04639726268
子图1,系列1,18.123,0.0475489826
子图1,系列1,18.126,0.04795654479
子图1,系列1,18.129,0.04756281899
子图1,系列1,18.132,0.04632428642
子图1,系列1,18.135,0.0442137871
子图1,系列1,18.138,0.04122350708
子图1,系列1,18.141,0.03736764276
子图1,系列1,18.144,0.03268416871
子图1,系列1,18.147,0.02723545858
子图1,系列1,18.15,0.02110789889
子图1,系列1,18.153,0.01441081174
子图1,系列1,18.156,0.007274893261
子图1,系列1,18.159,-0.0001498651124
子图1,系列1,18.162,-0.007696972033
子图1,系列1,18.165,-0.01518713018
子图1,系列1,18.168,-0.02243285057
子图1,系列1,18.171,-0.02924382508
子图1,系列1,18.174,-0.03543276055
子图1,系列1,18.177,-0.04082131683
子图1,系列1,18.18,-0.04524581137
子图1,系列1,18.183,-0.04856244436
子图1,系列1,18.186,-0.05065193467
子图1,系列1,18.189,-0.051423573
子图1,系列1,18.192,-0.05081868659
子图1,系列1,18.195,-0.048813366
子图1,系列1,18.198,-0.04542017953
子图1,系列1,18.201,-0.04068860818
子图1,系列1,18.204,-0.03470407394
子图1,系列1,18.207,-0.02758564955
子图1,系列1,18.21,-0.01948267376
子图1,系列1,18.213,-0.01057044225
子图1,系列1,18.216,-0.001045048924
子图1,系列1,18.219,0.008882501573
子图1,系列1,18.222,0.01899266046
子图1,系列1,18.225,0.02906385134
子图1,系列1,18.228,0.03887884264
子图1,系列1,18.231,0.0482308592
子图1,系列1,18.234,0.05692948579
子图1,系列1,18.237,0.06480631868
子图1,系列1,18.24,0.07171999834
子图1,系列1,18.243,0.07756005254
子图1,系列1,18.246,0.0822491108
子图1,系列1,18.249,0.08574346785
子图1,系列1,18.252,0.088032435
子图1,系列1,18.255,0.08913706081
子图1,系列1,18.258,0.08910846422
子图1,系列1,18.261,0.08802550732
子图1,系列1,18.264,0.0859913126
子图1,系列1,18.267,0.08312838539
子图1,系列1,18.27,0.07957265908
子图1,系列1,18.273,0.07546725574
子图1,系列1,18.276,0.07095679387
子图1,系列1,18.279,0.0661826392
子图1,系列1,18.282,0.06127892553
子图1,系列1,18.285,0.05636888991
子图1,系列1,18.288,0.05156121967
子图1,系列1,18.291,0.04694654949
子图1,系列1,18.294,0.04259466492
子图1,系列1,18.297,0.03855305669
子图1,系列1,18.3,0.03484713072
子图1,系列1,18.303,0.03148183684
子图1,系列1,18.306,0.02844408217
子图1,系列1,18.309,0.02570526627
子图1,系列1,18.312,0.02322364498
子图1,系列1,18.315,0.02094675379
子图1,系列1,18.318,0.01881437294
子图1,系列1,18.321,0.01676229355
子图1,系列1,18.324,0.01472662906
子图1,系列1,18.327,0.01264795895
子图1,系列1,18.33,0.01047454902
子图1,系列1,18.333,0.008164380654
子图1,系列1,18.336,0.005686333679
子图1,系列1,18.339,0.003021058437
子图1,系列1,18.342,0.0001617839856
子图1,系列1,18.345,-0.002885159521
子图1,系列1,18.348,-0.006100612734
子图1,系列1,18.351,-0.009453941605
子图1,系列1,18.354,-0.01290516653
子图1,系列1,18.357,-0.01640724022
子图1,系列1,18.36,-0.01990812624
子图1,系列1,18.363,-0.02335282627
子图1,系列1,18.366,-0.026685766
子图1,系列1,18.369,-0.02985373811
子图1,系列1,18.372,-0.03280896729
子图1,系列1,18.375,-0.03551139816
子图1,系列1,18.378,-0.0379296347
子图1,系列1,18.381,-0.0400408377
子图1,系列1,18.384,-0.04183050547
子图1,系列1,18.387,-0.04329293243
子图1,系列1,18.39,-0.04443231736
子图1,系列1,18.393,-0.04526355586
子图1,系列1,18.396,-0.04581154624
子图1,系列1,18.399,-0.04610867047
子图1,系列1,18.402,-0.04619130444
子图1,系列1,18.405,-0.04609680825
子图1,系列1,18.408,-0.04586203177
子图1,系列1,18.411,-0.04552324701
子图1,系列1,18.414,-0.04511638934
子图1,系列1,18.417,-0.04467633935
子图1,系列1,18.42,-0.04423481807
子图1,系列1,18.423,-0.04381762679
子图1,系列1,18.426,-0.04344258524
子图1,系列1,18.429,-0.0431192214
子图1,系列1,18.432,-0.04285027361
子图1,系列1,18.435,-0.04263404168
子图1,系列1,18.438,-0.04246626479
子图1,系列1,18.441,-0.04234074525
子图1,系列1,18.444,-0.04224895116
子图1,系列1,18.447,-0.04217959912
子图1,系列1,18.45,-0.0421192491
子图1,系列1,18.453,-0.04205423091
子图1,系列1,18.456,-0.04197325108
子图1,系列1,18.459,-0.04186950329
子图1,系列1,18.462,-0.04174140714
子图1,系列1,18.465,-0.04159196455
子图1,系列1,18.468,-0.04142750591
子图1,系列1,18.471,-0.04125678138
子图1,系列1,18.474,-0.04109086235
子图1,系列1,18.477,-0.04094354333
子图1,系列1,18.48,-0.040831471
子图1,系列1,18.483,-0.04077339954
子图1,系列1,18.486,-0.04078856585
子图1,系列1,18.489,-0.0408947154
子图1,系列1,18.492,-0.04110646677
子图1,系列1,18.495,-0.04143444307
子图1,系列1,18.498,-0.0418851209
子图1,系列1,18.501,-0.04246099828
子图1,系列1,18.504,-0.04316067378
子图1,系列1,18.507,-0.0439786769
子图1,系列1,18.51,-0.04490520375
子图1,系列1,18.513,-0.04592612719
子图1,系列1,18.516,-0.04702363039
子图1,系列1,18.519,-0.04817753973
子图1,系列1,18.522,-0.04936708822
子图1,系列1,18.525,-0.05057264773
子图1,系列1,18.528,-0.0517770473
子图1,系列1,18.531,-0.05296639547
子图1,系列1,18.534,-0.05413062714
子图1,系列1,18.537,-0.05526408424
子图1,系列1,18.54,-0.05636626497
子图1,系列1,18.543,-0.05744258077
子图1,系列1,18.546,-0.05850478112
子图1,系列1,18.549,-0.05957077627
子图1,系列1,18.552,-0.06066380412
子图1,系列1,18.555,-0.06181107124
子图1,系列1,18.558,-0.06304207937
子图1,系列1,18.561,-0.064386838
子图1,系列1,18.564,-0.0658741063
子图1,系列1,18.567,-0.0675297521
子图1,系列1,18.57,-0.06937524949
子图1,系列1,18.573,-0.07142625681
子图1,系列1,18.576,-0.07369118769
子图1,系列1,18.579,-0.0761697651
子图1,系列1,18.582,-0.0788517144
子图1,系列1,18.585,-0.08171588902
子图1,系列1,18.588,-0.08473007973
子图1,系列1,18.591,-0.08785156693
子图1,系列1,18.594,-0.09102831928
子图1,系列1,18.597,-0.09420066621
子图1,系列1,18.6,-0.09730323414
子图1,系列1,18.603,-0.100266963
子图1,系列1,18.606,-0.1030210647
子图1,系列1,18.609,-0.1054948302
子图1,系列1,18.612,-0.1076193774
子图1,系列1,18.615,-0.109329674
子图1,系列1,18.618,-0.1105670782
子图1,系列1,18.621,-0.1112821586
子图1,系列1,18.624,-0.1114370707
子图1,系列1,18.627,-0.1110066527
子图1,系列1,18.63,-0.1099778851
子图1,系列1,18.633,-0.1083482931
子图1,系列1,18.636,-0.1061244952
子图1,系列1,18.639,-0.1033217459
子图1,系列1,18.642,-0.09996425496
子图1,系列1,18.645,-0.09608515131
子图1,系列1,18.648,-0.09172491983
子图1,系列1,18.651,-0.08692809693
子图1,系列1,18.654,-0.08173930672
子图1,系列1,18.657,-0.07620025504
子图1,系列1,18.66,-0.07034862236
子图1,系列1,18.663,-0.0642185085
子图1,系列1,18.666,-0.05784119206
子图1,系列1,18.669,-0.0512450963
子图1,系列1,18.672,-0.04445483517
子图1,系列1,18.675,-0.03749024258
子图1,系列1,18.678,-0.03036656381
子图1,系列1,18.681,-0.02309634715
子图1,系列1,18.684,-0.01569257393
子图1,系列1,18.687,-0.00817196274
子图1,系列1,18.69,-0.0005575086959
子图1,系列1,18.693,0.007120057812
子图1,系列1,18.696,0.01482153134
子图1,系列1,18.699,0.02249853831
子图1,系列1,18.702,0.03009248384
子图1,系列1,18.705,0.03753332383
子图1,系列1,18.708,0.04473879782
子图1,系列1,18.711,0.0516148599
子图1,系列1,18.714,0.05805777601
子图1,系列1,18.717,0.06395772891
子图1,系列1,18.72,0.06920315869
子图1,系列1,18.723,0.07368498006
子图1,系列1,18.726,0.07730025375
子图1,系列1,18.729,0.07995550791
子图1,系列1,18.732,0.0815704023
子图1,系列1,18.735,0.08208237743
子图1,系列1,18.738,0.08145212587
子图1,系列1,18.741,0.07966880336
子图1,系列1,18.744,0.07675366129
子图1,系列1,18.747,0.07276133684
子图1,系列1,18.75,0.06777905886
子图1,系列1,18.753,0.0619249229
子图1,系列1,18.756,0.05534633972
子图1,系列1,18.759,0.04821867701
子图1,系列1,18.762,0.04074301559
子图1,系列1,18.765,0.03314174405
子图1,系列1,18.768,0.02565151687
子图1,系列1,18.771,0.0185144359
子图1,系列1,18.774,0.01196921472
子图1,系列1,18.777,0.006243674284
子图1,系列1,18.78,0.001548570038
子图1,系列1,18.783,-0.001928263488
子图1,系列1,18.786,-0.004028399366
子图1,系列1,18.789,-0.004629874008
子图1,系列1,18.792,-0.003653546832
子图1,系列1,18.795,-0.001067176202
子图1,系列1,18.798,0.003113427294
子图1,系列1,18.801,0.008825496733
子图1,系列1,18.804,0.01596145028
子图1,系列1,18.807,0.02437139612
子图1,系列1,18.81,0.03386636622
子图1,系列1,18.813,0.0442233027
子图1,系列1,18.816,0.05519240622
子图1,系列1,18.819,0.06650629631
子图1,系列1,18.822,0.07788961401
子图1,系列1,18.825,0.08906786691
子图1,系列1,18.828,0.09977522362
子图1,系列1,18.831,0.1097618191
子图1,系列1,18.834,0.1188011981
子图1,系列1,18.837,0.1266977655
子图1,系列1,18.84,0.1332932808
子图1,系列1,18.843,0.1384712867
子图1,系列1,18.846,0.1421589964
子图1,系列1,18.849,0.1443270502
子图1,系列1,18.852,0.1449879381
子图1,系列1,18.855,0.144193518
子图1,系列1,18.858,0.1420314564
子图1,系列1,18.861,0.1386201993
子图1,系列1,18.864,0.1341024116
子图1,系列1,18.867,0.1286374204
子图1,系列1,18.87,0.1223935197
子图1,系列1,18.873,0.1155406467
子图1,系列1,18.876,0.1082433649
子图1,系列1,18.879,0.1006539612
子图1,系列1,18.882,0.09290588365
子图1,系列1,18.885,0.08510826632
子图1,系列1,18.888,0.07734244017
子图1,系列1,18.891,0.06966078007
子图1,系列1,18.894,0.06208730421
子图1,系列1,18.897,0.05461904508
子图1,系列1,18.9,0.04722774269
子图1,系列1,18.903,0.03986229738
子图1,系列1,18.906,0.03245287565
子图1,系列1,18.909,0.02491714822
子图1,系列1,18.912,0.01716805855
子图1,系列1,18.915,0.009121672998
子图1,系列1,18.918,0.0007038301336
子图1,系列1,18.921,-0.008144711592
子图1,系列1,18.924,-0.01746401375
子图1,系列1,18.927,-0.02727083647
子图1,系列1,18.93,-0.03755458665
子图1,系列1,18.933,-0.04827410084
子图1,系列1,18.936,-0.05935626355
子图1,系列1,18.939,-0.07069695215
子图1,系列1,18.942,-0.08216402202
子图1,系列1,18.945,-0.09360161132
子图1,系列1,18.948,-0.1048351866
子图1,系列1,18.951,-0.1156771522
子图1,系列1,18.954,-0.1259330514
子图1,系列1,18.957,-0.1354083106
子图1,系列1,18.96,-0.1439153022
子图1,系列1,18.963,-0.1512804066
子图1,系列1,18.966,-0.1573507578
子图1,系列1,18.969,-0.1620003643
子图1,系列1,18.972,-0.1651351984
子图1,系列1,18.975,-0.1666967789
子图1,系列1,18.978,-0.1666639477
子图1,系列1,18.981,-0.165052934
子图1,系列1,18.984,-0.1619161171
子图1,系列1,18.987,-0.1573398792
子图1,系列1,18.99,-0.1514416024
子图1,系列1,18.993,-0.1443655305
子图1,系列1,18.996,-0.1362771753
子图1,系列1,18.999,-0.1273562972
子图1,系列1,19.002,-0.1177890185
子图1,系列1,19.005,-0.1077599571
子图1,系列1,19.008,-0.09744515737
子图1,系列1,19.011,-0.08700619639
子图1,系列1,19.014,-0.07658538797
子图1,系列1,19.017,-0.06630169445
子图1,系列1,19.02,-0.05624700948
子图1,系列1,19.023,-0.0464829348
子图1,系列1,19.026,-0.03703870005
子图1,系列1,19.029,-0.02791109308
子图1,系列1,19.032,-0.01906696761
子图1,系列1,19.035,-0.01044807609
子图1,系列1,19.038,-0.001977101999
子图1,系列1,19.041,0.006436422456
子图1,系列1,19.044,0.01489091655
子图1,系列1,19.047,0.02348781484
子图1,系列1,19.05,0.03232584056
子图1,系列1,19.053,0.04149382021
子图1,系列1,19.056,0.05106257164
子图1,系列1,19.059,0.06107746925
子图1,系列1,19.062,0.07155329441
子图1,系列1,19.065,0.08247190895
子图1,系列1,19.068,0.09378200412
子图1,系列1,19.071,0.1053996117
子图1,系列1,19.074,0.1172085838
子图1,系列1,19.077,0.129061392
子图1,系列1,19.08,0.1407813924
子图1,系列1,19.083,0.1521675001
子图1,系列1,19.086,0.1630012533
子图1,系列1,19.089,0.1730552949
子图1,系列1,19.092,0.1821019753
子图1,系列1,19.095,0.1899211937
子图1,系列1,19.098,0.1963073825
子图1,系列1,19.101,0.2010760909
子图1,系列1,19.104,0.2040706003
子图1,系列1,19.107,0.2051685289
子图1,系列1,19.11,0.2042878488
子图1,系列1,19.113,0.2013914568
子图1,系列1,19.116,0.1964895742
子图1,系列1,19.119,0.1896397383
子图1,系列1,19.122,0.1809447395
子图1,系列1,19.125,0.1705491908
子图1,系列1,19.128,0.1586353366
子图1,系列1,19.131,0.1454182976
子图1,系列1,19.134,0.1311404564
子图1,系列1,19.137,0.1160644746
子图1,系列1,19.14,0.100464723
子图1,系列1,19.143,0.08461759007
子图1,系列1,19.146,0.06879171918
子图1,系列1,19.149,0.05323932624
子图1,系列1,19.152,0.03818925155
子图1,系列1,19.155,0.02384159339
子图1,系列1,19.158,0.01036321087
子图1,系列1,19.161,-0.00211648042
子图1,系列1,19.164,-0.01350928094
子图1,系列1,19.167,-0.02377067575
子图1,系列1,19.17,-0.03289994943
子图1,系列1,19.173,-0.04093749304
子图1,系列1,19.176,-0.0479598373
子图1,系列1,19.179,-0.05407357546
子图1,系列1,19.182,-0.0594091791
子图1,系列1,19.185,-0.06411496457
子图1,系列1,19.188,-0.06835073752
子图1,系列1,19.191,-0.0722805315
子图1,系列1,19.194,-0.07606448045
子图1,系列1,19.197,-0.07985062889
子图1,系列1,19.2,-0.0837677156
子图1,系列1,19.203,-0.08791956538
子图1,系列1,19.206,-0.09238105408
子图1,系列1,19.209,-0.09719520544
子图1,系列1,19.212,-0.1023711876
子图1,系列1,19.215,-0.1078835219
子图1,系列1,19.218,-0.1136730247
子图1,系列1,19.221,-0.1196496497
子图1,系列1,19.224,-0.1256968272
子图1,系列1,19.227,-0.1316765575
子图1,系列1,19.23,-0.1374347163
子图1,系列1,19.233,-0.1428066163
子图1,系列1,19.236,-0.1476232273
子图1,系列1,19.239,-0.1517181684
子图1,系列1,19.242,-0.1549349669
子图1,系列1,19.245,-0.1571336757
子图1,系列1,19.248,-0.1581960725
子图1,系列1,19.251,-0.1580292822
子图1,系列1,19.254,-0.1565682411
子图1,系列1,19.257,-0.1537774306
子图1,系列1,19.26,-0.1496518715
子图1,系列1,19.263,-0.1442170195
子图1,系列1,19.266,-0.1375272561
子图1,系列1,19.269,-0.129663076
子图1,系列1,19.272,-0.1207274567
子图1,系列1,19.275,-0.110841832
子图1,系列1,19.278,-0.100141675
子图1,系列1,19.281,-0.08877146951
子图1,系列1,19.284,-0.07687913758
子图1,系列1,19.287,-0.06461055057
子图1,系列1,19.29,-0.0521050607
子图1,系列1,19.293,-0.03949261673
子图1,系列1,19.296,-0.02689214256
子图1,系列1,19.299,-0.0144102317
子图1,系列1,19.302,-0.002139448127
子图1,系列1,19.305,0.009843551658
子图1,系列1,19.308,0.02147901383
子图1,系列1,19.311,0.03272314232
子图1,系列1,19.314,0.04354513161
子图1,系列1,19.317,0.05392325811
子图1,系列1,19.32,0.0638414922
子图1,系列1,19.323,0.07328744193
子图1,系列1,19.326,0.08225131779
子图1,系列1,19.329,0.09072490598
子图1,系列1,19.332,0.09869981193
子图1,系列1,19.335,0.1061651752
子图1,系列1,19.338,0.1131057668
子图1,系列1,19.341,0.119501319
子图1,系列1,19.344,0.1253272821
子图1,系列1,19.347,0.130556519
子图1,系列1,19.35,0.1351612651
子图1,系列1,19.353,0.1391150372
子图1,系列1,19.356,0.1423946006
子图1,系列1,19.359,0.1449821599
子图1,系列1,19.362,0.1468676728
子图1,系列1,19.365,0.1480509364
子图1,系列1,19.368,0.1485431077
子图1,系列1,19.371,0.148367588
子图1,系列1,19.374,0.1475604251
子图1,系列1,19.377,0.1461703259
子图1,系列1,19.38,0.1442581186
子图1,系列1,19.383,0.1418953607
子图1,系列1,19.386,0.1391619251
子图1,系列1,19.389,0.136142726
子图1,系列1,19.392,0.1329239914
子图1,系列1,19.395,0.1295894391
子图1,系列1,19.398,0.1262164655
子图1,系列1,19.401,0.1228723218
子图1,系列1,19.404,0.1196103582
子图1,系列1,19.407,0.1164666429
子图1,系列1,19.41,0.1134573768
子图1,系列1,19.413,0.1105773534
子图1,系列1,19.416,0.1077993558
子图1,系列1,19.419,0.1050741928
子图1,系列1,19.422,0.1023312721
子图1,系列1,19.425,0.09948001281
子图1,系列1,19.428,0.09641261886
子图1,系列1,19.431,0.09300851637
子图1,系列1,19.434,0.0891401685
子图1,系列1,19.437,0.08467939462
子图1,系列1,19.44,0.07950323976
子图1,系列1,19.443,0.07349898277
子图1,系列1,19.446,0.06656860427
子图1,系列1,19.449,0.05863338224
子图1,系列1,19.452,0.04963900342
子图1,系列1,19.455,0.03956084294
子图1,系列1,19.458,0.02840836352
子图1,系列1,19.461,0.01622749583
子图1,系列1,19.464,0.003100510607
子图1,系列1,19.467,-0.01085621635
子图1,系列1,19.47,-0.02549559134
子图1,系列1,19.473,-0.04064341939
子图1,系列1,19.476,-0.05610192159
子图1,系列1,19.479,-0.07165362289
子图1,系列1,19.482,-0.0870664576
子图1,系列1,19.485,-0.102100618
子图1,系列1,19.488,-0.1165169211
子图1,系列1,19.491,-0.1300856904
子图1,系列1,19.494,-0.1425947475
子图1,系列1,19.497,-0.1538554662
子图1,系列1,19.5,-0.1637068236
子图1,系列1,19.503,-0.172018279
子图1,系列1,19.506,-0.1786925303
子图1,系列1,19.509,-0.1836686251
子图1,系列1,19.512,-0.1869248298
子图1,系列1,19.515,-0.1884798417
子图1,系列1,19.518,-0.1883911223
子图1,系列1,19.521,-0.1867502904
子图1,系列1,19.524,-0.1836767829
子图1,系列1,19.527,-0.1793115011
子图1,系列1,19.53,-0.1738115562
子图1,系列1,19.533,-0.1673459194
子图1,系列1,19.536,-0.1600907577
子图1,系列1,19.539,-0.1522233413
子图1,系列1,19.542,-0.1439145333
子图1,系列1,19.545,-0.1353211111
子图1,系列1,19.548,-0.1265796152
子图1,系列1,19.551,-0.1178027778
子图1,系列1,19.554,-0.1090783031
子图1,系列1,19.557,-0.1004688188
子图1,系列1,19.56,-0.09201184807
子图1,系列1,19.563,-0.08371955495
子图1,系列1,19.566,-0.07557899909
子图1,系列1,19.569,-0.06755397358
子图1,系列1,19.572,-0.05958899473
子图1,系列1,19.575,-0.05161503751
子图1,系列1,19.578,-0.04355585301
子图1,系列1,19.581,-0.03533371702
子图1,系列1,19.584,-0.02687416454
子图1,系列1,19.587,-0.01811004995
子图1,系列1,19.59,-0.008985602773
子图1,系列1,19.593,0.0005391158497
子图1,系列1,19.596,0.01048363766
子图1,系列1,19.599,0.0208432886
子图1,系列1,19.602,0.03158705931
子图1,系列1,19.605,0.04265743152
子图1,系列1,19.608,0.05397173934
子图1,系列1,19.611,0.06542423992
子图1,系列1,19.614,0.07688818047
子图1,系列1,19.617,0.08821780145
子图1,系列1,19.62,0.09925092005
子图1,系列1,19.623,0.1098128419
子图1,系列1,19.626,0.1197217973
子图1,系列1,19.629,0.128795308
子图1,系列1,19.632,0.1368563206
子图1,系列1,19.635,0.1437380476
子图1,系列1,19.638,0.1492873196
子图1,系列1,19.641,0.1533672215
子图1,系列1,19.644,0.1558600651
子图1,系列1,19.647,0.1566711829
子图1,系列1,19.65,0.1557330242
子图1,系列1,19.653,0.1530082806
子图1,系列1,19.656,0.1484908916
子图1,系列1,19.659,0.1422047892
子图1,系列1,19.662,0.1342013675
子图1,系列1,19.665,0.1245570733
子图1,系列1,19.668,0.1133719695
子图1,系列1,19.671,0.1007690468
子图1,系列1,19.674,0.08689318586
子图1,系列1,19.677,0.07190863333
子图1,系列1,19.68,0.05599468452
子图1,系列1,19.683,0.03934034284
子图1,系列1,19.686,0.02213929732
子图1,系列1,19.689,0.004586292722
子图1,系列1,19.692,-0.01312495196
子图1,系列1,19.695,-0.03080311954
子图1,系列1,19.698,-0.04826118602
子图1,系列1,19.701,-0.06531951908
子图1,系列1,19.704,-0.08180984719
子图1,系列1,19.707,-0.09757894786
子图1,系列1,19.71,-0.1124908611
子图1,系列1,19.713,-0.1264272746
子图1,系列1,19.716,-0.1392868582
子图1,系列1,19.719,-0.1509848238
子图1,系列1,19.722,-0.161453485
子图1,系列1,19.725,-0.170643535
子图1,系列1,19.728,-0.1785249347
子图1,系列1,19.731,-0.185086392
子图1,系列1,19.734,-0.1903333973
子图1,系列1,19.737,-0.1942857638
子图1,系列1,19.74,-0.1969757277
子图1,系列1,19.743,-0.1984469194
子图1,系列1,19.746,-0.1987535741
子图1,系列1,19.749,-0.1979590006
子图1,系列1,19.752,-0.1961329258
子图1,系列1,19.755,-0.1933483621
子图1,系列1,19.758,-0.1896790563
子图1,系列1,19.761,-0.1851980479
子图1,系列1,19.764,-0.1799769478
子图1,系列1,19.767,-0.1740849972
子图1,系列1,19.77,-0.1675872748
子图1,系列1,19.773,-0.160542413
子图1,系列1,19.776,-0.1530009117
子图1,系列1,19.779,-0.1450048594
子图1,系列1,19.782,-0.1365889327
子图1,系列1,19.785,-0.1277817625
子图1,系列1,19.788,-0.1186066996
子图1,系列1,19.791,-0.1090817885
子图1,系列1,19.794,-0.09921974118
子图1,系列1,19.797,-0.08902891323
子图1,系列1,19.8,-0.07851553517
子图1,系列1,19.803,-0.06768651691
子图1,系列1,19.806,-0.05655176686
子图1,系列1,19.809,-0.04512539188
子图1,系列1,19.812,-0.03342609795
子图1,系列1,19.815,-0.02147774481
子图1,系列1,19.818,-0.009310658295
子图1,系列1,19.821,0.003036631093
子图1,系列1,19.824,0.01551617117
子图1,系列1,19.827,0.02807067525
子图1,系列1,19.83,0.04063488081
子图1,系列1,19.833,0.05313732223
子图1,系列1,19.836,0.06550159554
子图1,系列1,19.839,0.07764696303
子图1,系列1,19.842,0.08948899246
子图1,系列1,19.845,0.1009411015
子图1,系列1,19.848,0.1119172697
子图1,系列1,19.851,0.1223353117
子图1,系列1,19.854,0.1321197137
子图1,系列1,19.857,0.1412034178
子图1,系列1,19.86,0.1495287177
子图1,系列1,19.863,0.1570479546
子图1,系列1,19.866,0.1637245792
子图1,系列1,19.869,0.1695345513
子图1,系列1,19.872,0.1744675849
子图1,系列1,19.875,0.1785277252
子图1,系列1,19.878,0.1817330045
子图1,系列1,19.881,0.1841142463
子图1,系列1,19.884,0.1857133156
子图1,系列1,19.887,0.1865811345
子图1,系列1,19.89,0.1867757271
子图1,系列1,19.893,0.1863605459
子图1,系列1,19.896,0.1854031276
子图1,系列1,19.899,0.1839737216
子图1,系列1,19.902,0.1821433758
子图1,系列1,19.905,0.1799812799
子图1,系列1,19.908,0.1775517572
子图1,系列1,19.911,0.174911818
子图1,系列1,19.914,0.1721101225
子图1,系列1,19.917,0.1691873526
子图1,系列1,19.92,0.1661770216
子图1,系列1,19.923,0.1631055942
子图1,系列1,19.926,0.1599915674
子图1,系列1,19.929,0.1568442669
子图1,系列1,19.932,0.1536636836
子图1,系列1,19.935,0.1504421318
子图1,系列1,19.938,0.1471671939
子图1,系列1,19.941,0.143824503
子图1,系列1,19.944,0.1403991891
子图1,系列1,19.947,0.1368759649
子图1,系列1,19.95,0.1332389185
子图1,系列1,19.953,0.1294722586
子图1,系列1,19.956,0.125562356
子图1,系列1,19.959,0.1215002139
子图1,系列1,19.962,0.1172830457
子图1,系列1,19.965,0.1129142538
子图1,系列1,19.968,0.1084021818
子图1,系列1,19.971,0.1037587147
子图1,系列1,19.974,0.0989986717
子图1,系列1,19.977,0.09414007604
子图1,系列1,19.98,0.08920453407
子图1,系列1,19.983,0.08421681202
子图1,系列1,19.986,0.07920326922
子图1,系列1,19.989,0.07418957375
子图1,系列1,19.992,0.06919860092
子图1,系列1,19.995,0.06424930474
子图1,系列1,19.998,0.05935668337
子图1,系列1,20.001,0.05453224173
子图1,系列1,20.004,0.04978414045
子图1,系列1,20.007,0.04511657112
子图1,系列1,20.01,0.0405285602
子图1,系列1,20.013,0.03601303008
子图1,系列1,20.016,0.03155704128
子图1,系列1,20.019,0.02714348537
子图1,系列1,20.022,0.02275358634
子图1,系列1,20.025,0.01836908733
子图1,系列1,20.028,0.01397324616
子图1,系列1,20.031,0.009550658038
子图1,系列1,20.034,0.005086934324
子图1,系列1,20.037,0.0005695143535
子图1,系列1,20.04,-0.004009955169
子图1,系列1,20.043,-0.00865249168
子图1,系列1,20.046,-0.01334944347
子图1,系列1,20.049,-0.0180821642
子图1,系列1,20.052,-0.02282361676
子图1,系列1,20.055,-0.02754048066
子图1,系列1,20.058,-0.03219410151
子图1,系列1,20.061,-0.03673973228
子图1,系列1,20.064,-0.04112504989
子图1,系列1,20.067,-0.04528973934
子图1,系列1,20.07,-0.04916739854
子图1,系列1,20.073,-0.05268942824
子图1,系列1,20.076,-0.05578915781
子图1,系列1,20.079,-0.05840441095
子图1,系列1,20.082,-0.06047803485
子图1,系列1,20.085,-0.06195750431
子图1,系列1,20.088,-0.06279538198
子图1,系列1,20.091,-0.06295167284
子图1,系列1,20.094,-0.06239750097
子图1,系列1,20.097,-0.06111835199
子图1,系列1,20.1,-0.05911533222
子图1,系列1,20.103,-0.05640425599
子图1,系列1,20.106,-0.05301376679
子图1,系列1,20.109,-0.04898410394
子图1,系列1,20.112,-0.04436729213
子图1,系列1,20.115,-0.03922810923
子图1,系列1,20.118,-0.03364431672
子图1,系列1,20.121,-0.02770501777
子图1,系列1,20.124,-0.02150727441
子图1,系列1,20.127,-0.01515223926
子图1,系列1,20.13,-0.008742241207
子图1,系列1,20.133,-0.002379420638
子图1,系列1,20.136,0.003834742253
子图1,系列1,20.139,0.009800343128
子图1,系列1,20.142,0.01542129953
子图1,系列1,20.145,0.02060864855
子图1,系列1,20.148,0.02528367689
子图1,系列1,20.151,0.02937959618
子图1,系列1,20.154,0.03284132661
子图1,系列1,20.157,0.03562414933
子图1,系列1,20.16,0.03769259393
子图1,系列1,20.163,0.03902044221
子图1,系列1,20.166,0.0395916183
子图1,系列1,20.169,0.03940086729
子图1,系列1,20.172,0.03845307751
子图1,系列1,20.175,0.03676094594
子图1,系列1,20.178,0.03434185731
子图1,系列1,20.181,0.03121538405
子图1,系列1,20.184,0.02740229339
子图1,系列1,20.187,0.02292486753
子图1,系列1,20.19,0.01780749042
子图1,系列1,20.193,0.01207638612
子图1,系列1,20.196,0.005758218479
子图1,系列1,20.199,-0.001121625693
子图1,系列1,20.202,-0.008539807133
子图1,系列1,20.205,-0.01647414319
子图1,系列1,20.208,-0.02490137203
子图1,系列1,20.211,-0.03379470104
子图1,系列1,20.214,-0.0431223108
子图1,系列1,20.217,-0.05284714503
子图1,系列1,20.22,-0.06292725755
子图1,系列1,20.223,-0.07331561818
子图1,系列1,20.226,-0.08395880412
子图1,系列1,20.229,-0.09479495296
子图1,系列1,20.232,-0.1057521063
子图1,系列1,20.235,-0.1167480659
子图1,系列1,20.238,-0.1276920106
子图1,系列1,20.241,-0.1384870801
子图1,系列1,20.244,-0.1490327508
子图1,系列1,20.247,-0.1592262803
子图1,系列1,20.25,-0.168963415
子图1,系列1,20.253,-0.1781393615
子图1,系列1,20.256,-0.1866510514
子图1,系列1,20.259,-0.1944008684
子图1,系列1,20.262,-0.2013009587
子图1,系列1,20.265,-0.207276803
子图1,系列1,20.268,-0.2122691286
子图1,系列1,20.271,-0.2162342411
子图1,系列1,20.274,-0.219143783
子图1,系列1,20.277,-0.2209850159
子图1,系列1,20.28,-0.2217619094
子图1,系列1,20.283,-0.2214963164
子图1,系列1,20.286,-0.2202280693
子图1,系列1,20.289,-0.218013234
子图1,系列1,20.292,-0.2149207611
子图1,系列1,20.295,-0.2110286035
子图1,系列1,20.298,-0.20642039
子图1,系列1,20.301,-0.2011830155
子图1,系列1,20.304,-0.1954047073
子图1,系列1,20.307,-0.1891728151
子图1,系列1,20.31,-0.1825709327
子图1,系列1,20.313,-0.1756756637
子图1,系列1,20.316,-0.1685537857
子图1,系列1,20.319,-0.161260433
子图1,系列1,20.322,-0.1538384292
子图1,系列1,20.325,-0.1463184662
子图1,系列1,20.328,-0.1387197484
子图1,系列1,20.331,-0.1310509295
子图1,系列1,20.334,-0.1233113807
子图1,系列1,20.337,-0.1154928657
子图1,系列1,20.34,-0.1075816082
子图1,系列1,20.343,-0.09956064241
子图1,系列1,20.346,-0.09141234216
子图1,系列1,20.349,-0.08312108916
子图1,系列1,20.352,-0.07467595247
子图1,系列1,20.355,-0.06607301415
子图1,系列1,20.358,-0.05731693877
子图1,系列1,20.361,-0.04842165253
子图1,系列1,20.364,-0.03941035012
子图1,系列1,20.367,-0.03031527759
子图1,系列1,20.37,-0.02117758755
子图1,系列1,20.373,-0.01204696569
子图1,系列1,20.376,-0.002980301839
子图1,系列1,20.379,0.005960978098
子图1,系列1,20.382,0.0147145117
子图1,系列1,20.385,0.02322053786
子图1,系列1,20.388,0.03142441081
子图1,系列1,20.391,0.039277951
子图1,系列1,20.394,0.04674054808
子图1,系列1,20.397,0.05378106288
子图1,系列1,20.4,0.06038057315
子图1,系列1,20.403,0.06653489131
子图1,系列1,20.406,0.07225544143
子图1,系列1,20.409,0.0775678124
子图1,系列1,20.412,0.08250875634
子图1,系列1,20.415,0.08712330966
子图1,系列1,20.418,0.0914630562
子图1,系列1,20.421,0.09558503369
子图1,系列1,20.424,0.09954987097
子图1,系列1,20.427,0.1034180861
子图1,系列1,20.43,0.1072448559
子图1,系列1,20.433,0.1110749651
子图1,系列1,20.436,0.1149396549
子图1,系列1,20.439,0.1188555856
子图1,系列1,20.442,0.1228246355
子图1,系列1,20.445,0.1268330654
子图1,系列1,20.448,0.1308496869
子图1,系列1,20.451,0.1348242236
子图1,系列1,20.454,0.1386876812
子图1,系列1,20.457,0.1423554801
子图1,系列1,20.46,0.1457322899
子图1,系列1,20.463,0.1487166551
子图1,系列1,20.466,0.1512042073
子图1,系列1,20.469,0.1530898446
子图1,系列1,20.472,0.1542704215
子图1,系列1,20.475,0.1546491521
子图1,系列1,20.478,0.1541413171
子图1,系列1,20.481,0.1526795112
子图1,系列1,20.484,0.1502167715
子图1,系列1,20.487,0.1467272722
子图1,系列1,20.49,0.1422057364
子图1,系列1,20.493,0.1366670757
子图1,系列1,20.496,0.1301467215
子图1,系列1,20.499,0.122700685
子图1,系列1,20.502,0.1144039358
子图1,系列1,20.505,0.105346568
子图1,系列1,20.508,0.09562859521
子图1,系列1,20.511,0.08535494708
子图1,系列1,20.514,0.07463170463
子图1,系列1,20.517,0.06356331834
子图1,系列1,20.52,0.05224971005
子图1,系列1,20.523,0.0407825126
子图1,系列1,20.526,0.02924084229
子图1,系列1,20.529,0.01768790328
子图1,系列1,20.532,0.006169639959
子图1,系列1,20.535,-0.005284369204
子图1,系列1,20.538,-0.01665872793
子图1,系列1,20.541,-0.02795001526
子图1,系列1,20.544,-0.03916511778
子图1,系列1,20.547,-0.05031963959
子图1,系列1,20.55,-0.06143541537
子图1,系列1,20.553,-0.07253647155
子图1,系列1,20.556,-0.08364370672
子图1,系列1,20.559,-0.09476943623
子图1,系列1,20.562,-0.1059130818
子图1,系列1,20.565,-0.1170586424
子图1,系列1,20.568,-0.1281737215
子图1,系列1,20.571,-0.1392093171
子图1,系列1,20.574,-0.1500995698
子图1,系列1,20.577,-0.1607612824
子图1,系列1,20.58,-0.171093857
子图1,系列1,20.583,-0.1809806515
子图1,系列1,20.586,-0.1902924065
子图1,系列1,20.589,-0.1988925902
子图1,系列1,20.592,-0.2066436196
子图1,系列1,20.595,-0.2134125228
子图1,系列1,20.598,-0.2190751615
子图1,系列1,20.601,-0.2235192456
子图1,系列1,20.604,-0.2266471513
子图1,系列1,20.607,-0.2283794965
子图1,系列1,20.61,-0.2286595356
子图1,系列1,20.613,-0.2274572568
子图1,系列1,20.616,-0.2247715476
子图1,系列1,20.619,-0.2206294979
子图1,系列1,20.622,-0.2150833172
子图1,系列1,20.625,-0.2082063799
子图1,系列1,20.628,-0.2000898859
子图1,系列1,20.631,-0.1908405638
子图1,系列1,20.634,-0.1805785407
子图1,系列1,20.637,-0.1694339851
子图1,系列1,20.64,-0.1575418368
子图1,系列1,20.643,-0.1450352997
子图1,系列1,20.646,-0.1320397356
子图1,系列1,20.649,-0.1186684889
子图1,系列1,20.652,-0.1050211355
子图1,系列1,20.655,-0.09118342769
子图1,系列1,20.658,-0.07722759992
子图1,系列1,20.661,-0.06321211501
子图1,系列1,20.664,-0.0491809886
子图1,系列1,20.667,-0.03516369343
子图1,系列1,20.67,-0.02117674665
子图1,系列1,20.673,-0.007227431518
子图1,系列1,20.676,0.006680936658
子图1,系列1,20.679,0.020543579
子图1,系列1,20.682,0.03434998215
子图1,系列1,20.685,0.04808128867
子图1,系列1,20.688,0.06170887504
子图1,系列1,20.691,0.07519310264
子图1,系列1,20.694,0.08848144866
子图1,系列1,20.697,0.1015061365
子图1,系列1,20.7,0.1141823177
子图1,系列1,20.703,0.1264080325
子图1,系列1,20.706,0.1380664932
子图1,系列1,20.709,0.149030201
子图1,系列1,20.712,0.1591656462
子图1,系列1,20.715,0.1683373766
子图1,系列1,20.718,0.1764110687
子图1,系列1,20.721,0.1832562232
子图1,系列1,20.724,0.1887494458
子图1,系列1,20.727,0.1927788122
子图1,系列1,20.73,0.1952489267
子图1,系列1,20.733,0.1960855137
子图1,系列1,20.736,0.1952383137
子图1,系列1,20.739,0.1926818557
子图1,系列1,20.742,0.1884147274
子图1,系列1,20.745,0.1824585005
子图1,系列1,20.748,0.1748572165
子图1,系列1,20.751,0.1656774427
子图1,系列1,20.754,0.155007922
子图1,系列1,20.757,0.1429575913
子图1,系列1,20.76,0.1296515692
子图1,系列1,20.763,0.11522598
子图1,系列1,20.766,0.09982324908
子图1,系列1,20.769,0.08358923204
子图1,系列1,20.772,0.06667226945
子图1,系列1,20.775,0.04922282675
子图1,系列1,20.778,0.03139200366
子图1,系列1,20.781,0.01332826964
子图1,系列1,20.784,-0.004826567063
子图1,系列1,20.787,-0.02294016902
子图1,系列1,20.79,-0.04088974441
子图1,系列1,20.793,-0.05855961793
子图1,系列1,20.796,-0.07583825355
子图1,系列1,20.799,-0.09261694028
子图1,系列1,20.802,-0.1087909277
子图1,系列1,20.805,-0.1242618447
子图1,系列1,20.808,-0.1389392221
子图1,系列1,20.811,-0.1527396406
子图1,系列1,20.814,-0.1655839363
子图1,系列1,20.817,-0.1773944996
子图1,系列1,20.82,-0.1880947112
子图1,系列1,20.823,-0.1976110337
子图1,系列1,20.826,-0.2058764731
子图1,系列1,20.829,-0.2128333759
子图1,系列1,20.832,-0.2184342868
子图1,系列1,20.835,-0.2226411946
子图1,系列1,20.838,-0.2254246705
子图1,系列1,20.841,-0.2267643328
子图1,系列1,20.844,-0.2266509306
子图1,系列1,20.847,-0.2250891128
子图1,系列1,20.85,-0.222099496
子图1,系列1,20.853,-0.2177190949
子图1,系列1,20.856,-0.2120001184
子图1,系列1,20.859,-0.2050079536
子图1,系列1,20.862,-0.196819341
子图1,系列1,20.865,-0.1875212987
子图1,系列1,20.868,-0.1772106781
子图1,系列1,20.871,-0.1659937046
子图1,系列1,20.874,-0.1539846473
子图1,系列1,20.877,-0.1413030881
子图1,系列1,20.88,-0.1280700238
子图1,系列1,20.883,-0.1144037499
子图1,系列1,20.886,-0.1004166538
子图1,系列1,20.889,-0.08621357537
子图1,系列1,20.892,-0.07189141509
子图1,系列1,20.895,-0.05753881041
子图1,系列1,20.898,-0.04323471258
子图1,系列1,20.901,-0.02904567961
子图1,系列1,20.904,-0.01502290936
子图1,系列1,20.907,-0.001200593197
子图1,系列1,20.91,0.01240338205
子图1,系列1,20.913,0.02578473958
子图1,系列1,20.916,0.03894966799
子图1,系列1,20.919,0.05191277581
子图1,系列1,20.922,0.06469654729
子图1,系列1,20.925,0.07733131574
子图1,系列1,20.928,0.08985416094
子图1,系列1,20.931,0.1023057775
子图1,系列1,20.934,0.11472579
子图1,系列1,20.937,0.1271480349
子图1,系列1,20.94,0.1395971963
子图1,系列1,20.943,0.1520871357
子图1,系列1,20.946,0.1646201388
子图1,系列1,20.949,0.1771859098
子图1,系列1,20.952,0.1897597811
子图1,系列1,20.955,0.2023006603
子图1,系列1,20.958,0.2147497049
子图1,系列1,20.961,0.2270303438
子图1,系列1,20.964,0.2390495519
子图1,系列1,20.967,0.2506997607
子图1,系列1,20.97,0.2618608707
子图1,系列1,20.973,0.2724024655
子图1,系列1,20.976,0.2821867385
子图1,系列1,20.979,0.2910722855
子图1,系列1,20.982,0.2989182885
子图1,系列1,20.985,0.3055883389
子图1,系列1,20.988,0.3109534259
子图1,系列1,20.991,0.3148943757
子图1,系列1,20.994,0.3173046326
子图1,系列1,20.997,0.3180939048
子图1,系列1,21,0.3171920814
子图1,系列1,21.003,0.3145520954
子图1,系列1,21.006,0.3101506804
子图1,系列1,21.009,0.3039870751
子图1,系列1,21.012,0.2960809529
子图1,系列1,21.015,0.2864710965
子图1,系列1,21.018,0.2752152033
子图1,系列1,21.021,0.2623897509
子图1,系列1,21.024,0.2480884073
子图1,系列1,21.027,0.2324183316
子图1,系列1,21.03,0.2154952139
子图1,系列1,21.033,0.1974388497
子图1,系列1,21.036,0.1783705537
子图1,系列1,21.039,0.1584122114
子图1,系列1,21.042,0.1376856458
子图1,系列1,21.045,0.1163111339
子图1,系列1,21.048,0.09440506553
子图1,系列1,21.051,0.07207788491
子图1,系列1,21.054,0.04943358815
子图1,系列1,21.057,0.02657107931
子图1,系列1,21.06,0.003586513133
子图1,系列1,21.063,-0.01942460606
子图1,系列1,21.066,-0.04236617869
子图1,系列1,21.069,-0.06514078213
子图1,系列1,21.072,-0.08764867137
子图1,系列1,21.075,-0.1097860742
子图1,系列1,21.078,-0.1314431289
子图1,系列1,21.081,-0.1525023176
子图1,系列1,21.084,-0.1728380981
子图1,系列1,21.087,-0.192317856
子图1,系列1,21.09,-0.2108037933
子图1,系列1,21.093,-0.2281552322
子图1,系列1,21.096,-0.2442310185
子图1,系列1,21.099,-0.2588920698
子图1,系列1,21.102,-0.2720043539
子图1,系列1,21.105,-0.2834425632
子图1,系列1,21.108,-0.2930945274
子图1,系列1,21.111,-0.3008660858
子图1,系列1,21.114,-0.3066857951
子图1,系列1,21.117,-0.3105087223
子图1,系列1,21.12,-0.3123188775
子图1,系列1,21.123,-0.3121304141
子图1,系列1,21.126,-0.3099881726
子图1,系列1,21.129,-0.3059681216
子图1,系列1,21.132,-0.3001777014
子图1,系列1,21.135,-0.2927553141
子图1,系列1,21.138,-0.2838679004
子图1,系列1,21.141,-0.2737061335
子图1,系列1,21.144,-0.2624778552
子图1,系列1,21.147,-0.2504011533
子图1,系列1,21.15,-0.2376983534
子图1,系列1,21.153,-0.2245912053
子图1,系列1,21.156,-0.2112963429
子图1,系列1,21.159,-0.1980196793
子图1,系列1,21.162,-0.1849492604
子图1,系列1,21.165,-0.1722475717
子图1,系列1,21.168,-0.1600452164
子图1,系列1,21.171,-0.1484375904
子图1,系列1,21.174,-0.1374847817
子图1,系列1,21.177,-0.1272133004
子图1,系列1,21.18,-0.1176176797
子图1,系列1,21.183,-0.1086610079
子图1,系列1,21.186,-0.1002751891
子图1,系列1,21.189,-0.09236283824
子图1,系列1,21.192,-0.08480241784
子图1,系列1,21.195,-0.07745657779
子图1,系列1,21.198,-0.07018178372
子图1,系列1,21.201,-0.06283672154
子图1,系列1,21.204,-0.05528813026
子图1,系列1,21.207,-0.04741464689
子图1,系列1,21.21,-0.0391105314
子图1,系列1,21.213,-0.03029086937
子图1,系列1,21.216,-0.02089817492
子图1,系列1,21.219,-0.0109085464
子图1,系列1,21.222,-0.0003351245438
子图1,系列1,21.225,0.01077217541
子图1,系列1,21.228,0.02232985108
子图1,系列1,21.231,0.03422499577
子图1,系列1,21.234,0.04631889192
子图1,系列1,21.237,0.0584498514
子图1,系列1,21.24,0.07043644331
子图1,系列1,21.243,0.08208244078
子图1,系列1,21.246,0.09318387788
子图1,系列1,21.249,0.1035373574
子图1,系列1,21.252,0.1129481234
子图1,系列1,21.255,0.1212367188
子图1,系列1,21.258,0.1282438873
子图1,系列1,21.261,0.1338341352
子图1,系列1,21.264,0.1378986203
子图1,系列1,21.267,0.1403577499
子图1,系列1,21.27,0.1411634012
子图1,系列1,21.273,0.1403003571
子图1,系列1,21.276,0.1377864121
子图1,系列1,21.279,0.1336706738
子图1,系列1,21.282,0.1280299998
子图1,系列1,21.285,0.1209641024
子图1,系列1,21.288,0.1125902751
子图1,系列1,21.291,0.103038703
子图1,系列1,21.294,0.09244878131
子图1,系列1,21.297,0.08096598814
子图1,系列1,21.3,0.06873835162
子图1,系列1,21.303,0.05591194624
子图1,系列1,21.306,0.04262586626
子图1,系列1,21.309,0.02900798887
子图1,系列1,21.312,0.01517285201
子图1,系列1,21.315,0.001221952358
子图1,系列1,21.318,-0.01275455449
子图1,系列1,21.321,-0.02667629171
子图1,系列1,21.324,-0.04047210006
子图1,系列1,21.327,-0.05408005775
子图1,系列1,21.33,-0.06744680757
子图1,系列1,21.333,-0.08052524226
子图1,系列1,21.336,-0.09327085929
子图1,系列1,21.339,-0.1056381533
子图1,系列1,21.342,-0.117578374
子图1,系列1,21.345,-0.1290389587
子图1,系列1,21.348,-0.139963827
子图1,系列1,21.351,-0.1502934347
子图1,系列1,21.354,-0.1599642731
子图1,系列1,21.357,-0.1689085712
子图1,系列1,21.36,-0.1770552515
子图1,系列1,21.363,-0.1843324614
子图1,系列1,21.366,-0.1906709391
子图1,系列1,21.369,-0.1960069672
子图1,系列1,21.372,-0.2002841911
子图1,系列1,21.375,-0.203454674
子图1,系列1,21.378,-0.2054802334
子图1,系列1,21.381,-0.2063347374
子图1,系列1,21.384,-0.2060069844
子图1,系列1,21.387,-0.2045029509
子图1,系列1,21.39,-0.2018462646
子图1,系列1,21.393,-0.1980767059
子图1,系列1,21.396,-0.1932476258
子图1,系列1,21.399,-0.1874235454
子图1,系列1,21.402,-0.180678633
子图1,系列1,21.405,-0.1730957536
子图1,系列1,21.408,-0.1647651292
子图1,系列1,21.411,-0.1557818032
子图1,系列1,21.414,-0.1462419258
子图1,系列1,21.417,-0.1362387141
子图1,系列1,21.42,-0.1258591683
子图1,系列1,21.423,-0.1151821758
子图1,系列1,21.426,-0.1042778727
子图1,系列1,21.429,-0.0932076046
子图1,系列1,21.432,-0.08202388202
子图1,系列1,21.435,-0.07077023619
子图1,系列1,21.438,-0.05948132455
子图1,系列1,21.441,-0.04818368124
子图1,系列1,21.444,-0.03689723358
子图1,系列1,21.447,-0.02563734921
子图1,系列1,21.45,-0.01441703825
子图1,系列1,21.453,-0.003249109785
子图1,系列1,21.456,0.007851704738
子图1,系列1,21.459,0.01886669755
子图1,系列1,21.462,0.02977146207
子图1,系列1,21.465,0.04053488812
子图1,系列1,21.468,0.0511191075
子图1,系列1,21.471,0.06148023556
子图1,系列1,21.474,0.07156943518
子图1,系列1,21.477,0.0813338889
子图1,系列1,21.48,0.09071768502
子图1,系列1,21.483,0.09966304768
子图1,系列1,21.486,0.1081123817
子图1,系列1,21.489,0.1160112015
子图1,系列1,21.492,0.1233114983
子图1,系列1,21.495,0.1299748411
子图1,系列1,21.498,0.1359746134
子图1,系列1,21.501,0.141297186
子图1,系列1,21.504,0.1459422669
子图1,系列1,21.507,0.14992283
子图1,系列1,21.51,0.1532648992
子图1,系列1,21.513,0.1560072596
子图1,系列1,21.516,0.1582008794
子图1,系列1,21.519,0.1599075468
子图1,系列1,21.522,0.1611972839
子图1,系列1,21.525,0.1621445216
子图1,系列1,21.528,0.1628235464
子图1,系列1,21.531,0.1633041185
子图1,系列1,21.534,0.1636481207
子图1,系列1,21.537,0.1639073937
子图1,系列1,21.54,0.164122071
子图1,系列1,21.543,0.1643185402
子图1,系列1,21.546,0.1645067775
子图1,系列1,21.549,0.1646777427
子图1,系列1,21.552,0.1648021486
子图1,系列1,21.555,0.1648315674
子图1,系列1,21.558,0.1647016127
子图1,系列1,21.561,0.1643358849
子图1,系列1,21.564,0.1636493918
子图1,系列1,21.567,0.1625511397
子图1,系列1,21.57,0.1609467356
子图1,系列1,21.573,0.1587422271
子图1,系列1,21.576,0.1558495931
子图1,系列1,21.579,0.1521929779
子图1,系列1,21.582,0.1477140868
子图1,系列1,21.585,0.1423756762
子图1,系列1,21.588,0.1361632553
子图1,系列1,21.591,0.1290860246
子图1,系列1,21.594,0.1211779549
子图1,系列1,21.597,0.1124989429
子图1,系列1,21.6,0.1031351092
子图1,系列1,21.603,0.09319728986
子图1,系列1,21.606,0.08281756265
子图1,系列1,21.609,0.07214455906
子图1,系列1,21.612,0.06133854907
子图1,系列1,21.615,0.05056672021
子图1,系列1,21.618,0.0399983653
子图1,系列1,21.621,0.02979952677
子图1,系列1,21.624,0.02012709744
子图1,系列1,21.627,0.01112301741
子图1,系列1,21.63,0.002909415566
子图1,系列1,21.633,-0.004414945167
子图1,系列1,21.636,-0.01077724314
子图1,系列1,21.639,-0.01613268475
子图1,系列1,21.642,-0.02046617341
子图1,系列1,21.645,-0.02379306603
子图1,系列1,21.648,-0.02615832112
子图1,系列1,21.651,-0.0276338062
子图1,系列1,21.654,-0.02831433887
子图1,系列1,21.657,-0.02831337522
子图1,系列1,21.66,-0.02775883352
子图1,系列1,21.663,-0.02678885837
子图1,系列1,21.666,-0.02554697651
子图1,系列1,21.669,-0.0241763631
子图1,系列1,21.672,-0.02281370137
子图1,系列1,21.675,-0.02158367466
子图1,系列1,21.678,-0.02059483714
子图1,系列1,21.681,-0.0199367849
子图1,系列1,21.684,-0.01967798817
子图1,系列1,21.687,-0.01986372671
子图1,系列1,21.69,-0.02051422264
子图1,系列1,21.693,-0.02162380273
子图1,系列1,21.696,-0.02316194528
子图1,系列1,21.699,-0.02507620449
子图1,系列1,21.702,-0.02729609722
子图1,系列1,21.705,-0.02973684663
子图1,系列1,21.708,-0.03230245125
子图1,系列1,21.711,-0.03488851408
子图1,系列1,21.714,-0.03738587247
子图1,系列1,21.717,-0.03968559209
子图1,系列1,21.72,-0.04168469232
子图1,系列1,21.723,-0.0432912083
子图1,系列1,21.726,-0.04442742053
子图1,系列1,21.729,-0.04503108593
子图1,系列1,21.732,-0.04505568105
子图1,系列1,21.735,-0.0444710308
子图1,系列1,21.738,-0.04326473509
子图1,系列1,21.741,-0.04144344851
子图1,系列1,21.744,-0.03903258409
子图1,系列1,21.747,-0.03607366802
子图1,系列1,21.75,-0.03261991758
子图1,系列1,21.753,-0.02873176661
子图1,系列1,21.756,-0.0244738922
子图1,系列1,21.759,-0.019913762
子图1,系列1,21.762,-0.01512031253
子图1,系列1,21.765,-0.01016127556
子图1,系列1,21.768,-0.00509881688
子图1,系列1,21.771,1.521833046e-05
子图1,系列1,21.774,0.005142269345
子图1,系列1,21.777,0.01025694342
子图1,系列1,21.78,0.0153445794
子图1,系列1,21.783,0.02039861256
子图1,系列1,21.786,0.0254195533
子图1,系列1,21.789,0.03041575161
子图1,系列1,21.792,0.03540425331
子图1,系列1,21.795,0.04040947132
子图1,系列1,21.798,0.04545879061
子图1,系列1,21.801,0.05057643519
子图1,系列1,21.804,0.05577813109
子图1,系列1,21.807,0.06106851447
子图1,系列1,21.81,0.06644134007
子图1,系列1,21.813,0.0718807315
子图1,系列1,21.816,0.07736140539
子图1,系列1,21.819,0.08284715143
子图1,系列1,21.822,0.08828863477
子图1,系列1,21.825,0.09362242315
子图1,系列1,21.828,0.09877251972
子图1,系列1,21.831,0.1036542239
子图1,系列1,21.834,0.1081790584
子图1,系列1,21.837,0.1122594537
子图1,系列1,21.84,0.1158125789
子图1,系列1,21.843,0.1187634576
子图1,系列1,21.846,0.1210477586
子图1,系列1,21.849,0.1226144242
子图1,系列1,21.852,0.1234281045
子图1,系列1,21.855,0.1234714773
子图1,系列1,21.858,0.1227475357
子图1,系列1,21.861,0.1212815746
子图1,系列1,21.864,0.1191221284
子图1,系列1,21.867,0.1163399381
子图1,系列1,21.87,0.1130245408
子图1,系列1,21.873,0.10927922
子图1,系列1,21.876,0.1052158955
子图1,系列1,21.879,0.10095119
子图1,系列1,21.882,0.0966036494
子图1,系列1,21.885,0.09229094446
子图1,系列1,21.888,0.08812570919
子图1,系列1,21.891,0.08420975639
子图1,系列1,21.894,0.08062795882
子图1,系列1,21.897,0.07744372069
子图1,系列1,21.9,0.07469714987
子图1,系列1,21.903,0.07240557923
子图1,系列1,21.906,0.0705651066
子图1,系列1,21.909,0.06915197319
子图1,系列1,21.912,0.06812372497
子图1,系列1,21.915,0.06742117608
子图1,系列1,21.918,0.06697219112
子图1,系列1,21.921,0.06669732481
子图1,系列1,21.924,0.06651633955
子图1,系列1,21.927,0.06635430142
子图1,系列1,21.93,0.06614650631
子图1,系列1,21.933,0.06584245837
子图1,系列1,21.936,0.0654096144
子图1,系列1,21.939,0.06483715076
子图1,系列1,21.942,0.06413913268
子图1,系列1,21.945,0.06335598362
子图1,系列1,21.948,0.06255343064
子图1,系列1,21.951,0.06181899913
子图1,系列1,21.954,0.06125701976
子图1,系列1,21.957,0.06098323898
子图1,系列1,21.96,0.06111941048
子图1,系列1,21.963,0.06178739637
子图1,系列1,21.966,0.06310203268
子图1,系列1,21.969,0.06516253121
子图1,系列1,21.972,0.06804317926
子图1,系列1,21.975,0.07178483092
子图1,系列1,21.978,0.07638853933
子图1,系列1,21.981,0.081811773
子图1,系列1,21.984,0.08796671431
子图1,系列1,21.987,0.09471981417
子图1,系列1,21.99,0.1018922241
子图1,系列1,21.993,0.1092615515
子图1,系列1,21.996,0.1165659206
子图1,系列1,21.999,0.1235111001
子图1,系列1,22.002,0.1297805867
子图1,系列1,22.005,0.1350476241
子图1,系列1,22.008,0.1389877872
子图1,系列1,22.011,0.1412910925
子图1,系列1,22.014,0.1416732981
子图1,系列1,22.017,0.1398866769
子图1,系列1,22.02,0.1357306408
子图1,系列1,22.023,0.1290620348
子图1,系列1,22.026,0.1198042012
子图1,系列1,22.029,0.1079535485
子图1,系列1,22.032,0.09358256239
子图1,系列1,22.035,0.07683890771
子图1,系列1,22.038,0.05794123137
子图1,系列1,22.041,0.03717280243
子图1,系列1,22.044,0.0148738454
子图1,系列1,22.047,-0.008567311809
子图1,系列1,22.05,-0.03272480354
子图1,系列1,22.053,-0.05714818948
子图1,系列1,22.056,-0.08137783355
子图1,系列1,22.059,-0.1049615163
子图1,系列1,22.062,-0.1274703545
子图1,系列1,22.065,-0.1485123855
子图1,系列1,22.068,-0.1677431955
子图1,系列1,22.071,-0.1848741551
子图1,系列1,22.074,-0.1996794258
子图1,系列1,22.077,-0.2120022862
子图1,系列1,22.08,-0.2217599855
子图1,系列1,22.083,-0.2289455128
子图1,系列1,22.086,-0.2336250009
子图1,系列1,22.089,-0.2359307517
子图1,系列1,22.092,-0.2360513699
子图1,系列1,22.095,-0.2342211405
子图1,系列1,22.098,-0.230709937
子图1,系列1,22.101,-0.2258134073
子图1,系列1,22.104,-0.2198423124
子图1,系列1,22.107,-0.2131102325
子图1,系列1,22.11,-0.2059201651
子图1,系列1,22.113,-0.1985518634
子图1,系列1,22.116,-0.1912519213
子图1,系列1,22.119,-0.1842273797
子图1,系列1,22.122,-0.1776421206
子图1,系列1,22.125,-0.1716146984
子图1,系列1,22.128,-0.1662168135
子图1,系列1,22.131,-0.1614728412
子图1,系列1,22.134,-0.1573615938
子图1,系列1,22.137,-0.1538210632
子图1,系列1,22.14,-0.1507556709
子图1,系列1,22.143,-0.1480446772
子图1,系列1,22.146,-0.1455504586
子图1,系列1,22.149,-0.1431261863
子图1,系列1,22.152,-0.1406232562
子图1,系列1,22.155,-0.1378988883
子图1,系列1,22.158,-0.1348236175
子图1,系列1,22.161,-0.1312877876
子图1,系列1,22.164,-0.1272062427
子图1,系列1,22.167,-0.1225210746
子图1,系列1,22.17,-0.1172029442
子图1,系列1,22.173,-0.1112515472
子图1,系列1,22.176,-0.1046951821
子图1,系列1,22.179,-0.09758876591
子图1,系列1,22.182,-0.09000977877
子图1,系列1,22.185,-0.08205246446
子图1,系列1,22.188,-0.07382145399
子图1,系列1,22.191,-0.06542610039
子图1,系列1,22.194,-0.05697600338
子图1,系列1,22.197,-0.04857707727
子图1,系列1,22.2,-0.04032708347
子图1,系列1,22.203,-0.03231021829
子图1,系列1,22.206,-0.02459157916
子图1,系列1,22.209,-0.01721313493
子图1,系列1,22.212,-0.01019244495
子图1,系列1,22.215,-0.003524016721
子图1,系列1,22.218,0.002818014994
子图1,系列1,22.221,0.008877351648
子图1,系列1,22.224,0.01471369107
子图1,系列1,22.227,0.02040089826
子图1,系列1,22.23,0.0260239618
子图1,系列1,22.233,0.03167418059
子图1,系列1,22.236,0.03744318376
子图1,系列1,22.239,0.04341695033
子图1,系列1,22.242,0.04967072885
子图1,系列1,22.245,0.05626505426
子图1,系列1,22.248,0.06324250404
子图1,系列1,22.251,0.07062495907
子图1,系列1,22.254,0.07841168397
子图1,系列1,22.257,0.08657861944
子图1,系列1,22.26,0.09507873456
子图1,系列1,22.263,0.1038428498
子图1,系列1,22.266,0.1127804871
子图1,系列1,22.269,0.121780988
子图1,系列1,22.272,0.1307158734
子图1,系列1,22.275,0.1394432886
子图1,系列1,22.278,0.1478141604
子图1,系列1,22.281,0.1556784647
子图1,系列1,22.284,0.1628899628
子图1,系列1,22.287,0.1693089343
子图1,系列1,22.29,0.1748039574
子图1,系列1,22.293,0.1792544586
子图1,系列1,22.296,0.1825548688
子图1,系列1,22.299,0.1846194655
子图1,系列1,22.302,0.1853859623
子图1,系列1,22.305,0.1848164486
子图1,系列1,22.308,0.1828958143
子图1,系列1,22.311,0.1796291656
子图1,系列1,22.314,0.1750399088
子图1,系列1,22.317,0.1691690173
子图1,系列1,22.32,0.1620745605
子图1,系列1,22.323,0.1538301384
子图1,系列1,22.326,0.1445216103
子图1,系列1,22.329,0.1342427063
子图1,系列1,22.332,0.1230908846
子图1,系列1,22.335,0.1111645802
子图1,系列1,22.338,0.09856189808
子图1,系列1,22.341,0.08537984797
子图1,系列1,22.344,0.07171316261
子图1,系列1,22.347,0.0576524565
子图1,系列1,22.35,0.04328236688
子图1,系列1,22.353,0.0286807483
子图1,系列1,22.356,0.01391952768
子图1,系列1,22.359,-0.0009332405682
子图1,系列1,22.362,-0.01581128315
子图1,系列1,22.365,-0.03064894379
子图1,系列1,22.368,-0.04538106096
子图1,系列1,22.371,-0.05994310037
子图1,系列1,22.374,-0.07427048779
子图1,系列1,22.377,-0.08829680723
子图1,系列1,22.38,-0.1019516458
子图1,系列1,22.383,-0.1151593624
子图1,系列1,22.386,-0.1278395797
子图1,系列1,22.389,-0.1399091556
子图1,系列1,22.392,-0.1512845053
子图1,系列1,22.395,-0.1618831403
子图1,系列1,22.398,-0.1716242118
子图1,系列1,22.401,-0.180428871
子图1,系列1,22.404,-0.1882215096
子图1,系列1,22.407,-0.1949323069
子图1,系列1,22.41,-0.2005005262
子图1,系列1,22.413,-0.2048774005
子图1,系列1,22.416,-0.2080277207
子图1,系列1,22.419,-0.209930123
子图1,系列1,22.422,-0.2105768266
子图1,系列1,22.425,-0.2099736295
子图1,系列1,22.428,-0.2081404038
子图1,系列1,22.431,-0.2051116408
子图1,系列1,22.434,-0.2009363428
子图1,系列1,22.437,-0.1956768445
子图1,系列1,22.44,-0.1894067003
子图1,系列1,22.443,-0.1822081937
子图1,系列1,22.446,-0.1741700352
子图1,系列1,22.449,-0.165385496
子图1,系列1,22.452,-0.15595092
子图1,系列1,22.455,-0.1459644104
子图1,系列1,22.458,-0.135524445
子图1,系列1,22.461,-0.1247282568
子图1,系列1,22.464,-0.113670052
子图1,系列1,22.467,-0.1024393485
子图1,系列1,22.47,-0.09111983631
子图1,系列1,22.473,-0.07978913423
子图1,系列1,22.476,-0.0685194508
子图1,系列1,22.479,-0.05737859212
子图1,系列1,22.482,-0.04643054963
子图1,系列1,22.485,-0.03573527554
子图1,系列1,22.488,-0.02534792738
子图1,系列1,22.491,-0.01531840848
子图1,系列1,22.494,-0.005691975358
子图1,系列1,22.497,0.003489135564
子图1,系列1,22.5,0.01218404522
子图1,系列1,22.503,0.02035268481
子图1,系列1,22.506,0.02795678125
子图1,系列1,22.509,0.03496172512
子图1,系列1,22.512,0.04133803651
子图1,系列1,22.515,0.04706149457
子图1,系列1,22.518,0.05211213916
子图1,系列1,22.521,0.05647331084
子图1,系列1,22.524,0.06013186424
子图1,系列1,22.527,0.06307977241
子图1,系列1,22.53,0.06531627125
子图1,系列1,22.533,0.06684924775
子图1,系列1,22.536,0.06769508679
子图1,系列1,22.539,0.06787725118
子图1,系列1,22.542,0.06742463539
子图1,系列1,22.545,0.06637067472
子图1,系列1,22.548,0.06475346906
子图1,系列1,22.551,0.06261636887
子图1,系列1,22.554,0.06000810189
子图1,系列1,22.557,0.05698179533
子图1,系列1,22.56,0.05359295523
子图1,系列1,22.563,0.04989710699
子图1,系列1,22.566,0.04594797312
子图1,系列1,22.569,0.04179672126
子图1,系列1,22.572,0.03749218259
子图1,系列1,22.575,0.03308136075
子图1,系列1,22.578,0.02860941653
子图1,系列1,22.581,0.02411877198
子图1,系列1,22.584,0.01964771003
子图1,系列1,22.587,0.01522935059
子图1,系列1,22.59,0.01089180502
子图1,系列1,22.593,0.006659582641
子图1,系列1,22.596,0.002555411259
子图1,系列1,22.599,-0.001398679178
子图1,系列1,22.602,-0.005181580833
子图1,系列1,22.605,-0.00877419126
子图1,系列1,22.608,-0.01216019348
子图1,系列1,22.611,-0.01532557937
子图1,系列1,22.614,-0.01825707321
子图1,系列1,22.617,-0.02094069593
子图1,系列1,22.62,-0.02336175808
子图1,系列1,22.623,-0.02550653326
子图1,系列1,22.626,-0.02736457586
子图1,系列1,22.629,-0.02893012504
子图1,系列1,22.632,-0.03020178869
子图1,系列1,22.635,-0.03118116593
子图1,系列1,22.638,-0.03187196765
子图1,系列1,22.641,-0.0322807441
子图1,系列1,22.644,-0.03241893808
子图1,系列1,22.647,-0.03230480753
子图1,系列1,22.65,-0.03196373764
子图1,系列1,22.653,-0.03142656293
子图1,系列1,22.656,-0.03072684291
子图1,系列1,22.659,-0.02989857036
子图1,系列1,22.662,-0.02897519105
子图1,系列1,22.665,-0.02798966077
子图1,系列1,22.668,-0.02697451989
子图1,系列1,22.671,-0.0259610424
子图1,系列1,22.674,-0.02497715234
子图1,系列1,22.677,-0.02404457331
子图1,系列1,22.68,-0.0231761693
子图1,系列1,22.683,-0.02237436075
子图1,系列1,22.686,-0.02163101853
子图1,系列1,22.689,-0.02092865472
子图1,系列1,22.692,-0.02024216712
子图1,系列1,22.695,-0.01954015611
子图1,系列1,22.698,-0.01878530167
子图1,系列1,22.701,-0.0179342107
子图1,系列1,22.704,-0.01693781482
子图1,系列1,22.707,-0.01574335457
子图1,系列1,22.71,-0.01429812751
子图1,系列1,22.713,-0.01255394788
子图1,系列1,22.716,-0.01047068846
子图1,系列1,22.719,-0.00801794007
子图1,系列1,22.722,-0.00517513392
子图1,系列1,22.725,-0.001931379246
子图1,系列1,22.728,0.001713842027
子图1,系列1,22.731,0.005749064334
子图1,系列1,22.734,0.01014945634
子图1,系列1,22.737,0.01487703108
子图1,系列1,22.74,0.01988288459
子图1,系列1,22.743,0.02511073156
子图1,系列1,22.746,0.0305004836
子图1,系列1,22.749,0.03599102826
子图1,系列1,22.752,0.0415223735
子图1,系列1,22.755,0.04703803253
子图1,系列1,22.758,0.05248824381
子图1,系列1,22.761,0.05783369984
子图1,系列1,22.764,0.0630487861
子图1,系列1,22.767,0.06812337985
子图1,系列1,22.77,0.07306296703
子图1,系列1,22.773,0.07788770013
子图1,系列1,22.776,0.08263126861
子图1,系列1,22.779,0.08733983518
子图1,系列1,22.782,0.09207046609
子图1,系列1,22.785,0.09688819367
子图1,系列1,22.788,0.1018612881
子图1,系列1,22.791,0.107055225
子图1,系列1,22.794,0.1125265637
子图1,系列1,22.797,0.1183178283
子图1,系列1,22.8,0.1244536059
子图1,系列1,22.803,0.1309372594
子图1,系列1,22.806,0.13774751
子图1,系列1,22.809,0.1448347438
子图1,系列1,22.812,0.1521178067
子图1,系列1,22.815,0.159482523
子图1,系列1,22.818,0.1667827308
子图1,系列1,22.821,0.1738436538
子图1,系列1,22.824,0.1804666997
子图1,系列1,22.827,0.1864347676
子图1,系列1,22.83,0.1915177632
子图1,系列1,22.833,0.1954787397
子图1,系列1,22.836,0.1980812745
子图1,系列1,22.839,0.1990981903
子图1,系列1,22.842,0.1983209922
子图1,系列1,22.845,0.1955689913
子图1,系列1,22.848,0.1906972456
子图1,系列1,22.851,0.1836029879
子图1,系列1,22.854,0.1742306848
子图1,系列1,22.857,0.1625759613
子图1,系列1,22.86,0.1486883688
子图1,系列1,22.863,0.1326726598
子图1,系列1,22.866,0.1146881386
子图1,系列1,22.869,0.09494584128
子图1,系列1,22.872,0.07370360122
子图1,系列1,22.875,0.05125928988
子图1,系列1,22.878,0.02794264116
子图1,系列1,22.881,0.004106084391
子图1,系列1,22.884,-0.01988504441
子图1,系列1,22.887,-0.04366259441
子图1,系列1,22.89,-0.06686572403
子图1,系列1,22.893,-0.08915086846
子图1,系列1,22.896,-0.1102013682
子图1,系列1,22.899,-0.1297364046
子图1,系列1,22.902,-0.1475186974
子图1,系列1,22.905,-0.1633603889
子图1,系列1,22.908,-0.1771267117
子图1,系列1,22.911,-0.1887374301
子图1,系列1,22.914,-0.1981664868
子图1,系列1,22.917,-0.2054403579
子图1,系列1,22.92,-0.2106352481
子图1,系列1,22.923,-0.2138728498
子图1,系列1,22.926,-0.2153142868
子图1,系列1,22.929,-0.215152189
子图1,系列1,22.932,-0.2136015242
子图1,系列1,22.935,-0.2108903141
子图1,系列1,22.938,-0.2072511316
子图1,系列1,22.941,-0.2029135302
子图1,系列1,22.944,-0.1980969757
子图1,系列1,22.947,-0.1930038273
子图1,系列1,22.95,-0.1878124893
子图1,系列1,22.953,-0.1826716343
子图1,系列1,22.956,-0.1776965673
子图1,系列1,22.959,-0.1729680585
子图1,系列1,22.962,-0.1685330395
子图1,系列1,22.965,-0.164406177
子图1,系列1,22.968,-0.1605717046
子图1,系列1,22.971,-0.1569857568
子图1,系列1,22.974,-0.1535800623
子图1,系列1,22.977,-0.1502674853
子图1,系列1,22.98,-0.1469488368
子图1,系列1,22.983,-0.1435196886
子图1,系列1,22.986,-0.1398761076
子图1,系列1,22.989,-0.1359190843
子图1,系列1,22.992,-0.131558404
子图1,系列1,22.995,-0.126716924
子图1,系列1,22.998,-0.1213352893
子图1,系列1,23.001,-0.1153759824
子图1,系列1,23.004,-0.1088253977
子图1,系列1,23.007,-0.1016934086
子图1,系列1,23.01,-0.09401113497
子图1,系列1,23.013,-0.08582847261
子图1,系列1,23.016,-0.07721253139
子图1,系列1,23.019,-0.06824662349
子图1,系列1,23.022,-0.05902832142
子图1,系列1,23.025,-0.04966535512
子图1,系列1,23.028,-0.04026944907
子图1,系列1,23.031,-0.03094971017
子图1,系列1,23.034,-0.02180769391
子图1,系列1,23.037,-0.01293511925
子图1,系列1,23.04,-0.004413250069
子图1,系列1,23.043,0.003688064547
子图1,系列1,23.046,0.01131303962
子图1,系列1,23.049,0.01842388582
子图1,系列1,23.052,0.02500406839
子图1,系列1,23.055,0.03105885075
子图1,系列1,23.058,0.03661260689
子图1,系列1,23.061,0.04170429418
子图1,系列1,23.064,0.04638327638
子图1,系列1,23.067,0.05070689209
子图1,系列1,23.07,0.05473951279
子图1,系列1,23.073,0.05855160327
子图1,系列1,23.076,0.0622172825
子图1,系列1,23.079,0.06580993444
子图1,系列1,23.082,0.06939673687
子图1,系列1,23.085,0.07303366285
子图1,系列1,23.088,0.07676220633
子图1,系列1,23.091,0.0806082056
子图1,系列1,23.094,0.08458227461
子图1,系列1,23.097,0.08868079271
子图1,系列1,23.1,0.09288639601
子图1,系列1,23.103,0.09716756798
子图1,系列1,23.106,0.1014778303
子图1,系列1,23.109,0.1057556502
子图1,系列1,23.112,0.1099262131
子图1,系列1,23.115,0.1139054687
子图1,系列1,23.118,0.1176055774
子图1,系列1,23.121,0.1209400388
子图1,系列1,23.124,0.123827102
子图1,系列1,23.127,0.1261912565
子图1,系列1,23.13,0.1279638915
子图1,系列1,23.133,0.1290847517
子图1,系列1,23.136,0.1295050642
子图1,系列1,23.139,0.1291916454
子图1,系列1,23.142,0.1281302514
子图1,系列1,23.145,0.1263266794
子图1,系列1,23.148,0.1238053636
子图1,系列1,23.151,0.1206065822
子图1,系列1,23.154,0.1167839618
子图1,系列1,23.157,0.1124032082
子图1,系列1,23.16,0.1075415924
子图1,系列1,23.163,0.1022868996
子图1,系列1,23.166,0.09673483468
子图1,系列1,23.169,0.09098492487
子图1,系列1,23.172,0.08513603915
子图1,系列1,23.175,0.07928289776
子图1,系列1,23.178,0.07351410885
子图1,系列1,23.181,0.06791114953
子图1,系列1,23.184,0.06254727259
子图1,系列1,23.187,0.05748576811
子图1,系列1,23.19,0.05277792788
子图1,系列1,23.193,0.0484617465
子图1,系列1,23.196,0.04456218451
子图1,系列1,23.199,0.04109283528
子图1,系列1,23.202,0.0380580068
子图1,系列1,23.205,0.03545422662
子图1,系列1,23.208,0.03327089896
子图1,系列1,23.211,0.03149073066
子图1,系列1,23.214,0.03009089075
子图1,系列1,23.217,0.02904529638
子图1,系列1,23.22,0.02832741412
子图1,系列1,23.223,0.02791244195
子图1,系列1,23.226,0.02777806826
子图1,系列1,23.229,0.02790388426
子图1,系列1,23.232,0.02827031854
子图1,系列1,23.235,0.02885805638
子图1,系列1,23.238,0.02964822095
子图1,系列1,23.241,0.03062275142
子图1,系列1,23.244,0.03176411804
子图1,系列1,23.247,0.03305392522
子图1,系列1,23.25,0.03447071389
子图1,系列1,23.253,0.03598781607
子图1,系列1,23.256,0.03757204641
子图1,系列1,23.259,0.03918344217
子图1,系列1,23.262,0.04077567148
子图1,系列1,23.265,0.04229654563
子图1,系列1,23.268,0.04368835369
子图1,系列1,23.271,0.04488818344
子图1,系列1,23.274,0.04582863671
子图1,系列1,23.277,0.04643928015
子图1,系列1,23.28,0.04664889659
子图1,系列1,23.283,0.04638829397
子图1,系列1,23.286,0.04559329157
子图1,系列1,23.289,0.04420756888
子图1,系列1,23.292,0.04218515861
子图1,系列1,23.295,0.03949246356
子图1,系列1,23.298,0.03610987082
子图1,系列1,23.301,0.03203317844
子图1,系列1,23.304,0.02727496229
子图1,系列1,23.307,0.0218657869
子图1,系列1,23.31,0.01585489454
子图1,系列1,23.313,0.009309810059
子图1,系列1,23.316,0.002314519091
子图1,系列1,23.319,-0.005033463526
子图1,系列1,23.322,-0.01262632358
子图1,系列1,23.325,-0.02034875895
子图1,系列1,23.328,-0.02808022087
子图1,系列1,23.331,-0.03569716467
子图1,系列1,23.334,-0.04307624504
子图1,系列1,23.337,-0.05009882858
子图1,系列1,23.34,-0.05665607952
子图1,系列1,23.343,-0.06265324098
子图1,系列1,23.346,-0.06801206044
子图1,系列1,23.349,-0.07267133984
子图1,系列1,23.352,-0.07658671512
子图1,系列1,23.355,-0.07973107055
子图1,系列1,23.358,-0.0820960277
子图1,系列1,23.361,-0.08369355783
子图1,系列1,23.364,-0.08455617375
子图1,系列1,23.367,-0.08473473248
子图1,系列1,23.37,-0.08429422632
子图1,系列1,23.373,-0.08330916438
子图1,系列1,23.376,-0.08186018873
子图1,系列1,23.379,-0.08003230483
子图1,系列1,23.382,-0.07791369387
子图1,系列1,23.385,-0.07559363505
子图1,系列1,23.388,-0.07315879949
子图1,系列1,23.391,-0.07068856512
子图1,系列1,23.394,-0.06825100166
子图1,系列1,23.397,-0.06590086121
子图1,系列1,23.4,-0.06367956591
子图1,系列1,23.403,-0.06161602731
子图1,系列1,23.406,-0.05972698341
子图1,系列1,23.409,-0.05801638404
子图1,系列1,23.412,-0.05647456349
子图1,系列1,23.415,-0.05507849398
子图1,系列1,23.418,-0.05379378034
子图1,系列1,23.421,-0.05257788183
子图1,系列1,23.424,-0.05138337459
子图1,系列1,23.427,-0.05016031067
子图1,系列1,23.43,-0.04885763377
子图1,系列1,23.433,-0.04742446681
子图1,系列1,23.436,-0.04581211157
子图1,系列1,23.439,-0.04397678558
子图1,系列1,23.442,-0.04188230619
子图1,系列1,23.445,-0.0395018127
子图1,系列1,23.448,-0.03681819988
子图1,系列1,23.451,-0.03382374997
子图1,系列1,23.454,-0.03051981587
子图1,系列1,23.457,-0.02691696609
子图1,系列1,23.46,-0.02303520264
子图1,系列1,23.463,-0.01890348688
子图1,系列1,23.466,-0.01455814218
子图1,系列1,23.469,-0.01004042931
子图1,系列1,23.472,-0.005394111558
子图1,系列1,23.475,-0.0006636804773
子图1,系列1,23.478,0.004106769716
子图1,系列1,23.481,0.008874610327
子图1,系列1,23.484,0.01360025825
子图1,系列1,23.487,0.01824927487
子图1,系列1,23.49,0.02279439112
子图1,系列1,23.493,0.02721675734
子图1,系列1,23.496,0.03150616569
子图1,系列1,23.499,0.03566056572
子图1,系列1,23.502,0.03968542789
子图1,系列1,23.505,0.04359326811
子图1,系列1,23.508,0.04740318257
子图1,系列1,23.511,0.05114000164
子图1,系列1,23.514,0.05483284781
子图1,系列1,23.517,0.05851321435
子图1,系列1,23.52,0.06221285514
子图1,系列1,23.523,0.06596172531
子图1,系列1,23.526,0.06978604642
子图1,系列1,23.529,0.07370648714
子图1,系列1,23.532,0.07773654157
子图1,系列1,23.535,0.08188127607
子图1,系列1,23.538,0.08613651932
子图1,系列1,23.541,0.09048838845
子图1,系列1,23.544,0.09491298684
子图1,系列1,23.547,0.09937626055
子图1,系列1,23.55,0.1038342529
子图1,系列1,23.553,0.1082340687
子图1,系列1,23.556,0.1125155915
子图1,系列1,23.559,0.1166136179
子图1,系列1,23.562,0.1204599501
子图1,系列1,23.565,0.1239852285
子图1,系列1,23.568,0.127120695
子图1,系列1,23.571,0.1298002594
子图1,系列1,23.574,0.1319629754
子图1,系列1,23.577,0.1335555356
子图1,系列1,23.58,0.134534172
子图1,系列1,23.583,0.1348656377
子图1,系列1,23.586,0.1345274911
子图1,系列1,23.589,0.1335082311
子图1,系列1,23.592,0.131807667
子图1,系列1,23.595,0.1294373765
子图1,系列1,23.598,0.1264206617
子图1,系列1,23.601,0.1227914726
子图1,系列1,23.604,0.1185923146
子图1,系列1,23.607,0.1138716973
子图1,系列1,23.61,0.1086818277
子图1,系列1,23.613,0.103076983
子图1,系列1,23.616,0.09711251469
子图1,系列1,23.619,0.09084400956
子图1,系列1,23.622,0.08432609054
子图1,系列1,23.625,0.07761069232
子图1,系列1,23.628,0.07074507505
子图1,系列1,23.631,0.06377016607
子图1,系列1,23.634,0.05671989455
子图1,系列1,23.637,0.04962181596
子图1,系列1,23.64,0.04249865827
子图1,系列1,23.643,0.03536996026
子图1,系列1,23.646,0.02825302786
子图1,系列1,23.649,0.02116299653
子图1,系列1,23.652,0.0141125486
子图1,系列1,23.655,0.007112211946
子图1,系列1,23.658,0.0001717806622
子图1,系列1,23.661,-0.006697456504
子图1,系列1,23.664,-0.01348063903
子图1,系列1,23.667,-0.02015832224
子图1,系列1,23.67,-0.0267067541
子图1,系列1,23.673,-0.03309888616
子图1,系列1,23.676,-0.03930528171
子图1,系列1,23.679,-0.04529441948
子图1,系列1,23.682,-0.05103250356
子图1,系列1,23.685,-0.05648328529
子图1,系列1,23.688,-0.06160832776
子图1,系列1,23.691,-0.06636780298
子图1,系列1,23.694,-0.07072164811
子图1,系列1,23.697,-0.0746307951
子图1,系列1,23.7,-0.07805818008
子图1,系列1,23.703,-0.08096932806
子图1,系列1,23.706,-0.08333243289
子图1,系列1,23.709,-0.08511801769
子图1,系列1,23.712,-0.08629850723
子图1,系列1,23.715,-0.08684815547
子图1,系列1,23.718,-0.08674350301
子图1,系列1,23.721,-0.08596410438
子图1,系列1,23.724,-0.08449305907
子图1,系列1,23.727,-0.08231704719
子图1,系列1,23.73,-0.07942604067
子图1,系列1,23.733,-0.07581330385
子图1,系列1,23.736,-0.07147623021
子图1,系列1,23.739,-0.06641797754
子图1,系列1,23.742,-0.06064934057
子图1,系列1,23.745,-0.05419027554
子图1,系列1,23.748,-0.04707092496
子图1,系列1,23.751,-0.03933253009
子图1,系列1,23.754,-0.03102875
子图1,系列1,23.757,-0.02222741971
子图1,系列1,23.76,-0.01301214745
子图1,系列1,23.763,-0.003483000704
子图1,系列1,23.766,0.006244023077
子图1,系列1,23.769,0.01603838593
子图1,系列1,23.772,0.02575661024
子图1,系列1,23.775,0.03524383536
子图1,系列1,23.778,0.04433578276
子图1,系列1,23.781,0.05286187696
子图1,系列1,23.784,0.06064984574
子图1,系列1,23.787,0.06753131345
子图1,系列1,23.79,0.07334737751
子图1,系列1,23.793,0.07795343784
子图1,系列1,23.796,0.08122340618
子图1,系列1,23.799,0.08305400469
子图1,系列1,23.802,0.08336961569
子图1,系列1,23.805,0.0821272891
子图1,系列1,23.808,0.07932077204
子图1,系列1,23.811,0.07498249337
子图1,系列1,23.814,0.06918336111
子图1,系列1,23.817,0.0620312091
子图1,系列1,23.82,0.05366888539
子图1,系列1,23.823,0.04427223612
子图1,系列1,23.826,0.03404728696
子图1,系列1,23.829,0.02322559715
子图1,系列1,23.832,0.01205738971
子图1,系列1,23.835,0.0008031490194
子图1,系列1,23.838,-0.01027497333
子图1,系列1,23.841,-0.02092087263
子图1,系列1,23.844,-0.03089113834
子图1,系列1,23.847,-0.03996118374
子图1,系列1,23.85,-0.04793144923
子图1,系列1,23.853,-0.054633716
子图1,系列1,23.856,-0.05993692318
子图1,系列1,23.859,-0.06375159511
子图1,系列1,23.862,-0.06603221551
子图1,系列1,23.865,-0.06677740824
子图1,系列1,23.868,-0.06602821671
子图1,系列1,23.871,-0.06386498781
子图1,系列1,23.874,-0.06040342127
子图1,系列1,23.877,-0.05579018332
子图1,系列1,23.88,-0.05019810909
子图1,系列1,23.883,-0.04382068354
子图1,系列1,23.886,-0.03686542422
子图1,系列1,23.889,-0.02954610099
子图1,系列1,23.892,-0.02207438032
子图1,系列1,23.895,-0.01465205244
子图1,系列1,23.898,-0.007464910959
子图1,系列1,23.901,-0.000678588663
子图1,系列1,23.904,0.005564218754
子图1,系列1,23.907,0.01114607836
子图1,系列1,23.91,0.01597721179
子图1,系列1,23.913,0.01999753776
子图1,系列1,23.916,0.02317730208
子图1,系列1,23.919,0.02551546388
子图1,系列1,23.922,0.02703591309
子图1,系列1,23.925,0.02778247157
子图1,系列1,23.928,0.02781387441
子图1,系列1,23.931,0.02719940129
子图1,系列1,23.934,0.02601499473
子图1,系列1,23.937,0.02433926703
子图1,系列1,23.94,0.02224903415
子图1,系列1,23.943,0.01981460682
子图1,系列1,23.946,0.01709552394
子图1,系列1,23.949,0.01413741657
子图1,系列1,23.952,0.01097030225
子图1,系列1,23.955,0.007608197005
子图1,系列1,23.958,0.004049779315
子图1,系列1,23.961,0.0002799026069
子图1,系列1,23.964,-0.003728156197
子图1,系列1,23.967,-0.008009824104
子图1,系列1,23.97,-0.01260590754
子图1,系列1,23.973,-0.01755895812
子图1,系列1,23.976,-0.022909322
子图1,系列1,23.979,-0.02869079687
子图1,系列1,23.982,-0.03492598424
子图1,系列1,23.985,-0.04162175732
子图1,系列1,23.988,-0.04876552963
子图1,系列1,23.991,-0.05632290262
子图1,系列1,23.994,-0.06423674311
子图1,系列1,23.997,-0.07242722202
子图1,系列1,24,-0.08079227926
子图1,系列1,24.003,-0.08920837112
子图1,系列1,24.006,-0.09753189541
子图1,系列1,24.009,-0.1056019234
子图1,系列1,24.012,-0.1132444923
子图1,系列1,24.015,-0.1202780256
子图1,系列1,24.018,-0.1265191053
子图1,系列1,24.021,-0.131788027
子图1,系列1,24.024,-0.1359140401
子图1,系列1,24.027,-0.1387405077
子图1,系列1,24.03,-0.1401301133
子图1,系列1,24.033,-0.1399698094
子图1,系列1,24.036,-0.1381749626
子图1,系列1,24.039,-0.1346923932
子图1,系列1,24.042,-0.1295024216
子图1,系列1,24.045,-0.1226201943
子图1,系列1,24.048,-0.1140963287
子图1,系列1,24.051,-0.1040165119
子图1,系列1,24.054,-0.09249961359
子图1,系列1,24.057,-0.07969427954
子图1,系列1,24.06,-0.06577452515
子图1,系列1,24.063,-0.05093504973
子图1,系列1,24.066,-0.0353866557
子图1,系列1,24.069,-0.01935158373
子图1,系列1,24.072,-0.003058355554
子图1,系列1,24.075,0.01326393827
子图1,系列1,24.078,0.02939148948
子图1,系列1,24.081,0.04511117022
子图1,系列1,24.084,0.0602250903
子图1,系列1,24.087,0.07455433552
子图1,系列1,24.09,0.08794209362
子图1,系列1,24.093,0.1002560789
子图1,系列1,24.096,0.1113898533
子图1,系列1,24.099,0.1212628537
子图1,系列1,24.102,0.1298194485
子图1,系列1,24.105,0.1370276561
子图1,系列1,24.108,0.1428780057
子图1,系列1,24.111,0.1473823534
子图1,系列1,24.114,0.1505717616
子图1,系列1,24.117,0.1524927238
子图1,系列1,24.12,0.1532021027
子图1,系列1,24.123,0.1527621453
子图1,系列1,24.126,0.1512370253
子图1,系列1,24.129,0.148691458
子图1,系列1,24.132,0.1451904966
子图1,系列1,24.135,0.1407987877
子图1,系列1,24.138,0.1355782362
子图1,系列1,24.141,0.1295846897
子图1,系列1,24.144,0.1228654679
子图1,系列1,24.147,0.1154594389
子图1,系列1,24.15,0.1073999428
子图1,系列1,24.153,0.09871908575
子图1,系列1,24.156,0.08945116955
子图1,系列1,24.159,0.07963392882
子图1,系列1,24.162,0.06930806973
子图1,系列1,24.165,0.05851690304
子图1,系列1,24.168,0.04730771385
子图1,系列1,24.171,0.03573511384
子图1,系列1,24.174,0.02386506725
子图1,系列1,24.177,0.01177762044
子图1,系列1,24.18,-0.0004329948963
子图1,系列1,24.183,-0.01266071878
子图1,系列1,24.186,-0.02479111292
子图1,系列1,24.189,-0.03670440144
子图1,系列1,24.192,-0.04827726145
子图1,系列1,24.195,-0.0593834722
子图1,系列1,24.198,-0.06989449022
子图1,系列1,24.201,-0.07968135528
子图1,系列1,24.204,-0.08861868156
子图1,系列1,24.207,-0.09659039279
子图1,系列1,24.21,-0.1034958267
子图1,系列1,24.213,-0.1092541914
子图1,系列1,24.216,-0.1138058974
子图1,系列1,24.219,-0.1171111536
子图1,系列1,24.222,-0.1191479306
子图1,系列1,24.225,-0.1199116194
子图1,系列1,24.228,-0.1194172973
子图1,系列1,24.231,-0.1177031797
子图1,系列1,24.234,-0.1148321488
子图1,系列1,24.237,-0.1108889556
子图1,系列1,24.24,-0.1059734715
子图1,系列1,24.243,-0.1001929424
子图1,系列1,24.246,-0.09365664939
子图1,系列1,24.249,-0.08647441872
子图1,系列1,24.252,-0.07875740941
子图1,系列1,24.255,-0.07061786346
子图1,系列1,24.258,-0.06216547926
子图1,系列1,24.261,-0.05350086388
子图1,系列1,24.264,-0.04470883877
子图1,系列1,24.267,-0.03585457501
子图1,系列1,24.27,-0.02698367638
子图1,系列1,24.273,-0.01812491808
子图1,系列1,24.276,-0.009293135229
子图1,系列1,24.279,-0.0004904199973
子图1,系列1,24.282,0.008294403914
子图1,系列1,24.285,0.01708654248
子图1,系列1,24.288,0.02592447753
子图1,系列1,24.291,0.03485682255
子图1,系列1,24.294,0.04393719223
子图1,系列1,24.297,0.05321847887
子图1,系列1,24.3,0.06274810098
子图1,系列1,24.303,0.07256503896
子图1,系列1,24.306,0.08269837011
子图1,系列1,24.309,0.09316623747
子图1,系列1,24.312,0.1039740348
子图1,系列1,24.315,0.1151112213
子图1,系列1,24.318,0.1265474245
子图1,系列1,24.321,0.1382294085
子图1,系列1,24.324,0.1500802706
子图1,系列1,24.327,0.1620011313
子图1,系列1,24.33,0.1738743019
子图1,系列1,24.333,0.1855661162
子图1,系列1,24.336,0.1969280338
子图1,系列1,24.339,0.2077962477
子图1,系列1,24.342,0.2179915183
子图1,系列1,24.345,0.2273211608
子图1,系列1,24.348,0.2355840093
子图1,系列1,24.351,0.2425773516
子图1,系列1,24.354,0.2481033846
子图1,系列1,24.357,0.251973013
子图1,系列1,24.36,0.2540068177
子图1,系列1,24.363,0.2540351712
子图1,系列1,24.366,0.2519002094
子图1,系列1,24.369,0.247461149
子图1,系列1,24.372,0.2406019876
子图1,系列1,24.375,0.2312386993
子图1,系列1,24.378,0.2193232314
子图1,系列1,24.381,0.2048437689
子图1,系列1,24.384,0.1878231735
子图1,系列1,24.387,0.1683184094
子图1,系列1,24.39,0.1464225613
子图1,系列1,24.393,0.1222687797
子图1,系列1,24.396,0.0960338304
子图1,系列1,24.399,0.06793892635
子图1,系列1,24.402,0.0382469985
子图1,系列1,24.405,0.007257334123
子图1,系列1,24.408,-0.02470066505
子图1,系列1,24.411,-0.0572731821
子图1,系列1,24.414,-0.09008664559
子图1,系列1,24.417,-0.1227518819
子图1,系列1,24.42,-0.1548689781
子图1,系列1,24.423,-0.1860340328
子图1,系列1,24.426,-0.2158482751
子图1,系列1,24.429,-0.243928994
子图1,系列1,24.432,-0.2699207094
子图1,系列1,24.435,-0.2935046756
子图1,系列1,24.438,-0.3144056266
子图1,系列1,24.441,-0.3323961582
子图1,系列1,24.444,-0.3473001999
子图1,系列1,24.447,-0.3589969175
子图1,系列1,24.45,-0.3674251553
子图1,系列1,24.453,-0.3725870214
子图1,系列1,24.456,-0.3745486427
子图1,系列1,24.459,-0.3734369289
子图1,系列1,24.462,-0.3694327423
子图1,系列1,24.465,-0.3627620104
子图1,系列1,24.468,-0.3536863518
子图1,系列1,24.471,-0.3424938922
子图1,系列1,24.474,-0.3294899033
子图1,系列1,24.477,-0.31498646
子图1,系列1,24.48,-0.2992907301
子图1,系列1,24.483,-0.2826924041
子图1,系列1,24.486,-0.2654514826
子图1,系列1,24.489,-0.2477877588
子图1,系列1,24.492,-0.2298729348
子图1,系列1,24.495,-0.2118256329
子图1,系列1,24.498,-0.1937089505
子图1,系列1,24.501,-0.1755300703
子图1,系列1,24.504,-0.157241815
子图1,系列1,24.507,-0.1387465236
子图1,系列1,24.51,-0.1199028632
子图1,系列1,24.513,-0.1005359234
子图1,系列1,24.516,-0.08045015631
子图1,系列1,24.519,-0.05944392993
子图1,系列1,24.522,-0.03732433771
子图1,系列1,24.525,-0.01392148419
子图1,系列1,24.528,0.01089778219
子图1,系列1,24.531,0.0372164026
子图1,系列1,24.534,0.06505411037
子图1,系列1,24.537,0.09435610354
子图1,系列1,24.54,0.1249851399
子图1,系列1,24.543,0.1567182822
子图1,系列1,24.546,0.1892482607
子图1,系列1,24.549,0.2221883382
子图1,系列1,24.552,0.2550794933
子图1,系列1,24.555,0.2873997608
子图1,系列1,24.558,0.3185766691
子图1,系列1,24.561,0.3480037793
子图1,系列1,24.564,0.3750611656
子图1,系列1,24.567,0.3991380986
子图1,系列1,24.57,0.4196554283
子图1,系列1,24.573,0.4360859202
子图1,系列1,24.576,0.4479723463
子图1,系列1,24.579,0.4549440139
子图1,系列1,24.582,0.4567320528
子图1,系列1,24.585,0.4531826205
子图1,系列1,24.588,0.4442662013
子图1,系列1,24.591,0.4300814486
子图1,系列1,24.594,0.4108534647
子图1,系列1,24.597,0.3869275257
子图1,系列1,24.6,0.358759175
子图1,系列1,24.603,0.3269009353
子图1,系列1,24.606,0.2919854022
子图1,系列1,24.609,0.25470477
子图1,系列1,24.612,0.2157880467
子图1,系列1,24.615,0.175978134
子图1,系列1,24.618,0.1360102271
子图1,系列1,24.621,0.09659140869
子图1,系列1,24.624,0.05838059295
子图1,系列1,24.627,0.02196865848
子图1,系列1,24.63,-0.01213968421
子图1,系列1,24.633,-0.04353928064
子图1,系列1,24.636,-0.07193079986
子图1,系列1,24.639,-0.09712029754
子图1,系列1,24.642,-0.1190149665
子图1,系列1,24.645,-0.1376180924
子图1,系列1,24.648,-0.1530241228
子图1,系列1,24.651,-0.1654119538
子图1,系列1,24.654,-0.1750333593
子图1,系列1,24.657,-0.1821953832
子图1,系列1,24.66,-0.1872390434
子图1,系列1,24.663,-0.1905187915
子图1,系列1,24.666,-0.1923863225
子图1,系列1,24.669,-0.1931793542
子图1,系列1,24.672,-0.1932130596
子图1,系列1,24.675,-0.1927711984
子图1,系列1,24.678,-0.192096081
子图1,系列1,24.681,-0.1913793305
子图1,系列1,24.684,-0.1907565615
子图1,系列1,24.687,-0.1903078848
子图1,系列1,24.69,-0.1900636351
子图1,系列1,24.693,-0.1900127632
子图1,系列1,24.696,-0.1901112328
子图1,系列1,24.699,-0.1902892975
子图1,系列1,24.702,-0.1904582739
子图1,系列1,24.705,-0.1905180679
子图1,系列1,24.708,-0.1903659981
子图1,系列1,24.711,-0.1899062372
子图1,系列1,24.714,-0.1890584354
子图1,系列1,24.717,-0.1877641357
子图1,系列1,24.72,-0.1859902616
子图1,系列1,24.723,-0.1837298816
子图1,系列1,24.726,-0.1810010121
子图1,系列1,24.729,-0.1778442257
子图1,系列1,24.732,-0.1743196658
子图1,系列1,24.735,-0.1705037677
子图1,系列1,24.738,-0.1664853796
子图1,系列1,24.741,-0.1623606245
子图1,系列1,24.744,-0.1582262716
子图1,系列1,24.747,-0.1541722273
子图1,系列1,24.75,-0.1502745804
子图1,系列1,24.753,-0.1465910194
子图1,系列1,24.756,-0.1431595673
子图1,系列1,24.759,-0.1399997075
子图1,系列1,24.762,-0.137113778
子图1,系列1,24.765,-0.1344870568
子图1,系列1,24.768,-0.1320867623
子图1,系列1,24.771,-0.1298620621
子图1,系列1,24.774,-0.1277475616
子图1,系列1,24.777,-0.1256708392
子图1,系列1,24.78,-0.1235617868
子图1,系列1,24.783,-0.1213602286
子图1,系列1,24.786,-0.1190195234
子图1,系列1,24.789,-0.116506639
子图1,系列1,24.792,-0.1138014492
子图1,系列1,24.795,-0.1108979737
子图1,系列1,24.798,-0.1078080028
子图1,系列1,24.801,-0.1045649746
子图1,系列1,24.804,-0.1012251419
子图1,系列1,24.807,-0.09786444866
子图1,系列1,24.81,-0.09457191246
子图1,系列1,24.813,-0.09144192663
子图1,系列1,24.816,-0.0885678274
子图1,系列1,24.819,-0.08603766075
子图1,系列1,24.822,-0.08393148829
子图1,系列1,24.825,-0.08231881892
子图1,系列1,24.828,-0.08125506889
子图1,系列1,24.831,-0.08077690418
子图1,系列1,24.834,-0.08089735909
子图1,系列1,24.837,-0.08160224433
子图1,系列1,24.84,-0.08284916079
子图1,系列1,24.843,-0.08456948315
子图1,系列1,24.846,-0.08667249318
子图1,系列1,24.849,-0.08905010187
子图1,系列1,24.852,-0.09158086098
子图1,系列1,24.855,-0.09413312814
子图1,系列1,24.858,-0.09656835871
子图1,系列1,24.861,-0.09874563549
子图1,系列1,24.864,-0.1005276626
子图1,系列1,24.867,-0.1017872422
子图1,系列1,24.87,-0.1024127161
子图1,系列1,24.873,-0.1023115087
子图1,系列1,24.876,-0.1014121128
子图1,系列1,24.879,-0.09966543295
子图1,系列1,24.882,-0.0970459802
子图1,系列1,24.885,-0.09355254351
子图1,系列1,24.888,-0.08920744903
子图1,系列1,24.891,-0.08405395648
子图1,系列1,24.894,-0.07815245956
子图1,系列1,24.897,-0.07157678848
子图1,系列1,24.9,-0.0644113718
子图1,系列1,24.903,-0.0567488836
子图1,系列1,24.906,-0.04868727603
子图1,系列1,24.909,-0.04032540065
子图1,系列1,24.912,-0.03175768564
子图1,系列1,24.915,-0.02306955453
子图1,系列1,24.918,-0.01433522706
子图1,系列1,24.921,-0.005618154155
子图1,系列1,24.924,0.003027250075
子图1,系列1,24.927,0.0115544975
子图1,系列1,24.93,0.01992558871
子图1,系列1,24.933,0.02811259472
子图1,系列1,24.936,0.03609836655
子图1,系列1,24.939,0.04387475159
子图1,系列1,24.942,0.05143832074
子图1,系列1,24.945,0.05878531867
子图1,系列1,24.948,0.06590805402
子图1,系列1,24.951,0.07279398223
子图1,系列1,24.954,0.07942705321
子图1,系列1,24.957,0.08578956953
子图1,系列1,24.96,0.09186272954
子图1,系列1,24.963,0.09762530074
子图1,系列1,24.966,0.1030514378
子图1,系列1,24.969,0.1081094171
子图1,系列1,24.972,0.1127627373
子图1,系列1,24.975,0.1169738258
子图1,系列1,24.978,0.1207090091
子图1,系列1,24.981,0.123942598
子图1,系列1,24.984,0.1266585555
子图1,系列1,24.987,0.1288496969
子图1,系列1,24.99,0.1305158412
子图1,系列1,24.993,0.1316630053
子图1,系列1,24.996,0.1323048893
子图1,系列1,24.999,0.1324658841
子图1,系列1,25.002,0.1321833449
子图1,系列1,25.005,0.1315070643
子图1,系列1,25.008,0.1304954941
子图1,系列1,25.011,0.129210348
子图1,系列1,25.014,0.1277123001
子图1,系列1,25.017,0.1260594616
子图1,系列1,25.02,0.1243079804
子图1,系列1,25.023,0.1225125554
子图1,系列1,25.026,0.1207249478
子图1,系列1,25.029,0.1189903598
子图1,系列1,25.032,0.1173435514
子图1,系列1,25.035,0.1158071263
子图1,系列1,25.038,0.1143928824
子图1,系列1,25.041,0.1131049764
子图1,系列1,25.044,0.1119427539
子图1,系列1,25.047,0.1109019219
子图1,系列1,25.05,0.1099745335
子图1,系列1,25.053,0.109149587
子图1,系列1,25.056,0.1084156628
子图1,系列1,25.059,0.1077652119
子图1,系列1,25.062,0.1071986285
子图1,系列1,25.065,0.1067263194
子图1,系列1,25.068,0.1063683663
子图1,系列1,25.071,0.1061529886
子图1,系列1,25.074,0.1061155782
子图1,系列1,25.077,0.1062990089
子图1,系列1,25.08,0.1067541777
子图1,系列1,25.083,0.1075389522
子图1,系列1,25.086,0.1087144339
子图1,系列1,25.089,0.1103390278
子图1,系列1,25.092,0.1124621431
子图1,系列1,25.095,0.1151194291
子图1,系列1,25.098,0.1183301005
子图1,系列1,25.101,0.1220952796
子图1,系列1,25.104,0.1263957568
子图1,系列1,25.107,0.1311883586
子图1,系列1,25.11,0.1364015906
子图1,系列1,25.113,0.1419324413
子图1,系列1,25.116,0.1476461824
子图1,系列1,25.119,0.1533795894
子图1,系列1,25.122,0.1589463466
子图1,系列1,25.125,0.1641427199
子图1,系列1,25.128,0.1687522081
子图1,系列1,25.131,0.172549379
子图1,系列1,25.134,0.1753044433
子图1,系列1,25.137,0.1767901561
子图1,系列1,25.14,0.1767912417
子图1,系列1,25.143,0.17511484
子图1,系列1,25.146,0.1715997041
子图1,系列1,25.149,0.166122529
子图1,系列1,25.152,0.158601445
子图1,系列1,25.155,0.1489981718
子图1,系列1,25.158,0.137320438
子图1,系列1,25.161,0.123625009
子图1,系列1,25.164,0.1080201232
子图1,系列1,25.167,0.09066548418
子图1,系列1,25.17,0.07176864326
子图1,系列1,25.173,0.05157816433
子图1,系列1,25.176,0.03037524689
子图1,系列1,25.179,0.008465573356
子图1,系列1,25.182,-0.01382790636
子图1,系列1,25.185,-0.03617182668
子图1,系列1,25.188,-0.05823003312
子图1,系列1,25.191,-0.07967263745
子图1,系列1,25.194,-0.1001860286
子图1,系列1,25.197,-0.1194824292
子图1,系列1,25.2,-0.1373075348
子图1,系列1,25.203,-0.1534456132
子图1,系列1,25.206,-0.1677224898
子图1,系列1,25.209,-0.1800073877
子图1,系列1,25.212,-0.1902143793
子图1,系列1,25.215,-0.1983034552
子图1,系列1,25.218,-0.204280462
子图1,系列1,25.221,-0.2081950523
子图1,系列1,25.224,-0.210136422
子图1,系列1,25.227,-0.2102274485
子图1,系列1,25.23,-0.2086183476
子图1,系列1,25.233,-0.2054808581
子图1,系列1,25.236,-0.2010032574
子图1,系列1,25.239,-0.1953856597
子图1,系列1,25.242,-0.1888348302
子图1,系列1,25.245,-0.1815582806
子图1,系列1,25.248,-0.1737582065
子图1,系列1,25.251,-0.1656263686
子图1,系列1,25.254,-0.1573408911
子图1,系列1,25.257,-0.1490650254
子图1,系列1,25.26,-0.1409468751
子图1,系列1,25.263,-0.1331188675
子图1,系列1,25.266,-0.1256964392
子图1,系列1,25.269,-0.1187764236
子图1,系列1,25.272,-0.112436354
子图1,系列1,25.275,-0.1067356796
子图1,系列1,25.278,-0.1017186243
子图1,系列1,25.281,-0.09741721259
子图1,系列1,25.284,-0.09385294201
子图1,系列1,25.287,-0.09103658066
子图1,系列1,25.29,-0.08896694158
子图1,系列1,25.293,-0.08763037357
子图1,系列1,25.296,-0.08700217023
子图1,系列1,25.299,-0.08704937296
子图1,系列1,25.302,-0.08773317101
子图1,系列1,25.305,-0.08900933229
子图1,系列1,25.308,-0.09082650872
子图1,系列1,25.311,-0.09312395752
子图1,系列1,25.314,-0.09583092924
子图1,系列1,25.317,-0.09886874713
子图1,系列1,25.32,-0.1021543927
子图1,系列1,25.323,-0.1056032865
子图1,系列1,25.326,-0.1091297126
子图1,系列1,25.329,-0.1126452943
子图1,系列1,25.332,-0.1160577683
子图1,系列1,25.335,-0.1192724187
子图1,系列1,25.338,-0.1221965027
子图1,系列1,25.341,-0.124744558
子图1,系列1,25.344,-0.1268417953
子图1,系列1,25.347,-0.1284241995
子图1,系列1,25.35,-0.129436389
子图1,系列1,25.353,-0.1298300146
子图1,系列1,25.356,-0.1295650117
子图1,系列1,25.359,-0.1286135878
子图1,系列1,25.362,-0.1269644817
子图1,系列1,25.365,-0.124624627
子图1,系列1,25.368,-0.1216169938
子图1,系列1,25.371,-0.1179758689
子图1,系列1,25.374,-0.1137424464
子图1,系列1,25.377,-0.1089631274
子图1,系列1,25.38,-0.1036907604
子图1,系列1,25.383,-0.09798684907
子图1,系列1,25.386,-0.09192207156
子图1,系列1,25.389,-0.0855736193
子图1,系列1,25.392,-0.07901997148
子图1,系列1,25.395,-0.0723353447
子图1,系列1,25.398,-0.06558622658
子图1,系列1,25.401,-0.0588310338
子图1,系列1,25.404,-0.05212197055
子图1,系列1,25.407,-0.04550698463
子图1,系列1,25.41,-0.0390299531
子图1,系列1,25.413,-0.03272846988
子图1,系列1,25.416,-0.02663015344
子图1,系列1,25.419,-0.02074946511
子图1,系列1,25.422,-0.01508685147
子图1,系列1,25.425,-0.009630729762
子图1,系列1,25.428,-0.004361355446
子图1,系列1,25.431,0.0007453599107
子图1,系列1,25.434,0.005716006572
子图1,系列1,25.437,0.01058042875
子图1,系列1,25.44,0.01537378961
子图1,系列1,25.443,0.02013763197
子图1,系列1,25.446,0.02491811169
子图1,系列1,25.449,0.02976128605
子图1,系列1,25.452,0.03470734661
子图1,系列1,25.455,0.03978652694
子图1,系列1,25.458,0.04501819444
子图1,系列1,25.461,0.05041233761
子图1,系列1,25.464,0.05597112934
子图1,系列1,25.467,0.06168845952
子图1,系列1,25.47,0.06754711572
子图1,系列1,25.473,0.07351541104
子图1,系列1,25.476,0.07954572777
子图1,系列1,25.479,0.08557609987
子图1,系列1,25.482,0.09153397214
子图1,系列1,25.485,0.09734024271
子图1,系列1,25.488,0.1029121479
子图1,系列1,25.491,0.108165089
子图1,系列1,25.494,0.1130148679
子图1,系列1,25.497,0.1173816252
子图1,系列1,25.5,0.1211952944
子图1,系列1,25.503,0.1244011638
子图1,系列1,25.506,0.126964071
子图1,系列1,25.509,0.1288707279
子图1,系列1,25.512,0.1301310646
子图1,系列1,25.515,0.1307800053
子图1,系列1,25.518,0.1308799623
子图1,系列1,25.521,0.1305226697
子图1,系列1,25.524,0.1298284274
子图1,系列1,25.527,0.1289417267
子图1,系列1,25.53,0.1280240127
子图1,系列1,25.533,0.1272458885
子图1,系列1,25.536,0.1267808233
子图1,系列1,25.539,0.126800296
子图1,系列1,25.542,0.1274683329
子图1,系列1,25.545,0.128933304
子图1,系列1,25.548,0.131316584
子图1,系列1,25.551,0.1347002115
子图1,系列1,25.554,0.1391171372
子图1,系列1,25.557,0.1445464214
子图1,系列1,25.56,0.1509127195
子图1,系列1,25.563,0.158087273
子图1,系列1,25.566,0.1658879286
子图1,系列1,25.569,0.1740780242
子图1,系列1,25.572,0.1823667163
子图1,系列1,25.575,0.1904142206
子图1,系列1,25.578,0.1978433551
子图1,系列1,25.581,0.2042554668
子图1,系列1,25.584,0.2092470131
子图1,系列1,25.587,0.2124238218
子图1,系列1,25.59,0.2134126726
子图1,系列1,25.593,0.2118724288
子图1,系列1,25.596,0.2075073213
子图1,系列1,25.599,0.2000827205
子图1,系列1,25.602,0.1894408895
子图1,系列1,25.605,0.1755130611
子图1,系列1,25.608,0.1583253686
子图1,系列1,25.611,0.1379988368
子图1,系列1,25.614,0.1147458518
子图1,系列1,25.617,0.08886557064
子图1,系列1,25.62,0.0607387827
子图1,系列1,25.623,0.03082067606
子图1,系列1,25.626,-0.000370591353
子图1,系列1,25.629,-0.03227033852
子图1,系列1,25.632,-0.06428752523
子图1,系列1,25.635,-0.09582596067
子图1,系列1,25.638,-0.1263041849
子图1,系列1,25.641,-0.1551731283
子图1,系列1,25.644,-0.1819320113
子图1,系列1,25.647,-0.2061432303
子图1,系列1,25.65,-0.2274462215
子图1,系列1,25.653,-0.2455693328
子图1,系列1,25.656,-0.2603383159
子图1,系列1,25.659,-0.2716803686
子图1,系列1,25.662,-0.2796234483
子图1,系列1,25.665,-0.2842913142
子图1,系列1,25.668,-0.2858950603
子图1,系列1,25.671,-0.2847219382
子图1,系列1,25.674,-0.281122249
子图1,系列1,25.677,-0.2754948358
子图1,系列1,25.68,-0.2682713082
子图1,系列1,25.683,-0.2598990361
子图1,系列1,25.686,-0.2508232557
子图1,系列1,25.689,-0.2414691888
子图1,系列1,25.692,-0.2322257671
子图1,系列1,25.695,-0.2234327218
子图1,系列1,25.698,-0.2153718116
子图1,系列1,25.701,-0.2082615185
子图1,系列1,25.704,-0.2022538873
子图1,系列1,25.707,-0.1974326071
子图1,系列1,25.71,-0.1938126886
子图1,系列1,25.713,-0.191343423
子图1,系列1,25.716,-0.1899162318
子图1,系列1,25.719,-0.1893770601
子图1,系列1,25.722,-0.1895408465
子图1,系列1,25.725,-0.1902050177
子图1,系列1,25.728,-0.1911601382
子图1,系列1,25.731,-0.1921982456
子图1,系列1,25.734,-0.1931213789
子图1,系列1,25.737,-0.1937522523
子图1,系列1,25.74,-0.1939462131
子图1,系列1,25.743,-0.1936012348
子图1,系列1,25.746,-0.1926625429
子图1,系列1,25.749,-0.1911206737
子图1,系列1,25.752,-0.1890051762
子图1,系列1,25.755,-0.1863781146
子图1,系列1,25.758,-0.1833299779
子图1,系列1,25.761,-0.1799770459
子图1,系列1,25.764,-0.1764569181
子图1,系列1,25.767,-0.1729194258
子图1,系列1,25.77,-0.1695132102
子图1,系列1,25.773,-0.1663716576
子图1,系列1,25.776,-0.1636026091
子图1,系列1,25.779,-0.1612835595
子图1,系列1,25.782,-0.1594604439
子图1,系列1,25.785,-0.1581465545
子图1,系列1,25.788,-0.1573196029
子图1,系列1,25.791,-0.156918072
子图1,系列1,25.794,-0.1568400229
子图1,系列1,25.797,-0.156946749
子图1,系列1,25.8,-0.1570709792
子图1,系列1,25.803,-0.1570270561
子图1,系列1,25.806,-0.1566203958
子图1,系列1,25.809,-0.1556553232
子图1,系列1,25.812,-0.1539421105
子图1,系列1,25.815,-0.1513042812
子图1,系列1,25.818,-0.1475864152
子图1,系列1,25.821,-0.14266181
子图1,系列1,25.824,-0.1364390711
子图1,系列1,25.827,-0.1288671414
子图1,系列1,25.83,-0.1199386135
子图1,系列1,25.833,-0.1096907486
子图1,系列1,25.836,-0.09820337871
子图1,系列1,25.839,-0.08559376164
子图1,系列1,25.842,-0.07200976426
子图1,系列1,25.845,-0.05762326287
子图1,系列1,25.848,-0.04262483965
子图1,系列1,25.851,-0.02721895489
子图1,系列1,25.854,-0.01161733412
子图1,系列1,25.857,0.003970865292
子图1,系列1,25.86,0.01935092819
子图1,系列1,25.863,0.03435333838
子图1,系列1,25.866,0.04884054038
子图1,系列1,25.869,0.06270916588
子图1,系列1,25.872,0.07588990726
子图1,系列1,25.875,0.08834803793
子图1,系列1,25.878,0.1000856948
子图1,系列1,25.881,0.1111442875
子图1,系列1,25.884,0.1216042123
子图1,系列1,25.887,0.1315801559
子图1,系列1,25.89,0.141212686
子图1,系列1,25.893,0.1506586716
子图1,系列1,25.896,0.1600829097
子图1,系列1,25.899,0.1696514865
子图1,系列1,25.902,0.1795256863
子图1,系列1,25.905,0.1898549904
子图1,系列1,25.908,0.2007687837
子图1,系列1,25.911,0.212367811
子图1,系列1,25.914,0.2247170188
子图1,系列1,25.917,0.2378407122
子图1,系列1,25.92,0.251719765
子图1,系列1,25.923,0.2662900621
子图1,系列1,25.926,0.2814417262
子图1,系列1,25.929,0.297019469
子图1,系列1,25.932,0.3128248615
子图1,系列1,25.935,0.3286208597
子图1,系列1,25.938,0.3441378985
子图1,系列1,25.941,0.3590803551
子图1,系列1,25.944,0.3731327346
子图1,系列1,25.947,0.3859659851
子图1,系列1,25.95,0.3972450088
子图1,系列1,25.953,0.4066381019
子图1,系列1,25.956,0.4138277169
子图1,系列1,25.959,0.4185206195
子图1,系列1,25.962,0.4204556019
子图1,系列1,25.965,0.4194084159
子图1,系列1,25.968,0.4151952183
子图1,系列1,25.971,0.407676477
子图1,系列1,25.974,0.3967625337
子图1,系列1,25.977,0.3824200264
子图1,系列1,25.98,0.3646766607
子图1,系列1,25.983,0.3436220354
子图1,系列1,25.986,0.319404111
子图1,系列1,25.989,0.2922230114
子图1,系列1,25.992,0.2623250653
子图1,系列1,25.995,0.229999348
子图1,系列1,25.998,0.1955764117
子图1,系列1,26.001,0.1594264073
子图1,系列1,26.004,0.1219535184
子图1,系列1,26.007,0.08358556195
子图1,系列1,26.01,0.04476054159
子图1,系列1,26.013,0.005914110063
子图1,系列1,26.016,-0.03252866012
子图1,系列1,26.019,-0.07015708041
子图1,系列1,26.022,-0.1065773585
子图1,系列1,26.025,-0.1414176509
子图1,系列1,26.028,-0.1743373054
子图1,系列1,26.031,-0.2050383098
子图1,系列1,26.034,-0.2332745259
子图1,系列1,26.037,-0.2588552153
子图1,系列1,26.04,-0.2816429507
子图1,系列1,26.043,-0.3015491839
子图1,系列1,26.046,-0.3185312459
子图1,系列1,26.049,-0.3325922809
子图1,系列1,26.052,-0.3437823286
子图1,系列1,26.055,-0.3521970362
子图1,系列1,26.058,-0.3579716555
子图1,系列1,26.061,-0.3612709144
子图1,系列1,26.064,-0.3622776146
子图1,系列1,26.067,-0.3611829366
子图1,系列1,26.07,-0.358179654
子图1,系列1,26.073,-0.3534572396
子图1,系列1,26.076,-0.3471968029
子图1,系列1,26.079,-0.33956456
子图1,系列1,26.082,-0.3307043213
子图1,系列1,26.085,-0.3207308673
子图1,系列1,26.088,-0.3097261555
子图1,系列1,26.091,-0.2977392372
子图1,系列1,26.094,-0.2847893369
子图1,系列1,26.097,-0.2708705561
子图1,系列1,26.1,-0.2559567225
子图1,系列1,26.103,-0.2400059873
子图1,系列1,26.106,-0.2229659377
子图1,系列1,26.109,-0.2047804104
子图1,系列1,26.112,-0.1853987328
子图1,系列1,26.115,-0.1647869374
子图1,系列1,26.118,-0.1429390896
子图1,系列1,26.121,-0.1198864517
子图1,系列1,26.124,-0.0957032844
子图1,系列1,26.127,-0.07050970905
子图1,系列1,26.13,-0.04447320758
子图1,系列1,26.133,-0.01781038718
子图1,系列1,26.136,0.009210847392
子图1,系列1,26.139,0.03627071579
子图1,系列1,26.142,0.06300130256
子图1,系列1,26.145,0.08899590352
子图1,系列1,26.148,0.1138227995
子图1,系列1,26.151,0.1370402759
子图1,系列1,26.154,0.1582096128
子图1,系列1,26.157,0.1769051696
子图1,系列1,26.16,0.1927237354
子图1,系列1,26.163,0.205296245
子图1,系列1,26.166,0.2143030932
子图1,系列1,26.169,0.2194910914
子图1,系列1,26.172,0.2206877882
子图1,系列1,26.175,0.2178093742
子图1,系列1,26.178,0.2108616953
子图1,系列1,26.181,0.199937345
子图1,系列1,26.184,0.1852126234
子图1,系列1,26.187,0.1669460481
子图1,系列1,26.19,0.1454768284
子图1,系列1,26.193,0.121219704
子图1,系列1,26.196,0.09465342645
子图1,系列1,26.199,0.06630333956
子图1,系列1,26.202,0.03672143362
子图1,系列1,26.205,0.006467840716
子图1,系列1,26.208,-0.02390406124
子图1,系列1,26.211,-0.05385950221
子图1,系列1,26.214,-0.08289353649
子图1,系列1,26.217,-0.1105437247
子图1,系列1,26.22,-0.1364042597
子图1,系列1,26.223,-0.1601392777
子图1,系列1,26.226,-0.1814922684
子图1,系列1,26.229,-0.2002894809
子图1,系列1,26.232,-0.2164374871
子图1,系列1,26.235,-0.2299172674
子图1,系列1,26.238,-0.2407777244
子图1,系列1,26.241,-0.2491300491
子图1,系列1,26.244,-0.2551420837
子图1,系列1,26.247,-0.2590303702
子图1,系列1,26.25,-0.2610480481
子图1,系列1,26.253,-0.2614690918
子图1,系列1,26.256,-0.2605718327
子图1,系列1,26.259,-0.2586251692
子图1,系列1,26.262,-0.2558790218
子图1,系列1,26.265,-0.252557952
子图1,系列1,26.268,-0.2488553846
子图1,系列1,26.271,-0.2449267389
子图1,系列1,26.274,-0.2408823396
子图1,系列1,26.277,-0.2367828728
子图1,系列1,26.28,-0.2326396775
子图1,系列1,26.283,-0.228419853
子图1,系列1,26.286,-0.2240539
子图1,系列1,26.289,-0.2194430893
子图1,系列1,26.292,-0.2144654158
子图1,系列1,26.295,-0.2089813094
子图1,系列1,26.298,-0.2028410734
子图1,系列1,26.301,-0.1958947641
子图1,系列1,26.304,-0.1880032266
子图1,系列1,26.307,-0.179047852
子图1,系列1,26.31,-0.1689372313
子图1,系列1,26.313,-0.1576108219
子图1,系列1,26.316,-0.1450412218
子图1,系列1,26.319,-0.131236368
子图1,系列1,26.322,-0.1162415488
子图1,系列1,26.325,-0.1001399378
子图1,系列1,26.328,-0.08305032449
子图1,系列1,26.331,-0.0651219365
子图1,系列1,26.334,-0.04652775602
子图1,系列1,26.337,-0.02745801462
子图1,系列1,26.34,-0.008114425773
子图1,系列1,26.343,0.01129556982
子图1,系列1,26.346,0.03056560275
子图1,系列1,26.349,0.04949842959
子图1,系列1,26.352,0.06791406633
子图1,系列1,26.355,0.0856561558
子图1,系列1,26.358,0.1025955492
子图1,系列1,26.361,0.1186316958
子图1,系列1,26.364,0.1336934167
子图1,系列1,26.367,0.1477402249
子图1,系列1,26.37,0.1607639498
子图1,系列1,26.373,0.1727892223
子图1,系列1,26.376,0.1838713524
子图1,系列1,26.379,0.1940912875
子图1,系列1,26.382,0.2035488122
子图1,系列1,26.385,0.2123558147
子图1,系列1,26.388,0.2206308699
子图1,系列1,26.391,0.2284952263
子图1,系列1,26.394,0.2360694043
子图1,系列1,26.397,0.2434693175
子图1,系列1,26.4,0.2508012048
子图1,系列1,26.403,0.258155611
子图1,系列1,26.406,0.2656015435
子图1,系列1,26.409,0.2731822522
子图1,系列1,26.412,0.2809137982
子图1,系列1,26.415,0.2887865455
子图1,系列1,26.418,0.2967682252
子图1,系列1,26.421,0.3048064758
子图1,系列1,26.424,0.3128295745
子图1,系列1,26.427,0.3207458426
子图1,系列1,26.43,0.3284437748
子图1,系列1,26.433,0.3357951418
子图1,系列1,26.436,0.3426615973
子图1,系列1,26.439,0.3489028366
子图1,系列1,26.442,0.3543832645
子图1,系列1,26.445,0.3589753331
子图1,系列1,26.448,0.3625601517
子图1,系列1,26.451,0.3650278956
子图1,系列1,26.454,0.3662804465
子图1,系列1,26.457,0.3662365409
子图1,系列1,26.46,0.3648373162
子图1,系列1,26.463,0.3620495636
子图1,系列1,26.466,0.3578654821
子图1,系列1,26.469,0.3522999519
子图1,系列1,26.472,0.3453876638
子图1,系列1,26.475,0.33718189
子图1,系列1,26.478,0.32775477
子图1,系列1,26.481,0.3171974139
子图1,系列1,26.484,0.3056181397
子图1,系列1,26.487,0.2931384959
子图1,系列1,26.49,0.2798882165
子图1,系列1,26.493,0.2660008442
子图1,系列1,26.496,0.2516110177
子图1,系列1,26.499,0.2368530193
子图1,系列1,26.502,0.2218593266
子图1,系列1,26.505,0.2067581941
子图1,系列1,26.508,0.1916703127
子图1,系列1,26.511,0.1767055299
子图1,系列1,26.514,0.1619607768
子图1,系列1,26.517,0.1475196454
子图1,系列1,26.52,0.1334530883
子图1,系列1,26.523,0.119820241
子图1,系列1,26.526,0.1066686645
子图1,系列1,26.529,0.09403405768
子图1,系列1,26.532,0.08194007958
子图1,系列1,26.535,0.07039896359
子图1,系列1,26.538,0.05941316767
子图1,系列1,26.541,0.04897772024
子图1,系列1,26.544,0.03908259353
子图1,系列1,26.547,0.02971454793
子图1,系列1,26.55,0.02085827081
子图1,系列1,26.553,0.01249698371
子图1,系列1,26.556,0.0046129161
子图1,系列1,26.559,-0.002811911097
子图1,系列1,26.562,-0.009794403243
子图1,系列1,26.565,-0.01634883998
子图1,系列1,26.568,-0.02248557408
子图1,系列1,26.571,-0.02821055324
子图1,系列1,26.574,-0.03352595447
子图1,系列1,26.577,-0.03843156493
子图1,系列1,26.58,-0.04292600458
子图1,系列1,26.583,-0.04700704984
子图1,系列1,26.586,-0.05067103995
子图1,系列1,26.589,-0.05391209605
子图1,系列1,26.592,-0.05672222662
子图1,系列1,26.595,-0.05909290866
子图1,系列1,26.598,-0.0610175388
子图1,系列1,26.601,-0.06249333533
子图1,系列1,26.604,-0.06352163767
子图1,系列1,26.607,-0.06410669444
子图1,系列1,26.61,-0.06425416356
子图1,系列1,26.613,-0.06397091452
子图1,系列1,26.616,-0.06326672634
子图1,系列1,26.619,-0.06215673805
子图1,系列1,26.622,-0.0606627154
子图1,系列1,26.625,-0.05881202165
子图1,系列1,26.628,-0.05663485097
子图1,系列1,26.631,-0.05416168504
子图1,系列1,26.634,-0.05142293763
子图1,系列1,26.637,-0.04845095214
子图1,系列1,26.64,-0.04528239835
子图1,系列1,26.643,-0.04195869065
子图1,系列1,26.646,-0.03852356568
子图1,系列1,26.649,-0.03501917554
子图1,系列1,26.652,-0.03148339602
子图1,系列1,26.655,-0.02795023916
子图1,系列1,26.658,-0.02445267509
子图1,系列1,26.661,-0.02102513609
子图1,系列1,26.664,-0.01770328814
子图1,系列1,26.667,-0.01452088464
子图1,系列1,26.67,-0.01150591497
子图1,系列1,26.673,-0.008678959891
子图1,系列1,26.676,-0.006054899203
子图1,系列1,26.679,-0.003646337402
子图1,系列1,26.682,-0.001465824481
子图1,系列1,26.685,0.0004748781492
子图1,系列1,26.688,0.002167737019
子图1,系列1,26.691,0.003611019437
子图1,系列1,26.694,0.004809285385
子图1,系列1,26.697,0.005770828064
子图1,系列1,26.7,0.00650467406
子图1,系列1,26.703,0.007019394866
子图1,系列1,26.706,0.007324273543
子图1,系列1,26.709,0.007431357458
子图1,系列1,26.712,0.007356288375
子图1,系列1,26.715,0.007117042647
子图1,系列1,26.718,0.006731627831
子图1,系列1,26.721,0.006216605492
子图1,系列1,26.724,0.00558744784
子图1,系列1,26.727,0.004860079896
子图1,系列1,26.73,0.004051965443
子图1,系列1,26.733,0.003181622339
子图1,系列1,26.736,0.002266981694
子图1,系列1,26.739,0.001324076671
子图1,系列1,26.742,0.0003672263107
子图1,系列1,26.745,-0.0005894505012
子图1,系列1,26.748,-0.00153052033
子图1,系列1,26.751,-0.002439055071
子图1,系列1,26.754,-0.003297954518
子图1,系列1,26.757,-0.004091648422
子图1,系列1,26.76,-0.004806784878
子图1,系列1,26.763,-0.005431425633
子图1,系列1,26.766,-0.005953538914
子图1,系列1,26.769,-0.006360173923
子图1,系列1,26.772,-0.006638152244
子图1,系列1,26.775,-0.006775891423
子图1,系列1,26.778,-0.006765124926
子图1,系列1,26.781,-0.006601469322
子图1,系列1,26.784,-0.006283764839
子图1,系列1,26.787,-0.005813054784
子图1,系列1,26.79,-0.005192264821
子图1,系列1,26.793,-0.004426995028
子图1,系列1,26.796,-0.003526908632
子图1,系列1,26.799,-0.002506745513
子图1,系列1,26.802,-0.001386308929
子图1,系列1,26.805,-0.0001895295624
子图1,系列1,26.808,0.001056709291
子图1,系列1,26.811,0.002323290601
子图1,系列1,26.814,0.003578925755
子图1,系列1,26.817,0.004789936081
子图1,系列1,26.82,0.005920346082
子图1,系列1,26.823,0.006932620598
子图1,系列1,26.826,0.00778890875
子图1,系列1,26.829,0.008452344532
子图1,系列1,26.832,0.008887974451
子图1,系列1,26.835,0.009063172508
子图1,系列1,26.838,0.00894774047
子图1,系列1,26.841,0.008514033888
子图1,系列1,26.844,0.007737329893
子图1,系列1,26.847,0.006596403648
子图1,系列1,26.85,0.005074085595
子图1,系列1,26.853,0.003157530724
子图1,系列1,26.856,0.0008380711928
子图1,系列1,26.859,-0.00188923699
子图1,系列1,26.862,-0.005026101612
子图1,系列1,26.865,-0.008571266049
子图1,系列1,26.868,-0.01252047933
子图1,系列1,26.871,-0.01686628811
子图1,系列1,26.874,-0.02159790159
子图1,系列1,26.877,-0.02670130735
子图1,系列1,26.88,-0.03215958395
子图1,系列1,26.883,-0.03795316117
子图1,系列1,26.886,-0.04405976335
子图1,系列1,26.889,-0.05045394175
子图1,系列1,26.892,-0.05710636879
子图1,系列1,26.895,-0.06398324489
子图1,系列1,26.898,-0.07104608884
子图1,系列1,26.901,-0.07825190238
子图1,系列1,26.904,-0.08555345404
子图1,系列1,26.907,-0.09289938453
子图1,系列1,26.91,-0.1002340311
子图1,系列1,26.913,-0.1074971936
子图1,系列1,26.916,-0.1146242659
子图1,系列1,26.919,-0.121547033
子图1,系列1,26.922,-0.1281950728
子图1,系列1,26.925,-0.134497379
子图1,系列1,26.928,-0.1403837601
子图1,系列1,26.931,-0.1457858262
子图1,系列1,26.934,-0.150637776
子图1,系列1,26.937,-0.154877423
子图1,系列1,26.94,-0.1584477454
子图1,系列1,26.943,-0.1612988274
子图1,系列1,26.946,-0.1633897038
子图1,系列1,26.949,-0.1646895948
子图1,系列1,26.952,-0.1651783267
子图1,系列1,26.955,-0.1648461608
子图1,系列1,26.958,-0.1636934845
子图1,系列1,26.961,-0.1617307013
子图1,系列1,26.964,-0.1589782955
子图1,系列1,26.967,-0.1554667446
子图1,系列1,26.97,-0.1512359121
子图1,系列1,26.973,-0.1463337494
子图1,系列1,26.976,-0.14081443
子图1,系列1,26.979,-0.1347362934
子图1,系列1,26.982,-0.1281600211
子图1,系列1,26.985,-0.1211472862
子图1,系列1,26.988,-0.1137598687
子图1,系列1,26.991,-0.1060589936
子图1,系列1,26.994,-0.09810453213
子图1,系列1,26.997,-0.08995384679
子图1,系列1,27,-0.08166042558
子图1,系列1,27.003,-0.07327276244
子图1,系列1,27.006,-0.06483397007
子图1,系列1,27.009,-0.05638232072
子图1,系列1,27.012,-0.04795240392
子图1,系列1,27.015,-0.03957622208
子图1,系列1,27.018,-0.03128367546
子图1,系列1,27.021,-0.02310242623
子图1,系列1,27.024,-0.01505763874
子图1,系列1,27.027,-0.007172213432
子图1,系列1,27.03,0.0005322403125
子图1,系列1,27.033,0.008034076067
子图1,系列1,27.036,0.01531066566
子图1,系列1,27.039,0.0223383379
子图1,系列1,27.042,0.02909311806
子图1,系列1,27.045,0.03555172544
子图1,系列1,27.048,0.0416922497
子图1,系列1,27.051,0.047494335
子图1,系列1,27.054,0.05293921356
子图1,系列1,27.057,0.05801006207
子图1,系列1,27.06,0.06269283609
子图1,系列1,27.063,0.06697733409
子图1,系列1,27.066,0.07085806494
子图1,系列1,27.069,0.07433464345
子图1,系列1,27.072,0.07741180348
子图1,系列1,27.075,0.08009933196
子图1,系列1,27.078,0.08241204433
子图1,系列1,27.081,0.08436960532
子图1,系列1,27.084,0.08599591437
子图1,系列1,27.087,0.0873179673
子图1,系列1,27.09,0.08836443884
子图1,系列1,27.093,0.08916443571
子图1,系列1,27.096,0.08974664279
子图1,系列1,27.099,0.09013857833
子图1,系列1,27.102,0.09036545427
子图1,系列1,27.105,0.09044843608
子图1,系列1,27.108,0.090402648
子图1,系列1,27.111,0.09023567678
子图1,系列1,27.114,0.08994718818
子图1,系列1,27.117,0.08952952616
子图1,系列1,27.12,0.08896846119
子图1,系列1,27.123,0.08824330087
子图1,系列1,27.126,0.08732631683
子图1,系列1,27.129,0.08618227075
子图1,系列1,27.132,0.08476910397
子图1,系列1,27.135,0.08304022985
子图1,系列1,27.138,0.08094772232
子图1,系列1,27.141,0.07844506281
子图1,系列1,27.144,0.07548857158
子图1,系列1,27.147,0.07203777273
子图1,系列1,27.15,0.06805584738
子图1,系列1,27.153,0.06351131777
子图1,系列1,27.156,0.05838108023
子图1,系列1,27.159,0.05265367161
子图1,系列1,27.162,0.04633130681
子图1,系列1,27.165,0.03943001791
子图1,系列1,27.168,0.03197845772
子图1,系列1,27.171,0.02401668439
子图1,系列1,27.174,0.01559596487
子图1,系列1,27.177,0.006779520981
子图1,系列1,27.18,-0.002356875318
子图1,系列1,27.183,-0.01172563355
子图1,系列1,27.186,-0.02122975616
子图1,系列1,27.189,-0.03076624892
子图1,系列1,27.192,-0.04022935638
子图1,系列1,27.195,-0.04951282886
子图1,系列1,27.198,-0.05851132728
子图1,系列1,27.201,-0.06712173648
子图1,系列1,27.204,-0.07524511411
子图1,系列1,27.207,-0.08278938518
子图1,系列1,27.21,-0.08967223248
子图1,系列1,27.213,-0.09582343899
子图1,系列1,27.216,-0.1011862906
子图1,系列1,27.219,-0.1057181663
子图1,系列1,27.222,-0.1093907161
子图1,系列1,27.225,-0.1121899209
子图1,系列1,27.228,-0.1141159981
子图1,系列1,27.231,-0.1151829258
子图1,系列1,27.234,-0.1154174707
子图1,系列1,27.237,-0.1148578197
子图1,系列1,27.24,-0.1135519722
子图1,系列1,27.243,-0.1115559384
子图1,系列1,27.246,-0.1089316483
子图1,系列1,27.249,-0.1057444816
子图1,系列1,27.252,-0.1020605839
子图1,系列1,27.255,-0.09794440532
子图1,系列1,27.258,-0.09345683855
子图1,系列1,27.261,-0.0886539693
子图1,系列1,27.264,-0.08358611309
子图1,系列1,27.267,-0.0782967625
子图1,系列1,27.27,-0.07282138378
子图1,系列1,27.273,-0.06718647081
子图1,系列1,27.276,-0.06140942157
子图1,系列1,27.279,-0.05549944938
子图1,系列1,27.282,-0.04945921939
子图1,系列1,27.285,-0.04328664093
子图1,系列1,27.288,-0.03697640414
子图1,系列1,27.291,-0.03052130992
子图1,系列1,27.294,-0.02391381783
子图1,系列1,27.297,-0.01714813074
子图1,系列1,27.3,-0.01022265644
子图1,系列1,27.303,-0.003142324243
子图1,系列1,27.306,0.004079737208
子图1,系列1,27.309,0.01142129684
子图1,系列1,27.312,0.01885059145
子图1,系列1,27.315,0.02632594132
子图1,系列1,27.318,0.03379533866
子图1,系列1,27.321,0.04119640248
子图1,系列1,27.324,0.0484572035
子图1,系列1,27.327,0.05549815551
子图1,系列1,27.33,0.06223466792
子图1,系列1,27.333,0.06857989555
子图1,系列1,27.336,0.07444705928
子图1,系列1,27.339,0.07975139229
子图1,系列1,27.342,0.08441224507
子图1,系列1,27.345,0.08835584555
子图1,系列1,27.348,0.09151872186
子图1,系列1,27.351,0.09385118249
子图1,系列1,27.354,0.09531995599
子图1,系列1,27.357,0.09590944245
子图1,系列1,27.36,0.09562179058
子图1,系列1,27.363,0.09447655176
子图1,系列1,27.366,0.09251059272
子图1,系列1,27.369,0.08977837135
子图1,系列1,27.372,0.08635198473
子图1,系列1,27.375,0.08232010659
子图1,系列1,27.378,0.0777853386
子图1,系列1,27.381,0.07286031745
子图1,系列1,27.384,0.06766351437
子图1,系列1,27.387,0.06231565175
子图1,系列1,27.39,0.0569370801
子图1,系列1,27.393,0.05164567496
子图1,系列1,27.396,0.04655439463
子图1,系列1,27.399,0.0417679447
子图1,系列1,27.402,0.03737878936
子图1,系列1,27.405,0.03346342957
子图1,系列1,27.408,0.0300799752
子图1,系列1,27.411,0.02726746765
子图1,系列1,27.414,0.02504650271
子图1,系列1,27.417,0.02342013938
子图1,系列1,27.42,0.02237430967
子图1,系列1,27.423,0.02187775536
子图1,系列1,27.426,0.0218822815
子图1,系列1,27.429,0.02232427378
子图1,系列1,27.432,0.0231278167
子图1,系列1,27.435,0.02420880489
子图1,系列1,27.438,0.02547892988
子图1,系列1,27.441,0.02684873336
子图1,系列1,27.444,0.02822974233
子图1,系列1,27.447,0.02953639421
子图1,系列1,27.45,0.03068850404
子图1,系列1,27.453,0.03161439246
子图1,系列1,27.456,0.03225403338
子图1,系列1,27.459,0.03256134381
子图1,系列1,27.462,0.03250516188
子图1,系列1,27.465,0.03206914852
子图1,系列1,27.468,0.03125127216
子图1,系列1,27.471,0.03006339177
子图1,系列1,27.474,0.02853091193
子图1,系列1,27.477,0.02669206054
子图1,系列1,27.48,0.0245963787
子图1,系列1,27.483,0.0223024075
子图1,系列1,27.486,0.01987496059
子图1,系列1,27.489,0.01738248049
子图1,系列1,27.492,0.01489472993
子图1,系列1,27.495,0.01248073091
子图1,系列1,27.498,0.0102067494
子图1,系列1,27.501,0.008134264481
子图1,系列1,27.504,0.006318065423
子图1,系列1,27.507,0.004804713324
子图1,系列1,27.51,0.003631511017
子图1,系列1,27.513,0.002825942841
子图1,系列1,27.516,0.002405480643
子图1,系列1,27.519,0.002377749564
子图1,系列1,27.522,0.002741132558
子图1,系列1,27.525,0.003485841092
子图1,系列1,27.528,0.004595326759
子图1,系列1,27.531,0.006047771054
子图1,系列1,27.534,0.007817417778
子图1,系列1,27.537,0.009875746589
子图1,系列1,27.54,0.01219271639
子图1,系列1,27.543,0.0147382803
子图1,系列1,27.546,0.01748410038
子图1,系列1,27.549,0.02040509161
子图1,系列1,27.552,0.02348033589
子图1,系列1,27.555,0.02669314548
子图1,系列1,27.558,0.03003049137
子图1,系列1,27.561,0.03348228966
子图1,系列1,27.564,0.03704092799
子图1,系列1,27.567,0.04070103736
子图1,系列1,27.57,0.04445916523
子图1,系列1,27.573,0.04831292318
子图1,系列1,27.576,0.05225945541
子图1,系列1,27.579,0.05629352345
子图1,系列1,27.582,0.06040576492
子图1,系列1,27.585,0.06458158241
子图1,系列1,27.588,0.06880078009
子图1,系列1,27.591,0.07303769537
子图1,系列1,27.594,0.07726138651
子图1,系列1,27.597,0.08143560754
子图1,系列1,27.6,0.08551869951
子图1,系列1,27.603,0.08946379978
子图1,系列1,27.606,0.09321974964
子图1,系列1,27.609,0.09673280049
子图1,系列1,27.612,0.09994878894
子图1,系列1,27.615,0.102815189
子图1,系列1,27.618,0.1052826569
子图1,系列1,27.621,0.1073061587
子图1,系列1,27.624,0.1088460739
子图1,系列1,27.627,0.1098696236
子图1,系列1,27.63,0.1103525851
子图1,系列1,27.633,0.1102807373
子图1,系列1,27.636,0.109650374
子图1,系列1,27.639,0.1084677419
子图1,系列1,27.642,0.1067479045
子图1,系列1,27.645,0.104513747
子图1,系列1,27.648,0.1017955089
子图1,系列1,27.651,0.09863053265
子图1,系列1,27.654,0.09506237227
子图1,系列1,27.657,0.09113866561
子图1,系列1,27.66,0.08690810363
子图1,系列1,27.663,0.08241755572
子图1,系列1,27.666,0.07771036867
子图1,系列1,27.669,0.07282609509
子图1,系列1,27.672,0.06780088025
子图1,系列1,27.675,0.0626672825
子图1,系列1,27.678,0.05745295966
子图1,系列1,27.681,0.05217884621
子图1,系列1,27.684,0.04685812452
子图1,系列1,27.687,0.04149699464
子图1,系列1,27.69,0.03609716991
子图1,系列1,27.693,0.03065888523
子图1,系列1,27.696,0.02518296467
子图1,系列1,27.699,0.01967142218
子图1,系列1,27.702,0.01412730489
子图1,系列1,27.705,0.008555046166
子图1,系列1,27.708,0.002962152178
子图1,系列1,27.711,-0.002638089728
子图1,系列1,27.714,-0.008224171359
子图1,系列1,27.717,-0.01376543545
子图1,系列1,27.72,-0.01922288924
子图1,系列1,27.723,-0.024550939
子图1,系列1,27.726,-0.02969889332
子图1,系列1,27.729,-0.0346116207
子图1,系列1,27.732,-0.03922974798
子图1,系列1,27.735,-0.04349040904
子图1,系列1,27.738,-0.04732922043
子图1,系列1,27.741,-0.05068325374
子图1,系列1,27.744,-0.0534941199
子图1,系列1,27.747,-0.05571030308
子图1,系列1,27.75,-0.05728851671
子图1,系列1,27.753,-0.05819460807
子图1,系列1,27.756,-0.05840471192
子图1,系列1,27.759,-0.05790679044
子图1,系列1,27.762,-0.0567020288
子图1,系列1,27.765,-0.05480537444
子图1,系列1,27.768,-0.05224489344
子图1,系列1,27.771,-0.04906028969
子图1,系列1,27.774,-0.0453013414
子图1,系列1,27.777,-0.04102671563
子图1,系列1,27.78,-0.03630291892
子图1,系列1,27.783,-0.03120275198
子图1,系列1,27.786,-0.02580285846
子图1,系列1,27.789,-0.02018058748
子图1,系列1,27.792,-0.01441095316
子图1,系列1,27.795,-0.00856444129
子图1,系列1,27.798,-0.002705740698
子图1,系列1,27.801,0.003107190958
子图1,系列1,27.804,0.008824377332
子图1,系列1,27.807,0.01440550108
子图1,系列1,27.81,0.0198214362
子图1,系列1,27.813,0.02505483004
子图1,系列1,27.816,0.03009942604
子图1,系列1,27.819,0.03495860164
子图1,系列1,27.822,0.03964393445
子图1,系列1,27.825,0.04417424215
子图1,系列1,27.828,0.04857481864
子图1,系列1,27.831,0.05287615361
子图1,系列1,27.834,0.05711171541
子图1,系列1,27.837,0.06131514515
子图1,系列1,27.84,0.0655177078
子图1,系列1,27.843,0.06974662243
子图1,系列1,27.846,0.07402416563
子图1,系列1,27.849,0.07836684544
子图1,系列1,27.852,0.08278403733
子图1,系列1,27.855,0.08727620435
子图1,系列1,27.858,0.09183348881
子图1,系列1,27.861,0.09643543455
子图1,系列1,27.864,0.1010519185
子图1,系列1,27.867,0.1056446194
子图1,系列1,27.87,0.1101681665
子图1,系列1,27.873,0.1145706651
子图1,系列1,27.876,0.1187940851
子图1,系列1,27.879,0.1227753124
子图1,系列1,27.882,0.1264482546
子图1,系列1,27.885,0.1297466552
子图1,系列1,27.888,0.1326068021
子图1,系列1,27.891,0.134969481
子图1,系列1,27.894,0.1367811443
子图1,系列1,27.897,0.1379948007
子图1,系列1,27.9,0.1385711754
子图1,系列1,27.903,0.138480279
子图1,系列1,27.906,0.1377030449
子图1,系列1,27.909,0.1362325163
子图1,系列1,27.912,0.1340742502
子图1,系列1,27.915,0.1312459661
子图1,系列1,27.918,0.1277767185
子图1,系列1,27.921,0.1237059058
子图1,系列1,27.924,0.119082271
子图1,系列1,27.927,0.113962878
子图1,系列1,27.93,0.1084119523
子图1,系列1,27.933,0.1024994272
子图1,系列1,27.936,0.09629906436
子图1,系列1,27.939,0.0898861629
子图1,系列1,27.942,0.08333506211
子图1,系列1,27.945,0.07671677003
子图1,系列1,27.948,0.07009703482
子图1,系列1,27.951,0.06353495696
子图1,系列1,27.954,0.05708191263
子图1,系列1,27.957,0.0507804324
子图1,系列1,27.96,0.04466289694
子图1,系列1,27.963,0.03875027342
子图1,系列1,27.966,0.03305135115
子图1,系列1,27.969,0.02756285018
子图1,系列1,27.972,0.02227036791
子图1,系列1,27.975,0.0171497287
子图1,系列1,27.978,0.01216829968
子图1,系列1,27.981,0.007286190365
子图1,系列1,27.984,0.002457610967
子图1,系列1,27.987,-0.00236725397
子图1,系列1,27.99,-0.00723977405
子图1,系列1,27.993,-0.01221013817
子图1,系列1,27.996,-0.01732483637
子图1,系列1,27.999,-0.0226245762
子图1,系列1,28.002,-0.02814249405
子图1,系列1,28.005,-0.03390240137
子图1,系列1,28.008,-0.03991699475
子图1,系列1,28.011,-0.04618629341
子图1,系列1,28.014,-0.05269671578
子图1,系列1,28.017,-0.05942097098
子图1,系列1,28.02,-0.06631855285
子图1,系列1,28.023,-0.07333647769
子图1,系列1,28.026,-0.08041010144
子图1,系列1,28.029,-0.08746419351
子图1,系列1,28.032,-0.0944146245
子图1,系列1,28.035,-0.1011708191
子图1,系列1,28.038,-0.1076386782
子图1,系列1,28.041,-0.1137234303
子图1,系列1,28.044,-0.1193320533
子图1,系列1,28.047,-0.1243753403
子图1,系列1,28.05,-0.1287699877
子图1,系列1,28.053,-0.1324409936
子图1,系列1,28.056,-0.1353241739
子图1,系列1,28.059,-0.1373681803
子图1,系列1,28.062,-0.1385354876
子图1,系列1,28.065,-0.1388023457
子图1,系列1,28.068,-0.1381582314
子图1,系列1,28.071,-0.1366054571
子图1,系列1,28.074,-0.1341591355
子图1,系列1,28.077,-0.1308470077
子图1,系列1,28.08,-0.1267083723
子图1,系列1,28.083,-0.1217918053
子图1,系列1,28.086,-0.1161521675
子图1,系列1,28.089,-0.1098479106
子图1,系列1,28.092,-0.1029394892
子图1,系列1,28.095,-0.0954888384
子图1,系列1,28.098,-0.08755905765
子图1,系列1,28.101,-0.07921337588
子图1,系列1,28.104,-0.07051322945
子图1,系列1,28.107,-0.06151621469
子图1,系列1,28.11,-0.05227505015
子图1,系列1,28.113,-0.04283818375
子图1,系列1,28.116,-0.03325164168
子图1,系列1,28.119,-0.02356095449
子图1,系列1,28.122,-0.01381214074
子图1,系列1,28.125,-0.004051612592
子图1,系列1,28.128,0.005674252478
子图1,系列1,28.131,0.01531888929
子图1,系列1,28.134,0.02483423171
子图1,系列1,28.137,0.03416879853
子图1,系列1,28.14,0.04326625212
子图1,系列1,28.143,0.05206527486
子图1,系列1,28.146,0.06050082286
子图1,系列1,28.149,0.06850609171
子图1,系列1,28.152,0.0760142945
子图1,系列1,28.155,0.08295972361
子图1,系列1,28.158,0.0892783018
子图1,系列1,28.161,0.09490834467
子图1,系列1,28.164,0.09979216165
子图1,系列1,28.167,0.1038785732
子图1,系列1,28.17,0.1071258012
子图1,系列1,28.173,0.1095038432
子图1,系列1,28.176,0.11099564
子图1,系列1,28.179,0.11159703
子图1,系列1,28.182,0.1113161052
子图1,系列1,28.185,0.1101727164
子图1,系列1,28.188,0.1081984716
子图1,系列1,28.191,0.1054369034
子图1,系列1,28.194,0.1019430047
子图1,系列1,28.197,0.0977814661
子图1,系列1,28.2,0.09302363519
子图1,系列1,28.203,0.08774394414
子图1,系列1,28.206,0.08201677823
子图1,系列1,28.209,0.07591435668
子图1,系列1,28.212,0.06950547677
子图1,系列1,28.215,0.06285444809
子图1,系列1,28.218,0.056019567
子图1,系列1,28.221,0.04905103193
子图1,系列1,28.224,0.04198886137
子图1,系列1,28.227,0.03486163907
子图1,系列1,28.23,0.02768663917
子图1,系列1,28.233,0.02047133316
子图1,系列1,28.236,0.01321573343
子图1,系列1,28.239,0.005914758121
子图1,系列1,28.242,-0.001439960907
子图1,系列1,28.245,-0.008858828725
子图1,系列1,28.248,-0.01635311464
子图1,系列1,28.251,-0.02393320644
子图1,系列1,28.254,-0.03160589066
子图1,系列1,28.257,-0.03937094556
子图1,系列1,28.26,-0.04721801927
子图1,系列1,28.263,-0.05512482681
子图1,系列1,28.266,-0.0630570886
子图1,系列1,28.269,-0.07096976438
子图1,系列1,28.272,-0.07880849706
子图1,系列1,28.275,-0.08651028248
子图1,系列1,28.278,-0.09400331159
子图1,系列1,28.281,-0.1012069386
子图1,系列1,28.284,-0.1080329596
子图1,系列1,28.287,-0.1143887157
子图1,系列1,28.29,-0.1201814298
子图1,系列1,28.293,-0.1253223752
子图1,系列1,28.296,-0.1297296319
子图1,系列1,28.299,-0.1333292445
子图1,系列1,28.302,-0.1360556809
子图1,系列1,28.305,-0.1378527764
子图1,系列1,28.308,-0.1386757333
子图1,系列1,28.311,-0.1384936941
子图1,系列1,28.314,-0.1372917064
子图1,系列1,28.317,-0.1350710779
子图1,系列1,28.32,-0.1318480282
子图1,系列1,28.323,-0.1276514463
子图1,系列1,28.326,-0.1225208437
子图1,系列1,28.329,-0.1165051337
子图1,系列1,28.332,-0.1096620817
子图1,系列1,28.335,-0.1020577164
子图1,系列1,28.338,-0.09376501643
子图1,系列1,28.341,-0.08486171884
子图1,系列1,28.344,-0.0754277229
子图1,系列1,28.347,-0.06554284144
子图1,系列1,28.35,-0.0552854713
子图1,系列1,28.353,-0.04473227511
子图1,系列1,28.356,-0.0339584768
子图1,系列1,28.359,-0.02303815115
子图1,系列1,28.362,-0.0120440747
子图1,系列1,28.365,-0.001047149832
子图1,系列1,28.368,0.009884196571
子图1,系列1,28.371,0.02068413508
子图1,系列1,28.374,0.03128882621
子图1,系列1,28.377,0.04163530893
子图1,系列1,28.38,0.05166046697
子图1,系列1,28.383,0.0613006178
子图1,系列1,28.386,0.0704918819
子图1,系列1,28.389,0.07917103636
子图1,系列1,28.392,0.08727634451
子图1,系列1,28.395,0.09474802347
子图1,系列1,28.398,0.1015284108
子图1,系列1,28.401,0.1075621977
子图1,系列1,28.404,0.1127970863
子图1,系列1,28.407,0.117184953
子图1,系列1,28.41,0.1206832761
子图1,系列1,28.413,0.1232564686
子图1,系列1,28.416,0.124876856
子图1,系列1,28.419,0.1255252578
子图1,系列1,28.422,0.1251913003
子图1,系列1,28.425,0.1238736276
子图1,系列1,28.428,0.1215800954
子图1,系列1,28.431,0.1183279372
子图1,系列1,28.434,0.1141438324
子图1,系列1,28.437,0.1090637639
子图1,系列1,28.44,0.1031325493
子图1,系列1,28.443,0.09640302517
子图1,系列1,28.446,0.08893499668
子图1,系列1,28.449,0.08079415901
子图1,系列1,28.452,0.07205120744
子图1,系列1,28.455,0.06278120562
子图1,系列1,28.458,0.05306303111
子图1,系列1,28.461,0.04297860858
子图1,系列1,28.464,0.03261180687
子图1,系列1,28.467,0.02204716938
子图1,系列1,28.47,0.01136885504
子图1,系列1,28.473,0.0006601141424
子图1,系列1,28.476,-0.009996750044
子图1,系列1,28.479,-0.02052040278
子图1,系列1,28.482,-0.03083099279
子图1,系列1,28.485,-0.04085127586
子图1,系列1,28.488,-0.05050795543
子图1,系列1,28.491,-0.05973260596
子图1,系列1,28.494,-0.06846179923
子图1,系列1,28.497,-0.07663669096
子图1,系列1,28.5,-0.08420280833
子图1,系列1,28.503,-0.09111064741
子图1,系列1,28.506,-0.09731705605
子图1,系列1,28.509,-0.1027867423
子图1,系列1,28.512,-0.1074930856
子图1,系列1,28.515,-0.1114178936
子图1,系列1,28.518,-0.1145505073
子图1,系列1,28.521,-0.1168870791
子图1,系列1,28.524,-0.1184306082
子图1,系列1,28.527,-0.1191916366
子图1,系列1,28.53,-0.1191889424
子图1,系列1,28.533,-0.118449506
子图1,系列1,28.536,-0.1170075053
子图1,系列1,28.539,-0.1149027064
子图1,系列1,28.542,-0.1121789213
子图1,系列1,28.545,-0.1088830178
子图1,系列1,28.548,-0.1050644962
子图1,系列1,28.551,-0.1007752632
子图1,系列1,28.554,-0.09606919418
子图1,系列1,28.557,-0.09100128378
子图1,系列1,28.56,-0.08562645462
子图1,系列1,28.563,-0.07999830106
子图1,系列1,28.566,-0.0741680756
子图1,系列1,28.569,-0.06818410699
子图1,系列1,28.572,-0.06209171017
子图1,系列1,28.575,-0.055933509
子图1,系列1,28.578,-0.04974987865
子图1,系列1,28.581,-0.04357911148
子图1,系列1,28.584,-0.03745708869
子图1,系列1,28.587,-0.03141657441
子图1,系列1,28.59,-0.02548655947
子图1,系列1,28.593,-0.01969220036
子图1,系列1,28.596,-0.01405558214
子图1,系列1,28.599,-0.008596885721
子图1,系列1,28.602,-0.003335146569
子图1,系列1,28.605,0.00171199326
子图1,系列1,28.608,0.006529492227
子图1,系列1,28.611,0.01110633185
子图1,系列1,28.614,0.01543615174
子图1,系列1,28.617,0.01951663036
子图1,系列1,28.62,0.0233481179
子图1,系列1,28.623,0.02693259503
子图1,系列1,28.626,0.03027378164
子图1,系列1,28.629,0.03337836655
子图1,系列1,28.632,0.03625741762
子图1,系列1,28.635,0.03892675206
子图1,系列1,28.638,0.04140571836
子图1,系列1,28.641,0.04371494139
子图1,系列1,28.644,0.04587423042
子图1,系列1,28.647,0.04790163136
子图1,系列1,28.65,0.04981371076
子图1,系列1,28.653,0.0516262094
子图1,系列1,28.656,0.05335390708
子图1,系列1,28.659,0.05500914145
子图1,系列1,28.662,0.05659943991
子图1,系列1,28.665,0.05812538908
子图1,系列1,28.668,0.05957974937
子图1,系列1,28.671,0.06094805548
子图1,系列1,28.674,0.06221007352
子图1,系列1,28.677,0.06334109512
子图1,系列1,28.68,0.06431239138
子图1,系列1,28.683,0.06509095265
子图1,系列1,28.686,0.06563929507
子图1,系列1,28.689,0.06591618982
子图1,系列1,28.692,0.06587868659
子图1,系列1,28.695,0.06548507291
子图1,系列1,28.698,0.06469786679
子图1,系列1,28.701,0.063485973
子图1,系列1,28.704,0.06182572361
子图1,系列1,28.707,0.05970120974
子图1,系列1,28.71,0.05710466342
子图1,系列1,28.713,0.05403749521
子图1,系列1,28.716,0.05051197166
子图1,系列1,28.719,0.04655280958
子图1,系列1,28.722,0.04219775723
子图1,系列1,28.725,0.03749668528
子图1,系列1,28.728,0.03250945425
子图1,系列1,28.731,0.02730341523
子图1,系列1,28.734,0.02195146821
子图1,系列1,28.737,0.01653099563
子图1,系列1,28.74,0.01112314176
子图1,系列1,28.743,0.005811540075
子图1,系列1,28.746,0.0006799292515
子图1,系列1,28.749,-0.004191144821
子图1,系列1,28.752,-0.008727615215
子图1,系列1,28.755,-0.0128640785
子图1,系列1,28.758,-0.01654443837
子图1,系列1,28.761,-0.01972152542
子图1,系列1,28.764,-0.02235670577
子图1,系列1,28.767,-0.02442025057
子图1,系列1,28.77,-0.02589244544
子图1,系列1,28.773,-0.02676456994
子图1,系列1,28.776,-0.02703868163
子图1,系列1,28.779,-0.02672584645
子图1,系列1,28.782,-0.02584346421
子图1,系列1,28.785,-0.02441286873
子图1,系列1,28.788,-0.02245811181
子图1,系列1,28.791,-0.02000593352
子图1,系列1,28.794,-0.01708602043
子图1,系列1,28.797,-0.01373053402
子图1,系列1,28.8,-0.009972641911
子图1,系列1,28.803,-0.005844717184
子图1,系列1,28.806,-0.00137726827
子图1,系列1,28.809,0.003400732894
子图1,系列1,28.812,0.008460374082
子图1,系列1,28.815,0.01377114618
子图1,系列1,28.818,0.01930000006
子图1,系列1,28.821,0.02501128072
子图1,系列1,28.824,0.03086698063
子图1,系列1,28.827,0.03682656772
子图1,系列1,28.83,0.04284608147
子图1,系列1,28.833,0.04887689376
子图1,系列1,28.836,0.05486491441
子图1,系列1,28.839,0.06075078527
子图1,系列1,28.842,0.06647100415
子图1,系列1,28.845,0.07195945066
子图1,系列1,28.848,0.0771487604
子图1,系列1,28.851,0.08197136448
子图1,系列1,28.854,0.08636045247
子图1,系列1,28.857,0.09025128381
子图1,系列1,28.86,0.09358305671
子图1,系列1,28.863,0.09630113754
子图1,系列1,28.866,0.09835917959
子图1,系列1,28.869,0.09972069288
子图1,系列1,28.872,0.1003598886
子图1,系列1,28.875,0.1002619208
子图1,系列1,28.878,0.09942282578
子图1,系列1,28.881,0.09784940355
子图1,系列1,28.884,0.09555905405
子图1,系列1,28.887,0.0925793615
子图1,系列1,28.89,0.08894715303
子图1,系列1,28.893,0.08470685577
子图1,系列1,28.896,0.07990822873
子图1,系列1,28.899,0.07460383836
子图1,系列1,28.902,0.06884675748
子图1,系列1,28.905,0.06268881018
子图1,系列1,28.908,0.05617937716
子图1,系列1,28.911,0.04936449349
子图1,系列1,28.914,0.04228589892
子图1,系列1,28.917,0.03497993624
子图1,系列1,28.92,0.02747657189
子图1,系列1,28.923,0.0197990171
子图1,系列1,28.926,0.01196429925
子图1,系列1,28.929,0.003984758407
子图1,系列1,28.932,-0.004129944485
子图1,系列1,28.935,-0.01237085464
子图1,系列1,28.938,-0.02072811219
子图1,系列1,28.941,-0.02918964998
子图1,系列1,28.944,-0.03773990891
子图1,系列1,28.947,-0.04635832686
子图1,系列1,28.95,-0.05501763149
子图1,系列1,28.953,-0.06368227298
子图1,系列1,28.956,-0.07230743583
子图1,系列1,28.959,-0.08083889467
子图1,系列1,28.962,-0.08921368483
子图1,系列1,28.965,-0.09736134692
子图1,系列1,28.968,-0.1052054692
子图1,系列1,28.971,-0.1126653941
子图1,系列1,28.974,-0.1196581526
子图1,系列1,28.977,-0.1261007397
子图1,系列1,28.98,-0.1319127165
子图1,系列1,28.983,-0.1370189743
子图1,系列1,28.986,-0.1413524113
子图1,系列1,28.989,-0.1448563082
子图1,系列1,28.992,-0.147486342
子图1,系列1,28.995,-0.1492122949
子图1,系列1,28.998,-0.1500194164
子图1,系列1,29.001,-0.1499092226
子图1,系列1,29.004,-0.1488995067
子图1,系列1,29.007,-0.1470234826
子图1,系列1,29.01,-0.1443282422
子图1,系列1,29.013,-0.1408729466
子图1,系列1,29.016,-0.1367270912
子图1,系列1,29.019,-0.1319687362
子图1,系列1,29.022,-0.126682277
子图1,系列1,29.025,-0.1209554376
子图1,系列1,29.028,-0.1148756139
子图1,系列1,29.031,-0.1085262343
子图1,系列1,29.034,-0.1019840345
子图1,系列1,29.037,-0.09531766025
子图1,系列1,29.04,-0.08858714142
子图1,系列1,29.043,-0.08184334542
子图1,系列1,29.046,-0.07512682962
子图1,系列1,29.049,-0.0684663126
子图1,系列1,29.052,-0.06187776179
子图1,系列1,29.055,-0.05536514942
子图1,系列1,29.058,-0.04892299762
子图1,系列1,29.061,-0.04253970211
子图1,系列1,29.064,-0.03620027843
子图1,系列1,29.067,-0.02988779687
子图1,系列1,29.07,-0.02358390175
子图1,系列1,29.073,-0.01726965793
子图1,系列1,29.076,-0.01092775276
子图1,系列1,29.079,-0.004545882575
子图1,系列1,29.082,0.00187995296
子图1,系列1,29.085,0.008343646284
子图1,系列1,29.088,0.01482920366
子图1,系列1,29.091,0.02131229543
子图1,系列1,29.094,0.02776171685
子图1,系列1,29.097,0.03413975733
子图1,系列1,29.1,0.04040167577
子图1,系列1,29.103,0.04649542147
子图1,系列1,29.106,0.05236274442
子图1,系列1,29.109,0.05794198542
子图1,系列1,29.112,0.06317174407
子图1,系列1,29.115,0.06799408408
子图1,系列1,29.118,0.07235635564
子图1,系列1,29.121,0.07621172856
子图1,系列1,29.124,0.07951934505
子图1,系列1,29.127,0.08224506224
子图1,系列1,29.13,0.08436310792
子图1,系列1,29.133,0.08585814474
子图1,系列1,29.136,0.0867267896
子图1,系列1,29.139,0.08697782526
子图1,系列1,29.142,0.08663103872
子图1,系列1,29.145,0.08571531678
子图1,系列1,29.148,0.08426684212
子图1,系列1,29.151,0.08232795624
子图1,系列1,29.154,0.07994674632
子图1,系列1,29.157,0.07717687503
子图1,系列1,29.16,0.07407691682
子图1,系列1,29.163,0.07070874464
子图1,系列1,29.166,0.06713510235
子图1,系列1,29.169,0.06341702017
子图1,系列1,29.172,0.05961196464
子图1,系列1,29.175,0.05577331789
子图1,系列1,29.178,0.05195095078
子图1,系列1,29.181,0.04819192781
子图1,系列1,29.184,0.04454037488
子图1,系列1,29.187,0.04103622064
子图1,系列1,29.19,0.03771345278
子图1,系列1,29.193,0.03459908208
子图1,系列1,29.196,0.03171361553
子图1,系列1,29.199,0.02907272475
子图1,系列1,29.202,0.0266889369
子图1,系列1,29.205,0.02457225278
子图1,系列1,29.208,0.02272947904
子图1,系列1,29.211,0.02116309712
子图1,系列1,29.214,0.01987086612
子图1,系列1,29.217,0.01884671287
子图1,系列1,29.22,0.01808238851
子图1,系列1,29.223,0.01756882749
子图1,系列1,29.226,0.01729649008
子图1,系列1,29.229,0.01725483155
子图1,系列1,29.232,0.01743173645
子图1,系列1,29.235,0.01781373042
子图1,系列1,29.238,0.01838707206
子图1,系列1,29.241,0.0191391034
子图1,系列1,29.244,0.02005910253
子图1,系列1,29.247,0.02113833545
子图1,系列1,29.25,0.0223696213
子图1,系列1,29.253,0.02374703916
子图1,系列1,29.256,0.02526617905
子图1,系列1,29.259,0.02692478404
子图1,系列1,29.262,0.02872323427
子图1,系列1,29.265,0.03066437741
子图1,系列1,29.268,0.03275260645
子图1,系列1,29.271,0.03499251479
子图1,系列1,29.274,0.03738762142
子图1,系列1,29.277,0.03993945342
子图1,系列1,29.28,0.04264688542
子图1,系列1,29.283,0.04550538348
子图1,系列1,29.286,0.04850585648
子图1,系列1,29.289,0.05163311241
子图1,系列1,29.292,0.05486422935
子图1,系列1,29.295,0.05816726942
子图1,系列1,29.298,0.06150063037
子图1,系列1,29.301,0.06481305933
子图1,系列1,29.304,0.06804414018
子图1,系列1,29.307,0.07112503764
子图1,系列1,29.31,0.07397941363
子图1,系列1,29.313,0.07652460721
子图1,系列1,29.316,0.07867327873
子图1,系列1,29.319,0.08033569385
子图1,系列1,29.322,0.08142266258
子图1,系列1,29.325,0.08184894558
子图1,系列1,29.328,0.08153680488
子图1,系列1,29.331,0.08041937241
子图1,系列1,29.334,0.07844364417
子图1,系列1,29.337,0.07557310332
子图1,系列1,29.34,0.07179007704
子图1,系列1,29.343,0.0670978523
子图1,系列1,29.346,0.06152237994
子图1,系列1,29.349,0.05511323925
子图1,系列1,29.352,0.04794355225
子图1,系列1,29.355,0.04010875205
子图1,系列1,29.358,0.03172437564
子图1,系列1,29.361,0.02292316932
子图1,系列1,29.364,0.01385170375
子图1,系列1,29.367,0.004666512047
子图1,系列1,29.37,-0.004470333932
子图1,系列1,29.373,-0.01339620466
子图1,系列1,29.376,-0.02195322435
子图1,系列1,29.379,-0.02999351231
子图1,系列1,29.382,-0.03738397153
子图1,系列1,29.385,-0.04401041554
子图1,系列1,29.388,-0.04978100082
子图1,系列1,29.391,-0.05462898609
子图1,系列1,29.394,-0.05851475055
子图1,系列1,29.397,-0.06142686608
子图1,系列1,29.4,-0.06338199176
子图1,系列1,29.403,-0.06442350792
子图1,系列1,29.406,-0.0646190258
子图1,系列1,29.409,-0.06405705325
子图1,系列1,29.412,-0.06284310113
子图1,系列1,29.415,-0.06109538832
子图1,系列1,29.418,-0.05894014898
子图1,系列1,29.421,-0.05650653581
子图1,系列1,29.424,-0.0539212851
子图1,系列1,29.427,-0.05130351588
子图1,系列1,29.43,-0.04876012857
子图1,系列1,29.433,-0.04638217559
子图1,系列1,29.436,-0.04424229596
子图1,系列1,29.439,-0.04239301419
子图1,系列1,29.442,-0.04086565797
子图1,系列1,29.445,-0.03966986426
子图1,系列1,29.448,-0.03879390609
子图1,系列1,29.451,-0.03820618005
子图1,系列1,29.454,-0.03785801165
子图1,系列1,29.457,-0.03768749429
子图1,系列1,29.46,-0.03762371575
子图1,系列1,29.463,-0.03759077471
子图1,系列1,29.466,-0.037511379
子图1,系列1,29.469,-0.03731023281
子图1,系列1,29.472,-0.03691757959
子图1,系列1,29.475,-0.03627299729
子图1,系列1,29.478,-0.03532899832
子图1,系列1,29.481,-0.03405368168
子图1,系列1,29.484,-0.03243192801
子图1,系列1,29.487,-0.03046520718
子图1,系列1,29.49,-0.02817057592
子图1,系列1,29.493,-0.02557953886
子图1,系列1,29.496,-0.02273700068
子图1,系列1,29.499,-0.01969990216
子图1,系列1,29.502,-0.01653491948
子图1,系列1,29.505,-0.01331500449
子图1,系列1,29.508,-0.01011521108
子图1,系列1,29.511,-0.007008707153
子图1,系列1,29.514,-0.004063748974
子图1,系列1,29.517,-0.001341725423
子图1,系列1,29.52,0.001104291573
子图1,系列1,29.523,0.003231158645
子图1,系列1,29.526,0.005007601816
子图1,系列1,29.529,0.006415980246
子图1,系列1,29.532,0.007453064197
子图1,系列1,29.535,0.008129355472
子图1,系列1,29.538,0.008467190876
子图1,系列1,29.541,0.008498385672
子图1,系列1,29.544,0.008262125024
子图1,系列1,29.547,0.007803291873
子图1,系列1,29.55,0.007170885616
子图1,系列1,29.553,0.00641607391
子图1,系列1,29.556,0.005589742887
子图1,系列1,29.559,0.004739823299
子图1,系列1,29.562,0.00390886587
子图1,系列1,29.565,0.003132227839
子图1,系列1,29.568,0.002436953689
子图1,系列1,29.571,0.001841253407
子图1,系列1,29.574,0.001354487468
子图1,系列1,29.577,0.0009775876466
子图1,系列1,29.58,0.0007037824853
子图1,系列1,29.583,0.00051945695
子图1,系列1,29.586,0.0004050421931
子图1,系列1,29.589,0.0003360029222
子图1,系列1,29.592,0.0002841616475
子图1,系列1,29.595,0.0002195556192
子图1,系列1,29.598,0.0001126948107
子图1,系列1,29.601,-6.325496565e-05
子图1,系列1,29.604,-0.0003308825514
子图1,系列1,29.607,-0.0007077502143
子图1,系列1,29.61,-0.001206194303
子图1,系列1,29.613,-0.001833224083
子图1,系列1,29.616,-0.00259018075
子图1,系列1,29.619,-0.003472243906
子图1,系列1,29.622,-0.004468195997
子图1,系列1,29.625,-0.005560829376
子图1,系列1,29.628,-0.006728069511
子图1,系列1,29.631,-0.007944528498
子图1,系列1,29.634,-0.009183044505
子图1,系列1,29.637,-0.01041591316
子图1,系列1,29.64,-0.01161582204
子图1,系列1,29.643,-0.01275669347
子图1,系列1,29.646,-0.01381461942
子图1,系列1,29.649,-0.01476890307
子图1,系列1,29.652,-0.01560302922
子图1,系列1,29.655,-0.01630531841
子图1,系列1,29.658,-0.01686914668
子图1,系列1,29.661,-0.01729281186
子图1,系列1,29.664,-0.01757922775
子图1,系列1,29.667,-0.0177355847
子图1,系列1,29.67,-0.01777297316
子图1,系列1,29.673,-0.01770583151
子图1,系列1,29.676,-0.01755109487
子图1,系列1,29.679,-0.0173271018
子图1,系列1,29.682,-0.01705248625
子图1,系列1,29.685,-0.01674529339
子图1,系列1,29.688,-0.01642240763
子图1,系列1,29.691,-0.01609916963
子图1,系列1,29.694,-0.01578895151
子图1,系列1,29.697,-0.0155025764
子图1,系列1,29.7,-0.01524771041
子图1,系列1,29.703,-0.01502849471
子图1,系列1,29.706,-0.01484561435
子图1,系列1,29.709,-0.01469678168
子图1,系列1,29.712,-0.01457739398
子图1,系列1,29.715,-0.01448108037
子图1,系列1,29.718,-0.01440003408
子图1,系列1,29.721,-0.01432526195
子图1,系列1,29.724,-0.01424696985
子图1,系列1,29.727,-0.01415520184
子图1,系列1,29.73,-0.01404064815
子图1,系列1,29.733,-0.01389537513
子图1,系列1,29.736,-0.01371325478
子图1,系列1,29.739,-0.01349007205
子图1,系列1,29.742,-0.01322347831
子图1,系列1,29.745,-0.0129129908
子图1,系列1,29.748,-0.01256011546
子图1,系列1,29.751,-0.01216848438
子图1,系列1,29.754,-0.01174379567
子图1,系列1,29.757,-0.01129343551
子图1,系列1,29.76,-0.01082587673
子图1,系列1,29.763,-0.01035008459
子图1,系列1,29.766,-0.009875121625
子图1,系列1,29.769,-0.009409971195
子图1,系列1,29.772,-0.008963412786
子图1,系列1,29.775,-0.008543740217
子图1,系列1,29.778,-0.008158274433
子图1,系列1,29.781,-0.00781283611
子图1,系列1,29.784,-0.007511417784
子图1,系列1,29.787,-0.007256188901
子图1,系列1,29.79,-0.007047761646
子图1,系列1,29.793,-0.006885485274
子图1,系列1,29.796,-0.006767565865
子图1,系列1,29.799,-0.006691011612
子图1,系列1,29.802,-0.006651587575
子图1,系列1,29.805,-0.006643979739
子图1,系列1,29.808,-0.00666222646
子图1,系列1,29.811,-0.006700277356
子图1,系列1,29.814,-0.00675243451
子图1,系列1,29.817,-0.006813526054
子图1,系列1,29.82,-0.006878876366
子图1,系列1,29.823,-0.006944272932
子图1,系列1,29.826,-0.007006094803
子图1,系列1,29.829,-0.007061605732
子图1,系列1,29.832,-0.007109239516
子图1,系列1,29.835,-0.007148664388
子图1,系列1,29.838,-0.00718056452
子图1,系列1,29.841,-0.007206280427
子图1,系列1,29.844,-0.007227527296
子图1,系列1,29.847,-0.007246320992
子图1,系列1,29.85,-0.007265057539
子图1,系列1,29.853,-0.007286545307
子图1,系列1,29.856,-0.007313817151
子图1,系列1,29.859,-0.007349741474
子图1,系列1,29.862,-0.007396624817
子图1,系列1,29.865,-0.007456012379
子图1,系列1,29.868,-0.007528755154
子图1,系列1,29.871,-0.007615220341
子图1,系列1,29.874,-0.007715420851
子图1,系列1,29.877,-0.007828933496
子图1,系列1,29.88,-0.007954682845
子图1,系列1,29.883,-0.008090795384
子图1,系列1,29.886,-0.00823468687
子图1,系列1,29.889,-0.008383380338
子图1,系列1,29.892,-0.008533877146
子图1,系列1,29.895,-0.008683363416
子图1,系列1,29.898,-0.00882918168
子图1,系列1,29.901,-0.008968695145
子图1,系列1,29.904,-0.00909924604
子图1,系列1,29.907,-0.009218322569
子图1,系列1,29.91,-0.009323871975
子图1,系列1,29.913,-0.00941455686
子图1,系列1,29.916,-0.009489778583
子图1,系列1,29.919,-0.009549475249
子图1,系列1,29.922,-0.009593869358
子图1,系列1,29.925,-0.00962335665
子图1,系列1,29.928,-0.009638600622
子图1,系列1,29.931,-0.009640717949
子图1,系列1,29.934,-0.00963134583
子图1,系列1,29.937,-0.009612472746
子图1,系列1,29.94,-0.00958611236
子图1,系列1,29.943,-0.00955402254
子图1,系列1,29.946,-0.009517631733
子图1,系列1,29.949,-0.009478176704
子图1,系列1,29.952,-0.009436888222
子图1,系列1,29.955,-0.009395023846
子图1,系列1,29.958,-0.009353689562
子图1,系列1,29.961,-0.009313581253
子图1,系列1,29.964,-0.009274845764
子图1,系列1,29.967,-0.009237174208
子图1,系列1,29.97,-0.009200066731
子图1,系列1,29.973,-0.009163071488
子图1,系列1,29.976,-0.009125826557
子图1,系列1,29.979,-0.009087910489
子图1,系列1,29.982,-0.00904866744
子图1,系列1,29.985,-0.009007187136
子图1,系列1,29.988,-0.008962496402
子图1,系列1,29.991,-0.008913846197
子图1,系列1,29.994,-0.008860888076
子图1,系列1,29.997,-0.00880362102
子图1,系列1,30,-0.008742179797
子图1,系列1,30.003,-0.008676653427
子图1,系列1,30.006,-0.008607085222
子图1,系列1,30.009,-0.00853365586
子图1,系列1,30.012,-0.008456892486
子图1,系列1,30.015,-0.00837771226
子图1,系列1,30.018,-0.008297245638
子图1,系列1,30.021,-0.008216566087
子图1,系列1,30.024,-0.008136518905
子图1,系列1,30.027,-0.008057758785
子图1,系列1,30.03,-0.007980940492
子图1,系列1,30.033,-0.007906877274
子图1,系列1,30.036,-0.007836507259
子图1,系列1,30.039,-0.007770678095
子图1,系列1,30.042,-0.007709913235
子图1,系列1,30.045,-0.007654335606
子图1,系列1,30.048,-0.007603804492
子图1,系列1,30.051,-0.007558154924
子图1,系列1,30.054,-0.007517342505
子图1,系列1,30.057,-0.00748138053
子图1,系列1,30.06,-0.007450138551
子图1,系列1,30.063,-0.007423182999
子图1,系列1,30.066,-0.007399803577
子图1,系列1,30.069,-0.007379224331
子图1,系列1,30.072,-0.007360846369
子图1,系列1,30.075,-0.00734433666
子图1,系列1,30.078,-0.00732950888
子图1,系列1,30.081,-0.007316115322
子图1,系列1,30.084,-0.007303731557
子图1,系列1,30.087,-0.007291836025
子图1,系列1,30.09,-0.007280029197
子图1,系列1,30.093,-0.007268213886
子图1,系列1,30.096,-0.007256583845
子图1,系列1,30.099,-0.007245430552
子图1,系列1,30.102,-0.007234924281
子图1,系列1,30.105,-0.00722503725
子图1,系列1,30.108,-0.007215662278
子图1,系列1,30.111,-0.007206821862
子图1,系列1,30.114,-0.007198780841
子图1,系列1,30.117,-0.007191956632
子图1,系列1,30.12,-0.007186695355
子图1,系列1,30.123,-0.007183088377
子图1,系列1,30.126,-0.007180967614
子图1,系列1,30.129,-0.007180079083
子图1,系列1,30.132,-0.007180289091
子图1,系列1,30.135,-0.007181646998
子图1,系列1,30.138,-0.007184254411
子图1,系列1,30.141,-0.007188055931
子图1,系列1,30.144,-0.007192725325
子图1,系列1,30.147,-0.007197743904
子图1,系列1,30.15,-0.007202616832
子图1,系列1,30.153,-0.007207056032
子图1,系列1,30.156,-0.007210983393
子图1,系列1,30.159,-0.00721436356
子图1,系列1,30.162,-0.007217014643
子图1,系列1,30.165,-0.007218555645
子图1,系列1,30.168,-0.007218539936
子图1,系列1,30.171,-0.007216673182
子图1,系列1,30.174,-0.007212936875
子图1,系列1,30.177,-0.007207516345
子图1,系列1,30.18,-0.007200598365
子图1,系列1,30.183,-0.007192204259
子图1,系列1,30.186,-0.007182189591
子图1,系列1,30.189,-0.00717040929
子图1,系列1,30.192,-0.0071569093
子图1,系列1,30.195,-0.007141977716
子图1,系列1,30.198,-0.007126009089
子图1,系列1,30.201,-0.007109292886
子图1,系列1,30.204,-0.007091892431
子图1,系列1,30.207,-0.00707370646
子图1,系列1,30.21,-0.007054661317
子图1,系列1,30.213,-0.007034870832
子图1,系列1,30.216,-0.007014625667
子图1,系列1,30.219,-0.006994222389
子图1,系列1,30.222,-0.006973774443
子图1,系列1,30.225,-0.006953156289
子图1,系列1,30.228,-0.006932127019
子图1,系列1,30.231,-0.006910536154
子图1,系列1,30.234,-0.00688844144
子图1,系列1,30.237,-0.006866042969
子图1,系列1,30.24,-0.006843495905
子图1,系列1,30.243,-0.006820759329
子图1,系列1,30.246,-0.006797604877
子图1,系列1,30.249,-0.0067737828
子图1,系列1,30.252,-0.006749212665
子图1,系列1,30.255,-0.006724039808
子图1,系列1,30.258,-0.006698513851
子图1,系列1,30.261,-0.006672795036
子图1,系列1,30.264,-0.006646846145
子图1,系列1,30.267,-0.006620496644
子图1,系列1,30.27,-0.00659362872
子图1,系列1,30.273,-0.006566330121
子图1,系列1,30.276,-0.00653888299
子图1,系列1,30.279,-0.006511599402
子图1,系列1,30.282,-0.006484639291
子图1,系列1,30.285,-0.006457954389
子图1,系列1,30.288,-0.006431401583
子图1,系列1,30.291,-0.006404932771
子图1,系列1,30.294,-0.006378700008
子图1,系列1,30.297,-0.006352986337
子图1,系列1,30.3,-0.006328022596
子图1,系列1,30.303,-0.006303839992
子图1,系列1,30.306,-0.006280275383
子图1,系列1,30.309,-0.006257126327
子图1,系列1,30.312,-0.00623432945
子图1,系列1,30.315,-0.006212011897
子图1,系列1,30.318,-0.006190375485
子图1,系列1,30.321,-0.006169514389
子图1,系列1,30.324,-0.006149315599
子图1,系列1,30.327,-0.006129523353
子图1,系列1,30.33,-0.006109918984
子图1,系列1,30.333,-0.006090468847
子图1,系列1,30.336,-0.006071316871
子图1,系列1,30.339,-0.006052632491
子图1,系列1,30.342,-0.006034442775
子图1,系列1,30.345,-0.006016584157
子图1,系列1,30.348,-0.005998813783
子图1,系列1,30.351,-0.005980991723
子图1,系列1,30.354,-0.005963181584
子图1,系列1,30.357,-0.00594558538
子图1,系列1,30.36,-0.005928370453
子图1,系列1,30.363,-0.005911530503
子图1,系列1,30.366,-0.005894890855
子图1,系列1,30.369,-0.005878254285
子图1,系列1,30.372,-0.005861567485
子图1,系列1,30.375,-0.005844966585
子图1,系列1,30.378,-0.005828664517
子图1,系列1,30.381,-0.005812776348
子图1,系列1,30.384,-0.005797223665
子图1,系列1,30.387,-0.005781794094
子图1,系列1,30.39,-0.005766309315
子图1,系列1,30.393,-0.005750762187
子图1,系列1,30.396,-0.005735307037
子图1,系列1,30.399,-0.005720114473
子图1,系列1,30.402,-0.005705212898
子图1,系列1,30.405,-0.005690444124
子图1,系列1,30.408,-0.005675569816
子图1,系列1,30.411,-0.005660444158
子图1,系列1,30.414,-0.005645108815
子图1,系列1,30.417,-0.005629731685
子图1,系列1,30.42,-0.005614444869
子图1,系列1,30.423,-0.005599215893
子图1,系列1,30.426,-0.005583855287
子图1,系列1,30.429,-0.00556815598
子图1,系列1,30.432,-0.005552050875
子图1,系列1,30.435,-0.005535655781
子图1,系列1,30.438,-0.005519163568
子图1,系列1,30.441,-0.005502680562
子图1,系列1,30.444,-0.005486137876
子图1,系列1,30.447,-0.005469348509
子图1,系列1,30.45,-0.005452165357
子图1,系列1,30.453,-0.005434608811
子图1,系列1,30.456,-0.005416855605
子图1,系列1,30.459,-0.005399100567
子图1,系列1,30.462,-0.005381406817
子图1,系列1,30.465,-0.005363663949
子图1,系列1,30.468,-0.005345687875
子图1,系列1,30.471,-0.00532738208
子图1,系列1,30.474,-0.005308824967
子图1,系列1,30.477,-0.005290210262
子图1,系列1,30.48,-0.005271693622
子图1,系列1,30.483,-0.005253271806
子图1,系列1,30.486,-0.00523479052
子图1,系列1,30.489,-0.005216075607
子图1,系列1,30.492,-0.005197080424
子图1,系列1,30.495,-0.00517792506
子图1,系列1,30.498,-0.005158796413
子图1,系列1,30.501,-0.005139795371
子图1,系列1,30.504,-0.005120855471
子图1,系列1,30.507,-0.00510179841
子图1,系列1,30.51,-0.005082483211
子图1,系列1,30.513,-0.0050629256
子图1,系列1,30.516,-0.005043286865
子图1,系列1,30.519,-0.005023744234
子图1,系列1,30.522,-0.005004351415
子图1,系列1,30.525,-0.004985000966
子图1,系列1,30.528,-0.004965519029
子图1,系列1,30.531,-0.004945816363
子图1,系列1,30.534,-0.004925969042
子图1,系列1,30.537,-0.004906161524
子图1,系列1,30.54,-0.004886542805
子图1,系列1,30.543,-0.004867114021
子图1,系列1,30.546,-0.004847736706
子图1,系列1,30.549,-0.004828255655
子图1,系列1,30.552,-0.004808635661
子图1,系列1,30.555,-0.004788996345
子图1,系列1,30.558,-0.004769517321
子图1,系列1,30.561,-0.004750295198
子图1,系列1,30.564,-0.004731268494
子图1,系列1,30.567,-0.004712270509
子图1,系列1,30.57,-0.00469316878
子图1,系列1,30.573,-0.004673975671
子图1,系列1,30.576,-0.004654836848
子图1,系列1,30.579,-0.004635909842
子图1,系列1,30.582,-0.004617234645
子图1,系列1,30.585,-0.004598700047
子图1,系列1,30.588,-0.004580133121
子图1,系列1,30.591,-0.004561440051
子图1,系列1,30.594,-0.004542680444
子图1,系列1,30.597,-0.004524013428
子图1,系列1,30.6,-0.004505563798
子图1,系列1,30.603,-0.004487318702
子图1,系列1,30.606,-0.004469137144
子图1,系列1,30.609,-0.004450865413
子图1,系列1,30.612,-0.004432463924
子图1,系列1,30.615,-0.004414038147
子图1,系列1,30.618,-0.004395749096
子图1,系列1,30.621,-0.004377680263
子图1,系列1,30.624,-0.004359768852
子图1,系列1,30.627,-0.004341856075
子图1,系列1,30.63,-0.004323816903
子图1,系列1,30.633,-0.004305661809
子图1,系列1,30.636,-0.004287524658
子图1,系列1,30.639,-0.004269549339
子图1,系列1,30.642,-0.004251770258
子图1,系列1,30.645,-0.00423408234
子图1,系列1,30.648,-0.004216324736
子图1,系列1,30.651,-0.004198410777
子图1,系列1,30.654,-0.004180395286
子图1,系列1,30.657,-0.00416242334
子图1,系列1,30.66,-0.0041446063
子图1,系列1,30.663,-0.004126927469
子图1,系列1,30.666,-0.004109252717
子图1,系列1,30.669,-0.004091438362
子图1,系列1,30.672,-0.004073448028
子图1,系列1,30.675,-0.004055379815
子图1,系列1,30.678,-0.004037382428
子图1,系列1,30.681,-0.004019532298
子图1,系列1,30.684,-0.00400177124
子图1,系列1,30.687,-0.00398395418
子图1,系列1,30.69,-0.003965969223
子图1,系列1,30.693,-0.003947830563
子图1,系列1,30.696,-0.003929665812
子图1,系列1,30.699,-0.003911610687
子图1,系列1,30.702,-0.0038936995
子图1,系列1,30.705,-0.003875839012
子图1,系列1,30.708,-0.003857886414
子图1,系列1,30.711,-0.003839768382
子图1,系列1,30.714,-0.003821541164
子图1,系列1,30.717,-0.003803341494
子图1,系列1,30.72,-0.003785271891
子图1,系列1,30.723,-0.003767315055
子图1,系列1,30.726,-0.00374934563
子图1,系列1,30.729,-0.003731230596
子图1,系列1,30.732,-0.003712936276
子图1,系列1,30.735,-0.003694551866
子图1,系列1,30.738,-0.003676211331
子图1,系列1,30.741,-0.003657980864
子图1,系列1,30.744,-0.003639803173
子图1,系列1,30.747,-0.003621542974
子图1,系列1,30.75,-0.003603097753
子图1,系列1,30.753,-0.003584482141
子图1,系列1,30.756,-0.003565815084
子图1,系列1,30.759,-0.003547223088
子图1,系列1,30.762,-0.003528740972
子图1,系列1,30.765,-0.003510289562
子图1,系列1,30.768,-0.003491748043
子图1,系列1,30.771,-0.003473062235
子图1,系列1,30.774,-0.003454297527
子图1,系列1,30.777,-0.003435591894
子图1,系列1,30.78,-0.003417050213
子图1,系列1,30.783,-0.0033986667
子图1,系列1,30.786,-0.003380336878
子图1,系列1,30.789,-0.003361949554
子图1,系列1,30.792,-0.003343483175
子图1,系列1,30.795,-0.003325025044
子图1,系列1,30.798,-0.003306698276
子图1,系列1,30.801,-0.003288558962
子图1,系列1,30.804,-0.00327054675
子图1,系列1,30.807,-0.003252527885
子图1,系列1,30.81,-0.003234396497
子图1,系列1,30.813,-0.00321615041
子图1,系列1,30.816,-0.003197878223
子图1,系列1,30.819,-0.003179671286
子图1,系列1,30.822,-0.003161535267
子图1,系列1,30.825,-0.00314337267
子图1,系列1,30.828,-0.003125050801
子图1,系列1,30.831,-0.003106500753
子图1,系列1,30.834,-0.003087764768
子图1,系列1,30.837,-0.003068952964
子图1,系列1,30.84,-0.003050148206
子图1,系列1,30.843,-0.003031337927
子图1,系列1,30.846,-0.003012427305
子图1,系列1,30.849,-0.002993323611
子图1,系列1,30.852,-0.00297402251
子图1,系列1,30.855,-0.002954623194
子图1,系列1,30.858,-0.002935260319
子图1,系列1,30.861,-0.002916010601
子图1,系列1,30.864,-0.002896849233
子图1,系列1,30.867,-0.002877689974
子图1,系列1,30.87,-0.002858476207
子图1,系列1,30.873,-0.002839246949
子图1,系列1,30.876,-0.002820121785
子图1,系列1,30.879,-0.002801218494
子图1,系列1,30.882,-0.002782571655
子图1,系列1,30.885,-0.002764116537
子图1,系列1,30.888,-0.002745750317
子图1,系列1,30.891,-0.002727420405
子图1,系列1,30.894,-0.00270916491
子图1,系列1,30.897,-0.002691069716
子图1,系列1,30.9,-0.002673176783
子图1,系列1,30.903,-0.002655415661
子图1,系列1,30.906,-0.002637610108
子图1,系列1,30.909,-0.002619554481
子图1,系列1,30.912,-0.002601100147
子图1,系列1,30.915,-0.00258218511
子图1,系列1,30.918,-0.00256279119
子图1,系列1,30.921,-0.002542874447
子图1,系列1,30.924,-0.002522332072
子图1,系列1,30.927,-0.002501035874
子图1,系列1,30.93,-0.002478906294
子图1,系列1,30.933,-0.002455963191
子图1,系列1,30.936,-0.002432306718
子图1,系列1,30.939,-0.002408042005
子图1,系列1,30.942,-0.002383207806
子图1,系列1,30.945,-0.002357764085
子图1,系列1,30.948,-0.002331646631
子图1,系列1,30.951,-0.002304842968
子图1,系列1,30.954,-0.002277425102
子图1,系列1,30.957,-0.002249511775
子图1,系列1,30.96,-0.002221193472
子图1,系列1,30.963,-0.002192481859
子图1,系列1,30.966,-0.002163323137
子图1,系列1,30.969,-0.00213366371
子图1,系列1,30.972,-0.00210351351
子图1,系列1,30.975,-0.00207295363
子图1,系列1,30.978,-0.002042083163
子图1,系列1,30.981,-0.002010951072
子图1,系列1,30.984,-0.001979528319
子图1,系列1,30.987,-0.001947741913
子图1,系列1,30.99,-0.00191554345
子图1,系列1,30.993,-0.001882955845
子图1,系列1,30.996,-0.001850060206
子图1,系列1,30.999,-0.001816936294
子图1,系列1,31.002,-0.001783607167
子图1,系列1,31.005,-0.001750032175
子图1,系列1,31.008,-0.001716153079
子图1,系列1,31.011,-0.001681955251
子图1,系列1,31.014,-0.001647492873
子图1,系列1,31.017,-0.001612858216
子图1,系列1,31.02,-0.001578122917
子图1,系列1,31.023,-0.001543300229
子图1,系列1,31.026,-0.00150835808
子图1,系列1,31.029,-0.001473271823
子图1,系列1,31.032,-0.001438072963
子图1,系列1,31.035,-0.001402853089
子图1,系列1,31.038,-0.001367720845
子图1,系列1,31.041,-0.001332748587
子图1,系列1,31.044,-0.001297951044
子图1,系列1,31.047,-0.001263310984
子图1,系列1,31.05,-0.001228829324
子图1,系列1,31.053,-0.001194556983
子图1,系列1,31.056,-0.001160581589
子图1,系列1,31.059,-0.001126981325
子图1,系列1,31.062,-0.00109378456
子图1,系列1,31.065,-0.00106096694
子图1,系列1,31.068,-0.001028487141
子图1,系列1,31.071,-0.0009963318351
子图1,系列1,31.074,-0.0009645330649
子图1,系列1,31.077,-0.0009331454257
子图1,系列1,31.08,-0.0009022047129
子图1,系列1,31.083,-0.000871703099
子图1,系列1,31.086,-0.0008416005487
子图1,系列1,31.089,-0.0008118627537
子图1,系列1,31.092,-0.0007824942413
子图1,系列1,31.095,-0.000753539443
子图1,系列1,31.098,-0.0007250522288
子图1,系列1,31.101,-0.0006970602398
子图1,系列1,31.104,-0.0006695525962
子图1,系列1,31.107,-0.0006424996464
子图1,系列1,31.11,-0.0006158876887
子图1,系列1,31.113,-0.000589739483
子图1,系列1,31.116,-0.0005641038677
子图1,系列1,31.119,-0.0005390243334
子图1,系列1,31.122,-0.0005145128098
子图1,系列1,31.125,-0.0004905489009
子图1,系列1,31.128,-0.0004671037608
子图1,系列1,31.131,-0.0004441681555
子图1,系列1,31.134,-0.000421761292
子图1,系列1,31.137,-0.0003999140144
子图1,系列1,31.14,-0.0003786417762
子图1,系列1,31.143,-0.0003579299451
子图1,系列1,31.146,-0.0003377425922
子图1,系列1,31.149,-0.0003180468972
子图1,系列1,31.152,-0.0002988330141
子图1,系列1,31.155,-0.000280113536
子图1,系列1,31.158,-0.0002619044947
子图1,系列1,31.161,-0.000244204882
子图1,系列1,31.164,-0.0002269913499
子图1,系列1,31.167,-0.0002102315721
子图1,系列1,31.17,-0.0001939048298
子图1,系列1,31.173,-0.0001780127738
子图1,系列1,31.176,-0.0001625720468
子图1,系列1,31.179,-0.0001475960632
子图1,系列1,31.182,-0.0001330814851
子图1,系列1,31.185,-0.0001190099322
子图1,系列1,31.188,-0.0001053628316
子图1,系列1,31.191,-9.213676377e-05
子图1,系列1,31.194,-7.934643674e-05
子图1,系列1,31.197,-6.701310818e-05
子图1,系列1,31.2,-5.514829048e-05
子图1,系列2（水平参考线）,0,0
子图1,系列2（水平参考线）,31.2,0
子图2,系列3,0.5128040768,0.02324780853
子图2,系列3,0.5448543316,0.04332073363
子图2,系列3,0.5769045864,0.05698045792
子图2,系列3,0.6089548412,0.0390627273
子图2,系列3,0.641005096,0.02142012026
子图2,系列3,0.6730553508,0.01797737543
子图2,系列3,0.7051056056,0.04470766592
子图2,系列3,0.7371558604,0.07568795422
子图2,系列3,0.7692061152,0.09237854419
子图2,系列3,0.80125637,0.1352194218
子图2,系列3,0.8333066248,0.1328702319
子图2,系列3,0.8653568796,0.105569819
子图2,系列3,0.8974071344,0.03384100064
子图2,系列3,0.9294573892,0.002863762265
子图2,系列3,0.961507644,0.001913096471
子图2,系列3,0.9935578988,0.02769326046
子图2,系列3,1.025608154,0.0612852967
子图2,系列3,1.057658408,0.06910852052
子图2,系列3,1.089708663,0.06991789445
子图2,系列3,1.121758918,0.1347555921
子图2,系列3,1.153809173,0.2392656203
子图2,系列3,1.185859428,0.22040797
子图2,系列3,1.217909682,0.1246045476
子图2,系列3,1.249959937,0.01410538322
子图2,系列3,1.282010192,0.07419571642
子图2,系列3,1.314060447,0.1531441663
子图2,系列3,1.346110702,0.2036395432
子图2,系列3,1.378160956,0.1360513729
子图2,系列3,1.410211211,0.0709138712
子图2,系列3,1.442261466,0.1225220968
子图2,系列3,1.474311721,0.3945411561
子图2,系列3,1.506361976,0.6881795985
子图2,系列3,1.53841223,0.7613212345
子图2,系列3,1.570462485,0.6067090584
子图2,系列3,1.60251274,0.3928625094
子图2,系列3,1.634562995,0.2672372873
子图2,系列3,1.66661325,0.1500739268
子图2,系列3,1.698663504,0.05479471931
子图2,系列3,1.730713759,0.02837153855
子图2,系列3,1.762764014,0.06459251105
子图2,系列3,1.794814269,0.07176145159
子图2,系列3,1.826864524,0.07832684772
子图2,系列3,1.858914778,0.1786583535
子图2,系列3,1.890965033,0.3011627127
子图2,系列3,1.923015288,0.2746188843
子图2,系列3,1.955065543,0.1745289483
子图2,系列3,1.987115798,0.06329720072
子图2,系列3,2.019166052,0.08198204411
子图2,系列3,2.051216307,0.07338172533
子图2,系列3,2.083266562,0.07043563803
子图2,系列3,2.115316817,0.1908220857
子图2,系列3,2.147367072,0.1930598702
子图2,系列3,2.179417326,0.2319805072
子图2,系列3,2.211467581,0.1065775049
子图2,系列3,2.243517836,0.2058243054
子图2,系列3,2.275568091,0.229436387
子图2,系列3,2.307618346,0.292660991
子图2,系列3,2.3396686,0.2360964403
子图2,系列3,2.371718855,0.1887329721
子图2,系列3,2.40376911,0.1328027107
子图2,系列3,2.435819365,0.07967220616
子图2,系列3,2.46786962,0.1110572488
子图2,系列3,2.499919874,0.1100046996
子图2,系列3,2.531970129,0.09781580274
子图2,系列3,2.564020384,0.08478696858
子图2,系列3,2.596070639,0.0728677336
子图2,系列3,2.628120894,0.06639589216
子图2,系列3,2.660171148,0.03411618256
子图2,系列3,2.692221403,0.05848616647
子图2,系列3,2.724271658,0.08575380117
子图2,系列3,2.756321913,0.1381378423
子图2,系列3,2.788372168,0.1319301866
子图2,系列3,2.820422422,0.1241004339
子图2,系列3,2.852472677,0.1745307455
子图2,系列3,2.884522932,0.2960112067
子图2,系列3,2.916573187,0.3318312092
子图2,系列3,2.948623442,0.3186618874
子图2,系列3,2.980673696,0.2605443647
子图2,系列3,3.012723951,0.3810812622
子图2,系列3,3.044774206,0.3414070568
子图2,系列3,3.076824461,0.3161898061
子图2,系列3,3.108874716,0.2242089152
子图2,系列3,3.14092497,0.1610187474
子图2,系列3,3.172975225,0.1393780205
子图2,系列3,3.20502548,0.1763565253
子图2,系列3,3.237075735,0.205221789
子图2,系列3,3.26912599,0.2296347491
子图2,系列3,3.301176244,0.1478138625
子图2,系列3,3.333226499,0.1225138363
子图2,系列3,3.365276754,0.0637403083
子图2,系列3,3.397327009,0.06681175115
子图2,系列3,3.429377264,0.1687781001
子图2,系列3,3.461427518,0.1888958154
子图2,系列3,3.493477773,0.1960374792
子图2,系列3,3.525528028,0.1250671064
子图2,系列3,3.557578283,0.09298217616
子图2,系列3,3.589628538,0.224300835
子图2,系列3,3.621678792,0.4636312265
子图2,系列3,3.653729047,0.4880791267
子图2,系列3,3.685779302,0.59819463
子图2,系列3,3.717829557,0.5998416679
子图2,系列3,3.749879812,0.8034294307
子图2,系列3,3.781930066,0.9798991385
子图2,系列3,3.813980321,1
子图2,系列3,3.846030576,0.8038229194
子图2,系列3,3.878080831,0.4828098852
子图2,系列3,3.910131086,0.3454680882
子图2,系列3,3.94218134,0.3991572012
子图2,系列3,3.974231595,0.3046013403
子图2,系列3,4.00628185,0.1953285765
子图2,系列3,4.038332105,0.1726469083
子图2,系列3,4.07038236,0.1703799578
子图2,系列3,4.102432614,0.1735190335
子图2,系列3,4.134482869,0.2083078942
子图2,系列3,4.166533124,0.3322825004
子图2,系列3,4.198583379,0.4083684691
子图2,系列3,4.230633634,0.3380233143
子图2,系列3,4.262683888,0.2034579735
子图2,系列3,4.294734143,0.07369717578
子图2,系列3,4.326784398,0.05549500009
子图2,系列3,4.358834653,0.0776707523
子图2,系列3,4.390884908,0.1199569433
子图2,系列3,4.422935162,0.1217704035
子图2,系列3,4.454985417,0.1389046148
子图2,系列3,4.487035672,0.127868338
子图2,系列3,4.519085927,0.1484325158
子图2,系列3,4.551136182,0.07503592114
子图2,系列3,4.583186436,0.04758292646
子图2,系列3,4.615236691,0.04415567184
子图2,系列3,4.647286946,0.1259871111
子图2,系列3,4.679337201,0.2026965533
子图2,系列3,4.711387456,0.2393215066
子图2,系列3,4.74343771,0.1845139008
子图2,系列3,4.775487965,0.1077196459
子图2,系列3,4.80753822,0.04369145791
子图2,系列3,4.839588475,0.01667092782
子图2,系列3,4.87163873,0.09782029773
子图2,系列3,4.903688984,0.1082285262
子图2,系列3,4.935739239,0.1265344477
子图2,系列3,4.967789494,0.04378332579
子图2,系列3,4.999839749,0.03177876554
子图2,系列3,5.031890004,0.03460392104
子图2,系列3,5.063940258,0.03277288128
子图2,系列3,5.095990513,0.04065916695
子图2,系列3,5.128040768,0.1167936445
子图2,系列3,5.160091023,0.1465574882
子图2,系列3,5.192141278,0.1538438824
子图2,系列3,5.224191532,0.0782118143
子图2,系列3,5.256241787,0.06381079403
子图2,系列3,5.288292042,0.09074660684
子图2,系列3,5.320342297,0.06974553466
子图2,系列3,5.352392552,0.05145677591
子图2,系列3,5.384442806,0.01439577159
子图2,系列3,5.416493061,0.03769904142
子图2,系列3,5.448543316,0.04698907112
子图2,系列3,5.480593571,0.06634082465
子图2,系列3,5.512643826,0.07896363434
子图2,系列3,5.54469408,0.07715632023
子图2,系列3,5.576744335,0.06068489157
子图2,系列3,5.60879459,0.03788441785
子图2,系列3,5.640844845,0.03994923356
子图2,系列3,5.6728951,0.04017249811
子图2,系列3,5.704945354,0.01981261309
子图2,系列3,5.736995609,0.01880400879
子图2,系列3,5.769045864,0.01335203789
子图2,系列3,5.801096119,0.03117824602
子图2,系列3,5.833146374,0.07447175707
子图2,系列3,5.865196628,0.08542985159
子图2,系列3,5.897246883,0.07112541864
子图2,系列3,5.929297138,0.07053153719
子图2,系列3,5.961347393,0.1287727888
子图2,系列3,5.993397648,0.1580497708
子图2,系列3,6.025447902,0.1151238433
子图2,系列3,6.057498157,0.04412834241
子图2,系列3,6.089548412,0.02282680607
子图2,系列3,6.121598667,0.06554252933
子图2,系列3,6.153648922,0.09087717231
子图2,系列3,6.185699176,0.08025496134
子图2,系列3,6.217749431,0.03521298069
子图2,系列3,6.249799686,0.02230132337
子图2,系列3,6.281849941,0.02399149059
子图2,系列3,6.313900196,0.02570968458
子图2,系列3,6.34595045,0.01253270707
子图2,系列3,6.378000705,0.01181160916
子图2,系列3,6.41005096,0.01002613059
子图2,系列3,6.442101215,0.01699846258
子图2,系列3,6.47415147,0.02798000673
子图2,系列3,6.506201724,0.02789024211
子图2,系列3,6.538251979,0.04128377969
子图2,系列3,6.570302234,0.05846906323
子图2,系列3,6.602352489,0.05992318402
子图2,系列3,6.634402744,0.03857509946
子图2,系列3,6.666452998,0.01466131758
子图2,系列3,6.698503253,0.02619070354
子图2,系列3,6.730553508,0.03283600158
子图2,系列3,6.762603763,0.03873539601
子图2,系列3,6.794654017,0.02401783862
子图2,系列3,6.826704272,0.03268739858
子图2,系列3,6.858754527,0.03037669949
子图2,系列3,6.890804782,0.03067649115
子图2,系列3,6.922855037,0.01663509578
子图2,系列3,6.954905291,0.01116099688
子图2,系列3,6.986955546,0.02741944351
子图2,系列3,7.019005801,0.03299406739
子图2,系列3,7.051056056,0.032545551
子图2,系列3,7.083106311,0.02208791131
子图2,系列3,7.115156565,0.021753631
子图2,系列3,7.14720682,0.01769108945
子图2,系列3,7.179257075,0.007199030272
子图2,系列3,7.21130733,0.006158964911
子图2,系列3,7.243357585,0.01620120572
子图2,系列3,7.275407839,0.02269639663
子图2,系列3,7.307458094,0.02101379724
子图2,系列3,7.339508349,0.01479375129
子图2,系列3,7.371558604,0.019454098
子图2,系列3,7.403608859,0.02915287319
子图2,系列3,7.435659113,0.03363463206
子图2,系列3,7.467709368,0.02469832025
子图2,系列3,7.499759623,0.01186333379
子图2,系列3,7.531809878,0.0102674324
子图2,系列3,7.563860133,0.01381119586
子图2,系列3,7.595910387,0.01641769155
子图2,系列3,7.627960642,0.01293750549
子图2,系列3,7.660010897,0.01016914564
子图2,系列3,7.692061152,0.008592599822
子图2,系列3,7.724111407,0.005847289135
子图2,系列3,7.756161661,0.007297256673
子图2,系列3,7.788211916,0.01350495964
子图2,系列3,7.820262171,0.01482147898
子图2,系列3,7.852312426,0.01138005888
子图2,系列3,7.884362681,0.004542538797
子图2,系列3,7.916412935,0.004125300157
子图2,系列3,7.94846319,0.004323144283
子图2,系列3,7.980513445,0.00468352855
子图2,系列3,8.0125637,0.006132103302
子图2,系列3,8.044613955,0.009180347799
子图2,系列3,8.076664209,0.009295120988
子图2,系列3,8.108714464,0.009358079493
子图2,系列3,8.140764719,0.005965427583
子图2,系列3,8.172814974,0.0067666206
子图2,系列3,8.204865229,0.01036964471
子图2,系列3,8.236915483,0.01079220077
子图2,系列3,8.268965738,0.01059964872
子图2,系列3,8.301015993,0.01335528841
子图2,系列3,8.333066248,0.01786659787
子图2,系列3,8.365116503,0.01774851839
子图2,系列3,8.397166757,0.01020557418
子图2,系列3,8.429217012,0.006012359872
子图2,系列3,8.461267267,0.003818720998
子图2,系列3,8.493317522,0.01354065437
子图2,系列3,8.525367777,0.02571098692
子图2,系列3,8.557418031,0.02916940884
子图2,系列3,8.589468286,0.02209025172
子图2,系列3,8.621518541,0.01243723362
子图2,系列3,8.653568796,0.009159717227
子图2,系列3,8.685619051,0.005341703867
子图2,系列3,8.717669305,0.003852789267
子图2,系列3,8.74971956,0.004081324322
子图2,系列3,8.781769815,0.004917694784
子图2,系列3,8.81382007,0.00229550359
子图2,系列3,8.845870325,0.001879073203
子图2,系列3,8.877920579,0.00154121139
子图2,系列3,8.909970834,0.002153648058
子图2,系列3,8.942021089,0.003957615425
子图2,系列3,8.974071344,0.003776364653
子图2,系列3,9.006121599,0.005576579226
子图2,系列3,9.038171853,0.005859657366
子图2,系列3,9.070222108,0.005335607423
子图2,系列3,9.102272363,0.005351629971
子图2,系列3,9.134322618,0.009179053715
子图2,系列3,9.166372873,0.01184925163
子图2,系列3,9.198423127,0.01277974462
子图2,系列3,9.230473382,0.01094732232
子图2,系列3,9.262523637,0.0086481992
子图2,系列3,9.294573892,0.005829292359
子图2,系列3,9.326624147,0.002262692713
子图2,系列3,9.358674401,0.003501821669
子图2,系列3,9.390724656,0.004576694482
子图2,系列3,9.422774911,0.005479790781
子图2,系列3,9.454825166,0.006935128812
子图2,系列3,9.486875421,0.01056921397
子图2,系列3,9.518925675,0.01365117582
子图2,系列3,9.55097593,0.01076324161
子图2,系列3,9.583026185,0.006256888748
子图2,系列3,9.61507644,0.001568952633
子图2,系列3,9.647126695,0.002952051433
子图2,系列3,9.679176949,0.006241347078
子图2,系列3,9.711227204,0.008790239019
子图2,系列3,9.743277459,0.01054027255
子图2,系列3,9.775327714,0.008310931494
子图2,系列3,9.807377969,0.008278229334
子图2,系列3,9.839428223,0.007941823859
子图2,系列3,9.871478478,0.01086132216
子图2,系列3,9.903528733,0.0121251688
子图2,系列3,9.935578988,0.0101669553
子图2,系列3,9.967629243,0.005363861083
子图2,系列3,9.999679497,0.001495831711
子图2,系列4 下界,0.5128040768,0
子图2,系列4 上界,0.5128040768,0.02324780853
子图2,系列4 上界,0.5448543316,0.04332073363
子图2,系列4 上界,0.5769045864,0.05698045792
子图2,系列4 上界,0.6089548412,0.0390627273
子图2,系列4 上界,0.641005096,0.02142012026
子图2,系列4 上界,0.6730553508,0.01797737543
子图2,系列4 上界,0.7051056056,0.04470766592
子图2,系列4 上界,0.7371558604,0.07568795422
子图2,系列4 上界,0.7692061152,0.09237854419
子图2,系列4 上界,0.80125637,0.1352194218
子图2,系列4 上界,0.8333066248,0.1328702319
子图2,系列4 上界,0.8653568796,0.105569819
子图2,系列4 上界,0.8974071344,0.03384100064
子图2,系列4 上界,0.9294573892,0.002863762265
子图2,系列4 上界,0.961507644,0.001913096471
子图2,系列4 上界,0.9935578988,0.02769326046
子图2,系列4 上界,1.025608154,0.0612852967
子图2,系列4 上界,1.057658408,0.06910852052
子图2,系列4 上界,1.089708663,0.06991789445
子图2,系列4 上界,1.121758918,0.1347555921
子图2,系列4 上界,1.153809173,0.2392656203
子图2,系列4 上界,1.185859428,0.22040797
子图2,系列4 上界,1.217909682,0.1246045476
子图2,系列4 上界,1.249959937,0.01410538322
子图2,系列4 上界,1.282010192,0.07419571642
子图2,系列4 上界,1.314060447,0.1531441663
子图2,系列4 上界,1.346110702,0.2036395432
子图2,系列4 上界,1.378160956,0.1360513729
子图2,系列4 上界,1.410211211,0.0709138712
子图2,系列4 上界,1.442261466,0.1225220968
子图2,系列4 上界,1.474311721,0.3945411561
子图2,系列4 上界,1.506361976,0.6881795985
子图2,系列4 上界,1.53841223,0.7613212345
子图2,系列4 上界,1.570462485,0.6067090584
子图2,系列4 上界,1.60251274,0.3928625094
子图2,系列4 上界,1.634562995,0.2672372873
子图2,系列4 上界,1.66661325,0.1500739268
子图2,系列4 上界,1.698663504,0.05479471931
子图2,系列4 上界,1.730713759,0.02837153855
子图2,系列4 上界,1.762764014,0.06459251105
子图2,系列4 上界,1.794814269,0.07176145159
子图2,系列4 上界,1.826864524,0.07832684772
子图2,系列4 上界,1.858914778,0.1786583535
子图2,系列4 上界,1.890965033,0.3011627127
子图2,系列4 上界,1.923015288,0.2746188843
子图2,系列4 上界,1.955065543,0.1745289483
子图2,系列4 上界,1.987115798,0.06329720072
子图2,系列4 上界,2.019166052,0.08198204411
子图2,系列4 上界,2.051216307,0.07338172533
子图2,系列4 上界,2.083266562,0.07043563803
子图2,系列4 上界,2.115316817,0.1908220857
子图2,系列4 上界,2.147367072,0.1930598702
子图2,系列4 上界,2.179417326,0.2319805072
子图2,系列4 上界,2.211467581,0.1065775049
子图2,系列4 上界,2.243517836,0.2058243054
子图2,系列4 上界,2.275568091,0.229436387
子图2,系列4 上界,2.307618346,0.292660991
子图2,系列4 上界,2.3396686,0.2360964403
子图2,系列4 上界,2.371718855,0.1887329721
子图2,系列4 上界,2.40376911,0.1328027107
子图2,系列4 上界,2.435819365,0.07967220616
子图2,系列4 上界,2.46786962,0.1110572488
子图2,系列4 上界,2.499919874,0.1100046996
子图2,系列4 上界,2.531970129,0.09781580274
子图2,系列4 上界,2.564020384,0.08478696858
子图2,系列4 上界,2.596070639,0.0728677336
子图2,系列4 上界,2.628120894,0.06639589216
子图2,系列4 上界,2.660171148,0.03411618256
子图2,系列4 上界,2.692221403,0.05848616647
子图2,系列4 上界,2.724271658,0.08575380117
子图2,系列4 上界,2.756321913,0.1381378423
子图2,系列4 上界,2.788372168,0.1319301866
子图2,系列4 上界,2.820422422,0.1241004339
子图2,系列4 上界,2.852472677,0.1745307455
子图2,系列4 上界,2.884522932,0.2960112067
子图2,系列4 上界,2.916573187,0.3318312092
子图2,系列4 上界,2.948623442,0.3186618874
子图2,系列4 上界,2.980673696,0.2605443647
子图2,系列5 下界,3.012723951,0
子图2,系列5 上界,3.012723951,0.3810812622
子图2,系列5 上界,3.044774206,0.3414070568
子图2,系列5 上界,3.076824461,0.3161898061
子图2,系列5 上界,3.108874716,0.2242089152
子图2,系列5 上界,3.14092497,0.1610187474
子图2,系列5 上界,3.172975225,0.1393780205
子图2,系列5 上界,3.20502548,0.1763565253
子图2,系列5 上界,3.237075735,0.205221789
子图2,系列5 上界,3.26912599,0.2296347491
子图2,系列5 上界,3.301176244,0.1478138625
子图2,系列5 上界,3.333226499,0.1225138363
子图2,系列5 上界,3.365276754,0.0637403083
子图2,系列5 上界,3.397327009,0.06681175115
子图2,系列5 上界,3.429377264,0.1687781001
子图2,系列5 上界,3.461427518,0.1888958154
子图2,系列5 上界,3.493477773,0.1960374792
子图2,系列5 上界,3.525528028,0.1250671064
子图2,系列5 上界,3.557578283,0.09298217616
子图2,系列5 上界,3.589628538,0.224300835
子图2,系列5 上界,3.621678792,0.4636312265
子图2,系列5 上界,3.653729047,0.4880791267
子图2,系列5 上界,3.685779302,0.59819463
子图2,系列5 上界,3.717829557,0.5998416679
子图2,系列5 上界,3.749879812,0.8034294307
子图2,系列5 上界,3.781930066,0.9798991385
子图2,系列5 上界,3.813980321,1
子图2,系列5 上界,3.846030576,0.8038229194
子图2,系列5 上界,3.878080831,0.4828098852
子图2,系列5 上界,3.910131086,0.3454680882
子图2,系列5 上界,3.94218134,0.3991572012
子图2,系列5 上界,3.974231595,0.3046013403
子图2,系列5 上界,4.00628185,0.1953285765
子图2,系列5 上界,4.038332105,0.1726469083
子图2,系列5 上界,4.07038236,0.1703799578
子图2,系列5 上界,4.102432614,0.1735190335
子图2,系列5 上界,4.134482869,0.2083078942
子图2,系列5 上界,4.166533124,0.3322825004
子图2,系列5 上界,4.198583379,0.4083684691
子图2,系列5 上界,4.230633634,0.3380233143
子图2,系列5 上界,4.262683888,0.2034579735
子图2,系列5 上界,4.294734143,0.07369717578
子图2,系列5 上界,4.326784398,0.05549500009
子图2,系列5 上界,4.358834653,0.0776707523
子图2,系列5 上界,4.390884908,0.1199569433
子图2,系列5 上界,4.422935162,0.1217704035
子图2,系列5 上界,4.454985417,0.1389046148
子图2,系列5 上界,4.487035672,0.127868338
子图2,系列5 上界,4.519085927,0.1484325158
子图2,系列5 上界,4.551136182,0.07503592114
子图2,系列5 上界,4.583186436,0.04758292646
子图2,系列5 上界,4.615236691,0.04415567184
子图2,系列5 上界,4.647286946,0.1259871111
子图2,系列5 上界,4.679337201,0.2026965533
子图2,系列5 上界,4.711387456,0.2393215066
子图2,系列5 上界,4.74343771,0.1845139008
子图2,系列5 上界,4.775487965,0.1077196459
子图2,系列5 上界,4.80753822,0.04369145791
子图2,系列5 上界,4.839588475,0.01667092782
子图2,系列5 上界,4.87163873,0.09782029773
子图2,系列5 上界,4.903688984,0.1082285262
子图2,系列5 上界,4.935739239,0.1265344477
子图2,系列5 上界,4.967789494,0.04378332579
子图2,系列5 上界,4.999839749,0.03177876554
子图2,系列5 上界,5.031890004,0.03460392104
子图2,系列5 上界,5.063940258,0.03277288128
子图2,系列5 上界,5.095990513,0.04065916695
子图2,系列5 上界,5.128040768,0.1167936445
子图2,系列5 上界,5.160091023,0.1465574882
子图2,系列5 上界,5.192141278,0.1538438824
子图2,系列5 上界,5.224191532,0.0782118143
子图2,系列5 上界,5.256241787,0.06381079403
子图2,系列5 上界,5.288292042,0.09074660684
子图2,系列5 上界,5.320342297,0.06974553466
子图2,系列5 上界,5.352392552,0.05145677591
子图2,系列5 上界,5.384442806,0.01439577159
子图2,系列5 上界,5.416493061,0.03769904142
子图2,系列5 上界,5.448543316,0.04698907112
子图2,系列5 上界,5.480593571,0.06634082465
子图2,系列5 上界,5.512643826,0.07896363434
子图2,系列5 上界,5.54469408,0.07715632023
子图2,系列5 上界,5.576744335,0.06068489157
子图2,系列5 上界,5.60879459,0.03788441785
子图2,系列5 上界,5.640844845,0.03994923356
子图2,系列5 上界,5.6728951,0.04017249811
子图2,系列5 上界,5.704945354,0.01981261309
子图2,系列5 上界,5.736995609,0.01880400879
子图2,系列5 上界,5.769045864,0.01335203789
子图2,系列5 上界,5.801096119,0.03117824602
子图2,系列5 上界,5.833146374,0.07447175707
子图2,系列5 上界,5.865196628,0.08542985159
子图2,系列5 上界,5.897246883,0.07112541864
子图2,系列5 上界,5.929297138,0.07053153719
子图2,系列5 上界,5.961347393,0.1287727888
子图2,系列5 上界,5.993397648,0.1580497708
子图2,系列6 下界,6.025447902,0
子图2,系列6 上界,6.025447902,0.1151238433
子图2,系列6 上界,6.057498157,0.04412834241
子图2,系列6 上界,6.089548412,0.02282680607
子图2,系列6 上界,6.121598667,0.06554252933
子图2,系列6 上界,6.153648922,0.09087717231
子图2,系列6 上界,6.185699176,0.08025496134
子图2,系列6 上界,6.217749431,0.03521298069
子图2,系列6 上界,6.249799686,0.02230132337
子图2,系列6 上界,6.281849941,0.02399149059
子图2,系列6 上界,6.313900196,0.02570968458
子图2,系列6 上界,6.34595045,0.01253270707
子图2,系列6 上界,6.378000705,0.01181160916
子图2,系列6 上界,6.41005096,0.01002613059
子图2,系列6 上界,6.442101215,0.01699846258
子图2,系列6 上界,6.47415147,0.02798000673
子图2,系列6 上界,6.506201724,0.02789024211
子图2,系列6 上界,6.538251979,0.04128377969
子图2,系列6 上界,6.570302234,0.05846906323
子图2,系列6 上界,6.602352489,0.05992318402
子图2,系列6 上界,6.634402744,0.03857509946
子图2,系列6 上界,6.666452998,0.01466131758
子图2,系列6 上界,6.698503253,0.02619070354
子图2,系列6 上界,6.730553508,0.03283600158
子图2,系列6 上界,6.762603763,0.03873539601
子图2,系列6 上界,6.794654017,0.02401783862
子图2,系列6 上界,6.826704272,0.03268739858
子图2,系列6 上界,6.858754527,0.03037669949
子图2,系列6 上界,6.890804782,0.03067649115
子图2,系列6 上界,6.922855037,0.01663509578
子图2,系列6 上界,6.954905291,0.01116099688
子图2,系列6 上界,6.986955546,0.02741944351
子图2,系列6 上界,7.019005801,0.03299406739
子图2,系列6 上界,7.051056056,0.032545551
子图2,系列6 上界,7.083106311,0.02208791131
子图2,系列6 上界,7.115156565,0.021753631
子图2,系列6 上界,7.14720682,0.01769108945
子图2,系列6 上界,7.179257075,0.007199030272
子图2,系列6 上界,7.21130733,0.006158964911
子图2,系列6 上界,7.243357585,0.01620120572
子图2,系列6 上界,7.275407839,0.02269639663
子图2,系列6 上界,7.307458094,0.02101379724
子图2,系列6 上界,7.339508349,0.01479375129
子图2,系列6 上界,7.371558604,0.019454098
子图2,系列6 上界,7.403608859,0.02915287319
子图2,系列6 上界,7.435659113,0.03363463206
子图2,系列6 上界,7.467709368,0.02469832025
子图2,系列6 上界,7.499759623,0.01186333379
子图2,系列6 上界,7.531809878,0.0102674324
子图2,系列6 上界,7.563860133,0.01381119586
子图2,系列6 上界,7.595910387,0.01641769155
子图2,系列6 上界,7.627960642,0.01293750549
子图2,系列6 上界,7.660010897,0.01016914564
子图2,系列6 上界,7.692061152,0.008592599822
子图2,系列6 上界,7.724111407,0.005847289135
子图2,系列6 上界,7.756161661,0.007297256673
子图2,系列6 上界,7.788211916,0.01350495964
子图2,系列6 上界,7.820262171,0.01482147898
子图2,系列6 上界,7.852312426,0.01138005888
子图2,系列6 上界,7.884362681,0.004542538797
子图2,系列6 上界,7.916412935,0.004125300157
子图2,系列6 上界,7.94846319,0.004323144283
子图2,系列6 上界,7.980513445,0.00468352855
子图2,系列6 上界,8.0125637,0.006132103302
子图2,系列6 上界,8.044613955,0.009180347799
子图2,系列6 上界,8.076664209,0.009295120988
子图2,系列6 上界,8.108714464,0.009358079493
子图2,系列6 上界,8.140764719,0.005965427583
子图2,系列6 上界,8.172814974,0.0067666206
子图2,系列6 上界,8.204865229,0.01036964471
子图2,系列6 上界,8.236915483,0.01079220077
子图2,系列6 上界,8.268965738,0.01059964872
子图2,系列6 上界,8.301015993,0.01335528841
子图2,系列6 上界,8.333066248,0.01786659787
子图2,系列6 上界,8.365116503,0.01774851839
子图2,系列6 上界,8.397166757,0.01020557418
子图2,系列6 上界,8.429217012,0.006012359872
子图2,系列6 上界,8.461267267,0.003818720998
子图2,系列6 上界,8.493317522,0.01354065437
子图2,系列6 上界,8.525367777,0.02571098692
子图2,系列6 上界,8.557418031,0.02916940884
子图2,系列6 上界,8.589468286,0.02209025172
子图2,系列6 上界,8.621518541,0.01243723362
子图2,系列6 上界,8.653568796,0.009159717227
子图2,系列6 上界,8.685619051,0.005341703867
子图2,系列6 上界,8.717669305,0.003852789267
子图2,系列6 上界,8.74971956,0.004081324322
子图2,系列6 上界,8.781769815,0.004917694784
子图2,系列6 上界,8.81382007,0.00229550359
子图2,系列6 上界,8.845870325,0.001879073203
子图2,系列6 上界,8.877920579,0.00154121139
子图2,系列6 上界,8.909970834,0.002153648058
子图2,系列6 上界,8.942021089,0.003957615425
子图2,系列6 上界,8.974071344,0.003776364653
子图2,系列6 上界,9.006121599,0.005576579226
子图2,系列6 上界,9.038171853,0.005859657366
子图2,系列6 上界,9.070222108,0.005335607423
子图2,系列6 上界,9.102272363,0.005351629971
子图2,系列6 上界,9.134322618,0.009179053715
子图2,系列6 上界,9.166372873,0.01184925163
子图2,系列6 上界,9.198423127,0.01277974462
子图2,系列6 上界,9.230473382,0.01094732232
子图2,系列6 上界,9.262523637,0.0086481992
子图2,系列6 上界,9.294573892,0.005829292359
子图2,系列6 上界,9.326624147,0.002262692713
子图2,系列6 上界,9.358674401,0.003501821669
子图2,系列6 上界,9.390724656,0.004576694482
子图2,系列6 上界,9.422774911,0.005479790781
子图2,系列6 上界,9.454825166,0.006935128812
子图2,系列6 上界,9.486875421,0.01056921397
子图2,系列6 上界,9.518925675,0.01365117582
子图2,系列6 上界,9.55097593,0.01076324161
子图2,系列6 上界,9.583026185,0.006256888748
子图2,系列6 上界,9.61507644,0.001568952633
子图2,系列6 上界,9.647126695,0.002952051433
子图2,系列6 上界,9.679176949,0.006241347078
子图2,系列6 上界,9.711227204,0.008790239019
子图2,系列6 上界,9.743277459,0.01054027255
子图2,系列6 上界,9.775327714,0.008310931494
子图2,系列6 上界,9.807377969,0.008278229334
子图2,系列6 上界,9.839428223,0.007941823859
子图2,系列6 上界,9.871478478,0.01086132216
子图2,系列6 上界,9.903528733,0.0121251688
子图2,系列6 上界,9.935578988,0.0101669553
子图2,系列6 上界,9.967629243,0.005363861083
子图2,系列6 上界,9.999679497,0.001495831711
子图3,系列7,0,4.038809817e-07
子图3,系列7,0.005,4.054540077e-07
子图3,系列7,0.01,4.02583861e-07
子图3,系列7,0.015,3.970138648e-07
子图3,系列7,0.02,3.920073842e-07
子图3,系列7,0.025,3.904338363e-07
子图3,系列7,0.03,3.931177431e-07
子图3,系列7,0.035,3.983921778e-07
子图3,系列7,0.04,4.03123209e-07
子图3,系列7,0.045,4.045649383e-07
子图3,系列7,0.05,4.019655588e-07
子图3,系列7,0.055,3.969683617e-07
子图3,系列7,0.06,3.92592542e-07
子图3,系列7,0.065,3.914178847e-07
子图3,系列7,0.07,3.940526238e-07
子图3,系列7,0.075,3.988118734e-07
子图3,系列7,0.08,4.027668691e-07
子图3,系列7,0.085,4.035395528e-07
子图3,系列7,0.09,4.007350213e-07
子图3,系列7,0.095,3.961559951e-07
子图3,系列7,0.1,3.926717062e-07
子图3,系列7,0.105,3.924344972e-07
子图3,系列7,0.11,3.955530608e-07
子图3,系列7,0.115,4.000267742e-07
子图3,系列7,0.12,4.030044214e-07
子图3,系列7,0.125,4.025761836e-07
子图3,系列7,0.13,3.989931605e-07
子图3,系列7,0.135,3.945370883e-07
子图3,系列7,0.14,3.920926693e-07
子图3,系列7,0.145,3.933133316e-07
子图3,系列7,0.15,3.975146733e-07
子图3,系列7,0.155,4.020462565e-07
子图3,系列7,0.16,4.039318621e-07
子图3,系列7,0.165,4.01792173e-07
子图3,系列7,0.17,3.968191299e-07
子图3,系列7,0.175,3.921283213e-07
子图3,系列7,0.18,3.908393469e-07
子图3,系列7,0.185,3.940384631e-07
子图3,系列7,0.19,3.999667353e-07
子图3,系列7,0.195,4.050217072e-07
子图3,系列7,0.2,4.06054136e-07
子图3,系列7,0.205,4.025119077e-07
子图3,系列7,0.21,3.969219795e-07
子图3,系列7,0.215,3.931228158e-07
子图3,系列7,0.22,3.930168846e-07
子图3,系列7,0.225,3.937676451e-07
子图3,系列7,0.23,3.874460748e-07
子图3,系列7,0.235,3.641506566e-07
子图3,系列7,0.24,3.179499805e-07
子图3,系列7,0.245,2.534872659e-07
子图3,系列7,0.25,1.906157903e-07
子图3,系列7,0.255,1.650232106e-07
子图3,系列7,0.26,2.243374792e-07
子图3,系列7,0.265,4.206113677e-07
子图3,系列7,0.27,8.008845344e-07
子图3,系列7,0.275,1.397423054e-06
子图3,系列7,0.28,2.218514038e-06
子图3,系列7,0.285,3.240304417e-06
子图3,系列7,0.29,4.400109282e-06
子图3,系列7,0.295,5.592447835e-06
子图3,系列7,0.3,6.669505305e-06
子图3,系列7,0.305,7.447692685e-06
子图3,系列7,0.31,7.720577756e-06
子图3,系列7,0.315,7.276418317e-06
子图3,系列7,0.32,5.916760204e-06
子图3,系列7,0.325,3.47205028e-06
子图3,系列7,0.33,-1.88075598e-07
子图3,系列7,0.335,-5.149212332e-06
子图3,系列7,0.34,-1.144717903e-05
子图3,系列7,0.345,-1.905761845e-05
子图3,系列7,0.35,-2.787470329e-05
子图3,系列7,0.355,-3.767657907e-05
子图3,系列7,0.36,-4.807986284e-05
子图3,系列7,0.365,-5.849001614e-05
子图3,系列7,0.37,-6.805779694e-05
子图3,系列7,0.375,-7.565317314e-05
子图3,系列7,0.38,-7.986794107e-05
子图3,系列7,0.385,-7.905687368e-05
子图3,系列7,0.39,-7.142510476e-05
子图3,系列7,0.395,-5.516617242e-05
子图3,系列7,0.4,-2.864927971e-05
子图3,系列7,0.405,9.353687389e-06
子图3,系列7,0.41,5.942226593e-05
子图3,系列7,0.415,0.000121253919
子图3,系列7,0.42,0.0001934834959
子图3,系列7,0.425,0.0002735975509
子图3,系列7,0.43,0.0003579806584
子图3,系列7,0.435,0.0004421158182
子图3,系列7,0.44,0.0005209413065
子图3,系列7,0.445,0.0005893417556
子图3,系列7,0.45,0.0006427274814
子图3,系列7,0.455,0.0006776350938
子图3,系列7,0.46,0.0006922665153
子图3,系列7,0.465,0.0006868772409
子图3,系列7,0.47,0.000663927688
子图3,系列7,0.475,0.0006279312306
子图3,系列7,0.48,0.0005849651814
子图3,系列7,0.485,0.0005418609934
子图3,系列7,0.49,0.0005051460035
子图3,系列7,0.495,0.0004798665519
子图3,系列7,0.5,0.0004684652077
子图3,系列7,0.505,0.000469904469
子图3,系列7,0.51,0.0004792170671
子图3,系列7,0.515,0.000487617366
子图3,系列7,0.52,0.0004832360294
子图3,系列7,0.525,0.0004524495086
子图3,系列7,0.53,0.0003816827102
子图3,系列7,0.535,0.0002594792893
子图3,系列7,0.54,7.857242954e-05
子图3,系列7,0.545,-0.0001623394257
子图3,系列7,0.55,-0.0004573993224
子图3,系列7,0.555,-0.0007932149646
子图3,系列7,0.56,-0.001149445063
子图3,系列7,0.565,-0.001500371082
子图3,系列7,0.57,-0.001817345269
子图3,系列7,0.575,-0.002071869279
子图3,系列7,0.58,-0.002238957473
子图3,系列7,0.585,-0.002300370996
子图3,系列7,0.59,-0.00224730614
子图3,系列7,0.595,-0.002082163381
子图3,系列7,0.6,-0.001819124214
子图3,系列7,0.605,-0.001483392527
子图3,系列7,0.61,-0.001109110555
子图3,系列7,0.615,-0.0007361152068
子图3,系列7,0.62,-0.000405840161
子图3,系列7,0.625,-0.0001567875362
子图3,系列7,0.63,-2.005724574e-05
子图3,系列7,0.635,-1.544570033e-05
子图3,系列7,0.64,-0.0001485696357
子图3,系列7,0.645,-0.0004093737332
子图3,系列7,0.65,-0.0007722164312
子图3,系列7,0.655,-0.001197558284
子图3,系列7,0.66,-0.001635091985
子图3,系列7,0.665,-0.002028011033
子图3,系列7,0.67,-0.002318005284
子图3,系列7,0.675,-0.002450522203
子图3,系列7,0.68,-0.002379825129
子图3,系列7,0.685,-0.002073410587
子图3,系列7,0.69,-0.001515406232
子图3,系列7,0.695,-0.0007086503037
子图3,系列7,0.7,0.0003247410214
子图3,系列7,0.705,0.001544388969
子图3,系列7,0.71,0.002894177823
子图3,系列7,0.715,0.004306075587
子图3,系列7,0.72,0.005704907968
子图3,系列7,0.725,0.007013657179
子图3,系列7,0.73,0.008158826078
子图3,系列7,0.735,0.009075431708
子图3,系列7,0.74,0.009711263961
子图3,系列7,0.745,0.01003013776
子图3,系列7,0.75,0.0100139655
子图3,系列7,0.755,0.009663559864
子图3,系列7,0.76,0.008998149039
子图3,系列7,0.765,0.008053648687
子图3,系列7,0.77,0.006879804552
子图3,系列7,0.775,0.005536398291
子图3,系列7,0.78,0.004088797393
子图3,系列7,0.785,0.002603211236
子图3,系列7,0.79,0.001142069447
子图3,系列7,0.795,-0.0002400503041
子图3,系列7,0.8,-0.00149956662
子图3,系列7,0.805,-0.002605826147
子图3,系列7,0.81,-0.003541682142
子图3,系列7,0.815,-0.004302727154
子图3,系列7,0.82,-0.004895352094
子图3,系列7,0.825,-0.00533392606
子图3,系列7,0.83,-0.00563750521
子图3,系列7,0.835,-0.005826520556
子图3,系列7,0.84,-0.005919912061
子图3,系列7,0.845,-0.005933108205
子图3,系列7,0.85,-0.005877147871
子图3,系列7,0.855,-0.005759066861
子图3,系列7,0.86,-0.0055834769
子图3,系列7,0.865,-0.005355055637
子图3,系列7,0.87,-0.005081482641
子图3,系列7,0.875,-0.004776239601
子图3,系列7,0.88,-0.004460647167
子图3,系列7,0.885,-0.004164584771
子图3,系列7,0.89,-0.003925488331
子图3,系列7,0.895,-0.003785476531
子图3,系列7,0.9,-0.003786740038
子图3,系列7,0.905,-0.003965645085
子图3,系列7,0.91,-0.004346271981
子图3,系列7,0.915,-0.00493430862
子图3,系列7,0.92,-0.005712301542
子图3,系列7,0.925,-0.006637198576
子图3,系列7,0.93,-0.007640914178
子图3,系列7,0.935,-0.008634291078
子图3,系列7,0.94,-0.009514405374
子图3,系列7,0.945,-0.01017467355
子图3,系列7,0.95,-0.01051678665
子图3,系列7,0.955,-0.01046313973
子图3,系列7,0.96,-0.009968231616
子图3,系列7,0.965,-0.009027495201
子图3,系列7,0.97,-0.007682196822
子图3,系列7,0.975,-0.006019416485
子图3,系列7,0.98,-0.00416662641
子图3,系列7,0.985,-0.002281016467
子图3,系列7,0.99,-0.0005343536558
子图3,系列7,0.995,0.0009052052848
子图3,系列7,1,0.001892443663
子图3,系列7,1.005,0.002323325669
子图3,系列7,1.01,0.002149864629
子图3,系列7,1.015,0.001389540292
子图3,系列7,1.02,0.0001276949547
子图3,系列7,1.025,-0.001487925907
子图3,系列7,1.03,-0.003260401147
子图3,系列7,1.035,-0.004963569187
子图3,系列7,1.04,-0.006366683048
子图3,系列7,1.045,-0.00726106948
子图3,系列7,1.05,-0.007485633426
子图3,系列7,1.055,-0.006948002023
子图3,系列7,1.06,-0.005638455614
子图3,系列7,1.065,-0.003634561468
子图3,系列7,1.07,-0.001095498428
子图3,系列7,1.075,0.001753655182
子图3,系列7,1.08,0.004646099316
子图3,系列7,1.085,0.007303219629
子图3,系列7,1.09,0.009466650535
子图3,系列7,1.095,0.01092851912
子图3,系列7,1.1,0.01155601564
子图3,系列7,1.105,0.01130707488
子图3,系列7,1.11,0.01023502954
子图3,系列7,1.115,0.008481492497
子图3,系列7,1.12,0.006258227428
子图3,系列7,1.125,0.0038202156
子图3,系列7,1.13,0.001433274388
子图3,系列7,1.135,-0.0006596658172
子图3,系列7,1.14,-0.002269335199
子图3,系列7,1.145,-0.003283995681
子图3,系列7,1.15,-0.003683341433
子图3,系列7,1.155,-0.003540611963
子图3,系列7,1.16,-0.003012602697
子图3,系列7,1.165,-0.002318779652
子图3,系列7,1.17,-0.001712064344
子图3,系列7,1.175,-0.001444891007
子图3,系列7,1.18,-0.001734697533
子图3,系列7,1.185,-0.002733084785
子图3,系列7,1.19,-0.00450240282
子图3,系列7,1.195,-0.007002643794
子图3,系列7,1.2,-0.01009027199
子图3,系列7,1.205,-0.01352923784
子图3,系列7,1.21,-0.01701299618
子图3,系列7,1.215,-0.02019510714
子图3,系列7,1.22,-0.02272503567
子图3,系列7,1.225,-0.02428521348
子图3,系列7,1.23,-0.02462533023
子图3,系列7,1.235,-0.02359016772
子图3,系列7,1.24,-0.02113805233
子图3,系列7,1.245,-0.01734804191
子图3,系列7,1.25,-0.01241519884
子图3,系列7,1.255,-0.006634546308
子图3,系列7,1.26,-0.0003754638999
子图3,系列7,1.265,0.005950791782
子图3,系列7,1.27,0.01192712932
子图3,系列7,1.275,0.01716662994
子图3,系列7,1.28,0.02134502844
子图3,系列7,1.285,0.02422658516
子图3,系列7,1.29,0.02568102466
子图3,系列7,1.295,0.0256901282
子图3,系列7,1.3,0.02434368156
子图3,系列7,1.305,0.02182553979
子图3,系列7,1.31,0.01839161943
子图3,系列7,1.315,0.01434241768
子图3,系列7,1.32,0.009993207545
子图3,系列7,1.325,0.005645218119
子图3,系列7,1.33,0.001560875439
子图3,系列7,1.335,-0.002054410868
子图3,系列7,1.34,-0.005062394933
子图3,系列7,1.345,-0.007393637372
子图3,系列7,1.35,-0.009041435991
子图3,系列7,1.355,-0.01004981121
子图3,系列7,1.36,-0.01049811542
子图3,系列7,1.365,-0.01048508012
子图3,系列7,1.37,-0.01011499049
子图3,系列7,1.375,-0.009487989656
子图3,系列7,1.38,-0.008695553192
子图3,系列7,1.385,-0.007820991446
子图3,系列7,1.39,-0.006943720782
子图3,系列7,1.395,-0.006145196083
子图3,系列7,1.4,-0.00551394801
子图3,系列7,1.405,-0.005147302216
子图3,系列7,1.41,-0.005147945984
子图3,系列7,1.415,-0.005614610218
子图3,系列7,1.42,-0.006627389199
子图3,系列7,1.425,-0.008229589319
子图3,系列7,1.43,-0.01040903043
子图3,系列7,1.435,-0.01308240777
子图3,系列7,1.44,-0.01608630547
子图3,系列7,1.445,-0.01917787331
子图3,系列7,1.45,-0.02204691462
子图3,系列7,1.455,-0.0243395038
子图3,系列7,1.46,-0.0256913817
子图3,系列7,1.465,-0.02576765417
子图3,系列7,1.47,-0.0243039978
子图3,系列7,1.475,-0.02114390889
子图3,系列7,1.48,-0.01626670982
子图3,系列7,1.485,-0.009801991161
子图3,系列7,1.49,-0.002027904649
子图3,系列7,1.495,0.006647143686
子图3,系列7,1.5,0.01571753313
子图3,系列7,1.505,0.02462431164
子图3,系列7,1.51,0.03280456373
子图3,系列7,1.515,0.03974026062
子图3,系列7,1.52,0.04500087848
子图3,系列7,1.525,0.0482751725
子图3,系列7,1.53,0.04938928323
子图3,系列7,1.535,0.04831039896
子图3,系列7,1.54,0.04513724476
子图3,系列7,1.545,0.04008028565
子图3,系列7,1.55,0.03343551654
子图3,系列7,1.555,0.02555595449
子图3,系列7,1.56,0.01682441584
子图3,系列7,1.565,0.00763016359
子图3,系列7,1.57,-0.001649383185
子图3,系列7,1.575,-0.01066192083
子图3,系列7,1.58,-0.01908964069
子图3,系列7,1.585,-0.02665629293
子图3,系列7,1.59,-0.03313353324
子图3,系列7,1.595,-0.03834755557
子图3,系列7,1.6,-0.042186162
子图3,系列7,1.605,-0.04460541983
子图3,系列7,1.61,-0.04563422698
子图3,系列7,1.615,-0.04537468736
子图3,系列7,1.62,-0.04399626199
子图3,系列7,1.625,-0.04172238006
子图3,系列7,1.63,-0.03880930632
子图3,系列7,1.635,-0.03551858262
子图3,系列7,1.64,-0.03208578956
子图3,系列7,1.645,-0.02868964344
子图3,系列7,1.65,-0.02542604095
子图3,系列7,1.655,-0.02229162378
子图3,系列7,1.66,-0.0191804795
子图3,系列7,1.665,-0.01589599652
子图3,系列7,1.67,-0.0121777097
子图3,系列7,1.675,-0.007740677651
子图3,系列7,1.68,-0.002322802212
子图3,系列7,1.685,0.00426602928
子图3,系列7,1.69,0.01209979006
子图3,系列7,1.695,0.02110365753
子图3,系列7,1.7,0.03103808497
子图3,系列7,1.705,0.04150277137
子图3,系列7,1.71,0.05196114354
子图3,系列7,1.715,0.06178329408
子图3,系列7,1.72,0.07030292331
子图3,系列7,1.725,0.07688200483
子图3,系列7,1.73,0.08097592225
子图3,系列7,1.735,0.08219171847
子图3,系列7,1.74,0.0803329422
子图3,系列7,1.745,0.07542609915
子图3,系列7,1.75,0.06772581759
子图3,系列7,1.755,0.05769814104
子图3,系列7,1.76,0.04598366925
子图3,系列7,1.765,0.03334430785
子图3,系列7,1.77,0.02059893772
子图3,系列7,1.775,0.008554341795
子图3,系列7,1.78,-0.002061993981
子图3,系列7,1.785,-0.01066083461
子图3,系列7,1.79,-0.01683653219
子图3,系列7,1.795,-0.02039470516
子图3,系列7,1.8,-0.02136009193
子图3,系列7,1.805,-0.01996430882
子图3,系列7,1.81,-0.01661529269
子图3,系列7,1.815,-0.01185193471
子图3,系列7,1.82,-0.006288841897
子图3,系列7,1.825,-0.0005569956991
子图3,系列7,1.83,0.00475371507
子图3,系列7,1.835,0.009144539065
子图3,系列7,1.84,0.01224602216
子图3,系列7,1.845,0.01384128153
子图3,系列7,1.85,0.0138732125
子图3,系列7,1.855,0.0124361896
子图3,系列7,1.86,0.009754461391
子图3,系列7,1.865,0.006150601288
子图3,系列7,1.87,0.00200807785
子图3,系列7,1.875,-0.002267876656
子图3,系列7,1.88,-0.006287323709
子图3,系列7,1.885,-0.009707576851
子图3,系列7,1.89,-0.01225807276
子图3,系列7,1.895,-0.01375713847
子图3,系列7,1.9,-0.01412058781
子图3,系列7,1.905,-0.01336267104
子图3,系列7,1.91,-0.01159033204
子图3,系列7,1.915,-0.008991808156
子图3,系列7,1.92,-0.00582062335
子图3,系列7,1.925,-0.002375917292
子图3,系列7,1.93,0.001019957903
子图3,系列7,1.935,0.004045587402
子图3,系列7,1.94,0.00640522902
子图3,系列7,1.945,0.007852743607
子图3,系列7,1.95,0.008213114976
子图3,系列7,1.955,0.007399823873
子图3,系列7,1.96,0.005426370875
子图3,系列7,1.965,0.00241045876
子图3,系列7,1.97,-0.001430242369
子图3,系列7,1.975,-0.005791233279
子图3,系列7,1.98,-0.01030298109
子图3,系列7,1.985,-0.01456029393
子图3,系列7,1.99,-0.01815732383
子图3,系列7,1.995,-0.02072541229
子图3,系列7,2,-0.02197028729
子图3,系列7,2.005,-0.02170468151
子图3,系列7,2.01,-0.01987237556
子图3,系列7,2.015,-0.01656011629
子图3,系列7,2.02,-0.01199483989
子图3,系列7,2.025,-0.006525159168
子图3,系列7,2.03,-0.0005879639496
子图3,系列7,2.035,0.005336928426
子图3,系列7,2.04,0.01077925444
子图3,系列7,2.045,0.01533164256
子图3,系列7,2.05,0.01869694065
子图3,系列7,2.055,0.02072296572
子图3,系列7,2.06,0.02141952521
子图3,系列7,2.065,0.02095476711
子图3,系列7,2.07,0.0196307898
子图3,系列7,2.075,0.01784140117
子图3,系列7,2.08,0.01601758657
子图3,系列7,2.085,0.01456813246
子图3,系列7,2.09,0.01382359898
子图3,系列7,2.095,0.01399140156
子图3,系列7,2.1,0.01512802489
子图3,系列7,2.105,0.01713188814
子图3,系列7,2.11,0.01975721618
子图3,系列7,2.115,0.02264631491
子图3,系列7,2.12,0.02537502864
子图3,系列7,2.125,0.02750461857
子图3,系列7,2.13,0.02863276162
子图3,系列7,2.135,0.02843709211
子图3,系列7,2.14,0.0267063516
子图3,系列7,2.145,0.02335651211
子图3,系列7,2.15,0.01843176879
子图3,系列7,2.155,0.0120925336
子图3,系列7,2.16,0.004594262738
子图3,系列7,2.165,-0.003738299345
子图3,系列7,2.17,-0.01253696448
子图3,系列7,2.175,-0.0214125328
子图3,系列7,2.18,-0.02997180922
子图3,系列7,2.185,-0.0378289533
子图3,系列7,2.19,-0.04461249016
子图3,系列7,2.195,-0.04997039036
子图3,系列7,2.2,-0.05357605001
子图3,系列7,2.205,-0.0551376161
子图3,系列7,2.21,-0.05441212898
子图3,系列7,2.215,-0.05122447924
子图3,系列7,2.22,-0.04548965019
子图3,系列7,2.225,-0.03723532445
子图3,系列7,2.23,-0.02662106003
子图3,系列7,2.235,-0.01394998104
子图3,系列7,2.24,0.0003306112124
子图3,系列7,2.245,0.01564218808
子图3,系列7,2.25,0.03130241535
子图3,系列7,2.255,0.0465660775
子图3,系列7,2.26,0.06067672241
子图3,系列7,2.265,0.07292458636
子图3,系列7,2.27,0.0827052684
子图3,系列7,2.275,0.0895730261
子图3,系列7,2.28,0.09328280274
子图3,系列7,2.285,0.09381590727
子图3,系列7,2.29,0.09138585569
子图3,系列7,2.295,0.08642283316
子图3,系列7,2.3,0.07953758125
子图3,系列7,2.305,0.07146778641
子图3,系列7,2.31,0.06301212719
子图3,系列7,2.315,0.05495865739
子图3,系列7,2.32,0.0480149861
子图3,系列7,2.325,0.04274765399
子图3,系列7,2.33,0.03953708801
子图3,系列7,2.335,0.03855278116
子图3,系列7,2.34,0.03975091623
子图3,系列7,2.345,0.04289404056
子图3,系列7,2.35,0.0475897305
子图3,系列7,2.355,0.05334301382
子图3,系列7,2.36,0.05961575653
子图3,系列7,2.365,0.0658856146
子图3,系列7,2.37,0.07169748007
子图3,系列7,2.375,0.07670161327
子图3,系列7,2.38,0.08067466111
子图3,系列7,2.385,0.08352220918
子图3,系列7,2.39,0.08526410056
子图3,系列7,2.395,0.08600607066
子图3,系列7,2.4,0.08590298722
子图3,系列7,2.405,0.08511990925
子图3,系列7,2.41,0.08379709952
子图3,系列7,2.415,0.08202417212
子图3,系列7,2.42,0.079826735
子图3,系列7,2.425,0.07716670228
子图3,系列7,2.43,0.07395505104
子图3,系列7,2.435,0.07007383163
子图3,系列7,2.44,0.06540281884
子图3,系列7,2.445,0.05984575645
子图3,系列7,2.45,0.0533515819
子图3,系列7,2.455,0.04592733491
子图3,系列7,2.46,0.0376412789
子图3,系列7,2.465,0.02861677639
子图3,系列7,2.47,0.01901919948
子图3,系列7,2.475,0.00903933482
子图3,系列7,2.48,-0.001122959675
子图3,系列7,2.485,-0.01127155503
子图3,系列7,2.49,-0.02122135546
子图3,系列7,2.495,-0.03079972441
子图3,系列7,2.5,-0.03984352896
子图3,系列7,2.505,-0.04819451738
子图3,系列7,2.51,-0.05569665147
子图3,系列7,2.515,-0.06219865553
子图3,系列7,2.52,-0.06756423739
子图3,系列7,2.525,-0.07169048145
子图3,系列7,2.53,-0.07453302234
子图3,系列7,2.535,-0.07613431967
子图3,系列7,2.54,-0.07664994154
子图3,系列7,2.545,-0.07636680569
子图3,系列7,2.55,-0.07570775098
子图3,系列7,2.555,-0.07521804415
子图3,系列7,2.56,-0.07553181993
子图3,系列7,2.565,-0.07731928376
子图3,系列7,2.57,-0.08121860692
子图3,系列7,2.575,-0.08775917975
子图3,系列7,2.58,-0.09728483706
子图3,系列7,2.585,-0.1098866094
子图3,系列7,2.59,-0.1253540849
子图3,系列7,2.595,-0.143152963
子图3,系列7,2.6,-0.162433582
子图3,系列7,2.605,-0.1820719914
子图3,系列7,2.61,-0.2007413215
子图3,系列7,2.615,-0.2170078852
子图3,系列7,2.62,-0.2294433547
子图3,系列7,2.625,-0.2367425116
子图3,系列7,2.63,-0.2378350405
子图3,系列7,2.635,-0.2319803457
子图3,系列7,2.64,-0.2188358354
子图3,系列7,2.645,-0.1984918958
子图3,系列7,2.65,-0.1714701391
子图3,系列7,2.655,-0.1386855087
子图3,系列7,2.66,-0.1013766128
子图3,系列7,2.665,-0.06101215808
子图3,系列7,2.67,-0.01918371585
子图3,系列7,2.675,0.02250364869
子图3,系列7,2.68,0.06253175471
子图3,系列7,2.685,0.09955116773
子图3,系列7,2.69,0.1324380967
子图3,系列7,2.695,0.1603234547
子图3,系列7,2.7,0.1825952725
子图3,系列7,2.705,0.1988790462
子图3,系列7,2.71,0.2090033113
子图3,系列7,2.715,0.2129589172
子图3,系列7,2.72,0.2108603814
子图3,系列7,2.725,0.2029161338
子图3,系列7,2.73,0.1894119207
子图3,系列7,2.735,0.1707085584
子图3,系列7,2.74,0.1472520563
子图3,系列7,2.745,0.1195916179
子图3,系列7,2.75,0.0883991889
子图3,系列7,2.755,0.05448380978
子图3,系列7,2.76,0.01879443663
子图3,系列7,2.765,-0.01759327912
子图3,系列7,2.77,-0.05350857172
子图3,系列7,2.775,-0.08773485072
子图3,系列7,2.78,-0.1190734308
子图3,系列7,2.785,-0.1464158803
子图3,系列7,2.79,-0.1688175609
子图3,系列7,2.795,-0.185564056
子图3,系列7,2.8,-0.196222461
子图3,系列7,2.805,-0.2006707827
子图3,系列7,2.81,-0.1991008377
子图3,系列7,2.815,-0.191992995
子图3,系列7,2.82,-0.180064226
子图3,系列7,2.825,-0.1641943134
子图3,系列7,2.83,-0.1453377189
子图3,系列7,2.835,-0.1244308893
子图3,系列7,2.84,-0.1023055293
子图3,系列7,2.845,-0.07961837507
子图3,系列7,2.85,-0.05680611839
子图3,系列7,2.855,-0.03407164842
子图3,系列7,2.86,-0.01140370115
子图3,系列7,2.865,0.01137194515
子图3,系列7,2.87,0.03451622421
子图3,系列7,2.875,0.05828539989
子图3,系列7,2.88,0.0828373592
子图3,系列7,2.885,0.108149135
子图3,系列7,2.89,0.1339585313
子图3,系列7,2.895,0.1597397439
子图3,系列7,2.9,0.1847184706
子图3,系列7,2.905,0.2079263503
子图3,系列7,2.91,0.2282885921
子图3,系列7,2.915,0.2447333699
子图3,系列7,2.92,0.2563075615
子图3,系列7,2.925,0.2622819459
子图3,系列7,2.93,0.2622297773
子图3,系列7,2.935,0.2560665382
子图3,系列7,2.94,0.244044214
子图3,系列7,2.945,0.2267008154
子图3,系列7,2.95,0.2047727929
子图3,系列7,2.955,0.179084449
子图3,系列7,2.96,0.1504320732
子图3,系列7,2.965,0.1194819226
子图3,系列7,2.97,0.0866987119
子图3,系列7,2.975,0.0523166867
子图3,系列7,2.98,0.01635804592
子图3,系列7,2.985,-0.02130401332
子图3,系列7,2.99,-0.06084798524
子图3,系列7,2.995,-0.1023882205
子图3,系列7,3,-0.1458595321
子图3,系列7,3.005,-0.1909210129
子图3,系列7,3.01,-0.2368949249
子图3,系列7,3.015,-0.2827510795
子图3,系列7,3.02,-0.3271403147
子图3,系列7,3.025,-0.3684736116
子图3,系列7,3.03,-0.4050370598
子图3,系列7,3.035,-0.4351284272
子图3,系列7,3.04,-0.4571987327
子图3,系列7,3.045,-0.4699825003
子图3,系列7,3.05,-0.4726026138
子图3,系列7,3.055,-0.4646398116
子图3,系列7,3.06,-0.4461616459
子图3,系列7,3.065,-0.4177109469
子图3,系列7,3.07,-0.380258201
子图3,系列7,3.075,-0.3351259245
子图3,系列7,3.08,-0.2838950022
子图3,系列7,3.085,-0.2283038626
子图3,系列7,3.09,-0.1701503542
子图3,系列7,3.095,-0.1112046527
子图3,系列7,3.1,-0.05313858755
子图3,系列7,3.105,0.00252585704
子图3,系列7,3.11,0.05444933825
子图3,系列7,3.115,0.1014918312
子图3,系列7,3.12,0.1427176722
子图3,系列7,3.125,0.1773938367
子图3,系列7,3.13,0.2049860945
子图3,系列7,3.135,0.2251561993
子图3,系列7,3.14,0.2377614442
子图3,系列7,3.145,0.2428557278
子图3,系列7,3.15,0.2406895153
子图3,系列7,3.155,0.2317049785
子图3,系列7,3.16,0.2165225563
子图3,系列7,3.165,0.1959162234
子图3,系列7,3.17,0.1707767103
子图3,系列7,3.175,0.1420644398
子图3,系列7,3.18,0.1107564103
子图3,系列7,3.185,0.07779323141
子图3,系列7,3.19,0.04403329406
子图3,系列7,3.195,0.01022067975
子图3,系列7,3.2,-0.02302860791
子图3,系列7,3.205,-0.05522029882
子图3,系列7,3.21,-0.08595741204
子图3,系列7,3.215,-0.1149029984
子图3,系列7,3.22,-0.1417383852
子图3,系列7,3.225,-0.1661263804
子图3,系列7,3.23,-0.1876888454
子图3,系列7,3.235,-0.2060056941
子图3,系列7,3.24,-0.2206389368
子图3,系列7,3.245,-0.2311805773
子图3,系列7,3.25,-0.2373184195
子图3,系列7,3.255,-0.2389095281
子图3,系列7,3.26,-0.2360482509
子图3,系列7,3.265,-0.2291149372
子图3,系列7,3.27,-0.2187928354
子图3,系列7,3.275,-0.2060445214
子图3,系列7,3.28,-0.1920444712
子图3,系列7,3.285,-0.1780711709
子图3,系列7,3.29,-0.1653684734
子图3,系列7,3.295,-0.1549919071
子图3,系列7,3.3,-0.1476591452
子图3,系列7,3.305,-0.143625489
子图3,系列7,3.31,-0.1426033231
子图3,系列7,3.315,-0.1437404646
子图3,系列7,3.32,-0.1456653336
子图3,系列7,3.325,-0.1465989664
子图3,系列7,3.33,-0.1445249992
子图3,系列7,3.335,-0.1374010613
子图3,系列7,3.34,-0.1233887225
子图3,系列7,3.345,-0.1010758874
子图3,系列7,3.35,-0.06966523461
子图3,系列7,3.355,-0.02910556955
子图3,系列7,3.36,0.01985092879
子图3,系列7,3.365,0.07567405403
子图3,系列7,3.37,0.1361624057
子图3,系列7,3.375,0.198620874
子图3,系列7,3.38,0.2600896914
子图3,系列7,3.385,0.3175998332
子图3,系列7,3.39,0.3684268503
子图3,系列7,3.395,0.4103156637
子图3,系列7,3.4,0.4416530398
子图3,系列7,3.405,0.4615710519
子图3,系列7,3.41,0.4699736438
子图3,系列7,3.415,0.4674875405
子图3,系列7,3.42,0.4553475735
子图3,系列7,3.425,0.4352334226
子图3,系列7,3.43,0.4090792515
子图3,系列7,3.435,0.3788792275
子图3,系列7,3.44,0.3465103262
子图3,系列7,3.445,0.3135898972
子图3,系列7,3.45,0.2813794765
子图3,系列7,3.455,0.2507398526
子图3,系列7,3.46,0.2221357098
子图3,系列7,3.465,0.195682866
子图3,系列7,3.47,0.1712270474
子图3,系列7,3.475,0.1484412757
子图3,系列7,3.48,0.1269285658
子图3,系列7,3.485,0.106318048
子图3,系列7,3.49,0.08634481552
子图3,系列7,3.495,0.066906766
子图3,系列7,3.5,0.04809453947
子图3,系列7,3.505,0.03019349065
子图3,系列7,3.51,0.01365889973
子图3,系列7,3.515,-0.0009323212236
子图3,系列7,3.52,-0.01294862877
子图3,系列7,3.525,-0.02178332687
子图3,系列7,3.53,-0.02693927238
子图3,系列7,3.535,-0.02811064823
子图3,系列7,3.54,-0.02525336424
子图3,系列7,3.545,-0.0186357221
子图3,系列7,3.55,-0.008862174273
子图3,系列7,3.555,0.003135277305
子图3,系列7,3.56,0.01614033324
子图3,系列7,3.565,0.02872928482
子图3,系列7,3.57,0.0393760446
子图3,系列7,3.575,0.04657630675
子图3,系列7,3.58,0.04897803767
子图3,系列7,3.585,0.04550406994
子图3,系列7,3.59,0.03545185974
子图3,系列7,3.595,0.01855792646
子图3,系列7,3.6,-0.004982106416
子图3,系列7,3.605,-0.03454090883
子图3,系列7,3.61,-0.06913131437
子图3,系列7,3.615,-0.1075128987
子图3,系列7,3.62,-0.1483184958
子图3,系列7,3.625,-0.190182277
子图3,系列7,3.63,-0.2318505894
子图3,系列7,3.635,-0.2722589125
子图3,系列7,3.64,-0.3105635062
子图3,系列7,3.645,-0.3461234863
子图3,系列7,3.65,-0.3784373585
子图3,系列7,3.655,-0.4070461353
子图3,系列7,3.66,-0.4314215311
子图3,系列7,3.665,-0.4508616347
子图3,系列7,3.67,-0.4644164498
子图3,系列7,3.675,-0.4708624685
子图3,系列7,3.68,-0.4687381784
子图3,系列7,3.685,-0.4564435091
子图3,系列7,3.69,-0.4323954022
子图3,系列7,3.695,-0.3952224944
子图3,系列7,3.7,-0.3439738353
子图3,系列7,3.705,-0.2783131261
子图3,系列7,3.71,-0.1986696296
子图3,系列7,3.715,-0.1063220312
子图3,系列7,3.72,-0.003399262047
子图3,系列7,3.725,0.1072064129
子图3,系列7,3.73,0.222007567
子图3,系列7,3.735,0.3371532842
子图3,系列7,3.74,0.4486986399
子图3,系列7,3.745,0.5528811302
子图3,系列7,3.75,0.6463731396
子图3,系列7,3.755,0.7264829289
子图3,系列7,3.76,0.791284427
子图3,系列7,3.765,0.8396656545
子图3,系列7,3.77,0.8712968326
子图3,系列7,3.775,0.8865293184
子图3,系列7,3.78,0.8862450496
子图3,系列7,3.785,0.8716812793
子图3,系列7,3.79,0.8442568759
子图3,系列7,3.795,0.80542413
子图3,系列7,3.8,0.7565640952
子图3,系列7,3.805,0.6989355592
子图3,系列7,3.81,0.6336780768
子图3,系列7,3.815,0.5618608942
子图3,系列7,3.82,0.4845616997
子图3,系列7,3.825,0.4029550537
子图3,系列7,3.83,0.3183884747
子图3,系列7,3.835,0.232427129
子图3,系列7,3.84,0.1468528206
子图3,系列7,3.845,0.063611446
子图3,系列7,3.85,-0.01528886935
子图3,系列7,3.855,-0.08791749414
子图3,系列7,3.86,-0.1525813234
子图3,系列7,3.865,-0.207982675
子图3,系列7,3.87,-0.253352515
子图3,系列7,3.875,-0.2885384191
子图3,系列7,3.88,-0.3140329787
子图3,系列7,3.885,-0.3309355833
子图3,系列7,3.89,-0.3408497778
子图3,系列7,3.895,-0.3457263918
子图3,系列7,3.9,-0.347669854
子图3,系列7,3.905,-0.3487292763
子图3,系列7,3.91,-0.3506975119
子图3,系列7,3.915,-0.3549397554
子图3,系列7,3.92,-0.3622690885
子图3,系列7,3.925,-0.3728803752
子图3,系列7,3.93,-0.3863467913
子图3,系列7,3.935,-0.4016764152
子图3,系列7,3.94,-0.4174200116
子图3,系列7,3.945,-0.431816696
子图3,系列7,3.95,-0.4429612366
子图3,系列7,3.955,-0.44897613
子图3,系列7,3.96,-0.4481723985
子图3,系列7,3.965,-0.4391856819
子图3,系列7,3.97,-0.4210774981
子图3,系列7,3.975,-0.3933957915
子图3,系列7,3.98,-0.3561929272
子图3,系列7,3.985,-0.3100034976
子图3,系列7,3.99,-0.2557875816
子图3,系列7,3.995,-0.1948480308
子图3,系列7,4,-0.1287318192
子图3,系列7,4.005,-0.0591263854
子图3,系列7,4.01,0.01223895487
子图3,系列7,4.015,0.08367773554
子图3,系列7,4.02,0.1536112833
子图3,系列7,4.025,0.2206106749
子图3,系列7,4.03,0.2834161511
子图3,系列7,4.035,0.340937071
子图3,系列7,4.04,0.3922381819
子图3,系列7,4.045,0.4365190011
子图3,系列7,4.05,0.4730935809
子图3,系列7,4.055,0.5013767265
子图3,系列7,4.06,0.5208809951
子图3,系列7,4.065,0.5312261429
子图3,系列7,4.07,0.5321599881
子图3,系列7,4.075,0.5235871943
子图3,系列7,4.08,0.505600527
子图3,系列7,4.085,0.478508379
子图3,系列7,4.09,0.4428522597
子图3,系列7,4.095,0.3994093812
子图3,系列7,4.1,0.3491771428
子图3,系列7,4.105,0.2933392086
子图3,系列7,4.11,0.2332151918
子图3,系列7,4.115,0.1701988248
子图3,系列7,4.12,0.1056909593
子图3,系列7,4.125,0.04103511868
子图3,系列7,4.13,-0.0225371709
子图3,系列7,4.135,-0.08394487291
子图3,系列7,4.14,-0.1422759238
子图3,系列7,4.145,-0.196784449
子图3,系列7,4.15,-0.2468689608
子图3,系列7,4.155,-0.2920365259
子图3,系列7,4.16,-0.3318603965
子图3,系列7,4.165,-0.3659395878
子图3,系列7,4.17,-0.3938687586
子图3,系列7,4.175,-0.4152250248
子图3,系列7,4.18,-0.429575492
子图3,系列7,4.185,-0.4365057261
子图3,系列7,4.19,-0.4356655742
子图3,系列7,4.195,-0.4268256274
子图3,系列7,4.2,-0.4099353344
子图3,系列7,4.205,-0.3851732208
子图3,系列7,4.21,-0.3529803686
子图3,系列7,4.215,-0.3140707588
子图3,系列7,4.22,-0.2694152073
子图3,系列7,4.225,-0.2201995941
子图3,系列7,4.23,-0.1677615391
子图3,系列7,4.235,-0.1135128553
子图3,系列7,4.24,-0.05885670932
子图3,系列7,4.245,-0.005109124998
子图3,系列7,4.25,0.04656673751
子图3,系列7,4.255,0.09520696929
子图3,系列7,4.26,0.1400706991
子图3,系列7,4.265,0.1806410605
子图3,系列7,4.27,0.2166066161
子图3,系列7,4.275,0.2478287106
子图3,系列7,4.28,0.2743020051
子图3,系列7,4.285,0.2961153449
子图3,系列7,4.29,0.313419386
子图3,系列7,4.295,0.326405061
子图3,系列7,4.3,0.3352945461
子图3,系列7,4.305,0.3403433347
子图3,系列7,4.31,0.3418497964
子图3,系列7,4.315,0.3401668245
子图3,系列7,4.32,0.3357097843
子图3,系列7,4.325,0.3289555795
子图3,系列7,4.33,0.3204293244
子图3,系列7,4.335,0.3106775661
子图3,系列7,4.34,0.300229426
子图3,系列7,4.345,0.289549625
子图3,系列7,4.35,0.2789887186
子图3,系列7,4.355,0.2687370381
子图3,系列7,4.36,0.2587881594
子图3,系列7,4.365,0.2489171397
子图3,系列7,4.37,0.2386765532
子图3,系列7,4.375,0.2274119423
子图3,系列7,4.38,0.2142959316
子图3,系列7,4.385,0.1983791989
子图3,系列7,4.39,0.1786550287
子图3,系列7,4.395,0.1541339427
子图3,系列7,4.4,0.1239243762
子图3,系列7,4.405,0.08731552232
子图3,系列7,4.41,0.04385821807
子图3,系列7,4.415,-0.006560366434
子图3,系列7,4.42,-0.06365293872
子图3,系列7,4.425,-0.1266843223
子图3,系列7,4.43,-0.1944452473
子图3,系列7,4.435,-0.2652531895
子图3,系列7,4.44,-0.3369851876
子图3,系列7,4.445,-0.4071460663
子图3,系列7,4.45,-0.4729732351
子图3,系列7,4.455,-0.5315759185
子图3,系列7,4.46,-0.5801030193
子图3,系列7,4.465,-0.6159296843
子图3,系列7,4.47,-0.6368492037
子图3,系列7,4.475,-0.641254066
子图3,系列7,4.48,-0.6282890049
子图3,系列7,4.485,-0.5979595172
子图3,系列7,4.49,-0.5511822229
子图3,系列7,4.495,-0.4897681276
子图3,系列7,4.5,-0.4163359711
子图3,系列7,4.505,-0.3341598841
子图3,系列7,4.51,-0.2469622092
子图3,系列7,4.515,-0.158668493
子图3,系列7,4.52,-0.07314546801
子图3,系列7,4.525,0.006054805517
子图3,系列7,4.53,0.07592247485
子图3,系列7,4.535,0.1341693177
子图3,系列7,4.54,0.1793456844
子图3,系列7,4.545,0.2108863087
子图3,系列7,4.55,0.2290837794
子图3,系列7,4.555,0.2349948255
子图3,系列7,4.56,0.2302910281
子图3,系列7,4.565,0.2170699701
子图3,系列7,4.57,0.1976460104
子图3,系列7,4.575,0.1743407749
子图3,系列7,4.58,0.1492924472
子图3,系列7,4.585,0.1243002382
子图3,系列7,4.59,0.1007158392
子图3,系列7,4.595,0.07938857501
子图3,系列7,4.6,0.06066474232
子图3,系列7,4.605,0.04443633642
子图3,系列7,4.61,0.03022908925
子图3,系列7,4.615,0.01731665881
子图3,系列7,4.62,0.004845733697
子图3,系列7,4.625,-0.008042603388
子图3,系列7,4.63,-0.02210807108
子图3,系列7,4.635,-0.03793195247
子图3,系列7,4.64,-0.05586808461
子图3,系列7,4.645,-0.07602399549
子图3,系列7,4.65,-0.09826804792
子图3,系列7,4.655,-0.1222556196
子图3,系列7,4.66,-0.1474659751
子图3,系列7,4.665,-0.1732420474
子图3,系列7,4.67,-0.1988269938
子图3,系列7,4.675,-0.2233944427
子图3,系列7,4.68,-0.2460720921
子图3,系列7,4.685,-0.2659612941
子图3,系列7,4.69,-0.2821564656
子图3,系列7,4.695,-0.2937688555
子图3,系列7,4.7,-0.2999576236
子图3,系列7,4.705,-0.299969474
子图3,系列7,4.71,-0.293184877
子图3,系列7,4.715,-0.2791667817
子图3,系列7,4.72,-0.2577054583
子图3,系列7,4.725,-0.2288529326
子图3,系列7,4.73,-0.1929410253
子图3,系列7,4.735,-0.1505795158
子图3,系列7,4.74,-0.1026338895
子图3,系列7,4.745,-0.05018570519
子图3,系列7,4.75,0.005518485275
子图3,系列7,4.755,0.06312181835
子图3,系列7,4.76,0.1212072224
子图3,系列7,4.765,0.1783361866
子图3,系列7,4.77,0.2330722581
子图3,系列7,4.775,0.2839892758
子图3,系列7,4.78,0.3296683847
子图3,系列7,4.785,0.368691478
子图3,系列7,4.79,0.3996407969
子图3,系列7,4.795,0.4211147325
子图3,系列7,4.8,0.4317678903
子图3,系列7,4.805,0.4303796504
子图3,系列7,4.81,0.4159500542
子图3,系列7,4.815,0.3878159927
子图3,系列7,4.82,0.3457751449
子图3,系列7,4.825,0.2902011691
子图3,系列7,4.83,0.2221318862
子图3,系列7,4.835,0.1433133226
子图3,系列7,4.84,0.05618626687
子图3,系列7,4.845,-0.03619171938
子图3,系列7,4.85,-0.1302883045
子图3,系列7,4.855,-0.2222936746
子图3,系列7,4.86,-0.3083572593
子图3,系列7,4.865,-0.3848424484
子图3,系列7,4.87,-0.4485752622
子图3,系列7,4.875,-0.4970628602
子图3,系列7,4.88,-0.5286610826
子图3,系列7,4.885,-0.5426754216
子图3,系列7,4.89,-0.5393871972
子图3,系列7,4.895,-0.520004321
子图3,系列7,4.9,-0.4865438213
子图3,系列7,4.905,-0.4416596415
子图3,系列7,4.91,-0.3884339637
子图3,系列7,4.915,-0.3301527222
子图3,系列7,4.92,-0.2700858961
子图3,系列7,4.925,-0.2112910345
子图3,系列7,4.93,-0.1564541078
子图3,系列7,4.935,-0.1077766347
子图3,系列7,4.94,-0.06691186045
子图3,系列7,4.945,-0.03494752403
子图3,系列7,4.95,-0.01242792807
子图3,系列7,4.955,0.000594580354
子图3,系列7,4.96,0.00449000343
子图3,系列7,4.965,-2.669048967e-05
子图3,系列7,4.97,-0.01197219016
子图3,系列7,4.975,-0.03016523936
子图3,系列7,4.98,-0.05328819007
子图3,系列7,4.985,-0.0799397856
子图3,系列7,4.99,-0.1086808394
子图3,系列7,4.995,-0.1380751976
子图3,系列7,5,-0.1667280644
子图3,系列7,5.005,-0.1933228974
子图3,系列7,5.01,-0.2166569885
子图3,系列7,5.015,-0.2356749176
子图3,系列7,5.02,-0.2494985875
子图3,系列7,5.025,-0.2574525425
子图3,系列7,5.03,-0.2590836395
子图3,系列7,5.035,-0.2541746978
子图3,系列7,5.04,-0.2427520855
子图3,系列7,5.045,-0.2250874357
子图3,系列7,5.05,-0.2016932833
子图3,系列7,5.055,-0.1733121635
子图3,系列7,5.06,-0.1408979504
子图3,系列7,5.065,-0.1055882571
子图3,系列7,5.07,-0.0686665573
子图3,系列7,5.075,-0.03151376699
子图3,系列7,5.08,0.004450137192
子图3,系列7,5.085,0.03783202173
子图3,系列7,5.09,0.06733538168
子图3,系列7,5.095,0.09182883158
子图3,系列7,5.1,0.110407648
子图3,系列7,5.105,0.1224425413
子图3,系列7,5.11,0.1276106784
子图3,系列7,5.115,0.1259054026
子图3,系列7,5.12,0.1176229966
子图3,系列7,5.125,0.1033272311
子图3,系列7,5.13,0.08379454158
子图3,系列7,5.135,0.0599450088
子图3,系列7,5.14,0.0327656465
子图3,系列7,5.145,0.003233804079
子图3,系列7,5.15,-0.02775164614
子图3,系列7,5.155,-0.05942395457
子图3,系列7,5.16,-0.09118133023
子图3,系列7,5.165,-0.1225951455
子图3,系列7,5.17,-0.1533925157
子图3,系列7,5.175,-0.183414929
子图3,系列7,5.18,-0.2125574986
子图3,系列7,5.185,-0.2406958578
子图3,系列7,5.19,-0.2676095047
子图3,系列7,5.195,-0.2929115644
子图3,系列7,5.2,-0.3159946753
子图3,系列7,5.205,-0.3360018947
子图3,系列7,5.21,-0.3518289155
子图3,系列7,5.215,-0.3621611719
子图3,系列7,5.22,-0.3655451357
子图3,系列7,5.225,-0.360489566
子图3,系列7,5.23,-0.3455881657
子图3,系列7,5.235,-0.3196525842
子图3,系列7,5.24,-0.2818423649
子图3,系列7,5.245,-0.2317786266
子图3,系列7,5.25,-0.1696290997
子图3,系列7,5.255,-0.09615539613
子图3,系列7,5.26,-0.01271686901
子图3,系列7,5.265,0.07876965623
子图3,系列7,5.27,0.1759109455
子图3,系列7,5.275,0.2759516462
子图3,系列7,5.28,0.3759118905
子图3,系列7,5.285,0.4727365395
子图3,系列7,5.29,0.5634447763
子图3,系列7,5.295,0.6452696182
子图3,系列7,5.3,0.715779316
子图3,系列7,5.305,0.7729748009
子图3,系列7,5.31,0.8153601159
子图3,系列7,5.315,0.8419847379
子图3,系列7,5.32,0.8524585676
子图3,系列7,5.325,0.8469413842
子图3,系列7,5.33,0.8261093133
子图3,系列7,5.335,0.7911012558
子图3,系列7,5.34,0.7434484399
子图3,系列7,5.345,0.6849907585
子图3,系列7,5.35,0.6177837653
子图3,系列7,5.355,0.5440010781
子图3,系列7,5.36,0.4658369899
子图3,系列7,5.365,0.3854148774
子图3,系列7,5.37,0.3047061819
子图3,系列7,5.375,0.2254647288
子图3,系列7,5.38,0.1491790112
子图3,系列7,5.385,0.07704414968
子图3,系列7,5.39,0.009952272746
子图3,系列7,5.395,-0.05150086951
子图3,系列7,5.4,-0.1069976655
子图3,系列7,5.405,-0.1564730603
子图3,系列7,5.41,-0.2000865444
子图3,系列7,5.415,-0.2381945528
子图3,系列7,5.42,-0.2713249675
子图3,系列7,5.425,-0.3001525801
子图3,系列7,5.43,-0.3254728955
子图3,系列7,5.435,-0.3481699922
子图3,系列7,5.44,-0.3691741601
子图3,系列7,5.445,-0.3894059716
子图3,系列7,5.45,-0.4097056275
子图3,系列7,5.455,-0.430749666
子图3,系列7,5.46,-0.4529603941
子图3,系列7,5.465,-0.4764169816
子图3,系列7,5.47,-0.500779254
子图3,系列7,5.475,-0.5252366745
子图3,系列7,5.48,-0.5484939838
子图3,系列7,5.485,-0.5688028754
子图3,系列7,5.49,-0.5840446114
子图3,系列7,5.495,-0.5918633913
子图3,系列7,5.5,-0.5898440024
子图3,系列7,5.505,-0.5757215282
子图3,系列7,5.51,-0.547605691
子图3,系列7,5.515,-0.5041990102
子图3,系列7,5.52,-0.4449865785
子图3,系列7,5.525,-0.3703763597
子图3,系列7,5.53,-0.2817724949
子图3,系列7,5.535,-0.1815697788
子图3,系列7,5.54,-0.07306481836
子图3,系列7,5.545,0.03971252972
子图3,系列7,5.55,0.1522358208
子图3,系列7,5.555,0.2597681017
子图3,系列7,5.56,0.357673573
子图3,系列7,5.565,0.4417280383
子图3,系列7,5.57,0.508401389
子图3,系列7,5.575,0.5550877874
子图3,系列7,5.58,0.5802645091
子图3,系列7,5.585,0.5835671422
子图3,系列7,5.59,0.5657771961
子图3,系列7,5.595,0.5287263588
子图3,系列7,5.6,0.4751295741
子图3,系列7,5.605,0.408365285
子图3,系列7,5.61,0.332225406
子图3,系列7,5.615,0.2506591678
子图3,系列7,5.62,0.1675337884
子图3,系列7,5.625,0.08643140068
子图3,系列7,5.63,0.01049584253
子图3,系列7,5.635,-0.0576637966
子图3,系列7,5.64,-0.116013405
子图3,系列7,5.645,-0.1630847556
子图3,系列7,5.65,-0.1979291805
子图3,系列7,5.655,-0.2200488326
子图3,系列7,5.66,-0.2293207741
子图3,系列7,5.665,-0.2259271251
子图3,系列7,5.67,-0.2103004996
子图3,系列7,5.675,-0.1830890784
子图3,系列7,5.68,-0.1451402526
子图3,系列7,5.685,-0.09749765614
子图3,系列7,5.69,-0.04140322108
子图3,系列7,5.695,0.0217045931
子图3,系列7,5.7,0.09020448507
子图3,系列7,5.705,0.1623227591
子图3,系列7,5.71,0.2361820189
子图3,系列7,5.715,0.3098652232
子图3,系列7,5.72,0.3814893897
子图3,系列7,5.725,0.4492808725
子图3,系列7,5.73,0.5116441844
子图3,系列7,5.735,0.5672172302
子图3,系列7,5.74,0.614908543
子图3,系列7,5.745,0.6539149209
子图3,系列7,5.75,0.6837210077
子图3,系列7,5.755,0.7040845893
子图3,系列7,5.76,0.7150126696
子图3,系列7,5.765,0.7167335413
子图3,系列7,5.77,0.7096689648
子图3,系列7,5.775,0.6944091222
子图3,系列7,5.78,0.6716907818
子图3,系列7,5.785,0.6423777646
子图3,系列7,5.79,0.6074411843
子图3,系列7,5.795,0.5679370755
子图3,系列7,5.8,0.5249788333
子图3,系列7,5.805,0.4797036039
子图3,系列7,5.81,0.4332325106
子图3,系列7,5.815,0.3866268777
子图3,系列7,5.82,0.3408431361
子图3,系列7,5.825,0.2966907318
子图3,系列7,5.83,0.2547968058
子图3,系列7,5.835,0.215581832
子图3,系列7,5.84,0.1792487558
子图3,系列7,5.845,0.1457876239
子图3,系列7,5.85,0.1149956418
子图3,系列7,5.855,0.0865117793
子图3,系列7,5.86,0.05986339171
子图3,系列7,5.865,0.03452184158
子图3,系列7,5.87,0.009963264594
子图3,系列7,5.875,-0.01426938956
子图3,系列7,5.88,-0.03850708808
子图3,系列7,5.885,-0.06290205321
子图3,系列7,5.89,-0.0873854517
子图3,系列7,5.895,-0.1116389587
子图3,系列7,5.9,-0.1350835039
子图3,系列7,5.905,-0.1568880809
子图3,系列7,5.91,-0.1760008262
子图3,系列7,5.915,-0.1912034063
子图3,系列7,5.92,-0.2011881432
子图3,系列7,5.925,-0.2046550958
子图3,系列7,5.93,-0.2004238621
子图3,系列7,5.935,-0.1875521928
子图3,系列7,5.94,-0.165451287
子图3,系列7,5.945,-0.1339860276
子图3,系列7,5.95,-0.09354813056
子图3,系列7,5.955,-0.04509125197
子图3,系列7,5.96,0.00988007417
子图3,系列7,5.965,0.06937159117
子图3,系列7,5.97,0.1310090878
子图3,系列7,5.975,0.1921895075
子图3,系列7,5.98,0.2502606132
子图3,系列7,5.985,0.3027121068
子图3,系列7,5.99,0.3473586914
子图3,系列7,5.995,0.3824955533
子图3,系列7,6,0.4070093418
子图3,系列7,6.005,0.4204326356
子图3,系列7,6.01,0.4229365765
子图3,系列7,6.015,0.4152638632
子图3,系列7,6.02,0.3986115691
子图3,系列7,6.025,0.3744793209
子图3,系列7,6.03,0.3445021677
子图3,系列7,6.035,0.3102888051
子图3,系列7,6.04,0.2732840195
子图3,系列7,6.045,0.2346702833
子图3,系列7,6.05,0.1953171307
子图3,系列7,6.055,0.155780236
子图3,系列7,6.06,0.1163448614
子图3,系列7,6.065,0.07710282539
子图3,系列7,6.07,0.03804778713
子图3,系列7,6.075,-0.0008275807072
子图3,系列7,6.08,-0.03944844988
子图3,系列7,6.085,-0.07760105948
子图3,系列7,6.09,-0.1149102052
子图3,系列7,6.095,-0.1508527524
子图3,系列7,6.1,-0.1848037045
子图3,系列7,6.105,-0.2161062068
子图3,系列7,6.11,-0.244154135
子图3,系列7,6.115,-0.2684743494
子图3,系列7,6.12,-0.2887968116
子图3,系列7,6.125,-0.3051028484
子图3,系列7,6.13,-0.3176455349
子图3,系列7,6.135,-0.3269397963
子图3,系列7,6.14,-0.3337234869
子图3,系列7,6.145,-0.3388934961
子图3,系列7,6.15,-0.3434228308
子图3,系列7,6.155,-0.3482657783
子图3,系列7,6.16,-0.3542585928
子图3,系列7,6.165,-0.3620234812
子图3,系列7,6.17,-0.3718835593
子图3,系列7,6.175,-0.3837967138
子图3,系列7,6.18,-0.3973159518
子图3,系列7,6.185,-0.4115833412
子图3,系列7,6.19,-0.4253628381
子图3,系列7,6.195,-0.4371146646
子图3,系列7,6.2,-0.4451096911
子图3,系列7,6.205,-0.4475774963
子图3,系列7,6.21,-0.4428764447
子图3,系列7,6.215,-0.4296697493
子图3,系列7,6.22,-0.4070883908
子图3,系列7,6.225,-0.3748613639
子图3,系列7,6.23,-0.3333957169
子图3,系列7,6.235,-0.2837939401
子图3,系列7,6.24,-0.2278030156
子图3,系列7,6.245,-0.167697834
子图3,系列7,6.25,-0.1061094875
子图3,系列7,6.255,-0.04581609735
子图3,系列7,6.26,0.0104818736
子图3,系列7,6.265,0.0603777536
子图3,系列7,6.27,0.1019437471
子图3,系列7,6.275,0.1338660845
子图3,系列7,6.28,0.1555177656
子图3,系列7,6.285,0.1669633925
子图3,系列7,6.29,0.1688985206
子图3,系列7,6.295,0.162532679
子图3,系列7,6.3,0.1494311424
子图3,系列7,6.305,0.131334119
子图3,系列7,6.31,0.1099738022
子图3,系列7,6.315,0.08690899667
子图3,系列7,6.32,0.06339437891
子图3,系列7,6.325,0.0402969735
子图3,系列7,6.33,0.0180666626
子图3,系列7,6.335,-0.003238771497
子图3,系列7,6.34,-0.02388002818
子图3,系列7,6.345,-0.04432557713
子图3,系列7,6.35,-0.06511970055
子图3,系列7,6.355,-0.08674735873
子图3,系列7,6.36,-0.109514117
子图3,系列7,6.365,-0.1334570609
子图3,系列7,6.37,-0.1582983371
子图3,系列7,6.375,-0.1834470822
子图3,系列7,6.38,-0.208048832
子图3,系列7,6.385,-0.2310750837
子图3,系列7,6.39,-0.2514401577
子图3,系列7,6.395,-0.2681290521
子图3,系列7,6.4,-0.2803185549
子图3,系列7,6.405,-0.2874752721
子图3,系列7,6.41,-0.2894174784
子图3,系列7,6.415,-0.2863330572
子图3,系列7,6.42,-0.27875166
子图3,系列7,6.425,-0.2674755931
子图3,系列7,6.43,-0.2534791303
子图3,系列7,6.435,-0.2377901619
子图3,系列7,6.44,-0.2213699949
子图3,系列7,6.445,-0.2050073597
子图3,系列7,6.45,-0.1892404664
子图3,系列7,6.455,-0.1743173725
子图3,系列7,6.46,-0.1601996316
子图3,系列7,6.465,-0.1466085815
子图3,系列7,6.47,-0.1331076586
子图3,系列7,6.475,-0.1192092273
子图3,系列7,6.48,-0.1044906455
子图3,系列7,6.485,-0.08870275632
子图3,系列7,6.49,-0.07185455468
子图3,系列7,6.495,-0.05426079958
子图3,系列7,6.5,-0.0365442695
子图3,系列7,6.505,-0.01959065578
子图3,系列7,6.51,-0.004460893961
子图3,系列7,6.515,0.007728073161
子图3,系列7,6.52,0.01593826549
子图3,系列7,6.525,0.01934304157
子图3,系列7,6.53,0.01743857602
子图3,系列7,6.535,0.01011889933
子图3,系列7,6.54,-0.002296036893
子图3,系列7,6.545,-0.01908330431
子图3,系列7,6.55,-0.03918777103
子图3,系列7,6.555,-0.06133098202
子图3,系列7,6.56,-0.08414298889
子图3,系列7,6.565,-0.106299106
子图3,系列7,6.57,-0.1266428519
子图3,系列7,6.575,-0.1442788119
子图3,系列7,6.58,-0.158623455
子图3,系列7,6.585,-0.169408498
子图3,系列7,6.59,-0.1766382589
子图3,系列7,6.595,-0.1805095793
子图3,系列7,6.6,-0.1813084015
子图3,系列7,6.605,-0.1793009248
子图3,系列7,6.61,-0.1746381871
子图3,系列7,6.615,-0.1672913006
子图3,系列7,6.62,-0.157030117
子图3,系列7,6.625,-0.1434517732
子图3,系列7,6.63,-0.1260578943
子图3,系列7,6.635,-0.1043715393
子图3,系列7,6.64,-0.07807808808
子图3,系列7,6.645,-0.04716944711
子图3,系列7,6.65,-0.01206868751
子图3,系列7,6.655,0.02628676168
子图3,系列7,6.66,0.0664212217
子图3,系列7,6.665,0.1063670776
子图3,系列7,6.67,0.1437834259
子图3,系列7,6.675,0.1761393281
子图3,系列7,6.68,0.2009446537
子图3,系列7,6.685,0.2160036939
子图3,系列7,6.69,0.2196619768
子图3,系列7,6.695,0.2110154346
子图3,系列7,6.7,0.1900540694
子图3,系列7,6.705,0.157718933
子图3,系列7,6.71,0.1158612618
子图3,系列7,6.715,0.06710437675
子图3,系列7,6.72,0.01462124501
子图3,系列7,6.725,-0.03814853841
子图3,系列7,6.73,-0.08781054921
子图3,系列7,6.735,-0.1313203245
子图3,系列7,6.74,-0.1662461371
子图3,系列7,6.745,-0.1909600427
子图3,系列7,6.75,-0.2047369033
子图3,系列7,6.755,-0.2077529286
子图3,系列7,6.76,-0.2009882881
子图3,系列7,6.765,-0.1860502916
子图3,系列7,6.77,-0.1649432028
子图3,系列7,6.775,-0.1398164141
子图3,系列7,6.78,-0.1127238674
子图3,系列7,6.785,-0.08542432271
子图3,系列7,6.79,-0.05924470295
子图3,系列7,6.795,-0.03501894185
子图3,系列7,6.8,-0.0131034057
子图3,系列7,6.805,0.006540522706
子图3,系列7,6.81,0.02421509781
子图3,系列7,6.815,0.04032994476
子图3,系列7,6.82,0.05524685874
子图3,系列7,6.825,0.06914961578
子图3,系列7,6.83,0.08195770594
子图3,系列7,6.835,0.09329522793
子图3,系列7,6.84,0.1025175007
子图3,系列7,6.845,0.1087893048
子图3,系列7,6.85,0.1112013644
子图3,系列7,6.855,0.1089067007
子图3,系列7,6.86,0.1012562329
子图3,系列7,6.865,0.08791386272
子图3,系列7,6.87,0.06893464964
子图3,系列7,6.875,0.04479533319
子图3,系列7,6.88,0.01637310381
子图3,系列7,6.885,-0.01512432519
子图3,系列7,6.89,-0.04826805973
子图3,系列7,6.895,-0.0815424537
子图3,系列7,6.9,-0.1134875584
子图3,系列7,6.905,-0.1428317983
子图3,系列7,6.91,-0.1685989666
子图3,系列7,6.915,-0.1901771939
子图3,系列7,6.92,-0.2073429329
子图3,系列7,6.925,-0.2202388073
子图3,系列7,6.93,-0.229310347
子图3,系列7,6.935,-0.2352116585
子图3,系列7,6.94,-0.2386940307
子图3,系列7,6.945,-0.2404931415
子图3,系列7,6.95,-0.2412303786
子图3,系列7,6.955,-0.2413412085
子图3,系列7,6.96,-0.2410394529
子图3,系列7,6.965,-0.2403208021
子图3,系列7,6.97,-0.239003131
子图3,系列7,6.975,-0.2367956033
子图3,系列7,6.98,-0.2333842881
子图3,系列7,6.985,-0.2285194468
子图3,系列7,6.99,-0.2220893609
子图3,系列7,6.995,-0.214167566
子图3,系列7,7,-0.2050243603
子图3,系列7,7.005,-0.1950990532
子图3,系列7,7.01,-0.1849355102
子图3,系列7,7.015,-0.1750896644
子图3,系列7,7.02,-0.1660222232
子图3,系列7,7.025,-0.1579928987
子图3,系列7,7.03,-0.150972579
子图3,系列7,7.035,-0.1445881121
子图3,系列7,7.04,-0.1381095907
子图3,系列7,7.045,-0.1304845461
子图3,系列7,7.05,-0.1204163346
子图3,系列7,7.055,-0.1064782598
子图3,系列7,7.06,-0.08724948662
子图3,系列7,7.065,-0.06145649234
子图3,系列7,7.07,-0.02810286751
子图3,系列7,7.075,0.01342706381
子图3,系列7,7.08,0.06330172547
子图3,系列7,7.085,0.1212177686
子图3,系列7,7.09,0.1864171502
子图3,系列7,7.095,0.2577396078
子图3,系列7,7.1,0.3337010221
子图3,系列7,7.105,0.4125856567
子图3,系列7,7.11,0.4925409114
子图3,系列7,7.115,0.5716645724
子图3,系列7,7.12,0.6480782178
子图3,系列7,7.125,0.7199836054
子图3,系列7,7.13,0.7857027629
子图3,系列7,7.135,0.8437047295
子图3,系列7,7.14,0.892623591
子图3,系列7,7.145,0.9312723709
子图3,系列7,7.15,0.9586564228
子图3,系列7,7.155,0.9739883227
子图3,系列7,7.16,0.9767041339
子图3,系列7,7.165,0.9664795128
子图3,系列7,7.17,0.9432425237
子图3,系列7,7.175,0.9071801668
子图3,系列7,7.18,0.8587353172
子图3,系列7,7.185,0.7985925069
子图3,系列7,7.19,0.7276516079
子图3,系列7,7.195,0.6469909928
子图3,系列7,7.2,0.5578224572
子图3,系列7,7.205,0.461442514
子图3,系列7,7.21,0.3591846675
子图3,系列7,7.215,0.2523786144
子图3,系列7,7.22,0.1423210169
子图3,系列7,7.225,0.03026230822
子图3,系列7,7.23,-0.0825888529
子图3,系列7,7.235,-0.1950435596
子图3,系列7,7.24,-0.3058969856
子图3,系列7,7.245,-0.4138851567
子图3,系列7,7.25,-0.5176434607
子图3,系列7,7.255,-0.6156768719
子图3,系列7,7.26,-0.7063523535
子图3,系列7,7.265,-0.7879213857
子图3,系列7,7.27,-0.8585773971
子图3,系列7,7.275,-0.9165473839
子图3,系列7,7.28,-0.9602116904
子图3,系列7,7.285,-0.9882401859
子图3,系列7,7.29,-0.9997291455
子图3,系列7,7.295,-0.9943208864
子图3,系列7,7.3,-0.9722888591
子图3,系列7,7.305,-0.9345740926
子图3,系列7,7.31,-0.8827644284
子图3,系列7,7.315,-0.819015132
子图3,系列7,7.32,-0.7459168068
子图3,系列7,7.325,-0.6663235244
子图3,系列7,7.33,-0.5831588299
子图3,系列7,7.335,-0.4992201835
子图3,系列7,7.34,-0.4170018578
子图3,系列7,7.345,-0.3385539274
子图3,系列7,7.35,-0.265389723
子图3,系列7,7.355,-0.1984483922
子图3,系列7,7.36,-0.1381122585
子图3,系列7,7.365,-0.08427302559
子图3,系列7,7.37,-0.03643560533
子图3,系列7,7.375,0.006154451884
子图3,系列7,7.38,0.04437567225
子图3,系列7,7.385,0.07910237884
子图3,系列7,7.39,0.111096637
子图3,系列7,7.395,0.1409300313
子图3,系列7,7.4,0.1689414116
子图3,系列7,7.405,0.1952321868
子图3,系列7,7.41,0.21969721
子图3,系列7,7.415,0.2420853582
子图3,系列7,7.42,0.2620815079
子图3,系列7,7.425,0.2793991812
子图3,系列7,7.43,0.2938724135
子图3,系列7,7.435,0.3055348906
子图3,系列7,7.44,0.3146756052
子图3,系列7,7.445,0.3218619233
子图3,系列7,7.45,0.3279241711
子图3,系列7,7.455,0.3338995219
子图3,系列7,7.46,0.3409377503
子图3,系列7,7.465,0.3501761254
子图3,系列7,7.47,0.3625955645
子图3,系列7,7.475,0.3788738098
子图3,系列7,7.48,0.3992539145
子图3,系列7,7.485,0.423446455
子图3,系列7,7.49,0.4505820035
子图3,系列7,7.495,0.4792257506
子图3,系列7,7.5,0.5074597299
子图3,系列7,7.505,0.5330299117
子图3,系列7,7.51,0.5535470022
子图3,系列7,7.515,0.5667217949
子图3,系列7,7.52,0.5706098911
子图3,系列7,7.525,0.5638373211
子图3,系列7,7.53,0.5457788729
子图3,系列7,7.535,0.5166650115
子图3,系列7,7.54,0.4776007457
子图3,系列7,7.545,0.4304900817
子图3,系列7,7.55,0.3778711769
子图3,系列7,7.555,0.3226789322
子图3,系列7,7.56,0.267961256
子图3,系列7,7.565,0.2165820476
子图3,系列7,7.57,0.1709459468
子图3,系列7,7.575,0.1327779867
子图3,系列7,7.58,0.1029840585
子图3,系列7,7.585,0.08160828947
子图3,系列7,7.59,0.0678903337
子图3,系列7,7.595,0.06041321913
子图3,系列7,7.6,0.05732014323
子图3,系列7,7.605,0.05657060621
子图3,系列7,7.61,0.05620119082
子图3,系列7,7.615,0.0545571786
子图3,系列7,7.62,0.05046563999
子图3,系列7,7.625,0.04333003742
子图3,系列7,7.63,0.03313751165
子图3,系列7,7.635,0.02038294523
子图3,系列7,7.64,0.005925308594
子图3,系列7,7.645,-0.009198629453
子图3,系列7,7.65,-0.02397291358
子图3,系列7,7.655,-0.03758182016
子图3,系列7,7.66,-0.04954251345
子图3,系列7,7.665,-0.05977095519
子图3,系列7,7.67,-0.06857201885
子图3,系列7,7.675,-0.07655658394
子图3,系列7,7.68,-0.08450003906
子图3,系列7,7.685,-0.093165663
子图3,系列7,7.69,-0.1031219545
子图3,系列7,7.695,-0.1145838553
子图3,系列7,7.7,-0.1273041797
子图3,系列7,7.705,-0.1405338248
子图3,系列7,7.71,-0.1530588591
子图3,系列7,7.715,-0.1633109871
子图3,系列7,7.72,-0.1695369841
子图3,系列7,7.725,-0.1700041343
子图3,系列7,7.73,-0.1632137619
子图3,系列7,7.735,-0.14809416
子图3,系列7,7.74,-0.1241477111
子图3,系列7,7.745,-0.09153385458
子图3,系列7,7.75,-0.05107883284
子图3,系列7,7.755,-0.004213154054
子图3,系列7,7.76,0.04715294645
子图3,系列7,7.765,0.1007983945
子图3,系列7,7.77,0.1543825617
子图3,系列7,7.775,0.2056357903
子图3,系列7,7.78,0.2525283621
子图3,系列7,7.785,0.2934016259
子图3,系列7,7.79,0.3270517152
子图3,系列7,7.795,0.3527629587
子图3,系列7,7.8,0.3702948809
子图3,系列7,7.805,0.3798314549
子图3,系列7,7.81,0.3819046753
子图3,系列7,7.815,0.3773052434
子图3,系列7,7.82,0.3669923208
子图3,系列7,7.825,0.352011633
子图3,系列7,7.83,0.3334277989
子图3,系列7,7.835,0.3122731458
子图3,系列7,7.84,0.2895119312
子图3,系列7,7.845,0.2660167727
子图3,系列7,7.85,0.2425526489
子图3,系列7,7.855,0.2197641951
子图3,系列7,7.86,0.1981626425
子图3,系列7,7.865,0.1781108838
子图3,系列7,7.87,0.1598066683
子图3,系列7,7.875,0.1432662702
子图3,系列7,7.88,0.128311935
子图3,系列7,7.885,0.1145676179
子图3,系列7,7.89,0.1014671025
子图3,系列7,7.895,0.08827818154
子图3,系列7,7.9,0.07414481315
子图3,系列7,7.905,0.05814747895
子图3,系列7,7.91,0.03937949978
子图3,系列7,7.915,0.01703489912
子图3,系列7,7.92,-0.009498877412
子图3,系列7,7.925,-0.0405517241
子图3,系列7,7.93,-0.07609457914
子图3,系列7,7.935,-0.1156856308
子图3,系列7,7.94,-0.1584477032
子图3,系列7,7.945,-0.2030833436
子图3,系列7,7.95,-0.2479309977
子图3,系列7,7.955,-0.2910614619
子图3,系列7,7.96,-0.3304093339
子图3,系列7,7.965,-0.3639294836
子图3,系列7,7.97,-0.3897648837
子图3,系列7,7.975,-0.4064093622
子图3,系列7,7.98,-0.4128482984
子图3,系列7,7.985,-0.4086613729
子图3,系列7,7.99,-0.3940751204
子图3,系列7,7.995,-0.3699579857
子图3,系列7,8,-0.3377570881
子图3,系列7,8.005,-0.2993823818
子图3,系列7,8.01,-0.2570500505
子图3,系列7,8.015,-0.2131015403
子图3,系列7,8.02,-0.16981715
子图3,系列7,8.025,-0.1292432811
子图3,系列7,8.03,-0.09305002486
子图3,系列7,8.035,-0.0624316527
子图3,系列7,8.04,-0.03805670477
子图3,系列7,8.045,-0.02006850689
子图3,系列7,8.05,-0.008130935297
子图3,系列7,8.055,-0.001509957177
子图3,系列7,8.06,0.0008216824308
子图3,系列7,8.065,6.993235336e-05
子图3,系列7,8.07,-0.002492258209
子图3,系列7,8.075,-0.005623760262
子图3,系列7,8.08,-0.008194221551
子图3,系列7,8.085,-0.009240048373
子图3,系列7,8.09,-0.007997344755
子图3,系列7,8.095,-0.003914624363
子图3,系列7,8.1,0.003350636418
子图3,系列7,8.105,0.01394665786
子图3,系列7,8.11,0.02784901126
子图3,系列7,8.115,0.04488562814
子图3,系列7,8.12,0.06476309206
子图3,系列7,8.125,0.0870928224
子图3,系列7,8.13,0.1114167837
子图3,系列7,8.135,0.1372321646
子图3,系列7,8.14,0.1640144265
子图3,系列7,8.145,0.1912372188
子图3,系列7,8.15,0.2183872182
子图3,系列7,8.155,0.2449714262
子图3,系列7,8.16,0.27051483
子图3,系列7,8.165,0.2945472022
子图3,系列7,8.17,0.3165795433
子图3,系列7,8.175,0.3360728214
子图3,系列7,8.18,0.3524039137
子图3,系列7,8.185,0.364835645
子图3,系列7,8.19,0.3724987776
子图3,系列7,8.195,0.3743938301
子图3,系列7,8.2,0.3694187981
子图3,系列7,8.205,0.3564261541
子图3,系列7,8.21,0.3343080916
子图3,系列7,8.215,0.3021047148
子图3,系列7,8.22,0.2591249252
子图3,系列7,8.225,0.2050665893
子图3,系列7,8.23,0.1401200402
子图3,系列7,8.235,0.06503955549
子图3,系列7,8.24,-0.01883064157
子图3,系列7,8.245,-0.1095841369
子图3,系列7,8.25,-0.2048362762
子图3,系列7,8.255,-0.3018590035
子图3,系列7,8.26,-0.3977547037
子图3,系列7,8.265,-0.4896509261
子图3,系列7,8.27,-0.5748947942
子图3,系列7,8.275,-0.6512249241
子图3,系列7,8.28,-0.7169016096
子图3,系列7,8.285,-0.7707811306
子图3,系列7,8.29,-0.8123277839
子图3,系列7,8.295,-0.8415654429
子图3,系列7,8.3,-0.8589786019
子图3,系列7,8.305,-0.865379209
子图3,系列7,8.31,-0.8617593842
子图3,系列7,8.315,-0.8491509647
子图3,系列7,8.32,-0.8285102917
子图3,系列7,8.325,-0.8006420168
子图3,系列7,8.33,-0.7661688053
子图3,系列7,8.335,-0.7255470453
子图3,系列7,8.34,-0.6791216029
子图3,系列7,8.345,-0.6272079116
子图3,系列7,8.35,-0.5701860248
子图3,系列7,8.355,-0.5085908767
子图3,系列7,8.36,-0.4431837997
子图3,系列7,8.365,-0.3749939906
子图3,系列7,8.37,-0.3053225079
子图3,系列7,8.375,-0.2357069141
子图3,系列7,8.38,-0.1678491993
子图3,系列7,8.385,-0.103514588
子图3,系列7,8.39,-0.04441179195
子图3,系列7,8.395,0.007932087381
子图3,系列7,8.4,0.05228864211
子图3,系列7,8.405,0.08782422275
子图3,系列7,8.41,0.1141647137
子图3,系列7,8.415,0.1314216505
子图3,系列7,8.42,0.1401769306
子图3,系列7,8.425,0.1414273772
子图3,系列7,8.43,0.136495128
子图3,系列7,8.435,0.1269130157
子图3,系列7,8.44,0.1142970042
子图3,系列7,8.445,0.1002185269
子图3,系列7,8.45,0.0860895023
子图3,系列7,8.455,0.07307067562
子图3,系列7,8.46,0.06201109834
子图3,系列7,8.465,0.05342244238
子图3,系列7,8.47,0.0474877663
子图3,系列7,8.475,0.04410018377
子图3,系列7,8.48,0.04292368333
子图3,系列7,8.485,0.04346611601
子图3,系列7,8.49,0.04515369261
子图3,系列7,8.495,0.04739703635
子图3,系列7,8.5,0.04964099649
子图3,系列7,8.505,0.0513935372
子图3,系列7,8.51,0.05223279611
子图3,系列7,8.515,0.05179510224
子图3,系列7,8.52,0.04975002729
子图3,系列7,8.525,0.04577066512
子图3,系列7,8.53,0.03950823139
子图3,系列7,8.535,0.03057929716
子图3,系列7,8.54,0.01857188668
子图3,系列7,8.545,0.003073305261
子图3,系列7,8.55,-0.01628136538
子图3,系列7,8.555,-0.03974522264
子图3,系列7,8.56,-0.06738850884
子图3,系列7,8.565,-0.09903141139
子图3,系列7,8.57,-0.1341922548
子图3,系列7,8.575,-0.1720615038
子图3,系列7,8.58,-0.2115092898
子图3,系列7,8.585,-0.2511299589
子图3,系列7,8.59,-0.2893223217
子图3,系列7,8.595,-0.3243991996
子图3,系列7,8.6,-0.3547156377
子图3,系列7,8.605,-0.3788020478
子图3,系列7,8.61,-0.3954873895
子图3,系列7,8.615,-0.4039981642
子图3,系列7,8.62,-0.4040216784
子图3,系列7,8.625,-0.3957261449
子图3,系列7,8.63,-0.3797353273
子图3,系列7,8.635,-0.3570608108
子图3,系列7,8.64,-0.3289999037
子图3,系列7,8.645,-0.2970110998
子图3,系列7,8.65,-0.2625813111
子图3,系列7,8.655,-0.2270997696
子图3,系列7,8.66,-0.1917521431
子图3,系列7,8.665,-0.1574457783
子图3,系列7,8.67,-0.1247727353
子图3,系列7,8.675,-0.0940127815
子图3,系列7,8.68,-0.06517331818
子图3,系列7,8.685,-0.03805907026
子图3,系列7,8.69,-0.01236049497
子图3,系列7,8.695,0.01225189326
子图3,系列7,8.7,0.03604099246
子图3,系列7,8.705,0.05913645584
子图3,系列7,8.71,0.08149758854
子图3,系列7,8.715,0.1029109692
子图3,系列7,8.72,0.1230234605
子图3,系列7,8.725,0.1414058122
子图3,系列7,8.73,0.1576377541
子图3,系列7,8.735,0.1714016449
子图3,系列7,8.74,0.1825700452
子图3,系列7,8.745,0.1912724308
子图3,系列7,8.75,0.1979284718
子图3,系列7,8.755,0.2032392333
子图3,系列7,8.76,0.2081331308
子图3,系列7,8.765,0.2136697875
子图3,系列7,8.77,0.2209111424
子图3,系列7,8.775,0.2307746572
子图3,系列7,8.78,0.2438870573
子图3,系列7,8.785,0.2604585859
子图3,系列7,8.79,0.2801963775
子图3,系列7,8.795,0.3022718441
子图3,系列7,8.8,0.3253507965
子图3,系列7,8.805,0.3476875446
子图3,系列7,8.81,0.3672761062
子图3,系列7,8.815,0.382044098
子图3,系列7,8.82,0.3900689816
子图3,系列7,8.825,0.3897926458
子图3,系列7,8.83,0.3802098396
子图3,系列7,8.835,0.3610081601
子图3,系列7,8.84,0.3326427537
子图3,系列7,8.845,0.2963359403
子图3,系列7,8.85,0.2540007564
子图3,系列7,8.855,0.2080958155
子图3,系列7,8.86,0.1614266951
子图3,系列7,8.865,0.1169146726
子图3,系列7,8.87,0.07735670053
子图3,系列7,8.875,0.0452007733
子图3,系列7,8.88,0.02235786101
子图3,系列7,8.885,0.01006682287
子图3,系列7,8.89,0.008821467661
子图3,系列7,8.895,0.01836206484
子图3,系列7,8.9,0.03772589336
子图3,系列7,8.905,0.06534628126
子图3,系列7,8.91,0.09918509147
子图3,系列7,8.915,0.1368827867
子图3,系列7,8.92,0.1759105104
子图3,系列7,8.925,0.2137120453
子图3,系列7,8.93,0.2478273459
子图3,系列7,8.935,0.2759944697
子图3,系列7,8.94,0.2962309051
子图3,系列7,8.945,0.3068987465
子图3,系列7,8.95,0.3067596284
子图3,系列7,8.955,0.2950250236
子图3,系列7,8.96,0.2714052936
子图3,系列7,8.965,0.2361573673
子图3,系列7,8.97,0.1901267692
子图3,系列7,8.975,0.1347758793
子图3,系列7,8.98,0.07218758645
子图3,系列7,8.985,0.00503274756
子图3,系列7,8.99,-0.06350860205
子图3,系列7,8.995,-0.1298782814
子图3,系列7,9,-0.1903231647
子图3,系列7,9.005,-0.2411229845
子图3,系列7,9.01,-0.2788474538
子图3,系列7,9.015,-0.30062062
子图3,系列7,9.02,-0.3043657792
子图3,系列7,9.025,-0.2890028918
子图3,系列7,9.03,-0.254572906
子图3,系列7,9.035,-0.2022697711
子图3,系列7,9.04,-0.1343706778
子图3,系列7,9.045,-0.05406703709
子图3,系列7,9.05,0.03478870893
子图3,系列7,9.055,0.1279940121
子图3,系列7,9.06,0.2213302244
子图3,系列7,9.065,0.3108812612
子图3,系列7,9.07,0.3933001942
子图3,系列7,9.075,0.4659939245
子图3,系列7,9.08,0.527207622
子图3,系列7,9.085,0.5760047583
子图3,系列7,9.09,0.6121535658
子图3,系列7,9.095,0.6359439263
子图3,系列7,9.1,0.6479682037
子图3,系列7,9.105,0.6489037823
子图3,系列7,9.11,0.639333277
子图3,系列7,9.115,0.6196312357
子图3,系列7,9.12,0.5899341979
子图3,系列7,9.125,0.5501970688
子图3,系列7,9.13,0.5003239451
子图3,系列7,9.135,0.4403495475
子图3,系列7,9.14,0.3706384502
子图3,系列7,9.145,0.292066468
子图3,系列7,9.15,0.2061502562
子图3,系列7,9.155,0.1150990548
子图3,系列7,9.16,0.02177318841
子图3,系列7,9.165,-0.07045209839
子图3,系列7,9.17,-0.1579058506
子图3,系列7,9.175,-0.2368996407
子图3,系列7,9.18,-0.3040328592
子图3,系列7,9.185,-0.3564885114
子图3,系列7,9.19,-0.3922842574
子图3,系列7,9.195,-0.4104484375
子图3,系列7,9.2,-0.4111003893
子图3,系列7,9.205,-0.3954257859
子图3,系列7,9.21,-0.3655504823
子图3,系列7,9.215,-0.3243281692
子图3,系列7,9.22,-0.2750667241
子图3,系列7,9.225,-0.2212246268
子图3,系列7,9.23,-0.1661107794
子图3,系列7,9.235,-0.1126195392
子图3,系列7,9.24,-0.06302668269
子图3,系列7,9.245,-0.01886399184
子图3,系列7,9.25,0.01912040596
子图3,系列7,9.255,0.05091865938
子图3,系列7,9.26,0.07714899296
子图3,系列7,9.265,0.09888946785
子图3,系列7,9.27,0.1174825987
子图3,系列7,9.275,0.1343343676
子图3,系列7,9.28,0.1507290275
子图3,系列7,9.285,0.1676768045
子图3,系列7,9.29,0.1858057366
子图3,系列7,9.295,0.2053030607
子图3,系列7,9.3,0.2259057442
子图3,系列7,9.305,0.2469356068
子图3,系列7,9.31,0.2673712025
子图3,系列7,9.315,0.2859472963
子图3,系列7,9.32,0.301272147
子图3,系列7,9.325,0.3119533331
子图3,系列7,9.33,0.3167234874
子图3,系列7,9.335,0.3145581376
子图3,系列7,9.34,0.3047785121
子图3,系列7,9.345,0.2871326782
子图3,系列7,9.35,0.2618490627
子图3,系列7,9.355,0.2296571979
子图3,系列7,9.36,0.1917720538
子图3,系列7,9.365,0.1498403011
子图3,系列7,9.37,0.1058496484
子图3,系列7,9.375,0.06200555796
子图3,系列7,9.38,0.02058294914
子图3,系列7,9.385,-0.01623643781
子图3,系列7,9.39,-0.04652825446
子图3,系列7,9.395,-0.06877733959
子图3,系列7,9.4,-0.0820037121
子图3,系列7,9.405,-0.08585091369
子图3,系列7,9.41,-0.08062829054
子图3,系列7,9.415,-0.0673025264
子图3,系列7,9.42,-0.04743861106
子图3,系列7,9.425,-0.02309458521
子图3,系列7,9.43,0.003321354983
子图3,系列7,9.435,0.02922004503
子图3,系列7,9.44,0.05201341392
子图3,系列7,9.445,0.0692955466
子图3,系列7,9.45,0.07900933157
子图3,系列7,9.455,0.07958691145
子图3,系列7,9.46,0.07005448181
子图3,系列7,9.465,0.05009484441
子图3,系列7,9.47,0.02006430591
子图3,系列7,9.475,-0.01903628512
子图3,系列7,9.48,-0.06563339612
子图3,系列7,9.485,-0.1176897202
子图3,系列7,9.49,-0.1728418041
子图3,系列7,9.495,-0.228556081
子图3,系列7,9.5,-0.2822918105
子图3,系列7,9.505,-0.3316589169
子图3,系列7,9.51,-0.3745593622
子图3,系列7,9.515,-0.4093020081
子图3,系列7,9.52,-0.4346834667
子图3,系列7,9.525,-0.4500303411
子图3,系列7,9.53,-0.4552019757
子图3,系列7,9.535,-0.4505562709
子图3,系列7,9.54,-0.4368845517
子图3,系列7,9.545,-0.4153239311
子图3,系列7,9.55,-0.3872572019
子图3,系列7,9.555,-0.3542105835
子图3,系列7,9.56,-0.3177586473
子图3,系列7,9.565,-0.2794438255
子图3,系列7,9.57,-0.2407149294
子图3,系列7,9.575,-0.2028861914
子图3,系列7,9.58,-0.1671150905
子图3,系列7,9.585,-0.1343951032
子图3,系列7,9.59,-0.10555775
子图3,系列7,9.595,-0.0812782177
子图3,系列7,9.6,-0.06207929275
子图3,系列7,9.605,-0.04833021907
子图3,系列7,9.61,-0.0402391286
子图3,系列7,9.615,-0.03784027211
子图3,系列7,9.62,-0.04097932721
子图3,系列7,9.625,-0.04930166956
子图3,系列7,9.63,-0.06224901605
子图3,系列7,9.635,-0.07906938377
子图3,系列7,9.64,-0.09884369316
子图3,系列7,9.645,-0.1205299418
子图3,系列7,9.65,-0.143022877
子图3,系列7,9.655,-0.1652241926
子图3,系列7,9.66,-0.186115719
子图3,系列7,9.665,-0.204826705
子图3,系列7,9.67,-0.2206860338
子图3,系列7,9.675,-0.2332517526
子图3,系列7,9.68,-0.2423129426
子图3,系列7,9.685,-0.2478630296
子图3,系列7,9.69,-0.2500478467
子图3,系列7,9.695,-0.249096182
子图3,系列7,9.7,-0.2452436174
子图3,系列7,9.705,-0.2386624438
子图3,系列7,9.71,-0.2294099703
子图3,系列7,9.715,-0.2174055173
子图3,系列7,9.72,-0.2024419838
子图3,系列7,9.725,-0.1842327461
子图3,系列7,9.73,-0.1624884804
子图3,系列7,9.735,-0.1370133447
子图3,系列7,9.74,-0.1078056548
子图3,系列7,9.745,-0.075146481
子图3,系列7,9.75,-0.03966001377
子图3,系列7,9.755,-0.002332920397
子图3,系列7,9.76,0.0355148161
子图3,系列7,9.765,0.07230811919
子图3,系列7,9.77,0.1063374774
子图3,系列7,9.775,0.1359087799
子图3,系列7,9.78,0.1595043685
子图3,系列7,9.785,0.1759350265
子图3,系列7,9.79,0.1844634446
子图3,系列7,9.795,0.1848831744
子图3,系列7,9.8,0.1775431602
子图3,系列7,9.805,0.1633151375
子图3,系列7,9.81,0.1435090464
子图3,系列7,9.815,0.1197482073
子图3,系列7,9.82,0.09382113832
子图3,系列7,9.825,0.06752902394
子图3,系列7,9.83,0.04254753981
子图3,系列7,9.835,0.02031834434
子图3,系列7,9.84,0.001980476722
子图3,系列7,9.845,-0.01165477348
子图3,系列7,9.85,-0.0200883728
子图3,系列7,9.855,-0.02308625874
子图3,系列7,9.86,-0.02061293
子图3,系列7,9.865,-0.01276065537
子图3,系列7,9.87,0.0003117798202
子图3,系列7,9.875,0.01841939876
子图3,系列7,9.88,0.04136373942
子图3,系列7,9.885,0.06891642485
子图3,系列7,9.89,0.1007776998
子图3,系列7,9.895,0.1365185814
子图3,系列7,9.9,0.1755184797
子图3,系列7,9.905,0.216911393
子图3,系列7,9.91,0.2595527423
子图3,系列7,9.915,0.3020162716
子图3,系列7,9.92,0.3426257932
子图3,系列7,9.925,0.3795218099
子图3,系列7,9.93,0.4107575095
子图3,系列7,9.935,0.4344148384
子图3,系列7,9.94,0.4487280985
子图3,系列7,9.945,0.452202148
子图3,系列7,9.95,0.4437129681
子图3,系列7,9.955,0.4225817006
子图3,系列7,9.96,0.3886170246
子图3,系列7,9.965,0.3421256882
子图3,系列7,9.97,0.2838950497
子图3,系列7,9.975,0.2151549011
子图3,系列7,9.98,0.1375272864
子图3,系列7,9.985,0.05297283676
子图3,系列7,9.99,-0.03625999612
子图3,系列7,9.995,-0.1276797989
子图3,系列7,10,-0.2185921938
子图3,系列7,10.005,-0.3061398123
子图3,系列7,10.01,-0.3873498164
子图3,系列7,10.015,-0.4591974881
子图3,系列7,10.02,-0.5186933074
子图3,系列7,10.025,-0.5629976666
子图3,系列7,10.03,-0.5895626138
子图3,系列7,10.035,-0.5962942228
子图3,系列7,10.04,-0.5817237584
子图3,系列7,10.045,-0.5451712431
子图3,系列7,10.05,-0.4868827197
子图3,系列7,10.055,-0.4081224322
子图3,系列7,10.06,-0.3112039178
子图3,系列7,10.065,-0.1994489865
子图3,系列7,10.07,-0.07707028184
子图3,系列7,10.075,0.05101920475
子图3,系列7,10.08,0.1794590053
子图3,系列7,10.085,0.3027390398
子图3,系列7,10.09,0.415520703
子图3,系列7,10.095,0.5129564344
子图3,系列7,10.1,0.5909833514
子图3,系列7,10.105,0.6465681228
子图3,系列7,10.11,0.6778848515
子图3,系列7,10.115,0.6844127801
子图3,系列7,10.12,0.6669475156
子图3,系列7,10.125,0.6275258397
子图3,系列7,10.13,0.5692708973
子图3,系列7,10.135,0.4961701402
子图3,系列7,10.14,0.4128029852
子图3,系列7,10.145,0.3240384628
子图3,系列7,10.15,0.2347244924
子图3,系列7,10.155,0.1493908022
子图3,系列7,10.16,0.0719854929
子图3,系列7,10.165,0.005662780289
子图3,系列7,10.17,-0.04736530528
子图3,系列7,10.175,-0.08590503162
子图3,系列7,10.18,-0.1097828246
子图3,系列7,10.185,-0.1197760557
子图3,系列7,10.19,-0.117481702
子图3,系列7,10.195,-0.105136019
子图3,系列7,10.2,-0.08540191964
子图3,系列7,10.205,-0.06114240301
子图3,系列7,10.21,-0.03519863031
子图3,系列7,10.215,-0.01018981561
子图3,系列7,10.22,0.01165076868
子图3,系列7,10.225,0.02859317659
子图3,系列7,10.23,0.03947570839
子图3,系列7,10.235,0.04371616563
子图3,系列7,10.24,0.04127286411
子图3,系列7,10.245,0.03256279841
子图3,系列7,10.25,0.0183475301
子图3,系列7,10.255,-0.0004003162279
子图3,系列7,10.26,-0.0226360792
子图3,系列7,10.265,-0.04737348455
子图3,系列7,10.27,-0.07379377412
子图3,系列7,10.275,-0.1013226877
子图3,系列7,10.28,-0.1296681118
子图3,系列7,10.285,-0.1588147589
子图3,系列7,10.29,-0.1889773132
子图3,系列7,10.295,-0.2205176006
子图3,系列7,10.3,-0.2538361182
子图3,系列7,10.305,-0.2892510786
子图3,系列7,10.31,-0.3268804604
子图3,系列7,10.315,-0.3665422756
子图3,系列7,10.32,-0.4076867545
子图3,系列7,10.325,-0.4493703
子图3,系列7,10.33,-0.4902761844
子图3,系列7,10.335,-0.5287811177
子图3,系列7,10.34,-0.563061006
子图3,系列7,10.345,-0.5912243666
子图3,系列7,10.35,-0.6114582462
子图3,系列7,10.355,-0.6221703135
子图3,系列7,10.36,-0.622111293
子图3,系列7,10.365,-0.6104651212
子图3,系列7,10.37,-0.5868983341
子图3,系列7,10.375,-0.5515660708
子图3,系列7,10.38,-0.5050772414
子图3,系列7,10.385,-0.4484268279
子图3,系列7,10.39,-0.3829063768
子图3,系列7,10.395,-0.3100060535
子图3,系列7,10.4,-0.2313208504
子图3,系列7,10.405,-0.148472046
子图3,系列7,10.41,-0.06305082444
子图3,系列7,10.415,0.02341282231
子图3,系列7,10.42,0.1094580565
子图3,系列7,10.425,0.1936835241
子图3,系列7,10.43,0.2747290984
子图3,系列7,10.435,0.3512586648
子图3,系列7,10.44,0.4219536885
子图3,系列7,10.445,0.4855244662
子图3,系列7,10.45,0.5407429771
子图3,系列7,10.455,0.586496422
子图3,系列7,10.46,0.6218566132
子图3,系列7,10.465,0.6461562826
子图3,系列7,10.47,0.6590612466
子图3,系列7,10.475,0.6606264228
子图3,系列7,10.48,0.6513250243
子图3,系列7,10.485,0.6320431219
子图3,系列7,10.49,0.6040360715
子图3,系列7,10.495,0.5688484178
子图3,系列7,10.5,0.5282037763
子图3,系列7,10.505,0.4838756825
子图3,系列7,10.51,0.4375530079
子图3,系列7,10.515,0.3907149358
子图3,系列7,10.52,0.3445292118
子图3,系列7,10.525,0.2997850722
子图3,系列7,10.53,0.2568676389
子图3,系列7,10.535,0.2157760471
子图3,系列7,10.54,0.1761818934
子图3,系列7,10.545,0.1375204468
子图3,系列7,10.55,0.09910292718
子图3,系列7,10.555,0.06023656646
子图3,系列7,10.56,0.02033815968
子图3,系列7,10.565,-0.02097147385
子图3,系列7,10.57,-0.06380258358
子图3,系列7,10.575,-0.1079673663
子图3,系列7,10.58,-0.1529889387
子图3,系列7,10.585,-0.1981457181
子图3,系列7,10.59,-0.2425447107
子图3,系列7,10.595,-0.2852134393
子图3,系列7,10.6,-0.3251983338
子图3,系列7,10.605,-0.361656409
子图3,系列7,10.61,-0.393928106
子图3,系列7,10.615,-0.4215814591
子图3,系列7,10.62,-0.4444215667
子图3,系列7,10.625,-0.4624640113
子图3,系列7,10.63,-0.4758758564
子图3,系列7,10.635,-0.4848927011
子图3,系列7,10.64,-0.4897239276
子图3,系列7,10.645,-0.4904607442
子图3,系列7,10.65,-0.4870017709
子图3,系列7,10.655,-0.4790094377
子图3,系列7,10.66,-0.4659065775
子图3,系列7,10.665,-0.4469176949
子图3,系列7,10.67,-0.4211531595
子图3,系列7,10.675,-0.387728766
子图3,系列7,10.68,-0.3459076557
子图3,系列7,10.685,-0.2952480744
子图3,系列7,10.69,-0.2357386139
子图3,系列7,10.695,-0.1679034063
子图3,系列7,10.7,-0.09286248234
子图3,系列7,10.705,-0.0123374312
子图3,系列7,10.71,0.07140163408
子图3,系列7,10.715,0.1556451033
子图3,系列7,10.72,0.2374001884
子图3,系列7,10.725,0.3135804874
子图3,系列7,10.73,0.3812115292
子图3,系列7,10.735,0.4376333054
子图3,系列7,10.74,0.4806817293
子图3,系列7,10.745,0.5088332103
子图3,系列7,10.75,0.5213008885
子图3,系列7,10.755,0.5180757865
子图3,系列7,10.76,0.4999117039
子图3,系列7,10.765,0.4682574808
子图3,系列7,10.77,0.4251446564
子图3,系列7,10.775,0.3730415462
子图3,系列7,10.78,0.3146866108
子图3,系列7,10.785,0.2529145626
子图3,系列7,10.79,0.1904879422
子图3,系列7,10.795,0.1299455594
子图3,系列7,10.8,0.07347677271
子图3,系列7,10.805,0.02282828044
子图3,系列7,10.81,-0.02075303711
子图3,系列7,10.815,-0.05654014831
子图3,系列7,10.82,-0.08431076875
子图3,系列7,10.825,-0.1043011737
子图3,系列7,10.83,-0.1171353232
子图3,系列7,10.835,-0.12373681
子图3,系列7,10.84,-0.1252321447
子图3,系列7,10.845,-0.1228536136
子图3,系列7,10.85,-0.1178492513
子图3,系列7,10.855,-0.1114057981
子图3,系列7,10.86,-0.1045884671
子图3,系列7,10.865,-0.09829902752
子图3,系列7,10.87,-0.09325141456
子图3,系列7,10.875,-0.08996234329
子图3,系列7,10.88,-0.08875313969
子图3,系列7,10.885,-0.08975877571
子图3,系列7,10.89,-0.09294045479
子图3,系列7,10.895,-0.09809928971
子图3,系列7,10.9,-0.1048900437
子图3,系列7,10.905,-0.1128354447
子图3,系列7,10.91,-0.1213427974
子图3,系列7,10.915,-0.1297252047
子图3,系列7,10.92,-0.1372296595
子图3,系列7,10.925,-0.1430733399
子图3,系列7,10.93,-0.1464880634
子图3,系列7,10.935,-0.1467709872
子图3,系列7,10.94,-0.1433378777
子图3,系列7,10.945,-0.135773776
子图3,系列7,10.95,-0.1238750295
子图3,系列7,10.955,-0.1076767333
子图3,系列7,10.96,-0.08746049561
子图3,系列7,10.965,-0.06373942546
子图3,系列7,10.97,-0.03721965519
子图3,系列7,10.975,-0.008740844082
子图3,系列7,10.98,0.02079911144
子图3,系列7,10.985,0.05052720619
子图3,系列7,10.99,0.07967680847
子图3,系列7,10.995,0.1076572737
子图3,系列7,11,0.1341023728
子图3,系列7,11.005,0.1588901795
子图3,系列7,11.01,0.1821303942
子图3,系列7,11.015,0.2041190166
子图3,系列7,11.02,0.2252646474
子图3,系列7,11.025,0.2459946767
子图3,系列7,11.03,0.2666528601
子图3,系列7,11.035,0.2874016342
子图3,系列7,11.04,0.3081428549
子图3,系列7,11.045,0.3284691227
子图3,系列7,11.05,0.3476548466
子图3,系列7,11.055,0.3646916888
子图3,系列7,11.06,0.3783678746
子图3,系列7,11.065,0.3873852361
子图3,系列7,11.07,0.3905028689
子图3,系列7,11.075,0.3866921322
子图3,系列7,11.08,0.375285314
子图3,系列7,11.085,0.3560997223
子图3,系列7,11.09,0.329520563
子图3,系列7,11.095,0.2965296626
子图3,系列7,11.1,0.2586723901
子图3,系列7,11.105,0.2179618665
子图3,系列7,11.11,0.1767264543
子图3,系列7,11.115,0.1374135404
子图3,系列7,11.12,0.1023680594
子图3,系列7,11.125,0.07360835892
子图3,系列7,11.13,0.05262323216
子图3,系列7,11.135,0.04021310549
子图3,系列7,11.14,0.03639428511
子图3,系列7,11.145,0.04037932335
子图3,系列7,11.15,0.05063840931
子图3,系列7,11.155,0.06503815322
子图3,系列7,11.16,0.08104516039
子图3,系列7,11.165,0.09597437486
子图3,系列7,11.17,0.1072563503
子图3,系列7,11.175,0.1126949655
子图3,系列7,11.18,0.110687293
子图3,系列7,11.185,0.1003811752
子图3,系列7,11.19,0.0817525132
子图3,系列7,11.195,0.05559334178
子图3,系列7,11.2,0.0234117339
子图3,系列7,11.205,-0.01274500754
子图3,系列7,11.21,-0.05052355733
子图3,系列7,11.215,-0.08752687755
子图3,系列7,11.22,-0.1215749798
子图3,系列7,11.225,-0.1509333295
子图3,系列7,11.23,-0.1744821958
子图3,系列7,11.235,-0.1918071548
子图3,系列7,11.24,-0.2032009333
子图3,系列7,11.245,-0.2095775232
子图3,系列7,11.25,-0.2123107353
子图3,系列7,11.255,-0.2130186478
子图3,系列7,11.26,-0.2133224265
子图3,系列7,11.265,-0.2146110323
子图3,系列7,11.27,-0.2178425373
子图3,系列7,11.275,-0.2234078073
子图3,系列7,11.28,-0.2310739646
子图3,系列7,11.285,-0.2400144668
子图3,系列7,11.29,-0.2489209757
子图3,系列7,11.295,-0.2561814627
子图3,系列7,11.3,-0.2601001164
子图3,系列7,11.305,-0.2591294507
子图3,系列7,11.31,-0.2520835799
子图3,系列7,11.315,-0.238304781
子图3,系列7,11.32,-0.2177620863
子图3,系列7,11.325,-0.1910703088
子图3,系列7,11.33,-0.1594287517
子图3,系列7,11.335,-0.124489675
子图3,系列7,11.34,-0.08817564339
子图3,系列7,11.345,-0.0524711004
子图3,系列7,11.35,-0.01921602344
子图3,系列7,11.355,0.01007182009
子图3,系列7,11.36,0.034324457
子图3,系列7,11.365,0.0529872012
子图3,系列7,11.37,0.06601349151
子图3,系列7,11.375,0.0737959847
子图3,系列7,11.38,0.07704749485
子图3,系列7,11.385,0.07665163158
子图3,系列7,11.39,0.07350661542
子图3,系列7,11.395,0.06838568725
子图3,系列7,11.4,0.06183454234
子图3,系列7,11.405,0.05412005452
子图3,系列7,11.41,0.04523680802
子图3,系列7,11.415,0.0349689907
子图3,系列7,11.42,0.02299695043
子图3,系列7,11.425,0.009030678757
子图3,系列7,11.43,-0.007051740238
子图3,系列7,11.435,-0.02508402356
子图3,系列7,11.44,-0.04453097192
子图3,系列7,11.445,-0.06446303524
子图3,系列7,11.45,-0.08359429718
子图3,系列7,11.455,-0.1003830593
子图3,系列7,11.46,-0.1131849864
子图3,系列7,11.465,-0.1204408632
子图3,系列7,11.47,-0.1208752942
子图3,系列7,11.475,-0.1136802089
子图3,系列7,11.48,-0.0986579866
子图3,系列7,11.485,-0.07630352268
子图3,系列7,11.49,-0.04781179337
子图3,系列7,11.495,-0.01500677227
子图3,系列7,11.5,0.01980266027
子图3,系列7,11.505,0.05402481292
子图3,系列7,11.51,0.08502300008
子图3,系列7,11.515,0.1103620874
子图3,系列7,11.52,0.1280357051
子图3,系列7,11.525,0.1366482829
子图3,系列7,11.53,0.1355316806
子图3,系列7,11.535,0.1247840754
子图3,系列7,11.54,0.1052281898
子图3,系列7,11.545,0.07829550266
子图3,系列7,11.55,0.04585164416
子图3,系列7,11.555,0.009984767294
子图3,系列7,11.56,-0.02721767193
子图3,系列7,11.565,-0.06387763081
子图3,系列7,11.57,-0.09849736976
子图3,系列7,11.575,-0.130074393
子图3,系列7,11.58,-0.1581498639
子图3,系列7,11.585,-0.1827881249
子图3,系列7,11.59,-0.2044935015
子图3,系列7,11.595,-0.224077712
子图3,系列7,11.6,-0.2424968079
子图3,系列7,11.605,-0.2606793799
子图3,系列7,11.61,-0.2793681511
子图3,系列7,11.615,-0.2989945291
子图3,系列7,11.62,-0.3196011336
子图3,系列7,11.625,-0.3408208757
子图3,系列7,11.63,-0.3619141182
子图3,系列7,11.635,-0.3818581907
子图3,系列7,11.64,-0.3994773486
子图3,系列7,11.645,-0.4135964229
子图3,系列7,11.65,-0.4231988236
子图3,系列7,11.655,-0.4275691279
子图3,系列7,11.66,-0.4264025119
子图3,系列7,11.665,-0.4198672588
子图3,系列7,11.67,-0.4086121608
子图3,系列7,11.675,-0.3937171119
子图3,系列7,11.68,-0.3765917472
子图3,系列7,11.685,-0.3588330818
子图3,系列7,11.69,-0.3420576868
子图3,系列7,11.695,-0.3277270569
子图3,系列7,11.7,-0.3169854078
子图3,系列7,11.705,-0.3105280667
子图3,系列7,11.71,-0.3085149225
子图3,系列7,11.715,-0.3105387808
子图3,系列7,11.72,-0.3156520328
子图3,系列7,11.725,-0.3224490629
子图3,系列7,11.73,-0.3291953355
子图3,系列7,11.735,-0.333989542
子图3,系列7,11.74,-0.3349413477
子图3,系列7,11.745,-0.3303463192
子图3,系列7,11.75,-0.3188399145
子图3,系列7,11.755,-0.2995156144
子图3,系列7,11.76,-0.2719962985
子图3,系列7,11.765,-0.236453934
子图3,系列7,11.77,-0.1935782093
子图3,系列7,11.775,-0.144500787
子图3,系列7,11.78,-0.09068605899
子图3,系列7,11.785,-0.0338027555
子图3,系列7,11.79,0.02440850642
子图3,系列7,11.795,0.08225701619
子图3,系列7,11.8,0.1382013956
子图3,系列7,11.805,0.1909184087
子图3,系列7,11.81,0.2393380166
子图3,系列7,11.815,0.2826458431
子图3,系列7,11.82,0.3202588238
子图3,系列7,11.825,0.3517824903
子图3,系列7,11.83,0.3769603092
子图3,系列7,11.835,0.3956251667
子图3,系列7,11.84,0.4076618374
子图3,系列7,11.845,0.4129863161
子图3,系列7,11.85,0.411544564
子图3,系列7,11.855,0.403329446
子图3,系列7,11.86,0.3884113814
子图3,系列7,11.865,0.3669758206
子图3,系列7,11.87,0.3393593776
子图3,系列7,11.875,0.3060767312
子图3,系列7,11.88,0.2678316845
子图3,系列7,11.885,0.2255084871
子图3,系列7,11.89,0.1801423632
子图3,系列7,11.895,0.132871691
子图3,系列7,11.9,0.08487675193
子图3,系列7,11.905,0.03731227876
子图3,系列7,11.91,-0.008758477196
子图3,系列7,11.915,-0.05242041697
子图3,系列7,11.92,-0.09294804405
子图3,系列7,11.925,-0.129827606
子图3,系列7,11.93,-0.1627587835
子图3,系列7,11.935,-0.1916370883
子图3,系列7,11.94,-0.2165205745
子图3,系列7,11.945,-0.2375857768
子图3,系列7,11.95,-0.2550786534
子图3,系列7,11.955,-0.2692661195
子图3,系列7,11.96,-0.2803930881
子图3,系列7,11.965,-0.2886487407
子图3,系列7,11.97,-0.2941443525
子图3,系列7,11.975,-0.2969036697
子图3,系列7,11.98,-0.2968655234
子图3,系列7,11.985,-0.2938974572
子图3,系列7,11.99,-0.2878182703
子图3,系列7,11.995,-0.2784269849
子图3,系列7,12,-0.265535293
子图3,系列7,12.005,-0.249000563
子图3,系列7,12.01,-0.2287564044
子图3,系列7,12.015,-0.2048382002
子图3,系列7,12.02,-0.1774013286
子图3,系列7,12.025,-0.1467305859
子图3,系列7,12.03,-0.1132399616
子图3,系列7,12.035,-0.07746292217
子图3,系列7,12.04,-0.04003404997
子图3,系列7,12.045,-0.00166375952
子图3,系列7,12.05,0.03689182004
子图3,系列7,12.055,0.07486327714
子图3,系列7,12.06,0.1115003169
子图3,系列7,12.065,0.1461018612
子图3,系列7,12.07,0.1780422033
子图3,系列7,12.075,0.2067919446
子图3,系列7,12.08,0.2319331924
子图3,系列7,12.085,0.2531688316
子图3,系列7,12.09,0.2703262435
子图3,系列7,12.095,0.283355922
子图3,系列7,12.1,0.2923256767
子图3,系列7,12.105,0.2974109568
子图3,系列7,12.11,0.2988818529
子图3,系列7,12.115,0.297087161
子图3,系列7,12.12,0.2924359123
子图3,系列7,12.125,0.2853767982
子图3,系列7,12.13,0.2763760661
子图3,系列7,12.135,0.2658947173
子图3,系列7,12.14,0.2543660386
子图3,系列7,12.145,0.2421748103
子图3,系列7,12.15,0.2296395574
子图3,系列7,12.155,0.2169993243
子图3,系列7,12.16,0.2044061054
子图3,系列7,12.165,0.1919238474
子图3,系列7,12.17,0.1795342182
子图3,系列7,12.175,0.1671489009
子图3,系列7,12.18,0.1546273151
子图3,系列7,12.185,0.1417983094
子图3,系列7,12.19,0.1284837243
子图3,系列7,12.195,0.1145217512
子图3,系列7,12.2,0.09978783021
子图3,系列7,12.205,0.08421136228
子图3,系列7,12.21,0.0677867928
子图3,系列7,12.215,0.05057852094
子图3,系列7,12.22,0.03271959701
子图3,系列7,12.225,0.0144050933
子图3,系列7,12.23,-0.004118594154
子图3,系列7,12.235,-0.02256667045
子图3,系列7,12.24,-0.04062932358
子图3,系列7,12.245,-0.05798377021
子图3,系列7,12.25,-0.07430376831
子图3,系列7,12.255,-0.08926587853
子图3,系列7,12.26,-0.1025526256
子图3,系列7,12.265,-0.1138533198
子图3,系列7,12.27,-0.1228639399
子图3,系列7,12.275,-0.1292877188
子图3,系列7,12.28,-0.1328380351
子图3,系列7,12.285,-0.1332448226
子图3,系列7,12.29,-0.1302649628
子图3,系列7,12.295,-0.1236963404
子图3,系列7,12.3,-0.1133942836
子图3,系列7,12.305,-0.09928855689
子图3,系列7,12.31,-0.08139858931
子图3,系列7,12.315,-0.05984482473
子图3,系列7,12.32,-0.03485441046
子图3,系列7,12.325,-0.006760380101
子图3,系列7,12.33,0.02400566562
子图3,系列7,12.335,0.05692628884
子图3,系列7,12.34,0.09141459845
子图3,系列7,12.345,0.1268320219
子图3,系列7,12.35,0.1625052793
子图3,系列7,12.355,0.197740767
子图3,系列7,12.36,0.2318353884
子图3,系列7,12.365,0.2640838554
子图3,系列7,12.37,0.2937835028
子图3,系列7,12.375,0.3202385106
子图3,系列7,12.38,0.3427658851
子图3,系列7,12.385,0.3607056219
子图3,系列7,12.39,0.3734369323
子图3,系列7,12.395,0.3804015595
子图3,系列7,12.4,0.3811338555
子图3,系列7,12.405,0.3752960001
子图3,系列7,12.41,0.3627152798
子图3,系列7,12.415,0.3434194688
子图3,系列7,12.42,0.3176656225
子图3,系列7,12.425,0.2859578263
子图3,系列7,12.43,0.2490498972
子图3,系列7,12.435,0.2079305148
子图3,系列7,12.44,0.1637896945
子图3,系列7,12.445,0.1179677205
子图3,系列7,12.45,0.07188933655
子图3,系列7,12.455,0.02698802471
子图3,系列7,12.46,-0.01537376282
子图3,系列7,12.465,-0.05398152464
子图3,系列7,12.47,-0.08783612764
子图3,系列7,12.475,-0.1162054604
子图3,系列7,12.48,-0.138655687
子图3,系列7,12.485,-0.1550591399
子图3,系列7,12.49,-0.1655784276
子图3,系列7,12.495,-0.1706285763
子图3,系列7,12.5,-0.1708214984
子图3,系列7,12.505,-0.166898815
子图3,系列7,12.51,-0.1596603389
子图3,系列7,12.515,-0.1498957705
子图3,系列7,12.52,-0.1383265478
子图3,系列7,12.525,-0.1255632839
子图3,系列7,12.53,-0.1120819932
子图3,系列7,12.535,-0.09821980945
子图3,系列7,12.54,-0.08418825727
子图3,系列7,12.545,-0.07010005726
子图3,系列7,12.55,-0.05600385458
子图3,系列7,12.555,-0.04192075151
子图3,系列7,12.56,-0.02787675879
子图3,系列7,12.565,-0.01392651863
子图3,系列7,12.57,-0.0001653644374
子图3,系列7,12.575,0.01327108032
子图3,系列7,12.58,0.02621851535
子图3,系列7,12.585,0.03850376447
子图3,系列7,12.59,0.04996855149
子图3,系列7,12.595,0.06049255154
子图3,系列7,12.6,0.07001128704
子图3,系列7,12.605,0.07852539426
子图3,系列7,12.61,0.08609928373
子图3,系列7,12.615,0.0928490021
子图3,系列7,12.62,0.09892094905
子图3,系列7,12.625,0.104464672
子图3,系列7,12.63,0.1096040823
子图3,系列7,12.635,0.1144118482
子图3,系列7,12.64,0.1188914071
子图3,系列7,12.645,0.1229699617
子图3,系列7,12.65,0.1265041622
子图3,系列7,12.655,0.1292981442
子图3,系列7,12.66,0.1311315048
子图3,系列7,12.665,0.1317930098
子图3,系列7,12.67,0.1311146324
子图3,系列7,12.675,0.1290001833
子图3,系列7,12.68,0.1254434063
子图3,系列7,12.685,0.1205319353
子图3,系列7,12.69,0.1144357515
子图3,系列7,12.695,0.107381364
子图3,系列7,12.7,0.0996154793
子图3,系列7,12.705,0.09136394801
子图3,系列7,12.71,0.08279289538
子图3,系列7,12.715,0.0739789841
子图3,系列7,12.72,0.06489449508
子图3,系列7,12.725,0.05541077672
子图3,系列7,12.73,0.04532051079
子图3,系列7,12.735,0.03437621322
子图3,系列7,12.74,0.02233924884
子图3,系列7,12.745,0.009031738299
子图3,系列7,12.75,-0.005617470319
子图3,系列7,12.755,-0.02154087157
子图3,系列7,12.76,-0.03852091515
子图3,系列7,12.765,-0.05620237136
子图3,系列7,12.77,-0.07412810448
子图3,系列7,12.775,-0.09179376616
子图3,系列7,12.78,-0.1087136234
子图3,系列7,12.785,-0.1244872042
子图3,系列7,12.79,-0.1388556797
子图3,系列7,12.795,-0.1517377091
子图3,系列7,12.8,-0.1632371322
子图3,系列7,12.805,-0.173618862
子图3,系列7,12.81,-0.1832542069
子图3,系列7,12.815,-0.1925418199
子图3,系列7,12.82,-0.2018148378
子图3,系列7,12.825,-0.2112477797
子图3,系列7,12.83,-0.220777924
子图3,系列7,12.835,-0.2300548973
子图3,系列7,12.84,-0.2384291048
子图3,系列7,12.845,-0.2449847955
子图3,系列7,12.85,-0.24861753
子图3,系列7,12.855,-0.248149509
子图3,系列7,12.86,-0.2424703564
子图3,系列7,12.865,-0.230686588
子图3,系列7,12.87,-0.2122605394
子图3,系列7,12.875,-0.1871197705
子图3,系列7,12.88,-0.1557205533
子图3,系列7,12.885,-0.1190542877
子图3,系列7,12.89,-0.07859232871
子图3,系列7,12.895,-0.03617265441
子图3,系列7,12.9,0.006160825541
子图3,系列7,12.905,0.04634880173
子图3,系列7,12.91,0.08251530976
子图3,系列7,12.915,0.1131510939
子图3,系列7,12.92,0.1372596365
子图3,系列7,12.925,0.1544478223
子图3,系列7,12.93,0.1649500901
子图3,系列7,12.935,0.16958275
子图3,系列7,12.94,0.1696339392
子图3,系列7,12.945,0.1667023494
子图3,系列7,12.95,0.1625041962
子图3,系列7,12.955,0.1586714583
子图3,系列7,12.96,0.1565652481
子图3,系列7,12.965,0.1571259141
子图3,系列7,12.97,0.1607766265
子图3,系列7,12.975,0.1673904135
子图3,系列7,12.98,0.1763227088
子图3,系列7,12.985,0.1865036364
子图3,系列7,12.99,0.1965772358
子图3,系列7,12.995,0.2050697193
子图3,系列7,13,0.2105659671
子图3,系列7,13.005,0.211873306
子图3,系列7,13.01,0.2081539146
子图3,系列7,13.015,0.1990117183
子图3,系列7,13.02,0.18452563
子图3,系列7,13.025,0.1652277386
子图3,系列7,13.03,0.1420316129
子图3,系列7,13.035,0.1161215664
子图3,系列7,13.04,0.08881774885
子图3,系列7,13.045,0.06143405595
子图3,系列7,13.05,0.03514570224
子图3,系列7,13.055,0.01088132289
子图3,系列7,13.06,-0.01074937641
子图3,系列7,13.065,-0.029486081
子图3,系列7,13.07,-0.04540557626
子图3,系列7,13.075,-0.05887077987
子图3,系列7,13.08,-0.07044976545
子图3,系列7,13.085,-0.08081638473
子图3,系列7,13.09,-0.09064596432
子图3,系列7,13.095,-0.1005192974
子图3,系列7,13.1,-0.1108467583
子图3,系列7,13.105,-0.1218211388
子图3,系列7,13.11,-0.1334040141
子图3,系列7,13.115,-0.1453457421
子图3,系列7,13.12,-0.1572349235
子图3,系列7,13.125,-0.1685691667
子图3,系列7,13.13,-0.1788364184
子图3,系列7,13.135,-0.1875947819
子图3,系列7,13.14,-0.1945392373
子图3,系列7,13.145,-0.1995456273
子图3,系列7,13.15,-0.2026856206
子图3,系列7,13.155,-0.2042105306
子图3,系列7,13.16,-0.2045063044
子图3,系列7,13.165,-0.2040261345
子图3,系列7,13.17,-0.2032103126
子图3,系列7,13.175,-0.2024048855
子图3,系列7,13.18,-0.2017909125
子图3,系列7,13.185,-0.2013349216
子图3,系列7,13.19,-0.2007683492
子图3,系列7,13.195,-0.1996001007
子图3,系列7,13.2,-0.197161895
子图3,系列7,13.205,-0.192681859
子图3,系列7,13.21,-0.1853778633
子图3,系列7,13.215,-0.1745594856
子图3,系列7,13.22,-0.1597259111
子图3,系列7,13.225,-0.1406474523
子图3,系列7,13.23,-0.1174199396
子图3,系列7,13.235,-0.09048458586
子图3,系列7,13.24,-0.06060987447
子图3,系列7,13.245,-0.02883689959
子图3,系列7,13.25,0.003606057502
子图3,系列7,13.255,0.03540981753
子图3,系列7,13.26,0.0652990872
子图3,系列7,13.265,0.09214205184
子图3,系列7,13.27,0.1150419575
子图3,系列7,13.275,0.1334000333
子图3,系列7,13.28,0.1469430497
子图3,系列7,13.285,0.1557133069
子图3,系列7,13.29,0.1600238874
子图3,系列7,13.295,0.1603863577
子图3,系列7,13.3,0.157421578
子图3,系列7,13.305,0.1517660832
子图3,系列7,13.31,0.1439866067
子图3,系列7,13.315,0.1345136909
子图3,系列7,13.32,0.1236022039
子图3,系列7,13.325,0.1113226257
子图3,系列7,13.33,0.09758252803
子图3,系列7,13.335,0.08217371201
子图3,系列7,13.34,0.06483715622
子图3,系列7,13.345,0.04533605454
子图3,系列7,13.35,0.0235265554
子图3,系列7,13.355,-0.0005832588113
子图3,系列7,13.36,-0.02679373049
子图3,系列7,13.365,-0.05469800422
子图3,系列7,13.37,-0.08369201362
子图3,系列7,13.375,-0.1130084263
子图3,系列7,13.38,-0.1417702418
子图3,系列7,13.385,-0.1690575975
子图3,系列7,13.39,-0.1939802124
子图3,系列7,13.395,-0.2157475402
子图3,系列7,13.4,-0.2337293387
子图3,系列7,13.405,-0.2475006467
子图3,系列7,13.41,-0.2568670797
子图3,系列7,13.415,-0.2618685859
子图3,系列7,13.42,-0.2627621306
子图3,系列7,13.425,-0.2599860109
子图3,系列7,13.43,-0.2541102671
子图3,系列7,13.435,-0.2457790084
子图3,系列7,13.44,-0.2356509437
子图3,系列7,13.445,-0.2243443792
子图3,系列7,13.45,-0.21239196
子图3,系列7,13.455,-0.2002091669
子图3,系列7,13.46,-0.188078653
子图3,系列7,13.465,-0.1761507395
子图3,系列7,13.47,-0.1644584692
子图3,系列7,13.475,-0.1529442814
子图3,系列7,13.48,-0.1414942933
子图3,系列7,13.485,-0.1299758517
子图3,系列7,13.49,-0.1182740536
子图3,系列7,13.495,-0.106323569
子图3,系列7,13.5,-0.09413288523
子图3,系列7,13.505,-0.08179915189
子图3,系列7,13.51,-0.0695127118
子图3,系列7,13.515,-0.05755134347
子图3,系列7,13.52,-0.04626485722
子图3,系列7,13.525,-0.03605131912
子图3,系列7,13.53,-0.02732651449
子图3,系列7,13.535,-0.02048874574
子图3,系列7,13.54,-0.01588132778
子图3,系列7,13.545,-0.01375562649
子图3,系列7,13.55,-0.01423770269
子图3,系列7,13.555,-0.017301926
子图3,系列7,13.56,-0.02275475569
子图3,系列7,13.565,-0.03023156852
子图3,系列7,13.57,-0.03920846051
子图3,系列7,13.575,-0.04902975632
子图3,系列7,13.58,-0.05895024381
子图3,系列7,13.585,-0.06818943483
子图3,系列7,13.59,-0.07599336217
子图3,系列7,13.595,-0.08169812431
子图3,系列7,13.6,-0.08478856692
子图3,系列7,13.605,-0.08494557983
子图3,系列7,13.61,-0.08207632027
子图3,系列7,13.615,-0.07632342802
子图3,系列7,13.62,-0.06805152958
子图3,系列7,13.625,-0.05781201763
子图3,系列7,13.63,-0.04628956452
子图3,系列7,13.635,-0.03423610085
子图3,系列7,13.64,-0.02239932706
子图3,系列7,13.645,-0.0114535437
子图3,系列7,13.65,-0.001940037248
子图3,系列7,13.655,0.005776828178
子图3,系列7,13.66,0.01153381262
子图3,系列7,13.665,0.01537147365
子图3,系列7,13.67,0.01751616439
子图3,系列7,13.675,0.01834429298
子图3,系列7,13.68,0.01833375265
子图3,系列7,13.685,0.01800841367
子图3,系列7,13.69,0.01788206403
子图3,系列7,13.695,0.01840769294
子图3,系列7,13.7,0.01993700857
子图3,系列7,13.705,0.02269347626
子图3,系列7,13.71,0.02676032695
子图3,系列7,13.715,0.03208313844
子图3,系列7,13.72,0.03848491277
子图3,系列7,13.725,0.04569041032
子图3,系列7,13.73,0.05335578993
子图3,系列7,13.735,0.06109962439
子图3,系列7,13.74,0.06853182603
子图3,系列7,13.745,0.0752780243
子图3,系列7,13.75,0.08099809564
子图3,系列7,13.755,0.08539878526
子图3,系列7,13.76,0.08824136773
子图3,系列7,13.765,0.08934594315
子图3,系列7,13.77,0.08859418399
子图3,系列7,13.775,0.08593206627
子图3,系列7,13.78,0.08137353543
子图3,系列7,13.785,0.07500519116
子图3,系列7,13.79,0.06699126027
子图3,系列7,13.795,0.05757741251
子图3,系列7,13.8,0.04709160349
子图3,系列7,13.805,0.03594012447
子图3,系列7,13.81,0.02459737982
子图3,系列7,13.815,0.01358862699
子图3,系列7,13.82,0.003465697323
子图3,系列7,13.825,-0.005223288673
子图3,系列7,13.83,-0.01196847102
子图3,系列7,13.835,-0.01633452984
子图3,系列7,13.84,-0.01799583388
子图3,系列7,13.845,-0.01676725433
子图3,系列7,13.85,-0.01262760214
子图3,系列7,13.855,-0.005732818974
子图3,系列7,13.86,0.003583312063
子图3,系列7,13.865,0.01482245491
子图3,系列7,13.87,0.02734943046
子图3,系列7,13.875,0.04043355067
子图3,系列7,13.88,0.05330137551
子图3,系列7,13.885,0.06519728481
子图3,系列7,13.89,0.07544702971
子图3,系列7,13.895,0.08351850455
子图3,系列7,13.9,0.08907364788
子图3,系列7,13.905,0.09200565448
子图3,系列7,13.91,0.09245674109
子图3,系列7,13.915,0.09081339652
子图3,系列7,13.92,0.08767829798
子图3,系列7,13.925,0.08382057436
子图3,系列7,13.93,0.0801085755
子图3,系列7,13.935,0.07743141824
子图3,系列7,13.94,0.0766170529
子图3,系列7,13.945,0.07835520152
子图3,系列7,13.95,0.08313320343
子图3,系列7,13.955,0.09119152201
子图3,系列7,13.96,0.1025036709
子图3,系列7,13.965,0.1167826825
子图3,系列7,13.97,0.1335134681
子图3,系列7,13.975,0.152007564
子图3,系列7,13.98,0.1714744132
子图3,系列7,13.985,0.1911014354
子图3,系列7,13.99,0.2101342117
子图3,系列7,13.995,0.227947938
子图3,系列7,14,0.2441022114
子图3,系列7,14.005,0.2583728901
子图3,系列7,14.01,0.2707572357
子图3,系列7,14.015,0.2814514821
子图3,系列7,14.02,0.2908030867
子图3,系列7,14.025,0.2992429635
子图3,系列7,14.03,0.3072054471
子图3,系列7,14.035,0.3150455651
子图3,系列7,14.04,0.322963784
子图3,系列7,14.045,0.3309480683
子图3,系列7,14.05,0.3387413014
子图3,系列7,14.055,0.3458396009
子图3,系列7,14.06,0.3515234265
子图3,系列7,14.065,0.3549197062
子图3,系列7,14.07,0.3550891996
子图3,系列7,14.075,0.3511302313
子图3,系列7,14.08,0.342287348
子图3,系列7,14.085,0.3280525866
子图3,系列7,14.09,0.3082471546
子图3,系列7,14.095,0.2830733655
子图3,系列7,14.1,0.2531295071
子图3,系列7,14.105,0.2193845964
子图3,系列7,14.11,0.1831142325
子图3,系列7,14.115,0.1458034766
子图3,系列7,14.12,0.1090263198
子图3,系列7,14.125,0.07431438485
子图3,系列7,14.13,0.04302867429
子图3,系列7,14.135,0.01624824965
子图3,系列7,14.14,-0.005312313485
子图3,系列7,14.145,-0.02134780886
子图3,系列7,14.15,-0.03196525506
子图3,系列7,14.155,-0.03764494808
子图3,系列7,14.16,-0.03916501678
子图3,系列7,14.165,-0.03749879448
子图3,系列7,14.17,-0.03369769565
子图3,系列7,14.175,-0.02877367773
子图3,系列7,14.18,-0.02359548035
子图3,系列7,14.185,-0.01881074766
子图3,系列7,14.19,-0.01480293778
子图3,系列7,14.195,-0.01168717041
子图3,系列7,14.2,-0.00934423623
子图3,系列7,14.205,-0.007486769595
子图3,系列7,14.21,-0.005747474265
子图3,系列7,14.215,-0.003776161435
子图3,系列7,14.22,-0.001331306815
子图3,系列7,14.225,0.001647597644
子图3,系列7,14.23,0.004997882264
子图3,系列7,14.235,0.00832871767
子图3,系列7,14.24,0.01105504025
子图3,系列7,14.245,0.01246679938
子图3,系列7,14.25,0.01182483217
子图3,系列7,14.255,0.008470895866
子图3,系列7,14.26,0.001937079063
子图3,系列7,14.265,-0.007960378193
子图3,系列7,14.27,-0.02105616386
子图3,系列7,14.275,-0.03680965435
子图3,系列7,14.28,-0.05432241184
子图3,系列7,14.285,-0.07239901976
子图3,系列7,14.29,-0.08964549059
子图3,系列7,14.295,-0.104594797
子图3,系列7,14.3,-0.1158456996
子图3,系列7,14.305,-0.1221993548
子图3,系列7,14.31,-0.1227783558
子图3,系列7,14.315,-0.1171148965
子图3,系列7,14.32,-0.1051982977
子图3,系列7,14.325,-0.08747689995
子图3,系列7,14.33,-0.06481453057
子图3,系列7,14.335,-0.03840703262
子图3,系列7,14.34,-0.009668731264
子图3,系列7,14.345,0.01989790765
子图3,系列7,14.35,0.04883468048
子图3,系列7,14.355,0.07584739319
子图3,系列7,14.36,0.09990034545
子图3,系列7,14.365,0.1202762424
子图3,系列7,14.37,0.136596877
子图3,系列7,14.375,0.1488047439
子图3,系列7,14.38,0.1571106176
子图3,系列7,14.385,0.1619159889
子图3,系列7,14.39,0.1637219517
子图3,系列7,14.395,0.163037155
子图3,系列7,14.4,0.1602967699
子图3,系列7,14.405,0.1558023101
子图3,系列7,14.41,0.1496887268
子图3,系列7,14.415,0.1419213308
子图3,系列7,14.42,0.1323208952
子图3,系列7,14.425,0.1206118413
子图3,系列7,14.43,0.10648558
子图3,系列7,14.435,0.08966976972
子图3,系列7,14.44,0.06999394963
子图3,系列7,14.445,0.0474432328
子图3,系列7,14.45,0.02219366382
子图3,系列7,14.455,-0.005374338543
子图3,系列7,14.46,-0.03468527063
子图3,系列7,14.465,-0.06499854046
子图3,系列7,14.47,-0.09545507791
子图3,系列7,14.475,-0.1251348564
子图3,系列7,14.48,-0.1531191118
子图3,系列7,14.485,-0.1785510439
子图3,系列7,14.49,-0.200689732
子图3,系列7,14.495,-0.2189531236
子图3,系列7,14.5,-0.2329475979
子图3,系列7,14.505,-0.2424829999
子图3,系列7,14.51,-0.2475735219
子图3,系列7,14.515,-0.2484257848
子图3,系列7,14.52,-0.2454162764
子图3,系列7,14.525,-0.2390606397
子图3,系列7,14.53,-0.2299774004
子图3,系列7,14.535,-0.2188485967
子图3,系列7,14.54,-0.2063794657
子图3,系列7,14.545,-0.1932590956
子图3,系列7,14.55,-0.1801235904
子图3,系列7,14.555,-0.167523201
子图3,系列7,14.56,-0.1558946325
子图3,系列7,14.565,-0.1455398296
子图3,系列7,14.57,-0.1366123369
子图3,系列7,14.575,-0.1291123976
子图3,系列7,14.58,-0.1228915446
子图3,系列7,14.585,-0.1176672039
子图3,系列7,14.59,-0.1130470248
子图3,系列7,14.595,-0.1085620411
子图3,系列7,14.6,-0.1037066662
子图3,系列7,14.605,-0.0979828115
子图3,系列7,14.61,-0.09094447806
子图3,系列7,14.615,-0.08223888903
子图3,系列7,14.62,-0.07164003999
子图3,系列7,14.625,-0.0590711595
子图3,系列7,14.63,-0.04461343707
子图3,系列7,14.635,-0.02849991038
子图3,系列7,14.64,-0.01109502342
子图3,系列7,14.645,0.007137772888
子图3,系列7,14.65,0.02567650891
子图3,系列7,14.655,0.0439842008
子图3,系列7,14.66,0.06154993752
子图3,系列7,14.665,0.07792235833
子图3,系列7,14.67,0.09273159139
子图3,系列7,14.675,0.1056974101
子图3,系列7,14.68,0.116623749
子图3,系列7,14.685,0.125381874
子图3,系列7,14.69,0.1318866525
子图3,系列7,14.695,0.1360715155
子图3,系列7,14.7,0.137868186
子图3,系列7,14.705,0.1371963775
子图3,系列7,14.71,0.1339669744
子图3,系列7,14.715,0.1280995805
子图3,系列7,14.72,0.1195524059
子图3,系列7,14.725,0.1083596668
子图3,系列7,14.73,0.09466948723
子图3,系列7,14.735,0.07877432593
子图3,系列7,14.74,0.06112620648
子图3,系列7,14.745,0.04233093138
子图3,系列7,14.75,0.02311835984
子图3,系列7,14.755,0.004289780682
子图3,系列7,14.76,-0.01335270974
子图3,系列7,14.765,-0.02908627348
子图3,系列7,14.77,-0.04234602143
子图3,系列7,14.775,-0.0527906243
子图3,系列7,14.78,-0.06034428063
子图3,系列7,14.785,-0.06520721294
子图3,系列7,14.79,-0.06783110196
子图3,系列7,14.795,-0.06886079887
子图3,系列7,14.8,-0.06904862941
子图3,系列7,14.805,-0.06915183843
子图3,系列7,14.81,-0.0698264631
子图3,系列7,14.815,-0.07153191654
子图3,系列7,14.82,-0.07445935959
子图3,系列7,14.825,-0.07849406488
子图3,系列7,14.83,-0.0832174208
子图3,系列7,14.835,-0.08794910727
子图3,系列7,14.84,-0.09182455081
子图3,系列7,14.845,-0.0938982505
子图3,系列7,14.85,-0.09326015803
子图3,系列7,14.855,-0.08915077398
子图3,系列7,14.86,-0.08106090354
子图3,系列7,14.865,-0.0688041588
子图3,系列7,14.87,-0.05255391289
子图3,系列7,14.875,-0.03284093668
子图3,系列7,14.88,-0.01051286195
子图3,系列7,14.885,0.01333888793
子图3,系列7,14.89,0.0374753867
子图3,系列7,14.895,0.06061812653
子图3,系列7,14.9,0.08155624326
子图3,系列7,14.905,0.09924154132
子图3,系列7,14.91,0.1128620656
子图3,系列7,14.915,0.1218881282
子图3,系列7,14.92,0.126088511
子图3,系列7,14.925,0.1255182192
子图3,系列7,14.93,0.1204824862
子图3,系列7,14.935,0.1114840064
子图3,系列7,14.94,0.09916164196
子图3,系列7,14.945,0.08422880069
子图3,系列7,14.95,0.06741855263
子图3,系列7,14.955,0.04944054965
子图3,系列7,14.96,0.03095221898
子图3,系列7,14.965,0.01254412219
子图3,系列7,14.97,-0.005263073207
子图3,系列7,14.975,-0.0220141307
子图3,系列7,14.98,-0.03731232736
子图3,系列7,14.985,-0.05081476729
子图3,系列7,14.99,-0.06223360991
子图3,系列7,14.995,-0.07134490685
子图3,系列7,15,-0.07800464334
子图3,系列7,15.005,-0.08216927587
子图3,系列7,15.01,-0.08391641066
子图3,系列7,15.015,-0.08346023471
子图3,系列7,15.02,-0.08115642087
子图3,系列7,15.025,-0.07749229961
子图3,系列7,15.03,-0.07306012806
子图3,系列7,15.035,-0.06851392768
子图3,系列7,15.04,-0.06451315171
子图3,系列7,15.045,-0.06165900512
子图3,系列7,15.05,-0.06043095416
子图3,系列7,15.055,-0.06113171977
子图3,系列7,15.06,-0.06384841379
子图3,系列7,15.065,-0.0684357903
子图3,系列7,15.07,-0.07452477548
子图3,系列7,15.075,-0.08155622664
子图3,系列7,15.08,-0.08883645462
子图3,系列7,15.085,-0.09560820283
子图3,系列7,15.09,-0.1011287057
子图3,系列7,15.095,-0.1047456279
子图3,系列7,15.1,-0.1059620589
子图3,系列7,15.105,-0.104483318
子图3,系列7,15.11,-0.1002407662
子图3,系列7,15.115,-0.09339080099
子图3,系列7,15.12,-0.08429024544
子图3,系列7,15.125,-0.07345209043
子图3,系列7,15.13,-0.06148760016
子图3,系列7,15.135,-0.04904204949
子图3,系列7,15.14,-0.03673159481
子图3,系列7,15.145,-0.02508824094
子图3,系列7,15.15,-0.01451843036
子图3,系列7,15.155,-0.005278991899
子图3,系列7,15.16,0.002528102457
子图3,系列7,15.165,0.008942816017
子图3,系列7,15.17,0.01411875493
子图3,系列7,15.175,0.01828379454
子图3,系列7,15.18,0.02169513274
子图3,系列7,15.185,0.02459459856
子图3,系列7,15.19,0.02716992614
子图3,系列7,15.195,0.02952671856
子图3,系列7,15.2,0.03167445277
子图3,系列7,15.205,0.03352795863
子图3,系列7,15.21,0.03492376592
子图3,系列7,15.215,0.03564868536
子图3,系列7,15.22,0.03547624582
子图3,系列7,15.225,0.03420548851
子图3,系列7,15.23,0.03169612555
子图3,系列7,15.235,0.02789458099
子图3,系列7,15.24,0.02284659693
子图3,系列7,15.245,0.01669415579
子图3,系列7,15.25,0.009656764395
子图3,系列7,15.255,0.001999746347
子图3,系列7,15.26,-0.006005708396
子图3,系列7,15.265,-0.01412435676
子图3,系列7,15.27,-0.02219366519
子图3,系列7,15.275,-0.03014901307
子图3,系列7,15.28,-0.03803238374
子图3,系列7,15.285,-0.04598191825
子图3,系列7,15.29,-0.05420258918
子图3,系列7,15.295,-0.06292120347
子图3,系列7,15.3,-0.07233152024
子图3,系列7,15.305,-0.08253712409
子图3,系列7,15.31,-0.09350044592
子图3,系列7,15.315,-0.1050059695
子图3,系列7,15.32,-0.1166440753
子图3,系列7,15.325,-0.1278195368
子图3,系列7,15.33,-0.137785522
子图3,系列7,15.335,-0.1457006925
子图3,系列7,15.34,-0.1507038454
子图3,系列7,15.345,-0.1519981491
子图3,系列7,15.35,-0.1489354727
子图3,系列7,15.355,-0.1410910392
子图3,系列7,15.36,-0.1283194578
子图3,系列7,15.365,-0.1107852647
子图3,系列7,15.37,-0.08896390029
子图3,系列7,15.375,-0.06361253728
子图3,系列7,15.38,-0.03571354905
子图3,系列7,15.385,-0.00639666656
子图3,系列7,15.39,0.0231518865
子图3,系列7,15.395,0.05178348381
子图3,系列7,15.4,0.07847464
子图3,系列7,15.405,0.1023990887
子图3,系列7,15.41,0.1229777182
子图3,系列7,15.415,0.1399022788
子图3,系列7,15.42,0.1531320558
子图3,系列7,15.425,0.1628655809
子图3,系列7,15.43,0.1694921752
子图3,系列7,15.435,0.1735298547
子图3,系列7,15.44,0.175557167
子图3,系列7,15.445,0.1761464852
子图3,系列7,15.45,0.1758054948
子图3,系列7,15.455,0.174932122
子图3,系列7,15.46,0.1737862461
子图3,系列7,15.465,0.1724795346
子图3,系列7,15.47,0.1709827209
子图3,系列7,15.475,0.169148042
子图3,系列7,15.48,0.166743175
子图3,系列7,15.485,0.1634923074
子图3,系列7,15.49,0.1591195243
子图3,系列7,15.495,0.1533899358
子图3,系列7,15.5,0.1461443548
子图3,系列7,15.505,0.1373243036
子图3,系列7,15.51,0.12698509
子图3,系列7,15.515,0.1152960703
子图3,系列7,15.52,0.1025284107
子图3,系列7,15.525,0.08903205192
子图3,系列7,15.53,0.07520458872
子图3,系列7,15.535,0.0614557288
子图3,系列7,15.54,0.04817137726
子图3,系列7,15.545,0.03568151509
子图3,系列7,15.55,0.02423552705
子图3,系列7,15.555,0.01398783107
子图3,系列7,15.56,0.004995363658
子图3,系列7,15.565,-0.002772914326
子图3,系列7,15.57,-0.009415884513
子图3,系列7,15.575,-0.01507220979
子图3,系列7,15.58,-0.01988814476
子图3,系列7,15.585,-0.02398555668
子图3,系列7,15.59,-0.02743459372
子图3,系列7,15.595,-0.03023487076
子图3,系列7,15.6,-0.03230805958
子图3,系列7,15.605,-0.03350329924
子图3,系列7,15.61,-0.03361523403
子图3,系列7,15.615,-0.03241277796
子图3,系列7,15.62,-0.02967526354
子图3,系列7,15.625,-0.02523150795
子图3,系列7,15.63,-0.01899680418
子图3,系列7,15.635,-0.01100287473
子图3,系列7,15.64,-0.00141654297
子图3,系列7,15.645,0.009455912612
子图3,系列7,15.65,0.02118006775
子图3,系列7,15.655,0.03321983434
子图3,系列7,15.66,0.04497672186
子图3,系列7,15.665,0.0558379011
子图3,系列7,15.67,0.06522786978
子图3,系列7,15.675,0.07265798974
子图3,系列7,15.68,0.07776823031
子图3,系列7,15.685,0.08035631606
子图3,系列7,15.69,0.08039084975
子图3,系列7,15.695,0.07800692059
子图3,系列7,15.7,0.07348475983
子图3,系列7,15.705,0.067214141
子图3,系列7,15.71,0.05964892604
子图3,系列7,15.715,0.05125744231
子图3,系列7,15.72,0.04247480297
子图3,系列7,15.725,0.03366304547
子图3,系列7,15.73,0.02508380625
子图3,系列7,15.735,0.01688660544
子图3,系列7,15.74,0.009113612883
子图3,系列7,15.745,0.001719606088
子图3,系列7,15.75,-0.005396291739
子图3,系列7,15.755,-0.01235199501
子图3,系列7,15.76,-0.0192428113
子图3,系列7,15.765,-0.02610662206
子图3,系列7,15.77,-0.03289906697
子图3,系列7,15.775,-0.03948242567
子图3,系列7,15.78,-0.04563000758
子图3,系列7,15.785,-0.0510456758
子图3,系列7,15.79,-0.05539605626
子图3,系列7,15.795,-0.05835121969
子图3,系列7,15.8,-0.05962841921
子图3,系列7,15.805,-0.05903299786
子图3,系列7,15.81,-0.05649082902
子图3,系列7,15.815,-0.05206770206
子图3,系列7,15.82,-0.0459726265
子图3,系列7,15.825,-0.03854409574
子图3,系列7,15.83,-0.03022045761
子图3,系列7,15.835,-0.02149765079
子图3,系列7,15.84,-0.01287918638
子图3,系列7,15.845,-0.004824403137
子图3,系列7,15.85,0.00229866591
子图3,系列7,15.855,0.008249868579
子图3,系列7,15.86,0.01293822784
子图3,系列7,15.865,0.0164250246
子图3,系列7,15.87,0.01890797688
子图3,系列7,15.875,0.02068819173
子图3,系列7,15.88,0.02212377017
子图3,系列7,15.885,0.0235757484
子图3,系列7,15.89,0.02535313395
子图3,系列7,15.895,0.02766411661
子图3,系列7,15.9,0.03057987623
子图3,系列7,15.905,0.03401601873
子图3,系列7,15.91,0.03773449381
子图3,系列7,15.915,0.04136635881
子图3,系列7,15.92,0.04445304637
子图3,系列7,15.925,0.0465014233
子图3,系列7,15.93,0.0470460281
子图3,系列7,15.935,0.04571086647
子图3,系列7,15.94,0.04226305761
子图3,系列7,15.945,0.03665157134
子图3,系列7,15.95,0.02902611664
子图3,系列7,15.955,0.01973370015
子图3,系列7,15.96,0.009293166683
子图3,系列7,15.965,-0.001649277659
子图3,系列7,15.97,-0.01237825079
子图3,系列7,15.975,-0.02217425001
子图3,系列7,15.98,-0.03037806257
子图3,系列7,15.985,-0.03644735866
子图3,系列7,15.99,-0.03999946784
子图3,系列7,15.995,-0.04083625285
子图3,系列7,16,-0.03894928432
子图3,系列7,16.005,-0.03450595799
子图3,系列7,16.01,-0.02781940233
子图3,系列7,16.015,-0.01930680506
子图3,系列7,16.02,-0.009441873997
子图3,系列7,16.025,0.001292489614
子图3,系列7,16.03,0.0124456869
子图3,系列7,16.035,0.02363057078
子图3,系列7,16.04,0.03454141839
子图3,系列7,16.045,0.0449578196
子图3,系列7,16.05,0.05473558548
子图3,系列7,16.055,0.06378750081
子图3,系列7,16.06,0.07205804264
子图3,系列7,16.065,0.07949681625
子图3,系列7,16.07,0.08603540812
子图3,系列7,16.075,0.09157162296
子图3,系列7,16.08,0.09596378192
子图3,系列7,16.085,0.09903614862
子图3,系列7,16.09,0.1005947917
子图3,系列7,16.095,0.1004516356
子图3,系列7,16.1,0.0984531838
子图3,系列7,16.105,0.09450973002
子图3,系列7,16.11,0.08862071366
子图3,系列7,16.115,0.08089240582
子图3,系列7,16.12,0.07154506053
子图3,系列7,16.125,0.06090808238
子图3,系列7,16.13,0.04940326099
子图3,系列7,16.135,0.03751769701
子图3,系列7,16.14,0.02576929316
子图3,系列7,16.145,0.0146686425
子图3,系列7,16.15,0.00468149819
子图3,系列7,16.155,-0.003804085743
子图3,系列7,16.16,-0.01050256673
子图3,系列7,16.165,-0.01524533485
子图3,系列7,16.17,-0.01798378662
子图3,系列7,16.175,-0.01878146688
子图3,系列7,16.18,-0.01779702743
子图3,系列7,16.185,-0.01526072561
子图3,系列7,16.19,-0.01144780553
子图3,系列7,16.195,-0.006652206482
子图3,系列7,16.2,-0.001163703879
子图3,系列7,16.205,0.004749167166
子图3,系列7,16.21,0.01084909155
子图3,系列7,16.215,0.01693269524
子图3,系列7,16.22,0.02282697663
子图3,系列7,16.225,0.0283813216
子图3,系列7,16.23,0.03345757671
子图3,系列7,16.235,0.03792081607
子图3,系列7,16.24,0.04163318434
子图3,系列7,16.245,0.04445253712
子图3,系列7,16.25,0.04623665504
子图3,系列7,16.255,0.04685272988
子图3,系列7,16.26,0.04619076842
子图3,系列7,16.265,0.04417874891
子图3,系列7,16.27,0.04079687741
子图3,系列7,16.275,0.03608829887
子图3,系列7,16.28,0.03016402215
子图3,系列7,16.285,0.02320068731
子图3,系列7,16.29,0.01543083387
子图3,系列7,16.295,0.007126536454
子图3,系列7,16.3,-0.001421772942
子图3,系列7,16.305,-0.009928676361
子图3,系列7,16.31,-0.01813649792
子图3,系列7,16.315,-0.02583460804
子图3,系列7,16.32,-0.03287319168
子图3,系列7,16.325,-0.03917013496
子图3,系列7,16.33,-0.04471079546
子图3,系列7,16.335,-0.04954129942
子图3,系列7,16.34,-0.05375687409
子图3,系列7,16.345,-0.05748712172
子图3,系列7,16.35,-0.06088031583
子图3,系列7,16.355,-0.0640885383
子图3,系列7,16.36,-0.06725501799
子图3,系列7,16.365,-0.0705044013
子图3,系列7,16.37,-0.07393604125
子图3,系列7,16.375,-0.07761989148
子图3,系列7,16.38,-0.08159424015
子图3,系列7,16.385,-0.08586448932
子图3,系列7,16.39,-0.09040231524
子图3,系列7,16.395,-0.09514495166
子图3,系列7,16.4,-0.09999475063
子图3,系列7,16.405,-0.1048196537
子图3,系列7,16.41,-0.1094554776
子图3,系列7,16.415,-0.1137110343
子图3,系列7,16.42,-0.1173769018
子图3,系列7,16.425,-0.1202382284
子图3,系列7,16.43,-0.1220912924
子图3,系列7,16.435,-0.1227627881
子图3,系列7,16.44,-0.1221300919
子图3,系列7,16.445,-0.1201402151
子图3,系列7,16.45,-0.1168249145
子图3,系列7,16.455,-0.1123095503
子图3,系列7,16.46,-0.1068138028
子图3,系列7,16.465,-0.1006432048
子图3,系列7,16.47,-0.09417151391
子图3,系列7,16.475,-0.08781509595
子图3,系列7,16.48,-0.08200150455
子图3,系列7,16.485,-0.07713526023
子图3,系列7,16.49,-0.0735641895
子图3,系列7,16.495,-0.07154973968
子图3,系列7,16.5,-0.07124417203
子图3,系列7,16.505,-0.07267685243
子图3,系列7,16.51,-0.07575075214
子图3,系列7,16.515,-0.08024928515
子图3,系列7,16.52,-0.08585246611
子图3,系列7,16.525,-0.09216063109
子图3,系列7,16.53,-0.09872327646
子图3,系列7,16.535,-0.1050704087
子图3,系列7,16.54,-0.1107437346
子图3,系列7,16.545,-0.1153254141
子图3,系列7,16.55,-0.1184624774
子图3,系列7,16.555,-0.1198856666
子图3,系列7,16.56,-0.119421937
子图3,系列7,16.565,-0.1170004655
子图3,系列7,16.57,-0.1126523295
子图3,系列7,16.575,-0.1065044401
子图3,系列7,16.58,-0.09876843802
子图3,系列7,16.585,-0.08972554166
子图3,系列7,16.59,-0.07970836382
子图3,系列7,16.595,-0.06908095372
子图3,系列7,16.6,-0.05821829995
子图3,系列7,16.605,-0.04748670555
子图3,系列7,16.61,-0.03722630247
子图3,系列7,16.615,-0.02773695245
子图3,系列7,16.62,-0.01926840451
子图3,系列7,16.625,-0.01201528896
子图3,系列7,16.63,-0.006116945013
子图3,系列7,16.635,-0.001661635258
子图3,系列7,16.64,0.001305866111
子图3,系列7,16.645,0.002774648944
子图3,系列7,16.65,0.002757603166
子图3,系列7,16.655,0.001282472313
子图3,系列7,16.66,-0.00161462026
子图3,系列7,16.665,-0.005892254308
子图3,系列7,16.67,-0.01150304057
子图3,系列7,16.675,-0.01838944322
子图3,系列7,16.68,-0.02647692923
子图3,系列7,16.685,-0.03566571741
子图3,系列7,16.69,-0.04582266322
子图3,系列7,16.695,-0.05677482101
子图3,系列7,16.7,-0.06830601652
子图3,系列7,16.705,-0.08015734013
子图3,系列7,16.71,-0.09203193713
子图3,系列7,16.715,-0.1036039057
子图3,系列7,16.72,-0.1145305989
子图3,系列7,16.725,-0.12446728
子图3,系列7,16.73,-0.1330828694
子图3,系列7,16.735,-0.1400755622
子图3,系列7,16.74,-0.1451871982
子图3,系列7,16.745,-0.148215559
子图3,系列7,16.75,-0.1490239556
子图3,系列7,16.755,-0.147547754
子图3,系列7,16.76,-0.1437975451
子图3,系列7,16.765,-0.1378588321
子图3,系列7,16.77,-0.1298880727
子图3,系列7,16.775,-0.120105093
子图3,系列7,16.78,-0.1087819716
子图3,系列7,16.785,-0.09622886342
子图3,系列7,16.79,-0.08277752127
子图3,系列7,16.795,-0.06876376435
子图3,系列7,16.8,-0.05451040545
子图3,系列7,16.805,-0.04031241117
子图3,系列7,16.81,-0.02642589039
子图3,系列7,16.815,-0.01306221395
子图3,系列7,16.82,-0.0003877706435
子图3,系列7,16.825,0.01147090536
子图3,系列7,16.83,0.02241797858
子图3,系列7,16.835,0.03237715216
子图3,系列7,16.84,0.04128118508
子图3,系列7,16.845,0.04906467989
子图3,系列7,16.85,0.05566242866
子图3,系列7,16.855,0.06101451921
子图3,系列7,16.86,0.06507824479
子图3,系列7,16.865,0.06784529297
子图3,系列7,16.87,0.06936147278
子图3,系列7,16.875,0.06974518222
子图3,系列7,16.88,0.06920051541
子图3,系列7,16.885,0.06802115974
子图3,系列7,16.89,0.06658229152
子图3,系列7,16.895,0.06531924413
子图3,系列7,16.9,0.06469368947
子图3,系列7,16.905,0.06515009182
子图3,系列7,16.91,0.06706695101
子图3,系列7,16.915,0.07070860239
子图3,系列7,16.92,0.07618379608
子图3,系列7,16.925,0.08341693476
子图3,系列7,16.93,0.0921366152
子图3,系列7,16.935,0.1018842571
子图3,系列7,16.94,0.1120432439
子图3,系列7,16.945,0.1218865518
子图3,系列7,16.95,0.1306385459
子图3,系列7,16.955,0.1375448382
子图3,系列7,16.96,0.141943009
子图3,系列7,16.965,0.1433267598
子图3,系列7,16.97,0.1413966847
子图3,系列7,16.975,0.1360922612
子图3,系列7,16.98,0.1276016574
子图3,系列7,16.985,0.1163483397
子图3,系列7,16.99,0.1029558953
子图3,系列7,16.995,0.08819478815
子图3,系列7,17,0.07291655035
子图3,系列7,17.005,0.0579821867
子图3,系列7,17.01,0.04419196454
子图3,系列7,17.015,0.03222354015
子图3,系列7,17.02,0.02258424434
子图3,系列7,17.025,0.01558179923
子图3,系列7,17.03,0.01131557679
子图3,系列7,17.035,0.009688345668
子图3,系列7,17.04,0.01043617034
子图3,系列7,17.045,0.01317232161
子图3,系列7,17.05,0.01743961292
子图3,系列7,17.055,0.02276494202
子图3,系列7,17.06,0.02870979082
子图3,系列7,17.065,0.03491123953
子图3,系列7,17.07,0.04110936033
子图3,系列7,17.075,0.0471586869
子图3,系列7,17.08,0.05302340192
子图3,系列7,17.085,0.05875787168
子图3,系列7,17.09,0.06447579663
子图3,系列7,17.095,0.07031251405
子图3,系列7,17.1,0.0763856094
子图3,系列7,17.105,0.08275907344
子图3,系列7,17.11,0.08941565229
子图3,系列7,17.115,0.09624101402
子图3,系列7,17.12,0.1030218781
子图3,系列7,17.125,0.1094586307
子图3,系列7,17.13,0.1151912113
子图3,系列7,17.135,0.1198355164
子图3,系列7,17.14,0.1230262543
子图3,系列7,17.145,0.1244613588
子图3,系列7,17.15,0.1239427167
子图3,系列7,17.155,0.1214082392
子图3,系列7,17.16,0.1169511049
子图3,系列7,17.165,0.1108233537
子图3,系列7,17.17,0.1034226845
子图3,系列7,17.175,0.09526323816
子图3,系列7,17.18,0.08693297143
子图3,系列7,17.185,0.07904189792
子图3,系列7,17.19,0.07216655492
子图3,系列7,17.195,0.06679666238
子图3,系列7,17.2,0.06328966296
子图3,系列7,17.205,0.06183805788
子图3,系列7,17.21,0.06245285207
子图3,系列7,17.215,0.06496466614
子图3,系列7,17.22,0.06904188692
子图3,系列7,17.225,0.07422343573
子图3,系列7,17.23,0.0799620247
子图3,系列7,17.235,0.08567290837
子图3,系列7,17.24,0.09078269137
子图3,系列7,17.245,0.09477324737
子图3,系列7,17.25,0.09721668961
子图3,系列7,17.255,0.09779884782
子图3,系列7,17.26,0.09633027598
子图3,系列7,17.265,0.09274548969
子图3,系列7,17.27,0.08709244789
子图3,系列7,17.275,0.07951527773
子图3,系列7,17.28,0.07023362314
子图3,系列7,17.285,0.05952191894
子图3,系列7,17.29,0.0476912475
子图3,系列7,17.295,0.03507553554
子图3,系列7,17.3,0.02202263742
子图3,系列7,17.305,0.008889783361
子图3,系列7,17.31,-0.003958196968
子图3,系列7,17.315,-0.01615000709
子图3,系列7,17.32,-0.0273108418
子图3,系列7,17.325,-0.03706926456
子图3,系列7,17.33,-0.04506952884
子图3,系列7,17.335,-0.0509896915
子图3,系列7,17.34,-0.05456473864
子图3,系列7,17.345,-0.05561257508
子图3,系列7,17.35,-0.05405977692
子图3,系列7,17.355,-0.04996326372
子图3,系列7,17.36,-0.04352400211
子图3,系列7,17.365,-0.03508929873
子图3,系列7,17.37,-0.02514136758
子图3,系列7,17.375,-0.01427140782
子图3,系列7,17.38,-0.003140286178
子图3,系列7,17.385,0.007571191542
子图3,系列7,17.39,0.01721781125
子图3,系列7,17.395,0.0252455046
子图3,系列7,17.4,0.03124071869
子图3,系列7,17.405,0.03496769926
子图3,系列7,17.41,0.0363889431
子图3,系列7,17.415,0.03566584844
子图3,系列7,17.42,0.03313888242
子图3,系列7,17.425,0.02928900392
子图3,系列7,17.43,0.02468439622
子图3,系列7,17.435,0.0199184067
子图3,系列7,17.44,0.01554574667
子图3,系列7,17.445,0.01202430255
子图3,系列7,17.45,0.009669276873
子图3,系列7,17.455,0.008624941166
子图3,系列7,17.46,0.008857125732
子图3,系列7,17.465,0.01016708559
子图3,系列7,17.47,0.01222471749
子图3,系列7,17.475,0.01461677605
子图3,系列7,17.48,0.01690383094
子图3,系列7,17.485,0.01867868563
子图3,系列7,17.49,0.01961875128
子图3,系列7,17.495,0.01952570004
子图3,系列7,17.5,0.01834731691
子图3,系列7,17.505,0.01617882206
子图3,系列7,17.51,0.01324361186
子图3,系列7,17.515,0.00985613778
子图3,系列7,17.52,0.006372076688
子图3,系列7,17.525,0.003132743386
子图3,系列7,17.53,0.00041160458
子图3,系列7,17.535,-0.001629411835
子图3,系列7,17.54,-0.002967308621
子图3,系列7,17.545,-0.003724766749
子图3,系列7,17.55,-0.004154687304
子图3,系列7,17.555,-0.004604089096
子图3,系列7,17.56,-0.0054618968
子图3,系列7,17.565,-0.007097614567
子图3,系列7,17.57,-0.009799423942
子图3,系列7,17.575,-0.01372064892
子图3,系列7,17.58,-0.01884268563
子图3,系列7,17.585,-0.02496047338
子图3,系列7,17.59,-0.03169364672
子图3,系列7,17.595,-0.03852301499
子图3,系列7,17.6,-0.04484848199
子图3,系列7,17.605,-0.05006139179
子图3,系列7,17.61,-0.05362208695
子图3,系列7,17.615,-0.05513244498
子图3,系列7,17.62,-0.05439358454
子图3,系列7,17.625,-0.05144066472
子图3,系列7,17.63,-0.04654963398
子图3,系列7,17.635,-0.04021441135
子图3,系列7,17.64,-0.03309690657
子图3,系列7,17.645,-0.02595588039
子图3,系列7,17.65,-0.01956346046
子图3,系列7,17.655,-0.01461975712
子图3,系列7,17.66,-0.01167621171
子图3,系列7,17.665,-0.01107711671
子图3,系列7,17.67,-0.0129262329
子图3,系列7,17.675,-0.01708211255
子图3,系列7,17.68,-0.02318191872
子图3,系列7,17.685,-0.03068992847
子图3,系列7,17.69,-0.03896384038
子图3,系列7,17.695,-0.04733002776
子图3,系列7,17.7,-0.05515810683
子图3,系列7,17.705,-0.0619257513
子图3,系列7,17.71,-0.06726641944
子图3,系列7,17.715,-0.07099525688
子图3,系列7,17.72,-0.07311154869
子图3,系列7,17.725,-0.07377919667
子图3,系列7,17.73,-0.07328944396
子图3,系列7,17.735,-0.07201204711
子图3,系列7,17.74,-0.07034211392
子图3,系列7,17.745,-0.06864982104
子图3,系列7,17.75,-0.06723919826
子图3,系列7,17.755,-0.06632045279
子图3,系列7,17.76,-0.0659980092
子图3,系列7,17.765,-0.06627414923
子图3,系列7,17.77,-0.06706590995
子图3,系列7,17.775,-0.06823133572
子图3,系列7,17.78,-0.06960017401
子图3,系列7,17.785,-0.07100403985
子图3,系列7,17.79,-0.07230165067
子图3,系列7,17.795,-0.07339602634
子图3,系列7,17.8,-0.07424214994
子图3,系列7,17.805,-0.07484533121
子图3,系列7,17.81,-0.07525204395
子图3,系列7,17.815,-0.07553610866
子图3,系列7,17.82,-0.07578359861
子图3,系列7,17.825,-0.07607968269
子图3,系列7,17.83,-0.07649987503
子图3,系列7,17.835,-0.07710696549
子图3,系列7,17.84,-0.07795352391
子图3,系列7,17.845,-0.07908855377
子图3,系列7,17.85,-0.08056587145
子图3,系列7,17.855,-0.08245131257
子图3,系列7,17.86,-0.08482597274
子图3,系列7,17.865,-0.08778342073
子图3,系列7,17.87,-0.09141996361
子图3,系列7,17.875,-0.09581849982
子图3,系列7,17.88,-0.1010278638
子图3,系列7,17.885,-0.1070407615
子图3,系列7,17.89,-0.1137739987
子图3,系列7,17.895,-0.1210548182
子图3,系列7,17.9,-0.1286164943
子图3,系列7,17.905,-0.1361052561
子图3,系列7,17.91,-0.1430989812
子图3,系列7,17.915,-0.1491364885
子图3,系列7,17.92,-0.1537545914
子图3,系列7,17.925,-0.1565289135
子图3,系列7,17.93,-0.1571137186
子图3,系列7,17.935,-0.1552760294
子图3,系列7,17.94,-0.1509198792
子图3,系列7,17.945,-0.1440977912
子图3,系列7,17.95,-0.1350081101
子图3,系列7,17.955,-0.1239786307
子图3,系列7,17.96,-0.1114385663
子图3,系列7,17.965,-0.09788233227
子图3,系列7,17.97,-0.08382937006
子图3,系列7,17.975,-0.06978459471
子图3,系列7,17.98,-0.05620353203
子图3,系列7,17.985,-0.04346545545
子图3,系列7,17.99,-0.03185636451
子图3,系列7,17.995,-0.02156238018
子图3,系列7,18,-0.01267254069
子图3,系列7,18.005,-0.005189067414
子图3,系列7,18.01,0.0009577202711
子图3,系列7,18.015,0.005892641665
子图3,系列7,18.02,0.009779704572
子图3,系列7,18.025,0.01280872171
子图3,系列7,18.03,0.01518541419
子图3,系列7,18.035,0.01712474728
子图3,系列7,18.04,0.0188464616
子图3,系列7,18.045,0.02057109675
子图3,系列7,18.05,0.02251472221
子图3,系列7,18.055,0.02488085126
子图3,系列7,18.06,0.02784874933
子图3,系列7,18.065,0.03155831544
子图3,系列7,18.07,0.03609276965
子图3,系列7,18.075,0.04146133022
子图3,系列7,18.08,0.04758465616
子图3,系列7,18.085,0.05428601868
子图3,系列7,18.09,0.06129077831
子图3,系列7,18.095,0.0682359181
子图3,系列7,18.1,0.07469014933
子图3,系列7,18.105,0.08018370399
子图3,系列7,18.11,0.08424556662
子图3,系列7,18.115,0.08644475752
子图3,系列7,18.12,0.08643161732
子图3,系列7,18.125,0.08397482868
子图3,系列7,18.13,0.07899032639
子图3,系列7,18.135,0.0715590265
子图3,系列7,18.14,0.06193151387
子图3,系列7,18.145,0.05051909688
子图3,系列7,18.15,0.03787196287
子图3,系列7,18.155,0.02464627005
子图3,系列7,18.16,0.01156287237
子图3,系列7,18.165,-0.0006390721416
子图3,系列7,18.17,-0.01125014217
子图3,系列7,18.175,-0.01963686525
子图3,系列7,18.18,-0.02528290346
子图3,系列7,18.185,-0.0278223689
子图3,系列7,18.19,-0.02706300463
子图3,系列7,18.195,-0.02299757232
子图3,系列7,18.2,-0.01580257739
子图3,系列7,18.205,-0.005824292091
子图3,系列7,18.21,0.006447035762
子图3,系列7,18.215,0.02041296053
子图3,系列7,18.22,0.03540993383
子图3,系列7,18.225,0.05075630791
子图3,系列7,18.23,0.06579945158
子图3,系列7,18.235,0.07995902084
子图3,系列7,18.24,0.09276278104
子图3,系列7,18.245,0.1038719619
子图3,系列7,18.25,0.1130941802
子图3,系列7,18.255,0.1203830945
子图3,系列7,18.26,0.1258253023
子图3,系列7,18.265,0.129616182
子图3,系列7,18.27,0.1320274563
子图3,系列7,18.275,0.1333700024
子图3,系列7,18.28,0.1339557888
子图3,系列7,18.285,0.134062828
子图3,系列7,18.29,0.1339065266
子图3,系列7,18.295,0.1336201064
子图3,系列7,18.3,0.1332456095
子图3,系列7,18.305,0.1327359114
子图3,系列7,18.31,0.1319668343
子图3,系列7,18.315,0.1307575096
子图3,系列7,18.32,0.1288962096
子图3,系列7,18.325,0.1261685375
子图3,系列7,18.33,0.1223847203
子图3,系列7,18.335,0.1174031949
子图3,系列7,18.34,0.1111482651
子图3,系列7,18.345,0.1036205716
子图3,系列7,18.35,0.09489998905
子图3,系列7,18.355,0.08514150981
子图3,系列7,18.36,0.07456528099
子图3,系列7,18.365,0.06344243452
子图3,系列7,18.37,0.05207839082
子图3,系列7,18.375,0.04079524384
子图3,系列7,18.38,0.02991442457
子图3,系列7,18.385,0.01974052209
子图3,系列7,18.39,0.01054666542
子图3,系列7,18.395,0.002561704437
子图3,系列7,18.4,-0.004040792441
子图3,系列7,18.405,-0.009151544571
子图3,系列7,18.41,-0.01273234761
子图3,系列7,18.415,-0.01482010123
子图3,系列7,18.42,-0.01552749874
子图3,系列7,18.425,-0.01503965416
子图3,系列7,18.43,-0.01360619858
子图3,系列7,18.435,-0.01152859975
子图3,系列7,18.44,-0.009143031511
子图3,系列7,18.445,-0.006799587146
子图3,系列7,18.45,-0.004839242768
子图3,系列7,18.455,-0.003570332788
子图3,系列7,18.46,-0.003246576857
子图3,系列7,18.465,-0.004048623773
子图3,系列7,18.47,-0.006070836398
子图3,系列7,18.475,-0.009314499723
子图3,系列7,18.48,-0.01368802433
子图3,系列7,18.485,-0.01901398005
子图3,系列7,18.49,-0.02504219579
子图3,系列7,18.495,-0.03146761111
子图3,系列7,18.5,-0.03795131072
子图3,系列7,18.505,-0.04414302596
子图3,系列7,18.51,-0.0497035309
子图3,系列7,18.515,-0.05432553402
子图3,系列7,18.52,-0.05775198181
子图3,系列7,18.525,-0.05979092605
子图3,系列7,18.53,-0.06032632408
子图3,系列7,18.535,-0.05932427468
子图3,系列7,18.54,-0.05683426004
子图3,系列7,18.545,-0.05298508696
子图3,系列7,18.55,-0.04797533908
子图3,系列7,18.555,-0.04205849592
子图3,系列7,18.56,-0.03552325881
子图3,系列7,18.565,-0.02867026245
子图3,系列7,18.57,-0.02178693071
子图3,系列7,18.575,-0.01512288051
子图3,系列7,18.58,-0.008868631987
子图3,系列7,18.585,-0.003140502698
子图3,系列7,18.59,0.002025804443
子图3,系列7,18.595,0.006671187932
子图3,系列7,18.6,0.01089819559
子图3,系列7,18.605,0.01484610877
子图3,系列7,18.61,0.01865859942
子图3,系列7,18.615,0.02244790057
子图3,系列7,18.62,0.02626038605
子图3,系列7,18.625,0.03004880309
子图3,系列7,18.63,0.03365596057
子图3,系列7,18.635,0.0368134975
子图3,系列7,18.64,0.03915750673
子图3,系列7,18.645,0.04026054889
子图3,系列7,18.65,0.03967724566
子图3,系列7,18.655,0.03699855362
子图3,系列7,18.66,0.03190831326
子图3,系列7,18.665,0.02423496787
子图3,系列7,18.67,0.01399160664
子图3,系列7,18.675,0.001398655975
子图3,系列7,18.68,-0.01311449662
子图3,系列7,18.685,-0.02893018732
子图3,系列7,18.69,-0.04528405935
子图3,系列7,18.695,-0.06132361256
子图3,系列7,18.7,-0.07617779682
子图3,系列7,18.705,-0.08903038482
子图3,系列7,18.71,-0.09918948934
子图3,系列7,18.715,-0.1061460019
子图3,系列7,18.72,-0.1096150919
子图3,系列7,18.725,-0.1095567702
子图3,系列7,18.73,-0.1061739052
子图3,系列7,18.735,-0.09988844721
子图3,系列7,18.74,-0.09129889207
子图3,系列7,18.745,-0.0811237976
子图3,系列7,18.75,-0.07013734375
子图3,系列7,18.755,-0.05910342182
子图3,系列7,18.76,-0.04871442951
子图3,系列7,18.765,-0.03954012893
子图3,系列7,18.77,-0.03199046433
子图3,系列7,18.775,-0.02629468178
子图3,系列7,18.78,-0.02249726789
子图3,系列7,18.785,-0.02046973379
子图3,系列7,18.79,-0.01993585145
子图3,系列7,18.795,-0.02050709714
子图3,系列7,18.8,-0.02172443363
子图3,系列7,18.805,-0.02310249
子图3,系列7,18.81,-0.02417232835
子图3,系列7,18.815,-0.02451950177
子图3,系列7,18.82,-0.02381471856
子图3,系列7,18.825,-0.02183524792
子图3,系列7,18.83,-0.01847601034
子图3,系列7,18.835,-0.01375019256
子图3,系列7,18.84,-0.007780012398
子图3,系列7,18.845,-0.0007790481015
子图3,系列7,18.85,0.006971888117
子图3,系列7,18.855,0.0151528532
子图3,系列7,18.86,0.02343420859
子图3,系列7,18.865,0.03150467542
子图3,系列7,18.87,0.03909560888
子图3,系列7,18.875,0.04599945805
子图3,系列7,18.88,0.05208106392
子图3,系列7,18.885,0.05728108188
子图3,系列7,18.89,0.06161162564
子图3,系列7,18.895,0.06514487329
子图3,系列7,18.9,0.06799603746
子图3,系列7,18.905,0.07030253461
子图3,系列7,18.91,0.0722015146
子图3,系列7,18.915,0.07380801563
子图3,系列7,18.92,0.07519593162
子图3,系列7,18.925,0.0763837327
子图3,系列7,18.93,0.07732642843
子图3,系列7,18.935,0.07791472782
子图3,系列7,18.94,0.07798165114
子图3,系列7,18.945,0.07731618031
子图3,系列7,18.95,0.07568280785
子图3,系列7,18.955,0.07284528551
子图3,系列7,18.96,0.06859238742
子图3,系列7,18.965,0.06276329545
子图3,系列7,18.97,0.05527016386
子图3,系列7,18.975,0.04611567648
子图3,系列7,18.98,0.03540379942
子图3,系列7,18.985,0.02334255918
子图3,系列7,18.99,0.01023831698
子图3,系列7,18.995,-0.003518228635
子图3,系列7,19,-0.01747344762
子图3,系列7,19.005,-0.031138068
子图3,系列7,19.01,-0.04401839675
子图3,系列7,19.015,-0.05564909964
子图3,系列7,19.02,-0.06562503935
子图3,系列7,19.025,-0.07362956883
子图3,系列7,19.03,-0.07945690983
子图3,系列7,19.035,-0.08302653155
子图3,系列7,19.04,-0.08438808396
子图3,系列7,19.045,-0.08371612847
子图3,系列7,19.05,-0.08129487753
子图3,系列7,19.055,-0.07749406952
子图3,系列7,19.06,-0.072738087
子图3,系列7,19.065,-0.06747115704
子图3,系列7,19.07,-0.06212198597
子图3,系列7,19.075,-0.05707127974
子图3,系列7,19.08,-0.05262529791
子图3,系列7,19.085,-0.04899790145
子图3,系列7,19.09,-0.0463025132
子图3,系列7,19.095,-0.04455425065
子图3,系列7,19.1,-0.04368123669
子图3,系列7,19.105,-0.04354309181
子图3,系列7,19.11,-0.04395380952
子图3,系列7,19.115,-0.04470592212
子图3,系列7,19.12,-0.04559290817
子图3,系列7,19.125,-0.04642733842
子图3,系列7,19.13,-0.04705304517
子图3,系列7,19.135,-0.04735063831
子图3,系列7,19.14,-0.04723671777
子图3,系列7,19.145,-0.04665806618
子图3,系列7,19.15,-0.04558277672
子图3,系列7,19.155,-0.04399060418
子图3,系列7,19.16,-0.04186479156
子图3,系列7,19.165,-0.03918721905
子图3,系列7,19.17,-0.03593803608
子图3,系列7,19.175,-0.03210005985
子图3,系列7,19.18,-0.02766729414
子图3,系列7,19.185,-0.02265608805
子图3,系列7,19.19,-0.0171168149
子图3,系列7,19.195,-0.01114366217
子图3,系列7,19.2,-0.004880162416
子图3,系列7,19.205,0.001481416264
子图3,系列7,19.21,0.007707952426
子图3,系列7,19.215,0.01354067112
子图3,系列7,19.22,0.01871663154
子图3,系列7,19.225,0.02299433348
子图3,系列7,19.23,0.02618051681
子图3,系列7,19.235,0.02815469094
子图3,系列7,19.24,0.028888045
子图3,系列7,19.245,0.02845382867
子图3,系列7,19.25,0.02702736636
子图3,系列7,19.255,0.02487508852
子图3,系列7,19.26,0.02233348178
子图3,系列7,19.265,0.01978014737
子图3,系列7,19.27,0.01760026455
子图3,系列7,19.275,0.01615230223
子图3,系列7,19.28,0.01573686857
子图3,系列7,19.285,0.01657204176
子图3,系列7,19.29,0.0187775263
子图3,系列7,19.295,0.02236870631
子图3,系列7,19.3,0.02726031046
子图3,系列7,19.305,0.03327823593
子图3,系列7,19.31,0.04017723788
子图3,系列7,19.315,0.04766182335
子图3,系列7,19.32,0.05540780284
子图3,系列7,19.325,0.0630824497
子图3,系列7,19.33,0.07036200807
子图3,系列7,19.335,0.07694608936
子图3,系列7,19.34,0.08256924002
子图3,系列7,19.345,0.08701035904
子图3,系列7,19.35,0.09010076829
子图3,系列7,19.355,0.09173145429
子图3,系列7,19.36,0.09185952995
子图3,系列7,19.365,0.09051335198
子图3,系列7,19.37,0.08779521902
子图3,系列7,19.375,0.08388029197
子图3,系列7,19.38,0.07901041729
子图3,系列7,19.385,0.07348198101
子图3,系列7,19.39,0.06762763043
子图3,系列7,19.395,0.06179268753
子图3,系列7,19.4,0.05630799706
子图3,系列7,19.405,0.05146183628
子图3,系列7,19.41,0.04747394813
子图3,系列7,19.415,0.04447491701
子图3,系列7,19.42,0.04249363083
子图3,系列7,19.425,0.0414548321
子图3,系列7,19.43,0.04118750822
子图3,系列7,19.435,0.04144362087
子图3,系列7,19.44,0.04192526141
子图3,系列7,19.445,0.04231727442
子图3,系列7,19.45,0.04232156295
子图3,系列7,19.455,0.04168908055
子图3,系列7,19.46,0.04024572508
子图3,系列7,19.465,0.03790916066
子图3,系列7,19.47,0.03469473682
子图3,系列7,19.475,0.03071011439
子图3,系列7,19.48,0.02613965067
子图3,系列7,19.485,0.02122090072
子图3,系列7,19.49,0.016216522
子图3,系列7,19.495,0.01138534038
子图3,系列7,19.5,0.006956239921
子图3,系列7,19.505,0.003107970646
子图3,系列7,19.51,-4.305974802e-05
子图3,系列7,19.515,-0.002446143877
子图3,系列7,19.52,-0.004111256189
子图3,系列7,19.525,-0.005097216707
子图3,系列7,19.53,-0.005495508531
子图3,系列7,19.535,-0.005412578482
子图3,系列7,19.54,-0.004953523678
子图3,系列7,19.545,-0.004209558645
子图3,系列7,19.55,-0.003250990849
子图3,系列7,19.555,-0.002126398233
子图3,系列7,19.56,-0.0008677593356
子图3,系列7,19.565,0.0004997174022
子图3,系列7,19.57,0.001945014921
子图3,系列7,19.575,0.003418432645
子图3,系列7,19.58,0.004840978214
子图3,系列7,19.585,0.006098380424
子图3,系列7,19.59,0.007041535268
子图3,系列7,19.595,0.007494359234
子图3,系列7,19.6,0.007269031393
子图3,系列7,19.605,0.006187479509
子图3,系列7,19.61,0.004106942446
子图3,系列7,19.615,0.0009465420875
子图3,系列7,19.62,-0.003288733278
子图3,系列7,19.625,-0.008490386111
子图3,系列7,19.63,-0.01443849039
子图3,系列7,19.635,-0.0208060273
子图3,系列7,19.64,-0.0271767063
子图3,系列7,19.645,-0.03307587054
子图3,系列7,19.65,-0.03801234538
子图3,系列7,19.655,-0.04152740705
子图3,系列7,19.66,-0.04324575084
子图3,系列7,19.665,-0.04292253853
子图3,系列7,19.67,-0.040480585
子图3,系列7,19.675,-0.03603244047
子图3,系列7,19.68,-0.02988364574
子图3,系列7,19.685,-0.02251548268
子图3,系列7,19.69,-0.0145480181
子图3,系列7,19.695,-0.006686681271
子图3,系列7,19.7,0.0003421737705
子图3,系列7,19.705,0.005859727274
子图3,系列7,19.71,0.009299445774
子图3,系列7,19.715,0.01026067351
子图3,系列7,19.72,0.008544847881
子图3,系列7,19.725,0.004170192874
子图3,系列7,19.73,-0.002636601555
子图3,系列7,19.735,-0.01147035667
子图3,系列7,19.74,-0.02179497094
子图3,系列7,19.745,-0.03300236435
子图3,系列7,19.75,-0.04447526415
子图3,系列7,19.755,-0.05564600579
子图3,系列7,19.76,-0.06604429725
子图3,系列7,19.765,-0.07532860829
子图3,系列7,19.77,-0.08329828664
子图3,系列7,19.775,-0.08988625835
子图3,系列7,19.78,-0.09513490725
子图3,系列7,19.785,-0.09915998065
子图3,系列7,19.79,-0.1021088726
子图3,系列7,19.795,-0.1041201451
子图3,系列7,19.8,-0.1052906137
子图3,系列7,19.805,-0.1056548842
子图3,系列7,19.81,-0.1051800433
子图3,系列7,19.815,-0.1037757595
子图3,系列7,19.82,-0.1013175468
子图3,系列7,19.825,-0.09767898612
子图3,系列7,19.83,-0.09276732515
子图3,系列7,19.835,-0.08655654164
子图3,系列7,19.84,-0.07911239645
子图3,系列7,19.845,-0.07060541002
子图3,系列7,19.85,-0.06130951121
子图3,系列7,19.855,-0.05158635963
子图3,系列7,19.86,-0.04185733404
子图3,系列7,19.865,-0.03256697793
子图3,系列7,19.87,-0.02414268641
子图3,系列7,19.875,-0.01695586874
子图3,系列7,19.88,-0.01128934367
子图3,系列7,19.885,-0.007314788337
子图3,系列7,19.89,-0.005082519495
子图3,系列7,19.895,-0.004524269279
子图3,系列7,19.9,-0.005467932987
子图3,系列7,19.905,-0.007661908342
子图3,系列7,19.91,-0.0108056684
子图3,系列7,19.915,-0.01458273903
子图3,系列7,19.92,-0.01869232247
子图3,系列7,19.925,-0.02287627679
子图3,系列7,19.93,-0.02693903191
子图3,系列7,19.935,-0.03075900453
子图3,系列7,19.94,-0.03429115908
子图3,系列7,19.945,-0.03756128309
子图3,系列7,19.95,-0.04065329849
子图3,系列7,19.955,-0.04369141389
子图3,系列7,19.96,-0.04681912181
子图3,系列7,19.965,-0.05017706982
子图3,系列7,19.97,-0.05388161522
子图3,系列7,19.975,-0.05800567923
子图3,系列7,19.98,-0.06256317041
子图3,系列7,19.985,-0.06749807506
子图3,系列7,19.99,-0.07267901374
子图3,系列7,19.995,-0.07789994412
子图3,系列7,20,-0.08288737697
子图3,系列7,20.005,-0.08731424436
子图3,系列7,20.01,-0.09082006513
子图3,系列7,20.015,-0.09303658706
子图3,系列7,20.02,-0.09361739988
子图3,系列7,20.025,-0.09226944117
子图3,系列7,20.03,-0.08878371984
子图3,系列7,20.035,-0.08306229438
子图3,系列7,20.04,-0.07513845918
子图3,系列7,20.045,-0.06518747409
子图3,系列7,20.05,-0.05352583955
子图3,系列7,20.055,-0.0405982151
子图3,系列7,20.06,-0.02695229211
子图3,系列7,20.065,-0.01320331775
子图3,系列7,20.07,8.873603541e-06
子图3,系列7,20.075,0.01206646528
子图3,系列7,20.08,0.02241958705
子图3,系列7,20.085,0.03062716041
子图3,系列7,20.09,0.03638879294
子图3,系列7,20.095,0.03956470862
子图3,系列7,20.1,0.04018199942
子图3,系列7,20.105,0.03842684531
子图3,系列7,20.11,0.03462379858
子图3,系列7,20.115,0.02920444677
子图3,系列7,20.12,0.02266874131
子图3,系列7,20.125,0.01554284464
子图3,系列7,20.13,0.008337505782
子图3,系列7,20.135,0.001510730154
子图3,系列7,20.14,-0.004562101958
子图3,系列7,20.145,-0.009608375971
子图3,系列7,20.15,-0.01346739549
子图3,系列7,20.155,-0.01608839249
子图3,系列7,20.16,-0.01751828913
子图3,系列7,20.165,-0.01788103382
子图3,系列7,20.17,-0.01735103025
子图3,系列7,20.175,-0.01612366863
子图3,系列7,20.18,-0.0143861195
子图3,系列7,20.185,-0.01229149263
子图3,系列7,20.19,-0.009939042532
子图3,系列7,20.195,-0.007362534393
子图3,系列7,20.2,-0.004528004287
子图3,系列7,20.205,-0.001341239762
子图3,系列7,20.21,0.002335788445
子图3,系列7,20.215,0.00666126065
子图3,系列7,20.22,0.01178527129
子图3,系列7,20.225,0.01782027493
子图3,系列7,20.23,0.0248138559
子图3,系列7,20.235,0.03272733584
子图3,系列7,20.24,0.04142329052
子图3,系列7,20.245,0.05066409589
子图3,系列7,20.25,0.06012243632
子图3,系列7,20.255,0.06940324476
子图3,系列7,20.26,0.07807512742
子图3,系列7,20.265,0.08570802533
子图3,系列7,20.27,0.09191295753
子图3,系列7,20.275,0.09637925777
子图3,系列7,20.28,0.09890487037
子图3,系列7,20.285,0.09941601069
子图3,系列7,20.29,0.09797371089
子图3,系列7,20.295,0.0947663619
子图3,系列7,20.3,0.09008903942
子图3,系列7,20.305,0.08431204538
子图3,系列7,20.31,0.07784236297
子图3,系列7,20.315,0.07108259436
子图3,系列7,20.32,0.06439215379
子图3,系列7,20.325,0.05805518713
子图3,系列7,20.33,0.05225874028
子图3,系列7,20.335,0.04708343819
子图3,系列7,20.34,0.04250731838
子图3,系列7,20.345,0.0384219135
子图3,系列7,20.35,0.03465815867
子图3,系列7,20.355,0.03101862165
子图3,系列7,20.36,0.0273117993
子图3,系列7,20.365,0.02338411442
子图3,系列7,20.37,0.01914553455
子图3,系列7,20.375,0.01458563691
子图3,系列7,20.38,0.009778082242
子图3,系列7,20.385,0.004872979567
子图3,系列7,20.39,7.805905662e-05
子图3,系列7,20.395,-0.0043689512
子图3,系列7,20.4,-0.008233299854
子图3,系列7,20.405,-0.01131730374
子图3,系列7,20.41,-0.0134911797
子图3,系列7,20.415,-0.01471649465
子图3,系列7,20.42,-0.01505899397
子图3,系列7,20.425,-0.01468875204
子图3,系列7,20.43,-0.0138671317
子图3,系列7,20.435,-0.01292159981
子图3,系列7,20.44,-0.01221096022
子图3,系列7,20.445,-0.01208476393
子图3,系列7,20.45,-0.01284144994
子图3,系列7,20.455,-0.01469003466
子图3,系列7,20.46,-0.01771987763
子图3,系列7,20.465,-0.02188224239
子图3,系列7,20.47,-0.0269861271
子图3,系列7,20.475,-0.03270930273
子图3,系列7,20.48,-0.03862384765
子图3,系列7,20.485,-0.04423386024
子图3,系列7,20.49,-0.04902169212
子图3,系列7,20.495,-0.052498044
子图3,系列7,20.5,-0.05425081382
子图3,系列7,20.505,-0.05398761049
子图3,系列7,20.51,-0.05156749105
子图3,系列7,20.515,-0.04701852207
子图3,系列7,20.52,-0.04053926571
子图3,系列7,20.525,-0.03248392222
子图3,系列7,20.53,-0.02333260594
子图3,系列7,20.535,-0.01364975732
子图3,系列7,20.54,-0.004034945655
子图3,系列7,20.545,0.004928931623
子图3,系列7,20.55,0.01272483536
子图3,系列7,20.555,0.01894329735
子图3,系列7,20.56,0.02331272091
子图3,系列7,20.565,0.02571562597
子图3,系列7,20.57,0.02618982659
子图3,系列7,20.575,0.02491514801
子图3,系列7,20.58,0.02218788565
子图3,系列7,20.585,0.01838639385
子图3,系列7,20.59,0.01393204187
子图3,系列7,20.595,0.009249993739
子图3,系列7,20.6,0.004734043508
子图3,系列7,20.605,0.0007189379997
子图3,系列7,20.61,-0.002537486429
子图3,系列7,20.615,-0.004861411619
子图3,系列7,20.62,-0.006159840098
子图3,系列7,20.625,-0.006408831463
子图3,系列7,20.63,-0.005635900893
子图3,系列7,20.635,-0.003899901435
子图3,系列7,20.64,-0.001271833334
子图3,系列7,20.645,0.002180332599
子图3,系列7,20.65,0.006400519929
子图3,系列7,20.655,0.01134590852
子图3,系列7,20.66,0.01698089634
子图3,系列7,20.665,0.02326503204
子图3,系列7,20.67,0.03013738794
子图3,系列7,20.675,0.03750054456
子图3,系列7,20.68,0.04520760224
子图3,系列7,20.685,0.05305529274
子图3,系列7,20.69,0.06078543923
子图3,系列7,20.695,0.06809574038
子图3,系列7,20.7,0.07465940198
子图3,系列7,20.705,0.0801516589
子图3,系列7,20.71,0.08428004044
子图3,系列7,20.715,0.08681446019
子图3,系列7,20.72,0.08761306362
子图3,系列7,20.725,0.08664021349
子图3,系列7,20.73,0.08397401852
子图3,系列7,20.735,0.07980222405
子图3,系列7,20.74,0.07440685799
子图3,系列7,20.745,0.06813955103
子图3,系列7,20.75,0.06139060585
子图3,系列7,20.755,0.05455564236
子图3,系列7,20.76,0.04800370803
子图3,系列7,20.765,0.04205037656
子图3,系列7,20.77,0.03693836326
子图3,系列7,20.775,0.0328270773
子图3,系列7,20.78,0.02979115044
子图3,系列7,20.785,0.02782691532
子图3,系列7,20.79,0.02686485569
子图3,系列7,20.795,0.02678566544
子图3,系列7,20.8,0.02743745945
子图3,系列7,20.805,0.02865207765
子图3,系列7,20.81,0.03025901401
子图3,系列7,20.815,0.03209626654
子图3,系列7,20.82,0.03401811681
子图3,系列7,20.825,0.03590039379
子图3,系列7,20.83,0.03764408774
子图3,系列7,20.835,0.03917817073
子图3,系列7,20.84,0.04046224338
子图3,系列7,20.845,0.04148916986
子图3,系列7,20.85,0.04228736394
子图3,系列7,20.855,0.04292192453
子图3,系列7,20.86,0.04349354181
子图3,系列7,20.865,0.0441340797
子图3,系列7,20.87,0.04499800991
子图3,系列7,20.875,0.04624944519
子图3,系列7,20.88,0.04804524744
子图3,系列7,20.885,0.05051553703
子图3,系列7,20.89,0.053743633
子图3,系列7,20.895,0.05774799921
子图3,系列7,20.9,0.0624688747
子图3,系列7,20.905,0.06776204095
子图3,系列7,20.91,0.07340142732
子图3,系列7,20.915,0.07909126788
子图3,系列7,20.92,0.08448721932
子图3,系列7,20.925,0.0892246416
子图3,系列7,20.93,0.09295110593
子图3,系列7,20.935,0.09535952347
子图3,系列7,20.94,0.09621799958
子图3,系列7,20.945,0.09539285874
子图3,系列7,20.95,0.09286203382
子图3,系列7,20.955,0.08871723739
子图3,系列7,20.96,0.08315468455
子图3,系列7,20.965,0.07645559675
子图3,系列7,20.97,0.0689588946
子图3,系列7,20.975,0.06102942673
子图3,系列7,20.98,0.05302544395
子图3,系列7,20.985,0.04526902065
子图3,系列7,20.99,0.03802251301
子图3,系列7,20.995,0.03147329998
子图3,系列7,21,0.02572783223
子图3,系列7,21.005,0.02081486692
子图3,系列7,21.01,0.01669658498
子图3,系列7,21.015,0.01328546911
子图3,系列7,21.02,0.01046424379
子图3,系列7,21.025,0.008106082077
子图3,系列7,21.03,0.006092502133
子图3,系列7,21.035,0.004326969202
子图3,系列7,21.04,0.002742981366
子图3,系列7,21.045,0.001306301191
子图3,系列7,21.05,1.179212405e-05
子图3,系列7,21.055,-0.001124004488
子图3,系列7,21.06,-0.002073035726
子图3,系列7,21.065,-0.002806952686
子图3,系列7,21.07,-0.003307851627
子图3,系列7,21.075,-0.003577274843
子图3,系列7,21.08,-0.003642711156
子图3,系列7,21.085,-0.003561209112
子图3,系列7,21.09,-0.003420193598
子图3,系列7,21.095,-0.003335750001
子图3,系列7,21.1,-0.003448853894
子图3,系列7,21.105,-0.003919913633
子图3,系列7,21.11,-0.004921977109
子图3,系列7,21.115,-0.006632726583
子图3,系列7,21.12,-0.009225356639
子图3,系列7,21.125,-0.012858327
子图3,系列7,21.13,-0.01766412474
子图3,系列7,21.135,-0.02373729451
子图3,系列7,21.14,-0.03112230482
子图3,系列7,21.145,-0.03980206109
子图3,系列7,21.15,-0.04968816945
子图3,系列7,21.155,-0.06061418613
子图3,系列7,21.16,-0.07233314003
子图3,系列7,21.165,-0.08452044156
子图3,系列7,21.17,-0.09678298137
子图3,系列7,21.175,-0.1086747061
子图3,系列7,21.18,-0.1197183457
子图3,系列7,21.185,-0.1294322661
子图3,系列7,21.19,-0.1373607441
子图3,系列7,21.195,-0.1431053808
子图3,系列7,21.2,-0.1463549665
子图3,系列7,21.205,-0.1469109811
子图3,系列7,21.21,-0.144706056
子图3,系列7,21.215,-0.1398132367
子图3,系列7,21.22,-0.1324446178
子图3,系列7,21.225,-0.1229389648
子图3,系列7,21.23,-0.1117390014
子图3,系列7,21.235,-0.09936020826
子图3,系列7,21.24,-0.08635387645
子图3,系列7,21.245,-0.07326792522
子图3,系列7,21.25,-0.06060923676
子图3,系列7,21.255,-0.04881123505
子图3,系列7,21.26,-0.03820980836
子图3,系列7,21.265,-0.02902983339
子图3,系列7,21.27,-0.02138325767
子图3,系列7,21.275,-0.01527842529
子图3,系列7,21.28,-0.01063891508
子图3,系列7,21.285,-0.007329097638
子图3,系列7,21.29,-0.0051827599
子图3,系列7,21.295,-0.004030880804
子图3,系列7,21.3,-0.003724792476
子图3,系列7,21.305,-0.004151712255
子图3,系列7,21.31,-0.005240745188
子图3,系列7,21.315,-0.006958902674
子图3,系列7,21.32,-0.009298176077
子图3,系列7,21.325,-0.01225609401
子图3,系列7,21.33,-0.01581320605
子图3,系列7,21.335,-0.01991147843
子图3,系列7,21.34,-0.02443747224
子图3,系列7,21.345,-0.0292135248
子图3,系列7,21.35,-0.0339988954
子图3,系列7,21.355,-0.0385013646
子图3,系列7,21.36,-0.04239806185
子图3,系列7,21.365,-0.0453629173
子图3,系列7,21.37,-0.04709696697
子图3,系列7,21.375,-0.04735735661
子图3,系列7,21.38,-0.04598095159
子图3,系列7,21.385,-0.04289937088
子图3,系列7,21.39,-0.03814346186
子图3,系列7,21.395,-0.03183692826
子图3,系列7,21.4,-0.0241803527
子图3,系列7,21.405,-0.01542834366
子图3,系列7,21.41,-0.005863403472
子图3,系列7,21.415,0.004229447319
子图3,系列7,21.42,0.01458360421
子图3,系列7,21.425,0.0249644834
子图3,系列7,21.43,0.03517427524
子图3,系列7,21.435,0.0450478067
子图3,系列7,21.44,0.05444105099
子图3,系列7,21.445,0.06321505462
子图3,系列7,21.45,0.07121891732
子图3,系列7,21.455,0.07827567103
子图3,系列7,21.46,0.08417454533
子图3,系列7,21.465,0.08867212845
子图3,系列7,21.47,0.09150354624
子图3,系列7,21.475,0.09240315411
子图3,系列7,21.48,0.0911326232
子图3,系列7,21.485,0.08751297177
子图3,系列7,21.49,0.08145619798
子图3,系列7,21.495,0.07299193988
子图3,系列7,21.5,0.06228494558
子图3,系列7,21.505,0.04964019131
子图3,系列7,21.51,0.0354939023
子图3,系列7,21.515,0.02039053989
子图3,系列7,21.52,0.004947508967
子图3,系列7,21.525,-0.01018901849
子图3,系列7,21.53,-0.0243927138
子图3,系列7,21.535,-0.03710499842
子图3,系列7,21.54,-0.04787723076
子图3,系列7,21.545,-0.05640268881
子图3,系列7,21.55,-0.0625350941
子图3,系列7,21.555,-0.06629185161
子图3,系列7,21.56,-0.0678419415
子图3,系列7,21.565,-0.06748002685
子图3,系列7,21.57,-0.06558984991
子图3,系列7,21.575,-0.06260107711
子图3,系列7,21.58,-0.0589443589
子图3,系列7,21.585,-0.05500944814
子图3,系列7,21.59,-0.05111067835
子图3,系列7,21.595,-0.04746317034
子图3,系列7,21.6,-0.04417171946
子图3,系列7,21.605,-0.04123285417
子图3,系列7,21.61,-0.03854894791
子图3,系列7,21.615,-0.03595201673
子图3,系列7,21.62,-0.0332337878
子图3,系列7,21.625,-0.03017819624
子图3,系列7,21.63,-0.02659240685
子图3,系列7,21.635,-0.02233299764
子图3,系列7,21.64,-0.01732474598
子图3,系列7,21.645,-0.01157059604
子图3,系列7,21.65,-0.005152506036
子图3,系列7,21.655,0.00177601791
子图3,系列7,21.66,0.009004071549
子图3,系列7,21.665,0.01628197738
子图3,系列7,21.67,0.02334198178
子图3,系列7,21.675,0.02991870127
子图3,系列7,21.68,0.03576736282
子图3,系列7,21.685,0.04067840116
子图3,系列7,21.69,0.04448757649
子图3,系列7,21.695,0.04708137315
子图3,系列7,21.7,0.04839792348
子图3,系列7,21.705,0.04842410468
子图3,系列7,21.71,0.04718964162
子图3,系列7,21.715,0.04475918329
子图3,系列7,21.72,0.04122323608
子图3,系列7,21.725,0.03668879817
子图3,系列7,21.73,0.03127034421
子图3,系列7,21.735,0.02508174591
子图3,系列7,21.74,0.01822956087
子图3,系列7,21.745,0.01080811305
子图3,系列7,21.75,0.002896710179
子图3,系列7,21.755,-0.005440663493
子图3,系列7,21.76,-0.01415294105
子图3,系列7,21.765,-0.02319675302
子图3,系列7,21.77,-0.03252853936
子图3,系列7,21.775,-0.04209447412
子图3,系列7,21.78,-0.05181906817
子图3,系列7,21.785,-0.06159372363
子图3,系列7,21.79,-0.07126682979
子图3,系列7,21.795,-0.08063717969
子图3,系列7,21.8,-0.08945243576
子图3,系列7,21.805,-0.0974140747
子图3,系列7,21.81,-0.1041896616
子图3,系列7,21.815,-0.1094324994
子图3,系列7,21.82,-0.1128077398
子图3,系列7,21.825,-0.1140230518
子图3,系列7,21.83,-0.1128610509
子图3,系列7,21.835,-0.109210048
子图3,系列7,21.84,-0.1030893794
子图3,系列7,21.845,-0.09466574953
子图3,系列7,21.85,-0.08425762765
子图3,系列7,21.855,-0.07232584266
子图3,系列7,21.86,-0.05944990793
子图3,系列7,21.865,-0.04629126659
子图3,系列7,21.87,-0.03354622113
子图3,系列7,21.875,-0.02189276616
子图3,系列7,21.88,-0.01193648399
子图3,系列7,21.885,-0.004161132273
子图3,系列7,21.89,0.001110749669
子图3,系列7,21.895,0.003742764504
子图3,系列7,21.9,0.003792214736
子图3,系列7,21.905,0.001499282961
子图3,系列7,21.91,-0.002741049083
子图3,系列7,21.915,-0.008421249791
子图3,系列7,21.92,-0.01497290835
子图3,系列7,21.925,-0.02182202426
子图3,系列7,21.93,-0.02844177016
子图3,系列7,21.935,-0.03439698905
子图3,系列7,21.94,-0.03937580776
子图3,系列7,21.945,-0.04320538899
子图3,系列7,21.95,-0.04585082456
子图3,系列7,21.955,-0.04739820348
子图3,系列7,21.96,-0.04802472393
子图3,系列7,21.965,-0.04796016328
子图3,系列7,21.97,-0.04744484695
子图3,系列7,21.975,-0.04668950449
子图3,系列7,21.98,-0.04584189746
子图3,系列7,21.985,-0.04496415668
子图3,系列7,21.99,-0.04402324
子图3,系列7,21.995,-0.04289532771
子图3,系列7,22,-0.04138315706
子图3,系列7,22.005,-0.03924385237
子图3,系列7,22.01,-0.03622350594
子图3,系列7,22.015,-0.0320941467
子图3,系列7,22.02,-0.02668846674
子图3,系列7,22.025,-0.01992815122
子图3,系列7,22.03,-0.0118424479
子图3,系列7,22.035,-0.002574933966
子图3,系列7,22.04,0.007622175912
子图3,系列7,22.045,0.01840529687
子图3,系列7,22.05,0.02936616075
子图3,系列7,22.055,0.04006470661
子图3,系列7,22.06,0.05006440921
子图3,系列7,22.065,0.05896613125
子图3,系列7,22.07,0.06643698109
子图3,系列7,22.075,0.07223139873
子图3,系列7,22.08,0.07620278882
子图3,系列7,22.085,0.07830521183
子图3,系列7,22.09,0.07858587455
子图3,系列7,22.095,0.07717018531
子图3,系列7,22.1,0.07424190823
子图3,系列7,22.105,0.0700213171
子图3,系列7,22.11,0.06474422482
子图3,系列7,22.115,0.05864434856
子图3,系列7,22.12,0.05194073793
子图3,系列7,22.125,0.04483108608
子图3,系列7,22.13,0.03749074722
子图3,系列7,22.135,0.0300764243
子图3,系列7,22.14,0.0227327849
子图3,系列7,22.145,0.01559993854
子图3,系列7,22.15,0.008819648662
子图3,系列7,22.155,0.002538526451
子图3,系列7,22.16,-0.003092995928
子图3,系列7,22.165,-0.007926280334
子图3,系列7,22.17,-0.01182427407
子图3,系列7,22.175,-0.01467425058
子图3,系列7,22.18,-0.01640174636
子图3,系列7,22.185,-0.01698357969
子图3,系列7,22.19,-0.01645786898
子图3,系列7,22.195,-0.01492921942
子图3,系列7,22.2,-0.01256781859
子图3,系列7,22.205,-0.009601878153
子图3,系列7,22.21,-0.006303676971
子图3,系列7,22.215,-0.002970235767
子图3,系列7,22.22,9.96734972e-05
子图3,系列7,22.225,0.002629998865
子图3,系列7,22.23,0.004390945765
子图3,系列7,22.235,0.005219189459
子图3,系列7,22.24,0.005032671596
子图3,系列7,22.245,0.003838400477
子图3,系列7,22.25,0.001732366605
子图3,系列7,22.255,-0.001108532739
子图3,系列7,22.26,-0.004441869915
子图3,系列7,22.265,-0.007980934075
子图3,系列7,22.27,-0.01141983777
子图3,系列7,22.275,-0.01446006496
子图3,系列7,22.28,-0.01683591352
子图3,系列7,22.285,-0.01833637847
子图3,系列7,22.29,-0.01882141479
子图3,系列7,22.295,-0.01823108515
子图3,系列7,22.3,-0.01658687305
子图3,系列7,22.305,-0.01398525242
子图3,系列7,22.31,-0.01058444608
子图3,系列7,22.315,-0.00658600202
子图3,系列7,22.32,-0.00221335416
子图3,系列7,22.325,0.002310209097
子图3,系列7,22.33,0.006781756172
子图3,系列7,22.335,0.01103499418
子图3,系列7,22.34,0.01495105318
子图3,系列7,22.345,0.01846290895
子图3,系列7,22.35,0.02155337605
子图3,系列7,22.355,0.02424735834
子图3,系列7,22.36,0.02659971496
子图3,系列7,22.365,0.02868055493
子图3,系列7,22.37,0.03056003212
子图3,系列7,22.375,0.03229468094
子图3,系列7,22.38,0.03391709811
子图3,系列7,22.385,0.03543029213
子图3,系列7,22.39,0.03680741992
子图3,系列7,22.395,0.03799690537
子图3,系列7,22.4,0.03893223431
子图3,系列7,22.405,0.03954506419
子图3,系列7,22.41,0.03977981258
子图3,系列7,22.415,0.03960761077
子图3,系列7,22.42,0.03903752324
子图3,系列7,22.425,0.0381232122
子图3,系列7,22.43,0.03696378528
子图3,系列7,22.435,0.03569831132
子图3,系列7,22.44,0.03449435025
子图3,系列7,22.445,0.03353168533
子图3,系列7,22.45,0.03298314774
子图3,系列7,22.455,0.03299488513
子图3,系列7,22.46,0.03366855004
子图3,系列7,22.465,0.03504768489
子图3,系列7,22.47,0.0371100347
子图3,系列7,22.475,0.03976677363
子图3,系列7,22.48,0.04286872249
子图3,系列7,22.485,0.0462187846
子图3,系列7,22.49,0.04958905896
子图3,系列7,22.495,0.05274060968
子图3,系列7,22.5,0.05544362093
子图3,系列7,22.505,0.05749577659
子图3,系列7,22.51,0.0587370193
子图3,系列7,22.515,0.05905942224
子图3,系列7,22.52,0.0584115339
子图3,系列7,22.525,0.05679727152
子图3,系列7,22.53,0.05427001748
子图3,系列7,22.535,0.0509230948
子图3,系列7,22.54,0.0468780575
子图3,系列7,22.545,0.04227238174
子图3,系列7,22.55,0.03724799919
子图3,系列7,22.555,0.031941904
子图3,系列7,22.56,0.02647961384
子图3,系列7,22.565,0.02097185914
子图3,系列7,22.57,0.01551433447
子图3,系列7,22.575,0.01018998306
子图3,系列7,22.58,0.005072899464
子图3,系列7,22.585,0.0002328257425
子图3,系列7,22.59,-0.004260856181
子图3,系列7,22.595,-0.008336515629
子图3,系列7,22.6,-0.01191969972
子图3,系列7,22.605,-0.01493481214
子图3,系列7,22.61,-0.01730891484
子图3,系列7,22.615,-0.01897710655
子图3,系列7,22.62,-0.01988870629
子图3,系列7,22.625,-0.02001328882
子图3,系列7,22.63,-0.01934565755
子图3,系列7,22.635,-0.01790895983
子图3,系列7,22.64,-0.01575541744
子图3,系列7,22.645,-0.01296445469
子图3,系列7,22.65,-0.009638330493
子图3,系列7,22.655,-0.005895688111
子图3,系列7,22.66,-0.001863635258
子图3,系列7,22.665,0.002330872302
子图3,系列7,22.67,0.006569572059
子图3,系列7,22.675,0.01075059835
子图3,系列7,22.68,0.01479473904
子图3,系列7,22.685,0.01864974246
子图3,系列7,22.69,0.02229237323
子图3,系列7,22.695,0.02572803873
子图3,系列7,22.7,0.02898798717
子图3,系列7,22.705,0.03212419314
子图3,系列7,22.71,0.03520219933
子图3,系列7,22.715,0.03829231185
子图3,系列7,22.72,0.04145969518
子图3,系列7,22.725,0.04475406307
子图3,系列7,22.73,0.04819978631
子图3,系列7,22.735,0.0517873537
子图3,系列7,22.74,0.05546713586
子图3,系列7,22.745,0.0591463719
子图3,系列7,22.75,0.06269009485
子图3,系列7,22.755,0.06592645267
子图3,系列7,22.76,0.06865643273
子图3,系列7,22.765,0.07066755001
子图3,系列7,22.77,0.07175049924
子图3,系列7,22.775,0.07171734367
子图3,系列7,22.78,0.07041942278
子图3,系列7,22.785,0.06776305068
子图3,系列7,22.79,0.06372113563
子图3,系列7,22.795,0.05833924805
子图3,系列7,22.8,0.05173523226
子图3,系列7,22.805,0.04409225731
子图3,系列7,22.81,0.03564600085
子图3,系列7,22.815,0.02666745202
子图3,系列7,22.82,0.01744335372
子图3,系列7,22.825,0.008256610912
子图3,系列7,22.83,-0.0006311226099
子图3,系列7,22.835,-0.008992843151
子图3,系列7,22.84,-0.01664448026
子图3,系列7,22.845,-0.02344776157
子图3,系列7,22.85,-0.02930825391
子图3,系列7,22.855,-0.0341698375
子图3,系列7,22.86,-0.03800735673
子图3,系列7,22.865,-0.04081925697
子图3,系列7,22.87,-0.04262181458
子图3,系列7,22.875,-0.04344600907
子图3,系列7,22.88,-0.04333740583
子图3,系列7,22.885,-0.04235864894
子图3,系列7,22.89,-0.040593539
子图3,系列7,22.895,-0.03815123622
子图3,系列7,22.9,-0.03516902617
子图3,系列7,22.905,-0.03181226996
子图3,系列7,22.91,-0.0282706543
子图3,系列7,22.915,-0.0247504984
子图3,系列7,22.92,-0.02146361731
子图3,系列7,22.925,-0.018613868
子图3,系列7,22.93,-0.01638299138
子图3,系列7,22.935,-0.01491753325
子图3,系列7,22.94,-0.01431855144
子图3,系列7,22.945,-0.01463541375
子图3,系列7,22.95,-0.01586443259
子图3,系列7,22.955,-0.01795237145
子图3,系列7,22.96,-0.02080419623
子图3,系列7,22.965,-0.02429386469
子图3,系列7,22.97,-0.02827659117
子图3,系列7,22.975,-0.03260089862
子图3,系列7,22.98,-0.03711890527
子图3,系列7,22.985,-0.04169365603
子图3,系列7,22.99,-0.0462028181
子图3,系列7,22.995,-0.05053867501
子图3,系列7,23,-0.05460492375
子图3,系列7,23.005,-0.05831130213
子图3,系列7,23.01,-0.0615673857
子图3,系列7,23.015,-0.06427705767
子图3,系列7,23.02,-0.06633504255
子图3,系列7,23.025,-0.06762663474
子图3,系列7,23.03,-0.0680312694
子图3,系列7,23.035,-0.06743005199
子图3,系列7,23.04,-0.06571674498
子图3,系列7,23.045,-0.06281119067
子图3,系列7,23.05,-0.05867369207
子图3,系列7,23.055,-0.0533186344
子图3,系列7,23.06,-0.04682553711
子图3,系列7,23.065,-0.0393458937
子图3,系列7,23.07,-0.03110445479
子图3,系列7,23.075,-0.0223941293
子图3,系列7,23.08,-0.01356423473
子图3,系列7,23.085,-0.005002518921
子图3,系列7,23.09,0.002888023667
子图3,系列7,23.095,0.009715878891
子图3,系列7,23.1,0.0151292002
子图3,系列7,23.105,0.01884300518
子图3,系列7,23.11,0.02066288972
子图3,系列7,23.115,0.02050284695
子图3,系列7,23.12,0.0183952386
子图3,系列7,23.125,0.01449154657
子图3,系列7,23.13,0.009053435592
子图3,系列7,23.135,0.002434568658
子图3,系列7,23.14,-0.00494534887
子图3,系列7,23.145,-0.01263198713
子图3,系列7,23.15,-0.02017028089
子图3,系列7,23.155,-0.02713751362
子图3,系列7,23.16,-0.0331723872
子图3,系列7,23.165,-0.0379973629
子图3,系列7,23.17,-0.04143239472
子图3,系列7,23.175,-0.04339923803
子图3,系列7,23.18,-0.0439166842
子图3,系列7,23.185,-0.04308812043
子图3,系列7,23.19,-0.0410836573
子图3,系列7,23.195,-0.03811950876
子图3,系列7,23.2,-0.03443736961
子图3,系列7,23.205,-0.03028615777
子图3,系列7,23.21,-0.02590780708
子图3,系列7,23.215,-0.02152790662
子图3,系列7,23.22,-0.01735105808
子图3,系列7,23.225,-0.01356002815
子图3,系列7,23.23,-0.01031720795
子图3,系列7,23.235,-0.007766679111
子图3,系列7,23.24,-0.006035281908
子图3,系列7,23.245,-0.005231513442
子图3,系列7,23.25,-0.005441678437
子图3,系列7,23.255,-0.006723442848
子图3,系列7,23.26,-0.009097575716
子图3,系列7,23.265,-0.01253920194
子图3,系列7,23.27,-0.0169701389
子图3,系列7,23.275,-0.02225393184
子图3,系列7,23.28,-0.02819492433
子图3,系列7,23.285,-0.03454226904
子图3,系列7,23.29,-0.04099915089
子图3,系列7,23.295,-0.0472368726
子图3,系列7,23.3,-0.05291281254
子图3,系列7,23.305,-0.05769080274
子图3,系列7,23.31,-0.0612621426
子图3,系列7,23.315,-0.06336539462
子图3,系列7,23.32,-0.06380321321
子图3,系列7,23.325,-0.06245479873
子图3,系列7,23.33,-0.05928301536
子图3,系列7,23.335,-0.0543357852
子图3,系列7,23.34,-0.04774191021
子图3,系列7,23.345,-0.03970201442
子图3,系列7,23.35,-0.03047566224
子图3,系列7,23.355,-0.02036599649
子图3,系列7,23.36,-0.009703268023
子图3,系列7,23.365,0.001171410175
子图3,系列7,23.37,0.01192103961
子图3,系列7,23.375,0.02222566544
子图3,系列7,23.38,0.03179290712
子图3,系列7,23.385,0.04036602423
子图3,系列7,23.39,0.04772978431
子图3,系列7,23.395,0.05371450951
子图3,系列7,23.4,0.05819876732
子图3,系列7,23.405,0.06111104998
子图3,系列7,23.41,0.06243065392
子图3,系列7,23.415,0.06218773518
子图3,系列7,23.42,0.06046233394
子图3,系列7,23.425,0.05738201495
子图3,系列7,23.43,0.05311773184
子图3,系列7,23.435,0.04787761008
子图3,系列7,23.44,0.04189852135
子图3,系列7,23.445,0.03543561902
子图3,系列7,23.45,0.02875029706
子图3,系列7,23.455,0.02209736353
子图3,系列7,23.46,0.01571241641
子图3,系列7,23.465,0.009800553657
子图3,系列7,23.47,0.004527472469
子图3,系列7,23.475,1.385634287e-05
子图3,系列7,23.48,-0.003666427325
子图3,系列7,23.485,-0.00648418921
子图3,系列7,23.49,-0.008449229461
子图3,系列7,23.495,-0.00960189919
子图3,系列7,23.5,-0.0100031118
子图3,系列7,23.505,-0.009724173091
子图3,系列7,23.51,-0.008837842702
子图3,系列7,23.515,-0.007411815654
子图3,系列7,23.52,-0.005505440303
子图3,系列7,23.525,-0.003169944838
子图3,系列7,23.53,-0.0004518401824
子图3,系列7,23.535,0.002601398802
子图3,系列7,23.54,0.005934749028
子图3,系列7,23.545,0.009479740653
子图3,系列7,23.55,0.01315085875
子图3,系列7,23.555,0.01684551231
子图3,系列7,23.56,0.02044835212
子图3,系列7,23.565,0.02383994069
子图3,系列7,23.57,0.02690906353
子图3,系列7,23.575,0.0295671866
子图3,系列7,23.58,0.03176308879
子图3,系列7,23.585,0.03349537224
子图3,系列7,23.59,0.03482066516
子图3,系列7,23.595,0.03585567629
子图3,系列7,23.6,0.03677196738
子图3,系列7,23.605,0.0377831608
子图3,系列7,23.61,0.03912526913
子图3,系列7,23.615,0.04103176062
子图3,系列7,23.62,0.04370573196
子图3,系列7,23.625,0.04729210937
子图3,系列7,23.63,0.05185296943
子图3,系列7,23.635,0.05734897477
子图3,系列7,23.64,0.06362938275
子图3,系列7,23.645,0.07043235506
子图3,系列7,23.65,0.07739622381
子图3,系列7,23.655,0.08408129055
子图3,系列7,23.66,0.09000053561
子图3,系列7,23.665,0.09465665508
子图3,系列7,23.67,0.09758202328
子图3,系列7,23.675,0.09837781044
子图3,系列7,23.68,0.09674843221
子图3,系列7,23.685,0.09252797577
子图3,系列7,23.69,0.08569600815
子图3,系列7,23.695,0.07638132599
子图3,系列7,23.7,0.06485341415
子图3,系列7,23.705,0.05150271194
子图3,系列7,23.71,0.03681183026
子图3,系列7,23.715,0.02132077258
子图3,系列7,23.72,0.005589575109
子图3,系列7,23.725,-0.009838083824
子图3,系列7,23.73,-0.02446721248
子图3,系列7,23.735,-0.0378772455
子图3,系列7,23.74,-0.04973965534
子图3,系列7,23.745,-0.05982675122
子图3,系列7,23.75,-0.06801199588
子图3,系列7,23.755,-0.07426284935
子图3,系列7,23.76,-0.07862777954
子图3,系列7,23.765,-0.08121932271
子图3,系列7,23.77,-0.08219519663
子图3,系列7,23.775,-0.08173930224
子图3,系列7,23.78,-0.08004419267
子图3,系列7,23.785,-0.07729621373
子图3,系列7,23.79,-0.07366411864
子图3,系列7,23.795,-0.06929158404
子图3,系列7,23.8,-0.06429368527
子图3,系列7,23.805,-0.05875712093
子图3,系列7,23.81,-0.05274370715
子图3,系列7,23.815,-0.04629651634
子图3,系列7,23.82,-0.03944785955
子图3,系列7,23.825,-0.03222826653
子图3,系列7,23.83,-0.02467551911
子图3,系列7,23.835,-0.01684284013
子图3,系列7,23.84,-0.008805327073
子图3,系列7,23.845,-0.0006638760355
子图3,系列7,23.85,0.00745405395
子图3,系列7,23.855,0.01539719474
子图3,系列7,23.86,0.02299685557
子图3,系列7,23.865,0.0300766449
子图3,系列7,23.87,0.03646488801
子图3,系列7,23.875,0.04200867152
子图3,系列7,23.88,0.04658814585
子图3,系列7,23.885,0.05012946225
子图3,系列7,23.89,0.05261466948
子图3,系列7,23.895,0.05408701487
子图3,系列7,23.9,0.05465044395
子图3,系列7,23.905,0.05446265174
子图3,系列7,23.91,0.05372174695
子图3,系列7,23.915,0.0526474116
子图3,系列7,23.92,0.05145821605
子图3,系列7,23.925,0.05034744122
子图3,系列7,23.93,0.04946017757
子图3,系列7,23.935,0.04887461004
子图3,系列7,23.94,0.04859012163
子图3,系列7,23.945,0.04852423759
子图3,系列7,23.95,0.04851945454
子图3,系列7,23.955,0.04835983623
子图3,系列7,23.96,0.04779598038
子图3,系列7,23.965,0.04657580458
子图3,系列7,23.97,0.04447767361
子图3,系列7,23.975,0.04134189128
子图3,系列7,23.98,0.03709656111
子图3,系列7,23.985,0.03177434854
子图3,系列7,23.99,0.02551767697
子图3,系列7,23.995,0.01857127503
子图3,系列7,24,0.01126255334
子图3,系列7,24.005,0.00397185669
子图3,系列7,24.01,-0.002904056086
子图3,系列7,24.015,-0.008991027035
子图3,系列7,24.02,-0.01397440379
子图3,系列7,24.025,-0.01762945023
子图3,系列7,24.03,-0.01984173713
子图3,系列7,24.035,-0.02061523366
子图3,系列7,24.04,-0.02006741979
子图3,系列7,24.045,-0.01841232834
子图3,系列7,24.05,-0.01593392419
子图3,系列7,24.055,-0.01295330847
子图3,系列7,24.06,-0.009793880546
子图3,系列7,24.065,-0.00674863154
子图3,系列7,24.07,-0.004053283736
子图3,系列7,24.075,-0.001868052582
子图3,系列7,24.08,-0.0002695919541
子图3,系列7,24.085,0.000746672685
子图3,系列7,24.09,0.001254898507
子图3,系列7,24.095,0.001380015131
子图3,系列7,24.1,0.001274612151
子图3,系列7,24.105,0.00109471265
子图3,系列7,24.11,0.0009775070871
子图3,系列7,24.115,0.001023663824
子图3,系列7,24.12,0.001286060841
子图3,系列7,24.125,0.001765872962
子图3,系列7,24.13,0.002415966743
子图3,系列7,24.135,0.003150677233
子图3,系列7,24.14,0.003860321337
子图3,系列7,24.145,0.0044283477
子图3,系列7,24.15,0.004748846325
子图3,系列7,24.155,0.004742244875
子图3,系列7,24.16,0.004367376312
子图3,系列7,24.165,0.003628626193
子图3,系列7,24.17,0.002577517255
子图3,系列7,24.175,0.001308733982
子图3,系列7,24.18,-4.879057525e-05
子图3,系列7,24.185,-0.001344625702
子图3,系列7,24.19,-0.002421980935
子图3,系列7,24.195,-0.003133622858
子图3,系列7,24.2,-0.003356959013
子图3,系列7,24.205,-0.003006833397
子图3,系列7,24.21,-0.002044860799
子图3,系列7,24.215,-0.0004844885245
子图3,系列7,24.22,0.001608585384
子图3,系列7,24.225,0.00412058335
子图3,系列7,24.23,0.006897901943
子图3,系列7,24.235,0.009758595
子图3,系列7,24.24,0.0125059147
子图3,系列7,24.245,0.01494260366
子图3,系列7,24.25,0.01688457198
子图3,系列7,24.255,0.01817274869
子图3,系列7,24.26,0.01868213612
子图3,系列7,24.265,0.01832750165
子图3,系列7,24.27,0.0170655681
子图3,系列7,24.275,0.01489403003
子图3,系列7,24.28,0.01184809838
子图3,系列7,24.285,0.007995542361
子图3,系列7,24.29,0.003431283184
子图3,系列7,24.295,-0.001727504572
子图3,系列7,24.3,-0.00734510174
子图3,系列7,24.305,-0.0132694854
子图3,系列7,24.31,-0.01933328325
子图3,系列7,24.315,-0.02535405547
子图3,系列7,24.32,-0.03113483647
子图3,系列7,24.325,-0.0364660025
子图3,系列7,24.33,-0.04112944343
子图3,系列7,24.335,-0.04490570292
子图3,系列7,24.34,-0.04758425626
子图3,系列7,24.345,-0.04897649548
子图3,系列7,24.35,-0.04893038727
子图3,系列7,24.355,-0.04734527772
子图3,系列7,24.36,-0.04418501697
子图3,系列7,24.365,-0.03948756049
子图3,系列7,24.37,-0.03336944691
子图3,系列7,24.375,-0.02602408979
子图3,系列7,24.38,-0.01771349902
子图3,系列7,24.385,-0.008753865684
子图3,系列7,24.39,0.0005038377235
子图3,系列7,24.395,0.009696437581
子图3,系列7,24.4,0.01847218027
子图3,系列7,24.405,0.02651310155
子图3,系列7,24.41,0.03355408354
子图3,系列7,24.415,0.03939691381
子图3,系列7,24.42,0.04391831554
子图3,系列7,24.425,0.04707156298
子图3,系列7,24.43,0.04888202036
子图3,系列7,24.435,0.04943750072
子图3,系列7,24.44,0.04887479952
子图3,系列7,24.445,0.04736398734
子图3,系列7,24.45,0.04509209477
子图3,系列7,24.455,0.04224769664
子图3,系列7,24.46,0.03900761719
子图3,系列7,24.465,0.03552664217
子图3,系列7,24.47,0.03193070125
子图3,系列7,24.475,0.02831363638
子图3,系列7,24.48,0.02473730381
子图3,系列7,24.485,0.02123453804
子图3,系列7,24.49,0.0178142957
子图3,系列7,24.495,0.01446824652
子图3,系列7,24.5,0.01117802658
子图3,系列7,24.505,0.007922447804
子图3,系列7,24.51,0.00468400685
子图3,系列7,24.515,0.001454182285
子图3,系列7,24.52,-0.001762894421
子图3,系列7,24.525,-0.00494863405
子图3,系列7,24.53,-0.00807016878
子图3,系列7,24.535,-0.01108244032
子图3,系列7,24.54,-0.01393198521
子图3,系列7,24.545,-0.01656201475
子图3,系列7,24.55,-0.01891827264
子图3,系列7,24.555,-0.02095502176
子图3,系列7,24.56,-0.0226404863
子图3,系列7,24.565,-0.02396107337
子图3,系列7,24.57,-0.02492381256
子图3,系列7,24.575,-0.02555660679
子图3,系列7,24.58,-0.02590612386
子图3,系列7,24.585,-0.02603341549
子图3,系列7,24.59,-0.02600761352
子图3,系列7,24.595,-0.02589829499
子图3,系列7,24.6,-0.02576727133
子图3,系列7,24.605,-0.02566066847
子图3,系列7,24.61,-0.02560214306
子图3,系列7,24.615,-0.0255880147
子图3,系列7,24.62,-0.02558489207
子图3,系列7,24.625,-0.02553017053
子图3,系列7,24.63,-0.0253354819
子图3,系列7,24.635,-0.02489293749
子图3,系列7,24.64,-0.02408372348
子图3,系列7,24.645,-0.02278842067
子图3,系列7,24.65,-0.02089823583
子图3,系列7,24.655,-0.01832625391
子图3,系列7,24.66,-0.01501777285
子图3,系列7,24.665,-0.01095883796
子图3,系列7,24.67,-0.006182190799
子图3,系列7,24.675,-0.0007700350128
子图3,系列7,24.68,0.005146758891
子图3,系列7,24.685,0.01139310362
子图3,系列7,24.69,0.01775761748
子图3,系列7,24.695,0.02400353465
子图3,系列7,24.7,0.02988188394
子图3,系列7,24.705,0.03514599834
子图3,系列7,24.71,0.03956631705
子图3,系列7,24.715,0.04294438566
子图3,系列7,24.72,0.04512503518
子图3,系列7,24.725,0.04600584487
子图3,系列7,24.73,0.04554321395
子图3,系列7,24.735,0.04375462301
子图3,系列7,24.74,0.04071694648
子图3,系列7,24.745,0.0365609779
子图3,系列7,24.75,0.03146257381
子图3,系列7,24.755,0.02563108442
子图3,系列7,24.76,0.01929587902
子图3,系列7,24.765,0.01269194552
子图3,系列7,24.77,0.006045554973
子图3,系列7,24.775,-0.0004389620188
子图3,系列7,24.78,-0.006590394722
子图3,系列7,24.785,-0.0122789271
子图3,系列7,24.79,-0.01742087746
子图3,系列7,24.795,-0.02197947631
子图3,系列7,24.8,-0.02596157656
子图3,系列7,24.805,-0.02941049839
子图3,系列7,24.81,-0.03239556109
子图3,系列7,24.815,-0.03499918409
子图3,系列7,24.82,-0.03730270937
子图3,系列7,24.825,-0.03937232161
子图3,系列7,24.83,-0.04124650599
子图3,系列7,24.835,-0.04292647858
子图3,系列7,24.84,-0.04437079753
子图3,系列7,24.845,-0.0454950752
子图3,系列7,24.85,-0.04617720998
子图3,系列7,24.855,-0.04626804885
子图3,系列7,24.86,-0.04560675653
子图3,系列7,24.865,-0.04403962559
子图3,系列7,24.87,-0.04144053657
子图3,系列7,24.875,-0.03773096001
子图3,系列7,24.88,-0.03289724101
子图3,系列7,24.885,-0.0270030359
子图3,系列7,24.89,-0.02019514656
子图3,系列7,24.895,-0.01270161859
子图3,系列7,24.9,-0.004821785759
子图3,系列7,24.905,0.003091165442
子图3,系列7,24.91,0.01065363709
子图3,系列7,24.915,0.01747886299
子图3,系列7,24.92,0.02320524013
子图3,系列7,24.925,0.02752288373
子图3,系列7,24.93,0.03019573326
子图3,系列7,24.935,0.03107708757
子图3,系列7,24.94,0.03011725986
子图3,系列7,24.945,0.02736300617
子图3,系列7,24.95,0.02294935968
子图3,系列7,24.955,0.01708533802
子图3,系列7,24.96,0.01003559186
子图3,系列7,24.965,0.002100326343
子图3,系列7,24.97,-0.006404235649
子图3,系列7,24.975,-0.01516296024
子图3,系列7,24.98,-0.02387519066
子图3,系列7,24.985,-0.03226384688
子图3,系列7,24.99,-0.04008039109
子图3,系列7,24.995,-0.04710641902
子图3,系列7,25,-0.05315306884
子图3,系列7,25.005,-0.05805961371
子图3,系列7,25.01,-0.0616925505
子图3,系列7,25.015,-0.0639461999
子图3,系列7,25.02,-0.06474538544
子图3,系列7,25.025,-0.06405020325
子图3,系列7,25.03,-0.06186233923
子图3,系列7,25.035,-0.05823191224
子图3,系列7,25.04,-0.05326348489
子图3,系列7,25.045,-0.0471197755
子图3,系列7,25.05,-0.04002169178
子图3,系列7,25.055,-0.0322436716
子图3,系列7,25.06,-0.0241038023
子图3,系列7,25.065,-0.01594887813
子图3,系列7,25.07,-0.008135181942
子图3,系列7,25.075,-0.001006452493
子图3,系列7,25.08,0.005129092524
子图3,系列7,25.085,0.01002048798
子图3,系列7,25.09,0.01349238328
子图3,系列7,25.095,0.01545810398
子图3,系列7,25.1,0.01592603067
子图3,系列7,25.105,0.01499850994
子图3,系列7,25.11,0.01286330517
子图3,系列7,25.115,0.009778293787
子图3,系列7,25.12,0.006050807332
子图3,系列7,25.125,0.002013484282
子图3,系列7,25.13,-0.002001185642
子图3,系列7,25.135,-0.005685392516
子图3,系列7,25.14,-0.008777539797
子图3,系列7,25.145,-0.0110790637
子图3,系列7,25.15,-0.0124653382
子图3,系列7,25.155,-0.01289005542
子图3,系列7,25.16,-0.01238310643
子图3,系列7,25.165,-0.01104256431
子图3,系列7,25.17,-0.009021874197
子图3,系列7,25.175,-0.006513706161
子图3,系列7,25.18,-0.003732128271
子图3,系列7,25.185,-0.0008947788524
子图3,系列7,25.19,0.001793416314
子图3,系列7,25.195,0.004153710331
子图3,系列7,25.2,0.006043282988
子图3,系列7,25.205,0.007360794394
子图3,系列7,25.21,0.008047701485
子图3,系列7,25.215,0.008085696174
子图3,系列7,25.22,0.007490958441
子图3,系列7,25.225,0.00630616467
子图3,系列7,25.23,0.00459133947
子图3,系列7,25.235,0.00241468129
子图3,系列7,25.24,-0.0001555613781
子图3,系列7,25.245,-0.003057240922
子图3,系列7,25.25,-0.006237796512
子图3,系列7,25.255,-0.009654694886
子图3,系列7,25.26,-0.01327280048
子图3,系列7,25.265,-0.01705904086
子图3,系列7,25.27,-0.02097510857
子图3,系列7,25.275,-0.02496927046
子图3,系列7,25.28,-0.02896858574
子图3,系列7,25.285,-0.03287292212
子图3,系列7,25.29,-0.0365520773
子图3,系列7,25.295,-0.03984703806
子图3,系列7,25.3,-0.04257596512
子图3,系列7,25.305,-0.04454490717
子图3,系列7,25.31,-0.04556259832
子图3,系列7,25.315,-0.04545805938
子图3,系列7,25.32,-0.04409919485
子图3,系列7,25.325,-0.04141025138
子图3,系列7,25.33,-0.03738591782
子图3,系列7,25.335,-0.03210007339
子图3,系列7,25.34,-0.02570766022
子图3,系列7,25.345,-0.01843890012
子图3,系列7,25.35,-0.01058590666
子图3,系列7,25.355,-0.002482679991
子图3,系列7,25.36,0.005519750569
子图3,系列7,25.365,0.01308059028
子图3,系列7,25.37,0.01989619809
子图3,系列7,25.375,0.02572381972
子图3,系列7,25.38,0.03039965885
子图3,系列7,25.385,0.0338493565
子图3,系列7,25.39,0.03608985204
子图3,系列7,25.395,0.03722251076
子图3,系列7,25.4,0.03741843724
子图3,系列7,25.405,0.03689771564
子图3,系列7,25.41,0.03590500036
子图3,系列7,25.415,0.0346842013
子图3,系列7,25.42,0.03345502295
子图3,系列7,25.425,0.03239378278
子图3,系列7,25.43,0.03162029953
子图3,系列7,25.435,0.03119184272
子图3,系列7,25.44,0.03110419606
子图3,系列7,25.445,0.03129905765
子图3,系列7,25.45,0.03167624807
子图3,系列7,25.455,0.03210878121
子图3,系列7,25.46,0.03245865411
子图3,系列7,25.465,0.03259140864
子图3,系列7,25.47,0.03238790541
子图3,系列7,25.475,0.03175239724
子图3,系列7,25.48,0.03061664972
子图3,系列7,25.485,0.02894053257
子图3,系列7,25.49,0.02670998486
子图3,系列7,25.495,0.02393355711
子图3,系列7,25.5,0.0206387379
子图3,系列7,25.505,0.01686907176
子图3,系列7,25.51,0.0126826552
子图3,系列7,25.515,0.008152119531
子图3,系列7,25.52,0.003365701275
子图3,系列7,25.525,-0.0015713601
子图3,系列7,25.53,-0.00653608186
子图3,系列7,25.535,-0.01138860144
子图3,系列7,25.54,-0.01597538457
子图3,系列7,25.545,-0.02013509565
子图3,系列7,25.55,-0.02370697857
子图3,系列7,25.555,-0.0265410726
子图3,系列7,25.56,-0.02850920168
子图3,系列7,25.565,-0.0295154023
子图3,系列7,25.57,-0.02950443757
子图3,系列7,25.575,-0.02846720227
子图3,系列7,25.58,-0.02644220938
子图3,系列7,25.585,-0.02351283531
子图3,系列7,25.59,-0.01980055868
子图3,系列7,25.595,-0.01545494152
子图3,系列7,25.6,-0.01064149561
子图3,系列7,25.605,-0.005528821305
子图3,系列7,25.61,-0.0002764157527
子图3,系列7,25.615,0.004975582282
子图3,系列7,25.62,0.01011379672
子图3,系列7,25.625,0.01505562628
子图3,系列7,25.63,0.01974981748
子图3,系列7,25.635,0.02417391477
子图3,系列7,25.64,0.02832927953
子图3,系列7,25.645,0.03223452076
子图3,系列7,25.65,0.03591829296
子图3,系列7,25.655,0.0394123111
子图3,系列7,25.66,0.04274530618
子图3,系列7,25.665,0.04593838433
子图3,系列7,25.67,0.04900202106
子图3,系列7,25.675,0.05193466338
子图3,系列7,25.68,0.05472272088
子图3,系列7,25.685,0.05734159101
子图3,系列7,25.69,0.05975729407
子图3,系列7,25.695,0.06192832056
子图3,系列7,25.7,0.06380734643
子图3,系列7,25.705,0.06534262162
子图3,系列7,25.71,0.0664789498
子图3,系列7,25.715,0.06715835989
子图3,系列7,25.72,0.06732065379
子图3,系列7,25.725,0.06690413599
子图3,系列7,25.73,0.06584681641
子图3,系列7,25.735,0.06408838385
子图3,系列7,25.74,0.06157311892
子图3,系列7,25.745,0.05825381614
子图3,系列7,25.75,0.05409658546
子图3,系列7,25.755,0.04908626511
子图3,系列7,25.76,0.04323198483
子图3,系列7,25.765,0.03657232972
子图3,系列7,25.77,0.02917944512
子图3,系列7,25.775,0.02116145701
子图3,系列7,25.78,0.01266260221
子图3,系列7,25.785,0.003860651681
子图3,系列7,25.79,-0.005038639871
子图3,系列7,25.795,-0.01381000492
子图3,系列7,25.8,-0.0222197737
子图3,系列7,25.805,-0.03003897489
子图3,系列7,25.81,-0.03705757077
子图3,系列7,25.815,-0.04309867974
子图3,系列7,25.82,-0.048031574
子图3,系列7,25.825,-0.05178215378
子图3,系列7,25.83,-0.05433976577
子图3,系列7,25.835,-0.05575942013
子图3,系列7,25.84,-0.05615886567
子图3,系列7,25.845,-0.05571039942
子图3,系列7,25.85,-0.05462782431
子图3,系列7,25.855,-0.05314945668
子图3,系列7,25.86,-0.05151855658
子图3,系列7,25.865,-0.04996289313
子图3,系列7,25.87,-0.04867535024
子图3,系列7,25.875,-0.04779748325
子图3,系列7,25.88,-0.04740772776
子图3,系列7,25.885,-0.04751557657
子图3,系列7,25.89,-0.04806246609
子图3,系列7,25.895,-0.04892945624
子图3,系列7,25.9,-0.04995105368
子图3,系列7,25.905,-0.05093386201
子图3,系列7,25.91,-0.05167815582
子图3,系列7,25.915,-0.05200010799
子图3,系列7,25.92,-0.05175224411
子图3,系列7,25.925,-0.05083984437
子图3,系列7,25.93,-0.04923141023
子图3,系列7,25.935,-0.04696197435
子图3,系列7,25.94,-0.04412884729
子图3,系列7,25.945,-0.04088031031
子图3,系列7,25.95,-0.03739862394
子图3,系列7,25.955,-0.03387945784
子图3,系列7,25.96,-0.03051029892
子图3,系列7,25.965,-0.02745055447
子图3,系列7,25.97,-0.02481582099
子图3,系列7,25.975,-0.02266825719
子图3,系列7,25.98,-0.02101413224
子图3,系列7,25.985,-0.01980866993
子图3,系列7,25.99,-0.01896726247
子图3,系列7,25.995,-0.01838129906
子图3,系列7,26,-0.01793619673
子图3,系列7,26.005,-0.01752900856
子图3,系列7,26.01,-0.01708307022
子图3,系列7,26.015,-0.01655769003
子图3,系列7,26.02,-0.01595163289
子图3,系列7,26.025,-0.01530014259
子图3,系列7,26.03,-0.01466617922
子图3,系列7,26.035,-0.01412742714
子图3,系列7,26.04,-0.01376118287
子图3,系列7,26.045,-0.01362951925
子图3,系列7,26.05,-0.01376698377
子图3,系列7,26.055,-0.01417267643
子图3,系列7,26.06,-0.01480782887
子图3,系列7,26.065,-0.01559919349
子图3,系列7,26.07,-0.01644767633
子图3,系列7,26.075,-0.01724092969
子图3,系列7,26.08,-0.0178680738
子图3,系列7,26.085,-0.01823448673
子图3,系列7,26.09,-0.01827463178
子图3,系列7,26.095,-0.01796123265
子图3,系列7,26.1,-0.0173096233
子图3,系列7,26.105,-0.01637678348
子图3,系列7,26.11,-0.01525524189
子图3,系列7,26.115,-0.01406268542
子图3,系列7,26.12,-0.01292857807
子图3,系列7,26.125,-0.01197942555
子图3,系列7,26.13,-0.01132438342
子图3,系列7,26.135,-0.01104282593
子图3,系列7,26.14,-0.01117518164
子图3,系列7,26.145,-0.0117179627
子图3,系列7,26.15,-0.01262341913
子图3,系列7,26.155,-0.01380378116
子图3,系列7,26.16,-0.01513959058
子图3,系列7,26.165,-0.01649124877
子图3,系列7,26.17,-0.01771262858
子图3,系列7,26.175,-0.01866541976
子图3,系列7,26.18,-0.01923283538
子图3,系列7,26.185,-0.01933135266
子图3,系列7,26.19,-0.01891935092
子图3,系列7,26.195,-0.01800176326
子图3,系列7,26.2,-0.01663022914
子图3,系列7,26.205,-0.01489863825
子图3,系列7,26.21,-0.01293440275
子图3,系列7,26.215,-0.01088622441
子图3,系列7,26.22,-0.008909479769
子图3,系列7,26.225,-0.007150629634
子图3,系列7,26.23,-0.005732150692
子图3,系列7,26.235,-0.004739484776
子图3,系列7,26.24,-0.004211250279
子图3,系列7,26.245,-0.004133669692
子图3,系列7,26.25,-0.004439669561
子图3,系列7,26.255,-0.005012690752
子图3,系列7,26.26,-0.005694734239
子图3,系列7,26.265,-0.006297850624
子图3,系列7,26.27,-0.006617979267
子图3,系列7,26.275,-0.006449975105
子图3,系列7,26.28,-0.005602649167
子图3,系列7,26.285,-0.003912809347
子图3,系列7,26.29,-0.001257471925
子图3,系列7,26.295,0.002436345003
子图3,系列7,26.3,0.007184628598
子图3,系列7,26.305,0.0129423891
子图3,系列7,26.31,0.01960278718
子图3,系列7,26.315,0.02699940527
子图3,系列7,26.32,0.03491166872
子图3,系列7,26.325,0.04307338218
子图3,系列7,26.33,0.05118429258
子图3,系列7,26.335,0.0589244504
子图3,系列7,26.34,0.06597096729
子图3,系列7,26.345,0.07201648657
子图3,系列7,26.35,0.07678841493
子图3,系列7,26.355,0.0800676492
子图3,系列7,26.36,0.08170533623
子图3,系列7,26.365,0.08163607731
子图3,系列7,26.37,0.07988608102
子图3,系列7,26.375,0.07657502168
子图3,系列7,26.38,0.07191084156
子图3,系列7,26.385,0.06617736915
子图3,系列7,26.39,0.05971535673
子图3,系列7,26.395,0.05289830271
子图3,系列7,26.4,0.04610505162
子图3,系列7,26.405,0.03969166047
子图3,系列7,26.41,0.03396516592
子图3,系列7,26.415,0.02916181907
子图3,系列7,26.42,0.02543186127
子图3,系列7,26.425,0.02283228833
子图3,系列7,26.43,0.02132810989
子图3,系列7,26.435,0.02080175206
子图3,系列7,26.44,0.02106930763
子图3,系列7,26.445,0.02190170566
子图3,系列7,26.45,0.02304836354
子图3,系列7,26.455,0.02426080009
子图3,系列7,26.46,0.0253138053
子图3,系列7,26.465,0.02602224239
子图3,系列7,26.47,0.02625216434
子图3,系列7,26.475,0.02592570583
子图3,系列7,26.48,0.0250199516
子图3,系列7,26.485,0.02356067882
子图3,系列7,26.49,0.02161236918
子图3,系列7,26.495,0.01926620111
子图3,系列7,26.5,0.01662776902
子图3,系列7,26.505,0.01380611975
子图3,系列7,26.51,0.0109052912
子图3,系列7,26.515,0.008019054742
子图3,系列7,26.52,0.005228950617
子图3,系列7,26.525,0.00260519777
子图3,系列7,26.53,0.0002095701643
子图3,系列7,26.535,-0.001900893314
子图3,系列7,26.54,-0.00367059148
子图3,系列7,26.545,-0.005043519952
子图3,系列7,26.55,-0.00596363717
子图3,系列7,26.555,-0.006377670121
子图3,系列7,26.56,-0.006240110908
子图3,系列7,26.565,-0.005519634375
子图3,系列7,26.57,-0.004205836584
子图3,系列7,26.575,-0.002314995067
子图3,系列7,26.58,0.0001063820676
子图3,系列7,26.585,0.002981196192
子图3,系列7,26.59,0.006205113364
子图3,系列7,26.595,0.009653602222
子图3,系列7,26.6,0.0131920494
子图3,系列7,26.605,0.01668782567
子图3,系列7,26.61,0.02002283562
子图3,系列7,26.615,0.02310491687
子图3,系列7,26.62,0.02587656541
子图3,系列7,26.625,0.02831975337
子图3,系列7,26.63,0.03045611925
子图3,系列7,26.635,0.03234238926
子图3,系列7,26.64,0.03406152731
子图3,系列7,26.645,0.0357106544
子图3,系列7,26.65,0.03738720208
子图3,系列7,26.655,0.03917498398
子图3,系列7,26.66,0.04113186533
子图3,系列7,26.665,0.04328050435
子图3,系列7,26.67,0.04560322435
子图3,系列7,26.675,0.04804156976
子图3,系列7,26.68,0.05050049627
子图3,系列7,26.685,0.05285661589
子图3,系列7,26.69,0.05496943197
子图3,系列7,26.695,0.05669422127
子图3,系列7,26.7,0.05789507646
子图3,系列7,26.705,0.05845672256
子图3,系列7,26.71,0.05829394369
子图3,系列7,26.715,0.0573578492
子图3,系列7,26.72,0.05563862156
子图3,系列7,26.725,0.05316484035
子图3,系列7,26.73,0.04999982564
子图3,系列7,26.735,0.04623572864
子图3,系列7,26.74,0.04198620856
子图3,系列7,26.745,0.03737856478
子图3,系列7,26.75,0.03254606101
子图3,系列7,26.755,0.02762102874
子图3,系列7,26.76,0.02272908821
子图3,系列7,26.765,0.01798464969
子图3,系列7,26.77,0.01348764047
子图3,系列7,26.775,0.009321322525
子图3,系列7,26.78,0.005550957768
子图3,系列7,26.785,0.002223120616
子图3,系列7,26.79,-0.0006345539927
子图3,系列7,26.795,-0.003013281554
子图3,系列7,26.8,-0.004922769386
子图3,系列7,26.805,-0.006390537656
子图3,系列7,26.81,-0.007460869626
子图3,系列7,26.815,-0.008193262145
子图3,系列7,26.82,-0.008660298104
子图3,系列7,26.825,-0.008944844843
子图3,系列7,26.83,-0.009136580494
子图3,系列7,26.835,-0.009327883214
子图3,系列7,26.84,-0.009609236725
子图3,系列7,26.845,-0.01006435494
子图3,系列7,26.85,-0.01076532276
子图3,系列7,26.855,-0.01176806821
子图3,系列7,26.86,-0.01310850909
子图3,系列7,26.865,-0.01479967174
子图3,系列7,26.87,-0.0168300329
子图3,系列7,26.875,-0.01916323587
子图3,系列7,26.88,-0.02173924634
子图3,系列7,26.885,-0.0244769026
子图3,系列7,26.89,-0.02727773988
子图3,系列7,26.895,-0.0300308855
子图3,系列7,26.9,-0.03261878109
子图3,系列7,26.905,-0.03492343887
子图3,系列7,26.91,-0.03683292297
子图3,系列7,26.915,-0.03824771707
子图3,系列7,26.92,-0.03908663318
子图3,系列7,26.925,-0.03929190532
子图3,系列7,26.93,-0.03883312413
子图3,系列7,26.935,-0.03770970021
子图3,系列7,26.94,-0.03595160376
子图3,系列7,26.945,-0.03361822963
子图3,系列7,26.95,-0.03079535706
子图3,系列7,26.955,-0.02759033784
子图3,系列7,26.96,-0.0241257957
子图3,系列7,26.965,-0.02053229032
子图3,系列7,26.97,-0.01694050426
子图3,系列7,26.975,-0.0134736068
子图3,系列7,26.98,-0.01024043369
子图3,系列7,26.985,-0.00733008595
子图3,系列7,26.99,-0.004808388154
子图3,系列7,26.995,-0.002716486979
子图3,系列7,27,-0.001071605589
子图3,系列7,27.005,0.0001302365383
子图3,系列7,27.01,0.0009099915309
子图3,系列7,27.015,0.001300430242
子图3,系列7,27.02,0.001340799877
子图3,系列7,27.025,0.001071997176
子图3,系列7,27.03,0.0005329025531
子图3,系列7,27.035,-0.0002416929859
子图3,系列7,27.04,-0.001221375482
子图3,系列7,27.045,-0.002378732679
子图3,系列7,27.05,-0.003686726991
子图3,系列7,27.055,-0.005115473569
子图3,系列7,27.06,-0.006629235188
子图3,系列7,27.065,-0.008184456589
子图3,系列7,27.07,-0.009729556183
子图3,系列7,27.075,-0.01120692353
子图3,系列7,27.08,-0.01255723339
子图3,系列7,27.085,-0.01372576203
子图3,系列7,27.09,-0.01467000331
子图3,系列7,27.095,-0.01536754024
子图3,系列7,27.1,-0.01582292879
子图3,系列7,27.105,-0.01607231449
子图3,系列7,27.11,-0.01618465256
子图3,系列7,27.115,-0.01625875051
子图3,系列7,27.12,-0.01641583436
子图3,系列7,27.125,-0.01678795052
子图3,系列7,27.13,-0.01750312009
子图3,系列7,27.135,-0.01866875026
子图3,系列7,27.14,-0.02035521093
子图3,系列7,27.145,-0.02258171983
子图3,系列7,27.15,-0.02530659535
子图3,系列7,27.155,-0.0284236158
子图3,系列7,27.16,-0.03176557663
子图3,系列7,27.165,-0.03511533382
子图3,系列7,27.17,-0.03822364612
子图3,系列7,27.175,-0.04083221807
子图3,系列7,27.18,-0.04269952392
子图3,系列7,27.185,-0.04362648974
子图3,系列7,27.19,-0.04347892924
子图3,系列7,27.195,-0.04220389612
子图3,系列7,27.2,-0.03983775746
子图3,系列7,27.205,-0.03650478363
子图3,系列7,27.21,-0.03240623256
子图3,系列7,27.215,-0.02780113513
子图3,系列7,27.22,-0.0229810803
子图3,系列7,27.225,-0.01824209478
子图3,系列7,27.23,-0.0138570873
子图3,系列7,27.235,-0.01005223149
子图3,系列7,27.24,-0.006990078479
子图3,系列7,27.245,-0.004761240518
子图3,系列7,27.25,-0.003385249913
子图3,系列7,27.255,-0.002819927376
子图3,系列7,27.26,-0.00297738716
子图3,系列7,27.265,-0.003743944065
子图3,系列7,27.27,-0.005000683704
子图3,系列7,27.275,-0.006641502897
子图3,系列7,27.28,-0.008585896718
子图3,系列7,27.285,-0.010784699
子图3,系列7,27.29,-0.01321813357
子图3,系列7,27.295,-0.01588681127
子图3,系列7,27.3,-0.01879745258
子图3,系列7,27.305,-0.02194599914
子图3,系列7,27.31,-0.02530123675
子图3,系列7,27.315,-0.02879202731
子图3,系列7,27.32,-0.03230074321
子图3,系列7,27.325,-0.03566457564
子图3,系列7,27.33,-0.03868520456
子图3,系列7,27.335,-0.04114602658
子图3,系列7,27.34,-0.0428349474
子图3,系列7,27.345,-0.04356982216
子图3,系列7,27.35,-0.04322310282
子图3,系列7,27.355,-0.04174222324
子图3,系列7,27.36,-0.03916268321
子图3,系列7,27.365,-0.03561168821
子图3,系列7,27.37,-0.03130134675
子图3,系列7,27.375,-0.02651178524
子图3,系列7,27.38,-0.02156578586
子图3,系列7,27.385,-0.01679769439
子图3,系列7,27.39,-0.01252004874
子图3,系列7,27.395,-0.008991767833
子图3,系列7,27.4,-0.006391554251
子图3,系列7,27.405,-0.004799651631
子图3,系列7,27.41,-0.004190107828
子图3,系列7,27.415,-0.00443455013
子图3,系列7,27.42,-0.005317130694
子图3,系列7,27.425,-0.006559060428
子图3,系列7,27.43,-0.007850033593
子图3,系列7,27.435,-0.008883074468
子图3,系列7,27.44,-0.009388936122
子图3,系列7,27.445,-0.009166232222
子图3,系列7,27.45,-0.008103965573
子图3,系列7,27.455,-0.006193976694
子图3,系列7,27.46,-0.003531977705
子图3,系列7,27.465,-0.0003071241795
子图3,系列7,27.47,0.003218647089
子图3,系列7,27.475,0.006739148148
子图3,系列7,27.48,0.009937145619
子图3,系列7,27.485,0.01251855745
子图3,系列7,27.49,0.01424393997
子图3,系列7,27.495,0.01495389793
子图3,系列7,27.5,0.01458581949
子图3,系列7,27.505,0.01318029327
子图3,系列7,27.51,0.01087674786
子图3,系列7,27.515,0.007898971102
子图3,系列7,27.52,0.004532246286
子图3,系列7,27.525,0.001094637973
子图3,系列7,27.53,-0.00209448696
子图3,系列7,27.535,-0.004745444438
子图3,系列7,27.54,-0.00662561138
子图3,系列7,27.545,-0.007580557914
子图3,系列7,27.55,-0.00754702506
子图3,系列7,27.555,-0.006556730604
子图3,系列7,27.56,-0.004730972024
子图3,系列7,27.565,-0.002266923159
子图3,系列7,27.57,0.0005826489767
子图3,系列7,27.575,0.003533938278
子图3,系列7,27.58,0.006298273233
子图3,系列7,27.585,0.008607246045
子图3,系列7,27.59,0.01023438502
子图3,系列7,27.595,0.01101147998
子图3,系列7,27.6,0.01083835212
子图3,系列7,27.605,0.009685643894
子图3,系列7,27.61,0.007590969853
子图3,系列7,27.615,0.004649451376
子图3,系列7,27.62,0.00100016178
子图3,系列7,27.625,-0.003189685317
子图3,系列7,27.63,-0.007740913926
子图3,系列7,27.635,-0.01247717909
子图3,系列7,27.64,-0.017236979
子图3,系列7,27.645,-0.02188194475
子图3,系列7,27.65,-0.02630102765
子图3,系列7,27.655,-0.03041072833
子图3,系列7,27.66,-0.03415200927
子图3,系列7,27.665,-0.03748487398
子图3,系列7,27.67,-0.04038181083
子图3,系列7,27.675,-0.04282131115
子图3,系列7,27.68,-0.04478253496
子图3,系列7,27.685,-0.04624190691
子图3,系列7,27.69,-0.04717205326
子图3,系列7,27.695,-0.04754308687
子图3,系列7,27.7,-0.04732587359
子图3,系列7,27.705,-0.04649663465
子图3,系列7,27.71,-0.045042072
子图3,系列7,27.715,-0.04296418863
子图3,系列7,27.72,-0.04028406824
子图3,系列7,27.725,-0.03704409043
子图3,系列7,27.73,-0.03330829513
子图3,系列7,27.735,-0.02916088622
子图3,系列7,27.74,-0.02470306663
子图3,系列7,27.745,-0.02004858112
子图3,系列7,27.75,-0.01531839496
子图3,系列7,27.755,-0.01063497772
子图3,系列7,27.76,-0.006116571402
子图3,系列7,27.765,-0.001871778656
子图3,系列7,27.77,0.002005334736
子图3,系列7,27.775,0.005439462159
子图3,系列7,27.78,0.008377546439
子图3,系列7,27.785,0.01079145071
子图3,系列7,27.79,0.01267975909
子图3,系列7,27.795,0.01406857701
子图3,系列7,27.8,0.01501120404
子图3,系列7,27.805,0.01558648662
子图3,系列7,27.81,0.01589569169
子图3,系列7,27.815,0.01605775875
子图3,系列7,27.82,0.01620290322
子图3,系列7,27.825,0.01646467179
子图3,系列7,27.83,0.01697074872
子图3,系列7,27.835,0.01783301339
子图3,系列7,27.84,0.01913756014
子图3,系列7,27.845,0.02093555923
子图3,系列7,27.85,0.02323593477
子图3,系列7,27.855,0.02600083105
子图3,系列7,27.86,0.0291447017
子图3,系列7,27.865,0.0325375924
子图3,系列7,27.87,0.03601279338
子图3,系列7,27.875,0.03937856618
子图3,系列7,27.88,0.04243313657
子图3,系列7,27.885,0.04498167739
子图3,系列7,27.89,0.04685364471
子图3,系列7,27.895,0.04791864707
子图3,系列7,27.9,0.04809907354
子图3,系列7,27.905,0.04737798022
子图3,系列7,27.91,0.04580124322
子图3,系列7,27.915,0.04347363514
子图3,系列7,27.92,0.04054922898
子图3,系列7,27.925,0.03721722628
子图3,系列7,27.93,0.033684889
子图3,系列7,27.935,0.03015959679
子图3,系列7,27.94,0.02683212891
子图3,系列7,27.945,0.02386305219
子图3,系列7,27.95,0.02137361071
子图3,系列7,27.955,0.01944185625
子图3,系列7,27.96,0.01810398113
子图3,系列7,27.965,0.01736010536
子图3,系列7,27.97,0.01718314206
子图3,系列7,27.975,0.01752902139
子图3,系列7,27.98,0.01834641993
子图3,系列7,27.985,0.01958436739
子图3,系列7,27.99,0.02119651424
子图3,系列7,27.995,0.02314150943
子图3,系列7,28,0.02537962542
子图3,系列7,28.005,0.02786649378
子图3,系列7,28.01,0.03054534941
子图3,系列7,28.015,0.03333954977
子图3,系列7,28.02,0.03614716851
子图3,系列7,28.025,0.03883925216
子图3,系列7,28.03,0.0412627923
子图3,系列7,28.035,0.04324878282
子图3,系列7,28.04,0.04462489216
子图3,系列7,28.045,0.04523151978
子图3,系列7,28.05,0.04493932999
子图3,系列7,28.055,0.04366599051
子图3,系列7,28.06,0.04138973873
子图3,系列7,28.065,0.03815770532
子图3,系列7,28.07,0.03408748938
子图3,系列7,28.075,0.02936135576
子图3,系列7,28.08,0.02421335866
子图3,系列7,28.085,0.01891068887
子图3,系列7,28.09,0.01373129999
子图3,系列7,28.095,0.008940429724
子图3,系列7,28.1,0.004768747419
子图3,系列7,28.105,0.001394676431
子图3,系列7,28.11,-0.001067183217
子图3,系列7,28.115,-0.002570404399
子图3,系列7,28.12,-0.003133742876
子图3,系列7,28.125,-0.002831621008
子图3,系列7,28.13,-0.00177973562
子图3,系列7,28.135,-0.0001179537657
子图3,系列7,28.14,0.002007119572
子图3,系列7,28.145,0.004457674328
子图3,系列7,28.15,0.007116546472
子图3,系列7,28.155,0.009894275595
子图3,系列7,28.16,0.01273103268
子图3,系列7,28.165,0.01559383216
子图3,系列7,28.17,0.0184700691
子图3,系列7,28.175,0.02135883085
子图3,系列7,28.18,0.02426158642
子图3,系列7,28.185,0.02717376167
子图3,系列7,28.19,0.03007838868
子图3,系列7,28.195,0.03294257458
子图3,系列7,28.2,0.03571701535
子图3,系列7,28.205,0.03833831884
子图3,系列7,28.21,0.0407335174
子图3,系列7,28.215,0.04282594368
子图3,系列7,28.22,0.04454157555
子图3,系列7,28.225,0.04581505873
子图3,系列7,28.23,0.04659480707
子图3,系列7,28.235,0.04684684013
子图3,系列7,28.24,0.04655725977
子图3,系列7,28.245,0.04573346951
子图3,系列7,28.25,0.04440434689
子图3,系列7,28.255,0.04261960503
子图3,系列7,28.26,0.04044851021
子图3,系列7,28.265,0.03797801781
子图3,系列7,28.27,0.03531025158
子图3,系列7,28.275,0.03255916886
子图3,系列7,28.28,0.02984620498
子图3,系列7,28.285,0.02729476192
子图3,系列7,28.29,0.02502352223
子图3,系列7,28.295,0.02313880181
子图3,系列7,28.3,0.02172636651
子图3,系列7,28.305,0.02084339939
子图3,系列7,28.31,0.02051143546
子图3,系列7,28.315,0.02071118838
子图3,系列7,28.32,0.02138008175
子图3,系列7,28.325,0.02241314691
子图3,系列7,28.33,0.02366757315
子图3,系列7,28.335,0.02497084918
子图3,系列7,28.34,0.0261319472
子图3,系列7,28.345,0.02695466465
子图3,系列7,28.35,0.0272518885
子图3,系列7,28.355,0.02685945105
子图3,系列7,28.36,0.0256482242
子图3,系列7,28.365,0.02353334547
子图3,系列7,28.37,0.02047977865
子图3,系列7,28.375,0.01650389507
子图3,系列7,28.38,0.01167120394
子图3,系列7,28.385,0.006090824583
子图3,系列7,28.39,-9.241186287e-05
子图3,系列7,28.395,-0.006707141642
子图3,系列7,28.4,-0.01356487312
子图3,系列7,28.405,-0.0204686958
子图3,系列7,28.41,-0.02722070057
子图3,系列7,28.415,-0.0336278461
子图3,系列7,28.42,-0.03950640503
子图3,系列7,28.425,-0.0446853834
子图3,系列7,28.43,-0.04900951477
子图3,系列7,28.435,-0.05234241756
子图3,系列7,28.44,-0.0545703965
子图3,系列7,28.445,-0.05560707781
子图3,系列7,28.45,-0.05539874287
子图3,系列7,28.455,-0.05392985815
子图3,系列7,28.46,-0.05122801606
子图3,系列7,28.465,-0.04736733609
子图3,系列7,28.47,-0.04246937345
子图3,系列7,28.475,-0.036700779
子图3,系列7,28.48,-0.03026727956
子图3,系列7,28.485,-0.02340403032
子图3,系列7,28.49,-0.01636285631
子图3,系列7,28.495,-0.009397399882
子图3,系列7,28.5,-0.002747495071
子图3,系列7,28.505,0.00337568075
子图3,系列7,28.51,0.008802202875
子图3,系列7,28.515,0.01341243329
子图3,系列7,28.52,0.01714163422
子图3,系列7,28.525,0.01997975267
子图3,系列7,28.53,0.02196657393
子图3,系列7,28.535,0.02318290865
子图3,系列7,28.54,0.02373893941
子图3,系列7,28.545,0.0237610765
子图3,系列7,28.55,0.0233787817
子图3,系列7,28.555,0.02271269644
子图3,系列7,28.56,0.02186515849
子图3,系列7,28.565,0.02091381655
子图3,系列7,28.57,0.01990860881
子图3,系列7,28.575,0.01887196251
子图3,系列7,28.58,0.01780167536
子图3,系列7,28.585,0.01667570943
子图3,系列7,28.59,0.01545795807
子图3,系列7,28.595,0.01410409612
子图3,系列7,28.6,0.01256672151
子图3,系列7,28.605,0.01079927763
子图3,系列7,28.61,0.008758511158
子图3,系列7,28.615,0.006405569041
子图3,系列7,28.62,0.00370608989
子图3,系列7,28.625,0.000629868107
子图3,系列7,28.63,-0.002849259346
子图3,系列7,28.635,-0.006752681113
子图3,系列7,28.64,-0.01109498222
子图3,系列7,28.645,-0.01588043028
子图3,系列7,28.65,-0.02109812004
子图3,系列7,28.655,-0.0267162694
子图3,系列7,28.66,-0.03267645889
子图3,系列7,28.665,-0.03888882156
子图3,系列7,28.67,-0.04522925456
子图3,系列7,28.675,-0.05153963445
子图3,系列7,28.68,-0.05763175266
子图3,系列7,28.685,-0.06329528357
子图3,系列7,28.69,-0.06830959279
子图3,系列7,28.695,-0.07245865427
子图3,系列7,28.7,-0.07554785255
子图3,系列7,28.705,-0.07742106352
子图3,系列7,28.71,-0.07797621008
子图3,系列7,28.715,-0.07717750339
子图3,系列7,28.72,-0.0750628268
子图3,系列7,28.725,-0.07174517373
子图3,系列7,28.73,-0.06740765458
子图3,系列7,28.735,-0.06229228775
子图3,系列7,28.74,-0.05668346422
子图3,系列7,28.745,-0.05088759024
子图3,系列7,28.75,-0.04521082041
子图3,系列7,28.755,-0.03993703267
子图3,系列7,28.76,-0.03530813044
子图3,系列7,28.765,-0.03150852077
子图3,系列7,28.77,-0.02865510374
子图3,系列7,28.775,-0.02679353232
子图3,系列7,28.78,-0.02590077887
子图3,系列7,28.785,-0.02589341985
子图3,系列7,28.79,-0.02664044026
子图3,系列7,28.795,-0.0279789819
子图3,系列7,28.8,-0.0297312098
子图3,系列7,28.805,-0.03172050335
子图3,系列7,28.81,-0.03378535442
子图3,系列7,28.815,-0.03578976011
子图3,系列7,28.82,-0.03762936682
子图3,系列7,28.825,-0.03923319867
子图3,系列7,28.83,-0.04056131107
子图3,系列7,28.835,-0.04159919413
子图3,系列7,28.84,-0.04235004708
子图3,系列7,28.845,-0.04282624005
子图3,系列7,28.85,-0.04304123634
子图3,系列7,28.855,-0.04300311368
子图3,系列7,28.86,-0.0427104847
子图3,系列7,28.865,-0.04215127259
子图3,系列7,28.87,-0.04130434309
子图3,系列7,28.875,-0.04014364553
子图3,系列7,28.88,-0.03864415485
子图3,系列7,28.885,-0.03678873391
子图3,系列7,28.89,-0.03457490504
子图3,系列7,28.895,-0.03202059492
子图3,系列7,28.9,-0.02916802596
子图3,系列7,28.905,-0.02608519845
子图3,系列7,28.91,-0.02286465769
子图3,系列7,28.915,-0.01961957917
子图3,系列7,28.92,-0.01647745702
子图3,系列7,28.925,-0.01357195758
子图3,系列7,28.93,-0.01103364229
子图3,系列7,28.935,-0.008980399432
子图3,系列7,28.94,-0.007508407174
子图3,系列7,28.945,-0.006684429643
子图3,系列7,28.95,-0.006540081481
子图3,系列7,28.955,-0.007068556634
子图3,系列7,28.96,-0.008224055415
子图3,系列7,28.965,-0.009923954059
子图3,系列7,28.97,-0.0120534836
子图3,系列7,28.975,-0.01447252656
子图3,系列7,28.98,-0.01702393128
子图3,系列7,28.985,-0.01954268698
子图3,系列7,28.99,-0.02186522375
子图3,系列7,28.995,-0.02383817873
子图3,系列7,29,-0.02532603275
子图3,系列7,29.005,-0.02621720992
子图3,系列7,29.01,-0.02642839224
子图3,系列7,29.015,-0.02590702739
子图3,系列7,29.02,-0.02463217305
子图3,系列7,29.025,-0.022613987
子图3,系列7,29.03,-0.01989224259
子图3,系列7,29.035,-0.01653427517
子图3,系列7,29.04,-0.01263268525
子图3,系列7,29.045,-0.008303002477
子图3,系列7,29.05,-0.003681322768
子图3,系列7,29.055,0.001078243244
子图3,系列7,29.06,0.005806643208
子图3,系列7,29.065,0.01032387874
子图3,系列7,29.07,0.01444432442
子图3,系列7,29.075,0.01798362056
子图3,系列7,29.08,0.02076717175
子图3,系列7,29.085,0.02263995391
子图3,系列7,29.09,0.02347702087
子图3,系列7,29.095,0.02319379167
子图3,系列7,29.1,0.02175502711
子图3,系列7,29.105,0.01918134473
子图3,系列7,29.11,0.01555226283
子图3,系列7,29.115,0.01100504697
子图3,系列7,29.12,0.005729062758
子图3,系列7,29.125,-4.416495452e-05
子图3,系列7,29.13,-0.006054493083
子图3,系列7,29.135,-0.01202917141
子图3,系列7,29.14,-0.01769991879
子图3,系列7,29.145,-0.02281952093
子图3,系列7,29.15,-0.02717650381
子图3,系列7,29.155,-0.03060665273
子图3,系列7,29.16,-0.03300055272
子图3,系列7,29.165,-0.03430675078
子图3,系列7,29.17,-0.03453062502
子图3,系列7,29.175,-0.03372943926
子图3,系列7,29.18,-0.03200437838
子图3,系列7,29.185,-0.02949053936
子图3,系列7,29.19,-0.02634587973
子图3,系列7,29.195,-0.02274006383
子图3,系列7,29.2,-0.01884393951
子图3,系列7,29.205,-0.01482019692
子图3,系列7,29.21,-0.01081549122
子图3,系列7,29.215,-0.006954179563
子图3,系列7,29.22,-0.003333652906
子图3,系列7,29.225,-2.125338564e-05
子图3,系列7,29.23,0.002947259459
子图3,系列7,29.235,0.00556762647
子图3,系列7,29.24,0.00786530134
子图3,系列7,29.245,0.009891813053
子图3,系列7,29.25,0.01171920143
子图3,系列7,29.255,0.01343255712
子图3,系列7,29.26,0.015120915
子图3,系列7,29.265,0.01686700375
子图3,系列7,29.27,0.01873663227
子图3,系列7,29.275,0.0207687305
子图3,系列7,29.28,0.02296720245
子图3,系列7,29.285,0.02529575852
子图3,系列7,29.29,0.02767672131
子图3,系列7,29.295,0.02999446919
子图3,系列7,29.3,0.03210368259
子图3,系列7,29.305,0.03384198362
子图3,系列7,29.31,0.035045939
子图3,系列7,29.315,0.03556886649
子图3,系列7,29.32,0.03529848326
子图3,系列7,29.325,0.03417228428
子图3,系列7,29.33,0.03218863638
子图3,系列7,29.335,0.02941197262
子图3,系列7,29.34,0.02597109585
子图3,系列7,29.345,0.0220504163
子图3,系列7,29.35,0.01787481714
子图3,系列7,29.355,0.01368967973
子图3,系列7,29.36,0.009738257892
子图3,系列7,29.365,0.006239002684
子图3,系列7,29.37,0.003365506509
子图3,系列7,29.375,0.001231476482
子图3,系列7,29.38,-0.0001174563358
子图3,系列7,29.385,-0.000704111637
子图3,系列7,29.39,-0.0006123354663
子图3,系列7,29.395,2.722387345e-05
子图3,系列7,29.4,0.001056248403
子图3,系列7,29.405,0.002310274378
子图3,系列7,29.41,0.003639770687
子图3,系列7,29.415,0.004928012493
子图3,系列7,29.42,0.006103428579
子图3,系列7,29.425,0.007144870288
子图3,系列7,29.43,0.008079231821
子图3,系列7,29.435,0.008971924734
子图3,系列7,29.44,0.009911711937
子图3,系列7,29.445,0.01099220623
子图3,系列7,29.45,0.0122927996
子图3,系列7,29.455,0.01386186678
子图3,系列7,29.46,0.01570473087
子图3,系列7,29.465,0.01777818599
子图3,系列7,29.47,0.01999239094
子图3,系列7,29.475,0.02221988703
子图3,系列7,29.48,0.02431044739
子图3,系列7,29.485,0.02610965399
子图3,系列7,29.49,0.02747858084
子图3,系列7,29.495,0.02831185773
子图3,系列7,29.5,0.02855166554
子图3,系列7,29.505,0.0281958435
子图3,系列7,29.51,0.02729915461
子图3,系列7,29.515,0.02596772262
子图3,系列7,29.52,0.02434758178
子图3,系列7,29.525,0.02260902908
子图3,系列7,29.53,0.0209289407
子图3,系列7,29.535,0.01947335917
子图3,系列7,29.54,0.0183824585
子图3,系列7,29.545,0.01775952668
子图3,系列7,29.55,0.01766491476
子图3,系列7,29.555,0.01811515721
子图3,系列7,29.56,0.01908672277
子图3,系列7,29.565,0.02052328964
子图3,系列7,29.57,0.02234505556
子图3,系列7,29.575,0.02445850848
子图3,系列7,29.58,0.02676522093
子图3,系列7,29.585,0.0291686148
子图3,系列7,29.59,0.03157813403
子图3,系列7,29.595,0.0339108259
子图3,系列7,29.6,0.03609081465
子图3,系列7,29.605,0.03804752795
子图3,系列7,29.61,0.03971369351
子图3,系列7,29.615,0.04102410064
子图3,系列7,29.62,0.04191587055
子图3,系列7,29.625,0.04233062048
子图3,系列7,29.63,0.0422184377
子图3,系列7,29.635,0.04154316699
子图3,系列7,29.64,0.04028815104
子图3,系列7,29.645,0.03846140322
子图3,系列7,29.65,0.03609917005
子图3,系列7,29.655,0.03326706013
子图3,系列7,29.66,0.0300582333
子图3,系列7,29.665,0.02658861417
子图3,系列7,29.67,0.02298951833
子图3,系列7,29.675,0.01939851202
子图3,系列7,29.68,0.01594955963
子图3,系列7,29.685,0.01276365437
子图3,系列7,29.69,0.009941005919
子图3,系列7,29.695,0.007555653819
子图3,系列7,29.7,0.005652968623
子图3,系列7,29.705,0.004250121022
子图3,系列7,29.71,0.003339154242
子图3,系列7,29.715,0.002892003174
子图3,系列7,29.72,0.002866572314
子图3,系列7,29.725,0.003212963892
子图3,系列7,29.73,0.003879021206
子图3,系列7,29.735,0.004814586896
子图3,系列7,29.74,0.005974144761
子图3,系列7,29.745,0.007317826042
子图3,系列7,29.75,0.008811015504
子图3,系列7,29.755,0.01042298523
子图3,系列7,29.76,0.01212506977
子图3,系列7,29.765,0.01388888661
子图3,系列7,29.77,0.01568501388
子图3,系列7,29.775,0.01748238813
子图3,系列7,29.78,0.019248521
子图3,系列7,29.785,0.02095047629
子图3,系列7,29.79,0.02255643039
子图3,系列7,29.795,0.02403756594
子图3,系列7,29.8,0.02537001937
子图3,系列7,29.805,0.02653662128
子图3,系列7,29.81,0.02752819455
子图3,系列7,29.815,0.0283442398
子图3,系列7,29.82,0.02899286965
子图3,系列7,29.825,0.02948993146
子图3,系列7,29.83,0.02985728632
子图3,系列7,29.835,0.03012031006
子图3,系列7,29.84,0.03030472851
子图3,系列7,29.845,0.03043302769
子图3,系列7,29.85,0.03052074604
子图3,系列7,29.855,0.03057307907
子图3,系列7,29.86,0.03058225924
子图3,系列7,29.865,0.03052620892
子图3,系列7,29.87,0.03036888173
子图3,系列7,29.875,0.03006258525
子图3,系列7,29.88,0.02955234924
子图3,系列7,29.885,0.02878214427
子图3,系列7,29.89,0.02770245632
子图3,系列7,29.895,0.02627845941
子图3,系列7,29.9,0.02449782213
子图3,系列7,29.905,0.02237709741
子图3,系列7,29.91,0.01996568401
子图3,系列7,29.915,0.01734655033
子图3,系列7,29.92,0.0146332235
子图3,系列7,29.925,0.01196298659
子图3,系列7,29.93,0.009486672749
子图3,系列7,29.935,0.007355919739
子图3,系列7,29.94,0.005709086543
子图3,系列7,29.945,0.004657302092
子图3,系列7,29.95,0.004272143171
子图3,系列7,29.955,0.004576361679
子图3,系列7,29.96,0.005538753138
子图3,系列7,29.965,0.007073877007
子图3,系列7,29.97,0.00904679523
子图3,系列7,29.975,0.01128250325
子图3,系列7,29.98,0.01357921168
子图3,系列7,29.985,0.01572427151
子图3,系列7,29.99,0.01751126708
子图3,系列7,29.995,0.01875672237
子图3,系列7,30,0.01931493437
子图3,系列7,30.005,0.0190896675
子图3,系列7,30.01,0.01804177852
子图3,系列7,30.015,0.01619223965
子图3,系列7,30.02,0.01362045571
子图3,系列7,30.025,0.01045817135
子图3,系列7,30.03,0.00687960399
子图3,系列7,30.035,0.003088700891
子图3,系列7,30.04,-0.0006954359237
子图3,系列7,30.045,-0.004253834854
子图3,系列7,30.05,-0.007382580129
子图3,系列7,30.055,-0.009906376286
子图3,系列7,30.06,-0.01168993178
子图3,系列7,30.065,-0.01264648687
子图3,系列7,30.07,-0.01274304224
子图3,系列7,30.075,-0.01200201402
子图3,系列7,30.08,-0.01049927409
子图3,系列7,30.085,-0.008358709529
子图3,系列7,30.09,-0.005743650463
子图3,系列7,30.095,-0.002845687185
子图3,系列7,30.1,0.0001284255469
子图3,系列7,30.105,0.002970939026
子图3,系列7,30.11,0.005487418395
子图3,系列7,30.115,0.007510190628
子图3,系列7,30.12,0.008909958654
子图3,系列7,30.125,0.009604674542
子图3,系列7,30.13,0.009564935738
子图3,系列7,30.135,0.008815377716
子图3,系列7,30.14,0.007431840839
子图3,系列7,30.145,0.005534408808
子图3,系列7,30.15,0.003276786289
子图3,系列7,30.155,0.0008328228809
子图3,系列7,30.16,-0.001618696215
子图3,系列7,30.165,-0.003909651168
子图3,系列7,30.17,-0.005897131639
子图3,系列7,30.175,-0.00747550784
子图3,系列7,30.18,-0.008584814787
子图3,系列7,30.185,-0.009214568534
子图3,系列7,30.19,-0.009402615951
子图3,系列7,30.195,-0.009229143913
子图3,系列7,30.2,-0.008806545899
子图3,系列7,30.205,-0.008266315135
子图3,系列7,30.21,-0.007744515269
子图3,系列7,30.215,-0.00736753557
子图3,系列7,30.22,-0.007239814051
子图3,系列7,30.225,-0.007434932384
子图3,系列7,30.23,-0.007991048141
子图3,系列7,30.235,-0.008911030154
子图3,系列7,30.24,-0.01016703654
子图3,系列7,30.245,-0.01170866235
子图3,系列7,30.25,-0.01347331739
子图3,系列7,30.255,-0.01539720139
子图3,系列7,30.26,-0.01742520714
子图3,系列7,30.265,-0.01951827007
子图3,系列7,30.27,-0.02165710608
子图3,系列7,30.275,-0.02384183939
子图3,系列7,30.28,-0.02608766749
子图3,系列7,30.285,-0.0284173184
子图3,系列7,30.29,-0.03085154963
子图3,系列7,30.295,-0.03339924032
子图3,系列7,30.3,-0.03604868237
子图3,系列7,30.305,-0.03876150073
子图3,系列7,30.31,-0.04147021992
子图3,系列7,30.315,-0.04407996049
子图3,系列7,30.32,-0.04647412299
子图3,系列7,30.325,-0.04852336352
子图3,系列7,30.33,-0.05009670074
子图3,系列7,30.335,-0.05107335775
子图3,系列7,30.34,-0.05135389118
子图3,系列7,30.345,-0.05086935784
子图3,系列7,30.35,-0.04958760049
子图3,系列7,30.355,-0.04751620095
子图3,系列7,30.36,-0.04470209151
子图3,系列7,30.365,-0.04122823873
子图3,系列7,30.37,-0.03720806536
子图3,系列7,30.375,-0.03277843025
子图3,系列7,30.38,-0.02809192691
子图3,系列7,30.385,-0.02330915409
子图3,系列7,30.39,-0.01859136368
子图3,系列7,30.395,-0.01409372002
子图3,系列7,30.4,-0.009959197418
子图3,系列7,30.405,-0.006313106837
子图3,系列7,30.41,-0.003258211952
子图3,系列7,30.415,-0.000870526823
子图3,系列7,30.42,0.0008040274967
子图3,系列7,30.425,0.001751774046
子图3,系列7,30.43,0.001991884309
子图3,系列7,30.435,0.001575077529
子图3,系列7,30.44,0.0005802215077
子图3,系列7,30.445,-0.0008911683027
子图3,系列7,30.45,-0.002722237631
子图3,系列7,30.455,-0.004789367301
子图3,系列7,30.46,-0.006971230938
子图3,系列7,30.465,-0.009157449613
子图3,系列7,30.47,-0.01125594947
子图3,系列7,30.475,-0.01319827236
子图3,系列7,30.48,-0.01494233184
子图3,系列7,30.485,-0.01647242981
子图3,系列7,30.49,-0.01779669285
子图3,系列7,30.495,-0.01894239875
子图3,系列7,30.5,-0.01994990471
子图3,系列7,30.505,-0.02086601449
子图3,系列7,30.51,-0.02173763411
子图3,系列7,30.515,-0.02260645556
子图3,系列7,30.52,-0.02350520872
子图3,系列7,30.525,-0.02445576284
子图3,系列7,30.53,-0.02546907695
子图3,系列7,30.535,-0.02654674642
子图3,系列7,30.54,-0.02768368109
子图3,系列7,30.545,-0.02887133542
子图3,系列7,30.55,-0.03010086217
子图3,系列7,30.555,-0.0313656256
子图3,系列7,30.56,-0.03266262089
子图3,系列7,30.565,-0.03399254014
子图3,系列7,30.57,-0.03535841808
子图3,系列7,30.575,-0.03676301579
子图3,系列7,30.58,-0.0382052787
子图3,系列7,30.585,-0.03967637026
子图3,系列7,30.59,-0.04115587114
子图3,系列7,30.595,-0.04260878103
子图3,系列7,30.6,-0.04398391452
子图3,系列7,30.605,-0.04521418578
子图3,系列7,30.61,-0.04621908245
子图3,系列7,30.615,-0.04690940004
子图3,系列7,30.62,-0.04719399979
子图3,系列7,30.625,-0.0469880693
子图3,系列7,30.63,-0.04622205676
子图3,系列7,30.635,-0.04485026411
子图3,系列7,30.64,-0.04285794949
子图3,系列7,30.645,-0.04026587151
子图3,系列7,30.65,-0.0371313797
子图3,系列7,30.655,-0.03354556801
子图3,系列7,30.66,-0.02962645507
子图3,系列7,30.665,-0.0255087553
子图3,系列7,30.67,-0.02133128751
子图3,系列7,30.675,-0.01722354113
子图3,系列7,30.68,-0.01329310403
子图3,系列7,30.685,-0.0096156994
子图3,系列7,30.69,-0.00622925669
子图3,系列7,30.695,-0.003132985647
子图3,系列7,30.7,-0.0002916911667
子图3,系列7,30.705,0.002355135008
子图3,系列7,30.71,0.004880667295
子图3,系列7,30.715,0.007356271414
子图3,系列7,30.72,0.009837275411
子图3,系列7,30.725,0.01235102515
子图3,系列7,30.73,0.01488899287
子图3,系列7,30.735,0.01740411373
子图3,系列7,30.74,0.01981380438
子图3,系列7,30.745,0.02200829075
子图3,系列7,30.75,0.02386313025
子图3,系列7,30.755,0.02525421633
子图3,系列7,30.76,0.02607321796
子图3,系列7,30.765,0.02624135945
子图3,系列7,30.77,0.02571969535
子图3,系列7,30.775,0.02451454207
子图3,系列7,30.78,0.02267740508
子图3,系列7,30.785,0.02029950623
子图3,系列7,30.79,0.01750173905
子图3,系列7,30.795,0.01442148731
子图3,系列7,30.8,0.01119812484
子图3,系列7,30.805,0.007959154017
子图3,系列7,30.81,0.004808795809
子图3,系列7,30.815,0.001820466924
子图3,系列7,30.82,-0.000965992044
子图3,系列7,30.825,-0.003542146663
子图3,系列7,30.83,-0.00592434652
子图3,系列7,30.835,-0.008143748034
子图3,系列7,30.84,-0.01023450915
子图3,系列7,30.845,-0.01222191689
子图3,系列7,30.85,-0.01411217592
子图3,系列7,30.855,-0.01588534831
子图3,系列7,30.86,-0.01749247785
子图3,系列7,30.865,-0.01885737247
子图3,系列7,30.87,-0.01988289325
子图3,系列7,30.875,-0.02046102117
子图3,系列7,30.88,-0.02048550363
子图3,系列7,30.885,-0.01986557351
子图3,系列7,30.89,-0.01853913479
子图3,系列7,30.895,-0.01648388401
子图3,系列7,30.9,-0.01372511104
子图3,系列7,30.905,-0.01033929119
子图3,系列7,30.91,-0.006453050111
子图3,系列7,30.915,-0.002237533704
子图3,系列7,30.92,0.00210134772
子图3,系列7,30.925,0.006335989727
子图3,系列7,30.93,0.0102324117
子图3,系列7,30.935,0.01356660545
子图3,系列7,30.94,0.01614065443
子图3,系列7,30.945,0.01779739258
子图3,系列7,30.95,0.01843250208
子图3,系列7,30.955,0.0180031156
子图3,系列7,30.96,0.01653224599
子图3,系列7,30.965,0.01410863709
子图3,系列7,30.97,0.01088197088
子图3,系列7,30.975,0.007053698115
子图3,系列7,30.98,0.002864111916
子图3,系列7,30.985,-0.001423412181
子图3,系列7,30.99,-0.00553984027
子图3,系列7,30.995,-0.009228243283
子图3,系列7,31,-0.01226054903
子图3,系列7,31.005,-0.0144520082
子图3,系列7,31.01,-0.01567232553
子图3,系列7,31.015,-0.01585269178
子图3,系列7,31.02,-0.01498834012
子图3,系列7,31.025,-0.01313661783
子图3,系列7,31.03,-0.01041094816
子图3,系列7,31.035,-0.006971350108
子图3,系列7,31.04,-0.003012414688
子图3,系列7,31.045,0.001250245494
子图3,系列7,31.05,0.00559403781
子图3,系列7,31.055,0.009802946519
子图3,系列7,31.06,0.01367978127
子图3,系列7,31.065,0.01705645849
子图3,系列7,31.07,0.01980188187
子图3,系列7,31.075,0.02182716458
子图3,系列7,31.08,0.02308813894
子图3,系列7,31.085,0.02358522347
子图3,系列7,31.09,0.02336085097
子图3,系列7,31.095,0.02249472651
子图3,系列7,31.1,0.02109725834
子图3,系列7,31.105,0.01930154737
子图3,系列7,31.11,0.01725437417
子图3,系列7,31.115,0.01510667619
子图3,系列7,31.12,0.01300405514
子图3,系列7,31.125,0.01107790499
子图3,系列7,31.13,0.009437752951
子图3,系列7,31.135,0.008165388434
子图3,系列7,31.14,0.007311247332
子图3,系列7,31.145,0.006893376027
子图3,系列7,31.15,0.006899064354
子图3,系列7,31.155,0.007288990769
子图3,系列7,31.16,0.008003440089
子图3,系列7,31.165,0.008969924247
子图3,系列7,31.17,0.01011135668
子图3,系列7,31.175,0.0113538645
子图3,系列7,31.18,0.01263336734
子图3,系列7,31.185,0.01390021534
子图3,系列7,31.19,0.01512144348
子图3,系列7,31.195,0.01628051707
子图3,系列7,31.2,0.01737478464
子图3,系列7,31.205,0.01841114893
子图3,系列7,31.21,0.01940069127
子图3,系列7,31.215,0.02035309255
子图3,系列7,31.22,0.02127168273
子图3,系列7,31.225,0.02214982461
子图3,系列7,31.23,0.02296911312
子图3,系列7,31.235,0.02369960133
子图3,系列7,31.24,0.02430196299
子图3,系列7,31.245,0.02473124993
子图3,系列7,31.25,0.02494168552
子图3,系列7,31.255,0.02489183901
子图3,系列7,31.26,0.02454948801
子图3,系列7,31.265,0.02389557422
子图3,系列7,31.27,0.0229267853
子图3,系列7,31.275,0.02165652122
子图3,系列7,31.28,0.02011419336
子图3,系列7,31.285,0.01834303591
子图3,系列7,31.29,0.01639674163
子图3,系列7,31.295,0.01433537
子图3,系列7,31.3,0.01222098701
子图3,系列7,31.305,0.0101135085
子图3,系列7,31.31,0.008067122964
子图3,系列7,31.315,0.006127599341
子图3,系列7,31.32,0.004330642762
子图3,系列7,31.325,0.002701369346
子图3,系列7,31.33,0.001254840374
子图3,系列7,31.335,-2.475217001e-06
子图3,系列7,31.34,-0.001070530935
子图3,系列7,31.345,-0.001953082642
子图3,系列7,31.35,-0.002654919221
子图3,系列7,31.355,-0.003179244683
子图3,系列7,31.36,-0.003525509826
子图3,系列7,31.365,-0.003687952109
子图3,系列7,31.37,-0.003655049324
子图3,系列7,31.375,-0.003410010646
子图3,系列7,31.38,-0.002932325707
子图3,系列7,31.385,-0.002200278894
子图3,系列7,31.39,-0.001194207439
子图3,系列7,31.395,9.982221093e-05
子图3,系列7,31.4,0.001686344716
子图3,系列7,31.405,0.003557289706
子图3,系列7,31.41,0.005689702818
子图3,系列7,31.415,0.008044770041
子图3,系列7,31.42,0.0105684082
子图3,系列7,31.425,0.01319349006
子图3,系列7,31.43,0.01584358075
子图3,系列7,31.435,0.01843784542
子图3,系列7,31.44,0.02089661755
子图3,系列7,31.445,0.02314699622
子图3,系列7,31.45,0.02512779434
子图3,系列7,31.455,0.02679321789
子图3,系列7,31.46,0.02811477455
子图3,系列7,31.465,0.02908114101
子图3,系列7,31.47,0.02969594689
子图3,系列7,31.475,0.02997373776
子图3,系列7,31.48,0.02993459579
子图3,系列7,31.485,0.0295981338
子图3,系列7,31.49,0.02897765866
子图3,系列7,31.495,0.02807536262
子图3,系列7,31.5,0.02687928569
子图3,系列7,31.505,0.02536265513
子图3,系列7,31.51,0.02348592447
子图3,系列7,31.515,0.02120155797
子图3,系列7,31.52,0.01846125141
子图3,系列7,31.525,0.01522498062
子图3,系列7,31.53,0.01147097346
子图3,系列7,31.535,0.007205514763
子图3,系列7,31.54,0.00247138089
子图3,系列7,31.545,-0.002646259665
子图3,系列7,31.55,-0.008017500796
子图3,系列7,31.555,-0.01346962706
子图3,系列7,31.56,-0.01879365918
子图3,系列7,31.565,-0.02375537174
子图3,系列7,31.57,-0.02811016377
子图3,系列7,31.575,-0.03162067007
子图3,系列7,31.58,-0.03407563441
子图3,系列7,31.585,-0.03530828736
子图3,系列7,31.59,-0.03521240291
子图3,系列7,31.595,-0.03375429976
子图3,系列7,31.6,-0.03097936063
子图3,系列7,31.605,-0.0270121116
子图3,系列7,31.61,-0.02204949931
子图3,系列7,31.615,-0.01634768717
子图3,系列7,31.62,-0.01020334401
子图3,系列7,31.625,-0.003931023093
子图3,系列7,31.63,0.002161344759
子图3,系列7,31.635,0.007796524847
子图3,系列7,31.64,0.01274931262
子图3,系列7,31.645,0.01686300123
子图3,系列7,31.65,0.02005934582
子图3,系列7,31.655,0.02234099012
子图3,系列7,31.66,0.0237861192
子图3,系列7,31.665,0.02453588232
子图3,系列7,31.67,0.02477591539
子图3,系列7,31.675,0.0247139089
子图3,系列7,31.68,0.02455559964
子图3,系列7,31.685,0.0244817333
子图3,系列7,31.69,0.02462842357
子图3,系列7,31.695,0.02507296627
子图3,系列7,31.7,0.02582653428
子图3,系列7,31.705,0.0268344342
子图3,系列7,31.71,0.02798373653
子图3,系列7,31.715,0.02911730439
子图3,系列7,31.72,0.03005252429
子图3,系列7,31.725,0.03060257307
子图3,系列7,31.73,0.03059779675
子图3,系列7,31.735,0.0299048406
子图3,系列7,31.74,0.02844147453
子图3,系列7,31.745,0.02618562024
子图3,系列7,31.75,0.02317778996
子图3,系列7,31.755,0.01951693673
子图3,系列7,31.76,0.01535046428
子图3,系列7,31.765,0.01085978652
子图3,系列7,31.77,0.006243253638
子图3,系列7,31.775,0.001698465949
子图3,系列7,31.78,-0.002594086128
子图3,系列7,31.785,-0.006484403553
子图3,系列7,31.79,-0.009862235954
子图3,系列7,31.795,-0.01266163983
子图3,系列7,31.8,-0.01486089262
子图3,系列7,31.805,-0.01647833721
子图3,系列7,31.81,-0.01756515223
子图3,系列7,31.815,-0.01819624921
子图3,系列7,31.82,-0.01846054132
子图3,系列7,31.825,-0.0184516789
子图3,系列7,31.83,-0.01826009019
子图3,系列7,31.835,-0.01796683468
子图3,系列7,31.84,-0.01763945296
子图3,系列7,31.845,-0.01732972394
子图3,系列7,31.85,-0.0170730583
子图3,系列7,31.855,-0.01688917261
子图3,系列7,31.86,-0.01678369632
子图3,系列7,31.865,-0.01675042452
子图3,系列7,31.87,-0.01677402459
子图3,系列7,31.875,-0.01683307105
子图3,系列7,31.88,-0.01690333403
子图3,系列7,31.885,-0.01696122128
子图3,系列7,31.89,-0.01698723797
子图3,系列7,31.895,-0.01696923171
子图3,系列7,31.9,-0.01690513539
子图3,系列7,31.905,-0.01680485525
子图3,系列7,31.91,-0.01669097914
子图3,系列7,31.915,-0.01659803251
子图3,系列7,31.92,-0.01657015756
子图3,系列7,31.925,-0.01665725653
子图3,系列7,31.93,-0.01690984548
子图3,系列7,31.935,-0.01737304963
子图3,系列7,31.94,-0.0180803155
子图3,系列7,31.945,-0.01904750532
子图3,系列7,31.95,-0.02026803127
子图3,系列7,31.955,-0.02170962776
子图3,系列7,31.96,-0.02331319474
子图3,系列7,31.965,-0.02499397115
子图3,系列7,31.97,-0.02664505191
子图3,系列7,31.975,-0.02814306609
子图3,系列7,31.98,-0.02935561354
子图3,系列7,31.985,-0.03014992848
子图3,系列7,31.99,-0.03040211616
子图3,系列7,31.995,-0.03000628753
子图3,系列7,32,-0.02888290601
子图3,系列7,32.005,-0.02698573654
子图3,系列7,32.01,-0.02430685898
子图3,系列7,32.015,-0.0208793501
子图3,系列7,32.02,-0.01677735844
子图3,系列7,32.025,-0.01211348081
子图3,系列7,32.03,-0.007033495372
子图3,系列7,32.035,-0.001708718493
子图3,系列7,32.04,0.003673597539
子图3,系列7,32.045,0.008921200896
子图3,系列7,32.05,0.01384837913
子图3,系列7,32.055,0.01828723133
子图3,系列7,32.06,0.02209781331
子图3,系列7,32.065,0.02517630383
子图3,系列7,32.07,0.02746051609
子图3,系列7,32.075,0.02893225931
子图3,系列7,32.08,0.02961637072
子图3,系列7,32.085,0.02957652304
子图3,系列7,32.09,0.02890824629
子图3,系列7,32.095,0.02772984977
子图3,系列7,32.1,0.026172129
子图3,系列7,32.105,0.02436782152
子图3,系列7,32.11,0.02244175063
子图3,系列7,32.115,0.02050247482
子图3,系列7,32.12,0.01863604518
子图3,系列7,32.125,0.01690223246
子图3,系列7,32.13,0.01533330588
子图3,系列7,32.135,0.01393521869
子图3,系列7,32.14,0.01269084415
子图3,系列7,32.145,0.0115647881
子图3,系列7,32.15,0.01050922246
子图3,系列7,32.155,0.00947018897
子图3,系列7,32.16,0.008393846538
子图3,系列7,32.165,0.007232211639
子图3,系列7,32.17,0.005948009616
子图3,系列7,32.175,0.00451834508
子图3,系列7,32.18,0.002936971634
子图3,系列7,32.185,0.001215028623
子图3,系列7,32.19,-0.0006198086694
子图3,系列7,32.195,-0.002525716113
子图3,系列7,32.2,-0.004450491091
子图3,系列7,32.205,-0.006336424336
子图3,系列7,32.21,-0.008125873125
子图3,系列7,32.215,-0.009767020271
子图3,系列7,32.22,-0.01121923501
子图3,系列7,32.225,-0.01245742454
子图3,系列7,32.23,-0.01347482602
子图3,系列7,32.235,-0.01428380839
子图3,系列7,32.24,-0.01491447152
子图3,系列7,32.245,-0.01541107581
子图3,系列7,32.25,-0.01582663916
子图3,系列7,32.255,-0.01621629188
子图3,系列7,32.26,-0.01663021449
子图3,系列7,32.265,-0.01710708176
子图3,系列7,32.27,-0.01766894639
子图3,系列7,32.275,-0.01831833232
子图3,系列7,32.28,-0.01903804591
子图3,系列7,32.285,-0.01979382807
子图3,系列7,32.29,-0.02053955733
子图3,系列7,32.295,-0.02122430348
子图3,系列7,32.3,-0.02180020998
子图3,系列7,32.305,-0.02223000226
子图3,系列7,32.31,-0.02249291293
子图3,系列7,32.315,-0.02258801335
子图3,系列7,32.32,-0.02253429768
子图3,系列7,32.325,-0.02236736849
子图3,系列7,32.33,-0.0221331022
子图3,系列7,32.335,-0.02187919657
子图3,系列7,32.34,-0.02164587256
子图3,系列7,32.345,-0.02145722032
子图3,系列7,32.35,-0.02131462664
子图3,系列7,32.355,-0.02119347855
子图3,系列7,32.36,-0.02104385294
子图3,系列7,32.365,-0.02079533695
子图3,系列7,32.37,-0.020365476
子图3,系列7,32.375,-0.01967080957
子图3,系列7,32.38,-0.01863902446
子图3,系列7,32.385,-0.01722058401
子图3,系列7,32.39,-0.01539822311
子图3,系列7,32.395,-0.01319299904
子图3,系列7,32.4,-0.0106660383
子图3,系列7,32.405,-0.007915709896
子图3,系列7,32.41,-0.005070540664
子图3,系列7,32.415,-0.002278733882
子图3,系列7,32.42,0.0003044585394
子图3,系列7,32.425,0.002530032755
子图3,系列7,32.43,0.004267709687
子图3,系列7,32.435,0.005416263133
子图3,系列7,32.44,0.00591069467
子图3,系列7,32.445,0.005725664417
子图3,系列7,32.45,0.004875047349
子图3,系列7,32.455,0.003407925893
子图3,系列7,32.46,0.001401703919
子图3,系列7,32.465,-0.001046696643
子图3,系列7,32.47,-0.003830451098
子图3,系列7,32.475,-0.00684213217
子图3,系列7,32.48,-0.009981683788
子图3,系列7,32.485,-0.01316227025
子图3,系列7,32.49,-0.01631350707
子图3,系列7,32.495,-0.01938192192
子图3,系列7,32.5,-0.02232884734
子图3,系列7,32.505,-0.02512626531
子图3,系列7,32.51,-0.02775136556
子图3,系列7,32.515,-0.03018073134
子图3,系列7,32.52,-0.03238508371
子图3,系列7,32.525,-0.03432543623
子图3,系列7,32.53,-0.03595129628
子图3,系列7,32.535,-0.03720129067
子图3,系列7,32.54,-0.03800624831
子图3,系列7,32.545,-0.03829447395
子图3,系列7,32.55,-0.03799863226
子图3,系列7,32.555,-0.03706347361
子图3,系列7,32.56,-0.03545348043
子图3,系列7,32.565,-0.03315952667
子图3,系列7,32.57,-0.03020370411
子图3,系列7,32.575,-0.02664168317
子图3,系列7,32.58,-0.0225622126
子图3,系列7,32.585,-0.01808369516
子图3,系列7,32.59,-0.01334808066
子图3,系列7,32.595,-0.008512637513
子图3,系列7,32.6,-0.003740393485
子图3,系列7,32.605,0.0008097956599
子图3,系列7,32.61,0.004992561861
子图3,系列7,32.615,0.008683807726
子图3,系列7,32.62,0.01178625398
子图3,系列7,32.625,0.0142323337
子图3,系列7,32.63,0.01598438675
子图3,系列7,32.635,0.01703245544
子图3,系列7,32.64,0.01739031623
子图3,系列7,32.645,0.01709058037
子图3,系列7,32.65,0.01617979601
子图3,系列7,32.655,0.01471439086
子图3,系列7,32.66,0.01275809354
子图3,系列7,32.665,0.01038112328
子图3,系列7,32.67,0.007661061934
子图3,系列7,32.675,0.004684929488
子图3,系列7,32.68,0.001551684485
子图3,系列7,32.685,-0.001625809856
子图3,系列7,32.69,-0.004720324437
子图3,系列7,32.695,-0.007592111773
子图3,系列7,32.7,-0.01009355588
子图3,系列7,32.705,-0.01207668169
子图3,系列7,32.71,-0.01340311868
子图3,系列7,32.715,-0.01395565123
子图3,系列7,32.72,-0.01365014074
子图3,系列7,32.725,-0.01244638314
子图3,系列7,32.73,-0.01035644147
子图3,系列7,32.735,-0.007449154639
子图3,系列7,32.74,-0.003849862242
子图3,系列7,32.745,0.0002651223818
子图3,系列7,32.75,0.004679202179
子图3,系列7,32.755,0.009150651112
子图3,系列7,32.76,0.01343101809
子图3,系列7,32.765,0.0172851106
子图3,系列7,32.77,0.0205106621
子图3,系列7,32.775,0.02295570048
子图3,系列7,32.78,0.024531831
子图3,系列7,32.785,0.02522198205
子图3,系列7,32.79,0.02508172753
子图3,系列7,32.795,0.02423392176
子图3,系列7,32.8,0.02285709245
子图3,系列7,32.805,0.02116867475
子图3,系列7,32.81,0.01940472081
子图3,系列7,32.815,0.01779808579
子图3,系列7,32.82,0.0165572433
子图3,系列7,32.825,0.01584781366
子图3,系列7,32.83,0.01577857633
子图3,系列7,32.835,0.01639326648
子图3,系列7,32.84,0.0176688213
子图3,系列7,32.845,0.01952008133
子图3,系列7,32.85,0.02181027246
子图3,系列7,32.855,0.02436603243
子图3,系列7,32.86,0.02699530231
子图3,系列7,32.865,0.02950617101
子图3,系列7,32.87,0.03172471949
子图3,系列7,32.875,0.03351008887
子图3,系列7,32.88,0.03476534848
子图3,系列7,32.885,0.03544323729
子图3,系列7,32.89,0.0355464306
子图3,系列7,32.895,0.03512258777
子图3,系列7,32.9,0.03425498999
子图3,系列7,32.905,0.03305003816
子图3,系列7,32.91,0.03162317108
子图3,系列7,32.915,0.03008489544
子图3,系列7,32.92,0.02852851814
子图3,系列7,32.925,0.0270209305
子图3,系列7,32.93,0.0255973465
子图3,系列7,32.935,0.02426041487
子图3,系列7,32.94,0.02298353968
子图3,系列7,32.945,0.0217177727
子图3,系列7,32.95,0.02040119324
子图3,系列7,32.955,0.01896947807
子图3,系列7,32.96,0.01736625053
子图3,系列7,32.965,0.01555194846
子图3,系列7,32.97,0.01351018246
子图3,系列7,32.975,0.01125097638
子图3,系列7,32.98,0.008810688045
子图3,系列7,32.985,0.006248870927
子图3,系列7,32.99,0.003642674687
子图3,系列7,32.995,0.001079664731
子图3,系列7,33,-0.001349963532
子图3,系列7,33.005,-0.003560796734
子图3,系列7,33.01,-0.00547842954
子图3,系列7,33.015,-0.007043910324
子图3,系列7,33.02,-0.008216123535
子图3,系列7,33.025,-0.008972108616
子图3,系列7,33.03,-0.009305599891
子图3,系列7,33.035,-0.009224259964
子图3,系列7,33.04,-0.008746206433
子图3,系列7,33.045,-0.007896441956
子图3,系列7,33.05,-0.006703734734
子图3,系列7,33.055,-0.005198349645
子图3,系列7,33.06,-0.003410842435
子图3,系列7,33.065,-0.001371924238
子图3,系列7,33.07,0.0008867905513
子图3,系列7,33.075,0.0033314851
子图3,系列7,33.08,0.005924714266
子图3,系列7,33.085,0.008624283977
子图3,系列7,33.09,0.01138281325
子图3,系列7,33.095,0.01414822572
子图3,系列7,33.1,0.01686525428
子图3,系列7,33.105,0.01947785116
子图3,系列7,33.11,0.02193222652
子图3,系列7,33.115,0.0241801025
子图3,系列7,33.12,0.02618170603
子图3,系列7,33.125,0.02790803282
子图3,系列7,33.13,0.02934201023
子图3,系列7,33.135,0.0304783467
子图3,系列7,33.14,0.03132206287
子图3,系列7,33.145,0.031885917
子图3,系列7,33.15,0.03218712781
子图3,系列7,33.155,0.03224393077
子图3,系列7,33.16,0.0320725426
子图3,系列7,33.165,0.03168505858
子图3,系列7,33.17,0.03108864684
子图3,系列7,33.175,0.03028619121
子图3,系列7,33.18,0.02927825935
子图3,系列7,33.185,0.0280660374
子图3,系列7,33.19,0.0266546563
子图3,系列7,33.195,0.02505624851
子图3,系列7,33.2,0.02329206349
子图3,系列7,33.205,0.02139312007
子图3,系列7,33.21,0.01939908316
子图3,系列7,33.215,0.01735537118
子图3,系列7,33.22,0.0153087918
子图3,系列7,33.225,0.01330230576
子图3,系列7,33.23,0.01136968678
子图3,系列7,33.235,0.009530944466
子图3,系列7,33.24,0.007789284062
子图3,系列7,33.245,0.006130209165
子图3,系列7,33.25,0.004523040419
子图3,系列7,33.255,0.002924794786
子图3,系列7,33.26,0.001285972479
子图3,系列7,33.265,-0.0004424760775
子图3,系列7,33.27,-0.002301967214
子图3,系列7,33.275,-0.004319877624
子图3,系列7,33.28,-0.006504846681
子图3,系列7,33.285,-0.008844454655
子图3,系列7,33.29,-0.01130562905
子图3,系列7,33.295,-0.01383770574
子图3,系列7,33.3,-0.01637770266
子图3,系列7,33.305,-0.01885701459
子图3,系列7,33.31,-0.02120855162
子图3,系列7,33.315,-0.02337326878
子图3,系列7,33.32,-0.025305158
子图3,系列7,33.325,-0.02697400881
子图3,系列7,33.33,-0.02836561501
子图3,系列7,33.335,-0.02947950043
子图3,系列7,33.34,-0.03032463821
子图3,系列7,33.345,-0.03091394996
子图3,系列7,33.35,-0.03125856177
子图3,系列7,33.355,-0.03136283132
子图3,系列7,33.36,-0.03122102378
子图3,系列7,33.365,-0.03081625656
子图3,系列7,33.37,-0.03012195057
子图3,系列7,33.375,-0.02910563756
子图3,系列7,33.38,-0.02773457326
子图3,系列7,33.385,-0.02598233376
子图3,系列7,33.39,-0.02383538928
子图3,系列7,33.395,-0.02129866586
子图3,系列7,33.4,-0.01839923414
子图3,系列7,33.405,-0.01518756271
子图3,系列7,33.41,-0.01173611613
子图3,系列7,33.415,-0.00813548099
子图3,系列7,33.42,-0.004488535818
子图3,系列7,33.425,-0.0009034560361
子图3,系列7,33.43,0.002513539219
子图3,系列7,33.435,0.005664788404
子图3,系列7,33.44,0.008466392559
子图3,系列7,33.445,0.01085152102
子图3,系列7,33.45,0.01277165157
子图3,系列7,33.455,0.0141958929
子图3,系列7,33.46,0.01510883751
子图3,系列7,33.465,0.01550757613
子图3,系列7,33.47,0.01539859497
子图3,系列7,33.475,0.01479521846
子图3,系列7,33.48,0.01371610253
子图3,系列7,33.485,0.0121850288
子图3,系列7,33.49,0.01023195902
子图3,系列7,33.495,0.007895025382
子图3,系列7,33.5,0.005222901967
子图3,系列7,33.505,0.002276875162
子图3,系列7,33.51,-0.0008680843184
子图3,系列7,33.515,-0.004123823813
子图3,系列7,33.52,-0.007391440974
子图3,系列7,33.525,-0.01056569055
子图3,系列7,33.53,-0.01354108298
子图3,系列7,33.535,-0.01621907291
子图3,系列7,33.54,-0.01851550817
子图3,系列7,33.545,-0.02036738084
子图3,系列7,33.55,-0.02173795563
子图3,系列7,33.555,-0.02261950839
子图3,系列7,33.56,-0.02303321311
子图3,系列7,33.565,-0.02302608612
子图3,系列7,33.57,-0.02266531219
子图3,系列7,33.575,-0.02203064684
子图3,系列7,33.58,-0.02120586606
子图3,系列7,33.585,-0.02027037424
子图3,系列7,33.59,-0.01929203371
子图3,系列7,33.595,-0.01832209466
子图3,系列7,33.6,-0.01739274032
子图3,系列7,33.605,-0.01651737111
子图3,系列7,33.61,-0.01569328442
子图3,系列7,33.615,-0.01490607461
子图3,系列7,33.62,-0.01413479659
子图3,系列7,33.625,-0.01335690239
子图3,系列7,33.63,-0.01255203647
子图3,系列7,33.635,-0.0117040841
子图3,系列7,33.64,-0.01080123382
子图3,系列7,33.645,-0.009834273831
子图3,系列7,33.65,-0.008793730996
子图3,系列7,33.655,-0.007666761481
子图3,系列7,33.66,-0.006434818602
子图3,系列7,33.665,-0.005073043266
子图3,系列7,33.67,-0.003552046288
子图3,系列7,33.675,-0.001842311755
子图3,系列7,33.68,7.907189663e-05
子图3,系列7,33.685,0.002220176253
子图3,系列7,33.69,0.004565749056
子图3,系列7,33.695,0.007069995408
子图3,系列7,33.7,0.00965216328
子图3,系列7,33.705,0.01219623155
子图3,系列7,33.71,0.01455553066
子图3,系列7,33.715,0.01656245904
子图3,系列7,33.72,0.01804272043
子图3,系列7,33.725,0.01883276565
子图3,系列7,33.73,0.01879853617
子图3,系列7,33.735,0.01785322548
子图3,系列7,33.74,0.01597171439
子图3,系列7,33.745,0.0131995762
子图3,系列7,33.75,0.009655112216
子图3,系列7,33.755,0.005523662887
子图3,系列7,33.76,0.001044378148
子图3,系列7,33.765,-0.003509424334
子图3,系列7,33.77,-0.007854344287
子图3,系列7,33.775,-0.011722842
子图3,系列7,33.78,-0.0148881542
子图3,系列7,33.785,-0.017185341
子图3,系列7,33.79,-0.01852603888
子图3,系列7,33.795,-0.01890519849
子图3,系列7,33.8,-0.01839903671
子图3,系列7,33.805,-0.01715446242
子图3,系列7,33.81,-0.01537126673
子图3,系列7,33.815,-0.01327922165
子图3,系列7,33.82,-0.01111283979
子图3,系列7,33.825,-0.009086798288
子图3,系列7,33.83,-0.007374911298
子图3,系列7,33.835,-0.006095049959
子图3,系列7,33.84,-0.005301614008
子图3,系列7,33.845,-0.004986176192
子图3,系列7,33.85,-0.005085847623
子图3,系列7,33.855,-0.005497933839
子图3,系列7,33.86,-0.00609864937
子图3,系列7,33.865,-0.006763195123
子图3,系列7,33.87,-0.00738438376
子图3,系列7,33.875,-0.007887290438
子图3,系列7,33.88,-0.008238017261
子图3,系列7,33.885,-0.008445542278
子图3,系列7,33.89,-0.008556620171
子图3,系列7,33.895,-0.008644693938
子图3,系列7,33.9,-0.008794614886
子图3,系列7,33.905,-0.009085541093
子图3,系列7,33.91,-0.009574621069
子图3,系列7,33.915,-0.01028393126
子图3,系列7,33.92,-0.01119266141
子图3,系列7,33.925,-0.01223578467
子图3,系列7,33.93,-0.01330953177
子图3,系列7,33.935,-0.01428302569
子图3,系列7,33.94,-0.01501456404
子图3,系列7,33.945,-0.01537037703
子图3,系列7,33.95,-0.01524332028
子图3,系列7,33.955,-0.01456894607
子图3,系列7,33.96,-0.01333671059
子图3,系列7,33.965,-0.01159470667
子图3,系列7,33.97,-0.009447135291
子图3,系列7,33.975,-0.007044686479
子图3,系列7,33.98,-0.004568905415
子图3,系列7,33.985,-0.002212424295
子图3,系列7,33.99,-0.0001574655505
子图3,系列7,33.995,0.0014447191
子图3,系列7,34,0.00249093178
子图3,系列7,34.005,0.002937496594
子图3,系列7,34.01,0.002804690242
子图3,系列7,34.015,0.002173571023
子图3,系列7,34.02,0.001175600426
子图3,系列7,34.025,-2.366805174e-05
子图3,系列7,34.03,-0.001244823911
子图3,系列7,34.035,-0.002316283588
子图3,系列7,34.04,-0.003094789966
子图3,系列7,34.045,-0.003482264202
子图3,系列7,34.05,-0.003437024473
子图3,系列7,34.055,-0.00297809227
子图3,系列7,34.06,-0.002182168217
子图3,系列7,34.065,-0.001173742784
子图3,系列7,34.07,-0.0001096265924
子图3,系列7,34.075,0.0008401786929
子图3,系列7,34.08,0.001512950151
子图3,系列7,34.085,0.001772626596
子图3,系列7,34.09,0.001525858869
子图3,系列7,34.095,0.0007329187564
子图3,系列7,34.1,-0.0005876966619
子图3,系列7,34.105,-0.002361372176
子图3,系列7,34.11,-0.004465802839
子图3,系列7,34.115,-0.006744630131
子图3,系列7,34.12,-0.009024584333
子图3,系列7,34.125,-0.01113406227
子图3,系列7,34.13,-0.01292094753
子图3,系列7,34.135,-0.01426762164
子图3,系列7,34.14,-0.015101505
子图3,系列7,34.145,-0.01540004316
子图3,系列7,34.15,-0.01518976657
子图3,系列7,34.155,-0.01453978323
子图3,系列7,34.16,-0.01355074974
子图3,系列7,34.165,-0.01234089059
子图3,系列7,34.17,-0.011030954
子图3,系列7,34.175,-0.009730049921
子图3,系列7,34.18,-0.008524111661
子图3,系列7,34.185,-0.007468299341
子图3,系列7,34.19,-0.006584057054
子图3,系列7,34.195,-0.005860879077
子图3,系列7,34.2,-0.005262166907
子图3,系列7,34.205,-0.004734041717
子图3,系列7,34.21,-0.004215597666
子图3,系列7,34.215,-0.003648991098
子图3,系列7,34.22,-0.002987858688
子图3,系列7,34.225,-0.002202931536
子图3,系列7,34.23,-0.001284190336
子图3,系列7,34.235,-0.0002395149576
子图3,系列7,34.24,0.0009096718656
子图3,系列7,34.245,0.002134780959
子图3,系列7,34.25,0.003407187245
子图3,系列7,34.255,0.004704753734
子图3,系列7,34.26,0.006016531972
子图3,系列7,34.265,0.007344747875
子图3,系列7,34.27,0.008703647147
子图3,系列7,34.275,0.01011530739
子图3,系列7,34.28,0.01160302459
子图3,系列7,34.285,0.01318330415
子图3,系列7,34.29,0.01485772961
子图3,系列7,34.295,0.01660605977
子图3,系列7,34.3,0.01838175798
子图3,系列7,34.305,0.02011086191
子图3,系列7,34.31,0.02169465454
子图3,系列7,34.315,0.02301610498
子图3,系列7,34.32,0.02394954228
子图3,系列7,34.325,0.02437260319
子图3,系列7,34.33,0.02417918378
子图3,系列7,34.335,0.02329197982
子图3,系列7,34.34,0.02167321619
子图3,系列7,34.345,0.01933235023
子图3,系列7,34.35,0.01632983852
子图3,系列7,34.355,0.01277646813
子图3,系列7,34.36,0.008828186012
子图3,系列7,34.365,0.004676814723
子图3,系列7,34.37,0.000537414123
子图3,系列7,34.375,-0.003366624416
子图3,系列7,34.38,-0.006819485596
子图3,系列7,34.385,-0.009628468167
子图3,系列7,34.39,-0.01163783433
子图3,系列7,34.395,-0.01273977485
子图3,系列7,34.4,-0.0128815438
子图3,系列7,34.405,-0.01206812135
子图3,系列7,34.41,-0.01036013728
子图3,系列7,34.415,-0.007867195358
子图3,系列7,34.42,-0.004737141787
子图3,系列7,34.425,-0.001142220551
子图3,系列7,34.43,0.002736635776
子图3,系列7,34.435,0.00672588341
子图3,系列7,34.44,0.01067424976
子图3,系列7,34.445,0.01446489527
子图3,系列7,34.45,0.01802358998
子图3,系列7,34.455,0.02132199988
子图3,系列7,34.46,0.02437571679
子图3,系列7,34.465,0.02723722269
子图3,系列7,34.47,0.02998458486
子图3,系列7,34.475,0.03270717407
子图3,系列7,34.48,0.03549008349
子图3,系列7,34.485,0.03839909853
子图3,系列7,34.49,0.04146802605
子图3,系列7,34.495,0.04468992909
子图3,系列7,34.5,0.04801334671
子图3,系列7,34.505,0.05134399735
子图3,系列7,34.51,0.05455179543
子图3,系列7,34.515,0.05748239847
子图3,系列7,34.52,0.05997195535
子图3,系列7,34.525,0.06186338466
子图3,系列7,34.53,0.06302233845
子图3,系列7,34.535,0.06335109328
子图3,系列7,34.54,0.06279886307
子图3,系列7,34.545,0.06136748755
子图3,系列7,34.55,0.05911197529
子图3,系列7,34.555,0.05613598934
子图3,系列7,34.56,0.05258289204
子图3,系列7,34.565,0.04862345373
子图3,系列7,34.57,0.04444161072
子图3,系列7,34.575,0.04021983237
子图3,系列7,34.58,0.0361255698
子图3,系列7,34.585,0.03230008683
子图3,系列7,34.59,0.02885057669
子图3,系列7,34.595,0.02584608318
子图3,系列7,34.6,0.02331723688
子图3,系列7,34.605,0.0212594433
子图3,系列7,34.61,0.01963877388
子图3,系列7,34.615,0.01839964155
子图3,系列7,34.62,0.01747322289
子图3,系列7,34.625,0.0167856877
子图3,系列7,34.63,0.01626543106
子图3,系列7,34.635,0.01584878035
子图3,系列7,34.64,0.01548389572
子图3,系列7,34.645,0.01513286731
子图3,系列7,34.65,0.01477219778
子图3,系列7,34.655,0.01439201334
子图3,系列7,34.66,0.0139943785
子图3,系列7,34.665,0.01359108892
子图3,系列7,34.67,0.01320122619
子图3,系列7,34.675,0.01284868247
子图3,系列7,34.68,0.01255975164
子图3,系列7,34.685,0.01236083714
子图3,系列7,34.69,0.01227627353
子图3,系列7,34.695,0.0123262863
子图3,系列7,34.7,0.01252511961
子图3,系列7,34.705,0.01287942831
子图3,系列7,34.71,0.0133870376
子图3,系列7,34.715,0.01403621559
子图3,系列7,34.72,0.01480556266
子图3,系列7,34.725,0.01566460776
子图3,系列7,34.73,0.01657511226
子图3,系列7,34.735,0.01749303365
子图3,系列7,34.74,0.01837100594
子图3,系列7,34.745,0.01916115753
子图3,系列7,34.75,0.01981803137
子图3,系列7,34.755,0.02030138002
子图3,系列7,34.76,0.02057860796
子图3,系列7,34.765,0.02062668488
子图3,系列7,34.77,0.02043339144
子图3,系列7,34.775,0.0199978309
子图3,系列7,34.78,0.01933018428
子图3,系列7,34.785,0.0184507543
子图3,系列7,34.79,0.01738837017
子图3,系列7,34.795,0.0161782763
子图3,系列7,34.8,0.01485963054
子图3,系列7,34.805,0.01347277333
子图3,系列7,34.81,0.01205641367
子图3,系列7,34.815,0.01064490665
子图3,系列7,34.82,0.009265773234
子图3,系列7,34.825,0.007937638897
子图3,系列7,34.83,0.006668737168
子图3,系列7,34.835,0.005456139305
子图3,系列7,34.84,0.004285821767
子图3,系列7,34.845,0.003133669362
子图3,系列7,34.85,0.001967425725
子图3,系列7,34.855,0.0007495474296
子图3,系列7,34.86,-0.0005592037857
子图3,系列7,34.865,-0.001995674896
子图3,系列7,34.87,-0.003590103827
子图3,系列7,34.875,-0.005362178297
子图3,系列7,34.88,-0.007317826391
子图3,系列7,34.885,-0.009447143246
子图3,系列7,34.89,-0.01172378478
子图3,系列7,34.895,-0.01410599342
子图3,系列7,34.9,-0.01653924619
子图3,系列7,34.905,-0.01896029572
子图3,系列7,34.91,-0.02130219496
子图3,系列7,34.915,-0.02349974024
子图3,系列7,34.92,-0.02549470226
子图3,系列7,34.925,-0.02724022112
子图3,系列7,34.93,-0.02870385038
子图3,系列7,34.935,-0.02986891079
子图3,系列7,34.94,-0.03073404721
子图3,系列7,34.945,-0.0313111269
子图3,系列7,34.95,-0.03162184206
子图3,系列7,34.955,-0.03169355058
子图3,系列7,34.96,-0.03155497655
子图3,系列7,34.965,-0.03123239601
子图3,系列7,34.97,-0.03074683909
子图3,系列7,34.975,-0.03011268514
子图3,系列7,34.98,-0.02933780803
子图3,系列7,34.985,-0.02842521163
子图3,系列7,34.99,-0.02737586679
子图3,系列7,34.995,-0.02619230102
子图3,系列7,35,-0.02488236432
子图3,系列7,35.005,-0.02346257568
子图3,系列7,35.01,-0.0219604815
子图3,系列7,35.015,-0.02041559572
子图3,系列7,35.02,-0.0188786525
子图3,系列7,35.025,-0.01740914217
子图3,系列7,35.03,-0.01607131302
子图3,系列7,35.035,-0.01492905573
子图3,系列7,35.04,-0.01404023653
子图3,系列7,35.045,-0.01345116224
子图3,系列7,35.05,-0.01319185579
子图3,系列7,35.055,-0.01327276019
子图3,系列7,35.06,-0.01368331454
子图3,系列7,35.065,-0.01439263741
子图3,系列7,35.07,-0.01535228413
子图3,系列7,35.075,-0.01650080079
子图3,系列7,35.08,-0.01776956597
子图3,系列7,35.085,-0.01908926465
子图3,系列7,35.09,-0.02039625606
子图3,系列7,35.095,-0.02163812676
子图3,系列7,35.1,-0.02277781564
子图3,系列7,35.105,-0.02379588693
子图3,系列7,35.11,-0.02469073759
子图3,系列7,35.115,-0.02547678228
子图3,系列7,35.12,-0.02618087069
子图3,系列7,35.125,-0.02683740607
子图3,系列7,35.13,-0.02748274475
子图3,系列7,35.135,-0.02814955068
子图3,系列7,35.14,-0.02886174189
子图3,系列7,35.145,-0.02963062009
子图3,系列7,35.15,-0.03045260428
子图3,系列7,35.155,-0.03130883849
子图3,系列7,35.16,-0.03216670468
子图3,系列7,35.165,-0.03298308978
子图3,系列7,35.17,-0.03370903951
子图3,系列7,35.175,-0.03429530516
子图3,系列7,35.18,-0.03469818093
子图3,系列7,35.185,-0.03488502286
子图3,系列7,35.19,-0.03483887744
子图3,系列7,35.195,-0.03456176638
子图3,系列7,35.2,-0.03407632262
子图3,系列7,35.205,-0.03342565378
子图3,系列7,35.21,-0.0326714798
子图3,系列7,35.215,-0.03189074376
子图3,系列7,35.22,-0.03117099943
子图3,系列7,35.225,-0.03060494433
子图3,系列7,35.23,-0.03028447665
子图3,系列7,35.235,-0.03029464413
子图3,系列7,35.24,-0.03070780603
子图3,系列7,35.245,-0.03157830167
子图3,系列7,35.25,-0.03293787426
子图3,系列7,35.255,-0.03479209631
子图3,系列7,35.26,-0.03711801801
子图3,系列7,35.265,-0.03986326796
子图3,系列7,35.27,-0.04294679091
子图3,系列7,35.275,-0.04626137041
子图3,系列7,35.28,-0.04967796762
子图3,系列7,35.285,-0.05305179344
子图3,系列7,35.29,-0.05622984375
子图3,系列7,35.295,-0.05905947686
子图3,系列7,35.3,-0.06139743154
子图3,系列7,35.305,-0.06311859879
子图3,系列7,35.31,-0.06412379283
子图3,系列7,35.315,-0.06434583938
子图3,系列7,35.32,-0.06375339887
子图3,系列7,35.325,-0.06235218124
子图3,系列7,35.33,-0.06018342893
子图3,系列7,35.335,-0.05731985984
子图3,系列7,35.34,-0.05385947738
子图3,系列7,35.345,-0.04991791009
子图3,系列7,35.35,-0.04562002594
子图3,系列7,35.355,-0.04109166164
子图3,系列7,35.36,-0.03645219863
子图3,系列7,35.365,-0.03180863956
子图3,系列7,35.37,-0.02725157721
子图3,系列7,35.375,-0.02285327047
子图3,系列7,35.38,-0.01866773356
子图3,系列7,35.385,-0.01473258233
子图3,系列7,35.39,-0.01107214406
子图3,系列7,35.395,-0.007701285596
子图3,系列7,35.4,-0.004629322192
子图3,系列7,35.405,-0.001863463306
子图3,系列7,35.41,0.0005886919456
子图3,系列7,35.415,0.002717891899
子图3,系列7,35.42,0.004513337376
子图3,系列7,35.425,0.005964054041
子图3,系列7,35.43,0.007061284445
子图3,系列7,35.435,0.007801475245
子图3,系列7,35.44,0.008189371454
子图3,系列7,35.445,0.008240676532
子图3,系列7,35.45,0.007983802157
子图3,系列7,35.455,0.007460316817
子图3,系列7,35.46,0.006723884367
子图3,系列7,35.465,0.005837662631
子图3,系列7,35.47,0.004870361836
子图3,系列7,35.475,0.003891342545
子图3,系列7,35.48,0.002965305737
子图3,系列7,35.485,0.002147202433
子图3,系列7,35.49,0.001478012878
子图3,系列7,35.495,0.0009819485088
子图3,系列7,35.5,0.0006654757672
子图3,系列7,35.505,0.0005183148707
子图3,系列7,35.51,0.0005163104288
子图3,系列7,35.515,0.0006257944153
子图3,系列7,35.52,0.0008088550214
子图3,系列7,35.525,0.001028775227
子图3,系列7,35.53,0.001254888597
子图3,系列7,35.535,0.001466172686
子图3,系列7,35.54,0.001653108506
子图3,系列7,35.545,0.001817590688
子图3,系列7,35.55,0.001970995287
子图3,系列7,35.555,0.002130789714
子图3,系列7,35.56,0.002316312635
子图3,系列7,35.565,0.002544465525
子图3,系列7,35.57,0.002826069665
子图3,系列7,35.575,0.003163507945
子图3,系列7,35.58,0.003550045159
子图3,系列7,35.585,0.003970917322
子图3,系列7,35.59,0.004405967862
子图3,系列7,35.595,0.004833334304
子图3,系列7,35.6,0.00523350057
子图3,系列7,35.605,0.005592968856
子图3,系列7,35.61,0.00590686786
子图3,系列7,35.615,0.006180008827
子图3,系列7,35.62,0.006426168825
子图3,系列7,35.625,0.006665701942
子图3,系列7,35.63,0.006921865859
子图3,系列7,35.635,0.007216488371
子图3,系列7,35.64,0.007565708281
子图3,系列7,35.645,0.007976529842
子图3,系列7,35.65,0.008444789838
子图3,系列7,35.655,0.008954917711
子图3,系列7,35.66,0.009481571173
子图3,系列7,35.665,0.00999293885
子图3,系列7,35.67,0.01045523457
子图3,系列7,35.675,0.01083773228
子图3,系列7,35.68,0.011117614
子图3,系列7,35.685,0.01128394474
子图3,系列7,35.69,0.01134023217
子图3,系列7,35.695,0.01130524588
子图3,系列7,35.7,0.01121202744
子图3,系列7,35.705,0.01110526903
子图3,系列7,35.71,0.01103744389
子图3,系列7,35.715,0.01106420269
子图3,系列7,35.72,0.01123959475
子图3,系列7,35.725,0.01161163639
子图3,系列7,35.73,0.01221863897
子图3,系列7,35.735,0.01308656409
子图3,系列7,35.74,0.01422750798
子图3,系列7,35.745,0.01563927624
子图3,系列7,35.75,0.01730589996
子图3,系列7,35.755,0.01919888972
子图3,系列7,35.76,0.02127901635
子图3,系列7,35.765,0.02349844054
子图3,系列7,35.77,0.02580307018
子图3,系列7,35.775,0.02813507943
子图3,系列7,35.78,0.03043556486
子图3,系列7,35.785,0.03264731956
子图3,系列7,35.79,0.03471768176
子图3,系列7,35.795,0.03660135673
子图3,系列7,35.8,0.03826304196
子图3,系列7,35.805,0.03967962184
子图3,系列7,35.81,0.04084166062
子图3,系列7,35.815,0.04175393222
子图3,系列7,35.82,0.04243478374
子图3,系列7,35.825,0.04291424675
子图3,系列7,35.83,0.04323095598
子图3,系列7,35.835,0.04342811055
子图3,系列7,35.84,0.04354885969
子图3,系列7,35.845,0.04363162286
子图3,系列7,35.85,0.04370589296
子图3,系列7,35.855,0.04378906249
子图3,系列7,35.86,0.04388468826
子图3,系列7,35.865,0.04398245735
子图3,系列7,35.87,0.04405987375
子图3,系列7,35.875,0.04408547649
子图3,系列7,35.88,0.04402315815
子图3,系列7,35.885,0.0438370223
子图3,系列7,35.89,0.04349610406
子图3,系列7,35.895,0.04297832321
子图3,系列7,35.9,0.04227310849
子图3,系列7,35.905,0.04138235444
子图3,系列7,35.91,0.04031957455
子图3,系列7,35.915,0.03910741567
子图3,系列7,35.92,0.0377739032
子图3,系列7,35.925,0.03634801892
子图3,系列7,35.93,0.03485527926
子图3,系列7,35.935,0.03331403148
子图3,系列7,35.94,0.03173304551
子图3,系列7,35.945,0.03011083283
子图3,系列7,35.95,0.02843682893
子图3,系列7,35.955,0.0266943355
子图3,系列7,35.96,0.02486481252
子图3,系列7,35.965,0.0229329373
子图3,系列7,35.97,0.0208916855
子图3,系列7,35.975,0.01874670703
子图3,系列7,35.98,0.01651932376
子图3,系列7,35.985,0.01424769367
子图3,系列7,35.99,0.01198589926
子图3,系列7,35.995,0.009801025767
子图3,系列7,36,0.007768519467
子图3,系列7,36.005,0.005966357914
子图3,系列7,36.01,0.004468659573
子图3,系列7,36.015,0.003339434846
子图3,系列7,36.02,0.002627099189
子图3,系列7,36.025,0.00236028423
子图3,系列7,36.03,0.002545284039
子图3,系列7,36.035,0.003165318383
子图3,系列7,36.04,0.004181584585
子图3,系列7,36.045,0.005535939176
子图3,系列7,36.05,0.007154906845
子图3,系列7,36.055,0.008954655195
子图3,系列7,36.06,0.01084651596
子图3,系列7,36.065,0.01274264136
子图3,系列7,36.07,0.01456139229
子图3,系列7,36.075,0.0162321058
子图3,系列7,36.08,0.01769893707
子图3,系列7,36.085,0.01892354677
子图3,系列7,36.09,0.0198864754
子图3,系列7,36.095,0.02058713869
子图3,系列7,36.1,0.02104246212
子图3,系列7,36.105,0.02128427335
子图3,系列7,36.11,0.02135565419
子图3,系列7,36.115,0.02130654537
子图3,系列7,36.12,0.02118895423
子图3,系列7,36.125,0.02105216884
子图3,系列7,36.13,0.02093838308
子图3,系列7,36.135,0.02087912394
子图3,系列7,36.14,0.0208927971
子图3,系列7,36.145,0.02098357995
子图3,系列7,36.15,0.02114174979
子图3,系列7,36.155,0.0213454034
子图3,系列7,36.16,0.02156336311
子图3,系列7,36.165,0.0217589497
子图3,系列7,36.17,0.02189418673
子图3,系列7,36.175,0.02193396753
子图3,系列7,36.18,0.02184969696
子图3,系列7,36.185,0.02162199875
子图3,系列7,36.19,0.02124216426
子图3,系列7,36.195,0.02071218838
子图3,系列7,36.2,0.02004338441
子图3,系列7,36.205,0.01925376708
子图3,系列7,36.21,0.01836452851
子图3,系列7,36.215,0.01739607871
子图3,系列7,36.22,0.01636417773
子图3,系列7,36.225,0.01527672258
子图3,系列7,36.23,0.0141316843
子图3,系列7,36.235,0.01291659464
子图3,系列7,36.24,0.01160979267
子图3,系列7,36.245,0.0101834436
子图3,系列7,36.25,0.008608088488
子图3,系列7,36.255,0.006858268702
子图3,系列7,36.26,0.004918555411
子图3,系列7,36.265,0.002789201985
子图3,系列7,36.27,0.0004905794963
子图3,系列7,36.275,-0.001934356598
子图3,系列7,36.28,-0.004420160315
子图3,系列7,36.285,-0.006881843047
子图3,系列7,36.29,-0.009220639867
子图3,系列7,36.295,-0.01133216177
子图3,系列7,36.3,-0.01311616497
子图3,系列7,36.305,-0.01448686949
子图3,系列7,36.31,-0.01538261636
子图3,系列7,36.315,-0.01577363046
子图3,系列7,36.32,-0.01566682916
子图3,系列7,36.325,-0.01510691801
子图3,系列7,36.33,-0.0141734572
子图3,系列7,36.335,-0.01297407259
子图3,系列7,36.34,-0.01163448451
子图3,系列7,36.345,-0.0102864491
子图3,系列7,36.35,-0.009054994757
子图3,系列7,36.355,-0.008046452389
子图3,系列7,36.36,-0.007338686416
子图3,系列7,36.365,-0.006974669474
子图3,系列7,36.37,-0.006960110946
子图3,系列7,36.375,-0.007265343972
子图3,系列7,36.38,-0.007831130776
子图3,系列7,36.385,-0.008577572275
子图3,系列7,36.39,-0.009414940239
子图3,系列7,36.395,-0.01025505579
子图3,系列7,36.4,-0.01102182941
子图3,系列7,36.405,-0.01165974405
子图3,系列7,36.41,-0.012139391
子图3,系列7,36.415,-0.01245957543
子图3,系列7,36.42,-0.01264597536
子图3,系列7,36.425,-0.01274675058
子图3,系列7,36.43,-0.01282585647
子图3,系列7,36.435,-0.01295502661
子图3,系列7,36.44,-0.01320547943
子图3,系列7,36.445,-0.01364033218
子图3,系列7,36.45,-0.01430852801
子图3,系列7,36.455,-0.01524080493
子图3,系列7,36.46,-0.01644792186
子图3,系列7,36.465,-0.01792104459
子图3,系列7,36.47,-0.01963392747
子图3,系列7,36.475,-0.02154634563
子图3,系列7,36.48,-0.02360814455
子图3,系列7,36.485,-0.02576330085
子图3,系列7,36.49,-0.02795349482
子图3,系列7,36.495,-0.03012088094
子图3,系列7,36.5,-0.0322099425
子图3,系列7,36.505,-0.03416852401
子图3,系列7,36.51,-0.03594827927
子图3,系列7,36.515,-0.03750486893
子图3,系列7,36.52,-0.0387982338
子图3,系列7,36.525,-0.03979321074
子图3,系列7,36.53,-0.04046061575
子图3,系列7,36.535,-0.04077877404
子图3,系列7,36.54,-0.04073531014
子图3,系列7,36.545,-0.04032890857
子图3,系列7,36.55,-0.03957068407
子图3,系列7,36.555,-0.03848483157
子图3,系列7,36.56,-0.03710829328
子图3,系列7,36.565,-0.03548933737
子图3,系列7,36.57,-0.03368508735
子图3,系列7,36.575,-0.03175822874
子图3,系列7,36.58,-0.02977322235
子图3,系列7,36.585,-0.0277924589
子图3,系列7,36.59,-0.02587275903
子图3,系列7,36.595,-0.0240625959
子图3,系列7,36.6,-0.02240025323
子图3,系列7,36.605,-0.02091301773
子图3,系列7,36.61,-0.01961729893
子图3,系列7,36.615,-0.01851947618
子图3,系列7,36.62,-0.01761714829
子图3,系列7,36.625,-0.0169004831
子图3,系列7,36.63,-0.01635338968
子图3,系列7,36.635,-0.01595438155
子图3,系列7,36.64,-0.01567713256
子图3,系列7,36.645,-0.01549090208
子图3,系列7,36.65,-0.01536111442
子图3,系列7,36.655,-0.01525044173
子图3,系列7,36.66,-0.01512069241
子图3,系列7,36.665,-0.01493568305
子图3,系列7,36.67,-0.01466504801
子图3,系列7,36.675,-0.01428869456
子图3,系列7,36.68,-0.01380134012
子图3,系列7,36.685,-0.01321639096
子图3,系列7,36.69,-0.01256831026
子图3,系列7,36.695,-0.0119127072
子图3,系列7,36.7,-0.01132356314
子图3,系列7,36.705,-0.0108873977
子图3,系列7,36.71,-0.01069459856
子图3,系列7,36.715,-0.01082865662
子图3,系列7,36.72,-0.01135445556
子图3,系列7,36.725,-0.01230710877
子图3,系列7,36.73,-0.01368293462
子图3,系列7,36.735,-0.01543408167
子图3,系列7,36.74,-0.01746795799
子图3,系列7,36.745,-0.01965209561
子图3,系列7,36.75,-0.02182438949
子图3,系列7,36.755,-0.02380793201
子图3,系列7,36.76,-0.02542898269
子图3,系列7,36.765,-0.026536093
子图3,系列7,36.77,-0.02701811708
子图3,系列7,36.775,-0.02681883751
子图3,系列7,36.78,-0.02594623691
子图3,系列7,36.785,-0.0244750183
子图3,系列7,36.79,-0.02254175577
子图3,系列7,36.795,-0.02033294642
子图3,系列7,36.8,-0.01806710633
子图3,系列7,36.805,-0.01597281775
子图3,系列7,36.81,-0.01426514608
子图3,系列7,36.815,-0.01312309407
子图3,系列7,36.82,-0.01267063501
子图3,系列7,36.825,-0.01296347734
子图3,系列7,36.83,-0.01398300374
子图3,系列7,36.835,-0.01563801122
子图3,系列7,36.84,-0.01777393737
子图3,系列7,36.845,-0.020188438
子图3,系列7,36.85,-0.02265146318
子图3,系列7,36.855,-0.02492755806
子图3,系列7,36.86,-0.02679793474
子图3,系列7,36.865,-0.02808001518
子图3,系列7,36.87,-0.02864252802
子图3,系列7,36.875,-0.02841484759
子图3,系列7,36.88,-0.02738996425
子图3,系列7,36.885,-0.0256212096
子图3,系列7,36.89,-0.02321351952
子图3,系列7,36.895,-0.02031054752
子图3,系列7,36.9,-0.01707927535
子图3,系列7,36.905,-0.0136939057
子图3,系列7,36.91,-0.01032073788
子图3,系列7,36.915,-0.007105486588
子图3,系列7,36.92,-0.004164096054
子图3,系列7,36.925,-0.001577645407
子图3,系列7,36.93,0.0006085871433
子图3,系列7,36.935,0.002382285386
子图3,系列7,36.94,0.003758295094
子图3,系列7,36.945,0.004770929884
子图3,系列7,36.95,0.005465619692
子图3,系列7,36.955,0.005891089111
子图3,系列7,36.96,0.006093112892
子图3,系列7,36.965,0.006110568212
子图3,系列7,36.97,0.005974141277
子图3,系列7,36.975,0.00570759564
子图3,系列7,36.98,0.005331125063
子图3,系列7,36.985,0.004865967529
子图3,系列7,36.99,0.004339270443
子图3,系列7,36.995,0.003788138001
子图3,系列7,37,0.003261922891
子图3,系列7,37.005,0.002822084276
子图3,系列7,37.01,0.002539324413
子图3,系列7,37.015,0.00248814625
子图3,系列7,37.02,0.002739411655
子图3,系列7,37.025,0.003351829499
子图3,系列7,37.03,0.004363539265
子图3,系列7,37.035,0.005785013508
子图3,系列7,37.04,0.007594396319
子图3,系列7,37.045,0.009736108579
子图3,系列7,37.05,0.0121231488
子图3,系列7,37.055,0.01464302764
子图3,系列7,37.06,0.01716679096
子图3,系列7,37.065,0.0195601511
子图3,系列7,37.07,0.02169545033
子图3,系列7,37.075,0.02346304093
子图3,系列7,37.08,0.02478073204
子图3,系列7,37.085,0.02560019267
子图3,系列7,37.09,0.02590960188
子图3,系列7,37.095,0.02573232759
子图3,系列7,37.1,0.02512193371
子图3,系列7,37.105,0.02415428609
子图3,系列7,37.11,0.02291787459
子图3,系列7,37.115,0.0215036644
子图3,系列7,37.12,0.01999577722
子图3,系列7,37.125,0.01846413583
子图3,系列7,37.13,0.01695985565
子图3,系列7,37.135,0.01551376218
子图3,系列7,37.14,0.0141379349
子图3,系列7,37.145,0.01282978831
子图3,系列7,37.15,0.01157785505
子图3,系列7,37.155,0.01036828162
子图3,系列7,37.16,0.009190992504
子图3,系列7,37.165,0.008044624441
子图3,系列7,37.17,0.006939547958
子图3,系列7,37.175,0.005898632891
子图3,系列7,37.18,0.004955739993
子图3,系列7,37.185,0.0041522611
子图3,系列7,37.19,0.003532277647
子图3,系列7,37.195,0.003137086666
子图3,系列7,37.2,0.00299989724
子图3,系列7,37.205,0.003141458797
子图3,系列7,37.21,0.00356723724
子图3,系列7,37.215,0.004266536776
子图3,系列7,37.22,0.005213701565
子图3,系列7,37.225,0.006371246651
子图3,系列7,37.23,0.007694509085
子图3,系列7,37.235,0.00913718963
子图3,系列7,37.24,0.01065702537
子图3,系列7,37.245,0.01222078567
子图3,系列7,37.25,0.01380786009
子图3,系列7,37.255,0.01541187043
子图3,系列7,37.26,0.01704000703
子图3,系列7,37.265,0.01871009696
子图3,系列7,37.27,0.020445747
子图3,系列7,37.275,0.02227019418
子图3,系列7,37.28,0.02419971393
子图3,系列7,37.285,0.02623753332
子图3,系列7,37.29,0.02836915676
子图3,系列7,37.295,0.03055984166
子图3,系列7,37.3,0.03275466757
子图3,系列7,37.305,0.0348812926
子图3,系列7,37.31,0.03685510266
子图3,系列7,37.315,0.03858613496
子图3,系列7,37.32,0.03998689563
子图3,系列7,37.325,0.04098009023
子图3,系列7,37.33,0.04150529435
子图3,系列7,37.335,0.04152377621
子图3,系列7,37.34,0.041020938
子图3,系列7,37.345,0.04000620699
子图3,系列7,37.35,0.03851053604
子图3,系列7,37.355,0.03658201346
子图3,系列7,37.36,0.03428027814
子图3,系列7,37.365,0.03167057889
子图3,系列7,37.37,0.02881826592
子图3,系列7,37.375,0.02578440687
子图3,系列7,37.38,0.02262295831
子图3,系列7,37.385,0.01937969123
子图3,系列7,37.39,0.01609274829
子图3,系列7,37.395,0.01279450952
子图3,系列7,37.4,0.009514230425
子图3,系列7,37.405,0.006280876533
子图3,系列7,37.41,0.003125559915
子图3,系列7,37.415,8.312688802e-05
子图3,系列7,37.42,-0.00280741044
子图3,系列7,37.425,-0.005503665262
子图3,系列7,37.43,-0.007961769614
子图3,系列7,37.435,-0.01013904703
子图3,系列7,37.44,-0.01199704024
子图3,系列7,37.445,-0.01350440727
子图3,系列7,37.45,-0.01463924914
子图3,系列7,37.455,-0.01539052514
子图3,系列7,37.46,-0.01575837972
子图3,系列7,37.465,-0.01575337778
子图3,系列7,37.47,-0.01539482808
子图3,系列7,37.475,-0.01470851046
子图3,系列7,37.48,-0.01372421183
子图3,系列7,37.485,-0.0124734883
子图3,系列7,37.49,-0.01098801712
子图3,系列7,37.495,-0.009298784248
子图3,系列7,37.5,-0.00743619532
子图3,系列7,37.505,-0.005431024476
子图3,系列7,37.51,-0.003315954255
子图3,系列7,37.515,-0.001127340813
子图3,系列7,37.52,0.001093223751
子图3,系列7,37.525,0.003297968618
子图3,系列7,37.53,0.00543296067
子图3,系列7,37.535,0.007439281619
子图3,系列7,37.54,0.009255394948
子图3,系列7,37.545,0.01082054706
子图3,系列7,37.55,0.01207887792
子图3,系列7,37.555,0.01298379086
子图3,系列7,37.56,0.01350205799
子图3,系列7,37.565,0.01361714152
子图3,系列7,37.57,0.01333127084
子图3,系列7,37.575,0.01266595069
子图3,系列7,37.58,0.01166073694
子图3,系列7,37.585,0.01037032523
子图3,系列7,37.59,0.008860183269
子图3,系列7,37.595,0.007201150592
子图3,系列7,37.6,0.005463550868
子图3,系列7,37.605,0.003711454766
子图3,系列7,37.61,0.001997721683
子图3,系列7,37.615,0.0003603932584
子图3,系列7,37.62,-0.001179144374
子图3,系列7,37.625,-0.002616000798
子图3,系列7,37.63,-0.00395964291
子图3,系列7,37.635,-0.005230031898
子图3,系列7,37.64,-0.006452516296
子图3,系列7,37.645,-0.007652120504
子图3,系列7,37.65,-0.008847956741
子图3,系列7,37.655,-0.01004847761
子图3,系列7,37.66,-0.01124818652
子图3,系列7,37.665,-0.01242624085
子图3,系列7,37.67,-0.01354714694
子图3,系列7,37.675,-0.01456348599
子图3,系列7,37.68,-0.01542036287
子图3,系列7,37.685,-0.0160610646
子图3,系列7,37.69,-0.01643327705
子图3,系列7,37.695,-0.01649515082
子图3,系列7,37.7,-0.01622053014
子图3,系列7,37.705,-0.01560276065
子图3,系列7,37.71,-0.01465664584
子图3,系列7,37.715,-0.01341832718
子图3,系列7,37.72,-0.01194306839
子图3,系列7,37.725,-0.01030114773
子图3,系列7,37.73,-0.008572234234
子图3,系列7,37.735,-0.006838788772
子图3,系列7,37.74,-0.005179107538
子图3,系列7,37.745,-0.003660683507
子图3,系列7,37.75,-0.002334515731
子图3,系列7,37.755,-0.001230933914
子图3,系列7,37.76,-0.0003573495482
子图3,系列7,37.765,0.0003018134905
子图3,系列7,37.77,0.0007829734407
子图3,系列7,37.775,0.001139191178
子图3,系列7,37.78,0.001434282675
子图3,系列7,37.785,0.001735770011
子图3,系列7,37.79,0.002107316993
子图3,系列7,37.795,0.002601359166
子图3,系列7,37.8,0.003252627933
子图3,系列7,37.805,0.00407321002
子图3,系列7,37.81,0.005049645059
子图3,系列7,37.815,0.006142401693
子图3,系列7,37.82,0.007287849646
子图3,系列7,37.825,0.008402632706
子图3,系列7,37.83,0.009390112811
子图3,系列7,37.835,0.01014836663
子图3,系列7,37.84,0.01057905164
子图3,系列7,37.845,0.01059636692
子图3,系列7,37.85,0.01013530621
子图3,系列7,37.855,0.009158451542
子图3,系列7,37.86,0.00766068464
子图3,系列7,37.865,0.005671377282
子图3,系列7,37.87,0.003253861631
子图3,系列7,37.875,0.0005022268767
子图3,系列7,37.88,-0.002464259919
子图3,系列7,37.885,-0.005508609493
子图3,系列7,37.89,-0.008484787002
子图3,系列7,37.895,-0.0112468808
子图3,系列7,37.9,-0.01365803123
子图3,系列7,37.905,-0.01559845999
子图3,系列7,37.91,-0.0169720688
子图3,系列7,37.915,-0.01771124071
子图3,系列7,37.92,-0.01777965666
子图3,系列7,37.925,-0.01717310952
子图3,系列7,37.93,-0.01591844296
子图3,系列7,37.935,-0.01407085284
子图3,系列7,37.94,-0.01170985645
子图3,系列7,37.945,-0.008934274696
子图3,系列7,37.95,-0.005856571029
子图3,系列7,37.955,-0.002596886978
子图3,系列7,37.96,0.0007229216936
子图3,系列7,37.965,0.003984961209
子图3,系列7,37.97,0.00708044727
子图3,系列7,37.975,0.009914101591
子图3,系列7,37.98,0.01240762771
子图3,系列7,37.985,0.01450212397
子图3,系列7,37.99,0.01615935681
子图3,系列7,37.995,0.01736186154
子图3,系列7,38,0.01811191559
子图3,系列7,38.005,0.01842948545
子图3,系列7,38.01,0.01834932558
子图3,系列7,38.015,0.01791745883
子图3,系列7,38.02,0.01718732109
子图3,系列7,38.025,0.01621587614
子图3,系列7,38.03,0.01506001001
子图3,系列7,38.035,0.01377348911
子图3,系列7,38.04,0.01240470367
子图3,系列7,38.045,0.01099533939
子图3,系列7,38.05,0.009579999795
子图3,系列7,38.055,0.008186694891
子图3,系列7,38.06,0.006837978057
子图3,系列7,38.065,0.005552436357
子图3,系列7,38.07,0.004346163008
子图3,系列7,38.075,0.003233859576
子图3,系列7,38.08,0.002229253137
子图3,系列7,38.085,0.001344651076
子图3,系列7,38.09,0.0005896011614
子图3,系列7,38.095,-3.117421966e-05
子图3,系列7,38.1,-0.0005202354935
子图3,系列7,38.105,-0.0008897927753
子图3,系列7,38.11,-0.001163436728
子图3,系列7,38.115,-0.001376702561
子图3,系列7,38.12,-0.001576050675
子图3,系列7,38.125,-0.001816047294
子图3,系列7,38.13,-0.002154787217
子图3,系列7,38.135,-0.002647891049
子图3,系列7,38.14,-0.003341676058
子图3,系列7,38.145,-0.004266312275
子图3,系列7,38.15,-0.005429884221
子图3,系列7,38.155,-0.006814266778
子图3,系列7,38.16,-0.008373578729
子图3,系列7,38.165,-0.01003570753
子图3,系列7,38.17,-0.01170704243
子图3,系列7,38.175,-0.01328013807
子图3,系列7,38.18,-0.01464363607
子图3,系列7,38.185,-0.01569342338
子图3,系列7,38.19,-0.01634379178
子图3,系列7,38.195,-0.01653727784
子图3,系列7,38.2,-0.01625196906
子图3,系列7,38.205,-0.01550530879
子图3,系列7,38.21,-0.01435383345
子图3,系列7,38.215,-0.0128887438
子图3,系列7,38.22,-0.01122771648
子图3,系列7,38.225,-0.009503816146
子图3,系列7,38.23,-0.007852719333
子图3,系列7,38.235,-0.006399669136
子图3,系列7,38.24,-0.005247596865
子图3,系列7,38.245,-0.004467707737
子图3,系列7,38.25,-0.004093506784
子图3,系列7,38.255,-0.004118838808
子图3,系列7,38.26,-0.004500025609
子图3,系列7,38.265,-0.005161732426
子图3,系列7,38.27,-0.006005777683
子图3,系列7,38.275,-0.006921821558
子图3,系列7,38.28,-0.007798708692
子图3,系列7,38.285,-0.008535247985
子图3,系列7,38.29,-0.009049349948
子图3,系列7,38.295,-0.009284696988
子图3,系列7,38.3,-0.009214452137
子图3,系列7,38.305,-0.008841863924
子图3,系列7,38.31,-0.00819797118
子图3,系列7,38.315,-0.007336890912
子图3,系列7,38.32,-0.006329382186
子图3,系列7,38.325,-0.005255479462
子图3,系列7,38.33,-0.004197000078
子图3,系列7,38.335,-0.003230646787
子图3,系列7,38.34,-0.002422276042
子图3,系列7,38.345,-0.001822711597
子图3,系列7,38.35,-0.001465269561
子图3,系列7,38.355,-0.001364969972
子图3,系列7,38.36,-0.001519235569
子图3,系列7,38.365,-0.001909770794
子图3,系列7,38.37,-0.002505238578
子图3,系列7,38.375,-0.00326435565
子图3,系列7,38.38,-0.004139051068
子图3,系列7,38.385,-0.005077418432
子图3,系列7,38.39,-0.006026271464
子图3,系列7,38.395,-0.006933223278
子图3,系列7,38.4,-0.007748287099
子图3,系列7,38.405,-0.008425078277
子图3,系列7,38.41,-0.008921732221
子图3,系列7,38.415,-0.009201679384
子图3,系列7,38.42,-0.009234398825
子图3,系列7,38.425,-0.008996246155
子图3,系列7,38.43,-0.008471392022
子图3,系列7,38.435,-0.007652854763
子图3,系列7,38.44,-0.006543541002
子图3,系列7,38.445,-0.005157164188
子图3,系列7,38.45,-0.003518864878
子图3,系列7,38.455,-0.001665354807
子图3,系列7,38.46,0.0003555897814
子图3,系列7,38.465,0.002486402392
子图3,系列7,38.47,0.004661827072
子图3,系列7,38.475,0.006811798495
子图3,系列7,38.48,0.008864967421
子图3,系列7,38.485,0.01075262527
子图3,系列7,38.49,0.01241271703
子图3,系列7,38.495,0.01379357118
子图3,系列7,38.5,0.01485698367
子图3,系列7,38.505,0.01558032478
子图3,系列7,38.51,0.01595743494
子图3,系列7,38.515,0.0159981924
子图3,系列7,38.52,0.01572678482
子图3,系列7,38.525,0.01517886112
子图3,系列7,38.53,0.01439786691
子图3,系列7,38.535,0.01343096237
子图3,系列7,38.54,0.01232495753
子图3,系列7,38.545,0.01112269718
子图3,系列7,38.55,0.009860250186
子图3,系列7,38.555,0.00856516246
子图3,系列7,38.56,0.007255878079
子图3,系列7,38.565,0.005942301512
子图3,系列7,38.57,0.004627317757
子图3,系列7,38.575,0.003308995537
子图3,系列7,38.58,0.001983116282
子图3,系列7,38.585,0.0006456729419
子图3,系列7,38.59,-0.0007049929595
子图3,系列7,38.595,-0.002066654496
子图3,系列7,38.6,-0.003432398375
子图3,系列7,38.605,-0.004790566918
子图3,系列7,38.61,-0.006125341406
子图3,系列7,38.615,-0.007417778257
子图3,系列7,38.62,-0.008647065328
子图3,系列7,38.625,-0.009791767866
子图3,系列7,38.63,-0.01083087595
子图3,系列7,38.635,-0.01174454367
子图3,系列7,38.64,-0.01251450016
子图3,系列7,38.645,-0.01312420393
子图3,系列7,38.65,-0.01355887914
子图3,系列7,38.655,-0.01380560795
子图3,系列7,38.66,-0.01385364614
子图3,系列7,38.665,-0.01369508135
子图3,系列7,38.67,-0.0133258758
子图3,系列7,38.675,-0.01274723583
子图3,系列7,38.68,-0.01196715745
子图3,系列7,38.685,-0.01100191555
子图3,系列7,38.69,-0.009877223771
子图3,系列7,38.695,-0.008628788293
子图3,系列7,38.7,-0.007302026841
子图3,系列7,38.705,-0.005950808376
子图3,系列7,38.71,-0.004635185312
子图3,系列7,38.715,-0.003418217555
子图3,系列7,38.72,-0.002362108013
子图3,系列7,38.725,-0.001523970211
子图3,系列7,38.73,-0.000951605747
子图3,系列7,38.735,-0.0006796917415
子图3,系列7,38.74,-0.0007267426807
子图3,系列7,38.745,-0.001093148954
子图3,系列7,38.75,-0.001760487048
子图3,系列7,38.755,-0.002692186854
子图3,系列7,38.76,-0.003835515256
子图3,系列7,38.765,-0.00512472998
子图3,系列7,38.77,-0.00648516227
子图3,系列7,38.775,-0.007837922753
子图3,系列7,38.78,-0.009104884819
子图3,系列7,38.785,-0.01021358808
子图3,系列7,38.79,-0.01110171967
子图3,系列7,38.795,-0.01172086675
子图3,系列7,38.8,-0.01203929178
子图3,系列7,38.805,-0.01204355398
子图3,系列7,38.81,-0.0117388837
子图3,系列7,38.815,-0.01114830831
子图3,系列7,38.82,-0.01031061257
子图3,系列7,38.825,-0.009277304065
子图3,系列7,38.83,-0.008108812866
子图3,系列7,38.835,-0.006870212631
子图3,系列7,38.84,-0.005626764519
子图3,系列7,38.845,-0.00443960161
子图3,系列7,38.85,-0.003361840172
子图3,系列7,38.855,-0.002435383611
子图3,系列7,38.86,-0.001688621421
子图3,系列7,38.865,-0.001135180159
子图3,系列7,38.87,-0.0007738019122
子图3,系列7,38.875,-0.0005893641817
子图3,系列7,38.88,-0.0005549643446
子图3,系列7,38.885,-0.0006349210185
子图3,系列7,38.89,-0.0007884567732
子图3,系列7,38.895,-0.0009737640353
子图3,系列7,38.9,-0.00115209695
子图3,系列7,38.905,-0.001291509985
子图3,系列7,38.91,-0.001369868517
子图3,系列7,38.915,-0.001376806917
子图3,系列7,38.92,-0.00131439769
子图3,系列7,38.925,-0.001196421166
子图3,系列7,38.93,-0.001046276952
子图3,系列7,38.935,-0.0008937377053
子图3,系列7,38.94,-0.0007708966356
子图3,系列7,38.945,-0.0007077757758
子图3,系列7,38.95,-0.0007281293984
子图3,系列7,38.955,-0.0008459762797
子图3,系列7,38.96,-0.001063324901
子图3,系列7,38.965,-0.001369418492
子图3,系列7,38.97,-0.001741636798
子图3,系列7,38.975,-0.002147974999
子图3,系列7,38.98,-0.002550800571
子图3,系列7,38.985,-0.002911407472
子图3,系列7,38.99,-0.0031947592
子图3,系列7,38.995,-0.003373775211
子图3,系列7,39,-0.003432559983
子图3,系列7,39.005,-0.003368116588
子图3,系列7,39.01,-0.003190288883
子图3,系列7,39.015,-0.002919929983
子图3,系列7,39.02,-0.002585543664
子图3,系列7,39.025,-0.002218871153
子图3,系列7,39.03,-0.001850047304
子图3,系列7,39.035,-0.001503020509
子图3,系列7,39.04,-0.001191893876
子图3,系列7,39.045,-0.0009187206749
子图3,系列7,39.05,-0.0006730796206
子图3,系列7,39.055,-0.000433508285
子图3,系列7,39.06,-0.0001706093959
子图3,系列7,39.065,0.0001485859793
子图3,系列7,39.07,0.0005555917566
子图3,系列7,39.075,0.001075459361
子图3,系列7,39.08,0.001722473791
子图3,系列7,39.085,0.002497141681
子图3,系列7,39.09,0.00338489338
子图3,系列7,39.095,0.004356694115
子图3,系列7,39.1,0.005371518205
子图3,系列7,39.105,0.006380398501
子图3,系列7,39.11,0.007331572387
子图3,系列7,39.115,0.00817610438
子图3,系列7,39.12,0.008873317064
子图3,系列7,39.125,0.009395380321
子图3,系列7,39.13,0.009730521144
子图3,系列7,39.135,0.009884474532
子图3,系列7,39.14,0.009880010917
子图3,系列7,39.145,0.009754592355
子图3,系列7,39.15,0.009556426111
子图3,系列7,39.155,0.009339358473
子图3,系列7,39.16,0.009157173548
子图3,系列7,39.165,0.009057918701
子图3,系列7,39.17,0.009078856829
子图3,系列7,39.175,0.0092425683
子图3,系列7,39.18,0.009554577815
子图3,系列7,39.185,0.01000271496
子图3,系列7,39.19,0.01055821583
子图3,系列7,39.195,0.01117840058
子图3,系列7,39.2,0.01181059673
子图3,系列7,39.205,0.0123968785
子图3,系列7,39.21,0.01287912819
子图3,系列7,39.215,0.01320393582
子图3,系列7,39.22,0.01332690031
子图3,系列7,39.225,0.01321599744
子图3,系列7,39.23,0.01285379603
子图3,系列7,39.235,0.01223843983
子图3,系列7,39.24,0.01138343132
子图3,系列7,39.245,0.01031636003
子图3,系列7,39.25,0.009076783981
子图3,系列7,39.255,0.007713514324
子图3,系列7,39.26,0.006281549806
子图3,系列7,39.265,0.004838891394
子图3,系列7,39.27,0.003443419445
子图3,系列7,39.275,0.002149979534
子图3,系列7,39.28,0.001007772692
子图3,系列7,39.285,5.812661848e-05
子图3,系列7,39.29,-0.0006673019795
子图3,系列7,39.295,-0.001147837596
子图3,系列7,39.3,-0.00137456146
子图3,系列7,39.305,-0.001350496418
子图3,系列7,39.31,-0.001090164631
子图3,系列7,39.315,-0.000618499383
子图3,系列7,39.32,3.085976712e-05
子图3,系列7,39.325,0.0008178097604
子图3,系列7,39.33,0.001698423481
子图3,系列7,39.335,0.00262779244
子图3,系列7,39.34,0.003562841758
子图3,系列7,39.345,0.004464873961
子图3,系列7,39.35,0.005301619215
子图3,系列7,39.355,0.006048616668
子图3,系列7,39.36,0.006689827967
子图3,系列7,39.365,0.007217468841
子图3,系列7,39.37,0.007631133875
子图3,系列7,39.375,0.007936363535
子图3,系列7,39.38,0.008142852898
子图3,系列7,39.385,0.008262525825
子图3,系列7,39.39,0.008307685339
子图3,系列7,39.395,0.008289423123
子图3,系列7,39.4,0.008216410299
子图3,系列7,39.405,0.008094141708
子图3,系列7,39.41,0.007924635621
子图3,系列7,39.415,0.007706555334
子图3,系列7,39.42,0.007435671475
子图3,系列7,39.425,0.007105581063
子图3,系列7,39.43,0.006708583181
子图3,系列7,39.435,0.006236634547
子图3,系列7,39.44,0.005682311325
子图3,系列7,39.445,0.005039733371
子图3,系列7,39.45,0.004305411524
子图3,系列7,39.455,0.003478998515
子图3,系列7,39.46,0.002563920211
子图3,系列7,39.465,0.001567870347
子图3,系列7,39.47,0.0005031417465
子图3,系列7,39.475,-0.0006132331851
子图3,系列7,39.48,-0.001759568242
子图3,系列7,39.485,-0.002909867842
子图3,系列7,39.49,-0.004034461058
子图3,系列7,39.495,-0.005100941814
子图3,系列7,39.5,-0.006075416446
子图3,系列7,39.505,-0.006924031833
子图3,系列7,39.51,-0.007614730405
子图3,系列7,39.515,-0.008119143138
子图3,系列7,39.52,-0.008414504536
子图3,系列7,39.525,-0.008485446686
子图3,系列7,39.53,-0.008325519279
子图3,系列7,39.535,-0.007938281368
子图3,系列7,39.54,-0.007337830396
子图3,系列7,39.545,-0.006548667025
子图3,系列7,39.55,-0.005604843427
子图3,系列7,39.555,-0.004548402257
子图3,系列7,39.56,-0.003427176098
子图3,系列7,39.565,-0.002292082211
子图3,系列7,39.57,-0.001194098364
子图3,系列7,39.575,-0.0001811498043
子图3,系列7,39.58,0.0007048472357
子图3,系列7,39.585,0.001430537246
子图3,系列7,39.59,0.001973056749
子图3,系列7,39.595,0.002321173371
子图3,系列7,39.6,0.002475534453
子图3,系列7,39.605,0.00244800258
子图3,系列7,39.61,0.00226014386
子图3,系列7,39.615,0.001941011823
子图3,系列7,39.62,0.001524437548
子图3,系列7,39.625,0.001046081557
子图3,系列7,39.63,0.0005405202249
子图3,系列7,39.635,3.863120698e-05
子图3,系列7,39.64,-0.0004345003347
子图3,系列7,39.645,-0.0008609909188
子图3,系列7,39.65,-0.001230803396
子图3,系列7,39.655,-0.001541625563
子图3,系列7,39.66,-0.001798066072
子图3,系列7,39.665,-0.002010309264
子图3,系列7,39.67,-0.002192417102
子图3,系列7,39.675,-0.002360477314
子图3,系列7,39.68,-0.002530790451
子图3,系列7,39.685,-0.002718254925
子图3,系列7,39.69,-0.002935066078
子图3,系列7,39.695,-0.003189794198
子图3,系列7,39.7,-0.003486858452
子图3,系列7,39.705,-0.003826374721
子图3,系列7,39.71,-0.004204326366
子图3,系列7,39.715,-0.004612993721
子图3,系列7,39.72,-0.00504157248
子图3,系列7,39.725,-0.005476918012
子图3,系列7,39.73,-0.00590435936
子图3,系列7,39.735,-0.006308539028
子图3,系列7,39.74,-0.006674240187
子图3,系列7,39.745,-0.006987170422
子图3,系列7,39.75,-0.007234670243
子图3,系列7,39.755,-0.007406317608
子图3,系列7,39.76,-0.007494397297
子图3,系列7,39.765,-0.007494209975
子图3,系列7,39.77,-0.007404199293
子图3,系列7,39.775,-0.007225889716
子图3,系列7,39.78,-0.006963638418
子图3,系列7,39.785,-0.00662422457
子图3,系列7,39.79,-0.006216310795
子图3,系列7,39.795,-0.005749828756
子图3,系列7,39.8,-0.005235344302
子图3,系列7,39.805,-0.004683464419
子图3,系列7,39.81,-0.004104338298
子图3,系列7,39.815,-0.003507298844
子图3,系列7,39.82,-0.002900668387
子图3,系列7,39.825,-0.002291737468
子图3,系列7,39.83,-0.001686897561
子图3,系列7,39.835,-0.001091894131
子图3,系列7,39.84,-0.0005121442112
子图3,系列7,39.845,4.694053612e-05
子图3,系列7,39.85,0.0005796911746
子图3,系列7,39.855,0.001080031346
子图3,系列7,39.86,0.001541481603
子图3,系列7,39.865,0.001957333009
子图3,系列7,39.87,0.002320985385
子图3,系列7,39.875,0.002626416287
子图3,系列7,39.88,0.002868730433
子图3,系列7,39.885,0.003044720368
子图3,系列7,39.89,0.003153366217
子图3,系列7,39.895,0.003196201424
子图3,系列7,39.9,0.00317748553
子图3,系列7,39.905,0.003104141767
子图3,系列7,39.91,0.002985444105
子图3,系列7,39.915,0.002832464818
子图3,系列7,39.92,0.002657322827
子图3,系列7,39.925,0.00247229704
子图3,系列7,39.93,0.002288888431
子图3,系列7,39.935,0.002116924735
子图3,系列7,39.94,0.001963802638
子图3,系列7,39.945,0.001833952309
子图3,系列7,39.95,0.001728589177
子图3,系列7,39.955,0.001645789156
子图3,系列7,39.96,0.001580888666
子图3,系列7,39.965,0.001527173823
子图3,系列7,39.97,0.001476787851
子图3,系列7,39.975,0.001421757458
子图3,系列7,39.98,0.001355021043
子图3,系列7,39.985,0.001271337921
子图3,系列7,39.99,0.001167969172
子图3,系列7,39.995,0.001045046673
子图3,系列7,40,0.0009055848496
子图3,系列7,40.005,0.0007551343008
子图3,系列7,40.01,0.0006011227587
子图3,系列7,40.015,0.000451969506
子图3,系列7,40.02,0.0003160892032
子图3,系列7,40.025,0.0002009154202
子图3,系列7,40.03,0.0001120700263
子图3,系列7,40.035,5.27838676e-05
子图3,系列7,40.04,2.363703121e-05
子图3,系列7,40.045,2.264256651e-05
子图3,系列7,40.05,4.564782053e-05
子图3,系列7,40.055,8.698526791e-05
子图3,系列7,40.06,0.0001402705574
子图3,系列7,40.065,0.0001992300643
子图3,系列7,40.07,0.0002584400235
子图3,系列7,40.075,0.0003138788389
子图3,系列7,40.08,0.0003632253598
子图3,系列7,40.085,0.0004058775712
子图3,系列7,40.09,0.0004427079981
子图3,系列7,40.095,0.0004756112143
子图3,系列7,40.1,0.0005069261225
子图3,系列7,40.105,0.0005388310287
子图3,系列7,40.11,0.0005728075764
子图3,系列7,40.115,0.0006092554057
子图3,系列7,40.12,0.0006473115166
子图3,系列7,40.125,0.0006848958843
子图3,系列7,40.13,0.0007189686068
子图3,系列7,40.135,0.0007459535006
子图3,系列7,40.14,0.000762258771
子图3,系列7,40.145,0.0007648140867
子图3,系列7,40.15,0.0007515427068
子图3,系列7,40.155,0.0007217000295
子图3,系列7,40.16,0.0006760306137
子图3,系列7,40.165,0.0006167241635
子图3,系列7,40.17,0.0005471796467
子图3,系列7,40.175,0.0004716148688
子图3,系列7,40.18,0.0003945789248
子图3,系列7,40.185,0.0003204379657
子图3,系列7,40.19,0.0002529053779
子图3,系列7,40.195,0.000194679572
子图3,系列7,40.2,0.0001472343059
子图3,系列7,40.205,0.0001107837116
子图3,系列7,40.21,8.44179519e-05
子图3,系列7,40.215,6.63816536e-05
子图3,系列7,40.22,5.444762153e-05
子图3,系列7,40.225,4.632688888e-05
子图3,系列7,40.23,4.005307999e-05
子图3,系列7,40.235,3.428564211e-05
子图3,系列7,40.24,2.849038932e-05
子图3,系列7,40.245,2.297589777e-05
子图3,系列7,40.25,1.878629916e-05
子图3,系列7,40.255,1.747274251e-05
子图3,系列7,40.26,2.078295446e-05
子图3,系列7,40.265,3.031933177e-05
子图3,系列7,40.27,4.721878588e-05
子图3,系列7,40.275,7.190238897e-05
子图3,系列7,40.28,0.00010393075
子图3,系列7,40.285,0.0001419840799
子图3,系列7,40.29,0.0001839670127
子图3,系列7,40.295,0.0002272202199
子图3,系列7,40.3,0.0002688063568
子图3,系列7,40.305,0.0003058289796
子图3,系列7,40.31,0.0003357404899
子图3,系列7,40.315,0.0003565993632
子图3,系列7,40.32,0.0003672462419
子图3,系列7,40.325,0.0003673818355
子图3,系列7,40.33,0.0003575438241
子图3,系列7,40.335,0.0003389936262
子图3,系列7,40.34,0.0003135340098
子图3,系列7,40.345,0.0002832849836
子图3,系列7,40.35,0.0002504465772
子图3,系列7,40.355,0.0002170752028
子图3,系列7,40.36,0.0001848945223
子图3,系列7,40.365,0.0001551558438
子图3,系列7,40.37,0.0001285556907
子图3,系列7,40.375,0.0001052129783
子图3,系列7,40.38,8.470268749e-05
子图3,系列7,40.385,6.613978499e-05
子图3,系列7,40.39,4.830368174e-05
子图3,系列7,40.395,2.979167717e-05
子图3,系列7,40.4,9.187848813e-06
子图3,系列7,40.405,-1.476696431e-05
子图3,系列7,40.41,-4.301877004e-05
子图3,系列7,40.415,-7.607136534e-05
子图3,系列7,40.42,-0.0001138965752
子图3,系列7,40.425,-0.0001558925552
子图3,系列7,40.43,-0.0002008952552
子图3,系列7,40.435,-0.0002472432525
子图3,系列7,40.44,-0.0002928917278
子图3,系列7,40.445,-0.0003355664122
子图3,系列7,40.45,-0.0003729448468
子图3,系列7,40.455,-0.000402849317
子图3,系列7,40.46,-0.0004234347251
子图3,系列7,40.465,-0.0004333547455
子图3,系列7,40.47,-0.0004318910898
子图3,系列7,40.475,-0.0004190334205
子图3,系列7,40.48,-0.0003955007613
子图3,系列7,40.485,-0.0003626997034
子图3,系列7,40.49,-0.0003226193931
子图3,系列7,40.495,-0.0002776690505
子图3,系列7,40.5,-0.0002304694661
子图3,系列7,40.505,-0.0001836159408
子图3,系列7,40.51,-0.0001394348218
子图3,系列7,40.515,-9.975913941e-05
子图3,系列7,40.52,-6.574895994e-05
子图3,系列7,40.525,-3.777960281e-05
子图3,系列7,40.53,-1.541435697e-05
子图3,系列7,40.535,2.530138797e-06
子图3,系列7,40.54,1.782882866e-05
子图3,系列7,40.545,3.261724745e-05
子图3,系列7,40.55,4.910892981e-05
子图3,系列7,40.555,6.929311607e-05
子图3,系列7,40.56,9.464905355e-05
子图3,系列7,40.565,0.0001259129197
子图3,系列7,40.57,0.0001629284457
子图3,系列7,40.575,0.000204602989
子图3,系列7,40.58,0.0002489779953
子图3,系列7,40.585,0.0002934083451
子图3,系列7,40.59,0.0003348309485
子图3,系列7,40.595,0.0003700911578
子图3,系列7,40.6,0.0003962880779
子图3,系列7,40.605,0.0004110972555
子图3,系列7,40.61,0.0004130322757
子图3,系列7,40.615,0.0004016143373
子图3,系列7,40.62,0.0003774302455
子图3,系列7,40.625,0.0003420727027
子图3,系列7,40.63,0.0002979707338
子图3,系列7,40.635,0.000248131251
子图3,系列7,40.64,0.0001958231748
子图3,系列7,40.645,0.0001442425555
子图3,系列7,40.65,9.619902101e-05
子图3,系列7,40.655,5.386089551e-05
子图3,系列7,40.66,1.858797069e-05
子图3,系列7,40.665,-9.131127792e-06
子图3,系列7,40.67,-2.963457633e-05
子图3,系列7,40.675,-4.394782624e-05
子图3,系列7,40.68,-5.357301492e-05
子图3,系列7,40.685,-6.023925781e-05
子图3,系列7,40.69,-6.564893198e-05
子图3,系列7,40.695,-7.125264335e-05
子图3,系列7,40.7,-7.807927975e-05
子图3,系列7,40.705,-8.663786586e-05
子图3,系列7,40.71,-9.689731285e-05
子图3,系列7,40.715,-0.000108339561
子图3,系列7,40.72,-0.0001200727329
子图3,系列7,40.725,-0.0001309846169
子图3,系列7,40.73,-0.0001399133762
子图3,系列7,40.735,-0.0001458123813
子图3,系列7,40.74,-0.0001478886436
子图3,系列7,40.745,-0.0001456994873
子图3,系列7,40.75,-0.0001391985501
子图3,系列7,40.755,-0.0001287292844
子图3,系列7,40.76,-0.0001149708961
子图3,系列7,40.765,-9.884708526e-05
子图3,系列7,40.77,-8.141186787e-05
子图3,系列7,40.775,-6.372835185e-05
子图3,系列7,40.78,-4.675604518e-05
子图3,系列7,40.785,-3.125994639e-05
子图3,系列7,40.79,-1.775088617e-05
子图3,系列7,40.795,-6.461966579e-06
子图3,系列7,40.8,2.639110659e-06
子图3,系列7,40.805,9.806497871e-06
子图3,系列7,40.81,1.54498228e-05
子图3,系列7,40.815,2.005554797e-05
子图3,系列7,40.82,2.410733292e-05
子图3,系列7,40.825,2.801583547e-05
子图3,系列7,40.83,3.206616034e-05
子图3,系列7,40.835,3.63881965e-05
子图3,系列7,40.84,4.095152127e-05
子图3,系列7,40.845,4.558322363e-05
子图3,系列7,40.85,5.000410785e-05
子图3,系列7,40.855,5.387673192e-05
子图3,系列7,40.86,5.685786302e-05
子图3,系列7,40.865,5.864801754e-05
子图3,系列7,40.87,5.903195145e-05
子图3,系列7,40.875,5.790569503e-05
子图3,系列7,40.88,5.528790489e-05
子图3,系列7,40.885,5.131547468e-05
子图3,系列7,40.89,4.622521316e-05
子图3,系列7,40.895,4.032496814e-05
子图3,系列7,40.9,3.395845998e-05
子图3,系列8（水平参考线）,0,0
子图3,系列8（水平参考线）,40.9,0
子图4,系列9,0.5134348793,0.01508173611
子图4,系列9,0.5378841593,0.04657107059
子图4,系列9,0.5623334393,0.2266854522
子图4,系列9,0.5867827192,0.3778520069
子图4,系列9,0.6112319992,0.5037200589
子图4,系列9,0.6356812792,0.478998862
子图4,系列9,0.6601305592,0.315340874
子图4,系列9,0.6845798391,0.1967158016
子图4,系列9,0.7090291191,0.1013021312
子图4,系列9,0.7334783991,0.1008902075
子图4,系列9,0.757927679,0.08637736037
子图4,系列9,0.782376959,0.05574139588
子图4,系列9,0.806826239,0.05026181253
子图4,系列9,0.8312755189,0.1037853145
子图4,系列9,0.8557247989,0.1341538881
子图4,系列9,0.8801740789,0.1291658777
子图4,系列9,0.9046233588,0.1373361785
子图4,系列9,0.9290726388,0.2317190324
子图4,系列9,0.9535219188,0.3149785034
子图4,系列9,0.9779711987,0.3438070796
子图4,系列9,1.002420479,0.3195192382
子图4,系列9,1.026869759,0.1752479412
子图4,系列9,1.051319039,0.06001646577
子图4,系列9,1.075768319,0.03968947613
子图4,系列9,1.100217599,0.03363937964
子图4,系列9,1.124666879,0.03021476467
子图4,系列9,1.149116159,0.03482263919
子图4,系列9,1.173565438,0.03303361346
子图4,系列9,1.198014718,0.02427834316
子图4,系列9,1.222463998,0.03285871833
子图4,系列9,1.246913278,0.05061749504
子图4,系列9,1.271362558,0.05213954615
子图4,系列9,1.295811838,0.05374695615
子图4,系列9,1.320261118,0.04261463085
子图4,系列9,1.344710398,0.02434317713
子图4,系列9,1.369159678,0.01666168393
子图4,系列9,1.393608958,0.02069752343
子图4,系列9,1.418058238,0.0588223871
子图4,系列9,1.442507518,0.1119932622
子图4,系列9,1.466956798,0.13763669
子图4,系列9,1.491406078,0.146663645
子图4,系列9,1.515855358,0.13460953
子图4,系列9,1.540304638,0.09645795044
子图4,系列9,1.564753918,0.07616738631
子图4,系列9,1.589203198,0.05774785884
子图4,系列9,1.613652478,0.03643708523
子图4,系列9,1.638101758,0.04662670369
子图4,系列9,1.662551038,0.05412564097
子图4,系列9,1.687000318,0.07546262443
子图4,系列9,1.711449598,0.07482880366
子图4,系列9,1.735898878,0.05561646408
子图4,系列9,1.760348158,0.06293019324
子图4,系列9,1.784797438,0.05908962925
子图4,系列9,1.809246718,0.05632375201
子图4,系列9,1.833695998,0.05079908621
子图4,系列9,1.858145278,0.03970808805
子图4,系列9,1.882594558,0.03178211262
子图4,系列9,1.907043838,0.0351069028
子图4,系列9,1.931493118,0.03367364852
子图4,系列9,1.955942397,0.02899975607
子图4,系列9,1.980391677,0.02634738265
子图4,系列9,2.004840957,0.03025237133
子图4,系列9,2.029290237,0.04342629177
子图4,系列9,2.053739517,0.0506721752
子图4,系列9,2.078188797,0.05890871865
子图4,系列9,2.102638077,0.0622205502
子图4,系列9,2.127087357,0.05351856831
子图4,系列9,2.151536637,0.04117636962
子图4,系列9,2.175985917,0.03533523954
子图4,系列9,2.200435197,0.02192485801
子图4,系列9,2.224884477,0.02358714481
子图4,系列9,2.249333757,0.04015043972
子图4,系列9,2.273783037,0.05966555943
子图4,系列9,2.298232317,0.07619530164
子图4,系列9,2.322681597,0.0790680663
子图4,系列9,2.347130877,0.09466348347
子图4,系列9,2.371580157,0.07997096628
子图4,系列9,2.396029437,0.06422017895
子图4,系列9,2.420478717,0.05188055873
子图4,系列9,2.444927997,0.02019574086
子图4,系列9,2.469377277,0.009822923416
子图4,系列9,2.493826557,0.01317453941
子图4,系列9,2.518275837,0.02529273809
子图4,系列9,2.542725117,0.02568411066
子图4,系列9,2.567174397,0.03428587731
子图4,系列9,2.591623677,0.05052840844
子图4,系列9,2.616072957,0.03911194414
子图4,系列9,2.640522237,0.03683697707
子图4,系列9,2.664971517,0.04223055285
子图4,系列9,2.689420797,0.09856552388
子图4,系列9,2.713870077,0.273181721
子图4,系列9,2.738319356,0.3771383609
子图4,系列9,2.762768636,0.3950286671
子图4,系列9,2.787217916,0.3584451917
子图4,系列9,2.811667196,0.2195206262
子图4,系列9,2.836116476,0.1739319837
子图4,系列9,2.860565756,0.1967117969
子图4,系列9,2.885015036,0.1790077168
子图4,系列9,2.909464316,0.2195604723
子图4,系列9,2.933913596,0.2708783492
子图4,系列9,2.958362876,0.2631030952
子图4,系列9,2.982812156,0.3631766303
子图4,系列9,3.007261436,0.4347118291
子图4,系列9,3.031710716,0.4638745658
子图4,系列9,3.056159996,0.5968878564
子图4,系列9,3.080609276,0.5785515348
子图4,系列9,3.105058556,0.4943550626
子图4,系列9,3.129507836,0.3848518533
子图4,系列9,3.153957116,0.2012467675
子图4,系列9,3.178406396,0.1193292408
子图4,系列9,3.202855676,0.1326249381
子图4,系列9,3.227304956,0.1411373885
子图4,系列9,3.251754236,0.2172194469
子图4,系列9,3.276203516,0.2580860769
子图4,系列9,3.300652796,0.2118005844
子图4,系列9,3.325102076,0.2058987071
子图4,系列9,3.349551356,0.1319746495
子图4,系列9,3.374000636,0.08143725057
子图4,系列9,3.398449916,0.07160931147
子图4,系列9,3.422899196,0.04508374736
子图4,系列9,3.447348476,0.05382669773
子图4,系列9,3.471797756,0.06436196726
子图4,系列9,3.496247036,0.1234827006
子图4,系列9,3.520696315,0.34637829
子图4,系列9,3.545145595,0.6925000551
子图4,系列9,3.569594875,0.9332405024
子图4,系列9,3.594044155,1
子图4,系列9,3.618493435,0.8762378244
子图4,系列9,3.642942715,0.5769904191
子图4,系列9,3.667391995,0.3333412225
子图4,系列9,3.691841275,0.2049754824
子图4,系列9,3.716290555,0.103853086
子图4,系列9,3.740739835,0.04719495586
子图4,系列9,3.765189115,0.02629630745
子图4,系列9,3.789638395,0.05436162092
子图4,系列9,3.814087675,0.09988676862
子图4,系列9,3.838536955,0.1505167984
子图4,系列9,3.862986235,0.1700459616
子图4,系列9,3.887435515,0.1295898541
子图4,系列9,3.911884795,0.08592329499
子图4,系列9,3.936334075,0.04933834746
子图4,系列9,3.960783355,0.05686905977
子图4,系列9,3.985232635,0.05315724504
子图4,系列9,4.009681915,0.05172590419
子图4,系列9,4.034131195,0.03645227874
子图4,系列9,4.058580475,0.008662387397
子图4,系列9,4.083029755,0.02256400733
子图4,系列9,4.107479035,0.06322276347
子图4,系列9,4.131928315,0.07058939345
子图4,系列9,4.156377595,0.0698060314
子图4,系列9,4.180826875,0.07196844535
子图4,系列9,4.205276155,0.07197875577
子图4,系列9,4.229725435,0.1291480975
子图4,系列9,4.254174715,0.1682790992
子图4,系列9,4.278623995,0.1597746593
子图4,系列9,4.303073274,0.1174316025
子图4,系列9,4.327522554,0.05617230036
子图4,系列9,4.351971834,0.02461456174
子图4,系列9,4.376421114,0.02581724611
子图4,系列9,4.400870394,0.03266079139
子图4,系列9,4.425319674,0.03381351424
子图4,系列9,4.449768954,0.0611447491
子图4,系列9,4.474218234,0.0675514173
子图4,系列9,4.498667514,0.0654538652
子图4,系列9,4.523116794,0.07727315755
子图4,系列9,4.547566074,0.04435193011
子图4,系列9,4.572015354,0.03095646994
子图4,系列9,4.596464634,0.02389704694
子图4,系列9,4.620913914,0.0185000028
子图4,系列9,4.645363194,0.04330142172
子图4,系列9,4.669812474,0.04894611066
子图4,系列9,4.694261754,0.0572539924
子图4,系列9,4.718711034,0.06092330436
子图4,系列9,4.743160314,0.0373029029
子图4,系列9,4.767609594,0.03346915142
子图4,系列9,4.792058874,0.04113925412
子图4,系列9,4.816508154,0.04035986671
子图4,系列9,4.840957434,0.0506531454
子图4,系列9,4.865406714,0.05523465048
子图4,系列9,4.889855994,0.0486138662
子图4,系列9,4.914305274,0.04381463595
子图4,系列9,4.938754554,0.04184471241
子图4,系列9,4.963203834,0.03686489364
子图4,系列9,4.987653114,0.06557475975
子图4,系列9,5.012102394,0.08017084087
子图4,系列9,5.036551674,0.07750648573
子图4,系列9,5.061000954,0.08752714615
子图4,系列9,5.085450233,0.05318016078
子图4,系列9,5.109899513,0.03049734278
子图4,系列9,5.134348793,0.0294585906
子图4,系列9,5.158798073,0.032979629
子图4,系列9,5.183247353,0.0437241754
子图4,系列9,5.207696633,0.04858075888
子图4,系列9,5.232145913,0.05584611782
子图4,系列9,5.256595193,0.0524107925
子图4,系列9,5.281044473,0.0457647068
子图4,系列9,5.305493753,0.04145817204
子图4,系列9,5.329943033,0.02747327011
子图4,系列9,5.354392313,0.0177802156
子图4,系列9,5.378841593,0.01587251099
子图4,系列9,5.403290873,0.02008021423
子图4,系列9,5.427740153,0.02537324446
子图4,系列9,5.452189433,0.02406798923
子图4,系列9,5.476638713,0.03330386595
子图4,系列9,5.501087993,0.03733528376
子图4,系列9,5.525537273,0.03080943846
子图4,系列9,5.549986553,0.02673578903
子图4,系列9,5.574435833,0.01579059559
子图4,系列9,5.598885113,0.02179622849
子图4,系列9,5.623334393,0.04533061148
子图4,系列9,5.647783673,0.0660303884
子图4,系列9,5.672232953,0.08699890418
子图4,系列9,5.696682233,0.09945476294
子图4,系列9,5.721131513,0.1143284208
子图4,系列9,5.745580793,0.1107893993
子图4,系列9,5.770030073,0.1191111394
子图4,系列9,5.794479353,0.1338793132
子图4,系列9,5.818928633,0.1321820029
子图4,系列9,5.843377913,0.130653191
子图4,系列9,5.867827192,0.09877533017
子图4,系列9,5.892276472,0.05558076685
子图4,系列9,5.916725752,0.01881508753
子图4,系列9,5.941175032,0.003775178983
子图4,系列9,5.965624312,0.02716122242
子图4,系列9,5.990073592,0.05679537116
子图4,系列9,6.014522872,0.06368824093
子图4,系列9,6.038972152,0.07623104565
子图4,系列9,6.063421432,0.08572454395
子图4,系列9,6.087870712,0.08285101245
子图4,系列9,6.112319992,0.0942621683
子图4,系列9,6.136769272,0.09571319841
子图4,系列9,6.161218552,0.08452363647
子图4,系列9,6.185667832,0.09854382292
子图4,系列9,6.210117112,0.118879516
子图4,系列9,6.234566392,0.1350547425
子图4,系列9,6.259015672,0.1341875303
子图4,系列9,6.283464952,0.1062016247
子图4,系列9,6.307914232,0.08540347116
子图4,系列9,6.332363512,0.07106567529
子图4,系列9,6.356812792,0.05324813737
子图4,系列9,6.381262072,0.05395395879
子图4,系列9,6.405711352,0.05080197987
子图4,系列9,6.430160632,0.04814115259
子图4,系列9,6.454609912,0.05036267355
子图4,系列9,6.479059192,0.03981347177
子图4,系列9,6.503508472,0.03004951521
子图4,系列9,6.527957752,0.01935262653
子图4,系列9,6.552407032,0.01949763402
子图4,系列9,6.576856312,0.02437586324
子图4,系列9,6.601305592,0.02924520147
子图4,系列9,6.625754872,0.03559946518
子图4,系列9,6.650204151,0.03422393299
子图4,系列9,6.674653431,0.02877839986
子图4,系列9,6.699102711,0.03146710087
子图4,系列9,6.723551991,0.02632168553
子图4,系列9,6.748001271,0.02283466622
子图4,系列9,6.772450551,0.02514630594
子图4,系列9,6.796899831,0.01395277713
子图4,系列9,6.821349111,0.01784725414
子图4,系列9,6.845798391,0.02314262924
子图4,系列9,6.870247671,0.01966409542
子图4,系列9,6.894696951,0.01896027729
子图4,系列9,6.919146231,0.01079193107
子图4,系列9,6.943595511,0.008115669128
子图4,系列9,6.968044791,0.01898877335
子图4,系列9,6.992494071,0.02903567533
子图4,系列9,7.016943351,0.02854927267
子图4,系列9,7.041392631,0.02733748232
子图4,系列9,7.065841911,0.01549631367
子图4,系列9,7.090291191,0.007749384682
子图4,系列9,7.114740471,0.009765674753
子图4,系列9,7.139189751,0.006198800838
子图4,系列9,7.163639031,0.009123914251
子图4,系列9,7.188088311,0.01001696462
子图4,系列9,7.212537591,0.008481267969
子图4,系列9,7.236986871,0.008798100251
子图4,系列9,7.261436151,0.005933868688
子图4,系列9,7.285885431,0.002949253692
子图4,系列9,7.310334711,0.006954519366
子图4,系列9,7.334783991,0.01107242156
子图4,系列9,7.359233271,0.01437163974
子图4,系列9,7.383682551,0.0156875635
子图4,系列9,7.408131831,0.01492291563
子图4,系列9,7.43258111,0.01270327767
子图4,系列9,7.45703039,0.009386168025
子图4,系列9,7.48147967,0.007980937945
子图4,系列9,7.50592895,0.005582599883
子图4,系列9,7.53037823,0.005744558067
子图4,系列9,7.55482751,0.007387797555
子图4,系列9,7.57927679,0.007390825182
子图4,系列9,7.60372607,0.005423501848
子图4,系列9,7.62817535,0.003598266199
子图4,系列9,7.65262463,0.005842083504
子图4,系列9,7.67707391,0.01269310734
子图4,系列9,7.70152319,0.0193910338
子图4,系列9,7.72597247,0.02535590921
子图4,系列9,7.75042175,0.02215378441
子图4,系列9,7.77487103,0.02151001715
子图4,系列9,7.79932031,0.02118794895
子图4,系列9,7.82376959,0.01783634475
子图4,系列9,7.84821887,0.02383850377
子图4,系列9,7.87266815,0.02181208466
子图4,系列9,7.89711743,0.01943139903
子图4,系列9,7.92156671,0.01705395224
子图4,系列9,7.94601599,0.01175498497
子图4,系列9,7.97046527,0.008468728222
子图4,系列9,7.99491455,0.004419128523
子图4,系列9,8.01936383,0.004365722904
子图4,系列9,8.04381311,0.004680640595
子图4,系列9,8.06826239,0.008065848655
子图4,系列9,8.09271167,0.01265868612
子图4,系列9,8.11716095,0.01267837627
子图4,系列9,8.14161023,0.01091367742
子图4,系列9,8.16605951,0.00778654522
子图4,系列9,8.19050879,0.005787079956
子图4,系列9,8.214958069,0.006370487839
子图4,系列9,8.239407349,0.006132715697
子图4,系列9,8.263856629,0.004513971974
子图4,系列9,8.288305909,0.002191633141
子图4,系列9,8.312755189,0.001224140141
子图4,系列9,8.337204469,0.001918718599
子图4,系列9,8.361653749,0.002661466381
子图4,系列9,8.386103029,0.00412558599
子图4,系列9,8.410552309,0.004345813313
子图4,系列9,8.435001589,0.004257423282
子图4,系列9,8.459450869,0.00408262851
子图4,系列9,8.483900149,0.003590899196
子图4,系列9,8.508349429,0.004121690271
子图4,系列9,8.532798709,0.004299446352
子图4,系列9,8.557247989,0.003430319883
子图4,系列9,8.581697269,0.002358574908
子图4,系列9,8.606146549,0.001377247963
子图4,系列9,8.630595829,0.0005327715416
子图4,系列9,8.655045109,0.0007817947577
子图4,系列9,8.679494389,0.0007413708861
子图4,系列9,8.703943669,0.0008094117782
子图4,系列9,8.728392949,0.002680685381
子图4,系列9,8.752842229,0.003566250168
子图4,系列9,8.777291509,0.003877975967
子图4,系列9,8.801740789,0.004434859766
子图4,系列9,8.826190069,0.003834358902
子图4,系列9,8.850639349,0.003441478593
子图4,系列9,8.875088629,0.00318283603
子图4,系列9,8.899537909,0.00236691328
子图4,系列9,8.923987189,0.001137504299
子图4,系列9,8.948436469,0.00075449597
子图4,系列9,8.972885749,0.0008184619757
子图4,系列9,8.997335028,0.0008637745944
子图4,系列9,9.021784308,0.0009402493664
子图4,系列9,9.046233588,0.001241183603
子图4,系列9,9.070682868,0.002291697891
子图4,系列9,9.095132148,0.002758855584
子图4,系列9,9.119581428,0.003744095082
子图4,系列9,9.144030708,0.003565636088
子图4,系列9,9.168479988,0.003417430076
子图4,系列9,9.192929268,0.006261117475
子图4,系列9,9.217378548,0.008857832725
子图4,系列9,9.241827828,0.01014946542
子图4,系列9,9.266277108,0.009802838051
子图4,系列9,9.290726388,0.008164269319
子图4,系列9,9.315175668,0.00709522156
子图4,系列9,9.339624948,0.007866274783
子图4,系列9,9.364074228,0.008284052885
子图4,系列9,9.388523508,0.006876670389
子图4,系列9,9.412972788,0.005011885301
子图4,系列9,9.437422068,0.002814435206
子图4,系列9,9.461871348,0.00277988378
子图4,系列9,9.486320628,0.003460755637
子图4,系列9,9.510769908,0.003054553507
子图4,系列9,9.535219188,0.003091453974
子图4,系列9,9.559668468,0.003245165901
子图4,系列9,9.584117748,0.003553686472
子图4,系列9,9.608567028,0.003633142794
子图4,系列9,9.633016308,0.003450428965
子图4,系列9,9.657465588,0.002054667028
子图4,系列9,9.681914868,0.0007871935825
子图4,系列9,9.706364148,0.001049381468
子图4,系列9,9.730813428,0.002026636556
子图4,系列9,9.755262708,0.003042130584
子图4,系列9,9.779711987,0.00326318378
子图4,系列9,9.804161267,0.002894912391
子图4,系列9,9.828610547,0.001937595362
子图4,系列9,9.853059827,0.001359324505
子图4,系列9,9.877509107,0.001257313065
子图4,系列9,9.901958387,0.0009341683956
子图4,系列9,9.926407667,0.001054486442
子图4,系列9,9.950856947,0.001074668359
子图4,系列9,9.975306227,0.001013627944
子图4,系列9,9.999755507,0.0009777120527
子图4,系列10 下界,0.5134348793,0
子图4,系列10 上界,0.5134348793,0.01508173611
子图4,系列10 上界,0.5378841593,0.04657107059
子图4,系列10 上界,0.5623334393,0.2266854522
子图4,系列10 上界,0.5867827192,0.3778520069
子图4,系列10 上界,0.6112319992,0.5037200589
子图4,系列10 上界,0.6356812792,0.478998862
子图4,系列10 上界,0.6601305592,0.315340874
子图4,系列10 上界,0.6845798391,0.1967158016
子图4,系列10 上界,0.7090291191,0.1013021312
子图4,系列10 上界,0.7334783991,0.1008902075
子图4,系列10 上界,0.757927679,0.08637736037
子图4,系列10 上界,0.782376959,0.05574139588
子图4,系列10 上界,0.806826239,0.05026181253
子图4,系列10 上界,0.8312755189,0.1037853145
子图4,系列10 上界,0.8557247989,0.1341538881
子图4,系列10 上界,0.8801740789,0.1291658777
子图4,系列10 上界,0.9046233588,0.1373361785
子图4,系列10 上界,0.9290726388,0.2317190324
子图4,系列10 上界,0.9535219188,0.3149785034
子图4,系列10 上界,0.9779711987,0.3438070796
子图4,系列10 上界,1.002420479,0.3195192382
子图4,系列10 上界,1.026869759,0.1752479412
子图4,系列10 上界,1.051319039,0.06001646577
子图4,系列10 上界,1.075768319,0.03968947613
子图4,系列10 上界,1.100217599,0.03363937964
子图4,系列10 上界,1.124666879,0.03021476467
子图4,系列10 上界,1.149116159,0.03482263919
子图4,系列10 上界,1.173565438,0.03303361346
子图4,系列10 上界,1.198014718,0.02427834316
子图4,系列10 上界,1.222463998,0.03285871833
子图4,系列10 上界,1.246913278,0.05061749504
子图4,系列10 上界,1.271362558,0.05213954615
子图4,系列10 上界,1.295811838,0.05374695615
子图4,系列10 上界,1.320261118,0.04261463085
子图4,系列10 上界,1.344710398,0.02434317713
子图4,系列10 上界,1.369159678,0.01666168393
子图4,系列10 上界,1.393608958,0.02069752343
子图4,系列10 上界,1.418058238,0.0588223871
子图4,系列10 上界,1.442507518,0.1119932622
子图4,系列10 上界,1.466956798,0.13763669
子图4,系列10 上界,1.491406078,0.146663645
子图4,系列10 上界,1.515855358,0.13460953
子图4,系列10 上界,1.540304638,0.09645795044
子图4,系列10 上界,1.564753918,0.07616738631
子图4,系列10 上界,1.589203198,0.05774785884
子图4,系列10 上界,1.613652478,0.03643708523
子图4,系列10 上界,1.638101758,0.04662670369
子图4,系列10 上界,1.662551038,0.05412564097
子图4,系列10 上界,1.687000318,0.07546262443
子图4,系列10 上界,1.711449598,0.07482880366
子图4,系列10 上界,1.735898878,0.05561646408
子图4,系列10 上界,1.760348158,0.06293019324
子图4,系列10 上界,1.784797438,0.05908962925
子图4,系列10 上界,1.809246718,0.05632375201
子图4,系列10 上界,1.833695998,0.05079908621
子图4,系列10 上界,1.858145278,0.03970808805
子图4,系列10 上界,1.882594558,0.03178211262
子图4,系列10 上界,1.907043838,0.0351069028
子图4,系列10 上界,1.931493118,0.03367364852
子图4,系列10 上界,1.955942397,0.02899975607
子图4,系列10 上界,1.980391677,0.02634738265
子图4,系列10 上界,2.004840957,0.03025237133
子图4,系列10 上界,2.029290237,0.04342629177
子图4,系列10 上界,2.053739517,0.0506721752
子图4,系列10 上界,2.078188797,0.05890871865
子图4,系列10 上界,2.102638077,0.0622205502
子图4,系列10 上界,2.127087357,0.05351856831
子图4,系列10 上界,2.151536637,0.04117636962
子图4,系列10 上界,2.175985917,0.03533523954
子图4,系列10 上界,2.200435197,0.02192485801
子图4,系列10 上界,2.224884477,0.02358714481
子图4,系列10 上界,2.249333757,0.04015043972
子图4,系列10 上界,2.273783037,0.05966555943
子图4,系列10 上界,2.298232317,0.07619530164
子图4,系列10 上界,2.322681597,0.0790680663
子图4,系列10 上界,2.347130877,0.09466348347
子图4,系列10 上界,2.371580157,0.07997096628
子图4,系列10 上界,2.396029437,0.06422017895
子图4,系列10 上界,2.420478717,0.05188055873
子图4,系列10 上界,2.444927997,0.02019574086
子图4,系列10 上界,2.469377277,0.009822923416
子图4,系列10 上界,2.493826557,0.01317453941
子图4,系列10 上界,2.518275837,0.02529273809
子图4,系列10 上界,2.542725117,0.02568411066
子图4,系列10 上界,2.567174397,0.03428587731
子图4,系列10 上界,2.591623677,0.05052840844
子图4,系列10 上界,2.616072957,0.03911194414
子图4,系列10 上界,2.640522237,0.03683697707
子图4,系列10 上界,2.664971517,0.04223055285
子图4,系列10 上界,2.689420797,0.09856552388
子图4,系列10 上界,2.713870077,0.273181721
子图4,系列10 上界,2.738319356,0.3771383609
子图4,系列10 上界,2.762768636,0.3950286671
子图4,系列10 上界,2.787217916,0.3584451917
子图4,系列10 上界,2.811667196,0.2195206262
子图4,系列10 上界,2.836116476,0.1739319837
子图4,系列10 上界,2.860565756,0.1967117969
子图4,系列10 上界,2.885015036,0.1790077168
子图4,系列10 上界,2.909464316,0.2195604723
子图4,系列10 上界,2.933913596,0.2708783492
子图4,系列10 上界,2.958362876,0.2631030952
子图4,系列10 上界,2.982812156,0.3631766303
子图4,系列11 下界,3.007261436,0
子图4,系列11 上界,3.007261436,0.4347118291
子图4,系列11 上界,3.031710716,0.4638745658
子图4,系列11 上界,3.056159996,0.5968878564
子图4,系列11 上界,3.080609276,0.5785515348
子图4,系列11 上界,3.105058556,0.4943550626
子图4,系列11 上界,3.129507836,0.3848518533
子图4,系列11 上界,3.153957116,0.2012467675
子图4,系列11 上界,3.178406396,0.1193292408
子图4,系列11 上界,3.202855676,0.1326249381
子图4,系列11 上界,3.227304956,0.1411373885
子图4,系列11 上界,3.251754236,0.2172194469
子图4,系列11 上界,3.276203516,0.2580860769
子图4,系列11 上界,3.300652796,0.2118005844
子图4,系列11 上界,3.325102076,0.2058987071
子图4,系列11 上界,3.349551356,0.1319746495
子图4,系列11 上界,3.374000636,0.08143725057
子图4,系列11 上界,3.398449916,0.07160931147
子图4,系列11 上界,3.422899196,0.04508374736
子图4,系列11 上界,3.447348476,0.05382669773
子图4,系列11 上界,3.471797756,0.06436196726
子图4,系列11 上界,3.496247036,0.1234827006
子图4,系列11 上界,3.520696315,0.34637829
子图4,系列11 上界,3.545145595,0.6925000551
子图4,系列11 上界,3.569594875,0.9332405024
子图4,系列11 上界,3.594044155,1
子图4,系列11 上界,3.618493435,0.8762378244
子图4,系列11 上界,3.642942715,0.5769904191
子图4,系列11 上界,3.667391995,0.3333412225
子图4,系列11 上界,3.691841275,0.2049754824
子图4,系列11 上界,3.716290555,0.103853086
子图4,系列11 上界,3.740739835,0.04719495586
子图4,系列11 上界,3.765189115,0.02629630745
子图4,系列11 上界,3.789638395,0.05436162092
子图4,系列11 上界,3.814087675,0.09988676862
子图4,系列11 上界,3.838536955,0.1505167984
子图4,系列11 上界,3.862986235,0.1700459616
子图4,系列11 上界,3.887435515,0.1295898541
子图4,系列11 上界,3.911884795,0.08592329499
子图4,系列11 上界,3.936334075,0.04933834746
子图4,系列11 上界,3.960783355,0.05686905977
子图4,系列11 上界,3.985232635,0.05315724504
子图4,系列11 上界,4.009681915,0.05172590419
子图4,系列11 上界,4.034131195,0.03645227874
子图4,系列11 上界,4.058580475,0.008662387397
子图4,系列11 上界,4.083029755,0.02256400733
子图4,系列11 上界,4.107479035,0.06322276347
子图4,系列11 上界,4.131928315,0.07058939345
子图4,系列11 上界,4.156377595,0.0698060314
子图4,系列11 上界,4.180826875,0.07196844535
子图4,系列11 上界,4.205276155,0.07197875577
子图4,系列11 上界,4.229725435,0.1291480975
子图4,系列11 上界,4.254174715,0.1682790992
子图4,系列11 上界,4.278623995,0.1597746593
子图4,系列11 上界,4.303073274,0.1174316025
子图4,系列11 上界,4.327522554,0.05617230036
子图4,系列11 上界,4.351971834,0.02461456174
子图4,系列11 上界,4.376421114,0.02581724611
子图4,系列11 上界,4.400870394,0.03266079139
子图4,系列11 上界,4.425319674,0.03381351424
子图4,系列11 上界,4.449768954,0.0611447491
子图4,系列11 上界,4.474218234,0.0675514173
子图4,系列11 上界,4.498667514,0.0654538652
子图4,系列11 上界,4.523116794,0.07727315755
子图4,系列11 上界,4.547566074,0.04435193011
子图4,系列11 上界,4.572015354,0.03095646994
子图4,系列11 上界,4.596464634,0.02389704694
子图4,系列11 上界,4.620913914,0.0185000028
子图4,系列11 上界,4.645363194,0.04330142172
子图4,系列11 上界,4.669812474,0.04894611066
子图4,系列11 上界,4.694261754,0.0572539924
子图4,系列11 上界,4.718711034,0.06092330436
子图4,系列11 上界,4.743160314,0.0373029029
子图4,系列11 上界,4.767609594,0.03346915142
子图4,系列11 上界,4.792058874,0.04113925412
子图4,系列11 上界,4.816508154,0.04035986671
子图4,系列11 上界,4.840957434,0.0506531454
子图4,系列11 上界,4.865406714,0.05523465048
子图4,系列11 上界,4.889855994,0.0486138662
子图4,系列11 上界,4.914305274,0.04381463595
子图4,系列11 上界,4.938754554,0.04184471241
子图4,系列11 上界,4.963203834,0.03686489364
子图4,系列11 上界,4.987653114,0.06557475975
子图4,系列11 上界,5.012102394,0.08017084087
子图4,系列11 上界,5.036551674,0.07750648573
子图4,系列11 上界,5.061000954,0.08752714615
子图4,系列11 上界,5.085450233,0.05318016078
子图4,系列11 上界,5.109899513,0.03049734278
子图4,系列11 上界,5.134348793,0.0294585906
子图4,系列11 上界,5.158798073,0.032979629
子图4,系列11 上界,5.183247353,0.0437241754
子图4,系列11 上界,5.207696633,0.04858075888
子图4,系列11 上界,5.232145913,0.05584611782
子图4,系列11 上界,5.256595193,0.0524107925
子图4,系列11 上界,5.281044473,0.0457647068
子图4,系列11 上界,5.305493753,0.04145817204
子图4,系列11 上界,5.329943033,0.02747327011
子图4,系列11 上界,5.354392313,0.0177802156
子图4,系列11 上界,5.378841593,0.01587251099
子图4,系列11 上界,5.403290873,0.02008021423
子图4,系列11 上界,5.427740153,0.02537324446
子图4,系列11 上界,5.452189433,0.02406798923
子图4,系列11 上界,5.476638713,0.03330386595
子图4,系列11 上界,5.501087993,0.03733528376
子图4,系列11 上界,5.525537273,0.03080943846
子图4,系列11 上界,5.549986553,0.02673578903
子图4,系列11 上界,5.574435833,0.01579059559
子图4,系列11 上界,5.598885113,0.02179622849
子图4,系列11 上界,5.623334393,0.04533061148
子图4,系列11 上界,5.647783673,0.0660303884
子图4,系列11 上界,5.672232953,0.08699890418
子图4,系列11 上界,5.696682233,0.09945476294
子图4,系列11 上界,5.721131513,0.1143284208
子图4,系列11 上界,5.745580793,0.1107893993
子图4,系列11 上界,5.770030073,0.1191111394
子图4,系列11 上界,5.794479353,0.1338793132
子图4,系列11 上界,5.818928633,0.1321820029
子图4,系列11 上界,5.843377913,0.130653191
子图4,系列11 上界,5.867827192,0.09877533017
子图4,系列11 上界,5.892276472,0.05558076685
子图4,系列11 上界,5.916725752,0.01881508753
子图4,系列11 上界,5.941175032,0.003775178983
子图4,系列11 上界,5.965624312,0.02716122242
子图4,系列11 上界,5.990073592,0.05679537116
子图4,系列12 下界,6.014522872,0
子图4,系列12 上界,6.014522872,0.06368824093
子图4,系列12 上界,6.038972152,0.07623104565
子图4,系列12 上界,6.063421432,0.08572454395
子图4,系列12 上界,6.087870712,0.08285101245
子图4,系列12 上界,6.112319992,0.0942621683
子图4,系列12 上界,6.136769272,0.09571319841
子图4,系列12 上界,6.161218552,0.08452363647
子图4,系列12 上界,6.185667832,0.09854382292
子图4,系列12 上界,6.210117112,0.118879516
子图4,系列12 上界,6.234566392,0.1350547425
子图4,系列12 上界,6.259015672,0.1341875303
子图4,系列12 上界,6.283464952,0.1062016247
子图4,系列12 上界,6.307914232,0.08540347116
子图4,系列12 上界,6.332363512,0.07106567529
子图4,系列12 上界,6.356812792,0.05324813737
子图4,系列12 上界,6.381262072,0.05395395879
子图4,系列12 上界,6.405711352,0.05080197987
子图4,系列12 上界,6.430160632,0.04814115259
子图4,系列12 上界,6.454609912,0.05036267355
子图4,系列12 上界,6.479059192,0.03981347177
子图4,系列12 上界,6.503508472,0.03004951521
子图4,系列12 上界,6.527957752,0.01935262653
子图4,系列12 上界,6.552407032,0.01949763402
子图4,系列12 上界,6.576856312,0.02437586324
子图4,系列12 上界,6.601305592,0.02924520147
子图4,系列12 上界,6.625754872,0.03559946518
子图4,系列12 上界,6.650204151,0.03422393299
子图4,系列12 上界,6.674653431,0.02877839986
子图4,系列12 上界,6.699102711,0.03146710087
子图4,系列12 上界,6.723551991,0.02632168553
子图4,系列12 上界,6.748001271,0.02283466622
子图4,系列12 上界,6.772450551,0.02514630594
子图4,系列12 上界,6.796899831,0.01395277713
子图4,系列12 上界,6.821349111,0.01784725414
子图4,系列12 上界,6.845798391,0.02314262924
子图4,系列12 上界,6.870247671,0.01966409542
子图4,系列12 上界,6.894696951,0.01896027729
子图4,系列12 上界,6.919146231,0.01079193107
子图4,系列12 上界,6.943595511,0.008115669128
子图4,系列12 上界,6.968044791,0.01898877335
子图4,系列12 上界,6.992494071,0.02903567533
子图4,系列12 上界,7.016943351,0.02854927267
子图4,系列12 上界,7.041392631,0.02733748232
子图4,系列12 上界,7.065841911,0.01549631367
子图4,系列12 上界,7.090291191,0.007749384682
子图4,系列12 上界,7.114740471,0.009765674753
子图4,系列12 上界,7.139189751,0.006198800838
子图4,系列12 上界,7.163639031,0.009123914251
子图4,系列12 上界,7.188088311,0.01001696462
子图4,系列12 上界,7.212537591,0.008481267969
子图4,系列12 上界,7.236986871,0.008798100251
子图4,系列12 上界,7.261436151,0.005933868688
子图4,系列12 上界,7.285885431,0.002949253692
子图4,系列12 上界,7.310334711,0.006954519366
子图4,系列12 上界,7.334783991,0.01107242156
子图4,系列12 上界,7.359233271,0.01437163974
子图4,系列12 上界,7.383682551,0.0156875635
子图4,系列12 上界,7.408131831,0.01492291563
子图4,系列12 上界,7.43258111,0.01270327767
子图4,系列12 上界,7.45703039,0.009386168025
子图4,系列12 上界,7.48147967,0.007980937945
子图4,系列12 上界,7.50592895,0.005582599883
子图4,系列12 上界,7.53037823,0.005744558067
子图4,系列12 上界,7.55482751,0.007387797555
子图4,系列12 上界,7.57927679,0.007390825182
子图4,系列12 上界,7.60372607,0.005423501848
子图4,系列12 上界,7.62817535,0.003598266199
子图4,系列12 上界,7.65262463,0.005842083504
子图4,系列12 上界,7.67707391,0.01269310734
子图4,系列12 上界,7.70152319,0.0193910338
子图4,系列12 上界,7.72597247,0.02535590921
子图4,系列12 上界,7.75042175,0.02215378441
子图4,系列12 上界,7.77487103,0.02151001715
子图4,系列12 上界,7.79932031,0.02118794895
子图4,系列12 上界,7.82376959,0.01783634475
子图4,系列12 上界,7.84821887,0.02383850377
子图4,系列12 上界,7.87266815,0.02181208466
子图4,系列12 上界,7.89711743,0.01943139903
子图4,系列12 上界,7.92156671,0.01705395224
子图4,系列12 上界,7.94601599,0.01175498497
子图4,系列12 上界,7.97046527,0.008468728222
子图4,系列12 上界,7.99491455,0.004419128523
子图4,系列12 上界,8.01936383,0.004365722904
子图4,系列12 上界,8.04381311,0.004680640595
子图4,系列12 上界,8.06826239,0.008065848655
子图4,系列12 上界,8.09271167,0.01265868612
子图4,系列12 上界,8.11716095,0.01267837627
子图4,系列12 上界,8.14161023,0.01091367742
子图4,系列12 上界,8.16605951,0.00778654522
子图4,系列12 上界,8.19050879,0.005787079956
子图4,系列12 上界,8.214958069,0.006370487839
子图4,系列12 上界,8.239407349,0.006132715697
子图4,系列12 上界,8.263856629,0.004513971974
子图4,系列12 上界,8.288305909,0.002191633141
子图4,系列12 上界,8.312755189,0.001224140141
子图4,系列12 上界,8.337204469,0.001918718599
子图4,系列12 上界,8.361653749,0.002661466381
子图4,系列12 上界,8.386103029,0.00412558599
子图4,系列12 上界,8.410552309,0.004345813313
子图4,系列12 上界,8.435001589,0.004257423282
子图4,系列12 上界,8.459450869,0.00408262851
子图4,系列12 上界,8.483900149,0.003590899196
子图4,系列12 上界,8.508349429,0.004121690271
子图4,系列12 上界,8.532798709,0.004299446352
子图4,系列12 上界,8.557247989,0.003430319883
子图4,系列12 上界,8.581697269,0.002358574908
子图4,系列12 上界,8.606146549,0.001377247963
子图4,系列12 上界,8.630595829,0.0005327715416
子图4,系列12 上界,8.655045109,0.0007817947577
子图4,系列12 上界,8.679494389,0.0007413708861
子图4,系列12 上界,8.703943669,0.0008094117782
子图4,系列12 上界,8.728392949,0.002680685381
子图4,系列12 上界,8.752842229,0.003566250168
子图4,系列12 上界,8.777291509,0.003877975967
子图4,系列12 上界,8.801740789,0.004434859766
子图4,系列12 上界,8.826190069,0.003834358902
子图4,系列12 上界,8.850639349,0.003441478593
子图4,系列12 上界,8.875088629,0.00318283603
子图4,系列12 上界,8.899537909,0.00236691328
子图4,系列12 上界,8.923987189,0.001137504299
子图4,系列12 上界,8.948436469,0.00075449597
子图4,系列12 上界,8.972885749,0.0008184619757
子图4,系列12 上界,8.997335028,0.0008637745944
子图4,系列12 上界,9.021784308,0.0009402493664
子图4,系列12 上界,9.046233588,0.001241183603
子图4,系列12 上界,9.070682868,0.002291697891
子图4,系列12 上界,9.095132148,0.002758855584
子图4,系列12 上界,9.119581428,0.003744095082
子图4,系列12 上界,9.144030708,0.003565636088
子图4,系列12 上界,9.168479988,0.003417430076
子图4,系列12 上界,9.192929268,0.006261117475
子图4,系列12 上界,9.217378548,0.008857832725
子图4,系列12 上界,9.241827828,0.01014946542
子图4,系列12 上界,9.266277108,0.009802838051
子图4,系列12 上界,9.290726388,0.008164269319
子图4,系列12 上界,9.315175668,0.00709522156
子图4,系列12 上界,9.339624948,0.007866274783
子图4,系列12 上界,9.364074228,0.008284052885
子图4,系列12 上界,9.388523508,0.006876670389
子图4,系列12 上界,9.412972788,0.005011885301
子图4,系列12 上界,9.437422068,0.002814435206
子图4,系列12 上界,9.461871348,0.00277988378
子图4,系列12 上界,9.486320628,0.003460755637
子图4,系列12 上界,9.510769908,0.003054553507
子图4,系列12 上界,9.535219188,0.003091453974
子图4,系列12 上界,9.559668468,0.003245165901
子图4,系列12 上界,9.584117748,0.003553686472
子图4,系列12 上界,9.608567028,0.003633142794
子图4,系列12 上界,9.633016308,0.003450428965
子图4,系列12 上界,9.657465588,0.002054667028
子图4,系列12 上界,9.681914868,0.0007871935825
子图4,系列12 上界,9.706364148,0.001049381468
子图4,系列12 上界,9.730813428,0.002026636556
子图4,系列12 上界,9.755262708,0.003042130584
子图4,系列12 上界,9.779711987,0.00326318378
子图4,系列12 上界,9.804161267,0.002894912391
子图4,系列12 上界,9.828610547,0.001937595362
子图4,系列12 上界,9.853059827,0.001359324505
子图4,系列12 上界,9.877509107,0.001257313065
子图4,系列12 上界,9.901958387,0.0009341683956
子图4,系列12 上界,9.926407667,0.001054486442
子图4,系列12 上界,9.950856947,0.001074668359
子图4,系列12 上界,9.975306227,0.001013627944
子图4,系列12 上界,9.999755507,0.0009777120527
子图5,系列13,0,9.674614385e-06
子图5,系列13,0.006,9.675016777e-06
子图5,系列13,0.012,9.674105653e-06
子图5,系列13,0.018,9.672843879e-06
子图5,系列13,0.024,9.672486311e-06
子图5,系列13,0.03,9.673410845e-06
子图5,系列13,0.036,9.674623364e-06
子图5,系列13,0.042,9.674877977e-06
子图5,系列13,0.048,9.673914374e-06
子图5,系列13,0.054,9.672783585e-06
子图5,系列13,0.06,9.672699829e-06
子图5,系列13,0.066,9.673730024e-06
子图5,系列13,0.072,9.674743713e-06
子图5,系列13,0.078,9.674595128e-06
子图5,系列13,0.084,9.673483378e-06
子图5,系列13,0.09,9.672636781e-06
子图5,系列13,0.096,9.673085302e-06
子图5,系列13,0.102,9.674283417e-06
子图5,系列13,0.108,9.674901809e-06
子图5,系列13,0.114,9.674100005e-06
子图5,系列13,0.12,9.672838949e-06
子图5,系列13,0.126,9.67253649e-06
子图5,系列13,0.132,9.673741733e-06
子图5,系列13,0.138,9.67500475e-06
子图5,系列13,0.144,9.67487258e-06
子图5,系列13,0.15,9.673241609e-06
子图5,系列13,0.156,9.672125533e-06
子图5,系列13,0.162,9.672883232e-06
子图5,系列13,0.168,9.674896952e-06
子图5,系列13,0.174,9.675525629e-06
子图5,系列13,0.18,9.673993045e-06
子图5,系列13,0.186,9.672688698e-06
子图5,系列13,0.192,9.675730763e-06
子图5,系列13,0.198,9.682499401e-06
子图5,系列13,0.204,9.684469075e-06
子图5,系列13,0.21,9.666953113e-06
子图5,系列13,0.216,9.618169906e-06
子图5,系列13,0.222,9.536554545e-06
子图5,系列13,0.228,9.432343239e-06
子图5,系列13,0.234,9.320060663e-06
子图5,系列13,0.24,9.209950203e-06
子图5,系列13,0.246,9.103324723e-06
子图5,系列13,0.252,8.996320171e-06
子图5,系列13,0.258,8.885790891e-06
子图5,系列13,0.264,8.773221564e-06
子图5,系列13,0.27,8.662314911e-06
子图5,系列13,0.276,8.555249612e-06
子图5,系列13,0.282,8.450506847e-06
子图5,系列13,0.288,8.345542923e-06
子图5,系列13,0.294,8.239888064e-06
子图5,系列13,0.3,8.13647336e-06
子图5,系列13,0.306,8.038926844e-06
子图5,系列13,0.312,7.948824529e-06
子图5,系列13,0.318,7.864612543e-06
子图5,系列13,0.324,7.78371562e-06
子图5,系列13,0.33,7.704505174e-06
子图5,系列13,0.336,7.626975567e-06
子图5,系列13,0.342,7.551282239e-06
子图5,系列13,0.348,7.476830482e-06
子图5,系列13,0.354,7.402347209e-06
子图5,系列13,0.36,7.327194139e-06
子图5,系列13,0.366,7.251683297e-06
子图5,系列13,0.372,7.176604021e-06
子图5,系列13,0.378,7.102036046e-06
子图5,系列13,0.384,7.027347321e-06
子图5,系列13,0.39,6.951644834e-06
子图5,系列13,0.396,6.874632105e-06
子图5,系列13,0.402,6.796300432e-06
子图5,系列13,0.408,6.716742301e-06
子图5,系列13,0.414,6.635766935e-06
子图5,系列13,0.42,6.553586418e-06
子图5,系列13,0.426,6.470702666e-06
子图5,系列13,0.432,6.387847425e-06
子图5,系列13,0.438,6.304944886e-06
子图5,系列13,0.444,6.221534072e-06
子图5,系列13,0.45,6.13711388e-06
子图5,系列13,0.456,6.052352653e-06
子图5,系列13,0.462,5.968229961e-06
子图5,系列13,0.468,5.885442398e-06
子图5,系列13,0.474,5.803116662e-06
子图5,系列13,0.48,5.720141366e-06
子图5,系列13,0.486,5.63595892e-06
子图5,系列13,0.492,5.551859631e-06
子图5,系列13,0.498,5.469219865e-06
子图5,系列13,0.504,5.388616138e-06
子图5,系列13,0.51,5.308580301e-06
子图5,系列13,0.516,5.227703942e-06
子图5,系列13,0.522,5.145495399e-06
子图5,系列13,0.528,5.063476532e-06
子图5,系列13,0.534,4.982865767e-06
子图5,系列13,0.54,4.903883283e-06
子图5,系列13,0.546,4.824880571e-06
子图5,系列13,0.552,4.744771034e-06
子图5,系列13,0.558,4.663473004e-06
子图5,系列13,0.564,4.582509976e-06
子图5,系列13,0.57,4.502617715e-06
子图5,系列13,0.576,4.423634391e-06
子图5,系列13,0.582,4.344188418e-06
子图5,系列13,0.588,4.263894376e-06
子图5,系列13,0.594,4.183067733e-06
子图5,系列13,0.6,4.102761423e-06
子图5,系列13,0.606,4.022903196e-06
子图5,系列13,0.612,3.943029179e-06
子图5,系列13,0.618,3.862494736e-06
子图5,系列13,0.624,3.781865686e-06
子图5,系列13,0.63,3.701729508e-06
子图5,系列13,0.636,3.622287061e-06
子图5,系列13,0.642,3.542519085e-06
子图5,系列13,0.648,3.461820837e-06
子图5,系列13,0.654,3.380528135e-06
子图5,系列13,0.66,3.300126943e-06
子图5,系列13,0.666,3.22120904e-06
子图5,系列13,0.672,3.14291464e-06
子图5,系列13,0.678,3.063372186e-06
子图5,系列13,0.684,2.98208924e-06
子图5,系列13,0.69,2.9004588e-06
子图5,系列13,0.696,2.820685336e-06
子图5,系列13,0.702,2.743116136e-06
子图5,系列13,0.708,2.665879807e-06
子图5,系列13,0.714,2.586529183e-06
子图5,系列13,0.72,2.504899127e-06
子图5,系列13,0.726,2.423264234e-06
子图5,系列13,0.732,2.34420803e-06
子图5,系列13,0.738,2.267675624e-06
子图5,系列13,0.744,2.191077712e-06
子图5,系列13,0.75,2.111777676e-06
子图5,系列13,0.756,2.030043691e-06
子图5,系列13,0.762,1.948658e-06
子图5,系列13,0.768,1.870207081e-06
子图5,系列13,0.774,1.794217713e-06
子图5,系列13,0.78,1.71783016e-06
子图5,系列13,0.786,1.638583959e-06
子图5,系列13,0.792,1.557116167e-06
子图5,系列13,0.798,1.476235032e-06
子图5,系列13,0.804,1.398210636e-06
子图5,系列13,0.81,1.322293216e-06
子图5,系列13,0.816,1.245840883e-06
子图5,系列13,0.822,1.166825517e-06
子图5,系列13,0.828,1.086043332e-06
子图5,系列13,0.834,1.005870978e-06
子图5,系列13,0.84,9.280768724e-07
子图5,系列13,0.846,8.518933562e-07
子图5,系列13,0.852,7.752907159e-07
子图5,系列13,0.858,6.96767934e-07
子图5,系列13,0.864,6.169915937e-07
子图5,系列13,0.87,5.375942694e-07
子图5,系列13,0.876,4.598287672e-07
子图5,系列13,0.882,3.832036949e-07
子图5,系列13,0.888,3.065054859e-07
子图5,系列13,0.894,2.286968225e-07
子图5,系列13,0.9,1.500387524e-07
子图5,系列13,0.906,7.133003858e-08
子图5,系列13,0.912,-6.560318648e-09
子图5,系列13,0.918,-8.36168417e-08
子图5,系列13,0.924,-1.602641904e-07
子图5,系列13,0.93,-2.372555422e-07
子图5,系列13,0.936,-3.149058102e-07
子图5,系列13,0.942,-3.931083845e-07
子图5,系列13,0.948,-4.711674802e-07
子图5,系列13,0.954,-5.484679721e-07
子图5,系列13,0.96,-6.248793157e-07
子图5,系列13,0.966,-7.010931055e-07
子图5,系列13,0.972,-7.78005806e-07
子图5,系列13,0.978,-8.558940638e-07
子图5,系列13,0.984,-9.34024224e-07
子图5,系列13,0.99,-1.011259453e-06
子图5,系列13,0.996,-1.087270636e-06
子图5,系列13,1.002,-1.162872712e-06
子图5,系列13,1.008,-1.239383243e-06
子图5,系列13,1.014,-1.317090977e-06
子图5,系列13,1.02,-1.395078517e-06
子图5,系列13,1.026,-1.471914132e-06
子图5,系列13,1.032,-1.547430848e-06
子图5,系列13,1.038,-1.622660526e-06
子图5,系列13,1.044,-1.699069927e-06
子图5,系列13,1.05,-1.776639602e-06
子图5,系列13,1.056,-1.854226908e-06
子图5,系列13,1.062,-1.930403955e-06
子图5,系列13,1.068,-2.005421282e-06
子图5,系列13,1.074,-2.080517368e-06
子图5,系列13,1.08,-2.157013421e-06
子图5,系列13,1.086,-2.234404442e-06
子图5,系列13,1.092,-2.311380696e-06
子图5,系列13,1.098,-2.386784331e-06
子图5,系列13,1.104,-2.461369101e-06
子图5,系列13,1.11,-2.536489029e-06
子图5,系列13,1.116,-2.613102069e-06
子图5,系列13,1.122,-2.690225639e-06
子图5,系列13,1.128,-2.766495678e-06
子图5,系列13,1.134,-2.841169515e-06
子图5,系列13,1.14,-2.91541156e-06
子图5,系列13,1.146,-2.990571766e-06
子图5,系列13,1.152,-3.067182833e-06
子图5,系列13,1.158,-3.143955818e-06
子图5,系列13,1.164,-3.219579438e-06
子图5,系列13,1.17,-3.293701281e-06
子图5,系列13,1.176,-3.367667369e-06
子图5,系列13,1.182,-3.442737157e-06
子图5,系列13,1.188,-3.519131857e-06
子图5,系列13,1.194,-3.595519342e-06
子图5,系列13,1.2,-3.670691314e-06
子图5,系列13,1.206,-3.744494953e-06
子图5,系列13,1.212,-3.818178019e-06
子图5,系列13,1.218,-3.892902401e-06
子图5,系列13,1.224,-3.968830647e-06
子图5,系列13,1.23,-4.044858781e-06
子图5,系列13,1.236,-4.119851455e-06
子图5,系列13,1.242,-4.193562347e-06
子图5,系列13,1.248,-4.266903059e-06
子图5,系列13,1.254,-4.341009851e-06
子图5,系列13,1.26,-4.416292093e-06
子图5,系列13,1.266,-4.49206506e-06
子图5,系列13,1.272,-4.567159817e-06
子图5,系列13,1.278,-4.640934635e-06
子图5,系列13,1.284,-4.71382849e-06
子图5,系列13,1.29,-4.78706872e-06
子图5,系列13,1.296,-4.861575542e-06
子图5,系列13,1.302,-4.937156122e-06
子图5,系列13,1.308,-5.012491635e-06
子图5,系列13,1.314,-5.08635029e-06
子图5,系列13,1.32,-5.158697985e-06
子图5,系列13,1.326,-5.230967425e-06
子图5,系列13,1.332,-5.304722785e-06
子图5,系列13,1.338,-5.3802127e-06
子图5,系列13,1.344,-5.45588819e-06
子图5,系列13,1.35,-5.529873861e-06
子图5,系列13,1.356,-5.601737142e-06
子图5,系列13,1.362,-5.673128563e-06
子图5,系列13,1.368,-5.746188674e-06
子图5,系列13,1.374,-5.821480899e-06
子图5,系列13,1.38,-5.897254355e-06
子图5,系列13,1.386,-5.971138667e-06
子图5,系列13,1.392,-6.042455654e-06
子图5,系列13,1.398,-6.113015498e-06
子图5,系列13,1.404,-6.185358563e-06
子图5,系列13,1.41,-6.260282374e-06
子图5,系列13,1.416,-6.336011702e-06
子图5,系列13,1.422,-6.409958103e-06
子图5,系列13,1.428,-6.481265012e-06
子图5,系列13,1.434,-6.551635706e-06
子图5,系列13,1.44,-6.623629198e-06
子图5,系列13,1.446,-6.698141433e-06
子图5,系列13,1.452,-6.773561955e-06
子图5,系列13,1.458,-6.847355836e-06
子图5,系列13,1.464,-6.91848107e-06
子图5,系列13,1.47,-6.988280787e-06
子图5,系列13,1.476,-7.059124986e-06
子图5,系列13,1.482,-7.132200514e-06
子图5,系列13,1.488,-7.206550662e-06
子图5,系列13,1.494,-7.280132069e-06
子图5,系列13,1.5,-7.351748275e-06
子图5,系列13,1.506,-7.422111972e-06
子图5,系列13,1.512,-7.493108966e-06
子图5,系列13,1.518,-7.566139063e-06
子图5,系列13,1.524,-7.640857685e-06
子图5,系列13,1.53,-7.715479562e-06
子图5,系列13,1.536,-7.788142609e-06
子图5,系列13,1.542,-7.858437286e-06
子图5,系列13,1.548,-7.927611769e-06
子图5,系列13,1.554,-7.997577347e-06
子图5,系列13,1.56,-8.069156346e-06
子图5,系列13,1.566,-8.141448702e-06
子图5,系列13,1.572,-8.212583707e-06
子图5,系列13,1.578,-8.2817681e-06
子图5,系列13,1.584,-8.350324877e-06
子图5,系列13,1.59,-8.421028735e-06
子图5,系列13,1.596,-8.495576523e-06
子图5,系列13,1.602,-8.572970173e-06
子图5,系列13,1.608,-8.649938589e-06
子图5,系列13,1.614,-8.723761398e-06
子图5,系列13,1.62,-8.794314393e-06
子图5,系列13,1.626,-8.863833797e-06
子图5,系列13,1.632,-8.934019787e-06
子图5,系列13,1.638,-9.003970399e-06
子图5,系列13,1.644,-9.070752766e-06
子图5,系列13,1.65,-9.132804994e-06
子图5,系列13,1.656,-9.192335886e-06
子图5,系列13,1.662,-9.254585475e-06
子图5,系列13,1.668,-9.323968519e-06
子图5,系列13,1.674,-9.4010739e-06
子图5,系列13,1.68,-9.482941817e-06
子图5,系列13,1.686,-9.566342165e-06
子图5,系列13,1.692,-9.650239408e-06
子图5,系列13,1.698,-9.735029245e-06
子图5,系列13,1.704,-9.819391416e-06
子图5,系列13,1.71,-9.898476163e-06
子图5,系列13,1.716,-9.965849441e-06
子图5,系列13,1.722,-1.001779679e-05
子图5,系列13,1.728,-1.005636469e-05
子图5,系列13,1.734,-1.008844756e-05
子图5,系列13,1.74,-1.012245893e-05
子图5,系列13,1.746,-1.016546676e-05
子图5,系列13,1.752,-1.022314524e-05
子图5,系列13,1.758,-1.030069159e-05
子图5,系列13,1.764,-1.040258911e-05
子图5,系列13,1.77,-1.052957637e-05
子图5,系列13,1.776,-1.067551096e-05
子图5,系列13,1.782,-1.082634716e-05
子图5,系列13,1.788,-1.096312584e-05
子图5,系列13,1.794,-1.106665053e-05
子图5,系列13,1.8,-1.112225859e-05
子图5,系列13,1.806,-1.112280468e-05
子图5,系列13,1.812,-1.107105957e-05
子图5,系列13,1.818,-1.098126318e-05
子图5,系列13,1.824,-1.087970927e-05
子图5,系列13,1.83,-1.080215494e-05
子图5,系列13,1.836,-1.078794737e-05
子图5,系列13,1.842,-1.087134193e-05
子图5,系列13,1.848,-1.107253038e-05
子图5,系列13,1.854,-1.138987622e-05
子图5,系列13,1.86,-1.179516704e-05
子图5,系列13,1.866,-1.223314203e-05
子图5,系列13,1.872,-1.262730892e-05
子图5,系列13,1.878,-1.289259766e-05
子图5,系列13,1.884,-1.295355285e-05
子图5,系列13,1.89,-1.27639362e-05
子图5,系列13,1.896,-1.232336153e-05
子图5,系列13,1.902,-1.168702626e-05
子图5,系列13,1.908,-1.096651076e-05
子图5,系列13,1.914,-1.031925963e-05
子图5,系列13,1.92,-9.925507533e-06
子图5,系列13,1.926,-9.95261248e-06
子图5,系列13,1.932,-1.051234401e-05
子图5,系列13,1.938,-1.1620339e-05
子图5,系列13,1.944,-1.316999803e-05
子图5,系列13,1.95,-1.492941777e-05
子图5,系列13,1.956,-1.656578237e-05
子图5,系列13,1.962,-1.769609584e-05
子图5,系列13,1.968,-1.795954125e-05
子图5,系列13,1.974,-1.710314772e-05
子图5,系列13,1.98,-1.506554481e-05
子图5,系列13,1.986,-1.203995518e-05
子图5,系列13,1.992,-8.492195398e-06
子图5,系列13,1.998,-5.120237137e-06
子图5,系列13,2.004,-2.747577594e-06
子图5,系列13,2.01,-2.166585407e-06
子图5,系列13,2.016,-3.95074673e-06
子图5,系列13,2.022,-8.276800415e-06
子图5,系列13,2.028,-1.478834045e-05
子图5,系列13,2.034,-2.255001646e-05
子图5,系列13,2.04,-3.011581988e-05
子图5,系列13,2.046,-3.573659233e-05
子图5,系列13,2.052,-3.768312295e-05
子图5,系列13,2.058,-3.464827736e-05
子图5,系列13,2.064,-2.614325688e-05
子图5,系列13,2.07,-1.28050415e-05
子图5,系列13,2.076,3.481261145e-06
子图5,系列13,2.082,1.971130792e-05
子图5,系列13,2.088,3.217260731e-05
子图5,系列13,2.094,3.711791491e-05
子图5,系列13,2.1,3.160399015e-05
子图5,系列13,2.106,1.436024006e-05
子图5,系列13,2.112,-1.35263825e-05
子图5,系列13,2.118,-4.828101241e-05
子图5,系列13,2.124,-8.366399731e-05
子图5,系列13,2.13,-0.0001117817512
子图5,系列13,2.136,-0.0001244980021
子图5,系列13,2.142,-0.000115205796
子图5,系列13,2.148,-8.072042806e-05
子图5,系列13,2.154,-2.282000096e-05
子图5,系列13,2.16,5.093089237e-05
子图5,系列13,2.166,0.0001274812032
子图5,系列13,2.172,0.000189908831
子图5,系列13,2.178,0.0002202774893
子图5,系列13,2.184,0.0002034692881
子图5,系列13,2.19,0.000131267283
子图5,系列13,2.196,5.993076004e-06
子图5,系列13,2.202,-0.0001573580617
子图5,系列13,2.208,-0.0003311038567
子图5,系列13,2.214,-0.0004776364612
子图5,系列13,2.22,-0.0005548003085
子图5,系列13,2.226,-0.0005234216297
子图5,系列13,2.232,-0.0003557841576
子图5,系列13,2.238,-4.346595255e-05
子图5,系列13,2.244,0.0003971032265
子图5,系列13,2.25,0.0009230081379
子图5,系列13,2.256,0.001467929658
子图5,系列13,2.262,0.001950161203
子图5,系列13,2.268,0.002284494505
子图5,系列13,2.274,0.002396213646
子图5,系列13,2.28,0.002234636346
子图5,系列13,2.286,0.001783623477
子图5,系列13,2.292,0.001066824174
子图5,系列13,2.298,0.0001463740764
子图5,系列13,2.304,-0.0008849816406
子图5,系列13,2.31,-0.001917113033
子图5,系列13,2.316,-0.002838716671
子图5,系列13,2.322,-0.003553652903
子图5,系列13,2.328,-0.003994445265
子图5,系列13,2.334,-0.004130700611
子图5,系列13,2.34,-0.003971122591
子图5,系列13,2.346,-0.003559192653
子图5,系列13,2.352,-0.002963656051
子图5,系列13,2.358,-0.002265960835
子图5,系列13,2.364,-0.001547113808
子图5,系列13,2.37,-0.0008763168739
子图5,系列13,2.376,-0.0003031966613
子图5,系列13,2.382,0.0001455741647
子图5,系列13,2.388,0.0004652216223
子图5,系列13,2.394,0.0006684230985
子图5,系列13,2.4,0.000778736006
子图5,系列13,2.406,0.0008236578053
子图5,系列13,2.412,0.0008285698906
子图5,系列13,2.418,0.0008126738691
子图5,系列13,2.424,0.0007872324634
子图5,系列13,2.43,0.0007560053893
子图5,系列13,2.436,0.0007173495397
子图5,系列13,2.442,0.0006670718262
子图5,系列13,2.448,0.000601363829
子图5,系列13,2.454,0.0005189417637
子图5,系列13,2.46,0.0004221532213
子图5,系列13,2.466,0.0003167625306
子图5,系列13,2.472,0.0002107378361
子图5,系列13,2.478,0.0001123271491
子图5,系列13,2.484,2.803945784e-05
子图5,系列13,2.49,-3.899775543e-05
子图5,系列13,2.496,-8.985413799e-05
子图5,系列13,2.502,-0.0001295240156
子图5,系列13,2.508,-0.0001656153971
子图5,系列13,2.514,-0.0002061293325
子图5,系列13,2.52,-0.000256881544
子图5,系列13,2.526,-0.0003190123259
子图5,系列13,2.532,-0.0003872976617
子图5,系列13,2.538,-0.0004496826055
子图5,系列13,2.544,-0.0004883934381
子图5,系列13,2.55,-0.0004825886066
子图5,系列13,2.556,-0.0004122027244
子图5,系列13,2.562,-0.0002623486006
子图5,系列13,2.568,-2.737493474e-05
子图5,系列13,2.574,0.0002862573019
子图5,系列13,2.58,0.0006590722071
子图5,系列13,2.586,0.001059985948
子图5,系列13,2.592,0.00144995424
子图5,系列13,2.598,0.001787287313
子图5,系列13,2.604,0.002033623358
子图5,系列13,2.61,0.00215946883
子图5,系列13,2.616,0.002148215488
子图5,系列13,2.622,0.001997941786
子图5,系列13,2.628,0.001720819483
子图5,系列13,2.634,0.001340377075
子图5,系列13,2.64,0.0008874067231
子图5,系列13,2.646,0.0003953631913
子图5,系列13,2.652,-0.0001038872032
子图5,系列13,2.658,-0.0005832947918
子图5,系列13,2.664,-0.001022657306
子图5,系列13,2.67,-0.001409330533
子图5,系列13,2.676,-0.00173797204
子图5,系列13,2.682,-0.002009555244
子图5,系列13,2.688,-0.002229922676
子图5,系列13,2.694,-0.002408191298
子图5,系列13,2.7,-0.002554984905
子图5,系列13,2.706,-0.002680812705
子图5,系列13,2.712,-0.002794575789
子图5,系列13,2.718,-0.002902515813
子图5,系列13,2.724,-0.003007788833
子图5,系列13,2.73,-0.003110769698
子图5,系列13,2.736,-0.003210191266
子图5,系列13,2.742,-0.003304733526
子图5,系列13,2.748,-0.003394781499
子图5,系列13,2.754,-0.00348357659
子图5,系列13,2.76,-0.003577344369
子图5,系列13,2.766,-0.003683891407
子图5,系列13,2.772,-0.003809754299
子图5,系列13,2.778,-0.003956341343
子图5,系列13,2.784,-0.004115912812
子图5,系列13,2.79,-0.004268660533
子图5,系列13,2.796,-0.004381871517
子图5,系列13,2.802,-0.004412162708
子图5,系列13,2.808,-0.004310815957
子图5,系列13,2.814,-0.004031809323
子图5,系列13,2.82,-0.003541174013
子图5,系列13,2.826,-0.002825920891
子图5,系列13,2.832,-0.001900608386
子图5,系列13,2.838,-0.000809823948
子图5,系列13,2.844,0.0003743596923
子图5,系列13,2.85,0.001560008531
子图5,系列13,2.856,0.002647038477
子图5,系列13,2.862,0.003541031167
子图5,系列13,2.868,0.004166823799
子图5,系列13,2.874,0.004479329168
子图5,系列13,2.88,0.004469661316
子图5,系列13,2.886,0.004165537166
子图5,系列13,2.892,0.003625869206
子图5,系列13,2.898,0.00293081682
子图5,系列13,2.904,0.002169018254
子图5,系列13,2.91,0.001424453865
子图5,系列13,2.916,0.0007650702234
子图5,系列13,2.922,0.000234948385
子图5,系列13,2.928,-0.0001489976117
子图5,系列13,2.934,-0.0003956760089
子图5,系列13,2.94,-0.0005344105338
子图5,系列13,2.946,-0.0006067327851
子图5,系列13,2.952,-0.0006567541462
子图5,系列13,2.958,-0.0007218452683
子图5,系列13,2.964,-0.0008248283776
子图5,系列13,2.97,-0.0009689944036
子图5,系列13,2.976,-0.001136508666
子图5,系列13,2.982,-0.001290520914
子图5,系列13,2.988,-0.00138078565
子图5,系列13,2.994,-0.001351977234
子图5,系列13,3,-0.001153703081
子图5,系列13,3.006,-0.000750611087
子图5,系列13,3.012,-0.0001310237566
子图5,系列13,3.018,0.0006874972631
子图5,系列13,3.024,0.001656953411
子图5,系列13,3.03,0.002702641036
子图5,系列13,3.036,0.003731714054
子图5,系列13,3.042,0.004645509496
子图5,系列13,3.048,0.005353756235
子图5,系列13,3.054,0.005788446274
子图5,系列13,3.06,0.005914765134
子图5,系列13,3.066,0.005737176641
子图5,系列13,3.072,0.005299252399
子图5,系列13,3.078,0.004677162635
子图5,系列13,3.084,0.003967821076
子图5,系列13,3.09,0.003273693812
子图5,系列13,3.096,0.002687011122
子图5,系列13,3.102,0.002276049111
子图5,系列13,3.108,0.002075901919
子图5,系列13,3.114,0.00208501167
子图5,系列13,3.12,0.002267868561
子图5,系列13,3.126,0.002562864723
子图5,系列13,3.132,0.00289376052
子图5,系列13,3.138,0.003182434791
子图5,系列13,3.144,0.003360848075
子图5,系列13,3.15,0.003380375743
子图5,系列13,3.156,0.003217292109
子图5,系列13,3.162,0.002874137744
子图5,系列13,3.168,0.002377068261
子图5,系列13,3.174,0.001770279653
子图5,系列13,3.18,0.001108513337
子图5,系列13,3.186,0.0004491449504
子图5,系列13,3.192,-0.0001550990492
子图5,系列13,3.198,-0.000661738519
子图5,系列13,3.204,-0.001042100919
子图5,系列13,3.21,-0.001282619253
子图5,系列13,3.216,-0.001384258272
子图5,系列13,3.222,-0.001360607304
子图5,系列13,3.228,-0.001235135284
子图5,系列13,3.234,-0.001038485257
子图5,系列13,3.24,-0.0008058101644
子图5,系列13,3.246,-0.0005747990266
子图5,系列13,3.252,-0.0003839630132
子图5,系列13,3.258,-0.000271288315
子图5,系列13,3.264,-0.000272900802
子图5,系列13,3.27,-0.0004214373664
子图5,系列13,3.276,-0.0007442046976
子图5,系列13,3.282,-0.001260729691
子图5,系列13,3.288,-0.001980205329
子图5,系列13,3.294,-0.0028985733
子图5,系列13,3.3,-0.003995921985
子图5,系列13,3.306,-0.005234269831
子图5,系列13,3.312,-0.006556312296
子图5,系列13,3.318,-0.007885670008
子图5,系列13,3.324,-0.009128936562
子图5,系列13,3.33,-0.01018025935
子图5,系列13,3.336,-0.010928295
子图5,系列13,3.342,-0.0112657475
子图5,系列13,3.348,-0.01110061082
子图5,系列13,3.354,-0.01036825941
子图5,系列13,3.36,-0.009042764779
子图5,系列13,3.366,-0.007145779796
子图5,系列13,3.372,-0.00475127149
子图5,系列13,3.378,-0.001984698996
子图5,系列13,3.384,0.0009840740976
子图5,系列13,3.39,0.003954061849
子图5,系列13,3.396,0.006711578999
子图5,系列13,3.402,0.009051819343
子图5,系列13,3.408,0.01080098853
子图5,系列13,3.414,0.0118360378
子图5,系列13,3.42,0.01209903283
子图5,系列13,3.426,0.01160414457
子图5,系列13,3.432,0.01043558618
子图5,系列13,3.438,0.008736960364
子图5,系列13,3.444,0.006692904615
子图5,系列13,3.45,0.004505928218
子图5,系列13,3.456,0.002371712962
子图5,系列13,3.462,0.0004564344387
子图5,系列13,3.468,-0.001120247865
子图5,系列13,3.474,-0.002294701629
子图5,系列13,3.48,-0.003059800186
子图5,系列13,3.486,-0.003457591408
子图5,系列13,3.492,-0.00356554355
子图5,系列13,3.498,-0.003479759465
子图5,系列13,3.504,-0.003297973547
子图5,系列13,3.51,-0.003105277854
子图5,系列13,3.516,-0.002964604141
子图5,系列13,3.522,-0.002912222558
子图5,系列13,3.528,-0.002958457681
子图5,系列13,3.534,-0.003091309694
子图5,系列13,3.54,-0.003282042086
子图5,系列13,3.546,-0.003490139447
子图5,系列13,3.552,-0.00366713707
子图5,系列13,3.558,-0.003758685959
子图5,系列13,3.564,-0.003705725094
子图5,系列13,3.57,-0.003446229211
子图5,系列13,3.576,-0.002918848139
子图5,系列13,3.582,-0.002069992022
子图5,系列13,3.588,-0.0008639603247
子图5,系列13,3.594,0.0007044541905
子图5,系列13,3.6,0.002597943037
子图5,系列13,3.606,0.004727914539
子图5,系列13,3.612,0.006952725479
子图5,系列13,3.618,0.009084974535
子图5,系列13,3.624,0.01090883976
子图5,系列13,3.63,0.01220594583
子图5,系列13,3.636,0.01278638162
子图5,系列13,3.642,0.01251974725
子图5,系列13,3.648,0.01136059368
子图5,系列13,3.654,0.009363053173
子图5,系列13,3.66,0.006681049054
子图5,系列13,3.666,0.003553126337
子图5,系列13,3.672,0.0002732672706
子图5,系列13,3.678,-0.002847607767
子图5,系列13,3.684,-0.005523892386
子图5,系列13,3.69,-0.007533855838
子图5,系列13,3.696,-0.008748683415
子图5,系列13,3.702,-0.009146937809
子图5,系列13,3.708,-0.008812457394
子图5,系列13,3.714,-0.007916476265
子图5,系列13,3.72,-0.006687064221
子图5,系列13,3.726,-0.005371821427
子图5,系列13,3.732,-0.004199578155
子图5,系列13,3.738,-0.003348013819
子图5,系列13,3.744,-0.002921531435
子图5,系列13,3.75,-0.00294271106
子图5,系列13,3.756,-0.003357575468
子图5,系列13,3.762,-0.004052569711
子图5,系列13,3.768,-0.00487973727
子图5,系列13,3.774,-0.005684470548
子图5,系列13,3.78,-0.006331355823
子图5,系列13,3.786,-0.00672304145
子图5,系列13,3.792,-0.006809806603
子图5,系列13,3.798,-0.00658870861
子图5,系列13,3.804,-0.006093542519
子图5,系列13,3.81,-0.005378778454
子图5,系列13,3.816,-0.004501172374
子图5,系列13,3.822,-0.003503652463
子图5,系列13,3.828,-0.002404853036
子图5,系列13,3.834,-0.001196672436
子图5,系列13,3.84,0.0001496963237
子图5,系列13,3.846,0.001670774154
子图5,系列13,3.852,0.003393787923
子图5,系列13,3.858,0.005319608817
子图5,系列13,3.864,0.007409758536
子图5,系列13,3.87,0.009580580904
子图5,系列13,3.876,0.01170664116
子图5,系列13,3.882,0.0136330877
子图5,系列13,3.888,0.01519533345
子图5,系列13,3.894,0.01624269663
子图5,系列13,3.9,0.01666183583
子图5,系列13,3.906,0.01639605655
子图5,系列13,3.912,0.01545678827
子图5,系列13,3.918,0.0139254327
子图5,系列13,3.924,0.0119448765
子图5,系列13,3.93,0.009702067419
子图5,系列13,3.936,0.007404327311
子图5,系列13,3.942,0.005252984296
子图5,系列13,3.948,0.003418589819
子图5,系列13,3.954,0.00202109174
子图5,系列13,3.96,0.0011181145
子图5,系列13,3.966,0.0007022806655
子图5,系列13,3.972,0.0007076866978
子图5,系列13,3.978,0.001023651035
子图5,系列13,3.984,0.001512991079
子图5,系列13,3.99,0.002031910865
子图5,系列13,3.996,0.002448031958
子图5,系列13,4.002,0.002654823459
子图5,系列13,4.008,0.002580547341
子图5,系列13,4.014,0.002191851943
子图5,系列13,4.02,0.001492372228
子图5,系列13,4.026,0.0005174850813
子图5,系列13,4.032,-0.0006733111479
子图5,系列13,4.038,-0.002005285183
子图5,系列13,4.044,-0.00339743724
子图5,系列13,4.05,-0.004770784894
子图5,系列13,4.056,-0.006055407436
子图5,系列13,4.062,-0.007195700958
子图5,系列13,4.068,-0.008153566929
子图5,系列13,4.074,-0.008909300756
子图5,系列13,4.08,-0.009460082018
子图5,系列13,4.086,-0.009816540564
子图5,系列13,4.092,-0.00999769016
子图5,系列13,4.098,-0.01002542569
子图5,系列13,4.104,-0.009919242184
子图5,系列13,4.11,-0.009692382035
子图5,系列13,4.116,-0.009349922047
子图5,系列13,4.122,-0.008889172529
子图5,系列13,4.128,-0.008302216746
子图5,系列13,4.134,-0.007579969884
子图5,系列13,4.14,-0.006717036847
子图5,系列13,4.146,-0.005716313474
子图5,系列13,4.152,-0.00459276074
子图5,系列13,4.158,-0.003375536745
子图5,系列13,4.164,-0.002108449694
子图5,系列13,4.17,-0.0008484503428
子图5,系列13,4.176,0.0003375881914
子图5,系列13,4.182,0.001377723249
子图5,系列13,4.188,0.002201082909
子图5,系列13,4.194,0.002745074591
子图5,系列13,4.2,0.002962971393
子图5,系列13,4.206,0.002831333743
子图5,系列13,4.212,0.002356225792
子图5,系列13,4.218,0.001577129042
子图5,系列13,4.224,0.0005678643733
子图5,系列13,4.23,-0.0005666378858
子图5,系列13,4.236,-0.001697313896
子图5,系列13,4.242,-0.002681885871
子图5,系列13,4.248,-0.003378243318
子图5,系列13,4.254,-0.003659096927
子图5,系列13,4.26,-0.00342613113
子图5,系列13,4.266,-0.002621808613
子图5,系列13,4.272,-0.001237733521
子图5,系列13,4.278,0.0006817863126
子图5,系列13,4.284,0.003040914762
子图5,系列13,4.29,0.005698486225
子图5,系列13,4.296,0.008478300891
子图5,系列13,4.302,0.01118283533
子图5,系列13,4.308,0.01360915645
子图5,系列13,4.314,0.01556577104
子图5,系列13,4.32,0.01688913717
子图5,系列13,4.326,0.01745837677
子图5,系列13,4.332,0.01720682429
子图5,系列13,4.338,0.01612918486
子图5,系列13,4.344,0.0142832281
子图5,系列13,4.35,0.01178553425
子图5,系列13,4.356,0.008801409387
子图5,系列13,4.362,0.005529627606
子图5,系列13,4.368,0.002183843321
子图5,系列13,4.374,-0.001027671473
子图5,系列13,4.38,-0.003921064498
子图5,系列13,4.386,-0.006352917205
子图5,系列13,4.392,-0.008230923836
子图5,系列13,4.398,-0.009518344634
子图5,系列13,4.404,-0.01023201402
子图5,系列13,4.41,-0.01043434021
子图5,系列13,4.416,-0.01022134049
子图5,系列13,4.422,-0.00970797215
子图5,系列13,4.428,-0.009013620933
子图5,系列13,4.434,-0.00824895004
子图5,系列13,4.44,-0.007505909938
子图5,系列13,4.446,-0.00685152155
子图5,系列13,4.452,-0.006325411567
子图5,系列13,4.458,-0.005941083286
子图5,系列13,4.464,-0.005689638776
子图5,系列13,4.47,-0.005545518661
子图5,系列13,4.476,-0.005472667802
子图5,系列13,4.482,-0.005430617325
子图5,系列13,4.488,-0.005379353564
子图5,系列13,4.494,-0.005282766467
子图5,系列13,4.5,-0.005110536141
子图5,系列13,4.506,-0.004838698163
子图5,系列13,4.512,-0.00444975193
子图5,系列13,4.518,-0.003932684817
子图5,系列13,4.524,-0.003283961653
子图5,系列13,4.53,-0.002509341518
子图5,系列13,4.536,-0.001626621301
子图5,系列13,4.542,-0.0006683114455
子图5,系列13,4.548,0.0003167645
子图5,系列13,4.554,0.001264218613
子图5,系列13,4.56,0.00209807339
子图5,系列13,4.566,0.002738253641
子图5,系列13,4.572,0.003111009938
子图5,系列13,4.578,0.003160799177
子图5,系列13,4.584,0.002861671157
子图5,系列13,4.59,0.00222563473
子图5,系列13,4.596,0.00130625439
子图5,系列13,4.602,0.0001958778103
子图5,系列13,4.608,-0.0009834005613
子图5,系列13,4.614,-0.002094140898
子图5,系列13,4.62,-0.003001125224
子图5,系列13,4.626,-0.00358916503
子图5,系列13,4.632,-0.003778327004
子图5,系列13,4.638,-0.003533874564
子图5,系列13,4.644,-0.002869541889
子图5,系列13,4.65,-0.001843701375
子图5,系列13,4.656,-0.0005495278199
子图5,系列13,4.662,0.0008989152198
子图5,系列13,4.668,0.002381947324
子图5,系列13,4.674,0.003788385755
子图5,系列13,4.68,0.005026315327
子图5,系列13,4.686,0.006029368562
子图5,系列13,4.692,0.006758431833
子图5,系列13,4.698,0.007199456494
子图5,系列13,4.704,0.007359047207
子图5,系列13,4.71,0.007259126528
子图5,系列13,4.716,0.006932364447
子图5,系列13,4.722,0.006418812645
子图5,系列13,4.728,0.005764092574
子图5,系列13,4.734,0.005018427996
子图5,系列13,4.74,0.004235735289
子图5,系列13,4.746,0.003471932946
子图5,系列13,4.752,0.002781787465
子图5,系列13,4.758,0.002214488023
子图5,系列13,4.764,0.001808196911
子图5,系列13,4.77,0.001584910583
子图5,系列13,4.776,0.00154641597
子图5,系列13,4.782,0.001672724555
子图5,系列13,4.788,0.00192326422
子图5,系列13,4.794,0.002240997882
子图5,系列13,4.8,0.002558845285
子图5,系列13,4.806,0.002807220207
子图5,系列13,4.812,0.002921897683
子图5,系列13,4.818,0.002850732712
子图5,系列13,4.824,0.0025591712
子图5,系列13,4.83,0.002033842441
子图5,系列13,4.836,0.001284726201
子图5,系列13,4.842,0.0003459177764
子图5,系列13,4.848,-0.000724955223
子图5,系列13,4.854,-0.00184867855
子图5,系列13,4.86,-0.002928507764
子图5,系列13,4.866,-0.003856507331
子图5,系列13,4.872,-0.004522787083
子图5,系列13,4.878,-0.004827029113
子图5,系列13,4.884,-0.004691660217
子图5,系列13,4.89,-0.004074679299
子图5,系列13,4.896,-0.002980334841
子图5,系列13,4.902,-0.001465240477
子图5,系列13,4.908,0.0003616617018
子图5,系列13,4.914,0.002346240259
子图5,系列13,4.92,0.0043033051
子图5,系列13,4.926,0.006036153517
子图5,系列13,4.932,0.007359395687
子图5,系列13,4.938,0.008121693748
子图5,系列13,4.944,0.008225456266
子图5,系列13,4.95,0.007640281887
子图5,系列13,4.956,0.006408259585
子图5,系列13,4.962,0.004639917545
子图5,系列13,4.968,0.002501316791
子图5,系列13,4.974,0.00019384576
子图5,系列13,4.98,-0.002070461249
子图5,系列13,4.986,-0.004094522577
子图5,系列13,4.992,-0.005719118156
子图5,系列13,4.998,-0.00683962786
子图5,系列13,5.004,-0.007414463338
子图5,系列13,5.01,-0.007463991385
子图5,系列13,5.016,-0.007060812164
子图5,系列13,5.022,-0.0063132418
子图5,系列13,5.028,-0.005345372961
子图5,系列13,5.034,-0.004277283489
子图5,系列13,5.04,-0.003208839144
子图5,系列13,5.046,-0.002209801556
子图5,系列13,5.052,-0.001317217176
子图5,系列13,5.058,-0.0005400507839
子图5,系列13,5.064,0.0001310299433
子图5,系列13,5.07,0.000711196989
子图5,系列13,5.076,0.001209772434
子图5,系列13,5.082,0.001622021347
子图5,系列13,5.088,0.001926524275
子图5,系列13,5.094,0.002088818751
子图5,系列13,5.1,0.002070383604
子图5,系列13,5.106,0.00184109132
子图5,系列13,5.112,0.001391827627
子图5,系列13,5.118,0.0007443911124
子图5,系列13,5.124,-4.441985949e-05
子图5,系列13,5.13,-0.0008859231755
子图5,系列13,5.136,-0.00167020396
子图5,系列13,5.142,-0.002282633347
子图5,系列13,5.148,-0.002623387442
子图5,系列13,5.154,-0.002626113806
子图5,系列13,5.16,-0.002271861962
子图5,系列13,5.166,-0.001595189521
子图5,系列13,5.172,-0.0006806917486
子图5,系列13,5.178,0.0003496956353
子图5,系列13,5.184,0.001356715618
子图5,系列13,5.19,0.002207321772
子图5,系列13,5.196,0.002797590581
子图5,系列13,5.202,0.00307046802
子图5,系列13,5.208,0.003025215852
子图5,系列13,5.214,0.002716513845
子图5,系列13,5.22,0.002243449085
子图5,系列13,5.226,0.00173023737
子图5,系列13,5.232,0.001302084265
子图5,系列13,5.238,0.001060670815
子图5,系列13,5.244,0.001063521316
子图5,系列13,5.25,0.001311386622
子图5,系列13,5.256,0.0017458835
子图5,系列13,5.262,0.002258357798
子图5,系列13,5.268,0.00270848128
子图5,系列13,5.274,0.002949609251
子图5,系列13,5.28,0.002856385283
子图5,系列13,5.286,0.002349568179
子图5,系列13,5.292,0.001413602939
子图5,系列13,5.298,0.0001033468745
子图5,系列13,5.304,-0.001461130942
子图5,系列13,5.31,-0.003111154301
子图5,系列13,5.316,-0.004654198023
子图5,系列13,5.322,-0.005902564181
子图5,系列13,5.328,-0.006700779613
子图5,系列13,5.334,-0.006947117813
子图5,系列13,5.34,-0.006605929978
子图5,系列13,5.346,-0.005709290746
子图5,系列13,5.352,-0.004348711761
子图5,系列13,5.358,-0.002659142665
子图5,系列13,5.364,-0.0007989604883
子图5,系列13,5.37,0.001070544369
子图5,系列13,5.376,0.0028027091
子图5,系列13,5.382,0.004278137423
子图5,系列13,5.388,0.005411473085
子图5,系列13,5.394,0.006152828818
子图5,系列13,5.4,0.006485095935
子图5,系列13,5.406,0.006418917365
子图5,系列13,5.412,0.005986709481
子图5,系列13,5.418,0.005237111872
子图5,系列13,5.424,0.004230041641
子图5,系列13,5.43,0.003032578181
子图5,系列13,5.436,0.001715195464
子图5,系列13,5.442,0.0003478104848
子图5,系列13,5.448,-0.0010041769
子图5,系列13,5.454,-0.002284364541
子图5,系列13,5.46,-0.003449215675
子图5,系列13,5.466,-0.004471444952
子图5,系列13,5.472,-0.005341695679
子图5,系列13,5.478,-0.006068439619
子图5,系列13,5.484,-0.006675696688
子图5,系列13,5.49,-0.007198603985
子图5,系列13,5.496,-0.007677470499
子图5,系列13,5.502,-0.008150524356
子图5,系列13,5.508,-0.00864666281
子图5,系列13,5.514,-0.009178606684
子图5,系列13,5.52,-0.009737928542
子图5,系列13,5.526,-0.01029255784
子图5,系列13,5.532,-0.01078775643
子图5,系列13,5.538,-0.01115093278
子图5,系列13,5.544,-0.0113000325
子图5,系列13,5.55,-0.01115486639
子图5,系列13,5.556,-0.01064961011
子图5,系列13,5.562,-0.009744734394
子图5,系列13,5.568,-0.008436097126
子图5,系列13,5.574,-0.006759482648
子图5,系列13,5.58,-0.004789533934
子图5,系列13,5.586,-0.00263290158
子图5,系列13,5.592,-0.0004166345067
子图5,系列13,5.598,0.001726387983
子图5,系列13,5.604,0.003672768589
子图5,系列13,5.61,0.005322075094
子图5,系列13,5.616,0.006606836492
子图5,系列13,5.622,0.007497555097
子图5,系列13,5.628,0.008002587564
子图5,系列13,5.634,0.008163445104
子图5,系列13,5.64,0.00804647725
子图5,系列13,5.646,0.007732975506
子图5,系列13,5.652,0.007308738346
子图5,系列13,5.658,0.006855109137
子图5,系列13,5.664,0.006441890984
子图5,系列13,5.67,0.006122859736
子图5,系列13,5.676,0.005933686941
子图5,系列13,5.682,0.005891518604
子图5,系列13,5.688,0.005995990565
子图5,系列13,5.694,0.006230305468
子图5,系列13,5.7,0.006562623733
子图5,系列13,5.706,0.006946967408
子图5,系列13,5.712,0.007324386902
子图5,系列13,5.718,0.007624734214
子图5,系列13,5.724,0.007769744568
子图5,系列13,5.73,0.007678275502
子图5,系列13,5.736,0.00727354848
子图5,系列13,5.742,0.006492456765
子图5,系列13,5.748,0.005295552289
子图5,系列13,5.754,0.003676410135
子图5,系列13,5.76,0.001668413953
子图5,系列13,5.766,-0.0006528101442
子图5,系列13,5.772,-0.003172342008
子图5,系列13,5.778,-0.005744834776
子图5,系列13,5.784,-0.008208300719
子图5,系列13,5.79,-0.01040113966
子图5,系列13,5.796,-0.01217990143
子图5,系列13,5.802,-0.01343474605
子图5,系列13,5.808,-0.01410048625
子图5,系列13,5.814,-0.01416107205
子图5,系列13,5.82,-0.01364736822
子图5,系列13,5.826,-0.01262879104
子图5,系列13,5.832,-0.01120051882
子图5,系列13,5.838,-0.009469172198
子图5,系列13,5.844,-0.007539046599
子图5,系列13,5.85,-0.005501757765
子图5,系列13,5.856,-0.003430199986
子图5,系列13,5.862,-0.001377434586
子图5,系列13,5.868,0.000620214994
子图5,系列13,5.874,0.002537631042
子图5,系列13,5.88,0.004354351624
子图5,系列13,5.886,0.006049370842
子图5,系列13,5.892,0.007597962203
子图5,系列13,5.898,0.008971519243
子图5,系列13,5.904,0.01013977588
子图5,系列13,5.91,0.01107455905
子图5,系列13,5.916,0.01175395996
子图5,系列13,5.922,0.01216548215
子图5,系列13,5.928,0.01230778714
子图5,系列13,5.934,0.01219050653
子图5,系列13,5.94,0.01183273827
子图5,系列13,5.946,0.01126078452
子图5,系列13,5.952,0.01050594355
子图5,系列13,5.958,0.009602943579
子图5,系列13,5.964,0.008589143589
子图5,系列13,5.97,0.007504326411
子图5,系列13,5.976,0.006390496241
子图5,系列13,5.982,0.005291128965
子图5,系列13,5.988,0.00424941556
子图5,系列13,5.994,0.003305434038
子图5,系列13,6,0.002492655073
子图5,系列13,6.006,0.001834383141
子图5,系列13,6.012,0.001341074914
子图5,系列13,6.018,0.001009168776
子图5,系列13,6.024,0.0008217884941
子图5,系列13,6.03,0.0007513423391
子图5,系列13,6.036,0.0007632456558
子图5,系列13,6.042,0.0008201795826
子图5,系列13,6.048,0.000885755956
子图5,系列13,6.054,0.0009269934107
子图5,系列13,6.06,0.0009153857736
子图5,系列13,6.066,0.0008265307893
子图5,系列13,6.072,0.0006393060648
子图5,系列13,6.078,0.0003350338711
子图5,系列13,6.084,-0.0001022215853
子图5,系列13,6.09,-0.0006839834394
子图5,系列13,6.096,-0.001414319773
子图5,系列13,6.102,-0.002285844719
子图5,系列13,6.108,-0.003276065536
子图5,系列13,6.114,-0.004344786471
子图5,系列13,6.12,-0.00543394739
子图5,系列13,6.126,-0.006470109088
子图5,系列13,6.132,-0.007369748145
子图5,系列13,6.138,-0.008046733988
子图5,系列13,6.144,-0.008420938749
子图5,系列13,6.15,-0.008426961401
子图5,系列13,6.156,-0.008021742767
子图5,系列13,6.162,-0.007190395362
子图5,系列13,6.168,-0.005949614803
子图5,系列13,6.174,-0.004348614111
子图5,系列13,6.18,-0.002467446139
子图5,系列13,6.186,-0.0004129309777
子图5,系列13,6.192,0.001687800774
子图5,系列13,6.198,0.00369591588
子图5,系列13,6.204,0.005471389518
子图5,系列13,6.21,0.006884802264
子图5,系列13,6.216,0.007829547341
子图5,系列13,6.222,0.008233096824
子图5,系列13,6.228,0.008065867855
子图5,系列13,6.234,0.007346230375
子图5,系列13,6.24,0.006140433227
子图5,系列13,6.246,0.004557191588
子图5,系列13,6.252,0.002736992759
子图5,系列13,6.258,0.0008376907582
子图5,系列13,6.264,-0.0009820419375
子图5,系列13,6.27,-0.002578894379
子图5,系列13,6.276,-0.00383869539
子图5,系列13,6.282,-0.004686054997
子图5,系列13,6.288,-0.005088819565
子图5,系列13,6.294,-0.005057446293
子图5,系列13,6.3,-0.004639706145
子图5,系列13,6.306,-0.003912291886
子图5,系列13,6.312,-0.002970436782
子图5,系列13,6.318,-0.001917313874
子图5,系列13,6.324,-0.0008540552523
子图5,系列13,6.33,0.0001286496303
子图5,系列13,6.336,0.0009570137065
子图5,系列13,6.342,0.001578589707
子图5,系列13,6.348,0.001964443561
子图5,系列13,6.354,0.00210943324
子图5,系列13,6.36,0.002030357517
子图5,系列13,6.366,0.001762574369
子图5,系列13,6.372,0.001355166529
子图5,系列13,6.378,0.0008654147927
子图5,系列13,6.384,0.0003530990835
子图5,系列13,6.39,-0.0001247491087
子图5,系列13,6.396,-0.0005180869667
子图5,系列13,6.402,-0.0007869641236
子图5,系列13,6.408,-0.0009033652362
子图5,系列13,6.414,-0.0008521255532
子图5,系列13,6.42,-0.0006310911968
子图5,系列13,6.426,-0.0002509002475
子图5,系列13,6.432,0.000265718858
子图5,系列13,6.438,0.0008850354572
子图5,系列13,6.444,0.001564290962
子图5,系列13,6.45,0.002254591675
子图5,系列13,6.456,0.002904972569
子图5,系列13,6.462,0.003467395732
子图5,系列13,6.468,0.003902095427
子图5,系列13,6.474,0.00418268946
子图5,系列13,6.48,0.004299891464
子图5,系列13,6.486,0.004263370502
子图5,系列13,6.492,0.004100881214
子图5,系列13,6.498,0.00385492618
子图5,系列13,6.504,0.00357699646
子图5,系列13,6.51,0.003320375009
子图5,系列13,6.516,0.003132440078
子图5,系列13,6.522,0.003047441471
子图5,系列13,6.528,0.003081033014
子图5,系列13,6.534,0.003226771991
子图5,系列13,6.54,0.003455554368
子图5,系列13,6.546,0.0037174429
子图5,系列13,6.552,0.003946128915
子图5,系列13,6.558,0.004065302614
子图5,系列13,6.564,0.00399640622
子图5,系列13,6.57,0.003667256334
子图5,系列13,6.576,0.003020472284
子图5,系列13,6.582,0.002021415134
子图5,系列13,6.588,0.000664415224
子图5,系列13,6.594,-0.001022899616
子图5,系列13,6.6,-0.002978114395
子图5,系列13,6.606,-0.005105528513
子图5,系列13,6.612,-0.007280967545
子图5,系列13,6.618,-0.009359934675
子图5,系列13,6.624,-0.01118867427
子图5,系列13,6.63,-0.01261764834
子图5,系列13,6.636,-0.01351624713
子图5,系列13,6.642,-0.01378729392
子图5,系列13,6.648,-0.01337958307
子图5,系列13,6.654,-0.01229646422
子图5,系列13,6.66,-0.01059885117
子图5,系列13,6.666,-0.008401557336
子图5,系列13,6.672,-0.005862708433
子图5,系列13,6.678,-0.003167367137
子图5,系列13,6.684,-0.000507167202
子图5,系列13,6.69,0.001940894242
子图5,系列13,6.696,0.00403361601
子图5,系列13,6.702,0.005675463503
子图5,系列13,6.708,0.006825264566
子图5,系列13,6.714,0.007494691921
子图5,系列13,6.72,0.007739072782
子图5,系列13,6.726,0.007642620961
子图5,系列13,6.732,0.00730056674
子图5,系列13,6.738,0.006802041006
子图5,系列13,6.744,0.006216230818
子图5,系列13,6.75,0.005584556051
子图5,系列13,6.756,0.004919648858
子图5,系列13,6.762,0.00421070254
子图5,系列13,6.768,0.003433809198
子图5,系列13,6.774,0.00256418935
子图5,系列13,6.78,0.001587981849
子图5,系列13,6.786,0.0005104838801
子图5,系列13,6.792,-0.0006405381069
子图5,系列13,6.798,-0.001817153311
子图5,系列13,6.804,-0.002958600774
子图5,系列13,6.81,-0.004001669683
子图5,系列13,6.816,-0.004892193355
子图5,系列13,6.822,-0.005594846145
子图5,系列13,6.828,-0.006099558815
子图5,系列13,6.834,-0.006423124072
子图5,系列13,6.84,-0.006605799385
子图5,系列13,6.846,-0.006703763691
子图5,系列13,6.852,-0.006778639614
子图5,系列13,6.858,-0.00688637025
子图5,系列13,6.864,-0.007066915217
子图5,系列13,6.87,-0.007336740925
子图5,系列13,6.876,-0.007684882627
子图5,系列13,6.882,-0.008072952442
子图5,系列13,6.888,-0.0084391404
子图5,系列13,6.894,-0.008704996963
子图5,系列13,6.9,-0.00878462662
子图5,系列13,6.906,-0.008594576204
子图5,系列13,6.912,-0.008063689031
子图5,系列13,6.918,-0.007141798023
子图5,系列13,6.924,-0.005806201673
子图5,系列13,6.93,-0.004065695745
子图5,系列13,6.936,-0.001961265068
子图5,系列13,6.942,0.0004362215358
子图5,系列13,6.948,0.003031352819
子图5,系列13,6.954,0.005712042867
子图5,系列13,6.96,0.008358911766
子图5,系列13,6.966,0.01085566987
子图5,系列13,6.972,0.01309887069
子图5,系列13,6.978,0.01500647034
子图5,系列13,6.984,0.01652368178
子图5,系列13,6.99,0.01762547144
子图5,系列13,6.996,0.01831524346
子图5,系列13,7.002,0.01861928824
子图5,系列13,7.008,0.01857832195
子图5,系列13,7.014,0.01823657026
子图5,系列13,7.02,0.0176311034
子图5,系列13,7.026,0.01678292286
子图5,系列13,7.032,0.01569209
子图5,系列13,7.038,0.01433835553
子图5,系列13,7.044,0.01268720689
子图5,系列13,7.05,0.01070114579
子图5,系列13,7.056,0.008353441679
子图5,系列13,7.062,0.005642256004
子图5,系列13,7.068,0.002601675565
子图5,系列13,7.074,-0.0006927053806
子图5,系列13,7.08,-0.004125046161
子图5,系列13,7.086,-0.007547908362
子图5,系列13,7.092,-0.01079645939
子图5,系列13,7.098,-0.01370640671
子图5,系列13,7.104,-0.01613220669
子图5,系列13,7.11,-0.01796274829
子图5,系列13,7.116,-0.01913229071
子图5,系列13,7.122,-0.01962491791
子图5,系列13,7.128,-0.01947293727
子图5,系列13,7.134,-0.0187495429
子图5,系列13,7.14,-0.01755776683
子图5,系列13,7.146,-0.01601751244
子图5,系列13,7.152,-0.0142523186
子图5,系列13,7.158,-0.01237781465
子图5,系列13,7.164,-0.01049226244
子图5,系列13,7.17,-0.008670426868
子图5,系列13,7.176,-0.00696040321
子图5,系列13,7.182,-0.005383770437
子图5,系列13,7.188,-0.003938637042
子图5,系列13,7.194,-0.002605120937
子图5,系列13,7.2,-0.001352910815
子图5,系列13,7.206,-0.0001495739172
子图5,系列13,7.212,0.001030883191
子图5,系列13,7.218,0.002201030996
子图5,系列13,7.224,0.003355261829
子图5,系列13,7.23,0.004468441891
子图5,系列13,7.236,0.005498319645
子图5,系列13,7.242,0.006391197969
子图5,系列13,7.248,0.007090359936
子图5,系列13,7.254,0.007545398149
子图5,系列13,7.26,0.007721138506
子图5,系列13,7.266,0.007604428673
子图5,系列13,7.272,0.007207512226
子图5,系列13,7.278,0.006567610443
子图5,系列13,7.284,0.005742420973
子图5,系列13,7.29,0.004802549049
子图5,系列13,7.296,0.003821917579
子图5,系列13,7.302,0.00286773377
子图5,系列13,7.308,0.001991836744
子图5,系列13,7.314,0.001224600356
子图5,系列13,7.32,0.0005727741502
子图5,系列13,7.326,2.131226354e-05
子图5,系列13,7.332,-0.0004609495577
子图5,系列13,7.338,-0.0009130036857
子图5,系列13,7.344,-0.001372423144
子图5,系列13,7.35,-0.001866864946
子图5,系列13,7.356,-0.002408233363
子图5,系列13,7.362,-0.002990241249
子图5,系列13,7.368,-0.003590030139
子图5,系列13,7.374,-0.004172864077
子图5,系列13,7.38,-0.004698906718
子图5,系列13,7.386,-0.005130198368
子图5,系列13,7.392,-0.005436265089
子图5,系列13,7.398,-0.005597251136
子图5,系列13,7.404,-0.00560395539
子图5,系列13,7.41,-0.005455386874
子图5,系列13,7.416,-0.005154628215
子图5,系列13,7.422,-0.00470482262
子图5,系列13,7.428,-0.004106454759
子图5,系列13,7.434,-0.003357468624
子图5,系列13,7.44,-0.002456358865
子图5,系列13,7.446,-0.001408149165
子图5,系列13,7.452,-0.0002318893034
子图5,系列13,7.458,0.001032210966
子图5,系列13,7.464,0.002318011932
子图5,系列13,7.47,0.003533224696
子图5,系列13,7.476,0.004564735108
子图5,系列13,7.482,0.005289849723
子图5,系列13,7.488,0.005592193464
子图5,系列13,7.494,0.005380065824
子图5,系列13,7.5,0.004604037771
子图5,系列13,7.506,0.003270525416
子图5,系列13,7.512,0.001448281035
子图5,系列13,7.518,-0.0007339147946
子图5,系列13,7.524,-0.003098824978
子图5,系列13,7.53,-0.005440206744
子图5,系列13,7.536,-0.007547380526
子图5,系列13,7.542,-0.009231223131
子图5,系列13,7.548,-0.01034743149
子图5,系列13,7.554,-0.01081357123
子图5,系列13,7.56,-0.01061720304
子图5,系列13,7.566,-0.009814182597
子图5,系列13,7.572,-0.008517591784
子图5,系列13,7.578,-0.006879501373
子图5,系列13,7.584,-0.005068678667
子图5,系列13,7.59,-0.003247929984
子图5,系列13,7.596,-0.00155465442
子图5,系列13,7.602,-8.734713477e-05
子图5,系列13,7.608,0.00110019183
子图5,系列13,7.614,0.001996801092
子图5,系列13,7.62,0.002625037858
子图5,系列13,7.626,0.003027813562
子图5,系列13,7.632,0.00325341443
子图5,系列13,7.638,0.003342146547
子图5,系列13,7.644,0.003317268236
子图5,系列13,7.65,0.003181871755
子图5,系列13,7.656,0.002922362446
子图5,系列13,7.662,0.002517344474
子图5,系列13,7.668,0.001950031483
子图5,系列13,7.674,0.001221016648
子图5,系列13,7.68,0.0003583785378
子图5,系列13,7.686,-0.0005776332364
子图5,系列13,7.692,-0.001496975523
子图5,系列13,7.698,-0.002289463843
子图5,系列13,7.704,-0.002840371229
子图5,系列13,7.71,-0.003049287782
子图5,系列13,7.716,-0.002848804567
子图5,系列13,7.722,-0.002219163163
子图5,系列13,7.728,-0.001196020415
子图5,系列13,7.734,0.0001309930162
子图5,系列13,7.74,0.001628845006
子图5,系列13,7.746,0.003139797394
子图5,系列13,7.752,0.004505042838
子图5,系列13,7.758,0.005589487033
子图5,系列13,7.764,0.006303417579
子图5,系列13,7.77,0.006616990156
子图5,系列13,7.776,0.006565083795
子图5,系列13,7.782,0.006240850773
子图5,系列13,7.788,0.00577927164
子图5,系列13,7.794,0.005332536431
子图5,系列13,7.8,0.005041806203
子图5,系列13,7.806,0.00500963058
子图5,系列13,7.812,0.005277913513
子图5,系列13,7.818,0.005815576744
子图5,系列13,7.824,0.00651794439
子图5,系列13,7.83,0.007219122557
子图5,系列13,7.836,0.007715222299
子图5,系列13,7.842,0.007795615112
子图5,系列13,7.848,0.00727715204
子图5,系列13,7.854,0.006035947478
子图5,系列13,7.86,0.004031682162
子图5,系列13,7.866,0.001320012347
子图5,系列13,7.872,-0.001949091718
子图5,系列13,7.878,-0.005547277046
子图5,系列13,7.884,-0.009196107353
子图5,系列13,7.89,-0.01260327708
子图5,系列13,7.896,-0.01550172928
子图5,系列13,7.902,-0.0176853913
子图5,系列13,7.908,-0.01903616923
子图5,系列13,7.914,-0.01953817647
子图5,系列13,7.92,-0.01927662968
子图5,系列13,7.926,-0.01842222902
子图5,系列13,7.932,-0.01720278763
子图5,系列13,7.938,-0.01586731875
子图5,系列13,7.944,-0.01464753722
子图5,系列13,7.95,-0.01372324206
子图5,系列13,7.956,-0.01319658562
子图5,系列13,7.962,-0.01307903624
子图5,系列13,7.968,-0.0132929768
子图5,系列13,7.974,-0.01368686383
子图5,系列13,7.98,-0.01406185125
子图5,系列13,7.986,-0.0142047131
子图5,系列13,7.992,-0.01392261146
子图5,系列13,7.998,-0.01307363705
子图5,系列13,8.004,-0.01158920816
子图5,系列13,8.01,-0.009484969512
子图5,系列13,8.016,-0.006859006486
子图5,系列13,8.022,-0.003878495292
子图5,系列13,8.028,-0.0007568070081
子图5,系列13,8.034,0.002274556437
子图5,系列13,8.04,0.004995260612
子图5,系列13,8.046,0.007222152945
子图5,系列13,8.052,0.008828547996
子图5,系列13,8.058,0.009754734131
子图5,系列13,8.064,0.01000889001
子图5,系列13,8.07,0.009659251758
子图5,系列13,8.076,0.008819743427
子图5,系列13,8.082,0.007631372494
子图5,系列13,8.088,0.006242978098
子图5,系列13,8.094,0.004793451416
子图5,系列13,8.1,0.003398014093
子图5,系列13,8.106,0.002139653106
子图5,系列13,8.112,0.001065972016
子图5,系列13,8.118,0.0001914006918
子图5,系列13,8.124,-0.0004968795232
子图5,系列13,8.13,-0.001030162258
子图5,系列13,8.136,-0.001448784313
子图5,系列13,8.142,-0.001793006293
子图5,系列13,8.148,-0.00209579357
子图5,系列13,8.154,-0.002377968875
子图5,系列13,8.16,-0.002646184218
子图5,系列13,8.166,-0.002893614473
子图5,系列13,8.172,-0.00310270195
子图5,系列13,8.178,-0.003249591038
子图5,系列13,8.184,-0.003308978179
子图5,系列13,8.19,-0.003259004014
子图5,系列13,8.196,-0.003085079306
子图5,系列13,8.202,-0.002782341288
子图5,系列13,8.208,-0.002356365132
子图5,系列13,8.214,-0.001821990451
子图5,系列13,8.22,-0.001200700913
子图5,系列13,8.226,-0.0005167698022
子图5,系列13,8.232,0.0002068419544
子图5,系列13,8.238,0.0009522190759
子图5,系列13,8.244,0.001708788364
子图5,系列13,8.25,0.002473571578
子图5,系列13,8.256,0.003248968054
子图5,系列13,8.262,0.004038190001
子图5,系列13,8.268,0.004839179199
子图5,系列13,8.274,0.005638155886
子图5,系列13,8.28,0.006404587798
子图5,系列13,8.286,0.007089019598
子图5,系列13,8.292,0.007625150176
子图5,系列13,8.298,0.007936429722
子图5,系列13,8.304,0.00794677367
子图5,系列13,8.31,0.007593717616
子图5,系列13,8.316,0.0068417645
子图5,系列13,8.322,0.005693361106
子图5,系列13,8.328,0.00419500765
子图5,系列13,8.334,0.002437182107
子图5,系列13,8.34,0.0005473717814
子图5,系列13,8.346,-0.00132271797
子图5,系列13,8.352,-0.00301399494
子图5,系列13,8.358,-0.004378222883
子图5,系列13,8.364,-0.005294775277
子图5,系列13,8.37,-0.005683603455
子图5,系列13,8.376,-0.005512685904
子图5,系列13,8.382,-0.004799344906
子图5,系列13,8.388,-0.003605940948
子图5,系列13,8.394,-0.002031000968
子图5,系列13,8.4,-0.0001975777913
子图5,系列13,8.406,0.001759414351
子图5,系列13,8.412,0.003705492936
子图5,系列13,8.418,0.005517112559
子图5,系列13,8.424,0.007090119847
子图5,系列13,8.43,0.008345501314
子图5,系列13,8.436,0.009232801761
子图5,系列13,8.442,0.009731170823
子图5,系列13,8.448,0.009848319059
子图5,系列13,8.454,0.009617697275
子图5,系列13,8.46,0.009093917391
子图5,系列13,8.466,0.008347028776
子图5,系列13,8.472,0.007455695053
子图5,系列13,8.478,0.006500161828
子图5,系列13,8.484,0.005555266325
子图5,系列13,8.49,0.004684418724
子图5,系列13,8.496,0.003934830202
子图5,系列13,8.502,0.003334582766
子图5,系列13,8.508,0.002891600298
子图5,系列13,8.514,0.002594533861
子图5,系列13,8.52,0.002415496349
子图5,系列13,8.526,0.002314087978
子图5,系列13,8.532,0.002242749822
子图5,系列13,8.538,0.002152533505
子图5,系列13,8.544,0.001999312954
子图5,系列13,8.55,0.001749508385
子图5,系列13,8.556,0.001385028364
子图5,系列13,8.562,0.000906761741
子图5,系列13,8.568,0.0003360531609
子图5,系列13,8.574,-0.0002861475946
子图5,系列13,8.58,-0.0009028425056
子图5,系列13,8.586,-0.001447076918
子图5,系列13,8.592,-0.001850343256
子图5,系列13,8.598,-0.002052359349
子图5,系列13,8.604,-0.002011328951
子图5,系列13,8.61,-0.001712950798
子图5,系列13,8.616,-0.001176911663
子图5,系列13,8.622,-0.0004590629607
子图5,系列13,8.628,0.0003516145092
子图5,系列13,8.634,0.001141754041
子图5,系列13,8.64,0.001787514095
子图5,系列13,8.646,0.002171851344
子图5,系列13,8.652,0.002202772189
子图5,系列13,8.658,0.001829154055
子图5,系列13,8.664,0.001051237847
子图5,系列13,8.67,-7.674249664e-05
子图5,系列13,8.676,-0.001452759923
子图5,系列13,8.682,-0.00294130888
子图5,系列13,8.688,-0.00439356778
子图5,系列13,8.694,-0.005669546492
子图5,系列13,8.7,-0.006658187934
子图5,系列13,8.706,-0.007291426658
子图5,系列13,8.712,-0.007549666748
子图5,系列13,8.718,-0.007457981808
子图5,系列13,8.724,-0.00707415923
子图5,系列13,8.73,-0.006471750232
子图5,系列13,8.736,-0.005722023652
子图5,系列13,8.742,-0.004878927502
子图5,系列13,8.748,-0.003970517006
子图5,系列13,8.754,-0.002998235901
子图5,系列13,8.76,-0.001944148158
子图5,系列13,8.766,-0.0007836818775
子图5,系列13,8.772,0.0004995115465
子图5,系列13,8.778,0.001900465607
子图5,系列13,8.784,0.003385523924
子图5,系列13,8.79,0.00489229918
子图5,系列13,8.796,0.006338009459
子图5,系列13,8.802,0.00763383294
子图5,系列13,8.808,0.008702609778
子图5,系列13,8.814,0.0094953831
子图5,系列13,8.82,0.01000288141
子图5,系列13,8.826,0.0102591262
子图5,系列13,8.832,0.01033542577
子图5,系列13,8.838,0.01032620538
子图5,系列13,8.844,0.01032845908
子图5,系列13,8.85,0.0104195839
子图5,系列13,8.856,0.01063743517
子图5,系列13,8.862,0.01096701442
子图5,系列13,8.868,0.01133675963
子图5,系列13,8.874,0.0116252263
子图5,系列13,8.88,0.01167798009
子图5,系列13,8.886,0.01133145346
子图5,系列13,8.892,0.01044037251
子图5,系列13,8.898,0.008903896687
子图5,系列13,8.904,0.00668609303
子图5,系列13,8.91,0.003827502121
子图5,系列13,8.916,0.0004453699955
子图5,系列13,8.922,-0.003277211421
子图5,系列13,8.928,-0.007112057348
子图5,系列13,8.934,-0.01081314083
子图5,系列13,8.94,-0.01414616438
子图5,系列13,8.946,-0.01691600869
子图5,系列13,8.952,-0.01898758534
子图5,系列13,8.958,-0.02029726685
子图5,系列13,8.964,-0.02085321812
子图5,系列13,8.97,-0.02072515664
子图5,系列13,8.976,-0.0200259139
子图5,系列13,8.982,-0.01888844865
子图5,系列13,8.988,-0.01744295414
子图5,系列13,8.994,-0.01579849898
子图5,系列13,9,-0.01403250911
子图5,系列13,9.006,-0.01219002455
子图5,系列13,9.012,-0.0102921084
子图5,系列13,9.018,-0.008351093637
子图5,系列13,9.024,-0.00638854112
子图5,系列13,9.03,-0.004451135776
子图5,系列13,9.036,-0.002620052473
子图5,系列13,9.042,-0.001010673755
子图5,系列13,9.048,0.0002384256417
子图5,系列13,9.054,0.0009859432561
子图5,系列13,9.06,0.001114066495
子图5,系列13,9.066,0.0005557190384
子图5,系列13,9.072,-0.0006831742921
子图5,系列13,9.078,-0.002510971057
子图5,系列13,9.084,-0.004750868061
子图5,系列13,9.09,-0.007155719972
子图5,系列13,9.096,-0.009435609001
子图5,系列13,9.102,-0.01129451022
子图5,系列13,9.108,-0.01247029936
子图5,系列13,9.114,-0.01277180033
子图5,系列13,9.12,-0.01210675613
子图5,系列13,9.126,-0.01049584691
子图5,系列13,9.132,-0.008070103377
子图5,系列13,9.138,-0.005051882527
子图5,系列13,9.144,-0.001721808623
子图5,系列13,9.15,0.001622624462
子图5,系列13,9.156,0.004710661497
子图5,系列13,9.162,0.007336322485
子图5,系列13,9.168,0.009384841779
子图5,系列13,9.174,0.01084300002
子图5,系列13,9.18,0.01179156746
子图5,系列13,9.186,0.01238208495
子图5,系列13,9.192,0.01280159276
子图5,系列13,9.198,0.01323291189
子图5,系列13,9.204,0.01381656847
子图5,系列13,9.21,0.01462186695
子图5,系列13,9.216,0.01563130527
子图5,系列13,9.222,0.01674051825
子图5,系列13,9.228,0.01777363545
子图5,系列13,9.234,0.0185100825
子图5,系列13,9.24,0.0187192058
子图5,系列13,9.246,0.01819597424
子图5,系列13,9.252,0.01679339177
子图5,系列13,9.258,0.01444630445
子图5,系列13,9.264,0.01118407356
子图5,系列13,9.27,0.007130710156
子图5,系列13,9.276,0.002492818386
子图5,系列13,9.282,-0.002461912109
子图5,系列13,9.288,-0.007433020603
子图5,系列13,9.294,-0.01211736435
子图5,系列13,9.3,-0.01623760084
子图5,系列13,9.306,-0.01956489774
子图5,系列13,9.312,-0.02193367494
子图5,系列13,9.318,-0.02324755631
子图5,系列13,9.324,-0.02347698821
子图5,系列13,9.33,-0.02265087536
子图5,系列13,9.336,-0.02084501053
子图5,系列13,9.342,-0.01817023353
子图5,系列13,9.348,-0.01476295145
子图5,系列13,9.354,-0.01077897822
子图5,系列13,9.36,-0.006390779276
子图5,系列13,9.366,-0.001786725261
子图5,系列13,9.372,0.002829868352
子图5,系列13,9.378,0.007243833779
子图5,系列13,9.384,0.01123543543
子图5,系列13,9.39,0.01459197038
子图5,系列13,9.396,0.01712361462
子图5,系列13,9.402,0.01868110832
子图5,系列13,9.408,0.0191732222
子图5,系列13,9.414,0.01858067577
子图5,系列13,9.42,0.01696397194
子图5,系列13,9.426,0.0144634674
子图5,系列13,9.432,0.0112901667
子图5,系列13,9.438,0.007708545886
子图5,系列13,9.444,0.004011754924
子图5,系列13,9.45,0.0004928090243
子图5,系列13,9.456,-0.002586016598
子图5,系列13,9.462,-0.00502139735
子图5,系列13,9.468,-0.006691546551
子图5,系列13,9.474,-0.007570100466
子图5,系列13,9.48,-0.007728465593
子图5,系列13,9.486,-0.007326209257
子图5,系列13,9.492,-0.006588567979
子图5,系列13,9.498,-0.005774422477
子图5,系列13,9.504,-0.005136899331
子图5,系列13,9.51,-0.004883042871
子图5,系列13,9.516,-0.0051376077
子图5,系列13,9.522,-0.005917326787
子图5,系列13,9.528,-0.007120887324
子图5,系列13,9.534,-0.008536761372
子图5,系列13,9.54,-0.009870120865
子图5,系列13,9.546,-0.01078463721
子图5,系列13,9.552,-0.0109543356
子图5,系列13,9.558,-0.01011677438
子图5,系列13,9.564,-0.008119342271
子图5,系列13,9.57,-0.004950614081
子图5,系列13,9.576,-0.0007510248334
子图5,系列13,9.582,0.004199175557
子图5,系列13,9.588,0.009513515559
子图5,系列13,9.594,0.01474887274
子图5,系列13,9.6,0.01946339929
子图5,系列13,9.606,0.02327329642
子图5,系列13,9.612,0.0258994061
子图5,系列13,9.618,0.02719663187
子图5,系列13,9.624,0.02716185326
子图5,系列13,9.63,0.02592035296
子图5,系列13,9.636,0.02369414543
子图5,系列13,9.642,0.02075856962
子图5,系列13,9.648,0.01739587903
子图5,系列13,9.654,0.01385354392
子图5,系列13,9.66,0.01031497194
子图5,系列13,9.666,0.006886214321
子图5,系列13,9.672,0.003599886367
子图5,系列13,9.678,0.0004336462702
子图5,系列13,9.684,-0.002662245103
子图5,系列13,9.69,-0.005734330012
子图5,系列13,9.696,-0.008799819019
子图5,系列13,9.702,-0.01182902783
子图5,系列13,9.708,-0.01474040338
子图5,系列13,9.714,-0.01740727891
子图5,系列13,9.72,-0.0196747308
子图5,系列13,9.726,-0.02138240108
子图5,系列13,9.732,-0.02238829323
子图5,系列13,9.738,-0.02259010526
子图5,系列13,9.744,-0.02193995199
子图5,系列13,9.75,-0.02045183895
子图5,系列13,9.756,-0.01820102409
子图5,系列13,9.762,-0.01531646488
子图5,系列13,9.768,-0.01196816237
子图5,系列13,9.774,-0.008350642218
子图5,系列13,9.78,-0.004665122647
子图5,系列13,9.786,-0.001101278829
子图5,系列13,9.792,0.002179357683
子图5,系列13,9.798,0.005057036783
子图5,系列13,9.804,0.007463271116
子图5,系列13,9.81,0.009384332735
子图5,系列13,9.816,0.01085870545
子图5,系列13,9.822,0.01196744484
子图5,系列13,9.828,0.01281895662
子图5,系列13,9.834,0.01352937942
子图5,系列13,9.84,0.01420146381
子图5,系列13,9.846,0.0149052388
子图5,系列13,9.852,0.01566348294
子图5,系列13,9.858,0.01644523743
子图5,系列13,9.864,0.01716871729
子图5,系列13,9.87,0.01771416689
子图5,系列13,9.876,0.01794503093
子图5,系列13,9.882,0.01773434374
子图5,系列13,9.888,0.01699196777
子图5,系列13,9.894,0.01568760427
子图5,系列13,9.9,0.01386493051
子图5,系列13,9.906,0.01164328946
子图5,系列13,9.912,0.009205574675
子图5,系列13,9.918,0.006773385652
子图5,系列13,9.924,0.004573185226
子图5,系列13,9.93,0.00279940113
子图5,系列13,9.936,0.001581147164
子图5,系列13,9.942,0.0009595902598
子图5,系列13,9.948,0.0008805052344
子图5,系列13,9.954,0.001204543301
子图5,系列13,9.96,0.001733627748
子图5,系列13,9.966,0.002248755712
子图5,系列13,9.972,0.002552237275
子图5,系列13,9.978,0.002505632045
子图5,系列13,9.984,0.002056234163
子图5,系列13,9.99,0.001246416997
子图5,系列13,9.996,0.0002040089329
子图5,系列13,10.002,-0.0008841613875
子图5,系列13,10.008,-0.001810654103
子图5,系列13,10.014,-0.002389519661
子图5,系列13,10.02,-0.002494212815
子图5,系列13,10.026,-0.002083577888
子图5,系列13,10.032,-0.001210857731
子图5,系列13,10.038,-1.427049305e-05
子图5,系列13,10.044,0.001309429204
子图5,系列13,10.05,0.002542787809
子图5,系列13,10.056,0.003490087945
子图5,系列13,10.062,0.00401585543
子图5,系列13,10.068,0.004072206574
子图5,系列13,10.074,0.003709451121
子图5,系列13,10.08,0.003067646798
子图5,系列13,10.086,0.002350305524
子图5,系列13,10.092,0.001784690727
子图5,系列13,10.098,0.001576147981
子图5,系列13,10.104,0.001864577969
子图5,系列13,10.11,0.002691783633
子图5,系列13,10.116,0.003985770767
子图5,系列13,10.122,0.005565716643
子图5,系列13,10.128,0.007167247038
子图5,系列13,10.134,0.008483724454
子图5,系列13,10.14,0.00921674644
子图5,系列13,10.146,0.009126418547
子图5,系列13,10.152,0.008072943014
子图5,系列13,10.158,0.006041712502
子图5,系列13,10.164,0.003148039131
子图5,系列13,10.17,-0.0003791137476
子图5,系列13,10.176,-0.004230939118
子图5,系列13,10.182,-0.00806346608
子图5,系列13,10.188,-0.01154530848
子图5,系列13,10.194,-0.0143997737
子图5,系列13,10.2,-0.01643515957
子图5,系列13,10.206,-0.01755880794
子图5,系列13,10.212,-0.01777442355
子图5,系列13,10.218,-0.01716495777
子图5,系列13,10.224,-0.01586575098
子图5,系列13,10.23,-0.01403417596
子图5,系列13,10.236,-0.01182173228
子图5,系列13,10.242,-0.009353705129
子图5,系列13,10.248,-0.006719355955
子图5,系列13,10.254,-0.003973345708
子图5,系列13,10.26,-0.001146778436
子图5,系列13,10.266,0.001735647648
子图5,系列13,10.272,0.004636681222
子图5,系列13,10.278,0.007490647069
子图5,系列13,10.284,0.01019420522
子图5,系列13,10.29,0.01260644808
子图5,系列13,10.296,0.01455883981
子图5,系列13,10.302,0.01587352696
子图5,系列13,10.308,0.01638746933
子图5,系列13,10.314,0.01597788729
子图5,系列13,10.32,0.01458515563
子图5,系列13,10.326,0.01222890136
子图5,系列13,10.332,0.009014550563
子图5,系列13,10.338,0.005129071998
子图5,系列13,10.344,0.0008260376805
子图5,系列13,10.35,-0.003597836591
子图5,系列13,10.356,-0.007831791125
子图5,系列13,10.362,-0.01158182067
子图5,系列13,10.368,-0.01459935612
子图5,系列13,10.374,-0.01670446684
子图5,系列13,10.38,-0.01780083481
子图5,系列13,10.386,-0.01788143764
子图5,系列13,10.392,-0.01702422342
子图5,系列13,10.398,-0.01537930412
子图5,系列13,10.404,-0.0131489499
子图5,系列13,10.41,-0.01056338258
子图5,系列13,10.416,-0.00785505239
子图5,系列13,10.422,-0.005234198381
子图5,系列13,10.428,-0.002868727768
子图5,系列13,10.434,-0.0008698197468
子图5,系列13,10.44,0.0007145966168
子图5,系列13,10.446,0.001898865582
子图5,系列13,10.452,0.002750659981
子图5,系列13,10.458,0.003375938582
子图5,系列13,10.464,0.003899092659
子图5,系列13,10.47,0.004440915022
子图5,系列13,10.476,0.005096986822
子图5,系列13,10.482,0.005919157319
子图5,系列13,10.488,0.006903064451
子图5,系列13,10.494,0.007983751449
子图5,系列13,10.5,0.009041197845
子图5,系列13,10.506,0.00991590754
子图5,系列13,10.512,0.01043377685
子图5,系列13,10.518,0.01043692599
子图5,系列13,10.524,0.009816658503
子图5,系列13,10.53,0.00854227644
子图5,系列13,10.536,0.006680456707
子图5,系列13,10.542,0.004399874353
子图5,系列13,10.548,0.001958147354
子图5,系列13,10.554,-0.0003284212178
子图5,系列13,10.56,-0.002129152463
子图5,系列13,10.566,-0.00315006519
子图5,系列13,10.572,-0.003182955889
子图5,系列13,10.578,-0.002143232427
子图5,系列13,10.584,-8.817466141e-05
子图5,系列13,10.59,0.002788306279
子图5,系列13,10.596,0.006185048578
子图5,系列13,10.602,0.009742135186
子图5,系列13,10.608,0.01309986394
子图5,系列13,10.614,0.01595746991
子图5,系列13,10.62,0.01812000866
子图5,系列13,10.626,0.01952483765
子图5,系列13,10.632,0.02024218351
子图5,系列13,10.638,0.02045000722
子图5,系列13,10.644,0.02038796746
子图5,系列13,10.65,0.02029973789
子图5,系列13,10.656,0.02037517099
子图5,系列13,10.662,0.02070404361
子图5,系列13,10.668,0.02125102815
子图5,系列13,10.674,0.02185736507
子图5,系列13,10.68,0.0222697086
子图5,系列13,10.686,0.02219085499
子图5,系列13,10.692,0.0213428612
子图5,系列13,10.698,0.01952995409
子图5,系列13,10.704,0.01668840446
子图5,系列13,10.71,0.01291300016
子图5,系列13,10.716,0.008453492832
子图5,系列13,10.722,0.003681408104
子图5,系列13,10.728,-0.0009678129477
子图5,系列13,10.734,-0.005065880667
子图5,系列13,10.74,-0.00826262619
子图5,系列13,10.746,-0.01034300071
子图5,系列13,10.752,-0.01125853989
子图5,系列13,10.758,-0.01112780684
子图5,系列13,10.764,-0.01020531626
子图5,系列13,10.77,-0.008826046335
子图5,系列13,10.776,-0.007336870293
子图5,系列13,10.782,-0.006028963719
子图5,系列13,10.788,-0.005085300071
子图5,系列13,10.794,-0.004553402111
子图5,系列13,10.8,-0.004348593358
子图5,系列13,10.806,-0.004286430598
子图5,系列13,10.812,-0.004136223163
子图5,系列13,10.818,-0.003684239164
子图5,系列13,10.824,-0.002791647772
子图5,系列13,10.83,-0.001435081502
子图5,系列13,10.836,0.0002798910061
子图5,系列13,10.842,0.002135267914
子图5,系列13,10.848,0.003843726709
子图5,系列13,10.854,0.005109587544
子图5,系列13,10.86,0.005694037953
子图5,系列13,10.866,0.005471354202
子图5,系列13,10.872,0.00446338132
子图5,系列13,10.878,0.002845310642
子图5,系列13,10.884,0.0009208399225
子图5,系列13,10.89,-0.0009284294565
子图5,系列13,10.896,-0.002309483943
子图5,系列13,10.902,-0.002887859255
子图5,系列13,10.908,-0.00244748079
子图5,系列13,10.914,-0.0009303734853
子图5,系列13,10.92,0.001550901619
子图5,系列13,10.926,0.004728645024
子图5,系列13,10.932,0.00821959315
子图5,系列13,10.938,0.0115808153
子图5,系列13,10.944,0.01437160052
子图5,系列13,10.95,0.01621189833
子图5,系列13,10.956,0.01682848416
子图5,系列13,10.962,0.01608407111
子图5,系列13,10.968,0.01398716446
子图5,系列13,10.974,0.01068384923
子图5,系列13,10.98,0.006434784905
子图5,系列13,10.986,0.0015818574
子图5,系列13,10.992,-0.003491197381
子图5,系列13,10.998,-0.008399418858
子图5,系列13,11.004,-0.01279570982
子图5,系列13,11.01,-0.01640433884
子图5,系列13,11.016,-0.01904683053
子图5,系列13,11.022,-0.02065723166
子图5,系列13,11.028,-0.02128455084
子图5,系列13,11.034,-0.02108176198
子图5,系列13,11.04,-0.02028076068
子图5,系列13,11.046,-0.01915691232
子图5,系列13,11.052,-0.01798687642
子图5,系列13,11.058,-0.01700700828
子图5,系列13,11.064,-0.01637937252
子图5,系列13,11.07,-0.01617181971
子图5,系列13,11.076,-0.016356727
子图5,系列13,11.082,-0.01682845881
子图5,系列13,11.088,-0.01743640124
子图5,系列13,11.094,-0.01802594473
子图5,系列13,11.1,-0.01847822225
子图5,系列13,11.106,-0.01873883113
子图5,系列13,11.112,-0.01882860787
子图5,系列13,11.118,-0.01883319797
子图5,系列13,11.124,-0.01887375019
子图5,系列13,11.13,-0.01906576368
子图5,系列13,11.136,-0.01947614169
子图5,系列13,11.142,-0.02008997952
子图5,系列13,11.148,-0.02079580155
子图5,系列13,11.154,-0.02139457812
子图5,系列13,11.16,-0.02163163045
子图5,系列13,11.166,-0.02124514036
子图5,系列13,11.172,-0.02002104426
子图5,系列13,11.178,-0.01784183424
子图5,系列13,11.184,-0.0147184642
子图5,系列13,11.19,-0.01079810556
子图5,系列13,11.196,-0.006345651756
子图5,系列13,11.202,-0.001703494405
子图5,系列13,11.208,0.002762382458
子图5,系列13,11.214,0.006718166026
子图5,系列13,11.22,0.009908989143
子图5,系列13,11.226,0.01218832517
子图5,系列13,11.232,0.01352550255
子图5,系列13,11.238,0.01399284906
子图5,系列13,11.244,0.01373718085
子图5,系列13,11.25,0.01294382759
子图5,系列13,11.256,0.01180184026
子图5,系列13,11.262,0.01047678498
子图5,系列13,11.268,0.009095866849
子图5,系列13,11.274,0.007744946924
子图5,系列13,11.28,0.006475365941
子图5,系列13,11.286,0.005315525136
子图5,系列13,11.292,0.00428231845
子图5,系列13,11.298,0.003388684397
子图5,系列13,11.304,0.002645386914
子图5,系列13,11.31,0.002058119191
子图5,系列13,11.316,0.001622245401
子图5,系列13,11.322,0.001319239748
子图5,系列13,11.328,0.001117219261
子图5,系列13,11.334,0.0009776850764
子图5,系列13,11.34,0.0008669005885
子图5,系列13,11.346,0.0007694684274
子图5,系列13,11.352,0.0006994340615
子图5,系列13,11.358,0.0007046998984
子图5,系列13,11.364,0.0008618992755
子图5,系列13,11.37,0.001261110812
子图5,系列13,11.376,0.001983126385
子图5,系列13,11.382,0.00307414724
子图5,系列13,11.388,0.004524419594
子图5,系列13,11.394,0.006256841607
子图5,系列13,11.4,0.008129657533
子图5,系列13,11.406,0.00995398267
子图5,系列13,11.412,0.01152330483
子图5,系列13,11.418,0.0126488366
子图5,系列13,11.424,0.01319296079
子图5,系列13,11.43,0.01309321827
子图5,系列13,11.436,0.01237130981
子图5,系列13,11.442,0.01112535112
子图5,系列13,11.448,0.00950734225
子图5,系列13,11.454,0.007691607443
子图5,系列13,11.46,0.005841722323
子图5,系列13,11.466,0.004083702664
子图5,系列13,11.472,0.002491211046
子图5,系列13,11.478,0.001085361277
子图5,系列13,11.484,-0.0001523839644
子图5,系列13,11.49,-0.001258714923
子图5,系列13,11.496,-0.002265462214
子图5,系列13,11.502,-0.003181597907
子图5,系列13,11.508,-0.003985759733
子图5,系列13,11.514,-0.004631163038
子图5,系列13,11.52,-0.00506120172
子图5,系列13,11.526,-0.005231377989
子图5,系列13,11.532,-0.005130061968
子图5,系列13,11.538,-0.004792528604
子图5,系列13,11.544,-0.004302110538
子图5,系列13,11.55,-0.003777984071
子图5,系列13,11.556,-0.003350734098
子图5,系列13,11.562,-0.003131343502
子图5,系列13,11.568,-0.003181031754
子图5,系列13,11.574,-0.003488684167
子图5,系列13,11.58,-0.003962591799
子图5,系列13,11.586,-0.004438276918
子图5,系列13,11.592,-0.004702396205
子图5,系列13,11.598,-0.004527981865
子图5,系列13,11.604,-0.003714729703
子图5,系列13,11.61,-0.002126923752
子图5,系列13,11.616,0.0002779685769
子图5,系列13,11.622,0.003434682719
子图5,系列13,11.628,0.007172001525
子图5,系列13,11.634,0.01123028307
子图5,系列13,11.64,0.01529171779
子图5,系列13,11.646,0.0190184491
子图5,系列13,11.652,0.02209291475
子图5,系列13,11.658,0.02425486063
子图5,系列13,11.664,0.02533030173
子图5,系列13,11.67,0.02524905118
子图5,系列13,11.676,0.02404924033
子图5,系列13,11.682,0.02186867769
子图5,系列13,11.688,0.01892486115
子图5,系列13,11.694,0.01548626379
子图5,系列13,11.7,0.01183892547
子图5,系列13,11.706,0.008252487941
子图5,系列13,11.712,0.004950194666
子图5,系列13,11.718,0.00208681359
子图5,系列13,11.724,-0.0002624947932
子图5,系列13,11.73,-0.002100539745
子图5,系列13,11.736,-0.003494184203
子图5,系列13,11.742,-0.004550020554
子图5,系列13,11.748,-0.005384199241
子图5,系列13,11.754,-0.006091757304
子图5,系列13,11.76,-0.006721607747
子图5,系列13,11.766,-0.007262862275
子图5,系列13,11.772,-0.007645780276
子图5,系列13,11.778,-0.007758509941
子图5,系列13,11.784,-0.007476915229
子图5,系列13,11.79,-0.006701835414
子图5,系列13,11.796,-0.005396145808
子图5,系列13,11.802,-0.00361270411
子图5,系列13,11.808,-0.001506081884
子图5,系列13,11.814,0.0006767074494
子图5,系列13,11.82,0.002626684824
子图5,系列13,11.826,0.00402046673
子图5,系列13,11.832,0.004576422998
子图5,系列13,11.838,0.004108961568
子图5,系列13,11.844,0.002569344894
子图5,系列13,11.85,6.438944038e-05
子图5,系列13,11.856,-0.003152296233
子图5,系列13,11.862,-0.006716326948
子图5,系列13,11.868,-0.01020967989
子图5,系列13,11.874,-0.01322967906
子图5,系列13,11.88,-0.0154562742
子图5,系列13,11.886,-0.01670588215
子图5,系列13,11.892,-0.01696118372
子图5,系列13,11.898,-0.01637118041
子图5,系列13,11.904,-0.01522194314
子图5,系列13,11.91,-0.01388277945
子图5,系列13,11.916,-0.01273871114
子图5,系列13,11.922,-0.01212141542
子图5,系列13,11.928,-0.01225157987
子图5,系列13,11.934,-0.01320351803
子图5,系列13,11.94,-0.01489755992
子图5,系列13,11.946,-0.0171215312
子图5,系列13,11.952,-0.01957583308
子图5,系列13,11.958,-0.02193294419
子图5,系列13,11.964,-0.02389937203
子图5,系列13,11.97,-0.02526784917
子图5,系列13,11.976,-0.02595021714
子图5,系列13,11.982,-0.02598523214
子图5,系列13,11.988,-0.02552089109
子图5,系列13,11.994,-0.02477547029
子图5,系列13,12,-0.02398581103
子图5,系列13,12.006,-0.02335278886
子图5,系列13,12.012,-0.02299484013
子图5,系列13,12.018,-0.02291787579
子图5,系列13,12.024,-0.02300713927
子图5,系列13,12.03,-0.02304271222
子图5,系列13,12.036,-0.02273542409
子图5,系列13,12.042,-0.02177800169
子图5,系列13,12.048,-0.01990178795
子图5,系列13,12.054,-0.01693061912
子图5,系列13,12.06,-0.01282220477
子图5,系列13,12.066,-0.007690241994
子图5,系列13,12.072,-0.001803918495
子图5,系列13,12.078,0.004436509748
子图5,系列13,12.084,0.01054333888
子图5,系列13,12.09,0.01599910164
子图5,系列13,12.096,0.02031921318
子图5,系列13,12.102,0.02311087257
子图5,系列13,12.108,0.02412047118
子图5,系列13,12.114,0.02326269985
子图5,系列13,12.12,0.02062855206
子图5,系列13,12.126,0.01647154375
子图5,系列13,12.132,0.01117458691
子图5,系列13,12.138,0.005202960306
子图5,系列13,12.144,-0.0009506168484
子图5,系列13,12.15,-0.006820803237
子图5,系列13,12.156,-0.01201751724
子图5,系列13,12.162,-0.0162605851
子图5,系列13,12.168,-0.01939702412
子图5,系列13,12.174,-0.02139946499
子图5,系列13,12.18,-0.02234682384
子图5,系列13,12.186,-0.02239161835
子图5,系列13,12.192,-0.02171955913
子图5,系列13,12.198,-0.02050957686
子图5,系列13,12.204,-0.01890053782
子图5,系列13,12.21,-0.01697132086
子图5,系列13,12.216,-0.01473671273
子图5,系列13,12.222,-0.01215954706
子图5,系列13,12.228,-0.009175947927
子图5,系列13,12.234,-0.005727770375
子图5,系列13,12.24,-0.001795881296
子图5,系列13,12.246,0.002573377158
子图5,系列13,12.252,0.007253194875
子图5,系列13,12.258,0.01203676428
子图5,系列13,12.264,0.01665275947
子图5,系列13,12.27,0.02079378524
子图5,系列13,12.276,0.02415292112
子图5,系列13,12.282,0.02646231417
子图5,系列13,12.288,0.02752805102
子图5,系列13,12.294,0.02725579465
子图5,系列13,12.3,0.02566390996
子图5,系列13,12.306,0.02288257523
子图5,系列13,12.312,0.01913950069
子图5,系列13,12.318,0.01473499029
子图5,系列13,12.324,0.01001003168
子图5,系列13,12.33,0.005311960767
子图5,系列13,12.336,0.0009621695193
子图5,系列13,12.342,-0.002770837835
子图5,系列13,12.348,-0.005690078079
子图5,系列13,12.354,-0.00768018713
子图5,系列13,12.36,-0.008708488885
子图5,系列13,12.366,-0.008819479221
子图5,系列13,12.372,-0.008123971209
子图5,系列13,12.378,-0.006785648046
子图5,系列13,12.384,-0.005006476393
子图5,系列13,12.39,-0.003011694034
子图5,系列13,12.396,-0.001035173665
子图5,系列13,12.402,0.0006961786055
子图5,系列13,12.408,0.001978237796
子图5,系列13,12.414,0.002646748488
子图5,系列13,12.42,0.002593758955
子图5,系列13,12.426,0.001782113432
子图5,系列13,12.432,0.0002549367117
子图5,系列13,12.438,-0.001862722768
子图5,系列13,12.444,-0.004372088798
子图5,系列13,12.45,-0.007019756169
子图5,系列13,12.456,-0.009525986392
子图5,系列13,12.462,-0.01161901145
子图5,系列13,12.468,-0.01306997203
子图5,系列13,12.474,-0.0137226001
子图5,系列13,12.48,-0.01351222953
子图5,系列13,12.486,-0.01247051545
子图5,系列13,12.492,-0.01071481031
子图5,系列13,12.498,-0.008424598284
子图5,系列13,12.504,-0.005809449473
子图5,系列13,12.51,-0.003075312948
子图5,系列13,12.516,-0.0003956274603
子图5,系列13,12.522,0.002107389742
子图5,系列13,12.528,0.004368085254
子图5,系列13,12.534,0.00637009612
子图5,系列13,12.54,0.008128994279
子图5,系列13,12.546,0.009670709204
子图5,系列13,12.552,0.01101143715
子图5,系列13,12.558,0.01214429723
子图5,系列13,12.564,0.01303650756
子图5,系列13,12.57,0.01363686073
子图5,系列13,12.576,0.01389223481
子图5,系列13,12.582,0.01376800009
子图5,系列13,12.588,0.01326752063
子图5,系列13,12.594,0.01244565618
子图5,系列13,12.6,0.01141240238
子图5,系列13,12.606,0.01032588353
子图5,系列13,12.612,0.009374883838
子图5,系列13,12.618,0.008754538252
子图5,系列13,12.624,0.008638537845
子图5,系列13,12.63,0.009152683899
子图5,系列13,12.636,0.01035326606
子图5,系列13,12.642,0.01221306962
子图5,系列13,12.648,0.01461685267
子图5,系列13,12.654,0.01736617333
子图5,系列13,12.66,0.02019394476
子图5,系列13,12.666,0.02278682235
子图5,系列13,12.672,0.02481446417
子图5,系列13,12.678,0.02596306579
子图5,系列13,12.684,0.02597020887
子图5,系列13,12.69,0.0246576555
子图5,系列13,12.696,0.02195745428
子图5,系列13,12.702,0.01792743339
子图5,系列13,12.708,0.01275254829
子图5,系列13,12.714,0.006729860194
子图5,系列13,12.72,0.0002382410073
子图5,系列13,12.726,-0.006304576372
子图5,系列13,12.732,-0.0124913366
子图5,系列13,12.738,-0.01797340267
子图5,系列13,12.744,-0.02250037715
子图5,系列13,12.75,-0.0259435325
子图5,系列13,12.756,-0.02830050777
子图5,系列13,12.762,-0.02967987599
子图5,系列13,12.768,-0.03027009256
子图5,系列13,12.774,-0.03029930151
子图5,系列13,12.78,-0.02999382308
子图5,系列13,12.786,-0.02954427593
子图5,系列13,12.792,-0.02908383905
子图5,系列13,12.798,-0.02868255219
子图5,系列13,12.804,-0.02835526227
子图5,系列13,12.81,-0.02807969771
子图5,系列13,12.816,-0.02781799201
子图5,系列13,12.822,-0.02753539107
子图5,系列13,12.828,-0.02721143639
子图5,系列13,12.834,-0.02684091742
子图5,系列13,12.84,-0.02642604057
子图5,系列13,12.846,-0.02596242681
子图5,系列13,12.852,-0.02542495705
子图5,系列13,12.858,-0.02475788224
子图5,系列13,12.864,-0.02387404367
子图5,系列13,12.87,-0.02266460353
子图5,系列13,12.876,-0.02101853183
子图5,系列13,12.882,-0.01884816023
子图5,系列13,12.888,-0.0161153978
子图5,系列13,12.894,-0.01285198933
子图5,系列13,12.9,-0.009168799225
子图5,系列13,12.906,-0.005249718425
子图5,系列13,12.912,-0.001330000445
子图5,系列13,12.918,0.002338596665
子图5,系列13,12.924,0.00553073542
子图5,系列13,12.93,0.008089549971
子图5,系列13,12.936,0.009960869765
子图5,系列13,12.942,0.01121017444
子图5,系列13,12.948,0.01201876797
子图5,系列13,12.954,0.01265698443
子图5,系列13,12.96,0.01343799663
子图5,系列13,12.966,0.01466015132
子图5,系列13,12.972,0.01654727695
子图5,系列13,12.978,0.01919960467
子图5,系列13,12.984,0.02256420562
子图5,系列13,12.99,0.0264323152
子图5,系列13,12.996,0.03046461662
子图5,系列13,13.002,0.03424043255
子图5,系列13,13.008,0.03732235041
子图5,系列13,13.014,0.03932403744
子图5,系列13,13.02,0.03996943836
子图5,系列13,13.026,0.03913269749
子图5,系列13,13.032,0.03685275648
子图5,系列13,13.038,0.03332138151
子图5,系列13,13.044,0.02884829601
子图5,系列13,13.05,0.02381124165
子图5,系列13,13.056,0.0186003846
子图5,系列13,13.062,0.01356684101
子图5,系列13,13.068,0.008983184777
子图5,系列13,13.074,0.005020522944
子图5,系列13,13.08,0.001744126205
子图5,系列13,13.086,-0.0008748592309
子图5,系列13,13.092,-0.002934992412
子图5,系列13,13.098,-0.004573554292
子图5,系列13,13.104,-0.005934696611
子图5,系列13,13.11,-0.007141630091
子图5,系列13,13.116,-0.008277724462
子图5,系列13,13.122,-0.009377493277
子图5,系列13,13.128,-0.01042909958
子图5,系列13,13.134,-0.01138592279
子图5,系列13,13.14,-0.01218473323
子图5,系列13,13.146,-0.01276678724
子图5,系列13,13.152,-0.01309700014
子图5,系列13,13.158,-0.01317843712
子图5,系列13,13.164,-0.01305828721
子图5,系列13,13.17,-0.01282471622
子图5,系列13,13.176,-0.0125943714
子图5,系列13,13.182,-0.01249220875
子图5,系列13,13.188,-0.01262721116
子图5,系列13,13.194,-0.01306721708
子图5,系列13,13.2,-0.01381815032
子图5,系列13,13.206,-0.01481101715
子图5,系列13,13.212,-0.01590049263
子图5,系列13,13.218,-0.01687651648
子图5,系列13,13.224,-0.01748853819
子图5,系列13,13.23,-0.01748005566
子图5,系列13,13.236,-0.01662839621
子图5,系列13,13.242,-0.01478405925
子图5,系列13,13.248,-0.01190261155
子图5,系列13,13.254,-0.008063586278
子图5,系列13,13.26,-0.003472139063
子图5,系列13,13.266,0.00155775364
子图5,系列13,13.272,0.006636976214
子图5,系列13,13.278,0.01134720385
子图5,系列13,13.284,0.01529287666
子图5,系列13,13.29,0.01815128495
子图5,系列13,13.296,0.01971407439
子图5,系列13,13.302,0.0199137692
子图5,系列13,13.308,0.01883187482
子图5,系列13,13.314,0.01668755423
子图5,系列13,13.32,0.01380812998
子图5,系列13,13.326,0.01058638743
子图5,系列13,13.332,0.007429809336
子图5,系列13,13.338,0.004709853971
子图5,系列13,13.344,0.002717655512
子图5,系列13,13.35,0.001632782335
子图5,系列13,13.356,0.001508868731
子图5,系列13,13.362,0.002277472662
子图5,系列13,13.368,0.003768642152
子图5,系列13,13.374,0.00574364293
子图5,系列13,13.38,0.007934090362
子图5,系列13,13.386,0.01008025213
子图5,系列13,13.392,0.01196313536
子图5,系列13,13.398,0.01342537041
子图5,系列13,13.404,0.01437990229
子图5,系列13,13.41,0.01480658368
子图5,系列13,13.416,0.01474008807
子图5,系列13,13.422,0.01425277477
子图5,系列13,13.428,0.01343691743
子图5,系列13,13.434,0.01238941511
子图5,系列13,13.44,0.01120085613
子图5,系列13,13.446,0.009949284245
子图5,系列13,13.452,0.00869718829
子图5,系列13,13.458,0.007490722872
子图5,系列13,13.464,0.006358494777
子图5,系列13,13.47,0.005310274627
子图5,系列13,13.476,0.004334461059
子图5,系列13,13.482,0.003396509388
子图5,系列13,13.488,0.00243914971
子图5,系列13,13.494,0.001386233733
子图5,系列13,13.5,0.0001512917975
子图5,系列13,13.506,-0.001350109946
子图5,系列13,13.512,-0.003184608876
子图5,系列13,13.518,-0.005385456883
子图5,系列13,13.524,-0.00793892072
子图5,系列13,13.53,-0.01077632044
子图5,系列13,13.536,-0.01377331904
子图5,系列13,13.542,-0.01675739507
子图5,系列13,13.548,-0.01952321812
子图5,系列13,13.554,-0.0218535248
子图5,系列13,13.56,-0.0235430483
子图5,系列13,13.566,-0.02442170699
子图5,系列13,13.572,-0.02437399336
子图5,系列13,13.578,-0.02335210885
子图5,系列13,13.584,-0.02138135202
子图5,系列13,13.59,-0.0185578327
子图5,系列13,13.596,-0.0150394279
子图5,系列13,13.602,-0.01103144834
子图5,系列13,13.608,-0.006769267084
子图5,系列13,13.614,-0.002498966955
子图5,系列13,13.62,0.001541881412
子图5,系列13,13.626,0.00514296004
子图5,系列13,13.632,0.008137882175
子图5,系列13,13.638,0.01041794216
子图5,系列13,13.644,0.01194170207
子图5,系列13,13.65,0.01273836335
子图5,系列13,13.656,0.01290461686
子图5,系列13,13.662,0.01259300027
子图5,系列13,13.668,0.01199350238
子图5,系列13,13.674,0.01130872888
子图5,系列13,13.68,0.01072637639
子图5,系列13,13.686,0.01039242521
子图5,系列13,13.692,0.01038889143
子图5,系列13,13.698,0.01072074302
子图5,系列13,13.704,0.01131343074
子图5,系列13,13.71,0.01202330864
子图5,系列13,13.716,0.01265878843
子图5,系列13,13.722,0.0130098177
子图5,系列13,13.728,0.01288087486
子图5,系列13,13.734,0.01212158348
子图5,系列13,13.74,0.01065032519
子图5,系列13,13.746,0.008465956452
子图5,系列13,13.752,0.005646363518
子图5,系列13,13.758,0.002334185667
子图5,系列13,13.764,-0.001287091911
子图5,系列13,13.77,-0.005021289843
子图5,系列13,13.776,-0.008686610685
子图5,系列13,13.782,-0.01213601275
子图5,系列13,13.788,-0.01526771508
子图5,系列13,13.794,-0.01802496406
子图5,系列13,13.8,-0.02038640363
子图5,系列13,13.806,-0.0223513869
子图5,系列13,13.812,-0.02392413659
子图5,系列13,13.818,-0.02510196893
子图5,系列13,13.824,-0.02586989182
子图5,系列13,13.83,-0.02620279283
子图5,系列13,13.836,-0.02607403433
子图5,系列13,13.842,-0.02546670593
子图5,系列13,13.848,-0.02438495005
子图5,系列13,13.854,-0.02286017767
子图5,系列13,13.86,-0.02095149917
子图5,系列13,13.866,-0.01873825113
子图5,系列13,13.872,-0.01630686004
子图5,系列13,13.878,-0.01373449911
子图5,系列13,13.884,-0.01107289271
子图5,系列13,13.89,-0.008337138529
子图5,系列13,13.896,-0.005501278173
子图5,系列13,13.902,-0.002504313201
子图5,系列13,13.908,0.0007349877008
子图5,系列13,13.914,0.004294654266
子图5,系列13,13.92,0.008222071547
子图5,系列13,13.926,0.01250698017
子图5,系列13,13.932,0.01705981598
子图5,系列13,13.938,0.02170142405
子图5,系列13,13.944,0.02616599448
子图5,系列13,13.95,0.03012003794
子图5,系列13,13.956,0.03319455909
子图5,系列13,13.962,0.03502720177
子图5,系列13,13.968,0.03530811964
子图5,系列13,13.974,0.03382272204
子图5,系列13,13.98,0.03048527706
子图5,系列13,13.986,0.02535841748
子图5,系列13,13.992,0.01865636789
子图5,系列13,13.998,0.01073202632
子图5,系列13,14.004,0.002050263624
子图5,系列13,14.01,-0.006848955841
子图5,系列13,14.016,-0.01539324764
子图5,系列13,14.022,-0.02302298649
子图5,系列13,14.028,-0.02923513646
子图5,系列13,14.034,-0.03362438683
子图5,系列13,14.04,-0.03591815433
子图5,系列13,14.046,-0.03600435567
子图5,系列13,14.052,-0.03394790753
子图5,系列13,14.058,-0.02999344444
子图5,系列13,14.064,-0.02455127737
子图5,系列13,14.07,-0.01816464165
子图5,系列13,14.076,-0.01146030174
子图5,系列13,14.082,-0.00508521699
子图5,系列13,14.088,0.0003620837293
子图5,系列13,14.094,0.004397510577
子图5,系列13,14.1,0.006703867974
子图5,系列13,14.106,0.00716222354
子图5,系列13,14.112,0.005856641366
子图5,系列13,14.118,0.003051946769
子图5,系列13,14.124,-0.0008510284739
子图5,系列13,14.13,-0.005375033949
子图5,系列13,14.136,-0.01002938925
子图5,系列13,14.142,-0.01436709475
子图5,系列13,14.148,-0.01802635613
子图5,系列13,14.154,-0.02075329561
子图5,系列13,14.16,-0.02240476803
子图5,系列13,14.166,-0.02293599385
子图5,系列13,14.172,-0.02237943303
子图5,系列13,14.178,-0.02082222602
子图5,系列13,14.184,-0.01838862622
子图5,系列13,14.19,-0.01523004186
子图5,系列13,14.196,-0.01152315351
子图5,系列13,14.202,-0.007471748212
子图5,系列13,14.208,-0.00330812775
子图5,系列13,14.214,0.0007124205742
子图5,系列13,14.22,0.004326241094
子图5,系列13,14.226,0.007286794176
子图5,系列13,14.232,0.009396559553
子图5,系列13,14.238,0.01054031571
子图5,系列13,14.244,0.01071132697
子图5,系列13,14.25,0.01002313662
子图5,系列13,14.256,0.008702294981
子图5,系列13,14.262,0.007059356142
子图5,系列13,14.268,0.005442878994
子图5,系列13,14.274,0.004181546818
子图5,系列13,14.28,0.003526304958
子图5,系列13,14.286,0.003601910707
子图5,系列13,14.292,0.004378581297
子图5,系列13,14.298,0.005669799769
子图5,系列13,14.304,0.007158113624
子图5,系列13,14.31,0.008446098199
子图5,系列13,14.316,0.009124041572
子图5,系列13,14.322,0.008843715744
子图5,系列13,14.328,0.007384885485
子图5,系列13,14.334,0.004703092635
子图5,系列13,14.34,0.0009491777949
子图5,系列13,14.346,-0.003543645485
子图5,系列13,14.352,-0.008304236487
子图5,系列13,14.358,-0.0127926623
子图5,系列13,14.364,-0.01648274969
子图5,系列13,14.37,-0.01894398602
子图5,系列13,14.376,-0.0199087653
子图5,系列13,14.382,-0.0193130172
子图5,系列13,14.388,-0.01730354007
子图5,系列13,14.394,-0.01421047787
子图5,系列13,14.4,-0.01049029024
子图5,系列13,14.406,-0.006649161485
子图5,系列13,14.412,-0.003159984786
子图5,系列13,14.418,-0.0003876113601
子图5,系列13,14.424,0.001465964882
子图5,系列13,14.43,0.002386697746
子图5,系列13,14.436,0.0025410685
子图5,系列13,14.442,0.002237308252
子图5,系列13,14.448,0.001862854564
子图5,系列13,14.454,0.001809091577
子图5,系列13,14.46,0.00239646736
子图5,系列13,14.466,0.003813658327
子图5,系列13,14.472,0.006080748808
子图5,系列13,14.478,0.00904347115
子图5,系列13,14.484,0.01239831908
子图5,系列13,14.49,0.01574404882
子图5,系列13,14.496,0.01864908622
子图5,系列13,14.502,0.02072272561
子图5,系列13,14.508,0.02167685781
子图5,系列13,14.514,0.02136840851
子图5,系列13,14.52,0.01981607543
子图5,系列13,14.526,0.01719092172
子图5,系列13,14.532,0.0137850696
子图5,系列13,14.538,0.009965761919
子图5,系列13,14.544,0.006124735712
子图5,系列13,14.55,0.002630521731
子图5,系列13,14.556,-0.0002090852418
子图5,系列13,14.562,-0.002171780775
子图5,系列13,14.568,-0.003132081894
子图5,系列13,14.574,-0.003061178746
子图5,系列13,14.58,-0.002018361994
子图5,系列13,14.586,-0.000136972579
子图5,系列13,14.592,0.002393190014
子图5,系列13,14.598,0.00534522389
子图5,系列13,14.604,0.008476475671
子图5,系列13,14.61,0.01155065895
子图5,系列13,14.616,0.01436035934
子图5,系列13,14.622,0.01674760043
子图5,系列13,14.628,0.01861967284
子图5,系列13,14.634,0.01995697383
子图5,系列13,14.64,0.02080986141
子图5,系列13,14.646,0.02128338885
子图5,系列13,14.652,0.02151066473
子图5,系列13,14.658,0.02161884493
子图5,系列13,14.664,0.02169325287
子图5,系列13,14.67,0.02174764122
子图5,系列13,14.676,0.02170684472
子图5,系列13,14.682,0.02140844613
子图5,系列13,14.688,0.02062435168
子图5,系列13,14.694,0.01910205395
子图5,系列13,14.7,0.01661865524
子图5,系列13,14.706,0.01303945275
子图5,系列13,14.712,0.008370204897
子图5,系列13,14.718,0.002791669499
子图5,系列13,14.724,-0.003331256489
子图5,系列13,14.73,-0.00947210265
子图5,系列13,14.736,-0.01499594405
子图5,系列13,14.742,-0.01923826363
子图5,系列13,14.748,-0.021598574
子图5,系列13,14.754,-0.02163458286
子图5,系列13,14.76,-0.01914111086
子图5,系列13,14.766,-0.01419952118
子图5,系列13,14.772,-0.007186873757
子图5,系列13,14.778,0.001258754642
子图5,系列13,14.784,0.01031394962
子图5,系列13,14.79,0.01907558127
子图5,系列13,14.796,0.02668016986
子图5,系列13,14.802,0.03241782218
子图5,系列13,14.808,0.0358219563
子图5,系列13,14.814,0.03672057765
子图5,系列13,14.82,0.03524108207
子图5,系列13,14.826,0.03176978697
子图5,系列13,14.832,0.0268739153
子图5,系列13,14.838,0.02120232384
子图5,系列13,14.844,0.01538146789
子图5,系列13,14.85,0.009926032669
子图5,系列13,14.856,0.005176759384
子图5,系列13,14.862,0.001273865633
子图5,系列13,14.868,-0.001833547338
子图5,系列13,14.874,-0.00434904644
子图5,系列13,14.88,-0.006570355089
子图5,系列13,14.886,-0.008825047032
子图5,系列13,14.892,-0.01140867147
子图5,系列13,14.898,-0.01453574838
子图5,系列13,14.904,-0.01830470915
子图5,系列13,14.91,-0.02267940078
子图5,系列13,14.916,-0.02748438226
子图5,系列13,14.922,-0.03241300611
子图5,系列13,14.928,-0.03704799419
子图5,系列13,14.934,-0.04089419834
子图5,系列13,14.94,-0.04342540114
子图5,系列13,14.946,-0.04414325989
子图5,系列13,14.952,-0.04264601749
子图5,系列13,14.958,-0.03869845769
子图5,系列13,14.964,-0.03229359484
子图5,系列13,14.97,-0.02369254527
子图5,系列13,14.976,-0.01343256299
子图5,系列13,14.982,-0.002294378311
子图5,系列13,14.988,0.008770597129
子图5,系列13,14.994,0.01874848566
子图5,系列13,15,0.02669124487
子图5,系列13,15.006,0.03184765766
子图5,系列13,15.012,0.03377532187
子图5,系列13,15.018,0.03241444362
子图5,系列13,15.024,0.02811043827
子图5,系列13,15.03,0.0215774929
子图5,系列13,15.036,0.0138087578
子图5,系列13,15.042,0.005942811109
子图5,系列13,15.048,-0.0008917231347
子图5,系列13,15.054,-0.005731641542
子图5,系列13,15.06,-0.007909735859
子图5,系列13,15.066,-0.007140566244
子图5,系列13,15.072,-0.003548635089
子图5,系列13,15.078,0.002365473551
子图5,系列13,15.084,0.009813616731
子图5,系列13,15.09,0.01784878623
子图5,系列13,15.096,0.02551101738
子图5,系列13,15.102,0.03196695884
子图5,系列13,15.108,0.03661962148
子图5,系列13,15.114,0.0391720422
子图5,系列13,15.12,0.03963643085
子图5,系列13,15.126,0.03829099985
子图5,系列13,15.132,0.03559562538
子图5,系列13,15.138,0.03208483746
子图5,系列13,15.144,0.02825921608
子图5,系列13,15.15,0.02449584777
子图5,系列13,15.156,0.02099316424
子图5,系列13,15.162,0.0177578847
子图5,系列13,15.168,0.01463392845
子图5,系列13,15.174,0.01136375545
子图5,系列13,15.18,0.007669120481
子图5,系列13,15.186,0.003332732832
子图5,系列13,15.192,-0.001733840909
子图5,系列13,15.198,-0.007450275063
子图5,系列13,15.204,-0.01356152617
子图5,系列13,15.21,-0.01966674644
子图5,系列13,15.216,-0.02527751888
子图5,系列13,15.222,-0.02989320246
子图5,系列13,15.228,-0.03308106207
子图5,系列13,15.234,-0.03454472652
子图5,系列13,15.24,-0.03417035327
子图5,系列13,15.246,-0.03204144909
子图5,系列13,15.252,-0.0284210392
子图5,系列13,15.258,-0.02370551949
子图5,系列13,15.264,-0.01835962397
子图5,系列13,15.27,-0.01284589963
子图5,系列13,15.276,-0.00756170557
子图5,系列13,15.282,-0.002795240561
子图5,系列13,15.288,0.001293258889
子图5,系列13,15.294,0.004663944632
子图5,系列13,15.3,0.007368296124
子图5,系列13,15.306,0.009507061852
子图5,系列13,15.312,0.01118538334
子图5,系列13,15.318,0.01247519171
子图5,系列13,15.324,0.0133913676
子图5,系列13,15.33,0.01388545938
子图5,系列13,15.336,0.01385619482
子图5,系列13,15.342,0.01317314219
子图5,系列13,15.348,0.01170849324
子图5,系列13,15.354,0.009370678114
子图5,系列13,15.36,0.006134856355
子图5,系列13,15.366,0.002065940509
子图5,系列13,15.372,-0.002669123863
子图5,系列13,15.378,-0.007801368924
子图5,系列13,15.384,-0.01297398868
子图5,系列13,15.39,-0.01777018591
子图5,系列13,15.396,-0.02175422518
子图5,系列13,15.402,-0.02452241882
子图5,系列13,15.408,-0.02575888562
子图5,系列13,15.414,-0.02528905478
子图5,系列13,15.42,-0.02312120658
子图5,系列13,15.426,-0.01946796195
子图5,系列13,15.432,-0.01473899789
子图5,系列13,15.438,-0.009502795621
子图5,系列13,15.444,-0.004417568379
子图5,系列13,15.45,-0.0001404358491
子图5,系列13,15.456,0.002773128152
子图5,系列13,15.462,0.003962375481
子图5,系列13,15.468,0.003329661153
子图5,系列13,15.474,0.001070331111
子图5,系列13,15.48,-0.002345352556
子图5,系列13,15.486,-0.006237031809
子图5,系列13,15.492,-0.00981859284
子图5,系列13,15.498,-0.01232420245
子图5,系列13,15.504,-0.01313563399
子图5,系列13,15.51,-0.01188775285
子图5,系列13,15.516,-0.008533134941
子图5,系列13,15.522,-0.003353761517
子图5,系列13,15.528,0.003083192769
子图5,系列13,15.534,0.01001755553
子图5,系列13,15.54,0.01662033226
子图5,系列13,15.546,0.02212734474
子图5,系列13,15.552,0.02595880342
子图5,系列13,15.558,0.02780349733
子图5,系列13,15.564,0.02765375733
子图5,系列13,15.57,0.02578596861
子图5,系列13,15.576,0.0226926175
子图5,系列13,15.582,0.01897991301
子图5,系列13,15.588,0.01525220783
子图5,系列13,15.594,0.01200556758
子图5,系列13,15.6,0.009550529022
子图5,系列13,15.606,0.007977948361
子图5,系列13,15.612,0.007170984753
子图5,系列13,15.618,0.006859156051
子图5,系列13,15.624,0.006698317301
子图5,系列13,15.63,0.006359563598
子图5,系列13,15.636,0.005605199168
子图5,系列13,15.642,0.004336700073
子图5,系列13,15.648,0.002604907206
子图5,系列13,15.654,0.0005814246166
子图5,系列13,15.66,-0.00149912432
子图5,系列13,15.666,-0.003413170046
子图5,系列13,15.672,-0.005018045435
子图5,系列13,15.678,-0.006302677531
子图5,系列13,15.684,-0.007404292109
子图5,系列13,15.69,-0.008587289071
子图5,系列13,15.696,-0.01018664822
子图5,系列13,15.702,-0.01252690323
子图5,系列13,15.708,-0.01583405807
子图5,系列13,15.714,-0.02015794048
子图5,系列13,15.72,-0.02532354986
子图5,系列13,15.726,-0.03092180252
子图5,系列13,15.732,-0.03634501165
子图5,系列13,15.738,-0.04086225527
子图5,系列13,15.744,-0.0437231807
子图5,系列13,15.75,-0.0442732393
子图5,系列13,15.756,-0.04206120878
子图5,系列13,15.762,-0.03692138597
子图5,系列13,15.768,-0.02901706538
子图5,系列13,15.774,-0.01883825378
子图5,系列13,15.78,-0.007153785891
子图5,系列13,15.786,0.005075216066
子图5,系列13,15.792,0.0168086435
子图5,系列13,15.798,0.02705140234
子图5,系列13,15.804,0.03497255698
子图5,系列13,15.81,0.04000288909
子图5,系列13,15.816,0.04189988057
子图5,系列13,15.822,0.04077018014
子图5,系列13,15.828,0.03704790992
子图5,系列13,15.834,0.0314304089
子图5,系列13,15.84,0.02477983313
子图5,系列13,15.846,0.01800452509
子图5,系列13,15.852,0.0119350982
子图5,系列13,15.858,0.007215584915
子图5,系列13,15.864,0.004223278924
子图5,系列13,15.87,0.003031976263
子图5,系列13,15.876,0.003421767696
子图5,系列13,15.882,0.004934098788
子图5,系列13,15.888,0.006961293731
子图5,系列13,15.894,0.008854054433
子图5,系列13,15.9,0.01002926356
子图5,系列13,15.906,0.01005859446
子图5,系列13,15.912,0.008726264757
子图5,系列13,15.918,0.006046966337
子图5,系列13,15.924,0.002245854094
子图5,系列13,15.93,-0.002293705106
子图5,系列13,15.936,-0.007102575899
子图5,系列13,15.942,-0.01170480225
子图5,系列13,15.948,-0.01569023018
子图5,系列13,15.954,-0.01876907149
子图5,系列13,15.96,-0.02080195969
子图5,系列13,15.966,-0.02180183129
子图5,系列13,15.972,-0.02190951426
子图5,系列13,15.978,-0.02134841813
子图5,系列13,15.984,-0.02036702824
子图5,系列13,15.99,-0.01918033281
子图5,系列13,15.996,-0.0179214275
子图5,系列13,16.002,-0.01661306746
子图5,系列13,16.008,-0.01516571074
子图5,系列13,16.014,-0.01340288674
子图5,系列13,16.02,-0.01110981448
子图5,系列13,16.026,-0.008095210123
子图5,系列13,16.032,-0.004253749777
子图5,系列13,16.038,0.0003848562399
子图5,系列13,16.044,0.005631176648
子图5,系列13,16.05,0.01114245155
子图5,系列13,16.056,0.01646056251
子图5,系列13,16.062,0.02107466738
子图5,系列13,16.068,0.02449828698
子图5,系列13,16.074,0.02634505358
子图5,系列13,16.08,0.02639014854
子图5,系列13,16.086,0.02460494363
子图5,系列13,16.092,0.0211587925
子图5,系列13,16.098,0.01638841603
子图5,系列13,16.104,0.01074028369
子图5,系列13,16.11,0.004698620725
子图5,系列13,16.116,-0.001288238214
子图5,系列13,16.122,-0.00686840639
子图5,系列13,16.128,-0.01182395566
子图5,系列13,16.134,-0.01607944464
子图5,系列13,16.14,-0.0196819761
子图5,系列13,16.146,-0.02275900269
子图5,系列13,16.152,-0.02546350457
子图5,系列13,16.158,-0.02791882909
子图5,系列13,16.164,-0.03017349023
子图5,系列13,16.17,-0.0321747635
子图5,系列13,16.176,-0.03376455004
子图5,系列13,16.182,-0.03469833461
子图5,系列13,16.188,-0.03468271693
子图5,系列13,16.194,-0.0334266964
子图5,系列13,16.2,-0.03069829919
子图5,系列13,16.206,-0.02637984083
子图5,系列13,16.212,-0.02051423868
子图5,系列13,16.218,-0.01333517676
子图5,系列13,16.224,-0.005276611351
子图5,系列13,16.23,0.003044405338
子图5,系列13,16.236,0.01087168082
子图5,系列13,16.242,0.01738127385
子图5,系列13,16.248,0.02177333945
子图5,系列13,16.254,0.02337629204
子图5,系列13,16.26,0.0217485328
子图5,系列13,16.266,0.01676308689
子图5,系列13,16.272,0.008659365201
子图5,系列13,16.278,-0.001950255285
子图5,系列13,16.284,-0.01412381057
子图5,系列13,16.29,-0.02668278586
子图5,系列13,16.296,-0.03834174424
子图5,系列13,16.302,-0.04785901448
子图5,系列13,16.308,-0.05418411088
子图5,系列13,16.314,-0.05658101432
子图5,系列13,16.32,-0.05470831709
子图5,系列13,16.326,-0.04864551294
子图5,系列13,16.332,-0.03886524681
子图5,系列13,16.338,-0.02615808827
子图5,系列13,16.344,-0.01152724801
子图5,系列13,16.35,0.003930018207
子图5,系列13,16.356,0.01913413503
子图5,系列13,16.362,0.03311414178
子图5,系列13,16.368,0.04506956754
子图5,系列13,16.374,0.05439971074
子图5,系列13,16.38,0.06070578108
子图5,系列13,16.386,0.06377181749
子图5,系列13,16.392,0.06353440827
子图5,系列13,16.398,0.06005053029
子图5,系列13,16.404,0.05346971739
子图5,系列13,16.41,0.04401665874
子图5,系列13,16.416,0.03198479817
子图5,系列13,16.422,0.01774074553
子图5,系列13,16.428,0.001735878846
子图5,系列13,16.434,-0.01547988917
子图5,系列13,16.44,-0.0332479792
子图5,系列13,16.446,-0.05080120917
子图5,系列13,16.452,-0.06727881935
子图5,系列13,16.458,-0.08176094463
子图5,系列13,16.464,-0.09332279607
子图5,系列13,16.47,-0.1011068366
子图5,系列13,16.476,-0.1044071552
子图5,系列13,16.482,-0.1027560145
子图5,系列13,16.488,-0.09600186526
子图5,系列13,16.494,-0.08436449738
子图5,系列13,16.5,-0.06845635395
子图5,系列13,16.506,-0.04926092909
子图5,系列13,16.512,-0.02806475461
子图5,系列13,16.518,-0.006347722978
子图5,系列13,16.524,0.01435897851
子图5,系列13,16.53,0.03262832883
子图5,系列13,16.536,0.04728813489
子图5,系列13,16.542,0.05754327778
子图5,系列13,16.548,0.06305387697
子图5,系列13,16.554,0.06395555911
子图5,系列13,16.56,0.06081858305
子图5,系列13,16.566,0.05455168694
子图5,系列13,16.572,0.04626196599
子图5,系列13,16.578,0.03709440848
子图5,系列13,16.584,0.02807176524
子图5,系列13,16.59,0.01996271942
子图5,系列13,16.596,0.01319729189
子图5,系列13,16.602,0.007844472115
子图5,系列13,16.608,0.00365548033
子图5,系列13,16.614,0.0001636988563
子图5,系列13,16.62,-0.003176812352
子图5,系列13,16.626,-0.006843188432
子图5,系列13,16.632,-0.01111403084
子图5,系列13,16.638,-0.01598707007
子图5,系列13,16.644,-0.02115948145
子图5,系列13,16.65,-0.02607671854
子图5,系列13,16.656,-0.03003882688
子图5,系列13,16.662,-0.03234119017
子图5,系列13,16.668,-0.03242136244
子图5,系列13,16.674,-0.0299788498
子图5,系列13,16.68,-0.02504580794
子图5,系列13,16.686,-0.01799254146
子图5,系列13,16.692,-0.009469182094
子图5,系列13,16.698,-0.0002959172361
子图5,系列13,16.704,0.008676245112
子图5,系列13,16.71,0.01670553761
子图5,系列13,16.716,0.02327537818
子图5,系列13,16.722,0.02816415705
子图5,系列13,16.728,0.03145835829
子图5,系列13,16.734,0.03350829597
子图5,系列13,16.74,0.03483622167
子图5,系列13,16.746,0.03601568482
子图5,系列13,16.752,0.03754465976
子图5,系列13,16.758,0.03973679078
子图5,系列13,16.764,0.04265081699
子图5,系列13,16.77,0.04607121386
子图5,系列13,16.776,0.04954403512
子图5,系列13,16.782,0.05246069159
子图5,系列13,16.788,0.0541746365
子图5,系列13,16.794,0.05412834557
子图5,系列13,16.8,0.05196728855
子图5,系列13,16.806,0.04761863754
子图5,系列13,16.812,0.04132012982
子图5,系列13,16.818,0.03359270926
子图5,系列13,16.824,0.02516157864
子图5,系列13,16.83,0.01683981291
子图5,系列13,16.836,0.009395191548
子图5,系列13,16.842,0.003425365881
子图5,系列13,16.848,-0.000736015341
子图5,系列13,16.854,-0.00306393741
子图5,系列13,16.86,-0.003828906114
子图5,系列13,16.866,-0.003528401843
子图5,系列13,16.872,-0.002776504161
子图5,系列13,16.878,-0.002173288602
子图5,系列13,16.884,-0.002182287231
子图5,系列13,16.89,-0.003040071959
子图5,系列13,16.896,-0.004720226903
子图5,系列13,16.902,-0.006958354362
子图5,系列13,16.908,-0.009335203396
子图5,系列13,16.914,-0.01140011987
子图5,系列13,16.92,-0.01280668467
子图5,系列13,16.926,-0.01343072552
子图5,系列13,16.932,-0.01343906708
子图5,系列13,16.938,-0.01329119449
子图5,系列13,16.944,-0.01366537422
子图5,系列13,16.95,-0.01532106307
子图5,系列13,16.956,-0.01892184033
子图5,系列13,16.962,-0.02485596412
子图5,系列13,16.968,-0.03309413236
子图5,系列13,16.974,-0.04312006719
子图5,系列13,16.98,-0.05395579671
子图5,系列13,16.986,-0.06428551601
子图5,系列13,16.992,-0.07265974612
子图5,系列13,16.998,-0.07774426576
子图5,系列13,17.004,-0.0785652753
子图5,系列13,17.01,-0.07470129755
子图5,系列13,17.016,-0.06638133521
子图5,系列13,17.022,-0.05446551697
子图5,系列13,17.028,-0.0403113265
子图5,系列13,17.034,-0.02554715469
子图5,系列13,17.04,-0.01179958469
子图5,系列13,17.046,-0.0004238073224
子图5,系列13,17.052,0.007710803842
子图5,系列13,17.058,0.01234240889
子图5,系列13,17.064,0.01382916262
子图5,系列13,17.07,0.0130531869
子图5,系列13,17.076,0.01124368721
子图5,系列13,17.082,0.009751313699
子图5,系列13,17.088,0.009818987857
子图5,系列13,17.094,0.01238408607
子图5,系列13,17.1,0.01794091831
子图5,系列13,17.106,0.02647894632
子图5,系列13,17.112,0.03749599921
子图5,系列13,17.118,0.05008044961
子图5,系列13,17.124,0.06304181718
子图5,系列13,17.13,0.07507248053
子图5,系列13,17.136,0.08491635155
子图5,系列13,17.142,0.09152538197
子图5,系列13,17.148,0.09418545206
子图5,系列13,17.154,0.09259666126
子图5,系列13,17.16,0.08689921486
子图5,系列13,17.166,0.07764064464
子图5,系列13,17.172,0.06568892718
子图5,系列13,17.178,0.05210363913
子图5,系列13,17.184,0.03798376632
子图5,系列13,17.19,0.02431706406
子图5,系列13,17.196,0.01185472895
子图5,系列13,17.202,0.001033350213
子图5,系列13,17.208,-0.008043255974
子图5,系列13,17.214,-0.01556058617
子图5,系列13,17.22,-0.02189732291
子图5,系列13,17.226,-0.02749866326
子图5,系列13,17.232,-0.03274333268
子图5,系列13,17.238,-0.03783443145
子图5,系列13,17.244,-0.04273482034
子图5,系列13,17.25,-0.04716127138
子图5,系列13,17.256,-0.05063840619
子图5,系列13,17.262,-0.05259958258
子图5,系列13,17.268,-0.05251527608
子图5,系列13,17.274,-0.05002069361
子图5,系列13,17.28,-0.04501800053
子图5,系列13,17.286,-0.03773224849
子图5,系列13,17.292,-0.02871020701
子图5,系列13,17.298,-0.01876254238
子图5,系列13,17.304,-0.008859496743
子图5,系列13,17.31,1.41972895e-06
子图5,系列13,17.316,0.00693349717
子图5,系列13,17.322,0.01128227587
子图5,系列13,17.328,0.01271156824
子图5,系列13,17.334,0.01124183153
子图5,系列13,17.34,0.007236185283
子图5,系列13,17.346,0.001338498188
子图5,系列13,17.352,-0.00562589628
子图5,系列13,17.358,-0.01276938626
子图5,系列13,17.364,-0.01926269328
子图5,系列13,17.37,-0.02443805001
子图5,系列13,17.376,-0.02786035437
子图5,系列13,17.382,-0.0293582203
子图5,系列13,17.388,-0.02901333905
子图5,系列13,17.394,-0.02711463404
子图5,系列13,17.4,-0.02408780823
子图5,系列13,17.406,-0.02041482149
子图5,系列13,17.412,-0.01655596934
子图5,系列13,17.418,-0.01288709882
子图5,系列13,17.424,-0.00965707103
子图5,系列13,17.43,-0.006970284866
子图5,系列13,17.436,-0.004790445212
子图5,系列13,17.442,-0.002963490513
子图5,系列13,17.448,-0.001252108884
子图5,系列13,17.454,0.0006231325571
子图5,系列13,17.46,0.002941216328
子图5,系列13,17.466,0.005941648059
子图5,系列13,17.472,0.00978837628
子图5,系列13,17.478,0.01454133288
子图5,系列13,17.484,0.02013123333
子图5,系列13,17.49,0.02634309173
子图5,系列13,17.496,0.03280655922
子图5,系列13,17.502,0.03899994022
子图5,系列13,17.508,0.04427150856
子图5,系列13,17.514,0.04788365184
子图5,系列13,17.52,0.04908308453
子图5,系列13,17.526,0.04719410965
子图5,系列13,17.532,0.04172821275
子图5,系列13,17.538,0.03249322846
子图5,系列13,17.544,0.01968436227
子图5,系列13,17.55,0.00393367585
子图5,系列13,17.556,-0.01369770278
子图5,系列13,17.562,-0.03179609017
子图5,系列13,17.568,-0.0487366639
子图5,系列13,17.574,-0.06287557692
子图5,系列13,17.58,-0.07276468292
子图5,系列13,17.586,-0.07735576375
子图5,系列13,17.592,-0.07615819005
子图5,系列13,17.598,-0.06932206191
子图5,系列13,17.604,-0.05762901533
子图5,系列13,17.61,-0.04238955754
子图5,系列13,17.616,-0.02526224393
子图5,系列13,17.622,-0.008022303182
子图5,系列13,17.628,0.007681118136
子图5,系列13,17.634,0.02054171886
子图5,系列13,17.64,0.02975021389
子图5,系列13,17.646,0.03506516679
子图5,系列13,17.652,0.03678971593
子图5,系列13,17.658,0.03566494313
子图5,系列13,17.664,0.03269935859
子图5,系列13,17.67,0.02896808389
子图5,系列13,17.676,0.02541673203
子图5,系列13,17.682,0.02270096708
子图5,系列13,17.688,0.02108965005
子图5,系列13,17.694,0.02043905528
子图5,系列13,17.7,0.02024298688
子图5,系列13,17.706,0.01974120363
子图5,系列13,17.712,0.0180685533
子图5,系列13,17.718,0.01441659524
子图5,系列13,17.724,0.008182573177
子图5,系列13,17.73,-0.0009153307502
子图5,系列13,17.736,-0.0127731325
子图5,系列13,17.742,-0.02689023176
子图5,系列13,17.748,-0.04241447266
子图5,系列13,17.754,-0.05823084905
子图5,系列13,17.76,-0.0730839774
子图5,系列13,17.766,-0.08571547691
子图5,系列13,17.772,-0.09500130389
子图5,系列13,17.778,-0.1000725313
子图5,系列13,17.784,-0.100405946
子图5,系列13,17.79,-0.09587529366
子图5,系列13,17.796,-0.08675682953
子图5,系列13,17.802,-0.07369001473
子图5,系列13,17.808,-0.05759860186
子图5,系列13,17.814,-0.0395836738
子图5,系列13,17.82,-0.02080393569
子图5,系列13,17.826,-0.002360774987
子图5,系列13,17.832,0.01479626335
子图5,系列13,17.838,0.02993080144
子图5,系列13,17.844,0.04254404566
子图5,系列13,17.85,0.05236278736
子图5,系列13,17.856,0.05930255875
子图5,系列13,17.862,0.06341742537
子图5,系列13,17.868,0.06485235505
子图5,系列13,17.874,0.06380950043
子图5,系列13,17.88,0.06053337472
子图5,系列13,17.886,0.0553169391
子图5,系列13,17.892,0.04851847295
子图5,系列13,17.898,0.04058245776
子图5,系列13,17.904,0.0320494911
子图5,系列13,17.91,0.02354790021
子图5,系列13,17.916,0.01576066088
子图5,系列13,17.922,0.00936762057
子图5,系列13,17.928,0.004970676588
子图5,系列13,17.934,0.003010568041
子图5,系列13,17.94,0.003692124355
子图5,系列13,17.946,0.006929688408
子图5,系列13,17.952,0.01232743655
子图5,系列13,17.958,0.01920079831
子图5,系列13,17.964,0.0266406722
子图5,系列13,17.97,0.0336149349
子图5,系列13,17.976,0.03909314045
子图5,系列13,17.982,0.04217818281
子图5,系列13,17.988,0.04222352831
子图5,系列13,17.994,0.03891842769
子图5,系列13,18,0.03232688971
子图5,系列13,18.006,0.02287377773
子图5,系列13,18.012,0.0112811009
子图5,系列13,18.018,-0.001535409213
子图5,系列13,18.024,-0.0145908359
子图5,系列13,18.03,-0.0269561182
子图5,系列13,18.036,-0.03786244192
子图5,系列13,18.042,-0.04676848814
子图5,系列13,18.048,-0.05338211793
子图5,系列13,18.054,-0.05763702229
子图5,系列13,18.06,-0.05963449189
子图5,系列13,18.066,-0.05956823911
子图5,系列13,18.072,-0.05765166999
子图5,系列13,18.078,-0.05406764029
子图5,系列13,18.084,-0.04895145669
子图5,系列13,18.09,-0.0424099669
子图5,系列13,18.096,-0.03456844581
子图5,系列13,18.102,-0.02562733529
子图5,系列13,18.108,-0.01591022805
子图5,系列13,18.114,-0.005882341984
子图5,系列13,18.12,0.003868698273
子图5,系列13,18.126,0.01269209094
子图5,系列13,18.132,0.01996041761
子图5,系列13,18.138,0.0251657669
子图5,系列13,18.144,0.02800416741
子图5,系列13,18.15,0.02842892153
子图5,系列13,18.156,0.02666403088
子图5,系列13,18.162,0.02317390808
子图5,系列13,18.168,0.01859936499
子图5,系列13,18.174,0.0136709333
子图5,系列13,18.18,0.009115986018
子图5,系列13,18.186,0.005572392315
子图5,系列13,18.192,0.003518034194
子图5,系列13,18.198,0.003222099412
子图5,系列13,18.204,0.004719449775
子图5,系列13,18.21,0.007809683533
子图5,系列13,18.216,0.01208021939
子图5,系列13,18.222,0.01695445498
子图5,系列13,18.228,0.02176222043
子图5,系列13,18.234,0.02582903978
子图5,系列13,18.24,0.0285735209
子图5,系列13,18.246,0.02960004676
子图5,系列13,18.252,0.0287695738
子图5,系列13,18.258,0.02623318242
子图5,系列13,18.264,0.02241790253
子图5,系列13,18.27,0.01796236348
子图5,系列13,18.276,0.01361098617
子图5,系列13,18.282,0.01008383938
子图5,系列13,18.288,0.007946593046
子图5,系列13,18.294,0.007505251685
子图5,系列13,18.3,0.008747328962
子图5,系列13,18.306,0.01134081251
子图5,系列13,18.312,0.01469306235
子图5,系列13,18.318,0.01805729282
子图5,系列13,18.324,0.02066865805
子图5,系列13,18.33,0.02188364707
子图5,系列13,18.336,0.02129866152
子图5,系列13,18.342,0.01882772743
子图5,系列13,18.348,0.01472510539
子图5,系列13,18.354,0.009551824784
子图5,系列13,18.36,0.00408969488
子图5,系列13,18.366,-0.0007809053554
子图5,系列13,18.372,-0.004220798209
子图5,系列13,18.378,-0.005566489512
子图5,系列13,18.384,-0.004436544187
子图5,系列13,18.39,-0.0007931893477
子图5,系列13,18.396,0.005053472324
子图5,系列13,18.402,0.01249821593
子图5,系列13,18.408,0.02074327968
子图5,系列13,18.414,0.02893048275
子图5,系列13,18.42,0.0362795201
子图5,系列13,18.426,0.04220435186
子图5,系列13,18.432,0.04638481471
子图5,系列13,18.438,0.04877966462
子图5,系列13,18.444,0.04957728289
子图5,系列13,18.45,0.04909818427
子图5,系列13,18.456,0.047669606
子图5,系列13,18.462,0.04550485797
子图5,系列13,18.468,0.04261574712
子图5,系列13,18.474,0.03878245631
子图5,系列13,18.48,0.03359147335
子图5,系列13,18.486,0.02653567209
子图5,系列13,18.492,0.01715787593
子图5,系列13,18.498,0.005204992288
子图5,系列13,18.504,-0.009239850302
子图5,系列13,18.51,-0.025679518
子图5,系列13,18.516,-0.04319774468
子图5,系列13,18.522,-0.06053152133
子图5,系列13,18.528,-0.07621035866
子图5,系列13,18.534,-0.08873837011
子图5,系列13,18.54,-0.09678964398
子图5,系列13,18.546,-0.09938575901
子图5,系列13,18.552,-0.09602957861
子图5,系列13,18.558,-0.086778362
子图5,系列13,18.564,-0.07224919201
子图5,系列13,18.57,-0.05355877486
子图5,系列13,18.576,-0.03220942454
子图5,系列13,18.582,-0.009934710094
子图5,系列13,18.588,0.01147387467
子图5,系列13,18.594,0.03034356861
子图5,系列13,18.6,0.04527963539
子图5,系列13,18.606,0.05529509089
子图5,系列13,18.612,0.05989804332
子图5,系列13,18.618,0.05912965836
子图5,系列13,18.624,0.05355096192
子图5,系列13,18.63,0.04417653367
子图5,系列13,18.636,0.03236440775
子图5,系列13,18.642,0.01966638977
子图5,系列13,18.648,0.007657648795
子图5,系列13,18.654,-0.002241541241
子图5,系列13,18.66,-0.008927896472
子图5,系列13,18.666,-0.01174202485
子图5,系列13,18.672,-0.01054086828
子图5,系列13,18.678,-0.005702464032
子图5,系列13,18.684,0.001938607819
子图5,系列13,18.69,0.01121964857
子图5,系列13,18.696,0.02082096845
子图5,系列13,18.702,0.02945637051
子图5,系列13,18.708,0.03605045864
子图5,系列13,18.714,0.03987777213
子图5,系列13,18.72,0.04064131725
子图5,系列13,18.726,0.03848153532
子图5,系列13,18.732,0.03391732449
子图5,系列13,18.738,0.02773130284
子图5,系列13,18.744,0.02082194969
子图5,系列13,18.75,0.01404734897
子图5,系列13,18.756,0.008088912753
子图5,系列13,18.762,0.003357462095
子图5,系列13,18.768,-4.227682812e-05
子图5,系列13,18.774,-0.002283077712
子图5,系列13,18.78,-0.003730138944
子图5,系列13,18.786,-0.004817144969
子图5,系列13,18.792,-0.005910517725
子图5,系列13,18.798,-0.007192533064
子图5,系列13,18.804,-0.008589382972
子图5,系列13,18.81,-0.009763005258
子图5,系列13,18.816,-0.01016946309
子图5,系列13,18.822,-0.009173109429
子图5,系列13,18.828,-0.006192036441
子图5,系列13,18.834,-0.0008436526214
子图5,系列13,18.84,0.006940878243
子图5,系列13,18.846,0.01685744062
子图5,系列13,18.852,0.02823601615
子图5,系列13,18.858,0.04011275207
子图5,系列13,18.864,0.05134985093
子图5,系列13,18.87,0.06078224745
子图5,系列13,18.876,0.06736244602
子图5,系列13,18.882,0.0702824241
子图5,系列13,18.888,0.06905528979
子图5,系列13,18.894,0.0635505496
子图5,系列13,18.9,0.05398551827
子图5,系列13,18.906,0.04088154533
子图5,系列13,18.912,0.02499905167
子图5,系列13,18.918,0.007263501063
子图5,系列13,18.924,-0.0113061606
子图5,系列13,18.93,-0.02966171538
子图5,系列13,18.936,-0.04678053663
子图5,系列13,18.942,-0.06171452611
子图5,系列13,18.948,-0.07363619632
子图5,系列13,18.954,-0.08188604374
子图5,系列13,18.96,-0.08601938715
子图5,系列13,18.966,-0.08585030957
子图5,系列13,18.972,-0.08148276937
子图5,系列13,18.978,-0.0733213726
子图5,系列13,18.984,-0.06205283999
子图5,系列13,18.99,-0.04859473606
子图5,系列13,18.996,-0.03401537634
子图5,系列13,19.002,-0.01943231813
子图5,系列13,19.008,-0.005906327557
子图5,系列13,19.014,0.005656166443
子图5,系列13,19.02,0.01457577077
子图5,系列13,19.026,0.02044216324
子图5,系列13,19.032,0.02312255666
子图5,系列13,19.038,0.02274272882
子图5,系列13,19.044,0.01965003755
子图5,系列13,19.05,0.01436685939
子图5,系列13,19.056,0.007544238228
子图5,系列13,19.062,-8.454670841e-05
子图5,系列13,19.068,-0.0077479579
子图5,系列13,19.074,-0.01468427965
子图5,系列13,19.08,-0.02019419582
子图5,系列13,19.086,-0.02369864522
子图5,系列13,19.092,-0.02479768448
子图5,系列13,19.098,-0.02332014878
子图5,系列13,19.104,-0.01935606968
子图5,系列13,19.11,-0.01325939027
子图5,系列13,19.116,-0.005618307874
子图5,系列13,19.122,0.002808105445
子图5,系列13,19.128,0.01117750917
子图5,系列13,19.134,0.01866291164
子图5,系列13,19.14,0.02454552586
子图5,系列13,19.146,0.02828571989
子图5,系列13,19.152,0.02956277208
子图5,系列13,19.158,0.0282799565
子图5,系列13,19.164,0.02454288083
子图5,系列13,19.17,0.01862164011
子图5,系列13,19.176,0.01091290826
子图5,系列13,19.182,0.001910672337
子图5,系列13,19.188,-0.007809564348
子图5,系列13,19.194,-0.01759941034
子图5,系列13,19.2,-0.02675030895
子图5,系列13,19.206,-0.03452286013
子图5,系列13,19.212,-0.04020183099
子图5,系列13,19.218,-0.04317435389
子图5,系列13,19.224,-0.04302092425
子图5,系列13,19.23,-0.0395972821
子图5,系列13,19.236,-0.03308633834
子图5,系列13,19.242,-0.02400105635
子图5,系列13,19.248,-0.01313288759
子图5,系列13,19.254,-0.001452528585
子图5,系列13,19.26,0.01001738556
子图5,系列13,19.266,0.0203306095
子图5,系列13,19.272,0.02872201053
子图5,系列13,19.278,0.03466953031
子图5,系列13,19.284,0.03790959125
子图5,系列13,19.29,0.03841159809
子图5,系列13,19.296,0.03632988413
子图5,系列13,19.302,0.03195114292
子图5,系列13,19.308,0.02565474176
子图5,系列13,19.314,0.01789258824
子图5,系列13,19.32,0.009185976122
子图5,系列13,19.326,0.0001279786356
子图5,系列13,19.332,-0.008624496064
子图5,系列13,19.338,-0.01638223248
子图5,系列13,19.344,-0.02248493463
子图5,系列13,19.35,-0.02638663968
子图5,系列13,19.356,-0.0277497976
子图5,系列13,19.362,-0.02652198182
子图5,系列13,19.368,-0.02297249979
子图5,系列13,19.374,-0.01766559331
子图5,系列13,19.38,-0.01136811533
子图5,系列13,19.386,-0.00489902596
子图5,系列13,19.392,0.001048025073
子图5,系列13,19.398,0.006070268293
子图5,系列13,19.404,0.01016523092
子图5,系列13,19.41,0.01374883767
子图5,系列13,19.416,0.01756596726
子图5,系列13,19.422,0.02250219336
子图5,系列13,19.428,0.02933213609
子图5,系列13,19.434,0.03845999803
子图5,系列13,19.44,0.04971606311
子图5,系列13,19.446,0.06226625133
子图5,系列13,19.452,0.07467091737
子图5,系列13,19.458,0.08509505727
子图5,系列13,19.464,0.09163990563
子图5,系列13,19.47,0.09273010734
子图5,系列13,19.476,0.08747857985
子图5,系列13,19.482,0.07594401447
子图5,系列13,19.488,0.05922047015
子图5,系列13,19.494,0.0393258137
子图5,系列13,19.5,0.01890241447
子图5,系列13,19.506,0.000779576474
子图5,系列13,19.512,-0.01251917995
子图5,系列13,19.518,-0.01922924346
子图5,系列13,19.524,-0.01866993608
子图5,系列13,19.53,-0.01137577296
子图5,系列13,19.536,0.0009897427641
子图5,系列13,19.542,0.01592535161
子图5,系列13,19.548,0.03052913973
子图5,系列13,19.554,0.04200399416
子图5,系列13,19.56,0.04813574285
子图5,系列13,19.566,0.04766072165
子图5,系列13,19.572,0.04046105573
子图5,系列13,19.578,0.02755713728
子图5,系列13,19.584,0.01090943526
子图5,系列13,19.59,-0.006931692285
子图5,系列13,19.596,-0.02325723187
子图5,系列13,19.602,-0.0356381767
子图5,系列13,19.608,-0.04229414054
子图5,系列13,19.614,-0.0423389048
子图5,系列13,19.62,-0.03586912837
子图5,系列13,19.626,-0.02389660516
子图5,系列13,19.632,-0.008148957739
子图5,系列13,19.638,0.009218614768
子图5,系列13,19.644,0.02594312591
子图5,系列13,19.65,0.03995813372
子图5,系列13,19.656,0.04963515819
子图5,系列13,19.662,0.05394040492
子图5,系列13,19.668,0.05249456292
子图5,系列13,19.674,0.04554234581
子图5,系列13,19.68,0.03384916992
子图5,系列13,19.686,0.01854704564
子图5,系列13,19.692,0.0009550262566
子图5,系列13,19.698,-0.01760028379
子图5,系列13,19.704,-0.03594536939
子图5,系列13,19.71,-0.0531800385
子图5,系列13,19.716,-0.06874752861
子图5,系列13,19.722,-0.08244507543
子图5,系列13,19.728,-0.09437614184
子图5,系列13,19.734,-0.1048548289
子图5,系列13,19.74,-0.1142772771
子图5,系列13,19.746,-0.1229879318
子图5,系列13,19.752,-0.1311614629
子图5,系列13,19.758,-0.1387277724
子图5,系列13,19.764,-0.1453493356
子图5,系列13,19.77,-0.1504576427
子图5,系列13,19.776,-0.15333693
子图5,系列13,19.782,-0.1532390282
子图5,系列13,19.788,-0.149506808
子图5,系列13,19.794,-0.1416845729
子图5,系列13,19.8,-0.1296014464
子图5,系列13,19.806,-0.1134170317
子图5,系列13,19.812,-0.09363133233
子图5,系列13,19.818,-0.07105935609
子图5,系列13,19.824,-0.04677879452
子图5,系列13,19.83,-0.0220545367
子图5,系列13,19.836,0.001755363771
子图5,系列13,19.842,0.02330698106
子图5,系列13,19.848,0.04138693058
子图5,系列13,19.854,0.05502804238
子图5,系列13,19.86,0.06361173939
子图5,系列13,19.866,0.06694515607
子图5,系列13,19.872,0.06529472516
子图5,系列13,19.878,0.05937125123
子图5,系列13,19.884,0.05025793756
子图5,系列13,19.89,0.03928932172
子图5,系列13,19.896,0.02789394253
子图5,系列13,19.902,0.01741849293
子图5,系列13,19.908,0.008962257297
子图5,系列13,19.914,0.003240523021
子图5,系列13,19.92,0.0005035493397
子图5,系列13,19.926,0.0005203271533
子图5,系列13,19.932,0.002634487513
子图5,系列13,19.938,0.005883506977
子图5,系列13,19.944,0.009164390845
子图5,系列13,19.95,0.01141988196
子图5,系列13,19.956,0.0118150042
子图5,系列13,19.962,0.009876200229
子图5,系列13,19.968,0.005570101416
子图5,系列13,19.974,-0.0006885916467
子图5,系列13,19.98,-0.008101404021
子图5,系列13,19.986,-0.01560961024
子图5,系列13,19.992,-0.02205953968
子图5,系列13,19.998,-0.02638249246
子图5,系列13,20.004,-0.02776649715
子图5,系列13,20.01,-0.02579308708
子图5,系列13,20.016,-0.02052211282
子图5,系列13,20.022,-0.01250991161
子图5,系列13,20.028,-0.002756219021
子图5,系列13,20.034,0.007415772186
子图5,系列13,20.04,0.01653421445
子图5,系列13,20.046,0.02318495694
子图5,系列13,20.052,0.02622238452
子图5,系列13,20.058,0.02495247902
子图5,系列13,20.064,0.01925786541
子图5,系列13,20.07,0.00964084994
子图5,系列13,20.076,-0.0028290147
子图5,系列13,20.082,-0.01666220901
子图5,系列13,20.088,-0.03017220088
子图5,系列13,20.094,-0.04174368175
子图5,系列13,20.1,-0.05009910036
子图5,系列13,20.106,-0.05451832859
子图5,系列13,20.112,-0.05496661408
子图5,系列13,20.118,-0.05210311204
子图5,系列13,20.124,-0.04716273792
子图5,系列13,20.13,-0.04172752957
子图5,系列13,20.136,-0.03742797361
子图5,系列13,20.142,-0.03562857827
子图5,系列13,20.148,-0.03715787239
子图5,系列13,20.154,-0.04213624613
子图5,系列13,20.16,-0.04993618321
子图5,系列13,20.166,-0.05928470946
子图5,系列13,20.172,-0.06849157605
子图5,系列13,20.178,-0.07575879114
子图5,系列13,20.184,-0.07951819761
子图5,系列13,20.19,-0.07873106341
子图5,系列13,20.196,-0.07309968853
子图5,系列13,20.202,-0.06315178396
子图5,系列13,20.208,-0.05018512592
子图5,系列13,20.214,-0.03608371311
子图5,系列13,20.22,-0.02303503081
子图5,系列13,20.226,-0.01319652959
子图5,系列13,20.232,-0.008359286774
子图5,系列13,20.238,-0.009662996595
子图5,系列13,20.244,-0.01739818905
子图5,系列13,20.25,-0.03092917198
子图5,系列13,20.256,-0.04874398512
子图5,系列13,20.262,-0.06862877823
子图5,系列13,20.268,-0.08794228736
子图5,系列13,20.274,-0.1039513686
子图5,系列13,20.28,-0.1141844567
子图5,系列13,20.286,-0.1167474272
子图5,系列13,20.292,-0.1105620311
子图5,系列13,20.298,-0.09548909886
子图5,系列13,20.304,-0.07232433273
子图5,系列13,20.31,-0.04267112105
子图5,系列13,20.316,-0.00871503163
子图5,系列13,20.322,0.02706038476
子图5,系列13,20.328,0.06217175282
子图5,系列13,20.334,0.09440519678
子图5,系列13,20.34,0.1220216851
子图5,系列13,20.346,0.1438795936
子图5,系列13,20.352,0.1594666174
子图5,系列13,20.358,0.1688490173
子图5,系列13,20.364,0.1725552242
子图5,系列13,20.37,0.1714155074
子图5,系列13,20.376,0.1663875439
子图5,系列13,20.382,0.1583918463
子图5,系列13,20.388,0.1481855487
子图5,系列13,20.394,0.1362925286
子图5,系列13,20.4,0.1230016974
子图5,系列13,20.406,0.1084330074
子图5,系列13,20.412,0.09265622013
子图5,系列13,20.418,0.07583550692
子图5,系列13,20.424,0.05836423376
子图5,系列13,20.43,0.04095259657
子图5,系列13,20.436,0.02463635159
子图5,系列13,20.442,0.01069478546
子图5,系列13,20.448,0.0004788998406
子图5,系列13,20.454,-0.004816205704
子图5,系列13,20.46,-0.00439361445
子图5,系列13,20.466,0.001945844509
子图5,系列13,20.472,0.01369769086
子图5,系列13,20.478,0.02967188732
子图5,系列13,20.484,0.04814639841
子图5,系列13,20.49,0.06712702293
子图5,系列13,20.496,0.08466652095
子图5,系列13,20.502,0.09917383964
子图5,系列13,20.508,0.10964762
子图5,系列13,20.514,0.1157833181
子图5,系列13,20.52,0.1179328302
子图5,系列13,20.526,0.1169292169
子图5,系列13,20.532,0.1138218129
子图5,系列13,20.538,0.109585323
子图5,系列13,20.544,0.1048718756
子图5,系列13,20.55,0.099862579
子图5,系列13,20.556,0.09424893291
子图5,系列13,20.562,0.08734474629
子图5,系列13,20.568,0.07829819488
子图5,系列13,20.574,0.0663513459
子图5,系列13,20.58,0.05108823118
子图5,系列13,20.586,0.03261110455
子图5,系列13,20.592,0.01160841963
子图5,系列13,20.598,-0.01070577409
子图5,系列13,20.604,-0.03276778321
子图5,系列13,20.61,-0.05292030746
子图5,系列13,20.616,-0.0696982101
子图5,系列13,20.622,-0.08207925951
子图5,系列13,20.628,-0.08965263689
子图5,系列13,20.634,-0.09266182996
子图5,系列13,20.64,-0.09191719373
子图5,系列13,20.646,-0.08859378543
子图5,系列13,20.652,-0.08395947828
子图5,系列13,20.658,-0.07909620195
子图5,系列13,20.664,-0.0746733843
子图5,系列13,20.67,-0.0708272715
子图5,系列13,20.676,-0.06716825174
子图5,系列13,20.682,-0.06291189421
子图5,系列13,20.688,-0.05710025832
子图5,系列13,20.694,-0.04885848391
子图5,系列13,20.7,-0.03763069313
子图5,系列13,20.706,-0.02334264114
子图5,系列13,20.712,-0.006462953743
子图5,系列13,20.718,0.01204437593
子图5,系列13,20.724,0.03085942068
子图5,系列13,20.73,0.04850444108
子图5,系列13,20.736,0.06356298916
子图5,系列13,20.742,0.07488087494
子图5,系列13,20.748,0.08172044149
子图5,系列13,20.754,0.08384844424
子图5,系列13,20.76,0.08154869818
子图5,系列13,20.766,0.07556243192
子图5,系列13,20.772,0.06696663009
子图5,系列13,20.778,0.0570104048
子图5,系列13,20.784,0.04693667144
子图5,系列13,20.79,0.0378172402
子图5,系列13,20.796,0.03043214319
子图5,系列13,20.802,0.02521095887
子图5,系列13,20.808,0.02224514283
子图5,系列13,20.814,0.02136074247
子图5,系列13,20.82,0.0222289604
子图5,系列13,20.826,0.02448132128
子图5,系列13,20.832,0.02780016804
子图5,系列13,20.838,0.03195950876
子图5,系列13,20.844,0.03681407297
子图5,系列13,20.85,0.04224471423
子图5,系列13,20.856,0.04808699074
子图5,系列13,20.862,0.05407464003
子图5,系列13,20.868,0.05982080057
子图5,系列13,20.874,0.06485738839
子图5,系列13,20.88,0.06872185192
子图5,系列13,20.886,0.07107811057
子图5,系列13,20.892,0.07183319082
子图5,系列13,20.898,0.07121811495
子图5,系列13,20.904,0.06980169615
子图5,系列13,20.91,0.06842393789
子图5,系列13,20.916,0.06805470539
子图5,系列13,20.922,0.06960016543
子图5,系列13,20.928,0.07369735082
子图5,系列13,20.934,0.08053585042
子图5,系列13,20.94,0.08974982595
子图5,系列13,20.946,0.1004004158
子图5,系列13,20.952,0.1110616394
子图5,系列13,20.958,0.119993417
子图5,系列13,20.964,0.1253776512
子图5,系列13,20.97,0.1255783766
子图5,系列13,20.976,0.1193851617
子图5,系列13,20.982,0.1062071829
子图5,系列13,20.988,0.08618778256
子图5,系列13,20.994,0.06023100208
子图5,系列13,21,0.02993451254
子图5,系列13,21.006,-0.002558786203
子图5,系列13,21.012,-0.03477451339
子图5,系列13,21.018,-0.06416339396
子图5,系列13,21.024,-0.08837308823
子图5,系列13,21.03,-0.1055066365
子图5,系列13,21.036,-0.1143379314
子图5,系列13,21.042,-0.1144538445
子图5,系列13,21.048,-0.1063032862
子图5,系列13,21.054,-0.09113772389
子图5,系列13,21.06,-0.07084735129
子图5,系列13,21.066,-0.04771073937
子图5,系列13,21.072,-0.0240911211
子图5,系列13,21.078,-0.002126150156
子图5,系列13,21.084,0.0165419098
子图5,系列13,21.09,0.03094907294
子图5,系列13,21.096,0.0408763324
子图5,系列13,21.102,0.04678447261
子图5,系列13,21.108,0.04963197915
子图5,系列13,21.114,0.05060233527
子图5,系列13,21.12,0.05079668234
子图5,系列13,21.126,0.05094625836
子图5,系列13,21.132,0.05120397758
子图5,系列13,21.138,0.05106138885
子图5,系列13,21.144,0.04940827738
子图5,系列13,21.15,0.04473522542
子图5,系列13,21.156,0.03543790377
子图5,系列13,21.162,0.02017318978
子图5,系列13,21.168,-0.001805094543
子图5,系列13,21.174,-0.03039264414
子图5,系列13,21.18,-0.06451508506
子图5,系列13,21.186,-0.1021682265
子图5,系列13,21.192,-0.140612815
子图5,系列13,21.198,-0.1766956946
子图5,系列13,21.204,-0.2072401671
子图5,系列13,21.21,-0.2294455153
子图5,系列13,21.216,-0.2412284819
子图5,系列13,21.222,-0.2414580945
子图5,系列13,21.228,-0.2300527482
子图5,系列13,21.234,-0.207935549
子图5,系列13,21.24,-0.1768684962
子图5,系列13,21.246,-0.1392041097
子图5,系列13,21.252,-0.09760148097
子图5,系列13,21.258,-0.0547534246
子图5,系列13,21.264,-0.01315665769
子图5,系列13,21.27,0.02505403453
子图5,系列13,21.276,0.05820941585
子图5,系列13,21.282,0.08515368071
子图5,系列13,21.288,0.1052534459
子图5,系列13,21.294,0.118379038
子图5,系列13,21.3,0.1248612131
子图5,系列13,21.306,0.1254274586
子图5,系列13,21.312,0.1211059629
子图5,系列13,21.318,0.1131066895
子图5,系列13,21.324,0.1026779069
子图5,系列13,21.33,0.09096276722
子图5,系列13,21.336,0.07887684581
子图5,系列13,21.342,0.06702981141
子图5,系列13,21.348,0.05571246006
子图5,系列13,21.354,0.04494415504
子图5,系列13,21.36,0.03457492515
子图5,系列13,21.366,0.02440790482
子图5,系列13,21.372,0.01431475594
子图5,系列13,21.378,0.004311286556
子图5,系列13,21.384,-0.005424459807
子图5,系列13,21.39,-0.01459196206
子图5,系列13,21.396,-0.02285539954
子图5,系列13,21.402,-0.02994705559
子图5,系列13,21.408,-0.03576159555
子图5,系列13,21.414,-0.0404079737
子图5,系列13,21.42,-0.04420564176
子图5,系列13,21.426,-0.0476181034
子图5,系列13,21.432,-0.05113644193
子图5,系列13,21.438,-0.05513660191
子图5,系列13,21.444,-0.05974118669
子图5,系列13,21.45,-0.06472112609
子图5,系列13,21.456,-0.06946360561
子图5,系列13,21.462,-0.0730255862
子图5,系列13,21.468,-0.07427096477
子图5,系列13,21.474,-0.07207666661
子图5,系列13,21.48,-0.06557013267
子图5,系列13,21.486,-0.05435612279
子图5,系列13,21.492,-0.03868215122
子图5,系列13,21.498,-0.01950553827
子图5,系列13,21.504,0.00156238564
子图5,系列13,21.51,0.02243334622
子图5,系列13,21.516,0.04081699977
子图5,系列13,21.522,0.05455109865
子图5,系列13,21.528,0.06193160722
子图5,系列13,21.534,0.06199051361
子图5,系列13,21.54,0.05467166787
子图5,系列13,21.546,0.04087830419
子图5,系列13,21.552,0.02237734212
子图5,系列13,21.558,0.001575345241
子图5,系列13,21.564,-0.01880689615
子图5,系列13,21.57,-0.03611294306
子图5,系列13,21.576,-0.04812731802
子图5,系列13,21.582,-0.05339311694
子图5,系列13,21.588,-0.0514179768
子图5,系列13,21.594,-0.04273557429
子图5,系列13,21.6,-0.0288071167
子图5,系列13,21.606,-0.01177967158
子图5,系列13,21.612,0.005863299685
子图5,系列13,21.618,0.02169677058
子图5,系列13,21.624,0.03373088094
子图5,系列13,21.63,0.04070171629
子图5,系列13,21.636,0.04223090646
子图5,系列13,21.642,0.03883015735
子图5,系列13,21.648,0.03175741538
子图5,系列13,21.654,0.02276107227
子图5,系列13,21.66,0.01376164529
子图5,系列13,21.666,0.006536354527
子图5,系列13,21.672,0.002454017819
子图5,系列13,21.678,0.002305565634
子图5,系列13,21.684,0.006238321181
子图5,系列13,21.69,0.01379460309
子图5,系列13,21.696,0.02402721776
子图5,系列13,21.702,0.03566115133
子图5,系列13,21.708,0.04727109776
子图5,系列13,21.714,0.05744291467
子图5,系列13,21.72,0.06490942135
子图5,系列13,21.726,0.06864542055
子图5,系列13,21.732,0.06792960987
子图5,系列13,21.738,0.06237308289
子图5,系列13,21.744,0.05192356157
子图5,系列13,21.75,0.0368501213
子图5,系列13,21.756,0.01771222945
子图5,系列13,21.762,-0.004682403781
子图5,系列13,21.768,-0.0293291306
子图5,系列13,21.774,-0.05508335258
子图5,系列13,21.78,-0.08072067351
子图5,系列13,21.786,-0.1049986222
子图5,系列13,21.792,-0.126719053
子图5,系列13,21.798,-0.144790993
子图5,系列13,21.804,-0.158294331
子图5,系列13,21.81,-0.1665405874
子图5,系列13,21.816,-0.1691281708
子图5,系列13,21.822,-0.1659819349
子图5,系列13,21.828,-0.1573712096
子图5,系列13,21.834,-0.1438971522
子图5,系列13,21.84,-0.1264480024
子图5,系列13,21.846,-0.1061251221
子图5,系列13,21.852,-0.0841487384
子图5,系列13,21.858,-0.06175760476
子图5,系列13,21.864,-0.04011521069
子图5,系列13,21.87,-0.02023569977
子图5,系列13,21.876,-0.002932719845
子图5,系列13,21.882,0.01120530212
子图5,系列13,21.888,0.02182184327
子图5,系列13,21.894,0.02878419925
子图5,系列13,21.9,0.03216807381
子图5,系列13,21.906,0.03223835766
子图5,系列13,21.912,0.02942232948
子图5,系列13,21.918,0.02427774665
子图5,系列13,21.924,0.01744725419
子图5,系列13,21.93,0.009604022668
子图5,系列13,21.936,0.001389304465
子图5,系列13,21.942,-0.006648878391
子图5,系列13,21.948,-0.01410422081
子图5,系列13,21.954,-0.02073919561
子图5,系列13,21.96,-0.02648145294
子图5,系列13,21.966,-0.03139040522
子图5,系列13,21.972,-0.03559851149
子图5,系列13,21.978,-0.03924009047
子图5,系列13,21.984,-0.04238193525
子图5,系列13,21.99,-0.04497183334
子图5,系列13,21.996,-0.04681592932
子图5,系列13,22.002,-0.04759212222
子图5,系列13,22.008,-0.04689837757
子图5,系列13,22.014,-0.04432899512
子图5,系列13,22.02,-0.0395662304
子图5,系列13,22.026,-0.0324704841
子图5,系列13,22.032,-0.02315173782
子图5,系列13,22.038,-0.01200635877
子图5,系列13,22.044,0.0002928609785
子图5,系列13,22.05,0.01285639423
子图5,系列13,22.056,0.02468424781
子图5,系列13,22.062,0.03480331602
子图5,系列13,22.068,0.04241481995
子图5,系列13,22.074,0.04702573521
子图5,系列13,22.08,0.04853748774
子图5,系列13,22.086,0.04727402103
子图5,系列13,22.092,0.04393770679
子图5,系列13,22.098,0.03949917367
子图5,系列13,22.104,0.03503656298
子图5,系列13,22.11,0.03155265917
子图5,系列13,22.116,0.02980293201
子图5,系列13,22.122,0.03016573469
子图5,系列13,22.128,0.03258066358
子图5,系列13,22.134,0.03656603115
子图5,系列13,22.14,0.04131420443
子图5,系列13,22.146,0.04584630228
子图5,系列13,22.152,0.04919754133
子图5,系列13,22.158,0.05059750934
子图5,系列13,22.164,0.04960944036
子图5,系列13,22.17,0.04620198504
子图5,系列13,22.176,0.04073733463
子图5,系列13,22.182,0.03388069721
子图5,系列13,22.188,0.02644876766
子图5,系列13,22.194,0.01923275614
子图5,系列13,22.2,0.01283459503
子图5,系列13,22.206,0.007554123203
子图5,系列13,22.212,0.003353840512
子图5,系列13,22.218,-9.288687432e-05
子图5,系列13,22.224,-0.003280625475
子图5,系列13,22.23,-0.00671024864
子图5,系列13,22.236,-0.01072590146
子图5,系列13,22.242,-0.0153909858
子图5,系列13,22.248,-0.02043443438
子图5,系列13,22.254,-0.02527766632
子图5,系列13,22.26,-0.02913681118
子图5,系列13,22.266,-0.03117326778
子图5,系列13,22.272,-0.0306582268
子图5,系列13,22.278,-0.02711494568
子图5,系列13,22.284,-0.02041037152
子图5,系列13,22.29,-0.01078322484
子图5,系列13,22.296,0.001190258576
子图5,系列13,22.302,0.0146767681
子图5,系列13,22.308,0.02869174632
子图5,系列13,22.314,0.04220671402
子图5,系列13,22.32,0.05424330784
子图5,系列13,22.326,0.06394361658
子图5,系列13,22.332,0.07061842926
子图5,系列13,22.338,0.07377671499
子图5,系列13,22.344,0.0731438077
子图5,系列13,22.35,0.0686722339
子图5,系列13,22.356,0.06054563364
子图5,系列13,22.362,0.04917455818
子图5,系列13,22.368,0.03517767191
子图5,系列13,22.374,0.01934860278
子图5,系列13,22.38,0.002605274787
子图5,系列13,22.386,-0.01407128728
子图5,系列13,22.392,-0.02970203241
子图5,系列13,22.398,-0.04337069024
子图5,系列13,22.404,-0.05427002149
子图5,系列13,22.41,-0.06173290104
子图5,系列13,22.416,-0.06524632964
子图5,系列13,22.422,-0.06445535557
子图5,系列13,22.428,-0.05916541761
子图5,系列13,22.434,-0.04934932187
子图5,系列13,22.44,-0.03516563818
子图5,系列13,22.446,-0.01698659207
子图5,系列13,22.452,0.004571520528
子图5,系列13,22.458,0.02862493649
子图5,系列13,22.464,0.05402386741
子图5,系列13,22.47,0.0793877139
子图5,系列13,22.476,0.1031863148
子图5,系列13,22.482,0.1238647332
子图5,系列13,22.488,0.1400028087
子图5,系列13,22.494,0.1504904504
子图5,系列13,22.5,0.1546884404
子图5,系列13,22.506,0.1525479679
子图5,系列13,22.512,0.1446554822
子图5,系列13,22.518,0.1321895448
子图5,系列13,22.524,0.11677936
子图5,系列13,22.53,0.1002832634
子图5,系列13,22.536,0.08451378995
子图5,系列13,22.542,0.07095601451
子图5,系列13,22.548,0.06052885531
子图5,系列13,22.554,0.05343556475
子图5,系列13,22.56,0.04914009098
子图5,系列13,22.566,0.04647739535
子图5,系列13,22.572,0.0438894909
子图5,系列13,22.578,0.03974210906
子图5,系列13,22.584,0.03266914526
子图5,系列13,22.59,0.02187488447
子图5,系列13,22.596,0.00733478153
子图5,系列13,22.602,-0.0101462361
子图5,系列13,22.608,-0.02903477903
子图5,系列13,22.614,-0.04730860304
子图5,系列13,22.62,-0.06279278621
子图5,系列13,22.626,-0.07352760692
子图5,系列13,22.632,-0.07810048773
子图5,系列13,22.638,-0.07588360767
子图5,系列13,22.644,-0.06713744959
子图5,系列13,22.65,-0.05296785528
子图5,系列13,22.656,-0.03515133217
子图5,系列13,22.662,-0.01586232205
子图5,系列13,22.668,0.002646128954
子图5,系列13,22.674,0.01835827328
子图5,系列13,22.68,0.02975898349
子图5,系列13,22.686,0.03600887546
子图5,系列13,22.692,0.03701224811
子图5,系列13,22.698,0.03337120326
子图5,系列13,22.704,0.02624256621
子图5,系列13,22.71,0.01711980821
子图5,系列13,22.716,0.007580854047
子图5,系列13,22.722,-0.0009589411253
子图5,系列13,22.728,-0.007446527328
子图5,系列13,22.734,-0.01131077306
子图5,系列13,22.74,-0.01248586039
子图5,系列13,22.746,-0.01133674376
子图5,系列13,22.752,-0.008509316647
子图5,系列13,22.758,-0.004737963861
子图5,系列13,22.764,-0.0006554191662
子图5,系列13,22.77,0.003354676535
子图5,系列13,22.776,0.007230448168
子图5,系列13,22.782,0.0112160748
子图5,系列13,22.788,0.01576342415
子图5,系列13,22.794,0.02137518923
子图5,系列13,22.8,0.02842696508
子图5,系列13,22.806,0.03700895078
子图5,系列13,22.812,0.04682462546
子图5,系列13,22.818,0.0571694899
子图5,系列13,22.824,0.06699709223
子图5,系列13,22.83,0.07506019449
子图5,系列13,22.836,0.08010078105
子图5,系列13,22.842,0.08105456703
子图5,系列13,22.848,0.07723288381
子图5,系列13,22.854,0.06845401061
子图5,系列13,22.86,0.0551025366
子图5,系列13,22.866,0.03811177077
子图5,系列13,22.872,0.01887374353
子图5,系列13,22.878,-0.0009095596334
子图5,系列13,22.884,-0.01941132695
子图5,系列13,22.89,-0.0348807729
子图5,系列13,22.896,-0.04583429829
子图5,系列13,22.902,-0.05121664681
子图5,系列13,22.908,-0.05051419246
子图5,系列13,22.914,-0.04380588661
子图5,系列13,22.92,-0.03174615901
子图5,系列13,22.926,-0.01547907903
子图5,系列13,22.932,0.003506796236
子图5,系列13,22.938,0.0235646287
子图5,系列13,22.944,0.0430916062
子图5,系列13,22.95,0.06071649881
子图5,系列13,22.956,0.07544281288
子图5,系列13,22.962,0.08672289115
子图5,系列13,22.968,0.09445089481
子图5,系列13,22.974,0.09887609684
子图5,系列13,22.98,0.1004567237
子图5,系列13,22.986,0.0996845228
子图5,系列13,22.992,0.09692081116
子图5,系列13,22.998,0.09228013444
子图5,系列13,23.004,0.08559093418
子图5,系列13,23.01,0.07644439386
子图5,系列13,23.016,0.064324533
子图5,系列13,23.022,0.04879559362
子图5,系列13,23.028,0.02970682141
子图5,系列13,23.034,0.007373812541
子图5,系列13,23.04,-0.0173071966
子图5,系列13,23.046,-0.0428411248
子图5,系列13,23.052,-0.0672272279
子图5,系列13,23.058,-0.08816088412
子图5,系列13,23.064,-0.1033193353
子图5,系列13,23.07,-0.110693226
子图5,系列13,23.076,-0.1089138946
子图5,系列13,23.082,-0.09751854217
子图5,系列13,23.088,-0.07710807866
子图5,系列13,23.094,-0.04935340802
子图5,系列13,23.1,-0.016840066
子图5,系列13,23.106,0.0172434421
子图5,系列13,23.112,0.04953396383
子图5,系列13,23.118,0.07697405058
子图5,系列13,23.124,0.09727024751
子图5,系列13,23.13,0.1092413657
子图5,系列13,23.136,0.1129950619
子图5,系列13,23.142,0.1098854236
子图5,系列13,23.148,0.1022538748
子图5,系列13,23.154,0.09298943003
子图5,系列13,23.16,0.08498571722
子图5,系列13,23.166,0.08059488236
子图5,系列13,23.172,0.08118121196
子图5,系列13,23.178,0.08686451609
子图5,系列13,23.184,0.09650346672
子图5,系列13,23.19,0.1079267064
子图5,系列13,23.196,0.1183654166
子图5,系列13,23.202,0.1250049221
子图5,系列13,23.208,0.1255439273
子图5,系列13,23.214,0.1186541724
子图5,系列13,23.22,0.1042506126
子图5,系列13,23.226,0.08352408378
子图5,系列13,23.232,0.05873749284
子图5,系列13,23.238,0.03282977342
子图5,系列13,23.244,0.008912258095
子图5,系列13,23.25,-0.0102471236
子图5,系列13,23.256,-0.02265566143
子图5,系列13,23.262,-0.02737319218
子图5,系列13,23.268,-0.02459699532
子图5,系列13,23.274,-0.01555617939
子图5,系列13,23.28,-0.002249116003
子图5,系列13,23.286,0.01291432862
子图5,系列13,23.292,0.02750092526
子图5,系列13,23.298,0.03940279601
子图5,系列13,23.304,0.04710027821
子图5,系列13,23.31,0.0498068885
子图5,系列13,23.316,0.04749056188
子图5,系列13,23.322,0.04078697246
子图5,系列13,23.328,0.03083052387
子图5,系列13,23.334,0.01904421323
子图5,系列13,23.34,0.006920558923
子图5,系列13,23.346,-0.004170080301
子图5,系列13,23.352,-0.01312805609
子图5,系列13,23.358,-0.01921429078
子图5,系列13,23.364,-0.0220891503
子图5,系列13,23.37,-0.02180268713
子图5,系列13,23.376,-0.01875478984
子图5,系列13,23.382,-0.01363382838
子图5,系列13,23.388,-0.007344775483
子图5,系列13,23.394,-0.0009334022051
子图5,系列13,23.4,0.004496292693
子图5,系列13,23.406,0.007866097592
子图5,系列13,23.412,0.008217006611
子图5,系列13,23.418,0.00480245713
子图5,系列13,23.424,-0.00281735216
子图5,系列13,23.43,-0.01469596845
子图5,系列13,23.436,-0.03044440738
子图5,系列13,23.442,-0.04921444967
子图5,系列13,23.448,-0.06973117642
子图5,系列13,23.454,-0.09038028777
子图5,系列13,23.46,-0.1093489556
子图5,系列13,23.466,-0.1248063544
子图5,系列13,23.472,-0.1351072976
子图5,系列13,23.478,-0.13898889
子图5,系列13,23.484,-0.135737347
子图5,系列13,23.49,-0.1252952815
子图5,系列13,23.496,-0.1082965886
子图5,系列13,23.502,-0.08601861979
子图5,系列13,23.508,-0.06025895908
子图5,系列13,23.514,-0.03315142173
子图5,系列13,23.52,-0.006944663242
子图5,系列13,23.526,0.01622882718
子图5,系列13,23.532,0.0345680376
子图5,系列13,23.538,0.04677853012
子图5,系列13,23.544,0.05219270354
子图5,系列13,23.55,0.0508215817
子图5,系列13,23.556,0.04333815469
子图5,系列13,23.562,0.03098966525
子图5,系列13,23.568,0.01545111477
子图5,系列13,23.574,-0.001369667587
子图5,系列13,23.58,-0.01755362438
子图5,系列13,23.586,-0.03139341664
子图5,系列13,23.592,-0.04158992717
子图5,系列13,23.598,-0.04739185281
子图5,系列13,23.604,-0.04865632552
子图5,系列13,23.61,-0.04581690819
子图5,系列13,23.616,-0.03976152397
子图5,系列13,23.622,-0.03163865676
子图5,系列13,23.628,-0.02262597914
子图5,系列13,23.634,-0.01370251243
子图5,系列13,23.64,-0.005470029144
子图5,系列13,23.646,0.001942619912
子图5,系列13,23.652,0.008869003463
子图5,系列13,23.658,0.01599033321
子图5,系列13,23.664,0.02413471614
子图5,系列13,23.67,0.03403023102
子图5,系列13,23.676,0.04606051485
子图5,系列13,23.682,0.06007361943
子图5,系列13,23.688,0.07528912979
子图5,系列13,23.694,0.09032858814
子图5,系列13,23.7,0.1033756437
子图5,系列13,23.706,0.112443757
子图5,系列13,23.712,0.1157091832
子图5,系列13,23.718,0.1118495774
子图5,系列13,23.724,0.1003240547
子图5,系列13,23.73,0.08153810451
子图5,系列13,23.736,0.05685508498
子图5,系列13,23.742,0.02844680202
子图5,系列13,23.748,-0.0009974775097
子图5,系列13,23.754,-0.02865047339
子图5,系列13,23.76,-0.05194998287
子图5,系列13,23.766,-0.06895111817
子图5,系列13,23.772,-0.07856541829
子图5,系列13,23.778,-0.08064881396
子图5,系列13,23.784,-0.07592463062
子图5,系列13,23.79,-0.06576698308
子图5,系列13,23.796,-0.05188780534
子图5,系列13,23.802,-0.03599492844
子图5,系列13,23.808,-0.01948712576
子图5,系列13,23.814,-0.003247261448
子图5,系列13,23.82,0.01242871473
子图5,系列13,23.826,0.02775560827
子图5,系列13,23.832,0.04325436751
子图5,系列13,23.838,0.05946821014
子图5,系列13,23.844,0.0766590389
子图5,系列13,23.85,0.09455819652
子图5,系列13,23.856,0.1122252061
子图5,系列13,23.862,0.128054745
子图5,系列13,23.868,0.1399374245
子图5,系列13,23.874,0.1455493109
子图5,系列13,23.88,0.1427227748
子图5,系列13,23.886,0.1298298807
子图5,系列13,23.892,0.1061145901
子图5,系列13,23.898,0.07191290691
子图5,系列13,23.904,0.02872811927
子图5,系列13,23.91,-0.02085332972
子图5,系列13,23.916,-0.0733884322
子图5,系列13,23.922,-0.1249146588
子图5,系列13,23.928,-0.1713493225
子图5,系列13,23.934,-0.2089031956
子图5,系列13,23.94,-0.2344610392
子图5,系列13,23.946,-0.2458949344
子图5,系列13,23.952,-0.2422818936
子图5,系列13,23.958,-0.2240116827
子图5,系列13,23.964,-0.1927745461
子图5,系列13,23.97,-0.1514249214
子图5,系列13,23.976,-0.1037273062
子图5,系列13,23.982,-0.05399115237
子图5,系列13,23.988,-0.006627359518
子图5,系列13,23.994,0.03434050676
子图5,系列13,24,0.0657444712
子图5,系列13,24.006,0.08566156676
子图5,系列13,24.012,0.09364934751
子图5,系列13,24.018,0.09078346336
子图5,系列13,24.024,0.07946719437
子图5,系列13,24.03,0.06303077254
子图5,系列13,24.036,0.04517505235
子图5,系列13,24.042,0.02934305127
子图5,系列13,24.048,0.01813472784
子图5,系列13,24.054,0.01286141165
子图5,系列13,24.06,0.01333500703
子图5,系列13,24.066,0.01792922363
子图5,系列13,24.072,0.02391462588
子图5,系列13,24.078,0.02800920706
子图5,系列13,24.084,0.02704869687
子图5,系列13,24.09,0.01865437603
子图5,系列13,24.096,0.001773275375
子图5,系列13,24.102,-0.02301380754
子图5,系列13,24.108,-0.05347974682
子图5,系列13,24.114,-0.08604706171
子图5,系列13,24.12,-0.1163456218
子图5,系列13,24.126,-0.1399405249
子图5,系列13,24.132,-0.1531042434
子图5,系列13,24.138,-0.1534956152
子图5,系列13,24.144,-0.140627602
子图5,系列13,24.15,-0.1160325277
子图5,系列13,24.156,-0.08309466712
子图5,系列13,24.162,-0.04656621587
子图5,系列13,24.168,-0.01184604824
子图5,系列13,24.174,0.01586604374
子图5,系列13,24.18,0.0323985309
子图5,系列13,24.186,0.03528418512
子图5,系列13,24.192,0.0241683524
子图5,系列13,24.198,0.0008775942578
子图5,系列13,24.204,-0.03086389118
子图5,系列13,24.21,-0.06602835801
子图5,系列13,24.216,-0.09908687763
子图5,系列13,24.222,-0.1248902797
子图5,系列13,24.228,-0.1394763144
子图5,系列13,24.234,-0.1406714227
子图5,系列13,24.24,-0.1283863983
子图5,系列13,24.246,-0.1045606042
子图5,系列13,24.252,-0.0727721088
子图5,系列13,24.258,-0.03758428669
子图5,系列13,24.264,-0.003749071023
子图5,系列13,24.27,0.0245946871
子图5,系列13,24.276,0.04458807785
子图5,系列13,24.282,0.05506872731
子图5,系列13,24.288,0.05667169351
子图5,系列13,24.294,0.05159684552
子图5,系列13,24.3,0.04309319848
子图5,系列13,24.306,0.03475432856
子图5,系列13,24.312,0.02975403167
子图5,系列13,24.318,0.03016996149
子图5,系列13,24.324,0.03651420184
子图5,系列13,24.33,0.04757060432
子图5,系列13,24.336,0.06056592747
子图5,系列13,24.342,0.07165200126
子图5,系列13,24.348,0.07661255228
子图5,系列13,24.354,0.07166364154
子图5,系列13,24.36,0.05420552833
子图5,系列13,24.366,0.02338256358
子图5,系列13,24.372,-0.01964585381
子图5,系列13,24.378,-0.07177637639
子图5,系列13,24.384,-0.1283573312
子图5,系列13,24.39,-0.1838400598
子图5,系列13,24.396,-0.2325693135
子图5,系列13,24.402,-0.2695799509
子图5,系列13,24.408,-0.2912681012
子图5,系列13,24.414,-0.2958371347
子图5,系列13,24.42,-0.2834580753
子图5,系列13,24.426,-0.2561399497
子图5,系列13,24.432,-0.2173503603
子图5,系列13,24.438,-0.171465436
子图5,系列13,24.444,-0.1231488741
子图5,系列13,24.45,-0.07675786689
子图5,系列13,24.456,-0.03586146474
子图5,系列13,24.462,-0.002924440155
子图5,系列13,24.468,0.02082039997
子图5,系列13,24.474,0.03532266336
子图5,系列13,24.48,0.04151915232
子图5,系列13,24.486,0.04104562918
子图5,系列13,24.492,0.03589860895
子图5,系列13,24.498,0.02810542332
子图5,系列13,24.504,0.01942834732
子图5,系列13,24.51,0.01114151992
子图5,系列13,24.516,0.003892423496
子图5,系列13,24.522,-0.00234082306
子图5,系列13,24.528,-0.008190319624
子图5,系列13,24.534,-0.01475075244
子图5,系列13,24.54,-0.02335001382
子图5,系列13,24.546,-0.03527169927
子图5,系列13,24.552,-0.05145768213
子图5,系列13,24.558,-0.07223845834
子图5,系列13,24.564,-0.09713242689
子图5,系列13,24.57,-0.1247587656
子图5,系列13,24.576,-0.1528924688
子图5,系列13,24.582,-0.1786741553
子图5,系列13,24.588,-0.1989618409
子图5,系列13,24.594,-0.210782002
子图5,系列13,24.6,-0.21181553
子图5,系列13,24.606,-0.2008320423
子图5,系列13,24.612,-0.177986669
子图5,系列13,24.618,-0.1449071047
子图5,系列13,24.624,-0.104529135
子图5,系列13,24.63,-0.0606925538
子图5,系列13,24.636,-0.01755004528
子图5,系列13,24.642,0.02110131547
子图5,系列13,24.648,0.05244403136
子图5,系列13,24.654,0.07508751738
子图5,系列13,24.66,0.08924361384
子图5,系列13,24.666,0.09658729466
子图5,系列13,24.672,0.09981901023
子图5,系列13,24.678,0.1020209638
子图5,系列13,24.684,0.1059290517
子图5,系列13,24.69,0.1132790254
子图5,系列13,24.696,0.1243578861
子图5,系列13,24.702,0.137859997
子图5,系列13,24.708,0.1510814953
子图5,系列13,24.714,0.1604191973
子图5,系列13,24.72,0.1620807281
子图5,系列13,24.726,0.1528689101
子图5,系列13,24.732,0.1308922874
子图5,系列13,24.738,0.09606413546
子图5,系列13,24.744,0.05029953328
子图5,系列13,24.75,-0.002631110901
子图5,系列13,24.756,-0.05756240367
子图5,系列13,24.762,-0.1086320058
子图5,系列13,24.768,-0.1500958116
子图5,系列13,24.774,-0.1771303533
子图5,系列13,24.78,-0.1864976047
子图5,系列13,24.786,-0.1769806492
子图5,系列13,24.792,-0.1495347835
子图5,系列13,24.798,-0.1071492695
子图5,系列13,24.804,-0.0544502289
子图5,系列13,24.81,0.002890571621
子图5,系列13,24.816,0.05885646272
子图5,系列13,24.822,0.1078112611
子图5,系列13,24.828,0.1451562313
子图5,系列13,24.834,0.1678537394
子图5,系列13,24.84,0.1747499513
子图5,系列13,24.846,0.1666714516
子图5,系列13,24.852,0.1462700032
子图5,系列13,24.858,0.1176394794
子图5,系列13,24.864,0.08573047945
子图5,系列13,24.87,0.05563659107
子图5,系列13,24.876,0.03183503466
子图5,系列13,24.882,0.01748542364
子图5,系列13,24.888,0.01390347865
子图5,系列13,24.894,0.0202922193
子图5,系列13,24.9,0.03381155982
子图5,系列13,24.906,0.04998215858
子图5,系列13,24.912,0.06339600068
子图5,系列13,24.918,0.0686166291
子图5,系列13,24.924,0.06113410358
子图5,系列13,24.93,0.03820473962
子图5,系列13,24.936,-0.0005734894506
子图5,系列13,24.942,-0.05305583664
子图5,系列13,24.948,-0.11476444
子图5,系列13,24.954,-0.1794840832
子图5,系列13,24.96,-0.2401486322
子图5,系列13,24.966,-0.2898641114
子图5,系列13,24.972,-0.3229062516
子图5,系列13,24.978,-0.3355270372
子图5,系列13,24.984,-0.3264549454
子图5,系列13,24.99,-0.2970157559
子图5,系列13,24.996,-0.2508793265
子图5,系列13,25.002,-0.1934819498
子图5,系列13,25.008,-0.1312353744
子图5,系列13,25.014,-0.07064450347
子图5,系列13,25.02,-0.01747058394
子图5,系列13,25.026,0.0239471403
子图5,系列13,25.032,0.05113250227
子图5,系列13,25.038,0.06362879497
子图5,系列13,25.044,0.06288551524
子图5,系列13,25.05,0.0518997781
子图5,系列13,25.056,0.034699098
子图5,系列13,25.062,0.01572846297
子图5,系列13,25.068,-0.0007541281551
子图5,系列13,25.074,-0.01121239631
子图5,系列13,25.08,-0.01322831735
子图5,系列13,25.086,-0.005725621287
子图5,系列13,25.092,0.01098370117
子图5,系列13,25.098,0.03533015504
子图5,系列13,25.104,0.06474230153
子图5,系列13,25.11,0.09599997208
子图5,系列13,25.116,0.1256152503
子图5,系列13,25.122,0.1502091165
子图5,系列13,25.128,0.1668373669
子图5,系列13,25.134,0.1732502979
子图5,系列13,25.14,0.1680749172
子图5,系列13,25.146,0.1509200404
子图5,系列13,25.152,0.1224092731
子图5,系列13,25.158,0.08414098987
子图5,系列13,25.164,0.03857803118
子图5,系列13,25.17,-0.0111393739
子图5,系列13,25.176,-0.06145027835
子图5,系列13,25.182,-0.108692053
子图5,系列13,25.188,-0.14945102
子图5,系列13,25.194,-0.1809085511
子图5,系列13,25.2,-0.2011297749
子图5,系列13,25.206,-0.2092508691
子图5,系列13,25.212,-0.2055237719
子图5,系列13,25.218,-0.1912112174
子图5,系列13,25.224,-0.1683419535
子图5,系列13,25.23,-0.1393741928
子图5,系列13,25.236,-0.1068295837
子图5,系列13,25.242,-0.07296421636
子图5,系列13,25.248,-0.03954161347
子图5,系列13,25.254,-0.007732878777
子图5,系列13,25.26,0.02184428127
子图5,系列13,25.266,0.04898576581
子图5,系列13,25.272,0.07370385484
子图5,系列13,25.278,0.09603388362
子图5,系列13,25.284,0.1158919201
子图5,系列13,25.29,0.1330087433
子图5,系列13,25.296,0.1469489657
子图5,系列13,25.302,0.1571889838
子图5,系列13,25.308,0.1632326952
子图5,系列13,25.314,0.1647238673
子图5,系列13,25.32,0.1615370384
子图5,系列13,25.326,0.1538299198
子图5,系列13,25.332,0.1420542068
子图5,系列13,25.338,0.1269331235
子图5,系列13,25.344,0.1094047469
子图5,系列13,25.35,0.09054397658
子图5,系列13,25.356,0.07145702006
子图5,系列13,25.362,0.05315977752
子图5,系列13,25.368,0.03644307508
子图5,系列13,25.374,0.02174672818
子图5,系列13,25.38,0.009068550907
子图5,系列13,25.386,-0.00206113802
子图5,系列13,25.392,-0.01250796762
子图5,系列13,25.398,-0.02335902747
子图5,系列13,25.404,-0.03565313522
子图5,系列13,25.41,-0.05006574818
子图5,系列13,25.416,-0.06661429165
子图5,系列13,25.422,-0.08446646168
子图5,系列13,25.428,-0.1019228474
子图5,系列13,25.434,-0.1166104463
子图5,系列13,25.44,-0.1258763415
子图5,系列13,25.446,-0.1273139111
子图5,系列13,25.452,-0.1193095146
子图5,系列13,25.458,-0.1014817604
子图5,系列13,25.464,-0.07489693645
子图5,系列13,25.47,-0.04199551363
子图5,系列13,25.476,-0.006231418605
子图5,系列13,25.482,0.02850451322
子图5,系列13,25.488,0.05854765738
子图5,系列13,25.494,0.08106607525
子图5,系列13,25.5,0.09447645474
子图5,系列13,25.506,0.09859286963
子图5,系列13,25.512,0.0944960767
子图5,系列13,25.518,0.08417814722
子图5,系列13,25.524,0.07007135338
子图5,系列13,25.53,0.05457642146
子图5,系列13,25.536,0.03970470914
子图5,系列13,25.542,0.0268874127
子图5,系列13,25.548,0.01697019948
子图5,系列13,25.554,0.01034137922
子图5,系列13,25.56,0.007125401568
子图5,系列13,25.566,0.007355278553
子图5,系列13,25.572,0.01105946632
子图5,系列13,25.578,0.01823861323
子图5,系列13,25.584,0.02873701339
子图5,系列13,25.59,0.04206762935
子图5,系列13,25.596,0.05724562853
子图5,系列13,25.602,0.0727110782
子图5,系列13,25.608,0.08637647533
子图5,系列13,25.614,0.09582734374
子图5,系列13,25.62,0.09864759842
子图5,系列13,25.626,0.09282376234
子图5,系列13,25.632,0.07715297879
子图5,系列13,25.638,0.0515735769
子图5,系列13,25.644,0.01735274876
子图5,系列13,25.65,-0.02292286134
子图5,系列13,25.656,-0.06556136677
子图5,系列13,25.662,-0.1061720506
子图5,系列13,25.668,-0.140205019
子图5,系列13,25.674,-0.1635527526
子图5,系列13,25.68,-0.1731198183
子图5,系列13,25.686,-0.1672777699
子图5,系列13,25.692,-0.1461296066
子图5,系列13,25.698,-0.1115426199
子图5,系列13,25.704,-0.06693714009
子图5,系列13,25.71,-0.01685815434
子图5,系列13,25.716,0.03360813933
子图5,系列13,25.722,0.07949322263
子图5,系列13,25.728,0.1165766865
子图5,系列13,25.734,0.1419036211
子图5,系列13,25.74,0.1541046518
子图5,系列13,25.746,0.1534817882
子图5,系列13,25.752,0.1418481917
子图5,系列13,25.758,0.1221580281
子图5,系列13,25.764,0.09799485572
子图5,系列13,25.77,0.0730045275
子图5,系列13,25.776,0.05037468581
子图5,系列13,25.782,0.03243601623
子图5,系列13,25.788,0.02044976988
子图5,系列13,25.794,0.01459244381
子图5,系列13,25.8,0.01412432127
子图5,系列13,25.806,0.01768559958
子图5,系列13,25.812,0.02365157001
子图5,系列13,25.818,0.03047217393
子图5,系列13,25.824,0.0369320506
子图5,系列13,25.83,0.0422950968
子图5,系列13,25.836,0.04631867768
子图5,系列13,25.842,0.04915864616
子图5,系列13,25.848,0.05119908985
子图5,系列13,25.854,0.05285643986
子图5,系列13,25.86,0.05440412223
子图5,系列13,25.866,0.05585234424
子图5,系列13,25.872,0.05690184636
子图5,系列13,25.878,0.05697104337
子图5,系列13,25.884,0.05527978258
子图5,系列13,25.89,0.05096872822
子图5,系列13,25.896,0.04322747328
子图5,系列13,25.902,0.03141768445
子图5,系列13,25.908,0.01517906973
子图5,系列13,25.914,-0.00548068913
子图5,系列13,25.92,-0.03011412065
子图5,系列13,25.926,-0.05778269428
子图5,系列13,25.932,-0.08703885991
子图5,系列13,25.938,-0.1159593444
子图5,系列13,25.944,-0.1422526051
子图5,系列13,25.95,-0.1634522324
子图5,系列13,25.956,-0.177196601
子图5,系列13,25.962,-0.1815667182
子图5,系列13,25.968,-0.175434049
子图5,系列13,25.974,-0.1587534762
子图5,系列13,25.98,-0.1327295869
子图5,系列13,25.986,-0.09980745472
子图5,系列13,25.992,-0.06345468814
子图5,系列13,25.998,-0.02775737704
子图5,系列13,26.004,0.003127807439
子图5,系列13,26.01,0.02557189364
子图5,系列13,26.016,0.03703239978
子图5,系列13,26.022,0.03646987594
子图5,系列13,26.028,0.02455233582
子图5,系列13,26.034,0.003606418339
子图5,系列13,26.04,-0.0226859438
子图5,系列13,26.046,-0.04979728391
子图5,系列13,26.052,-0.07300750845
子图5,系列13,26.058,-0.08809169033
子图5,系列13,26.064,-0.0919573617
子图5,系列13,26.07,-0.08312482824
子图5,系列13,26.076,-0.06198982413
子图5,系列13,26.082,-0.03082036102
子图5,系列13,26.088,0.006516406954
子图5,系列13,26.094,0.04506325479
子图5,系列13,26.1,0.07945690796
子图5,系列13,26.106,0.1046859158
子图5,系列13,26.112,0.1168207322
子图5,系列13,26.118,0.1135973606
子图5,系列13,26.124,0.09476977994
子图5,系列13,26.13,0.06216286114
子图5,系列13,26.136,0.01941956788
子图5,系列13,26.142,-0.02852699788
子图5,系列13,26.148,-0.07616681937
子图5,系列13,26.154,-0.1181954632
子图5,系列13,26.16,-0.150234963
子图5,系列13,26.166,-0.1693711207
子图5,系列13,26.172,-0.1744323387
子图5,系列13,26.178,-0.1659715482
子图5,系列13,26.184,-0.1459913663
子图5,系列13,26.19,-0.1174787486
子图5,系列13,26.196,-0.08386747737
子图5,系列13,26.202,-0.0485302714
子图5,系列13,26.208,-0.01439544407
子图5,系列13,26.214,0.01626664387
子图5,系列13,26.22,0.04188540598
子图5,系列13,26.226,0.06149803366
子图5,系列13,26.232,0.074591466
子图5,系列13,26.238,0.08094450339
子图5,系列13,26.244,0.0805293227
子图5,系列13,26.25,0.07349291744
子图5,系列13,26.256,0.06022043917
子图5,系列13,26.262,0.04143284565
子图5,系列13,26.268,0.01828195266
子图5,系列13,26.274,-0.00762662542
子图5,系列13,26.28,-0.03430545173
子图5,系列13,26.286,-0.05957407157
子图5,系列13,26.292,-0.08134084704
子图5,系列13,26.298,-0.09792606693
子图5,系列13,26.304,-0.1083708608
子图5,系列13,26.31,-0.112649176
子图5,系列13,26.316,-0.1117422124
子图5,系列13,26.322,-0.1075328177
子图5,系列13,26.328,-0.1025330952
子图5,系列13,26.334,-0.09947956466
子图5,系列13,26.34,-0.1008637036
子图5,系列13,26.346,-0.1084822015
子图5,系列13,26.352,-0.1230884353
子图5,系列13,26.358,-0.1442130541
子图5,系列13,26.364,-0.1701915903
子图5,系列13,26.37,-0.1983982114
子图5,系列13,26.376,-0.2256478139
子图5,系列13,26.382,-0.2486983114
子图5,系列13,26.388,-0.2647619513
子图5,系列13,26.394,-0.2719403521
子图5,系列13,26.4,-0.2695032836
子图5,系列13,26.406,-0.2579685497
子图5,系列13,26.412,-0.2389716414
子图5,系列13,26.418,-0.21495483
子图5,系列13,26.424,-0.188738281
子图5,系列13,26.43,-0.1630536107
子图5,系列13,26.436,-0.1401266009
子图5,系列13,26.442,-0.1213788699
子图5,系列13,26.448,-0.1072958432
子图5,系列13,26.454,-0.09746580382
子图5,系列13,26.46,-0.09077181257
子图5,系列13,26.466,-0.08567617994
子图5,系列13,26.472,-0.08054111007
子图5,系列13,26.478,-0.07391408656
子图5,系列13,26.484,-0.06473324804
子图5,系列13,26.49,-0.05242897495
子图5,系列13,26.496,-0.03691634385
子图5,系列13,26.502,-0.01851488355
子图5,系列13,26.508,0.002181372832
子图5,系列13,26.514,0.02442779162
子图5,系列13,26.52,0.04742688763
子图5,系列13,26.526,0.07037720918
子图5,系列13,26.532,0.09247506333
子图5,系列13,26.538,0.1128918173
子图5,系列13,26.544,0.1307416198
子图5,系列13,26.55,0.1450733434
子图5,系列13,26.556,0.154893994
子图5,系列13,26.562,0.1592317517
子图5,系列13,26.568,0.1572301691
子图5,系列13,26.574,0.1482556418
子图5,系列13,26.58,0.1320029037
子图5,系列13,26.586,0.1085783014
子图5,系列13,26.592,0.07855124285
子图5,系列13,26.598,0.04296550137
子图5,系列13,26.604,0.003311173848
子图5,系列13,26.61,-0.03854120765
子图5,系列13,26.616,-0.08043660131
子图5,系列13,26.622,-0.1200555644
子图5,系列13,26.628,-0.1550496608
子图5,系列13,26.634,-0.1831861037
子图5,系列13,26.64,-0.2024949678
子图5,系列13,26.646,-0.2114156554
子图5,系列13,26.652,-0.20893678
子图5,系列13,26.658,-0.1947243462
子图5,系列13,26.664,-0.169227951
子图5,系列13,26.67,-0.1337472105
子图5,系列13,26.676,-0.09044200632
子图5,系列13,26.682,-0.04225738045
子图5,系列13,26.688,0.007246249349
子图5,系列13,26.694,0.0541734233
子图5,系列13,26.7,0.09466268461
子图5,系列13,26.706,0.1253196944
子图5,系列13,26.712,0.1436523574
子图5,系列13,26.718,0.1484459434
子图5,系列13,26.724,0.1400040697
子图5,系列13,26.73,0.120195481
子图5,系列13,26.736,0.09227644292
子图5,系列13,26.742,0.06048017414
子图5,系列13,26.748,0.02942940866
子图5,系列13,26.754,0.003437657408
子图5,系列13,26.76,-0.01417441103
子图5,系列13,26.766,-0.02164118692
子图5,系列13,26.772,-0.01907448583
子图5,系列13,26.778,-0.008479862379
子图5,系列13,26.784,0.006555449745
子图5,系列13,26.79,0.02146456096
子图5,系列13,26.796,0.03149252906
子图5,系列13,26.802,0.0325516173
子图5,系列13,26.808,0.02198089665
子图5,系列13,26.814,-0.0009128670609
子图5,系列13,26.82,-0.0346416019
子图5,系列13,26.826,-0.07568066232
子图5,系列13,26.832,-0.1189576739
子图5,系列13,26.838,-0.1586024263
子图5,系列13,26.844,-0.1888363737
子图5,系列13,26.85,-0.2048586116
子图5,系列13,26.856,-0.2035838446
子图5,系列13,26.862,-0.184119266
子图5,系列13,26.868,-0.1479051692
子图5,系列13,26.874,-0.09850568931
子图5,系列13,26.88,-0.04108593014
子图5,系列13,26.886,0.01833048048
子图5,系列13,26.892,0.07370890614
子图5,系列13,26.898,0.1198129494
子图5,系列13,26.904,0.1528649934
子图5,系列13,26.91,0.1709550925
子图5,系列13,26.916,0.1741626198
子图5,系列13,26.922,0.1643886624
子图5,系列13,26.928,0.1449500337
子图5,系列13,26.934,0.1200229579
子图5,系列13,26.94,0.09402474737
子图5,系列13,26.946,0.0710430895
子图5,系列13,26.952,0.05437103417
子图5,系列13,26.958,0.04621006141
子图5,系列13,26.964,0.04753634608
子图5,系列13,26.97,0.05812656613
子图5,系列13,26.976,0.07669834054
子图5,系列13,26.982,0.1011283539
子图5,系列13,26.988,0.1287108982
子图5,系列13,26.994,0.1564265583
子图5,系列13,27,0.1812138958
子图5,系列13,27.006,0.2002273224
子图5,系列13,27.012,0.2110853745
子图5,系列13,27.018,0.2120876433
子图5,系列13,27.024,0.2023895537
子图5,系列13,27.03,0.1821035472
子图5,系列13,27.036,0.1523074004
子图5,系列13,27.042,0.1149421198
子图5,系列13,27.048,0.07260448325
子图5,系列13,27.054,0.02825403555
子图5,系列13,27.06,-0.01512264059
子图5,系列13,27.066,-0.05484277769
子图5,系列13,27.072,-0.08880120059
子图5,系列13,27.078,-0.1156478982
子图5,系列13,27.084,-0.1348497648
子图5,系列13,27.09,-0.1466318543
子图5,系列13,27.096,-0.1518260297
子图5,系列13,27.102,-0.1516517914
子图5,系列13,27.108,-0.1474819994
子图5,系列13,27.114,-0.1406247453
子图5,系列13,27.12,-0.1321602781
子图5,系列13,27.126,-0.1228503681
子图5,系列13,27.132,-0.1131211713
子图5,系列13,27.138,-0.103114935
子图5,系列13,27.144,-0.09278010968
子图5,系列13,27.15,-0.08198150776
子图5,系列13,27.156,-0.07059604148
子图5,系列13,27.162,-0.05858247936
子图5,系列13,27.168,-0.04601115834
子图5,系列13,27.174,-0.03306122334
子图5,系列13,27.18,-0.01999515929
子图5,系列13,27.186,-0.00712606209
子图5,系列13,27.192,0.00520509104
子图5,系列13,27.198,0.01664002913
子图5,系列13,27.204,0.02679554336
子图5,系列13,27.21,0.03525302785
子图5,系列13,27.216,0.04155302556
子图5,系列13,27.222,0.0452100649
子图5,系列13,27.228,0.0457545508
子图5,系列13,27.234,0.04279872585
子图5,系列13,27.24,0.036117975
子图5,系列13,27.246,0.02572841976
子图5,系列13,27.252,0.01194177127
子图5,系列13,27.258,-0.004617918827
子图5,系列13,27.264,-0.02304448945
子图5,系列13,27.27,-0.04222311263
子图5,系列13,27.276,-0.06093474682
子图5,系列13,27.282,-0.07797402342
子图5,系列13,27.288,-0.09225946448
子图5,系列13,27.294,-0.102923232
子图5,系列13,27.3,-0.1093697785
子图5,系列13,27.306,-0.111305216
子图5,系列13,27.312,-0.1087405978
子图5,系列13,27.318,-0.1019772776
子图5,系列13,27.324,-0.09157917007
子图5,系列13,27.33,-0.07833366272
子图5,系列13,27.336,-0.06320037745
子图5,系列13,27.342,-0.0472431904
子图5,系列13,27.348,-0.03154700955
子图5,系列13,27.354,-0.01711956261
子图5,系列13,27.36,-0.004791530735
子图5,系列13,27.366,0.004874762768
子图5,系列13,27.372,0.01164873855
子图5,系列13,27.378,0.01565581336
子图5,系列13,27.384,0.01735400263
子图5,系列13,27.39,0.01746238519
子图5,系列13,27.396,0.01685236815
子图5,系列13,27.402,0.01641407564
子图5,系列13,27.408,0.01692040211
子图5,系列13,27.414,0.0189072691
子图5,系列13,27.42,0.0225902177
子图5,系列13,27.426,0.02783181431
子图5,系列13,27.432,0.03416774003
子图5,系列13,27.438,0.04089026451
子图5,系列13,27.444,0.0471795399
子图5,系列13,27.45,0.05226015203
子图5,系列13,27.456,0.05555771955
子图5,系列13,27.462,0.05682331376
子图5,系列13,27.468,0.05620017828
子图5,系列13,27.474,0.05421603691
子图5,系列13,27.48,0.05169733253
子图5,系列13,27.486,0.04962132327
子图5,系列13,27.492,0.04893074963
子图5,系列13,27.498,0.05034978875
子图5,系列13,27.504,0.0542341471
子图5,系列13,27.51,0.06048616566
子图5,系列13,27.516,0.0685475641
子图5,系列13,27.522,0.07746969922
子图5,系列13,27.528,0.08604561252
子图5,系列13,27.534,0.09297781769
子图5,系列13,27.54,0.09705501122
子图5,系列13,27.546,0.09730965697
子图5,系列13,27.552,0.09313936537
子图5,系列13,27.558,0.0843793133
子图5,系列13,27.564,0.07132313125
子图5,系列13,27.57,0.05469420697
子图5,系列13,27.576,0.0355724495
子图5,系列13,27.582,0.01528442343
子图5,系列13,27.588,-0.004733824293
子图5,系列13,27.594,-0.02309147217
子图5,系列13,27.6,-0.03859850976
子图5,系列13,27.606,-0.05040924933
子图5,系列13,27.612,-0.05813027717
子图5,系列13,27.618,-0.06187841961
子图5,系列13,27.624,-0.06227015327
子图5,系列13,27.63,-0.06033627432
子图5,系列13,27.636,-0.05736598088
子图5,系列13,27.642,-0.05469436083
子图5,系列13,27.648,-0.05346729894
子图5,系列13,27.654,-0.05441829935
子图5,系列13,27.66,-0.05770442754
子图5,系列13,27.666,-0.06283496844
子图5,系列13,27.672,-0.06871979036
子图5,系列13,27.678,-0.07383759458
子图5,系列13,27.684,-0.07650559234
子图5,系列13,27.69,-0.07520498666
子图5,系列13,27.696,-0.06890482839
子图5,系列13,27.702,-0.0573208827
子图5,系列13,27.708,-0.04105341896
子图5,系列13,27.714,-0.0215725444
子图5,系列13,27.72,-0.001042385077
子图5,系列13,27.726,0.01798691435
子图5,系列13,27.732,0.03296962051
子图5,系列13,27.738,0.04176683151
子图5,系列13,27.744,0.04299042823
子图5,系列13,27.75,0.03622783067
子图5,系列13,27.756,0.02211134033
子图5,系列13,27.762,0.002222722829
子图5,系列13,27.768,-0.02114422678
子图5,系列13,27.774,-0.04531994622
子图5,系列13,27.78,-0.06763528547
子图5,系列13,27.786,-0.08577620721
子图5,系列13,27.792,-0.09806679473
子图5,系列13,27.798,-0.1036405156
子图5,系列13,27.804,-0.1024877443
子图5,系列13,27.81,-0.09537934068
子图5,系列13,27.816,-0.08369212076
子图5,系列13,27.822,-0.06916751482
子图5,系列13,27.828,-0.05364647951
子图5,系列13,27.834,-0.03881932325
子图5,系列13,27.84,-0.02602537729
子图5,系列13,27.846,-0.01612486925
子图5,系列13,27.852,-0.009452575221
子图5,系列13,27.858,-0.005849481808
子图5,系列13,27.864,-0.004755729871
子图5,系列13,27.87,-0.005344968087
子图5,系列13,27.876,-0.006670442284
子图5,系列13,27.882,-0.007808474006
子图5,系列13,27.888,-0.007974004832
子图5,系列13,27.894,-0.006611532494
子图5,系列13,27.9,-0.003450961645
子图5,系列13,27.906,0.001460475027
子图5,系列13,27.912,0.00774818396
子图5,系列13,27.918,0.01472170419
子图5,系列13,27.924,0.02140404839
子图5,系列13,27.93,0.02659320774
子图5,系列13,27.936,0.02895491197
子图5,系列13,27.942,0.02715888574
子图5,系列13,27.948,0.02004981621
子图5,系列13,27.954,0.006843124425
子图5,系列13,27.96,-0.0126833921
子图5,系列13,27.966,-0.03803442246
子图5,系列13,27.972,-0.06791948003
子图5,系列13,27.978,-0.1002815626
子图5,系列13,27.984,-0.1324539987
子图5,系列13,27.99,-0.1614380226
子图5,系列13,27.996,-0.1842751172
子图5,系列13,28.002,-0.1984617927
子图5,系列13,28.008,-0.202338958
子图5,系列13,28.014,-0.1953887558
子图5,系列13,28.02,-0.1783744737
子图5,系列13,28.026,-0.1532925773
子图5,系列13,28.032,-0.1231263507
子图5,系列13,28.038,-0.09143830709
子图5,系列13,28.044,-0.06185667794
子图5,系列13,28.05,-0.03754414444
子图5,系列13,28.056,-0.0207316188
子图5,系列13,28.062,-0.01239918228
子图5,系列13,28.068,-0.01215569792
子图5,系列13,28.074,-0.01833755906
子图5,系列13,28.08,-0.02831210453
子图5,系列13,28.086,-0.03892904827
子图5,系列13,28.092,-0.04705193237
子图5,系列13,28.098,-0.05007180856
子图5,系列13,28.104,-0.04632906534
子图5,系列13,28.11,-0.03536929506
子图5,系列13,28.116,-0.01800208729
子图5,系列13,28.122,0.003841489522
子图5,系列13,28.128,0.02742267005
子图5,系列13,28.134,0.04962162351
子图5,系列13,28.14,0.06740991446
子图5,系列13,28.146,0.07829454805
子图5,系列13,28.152,0.08067502768
子图5,系列13,28.158,0.07406609267
子图5,系列13,28.164,0.05916696796
子图5,系列13,28.17,0.03777003494
子图5,系列13,28.176,0.01253107841
子图5,系列13,28.182,-0.01337400283
子图5,系列13,28.188,-0.03665736971
子图5,系列13,28.194,-0.05434794016
子图5,系列13,28.2,-0.06418371047
子图5,系列13,28.206,-0.06491799613
子图5,系列13,28.212,-0.05649582711
子图5,系列13,28.218,-0.04006883131
子图5,系列13,28.224,-0.01784274568
子图5,系列13,28.23,0.007230991869
子图5,系列13,28.236,0.03187400446
子图5,系列13,28.242,0.05295421926
子图5,系列13,28.248,0.06793519239
子图5,系列13,28.254,0.07523523259
子图5,系列13,28.26,0.07443323183
子图5,系列13,28.266,0.06629153245
子图5,系列13,28.272,0.05259123837
子图5,系列13,28.278,0.03581028519
子图5,系列13,28.284,0.0187017411
子图5,系列13,28.29,0.003843456647
子图5,系列13,28.296,-0.0067609395
子图5,系列13,28.302,-0.01196650892
子图5,系列13,28.308,-0.01160922461
子图5,系列13,28.314,-0.006454459714
子图5,系列13,28.32,0.002013030838
子图5,系列13,28.326,0.01191003873
子图5,系列13,28.332,0.02132476066
子图5,系列13,28.338,0.02866397923
子图5,系列13,28.344,0.03291742212
子图5,系列13,28.35,0.03379497682
子图5,系列13,28.356,0.03172101537
子图5,系列13,28.362,0.02769614436
子图5,系列13,28.368,0.02306185213
子图5,系列13,28.374,0.01921755978
子图5,系列13,28.38,0.01734553081
子图5,系列13,28.386,0.01819225405
子图5,系列13,28.392,0.02193784901
子图5,系列13,28.398,0.02817027595
子图5,系列13,28.404,0.03595157833
子图5,系列13,28.41,0.04396011706
子图5,系列13,28.416,0.05066964019
子图5,系列13,28.422,0.05454130632
子图5,系列13,28.428,0.05419784754
子图5,系列13,28.434,0.04857233398
子图5,系列13,28.44,0.03702521391
子图5,系列13,28.446,0.01943503088
子图5,系列13,28.452,-0.003734098166
子图5,系列13,28.458,-0.03139361853
子图5,系列13,28.464,-0.06182933153
子图5,系列13,28.47,-0.09276143265
子图5,系列13,28.476,-0.1214805453
子图5,系列13,28.482,-0.1450764028
子图5,系列13,28.488,-0.1607478576
子图5,系列13,28.494,-0.1661740046
子图5,系列13,28.5,-0.1598917499
子图5,系列13,28.506,-0.1416240328
子图5,系列13,28.512,-0.1124843494
子图5,系列13,28.518,-0.07500378483
子图5,系列13,28.524,-0.03293859297
子图5,系列13,28.53,0.009142458911
子图5,系列13,28.536,0.04645368915
子图5,系列13,28.542,0.07469024783
子图5,系列13,28.548,0.09071111126
子图5,系列13,28.554,0.09307996364
子图5,系列13,28.56,0.08234132046
子图5,系列13,28.566,0.06096099532
子图5,系列13,28.572,0.0329121069
子图5,系列13,28.578,0.002979874672
子图5,系列13,28.584,-0.02409148377
子图5,系列13,28.59,-0.04443131144
子图5,系列13,28.596,-0.05568666227
子图5,系列13,28.602,-0.05734967593
子图5,系列13,28.608,-0.05070775064
子图5,系列13,28.614,-0.03845547815
子图5,系列13,28.62,-0.02406370269
子图5,系列13,28.626,-0.01106784702
子图5,系列13,28.632,-0.002420975646
子图5,系列13,28.638,-4.459023362e-05
子图5,系列13,28.644,-0.004633296847
子图5,系列13,28.65,-0.01571563412
子图5,系列13,28.656,-0.03190965015
子图5,系列13,28.662,-0.05127791067
子图5,系列13,28.668,-0.0716915968
子图5,系列13,28.674,-0.09111612864
子图5,系列13,28.68,-0.1077903007
子图5,系列13,28.686,-0.1202831856
子图5,系列13,28.692,-0.1274714855
子图5,系列13,28.698,-0.1284753279
子图5,系列13,28.704,-0.122610324
子图5,系列13,28.71,-0.1093905778
子图5,系列13,28.716,-0.08860084328
子图5,系列13,28.722,-0.06042812079
子图5,系列13,28.728,-0.02561569544
子图5,系列13,28.734,0.01441175864
子图5,系列13,28.74,0.05751161997
子图5,系列13,28.746,0.1009183199
子图5,系列13,28.752,0.1414876562
子图5,系列13,28.758,0.1760646582
子图5,系列13,28.764,0.2019144273
子图5,系列13,28.77,0.2171230911
子图5,系列13,28.776,0.2208802838
子图5,系列13,28.782,0.2135696174
子图5,系列13,28.788,0.1966487108
子图5,系列13,28.794,0.1723465936
子图5,系列13,28.8,0.1432577329
子图5,系列13,28.806,0.1119341945
子图5,系列13,28.812,0.08056649147
子图5,系列13,28.818,0.05081755014
子图5,系列13,28.824,0.02381321147
子图5,系列13,28.83,0.0002569303259
子图5,系列13,28.836,-0.01940844427
子图5,系列13,28.842,-0.03486272335
子图5,系列13,28.848,-0.04585416813
子图5,系列13,28.854,-0.05224320694
子图5,系列13,28.86,-0.05411658352
子图5,系列13,28.866,-0.05191458569
子图5,系列13,28.872,-0.04649547978
子图5,系列13,28.878,-0.03908841137
子图5,系列13,28.884,-0.03111331222
子图5,系列13,28.89,-0.02390417112
子图5,系列13,28.896,-0.01841007286
子图5,系列13,28.902,-0.01496808052
子图5,系列13,28.908,-0.01323630188
子图5,系列13,28.914,-0.01232569711
子图5,系列13,28.92,-0.01111539983
子图5,系列13,28.926,-0.008668917337
子图5,系列13,28.932,-0.004625911527
子图5,系列13,28.938,0.0005561771378
子图5,系列13,28.944,0.005615054542
子图5,系列13,28.95,0.008770240928
子图5,系列13,28.956,0.008239406946
子图5,系列13,28.962,0.002846595854
子图5,系列13,28.968,-0.007440393387
子图5,系列13,28.974,-0.02121548862
子图5,系列13,28.98,-0.03569306222
子图5,系列13,28.986,-0.04714508517
子图5,系列13,28.992,-0.05164428316
子图5,系列13,28.998,-0.04594463001
子图5,系列13,29.004,-0.02830256091
子图5,系列13,29.01,0.0009720914167
子图5,系列13,29.016,0.03936259598
子图5,系列13,29.022,0.08244151741
子图5,系列13,29.028,0.1245476315
子图5,系列13,29.034,0.1596959466
子图5,系列13,29.04,0.1825278844
子图5,系列13,29.046,0.1891064871
子图5,系列13,29.052,0.1774295644
子图5,系列13,29.058,0.1475901879
子图5,系列13,29.064,0.1016273911
子图5,系列13,29.07,0.04314093615
子图5,系列13,29.076,-0.02319582987
子图5,系列13,29.082,-0.09212578452
子图5,系列13,29.088,-0.158225778
子图5,系列13,29.094,-0.2162321548
子图5,系列13,29.1,-0.2613061491
子图5,系列13,29.106,-0.2892792304
子图5,系列13,29.112,-0.2969296293
子图5,系列13,29.118,-0.2822938683
子图5,系列13,29.124,-0.2449895138
子图5,系列13,29.13,-0.1864726328
子图5,系列13,29.136,-0.1101511017
子图5,系列13,29.142,-0.02126397256
子图5,系列13,29.148,0.07350082997
子图5,系列13,29.154,0.1666512455
子图5,系列13,29.16,0.2507109977
子图5,系列13,29.166,0.3191057192
子图5,系列13,29.172,0.3669652616
子图5,系列13,29.178,0.3917085284
子图5,系列13,29.184,0.3933140415
子图5,系列13,29.19,0.3742227935
子图5,系列13,29.196,0.3389026626
子图5,系列13,29.202,0.2931346537
子图5,系列13,29.208,0.2431521173
子图5,系列13,29.214,0.1947571213
子图5,系列13,29.22,0.1525600899
子图5,系列13,29.226,0.1194451536
子图5,系列13,29.232,0.09634224609
子图5,系列13,29.238,0.08232009115
子图5,系列13,29.244,0.0749798039
子图5,系列13,29.25,0.0710697459
子图5,系列13,29.256,0.06720984957
子图5,系列13,29.262,0.06061494213
子图5,系列13,29.268,0.04967186054
子图5,系列13,29.274,0.03430838394
子图5,系列13,29.28,0.01606727358
子图5,系列13,29.286,-0.002096140527
子图5,系列13,29.292,-0.01625855773
子图5,系列13,29.298,-0.02214459075
子图5,系列13,29.304,-0.01578702399
子图5,系列13,29.31,0.005844335409
子图5,系列13,29.316,0.04436630592
子图5,系列13,29.322,0.09970678419
子图5,系列13,29.328,0.1700640526
子图5,系列13,29.334,0.2521048155
子图5,系列13,29.34,0.3413461313
子图5,系列13,29.346,0.4326725868
子图5,系列13,29.352,0.52090561
子图5,系列13,29.358,0.6013388663
子图5,系列13,29.364,0.6701872192
子图5,系列13,29.37,0.7248755477
子图5,系列13,29.376,0.7641613088
子图5,系列13,29.382,0.788083705
子图5,系列13,29.388,0.7977634586
子图5,系列13,29.394,0.7951181793
子图5,系列13,29.4,0.7825265351
子图5,系列13,29.406,0.7625239672
子图5,系列13,29.412,0.7375532694
子图5,系列13,29.418,0.7098084354
子图5,系列13,29.424,0.6811663859
子图5,系列13,29.43,0.653187477
子图5,系列13,29.436,0.6271490179
子图5,系列13,29.442,0.6040699755
子图5,系列13,29.448,0.5846939359
子图5,系列13,29.454,0.569405014
子图5,系列13,29.46,0.5580949811
子图5,系列13,29.466,0.5499868528
子图5,系列13,29.472,0.5434963893
子图5,系列13,29.478,0.5361571983
子图5,系列13,29.484,0.5247003662
子图5,系列13,29.49,0.50530883
子图5,系列13,29.496,0.4740628552
子图5,系列13,29.502,0.4275552632
子图5,系列13,29.508,0.3635811484
子图5,系列13,29.514,0.2818172419
子图5,系列13,29.52,0.1843343133
子图5,系列13,29.526,0.07583196525
子图5,系列13,29.532,-0.03652365887
子图5,系列13,29.538,-0.1436932808
子图5,系列13,29.544,-0.2357911385
子图5,系列13,29.55,-0.3034176764
子图5,系列13,29.556,-0.3391581004
子图5,系列13,29.562,-0.3389899818
子图5,系列13,29.568,-0.3033689846
子图5,系列13,29.574,-0.2377580845
子图5,系列13,29.58,-0.1524154921
子图5,系列13,29.586,-0.06140587429
子图5,系列13,29.592,0.01913905329
子图5,系列13,29.598,0.07326575122
子图5,系列13,29.604,0.08765665853
子图5,系列13,29.61,0.0538744557
子图5,系列13,29.616,-0.03000506439
子图5,系列13,29.622,-0.1587146344
子图5,系列13,29.628,-0.3202593512
子图5,系列13,29.634,-0.4975092896
子图5,系列13,29.64,-0.6706917312
子图5,系列13,29.646,-0.8203638355
子图5,系列13,29.652,-0.9303513605
子图5,系列13,29.658,-0.9901100635
子图5,系列13,29.664,-0.9961108982
子图5,系列13,29.67,-0.9519994561
子图5,系列13,29.676,-0.8675688765
子图5,系列13,29.682,-0.7567761405
子图5,系列13,29.688,-0.6352321844
子图5,系列13,29.694,-0.5176577177
子图5,系列13,29.7,-0.415763276
子图5,系列13,29.706,-0.3368993438
子图5,系列13,29.712,-0.2836172073
子图5,系列13,29.718,-0.2541124482
子图5,系列13,29.724,-0.2433252724
子图5,系列13,29.73,-0.2444136323
子图5,系列13,29.736,-0.2502409658
子图5,系列13,29.742,-0.2546333937
子图5,系列13,29.748,-0.2531927556
子图5,系列13,29.754,-0.243633662
子图5,系列13,29.76,-0.2256768575
子图5,系列13,29.766,-0.2006211134
子图5,系列13,29.772,-0.1707670364
子图5,系列13,29.778,-0.1388110149
子图5,系列13,29.784,-0.1073510158
子图5,系列13,29.79,-0.07853284218
子图5,系列13,29.796,-0.05386363862
子图5,系列13,29.802,-0.03415480978
子图5,系列13,29.808,-0.0195505789
子图5,系列13,29.814,-0.009601659984
子图5,系列13,29.82,-0.003358125392
子图5,系列13,29.826,0.0005292349536
子图5,系列13,29.832,0.003674286728
子图5,系列13,29.838,0.00778655208
子图5,系列13,29.844,0.01443910738
子图5,系列13,29.85,0.02479577959
子图5,系列13,29.856,0.0393268805
子图5,系列13,29.862,0.05756654478
子图5,系列13,29.868,0.07799284695
子图5,系列13,29.874,0.09807806195
子图5,系列13,29.88,0.1145595126
子图5,系列13,29.886,0.1239195942
子图5,系列13,29.892,0.1230144055
子图5,系列13,29.898,0.1097601286
子图5,系列13,29.904,0.08371674811
子图5,系列13,29.91,0.04644498826
子图5,系列13,29.916,0.001495541204
子图5,系列13,29.922,-0.04602425287
子图5,系列13,29.928,-0.09028292267
子图5,系列13,29.934,-0.1258522868
子图5,系列13,29.94,-0.1489033522
子图5,系列13,29.946,-0.158235145
子图5,系列13,29.952,-0.155847579
子图5,系列13,29.958,-0.14687887
子图5,系列13,29.964,-0.138806242
子图5,系列13,29.97,-0.1400035732
子图5,系列13,29.976,-0.1578952897
子图5,系列13,29.982,-0.1970827126
子图5,系列13,29.988,-0.257880561
子图5,系列13,29.994,-0.3356306563
子图5,系列13,30,-0.4210400621
子图5,系列13,30.006,-0.5015356008
子图5,系列13,30.012,-0.5634108531
子图5,系列13,30.018,-0.5943255013
子图5,系列13,30.024,-0.5856212148
子图5,系列13,30.03,-0.5339570284
子图5,系列13,30.036,-0.441907137
子图5,系列13,30.042,-0.3174300032
子图5,系列13,30.048,-0.1723576429
子图5,系列13,30.054,-0.02029117659
子图5,系列13,30.06,0.1256178004
子图5,系列13,30.066,0.2545265337
子图5,系列13,30.072,0.3590645935
子图5,系列13,30.078,0.4356664863
子图5,系列13,30.084,0.4841523486
子图5,系列13,30.09,0.506795646
子图5,系列13,30.096,0.5072110477
子图5,系列13,30.102,0.489354015
子图5,系列13,30.108,0.456861184
子图5,系列13,30.114,0.412789778
子图5,系列13,30.12,0.359706838
子图5,系列13,30.126,0.2999764644
子图5,系列13,30.132,0.2360488045
子图5,系列13,30.138,0.1706192674
子图5,系列13,30.144,0.1065499932
子图5,系列13,30.15,0.04659862864
子图5,系列13,30.156,-0.006985091486
子图5,系列13,30.162,-0.05282983794
子图5,系列13,30.168,-0.09067107364
子图5,系列13,30.174,-0.1213276845
子图5,系列13,30.18,-0.1464180171
子图5,系列13,30.186,-0.1678687481
子图5,系列13,30.192,-0.1873245809
子图5,系列13,30.198,-0.2056175296
子图5,系列13,30.204,-0.2224115602
子图5,系列13,30.21,-0.2361334543
子图5,系列13,30.216,-0.2442025736
子图5,系列13,30.222,-0.2435270348
子图5,系列13,30.228,-0.2311626876
子图5,系列13,30.234,-0.2050005947
子图5,系列13,30.24,-0.1643458263
子图5,系列13,30.246,-0.1102730528
子图5,系列13,30.252,-0.04568660621
子图5,系列13,30.258,0.02492203901
子图5,系列13,30.264,0.09598904541
子图5,系列13,30.27,0.1615726822
子图5,系列13,30.276,0.2161274574
子图5,系列13,30.282,0.2552409582
子图5,系列13,30.288,0.276225059
子图5,系列13,30.294,0.2784909649
子图5,系列13,30.3,0.2636423405
子图5,系列13,30.306,0.2352882782
子图5,系列13,30.312,0.1985821545
子图5,系列13,30.318,0.1595527829
子图5,系列13,30.324,0.1243093142
子图5,系列13,30.33,0.09822644218
子图5,系列13,30.336,0.08523172264
子图5,系列13,30.342,0.08729431551
子图5,系列13,30.348,0.1042049239
子图5,系列13,30.354,0.1336743014
子图5,系列13,30.36,0.1717424869
子图5,系列13,30.366,0.2134188579
子图5,系列13,30.372,0.2534492838
子图5,系列13,30.378,0.2870672212
子图5,系列13,30.384,0.3106086771
子图5,系列13,30.39,0.3218912006
子图5,系列13,30.396,0.3203138748
子图5,系列13,30.402,0.3066993015
子图5,系列13,30.408,0.2829356518
子图5,系列13,30.414,0.251531827
子图5,系列13,30.42,0.2151787997
子图5,系列13,30.426,0.1764148074
子图5,系列13,30.432,0.1374324808
子图5,系列13,30.438,0.100033384
子图5,系列13,30.444,0.06568710887
子图5,系列13,30.45,0.03563431983
子图5,系列13,30.456,0.01096580475
子图5,系列13,30.462,-0.00736294046
子图5,系列13,30.468,-0.01860259553
子图5,系列13,30.474,-0.02234293825
子图5,系列13,30.48,-0.01866494436
子图5,系列13,30.486,-0.008263315707
子图5,系列13,30.492,0.007522380431
子图5,系列13,30.498,0.02677918648
子图5,系列13,30.504,0.04721854468
子图5,系列13,30.51,0.06645737674
子图5,系列13,30.516,0.08234925337
子图5,系列13,30.522,0.09330210717
子图5,系列13,30.528,0.09852252603
子图5,系列13,30.534,0.0981460088
子图5,系列13,30.54,0.09321598675
子图5,系列13,30.546,0.08551847615
子图5,系列13,30.552,0.07728646738
子图5,系列13,30.558,0.07082716833
子图5,系列13,30.564,0.06812538468
子图5,系列13,30.57,0.07049444244
子图5,系列13,30.576,0.07832586169
子图5,系列13,30.582,0.09098427639
子图5,系列13,30.588,0.1068587497
子图5,系列13,30.594,0.1235634643
子图5,系列13,30.6,0.1382554594
子图5,系列13,30.606,0.1480176634
子图5,系列13,30.612,0.1502631609
子图5,系列13,30.618,0.1430992805
子图5,系列13,30.624,0.1256254524
子图5,系列13,30.63,0.098121822
子图5,系列13,30.636,0.06211914648
子图5,系列13,30.642,0.02033097606
子图5,系列13,30.648,-0.02355605921
子图5,系列13,30.654,-0.06522724558
子图5,系列13,30.66,-0.1002047519
子图5,系列13,30.666,-0.1243871222
子图5,系列13,30.672,-0.134604379
子图5,系列13,30.678,-0.1291039015
子图5,系列13,30.684,-0.1078832601
子图5,系列13,30.69,-0.07279167766
子图5,系列13,30.696,-0.0273622518
子图5,系列13,30.702,0.02362538708
子图5,系列13,30.708,0.07478783258
子图5,系列13,30.714,0.1208859699
子图5,系列13,30.72,0.1575438908
子图5,系列13,30.726,0.1818094553
子图5,系列13,30.732,0.19245783
子图5,系列13,30.738,0.1899901912
子图5,系列13,30.744,0.1763482134
子图5,系列13,30.75,0.1544171822
子图5,系列13,30.756,0.1274373377
子图5,系列13,30.762,0.09844213366
子图5,系列13,30.768,0.06983742863
子图5,系列13,30.774,0.04317607924
子图5,系列13,30.78,0.01914804139
子图5,系列13,30.786,-0.002258305053
子图5,系列13,30.792,-0.02149154339
子图5,系列13,30.798,-0.03914996105
子图5,系列13,30.804,-0.05574941116
子图5,系列13,30.81,-0.07158092213
子图5,系列13,30.816,-0.08668182222
子图5,系列13,30.822,-0.1008878158
子图5,系列13,30.828,-0.1139390512
子图5,系列13,30.834,-0.1255866049
子图5,系列13,30.84,-0.1356681647
子图5,系列13,30.846,-0.1441331881
子图5,系列13,30.852,-0.1510153815
子图5,系列13,30.858,-0.1563763614
子图5,系列13,30.864,-0.1602392734
子图5,系列13,30.87,-0.1625448407
子图5,系列13,30.876,-0.1631387161
子图5,系列13,30.882,-0.1617953775
子图5,系列13,30.888,-0.158264252
子图5,系列13,30.894,-0.15231824
子图5,系列13,30.9,-0.1437882108
子图5,系列13,30.906,-0.1325714535
子图5,系列13,30.912,-0.1186220773
子图5,系列13,30.918,-0.1019367479
子图5,系列13,30.924,-0.08255904173
子图5,系列13,30.93,-0.06061720116
子图5,系列13,30.936,-0.03639563066
子图5,系列13,30.942,-0.01042438251
子图5,系列13,30.948,0.0164476388
子图5,系列13,30.954,0.04303112503
子图5,系列13,30.96,0.06785398419
子图5,系列13,30.966,0.08930713415
子图5,系列13,30.972,0.1058561993
子图5,系列13,30.978,0.1162820828
子图5,系列13,30.984,0.1198953562
子图5,系列13,30.99,0.1166764132
子图5,系列13,30.996,0.1073125736
子图5,系列13,31.002,0.09311820921
子图5,系列13,31.008,0.07586353131
子图5,系列13,31.014,0.05753613138
子图5,系列13,31.02,0.0400849995
子图5,系列13,31.026,0.02517989562
子图5,系列13,31.032,0.01401619335
子图5,系列13,31.038,0.007186225475
子图5,系列13,31.044,0.00461820441
子图5,系列13,31.05,0.00559376971
子图5,系列13,31.056,0.008832973913
子图5,系列13,31.062,0.01265116477
子图5,系列13,31.068,0.0151716041
子图5,系列13,31.074,0.01458147669
子图5,系列13,31.08,0.009402297963
子图5,系列13,31.086,-0.001262256989
子图5,系列13,31.092,-0.01753910725
子图5,系列13,31.098,-0.0387016767
子图5,系列13,31.104,-0.06320775812
子图5,系列13,31.11,-0.08886962424
子图5,系列13,31.116,-0.1131291599
子图5,系列13,31.122,-0.1334004466
子图5,系列13,31.128,-0.1474167788
子图5,系列13,31.134,-0.1535275525
子图5,系列13,31.14,-0.1508937318
子图5,系列13,31.146,-0.1395587478
子图5,系列13,31.152,-0.1203965623
子图5,系列13,31.158,-0.09495998576
子图5,系列13,31.164,-0.06527624108
子图5,系列13,31.17,-0.03362700347
子图5,系列13,31.176,-0.002357200548
子图5,系列13,31.182,0.02627721296
子图5,系列13,31.188,0.0502160104
子图5,系列13,31.194,0.0676786352
子图5,系列13,31.2,0.07724315314
子图5,系列13,31.206,0.07794228477
子图5,系列13,31.212,0.06937836331
子图5,系列13,31.218,0.05184407696
子图5,系列13,31.224,0.02641911536
子图5,系列13,31.23,-0.0050008145
子图5,系列13,31.236,-0.03977323194
子图5,系列13,31.242,-0.07470581951
子图5,系列13,31.248,-0.1063666009
子图5,系列13,31.254,-0.1314831553
子图5,系列13,31.26,-0.147363426
子图5,系列13,31.266,-0.1522713578
子图5,系列13,31.272,-0.1456841042
子图5,系列13,31.278,-0.1283787793
子图5,系列13,31.284,-0.1023315719
子图5,系列13,31.29,-0.07044044768
子图5,系列13,31.296,-0.03612691328
子图5,系列13,31.302,-0.002881771602
子图5,系列13,31.308,0.02616304141
子图5,系列13,31.314,0.04857563907
子图5,系列13,31.32,0.06283249839
子图5,系列13,31.326,0.0683843735
子图5,系列13,31.332,0.06559092687
子图5,系列13,31.338,0.05555991425
子图5,系列13,31.344,0.03993093939
子图5,系列13,31.35,0.02064228329
子图5,系列13,31.356,-0.0002850110483
子图5,系列13,31.362,-0.02093498834
子图5,系列13,31.368,-0.03963850236
子图5,系列13,31.374,-0.05508087294
子图5,系列13,31.38,-0.06636759621
子图5,系列13,31.386,-0.07306159012
子图5,系列13,31.392,-0.07518982959
子图5,系列13,31.398,-0.07322171984
子图5,系列13,31.404,-0.0680220873
子图5,系列13,31.41,-0.06077192171
子图5,系列13,31.416,-0.05286424759
子图5,系列13,31.422,-0.04576843391
子图5,系列13,31.428,-0.04087628348
子图5,系列13,31.434,-0.03933379129
子图5,系列13,31.44,-0.04188146788
子图5,系列13,31.446,-0.04872129687
子图5,系列13,31.452,-0.05943921353
子图5,系列13,31.458,-0.07300356422
子图5,系列13,31.464,-0.087855427
子图5,系列13,31.47,-0.1020906494
子图5,系列13,31.476,-0.1137142956
子图5,系列13,31.482,-0.1209342821
子图5,系列13,31.488,-0.122442575
子图5,系列13,31.494,-0.1176355535
子图5,系列13,31.5,-0.1067261575
子图5,系列13,31.506,-0.09072447853
子图5,系列13,31.512,-0.07128328641
子图5,系列13,31.518,-0.05043646817
子图5,系列13,31.524,-0.03027438819
子图5,系列13,31.53,-0.01261869864
子图5,系列13,31.536,0.001248404761
子图5,系列13,31.542,0.01075112975
子图5,系列13,31.548,0.01606055281
子图5,系列13,31.554,0.01800926119
子图5,系列13,31.56,0.01790169687
子图5,系列13,31.566,0.0172667832
子图5,系列13,31.572,0.01759076719
子图5,系列13,31.578,0.02008483916
子图5,系列13,31.584,0.02550644277
子图5,系列13,31.59,0.03406003734
子图5,系列13,31.596,0.04537265375
子图5,系列13,31.602,0.05853467137
子图5,系列13,31.608,0.07219953781
子图5,系列13,31.614,0.08471581685
子图5,系列13,31.62,0.09429398342
子图5,系列13,31.626,0.09918019583
子图5,系列13,31.632,0.0978352154
子图5,系列13,31.638,0.08909369595
子图5,系列13,31.644,0.0722904789
子图5,系列13,31.65,0.04733975575
子图5,系列13,31.656,0.01475676024
子图5,系列13,31.662,-0.0243681003
子图5,系列13,31.668,-0.0684381435
子图5,系列13,31.674,-0.1154340503
子图5,系列13,31.68,-0.1630060949
子图5,系列13,31.686,-0.2085597988
子图5,系列13,31.692,-0.2493454453
子图5,系列13,31.698,-0.2825666501
子图5,系列13,31.704,-0.3055248503
子图5,系列13,31.71,-0.3158157164
子图5,系列13,31.716,-0.3115695753
子图5,系列13,31.722,-0.2917110991
子图5,系列13,31.728,-0.2561964699
子图5,系列13,31.734,-0.2061703243
子图5,系列13,31.74,-0.1439997799
子图5,系列13,31.746,-0.07315185505
子图5,系列13,31.752,0.002087253123
子图5,系列13,31.758,0.07701854315
子图5,系列13,31.764,0.1470159848
子图5,系列13,31.77,0.208010807
子图5,系列13,31.776,0.2569125447
子图5,系列13,31.782,0.2918961082
子图5,系列13,31.788,0.3125175865
子图5,系列13,31.794,0.3196481521
子图5,系列13,31.8,0.3152356241
子图5,系列13,31.806,0.3019497538
子图5,系列13,31.812,0.282763852
子图5,系列13,31.818,0.2605546078
子图5,系列13,31.824,0.2377833489
子图5,系列13,31.83,0.2163056656
子图5,系列13,31.836,0.1973365256
子图5,系列13,31.842,0.1815463868
子图5,系列13,31.848,0.1692575153
子图5,系列13,31.854,0.1606617166
子图5,系列13,31.86,0.1560014178
子图5,系列13,31.866,0.1556439853
子图5,系列13,31.872,0.1600226679
子图5,系列13,31.878,0.1694457074
子图5,系列13,31.884,0.183809379
子图5,系列13,31.89,0.2022963622
子图5,系列13,31.896,0.2231305292
子图5,系列13,31.902,0.2434900055
子图5,系列13,31.908,0.2596222082
子图5,系列13,31.914,0.267201377
子图5,系列13,31.92,0.2618963456
子图5,系列13,31.926,0.2400831094
子图5,系列13,31.932,0.1995938519
子图5,系列13,31.938,0.1403567406
子图5,系列13,31.944,0.06479601728
子图5,系列13,31.95,-0.02213569161
子图5,系列13,31.956,-0.1133514702
子图5,系列13,31.962,-0.2004375203
子图5,系列13,31.968,-0.2747784812
子图5,系列13,31.974,-0.3288070841
子图5,系列13,31.98,-0.3571542374
子图5,系列13,31.986,-0.3574589705
子图5,系列13,31.992,-0.3306590594
子图5,系列13,31.998,-0.280699493
子图5,系列13,32.004,-0.2137090816
子图5,系列13,32.01,-0.1368423051
子图5,系列13,32.016,-0.05704444288
子图5,系列13,32.022,0.01998596432
子图5,系列13,32.028,0.09041702769
子图5,系列13,32.034,0.152403723
子图5,系列13,32.04,0.2057337662
子图5,系列13,32.046,0.2511714904
子图5,系列13,32.052,0.2897095103
子图5,系列13,32.058,0.32195512
子图5,系列13,32.064,0.3478053326
子图5,系列13,32.07,0.3664620326
子图5,系列13,32.076,0.3767465897
子图5,系列13,32.082,0.3775651072
子图5,系列13,32.088,0.3683776668
子图5,系列13,32.094,0.3494969934
子图5,系列13,32.1,0.3221460882
子图5,系列13,32.106,0.2882462636
子图5,系列13,32.112,0.2500162974
子图5,系列13,32.118,0.2095021215
子图5,系列13,32.124,0.1681761522
子图5,系列13,32.13,0.1267301392
子图5,系列13,32.136,0.0851093193
子图5,系列13,32.142,0.04278758497
子图5,系列13,32.148,-0.0008101273416
子图5,系列13,32.154,-0.04585328463
子图5,系列13,32.16,-0.09175706614
子图5,系列13,32.166,-0.1370447216
子图5,系列13,32.172,-0.1794611026
子图5,系列13,32.178,-0.216323022
子图5,系列13,32.184,-0.2450085944
子图5,系列13,32.19,-0.2634664509
子图5,系列13,32.196,-0.2706116453
子图5,系列13,32.202,-0.2665079889
子图5,系列13,32.208,-0.2523045007
子图5,系列13,32.214,-0.2299466395
子图5,系列13,32.22,-0.2017561465
子图5,系列13,32.226,-0.1699916356
子图5,系列13,32.232,-0.1365038446
子图5,系列13,32.238,-0.1025661585
子图5,系列13,32.244,-0.06889971729
子图5,系列13,32.25,-0.03586527285
子图5,系列13,32.256,-0.003740861027
子图5,系列13,32.262,0.02700898277
子图5,系列13,32.268,0.05556107756
子图5,系列13,32.274,0.08071948064
子图5,系列13,32.28,0.101065542
子图5,系列13,32.286,0.1152452104
子图5,系列13,32.292,0.1223088867
子图5,系列13,32.298,0.1220213503
子图5,系列13,32.304,0.1150418421
子图5,系列13,32.31,0.1029195805
子图5,系列13,32.316,0.08788270286
子图5,系列13,32.322,0.07245349701
子图5,系列13,32.328,0.058971063
子图5,系列13,32.334,0.04912226811
子图5,系列13,32.34,0.04359423694
子图5,系列13,32.346,0.041932216
子图5,系列13,32.352,0.04264383912
子图5,系列13,32.358,0.04354240176
子图5,系列13,32.364,0.04225584291
子图5,系列13,32.37,0.03680224341
子图5,系列13,32.376,0.02610150578
子图5,系列13,32.382,0.01030163985
子图5,系列13,32.388,-0.009158914089
子图5,系列13,32.394,-0.02980586812
子图5,系列13,32.4,-0.04865141864
子图5,系列13,32.406,-0.0629149207
子图5,系列13,32.412,-0.07077896371
子图5,系列13,32.418,-0.0720243158
子图5,系列13,32.424,-0.06837263332
子图5,系列13,32.43,-0.06341838828
子图5,系列13,32.436,-0.0621118795
子图5,系列13,32.442,-0.06984007101
子图5,系列13,32.448,-0.09126945682
子图5,系列13,32.454,-0.1291661908
子图5,系列13,32.46,-0.1834641336
子图5,系列13,32.466,-0.2508011164
子图5,系列13,32.472,-0.3246785541
子图5,系列13,32.478,-0.3962598503
子图5,系列13,32.484,-0.4556902091
子图5,系列13,32.49,-0.4936982818
子图5,系列13,32.496,-0.5031675386
子图5,系列13,32.502,-0.4803729105
子图5,系列13,32.508,-0.4256379997
子图5,系列13,32.514,-0.3433056611
子图5,系列13,32.52,-0.241045071
子图5,系列13,32.526,-0.1286633798
子图5,系列13,32.532,-0.0166641237
子图5,系列13,32.538,0.08517142432
子图5,系列13,32.544,0.1689467021
子图5,系列13,32.55,0.2293974656
子图5,系列13,32.556,0.2641732445
子图5,系列13,32.562,0.2736884525
子图5,系列13,32.568,0.2606527025
子图5,系列13,32.574,0.2294198476
子图5,系列13,32.58,0.1852820125
子图5,系列13,32.586,0.1338267512
子图5,系列13,32.592,0.08039597051
子图5,系列13,32.598,0.02969378304
子图5,系列13,32.604,-0.01449210321
子图5,系列13,32.61,-0.04945401048
子图5,系列13,32.616,-0.07364761564
子图5,系列13,32.622,-0.08670129404
子图5,系列13,32.628,-0.08934686951
子图5,系列13,32.634,-0.0832806951
子图5,系列13,32.64,-0.0709359221
子图5,系列13,32.646,-0.05519754326
子图5,系列13,32.652,-0.03906428289
子图5,系列13,32.658,-0.02531477189
子图5,系列13,32.664,-0.01620514645
子图5,系列13,32.67,-0.01324883815
子图5,系列13,32.676,-0.01709701933
子图5,系列13,32.682,-0.02752842341
子图5,系列13,32.688,-0.04353949555
子图5,系列13,32.694,-0.06350323686
子图5,系列13,32.7,-0.08537556851
子图5,系列13,32.706,-0.1069092605
子图5,系列13,32.712,-0.1258655726
子图5,系列13,32.718,-0.1401988399
子图5,系列13,32.724,-0.1482162746
子图5,系列13,32.73,-0.1487024726
子图5,系列13,32.736,-0.1410085927
子图5,系列13,32.742,-0.1251035992
子图5,系列13,32.748,-0.1015808993
子图5,系列13,32.754,-0.07162749811
子图5,系列13,32.76,-0.03695033041
子图5,系列13,32.766,0.0003245001737
子图5,系列13,32.772,0.03778038099
子图5,系列13,32.778,0.0728535458
子图5,系列13,32.784,0.1029926623
子图5,系列13,32.79,0.125830258
子图5,系列13,32.796,0.139366477
子图5,系列13,32.802,0.1421594356
子图5,系列13,32.808,0.133506964
子图5,系列13,32.814,0.113600588
子图5,系列13,32.82,0.08361507871
子图5,系列13,32.826,0.04571042316
子图5,系列13,32.832,0.002913126038
子图5,系列13,32.838,-0.04112060303
子图5,系列13,32.844,-0.08245138824
子图5,系列13,32.85,-0.117267474
子图5,系列13,32.856,-0.1423058137
子图5,系列13,32.862,-0.155220025
子图5,系列13,32.868,-0.1548395404
子图5,系列13,32.874,-0.1412892295
子图5,系列13,32.88,-0.1159555979
子图5,系列13,32.886,-0.08132464431
子图5,系列13,32.892,-0.04071093031
子图5,系列13,32.898,0.00207011898
子图5,系列13,32.904,0.0430727273
子图5,系列13,32.91,0.07859532165
子图5,系列13,32.916,0.105554863
子图5,系列13,32.922,0.1218358795
子图5,系列13,32.928,0.1265819917
子图5,系列13,32.934,0.1203953552
子图5,系列13,32.94,0.1053757944
子图5,系列13,32.946,0.084971851
子图5,系列13,32.952,0.06360283096
子图5,系列13,32.958,0.04608970972
子图5,系列13,32.964,0.03694931699
子图5,系列13,32.97,0.03967134379
子图5,系列13,32.976,0.05610259861
子图5,系列13,32.982,0.08605951967
子图5,系列13,32.988,0.1272534971
子图5,系列13,32.994,0.1755463647
子图5,系列13,33,0.225503769
子图5,系列13,33.006,0.2711420102
子图5,系列13,33.012,0.3067543145
子图5,系列13,33.018,0.3276732737
子图5,系列13,33.024,0.3308707752
子图5,系列13,33.03,0.3153103627
子图5,系列13,33.036,0.2820292218
子图5,系列13,33.042,0.2339562189
子图5,系列13,33.048,0.1755109149
子图5,系列13,33.054,0.1120510902
子图5,系列13,33.06,0.04924054716
子图5,系列13,33.066,-0.007581108792
子图5,系列13,33.072,-0.05396390971
子图5,系列13,33.078,-0.08678289307
子图5,系列13,33.084,-0.1045111691
子图5,系列13,33.09,-0.1072960149
子图5,系列13,33.096,-0.0968483296
子图5,系列13,33.102,-0.07615055569
子图5,系列13,33.108,-0.04903503848
子图5,系列13,33.114,-0.01968036765
子图5,系列13,33.12,0.007904570417
子图5,系列13,33.126,0.03033699421
子图5,系列13,33.132,0.04521045626
子图5,系列13,33.138,0.05128335399
子图5,系列13,33.144,0.04851134326
子图5,系列13,33.15,0.03791845613
子图5,系列13,33.156,0.02135736042
子图5,系列13,33.162,0.001198525257
子图5,系列13,33.168,-0.01999459281
子图5,系列13,33.174,-0.03975822816
子图5,系列13,33.18,-0.05596158011
子图5,系列13,33.186,-0.06695985437
子图5,系列13,33.192,-0.07167685385
子图5,系列13,33.198,-0.06962076166
子图5,系列13,33.204,-0.06086016951
子图5,系列13,33.21,-0.04596835545
子图5,系列13,33.216,-0.025957059
子图5,系列13,33.222,-0.002199460656
子图5,系列13,33.228,0.02365122093
子图5,系列13,33.234,0.04975231752
子图5,系列13,33.24,0.07417496658
子图5,系列13,33.246,0.09501920375
子图5,系列13,33.252,0.1105444641
子图5,系列13,33.258,0.1193036697
子图5,系列13,33.264,0.120278434
子图5,系列13,33.27,0.1129948898
子图5,系列13,33.276,0.09761236422
子图5,系列13,33.282,0.07496396816
子图5,系列13,33.288,0.0465414174
子图5,系列13,33.294,0.01441350111
子图5,系列13,33.3,-0.01892255713
子图5,系列13,33.306,-0.0507481692
子图5,系列13,33.312,-0.07837694344
子图5,系列13,33.318,-0.09942463703
子图5,系列13,33.324,-0.112071141
子图5,系列13,33.33,-0.1152730451
子图5,系列13,33.336,-0.1089016056
子图5,系列13,33.342,-0.09377649943
子图5,系列13,33.348,-0.07158816416
子图5,系列13,33.354,-0.04471405162
子图5,系列13,33.36,-0.01594984398
子图5,系列13,33.366,0.01180285344
子图5,系列13,33.372,0.03585469162
子图5,系列13,33.378,0.05400202091
子图5,系列13,33.384,0.06472883292
子图5,系列13,33.39,0.06731137808
子图5,系列13,33.396,0.06182827054
子图5,系列13,33.402,0.04908623427
子图5,系列13,33.408,0.03048530737
子图5,系列13,33.414,0.00785188477
子图5,系列13,33.42,-0.0167407394
子图5,系列13,33.426,-0.04114245599
子图5,系列13,33.432,-0.06328459766
子图5,系列13,33.438,-0.08131820601
子图5,系列13,33.444,-0.09373706964
子图5,系列13,33.45,-0.09948000738
子图5,系列13,33.456,-0.09801044505
子图5,系列13,33.462,-0.08936165795
子图5,系列13,33.468,-0.07414081428
子图5,系列13,33.474,-0.05348183266
子图5,系列13,33.48,-0.02894676694
子图5,系列13,33.486,-0.002381936152
子图5,系列13,33.492,0.02426096775
子图5,系列13,33.498,0.0491135662
子图5,系列13,33.504,0.07057533564
子图5,系列13,33.51,0.08746319543
子图5,系列13,33.516,0.09911703241
子图5,系列13,33.522,0.1054429192
子图5,系列13,33.528,0.1068935438
子图5,系列13,33.534,0.1043895642
子图5,系列13,33.54,0.09918893443
子图5,系列13,33.546,0.09272603323
子图5,系列13,33.552,0.08643180044
子图5,系列13,33.558,0.08156310163
子图5,系列13,33.564,0.07905385882
子图5,系列13,33.57,0.0794103902
子图5,系列13,33.576,0.08266252117
子图5,系列13,33.582,0.08837635155
子图5,系列13,33.588,0.09573354111
子图5,系列13,33.594,0.1036579925
子图5,系列13,33.6,0.1109793102
子图5,系列13,33.606,0.1165927951
子图5,系列13,33.612,0.1195915612
子图5,系列13,33.618,0.1193359479
子图5,系列13,33.624,0.1154456422
子图5,系列13,33.63,0.1077217595
子图5,系列13,33.636,0.09601952749
子图5,系列13,33.642,0.08012942125
子图5,系列13,33.648,0.05970923071
子图5,系列13,33.654,0.03432777545
子图5,系列13,33.66,0.003629335429
子图5,系列13,33.666,-0.03239099865
子图5,系列13,33.672,-0.07306346877
子图5,系列13,33.678,-0.1167662028
子图5,系列13,33.684,-0.1607873494
子图5,系列13,33.69,-0.2014173414
子图5,系列13,33.696,-0.2342951406
子图5,系列13,33.702,-0.2549809719
子图5,系列13,33.708,-0.2596562685
子图5,系列13,33.714,-0.2458069444
子图5,系列13,33.72,-0.2127424265
子图5,系列13,33.726,-0.1618275536
子图5,系列13,33.732,-0.09637445164
子图5,系列13,33.738,-0.02121604434
子图5,系列13,33.744,0.05794380727
子图5,系列13,33.75,0.1352666987
子图5,系列13,33.756,0.2054570905
子图5,系列13,33.762,0.2642667137
子图5,系列13,33.768,0.308762383
子图5,系列13,33.774,0.337357799
子图5,系列13,33.78,0.3496574323
子图5,系列13,33.786,0.3461980312
子图5,系列13,33.792,0.3281718687
子图5,系列13,33.798,0.2972070467
子图5,系列13,33.804,0.2552411474
子图5,系列13,33.81,0.2044885228
子图5,系列13,33.816,0.1474715631
子图5,系列13,33.822,0.08705494675
子图5,系列13,33.828,0.02643442969
子图5,系列13,33.834,-0.03097484245
子图5,系列13,33.84,-0.08175552819
子图5,系列13,33.846,-0.1228057901
子图5,系列13,33.852,-0.1516983926
子图5,系列13,33.858,-0.1670209594
子图5,系列13,33.864,-0.168616307
子图5,系列13,33.87,-0.1576613107
子图5,系列13,33.876,-0.1365522858
子图5,系列13,33.882,-0.1085918773
子图5,系列13,33.888,-0.07753101066
子图5,系列13,33.894,-0.04703201116
子图5,系列13,33.9,-0.02015818045
子图5,系列13,33.906,0.001021715247
子图5,系列13,33.912,0.01563632401
子图5,系列13,33.918,0.02398894276
子图5,系列13,33.924,0.02731933124
子图5,系列13,33.93,0.02740632162
子图5,系列13,33.936,0.02609985829
子图5,系列13,33.942,0.02488041721
子图5,系列13,33.948,0.02453948338
子图5,系列13,33.954,0.02503715634
子图5,系列13,33.96,0.02556119587
子图5,系列13,33.966,0.02476030827
子图5,系列13,33.972,0.02109520384
子图5,系列13,33.978,0.01322800464
子图5,系列13,33.984,0.0003671063171
子图5,系列13,33.99,-0.01749763537
子图5,系列13,33.996,-0.03951378413
子图5,系列13,34.002,-0.06404599363
子图5,系列13,34.008,-0.08889830647
子图5,系列13,34.014,-0.1116323126
子图5,系列13,34.02,-0.1299240798
子图5,系列13,34.026,-0.1418974366
子图5,系列13,34.032,-0.1463819758
子图5,系列13,34.038,-0.1430566876
子图5,系列13,34.044,-0.1324657834
子图5,系列13,34.05,-0.1159100761
子图5,系列13,34.056,-0.09524141449
子图5,系列13,34.062,-0.0725987934
子图5,系列13,34.068,-0.05013062011
子图5,系列13,34.074,-0.02974859043
子图5,系列13,34.08,-0.01294358773
子图5,系列13,34.086,-0.0006849255604
子图5,系列13,34.092,0.00659735642
子图5,系列13,34.098,0.008959291494
子图5,系列13,34.104,0.006843116014
子图5,系列13,34.11,0.0009570082019
子图5,系列13,34.116,-0.007838873518
子图5,系列13,34.122,-0.01862676258
子图5,系列13,34.128,-0.0304949271
子图5,系列13,34.134,-0.04257790443
子图5,系列13,34.14,-0.05407878315
子图5,系列13,34.146,-0.06428666229
子图5,系列13,34.152,-0.07259747155
子图5,系列13,34.158,-0.07854070315
子图5,系列13,34.164,-0.08181065563
子图5,系列13,34.17,-0.08229250909
子图5,系列13,34.176,-0.08007548423
子图5,系列13,34.182,-0.07544121733
子图5,系列13,34.188,-0.0688269964
子图5,系列13,34.194,-0.06076010924
子图5,系列13,34.2,-0.05177726839
子图5,系列13,34.206,-0.0423365756
子图5,系列13,34.212,-0.03274234839
子图5,系列13,34.218,-0.02309591751
子图5,系列13,34.224,-0.01328409087
子图5,系列13,34.23,-0.003013623956
子图5,系列13,34.236,0.008115117112
子图5,系列13,34.242,0.02049984763
子图5,系列13,34.248,0.0344166982
子图5,系列13,34.254,0.04990618764
子图5,系列13,34.26,0.06669056269
子图5,系列13,34.266,0.08414120864
子图5,系列13,34.272,0.1013057988
子图5,系列13,34.278,0.1169998242
子图5,系列13,34.284,0.1299466657
子图5,系列13,34.29,0.1389483436
子图5,系列13,34.296,0.1430554453
子图5,系列13,34.302,0.1417057579
子图5,系列13,34.308,0.1348086786
子图5,系列13,34.314,0.1227559463
子图5,系列13,34.32,0.1063625262
子图5,系列13,34.326,0.08674527025
子图5,系列13,34.332,0.0651651959
子图5,系列13,34.338,0.04286082512
子图5,系列13,34.344,0.02089871443
子图5,系列13,34.35,6.715638213e-05
子图5,系列13,34.356,-0.01917828738
子图5,系列13,34.362,-0.03670711338
子图5,系列13,34.368,-0.0526546258
子图5,系列13,34.374,-0.06731771643
子图5,系列13,34.38,-0.08102592617
子图5,系列13,34.386,-0.09400754627
子图5,系列13,34.392,-0.106270178
子图5,系列13,34.398,-0.1175211274
子图5,系列13,34.404,-0.1271388729
子图5,系列13,34.41,-0.1342116034
子图5,系列13,34.416,-0.13763973
子图5,系列13,34.422,-0.13629476
子图5,系列13,34.428,-0.1292136073
子图5,系列13,34.434,-0.1157984143
子图5,系列13,34.44,-0.09598981797
子图5,系列13,34.446,-0.07038013809
子图5,系列13,34.452,-0.04024177755
子图5,系列13,34.458,-0.007456997442
子图5,系列13,34.464,0.02564986624
子图5,系列13,34.47,0.05655917562
子图5,系列13,34.476,0.08285157253
子图5,系列13,34.482,0.1025081387
子图5,系列13,34.488,0.114171648
子图5,系列13,34.494,0.1173245966
子图5,系列13,34.5,0.1123532074
子图5,系列13,34.506,0.1004843396
子图5,系列13,34.512,0.08359811692
子图5,系列13,34.518,0.06394870898
子图5,系列13,34.524,0.04383125851
子图5,系列13,34.53,0.02525464178
子图5,系列13,34.536,0.009669854725
子图5,系列13,34.542,-0.002199108443
子图5,系列13,34.548,-0.01039584667
子图5,系列13,34.554,-0.01564127503
子图5,系列13,34.56,-0.01912962772
子图5,系列13,34.566,-0.02225342807
子图5,系列13,34.572,-0.02630311926
子图5,系列13,34.578,-0.03219939187
子图5,系列13,34.584,-0.04029754911
子图5,系列13,34.59,-0.05029944074
子图5,系列13,34.596,-0.06128060524
子图5,系列13,34.602,-0.07182648001
子图5,系列13,34.608,-0.08025275187
子图5,系列13,34.614,-0.08487173878
子图5,系列13,34.62,-0.08426523637
子图5,系列13,34.626,-0.07751976064
子图5,系列13,34.632,-0.06439347009
子图5,系列13,34.638,-0.04538844658
子图5,系列13,34.644,-0.0217229615
子图5,系列13,34.65,0.004793878972
子图5,系列13,34.656,0.03196368854
子图5,系列13,34.662,0.05745019654
子图5,系列13,34.668,0.0790452551
子图5,系列13,34.674,0.09491611031
子图5,系列13,34.68,0.1038032254
子图5,系列13,34.686,0.1051467226
子图5,系列13,34.692,0.09912822901
子图5,系列13,34.698,0.08662652516
子图5,系列13,34.704,0.06909489611
子图5,系列13,34.71,0.04837632221
子图5,系列13,34.716,0.0264819366
子图5,系列13,34.722,0.00535764599
子图5,系列13,34.728,-0.01332796036
子图5,系列13,34.734,-0.02835224359
子图5,系列13,34.74,-0.03903849674
子图5,系列13,34.746,-0.04528002522
子图5,系列13,34.752,-0.04748538551
子图5,系列13,34.758,-0.04645876691
子图5,系列13,34.764,-0.04323670006
子图5,系列13,34.77,-0.03890818887
子图5,系列13,34.776,-0.03444935912
子图5,系列13,34.782,-0.03059382437
子图5,系列13,34.788,-0.0277592487
子图5,系列13,34.794,-0.02603154956
子图5,系列13,34.8,-0.02520606304
子图5,系列13,34.806,-0.0248688839
子图5,系列13,34.812,-0.02450332994
子图5,系列13,34.818,-0.02359907917
子图5,系列13,34.824,-0.02174920706
子图5,系列13,34.83,-0.01872090685
子图5,系列13,34.836,-0.01449336497
子图5,系列13,34.842,-0.00926425013
子图5,系列13,34.848,-0.003424602219
子图5,系列13,34.854,0.002484386171
子图5,系列13,34.86,0.007831006832
子图5,系列13,34.866,0.01195523614
子图5,系列13,34.872,0.01423110356
子图5,系列13,34.878,0.01412364072
子图5,系列13,34.884,0.01123632083
子图5,系列13,34.89,0.005350062372
子图5,系列13,34.896,-0.003551938167
子图5,系列13,34.902,-0.01527194581
子图5,系列13,34.908,-0.02940296908
子图5,系列13,34.914,-0.04535050046
子图5,系列13,34.92,-0.06237114102
子图5,系列13,34.926,-0.0796238933
子图5,系列13,34.932,-0.0962281559
子图5,系列13,34.938,-0.1113210922
子图5,系列13,34.944,-0.1241059267
子图5,系列13,34.95,-0.133887312
子图5,系列13,34.956,-0.1400906205
子图5,系列13,34.962,-0.142270567
子图5,系列13,34.968,-0.1401139983
子图5,系列13,34.974,-0.1334476572
子图5,系列13,34.98,-0.1222564034
子图5,系列13,34.986,-0.106715654
子图5,系列13,34.992,-0.08723424076
子图5,系列13,34.998,-0.06449627381
子图5,系列13,35.004,-0.03948793149
子图5,系列13,35.01,-0.01349085357
子图5,系列13,35.016,0.01197082383
子图5,系列13,35.022,0.03523521501
子图5,系列13,35.028,0.05465516757
子图5,系列13,35.034,0.06877997581
子图5,系列13,35.04,0.07653982987
子图5,系列13,35.046,0.07740236044
子图5,系列13,35.052,0.07146753363
子图5,系列13,35.058,0.05948348972
子图5,系列13,35.064,0.04276970073
子图5,系列13,35.07,0.02305906964
子图5,系列13,35.076,0.002280516023
子图5,系列13,35.082,-0.01768459513
子图5,系列13,35.088,-0.03522939535
子图5,系列13,35.094,-0.04920040366
子图5,系列13,35.1,-0.05899663019
子图5,系列13,35.106,-0.06458092051
子图5,系列13,35.112,-0.06640551472
子图5,系列13,35.118,-0.06527116228
子图5,系列13,35.124,-0.06215086955
子图5,系列13,35.13,-0.05800945235
子图5,系列13,35.136,-0.05365372107
子图5,系列13,35.142,-0.04963413196
子图5,系列13,35.148,-0.04621174759
子图5,系列13,35.154,-0.04338818964
子图5,系列13,35.16,-0.04098540495
子图5,系列13,35.166,-0.03875368913
子图5,系列13,35.172,-0.03648192711
子图5,系列13,35.178,-0.03408589167
子图5,系列13,35.184,-0.03165602378
子图5,系列13,35.19,-0.02945577551
子图5,系列13,35.196,-0.0278708791
子图5,系列13,35.202,-0.02732217634
子图5,系列13,35.208,-0.02815896014
子图5,系列13,35.214,-0.03055705562
子图5,系列13,35.22,-0.03444260431
子图5,系列13,35.226,-0.03945904108
子图5,系列13,35.232,-0.04498717497
子图5,系列13,35.238,-0.05021621949
子图5,系列13,35.244,-0.05425656186
子图5,系列13,35.25,-0.05627423219
子图5,系列13,35.256,-0.05562417911
子图5,系列13,35.262,-0.05195952276
子图5,系列13,35.268,-0.04529649842
子图5,系列13,35.274,-0.03602596332
子图5,系列13,35.28,-0.02486871572
子图5,系列13,35.286,-0.01278375181
子图5,系列13,35.292,-0.0008455894367
子图5,系列13,35.298,0.009891006007
子图5,系列13,35.304,0.01851674845
子图5,系列13,35.31,0.02436853947
子图5,系列13,35.316,0.02709279048
子图5,系列13,35.322,0.02666457028
子图5,系列13,35.328,0.02336637261
子图5,系列13,35.334,0.01772863541
子图5,系列13,35.34,0.01044559151
子图5,系列13,35.346,0.00227655309
子图5,系列13,35.352,-0.00605547537
子图5,系列13,35.358,-0.01395223637
子图5,系列13,35.364,-0.02101117464
子图5,系列13,35.37,-0.02706432603
子图5,系列13,35.376,-0.0321859576
子图5,系列13,35.382,-0.03666411502
子图5,系列13,35.388,-0.04094018091
子图5,系列13,35.394,-0.04552586533
子图5,系列13,35.4,-0.05090613948
子图5,系列13,35.406,-0.05744712398
子图5,系列13,35.412,-0.0653197029
子图5,系列13,35.418,-0.07445497436
子图5,系列13,35.424,-0.08453605681
子图5,系列13,35.43,-0.09502829129
子图5,系列13,35.436,-0.1052401908
子图5,系列13,35.442,-0.1144034883
子图5,系列13,35.448,-0.1217583878
子图5,系列13,35.454,-0.1266303531
子图5,系列13,35.46,-0.1284907173
子图5,系列13,35.466,-0.1269959989
子图5,系列13,35.472,-0.1220086295
子图5,系列13,35.478,-0.1136015957
子图5,系列13,35.484,-0.1020518384
子图5,系列13,35.49,-0.08782451364
子图5,系列13,35.496,-0.07154680836
子图5,系列13,35.502,-0.05397052415
子图5,系列13,35.508,-0.03591999867
子图5,系列13,35.514,-0.01822746669
子图5,系列13,35.52,-0.001661362015
子图5,系列13,35.526,0.01314421787
子图5,系列13,35.532,0.02574308251
子图5,系列13,35.538,0.03590609415
子图5,系列13,35.544,0.04361402946
子图5,系列13,35.55,0.04901680959
子图5,系列13,35.556,0.05236599603
子图5,系列13,35.562,0.05393319222
子图5,系列13,35.568,0.05393634416
子图5,系列13,35.574,0.05248637037
子图5,系列13,35.58,0.04957081122
子图5,系列13,35.586,0.04507610013
子图5,系列13,35.592,0.03884435467
子图5,系列13,35.598,0.03075334795
子图5,系列13,35.604,0.02079949083
子图5,系列13,35.61,0.009167507596
子图5,系列13,35.616,-0.003731377357
子图5,系列13,35.622,-0.01726212152
子图5,系列13,35.628,-0.03061151719
子图5,系列13,35.634,-0.04287236619
子图5,系列13,35.64,-0.05315172483
子图5,系列13,35.646,-0.06068769464
子图5,系列13,35.652,-0.06495457701
子图5,系列13,35.658,-0.06573971351
子图5,系列13,35.664,-0.06317941871
子图5,系列13,35.67,-0.0577467282
子图5,系列13,35.676,-0.05019319641
子图5,系列13,35.682,-0.04145184394
子图5,系列13,35.688,-0.03251624095
子图5,系列13,35.694,-0.0243135022
子图5,系列13,35.7,-0.01759027769
子图5,系列13,35.706,-0.01282904449
子图5,系列13,35.712,-0.01020741398
子图5,系列13,35.718,-0.009605140468
子图5,系列13,35.724,-0.0106571845
子图5,系列13,35.73,-0.01284133293
子图5,系列13,35.736,-0.01558376827
子图5,系列13,35.742,-0.0183642689
子图5,系列13,35.748,-0.02079971464
子图5,系列13,35.754,-0.02269549767
子图5,系列13,35.76,-0.02405465285
子图5,系列13,35.766,-0.02504929306
子图5,系列13,35.772,-0.02596297713
子图5,系列13,35.778,-0.02711770193
子图5,系列13,35.784,-0.02880419558
子图5,系列13,35.79,-0.03122613654
子图5,系列13,35.796,-0.0344702011
子图5,系列13,35.802,-0.03850176146
子图5,系列13,35.808,-0.04318303397
子图5,系列13,35.814,-0.04830466744
子图5,系列13,35.82,-0.0536198301
子图5,系列13,35.826,-0.05887154126
子图5,系列13,35.832,-0.0638088054
子图5,系列13,35.838,-0.06818959537
子图5,系列13,35.844,-0.07177818873
子图5,系列13,35.85,-0.07434244134
子图5,系列13,35.856,-0.07566071765
子图5,系列13,35.862,-0.07554412239
子图5,系列13,35.868,-0.07387188048
子图5,系列13,35.874,-0.07063715916
子图5,系列13,35.88,-0.06598793371
子图5,系列13,35.886,-0.06025219914
子图5,系列13,35.892,-0.05393371738
子图5,系列13,35.898,-0.04767124809
子图5,系列13,35.904,-0.04216463758
子图5,系列13,35.91,-0.03807629007
子图5,系列13,35.916,-0.03592741489
子图5,系列13,35.922,-0.03601021981
子图5,系列13,35.928,-0.03833391145
子图5,系列13,35.934,-0.04261969223
子图5,系列13,35.94,-0.04834490552
子图5,系列13,35.946,-0.05482936498
子图5,系列13,35.952,-0.06134678451
子图5,系列13,35.958,-0.06723679985
子图5,系列13,35.964,-0.07199826485
子图5,系列13,35.97,-0.07534399018
子图5,系列13,35.976,-0.07721044694
子图5,系列13,35.982,-0.07772482203
子图5,系列13,35.988,-0.07713898162
子图5,系列13,35.994,-0.07575071046
子图5,系列13,36,-0.07382840985
子图5,系列13,36.006,-0.07155733962
子图5,系列13,36.012,-0.06901703336
子图5,系列13,36.018,-0.06619032257
子图5,系列13,36.024,-0.0630003954
子图5,系列13,36.03,-0.0593619681
子图5,系列13,36.036,-0.05523380654
子图5,系列13,36.042,-0.05065995915
子图5,系列13,36.048,-0.04578856703
子图5,系列13,36.054,-0.04086746849
子图5,系列13,36.06,-0.03621613658
子图5,系列13,36.066,-0.03218188556
子图5,系列13,36.072,-0.02909036657
子图5,系列13,36.078,-0.0271975504
子图5,系列13,36.084,-0.02665447395
子图5,系列13,36.09,-0.02748659042
子图5,系列13,36.096,-0.02959095986
子图5,系列13,36.102,-0.03274979062
子图5,系列13,36.108,-0.03665499007
子图5,系列13,36.114,-0.04094174868
子图5,系列13,36.12,-0.04522426975
子图5,系列13,36.126,-0.04913105588
子图5,系列13,36.132,-0.05233701406
子图5,系列13,36.138,-0.05458833243
子图5,系列13,36.144,-0.05572092287
子图5,系列13,36.15,-0.05566881741
子图5,系列13,36.156,-0.05446367199
子图5,系列13,36.162,-0.05222542253
子图5,系列13,36.168,-0.04914484935
子图5,系列13,36.174,-0.0454616328
子图5,系列13,36.18,-0.04143931673
子图5,系列13,36.186,-0.0373403975
子图5,系列13,36.192,-0.03340362592
子图5,系列13,36.198,-0.02982407477
子图5,系列13,36.204,-0.02673763514
子图5,系列13,36.21,-0.02421037818
子图5,系列13,36.216,-0.02223311055
子图5,系列13,36.222,-0.0207243596
子图5,系列13,36.228,-0.0195402199
子图5,系列13,36.234,-0.01849458533
子图5,系列13,36.24,-0.01738646146
子图5,系列13,36.246,-0.01603254661
子图5,系列13,36.252,-0.01430161715
子图5,系列13,36.258,-0.01214278831
子图5,系列13,36.264,-0.00960595051
子图5,系列13,36.27,-0.006846664184
子图5,系列13,36.276,-0.004116231617
子图5,系列13,36.282,-0.001736072581
子图5,系列13,36.288,-5.926864717e-05
子图5,系列13,36.294,0.0005746505064
子图5,系列13,36.3,-0.000112823418
子图5,系列13,36.306,-0.002297217351
子图5,系列13,36.312,-0.006019224776
子图5,系列13,36.318,-0.01116776372
子图5,系列13,36.324,-0.01747996343
子图5,系列13,36.33,-0.02455862868
子图5,系列13,36.336,-0.03190491084
子图5,系列13,36.342,-0.038962949
子图5,系列13,36.348,-0.04517098102
子图5,系列13,36.354,-0.05001308978
子图5,系列13,36.36,-0.05306585101
子图5,系列13,36.366,-0.05403430066
子图5,系列13,36.372,-0.05277394869
子图5,系列13,36.378,-0.04929715245
子图5,系列13,36.384,-0.04376414939
子图5,系列13,36.39,-0.03646177047
子图5,系列13,36.396,-0.02777320104
子图5,系列13,36.402,-0.0181429915
子图5,系列13,36.408,-0.008042003888
子图5,系列13,36.414,0.002066467896
子图5,系列13,36.42,0.01175549756
子图5,系列13,36.426,0.02065996163
子图5,系列13,36.432,0.02849655828
子图5,系列13,36.438,0.03507911812
子图5,系列13,36.444,0.04032858858
子图5,系列13,36.45,0.04427466457
子图5,系列13,36.456,0.04704922395
子图5,系列13,36.462,0.04886753749
子图5,系列13,36.468,0.04999891506
子图5,系列13,36.474,0.05072761371
子图5,系列13,36.48,0.05130900752
子图5,系列13,36.486,0.05192821488
子图5,系列13,36.492,0.0526693439
子图5,系列13,36.498,0.05350247674
子图5,系列13,36.504,0.05429430561
子图5,系列13,36.51,0.05484135836
子图5,系列13,36.516,0.05492173364
子图5,系列13,36.522,0.05435581972
子图5,系列13,36.528,0.05306156108
子图5,系列13,36.534,0.05109470158
子图5,系列13,36.54,0.04866096723
子图5,系列13,36.546,0.0460989733
子图5,系列13,36.552,0.04383551645
子图5,系列13,36.558,0.04232094759
子图5,系列13,36.564,0.04196017201
子图5,系列13,36.57,0.04304934739
子图5,系列13,36.576,0.04573254141
子图5,系列13,36.582,0.04998365958
子图5,系列13,36.588,0.05561397948
子图5,系列13,36.594,0.06230317688
子图5,系列13,36.6,0.06964328718
子图5,系列13,36.606,0.07718838505
子图5,系列13,36.612,0.084501192
子图5,系列13,36.618,0.09118929098
子图5,系列13,36.624,0.09693074189
子图5,系列13,36.63,0.1014862809
子图5,系列13,36.636,0.1047021869
子图5,系列13,36.642,0.1065065923
子图5,系列13,36.648,0.1069006568
子图5,系列13,36.654,0.1059494321
子图5,系列13,36.66,0.1037705643
子图5,系列13,36.666,0.1005229073
子图5,系列13,36.672,0.0963946629
子图5,系列13,36.678,0.09158959399
子图5,系列13,36.684,0.08631462544
子图5,系列13,36.69,0.08076780357
子图5,系列13,36.696,0.07512957238
子图5,系列13,36.702,0.06955973138
子图5,系列13,36.708,0.06419786133
子图5,系列13,36.714,0.05917003043
子图5,系列13,36.72,0.05459613246
子图5,系列13,36.726,0.05059587164
子图5,系列13,36.732,0.04729119003
子图5,系列13,36.738,0.04479919656
子图5,系列13,36.744,0.04322017615
子图5,系列13,36.75,0.0426184658
子图5,系列13,36.756,0.04300303503
子图5,系列13,36.762,0.04431384052
子图5,系列13,36.768,0.04641601549
子图5,系列13,36.774,0.04910999789
子图5,系列13,36.78,0.05215292578
子图5,系列13,36.786,0.05529099801
子图5,系列13,36.792,0.05829573101
子图5,系列13,36.798,0.06099448415
子图5,系列13,36.804,0.0632915657
子图5,系列13,36.81,0.06517178771
子图5,系列13,36.816,0.0666883735
子图5,系列13,36.822,0.06793778876
子图5,系列13,36.828,0.06902661256
子图5,系列13,36.834,0.07003997471
子图5,系列13,36.84,0.07101595567
子图5,系列13,36.846,0.07193128946
子图5,系列13,36.852,0.0727002767
子图5,系列13,36.858,0.07318363926
子图5,系列13,36.864,0.07320734703
子图5,系列13,36.87,0.07258572888
子图5,系列13,36.876,0.07114707656
子图5,系列13,36.882,0.06876054355
子图5,系列13,36.888,0.06535966913
子图5,系列13,36.894,0.06096446788
子图5,系列13,36.9,0.05569582194
子图5,系列13,36.906,0.04978140336
子图5,系列13,36.912,0.04354990212
子图5,系列13,36.918,0.03740966489
子图5,系列13,36.924,0.03181482387
子图5,系列13,36.93,0.02721842549
子图5,系列13,36.936,0.02401997041
子图5,系列13,36.942,0.02251452559
子图5,系列13,36.948,0.02285019788
子图5,系列13,36.954,0.02500349905
子图5,系列13,36.96,0.02877533476
子图5,系列13,36.966,0.03380968542
子图5,系列13,36.972,0.03963315206
子图5,系列13,36.978,0.04570699421
子图5,系列13,36.984,0.05148659273
子图5,系列13,36.99,0.05647704524
子图5,系列13,36.996,0.06027901584
子图5,系列13,37.002,0.06262024489
子图5,系列13,37.008,0.06336902267
子图5,系列13,37.014,0.06253345636
子图5,系列13,37.02,0.06024667015
子图5,系列13,37.026,0.05674400599
子图5,系列13,37.032,0.05233495998
子图5,系列13,37.038,0.04737260351
子图5,系列13,37.044,0.04222311794
子图5,系列13,37.05,0.03723568899
子图5,系列13,37.056,0.03271410852
子图5,系列13,37.062,0.02889172631
子图5,系列13,37.068,0.02591099135
子图5,系列13,37.074,0.02381108525
子图5,系列13,37.08,0.02252594983
子图5,系列13,37.086,0.02189419834
子图5,系列13,37.092,0.02168265283
子图5,系列13,37.098,0.02161983136
子图5,系列13,37.104,0.02143698122
子图5,系列13,37.11,0.0209092625
子图5,系列13,37.116,0.01989000767
子图5,系列13,37.122,0.01833178556
子图5,系列13,37.128,0.01628824958
子图5,系列13,37.134,0.01389628806
子图5,系列13,37.14,0.01134075304
子图5,系列13,37.146,0.008808300832
子图5,系列13,37.152,0.006441021335
子图5,系列13,37.158,0.004299264955
子图5,系列13,37.164,0.002343786196
子图5,系列13,37.17,0.0004419352968
子图5,系列13,37.176,-0.00160240251
子图5,系列13,37.182,-0.003999818956
子图5,系列13,37.188,-0.006918852466
子图5,系列13,37.194,-0.01043299612
子图5,系列13,37.2,-0.01448423003
子图5,系列13,37.206,-0.01887149
子图5,系列13,37.212,-0.02326725576
子图5,系列13,37.218,-0.02726065685
子图5,系列13,37.224,-0.0304181956
子图5,系列13,37.23,-0.03235155082
子图5,系列13,37.236,-0.03277963902
子图5,系列13,37.242,-0.03157394412
子图5,系列13,37.248,-0.02878049977
子图5,系列13,37.254,-0.0246150376
子图5,系列13,37.26,-0.01943417674
子图5,系列13,37.266,-0.01368770212
子图5,系列13,37.272,-0.007860039424
子图5,系列13,37.278,-0.002409809719
子图5,系列13,37.284,0.002285081728
子图5,系列13,37.29,0.005969089601
子图5,系列13,37.296,0.008533628033
子图5,系列13,37.302,0.01002071309
子图5,系列13,37.308,0.01060630505
子图5,系列13,37.314,0.01056489169
子图5,系列13,37.32,0.01022034975
子图5,系列13,37.326,0.009890677434
子图5,系列13,37.332,0.009834029324
子图5,系列13,37.338,0.01020636522
子图5,系列13,37.344,0.01103595122
子图5,系列13,37.35,0.01222058555
子图5,系列13,37.356,0.01354650332
子图5,系列13,37.362,0.01472569064
子图5,系列13,37.368,0.01544485377
子图5,系列13,37.374,0.01541670069
子图5,系列13,37.38,0.01442610905
子图5,系列13,37.386,0.01236357482
子图5,系列13,37.392,0.009242411268
子图5,系列13,37.398,0.005198653442
子图5,系列13,37.404,0.0004745755812
子图5,系列13,37.41,-0.004610245041
子图5,系列13,37.416,-0.009696723005
子图5,系列13,37.422,-0.01442846772
子图5,系列13,37.428,-0.0184931634
子图5,系列13,37.434,-0.02166038674
子图5,系列13,37.44,-0.02380983122
子图5,系列13,37.446,-0.02494828407
子图5,系列13,37.452,-0.02521103373
子图5,系列13,37.458,-0.02484698239
子图5,系列13,37.464,-0.02418808785
子图5,系列13,37.47,-0.02360512282
子图5,系列13,37.476,-0.02345606293
子图5,系列13,37.482,-0.02403281124
子图5,系列13,37.488,-0.02551495318
子图5,系列13,37.494,-0.02793723116
子图5,系列13,37.5,-0.03117676014
子图5,系列13,37.506,-0.03496227508
子图5,系列13,37.512,-0.03890586623
子图5,系列13,37.518,-0.04255197692
子图5,系列13,37.524,-0.04543905191
子图5,系列13,37.53,-0.04716394557
子图5,系列13,37.536,-0.0474413894
子图5,系列13,37.542,-0.04615053491
子图5,系列13,37.548,-0.04336037865
子图5,系列13,37.554,-0.03933244721
子图5,系列13,37.56,-0.03449644709
子图5,系列13,37.566,-0.02940347652
子图5,系列13,37.572,-0.02466096895
子图5,系列13,37.578,-0.02085764431
子图5,系列13,37.584,-0.01849024696
子图5,系列13,37.59,-0.01790100668
子图5,系列13,37.596,-0.01923682
子图5,系列13,37.602,-0.02243579801
子图5,系列13,37.608,-0.02724233217
子图5,系列13,37.614,-0.03324881941
子图5,系列13,37.62,-0.03995487406
子图5,系列13,37.626,-0.04683413386
子图5,系列13,37.632,-0.05339780046
子图5,系列13,37.638,-0.05924311358
子图5,系列13,37.644,-0.06408305074
子图5,系列13,37.65,-0.06775262538
子图5,系列13,37.656,-0.07019627499
子图5,系列13,37.662,-0.07144249855
子图5,系列13,37.668,-0.07157253054
子图5,系列13,37.674,-0.07069394862
子图5,系列13,37.68,-0.06892223634
子图5,系列13,37.686,-0.06637560754
子图5,系列13,37.692,-0.06318089675
子图5,系列13,37.698,-0.05948583375
子图5,系列13,37.704,-0.05547285938
子图5,系列13,37.71,-0.05136597835
子图5,系列13,37.716,-0.04742698589
子图5,系列13,37.722,-0.04393881535
子图5,系列13,37.728,-0.04117669139
子图5,系列13,37.734,-0.03937373224
子图5,系列13,37.74,-0.03868648098
子图5,系列13,37.746,-0.03916838691
子图5,系列13,37.752,-0.04075744086
子图5,系列13,37.758,-0.04327894595
子图5,系列13,37.764,-0.04646439836
子图5,系列13,37.77,-0.04998070314
子图5,系列13,37.776,-0.0534641552
子图5,系列13,37.782,-0.05655414396
子图5,系列13,37.788,-0.05892000838
子图5,系列13,37.794,-0.06028178435
子图5,系列13,37.8,-0.06042345213
子图5,系列13,37.806,-0.05920216738
子图5,系列13,37.812,-0.0565568006
子图5,系列13,37.818,-0.0525155111
子图5,系列13,37.824,-0.04720428704
子图5,系列13,37.83,-0.04085120909
子图5,系列13,37.836,-0.03378348917
子图5,系列13,37.842,-0.02641310765
子图5,系列13,37.848,-0.01920750524
子图5,系列13,37.854,-0.01264813523
子图5,系列13,37.86,-0.007179850361
子图5,系列13,37.866,-0.003159243716
子图5,系列13,37.872,-0.0008118861231
子图5,系列13,37.878,-0.0002044641417
子图5,系列13,37.884,-0.001240284539
子图5,系列13,37.89,-0.003677148296
子图5,系列13,37.896,-0.007165784093
子图5,系列13,37.902,-0.01130265367
子图5,系列13,37.908,-0.0156856458
子图5,系列13,37.914,-0.0199663532
子图5,系列13,37.92,-0.02388744355
子图5,系列13,37.926,-0.02730240763
子图5,系列13,37.932,-0.03017509942
子图5,系列13,37.938,-0.03256096176
子图5,系列13,37.944,-0.03457641739
子图5,系列13,37.95,-0.03636134612
子图5,系列13,37.956,-0.03804334093
子图5,系列13,37.962,-0.0397080709
子图5,系列13,37.968,-0.04138046941
子图5,系列13,37.974,-0.04301747691
子图5,系列13,37.98,-0.04451224559
子图5,系列13,37.986,-0.04570726079
子图5,系列13,37.992,-0.04641406362
子图5,系列13,37.998,-0.04643643961
子图5,系列13,38.004,-0.04559425965
子图5,系列13,38.01,-0.04374615413
子图5,系列13,38.016,-0.04080773969
子图5,系列13,38.022,-0.03676501539
子图5,系列13,38.028,-0.03168001446
子图5,系列13,38.034,-0.02568933535
子图5,系列13,38.04,-0.01899523344
子图5,系列13,38.046,-0.01185059218
子图5,系列13,38.052,-0.004540626627
子图5,系列13,38.058,0.002637239072
子图5,系列13,38.064,0.009392198869
子图5,系列13,38.07,0.01545665542
子图5,系列13,38.076,0.02060042164
子图5,系列13,38.082,0.02464190031
子图5,系列13,38.088,0.02745826346
子图5,系列13,38.094,0.02899350131
子图5,系列13,38.1,0.02926446783
子图5,系列13,38.106,0.02836346702
子图5,系列13,38.112,0.02645391292
子图5,系列13,38.118,0.02375917349
子图5,系列13,38.124,0.02054135528
子图5,系列13,38.13,0.01707346718
子图5,系列13,38.136,0.01360697162
子图5,系列13,38.142,0.01034033037
子图5,系列13,38.148,0.007395235307
子图5,系列13,38.154,0.004804063868
子图5,系列13,38.16,0.002513537488
子图5,系列13,38.166,0.0004024371689
子图5,系列13,38.172,-0.0016884472
子图5,系列13,38.178,-0.003920878761
子图5,系列13,38.184,-0.006425012875
子图5,系列13,38.19,-0.009272499689
子图5,系列13,38.196,-0.01246211899
子图5,系列13,38.202,-0.01591862712
子图5,系列13,38.208,-0.01950440518
子图5,系列13,38.214,-0.02303971132
子图5,系列13,38.22,-0.02632710294
子图5,系列13,38.226,-0.02917519669
子图5,系列13,38.232,-0.03141820469
子图5,系列13,38.238,-0.03292930924
子图5,系列13,38.244,-0.03362801057
子图5,系列13,38.25,-0.03348241719
子图5,系列13,38.256,-0.03250859761
子图5,系列13,38.262,-0.03076844885
子图5,系列13,38.268,-0.02836667547
子图5,系列13,38.274,-0.02544696598
子图5,系列13,38.28,-0.02218574905
子图5,系列13,38.286,-0.01878279088
子图5,系列13,38.292,-0.01544776874
子图5,系列13,38.298,-0.0123833418
子图5,系列13,38.304,-0.009766971216
子图5,系列13,38.31,-0.007734194867
子图5,系列13,38.316,-0.006366660524
子图5,系列13,38.322,-0.005687814439
子图5,系列13,38.328,-0.005666361864
子图5,系列13,38.334,-0.006227413598
子图5,系列13,38.34,-0.007267643951
子图5,系列13,38.346,-0.008671002438
子图5,系列13,38.352,-0.01032185159
子图5,系列13,38.358,-0.01211227333
子图5,系列13,38.364,-0.01394484037
子图5,系列13,38.37,-0.01573114114
子图5,系列13,38.376,-0.01739010482
子图5,系列13,38.382,-0.01884845424
子图5,系列13,38.388,-0.02004483177
子图5,系列13,38.394,-0.02093751497
子图5,系列13,38.4,-0.0215125893
子图5,系列13,38.406,-0.02178932422
子图5,系列13,38.412,-0.02181876872
子图5,系列13,38.418,-0.02167387903
子图5,系列13,38.424,-0.02143160532
子图5,系列13,38.43,-0.02115079796
子图5,系列13,38.436,-0.02085098653
子图5,系列13,38.442,-0.02049873383
子图5,系列13,38.448,-0.0200058577
子图5,系列13,38.454,-0.0192420287
子图5,系列13,38.46,-0.01806020501
子图5,系列13,38.466,-0.01632969954
子图5,系列13,38.472,-0.0139702875
子图5,系列13,38.478,-0.01097872379
子图5,系列13,38.484,-0.007441949024
子图5,系列13,38.49,-0.003533054499
子图5,系列13,38.496,0.0005095595237
子图5,系列13,38.502,0.004415265069
子图5,系列13,38.508,0.007920281269
子图5,系列13,38.514,0.0108041191
子图5,系列13,38.52,0.0129168876
子图5,系列13,38.526,0.01419281393
子图5,系列13,38.532,0.01464861446
子图5,系列13,38.538,0.01436940615
子图5,系列13,38.544,0.01348623484
子图5,系列13,38.55,0.01215123616
子图5,系列13,38.556,0.01051551074
子图5,系列13,38.562,0.008713033194
子图5,系列13,38.568,0.006852428714
子图5,系列13,38.574,0.005015508352
子图5,系列13,38.58,0.003260968352
子图5,系列13,38.586,0.001630497829
子图5,系列13,38.592,0.0001551842665
子图5,系列13,38.598,-0.001139221815
子图5,系列13,38.604,-0.002228794844
子图5,系列13,38.61,-0.003089448892
子图5,系列13,38.616,-0.003696389363
子图5,系列13,38.622,-0.004024384894
子图5,系列13,38.628,-0.00404951125
子图5,系列13,38.634,-0.003752049927
子图5,系列13,38.64,-0.003121246727
子图5,系列13,38.646,-0.002161456155
子图5,系列13,38.652,-0.0008983471187
子图5,系列13,38.658,0.0006157984707
子图5,系列13,38.664,0.002300990742
子图5,系列13,38.67,0.00405329807
子图5,系列13,38.676,0.005755207755
子图5,系列13,38.682,0.007291812116
子图5,系列13,38.688,0.008569772683
子图5,系列13,38.694,0.009536959141
子图5,系列13,38.7,0.01019677365
子图5,系列13,38.706,0.0106151562
子图5,系列13,38.712,0.0109171569
子图5,系列13,38.718,0.01127278833
子图5,系列13,38.724,0.01187523945
子图5,系列13,38.73,0.0129134847
子图5,系列13,38.736,0.01454549564
子图5,系列13,38.742,0.01687534882
子图5,系列13,38.748,0.01993777069
子图5,系列13,38.754,0.02369242406
子图5,系列13,38.76,0.02802678597
子图5,系列13,38.766,0.03276723733
子图5,系列13,38.772,0.03769552483
子图5,系列13,38.778,0.04256794496
子图5,系列13,38.784,0.04713600633
子图5,系列13,38.79,0.05116577946
子图5,系列13,38.796,0.05445591761
子图5,系列13,38.802,0.0568531032
子图5,系列13,38.808,0.05826373272
子图5,系列13,38.814,0.05866185369
子图5,系列13,38.82,0.05809082062
子图5,系列13,38.826,0.05665882252
子图5,系列13,38.832,0.05452734495
子图5,系列13,38.838,0.05189314169
子图5,系列13,38.844,0.04896653655
子图5,系列13,38.85,0.04594839152
子图5,系列13,38.856,0.04301009091
子图5,系列13,38.862,0.04028006395
子图5,系列13,38.868,0.03783820274
子图5,系列13,38.874,0.03571949519
子图5,系列13,38.88,0.03392411988
子图5,系列13,38.886,0.03243071731
子图5,系列13,38.892,0.03120982733
子图5,系列13,38.898,0.03023220921
子图5,系列13,38.904,0.02947258118
子图5,系列13,38.91,0.02890711378
子图5,系列13,38.916,0.02850771968
子图5,系列13,38.922,0.02823704999
子图5,系列13,38.928,0.02804557504
子图5,系列13,38.934,0.02787561953
子图5,系列13,38.94,0.02767004698
子图5,系列13,38.946,0.02738550192
子图5,系列13,38.952,0.02700626348
子图5,系列13,38.958,0.02655375738
子图5,系列13,38.964,0.02608954059
子图5,系列13,38.97,0.02570814102
子图5,系列13,38.976,0.02552093056
子图5,系列13,38.982,0.02563355036
子图5,系列13,38.988,0.02612052664
子图5,系列13,38.994,0.02700343545
子图5,系列13,39,0.0282364934
子图5,系列13,39.006,0.02970320242
子图5,系列13,39.012,0.03122599573
子图5,系列13,39.018,0.03258623999
子图5,系列13,39.024,0.0335533483
子图5,系列13,39.03,0.03391680568
子图5,系列13,39.036,0.03351705807
子图5,系列13,39.042,0.03227083673
子图5,系列13,39.048,0.03018638027
子图5,系列13,39.054,0.02736823043
子图5,系列13,39.06,0.02400944706
子图5,系列13,39.066,0.02037337894
子图5,系列13,39.072,0.01676640893
子图5,系列13,39.078,0.01350439475
子图5,系列13,39.084,0.01087666711
子图5,系列13,39.09,0.009111088041
子图5,系列13,39.096,0.008344389168
子图5,系列13,39.102,0.008602080451
子图5,系列13,39.108,0.009790727054
子图5,系列13,39.114,0.01170503376
子图5,系列13,39.12,0.01404976582
子图5,系列13,39.126,0.0164738594
子图5,系列13,39.132,0.01861336082
子图5,系列13,39.138,0.02013598854
子图5,系列13,39.144,0.02078183838
子图5,系列13,39.15,0.02039339179
子图5,系列13,39.156,0.01893067568
子图5,系列13,39.162,0.01647000254
子图5,系列13,39.168,0.01318679317
子图5,系列13,39.174,0.009326699591
子图5,系列13,39.18,0.005170062191
子图5,系列13,39.186,0.0009959427212
子图5,系列13,39.192,-0.002948802976
子图5,系列13,39.198,-0.006471547397
子图5,系列13,39.204,-0.009445488597
子图5,系列13,39.21,-0.01181079583
子图5,系列13,39.216,-0.01356812376
子图5,系列13,39.222,-0.01476640659
子图5,系列13,39.228,-0.01548863805
子图5,系列13,39.234,-0.01583713197
子图5,系列13,39.24,-0.01591975422
子图5,系列13,39.246,-0.01583798999
子图5,系列13,39.252,-0.01567638915
子图5,系列13,39.258,-0.01549470111
子图5,系列13,39.264,-0.01532233042
子图5,系列13,39.27,-0.01515683862
子图5,系列13,39.276,-0.01496660202
子图5,系列13,39.282,-0.01469830696
子图5,系列13,39.288,-0.01428838816
子图5,系列13,39.294,-0.0136770027
子图5,系列13,39.3,-0.01282218744
子图5,系列13,39.306,-0.01171145338
子图5,系列13,39.312,-0.01036885936
子图5,系列13,39.318,-0.008855543509
子图5,系列13,39.324,-0.007264102042
子图5,系列13,39.33,-0.005707166529
子图5,系列13,39.336,-0.00430265455
子图5,系列13,39.342,-0.003158154241
子图5,系列13,39.348,-0.00235703644
子图5,系列13,39.354,-0.001948818847
子图5,系列13,39.36,-0.001944851874
子图5,系列13,39.366,-0.002319856531
子图5,系列13,39.372,-0.003018457665
子图5,系列13,39.378,-0.003964952407
子图5,系列13,39.384,-0.005074135508
子图5,系列13,39.39,-0.006260857579
子图5,系列13,39.396,-0.007446325662
子图5,系列13,39.402,-0.008560567776
子图5,系列13,39.408,-0.009541055226
子图5,系列13,39.414,-0.01032938051
子图5,系列13,39.42,-0.01086805472
子图5,系列13,39.426,-0.01109995003
子图5,系列13,39.432,-0.01097186983
子图5,系列13,39.438,-0.01044254554
子图5,系列13,39.444,-0.009493255423
子图5,系列13,39.45,-0.008138322798
子图5,系列13,39.456,-0.006431597171
子图5,系列13,39.462,-0.004465708861
子图5,系列13,39.468,-0.00236278513
子图5,系列13,39.474,-0.0002566228799
子图5,系列13,39.48,0.001729673259
子图5,系列13,39.486,0.003506646869
子图5,系列13,39.492,0.005035858504
子图5,系列13,39.498,0.006337363503
子图5,系列13,39.504,0.007485107556
子图5,系列13,39.51,0.008590138731
子图5,系列13,39.516,0.009775895633
子图5,系列13,39.522,0.01115029192
子图5,系列13,39.528,0.01278127167
子图5,系列13,39.534,0.0146810654
子图5,系列13,39.54,0.01680201404
子图5,系列13,39.546,0.01904489702
子图5,系列13,39.552,0.02127670767
子图5,系列13,39.558,0.02335411432
子图5,系列13,39.564,0.02514696101
子图5,系列13,39.57,0.02655719137
子图5,系列13,39.576,0.02752978367
子图5,系列13,39.582,0.02805402295
子图5,系列13,39.588,0.02815611563
子图5,系列13,39.594,0.02788502926
子图5,系列13,39.6,0.02729560402
子图5,系列13,39.606,0.02643228116
子图5,系列13,39.612,0.02531724758
子图5,系列13,39.618,0.02394521822
子图5,系列13,39.624,0.0222856068
子图5,系列13,39.63,0.02029191544
子图5,系列13,39.636,0.01791548965
子图5,系列13,39.642,0.01512175981
子图5,系列13,39.648,0.01190457146
子图5,系列13,39.654,0.008296774192
子图5,系列13,39.66,0.004374646316
子图5,系列13,39.666,0.0002555158816
子图5,系列13,39.672,-0.003909553349
子图5,系列13,39.678,-0.007947680615
子图5,系列13,39.684,-0.01167608575
子图5,系列13,39.69,-0.01491357678
子图5,系列13,39.696,-0.01748885938
子图5,系列13,39.702,-0.0192457705
子图5,系列13,39.708,-0.02004724575
子图5,系列13,39.714,-0.01977863794
子图5,系列13,39.72,-0.01835400515
子图5,系列13,39.726,-0.01572562662
子图5,系列13,39.732,-0.01189684889
子图5,系列13,39.738,-0.006936941457
子图5,系列13,39.744,-0.0009930892074
子图5,系列13,39.75,0.00570337142
子图5,系列13,39.756,0.01284153584
子图5,系列13,39.762,0.02004865737
子图5,系列13,39.768,0.02692002823
子图5,系列13,39.774,0.03305999276
子图5,系列13,39.78,0.03812624843
子图5,系列13,39.786,0.04187258591
子图5,系列13,39.792,0.04418137557
子图5,系列13,39.798,0.045080267
子图5,系列13,39.804,0.04474053205
子图5,系列13,39.81,0.04345531298
子图5,系列13,39.816,0.04160265417
子图5,系列13,39.822,0.03959710697
子图5,系列13,39.828,0.03783780593
子图5,系列13,39.834,0.03665968521
子图5,系列13,39.84,0.03629395952
子图5,系列13,39.846,0.03684276647
子图5,系列13,39.852,0.03827061708
子图5,系列13,39.858,0.04041287542
子图5,系列13,39.864,0.04300032732
子图5,系列13,39.87,0.04569600399
子图5,系列13,39.876,0.0481395152
子图5,系列13,39.882,0.04999385534
子图5,系列13,39.888,0.05098741737
子图5,系列13,39.894,0.05094746161
子图5,系列13,39.9,0.049819321
子图5,系列13,39.906,0.04766990047
子图5,系列13,39.912,0.04467521847
子图5,系列13,39.918,0.04109323971
子图5,系列13,39.924,0.03722705661
子图5,系列13,39.93,0.03338265428
子图5,系列13,39.936,0.02982766421
子图5,系列13,39.942,0.02675744972
子图5,系列13,39.948,0.02427235301
子图5,系列13,39.954,0.02237115051
子图5,系列13,39.96,0.02096075031
子图5,系列13,39.966,0.01988135313
子图5,系列13,39.972,0.01894399152
子图5,系列13,39.978,0.0179727375
子图5,系列13,39.984,0.01684630864
子图5,系列13,39.99,0.01552940719
子图5,系列13,39.996,0.01408831799
子图5,系列13,40.002,0.01268652557
子图5,系列13,40.008,0.01155882538
子图5,系列13,40.014,0.01096842569
子图5,系列13,40.02,0.01115282175
子图5,系列13,40.026,0.0122685414
子图5,系列13,40.032,0.0143454569
子图5,系列13,40.038,0.01725959306
子图5,系列13,40.044,0.02073196363
子图5,系列13,40.05,0.02435512022
子图5,系列13,40.056,0.027644711
子图5,系列13,40.062,0.03010864913
子图5,系列13,40.068,0.03132181262
子图5,系列13,40.074,0.03099393154
子图5,系列13,40.08,0.02901801325
子图5,系列13,40.086,0.02549031437
子图5,系列13,40.092,0.02069813401
子图5,系列13,40.098,0.01507664527
子图5,系列13,40.104,0.009142478604
子图5,系列13,40.11,0.003415408434
子图5,系列13,40.116,-0.001658618754
子图5,系列13,40.122,-0.00576909092
子图5,系列13,40.128,-0.008777772784
子图5,系列13,40.134,-0.01072385291
子图5,系列13,40.14,-0.01179788132
子图5,系列13,40.146,-0.01228992828
子图5,系列13,40.152,-0.01252135695
子图5,系列13,40.158,-0.0127745213
子图5,系列13,40.164,-0.01323194558
子图5,系列13,40.17,-0.01393774033
子图5,系列13,40.176,-0.01478706188
子图5,系列13,40.182,-0.01554552245
子图5,系列13,40.188,-0.01589465491
子图5,系列13,40.194,-0.0154939795
子图5,系列13,40.2,-0.0140490378
子图5,系列13,40.206,-0.01137231953
子图5,系列13,40.212,-0.007427621454
子图5,系列13,40.218,-0.00234997257
子图5,系列13,40.224,0.003560645976
子图5,系列13,40.23,0.009870624993
子图5,系列13,40.236,0.01606296567
子图5,系列13,40.242,0.02159854129
子图5,系列13,40.248,0.02597933967
子图5,系列13,40.254,0.02880479343
子图5,系列13,40.26,0.02981466156
子图5,系列13,40.266,0.02891376798
子图5,系列13,40.272,0.02617702437
子图5,系列13,40.278,0.02183588639
子图5,系列13,40.284,0.01624900234
子图5,系列13,40.29,0.009861741258
子图5,系列13,40.296,0.003159739175
子图5,系列13,40.302,-0.003379045041
子图5,系列13,40.308,-0.00932805202
子图5,系列13,40.314,-0.01434934058
子图5,系列13,40.32,-0.01821953784
子图5,系列13,40.326,-0.02084411315
子图5,系列13,40.332,-0.02225775779
子图5,系列13,40.338,-0.02261153123
子图5,系列13,40.344,-0.02214840265
子图5,系列13,40.35,-0.02116901469
子图5,系列13,40.356,-0.01999292689
子图5,系列13,40.362,-0.01891853532
子图5,系列13,40.368,-0.01818806975
子图5,系列13,40.374,-0.0179609987
子图5,系列13,40.38,-0.01829990135
子图5,系列13,40.386,-0.01916973146
子图5,系列13,40.392,-0.02045029782
子图5,系列13,40.398,-0.02195908752
子图5,系列13,40.404,-0.02348082343
子图5,系列13,40.41,-0.02479901644
子图5,系列13,40.416,-0.02572467075
子图5,系列13,40.422,-0.02611945488
子图5,系列13,40.428,-0.02590939934
子图5,系列13,40.434,-0.02509036523
子图5,系列13,40.44,-0.0237239922
子图5,系列13,40.446,-0.02192721104
子图5,系列13,40.452,-0.01985751885
子图5,系列13,40.458,-0.01769561296
子图5,系列13,40.464,-0.01562973954
子图5,系列13,40.47,-0.01384121721
子图5,系列13,40.476,-0.01249425985
子图5,系列13,40.482,-0.01172938248
子图5,系列13,40.488,-0.01165976883
子图5,系列13,40.494,-0.01237074517
子图5,系列13,40.5,-0.01391921385
子图5,系列13,40.506,-0.01633292723
子图5,系列13,40.512,-0.01960770088
子图5,系列13,40.518,-0.02370175228
子图5,系列13,40.524,-0.0285287437
子图5,系列13,40.53,-0.03394990854
子图5,系列13,40.536,-0.0397688931
子图5,系列13,40.542,-0.04573202554
子图5,系列13,40.548,-0.0515362314
子图5,系列13,40.554,-0.05684697236
子图5,系列13,40.56,-0.06132455746
子图5,系列13,40.566,-0.0646568865
子图5,系列13,40.572,-0.06659370293
子图5,系列13,40.578,-0.06697627979
子图5,系列13,40.584,-0.06575770646
子图5,系列13,40.59,-0.06300903494
子图5,系列13,40.596,-0.05890990994
子图5,系列13,40.602,-0.05372566431
子图5,系列13,40.608,-0.04777367849
子图5,系列13,40.614,-0.041386896
子图5,系列13,40.62,-0.03487964847
子图5,系列13,40.626,-0.02852270453
子图5,系列13,40.632,-0.02253201129
子图5,系列13,40.638,-0.01707074264
子图5,系列13,40.644,-0.0122648597
子图5,系列13,40.65,-0.008224838859
子图5,系列13,40.656,-0.005067906598
子图5,系列13,40.662,-0.002932824444
子图5,系列13,40.668,-0.001980060547
子图5,系列13,40.674,-0.002375440168
子图5,系列13,40.68,-0.00425699626
子图5,系列13,40.686,-0.007691234105
子图5,系列13,40.692,-0.0126283728
子图5,系列13,40.698,-0.01886688357
子图5,系列13,40.704,-0.02603879314
子图5,系列13,40.71,-0.03362210292
子图5,系列13,40.716,-0.04098209689
子图5,系列13,40.722,-0.04743753904
子图5,系列13,40.728,-0.05234076692
子图5,系列13,40.734,-0.05515889386
子图5,系列13,40.74,-0.05554132832
子图5,系列13,40.746,-0.05336147914
子图5,系列13,40.752,-0.04872675684
子图5,系列13,40.758,-0.04195484758
子图5,系列13,40.764,-0.03352404912
子图5,系列13,40.77,-0.02400702731
子图5,系列13,40.776,-0.01400203266
子图5,系列13,40.782,-0.004074480466
子图5,系列13,40.788,0.005283266648
子图5,系列13,40.794,0.01366801011
子图5,系列13,40.8,0.02076173627
子图5,系列13,40.806,0.02631315475
子图5,系列13,40.812,0.03011505268
子图5,系列13,40.818,0.03198849409
子图5,系列13,40.824,0.03178028644
子图5,系列13,40.83,0.02937837546
子图5,系列13,40.836,0.02474231752
子图5,系列13,40.842,0.01794124433
子图5,系列13,40.848,0.009190060227
子图5,系列13,40.854,-0.001129469258
子图5,系列13,40.86,-0.01247012399
子图5,系列13,40.866,-0.0241496382
子图5,系列13,40.872,-0.03540805698
子图5,系列13,40.878,-0.04548510937
子图5,系列13,40.884,-0.05370572877
子图5,系列13,40.89,-0.05955832121
子图5,系列13,40.896,-0.06275273611
子图5,系列13,40.902,-0.06324592767
子图5,系列13,40.908,-0.06123215743
子图5,系列13,40.914,-0.05709828051
子图5,系列13,40.92,-0.05135422796
子图5,系列13,40.926,-0.04455112519
子图5,系列13,40.932,-0.03720257098
子图5,系列13,40.938,-0.02972344013
子图5,系列13,40.944,-0.02239484749
子图5,系列13,40.95,-0.01536062555
子图5,系列13,40.956,-0.008650706336
子图5,系列13,40.962,-0.002224988085
子图5,系列13,40.968,0.00397551668
子图5,系列13,40.974,0.009981664581
子图5,系列13,40.98,0.01576343433
子图5,系列13,40.986,0.02121837495
子图5,系列13,40.992,0.02617987794
子图5,系列13,40.998,0.03044350522
子图5,系列13,41.004,0.03380102125
子图5,系列13,41.01,0.03607535604
子图5,系列13,41.016,0.03714758433
子图5,系列13,41.022,0.03697136518
子图5,系列13,41.028,0.03557454148
子图5,系列13,41.034,0.03304906856
子图5,系列13,41.04,0.02953521385
子图5,系列13,41.046,0.02520391958
子图5,系列13,41.052,0.02024240169
子图5,系列13,41.058,0.01484453715
子图5,系列13,41.064,0.009206510321
子图5,系列13,41.07,0.00352581205
子图5,系列13,41.076,-0.001998854459
子图5,系列13,41.082,-0.007168878021
子图5,系列13,41.088,-0.01179012296
子图5,系列13,41.094,-0.01567992912
子图5,系列13,41.1,-0.01867632925
子图5,系列13,41.106,-0.0206474225
子图5,系列13,41.112,-0.02149930079
子图5,系列13,41.118,-0.02118164397
子图5,系列13,41.124,-0.01969050018
子图5,系列13,41.13,-0.01706931304
子图5,系列13,41.136,-0.01340949339
子图5,系列13,41.142,-0.008851415762
子图5,系列13,41.148,-0.003586622679
子图5,系列13,41.154,0.00214047669
子图5,系列13,41.16,0.008033497933
子图5,系列13,41.166,0.0137511163
子图5,系列13,41.172,0.01892358783
子图5,系列13,41.178,0.02317971105
子图5,系列13,41.184,0.02618409689
子图5,系列13,41.19,0.02767935921
子图5,系列13,41.196,0.02752771657
子图5,系列13,41.202,0.02574254207
子图5,系列13,41.208,0.02250347255
子图5,系列13,41.214,0.01814898409
子图5,系列13,41.22,0.01314551117
子图5,系列13,41.226,0.008035967539
子图5,系列13,41.232,0.003373342467
子图5,系列13,41.238,-0.0003501138376
子图5,系列13,41.244,-0.002770165024
子图5,系列13,41.25,-0.003702425688
子图5,系列13,41.256,-0.003173210525
子图5,系列13,41.262,-0.00142255361
子图5,系列13,41.268,0.001121268763
子图5,系列13,41.274,0.003893876438
子图5,系列13,41.28,0.006268443567
子图5,系列13,41.286,0.007640791007
子图5,系列13,41.292,0.007515961995
子图5,系列13,41.298,0.005582728541
子图5,系列13,41.304,0.001765607735
子图5,系列13,41.31,-0.003755231132
子图5,系列13,41.316,-0.01056017517
子图5,系列13,41.322,-0.01804215396
子图5,系列13,41.328,-0.0254871459
子图5,系列13,41.334,-0.0321722597
子图5,系列13,41.34,-0.03746552444
子图5,系列13,41.346,-0.04091203915
子图5,系列13,41.352,-0.04229242694
子图5,系列13,41.358,-0.04164402343
子图5,系列13,41.364,-0.03924316797
子图5,系列13,41.37,-0.03555167321
子图5,系列13,41.376,-0.03113962659
子图5,系列13,41.382,-0.02659740067
子图5,系列13,41.388,-0.02245330751
子图5,系列13,41.394,-0.0191089848
子图5,系列13,41.4,-0.01680143944
子图5,系列13,41.406,-0.0155941479
子图5,系列13,41.412,-0.01539454464
子图5,系列13,41.418,-0.01599083285
子图5,系列13,41.424,-0.01709888974
子图5,系列13,41.43,-0.01841065222
子图5,系列13,41.436,-0.01963569301
子图5,系列13,41.442,-0.02053325341
子图5,系列13,41.448,-0.02093115393
子图5,系列13,41.454,-0.02073497659
子图5,系列13,41.46,-0.01992788875
子图5,系列13,41.466,-0.01856510632
子图5,系列13,41.472,-0.01676460529
子图5,系列13,41.478,-0.01469455589
子图5,系列13,41.484,-0.01255855851
子图5,系列13,41.49,-0.01057705917
子图5,系列13,41.496,-0.008965998849
子图5,系列13,41.502,-0.007912908664
子图5,系列13,41.508,-0.007552958222
子图5,系列13,41.514,-0.007947957038
子图5,系列13,41.52,-0.009072256105
子图5,系列13,41.526,-0.01080813793
子图5,系列13,41.532,-0.01295392373
子图5,系列13,41.538,-0.0152435374
子图5,系列13,41.544,-0.0173773935
子图5,系列13,41.55,-0.0190597466
子图5,系列13,41.556,-0.02003806618
子图5,系列13,41.562,-0.02013937457
子图5,系列13,41.568,-0.01929679796
子图5,系列13,41.574,-0.01756408852
子图5,系列13,41.58,-0.01511334369
子图5,系列13,41.586,-0.01221731082
子图5,系列13,41.592,-0.009217237202
子图5,系列13,41.598,-0.006480679012
子图5,系列13,41.604,-0.004355776609
子图5,系列13,41.61,-0.00312777288
子图5,系列13,41.616,-0.00298517246
子图5,系列13,41.622,-0.003999466066
子图5,系列13,41.628,-0.00612137261
子图5,系列13,41.634,-0.009192507923
子图5,系列13,41.64,-0.01296959636
子图5,系列13,41.646,-0.01715554971
子图5,系列13,41.652,-0.02143200981
子图5,系列13,41.658,-0.02548779886
子图5,系列13,41.664,-0.02903991647
子图5,系列13,41.67,-0.031846213
子图5,系列13,41.676,-0.03371023751
子图5,系列13,41.682,-0.03448187822
子图5,系列13,41.688,-0.03405621235
子图5,系列13,41.694,-0.03237437258
子图5,系列13,41.7,-0.02942747391
子图5,系列13,41.706,-0.02526379737
子图5,系列13,41.712,-0.01999750298
子图5,系列13,41.718,-0.01381553823
子图5,系列13,41.724,-0.006979742407
子图5,系列13,41.73,0.0001791875157
子图5,系列13,41.736,0.007277434144
子图5,系列13,41.742,0.01390326743
子图5,系列13,41.748,0.01965008764
子图5,系列13,41.754,0.02415327073
子图5,系列13,41.76,0.02712621359
子图5,系列13,41.766,0.02839089663
子图5,系列13,41.772,0.02789778645
子图5,系列13,41.778,0.02573310526
子图5,系列13,41.784,0.02211113895
子图5,系列13,41.79,0.01735318798
子图5,系列13,41.796,0.01185547276
子图5,系列13,41.802,0.006049786451
子图5,系列13,41.808,0.0003622988488
子图5,系列13,41.814,-0.00482554254
子图5,系列13,41.82,-0.009208779221
子图5,系列13,41.826,-0.01258113478
子图5,系列13,41.832,-0.01484468938
子图5,系列13,41.838,-0.01600761254
子图5,系列13,41.844,-0.01616982408
子图5,系列13,41.85,-0.01549943671
子图5,系列13,41.856,-0.0142028226
子图5,系列13,41.862,-0.01249155259
子图5,系列13,41.868,-0.01055156068
子图5,系列13,41.874,-0.008516729511
子图5,系列13,41.88,-0.006452479317
子图5,系列13,41.886,-0.004350140017
子图5,系列13,41.892,-0.002134579003
子图5,系列13,41.898,0.0003159509521
子图5,系列13,41.904,0.003140360795
子图5,系列13,41.91,0.006459141619
子图5,系列13,41.916,0.01033931409
子图5,系列13,41.922,0.01476495103
子图5,系列13,41.928,0.01962002938
子图5,系列13,41.934,0.02468704218
子图5,系列13,41.94,0.02966340639
子图5,系列13,41.946,0.03419416099
子图5,系列13,41.952,0.03791612597
子图5,系列13,41.958,0.04050701893
子图5,系列13,41.964,0.04173073822
子图5,系列13,41.97,0.04147142087
子图5,系列13,41.976,0.03974993141
子图5,系列13,41.982,0.03671974882
子图5,系列13,41.988,0.03264334496
子图5,系列13,41.994,0.02785257244
子图5,系列13,42,0.02270090332
子图5,系列13,42.006,0.01751512762
子图5,系列13,42.012,0.01255507203
子图5,系列13,42.018,0.007987857449
子图5,系列13,42.024,0.003879523166
子图5,系列13,42.03,0.0002052399448
子图5,系列13,42.036,-0.003126410433
子图5,系列13,42.042,-0.006239607485
子图5,系列13,42.048,-0.00925559396
子图5,系列13,42.054,-0.0122619736
子图5,系列13,42.06,-0.01529183609
子图5,系列13,42.066,-0.01831699198
子图5,系列13,42.072,-0.02125454347
子图5,系列13,42.078,-0.02398536488
子图5,系列13,42.084,-0.02637992088
子图5,系列13,42.09,-0.02832564095
子图5,系列13,42.096,-0.02975107942
子图5,系列13,42.102,-0.03064185678
子图5,系列13,42.108,-0.03104595477
子图5,系列13,42.114,-0.03106839249
子图5,系列13,42.12,-0.03085606462
子图5,系列13,42.126,-0.03057704908
子图5,系列13,42.132,-0.03039757993
子图5,系列13,42.138,-0.03046080365
子图5,系列13,42.144,-0.03087058412
子图5,系列13,42.15,-0.03168124444
子图5,系列13,42.156,-0.03289430909
子图5,系列13,42.162,-0.03446087218
子图5,系列13,42.168,-0.03628837925
子图5,系列13,42.174,-0.03825055349
子图5,系列13,42.18,-0.04019892779
子图5,系列13,42.186,-0.04197528471
子图5,系列13,42.192,-0.04342464918
子图5,系列13,42.198,-0.04440770388
子图5,系列13,42.204,-0.04481281544
子图5,系列13,42.21,-0.04456603024
子图5,系列13,42.216,-0.04363822273
子图5,系列13,42.222,-0.04204846995
子图5,系列13,42.228,-0.03986199869
子图5,系列13,42.234,-0.0371833497
子图5,系列13,42.24,-0.03414453603
子图5,系列13,42.246,-0.03088995281
子图5,系列13,42.252,-0.02756072811
子图5,系列13,42.258,-0.02428030507
子图5,系列13,42.264,-0.02114482288
子图5,系列13,42.27,-0.01821925344
子图5,系列13,42.276,-0.01553973756
子图5,系列13,42.282,-0.01312174772
子图5,系列13,42.288,-0.01097032399
子图5,系列13,42.294,-0.009090726471
子图5,系列13,42.3,-0.007495458164
子图5,系列13,42.306,-0.006205741858
子图5,系列13,42.312,-0.005247788236
子图5,系列13,42.318,-0.004643354602
子图5,系列13,42.324,-0.004399201665
子图5,系列13,42.33,-0.004497108921
子图5,系列13,42.336,-0.004888523467
子图5,系列13,42.342,-0.005496218227
子图5,系列13,42.348,-0.006222459107
子图5,系列13,42.354,-0.006964160186
子图5,系列13,42.36,-0.007630592039
子图5,系列13,42.366,-0.008161200728
子图5,系列13,42.372,-0.008538917539
子图5,系列13,42.378,-0.008795690246
子图5,系列13,42.384,-0.00900852846
子图5,系列13,42.39,-0.00928543448
子图5,系列13,42.396,-0.009743286434
子图5,系列13,42.402,-0.01048106274
子图5,系列13,42.408,-0.01155318935
子图5,系列13,42.414,-0.01294816263
子图5,系列13,42.42,-0.01457727276
子图5,系列13,42.426,-0.01627625355
子图5,系列13,42.432,-0.01782130029
子图5,系列13,42.438,-0.01895731029
子图5,系列13,42.444,-0.01943463491
子图5,系列13,42.45,-0.01904824456
子图5,系列13,42.456,-0.01767253272
子图5,系列13,42.462,-0.0152858698
子图5,系列13,42.468,-0.01198004883
子图5,系列13,42.474,-0.007953109383
子图5,系列13,42.48,-0.003486383113
子图5,系列13,42.486,0.001090442678
子图5,系列13,42.492,0.0054404432
子图5,系列13,42.498,0.00926041191
子图5,系列13,42.504,0.01231537317
子图5,系列13,42.51,0.0144618159
子图5,系列13,42.516,0.01565715981
子图5,系列13,42.522,0.01595471308
子图5,系列13,42.528,0.01548636751
子图5,系列13,42.534,0.01443635668
子图5,系列13,42.54,0.01301080338
子图5,系列13,42.546,0.01140815017
子图5,系列13,42.552,0.009794590153
子图5,系列13,42.558,0.008288117259
子图5,系列13,42.564,0.006952662745
子图5,系列13,42.57,0.005802446011
子图5,系列13,42.576,0.004814694249
子图5,系列13,42.582,0.003948058121
子图5,系列13,42.588,0.003162409059
子图5,系列13,42.594,0.002436895004
子图5,系列13,42.6,0.001782189205
子图5,系列13,42.606,0.001245109407
子图5,系列13,42.612,0.0009050974059
子图5,系列13,42.618,0.0008625092921
子图5,系列13,42.624,0.001222518414
子图5,系列13,42.63,0.002076232397
子图5,系列13,42.636,0.003483943486
子图5,系列13,42.642,0.005463071256
子图5,系列13,42.648,0.007982587823
子图5,系列13,42.654,0.01096580545
子图5,系列13,42.66,0.01429918861
子图5,系列13,42.666,0.0178467356
子图5,系列13,42.672,0.02146629472
子图5,系列13,42.678,0.02502513563
子图5,系列13,42.684,0.02841293487
子图5,系列13,42.69,0.03154940662
子图5,系列13,42.696,0.03438693784
子图5,系列13,42.702,0.03690752712
子图5,系列13,42.708,0.03911521448
子图5,系列13,42.714,0.04102561382
子图5,系列13,42.72,0.04265387313
子图5,系列13,42.726,0.04400351073
子图5,系列13,42.732,0.04505783638
子图5,系列13,42.738,0.04577556583
子图5,系列13,42.744,0.04609213012
子图5,系列13,42.75,0.0459267184
子图5,系列13,42.756,0.04519451701
子图5,系列13,42.762,0.04382294111
子图5,系列13,42.768,0.04176852353
子图5,系列13,42.774,0.03903267625
子图5,系列13,42.78,0.03567247387
子图5,系列13,42.786,0.03180463414
子图5,系列13,42.792,0.0276018438
子图5,系列13,42.798,0.02328044589
子图5,系列13,42.804,0.01908236202
子图5,系列13,42.81,0.01525234443
子图5,系列13,42.816,0.01201421123
子图5,系列13,42.822,0.009549372289
子图5,系列13,42.828,0.007979175526
子图5,系列13,42.834,0.007354494805
子图5,系列13,42.84,0.007652256946
子图5,系列13,42.846,0.008779561851
子图5,系列13,42.852,0.01058515274
子图5,系列13,42.858,0.01287541174
子图5,系列13,42.864,0.01543483058
子图5,系列13,42.87,0.01804699015
子图5,系列13,42.876,0.02051467715
子图5,系列13,42.882,0.02267699284
子图5,系列13,42.888,0.02442066569
子图5,系列13,42.894,0.02568606008
子图5,系列13,42.9,0.02646593251
子图5,系列13,42.906,0.02679867346
子图5,系列13,42.912,0.02675682049
子图5,系列13,42.918,0.02643234651
子图5,系列13,42.924,0.02592146933
子图5,系列13,42.93,0.02531017781
子图5,系列13,42.936,0.02466277345
子图5,系列13,42.942,0.02401487879
子图5,系列13,42.948,0.02337125201
子图5,系列13,42.954,0.02270952525
子图5,系列13,42.96,0.02198863643
子图5,系列13,42.966,0.02116096882
子图5,系列13,42.972,0.02018663278
子图5,系列13,42.978,0.01904635501
子图5,系列13,42.984,0.01775181744
子图5,系列13,42.99,0.01635001843
子图5,系列13,42.996,0.01492110995
子图5,系列13,43.002,0.01356987715
子图5,系列13,43.008,0.01241125752
子图5,系列13,43.014,0.01155382807
子图5,系列13,43.02,0.01108294339
子图5,系列13,43.026,0.01104748846
子图5,系列13,43.032,0.01145262563
子图5,系列13,43.038,0.01225895389
子图5,系列13,43.044,0.01338940701
子图5,系列13,43.05,0.01474107042
子图5,系列13,43.056,0.01620071828
子图5,系列13,43.062,0.01766120294
子图5,系列13,43.068,0.01903552068
子图5,系列13,43.074,0.020267662
子图5,系列13,43.08,0.02133749593
子图5,系列13,43.086,0.02226002821
子图5,系列13,43.092,0.02307888254
子图5,系列13,43.098,0.02385445394
子图5,系列13,43.104,0.02464930441
子图5,系列13,43.11,0.02551196277
子图5,系列13,43.116,0.02646249705
子图5,系列13,43.122,0.02748258184
子图5,系列13,43.128,0.02851179482
子图5,系列13,43.134,0.02945286678
子图5,系列13,43.14,0.03018478288
子图5,系列13,43.146,0.03058316852
子图5,系列13,43.152,0.0305446708
子图5,系列13,43.158,0.03001048773
子图5,系列13,43.164,0.02898535974
子图5,系列13,43.17,0.02754649561
子图5,系列13,43.176,0.02584042431
子图5,系列13,43.182,0.02406673423
子图5,系列13,43.188,0.02245017905
子图5,系列13,43.194,0.02120605549
子图5,系列13,43.2,0.02050406729
子图5,系列13,43.206,0.02043761474
子图5,系列13,43.212,0.02100464129
子图5,系列13,43.218,0.02210339809
子图5,系列13,43.224,0.02354535606
子图5,系列13,43.23,0.02508267355
子图5,系列13,43.236,0.02644586276
子图5,系列13,43.242,0.02738543181
子图5,系列13,43.248,0.0277093421
子图5,系列13,43.254,0.02731094819
子图5,系列13,43.26,0.02618192826
子图5,系列13,43.266,0.02440910358
子图5,系列13,43.272,0.02215651086
子图5,系列13,43.278,0.01963620185
子图5,系列13,43.284,0.01707404533
子图5,系列13,43.29,0.01467605017
子图5,系列13,43.296,0.01260083202
子图5,系列13,43.302,0.01094205993
子图5,系列13,43.308,0.009722240285
子图5,系列13,43.314,0.008897581243
子图5,系列13,43.32,0.008371832677
子图5,系列13,43.326,0.008015344349
子图5,系列13,43.332,0.007686715564
子图5,系列13,43.338,0.007252737496
子图5,系列13,43.344,0.006605139059
子图5,系列13,43.35,0.005672149274
子图5,系列13,43.356,0.004424197731
子图5,系列13,43.362,0.002874727517
子图5,系列13,43.368,0.001075703772
子图5,系列13,43.374,-0.0008897782359
子图5,系列13,43.38,-0.002917611356
子图5,系列13,43.386,-0.00489363099
子图5,系列13,43.392,-0.006704294154
子图5,系列13,43.398,-0.008246465254
子图5,系列13,43.404,-0.009434914739
子图5,系列13,43.41,-0.01020767528
子图5,系列13,43.416,-0.0105287369
子图5,系列13,43.422,-0.01038825754
子图5,系列13,43.428,-0.009800988167
子图5,系列13,43.434,-0.008802989073
子图5,系列13,43.44,-0.00744770838
子图5,系列13,43.446,-0.00580163655
子图5,系列13,43.452,-0.003939986115
子图5,系列13,43.458,-0.001942762565
子图5,系列13,43.464,0.0001090503338
子图5,系列13,43.47,0.002136767823
子图5,系列13,43.476,0.004067242721
子图5,系列13,43.482,0.005835429882
子图5,系列13,43.488,0.00738668114
子图5,系列13,43.494,0.008677917977
子图5,系列13,43.5,0.009677865273
子图5,系列13,43.506,0.01036597785
子图5,系列13,43.512,0.01072988969
子图5,系列13,43.518,0.01076231048
子图5,系列13,43.524,0.01045705505
子图5,系列13,43.53,0.009806102448
子图5,系列13,43.536,0.008797692765
子图5,系列13,43.542,0.007416868274
子图5,系列13,43.548,0.005648708549
子图5,系列13,43.554,0.003483977003
子图5,系列13,43.56,0.0009269742555
子图5,系列13,43.566,-0.001996245871
子图5,系列13,43.572,-0.005230254029
子图5,系列13,43.578,-0.008685400003
子图5,系列13,43.584,-0.01223681967
子图5,系列13,43.59,-0.01572838908
子图5,系列13,43.596,-0.01898186789
子图5,系列13,43.602,-0.02181043254
子图5,系列13,43.608,-0.02403548832
子图5,系列13,43.614,-0.0255043916
子图5,系列13,43.62,-0.02610691945
子图5,系列13,43.626,-0.02578798055
子图5,系列13,43.632,-0.02455461066
子图5,系列13,43.638,-0.02247631544
子图5,系列13,43.644,-0.01967851182
子图5,系列13,43.65,-0.01633033176
子图5,系列13,43.656,-0.01262854974
子图5,系列13,43.662,-0.008779995866
子图5,系列13,43.668,-0.004984907972
子图5,系列13,43.674,-0.001422757378
子图5,系列13,43.68,0.00175793004
子图5,系列13,43.686,0.00444600101
子图5,系列13,43.692,0.006570273915
子图5,系列13,43.698,0.00809941668
子图5,系列13,43.704,0.009039900247
子图5,系列13,43.71,0.009432375009
子图5,系列13,43.716,0.009347434325
子图5,系列13,43.722,0.008879972903
子图5,系列13,43.728,0.008142915907
子图5,系列13,43.734,0.007259497805
子图5,系列13,43.74,0.006354574855
子图5,系列13,43.746,0.005545189264
子图5,系列13,43.752,0.004930765864
子图5,系列13,43.758,0.004584194508
子图5,系列13,43.764,0.004544431494
子图5,系列13,43.77,0.004812175685
子图5,系列13,43.776,0.005349329934
子图5,系列13,43.782,0.006083192043
子图5,系列13,43.788,0.006915216919
子图5,系列13,43.794,0.007733847542
子图5,系列13,43.8,0.008429679377
子图5,系列13,43.806,0.008910887368
子图5,系列13,43.812,0.009116313918
子图5,系列13,43.818,0.009023870543
子图5,系列13,43.824,0.00865270061
子图5,系列13,43.83,0.008058490672
子图5,系列13,43.836,0.007322849714
子图5,系列13,43.842,0.006538607674
子图5,系列13,43.848,0.005793853342
子图5,系列13,43.854,0.005157493502
子图5,系列13,43.86,0.004668957932
子图5,系列13,43.866,0.004333403698
子图5,系列13,43.872,0.004123212484
子图5,系列13,43.878,0.003984801145
子图5,系列13,43.884,0.003849674426
子图5,系列13,43.89,0.003647561085
子图5,系列13,43.896,0.003319599093
子图5,系列13,43.902,0.002829931506
子图5,系列13,43.908,0.002173642489
子图5,系列13,43.914,0.0013805564
子图5,系列13,43.92,0.0005137106865
子图5,系列13,43.926,-0.0003371149077
子图5,系列13,43.932,-0.001066277575
子图5,系列13,43.938,-0.001566508675
子图5,系列13,43.944,-0.00174425897
子图5,系列13,43.95,-0.001534376825
子图5,系列13,43.956,-0.0009115247873
子图5,系列13,43.962,0.0001036547999
子图5,系列13,43.968,0.001444662928
子图5,系列13,43.974,0.003006413343
子图5,系列13,43.98,0.004658307404
子图5,系列13,43.986,0.006261708547
子图5,系列13,43.992,0.007689071249
子图5,系列13,43.998,0.008841537966
子图5,系列13,44.004,0.009662719769
子图5,系列13,44.01,0.01014578365
子图5,系列13,44.016,0.01033338717
子图5,系列13,44.022,0.01030985401
子图5,系列13,44.028,0.01018717915
子图5,系列13,44.034,0.01008674814
子图5,系列13,44.04,0.01011952379
子图5,系列13,44.046,0.01036768798
子图5,系列13,44.052,0.0108701134
子图5,系列13,44.058,0.0116140592
子图5,系列13,44.064,0.01253378157
子图5,系列13,44.07,0.01351682003
子图5,系列13,44.076,0.01441664245
子图5,系列13,44.082,0.01507055804
子图5,系列13,44.088,0.01532026376
子图5,系列13,44.094,0.01503261632
子图5,系列13,44.1,0.01411796374
子图5,系列13,44.106,0.01254356083
子图5,系列13,44.112,0.01034057589
子图5,系列13,44.118,0.007603588567
子图5,系列13,44.124,0.004482731235
子图5,系列13,44.13,0.001169346877
子图5,系列13,44.136,-0.002123273383
子图5,系列13,44.142,-0.005181967059
子图5,系列13,44.148,-0.007816062605
子图5,系列13,44.154,-0.009877981339
子图5,系列13,44.16,-0.01127917015
子图5,系列13,44.166,-0.01200014842
子图5,系列13,44.172,-0.01209248772
子图5,系列13,44.178,-0.01167259973
子图5,系列13,44.184,-0.01090738478
子图5,系列13,44.19,-0.009993025062
子图5,系列13,44.196,-0.009129854844
子图5,系列13,44.202,-0.008496001298
子图5,系列13,44.208,-0.008224180308
子图5,系列13,44.214,-0.008384560244
子图5,系列13,44.22,-0.00897675959
子图5,系列13,44.226,-0.009932018247
子图5,系列13,44.232,-0.01112536628
子图5,系列13,44.238,-0.01239572396
子图5,系列13,44.244,-0.01357081746
子图5,系列13,44.25,-0.01449285802
子图5,系列13,44.256,-0.01504109005
子图5,系列13,44.262,-0.01514786318
子图5,系列13,44.268,-0.01480602891
子图5,系列13,44.274,-0.01406697545
子图5,系列13,44.28,-0.01302988244
子图5,系列13,44.286,-0.01182429285
子图5,系列13,44.292,-0.01058846072
子图5,系列13,44.298,-0.009447231054
子图5,系列13,44.304,-0.008491943518
子图5,系列13,44.31,-0.007765984028
子图5,系列13,44.316,-0.007257291056
子图5,系列13,44.322,-0.00689930023
子图5,系列13,44.328,-0.006580232572
子图5,系列13,44.334,-0.006158904893
子图5,系列13,44.34,-0.005485701853
子图5,系列13,44.346,-0.004424420443
子图5,系列13,44.352,-0.002872817001
子图5,系列13,44.358,-0.000777858018
子图5,系列13,44.364,0.001856058557
子图5,系列13,44.37,0.004966855872
子图5,系列13,44.376,0.008442410793
子图5,系列13,44.382,0.01213353722
子图5,系列13,44.388,0.01587037133
子图5,系列13,44.394,0.019478505
子图5,系列13,44.4,0.02279277018
子图5,系列13,44.406,0.02566690346
子图5,系列13,44.412,0.0279787254
子图5,系列13,44.418,0.02963186544
子图5,系列13,44.424,0.03055548519
子图5,系列13,44.43,0.0307039753
子图5,系列13,44.436,0.03005803255
子图5,系列13,44.442,0.0286275236
子图5,系列13,44.448,0.02645570479
子图5,系列13,44.454,0.02362307477
子图5,系列13,44.46,0.02024901841
子图5,系列13,44.466,0.01648919629
子图5,系列13,44.472,0.01252780091
子图5,系列13,44.478,0.00856462125
子图5,系列13,44.484,0.00479849285
子图5,系列13,44.49,0.001409674044
子图5,系列13,44.496,-0.001456251519
子图5,系列13,44.502,-0.003699583426
子图5,系列13,44.508,-0.005271913496
子图5,系列13,44.514,-0.006174335282
子图5,系列13,44.52,-0.006449964144
子图5,系列13,44.526,-0.006172585673
子图5,系列13,44.532,-0.005433510814
子图5,系列13,44.538,-0.004329978091
子图5,系列13,44.544,-0.002955764503
子图5,系列13,44.55,-0.001395850615
子图5,系列13,44.556,0.0002756455875
子图5,系列13,44.562,0.001995076483
子图5,系列13,44.568,0.003707258856
子图5,系列13,44.574,0.005363744905
子图5,系列13,44.58,0.006921337813
子图5,系列13,44.586,0.008341774342
子图5,系列13,44.592,0.009592026788
子图5,系列13,44.598,0.01064488152
子图5,系列13,44.604,0.01147962504
子图5,系列13,44.61,0.01208233922
子图5,系列13,44.616,0.01244618453
子图5,系列13,44.622,0.01257168987
子图5,系列13,44.628,0.01246723613
子图5,系列13,44.634,0.01214981004
子图5,系列13,44.64,0.01164557575
子图5,系列13,44.646,0.01098986413
子图5,系列13,44.652,0.01022613075
子图5,系列13,44.658,0.009403366816
子图5,系列13,44.664,0.008572333927
子图5,系列13,44.67,0.00778080574
子图5,系列13,44.676,0.007068778543
子图5,系列13,44.682,0.006464662698
子图5,系列13,44.688,0.005983013961
子图5,系列13,44.694,0.00562471941
子图5,系列13,44.7,0.005379259638
子图5,系列13,44.706,0.005228835811
子图5,系列13,44.712,0.005153432888
子图5,系列13,44.718,0.005135585347
子图5,系列13,44.724,0.005164065045
子图5,系列13,44.73,0.005235424641
子图5,系列13,44.736,0.005353217507
子图5,系列13,44.742,0.005524965855
子图5,系列13,44.748,0.005757476162
子图5,系列13,44.754,0.006051540772
子图5,系列13,44.76,0.006397175167
子图5,系列13,44.766,0.006770490283
子图5,系列13,44.772,0.007133059912
子图5,系列13,44.778,0.00743421163
子图5,系列13,44.784,0.007615895352
子图5,系列13,44.79,0.007619655601
子图5,系列13,44.796,0.007394223008
子图5,系列13,44.802,0.00690253409
子图5,系列13,44.808,0.006126821772
子图5,系列13,44.814,0.005070579202
子图5,系列13,44.82,0.003757452219
子图5,系列13,44.826,0.002226911407
子图5,系列13,44.832,0.0005280945759
子图5,系列13,44.838,-0.001286926813
子图5,系列13,44.844,-0.00316914867
子图5,系列13,44.85,-0.005076342483
子图5,系列13,44.856,-0.006974474767
子图5,系列13,44.862,-0.008836516236
子图5,系列13,44.868,-0.0106397064
子图5,系列13,44.874,-0.0123624097
子图5,系列13,44.88,-0.01398139254
子图5,系列13,44.886,-0.01547078034
子图5,系列13,44.892,-0.01680247357
子图5,系列13,44.898,-0.01794815332
子图5,系列13,44.904,-0.01888203991
子图5,系列13,44.91,-0.01958360284
子图5,系列13,44.916,-0.02003969529
子图5,系列13,44.922,-0.02024548417
子图5,系列13,44.928,-0.02020429616
子图5,系列13,44.934,-0.01992648013
子图5,系列13,44.94,-0.01942777695
子图5,系列13,44.946,-0.01872759774
子图5,系列13,44.952,-0.0178477317
子图5,系列13,44.958,-0.01681156426
子图5,系列13,44.964,-0.01564403176
子图5,系列13,44.97,-0.01437203986
子图5,系列13,44.976,-0.01302499473
子图5,系列13,44.982,-0.01163526611
子图5,系列13,44.988,-0.01023789722
子图5,系列13,44.994,-0.008869703146
子图5,系列13,45,-0.007567530805
子图5,系列13,45.006,-0.006365901028
子图5,系列13,45.012,-0.005294630985
子图5,系列13,45.018,-0.004376489032
子图5,系列13,45.024,-0.003625580165
子图5,系列13,45.03,-0.003046450453
子图5,系列13,45.036,-0.002633793956
子图5,系列13,45.042,-0.00237290791
子图5,系列13,45.048,-0.002240210383
子图5,系列13,45.054,-0.00220411346
子图5,系列13,45.06,-0.002226087998
子图5,系列13,45.066,-0.002262094121
子图5,系列13,45.072,-0.002265038026
子图5,系列13,45.078,-0.002188018568
子图5,系列13,45.084,-0.001988843169
子图5,系列13,45.09,-0.001635094481
子图5,系列13,45.096,-0.00110913599
子图5,系列13,45.102,-0.0004121518581
子图5,系列13,45.108,0.0004339417917
子图5,系列13,45.114,0.001387192052
子图5,系列13,45.12,0.002389289864
子图5,系列13,45.126,0.003371765669
子图5,系列13,45.132,0.004263945182
子图5,系列13,45.138,0.005001355971
子图5,系列13,45.144,0.005533638259
子图5,系列13,45.15,0.005830633378
子图5,系列13,45.156,0.005886268899
子图5,系列13,45.162,0.005719824902
子图5,系列13,45.168,0.005374494997
子图5,系列13,45.174,0.004913930474
子图5,系列13,45.18,0.004416603241
子图5,系列13,45.186,0.003969058549
子图5,系列13,45.192,0.003658239245
子图5,系列13,45.198,0.003563554934
子图5,系列13,45.204,0.003749711292
子图5,系列13,45.21,0.004260543367
子图5,系列13,45.216,0.005115088661
子图5,系列13,45.222,0.006306046227
子图5,系列13,45.228,0.007800837458
子图5,系列13,45.234,0.00954522309
子图5,系列13,45.24,0.0114684316
子图5,系列13,45.246,0.01348927264
子图5,系列13,45.252,0.01552207511
子图5,系列13,45.258,0.01748172003
子图5,系列13,45.264,0.01928757926
子图5,系列13,45.27,0.02086608713
子图5,系列13,45.276,0.02215252505
子图5,系列13,45.282,0.02309235752
子图5,系列13,45.288,0.02364251364
子图5,系列13,45.294,0.02377300932
子图5,系列13,45.3,0.02346873448
子图5,系列13,45.306,0.02273123816
子图5,系列13,45.312,0.02158022783
子图5,系列13,45.318,0.02005403922
子图5,系列13,45.324,0.01820909165
子图5,系列13,45.33,0.01611779979
子图5,系列13,45.336,0.01386502938
子图5,系列13,45.342,0.01154371497
子图5,系列13,45.348,0.009249489697
子图5,系列13,45.354,0.007075854862
子图5,系列13,45.36,0.005109731541
子图5,系列13,45.366,0.003428249768
子图5,系列13,45.372,0.002096960209
子图5,系列13,45.378,0.00116862541
子图5,系列13,45.384,0.0006829012488
子图5,系列13,45.39,0.0006654182969
子图5,系列13,45.396,0.001126302449
子图5,系列13,45.402,0.00205782344
子图5,系列13,45.408,0.003431197075
子图5,系列13,45.414,0.005193691182
子图5,系列13,45.42,0.007266583589
子图5,系列13,45.426,0.009545210875
子图5,系列13,45.432,0.01190186878
子图5,系列13,45.438,0.01419168808
子图5,系列13,45.444,0.016261476
子图5,系列13,45.45,0.01796058597
子图5,系列13,45.456,0.01915276366
子图5,系列13,45.462,0.01972769326
子图5,系列13,45.468,0.01961098888
子图5,系列13,45.474,0.01877153284
子图5,系列13,45.48,0.0172255011
子图5,系列13,45.486,0.01503641574
子图5,系列13,45.492,0.01231107145
子图5,系列13,45.498,0.009191462622
子图5,系列13,45.504,0.005842758381
子图5,系列13,45.51,0.002438667736
子图5,系列13,45.516,-0.0008551649749
子图5,系列13,45.522,-0.003897242537
子图5,系列13,45.528,-0.006584043945
子图5,系列13,45.534,-0.008859169114
子图5,系列13,45.54,-0.01071576453
子图5,系列13,45.546,-0.01219176672
子图5,系列13,45.552,-0.01335761612
子图5,系列13,45.558,-0.01429884592
子图5,系列13,45.564,-0.01509606823
子图5,系列13,45.57,-0.01580635691
子图5,系列13,45.576,-0.0164498968
子图5,系列13,45.582,-0.01700477788
子图5,系列13,45.588,-0.01741164431
子图5,系列13,45.594,-0.01758770685
子图5,系列13,45.6,-0.01744756048
子图5,系列13,45.606,-0.01692686457
子图5,系列13,45.612,-0.0160038268
子图5,系列13,45.618,-0.01471369863
子图5,系列13,45.624,-0.0131528945
子图5,系列13,45.63,-0.01147093206
子图5,系列13,45.636,-0.009851290068
子图5,系列13,45.642,-0.008484309512
子图5,系列13,45.648,-0.007536924492
子图5,系列13,45.654,-0.007125081705
子图5,系列13,45.66,-0.007293811854
子图5,系列13,45.666,-0.008008759661
子图5,系列13,45.672,-0.009160876786
子图5,系列13,45.678,-0.01058296016
子图5,系列13,45.684,-0.01207544554
子图5,系列13,45.69,-0.01343636424
子图5,系列13,45.696,-0.01449044759
子图5,系列13,45.702,-0.01511277159
子图5,系列13,45.708,-0.01524297999
子图5,系列13,45.714,-0.01488915339
子图5,系列13,45.72,-0.01412099791
子图5,系列13,45.726,-0.01305482498
子图5,系列13,45.732,-0.01183332963
子图5,系列13,45.738,-0.0106035238
子图5,系列13,45.744,-0.009496502824
子图5,系列13,45.75,-0.008611281569
子图5,系列13,45.756,-0.008004521117
子图5,系列13,45.762,-0.00768690948
子图5,系列13,45.768,-0.007625640906
子图5,系列13,45.774,-0.007752602652
子图5,系列13,45.78,-0.007976553553
子图5,系列13,45.786,-0.008197753163
子图5,系列13,45.792,-0.008323509122
子图5,系列13,45.798,-0.008282182077
子图5,系列13,45.804,-0.00803471257
子图5,系列13,45.81,-0.007581435375
子图5,系列13,45.816,-0.006963715682
子图5,系列13,45.822,-0.006259609105
子图5,系列13,45.828,-0.005573784668
子图5,系列13,45.834,-0.005022592922
子图5,系列13,45.84,-0.004715800328
子图5,系列13,45.846,-0.004737170537
子图5,系列13,45.852,-0.005126634948
子图5,系列13,45.858,-0.005866951697
子图5,系列13,45.864,-0.006877465461
子图5,系列13,45.87,-0.00801731198
子图5,系列13,45.876,-0.009098470892
子图5,系列13,45.882,-0.009908487568
子图5,系列13,45.888,-0.01023979052
子图5,系列13,45.894,-0.009921886599
子图5,系列13,45.9,-0.008850975976
子图5,系列13,45.906,-0.007011613455
子图5,系列13,45.912,-0.004486059551
子图5,系列13,45.918,-0.001448549143
子图5,系列13,45.924,0.001855262941
子图5,系列13,45.93,0.005140870512
子图5,系列13,45.936,0.008124244862
子图5,系列13,45.942,0.01056115692
子图5,系列13,45.948,0.01227984547
子图5,系列13,45.954,0.01320158182
子图5,系列13,45.96,0.01334588589
子图5,系列13,45.966,0.01282053282
子图5,系列13,45.972,0.01179845697
子图5,系列13,45.978,0.01048680707
子图5,系列13,45.984,0.009093379527
子图5,系列13,45.99,0.007796406711
子图5,系列13,45.996,0.006722066946
子图5,系列13,46.002,0.005932310983
子图5,系列13,46.008,0.005424078882
子图5,系列13,46.014,0.005138307425
子图5,系列13,46.02,0.004976813032
子图5,系列13,46.026,0.004823163838
子图5,系列13,46.032,0.004564583542
子图5,系列13,46.038,0.004111201218
子图5,系列13,46.044,0.003410482224
子图5,系列13,46.05,0.002455082229
子图5,系列13,46.056,0.001283543438
子图5,系列13,46.062,-2.554585335e-05
子图5,系列13,46.068,-0.00136504635
子图5,系列13,46.074,-0.002614232011
子图5,系列13,46.08,-0.003655471456
子图5,系列13,46.086,-0.004390151987
子图5,系列13,46.092,-0.004752031409
子图5,系列13,46.098,-0.004716136537
子图5,系列13,46.104,-0.004302192763
子图5,系列13,46.11,-0.003571899847
子图5,系列13,46.116,-0.002620497032
子图5,系列13,46.122,-0.00156374546
子图5,系列13,46.128,-0.0005222032068
子图5,系列13,46.134,0.000394434859
子图5,系列13,46.14,0.001100651445
子图5,系列13,46.146,0.001543471794
子图5,系列13,46.152,0.001704698394
子图5,系列13,46.158,0.001596872579
子图5,系列13,46.164,0.001253799958
子图5,系列13,46.17,0.0007182355652
子图5,系列13,46.176,2.919404157e-05
子图5,系列13,46.182,-0.0007881593084
子图5,系列13,46.188,-0.001727608259
子图5,系列13,46.194,-0.002801367492
子图5,系列13,46.2,-0.004033525728
子图5,系列13,46.206,-0.005449590042
子图5,系列13,46.212,-0.007064322978
子图5,系列13,46.218,-0.008870734996
子图5,系列13,46.224,-0.01083335159
子图5,系列13,46.23,-0.01288691581
子图5,系列13,46.236,-0.01494181751
子图5,系列13,46.242,-0.0168948151
子图5,系列13,46.248,-0.01864327904
子图5,系列13,46.254,-0.02010003881
子图5,系列13,46.26,-0.02120559947
子图5,系列13,46.266,-0.02193550384
子图5,系列13,46.272,-0.02230104448
子图5,系列13,46.278,-0.02234347793
子图5,系列13,46.284,-0.02212283654
子图5,系列13,46.29,-0.02170386926
子图5,系列13,46.296,-0.02114193995
子图5,系列13,46.302,-0.02047201564
子图5,系列13,46.308,-0.01970280504
子图5,系列13,46.314,-0.01881735914
子图5,系列13,46.32,-0.01777987049
子图5,系列13,46.326,-0.01654695005
子图5,系列13,46.332,-0.0150813783
子图5,系列13,46.338,-0.0133648303
子图5,系列13,46.344,-0.01140766711
子图5,系列13,46.35,-0.009253472075
子图5,系列13,46.356,-0.006977823001
子图5,系列13,46.362,-0.004682104484
子图5,系列13,46.368,-0.002483190191
子图5,系列13,46.374,-0.000501796021
子图5,系列13,46.38,0.001149256973
子图5,系列13,46.386,0.002374935942
子图5,系列13,46.392,0.003105297433
子图5,系列13,46.398,0.00330037596
子图5,系列13,46.404,0.002952688162
子图5,系列13,46.41,0.002088206549
子图5,系列13,46.416,0.0007661846875
子图5,系列13,46.422,-0.0009224488185
子图5,系列13,46.428,-0.002858023538
子图5,系列13,46.434,-0.004897596747
子图5,系列13,46.44,-0.0068831424
子图5,系列13,46.446,-0.008652766299
子图5,系列13,46.452,-0.01005466644
子图5,系列13,46.458,-0.01096211739
子图5,系列13,46.464,-0.01128819996
子图5,系列13,46.47,-0.01099741491
子图5,系列13,46.476,-0.01011254171
子图5,系列13,46.482,-0.008714738603
子图5,系列13,46.488,-0.006936374072
子图5,系列13,46.494,-0.004946856957
子图5,系列13,46.5,-0.002933053247
子图5,系列13,46.506,-0.001076777227
子图5,系列13,46.512,0.0004675592208
子图5,系列13,46.518,0.001591772818
子图5,系列13,46.524,0.002246531918
子图5,系列13,46.53,0.002445452077
子图5,系列13,46.536,0.0022602883
子图5,系列13,46.542,0.001807524112
子图5,系列13,46.548,0.001228793379
子图5,系列13,46.554,0.0006682000568
子图5,系列13,46.56,0.0002503480799
子图5,系列13,46.566,6.2948361e-05
子图5,系列13,46.572,0.0001466616755
子图5,系列13,46.578,0.0004938667731
子图5,系列13,46.584,0.001056017666
子图5,系列13,46.59,0.00175773248
子图5,系列13,46.596,0.002514524153
子图5,系列13,46.602,0.003250492304
子图5,系列13,46.608,0.003912407103
子图5,系列13,46.614,0.004477848926
子图5,系列13,46.62,0.004955993502
子图5,系列13,46.626,0.005381637602
子图5,系列13,46.632,0.005804113763
子图5,系列13,46.638,0.006273575095
子图5,系列13,46.644,0.00682789123
子图5,系列13,46.65,0.007482375828
子图5,系列13,46.656,0.00822468802
子图5,系列13,46.662,0.009015492383
子图5,系列13,46.668,0.009794742392
子图5,系列13,46.674,0.01049241983
子图5,系列13,46.68,0.01104145914
子图5,系列13,46.686,0.01139062776
子图5,系列13,46.692,0.01151477259
子图5,系列13,46.698,0.01142038527
子图5,系列13,46.704,0.01114545391
子图5,系列13,46.71,0.01075329485
子图5,系列13,46.716,0.01032147141
子图5,系列13,46.722,0.009927998045
子图5,系列13,46.728,0.009637064166
子图5,系列13,46.734,0.009487675336
子图5,系列13,46.74,0.009486950281
子图5,系列13,46.746,0.009609842922
子图5,系列13,46.752,0.009805541004
子图5,系列13,46.758,0.01000890647
子图5,系列13,46.764,0.01015567472
子图5,系列13,46.77,0.01019762408
子图5,系列13,46.776,0.01011548278
子图5,系列13,46.782,0.009926804307
子图5,系列13,46.788,0.009686831046
子图5,系列13,46.794,0.009482628959
子图5,系列13,46.8,0.009420373772
子图5,系列13,46.806,0.009608465052
子图5,系列13,46.812,0.01013891875
子图5,系列13,46.818,0.01106998454
子图5,系列13,46.824,0.01241351071
子图5,系列13,46.83,0.01412864217
子图5,系列13,46.836,0.01612352275
子图5,系列13,46.842,0.01826477824
子图5,系列13,46.848,0.02039298411
子图5,系列13,46.854,0.0223424112
子图5,系列13,46.86,0.02396126816
子图5,系列13,46.866,0.02512998498
子图5,系列13,46.872,0.02577491163
子图5,系列13,46.878,0.02587535094
子图5,系列13,46.884,0.02546408921
子图5,系列13,46.89,0.02462092705
子图5,系列13,46.896,0.02346112392
子图5,系列13,46.902,0.02212028124
子图5,系列13,46.908,0.02073750968
子图5,系列13,46.914,0.01943949335
子图5,系列13,46.92,0.01832671171
子图5,系列13,46.926,0.01746376411
子图5,系列13,46.932,0.01687486382
子图5,系列13,46.938,0.01654461732
子图5,系列13,46.944,0.01642454169
子图5,系列13,46.95,0.01644384996
子图5,系列13,46.956,0.01652315217
子图5,系列13,46.962,0.01658903741
子图5,系列13,46.968,0.01658650942
子图5,系列13,46.974,0.01648757592
子图5,系列13,46.98,0.0162936681
子图5,系列13,46.986,0.01603138275
子图5,系列13,46.992,0.01574238516
子图5,系列13,46.998,0.01546898412
子图5,系列13,47.004,0.01523903034
子图5,系列13,47.01,0.01505324501
子图5,系列13,47.016,0.01487825383
子图5,系列13,47.022,0.01464765681
子图5,系列13,47.028,0.01427105792
子图5,系列13,47.034,0.01365013624
子图5,系列13,47.04,0.01269839162
子图5,系列13,47.046,0.01136063015
子图5,系列13,47.052,0.009628321801
子图5,系列13,47.058,0.007547156061
子图5,系列13,47.064,0.005215303929
子图5,系列13,47.07,0.002772302943
子图5,系列13,47.076,0.0003803117977
子图5,系列13,47.082,-0.001798715463
子图5,系列13,47.088,-0.00362626769
子图5,系列13,47.094,-0.005006935184
子图5,系列13,47.1,-0.005901249159
子图5,系列13,47.106,-0.006330355851
子图5,系列13,47.112,-0.006371626651
子图5,系列13,47.118,-0.006146834563
子图5,系列13,47.124,-0.005804704584
子图5,系列13,47.13,-0.005500582134
子图5,系列13,47.136,-0.005376401146
子图5,系列13,47.142,-0.005542976719
子图5,系列13,47.148,-0.006067182307
子图5,系列13,47.154,-0.006964706324
子图5,系列13,47.16,-0.008199180357
子图5,系列13,47.166,-0.009687223653
子图5,系列13,47.172,-0.01130871483
子图5,系列13,47.178,-0.01292094068
子图5,系列13,47.184,-0.01437527217
子图5,系列13,47.19,-0.01553445697
子图5,系列13,47.196,-0.01628885823
子图5,系列13,47.202,-0.01656982795
子图5,系列13,47.208,-0.01635840158
子图5,系列13,47.214,-0.01568841658
子图5,系列13,47.22,-0.01464292786
子图5,系列13,47.226,-0.01334451802
子图5,系列13,47.232,-0.0119401248
子图5,系列13,47.238,-0.01058249811
子图5,系列13,47.244,-0.009410583077
子图5,系列13,47.25,-0.008531680582
子图5,系列13,47.256,-0.008007746306
子图5,系列13,47.262,-0.00784802958
子图5,系列13,47.268,-0.008008750858
子图5,系列13,47.274,-0.008400110093
子图5,系列13,47.28,-0.008899478588
子图5,系列13,47.286,-0.009368819598
子图5,系列13,47.292,-0.009674514773
子图5,系列13,47.298,-0.009706289473
子图5,系列13,47.304,-0.009393694402
子图5,系列13,47.31,-0.008717213888
子图5,系列13,47.316,-0.007712936767
子图5,系列13,47.322,-0.00646977444
子图5,系列13,47.328,-0.005119006508
子图5,系列13,47.334,-0.003817495059
子图5,系列13,47.34,-0.002726073421
子图5,系列13,47.346,-0.001986064092
子图5,系列13,47.352,-0.001697342097
子图5,系列13,47.358,-0.001901053645
子图5,系列13,47.364,-0.002570563066
子图5,系列13,47.37,-0.003612333684
子图5,系列13,47.376,-0.004877451241
子图5,系列13,47.382,-0.006183083502
子图5,系列13,47.388,-0.007340117354
子图5,系列13,47.394,-0.008183933965
子图5,系列13,47.4,-0.008602131091
子图5,系列13,47.406,-0.00855528616
子图5,系列13,47.412,-0.008086630901
子图5,系列13,47.418,-0.007318371573
子图5,系列13,47.424,-0.006435617466
子图5,系列13,47.43,-0.005659281164
子图5,系列13,47.436,-0.005213051029
子图5,系列13,47.442,-0.005288995276
子图5,系列13,47.448,-0.006017375229
子图5,系列13,47.454,-0.007445395576
子图5,系列13,47.46,-0.009527759897
子图5,系列13,47.466,-0.01213048188
子图5,系列13,47.472,-0.01504727567
子图5,系列13,47.478,-0.01802556153
子图5,系列13,47.484,-0.02079887361
子图5,系列13,47.49,-0.02312038719
子图5,系列13,47.496,-0.02479337017
子图5,系列13,47.502,-0.02569458001
子图5,系列13,47.508,-0.02578715651
子图5,系列13,47.514,-0.02512263469
子图5,系列13,47.52,-0.02383115419
子图5,系列13,47.526,-0.02210265949
子图5,系列13,47.532,-0.02016139722
子图5,系列13,47.538,-0.01823756033
子图5,系列13,47.544,-0.01654014912
子图5,系列13,47.55,-0.01523404541
子图5,系列13,47.556,-0.01442433825
子图5,系列13,47.562,-0.01414908344
子图5,系列13,47.568,-0.01438074741
子图5,系列13,47.574,-0.01503538429
子图5,系列13,47.58,-0.01598763476
子图5,系列13,47.586,-0.01708878905
子图5,系列13,47.592,-0.01818571709
子图5,系列13,47.598,-0.01913751205
子图5,系列13,47.604,-0.01982855909
子图5,系列13,47.61,-0.02017644551
子图5,系列13,47.616,-0.02013444926
子图5,系列13,47.622,-0.01968943363
子图5,系列13,47.628,-0.01885575507
子图5,系列13,47.634,-0.01766733756
子图5,系列13,47.64,-0.01616919225
子图5,系列13,47.646,-0.01441004568
子图5,系列13,47.652,-0.01243733289
子图5,系列13,47.658,-0.01029485233
子图5,系列13,47.664,-0.008023287604
子图5,系列13,47.67,-0.005662942294
子图5,系列13,47.676,-0.003257490642
子图5,系列13,47.682,-0.0008578876818
子图5,系列13,47.688,0.001475240103
子图5,系列13,47.694,0.003671515622
子图5,系列13,47.7,0.005653715973
子图5,系列13,47.706,0.007344148537
子图5,系列13,47.712,0.008673410872
子图5,系列13,47.718,0.009590924503
子图5,系列13,47.724,0.0100750081
子图5,系列13,47.73,0.01014049675
子图5,系列13,47.736,0.009842055453
子图5,系列13,47.742,0.009271404006
子图5,系列13,47.748,0.008548429586
子图5,系列13,47.754,0.007806894298
子图5,系列13,47.76,0.007176934793
子图5,系列13,47.766,0.006767536641
子图5,系列13,47.772,0.006652169002
子图5,系列13,47.778,0.006860335203
子图5,系列13,47.784,0.007376850291
子图5,系列13,47.79,0.008148513423
子图5,系列13,47.796,0.009096976675
子图5,系列13,47.802,0.01013487163
子图5,系列13,47.808,0.01118181206
子图5,系列13,47.814,0.01217746062
子图5,系列13,47.82,0.01308888565
子图5,系列13,47.826,0.01391157443
子图5,系列13,47.832,0.0146641535
子图5,系列13,47.838,0.01537835831
子图5,系列13,47.844,0.01608678363
子图5,系列13,47.85,0.0168107705
子图5,系列13,47.856,0.01755109318
子图5,系列13,47.862,0.01828308015
子图5,系列13,47.868,0.01895693875
子图5,系列13,47.874,0.01950327413
子图5,系列13,47.88,0.01984260621
子图5,系列13,47.886,0.01989724695
子图5,系列13,47.892,0.01960375567
子图5,系列13,47.898,0.01892366037
子图5,系列13,47.904,0.01785125822
子图5,系列13,47.91,0.01641702102
子图5,系列13,47.916,0.01468622223
子图5,系列13,47.922,0.01275323979
子图5,系列13,47.928,0.01073182007
子图5,系列13,47.934,0.008743334417
子图5,系列13,47.94,0.006904096225
子图5,系列13,47.946,0.005313731064
子图5,系列13,47.952,0.004046271583
子图5,系列13,47.958,0.003144555574
子图5,系列13,47.964,0.002619118992
子图5,系列13,47.97,0.002450828454
子图5,系列13,47.976,0.002596792087
子图5,系列13,47.982,0.002998512813
子图5,系列13,47.988,0.003590393076
子图5,系列13,47.994,0.004307950148
子图5,系列13,48,0.005094030053
子图5,系列13,48.006,0.005902727894
子图5,系列13,48.012,0.006700736808
子图5,系列13,48.018,0.007466098643
子图5,系列13,48.024,0.008185215659
子图5,系列13,48.03,0.008848495673
子图5,系列13,48.036,0.009445592037
子图5,系列13,48.042,0.009960989464
子图5,系列13,48.048,0.01037060567
子图5,系列13,48.054,0.01064021217
子图5,系列13,48.06,0.01072622535
子图5,系列13,48.066,0.0105792063
子图5,系列13,48.072,0.01015017567
子图5,系列13,48.078,0.009399084653
子图5,系列13,48.084,0.00830430917
子图5,系列13,48.09,0.006871482347
子图5,系列13,48.096,0.005139507246
子图5,系列13,48.102,0.00318203997
子图5,系列13,48.108,0.001103152966
子图5,系列13,48.114,-0.0009730041604
子图5,系列13,48.12,-0.002917161238
子图5,系列13,48.126,-0.004612506874
子图5,系列13,48.132,-0.005971449518
子图5,系列13,48.138,-0.006948599405
子图5,系列13,48.144,-0.0075473136
子图5,系列13,48.15,-0.00781820198
子图5,系列13,48.156,-0.007850011083
子图5,系列13,48.162,-0.007754125859
子图5,系列13,48.168,-0.007645761744
子图5,系列13,48.174,-0.007625154966
子图5,系列13,48.18,-0.007762035513
子图5,系列13,48.186,-0.008086173226
子图5,系列13,48.192,-0.008585346471
子图5,系列13,48.198,-0.009210731239
子图5,系列13,48.204,-0.009888625668
子图5,系列13,48.21,-0.01053582955
子图5,系列13,48.216,-0.01107604425
子图5,系列13,48.222,-0.011454333
子图5,系列13,48.228,-0.01164700832
子图5,系列13,48.234,-0.01166599649
子图5,系列13,48.24,-0.01155661272
子图5,系列13,48.246,-0.01139002313
子图5,系列13,48.252,-0.01125156217
子图5,系列13,48.258,-0.01122702096
子图5,系列13,48.264,-0.01138938494
子图5,系列13,48.27,-0.01178760283
子图5,系列13,48.276,-0.01243929192
子图5,系列13,48.282,-0.01332783061
子图5,系列13,48.288,-0.01440401905
子图5,系列13,48.294,-0.01559162562
子图5,系列13,48.3,-0.01679575147
子图5,系列13,48.306,-0.01791257198
子图5,系列13,48.312,-0.01883940653
子图5,系列13,48.318,-0.01948366262
子图5,系列13,48.324,-0.01977027896
子图5,系列13,48.33,-0.01964703402
子图5,系列13,48.336,-0.019087665
子图5,系列13,48.342,-0.01809323213
子图5,系列13,48.348,-0.01669148256
子图5,系列13,48.354,-0.01493508626
子图5,系列13,48.36,-0.0128984533
子图5,系列13,48.366,-0.01067353876
子图5,系列13,48.372,-0.008364778917
子图5,系列13,48.378,-0.006082924133
子图5,系列13,48.384,-0.00393834201
子图5,系列13,48.39,-0.002033748092
子图5,系列13,48.396,-0.000456848519
子图5,系列13,48.402,0.0007261708204
子图5,系列13,48.408,0.001476196188
子图5,系列13,48.414,0.001784345839
子图5,系列13,48.42,0.001672662254
子图5,系列13,48.426,0.001191790721
子图5,系列13,48.432,0.0004153487482
子图5,系列13,48.438,-0.0005679218939
子图5,系列13,48.444,-0.001664193113
子图5,系列13,48.45,-0.002784722255
子图5,系列13,48.456,-0.003855190337
子图5,系列13,48.462,-0.004822594496
子图5,系列13,48.468,-0.00565836076
子图5,系列13,48.474,-0.006357501544
子图5,系列13,48.48,-0.006933569319
子图5,系列13,48.486,-0.007410684397
子图5,系列13,48.492,-0.00781410369
子图5,系列13,48.498,-0.008161179565
子图5,系列13,48.504,-0.008454764955
子图5,系列13,48.51,-0.008680259805
子图5,系列13,48.516,-0.00880706365
子图5,系列13,48.522,-0.008794294465
子图5,系列13,48.528,-0.008599480094
子图5,系列13,48.534,-0.008189006367
子图5,系列13,48.54,-0.007548021739
子图5,系列13,48.546,-0.006688260318
子图5,系列13,48.552,-0.005652221597
子图5,系列13,48.558,-0.004512639821
子图5,系列13,48.564,-0.003367270925
子图5,系列13,48.57,-0.002329087195
子图5,系列13,48.576,-0.001513117623
子图5,系列13,48.582,-0.001021482943
子图5,系列13,48.588,-0.0009283929121
子图5,系列13,48.594,-0.001267589215
子图5,系列13,48.6,-0.002024106711
子图5,系列13,48.606,-0.003132248457
子图5,系列13,48.612,-0.004481025184
子图5,系列13,48.618,-0.005926610692
子图5,系列13,48.624,-0.007311186128
子图5,系列13,48.63,-0.008485018222
子图5,系列13,48.636,-0.009328762936
子图5,系列13,48.642,-0.009772031072
子图5,系列13,48.648,-0.009804520596
子图5,系列13,48.654,-0.009477890266
子图5,系列13,48.66,-0.008897110085
子图5,系列13,48.666,-0.008203151125
子图5,系列13,48.672,-0.007549698068
子图5,系列13,48.678,-0.007078131432
子图5,系列13,48.684,-0.006895354773
子图5,系列13,48.69,-0.00705800828
子图5,系列13,48.696,-0.00756567472
子图5,系列13,48.702,-0.008363673283
子图5,系列13,48.708,-0.009354161412
子图5,系列13,48.714,-0.01041335032
子图5,系列13,48.72,-0.01141129404
子图5,系列13,48.726,-0.01223110566
子图5,系列13,48.732,-0.01278486583
子图5,系列13,48.738,-0.01302397344
子图5,系列13,48.744,-0.01294345896
子图5,系列13,48.75,-0.01257976298
子图5,系列13,48.756,-0.01200309476
子图5,系列13,48.762,-0.01130548023
子图5,系列13,48.768,-0.01058618755
子图5,系列13,48.774,-0.009936531031
子图5,系列13,48.78,-0.009425928924
子图5,系列13,48.786,-0.009091212362
子图5,系列13,48.792,-0.008930803028
子图5,系列13,48.798,-0.008904845985
子图5,系列13,48.804,-0.008941524857
子图5,系列13,48.81,-0.008948982183
子图5,系列13,48.816,-0.008830780353
子图5,系列13,48.822,-0.008502666366
子图5,系列13,48.828,-0.007907246519
子图5,系列13,48.834,-0.00702402669
子图5,系列13,48.84,-0.00587279071
子图5,系列13,48.846,-0.004509518313
子图5,系列13,48.852,-0.003016068779
子图5,系列13,48.858,-0.0014854814
子图5,系列13,48.864,-6.330623918e-06
子图5,系列13,48.87,0.00135079157
子图5,系列13,48.876,0.002542042386
子图5,系列13,48.882,0.003552738851
子图5,系列13,48.888,0.004393648296
子图5,系列13,48.894,0.005092438501
子图5,系列13,48.9,0.005682691333
子图5,系列13,48.906,0.006193404702
子图5,系列13,48.912,0.006641171852
子图5,系列13,48.918,0.007026938248
子图5,系列13,48.924,0.007337538912
子图5,系列13,48.93,0.007551329257
子图5,系列13,48.936,0.007646181213
子图5,系列13,48.942,0.007607513774
子图5,系列13,48.948,0.007434261235
子图5,系列13,48.954,0.007141241255
子图5,系列13,48.96,0.006757391502
子图5,系列13,48.966,0.0063205732
子图5,系列13,48.972,0.005870688821
子图5,系列13,48.978,0.005443023821
子图5,系列13,48.984,0.00506423874
子图5,系列13,48.99,0.004751762788
子图5,系列13,48.996,0.004517007223
子图5,系列13,49.002,0.004370889228
子图5,系列13,49.008,0.004329452958
子图5,系列13,49.014,0.004417335499
子图5,系列13,49.02,0.004666915747
子图5,系列13,49.026,0.00511272339
子图5,系列13,49.032,0.005781982889
子图5,系列13,49.038,0.006683410504
子图5,系列13,49.044,0.007797652739
子图5,系列13,49.05,0.009071999878
子图5,系列13,49.056,0.01042162163
子图5,系列13,49.062,0.01173789713
子图5,系列13,49.068,0.0129023542
子图5,系列13,49.074,0.01380419874
子图5,系列13,49.08,0.01435751975
子图5,系列13,49.086,0.01451531523
子图5,系列13,49.092,0.01427748919
子图5,系列13,49.098,0.01369135152
子图5,系列13,49.104,0.01284485894
子图5,系列13,49.11,0.01185353535
子图5,系列13,49.116,0.01084359817
子图5,系列13,49.122,0.009934002375
子图5,系列13,49.128,0.009220101987
子图5,系列13,49.134,0.008761562219
子图5,系列13,49.14,0.008575926804
子图5,系列13,49.146,0.008638509817
子图5,系列13,49.152,0.008888562848
子图5,系列13,49.158,0.009240007401
子图5,系列13,49.164,0.009595682053
子图5,系列13,49.17,0.009862441742
子图5,系列13,49.176,0.009965345461
子图5,系列13,49.182,0.009859208801
子图5,系列13,49.188,0.009535491612
子图5,系列13,49.194,0.009024450622
子图5,系列13,49.2,0.008391417058
子图5,系列13,49.206,0.007728197572
子图5,系列13,49.212,0.007140489043
子图5,系列13,49.218,0.00673265732
子图5,系列13,49.224,0.006592496927
子图5,系列13,49.23,0.006777534715
子图5,系列13,49.236,0.007305270459
子图5,系列13,49.242,0.008149054029
子图5,系列13,49.248,0.009239870376
子图5,系列13,49.254,0.01047504692
子图5,系列13,49.26,0.01173200021
子图5,系列13,49.266,0.01288599973
子图5,系列13,49.272,0.01382945767
子图5,系列13,49.278,0.01448937982
子图5,系列13,49.284,0.01484123925
子图5,系列13,49.29,0.01491553815
子图5,系列13,49.296,0.0147965236
子图5,系列13,49.302,0.01461193608
子图5,系列13,49.308,0.01451474879
子图5,系列13,49.314,0.01465956649
子图5,系列13,49.32,0.01517649602
子图5,系列13,49.326,0.01614708616
子图5,系列13,49.332,0.01758627782
子图5,系列13,49.338,0.01943353748
子图5,系列13,49.344,0.02155572094
子图5,系列13,49.35,0.02376132579
子图5,系列13,49.356,0.02582465554
子图5,系列13,49.362,0.02751665536
子图5,系列13,49.368,0.02863705594
子图5,系列13,49.374,0.02904394876
子图5,系列13,49.38,0.02867510533
子图5,系列13,49.386,0.02755853276
子图5,系列13,49.392,0.02581036379
子图5,系列13,49.398,0.02362005435
子图5,系列13,49.404,0.02122586202
子图5,系列13,49.41,0.01888337528
子图5,系列13,49.416,0.01683245952
子图5,系列13,49.422,0.01526712196
子图5,系列13,49.428,0.01431250572
子图5,系列13,49.434,0.0140124033
子图5,系列13,49.44,0.01432834902
子图5,系列13,49.446,0.01514972802
子图5,系列13,49.452,0.01631308611
子图5,系列13,49.458,0.01762631054
子图5,系列13,49.464,0.01889457901
子图5,系列13,49.47,0.01994357198
子图5,系列13,49.476,0.02063720628
子图5,系列13,49.482,0.02088870733
子图5,系列13,49.488,0.02066374298
子图5,系列13,49.494,0.01997775431
子图5,系列13,49.5,0.0188879554
子图5,系列13,49.506,0.01748265682
子图5,系列13,49.512,0.01586942048
子图5,系列13,49.518,0.01416314458
子图5,系列13,49.524,0.01247539436
子图5,系列13,49.53,0.01090499082
子图5,系列13,49.536,0.009530250626
子图5,系列13,49.542,0.008403291062
子图5,系列13,49.548,0.007546212677
子图5,系列13,49.554,0.006950189989
子图5,系列13,49.56,0.006577567063
子图5,系列13,49.566,0.006367279478
子图5,系列13,49.572,0.006244027789
子图5,系列13,49.578,0.00612966993
子图5,系列13,49.584,0.005956430452
子图5,系列13,49.59,0.005679078901
子图5,系列13,49.596,0.00528420716
子图5,系列13,49.602,0.004794342752
子图5,系列13,49.608,0.004265127625
子图5,系列13,49.614,0.003775653956
子图5,系列13,49.62,0.003412788264
子图5,系列13,49.626,0.003252243619
子图5,系列13,49.632,0.003340043958
子图5,系列13,49.638,0.003678127416
子图5,系列13,49.644,0.004217550074
子图5,系列13,49.65,0.004861236695
子图5,系列13,49.656,0.005476274172
子图5,系列13,49.662,0.0059141444
子图5,系列13,49.668,0.006035160007
子图5,系列13,49.674,0.005732832819
子图5,系列13,49.68,0.00495358127
子图5,系列13,49.686,0.0037079162
子图5,系列13,49.692,0.00207103581
子图5,系列13,49.698,0.0001723926183
子图5,系列13,49.704,-0.001824001545
子图5,系列13,49.71,-0.003745008455
子图5,系列13,49.716,-0.00543531059
子图5,系列13,49.722,-0.006780832858
子图5,系列13,49.728,-0.007724847147
子图5,系列13,49.734,-0.008273796806
子图5,系列13,49.74,-0.008491982137
子图5,系列13,49.746,-0.008486329235
子图5,系列13,49.752,-0.008383793627
子图5,系列13,49.758,-0.008305920481
子图5,系列13,49.764,-0.008344720178
子图5,系列13,49.77,-0.008544512193
子图5,系列13,49.776,-0.008892767199
子图5,系列13,49.782,-0.009321592117
子图5,系列13,49.788,-0.009719781776
子图5,系列13,49.794,-0.009952987865
子图5,系列13,49.8,-0.009888752273
子图5,系列13,49.806,-0.00942148039
子图5,系列13,49.812,-0.008493084886
子图5,系列13,49.818,-0.007105337322
子图5,系列13,49.824,-0.005321789836
子图5,系列13,49.83,-0.003259153592
子图5,系列13,49.836,-0.001069790907
子图5,系列13,49.842,0.001081031262
子图5,系列13,49.848,0.003038998104
子图5,系列13,49.854,0.004681392802
子图5,系列13,49.86,0.005931152585
子图5,系列13,49.866,0.006762627457
子图5,系列13,49.872,0.00719877889
子图5,系列13,49.878,0.007301367195
子图5,系列13,49.884,0.007156682479
子图5,系列13,49.89,0.006859610899
子图5,系列13,49.896,0.006499149108
子图5,系列13,49.902,0.006147117882
子图5,系列13,49.908,0.005851670921
子图5,系列13,49.914,0.005635631751
子图5,系列13,49.92,0.00549923717
子图5,系列13,49.926,0.005426288081
子图5,系列13,49.932,0.005392040256
子图5,系列13,49.938,0.00537162961
子图5,系列13,49.944,0.005347138539
子图5,系列13,49.95,0.005312356346
子图5,系列13,49.956,0.005274030869
子图5,系列13,49.962,0.005249334921
子图5,系列13,49.968,0.005259911346
子图5,系列13,49.974,0.005323329548
子图5,系列13,49.98,0.0054440196
子图5,系列13,49.986,0.005605485368
子图5,系列13,49.992,0.005766116768
子图5,系列13,49.998,0.005860140026
子图5,系列13,50.004,0.005804080678
子图5,系列13,50.01,0.005508423022
子图5,系列13,50.016,0.004892172084
子图5,系列13,50.022,0.003897911714
子图5,系列13,50.028,0.002504187702
子图5,系列13,50.034,0.000732548411
子图5,系列13,50.04,-0.001352080665
子图5,系列13,50.046,-0.00364824886
子图5,系列13,50.052,-0.006030435789
子图5,系列13,50.058,-0.008364958633
子图5,系列13,50.064,-0.01052622151
子图5,系列13,50.07,-0.01241029807
子图5,系列13,50.076,-0.01394382541
子图5,系列13,50.082,-0.01508699065
子图5,系列13,50.088,-0.01583103063
子图5,系列13,50.094,-0.01619174009
子图5,系列13,50.1,-0.01620098171
子图5,系列13,50.106,-0.01589874981
子图5,系列13,50.112,-0.01532736973
子图5,系列13,50.118,-0.01452894794
子图5,系列13,50.124,-0.01354596529
子图5,系列13,50.13,-0.01242388762
子图5,系列13,50.136,-0.01121432657
子图5,系列13,50.142,-0.00997690967
子图5,系列13,50.148,-0.008778592463
子图5,系列13,50.154,-0.007689847332
子图5,系列13,50.16,-0.006778109962
子图5,系列13,50.166,-0.006099514708
子图5,系列13,50.172,-0.005690877461
子图5,系列13,50.178,-0.005563263295
子图5,系列13,50.184,-0.005699007649
子图5,系列13,50.19,-0.006052653399
子图5,系列13,50.196,-0.006555879563
子图5,系列13,50.202,-0.007125923079
子图5,系列13,50.208,-0.007675708565
子图5,系列13,50.214,-0.008124755652
子图5,系列13,50.22,-0.008408757525
子图5,系列13,50.226,-0.008486902273
子图5,系列13,50.232,-0.00834601652
子图5,系列13,50.238,-0.008000929941
子图5,系列13,50.244,-0.007491532384
子图5,系列13,50.25,-0.006876659906
子图5,系列13,50.256,-0.00622588633
子图5,系列13,50.262,-0.005610233489
子图5,系列13,50.268,-0.005092760867
子图5,系列13,50.274,-0.004720380893
子图5,系列13,50.28,-0.00451768723
子图5,系列13,50.286,-0.004483594075
子图5,系列13,50.292,-0.004591596317
子图5,系列13,50.298,-0.004793353908
子图5,系列13,50.304,-0.005025990512
子图5,系列13,50.31,-0.005221817029
子图5,系列13,50.316,-0.005319542436
子图5,系列13,50.322,-0.005275365029
子图5,系列13,50.328,-0.00507174997
子图5,系列13,50.334,-0.00472284971
子图5,系列13,50.34,-0.004274724799
子图5,系列13,50.346,-0.003800527557
子图5,系列13,50.352,-0.003390767523
子图5,系列13,50.358,-0.00314011717
子图5,系列13,50.364,-0.003132716589
子图5,系列13,50.37,-0.003428106537
子图5,系列13,50.376,-0.004049999527
子图5,系列13,50.382,-0.004979575371
子图5,系列13,50.388,-0.006154348496
子图5,系列13,50.394,-0.007472875644
子图5,系列13,50.4,-0.008804884081
子图5,系列13,50.406,-0.01000537733
子图5,系列13,50.412,-0.01093133815
子图5,系列13,50.418,-0.01145847936
子图5,系列13,50.424,-0.01149643193
子图5,系列13,50.43,-0.01100004856
子图5,系列13,50.436,-0.009975673321
子图5,系列13,50.442,-0.00848160712
子图5,系列13,50.448,-0.006622639368
子图5,系列13,50.454,-0.004539746552
子图5,系列13,50.46,-0.002395956248
子图5,系列13,50.466,-0.0003604024152
子图5,系列13,50.472,0.001407907429
子图5,系列13,50.478,0.00277488185
子图5,系列13,50.484,0.003643547135
子图5,系列13,50.49,0.003962571232
子图5,系列13,50.496,0.003730821223
子图5,系列13,50.502,0.002997166821
子图5,系列13,50.508,0.001855998337
子图5,系列13,50.514,0.0004380826888
子图5,系列13,50.52,-0.001102354371
子图5,系列13,50.526,-0.002603417098
子图5,系列13,50.532,-0.003913144541
子图5,系列13,50.538,-0.004906337694
子图5,系列13,50.544,-0.005499591975
子图5,系列13,50.55,-0.005661465532
子图5,系列13,50.556,-0.005417183395
子图5,系列13,50.562,-0.004846371449
子图5,系列13,50.568,-0.004074102952
子图5,系列13,50.574,-0.003256261039
子图5,系列13,50.58,-0.002560550604
子图5,系列13,50.586,-0.002145891481
子图5,系列13,50.592,-0.002142132923
子图5,系列13,50.598,-0.002632972556
子图5,系列13,50.604,-0.003643651506
子图5,系列13,50.61,-0.005135281467
子图5,系列13,50.616,-0.007006099279
子图5,系列13,50.622,-0.009100177695
子图5,系列13,50.628,-0.01122234374
子图5,系列13,50.634,-0.01315853947
子图5,系列13,50.64,-0.01469928607
子图5,系列13,50.646,-0.01566404308
子图5,系列13,50.652,-0.01592398025
子图5,系列13,50.658,-0.01541982125
子图5,系列13,50.664,-0.01417313832
子图5,系列13,50.67,-0.01228817748
子图5,系列13,50.676,-0.009944170171
子图5,系列13,50.682,-0.007377746397
子图5,系列13,50.688,-0.004857394249
子图5,系列13,50.694,-0.00265290427
子图5,系列13,50.7,-0.001003510865
子图5,系列13,50.706,-8.926803619e-05
子图5,系列13,50.712,-9.600230131e-06
子图5,系列13,50.718,-0.000772059678
子图5,系列13,50.724,-0.002292941357
子图5,系列13,50.73,-0.004409435221
子图5,系列13,50.736,-0.006901110765
子图5,系列13,50.742,-0.009517903759
子图5,系列13,50.748,-0.01200975158
子图5,系列13,50.754,-0.01415486707
子图5,系列13,50.76,-0.01578238785
子图5,系列13,50.766,-0.01678779341
子图5,系列13,50.772,-0.0171397296
子图5,系列13,50.778,-0.01687810727
子图5,系列13,50.784,-0.01610477015
子图5,系列13,50.79,-0.01496757273
子图5,系列13,50.796,-0.01364035622
子图5,系列13,50.802,-0.01230040399
子图5,系列13,50.808,-0.0111061837
子图5,系列13,50.814,-0.0101774478
子图5,系列13,50.82,-0.009580466137
子图5,系列13,50.826,-0.009319997054
子图5,系列13,50.832,-0.00933987534
子图5,系列13,50.838,-0.009532013252
子图5,系列13,50.844,-0.009753405081
子图5,系列13,50.85,-0.009848800693
子图5,系列13,50.856,-0.009675734894
子图5,系列13,50.862,-0.00912878701
子图5,系列13,50.868,-0.008158316004
子图5,系列13,50.874,-0.00678169496
子图5,系列13,50.88,-0.005084016601
子图5,系列13,50.886,-0.003208647267
子图5,系列13,50.892,-0.00133872638
子图5,系列13,50.898,0.0003277309938
子图5,系列13,50.904,0.001604677995
子图5,系列13,50.91,0.002343217292
子图5,系列13,50.916,0.002450758657
子图5,系列13,50.922,0.001901694001
子图5,系列13,50.928,0.0007383934567
子图5,系列13,50.934,-0.0009370897797
子图5,系列13,50.94,-0.002978426741
子图5,系列13,50.946,-0.005214465329
子图5,系列13,50.952,-0.007469576957
子图5,系列13,50.958,-0.009581403121
子图5,系列13,50.964,-0.01141442088
子图5,系列13,50.97,-0.01286786691
子图5,系列13,50.976,-0.01387857797
子图5,系列13,50.982,-0.01441974574
子图5,系列13,50.988,-0.01449695026
子图5,系列13,50.994,-0.01414322504
子图5,系列13,51,-0.01341370554
子图5,系列13,51.006,-0.01238068894
子图5,系列13,51.012,-0.01112845624
子图5,系列13,51.018,-0.009747885442
子图5,系列13,51.024,-0.008330017121
子图5,系列13,51.03,-0.006959022586
子图5,系列13,51.036,-0.005704672267
子图5,系列13,51.042,-0.004615518193
子图5,系列13,51.048,-0.003713850406
子图5,系列13,51.054,-0.002993347184
子图5,系列13,51.06,-0.002420525142
子图5,系列13,51.066,-0.001939473059
子图5,系列13,51.072,-0.001480145161
子图5,系列13,51.078,-0.0009683692534
子图5,系列13,51.084,-0.0003368260294
子图5,系列13,51.09,0.0004648820791
子图5,系列13,51.096,0.001462355429
子图5,系列13,51.102,0.002651393025
子图5,系列13,51.108,0.003996905679
子图5,系列13,51.114,0.005435093765
子图5,系列13,51.12,0.006879086278
子图5,系列13,51.126,0.00822691335
子图5,系列13,51.132,0.009371080177
子图5,系列13,51.138,0.01020892246
子图5,系列13,51.144,0.01065253999
子图5,系列13,51.15,0.01063777594
子图5,系列13,51.156,0.01013119714
子图5,系列13,51.162,0.009134431987
子图5,系列13,51.168,0.007685415013
子图5,系列13,51.174,0.005855930016
子图5,系列13,51.18,0.003745740474
子图5,系列13,51.186,0.001473540152
子图5,系列13,51.192,-0.0008343225349
子图5,系列13,51.198,-0.003055785272
子图5,系列13,51.204,-0.00508444452
子图5,系列13,51.21,-0.006838270195
子图5,系列13,51.216,-0.008264912323
子图5,系列13,51.222,-0.009342683199
子图5,系列13,51.228,-0.01007757791
子图5,系列13,51.234,-0.01049751422
子图5,系列13,51.24,-0.01064496777
子图5,系列13,51.246,-0.01057020576
子图5,系列13,51.252,-0.01032590538
子图5,系列13,51.258,-0.009964243958
子图5,系列13,51.264,-0.009535954947
子图5,系列13,51.27,-0.009090525027
子图5,系列13,51.276,-0.008676241973
子图5,系列13,51.282,-0.008338835326
子图5,系列13,51.288,-0.008118132716
子图5,系列13,51.294,-0.008042886332
子图5,系列13,51.3,-0.008124874049
子图5,系列13,51.306,-0.00835374882
子图5,系列13,51.312,-0.00869478862
子图5,系列13,51.318,-0.009090449815
子图5,系列13,51.324,-0.009466991829
子图5,系列13,51.33,-0.00974507645
子图5,系列13,51.336,-0.009853202767
子图5,系列13,51.342,-0.009741528096
子图5,系列13,51.348,-0.00939314241
子图5,系列13,51.354,-0.008830908892
子图5,系列13,51.36,-0.008117612124
子图5,系列13,51.366,-0.007349398891
子图5,系列13,51.372,-0.006642996543
子图5,系列13,51.378,-0.00611853385
子图5,系列13,51.384,-0.005880908613
子图5,系列13,51.39,-0.006002443917
子图5,系列13,51.396,-0.006509871965
子图5,系列13,51.402,-0.007378023713
子图5,系列13,51.408,-0.00853106597
子图5,系列13,51.414,-0.00985192234
子图5,系列13,51.42,-0.01119810365
子图5,系列13,51.426,-0.01242194074
子图5,系列13,51.432,-0.01339221934
子图5,系列13,51.438,-0.01401329553
子图5,系列13,51.444,-0.01423933863
子图5,系列13,51.45,-0.01408049573
子图5,系列13,51.456,-0.01360047684
子图5,系列13,51.462,-0.01290570053
子图5,系列13,51.468,-0.01212759446
子图5,系列13,51.474,-0.01140165326
子图5,系列13,51.48,-0.01084623977
子图5,系列13,51.486,-0.01054539435
子图5,系列13,51.492,-0.01053830333
子图5,系列13,51.498,-0.01081700535
子图5,系列13,51.504,-0.01133258559
子图5,系列13,51.51,-0.01200781996
子图5,系列13,51.516,-0.01275348989
子图5,系列13,51.522,-0.01348485758
子图5,系列13,51.528,-0.01413454171
子图5,系列13,51.534,-0.01465988232
子图5,系列13,51.54,-0.01504342463
子图5,系列13,51.546,-0.0152874609
子图5,系列13,51.552,-0.0154049733
子图5,系列13,51.558,-0.01540938048
子图5,系列13,51.564,-0.01530679336
子图5,系列13,51.57,-0.01509224157
子图5,系列13,51.576,-0.01475128114
子图5,系列13,51.582,-0.01426623108
子图5,系列13,51.588,-0.01362497645
子图5,系列13,51.594,-0.01283005923
子图5,系列13,51.6,-0.01190495647
子图5,系列13,51.606,-0.01089571112
子图5,系列13,51.612,-0.009867146116
子图5,系列13,51.618,-0.008893929195
子图5,系列13,51.624,-0.008048737294
子图5,系列13,51.63,-0.007389819713
子图5,系列13,51.636,-0.006950735436
子图5,系列13,51.642,-0.006734760604
子图5,系列13,51.648,-0.006714539158
子图5,系列13,51.654,-0.006837561585
子图5,系列13,51.66,-0.007035644843
子图5,系列13,51.666,-0.007236612057
子图5,系列13,51.672,-0.007375975537
子图5,系列13,51.678,-0.007406075463
子图5,系列13,51.684,-0.00730189674
子图5,系列13,51.69,-0.00706241951
子图5,系列13,51.696,-0.006708236037
子图5,系列13,51.702,-0.006276300798
子图5,系列13,51.708,-0.005813060727
子图5,系列13,51.714,-0.00536749001
子图5,系列13,51.72,-0.004984793154
子图5,系列13,51.726,-0.004701373733
子图5,系列13,51.732,-0.004541046507
子图5,系列13,51.738,-0.004512264092
子图5,系列13,51.744,-0.00460605863
子图5,系列13,51.75,-0.004794919674
子图5,系列13,51.756,-0.005032610948
子图5,系列13,51.762,-0.005255972039
子图5,系列13,51.768,-0.005388889281
子图5,系列13,51.774,-0.005349167451
子图5,系列13,51.78,-0.005057955485
子图5,系列13,51.786,-0.004450945466
子图5,系列13,51.792,-0.003489978137
子图5,系列13,51.798,-0.002173052021
子图5,系列13,51.804,-0.0005408416766
子图5,系列13,51.81,0.001322038078
子图5,系列13,51.816,0.003292057408
子图5,系列13,51.822,0.005218493656
子图5,系列13,51.828,0.00694065049
子图5,系列13,51.834,0.008309340625
子图5,系列13,51.84,0.009209057042
子图5,系列13,51.846,0.009578263459
子图5,系列13,51.852,0.009423672959
子图5,系列13,51.858,0.008825834131
子图5,系列13,51.864,0.007934127072
子图5,系列13,51.87,0.006950429921
子图5,系列13,51.876,0.006103448857
子图5,系列13,51.882,0.005616346926
子图5,系列13,51.888,0.005672810626
子图5,系列13,51.894,0.006386566901
子图5,系列13,51.9,0.007779776549
子图5,系列13,51.906,0.009774162222
子图5,系列13,51.912,0.01219729765
子图5,系列13,51.918,0.01480336813
子图5,系列13,51.924,0.0173061685
子图5,系列13,51.93,0.01941902342
子图5,系列13,51.936,0.02089575058
子图5,系列13,51.942,0.02156633359
子图5,系列13,51.948,0.02136124817
子图5,系列13,51.954,0.02032148383
子图5,系列13,51.96,0.01859201037
子图5,系列13,51.966,0.01640078161
子图5,系列13,51.972,0.01402625915
子图5,系列13,51.978,0.01175879175
子图5,系列13,51.984,0.009861747243
子图5,系列13,51.99,0.008537772284
子图5,系列13,51.996,0.007904865754
子图5,系列13,52.002,0.007985142661
子图5,系列13,52.008,0.008706997224
子图5,系列13,52.014,0.009919903586
子图5,系列13,52.02,0.01141900093
子图5,系列13,52.026,0.01297541344
子图5,系列13,52.032,0.01436843414
子图5,系列13,52.038,0.01541416441
子图5,系列13,52.044,0.01598798021
子图5,系列13,52.05,0.01603713589
子图5,系列13,52.056,0.01558299041
子图5,系列13,52.062,0.01471308542
子图5,系列13,52.068,0.01356447744
子图5,系列13,52.074,0.01230180855
子图5,系列13,52.08,0.01109271974
子图5,系列13,52.086,0.01008459875
子图5,系列13,52.092,0.009385405746
子图5,系列13,52.098,0.009050778648
子图5,系列13,52.104,0.009078963325
子图5,系列13,52.11,0.009413658311
子图5,系列13,52.116,0.009954109939
子图5,系列13,52.122,0.01057139764
子图5,系列13,52.128,0.01112808566
子图5,系列13,52.134,0.01149952557
子图5,系列13,52.14,0.01159317227
子图5,系列13,52.146,0.01136355438
子图5,系列13,52.152,0.01082053322
子图5,系列13,52.158,0.01002888664
子图5,系列13,52.164,0.009099552705
子图5,系列13,52.17,0.008172837563
子图5,系列13,52.176,0.007396432141
子图5,系列13,52.182,0.006901339951
子图5,系列13,52.188,0.00677952836
子图5,系列13,52.194,0.00706713328
子图5,系列13,52.2,0.007735975735
子图5,系列13,52.206,0.008694847261
子图5,系列13,52.212,0.009800892347
子图5,系列13,52.218,0.01087892207
子图5,系列13,52.224,0.0117464607
子图5,系列13,52.23,0.01224029623
子图5,系列13,52.236,0.01224082865
子图5,系列13,52.242,0.0116907641
子图5,系列13,52.248,0.01060488404
子图5,系列13,52.254,0.00907018817
子图5,系列13,52.26,0.007235614475
子图5,系列13,52.266,0.005293433844
子图5,系列13,52.272,0.003454533325
子图5,系列13,52.278,0.001921221809
子图5,系列13,52.284,0.000861235298
子图5,系列13,52.29,0.0003864431404
子图5,系列13,52.296,0.0005388924999
子图5,系列13,52.302,0.001285932896
子图5,系列13,52.308,0.002524566812
子图5,系列13,52.314,0.004094204564
子图5,系列13,52.32,0.00579605587
子图5,系列13,52.326,0.007416228076
子图5,系列13,52.332,0.008750338935
子图5,系列13,52.338,0.009626003373
子图5,系列13,52.344,0.009921627924
子图5,系列13,52.35,0.009578921562
子图5,系列13,52.356,0.008608478698
子图5,系列13,52.362,0.007087936483
子图5,系列13,52.368,0.005152892052
子图5,系列13,52.374,0.002982010527
子图5,系列13,52.38,0.0007774662954
子图5,系列13,52.386,-0.00125674852
子图5,系列13,52.392,-0.002936583088
子图5,系列13,52.398,-0.00411721568
子图5,系列13,52.404,-0.004707800179
子图5,系列13,52.41,-0.004679937199
子图5,系列13,52.416,-0.004069061456
子图5,系列13,52.422,-0.002968105756
子图5,系列13,52.428,-0.00151467443
子图5,系列13,52.434,0.0001274223885
子图5,系列13,52.44,0.001789395874
子图5,系列13,52.446,0.003319008556
子图5,系列13,52.452,0.004599546206
子图5,系列13,52.458,0.005563152615
子图5,系列13,52.464,0.006197252102
子图5,系列13,52.47,0.006542185442
子图5,系列13,52.476,0.006681110356
子图5,系列13,52.482,0.006723153276
子图5,系列13,52.488,0.00678300511
子图5,系列13,52.494,0.006960378779
子图5,系列13,52.5,0.007322781808
子图5,系列13,52.506,0.007894593421
子图5,系列13,52.512,0.008653760557
子图5,系列13,52.518,0.009536380624
子图5,系列13,52.524,0.01044772971
子图5,系列13,52.53,0.01127760294
子图5,系列13,52.536,0.01191693956
子图5,系列13,52.542,0.01227332199
子图5,系列13,52.548,0.01228273845
子图5,系列13,52.554,0.01191693157
子图5,系列13,52.56,0.01118564371
子图5,系列13,52.566,0.01013464756
子图5,系列13,52.572,0.008840382761
子图5,系列13,52.578,0.007401962821
子图5,系列13,52.584,0.005931658467
子图5,系列13,52.59,0.00454411495
子图5,系列13,52.596,0.003345344933
子图5,系列13,52.602,0.002422161168
子图5,系列13,52.608,0.001833147731
子图5,系列13,52.614,0.001602364307
子图5,系列13,52.62,0.001716787621
子图5,系列13,52.626,0.002128104261
子图5,系列13,52.632,0.002759154632
子图5,系列13,52.638,0.003513964029
子图5,系列13,52.644,0.004290345626
子图5,系列13,52.65,0.004992802065
子图5,系列13,52.656,0.005543840927
子图5,系列13,52.662,0.005892088202
子图5,系列13,52.668,0.00601583302
子图5,系列13,52.674,0.005922264138
子图5,系列13,52.68,0.005642541147
子图5,系列13,52.686,0.005224317286
子图5,系列13,52.692,0.004723078555
子图5,系列13,52.698,0.004193833768
子图5,系列13,52.704,0.003684475848
子图5,系列13,52.71,0.003231325732
子图5,系列13,52.716,0.002857148706
子图5,系列13,52.722,0.002571331819
子图5,系列13,52.728,0.002371595647
子图5,系列13,52.734,0.002246753127
子图5,系列13,52.74,0.002179788792
子图5,系列13,52.746,0.002150867997
子图5,系列13,52.752,0.002140122476
子图5,系列13,52.758,0.002129838656
子图5,系列13,52.764,0.002106379639
子图5,系列13,52.77,0.002061431691
子图5,系列13,52.776,0.001992778124
子图5,系列13,52.782,0.001904357806
子图5,系列13,52.788,0.001805445369
子图5,系列13,52.794,0.001709131796
子图5,系列14（水平参考线）,0,0
子图5,系列14（水平参考线）,52.8,0
子图6,系列15,0.5113636364,0.1486073211
子图6,系列15,0.5303030303,0.1760871694
子图6,系列15,0.5492424242,0.2189806087
子图6,系列15,0.5681818182,0.2317865988
子图6,系列15,0.5871212121,0.3259031421
子图6,系列15,0.6060606061,0.4043592215
子图6,系列15,0.625,0.4387409053
子图6,系列15,0.6439393939,0.4533660817
子图6,系列15,0.6628787879,0.4347315871
子图6,系列15,0.6818181818,0.4083994128
子图6,系列15,0.7007575758,0.4324056472
子图6,系列15,0.7196969697,0.4974567345
子图6,系列15,0.7386363636,0.5939969555
子图6,系列15,0.7575757576,0.738058382
子图6,系列15,0.7765151515,0.8596481277
子图6,系列15,0.7954545455,0.8907646343
子图6,系列15,0.8143939394,0.8695915611
子图6,系列15,0.8333333333,0.8008346583
子图6,系列15,0.8522727273,0.662349844
子图6,系列15,0.8712121212,0.520242696
子图6,系列15,0.8901515152,0.4436518973
子图6,系列15,0.9090909091,0.4031607779
子图6,系列15,0.928030303,0.3523805916
子图6,系列15,0.946969697,0.2923562823
子图6,系列15,0.9659090909,0.2371459534
子图6,系列15,0.9848484848,0.214765692
子图6,系列15,1.003787879,0.2214163586
子图6,系列15,1.022727273,0.2710660135
子图6,系列15,1.041666667,0.3689234135
子图6,系列15,1.060606061,0.5270974854
子图6,系列15,1.079545455,0.7357056765
子图6,系列15,1.098484848,0.9125750995
子图6,系列15,1.117424242,0.9966006278
子图6,系列15,1.136363636,1
子图6,系列15,1.15530303,0.8954537331
子图6,系列15,1.174242424,0.6898747115
子图6,系列15,1.193181818,0.5029382847
子图6,系列15,1.212121212,0.3920733781
子图6,系列15,1.231060606,0.3222015763
子图6,系列15,1.25,0.2734574695
子图6,系列15,1.268939394,0.2314813385
子图6,系列15,1.287878788,0.1922332196
子图6,系列15,1.306818182,0.1586942335
子图6,系列15,1.325757576,0.1200591533
子图6,系列15,1.34469697,0.108227296
子图6,系列15,1.363636364,0.1341615901
子图6,系列15,1.382575758,0.1632568308
子图6,系列15,1.401515152,0.1850567662
子图6,系列15,1.420454545,0.2094657844
子图6,系列15,1.439393939,0.2203877494
子图6,系列15,1.458333333,0.2180216312
子图6,系列15,1.477272727,0.2241990674
子图6,系列15,1.496212121,0.2384688915
子图6,系列15,1.515151515,0.2711933593
子图6,系列15,1.534090909,0.3196761756
子图6,系列15,1.553030303,0.3679065423
子图6,系列15,1.571969697,0.4107413617
子图6,系列15,1.590909091,0.4529084096
子图6,系列15,1.609848485,0.4911594879
子图6,系列15,1.628787879,0.5105584394
子图6,系列15,1.647727273,0.5091409537
子图6,系列15,1.666666667,0.4903571552
子图6,系列15,1.685606061,0.4597263347
子图6,系列15,1.704545455,0.4304908597
子图6,系列15,1.723484848,0.4174006536
子图6,系列15,1.742424242,0.4214786788
子图6,系列15,1.761363636,0.4307954185
子图6,系列15,1.78030303,0.4201269507
子图6,系列15,1.799242424,0.3611398741
子图6,系列15,1.818181818,0.2858320959
子图6,系列15,1.837121212,0.2685640565
子图6,系列15,1.856060606,0.3282690834
子图6,系列15,1.875,0.4129546389
子图6,系列15,1.893939394,0.4892213471
子图6,系列15,1.912878788,0.5326125437
子图6,系列15,1.931818182,0.5038545873
子图6,系列15,1.950757576,0.4141371524
子图6,系列15,1.96969697,0.3318325171
子图6,系列15,1.988636364,0.2853475494
子图6,系列15,2.007575758,0.2550900979
子图6,系列15,2.026515152,0.2413632752
子图6,系列15,2.045454545,0.2789254286
子图6,系列15,2.064393939,0.3662384156
子图6,系列15,2.083333333,0.4587651718
子图6,系列15,2.102272727,0.5244678974
子图6,系列15,2.121212121,0.5403958961
子图6,系列15,2.140151515,0.4759016232
子图6,系列15,2.159090909,0.3660037912
子图6,系列15,2.178030303,0.2785407006
子图6,系列15,2.196969697,0.2277157889
子图6,系列15,2.215909091,0.1910511931
子图6,系列15,2.234848485,0.1592463959
子图6,系列15,2.253787879,0.1358266272
子图6,系列15,2.272727273,0.1202615274
子图6,系列15,2.291666667,0.1067436099
子图6,系列15,2.310606061,0.108126468
子图6,系列15,2.329545455,0.1211529336
子图6,系列15,2.348484848,0.1140352038
子图6,系列15,2.367424242,0.1233304481
子图6,系列15,2.386363636,0.238438359
子图6,系列15,2.40530303,0.4271782225
子图6,系列15,2.424242424,0.5826747488
子图6,系列15,2.443181818,0.6689556184
子图6,系列15,2.462121212,0.7056027285
子图6,系列15,2.481060606,0.6600743116
子图6,系列15,2.5,0.5476195362
子图6,系列15,2.518939394,0.4457172588
子图6,系列15,2.537878788,0.3952071934
子图6,系列15,2.556818182,0.3393663868
子图6,系列15,2.575757576,0.2542960203
子图6,系列15,2.59469697,0.1613544325
子图6,系列15,2.613636364,0.09500314846
子图6,系列15,2.632575758,0.06580757733
子图6,系列15,2.651515152,0.06367703004
子图6,系列15,2.670454545,0.0858253315
子图6,系列15,2.689393939,0.1341451538
子图6,系列15,2.708333333,0.1949881745
子图6,系列15,2.727272727,0.2465736424
子图6,系列15,2.746212121,0.2749461172
子图6,系列15,2.765151515,0.2755986673
子图6,系列15,2.784090909,0.2520265886
子图6,系列15,2.803030303,0.2232643635
子图6,系列15,2.821969697,0.2057804829
子图6,系列15,2.840909091,0.1769628191
子图6,系列15,2.859848485,0.1546961727
子图6,系列15,2.878787879,0.1574554776
子图6,系列15,2.897727273,0.150079722
子图6,系列15,2.916666667,0.1229370695
子图6,系列15,2.935606061,0.1252442354
子图6,系列15,2.954545455,0.1391916202
子图6,系列15,2.973484848,0.1441481263
子图6,系列15,2.992424242,0.1590875508
子图6,系列15,3.011363636,0.1855264409
子图6,系列15,3.03030303,0.2286408297
子图6,系列15,3.049242424,0.2971561632
子图6,系列15,3.068181818,0.3545400887
子图6,系列15,3.087121212,0.3806327155
子图6,系列15,3.106060606,0.4055266223
子图6,系列15,3.125,0.4185551948
子图6,系列15,3.143939394,0.3958848802
子图6,系列15,3.162878788,0.3707092198
子图6,系列15,3.181818182,0.3549067443
子图6,系列15,3.200757576,0.3062119973
子图6,系列15,3.21969697,0.2320243115
子图6,系列15,3.238636364,0.1685187471
子图6,系列15,3.257575758,0.1174294478
子图6,系列15,3.276515152,0.0868385283
子图6,系列15,3.295454545,0.098175055
子图6,系列15,3.314393939,0.1276695263
子图6,系列15,3.333333333,0.1402246886
子图6,系列15,3.352272727,0.1549569969
子图6,系列15,3.371212121,0.1911320161
子图6,系列15,3.390151515,0.24268136
子图6,系列15,3.409090909,0.3181303501
子图6,系列15,3.428030303,0.3923406519
子图6,系列15,3.446969697,0.4177760422
子图6,系列15,3.465909091,0.4154941371
子图6,系列15,3.484848485,0.419561346
子图6,系列15,3.503787879,0.4061786889
子图6,系列15,3.522727273,0.3777957146
子图6,系列15,3.541666667,0.3656835014
子图6,系列15,3.560606061,0.351861476
子图6,系列15,3.579545455,0.2907807355
子图6,系列15,3.598484848,0.206403607
子图6,系列15,3.617424242,0.14206934
子图6,系列15,3.636363636,0.1070530993
子图6,系列15,3.65530303,0.08560861399
子图6,系列15,3.674242424,0.07809894359
子图6,系列15,3.693181818,0.09348099798
子图6,系列15,3.712121212,0.1171978499
子图6,系列15,3.731060606,0.1151622897
子图6,系列15,3.75,0.09823137906
子图6,系列15,3.768939394,0.08254471889
子图6,系列15,3.787878788,0.05527696999
子图6,系列15,3.806818182,0.02980954094
子图6,系列15,3.825757576,0.03282325588
子图6,系列15,3.84469697,0.0356180583
子图6,系列15,3.863636364,0.0274276004
子图6,系列15,3.882575758,0.03081926912
子图6,系列15,3.901515152,0.07297452485
子图6,系列15,3.920454545,0.1329642186
子图6,系列15,3.939393939,0.2132512138
子图6,系列15,3.958333333,0.3698790733
子图6,系列15,3.977272727,0.5528064235
子图6,系列15,3.996212121,0.5981036136
子图6,系列15,4.015151515,0.5505036639
子图6,系列15,4.034090909,0.5259465164
子图6,系列15,4.053030303,0.5091053837
子图6,系列15,4.071969697,0.5196432599
子图6,系列15,4.090909091,0.6374639522
子图6,系列15,4.109848485,0.7965452687
子图6,系列15,4.128787879,0.8790985241
子图6,系列15,4.147727273,0.8416397281
子图6,系列15,4.166666667,0.694128628
子图6,系列15,4.185606061,0.5098282625
子图6,系列15,4.204545455,0.350562053
子图6,系列15,4.223484848,0.2321358645
子图6,系列15,4.242424242,0.1611129779
子图6,系列15,4.261363636,0.1419146395
子图6,系列15,4.28030303,0.1366258803
子图6,系列15,4.299242424,0.1171707828
子图6,系列15,4.318181818,0.09295101691
子图6,系列15,4.337121212,0.07671602197
子图6,系列15,4.356060606,0.09659418628
子图6,系列15,4.375,0.1781708379
子图6,系列15,4.393939394,0.3226313565
子图6,系列15,4.412878788,0.4967836931
子图6,系列15,4.431818182,0.6542325818
子图6,系列15,4.450757576,0.7838018697
子图6,系列15,4.46969697,0.8720620106
子图6,系列15,4.488636364,0.8638790462
子图6,系列15,4.507575758,0.7730434405
子图6,系列15,4.526515152,0.6716926915
子图6,系列15,4.545454545,0.6168920966
子图6,系列15,4.564393939,0.6005716426
子图6,系列15,4.583333333,0.5984730387
子图6,系列15,4.602272727,0.5780620749
子图6,系列15,4.621212121,0.524248981
子图6,系列15,4.640151515,0.4030434374
子图6,系列15,4.659090909,0.2445377487
子图6,系列15,4.678030303,0.1206894666
子图6,系列15,4.696969697,0.06003705991
子图6,系列15,4.715909091,0.05603050413
子图6,系列15,4.734848485,0.09033977809
子图6,系列15,4.753787879,0.1538889074
子图6,系列15,4.772727273,0.2418885915
子图6,系列15,4.791666667,0.3155044589
子图6,系列15,4.810606061,0.3377606108
子图6,系列15,4.829545455,0.3137791537
子图6,系列15,4.848484848,0.2478234465
子图6,系列15,4.867424242,0.1644804802
子图6,系列15,4.886363636,0.1293293254
子图6,系列15,4.90530303,0.1693631951
子图6,系列15,4.924242424,0.2645332938
子图6,系列15,4.943181818,0.3594337364
子图6,系列15,4.962121212,0.3929735879
子图6,系列15,4.981060606,0.3610995021
子图6,系列15,5,0.2916391642
子图6,系列15,5.018939394,0.2118517684
子图6,系列15,5.037878788,0.1640508778
子图6,系列15,5.056818182,0.1620497493
子图6,系列15,5.075757576,0.1780499102
子图6,系列15,5.09469697,0.1983607547
子图6,系列15,5.113636364,0.2019674662
子图6,系列15,5.132575758,0.1691664815
子图6,系列15,5.151515152,0.1268568813
子图6,系列15,5.170454545,0.1258288049
子图6,系列15,5.189393939,0.1702514351
子图6,系列15,5.208333333,0.1765779877
子图6,系列15,5.227272727,0.1537461917
子图6,系列15,5.246212121,0.1879633284
子图6,系列15,5.265151515,0.2512502135
子图6,系列15,5.284090909,0.2617945829
子图6,系列15,5.303030303,0.2529061809
子图6,系列15,5.321969697,0.2639390668
子图6,系列15,5.340909091,0.2467342206
子图6,系列15,5.359848485,0.1840498123
子图6,系列15,5.378787879,0.1139502807
子图6,系列15,5.397727273,0.1021777194
子图6,系列15,5.416666667,0.187387888
子图6,系列15,5.435606061,0.3154622423
子图6,系列15,5.454545455,0.3839921144
子图6,系列15,5.473484848,0.4118269338
子图6,系列15,5.492424242,0.4464771176
子图6,系列15,5.511363636,0.406332419
子图6,系列15,5.53030303,0.2861478853
子图6,系列15,5.549242424,0.2100838141
子图6,系列15,5.568181818,0.1855529458
子图6,系列15,5.587121212,0.1618987306
子图6,系列15,5.606060606,0.1553387462
子图6,系列15,5.625,0.1750119158
子图6,系列15,5.643939394,0.2021582755
子图6,系列15,5.662878788,0.2184409786
子图6,系列15,5.681818182,0.2016462968
子图6,系列15,5.700757576,0.1837282593
子图6,系列15,5.71969697,0.1624165979
子图6,系列15,5.738636364,0.1267193823
子图6,系列15,5.757575758,0.1051139319
子图6,系列15,5.776515152,0.1048558549
子图6,系列15,5.795454545,0.08334165056
子图6,系列15,5.814393939,0.05471878338
子图6,系列15,5.833333333,0.05322621251
子图6,系列15,5.852272727,0.09923096091
子图6,系列15,5.871212121,0.1985206981
子图6,系列15,5.890151515,0.352934538
子图6,系列15,5.909090909,0.5638028793
子图6,系列15,5.928030303,0.7440275858
子图6,系列15,5.946969697,0.7782861874
子图6,系列15,5.965909091,0.68187147
子图6,系列15,5.984848485,0.5263030095
子图6,系列15,6.003787879,0.347961522
子图6,系列15,6.022727273,0.2087221045
子图6,系列15,6.041666667,0.1515189096
子图6,系列15,6.060606061,0.1404799276
子图6,系列15,6.079545455,0.1295734755
子图6,系列15,6.098484848,0.09706191139
子图6,系列15,6.117424242,0.05297910757
子图6,系列15,6.136363636,0.03349837485
子图6,系列15,6.15530303,0.04111260154
子图6,系列15,6.174242424,0.05466651727
子图6,系列15,6.193181818,0.07109186148
子图6,系列15,6.212121212,0.09288814966
子图6,系列15,6.231060606,0.111535683
子图6,系列15,6.25,0.1197211779
子图6,系列15,6.268939394,0.1250347401
子图6,系列15,6.287878788,0.1198469086
子图6,系列15,6.306818182,0.09748890817
子图6,系列15,6.325757576,0.07269725567
子图6,系列15,6.34469697,0.05937224848
子图6,系列15,6.363636364,0.04085671878
子图6,系列15,6.382575758,0.05510676148
子图6,系列15,6.401515152,0.1243343033
子图6,系列15,6.420454545,0.2116527935
子图6,系列15,6.439393939,0.2971917497
子图6,系列15,6.458333333,0.3827926389
子图6,系列15,6.477272727,0.4009719192
子图6,系列15,6.496212121,0.3676545485
子图6,系列15,6.515151515,0.3738350748
子图6,系列15,6.534090909,0.392730568
子图6,系列15,6.553030303,0.3833480106
子图6,系列15,6.571969697,0.3721973441
子图6,系列15,6.590909091,0.3343941445
子图6,系列15,6.609848485,0.237738455
子图6,系列15,6.628787879,0.1349290366
子图6,系列15,6.647727273,0.0700224925
子图6,系列15,6.666666667,0.04541936124
子图6,系列15,6.685606061,0.04532299877
子图6,系列15,6.704545455,0.04163308358
子图6,系列15,6.723484848,0.02792846362
子图6,系列15,6.742424242,0.01702967567
子图6,系列15,6.761363636,0.01250410281
子图6,系列15,6.78030303,0.01520724189
子图6,系列15,6.799242424,0.01929181189
子图6,系列15,6.818181818,0.01897629401
子图6,系列15,6.837121212,0.02005240499
子图6,系列15,6.856060606,0.03003390207
子图6,系列15,6.875,0.04624452001
子图6,系列15,6.893939394,0.07329700685
子图6,系列15,6.912878788,0.127698317
子图6,系列15,6.931818182,0.18130107
子图6,系列15,6.950757576,0.1910807743
子图6,系列15,6.96969697,0.1713018562
子图6,系列15,6.988636364,0.1401328401
子图6,系列15,7.007575758,0.08814839308
子图6,系列15,7.026515152,0.03440270499
子图6,系列15,7.045454545,0.01060514125
子图6,系列15,7.064393939,0.008674833228
子图6,系列15,7.083333333,0.008653873807
子图6,系列15,7.102272727,0.009008508863
子图6,系列15,7.121212121,0.01802857231
子图6,系列15,7.140151515,0.03228786309
子图6,系列15,7.159090909,0.03729366784
子图6,系列15,7.178030303,0.0373519227
子图6,系列15,7.196969697,0.03688322356
子图6,系列15,7.215909091,0.02782762401
子图6,系列15,7.234848485,0.02310229212
子图6,系列15,7.253787879,0.04059703054
子图6,系列15,7.272727273,0.06397181747
子图6,系列15,7.291666667,0.08141692851
子图6,系列15,7.310606061,0.1062772813
子图6,系列15,7.329545455,0.1335232511
子图6,系列15,7.348484848,0.1504676657
子图6,系列15,7.367424242,0.1672860493
子图6,系列15,7.386363636,0.183611854
子图6,系列15,7.40530303,0.1865332898
子图6,系列15,7.424242424,0.1760898244
子图6,系列15,7.443181818,0.1513100204
子图6,系列15,7.462121212,0.1137824464
子图6,系列15,7.481060606,0.07797933459
子图6,系列15,7.5,0.05004517536
子图6,系列15,7.518939394,0.03547972933
子图6,系列15,7.537878788,0.04790363096
子图6,系列15,7.556818182,0.07332801193
子图6,系列15,7.575757576,0.08972766521
子图6,系列15,7.59469697,0.09287988594
子图6,系列15,7.613636364,0.08884859284
子图6,系列15,7.632575758,0.08088788873
子图6,系列15,7.651515152,0.07081437043
子图6,系列15,7.670454545,0.06419232715
子图6,系列15,7.689393939,0.06723676562
子图6,系列15,7.708333333,0.07134562713
子图6,系列15,7.727272727,0.0656131197
子图6,系列15,7.746212121,0.06377917893
子图6,系列15,7.765151515,0.07657256649
子图6,系列15,7.784090909,0.09530079112
子图6,系列15,7.803030303,0.1058761674
子图6,系列15,7.821969697,0.1061014546
子图6,系列15,7.840909091,0.09767397757
子图6,系列15,7.859848485,0.07953534511
子图6,系列15,7.878787879,0.0552353274
子图6,系列15,7.897727273,0.03956858441
子图6,系列15,7.916666667,0.04294004058
子图6,系列15,7.935606061,0.05769137822
子图6,系列15,7.954545455,0.06910966529
子图6,系列15,7.973484848,0.06811735971
子图6,系列15,7.992424242,0.06452412468
子图6,系列15,8.011363636,0.06277750159
子图6,系列15,8.03030303,0.0559607079
子图6,系列15,8.049242424,0.05501963361
子图6,系列15,8.068181818,0.07616842446
子图6,系列15,8.087121212,0.1012379462
子图6,系列15,8.106060606,0.1080064166
子图6,系列15,8.125,0.1135283127
子图6,系列15,8.143939394,0.1267041784
子图6,系列15,8.162878788,0.1389434929
子图6,系列15,8.181818182,0.1618249831
子图6,系列15,8.200757576,0.2235369134
子图6,系列15,8.21969697,0.2907405388
子图6,系列15,8.238636364,0.3121294085
子图6,系列15,8.257575758,0.2947939198
子图6,系列15,8.276515152,0.2475517248
子图6,系列15,8.295454545,0.1632341862
子图6,系列15,8.314393939,0.07748216112
子图6,系列15,8.333333333,0.03386766053
子图6,系列15,8.352272727,0.01935248088
子图6,系列15,8.371212121,0.01672784982
子图6,系列15,8.390151515,0.01879940521
子图6,系列15,8.409090909,0.01812496447
子图6,系列15,8.428030303,0.0186609702
子图6,系列15,8.446969697,0.0438663568
子图6,系列15,8.465909091,0.1047617896
子图6,系列15,8.484848485,0.1735091689
子图6,系列15,8.503787879,0.2290766239
子图6,系列15,8.522727273,0.265407526
子图6,系列15,8.541666667,0.2709707526
子图6,系列15,8.560606061,0.2447880854
子图6,系列15,8.579545455,0.2146310277
子图6,系列15,8.598484848,0.1960431819
子图6,系列15,8.617424242,0.1784054271
子图6,系列15,8.636363636,0.1567131975
子图6,系列15,8.65530303,0.1369561629
子图6,系列15,8.674242424,0.1136460516
子图6,系列15,8.693181818,0.09295886909
子图6,系列15,8.712121212,0.1116620812
子图6,系列15,8.731060606,0.162355014
子图6,系列15,8.75,0.2037274977
子图6,系列15,8.768939394,0.2317965961
子图6,系列15,8.787878788,0.2565975569
子图6,系列15,8.806818182,0.2612736982
子图6,系列15,8.825757576,0.2503961408
子图6,系列15,8.84469697,0.2504133761
子图6,系列15,8.863636364,0.2578262509
子图6,系列15,8.882575758,0.2453783681
子图6,系列15,8.901515152,0.2105722476
子图6,系列15,8.920454545,0.1651487524
子图6,系列15,8.939393939,0.1140348451
子图6,系列15,8.958333333,0.07031563332
子图6,系列15,8.977272727,0.05002729233
子图6,系列15,8.996212121,0.0467454931
子图6,系列15,9.015151515,0.04673400019
子图6,系列15,9.034090909,0.04318653775
子图6,系列15,9.053030303,0.03896059164
子图6,系列15,9.071969697,0.04150218895
子图6,系列15,9.090909091,0.05784884223
子图6,系列15,9.109848485,0.08689583864
子图6,系列15,9.128787879,0.1185731189
子图6,系列15,9.147727273,0.1384480977
子图6,系列15,9.166666667,0.1393803641
子图6,系列15,9.185606061,0.1229571042
子图6,系列15,9.204545455,0.0965005836
子图6,系列15,9.223484848,0.07162766098
子图6,系列15,9.242424242,0.06124922104
子图6,系列15,9.261363636,0.06205793069
子图6,系列15,9.28030303,0.05904345708
子图6,系列15,9.299242424,0.04915500562
子图6,系列15,9.318181818,0.03921657557
子图6,系列15,9.337121212,0.03108736584
子图6,系列15,9.356060606,0.02656443681
子图6,系列15,9.375,0.02861461155
子图6,系列15,9.393939394,0.03362096394
子图6,系列15,9.412878788,0.0352940298
子图6,系列15,9.431818182,0.02958171291
子图6,系列15,9.450757576,0.01893651951
子图6,系列15,9.46969697,0.00947566073
子图6,系列15,9.488636364,0.0051226769
子图6,系列15,9.507575758,0.005349459406
子图6,系列15,9.526515152,0.007545177736
子图6,系列15,9.545454545,0.01051014581
子图6,系列15,9.564393939,0.0155562979
子图6,系列15,9.583333333,0.02323181584
子图6,系列15,9.602272727,0.03317256064
子图6,系列15,9.621212121,0.04340481956
子图6,系列15,9.640151515,0.05207922478
子图6,系列15,9.659090909,0.06050156391
子图6,系列15,9.678030303,0.07202418443
子图6,系列15,9.696969697,0.08937270386
子图6,系列15,9.715909091,0.1130018802
子图6,系列15,9.734848485,0.1372800999
子图6,系列15,9.753787879,0.1566833119
子图6,系列15,9.772727273,0.1684611324
子图6,系列15,9.791666667,0.1705536178
子图6,系列15,9.810606061,0.1658733904
子图6,系列15,9.829545455,0.1568864918
子图6,系列15,9.848484848,0.1419557762
子图6,系列15,9.867424242,0.1191602135
子图6,系列15,9.886363636,0.09031778266
子图6,系列15,9.90530303,0.05917976304
子图6,系列15,9.924242424,0.03278835075
子图6,系列15,9.943181818,0.01515718006
子图6,系列15,9.962121212,0.005423132976
子图6,系列15,9.981060606,0.00205059816
子图6,系列16 下界,0.5113636364,0
子图6,系列16 上界,0.5113636364,0.1486073211
子图6,系列16 上界,0.5303030303,0.1760871694
子图6,系列16 上界,0.5492424242,0.2189806087
子图6,系列16 上界,0.5681818182,0.2317865988
子图6,系列16 上界,0.5871212121,0.3259031421
子图6,系列16 上界,0.6060606061,0.4043592215
子图6,系列16 上界,0.625,0.4387409053
子图6,系列16 上界,0.6439393939,0.4533660817
子图6,系列16 上界,0.6628787879,0.4347315871
子图6,系列16 上界,0.6818181818,0.4083994128
子图6,系列16 上界,0.7007575758,0.4324056472
子图6,系列16 上界,0.7196969697,0.4974567345
子图6,系列16 上界,0.7386363636,0.5939969555
子图6,系列16 上界,0.7575757576,0.738058382
子图6,系列16 上界,0.7765151515,0.8596481277
子图6,系列16 上界,0.7954545455,0.8907646343
子图6,系列16 上界,0.8143939394,0.8695915611
子图6,系列16 上界,0.8333333333,0.8008346583
子图6,系列16 上界,0.8522727273,0.662349844
子图6,系列16 上界,0.8712121212,0.520242696
子图6,系列16 上界,0.8901515152,0.4436518973
子图6,系列16 上界,0.9090909091,0.4031607779
子图6,系列16 上界,0.928030303,0.3523805916
子图6,系列16 上界,0.946969697,0.2923562823
子图6,系列16 上界,0.9659090909,0.2371459534
子图6,系列16 上界,0.9848484848,0.214765692
子图6,系列16 上界,1.003787879,0.2214163586
子图6,系列16 上界,1.022727273,0.2710660135
子图6,系列16 上界,1.041666667,0.3689234135
子图6,系列16 上界,1.060606061,0.5270974854
子图6,系列16 上界,1.079545455,0.7357056765
子图6,系列16 上界,1.098484848,0.9125750995
子图6,系列16 上界,1.117424242,0.9966006278
子图6,系列16 上界,1.136363636,1
子图6,系列16 上界,1.15530303,0.8954537331
子图6,系列16 上界,1.174242424,0.6898747115
子图6,系列16 上界,1.193181818,0.5029382847
子图6,系列16 上界,1.212121212,0.3920733781
子图6,系列16 上界,1.231060606,0.3222015763
子图6,系列16 上界,1.25,0.2734574695
子图6,系列16 上界,1.268939394,0.2314813385
子图6,系列16 上界,1.287878788,0.1922332196
子图6,系列16 上界,1.306818182,0.1586942335
子图6,系列16 上界,1.325757576,0.1200591533
子图6,系列16 上界,1.34469697,0.108227296
子图6,系列16 上界,1.363636364,0.1341615901
子图6,系列16 上界,1.382575758,0.1632568308
子图6,系列16 上界,1.401515152,0.1850567662
子图6,系列16 上界,1.420454545,0.2094657844
子图6,系列16 上界,1.439393939,0.2203877494
子图6,系列16 上界,1.458333333,0.2180216312
子图6,系列16 上界,1.477272727,0.2241990674
子图6,系列16 上界,1.496212121,0.2384688915
子图6,系列16 上界,1.515151515,0.2711933593
子图6,系列16 上界,1.534090909,0.3196761756
子图6,系列16 上界,1.553030303,0.3679065423
子图6,系列16 上界,1.571969697,0.4107413617
子图6,系列16 上界,1.590909091,0.4529084096
子图6,系列16 上界,1.609848485,0.4911594879
子图6,系列16 上界,1.628787879,0.5105584394
子图6,系列16 上界,1.647727273,0.5091409537
子图6,系列16 上界,1.666666667,0.4903571552
子图6,系列16 上界,1.685606061,0.4597263347
子图6,系列16 上界,1.704545455,0.4304908597
子图6,系列16 上界,1.723484848,0.4174006536
子图6,系列16 上界,1.742424242,0.4214786788
子图6,系列16 上界,1.761363636,0.4307954185
子图6,系列16 上界,1.78030303,0.4201269507
子图6,系列16 上界,1.799242424,0.3611398741
子图6,系列16 上界,1.818181818,0.2858320959
子图6,系列16 上界,1.837121212,0.2685640565
子图6,系列16 上界,1.856060606,0.3282690834
子图6,系列16 上界,1.875,0.4129546389
子图6,系列16 上界,1.893939394,0.4892213471
子图6,系列16 上界,1.912878788,0.5326125437
子图6,系列16 上界,1.931818182,0.5038545873
子图6,系列16 上界,1.950757576,0.4141371524
子图6,系列16 上界,1.96969697,0.3318325171
子图6,系列16 上界,1.988636364,0.2853475494
子图6,系列16 上界,2.007575758,0.2550900979
子图6,系列16 上界,2.026515152,0.2413632752
子图6,系列16 上界,2.045454545,0.2789254286
子图6,系列16 上界,2.064393939,0.3662384156
子图6,系列16 上界,2.083333333,0.4587651718
子图6,系列16 上界,2.102272727,0.5244678974
子图6,系列16 上界,2.121212121,0.5403958961
子图6,系列16 上界,2.140151515,0.4759016232
子图6,系列16 上界,2.159090909,0.3660037912
子图6,系列16 上界,2.178030303,0.2785407006
子图6,系列16 上界,2.196969697,0.2277157889
子图6,系列16 上界,2.215909091,0.1910511931
子图6,系列16 上界,2.234848485,0.1592463959
子图6,系列16 上界,2.253787879,0.1358266272
子图6,系列16 上界,2.272727273,0.1202615274
子图6,系列16 上界,2.291666667,0.1067436099
子图6,系列16 上界,2.310606061,0.108126468
子图6,系列16 上界,2.329545455,0.1211529336
子图6,系列16 上界,2.348484848,0.1140352038
子图6,系列16 上界,2.367424242,0.1233304481
子图6,系列16 上界,2.386363636,0.238438359
子图6,系列16 上界,2.40530303,0.4271782225
子图6,系列16 上界,2.424242424,0.5826747488
子图6,系列16 上界,2.443181818,0.6689556184
子图6,系列16 上界,2.462121212,0.7056027285
子图6,系列16 上界,2.481060606,0.6600743116
子图6,系列16 上界,2.5,0.5476195362
子图6,系列16 上界,2.518939394,0.4457172588
子图6,系列16 上界,2.537878788,0.3952071934
子图6,系列16 上界,2.556818182,0.3393663868
子图6,系列16 上界,2.575757576,0.2542960203
子图6,系列16 上界,2.59469697,0.1613544325
子图6,系列16 上界,2.613636364,0.09500314846
子图6,系列16 上界,2.632575758,0.06580757733
子图6,系列16 上界,2.651515152,0.06367703004
子图6,系列16 上界,2.670454545,0.0858253315
子图6,系列16 上界,2.689393939,0.1341451538
子图6,系列16 上界,2.708333333,0.1949881745
子图6,系列16 上界,2.727272727,0.2465736424
子图6,系列16 上界,2.746212121,0.2749461172
子图6,系列16 上界,2.765151515,0.2755986673
子图6,系列16 上界,2.784090909,0.2520265886
子图6,系列16 上界,2.803030303,0.2232643635
子图6,系列16 上界,2.821969697,0.2057804829
子图6,系列16 上界,2.840909091,0.1769628191
子图6,系列16 上界,2.859848485,0.1546961727
子图6,系列16 上界,2.878787879,0.1574554776
子图6,系列16 上界,2.897727273,0.150079722
子图6,系列16 上界,2.916666667,0.1229370695
子图6,系列16 上界,2.935606061,0.1252442354
子图6,系列16 上界,2.954545455,0.1391916202
子图6,系列16 上界,2.973484848,0.1441481263
子图6,系列16 上界,2.992424242,0.1590875508
子图6,系列17 下界,3.011363636,0
子图6,系列17 上界,3.011363636,0.1855264409
子图6,系列17 上界,3.03030303,0.2286408297
子图6,系列17 上界,3.049242424,0.2971561632
子图6,系列17 上界,3.068181818,0.3545400887
子图6,系列17 上界,3.087121212,0.3806327155
子图6,系列17 上界,3.106060606,0.4055266223
子图6,系列17 上界,3.125,0.4185551948
子图6,系列17 上界,3.143939394,0.3958848802
子图6,系列17 上界,3.162878788,0.3707092198
子图6,系列17 上界,3.181818182,0.3549067443
子图6,系列17 上界,3.200757576,0.3062119973
子图6,系列17 上界,3.21969697,0.2320243115
子图6,系列17 上界,3.238636364,0.1685187471
子图6,系列17 上界,3.257575758,0.1174294478
子图6,系列17 上界,3.276515152,0.0868385283
子图6,系列17 上界,3.295454545,0.098175055
子图6,系列17 上界,3.314393939,0.1276695263
子图6,系列17 上界,3.333333333,0.1402246886
子图6,系列17 上界,3.352272727,0.1549569969
子图6,系列17 上界,3.371212121,0.1911320161
子图6,系列17 上界,3.390151515,0.24268136
子图6,系列17 上界,3.409090909,0.3181303501
子图6,系列17 上界,3.428030303,0.3923406519
子图6,系列17 上界,3.446969697,0.4177760422
子图6,系列17 上界,3.465909091,0.4154941371
子图6,系列17 上界,3.484848485,0.419561346
子图6,系列17 上界,3.503787879,0.4061786889
子图6,系列17 上界,3.522727273,0.3777957146
子图6,系列17 上界,3.541666667,0.3656835014
子图6,系列17 上界,3.560606061,0.351861476
子图6,系列17 上界,3.579545455,0.2907807355
子图6,系列17 上界,3.598484848,0.206403607
子图6,系列17 上界,3.617424242,0.14206934
子图6,系列17 上界,3.636363636,0.1070530993
子图6,系列17 上界,3.65530303,0.08560861399
子图6,系列17 上界,3.674242424,0.07809894359
子图6,系列17 上界,3.693181818,0.09348099798
子图6,系列17 上界,3.712121212,0.1171978499
子图6,系列17 上界,3.731060606,0.1151622897
子图6,系列17 上界,3.75,0.09823137906
子图6,系列17 上界,3.768939394,0.08254471889
子图6,系列17 上界,3.787878788,0.05527696999
子图6,系列17 上界,3.806818182,0.02980954094
子图6,系列17 上界,3.825757576,0.03282325588
子图6,系列17 上界,3.84469697,0.0356180583
子图6,系列17 上界,3.863636364,0.0274276004
子图6,系列17 上界,3.882575758,0.03081926912
子图6,系列17 上界,3.901515152,0.07297452485
子图6,系列17 上界,3.920454545,0.1329642186
子图6,系列17 上界,3.939393939,0.2132512138
子图6,系列17 上界,3.958333333,0.3698790733
子图6,系列17 上界,3.977272727,0.5528064235
子图6,系列17 上界,3.996212121,0.5981036136
子图6,系列17 上界,4.015151515,0.5505036639
子图6,系列17 上界,4.034090909,0.5259465164
子图6,系列17 上界,4.053030303,0.5091053837
子图6,系列17 上界,4.071969697,0.5196432599
子图6,系列17 上界,4.090909091,0.6374639522
子图6,系列17 上界,4.109848485,0.7965452687
子图6,系列17 上界,4.128787879,0.8790985241
子图6,系列17 上界,4.147727273,0.8416397281
子图6,系列17 上界,4.166666667,0.694128628
子图6,系列17 上界,4.185606061,0.5098282625
子图6,系列17 上界,4.204545455,0.350562053
子图6,系列17 上界,4.223484848,0.2321358645
子图6,系列17 上界,4.242424242,0.1611129779
子图6,系列17 上界,4.261363636,0.1419146395
子图6,系列17 上界,4.28030303,0.1366258803
子图6,系列17 上界,4.299242424,0.1171707828
子图6,系列17 上界,4.318181818,0.09295101691
子图6,系列17 上界,4.337121212,0.07671602197
子图6,系列17 上界,4.356060606,0.09659418628
子图6,系列17 上界,4.375,0.1781708379
子图6,系列17 上界,4.393939394,0.3226313565
子图6,系列17 上界,4.412878788,0.4967836931
子图6,系列17 上界,4.431818182,0.6542325818
子图6,系列17 上界,4.450757576,0.7838018697
子图6,系列17 上界,4.46969697,0.8720620106
子图6,系列17 上界,4.488636364,0.8638790462
子图6,系列17 上界,4.507575758,0.7730434405
子图6,系列17 上界,4.526515152,0.6716926915
子图6,系列17 上界,4.545454545,0.6168920966
子图6,系列17 上界,4.564393939,0.6005716426
子图6,系列17 上界,4.583333333,0.5984730387
子图6,系列17 上界,4.602272727,0.5780620749
子图6,系列17 上界,4.621212121,0.524248981
子图6,系列17 上界,4.640151515,0.4030434374
子图6,系列17 上界,4.659090909,0.2445377487
子图6,系列17 上界,4.678030303,0.1206894666
子图6,系列17 上界,4.696969697,0.06003705991
子图6,系列17 上界,4.715909091,0.05603050413
子图6,系列17 上界,4.734848485,0.09033977809
子图6,系列17 上界,4.753787879,0.1538889074
子图6,系列17 上界,4.772727273,0.2418885915
子图6,系列17 上界,4.791666667,0.3155044589
子图6,系列17 上界,4.810606061,0.3377606108
子图6,系列17 上界,4.829545455,0.3137791537
子图6,系列17 上界,4.848484848,0.2478234465
子图6,系列17 上界,4.867424242,0.1644804802
子图6,系列17 上界,4.886363636,0.1293293254
子图6,系列17 上界,4.90530303,0.1693631951
子图6,系列17 上界,4.924242424,0.2645332938
子图6,系列17 上界,4.943181818,0.3594337364
子图6,系列17 上界,4.962121212,0.3929735879
子图6,系列17 上界,4.981060606,0.3610995021
子图6,系列17 上界,5,0.2916391642
子图6,系列17 上界,5.018939394,0.2118517684
子图6,系列17 上界,5.037878788,0.1640508778
子图6,系列17 上界,5.056818182,0.1620497493
子图6,系列17 上界,5.075757576,0.1780499102
子图6,系列17 上界,5.09469697,0.1983607547
子图6,系列17 上界,5.113636364,0.2019674662
子图6,系列17 上界,5.132575758,0.1691664815
子图6,系列17 上界,5.151515152,0.1268568813
子图6,系列17 上界,5.170454545,0.1258288049
子图6,系列17 上界,5.189393939,0.1702514351
子图6,系列17 上界,5.208333333,0.1765779877
子图6,系列17 上界,5.227272727,0.1537461917
子图6,系列17 上界,5.246212121,0.1879633284
子图6,系列17 上界,5.265151515,0.2512502135
子图6,系列17 上界,5.284090909,0.2617945829
子图6,系列17 上界,5.303030303,0.2529061809
子图6,系列17 上界,5.321969697,0.2639390668
子图6,系列17 上界,5.340909091,0.2467342206
子图6,系列17 上界,5.359848485,0.1840498123
子图6,系列17 上界,5.378787879,0.1139502807
子图6,系列17 上界,5.397727273,0.1021777194
子图6,系列17 上界,5.416666667,0.187387888
子图6,系列17 上界,5.435606061,0.3154622423
子图6,系列17 上界,5.454545455,0.3839921144
子图6,系列17 上界,5.473484848,0.4118269338
子图6,系列17 上界,5.492424242,0.4464771176
子图6,系列17 上界,5.511363636,0.406332419
子图6,系列17 上界,5.53030303,0.2861478853
子图6,系列17 上界,5.549242424,0.2100838141
子图6,系列17 上界,5.568181818,0.1855529458
子图6,系列17 上界,5.587121212,0.1618987306
子图6,系列17 上界,5.606060606,0.1553387462
子图6,系列17 上界,5.625,0.1750119158
子图6,系列17 上界,5.643939394,0.2021582755
子图6,系列17 上界,5.662878788,0.2184409786
子图6,系列17 上界,5.681818182,0.2016462968
子图6,系列17 上界,5.700757576,0.1837282593
子图6,系列17 上界,5.71969697,0.1624165979
子图6,系列17 上界,5.738636364,0.1267193823
子图6,系列17 上界,5.757575758,0.1051139319
子图6,系列17 上界,5.776515152,0.1048558549
子图6,系列17 上界,5.795454545,0.08334165056
子图6,系列17 上界,5.814393939,0.05471878338
子图6,系列17 上界,5.833333333,0.05322621251
子图6,系列17 上界,5.852272727,0.09923096091
子图6,系列17 上界,5.871212121,0.1985206981
子图6,系列17 上界,5.890151515,0.352934538
子图6,系列17 上界,5.909090909,0.5638028793
子图6,系列17 上界,5.928030303,0.7440275858
子图6,系列17 上界,5.946969697,0.7782861874
子图6,系列17 上界,5.965909091,0.68187147
子图6,系列17 上界,5.984848485,0.5263030095
子图6,系列18 下界,6.003787879,0
子图6,系列18 上界,6.003787879,0.347961522
子图6,系列18 上界,6.022727273,0.2087221045
子图6,系列18 上界,6.041666667,0.1515189096
子图6,系列18 上界,6.060606061,0.1404799276
子图6,系列18 上界,6.079545455,0.1295734755
子图6,系列18 上界,6.098484848,0.09706191139
子图6,系列18 上界,6.117424242,0.05297910757
子图6,系列18 上界,6.136363636,0.03349837485
子图6,系列18 上界,6.15530303,0.04111260154
子图6,系列18 上界,6.174242424,0.05466651727
子图6,系列18 上界,6.193181818,0.07109186148
子图6,系列18 上界,6.212121212,0.09288814966
子图6,系列18 上界,6.231060606,0.111535683
子图6,系列18 上界,6.25,0.1197211779
子图6,系列18 上界,6.268939394,0.1250347401
子图6,系列18 上界,6.287878788,0.1198469086
子图6,系列18 上界,6.306818182,0.09748890817
子图6,系列18 上界,6.325757576,0.07269725567
子图6,系列18 上界,6.34469697,0.05937224848
子图6,系列18 上界,6.363636364,0.04085671878
子图6,系列18 上界,6.382575758,0.05510676148
子图6,系列18 上界,6.401515152,0.1243343033
子图6,系列18 上界,6.420454545,0.2116527935
子图6,系列18 上界,6.439393939,0.2971917497
子图6,系列18 上界,6.458333333,0.3827926389
子图6,系列18 上界,6.477272727,0.4009719192
子图6,系列18 上界,6.496212121,0.3676545485
子图6,系列18 上界,6.515151515,0.3738350748
子图6,系列18 上界,6.534090909,0.392730568
子图6,系列18 上界,6.553030303,0.3833480106
子图6,系列18 上界,6.571969697,0.3721973441
子图6,系列18 上界,6.590909091,0.3343941445
子图6,系列18 上界,6.609848485,0.237738455
子图6,系列18 上界,6.628787879,0.1349290366
子图6,系列18 上界,6.647727273,0.0700224925
子图6,系列18 上界,6.666666667,0.04541936124
子图6,系列18 上界,6.685606061,0.04532299877
子图6,系列18 上界,6.704545455,0.04163308358
子图6,系列18 上界,6.723484848,0.02792846362
子图6,系列18 上界,6.742424242,0.01702967567
子图6,系列18 上界,6.761363636,0.01250410281
子图6,系列18 上界,6.78030303,0.01520724189
子图6,系列18 上界,6.799242424,0.01929181189
子图6,系列18 上界,6.818181818,0.01897629401
子图6,系列18 上界,6.837121212,0.02005240499
子图6,系列18 上界,6.856060606,0.03003390207
子图6,系列18 上界,6.875,0.04624452001
子图6,系列18 上界,6.893939394,0.07329700685
子图6,系列18 上界,6.912878788,0.127698317
子图6,系列18 上界,6.931818182,0.18130107
子图6,系列18 上界,6.950757576,0.1910807743
子图6,系列18 上界,6.96969697,0.1713018562
子图6,系列18 上界,6.988636364,0.1401328401
子图6,系列18 上界,7.007575758,0.08814839308
子图6,系列18 上界,7.026515152,0.03440270499
子图6,系列18 上界,7.045454545,0.01060514125
子图6,系列18 上界,7.064393939,0.008674833228
子图6,系列18 上界,7.083333333,0.008653873807
子图6,系列18 上界,7.102272727,0.009008508863
子图6,系列18 上界,7.121212121,0.01802857231
子图6,系列18 上界,7.140151515,0.03228786309
子图6,系列18 上界,7.159090909,0.03729366784
子图6,系列18 上界,7.178030303,0.0373519227
子图6,系列18 上界,7.196969697,0.03688322356
子图6,系列18 上界,7.215909091,0.02782762401
子图6,系列18 上界,7.234848485,0.02310229212
子图6,系列18 上界,7.253787879,0.04059703054
子图6,系列18 上界,7.272727273,0.06397181747
子图6,系列18 上界,7.291666667,0.08141692851
子图6,系列18 上界,7.310606061,0.1062772813
子图6,系列18 上界,7.329545455,0.1335232511
子图6,系列18 上界,7.348484848,0.1504676657
子图6,系列18 上界,7.367424242,0.1672860493
子图6,系列18 上界,7.386363636,0.183611854
子图6,系列18 上界,7.40530303,0.1865332898
子图6,系列18 上界,7.424242424,0.1760898244
子图6,系列18 上界,7.443181818,0.1513100204
子图6,系列18 上界,7.462121212,0.1137824464
子图6,系列18 上界,7.481060606,0.07797933459
子图6,系列18 上界,7.5,0.05004517536
子图6,系列18 上界,7.518939394,0.03547972933
子图6,系列18 上界,7.537878788,0.04790363096
子图6,系列18 上界,7.556818182,0.07332801193
子图6,系列18 上界,7.575757576,0.08972766521
子图6,系列18 上界,7.59469697,0.09287988594
子图6,系列18 上界,7.613636364,0.08884859284
子图6,系列18 上界,7.632575758,0.08088788873
子图6,系列18 上界,7.651515152,0.07081437043
子图6,系列18 上界,7.670454545,0.06419232715
子图6,系列18 上界,7.689393939,0.06723676562
子图6,系列18 上界,7.708333333,0.07134562713
子图6,系列18 上界,7.727272727,0.0656131197
子图6,系列18 上界,7.746212121,0.06377917893
子图6,系列18 上界,7.765151515,0.07657256649
子图6,系列18 上界,7.784090909,0.09530079112
子图6,系列18 上界,7.803030303,0.1058761674
子图6,系列18 上界,7.821969697,0.1061014546
子图6,系列18 上界,7.840909091,0.09767397757
子图6,系列18 上界,7.859848485,0.07953534511
子图6,系列18 上界,7.878787879,0.0552353274
子图6,系列18 上界,7.897727273,0.03956858441
子图6,系列18 上界,7.916666667,0.04294004058
子图6,系列18 上界,7.935606061,0.05769137822
子图6,系列18 上界,7.954545455,0.06910966529
子图6,系列18 上界,7.973484848,0.06811735971
子图6,系列18 上界,7.992424242,0.06452412468
子图6,系列18 上界,8.011363636,0.06277750159
子图6,系列18 上界,8.03030303,0.0559607079
子图6,系列18 上界,8.049242424,0.05501963361
子图6,系列18 上界,8.068181818,0.07616842446
子图6,系列18 上界,8.087121212,0.1012379462
子图6,系列18 上界,8.106060606,0.1080064166
子图6,系列18 上界,8.125,0.1135283127
子图6,系列18 上界,8.143939394,0.1267041784
子图6,系列18 上界,8.162878788,0.1389434929
子图6,系列18 上界,8.181818182,0.1618249831
子图6,系列18 上界,8.200757576,0.2235369134
子图6,系列18 上界,8.21969697,0.2907405388
子图6,系列18 上界,8.238636364,0.3121294085
子图6,系列18 上界,8.257575758,0.2947939198
子图6,系列18 上界,8.276515152,0.2475517248
子图6,系列18 上界,8.295454545,0.1632341862
子图6,系列18 上界,8.314393939,0.07748216112
子图6,系列18 上界,8.333333333,0.03386766053
子图6,系列18 上界,8.352272727,0.01935248088
子图6,系列18 上界,8.371212121,0.01672784982
子图6,系列18 上界,8.390151515,0.01879940521
子图6,系列18 上界,8.409090909,0.01812496447
子图6,系列18 上界,8.428030303,0.0186609702
子图6,系列18 上界,8.446969697,0.0438663568
子图6,系列18 上界,8.465909091,0.1047617896
子图6,系列18 上界,8.484848485,0.1735091689
子图6,系列18 上界,8.503787879,0.2290766239
子图6,系列18 上界,8.522727273,0.265407526
子图6,系列18 上界,8.541666667,0.2709707526
子图6,系列18 上界,8.560606061,0.2447880854
子图6,系列18 上界,8.579545455,0.2146310277
子图6,系列18 上界,8.598484848,0.1960431819
子图6,系列18 上界,8.617424242,0.1784054271
子图6,系列18 上界,8.636363636,0.1567131975
子图6,系列18 上界,8.65530303,0.1369561629
子图6,系列18 上界,8.674242424,0.1136460516
子图6,系列18 上界,8.693181818,0.09295886909
子图6,系列18 上界,8.712121212,0.1116620812
子图6,系列18 上界,8.731060606,0.162355014
子图6,系列18 上界,8.75,0.2037274977
子图6,系列18 上界,8.768939394,0.2317965961
子图6,系列18 上界,8.787878788,0.2565975569
子图6,系列18 上界,8.806818182,0.2612736982
子图6,系列18 上界,8.825757576,0.2503961408
子图6,系列18 上界,8.84469697,0.2504133761
子图6,系列18 上界,8.863636364,0.2578262509
子图6,系列18 上界,8.882575758,0.2453783681
子图6,系列18 上界,8.901515152,0.2105722476
子图6,系列18 上界,8.920454545,0.1651487524
子图6,系列18 上界,8.939393939,0.1140348451
子图6,系列18 上界,8.958333333,0.07031563332
子图6,系列18 上界,8.977272727,0.05002729233
子图6,系列18 上界,8.996212121,0.0467454931
子图6,系列18 上界,9.015151515,0.04673400019
子图6,系列18 上界,9.034090909,0.04318653775
子图6,系列18 上界,9.053030303,0.03896059164
子图6,系列18 上界,9.071969697,0.04150218895
子图6,系列18 上界,9.090909091,0.05784884223
子图6,系列18 上界,9.109848485,0.08689583864
子图6,系列18 上界,9.128787879,0.1185731189
子图6,系列18 上界,9.147727273,0.1384480977
子图6,系列18 上界,9.166666667,0.1393803641
子图6,系列18 上界,9.185606061,0.1229571042
子图6,系列18 上界,9.204545455,0.0965005836
子图6,系列18 上界,9.223484848,0.07162766098
子图6,系列18 上界,9.242424242,0.06124922104
子图6,系列18 上界,9.261363636,0.06205793069
子图6,系列18 上界,9.28030303,0.05904345708
子图6,系列18 上界,9.299242424,0.04915500562
子图6,系列18 上界,9.318181818,0.03921657557
子图6,系列18 上界,9.337121212,0.03108736584
子图6,系列18 上界,9.356060606,0.02656443681
子图6,系列18 上界,9.375,0.02861461155
子图6,系列18 上界,9.393939394,0.03362096394
子图6,系列18 上界,9.412878788,0.0352940298
子图6,系列18 上界,9.431818182,0.02958171291
子图6,系列18 上界,9.450757576,0.01893651951
子图6,系列18 上界,9.46969697,0.00947566073
子图6,系列18 上界,9.488636364,0.0051226769
子图6,系列18 上界,9.507575758,0.005349459406
子图6,系列18 上界,9.526515152,0.007545177736
子图6,系列18 上界,9.545454545,0.01051014581
子图6,系列18 上界,9.564393939,0.0155562979
子图6,系列18 上界,9.583333333,0.02323181584
子图6,系列18 上界,9.602272727,0.03317256064
子图6,系列18 上界,9.621212121,0.04340481956
子图6,系列18 上界,9.640151515,0.05207922478
子图6,系列18 上界,9.659090909,0.06050156391
子图6,系列18 上界,9.678030303,0.07202418443
子图6,系列18 上界,9.696969697,0.08937270386
子图6,系列18 上界,9.715909091,0.1130018802
子图6,系列18 上界,9.734848485,0.1372800999
子图6,系列18 上界,9.753787879,0.1566833119
子图6,系列18 上界,9.772727273,0.1684611324
子图6,系列18 上界,9.791666667,0.1705536178
子图6,系列18 上界,9.810606061,0.1658733904
子图6,系列18 上界,9.829545455,0.1568864918
子图6,系列18 上界,9.848484848,0.1419557762
子图6,系列18 上界,9.867424242,0.1191602135
子图6,系列18 上界,9.886363636,0.09031778266
子图6,系列18 上界,9.90530303,0.05917976304
子图6,系列18 上界,9.924242424,0.03278835075
子图6,系列18 上界,9.943181818,0.01515718006
子图6,系列18 上界,9.962121212,0.005423132976
子图6,系列18 上界,9.981060606,0.00205059816
