子图4 热图矩阵（行=y，列=x）,-4,-3.95,-3.9,-3.85,-3.8,-3.75,-3.7,-3.65,-3.6,-3.55,-3.5,-3.45,-3.4,-3.35,-3.3,-3.25,-3.2,-3.15,-3.1,-3.05,-3,-2.95,-2.9,-2.85,-2.8,-2.75,-2.7,-2.65,-2.6,-2.55,-2.5,-2.45,-2.4,-2.35,-2.3,-2.25,-2.2,-2.15,-2.1,-2.05,-2,-1.95,-1.9,-1.85,-1.8,-1.75,-1.7,-1.65,-1.6,-1.55,-1.5,-1.45,-1.4,-1.35,-1.3,-1.25,-1.2,-1.15,-1.1,-1.05,-1,-0.95,-0.9,-0.85,-0.8,-0.75,-0.7,-0.65,-0.6,-0.55,-0.5,-0.45,-0.4,-0.35,-0.3,-0.25,-0.2,-0.15,-0.1,-0.05,0,0.05,0.1,0.15,0.2,0.25,0.3,0.35,0.4,0.45,0.5,0.55,0.6,0.65,0.7,0.75,0.8,0.85,0.9,0.95,1,1.05,1.1,1.15,1.2,1.25,1.3,1.35,1.4,1.45,1.5,1.55,1.6,1.65,1.7,1.75,1.8,1.85,1.9,1.95,2,2.05,2.1,2.15,2.2,2.25,2.3,2.35,2.4,2.45,2.5,2.55,2.6,2.65,2.7,2.75,2.8,2.85,2.9,2.95,3,3.05,3.1,3.15,3.2,3.25,3.3,3.35,3.4,3.45,3.5,3.55,3.6,3.65,3.7,3.75,3.8,3.85,3.9,3.95,4
0.5,0.02482148364,0.02469861942,0.02454977397,0.0243979242,0.02425711643,0.02408770415,0.02392958469,0.02376615846,0.02358716385,0.02342039297,0.02323808048,0.02305264472,0.02287124233,0.02267238246,0.0224774124,0.02227705866,0.02206734686,0.02185935831,0.02164177167,0.02142051179,0.02119542173,0.02096261705,0.02072570644,0.02048248743,0.02023634551,0.01997999403,0.01972052673,0.01945626722,0.01918107436,0.01890690287,0.01862177351,0.01833017957,0.01804072025,0.01773294567,0.0174275684,0.01711737654,0.01679270274,0.01647632312,0.01614609997,0.01581147755,0.01548352033,0.01513610496,0.01479655763,0.0144558621,0.01410121768,0.01376544283,0.01341761195,0.01307138691,0.01274197241,0.01239717125,0.01207217402,0.01175392899,0.01143375161,0.01114336008,0.01085533591,0.01058327619,0.01033864452,0.01010319207,0.009900780336,0.009724381147,0.00956673723,0.009461113769,0.009380799442,0.009338774238,0.009347397364,0.009393102004,0.009495560324,0.009649147371,0.009839852661,0.01011482809,0.01042917553,0.01079289991,0.01123594611,0.01169199967,0.01221554915,0.01277198031,0.01330171709,0.01387738976,0.01436036641,0.01474382495,0.01492808957,0.01203061736,0.00876061474,0.004874890173,0.0002544509048,-0.005052765859,-0.01114580916,-0.01789829275,-0.02549590038,-0.03396389551,-0.04299979502,-0.05266997536,-0.06368961984,-0.07547938881,-0.08763031546,-0.1009698048,-0.1162107779,-0.1321818573,-0.1483867936,-0.1693114505,-0.2041142391,-0.2245240341,-0.2309424121,-0.2372198564,-0.2432898755,-0.2469727483,-0.2512535126,-0.2549085247,-0.2583217471,-0.261512515,-0.264513275,-0.2673867376,-0.2699266091,-0.2725142808,-0.2747849649,-0.2769184351,-0.279026261,-0.2807963784,-0.2825557493,-0.2841784882,-0.28562174,-0.2870441329,-0.2883041988,-0.2894830667,-0.2906214651,-0.2916103979,-0.2925729758,-0.2934672105,-0.2942804595,-0.295067141,-0.2957827074,-0.296457676,-0.2971013117,-0.2976860082,-0.2982461013,-0.2987729493,-0.2992642029,-0.299732604,-0.3001698641,-0.3005856445,-0.3009792866,-0.301350474,-0.301702687,-0.3020354891,-0.3023598565,-0.3026560367,-0.3029461134,-0.303224758,-0.3034796378,-0.3037400364,-0.3039785819,-0.3042047924,-0.3044434107,-0.3046402239,-0.3048505069,-0.3050581623,-0.3052206753,-0.3054320027,-0.305599007,-0.3057529179,-0.3059621508
0.6,0.0344516806,0.03444988305,0.03442088819,0.03438250178,0.0343432827,0.03427640358,0.03420915392,0.0341306866,0.03403573513,0.03393862197,0.03382525667,0.03370264673,0.03357480375,0.03342851282,0.03327698874,0.03311552159,0.0329403231,0.03275935455,0.03256454947,0.03235963505,0.03214913519,0.03191998251,0.03168512359,0.03144033295,0.03117997278,0.03091538316,0.03063517668,0.03034438197,0.03004952575,0.02973315795,0.02941284349,0.02908278653,0.02873545135,0.02838759876,0.02802290429,0.02764874676,0.02727399538,0.02687693704,0.02648028705,0.02607665407,0.0256572465,0.02524483744,0.02481848943,0.02438776446,0.02396548722,0.02352487942,0.02309573328,0.02266879497,0.02223273825,0.02182184636,0.02140626201,0.0210008867,0.02062010689,0.02023903557,0.0198886819,0.01955981882,0.01924395209,0.01897909233,0.0187350845,0.01852795154,0.01837134966,0.01825185752,0.01819212826,0.01818391699,0.01822989844,0.01835314237,0.01853916766,0.01879873883,0.01912014412,0.01954388037,0.02003229976,0.02058780586,0.02124732641,0.02193229756,0.02270392963,0.02352099036,0.02429826307,0.02513478959,0.02583687849,0.02639296763,0.02665841128,0.02245524192,0.01771303234,0.01208219849,0.005391284859,-0.00229774765,-0.01112669655,-0.02092519883,-0.03195834496,-0.044270211,-0.05744153437,-0.0715691109,-0.08768960592,-0.104990801,-0.1228819288,-0.1425863474,-0.1651771582,-0.1889624955,-0.2132329214,-0.2447406461,-0.2977385865,-0.3292321806,-0.3391504132,-0.3488857786,-0.3583370486,-0.3640487812,-0.3707224929,-0.3764191141,-0.3817491205,-0.3867301321,-0.3914216201,-0.3959140721,-0.3998875575,-0.40393187,-0.4074808316,-0.4108105427,-0.4141022773,-0.4168519787,-0.4195870388,-0.4221053324,-0.4243273777,-0.426526297,-0.4284560173,-0.4302581433,-0.4319909224,-0.4334864264,-0.4349347303,-0.4362725475,-0.4374803373,-0.4386417753,-0.4396883503,-0.4406664934,-0.4415969946,-0.4424247273,-0.443215335,-0.4439487325,-0.4446249378,-0.4452590548,-0.4458431499,-0.4463895678,-0.4468980274,-0.4473664751,-0.4478019158,-0.4482043167,-0.4485848152,-0.448922111,-0.4492405663,-0.4495374117,-0.4497911525,-0.4500465959,-0.4502604833,-0.4504477153,-0.450646892,-0.45076964,-0.4509039428,-0.4510222346,-0.4510614588,-0.4511570199,-0.4511718383,-0.4511499093,-0.4511946373
0.7,0.04594792374,0.04617396606,0.0463583948,0.04652473796,0.04668665568,0.0468030414,0.04691560916,0.04700823242,0.04707134368,0.04712932613,0.04715820581,0.0471699589,0.04717176617,0.04714063717,0.04709974289,0.04704047232,0.04695813492,0.04686331932,0.04674552672,0.04661094148,0.04646205815,0.04628788375,0.04609945545,0.04589305499,0.04566812125,0.04542462831,0.04516273829,0.04488418933,0.04458824207,0.04427303575,0.04394082372,0.0435918132,0.04322837281,0.04284392477,0.04244590604,0.04203332983,0.04160410602,0.04116264549,0.04070616569,0.0402378365,0.03976144269,0.0392697651,0.03877273162,0.03826918593,0.03775730381,0.0372465521,0.03673167936,0.03621820334,0.03571114312,0.03520756537,0.0347165411,0.03423779498,0.03377420402,0.03333556681,0.032920556,0.03253442788,0.03218125069,0.03187244219,0.03160729261,0.03139115398,0.03122770804,0.03113598805,0.03110931024,0.03115273528,0.03127896329,0.03149243827,0.03179983161,0.03220370616,0.03268299613,0.03330746695,0.03401048347,0.03480226505,0.03573446327,0.0366926399,0.03776717254,0.03889788601,0.03997219381,0.04111999932,0.04208349052,0.04284587815,0.04320638839,0.03743305022,0.03091961302,0.02319191749,0.01401460157,0.00346572127,-0.008654406435,-0.022124273,-0.03730866771,-0.05427984672,-0.07248593281,-0.09207217563,-0.1144573342,-0.1385735163,-0.1636260765,-0.191326048,-0.2232249695,-0.2570267839,-0.2917653893,-0.3372108954,-0.4148780229,-0.4618871601,-0.4767602024,-0.4914264529,-0.5057374636,-0.5143604235,-0.5244982113,-0.5331603231,-0.5412744023,-0.5488751932,-0.5560386629,-0.5629110736,-0.5689790441,-0.5751768439,-0.5805998472,-0.5856860413,-0.590720665,-0.5948999176,-0.5990606097,-0.6028787793,-0.6062313151,-0.6095431167,-0.6124299014,-0.6151109983,-0.6176849195,-0.6198728145,-0.6219882228,-0.6239252692,-0.6256496373,-0.6273013359,-0.6287644115,-0.6301167429,-0.631389413,-0.6324947941,-0.6335370095,-0.6344856811,-0.6353359863,-0.6361191416,-0.6368145334,-0.637445479,-0.6380135018,-0.6385073,-0.6389448439,-0.639322477,-0.6396579132,-0.6399156101,-0.6401344427,-0.6403080171,-0.640407204,-0.6404886083,-0.6404958549,-0.6404476063,-0.6403959166,-0.6402135186,-0.6400237788,-0.6397877913,-0.6394121434,-0.639084071,-0.6386084084,-0.6380459358,-0.6375408025
0.8,0.06165089879,0.06225831943,0.0628137709,0.06333958555,0.06384957612,0.06430079944,0.06473672949,0.06514133968,0.06550449528,0.06584988926,0.06615426215,0.06643003693,0.06668516583,0.06689324634,0.06708101513,0.06723925689,0.06736259937,0.06746181457,0.06752641862,0.06756341257,0.06757614072,0.0675501304,0.06750012519,0.06742177895,0.06731386705,0.06717680902,0.06701061763,0.0668179114,0.06659904444,0.06634859319,0.06607275995,0.06577111675,0.06544509842,0.06508973603,0.06471140085,0.06431037744,0.06388631337,0.06343944307,0.0629719554,0.06248617611,0.06198449319,0.06146370727,0.06093086672,0.06038703793,0.05983314144,0.05927388323,0.05871033104,0.0581467937,0.05758692091,0.05703431551,0.05649361923,0.05596767324,0.05546290626,0.05498532079,0.05454010024,0.05413140403,0.05376217235,0.05345328275,0.0531977698,0.05300512697,0.0528819629,0.05284768305,0.05289859288,0.05303891713,0.05328363443,0.05364151214,0.05411755486,0.05471619663,0.05541101457,0.05628825706,0.05726480094,0.05835233548,0.0596154993,0.06090911594,0.06234633572,0.06385041264,0.06527813732,0.0667904517,0.06806064573,0.06906437767,0.06953472826,0.0619191562,0.05332663197,0.04313936409,0.03104735676,0.01714115991,0.001152280471,-0.01664903384,-0.03674346935,-0.05924562686,-0.08346701991,-0.1096165513,-0.1395663625,-0.1719834412,-0.2058436541,-0.2434711764,-0.2870542225,-0.3336132711,-0.3819094307,-0.4457521826,-0.5572451197,-0.6265026642,-0.6485656656,-0.6704668544,-0.6919951148,-0.7049183677,-0.7202428374,-0.7333544039,-0.7456658693,-0.7572272357,-0.7681412573,-0.7786339913,-0.7878869205,-0.797369074,-0.8056427191,-0.8133956995,-0.8210814042,-0.8274055319,-0.8337078217,-0.8394655473,-0.8444740253,-0.8494206832,-0.8536786857,-0.857602874,-0.8613542517,-0.8644722854,-0.8674718655,-0.8701780182,-0.8725321146,-0.8747656526,-0.8766850931,-0.8784187897,-0.8800203913,-0.8813374591,-0.8825485271,-0.8836006673,-0.8844817302,-0.8852496289,-0.8858625836,-0.886361545,-0.8867528288,-0.8870040976,-0.8871567537,-0.8872002749,-0.8871547422,-0.8869755579,-0.8867098884,-0.8863516814,-0.8858636536,-0.8853052939,-0.8846132307,-0.8838067638,-0.8829500442,-0.8818688714,-0.8807250943,-0.879465655,-0.8779652953,-0.8764491103,-0.8746703052,-0.8727010983,-0.8707215437
0.9,0.08516629875,0.08644678235,0.08767158915,0.08885178597,0.08999415927,0.09107209576,0.09211218683,0.09310636449,0.09404916923,0.09494818979,0.09579601858,0.09659901044,0.09736208009,0.09806522902,0.09872874685,0.09934762393,0.09991734317,0.1004426611,0.1009192112,0.1013518586,0.1017459334,0.102081844,0.1023797153,0.1026349299,0.102842059,0.1030083488,0.1031273552,0.1032048792,0.103247725,0.1032343671,0.1031876284,0.103102308,0.1029718829,0.1028087616,0.1026026702,0.1023615102,0.1020947747,0.1017788742,0.1014408251,0.1010748112,0.1006733055,0.1002577498,0.09981197505,0.09934716815,0.09887814715,0.09837852071,0.097882444,0.09738306357,0.09687075955,0.09638462361,0.09589632509,0.09542413913,0.09498782833,0.09456425033,0.09419072322,0.09386009927,0.09356545886,0.09336001075,0.09320785799,0.09313199654,0.09315074862,0.09326197038,0.093486984,0.0938194678,0.09427156529,0.09487108606,0.09560649875,0.09649070527,0.09749389402,0.09871058444,0.1000487821,0.1015175939,0.1031933534,0.1049025693,0.1067774171,0.108725877,0.1105717695,0.1125062045,0.1141305874,0.115411192,0.1160050093,0.1063187819,0.09538548716,0.08242654054,0.06704718617,0.04934467237,0.02897014683,0.006236177624,-0.01947070501,-0.04832563489,-0.07950786472,-0.113310811,-0.1521329173,-0.1943863978,-0.2388041318,-0.2884714478,-0.3464169901,-0.4089361274,-0.4745423496,-0.5624367125,-0.7202827219,-0.8217474523,-0.8543264339,-0.8869399013,-0.9192942574,-0.9385767444,-0.9617037107,-0.9814956239,-1.000119865,-1.017638041,-1.034189685,-1.05012032,-1.064114349,-1.078494474,-1.090958593,-1.102590791,-1.114125421,-1.123443446,-1.132725711,-1.141116056,-1.148262126,-1.155308676,-1.161204383,-1.166542128,-1.171582468,-1.175566026,-1.179340403,-1.182619543,-1.185302944,-1.18777838,-1.189720806,-1.191343129,-1.192746096,-1.193653458,-1.194384604,-1.19484154,-1.194999706,-1.194967307,-1.194662361,-1.194155443,-1.193469692,-1.192519236,-1.191402925,-1.190093559,-1.188597485,-1.186890485,-1.184997043,-1.182925413,-1.180641432,-1.17816447,-1.175462626,-1.172542365,-1.169455887,-1.166018331,-1.162386417,-1.158505604,-1.154253204,-1.149789123,-1.144908302,-1.139660904,-1.134200541
1,0.1208991718,0.123510624,0.1260595159,0.1285441971,0.1309655597,0.1333098557,0.1355893807,0.1378028074,0.1399470499,0.1420171251,0.1440173538,0.1459497326,0.1478173046,0.1496018517,0.1513214684,0.152973312,0.1545542714,0.1560614388,0.1574980208,0.1588673897,0.1601728603,0.1613961977,0.1625563066,0.1636504654,0.1646762221,0.1656307786,0.166518113,0.1673418195,0.1681054139,0.1687924384,0.1694212673,0.1699901141,0.1704972005,0.1709416199,0.1713273291,0.1716586822,0.1719408279,0.1721593621,0.1723333687,0.1724622207,0.1725442396,0.1725862774,0.172588441,0.1725579092,0.1725042052,0.1724146526,0.1723118254,0.1721957971,0.1720641681,0.171940815,0.1718152789,0.1717006664,0.1716133422,0.1715438506,0.1715189568,0.1715380837,0.1716001625,0.1717492401,0.1719619269,0.1722581546,0.1726527333,0.1731587917,0.1737853997,0.1745320314,0.1754173964,0.1764592535,0.1776577229,0.1790216264,0.1805115529,0.1822457098,0.1841065698,0.1861079168,0.1883405388,0.1905897472,0.193018183,0.1955125263,0.1978640638,0.2002910413,0.2023238005,0.2039183719,0.2046463066,0.1928017256,0.1794185509,0.1635456385,0.1446959292,0.1229678175,0.09791917164,0.06989748902,0.03814020909,0.002393684566,-0.03640247457,-0.07865231999,-0.1273327554,-0.1806377532,-0.2370705038,-0.3006101939,-0.3753420323,-0.4568652444,-0.5435087885,-0.6613237315,-0.8793495732,-1.024316697,-1.070781302,-1.117467307,-1.163939402,-1.190959652,-1.223667596,-1.251307828,-1.277062074,-1.301034367,-1.323373097,-1.344596369,-1.362745381,-1.381240252,-1.396703145,-1.410738922,-1.424415806,-1.434706864,-1.444763021,-1.453382062,-1.460106127,-1.466550594,-1.471288718,-1.475159024,-1.478546413,-1.480426573,-1.481981455,-1.482834357,-1.48285816,-1.482605878,-1.48163523,-1.480245248,-1.478584231,-1.476281041,-1.47377584,-1.470940876,-1.467725018,-1.464323106,-1.46057905,-1.456602202,-1.452452955,-1.447953638,-1.443296671,-1.438422445,-1.433294817,-1.427978431,-1.42240392,-1.416609279,-1.4106244,-1.404298221,-1.397758117,-1.390953878,-1.383831356,-1.376408971,-1.368626275,-1.360498649,-1.352044645,-1.343052489,-1.33366692,-1.323816896,-1.313414133
1.1,0.1599185876,0.1651015273,0.1702200338,0.1752469062,0.1801701304,0.185005811,0.1897328521,0.1943635556,0.1989004518,0.2033137555,0.2076304176,0.2118426403,0.2159487459,0.2199386076,0.2238210592,0.2275985117,0.2312704839,0.23482065,0.2382651476,0.241603702,0.24483713,0.2479488409,0.2509560973,0.25385908,0.2566579375,0.2593384489,0.2619164279,0.2643932412,0.2667703544,0.2690322061,0.271197044,0.2732659275,0.2752399625,0.2771073593,0.2788841036,0.2805727088,0.2821767162,0.2836829587,0.2851108344,0.2864628285,0.2877400417,0.2889403705,0.2900748295,0.2911495452,0.2921728279,0.2931343612,0.2940567107,0.2949432773,0.2957948844,0.2966281027,0.2974425178,0.2982501778,0.2990675312,0.2998875345,0.3007374998,0.301619562,0.3025350133,0.3035247891,0.3045714169,0.3056949964,0.3069092222,0.3082325283,0.3096707478,0.3112254461,0.3129198041,0.3147629088,0.3167637744,0.3189285558,0.3212084126,0.3237386383,0.3263811989,0.3291526443,0.3321567693,0.3351356275,0.3382829531,0.3414644445,0.3444396913,0.3474467153,0.3499513741,0.3518988141,0.352768623,0.3388377733,0.3230734694,0.3043455921,0.2820716223,0.2563422271,0.2266143603,0.1932571308,0.1553483912,0.1125388237,0.06586220331,0.01478191666,-0.04429549079,-0.1094005049,-0.1788335517,-0.2575893428,-0.3510147561,-0.4540723909,-0.564966993,-0.7177699913,-1.005940324,-1.196882259,-1.254522911,-1.310350255,-1.36325434,-1.390611757,-1.422620044,-1.446937314,-1.467318987,-1.484095182,-1.49755628,-1.508357237,-1.515251038,-1.520987811,-1.523499847,-1.524162085,-1.52373912,-1.520936338,-1.517513088,-1.513066906,-1.50760536,-1.501849477,-1.49540747,-1.48864576,-1.481736022,-1.474457595,-1.467164717,-1.459787009,-1.452310297,-1.444910402,-1.437466673,-1.430057486,-1.42273615,-1.415395977,-1.408156334,-1.400973135,-1.393802306,-1.386752958,-1.379709872,-1.372709672,-1.365798522,-1.358840898,-1.351954574,-1.34508466,-1.338148008,-1.331295009,-1.324348735,-1.317353257,-1.310400316,-1.303215952,-1.296036724,-1.288762621,-1.281217122,-1.273709434,-1.265883688,-1.257835507,-1.249771357,-1.241091147,-1.232321949,-1.223251082,-1.213488193
1.2,0.1439790399,0.1525317467,0.1610467557,0.1694480391,0.1776980752,0.1858718493,0.1938804966,0.2017601564,0.2095232123,0.2170977718,0.2245471768,0.2318449181,0.2389799956,0.2459613499,0.2527756884,0.2594349126,0.2659420662,0.272262273,0.2784286514,0.2844343731,0.2902783335,0.2959449305,0.3014500591,0.306797165,0.3119863651,0.3169967719,0.3218513263,0.3265509438,0.3310992168,0.3354720777,0.3396974256,0.3437762796,0.3477076091,0.3514804202,0.3551116611,0.3586069586,0.3619746609,0.3651879111,0.368282071,0.3712575727,0.3741121033,0.3768501922,0.3794790523,0.3820101307,0.384459056,0.3867983194,0.3890709306,0.3912764809,0.3934108548,0.3955038914,0.397545467,0.3995555602,0.4015579532,0.4035297331,0.4055175985,0.4075192102,0.4095321947,0.4116102865,0.4137262851,0.4159071717,0.4181712834,0.4205272007,0.4229925197,0.4255642505,0.428266663,0.4311087938,0.4340993488,0.4372458227,0.4404907574,0.4439805411,0.4475615643,0.4512504201,0.4551630057,0.458997801,0.4629784871,0.4669501062,0.4706392373,0.4743009367,0.4773363355,0.4796783217,0.4807033166,0.4643293119,0.4457877939,0.4237501958,0.397524105,0.3671778937,0.3320452943,0.2924979391,0.2474207736,0.1963243537,0.1403091206,0.07864299183,0.006970898305,-0.07266456302,-0.1584038732,-0.2566285149,-0.3745264467,-0.5065196373,-0.6507838472,-0.8521522205,-1.224719587,-1.426013598,-1.463782562,-1.487122388,-1.495339949,-1.487981418,-1.475590524,-1.458385139,-1.438077288,-1.415827032,-1.392422845,-1.368276653,-1.345033053,-1.320994915,-1.298580418,-1.276980362,-1.25557694,-1.236590216,-1.217874936,-1.200324776,-1.184296406,-1.168649985,-1.154414624,-1.140985879,-1.128091491,-1.116460443,-1.105241536,-1.094692995,-1.084882164,-1.075454462,-1.066667077,-1.058310791,-1.050294891,-1.042832432,-1.035643207,-1.028788018,-1.02225996,-1.016000383,-1.010017702,-1.00425164,-0.9986961011,-0.9933587765,-0.9881944215,-0.983192789,-0.9782929544,-0.9735972886,-0.9689709605,-0.9644248286,-0.9600297598,-0.9556074835,-0.9513056953,-0.9470525473,-0.9426903214,-0.9385386772,-0.9342454837,-0.9298977408,-0.9257088517,-0.9211490445,-0.91670155,-0.9121701466,-0.9071554077
1.3,0.05577397687,0.06592122584,0.07614597031,0.08630773049,0.09633628865,0.1063729158,0.116243898,0.126008523,0.1356850405,0.1451574855,0.1545198021,0.1637228117,0.1727437434,0.1816097941,0.1902808801,0.1987756754,0.2070981182,0.2151964632,0.2231151979,0.2308399984,0.2383665425,0.2456803002,0.252793151,0.25971038,0.266431519,0.2729295015,0.2792323228,0.285339831,0.2912563894,0.296952451,0.3024617573,0.3077855518,0.3129218761,0.3178590862,0.3226163661,0.3272013673,0.3316254413,0.3358543302,0.339933399,0.343862792,0.3476392989,0.3512711562,0.3547653801,0.3581370936,0.3614068049,0.3645393138,0.3675895123,0.3705562234,0.3734337331,0.3762613697,0.3790241515,0.3817475459,0.3844605599,0.387134629,0.389826639,0.3925328516,0.3952501762,0.3980424858,0.4008763131,0.4037831667,0.4067838212,0.4098869512,0.4131123116,0.4164549938,0.4199423518,0.4235815874,0.4273826049,0.4313518565,0.4354211603,0.439755742,0.4441778162,0.4487054568,0.4534678675,0.4581180254,0.46290997,0.4676654141,0.472075367,0.4764158619,0.4800138639,0.4827863859,0.4839882915,0.464093467,0.4415849595,0.4148953854,0.3831891719,0.3464893915,0.3039571961,0.2559347206,0.2010432152,0.1385581293,0.0695958143,-0.006916997464,-0.09640992625,-0.196971144,-0.3066888366,-0.4341243358,-0.5894660824,-0.7663562075,-0.9614082281,-1.224115245,-1.527257981,-1.452952683,-1.389336147,-1.32061355,-1.250918379,-1.2061047,-1.15540424,-1.112113812,-1.072220949,-1.035405337,-1.0013758,-0.9694145216,-0.9414016322,-0.9136465543,-0.8894648132,-0.8671125568,-0.8454856883,-0.827353192,-0.8096890554,-0.7935595722,-0.77932067,-0.7654949951,-0.7533154785,-0.7420139371,-0.731249002,-0.7218834614,-0.7128952259,-0.7045912981,-0.6970605553,-0.6898667266,-0.6833385525,-0.6772284098,-0.6714195775,-0.6662009653,-0.6612165661,-0.6565575287,-0.6522375396,-0.6481547174,-0.6443649568,-0.6407897883,-0.6374053655,-0.6342824586,-0.6313198348,-0.6285306287,-0.6258838979,-0.6234347609,-0.6211055965,-0.6188895986,-0.616832864,-0.6148482745,-0.6130070626,-0.6112696258,-0.6095275165,-0.6080308593,-0.6065159336,-0.6050470193,-0.6037898324,-0.6023840948,-0.6011736268,-0.6000220663,-0.5986231749
1.4,-0.02828983759,-0.01837014633,-0.008185445219,0.002055956035,0.01225096995,0.02260189374,0.03284971125,0.04307214303,0.05328734117,0.0633400907,0.07334363849,0.08322573005,0.09295098698,0.1025580372,0.1119812373,0.1212409515,0.1303390313,0.1392085022,0.1478993152,0.1563894353,0.1646682329,0.1727239959,0.1805599196,0.188182193,0.1955919932,0.2027493888,0.2096923043,0.2164165736,0.2229220214,0.22918483,0.2352325393,0.241070085,0.2467004617,0.2520984122,0.2572981466,0.2623039908,0.2671234746,0.2717330088,0.2761703167,0.2804417613,0.2845508645,0.288493806,0.2922938437,0.2959633738,0.29951915,0.3029422562,0.30627631,0.3095280356,0.3126998537,0.3158207096,0.3188913075,0.321933413,0.3249737546,0.3280013184,0.3310604256,0.3341541752,0.3372859185,0.3405142287,0.3438145926,0.3472153674,0.3507325821,0.3543947712,0.3582031288,0.3621577469,0.3662928954,0.3706032308,0.3751088869,0.3798089435,0.3846212,0.3897386796,0.394948703,0.4002736594,0.4058562567,0.4113018498,0.4168957713,0.4224341338,0.4275733681,0.4326097198,0.4367948327,0.4400263955,0.4414234229,0.4170191518,0.3894414986,0.3568480158,0.3182289369,0.2735346743,0.2217022989,0.1630012146,0.09571971792,0.01879524891,-0.06671606684,-0.1623782069,-0.2749366278,-0.4027709749,-0.5437749979,-0.7085533032,-0.9081652132,-1.125723265,-1.329421138,-1.466136607,-1.247997886,-1.022609924,-0.9529687165,-0.8874674421,-0.8263470808,-0.7901597293,-0.749297854,-0.7152360278,-0.6841988653,-0.6557292504,-0.6295558279,-0.6050190629,-0.5836515857,-0.5624095338,-0.5440146371,-0.5270380318,-0.5105717383,-0.4969150901,-0.4835725139,-0.4714333703,-0.46080469,-0.4504663279,-0.4414519138,-0.433128195,-0.4252100124,-0.4184402154,-0.4119529363,-0.4060142359,-0.4007090065,-0.395663804,-0.3911690601,-0.3870133861,-0.3830955659,-0.3796803006,-0.3764511548,-0.3734926713,-0.3708254756,-0.3683536095,-0.3661385634,-0.3641093346,-0.3622404523,-0.3606174051,-0.3591335811,-0.3578092606,-0.3566286378,-0.3556281652,-0.3547581062,-0.3540087864,-0.3534111467,-0.3529295858,-0.3525946194,-0.3523858337,-0.352231094,-0.3523244906,-0.3524719297,-0.3527219921,-0.3532023128,-0.3536759732,-0.3543846348,-0.3552372158,-0.3560085518
1.5,-0.104548859,-0.09506570838,-0.08506715375,-0.07484687039,-0.06455080422,-0.05389331397,-0.04324729385,-0.03251061677,-0.02166458398,-0.01091762031,-0.0001309116195,0.01059116128,0.02119525913,0.0317371341,0.04211392437,0.05234838371,0.06243838138,0.07229879643,0.0819839797,0.09146138215,0.1007143056,0.1097311105,0.118507056,0.1270481914,0.1353539233,0.1433777566,0.1511608261,0.1586970636,0.1659861201,0.1730009133,0.1797723672,0.1863061894,0.1926053223,0.1986445236,0.2044607093,0.2100602972,0.2154540539,0.2206152482,0.2255892685,0.2303836866,0.2350023311,0.2394479904,0.2437429744,0.247904054,0.2519531498,0.2558691687,0.2597039269,0.2634644865,0.2671532519,0.2708106801,0.2744314662,0.2780421362,0.2816739507,0.285315638,0.2890157267,0.2927759641,0.2965989274,0.3005538087,0.3046067841,0.3087886404,0.3131148025,0.3176173948,0.3222918331,0.3271352453,0.3321835685,0.337425806,0.3428815096,0.3485449636,0.3543210812,0.3604190614,0.3665998563,0.3728861164,0.3794299042,0.3857940586,0.3922897034,0.3986912434,0.4046254507,0.4103990393,0.4152026076,0.4189134365,0.420513197,0.3912239672,0.3581662151,0.3192145668,0.2731847171,0.2199485952,0.1582182069,0.08818954998,0.007852679408,-0.0841388628,-0.1866836934,-0.3015599229,-0.4360613334,-0.5873762648,-0.7499739167,-0.9276705324,-1.108713068,-1.23261427,-1.246719131,-1.125789558,-0.8172229408,-0.6425612679,-0.5917282156,-0.5436922274,-0.4984813027,-0.4719258037,-0.4414655834,-0.415974723,-0.3926201867,-0.3710565456,-0.351147837,-0.3323908276,-0.3160291254,-0.2996786863,-0.2855185021,-0.2724327219,-0.259702529,-0.2491964952,-0.2389108941,-0.2295714088,-0.2214383877,-0.2135261512,-0.2066818637,-0.2003933637,-0.1944260543,-0.1894057007,-0.1846116434,-0.1802681051,-0.1764508984,-0.1728494392,-0.1697093502,-0.1668539173,-0.1641971648,-0.1619725172,-0.1599058786,-0.1580711982,-0.1564915234,-0.1550816449,-0.1539002167,-0.152884657,-0.1520102664,-0.1513659216,-0.1508478832,-0.1504786042,-0.1502513363,-0.1501922229,-0.1502678322,-0.1504681606,-0.150813171,-0.1513013925,-0.1519361585,-0.1527098719,-0.1535764203,-0.1546874977,-0.1559004869,-0.1572525357,-0.1588420989,-0.1605221752,-0.1624589993,-0.164594617,-0.166767619
1.6,-0.2177359533,-0.2087297679,-0.1987822502,-0.1883023937,-0.1774982849,-0.1659699393,-0.1542569353,-0.1422312169,-0.1298800099,-0.1174836504,-0.1048828335,-0.09223180847,-0.07961396317,-0.06694983622,-0.05440375609,-0.04195395965,-0.02961270908,-0.01748480897,-0.005520774601,0.006231132343,0.01774716592,0.02901387884,0.04001555214,0.05075576152,0.06122729707,0.07138841708,0.08127119408,0.09087074924,0.100192023,0.1091966532,0.1179282134,0.1263898841,0.1345795796,0.1424900228,0.1501451527,0.1575601452,0.164756579,0.1716926258,0.1784353545,0.1849884068,0.1913503077,0.1975491878,0.2035888477,0.209496733,0.2153076618,0.2209817305,0.2265948788,0.2321467865,0.2376310917,0.2431183796,0.2485757387,0.2540406436,0.2595527495,0.2650817639,0.2706934312,0.2763787525,0.282131483,0.2880382991,0.2940413848,0.3001754557,0.3064558902,0.3128979992,0.3195027926,0.3262554098,0.3331869385,0.3402770787,0.3475401285,0.3549655321,0.3624442458,0.3701838493,0.3779313096,0.385705965,0.3936647388,0.4013252225,0.4090271343,0.4165277097,0.4234321108,0.4300408172,0.4355130021,0.4397116904,0.4415030212,0.4083465166,0.3710275089,0.3272092279,0.2756293316,0.2161824981,0.147537913,0.07003735194,-0.01821958733,-0.1182037204,-0.2278926503,-0.3475661232,-0.4815691912,-0.6208656406,-0.7507323541,-0.8600034734,-0.9229722988,-0.9131869082,-0.8445152434,-0.719212996,-0.4927725498,-0.3645460035,-0.3269303759,-0.2908284412,-0.2563175981,-0.236030083,-0.212404809,-0.1925033482,-0.1741494407,-0.1570797872,-0.1412482297,-0.1262631411,-0.1131584187,-0.1000169525,-0.08862766569,-0.07809626091,-0.0678357163,-0.05940453504,-0.0511481723,-0.04367263828,-0.03720459191,-0.03092230308,-0.02553958902,-0.02062794361,-0.01599162293,-0.01216447456,-0.008536138628,-0.005296430257,-0.002512374514,7.73229986e-05,0.002264681233,0.00419962867,0.005958541771,0.007330692111,0.008560426485,0.009581326853,0.01037113392,0.0110036704,0.01142695269,0.01169585208,0.01183449052,0.01175355218,0.01155359173,0.01121199088,0.01072783574,0.01008521245,0.009303731411,0.008395266398,0.007347382578,0.006138321515,0.00478352425,0.003282048899,0.001661382234,-0.000198556803,-0.002192960362,-0.004350992902,-0.006747357582,-0.009303963825,-0.01212826817,-0.0151879914,-0.01837167968
1.7,-0.4406053391,-0.4356625836,-0.4287876951,-0.4204815442,-0.4110020452,-0.3998532932,-0.3877639744,-0.3746290431,-0.360498167,-0.3456854511,-0.3301357298,-0.314077715,-0.2976507357,-0.2807990645,-0.263778751,-0.2466192933,-0.229383119,-0.2121640681,-0.1949989019,-0.1779574485,-0.161082273,-0.144394806,-0.1279422712,-0.1117402775,-0.09580924252,-0.08016933062,-0.06482535138,-0.04978179791,-0.0350351402,-0.02061046676,-0.006479206748,0.007361112859,0.02091147222,0.03418068089,0.04718093233,0.05992994087,0.07244962365,0.08472033373,0.09679186427,0.1086720194,0.1203647158,0.1319042575,0.1432901369,0.1545472032,0.1657051315,0.1767447157,0.1877173034,0.1986243567,0.2094612159,0.2202892165,0.231074071,0.2418422138,0.2526222752,0.2633909663,0.2741895377,0.285004786,0.2958265855,0.3067151257,0.3176163873,0.3285496696,0.339512196,0.3505142006,0.361536488,0.3725593034,0.3836119334,0.3946224413,0.4056319643,0.416612525,0.4274331876,0.4382927113,0.4489265894,0.4593565129,0.4697469669,0.4795400734,0.4891357296,0.498271965,0.5065397943,0.5142140731,0.5204625376,0.525153786,0.5270957489,0.4939501504,0.456858151,0.4134472729,0.3625831878,0.3043892165,0.2378270416,0.1637248179,0.08079738513,-0.01086167778,-0.1078748341,-0.2085379901,-0.314525314,-0.4145767951,-0.4961637406,-0.5542457403,-0.5792543686,-0.5635332901,-0.5171269728,-0.4368368372,-0.2774959894,-0.1771095207,-0.1469824985,-0.1175139564,-0.08883760387,-0.07190538946,-0.05189339413,-0.03490470016,-0.01913121504,-0.004348391136,0.009419504196,0.02250560352,0.03397669866,0.04550787223,0.05550437835,0.06474499406,0.0737486535,0.08111221641,0.08831247492,0.0948034499,0.1003766894,0.1057676173,0.110333391,0.1144587205,0.1183213569,0.1214317827,0.1243474913,0.1268959578,0.1290141916,0.130939918,0.1324840021,0.1337841056,0.134911953,0.1356681636,0.1362831546,0.136695224,0.1368817754,0.1369128979,0.13673892,0.1364120262,0.1359576518,0.1352836573,0.1344923987,0.1335604429,0.132482514,0.1312503649,0.1298748231,0.1283694147,0.1267281897,0.124912731,0.1229532336,0.1208428258,0.118595323,0.1161162585,0.1134814306,0.1106685195,0.1076206801,0.1043667066,0.1008419974,0.0970603908,0.0930954399
1.8,-0.6301408379,-0.6486884579,-0.6651157023,-0.679541017,-0.6918809404,-0.701262011,-0.7081546774,-0.7122157186,-0.7133201296,-0.7114319559,-0.7066050917,-0.6990171353,-0.6887932226,-0.675902774,-0.6607636178,-0.6435917977,-0.6246547813,-0.6039621014,-0.5819865362,-0.55891957,-0.5349274122,-0.5101494793,-0.484808161,-0.4590803029,-0.4331200389,-0.406860223,-0.3805753778,-0.3543084387,-0.3280954451,-0.3019743762,-0.2760049196,-0.2502429729,-0.2247325779,-0.1993747843,-0.1743017103,-0.1494987266,-0.1249490873,-0.1006532926,-0.07661482154,-0.05285012046,-0.0293766695,-0.00609289805,0.01690738628,0.03964956329,0.06216195095,0.08443361974,0.1064825542,0.128292046,0.1498406647,0.1712247581,0.1923505126,0.2132420543,0.2339253483,0.254363678,0.2745873852,0.2945673771,0.3142807767,0.3337888698,0.3530145428,0.3719749972,0.3906591608,0.4090538305,0.4271441939,0.4449023224,0.4623587212,0.4793936908,0.4960804539,0.5123839204,0.5281544519,0.5435751706,0.5583858271,0.5726142134,0.5864426774,0.599211485,0.611411933,0.6227607729,0.6328310675,0.6418670481,0.6490566766,0.6542916474,0.6563580371,0.6269654592,0.5940951483,0.55532504,0.509586569,0.4570897271,0.3968757542,0.3298782457,0.2547681757,0.1716508198,0.08368731958,-0.007927871001,-0.1065453971,-0.2028525955,-0.2870979552,-0.3577092988,-0.407228038,-0.4217571721,-0.4034608922,-0.3492794075,-0.2066186328,-0.1047220459,-0.07377886265,-0.04317516979,-0.01307612279,0.004649664074,0.02582000492,0.04383659223,0.06060090359,0.07637045143,0.09106344804,0.105043689,0.1172839612,0.1295969287,0.140241614,0.1500591863,0.1596146359,0.1673722609,0.1749434197,0.1817306544,0.1875040868,0.1930690606,0.1977205139,0.2018791745,0.2057437035,0.2087701458,0.2115774142,0.2139736264,0.2158874114,0.2175867756,0.2188581938,0.2198560274,0.2206612546,0.2210515608,0.2212849277,0.2212928021,0.2210474712,0.220636238,0.2199960749,0.2191884491,0.2182453838,0.2170608936,0.2157543017,0.2142977155,0.2126827711,0.2109135746,0.2089911863,0.2069340694,0.2047441084,0.2023682679,0.1998531105,0.1971865287,0.194373245,0.1913423395,0.1881465473,0.1847708609,0.1811717588,0.1773475155,0.1732623597,0.1689186803,0.1643636399
1.9,-0.2943096195,-0.3132834493,-0.3317115415,-0.3499793865,-0.3682844725,-0.3857233003,-0.4030293683,-0.419777837,-0.4357020722,-0.4511312863,-0.4655284461,-0.479010305,-0.4915637237,-0.502690375,-0.5126589193,-0.5212331511,-0.5282739873,-0.5337132046,-0.537440487,-0.5394451344,-0.5396680933,-0.5379241894,-0.5343214164,-0.5288415632,-0.5215225313,-0.5122001145,-0.5011083105,-0.4882855628,-0.4737613172,-0.4575718479,-0.4398522784,-0.4207396676,-0.4003878105,-0.3786313277,-0.3558476034,-0.3320946591,-0.3074203132,-0.281910229,-0.2556776964,-0.2288648385,-0.201614808,-0.1737314196,-0.1455718811,-0.1171537842,-0.08848361707,-0.05964235399,-0.03067682708,-0.001695069011,0.02719597075,0.05619422795,0.08500480349,0.1136434717,0.1421241489,0.1703609088,0.1983577949,0.2260300739,0.2533108232,0.2803156031,0.3068594768,0.3329606519,0.3585986855,0.3837283463,0.4083274088,0.4323413814,0.4557931083,0.4785408164,0.500652089,0.5220864548,0.5426703548,0.5625834748,0.5815497022,0.5995995986,0.6169342435,0.6327916177,0.6477459204,0.6614857582,0.6735555115,0.6841705485,0.6925078121,0.6984640409,0.7007171724,0.6718801682,0.6394168575,0.6006110864,0.5541902604,0.5001620845,0.4372389337,0.3660674632,0.2847063806,0.1925773083,0.09231427613,-0.01581032756,-0.1372181448,-0.2624092723,-0.3789722678,-0.4825959943,-0.5573351705,-0.5761286101,-0.5414348436,-0.4502444314,-0.2420858635,-0.1084494793,-0.07005502329,-0.03267925325,0.003668084048,0.02459195329,0.04961100794,0.07070414781,0.09020343924,0.1084725849,0.1254001435,0.1414476528,0.1554105899,0.169435364,0.1814815768,0.1925442167,0.2032967613,0.2119324538,0.2203541507,0.2278604161,0.2341770091,0.2402647353,0.245282669,0.249730804,0.253845837,0.25698174,0.259872996,0.2622902734,0.2641458235,0.2657675503,0.2668915564,0.2677034011,0.2683033918,0.2684224191,0.2683726485,0.2680685928,0.2674749596,0.2667095867,0.26568501,0.2644783519,0.2631319052,0.2615192278,0.2597856679,0.2578962491,0.2558376427,0.2536366408,0.2512767273,0.2487864974,0.2461761237,0.2433816584,0.2404655069,0.2374112537,0.2342183791,0.2308412178,0.2273119682,0.2236238002,0.219746693,0.2156616836,0.2113550656,0.2068227616,0.2020935244
2,-0.06940869312,-0.08320192003,-0.09586414509,-0.1080126523,-0.1199946535,-0.1305763429,-0.1409214476,-0.1505216483,-0.1591009235,-0.1673590488,-0.174611226,-0.1812080666,-0.1873447456,-0.1925124556,-0.1972964744,-0.2015189408,-0.2051160442,-0.2084418967,-0.211245712,-0.2137084852,-0.2159348957,-0.21778383,-0.2194697923,-0.2209327232,-0.2221550219,-0.2232840636,-0.2241880573,-0.2249075553,-0.22544024,-0.2257303855,-0.2257626611,-0.2254663892,-0.2247876962,-0.2236553812,-0.2219848508,-0.2196952966,-0.2166766075,-0.2128182256,-0.2080118898,-0.2021704113,-0.1952307381,-0.1869139621,-0.1773021359,-0.1662965918,-0.1537936676,-0.1397136903,-0.1240668835,-0.1069044262,-0.0883141775,-0.06802874112,-0.04643671619,-0.02357701312,0.0004974513381,0.02569765891,0.05184683489,0.07874700806,0.1062163418,0.1343487239,0.1627461911,0.1913218635,0.2199467352,0.2485410394,0.2769148303,0.3049294476,0.3325459954,0.3595535287,0.3859468859,0.4116250293,0.4363440482,0.46029055,0.4830955421,0.504776771,0.5255375118,0.5444992709,0.5622973238,0.5785738245,0.5928325851,0.6052517003,0.6149670085,0.6218532724,0.6243731774,0.5915744197,0.5546753223,0.510499173,0.4574402309,0.3952153988,0.3220794222,0.2383741792,0.1414837451,0.03015926326,-0.09299497556,-0.2278057561,-0.3801472958,-0.5350092213,-0.668086074,-0.7598031424,-0.7785360272,-0.7145356133,-0.6066243481,-0.4561011018,-0.2093378471,-0.06968495159,-0.03086320879,0.006593485893,0.04284534361,0.06352916631,0.08828178718,0.1090880793,0.1282765941,0.1462488751,0.1628688053,0.1786138934,0.192290874,0.2060216771,0.217791809,0.2285834882,0.2390701927,0.2474479732,0.2556149539,0.2628713713,0.2689379099,0.2747797268,0.2795491614,0.2837481346,0.2876159426,0.2904963503,0.2931332325,0.2952935485,0.2968848096,0.298245504,0.2991012046,0.2996422939,0.2999742548,0.2998167842,0.2994947601,0.2989181362,0.2980490467,0.2970172503,0.29572575,0.2942568004,0.2926575032,0.290796369,0.2888273268,0.2867133183,0.2844391664,0.2820467415,0.279508922,0.2768602748,0.2741163054,0.2712131695,0.2682189108,0.2651169109,0.2619048368,0.2585593205,0.2550975992,0.2515199084,0.2478088056,0.2439410039,0.2399172501,0.2357327432,0.2314045959
2.1,-0.0036765939,-0.02532183318,-0.0457124117,-0.06551503097,-0.0850538924,-0.1025209333,-0.1193453975,-0.1347291718,-0.148176767,-0.1603980203,-0.1704799381,-0.1788260508,-0.1856588161,-0.1901329995,-0.1931886993,-0.1946153972,-0.1943770692,-0.1929302466,-0.1901329521,-0.1863343,-0.1817890407,-0.1763330059,-0.1704713958,-0.1642276206,-0.1576763475,-0.1511411834,-0.1445564886,-0.1380936037,-0.1318710577,-0.1259200861,-0.1203462223,-0.1151418426,-0.1103148656,-0.1060326769,-0.1021468182,-0.09867218312,-0.09558757918,-0.09290924951,-0.09051478293,-0.08832029945,-0.08624974643,-0.08422996005,-0.08209912143,-0.07972727303,-0.0769534663,-0.07365017495,-0.06961228626,-0.0646999432,-0.05879518804,-0.05157813843,-0.04306835694,-0.03313025033,-0.021643499,-0.008500854991,0.006270448032,0.02260732892,0.04042587129,0.05986539416,0.08056981804,0.1024299858,0.1252682437,0.1490297721,0.1733800927,0.1981141016,0.2231309077,0.2481206957,0.2730036537,0.2975839199,0.3215125203,0.3450026575,0.3675295823,0.38908646,0.4098793696,0.4289022325,0.4468524226,0.4633157837,0.4777340393,0.4903903706,0.5002999558,0.5073726066,0.5101027236,0.4742263929,0.4336272811,0.3847779846,0.325894319,0.2567546207,0.1753827697,0.08231610788,-0.02521113222,-0.1482789785,-0.2826042982,-0.4257606673,-0.5799573717,-0.7189404578,-0.8085615631,-0.8315455097,-0.7789003469,-0.6743111628,-0.5561883291,-0.4107586676,-0.1798561258,-0.0463718919,-0.009608921819,0.02606103518,0.06084665773,0.08075196762,0.1047526793,0.1250326885,0.1438021199,0.1614724873,0.1778439664,0.1933866727,0.2069239888,0.2205105795,0.2321801486,0.2428831283,0.2532784588,0.2615935663,0.2696892398,0.276878997,0.2828858612,0.2886590506,0.2933640654,0.297494531,0.3012909046,0.3040965707,0.3066552121,0.3087338027,0.3102377701,0.3115105128,0.3122732928,0.3127186883,0.3129541462,0.312697317,0.3122769676,0.3116026549,0.3106346416,0.3095125978,0.3081324522,0.3065808504,0.3049083729,0.3029835683,0.3009645046,0.2988138457,0.2965180203,0.2941289397,0.29161519,0.2890149543,0.2863487718,0.283558817,0.2807149118,0.2778026928,0.274821257,0.2717678054,0.2686496338,0.2654742611,0.2622344388,0.2589168067,0.2555271583,0.2520660652,0.2485474819
2.2,0.03365195632,0.007409635384,-0.01828627538,-0.04406555517,-0.07020609033,-0.09480099688,-0.1191819369,-0.1424114111,-0.163827645,-0.1839117547,-0.2015744189,-0.2170461179,-0.2303687336,-0.2403327605,-0.2479053951,-0.2527461767,-0.2547495536,-0.2542101626,-0.2511511003,-0.2459921557,-0.2390695937,-0.2302382655,-0.2202512231,-0.2092717613,-0.1975283018,-0.1854099334,-0.1730775601,-0.1608100807,-0.1488167574,-0.1373002841,-0.1264081558,-0.1162288716,-0.1068628662,-0.0985724327,-0.09125387899,-0.08495450854,-0.07967879992,-0.07564998006,-0.07262868104,-0.07058222082,-0.0694816317,-0.06934955762,-0.06996050969,-0.07116416253,-0.07276568961,-0.07478317995,-0.07678744129,-0.0785957942,-0.0800276284,-0.08068871287,-0.08042600083,-0.07894230939,-0.07594897807,-0.07125530739,-0.06464237738,-0.05605433502,-0.0454689867,-0.03259573917,-0.01777026204,-0.00105593403,0.01737213269,0.03746790493,0.05881816787,0.0811475376,0.1042990298,0.1278984826,0.1517762804,0.1756619527,0.1991118267,0.2223709118,0.2447754869,0.2663022022,0.2871761199,0.3062688913,0.3243572484,0.3409781935,0.3555105956,0.3683676948,0.3784299065,0.385653421,0.3885912583,0.3518556054,0.3100790285,0.259472167,0.1981510607,0.1260267078,0.04096804284,-0.05627120753,-0.1686367241,-0.2970376534,-0.4361106437,-0.5819701279,-0.7348817758,-0.8618987179,-0.9273365572,-0.9191890227,-0.8386744995,-0.7199447945,-0.5978394924,-0.4487874615,-0.2124882485,-0.07500016376,-0.03753006874,-0.001104169762,0.03456693699,0.05514283259,0.0800028586,0.1011311577,0.1207528184,0.139316315,0.1565631391,0.1729812549,0.1873679953,0.2018055518,0.214295862,0.2257997549,0.2369898817,0.2460618007,0.2549090326,0.2628334087,0.2695489795,0.2760319532,0.2814234654,0.2862291004,0.2906984242,0.2941544173,0.2973631855,0.3000834507,0.3022151254,0.3041202678,0.3055032821,0.3065646783,0.3074184247,0.3077692964,0.3079609377,0.3078976336,0.307535521,0.3070305885,0.3062649476,0.3053321355,0.3042883224,0.3029950003,0.3016208049,0.3001256678,0.2984936303,0.2967935466,0.2949820657,0.2931041146,0.2911884807,0.2891728958,0.2871389095,0.2850712417,0.2829661982,0.2808497375,0.278711388,0.2765697473,0.2744348444,0.2722867695,0.2701541181,0.2680381873,0.2659430804
2.3,0.0720625525,0.04590774108,0.0193925248,-0.008093137498,-0.03684021305,-0.06529296459,-0.0945390722,-0.1237361637,-0.1522533073,-0.1804203787,-0.2070718172,-0.2321974752,-0.255550481,-0.2756338095,-0.2929941993,-0.3069599936,-0.3171081106,-0.3231781404,-0.3251793668,-0.323359043,-0.3179684536,-0.3088655458,-0.2970016938,-0.2827758111,-0.2666906509,-0.2492044083,-0.230938191,-0.212355762,-0.1938327412,-0.1758858118,-0.1587211907,-0.142601198,-0.1277726626,-0.1145792163,-0.1030201377,-0.09316349351,-0.08503245859,-0.07910741892,-0.07498964277,-0.07271945495,-0.07233412276,-0.07395448509,-0.07732965768,-0.08230935707,-0.08869824436,-0.09673666985,-0.105795439,-0.1157144603,-0.1263133638,-0.1371477051,-0.1479409561,-0.1582288357,-0.1675172218,-0.1754606887,-0.1814741783,-0.1852510413,-0.1865010005,-0.1844706747,-0.1793893457,-0.1710927773,-0.1596130293,-0.1447898812,-0.1271730187,-0.1071264912,-0.08489828101,-0.0608862567,-0.03556350702,-0.009374441647,0.01701929761,0.04390153578,0.07024109347,0.09591713037,0.1211074119,0.1444350093,0.1666824763,0.1872283487,0.20529506,0.2212410005,0.233712666,0.2425755613,0.2459273206,0.2131222869,0.1756801028,0.1291942467,0.07136329848,0.001793828325,-0.0820663132,-0.1798095185,-0.2952294346,-0.4298410775,-0.5789928669,-0.7386989991,-0.9077422686,-1.041909618,-1.092397909,-1.045319757,-0.9182937896,-0.7670198959,-0.6263655224,-0.4649287022,-0.2242814434,-0.08840091141,-0.04995169111,-0.01277663446,0.02349793632,0.04506469343,0.07063740053,0.09252430207,0.1128784421,0.1321631546,0.1501328897,0.1672745593,0.1824432997,0.1976387153,0.2109538957,0.2233089575,0.235355328,0.2453587618,0.2551400376,0.2640287128,0.2717449805,0.2792359585,0.2856667533,0.2915263342,0.2970565405,0.3015992083,0.305896571,0.309714451,0.312952318,0.3159646289,0.3184596722,0.320632657,0.3225979934,0.3240573046,0.3253543474,0.3263920494,0.3271236927,0.3277066813,0.32801965,0.328156101,0.3281760851,0.3279285528,0.3275933879,0.3271273617,0.3265065433,0.3258137033,0.3249916602,0.3240917667,0.3231529841,0.3220883293,0.3210058696,0.3198843142,0.3187074672,0.3175330776,0.3163241766,0.3151131179,0.3139352512,0.3127245879,0.3115649948,0.310446005,0.3093475849
2.4,0.146349829,0.1298428521,0.1124805082,0.09359479001,0.07279111744,0.05118500156,0.02780268084,0.003273744571,-0.02197090669,-0.04867464049,-0.07565855531,-0.1030639561,-0.1307835953,-0.1576449233,-0.1839282171,-0.2088596453,-0.2317893811,-0.2522144747,-0.2695204119,-0.2834271291,-0.2936224114,-0.29936912,-0.3011564483,-0.2990466645,-0.2933482412,-0.2842518901,-0.2725921827,-0.2589338881,-0.2438012054,-0.2278886463,-0.2116667986,-0.1956349688,-0.1802556194,-0.1659206123,-0.1529086097,-0.1413722275,-0.1314056602,-0.1236303003,-0.1176623977,-0.1136222027,-0.1116124932,-0.1117653025,-0.1139070614,-0.1179032828,-0.1235852294,-0.1313130663,-0.140432328,-0.1508490258,-0.162443633,-0.1748260383,-0.1877529204,-0.2007738247,-0.2133909927,-0.2252762878,-0.2357277505,-0.2443481625,-0.250708732,-0.2537873053,-0.253648404,-0.2498872809,-0.2423206428,-0.2304990599,-0.2149327937,-0.1959322368,-0.1737261871,-0.1486774772,-0.1214597157,-0.09265396823,-0.06310584926,-0.03254177691,-0.00230359732,0.02737919209,0.05660927229,0.0837976315,0.1097120028,0.1336111991,0.154621745,0.1730226428,0.1873689439,0.1974743351,0.2011626072,0.1681735342,0.129757245,0.08079415649,0.01844317482,-0.05821255688,-0.1525575072,-0.2650766524,-0.401134161,-0.5642752621,-0.7510128676,-0.956064389,-1.16517157,-1.287536637,-1.249684054,-1.093331521,-0.8928847903,-0.7116720642,-0.5636472945,-0.4063666837,-0.1819884725,-0.0554471349,-0.01927084079,0.01585267092,0.0503371371,0.07116081001,0.0958624075,0.1171911921,0.1371365496,0.156162964,0.1739832197,0.191063089,0.2063115256,0.2216074071,0.2351446604,0.2477832929,0.2601399177,0.2705647663,0.2807815323,0.2901518533,0.2984047744,0.3064411491,0.3134622759,0.3199319117,0.3260822754,0.3312753153,0.3362253193,0.3407056397,0.3446148127,0.3482947201,0.3514604498,0.3543002607,0.3569264898,0.3590379861,0.360976427,0.3626446374,0.3639912396,0.3651726345,0.3660646598,0.3667603246,0.3673239546,0.3675856687,0.3677410436,0.3677418706,0.3675545899,0.3672736139,0.3668280902,0.3662750258,0.3656657589,0.3648764801,0.3640511972,0.3631589084,0.3621648453,0.3611622401,0.3600801839,0.3589668719,0.3578854504,0.356703912,0.3555757539,0.3544715892,0.3533390044
2.5,0.19692775,0.1887089127,0.1792933873,0.1678699355,0.153905361,0.1385641547,0.1207171528,0.1010393157,0.07999276087,0.05636888866,0.03166950322,0.00557987637,-0.02195971535,-0.0497857552,-0.07830987959,-0.1067100698,-0.1342733578,-0.1607591849,-0.1851276493,-0.2070230332,-0.2259608845,-0.2407255111,-0.2516265107,-0.2583390675,-0.2608590176,-0.2591201103,-0.2538267877,-0.2455161943,-0.2347146326,-0.2220396787,-0.2081907608,-0.1937698108,-0.1793660966,-0.1653711776,-0.1522896518,-0.1403491341,-0.1296986864,-0.1210361157,-0.1140394243,-0.1088970818,-0.1057798079,-0.1048195004,-0.105948206,-0.1090585022,-0.1140118944,-0.121305727,-0.1302661291,-0.1408720762,-0.1530733742,-0.1665415055,-0.1810594506,-0.1961758761,-0.2113672959,-0.2263636992,-0.2402697746,-0.2525796239,-0.2627126687,-0.2693720453,-0.2724256808,-0.2712146952,-0.2653426032,-0.2542304465,-0.2383284891,-0.2180161429,-0.1936532117,-0.1657120327,-0.1351574047,-0.1027625372,-0.06955620979,-0.0354869658,-0.00198401913,0.0306233751,0.0623653164,0.09161140613,0.1191411701,0.1442525832,0.1661374514,0.1850316762,0.1996741345,0.2099270814,0.2137738159,0.1719474193,0.1232723701,0.062114057,-0.01483392376,-0.1090509516,-0.225016009,-0.3643298256,-0.5341842465,-0.7400642133,-0.9757875304,-1.217741868,-1.386740177,-1.341277277,-1.151736914,-0.9357924739,-0.7344840615,-0.5734223147,-0.4489127914,-0.3187484815,-0.1285838488,-0.01598642801,0.01530167213,0.04617883021,0.07705364696,0.0956898015,0.1182965325,0.1380373811,0.1566900603,0.1747143399,0.1917255278,0.2081560331,0.2229494881,0.2378584731,0.2511595427,0.2636480442,0.2759032523,0.2863511783,0.2966210134,0.3061020731,0.3145290524,0.32276252,0.3300324835,0.3367794857,0.3432290348,0.3487565363,0.354054793,0.3589010266,0.3631910922,0.3672605309,0.3708247402,0.3740671162,0.3770989017,0.3796139394,0.3819538338,0.384019793,0.3857534563,0.3873163941,0.3885749563,0.3896235845,0.390531872,0.3911085416,0.3915666724,0.3918511749,0.3919172048,0.3918749288,0.3916345692,0.3912592497,0.3908147988,0.3901347483,0.3894033525,0.3885766571,0.3875972158,0.386600911,0.3854732488,0.3842800023,0.383114829,0.3817679861,0.3804711056,0.3791706818,0.3777730062
2.6,0.2421814164,0.2413582729,0.238747907,0.2333533679,0.2244639701,0.2134284077,0.1988636684,0.181563079,0.1620938272,0.1386302004,0.1131819651,0.08521025462,0.05442826692,0.02219252077,-0.01220757165,-0.04780301153,-0.08369112686,-0.1200076103,-0.1549941253,-0.1881838317,-0.2188478135,-0.2446505879,-0.2658469091,-0.2813564664,-0.2905575206,-0.2930761863,-0.2894227706,-0.2803342125,-0.2666154204,-0.248769244,-0.2283372864,-0.2062109252,-0.1832866593,-0.1602343119,-0.1378622535,-0.1166223297,-0.09682649204,-0.07925587777,-0.06375732465,-0.05057608363,-0.03993872011,-0.03219888778,-0.02723568368,-0.0250345427,-0.02555737025,-0.02951943512,-0.03624356707,-0.0457946653,-0.05821306169,-0.07359139427,-0.09155785165,-0.1118075376,-0.1339518574,-0.1579416401,-0.1827176137,-0.2076544307,-0.2319416288,-0.2540494759,-0.2731077729,-0.287784785,-0.296905163,-0.2990703282,-0.2941042901,-0.2820407884,-0.2631750279,-0.2379071046,-0.2078423523,-0.1741953066,-0.1384625715,-0.1010923483,-0.06389527157,-0.02753011362,0.007787183915,0.04036441906,0.07080485378,0.09841417796,0.1224216849,0.1428953538,0.1587506155,0.1697990551,0.1739325953,0.1239133523,0.06626258484,-0.005319304673,-0.09474620782,-0.2041425282,-0.3390161897,-0.5017256024,-0.7000525503,-0.9359328962,-1.183270824,-1.357728415,-1.338523905,-1.147780212,-0.9353447477,-0.7439385634,-0.5774097957,-0.4476274605,-0.3490432735,-0.2465103587,-0.09169874215,0.005140599832,0.03188283241,0.05868869635,0.08594040683,0.1025708465,0.1230169592,0.1410874023,0.1583232664,0.1751620118,0.1911717394,0.2067421331,0.220893518,0.2352046451,0.2480935622,0.2602703088,0.272263094,0.2826189848,0.2928292306,0.3023289074,0.3108639011,0.3192352778,0.3267191882,0.3337234531,0.3404597222,0.3463350822,0.3520009553,0.3572452204,0.3619637815,0.3664769232,0.3705078255,0.3742297169,0.3777516195,0.3807670558,0.3836117275,0.3861861501,0.3884262723,0.3904953475,0.392252729,0.393791856,0.3951865763,0.3962264639,0.3971388397,0.3978624162,0.3983395053,0.3986973003,0.3988245769,0.3987907785,0.3986756152,0.3982687112,0.3977942696,0.3971944623,0.3963880946,0.3955529258,0.3945294902,0.3934002298,0.3922898818,0.3909048863,0.3895584388,0.3881701667,0.3866011708
2.7,0.2678356011,0.2754600663,0.280842073,0.2829181765,0.2809404943,0.276224507,0.2673928301,0.2552563291,0.2403744535,0.2206366314,0.1981987559,0.1724008556,0.142799693,0.1104624599,0.07459402515,0.03596132353,-0.004727644369,-0.04821770019,-0.09261637245,-0.1376669423,-0.1827877399,-0.2251080547,-0.2645708279,-0.2990874981,-0.3266411442,-0.3457497128,-0.3553291368,-0.3554270355,-0.3466557235,-0.3284893437,-0.304025797,-0.2746248663,-0.2417396584,-0.2071656935,-0.1721120491,-0.1377724657,-0.1050756882,-0.07454946102,-0.04684762811,-0.02214595822,-0.0005400922603,0.01690897586,0.03089723762,0.04121055282,0.04763009283,0.0498327147,0.04804494389,0.04239700463,0.03307660834,0.01904765343,0.001463354953,-0.01975255783,-0.04468996588,-0.07291010955,-0.1041601846,-0.1377296664,-0.1726440337,-0.2086275614,-0.2436819711,-0.2766579802,-0.306306773,-0.3293295837,-0.34544794,-0.3531077362,-0.3511846021,-0.3398110872,-0.3197213487,-0.2925514528,-0.2604047258,-0.2234326953,-0.1849174732,-0.1458355092,-0.1067247265,-0.06991273495,-0.03489689859,-0.002747537513,0.02550552707,0.04987503159,0.06887673372,0.08217532821,0.08694434642,0.03594557313,-0.02241342666,-0.09547115761,-0.1877581178,-0.3018598427,-0.4435258927,-0.614491525,-0.8191020774,-1.045096645,-1.233027498,-1.274800467,-1.146013849,-0.9432174032,-0.7559961626,-0.594154215,-0.4556148707,-0.3486173247,-0.2685707729,-0.1881561989,-0.06607057632,0.013801161,0.03635022878,0.05924814475,0.08282374743,0.09756048384,0.1157040805,0.131936879,0.1475410246,0.1629115953,0.1776243159,0.1920167356,0.2052285719,0.2186177894,0.2308039403,0.2423921673,0.2538440682,0.2638773864,0.2737976965,0.2831055122,0.2915674298,0.299896328,0.3074411736,0.3145631778,0.3214516708,0.3275672878,0.3334962537,0.3390457171,0.3441153781,0.348997179,0.3534336741,0.3575815882,0.3615441081,0.3650238337,0.3683402052,0.3713964249,0.3741256101,0.3766847143,0.3789334476,0.3809604918,0.3828416776,0.3843533112,0.3857307132,0.3869086246,0.3878183182,0.3885988843,0.3891224854,0.3894630315,0.3897108772,0.3896186896,0.3894433902,0.3891157518,0.3885342305,0.3879096773,0.3870458211,0.386038457,0.3850383665,0.3836782531,0.3823419054,0.3809250335,0.3792494447
2.8,0.2572277174,0.2732177733,0.2870899334,0.2975438259,0.3037321869,0.3072194383,0.3063540934,0.3020822248,0.2949984901,0.2827247468,0.2676227334,0.2489078219,0.2260781811,0.1999406067,0.1696855298,0.1359233542,0.09905301894,0.05784511807,0.01392396927,-0.03289537518,-0.08243198767,-0.1329736457,-0.184310115,-0.234686061,-0.2821136789,-0.3240005287,-0.3580384306,-0.3821677821,-0.3947339498,-0.3934602527,-0.3803085554,-0.3567060562,-0.3247542623,-0.2867266937,-0.2455323035,-0.2032614478,-0.1616869283,-0.1218350094,-0.08495057712,-0.05147340329,-0.0215496144,0.003414873372,0.0243162727,0.04088660115,0.05278312874,0.05993588759,0.06238819419,0.06041702744,0.05442914155,0.04286829594,0.02743327923,0.007881522178,-0.01615438161,-0.04382528383,-0.07544609294,-0.1102171673,-0.1469729167,-0.1865177988,-0.2260735714,-0.2649330425,-0.3023968258,-0.3335953964,-0.3591788552,-0.3763768753,-0.3824810394,-0.3783406967,-0.3624662808,-0.3370290485,-0.3049536253,-0.2646169067,-0.2219241858,-0.1775681636,-0.1320118926,-0.08923427341,-0.04783789155,-0.009698442584,0.02368776861,0.05286548165,0.07540140859,0.0911472936,0.0965764824,0.04540737357,-0.01301762491,-0.08710229144,-0.1816193012,-0.2996139132,-0.4466119086,-0.6233771772,-0.8289493723,-1.035516447,-1.161948991,-1.122893958,-0.9614054294,-0.7685382676,-0.6008119249,-0.4603833998,-0.3441049542,-0.2569335797,-0.1947461689,-0.1374809618,-0.05060939319,0.01109775356,0.0277817504,0.04529452162,0.06389750418,0.0755962628,0.09046106878,0.1040028972,0.1172285223,0.1304935593,0.1433410892,0.1560484366,0.1678604753,0.1799159664,0.1910175656,0.2016631122,0.212243111,0.2216471399,0.2309883763,0.2398310352,0.2479642181,0.2560087696,0.2633884105,0.2704144281,0.277253479,0.2834226165,0.2894391378,0.2951293873,0.3003974904,0.3055065475,0.3102184955,0.3146728513,0.3189643211,0.3228111497,0.3265096738,0.3299679895,0.3331174828,0.3361068477,0.3387980496,0.3412739807,0.3436103807,0.345576869,0.3474104817,0.3490437155,0.3504010369,0.3516265503,0.3525833031,0.3533466914,0.3540140668,0.354312982,0.3545223002,0.3545652049,0.3543259572,0.3540380114,0.3534798963,0.3527570744,0.3520380516,0.3509046668,0.3497899082,0.3485731392,0.3470491046
2.9,0.1892737381,0.2148647604,0.2398571734,0.2615304552,0.2780583425,0.2933889882,0.303394282,0.3100011604,0.3144818474,0.3124997626,0.3082938396,0.3002646262,0.2873333522,0.2715188151,0.2506169518,0.2257550343,0.1976019055,0.1632743838,0.1255522266,0.0833990402,0.0362267257,-0.01434668924,-0.06936901463,-0.1274643298,-0.1872480788,-0.2478961355,-0.3060785957,-0.3594144296,-0.4044964019,-0.4356056358,-0.4515836874,-0.4508503358,-0.4342264402,-0.4031628644,-0.3626996156,-0.3165155398,-0.2677002405,-0.2190395774,-0.1723997113,-0.1290413062,-0.08977846603,-0.05548131637,-0.02609405085,-0.001615926622,0.0179736927,0.03176067479,0.04070743122,0.04482514665,0.04417802429,0.03801717278,0.02722620145,0.01189418905,-0.007965397584,-0.03283127522,-0.06190406243,-0.09497269162,-0.1315762636,-0.1716432307,-0.213705014,-0.2566746086,-0.299296566,-0.3379341084,-0.3711142906,-0.3957288632,-0.408393753,-0.4073865062,-0.3918341622,-0.3633386104,-0.3249838265,-0.2766124533,-0.2245090636,-0.1704665421,-0.1158213076,-0.06427903331,-0.01538913472,0.02914604514,0.06807491192,0.101108148,0.1266290083,0.1442004589,0.1499372445,0.09346832624,0.02945516144,-0.05096990228,-0.1530094773,-0.280163289,-0.4378914782,-0.6255426946,-0.8360684733,-1.023624818,-1.090797028,-0.9923331245,-0.8150347498,-0.6325362877,-0.4812910141,-0.359530846,-0.2636823741,-0.1958506693,-0.1517828547,-0.1179068852,-0.06617856287,-0.02222496537,-0.01183579344,-2.89390987e-05,0.01337138185,0.02181758325,0.03328594066,0.04405958535,0.05486823731,0.06603761722,0.0770512947,0.08812546471,0.09860476987,0.1094096118,0.1195181733,0.1293192981,0.1391283314,0.1480144699,0.1568884323,0.1653800228,0.1733035242,0.1811827165,0.1885205423,0.1955752702,0.2024890051,0.2088421293,0.2150759653,0.2210380051,0.2266398521,0.2321099098,0.2372353987,0.2421361226,0.2468950248,0.251254843,0.2554802421,0.2594877039,0.2632102355,0.266780908,0.2700717565,0.2731574812,0.2761096776,0.2787019797,0.2811632827,0.2834280646,0.2854203714,0.2872763682,0.2888641529,0.2902563191,0.2915511118,0.2924681169,0.2932928658,0.2939475317,0.294313017,0.2946241793,0.2946578911,0.2945227541,0.294392193,0.2938314929,0.2932917774,0.2926487964,0.2916912661
3,0.02680789128,0.06285444719,0.1013129306,0.1374442373,0.1682692466,0.1997674925,0.2252597551,0.2474349985,0.2677783257,0.2808326251,0.2917106519,0.2983145736,0.2995228089,0.297328086,0.2894626488,0.2771229239,0.2606939381,0.2373902029,0.2096614346,0.1764851736,0.1374953809,0.09261147587,0.041700141,-0.01485770417,-0.07715501728,-0.1446345993,-0.2163184734,-0.2907103126,-0.3646211997,-0.4344137042,-0.4941842675,-0.5386332906,-0.5639427311,-0.5625809958,-0.5406850813,-0.5013612218,-0.4489865582,-0.3913377553,-0.3309996445,-0.2720565069,-0.217252845,-0.1658787655,-0.1205337449,-0.08054161529,-0.04531909173,-0.0174260687,0.005667345302,0.02331765385,0.03509947314,0.0413378956,0.04171488154,0.03678015006,0.02679816119,0.009813776977,-0.0123069194,-0.04005424426,-0.07356658631,-0.1128691637,-0.1573670915,-0.206169757,-0.2583729108,-0.3117387621,-0.36363815,-0.4104128567,-0.4469386641,-0.4682314854,-0.4706828596,-0.4536559864,-0.4196889244,-0.369527878,-0.3114337085,-0.2491418122,-0.1856141591,-0.1251092535,-0.06826088262,-0.01685544435,0.02796808851,0.06525378623,0.09401208321,0.1135976995,0.1197242269,0.05727160538,-0.01249366869,-0.09914619822,-0.2084411379,-0.3444957563,-0.5126827878,-0.7102601887,-0.9210073861,-1.076565246,-1.077326252,-0.9313029263,-0.7460326503,-0.5729678956,-0.4345227585,-0.3269286473,-0.2465894509,-0.1932394451,-0.1624598498,-0.1459604872,-0.1209145288,-0.09108343393,-0.08415005804,-0.07536697662,-0.06472418876,-0.05734830259,-0.04731767251,-0.03755839321,-0.02758327463,-0.0171311366,-0.00669807983,0.003870859741,0.01404026436,0.02451703263,0.03447728473,0.04420988206,0.05395588154,0.06297390176,0.07197154062,0.08065154916,0.08885979422,0.09700776525,0.1046963665,0.1121283926,0.1194160129,0.1262137882,0.1328790199,0.1392881419,0.145368693,0.1512929234,0.1568981642,0.1622795208,0.1675034842,0.1723494308,0.1770420788,0.1815141765,0.1857108401,0.1897255843,0.1934685225,0.1970004694,0.2003809058,0.2034079798,0.2062863019,0.2089631479,0.2113756519,0.213622173,0.2156100064,0.2174013035,0.2190814945,0.2203971899,0.2216103529,0.2226572272,0.2234386419,0.2241417397,0.2245955325,0.2248969498,0.2251987369,0.2251149702,0.2250553112,0.2249169043,0.2245243499
3.1,-0.1442614467,-0.1110978841,-0.06866493482,-0.0244856873,0.01611848249,0.06181417907,0.1014778376,0.1385803403,0.1748734619,0.2028318228,0.2289981673,0.2503743806,0.2654483631,0.2771192656,0.2821792184,0.282263436,0.2780226081,0.2659222025,0.2492410178,0.2267623815,0.1978245678,0.162888404,0.121134948,0.07308290186,0.01900063585,-0.0430952831,-0.1111065183,-0.1854485918,-0.2659548896,-0.3494745269,-0.4346529205,-0.516572716,-0.5896983904,-0.6415381022,-0.668815452,-0.6666774401,-0.6324858317,-0.5798632733,-0.5099673208,-0.4340473151,-0.3612671523,-0.2853409601,-0.2182063399,-0.1569056951,-0.09927142639,-0.05317967142,-0.01130466974,0.02360782556,0.04998347487,0.07123580991,0.08407536721,0.09042165351,0.09119373674,0.08235451759,0.06776370479,0.04609819099,0.01683376075,-0.01972731989,-0.06386983437,-0.1147870209,-0.1722073196,-0.2357337777,-0.3030501745,-0.3718664994,-0.4376392833,-0.4943520229,-0.5352461715,-0.5545655403,-0.5501401816,-0.5191349069,-0.4705834105,-0.4103898521,-0.3438240582,-0.2774001685,-0.2134161899,-0.1546695398,-0.1030603334,-0.05959729258,-0.02598281449,-0.002978808381,0.00407932807,-0.05904109561,-0.1285427609,-0.2157394531,-0.3272822573,-0.4682441372,-0.6438208343,-0.848072212,-1.05032474,-1.155251355,-1.080561462,-0.8926869157,-0.7007967917,-0.533320383,-0.4019982857,-0.3031798138,-0.2331530435,-0.1891049208,-0.1667721465,-0.1628325371,-0.1596509975,-0.1428712356,-0.1371893227,-0.1294021024,-0.1197596099,-0.1116806037,-0.1016528559,-0.09162371141,-0.08135391046,-0.0707130459,-0.06007355784,-0.04935871888,-0.03894613599,-0.02837865343,-0.01822381647,-0.008298482371,0.001552440454,0.01080804974,0.01994876196,0.02876777839,0.03715618348,0.04537055384,0.05315416808,0.06064218844,0.06790552731,0.07469464362,0.08126401489,0.08753325834,0.09345933674,0.09912108567,0.1044478315,0.1095009008,0.1143207761,0.1187475857,0.1229481528,0.1268859215,0.1305358805,0.1339127226,0.1370109412,0.1398675442,0.142516456,0.1448184628,0.1469236219,0.1488105869,0.1504542202,0.1518650856,0.1530478027,0.1540401822,0.15489109,0.1554399738,0.1558683204,0.1561537918,0.1562572343,0.1562376693,0.1560656006,0.1558009957,0.1555327889,0.155039264,0.1545836191,0.1541279677,0.1536032244
3.2,-0.1783848266,-0.1650233167,-0.1415620805,-0.1101639549,-0.07380178488,-0.03127869684,0.01167077879,0.05459505444,0.09705061869,0.1351517121,0.1706392832,0.2019654115,0.2280191852,0.2496198765,0.2654479707,0.2760995435,0.2823223767,0.2810925752,0.2752707084,0.2641887088,0.2465613295,0.2240377109,0.1947921688,0.1595862656,0.1202130289,0.07111198412,0.01753270053,-0.04235288495,-0.1119589311,-0.1839508929,-0.2651687896,-0.3517368249,-0.4358157496,-0.5241952012,-0.5966935562,-0.6484123989,-0.6782967319,-0.6576047564,-0.612922887,-0.5451126748,-0.4568039779,-0.37475871,-0.2881013109,-0.2070426198,-0.1393168485,-0.07148457655,-0.0178564084,0.02734680453,0.06969369306,0.09479621186,0.1171786348,0.1318079112,0.1337101234,0.1343439824,0.1224251704,0.1030741919,0.081334741,0.04326065956,0.002981550708,-0.04472470937,-0.1051272834,-0.1645082407,-0.2354367502,-0.3107074738,-0.3814807888,-0.4586287081,-0.5199263028,-0.5653152928,-0.5948405507,-0.5844242762,-0.5555631243,-0.5060076467,-0.4393464388,-0.3724950035,-0.3018782281,-0.2356497971,-0.1774491179,-0.125949547,-0.08660347526,-0.05921656214,-0.05086079249,-0.1120197056,-0.1794500152,-0.266729703,-0.3816368991,-0.5295033691,-0.7145373394,-0.9212623775,-1.092540954,-1.111418092,-0.9581073949,-0.7463099962,-0.5595838359,-0.4051201717,-0.2871544057,-0.2023175585,-0.14783387,-0.1191143849,-0.1115547306,-0.1278654954,-0.1571553255,-0.1568225989,-0.1538740381,-0.1480106034,-0.13977074,-0.1309021794,-0.1204523203,-0.1094567443,-0.09799844746,-0.0860717418,-0.07403010678,-0.06188875758,-0.04990270819,-0.03788577441,-0.02617881125,-0.01471985807,-0.003450347769,0.007303629531,0.01779731173,0.02790055329,0.03754373924,0.04681592211,0.05560313133,0.06397000075,0.07193998939,0.07935162421,0.08635833007,0.09292223621,0.09903340003,0.1046533621,0.1098249251,0.1145711907,0.118897603,0.1227128883,0.1261179054,0.1291145771,0.1317197161,0.133831854,0.1355697695,0.1369383721,0.1379324628,0.1385029982,0.1387225316,0.1386172903,0.1382252654,0.1374108307,0.1363430023,0.1350209405,0.1334314668,0.1315752079,0.1294966558,0.127247857,0.124899923,0.1222835842,0.119629046,0.1169329144,0.1141692645,0.1114275518,0.108700361,0.1060779076,0.103699645
3.3,-0.1014151403,-0.1083155547,-0.1133447125,-0.1089477848,-0.08974946713,-0.06892758454,-0.03606599097,0.001317099175,0.03797860087,0.08102201718,0.119795281,0.1568679008,0.1930764913,0.2221686052,0.2491435071,0.2714546758,0.2883945014,0.3012296423,0.3084983666,0.3113755254,0.3094804116,0.3017887657,0.2891257809,0.2711415294,0.2486240027,0.2182914741,0.1827982332,0.1410697654,0.09132123504,0.03531910232,-0.0294691381,-0.1019940472,-0.1808001681,-0.2678634436,-0.3567730457,-0.4439659622,-0.5222474444,-0.5736979769,-0.5936696844,-0.575714647,-0.5227599111,-0.4497594522,-0.3649929441,-0.2795793688,-0.2000939473,-0.1259629611,-0.06226443946,-0.00748227486,0.0388264777,0.07404062549,0.1011467702,0.1196818791,0.1306541111,0.1316715541,0.1257330927,0.1126590544,0.09069012706,0.06277169017,0.02592627012,-0.01827066669,-0.06691656369,-0.127412894,-0.1913588801,-0.2608244004,-0.3376772998,-0.4094765658,-0.4802843986,-0.5395291293,-0.5770375926,-0.588524407,-0.5690833787,-0.5242862745,-0.4615106034,-0.3877049209,-0.312085992,-0.2396491785,-0.1735701848,-0.1177874734,-0.07359593209,-0.04317323429,-0.03434054653,-0.09928729208,-0.1712378654,-0.2643418333,-0.3866762278,-0.5425648014,-0.7295550776,-0.9136506786,-1.011281916,-0.9417280137,-0.7577425331,-0.5581410589,-0.3963802206,-0.2665459382,-0.1697559783,-0.1059744096,-0.07388191123,-0.06656403966,-0.07966175297,-0.121401522,-0.1831115628,-0.1924401562,-0.1876642886,-0.1781155317,-0.1647924065,-0.1492492976,-0.1317437556,-0.1132535093,-0.09407546319,-0.07436264204,-0.05453286051,-0.0346800823,-0.01514880006,0.00428221281,0.0231536944,0.04153818471,0.05950375233,0.07660504684,0.09318141003,0.1090557993,0.1241360173,0.1385228557,0.1520789564,0.1648899967,0.1769850085,0.1881412237,0.1985727649,0.2082324298,0.2171151104,0.2251397968,0.2323956846,0.2389099803,0.244679744,0.2495909531,0.2537706942,0.2572299616,0.2600048267,0.2619092442,0.2631505112,0.2637214695,0.2635923345,0.2627300727,0.2611946085,0.2590360264,0.2563348042,0.2528202325,0.2488046537,0.2442585099,0.2391145643,0.2334748042,0.2272958154,0.2206882486,0.2138237124,0.2062974441,0.1986072874,0.1906950676,0.1824190554,0.174174986,0.1657018428,0.1572343779,0.1491657476
3.4,0.01782269408,-0.005186744513,-0.02919598974,-0.04764638374,-0.05549873398,-0.05818626224,-0.04776713627,-0.02837601652,-0.002692469369,0.03296191131,0.07076127661,0.1110356027,0.1521745688,0.1916590614,0.2294082882,0.2640219643,0.2958606957,0.3225626294,0.34573817,0.3648019132,0.3783528965,0.387814131,0.3912503457,0.3894800773,0.3833476511,0.3685272906,0.3486124133,0.3219351471,0.2874352997,0.2453604516,0.1945671287,0.135648329,0.06791512016,-0.008706855395,-0.09312690272,-0.183908912,-0.2753387857,-0.3636488262,-0.4354567679,-0.4808433178,-0.495300347,-0.4673372793,-0.4153455176,-0.3474317711,-0.2707054772,-0.1986090986,-0.1296589378,-0.06804594378,-0.01672184336,0.02832553975,0.06297627296,0.08966342536,0.1107523502,0.1199851115,0.1241592319,0.1212267554,0.1095622877,0.09227123533,0.0660681281,0.03285640467,-0.006713951342,-0.05674811733,-0.1132781619,-0.1777472345,-0.2492006325,-0.3256474026,-0.4034829575,-0.476579571,-0.5379940266,-0.5725820956,-0.5769155612,-0.548898726,-0.49453288,-0.4221414115,-0.3443874768,-0.2681501644,-0.1971759389,-0.1382217836,-0.09091131148,-0.05848795152,-0.04928445171,-0.118269311,-0.1932171758,-0.2880275484,-0.4105014276,-0.5600926103,-0.7263156954,-0.8590158258,-0.8881587175,-0.7894834831,-0.6207672507,-0.4502634872,-0.3178347498,-0.2131747124,-0.1377665891,-0.09424775732,-0.08259149055,-0.09455579526,-0.1251236958,-0.1835519609,-0.2498269556,-0.2437417358,-0.2221486812,-0.1941526121,-0.1615134993,-0.1286565208,-0.09365916044,-0.05885992236,-0.02434387704,0.009833089224,0.04318687339,0.07576444198,0.1070527726,0.1376640986,0.1668483617,0.1948723932,0.221955783,0.2473680864,0.2717997881,0.2949853259,0.3168060287,0.3375193665,0.3568871895,0.3750910765,0.3922158874,0.4079107823,0.4225519932,0.4360631864,0.4484307039,0.4596021865,0.4696596612,0.4786655267,0.48663685,0.493379267,0.4991091504,0.5038234762,0.5075506803,0.5100853832,0.5116545817,0.5122606448,0.5118762962,0.510404455,0.5079604081,0.5045818121,0.5003424654,0.494922568,0.488668739,0.4815441348,0.4734646363,0.4644944161,0.4546052115,0.4439010043,0.4325629783,0.420086388,0.4070503163,0.3933714322,0.3788530471,0.3639573622,0.348346223,0.3322954417,0.3163099712
3.5,0.1090262608,0.08113759388,0.05022100658,0.01970319338,-0.005972114292,-0.02841788173,-0.04040439432,-0.04235844643,-0.03521937525,-0.01284126365,0.01702578356,0.05464690498,0.09825405346,0.1441376259,0.1914486249,0.2376161274,0.2819422266,0.3226987183,0.3597344337,0.3925538976,0.4199494795,0.4421128595,0.4580807556,0.4680759998,0.4726737031,0.4683529405,0.4579287945,0.4403790323,0.4144735088,0.3807254947,0.3379610024,0.2866961517,0.2275976021,0.1574917568,0.08000132211,-0.005194101306,-0.09708136662,-0.1890368093,-0.2773487692,-0.3520796224,-0.4048438372,-0.4209691833,-0.4059848237,-0.3644267735,-0.3012189045,-0.2345966551,-0.1633168534,-0.09535578009,-0.03630122959,0.02038246393,0.06654840858,0.1056140663,0.1397893631,0.1619898121,0.1792689255,0.1890880967,0.1901785766,0.1844642204,0.1695719856,0.1469759282,0.1166940833,0.07539955134,0.02595926642,-0.03288443907,-0.1002662636,-0.1768737097,-0.2589303577,-0.3427734548,-0.4256174004,-0.4887333906,-0.5306976418,-0.5407505093,-0.5130681168,-0.4639435793,-0.3956811715,-0.3232016054,-0.2550197962,-0.1925579253,-0.1436761685,-0.1090764433,-0.09855712497,-0.159100418,-0.2227488562,-0.3042980629,-0.4114538215,-0.539431812,-0.676213453,-0.775241996,-0.7898971614,-0.707754913,-0.5690982406,-0.4250922075,-0.3123793255,-0.2234435786,-0.161642708,-0.1293485109,-0.1270638812,-0.1466287093,-0.1812031916,-0.2340048122,-0.2625131535,-0.2200650145,-0.1742867813,-0.1238689766,-0.07085267175,-0.02192979806,0.02797612838,0.07563025668,0.1214981489,0.1658333586,0.2082925647,0.2491383531,0.2878839026,0.3254053929,0.3608913399,0.3947426716,0.4272711664,0.4576847176,0.4868142816,0.5143893537,0.540303125,0.5648595414,0.5878156719,0.6093850011,0.6296728584,0.6482949501,0.6656780957,0.6817444027,0.6964806796,0.7098287033,0.7218842442,0.7327173361,0.7423514602,0.7505560581,0.7575841928,0.7634281984,0.7681098327,0.771408481,0.7735619028,0.7745737473,0.7744195825,0.7729554331,0.7703328234,0.7665771826,0.7617461534,0.7555058876,0.7481990263,0.7397848963,0.7301773115,0.7193789737,0.7073937182,0.6942998317,0.6802483648,0.6647177961,0.6482616317,0.6307809003,0.6120617786,0.5924981563,0.5717602836,0.5500857893,0.5279519801
3.6,0.1356410997,0.1100876074,0.08065569006,0.04791347446,0.01468825308,-0.01801344087,-0.04556469214,-0.06550763538,-0.07746307182,-0.07242157189,-0.05643244679,-0.02811782154,0.01299459859,0.05963219819,0.1129948895,0.1680141756,0.2212461243,0.2744189642,0.3224478281,0.3660433686,0.4048202303,0.4359631981,0.4611576859,0.4793813321,0.4908504766,0.4933789888,0.4886367431,0.4764108393,0.4553556883,0.4261885383,0.3877719235,0.3406372445,0.2863962657,0.219985408,0.146814797,0.0656869424,-0.02489709486,-0.1156634497,-0.2088909135,-0.2951489023,-0.3630501151,-0.404430689,-0.4101649838,-0.3834832157,-0.3303905552,-0.2601038586,-0.1830351338,-0.1055719949,-0.03324179771,0.03497807302,0.09448779014,0.1461743969,0.1915040593,0.2252192476,0.252258793,0.2711337152,0.280294238,0.2817463511,0.2732378959,0.2562122442,0.2317828857,0.1949231664,0.1505719394,0.09708226765,0.03385898079,-0.03654988913,-0.1143342656,-0.1956130161,-0.2767450201,-0.3483524691,-0.4038073131,-0.4348724584,-0.4349598,-0.4066899603,-0.3567335828,-0.2957850436,-0.2321817385,-0.1720671634,-0.1217962958,-0.08509230368,-0.07357499668,-0.114261844,-0.1601499248,-0.2270406426,-0.3234777656,-0.4452949705,-0.5835146227,-0.6971442432,-0.7377591091,-0.6781417622,-0.5497867511,-0.4078945713,-0.2945061288,-0.2043374149,-0.1419790335,-0.1092295976,-0.105814317,-0.1236959867,-0.1554229861,-0.1988634632,-0.2026885749,-0.1431855212,-0.08654415356,-0.02699574071,0.03364510392,0.08915423901,0.1448147057,0.1976745051,0.2483371659,0.297151911,0.3438547517,0.3887262333,0.4313843457,0.4726396228,0.5117931967,0.5492104899,0.5851644494,0.6190077188,0.6514324398,0.6822259816,0.7113131416,0.7389105148,0.7648581539,0.7893277376,0.8124008977,0.8337512716,0.8537406696,0.87231709,0.8894808887,0.9051173627,0.9193730968,0.9322965231,0.9438984906,0.9539644412,0.9627263816,0.9701886282,0.9763779969,0.981034571,0.9844301277,0.9865561795,0.9873819867,0.9867542374,0.9848264622,0.9816255977,0.9772043661,0.9712035562,0.9639795432,0.9554826096,0.9456221178,0.9343684214,0.921738202,0.9077963216,0.8926715351,0.8758301148,0.8578046424,0.8384807237,0.8176363381,0.7955955354,0.7720432029,0.7471732596,0.7214042953
3.7,0.1134289178,0.09632174105,0.07422906484,0.04643096849,0.01518207897,-0.01977746004,-0.054207479,-0.08574602938,-0.114299583,-0.1282953176,-0.1323570169,-0.1218902074,-0.09271088093,-0.05389934852,-0.001372654017,0.05712491278,0.1160214583,0.178399049,0.2354770775,0.2884447711,0.3361814151,0.3757478257,0.4085263239,0.4333397365,0.451462478,0.4587895498,0.4591201221,0.4517327362,0.4341017199,0.4099754787,0.3754518447,0.3323689553,0.2837373112,0.2210720592,0.1531083632,0.07691970521,-0.01056921548,-0.09852119164,-0.1933349896,-0.2857943514,-0.3649238083,-0.4236968963,-0.4458361032,-0.4306437946,-0.3803030836,-0.3044453682,-0.2166274551,-0.1258729142,-0.04097480441,0.04080644749,0.1115343657,0.1729195367,0.227476763,0.2674886963,0.3005233687,0.3242039248,0.3367804971,0.3416677359,0.3356823599,0.321221223,0.299150091,0.2653710806,0.2244004044,0.1748323422,0.117938503,0.05320162521,-0.01604657496,-0.08709636192,-0.1595802601,-0.2186366064,-0.2658296877,-0.291899444,-0.288038966,-0.2631661126,-0.2152637611,-0.15649248,-0.09582143979,-0.03505038705,0.01513574387,0.05251988753,0.06487257343,0.02686279206,-0.02114053545,-0.09601641477,-0.2071874073,-0.3520186635,-0.5237800195,-0.6735182776,-0.7262813878,-0.6420906394,-0.4807219628,-0.3164185042,-0.1910760353,-0.09697064321,-0.03674855073,-0.009470670284,-0.01456408402,-0.04438948386,-0.09067347232,-0.1519153176,-0.178927711,-0.1247988929,-0.06561371248,-0.003319919813,0.06000439653,0.1196980514,0.179043142,0.2359067207,0.290723688,0.3437545853,0.3947818469,0.4439768361,0.491090459,0.5367316463,0.5803725969,0.6222703596,0.6625959639,0.7009555603,0.7377615287,0.772892581,0.8063217055,0.8381083408,0.8682275251,0.8967723134,0.923777435,0.9490312886,0.9727664299,0.9949771427,1.015690646,1.034699275,1.052234656,1.068307248,1.082903615,1.09585966,1.10735298,1.117414631,1.12608862,1.13304881,1.138630896,1.142804828,1.145526269,1.146657419,1.146333526,1.144595838,1.1415043,1.136650823,1.130435443,1.122793725,1.113625378,1.102891883,1.090608329,1.076840543,1.061709401,1.044648594,1.026202533,1.006239564,0.9845291723,0.961348264,0.9363902931,0.9098210917,0.8820114417
3.8,0.07356569893,0.07070662362,0.06198531783,0.04645871349,0.02372342468,-0.004050967558,-0.03736108995,-0.07376718532,-0.1105890535,-0.1455686976,-0.1733541375,-0.1901211495,-0.1902123795,-0.1724628064,-0.1354188344,-0.08413504066,-0.0253679809,0.04180982186,0.1066104136,0.1686450796,0.2257628487,0.2747036453,0.3162526795,0.3492340019,0.3751037509,0.3895992584,0.3969197318,0.3963976224,0.3860417021,0.3688848269,0.3421660221,0.3075512988,0.2669754309,0.2142251459,0.1551778788,0.08769994518,0.009559572104,-0.07415582167,-0.1668276102,-0.2634729883,-0.355380353,-0.4349022594,-0.4817825434,-0.4865132978,-0.4450829349,-0.3652425917,-0.2660013504,-0.1607620414,-0.06240110414,0.03259673565,0.113609899,0.183308445,0.2449468577,0.2896879438,0.3267217974,0.3534020627,0.36845569,0.3752121383,0.3711389712,0.3587513735,0.3385511176,0.3077302396,0.2697809064,0.2239105861,0.1718226303,0.1122018844,0.04938827838,-0.01419998805,-0.07810654726,-0.1267869426,-0.1626843721,-0.1768837105,-0.1607165034,-0.1267223118,-0.07074849997,-0.006234597732,0.05727472694,0.1207688912,0.1716719476,0.2094022288,0.2220979646,0.1692570179,0.1031741115,0.005702817094,-0.1333856583,-0.3125737372,-0.5188328178,-0.6733118503,-0.6657878485,-0.5063396773,-0.3109369899,-0.1414101626,-0.02414708839,0.05498999893,0.09640281921,0.1016313068,0.06979954755,0.00961831601,-0.06954806793,-0.1707448362,-0.2413360031,-0.1929862564,-0.1292114783,-0.06226493301,0.005370703525,0.07021725162,0.1341381548,0.1957396622,0.255433881,0.3133965031,0.3695518658,0.4239533722,0.4764874381,0.5275789245,0.576850005,0.6244426306,0.6703974767,0.7146018848,0.7571317765,0.7979593764,0.8371101409,0.8744412757,0.9100884994,0.9440411844,0.9762676502,1.006704128,1.035410686,1.062440586,1.087858086,1.111327959,1.133199027,1.153430611,1.171974381,1.188742474,1.203833565,1.217318776,1.229271017,1.239267773,1.247741987,1.254633194,1.259875703,1.263367798,1.265209787,1.265469562,1.26422651,1.260994059,1.256250486,1.249909158,1.241852622,1.232055401,1.220515202,1.20731265,1.192575604,1.175675148,1.157206638,1.137015268,1.114855105,1.090986937,1.065094864,1.037335802,1.008054359
3.9,0.02043506449,0.04122804272,0.05357657108,0.05810602804,0.05300972971,0.03996245197,0.01708882981,-0.01458744341,-0.05080701629,-0.09900348444,-0.1474551908,-0.1952630357,-0.2403802868,-0.2648071214,-0.2710377639,-0.2522591468,-0.2092617873,-0.1488910271,-0.07900461703,-0.006731850274,0.06241243955,0.1263908304,0.1820909715,0.2293354786,0.2690772266,0.2976043529,0.3188140641,0.3321140694,0.3373453591,0.334160503,0.3233617177,0.3053754923,0.2795813957,0.2445432095,0.2004117321,0.1468497603,0.083100337,0.006070497701,-0.08250248279,-0.1832984106,-0.2923292034,-0.4030138895,-0.4965098118,-0.5496816745,-0.5428000895,-0.470196587,-0.3602247351,-0.2367015542,-0.1176453476,-0.006176591053,0.08960793067,0.1715579996,0.2412751479,0.2950992906,0.3381492148,0.3700629004,0.3917216675,0.4020292389,0.4032653561,0.3959826968,0.3798819126,0.354498906,0.3207883055,0.2792037048,0.2304705739,0.1737869881,0.1125839798,0.04927677324,-0.01271902706,-0.06223585434,-0.09502300311,-0.1030187888,-0.08123502901,-0.03536670473,0.02896506173,0.1004688421,0.1715187839,0.2368841511,0.2904887647,0.329347299,0.3419120161,0.2711532389,0.1853423669,0.06603229709,-0.09589529269,-0.2944730641,-0.49212324,-0.5713965779,-0.4665286823,-0.2736341284,-0.08972160905,0.05585945276,0.1442803779,0.194502318,0.2080529362,0.1823771533,0.1142271553,0.01638853307,-0.09947287469,-0.2373042649,-0.3103599796,-0.2398210835,-0.168519531,-0.09743823906,-0.02776455745,0.03506507755,0.09732253805,0.1568624741,0.2147692418,0.2714583845,0.3270662254,0.3817035186,0.4352466424,0.4881073404,0.5398698734,0.5905948538,0.6401718123,0.6885892459,0.7356415042,0.7812951673,0.8255684933,0.8680837404,0.9090831666,0.9484193118,0.9859559902,1.021756411,1.055674527,1.0878075,1.118249269,1.146497517,1.173034074,1.197749169,1.220541633,1.24141731,1.260368539,1.277515123,1.292968475,1.30617276,1.317692963,1.327425977,1.335272136,1.341191199,1.345223718,1.347477493,1.348066017,1.34638509,1.343033014,1.337888549,1.330803799,1.321799651,1.310826648,1.2979968,1.283463634,1.266493812,1.247781757,1.227136543,1.204280832,1.179510181,1.152457564,1.123294877,1.092370118
4,-0.06304619807,-0.009700920512,0.0334416305,0.06682379434,0.08625109279,0.09698482647,0.09288560752,0.0761285901,0.05271069773,0.006485477834,-0.04576435219,-0.108847911,-0.1873800538,-0.2591071761,-0.3322031612,-0.38710705,-0.4082523488,-0.3942750332,-0.3432335888,-0.2697170338,-0.1863335758,-0.09922048916,-0.01790047079,0.05616151557,0.1225031984,0.178437341,0.2262747691,0.2658007556,0.2978764096,0.319548232,0.3338664717,0.3399052934,0.3365208794,0.3224910995,0.2972036588,0.260810345,0.210845347,0.1452329074,0.06267307088,-0.03887657589,-0.1563609382,-0.2992196053,-0.4494207039,-0.5902548047,-0.6851236801,-0.6707586568,-0.5671189705,-0.4178456905,-0.2648483066,-0.1213415354,0.001310008883,0.105904557,0.1938004893,0.2645464304,0.3218868555,0.3668700027,0.4015571058,0.4229952773,0.4353648935,0.4383926301,0.4318464059,0.4144019895,0.3874960648,0.3511215253,0.3049307967,0.248933228,0.1849391472,0.1159585876,0.04605835694,-0.01401319051,-0.05607053951,-0.06967153622,-0.04940153186,0.002100460039,0.07308260809,0.1514751329,0.2304533466,0.2993818599,0.3569921546,0.3981758188,0.410998865,0.3294804545,0.2346849027,0.1095391104,-0.05028588028,-0.2257843527,-0.35800945,-0.3515202598,-0.2197062217,-0.05187333203,0.09762011154,0.2119453906,0.2696981508,0.2920533892,0.2809033414,0.2291187796,0.1325080646,0.01177261891,-0.1134310536,-0.2308361213,-0.2032707299,-0.09146806892,-0.02281917613,0.04075381792,0.1009773758,0.1468731917,0.1937995383,0.2370063228,0.2786119379,0.3198160456,0.3608665194,0.4024458514,0.4442945044,0.4872645836,0.530734042,0.5748953386,0.6196305579,0.6646081322,0.7096714858,0.7545644086,0.7991512119,0.8428538156,0.8858101476,0.9276984642,0.9682072573,1.007393583,1.044889023,1.080756148,1.115068753,1.147114208,1.177474956,1.205942979,1.232330676,1.256734919,1.279006719,1.299309601,1.317796436,1.333733584,1.347847619,1.359974631,1.36995996,1.377858693,1.383611555,1.387380218,1.389329967,1.388688825,1.386224299,1.381761741,1.375101544,1.366362843,1.355398249,1.342372737,1.327490438,1.30985803,1.290329373,1.268656396,1.244505706,1.218283413,1.189503545,1.158384137,1.125314449
4.1,-0.1976093812,-0.1117074217,-0.03434032001,0.03188916389,0.07670549447,0.1170818869,0.1357075234,0.1394542258,0.1390577667,0.1066734639,0.07000831916,0.01835254688,-0.05875195968,-0.1354443506,-0.2357072334,-0.3425341991,-0.4420077126,-0.5317968643,-0.5757403656,-0.5692127057,-0.5054105988,-0.41018459,-0.2960510616,-0.1805146353,-0.07703449283,0.02560558942,0.1118087743,0.1874958719,0.255916679,0.3062964487,0.3490946465,0.3797242651,0.3984636394,0.4033279624,0.3951128517,0.3748279681,0.3366933903,0.2855812995,0.213523518,0.1205273982,0.01389677222,-0.1346260436,-0.3025768598,-0.5003433534,-0.7386740457,-0.9061039173,-0.9486500796,-0.8096698638,-0.5978368889,-0.3894042573,-0.2109274738,-0.06189297059,0.06543454864,0.165922525,0.2512577294,0.3214612094,0.3744098486,0.4176402317,0.4453175405,0.4613536593,0.4700795769,0.4585502475,0.4398198319,0.4087727117,0.3622815102,0.307520156,0.2384105518,0.1619012562,0.08074820126,0.006023438427,-0.05178151693,-0.07957124067,-0.06367471718,-0.01333778203,0.06446267725,0.1515448469,0.2376147832,0.3149061749,0.377908549,0.4230591326,0.4371737556,0.3589571318,0.27376976,0.165860727,0.03386683608,-0.09667426941,-0.1787961309,-0.1541145299,-0.04695704271,0.08503252177,0.2057843306,0.2989538088,0.3384510743,0.3463739924,0.3249968694,0.2655244607,0.1663932583,0.0569256879,-0.03605424535,-0.08909969427,0.02159525916,0.1450916181,0.20529829,0.2588725092,0.3088831908,0.3403169405,0.3732794006,0.4010108541,0.4258532282,0.4497473301,0.4726573793,0.4960417016,0.5195929385,0.5449046088,0.5714018979,0.5998217362,0.6305595935,0.6628441852,0.6972712579,0.7333932548,0.7709324313,0.8094097577,0.8486378831,0.8881883882,0.927557585,0.9665841649,1.004724161,1.041871731,1.077989952,1.112133516,1.144883983,1.175900126,1.204859874,1.231921114,1.256753629,1.279541517,1.300473515,1.318590802,1.334800259,1.348854739,1.360515387,1.369975616,1.377021068,1.381882408,1.384799026,1.384769216,1.38278867,1.378604818,1.37193781,1.36307627,1.351704841,1.338069912,1.322458834,1.303748763,1.283029109,1.259967977,1.234146639,1.20617771,1.175372946,1.142037282,1.10664713
4.2,-0.3827777225,-0.2841937996,-0.1871333663,-0.09572472219,-0.02100682339,0.04389676508,0.08946407002,0.1189338111,0.1411296292,0.1356132864,0.1231831782,0.09729684256,0.04890478939,-0.002499144734,-0.07661158771,-0.1644415246,-0.2558349958,-0.3718243389,-0.4787837817,-0.5737821868,-0.635259105,-0.6219954352,-0.5463589877,-0.4248052214,-0.293557783,-0.1509581096,-0.02624794838,0.08481606458,0.1852945363,0.2630870229,0.3298509663,0.3812627525,0.4182595523,0.4396052928,0.446723225,0.4411549028,0.4190783737,0.3832173301,0.3296516451,0.2584839456,0.1740616781,0.05774853544,-0.07847204946,-0.2449345902,-0.4625228298,-0.7085858678,-1.005895986,-1.233849005,-1.152799311,-0.8759204918,-0.5905257672,-0.3566583698,-0.1601393164,-0.009549621712,0.1177900967,0.2222992663,0.2995650229,0.3666108172,0.4107461508,0.4397515861,0.4606579552,0.4550673841,0.441986152,0.4142184475,0.3679720398,0.3124861741,0.2392559214,0.1561350762,0.06471135709,-0.02364879934,-0.09717587127,-0.1393153038,-0.1267263359,-0.07454118472,0.01529375775,0.1166576244,0.2139167471,0.3042884065,0.3753274829,0.4261535318,0.4419181961,0.3761244777,0.3087871781,0.2222572974,0.1134775482,0.003735509245,-0.07193193532,-0.06381000497,0.01784831483,0.1308419332,0.241636498,0.3313353568,0.3691819888,0.3780620676,0.3610984075,0.3084526047,0.2206290413,0.1316841252,0.06750835958,0.04934232162,0.1891702116,0.3174467051,0.3754830105,0.4264801998,0.4742164697,0.5007017522,0.5288732952,0.5504287785,0.5674178393,0.5825367921,0.594822558,0.6062964708,0.616481207,0.6272058321,0.6380735222,0.6502536424,0.6648634786,0.6807776089,0.6998650031,0.7218098023,0.7464462398,0.7739798735,0.8039237617,0.8360490776,0.8698543585,0.9047865269,0.9403357947,0.9761014827,1.011838833,1.046404549,1.080213247,1.112762962,1.143539502,1.172696933,1.199686789,1.224670069,1.247860424,1.26801304,1.286234433,1.302166029,1.315441523,1.326456042,1.334760174,1.340676329,1.344555443,1.345066735,1.343530715,1.339579533,1.332806649,1.323784589,1.311918829,1.297584328,1.281206942,1.261313594,1.239361203,1.214890461,1.187349002,1.157708318,1.124947015,1.089525658,1.052084429
4.3,-0.5128802103,-0.4861788682,-0.4233553441,-0.3341916466,-0.2353998573,-0.1480056218,-0.06990125989,-0.007483047659,0.04339462044,0.07459860215,0.09488596525,0.1037675715,0.09474662659,0.07960779946,0.04680472273,0.0004604487859,-0.05037863231,-0.1301913109,-0.2140750985,-0.3088686631,-0.4209531302,-0.5006269045,-0.5544549823,-0.5416088384,-0.46067602,-0.3348907498,-0.1962624442,-0.06321010319,0.05997377693,0.1622864799,0.2502530784,0.3215876494,0.3768573444,0.4165511619,0.4415909372,0.4541904441,0.4535013561,0.4381285703,0.4099042716,0.3679793356,0.3139478488,0.2392779742,0.1482441846,0.03718609468,-0.1045367095,-0.2737452975,-0.4892755239,-0.7555691226,-1.023534648,-1.172540063,-0.9973246235,-0.710425853,-0.4401632003,-0.2286370834,-0.05476021061,0.08505276466,0.1880865453,0.2757454542,0.3351677215,0.3760060043,0.4063449616,0.4076927238,0.4000573564,0.3765222773,0.333136312,0.2789366926,0.2048313701,0.1177482738,0.01857821093,-0.08475787414,-0.1779629356,-0.2406111975,-0.2378711683,-0.1817219274,-0.07502579108,0.04646363816,0.1616390827,0.267255778,0.3487384824,0.4060203574,0.4229846866,0.3652471607,0.308158448,0.2309681332,0.1288075447,0.01930073029,-0.06380781078,-0.06614126679,0.01069625774,0.1246017015,0.2419127736,0.3390949457,0.3798551711,0.3916309811,0.3794076228,0.3294801977,0.2439232973,0.1628998541,0.1119940245,0.1168754717,0.2904323748,0.4306585569,0.4928599839,0.5471051142,0.5983074954,0.6256108805,0.6549042689,0.6765124695,0.6918794678,0.7051160804,0.7135877887,0.7199671272,0.7237814104,0.7260205273,0.7269620693,0.7275376259,0.7291043347,0.7304802068,0.734211269,0.7403784321,0.7491152526,0.7614760896,0.7771385567,0.7964266257,0.819259061,0.8448029228,0.8729574727,0.903080018,0.9347069338,0.9666081017,0.9988777559,1.030838605,1.061721503,1.091578308,1.119598149,1.145850112,1.170554824,1.192076959,1.211758556,1.229081594,1.243474456,1.255646066,1.264769033,1.271297582,1.275765398,1.276322,1.274797589,1.270637226,1.263213844,1.253610438,1.240730598,1.225169938,1.207605388,1.185965536,1.162343653,1.136063091,1.106334858,1.074807336,1.0398508,1.002223471,0.9628888735
4.4,-0.387661524,-0.487951788,-0.554412375,-0.5652389309,-0.5064202817,-0.4267459331,-0.3227398061,-0.2235405356,-0.1367141862,-0.05900202459,0.00240889702,0.05267496155,0.08602061303,0.1093863413,0.1159640999,0.1074096389,0.09274297543,0.04803922947,-0.004498027203,-0.07294055601,-0.1702747668,-0.2633894605,-0.3743660557,-0.469997193,-0.5119416178,-0.4939118155,-0.4030068731,-0.2797933565,-0.1438849971,-0.01976691653,0.09312925235,0.1902282515,0.267867528,0.3343044501,0.3831808645,0.4197734399,0.4466814213,0.4553992053,0.4552970771,0.4424884521,0.4168841393,0.3758574125,0.3188305778,0.2461747674,0.1502639637,0.03286571924,-0.116120179,-0.3020088535,-0.5092250243,-0.7562418243,-0.9095168882,-0.8663704762,-0.6718533031,-0.4379208996,-0.2369914642,-0.07004318141,0.0565542875,0.1628365119,0.2386790846,0.2932729768,0.3366776938,0.3491838441,0.3525906662,0.3399496332,0.3053346115,0.2607400447,0.1928037898,0.108495532,0.008798006152,-0.1092502349,-0.228040629,-0.3300249124,-0.3655049816,-0.3276194028,-0.2135389514,-0.07314504857,0.06103993634,0.182927793,0.2753346847,0.3391102189,0.3571907781,0.3013712932,0.2491018116,0.177052544,0.0790127851,-0.02658844613,-0.105264575,-0.09883543375,-0.01393360041,0.1032728268,0.2246720577,0.323710856,0.3603364283,0.3678158459,0.3526620184,0.2983962606,0.2115347064,0.138851351,0.1066660961,0.1490330585,0.3627754623,0.5112993336,0.5776553357,0.6350233043,0.6898193966,0.7187890491,0.750196252,0.7734035592,0.7887632601,0.8027414814,0.8101674745,0.8146715419,0.8163851011,0.8140647157,0.8099218941,0.8038941162,0.7967600126,0.788518435,0.7805146265,0.7735690096,0.7683182679,0.7652986205,0.7655617247,0.7695975087,0.7777538407,0.7899794407,0.8061954266,0.826148066,0.8495023985,0.8746838072,0.9019532214,0.9302849307,0.9585563136,0.9869277415,1.014000282,1.039816042,1.064609864,1.086115418,1.106072036,1.123676587,1.138075342,1.150431191,1.159357797,1.16550691,1.169628463,1.169228144,1.166770667,1.161455897,1.152420652,1.141345587,1.126565596,1.108950559,1.089427037,1.065392385,1.039559287,1.011068912,0.9790334911,0.9456412333,0.9089221888,0.8699267814,0.8297935397
4.5,-0.1218078823,-0.2383418601,-0.3525210939,-0.4596910208,-0.5361234915,-0.5597174361,-0.5203665598,-0.4366084572,-0.3387214046,-0.2259629916,-0.1281449543,-0.04065353479,0.0314750868,0.08763190305,0.1273063995,0.1497893575,0.161848699,0.1470199294,0.1205052021,0.07762845149,0.008308080295,-0.06889649537,-0.1721967445,-0.2894659207,-0.3987764889,-0.502918838,-0.5403604995,-0.5080112885,-0.4082784604,-0.2795186349,-0.1423499169,-0.01275454395,0.09356728443,0.1965280319,0.2757943806,0.3411968413,0.3991825247,0.4323894875,0.458722806,0.4709662536,0.4671066067,0.4508532611,0.4164022983,0.3673559097,0.2999088397,0.210407514,0.09839355006,-0.04169976232,-0.2014890745,-0.4012465467,-0.5938094873,-0.7276309172,-0.7498841574,-0.5935140437,-0.4136559051,-0.2356448596,-0.08626033013,0.03957407713,0.1372202482,0.2112462192,0.2739701705,0.3040741058,0.324691839,0.328834165,0.3085612467,0.2787690208,0.2226580011,0.1475869303,0.05471878059,-0.0684351099,-0.2054306611,-0.3512035845,-0.4560215286,-0.4879953827,-0.4037894206,-0.2593083463,-0.1130340453,0.02752293384,0.130970763,0.2020127475,0.2220130268,0.1744096545,0.1371844133,0.08321268561,0.003241568523,-0.08234190295,-0.1459598529,-0.1333953869,-0.05492268183,0.05113288012,0.1649064132,0.258121176,0.2887154146,0.2922519159,0.2748000385,0.222046189,0.1476446691,0.09796659706,0.09504621602,0.1733340091,0.4035928124,0.549908827,0.6176612307,0.6761769383,0.732296117,0.762643494,0.7952212765,0.8194281715,0.8351323405,0.8494729635,0.8564389838,0.859943433,0.8602356878,0.8552594154,0.8478114452,0.8373571545,0.8244793974,0.8092513353,0.7926490633,0.7756349286,0.7587868861,0.7426882671,0.7287802264,0.7178504964,0.7109041574,0.7082538971,0.7105217678,0.7179594529,0.7304408797,0.7466703667,0.7668880785,0.7898730481,0.8143179264,0.8401995585,0.8656865877,0.8906853715,0.9152081488,0.9366555798,0.9567978569,0.974595373,0.9891426109,1.001529243,1.010305791,1.016161212,1.019706546,1.018629145,1.015231488,1.00876953,0.9986797315,0.9861063773,0.9700383017,0.9512278213,0.9301851179,0.90557337,0.879029086,0.8502506399,0.8193562754,0.7867439898,0.7526915426,0.7176619061,0.6816821238
4.6,0.09859103112,0.01943178276,-0.06121911922,-0.1503818971,-0.2551314323,-0.3345027321,-0.4032146953,-0.4296852109,-0.4081705579,-0.342089021,-0.2546955121,-0.1617413421,-0.07025289504,0.004891062649,0.06845264167,0.1159096145,0.1475098751,0.1611608981,0.1584209346,0.1408263011,0.1046037361,0.05291549563,-0.01755420834,-0.1060702173,-0.2019292335,-0.3198986708,-0.4253253622,-0.5047633669,-0.5373943668,-0.4818986552,-0.3772778584,-0.2430832515,-0.113934959,0.01790622497,0.1272667207,0.2202173086,0.3048097065,0.3609288954,0.4087960581,0.4414543494,0.4541859021,0.4576438208,0.4405991805,0.4091405545,0.3657890038,0.2961827924,0.2134270195,0.1093491145,-0.01618096236,-0.1625377516,-0.3232587267,-0.475344117,-0.6003299387,-0.590739589,-0.5038872101,-0.3610411755,-0.2061165458,-0.07026531823,0.04764158685,0.1417615068,0.2209978964,0.2711867321,0.3075027686,0.3265794692,0.3220189952,0.3041736449,0.2615609056,0.1989115722,0.118199934,0.00429672421,-0.1294830678,-0.287629788,-0.4477567876,-0.5766708661,-0.5981799522,-0.5066635027,-0.374215828,-0.2190546254,-0.1043597223,-0.02393543166,-0.0008179902791,-0.01023535503,-0.005031013645,-0.02044913687,-0.07068726387,-0.1373882606,-0.2029440758,-0.2148572648,-0.1682841863,-0.08375321479,0.02354393199,0.1187803391,0.1551339876,0.1679386762,0.1615672038,0.1242666476,0.07328789024,0.0480722881,0.06430020191,0.1549949971,0.3823450064,0.5248157399,0.5953738977,0.6566224524,0.7153489173,0.7488025454,0.783885355,0.8103613422,0.827994157,0.8437270991,0.8516422964,0.8556046254,0.8555817847,0.8498040722,0.8405825042,0.8273466723,0.8110275869,0.790400889,0.7673903169,0.7424465176,0.7152012269,0.6879081437,0.6603046172,0.6340071214,0.6115063391,0.5911744403,0.576851372,0.5686639656,0.5660762425,0.5709758868,0.5814260255,0.5971574903,0.61750736,0.640308151,0.6649862307,0.6904214032,0.715718212,0.7392205638,0.7612796035,0.7810785235,0.7980531335,0.8121123916,0.8228055739,0.8304383953,0.8350706545,0.8356878007,0.8333676737,0.8278984197,0.8195539021,0.8077906923,0.7935571138,0.7770503926,0.7578835713,0.7374905333,0.7150379028,0.6914584255,0.6684450979,0.6431909498,0.61957614,0.59670245,0.5730998949
4.7,0.227436824,0.1865389864,0.1405684867,0.08464357645,0.008472782036,-0.06048172216,-0.1426864672,-0.2182419303,-0.269782259,-0.2997018012,-0.287941956,-0.2479673007,-0.1843814444,-0.1166667923,-0.04810743436,0.0129302538,0.05934790484,0.09696823135,0.1175953256,0.1257397421,0.1215419154,0.09952502161,0.06520844757,0.01517986703,-0.04448517652,-0.1252072132,-0.2110366898,-0.2982125007,-0.3888960292,-0.4271644002,-0.4283547188,-0.3720632434,-0.2744799499,-0.1574249085,-0.04080009806,0.06456124462,0.1634581016,0.2364343215,0.3000773275,0.3491825595,0.3763935336,0.3976469289,0.3975752653,0.3838405951,0.3636849374,0.3151444411,0.2603503076,0.1893048763,0.09710570837,-0.00237227404,-0.1197426653,-0.2376165189,-0.3499789015,-0.4054476103,-0.4057242619,-0.3424800555,-0.228691362,-0.1157382795,-0.0004823081144,0.0983040035,0.1806294834,0.2431003441,0.2878664555,0.3163992695,0.3248523688,0.3171907606,0.2893024985,0.2430518178,0.1812802912,0.09140437169,-0.01526983016,-0.1433473893,-0.2880171668,-0.4306917218,-0.5383848359,-0.5683014143,-0.5274651997,-0.4163937177,-0.3160419776,-0.2370789232,-0.2117883557,-0.1499942025,-0.09882089788,-0.08981282757,-0.1348075126,-0.2165354693,-0.3241584361,-0.3983340502,-0.4020844109,-0.3316933058,-0.2055606094,-0.0834434237,-0.0229744666,0.01137385178,0.02152889828,-0.003031990071,-0.04350742436,-0.06387623884,-0.04619249332,0.05185726813,0.290824263,0.4385733749,0.5177052874,0.5865097619,0.6521124035,0.6920469441,0.7327875167,0.7643631861,0.7864635626,0.8060478573,0.8172132961,0.8238890343,0.8258250706,0.8215082828,0.8128674991,0.7992952839,0.7821401417,0.7587675798,0.732157675,0.7021546431,0.6670951907,0.6312176223,0.5916959366,0.5508102973,0.5128279384,0.4722275851,0.4376851392,0.4087023896,0.383381027,0.3708101086,0.3642834507,0.3664845264,0.3794152879,0.3952019218,0.418025672,0.444034617,0.4699153999,0.4976863259,0.5231218133,0.5466010311,0.5687312668,0.5857958578,0.6006389931,0.6122448565,0.6192809721,0.6242368555,0.6248357026,0.6223455368,0.6187806924,0.6098469223,0.6006995301,0.5901254479,0.5761790721,0.56502897,0.5514242183,0.538362009,0.529248099,0.5169474472,0.5094924155,0.5037986385,0.4971548956
4.8,0.2713450477,0.2577588454,0.2360615671,0.2050398035,0.1566323381,0.1076904282,0.04357337845,-0.02579958679,-0.08768459425,-0.153920956,-0.1965063742,-0.2192726677,-0.2176072152,-0.1900483119,-0.1476013603,-0.09617571204,-0.0487702396,0.0006824544323,0.03788752741,0.06608080004,0.08731806439,0.09043175644,0.08533069251,0.06661298931,0.03693463081,-0.008875075676,-0.06449287182,-0.1269825329,-0.2039567831,-0.2616365639,-0.3133116603,-0.3349508111,-0.3090054896,-0.2572260875,-0.1747531565,-0.08617331021,0.005634345273,0.08427156876,0.1557282967,0.2165975941,0.2566450001,0.2941924728,0.3111611603,0.3153348136,0.3169081685,0.2891848292,0.2591278711,0.2157751456,0.1513781699,0.08701237049,0.004330480445,-0.08014106953,-0.1608842536,-0.2196120552,-0.2458678972,-0.2322661931,-0.1704325849,-0.09690034722,-0.006689650777,0.07876187427,0.151926861,0.2156891965,0.2624263421,0.2959104557,0.3140570225,0.316092427,0.3028379925,0.2743167497,0.2331635811,0.171487231,0.09797936945,0.01104763704,-0.08596470962,-0.1817329896,-0.2634971594,-0.3115860483,-0.3243340867,-0.28356691,-0.2323985036,-0.1818626487,-0.1598012666,-0.09789580579,-0.07037223679,-0.09624067395,-0.1861369471,-0.3280005042,-0.5221176709,-0.6966862047,-0.7514708263,-0.6482807125,-0.4612716188,-0.2979175828,-0.2130279635,-0.1687166587,-0.1630454327,-0.1973912455,-0.2463374208,-0.2723433744,-0.247784304,-0.1153457792,0.1640412066,0.324066269,0.414337622,0.4926015059,0.5661313393,0.6137185097,0.6607768875,0.6979695884,0.7253187515,0.7489581988,0.7638978831,0.773787236,0.77798551,0.7758444866,0.7683675658,0.7552179535,0.7382649641,0.7132189612,0.6844295534,0.6509774404,0.6099012745,0.5673946084,0.5177770442,0.4637441067,0.4109955512,0.3489952387,0.2912325568,0.2357964516,0.1778761023,0.1375570579,0.1006916645,0.07590611868,0.07248454588,0.0709251645,0.08758690605,0.1126572358,0.1369539026,0.1724041463,0.202799443,0.2319728095,0.2635996816,0.2847230892,0.3068327736,0.3254315307,0.3360203995,0.3495302476,0.3556697003,0.3593568848,0.3660711156,0.3638821826,0.3663351392,0.3690406145,0.3676831922,0.3754350572,0.3800626298,0.3873832113,0.4014729751,0.4111564825,0.4270893732,0.4438884947,0.4589336969
4.9,0.2536281598,0.2567934187,0.2506762936,0.2369276678,0.2096659763,0.1791494642,0.1362516713,0.08611469122,0.0390427657,-0.02031992432,-0.06834175068,-0.1093257885,-0.1424039411,-0.1502107106,-0.1459640403,-0.1249663875,-0.09653511995,-0.05810242844,-0.02226211933,0.009673462181,0.04115312796,0.05628236451,0.06743563045,0.06782472946,0.05601240177,0.03498642132,0.002153672912,-0.03726725942,-0.08882704007,-0.1349658449,-0.1837998157,-0.2237729283,-0.2340739608,-0.2354108741,-0.2015074557,-0.1510470163,-0.09199115091,-0.02400797875,0.03952294323,0.09991154964,0.1465419346,0.1910324977,0.2196044223,0.2361983379,0.2518037634,0.2397693565,0.2265676957,0.2023123552,0.1572247595,0.1166272335,0.05813747981,-0.002110885192,-0.05670357176,-0.1054680582,-0.1316345781,-0.1353112429,-0.1061347871,-0.06315384054,-0.001733375481,0.06318307902,0.1207736542,0.1778658228,0.2208588384,0.2541217964,0.2771578543,0.2847012432,0.2815535992,0.2659105989,0.2398924863,0.1998773255,0.1519380847,0.09708656393,0.0388262351,-0.01434517103,-0.05583087315,-0.07700629267,-0.0801708772,-0.05457140551,-0.02282999436,0.01032939581,0.02863122748,0.03541649725,0.004229296584,-0.08403419203,-0.2442034051,-0.4754651992,-0.7971340459,-1.116876491,-1.162903348,-0.9213157361,-0.6691593771,-0.4964086834,-0.4164567093,-0.3922777048,-0.4215366303,-0.4855516606,-0.5417739954,-0.5517657495,-0.4872113487,-0.2969641303,0.01758317979,0.1844570046,0.2821828302,0.3673311945,0.4460084358,0.5003016221,0.5522554238,0.5939550635,0.6262678266,0.6529619255,0.6714165482,0.6843015838,0.690385198,0.6906514667,0.684428468,0.6720957692,0.6558750816,0.6300776722,0.6002543577,0.5646684817,0.5198566191,0.4724586209,0.4153984807,0.3512105137,0.2850051744,0.2040934391,0.1220546157,0.03510910525,-0.06461857562,-0.151865403,-0.2459099782,-0.3324316091,-0.3875873011,-0.4429060757,-0.455516461,-0.4424648767,-0.4264979386,-0.3724210278,-0.3278608819,-0.2813844021,-0.2231725204,-0.1873279401,-0.1429174236,-0.1024118641,-0.07599849492,-0.03617956008,-0.008557687156,0.01886545274,0.05586461933,0.08002864458,0.1150128292,0.1512627353,0.182830554,0.2257860189,0.2635874022,0.3028475924,0.3454789051,0.3820569886,0.4203500428,0.455826707,0.4879876389
5,0.2025397799,0.2110317038,0.2122717146,0.2079844289,0.1936485298,0.1768239833,0.1507968851,0.1191607918,0.08971261234,0.04951552184,0.01601852178,-0.01504046378,-0.04522205535,-0.05950777561,-0.0692293116,-0.06774899264,-0.05874536637,-0.04148396213,-0.02184180906,-0.002691315636,0.01962930643,0.03068705927,0.04106806806,0.04469338866,0.03815017201,0.02810798856,0.008190389658,-0.01571969667,-0.04655228776,-0.07518863912,-0.1050856993,-0.1314102893,-0.1393344273,-0.1472567832,-0.1319589758,-0.1046760903,-0.07435985595,-0.02721889202,0.01535326367,0.0590292648,0.09729586712,0.1313438856,0.156397714,0.1714032572,0.1856305788,0.1778166699,0.1689406255,0.1519341287,0.1171881302,0.08947735626,0.04740781303,0.005411029913,-0.02866120662,-0.06221530983,-0.07818540733,-0.08156554585,-0.06566757773,-0.04022369922,-0.00232281126,0.04049437257,0.07742495213,0.1187994265,0.1485323558,0.1714769067,0.1892477783,0.1921799474,0.1893780616,0.1771913612,0.1576201988,0.1309525213,0.1010915432,0.07119381104,0.04365392348,0.02637264971,0.01991625794,0.02728147573,0.04545496936,0.07554727032,0.1070682156,0.1360846386,0.152282303,0.1118856422,0.02976979854,-0.1172785445,-0.3511450429,-0.6912432765,-1.195801007,-1.673911108,-1.404664116,-1.003362451,-0.7683011549,-0.6460071574,-0.613461284,-0.640993684,-0.7272861559,-0.8238897352,-0.8593211972,-0.8187459768,-0.7103077313,-0.5035612802,-0.2014842761,-0.03731355552,0.06463202943,0.1552626871,0.2382599083,0.3003285147,0.3581260804,0.4057621016,0.4449823066,0.4766750935,0.5010561148,0.5195059373,0.5304844344,0.5363715671,0.5351606949,0.5280316187,0.5169582125,0.496476444,0.471981812,0.4415258469,0.4029183047,0.360168005,0.3087211459,0.2503117556,0.1865906772,0.1112270706,0.02972875173,-0.06089861727,-0.1638318916,-0.2734539251,-0.3971388875,-0.5329567291,-0.6763328705,-0.8359544097,-0.99264473,-1.136808902,-1.266633848,-1.293149253,-1.273655207,-1.198772006,-1.06380101,-0.9628759937,-0.8356717447,-0.7159425543,-0.6209904232,-0.5047084945,-0.4103942342,-0.3192866108,-0.2223860569,-0.1434282303,-0.05945685607,0.01943250682,0.08964205224,0.162034355,0.225786439,0.2857023705,0.3424094426,0.3917337309,0.4375038506,0.4778472187,0.5135604698
5.1,0.1568191593,0.1623151236,0.1637924418,0.16054541,0.1478392734,0.1356094736,0.1151197096,0.09144558685,0.0703534569,0.04228074889,0.02037184307,0.0008099300657,-0.01622706463,-0.02360721786,-0.02709427645,-0.02373140658,-0.01744405096,-0.005429522129,0.005922646054,0.01601013326,0.02744664482,0.02961879193,0.03076504272,0.02637834532,0.01510167666,0.000736846991,-0.01925442952,-0.04055093002,-0.06532520219,-0.0840544675,-0.1010912061,-0.11213543,-0.1075937742,-0.1021046759,-0.08071236217,-0.05266806142,-0.02470991965,0.0124051457,0.04391532816,0.0741574449,0.09879696866,0.1181367467,0.1295491894,0.1322400166,0.13310836,0.1169065777,0.09955231104,0.07634627231,0.04141260183,0.01361206579,-0.02130381098,-0.05202365048,-0.07330915898,-0.08949555085,-0.0917211631,-0.08537119711,-0.06722912566,-0.04684109753,-0.02108547626,0.004951929899,0.02278888105,0.04257077109,0.05088370332,0.05277531157,0.05095519879,0.0361274654,0.01892399062,-0.003516528311,-0.0280086159,-0.05061906285,-0.06782196147,-0.07532243878,-0.07225631899,-0.05337697629,-0.02426837073,0.0131918782,0.05545164708,0.09724980885,0.1354034167,0.1659825105,0.1813259911,0.1043789653,-0.01868423345,-0.2173646563,-0.5249964064,-0.994988462,-1.746197649,-1.81018559,-1.214595288,-0.8752480949,-0.7185172253,-0.6641096128,-0.6886861936,-0.7648526228,-0.8857520573,-0.9833769004,-0.9959947028,-0.9581058382,-0.8966323338,-0.7759856778,-0.5598310165,-0.4068366604,-0.3008294237,-0.202321783,-0.1112191928,-0.03560352531,0.03393956218,0.09398936099,0.1465853796,0.1905602114,0.2281407948,0.2596630528,0.2840791211,0.3037879448,0.3170017827,0.3252149579,0.3294338809,0.3266240771,0.3200776416,0.308667378,0.2925325054,0.271264461,0.2453219768,0.2151550378,0.179286278,0.1397627659,0.09428403208,0.04342401342,-0.009700011694,-0.07318669826,-0.1391814301,-0.2107478376,-0.2944606889,-0.3766855023,-0.4725857162,-0.5770308456,-0.6806324304,-0.8031493876,-0.9177609345,-1.02444827,-1.111993039,-1.140696679,-1.110275654,-1.022554255,-0.9079868334,-0.7653705732,-0.630937791,-0.5021336793,-0.376023394,-0.2673743836,-0.1628482703,-0.0678500293,0.01586913517,0.09579227964,0.1656162852,0.2289095452,0.2868939264,0.3362281732,0.3806999513,0.4191040056,0.4516511662
5.2,0.1349228485,0.139917437,0.1412118839,0.1366174824,0.1199243088,0.1049833498,0.0795401842,0.05095642,0.0254766512,-0.006762031184,-0.03103068184,-0.05147724929,-0.06588910714,-0.06974512409,-0.06659016674,-0.05542438634,-0.0425456647,-0.02274128269,-0.006456319949,0.007105287218,0.01987413012,0.02095320729,0.01884409898,0.008902904546,-0.008390052955,-0.03205471196,-0.06073564087,-0.09067776572,-0.1239281649,-0.1465829634,-0.1646310373,-0.1712733275,-0.1587066818,-0.1399061435,-0.1050625099,-0.06473040791,-0.02377632,0.01905880803,0.05576379818,0.08774771791,0.1096913863,0.125530259,0.1296726645,0.1238902577,0.1134591623,0.08603183353,0.05551976063,0.0181750071,-0.0266846676,-0.06727949622,-0.1077656738,-0.1390346654,-0.1592416498,-0.1630510901,-0.1540496106,-0.1355333649,-0.1066701602,-0.08154076938,-0.05523054902,-0.03442190614,-0.02492541897,-0.02100223395,-0.03107751873,-0.05128494227,-0.08091059033,-0.1238521171,-0.1728585702,-0.2262020439,-0.2766537129,-0.3150021173,-0.331931874,-0.321509124,-0.2849953257,-0.224985094,-0.1552544611,-0.08359110884,-0.01441536839,0.04386076537,0.0923390589,0.1276305741,0.1430120436,0.03760045308,-0.1171950185,-0.3579356897,-0.7312368182,-1.324475473,-1.994084156,-1.416436096,-0.9565953268,-0.7069465968,-0.5960807171,-0.56668002,-0.6061052757,-0.6807696697,-0.7769630465,-0.8528397522,-0.890755309,-0.924342512,-0.9767800504,-1.040484903,-1.055811479,-0.9419057706,-0.8467446951,-0.7437806437,-0.6405097655,-0.5405867663,-0.4466928784,-0.3599946923,-0.2797216128,-0.2079830172,-0.1423536513,-0.08323227511,-0.03036792957,0.01685267302,0.05846919932,0.09534269486,0.1271652789,0.1541171835,0.1763594103,0.1939847364,0.2083432434,0.2161475636,0.2206778062,0.2211957289,0.2156244165,0.2075481527,0.1932323923,0.1741026121,0.1528587097,0.1219831243,0.08867796328,0.05020716804,0.002500910959,-0.04632541369,-0.1051458377,-0.1706549314,-0.2383112079,-0.319778231,-0.4021156663,-0.4886497635,-0.5806683365,-0.6594377243,-0.7277696851,-0.7688533523,-0.7750812928,-0.7398862744,-0.6754339465,-0.5914577822,-0.4925938794,-0.3985782745,-0.3026449378,-0.2122797317,-0.1324676966,-0.054006394,0.01366835841,0.0747634509,0.1320526658,0.1785657519,0.2216777959,0.2589002331,0.2888975399
5.3,0.1264881338,0.1395496921,0.1478712622,0.1491419425,0.1356809053,0.1231153509,0.09679870829,0.0647524463,0.03425710483,-0.007956920195,-0.04323550231,-0.0763871895,-0.1040240375,-0.1181771163,-0.1222482083,-0.1135205265,-0.1001006898,-0.0744252373,-0.05168323889,-0.03110309509,-0.01047165575,-0.004797480116,-0.00301071065,-0.01170598822,-0.03061640187,-0.05919106809,-0.09622835703,-0.1374663225,-0.1859237422,-0.2233550449,-0.2560138543,-0.272540502,-0.2612103384,-0.2364357403,-0.1878733873,-0.1308503992,-0.07082218387,-0.01181615242,0.04019322143,0.0849519312,0.1152234207,0.138588733,0.1459776763,0.1412855655,0.1294586066,0.09752999698,0.06002588523,0.01252320327,-0.04259569476,-0.09817024017,-0.1511089691,-0.192123896,-0.2212944553,-0.2212747734,-0.206739619,-0.1781207972,-0.1363300489,-0.1011962024,-0.06590159676,-0.04018412227,-0.02711281501,-0.02728606533,-0.04370359399,-0.07494764083,-0.1255498229,-0.1924284002,-0.2788043248,-0.379569997,-0.484570387,-0.5814093897,-0.6378243575,-0.6338648782,-0.5672663508,-0.4595031883,-0.3411509613,-0.229373212,-0.1293139777,-0.05066385548,0.01112746954,0.05349194968,0.06952869194,-0.05534743458,-0.2297772661,-0.4954048473,-0.9049729797,-1.518333672,-1.71265484,-1.151660008,-0.7875988832,-0.5791805492,-0.4775674011,-0.4413507966,-0.4700265258,-0.5255581105,-0.5967878368,-0.6682692284,-0.7359223725,-0.8182655975,-0.9352854376,-1.108565185,-1.320858829,-1.269133399,-1.271829037,-1.245982483,-1.186335759,-1.1018078,-0.9951723661,-0.8796241416,-0.7614225514,-0.6463549332,-0.5369730633,-0.4351877939,-0.34106093,-0.2548470734,-0.1762498858,-0.1049299689,-0.04090299513,0.01622761962,0.06660612271,0.1106713455,0.1490471171,0.1802596734,0.206011759,0.2261979539,0.2403748666,0.2488138589,0.2513463907,0.2483225645,0.2404731959,0.2251410148,0.2048496107,0.1788985129,0.1460562625,0.1079024913,0.06254149898,0.01075779949,-0.04616650838,-0.1121331025,-0.1829373508,-0.259589901,-0.3423510186,-0.4257334312,-0.5093599894,-0.5862231639,-0.6511907784,-0.6903390596,-0.7042798153,-0.6900961756,-0.6436069178,-0.5886749038,-0.5164704737,-0.4403681702,-0.3716202704,-0.2954834156,-0.2304399359,-0.1701480073,-0.1099657734,-0.06285432205,-0.01597793447,0.02572302712,0.05940421769
5.4,0.102025115,0.1309747213,0.1548314955,0.171459237,0.1727217493,0.1735188574,0.1591401141,0.136774882,0.1134972328,0.07363191194,0.03637539731,-0.003637432915,-0.04461322662,-0.07443529534,-0.09704944796,-0.10527202,-0.1046953336,-0.08662855057,-0.06646826724,-0.04512868553,-0.01939853111,-0.009591708641,-0.001772099814,-0.004984064665,-0.0216512622,-0.04785807606,-0.08784068192,-0.136176583,-0.1967105153,-0.2543178277,-0.3118569969,-0.3557822451,-0.363720522,-0.3511470733,-0.2981084181,-0.2273369957,-0.1498233593,-0.06978905763,0.0007739095939,0.06241339087,0.1064303944,0.1416536022,0.1581060002,0.1603957607,0.1541582098,0.1247737301,0.0882587285,0.03932306386,-0.01975087235,-0.0824334634,-0.1446541522,-0.1956333076,-0.234682304,-0.2371610337,-0.2209614654,-0.1849200916,-0.1321117967,-0.08511612684,-0.03836381333,-0.003574629179,0.01956570425,0.02284061419,0.01037624745,-0.01925364121,-0.07561854104,-0.1478583812,-0.2516415839,-0.3817335478,-0.5331916452,-0.7114366254,-0.8672378867,-0.9440891786,-0.8802550879,-0.7245905587,-0.545897544,-0.384611855,-0.2490167089,-0.1444373618,-0.06667092277,-0.01523787808,0.002209332666,-0.1330536934,-0.3139154593,-0.5848566573,-0.9951249968,-1.52926615,-1.492452175,-1.001449624,-0.675353198,-0.4795473269,-0.3736030476,-0.3266776349,-0.3468503731,-0.394532625,-0.4626675883,-0.5431873551,-0.6276425611,-0.7248533728,-0.8427912944,-0.9687458282,-1.008936858,-0.9134242189,-0.9199068534,-0.9283028229,-0.9255589552,-0.9369325714,-0.9196112574,-0.8859216075,-0.8284397211,-0.7530194071,-0.6632873986,-0.5662293402,-0.4713960035,-0.3737221874,-0.2836954965,-0.1998787057,-0.1200982752,-0.05133103482,0.01257878156,0.06957018436,0.117617943,0.1612719967,0.1964348365,0.2252736506,0.2497343978,0.2645151162,0.2750635978,0.2796223225,0.2768590586,0.269456886,0.2547602515,0.2343320138,0.2089970167,0.1752927804,0.1366095919,0.09161605973,0.03991800991,-0.01780880547,-0.08220382399,-0.1524281656,-0.2283674414,-0.3092778987,-0.3935181362,-0.4791744584,-0.5638101582,-0.638955246,-0.7030430924,-0.7491133705,-0.7665891155,-0.7666728513,-0.737963932,-0.6920621611,-0.6429766868,-0.5744166714,-0.5116986619,-0.4485195024,-0.3809803168,-0.3242810404,-0.2650162564,-0.2095298724,-0.1603051207
5.5,0.03060295468,0.08047603565,0.1264192595,0.1648389609,0.1885912134,0.2092026484,0.2146019847,0.2103998275,0.2015429371,0.1751714948,0.1459368632,0.1101041812,0.06768938681,0.03022959551,-0.005647952112,-0.03146315979,-0.04663415878,-0.04552821614,-0.03536712799,-0.01961124089,0.004729971905,0.01768892969,0.03072391004,0.03484371765,0.02360764124,0.005414751619,-0.03089233742,-0.07951873771,-0.1416166034,-0.2168170628,-0.2985731835,-0.3800714395,-0.4328377263,-0.4609337958,-0.4286263698,-0.3570664529,-0.2694596061,-0.1653043061,-0.07420460679,0.007220845251,0.07027270179,0.1200032648,0.1505046427,0.16476073,0.1690355226,0.1487220418,0.1196639757,0.07702814222,0.0206126458,-0.0404154911,-0.1058291853,-0.1631810411,-0.2079806758,-0.21727308,-0.2017896269,-0.1615766422,-0.1017619644,-0.04405932927,0.01275406197,0.05686700863,0.09059349285,0.1009841493,0.09689847973,0.07528384975,0.02546549776,-0.03940910706,-0.138117879,-0.2662382662,-0.4238313778,-0.6331956996,-0.8685198331,-1.092420281,-1.138242664,-0.9768840474,-0.7332260825,-0.5147330117,-0.3428396473,-0.2082181886,-0.114701802,-0.05417242677,-0.03467637963,-0.1764504118,-0.3588920856,-0.630506121,-1.038751157,-1.512145113,-1.365654973,-0.8949071026,-0.5827914891,-0.3916998738,-0.284779973,-0.2363469015,-0.2564217002,-0.3059324932,-0.3810359808,-0.4685137692,-0.5502219581,-0.6345401691,-0.7194417137,-0.7631737562,-0.6779119221,-0.560190756,-0.5397437543,-0.5261731777,-0.5105961012,-0.5200537897,-0.5176667785,-0.5159389888,-0.5043020586,-0.4856845127,-0.4528054038,-0.4069367616,-0.359062682,-0.2936889991,-0.2310281287,-0.1674129957,-0.098313202,-0.04105022775,0.01800190982,0.07248315198,0.1169769731,0.1623628197,0.1975699722,0.2271699856,0.2549308744,0.2702896336,0.2836551714,0.2910982128,0.2898076968,0.2863723001,0.2742449222,0.2567297685,0.2356230267,0.2048209535,0.1705186149,0.1301486771,0.08314177191,0.03145573907,-0.02670488597,-0.08968938765,-0.1583587066,-0.2307129661,-0.3073679506,-0.3873334728,-0.4663181208,-0.5464656944,-0.6203015472,-0.685898781,-0.7416586897,-0.7761329403,-0.792464069,-0.7883219634,-0.7651162719,-0.7226944077,-0.6691412014,-0.6068998081,-0.5391194075,-0.4686525984,-0.3974429321,-0.3278053244,-0.2595188766
5.6,-0.1077386659,-0.03449445486,0.03866759111,0.1035434591,0.1545588981,0.1983398869,0.2266878776,0.2435282475,0.250856594,0.2416526126,0.2241011855,0.1974803082,0.1614320624,0.1242232951,0.08484236767,0.04997722093,0.02613847691,0.01297444377,0.01445664382,0.02523095716,0.04538479936,0.06372613574,0.08190386278,0.09445786496,0.09258639599,0.08459112627,0.05751001662,0.01511593562,-0.03930742979,-0.1211744751,-0.2146991324,-0.3239958904,-0.4335261341,-0.5270805121,-0.5624903125,-0.5256827336,-0.4459941565,-0.3169336276,-0.200679366,-0.09329714379,-0.002617135887,0.06669703781,0.1178375348,0.1498038068,0.1690721544,0.1630423018,0.1454447805,0.113266429,0.06261314247,0.007210979848,-0.05856097176,-0.1203155298,-0.167801239,-0.1855795945,-0.1709334234,-0.1277984377,-0.06196760388,0.005451910445,0.0718875708,0.1262749878,0.1688158795,0.190087022,0.1955378822,0.1835746848,0.1472370624,0.09151972628,0.006669467295,-0.1071489526,-0.2526902523,-0.4510427155,-0.6977721695,-0.996462755,-1.227074553,-1.175128068,-0.8951240565,-0.6226808118,-0.4172288553,-0.254806502,-0.1479089544,-0.0798510558,-0.05853669006,-0.2088537085,-0.3968732333,-0.6757947409,-1.092762578,-1.505555895,-1.2486772,-0.7924219898,-0.4957358484,-0.3124493,-0.2113588144,-0.1680923034,-0.1896668457,-0.2401884919,-0.3192402909,-0.4036886085,-0.4691663417,-0.5327486379,-0.5885619102,-0.5869496527,-0.4580491536,-0.3327678006,-0.2974089608,-0.2694778305,-0.2415949763,-0.2396005752,-0.2307939538,-0.2276411991,-0.2215548654,-0.2161846412,-0.2036158052,-0.1833535587,-0.1647059386,-0.1284070329,-0.09434952372,-0.05660675113,-0.0083530748,0.02910853172,0.0734885312,0.1161928447,0.1500144314,0.189057931,0.2182018465,0.243273784,0.2686118179,0.2810220333,0.2931591335,0.299828914,0.2977749874,0.2948413405,0.2831116103,0.2665713624,0.2468638837,0.2179801015,0.1861390069,0.1486603803,0.1059100913,0.05844861832,0.006219889263,-0.04940948732,-0.1109125601,-0.1720608808,-0.2376822833,-0.3053998431,-0.3679222522,-0.4360602252,-0.4950589404,-0.5477441296,-0.6002861513,-0.6284636098,-0.6514801576,-0.659834597,-0.6452211854,-0.6244048144,-0.5832945314,-0.5315720483,-0.4767118598,-0.4078200874,-0.3408803219,-0.2729574341,-0.2026151469
5.7,-0.3086252862,-0.2206630347,-0.1215901889,-0.02807498506,0.05360653687,0.1235213229,0.1772152858,0.2167109582,0.2417730152,0.2506123495,0.2463685182,0.2308969858,0.204388381,0.1715027986,0.1342988446,0.09729430995,0.07055278032,0.04993695726,0.0472047237,0.05699799647,0.07554897439,0.1027446491,0.1286545728,0.151764004,0.1639181951,0.1677368612,0.1547930801,0.1253402578,0.08429563172,0.01162746969,-0.0757358558,-0.1861800326,-0.3226168539,-0.4637447297,-0.59379049,-0.6578413184,-0.6424782268,-0.5143357611,-0.3746174311,-0.2348309963,-0.1078998882,-0.01136729801,0.06662052559,0.1208930261,0.1586425398,0.1685307743,0.1632201786,0.1410851267,0.09540731579,0.04327437746,-0.02524584785,-0.09413255842,-0.1484891717,-0.1767643835,-0.1641853083,-0.1175863571,-0.04189588222,0.03706709934,0.1165128732,0.1843415455,0.2364715131,0.2716895589,0.2874769038,0.28570565,0.2632266217,0.2160590843,0.1441664284,0.0435651206,-0.08854916315,-0.2702365103,-0.5033823623,-0.8045888865,-1.143667832,-1.283827177,-1.042237662,-0.7286167612,-0.4898681515,-0.3031877537,-0.1829985579,-0.1075773757,-0.08475452141,-0.242778902,-0.4348917953,-0.7163961414,-1.124763854,-1.430170661,-1.109692192,-0.6863995883,-0.4082625939,-0.2325837681,-0.1374507759,-0.09825633907,-0.117751305,-0.1655541525,-0.2448213956,-0.3250176919,-0.3811507233,-0.4355947407,-0.4776615007,-0.4567084848,-0.3096011996,-0.1800108478,-0.1356943658,-0.0987104816,-0.06192184077,-0.05160120253,-0.03594679398,-0.02763515182,-0.01959089215,-0.0148029735,-0.006976773985,0.004807385637,0.01240417233,0.03382881508,0.05176575043,0.07265650976,0.1040234787,0.1253363444,0.1549690099,0.1843627243,0.2063719093,0.2353914656,0.2557337406,0.2734041734,0.2924195785,0.2995459488,0.3072630847,0.3101208239,0.3052174993,0.2996272737,0.2860697933,0.2683582502,0.2473437439,0.2188519572,0.1873895091,0.1509353722,0.1112531591,0.06634232416,0.01917426433,-0.02975971174,-0.08442772812,-0.1339763613,-0.1875456264,-0.2408173918,-0.2847036498,-0.334977959,-0.3727060362,-0.4038259224,-0.4365692089,-0.4455258721,-0.4541026393,-0.4521383914,-0.4319815924,-0.4117940858,-0.3749144563,-0.3309033194,-0.2853133967,-0.2274644841,-0.1715425089,-0.1140580707,-0.05455431879
5.8,-0.4630304633,-0.4192005036,-0.3286197236,-0.221232229,-0.1148122149,-0.01751972561,0.06290419012,0.1268780908,0.1726438732,0.2008975159,0.2125325117,0.2103515416,0.1963669539,0.1702420497,0.1385562827,0.1034599569,0.07484777058,0.05107393466,0.04480732715,0.05422606917,0.07350575824,0.1098545796,0.1458546786,0.1814669487,0.2103467946,0.228340304,0.2328060281,0.2208526935,0.1970907753,0.143684103,0.07483891649,-0.01619779552,-0.1413678327,-0.2791299561,-0.4451699575,-0.6020386043,-0.7061987208,-0.6716625946,-0.5491175189,-0.3883204794,-0.2255017713,-0.0974903757,0.009792989333,0.08815727478,0.1446100557,0.1704414546,0.1763330729,0.1622161261,0.1213948201,0.06854587014,-0.005114726946,-0.08525532934,-0.1545953842,-0.2002542141,-0.1967992908,-0.1491987838,-0.06180498722,0.03209485727,0.1285629286,0.2128211889,0.2778373047,0.3276068819,0.3547641106,0.3635185115,0.3526089415,0.3140112064,0.2525327349,0.1629164972,0.04242924906,-0.1235890189,-0.3388390432,-0.6203643195,-0.9780413224,-1.269985029,-1.162317569,-0.8330856126,-0.561449741,-0.3498264626,-0.2139562819,-0.129424065,-0.1045627203,-0.2612151191,-0.4444514307,-0.7098914674,-1.080006801,-1.297532125,-0.9833139378,-0.5895079434,-0.3220927414,-0.1487308826,-0.05539672188,-0.01744342679,-0.03595494596,-0.08472717909,-0.1684551448,-0.253181894,-0.3120797213,-0.3640973618,-0.3946385948,-0.3575173981,-0.1971347716,-0.06663598788,-0.01736810579,0.02472423156,0.0669355928,0.08222533172,0.1023539307,0.1143935779,0.1244445015,0.1303287707,0.13695926,0.1455275077,0.1485055529,0.1624399699,0.1717426665,0.1827771068,0.2031632832,0.2134331074,0.2319388366,0.250528805,0.2625066521,0.2820857622,0.2938639359,0.303901563,0.3158123741,0.3170031847,0.3192856116,0.3172448021,0.308597856,0.2991548001,0.282848059,0.2631191526,0.2398168113,0.2112847247,0.1796892898,0.1439773231,0.1075675324,0.06539094516,0.02402176656,-0.01723855156,-0.06382214948,-0.1003888604,-0.1404532356,-0.1778699205,-0.2029640455,-0.2345683946,-0.252016761,-0.2634078783,-0.2767307096,-0.2696213273,-0.2640673701,-0.2509166534,-0.2251811064,-0.2008820379,-0.1652241653,-0.1256239811,-0.08481437963,-0.03694328832,0.009722286524,0.05732245362,0.1049321827
5.9,-0.4001780023,-0.4683231626,-0.4715283116,-0.4149671474,-0.3246025641,-0.2117227268,-0.1100112018,-0.02147749661,0.04903998368,0.09949942346,0.1318555479,0.1474045618,0.1509438136,0.1360535254,0.1144471315,0.08550222141,0.05637974349,0.03089537461,0.01863303657,0.02404210334,0.04075653647,0.08282870434,0.1274899194,0.1749187934,0.2212766416,0.2542013941,0.277600118,0.2850128381,0.2800652135,0.2490927268,0.2024084032,0.1364062883,0.03604717729,-0.07618868424,-0.2272881131,-0.3993442071,-0.563188027,-0.6699983544,-0.6455156634,-0.5160330852,-0.3384097965,-0.1849725213,-0.05120997832,0.05041337359,0.1226692387,0.165358555,0.1816012221,0.1751534231,0.1420482293,0.08827277455,0.01195157397,-0.07895448902,-0.1663620965,-0.2383856496,-0.2561346216,-0.2157087983,-0.1219636775,-0.009981367996,0.1053049667,0.2076419444,0.2887636989,0.3524603722,0.3918749493,0.4111025513,0.4110530324,0.3808087321,0.3291960264,0.2506426863,0.1405592756,-0.008447697188,-0.2049105126,-0.4607357659,-0.7932122328,-1.137053535,-1.19116176,-0.8972022648,-0.6036306115,-0.3691951832,-0.217393461,-0.1230964974,-0.09602462695,-0.2413710137,-0.4072457655,-0.652553363,-0.9970911656,-1.197531457,-0.8970815653,-0.509681482,-0.2425495779,-0.06861114057,0.02276651537,0.05675048734,0.03246867993,-0.02517322635,-0.1200530696,-0.2140569333,-0.2746485998,-0.3174811777,-0.3301446747,-0.276680048,-0.1110206998,0.01673315982,0.06818389732,0.1127403113,0.1580022059,0.1762017211,0.1991532053,0.2137215409,0.2252448828,0.2323453663,0.238777188,0.2459845447,0.2467789785,0.2566185543,0.2609631065,0.2659880399,0.2793194674,0.2820821435,0.2926683484,0.3031832114,0.3072907921,0.3192060895,0.3237361579,0.3271240333,0.3326351664,0.3284359574,0.3256769196,0.3190266814,0.3070261461,0.2939557047,0.2753279587,0.2541343137,0.2289626259,0.2014025464,0.1705901547,0.1367378175,0.1052183158,0.06713085031,0.03329273188,0.001324186934,-0.03578364521,-0.05858670871,-0.08506084084,-0.1074914842,-0.1164896785,-0.1326627819,-0.1349227817,-0.1325923557,-0.1325398771,-0.1160365759,-0.1020158228,-0.08246426993,-0.05465882622,-0.02813446918,0.005695116324,0.04144825615,0.07870883535,0.1185441915,0.1580303262,0.19774031,0.2353897556
6,-0.2021917393,-0.3246479158,-0.4240390549,-0.4819417935,-0.4882415163,-0.4122934537,-0.3163293852,-0.2118383685,-0.1162422282,-0.03896872488,0.02015438408,0.05991120202,0.08745395282,0.09032739337,0.0845917411,0.06645883912,0.04132238626,0.01383592273,-0.006883529879,-0.01134694047,-0.006435130515,0.03432598333,0.08130157125,0.1366827293,0.1993242212,0.2464882119,0.28924125,0.3164965968,0.3306336192,0.3221262663,0.2971583974,0.2546264921,0.1794668787,0.09201392878,-0.03448691661,-0.1900171074,-0.3576805972,-0.5387630176,-0.6352576862,-0.6035380179,-0.4537186722,-0.2880962311,-0.1318840126,-0.007319330102,0.08140969194,0.1427933961,0.1719436147,0.1767538,0.155064958,0.1066902936,0.03399907358,-0.06089569123,-0.1603021964,-0.261858076,-0.3124115436,-0.2938386605,-0.2057982935,-0.07659472644,0.05708031665,0.1782719172,0.2767341873,0.3546473383,0.4068699542,0.4367846991,0.4485512535,0.4269524912,0.3861603199,0.319437067,0.2204863867,0.08803584982,-0.09044677779,-0.3220534691,-0.6235227112,-0.9612688679,-1.113102009,-0.8906961399,-0.5930099114,-0.347709174,-0.1842740847,-0.08279782173,-0.05472113811,-0.1905839329,-0.3480419926,-0.59031998,-0.9411924405,-1.147994434,-0.8268373295,-0.4321773982,-0.1655584992,0.004288400555,0.08815410755,0.1124087766,0.07647037188,0.00625732404,-0.09959411784,-0.1969299403,-0.2482023099,-0.2743872385,-0.271201787,-0.2122834563,-0.05390951105,0.06989119542,0.1222413451,0.1680979096,0.2156990306,0.2358503216,0.2611921458,0.2781070113,0.2910998048,0.3000880801,0.3072909641,0.3145982527,0.3152142021,0.3232759911,0.3254068451,0.3273616294,0.3365645239,0.3348549758,0.3402579108,0.3451887742,0.3436817525,0.3497022398,0.348520204,0.3464757432,0.3464608904,0.3376542242,0.3303760603,0.3195170264,0.3045991419,0.2881195114,0.2675187798,0.2452303808,0.2184626763,0.1924319354,0.1628609853,0.1313958553,0.1052894439,0.07170490017,0.0455503251,0.02254825924,-0.005592475068,-0.01655254749,-0.03175915,-0.04238722645,-0.03985343377,-0.04497672296,-0.03730108913,-0.02644649953,-0.01783988686,0.003699565481,0.0226277972,0.04578821064,0.07401370349,0.1018087686,0.1338734313,0.1665554997,0.2013152719,0.2349471461,0.2690855856,0.3027760258,0.3324803066
6.1,-0.01306230427,-0.1279424301,-0.2452820956,-0.3642374891,-0.4733861029,-0.5044622373,-0.4801518972,-0.398972539,-0.2974089131,-0.1936544734,-0.1055956327,-0.03702248069,0.0204349229,0.04591411342,0.06111944457,0.05804756381,0.04183136639,0.01410036268,-0.01499384525,-0.03383710392,-0.05083881568,-0.02246138427,0.01565693546,0.07135235058,0.1464401086,0.2061981307,0.2682037398,0.3154606421,0.3491761868,0.3625507014,0.3584794344,0.3373206472,0.2851435911,0.2190571265,0.1159028768,-0.01745084662,-0.1713730757,-0.3676659591,-0.5401755316,-0.6332009756,-0.570248656,-0.4179199146,-0.2443791174,-0.09542207233,0.01588590749,0.09912803137,0.1471062388,0.1695639048,0.1626449366,0.1287076137,0.06609832633,-0.02401275123,-0.1251684944,-0.2504976002,-0.3390926529,-0.3616932774,-0.2974232873,-0.1602465176,-0.01019701366,0.1305397214,0.246253153,0.3405897462,0.4065711961,0.4487125227,0.4733158743,0.4622931811,0.4331672144,0.3780379871,0.2918944814,0.1718549029,0.008587262651,-0.2048455568,-0.4852404116,-0.8076580383,-1.004677425,-0.8453374367,-0.5550935789,-0.3075924595,-0.1378750715,-0.03246651425,-0.003936749816,-0.1378719451,-0.2969243473,-0.5470497413,-0.9135084864,-1.101858271,-0.7431295225,-0.3489527694,-0.09038073761,0.07011213048,0.1427071482,0.1551180754,0.1085609393,0.03000407252,-0.08038133204,-0.1721443624,-0.2097672379,-0.2263681767,-0.2205908374,-0.1690408416,-0.022738836,0.09994058276,0.1528928367,0.199675949,0.2498149278,0.2708708518,0.2983307645,0.3173200022,0.3313587138,0.342575709,0.3508826299,0.3590103006,0.3607119756,0.368354819,0.3701404061,0.371133034,0.3783359466,0.3746125683,0.3770857887,0.3786068426,0.3735892561,0.3753696899,0.3699902795,0.3636995811,0.3590273844,0.3462577261,0.3348178309,0.3199359709,0.3020766381,0.2820711593,0.2592635959,0.2355511315,0.2069383027,0.1819923087,0.1533160209,0.1239054328,0.1024927899,0.07302545758,0.05357890987,0.0381823971,0.01778775462,0.01610715299,0.009737301361,0.008066102832,0.0186456737,0.02159502853,0.03600173847,0.0525437481,0.0671963698,0.09189045244,0.1142793846,0.1400623608,0.1685096467,0.197528542,0.2284411276,0.2590293002,0.2922309127,0.3212200645,0.3514064567,0.3804605829,0.4038178631
6.2,0.1237003973,0.03743114391,-0.05726612259,-0.1685209279,-0.2962871252,-0.3980187957,-0.4709257931,-0.4766642643,-0.4250046072,-0.3255329145,-0.2233335153,-0.1319385309,-0.04611813338,0.002212101111,0.03990792341,0.05489437077,0.05075653402,0.02910682045,-0.003295419207,-0.03452098352,-0.07379055008,-0.06980012022,-0.05354551485,-0.01007284784,0.06849834687,0.1362857168,0.2154788077,0.2819655672,0.33466965,0.369413254,0.3851633731,0.3837145279,0.3524835098,0.3055721997,0.2240262397,0.1131597035,-0.02021195898,-0.2038069623,-0.3971150445,-0.575250399,-0.6417155704,-0.5525707628,-0.3803966309,-0.2081818471,-0.06934330381,0.0406712047,0.1128489536,0.1575887557,0.1695125416,0.1540056741,0.1060967404,0.0275130359,-0.06853408897,-0.20414003,-0.3254052556,-0.4016180278,-0.3843956057,-0.2576755244,-0.09643647493,0.06386372921,0.1976673111,0.3109936255,0.3925162352,0.4490061368,0.4866432117,0.4880562537,0.4700988446,0.4250566888,0.3510556932,0.2387917692,0.08648886913,-0.1154986707,-0.3845848935,-0.6983233042,-0.9244118406,-0.8107801502,-0.5292854445,-0.2793599987,-0.1053299586,0.002933369769,0.03247287536,-0.1012698715,-0.2614793378,-0.5157261041,-0.8865968884,-1.036918529,-0.6565909612,-0.2718164227,-0.0231362221,0.1294881668,0.1925886025,0.1958640353,0.1442401777,0.06290935646,-0.04870162864,-0.1358965877,-0.1702944904,-0.1897766133,-0.188693313,-0.1470272884,-0.007426857074,0.1178247169,0.170629229,0.2174433913,0.2698937634,0.2898973087,0.3184415658,0.3383381077,0.351913796,0.3647285095,0.3733390361,0.3818913575,0.3848226292,0.3923302334,0.3946119649,0.3958007927,0.4023809984,0.3984009955,0.3997445525,0.3997548107,0.3931397368,0.3924376363,0.3845224564,0.3754096331,0.3673604424,0.3515666142,0.3367351075,0.3184441898,0.297864766,0.274693185,0.2497250759,0.2244991516,0.1942630894,0.1700212124,0.1421944245,0.1147785394,0.0972986192,0.07186435705,0.05813620236,0.04899285014,0.035248506,0.04035660875,0.04065657877,0.0454736137,0.06129457791,0.06995716074,0.08873467813,0.1090093464,0.1279371012,0.154705686,0.1796873199,0.2075399485,0.2363257821,0.2665436561,0.2968197632,0.3260375578,0.3581845661,0.3836315711,0.4106725213,0.4358546582,0.4539251597
6.3,0.2026875255,0.1498539685,0.08712757989,0.006125118546,-0.0944692895,-0.1980837507,-0.3024270948,-0.3799082236,-0.4114684694,-0.3746323854,-0.2994593877,-0.2096434231,-0.1127507005,-0.04586223881,0.01046307338,0.04347730027,0.0546725164,0.04495737224,0.01831897373,-0.01619612521,-0.0655244227,-0.08850803335,-0.1008853674,-0.08290416386,-0.01798362506,0.04926452757,0.1384909234,0.2205205872,0.2899363256,0.3444526149,0.3786008117,0.3951608922,0.3838379399,0.3543542039,0.2935357481,0.205008875,0.09397918097,-0.06528109668,-0.2469388155,-0.4480777138,-0.6147951643,-0.6352632965,-0.5094400274,-0.3283208025,-0.1631269672,-0.02443696275,0.07399867909,0.1417434591,0.1746647294,0.1767522482,0.1452908257,0.08178098911,-0.0058604098,-0.1371837935,-0.27642047,-0.399796375,-0.445860643,-0.3569486175,-0.1961359481,-0.01908670874,0.1340108989,0.2675314211,0.366051818,0.4379264221,0.4876013968,0.5014664197,0.492865058,0.4559074776,0.39104385,0.2841748782,0.1391612183,-0.05590143362,-0.3173027945,-0.6296738786,-0.8827489393,-0.8079410545,-0.5320332648,-0.275282395,-0.09549559021,0.01659762643,0.04782651992,-0.08189210749,-0.2373566414,-0.4880346093,-0.8546162478,-0.9788077165,-0.5903840459,-0.2122739009,0.03112043486,0.1801838386,0.237415944,0.2348029439,0.1794079279,0.09392015417,-0.02136743702,-0.1110769525,-0.1522152066,-0.1759023112,-0.1742063024,-0.1359961967,0.002987276309,0.1294549288,0.1807464903,0.2260281614,0.2792993697,0.2962934846,0.3241104511,0.3430461145,0.3539849456,0.3668043109,0.3740077183,0.3816253706,0.3849548128,0.3917642686,0.3946031437,0.3965048943,0.4034686999,0.4006852661,0.4027210869,0.4033571297,0.3973858358,0.3966882279,0.3886720596,0.3790937817,0.3700947284,0.353282332,0.3370366031,0.3171509155,0.2951510574,0.2702922969,0.2441164929,0.2180499778,0.1871059442,0.1634310216,0.1365205131,0.1108460017,0.09597514508,0.07368208158,0.06358596809,0.05814043486,0.04852038737,0.05680773547,0.06043657976,0.06828206529,0.08608234102,0.09747096131,0.1181574792,0.1402954554,0.1618411776,0.1901344061,0.2173509036,0.247366874,0.2773017803,0.3094220785,0.3402845401,0.3694964141,0.4017734445,0.4252742131,0.4504816773,0.4730123431,0.487157083
6.4,0.2297839811,0.209131948,0.1775496603,0.1282537021,0.0604271736,-0.02172457518,-0.1159588647,-0.2109359042,-0.2891403608,-0.3257125145,-0.3114650799,-0.2562575573,-0.1757518445,-0.1003624815,-0.03273760755,0.01603376917,0.04510854394,0.05116489494,0.03870918158,0.01178685424,-0.03256072873,-0.07178063599,-0.1071999641,-0.1197303823,-0.0876699179,-0.03407837704,0.05144958098,0.1408239342,0.2228009621,0.2939047658,0.3450649787,0.3784732035,0.3866875688,0.3742273559,0.3340817826,0.2681207178,0.1794376401,0.04821163554,-0.1100779691,-0.2996950853,-0.5027355889,-0.6257498779,-0.5971263938,-0.4418995325,-0.2612932794,-0.09717049595,0.02660291358,0.116106762,0.1698501479,0.1884238411,0.1739242465,0.127267087,0.05185806002,-0.06525184763,-0.2049295372,-0.3523992437,-0.4561260488,-0.4303662026,-0.2919861875,-0.1079183203,0.06271833649,0.2148667259,0.3300453051,0.4162505921,0.4766406062,0.5010656494,0.5001687152,0.4702759208,0.4115451006,0.3109830048,0.1720761152,-0.01674128389,-0.2679661602,-0.5811013665,-0.8595163053,-0.8288220348,-0.5586983033,-0.291288007,-0.1033473333,0.01408249446,0.04706523577,-0.07463047944,-0.2220101198,-0.4679779533,-0.835383372,-0.9545083829,-0.5537070583,-0.1740229261,0.0684841216,0.2151447622,0.2678554064,0.2600071399,0.1967689424,0.1022073824,-0.01833722353,-0.111798085,-0.1571509148,-0.1766929774,-0.1668257199,-0.1261443177,0.01286622671,0.1359984314,0.185788996,0.2291939515,0.2823623511,0.2959866289,0.3219146111,0.3385769478,0.3448444279,0.3558522709,0.3592556417,0.3634700111,0.365369532,0.3691839949,0.3712173874,0.3729611743,0.3797217004,0.3786413611,0.3821734612,0.3848309479,0.3814041532,0.3828874896,0.3772515256,0.3697792766,0.362624063,0.3473299855,0.3322687164,0.3133190408,0.2918740478,0.2675853525,0.2418066353,0.2161405333,0.1860624832,0.1630648168,0.1374762597,0.1135285615,0.09991135941,0.08007014473,0.0715194524,0.06728338598,0.0594529487,0.06738058154,0.07115998827,0.07865515112,0.09521729093,0.1062740447,0.1263061807,0.14836201,0.1707289639,0.2000790754,0.2292816154,0.2617934895,0.2941035619,0.3292692404,0.3624981163,0.3936583029,0.4279011645,0.4516615447,0.4769858315,0.4987350311,0.5108669769
6.5,0.218232281,0.2259121886,0.2220226885,0.2008317527,0.1605802176,0.1024362748,0.02675097776,-0.06162194732,-0.1510604436,-0.2299929321,-0.2728806114,-0.2706380071,-0.2290357588,-0.1611164891,-0.0905206863,-0.02904334067,0.01813631383,0.04317820576,0.05000522003,0.03884551702,0.009011973919,-0.03119635094,-0.07656127295,-0.1126924645,-0.119833834,-0.09419453106,-0.029277836,0.05483322938,0.1429251343,0.2260858057,0.2930187508,0.3431878658,0.3704078596,0.3765108296,0.3572349055,0.3139465549,0.2477717393,0.1438982538,0.0113506776,-0.155932511,-0.3547707508,-0.5376983624,-0.6223148732,-0.5427038986,-0.3726429409,-0.1892417714,-0.04188970973,0.06937311046,0.1441516898,0.1805018677,0.1842902101,0.1561560351,0.09773687634,-0.0003474328432,-0.127229769,-0.275268251,-0.4115588399,-0.4519869751,-0.3616644801,-0.1888876908,-0.008292120347,0.1577791973,0.2872347442,0.3856279183,0.4554902934,0.4890551874,0.4954846059,0.4729520038,0.4205562876,0.3281626959,0.1972653423,0.01752905162,-0.2196674034,-0.5273097378,-0.8230421276,-0.8466174422,-0.5932335988,-0.3164506994,-0.1203388228,0.002542417677,0.0368255494,-0.07663249313,-0.2182148086,-0.4656655065,-0.8471089904,-0.9698177714,-0.5430522373,-0.1565670945,0.08541294101,0.2275323427,0.2743731476,0.2597171019,0.1853401186,0.08032376594,-0.04291748344,-0.1340848057,-0.1747455844,-0.1854878572,-0.1682072137,-0.1251672337,0.01423340058,0.1336797523,0.1848395989,0.2289767944,0.2841262044,0.2967132754,0.3221663939,0.3375113,0.3389463746,0.3476285617,0.3454479884,0.34362517,0.3416556656,0.3383423661,0.336179545,0.3344639912,0.3373997816,0.3359860702,0.3389600354,0.3424133579,0.3411415403,0.3447557267,0.3421002452,0.3375639998,0.3337198655,0.3211154456,0.3089069558,0.2927996525,0.273125367,0.251887147,0.228275174,0.2048227135,0.1787158927,0.1578628149,0.1363975878,0.1170229651,0.1062010566,0.09199499583,0.08649777855,0.08465327794,0.07996695087,0.08688461297,0.09022368714,0.09578117152,0.1090419693,0.1168809562,0.1332801658,0.1524806041,0.1721377643,0.2007953765,0.2298853438,0.2633663494,0.2981042252,0.3355224831,0.371636707,0.4055116033,0.4421086009,0.4674944932,0.4938037671,0.5157318068,0.5270592205
6.6,0.1806404944,0.2116391563,0.2310398139,0.2334399623,0.2162682282,0.17990061,0.1235938993,0.04989695831,-0.03384216646,-0.1259815564,-0.2025525112,-0.2485856585,-0.2572168995,-0.2153785527,-0.154256127,-0.08686625146,-0.0244686424,0.01985594938,0.04738588218,0.05551962464,0.0436919878,0.01289967427,-0.03086855367,-0.0782290227,-0.1153353224,-0.123962,-0.09294170652,-0.02858315899,0.05612705045,0.1457463743,0.2266693174,0.2937349736,0.3395265245,0.3658854171,0.3675149559,0.34637106,0.3024633513,0.2235117552,0.1160185682,-0.0262540594,-0.2043995508,-0.4035889766,-0.5697230438,-0.6048554718,-0.4931952534,-0.3059291947,-0.1388425894,-0.00467728663,0.09261104755,0.1498162726,0.1739714122,0.1660106531,0.1277218523,0.04999255558,-0.05832574886,-0.1944408392,-0.3388331712,-0.4270349522,-0.3959214087,-0.2540887663,-0.07604767035,0.09820363638,0.2387057019,0.347729437,0.4264552624,0.4695333914,0.484210184,0.4701601625,0.426571348,0.3434946521,0.2230990302,0.055291364,-0.1658774191,-0.459383194,-0.7579306154,-0.8359186608,-0.6207428629,-0.3427163446,-0.1426867342,-0.01633029926,0.01901407613,-0.08920980748,-0.2301311878,-0.487257851,-0.8958333339,-1.015890379,-0.5504630566,-0.1576982104,0.08092495263,0.2154656178,0.2543758088,0.2313743991,0.1455661325,0.03228074479,-0.0893594036,-0.173447955,-0.2077465088,-0.2147103816,-0.1963078808,-0.1510244687,-0.004085235337,0.115574713,0.1726639696,0.2220279638,0.282957718,0.2989882573,0.3274719145,0.3445896378,0.3441655128,0.35188309,0.3448893256,0.336535436,0.3289677376,0.3152697122,0.3047584967,0.2946456583,0.2879590795,0.2810134072,0.2780803602,0.2777047509,0.2747533368,0.2774332626,0.2754921702,0.2721344923,0.2710894233,0.260375785,0.2514081523,0.2392150659,0.2219064108,0.2067072205,0.1879204122,0.170166122,0.1535995408,0.1395234182,0.1286755083,0.1206441691,0.1185007828,0.116741478,0.1195077057,0.1245232258,0.1266642764,0.1344695434,0.1383438273,0.1415062118,0.1502230388,0.1516671227,0.1607413171,0.1729301318,0.1840995748,0.2080920467,0.2321735198,0.2622737556,0.297135739,0.3332260626,0.3705276691,0.4057491799,0.4430215767,0.4696223621,0.4960656281,0.5176512488,0.5278301502
6.7,0.1248361041,0.172234651,0.2098257577,0.2312841337,0.2345314792,0.2175532897,0.181182804,0.1263013225,0.05693443014,-0.02824715146,-0.1132576503,-0.1853114285,-0.2369224594,-0.233107382,-0.1983359223,-0.1393753739,-0.07034950689,-0.01263988542,0.03273845853,0.05895368873,0.06483900333,0.04758148404,0.01240536963,-0.03513080883,-0.08779181578,-0.1249025469,-0.1320706706,-0.0998462628,-0.03169936385,0.0566415512,0.1473626383,0.2297313059,0.2934935993,0.3398017231,0.3616303174,0.3610663415,0.3379821473,0.2810203052,0.1966242121,0.07932922437,-0.07366973973,-0.259721674,-0.4535786068,-0.5852392403,-0.5784809407,-0.4248226012,-0.2513679525,-0.09690605368,0.02315731972,0.1029142049,0.1483291073,0.1606780139,0.1423402584,0.08372255712,-0.006233246409,-0.1274237304,-0.2677690391,-0.3829975508,-0.404839792,-0.3054980972,-0.1420954283,0.03585880367,0.1850877145,0.3044202061,0.3924430175,0.4460819066,0.4700817503,0.4652392328,0.4316388973,0.3576569153,0.247928921,0.09219182136,-0.1135478581,-0.3877813376,-0.6740906823,-0.7892104103,-0.6303077763,-0.3634066977,-0.1668255985,-0.03993711498,-0.003236226726,-0.1088662103,-0.253463367,-0.5269588296,-0.9726661328,-1.071693518,-0.5614229905,-0.1673921002,0.06355112152,0.187254625,0.2159485197,0.1829208871,0.08543407337,-0.03523093003,-0.1553879249,-0.2351639896,-0.2685424049,-0.2794003141,-0.2637807331,-0.2106694975,-0.04500987628,0.07897379339,0.1455964534,0.2037364737,0.2730449617,0.2963243213,0.3307061375,0.3523277684,0.3539939684,0.3624994895,0.3533627745,0.3404892496,0.3272558697,0.3034190704,0.2823335783,0.260222907,0.2392829187,0.2206332891,0.2052557217,0.1944271818,0.1835644794,0.1799237032,0.1742490791,0.1685175228,0.1682743044,0.1579110902,0.1522984527,0.1453850919,0.1322356778,0.1276033243,0.1187362924,0.1130743011,0.1139397725,0.1144601996,0.122299515,0.1329100067,0.1457205901,0.160853539,0.1751700911,0.1890255931,0.1985874244,0.2074597375,0.211018938,0.2104223567,0.2126808185,0.2048470109,0.2030710858,0.2040403765,0.201460381,0.216103325,0.2299719569,0.2519529851,0.2838024292,0.3149354102,0.3514161333,0.3863613499,0.4228892178,0.4500119127,0.4759024836,0.496843408,0.5053144171
6.8,0.05832479847,0.1114777511,0.1608976249,0.1966598997,0.2177567678,0.2187718736,0.2028431873,0.1694034722,0.1190725077,0.05272517818,-0.02284233383,-0.09704142732,-0.1685722154,-0.1973972529,-0.1980101554,-0.1643698984,-0.102681527,-0.04415957165,0.01201752158,0.05179022135,0.07272122861,0.07030637294,0.04788211937,0.009047283854,-0.04536225507,-0.09604388236,-0.1336424434,-0.1382051959,-0.1006421848,-0.02716842452,0.06328126784,0.1544582108,0.2328212363,0.2956627796,0.3353422829,0.3527007082,0.3478286878,0.310132661,0.2463805397,0.152533409,0.0243651812,-0.1362930803,-0.3211250398,-0.4909664106,-0.5775601869,-0.5000790024,-0.3483379675,-0.1862929496,-0.04831713411,0.05096558312,0.115551025,0.1458201207,0.144580066,0.1024264569,0.02843262546,-0.07798656216,-0.2101911,-0.3363196128,-0.3977901711,-0.343781757,-0.2038383105,-0.02701899848,0.1289499943,0.2579829633,0.35540064,0.4192380051,0.4521422713,0.4555219904,0.4303985594,0.3637660444,0.262612616,0.1172423776,-0.07525245023,-0.3274001866,-0.5892044532,-0.7131962395,-0.6068788914,-0.3637019174,-0.1782827526,-0.05398986818,-0.01560058877,-0.1201166051,-0.2720959185,-0.5675115296,-1.056066484,-1.10540875,-0.5564377838,-0.1700909168,0.04735389768,0.1560613851,0.1704715643,0.1232738846,0.0115293178,-0.1189567607,-0.2429792434,-0.3245016074,-0.3618645259,-0.3814105156,-0.3677927441,-0.2977035114,-0.1035829887,0.02923503602,0.1071309754,0.1756595536,0.2542411171,0.2860569226,0.3271777044,0.3539514533,0.3598940972,0.3694704981,0.360063332,0.3447305564,0.3259120911,0.2943554971,0.2624492626,0.2270765598,0.1904536881,0.1551954702,0.1222217067,0.09448702382,0.06883996915,0.05246846577,0.03752573684,0.0252140463,0.02299728812,0.01231442058,0.01120306826,0.01261189865,0.008692381489,0.02132241463,0.03058881745,0.04580350107,0.07161443621,0.09444604774,0.1255244117,0.157225084,0.1863875882,0.2164971524,0.2405824116,0.2607144384,0.2748128409,0.2824779216,0.2834914877,0.277454558,0.2710286718,0.2526067688,0.2376726202,0.2245568466,0.2052802495,0.2067771761,0.2068730413,0.2175319105,0.2445037663,0.2691603186,0.3047874783,0.3399182855,0.3766785724,0.4055765794,0.4323481438,0.4543469407,0.4620774364
6.9,-0.005183977225,0.04084628193,0.09416125519,0.1387828726,0.1738649497,0.1917840984,0.1956286835,0.1840895432,0.1542029905,0.1105917707,0.0521271174,-0.01137710714,-0.08298364672,-0.1295171615,-0.158956075,-0.1572002579,-0.115071743,-0.06912669949,-0.01128019868,0.03612420459,0.06787305473,0.08038724349,0.07248695562,0.04785805313,0.002074885083,-0.04675945185,-0.09805430668,-0.1301716106,-0.1266623875,-0.08242294807,-0.006934288116,0.08098498892,0.1663949419,0.2393113077,0.2927716221,0.3247768492,0.3347296254,0.3142803584,0.2686230878,0.1958607583,0.09051692744,-0.04369682825,-0.206782671,-0.3756916154,-0.5051355233,-0.5074848039,-0.4034601303,-0.2541460862,-0.1088496196,0.002374427403,0.08137310294,0.1256733097,0.1373947238,0.1093418634,0.04883238419,-0.04350294948,-0.1657059277,-0.2916341117,-0.3778590566,-0.3647843497,-0.2525197041,-0.08410782374,0.07533205478,0.21149744,0.3163358655,0.3879636845,0.4274197186,0.4365593964,0.4167685375,0.355196318,0.2598159388,0.1225274522,-0.05899755666,-0.2884987843,-0.5181040375,-0.6244402825,-0.5435259476,-0.328390363,-0.1578762857,-0.03888060842,0.0006438044728,-0.1061656591,-0.270774601,-0.5936568514,-1.124855528,-1.095901861,-0.5273100462,-0.1588449696,0.03877821084,0.1278026989,0.1223576559,0.05495781683,-0.07447275864,-0.2171699611,-0.3495776194,-0.4366302612,-0.4818393396,-0.5129260869,-0.4962010421,-0.39869501,-0.1702085564,-0.02351061719,0.06584421392,0.1448153885,0.2326067943,0.2720666921,0.3192235426,0.3500691649,0.3602183562,0.3695548887,0.3597810465,0.3424236878,0.3167360874,0.2793824007,0.2363785266,0.1870938353,0.135515554,0.07981304742,0.02613506538,-0.02384700223,-0.07103359821,-0.1068970955,-0.1374304704,-0.1605629859,-0.1688291852,-0.1778782597,-0.1716245044,-0.1566711644,-0.1408633944,-0.103988104,-0.06660563084,-0.02233332329,0.03093911981,0.08015155941,0.1328603568,0.1827210261,0.2254734681,0.2657724411,0.2963216159,0.3195366424,0.3362591079,0.3409410414,0.3388694267,0.3277625675,0.3115881949,0.2843176569,0.2557541837,0.2273844322,0.1910306004,0.1756221616,0.1591898625,0.1554849694,0.1759181078,0.1932883841,0.2292256041,0.2666743099,0.3061430459,0.3399957943,0.3705957998,0.3966873315,0.4059194812
7,-0.05241605306,-0.02355396271,0.02458731449,0.07142380721,0.1150295497,0.147504884,0.1687303752,0.1770540924,0.166832863,0.1443543648,0.1041018352,0.05488223612,-0.007742936928,-0.05991116728,-0.1057594285,-0.1300961922,-0.1128275321,-0.08653707759,-0.03568077327,0.01316965807,0.05148901598,0.07706763967,0.08329345755,0.07412820797,0.04214363554,0.003307696279,-0.04731949775,-0.09123998822,-0.1121406049,-0.09934350771,-0.04907987962,0.02355513951,0.1066507,0.1820114576,0.2443293708,0.2875178835,0.3089247292,0.303922624,0.2738945371,0.2193396057,0.1342489644,0.02268479341,-0.1180806655,-0.2729966465,-0.4114042388,-0.466614211,-0.4150182669,-0.2941330912,-0.1537474816,-0.03870343891,0.04922316427,0.1037254747,0.1248329114,0.1089388717,0.05987807333,-0.01974326273,-0.1311621841,-0.251880147,-0.3508909249,-0.3697901311,-0.2847837864,-0.1317248089,0.02693696844,0.1663342101,0.2751396246,0.351324149,0.3943016162,0.4065491996,0.388942614,0.3303526621,0.2380392464,0.1060872964,-0.06707056387,-0.2765002021,-0.4717043249,-0.5442162681,-0.4590711592,-0.2645163796,-0.1065004374,0.006222282588,0.04554110812,-0.06959978292,-0.252707271,-0.6072543557,-1.172842659,-1.04888444,-0.4840671266,-0.1413617053,0.03171393252,0.09755790492,0.06799889179,-0.02355913066,-0.1708937034,-0.3237395175,-0.4642888001,-0.5605819183,-0.6226370027,-0.6657600261,-0.6305031112,-0.4932599337,-0.2346257426,-0.07427328588,0.02492786075,0.112990742,0.2091022613,0.2546489403,0.3066573705,0.3402388539,0.3531161412,0.360782942,0.3492233939,0.3287632836,0.2942652538,0.2511214318,0.1959188902,0.1314503564,0.06595880973,-0.01353307182,-0.08924699088,-0.1648997967,-0.2395460083,-0.2999712079,-0.3518819927,-0.3879616431,-0.4070897969,-0.4059952267,-0.3861572278,-0.350016713,-0.2971968737,-0.2335478986,-0.1605028527,-0.0842871422,-0.009137693163,0.06537396174,0.1332655248,0.1956252215,0.2479279073,0.2940015993,0.3286355596,0.3530889045,0.3726774501,0.3741869272,0.3707299408,0.3573448751,0.3322029422,0.3010811649,0.2608733203,0.2184025589,0.1679666294,0.1316127253,0.09603848896,0.07310559822,0.08269384054,0.08937677848,0.1250499764,0.1663609924,0.2095313212,0.2522265729,0.2890744307,0.3217364427,0.3351550651
7.1,-0.0767836407,-0.06824148111,-0.03330271033,0.008278145099,0.0539466235,0.09609005493,0.130540546,0.1546270658,0.1614517298,0.1560576277,0.1320540852,0.09649514537,0.04485394456,-0.006036017758,-0.05839700599,-0.09841720075,-0.1040775753,-0.09655400837,-0.05809155711,-0.0129388674,0.0291434777,0.06390629418,0.08250157281,0.08698973954,0.06920960775,0.04150614641,-0.002332034037,-0.04759934088,-0.08222652439,-0.09224208735,-0.06777247303,-0.01549863367,0.05863850759,0.1312483911,0.1984079594,0.2498075797,0.2806994418,0.2887862999,0.2722484988,0.2327814336,0.1647127981,0.07072063791,-0.05152267909,-0.1913434242,-0.3273304036,-0.4092517138,-0.3991140166,-0.3099282186,-0.1825733102,-0.0685586593,0.02405411432,0.08561208864,0.1146365448,0.1081660553,0.06890942561,-0.000286407602,-0.1024736971,-0.2182352911,-0.3249388774,-0.3681720224,-0.3094443779,-0.1739615605,-0.01942714298,0.1202642135,0.2307331359,0.3089927428,0.3535222979,0.3670197849,0.3497491992,0.2921232456,0.2004644052,0.07058807185,-0.09827864522,-0.2926163386,-0.455652586,-0.4878487656,-0.3816131786,-0.1961569262,-0.04559640491,0.06172091466,0.09992612078,-0.02860973874,-0.233550814,-0.6204856726,-1.205624216,-0.9879780427,-0.4442808813,-0.1307168491,0.0161934172,0.05791089181,0.003925212339,-0.1100564028,-0.2708986,-0.4290088613,-0.5767685405,-0.6920045913,-0.7829770759,-0.8210908221,-0.7317935788,-0.5494603004,-0.2883849346,-0.1284759788,-0.02279818375,0.07208223843,0.1739092038,0.2257726986,0.2818168945,0.3180902741,0.3324927686,0.3386457546,0.3241982449,0.2990817059,0.2557509643,0.2044291724,0.1362353528,0.05557398894,-0.0243290549,-0.1280333864,-0.2247462366,-0.3240906976,-0.4259217062,-0.5049886925,-0.5732633327,-0.6124680394,-0.6347031251,-0.6067457149,-0.5632156218,-0.5012106551,-0.4046874045,-0.3241819342,-0.2237330128,-0.1264676978,-0.04377210906,0.04650931365,0.1194857117,0.1864736839,0.2432963062,0.2907477972,0.3274485593,0.3522009447,0.375168391,0.3749731769,0.3728388656,0.3611208169,0.3303697191,0.3017126278,0.2548153656,0.202593576,0.1446110924,0.08580842313,0.03002002737,-0.01809899263,-0.02820018255,-0.04071289391,-0.01074911277,0.03309297676,0.07726753334,0.1329494763,0.177266049,0.2183038591,0.2395094003
7.2,-0.0774266193,-0.08616827949,-0.06859996339,-0.03901975345,0.001783223707,0.04632264257,0.08821472071,0.1228042104,0.1422658183,0.1498751666,0.1389286901,0.1149183965,0.07363179842,0.02685819073,-0.02632635661,-0.07391979365,-0.09661486829,-0.1035668146,-0.07834908886,-0.03929250165,0.005078859395,0.0458117242,0.07489001886,0.09077232625,0.08550050765,0.06773482199,0.03165964668,-0.01100858601,-0.05320234579,-0.07795943849,-0.07549060711,-0.0434505757,0.0187880646,0.08638020637,0.1561555434,0.2139280082,0.2535997487,0.2725425093,0.2677225931,0.2405774401,0.1860185488,0.1051911938,-0.003200196813,-0.1307762717,-0.2628111885,-0.356657146,-0.3744275192,-0.3111563633,-0.1976274881,-0.08558391142,0.01009956238,0.07697563271,0.1138075235,0.1141119044,0.08316619672,0.02193383961,-0.07396688704,-0.187212746,-0.3019812143,-0.3670432864,-0.3364476014,-0.2181276736,-0.06933289568,0.06986794509,0.1823432014,0.2617727622,0.3076818273,0.3217301419,0.3041795202,0.2455599988,0.1521056376,0.02039796678,-0.1501605451,-0.3358486106,-0.4709058342,-0.4604356597,-0.3258051314,-0.1402725711,0.007309484018,0.1109311762,0.1480143083,0.003749135636,-0.2234123455,-0.6405690209,-1.226669525,-0.9281648638,-0.4143232258,-0.1295534169,-0.007671221937,0.0116025897,-0.06279353052,-0.1917664382,-0.3596932923,-0.5211092511,-0.6811098579,-0.8260797705,-0.9331333864,-0.9054939126,-0.7333796229,-0.5362230867,-0.326583682,-0.1944220535,-0.08822799559,0.01011491806,0.1119255542,0.1732066428,0.2328390715,0.2732786629,0.2907365808,0.2973402654,0.2816410272,0.2522964878,0.2045664945,0.1434526762,0.06540680269,-0.02732842367,-0.1213149325,-0.2377041854,-0.3455920476,-0.4509717609,-0.5562715796,-0.6228304826,-0.6749945279,-0.6930924572,-0.6876209967,-0.6435489045,-0.5845385891,-0.5144704821,-0.4143180563,-0.3360218243,-0.2386571493,-0.1445194135,-0.06983632845,0.01855807592,0.08603278283,0.1487191311,0.2045219945,0.2487963502,0.2856657925,0.3107110783,0.3365025367,0.3383096728,0.3403861083,0.3344571471,0.3045297141,0.2836345528,0.2374938318,0.1825199921,0.1255756766,0.04816539996,-0.02497766328,-0.1006704787,-0.1443888675,-0.1884092515,-0.1788811405,-0.1407244005,-0.1020300681,-0.03072426369,0.02240213129,0.07501902199,0.1090081391
7.3,-0.05994531935,-0.07903993643,-0.07782428337,-0.06394913819,-0.03405463906,0.004697062245,0.04720722188,0.08643840885,0.1134544278,0.1305257952,0.1296108264,0.1150673967,0.08321220446,0.04127023669,-0.01007492268,-0.06092477414,-0.09596575297,-0.1141515095,-0.1016133734,-0.06947443702,-0.02385770492,0.02152933902,0.06009731892,0.08635182389,0.09277553081,0.08453676624,0.05682316097,0.01881052522,-0.02647493245,-0.06081653772,-0.07630027046,-0.0633371856,-0.01532377099,0.04564023988,0.1160262469,0.1786837627,0.2264744579,0.2545367026,0.2599189354,0.2429318825,0.1990554429,0.128127782,0.02973607328,-0.08916580224,-0.2186038189,-0.3191391425,-0.3556364737,-0.3106970366,-0.2066992382,-0.09459239996,0.005296664558,0.07794810986,0.1225652531,0.1291704229,0.1055958853,0.05086108091,-0.03959892442,-0.1522269059,-0.2753526664,-0.3626116995,-0.3649065982,-0.2661155814,-0.1248167469,0.0140943063,0.1302386379,0.2112821707,0.2594072731,0.2741206509,0.2558232256,0.1945395635,0.09636401257,-0.04209557351,-0.2215644731,-0.4073916412,-0.51876399,-0.4630997237,-0.2951891188,-0.1032273606,0.04531165651,0.1473478024,0.1837132343,0.02403926565,-0.2231556684,-0.6651439806,-1.227833476,-0.8697178478,-0.3888874982,-0.1297746622,-0.02890615999,-0.0269135572,-0.1136747951,-0.2467301336,-0.4158865388,-0.5822099471,-0.7588473884,-0.9187608469,-0.9670767246,-0.8198874962,-0.6082842758,-0.4523431201,-0.3444067092,-0.2662757822,-0.1711870445,-0.07703921405,0.01544777132,0.08811110944,0.1500765079,0.1960102733,0.2209665061,0.2305737185,0.2189381699,0.1902501334,0.1466118618,0.08190725045,0.005561146009,-0.08320085696,-0.1772901834,-0.274196947,-0.3625259073,-0.4357557916,-0.4996876634,-0.5276343278,-0.546693106,-0.551173319,-0.5303440648,-0.5124586078,-0.4714901148,-0.4225378417,-0.3634989551,-0.3001155816,-0.2310705758,-0.1588318779,-0.09963670529,-0.02855849447,0.02692117904,0.07848481609,0.1298441603,0.167106883,0.2034925308,0.2305590434,0.2576047329,0.2678665572,0.276935667,0.2805689728,0.2599372003,0.2496251723,0.2120681852,0.1616519776,0.1133205644,0.02602858669,-0.05675264683,-0.1532729294,-0.2422905234,-0.3258073237,-0.3631518533,-0.3521730754,-0.3311169577,-0.2469900097,-0.182151773,-0.111413399,-0.05616245669
7.4,-0.03517892657,-0.05716803991,-0.06673142326,-0.06743893013,-0.05152115781,-0.02486213432,0.01167738109,0.04966741903,0.07949331365,0.1027802945,0.1096333005,0.1033810515,0.08013782486,0.04404166119,-0.004031149749,-0.05599817749,-0.1003746737,-0.1294664377,-0.1306687316,-0.10779365,-0.06317382736,-0.01452737341,0.03290289384,0.06935806553,0.08778176558,0.0897889612,0.07195520659,0.04121225345,-0.002916372581,-0.04151809934,-0.07017352606,-0.07400013778,-0.04202771874,0.01030000347,0.07849683952,0.1438450915,0.1988137074,0.2340880605,0.2484486044,0.2401144303,0.204849095,0.1419411477,0.05092138854,-0.06216644931,-0.1909078595,-0.2980977007,-0.3498382253,-0.3183855874,-0.2196761863,-0.1037373992,0.002764841809,0.08301174563,0.1360473804,0.1500257573,0.1341528508,0.0861260029,0.003114069494,-0.1080155213,-0.2357391369,-0.3422421017,-0.3812249644,-0.3081201113,-0.1795044882,-0.04229861266,0.07749776719,0.1608460476,0.211453317,0.2267235836,0.2070606681,0.1413190901,0.03532284753,-0.1157791355,-0.3124924817,-0.5121803796,-0.6051254361,-0.4992113054,-0.2926675618,-0.08867119563,0.0644795676,0.1671907568,0.2032517679,0.03032038596,-0.2326305883,-0.6906286467,-1.206874301,-0.81719298,-0.3675839266,-0.1282785054,-0.04144706564,-0.04856102809,-0.1372466624,-0.2631995627,-0.4300351325,-0.6004450992,-0.7786673834,-0.8951610598,-0.8229354465,-0.6126913107,-0.4221088558,-0.3304956318,-0.335154343,-0.3170780717,-0.2490536886,-0.1747610063,-0.1007430423,-0.02575007798,0.03493191082,0.08546583657,0.1197922245,0.1357134606,0.1340362728,0.1140838467,0.08375483494,0.03023001486,-0.02704508177,-0.09001424258,-0.1540017585,-0.2056157874,-0.2469442779,-0.2721450056,-0.2945377877,-0.2983625523,-0.308153282,-0.319691556,-0.3165681812,-0.3336015882,-0.3296594298,-0.3181169443,-0.3084264872,-0.2718478004,-0.2386151774,-0.1948178,-0.1540442767,-0.1051325914,-0.06328948536,-0.02512932065,0.02286481071,0.05175880441,0.08991249307,0.1229986461,0.1511228359,0.1775108149,0.1966279482,0.2131783361,0.2088840465,0.2103831655,0.1868098562,0.1464065274,0.1112135852,0.02464404028,-0.05703677526,-0.1591327888,-0.2852169432,-0.3986723235,-0.5026978457,-0.5520617336,-0.5761725625,-0.4952795225,-0.4190894603,-0.3241628628,-0.2316265846
7.5,-0.01538472468,-0.03399621146,-0.04704463511,-0.057135701,-0.05336066422,-0.04087684687,-0.01433405376,0.01808513702,0.04640387776,0.07358885267,0.08641140958,0.0880052489,0.07298744052,0.04442131671,0.001154425373,-0.05033206557,-0.1003124103,-0.1419904542,-0.1590059526,-0.150032818,-0.1115534817,-0.06272732353,-0.008152296753,0.03821891314,0.06838030172,0.08203079807,0.07530699248,0.05414130654,0.01448452107,-0.02354039487,-0.06050436265,-0.07817706615,-0.06138018775,-0.0203809303,0.04328863801,0.1090785552,0.1700603253,0.2110790825,0.2336010285,0.2332730343,0.2051055939,0.1497017277,0.06436641069,-0.04482974958,-0.1748145662,-0.2907876537,-0.3586462973,-0.3397551243,-0.2433063842,-0.1197627806,-0.003663497597,0.08629065341,0.149496149,0.1719207889,0.1650450944,0.125303597,0.05175313548,-0.05379858854,-0.1797238547,-0.2967667764,-0.3679059033,-0.3251342279,-0.2170659328,-0.08607511472,0.03440207687,0.1195619642,0.1717641841,0.1867902085,0.1657344463,0.0938082975,-0.02183086648,-0.1903365426,-0.4142756567,-0.6486732395,-0.7361567811,-0.5731182227,-0.3213687615,-0.09941066743,0.06173961901,0.1672564311,0.2033863621,0.01974244763,-0.2541402993,-0.7188074977,-1.179315801,-0.7808556422,-0.3569114085,-0.1301196042,-0.0496836046,-0.05852388089,-0.1400401648,-0.2511547218,-0.4143936268,-0.581562887,-0.730621983,-0.7604991117,-0.6069661391,-0.3999374133,-0.2459120119,-0.2073892754,-0.2960532921,-0.3164863328,-0.2818838526,-0.2443376474,-0.1893728403,-0.1401705648,-0.08834734281,-0.03830726939,-0.00481196854,0.02322764952,0.03240811636,0.0272705364,0.01829348029,-0.01167660017,-0.03670079532,-0.06288042641,-0.07856263431,-0.08949190902,-0.08722982192,-0.0781760267,-0.08079188738,-0.07254864453,-0.08374844742,-0.1026316393,-0.1223627914,-0.162191772,-0.1945933895,-0.2252249242,-0.2558329619,-0.2631012808,-0.2678659354,-0.2562222152,-0.2411565528,-0.2119472385,-0.1841608276,-0.1571679301,-0.1088818196,-0.08390103922,-0.03853378629,0.005709095619,0.04146079956,0.08742727392,0.1209116819,0.1533863773,0.166568852,0.1820724665,0.1736841674,0.1463666719,0.1259300679,0.04957015942,-0.02092651649,-0.112753638,-0.2451748396,-0.3606058139,-0.5032697153,-0.6148746758,-0.7074368895,-0.676105714,-0.6127250705,-0.5064329493,-0.3695982608
7.6,-0.009604789521,-0.02055205301,-0.03165483954,-0.04526583313,-0.04882647575,-0.04831811298,-0.03186984421,-0.006354850682,0.01813919259,0.04834487215,0.06630581426,0.07579351486,0.06970257029,0.05004631449,0.01361357556,-0.03526546541,-0.08677044946,-0.1411211557,-0.1750952476,-0.1846971889,-0.1600701497,-0.1152771507,-0.05677115634,-0.001184591465,0.04017059969,0.06706559992,0.07243048271,0.06227210453,0.02992625674,-0.005115634822,-0.04679857296,-0.07637769379,-0.07370476621,-0.04742034335,0.009431336619,0.07383199143,0.1391697802,0.1859483633,0.2163416094,0.2241532594,0.2028862614,0.1549247635,0.07452735532,-0.03217448857,-0.165583893,-0.2944495495,-0.3837486207,-0.3814592476,-0.2852466368,-0.1506395579,-0.02075118324,0.08178591908,0.1575222149,0.1898158031,0.1934095401,0.1637411999,0.1004611828,0.004499393236,-0.1145855676,-0.2327790002,-0.3232582615,-0.3077148361,-0.2236834648,-0.1036022147,0.01409894495,0.09939786852,0.1522889752,0.1668070692,0.1452343671,0.06795931872,-0.05576809584,-0.2411085487,-0.4976497695,-0.792005981,-0.905779559,-0.6809680497,-0.3762423206,-0.1307829817,0.04135596006,0.1514067231,0.1879653631,-0.004557553044,-0.2856822907,-0.7504012658,-1.157966255,-0.761945952,-0.3573987422,-0.136633913,-0.0570041268,-0.06350337608,-0.1325154832,-0.2257019391,-0.3836114847,-0.5369886435,-0.6386355976,-0.5933977401,-0.4111975026,-0.2268849407,-0.1035098675,-0.09978194113,-0.2309337751,-0.2555167845,-0.2412771926,-0.2391428299,-0.1911684525,-0.1981332165,-0.1653829391,-0.1272056581,-0.1213062359,-0.07649923514,-0.0655246562,-0.05752746604,-0.04093064537,-0.0467510897,-0.0366616596,-0.02839452622,0.0002785616761,0.01747811583,0.050379182,0.08105615712,0.09012583879,0.1068176331,0.09622101945,0.07632348007,0.04127739624,-0.007350347246,-0.06512628508,-0.1305957874,-0.1879051205,-0.2484112041,-0.2918846528,-0.3180458728,-0.3401951898,-0.329418882,-0.3176508368,-0.2965908948,-0.2463593759,-0.2132413805,-0.1545753112,-0.09503008811,-0.04030641973,0.02160765325,0.07246203656,0.1204182799,0.1479960513,0.1767598681,0.1814065441,0.1679690425,0.158815325,0.09979928136,0.04444809993,-0.02981296315,-0.1414726921,-0.2407271796,-0.3734815625,-0.49813852,-0.6219838766,-0.6634833433,-0.6555085442,-0.5820916813,-0.4343125657
7.7,-0.0197166894,-0.02105399648,-0.02733428728,-0.04024535919,-0.04693121463,-0.05463088216,-0.04645941084,-0.02735547011,-0.006925711366,0.02612970672,0.04935845182,0.06708821737,0.07134772877,0.06150551648,0.03408189049,-0.009503276391,-0.05908829995,-0.1230849127,-0.1730982215,-0.2038463275,-0.2015139448,-0.1655676544,-0.1076348399,-0.04396591354,0.00897345211,0.05079538657,0.07000915817,0.07246151199,0.05070392945,0.02027959133,-0.02277335187,-0.06223840379,-0.07386386705,-0.06583862163,-0.01969338924,0.04074405081,0.1078252506,0.1612180231,0.1996292103,0.2163027015,0.2033285227,0.1631671028,0.08838654419,-0.01609773078,-0.1539853624,-0.3012260521,-0.422826515,-0.4501614353,-0.3577698396,-0.2081477635,-0.0586548025,0.06099925317,0.1530270372,0.1974905455,0.2135210084,0.1956187206,0.1429110625,0.05852671406,-0.05175773758,-0.1660160939,-0.2640579873,-0.2676914677,-0.2035403237,-0.09457986815,0.01952437022,0.1047104133,0.1588671847,0.1745123667,0.1544583519,0.07630627463,-0.05000065757,-0.2442760415,-0.5238779842,-0.8899794599,-1.087699296,-0.8103423958,-0.445445398,-0.1722846426,0.01326578125,0.1291721824,0.1663841135,-0.0337927746,-0.3197766705,-0.7802626589,-1.139784095,-0.7502347584,-0.3606362844,-0.1414872492,-0.0594736685,-0.06195348622,-0.1162981737,-0.1917183553,-0.3419467035,-0.4750183409,-0.5322950687,-0.4403406784,-0.2537169886,-0.09157532861,0.009839807912,-0.007068394187,-0.1471803216,-0.1517619875,-0.1388967996,-0.1512642188,-0.09964545834,-0.156628569,-0.1465571425,-0.1325945904,-0.1765480929,-0.1249351443,-0.1288936567,-0.1180126616,-0.08363559407,-0.07162627941,-0.03351913674,0.000531079478,0.06317016537,0.09907108364,0.153594713,0.1989956573,0.2186843634,0.2419727253,0.2353132102,0.2191246271,0.1759901736,0.1285413689,0.05744586269,-0.02835899304,-0.09879532802,-0.2020297958,-0.2763146864,-0.3403666815,-0.399217789,-0.4116716415,-0.4151111357,-0.3918982608,-0.3467400413,-0.2886715323,-0.2178362487,-0.1443844918,-0.0677362486,0.001230004324,0.06538383855,0.1213919295,0.1603052091,0.1942059663,0.2084689652,0.2070540594,0.2026166438,0.1637012413,0.12175183,0.0655873969,-0.02003103469,-0.09871270794,-0.2059056537,-0.3166177207,-0.4287180262,-0.5114876782,-0.5545857784,-0.5396755367,-0.4301919738
7.8,-0.04300583558,-0.03394933553,-0.03388047082,-0.0431126924,-0.0494876133,-0.06189817379,-0.06000944355,-0.04686092333,-0.03039901396,0.004514070587,0.03284045987,0.05862158277,0.07438967034,0.07473809258,0.0582555553,0.02292147093,-0.02218725557,-0.09025830504,-0.1534109195,-0.2054225623,-0.2329435436,-0.2130139677,-0.162737522,-0.09382511743,-0.02865523877,0.0295039455,0.06497552965,0.08218731378,0.07451568161,0.05128049594,0.01120744614,-0.03398165782,-0.05830801187,-0.06983449016,-0.0385641674,0.01458347683,0.07977356291,0.1406454247,0.1873543544,0.2140322496,0.2118616791,0.1808951892,0.114425177,0.01471953565,-0.1241861314,-0.2903630009,-0.4543576616,-0.5363462787,-0.4663758679,-0.3009756682,-0.1254283562,0.01735477309,0.1310792147,0.190785986,0.2218487674,0.2174153371,0.1754968153,0.1031344802,0.001294409602,-0.1083060281,-0.2084579534,-0.2253321426,-0.1746119747,-0.07311225378,0.03942941005,0.1267698901,0.1842754744,0.2038580713,0.1880058002,0.1140010344,-0.008757779926,-0.202019743,-0.4854803397,-0.9016415423,-1.234137259,-0.943297052,-0.515887496,-0.21315194,-0.01295253837,0.1096338184,0.1475459496,-0.05888783115,-0.3475342723,-0.7991093654,-1.113726536,-0.7342711687,-0.3577993348,-0.1380091648,-0.05192661503,-0.04939756559,-0.08935996984,-0.1498245167,-0.2914291001,-0.4044248392,-0.4292382704,-0.3096325959,-0.1255140062,0.01883354175,0.1038747841,0.07449935309,-0.05586183606,-0.03405958156,-0.01161789504,-0.01972185226,0.03522024525,-0.03924691296,-0.04481739142,-0.05554929087,-0.1375513133,-0.1025167354,-0.1318817328,-0.1307316914,-0.09791622243,-0.07538296046,-0.02243150572,0.02728959047,0.1130842928,0.1608356602,0.2303837191,0.2858277974,0.3151907205,0.3433173479,0.3418012545,0.3307330664,0.2843730936,0.2420537655,0.1661992574,0.07301887824,-0.0006597292232,-0.1238989744,-0.2116025514,-0.2979132234,-0.3697963594,-0.4032947362,-0.4113232133,-0.3796520693,-0.3506651845,-0.2656132785,-0.1958084,-0.1196039273,-0.03483848315,0.03061107931,0.09671442944,0.1495669032,0.1964048797,0.2249488272,0.2454359531,0.2526092449,0.2485100674,0.2283113302,0.1972409474,0.1581475141,0.09230178815,0.03484425478,-0.05079248141,-0.1465046618,-0.236181521,-0.3378857891,-0.405822326,-0.4390997117,-0.3858026859
7.9,-0.080080401,-0.05982986712,-0.0517948139,-0.05407570075,-0.05555459131,-0.06859493281,-0.06985331191,-0.06194662983,-0.04908985644,-0.0149884521,0.01716530402,0.04971910922,0.07693075852,0.08769724879,0.08384407839,0.06019931971,0.02221726725,-0.0419938078,-0.1125167697,-0.1821592998,-0.2431661079,-0.2509096254,-0.2216510062,-0.1563983655,-0.08121354424,-0.007339249538,0.04626862566,0.08025881608,0.08961247121,0.07681702289,0.04451406217,-0.0004259351239,-0.03286417926,-0.06091620717,-0.0463007039,-0.003131106337,0.05635182054,0.1250532715,0.1801468245,0.2179418341,0.2293188241,0.2096994537,0.1556118146,0.06604405508,-0.06538013391,-0.2396946628,-0.4394414238,-0.5985313058,-0.594107535,-0.427275391,-0.2224513729,-0.0505633317,0.09068398502,0.1689400528,0.2176155705,0.2281293837,0.1971281904,0.1365846481,0.04197789171,-0.06435203417,-0.1657587293,-0.1944460279,-0.1531845808,-0.05516473102,0.05857981021,0.151617389,0.2148755259,0.2408667418,0.2314768656,0.1643919589,0.04870776199,-0.1375843649,-0.4118273972,-0.8432704545,-1.301498541,-1.063356174,-0.5791236688,-0.247206387,-0.03228160209,0.09745522047,0.135980054,-0.07420995573,-0.3622146955,-0.7992753044,-1.076099651,-0.7113742075,-0.3463210068,-0.1243698392,-0.03294441287,-0.02448589351,-0.05265568153,-0.1031787228,-0.2373059131,-0.3335262745,-0.335032968,-0.1971317697,-0.01734480742,0.1120715658,0.1827185478,0.1442238985,0.03074669592,0.07767370163,0.1129989435,0.1167225438,0.173224392,0.1031680389,0.09141203091,0.06516539896,-0.02610612663,-0.02013907824,-0.06997861619,-0.08403626539,-0.07056967363,-0.04480024644,0.008106363034,0.06325151469,0.1591547148,0.2131747735,0.2906284097,0.3513421016,0.38822569,0.4188102939,0.4218211247,0.4149269099,0.3684743228,0.3309664762,0.2553307438,0.1630248399,0.0911959582,-0.0315119225,-0.1161046632,-0.2016432984,-0.2606436694,-0.2971971186,-0.2972795495,-0.2598705526,-0.2440684632,-0.1541972204,-0.09754731034,-0.03183700198,0.04305646286,0.09668465287,0.1534399776,0.194816532,0.2436111009,0.2611319917,0.2843978179,0.296622648,0.2923227404,0.2871170764,0.2656241326,0.2417647951,0.1893572055,0.1506189508,0.0796929834,-0.005195840651,-0.07777078375,-0.1891765207,-0.2688543664,-0.3355781793,-0.3303370762
8,-0.134478919,-0.1028528677,-0.08496305454,-0.07655006425,-0.06736688614,-0.07585974724,-0.07531136714,-0.07041217914,-0.0595659771,-0.0295193243,0.00442197664,0.04164487948,0.07866617394,0.1002057512,0.1102551106,0.1017201585,0.0743514665,0.02274093559,-0.04596378278,-0.1235281983,-0.210909496,-0.2559334777,-0.2664152459,-0.2245784254,-0.14975354,-0.06600377735,0.005232401648,0.05677350013,0.08523656849,0.08569817464,0.06536097141,0.02651990451,-0.008596832842,-0.04726177546,-0.04840219363,-0.01677308764,0.03380964442,0.1094771391,0.1725493096,0.2220680346,0.2487687541,0.2425848699,0.2043732114,0.1302698478,0.01503651691,-0.1508772552,-0.3602482073,-0.582049396,-0.6875492222,-0.5671169068,-0.3419981791,-0.1384438029,0.03468446575,0.1340810269,0.2022736989,0.2289056737,0.2087134522,0.1602136546,0.07195196037,-0.03240225588,-0.1358789151,-0.1781595284,-0.1461936094,-0.04997136189,0.06704784381,0.1686478761,0.2395721236,0.2734223105,0.2718745581,0.212307966,0.1047616549,-0.07258490037,-0.3341842519,-0.7596873688,-1.29351327,-1.16263716,-0.6323317094,-0.272749683,-0.04347102642,0.09372264227,0.1326772839,-0.07821950041,-0.3624457568,-0.7829309994,-1.035139739,-0.6848157867,-0.3276331612,-0.1021289551,-0.005028057586,0.008842878636,-0.01171871209,-0.05765555468,-0.1861053501,-0.267808865,-0.2503940243,-0.09951293003,0.07452759337,0.1901289739,0.2467639437,0.2005172007,0.106359439,0.177382021,0.2252003745,0.2409101092,0.3003315187,0.2399763209,0.2285124764,0.195669566,0.1121008087,0.09419064893,0.03588551129,0.01111233134,-0.000299925842,0.0245460515,0.06592435257,0.1174102862,0.210011764,0.2645761768,0.3421670569,0.4025661249,0.4442463558,0.473735596,0.4797137911,0.4750967198,0.4296756349,0.3954630816,0.322382879,0.2355642461,0.1675595264,0.05877926519,-0.01298474073,-0.08219221614,-0.1175672246,-0.1426922943,-0.1316039608,-0.0945368362,-0.08137652809,-0.006109306206,0.03565877036,0.08548517222,0.1415603172,0.1802243107,0.2217407873,0.2486744141,0.2928086742,0.2990511126,0.3219192574,0.3363126164,0.3331661751,0.3384825808,0.3255535255,0.3138223994,0.2706611323,0.24533666,0.1832827193,0.1049888161,0.04069684619,-0.07631943345,-0.1645898169,-0.2558098354,-0.2851991731
8.1,-0.2035150071,-0.16383776,-0.1359029949,-0.114478444,-0.08973666096,-0.08908913303,-0.08145462194,-0.07611463139,-0.06470029799,-0.04077770618,-0.007080560863,0.03257010706,0.07650102289,0.1091314215,0.1334661801,0.1422944751,0.1288882003,0.09631997501,0.03875766651,-0.03410576095,-0.1300286073,-0.2066671015,-0.2657241865,-0.272497767,-0.2198685704,-0.1418306233,-0.05834597298,0.00899034061,0.05766921879,0.07332900202,0.06842157361,0.04060760962,0.007265988024,-0.03561859668,-0.05065200214,-0.03181729056,0.006584428882,0.08676167054,0.1565194791,0.2176919359,0.2603886104,0.2692306756,0.248967176,0.1935016021,0.09971347938,-0.04664616154,-0.2413763289,-0.4819678159,-0.6837115509,-0.6793705846,-0.4683246577,-0.2389982758,-0.03307780161,0.08910851403,0.1780007711,0.222006817,0.2125504091,0.1775338681,0.09584291103,-0.006412365799,-0.1119301493,-0.170693863,-0.1509436285,-0.05826400726,0.06291318079,0.1739504677,0.2538150945,0.2961871375,0.3031735201,0.251094936,0.1519543921,-0.01576219567,-0.2652534924,-0.6761448884,-1.244314502,-1.244617717,-0.6785763804,-0.2921608614,-0.04869134942,0.09616779993,0.1353871629,-0.07445276132,-0.3542178842,-0.761227632,-0.9992572514,-0.6562357323,-0.3037468906,-0.07470968374,0.02650722447,0.0436170621,0.02658279464,-0.0184072344,-0.1413836234,-0.2087336602,-0.1749750712,-0.01534413251,0.1520257206,0.2545865117,0.2974657055,0.2450598244,0.172137981,0.2663235251,0.3248310154,0.3499270256,0.4140310855,0.361218164,0.3529252363,0.3185449038,0.246460373,0.2148854987,0.1568545262,0.1289133919,0.09741489753,0.1215160027,0.1470354981,0.1892997549,0.2688843122,0.3184127935,0.3890026051,0.4431625237,0.4868559904,0.5107205868,0.517709383,0.5132273745,0.4683525958,0.4361671017,0.3666012698,0.288281207,0.224872291,0.138568464,0.08413097289,0.03753989506,0.02610647446,0.01574908177,0.03538898922,0.06831736145,0.08456548644,0.1391197745,0.1691934176,0.2040737455,0.2406212645,0.265412191,0.2909377136,0.3045683809,0.3392580442,0.3371254275,0.357248447,0.3718064715,0.3712205522,0.382758212,0.3768269106,0.3731707042,0.3363562936,0.318097735,0.2603311232,0.184858519,0.1215032895,0.0004227483995,-0.09634999087,-0.2064029641,-0.2599565885
8.2,-0.2674767318,-0.231314162,-0.1987191912,-0.1669094896,-0.1254468945,-0.1142328774,-0.09609142521,-0.0871461351,-0.07304377533,-0.05528375643,-0.02341107157,0.0168942344,0.06397951748,0.1078049072,0.1455537794,0.1721715551,0.1747530706,0.1637443412,0.1231529454,0.0641061146,-0.02298869917,-0.1128050898,-0.205781095,-0.2690155083,-0.2625048611,-0.2164894733,-0.1341719716,-0.05725812957,0.01035553031,0.04221957932,0.05523827149,0.04242800149,0.01396223152,-0.02715274416,-0.05411533231,-0.04943000954,-0.02718955263,0.05319915671,0.1270951735,0.1990135855,0.2579286974,0.2826911975,0.2814598597,0.2457595072,0.1753755893,0.05216723918,-0.1170959919,-0.3441076368,-0.5839396041,-0.7164253962,-0.5789882045,-0.343950651,-0.1099449421,0.03627997397,0.1465413838,0.2094606749,0.2112177998,0.1918710273,0.1180800219,0.01931068609,-0.08641497976,-0.1641731964,-0.1610860048,-0.07681157718,0.04779818607,0.1674741712,0.2571438283,0.3085251474,0.3247169146,0.2805052978,0.1903966468,0.03328530285,-0.2046257064,-0.596609109,-1.174481762,-1.315184711,-0.7249815586,-0.310585826,-0.05284530213,0.09982413544,0.1393108796,-0.06948121825,-0.3458450192,-0.7425506376,-0.9678997572,-0.625143722,-0.2774818897,-0.04683382904,0.05602360756,0.07455172308,0.05856169778,0.01306774543,-0.1027753651,-0.1554688105,-0.1084490816,0.05664477692,0.217837603,0.3085674985,0.3379631375,0.2814019965,0.2309284711,0.3454108652,0.4125261036,0.4442020238,0.5132821289,0.4648870092,0.460204456,0.4263664826,0.3639847231,0.3263620984,0.2723083394,0.2462424219,0.2021436901,0.2272320991,0.2383338601,0.269816716,0.3321523812,0.3723966668,0.430727251,0.4733909013,0.5165646524,0.5301022088,0.5362110812,0.5299247615,0.4845915455,0.453940912,0.3888847494,0.3222719604,0.26448192,0.2072020338,0.1719839109,0.1489775574,0.1577412072,0.1598115304,0.184050316,0.2105819907,0.2311384194,0.2648775177,0.2865485686,0.3091608493,0.3289743276,0.3426301078,0.3543427205,0.3581283534,0.3805834843,0.3747065854,0.3904531397,0.4038726108,0.4063569325,0.4203060619,0.4190552641,0.4188939866,0.3866494648,0.3690337917,0.3124679676,0.2369403065,0.1699520329,0.04588853122,-0.05850210365,-0.1805524663,-0.2511880612
8.3,-0.2914829818,-0.2788008888,-0.2554134271,-0.2240395896,-0.1718928703,-0.1531489311,-0.1244627828,-0.1100254525,-0.09272675216,-0.07914347851,-0.05027631742,-0.01058764997,0.03560369519,0.0901168027,0.1392931327,0.1824858447,0.2019365671,0.2119538801,0.1908089261,0.1498468253,0.08154363763,-0.004449437323,-0.106142552,-0.2056631888,-0.249667425,-0.2591972308,-0.200150553,-0.1268928917,-0.04716638899,5.326373577e-05,0.0313987029,0.03609373212,0.01432243662,-0.01968589163,-0.05610851738,-0.06641569083,-0.06385791403,0.01010403344,0.08408001882,0.1645885682,0.2396020693,0.2803255687,0.2985673326,0.2824841057,0.2354668211,0.1348511802,-0.007135073742,-0.2082552783,-0.4444447964,-0.6651328133,-0.6482091025,-0.4435099776,-0.1944739881,-0.02279427599,0.1089846644,0.1923649443,0.2067450626,0.2047966032,0.1408593855,0.04747910437,-0.05534999544,-0.1530477447,-0.1708736449,-0.101878822,0.02347731107,0.150244894,0.2504097946,0.3115110429,0.3378304194,0.3023558149,0.2222071844,0.07685117277,-0.1495463587,-0.5196292317,-1.089938636,-1.370254926,-0.777663896,-0.3328401178,-0.06094983762,0.09961218939,0.1395867789,-0.06841066344,-0.3414935728,-0.7271789941,-0.9375702462,-0.5940885503,-0.2534928396,-0.02332536985,0.07960970287,0.09961569803,0.08345867731,0.03665032813,-0.07009015689,-0.1085373242,-0.0512043492,0.1176851758,0.2743546884,0.3545090192,0.3701096711,0.3108622723,0.2823176365,0.4125951113,0.4868054587,0.5233242599,0.596376881,0.5508073027,0.5490621203,0.5164446364,0.4609548327,0.421652821,0.3723473697,0.3501495886,0.2997433637,0.3267221133,0.3270959668,0.348615147,0.3938507516,0.4222296852,0.4653287094,0.4925998412,0.5329126237,0.5320228297,0.5356647868,0.5262260798,0.4796363325,0.4513217605,0.392709727,0.3419341829,0.2919545051,0.2683221349,0.2524865764,0.2508039316,0.2745769048,0.2847746939,0.3098415091,0.3284087174,0.3522864777,0.3667234379,0.3823174945,0.3952858391,0.4019930251,0.4075554335,0.4088001521,0.4070114988,0.4157665309,0.4110999387,0.4209873266,0.4320562621,0.4367468469,0.4497327965,0.4503214789,0.4491188871,0.4210244378,0.3983794517,0.3419934886,0.2653391437,0.1936675281,0.06957811211,-0.03800518069,-0.1599592815,-0.2421050123
8.4,-0.251841613,-0.2761213968,-0.2790013241,-0.2655312383,-0.2189207166,-0.2000013322,-0.1656262287,-0.1458581795,-0.127057597,-0.1143334166,-0.08966316496,-0.05209314704,-0.01036937426,0.05254595526,0.1103183586,0.1675236731,0.2042310658,0.2331843429,0.2324682181,0.2113309331,0.1659429967,0.09439040957,0.003072454152,-0.1035702114,-0.1785946831,-0.2413840487,-0.2260224191,-0.1757024471,-0.09968669356,-0.04184899797,0.004150676955,0.02594909769,0.01187883779,-0.01146188662,-0.05364714997,-0.07827559774,-0.09614685049,-0.03769336346,0.03061569863,0.1157018862,0.2053906105,0.2612656284,0.2986424065,0.3013213804,0.2766079926,0.1968789306,0.08077188555,-0.09189630119,-0.3078313458,-0.5566004001,-0.6552040612,-0.5222377308,-0.2828148989,-0.08519051451,0.06697101263,0.1715123714,0.2006953762,0.2163263166,0.1642929981,0.07831941938,-0.01836200719,-0.1339261472,-0.1749380116,-0.1285394469,-0.007426337135,0.1242949086,0.2351150522,0.3065048455,0.3436483884,0.3175331231,0.2477936094,0.1146251353,-0.1007301966,-0.4476596311,-0.9983869892,-1.397961666,-0.8395406916,-0.3619746183,-0.07658030523,0.09188396888,0.1327863674,-0.07369712862,-0.3418436535,-0.7140720094,-0.9109762878,-0.5692474807,-0.2365370483,-0.007844115096,0.09482582673,0.1178277053,0.1000216805,0.05031804839,-0.04560750892,-0.06999778107,-0.003754935332,0.1679873822,0.3213675417,0.3914642316,0.3922462356,0.330836137,0.3225938991,0.4648706737,0.5454306799,0.5864798271,0.6618523249,0.6194437273,0.6196085813,0.5882682548,0.5376889909,0.4986102703,0.4538363776,0.4355835282,0.383965547,0.4123827539,0.4062304152,0.4198409513,0.4503968258,0.4661341314,0.4929250074,0.5025465886,0.5370789737,0.5187332127,0.5181055368,0.5045049731,0.456031781,0.4320001006,0.3825975415,0.3518269335,0.3132356061,0.3240109146,0.3263164841,0.3417875478,0.375368917,0.389345001,0.4122853581,0.4221203619,0.4470569478,0.4444896115,0.4553384159,0.4609862258,0.4580426097,0.4586515373,0.4530246881,0.4496570376,0.444667049,0.4449082914,0.4474978965,0.4545930285,0.4594333462,0.4682140478,0.467671874,0.4614902558,0.4381462128,0.4064281493,0.3514357966,0.2751423482,0.2016630789,0.084129591,-0.01742800441,-0.1221697213,-0.2092564037
8.5,-0.1650233975,-0.2178871047,-0.2520189061,-0.2682874134,-0.2482895378,-0.2384981253,-0.2086392816,-0.1869166769,-0.1702189133,-0.155899667,-0.1370913367,-0.1045972939,-0.06998821076,-0.004375552116,0.05828741595,0.1257215586,0.179430543,0.2248566658,0.2450058591,0.2445414713,0.2229872854,0.171482054,0.09995581526,0.005857397975,-0.07662099857,-0.1667696361,-0.1958487285,-0.1819935271,-0.1301890892,-0.07104185372,-0.01868693311,0.01603911246,0.01045921731,-0.001636604982,-0.04478385898,-0.08111042367,-0.1160807503,-0.08290849066,-0.02741515245,0.05599684533,0.156439217,0.2259756226,0.281266404,0.3016747234,0.297711108,0.2376232741,0.1454231327,0.0005963246803,-0.1905612221,-0.4306233187,-0.6010610785,-0.561287789,-0.3645149738,-0.145063457,0.02408950574,0.1486029072,0.1946544843,0.2261140004,0.1874980007,0.1107674337,0.02224105956,-0.1057092596,-0.1690883709,-0.1506331626,-0.0407307492,0.09305684146,0.2134706466,0.2948302064,0.3428071768,0.3256507387,0.2659163262,0.1443260334,-0.06102319772,-0.3853962364,-0.9104448015,-1.391664265,-0.9103904106,-0.3982942577,-0.1005253651,0.07580683432,0.1182971042,-0.08545985843,-0.3468965987,-0.7056545565,-0.89358109,-0.5539843246,-0.2277325423,-0.00139260762,0.1006629694,0.1280944057,0.1064610962,0.05218995572,-0.03126223502,-0.04133113427,0.03339733895,0.206223669,0.356088161,0.4160998293,0.401481547,0.3379933623,0.348324172,0.5011149454,0.5874719692,0.6335909541,0.7097565572,0.671976644,0.6732043619,0.6428522432,0.5967808412,0.5578838538,0.5174865852,0.5022970119,0.4535996356,0.4819819276,0.4732221224,0.4817375638,0.5003374597,0.5050145519,0.5158846513,0.5077170458,0.5325020524,0.4954450226,0.4878057448,0.4685842578,0.417815124,0.3998188731,0.3625498274,0.3542868068,0.3315630268,0.3726333228,0.3912221207,0.4195467782,0.4584423849,0.4732929346,0.4921273988,0.4934810563,0.5163078668,0.4998417565,0.5062605824,0.506413173,0.4969696385,0.4955013119,0.4865156492,0.4845721744,0.4679934338,0.4744062936,0.4689647892,0.4702675938,0.4724755014,0.4739436412,0.4693505095,0.4551934695,0.4370726463,0.3946367573,0.3438336989,0.2718374583,0.2029441926,0.1014901644,0.01769126954,-0.05564012338,-0.1391333691
8.6,-0.06750100385,-0.1291475688,-0.1837040979,-0.2254506163,-0.2418794974,-0.247966954,-0.2341857315,-0.217252319,-0.2063569781,-0.1915004274,-0.1803383312,-0.1575983503,-0.1325876403,-0.07428169635,-0.01244654015,0.05960652647,0.1281510176,0.1876532166,0.2284726807,0.2491090878,0.2507524818,0.2219090446,0.1731316601,0.09978596706,0.02461349651,-0.06864838998,-0.1255739425,-0.1456811187,-0.1299568393,-0.08005714237,-0.03127019118,0.009975889333,0.01340840845,0.01123531935,-0.0278052763,-0.0713424851,-0.1168273175,-0.1159998509,-0.08119979778,-0.008457928357,0.09537214601,0.176011446,0.2471637965,0.2844323354,0.2995702047,0.2588737382,0.1889246996,0.07055892121,-0.09541248735,-0.311326505,-0.5097348778,-0.5522535386,-0.4249225444,-0.1959765143,-0.01564519184,0.1255479887,0.1894867227,0.2339505395,0.2094638386,0.1434497925,0.06351355219,-0.06972221348,-0.1522176933,-0.1637369556,-0.07279943911,0.05920172562,0.186742284,0.276731056,0.3350034292,0.325673504,0.2752099078,0.1642924865,-0.03197377146,-0.3349534815,-0.8321643158,-1.354791415,-0.986010979,-0.4388183476,-0.1302561813,0.05379944372,0.09862582729,-0.1017664937,-0.3561456403,-0.7040592283,-0.8850590551,-0.5457263435,-0.2246932994,-0.002807302112,0.09744849298,0.1296590849,0.1025659533,0.04348463987,-0.02695842983,-0.02358343462,0.05913781286,0.2308935909,0.3763698102,0.4265270395,0.3973131222,0.3317984306,0.3586428713,0.5220836317,0.6132537752,0.6647905836,0.7412155225,0.7092670699,0.7114216307,0.681773526,0.6411266746,0.6013207673,0.5654242687,0.5521810349,0.5088276351,0.5354964063,0.5268063865,0.5330361596,0.5415406091,0.5388685326,0.5353958602,0.5116167546,0.5227996399,0.4681214977,0.4501004829,0.4229745792,0.3704423438,0.3585133705,0.3360373681,0.3502199073,0.3474568415,0.4112347494,0.4440733935,0.4818546728,0.5222546682,0.536943191,0.5504378723,0.5443808021,0.5615997344,0.5348863643,0.5363632716,0.5321504395,0.5192767888,0.5177912329,0.5087840886,0.5100520449,0.4863442689,0.497653027,0.4846890946,0.4787739316,0.4751397709,0.4666630765,0.4550524004,0.4309570903,0.4173181054,0.3654394264,0.322423178,0.2605126043,0.2050063024,0.1291673957,0.07249482707,0.03403580222,-0.03764240424
8.7,0.01601699881,-0.03932983092,-0.09974508577,-0.1535849323,-0.1973057181,-0.21993411,-0.2271751578,-0.2217839267,-0.2184399464,-0.2072414485,-0.204126546,-0.1948137528,-0.1818464133,-0.1424379794,-0.09004598311,-0.02168989249,0.05603378809,0.1265821745,0.1865247314,0.2278216675,0.2511865039,0.2454546133,0.2190404092,0.1677185744,0.1061223657,0.02156096813,-0.04631869571,-0.0885243212,-0.1061837017,-0.07190487158,-0.03341715125,0.008865858499,0.02122940495,0.02789206096,-0.002732152645,-0.04764818673,-0.09594855609,-0.127447661,-0.1193538396,-0.06798103911,0.02852013109,0.1158236432,0.1999458829,0.2532038894,0.2860524472,0.2649504635,0.2159682951,0.1222939592,-0.01970051535,-0.208373034,-0.4093021593,-0.5077072084,-0.4572071871,-0.2361873566,-0.05136723062,0.1025719436,0.184160659,0.2394159623,0.2291158695,0.1747209834,0.1032490777,-0.02933034444,-0.1266360072,-0.1673362545,-0.1019002586,0.02350276917,0.1551502806,0.2522225514,0.3202375655,0.3179925538,0.2764711838,0.1758955162,-0.01167436544,-0.2940776269,-0.7635335401,-1.297488522,-1.058206704,-0.4786395792,-0.1610744159,0.03035508379,0.07802016558,-0.11920084,-0.3673807317,-0.7069839396,-0.8795056758,-0.5397468214,-0.2246990194,-0.009873125685,0.08707931301,0.1233073345,0.09057345117,0.02781633528,-0.03147203157,-0.01688406177,0.07374152902,0.243601073,0.3843995538,0.4251492476,0.3828476076,0.3151633105,0.3558865844,0.5298894532,0.6243834955,0.6807559824,0.7580001896,0.7318082447,0.7354919153,0.7065725232,0.672508953,0.630908157,0.5996780597,0.5876314518,0.5498074843,0.5737646839,0.5660011167,0.5718416547,0.5711742422,0.5654603419,0.5500859026,0.5144797739,0.5106881152,0.4417069189,0.4112007396,0.3740078299,0.3221427104,0.3140975736,0.3083045599,0.3422359345,0.3609710966,0.43880502,0.4833133171,0.5279451972,0.5667109338,0.58150842,0.5890562256,0.5770372213,0.5858666729,0.5523705956,0.5480466379,0.5398212167,0.5263095227,0.5255823945,0.5192911348,0.5243998603,0.4989223567,0.5124615778,0.4936363088,0.4801344406,0.467765235,0.4479779389,0.426773925,0.3921503475,0.381050787,0.3240796293,0.2926828177,0.2473467141,0.2138168212,0.169129321,0.1422635699,0.1321134021,0.07660880627
8.8,0.07747994944,0.03609768091,-0.01960519319,-0.07366894092,-0.1280061951,-0.162882932,-0.1875843081,-0.196545829,-0.2007421205,-0.1969266543,-0.2000663505,-0.2034396875,-0.2023547715,-0.189081769,-0.1557116946,-0.1023015664,-0.02600632086,0.04962531392,0.1244623093,0.1842183507,0.2269422227,0.2433530661,0.2377488514,0.2073597376,0.1613469426,0.08983900719,0.02163875784,-0.03139388039,-0.07281052746,-0.05537448587,-0.02980550675,0.009905210173,0.03067824116,0.04560408887,0.02658642142,-0.01359620956,-0.05753444854,-0.1128631427,-0.1315140906,-0.1099266342,-0.03375993137,0.05297978194,0.1454012715,0.2128374161,0.2619610896,0.2602087288,0.2310099167,0.160063929,0.04022482184,-0.1227944282,-0.315153776,-0.4461934917,-0.4653138622,-0.2685406607,-0.08594996061,0.07731441193,0.1757350253,0.2408294558,0.2446040201,0.2022941267,0.1396699242,0.01167047014,-0.09566726585,-0.1627163645,-0.1270898013,-0.01388429428,0.1188484343,0.2218051217,0.2992970841,0.3042697591,0.2719332934,0.18202923,0.003132640086,-0.2591740148,-0.7020911078,-1.22942583,-1.11925135,-0.5147408273,-0.189983747,0.008294441681,0.05897740587,-0.1354299599,-0.3783426926,-0.7109229697,-0.8733626626,-0.5342119903,-0.226830117,-0.02083899634,0.07162441013,0.1105507667,0.07258232181,0.007280062343,-0.04377546688,-0.0193491694,0.08003310827,0.2484593967,0.3848247276,0.4160334515,0.3614598536,0.2912234551,0.343538679,0.5267124255,0.6227648212,0.682416797,0.7611108358,0.7393991997,0.7453100656,0.7174119394,0.6905158392,0.6472711986,0.6209227235,0.6101041654,0.5768081639,0.5979986802,0.5907465043,0.5968732426,0.5875072882,0.5819687,0.5573827045,0.51408706,0.4972207649,0.4188529848,0.3768667162,0.3294654976,0.2828355823,0.2755339433,0.2867821049,0.335376386,0.3733090872,0.4567793698,0.5093399088,0.5582335107,0.5927912739,0.60817953,0.6096145904,0.5930424585,0.5919537455,0.5544873104,0.5436294717,0.5312043608,0.5191890469,0.5188794062,0.5171084424,0.5259141011,0.5033605829,0.5166251629,0.4943108742,0.4742027479,0.4515617421,0.4209894149,0.3889316591,0.3450826247,0.3343083637,0.2792837782,0.262947715,0.2395682324,0.2328066066,0.218600049,0.2173396663,0.2252344365,0.1856367951
8.9,0.1166426986,0.09201482707,0.04698005056,4.035766603e-05,-0.05195581254,-0.09305765671,-0.1280819241,-0.1499139061,-0.1610115375,-0.165918102,-0.1726423044,-0.1840379968,-0.1902248704,-0.2007232767,-0.1904443144,-0.1617210434,-0.1012545584,-0.03089573166,0.05040239389,0.1236025263,0.1816920843,0.2182578384,0.2314904518,0.2206120521,0.1905805433,0.1339457151,0.0714399655,0.01561331263,-0.03998123042,-0.03773761771,-0.02557455829,0.008655228914,0.03689675513,0.058756835,0.0530905852,0.02233320759,-0.01188048901,-0.07814465449,-0.1159969534,-0.1244596756,-0.07947025763,-0.002328222598,0.09114529887,0.1690815154,0.2321369055,0.2484380919,0.2374648084,0.1871624858,0.08737360953,-0.05228497258,-0.2316701298,-0.37943514,-0.455077884,-0.2955659522,-0.1223391018,0.04700140168,0.1614473123,0.2360159028,0.2538189037,0.2238005344,0.1707327999,0.04983780113,-0.06270731476,-0.1514087559,-0.147125051,-0.05160190405,0.07915034936,0.1870365348,0.2738337288,0.2866473085,0.2638734122,0.1850486449,0.01483038211,-0.2280389566,-0.6460489955,-1.157315131,-1.165616054,-0.5473308335,-0.2171665612,-0.01254238929,0.04125752554,-0.1503668969,-0.3886627808,-0.7153304692,-0.8676184868,-0.529296122,-0.2306723934,-0.03460418461,0.05224580531,0.09239606056,0.04925595177,-0.01787504135,-0.06216300802,-0.02698369217,0.08195672225,0.2491912116,0.3811701359,0.4018911572,0.3347312144,0.2616506209,0.3250193499,0.5151352778,0.6110032064,0.671886423,0.7516773975,0.7326721832,0.740931104,0.714325213,0.6945806436,0.6508454958,0.6298873773,0.6211555884,0.591698083,0.6106866989,0.6031572024,0.609175396,0.5913555245,0.5871536844,0.5554374378,0.5077311848,0.4814743116,0.3992249696,0.3500012569,0.2957265913,0.2600546452,0.2519726844,0.278650072,0.3353831274,0.3869920674,0.4684039755,0.5244303892,0.5744600352,0.602681659,0.6184710404,0.6138517757,0.5938814209,0.5825495728,0.5433266643,0.5256989317,0.5088656379,0.4995282442,0.4987976334,0.5022337433,0.514096712,0.4976217672,0.5090079038,0.4857350113,0.4610431023,0.4288248208,0.3899741935,0.3483088708,0.2990483951,0.2874302376,0.2427570108,0.243214486,0.2436531565,0.2617857299,0.2721094939,0.2882909142,0.3050361998,0.2780929067
9,0.1354069595,0.1274621103,0.09581796232,0.05979481224,0.01719754305,-0.02452105167,-0.06326587548,-0.09423805599,-0.1112840038,-0.1247220592,-0.1333895488,-0.148016841,-0.155521422,-0.1800601357,-0.1877512097,-0.1847915564,-0.1520857116,-0.09943140407,-0.02465714276,0.05329460809,0.1201890903,0.1737682579,0.2033784941,0.2106739155,0.1965970079,0.1561393355,0.1031975508,0.05030134085,-0.01136742861,-0.02169287235,-0.02266638853,0.002829473004,0.03676442789,0.06262314364,0.07044102551,0.05153778632,0.02992081559,-0.03567264947,-0.08173242701,-0.1117279001,-0.1010850258,-0.0410757596,0.04432912108,0.1270142078,0.2000069831,0.2319273461,0.2369544099,0.2051038619,0.1233174375,0.005278286904,-0.1588771857,-0.3122564108,-0.427774041,-0.3153833694,-0.1596560627,0.01125547476,0.1405789266,0.2238182829,0.2554830716,0.2377563599,0.1945855006,0.08267734671,-0.03084203153,-0.1352942983,-0.1609822971,-0.08757219701,0.03781321963,0.1494833813,0.2449250373,0.2661524775,0.2529028106,0.185112074,0.02345882671,-0.2010702008,-0.5956431987,-1.085437454,-1.194427009,-0.5771125453,-0.2436606514,-0.03319996304,0.0239151143,-0.1647956753,-0.3993694817,-0.7218748638,-0.8633158212,-0.52443082,-0.2355549554,-0.05095679392,0.02866918145,0.06873061521,0.02055014809,-0.04731865389,-0.08429146197,-0.03637913345,0.08161938531,0.2469623756,0.3741407737,0.3831231716,0.3024946284,0.226699052,0.3029345225,0.4980458081,0.5923492783,0.6525901131,0.7320067512,0.7141014091,0.724070129,0.698760879,0.6858161107,0.643103499,0.6282626085,0.6228321462,0.5973771796,0.6148286087,0.606409481,0.6112732534,0.5850442717,0.5814252278,0.5435591225,0.4933325107,0.4610997738,0.3800826607,0.3294253504,0.2744774305,0.2548955808,0.247616752,0.2867373516,0.345447204,0.4041642213,0.4770656258,0.5317063442,0.5792787366,0.5993595457,0.6144686397,0.6038918251,0.5814524713,0.5602725761,0.5213264412,0.4972666896,0.4761995515,0.4697081224,0.4676937062,0.4758452577,0.4895970389,0.4808002022,0.4893500838,0.4674423762,0.4406561152,0.4020284047,0.3590123286,0.3123107405,0.2642253389,0.2527216457,0.2258943672,0.2418650816,0.263186968,0.2981652468,0.3248051152,0.3495349026,0.3684287555,0.349883806
9.1,0.1368112367,0.1433031636,0.1255023753,0.1017461927,0.07119487378,0.03330106929,-0.004256545116,-0.03989872533,-0.06149092001,-0.08234823179,-0.09286981875,-0.1082215201,-0.1137795042,-0.1424023944,-0.1586018259,-0.173226115,-0.1699127254,-0.1426915486,-0.08812117451,-0.01694246573,0.04964541082,0.1153863905,0.1580689213,0.1819086112,0.1834222663,0.160058008,0.1193300072,0.07345349226,0.01258881094,-0.007305991657,-0.02020665322,-0.006475452681,0.03026588091,0.05603028344,0.07585309148,0.06910512827,0.06046204262,0.003045170529,-0.04221159896,-0.08240450122,-0.1007815829,-0.06068472491,0.008636283696,0.08948452209,0.1671857449,0.2116022111,0.2299542968,0.2143432026,0.1488230012,0.05098323481,-0.0965708737,-0.2475466039,-0.3845844733,-0.3234087703,-0.1930725355,-0.02697232194,0.1149907306,0.2052188003,0.2501550339,0.2444179267,0.2108379488,0.1092245306,-0.002219936125,-0.1167380851,-0.1689697135,-0.1205236738,-0.004141161926,0.1098349718,0.212465721,0.2425009871,0.2381904294,0.1809025497,0.0276300695,-0.1800570894,-0.5526241561,-1.018056807,-1.201033943,-0.6025060837,-0.2683458711,-0.05283476092,0.007745077978,-0.1782770081,-0.4107811636,-0.7308752779,-0.8582817127,-0.5179506884,-0.2409289009,-0.07021122301,0.0002892275898,0.03972530239,-0.01250596499,-0.07940145807,-0.108027583,-0.04615179116,0.07938413904,0.2417635783,0.3634053669,0.3594396992,0.2644461966,0.1867843024,0.2798110739,0.4786913899,0.5707060342,0.6291233263,0.7061245725,0.6882432909,0.698692576,0.6743332368,0.6674212303,0.6269770561,0.618696966,0.6174923068,0.5966798207,0.6130831374,0.6035421402,0.606076958,0.5715592649,0.5665863789,0.5225871284,0.4704106158,0.4342842268,0.3584317724,0.3116780593,0.26281158,0.2622766996,0.2594884329,0.3079570285,0.364711704,0.4251741081,0.4854598578,0.534659115,0.5763827678,0.5869887139,0.5997427594,0.5832921803,0.5591071186,0.5287910831,0.4920392521,0.4622481647,0.437453793,0.4329376434,0.4287774245,0.4399979897,0.4538825556,0.4531430831,0.4582133563,0.4397623059,0.4135580757,0.3738392375,0.3318939088,0.2877392418,0.2490926226,0.2407867662,0.235437398,0.2625607967,0.2980220405,0.3391460568,0.374223648,0.399876837,0.416498355,0.4022765451
9.2,0.1246198785,0.141694114,0.1365513674,0.1247881891,0.1063273981,0.07541892529,0.04239136114,0.006440905638,-0.01787183228,-0.04414282442,-0.05721093818,-0.07283277356,-0.0765985368,-0.1031856335,-0.120622102,-0.142536164,-0.1604641067,-0.157215476,-0.1303852351,-0.07687460071,-0.0204234341,0.05039585003,0.1017419151,0.139631667,0.155712036,0.1495508465,0.1225658077,0.08636066654,0.03176503398,0.005570291453,-0.01675157807,-0.01621802297,0.01963853117,0.04129679808,0.07027766751,0.07446867528,0.07723677625,0.03162674478,-0.007915178152,-0.04981141401,-0.0880716189,-0.06634426491,-0.01728651969,0.05617216384,0.1334761863,0.1872794295,0.2164004772,0.215007243,0.1644221672,0.08528859223,-0.04514048802,-0.1883960218,-0.3311802008,-0.3172940959,-0.2172486898,-0.06303008634,0.08797960164,0.1830037944,0.2401333021,0.2457735264,0.2211502587,0.1304138928,0.02288218718,-0.09733703626,-0.1721617074,-0.1502945504,-0.04665309802,0.06793572923,0.1757215614,0.2150114232,0.2188255579,0.1713434895,0.02633233465,-0.1663322954,-0.5187862266,-0.9599193892,-1.185040557,-0.6209768941,-0.2883517326,-0.06891839237,-0.005038431009,-0.1892988873,-0.4220152633,-0.7402130641,-0.848540066,-0.5085767168,-0.2465900317,-0.09231428348,-0.03229488267,0.007189384312,-0.04722197769,-0.1115058607,-0.1317743568,-0.05545411632,0.07637724235,0.2348533497,0.3496886922,0.3315253186,0.2217841967,0.1442931155,0.2590198368,0.4604807874,0.5499941667,0.6061135678,0.6786785527,0.6603089252,0.6697164537,0.6457080892,0.6434604668,0.6060770756,0.6041753932,0.6075602647,0.5920758611,0.6077983847,0.5973532391,0.5966874362,0.5545642244,0.5458673839,0.4953602277,0.4408863374,0.4016516234,0.3333436873,0.294249589,0.2567604336,0.2755017711,0.2809504242,0.3363411126,0.3899405934,0.4488714327,0.4955039847,0.5367205407,0.5701297007,0.5707096051,0.579303363,0.5571378129,0.5316460054,0.4932405832,0.4600585409,0.4254136515,0.3974209111,0.3931535747,0.385791461,0.3975800089,0.4094797451,0.4163129622,0.417653733,0.4046826699,0.3820191146,0.3477518543,0.3127352719,0.2797273594,0.2576891642,0.2562057706,0.2705422588,0.3031038995,0.3448219074,0.3828759667,0.4199663976,0.4410752116,0.4527057176,0.4393843584
9.3,0.102709143,0.1256920277,0.1307708408,0.1296189225,0.1220564576,0.1000719713,0.07378776182,0.04128478768,0.01633052298,-0.01269304179,-0.02885059931,-0.04519617053,-0.04932202976,-0.07141162114,-0.08678365289,-0.1088227042,-0.1370289096,-0.1499030237,-0.1488991414,-0.1189910459,-0.08001026482,-0.01322612805,0.04123268287,0.08928736905,0.117863153,0.1278653156,0.115039075,0.08994203678,0.04542732273,0.01638788501,-0.01176955096,-0.02343689098,0.007837907093,0.02253674596,0.05684388903,0.0698180769,0.08113693056,0.04843728748,0.01615358957,-0.02304414506,-0.07268653471,-0.06626338102,-0.03779405245,0.02459893388,0.09762130538,0.1580393224,0.1959032147,0.2070046729,0.1703836268,0.1082532618,-0.005304806315,-0.1378074665,-0.2760544758,-0.2994219331,-0.2297740248,-0.09284685396,0.06267020865,0.160649429,0.2285406231,0.2447565223,0.2286144033,0.1486732315,0.04616069139,-0.07676875735,-0.1705738726,-0.1763894644,-0.0894656928,0.02374908403,0.1344401024,0.1836225814,0.1948819438,0.1565845642,0.01990250923,-0.1598976845,-0.4948068596,-0.9146687867,-1.155738596,-0.6325540434,-0.3020862844,-0.07975111094,-0.01307481471,-0.1970008547,-0.4320090428,-0.7467185384,-0.8310393085,-0.4960764882,-0.2522399839,-0.1161147401,-0.06673339493,-0.02570112668,-0.08004431946,-0.1406802368,-0.1534336012,-0.06171567633,0.07590926604,0.2293903158,0.3351141782,0.3015585269,0.1781486095,0.1046400124,0.2447500082,0.4466839571,0.5334074355,0.586988432,0.6535738289,0.6345082191,0.6414858891,0.6172347996,0.617989749,0.584208217,0.5881294589,0.59613577,0.5866204673,0.6020520095,0.5913205174,0.5870839197,0.5387785439,0.5241259785,0.4668714,0.4093061253,0.366896329,0.3070339815,0.2775725677,0.2545234276,0.2904314628,0.306567283,0.3670124065,0.418016571,0.4738108122,0.508348784,0.5406537251,0.5646037115,0.5556674897,0.5586681593,0.5313009817,0.5047268417,0.4600859452,0.4309156037,0.3926094206,0.3618317252,0.3556479076,0.3436779352,0.3530455396,0.3607916288,0.3738002949,0.3718529027,0.3662628058,0.3504530651,0.3279867287,0.3056325529,0.2904626942,0.2883543503,0.2959398468,0.3241751855,0.3572554605,0.3985815495,0.4281155672,0.4623197345,0.4757293562,0.4808634749,0.4658192059
9.4,0.07522529741,0.09962494429,0.1115762146,0.1188529443,0.1205529098,0.1082234775,0.0900449716,0.0638034986,0.04027716182,0.01131055663,-0.007812279404,-0.02540276266,-0.03234618547,-0.04988974003,-0.06274734097,-0.08160299857,-0.1114733144,-0.1319676632,-0.1486822223,-0.141575341,-0.1223526702,-0.06868940383,-0.01724425716,0.03572464774,0.07360672485,0.09758994966,0.09838120012,0.08492076516,0.0526767812,0.02419929439,-0.005823738754,-0.02656744368,-0.002501400596,0.00407351395,0.0395936477,0.05876888084,0.07521911885,0.0551472164,0.02977341794,-0.005173600465,-0.0600110488,-0.06624031522,-0.05667036695,-0.007615482716,0.05866426729,0.123091404,0.1682717772,0.1904462054,0.1670296565,0.120144184,0.02264330339,-0.09777915863,-0.2266198697,-0.2755430621,-0.232354019,-0.1146665052,0.04098429134,0.1411670936,0.2183465109,0.2443750841,0.2366247035,0.1670844669,0.07048469947,-0.05290932844,-0.1622041836,-0.1964026674,-0.1305844244,-0.0214655521,0.08987336968,0.1495192781,0.167841417,0.1382285283,0.01013872411,-0.159154461,-0.4794563632,-0.8830236626,-1.127371076,-0.6408343828,-0.3110156041,-0.08603004068,-0.01713198867,-0.2019676973,-0.4401474315,-0.7478377368,-0.8052904096,-0.4809109026,-0.2572534542,-0.1395916606,-0.0998459582,-0.05584319423,-0.1078893308,-0.1641735209,-0.1695760385,-0.06072175634,0.082097145,0.2289370939,0.3224214863,0.2729930809,0.139486743,0.07569610979,0.2409417512,0.4401293397,0.5231776038,0.5736665788,0.6336463602,0.6135818238,0.6174300389,0.5926557412,0.5953389027,0.5656473001,0.5750672446,0.5877487513,0.5847399048,0.6003221504,0.5900987742,0.5825052652,0.5297366777,0.507783327,0.443953941,0.3826335523,0.3365688129,0.2850045764,0.2654043769,0.2573763302,0.3067709373,0.3339397096,0.397656193,0.4469019167,0.4989829724,0.5241289748,0.5479599806,0.5626982075,0.5458609078,0.54280462,0.5115006142,0.4843321226,0.4364099476,0.4110450492,0.3707543884,0.3376113302,0.3273387771,0.3090696088,0.3127711332,0.3142413335,0.3308894635,0.326748685,0.3299495113,0.3242436312,0.3182025731,0.3128194279,0.3181488307,0.3348688526,0.3515998033,0.3871325825,0.4176517207,0.4543009965,0.4735978615,0.501630636,0.5062813446,0.5044313993,0.4860346915
9.5,0.04629679596,0.06854791196,0.08343618454,0.09632464657,0.1054021383,0.102373034,0.09295325506,0.07482597911,0.05463266311,0.02836662159,0.007195525007,-0.01180479844,-0.02321011345,-0.03756923556,-0.04888431684,-0.06395925042,-0.09027826755,-0.1123462163,-0.1376251915,-0.147751675,-0.1458321118,-0.1115420409,-0.06897271342,-0.01726901122,0.02563545427,0.06046161732,0.07355339109,0.0716535441,0.05268282612,0.02794160257,-0.0001408309497,-0.02566549898,-0.009663807172,-0.01077627623,0.02230335529,0.04503509734,0.06330717892,0.05489166726,0.03546625094,0.005092131082,-0.05061186755,-0.06749557682,-0.07462034682,-0.04071688119,0.01702078187,0.08239405837,0.1336176929,0.1655368848,0.154456147,0.1212672871,0.03871290214,-0.06930969874,-0.1873078655,-0.2516165893,-0.2291235189,-0.1293214167,0.02334822322,0.1260668427,0.2113329903,0.246634963,0.2475159915,0.1881121659,0.09849354616,-0.02306908954,-0.1436361202,-0.2055882535,-0.1653626301,-0.06440784976,0.04493983259,0.1150120998,0.140095932,0.118642259,-0.0005307022116,-0.1616194008,-0.4701484853,-0.8630579122,-1.110803695,-0.6506228933,-0.3183915835,-0.08998754598,-0.01928487015,-0.2055461758,-0.4462278445,-0.7424724844,-0.7731434908,-0.4639945346,-0.2612762125,-0.1610757038,-0.1292120608,-0.08120680675,-0.1287220569,-0.1797538394,-0.1760650088,-0.04870548619,0.09761507412,0.235796731,0.3141646657,0.2499608853,0.1128301507,0.06543148359,0.2503215677,0.4431520292,0.5210874825,0.5674430325,0.6213367894,0.5995868502,0.6006186879,0.5754853405,0.5802582768,0.5550412332,0.5701738112,0.5877051164,0.5914055398,0.6075977565,0.5986069198,0.5885163331,0.5327183579,0.503801749,0.4341314043,0.3691309649,0.3189318079,0.2749038302,0.2635952657,0.2684939793,0.3267922046,0.3628827833,0.4278702126,0.4754997778,0.5239249138,0.5421660155,0.5589594957,0.5659157153,0.5436634214,0.5354554874,0.502453518,0.4760300384,0.4284790674,0.4068692769,0.3665581758,0.3316689002,0.3153920763,0.2892866674,0.2840035465,0.2770098324,0.2937646687,0.2885788615,0.3011306216,0.3078969842,0.3204338821,0.3336665273,0.3582672747,0.3899750481,0.4142934217,0.4519664474,0.4785046562,0.5085231038,0.5181986194,0.5385840966,0.5350172229,0.5267022926,0.504405555
9.6,0.01949338481,0.03770960207,0.0518732242,0.06736298783,0.08173388957,0.0867028234,0.08591668552,0.07677385335,0.06133678749,0.04007459584,0.01840219428,-0.001562952026,-0.01764398697,-0.0307297085,-0.04193131557,-0.05432729364,-0.07475389278,-0.09557830459,-0.1224962632,-0.1430390131,-0.1538015246,-0.1404240875,-0.1111152308,-0.06659689669,-0.02364266422,0.01840887073,0.04185409433,0.05092234025,0.04543077946,0.02689776602,0.003873996116,-0.02214200917,-0.01334211946,-0.02040675835,0.007829680543,0.03188818399,0.0495587962,0.05149187149,0.03723620925,0.01143660871,-0.04185786968,-0.06782169965,-0.08937241047,-0.07224457636,-0.02509397751,0.03750037123,0.09314659646,0.1334874309,0.1334867161,0.1129669887,0.04406558602,-0.05189998945,-0.1594625019,-0.2321073076,-0.225019771,-0.1400813246,0.008512680242,0.1147018412,0.2074921018,0.2518255966,0.2618896318,0.2125184323,0.1311554496,0.01396379404,-0.1128920843,-0.1993325079,-0.1877984388,-0.100107803,0.003808246231,0.08335740538,0.1146614793,0.1007511068,-0.009303061717,-0.1639774131,-0.4629992643,-0.8503674149,-1.110595401,-0.6655750828,-0.3273631966,-0.09398981788,-0.02166032762,-0.2091143011,-0.450567991,-0.7316125778,-0.738173248,-0.4468847712,-0.2648085246,-0.1802136888,-0.1541773069,-0.1010164882,-0.1417338499,-0.1864621569,-0.1702631924,-0.02496224298,0.1223900272,0.2502827891,0.3119459251,0.2361728001,0.1040002461,0.0782918691,0.273441182,0.4573419136,0.5286305196,0.5696494172,0.6188761713,0.5944750549,0.593852131,0.5688064594,0.5770773073,0.5563006172,0.5777161815,0.6001183172,0.6103080397,0.6273419952,0.6201428349,0.6089592493,0.5510502294,0.5174440986,0.4433602236,0.3760195286,0.3215113956,0.2842009568,0.277960922,0.2913636974,0.3535957425,0.394472635,0.4584451634,0.5036010573,0.5488519166,0.5616540324,0.5733855688,0.5746503254,0.5498595685,0.538535944,0.5067403888,0.483279843,0.4393801648,0.4221690694,0.3835555647,0.3478944339,0.3242557373,0.2898643114,0.2728236423,0.2553124501,0.2684616858,0.2625951785,0.2839884237,0.3037893162,0.3347500992,0.3651303016,0.4055960853,0.4478259531,0.4775844036,0.5143188146,0.536625059,0.5598985222,0.5615636143,0.5746592995,0.5644733772,0.5511760355,0.5253916879
9.7,-0.003152865233,0.01098441452,0.02204670294,0.03752276969,0.05488915616,0.06587007082,0.07274871952,0.07260614801,0.06261307724,0.04840471281,0.02814157694,0.008351388009,-0.01098276257,-0.02455535123,-0.03686798284,-0.04851720236,-0.06279674456,-0.08202529809,-0.1065473332,-0.1317318882,-0.1507035195,-0.1555578459,-0.141716647,-0.1091581945,-0.07122659012,-0.02612239414,0.005079746923,0.02389286412,0.03141345194,0.02061412936,0.004843363028,-0.01805106549,-0.01468981553,-0.02501376597,-0.002560865832,0.02125195055,0.03733082849,0.04799812473,0.03869873875,0.01758481848,-0.03053530359,-0.06395755889,-0.0973579341,-0.09788713145,-0.06433324092,-0.008577873893,0.04893106726,0.09616259245,0.1055108297,0.09712870911,0.04050489522,-0.04422068864,-0.1423997212,-0.2196175389,-0.2243239478,-0.1514839464,-0.006124122093,0.1044077698,0.2049979745,0.2583943122,0.2785235131,0.2390775682,0.1672777969,0.05706946774,-0.07140919651,-0.1758957405,-0.193143276,-0.1234834976,-0.02896438214,0.05805229091,0.0946384855,0.08763455431,-0.01352870899,-0.1625675271,-0.4536366983,-0.8394363687,-1.126650723,-0.6876850971,-0.3402292322,-0.09997372068,-0.02590403169,-0.2140125841,-0.4542159822,-0.717895323,-0.7043735348,-0.4315453952,-0.2690941161,-0.1976892061,-0.1751607194,-0.114710371,-0.1467816234,-0.1843352396,-0.1522700089,0.007857752709,0.154467433,0.271299622,0.3163426832,0.2339712659,0.1155234731,0.1134941262,0.3087128436,0.4831399626,0.5466563887,0.5817108983,0.6275597253,0.6001490906,0.5991824609,0.5747089072,0.5885538937,0.5716138925,0.5997733245,0.6264579105,0.6428949695,0.6602606404,0.6553648264,0.6445275233,0.5853663089,0.5502101946,0.473892318,0.4068379808,0.3480390268,0.3172290143,0.3118698413,0.3284694852,0.3892326186,0.4302789081,0.490536371,0.5315638766,0.5743707288,0.5821239621,0.5909215855,0.5885920464,0.5644092182,0.5521697533,0.5246616415,0.5065627842,0.4685581113,0.4566474608,0.420916965,0.3858665198,0.3541627484,0.3129835867,0.2827340722,0.2536337279,0.2598209175,0.2529007838,0.2812799213,0.3124309264,0.3600844442,0.4036960268,0.4561495554,0.5048918483,0.5384087459,0.5725112753,0.5911719233,0.6087093416,0.6043106526,0.6117512187,0.597143856,0.5810988313,0.5527135933
9.8,-0.02194490571,-0.010277877,-0.002638439186,0.01146159027,0.02946946013,0.04451696533,0.0573157391,0.06535911589,0.06103668729,0.05523547423,0.03843518419,0.02053292024,0.0005665678748,-0.01437260887,-0.02837259455,-0.04107522472,-0.05079555706,-0.06912359421,-0.08992696743,-0.1161806977,-0.1395072702,-0.158216236,-0.1594765058,-0.1418554522,-0.1131561749,-0.06991261427,-0.03415225351,-0.007490925523,0.011483664,0.009142052168,0.001616457685,-0.01574926241,-0.01575895702,-0.02664908442,-0.009582736044,0.01329802208,0.02800582207,0.04590838586,0.04180427794,0.02590059422,-0.01526984721,-0.05359443764,-0.09597201712,-0.1136395591,-0.09673782324,-0.0518040832,0.004121187498,0.05619635375,0.07334474547,0.07641099424,0.03094318738,-0.04373235202,-0.133619106,-0.2147839231,-0.2298580729,-0.1679569754,-0.02409495873,0.09132968694,0.2007536208,0.2637412739,0.294523988,0.2653125536,0.2038618613,0.1025986559,-0.02389988067,-0.1388356629,-0.1813625058,-0.1322713973,-0.04994054495,0.04166708094,0.08258430439,0.08205650534,-0.01094271625,-0.1538874252,-0.4376629767,-0.8244289804,-1.153387479,-0.7180094536,-0.3584105024,-0.1093601644,-0.03323380652,-0.2214802894,-0.458773328,-0.7047214688,-0.6753694843,-0.4193029254,-0.2749603859,-0.2143273018,-0.1926991841,-0.1220018271,-0.1446602788,-0.1740224873,-0.1250251045,0.04599965286,0.1904279002,0.296326796,0.3273822055,0.2436787293,0.1450687795,0.1652074396,0.3535323489,0.5188727123,0.5747776184,0.6042921673,0.6470191598,0.617542844,0.6170230385,0.5938354706,0.614415605,0.6009988275,0.6355024813,0.6653749309,0.6874762202,0.7043276177,0.7019128567,0.6921296645,0.6332625901,0.5986931569,0.5229266256,0.4589289088,0.3970342833,0.3723547519,0.3646520049,0.3802017559,0.4339357106,0.471633241,0.5251236832,0.56028141,0.6006980656,0.6036761716,0.6112116676,0.6070062586,0.5865864438,0.5751126425,0.5545274008,0.5433507855,0.512724199,0.5061856967,0.4741575322,0.4410071711,0.401829242,0.3565441049,0.313826136,0.2740763176,0.2705030358,0.262334438,0.2943640586,0.333509054,0.3945045767,0.4467787645,0.5074951979,0.5595341648,0.5959716894,0.626538763,0.6426854094,0.6559108752,0.6477305704,0.6514310309,0.6348539225,0.6184862062,0.5884534111
9.9,-0.03942502192,-0.0272970144,-0.02168058452,-0.008938102665,0.008311358021,0.02558476094,0.0423813399,0.05729708301,0.0585065897,0.06181738419,0.05036681494,0.03642963412,0.01863063757,0.002928220464,-0.01259964522,-0.02766800857,-0.03474018623,-0.05375604194,-0.07108971331,-0.09678891581,-0.1213982118,-0.149669625,-0.1635773005,-0.1615472972,-0.1456557728,-0.1090769848,-0.07292440053,-0.04125232716,-0.01322419667,-0.007444137178,-0.00668898328,-0.01716716145,-0.01893612297,-0.02805096877,-0.01539705834,0.006805431783,0.02022323506,0.04502398243,0.04629844238,0.03602851652,0.00395241223,-0.03697108873,-0.08450393573,-0.1173702724,-0.1178038181,-0.08823196414,-0.03742002138,0.01710793063,0.03993703812,0.05407878367,0.01867520213,-0.04691951811,-0.1299932493,-0.2158355666,-0.2424058101,-0.1922820407,-0.04930957529,0.07186614061,0.1913402612,0.2647969893,0.3067647417,0.2882014547,0.2374608536,0.1457296281,0.02462227134,-0.09573714118,-0.1572779155,-0.1276516833,-0.05938348956,0.03535143431,0.07968850022,0.08513724696,0.0007216183126,-0.1362973358,-0.4119680702,-0.7986931106,-1.183538673,-0.7568015401,-0.382715539,-0.1229638448,-0.04470560356,-0.2324251348,-0.4657422251,-0.6947977582,-0.6527119898,-0.4108636635,-0.2822721827,-0.2298079783,-0.20665288,-0.1237993911,-0.1367038486,-0.1594837717,-0.09218464598,0.08704712859,0.227062605,0.3231291196,0.3433296972,0.2635909059,0.1877250178,0.2255096625,0.4031804526,0.5622244898,0.6113552919,0.6356261411,0.6772689791,0.6451766978,0.6463197908,0.6248060176,0.652495834,0.6418663845,0.6818019905,0.7136450839,0.7400494424,0.7556359399,0.7552318069,0.7469852929,0.6886626601,0.6569541541,0.5836814231,0.5248773062,0.4622646726,0.4433402559,0.4321221429,0.4439076608,0.4874446231,0.5186262877,0.5629505491,0.5906026661,0.6280949695,0.6265311091,0.6339853341,0.6294591826,0.615016434,0.605900556,0.5937440235,0.5900634633,0.5671859601,0.5655202675,0.537445074,0.5070023171,0.4622326805,0.4156678639,0.3634297805,0.315670164,0.3018646873,0.2918813293,0.323816976,0.3667387952,0.4362930255,0.4929366864,0.5584675932,0.6115820717,0.6500737545,0.6772769863,0.6920277883,0.702498939,0.6927849089,0.6945892192,0.6782106745,0.6634119992,0.6327201366
10,-0.05835688325,-0.04348558559,-0.03752473327,-0.02488855777,-0.009167764711,0.009609199215,0.02864439854,0.04910214273,0.05550005093,0.0682207634,0.06361390615,0.05518804695,0.04311071981,0.0270991089,0.01136638772,-0.006015535238,-0.01316442969,-0.03338422635,-0.04869656075,-0.07315521547,-0.09759750223,-0.1309126133,-0.1542491225,-0.1669813126,-0.1645074764,-0.140414847,-0.1082036362,-0.07515328258,-0.04168109828,-0.0285848282,-0.02031790186,-0.02305852578,-0.02626443337,-0.03100781874,-0.02204125208,-0.0008823803223,0.01335197004,0.0428834866,0.0504665235,0.04645267153,0.02467095479,-0.01606307183,-0.06485915298,-0.1078395469,-0.1276418475,-0.1128288683,-0.07206620952,-0.01783458813,0.008631657464,0.03344583924,0.007312355724,-0.05083988496,-0.1255033737,-0.2197516582,-0.2593124583,-0.225049191,-0.08305616793,0.04313092252,0.1744091503,0.258751463,0.3136686753,0.3046550532,0.2649847266,0.183899327,0.06636571095,-0.05252849259,-0.1286488758,-0.115101062,-0.05999300778,0.03734849831,0.08481373722,0.09658246828,0.01979566979,-0.1093243545,-0.3762477223,-0.7602728411,-1.209628219,-0.7997392349,-0.4134044853,-0.1415585068,-0.05972664389,-0.2473958141,-0.4760154277,-0.6896309976,-0.6350541032,-0.4050316761,-0.290221549,-0.2437553742,-0.2180567172,-0.1180959931,-0.125090081,-0.1422955928,-0.05819649495,0.1231965884,0.2642625414,0.3511819556,0.3616216696,0.2897046739,0.2381785711,0.2883361978,0.4517938188,0.6103523126,0.6529106357,0.6744476325,0.7133693995,0.6818301808,0.6838160343,0.6637993763,0.698923775,0.6899808718,0.7342521011,0.7655508626,0.7975316507,0.8084680013,0.8105166042,0.8028482603,0.7466832413,0.7170053224,0.6483416823,0.5970903232,0.5338855474,0.5229408847,0.507966519,0.516842265,0.5461912164,0.5720393137,0.6043169019,0.6231160419,0.6573357717,0.6511501824,0.6594120193,0.6551265402,0.6494631523,0.6425044174,0.6398124983,0.6425995746,0.6282165848,0.6289735312,0.6052387099,0.5779562321,0.5294699611,0.4844315839,0.4266294643,0.3756772646,0.3513020485,0.3415148701,0.3691225093,0.4116639338,0.4843616283,0.5417113228,0.6088464011,0.6610487157,0.7015942556,0.7253392548,0.7400102811,0.7489929543,0.7398982205,0.7409194262,0.7263504899,0.714073478,0.6833791741
