子图6 热图矩阵（行=y，列=x）,-4,-3.95,-3.9,-3.85,-3.8,-3.75,-3.7,-3.65,-3.6,-3.55,-3.5,-3.45,-3.4,-3.35,-3.3,-3.25,-3.2,-3.15,-3.1,-3.05,-3,-2.95,-2.9,-2.85,-2.8,-2.75,-2.7,-2.65,-2.6,-2.55,-2.5,-2.45,-2.4,-2.35,-2.3,-2.25,-2.2,-2.15,-2.1,-2.05,-2,-1.95,-1.9,-1.85,-1.8,-1.75,-1.7,-1.65,-1.6,-1.55,-1.5,-1.45,-1.4,-1.35,-1.3,-1.25,-1.2,-1.15,-1.1,-1.05,-1,-0.95,-0.9,-0.85,-0.8,-0.75,-0.7,-0.65,-0.6,-0.55,-0.5,-0.45,-0.4,-0.35,-0.3,-0.25,-0.2,-0.15,-0.1,-0.05,0,0.05,0.1,0.15,0.2,0.25,0.3,0.35,0.4,0.45,0.5,0.55,0.6,0.65,0.7,0.75,0.8,0.85,0.9,0.95,1,1.05,1.1,1.15,1.2,1.25,1.3,1.35,1.4,1.45,1.5,1.55,1.6,1.65,1.7,1.75,1.8,1.85,1.9,1.95,2,2.05,2.1,2.15,2.2,2.25,2.3,2.35,2.4,2.45,2.5,2.55,2.6,2.65,2.7,2.75,2.8,2.85,2.9,2.95,3,3.05,3.1,3.15,3.2,3.25,3.3,3.35,3.4,3.45,3.5,3.55,3.6,3.65,3.7,3.75,3.8,3.85,3.9,3.95,4
0.5,,,,,,,,,,,,,,,,,,,,,,,,,,,,,,,,,,,,,,,,,,,,,,,,,,,,,,,,,,,,,,,,,,,,,,,,,,,,,,,,,,,,,,,,,,,,,,,,,,,,,,,,,,,,,,,,,,,,,,,,,,,,,,,,,,,,,,,,,,,,,,,,,,,,,,,,,,,,,,,,,
0.6,-0.02487232042,-0.02690367346,-0.0289193801,-0.03090904418,-0.03286689221,-0.03480713998,-0.03671484025,-0.03859685783,-0.04045708884,-0.04228320462,-0.04408794927,-0.04586697989,-0.04761804303,-0.04934732298,-0.05104954471,-0.05272861722,-0.05438723273,-0.05601782689,-0.0576291436,-0.05921930494,-0.06078697302,-0.062335586,-0.06386288463,-0.06537154407,-0.06686400046,-0.06833377073,-0.06978846077,-0.07122666314,-0.07264699081,-0.07405248435,-0.0754410846,-0.07681509773,-0.07817689131,-0.07951991418,-0.08085152687,-0.08217012666,-0.08347402244,-0.08476650369,-0.08604487383,-0.08731134892,-0.08856822797,-0.08980856656,-0.09103967291,-0.092259685,-0.0934662567,-0.09466339995,-0.09584717205,-0.0970199027,-0.09818408706,-0.09933144309,-0.1004700237,-0.1015971261,-0.1027103977,-0.1038130866,-0.1049013959,-0.1059773086,-0.1070425132,-0.1080890166,-0.109123888,-0.110144472,-0.1111484715,-0.1121371861,-0.1131079961,-0.114062404,-0.1150003852,-0.1159158808,-0.116813443,-0.1176910356,-0.1185491469,-0.1193819804,-0.1201941016,-0.1209851925,-0.1217512172,-0.122496238,-0.1232164585,-0.1239148459,-0.124599242,-0.125254516,-0.125901663,-0.1265396295,-0.1271735823,-0.1280839124,-0.1290275484,-0.1300250716,-0.1310865558,-0.1322007008,-0.1333724657,-0.1345758917,-0.1358194206,-0.1370875088,-0.1383091179,-0.1394523027,-0.1405212685,-0.1413257889,-0.1416748142,-0.1412953927,-0.1394639371,-0.135055541,-0.1263502397,-0.1045120122,-0.02673405957,0.0188350023,0.02349828987,0.02396822431,0.02068885729,0.01537715943,0.008452121411,0.0007889306682,-0.007538136773,-0.01629013359,-0.02534895371,-0.03467149192,-0.04367575041,-0.05310521395,-0.06200330621,-0.07070821275,-0.07947957806,-0.08736709091,-0.09526849802,-0.102784925,-0.10973559,-0.1166160887,-0.1229416692,-0.1289727491,-0.1348236164,-0.1401397592,-0.1453112018,-0.1502053986,-0.1547809787,-0.1592050625,-0.1633426617,-0.1672914365,-0.1710911392,-0.1746339092,-0.1780533804,-0.1813151788,-0.1844219626,-0.1873996378,-0.1902424187,-0.1929779596,-0.1956044958,-0.1981250221,-0.2005524375,-0.2028920416,-0.2051779929,-0.2073489153,-0.2094792523,-0.2115591338,-0.2135420736,-0.2155375208,-0.2174475132,-0.2193120341,-0.2212224124,-0.2229839103,-0.224800629,-0.2266147727,-0.2282925201,-0.230144336,-0.2318721337,-0.2335841962,-0.2355070317
0.7,0.0002217170084,-0.001101918353,-0.002446575498,-0.003791322562,-0.00512547417,-0.006478459264,-0.00781893276,-0.009159141703,-0.01050467895,-0.01183720578,-0.01317406295,-0.01450677618,-0.01583116476,-0.01715911376,-0.01847824912,-0.01979367498,-0.02110802561,-0.02241315424,-0.02371703937,-0.02501622537,-0.02630855913,-0.02759977583,-0.02888409701,-0.03016406967,-0.03144158667,-0.03271128523,-0.03397854252,-0.03524134003,-0.03649795157,-0.03775237876,-0.03900060955,-0.04024445596,-0.04148563412,-0.04271912681,-0.0439498614,-0.04517602674,-0.04639583375,-0.04761278569,-0.04882314995,-0.05002853289,-0.0512305541,-0.05242375365,-0.05361318167,-0.05479692708,-0.05597274808,-0.05714413746,-0.05830693623,-0.05946275723,-0.0606132952,-0.06175171585,-0.06288390978,-0.06400733369,-0.0651197409,-0.06622340079,-0.06731479751,-0.06839519497,-0.06946555994,-0.07051887598,-0.07156059406,-0.07258821391,-0.07359967504,-0.07459485784,-0.07557203588,-0.07653203212,-0.07747419064,-0.07839328978,-0.07929270722,-0.08017075163,-0.0810283159,-0.08185816114,-0.08266623281,-0.08345178744,-0.08421034137,-0.08494713209,-0.08565750275,-0.08634518831,-0.08701866167,-0.0876623503,-0.08829897877,-0.08892786552,-0.08955896189,-0.09067359361,-0.0918403645,-0.09308670169,-0.09443065254,-0.09586954508,-0.09742177578,-0.09907263863,-0.100852476,-0.1027763321,-0.1047905426,-0.1069119438,-0.1092576794,-0.1117190928,-0.1141805092,-0.1167242421,-0.1192947361,-0.1213231054,-0.1221008299,-0.1195609609,-0.1021722796,-0.09885975372,-0.1040699939,-0.1116998641,-0.121388938,-0.1291796969,-0.1387086438,-0.1478335751,-0.1570040771,-0.1661117762,-0.1751169152,-0.1840788424,-0.1923964659,-0.2009850998,-0.2088310806,-0.2163583156,-0.2238665197,-0.2304007634,-0.2369091125,-0.2430011215,-0.2485125322,-0.2539468307,-0.2588335757,-0.2634358579,-0.2678705483,-0.2717954125,-0.2755934228,-0.2791374056,-0.2823864547,-0.2855084025,-0.2883677285,-0.2910601209,-0.2936273984,-0.2959577451,-0.2981866911,-0.300277489,-0.3022265696,-0.3040704258,-0.3057896736,-0.3074139577,-0.3089478703,-0.3103753937,-0.3117247223,-0.3129934888,-0.31420161,-0.3153129801,-0.3163722854,-0.3173766467,-0.3182963746,-0.3191933176,-0.3200113566,-0.3207735135,-0.3215387471,-0.3221720507,-0.3228109229,-0.3234160784,-0.3238950237,-0.324446033,-0.3248727147,-0.3252443526,-0.3257121225
0.8,0.02531575444,0.02469983675,0.02402622911,0.02332639906,0.02261594388,0.02185022145,0.02107697473,0.02027857443,0.01944773094,0.01860879306,0.01773982338,0.01685342754,0.01595571352,0.01502909545,0.01409304647,0.01314126726,0.0121711815,0.01119151841,0.01019506487,0.00918685419,0.008169854769,0.007136034326,0.006094690618,0.005043404733,0.003980827108,0.002911200281,0.001831375733,0.0007439830711,-0.0003489123301,-0.001452273172,-0.002560134509,-0.003673814183,-0.004794376925,-0.005918339442,-0.007048195933,-0.008181926817,-0.009317645062,-0.01045906768,-0.01160142607,-0.01274571686,-0.01389288024,-0.01503894074,-0.01618669043,-0.01733416917,-0.01847923947,-0.01962487496,-0.0207667004,-0.02190561177,-0.02304250335,-0.02417198862,-0.02529779587,-0.02641754126,-0.02752908413,-0.02863371498,-0.02972819914,-0.03081308134,-0.03188860669,-0.03294873533,-0.03399730015,-0.03503195583,-0.03605087859,-0.03705252958,-0.03803607563,-0.03900166029,-0.03994799604,-0.04087069877,-0.04177197143,-0.04265046768,-0.04350748495,-0.04433434185,-0.04513836402,-0.04591838237,-0.04666946555,-0.04739802618,-0.04809854697,-0.04877553072,-0.04943808132,-0.05007018461,-0.05069629449,-0.05131610149,-0.05194434149,-0.05326327487,-0.05465318055,-0.05614833178,-0.05777474924,-0.05953838936,-0.06147108587,-0.06356938554,-0.0658855315,-0.06846515548,-0.07127196743,-0.07437158479,-0.07799409025,-0.0821123966,-0.08668620411,-0.09215309149,-0.09912553517,-0.1075906697,-0.1178514201,-0.1346099097,-0.1776104997,-0.2165545097,-0.2316382776,-0.2473679526,-0.2634667333,-0.2737365531,-0.285869409,-0.2964560809,-0.3064700175,-0.3159334187,-0.3248848767,-0.3334861929,-0.3411171813,-0.3488649857,-0.3556588549,-0.3620084184,-0.3682534613,-0.373434436,-0.378549727,-0.383217318,-0.3872894744,-0.3912775727,-0.3947254823,-0.3978989667,-0.4009174801,-0.4034510658,-0.4058756438,-0.4080694127,-0.4099919307,-0.4118117426,-0.4133927952,-0.4148288053,-0.4161636576,-0.417281581,-0.4183200019,-0.4192397992,-0.4200311766,-0.4207412139,-0.4213369285,-0.4218499558,-0.4222912448,-0.4226257653,-0.4228970071,-0.4230949361,-0.4232252271,-0.423277045,-0.4232653185,-0.4231941596,-0.4230506757,-0.4228491144,-0.4225751999,-0.4222349928,-0.4218550819,-0.421360191,-0.4208212169,-0.420217384,-0.4194975273,-0.41874773,-0.4178732957,-0.4169045091,-0.4159172132
0.9,0.05296667852,0.0526180138,0.0521782398,0.05169284466,0.05118430208,0.05058958065,0.04997710789,0.04932254087,0.0486162552,0.04789172957,0.04711967573,0.04631796192,0.04549519454,0.04462697366,0.04374090728,0.0428286347,0.04188718035,0.0409274566,0.03994113456,0.0389351299,0.03791307846,0.03686497379,0.03580294052,0.03472429811,0.03362824646,0.03251823757,0.03139263422,0.03025442735,0.02910544232,0.02794122446,0.02676785875,0.02558461706,0.02439148587,0.02318978055,0.02197973686,0.02076295789,0.01954060279,0.01831095864,0.0170773179,0.01583976367,0.01459867006,0.01335529613,0.01211007674,0.01086422767,0.009618728095,0.008373922761,0.007131375489,0.005891687629,0.004655647325,0.003425367557,0.002200916936,0.0009834605264,-0.000225805472,-0.001424637574,-0.002612758233,-0.003789208723,-0.004952861412,-0.006099915605,-0.007231383541,-0.008345827919,-0.009442305648,-0.01051567698,-0.01156817022,-0.0125985258,-0.01360439488,-0.0145827822,-0.01553408873,-0.01645775222,-0.01735577756,-0.01821646471,-0.01905001077,-0.01985444921,-0.02062386763,-0.02136649306,-0.02207536204,-0.02275627283,-0.02341975057,-0.02404747372,-0.02466800427,-0.02528126402,-0.02590613504,-0.02741883556,-0.029017232,-0.03074214673,-0.0326255771,-0.03467652241,-0.03693458432,-0.03939741079,-0.04212826411,-0.04518321732,-0.04851676982,-0.0522028126,-0.05650857474,-0.06137201824,-0.06668565399,-0.07285508255,-0.08031308023,-0.08856480263,-0.09776966799,-0.1166639087,-0.2162463911,-0.3174935672,-0.3507189727,-0.3829702936,-0.4138380095,-0.4316888901,-0.4523360102,-0.4693725619,-0.4848171777,-0.4988548511,-0.5116392034,-0.5235246324,-0.5336091915,-0.5436500735,-0.5520599317,-0.5596696282,-0.5670099748,-0.5727243073,-0.5782844512,-0.5831640055,-0.5871784322,-0.5910571171,-0.5941793111,-0.596922386,-0.5994573816,-0.6013401834,-0.603087595,-0.604537145,-0.6056342924,-0.6066146548,-0.6072895133,-0.6077871255,-0.6081709094,-0.6082768883,-0.608297329,-0.6081758018,-0.6078919674,-0.607522882,-0.6070078307,-0.606392749,-0.6057000756,-0.6048597784,-0.6039493448,-0.6029462537,-0.6018420038,-0.6006503521,-0.5993580207,-0.5979785947,-0.5965136985,-0.5949278072,-0.5932497629,-0.5914684773,-0.5895832102,-0.5875589672,-0.5854170183,-0.5831503396,-0.5807363428,-0.5781640378,-0.5754210682,-0.5725044589,-0.5694328294
1,0.08031731518,0.08062463119,0.0808024317,0.08090856894,0.08097132497,0.08091221821,0.0808174466,0.08065727559,0.08042062464,0.08014789729,0.07980481446,0.07941367505,0.07898517691,0.07848947318,0.07796113656,0.07739052076,0.07677459417,0.07612547727,0.07543488152,0.07471130125,0.073959232,0.07316644396,0.07234831336,0.07150207717,0.07062720979,0.06972677284,0.06880040553,0.06785174581,0.0668830543,0.06588875567,0.06487681747,0.06384673256,0.06279880173,0.06173362149,0.06065282844,0.05955834302,0.05845158374,0.05733020544,0.05619873093,0.05505751904,0.05390724281,0.0527484832,0.0515829021,0.05041192501,0.0492366229,0.04805718502,0.04687582205,0.04569346016,0.04451130447,0.04333067299,0.04215290098,0.04097916091,0.03981069217,0.03864995615,0.037497462,0.03635452484,0.03522265843,0.03410510095,0.0330018312,0.03191429119,0.03084327758,0.02979467583,0.02876586824,0.02775853516,0.02677550526,0.02581898175,0.02488958623,0.02398763944,0.02311068311,0.02227156318,0.02145891659,0.02067504613,0.01992645871,0.01920308478,0.0185133165,0.01785043492,0.01720297679,0.01658992341,0.01598081015,0.01537579233,0.01475275638,0.01316351076,0.01148705191,0.00968021095,0.007708728678,0.005562171129,0.003198595183,0.0006224811088,-0.002231282991,-0.005416346106,-0.008866937068,-0.01263722037,-0.01697885968,-0.02173758536,-0.0266953874,-0.03219012761,-0.03902211854,-0.04938880613,-0.07061070462,-0.1287262953,-0.3190486261,-0.4635615038,-0.5060254985,-0.5458235678,-0.5827096493,-0.6028580677,-0.6260192065,-0.6445214705,-0.6608858201,-0.6754135376,-0.6883232029,-0.7000660984,-0.7096866211,-0.7191480848,-0.726751935,-0.7334298887,-0.7397659536,-0.7443411309,-0.7487290669,-0.752387049,-0.7551350616,-0.757739702,-0.7595643958,-0.7610044738,-0.7622412932,-0.7628186657,-0.7632723956,-0.7634360815,-0.7632520725,-0.762968887,-0.7623867327,-0.7616386888,-0.7607931866,-0.7596735219,-0.758483898,-0.7571626077,-0.7556817043,-0.7541330339,-0.7524388036,-0.750649587,-0.7487952366,-0.7467827125,-0.744709033,-0.7425426932,-0.7402608027,-0.7379019266,-0.7354232703,-0.7328456384,-0.7301873508,-0.7273629999,-0.7244448068,-0.7214039798,-0.7182072923,-0.7148763273,-0.7113675244,-0.7076916285,-0.7038653641,-0.6997644825,-0.6954772206,-0.6909612517,-0.6861606419
1.1,0.09640402838,0.09819568124,0.0998168109,0.1013308956,0.1027682727,0.1040422283,0.1052476477,0.1063522731,0.1073449341,0.1082669286,0.1090841882,0.1098209568,0.1104886698,0.1110546582,0.1115575701,0.1119880562,0.1123437234,0.1126347916,0.1128561793,0.1130170679,0.1131229117,0.1131586932,0.1131438844,0.1130761981,0.1129550815,0.1127828771,0.1125612151,0.1122947958,0.1119874228,0.1116293174,0.1112338401,0.1108002707,0.1103281873,0.1098191291,0.1092748828,0.1086989673,0.1080947099,0.1074544865,0.1067890701,0.1060979389,0.1053806411,0.104639767,0.1038758455,0.1030920737,0.1022918207,0.1014691091,0.100633103,0.09978328372,0.09891914947,0.09804549736,0.09716090438,0.0962689109,0.09537261335,0.0944690428,0.09356476196,0.09265965075,0.09175414556,0.09085385227,0.08995693318,0.08906651994,0.0881848219,0.08731354296,0.08645465341,0.08560857778,0.08477774195,0.08396494468,0.08317038444,0.08239523139,0.08163710994,0.08090696472,0.08019519725,0.07950371979,0.07883875719,0.07818911908,0.07756388443,0.0769562602,0.07635500726,0.07577631565,0.07519192592,0.07460199597,0.07397971103,0.07233289692,0.07059480299,0.06871993574,0.06666822533,0.06441697218,0.06191094355,0.05913621913,0.05600024678,0.0524039577,0.04836343584,0.04371773111,0.03794011336,0.03073559157,0.02144769033,0.0072402095,-0.01844096155,-0.06340106377,-0.1347149673,-0.2635411912,-0.5067166294,-0.6292822667,-0.6587441217,-0.6845477584,-0.7069375864,-0.7174565794,-0.7294761735,-0.7382079624,-0.7453501198,-0.7511922319,-0.7559046489,-0.7598026591,-0.7624368985,-0.7648579956,-0.7662490292,-0.7671127443,-0.7677531797,-0.7675211502,-0.7671800461,-0.766492099,-0.7653889759,-0.764228841,-0.76273284,-0.7610840102,-0.7593691394,-0.7573854849,-0.7553759136,-0.7532668926,-0.7510286717,-0.7487819869,-0.7464269414,-0.744024569,-0.741611613,-0.7390925258,-0.7365719711,-0.7340147735,-0.7313963645,-0.7287797425,-0.7261035058,-0.7233961812,-0.7206830459,-0.7178859344,-0.7150787768,-0.7122330683,-0.7093137787,-0.7063817804,-0.7033664627,-0.7002897926,-0.6971883485,-0.6939406827,-0.6906517195,-0.6872787468,-0.6837514593,-0.6801783512,-0.6764274014,-0.6725337497,-0.6685736333,-0.6642971717,-0.6599168253,-0.6553456344,-0.6504277028
1.2,0.1014183337,0.1044863104,0.107333471,0.1100309651,0.1126141923,0.1149888483,0.1172624304,0.1194015913,0.1213959697,0.1232906539,0.1250512461,0.1267053985,0.1282662756,0.1296966259,0.1310409863,0.1322892656,0.1334391455,0.1344988665,0.1354655613,0.1363489833,0.1371543785,0.1378638789,0.1384998708,0.1390601035,0.1395446442,0.1399517308,0.1402873292,0.1405559118,0.1407606741,0.1408907865,0.1409611186,0.1409718063,0.1409236585,0.1408134111,0.1406482799,0.140431227,0.1401648158,0.1398417856,0.1394733387,0.139060332,0.1386038853,0.1381018664,0.1375604949,0.1369823516,0.1363699288,0.13571913,0.1350384653,0.1343292977,0.1335931427,0.1328305299,0.1320458159,0.1312418813,0.1304213476,0.1295841403,0.1287357296,0.1278780931,0.1270137495,0.1261454986,0.1252762073,0.1244086333,0.1235446149,0.1226895022,0.1218433619,0.1210085802,0.1201892455,0.1193863155,0.1186030511,0.1178399655,0.1170942919,0.1163795895,0.1156841418,0.1150108654,0.1143662698,0.1137384076,0.1131367743,0.1125536827,0.1119779698,0.1114242665,0.1108635981,0.1102944021,0.1096779373,0.1075034736,0.1051613463,0.1025801965,0.09968413403,0.09640259692,0.09260839144,0.08819847794,0.08293526747,0.07648519217,0.0685857179,0.05855112267,0.04480295287,0.0256765447,-0.0009675990361,-0.04111790793,-0.1046729205,-0.1938869922,-0.3015435718,-0.4426900645,-0.6297606725,-0.6954749149,-0.7054517716,-0.7120157826,-0.7156539352,-0.7148094807,-0.7136738173,-0.7112711708,-0.7081244061,-0.7044450888,-0.7003197773,-0.6958647999,-0.6912262108,-0.6863380695,-0.6814291267,-0.6764769141,-0.6714459855,-0.6665947513,-0.6617209305,-0.6569439595,-0.6523254055,-0.6477390703,-0.6433274402,-0.6390225892,-0.6347983787,-0.6307533299,-0.6267827939,-0.6229239579,-0.6191826752,-0.6155246579,-0.6119736119,-0.6085047142,-0.6051147769,-0.6018124323,-0.5985782618,-0.5954121719,-0.5922987818,-0.5892583263,-0.5862597498,-0.5833030455,-0.5804035235,-0.5775161571,-0.5746749105,-0.5718608668,-0.5690348193,-0.5662676065,-0.5634759092,-0.5606782651,-0.5579219846,-0.5550774519,-0.5522589391,-0.5494195596,-0.5464674249,-0.543577038,-0.5405551851,-0.5374545056,-0.5343953259,-0.5310582172,-0.5277335777,-0.5243092645,-0.5205628489
1.3,0.1143254372,0.1195261635,0.1243189513,0.1287550665,0.1328574698,0.1365258113,0.1398732118,0.1428783482,0.1455482502,0.1479224676,0.1500083593,0.1518499701,0.1534771385,0.154870073,0.1560942973,0.1571593937,0.1580793476,0.1588571667,0.1595162323,0.1600703495,0.160528069,0.1608718797,0.1611304173,0.1613047694,0.1613968647,0.1613942052,0.1613134537,0.1611569486,0.1609261036,0.1606054721,0.1602131647,0.1597496231,0.1592157736,0.1585999747,0.1579171364,0.1571690254,0.1563573587,0.1554721184,0.1545278879,0.1535267126,0.1524709635,0.1513537269,0.1501880348,0.1489768218,0.1477228248,0.1464229968,0.1450880078,0.1437216323,0.1423281969,0.140906032,0.1394657752,0.1380110494,0.1365452989,0.1350732811,0.1336000033,0.1321304104,0.1306700028,0.129222068,0.1277929962,0.1263860436,0.1250033107,0.1236572104,0.1223437607,0.1210677453,0.1198350281,0.1186485783,0.1175113733,0.1164232731,0.115381702,0.1144054806,0.1134781419,0.1126032533,0.1117864856,0.1110215682,0.1103120125,0.1096499891,0.1090250637,0.1084519643,0.107896938,0.1073520827,0.1067528185,0.1028906166,0.09862708884,0.09382303199,0.08832016014,0.08195231813,0.07444469548,0.06553245756,0.05473334981,0.0413431645,0.02475819029,0.003701220423,-0.02436706842,-0.06174561184,-0.1100387633,-0.1745424334,-0.2606347018,-0.3595713095,-0.4575463463,-0.5604641323,-0.6480023122,-0.6472848365,-0.6370289448,-0.6241116983,-0.609163291,-0.5976835917,-0.5841672742,-0.5715606383,-0.5591502051,-0.5470426431,-0.5352316145,-0.5236213586,-0.5129279181,-0.5019921511,-0.4920438264,-0.4825446928,-0.4731280407,-0.4649127197,-0.4567691599,-0.4491516396,-0.4422408412,-0.4354480167,-0.4293110564,-0.42352247,-0.4179483467,-0.4129676958,-0.4081492048,-0.4036323752,-0.3994572098,-0.3954403714,-0.3917244106,-0.3882034767,-0.3848336198,-0.3817277642,-0.3787441732,-0.3759186388,-0.3732487817,-0.3707061047,-0.3682981481,-0.3659961066,-0.3638003625,-0.3617129916,-0.359716857,-0.35780804,-0.3559551669,-0.3542176935,-0.3525244632,-0.3508844785,-0.3493416428,-0.3477978512,-0.346341498,-0.3449353323,-0.3434934505,-0.3422047031,-0.3408715561,-0.3395480377,-0.3383613216,-0.3370205632,-0.3358036113,-0.3346066324,-0.3332068506
1.4,0.07885714985,0.08816049777,0.09725703876,0.1061246778,0.1147357669,0.1229621673,0.1308420328,0.1383127061,0.1453332788,0.1518713405,0.1579075203,0.1634412534,0.1684630264,0.1729132609,0.176843735,0.1802548198,0.183159467,0.1855180817,0.1874010372,0.1888267041,0.1898125814,0.1903469604,0.1904922766,0.1902793921,0.1897394809,0.1888429458,0.1876731793,0.1862501904,0.1845939334,0.1826973103,0.1806135527,0.1783663947,0.1759767729,0.1734206364,0.1707568626,0.1679967165,0.1651513102,0.162210277,0.1592098827,0.1561622592,0.1530781799,0.1499420825,0.1467891889,0.1436258165,0.1404583014,0.137281979,0.1341179726,0.1309735397,0.1278557396,0.1247606456,0.1217063117,0.1186975128,0.1157382662,0.1128348048,0.1099931823,0.1072188917,0.1045178011,0.1018941585,0.09935342553,0.09689772415,0.09452821927,0.09226022392,0.09008506907,0.08800630569,0.08602793846,0.08415707289,0.08238982793,0.08072444703,0.07915851379,0.07771201895,0.07636502156,0.07511941934,0.07397639297,0.07294382341,0.07201078138,0.07117231558,0.07042225297,0.06977323298,0.06919138533,0.06865946897,0.06808266745,0.06159510361,0.05441859172,0.04634980595,0.03716288421,0.02662212537,0.0143463879,-2.030079465e-05,-0.01707111906,-0.03767064121,-0.06243383214,-0.09265221235,-0.1306722219,-0.1779009925,-0.233846789,-0.3009328957,-0.3795586617,-0.4574607771,-0.5219041299,-0.5699030284,-0.5546159724,-0.4950724708,-0.4688254338,-0.4411328418,-0.4127161081,-0.3943741239,-0.3729597104,-0.3543548167,-0.3368759626,-0.3205084465,-0.3051544571,-0.2905468994,-0.2777097328,-0.2648093617,-0.2536146463,-0.2432611163,-0.2331918686,-0.2249211827,-0.2168425765,-0.2095491148,-0.2032474646,-0.1971373135,-0.1919024527,-0.1871261327,-0.1826230838,-0.178867703,-0.1753005434,-0.1720929613,-0.169293846,-0.1666595967,-0.1643757299,-0.1623060082,-0.1603882554,-0.1587756187,-0.1572794419,-0.1559496454,-0.1547951534,-0.1537575157,-0.1528729578,-0.1520998351,-0.1514255781,-0.1508912919,-0.1504435704,-0.1500925988,-0.1498261077,-0.1496713524,-0.1495949597,-0.1495949436,-0.1496940259,-0.1498622167,-0.1501287716,-0.1504797977,-0.1508693946,-0.1514228682,-0.1520176724,-0.152686622,-0.1535122382,-0.154343009,-0.155335441,-0.1564329463,-0.1574962476
1.5,-0.05896712046,-0.0496944548,-0.04010119078,-0.03022790754,-0.02010199088,-0.009859313793,0.0004967407852,0.01086027116,0.02113104186,0.03129393849,0.04121279536,0.05085403217,0.06017562571,0.06905010979,0.0775061127,0.08548897446,0.09296611307,0.09991023679,0.1063205377,0.1122060605,0.1175713897,0.1223697365,0.1266610306,0.1304520532,0.1337566086,0.1365427831,0.1388705412,0.140754827,0.1422073914,0.1432042115,0.1437994767,0.1440107879,0.1438579153,0.1433013807,0.142412908,0.141204641,0.1396877262,0.1378511414,0.1357428799,0.1333867293,0.1308083154,0.1279774299,0.1249684918,0.1217978436,0.1184815031,0.1150292767,0.1114808042,0.1078646608,0.1042092177,0.1005018297,0.0968006597,0.09311881703,0.08946789011,0.0858683831,0.08233351444,0.07888075309,0.07552552301,0.07226256634,0.06911542416,0.06608410747,0.06316813593,0.06038687202,0.05772751455,0.05519528454,0.05279296378,0.05052220884,0.04838102863,0.04636399858,0.04446906544,0.04271114609,0.04107322815,0.03955620558,0.03815569523,0.03689375175,0.03574847808,0.03472138996,0.03381657949,0.03304136234,0.0323783358,0.03180782957,0.03123496715,0.02295878547,0.01387587577,0.003790110379,-0.0075090698,-0.02023883051,-0.03475550001,-0.051368055,-0.07056096203,-0.09306096732,-0.1192341193,-0.1499583595,-0.1866903068,-0.2297648308,-0.2774903182,-0.3306065381,-0.3879032273,-0.4382228336,-0.4695464299,-0.4697891737,-0.374432602,-0.2785274644,-0.2460438899,-0.2143301639,-0.184142021,-0.1668454605,-0.1472242578,-0.1314172927,-0.1174539568,-0.1051463487,-0.0942754493,-0.08449674149,-0.07649833302,-0.06877146398,-0.06255242187,-0.05711767936,-0.05203839774,-0.04826564228,-0.04469552332,-0.04168114257,-0.03931390289,-0.0370856722,-0.03538791687,-0.0339582984,-0.03268116251,-0.03181834122,-0.03104590801,-0.03045657046,-0.03007459427,-0.02976168961,-0.02962034771,-0.02957488521,-0.02958962264,-0.02975253976,-0.02995780213,-0.03023470319,-0.03059234226,-0.03099525609,-0.03147029497,-0.03199468495,-0.03255886432,-0.03320010586,-0.03387941787,-0.03460806357,-0.03538912832,-0.03622791556,-0.03712182258,-0.03806747203,-0.03906966109,-0.04014542106,-0.04128536383,-0.04249356483,-0.04376430007,-0.04514462556,-0.04659857277,-0.04813740429,-0.04979061943,-0.0515408389,-0.05342291095,-0.05542898534,-0.05751632418
1.6,-0.1934005348,-0.1888605608,-0.1838511783,-0.1783555246,-0.1723487551,-0.1659821189,-0.1591808885,-0.1520482784,-0.1446796235,-0.1369636262,-0.1291032671,-0.1210797597,-0.1128890932,-0.1046706501,-0.09635453318,-0.08801986356,-0.07972576511,-0.07140115994,-0.06316749717,-0.05500839413,-0.04692184228,-0.03899410187,-0.03118384683,-0.02354057566,-0.01610142847,-0.008841506576,-0.001825436146,0.004949648538,0.01147913996,0.01771179677,0.02367108774,0.0293341719,0.03468719242,0.03973163205,0.04445479101,0.04886211761,0.05295504623,0.05670986837,0.06014898731,0.06327034343,0.06607672497,0.06855193502,0.0707172115,0.07257739828,0.07413440598,0.07537827146,0.07633133773,0.07700472034,0.07741418924,0.07753822417,0.07742596311,0.0770898072,0.07654205062,0.07579671982,0.0748821434,0.07382520458,0.07265329763,0.07135788493,0.06999041349,0.0685631978,0.06708783837,0.06558318242,0.06406039488,0.0625360668,0.06102127395,0.05951376171,0.05803169369,0.05657622088,0.05515528176,0.05376969189,0.05242874434,0.05113694035,0.04988801246,0.04871709703,0.04760354794,0.04656216329,0.04561572797,0.04475736624,0.04401227977,0.04336916595,0.04277063879,0.03460713642,0.0257350292,0.01603839757,0.005388079022,-0.006373691668,-0.01950139664,-0.03422597608,-0.05085464098,-0.06991446319,-0.09164601829,-0.1166607259,-0.1458347605,-0.1797288214,-0.2175902901,-0.2603016407,-0.304745926,-0.3356496597,-0.3389706578,-0.297480854,-0.1508685191,-0.06031210979,-0.03920247665,-0.02174404126,-0.00775979338,-0.001646781034,0.00480109575,0.009034737367,0.01214143355,0.01434235986,0.01583272633,0.01679824317,0.0171585803,0.01732689367,0.01709264446,0.01665469558,0.01610934588,0.01535045683,0.01455581909,0.0136939481,0.01277359538,0.01185175361,0.01090179941,0.009951390858,0.009009831721,0.008063437755,0.007132547056,0.006212344751,0.005302351042,0.004405327386,0.003518493669,0.002643425993,0.001779865882,0.0009209797868,7.064449895e-05,-0.0007736908144,-0.00161417864,-0.002455746142,-0.003297771748,-0.004142101344,-0.004990266452,-0.005852252946,-0.006724017451,-0.007608863323,-0.008510947093,-0.009439337117,-0.01039259469,-0.01137384726,-0.01238635334,-0.01344720159,-0.01455011996,-0.01570080616,-0.01690465179,-0.01818374668,-0.01953015496,-0.0209511038,-0.02245862286,-0.02407298173,-0.02579556184,-0.02763466877,-0.02958545804
1.7,-0.2452452822,-0.2441095818,-0.2424553884,-0.2402380155,-0.2374189118,-0.2341861614,-0.2304280198,-0.2262644504,-0.2218030226,-0.2169031005,-0.2117970181,-0.2064483586,-0.2008363794,-0.195129124,-0.1892107877,-0.1831643598,-0.1770494094,-0.1707457403,-0.1643949232,-0.1579529452,-0.1513917164,-0.1448016953,-0.1381053888,-0.131352201,-0.1245784403,-0.1176914421,-0.1107950669,-0.1038618113,-0.09687304594,-0.08986690367,-0.08280911824,-0.0757272729,-0.06864083485,-0.06146833264,-0.05429117129,-0.04709037785,-0.03985405798,-0.03259279926,-0.02530898756,-0.01802937253,-0.01077875441,-0.003514190789,0.003681426271,0.01079672891,0.01781291167,0.02469917395,0.03142103869,0.03793843518,0.04421709339,0.05024584953,0.05597619865,0.06139212927,0.06647739047,0.07121075543,0.0755916789,0.07961900016,0.08329992487,0.08662401747,0.08962127879,0.09230562359,0.09469131225,0.09678035042,0.09860373084,0.100180516,0.1015252906,0.1026315222,0.1035334197,0.1042418174,0.1047772146,0.1051139744,0.1053018466,0.1053492254,0.1052470688,0.1050374727,0.104707969,0.104288834,0.1038272649,0.1032685417,0.1027080919,0.1021383415,0.1015110416,0.09457459634,0.08718093674,0.07929496865,0.07085780552,0.06170705659,0.05166425435,0.04047708828,0.02791619316,0.01349433003,-0.003257181682,-0.02310015793,-0.04700436598,-0.07651513074,-0.1112317935,-0.1497793423,-0.1827801174,-0.1894955053,-0.1609377611,-0.08861540507,0.02599706944,0.053944395,0.05473876426,0.05345721059,0.05065771032,0.04771118926,0.04437232063,0.04117625291,0.0381004542,0.03517388386,0.03242507257,0.0298255422,0.02747864632,0.0251999673,0.02315160081,0.02124165844,0.01940677565,0.01778451849,0.01621382589,0.0147444579,0.01339222249,0.01207409976,0.010853544,0.00968817657,0.008556681928,0.007502783305,0.006470997157,0.00547700092,0.004526301278,0.003587398177,0.002683957254,0.001800339301,0.0009272590343,8.046192169e-05,-0.0007616045904,-0.001592878201,-0.002411553061,-0.003234720235,-0.004050509011,-0.004866805264,-0.005688763705,-0.006514630961,-0.007352085635,-0.008200141627,-0.009059853736,-0.009946174878,-0.01085144172,-0.01178192399,-0.0127427944,-0.01374312628,-0.01478411595,-0.01586900413,-0.01700168609,-0.01820549338,-0.01947133477,-0.02080822028,-0.02222849502,-0.02374951818,-0.02537608618,-0.0271167036,-0.02897142021
1.8,-0.2371793885,-0.2388674896,-0.2398921947,-0.2402152664,-0.2398077189,-0.2387949644,-0.2371262729,-0.2349084498,-0.2322506674,-0.2290780234,-0.2256140898,-0.2218682278,-0.2178610136,-0.2137941306,-0.2095831374,-0.2053255332,-0.2010907166,-0.1967978848,-0.192549132,-0.1882919876,-0.1839822423,-0.1796928334,-0.175309735,-0.1708532695,-0.1663326465,-0.1616345858,-0.156831361,-0.1518760918,-0.1467309694,-0.1413997616,-0.1358408169,-0.1300644864,-0.1240745586,-0.1177436841,-0.111162237,-0.1042950552,-0.09711306836,-0.08957487961,-0.08169998167,-0.07350256247,-0.06499682211,-0.05607254946,-0.04685617199,-0.0373505557,-0.02756897492,-0.01749982039,-0.00723087462,0.003179526285,0.01367159888,0.02425719471,0.03479259617,0.04522004155,0.05547540016,0.06550573381,0.07522415548,0.08457212196,0.09350431115,0.1019754946,0.1099572746,0.1174336817,0.1243957708,0.1308173808,0.1367236417,0.1421266022,0.1470362093,0.1514290231,0.1553533255,0.1588238965,0.1618701026,0.1644324754,0.1666031607,0.1683938,0.1697910251,0.1708390022,0.1715387711,0.1719379807,0.17211275,0.1719508572,0.1716341513,0.1711620593,0.1704997489,0.1647669366,0.1587943858,0.1526056426,0.1461845702,0.1393175421,0.131848864,0.1234393147,0.1138457841,0.1024718775,0.08857755099,0.0712033491,0.04934519141,0.02165297561,-0.009356634887,-0.03869968233,-0.05346128518,-0.03863811952,-0.001886417481,0.0422756304,0.06111952394,0.04724557983,0.04173857845,0.03696450766,0.03284417611,0.03013650853,0.02744034167,0.0251729685,0.02315156344,0.02131650659,0.01964248269,0.01808291956,0.01665939329,0.01528778924,0.01401557779,0.01280207728,0.01161897996,0.01051130213,0.009419264412,0.008358315276,0.007334140563,0.006313452391,0.005321289722,0.004341889081,0.003365546886,0.002410970529,0.001455260957,0.0005060168842,-0.0004324795436,-0.00137828124,-0.00231577989,-0.003252654546,-0.004194075607,-0.005131037077,-0.006074649364,-0.007020591334,-0.007966264235,-0.008925265128,-0.009886265418,-0.01085463565,-0.0118344309,-0.01282323725,-0.01382697887,-0.01484406156,-0.01587404705,-0.01693108602,-0.01800626484,-0.01910514567,-0.02023346045,-0.02139526333,-0.02259502339,-0.02383443482,-0.02511504573,-0.02646132018,-0.02786189481,-0.02932680647,-0.03086974279,-0.0325011803,-0.03423199389,-0.03606900622,-0.03801210217
1.9,-0.1880019382,-0.1939403035,-0.1991378063,-0.2035599013,-0.207171975,-0.2098864375,-0.2117600894,-0.2128002765,-0.213040189,-0.2124457449,-0.2111610721,-0.2092417734,-0.2067550884,-0.2038497768,-0.2005942494,-0.1971213555,-0.1935555721,-0.189957974,-0.1864481891,-0.1830573,-0.1798026051,-0.17676239,-0.1738540774,-0.171070894,-0.1683872975,-0.1657114028,-0.1630257554,-0.1602624951,-0.1573599793,-0.1542655048,-0.1509278583,-0.1473201315,-0.1434151997,-0.1390783336,-0.1343632407,-0.1292261144,-0.1236265715,-0.1174694331,-0.110788074,-0.1035712236,-0.09580939478,-0.08735340874,-0.07832313394,-0.06870497952,-0.05849406262,-0.04761238444,-0.03617358621,-0.02421828024,-0.01179482777,0.001141637217,0.01440875956,0.0279286528,0.04160731314,0.05538340225,0.06908107536,0.08258398582,0.09578240068,0.1085539801,0.1207959633,0.13242307,0.143365345,0.1535318635,0.1629184493,0.1715149498,0.1793147757,0.1862525992,0.1924092176,0.1978052269,0.2024870534,0.2063599704,0.2095836989,0.2121854067,0.2141602646,0.2155705157,0.2164491459,0.2168786817,0.216977078,0.216622373,0.2160889051,0.2154127148,0.2146792692,0.209260702,0.2036682956,0.198023561,0.1923814098,0.1865353713,0.1803430126,0.1734378538,0.1655693872,0.1560368431,0.1441349834,0.1289970952,0.1098462281,0.08509198184,0.05527754266,0.02444560701,0.005174937345,0.005888379791,0.01409913189,0.01375348347,0.003572007908,0.002909510851,0.001940369722,0.001327600046,0.0009435545337,0.0001820028769,-0.0002872020223,-0.0008077923873,-0.001304211875,-0.001786573537,-0.002271940009,-0.002758245139,-0.00330911181,-0.003831875814,-0.004430417563,-0.005062468203,-0.005703384672,-0.00643450766,-0.007175116303,-0.007957781144,-0.008792836934,-0.009644579205,-0.01054475473,-0.01147337743,-0.01242339585,-0.01341672602,-0.01442752767,-0.01546283498,-0.01652298416,-0.01760236297,-0.01870322264,-0.01982042278,-0.02095265574,-0.02210382482,-0.02326763432,-0.02444420321,-0.02563152133,-0.0268335603,-0.02804478654,-0.02926532535,-0.03049693971,-0.03173735602,-0.03298874278,-0.03424973261,-0.03551756673,-0.03680291416,-0.038096828,-0.03940320266,-0.04072832859,-0.04206665975,-0.04342864986,-0.04481327102,-0.04621718883,-0.04766527254,-0.04914219482,-0.05065887458,-0.05223173342,-0.05385302983,-0.0555476582,-0.05731674454,-0.05915464082
2,-0.09901751544,-0.1100707754,-0.1205621932,-0.1304422745,-0.1396502547,-0.1478692179,-0.1552199413,-0.1615751482,-0.1668433769,-0.1709275518,-0.1738533768,-0.1756465776,-0.1763416089,-0.1759057833,-0.1745417626,-0.1723654652,-0.1695267664,-0.166166259,-0.1625002302,-0.1586875713,-0.1548701659,-0.1512032832,-0.1477519106,-0.1445750822,-0.1416986087,-0.1391305086,-0.1368243895,-0.1347313639,-0.1327940253,-0.1309620459,-0.1291538322,-0.1273125498,-0.1253843334,-0.1232682697,-0.1209418635,-0.1183496427,-0.1154363698,-0.1121034058,-0.1083441762,-0.1041204629,-0.09939751906,-0.09402514411,-0.08806578036,-0.0814784561,-0.07422484654,-0.06618886692,-0.05743870056,-0.0479722134,-0.03779650409,-0.02680823987,-0.01516166801,-0.002901249254,0.009905371219,0.02323162882,0.03688220933,0.05072413849,0.06461677212,0.07840926927,0.09192040012,0.1050009527,0.1175133316,0.1293014218,0.1402946106,0.1504333536,0.1596708171,0.1678912406,0.1751687936,0.18151147,0.1869631339,0.1914063897,0.1950349239,0.1978878407,0.1999732971,0.2013625252,0.2021221591,0.2023596612,0.2022171928,0.2015942666,0.2008078454,0.1999283504,0.199145135,0.1942011261,0.189192885,0.1843071996,0.1796378313,0.1749910804,0.1702069156,0.1649052645,0.1587631788,0.1509847812,0.1409294723,0.1275837346,0.1072544552,0.06869519128,0.01287717945,-0.0428810434,-0.08099093363,-0.09538201806,-0.09667657577,-0.08993799368,-0.06622233586,-0.05072166906,-0.04791628463,-0.04516002187,-0.04250347416,-0.04164777128,-0.04024268361,-0.0392612605,-0.0384255856,-0.03770620415,-0.03711941861,-0.0366220369,-0.03635447433,-0.03607232528,-0.03601253261,-0.03606141938,-0.03614738562,-0.03646674893,-0.03681242211,-0.0372610954,-0.03783913039,-0.03844622705,-0.03916859274,-0.03995320682,-0.04077665288,-0.04170066422,-0.04265234464,-0.0436536472,-0.04471005242,-0.04579102082,-0.04691842698,-0.04807420752,-0.04925045597,-0.05046370279,-0.05169059592,-0.05293599465,-0.05419887487,-0.05547142148,-0.05675593366,-0.05804663062,-0.0593428934,-0.06064135958,-0.06194122337,-0.06324126119,-0.06453570848,-0.06583069991,-0.06711750168,-0.06839811107,-0.06967927539,-0.07094269805,-0.07220659803,-0.0734662349,-0.0747116605,-0.07596715791,-0.0772121967,-0.07845808836,-0.07972401704,-0.08097667995,-0.08225885349,-0.08356283712,-0.08487385212
2.1,0.02491557563,0.01180240746,-0.001178711833,-0.01397450403,-0.02651166194,-0.0384026832,-0.04975312591,-0.06036550912,-0.07006849622,-0.07866925552,-0.08610468492,-0.09231908457,-0.09725370731,-0.1006962777,-0.1028367419,-0.1037056223,-0.1033978532,-0.1019806152,-0.09973060232,-0.09685007733,-0.09354899883,-0.09007595048,-0.08663012105,-0.08338638772,-0.08047850603,-0.0780401533,-0.07607791901,-0.07459579009,-0.07357625195,-0.07305619686,-0.0729179236,-0.07311252899,-0.07358831323,-0.0743212279,-0.07520808264,-0.07618708604,-0.07719370032,-0.07818049549,-0.07905541454,-0.07975832221,-0.08023024645,-0.08035141862,-0.08008873291,-0.07936674743,-0.07810673371,-0.07617777509,-0.07355563842,-0.07018293899,-0.06600837945,-0.0608594823,-0.05481756636,-0.04786067708,-0.03999448044,-0.03116309762,-0.02154005859,-0.01123585186,-0.0003845612077,0.0108836436,0.02231403185,0.03370391475,0.04485054992,0.05558833657,0.06574306005,0.07522044015,0.08395382661,0.09180623535,0.09882697005,0.1050000604,0.1103422761,0.11476335,0.1184014469,0.1212954385,0.1234604549,0.1249358755,0.1258065038,0.1261631597,0.126127033,0.1256261197,0.124929246,0.1241112805,0.1233449713,0.1197514112,0.1162090831,0.1128511169,0.1097183558,0.1065764167,0.1031906338,0.09911396734,0.09383339215,0.08629337023,0.07509581551,0.05503424947,0.008765964698,-0.07473271489,-0.1626365548,-0.224455816,-0.2477983813,-0.2382071872,-0.2140349612,-0.1787865492,-0.1247934669,-0.09846124534,-0.09284844285,-0.08765183902,-0.08284940811,-0.08072619587,-0.07797556953,-0.07590088666,-0.0741036794,-0.07252829142,-0.07117783918,-0.06998253794,-0.0691152995,-0.06825412142,-0.06769589928,-0.06728991097,-0.06693942555,-0.0668957916,-0.0668886106,-0.06701531729,-0.06731038639,-0.06763964468,-0.06811743352,-0.06867356102,-0.06927649718,-0.07000714487,-0.07076956586,-0.07159301912,-0.07248566038,-0.07340325262,-0.07437851688,-0.07538663056,-0.07641572649,-0.07748870038,-0.07857315247,-0.0796766988,-0.08079833817,-0.08192306286,-0.08305766587,-0.08419299903,-0.08532708327,-0.08645372965,-0.0875717709,-0.08867933678,-0.089768192,-0.09084051534,-0.09188769337,-0.09290999831,-0.09391458452,-0.09487113811,-0.09580495718,-0.09670735924,-0.09756214886,-0.0983922064,-0.09917185311,-0.09991208978,-0.1006329758,-0.1012778856,-0.1019036342,-0.1024936386,-0.1030238242
2.2,0.09561362674,0.08456979578,0.07359407486,0.06272442591,0.05202743812,0.04179751722,0.03195967627,0.02266209594,0.01403374745,0.006330622754,-0.0004446171631,-0.006197309985,-0.01081285842,-0.014049335,-0.0160087465,-0.01667078978,-0.01608397916,-0.01415915704,-0.01122764106,-0.007453351087,-0.003038308588,0.00160491648,0.00624316107,0.01053218653,0.01416410175,0.01689141971,0.01858868272,0.01924059428,0.01887820421,0.0173263718,0.01487998153,0.01159275783,0.007528269376,0.002674909072,-0.00278780623,-0.008766077333,-0.01517019651,-0.0220450501,-0.02916261291,-0.03645067497,-0.04383168963,-0.05119819666,-0.05843171924,-0.06540899199,-0.07200008967,-0.07807713933,-0.08349267861,-0.08813523789,-0.09189241652,-0.09447844613,-0.09590609299,-0.0960500682,-0.09480836288,-0.09200515381,-0.08773117608,-0.0820338838,-0.07500309542,-0.06666570074,-0.05738948748,-0.04744587049,-0.03716167579,-0.02679855981,-0.01675655904,-0.007265466104,0.001522376469,0.009386262655,0.01637003082,0.02244495526,0.02762090525,0.03189115501,0.0353451215,0.03805643909,0.04007307692,0.04139111889,0.04214718526,0.04241183249,0.04228431221,0.04174909005,0.04101430987,0.04017469763,0.03941696864,0.03661102107,0.03375935766,0.03093083928,0.02811710543,0.02503365135,0.02131525528,0.0163089593,0.008958495782,-0.003319874806,-0.0261332672,-0.07497654482,-0.169082744,-0.282414767,-0.3574633556,-0.3801478335,-0.3569528774,-0.3105035789,-0.2627867589,-0.2105049101,-0.1465369663,-0.119077683,-0.1132342088,-0.1079380085,-0.1031135813,-0.1008735308,-0.09808095255,-0.09594652981,-0.09409377479,-0.09246300387,-0.09105564446,-0.0898031488,-0.08885838283,-0.08793005674,-0.08728158249,-0.08677648907,-0.08632645072,-0.08615544313,-0.08602040305,-0.08600793622,-0.0861487324,-0.08632096691,-0.08662786952,-0.08700598152,-0.08742677264,-0.08796192124,-0.08852569271,-0.08914417699,-0.08982468448,-0.09052552147,-0.09127740468,-0.0920573879,-0.09285428382,-0.09368722,-0.09452745406,-0.09538165066,-0.09624789562,-0.09711082762,-0.0979768994,-0.09883724674,-0.09968993117,-0.1005245733,-0.1013427165,-0.102141165,-0.1029100583,-0.1036496476,-0.1043508288,-0.1050131411,-0.1056435715,-0.1062039865,-0.1067237853,-0.1071912079,-0.1075864962,-0.1079288362,-0.1081904877,-0.1083808999,-0.1085179496,-0.1085317119,-0.1084836751,-0.1083512029,-0.1081047487
2.3,0.07251314076,0.06170333651,0.05096116188,0.04032910283,0.02987105156,0.01981693944,0.01012561497,0.0009163952813,-0.007700517704,-0.01544347124,-0.02231831588,-0.02820119283,-0.03293404629,-0.0361734335,-0.03796548672,-0.03818948411,-0.03678174497,-0.033427772,-0.02841776639,-0.02180189939,-0.01368537074,-0.004435836444,0.00561864336,0.01597005682,0.02603929115,0.03536048836,0.0433691905,0.04980029174,0.05453212588,0.05707109516,0.05789392822,0.05704997131,0.05461013665,0.05069446573,0.04547463304,0.03913863065,0.03186229872,0.02340443075,0.01422701592,0.004362401812,-0.006154379677,-0.01712135916,-0.02847425776,-0.04001414748,-0.05152715319,-0.0630464668,-0.07418998081,-0.08485941373,-0.09495555426,-0.1039782577,-0.1119972342,-0.1187268509,-0.1238728692,-0.1272951838,-0.1287493723,-0.1282047535,-0.1256886518,-0.1207871034,-0.1140514056,-0.1056073182,-0.09570172478,-0.08491363142,-0.07363496763,-0.0624394187,-0.05181973324,-0.04199850762,-0.03333454022,-0.02586150681,-0.0195494851,-0.01461199543,-0.0107384489,-0.007885591697,-0.006003639962,-0.004959327988,-0.004652532929,-0.004919891018,-0.005596133964,-0.006714013688,-0.007938271892,-0.009150656028,-0.009989639849,-0.01312694207,-0.01658744128,-0.02026095185,-0.02419888851,-0.02877533106,-0.03466982778,-0.04307401788,-0.05644145493,-0.0807920791,-0.1276191119,-0.2144737481,-0.3332631806,-0.4243156535,-0.4497406727,-0.4204193263,-0.3576631509,-0.2933013585,-0.2430815831,-0.1957924129,-0.1439378394,-0.122151575,-0.1177207419,-0.1136782404,-0.1099412344,-0.1081716708,-0.1059207338,-0.1041496636,-0.1025750824,-0.1011465813,-0.09988324221,-0.09873247916,-0.09781727303,-0.09691213073,-0.09622524361,-0.09565170389,-0.09512344704,-0.0948137812,-0.09453534792,-0.09435543982,-0.09429749224,-0.09426653741,-0.09434288007,-0.0944775637,-0.09464785517,-0.09490875539,-0.09519392226,-0.09552365341,-0.09590343517,-0.09629928527,-0.09673599247,-0.09719521506,-0.09766825957,-0.09816766183,-0.09867245327,-0.09918700921,-0.09970918679,-0.10022529,-0.1007407177,-0.101247921,-0.1017450927,-0.10222036,-0.1026767969,-0.1031106082,-0.1035120292,-0.1038797892,-0.1042055114,-0.1044883424,-0.1047331568,-0.104902936,-0.1050241223,-0.1050845721,-0.1050657253,-0.1049784778,-0.1047996984,-0.1045352071,-0.1041966993,-0.1037177458,-0.1031504878,-0.1024717522,-0.1016542852
2.4,0.05692977058,0.04629207533,0.03514798999,0.02363123886,0.01184509418,-0.0002472683889,-0.01243700513,-0.02467956365,-0.03689355988,-0.04872207547,-0.0601816627,-0.0710540853,-0.08109836461,-0.08994895046,-0.09746014547,-0.1034090022,-0.107582937,-0.1093475679,-0.1088626774,-0.1059141914,-0.100336369,-0.09210131855,-0.08142963852,-0.0687012023,-0.0544838408,-0.03920946303,-0.02396544833,-0.009459742652,0.003671469159,0.01438248196,0.02280532393,0.02881044308,0.03244910155,0.03397598144,0.03364862241,0.03177717508,0.02863433539,0.02389542894,0.01814231945,0.01136892761,0.003556204965,-0.005069709657,-0.01452544326,-0.02461280934,-0.03511834187,-0.04624536796,-0.05751809363,-0.06890120452,-0.08035287745,-0.0913459574,-0.1019814389,-0.1119159283,-0.1207690468,-0.1284376447,-0.1344350297,-0.1386194663,-0.1408874359,-0.1404626476,-0.1378066619,-0.1327773016,-0.1253644023,-0.116184127,-0.1054753618,-0.09400280042,-0.08256333264,-0.0713563266,-0.06127241177,-0.05242120854,-0.04479838137,-0.03901772772,-0.03449074149,-0.03129018373,-0.02942562724,-0.02853488163,-0.02864722631,-0.02945162831,-0.0306803923,-0.03244761983,-0.03420344745,-0.03583098559,-0.03676798086,-0.04045558627,-0.04472633796,-0.04944723733,-0.05479817795,-0.06136127865,-0.07035038508,-0.08382278485,-0.1061778867,-0.1470888283,-0.2202232386,-0.328698922,-0.4332912446,-0.4763272996,-0.4529000386,-0.3908519813,-0.3173249561,-0.2592269307,-0.2201203917,-0.1842809289,-0.1434540025,-0.1248069811,-0.1208981145,-0.1172460901,-0.1137745609,-0.1119897289,-0.1097259789,-0.1078562666,-0.1061371531,-0.1045231067,-0.1030450391,-0.1016577044,-0.1004764469,-0.09929720666,-0.09831287164,-0.09742951977,-0.09658587175,-0.09593912278,-0.09532057934,-0.09479162158,-0.09437412745,-0.09398036893,-0.09368506308,-0.09344376328,-0.09323542104,-0.09311040569,-0.09300848875,-0.09294858105,-0.09293619611,-0.09293936617,-0.09298208631,-0.09304765587,-0.09312773381,-0.09323508057,-0.0933497532,-0.09347623239,-0.09361385192,-0.09374809521,-0.09388629246,-0.09402091266,-0.09414881958,-0.09426332991,-0.09436337408,-0.09444663157,-0.09450673336,-0.0945374825,-0.0945361179,-0.0944998893,-0.09442894571,-0.09429899844,-0.09412401462,-0.09389534394,-0.09360132294,-0.09323852442,-0.09279726594,-0.09227738315,-0.09167949126,-0.09096160832,-0.09014957943,-0.0892271389,-0.0881796416
2.5,0.08950616134,0.08292954048,0.07518178293,0.06659733602,0.0573783008,0.04688008063,0.03578644899,0.02389765357,0.0111211683,-0.002076604633,-0.01593378123,-0.03014670818,-0.04443335281,-0.05871594707,-0.07252733496,-0.08567624003,-0.09789493416,-0.1082929501,-0.1169147798,-0.1232484222,-0.1268124604,-0.1271164986,-0.1239994177,-0.1174164577,-0.1074785931,-0.09403377143,-0.07815844116,-0.06058803312,-0.04233104377,-0.02494046127,-0.009333688983,0.003558294984,0.01327158502,0.01975058334,0.02348247206,0.02502587624,0.0248724395,0.02290774505,0.01977406746,0.0155168347,0.01016010311,0.003798008444,-0.003502687417,-0.01161323673,-0.02042561268,-0.03009762613,-0.04031706042,-0.05105961811,-0.06226573621,-0.07369640161,-0.08527311423,-0.096763629,-0.107910016,-0.1183805765,-0.1278644253,-0.1360419389,-0.1425623074,-0.1467312098,-0.1484957426,-0.1475748824,-0.1438221611,-0.1372376012,-0.1283171174,-0.1177167355,-0.1062930613,-0.09469237339,-0.08389478215,-0.0742778602,-0.06597653755,-0.05951113923,-0.05443322986,-0.05077292143,-0.04851325275,-0.04737203763,-0.04728696306,-0.04796018972,-0.04913255496,-0.05085360971,-0.05261193066,-0.0542585509,-0.05519213086,-0.0591983164,-0.06395025557,-0.06948968824,-0.07620002844,-0.0850251359,-0.09780227347,-0.1176542716,-0.1508392575,-0.2095140537,-0.3039196198,-0.4143225946,-0.4843967755,-0.4779167892,-0.4195089725,-0.3437725022,-0.2736757699,-0.2248646502,-0.192996547,-0.1629695367,-0.1284315889,-0.1128533102,-0.1095518291,-0.1064674184,-0.103522771,-0.1019544584,-0.09997473241,-0.09830451014,-0.09674313078,-0.09525502253,-0.09386678137,-0.09254339999,-0.09138129469,-0.09021143131,-0.08919550931,-0.08825668285,-0.0873442628,-0.08658899208,-0.0858517025,-0.08518396767,-0.0846053598,-0.08404078235,-0.08355546243,-0.08311213565,-0.08269355422,-0.08234218412,-0.08200843595,-0.08170860718,-0.08144853861,-0.08120012317,-0.08098586842,-0.0807919057,-0.08061017329,-0.08045510257,-0.08030737147,-0.08017234096,-0.08005168587,-0.07993003424,-0.07981776598,-0.07970777314,-0.0795947958,-0.07948139356,-0.07935957312,-0.07922999385,-0.07909268401,-0.07893315313,-0.07875926219,-0.07856528068,-0.07834483203,-0.07809515347,-0.07781112877,-0.07749087115,-0.07713486908,-0.07671944786,-0.07625731618,-0.07574060687,-0.07515448703,-0.07450009812,-0.0737625225,-0.0729395637,-0.07203954411
2.6,0.1400170059,0.1382090523,0.1344235309,0.1293902287,0.1234987252,0.1155639223,0.1067910987,0.09676339733,0.08528775547,0.07278088887,0.05890654895,0.04395357672,0.0280810307,0.01118583663,-0.006254817556,-0.02410900139,-0.04205823581,-0.05946533041,-0.07604203385,-0.09124232304,-0.1045593519,-0.1148613401,-0.1219877226,-0.1253334691,-0.124281152,-0.1182813255,-0.10745069,-0.09207712032,-0.07299269461,-0.05075667456,-0.02764978776,-0.005306259793,0.01495232521,0.03047067701,0.04193718621,0.04919448385,0.0524959021,0.053422329,0.05194479364,0.04888890267,0.04479691698,0.0388395371,0.03209825048,0.02435394292,0.01542649626,0.005841842173,-0.004779125927,-0.01614150864,-0.02796363651,-0.04074206968,-0.05375240358,-0.06708079178,-0.08075705314,-0.09389028211,-0.1067777056,-0.118831059,-0.1294071739,-0.1382277115,-0.1444519028,-0.1477656347,-0.1478974786,-0.1437143364,-0.1360930224,-0.1252376526,-0.1118642575,-0.09744222911,-0.08316443335,-0.07025923001,-0.05937127129,-0.05077364198,-0.0442643089,-0.03956467182,-0.03646277559,-0.03479652511,-0.03424529367,-0.03456206704,-0.03550220487,-0.03700554684,-0.03864963568,-0.04023307608,-0.04114693544,-0.04638550126,-0.05269072275,-0.06030539167,-0.06979002578,-0.08247116693,-0.1007671866,-0.1288261358,-0.1744188416,-0.2504702353,-0.3570221372,-0.4499232108,-0.4723256505,-0.4182790568,-0.3346491862,-0.2544089867,-0.1918043977,-0.152865472,-0.129812601,-0.1105560744,-0.09157351506,-0.08369679375,-0.08296924357,-0.08227037072,-0.08152917011,-0.08142780108,-0.08097274591,-0.08058702802,-0.08017109862,-0.07970552895,-0.07923258609,-0.07874056139,-0.07829463479,-0.07779968691,-0.07736096442,-0.07693826174,-0.07650417466,-0.07613768667,-0.07576000509,-0.07540429456,-0.07508489675,-0.07475287988,-0.07445403644,-0.0741661857,-0.07387874351,-0.07361874021,-0.07335696385,-0.07310524538,-0.07287006243,-0.07262844696,-0.07240192955,-0.07218136767,-0.07196001057,-0.07175169473,-0.07154140861,-0.07133533306,-0.07113886532,-0.0709334401,-0.07073609357,-0.07054033158,-0.07033814128,-0.07014289025,-0.06993927725,-0.06973240158,-0.0695305627,-0.06930703541,-0.06908543908,-0.06885662455,-0.06860597486,-0.0683570135,-0.06808218239,-0.06778889356,-0.06749381654,-0.06714564605,-0.06678877624,-0.06640588707,-0.06596353738,-0.06551689538,-0.06500200582,-0.06443555488,-0.0638568488
2.7,0.1703396004,0.1744738519,0.1756259558,0.1745845163,0.1719255953,0.1666577181,0.1601470099,0.1521372364,0.1425362865,0.131555459,0.1190877075,0.1053088901,0.0902663629,0.07374425941,0.05607188842,0.03729460403,0.01755711632,-0.002809514039,-0.02351637711,-0.04417634155,-0.0642596797,-0.08283376053,-0.09940154551,-0.1131751038,-0.1234517152,-0.1285255241,-0.1284552514,-0.1225482561,-0.1101601408,-0.09167483604,-0.06761363623,-0.03965380015,-0.01031079897,0.01856105688,0.04347344796,0.06301033225,0.07665723527,0.08392677604,0.08687215869,0.08657824159,0.08408583873,0.07923539626,0.07313134297,0.06578361175,0.05716271382,0.04754133089,0.03686329644,0.02534926051,0.01313264468,-4.438143172e-05,-0.01377576257,-0.02807744797,-0.04286399559,-0.05783812415,-0.07285497122,-0.08759480462,-0.1016972905,-0.1143092565,-0.1250808262,-0.133262531,-0.138004658,-0.1382419925,-0.1336327656,-0.1240219907,-0.1098448171,-0.09163397631,-0.07177603404,-0.05215014851,-0.03439193288,-0.02006887044,-0.009080775909,-0.001225640853,0.003909336567,0.006745988729,0.007861222633,0.007682945805,0.006631835344,0.004775974712,0.002756008366,0.0008324101101,-0.0001883268359,-0.008643526066,-0.0185670344,-0.03013677877,-0.04392320351,-0.06150698517,-0.08568068761,-0.1214549937,-0.177890809,-0.2667620856,-0.3704802019,-0.4249380342,-0.3902873294,-0.2961234194,-0.2046116432,-0.138972281,-0.09937557663,-0.08045688369,-0.07280868976,-0.06917531893,-0.06890346431,-0.06913244982,-0.07189608857,-0.07438571074,-0.07654036946,-0.07857945589,-0.08020200376,-0.08159953951,-0.08277206994,-0.08370927417,-0.08449519372,-0.08514200091,-0.08569754482,-0.08612750901,-0.08650195607,-0.08681348924,-0.08705502913,-0.08726419478,-0.08741377139,-0.08752393658,-0.08760664932,-0.08762821879,-0.08762576603,-0.0875885871,-0.08750968082,-0.08740556332,-0.08726225231,-0.08709051044,-0.08689973209,-0.08666323039,-0.08641068181,-0.08613526979,-0.08582983176,-0.08551030959,-0.08516380101,-0.0847996537,-0.08442977685,-0.08402401915,-0.08361521183,-0.08319535735,-0.08275182366,-0.08231224286,-0.08185135656,-0.08138137474,-0.08092160592,-0.08042506082,-0.07994002344,-0.07945221201,-0.07893590507,-0.07844655651,-0.07792940731,-0.07740456722,-0.07690923921,-0.07635321115,-0.07582483537,-0.07529440257,-0.0747054978,-0.07417698553,-0.0735872042,-0.07297620481,-0.072422515
2.8,0.1421797018,0.1542926445,0.1638696309,0.1701301921,0.1728856931,0.1732874834,0.1709243035,0.1666062157,0.160817712,0.1526286496,0.1432767938,0.1324659485,0.1200463022,0.1063119736,0.09095663047,0.07421948506,0.05613503493,0.03644819516,0.01561101335,-0.006383167366,-0.02914042417,-0.05219903472,-0.07496814731,-0.09673872999,-0.1170624318,-0.1335548969,-0.1464167424,-0.1542795654,-0.1552652369,-0.1495322372,-0.1353657984,-0.1134237743,-0.08571382972,-0.05074867134,-0.01486769205,0.0197490288,0.05104738701,0.0729521337,0.08832572648,0.09687479271,0.09932142421,0.09903830986,0.09542952711,0.08999646875,0.08379736699,0.07498851028,0.06578374751,0.05558073876,0.04384988569,0.03194314293,0.01863003499,0.004528813917,-0.009844617203,-0.02572827431,-0.04169232984,-0.05811678645,-0.07515241207,-0.09118149953,-0.1068350466,-0.1209513584,-0.1323464739,-0.1403273175,-0.1433076118,-0.1406683106,-0.1320662368,-0.1163162052,-0.09594863661,-0.07267118075,-0.04857752823,-0.02775845545,-0.01017961726,0.003105254496,0.01185560286,0.0177735772,0.02050511181,0.02127712184,0.02090958217,0.01893369831,0.0168391877,0.01469981205,0.01353161244,0.002643716663,-0.009590097302,-0.02316228762,-0.0386278008,-0.05787950142,-0.08412966907,-0.123998038,-0.1889206015,-0.2837990384,-0.3642233911,-0.362839288,-0.2768989739,-0.1727092593,-0.106267487,-0.07322253971,-0.05972248751,-0.05708988069,-0.05973695635,-0.0657123687,-0.07723002243,-0.08342981189,-0.08881440694,-0.09381810485,-0.09839478316,-0.1022997576,-0.1058476789,-0.1089836574,-0.1117797598,-0.1142335092,-0.1164366003,-0.1184195841,-0.1201957773,-0.1217925477,-0.1232260535,-0.1245201514,-0.1256888514,-0.1267093113,-0.1276176676,-0.1284126509,-0.1290987896,-0.1296625556,-0.13012421,-0.130487293,-0.1307501556,-0.1309076779,-0.1309705713,-0.1309446878,-0.1308400673,-0.1306275806,-0.130342826,-0.129983081,-0.1295409946,-0.12902887,-0.1284409034,-0.1277884503,-0.1270890904,-0.1262991601,-0.1254688428,-0.1245891127,-0.12364262,-0.1226678529,-0.1216327645,-0.120556538,-0.1194704354,-0.1183024021,-0.1171306777,-0.1159353597,-0.1146787175,-0.1134487456,-0.112163754,-0.1108585312,-0.1095939133,-0.1082330199,-0.1069181591,-0.1056064358,-0.1042156073,-0.1029363823,-0.1015840685,-0.1002274237,-0.09899351869
2.9,0.0627318336,0.08238556575,0.1019900638,0.1186444988,0.1304626408,0.1411424989,0.1470627381,0.1502476015,0.1520058975,0.149357067,0.1457788497,0.1402076549,0.1321149753,0.1229955274,0.1113982206,0.09807930181,0.08327732292,0.06564565824,0.04643003678,0.02509081515,0.001555310711,-0.0235722023,-0.05040221066,-0.07823629491,-0.1064891434,-0.1338738987,-0.159520505,-0.1821955534,-0.2002981156,-0.2117326215,-0.2154490356,-0.2103373459,-0.1958207782,-0.1703632585,-0.1365720606,-0.09641125616,-0.05305521972,-0.0122108227,0.02322587331,0.05040093799,0.06831481781,0.07950738446,0.08455646319,0.08588280333,0.08514010739,0.08102154842,0.07592633255,0.06938693535,0.06128382864,0.05222026369,0.04175451478,0.030242635,0.01756848533,0.003597393179,-0.01159549716,-0.02805017487,-0.04532007949,-0.06400293901,-0.08290889591,-0.1018208094,-0.1206452386,-0.1363486115,-0.1494475757,-0.1578085695,-0.1591300264,-0.1536346261,-0.1398510401,-0.1197309291,-0.0961766678,-0.07136708256,-0.049410711,-0.03151089939,-0.01806529277,-0.00907672421,-0.003466214711,-0.0004862501328,0.0005873850244,-1.191163788e-05,-0.001346148983,-0.003009259437,-0.004091445468,-0.01416176745,-0.02496810418,-0.03675805221,-0.05025754355,-0.06807948534,-0.09474116377,-0.1398650173,-0.2144713937,-0.3028764959,-0.3392891751,-0.2838185609,-0.1830688295,-0.1104574406,-0.07935706579,-0.06767057662,-0.06400962268,-0.06475031789,-0.06844363754,-0.07648038427,-0.09432504324,-0.1065747714,-0.1146791743,-0.1226241722,-0.1303648553,-0.1367903332,-0.1431744797,-0.1489829602,-0.1543719634,-0.1593605649,-0.1639933897,-0.1683297916,-0.1722944158,-0.1760436874,-0.1794590103,-0.1826234816,-0.1855980826,-0.1882257207,-0.1906787292,-0.1929054184,-0.1948870903,-0.1966780098,-0.1982377731,-0.199606869,-0.2008036018,-0.2017637511,-0.2025629865,-0.2031880493,-0.2036403435,-0.2039137568,-0.2040254592,-0.203988378,-0.2038035744,-0.203453824,-0.2029654645,-0.2023419533,-0.2015970585,-0.2006916264,-0.1996729561,-0.1985382376,-0.1972725653,-0.1958993106,-0.1944019496,-0.192796545,-0.1911149121,-0.1892774719,-0.1873706315,-0.185375033,-0.1832497577,-0.1810833798,-0.1787941132,-0.1764196707,-0.174029688,-0.1714641635,-0.1688921904,-0.166266714,-0.1634927627,-0.160794208,-0.1579596574,-0.1550751506,-0.1523016602
3,-0.03642798209,-0.01388189519,0.01141299986,0.03610676808,0.05760063319,0.0792593303,0.09621245187,0.1101541021,0.1220607494,0.1286349178,0.1334903046,0.1355599127,0.1346104939,0.1317652502,0.1261328436,0.1183982408,0.1086143792,0.09572508554,0.08058941838,0.06278244849,0.04215069975,0.01849188332,-0.008092465575,-0.03743951909,-0.06921703441,-0.1029827277,-0.1376520015,-0.172177539,-0.2053977188,-0.2341945906,-0.2578240418,-0.2741232183,-0.2807018271,-0.2759625031,-0.2590040567,-0.2303119129,-0.1921055369,-0.1454685371,-0.09738160413,-0.05234070019,-0.01342184072,0.01502176763,0.03570843362,0.04959439567,0.05747914734,0.06215839877,0.06325707247,0.06203241512,0.05974274292,0.05420550372,0.04798067872,0.04034103533,0.03031893553,0.0199720628,0.007168552651,-0.007240866161,-0.02230106002,-0.04062089651,-0.05942684432,-0.07955207468,-0.1016007275,-0.1217405566,-0.1417017419,-0.1586884034,-0.1696755268,-0.1746096526,-0.1697358716,-0.1559160939,-0.135189695,-0.1083724922,-0.08211583518,-0.05879926498,-0.03990306256,-0.02672995647,-0.01747613299,-0.01161771323,-0.008419567979,-0.00713440287,-0.007231184701,-0.008087581295,-0.009017414926,-0.01805003861,-0.02769852645,-0.03877028673,-0.05233274411,-0.07245938143,-0.1051441398,-0.161302039,-0.2416308715,-0.3058914193,-0.2943501555,-0.2147330849,-0.136627959,-0.09602400969,-0.07712144549,-0.06700484902,-0.06266220991,-0.06255693306,-0.06604549339,-0.07689368965,-0.1060556847,-0.1289133393,-0.1424370236,-0.1558142188,-0.1689837715,-0.1794611997,-0.190110708,-0.199699711,-0.2085604309,-0.2167965078,-0.2244134302,-0.2315455416,-0.2380222898,-0.2441927827,-0.2497785164,-0.2549530941,-0.2598514977,-0.264156046,-0.2682208035,-0.2719368242,-0.2752588313,-0.2783429149,-0.2810657733,-0.2835196405,-0.2857540842,-0.2876304028,-0.2893096673,-0.2907529446,-0.2919461028,-0.2929303814,-0.293681611,-0.2942361767,-0.2946125104,-0.2947447711,-0.2947092988,-0.2944921096,-0.294091701,-0.293500325,-0.2927322763,-0.291798378,-0.2906966932,-0.2894060135,-0.2879496217,-0.2863264786,-0.2845493254,-0.2825687652,-0.2804340264,-0.2781362877,-0.2756481598,-0.2730057596,-0.2701695951,-0.2671565104,-0.2640105382,-0.2606086206,-0.2570724115,-0.2533665256,-0.2494134286,-0.2453735336,-0.241087495,-0.2366187312,-0.2321021484
3.1,-0.1154178717,-0.09675005033,-0.07378203071,-0.04840137627,-0.02243814174,0.004970196939,0.03035852987,0.05366723047,0.07472731281,0.09106290838,0.1045212609,0.114517459,0.1210690071,0.1246307423,0.1252651357,0.1234908807,0.1194550626,0.1124165801,0.1031464401,0.09144214112,0.07706891748,0.05962460319,0.03907572814,0.01525058052,-0.01181831997,-0.04292850684,-0.07704588224,-0.1138990121,-0.1530515921,-0.1916152678,-0.2290281685,-0.2626690601,-0.2894916395,-0.3072455482,-0.3131987176,-0.3062726254,-0.2864000656,-0.2519064835,-0.2081588249,-0.1590583706,-0.1090548682,-0.06560202306,-0.02930577852,-0.001389614467,0.01784233132,0.03207433306,0.04046635269,0.04510753056,0.04782035502,0.04591335665,0.04291573463,0.03797682485,0.0302920347,0.0219606981,0.01103905165,-0.001535250344,-0.01505588767,-0.03174531942,-0.04943520921,-0.06898179674,-0.09089408818,-0.1128532075,-0.1359064039,-0.1579871524,-0.1766470442,-0.1902402452,-0.1950781513,-0.1898982766,-0.1743007983,-0.1485275778,-0.1182428977,-0.08778098056,-0.06139307571,-0.04055100067,-0.02568472795,-0.01562611506,-0.009035691749,-0.006009586828,-0.004742327313,-0.004940495583,-0.005903667902,-0.01791148449,-0.03090488805,-0.04602114556,-0.06467342795,-0.09210103728,-0.1340666231,-0.1972975483,-0.2675996921,-0.2952487165,-0.2476330858,-0.1681916977,-0.1115237168,-0.08034266049,-0.06261249621,-0.05358890252,-0.05167122823,-0.05462696141,-0.06210835964,-0.08120476363,-0.1295659227,-0.1654947947,-0.1846969134,-0.2029839541,-0.2204285007,-0.2334645431,-0.2465717726,-0.258005478,-0.2683203524,-0.2777573341,-0.2863219828,-0.2942398614,-0.3013052897,-0.3080046369,-0.3139803339,-0.31947057,-0.3246644119,-0.3291614639,-0.333424842,-0.3373179244,-0.3407813478,-0.3440419906,-0.3469221834,-0.3495458372,-0.3519846017,-0.3540567409,-0.3559728016,-0.3576763749,-0.3591383417,-0.3604453654,-0.3615294472,-0.3624432645,-0.3632210766,-0.3637588999,-0.3641690629,-0.3644200064,-0.3644908074,-0.3644187166,-0.3641684971,-0.363764609,-0.3632225524,-0.3624725563,-0.3615792756,-0.3605193032,-0.3592756815,-0.3578579084,-0.3562459879,-0.354447367,-0.3524604583,-0.3502420079,-0.3478169594,-0.3451665418,-0.34228361,-0.3391361794,-0.3357340159,-0.3320651352,-0.3280962031,-0.3238443802,-0.3192645547,-0.3143586977,-0.3091693236
3.2,-0.1419159418,-0.1328787801,-0.1194483814,-0.101291313,-0.07882756066,-0.05357107197,-0.02643996502,0.0008088729796,0.02708328272,0.05066197598,0.07115622672,0.08813115412,0.1011752614,0.110726189,0.1169293156,0.1204132159,0.1218290471,0.1200748763,0.1166382612,0.1113125025,0.1036998361,0.0941404007,0.08201292192,0.06735880502,0.05025507138,0.02872114364,0.003877586334,-0.02510101735,-0.05886959221,-0.09562105347,-0.1356381223,-0.1766203989,-0.2157387192,-0.2505336903,-0.2771337865,-0.2931873248,-0.2962956013,-0.2833913826,-0.2563657211,-0.2174113341,-0.1711155716,-0.1229299328,-0.07882182326,-0.04166563472,-0.01275625096,0.008643450371,0.02352951906,0.03334491317,0.03968368,0.04124924388,0.04065899015,0.03777998285,0.03225205526,0.02534692255,0.01617164806,0.005316138041,-0.006657641049,-0.02153981218,-0.0377366906,-0.05597943906,-0.0770057098,-0.09934182225,-0.1241534588,-0.1501551166,-0.1753248103,-0.1986522679,-0.2156875784,-0.2240540093,-0.2218722943,-0.2056637913,-0.1804618273,-0.1497862435,-0.1190150637,-0.09239849622,-0.07166474808,-0.05678875623,-0.04653114902,-0.04117702907,-0.03846078211,-0.03795919527,-0.03892735823,-0.05568765554,-0.0728282342,-0.09170114284,-0.1139053984,-0.1443857357,-0.1867479469,-0.2406575435,-0.2831995283,-0.272056927,-0.2042921475,-0.1336997249,-0.09071334853,-0.0681013491,-0.05639436429,-0.05289100439,-0.05677117037,-0.06530459947,-0.07841047625,-0.1059796193,-0.1680604462,-0.2098308939,-0.2293992287,-0.2470983693,-0.2633126517,-0.274408184,-0.2854688639,-0.2947133756,-0.3027929661,-0.3100433224,-0.3164598006,-0.322303651,-0.3273873905,-0.3321966772,-0.3363919034,-0.3402064013,-0.3438305665,-0.3468850734,-0.3498161411,-0.3524936162,-0.3548560468,-0.3571427895,-0.3591634054,-0.3610395744,-0.3628466431,-0.3644038022,-0.365916778,-0.3673237447,-0.3685848629,-0.3698159618,-0.3709147811,-0.3719375209,-0.3729267392,-0.373764205,-0.374570824,-0.3753031667,-0.3759233175,-0.3765122195,-0.3769850624,-0.3773755036,-0.3777146775,-0.3778988569,-0.3780202123,-0.3780362875,-0.3779018564,-0.3776923755,-0.3773136157,-0.3767896056,-0.3761478032,-0.3752713369,-0.3742474869,-0.3730226558,-0.3715351455,-0.3698642367,-0.3678898939,-0.3656284246,-0.3631023169,-0.3601661488,-0.3569081621,-0.3532574889,-0.3491363674
3.3,-0.105437295,-0.1096831579,-0.1107167008,-0.1061220936,-0.09464072718,-0.0796099271,-0.05884810301,-0.0350339546,-0.00990559926,0.01668623516,0.04142689146,0.06390144031,0.08300858155,0.09837264434,0.1102055745,0.1190168522,0.1257191871,0.1293868778,0.1316565831,0.1324450369,0.1315051358,0.1293171729,0.1254149742,0.119973858,0.11310173,0.1029923763,0.0904504357,0.07435848672,0.05346940603,0.02784370359,-0.003690987259,-0.040414883,-0.08080781668,-0.1234154787,-0.1639841871,-0.1993243426,-0.2255024179,-0.2375878498,-0.2344990395,-0.2158457766,-0.1843796183,-0.1432271839,-0.1008235123,-0.06178145835,-0.02907607856,-0.004175317453,0.01425796238,0.02709976811,0.035907132,0.03987400166,0.04137916686,0.04058939443,0.03727992264,0.03264448379,0.02602170801,0.01797426535,0.009007054793,-0.002515499057,-0.01524695037,-0.02995348707,-0.04738258612,-0.06704165403,-0.09004570701,-0.1160350681,-0.1442494474,-0.1740201435,-0.2020014847,-0.2252345146,-0.2402617114,-0.2421199156,-0.2322763929,-0.2125575142,-0.1879951648,-0.1628583546,-0.1414051658,-0.1247318358,-0.1121658195,-0.1051262971,-0.100881275,-0.09938847056,-0.1002129198,-0.1163684855,-0.1314364536,-0.1469456054,-0.1644932385,-0.1877455696,-0.2176343068,-0.2494368457,-0.2619037578,-0.2276307631,-0.1614396225,-0.1097082612,-0.08362032449,-0.0720786848,-0.06722724712,-0.06868957084,-0.07658092459,-0.08794247165,-0.1028773821,-0.1317248201,-0.1909769444,-0.2276108971,-0.2420172638,-0.2541549876,-0.2646653112,-0.2706572502,-0.2766303346,-0.2811510406,-0.2847984705,-0.2879217806,-0.2904872136,-0.2927291766,-0.2945089185,-0.2962028052,-0.2975550445,-0.2987405768,-0.2999102374,-0.3007790193,-0.3016844522,-0.3025270639,-0.3032525442,-0.3040678743,-0.3048028744,-0.3055527875,-0.3063826898,-0.3071458548,-0.3080039493,-0.3089002497,-0.3097901523,-0.3108007725,-0.3118103646,-0.3128686516,-0.3140194348,-0.3151516942,-0.3163726913,-0.3176343433,-0.3188877133,-0.3202469774,-0.321589189,-0.3229521673,-0.3243780504,-0.3257483219,-0.327166299,-0.328577863,-0.3299177027,-0.3313174001,-0.3326229351,-0.3338720015,-0.3351173581,-0.3361908281,-0.3372269427,-0.3381472308,-0.3388475332,-0.339507196,-0.3398967936,-0.340059655,-0.3400710918,-0.3396500956,-0.3390033574,-0.3379993783,-0.3364520186
3.4,-0.02014059467,-0.03759755921,-0.05423127138,-0.0661802105,-0.07034139206,-0.07147829406,-0.06402511086,-0.0507631041,-0.03401944727,-0.009650961391,0.01540685234,0.04140280168,0.0671449558,0.0888641322,0.1077615426,0.1229280451,0.1350509981,0.1444892268,0.1521448999,0.1584922291,0.1634786866,0.1673762127,0.1700879828,0.1717362828,0.1725938353,0.1711301411,0.1682789501,0.1631884196,0.1545321817,0.142214712,0.124101138,0.09964705425,0.06893291798,0.02973623008,-0.01379805909,-0.05964462386,-0.1041118951,-0.139191426,-0.1625704541,-0.1698904954,-0.1603304343,-0.1350103145,-0.1013911841,-0.06643898816,-0.03515319952,-0.01072066878,0.008008613676,0.02157181135,0.03113590495,0.03652362101,0.03943380359,0.0402772375,0.03918187701,0.03671997197,0.03293174404,0.02813931656,0.0224931933,0.01537279281,0.007162248125,-0.002478255717,-0.01387244327,-0.02774143961,-0.04433401126,-0.06426435993,-0.08798308369,-0.1153414984,-0.1451617607,-0.175028147,-0.2014557534,-0.2188664599,-0.2256687348,-0.221351844,-0.2090546645,-0.1919652471,-0.1753077912,-0.1610108279,-0.149089138,-0.1419256071,-0.1369785502,-0.1347345083,-0.135314297,-0.1447997911,-0.1522544005,-0.1591833143,-0.1671034459,-0.1781960444,-0.1929456243,-0.2088944037,-0.2113406262,-0.178180181,-0.1292761099,-0.09822936751,-0.08514863996,-0.080360105,-0.07872473506,-0.08141401408,-0.08899844226,-0.09888258481,-0.1111890995,-0.1343786004,-0.1798576572,-0.2063378365,-0.2139779476,-0.219182623,-0.2227723891,-0.2228354677,-0.2228919781,-0.2220033985,-0.2206316875,-0.2190917302,-0.2173504756,-0.2155886211,-0.2137296534,-0.2119964529,-0.2102470867,-0.2085772613,-0.2070787567,-0.2055877827,-0.204296002,-0.2031442222,-0.2020899637,-0.201280342,-0.2005869851,-0.2000666678,-0.1997656779,-0.1995878726,-0.199632188,-0.1998543338,-0.2002109181,-0.2008225488,-0.201565938,-0.2024780901,-0.2035984426,-0.2048380547,-0.2062772231,-0.2078703734,-0.2095656788,-0.2114931433,-0.2135118908,-0.2156589063,-0.217980924,-0.2203647068,-0.2229087115,-0.2255567507,-0.2282359862,-0.2311114758,-0.2339977899,-0.2369408007,-0.2400087576,-0.2430159084,-0.2461185171,-0.2492289449,-0.2522232449,-0.2553442597,-0.2583012074,-0.2611565334,-0.2640216918,-0.2665417744,-0.2689968851,-0.2712228734,-0.2729667988
3.5,0.06785233682,0.0421140492,0.01468341582,-0.01083237659,-0.03025266961,-0.04794337443,-0.0566640524,-0.05814192583,-0.05475159937,-0.03828930232,-0.01767592251,0.008702001838,0.04107426555,0.07117678315,0.1015587469,0.1276892489,0.1478472133,0.1648201277,0.1774697655,0.1880603208,0.1975464634,0.2047881315,0.2112914351,0.216506063,0.2203873396,0.2225603874,0.2230748184,0.2218391495,0.2182450026,0.2117275127,0.2015154522,0.1867582247,0.1664872257,0.1379536235,0.1018695484,0.05808568257,0.008505229622,-0.04039006878,-0.08411792557,-0.1153339808,-0.1292501719,-0.1221343934,-0.09871801957,-0.06719524859,-0.035737722,-0.01279902729,0.004698196577,0.0180173674,0.02699730412,0.03435322333,0.03843813897,0.04069145562,0.04259253013,0.04145433998,0.04050037825,0.03872435385,0.03507179513,0.03207682203,0.02704778983,0.02109056723,0.01490955767,0.005474670624,-0.00481381526,-0.01767996967,-0.03416068436,-0.05342964826,-0.07688980486,-0.1029250012,-0.1297972072,-0.1525281146,-0.1686542344,-0.1757814408,-0.1740147478,-0.1666625885,-0.1567257183,-0.1470375802,-0.1384903395,-0.1325551932,-0.1284152796,-0.1262970941,-0.1266730449,-0.128619894,-0.1285797895,-0.1279251553,-0.1284533503,-0.1322796396,-0.143994723,-0.1653160503,-0.1751748197,-0.151613217,-0.1204335079,-0.1027359769,-0.09469274659,-0.09100275971,-0.08917812863,-0.0901131467,-0.09440055305,-0.1007566582,-0.1094651041,-0.1271014746,-0.1658074216,-0.1856998963,-0.1862992467,-0.1838378994,-0.179629881,-0.1720993773,-0.1648175237,-0.1570398978,-0.1492158001,-0.1416719995,-0.1343911426,-0.1275358642,-0.1210546296,-0.1150432901,-0.1094369358,-0.1042572032,-0.09953268741,-0.09516315383,-0.09122114188,-0.08766116896,-0.08443695648,-0.0816282947,-0.07913829016,-0.07698236188,-0.0751818088,-0.0736785615,-0.07251279169,-0.07164921865,-0.07104570836,-0.07080390243,-0.07080916308,-0.07108338801,-0.07165711039,-0.0724672553,-0.07356343258,-0.07490628902,-0.07644781472,-0.07831543755,-0.08037077735,-0.08264585248,-0.08518471282,-0.08789673258,-0.09086143887,-0.09402960046,-0.09733493758,-0.1009468491,-0.1046828848,-0.1085899609,-0.1127379377,-0.1169637536,-0.1214126941,-0.1260063041,-0.1306296207,-0.1355366512,-0.1404392947,-0.1454062337,-0.1505580557,-0.1555521308,-0.1606734761,-0.1657631616,-0.1705629989
3.6,0.1167885414,0.08947767862,0.05935596107,0.02802930558,-0.0007391274436,-0.0295397912,-0.05185712023,-0.06782755627,-0.07903537216,-0.07566111093,-0.06555935685,-0.04564606626,-0.01352167716,0.02196766141,0.06466896131,0.1072978002,0.1444466297,0.1771956305,0.1999789609,0.2159186199,0.2273952373,0.2345315366,0.2402075323,0.2439702307,0.2458656486,0.2454811322,0.2430591286,0.2386978429,0.2320100907,0.2230087596,0.2114634654,0.1973452999,0.1801646585,0.1584883189,0.1316095417,0.09791350943,0.05720237579,0.01019683248,-0.03851723918,-0.08223633025,-0.1146548033,-0.1230683579,-0.1091694066,-0.07539160841,-0.02919188373,0.004645904174,0.02491303482,0.0359578005,0.04289947693,0.05150771544,0.05649913533,0.05983465471,0.06394184987,0.06337444503,0.0638968475,0.0633996769,0.06026930091,0.05865983749,0.05444502589,0.04953521626,0.0447883064,0.03708158298,0.02929889349,0.01980478247,0.008051438076,-0.005365137845,-0.0218778027,-0.04085736798,-0.06201883553,-0.08225158511,-0.09946347009,-0.1110471845,-0.1154755276,-0.115202767,-0.1113994225,-0.1066847599,-0.1023675517,-0.0987566734,-0.09642097423,-0.0951960086,-0.0955348556,-0.09265078095,-0.08903633309,-0.08627400221,-0.08722200236,-0.09613576989,-0.1211820152,-0.1581165319,-0.1730502738,-0.156049624,-0.1348028658,-0.1204470071,-0.1104977381,-0.103935148,-0.100080857,-0.09864542232,-0.1003193453,-0.1060127369,-0.1171560048,-0.1412006816,-0.1917035539,-0.2080428141,-0.2000958477,-0.188590794,-0.1755509162,-0.1587802454,-0.1428850488,-0.1267989871,-0.1110005663,-0.09592601741,-0.0815106908,-0.06801334874,-0.05534274499,-0.04361515244,-0.03275844426,-0.02279741417,-0.01376150207,-0.005455100492,0.002015493044,0.008751612183,0.014846403,0.02023853918,0.02507123994,0.02935357433,0.03308854488,0.03636422146,0.03915510601,0.04151564785,0.0435028274,0.04502494794,0.04620792726,0.04703913425,0.04749726076,0.04764203138,0.04743806156,0.04692598335,0.04615237371,0.04499800412,0.04359563112,0.0419175815,0.03992635859,0.03769098393,0.03515098378,0.03234737146,0.0293327516,0.02595381465,0.02236818152,0.01853219942,0.01438530961,0.01004308615,0.005392524817,0.0004907913301,-0.00457897271,-0.01003638985,-0.01565063472,-0.02148623075,-0.02764755544,-0.03388140913,-0.04041621311,-0.04713377999,-0.05383331408
3.7,0.127695181,0.104034792,0.07775374437,0.04856647231,0.01896223631,-0.01276709039,-0.04200597,-0.06797346966,-0.09136878547,-0.1034069694,-0.109061101,-0.1045753819,-0.08601723042,-0.05914824136,-0.01859699384,0.02995468762,0.08075855832,0.1343562467,0.1789779647,0.2137915603,0.2358367497,0.2461740068,0.2486001946,0.2464731341,0.2431607115,0.2351190988,0.2265508421,0.216293258,0.2030837038,0.1898095514,0.1738933894,0.1567195905,0.1390778619,0.1182330259,0.09622524753,0.07097788417,0.04107519459,0.00621593517,-0.03406914088,-0.07634812147,-0.115758214,-0.1380301087,-0.1381247631,-0.1090602963,-0.04720627685,0.02151154967,0.08350597564,0.111614842,0.1098566615,0.1092299655,0.1097807938,0.1108111789,0.1121188565,0.1102786689,0.1084692341,0.1054406907,0.1013628279,0.0965198325,0.09088722747,0.08489899825,0.07770042852,0.07090858923,0.06292852642,0.05428079455,0.0461306226,0.03537985792,0.02470894871,0.01264792734,-0.001931826883,-0.01495477002,-0.02807052994,-0.03823635264,-0.0439041203,-0.04715318906,-0.0474505241,-0.04685989176,-0.04627090462,-0.04540124159,-0.04511527658,-0.04508671872,-0.04553605559,-0.0423747673,-0.04098844635,-0.04349318591,-0.05350826496,-0.07683246589,-0.1186194785,-0.1631013623,-0.1753341746,-0.1576914841,-0.1348770886,-0.1164865907,-0.1023625529,-0.0934755078,-0.08966427975,-0.08971171565,-0.09503996127,-0.108408008,-0.1318890845,-0.1735174101,-0.2377160016,-0.2485188296,-0.233776893,-0.2161919425,-0.1980068439,-0.1760184302,-0.1554718424,-0.1347225151,-0.1141394888,-0.09427569904,-0.07488495796,-0.05639275394,-0.03861169068,-0.02185401219,-0.005976957704,0.008850414536,0.02243485382,0.03521282231,0.04675235083,0.05724020491,0.06682886945,0.07532312611,0.08301940044,0.08988696917,0.09592252226,0.1013537104,0.1060746704,0.1102063947,0.1138510449,0.1168829464,0.1194967783,0.1216708964,0.1233839293,0.1247452142,0.125690584,0.1262833386,0.1265840196,0.1264597804,0.1260661855,0.1253704927,0.1243362175,0.1230421193,0.121421898,0.1195210999,0.1173883408,0.1148760857,0.1121331172,0.1091146922,0.1057678105,0.1021795761,0.09825604436,0.09404062613,0.08958775973,0.08471442764,0.07959420466,0.07416517426,0.06834413934,0.06228636256,0.05582585472,0.04903232096,0.04202484985
3.8,0.1188907216,0.1067912113,0.09006928772,0.06881033637,0.04451630938,0.01733277741,-0.01168274854,-0.04126932258,-0.07120433707,-0.09709829454,-0.1192312979,-0.1349330709,-0.1403043542,-0.1363994385,-0.1187107926,-0.08853206969,-0.04903425295,0.005020519656,0.06112002539,0.1163444786,0.16443115,0.1958641289,0.212732014,0.2157129986,0.2117314073,0.2001610688,0.1880997808,0.1749253093,0.1595675077,0.1448378314,0.128362926,0.111384454,0.09458823455,0.07542769155,0.05596512605,0.03476701416,0.01016116648,-0.01668809678,-0.04930798821,-0.08706191663,-0.1266158748,-0.1630999644,-0.1842090503,-0.1798650272,-0.1380743301,-0.05791417962,0.04794729639,0.1431821171,0.1964173535,0.2061555026,0.1914763866,0.1801814032,0.1715392366,0.1639607015,0.1560747831,0.1476643385,0.1402536032,0.1306380812,0.1221877498,0.1139285742,0.1042968329,0.09715585268,0.08887885808,0.08107681368,0.07512746167,0.06781208025,0.06252327815,0.05760918721,0.05239350009,0.04959910444,0.0466667482,0.04491764302,0.04338627391,0.04217302533,0.04061740289,0.03868864859,0.03709180339,0.03487176221,0.03326466307,0.0319586911,0.03119175694,0.02904326666,0.02239624388,0.009262034041,-0.01341396081,-0.05052578847,-0.1007084082,-0.1412336617,-0.1422673253,-0.1140300591,-0.08422307623,-0.06303680186,-0.04932433606,-0.04354775319,-0.04508603654,-0.05262655055,-0.06853995689,-0.09556320862,-0.1343925184,-0.1914752663,-0.2598253622,-0.2677953679,-0.2533430546,-0.2373154458,-0.221603995,-0.2021294961,-0.1841813602,-0.1656099767,-0.1465803678,-0.1277506471,-0.1085750155,-0.08960752779,-0.0705482269,-0.05186518916,-0.03335220046,-0.01534101947,0.001724922804,0.01852827795,0.03413084691,0.0487324738,0.06248466064,0.07486586727,0.08634072684,0.09672856645,0.1059390036,0.1144088222,0.1218369465,0.1284435137,0.1344017458,0.1394885851,0.1440381484,0.1479987323,0.1513365145,0.1542653583,0.1566495852,0.158600836,0.1602133431,0.1613037237,0.1620955084,0.1625389615,0.1625895299,0.1623706084,0.1617829068,0.1608938055,0.1597644768,0.1582226508,0.1564470937,0.1543837229,0.151978418,0.1493254574,0.1463247562,0.1430243039,0.1394704083,0.1354856492,0.1312303925,0.1266388016,0.1216394345,0.1163352051,0.1105923432,0.1044529764,0.09797725591
3.9,0.080981445,0.1010532809,0.1089765227,0.1048730437,0.08992865149,0.07161945932,0.04674922898,0.01809160997,-0.01253055332,-0.04842425388,-0.0834846342,-0.1177377563,-0.1492242247,-0.172463791,-0.1873218136,-0.1903260702,-0.1814350584,-0.1545640399,-0.1154102953,-0.06501729457,-0.004148902018,0.05159703371,0.1014193275,0.1353300962,0.1517464104,0.1546082772,0.1494033619,0.1411273869,0.1310836345,0.1201381693,0.1084951386,0.09624780331,0.08357522346,0.06886264508,0.0528966718,0.03486941626,0.01293002833,-0.01214278598,-0.04365885829,-0.08217531058,-0.1254533698,-0.1764387149,-0.2220733316,-0.2542565257,-0.2618591699,-0.2226232656,-0.1399021294,-0.01440217157,0.1139400534,0.2012381138,0.2297658624,0.224689089,0.2099152594,0.1958551684,0.1830681687,0.1709762249,0.1607199348,0.1491090376,0.139117023,0.1297922567,0.1199663718,0.1123267974,0.1043975758,0.09726163239,0.09180686462,0.0865099827,0.08357184391,0.08259643927,0.08405948465,0.09034251952,0.09983201715,0.1118309736,0.1214316485,0.1284579576,0.1301581765,0.1288145699,0.1270209555,0.1226964162,0.1196778199,0.1171551917,0.1160019709,0.1044616905,0.08727345412,0.06339164388,0.03109095074,-0.01208028757,-0.05896302494,-0.08373477856,-0.0649746147,-0.02454750331,0.006796694643,0.02357970048,0.0300960886,0.02731380023,0.01651566496,-0.001524602017,-0.03008083445,-0.07049322529,-0.1212698029,-0.1883474189,-0.2572283276,-0.2656769856,-0.2563220886,-0.246232202,-0.2368507915,-0.2241264651,-0.212584813,-0.2000710238,-0.1864593079,-0.1725943482,-0.1575241136,-0.1418599326,-0.1252962083,-0.108085207,-0.09014727136,-0.07175597047,-0.05343190902,-0.03445969232,-0.01599699914,0.00205264814,0.0197641138,0.03631812781,0.05217000081,0.0669297731,0.08032303423,0.09291312154,0.1041372908,0.114269478,0.1235379084,0.1315744009,0.138876467,0.1453502804,0.1509413968,0.1559936645,0.1602844602,0.1639906214,0.1672519828,0.1698145031,0.1719988271,0.1737344357,0.1749694834,0.1758775061,0.1763272909,0.1764151436,0.1762173136,0.1755303037,0.174574021,0.1732859338,0.1716154439,0.1696554081,0.1673133033,0.1646431188,0.1616825595,0.1582646966,0.154539184,0.1504439621,0.145927128,0.1410315244,0.1356751873,0.1298751274,0.1236406029
4,-0.01400607724,0.04526557319,0.09322855165,0.1264248295,0.138166115,0.1392514927,0.1238636364,0.09963911011,0.07264101664,0.03175905258,-0.01002359654,-0.05617540507,-0.1076223076,-0.1529340003,-0.1971842293,-0.2329528423,-0.2567929873,-0.2659694461,-0.2578104792,-0.2330418286,-0.1884380634,-0.1318973524,-0.06409155461,0.003488378974,0.05771183146,0.09947117758,0.1205734816,0.1295355695,0.1316044638,0.1288646835,0.1249609162,0.1194990499,0.1128984812,0.1033599005,0.09170682406,0.07735205,0.0581296577,0.03461349799,0.003497588156,-0.0363219758,-0.08366025992,-0.1455549117,-0.2115448691,-0.2767005644,-0.3329197995,-0.3499394884,-0.3282948541,-0.2525625762,-0.1332331847,0.01000052497,0.1242108407,0.1814782454,0.1993105266,0.1929295106,0.184591925,0.1751985016,0.166482367,0.1571224585,0.1484634997,0.1403395214,0.1317387657,0.1241977799,0.1162605998,0.1083780088,0.1015311939,0.09412978175,0.08861147225,0.08517344751,0.08431816397,0.09202664117,0.1068314371,0.1300703291,0.1549513851,0.1746762857,0.1841840074,0.1867142441,0.1867599797,0.1826174331,0.1793552626,0.1763883329,0.1750170789,0.1553693574,0.1312179032,0.1024488939,0.06885597443,0.03052890117,-0.0009059838169,-0.001111968337,0.03705598918,0.08001572911,0.101967486,0.1068958402,0.1017587408,0.08835186635,0.0683663846,0.04101546084,0.001649780106,-0.04864220785,-0.1059867826,-0.1757203691,-0.2318248718,-0.2347530649,-0.2293742541,-0.2241703388,-0.2200800998,-0.2145017925,-0.2096671915,-0.2041423639,-0.1973708825,-0.1903420855,-0.1817024324,-0.1720044138,-0.1610903134,-0.1486208632,-0.1348751636,-0.1198194656,-0.1037662724,-0.08630651882,-0.06822547086,-0.0496050355,-0.03048745348,-0.01162275651,0.007134725423,0.02529551949,0.04240916269,0.05887465363,0.07398648802,0.08789930814,0.1007932217,0.1122064626,0.1226571744,0.1320342243,0.1402585223,0.1477425796,0.154225046,0.1599219482,0.1650206253,0.1692002701,0.1728760814,0.1759664632,0.1784024515,0.1804214494,0.1818506035,0.1828197375,0.1834401001,0.1834323999,0.1831023842,0.1823664578,0.1811500375,0.1795984153,0.1775703345,0.17514501,0.1723889793,0.1690443838,0.1653465365,0.161198858,0.1564999998,0.1513711756,0.1456242446,0.1392987047,0.1324489949
4.1,-0.1437340731,-0.07486267584,-0.00627412164,0.05928635006,0.1111469824,0.1473678658,0.162462477,0.1592389064,0.1467146244,0.1124370557,0.07435127397,0.02820628765,-0.02962050581,-0.08461050523,-0.1460065826,-0.2043778106,-0.253189841,-0.2948903648,-0.3185279706,-0.3256104841,-0.3123857012,-0.2764989214,-0.2205069143,-0.1480582126,-0.07162133965,0.009359138858,0.07259221865,0.1182489472,0.1475001687,0.1596984522,0.1656932546,0.1668612729,0.1659264573,0.1603154179,0.1523634735,0.1415494805,0.1252210782,0.105096834,0.07720087467,0.04057362699,-0.003750950398,-0.06694003484,-0.1407726752,-0.2249638713,-0.3168960996,-0.3826705226,-0.422604312,-0.4128410151,-0.346003451,-0.2310017749,-0.09033077651,0.03211043194,0.1175445844,0.148664589,0.1622147844,0.1646875385,0.1618923057,0.1583801301,0.152719588,0.1466718974,0.1400980063,0.131985619,0.1235337818,0.1140633549,0.1037486987,0.09279896281,0.08151051321,0.07108614958,0.06255808966,0.06209333497,0.07202391093,0.0975435395,0.1353510532,0.1741438154,0.1979139962,0.2073324053,0.2115138569,0.2082559158,0.2061179293,0.2036282449,0.2021108885,0.1801307966,0.1554134367,0.1289192356,0.1021899314,0.07722767645,0.06844606747,0.0921437231,0.1364515265,0.1652128012,0.1694492367,0.1610773907,0.1453154082,0.1241257843,0.09928025347,0.0668545746,0.02100249419,-0.03268350857,-0.08718587631,-0.1437626717,-0.163882885,-0.1539009537,-0.1506732988,-0.1490024314,-0.1489353607,-0.150413622,-0.1521021206,-0.1538281811,-0.154751589,-0.1555019315,-0.1548481845,-0.153035595,-0.1499975671,-0.1450692188,-0.1386019734,-0.1303104189,-0.1202652537,-0.1082463075,-0.0945923721,-0.0794206663,-0.06275077478,-0.04520252598,-0.0267765068,-0.007999021724,0.01050870603,0.02899737709,0.04654574831,0.06312353678,0.07881233771,0.09292760543,0.1060004322,0.1178498055,0.1283094217,0.1378952529,0.1462427263,0.153610249,0.1602703987,0.1657296434,0.1705899056,0.174726245,0.1779842704,0.1808004721,0.1828213137,0.1842568441,0.1853382457,0.1855024337,0.1853435173,0.184679949,0.1832943782,0.181644588,0.1792660879,0.176357765,0.1731577381,0.1689398718,0.1643876747,0.159215384,0.1530534922,0.1465830044,0.1389892375,0.1305214953,0.121537935
4.2,-0.245424737,-0.2005006867,-0.1480373603,-0.0863760599,-0.01848625573,0.0417659895,0.09413833218,0.1294114505,0.1497406919,0.1465209502,0.1312449319,0.1038391365,0.05999752877,0.01334762583,-0.04620925176,-0.1103794111,-0.170477757,-0.2343809911,-0.2840824868,-0.3216526859,-0.3446555846,-0.3408048699,-0.3171415164,-0.2696546809,-0.2047413652,-0.119227781,-0.03199179884,0.04894913888,0.1187862901,0.161521555,0.1901130972,0.2046392735,0.2111650383,0.2107173987,0.206651417,0.1998882167,0.187791881,0.1732066084,0.1521670863,0.1242094531,0.09090043742,0.03867830868,-0.02663053867,-0.1103849372,-0.2176225633,-0.3168015913,-0.408493737,-0.4637457726,-0.4610318577,-0.4073576812,-0.297606849,-0.1669755878,-0.03955604119,0.04409823473,0.09724222463,0.1252369122,0.1351223239,0.1421738133,0.1415682143,0.1387125364,0.1357955625,0.1272694699,0.1192901973,0.1092240867,0.09603819119,0.08279870575,0.06631007776,0.04903148302,0.03143175634,0.01850590773,0.01498441923,0.02938892838,0.06947733993,0.1250423681,0.1760770091,0.2063074383,0.2219069807,0.2225069978,0.2224086076,0.22070414,0.2190643493,0.1947537014,0.1707850477,0.1494591734,0.1335725067,0.1261682977,0.1393663209,0.174118277,0.204248466,0.2100894721,0.200046999,0.1845732695,0.1638627661,0.1399954128,0.1150134007,0.08238234165,0.03685805258,-0.01037260655,-0.04949218572,-0.07623869525,-0.05141469889,-0.03101298823,-0.03058728998,-0.03267589996,-0.03636892735,-0.04413637997,-0.05154558109,-0.05969262427,-0.06783738349,-0.07580125196,-0.08308125275,-0.08944197432,-0.0947488451,-0.0985539587,-0.1007923635,-0.1011355262,-0.09955027356,-0.09560074898,-0.08950078458,-0.08115853631,-0.07032070811,-0.05775551669,-0.04306089858,-0.0268247099,-0.009900565256,0.008298884585,0.02622685475,0.04380443492,0.06111925324,0.07671823955,0.09151105427,0.105008741,0.1167807352,0.1277751827,0.1371843064,0.1454406406,0.1530087744,0.1589368966,0.1642855243,0.1687752489,0.1720565538,0.1750159203,0.1768600664,0.1779766555,0.1788251972,0.17827175,0.177478846,0.1760500582,0.1734904425,0.1708805846,0.1671020138,0.1625948098,0.157904833,0.1514643354,0.1447702292,0.1371872739,0.1279338796,0.1186424661,0.1075134424,0.09520905938,0.08252064704
4.3,-0.2771089781,-0.2715249876,-0.2536207819,-0.2209341072,-0.1711564354,-0.1172782269,-0.05466612033,0.005504381664,0.05712655357,0.09700021638,0.1208145544,0.1309213051,0.1232189432,0.1051760595,0.07074033119,0.02366358751,-0.02824305299,-0.09616220136,-0.1598637317,-0.2202572009,-0.2759627432,-0.3078634483,-0.3252842843,-0.3191605181,-0.2897642448,-0.2351490183,-0.1627422282,-0.0805402538,0.008951304005,0.08147053052,0.1425884278,0.1846661082,0.2089067467,0.2231251682,0.2281011023,0.2290470777,0.2250961209,0.218511809,0.2078690405,0.1928313239,0.1755836528,0.1443831146,0.102640933,0.04124477486,-0.0531128032,-0.1622831602,-0.2871680042,-0.3975761985,-0.4609686579,-0.4798397456,-0.4304555899,-0.3373117707,-0.2206792275,-0.1093039023,-0.02175217234,0.03877321912,0.07040933194,0.09464442046,0.1041031992,0.1078838264,0.1117187374,0.1051020652,0.09999636009,0.09176543924,0.07818818203,0.06529607253,0.04637269038,0.02492336622,0.000272005479,-0.02518076108,-0.0465278873,-0.05535437797,-0.03343115921,0.01457410541,0.08337797586,0.1428295031,0.1827420966,0.2011723687,0.2098446546,0.2123238642,0.21111859,0.1825354667,0.1627020338,0.1518731651,0.1515091953,0.1631066607,0.1899001579,0.2187910833,0.2298821258,0.2222368659,0.2059144544,0.1881319023,0.1664312457,0.143504512,0.1220819411,0.09461526614,0.0579896707,0.02693741026,0.01059599068,0.01397612779,0.06129109777,0.08016158526,0.07736008081,0.07242995488,0.06656976228,0.05611925808,0.04624443108,0.0352287104,0.02334472784,0.01154967566,-0.000596185077,-0.01245256401,-0.02373606968,-0.0345353591,-0.04416377792,-0.05240134902,-0.05920017375,-0.06371798586,-0.06622897356,-0.06630442428,-0.06329096471,-0.05817739517,-0.04983045301,-0.03880305819,-0.02611915658,-0.01036294588,0.006072637857,0.02325172097,0.04149907179,0.05783181977,0.07405731844,0.08896543941,0.1014857954,0.1136670311,0.1235950946,0.1321805454,0.1402990744,0.1460468006,0.1514372235,0.1558342213,0.1585322216,0.1612664019,0.1623975135,0.1626519925,0.1628571412,0.1609331497,0.1589816843,0.1562280419,0.1517561528,0.1476192037,0.1416680575,0.1347354735,0.1277684791,0.1180762886,0.1082600253,0.09721535175,0.08382266564,0.07072452323,0.05525732613,0.03861931877,0.02186379459
4.4,-0.2252823492,-0.260140066,-0.2808922087,-0.2854010884,-0.268908228,-0.2404218608,-0.1942029191,-0.138226192,-0.08055295035,-0.0169560949,0.03713460938,0.08337375514,0.1179965845,0.1381637029,0.1447102056,0.1356689664,0.1155192521,0.07100031508,0.01664387389,-0.04757629649,-0.121961943,-0.1831728796,-0.2397240512,-0.2786828726,-0.2937069035,-0.2870977804,-0.2539713692,-0.2018112007,-0.130658417,-0.05560893434,0.02093139143,0.08816489016,0.1364244688,0.1761628303,0.1996413782,0.2154325421,0.2264905745,0.2304376618,0.2328907402,0.2323094575,0.230078763,0.222458712,0.2089470429,0.1842782125,0.1343484498,0.05170677873,-0.0708078988,-0.2129404195,-0.3336268618,-0.423929773,-0.4473381277,-0.4155399036,-0.3454448225,-0.2452509805,-0.1520910451,-0.07296103522,-0.01980755545,0.02194659032,0.04543935524,0.05939067568,0.07177204165,0.07080480142,0.07071389131,0.06672094892,0.05599028078,0.04590435681,0.02821657978,0.006416449872,-0.02036839751,-0.0543407904,-0.09047743807,-0.1238320722,-0.1338414938,-0.1177910019,-0.06466091912,0.0009429181907,0.05724961731,0.09800967562,0.1211040674,0.1323862854,0.1326556354,0.1144017247,0.1123352801,0.1219131526,0.1417814369,0.1703062328,0.2032680321,0.2270379993,0.2333856926,0.2166828952,0.1933034792,0.1746385185,0.1546905315,0.1368847481,0.124132411,0.1071578414,0.08415883218,0.06976064706,0.06816404782,0.0800456312,0.1169052142,0.1279093241,0.1246534322,0.1201812651,0.1155896578,0.1070975351,0.09914641594,0.08998586416,0.07922820473,0.06859667393,0.05657889917,0.0441008238,0.03165148699,0.01827419536,0.005402402634,-0.007072593135,-0.01921106989,-0.02968433863,-0.03903783547,-0.04645762028,-0.05094784173,-0.05360151968,-0.05254488547,-0.04813931397,-0.04128891928,-0.02961709781,-0.01598049309,5.759957744e-05,0.01940593562,0.03704916627,0.05606112785,0.07386145081,0.08764196091,0.1017572903,0.1117226703,0.1198175175,0.1280579396,0.1326803192,0.1377637009,0.1418763723,0.1436156437,0.1463029469,0.1466183663,0.145910092,0.1456204861,0.1419559535,0.1386668989,0.1342430751,0.1270905533,0.120810054,0.1116089449,0.1010179868,0.09042892091,0.07600041895,0.06161300784,0.04574833038,0.02744941528,0.00977202063,-0.00989170136,-0.03002485443,-0.04983811081
4.5,-0.1001906117,-0.164622551,-0.2173693257,-0.2565294984,-0.2760544543,-0.279834076,-0.2631877387,-0.2303116795,-0.1888722309,-0.1298845419,-0.07142921674,-0.01222670041,0.04605056726,0.09169533317,0.1311292031,0.1585112473,0.1751043675,0.1725095072,0.1538402999,0.1174373985,0.05624433314,-0.0106498555,-0.0888025577,-0.1624896377,-0.2172552546,-0.2604825552,-0.2740155924,-0.2649512518,-0.2333738251,-0.1805335213,-0.1161543053,-0.04630412865,0.01468379384,0.0753110178,0.1198971664,0.1548614534,0.1861260517,0.2036245942,0.2209313223,0.2343823953,0.2433281676,0.2532259201,0.2587749868,0.2625727002,0.2611963418,0.2361318749,0.1763128294,0.05931395161,-0.08821859331,-0.2344153773,-0.3314687649,-0.3711824976,-0.3661388992,-0.3050465082,-0.2347912114,-0.1612795356,-0.09919185638,-0.04886708065,-0.01300940022,0.01166164122,0.03239779869,0.04034678396,0.04706886143,0.04959515228,0.04513914161,0.04040129365,0.02798632387,0.01042011204,-0.01263630437,-0.04784821455,-0.09033760903,-0.1397752703,-0.1799114668,-0.2008337463,-0.1836967854,-0.140599927,-0.09319874439,-0.04705606596,-0.01700714419,0.0005831668632,0.002469999023,0.01069960048,0.03477933763,0.06800590513,0.1078708825,0.1521277376,0.1956657143,0.2334194432,0.2285305387,0.1818286339,0.1527184664,0.1405578234,0.1286111749,0.1217605577,0.1225562605,0.1178032805,0.1039960636,0.09413415041,0.09026841977,0.09481895462,0.1198735248,0.1281055581,0.1275443385,0.1258637345,0.1244362577,0.1193286353,0.1147925239,0.109121257,0.101356005,0.09411164693,0.08480016466,0.07463627008,0.06432846276,0.05190913297,0.03955005083,0.02661614081,0.0128520932,-0.0001236898505,-0.01323623842,-0.0254041851,-0.03566594807,-0.04479089499,-0.05075992625,-0.05358306665,-0.05337536811,-0.04785642514,-0.03868720435,-0.02496708063,-0.005382604666,0.01571212311,0.04153601776,0.06925978934,0.09399666383,0.121161817,0.1406579643,0.1538723206,0.1648371666,0.1624236897,0.1613759763,0.1593502806,0.1541683961,0.1537542622,0.1498232393,0.1451239894,0.1418691142,0.1330357832,0.1251956698,0.1155399774,0.1020070484,0.08969215355,0.07363938226,0.05622675654,0.03883430436,0.0181414602,-0.002103106711,-0.02310600128,-0.04489058006,-0.06584119337,-0.08678166344,-0.1068171331,-0.1260283573
4.6,0.05930132372,-0.009535532653,-0.07540515334,-0.1361580861,-0.185995923,-0.2193227624,-0.2359992132,-0.2348958721,-0.2205714602,-0.1861552193,-0.1443287469,-0.09582374278,-0.04077559167,0.00800483466,0.05646427763,0.09835270064,0.1318258922,0.1576613327,0.1713579947,0.1725279434,0.1533702342,0.1150913526,0.05449667606,-0.02097090901,-0.09397191041,-0.1696779981,-0.2223287412,-0.25447838,-0.2659834121,-0.2468176592,-0.2109665024,-0.1593105133,-0.1042189581,-0.04156075364,0.01293040885,0.06048369822,0.1068463284,0.137493988,0.1679074626,0.1932438386,0.2109554385,0.2308855125,0.2446706424,0.2580591473,0.2746979091,0.2840672067,0.2881205688,0.2578425179,0.1760754164,0.03795354406,-0.1087858212,-0.21489456,-0.278875669,-0.2732493271,-0.2441704072,-0.1958053819,-0.1409646833,-0.09347531346,-0.05162689948,-0.01894564138,0.009118498435,0.02742486301,0.04278062863,0.05417913008,0.0589680186,0.06268396694,0.05933085558,0.05057289276,0.03665040519,0.008166607427,-0.03086202217,-0.08465659368,-0.1447138199,-0.1971783518,-0.2200998064,-0.2120822379,-0.1898254501,-0.1554327394,-0.1304590399,-0.1136488075,-0.1109683261,-0.07649221987,-0.03054187713,0.02140055903,0.07760078413,0.1385022578,0.2032595927,0.2480224188,0.1580160023,0.08298329592,0.06691989877,0.0743022112,0.07928508097,0.08883351347,0.1048231641,0.1092969301,0.0955667745,0.08065047949,0.07318884876,0.08252901264,0.1147326904,0.123973721,0.1265354516,0.1274158764,0.1284737037,0.1256704893,0.1233498073,0.1198877364,0.1140025205,0.1089551697,0.1015081311,0.09312187577,0.08461358805,0.07342749852,0.06210836171,0.0495892458,0.03556521446,0.02132694454,0.005904169438,-0.009720163838,-0.02526978203,-0.04047635525,-0.05445391927,-0.06679315903,-0.07616235624,-0.08268715774,-0.08469106534,-0.08154591262,-0.0733533191,-0.05823171151,-0.03719625372,-0.01014193013,0.02201242152,0.05765074767,0.09380951583,0.1286476065,0.1620395477,0.1860104283,0.204360546,0.2131768531,0.2081533913,0.1998066499,0.1817233395,0.1612380541,0.1431087625,0.119700845,0.09896362796,0.07751875441,0.05408029499,0.03197601955,0.008304914143,-0.01520398955,-0.03829438794,-0.0612624499,-0.08331403253,-0.1044148533,-0.1235747377,-0.1420056528,-0.1579349675,-0.1718331016,-0.1846205093
4.7,0.1794207878,0.1416920827,0.09420773165,0.03756681117,-0.02488141769,-0.07632583031,-0.120977273,-0.151213569,-0.1663517773,-0.1652115183,-0.1508228707,-0.1265962974,-0.09237166921,-0.05670732307,-0.01770671361,0.02011146589,0.0521499973,0.08377297995,0.1075721597,0.1262970999,0.1397285903,0.1369783899,0.119631706,0.08084600315,0.02596582849,-0.04633758899,-0.1151466744,-0.1734508588,-0.218783989,-0.2335631379,-0.2309441175,-0.208148115,-0.1721624125,-0.1252963276,-0.0769312087,-0.03069128644,0.01655437722,0.05292777497,0.08857448726,0.1198746659,0.143060547,0.1682260922,0.1863904881,0.2023669499,0.2203559178,0.2307700405,0.2467207345,0.2651998465,0.262989473,0.2154458183,0.1113285069,-0.0102668677,-0.1181521506,-0.1672404966,-0.1837109631,-0.1703454254,-0.1359180888,-0.101222418,-0.06255212727,-0.02801750364,0.003191535701,0.02993006511,0.05320576577,0.07361522906,0.08921338028,0.102990355,0.1115055961,0.1152092831,0.114437704,0.1001579284,0.07438883928,0.0299693841,-0.03406061247,-0.1056048318,-0.1633247927,-0.1928871295,-0.2026437838,-0.1899516092,-0.1781829378,-0.1677449157,-0.1651905218,-0.1118040447,-0.05293407679,0.009019965181,0.07401891662,0.1463899354,0.2278711936,0.1376889379,-0.03048738574,-0.08485430982,-0.06988327001,-0.03887129537,-0.01513059429,0.00800672599,0.03017854491,0.03499436994,0.02190464783,0.01416948501,0.02498756175,0.06543963289,0.1208359011,0.1317979578,0.1365506465,0.1387492001,0.1406706461,0.1386297958,0.1367640784,0.1336177186,0.127969339,0.1228496289,0.1152577565,0.1066032502,0.09746973471,0.08568644249,0.07331860234,0.05931369379,0.04369189726,0.02656723322,0.007771596132,-0.01226620959,-0.03434841427,-0.05665227156,-0.08041982044,-0.1048096371,-0.1272427658,-0.15118626,-0.1715129559,-0.1886492202,-0.2048704244,-0.2116365777,-0.2155441721,-0.2131453237,-0.1991087244,-0.1836521481,-0.1555176324,-0.1183265229,-0.07842825908,-0.02740152014,0.01518802192,0.04837320802,0.07111560084,0.080444195,0.08066252409,0.07209033783,0.05638326903,0.03530897603,0.01188127551,-0.01236304222,-0.03571410839,-0.05953022847,-0.08130436108,-0.1015154243,-0.121258571,-0.1373418372,-0.1526874144,-0.165868367,-0.1754623492,-0.1847778489,-0.1903545928,-0.1937290499,-0.1960639844
4.8,0.2030281508,0.205763203,0.1972203073,0.1745150761,0.1322390838,0.08668978209,0.0326060511,-0.01714936142,-0.05526003125,-0.08473269257,-0.09853709222,-0.1014596046,-0.09311909675,-0.07721673791,-0.0553728642,-0.030011427,-0.006828621497,0.0207608585,0.04383458151,0.0651114221,0.08799046357,0.1014085448,0.1134869892,0.1148372444,0.09963687282,0.06512834965,0.01358185473,-0.04436995261,-0.1046746031,-0.1441017782,-0.171003278,-0.1790453758,-0.1679204289,-0.147209191,-0.1166495775,-0.08379473329,-0.04903333193,-0.01708594012,0.01368648836,0.04262244638,0.06578296859,0.09124718361,0.1116267987,0.1299028538,0.151705774,0.1643896387,0.1811246698,0.197638877,0.207945844,0.2250201515,0.20389072,0.138739143,0.04903651845,-0.02846499261,-0.07785920664,-0.09827692982,-0.09110334482,-0.07662358002,-0.0510749671,-0.02372599334,0.002007725372,0.03038930438,0.05570467685,0.08039367736,0.1046282231,0.1265292837,0.1476916665,0.1662531499,0.1818073527,0.1883016352,0.184175184,0.1628613147,0.1151914504,0.0465109193,-0.03024706981,-0.09064981809,-0.1308794213,-0.1443140706,-0.1496381096,-0.1489634644,-0.1474932395,-0.08637161989,-0.02754926136,0.03014959244,0.08813473946,0.1497957981,0.1453463893,-0.1349538545,-0.2688825963,-0.2683490518,-0.2247374608,-0.1811639729,-0.1499378673,-0.1274320067,-0.1161736236,-0.1196734495,-0.1240942792,-0.1099708352,-0.06726059163,0.01970768351,0.1282629259,0.1501371799,0.1632526033,0.1692494193,0.1714068361,0.1673417801,0.1624661691,0.1558772557,0.1471614219,0.1382041666,0.1272304506,0.1152154549,0.1021220649,0.08707810162,0.07082818951,0.05283245672,0.03363355532,0.01181441714,-0.01143948138,-0.03644732154,-0.0647546179,-0.09341027032,-0.1253492223,-0.1594428873,-0.1928980314,-0.2308466019,-0.2669324199,-0.3023436156,-0.3400091439,-0.3695013592,-0.3990203857,-0.4240238375,-0.4377324421,-0.4515735489,-0.4512974506,-0.4406289007,-0.4262756118,-0.3918657356,-0.3587569827,-0.3226571464,-0.2780517519,-0.241275271,-0.2010195759,-0.1686353729,-0.1508569026,-0.1375080581,-0.1360462849,-0.1398149566,-0.1443496811,-0.1540132308,-0.161208544,-0.1676995264,-0.1747041225,-0.1772442482,-0.1798437415,-0.1803282305,-0.1775073679,-0.174857314,-0.1690123765,-0.1617284114,-0.1537276884
4.9,0.1570876242,0.1746992652,0.186972161,0.1931637486,0.1864869674,0.1681836864,0.1348367698,0.09213679232,0.04991378427,0.005372335819,-0.02718679337,-0.05035746057,-0.0632399815,-0.06458116991,-0.05880879688,-0.04664929659,-0.03325753769,-0.01379066032,0.00441833005,0.02275542317,0.04472189451,0.06109926101,0.08047069567,0.09790223723,0.1085451993,0.1128517236,0.09946845202,0.07131767386,0.02637014601,-0.01748857678,-0.0597306711,-0.09095495994,-0.1031441263,-0.1099372696,-0.10215967,-0.08889141983,-0.07346822915,-0.05322187272,-0.03409028355,-0.01400738014,0.004002399153,0.02432537325,0.04281767246,0.0603618874,0.0825511431,0.09805599058,0.1182359417,0.1390387539,0.152640967,0.1755118092,0.1862376006,0.1797247118,0.1487652591,0.08555795142,0.03022062764,-0.01140176518,-0.03045839817,-0.03859198556,-0.0332285977,-0.02132766562,-0.009491473467,0.01122483943,0.03007718411,0.05098224933,0.07675051559,0.1009390955,0.130783044,0.1627529389,0.1960776115,0.2291253475,0.2543355672,0.2653830373,0.2502957594,0.2098131325,0.140848413,0.06738063104,0.006808729194,-0.03170116819,-0.05436947325,-0.06495989609,-0.06547910258,-0.01346035494,0.02731622822,0.06119457817,0.08867509777,0.09527444098,-0.09588066261,-0.4102365937,-0.4556247264,-0.4023044953,-0.3441822579,-0.3040823841,-0.28031116,-0.2719751073,-0.2809102482,-0.294866202,-0.2914086047,-0.2623978619,-0.203287924,-0.09423562855,0.04300250837,0.07510537812,0.1081919233,0.1329936983,0.1492681363,0.1580253998,0.1590811189,0.1544085308,0.1449051568,0.1321223001,0.116982546,0.1004829514,0.08274717928,0.06376781489,0.04370039913,0.02245705297,0.0005387243921,-0.02370799019,-0.04890123006,-0.07565066287,-0.1052789178,-0.1355883713,-0.1691904911,-0.205335617,-0.242250796,-0.2840735086,-0.3261647282,-0.36964602,-0.4167871837,-0.4593665812,-0.5036435904,-0.5456907118,-0.5795436538,-0.6136965903,-0.6359971031,-0.6489826338,-0.6577849546,-0.6463660782,-0.6317647191,-0.60849602,-0.5693899455,-0.5305724234,-0.4786933624,-0.4249545875,-0.3791492561,-0.3301148068,-0.2937979779,-0.2646936522,-0.2394167257,-0.2240853597,-0.2094005645,-0.196998382,-0.1869361231,-0.1747180541,-0.1636540416,-0.1517407329,-0.1385641949,-0.1259264829,-0.1122391448,-0.0986051332,-0.08486529101
5,0.102470561,0.1150134554,0.1236115062,0.1311685252,0.1378004946,0.1369085196,0.1295332586,0.1115326832,0.0864915275,0.05202815627,0.01937900004,-0.009548042394,-0.03268612517,-0.04398438491,-0.04852024384,-0.04566842448,-0.03928933879,-0.02770781421,-0.01547007231,-0.002637055115,0.01311858086,0.02592857791,0.04119863752,0.05665306677,0.06988409301,0.08543264175,0.09495409633,0.0974658478,0.0875135524,0.06578118002,0.03589344252,0.004299162315,-0.01754442893,-0.03949853045,-0.04961582039,-0.05393432175,-0.05629134969,-0.05003391611,-0.04410347798,-0.03548683222,-0.02581103689,-0.01438422548,-0.002176474972,0.01010785992,0.0263925923,0.03956233726,0.05667447927,0.07547020006,0.09028429367,0.1125861228,0.1288650204,0.1409922394,0.1479603733,0.1217083092,0.08703088753,0.04670774127,0.01379282408,-0.0105383063,-0.02440051393,-0.03002900197,-0.03456824585,-0.02758932503,-0.02099675955,-0.01068984356,0.007613728761,0.02557121555,0.0535527109,0.08832177173,0.1303967242,0.1851277392,0.2424575267,0.2933116507,0.3160916729,0.3135328081,0.2785242831,0.2209640219,0.1610112397,0.1076318026,0.07239953004,0.05187251475,0.04887024041,0.07184693117,0.07779373263,0.0725617317,0.05197261261,-0.02923959263,-0.3584443194,-0.5865354857,-0.5390226042,-0.4483312433,-0.3925508765,-0.3693100074,-0.3632314904,-0.3746506703,-0.4028019185,-0.4259029321,-0.4215089858,-0.3925253056,-0.3426350385,-0.2627676965,-0.1837786318,-0.1612818144,-0.1221905,-0.08443194368,-0.05287421667,-0.02137158028,-0.0007100540734,0.01337924665,0.02045767198,0.02079263027,0.01625692164,0.0076646724,-0.00322177346,-0.01736253928,-0.03267092518,-0.04922251933,-0.06726345657,-0.08620526691,-0.1065103376,-0.128101472,-0.1510661544,-0.1759431759,-0.2027992866,-0.2319684761,-0.2634907161,-0.2983456422,-0.3358198983,-0.3762378421,-0.4204816502,-0.4652812897,-0.5128199205,-0.5610396264,-0.6060578965,-0.6514722044,-0.6897387183,-0.721474829,-0.7494949333,-0.7612855567,-0.7671248454,-0.7618896226,-0.7386186391,-0.710695127,-0.665702568,-0.6119583545,-0.5584087817,-0.4926125609,-0.4333641292,-0.3772518225,-0.3229287243,-0.2806032786,-0.2413786532,-0.2080953843,-0.180509059,-0.1547559951,-0.1326641275,-0.1123141247,-0.09358208836,-0.0768649077,-0.06166157384,-0.04828020858,-0.03604076024
5.1,0.06983767466,0.07369764774,0.07438612127,0.07434430892,0.07452194739,0.07203975838,0.06947277271,0.06408523892,0.05532472551,0.04024569484,0.02198696111,0.002227637614,-0.01732695364,-0.02970259237,-0.03748333378,-0.03881382245,-0.03660596085,-0.0299514679,-0.02293960798,-0.01591624735,-0.007321013942,-0.001529520328,0.005514011819,0.01227974385,0.01782737638,0.02577696698,0.03320881556,0.04164586584,0.04957890953,0.05316486114,0.05148238919,0.04449075443,0.03805888113,0.02618228011,0.01607480992,0.005815233875,-0.005236587092,-0.01017260172,-0.01487514861,-0.01699744025,-0.01706243976,-0.01606359059,-0.0134987049,-0.01043625519,-0.00481921354,0.0001572969386,0.007832319428,0.01738097648,0.02636082756,0.04070229244,0.05407330053,0.06749508014,0.08162855695,0.0808004295,0.07083118858,0.04823718556,0.01984485753,-0.007321963857,-0.03071607895,-0.04833276407,-0.06506050279,-0.07219159215,-0.07898379281,-0.08228251016,-0.07833291721,-0.0739247471,-0.06002162722,-0.03825786334,-0.006167935268,0.04721322708,0.1191197399,0.2065180357,0.2736638114,0.3037587677,0.3003640343,0.2737749973,0.237172824,0.1905159015,0.1562151578,0.133032865,0.1282704005,0.1155475008,0.08760347369,0.04752338302,-0.01576102327,-0.1736086902,-0.5400618091,-0.6336926464,-0.5050946193,-0.4006774152,-0.3647297271,-0.3667966642,-0.3823481485,-0.4120124361,-0.4524121134,-0.480535157,-0.4798289962,-0.4617263868,-0.4396539118,-0.4224264552,-0.4393754137,-0.4367046323,-0.4147408882,-0.3877522373,-0.3605562311,-0.3239775273,-0.2919476601,-0.2605599886,-0.2322137608,-0.209107649,-0.1909029968,-0.1783726523,-0.1689898307,-0.1657490657,-0.1645197956,-0.165761715,-0.170674045,-0.1754734641,-0.1831493439,-0.1923782168,-0.2016618165,-0.2145947981,-0.2279473032,-0.2431674755,-0.2620346855,-0.2816737366,-0.3056904033,-0.3333013958,-0.3636864709,-0.3998189349,-0.4390055923,-0.4819130225,-0.527842418,-0.5744600599,-0.6206791747,-0.6647958251,-0.7067507566,-0.7398668994,-0.7657633728,-0.7806595292,-0.7789477644,-0.7698308308,-0.7439615653,-0.7060984964,-0.6632340246,-0.6025424258,-0.5417642645,-0.4781964381,-0.4100697119,-0.3523553801,-0.2955217293,-0.2454967297,-0.2047026798,-0.1672334713,-0.1377223524,-0.1130501833,-0.09200333477,-0.0766016765,-0.06397247422,-0.05462986517,-0.04819102031
5.2,0.06875685992,0.06555755575,0.05970579507,0.0531379664,0.04542943348,0.03766688396,0.02944744378,0.02124004232,0.0140042845,0.005342677343,-0.003081770031,-0.01245388068,-0.02222782404,-0.02935041325,-0.03397011152,-0.03433802003,-0.03331905541,-0.02790350996,-0.02400231924,-0.02110841536,-0.01751169996,-0.01877917731,-0.01947299244,-0.02171983934,-0.02528243272,-0.02793803221,-0.0303204227,-0.03027292482,-0.02844067245,-0.02025117053,-0.009118804218,0.005637674436,0.02581221289,0.04313847909,0.05798859712,0.06285283231,0.05889092036,0.04998206761,0.04015245874,0.03066273485,0.02137802519,0.01289047718,0.004677813121,-0.003076941109,-0.009639534186,-0.01585503499,-0.02027495048,-0.02317793076,-0.0236443276,-0.02088901902,-0.01447302405,-0.004726199551,0.006448131428,0.01576459901,0.01882790655,0.0128578337,-0.002007644519,-0.02239677242,-0.0449227259,-0.06670818158,-0.0889530341,-0.1071498637,-0.1251493517,-0.1413816206,-0.1544259497,-0.1660580255,-0.1728215323,-0.1738730729,-0.1654536039,-0.137034759,-0.08066673762,0.01473101167,0.127720077,0.2013741021,0.2182498957,0.2112232318,0.1969613049,0.1671484111,0.1440851272,0.1262075058,0.1213211301,0.09134195342,0.04952250587,-0.005566449986,-0.09093830582,-0.2956895863,-0.618932906,-0.554589227,-0.3731797282,-0.2890759648,-0.2853324255,-0.3107931291,-0.343221427,-0.3824581275,-0.4233899279,-0.4500982317,-0.4557830462,-0.4564614515,-0.4725313883,-0.5240000134,-0.6206748846,-0.6348855215,-0.6338188502,-0.6243980003,-0.6104365212,-0.5833767244,-0.554986806,-0.5222383733,-0.4869808331,-0.452510921,-0.4190183869,-0.3888191928,-0.36040045,-0.3375192058,-0.3166965473,-0.2988455117,-0.2858656744,-0.2725407255,-0.2632718698,-0.2559945288,-0.24826844,-0.245305487,-0.2417827249,-0.2396572877,-0.2415491929,-0.2419211501,-0.2469555755,-0.2549336478,-0.263508824,-0.2808372103,-0.3002747385,-0.325276207,-0.3592818606,-0.3942931708,-0.4371582228,-0.4840853679,-0.5316036611,-0.5814740589,-0.6243522708,-0.6587090741,-0.6815457511,-0.6955693341,-0.6971770035,-0.6867927359,-0.6682202783,-0.631845613,-0.5903790821,-0.5422561866,-0.4850430555,-0.4337292243,-0.3792159095,-0.3287112241,-0.2873364521,-0.2470592134,-0.2166811164,-0.1921354158,-0.1710741828,-0.1583551706,-0.1478965562,-0.1411047185,-0.1382200536
5.3,0.091469122,0.08766277998,0.07926528131,0.0691119266,0.05605633013,0.04421575635,0.03045744389,0.01674263991,0.004850708601,-0.008229327505,-0.018579067,-0.02791029792,-0.03510511631,-0.03969396057,-0.04117257779,-0.0388059665,-0.0364364154,-0.02884836539,-0.02443648366,-0.0219474213,-0.01919002044,-0.02417678303,-0.02917366488,-0.03736232317,-0.04819152889,-0.0596197033,-0.07208906117,-0.08314864294,-0.09420995925,-0.09699684364,-0.09487559082,-0.08288369954,-0.05453987305,-0.01858580004,0.02778598494,0.06745772706,0.09277038889,0.09552336455,0.09007773943,0.08001585813,0.06570442451,0.05233991763,0.03641551173,0.02054025144,0.004894047568,-0.01080829315,-0.02522401029,-0.03884714587,-0.04822766777,-0.05628062141,-0.05754592637,-0.05288798899,-0.04630816815,-0.03231087653,-0.02342654771,-0.01947793124,-0.02265381753,-0.03431277149,-0.05092678257,-0.07131869465,-0.09315043778,-0.1177094338,-0.1423739262,-0.1675503776,-0.1948067956,-0.2197106081,-0.2458620987,-0.2698992821,-0.2879963859,-0.2937322106,-0.2726044641,-0.2050297663,-0.07460436395,0.05647369784,0.1085674684,0.1155119159,0.1118168002,0.09300098924,0.078861288,0.06683735163,0.06266823991,0.03289627265,-0.008239638181,-0.06482115922,-0.1589038743,-0.3847451554,-0.5907703077,-0.370337635,-0.1991658045,-0.1709290932,-0.1937218575,-0.2271940587,-0.2630941043,-0.2985435894,-0.3275778369,-0.3469155835,-0.3617093776,-0.3876896996,-0.4439153682,-0.5493781703,-0.6930973393,-0.7177201493,-0.7346978873,-0.7423696639,-0.7429769075,-0.7304009453,-0.7121772751,-0.6867533194,-0.6548547774,-0.6201656392,-0.5825143837,-0.5447505425,-0.5067977893,-0.471098178,-0.4365756033,-0.4041751789,-0.3757431486,-0.3472144258,-0.3225045475,-0.2998287077,-0.2770585952,-0.2586903508,-0.2398090664,-0.2220435711,-0.2074425493,-0.1908167487,-0.1774534262,-0.1653933184,-0.1519827286,-0.1453441124,-0.1384068428,-0.1350499518,-0.1412120182,-0.1478516607,-0.1682923844,-0.2000639527,-0.2374938874,-0.293134619,-0.3452666314,-0.3950108703,-0.4429706006,-0.4825417607,-0.5182185573,-0.5448208736,-0.5613738986,-0.5652667221,-0.5600315444,-0.546303904,-0.5223221351,-0.4976279054,-0.4668268214,-0.4353674598,-0.4084094441,-0.3786885153,-0.3555982923,-0.3357970795,-0.3171639466,-0.3053803622,-0.2942073239,-0.2856387216,-0.2802840847
5.4,0.09688206623,0.1113071899,0.113752458,0.1084592671,0.09670371466,0.08446197164,0.06897539105,0.05243016251,0.03687188755,0.01839189993,0.002096304561,-0.01347824618,-0.02716277712,-0.03654428437,-0.04197199019,-0.04196557281,-0.040033519,-0.03139647486,-0.02463178105,-0.01959246348,-0.01388729499,-0.01787165507,-0.02244328063,-0.03156398983,-0.0457994035,-0.06151211806,-0.08131086787,-0.102127404,-0.1252399989,-0.1444183,-0.1607302549,-0.168980004,-0.1577867603,-0.1327370085,-0.08032283747,-0.01480499638,0.04726295007,0.08649779223,0.1014032724,0.1015808414,0.09094029479,0.08001542974,0.06370489634,0.04635878833,0.02872236625,0.009115841019,-0.00955965955,-0.02851602807,-0.04396976987,-0.05883411098,-0.066804182,-0.06752375098,-0.06501242201,-0.04948688412,-0.03721218925,-0.02724889495,-0.02261341796,-0.02689372533,-0.03666107503,-0.05242599496,-0.06971195118,-0.0945053513,-0.1196621797,-0.1471917443,-0.1810580099,-0.2126467446,-0.2509384848,-0.2914330438,-0.3312535084,-0.3695926236,-0.3899930981,-0.3720319003,-0.269934335,-0.1046406396,0.004703933776,0.0351983707,0.04122199369,0.03071106558,0.02140428994,0.01268763894,0.009134395264,-0.01951348902,-0.05879858141,-0.1143335494,-0.2114239906,-0.4213358708,-0.4496505102,-0.1491106712,-0.0816074113,-0.1006933025,-0.1253457808,-0.147833245,-0.1721279906,-0.1921168866,-0.202580297,-0.2135194685,-0.2398434487,-0.289184173,-0.3699499199,-0.4931592412,-0.6395611665,-0.665997699,-0.6956251195,-0.7173444013,-0.7313348929,-0.734929618,-0.7301131159,-0.7171168165,-0.6954236974,-0.6686914413,-0.6361335042,-0.6005181981,-0.5632695164,-0.5243810851,-0.4857311761,-0.4478303777,-0.4116944518,-0.3761864697,-0.3431179241,-0.3117923078,-0.2814870366,-0.2540139259,-0.2272496159,-0.2018917922,-0.1783572961,-0.1550402947,-0.133354008,-0.1123670328,-0.09138434564,-0.07251896959,-0.0536486885,-0.03583486279,-0.02092596676,-0.007657931226,-0.0006665959501,-0.0006246997404,-0.006508360162,-0.02715383237,-0.05479066199,-0.09280427698,-0.1457183024,-0.2034753387,-0.2702491272,-0.3355039206,-0.3925407774,-0.4431905073,-0.4822414635,-0.5112015758,-0.5289263148,-0.5386892511,-0.539065538,-0.533260104,-0.5251505618,-0.5102666969,-0.4961287087,-0.4811418754,-0.4646585273,-0.4507186816,-0.435974386,-0.4222304884,-0.4098473851
5.5,0.03565364836,0.08316137334,0.117281792,0.1361133322,0.1413593922,0.1368205605,0.1270197372,0.1137065344,0.09893152663,0.07974090952,0.0600793967,0.03951877752,0.01795328588,0.000653856689,-0.01409012546,-0.02290602178,-0.02635463145,-0.02240862642,-0.01584638808,-0.009129613914,-0.000232652165,-0.0004390377256,-0.001401296804,-0.0071005939,-0.02034436997,-0.03469057081,-0.05649772883,-0.08199943066,-0.111377123,-0.1444465741,-0.1779183398,-0.2094882149,-0.2269624018,-0.2317629345,-0.2040138856,-0.1461858276,-0.07203707413,0.009857330511,0.06116223157,0.08559595283,0.08917671509,0.08695554754,0.07754067089,0.06522835557,0.05255238829,0.03510569747,0.01839576137,0.0003000794219,-0.01747384233,-0.03401940327,-0.0467029224,-0.05226383161,-0.052554197,-0.03740048992,-0.02181065171,-0.007238325615,0.002977923517,0.003885402519,-0.00014366905,-0.01038171745,-0.02192118299,-0.04188806882,-0.06238365681,-0.08579802757,-0.1172977311,-0.1474472947,-0.1875870194,-0.2340511369,-0.2854944479,-0.3477556947,-0.4059456021,-0.4443698715,-0.4052668207,-0.2571618235,-0.09449204054,-0.02892451533,-0.01049667955,-0.01218085064,-0.01769703511,-0.02406780388,-0.02705720802,-0.05617682657,-0.09370793371,-0.145383441,-0.2341497896,-0.3834123035,-0.2412118863,-0.04802960823,-0.06226966268,-0.08260238593,-0.09262940574,-0.09853842943,-0.1070409345,-0.1118686644,-0.1113688551,-0.1209453392,-0.1529369445,-0.2052651283,-0.2766945137,-0.3680248796,-0.4635424231,-0.4818631309,-0.5162143124,-0.5468254755,-0.5715449201,-0.5913144258,-0.6019237097,-0.6052495924,-0.5993811831,-0.5877852372,-0.5687100014,-0.5444974208,-0.5180114004,-0.4862559942,-0.4541601075,-0.421412673,-0.3877261014,-0.3557279415,-0.3241320587,-0.2937678659,-0.2656867615,-0.2382798086,-0.21317673,-0.1898877028,-0.1672571526,-0.1478586675,-0.1291029109,-0.1116975329,-0.09715937444,-0.08220579575,-0.07006985166,-0.05934794423,-0.04759602557,-0.04049727593,-0.03173927069,-0.02337994165,-0.01876045335,-0.01417957494,-0.01919517826,-0.03448476237,-0.06237970459,-0.1037490151,-0.1567995854,-0.2186723235,-0.2837965207,-0.3513430269,-0.4132091791,-0.4673934726,-0.5124313808,-0.5452273686,-0.5675568474,-0.580209853,-0.5846430125,-0.5809736427,-0.5724822436,-0.5599555293,-0.5448342229,-0.5273260646,-0.508860526,-0.4900483194,-0.470412108
5.6,-0.08098969595,-0.01619582672,0.04872862467,0.1044044534,0.1461394387,0.1652678214,0.1724771169,0.1700010216,0.1614711537,0.1475545317,0.1296702294,0.1089906246,0.08428249398,0.06133920385,0.03844116957,0.01984575028,0.008462643379,0.004145881606,0.00723642726,0.01350240196,0.0240758978,0.02837288974,0.03202098759,0.03162878005,0.02247216031,0.01314236691,-0.005566271206,-0.02975467178,-0.05809838319,-0.09754222815,-0.1405135189,-0.1887070027,-0.2333106312,-0.2700747434,-0.2809223088,-0.2570558982,-0.2039474857,-0.1072970197,-0.02138705924,0.03922796478,0.06776521322,0.07826606369,0.0793605957,0.07495112071,0.06966780204,0.05749999701,0.04562604569,0.03163111594,0.01459899845,-0.000571147644,-0.01585606085,-0.02556162037,-0.02829695057,-0.01479902067,0.005034479337,0.0255187513,0.04193349787,0.04699366521,0.04736629245,0.04177270729,0.0346245577,0.02081595611,0.006439889495,-0.01006600443,-0.03342381384,-0.05619412435,-0.08849742318,-0.1288046245,-0.177958787,-0.2473307271,-0.3287826623,-0.4153590586,-0.4519065935,-0.3667910127,-0.187597801,-0.08381462241,-0.05000269853,-0.04123657403,-0.04275944087,-0.04677725524,-0.04901122957,-0.07748443699,-0.1102977623,-0.1523843494,-0.2202132707,-0.2939343595,-0.1138698322,-0.06718706083,-0.07468598756,-0.07924681841,-0.07856673926,-0.07615042085,-0.07664740735,-0.07694460609,-0.07938325325,-0.09349413903,-0.121033715,-0.1581183445,-0.1981271524,-0.2257407412,-0.2243964479,-0.2232851317,-0.2470505194,-0.2747923548,-0.3027846871,-0.3339007967,-0.3588781711,-0.3799131162,-0.3934131507,-0.4025206055,-0.4038044574,-0.3989194234,-0.3917475225,-0.3763253185,-0.3601264015,-0.341761779,-0.3196283187,-0.299777329,-0.2778312707,-0.2561014912,-0.2369522594,-0.2161109544,-0.1981529976,-0.1815865852,-0.1645305527,-0.1518314098,-0.138844369,-0.1272939344,-0.1192757943,-0.1101138397,-0.104567724,-0.1007020769,-0.09638370343,-0.09740650717,-0.09801410154,-0.1005669154,-0.107174988,-0.1126334881,-0.1222213794,-0.1334396828,-0.1453173359,-0.1635161164,-0.1861568707,-0.2177844977,-0.2571102306,-0.3052999836,-0.3555768023,-0.4050396699,-0.4534511073,-0.4898283834,-0.5201732332,-0.5413589892,-0.5510839715,-0.5553123714,-0.5505806156,-0.5403466369,-0.5279912524,-0.5088295204,-0.4895325712,-0.4688976782,-0.4454936534
5.7,-0.1941337626,-0.1426951606,-0.0758878875,-0.001555699727,0.07261270302,0.1272787344,0.1652037643,0.1838077859,0.1879437841,0.1828523054,0.1706494809,0.1541680254,0.1321077948,0.1087567355,0.08337062207,0.05958772639,0.04249344107,0.03123694515,0.03046406257,0.03618492781,0.04837009602,0.05874427813,0.06835389923,0.07441897041,0.07148829172,0.068325306,0.05570403642,0.03698972785,0.01500602993,-0.02233443421,-0.06501637151,-0.1183259515,-0.1803680938,-0.2408478459,-0.2900140593,-0.3101621424,-0.2975232477,-0.2227838127,-0.1269615739,-0.03220567466,0.03215922578,0.06093242592,0.07435393116,0.07829566909,0.07904335054,0.07216524467,0.06403208084,0.05320400833,0.03759099228,0.02296319261,0.005595013096,-0.008702955716,-0.01545895896,-0.006344097511,0.01689029612,0.04575199588,0.07140030608,0.08237691013,0.08718758823,0.0855069757,0.08115761589,0.07223355726,0.06240542046,0.05136841978,0.03657746674,0.02140622001,0.0007941225892,-0.02573094675,-0.06083208166,-0.1157012544,-0.1947429542,-0.3037759418,-0.4055258286,-0.4052843895,-0.254752732,-0.1260988246,-0.07702248822,-0.05761348781,-0.05479176749,-0.05626552429,-0.05768435897,-0.08319778247,-0.1087749886,-0.1390429292,-0.1853439857,-0.213310022,-0.09967827455,-0.07825725508,-0.07163301464,-0.06905497966,-0.06546404671,-0.06263482384,-0.06227183283,-0.06473790057,-0.07391793432,-0.09122601998,-0.1117699707,-0.1334746819,-0.1471281925,-0.1285708318,-0.06635172347,-0.05207346031,-0.05262136761,-0.05935879894,-0.07224244379,-0.09255639675,-0.1159355328,-0.1421702006,-0.1666420945,-0.1915358291,-0.2109360285,-0.2253030309,-0.2380143078,-0.2415251932,-0.2437777013,-0.2425446616,-0.2355266953,-0.2302568779,-0.2207701204,-0.2101777221,-0.201258578,-0.1888685934,-0.178711717,-0.168930592,-0.1577632535,-0.1503561073,-0.1419554252,-0.1345516021,-0.1300090476,-0.1241714838,-0.1213728783,-0.1198232552,-0.1180427588,-0.1204206428,-0.1226545356,-0.126654883,-0.1333832147,-0.1402487567,-0.1497790478,-0.1603780938,-0.1725405567,-0.1855852199,-0.2003466388,-0.2175773624,-0.2349194409,-0.2600159986,-0.2859700798,-0.3144217172,-0.3491888226,-0.3742968822,-0.400738215,-0.4216893823,-0.4312758317,-0.4405142008,-0.4390069022,-0.4323209197,-0.4249032924,-0.4080698584,-0.3922743918,-0.3746255247,-0.3531921807
5.8,-0.255546576,-0.2380559104,-0.1977216089,-0.1381645215,-0.06400022123,0.01125533166,0.0784125943,0.1268608692,0.1540180875,0.1637714954,0.1612531092,0.1517984136,0.1361426543,0.1166365957,0.09437799272,0.07132472809,0.05286120355,0.0382337931,0.03460336182,0.04016527847,0.05353797834,0.07196744783,0.08959854341,0.1040714653,0.1100063692,0.1134420311,0.1084375232,0.09731462162,0.08387067217,0.05532821229,0.02147494821,-0.02436301567,-0.08859515869,-0.1573863128,-0.2336882531,-0.2948507758,-0.3282463985,-0.3009804814,-0.2276787385,-0.1224249999,-0.02091287006,0.03554045542,0.06538226117,0.07845209209,0.08377095735,0.08107497378,0.07457667885,0.06462125632,0.04933663772,0.03290367361,0.01243930522,-0.007909257246,-0.02139098109,-0.02148514646,0.0003625858005,0.03727313305,0.07587640655,0.09734225555,0.1086244749,0.111532003,0.1096341206,0.1044233001,0.09726934497,0.08902124219,0.08013553809,0.06869089102,0.05651458406,0.0416232497,0.0209097941,-0.009328121059,-0.06250211168,-0.1550674626,-0.2878693619,-0.3679992738,-0.2787595884,-0.1481823355,-0.08829107873,-0.06164997871,-0.05494001291,-0.05414957488,-0.05510353042,-0.07645963945,-0.0952627249,-0.1163831353,-0.1491306798,-0.1638561185,-0.09252319034,-0.06652059531,-0.05807119468,-0.05373945896,-0.05078647972,-0.04989354314,-0.05073421529,-0.05569362174,-0.06849009775,-0.08623646951,-0.1010651986,-0.1127141755,-0.1143783762,-0.08892424293,-0.04215654199,-0.03281082564,-0.02405168693,-0.01715913923,-0.01533347598,-0.01607969295,-0.02345096252,-0.03568753365,-0.05024673626,-0.06981758811,-0.08859391477,-0.1065401353,-0.1251044331,-0.1377332187,-0.1497930483,-0.158836371,-0.1625730013,-0.1672313005,-0.1673435241,-0.1656881112,-0.1645692976,-0.159612378,-0.155853928,-0.1516668816,-0.1458526385,-0.1425764483,-0.1381511286,-0.1343284202,-0.1323948312,-0.1295831179,-0.1289404189,-0.1291737716,-0.1296232123,-0.1327210192,-0.1360750493,-0.1408247728,-0.1467626209,-0.1536509204,-0.1612972339,-0.1689990805,-0.1782835428,-0.1849529058,-0.1927436794,-0.2003059644,-0.2038316778,-0.2124782645,-0.2179076813,-0.224370645,-0.237866922,-0.2443785372,-0.2569277775,-0.2686100172,-0.2730122268,-0.2819555445,-0.2823969169,-0.2798905878,-0.2780499057,-0.2678430926,-0.2592253511,-0.2488319637,-0.2352063903
5.9,-0.2410927478,-0.265074558,-0.2656896208,-0.243309355,-0.2000284177,-0.1355356604,-0.06402594482,0.004878614434,0.05856982606,0.09311253896,0.108793093,0.1117403851,0.1068648678,0.09360376603,0.07762194968,0.05874379909,0.04109894627,0.02554220504,0.01853769088,0.0219630293,0.03303672067,0.05783687005,0.08324442481,0.107442756,0.1255653174,0.1366472091,0.1407834716,0.1384927591,0.1335678771,0.117247038,0.09650153423,0.0666761348,0.01620697632,-0.04243292202,-0.1252705132,-0.2128205835,-0.2856108658,-0.3169430431,-0.2911940571,-0.2103983641,-0.09354972076,-0.005243587927,0.04868578256,0.0738171087,0.08398169619,0.08501543811,0.07939395224,0.06947646154,0.05401630972,0.03512103831,0.01128537544,-0.01557948592,-0.03762326077,-0.05171434278,-0.03930438246,-0.001018650316,0.05057379197,0.08843769342,0.1099478334,0.1193461858,0.1209124663,0.1190321315,0.1138941303,0.1071628471,0.1016365363,0.0913931552,0.08307305967,0.07362904079,0.06021110258,0.04629111513,0.01944193484,-0.03326722048,-0.1473131303,-0.2743720169,-0.2590901904,-0.1471987916,-0.08293239087,-0.05404805295,-0.04454060553,-0.04208690356,-0.04299782138,-0.05982385073,-0.07298660258,-0.08725815712,-0.1106731216,-0.1192080167,-0.06738791096,-0.04780172064,-0.04062260149,-0.03647163233,-0.03472505578,-0.03553352729,-0.03774831238,-0.04451967038,-0.05913707291,-0.07661143911,-0.08791313903,-0.09535962219,-0.09533086502,-0.07885150686,-0.05791017112,-0.05506623831,-0.05066039781,-0.04631153189,-0.04427037493,-0.0401862234,-0.03920712252,-0.03982914126,-0.041389089,-0.04773389299,-0.05505467005,-0.06422238329,-0.07581794042,-0.08562793471,-0.09648811479,-0.1063027884,-0.1132056598,-0.1210360891,-0.1257032002,-0.1290153566,-0.1323909113,-0.1327444806,-0.1336165073,-0.133776039,-0.1325994041,-0.1328155222,-0.1320913882,-0.1317188541,-0.1322793216,-0.1325947849,-0.1341414757,-0.1362080954,-0.1389942902,-0.14273906,-0.1471558897,-0.1524835525,-0.1573766598,-0.1639005148,-0.1692617656,-0.173771024,-0.1796747218,-0.1805030678,-0.182198986,-0.182271379,-0.1771736119,-0.1753632119,-0.1688909896,-0.1620052034,-0.1589074435,-0.1515657868,-0.1495079834,-0.1488283197,-0.1465045215,-0.1494102083,-0.1493506245,-0.1492839296,-0.1502164671,-0.1475860734,-0.145825038,-0.142931115,-0.1386295784
6,-0.1502787733,-0.2115193609,-0.2547391595,-0.2771022352,-0.2787572749,-0.2474363488,-0.1983814042,-0.1337934655,-0.06825179419,-0.009445164539,0.03086201977,0.05359003428,0.06606798431,0.0621791517,0.05484325212,0.04168654907,0.02512348711,0.008946936959,-0.003473228984,-0.006335671391,-0.003268166264,0.0208046928,0.04884854028,0.08052481236,0.1125076,0.1329881405,0.1483560753,0.156061344,0.1593707377,0.1551279097,0.1468004517,0.133466495,0.1044278926,0.06840209004,0.003225046632,-0.08501044355,-0.1780060602,-0.263166674,-0.2958989293,-0.2674634741,-0.1727771989,-0.06650591976,0.01672874274,0.06003110402,0.07768627121,0.08373050899,0.08015901627,0.07152210486,0.05722027738,0.03757358736,0.01218606693,-0.01929771084,-0.04945066658,-0.07960494281,-0.08482233659,-0.05759353892,-0.001738661049,0.05506799114,0.09124598443,0.1098895484,0.1168268053,0.1185250752,0.1158718876,0.1109874844,0.1076498007,0.09897317994,0.09281759389,0.08600801834,0.07625571112,0.06844284245,0.05450128516,0.03119364007,-0.03624498784,-0.1584875002,-0.2059889792,-0.1240587116,-0.06117407561,-0.03382903904,-0.02293968561,-0.01955050972,-0.02053409488,-0.03252399591,-0.04032727491,-0.04823047396,-0.06359678073,-0.07259429313,-0.04348219616,-0.02871805366,-0.02174188062,-0.01760026599,-0.01678262591,-0.01915284258,-0.02299510187,-0.03179647829,-0.04871967061,-0.06715807155,-0.07784700719,-0.08517336272,-0.08675559003,-0.07731634612,-0.06612307964,-0.06468332261,-0.06193422125,-0.05894668929,-0.05772747108,-0.05431878372,-0.05300676901,-0.05219482334,-0.05077370505,-0.05255774273,-0.05406967507,-0.05690411694,-0.06206333845,-0.06650157071,-0.07287427475,-0.07951488333,-0.08503776568,-0.09217330852,-0.09762968191,-0.1026262289,-0.1079609352,-0.1113240398,-0.1151608862,-0.1184220012,-0.1208306428,-0.123984828,-0.1264995872,-0.1292826879,-0.1322598856,-0.1355566117,-0.1392563084,-0.1431067635,-0.1481068647,-0.1523468591,-0.1575715161,-0.1631332738,-0.1666285716,-0.1722984272,-0.175007881,-0.1761378675,-0.1784815043,-0.1741744873,-0.1708015743,-0.1652960407,-0.1550696642,-0.1474072646,-0.1359409833,-0.124421367,-0.1146531834,-0.1034570446,-0.09522907046,-0.08839875165,-0.08324377993,-0.08076744474,-0.07947921417,-0.07969807792,-0.08030530762,-0.08189983772,-0.08332299109,-0.08442282088,-0.08584691756
6.1,-0.0119432141,-0.09250951026,-0.16690925,-0.228726362,-0.2749068507,-0.285657029,-0.2735486934,-0.2342098488,-0.178781124,-0.1116615834,-0.05242357523,-0.007906410524,0.02625500239,0.03597042411,0.0398274404,0.03390922827,0.0196603283,0.002840628099,-0.01579478028,-0.02809089777,-0.03757591191,-0.02320020448,-0.001171413423,0.03104815522,0.07336223498,0.1038851143,0.1320838862,0.1508551231,0.1625584986,0.1682727061,0.1689829051,0.1665685547,0.1541394712,0.1379787564,0.1010436284,0.03806837723,-0.04522650237,-0.1586229819,-0.2429298051,-0.277746301,-0.2365982787,-0.1413277591,-0.03606587272,0.0331701829,0.06452073998,0.07848089206,0.0795855001,0.0746855936,0.06385596828,0.0464776127,0.02273022299,-0.009449212599,-0.04437784688,-0.08821842695,-0.1150578166,-0.11106409,-0.06708943383,0.00199789962,0.05516449154,0.08639943893,0.1010152473,0.1075397328,0.108440532,0.1063875743,0.1054694934,0.09932606158,0.09544937745,0.090988131,0.08438664285,0.07933324491,0.07064266654,0.0585387332,0.02571160698,-0.0576972915,-0.1368629319,-0.08634669954,-0.02800364969,-0.004099298854,0.006630958851,0.01010386068,0.009096669707,0.001341503706,-0.002386766124,-0.006163384722,-0.01933178006,-0.04132324801,-0.0260361265,-0.01033113699,-0.002520795834,0.001583534681,0.0009996485425,-0.00358062124,-0.009547281515,-0.02088370868,-0.04084890677,-0.06085984153,-0.07163393263,-0.07903248487,-0.08156802384,-0.07734748402,-0.07328094078,-0.07239915807,-0.0714664786,-0.06992969962,-0.06945579741,-0.06697618599,-0.06575053702,-0.06457710651,-0.06213376559,-0.06217418183,-0.0611403798,-0.06072760384,-0.06230152089,-0.06264649737,-0.06514946609,-0.06827210843,-0.07084836789,-0.07582938961,-0.07994220973,-0.08442630832,-0.08986905114,-0.09416138431,-0.09933423988,-0.1042859271,-0.1089521123,-0.1141554488,-0.1190936952,-0.1244073548,-0.129381858,-0.1353098536,-0.1409552506,-0.1464648835,-0.1536513175,-0.1584107178,-0.1645713437,-0.1705666654,-0.1729767317,-0.1782074047,-0.1788704776,-0.1774652591,-0.1772043631,-0.1692561649,-0.1624839217,-0.1534339799,-0.1404808364,-0.1297656975,-0.1164646665,-0.1038944138,-0.09246762323,-0.08179567945,-0.07306633733,-0.06570740914,-0.06114856492,-0.05730309351,-0.05594263052,-0.05619119619,-0.05618940788,-0.05906915212,-0.06124068246,-0.06361308375,-0.06720952645
6.2,0.1115886894,0.04402142972,-0.03395867721,-0.1151458779,-0.1919942614,-0.2419860934,-0.269902633,-0.2669273454,-0.2386857772,-0.1838263013,-0.1220122492,-0.06384930635,-0.01054605423,0.01575635265,0.03297094795,0.03626278498,0.0271887509,0.01136980437,-0.01109440285,-0.03213137985,-0.05447865137,-0.05556192623,-0.04719037354,-0.02334052433,0.0202318062,0.05788575763,0.09809752991,0.1284576297,0.1489707409,0.162953815,0.1698639623,0.173022065,0.1687804128,0.1611524917,0.1424627222,0.1076977145,0.05331573569,-0.047733163,-0.155866525,-0.2437587875,-0.2684872753,-0.213183863,-0.1089478682,-0.01240768115,0.04299776369,0.06968835093,0.0788875195,0.08008990066,0.07435824888,0.06181503877,0.0423734404,0.01369976277,-0.02097750337,-0.07161279033,-0.1170342167,-0.1414281793,-0.1241218496,-0.05814454948,0.008292670745,0.05429678175,0.07881371199,0.09203444648,0.09759842571,0.09922001074,0.1012216111,0.09788416345,0.0962325544,0.09366950245,0.08948073043,0.08551595689,0.07894929521,0.0698878479,0.04969938691,0.001075258972,-0.07622339995,-0.05099799307,0.003912307139,0.02450522516,0.03442350197,0.03744339657,0.03635693072,0.0309560911,0.02864004236,0.02552016969,0.009332656344,-0.02392071703,-0.008770156632,0.008454917255,0.01610051825,0.01953370368,0.01699105953,0.0100150851,0.002353769827,-0.01088121081,-0.03298772624,-0.05325100337,-0.06324635713,-0.07014643722,-0.07391872896,-0.07640240304,-0.0804434591,-0.0800566869,-0.08170495243,-0.08244835007,-0.0832789817,-0.08289194423,-0.08258723505,-0.08193720021,-0.07973980529,-0.07886082121,-0.07645512581,-0.07390350205,-0.07267607512,-0.06958596725,-0.06833158697,-0.06755666707,-0.06624770148,-0.06777382499,-0.06885666589,-0.07095933153,-0.07462232859,-0.07793121873,-0.08266939114,-0.08768421492,-0.09317934787,-0.09920983076,-0.1055986062,-0.1126974314,-0.1191312165,-0.1274972,-0.1351191263,-0.1426169381,-0.1525759822,-0.1588028237,-0.1670737989,-0.1748704897,-0.1779581461,-0.1844094305,-0.185068795,-0.1833497657,-0.1825666956,-0.1735809019,-0.1657654543,-0.1554870468,-0.1419248468,-0.1298368828,-0.1158415026,-0.1027697392,-0.09004822584,-0.07939083465,-0.06988424792,-0.06178830869,-0.05726462996,-0.05232830856,-0.05064927817,-0.05058688547,-0.04990575035,-0.05305217639,-0.05519941893,-0.0579110307,-0.06231202802
6.3,0.1684148501,0.1367829665,0.08725389289,0.01985692831,-0.05908136302,-0.1323822161,-0.1923526411,-0.227156306,-0.2352433233,-0.2097247781,-0.1646907388,-0.1094456278,-0.04843224253,-0.00749036632,0.02370246072,0.0385361885,0.03809519295,0.02723160897,0.006072047392,-0.01893539889,-0.04933880828,-0.06621004346,-0.07466099723,-0.06615396747,-0.03241850156,0.005317758204,0.0527888846,0.09363814661,0.1236720512,0.1455623969,0.1579925184,0.1649476398,0.1652388462,0.1603983056,0.1487184963,0.1284931767,0.09675900206,0.03047558691,-0.06580944834,-0.1772222746,-0.2586723633,-0.2602050007,-0.1868799532,-0.07932451696,0.006414828928,0.05378875121,0.075672853,0.08505388329,0.08520494946,0.07856596802,0.06457296409,0.04212186299,0.01191418899,-0.03668820653,-0.0917653698,-0.1405722324,-0.155917667,-0.1100452053,-0.04060899256,0.01859731008,0.05425174202,0.07540694257,0.08628159979,0.09191769984,0.09651514934,0.09580543837,0.09563807782,0.09403087369,0.09129721871,0.0868924802,0.08061602803,0.07123583507,0.05257590529,0.0172319032,-0.04631413082,-0.03723091975,0.01784355817,0.03846342887,0.04880717618,0.0517815096,0.05063563668,0.04635018547,0.04490400447,0.04311902369,0.02771581013,-0.007863162559,0.00802279165,0.0239737921,0.03084435225,0.03407778175,0.03059231171,0.02271100914,0.01491895695,0.001314247669,-0.0208400003,-0.03984753212,-0.04969795107,-0.05718293301,-0.06341829137,-0.07363369885,-0.0849164748,-0.08514912792,-0.08967348376,-0.09315410037,-0.09558572068,-0.09825558373,-0.09968601571,-0.1005191189,-0.1002035176,-0.09941166968,-0.09722164337,-0.09408214227,-0.09096242944,-0.0857744348,-0.08122357712,-0.07655512208,-0.07106966857,-0.06797002034,-0.06463256,-0.06261567422,-0.0625444858,-0.06296408689,-0.06537519242,-0.06871738759,-0.07349883822,-0.07908872371,-0.0859533515,-0.09414324373,-0.1017721756,-0.1126069223,-0.1227147404,-0.1331246503,-0.1467750096,-0.1561650194,-0.1679890324,-0.1790248745,-0.1847764824,-0.1935575781,-0.1959523558,-0.1956586363,-0.1957112299,-0.1877594027,-0.1805028377,-0.1705712946,-0.1576128683,-0.1449984324,-0.1305097028,-0.1164888257,-0.101740006,-0.08954629365,-0.07765333297,-0.06710296976,-0.06085574106,-0.05338363564,-0.05009091899,-0.04862954629,-0.04647121325,-0.04909632654,-0.05064204034,-0.05321910535,-0.05780674245
6.4,0.167602156,0.1666237394,0.1526312065,0.1212590964,0.0713513417,0.003787477629,-0.06743661594,-0.1298994055,-0.1731228184,-0.1862422085,-0.1729150041,-0.1384563161,-0.08728569324,-0.04063823441,0.0009257936667,0.0284341802,0.03948781098,0.03881897888,0.02505304313,0.003084956743,-0.02697089265,-0.05502176212,-0.07815818453,-0.08777207829,-0.0729820742,-0.04466189276,0.0009796543264,0.04773013805,0.08696976053,0.1174665212,0.1366511274,0.1484248761,0.1533053433,0.151875386,0.1451458644,0.1325765276,0.1126286097,0.07446926427,0.008426162219,-0.09219442127,-0.2037672249,-0.2620000079,-0.2420378657,-0.1539486605,-0.05047871171,0.02325272439,0.06316895693,0.08326866992,0.09053876974,0.08979097588,0.081591674,0.06634284687,0.04272070063,0.003237386365,-0.05065961868,-0.1127861224,-0.1569049708,-0.1427885852,-0.08366026371,-0.01743476466,0.02863322668,0.05771351859,0.07394204641,0.08343150999,0.08983049736,0.0914411366,0.09205213235,0.09091159006,0.08896647715,0.08410884225,0.07783940749,0.06773326038,0.04929515928,0.01422124649,-0.04476926302,-0.04979123173,0.004521620003,0.03019606237,0.04335208888,0.04754064145,0.04657849102,0.0447151836,0.04709499726,0.05093911525,0.04191934692,-0.0004939018291,0.01177834812,0.02745490933,0.03577242192,0.04089694921,0.03889034982,0.03252649669,0.02585647954,0.01265871454,-0.008028154659,-0.0258474437,-0.03762088913,-0.0463942198,-0.05449220963,-0.07046222378,-0.08578140533,-0.08738879334,-0.09425438427,-0.1000922144,-0.1038726199,-0.1094472087,-0.1127340912,-0.1153508351,-0.1179250938,-0.1179996908,-0.1175380854,-0.1156211417,-0.1119914012,-0.107024552,-0.1007353664,-0.09345538299,-0.0850358122,-0.07731716638,-0.06937064502,-0.0623898819,-0.05731002046,-0.05335448829,-0.05186423748,-0.05207593497,-0.05463598137,-0.05884793499,-0.06536584689,-0.07411042429,-0.08314930142,-0.09644636179,-0.1097166807,-0.1238657028,-0.1412306349,-0.1547186297,-0.1698855321,-0.1836516084,-0.1921158392,-0.2020357454,-0.2058907206,-0.2068129875,-0.2074092109,-0.2010350739,-0.1947752286,-0.1859532676,-0.1740942909,-0.1618950756,-0.1473638168,-0.1325122684,-0.116126681,-0.1017310081,-0.08704697772,-0.07348389211,-0.06460950006,-0.0542041312,-0.04872718702,-0.04540358674,-0.04162680337,-0.04338978615,-0.04428341354,-0.04674965136,-0.051358231
6.5,0.1413353925,0.1584859184,0.1659197856,0.1637598942,0.1489654944,0.1105277336,0.05560310164,-0.01123785244,-0.07472393399,-0.1233013349,-0.1462639608,-0.1435287424,-0.117826619,-0.07795718728,-0.03477711938,0.002482283495,0.02592435868,0.03888447744,0.03729556482,0.024768091,0.003445311411,-0.02778047436,-0.05902985281,-0.08433998924,-0.09260239093,-0.08190783601,-0.04933483235,-0.005653650482,0.0386694709,0.07766700282,0.1054621335,0.1244036784,0.1354254328,0.1396095566,0.1387847878,0.1332768909,0.1221250602,0.1007897442,0.06187935597,-0.008421257282,-0.1159008458,-0.21317646,-0.2526101707,-0.2107659707,-0.1183492195,-0.02546625617,0.03441645647,0.06799447676,0.08440500523,0.08991812777,0.08798865445,0.08002634793,0.06380468401,0.03645240002,-0.007733458236,-0.06924490582,-0.1308132472,-0.1510561588,-0.1143662874,-0.05083037573,0.002206530859,0.03825041881,0.05942118874,0.07238827459,0.08025153897,0.0839457302,0.08536750829,0.08511996883,0.08399126256,0.08018184204,0.07502240967,0.0659261709,0.05071676037,0.01550087858,-0.04597074805,-0.07153113876,-0.02764174799,0.004047899604,0.02095813859,0.02732998727,0.02680495368,0.02983269932,0.03866659268,0.04959531587,0.0437084042,-0.01902381685,-0.005281440674,0.01561226595,0.02847733462,0.03696181427,0.03809725047,0.03461423558,0.02843386152,0.01453937829,-0.00460447729,-0.02191576785,-0.03546328224,-0.04350702625,-0.0517128403,-0.07068604802,-0.08681037754,-0.09108815944,-0.09882696789,-0.1056530346,-0.1099109367,-0.1168013294,-0.1210795159,-0.1247368831,-0.129835967,-0.1307909138,-0.1325986617,-0.1330075995,-0.129965844,-0.1274850438,-0.1214612899,-0.1136741407,-0.1049043931,-0.0939141532,-0.08279144548,-0.07145174086,-0.06128463285,-0.05240323853,-0.04613281825,-0.04242721758,-0.04140897624,-0.04415127984,-0.04990907151,-0.05900542844,-0.07057268195,-0.08581230482,-0.1025820105,-0.1202411446,-0.1392215895,-0.1557478519,-0.1715124548,-0.1851505163,-0.19419913,-0.2024469514,-0.2060979713,-0.2069289298,-0.2072644383,-0.2023422293,-0.1973922923,-0.1905709445,-0.1804806413,-0.1705354411,-0.1573271915,-0.1428955912,-0.1268113375,-0.1105963841,-0.0940066374,-0.07796665022,-0.0664143175,-0.05365278243,-0.04619663734,-0.04130475942,-0.03640004829,-0.03755499044,-0.03822196507,-0.04096306425,-0.04585721187
6.6,0.1032282227,0.1324916921,0.1515487607,0.1634012434,0.1676301062,0.1551536295,0.1275240485,0.07977375238,0.02065279096,-0.04429846068,-0.09426414461,-0.122376925,-0.1282073798,-0.1052895475,-0.0707552605,-0.03117066364,0.002158648683,0.02768436622,0.03974380698,0.03982595231,0.03142542076,0.005614639879,-0.02520567932,-0.05888384404,-0.08727873542,-0.09703124183,-0.08586923682,-0.05557533189,-0.01423171751,0.02934387932,0.06571079086,0.09350688169,0.1122607252,0.1239879182,0.1299188192,0.1314074998,0.1278438395,0.1171557602,0.09555904058,0.0540069058,-0.02481525035,-0.130730964,-0.2165622361,-0.2318697563,-0.1767102769,-0.08445613164,-0.01038905834,0.03738534631,0.06451859453,0.07761466555,0.08259499829,0.08170504745,0.0733393193,0.05719647462,0.0263711035,-0.02354684905,-0.08767690587,-0.1349158021,-0.1275270524,-0.07724399068,-0.02329621855,0.01780633133,0.04311000775,0.05920428649,0.06888033894,0.07470500912,0.07767410057,0.07926584559,0.07979767828,0.07869851711,0.07631198295,0.070614933,0.06168429714,0.03118647561,-0.02926838448,-0.07881413848,-0.0584201174,-0.02641992666,-0.008088862616,2.159488564e-05,7.790880718e-05,0.008995795164,0.02357187664,0.03801817867,0.02451469696,-0.06246655565,-0.03421895944,-0.004609157824,0.01301766284,0.02369910729,0.02728781678,0.0257652082,0.01771140088,0.001036649056,-0.01713510209,-0.03279944269,-0.04400990752,-0.04965179377,-0.06040846446,-0.08180867705,-0.09453484401,-0.1008055374,-0.1069923278,-0.1125029588,-0.1156644234,-0.1213809028,-0.1250220703,-0.1282493145,-0.1342139726,-0.1354551623,-0.1389369801,-0.1416647658,-0.1397868706,-0.141044322,-0.1370359699,-0.1309001052,-0.1247927335,-0.1128688791,-0.1014002536,-0.0879468454,-0.07406859037,-0.0613420298,-0.0506588653,-0.04371572429,-0.03840583198,-0.04170229621,-0.04740199803,-0.05725990898,-0.07366546117,-0.088793896,-0.1079870057,-0.1267423937,-0.1426521503,-0.1588784183,-0.1706812129,-0.1801292963,-0.1866343809,-0.1903117954,-0.1919073255,-0.1913274365,-0.1908805196,-0.1872511634,-0.1841503482,-0.1804561332,-0.1731255388,-0.1678303289,-0.1579962953,-0.1460947666,-0.1333680722,-0.116403125,-0.09953865216,-0.08190537124,-0.06771738817,-0.0531809201,-0.04396178971,-0.03793365386,-0.03220545228,-0.03324186021,-0.03401257894,-0.03724999738,-0.04288024513
6.7,0.05966826345,0.09558031095,0.1224722264,0.1419686746,0.1540437414,0.1538351025,0.1438549032,0.1189877278,0.07960245044,0.02307750162,-0.03404502284,-0.08076765395,-0.1124908047,-0.1110669139,-0.09253829406,-0.05956728631,-0.02253434766,0.01036721473,0.03365868362,0.04552147368,0.04890871914,0.03387386661,0.01023018169,-0.02256644754,-0.06156560154,-0.0879468625,-0.0995208221,-0.08915770572,-0.05909393786,-0.01832859993,0.02298504473,0.05857438847,0.08508594882,0.1048849133,0.117542681,0.1253717746,0.1281682385,0.1245841982,0.1131693174,0.0896143945,0.04193391339,-0.04502303452,-0.1490385815,-0.2140883372,-0.2085550285,-0.1381008052,-0.06202602334,-0.0035878778,0.03405494067,0.05554423892,0.06767015872,0.07334636093,0.07238694194,0.06477622768,0.04615116252,0.01160194617,-0.0426129469,-0.1020431516,-0.1223556382,-0.09280129609,-0.04452115208,-0.001476650587,0.02677398157,0.04561912469,0.05747430163,0.06571580479,0.07095480217,0.07506823118,0.07824782874,0.08055704627,0.08211581519,0.0815382704,0.08025821384,0.05991292345,0.008594574537,-0.05898193503,-0.07012234674,-0.04665781427,-0.03150578508,-0.02348491867,-0.02283666488,-0.009199887803,0.007823315436,0.02003818433,-0.01177833492,-0.1101956997,-0.05916539116,-0.02320712917,-0.003980119299,0.005909532241,0.009217094866,0.006638163226,-0.005689576618,-0.02627798755,-0.04376293179,-0.0550801057,-0.06042737545,-0.06951691776,-0.09213888436,-0.1145516202,-0.1141285488,-0.1168317964,-0.1186377306,-0.1202344699,-0.1201222014,-0.1225998676,-0.1238573074,-0.1252652524,-0.1299975934,-0.130944212,-0.1349365062,-0.1391301824,-0.1389908543,-0.1438028586,-0.1431883073,-0.1406498899,-0.1395427455,-0.1301118301,-0.1220947623,-0.1108218592,-0.09715295741,-0.08550251154,-0.07473235923,-0.06920821211,-0.06333414682,-0.07096893007,-0.07819470142,-0.08822808909,-0.1080544165,-0.117991705,-0.1341386848,-0.147820717,-0.1540609739,-0.1642406742,-0.166936699,-0.1679816517,-0.1686593278,-0.1654310272,-0.16329465,-0.1602230277,-0.1584592125,-0.1559937755,-0.1550854703,-0.1553064534,-0.1519384623,-0.1532380163,-0.1491357655,-0.1424367422,-0.1366441787,-0.121060504,-0.1062884272,-0.0882938199,-0.07114781406,-0.05478714809,-0.04333480016,-0.03619109966,-0.02926331902,-0.03068433638,-0.03157710288,-0.03528817312,-0.04228522485
6.8,0.01664154633,0.05244336165,0.08375423333,0.1086229712,0.1264300708,0.1336302121,0.1331865683,0.1232314683,0.1020989154,0.06595362547,0.01937685586,-0.02908257464,-0.07364459283,-0.09164808286,-0.09183383521,-0.07262107451,-0.03975274844,-0.006718052919,0.02264948261,0.04257005441,0.05390556957,0.04998163613,0.03600026647,0.01089116494,-0.02717661037,-0.06156418603,-0.09012434957,-0.09993447787,-0.08627545793,-0.05554869957,-0.01537669064,0.02400259446,0.05625113513,0.08254054539,0.1007520222,0.1135416917,0.121112517,0.122423586,0.1175661429,0.1046071663,0.0777888126,0.02031853851,-0.07172905142,-0.1637451966,-0.2048890456,-0.1702339542,-0.1057551204,-0.0442786828,0.0008100211324,0.02931596639,0.04751979657,0.0584821656,0.06292164954,0.06113175048,0.05092149172,0.02900301931,-0.01054736872,-0.06697647854,-0.1051389405,-0.09738294058,-0.05897768507,-0.01735428188,0.01249003195,0.03347936919,0.04716016349,0.05783629752,0.06525678093,0.07167915932,0.07761370197,0.08281556972,0.0882795663,0.09311486393,0.09924398844,0.09244672187,0.05778046484,-0.01453866609,-0.05599042143,-0.04826433193,-0.04072167461,-0.03504788392,-0.0339572072,-0.01800082709,-0.002284163945,0.002968377785,-0.05307232866,-0.1418928275,-0.07062006097,-0.03448643588,-0.01808910804,-0.01216486801,-0.01279746401,-0.0205598416,-0.03878367616,-0.06301922404,-0.07973032734,-0.08633525751,-0.09245039269,-0.1222388764,-0.1616825511,-0.1745901833,-0.145807937,-0.1361535104,-0.1311900305,-0.1269510015,-0.1213812189,-0.1201151673,-0.1179150238,-0.1169506365,-0.1192112676,-0.1197985614,-0.1235505912,-0.1283328529,-0.1311056576,-0.1384523153,-0.1427008494,-0.1460865087,-0.1514146331,-0.1503809384,-0.1512348205,-0.1500536664,-0.1464370801,-0.1464052296,-0.1458535009,-0.1487942075,-0.1500929516,-0.1590569686,-0.1649490367,-0.1696238241,-0.1808733017,-0.1789512278,-0.1817168948,-0.1814867378,-0.1724945487,-0.169678674,-0.1595079712,-0.1491922161,-0.1416873329,-0.1306480761,-0.1239768971,-0.1182420604,-0.1148573789,-0.1140086509,-0.1155271182,-0.1199810338,-0.1220742247,-0.1305951725,-0.1343504065,-0.135449695,-0.139557808,-0.1287746073,-0.1192002133,-0.1031384308,-0.08217193797,-0.0634050977,-0.04744294113,-0.03773198669,-0.02844946262,-0.03011283765,-0.03092178849,-0.03510597075,-0.04409495172
6.9,-0.0201431416,0.008562268523,0.03966304436,0.06740596449,0.09039303045,0.1047642529,0.1127909286,0.1138597012,0.1058905981,0.08864390479,0.05928723841,0.02171365908,-0.02193201787,-0.05183560565,-0.06874075615,-0.0666649551,-0.0445053418,-0.01822362197,0.01142879333,0.03476305003,0.05033227687,0.05476666089,0.04950038787,0.0343606195,0.004783564172,-0.02803662086,-0.06412256656,-0.08903813919,-0.09283467249,-0.0768281599,-0.04420629623,-0.006573676374,0.02820730164,0.05784120469,0.07977678205,0.09583977641,0.1063605914,0.1111995428,0.1108669024,0.1051391139,0.09053551155,0.0585693135,-0.004623227179,-0.09392817473,-0.1648968546,-0.1697861652,-0.1274962564,-0.0723183377,-0.02546140517,0.006327646261,0.0279048774,0.04178884629,0.04874478852,0.0502109297,0.04445841989,0.03027061718,0.002602759836,-0.04275293246,-0.08633041976,-0.09538687378,-0.06730809781,-0.02908581311,0.001347182391,0.02359140834,0.03810310562,0.05038138856,0.05894180543,0.06655631781,0.07405626071,0.08094384722,0.08912783246,0.09843839862,0.1109768266,0.1182878108,0.1042055867,0.04196682738,-0.01951941633,-0.03015527741,-0.03262291578,-0.03097909007,-0.02973256933,-0.01403924869,-0.002704801513,-0.007475419306,-0.08927751114,-0.148952249,-0.06775814238,-0.03808645729,-0.02865388492,-0.02971384953,-0.03815578277,-0.05527788796,-0.08053610965,-0.1078275223,-0.1251643507,-0.135245038,-0.1635618396,-0.2241980566,-0.2653176593,-0.2518456334,-0.1847833205,-0.1571162469,-0.143486764,-0.1321432432,-0.1196376077,-0.115155578,-0.1094172767,-0.1064562739,-0.1066486258,-0.1074321431,-0.1114165026,-0.1170106968,-0.1244189656,-0.1344148853,-0.1458445203,-0.1588227542,-0.1734524896,-0.1894411588,-0.2070515483,-0.2259164598,-0.2440650425,-0.262977913,-0.2782793293,-0.2895257136,-0.2972456226,-0.2970620541,-0.2929945572,-0.2839433674,-0.2722660547,-0.2543737291,-0.2354632869,-0.2153212303,-0.1901451006,-0.1700635527,-0.1470143217,-0.1255379845,-0.1101478051,-0.09286121397,-0.08280712748,-0.07601749463,-0.07149412241,-0.07386840101,-0.07816887762,-0.08674082974,-0.09579935817,-0.1102824678,-0.1228268812,-0.1330589497,-0.1477741209,-0.1456522841,-0.1444476817,-0.1342370563,-0.1096996309,-0.08896933145,-0.06386129448,-0.04692409193,-0.03260517894,-0.03263624277,-0.03298472716,-0.03778544613,-0.04944865888
7,-0.0448707857,-0.0286622531,-0.003083608571,0.02384018125,0.04992953915,0.07090785327,0.08693254631,0.09755318094,0.1000441833,0.09688874693,0.08306019082,0.06038400547,0.02710712365,-0.005132243226,-0.03244261574,-0.04597864594,-0.0377996936,-0.02226718863,0.003217649717,0.0263906979,0.04382736872,0.05380725847,0.05530252255,0.04920837649,0.03005459808,0.005180421528,-0.02940663535,-0.06162911686,-0.07998519185,-0.08039114092,-0.06044641267,-0.03012348392,0.00342443941,0.03302542403,0.05683528895,0.07477558552,0.08674208082,0.09430531541,0.09705840289,0.096319004,0.08922102829,0.07379572667,0.03844134949,-0.02620686736,-0.1010117796,-0.1373695495,-0.1215057291,-0.08027923845,-0.03780815014,-0.007449886553,0.01407829106,0.02807221836,0.0349436629,0.0373834079,0.03327191987,0.02304818161,0.002069877488,-0.03222236893,-0.07343790984,-0.09276465432,-0.07321906727,-0.03880101029,-0.007920395143,0.01474880454,0.02918233068,0.04152644174,0.04983709188,0.05722665214,0.06446766168,0.07183371497,0.0811849662,0.09372781459,0.1117038494,0.1325969268,0.1393076122,0.09692593575,0.03087980872,0.004196247929,-0.007917647118,-0.0109331553,-0.009958516828,0.002996358276,0.007440550282,-0.009544927596,-0.1143060196,-0.1318184399,-0.05395911457,-0.03595350699,-0.03678927844,-0.04757598963,-0.06716834606,-0.09661561493,-0.129133879,-0.1596063845,-0.1833053056,-0.2137890177,-0.2788059342,-0.3511977919,-0.3692931181,-0.3224673646,-0.2248745572,-0.1826732893,-0.1592909097,-0.1392453788,-0.1197557242,-0.110878462,-0.1018917439,-0.09746373668,-0.09653037771,-0.09856315792,-0.1041186025,-0.1121288958,-0.1257089632,-0.140715134,-0.1620499415,-0.1881513881,-0.2168164165,-0.2542310237,-0.2928205417,-0.3338443984,-0.3735997684,-0.4069061201,-0.4318031751,-0.4445447502,-0.4495719729,-0.4350964779,-0.4150587851,-0.3879490332,-0.3499041104,-0.3154711289,-0.2746513928,-0.235447911,-0.1980707625,-0.162647499,-0.1310615518,-0.1024807466,-0.08274272878,-0.06300764005,-0.05252247401,-0.04744597794,-0.04295532676,-0.05026935579,-0.05742808407,-0.06929407602,-0.0854923566,-0.1031313789,-0.1232692231,-0.141820664,-0.1649606149,-0.1743069228,-0.1837878983,-0.184408082,-0.1615911116,-0.14376572,-0.1079603548,-0.07735361142,-0.05224519206,-0.04475201932,-0.04301597,-0.0478555229,-0.06340390249
7.1,-0.05256682578,-0.05090963941,-0.03530870203,-0.01357604614,0.01171482384,0.03683709965,0.05871764605,0.07652528832,0.0870050814,0.09291636885,0.08977095082,0.07894444315,0.05823554061,0.03064713458,0.001191941166,-0.02191833517,-0.02712831714,-0.022205287,-0.003104141503,0.01824671032,0.03680751425,0.05063298457,0.05733037628,0.05817710519,0.04819916051,0.0326745711,0.005311994906,-0.02635154509,-0.05306443903,-0.06788131851,-0.06282018879,-0.04369818781,-0.01522959845,0.01189706561,0.03595990732,0.05483587751,0.06743651761,0.07709074442,0.08184590193,0.08407411714,0.08160798368,0.07441206801,0.05615534256,0.01851794834,-0.03859855077,-0.08785239441,-0.09403275988,-0.06944675402,-0.03555085975,-0.01010065894,0.008627442876,0.02059497711,0.02576395563,0.02760367671,0.02352323119,0.01489257171,-0.00301033985,-0.03012900772,-0.06740598948,-0.09294661417,-0.08131037932,-0.05101943516,-0.01940396689,0.0034168765,0.01752437872,0.02867305148,0.03577632895,0.04193165625,0.04744859703,0.05433849069,0.06340956231,0.07779107901,0.1003485968,0.1348253988,0.1615235792,0.1411791698,0.08427693554,0.04733612803,0.02825149998,0.0209483443,0.02116115154,0.02902428279,0.02468820498,-0.005565389686,-0.1243738229,-0.09748788546,-0.03479413185,-0.0312278271,-0.044043424,-0.06580833979,-0.09781420306,-0.1395758197,-0.1778302324,-0.2123551223,-0.2500807749,-0.3114363748,-0.3991470709,-0.4514504521,-0.433860558,-0.3633385465,-0.2608663491,-0.217988718,-0.1873289912,-0.1579047532,-0.1343197718,-0.1156562164,-0.1029947179,-0.09651935009,-0.09282929128,-0.09737650329,-0.1047714596,-0.1165732113,-0.1368012008,-0.1590779194,-0.1911517768,-0.2300243574,-0.2737286319,-0.3265897623,-0.3801003115,-0.4335954882,-0.4829097063,-0.5201410601,-0.5455819966,-0.5552650936,-0.5525989491,-0.5277868394,-0.4938108753,-0.45130198,-0.3949531993,-0.3462172397,-0.2903958396,-0.2386732317,-0.1951625016,-0.1519283421,-0.1182894094,-0.08889566663,-0.06961825939,-0.05207864902,-0.04422164592,-0.04279507089,-0.04006472954,-0.05171442721,-0.06102395088,-0.07435463045,-0.09511496736,-0.11268667,-0.1369642335,-0.1610579646,-0.1883213711,-0.2099114975,-0.2306688857,-0.2459770916,-0.2359025241,-0.2302798124,-0.1948659781,-0.1538827025,-0.116290874,-0.09024602972,-0.07949736774,-0.07908980506,-0.09651900087
7.2,-0.04249895434,-0.05331969133,-0.04959463759,-0.03663849077,-0.0165308043,0.008448731258,0.03246649074,0.05391283501,0.06936651797,0.07981411061,0.08254343614,0.07831472113,0.06648331114,0.04526157701,0.01927620428,-0.00621895594,-0.02120441522,-0.0238348725,-0.01139929974,0.00776321558,0.02802846826,0.04467633243,0.05563229801,0.06119834523,0.05803356979,0.04948356518,0.03044491958,0.004375589982,-0.0238164063,-0.04712542993,-0.05506406939,-0.04775176037,-0.02675670846,-0.003010714768,0.02031935775,0.03959394167,0.05280293053,0.06369120155,0.06963949376,0.07315262675,0.07309333632,0.06879262527,0.05796800142,0.03642300166,0.0005613004759,-0.04263515377,-0.05911129898,-0.04717783436,-0.02244888745,-0.002645579086,0.01204110505,0.02104829326,0.02401451802,0.02434659982,0.01946137303,0.0107492151,-0.005891195744,-0.03018103949,-0.06502612326,-0.09532955856,-0.09348919379,-0.0687423427,-0.03712027294,-0.01402257567,0.0001421577265,0.009830460867,0.01552865716,0.02003785569,0.02311130888,0.02840752116,0.0354709047,0.04910221063,0.07381573889,0.1215044215,0.1702527409,0.169567391,0.1275113731,0.08709332679,0.06465656718,0.0542022019,0.05335206961,0.05457556274,0.04103122528,-0.001319408739,-0.1205810735,-0.05897328322,-0.01784095775,-0.02839898984,-0.05243769739,-0.08386991799,-0.1262097654,-0.1763603235,-0.2174206905,-0.2566957156,-0.3109430531,-0.3953478654,-0.4772667092,-0.4898479214,-0.4389559916,-0.3637136991,-0.2885700118,-0.2639131686,-0.2339530603,-0.1996596355,-0.1782695727,-0.1446029076,-0.127294432,-0.1163453166,-0.1041665137,-0.1111760699,-0.1175644243,-0.1319285465,-0.1568401498,-0.1852129526,-0.2247288398,-0.2706377885,-0.3230980921,-0.3789820385,-0.4347781194,-0.4867445781,-0.5326056063,-0.5639589585,-0.583796681,-0.5889853002,-0.5792230467,-0.5523495018,-0.5130034034,-0.4646379691,-0.4049464997,-0.3489415038,-0.2895979981,-0.2346959454,-0.1909361576,-0.1487717669,-0.1185875411,-0.09436670571,-0.07856197104,-0.06784943201,-0.06415372955,-0.06630727407,-0.06718420064,-0.07936724727,-0.08911148599,-0.1009361863,-0.1215624356,-0.1357060955,-0.1593395949,-0.184990387,-0.2108082074,-0.2429387792,-0.2727673476,-0.3028098153,-0.3153443752,-0.3291062246,-0.3126299146,-0.2784372495,-0.2414688378,-0.1937596377,-0.1655482614,-0.1490118266,-0.1571228491
7.3,-0.02012125915,-0.03815206268,-0.0449268543,-0.04213997767,-0.03023648007,-0.01003698191,0.01201851163,0.03332565739,0.05048944719,0.06227853671,0.06752235616,0.06620138453,0.05869937004,0.04227859835,0.0207911357,-0.002797299389,-0.0231194281,-0.03013384813,-0.02370787909,-0.006910923796,0.01601495528,0.03480589621,0.04968439963,0.05839836677,0.05961454882,0.05481270182,0.04172028024,0.02181100682,-0.004053063908,-0.02912465049,-0.04542920328,-0.04757490026,-0.03412922958,-0.01338331142,0.009214862385,0.02882009674,0.04328417837,0.05438521206,0.06095675109,0.06453151028,0.06489603198,0.06078227598,0.05202860628,0.03675332873,0.0130438633,-0.01642877917,-0.03073224259,-0.02207978923,-0.002729469007,0.01322586552,0.02417293383,0.0302250503,0.03118617887,0.02944735553,0.02332764602,0.01343235824,-0.002893182371,-0.02738183992,-0.06165806051,-0.09619365319,-0.1066132968,-0.08929790538,-0.06007021358,-0.03702030492,-0.02235557503,-0.01380839045,-0.009284855598,-0.006621607225,-0.006221455562,-0.004163871504,-0.001386736053,0.007270409929,0.02785747274,0.08349618755,0.1605701326,0.179274111,0.1504151012,0.1115146442,0.08871975376,0.07663091643,0.07485503193,0.06962420001,0.04847431046,-0.002497327726,-0.1088641169,-0.02912602189,-0.00906802485,-0.03070747504,-0.06290660285,-0.1005270962,-0.1482512817,-0.2001336543,-0.2409118598,-0.2845121686,-0.3498942474,-0.4380764157,-0.4905956874,-0.4586819407,-0.3867447874,-0.3269211378,-0.3047200208,-0.3125866567,-0.293264169,-0.2642369146,-0.2510952541,-0.2069776611,-0.1858957167,-0.1681121799,-0.1432779217,-0.1485227562,-0.1486491935,-0.1611134535,-0.1845978472,-0.2142780111,-0.2535646315,-0.2971825643,-0.3478163903,-0.3938274424,-0.4391807838,-0.4772039247,-0.5094850873,-0.5271502933,-0.5373385001,-0.5377976558,-0.5236184903,-0.5037947993,-0.4704147585,-0.4299563397,-0.3845635562,-0.3343418465,-0.2859910484,-0.2388283811,-0.2018703777,-0.1672512985,-0.1444086894,-0.1297274217,-0.1166588112,-0.1165114583,-0.1155801685,-0.1189090055,-0.1229985484,-0.1302430167,-0.1373150327,-0.1437058327,-0.1594724364,-0.1665849585,-0.1849699659,-0.2077705718,-0.2267756277,-0.2648793778,-0.2987292815,-0.3390291302,-0.3754645264,-0.4091031957,-0.4222209934,-0.4108326237,-0.3932412157,-0.3369624427,-0.2941535461,-0.2557883074,-0.2398470308
7.4,0.005999244582,-0.01334117178,-0.02674646005,-0.0330229419,-0.03024540844,-0.01813931385,-0.001305927121,0.01695170806,0.03300226651,0.04462909787,0.05059767713,0.05064332021,0.04501339052,0.03178947761,0.01355105089,-0.007574416188,-0.0299050149,-0.04031154017,-0.03938173616,-0.02564565706,4.858834575e-05,0.02115017507,0.04041909301,0.05209231127,0.05620604078,0.05358970292,0.04383298216,0.0282102072,0.004957429298,-0.01842100056,-0.03901274754,-0.04784522392,-0.04105599982,-0.02303286655,-0.000799657207,0.01934480304,0.03593275682,0.04651307494,0.05339857889,0.05635787476,0.05555694665,0.05043420236,0.04091609366,0.02673190117,0.006370853913,-0.01310059539,-0.01954436184,-0.00357742774,0.01879071704,0.03448013933,0.04318954954,0.04689166691,0.04616216905,0.04221275166,0.03472365457,0.02334103748,0.007126269006,-0.01834473552,-0.05257387945,-0.09037282731,-0.1136876996,-0.1051140946,-0.08131065349,-0.05949584593,-0.04443419646,-0.0369246389,-0.03343297123,-0.03285140237,-0.03518187235,-0.03786002851,-0.04136342562,-0.04187732023,-0.03379621451,0.01590926129,0.1232336945,0.1693150661,0.1515285052,0.1165476214,0.0951635872,0.08282730918,0.08059695328,0.07050823413,0.04447307841,-0.01090239404,-0.09516060484,-0.01310789546,-0.00910971716,-0.03746282581,-0.07370855887,-0.1133324714,-0.1603981731,-0.2070599404,-0.2453620666,-0.2915450935,-0.3581470686,-0.4298119578,-0.4385533096,-0.369501647,-0.2955673858,-0.266858393,-0.3068284911,-0.3495226202,-0.347273129,-0.3333986469,-0.330619618,-0.2902548931,-0.2695270634,-0.2462669384,-0.2140241927,-0.210193621,-0.2006956328,-0.2057766874,-0.2187492722,-0.2432409278,-0.2723192439,-0.3036316006,-0.3411213656,-0.3670555699,-0.3921564762,-0.4078503219,-0.420082457,-0.4200316387,-0.4189710222,-0.4158917354,-0.4012890371,-0.3966857335,-0.3800023894,-0.3604465435,-0.3442353602,-0.3141839524,-0.2903220114,-0.2621301573,-0.2410061993,-0.2187276566,-0.2066092815,-0.202842545,-0.1898052477,-0.1987180195,-0.1958804477,-0.1955893986,-0.1982683929,-0.1956304352,-0.1958837437,-0.1931960926,-0.2005836859,-0.1981628807,-0.2082304593,-0.2244952628,-0.2338013593,-0.2712669421,-0.3030593763,-0.3461260914,-0.3989010384,-0.4467306607,-0.4880415122,-0.5046695736,-0.5154712744,-0.4681499994,-0.4238808278,-0.3702585044,-0.3251524571
7.5,0.02866510203,0.01233643952,-0.00307305889,-0.01553665306,-0.02105765566,-0.01825850919,-0.008600885704,0.004922660485,0.01795995981,0.02930923664,0.0355081859,0.03679750271,0.03254323758,0.02183253783,0.005728026582,-0.01411419205,-0.03688644861,-0.05203752754,-0.05723734212,-0.04848030404,-0.02209330314,0.002438748558,0.02773498001,0.04412856406,0.05138290415,0.05158598307,0.04438161256,0.0318878469,0.0109115078,-0.01042847296,-0.03325654118,-0.04743264751,-0.04703420352,-0.03298250588,-0.0115807646,0.008998884492,0.02811113771,0.0380990306,0.04528565466,0.04756187663,0.04482954636,0.03833834635,0.02652554397,0.01047711652,-0.01195774234,-0.03003169492,-0.03288824953,-0.004953777723,0.03255071437,0.05452796187,0.06383667695,0.06652001982,0.064540685,0.05898864009,0.05045869586,0.03815995854,0.02277351112,-0.002525384014,-0.03525876425,-0.07398218733,-0.1077793913,-0.108228657,-0.09207605667,-0.07311459917,-0.05849452602,-0.05234337187,-0.05001990826,-0.05162674601,-0.05657146322,-0.06427527324,-0.07455681697,-0.08607284836,-0.09574069064,-0.06924190562,0.05272980932,0.1400151651,0.1354459771,0.1057890207,0.08698122855,0.07542007575,0.0731770857,0.05989484853,0.03136063355,-0.0247524023,-0.08205401907,-0.008394159606,-0.01472933641,-0.04557449714,-0.08198277405,-0.1199637511,-0.1609766045,-0.1973433602,-0.2321202743,-0.2779918251,-0.335115197,-0.3739417234,-0.3358344741,-0.2500554759,-0.1957221003,-0.2028864137,-0.2935663992,-0.3606875366,-0.3762143215,-0.3820637278,-0.3882908171,-0.365697771,-0.3508240063,-0.3276521085,-0.3006163519,-0.2839239517,-0.2671004759,-0.2621036103,-0.2577044483,-0.2708709037,-0.2810195603,-0.2923451547,-0.3067274818,-0.3077855466,-0.3075109505,-0.2987729954,-0.2907656836,-0.2758953126,-0.2675045719,-0.2652838202,-0.2579067532,-0.2722705128,-0.2785539126,-0.2860294205,-0.3020234962,-0.3005070666,-0.306109717,-0.3036336358,-0.304640616,-0.2984400304,-0.2985773782,-0.3026249235,-0.2891815848,-0.2982617082,-0.2887356247,-0.2798941153,-0.2747842896,-0.2599601699,-0.2501826293,-0.2369863165,-0.2341083924,-0.2224176118,-0.2233291822,-0.2312366122,-0.2315331101,-0.2619799538,-0.2868341412,-0.3244695428,-0.3810344131,-0.4326044396,-0.4920031073,-0.532917376,-0.5696754262,-0.5443882214,-0.5111838781,-0.4554260397,-0.3890758724
7.6,0.04383330364,0.03277089619,0.01908949175,0.003943727991,-0.007805278051,-0.01350405279,-0.01162199759,-0.003557559765,0.005480858853,0.01702350753,0.02379793169,0.0269477251,0.02473422684,0.0165879526,0.002394451115,-0.01701215009,-0.03979372823,-0.06151565724,-0.07467572029,-0.07447651689,-0.05290877812,-0.02526519694,0.00787921011,0.03281585986,0.04567409906,0.0510756525,0.0473585875,0.03836304754,0.02025667537,0.0009181893285,-0.02297201038,-0.04191921372,-0.04807090757,-0.04045188432,-0.02150493277,-0.001237332436,0.02004089481,0.03003921301,0.03784007549,0.03991480385,0.03553696473,0.02787664611,0.01341609435,-0.005960902133,-0.03345628303,-0.05841639756,-0.06893387635,-0.03775917246,0.02228309904,0.06305515009,0.07845109029,0.08262104424,0.08065148223,0.07470341279,0.0660486784,0.05394480095,0.04047793668,0.01718759439,-0.01170927994,-0.04786758737,-0.08702863725,-0.0951201425,-0.08711533343,-0.07217200044,-0.05920314882,-0.05475842327,-0.05384795361,-0.05741094214,-0.06446239861,-0.0760576393,-0.09174928626,-0.1129475901,-0.1397260403,-0.1476859022,-0.04168283436,0.09413776264,0.1078446155,0.08506516909,0.06984225922,0.05974651777,0.05772330608,0.0423090622,0.01299041305,-0.04042295986,-0.06991460813,-0.01084014492,-0.0231945798,-0.05319570988,-0.08669298958,-0.120421555,-0.1518339397,-0.1759079703,-0.2069884059,-0.2488725194,-0.2873718173,-0.2857920248,-0.2156187216,-0.1437054201,-0.1198279038,-0.1518848265,-0.2664652062,-0.340079778,-0.3686272765,-0.3924202026,-0.4042693231,-0.4068865164,-0.4020155406,-0.3855651069,-0.3752480421,-0.3489949727,-0.3318836129,-0.3191816599,-0.2975545119,-0.296561618,-0.2843725565,-0.2736047216,-0.2597750085,-0.2393644475,-0.2159985166,-0.1893066489,-0.1702386688,-0.1502514754,-0.1435442121,-0.1464399142,-0.1532726136,-0.1789510798,-0.2043838112,-0.2341905926,-0.2696012025,-0.2970853159,-0.3265239686,-0.3487269388,-0.3716686651,-0.3813227926,-0.3915385848,-0.397523867,-0.3858108481,-0.3849675952,-0.3674111401,-0.3483552929,-0.3316667973,-0.3064202351,-0.2863094923,-0.2643672375,-0.251568566,-0.2336049756,-0.226683569,-0.2265459312,-0.2211301297,-0.240508548,-0.2560945741,-0.2821527082,-0.3289989756,-0.3720284994,-0.433566477,-0.4879874755,-0.5405386265,-0.5439850129,-0.5299574004,-0.4857507391,-0.4136910002
7.7,0.04933176663,0.04472502211,0.03507848706,0.02053033148,0.005500084784,-0.00621657087,-0.01121923236,-0.008490033617,-0.003688843377,0.008353637677,0.01625326629,0.02194586754,0.02293641694,0.01768855675,0.006006495322,-0.01262172922,-0.03486247681,-0.06316820595,-0.08548051213,-0.09742021552,-0.08856858462,-0.0627453524,-0.02380597485,0.01314282689,0.03599180713,0.0506430289,0.05249995777,0.0481981497,0.0340083755,0.01707153177,-0.006661200707,-0.02944457502,-0.0416126261,-0.04257388905,-0.02797572546,-0.009026750993,0.01362339576,0.02483129815,0.03390750611,0.03668794495,0.03181406713,0.02364392164,0.007306751,-0.01518553178,-0.04820223077,-0.08428473094,-0.1127312773,-0.09710892612,-0.02540180866,0.04763054832,0.07944813099,0.08952077041,0.09026384261,0.08528877112,0.07779684709,0.06696405814,0.05586104295,0.03580448441,0.01200259479,-0.0187180475,-0.05724297393,-0.06957270542,-0.06789983036,-0.05667386244,-0.04602110229,-0.04305532622,-0.04349162134,-0.04832435673,-0.05644564888,-0.06990059847,-0.08829371392,-0.1154106871,-0.1538850182,-0.1974309789,-0.1370432378,0.03908133212,0.0753360853,0.06059046458,0.04956177,0.04130453354,0.03956867384,0.02276782493,-0.005918297067,-0.05345759813,-0.05965254855,-0.01750149573,-0.03285027934,-0.05966984071,-0.08829600387,-0.1166246771,-0.1375416292,-0.1505755615,-0.1784862559,-0.2132360143,-0.229226996,-0.1951651768,-0.1242957256,-0.08465111237,-0.08155244043,-0.1202443205,-0.2311231449,-0.293817371,-0.3263534741,-0.3606123401,-0.3733258118,-0.4004320215,-0.4067343122,-0.401604865,-0.4135848141,-0.3853996944,-0.3758513188,-0.3616646243,-0.3299890914,-0.3176259977,-0.2874179594,-0.2598322718,-0.2220268924,-0.1907793437,-0.1543197023,-0.1213288192,-0.1028257426,-0.08423550562,-0.0821839067,-0.08696267085,-0.1033786532,-0.1269273314,-0.1600438075,-0.2014022904,-0.2403406527,-0.2918541985,-0.3356674978,-0.3765225893,-0.4160229865,-0.4372242514,-0.4529118989,-0.4556079227,-0.4478750665,-0.4319705947,-0.4087325973,-0.3820142959,-0.3542814147,-0.3241348528,-0.2966876048,-0.2704617535,-0.2504263061,-0.2307124288,-0.2186760273,-0.2123213176,-0.2051382684,-0.2124620549,-0.2191964959,-0.2317584118,-0.2596443759,-0.285172788,-0.331369795,-0.3830569694,-0.436394376,-0.4673784955,-0.4761072867,-0.4549745042,-0.3950693771
7.8,0.04197323494,0.04571929296,0.04185209963,0.03091151355,0.01607245831,0.001928520905,-0.007645786936,-0.009269734075,-0.008135481917,0.004091228273,0.01342181449,0.0218768554,0.02724576181,0.02506181213,0.01695258542,0.0005051017508,-0.02015585224,-0.05222635568,-0.0823927652,-0.1071984907,-0.1171715192,-0.1015931855,-0.06574434895,-0.01944853476,0.0166788839,0.04565386668,0.05647692492,0.05871366443,0.04987112128,0.03576459907,0.01348069844,-0.01170072828,-0.02854921533,-0.03887528065,-0.03007180149,-0.01330599162,0.009767744617,0.02385496657,0.03514070578,0.03978930941,0.03606096511,0.02835985483,0.01174591309,-0.01220034674,-0.04875837241,-0.09504052527,-0.1446356013,-0.1604093973,-0.1035316032,-0.001151651018,0.06060726172,0.0837432743,0.09138333793,0.08882177501,0.08379860234,0.07490723149,0.06572668189,0.04886603042,0.02936002323,0.004462198389,-0.02921367701,-0.04155283006,-0.04225471997,-0.03243371308,-0.02325970893,-0.02063270161,-0.02169114326,-0.02665632404,-0.03456391801,-0.04757058548,-0.06559848955,-0.09377056547,-0.1359268295,-0.206802979,-0.2096660802,-0.01501324315,0.04589098866,0.03905459151,0.03229372709,0.025969545,0.02446867129,0.007079414901,-0.01984559377,-0.05981419885,-0.0512175073,-0.02427396426,-0.04037285248,-0.06271397927,-0.08589464147,-0.1093148544,-0.121400999,-0.1268935766,-0.1525254605,-0.1792260386,-0.1774454568,-0.1319026521,-0.08272466055,-0.06660021502,-0.06895276765,-0.1036173015,-0.1951295087,-0.2372613465,-0.2638136142,-0.2974167127,-0.3065401713,-0.3488467852,-0.3640517682,-0.3712811049,-0.4037522229,-0.3819320369,-0.3850615811,-0.3761352733,-0.3448797421,-0.3280021089,-0.2898239674,-0.2550613366,-0.2052891436,-0.1726964395,-0.1330582619,-0.1004847052,-0.08457905521,-0.06591724843,-0.06340605999,-0.06432589536,-0.08037380016,-0.09594461052,-0.1276175638,-0.1710579111,-0.2057765748,-0.2715435173,-0.3210748075,-0.3723677235,-0.4192991891,-0.4465149788,-0.4625908496,-0.4592401127,-0.4569463839,-0.4268281831,-0.4025789023,-0.3735631702,-0.3394980191,-0.3114494428,-0.2821280611,-0.2575029103,-0.2339670962,-0.2175837088,-0.2033322875,-0.1932038819,-0.1873117526,-0.1840697052,-0.1842536644,-0.1854197899,-0.1944915221,-0.2015500639,-0.2231172864,-0.2568807555,-0.2943384933,-0.3420395478,-0.3709190218,-0.379131656,-0.3470695064
7.9,0.01708956284,0.03203951619,0.03645223591,0.03257673156,0.02197581717,0.009355536761,-0.001600947917,-0.006069851548,-0.007216562229,0.004028769922,0.01469713248,0.02555212206,0.03594921211,0.0368828672,0.03342438096,0.02105860234,0.003062824366,-0.02800290065,-0.06235947373,-0.09696385293,-0.1264665446,-0.1282667515,-0.1075844818,-0.06344044305,-0.01728064494,0.02807446855,0.05227776642,0.06402469023,0.06301673539,0.05263950428,0.03351569643,0.008036141878,-0.01176009274,-0.03049118233,-0.02845052021,-0.01473437149,0.007539937662,0.02620733226,0.04073281147,0.04849591658,0.04766293245,0.04163252072,0.02678815807,0.003960411054,-0.03241060193,-0.08397764269,-0.1503339478,-0.2023797607,-0.1847252104,-0.07934078908,0.01822071801,0.06369313011,0.08378831359,0.0851175655,0.08378979487,0.07719365295,0.06919298108,0.05465727075,0.03737480268,0.01617635397,-0.01230047561,-0.02222503176,-0.02107820518,-0.008966665562,0.001132402869,0.00538856028,0.004994985534,0.001206096593,-0.005414662322,-0.01609833618,-0.03138769168,-0.05633926682,-0.09383616954,-0.1769336342,-0.2444365642,-0.06088169604,0.025923969,0.02566080107,0.02287664393,0.01840786449,0.01697572745,-0.0001634018971,-0.02477158566,-0.05744602759,-0.04186065241,-0.02604804414,-0.04140255409,-0.05905689919,-0.07741631405,-0.09740819176,-0.1036132355,-0.105474421,-0.1297726122,-0.1502074568,-0.1406418517,-0.1004378357,-0.07087576237,-0.0631526644,-0.06498755122,-0.09438460289,-0.1641419066,-0.18609756,-0.2012124179,-0.2245866611,-0.2286375205,-0.2706620409,-0.2896344065,-0.3063360835,-0.3496979191,-0.3409813884,-0.3569738219,-0.3573251223,-0.3363257575,-0.3211121962,-0.2856570692,-0.2521853995,-0.2019833944,-0.1713172325,-0.1325208861,-0.1006819905,-0.08379124953,-0.06328695361,-0.05743954901,-0.05387998236,-0.065996551,-0.07508083338,-0.1021197444,-0.1418644354,-0.1706537678,-0.2375946357,-0.2844488448,-0.3359283774,-0.3783252693,-0.4058486921,-0.4174671439,-0.4080506521,-0.4113602069,-0.3731777079,-0.353354725,-0.3281811231,-0.2958097642,-0.2753377167,-0.2505424372,-0.2330639147,-0.2092811794,-0.2006913444,-0.186338298,-0.174756635,-0.171382004,-0.1604994634,-0.1566962891,-0.1500417098,-0.1486310015,-0.1428045977,-0.1463582998,-0.1607342464,-0.1751017662,-0.2224590476,-0.2605280641,-0.2946781001,-0.2961581455
8,-0.02576505953,0.0005293361795,0.01559563036,0.02255698085,0.02139889934,0.01406566723,0.005466337121,-7.117768137e-05,-0.001664859244,0.006864183899,0.01834027212,0.03087422923,0.04591716149,0.05036354315,0.0523323239,0.04587213958,0.03155036267,0.00629326344,-0.02761161229,-0.06653421612,-0.1105930528,-0.1323565034,-0.1355794208,-0.1086169748,-0.06382783808,-0.008938209122,0.03062190955,0.05513355414,0.06573852452,0.06111822916,0.04776455962,0.02507047741,0.004603037299,-0.01969730584,-0.0247431771,-0.01510688126,0.004538730751,0.02894924277,0.04759872513,0.05970566767,0.06334611657,0.06036053829,0.04937067299,0.03050742262,-0.001229447188,-0.05096285772,-0.1241003133,-0.2060381418,-0.2388948066,-0.1654959207,-0.04549645844,0.02913562495,0.06829192819,0.07498646563,0.07861816496,0.07478136244,0.06733711323,0.05465178759,0.03774181118,0.01751532082,-0.008376184675,-0.01713215541,-0.01254933626,0.004868192441,0.01881106251,0.02688492356,0.02856215457,0.02696426582,0.02232076866,0.01470544655,0.003142725042,-0.01642226523,-0.04385788958,-0.1219530346,-0.2373441795,-0.09709276675,0.01697484334,0.02163926663,0.02241327044,0.01965551288,0.01804741668,0.001824335523,-0.02047905906,-0.04711869332,-0.02922287744,-0.02035770047,-0.03435187514,-0.04794935368,-0.06271306303,-0.08092354535,-0.08408995586,-0.08534243445,-0.1093825683,-0.1266490667,-0.116876326,-0.08515652782,-0.06563114228,-0.06071873747,-0.061923799,-0.08782428252,-0.14019754,-0.1482590016,-0.1531669816,-0.1640339765,-0.1647472356,-0.1938684716,-0.2107398591,-0.2309187289,-0.2709102886,-0.2776720202,-0.3014564536,-0.3105683129,-0.3057564711,-0.2946440594,-0.2693178068,-0.24218411,-0.1984908821,-0.1707390755,-0.1344842808,-0.1037678221,-0.08501651489,-0.06365878943,-0.05527219324,-0.04921278528,-0.05795201375,-0.06390475927,-0.08684111139,-0.1210571095,-0.145043376,-0.201863176,-0.238954093,-0.2800357112,-0.3068350369,-0.3284631384,-0.3318917265,-0.3187878741,-0.3254844179,-0.289230594,-0.277862618,-0.2613451166,-0.2389087211,-0.2282939546,-0.2130032486,-0.2057039769,-0.1844066491,-0.1852337645,-0.1719939788,-0.1606030432,-0.158745701,-0.1435159225,-0.1371214711,-0.1254426703,-0.1221047235,-0.1093058802,-0.1080629629,-0.1144940206,-0.1156441012,-0.154922537,-0.1910389473,-0.2399354677,-0.266055647
8.1,-0.07653837774,-0.04526023576,-0.02100347242,-0.002050274264,0.01123819511,0.01218141818,0.01015186258,0.005869844606,0.005763814834,0.01032785503,0.02187979845,0.03549189571,0.05376607092,0.06284162244,0.07065649153,0.0715059095,0.06195000728,0.04587107348,0.01673429348,-0.02051646777,-0.07046322218,-0.1095977225,-0.1385530621,-0.1395417685,-0.110230354,-0.06106737789,-0.01144961899,0.02584906849,0.05135419994,0.0551498305,0.05063482722,0.03427349578,0.01560272002,-0.01001384391,-0.02155246403,-0.01699033624,-0.002443329272,0.02779845903,0.05106179388,0.06863422985,0.07813216184,0.07945332713,0.07395465408,0.06126118144,0.03781961082,-0.0031747381,-0.07052433759,-0.1668462892,-0.2464282414,-0.2311812035,-0.1187734986,-0.01821580603,0.04551605412,0.05959329011,0.06950888565,0.06932365468,0.06211030991,0.05187959991,0.03461024583,0.01378216297,-0.01195158804,-0.023410534,-0.01746878295,0.005460194175,0.02538248053,0.03875340886,0.04365855699,0.04476743913,0.04244237795,0.03758414636,0.02944875151,0.01505044409,-0.00236923442,-0.06417024029,-0.1969548018,-0.1257668645,0.0156264491,0.02417771528,0.02819693543,0.02701176613,0.02498231645,0.01006101749,-0.01017667679,-0.03196828851,-0.01451729944,-0.009198216913,-0.0218160444,-0.03219537523,-0.0446195353,-0.06242851152,-0.0647003643,-0.06728501326,-0.09198730978,-0.1083003816,-0.100566069,-0.07426298672,-0.05993989492,-0.05694150126,-0.05861033205,-0.08257850419,-0.1226591916,-0.1228319833,-0.1216669975,-0.1243612993,-0.123282285,-0.1386911387,-0.1501590578,-0.1678950048,-0.1946404288,-0.2121896651,-0.2361726855,-0.249607556,-0.2604599371,-0.2529080194,-0.2404745758,-0.2219860405,-0.18870525,-0.165533916,-0.1341590175,-0.1066247934,-0.08672128646,-0.06655764692,-0.05683297856,-0.05008478589,-0.05672855279,-0.06233524018,-0.08285545035,-0.1119892911,-0.1334593921,-0.1743504032,-0.1986598376,-0.2228551992,-0.2300156976,-0.2404816521,-0.235096507,-0.2222144512,-0.227291276,-0.2028579868,-0.1999453507,-0.1934388462,-0.1846190306,-0.1830571001,-0.1786553613,-0.1808196534,-0.1647779506,-0.1726272059,-0.161301979,-0.1508445357,-0.1483190593,-0.131422552,-0.1227881768,-0.1081860564,-0.1064098281,-0.09103359024,-0.09215589454,-0.09978994246,-0.1018458319,-0.1382707188,-0.1725109954,-0.2276157599,-0.2642840725
8.2,-0.1175336215,-0.09211057278,-0.06562959903,-0.03928864656,-0.01148277471,-0.001409439093,0.006375713271,0.006173434732,0.009116154471,0.0102042948,0.021213564,0.03574917148,0.05538769616,0.07084046096,0.08473687988,0.09374163433,0.09023510283,0.0846597095,0.06349575419,0.03302339517,-0.01305413522,-0.06217838925,-0.1111878677,-0.1422458713,-0.1383210803,-0.1104393875,-0.06292405064,-0.01892185169,0.0205800821,0.03446443008,0.04087847055,0.03357377629,0.01834563505,-0.004393730125,-0.02118011254,-0.02254436651,-0.01571447875,0.01857082274,0.0462298069,0.0701542148,0.08680605672,0.09331446941,0.09412892503,0.08834560812,0.07461052653,0.04596975204,-0.005359123225,-0.09564838388,-0.2036366829,-0.2550551313,-0.1823383282,-0.07256492612,0.01549296632,0.04007363404,0.05748748335,0.0622170374,0.05544677673,0.0489338525,0.03170923882,0.01019481569,-0.01581987951,-0.03370906264,-0.03039058246,-0.004829821924,0.02171517591,0.0407439237,0.04972270323,0.05377891753,0.05391037991,0.05128033578,0.04585628566,0.0353918826,0.02439227148,-0.02044296293,-0.1422197888,-0.1486624604,0.01575791269,0.02844533167,0.03566738543,0.03597859919,0.03337824041,0.019858351,0.001423807497,-0.01665208434,-0.001750825578,0.003115876738,-0.008146509722,-0.01592676612,-0.02706649039,-0.04539463873,-0.04825900766,-0.05326599841,-0.07853617784,-0.09413024243,-0.08792154787,-0.06469913678,-0.05369675048,-0.05257104035,-0.05580170928,-0.07856608144,-0.1095859534,-0.1051647261,-0.1009495696,-0.1005000797,-0.09743966383,-0.1062125347,-0.1126189739,-0.1255528791,-0.139969282,-0.1594464979,-0.1783707962,-0.190726762,-0.2111248005,-0.2053428938,-0.204304497,-0.1946519049,-0.1731504939,-0.1564808727,-0.1321919447,-0.1104165132,-0.09012403271,-0.0737191243,-0.06340102154,-0.05694070735,-0.06294686556,-0.06916968902,-0.08849353048,-0.1127093195,-0.1333376856,-0.1568199366,-0.1694862697,-0.1772147485,-0.1692543,-0.1683016792,-0.1574431608,-0.1480545352,-0.1469321324,-0.1378578766,-0.1394027832,-0.1402607727,-0.1426623476,-0.1473351255,-0.1517181452,-0.1599616302,-0.1514403058,-0.1616553107,-0.1529827377,-0.14366803,-0.1388667,-0.1221475076,-0.1116914296,-0.09642552083,-0.09610453276,-0.08245982023,-0.08778964866,-0.0996297976,-0.109433718,-0.1480004027,-0.1854797655,-0.2428074542,-0.2821173244
8.3,-0.1329554542,-0.1230811293,-0.103767069,-0.07914066576,-0.0444736051,-0.02784381537,-0.01061637405,-0.004759460961,0.001595727931,0.001475606043,0.01133674414,0.0265867888,0.04580524807,0.06897763825,0.08917153355,0.1066795127,0.1106779945,0.1150439134,0.10344887,0.08281589218,0.04836820833,-0.0002824782713,-0.05743455944,-0.1111862559,-0.1346611614,-0.136671558,-0.1042835895,-0.06387205469,-0.0171752674,0.005946776416,0.02303173277,0.0256805094,0.01441068997,-0.002828519698,-0.02345318346,-0.03147752615,-0.03439911164,-0.0004582729058,0.03008603886,0.06067282545,0.08573077677,0.09806479711,0.1053520129,0.1058641737,0.100892577,0.08349772143,0.05090406975,-0.01725643934,-0.1252135767,-0.2307923394,-0.2182694804,-0.1234271001,-0.02033718816,0.01808798832,0.04376604186,0.05461300839,0.04913282593,0.04736722873,0.03125831777,0.009943452675,-0.01528156548,-0.04122911192,-0.04417568731,-0.02054464381,0.01163171711,0.03588384036,0.04948828342,0.05667012996,0.0593509884,0.0587181071,0.05557133586,0.04817098423,0.04051400786,0.007820822986,-0.0914328756,-0.1652887082,0.01110348579,0.02989019223,0.04046605881,0.04227297518,0.03914443896,0.02683599246,0.009900886467,-0.005647707349,0.006045372952,0.01329922963,0.003362342567,-0.002444475916,-0.01318672651,-0.03230295556,-0.03671394671,-0.04456948135,-0.06895840689,-0.08290767754,-0.07782585923,-0.05702286334,-0.04823493549,-0.04879583299,-0.05435440448,-0.07592123922,-0.09935304808,-0.09217237279,-0.0862104701,-0.08504631754,-0.08006234026,-0.08750183901,-0.09087519889,-0.09989849933,-0.1086122819,-0.1240898922,-0.1373908837,-0.1456565859,-0.1682882007,-0.1624238209,-0.1685559849,-0.1660942891,-0.1548526582,-0.1459121165,-0.129796151,-0.1158651423,-0.09627728809,-0.08620694626,-0.07604214306,-0.07031876604,-0.07735434338,-0.08338700829,-0.1017133056,-0.119863113,-0.139493963,-0.1457054913,-0.149185332,-0.1451430939,-0.1292307844,-0.1219578365,-0.1100752122,-0.1050918418,-0.09764799563,-0.100210354,-0.1021298053,-0.1062949388,-0.1150824583,-0.1226395551,-0.1323535652,-0.1428312495,-0.1426500263,-0.1510120179,-0.1456575812,-0.1377465134,-0.1304951368,-0.1153756635,-0.1041063578,-0.09054925193,-0.09064600578,-0.08261295169,-0.09233527585,-0.1093184633,-0.1281229903,-0.1690411016,-0.2096629405,-0.263414164,-0.3028635434
8.4,-0.1156254383,-0.1259610565,-0.1213650772,-0.1076651172,-0.07819632785,-0.06051708246,-0.03868681419,-0.02726900301,-0.01867954212,-0.01749612808,-0.009642523933,0.005097058709,0.02198887633,0.05193606619,0.0781057121,0.1040107496,0.1171149441,0.1301184446,0.1283078249,0.1180780276,0.09835491992,0.05950042996,0.008274892797,-0.05332246457,-0.09745673645,-0.1285683835,-0.1197210614,-0.09280636753,-0.04925792552,-0.02049592919,0.004372611734,0.01592597579,0.008504051673,-0.002377718559,-0.02526661552,-0.0401619254,-0.05348552441,-0.02647763806,0.003401716025,0.03934713218,0.0736228157,0.09242582432,0.1062699121,0.1121355082,0.1140543757,0.1043336956,0.08612165422,0.0429063791,-0.04067261277,-0.1687064166,-0.218097596,-0.1594693502,-0.05758791083,-0.003766687412,0.03016385067,0.04770646382,0.04474280417,0.04780374,0.03393901366,0.01396758517,-0.00910703833,-0.04227177513,-0.05358053205,-0.03648651916,-0.001210555898,0.02751377785,0.04592602308,0.05631160043,0.06160257215,0.06284756446,0.06177122687,0.05699137938,0.05138692628,0.02713999128,-0.05128669327,-0.172869992,-0.002190420005,0.02603785436,0.04002131345,0.04335001097,0.03994436157,0.0285388376,0.01297861716,-0.0005607632751,0.009137776781,0.02000130236,0.01108488978,0.006374108096,-0.004559834748,-0.02390754748,-0.03032539384,-0.04102295814,-0.06266371511,-0.07446651282,-0.0708559979,-0.05249317322,-0.04498395313,-0.04677243485,-0.05503198896,-0.07527197155,-0.09226727305,-0.08373280612,-0.07637465499,-0.07475509111,-0.06888250667,-0.07606204913,-0.07823097531,-0.084985162,-0.09260947658,-0.1034405642,-0.1131466745,-0.1176016587,-0.137714784,-0.1310213944,-0.1396478286,-0.1416067914,-0.1373351496,-0.1358249921,-0.1276578059,-0.1224476595,-0.1053577063,-0.1035377594,-0.09490358806,-0.09058702185,-0.1002360559,-0.1046018168,-0.1210369585,-0.1311381146,-0.1477103991,-0.1376428786,-0.1337261598,-0.1225316828,-0.1035151722,-0.09516305721,-0.08484625189,-0.08377912246,-0.07299795083,-0.08232015733,-0.0831008634,-0.08790741137,-0.09941766822,-0.1071797281,-0.1191410623,-0.1288731288,-0.1363401699,-0.1403689915,-0.1388423853,-0.1329561552,-0.1244007979,-0.112306428,-0.1017350771,-0.0920680135,-0.09158424662,-0.09193377154,-0.1052271025,-0.1267976505,-0.1522153158,-0.1922361892,-0.2308533944,-0.2730479399,-0.3105151052
8.5,-0.06949244581,-0.09815438274,-0.1112146454,-0.1140510408,-0.1003801709,-0.08782253489,-0.0685083256,-0.05460421308,-0.04592213174,-0.04220802896,-0.03730961669,-0.02541534294,-0.01314099112,0.01905482003,0.04895068196,0.08190755178,0.1055449793,0.1265432411,0.1346525323,0.1342066539,0.1280764375,0.1030654897,0.06727833621,0.01403518836,-0.03738126528,-0.08792345488,-0.1039871345,-0.09666850407,-0.06630461679,-0.03716309608,-0.009157641775,0.008870147394,0.005082884462,0.0003806073727,-0.02274320912,-0.04350661461,-0.06579870971,-0.05246029432,-0.028678285,0.00845638359,0.05100879982,0.07669711445,0.09746109748,0.1083240261,0.1157352986,0.111022174,0.1016783895,0.07622805003,0.02235359007,-0.09170811842,-0.1849310892,-0.173487467,-0.09064677556,-0.02296318448,0.01838896551,0.0423804397,0.04309338037,0.05004660169,0.0391598265,0.0214081952,0.001295130965,-0.03646953842,-0.05637494561,-0.04932347562,-0.0146817754,0.01759506261,0.04059350187,0.05407551496,0.06197214558,0.06479380084,0.06553738192,0.06294443693,0.05888664368,0.04128604147,-0.01994386401,-0.1677922282,-0.02390361327,0.01728239457,0.03443339742,0.03926778201,0.03592652177,0.02533526838,0.01150298266,0.0003262572557,0.009139447582,0.0226888972,0.01458143892,0.0101871135,-0.00103494262,-0.01956573356,-0.02818001084,-0.04166552408,-0.05969900947,-0.06996472097,-0.06804128934,-0.05203058934,-0.04515258608,-0.04768915411,-0.05865994108,-0.07781671282,-0.09017423995,-0.08099671911,-0.07222394435,-0.06943195046,-0.0635767781,-0.069510002,-0.07143290024,-0.07704217617,-0.08484079352,-0.09286376681,-0.1008570713,-0.1033637865,-0.1192919536,-0.1123883662,-0.1202486422,-0.1238528628,-0.1232979028,-0.1273299297,-0.1258657623,-0.1287850495,-0.1163022244,-0.123500513,-0.1184636832,-0.1169466836,-0.1302766621,-0.1320830445,-0.1449288779,-0.1452154569,-0.1556271558,-0.1316358356,-0.1214258604,-0.1061215691,-0.08661442383,-0.07959325567,-0.07174562691,-0.07398273698,-0.06276358204,-0.07609051348,-0.07597431967,-0.08039245935,-0.09249901862,-0.09879396,-0.1106718302,-0.1178220016,-0.1311439207,-0.1302497178,-0.1328123056,-0.129869055,-0.1220892372,-0.1145731222,-0.1066238904,-0.1027692955,-0.1011693002,-0.1112072291,-0.1261445189,-0.1497728344,-0.1765129328,-0.2101072264,-0.2397849146,-0.2638244494,-0.2961181753
8.6,-0.009302240727,-0.04785764909,-0.07556182749,-0.09487303128,-0.1020128851,-0.09894670159,-0.08846508979,-0.0764001945,-0.06981630467,-0.06405938522,-0.06261638243,-0.05593465237,-0.05015837847,-0.02279486194,0.005973958687,0.04196031899,0.07577812482,0.1046799117,0.1235889974,0.132904947,0.1381802788,0.1263737232,0.1073935001,0.07172228524,0.02679771954,-0.02798686531,-0.0629734328,-0.07582205163,-0.06523950519,-0.04110413618,-0.01503593943,0.006402091452,0.006191293159,0.007032113376,-0.01389481678,-0.03808376176,-0.06575589506,-0.07018747372,-0.05796985902,-0.0263575037,0.02027638057,0.05215713508,0.08011551291,0.09629532725,0.1086698373,0.1082189162,0.1047437133,0.0900691556,0.05689625286,-0.02415671413,-0.1309151845,-0.1642128867,-0.1148782384,-0.03821781222,0.009031984257,0.03868905359,0.04387014172,0.05334086743,0.04567966606,0.0306354116,0.01357808891,-0.02541271985,-0.05247452765,-0.05719112473,-0.02745161029,0.0070214882,0.0339948177,0.0502513313,0.06068921991,0.06457340348,0.06679932777,0.06587701576,0.06289273925,0.05064562169,0.003855347517,-0.1489849162,-0.05089191088,0.005874966831,0.02575245984,0.03201480408,0.02902771837,0.0194306488,0.007879985534,-0.0008516082244,0.006426077596,0.02129951113,0.01448412407,0.01005747037,-0.001274792263,-0.01828274474,-0.02936515348,-0.04573346754,-0.06074076961,-0.07056474734,-0.06970544008,-0.05573509704,-0.04930023391,-0.05234029329,-0.0657230809,-0.0844361416,-0.09443818851,-0.08443356545,-0.07428826558,-0.06958554899,-0.06384520392,-0.06740271614,-0.06918753233,-0.07418090296,-0.08173126849,-0.08891277063,-0.0961371129,-0.09838858497,-0.1102198618,-0.1042024283,-0.1098302576,-0.1129960224,-0.1140070455,-0.1207223622,-0.1241216375,-0.1333133336,-0.1270413456,-0.1426688169,-0.1433675883,-0.1465759254,-0.1636995023,-0.1634169781,-0.1708937762,-0.1609968948,-0.162534947,-0.1286429773,-0.1131159718,-0.09551796944,-0.07702534411,-0.07163908432,-0.06642516084,-0.07123488898,-0.06174768211,-0.07738158409,-0.07717827484,-0.08101945003,-0.09228843422,-0.09626247651,-0.1062819153,-0.1100024524,-0.1265652321,-0.1217290497,-0.1281905922,-0.1290508288,-0.1245604596,-0.1230820522,-0.1199982384,-0.123529265,-0.121196238,-0.1402416299,-0.1539354532,-0.1753349149,-0.1964961097,-0.2180119592,-0.2330939578,-0.236708751,-0.2605243576
8.7,0.04506124008,0.008708521247,-0.02532958276,-0.05514273731,-0.08078778379,-0.08836668743,-0.09006833092,-0.08387636457,-0.08092954609,-0.07503383737,-0.07675592542,-0.0764921444,-0.0775319438,-0.06161649896,-0.03987674699,-0.007457793047,0.03233814627,0.06768818131,0.09784441957,0.1175679338,0.132998372,0.1326161339,0.1270014425,0.1085376073,0.07714236438,0.03161553618,-0.01106890824,-0.03883094294,-0.04906539018,-0.03393994439,-0.0140211397,0.007783845787,0.01130043487,0.0168439799,0.000480600912,-0.02377993771,-0.05201570486,-0.0738458788,-0.07625061918,-0.05691802089,-0.0134496988,0.02201964055,0.05645742007,0.07837708531,0.09572944552,0.09990537169,0.1012926717,0.09398563228,0.07280815518,0.02178451749,-0.0722293052,-0.1358558743,-0.1271512437,-0.04964436663,0.001235511208,0.03563473771,0.04567167407,0.0565507773,0.05204076757,0.03991011913,0.0255522507,-0.01152227335,-0.0431830503,-0.05930994755,-0.03829186271,-0.003629443828,0.02637020998,0.04492166322,0.05786541754,0.06227473036,0.06573238058,0.06608661493,0.06373558207,0.05570034811,0.02028086443,-0.1199821375,-0.07937979925,-0.005918846511,0.0162211368,0.02382329667,0.02138837233,0.01294679795,0.003849238178,-0.003516124995,0.0007850187404,0.01701738241,0.01243764221,0.007807238595,-0.003686564867,-0.01943346973,-0.03337874991,-0.05259077768,-0.06588648103,-0.07604596872,-0.07513247291,-0.06290467713,-0.05702925909,-0.06054782545,-0.07581869692,-0.09487674621,-0.1047183342,-0.09328963723,-0.08219081107,-0.07544498159,-0.06928313605,-0.07009167266,-0.07130802905,-0.07582438849,-0.08218267609,-0.08986106581,-0.09653243879,-0.09942669311,-0.107981847,-0.103581643,-0.1068074361,-0.1082933388,-0.1099803709,-0.1163586741,-0.1226269965,-0.1354731253,-0.1358191045,-0.1579810356,-0.1657013926,-0.1752584311,-0.1949583834,-0.1943076818,-0.1953473077,-0.1769806992,-0.1686557159,-0.130042274,-0.1104094379,-0.09153782681,-0.07496327874,-0.07042706822,-0.06765556803,-0.07413971185,-0.06792053744,-0.08445734961,-0.08507994144,-0.08858297375,-0.09782961655,-0.09928413211,-0.1060719355,-0.1062158185,-0.1229726126,-0.1160618935,-0.1256561173,-0.1307230147,-0.1318551088,-0.1373942439,-0.1413811741,-0.1531637464,-0.1514567153,-0.1764363925,-0.1856705705,-0.1999990592,-0.209374345,-0.2153821731,-0.2137741284,-0.2001876183,-0.2134877486
8.8,0.07965283213,0.05487286329,0.02424012958,-0.00675541926,-0.04201531034,-0.058082844,-0.07132671978,-0.07344974884,-0.07463932173,-0.0712012215,-0.07508063063,-0.08071328434,-0.087065113,-0.08588960181,-0.0755124765,-0.05335387882,-0.01541540147,0.02202104915,0.06116029521,0.09107208587,0.1158095327,0.1256992508,0.1299098181,0.1238578409,0.1053252488,0.07407230909,0.03465177046,0.0008980643597,-0.02510810218,-0.02041951092,-0.00893320682,0.01074250567,0.01813055099,0.02752269691,0.01747103352,-0.003519775044,-0.02778296595,-0.06217722759,-0.078474103,-0.07531465558,-0.04288508006,-0.008072933071,0.03045317,0.05786558558,0.08014506894,0.08941207545,0.09529713471,0.09374507891,0.08023632347,0.0484870169,-0.02268194605,-0.09715938085,-0.1262731911,-0.05807428985,-0.006729838332,0.03146950307,0.04646948501,0.05830172716,0.05675810383,0.04755402336,0.03544919293,0.002371317769,-0.03106589357,-0.05643135473,-0.04645753224,-0.0140008381,0.01794387261,0.0383425113,0.05388980301,0.05853439351,0.06322349677,0.06478186817,0.06285572517,0.05832305881,0.03130343,-0.08702365086,-0.1051230607,-0.0165654255,0.007293794073,0.01615940482,0.01441189057,0.007104838909,9.765522469e-05,-0.007658742673,-0.006808328713,0.01206652737,0.01025185934,0.005071086602,-0.007105451353,-0.02275550159,-0.03976775986,-0.06130606715,-0.07416380666,-0.08503697742,-0.08322383797,-0.07239769528,-0.0670234358,-0.0710733603,-0.08780383788,-0.1080518277,-0.1193677954,-0.1061794921,-0.09489889598,-0.08674292743,-0.07947578509,-0.07809546911,-0.0781423868,-0.08209096809,-0.08638585191,-0.09506995925,-0.1009787237,-0.1046111047,-0.1110619,-0.1083855837,-0.1098947922,-0.1093512252,-0.1117888661,-0.1154855157,-0.1228824281,-0.1366803029,-0.142551329,-0.1683960155,-0.1827964745,-0.1990218655,-0.2187095772,-0.2197281494,-0.2143495044,-0.1909588853,-0.1740673349,-0.1359579202,-0.1138585068,-0.09442242758,-0.08042610164,-0.07568234091,-0.07505198683,-0.08234393528,-0.08023693602,-0.09651804236,-0.09872922064,-0.1023400667,-0.1086081357,-0.1078768809,-0.1105089739,-0.1073742033,-0.1215222537,-0.1144935702,-0.1260393041,-0.1350794609,-0.1433593578,-0.1560403152,-0.1684776277,-0.1879772094,-0.1885168096,-0.214284915,-0.2165123194,-0.2200860707,-0.2145481698,-0.2052059201,-0.1891891067,-0.1657197783,-0.1687316906
8.9,0.09340272911,0.08253076992,0.06134275816,0.03684623289,0.003222768859,-0.01704990817,-0.03761065344,-0.04802671737,-0.05286545749,-0.05400044758,-0.05868345059,-0.0680524632,-0.0769672379,-0.08924218093,-0.09131274185,-0.08344684103,-0.05589622412,-0.02292864695,0.01921242267,0.05661878244,0.08879389037,0.1082207572,0.1201077908,0.1225828392,0.1135568909,0.0942197579,0.06342356224,0.03159646423,-0.00168018086,-0.006123771462,-0.003131995797,0.01265123572,0.02366863679,0.0360193231,0.03310411156,0.01790700675,0.0007017339066,-0.03867103239,-0.06455165809,-0.07710618158,-0.06127816063,-0.03172801836,0.006973724857,0.03846826883,0.06500440746,0.07928227161,0.08919689768,0.09224145168,0.08414898696,0.06356181459,0.01205517378,-0.05828436584,-0.1138030404,-0.06411531085,-0.01626336608,0.02449049514,0.0443961677,0.05723756168,0.05851337564,0.05210160815,0.04197626718,0.01363166686,-0.01924658347,-0.05074147183,-0.05213071771,-0.02412866327,0.008827970844,0.03088102105,0.04921878047,0.0542127421,0.06031295263,0.06325930299,0.0617402416,0.06043520499,0.03971475912,-0.05542729619,-0.1228139509,-0.02496347429,-0.0002701271103,0.009688912142,0.008706485163,0.00244337849,-0.003115175691,-0.01284035368,-0.01478125967,0.00807434336,0.008743548692,0.002503106141,-0.01119810466,-0.02818875023,-0.04812890472,-0.07115407118,-0.08447767571,-0.09615877917,-0.09307325301,-0.08303557572,-0.07764997494,-0.08245975643,-0.1009249514,-0.1233590613,-0.1365756307,-0.121772334,-0.1110596153,-0.1025503485,-0.09387030916,-0.09143658765,-0.08994295365,-0.09316917854,-0.09500470419,-0.1044223326,-0.1092252763,-0.1131245887,-0.1186478592,-0.1173028249,-0.1182056525,-0.1161171753,-0.119858502,-0.1198886202,-0.1272671985,-0.1399406392,-0.1490286064,-0.1753915701,-0.1942822757,-0.21559238,-0.2318378581,-0.2356830223,-0.2248634488,-0.2004649723,-0.1781851643,-0.1448413088,-0.1224022388,-0.103354073,-0.09259399638,-0.08705402626,-0.08834935104,-0.09581266462,-0.09805124015,-0.1131752792,-0.1174391,-0.1215857846,-0.1243472734,-0.1220562202,-0.1202024128,-0.1143632143,-0.1239714077,-0.1182991159,-0.1305257037,-0.1427607763,-0.1583179113,-0.1771583837,-0.1975750648,-0.222238218,-0.2257983391,-0.2464819015,-0.2407079521,-0.2323440756,-0.2130833177,-0.1919239367,-0.1670802374,-0.141550865,-0.1367615623
9,0.09303937659,0.09353983368,0.08278111267,0.06758947176,0.04310875614,0.02304888309,0.000723618005,-0.0156163624,-0.02316873554,-0.02946709986,-0.03385112977,-0.0439601068,-0.05228488356,-0.07269858736,-0.08471737441,-0.0911343153,-0.07979499192,-0.05764248514,-0.02067703882,0.01874930716,0.05462026035,0.0824849445,0.1008301122,0.1101586613,0.1083965237,0.097600848,0.07552600631,0.04931726204,0.01607014979,0.005242126631,0.001053743952,0.01164180433,0.02541068539,0.03940258126,0.04349184224,0.03530540933,0.02639811957,-0.01034186157,-0.03941853814,-0.06314666447,-0.06538271537,-0.04458847369,-0.01017998733,0.02295714876,0.05227268974,0.07082413611,0.08399187436,0.09060792847,0.08643484835,0.07279906305,0.03455677035,-0.02562840715,-0.09340041248,-0.06738258223,-0.02720787491,0.01411422344,0.03865170598,0.05253487953,0.05653068007,0.05266665858,0.04441145465,0.02059767666,-0.01018627449,-0.04472657519,-0.0561790441,-0.03433652611,-0.00105252304,0.02279521683,0.04402780958,0.04979439527,0.05741333415,0.06190182687,0.06075563307,0.06247095295,0.04673688687,-0.02810754859,-0.1279869741,-0.03032691585,-0.006102709231,0.004552606738,0.004340364118,-0.0009494191465,-0.005831099574,-0.01876922773,-0.02246383688,0.005251019042,0.00766758131,-0.0002102343874,-0.01637227507,-0.03572967123,-0.05832573684,-0.08213839971,-0.09633286012,-0.10841786,-0.1039180163,-0.09399073916,-0.08796820437,-0.09421374466,-0.1157642006,-0.1414477423,-0.1549837331,-0.1389119165,-0.1291231411,-0.1211805808,-0.1115576575,-0.1091524443,-0.1063296488,-0.1088266112,-0.1084835883,-0.1179115692,-0.1213690705,-0.1248502432,-0.1301331521,-0.1295335452,-0.1308083598,-0.1281770786,-0.1337498334,-0.1307032242,-0.1377022887,-0.1483023005,-0.1580364159,-0.1821748901,-0.2020756697,-0.2251057355,-0.2346358318,-0.2407288319,-0.2259978841,-0.203906901,-0.180165449,-0.1543397533,-0.1339139678,-0.1166609149,-0.1098180648,-0.1037693428,-0.1069922125,-0.1143605077,-0.1208322864,-0.1341621387,-0.1406376297,-0.1455745527,-0.1449156541,-0.1417022018,-0.1356718698,-0.1278450677,-0.1320379025,-0.1284848642,-0.1402480534,-0.1545382958,-0.1757504142,-0.1985970332,-0.2241113497,-0.2495616744,-0.2554029819,-0.2663491595,-0.2534801058,-0.2349197104,-0.2069612583,-0.1794002583,-0.1522440769,-0.1298522856,-0.1208661926
9.1,0.08451812383,0.09285104945,0.09101741863,0.08439122275,0.07042639044,0.05365127912,0.03368486448,0.01483906179,0.00545479024,-0.005119127877,-0.008954688845,-0.01743016524,-0.02271139271,-0.04416653948,-0.06086525119,-0.07751114349,-0.08340629614,-0.07572696375,-0.05134277895,-0.01679901395,0.01748121479,0.05143382574,0.07506943434,0.09075798133,0.09541306713,0.09176023189,0.0771365454,0.05711145912,0.02778310932,0.01316140431,0.003360752169,0.007634190021,0.02257861944,0.03618486726,0.04622924803,0.04484385191,0.04380043779,0.0147943442,-0.0113314454,-0.03934191592,-0.05680067347,-0.04613477615,-0.01981359531,0.01214886198,0.0422121619,0.06397900217,0.07944436059,0.08876984112,0.08753082831,0.07898751225,0.04984539397,0.0001057744097,-0.06838666661,-0.06626566194,-0.03731967996,0.001685817686,0.03006385378,0.04453118914,0.05104332491,0.04938568513,0.04279692094,0.02298285275,-0.004969410158,-0.04006963281,-0.05957247785,-0.04502659683,-0.01211336772,0.01386597711,0.03789184961,0.04495603764,0.05395960497,0.05989361721,0.0589824592,0.06324403762,0.05153520463,-0.006566613418,-0.1195063479,-0.03214831954,-0.009844950543,0.0008615649174,0.001352659843,-0.003164643538,-0.008398459631,-0.02561279093,-0.02955277442,0.00340818945,0.006692742259,-0.003614586341,-0.02315625708,-0.04521145009,-0.07019084188,-0.09436510812,-0.1094602298,-0.1209691341,-0.1150248523,-0.1049553044,-0.09818618725,-0.1070552429,-0.1337515828,-0.1633095539,-0.1734905542,-0.1564149304,-0.1474622367,-0.1405072814,-0.1311686391,-0.129358852,-0.1260585288,-0.1280910029,-0.1264315743,-0.135124952,-0.1372099738,-0.1396932334,-0.1446737776,-0.1443323137,-0.1464436101,-0.1443782185,-0.1519768872,-0.1476827104,-0.1546903793,-0.1634710443,-0.1721386392,-0.1922326045,-0.2094824773,-0.2299250744,-0.2306250641,-0.2365947248,-0.2195322102,-0.2015072776,-0.1796507417,-0.1624116614,-0.1460387704,-0.1321741507,-0.1298212659,-0.1243560015,-0.1297492369,-0.1371699999,-0.1476034302,-0.1588121284,-0.1673897737,-0.1731696466,-0.1697917865,-0.1662130682,-0.1568701878,-0.1478307911,-0.1465667748,-0.1452435061,-0.1555370417,-0.1704773684,-0.1941570228,-0.2178579429,-0.2436840488,-0.2648926981,-0.2709956137,-0.2703142907,-0.2528867728,-0.2282241056,-0.1984641889,-0.1699400756,-0.1457361584,-0.1286124647,-0.1187444771
9.2,0.07106814053,0.08390790296,0.08902882505,0.08928888478,0.08373023093,0.07178172497,0.05595258648,0.03758962232,0.02720235375,0.01377776027,0.009801394451,0.003534995293,0.001789834803,-0.01500241875,-0.03050884253,-0.05068146011,-0.06974431811,-0.07598517895,-0.0681510479,-0.0445575455,-0.01725694349,0.01876584056,0.04590857808,0.06737992381,0.07813328984,0.08134052028,0.07346049506,0.05937621609,0.03557710712,0.01907605267,0.005165691051,0.002463271452,0.0164961602,0.02735233226,0.04149468956,0.04559572844,0.05072197881,0.03104501482,0.01148607125,-0.01436825255,-0.04125307034,-0.03972355544,-0.02360355639,0.004752100218,0.03358671817,0.05761466056,0.07455304772,0.08594491513,0.08715498704,0.08276075038,0.0608052014,0.02052799618,-0.04099240429,-0.05904333639,-0.04325377369,-0.0097986635,0.02083178597,0.03497656627,0.04351977002,0.04363500939,0.03823988732,0.02188215409,-0.003206116167,-0.03726957637,-0.06281480714,-0.05644823199,-0.02506972959,0.003289697245,0.02983156465,0.03873141446,0.04881707961,0.05587397414,0.05505041338,0.06103309298,0.05240613225,0.007903413167,-0.09979795525,-0.03009667509,-0.01084603628,-0.0008646035359,0.0001735014287,-0.004083822943,-0.01097205876,-0.03298951572,-0.0346866297,0.002956153533,0.005979411563,-0.007814257223,-0.03148942321,-0.05604072126,-0.08293655098,-0.1070817393,-0.1231612816,-0.1328422086,-0.1255990735,-0.115704571,-0.1088782617,-0.121844462,-0.1555463477,-0.1884438883,-0.1907225501,-0.1729834384,-0.1645614518,-0.1585517352,-0.1509621012,-0.1497854864,-0.1471697589,-0.1491878553,-0.1473772844,-0.1548108692,-0.1557140401,-0.1568742508,-0.1610044311,-0.1606028581,-0.1635054052,-0.1628937586,-0.17231383,-0.1691266656,-0.1770010353,-0.1851071986,-0.1923273322,-0.2076765201,-0.2195123126,-0.2334424518,-0.2248734183,-0.2275124832,-0.209278036,-0.1952804712,-0.1771998835,-0.1679618336,-0.1568587697,-0.1476357403,-0.150042444,-0.1465675387,-0.1544578259,-0.1623553711,-0.1762441201,-0.185348014,-0.1956568649,-0.2022261555,-0.1972814149,-0.1940176332,-0.1826924364,-0.173299153,-0.1671209481,-0.1676550897,-0.175534983,-0.1894520962,-0.2116426033,-0.2325296674,-0.2534480017,-0.2663076797,-0.2702812269,-0.2592600035,-0.240640928,-0.2149264982,-0.1895485496,-0.1641634444,-0.1459659103,-0.1344757122,-0.1260298747
9.3,0.05500640429,0.06914690523,0.07901618635,0.08442919843,0.0847477597,0.07812073919,0.06682308346,0.0509703421,0.04054869874,0.02563755382,0.02049700765,0.01541985971,0.01542432664,0.005423516382,-0.005243454095,-0.02248864163,-0.04718640211,-0.06270697957,-0.07053605599,-0.0610527978,-0.04446058215,-0.01151314997,0.01653942243,0.0423942249,0.05866136731,0.06842394606,0.06691028331,0.05850221846,0.04098210177,0.02418342079,0.007922504863,-0.001319169994,0.009734120041,0.01595282568,0.03181119908,0.03955605929,0.0483857529,0.03708603038,0.02437560714,0.004129238959,-0.02588412486,-0.03092711878,-0.02500248216,-0.001847361982,0.02452435704,0.05009925504,0.06814809569,0.08123232593,0.08479806768,0.08374913313,0.06790148354,0.03615306706,-0.01415204178,-0.04578862713,-0.042640832,-0.01710578107,0.01352579831,0.02652672571,0.03630560296,0.03768992665,0.03291444122,0.01943959461,-0.003203162565,-0.0355862285,-0.06537247565,-0.06811174923,-0.04018322779,-0.00967893077,0.01891721158,0.03027045395,0.0411633224,0.04895593161,0.04824077071,0.05479396027,0.0481136817,0.01400998677,-0.07400806061,-0.02427627518,-0.008390687177,0.0001759654814,0.001459191035,-0.003284575974,-0.01303028243,-0.03918267535,-0.03568173922,0.004516329446,0.005911095226,-0.01228755689,-0.04042011216,-0.06708948241,-0.09499865385,-0.1187264058,-0.1360073417,-0.1425763363,-0.1343891899,-0.1253085407,-0.1198424759,-0.138286094,-0.1796559543,-0.2137740571,-0.2047658112,-0.1871822973,-0.1791086536,-0.1739179657,-0.1690138305,-0.168423806,-0.1674279629,-0.1698699359,-0.1690156537,-0.1749154049,-0.1749267703,-0.1746230494,-0.1773852433,-0.1766126158,-0.1799781309,-0.1812240559,-0.1920235073,-0.1919016107,-0.201586345,-0.2105154511,-0.2168813065,-0.2278402617,-0.2330003138,-0.2381975846,-0.2213846426,-0.218272039,-0.1993598439,-0.1879989052,-0.1740280513,-0.1708621108,-0.1651857032,-0.1610402282,-0.1680352944,-0.1675866699,-0.1781054724,-0.1868540224,-0.2032886023,-0.2105469001,-0.2219974831,-0.2293335433,-0.2242128297,-0.2223365261,-0.2107887275,-0.2021367333,-0.1920283834,-0.1937866762,-0.1982831164,-0.2092513663,-0.2262425537,-0.2408727804,-0.2529114992,-0.2554698994,-0.2556394995,-0.2379577583,-0.2212883773,-0.1988632197,-0.1814470987,-0.1615363889,-0.1503802696,-0.1442497295,-0.1384880797
9.4,0.03871553361,0.0512243727,0.06330719179,0.07201895573,0.07629108026,0.07478726064,0.06801205787,0.05591097444,0.04645205182,0.03140777279,0.02447159939,0.01914267677,0.01815809336,0.01378974919,0.00813702201,-0.00290266702,-0.02560248442,-0.0438441163,-0.06204661641,-0.06592359365,-0.06110592017,-0.0360679917,-0.01029041091,0.01756556817,0.0380818294,0.05370459677,0.05810983733,0.05508188725,0.04419627755,0.02857509459,0.01206578021,-0.001926118538,0.004696862067,0.005563215969,0.02068186082,0.03016809045,0.04015598585,0.03531204665,0.0276303357,0.01302301981,-0.01560484342,-0.02470167999,-0.02729970707,-0.0101006573,0.01331633961,0.03994698619,0.05922467149,0.07394225313,0.07985367339,0.08143237273,0.07064535574,0.04634871487,0.00813542283,-0.02915178336,-0.03562113429,-0.018437755,0.01003265435,0.02161391276,0.03173822646,0.03384634225,0.0294227871,0.01810456082,-0.002503000471,-0.03310306522,-0.06560997377,-0.07804765339,-0.0561618493,-0.02465121365,0.005163020711,0.01961487338,0.03115147069,0.0393485695,0.03893137068,0.04473862964,0.03858461152,0.01115854071,-0.04973799162,-0.01572340978,-0.002507042431,0.004288712313,0.005425243532,-0.0005233970439,-0.0137066296,-0.04201714053,-0.03126556616,0.008020485452,0.006625668555,-0.01617982785,-0.04850611368,-0.07685824396,-0.1045660779,-0.1277023038,-0.1459940641,-0.1484240429,-0.1394622293,-0.131971159,-0.1299346075,-0.1546615647,-0.2023533103,-0.2342393103,-0.213618484,-0.1974624961,-0.1900685117,-0.1858255744,-0.1836846382,-0.1838704277,-0.1848563363,-0.1880380706,-0.188657814,-0.1930376749,-0.1922631356,-0.190446259,-0.1914617169,-0.1900416508,-0.193372342,-0.196262984,-0.2079655651,-0.2117496653,-0.2238925513,-0.2347791228,-0.2414492668,-0.2488602204,-0.2477800849,-0.244310462,-0.2212415941,-0.2118343058,-0.1922983344,-0.1818519609,-0.1711643808,-0.1716414623,-0.1705701136,-0.1710294029,-0.1818991715,-0.1847507661,-0.1975406521,-0.2071067831,-0.2247637641,-0.2304479311,-0.2423235433,-0.2503914955,-0.2466375855,-0.2473991685,-0.237770679,-0.2312707579,-0.2186417906,-0.2209370669,-0.2211038805,-0.2272137466,-0.236216198,-0.2422603151,-0.243761105,-0.2366638126,-0.2327176248,-0.2129204269,-0.2001931162,-0.1835366918,-0.1747171078,-0.1610907211,-0.1566271644,-0.1553082561,-0.1526826989
9.5,0.02456308961,0.03328381408,0.04495881856,0.05499620143,0.06168767353,0.06461569469,0.06215685816,0.05438474465,0.04676930823,0.03283447065,0.02420816738,0.01769816214,0.01365481703,0.0123841231,0.009710866498,0.004518395891,-0.01174596699,-0.02728174635,-0.04867759802,-0.06187991014,-0.06704486412,-0.05308607245,-0.0326637296,-0.005883277555,0.01696052405,0.03729740375,0.04704798405,0.04911747583,0.04477964947,0.03174723469,0.01701947116,0.000889029249,0.002825124843,-0.001227675247,0.01121742834,0.02079808882,0.02991477054,0.02961832939,0.02482488592,0.01423674834,-0.01127126071,-0.02276973752,-0.03184458778,-0.020999142,-0.0007415721279,0.02634841642,0.04718980109,0.06360121802,0.07202426537,0.07548386654,0.06874318195,0.05058846119,0.0226196818,-0.01339763272,-0.0249252576,-0.01428089587,0.01089133645,0.02142919958,0.03124372525,0.03369223672,0.02960015356,0.01988287358,0.001133629611,-0.02754378485,-0.06133854732,-0.08300869964,-0.06978358639,-0.03957677516,-0.00958441401,0.007953980263,0.02009335122,0.02847461775,0.02834221889,0.03241559296,0.02520297831,1.749131797e-05,-0.03440150788,-0.006980255017,0.005468043164,0.01063853248,0.01129152257,0.003743530648,-0.01254993604,-0.04040492175,-0.02249502321,0.01266615627,0.007940130645,-0.01892701648,-0.05453253425,-0.08409412504,-0.1103368693,-0.1322074326,-0.1510512253,-0.1485943577,-0.1392660987,-0.1342589387,-0.1373298001,-0.1683747306,-0.2192242576,-0.2448409316,-0.2152587046,-0.2027358587,-0.1966390016,-0.1937025105,-0.1941063222,-0.1951560593,-0.1979969877,-0.2018650452,-0.2038499665,-0.2066429179,-0.2049514826,-0.2014911582,-0.2006469665,-0.1981884321,-0.2009868366,-0.2049021021,-0.2167870756,-0.2243001474,-0.238842678,-0.2521182672,-0.2600841677,-0.2651434826,-0.259568792,-0.2494660152,-0.2228030605,-0.2083688027,-0.1883699511,-0.1776461031,-0.1691220575,-0.1710316584,-0.1732237862,-0.1771507884,-0.1906732261,-0.1962846698,-0.210377547,-0.2201733969,-0.2373880451,-0.2416335289,-0.253124058,-0.2617935228,-0.2607203248,-0.2652172838,-0.2596782537,-0.2568929969,-0.2437117955,-0.2459596459,-0.2412131477,-0.2409972431,-0.2406550237,-0.2373547922,-0.2291530856,-0.215093823,-0.2079676861,-0.1898330263,-0.1815580862,-0.1711508917,-0.1694811604,-0.1618673234,-0.1628793515,-0.1654946033,-0.1658380109
9.6,0.01709255471,0.02180915083,0.03037229344,0.03902662001,0.0458188919,0.0510412957,0.0517129744,0.04793779557,0.04276794428,0.03161930673,0.02276674464,0.01534600555,0.008186139371,0.006563714278,0.003573876609,0.0003501410121,-0.009480902875,-0.02062825478,-0.03769486865,-0.05202352804,-0.06107465606,-0.05708326471,-0.04462265603,-0.02370478899,-0.003040689536,0.01890740612,0.03224412939,0.03859700461,0.0402089974,0.03110489382,0.02036051598,0.006086268834,0.005115315273,-0.00119770482,0.007524901878,0.0157890077,0.02254416414,0.02476490276,0.0209944441,0.01226921023,-0.009411775609,-0.02256757639,-0.03532898438,-0.03143101381,-0.01575749337,0.008973075057,0.0309113685,0.04914450686,0.05937645208,0.064675845,0.06017108812,0.04580950111,0.02291207509,-0.007242848099,-0.01829442028,-0.008923822944,0.01492675217,0.02646355294,0.03626387803,0.03906168781,0.035912783,0.02731689156,0.01078293578,-0.01525240889,-0.04689508259,-0.07391727103,-0.07000549999,-0.04521138307,-0.01812200203,0.001098249224,0.01316745904,0.02110304472,0.02121468924,0.02247149591,0.01263670175,-0.01576440581,-0.04422079345,-0.004881424056,0.01148908336,0.01656599028,0.01640519271,0.007737530589,-0.00966236098,-0.03417976863,-0.01333549181,0.01560169979,0.008605509566,-0.01953337659,-0.05608181598,-0.08591047701,-0.1086897937,-0.1290946028,-0.1449708791,-0.1384544542,-0.1305038142,-0.1288114939,-0.13781169,-0.1718245274,-0.2181661791,-0.2340006198,-0.2045819774,-0.1972434294,-0.1937498337,-0.1931575888,-0.194299847,-0.1970789109,-0.2002729286,-0.204327807,-0.2057421748,-0.2073480913,-0.2040403138,-0.1990191875,-0.1965866412,-0.1930029628,-0.194766987,-0.198123313,-0.2097553425,-0.2181492316,-0.2338461677,-0.2481474532,-0.2581320168,-0.262250993,-0.2566756441,-0.2457321574,-0.2202285095,-0.2055504177,-0.1864136533,-0.1758533333,-0.1677245976,-0.1697344299,-0.1725971857,-0.1775683719,-0.1910009197,-0.1972060003,-0.2099508177,-0.2178949511,-0.2324474695,-0.2347282704,-0.2448040509,-0.2531925539,-0.2560417964,-0.263820401,-0.2646223671,-0.2672563511,-0.257214226,-0.259499529,-0.2509967007,-0.2450536058,-0.2362628285,-0.2266998678,-0.2131564355,-0.1974397799,-0.1893037347,-0.175227339,-0.1700424952,-0.1639190035,-0.1658015183,-0.1618880074,-0.1653494696,-0.1693434393,-0.1715292299
9.7,0.01177059149,0.01308804615,0.0182507753,0.02501015945,0.03140933745,0.0381996706,0.04153277838,0.04142402499,0.03865002409,0.0306382041,0.02211986535,0.01415284323,0.004449463558,0.001731210944,-0.002356427251,-0.005083832049,-0.009666401812,-0.01732904174,-0.02907550619,-0.04232599219,-0.05330195577,-0.05780799805,-0.05344450748,-0.03942516531,-0.02226271193,0.0003307453985,0.01665080347,0.02698468256,0.03432665275,0.02921978707,0.02276727795,0.01124299196,0.008127368529,0.0005875762962,0.005721139592,0.01258444875,0.01696443681,0.021394178,0.01844657007,0.01108092817,-0.006837240068,-0.02187282982,-0.03765669804,-0.04076745044,-0.03022382163,-0.008859964005,0.01384985544,0.03397865366,0.04556604072,0.05303564083,0.0502867578,0.03911633157,0.01964009212,-0.00480951295,-0.01451033955,-0.004815199824,0.01889221884,0.03219367509,0.0423156233,0.04556591469,0.04368464588,0.03611223591,0.02200301151,-0.001179102551,-0.02966516626,-0.06058977711,-0.06538741157,-0.04689578623,-0.02377360786,-0.003341417355,0.008349121972,0.01561624613,0.0160407702,0.01424980703,0.001669627982,-0.03068987284,-0.0621114759,-0.005598421411,0.0160246957,0.02161971872,0.02060120508,0.01113124376,-0.006647536237,-0.0274270442,-0.005295116134,0.01741502591,0.008789698006,-0.01954031526,-0.0563514143,-0.08618936306,-0.1050551251,-0.124378749,-0.1357368754,-0.1258141866,-0.1197421888,-0.121410732,-0.1363284968,-0.1717934945,-0.2113281195,-0.2172360622,-0.1911272441,-0.1886436429,-0.1881845981,-0.1902875198,-0.1913221087,-0.1962826291,-0.199186016,-0.2032906309,-0.2032795919,-0.203994788,-0.1987925223,-0.1923357564,-0.1884113809,-0.1838745116,-0.1845253483,-0.1868141575,-0.1983429479,-0.2063893205,-0.2227970863,-0.2373922496,-0.249498561,-0.2528069146,-0.2486227341,-0.2386529173,-0.2154683028,-0.202186387,-0.1843951599,-0.1745501661,-0.1663179865,-0.1685842149,-0.1713900945,-0.1767279839,-0.1892808381,-0.1953464766,-0.2059300273,-0.211333848,-0.2228404108,-0.2228926938,-0.2313871823,-0.2391426297,-0.2460801745,-0.2565385963,-0.2639516899,-0.2722020214,-0.266205794,-0.2687505493,-0.2571827102,-0.2462729477,-0.2297999256,-0.2155616136,-0.1982285944,-0.1822661492,-0.1737277745,-0.1636141612,-0.1607990532,-0.1579822203,-0.1623211748,-0.1611667429,-0.1661401166,-0.1706836568,-0.1742803796
9.8,0.003533042503,0.001466646563,0.004364468677,0.01043065918,0.01753006734,0.02686032973,0.03340627881,0.03708551667,0.03647227093,0.03081214182,0.02197736436,0.01329404655,0.0009557664167,-0.001487210238,-0.005441520422,-0.006187457264,-0.005596325837,-0.01029567198,-0.01962914292,-0.03515758527,-0.05058992321,-0.06429902535,-0.06695937245,-0.05774345064,-0.04200002515,-0.01731300164,0.00284035092,0.01755270082,0.03082845111,0.02915243385,0.02602020664,0.01553772615,0.00950853849,-0.0004541822541,0.001519706459,0.007589233511,0.01022655219,0.01772258248,0.01629817562,0.01104216318,-0.003740891081,-0.02099181875,-0.04101451259,-0.05081080509,-0.04459149887,-0.02519887942,-0.00139279058,0.02058141612,0.03397133529,0.04353799735,0.04342652653,0.03650198159,0.02251941781,0.001909448062,-0.008627573785,-0.0008261261926,0.02172281907,0.0358599332,0.04611223868,0.04980557652,0.04888458052,0.04257981678,0.03071134595,0.0100113775,-0.01698572795,-0.05368255966,-0.06712184477,-0.05318228726,-0.03250873643,-0.01024325857,0.001447845151,0.008374623279,0.009095360389,0.004778512446,-0.009908387206,-0.04393529356,-0.06886659445,-0.003252318106,0.02157511345,0.02697787027,0.02524715088,0.01473495253,-0.004300069365,-0.0224814127,0.002808469577,0.02013476205,0.009369560149,-0.02046032753,-0.0585573605,-0.08886559766,-0.1047350086,-0.1228971257,-0.1315371953,-0.1176722435,-0.1126997467,-0.1174196885,-0.1379053581,-0.1764987034,-0.2126872004,-0.2099812479,-0.1830528262,-0.1850518635,-0.1870259993,-0.1913483157,-0.1931756053,-0.1998410644,-0.2031631836,-0.2075032374,-0.2070088212,-0.2065723172,-0.199804097,-0.1918268537,-0.186313371,-0.1807841228,-0.180542761,-0.1824806624,-0.1940020503,-0.2030574878,-0.2207162611,-0.2362917054,-0.2501871608,-0.2521692629,-0.2473657641,-0.2358179397,-0.2128345478,-0.1988235447,-0.1817152662,-0.1722954387,-0.1647514046,-0.1677493112,-0.1716514446,-0.1784071323,-0.1913219994,-0.1982049508,-0.2078341353,-0.2116589656,-0.2210439977,-0.2191564136,-0.2265013266,-0.2340696717,-0.2445200563,-0.2580157884,-0.2710714567,-0.284216644,-0.2806250845,-0.2833235728,-0.2680823197,-0.2517910844,-0.2272658651,-0.2068658653,-0.1839450192,-0.1655629974,-0.1557809505,-0.1486393836,-0.1487333244,-0.1500065642,-0.1582151735,-0.1608447647,-0.1686436136,-0.1749295254,-0.1804073069
9.9,-0.00470450649,-0.01015475303,-0.009521837949,-0.004148841076,0.003650797236,0.01552098886,0.02527977925,0.03274700835,0.03429451778,0.03098607954,0.02183486336,0.01243524987,-0.002537930725,-0.00470563142,-0.008526613593,-0.007291082479,-0.001526249862,-0.003262302216,-0.01018277964,-0.02798917835,-0.04787789066,-0.07079005265,-0.08047423742,-0.07606173597,-0.06173733837,-0.03495674868,-0.01097010163,0.008120719091,0.02733024947,0.02908508063,0.02927313533,0.01983246035,0.01088970845,-0.001495940804,-0.002681726673,0.002594018273,0.003488667564,0.01405098696,0.01414978118,0.01100339819,-0.0006445420937,-0.02011080768,-0.04437232713,-0.06085415975,-0.05895917612,-0.04153779483,-0.0166354366,0.00718417858,0.02237662985,0.03404035387,0.03656629526,0.03388763162,0.02539874351,0.008628409075,-0.002744808018,0.003162947439,0.0245534193,0.03952619131,0.04990885406,0.05404523835,0.05408451517,0.04904739765,0.03941968038,0.02120185755,-0.004306289644,-0.04677534221,-0.06885627796,-0.05946878829,-0.041243865,-0.01714509978,-0.00545343167,0.001133000423,0.002149950576,-0.004692782142,-0.02148640239,-0.05718071429,-0.07562171299,-0.0009062148007,0.02712553121,0.03233602182,0.02989309668,0.01833866129,-0.001952602493,-0.01753578121,0.01091205529,0.02285449819,0.009949422293,-0.02138033979,-0.0607633067,-0.09154183225,-0.1044148921,-0.1214155025,-0.1273375153,-0.1095303004,-0.1056573046,-0.1134286449,-0.1394822194,-0.1812039122,-0.2140462813,-0.2027264335,-0.1749784084,-0.1814600841,-0.1858674005,-0.1924091116,-0.195029102,-0.2033994998,-0.2071403511,-0.2117158439,-0.2107380506,-0.2091498464,-0.2008156718,-0.1913179509,-0.1842153612,-0.177693734,-0.1765601737,-0.1781471673,-0.1896611528,-0.1997256551,-0.2186354359,-0.2351911612,-0.2508757605,-0.2515316112,-0.2461087941,-0.2329829621,-0.2102007929,-0.1954607023,-0.1790353726,-0.1700407114,-0.1631848227,-0.1669144075,-0.1719127947,-0.1800862806,-0.1933631607,-0.201063425,-0.2097382433,-0.2119840832,-0.2192475846,-0.2154201335,-0.2216154708,-0.2289967137,-0.2429599381,-0.2594929806,-0.2781912234,-0.2962312666,-0.2950443749,-0.2978965962,-0.2789819293,-0.2573092211,-0.2247318046,-0.198170117,-0.1696614441,-0.1488598457,-0.1378341266,-0.1336646059,-0.1366675956,-0.1420309081,-0.1541091721,-0.1605227865,-0.1711471106,-0.1791753941,-0.1865342342
10,,,,,,,,,,,,,,,,,,,,,,,,,,,,,,,,,,,,,,,,,,,,,,,,,,,,,,,,,,,,,,,,,,,,,,,,,,,,,,,,,,,,,,,,,,,,,,,,,,,,,,,,,,,,,,,,,,,,,,,,,,,,,,,,,,,,,,,,,,,,,,,,,,,,,,,,,,,,,,,,,
