子图,系列,x,y
子图1：(a) 水平分量,系列1（竖直参考线）,0,0
子图1：(a) 水平分量,系列1（竖直参考线）,0,3.112913643
子图1：(a) 水平分量,系列2（竖直参考线）,1,0
子图1：(a) 水平分量,系列2（竖直参考线）,1,3.112913643
子图1：(a) 水平分量,Abaqus,-4,1.901581891
子图1：(a) 水平分量,Abaqus,-3.99,1.901089189
子图1：(a) 水平分量,Abaqus,-3.98,1.900596488
子图1：(a) 水平分量,Abaqus,-3.97,1.900103786
子图1：(a) 水平分量,Abaqus,-3.96,1.899611084
子图1：(a) 水平分量,Abaqus,-3.95,1.898887954
子图1：(a) 水平分量,Abaqus,-3.94,1.898164824
子图1：(a) 水平分量,Abaqus,-3.93,1.897619084
子图1：(a) 水平分量,Abaqus,-3.92,1.897249258
子图1：(a) 水平分量,Abaqus,-3.91,1.896641704
子图1：(a) 水平分量,Abaqus,-3.9,1.896034149
子图1：(a) 水平分量,Abaqus,-3.89,1.895426594
子图1：(a) 水平分量,Abaqus,-3.88,1.894819039
子图1：(a) 水平分量,Abaqus,-3.87,1.893977659
子图1：(a) 水平分量,Abaqus,-3.86,1.893136279
子图1：(a) 水平分量,Abaqus,-3.85,1.892294899
子图1：(a) 水平分量,Abaqus,-3.84,1.891729418
子图1：(a) 水平分量,Abaqus,-3.83,1.890998994
子图1：(a) 水平分量,Abaqus,-3.82,1.890268569
子图1：(a) 水平分量,Abaqus,-3.81,1.889538145
子图1：(a) 水平分量,Abaqus,-3.8,1.88880772
子图1：(a) 水平分量,Abaqus,-3.79,1.887839595
子图1：(a) 水平分量,Abaqus,-3.78,1.88687147
子图1：(a) 水平分量,Abaqus,-3.77,1.885903345
子图1：(a) 水平分量,Abaqus,-3.76,1.88493522
子图1：(a) 水平分量,Abaqus,-3.75,1.884066413
子图1：(a) 水平分量,Abaqus,-3.74,1.883204148
子图1：(a) 水平分量,Abaqus,-3.73,1.882341883
子图1：(a) 水平分量,Abaqus,-3.72,1.881479618
子图1：(a) 水平分量,Abaqus,-3.71,1.880374768
子图1：(a) 水平分量,Abaqus,-3.7,1.879269918
子图1：(a) 水平分量,Abaqus,-3.69,1.878165067
子图1：(a) 水平分量,Abaqus,-3.68,1.877060217
子图1：(a) 水平分量,Abaqus,-3.67,1.875746455
子图1：(a) 水平分量,Abaqus,-3.66,1.874744554
子图1：(a) 水平分量,Abaqus,-3.65,1.873742654
子图1：(a) 水平分量,Abaqus,-3.64,1.872740753
子图1：(a) 水平分量,Abaqus,-3.63,1.871493793
子图1：(a) 水平分量,Abaqus,-3.62,1.870246832
子图1：(a) 水平分量,Abaqus,-3.61,1.868999872
子图1：(a) 水平分量,Abaqus,-3.6,1.867752912
子图1：(a) 水平分量,Abaqus,-3.59,1.86626402
子图1：(a) 水平分量,Abaqus,-3.58,1.864839077
子图1：(a) 水平分量,Abaqus,-3.57,1.863695503
子图1：(a) 水平分量,Abaqus,-3.56,1.86255193
子图1：(a) 水平分量,Abaqus,-3.55,1.861162788
子图1：(a) 水平分量,Abaqus,-3.54,1.859773647
子图1：(a) 水平分量,Abaqus,-3.53,1.858384505
子图1：(a) 水平分量,Abaqus,-3.52,1.856995364
子图1：(a) 水平分量,Abaqus,-3.51,1.855365484
子图1：(a) 水平分量,Abaqus,-3.5,1.853735603
子图1：(a) 水平分量,Abaqus,-3.49,1.852201818
子图1：(a) 水平分量,Abaqus,-3.48,1.850917463
子图1：(a) 水平分量,Abaqus,-3.47,1.849386678
子图1：(a) 水平分量,Abaqus,-3.46,1.847855893
子图1：(a) 水平分量,Abaqus,-3.45,1.846325108
子图1：(a) 水平分量,Abaqus,-3.44,1.844794323
子图1：(a) 水平分量,Abaqus,-3.43,1.843023009
子图1：(a) 水平分量,Abaqus,-3.42,1.841251694
子图1：(a) 水平分量,Abaqus,-3.41,1.83948038
子图1：(a) 水平分量,Abaqus,-3.4,1.837845716
子图1：(a) 水平分量,Abaqus,-3.39,1.83617475
子图1：(a) 水平分量,Abaqus,-3.38,1.834503784
子图1：(a) 水平分量,Abaqus,-3.37,1.832832817
子图1：(a) 水平分量,Abaqus,-3.36,1.831161851
子图1：(a) 水平分量,Abaqus,-3.35,1.829253396
子图1：(a) 水平分量,Abaqus,-3.34,1.827344942
子图1：(a) 水平分量,Abaqus,-3.33,1.825436487
子图1：(a) 水平分量,Abaqus,-3.32,1.823528033
子图1：(a) 水平分量,Abaqus,-3.31,1.821583377
子图1：(a) 水平分量,Abaqus,-3.3,1.81978129
子图1：(a) 水平分量,Abaqus,-3.29,1.817979203
子图1：(a) 水平分量,Abaqus,-3.28,1.816177117
子图1：(a) 水平分量,Abaqus,-3.27,1.814145555
子图1：(a) 水平分量,Abaqus,-3.26,1.812113994
子图1：(a) 水平分量,Abaqus,-3.25,1.810082433
子图1：(a) 水平分量,Abaqus,-3.24,1.808050872
子图1：(a) 水平分量,Abaqus,-3.23,1.80578033
子图1：(a) 水平分量,Abaqus,-3.22,1.803844357
子图1：(a) 水平分量,Abaqus,-3.21,1.801928142
子图1：(a) 水平分量,Abaqus,-3.2,1.800011928
子图1：(a) 水平分量,Abaqus,-3.19,1.797873153
子图1：(a) 水平分量,Abaqus,-3.18,1.795734379
子图1：(a) 水平分量,Abaqus,-3.17,1.793595605
子图1：(a) 水平分量,Abaqus,-3.16,1.79145683
子图1：(a) 水平分量,Abaqus,-3.15,1.789083399
子图1：(a) 水平分量,Abaqus,-3.14,1.786879837
子图1：(a) 水平分量,Abaqus,-3.13,1.784865879
子图1：(a) 水平分量,Abaqus,-3.12,1.782851922
子图1：(a) 水平分量,Abaqus,-3.11,1.780623095
子图1：(a) 水平分量,Abaqus,-3.1,1.778394268
子图1：(a) 水平分量,Abaqus,-3.09,1.776165441
子图1：(a) 水平分量,Abaqus,-3.08,1.773936614
子图1：(a) 水平分量,Abaqus,-3.07,1.77148052
子图1：(a) 水平分量,Abaqus,-3.06,1.769104625
子图1：(a) 水平分量,Abaqus,-3.05,1.767015575
子图1：(a) 水平分量,Abaqus,-3.04,1.764926525
子图1：(a) 水平分量,Abaqus,-3.03,1.762634169
子图1：(a) 水平分量,Abaqus,-3.02,1.760341813
子图1：(a) 水平分量,Abaqus,-3.01,1.758049458
子图1：(a) 水平分量,Abaqus,-3,1.755757102
子图1：(a) 水平分量,Abaqus,-2.99,1.753248088
子图1：(a) 水平分量,Abaqus,-2.98,1.75082872
子图1：(a) 水平分量,Abaqus,-2.97,1.748696137
子图1：(a) 水平分量,Abaqus,-2.96,1.746563554
子图1：(a) 水平分量,Abaqus,-2.95,1.744241403
子图1：(a) 水平分量,Abaqus,-2.94,1.741919253
子图1：(a) 水平分量,Abaqus,-2.93,1.739597102
子图1：(a) 水平分量,Abaqus,-2.92,1.737274952
子图1：(a) 水平分量,Abaqus,-2.91,1.734746663
子图1：(a) 水平分量,Abaqus,-2.9,1.732429647
子图1：(a) 水平分量,Abaqus,-2.89,1.730287893
子图1：(a) 水平分量,Abaqus,-2.88,1.72814614
子图1：(a) 水平分量,Abaqus,-2.87,1.725828349
子图1：(a) 水平分量,Abaqus,-2.86,1.723510558
子图1：(a) 水平分量,Abaqus,-2.85,1.721192767
子图1：(a) 水平分量,Abaqus,-2.84,1.718874976
子图1：(a) 水平分量,Abaqus,-2.83,1.716420437
子图1：(a) 水平分量,Abaqus,-2.82,1.714306326
子图1：(a) 水平分量,Abaqus,-2.81,1.712192216
子图1：(a) 水平分量,Abaqus,-2.8,1.710078105
子图1：(a) 水平分量,Abaqus,-2.79,1.707803126
子图1：(a) 水平分量,Abaqus,-2.78,1.705528146
子图1：(a) 水平分量,Abaqus,-2.77,1.703253167
子图1：(a) 水平分量,Abaqus,-2.76,1.700996699
子图1：(a) 水平分量,Abaqus,-2.75,1.698952869
子图1：(a) 水平分量,Abaqus,-2.74,1.696909039
子图1：(a) 水平分量,Abaqus,-2.73,1.694865209
子图1：(a) 水平分量,Abaqus,-2.72,1.692821378
子图1：(a) 水平分量,Abaqus,-2.71,1.690632563
子图1：(a) 水平分量,Abaqus,-2.7,1.688443747
子图1：(a) 水平分量,Abaqus,-2.69,1.686357908
子图1：(a) 水平分量,Abaqus,-2.68,1.684588618
子图1：(a) 水平分量,Abaqus,-2.67,1.682657268
子图1：(a) 水平分量,Abaqus,-2.66,1.680725919
子图1：(a) 水平分量,Abaqus,-2.65,1.67879457
子图1：(a) 水平分量,Abaqus,-2.64,1.67686322
子图1：(a) 水平分量,Abaqus,-2.63,1.674800386
子图1：(a) 水平分量,Abaqus,-2.62,1.673046469
子图1：(a) 水平分量,Abaqus,-2.61,1.671415738
子图1：(a) 水平分量,Abaqus,-2.6,1.669785007
子图1：(a) 水平分量,Abaqus,-2.59,1.668007234
子图1：(a) 水平分量,Abaqus,-2.58,1.666229461
子图1：(a) 水平分量,Abaqus,-2.57,1.664451688
子图1：(a) 水平分量,Abaqus,-2.56,1.66286782
子图1：(a) 水平分量,Abaqus,-2.55,1.661416476
子图1：(a) 水平分量,Abaqus,-2.54,1.659965132
子图1：(a) 水平分量,Abaqus,-2.53,1.658513788
子图1：(a) 水平分量,Abaqus,-2.52,1.657062444
子图1：(a) 水平分量,Abaqus,-2.51,1.655475444
子图1：(a) 水平分量,Abaqus,-2.5,1.654068247
子图1：(a) 水平分量,Abaqus,-2.49,1.652933911
子图1：(a) 水平分量,Abaqus,-2.48,1.651799576
子图1：(a) 水平分量,Abaqus,-2.47,1.650560429
子图1：(a) 水平分量,Abaqus,-2.46,1.649321282
子图1：(a) 水平分量,Abaqus,-2.45,1.648082135
子图1：(a) 水平分量,Abaqus,-2.44,1.647095185
子图1：(a) 水平分量,Abaqus,-2.43,1.646191882
子图1：(a) 水平分量,Abaqus,-2.42,1.645288578
子图1：(a) 水平分量,Abaqus,-2.41,1.644385274
子图1：(a) 水平分量,Abaqus,-2.4,1.643481971
子图1：(a) 水平分量,Abaqus,-2.39,1.642481572
子图1：(a) 水平分量,Abaqus,-2.38,1.641893681
子图1：(a) 水平分量,Abaqus,-2.37,1.641362905
子图1：(a) 水平分量,Abaqus,-2.36,1.640832129
子图1：(a) 水平分量,Abaqus,-2.35,1.640182324
子图1：(a) 水平分量,Abaqus,-2.34,1.63953252
子图1：(a) 水平分量,Abaqus,-2.33,1.639051291
子图1：(a) 水平分量,Abaqus,-2.32,1.638876771
子图1：(a) 水平分量,Abaqus,-2.31,1.638607928
子图1：(a) 水平分量,Abaqus,-2.3,1.638339084
子图1：(a) 水平分量,Abaqus,-2.29,1.638070241
子图1：(a) 水平分量,Abaqus,-2.28,1.637801398
子图1：(a) 水平分量,Abaqus,-2.27,1.637864784
子图1：(a) 水平分量,Abaqus,-2.26,1.637957265
子图1：(a) 水平分量,Abaqus,-2.25,1.638049747
子图1：(a) 水平分量,Abaqus,-2.24,1.638142228
子图1：(a) 水平分量,Abaqus,-2.23,1.638134963
子图1：(a) 水平分量,Abaqus,-2.22,1.638423623
子图1：(a) 水平分量,Abaqus,-2.21,1.638899003
子图1：(a) 水平分量,Abaqus,-2.2,1.639374383
子图1：(a) 水平分量,Abaqus,-2.19,1.639726831
子图1：(a) 水平分量,Abaqus,-2.18,1.640079278
子图1：(a) 水平分量,Abaqus,-2.17,1.64059822
子图1：(a) 水平分量,Abaqus,-2.16,1.641434654
子图1：(a) 水平分量,Abaqus,-2.15,1.642162846
子图1：(a) 水平分量,Abaqus,-2.14,1.642891038
子图1：(a) 水平分量,Abaqus,-2.13,1.64361923
子图1：(a) 水平分量,Abaqus,-2.12,1.64439813
子图1：(a) 水平分量,Abaqus,-2.11,1.645474948
子图1：(a) 水平分量,Abaqus,-2.1,1.646551766
子图1：(a) 水平分量,Abaqus,-2.09,1.647628584
子图1：(a) 水平分量,Abaqus,-2.08,1.648705402
子图1：(a) 水平分量,Abaqus,-2.07,1.649658871
子图1：(a) 水平分量,Abaqus,-2.06,1.651027795
子图1：(a) 水平分量,Abaqus,-2.05,1.652461792
子图1：(a) 水平分量,Abaqus,-2.04,1.653895789
子图1：(a) 水平分量,Abaqus,-2.03,1.655178958
子图1：(a) 水平分量,Abaqus,-2.02,1.656462128
子图1：(a) 水平分量,Abaqus,-2.01,1.658031302
子图1：(a) 水平分量,Abaqus,-2,1.659791933
子图1：(a) 水平分量,Abaqus,-1.99,1.661411122
子图1：(a) 水平分量,Abaqus,-1.98,1.663030311
子图1：(a) 水平分量,Abaqus,-1.97,1.6646495
子图1：(a) 水平分量,Abaqus,-1.96,1.66640253
子图1：(a) 水平分量,Abaqus,-1.95,1.668320994
子图1：(a) 水平分量,Abaqus,-1.94,1.670239458
子图1：(a) 水平分量,Abaqus,-1.93,1.672157922
子图1：(a) 水平分量,Abaqus,-1.92,1.674076386
子图1：(a) 水平分量,Abaqus,-1.91,1.675834129
子图1：(a) 水平分量,Abaqus,-1.9,1.67800308
子图1：(a) 水平分量,Abaqus,-1.89,1.680225915
子图1：(a) 水平分量,Abaqus,-1.88,1.682448751
子图1：(a) 水平分量,Abaqus,-1.87,1.684477128
子图1：(a) 水平分量,Abaqus,-1.86,1.686505506
子图1：(a) 水平分量,Abaqus,-1.85,1.68871248
子图1：(a) 水平分量,Abaqus,-1.84,1.691200287
子图1：(a) 水平分量,Abaqus,-1.83,1.693511963
子图1：(a) 水平分量,Abaqus,-1.82,1.695823639
子图1：(a) 水平分量,Abaqus,-1.81,1.698135315
子图1：(a) 水平分量,Abaqus,-1.8,1.700446991
子图1：(a) 水平分量,Abaqus,-1.79,1.702895902
子图1：(a) 水平分量,Abaqus,-1.78,1.705442216
子图1：(a) 水平分量,Abaqus,-1.77,1.70798853
子图1：(a) 水平分量,Abaqus,-1.76,1.710534844
子图1：(a) 水平分量,Abaqus,-1.75,1.712895078
子图1：(a) 水平分量,Abaqus,-1.74,1.715274786
子图1：(a) 水平分量,Abaqus,-1.73,1.718080175
子图1：(a) 水平分量,Abaqus,-1.72,1.720885564
子图1：(a) 水平分量,Abaqus,-1.71,1.723456353
子图1：(a) 水平分量,Abaqus,-1.7,1.726027143
子图1：(a) 水平分量,Abaqus,-1.69,1.728597932
子图1：(a) 水平分量,Abaqus,-1.68,1.731248067
子图1：(a) 水平分量,Abaqus,-1.67,1.734075216
子图1：(a) 水平分量,Abaqus,-1.66,1.736902366
子图1：(a) 水平分量,Abaqus,-1.65,1.739729516
子图1：(a) 水平分量,Abaqus,-1.64,1.742556666
子图1：(a) 水平分量,Abaqus,-1.63,1.745140246
子图1：(a) 水平分量,Abaqus,-1.62,1.747816781
子图1：(a) 水平分量,Abaqus,-1.61,1.750836754
子图1：(a) 水平分量,Abaqus,-1.6,1.753856727
子图1：(a) 水平分量,Abaqus,-1.59,1.756705759
子图1：(a) 水平分量,Abaqus,-1.58,1.759554791
子图1：(a) 水平分量,Abaqus,-1.57,1.762403823
子图1：(a) 水平分量,Abaqus,-1.56,1.765313657
子图1：(a) 水平分量,Abaqus,-1.55,1.76835471
子图1：(a) 水平分量,Abaqus,-1.54,1.771395764
子图1：(a) 水平分量,Abaqus,-1.53,1.774436818
子图1：(a) 水平分量,Abaqus,-1.52,1.777477872
子图1：(a) 水平分量,Abaqus,-1.51,1.780374569
子图1：(a) 水平分量,Abaqus,-1.5,1.783279169
子图1：(a) 水平分量,Abaqus,-1.49,1.786611876
子图1：(a) 水平分量,Abaqus,-1.48,1.789944584
子图1：(a) 水平分量,Abaqus,-1.47,1.793051455
子图1：(a) 水平分量,Abaqus,-1.46,1.796158327
子图1：(a) 水平分量,Abaqus,-1.45,1.799265199
子图1：(a) 水平分量,Abaqus,-1.44,1.802372071
子图1：(a) 水平分量,Abaqus,-1.43,1.805767171
子图1：(a) 水平分量,Abaqus,-1.42,1.809214863
子图1：(a) 水平分量,Abaqus,-1.41,1.812662555
子图1：(a) 水平分量,Abaqus,-1.4,1.816110246
子图1：(a) 水平分量,Abaqus,-1.39,1.819359135
子图1：(a) 水平分量,Abaqus,-1.38,1.822608023
子图1：(a) 水平分量,Abaqus,-1.37,1.826204982
子图1：(a) 水平分量,Abaqus,-1.36,1.829900515
子图1：(a) 水平分量,Abaqus,-1.35,1.833551826
子图1：(a) 水平分量,Abaqus,-1.34,1.837203136
子图1：(a) 水平分量,Abaqus,-1.33,1.840854447
子图1：(a) 水平分量,Abaqus,-1.32,1.844505758
子图1：(a) 水平分量,Abaqus,-1.31,1.848329077
子图1：(a) 水平分量,Abaqus,-1.3,1.852282051
子图1：(a) 水平分量,Abaqus,-1.29,1.856235026
子图1：(a) 水平分量,Abaqus,-1.28,1.860188001
子图1：(a) 水平分量,Abaqus,-1.27,1.86415859
子图1：(a) 水平分量,Abaqus,-1.26,1.86812918
子图1：(a) 水平分量,Abaqus,-1.25,1.872452821
子图1：(a) 水平分量,Abaqus,-1.24,1.876886476
子图1：(a) 水平分量,Abaqus,-1.23,1.881225427
子图1：(a) 水平分量,Abaqus,-1.22,1.885564377
子图1：(a) 水平分量,Abaqus,-1.21,1.889903328
子图1：(a) 水平分量,Abaqus,-1.2,1.894242279
子图1：(a) 水平分量,Abaqus,-1.19,1.899087347
子图1：(a) 水平分量,Abaqus,-1.18,1.903985358
子图1：(a) 水平分量,Abaqus,-1.17,1.908883369
子图1：(a) 水平分量,Abaqus,-1.16,1.91378138
子图1：(a) 水平分量,Abaqus,-1.15,1.918645658
子图1：(a) 水平分量,Abaqus,-1.14,1.923555885
子图1：(a) 水平分量,Abaqus,-1.13,1.928907817
子图1：(a) 水平分量,Abaqus,-1.12,1.934259748
子图1：(a) 水平分量,Abaqus,-1.11,1.939752761
子图1：(a) 水平分量,Abaqus,-1.1,1.945245773
子图1：(a) 水平分量,Abaqus,-1.09,1.950738786
子图1：(a) 水平分量,Abaqus,-1.08,1.956389714
子图1：(a) 水平分量,Abaqus,-1.07,1.962413537
子图1：(a) 水平分量,Abaqus,-1.06,1.96843736
子图1：(a) 水平分量,Abaqus,-1.05,1.974461183
子图1：(a) 水平分量,Abaqus,-1.04,1.980485005
子图1：(a) 水平分量,Abaqus,-1.03,1.986688233
子图1：(a) 水平分量,Abaqus,-1.02,1.993193166
子图1：(a) 水平分量,Abaqus,-1.01,1.999888218
子图1：(a) 水平分量,Abaqus,-1,2.00658327
子图1：(a) 水平分量,Abaqus,-0.99,2.013391421
子图1：(a) 水平分量,Abaqus,-0.98,2.020199572
子图1：(a) 水平分量,Abaqus,-0.97,2.027007723
子图1：(a) 水平分量,Abaqus,-0.96,2.034234752
子图1：(a) 水平分量,Abaqus,-0.95,2.041724921
子图1：(a) 水平分量,Abaqus,-0.94,2.04921509
子图1：(a) 水平分量,Abaqus,-0.93,2.056705259
子图1：(a) 水平分量,Abaqus,-0.92,2.064195427
子图1：(a) 水平分量,Abaqus,-0.91,2.071856898
子图1：(a) 水平分量,Abaqus,-0.9,2.079962192
子图1：(a) 水平分量,Abaqus,-0.89,2.088120287
子图1：(a) 水平分量,Abaqus,-0.88,2.096278381
子图1：(a) 水平分量,Abaqus,-0.87,2.104586491
子图1：(a) 水平分量,Abaqus,-0.86,2.112894601
子图1：(a) 水平分量,Abaqus,-0.85,2.121202712
子图1：(a) 水平分量,Abaqus,-0.84,2.129847077
子图1：(a) 水平分量,Abaqus,-0.83,2.138861555
子图1：(a) 水平分量,Abaqus,-0.82,2.147876032
子图1：(a) 水平分量,Abaqus,-0.81,2.156890509
子图1：(a) 水平分量,Abaqus,-0.8,2.165904986
子图1：(a) 水平分量,Abaqus,-0.79,2.174989315
子图1：(a) 水平分量,Abaqus,-0.78,2.184155095
子图1：(a) 水平分量,Abaqus,-0.77,2.193681148
子图1：(a) 水平分量,Abaqus,-0.76,2.2032072
子图1：(a) 水平分量,Abaqus,-0.75,2.213013987
子图1：(a) 水平分量,Abaqus,-0.74,2.222820774
子图1：(a) 水平分量,Abaqus,-0.73,2.23262756
子图1：(a) 水平分量,Abaqus,-0.72,2.242434347
子图1：(a) 水平分量,Abaqus,-0.71,2.252178721
子图1：(a) 水平分量,Abaqus,-0.7,2.262324324
子图1：(a) 水平分量,Abaqus,-0.69,2.272470666
子图1：(a) 水平分量,Abaqus,-0.68,2.282617008
子图1：(a) 水平分量,Abaqus,-0.67,2.293075912
子图1：(a) 水平分量,Abaqus,-0.66,2.303534817
子图1：(a) 水平分量,Abaqus,-0.65,2.313993722
子图1：(a) 水平分量,Abaqus,-0.64,2.324452627
子图1：(a) 水平分量,Abaqus,-0.63,2.334657493
子图1：(a) 水平分量,Abaqus,-0.62,2.345094474
子图1：(a) 水平分量,Abaqus,-0.61,2.355648717
子图1：(a) 水平分量,Abaqus,-0.6,2.366202959
子图1：(a) 水平分量,Abaqus,-0.59,2.3770973
子图1：(a) 水平分量,Abaqus,-0.58,2.387991641
子图1：(a) 水平分量,Abaqus,-0.57,2.398885982
子图1：(a) 水平分量,Abaqus,-0.56,2.409780323
子图1：(a) 水平分量,Abaqus,-0.55,2.42016886
子图1：(a) 水平分量,Abaqus,-0.54,2.430557398
子图1：(a) 水平分量,Abaqus,-0.53,2.440945935
子图1：(a) 水平分量,Abaqus,-0.52,2.451366222
子图1：(a) 水平分量,Abaqus,-0.51,2.462403846
子图1：(a) 水平分量,Abaqus,-0.5,2.473441471
子图1：(a) 水平分量,Abaqus,-0.49,2.484479096
子图1：(a) 水平分量,Abaqus,-0.48,2.495516721
子图1：(a) 水平分量,Abaqus,-0.47,2.505736935
子图1：(a) 水平分量,Abaqus,-0.46,2.515957149
子图1：(a) 水平分量,Abaqus,-0.45,2.526177363
子图1：(a) 水平分量,Abaqus,-0.44,2.536397577
子图1：(a) 水平分量,Abaqus,-0.43,2.546994011
子图1：(a) 水平分量,Abaqus,-0.42,2.557590444
子图1：(a) 水平分量,Abaqus,-0.41,2.568186877
子图1：(a) 水平分量,Abaqus,-0.4,2.57878331
子图1：(a) 水平分量,Abaqus,-0.39,2.588264377
子图1：(a) 水平分量,Abaqus,-0.38,2.597745443
子图1：(a) 水平分量,Abaqus,-0.37,2.60722651
子图1：(a) 水平分量,Abaqus,-0.36,2.616707577
子图1：(a) 水平分量,Abaqus,-0.35,2.626712706
子图1：(a) 水平分量,Abaqus,-0.34,2.636751486
子图1：(a) 水平分量,Abaqus,-0.33,2.646790265
子图1：(a) 水平分量,Abaqus,-0.32,2.656829045
子图1：(a) 水平分量,Abaqus,-0.31,2.665341909
子图1：(a) 水平分量,Abaqus,-0.3,2.673854773
子图1：(a) 水平分量,Abaqus,-0.29,2.682367637
子图1：(a) 水平分量,Abaqus,-0.28,2.690880501
子图1：(a) 水平分量,Abaqus,-0.27,2.699776261
子图1：(a) 水平分量,Abaqus,-0.26,2.70867202
子图1：(a) 水平分量,Abaqus,-0.25,2.71756778
子图1：(a) 水平分量,Abaqus,-0.24,2.72646354
子图1：(a) 水平分量,Abaqus,-0.23,2.73346128
子图1：(a) 水平分量,Abaqus,-0.22,2.74045902
子图1：(a) 水平分量,Abaqus,-0.21,2.74745676
子图1：(a) 水平分量,Abaqus,-0.2,2.7544545
子图1：(a) 水平分量,Abaqus,-0.19,2.761751217
子图1：(a) 水平分量,Abaqus,-0.18,2.769047935
子图1：(a) 水平分量,Abaqus,-0.17,2.776344653
子图1：(a) 水平分量,Abaqus,-0.16,2.78364137
子图1：(a) 水平分量,Abaqus,-0.15,2.788631962
子图1：(a) 水平分量,Abaqus,-0.14,2.793622554
子图1：(a) 水平分量,Abaqus,-0.13,2.798613146
子图1：(a) 水平分量,Abaqus,-0.12,2.803603739
子图1：(a) 水平分量,Abaqus,-0.11,2.808653286
子图1：(a) 水平分量,Abaqus,-0.1,2.813702834
子图1：(a) 水平分量,Abaqus,-0.09,2.818752382
子图1：(a) 水平分量,Abaqus,-0.08,2.82380193
子图1：(a) 水平分量,Abaqus,-0.07,2.826034966
子图1：(a) 水平分量,Abaqus,-0.06,2.828268002
子图1：(a) 水平分量,Abaqus,-0.05,2.830501038
子图1：(a) 水平分量,Abaqus,-0.04,2.832734074
子图1：(a) 水平分量,Abaqus,-0.03,2.834385093
子图1：(a) 水平分量,Abaqus,-0.02,2.836036112
子图1：(a) 水平分量,Abaqus,-0.01,2.83768713
子图1：(a) 水平分量,Abaqus,0,2.839338149
子图1：(a) 水平分量,Abaqus,0.01,2.829903047
子图1：(a) 水平分量,Abaqus,0.02,2.820467945
子图1：(a) 水平分量,Abaqus,0.03,2.811032843
子图1：(a) 水平分量,Abaqus,0.04,2.801597741
子图1：(a) 水平分量,Abaqus,0.05,2.792061065
子图1：(a) 水平分量,Abaqus,0.06,2.782298338
子图1：(a) 水平分量,Abaqus,0.07,2.77277073
子图1：(a) 水平分量,Abaqus,0.08,2.763243121
子图1：(a) 水平分量,Abaqus,0.09,2.753715513
子图1：(a) 水平分量,Abaqus,0.1,2.742390843
子图1：(a) 水平分量,Abaqus,0.11,2.729089102
子图1：(a) 水平分量,Abaqus,0.12,2.71578736
子图1：(a) 水平分量,Abaqus,0.13,2.702485619
子图1：(a) 水平分量,Abaqus,0.14,2.689183877
子图1：(a) 水平分量,Abaqus,0.15,2.674446792
子图1：(a) 水平分量,Abaqus,0.16,2.659135556
子图1：(a) 水平分量,Abaqus,0.17,2.643824319
子图1：(a) 水平分量,Abaqus,0.18,2.628513083
子图1：(a) 水平分量,Abaqus,0.19,2.613417224
子图1：(a) 水平分量,Abaqus,0.2,2.594485647
子图1：(a) 水平分量,Abaqus,0.21,2.575358506
子图1：(a) 水平分量,Abaqus,0.22,2.556231365
子图1：(a) 水平分量,Abaqus,0.23,2.537104224
子图1：(a) 水平分量,Abaqus,0.24,2.51758752
子图1：(a) 水平分量,Abaqus,0.25,2.496414712
子图1：(a) 水平分量,Abaqus,0.26,2.475241903
子图1：(a) 水平分量,Abaqus,0.27,2.454069095
子图1：(a) 水平分量,Abaqus,0.28,2.432896287
子图1：(a) 水平分量,Abaqus,0.29,2.410058417
子图1：(a) 水平分量,Abaqus,0.3,2.385000379
子图1：(a) 水平分量,Abaqus,0.31,2.360110184
子图1：(a) 水平分量,Abaqus,0.32,2.335382324
子图1：(a) 水平分量,Abaqus,0.33,2.310654463
子图1：(a) 水平分量,Abaqus,0.34,2.28488883
子图1：(a) 水平分量,Abaqus,0.35,2.258604367
子图1：(a) 水平分量,Abaqus,0.36,2.232319904
子图1：(a) 水平分量,Abaqus,0.37,2.20603544
子图1：(a) 水平分量,Abaqus,0.38,2.179750977
子图1：(a) 水平分量,Abaqus,0.39,2.150400164
子图1：(a) 水平分量,Abaqus,0.4,2.120726397
子图1：(a) 水平分量,Abaqus,0.41,2.091288312
子图1：(a) 水平分量,Abaqus,0.42,2.061989503
子图1：(a) 水平分量,Abaqus,0.43,2.032584211
子图1：(a) 水平分量,Abaqus,0.44,2.002539951
子图1：(a) 水平分量,Abaqus,0.45,1.972495691
子图1：(a) 水平分量,Abaqus,0.46,1.942451431
子图1：(a) 水平分量,Abaqus,0.47,1.912407171
子图1：(a) 水平分量,Abaqus,0.48,1.881366521
子图1：(a) 水平分量,Abaqus,0.49,1.848923672
子图1：(a) 水平分量,Abaqus,0.5,1.816480824
子图1：(a) 水平分量,Abaqus,0.51,1.784037975
子图1：(a) 水平分量,Abaqus,0.52,1.751595127
子图1：(a) 水平分量,Abaqus,0.53,1.719445897
子图1：(a) 水平分量,Abaqus,0.54,1.687736341
子图1：(a) 水平分量,Abaqus,0.55,1.656026786
子图1：(a) 水平分量,Abaqus,0.56,1.62431723
子图1：(a) 水平分量,Abaqus,0.57,1.592607674
子图1：(a) 水平分量,Abaqus,0.58,1.559385915
子图1：(a) 水平分量,Abaqus,0.59,1.525934551
子图1：(a) 水平分量,Abaqus,0.6,1.492483186
子图1：(a) 水平分量,Abaqus,0.61,1.459618667
子图1：(a) 水平分量,Abaqus,0.62,1.426944583
子图1：(a) 水平分量,Abaqus,0.63,1.39573687
子图1：(a) 水平分量,Abaqus,0.64,1.364897292
子图1：(a) 水平分量,Abaqus,0.65,1.334057714
子图1：(a) 水平分量,Abaqus,0.66,1.303855981
子图1：(a) 水平分量,Abaqus,0.67,1.273075127
子图1：(a) 水平分量,Abaqus,0.68,1.241915394
子图1：(a) 水平分量,Abaqus,0.69,1.211235217
子图1：(a) 水平分量,Abaqus,0.7,1.181170157
子图1：(a) 水平分量,Abaqus,0.71,1.151862629
子图1：(a) 水平分量,Abaqus,0.72,1.124689944
子图1：(a) 水平分量,Abaqus,0.73,1.099009372
子图1：(a) 水平分量,Abaqus,0.74,1.074004392
子图1：(a) 水平分量,Abaqus,0.75,1.049786765
子图1：(a) 水平分量,Abaqus,0.76,1.026461174
子图1：(a) 水平分量,Abaqus,0.77,1.003765586
子图1：(a) 水平分量,Abaqus,0.78,0.9824428409
子图1：(a) 水平分量,Abaqus,0.79,0.9627540714
子图1：(a) 水平分量,Abaqus,0.8,0.9449762143
子图1：(a) 水平分量,Abaqus,0.81,0.9289431052
子图1：(a) 水平分量,Abaqus,0.82,0.9150195405
子图1：(a) 水平分量,Abaqus,0.83,0.9022317016
子图1：(a) 水平分量,Abaqus,0.84,0.8906069762
子图1：(a) 水平分量,Abaqus,0.85,0.8801898293
子图1：(a) 水平分量,Abaqus,0.86,0.8720259627
子图1：(a) 水平分量,Abaqus,0.87,0.8680119097
子图1：(a) 水平分量,Abaqus,0.88,0.865837551
子图1：(a) 水平分量,Abaqus,0.89,0.8655683722
子图1：(a) 水平分量,Abaqus,0.9,0.867158115
子图1：(a) 水平分量,Abaqus,0.91,0.8679971035
子图1：(a) 水平分量,Abaqus,0.92,0.8675586512
子图1：(a) 水平分量,Abaqus,0.93,0.8679888224
子图1：(a) 水平分量,Abaqus,0.94,0.8689635033
子图1：(a) 水平分量,Abaqus,0.95,0.8704395436
子图1：(a) 水平分量,Abaqus,0.96,0.889279965
子图1：(a) 水平分量,Abaqus,0.97,0.9151420103
子图1：(a) 水平分量,Abaqus,0.98,0.9427293985
子图1：(a) 水平分量,Abaqus,0.99,0.9718321524
子图1：(a) 水平分量,Abaqus,1,1.002236914
子图1：(a) 水平分量,Abaqus,1.01,1.031245878
子图1：(a) 水平分量,Abaqus,1.02,1.060354892
子图1：(a) 水平分量,Abaqus,1.03,1.090126112
子图1：(a) 水平分量,Abaqus,1.04,1.119897331
子图1：(a) 水平分量,Abaqus,1.05,1.12650357
子图1：(a) 水平分量,Abaqus,1.06,1.133109358
子图1：(a) 水平分量,Abaqus,1.07,1.139715145
子图1：(a) 水平分量,Abaqus,1.08,1.146320933
子图1：(a) 水平分量,Abaqus,1.09,1.16235631
子图1：(a) 水平分量,Abaqus,1.1,1.178391872
子图1：(a) 水平分量,Abaqus,1.11,1.194427433
子图1：(a) 水平分量,Abaqus,1.12,1.210462994
子图1：(a) 水平分量,Abaqus,1.13,1.216151545
子图1：(a) 水平分量,Abaqus,1.14,1.221839894
子图1：(a) 水平分量,Abaqus,1.15,1.227528243
子图1：(a) 水平分量,Abaqus,1.16,1.233497104
子图1：(a) 水平分量,Abaqus,1.17,1.245398837
子图1：(a) 水平分量,Abaqus,1.18,1.257300685
子图1：(a) 水平分量,Abaqus,1.19,1.269202533
子图1：(a) 水平分量,Abaqus,1.2,1.281104381
子图1：(a) 水平分量,Abaqus,1.21,1.286174044
子图1：(a) 水平分量,Abaqus,1.22,1.291243574
子图1：(a) 水平分量,Abaqus,1.23,1.296313103
子图1：(a) 水平分量,Abaqus,1.24,1.301382633
子图1：(a) 水平分量,Abaqus,1.25,1.31080385
子图1：(a) 水平分量,Abaqus,1.26,1.32032576
子图1：(a) 水平分量,Abaqus,1.27,1.329847671
子图1：(a) 水平分量,Abaqus,1.28,1.339369581
子图1：(a) 水平分量,Abaqus,1.29,1.343821393
子图1：(a) 水平分量,Abaqus,1.3,1.348273107
子图1：(a) 水平分量,Abaqus,1.31,1.35272482
子图1：(a) 水平分量,Abaqus,1.32,1.357176533
子图1：(a) 水平分量,Abaqus,1.33,1.36487832
子图1：(a) 水平分量,Abaqus,1.34,1.372703112
子图1：(a) 水平分量,Abaqus,1.35,1.380527904
子图1：(a) 水平分量,Abaqus,1.36,1.388352696
子图1：(a) 水平分量,Abaqus,1.37,1.392199007
子图1：(a) 水平分量,Abaqus,1.38,1.396045241
子图1：(a) 水平分量,Abaqus,1.39,1.399891475
子图1：(a) 水平分量,Abaqus,1.4,1.403792109
子图1：(a) 水平分量,Abaqus,1.41,1.410286867
子图1：(a) 水平分量,Abaqus,1.42,1.416781668
子图1：(a) 水平分量,Abaqus,1.43,1.423276469
子图1：(a) 水平分量,Abaqus,1.44,1.429771271
子图1：(a) 水平分量,Abaqus,1.45,1.433040756
子图1：(a) 水平分量,Abaqus,1.46,1.436310178
子图1：(a) 水平分量,Abaqus,1.47,1.439579601
子图1：(a) 水平分量,Abaqus,1.48,1.443189609
子图1：(a) 水平分量,Abaqus,1.49,1.448594766
子图1：(a) 水平分量,Abaqus,1.5,1.453999957
子图1：(a) 水平分量,Abaqus,1.51,1.459405149
子图1：(a) 水平分量,Abaqus,1.52,1.46481034
子图1：(a) 水平分量,Abaqus,1.53,1.467544607
子图1：(a) 水平分量,Abaqus,1.54,1.470278823
子图1：(a) 水平分量,Abaqus,1.55,1.473300345
子图1：(a) 水平分量,Abaqus,1.56,1.476423455
子图1：(a) 水平分量,Abaqus,1.57,1.480918873
子图1：(a) 水平分量,Abaqus,1.58,1.485414317
子图1：(a) 水平分量,Abaqus,1.59,1.489909761
子图1：(a) 水平分量,Abaqus,1.6,1.494405205
子图1：(a) 水平分量,Abaqus,1.61,1.496658025
子图1：(a) 水平分量,Abaqus,1.62,1.499158365
子图1：(a) 水平分量,Abaqus,1.63,1.501796244
子图1：(a) 水平分量,Abaqus,1.64,1.504434124
子图1：(a) 水平分量,Abaqus,1.65,1.50816698
子图1：(a) 水平分量,Abaqus,1.66,1.511899858
子图1：(a) 水平分量,Abaqus,1.67,1.515632736
子图1：(a) 水平分量,Abaqus,1.68,1.519365614
子图1：(a) 水平分量,Abaqus,1.69,1.521397922
子图1：(a) 水平分量,Abaqus,1.7,1.523609785
子图1：(a) 水平分量,Abaqus,1.71,1.525821648
子图1：(a) 水平分量,Abaqus,1.72,1.528033511
子图1：(a) 水平分量,Abaqus,1.73,1.531131834
子图1：(a) 水平分量,Abaqus,1.74,1.534230174
子图1：(a) 水平分量,Abaqus,1.75,1.537328514
子图1：(a) 水平分量,Abaqus,1.76,1.54055372
子图1：(a) 水平分量,Abaqus,1.77,1.542403225
子图1：(a) 水平分量,Abaqus,1.78,1.544252699
子图1：(a) 水平分量,Abaqus,1.79,1.546102173
子图1：(a) 水平分量,Abaqus,1.8,1.547951647
子图1：(a) 水平分量,Abaqus,1.81,1.550530558
子图1：(a) 水平分量,Abaqus,1.82,1.553109484
子图1：(a) 水平分量,Abaqus,1.83,1.555730423
子图1：(a) 水平分量,Abaqus,1.84,1.558650205
子图1：(a) 水平分量,Abaqus,1.85,1.560204172
子图1：(a) 水平分量,Abaqus,1.86,1.561758112
子图1：(a) 水平分量,Abaqus,1.87,1.563312051
子图1：(a) 水平分量,Abaqus,1.88,1.564865991
子图1：(a) 水平分量,Abaqus,1.89,1.567029806
子图1：(a) 水平分量,Abaqus,1.9,1.569193633
子图1：(a) 水平分量,Abaqus,1.91,1.571596498
子图1：(a) 水平分量,Abaqus,1.92,1.574099086
子图1：(a) 水平分量,Abaqus,1.93,1.575426227
子图1：(a) 水平分量,Abaqus,1.94,1.576753346
子图1：(a) 水平分量,Abaqus,1.95,1.578080465
子图1：(a) 水平分量,Abaqus,1.96,1.579407584
子图1：(a) 水平分量,Abaqus,1.97,1.581251391
子图1：(a) 水平分量,Abaqus,1.98,1.583130161
子图1：(a) 水平分量,Abaqus,1.99,1.585309282
子图1：(a) 水平分量,Abaqus,2,1.587488402
子图1：(a) 水平分量,Abaqus,2.01,1.588655237
子图1：(a) 水平分量,Abaqus,2.02,1.589822052
子图1：(a) 水平分量,Abaqus,2.03,1.590988867
子图1：(a) 水平分量,Abaqus,2.04,1.592155682
子图1：(a) 水平分量,Abaqus,2.05,1.593765904
子图1：(a) 水平分量,Abaqus,2.06,1.595481571
子图1：(a) 水平分量,Abaqus,2.07,1.597423261
子图1：(a) 水平分量,Abaqus,2.08,1.599364952
子图1：(a) 水平分量,Abaqus,2.09,1.600433558
子图1：(a) 水平分量,Abaqus,2.1,1.601502146
子图1：(a) 水平分量,Abaqus,2.11,1.602570735
子图1：(a) 水平分量,Abaqus,2.12,1.603639324
子图1：(a) 水平分量,Abaqus,2.13,1.605092343
子图1：(a) 水平分量,Abaqus,2.14,1.606661981
子图1：(a) 水平分量,Abaqus,2.15,1.608443367
子图1：(a) 水平分量,Abaqus,2.16,1.610224753
子图1：(a) 水平分量,Abaqus,2.17,1.611252081
子图1：(a) 水平分量,Abaqus,2.18,1.612279395
子图1：(a) 水平分量,Abaqus,2.19,1.613306708
子图1：(a) 水平分量,Abaqus,2.2,1.614334022
子图1：(a) 水平分量,Abaqus,2.21,1.615696029
子图1：(a) 水平分量,Abaqus,2.22,1.617133071
子图1：(a) 水平分量,Abaqus,2.23,1.61882113
子图1：(a) 水平分量,Abaqus,2.24,1.62050919
子图1：(a) 水平分量,Abaqus,2.25,1.621545706
子图1：(a) 水平分量,Abaqus,2.26,1.622582211
子图1：(a) 水平分量,Abaqus,2.27,1.623618715
子图1：(a) 水平分量,Abaqus,2.28,1.624655219
子图1：(a) 水平分量,Abaqus,2.29,1.625983772
子图1：(a) 水平分量,Abaqus,2.3,1.627312331
子图1：(a) 水平分量,Abaqus,2.31,1.628953868
子图1：(a) 水平分量,Abaqus,2.32,1.630606853
子图1：(a) 水平分量,Abaqus,2.33,1.631695522
子图1：(a) 水平分量,Abaqus,2.34,1.63278418
子图1：(a) 水平分量,Abaqus,2.35,1.633872838
子图1：(a) 水平分量,Abaqus,2.36,1.634961496
子图1：(a) 水平分量,Abaqus,2.37,1.636304863
子图1：(a) 水平分量,Abaqus,2.38,1.637648235
子图1：(a) 水平分量,Abaqus,2.39,1.639183465
子图1：(a) 水平分量,Abaqus,2.4,1.640851352
子图1：(a) 水平分量,Abaqus,2.41,1.642027044
子图1：(a) 水平分量,Abaqus,2.42,1.643202726
子图1：(a) 水平分量,Abaqus,2.43,1.644378409
子图1：(a) 水平分量,Abaqus,2.44,1.645554091
子图1：(a) 水平分量,Abaqus,2.45,1.646949286
子图1：(a) 水平分量,Abaqus,2.46,1.648344485
子图1：(a) 水平分量,Abaqus,2.47,1.649791435
子图1：(a) 水平分量,Abaqus,2.48,1.651513414
子图1：(a) 水平分量,Abaqus,2.49,1.652803277
子图1：(a) 水平分量,Abaqus,2.5,1.654093133
子图1：(a) 水平分量,Abaqus,2.51,1.655382988
子图1：(a) 水平分量,Abaqus,2.52,1.656672844
子图1：(a) 水平分量,Abaqus,2.53,1.65814693
子图1：(a) 水平分量,Abaqus,2.54,1.659621019
子图1：(a) 水平分量,Abaqus,2.55,1.661095109
子图1：(a) 水平分量,Abaqus,2.56,1.662803927
子图1：(a) 水平分量,Abaqus,2.57,1.664226647
子图1：(a) 水平分量,Abaqus,2.58,1.665649361
子图1：(a) 水平分量,Abaqus,2.59,1.667072074
子图1：(a) 水平分量,Abaqus,2.6,1.668494787
子图1：(a) 水平分量,Abaqus,2.61,1.670067253
子图1：(a) 水平分量,Abaqus,2.62,1.671639723
子图1：(a) 水平分量,Abaqus,2.63,1.673212192
子图1：(a) 水平分量,Abaqus,2.64,1.674880706
子图1：(a) 水平分量,Abaqus,2.65,1.676445798
子图1：(a) 水平分量,Abaqus,2.66,1.678010884
子图1：(a) 水平分量,Abaqus,2.67,1.679575969
子图1：(a) 水平分量,Abaqus,2.68,1.68114106
子图1：(a) 水平分量,Abaqus,2.69,1.682822646
子图1：(a) 水平分量,Abaqus,2.7,1.684504233
子图1：(a) 水平分量,Abaqus,2.71,1.68618582
子图1：(a) 水平分量,Abaqus,2.72,1.687867393
子图1：(a) 水平分量,Abaqus,2.73,1.689553956
子图1：(a) 水平分量,Abaqus,2.74,1.691263531
子图1：(a) 水平分量,Abaqus,2.75,1.692973107
子图1：(a) 水平分量,Abaqus,2.76,1.694682686
子图1：(a) 水平分量,Abaqus,2.77,1.696474514
子图1：(a) 水平分量,Abaqus,2.78,1.698266342
子图1：(a) 水平分量,Abaqus,2.79,1.70005817
子图1：(a) 水平分量,Abaqus,2.8,1.701849986
子图1：(a) 水平分量,Abaqus,2.81,1.70358953
子图1：(a) 水平分量,Abaqus,2.82,1.705439387
子图1：(a) 水平分量,Abaqus,2.83,1.707289243
子图1：(a) 水平分量,Abaqus,2.84,1.709139102
子图1：(a) 水平分量,Abaqus,2.85,1.711034736
子图1：(a) 水平分量,Abaqus,2.86,1.71293037
子图1：(a) 水平分量,Abaqus,2.87,1.714826005
子图1：(a) 水平分量,Abaqus,2.88,1.716721627
子图1：(a) 水平分量,Abaqus,2.89,1.718543683
子图1：(a) 水平分量,Abaqus,2.9,1.720522229
子图1：(a) 水平分量,Abaqus,2.91,1.722500775
子图1：(a) 水平分量,Abaqus,2.92,1.724479322
子图1：(a) 水平分量,Abaqus,2.93,1.726466841
子图1：(a) 水平分量,Abaqus,2.94,1.728454361
子图1：(a) 水平分量,Abaqus,2.95,1.73044188
子图1：(a) 水平分量,Abaqus,2.96,1.732429388
子图1：(a) 水平分量,Abaqus,2.97,1.734365149
子图1：(a) 水平分量,Abaqus,2.98,1.736453738
子图1：(a) 水平分量,Abaqus,2.99,1.738542327
子图1：(a) 水平分量,Abaqus,3,1.740630915
子图1：(a) 水平分量,Abaqus,3.01,1.742692655
子图1：(a) 水平分量,Abaqus,3.02,1.744754395
子图1：(a) 水平分量,Abaqus,3.03,1.746816135
子图1：(a) 水平分量,Abaqus,3.04,1.748877863
子图1：(a) 水平分量,Abaqus,3.05,1.750963894
子图1：(a) 水平分量,Abaqus,3.06,1.753139811
子图1：(a) 水平分量,Abaqus,3.07,1.755315727
子图1：(a) 水平分量,Abaqus,3.08,1.757491641
子图1：(a) 水平分量,Abaqus,3.09,1.759605035
子图1：(a) 水平分量,Abaqus,3.1,1.76171843
子图1：(a) 水平分量,Abaqus,3.11,1.763831824
子图1：(a) 水平分量,Abaqus,3.12,1.765982231
子图1：(a) 水平分量,Abaqus,3.13,1.76822056
子图1：(a) 水平分量,Abaqus,3.14,1.770458889
子图1：(a) 水平分量,Abaqus,3.15,1.772697218
子图1：(a) 水平分量,Abaqus,3.16,1.774935543
子图1：(a) 水平分量,Abaqus,3.17,1.777075439
子图1：(a) 水平分量,Abaqus,3.18,1.779215336
子图1：(a) 水平分量,Abaqus,3.19,1.781355232
子图1：(a) 水平分量,Abaqus,3.2,1.783724498
子图1：(a) 水平分量,Abaqus,3.21,1.785997494
子图1：(a) 水平分量,Abaqus,3.22,1.788270489
子图1：(a) 水平分量,Abaqus,3.23,1.790543485
子图1：(a) 水平分量,Abaqus,3.24,1.792816475
子图1：(a) 水平分量,Abaqus,3.25,1.794955813
子图1：(a) 水平分量,Abaqus,3.26,1.797095151
子图1：(a) 水平分量,Abaqus,3.27,1.799300153
子图1：(a) 水平分量,Abaqus,3.28,1.801863503
子图1：(a) 水平分量,Abaqus,3.29,1.80414056
子图1：(a) 水平分量,Abaqus,3.3,1.806417617
子图1：(a) 水平分量,Abaqus,3.31,1.808694674
子图1：(a) 水平分量,Abaqus,3.32,1.810971724
子图1：(a) 水平分量,Abaqus,3.33,1.813081299
子图1：(a) 水平分量,Abaqus,3.34,1.815190873
子图1：(a) 水平分量,Abaqus,3.35,1.817684122
子图1：(a) 水平分量,Abaqus,3.36,1.820230885
子图1：(a) 水平分量,Abaqus,3.37,1.822480299
子图1：(a) 水平分量,Abaqus,3.38,1.824729713
子图1：(a) 水平分量,Abaqus,3.39,1.826979127
子图1：(a) 水平分量,Abaqus,3.4,1.829228532
子图1：(a) 水平分量,Abaqus,3.41,1.831278338
子图1：(a) 水平分量,Abaqus,3.42,1.833650973
子图1：(a) 水平分量,Abaqus,3.43,1.836150937
子图1：(a) 水平分量,Abaqus,3.44,1.838650889
子图1：(a) 水平分量,Abaqus,3.45,1.840841424
子图1：(a) 水平分量,Abaqus,3.46,1.843031959
子图1：(a) 水平分量,Abaqus,3.47,1.845222494
子图1：(a) 水平分量,Abaqus,3.48,1.847413019
子图1：(a) 水平分量,Abaqus,3.49,1.849679223
子图1：(a) 水平分量,Abaqus,3.5,1.852102637
子图1：(a) 水平分量,Abaqus,3.51,1.854526051
子图1：(a) 水平分量,Abaqus,3.52,1.856949452
子图1：(a) 水平分量,Abaqus,3.53,1.859051366
子图1：(a) 水平分量,Abaqus,3.54,1.86115328
子图1：(a) 水平分量,Abaqus,3.55,1.863255194
子图1：(a) 水平分量,Abaqus,3.56,1.865685258
子图1：(a) 水平分量,Abaqus,3.57,1.868004316
子图1：(a) 水平分量,Abaqus,3.58,1.870323374
子图1：(a) 水平分量,Abaqus,3.59,1.872642431
子图1：(a) 水平分量,Abaqus,3.6,1.874961475
子图1：(a) 水平分量,Abaqus,3.61,1.876947053
子图1：(a) 水平分量,Abaqus,3.62,1.87893263
子图1：(a) 水平分量,Abaqus,3.63,1.881321185
子图1：(a) 水平分量,Abaqus,3.64,1.883779411
子图1：(a) 水平分量,Abaqus,3.65,1.885967887
子图1：(a) 水平分量,Abaqus,3.66,1.888156362
子图1：(a) 水平分量,Abaqus,3.67,1.890344837
子图1：(a) 水平分量,Abaqus,3.68,1.892533298
子图1：(a) 水平分量,Abaqus,3.69,1.894409456
子图1：(a) 水平分量,Abaqus,3.7,1.896736428
子图1：(a) 水平分量,Abaqus,3.71,1.8990634
子图1：(a) 水平分量,Abaqus,3.72,1.90139036
子图1：(a) 水平分量,Abaqus,3.73,1.9034234
子图1：(a) 水平分量,Abaqus,3.74,1.90545644
子图1：(a) 水平分量,Abaqus,3.75,1.90748948
子图1：(a) 水平分量,Abaqus,3.76,1.909693957
子图1：(a) 水平分量,Abaqus,3.77,1.911865193
子图1：(a) 水平分量,Abaqus,3.78,1.914036429
子图1：(a) 水平分量,Abaqus,3.79,1.916207666
子图1：(a) 水平分量,Abaqus,3.8,1.918378889
子图1：(a) 水平分量,Abaqus,3.81,1.920234469
子图1：(a) 水平分量,Abaqus,3.82,1.922090048
子图1：(a) 水平分量,Abaqus,3.83,1.924290692
子图1：(a) 水平分量,Abaqus,3.84,1.926647318
子图1：(a) 水平分量,Abaqus,3.85,1.92864029
子图1：(a) 水平分量,Abaqus,3.86,1.930633262
子图1：(a) 水平分量,Abaqus,3.87,1.932626234
子图1：(a) 水平分量,Abaqus,3.88,1.934619193
子图1：(a) 水平分量,Abaqus,3.89,1.936318744
子图1：(a) 水平分量,Abaqus,3.9,1.938487434
子图1：(a) 水平分量,Abaqus,3.91,1.940656125
子图1：(a) 水平分量,Abaqus,3.92,1.942824799
子图1：(a) 水平分量,Abaqus,3.93,1.944620612
子图1：(a) 水平分量,Abaqus,3.94,1.946416424
子图1：(a) 水平分量,Abaqus,3.95,1.948212236
子图1：(a) 水平分量,Abaqus,3.96,1.950273517
子图1：(a) 水平分量,Abaqus,3.97,1.952236912
子图1：(a) 水平分量,Abaqus,3.98,1.954200307
子图1：(a) 水平分量,Abaqus,3.99,1.956163702
子图1：(a) 水平分量,Abaqus,4,1.958127081
子图1：(a) 水平分量,SPECFEM2D,-4,2.107789256
子图1：(a) 水平分量,SPECFEM2D,-3.99,2.09866073
子图1：(a) 水平分量,SPECFEM2D,-3.98,2.104790698
子图1：(a) 水平分量,SPECFEM2D,-3.97,2.105644659
子图1：(a) 水平分量,SPECFEM2D,-3.96,2.102634786
子图1：(a) 水平分量,SPECFEM2D,-3.95,2.098216429
子图1：(a) 水平分量,SPECFEM2D,-3.94,2.098648985
子图1：(a) 水平分量,SPECFEM2D,-3.93,2.10144351
子图1：(a) 水平分量,SPECFEM2D,-3.92,2.103088732
子图1：(a) 水平分量,SPECFEM2D,-3.91,2.103300737
子图1：(a) 水平分量,SPECFEM2D,-3.9,2.101886071
子图1：(a) 水平分量,SPECFEM2D,-3.89,2.098741425
子图1：(a) 水平分量,SPECFEM2D,-3.88,2.097110083
子图1：(a) 水平分量,SPECFEM2D,-3.87,2.098872014
子图1：(a) 水平分量,SPECFEM2D,-3.86,2.098630941
子图1：(a) 水平分量,SPECFEM2D,-3.85,2.105861404
子图1：(a) 水平分量,SPECFEM2D,-3.84,2.091930136
子图1：(a) 水平分量,SPECFEM2D,-3.83,2.087261958
子图1：(a) 水平分量,SPECFEM2D,-3.82,2.088766093
子图1：(a) 水平分量,SPECFEM2D,-3.81,2.089237527
子图1：(a) 水平分量,SPECFEM2D,-3.8,2.08920605
子图1：(a) 水平分量,SPECFEM2D,-3.79,2.089127614
子图1：(a) 水平分量,SPECFEM2D,-3.78,2.086454061
子图1：(a) 水平分量,SPECFEM2D,-3.77,2.085770106
子图1：(a) 水平分量,SPECFEM2D,-3.76,2.085255423
子图1：(a) 水平分量,SPECFEM2D,-3.75,2.089284174
子图1：(a) 水平分量,SPECFEM2D,-3.74,2.090561174
子图1：(a) 水平分量,SPECFEM2D,-3.73,2.087515945
子图1：(a) 水平分量,SPECFEM2D,-3.72,2.079678902
子图1：(a) 水平分量,SPECFEM2D,-3.71,2.097739162
子图1：(a) 水平分量,SPECFEM2D,-3.7,2.111844734
子图1：(a) 水平分量,SPECFEM2D,-3.69,2.089797361
子图1：(a) 水平分量,SPECFEM2D,-3.68,2.073865478
子图1：(a) 水平分量,SPECFEM2D,-3.67,2.077544041
子图1：(a) 水平分量,SPECFEM2D,-3.66,2.08032637
子图1：(a) 水平分量,SPECFEM2D,-3.65,2.080410992
子图1：(a) 水平分量,SPECFEM2D,-3.64,2.078297791
子图1：(a) 水平分量,SPECFEM2D,-3.63,2.074494907
子图1：(a) 水平分量,SPECFEM2D,-3.62,2.069517981
子图1：(a) 水平分量,SPECFEM2D,-3.61,2.06524008
子图1：(a) 水平分量,SPECFEM2D,-3.6,2.068785196
子图1：(a) 水平分量,SPECFEM2D,-3.59,2.071004212
子图1：(a) 水平分量,SPECFEM2D,-3.58,2.07104346
子图1：(a) 水平分量,SPECFEM2D,-3.57,2.06804442
子图1：(a) 水平分量,SPECFEM2D,-3.56,2.061142813
子图1：(a) 水平分量,SPECFEM2D,-3.55,2.063905747
子图1：(a) 水平分量,SPECFEM2D,-3.54,2.059046185
子图1：(a) 水平分量,SPECFEM2D,-3.53,2.058995021
子图1：(a) 水平分量,SPECFEM2D,-3.52,2.055044883
子图1：(a) 水平分量,SPECFEM2D,-3.51,2.049225484
子图1：(a) 水平分量,SPECFEM2D,-3.5,2.047618686
子图1：(a) 水平分量,SPECFEM2D,-3.49,2.049206147
子图1：(a) 水平分量,SPECFEM2D,-3.48,2.048402819
子图1：(a) 水平分量,SPECFEM2D,-3.47,2.046761566
子图1：(a) 水平分量,SPECFEM2D,-3.46,2.04413421
子图1：(a) 水平分量,SPECFEM2D,-3.45,2.040235899
子图1：(a) 水平分量,SPECFEM2D,-3.44,2.038128499
子图1：(a) 水平分量,SPECFEM2D,-3.43,2.039854635
子图1：(a) 水平分量,SPECFEM2D,-3.42,2.038978488
子图1：(a) 水平分量,SPECFEM2D,-3.41,2.036459221
子图1：(a) 水平分量,SPECFEM2D,-3.4,2.028367957
子图1：(a) 水平分量,SPECFEM2D,-3.39,2.029771808
子图1：(a) 水平分量,SPECFEM2D,-3.38,2.030754095
子图1：(a) 水平分量,SPECFEM2D,-3.37,2.02865694
子图1：(a) 水平分量,SPECFEM2D,-3.36,2.02459766
子图1：(a) 水平分量,SPECFEM2D,-3.35,2.019540863
子图1：(a) 水平分量,SPECFEM2D,-3.34,2.014699197
子图1：(a) 水平分量,SPECFEM2D,-3.33,2.013808641
子图1：(a) 水平分量,SPECFEM2D,-3.32,2.011848835
子图1：(a) 水平分量,SPECFEM2D,-3.31,2.011608131
子图1：(a) 水平分量,SPECFEM2D,-3.3,2.011740141
子图1：(a) 水平分量,SPECFEM2D,-3.29,2.010841079
子图1：(a) 水平分量,SPECFEM2D,-3.28,2.008515774
子图1：(a) 水平分量,SPECFEM2D,-3.27,2.008532938
子图1：(a) 水平分量,SPECFEM2D,-3.26,2.014452266
子图1：(a) 水平分量,SPECFEM2D,-3.25,1.999491992
子图1：(a) 水平分量,SPECFEM2D,-3.24,2.004864847
子图1：(a) 水平分量,SPECFEM2D,-3.23,2.003161073
子图1：(a) 水平分量,SPECFEM2D,-3.22,1.99712573
子图1：(a) 水平分量,SPECFEM2D,-3.21,1.989016998
子图1：(a) 水平分量,SPECFEM2D,-3.2,1.984651815
子图1：(a) 水平分量,SPECFEM2D,-3.19,1.983883824
子图1：(a) 水平分量,SPECFEM2D,-3.18,1.981433109
子图1：(a) 水平分量,SPECFEM2D,-3.17,1.976690609
子图1：(a) 水平分量,SPECFEM2D,-3.16,1.972314685
子图1：(a) 水平分量,SPECFEM2D,-3.15,1.972664242
子图1：(a) 水平分量,SPECFEM2D,-3.14,1.970339582
子图1：(a) 水平分量,SPECFEM2D,-3.13,1.96353245
子图1：(a) 水平分量,SPECFEM2D,-3.12,1.963741066
子图1：(a) 水平分量,SPECFEM2D,-3.11,1.974616403
子图1：(a) 水平分量,SPECFEM2D,-3.1,1.95693966
子图1：(a) 水平分量,SPECFEM2D,-3.09,1.960888899
子图1：(a) 水平分量,SPECFEM2D,-3.08,1.958514712
子图1：(a) 水平分量,SPECFEM2D,-3.07,1.950870635
子图1：(a) 水平分量,SPECFEM2D,-3.06,1.944729954
子图1：(a) 水平分量,SPECFEM2D,-3.05,1.942364376
子图1：(a) 水平分量,SPECFEM2D,-3.04,1.940164087
子图1：(a) 水平分量,SPECFEM2D,-3.03,1.938160926
子图1：(a) 水平分量,SPECFEM2D,-3.02,1.936198534
子图1：(a) 水平分量,SPECFEM2D,-3.01,1.933932223
子图1：(a) 水平分量,SPECFEM2D,-3,1.930828905
子图1：(a) 水平分量,SPECFEM2D,-2.99,1.92616704
子图1：(a) 水平分量,SPECFEM2D,-2.98,1.921786453
子图1：(a) 水平分量,SPECFEM2D,-2.97,1.918871393
子图1：(a) 水平分量,SPECFEM2D,-2.96,1.919430366
子图1：(a) 水平分量,SPECFEM2D,-2.95,1.916329469
子图1：(a) 水平分量,SPECFEM2D,-2.94,1.91205208
子图1：(a) 水平分量,SPECFEM2D,-2.93,1.909169374
子图1：(a) 水平分量,SPECFEM2D,-2.92,1.909098445
子图1：(a) 水平分量,SPECFEM2D,-2.91,1.907251477
子图1：(a) 水平分量,SPECFEM2D,-2.9,1.903441195
子图1：(a) 水平分量,SPECFEM2D,-2.89,1.897779939
子图1：(a) 水平分量,SPECFEM2D,-2.88,1.890839555
子图1：(a) 水平分量,SPECFEM2D,-2.87,1.89239272
子图1：(a) 水平分量,SPECFEM2D,-2.86,1.892130166
子图1：(a) 水平分量,SPECFEM2D,-2.85,1.888988954
子图1：(a) 水平分量,SPECFEM2D,-2.84,1.884171161
子图1：(a) 水平分量,SPECFEM2D,-2.83,1.888183646
子图1：(a) 水平分量,SPECFEM2D,-2.82,1.898771048
子图1：(a) 水平分量,SPECFEM2D,-2.81,1.897211955
子图1：(a) 水平分量,SPECFEM2D,-2.8,1.881778181
子图1：(a) 水平分量,SPECFEM2D,-2.79,1.870856379
子图1：(a) 水平分量,SPECFEM2D,-2.78,1.868075729
子图1：(a) 水平分量,SPECFEM2D,-2.77,1.868165587
子图1：(a) 水平分量,SPECFEM2D,-2.76,1.868666204
子图1：(a) 水平分量,SPECFEM2D,-2.75,1.866701118
子图1：(a) 水平分量,SPECFEM2D,-2.74,1.860222623
子图1：(a) 水平分量,SPECFEM2D,-2.73,1.852082677
子图1：(a) 水平分量,SPECFEM2D,-2.72,1.848491701
子图1：(a) 水平分量,SPECFEM2D,-2.71,1.853817814
子图1：(a) 水平分量,SPECFEM2D,-2.7,1.857078085
子图1：(a) 水平分量,SPECFEM2D,-2.69,1.854291814
子图1：(a) 水平分量,SPECFEM2D,-2.68,1.841791206
子图1：(a) 水平分量,SPECFEM2D,-2.67,1.84274708
子图1：(a) 水平分量,SPECFEM2D,-2.66,1.842261078
子图1：(a) 水平分量,SPECFEM2D,-2.65,1.835570424
子图1：(a) 水平分量,SPECFEM2D,-2.64,1.83126063
子图1：(a) 水平分量,SPECFEM2D,-2.63,1.826393371
子图1：(a) 水平分量,SPECFEM2D,-2.62,1.823411866
子图1：(a) 水平分量,SPECFEM2D,-2.61,1.824242602
子图1：(a) 水平分量,SPECFEM2D,-2.6,1.822483642
子图1：(a) 水平分量,SPECFEM2D,-2.59,1.818206608
子图1：(a) 水平分量,SPECFEM2D,-2.58,1.813024874
子图1：(a) 水平分量,SPECFEM2D,-2.57,1.81377876
子图1：(a) 水平分量,SPECFEM2D,-2.56,1.814526975
子图1：(a) 水平分量,SPECFEM2D,-2.55,1.813026963
子图1：(a) 水平分量,SPECFEM2D,-2.54,1.808560627
子图1：(a) 水平分量,SPECFEM2D,-2.53,1.811266535
子图1：(a) 水平分量,SPECFEM2D,-2.52,1.836428542
子图1：(a) 水平分量,SPECFEM2D,-2.51,1.807777796
子图1：(a) 水平分量,SPECFEM2D,-2.5,1.806687359
子图1：(a) 水平分量,SPECFEM2D,-2.49,1.810141874
子图1：(a) 水平分量,SPECFEM2D,-2.48,1.809920309
子图1：(a) 水平分量,SPECFEM2D,-2.47,1.804833947
子图1：(a) 水平分量,SPECFEM2D,-2.46,1.797709026
子图1：(a) 水平分量,SPECFEM2D,-2.45,1.790687419
子图1：(a) 水平分量,SPECFEM2D,-2.44,1.792960536
子图1：(a) 水平分量,SPECFEM2D,-2.43,1.792247006
子图1：(a) 水平分量,SPECFEM2D,-2.42,1.788407888
子图1：(a) 水平分量,SPECFEM2D,-2.41,1.787837825
子图1：(a) 水平分量,SPECFEM2D,-2.4,1.785964937
子图1：(a) 水平分量,SPECFEM2D,-2.39,1.784337865
子图1：(a) 水平分量,SPECFEM2D,-2.38,1.780460395
子图1：(a) 水平分量,SPECFEM2D,-2.37,1.791412048
子图1：(a) 水平分量,SPECFEM2D,-2.36,1.7869471
子图1：(a) 水平分量,SPECFEM2D,-2.35,1.781520128
子图1：(a) 水平分量,SPECFEM2D,-2.34,1.776090192
子图1：(a) 水平分量,SPECFEM2D,-2.33,1.773412775
子图1：(a) 水平分量,SPECFEM2D,-2.32,1.774480691
子图1：(a) 水平分量,SPECFEM2D,-2.31,1.775280671
子图1：(a) 水平分量,SPECFEM2D,-2.3,1.775121255
子图1：(a) 水平分量,SPECFEM2D,-2.29,1.774094692
子图1：(a) 水平分量,SPECFEM2D,-2.28,1.772526693
子图1：(a) 水平分量,SPECFEM2D,-2.27,1.770975957
子图1：(a) 水平分量,SPECFEM2D,-2.26,1.770234665
子图1：(a) 水平分量,SPECFEM2D,-2.25,1.77132819
子图1：(a) 水平分量,SPECFEM2D,-2.24,1.775515324
子图1：(a) 水平分量,SPECFEM2D,-2.23,1.784288044
子图1：(a) 水平分量,SPECFEM2D,-2.22,1.789999344
子图1：(a) 水平分量,SPECFEM2D,-2.21,1.771103726
子图1：(a) 水平分量,SPECFEM2D,-2.2,1.770767008
子图1：(a) 水平分量,SPECFEM2D,-2.19,1.772024699
子图1：(a) 水平分量,SPECFEM2D,-2.18,1.771056808
子图1：(a) 水平分量,SPECFEM2D,-2.17,1.771993004
子图1：(a) 水平分量,SPECFEM2D,-2.16,1.772173418
子图1：(a) 水平分量,SPECFEM2D,-2.15,1.770583403
子图1：(a) 水平分量,SPECFEM2D,-2.14,1.770025376
子图1：(a) 水平分量,SPECFEM2D,-2.13,1.774046641
子图1：(a) 水平分量,SPECFEM2D,-2.12,1.777490506
子图1：(a) 水平分量,SPECFEM2D,-2.11,1.779156189
子图1：(a) 水平分量,SPECFEM2D,-2.1,1.777570677
子图1：(a) 水平分量,SPECFEM2D,-2.09,1.773247059
子图1：(a) 水平分量,SPECFEM2D,-2.08,1.785141223
子图1：(a) 水平分量,SPECFEM2D,-2.07,1.79030765
子图1：(a) 水平分量,SPECFEM2D,-2.06,1.776129013
子图1：(a) 水平分量,SPECFEM2D,-2.05,1.778271346
子图1：(a) 水平分量,SPECFEM2D,-2.04,1.781493196
子图1：(a) 水平分量,SPECFEM2D,-2.03,1.783745559
子图1：(a) 水平分量,SPECFEM2D,-2.02,1.785367027
子图1：(a) 水平分量,SPECFEM2D,-2.01,1.786567606
子图1：(a) 水平分量,SPECFEM2D,-2,1.787428259
子图1：(a) 水平分量,SPECFEM2D,-1.99,1.787901102
子图1：(a) 水平分量,SPECFEM2D,-1.98,1.78780925
子图1：(a) 水平分量,SPECFEM2D,-1.97,1.786846974
子图1：(a) 水平分量,SPECFEM2D,-1.96,1.786570082
子图1：(a) 水平分量,SPECFEM2D,-1.95,1.788162713
子图1：(a) 水平分量,SPECFEM2D,-1.94,1.796106593
子图1：(a) 水平分量,SPECFEM2D,-1.93,1.810236775
子图1：(a) 水平分量,SPECFEM2D,-1.92,1.799736507
子图1：(a) 水平分量,SPECFEM2D,-1.91,1.797449538
子图1：(a) 水平分量,SPECFEM2D,-1.9,1.804073315
子图1：(a) 水平分量,SPECFEM2D,-1.89,1.802581271
子图1：(a) 水平分量,SPECFEM2D,-1.88,1.797018261
子图1：(a) 水平分量,SPECFEM2D,-1.87,1.800381181
子图1：(a) 水平分量,SPECFEM2D,-1.86,1.8089635
子图1：(a) 水平分量,SPECFEM2D,-1.85,1.814270262
子图1：(a) 水平分量,SPECFEM2D,-1.84,1.815619945
子图1：(a) 水平分量,SPECFEM2D,-1.83,1.81323557
子图1：(a) 水平分量,SPECFEM2D,-1.82,1.8082447
子图1：(a) 水平分量,SPECFEM2D,-1.81,1.808466527
子图1：(a) 水平分量,SPECFEM2D,-1.8,1.815724699
子图1：(a) 水平分量,SPECFEM2D,-1.79,1.817730335
子图1：(a) 水平分量,SPECFEM2D,-1.78,1.818829435
子图1：(a) 水平分量,SPECFEM2D,-1.77,1.818524022
子图1：(a) 水平分量,SPECFEM2D,-1.76,1.825180008
子图1：(a) 水平分量,SPECFEM2D,-1.75,1.826916876
子图1：(a) 水平分量,SPECFEM2D,-1.74,1.826600444
子图1：(a) 水平分量,SPECFEM2D,-1.73,1.833165956
子图1：(a) 水平分量,SPECFEM2D,-1.72,1.836305634
子图1：(a) 水平分量,SPECFEM2D,-1.71,1.8354154
子图1：(a) 水平分量,SPECFEM2D,-1.7,1.833801156
子图1：(a) 水平分量,SPECFEM2D,-1.69,1.840952995
子图1：(a) 水平分量,SPECFEM2D,-1.68,1.84830448
子图1：(a) 水平分量,SPECFEM2D,-1.67,1.853766111
子图1：(a) 水平分量,SPECFEM2D,-1.66,1.854542691
子图1：(a) 水平分量,SPECFEM2D,-1.65,1.847132811
子图1：(a) 水平分量,SPECFEM2D,-1.64,1.852281767
子图1：(a) 水平分量,SPECFEM2D,-1.63,1.894436568
子图1：(a) 水平分量,SPECFEM2D,-1.62,1.861853837
子图1：(a) 水平分量,SPECFEM2D,-1.61,1.861549589
子图1：(a) 水平分量,SPECFEM2D,-1.6,1.875429733
子图1：(a) 水平分量,SPECFEM2D,-1.59,1.879289313
子图1：(a) 水平分量,SPECFEM2D,-1.58,1.876784046
子图1：(a) 水平分量,SPECFEM2D,-1.57,1.871008082
子图1：(a) 水平分量,SPECFEM2D,-1.56,1.864493707
子图1：(a) 水平分量,SPECFEM2D,-1.55,1.868298911
子图1：(a) 水平分量,SPECFEM2D,-1.54,1.877409529
子图1：(a) 水平分量,SPECFEM2D,-1.53,1.882491025
子图1：(a) 水平分量,SPECFEM2D,-1.52,1.882933358
子图1：(a) 水平分量,SPECFEM2D,-1.51,1.878636696
子图1：(a) 水平分量,SPECFEM2D,-1.5,1.888568376
子图1：(a) 水平分量,SPECFEM2D,-1.49,1.897780814
子图1：(a) 水平分量,SPECFEM2D,-1.48,1.898601501
子图1：(a) 水平分量,SPECFEM2D,-1.47,1.894180321
子图1：(a) 水平分量,SPECFEM2D,-1.46,1.89246408
子图1：(a) 水平分量,SPECFEM2D,-1.45,1.892499041
子图1：(a) 水平分量,SPECFEM2D,-1.44,1.893584163
子图1：(a) 水平分量,SPECFEM2D,-1.43,1.895173286
子图1：(a) 水平分量,SPECFEM2D,-1.42,1.897971085
子图1：(a) 水平分量,SPECFEM2D,-1.41,1.899627233
子图1：(a) 水平分量,SPECFEM2D,-1.4,1.899823095
子图1：(a) 水平分量,SPECFEM2D,-1.39,1.901060302
子图1：(a) 水平分量,SPECFEM2D,-1.38,1.906170287
子图1：(a) 水平分量,SPECFEM2D,-1.37,1.911344906
子图1：(a) 水平分量,SPECFEM2D,-1.36,1.913498711
子图1：(a) 水平分量,SPECFEM2D,-1.35,1.914205139
子图1：(a) 水平分量,SPECFEM2D,-1.34,1.926973138
子图1：(a) 水平分量,SPECFEM2D,-1.33,1.934223469
子图1：(a) 水平分量,SPECFEM2D,-1.32,1.925266269
子图1：(a) 水平分量,SPECFEM2D,-1.31,1.931990991
子图1：(a) 水平分量,SPECFEM2D,-1.3,1.938288551
子图1：(a) 水平分量,SPECFEM2D,-1.29,1.939738313
子图1：(a) 水平分量,SPECFEM2D,-1.28,1.938583038
子图1：(a) 水平分量,SPECFEM2D,-1.27,1.943551492
子图1：(a) 水平分量,SPECFEM2D,-1.26,1.951186222
子图1：(a) 水平分量,SPECFEM2D,-1.25,1.956692947
子图1：(a) 水平分量,SPECFEM2D,-1.24,1.959612442
子图1：(a) 水平分量,SPECFEM2D,-1.23,1.959909389
子图1：(a) 水平分量,SPECFEM2D,-1.22,1.960641032
子图1：(a) 水平分量,SPECFEM2D,-1.21,1.964135951
子图1：(a) 水平分量,SPECFEM2D,-1.2,1.972084164
子图1：(a) 水平分量,SPECFEM2D,-1.19,1.985037302
子图1：(a) 水平分量,SPECFEM2D,-1.18,1.987722218
子图1：(a) 水平分量,SPECFEM2D,-1.17,1.99075566
子图1：(a) 水平分量,SPECFEM2D,-1.16,1.993226248
子图1：(a) 水平分量,SPECFEM2D,-1.15,1.998539897
子图1：(a) 水平分量,SPECFEM2D,-1.14,2.009655228
子图1：(a) 水平分量,SPECFEM2D,-1.13,2.018530857
子图1：(a) 水平分量,SPECFEM2D,-1.12,2.023745393
子图1：(a) 水平分量,SPECFEM2D,-1.11,2.024766332
子图1：(a) 水平分量,SPECFEM2D,-1.1,2.021950235
子图1：(a) 水平分量,SPECFEM2D,-1.09,2.017200025
子图1：(a) 水平分量,SPECFEM2D,-1.08,2.031404344
子图1：(a) 水平分量,SPECFEM2D,-1.07,2.043708759
子图1：(a) 水平分量,SPECFEM2D,-1.06,2.050231306
子图1：(a) 水平分量,SPECFEM2D,-1.05,2.046149762
子图1：(a) 水平分量,SPECFEM2D,-1.04,2.056439222
子图1：(a) 水平分量,SPECFEM2D,-1.03,2.050095701
子图1：(a) 水平分量,SPECFEM2D,-1.02,2.065428968
子图1：(a) 水平分量,SPECFEM2D,-1.01,2.075939689
子图1：(a) 水平分量,SPECFEM2D,-1,2.077795993
子图1：(a) 水平分量,SPECFEM2D,-0.99,2.074572726
子图1：(a) 水平分量,SPECFEM2D,-0.98,2.085807508
子图1：(a) 水平分量,SPECFEM2D,-0.97,2.100600777
子图1：(a) 水平分量,SPECFEM2D,-0.96,2.111703304
子图1：(a) 水平分量,SPECFEM2D,-0.95,2.118239847
子图1：(a) 水平分量,SPECFEM2D,-0.94,2.120235084
子图1：(a) 水平分量,SPECFEM2D,-0.93,2.125201163
子图1：(a) 水平分量,SPECFEM2D,-0.92,2.13198555
子图1：(a) 水平分量,SPECFEM2D,-0.91,2.134079765
子图1：(a) 水平分量,SPECFEM2D,-0.9,2.140086596
子图1：(a) 水平分量,SPECFEM2D,-0.89,2.168353522
子图1：(a) 水平分量,SPECFEM2D,-0.88,2.172602019
子图1：(a) 水平分量,SPECFEM2D,-0.87,2.174041822
子图1：(a) 水平分量,SPECFEM2D,-0.86,2.176716653
子图1：(a) 水平分量,SPECFEM2D,-0.85,2.180483212
子图1：(a) 水平分量,SPECFEM2D,-0.84,2.185198426
子图1：(a) 水平分量,SPECFEM2D,-0.83,2.196240803
子图1：(a) 水平分量,SPECFEM2D,-0.82,2.207477666
子图1：(a) 水平分量,SPECFEM2D,-0.81,2.21488835
子图1：(a) 水平分量,SPECFEM2D,-0.8,2.218995659
子图1：(a) 水平分量,SPECFEM2D,-0.79,2.2319348
子图1：(a) 水平分量,SPECFEM2D,-0.78,2.248200088
子图1：(a) 水平分量,SPECFEM2D,-0.77,2.26151915
子图1：(a) 水平分量,SPECFEM2D,-0.76,2.268399022
子图1：(a) 水平分量,SPECFEM2D,-0.75,2.270200989
子图1：(a) 水平分量,SPECFEM2D,-0.74,2.308159855
子图1：(a) 水平分量,SPECFEM2D,-0.73,2.282830171
子图1：(a) 水平分量,SPECFEM2D,-0.72,2.308654278
子图1：(a) 水平分量,SPECFEM2D,-0.71,2.319829833
子图1：(a) 水平分量,SPECFEM2D,-0.7,2.32248886
子图1：(a) 水平分量,SPECFEM2D,-0.69,2.326712052
子图1：(a) 水平分量,SPECFEM2D,-0.68,2.334537023
子图1：(a) 水平分量,SPECFEM2D,-0.67,2.342513558
子图1：(a) 水平分量,SPECFEM2D,-0.66,2.351376902
子图1：(a) 水平分量,SPECFEM2D,-0.65,2.364023954
子图1：(a) 水平分量,SPECFEM2D,-0.64,2.374678402
子图1：(a) 水平分量,SPECFEM2D,-0.63,2.389831455
子图1：(a) 水平分量,SPECFEM2D,-0.62,2.399945846
子图1：(a) 水平分量,SPECFEM2D,-0.61,2.407718387
子图1：(a) 水平分量,SPECFEM2D,-0.6,2.415523048
子图1：(a) 水平分量,SPECFEM2D,-0.59,2.453449548
子图1：(a) 水平分量,SPECFEM2D,-0.58,2.453160194
子图1：(a) 水平分量,SPECFEM2D,-0.57,2.450888353
子图1：(a) 水平分量,SPECFEM2D,-0.56,2.452026408
子图1：(a) 水平分量,SPECFEM2D,-0.55,2.473724539
子图1：(a) 水平分量,SPECFEM2D,-0.54,2.490815548
子图1：(a) 水平分量,SPECFEM2D,-0.53,2.502348989
子图1：(a) 水平分量,SPECFEM2D,-0.52,2.508212887
子图1：(a) 水平分量,SPECFEM2D,-0.51,2.509133261
子图1：(a) 水平分量,SPECFEM2D,-0.5,2.516563105
子图1：(a) 水平分量,SPECFEM2D,-0.49,2.537072269
子图1：(a) 水平分量,SPECFEM2D,-0.48,2.555203656
子图1：(a) 水平分量,SPECFEM2D,-0.47,2.567561247
子图1：(a) 水平分量,SPECFEM2D,-0.46,2.570079248
子图1：(a) 水平分量,SPECFEM2D,-0.45,2.559095162
子图1：(a) 水平分量,SPECFEM2D,-0.44,2.592170895
子图1：(a) 水平分量,SPECFEM2D,-0.43,2.600054388
子图1：(a) 水平分量,SPECFEM2D,-0.42,2.602570683
子图1：(a) 水平分量,SPECFEM2D,-0.41,2.603298362
子图1：(a) 水平分量,SPECFEM2D,-0.4,2.616998299
子图1：(a) 水平分量,SPECFEM2D,-0.39,2.633498347
子图1：(a) 水平分量,SPECFEM2D,-0.38,2.645520257
子图1：(a) 水平分量,SPECFEM2D,-0.37,2.650172527
子图1：(a) 水平分量,SPECFEM2D,-0.36,2.648165611
子图1：(a) 水平分量,SPECFEM2D,-0.35,2.660268993
子图1：(a) 水平分量,SPECFEM2D,-0.34,2.679275348
子图1：(a) 水平分量,SPECFEM2D,-0.33,2.695272176
子图1：(a) 水平分量,SPECFEM2D,-0.32,2.704134246
子图1：(a) 水平分量,SPECFEM2D,-0.31,2.700842631
子图1：(a) 水平分量,SPECFEM2D,-0.3,2.723920685
子图1：(a) 水平分量,SPECFEM2D,-0.29,2.733652784
子图1：(a) 水平分量,SPECFEM2D,-0.28,2.715463907
子图1：(a) 水平分量,SPECFEM2D,-0.27,2.731173506
子图1：(a) 水平分量,SPECFEM2D,-0.26,2.7457399
子图1：(a) 水平分量,SPECFEM2D,-0.25,2.758301133
子图1：(a) 水平分量,SPECFEM2D,-0.24,2.768345099
子图1：(a) 水平分量,SPECFEM2D,-0.23,2.775597528
子图1：(a) 水平分量,SPECFEM2D,-0.22,2.780020139
子图1：(a) 水平分量,SPECFEM2D,-0.21,2.781812188
子图1：(a) 水平分量,SPECFEM2D,-0.2,2.781409772
子图1：(a) 水平分量,SPECFEM2D,-0.19,2.786559887
子图1：(a) 水平分量,SPECFEM2D,-0.18,2.794689756
子图1：(a) 水平分量,SPECFEM2D,-0.17,2.809147811
子图1：(a) 水平分量,SPECFEM2D,-0.16,2.823998794
子图1：(a) 水平分量,SPECFEM2D,-0.15,2.836643275
子图1：(a) 水平分量,SPECFEM2D,-0.14,2.820214149
子图1：(a) 水平分量,SPECFEM2D,-0.13,2.846026374
子图1：(a) 水平分量,SPECFEM2D,-0.12,2.858325144
子图1：(a) 水平分量,SPECFEM2D,-0.11,2.860431064
子图1：(a) 水平分量,SPECFEM2D,-0.1,2.856814996
子图1：(a) 水平分量,SPECFEM2D,-0.09,2.851013372
子图1：(a) 水平分量,SPECFEM2D,-0.08,2.845627844
子图1：(a) 水平分量,SPECFEM2D,-0.07,2.853011435
子图1：(a) 水平分量,SPECFEM2D,-0.06,2.867495348
子图1：(a) 水平分量,SPECFEM2D,-0.05,2.87677826
子图1：(a) 水平分量,SPECFEM2D,-0.04,2.878466968
子图1：(a) 水平分量,SPECFEM2D,-0.03,2.870152699
子图1：(a) 水平分量,SPECFEM2D,-0.02,2.855183622
子图1：(a) 水平分量,SPECFEM2D,-0.01,2.889624384
子图1：(a) 水平分量,SPECFEM2D,0,2.954058444
子图1：(a) 水平分量,SPECFEM2D,0.01,2.975226274
子图1：(a) 水平分量,SPECFEM2D,0.02,3.005897201
子图1：(a) 水平分量,SPECFEM2D,0.03,2.954464637
子图1：(a) 水平分量,SPECFEM2D,0.04,2.934456382
子图1：(a) 水平分量,SPECFEM2D,0.05,2.978705808
子图1：(a) 水平分量,SPECFEM2D,0.06,2.99053234
子图1：(a) 水平分量,SPECFEM2D,0.07,2.96352442
子图1：(a) 水平分量,SPECFEM2D,0.08,2.898693088
子图1：(a) 水平分量,SPECFEM2D,0.09,2.853129225
子图1：(a) 水平分量,SPECFEM2D,0.1,2.898788349
子图1：(a) 水平分量,SPECFEM2D,0.11,2.900639603
子图1：(a) 水平分量,SPECFEM2D,0.12,2.925891772
子图1：(a) 水平分量,SPECFEM2D,0.13,2.894852019
子图1：(a) 水平分量,SPECFEM2D,0.14,2.843313103
子图1：(a) 水平分量,SPECFEM2D,0.15,2.893599273
子图1：(a) 水平分量,SPECFEM2D,0.16,2.910085049
子图1：(a) 水平分量,SPECFEM2D,0.17,2.893865815
子图1：(a) 水平分量,SPECFEM2D,0.18,2.847668088
子图1：(a) 水平分量,SPECFEM2D,0.19,2.775850393
子图1：(a) 水平分量,SPECFEM2D,0.2,2.698963679
子图1：(a) 水平分量,SPECFEM2D,0.21,2.722484913
子图1：(a) 水平分量,SPECFEM2D,0.22,2.694256234
子图1：(a) 水平分量,SPECFEM2D,0.23,2.663782783
子图1：(a) 水平分量,SPECFEM2D,0.24,2.642329869
子图1：(a) 水平分量,SPECFEM2D,0.25,2.87460128
子图1：(a) 水平分量,SPECFEM2D,0.26,2.6854669
子图1：(a) 水平分量,SPECFEM2D,0.27,2.555156145
子图1：(a) 水平分量,SPECFEM2D,0.28,2.556328693
子图1：(a) 水平分量,SPECFEM2D,0.29,2.531332238
子图1：(a) 水平分量,SPECFEM2D,0.3,2.52390892
子图1：(a) 水平分量,SPECFEM2D,0.31,2.486401598
子图1：(a) 水平分量,SPECFEM2D,0.32,2.421951751
子图1：(a) 水平分量,SPECFEM2D,0.33,2.414444014
子图1：(a) 水平分量,SPECFEM2D,0.34,2.395269472
子图1：(a) 水平分量,SPECFEM2D,0.35,2.335064576
子图1：(a) 水平分量,SPECFEM2D,0.36,2.35360116
子图1：(a) 水平分量,SPECFEM2D,0.37,2.359751381
子图1：(a) 水平分量,SPECFEM2D,0.38,2.325216833
子图1：(a) 水平分量,SPECFEM2D,0.39,2.309847718
子图1：(a) 水平分量,SPECFEM2D,0.4,2.308026086
子图1：(a) 水平分量,SPECFEM2D,0.41,2.227063968
子图1：(a) 水平分量,SPECFEM2D,0.42,2.141904359
子图1：(a) 水平分量,SPECFEM2D,0.43,2.156905406
子图1：(a) 水平分量,SPECFEM2D,0.44,2.127872635
子图1：(a) 水平分量,SPECFEM2D,0.45,2.054378538
子图1：(a) 水平分量,SPECFEM2D,0.46,2.02668383
子图1：(a) 水平分量,SPECFEM2D,0.47,1.981792979
子图1：(a) 水平分量,SPECFEM2D,0.48,1.975586854
子图1：(a) 水平分量,SPECFEM2D,0.49,1.932897064
子图1：(a) 水平分量,SPECFEM2D,0.5,2.132260867
子图1：(a) 水平分量,SPECFEM2D,0.51,1.871230781
子图1：(a) 水平分量,SPECFEM2D,0.52,1.849325074
子图1：(a) 水平分量,SPECFEM2D,0.53,1.903893313
子图1：(a) 水平分量,SPECFEM2D,0.54,1.88711578
子图1：(a) 水平分量,SPECFEM2D,0.55,1.81917886
子图1：(a) 水平分量,SPECFEM2D,0.56,1.724347391
子图1：(a) 水平分量,SPECFEM2D,0.57,1.751144765
子图1：(a) 水平分量,SPECFEM2D,0.58,1.745370536
子图1：(a) 水平分量,SPECFEM2D,0.59,1.700538992
子图1：(a) 水平分量,SPECFEM2D,0.6,1.616964362
子图1：(a) 水平分量,SPECFEM2D,0.61,1.573484208
子图1：(a) 水平分量,SPECFEM2D,0.62,1.610569919
子图1：(a) 水平分量,SPECFEM2D,0.63,1.59911034
子图1：(a) 水平分量,SPECFEM2D,0.64,1.461834883
子图1：(a) 水平分量,SPECFEM2D,0.65,1.430549458
子图1：(a) 水平分量,SPECFEM2D,0.66,1.358451711
子图1：(a) 水平分量,SPECFEM2D,0.67,1.30741918
子图1：(a) 水平分量,SPECFEM2D,0.68,1.307082307
子图1：(a) 水平分量,SPECFEM2D,0.69,1.312117622
子图1：(a) 水平分量,SPECFEM2D,0.7,1.264777691
子图1：(a) 水平分量,SPECFEM2D,0.71,1.242111077
子图1：(a) 水平分量,SPECFEM2D,0.72,1.209749046
子图1：(a) 水平分量,SPECFEM2D,0.73,1.166372216
子图1：(a) 水平分量,SPECFEM2D,0.74,1.155192369
子图1：(a) 水平分量,SPECFEM2D,0.75,1.19865144
子图1：(a) 水平分量,SPECFEM2D,0.76,1.056424936
子图1：(a) 水平分量,SPECFEM2D,0.77,1.142001261
子图1：(a) 水平分量,SPECFEM2D,0.78,1.140961377
子图1：(a) 水平分量,SPECFEM2D,0.79,1.110929835
子图1：(a) 水平分量,SPECFEM2D,0.8,1.057245635
子图1：(a) 水平分量,SPECFEM2D,0.81,0.9903636184
子图1：(a) 水平分量,SPECFEM2D,0.82,0.9770444308
子图1：(a) 水平分量,SPECFEM2D,0.83,0.9692657845
子图1：(a) 水平分量,SPECFEM2D,0.84,0.9368144559
子图1：(a) 水平分量,SPECFEM2D,0.85,0.9744120821
子图1：(a) 水平分量,SPECFEM2D,0.86,0.9878344305
子图1：(a) 水平分量,SPECFEM2D,0.87,0.9444591826
子图1：(a) 水平分量,SPECFEM2D,0.88,0.9458432545
子图1：(a) 水平分量,SPECFEM2D,0.89,0.9529535667
子图1：(a) 水平分量,SPECFEM2D,0.9,0.9525400439
子图1：(a) 水平分量,SPECFEM2D,0.91,0.936654775
子图1：(a) 水平分量,SPECFEM2D,0.92,0.9008615295
子图1：(a) 水平分量,SPECFEM2D,0.93,0.90209338
子图1：(a) 水平分量,SPECFEM2D,0.94,0.9284007841
子图1：(a) 水平分量,SPECFEM2D,0.95,0.9505464214
子图1：(a) 水平分量,SPECFEM2D,0.96,1.016193307
子图1：(a) 水平分量,SPECFEM2D,0.97,1.08615575
子图1：(a) 水平分量,SPECFEM2D,0.98,1.111173958
子图1：(a) 水平分量,SPECFEM2D,0.99,1.053262599
子图1：(a) 水平分量,SPECFEM2D,1,1.115466452
子图1：(a) 水平分量,SPECFEM2D,1.01,1.050300145
子图1：(a) 水平分量,SPECFEM2D,1.02,1.035799283
子图1：(a) 水平分量,SPECFEM2D,1.03,1.060511244
子图1：(a) 水平分量,SPECFEM2D,1.04,1.087940781
子图1：(a) 水平分量,SPECFEM2D,1.05,1.108163295
子图1：(a) 水平分量,SPECFEM2D,1.06,1.122442016
子图1：(a) 水平分量,SPECFEM2D,1.07,1.132132446
子图1：(a) 水平分量,SPECFEM2D,1.08,1.138683172
子图1：(a) 水平分量,SPECFEM2D,1.09,1.149325935
子图1：(a) 水平分量,SPECFEM2D,1.1,1.166016399
子图1：(a) 水平分量,SPECFEM2D,1.11,1.18058315
子图1：(a) 水平分量,SPECFEM2D,1.12,1.191843103
子图1：(a) 水平分量,SPECFEM2D,1.13,1.198438637
子图1：(a) 水平分量,SPECFEM2D,1.14,1.204851903
子图1：(a) 水平分量,SPECFEM2D,1.15,1.232774997
子图1：(a) 水平分量,SPECFEM2D,1.16,1.227780761
子图1：(a) 水平分量,SPECFEM2D,1.17,1.239172776
子图1：(a) 水平分量,SPECFEM2D,1.18,1.250120923
子图1：(a) 水平分量,SPECFEM2D,1.19,1.2586933
子图1：(a) 水平分量,SPECFEM2D,1.2,1.265506713
子图1：(a) 水平分量,SPECFEM2D,1.21,1.271118327
子图1：(a) 水平分量,SPECFEM2D,1.22,1.276024803
子图1：(a) 水平分量,SPECFEM2D,1.23,1.280662839
子图1：(a) 水平分量,SPECFEM2D,1.24,1.289116339
子图1：(a) 水平分量,SPECFEM2D,1.25,1.299292776
子图1：(a) 水平分量,SPECFEM2D,1.26,1.30881278
子图1：(a) 水平分量,SPECFEM2D,1.27,1.316937475
子图1：(a) 水平分量,SPECFEM2D,1.28,1.322734774
子图1：(a) 水平分量,SPECFEM2D,1.29,1.327811085
子图1：(a) 水平分量,SPECFEM2D,1.3,1.337173908
子图1：(a) 水平分量,SPECFEM2D,1.31,1.344301688
子图1：(a) 水平分量,SPECFEM2D,1.32,1.352717721
子图1：(a) 水平分量,SPECFEM2D,1.33,1.357283805
子图1：(a) 水平分量,SPECFEM2D,1.34,1.359683293
子图1：(a) 水平分量,SPECFEM2D,1.35,1.365012234
子图1：(a) 水平分量,SPECFEM2D,1.36,1.374756973
子图1：(a) 水平分量,SPECFEM2D,1.37,1.382122559
子图1：(a) 水平分量,SPECFEM2D,1.38,1.387074208
子图1：(a) 水平分量,SPECFEM2D,1.39,1.391321324
子图1：(a) 水平分量,SPECFEM2D,1.4,1.396004677
子图1：(a) 水平分量,SPECFEM2D,1.41,1.399010952
子图1：(a) 水平分量,SPECFEM2D,1.42,1.40421149
子图1：(a) 水平分量,SPECFEM2D,1.43,1.410904303
子图1：(a) 水平分量,SPECFEM2D,1.44,1.425808133
子图1：(a) 水平分量,SPECFEM2D,1.45,1.43219627
子图1：(a) 水平分量,SPECFEM2D,1.46,1.426804385
子图1：(a) 水平分量,SPECFEM2D,1.47,1.43250425
子图1：(a) 水平分量,SPECFEM2D,1.48,1.435618037
子图1：(a) 水平分量,SPECFEM2D,1.49,1.437377583
子图1：(a) 水平分量,SPECFEM2D,1.5,1.440705425
子图1：(a) 水平分量,SPECFEM2D,1.51,1.447458663
子图1：(a) 水平分量,SPECFEM2D,1.52,1.454014949
子图1：(a) 水平分量,SPECFEM2D,1.53,1.458225744
子图1：(a) 水平分量,SPECFEM2D,1.54,1.459617542
子图1：(a) 水平分量,SPECFEM2D,1.55,1.460143178
子图1：(a) 水平分量,SPECFEM2D,1.56,1.470721009
子图1：(a) 水平分量,SPECFEM2D,1.57,1.479815662
子图1：(a) 水平分量,SPECFEM2D,1.58,1.484778819
子图1：(a) 水平分量,SPECFEM2D,1.59,1.483232821
子图1：(a) 水平分量,SPECFEM2D,1.6,1.487952996
子图1：(a) 水平分量,SPECFEM2D,1.61,1.495378018
子图1：(a) 水平分量,SPECFEM2D,1.62,1.498473208
子图1：(a) 水平分量,SPECFEM2D,1.63,1.49923198
子图1：(a) 水平分量,SPECFEM2D,1.64,1.499221322
子图1：(a) 水平分量,SPECFEM2D,1.65,1.499581171
子图1：(a) 水平分量,SPECFEM2D,1.66,1.501024928
子图1：(a) 水平分量,SPECFEM2D,1.67,1.503839102
子图1：(a) 水平分量,SPECFEM2D,1.68,1.507883528
子图1：(a) 水平分量,SPECFEM2D,1.69,1.514079854
子图1：(a) 水平分量,SPECFEM2D,1.7,1.52070745
子图1：(a) 水平分量,SPECFEM2D,1.71,1.524733364
子图1：(a) 水平分量,SPECFEM2D,1.72,1.524416049
子图1：(a) 水平分量,SPECFEM2D,1.73,1.520661882
子图1：(a) 水平分量,SPECFEM2D,1.74,1.535425772
子图1：(a) 水平分量,SPECFEM2D,1.75,1.536533927
子图1：(a) 水平分量,SPECFEM2D,1.76,1.529215867
子图1：(a) 水平分量,SPECFEM2D,1.77,1.53801974
子图1：(a) 水平分量,SPECFEM2D,1.78,1.544705154
子图1：(a) 水平分量,SPECFEM2D,1.79,1.547007243
子图1：(a) 水平分量,SPECFEM2D,1.8,1.546267451
子图1：(a) 水平分量,SPECFEM2D,1.81,1.543713678
子图1：(a) 水平分量,SPECFEM2D,1.82,1.544388728
子图1：(a) 水平分量,SPECFEM2D,1.83,1.551109466
子图1：(a) 水平分量,SPECFEM2D,1.84,1.556383698
子图1：(a) 水平分量,SPECFEM2D,1.85,1.559295753
子图1：(a) 水平分量,SPECFEM2D,1.86,1.558943402
子图1：(a) 水平分量,SPECFEM2D,1.87,1.556426782
子图1：(a) 水平分量,SPECFEM2D,1.88,1.557164624
子图1：(a) 水平分量,SPECFEM2D,1.89,1.568114212
子图1：(a) 水平分量,SPECFEM2D,1.9,1.568626006
子图1：(a) 水平分量,SPECFEM2D,1.91,1.563121574
子图1：(a) 水平分量,SPECFEM2D,1.92,1.564359226
子图1：(a) 水平分量,SPECFEM2D,1.93,1.569443238
子图1：(a) 水平分量,SPECFEM2D,1.94,1.572422372
子图1：(a) 水平分量,SPECFEM2D,1.95,1.573690732
子图1：(a) 水平分量,SPECFEM2D,1.96,1.573637667
子图1：(a) 水平分量,SPECFEM2D,1.97,1.572648379
子图1：(a) 水平分量,SPECFEM2D,1.98,1.573299571
子图1：(a) 水平分量,SPECFEM2D,1.99,1.577884135
子图1：(a) 水平分量,SPECFEM2D,2,1.582156962
子图1：(a) 水平分量,SPECFEM2D,2.01,1.585428782
子图1：(a) 水平分量,SPECFEM2D,2.02,1.586814376
子图1：(a) 水平分量,SPECFEM2D,2.03,1.58589166
子图1：(a) 水平分量,SPECFEM2D,2.04,1.58913683
子图1：(a) 水平分量,SPECFEM2D,2.05,1.590535426
子图1：(a) 水平分量,SPECFEM2D,2.06,1.59166726
子图1：(a) 水平分量,SPECFEM2D,2.07,1.593406284
子图1：(a) 水平分量,SPECFEM2D,2.08,1.592800507
子图1：(a) 水平分量,SPECFEM2D,2.09,1.594014242
子图1：(a) 水平分量,SPECFEM2D,2.1,1.595471731
子图1：(a) 水平分量,SPECFEM2D,2.11,1.597087762
子图1：(a) 水平分量,SPECFEM2D,2.12,1.598714841
子图1：(a) 水平分量,SPECFEM2D,2.13,1.600142664
子图1：(a) 水平分量,SPECFEM2D,2.14,1.60363049
子图1：(a) 水平分量,SPECFEM2D,2.15,1.607413136
子图1：(a) 水平分量,SPECFEM2D,2.16,1.610860486
子图1：(a) 水平分量,SPECFEM2D,2.17,1.613866402
子图1：(a) 水平分量,SPECFEM2D,2.18,1.616334377
子图1：(a) 水平分量,SPECFEM2D,2.19,1.618176858
子图1：(a) 水平分量,SPECFEM2D,2.2,1.612416542
子图1：(a) 水平分量,SPECFEM2D,2.21,1.625126103
子图1：(a) 水平分量,SPECFEM2D,2.22,1.630028293
子图1：(a) 水平分量,SPECFEM2D,2.23,1.627586707
子图1：(a) 水平分量,SPECFEM2D,2.24,1.621024207
子图1：(a) 水平分量,SPECFEM2D,2.25,1.613005957
子图1：(a) 水平分量,SPECFEM2D,2.26,1.621236818
子图1：(a) 水平分量,SPECFEM2D,2.27,1.627432805
子图1：(a) 水平分量,SPECFEM2D,2.28,1.630112087
子图1：(a) 水平分量,SPECFEM2D,2.29,1.629139662
子图1：(a) 水平分量,SPECFEM2D,2.3,1.626007694
子图1：(a) 水平分量,SPECFEM2D,2.31,1.632298288
子图1：(a) 水平分量,SPECFEM2D,2.32,1.63516273
子图1：(a) 水平分量,SPECFEM2D,2.33,1.632179755
子图1：(a) 水平分量,SPECFEM2D,2.34,1.648761884
子图1：(a) 水平分量,SPECFEM2D,2.35,1.634772027
子图1：(a) 水平分量,SPECFEM2D,2.36,1.629228541
子图1：(a) 水平分量,SPECFEM2D,2.37,1.631507019
子图1：(a) 水平分量,SPECFEM2D,2.38,1.638173163
子图1：(a) 水平分量,SPECFEM2D,2.39,1.642483733
子图1：(a) 水平分量,SPECFEM2D,2.4,1.644014141
子图1：(a) 水平分量,SPECFEM2D,2.41,1.642790324
子图1：(a) 水平分量,SPECFEM2D,2.42,1.639288314
子图1：(a) 水平分量,SPECFEM2D,2.43,1.637596841
子图1：(a) 水平分量,SPECFEM2D,2.44,1.640272659
子图1：(a) 水平分量,SPECFEM2D,2.45,1.647529236
子图1：(a) 水平分量,SPECFEM2D,2.46,1.651513756
子图1：(a) 水平分量,SPECFEM2D,2.47,1.648421857
子图1：(a) 水平分量,SPECFEM2D,2.48,1.653799493
子图1：(a) 水平分量,SPECFEM2D,2.49,1.685485764
子图1：(a) 水平分量,SPECFEM2D,2.5,1.656780613
子图1：(a) 水平分量,SPECFEM2D,2.51,1.660119128
子图1：(a) 水平分量,SPECFEM2D,2.52,1.667093149
子图1：(a) 水平分量,SPECFEM2D,2.53,1.664769477
子图1：(a) 水平分量,SPECFEM2D,2.54,1.661185153
子图1：(a) 水平分量,SPECFEM2D,2.55,1.661616953
子图1：(a) 水平分量,SPECFEM2D,2.56,1.661648202
子图1：(a) 水平分量,SPECFEM2D,2.57,1.661899885
子图1：(a) 水平分量,SPECFEM2D,2.58,1.662695885
子图1：(a) 水平分量,SPECFEM2D,2.59,1.664063171
子图1：(a) 水平分量,SPECFEM2D,2.6,1.665732209
子图1：(a) 水平分量,SPECFEM2D,2.61,1.667136077
子图1：(a) 水平分量,SPECFEM2D,2.62,1.671882635
子图1：(a) 水平分量,SPECFEM2D,2.63,1.681360185
子图1：(a) 水平分量,SPECFEM2D,2.64,1.689044351
子图1：(a) 水平分量,SPECFEM2D,2.65,1.676116272
子图1：(a) 水平分量,SPECFEM2D,2.66,1.675612697
子图1：(a) 水平分量,SPECFEM2D,2.67,1.677025627
子图1：(a) 水平分量,SPECFEM2D,2.68,1.67776045
子图1：(a) 水平分量,SPECFEM2D,2.69,1.679314115
子图1：(a) 水平分量,SPECFEM2D,2.7,1.682284784
子图1：(a) 水平分量,SPECFEM2D,2.71,1.684975087
子图1：(a) 水平分量,SPECFEM2D,2.72,1.687406486
子图1：(a) 水平分量,SPECFEM2D,2.73,1.689629893
子图1：(a) 水平分量,SPECFEM2D,2.74,1.691725932
子图1：(a) 水平分量,SPECFEM2D,2.75,1.693804663
子图1：(a) 水平分量,SPECFEM2D,2.76,1.696320981
子图1：(a) 水平分量,SPECFEM2D,2.77,1.700547891
子图1：(a) 水平分量,SPECFEM2D,2.78,1.705232138
子图1：(a) 水平分量,SPECFEM2D,2.79,1.70866924
子图1：(a) 水平分量,SPECFEM2D,2.8,1.707702714
子图1：(a) 水平分量,SPECFEM2D,2.81,1.706842582
子图1：(a) 水平分量,SPECFEM2D,2.82,1.706215206
子图1：(a) 水平分量,SPECFEM2D,2.83,1.705928216
子图1：(a) 水平分量,SPECFEM2D,2.84,1.706070539
子图1：(a) 水平分量,SPECFEM2D,2.85,1.710048634
子图1：(a) 水平分量,SPECFEM2D,2.86,1.713128103
子图1：(a) 水平分量,SPECFEM2D,2.87,1.714650598
子图1：(a) 水平分量,SPECFEM2D,2.88,1.714613716
子图1：(a) 水平分量,SPECFEM2D,2.89,1.715024311
子图1：(a) 水平分量,SPECFEM2D,2.9,1.718562241
子图1：(a) 水平分量,SPECFEM2D,2.91,1.722627931
子图1：(a) 水平分量,SPECFEM2D,2.92,1.727160769
子图1：(a) 水平分量,SPECFEM2D,2.93,1.732081213
子图1：(a) 水平分量,SPECFEM2D,2.94,1.733019124
子图1：(a) 水平分量,SPECFEM2D,2.95,1.729080939
子图1：(a) 水平分量,SPECFEM2D,2.96,1.730295125
子图1：(a) 水平分量,SPECFEM2D,2.97,1.733661694
子图1：(a) 水平分量,SPECFEM2D,2.98,1.736922287
子图1：(a) 水平分量,SPECFEM2D,2.99,1.739723607
子图1：(a) 水平分量,SPECFEM2D,3,1.742251078
子图1：(a) 水平分量,SPECFEM2D,3.01,1.749313247
子图1：(a) 水平分量,SPECFEM2D,3.02,1.75570589
子图1：(a) 水平分量,SPECFEM2D,3.03,1.760085039
子图1：(a) 水平分量,SPECFEM2D,3.04,1.761533599
子图1：(a) 水平分量,SPECFEM2D,3.05,1.759157955
子图1：(a) 水平分量,SPECFEM2D,3.06,1.752722261
子图1：(a) 水平分量,SPECFEM2D,3.07,1.759793509
子图1：(a) 水平分量,SPECFEM2D,3.08,1.78477534
子图1：(a) 水平分量,SPECFEM2D,3.09,1.785691582
子图1：(a) 水平分量,SPECFEM2D,3.1,1.764110306
子图1：(a) 水平分量,SPECFEM2D,3.11,1.762541213
子图1：(a) 水平分量,SPECFEM2D,3.12,1.766817033
子图1：(a) 水平分量,SPECFEM2D,3.13,1.769485703
子图1：(a) 水平分量,SPECFEM2D,3.14,1.770118013
子图1：(a) 水平分量,SPECFEM2D,3.15,1.77058947
子图1：(a) 水平分量,SPECFEM2D,3.16,1.772278039
子图1：(a) 水平分量,SPECFEM2D,3.17,1.77377246
子图1：(a) 水平分量,SPECFEM2D,3.18,1.776770202
子图1：(a) 水平分量,SPECFEM2D,3.19,1.779330112
子图1：(a) 水平分量,SPECFEM2D,3.2,1.781942615
子图1：(a) 水平分量,SPECFEM2D,3.21,1.785021534
子图1：(a) 水平分量,SPECFEM2D,3.22,1.789697765
子图1：(a) 水平分量,SPECFEM2D,3.23,1.797025096
子图1：(a) 水平分量,SPECFEM2D,3.24,1.792922039
子图1：(a) 水平分量,SPECFEM2D,3.25,1.796721738
子图1：(a) 水平分量,SPECFEM2D,3.26,1.800674503
子图1：(a) 水平分量,SPECFEM2D,3.27,1.803898264
子图1：(a) 水平分量,SPECFEM2D,3.28,1.804726843
子图1：(a) 水平分量,SPECFEM2D,3.29,1.804183875
子图1：(a) 水平分量,SPECFEM2D,3.3,1.805817714
子图1：(a) 水平分量,SPECFEM2D,3.31,1.810103472
子图1：(a) 水平分量,SPECFEM2D,3.32,1.812701882
子图1：(a) 水平分量,SPECFEM2D,3.33,1.813116072
子图1：(a) 水平分量,SPECFEM2D,3.34,1.81197643
子图1：(a) 水平分量,SPECFEM2D,3.35,1.821388587
子图1：(a) 水平分量,SPECFEM2D,3.36,1.830336818
子图1：(a) 水平分量,SPECFEM2D,3.37,1.838754654
子图1：(a) 水平分量,SPECFEM2D,3.38,1.854662775
子图1：(a) 水平分量,SPECFEM2D,3.39,1.840016697
子图1：(a) 水平分量,SPECFEM2D,3.4,1.836825356
子图1：(a) 水平分量,SPECFEM2D,3.41,1.846151345
子图1：(a) 水平分量,SPECFEM2D,3.42,1.848246765
子图1：(a) 水平分量,SPECFEM2D,3.43,1.846277286
子图1：(a) 水平分量,SPECFEM2D,3.44,1.842967974
子图1：(a) 水平分量,SPECFEM2D,3.45,1.844020767
子图1：(a) 水平分量,SPECFEM2D,3.46,1.845120521
子图1：(a) 水平分量,SPECFEM2D,3.47,1.846509052
子图1：(a) 水平分量,SPECFEM2D,3.48,1.848367857
子图1：(a) 水平分量,SPECFEM2D,3.49,1.853543146
子图1：(a) 水平分量,SPECFEM2D,3.5,1.857267012
子图1：(a) 水平分量,SPECFEM2D,3.51,1.857662857
子图1：(a) 水平分量,SPECFEM2D,3.52,1.861996358
子图1：(a) 水平分量,SPECFEM2D,3.53,1.884659324
子图1：(a) 水平分量,SPECFEM2D,3.54,1.872567427
子图1：(a) 水平分量,SPECFEM2D,3.55,1.870094683
子图1：(a) 水平分量,SPECFEM2D,3.56,1.878354435
子图1：(a) 水平分量,SPECFEM2D,3.57,1.881254246
子图1：(a) 水平分量,SPECFEM2D,3.58,1.881521318
子图1：(a) 水平分量,SPECFEM2D,3.59,1.881220141
子图1：(a) 水平分量,SPECFEM2D,3.6,1.881751637
子图1：(a) 水平分量,SPECFEM2D,3.61,1.883854204
子图1：(a) 水平分量,SPECFEM2D,3.62,1.887602599
子图1：(a) 水平分量,SPECFEM2D,3.63,1.892408955
子图1：(a) 水平分量,SPECFEM2D,3.64,1.897022015
子图1：(a) 水平分量,SPECFEM2D,3.65,1.89952768
子图1：(a) 水平分量,SPECFEM2D,3.66,1.8973487
子图1：(a) 水平分量,SPECFEM2D,3.67,1.89411414
子图1：(a) 水平分量,SPECFEM2D,3.68,1.911346247
子图1：(a) 水平分量,SPECFEM2D,3.69,1.901743675
子图1：(a) 水平分量,SPECFEM2D,3.7,1.900632849
子图1：(a) 水平分量,SPECFEM2D,3.71,1.899951996
子图1：(a) 水平分量,SPECFEM2D,3.72,1.904643162
子图1：(a) 水平分量,SPECFEM2D,3.73,1.906728615
子图1：(a) 水平分量,SPECFEM2D,3.74,1.910543811
子图1：(a) 水平分量,SPECFEM2D,3.75,1.916180671
子图1：(a) 水平分量,SPECFEM2D,3.76,1.921290025
子图1：(a) 水平分量,SPECFEM2D,3.77,1.925244932
子图1：(a) 水平分量,SPECFEM2D,3.78,1.927473004
子图1：(a) 水平分量,SPECFEM2D,3.79,1.927455724
子图1：(a) 水平分量,SPECFEM2D,3.8,1.924729365
子图1：(a) 水平分量,SPECFEM2D,3.81,1.926218852
子图1：(a) 水平分量,SPECFEM2D,3.82,1.939615552
子图1：(a) 水平分量,SPECFEM2D,3.83,1.957479341
子图1：(a) 水平分量,SPECFEM2D,3.84,1.933399319
子图1：(a) 水平分量,SPECFEM2D,3.85,1.936780427
子图1：(a) 水平分量,SPECFEM2D,3.86,1.945869369
子图1：(a) 水平分量,SPECFEM2D,3.87,1.949912321
子图1：(a) 水平分量,SPECFEM2D,3.88,1.950204859
子图1：(a) 水平分量,SPECFEM2D,3.89,1.947980912
子图1：(a) 水平分量,SPECFEM2D,3.9,1.944412651
子图1：(a) 水平分量,SPECFEM2D,3.91,1.945421476
子图1：(a) 水平分量,SPECFEM2D,3.92,1.948798757
子图1：(a) 水平分量,SPECFEM2D,3.93,1.950968517
子图1：(a) 水平分量,SPECFEM2D,3.94,1.953293361
子图1：(a) 水平分量,SPECFEM2D,3.95,1.95483334
子图1：(a) 水平分量,SPECFEM2D,3.96,1.953969662
子图1：(a) 水平分量,SPECFEM2D,3.97,1.96727261
子图1：(a) 水平分量,SPECFEM2D,3.98,1.977936999
子图1：(a) 水平分量,SPECFEM2D,3.99,1.981638369
子图1：(a) 水平分量,SPECFEM2D,4,1.987529923
子图2：(b) 竖向分量,系列5（竖直参考线）,0,0
子图2：(b) 竖向分量,系列5（竖直参考线）,0,1.20658157
子图2：(b) 竖向分量,系列6（竖直参考线）,1,0
子图2：(b) 竖向分量,系列6（竖直参考线）,1,1.20658157
子图2：(b) 竖向分量,Abaqus,-4,0.5249099571
子图2：(b) 竖向分量,Abaqus,-3.99,0.5245586211
子图2：(b) 竖向分量,Abaqus,-3.98,0.5242858781
子图2：(b) 竖向分量,Abaqus,-3.97,0.5240305741
子图2：(b) 竖向分量,Abaqus,-3.96,0.5237752701
子图2：(b) 竖向分量,Abaqus,-3.95,0.5234407228
子图2：(b) 竖向分量,Abaqus,-3.94,0.5231061755
子图2：(b) 竖向分量,Abaqus,-3.93,0.5227716282
子图2：(b) 竖向分量,Abaqus,-3.92,0.5224370809
子图2：(b) 竖向分量,Abaqus,-3.91,0.5220375963
子图2：(b) 竖向分量,Abaqus,-3.9,0.5216381117
子图2：(b) 竖向分量,Abaqus,-3.89,0.5213086232
子图2：(b) 竖向分量,Abaqus,-3.88,0.521004595
子图2：(b) 竖向分量,Abaqus,-3.87,0.5206227092
子图2：(b) 竖向分量,Abaqus,-3.86,0.5202408235
子图2：(b) 竖向分量,Abaqus,-3.85,0.5198589377
子图2：(b) 竖向分量,Abaqus,-3.84,0.519477052
子图2：(b) 竖向分量,Abaqus,-3.83,0.5190283961
子图2：(b) 竖向分量,Abaqus,-3.82,0.5185797401
子图2：(b) 竖向分量,Abaqus,-3.81,0.5181310842
子图2：(b) 竖向分量,Abaqus,-3.8,0.5177419496
子图2：(b) 竖向分量,Abaqus,-3.79,0.5173126348
子图2：(b) 竖向分量,Abaqus,-3.78,0.51688332
子图2：(b) 竖向分量,Abaqus,-3.77,0.5164540052
子图2：(b) 竖向分量,Abaqus,-3.76,0.5160246904
子图2：(b) 竖向分量,Abaqus,-3.75,0.5155272036
子图2：(b) 竖向分量,Abaqus,-3.74,0.5150297167
子图2：(b) 竖向分量,Abaqus,-3.73,0.5145322299
子图2：(b) 竖向分量,Abaqus,-3.72,0.514034743
子图2：(b) 竖向分量,Abaqus,-3.71,0.5135069998
子图2：(b) 竖向分量,Abaqus,-3.7,0.5130281686
子图2：(b) 竖向分量,Abaqus,-3.69,0.5125493374
子图2：(b) 竖向分量,Abaqus,-3.68,0.5120705061
子图2：(b) 竖向分量,Abaqus,-3.67,0.5115199575
子图2：(b) 竖向分量,Abaqus,-3.66,0.5109694089
子图2：(b) 竖向分量,Abaqus,-3.65,0.5104188603
子图2：(b) 竖向分量,Abaqus,-3.64,0.5098683117
子图2：(b) 竖向分量,Abaqus,-3.63,0.509242156
子图2：(b) 竖向分量,Abaqus,-3.62,0.5086342231
子图2：(b) 竖向分量,Abaqus,-3.61,0.5081001958
子图2：(b) 竖向分量,Abaqus,-3.6,0.5075661685
子图2：(b) 竖向分量,Abaqus,-3.59,0.5069575634
子图2：(b) 竖向分量,Abaqus,-3.58,0.5063489583
子图2：(b) 竖向分量,Abaqus,-3.57,0.5062198902
子图2：(b) 竖向分量,Abaqus,-3.56,0.5068476418
子图2：(b) 竖向分量,Abaqus,-3.55,0.5069327027
子图2：(b) 竖向分量,Abaqus,-3.54,0.5070208636
子图2：(b) 竖向分量,Abaqus,-3.53,0.5075177499
子图2：(b) 竖向分量,Abaqus,-3.52,0.5080146362
子图2：(b) 竖向分量,Abaqus,-3.51,0.5081152157
子图2：(b) 竖向分量,Abaqus,-3.5,0.5082592853
子图2：(b) 竖向分量,Abaqus,-3.49,0.5087544159
子图2：(b) 竖向分量,Abaqus,-3.48,0.5093181131
子图2：(b) 竖向分量,Abaqus,-3.47,0.5092275472
子图2：(b) 竖向分量,Abaqus,-3.46,0.5092452256
子图2：(b) 竖向分量,Abaqus,-3.45,0.509538429
子图2：(b) 竖向分量,Abaqus,-3.44,0.5099750243
子图2：(b) 竖向分量,Abaqus,-3.43,0.5098956161
子图2：(b) 竖向分量,Abaqus,-3.42,0.5100077506
子图2：(b) 竖向分量,Abaqus,-3.41,0.5103224032
子图2：(b) 竖向分量,Abaqus,-3.4,0.5108592464
子图2：(b) 竖向分量,Abaqus,-3.39,0.5105552747
子图2：(b) 竖向分量,Abaqus,-3.38,0.5105181464
子图2：(b) 竖向分量,Abaqus,-3.37,0.5106053576
子图2：(b) 竖向分量,Abaqus,-3.36,0.5109945616
子图2：(b) 竖向分量,Abaqus,-3.35,0.5107272483
子图2：(b) 竖向分量,Abaqus,-3.34,0.5108087443
子图2：(b) 竖向分量,Abaqus,-3.33,0.5109375563
子图2：(b) 竖向分量,Abaqus,-3.32,0.5114488274
子图2：(b) 竖向分量,Abaqus,-3.31,0.5109436211
子图2：(b) 竖向分量,Abaqus,-3.3,0.5108676748
子图2：(b) 竖向分量,Abaqus,-3.29,0.5107917284
子图2：(b) 竖向分量,Abaqus,-3.28,0.5111225754
子图2：(b) 竖向分量,Abaqus,-3.27,0.5107359671
子图2：(b) 竖向分量,Abaqus,-3.26,0.5107236605
子图2：(b) 竖向分量,Abaqus,-3.25,0.5107760541
子图2：(b) 竖向分量,Abaqus,-3.24,0.5111604097
子图2：(b) 竖向分量,Abaqus,-3.23,0.5106180905
子图2：(b) 竖向分量,Abaqus,-3.22,0.5103830167
子图2：(b) 竖向分量,Abaqus,-3.21,0.510286133
子图2：(b) 竖向分量,Abaqus,-3.2,0.5104642672
子图2：(b) 竖向分量,Abaqus,-3.19,0.5100472748
子图2：(b) 竖向分量,Abaqus,-3.18,0.5098749815
子图2：(b) 竖向分量,Abaqus,-3.17,0.509901874
子图2：(b) 竖向分量,Abaqus,-3.16,0.510134605
子图2：(b) 竖向分量,Abaqus,-3.15,0.509583135
子图2：(b) 竖向分量,Abaqus,-3.14,0.509222008
子图2：(b) 竖向分量,Abaqus,-3.13,0.5091234388
子图2：(b) 竖向分量,Abaqus,-3.12,0.5091935062
子图2：(b) 竖向分量,Abaqus,-3.11,0.5087515093
子图2：(b) 竖向分量,Abaqus,-3.1,0.5084544434
子图2：(b) 竖向分量,Abaqus,-3.09,0.5084615175
子图2：(b) 竖向分量,Abaqus,-3.08,0.5085827884
子图2：(b) 竖向分量,Abaqus,-3.07,0.5080423248
子图2：(b) 竖向分量,Abaqus,-3.06,0.5076137092
子图2：(b) 竖向分量,Abaqus,-3.05,0.5075334811
子图2：(b) 竖向分量,Abaqus,-3.04,0.5075573494
子图2：(b) 竖向分量,Abaqus,-3.03,0.5070983354
子图2：(b) 竖向分量,Abaqus,-3.02,0.5067302648
子图2：(b) 竖向分量,Abaqus,-3.01,0.5067257159
子图2：(b) 竖向分量,Abaqus,-3,0.506793894
子图2：(b) 竖向分量,Abaqus,-2.99,0.5062839162
子图2：(b) 竖向分量,Abaqus,-2.98,0.5058610949
子图2：(b) 竖向分量,Abaqus,-2.97,0.5058184896
子图2：(b) 竖向分量,Abaqus,-2.96,0.5058731397
子图2：(b) 竖向分量,Abaqus,-2.95,0.5054085663
子图2：(b) 竖向分量,Abaqus,-2.94,0.5050436235
子图2：(b) 竖向分量,Abaqus,-2.93,0.5050391929
子图2：(b) 竖向分量,Abaqus,-2.92,0.5051333115
子图2：(b) 竖向分量,Abaqus,-2.91,0.5046733097
子图2：(b) 竖向分量,Abaqus,-2.9,0.5043457315
子图2：(b) 竖向分量,Abaqus,-2.89,0.5043596857
子图2：(b) 竖向分量,Abaqus,-2.88,0.5045367649
子图2：(b) 竖向分量,Abaqus,-2.87,0.5040806244
子图2：(b) 竖向分量,Abaqus,-2.86,0.503810378
子图2：(b) 竖向分量,Abaqus,-2.85,0.50382046
子图2：(b) 竖向分量,Abaqus,-2.84,0.5040374071
子图2：(b) 竖向分量,Abaqus,-2.83,0.503646111
子图2：(b) 竖向分量,Abaqus,-2.82,0.5035184433
子图2：(b) 竖向分量,Abaqus,-2.81,0.5036073318
子图2：(b) 竖向分量,Abaqus,-2.8,0.5040139913
子图2：(b) 竖向分量,Abaqus,-2.79,0.5035831192
子图2：(b) 竖向分量,Abaqus,-2.78,0.503516979
子图2：(b) 竖向分量,Abaqus,-2.77,0.5035585753
子图2：(b) 竖向分量,Abaqus,-2.76,0.5040113769
子图2：(b) 竖向分量,Abaqus,-2.75,0.503713064
子图2：(b) 竖向分量,Abaqus,-2.74,0.5038935615
子图2：(b) 竖向分量,Abaqus,-2.73,0.5041640565
子图2：(b) 竖向分量,Abaqus,-2.72,0.5048272718
子图2：(b) 竖向分量,Abaqus,-2.71,0.5046091963
子图2：(b) 竖向分量,Abaqus,-2.7,0.5047016178
子图2：(b) 竖向分量,Abaqus,-2.69,0.5050397713
子图2：(b) 竖向分量,Abaqus,-2.68,0.5056084586
子图2：(b) 竖向分量,Abaqus,-2.67,0.5057441666
子图2：(b) 竖向分量,Abaqus,-2.66,0.5060320379
子图2：(b) 竖向分量,Abaqus,-2.65,0.5067673254
子图2：(b) 竖向分量,Abaqus,-2.64,0.507610904
子图2：(b) 竖向分量,Abaqus,-2.63,0.5077743542
子图2：(b) 竖向分量,Abaqus,-2.62,0.5081152372
子图2：(b) 竖向分量,Abaqus,-2.61,0.5087612585
子图2：(b) 竖向分量,Abaqus,-2.6,0.5096927456
子图2：(b) 竖向分量,Abaqus,-2.59,0.5101020714
子图2：(b) 竖向分量,Abaqus,-2.58,0.510934153
子图2：(b) 竖向分量,Abaqus,-2.57,0.511903629
子图2：(b) 竖向分量,Abaqus,-2.56,0.5132920548
子图2：(b) 竖向分量,Abaqus,-2.55,0.5137516932
子图2：(b) 竖向分量,Abaqus,-2.54,0.5144949249
子图2：(b) 竖向分量,Abaqus,-2.53,0.5155821999
子图2：(b) 竖向分量,Abaqus,-2.52,0.5168101615
子图2：(b) 竖向分量,Abaqus,-2.51,0.5178455486
子图2：(b) 竖向分量,Abaqus,-2.5,0.5190439734
子图2：(b) 竖向分量,Abaqus,-2.49,0.5205713474
子图2：(b) 竖向分量,Abaqus,-2.48,0.5224155297
子图2：(b) 竖向分量,Abaqus,-2.47,0.5232736428
子图2：(b) 竖向分量,Abaqus,-2.46,0.5246150473
子图2：(b) 竖向分量,Abaqus,-2.45,0.5261225583
子图2：(b) 竖向分量,Abaqus,-2.44,0.5279549902
子图2：(b) 竖向分量,Abaqus,-2.43,0.5294650625
子图2：(b) 竖向分量,Abaqus,-2.42,0.5311553368
子图2：(b) 竖向分量,Abaqus,-2.41,0.5333131682
子图2：(b) 竖向分量,Abaqus,-2.4,0.5356579912
子图2：(b) 竖向分量,Abaqus,-2.39,0.5371378738
子图2：(b) 竖向分量,Abaqus,-2.38,0.5389898618
子图2：(b) 竖向分量,Abaqus,-2.37,0.5410232542
子图2：(b) 竖向分量,Abaqus,-2.36,0.5434727617
子图2：(b) 竖向分量,Abaqus,-2.35,0.5455340895
子图2：(b) 竖向分量,Abaqus,-2.34,0.5478361876
子图2：(b) 竖向分量,Abaqus,-2.33,0.5505601222
子图2：(b) 竖向分量,Abaqus,-2.32,0.5534509773
子图2：(b) 竖向分量,Abaqus,-2.31,0.5555587835
子图2：(b) 竖向分量,Abaqus,-2.3,0.5579648317
子图2：(b) 竖向分量,Abaqus,-2.29,0.5605554008
子图2：(b) 竖向分量,Abaqus,-2.28,0.5636167543
子图2：(b) 竖向分量,Abaqus,-2.27,0.5662216419
子图2：(b) 竖向分量,Abaqus,-2.26,0.5691363888
子图2：(b) 竖向分量,Abaqus,-2.25,0.5723779832
子图2：(b) 竖向分量,Abaqus,-2.24,0.5757655832
子图2：(b) 竖向分量,Abaqus,-2.23,0.5784901062
子图2：(b) 竖向分量,Abaqus,-2.22,0.5813903119
子图2：(b) 竖向分量,Abaqus,-2.21,0.5845882994
子图2：(b) 竖向分量,Abaqus,-2.2,0.5881102526
子图2：(b) 竖向分量,Abaqus,-2.19,0.5911397019
子图2：(b) 竖向分量,Abaqus,-2.18,0.5946318321
子图2：(b) 竖向分量,Abaqus,-2.17,0.5982459867
子图2：(b) 竖向分量,Abaqus,-2.16,0.6021910416
子图2：(b) 竖向分量,Abaqus,-2.15,0.6052733099
子图2：(b) 竖向分量,Abaqus,-2.14,0.6085840015
子图2：(b) 竖向分量,Abaqus,-2.13,0.6122535792
子图2：(b) 竖向分量,Abaqus,-2.12,0.6160236985
子图2：(b) 竖向分量,Abaqus,-2.11,0.6195925251
子图2：(b) 竖向分量,Abaqus,-2.1,0.6232417123
子图2：(b) 竖向分量,Abaqus,-2.09,0.6272575563
子图2：(b) 竖向分量,Abaqus,-2.08,0.631398754
子图2：(b) 竖向分量,Abaqus,-2.07,0.6347908576
子图2：(b) 竖向分量,Abaqus,-2.06,0.6383793548
子图2：(b) 竖向分量,Abaqus,-2.05,0.642223614
子图2：(b) 竖向分量,Abaqus,-2.04,0.6463013266
子图2：(b) 竖向分量,Abaqus,-2.03,0.6499096668
子图2：(b) 竖向分量,Abaqus,-2.02,0.6537620813
子图2：(b) 竖向分量,Abaqus,-2.01,0.6578051279
子图2：(b) 竖向分量,Abaqus,-2,0.6620655013
子图2：(b) 竖向分量,Abaqus,-1.99,0.6654958749
子图2：(b) 竖向分量,Abaqus,-1.98,0.6691391256
子图2：(b) 竖向分量,Abaqus,-1.97,0.6730116162
子图2：(b) 竖向分量,Abaqus,-1.96,0.67705466
子图2：(b) 竖向分量,Abaqus,-1.95,0.6806478555
子图2：(b) 竖向分量,Abaqus,-1.94,0.6843355322
子图2：(b) 竖向分量,Abaqus,-1.93,0.6883509317
子图2：(b) 竖向分量,Abaqus,-1.92,0.6923663312
子图2：(b) 竖向分量,Abaqus,-1.91,0.6957594499
子图2：(b) 竖向分量,Abaqus,-1.9,0.6991745136
子图2：(b) 竖向分量,Abaqus,-1.89,0.7029016325
子图2：(b) 竖向分量,Abaqus,-1.88,0.706746559
子图2：(b) 竖向分量,Abaqus,-1.87,0.7100080924
子图2：(b) 竖向分量,Abaqus,-1.86,0.7135244088
子图2：(b) 竖向分量,Abaqus,-1.85,0.7170407252
子图2：(b) 竖向分量,Abaqus,-1.84,0.7209401628
子图2：(b) 竖向分量,Abaqus,-1.83,0.7238500186
子图2：(b) 竖向分量,Abaqus,-1.82,0.7269619573
子图2：(b) 竖向分量,Abaqus,-1.81,0.7302986658
子图2：(b) 竖向分量,Abaqus,-1.8,0.7336353744
子图2：(b) 竖向分量,Abaqus,-1.79,0.7365820503
子图2：(b) 竖向分量,Abaqus,-1.78,0.7395482717
子图2：(b) 竖向分量,Abaqus,-1.77,0.7426288685
子图2：(b) 竖向分量,Abaqus,-1.76,0.7459976754
子图2：(b) 竖向分量,Abaqus,-1.75,0.7483536275
子图2：(b) 竖向分量,Abaqus,-1.74,0.7509540401
子图2：(b) 竖向分量,Abaqus,-1.73,0.7537313019
子图2：(b) 竖向分量,Abaqus,-1.72,0.7565085638
子图2：(b) 竖向分量,Abaqus,-1.71,0.7588060578
子图2：(b) 竖向分量,Abaqus,-1.7,0.7611704842
子图2：(b) 竖向分量,Abaqus,-1.69,0.7635349105
子图2：(b) 竖向分量,Abaqus,-1.68,0.7662592645
子图2：(b) 竖向分量,Abaqus,-1.67,0.7680128656
子图2：(b) 竖向分量,Abaqus,-1.66,0.7697664668
子图2：(b) 竖向分量,Abaqus,-1.65,0.771928117
子图2：(b) 竖向分量,Abaqus,-1.64,0.7740956811
子图2：(b) 竖向分量,Abaqus,-1.63,0.7754117692
子图2：(b) 竖向分量,Abaqus,-1.62,0.7771088556
子图2：(b) 竖向分量,Abaqus,-1.61,0.7788191857
子图2：(b) 竖向分量,Abaqus,-1.6,0.7805295158
子图2：(b) 竖向分量,Abaqus,-1.59,0.7815407548
子图2：(b) 竖向分量,Abaqus,-1.58,0.7826456528
子图2：(b) 竖向分量,Abaqus,-1.57,0.7837505508
子图2：(b) 竖向分量,Abaqus,-1.56,0.7851126555
子图2：(b) 竖向分量,Abaqus,-1.55,0.7857355776
子图2：(b) 竖向分量,Abaqus,-1.54,0.7863584997
子图2：(b) 竖向分量,Abaqus,-1.53,0.7870867182
子图2：(b) 竖向分量,Abaqus,-1.52,0.7880921924
子图2：(b) 竖向分量,Abaqus,-1.51,0.7881047066
子图2：(b) 竖向分量,Abaqus,-1.5,0.7881172208
子图2：(b) 竖向分量,Abaqus,-1.49,0.7884878441
子图2：(b) 竖向分量,Abaqus,-1.48,0.7888998148
子图2：(b) 竖向分量,Abaqus,-1.47,0.7884095442
子图2：(b) 竖向分量,Abaqus,-1.46,0.7880706569
子图2：(b) 竖向分量,Abaqus,-1.45,0.7886412765
子图2：(b) 竖向分量,Abaqus,-1.44,0.7905463449
子图2：(b) 竖向分量,Abaqus,-1.43,0.7920494279
子图2：(b) 竖向分量,Abaqus,-1.42,0.793552511
子图2：(b) 竖向分量,Abaqus,-1.41,0.795055594
子图2：(b) 竖向分量,Abaqus,-1.4,0.7965586771
子图2：(b) 竖向分量,Abaqus,-1.39,0.7974849771
子图2：(b) 竖向分量,Abaqus,-1.38,0.7984112771
子图2：(b) 竖向分量,Abaqus,-1.37,0.7994485004
子图2：(b) 竖向分量,Abaqus,-1.36,0.800486619
子图2：(b) 竖向分量,Abaqus,-1.35,0.8010901358
子图2：(b) 竖向分量,Abaqus,-1.34,0.8016936525
子图2：(b) 竖向分量,Abaqus,-1.33,0.8022971693
子图2：(b) 竖向分量,Abaqus,-1.32,0.802900686
子图2：(b) 竖向分量,Abaqus,-1.31,0.8028902594
子图2：(b) 竖向分量,Abaqus,-1.3,0.8028798328
子图2：(b) 竖向分量,Abaqus,-1.29,0.8028694062
子图2：(b) 竖向分量,Abaqus,-1.28,0.8028589796
子图2：(b) 竖向分量,Abaqus,-1.27,0.8024365412
子图2：(b) 竖向分量,Abaqus,-1.26,0.8020939879
子图2：(b) 竖向分量,Abaqus,-1.25,0.8017514346
子图2：(b) 竖向分量,Abaqus,-1.24,0.8014088813
子图2：(b) 竖向分量,Abaqus,-1.23,0.800425893
子图2：(b) 竖向分量,Abaqus,-1.22,0.7994429047
子图2：(b) 竖向分量,Abaqus,-1.21,0.7984599163
子图2：(b) 竖向分量,Abaqus,-1.2,0.797476928
子图2：(b) 竖向分量,Abaqus,-1.19,0.7960083934
子图2：(b) 竖向分量,Abaqus,-1.18,0.7945398588
子图2：(b) 竖向分量,Abaqus,-1.17,0.7931774713
子图2：(b) 竖向分量,Abaqus,-1.16,0.7918601285
子图2：(b) 竖向分量,Abaqus,-1.15,0.789888614
子图2：(b) 竖向分量,Abaqus,-1.14,0.7879170994
子图2：(b) 竖向分量,Abaqus,-1.13,0.7859455849
子图2：(b) 竖向分量,Abaqus,-1.12,0.7839740703
子图2：(b) 竖向分量,Abaqus,-1.11,0.7815245795
子图2：(b) 竖向分量,Abaqus,-1.1,0.7790750886
子图2：(b) 竖向分量,Abaqus,-1.09,0.7766255977
子图2：(b) 竖向分量,Abaqus,-1.08,0.7741761069
子图2：(b) 竖向分量,Abaqus,-1.07,0.7712213089
子图2：(b) 竖向分量,Abaqus,-1.06,0.7682687571
子图2：(b) 竖向分量,Abaqus,-1.05,0.7653162053
子图2：(b) 竖向分量,Abaqus,-1.04,0.7623636535
子图2：(b) 竖向分量,Abaqus,-1.03,0.7589576366
子图2：(b) 竖向分量,Abaqus,-1.02,0.7555516196
子图2：(b) 竖向分量,Abaqus,-1.01,0.7521456027
子图2：(b) 竖向分量,Abaqus,-1,0.7487395858
子图2：(b) 竖向分量,Abaqus,-0.99,0.7447243541
子图2：(b) 竖向分量,Abaqus,-0.98,0.7407091225
子图2：(b) 竖向分量,Abaqus,-0.97,0.736731417
子图2：(b) 竖向分量,Abaqus,-0.96,0.7328299239
子图2：(b) 竖向分量,Abaqus,-0.95,0.7285147824
子图2：(b) 竖向分量,Abaqus,-0.94,0.7241996409
子图2：(b) 竖向分量,Abaqus,-0.93,0.7198844993
子图2：(b) 竖向分量,Abaqus,-0.92,0.7155693578
子图2：(b) 竖向分量,Abaqus,-0.91,0.7106803925
子图2：(b) 竖向分量,Abaqus,-0.9,0.7057914272
子图2：(b) 竖向分量,Abaqus,-0.89,0.7009024618
子图2：(b) 竖向分量,Abaqus,-0.88,0.6960134965
子图2：(b) 竖向分量,Abaqus,-0.87,0.6907581817
子图2：(b) 竖向分量,Abaqus,-0.86,0.685502867
子图2：(b) 竖向分量,Abaqus,-0.85,0.6802528058
子图2：(b) 竖向分量,Abaqus,-0.84,0.6751002463
子图2：(b) 竖向分量,Abaqus,-0.83,0.6694242427
子图2：(b) 竖向分量,Abaqus,-0.82,0.663748239
子图2：(b) 竖向分量,Abaqus,-0.81,0.6580722353
子图2：(b) 竖向分量,Abaqus,-0.8,0.6523962316
子图2：(b) 竖向分量,Abaqus,-0.79,0.6464336859
子图2：(b) 竖向分量,Abaqus,-0.78,0.6404711401
子图2：(b) 竖向分量,Abaqus,-0.77,0.6345085944
子图2：(b) 竖向分量,Abaqus,-0.76,0.6285460486
子图2：(b) 竖向分量,Abaqus,-0.75,0.6221774199
子图2：(b) 竖向分量,Abaqus,-0.74,0.6158087911
子图2：(b) 竖向分量,Abaqus,-0.73,0.6094401624
子图2：(b) 竖向分量,Abaqus,-0.72,0.6030715337
子图2：(b) 竖向分量,Abaqus,-0.71,0.596509328
子图2：(b) 竖向分量,Abaqus,-0.7,0.5899471223
子图2：(b) 竖向分量,Abaqus,-0.69,0.5833849166
子图2：(b) 竖向分量,Abaqus,-0.68,0.576822711
子图2：(b) 竖向分量,Abaqus,-0.67,0.5700008523
子图2：(b) 竖向分量,Abaqus,-0.66,0.5631789936
子图2：(b) 竖向分量,Abaqus,-0.65,0.556357135
子图2：(b) 竖向分量,Abaqus,-0.64,0.5495352763
子图2：(b) 竖向分量,Abaqus,-0.63,0.5426306297
子图2：(b) 竖向分量,Abaqus,-0.62,0.535725983
子图2：(b) 竖向分量,Abaqus,-0.61,0.5288213363
子图2：(b) 竖向分量,Abaqus,-0.6,0.5219166896
子图2：(b) 竖向分量,Abaqus,-0.59,0.5149210764
子图2：(b) 竖向分量,Abaqus,-0.58,0.5079573121
子图2：(b) 竖向分量,Abaqus,-0.57,0.501085656
子图2：(b) 竖向分量,Abaqus,-0.56,0.4942139999
子图2：(b) 竖向分量,Abaqus,-0.55,0.4873855959
子图2：(b) 竖向分量,Abaqus,-0.54,0.4805571918
子图2：(b) 竖向分量,Abaqus,-0.53,0.4737287878
子图2：(b) 竖向分量,Abaqus,-0.52,0.4669003837
子图2：(b) 竖向分量,Abaqus,-0.51,0.4604052802
子图2：(b) 竖向分量,Abaqus,-0.5,0.4539672038
子图2：(b) 竖向分量,Abaqus,-0.49,0.4475291274
子图2：(b) 竖向分量,Abaqus,-0.48,0.4411473341
子图2：(b) 竖向分量,Abaqus,-0.47,0.4351220087
子图2：(b) 竖向分量,Abaqus,-0.46,0.4290966834
子图2：(b) 竖向分量,Abaqus,-0.45,0.4231206274
子图2：(b) 竖向分量,Abaqus,-0.44,0.4173437876
子图2：(b) 竖向分量,Abaqus,-0.43,0.4121789056
子图2：(b) 竖向分量,Abaqus,-0.42,0.4073192383
子图2：(b) 竖向分量,Abaqus,-0.41,0.402519276
子图2：(b) 竖向分量,Abaqus,-0.4,0.3980594697
子图2：(b) 竖向分量,Abaqus,-0.39,0.3940316843
子图2：(b) 竖向分量,Abaqus,-0.38,0.3902329425
子图2：(b) 竖向分量,Abaqus,-0.37,0.3867397357
子图2：(b) 竖向分量,Abaqus,-0.36,0.3834589307
子图2：(b) 竖向分量,Abaqus,-0.35,0.3816884456
子图2：(b) 竖向分量,Abaqus,-0.34,0.3803498173
子图2：(b) 竖向分量,Abaqus,-0.33,0.3794739274
子图2：(b) 竖向分量,Abaqus,-0.32,0.3790884688
子图2：(b) 竖向分量,Abaqus,-0.31,0.37948149
子图2：(b) 竖向分量,Abaqus,-0.3,0.3803612889
子图2：(b) 竖向分量,Abaqus,-0.29,0.3817408448
子图2：(b) 竖向分量,Abaqus,-0.28,0.3836293819
子图2：(b) 竖向分量,Abaqus,-0.27,0.3878184548
子图2：(b) 竖向分量,Abaqus,-0.26,0.3925943683
子图2：(b) 竖向分量,Abaqus,-0.25,0.3979431483
子图2：(b) 竖向分量,Abaqus,-0.24,0.4038463249
子图2：(b) 竖向分量,Abaqus,-0.23,0.4102947596
子图2：(b) 竖向分量,Abaqus,-0.22,0.4171666126
子图2：(b) 竖向分量,Abaqus,-0.21,0.4244281306
子图2：(b) 竖向分量,Abaqus,-0.2,0.4320417646
子图2：(b) 竖向分量,Abaqus,-0.19,0.4417892547
子图2：(b) 竖向分量,Abaqus,-0.18,0.4519071588
子图2：(b) 竖向分量,Abaqus,-0.17,0.4622868077
子图2：(b) 竖向分量,Abaqus,-0.16,0.4728407799
子图2：(b) 竖向分量,Abaqus,-0.15,0.4833384291
子图2：(b) 竖向分量,Abaqus,-0.14,0.4938882624
子图2：(b) 竖向分量,Abaqus,-0.13,0.5046746697
子图2：(b) 竖向分量,Abaqus,-0.12,0.5154610769
子图2：(b) 竖向分量,Abaqus,-0.11,0.5279192004
子图2：(b) 竖向分量,Abaqus,-0.1,0.540417408
子图2：(b) 竖向分量,Abaqus,-0.09,0.5529156155
子图2：(b) 竖向分量,Abaqus,-0.08,0.5655707762
子图2：(b) 竖向分量,Abaqus,-0.07,0.5774983203
子图2：(b) 竖向分量,Abaqus,-0.06,0.5894258644
子图2：(b) 竖向分量,Abaqus,-0.05,0.6013534086
子图2：(b) 竖向分量,Abaqus,-0.04,0.6132809527
子图2：(b) 竖向分量,Abaqus,-0.03,0.6259018777
子图2：(b) 竖向分量,Abaqus,-0.02,0.6385513517
子图2：(b) 竖向分量,Abaqus,-0.01,0.6512008256
子图2：(b) 竖向分量,Abaqus,0,0.6638502996
子图2：(b) 竖向分量,Abaqus,0.01,0.6703652319
子图2：(b) 竖向分量,Abaqus,0.02,0.6768801641
子图2：(b) 竖向分量,Abaqus,0.03,0.6833950963
子图2：(b) 竖向分量,Abaqus,0.04,0.6899100286
子图2：(b) 竖向分量,Abaqus,0.05,0.6967147641
子图2：(b) 竖向分量,Abaqus,0.06,0.7044466985
子图2：(b) 竖向分量,Abaqus,0.07,0.7121786328
子图2：(b) 竖向分量,Abaqus,0.08,0.7199105672
子图2：(b) 竖向分量,Abaqus,0.09,0.7276425015
子图2：(b) 竖向分量,Abaqus,0.1,0.7351727452
子图2：(b) 竖向分量,Abaqus,0.11,0.7424810949
子图2：(b) 竖向分量,Abaqus,0.12,0.7497894446
子图2：(b) 竖向分量,Abaqus,0.13,0.7570977943
子图2：(b) 竖向分量,Abaqus,0.14,0.764406144
子图2：(b) 竖向分量,Abaqus,0.15,0.7723246596
子图2：(b) 竖向分量,Abaqus,0.16,0.7804872471
子图2：(b) 竖向分量,Abaqus,0.17,0.7886498347
子图2：(b) 竖向分量,Abaqus,0.18,0.7968124223
子图2：(b) 竖向分量,Abaqus,0.19,0.8049750099
子图2：(b) 竖向分量,Abaqus,0.2,0.8121243283
子图2：(b) 竖向分量,Abaqus,0.21,0.8192230154
子图2：(b) 竖向分量,Abaqus,0.22,0.8263217026
子图2：(b) 竖向分量,Abaqus,0.23,0.8334203897
子图2：(b) 竖向分量,Abaqus,0.24,0.8405939577
子图2：(b) 竖向分量,Abaqus,0.25,0.8480858588
子图2：(b) 竖向分量,Abaqus,0.26,0.85557776
子图2：(b) 竖向分量,Abaqus,0.27,0.8630696611
子图2：(b) 竖向分量,Abaqus,0.28,0.8705615622
子图2：(b) 竖向分量,Abaqus,0.29,0.8773089667
子图2：(b) 竖向分量,Abaqus,0.3,0.8830636701
子图2：(b) 竖向分量,Abaqus,0.31,0.8888183734
子图2：(b) 竖向分量,Abaqus,0.32,0.8945730767
子图2：(b) 竖向分量,Abaqus,0.33,0.90032778
子图2：(b) 竖向分量,Abaqus,0.34,0.9061268954
子图2：(b) 竖向分量,Abaqus,0.35,0.9119482145
子图2：(b) 竖向分量,Abaqus,0.36,0.9177695336
子图2：(b) 竖向分量,Abaqus,0.37,0.9235908527
子图2：(b) 竖向分量,Abaqus,0.38,0.9294121718
子图2：(b) 竖向分量,Abaqus,0.39,0.9330365646
子图2：(b) 竖向分量,Abaqus,0.4,0.936429573
子图2：(b) 竖向分量,Abaqus,0.41,0.9398225814
子图2：(b) 竖向分量,Abaqus,0.42,0.9432155898
子图2：(b) 竖向分量,Abaqus,0.43,0.9466005338
子图2：(b) 竖向分量,Abaqus,0.44,0.9499370854
子图2：(b) 竖向分量,Abaqus,0.45,0.953273637
子图2：(b) 竖向分量,Abaqus,0.46,0.9566101886
子图2：(b) 竖向分量,Abaqus,0.47,0.9599467403
子图2：(b) 竖向分量,Abaqus,0.48,0.9620826598
子图2：(b) 竖向分量,Abaqus,0.49,0.962267711
子图2：(b) 竖向分量,Abaqus,0.5,0.9625083445
子图2：(b) 竖向分量,Abaqus,0.51,0.9628150974
子图2：(b) 竖向分量,Abaqus,0.52,0.9631218503
子图2：(b) 竖向分量,Abaqus,0.53,0.9635106499
子图2：(b) 竖向分量,Abaqus,0.54,0.9639499283
子图2：(b) 竖向分量,Abaqus,0.55,0.9643892068
子图2：(b) 竖向分量,Abaqus,0.56,0.9648284853
子图2：(b) 竖向分量,Abaqus,0.57,0.9652677638
子图2：(b) 竖向分量,Abaqus,0.58,0.9623481456
子图2：(b) 竖向分量,Abaqus,0.59,0.9588686233
子图2：(b) 竖向分量,Abaqus,0.6,0.9555591457
子图2：(b) 竖向分量,Abaqus,0.61,0.952289457
子图2：(b) 竖向分量,Abaqus,0.62,0.9490838602
子图2：(b) 竖向分量,Abaqus,0.63,0.9464870351
子图2：(b) 竖向分量,Abaqus,0.64,0.94389021
子图2：(b) 竖向分量,Abaqus,0.65,0.9412933849
子图2：(b) 竖向分量,Abaqus,0.66,0.9388101512
子图2：(b) 竖向分量,Abaqus,0.67,0.9348563628
子图2：(b) 竖向分量,Abaqus,0.68,0.9276755261
子图2：(b) 竖向分量,Abaqus,0.69,0.9204946893
子图2：(b) 竖向分量,Abaqus,0.7,0.9133138525
子图2：(b) 竖向分量,Abaqus,0.71,0.9063485985
子图2：(b) 竖向分量,Abaqus,0.72,0.9004638464
子图2：(b) 竖向分量,Abaqus,0.73,0.8953082673
子图2：(b) 竖向分量,Abaqus,0.74,0.8901526883
子图2：(b) 竖向分量,Abaqus,0.75,0.8852515845
子图2：(b) 竖向分量,Abaqus,0.76,0.8804603099
子图2：(b) 竖向分量,Abaqus,0.77,0.870622311
子图2：(b) 竖向分量,Abaqus,0.78,0.8597625573
子图2：(b) 竖向分量,Abaqus,0.79,0.849191845
子图2：(b) 竖向分量,Abaqus,0.8,0.8386211328
子图2：(b) 竖向分量,Abaqus,0.81,0.8284939757
子图2：(b) 竖向分量,Abaqus,0.82,0.8217633963
子图2：(b) 竖向分量,Abaqus,0.83,0.8150352108
子图2：(b) 竖向分量,Abaqus,0.84,0.8087906403
子图2：(b) 竖向分量,Abaqus,0.85,0.8025460698
子图2：(b) 竖向分量,Abaqus,0.86,0.7941136356
子图2：(b) 竖向分量,Abaqus,0.87,0.779752991
子图2：(b) 竖向分量,Abaqus,0.88,0.7658334747
子图2：(b) 竖向分量,Abaqus,0.89,0.7521324471
子图2：(b) 竖向分量,Abaqus,0.9,0.739095393
子图2：(b) 竖向分量,Abaqus,0.91,0.7294775536
子图2：(b) 竖向分量,Abaqus,0.92,0.7231488391
子图2：(b) 竖向分量,Abaqus,0.93,0.7172012271
子图2：(b) 竖向分量,Abaqus,0.94,0.7115012266
子图2：(b) 竖向分量,Abaqus,0.95,0.7063824416
子图2：(b) 竖向分量,Abaqus,0.96,0.6892625856
子图2：(b) 竖向分量,Abaqus,0.97,0.6693851466
子图2：(b) 竖向分量,Abaqus,0.98,0.6507587443
子图2：(b) 竖向分量,Abaqus,0.99,0.6334604198
子图2：(b) 竖向分量,Abaqus,1,0.6176834633
子图2：(b) 竖向分量,Abaqus,1.01,0.5773406578
子图2：(b) 竖向分量,Abaqus,1.02,0.5416998409
子图2：(b) 竖向分量,Abaqus,1.03,0.5115255461
子图2：(b) 竖向分量,Abaqus,1.04,0.4875522321
子图2：(b) 竖向分量,Abaqus,1.05,0.4790055647
子图2：(b) 竖向分量,Abaqus,1.06,0.4712960311
子图2：(b) 竖向分量,Abaqus,1.07,0.4644485863
子图2：(b) 竖向分量,Abaqus,1.08,0.4584956344
子图2：(b) 竖向分量,Abaqus,1.09,0.4491497584
子图2：(b) 竖向分量,Abaqus,1.1,0.441618392
子图2：(b) 竖向分量,Abaqus,1.11,0.4362268262
子图2：(b) 竖向分量,Abaqus,1.12,0.4327633694
子图2：(b) 竖向分量,Abaqus,1.13,0.4286476409
子图2：(b) 竖向分量,Abaqus,1.14,0.4252039458
子图2：(b) 竖向分量,Abaqus,1.15,0.4224660027
子图2：(b) 竖向分量,Abaqus,1.16,0.4203690378
子图2：(b) 竖向分量,Abaqus,1.17,0.4182761965
子图2：(b) 竖向分量,Abaqus,1.18,0.4174364238
子图2：(b) 竖向分量,Abaqus,1.19,0.4178017176
子图2：(b) 竖向分量,Abaqus,1.2,0.4192827804
子图2：(b) 竖向分量,Abaqus,1.21,0.417386457
子图2：(b) 竖向分量,Abaqus,1.22,0.4159844978
子图2：(b) 竖向分量,Abaqus,1.23,0.4152489009
子图2：(b) 竖向分量,Abaqus,1.24,0.4149936647
子图2：(b) 竖向分量,Abaqus,1.25,0.4159838251
子图2：(b) 竖向分量,Abaqus,1.26,0.4177828794
子图2：(b) 竖向分量,Abaqus,1.27,0.420365648
子图2：(b) 竖向分量,Abaqus,1.28,0.4237024147
子图2：(b) 竖向分量,Abaqus,1.29,0.422986496
子图2：(b) 竖向分量,Abaqus,1.3,0.4228432544
子图2：(b) 竖向分量,Abaqus,1.31,0.4231361074
子图2：(b) 竖向分量,Abaqus,1.32,0.4237947591
子图2：(b) 竖向分量,Abaqus,1.33,0.4260792341
子图2：(b) 竖向分量,Abaqus,1.34,0.4290741467
子图2：(b) 竖向分量,Abaqus,1.35,0.4326410092
子图2：(b) 竖向分量,Abaqus,1.36,0.4367284783
子图2：(b) 竖向分量,Abaqus,1.37,0.4367133456
子图2：(b) 竖向分量,Abaqus,1.38,0.4372353569
子图2：(b) 竖向分量,Abaqus,1.39,0.4409368064
子图2：(b) 竖向分量,Abaqus,1.4,0.447904297
子图2：(b) 竖向分量,Abaqus,1.41,0.4572335875
子图2：(b) 竖向分量,Abaqus,1.42,0.4667058793
子图2：(b) 竖向分量,Abaqus,1.43,0.4767802804
子图2：(b) 竖向分量,Abaqus,1.44,0.4869498014
子图2：(b) 竖向分量,Abaqus,1.45,0.4927350251
子图2：(b) 竖向分量,Abaqus,1.46,0.498636095
子图2：(b) 竖向分量,Abaqus,1.47,0.504999071
子图2：(b) 竖向分量,Abaqus,1.48,0.5114681727
子图2：(b) 竖向分量,Abaqus,1.49,0.5199319476
子图2：(b) 竖向分量,Abaqus,1.5,0.5285149406
子图2：(b) 竖向分量,Abaqus,1.51,0.5375679123
子图2：(b) 竖向分量,Abaqus,1.52,0.5467034531
子图2：(b) 竖向分量,Abaqus,1.53,0.5520566805
子图2：(b) 竖向分量,Abaqus,1.54,0.5574380204
子图2：(b) 竖向分量,Abaqus,1.55,0.5633709941
子图2：(b) 竖向分量,Abaqus,1.56,0.5693039677
子图2：(b) 竖向分量,Abaqus,1.57,0.5769376303
子图2：(b) 竖向分量,Abaqus,1.58,0.5846243141
子图2：(b) 竖向分量,Abaqus,1.59,0.5927422705
子图2：(b) 竖向分量,Abaqus,1.6,0.6010034185
子图2：(b) 竖向分量,Abaqus,1.61,0.6057764687
子图2：(b) 竖向分量,Abaqus,1.62,0.6108264475
子图2：(b) 竖向分量,Abaqus,1.63,0.6160664225
子图2：(b) 竖向分量,Abaqus,1.64,0.6216987186
子图2：(b) 竖向分量,Abaqus,1.65,0.6282359114
子图2：(b) 竖向分量,Abaqus,1.66,0.6353041845
子图2：(b) 竖向分量,Abaqus,1.67,0.6423724576
子图2：(b) 竖向分量,Abaqus,1.68,0.6498648099
子图2：(b) 竖向分量,Abaqus,1.69,0.6541198396
子图2：(b) 竖向分量,Abaqus,1.7,0.6586418699
子图2：(b) 竖向分量,Abaqus,1.71,0.6634871229
子图2：(b) 竖向分量,Abaqus,1.72,0.6684243633
子图2：(b) 竖向分量,Abaqus,1.73,0.6744274813
子图2：(b) 竖向分量,Abaqus,1.74,0.6804306103
子图2：(b) 竖向分量,Abaqus,1.75,0.6868674622
子图2：(b) 竖向分量,Abaqus,1.76,0.6934353256
子图2：(b) 竖向分量,Abaqus,1.77,0.6971749281
子图2：(b) 竖向分量,Abaqus,1.78,0.7012997408
子图2：(b) 竖向分量,Abaqus,1.79,0.7054341178
子图2：(b) 竖向分量,Abaqus,1.8,0.7101502929
子图2：(b) 竖向分量,Abaqus,1.81,0.7151857429
子图2：(b) 竖向分量,Abaqus,1.82,0.7205575058
子图2：(b) 竖向分量,Abaqus,1.83,0.7261577976
子图2：(b) 竖向分量,Abaqus,1.84,0.7318054002
子图2：(b) 竖向分量,Abaqus,1.85,0.7352630355
子图2：(b) 竖向分量,Abaqus,1.86,0.7387206182
子图2：(b) 竖向分量,Abaqus,1.87,0.7425975603
子图2：(b) 竖向分量,Abaqus,1.88,0.7466508122
子图2：(b) 竖向分量,Abaqus,1.89,0.7509491669
子图2：(b) 竖向分量,Abaqus,1.9,0.7556581234
子图2：(b) 竖向分量,Abaqus,1.91,0.7603670799
子图2：(b) 竖向分量,Abaqus,1.92,0.7654766303
子图2：(b) 竖向分量,Abaqus,1.93,0.7683104864
子图2：(b) 竖向分量,Abaqus,1.94,0.7712995326
子图2：(b) 竖向分量,Abaqus,1.95,0.7747307784
子图2：(b) 竖向分量,Abaqus,1.96,0.7781620243
子图2：(b) 竖向分量,Abaqus,1.97,0.7819452982
子图2：(b) 竖向分量,Abaqus,1.98,0.7858252016
子图2：(b) 竖向分量,Abaqus,1.99,0.7898371711
子图2：(b) 竖向分量,Abaqus,2,0.7942739416
子图2：(b) 竖向分量,Abaqus,2.01,0.79651982
子图2：(b) 竖向分量,Abaqus,2.02,0.7991922835
子图2：(b) 竖向分量,Abaqus,2.03,0.8020349215
子图2：(b) 竖向分量,Abaqus,2.04,0.8050391284
子图2：(b) 竖向分量,Abaqus,2.05,0.808142199
子图2：(b) 竖向分量,Abaqus,2.06,0.811245263
子图2：(b) 竖向分量,Abaqus,2.07,0.8147186781
子图2：(b) 竖向分量,Abaqus,2.08,0.8183760307
子图2：(b) 竖向分量,Abaqus,2.09,0.8201197746
子图2：(b) 竖向分量,Abaqus,2.1,0.8224013662
子图2：(b) 竖向分量,Abaqus,2.11,0.8246829577
子图2：(b) 竖向分量,Abaqus,2.12,0.8273403175
子图2：(b) 竖向分量,Abaqus,2.13,0.8297115098
子图2：(b) 竖向分量,Abaqus,2.14,0.8321012059
子图2：(b) 竖向分量,Abaqus,2.15,0.8350224605
子图2：(b) 竖向分量,Abaqus,2.16,0.8379437151
子图2：(b) 竖向分量,Abaqus,2.17,0.8393452263
子图2：(b) 竖向分量,Abaqus,2.18,0.8410887644
子图2：(b) 竖向分量,Abaqus,2.19,0.8428323024
子图2：(b) 竖向分量,Abaqus,2.2,0.8451313453
子图2：(b) 竖向分量,Abaqus,2.21,0.8468099056
子图2：(b) 竖向分量,Abaqus,2.22,0.8486802069
子图2：(b) 竖向分量,Abaqus,2.23,0.8509030455
子图2：(b) 竖向分量,Abaqus,2.24,0.8531258841
子图2：(b) 竖向分量,Abaqus,2.25,0.8541806213
子图2：(b) 竖向分量,Abaqus,2.26,0.8554058396
子图2：(b) 竖向分量,Abaqus,2.27,0.856759042
子图2：(b) 竖向分量,Abaqus,2.28,0.8585656246
子图2：(b) 竖向分量,Abaqus,2.29,0.8595869747
子图2：(b) 竖向分量,Abaqus,2.3,0.860952126
子图2：(b) 竖向分量,Abaqus,2.31,0.8625103444
子图2：(b) 竖向分量,Abaqus,2.32,0.8640685628
子图2：(b) 竖向分量,Abaqus,2.33,0.8647770639
子图2：(b) 竖向分量,Abaqus,2.34,0.8655011683
子图2：(b) 竖向分量,Abaqus,2.35,0.8664979287
子图2：(b) 竖向分量,Abaqus,2.36,0.8677942938
子图2：(b) 竖向分量,Abaqus,2.37,0.8681913176
子图2：(b) 竖向分量,Abaqus,2.38,0.8690701729
子图2：(b) 竖向分量,Abaqus,2.39,0.8699950945
子图2：(b) 竖向分量,Abaqus,2.4,0.8710491006
子图2：(b) 竖向分量,Abaqus,2.41,0.871287523
子图2：(b) 竖向分量,Abaqus,2.42,0.8715259217
子图2：(b) 竖向分量,Abaqus,2.43,0.8721721554
子图2：(b) 竖向分量,Abaqus,2.44,0.8729715792
子图2：(b) 竖向分量,Abaqus,2.45,0.8728694499
子图2：(b) 竖向分量,Abaqus,2.46,0.8731901
子图2：(b) 竖向分量,Abaqus,2.47,0.87351075
子图2：(b) 竖向分量,Abaqus,2.48,0.8741004686
子图2：(b) 竖向分量,Abaqus,2.49,0.8738676089
子图2：(b) 竖向分量,Abaqus,2.5,0.8736347283
子图2：(b) 竖向分量,Abaqus,2.51,0.8739408013
子图2：(b) 竖向分量,Abaqus,2.52,0.8742558474
子图2：(b) 竖向分量,Abaqus,2.53,0.8737273739
子图2：(b) 竖向分量,Abaqus,2.54,0.8734704403
子图2：(b) 竖向分量,Abaqus,2.55,0.8732135067
子图2：(b) 竖向分量,Abaqus,2.56,0.8733656778
子图2：(b) 竖向分量,Abaqus,2.57,0.8726746457
子图2：(b) 竖向分量,Abaqus,2.58,0.8721210653
子图2：(b) 竖向分量,Abaqus,2.59,0.8719629369
子图2：(b) 竖向分量,Abaqus,2.6,0.8718048086
子图2：(b) 竖向分量,Abaqus,2.61,0.8708805244
子图2：(b) 竖向分量,Abaqus,2.62,0.8700724408
子图2：(b) 竖向分量,Abaqus,2.63,0.869322058
子图2：(b) 竖向分量,Abaqus,2.64,0.8690105236
子图2：(b) 竖向分量,Abaqus,2.65,0.8678730606
子图2：(b) 竖向分量,Abaqus,2.66,0.8670270456
子图2：(b) 竖向分量,Abaqus,2.67,0.8664060016
子图2：(b) 竖向分量,Abaqus,2.68,0.8658343171
子图2：(b) 竖向分量,Abaqus,2.69,0.8645013248
子图2：(b) 竖向分量,Abaqus,2.7,0.8631683324
子图2：(b) 竖向分量,Abaqus,2.71,0.8620620251
子图2：(b) 竖向分量,Abaqus,2.72,0.8612121259
子图2：(b) 竖向分量,Abaqus,2.73,0.8596416189
子图2：(b) 竖向分量,Abaqus,2.74,0.8585295538
子图2：(b) 竖向分量,Abaqus,2.75,0.8574579352
子图2：(b) 竖向分量,Abaqus,2.76,0.8566163889
子图2：(b) 竖向分量,Abaqus,2.77,0.854783582
子图2：(b) 竖向分量,Abaqus,2.78,0.8529507752
子图2：(b) 竖向分量,Abaqus,2.79,0.8515299673
子图2：(b) 竖向分量,Abaqus,2.8,0.8501657291
子图2：(b) 竖向分量,Abaqus,2.81,0.848337963
子图2：(b) 竖向分量,Abaqus,2.82,0.8468276668
子图2：(b) 竖向分量,Abaqus,2.83,0.8453173705
子图2：(b) 竖向分量,Abaqus,2.84,0.8442351249
子图2：(b) 竖向分量,Abaqus,2.85,0.841928577
子图2：(b) 竖向分量,Abaqus,2.86,0.8397844594
子图2：(b) 竖向分量,Abaqus,2.87,0.8379309944
子图2：(b) 竖向分量,Abaqus,2.88,0.8360775067
子图2：(b) 竖向分量,Abaqus,2.89,0.8340660658
子图2：(b) 竖向分量,Abaqus,2.9,0.8321292533
子图2：(b) 竖向分量,Abaqus,2.91,0.8303745446
子图2：(b) 竖向分量,Abaqus,2.92,0.8289037547
子图2：(b) 竖向分量,Abaqus,2.93,0.8261494716
子图2：(b) 竖向分量,Abaqus,2.94,0.82380106
子图2：(b) 竖向分量,Abaqus,2.95,0.8214833793
子图2：(b) 竖向分量,Abaqus,2.96,0.8193604164
子图2：(b) 竖向分量,Abaqus,2.97,0.8170131749
子图2：(b) 竖向分量,Abaqus,2.98,0.8146686999
子图2：(b) 竖向分量,Abaqus,2.99,0.8127673188
子图2：(b) 竖向分量,Abaqus,3,0.8108658847
子图2：(b) 竖向分量,Abaqus,3.01,0.8079496931
子图2：(b) 竖向分量,Abaqus,3.02,0.8051949313
子图2：(b) 竖向分量,Abaqus,3.03,0.8025061314
子图2：(b) 竖向分量,Abaqus,3.04,0.8001789395
子图2：(b) 竖向分量,Abaqus,3.05,0.7974369054
子图2：(b) 竖向分量,Abaqus,3.06,0.7950150749
子图2：(b) 竖向分量,Abaqus,3.07,0.7926980509
子图2：(b) 竖向分量,Abaqus,3.08,0.7905572791
子图2：(b) 竖向分量,Abaqus,3.09,0.7873926696
子图2：(b) 竖向分量,Abaqus,3.1,0.7842308115
子图2：(b) 竖向分量,Abaqus,3.11,0.7814765704
子图2：(b) 竖向分量,Abaqus,3.12,0.7787223141
子图2：(b) 竖向分量,Abaqus,3.13,0.7758711769
子图2：(b) 竖向分量,Abaqus,3.14,0.7731567522
子图2：(b) 竖向分量,Abaqus,3.15,0.77057944
子图2：(b) 竖向分量,Abaqus,3.16,0.7682765181
子图2：(b) 竖向分量,Abaqus,3.17,0.7647412927
子图2：(b) 竖向分量,Abaqus,3.18,0.7615885577
子图2：(b) 竖向分量,Abaqus,3.19,0.7584358227
子图2：(b) 竖向分量,Abaqus,3.2,0.7555757719
子图2：(b) 竖向分量,Abaqus,3.21,0.7524833714
子图2：(b) 竖向分量,Abaqus,3.22,0.7495673855
子图2：(b) 竖向分量,Abaqus,3.23,0.7468655366
子图2：(b) 竖向分量,Abaqus,3.24,0.7442550137
子图2：(b) 竖向分量,Abaqus,3.25,0.7407329232
子图2：(b) 竖向分量,Abaqus,3.26,0.7372108327
子图2：(b) 竖向分量,Abaqus,3.27,0.7340643007
子图2：(b) 竖向分量,Abaqus,3.28,0.7309263489
子图2：(b) 竖向分量,Abaqus,3.29,0.727774706
子图2：(b) 竖向分量,Abaqus,3.3,0.7246958642
子图2：(b) 竖向分量,Abaqus,3.31,0.7218432468
子图2：(b) 竖向分量,Abaqus,3.32,0.7191422732
子图2：(b) 竖向分量,Abaqus,3.33,0.7154489191
子图2：(b) 竖向分量,Abaqus,3.34,0.7119548866
子图2：(b) 竖向分量,Abaqus,3.35,0.708583207
子图2：(b) 竖向分量,Abaqus,3.36,0.7054651464
子图2：(b) 竖向分量,Abaqus,3.37,0.7021184424
子图2：(b) 竖向分量,Abaqus,3.38,0.6990441591
子图2：(b) 竖向分量,Abaqus,3.39,0.6960218553
子图2：(b) 竖向分量,Abaqus,3.4,0.6933135725
子图2：(b) 竖向分量,Abaqus,3.41,0.6895279175
子图2：(b) 竖向分量,Abaqus,3.42,0.6860671428
子图2：(b) 竖向分量,Abaqus,3.43,0.682638487
子图2：(b) 竖向分量,Abaqus,3.44,0.6795455624
子图2：(b) 竖向分量,Abaqus,3.45,0.6761554888
子图2：(b) 竖向分量,Abaqus,3.46,0.673077361
子图2：(b) 竖向分量,Abaqus,3.47,0.6700339221
子图2：(b) 竖向分量,Abaqus,3.48,0.6673099959
子图2：(b) 竖向分量,Abaqus,3.49,0.6635902302
子图2：(b) 竖向分量,Abaqus,3.5,0.6601668769
子图2：(b) 竖向分量,Abaqus,3.51,0.6568364342
子图2：(b) 竖向分量,Abaqus,3.52,0.653772878
子图2：(b) 竖向分量,Abaqus,3.53,0.6504817533
子图2：(b) 竖向分量,Abaqus,3.54,0.6473938639
子图2：(b) 竖向分量,Abaqus,3.55,0.6444706966
子图2：(b) 竖向分量,Abaqus,3.56,0.6417259399
子图2：(b) 竖向分量,Abaqus,3.57,0.6382202786
子图2：(b) 竖向分量,Abaqus,3.58,0.6348387195
子图2：(b) 竖向分量,Abaqus,3.59,0.6317488927
子图2：(b) 竖向分量,Abaqus,3.6,0.6287557478
子图2：(b) 竖向分量,Abaqus,3.61,0.6256507375
子图2：(b) 竖向分量,Abaqus,3.62,0.6226341185
子图2：(b) 竖向分量,Abaqus,3.63,0.6198613139
子图2：(b) 竖向分量,Abaqus,3.64,0.6172572602
子图2：(b) 竖向分量,Abaqus,3.65,0.6139164401
子图2：(b) 竖向分量,Abaqus,3.66,0.6108386023
子图2：(b) 竖向分量,Abaqus,3.67,0.6078763987
子图2：(b) 竖向分量,Abaqus,3.68,0.6052309888
子图2：(b) 竖向分量,Abaqus,3.69,0.602242046
子图2：(b) 竖向分量,Abaqus,3.7,0.5994344318
子图2：(b) 竖向分量,Abaqus,3.71,0.5968589399
子图2：(b) 竖向分量,Abaqus,3.72,0.5943929866
子图2：(b) 竖向分量,Abaqus,3.73,0.5914251983
子图2：(b) 竖向分量,Abaqus,3.74,0.5885941616
子图2：(b) 竖向分量,Abaqus,3.75,0.5859693378
子图2：(b) 竖向分量,Abaqus,3.76,0.5836341007
子图2：(b) 竖向分量,Abaqus,3.77,0.5810279291
子图2：(b) 竖向分量,Abaqus,3.78,0.5788864855
子图2：(b) 竖向分量,Abaqus,3.79,0.5767847365
子图2：(b) 竖向分量,Abaqus,3.8,0.5747070074
子图2：(b) 竖向分量,Abaqus,3.81,0.5725398141
子图2：(b) 竖向分量,Abaqus,3.82,0.5703726209
子图2：(b) 竖向分量,Abaqus,3.83,0.5682054276
子图2：(b) 竖向分量,Abaqus,3.84,0.5660382421
子图2：(b) 竖向分量,Abaqus,3.85,0.5640565349
子图2：(b) 竖向分量,Abaqus,3.86,0.5620748278
子图2：(b) 竖向分量,Abaqus,3.87,0.5600931206
子图2：(b) 竖向分量,Abaqus,3.88,0.5581114112
子图2：(b) 竖向分量,Abaqus,3.89,0.5560763568
子图2：(b) 竖向分量,Abaqus,3.9,0.5540413025
子图2：(b) 竖向分量,Abaqus,3.91,0.5528024412
子图2：(b) 竖向分量,Abaqus,3.92,0.553211189
子图2：(b) 竖向分量,Abaqus,3.93,0.552764181
子图2：(b) 竖向分量,Abaqus,3.94,0.5524189163
子图2：(b) 竖向分量,Abaqus,3.95,0.5523933586
子图2：(b) 竖向分量,Abaqus,3.96,0.5524965842
子图2：(b) 竖向分量,Abaqus,3.97,0.5521300086
子图2：(b) 竖向分量,Abaqus,3.98,0.5518955766
子图2：(b) 竖向分量,Abaqus,3.99,0.551936752
子图2：(b) 竖向分量,Abaqus,4,0.5521041114
子图2：(b) 竖向分量,SPECFEM2D,-4,0.4806414068
子图2：(b) 竖向分量,SPECFEM2D,-3.99,0.4695287255
子图2：(b) 竖向分量,SPECFEM2D,-3.98,0.4732630878
子图2：(b) 竖向分量,SPECFEM2D,-3.97,0.4730357002
子图2：(b) 竖向分量,SPECFEM2D,-3.96,0.476768616
子图2：(b) 竖向分量,SPECFEM2D,-3.95,0.4778968929
子图2：(b) 竖向分量,SPECFEM2D,-3.94,0.4767087926
子图2：(b) 竖向分量,SPECFEM2D,-3.93,0.4755180298
子图2：(b) 竖向分量,SPECFEM2D,-3.92,0.4804707739
子图2：(b) 竖向分量,SPECFEM2D,-3.91,0.4802863376
子图2：(b) 竖向分量,SPECFEM2D,-3.9,0.4868118441
子图2：(b) 竖向分量,SPECFEM2D,-3.89,0.4909005831
子图2：(b) 竖向分量,SPECFEM2D,-3.88,0.5008999155
子图2：(b) 竖向分量,SPECFEM2D,-3.87,0.5055624201
子图2：(b) 竖向分量,SPECFEM2D,-3.86,0.5033279909
子图2：(b) 竖向分量,SPECFEM2D,-3.85,0.5200574876
子图2：(b) 竖向分量,SPECFEM2D,-3.84,0.5181624077
子图2：(b) 竖向分量,SPECFEM2D,-3.83,0.5191436435
子图2：(b) 竖向分量,SPECFEM2D,-3.82,0.5241758707
子图2：(b) 竖向分量,SPECFEM2D,-3.81,0.5256667405
子图2：(b) 竖向分量,SPECFEM2D,-3.8,0.5253008969
子图2：(b) 竖向分量,SPECFEM2D,-3.79,0.5250612134
子图2：(b) 竖向分量,SPECFEM2D,-3.78,0.5251469944
子图2：(b) 竖向分量,SPECFEM2D,-3.77,0.5356770774
子图2：(b) 竖向分量,SPECFEM2D,-3.76,0.5444631164
子图2：(b) 竖向分量,SPECFEM2D,-3.75,0.5506563006
子图2：(b) 竖向分量,SPECFEM2D,-3.74,0.5543646454
子图2：(b) 竖向分量,SPECFEM2D,-3.73,0.5552138181
子图2：(b) 竖向分量,SPECFEM2D,-3.72,0.5530856323
子图2：(b) 竖向分量,SPECFEM2D,-3.71,0.5716066043
子图2：(b) 竖向分量,SPECFEM2D,-3.7,0.5824832921
子图2：(b) 竖向分量,SPECFEM2D,-3.69,0.5703978617
子图2：(b) 竖向分量,SPECFEM2D,-3.68,0.5725769741
子图2：(b) 竖向分量,SPECFEM2D,-3.67,0.5772445303
子图2：(b) 竖向分量,SPECFEM2D,-3.66,0.5808732991
子图2：(b) 竖向分量,SPECFEM2D,-3.65,0.5841122186
子图2：(b) 竖向分量,SPECFEM2D,-3.64,0.5868220852
子图2：(b) 竖向分量,SPECFEM2D,-3.63,0.5898154438
子图2：(b) 竖向分量,SPECFEM2D,-3.62,0.5934401587
子图2：(b) 竖向分量,SPECFEM2D,-3.61,0.5975796392
子图2：(b) 竖向分量,SPECFEM2D,-3.6,0.6016527346
子图2：(b) 竖向分量,SPECFEM2D,-3.59,0.6046137486
子图2：(b) 竖向分量,SPECFEM2D,-3.58,0.6066212023
子图2：(b) 竖向分量,SPECFEM2D,-3.57,0.6104333514
子图2：(b) 竖向分量,SPECFEM2D,-3.56,0.6151930831
子图2：(b) 竖向分量,SPECFEM2D,-3.55,0.6150823456
子图2：(b) 竖向分量,SPECFEM2D,-3.54,0.634461019
子图2：(b) 竖向分量,SPECFEM2D,-3.53,0.6412468705
子图2：(b) 竖向分量,SPECFEM2D,-3.52,0.6368243315
子图2：(b) 竖向分量,SPECFEM2D,-3.51,0.6264441258
子图2：(b) 竖向分量,SPECFEM2D,-3.5,0.6247331148
子图2：(b) 竖向分量,SPECFEM2D,-3.49,0.6300166726
子图2：(b) 竖向分量,SPECFEM2D,-3.48,0.6363734208
子图2：(b) 竖向分量,SPECFEM2D,-3.47,0.6384589157
子图2：(b) 竖向分量,SPECFEM2D,-3.46,0.6362484688
子图2：(b) 竖向分量,SPECFEM2D,-3.45,0.6341833147
子图2：(b) 竖向分量,SPECFEM2D,-3.44,0.6331150115
子图2：(b) 竖向分量,SPECFEM2D,-3.43,0.6306533905
子图2：(b) 竖向分量,SPECFEM2D,-3.42,0.6283565107
子图2：(b) 竖向分量,SPECFEM2D,-3.41,0.647945655
子图2：(b) 竖向分量,SPECFEM2D,-3.4,0.6443248732
子图2：(b) 竖向分量,SPECFEM2D,-3.39,0.6385384407
子图2：(b) 竖向分量,SPECFEM2D,-3.38,0.6327725803
子图2：(b) 竖向分量,SPECFEM2D,-3.37,0.6308890604
子图2：(b) 竖向分量,SPECFEM2D,-3.36,0.6297113069
子图2：(b) 竖向分量,SPECFEM2D,-3.35,0.6271939743
子图2：(b) 竖向分量,SPECFEM2D,-3.34,0.6230603562
子图2：(b) 竖向分量,SPECFEM2D,-3.33,0.6179326766
子图2：(b) 竖向分量,SPECFEM2D,-3.32,0.6196141224
子图2：(b) 竖向分量,SPECFEM2D,-3.31,0.6253180833
子图2：(b) 竖向分量,SPECFEM2D,-3.3,0.629144701
子图2：(b) 竖向分量,SPECFEM2D,-3.29,0.6288526107
子图2：(b) 竖向分量,SPECFEM2D,-3.28,0.622277339
子图2：(b) 竖向分量,SPECFEM2D,-3.27,0.6144746657
子图2：(b) 竖向分量,SPECFEM2D,-3.26,0.6342144122
子图2：(b) 竖向分量,SPECFEM2D,-3.25,0.6225526465
子图2：(b) 竖向分量,SPECFEM2D,-3.24,0.6165830826
子图2：(b) 竖向分量,SPECFEM2D,-3.23,0.6084739346
子图2：(b) 竖向分量,SPECFEM2D,-3.22,0.6044460352
子图2：(b) 竖向分量,SPECFEM2D,-3.21,0.6059297958
子图2：(b) 竖向分量,SPECFEM2D,-3.2,0.6073466974
子图2：(b) 竖向分量,SPECFEM2D,-3.19,0.6102154854
子图2：(b) 竖向分量,SPECFEM2D,-3.18,0.6087831203
子图2：(b) 竖向分量,SPECFEM2D,-3.17,0.60296916
子图2：(b) 竖向分量,SPECFEM2D,-3.16,0.5933729793
子图2：(b) 竖向分量,SPECFEM2D,-3.15,0.5819889543
子图2：(b) 竖向分量,SPECFEM2D,-3.14,0.5762155856
子图2：(b) 竖向分量,SPECFEM2D,-3.13,0.5732042967
子图2：(b) 竖向分量,SPECFEM2D,-3.12,0.5691113699
子图2：(b) 竖向分量,SPECFEM2D,-3.11,0.5653246496
子图2：(b) 竖向分量,SPECFEM2D,-3.1,0.5590714334
子图2：(b) 竖向分量,SPECFEM2D,-3.09,0.5586964346
子图2：(b) 竖向分量,SPECFEM2D,-3.08,0.5557536881
子图2：(b) 竖向分量,SPECFEM2D,-3.07,0.5502796271
子图2：(b) 竖向分量,SPECFEM2D,-3.06,0.5461826677
子图2：(b) 竖向分量,SPECFEM2D,-3.05,0.5457862188
子图2：(b) 竖向分量,SPECFEM2D,-3.04,0.5492079406
子图2：(b) 竖向分量,SPECFEM2D,-3.03,0.549599499
子图2：(b) 竖向分量,SPECFEM2D,-3.02,0.546480034
子图2：(b) 竖向分量,SPECFEM2D,-3.01,0.5399779958
子图2：(b) 竖向分量,SPECFEM2D,-3,0.5308311252
子图2：(b) 竖向分量,SPECFEM2D,-2.99,0.5244923363
子图2：(b) 竖向分量,SPECFEM2D,-2.98,0.5236150581
子图2：(b) 竖向分量,SPECFEM2D,-2.97,0.5205419713
子图2：(b) 竖向分量,SPECFEM2D,-2.96,0.5147713272
子图2：(b) 竖向分量,SPECFEM2D,-2.95,0.5181512518
子图2：(b) 竖向分量,SPECFEM2D,-2.94,0.5191337036
子图2：(b) 竖向分量,SPECFEM2D,-2.93,0.5126196566
子图2：(b) 竖向分量,SPECFEM2D,-2.92,0.5021820485
子图2：(b) 竖向分量,SPECFEM2D,-2.91,0.4939565987
子图2：(b) 竖向分量,SPECFEM2D,-2.9,0.498651737
子图2：(b) 竖向分量,SPECFEM2D,-2.89,0.5001233723
子图2：(b) 竖向分量,SPECFEM2D,-2.88,0.4976965893
子图2：(b) 竖向分量,SPECFEM2D,-2.87,0.4949674727
子图2：(b) 竖向分量,SPECFEM2D,-2.86,0.4941637006
子图2：(b) 竖向分量,SPECFEM2D,-2.85,0.4912681826
子图2：(b) 竖向分量,SPECFEM2D,-2.84,0.4862234036
子图2：(b) 竖向分量,SPECFEM2D,-2.83,0.4811149019
子图2：(b) 竖向分量,SPECFEM2D,-2.82,0.4828651772
子图2：(b) 竖向分量,SPECFEM2D,-2.81,0.4891639583
子图2：(b) 竖向分量,SPECFEM2D,-2.8,0.4874478512
子图2：(b) 竖向分量,SPECFEM2D,-2.79,0.4844370683
子图2：(b) 竖向分量,SPECFEM2D,-2.78,0.4800082564
子图2：(b) 竖向分量,SPECFEM2D,-2.77,0.4741723133
子图2：(b) 竖向分量,SPECFEM2D,-2.76,0.4715197998
子图2：(b) 竖向分量,SPECFEM2D,-2.75,0.4718995658
子图2：(b) 竖向分量,SPECFEM2D,-2.74,0.4734290525
子图2：(b) 竖向分量,SPECFEM2D,-2.73,0.4741166087
子图2：(b) 竖向分量,SPECFEM2D,-2.72,0.4766314569
子图2：(b) 竖向分量,SPECFEM2D,-2.71,0.4784056208
子图2：(b) 竖向分量,SPECFEM2D,-2.7,0.4804264392
子图2：(b) 竖向分量,SPECFEM2D,-2.69,0.4809151923
子图2：(b) 竖向分量,SPECFEM2D,-2.68,0.4795300886
子图2：(b) 竖向分量,SPECFEM2D,-2.67,0.4846000952
子图2：(b) 竖向分量,SPECFEM2D,-2.66,0.4793313039
子图2：(b) 竖向分量,SPECFEM2D,-2.65,0.4745882069
子图2：(b) 竖向分量,SPECFEM2D,-2.64,0.4822822084
子图2：(b) 竖向分量,SPECFEM2D,-2.63,0.4862167269
子图2：(b) 竖向分量,SPECFEM2D,-2.62,0.4872575555
子图2：(b) 竖向分量,SPECFEM2D,-2.61,0.4861870023
子图2：(b) 竖向分量,SPECFEM2D,-2.6,0.488753689
子图2：(b) 竖向分量,SPECFEM2D,-2.59,0.4946208411
子图2：(b) 竖向分量,SPECFEM2D,-2.58,0.4966903432
子图2：(b) 竖向分量,SPECFEM2D,-2.57,0.4950357372
子图2：(b) 竖向分量,SPECFEM2D,-2.56,0.493952334
子图2：(b) 竖向分量,SPECFEM2D,-2.55,0.4917867786
子图2：(b) 竖向分量,SPECFEM2D,-2.54,0.4926667209
子图2：(b) 竖向分量,SPECFEM2D,-2.53,0.4987309288
子图2：(b) 竖向分量,SPECFEM2D,-2.52,0.5035493852
子图2：(b) 竖向分量,SPECFEM2D,-2.51,0.5136624929
子图2：(b) 竖向分量,SPECFEM2D,-2.5,0.5104423638
子图2：(b) 竖向分量,SPECFEM2D,-2.49,0.5052017558
子图2：(b) 竖向分量,SPECFEM2D,-2.48,0.5073113923
子图2：(b) 竖向分量,SPECFEM2D,-2.47,0.5181166003
子图2：(b) 竖向分量,SPECFEM2D,-2.46,0.5237583192
子图2：(b) 竖向分量,SPECFEM2D,-2.45,0.5229343705
子图2：(b) 竖向分量,SPECFEM2D,-2.44,0.5162905576
子图2：(b) 竖向分量,SPECFEM2D,-2.43,0.5179565667
子图2：(b) 竖向分量,SPECFEM2D,-2.42,0.5188609184
子图2：(b) 竖向分量,SPECFEM2D,-2.41,0.5181614186
子图2：(b) 竖向分量,SPECFEM2D,-2.4,0.5285436613
子图2：(b) 竖向分量,SPECFEM2D,-2.39,0.5365573812
子图2：(b) 竖向分量,SPECFEM2D,-2.38,0.5457750303
子图2：(b) 竖向分量,SPECFEM2D,-2.37,0.5689113286
子图2：(b) 竖向分量,SPECFEM2D,-2.36,0.5425137934
子图2：(b) 竖向分量,SPECFEM2D,-2.35,0.5517036812
子图2：(b) 竖向分量,SPECFEM2D,-2.34,0.5597406712
子图2：(b) 竖向分量,SPECFEM2D,-2.33,0.556934155
子图2：(b) 竖向分量,SPECFEM2D,-2.32,0.5480594528
子图2：(b) 竖向分量,SPECFEM2D,-2.31,0.5451003703
子图2：(b) 竖向分量,SPECFEM2D,-2.3,0.5481440467
子图2：(b) 竖向分量,SPECFEM2D,-2.29,0.5527951203
子图2：(b) 竖向分量,SPECFEM2D,-2.28,0.5561393931
子图2：(b) 竖向分量,SPECFEM2D,-2.27,0.553851744
子图2：(b) 竖向分量,SPECFEM2D,-2.26,0.5575528852
子图2：(b) 竖向分量,SPECFEM2D,-2.25,0.5586343872
子图2：(b) 竖向分量,SPECFEM2D,-2.24,0.564882797
子图2：(b) 竖向分量,SPECFEM2D,-2.23,0.5611060393
子图2：(b) 竖向分量,SPECFEM2D,-2.22,0.5720959692
子图2：(b) 竖向分量,SPECFEM2D,-2.21,0.5769395641
子图2：(b) 竖向分量,SPECFEM2D,-2.2,0.5835584175
子图2：(b) 竖向分量,SPECFEM2D,-2.19,0.582115817
子图2：(b) 竖向分量,SPECFEM2D,-2.18,0.5757054457
子图2：(b) 竖向分量,SPECFEM2D,-2.17,0.5669376517
子图2：(b) 竖向分量,SPECFEM2D,-2.16,0.5690467936
子图2：(b) 竖向分量,SPECFEM2D,-2.15,0.577570932
子图2：(b) 竖向分量,SPECFEM2D,-2.14,0.5838419708
子图2：(b) 竖向分量,SPECFEM2D,-2.13,0.5857690279
子图2：(b) 竖向分量,SPECFEM2D,-2.12,0.5835589098
子图2：(b) 竖向分量,SPECFEM2D,-2.11,0.5889648147
子图2：(b) 竖向分量,SPECFEM2D,-2.1,0.5974233257
子图2：(b) 竖向分量,SPECFEM2D,-2.09,0.6000208299
子图2：(b) 竖向分量,SPECFEM2D,-2.08,0.5980255485
子图2：(b) 竖向分量,SPECFEM2D,-2.07,0.6026157631
子图2：(b) 竖向分量,SPECFEM2D,-2.06,0.5957135005
子图2：(b) 竖向分量,SPECFEM2D,-2.05,0.6014282565
子图2：(b) 竖向分量,SPECFEM2D,-2.04,0.6026387493
子图2：(b) 竖向分量,SPECFEM2D,-2.03,0.6053273024
子图2：(b) 竖向分量,SPECFEM2D,-2.02,0.6056123566
子图2：(b) 竖向分量,SPECFEM2D,-2.01,0.6052052351
子图2：(b) 竖向分量,SPECFEM2D,-2,0.6081487416
子图2：(b) 竖向分量,SPECFEM2D,-1.99,0.609093353
子图2：(b) 竖向分量,SPECFEM2D,-1.98,0.6110354985
子图2：(b) 竖向分量,SPECFEM2D,-1.97,0.6135967719
子图2：(b) 竖向分量,SPECFEM2D,-1.96,0.6233491636
子图2：(b) 竖向分量,SPECFEM2D,-1.95,0.6293049529
子图2：(b) 竖向分量,SPECFEM2D,-1.94,0.6319992125
子图2：(b) 竖向分量,SPECFEM2D,-1.93,0.6389343108
子图2：(b) 竖向分量,SPECFEM2D,-1.92,0.6294808631
子图2：(b) 竖向分量,SPECFEM2D,-1.91,0.6338374552
子图2：(b) 竖向分量,SPECFEM2D,-1.9,0.6354396626
子图2：(b) 竖向分量,SPECFEM2D,-1.89,0.6346810333
子图2：(b) 竖向分量,SPECFEM2D,-1.88,0.6311116115
子图2：(b) 竖向分量,SPECFEM2D,-1.87,0.6367792556
子图2：(b) 竖向分量,SPECFEM2D,-1.86,0.6419368443
子图2：(b) 竖向分量,SPECFEM2D,-1.85,0.6492179039
子图2：(b) 竖向分量,SPECFEM2D,-1.84,0.6556419869
子图2：(b) 竖向分量,SPECFEM2D,-1.83,0.6568669946
子图2：(b) 竖向分量,SPECFEM2D,-1.82,0.6537571685
子图2：(b) 竖向分量,SPECFEM2D,-1.81,0.6542321686
子图2：(b) 竖向分量,SPECFEM2D,-1.8,0.6571659187
子图2：(b) 竖向分量,SPECFEM2D,-1.79,0.6717123873
子图2：(b) 竖向分量,SPECFEM2D,-1.78,0.6854850027
子图2：(b) 竖向分量,SPECFEM2D,-1.77,0.6796565653
子图2：(b) 竖向分量,SPECFEM2D,-1.76,0.6870364803
子图2：(b) 竖向分量,SPECFEM2D,-1.75,0.6891496247
子图2：(b) 竖向分量,SPECFEM2D,-1.74,0.6878944228
子图2：(b) 竖向分量,SPECFEM2D,-1.73,0.6852467816
子图2：(b) 竖向分量,SPECFEM2D,-1.72,0.6827332433
子图2：(b) 竖向分量,SPECFEM2D,-1.71,0.6845064111
子图2：(b) 竖向分量,SPECFEM2D,-1.7,0.68707675
子图2：(b) 竖向分量,SPECFEM2D,-1.69,0.6883448293
子图2：(b) 竖向分量,SPECFEM2D,-1.68,0.6912531402
子图2：(b) 竖向分量,SPECFEM2D,-1.67,0.6942976543
子图2：(b) 竖向分量,SPECFEM2D,-1.66,0.6944810079
子图2：(b) 竖向分量,SPECFEM2D,-1.65,0.6997200921
子图2：(b) 竖向分量,SPECFEM2D,-1.64,0.7075596629
子图2：(b) 竖向分量,SPECFEM2D,-1.63,0.7269508125
子图2：(b) 竖向分量,SPECFEM2D,-1.62,0.7200339095
子图2：(b) 竖向分量,SPECFEM2D,-1.61,0.7355127739
子图2：(b) 竖向分量,SPECFEM2D,-1.6,0.7369841612
子图2：(b) 竖向分量,SPECFEM2D,-1.59,0.7300463781
子图2：(b) 竖向分量,SPECFEM2D,-1.58,0.7243278147
子图2：(b) 竖向分量,SPECFEM2D,-1.57,0.7326347181
子图2：(b) 竖向分量,SPECFEM2D,-1.56,0.7397714779
子图2：(b) 竖向分量,SPECFEM2D,-1.55,0.7428831122
子图2：(b) 竖向分量,SPECFEM2D,-1.54,0.7417468336
子图2：(b) 竖向分量,SPECFEM2D,-1.53,0.7376660672
子图2：(b) 竖向分量,SPECFEM2D,-1.52,0.7396294347
子图2：(b) 竖向分量,SPECFEM2D,-1.51,0.7512616987
子图2：(b) 竖向分量,SPECFEM2D,-1.5,0.7622718378
子图2：(b) 竖向分量,SPECFEM2D,-1.49,0.7692745684
子图2：(b) 竖向分量,SPECFEM2D,-1.48,0.7655930139
子图2：(b) 竖向分量,SPECFEM2D,-1.47,0.760612828
子图2：(b) 竖向分量,SPECFEM2D,-1.46,0.7749722941
子图2：(b) 竖向分量,SPECFEM2D,-1.45,0.7733221731
子图2：(b) 竖向分量,SPECFEM2D,-1.44,0.7668077614
子图2：(b) 竖向分量,SPECFEM2D,-1.43,0.7646629088
子图2：(b) 竖向分量,SPECFEM2D,-1.42,0.7641176279
子图2：(b) 竖向分量,SPECFEM2D,-1.41,0.7716078855
子图2：(b) 竖向分量,SPECFEM2D,-1.4,0.7743080765
子图2：(b) 竖向分量,SPECFEM2D,-1.39,0.7722105478
子图2：(b) 竖向分量,SPECFEM2D,-1.38,0.7672312849
子图2：(b) 竖向分量,SPECFEM2D,-1.37,0.770446671
子图2：(b) 竖向分量,SPECFEM2D,-1.36,0.7821831396
子图2：(b) 竖向分量,SPECFEM2D,-1.35,0.7874381341
子图2：(b) 竖向分量,SPECFEM2D,-1.34,0.7805766035
子图2：(b) 竖向分量,SPECFEM2D,-1.33,0.7779243507
子图2：(b) 竖向分量,SPECFEM2D,-1.32,0.7766461497
子图2：(b) 竖向分量,SPECFEM2D,-1.31,0.7804319026
子图2：(b) 竖向分量,SPECFEM2D,-1.3,0.7821312694
子图2：(b) 竖向分量,SPECFEM2D,-1.29,0.7825366281
子图2：(b) 竖向分量,SPECFEM2D,-1.28,0.7816856464
子图2：(b) 竖向分量,SPECFEM2D,-1.27,0.7784174114
子图2：(b) 竖向分量,SPECFEM2D,-1.26,0.7736726414
子图2：(b) 竖向分量,SPECFEM2D,-1.25,0.7804833826
子图2：(b) 竖向分量,SPECFEM2D,-1.24,0.7865455344
子图2：(b) 竖向分量,SPECFEM2D,-1.23,0.7900409277
子图2：(b) 竖向分量,SPECFEM2D,-1.22,0.7887964164
子图2：(b) 竖向分量,SPECFEM2D,-1.21,0.7810867251
子图2：(b) 竖向分量,SPECFEM2D,-1.2,0.7710036624
子图2：(b) 竖向分量,SPECFEM2D,-1.19,0.7948411258
子图2：(b) 竖向分量,SPECFEM2D,-1.18,0.7988429903
子图2：(b) 竖向分量,SPECFEM2D,-1.17,0.7783057866
子图2：(b) 竖向分量,SPECFEM2D,-1.16,0.7705195359
子图2：(b) 竖向分量,SPECFEM2D,-1.15,0.7758294924
子图2：(b) 竖向分量,SPECFEM2D,-1.14,0.777835185
子图2：(b) 竖向分量,SPECFEM2D,-1.13,0.7767304082
子图2：(b) 竖向分量,SPECFEM2D,-1.12,0.7731685892
子图2：(b) 竖向分量,SPECFEM2D,-1.11,0.7683238418
子图2：(b) 竖向分量,SPECFEM2D,-1.1,0.7638398014
子图2：(b) 竖向分量,SPECFEM2D,-1.09,0.7582551458
子图2：(b) 竖向分量,SPECFEM2D,-1.08,0.7567123292
子图2：(b) 竖向分量,SPECFEM2D,-1.07,0.7571573117
子图2：(b) 竖向分量,SPECFEM2D,-1.06,0.7615405586
子图2：(b) 竖向分量,SPECFEM2D,-1.05,0.7612988597
子图2：(b) 竖向分量,SPECFEM2D,-1.04,0.7527530017
子图2：(b) 竖向分量,SPECFEM2D,-1.03,0.7490524413
子图2：(b) 竖向分量,SPECFEM2D,-1.02,0.7566031205
子图2：(b) 竖向分量,SPECFEM2D,-1.01,0.7525603454
子图2：(b) 竖向分量,SPECFEM2D,-1,0.7384198116
子图2：(b) 竖向分量,SPECFEM2D,-0.99,0.7327897438
子图2：(b) 竖向分量,SPECFEM2D,-0.98,0.7336541772
子图2：(b) 竖向分量,SPECFEM2D,-0.97,0.7354239425
子图2：(b) 竖向分量,SPECFEM2D,-0.96,0.7333536333
子图2：(b) 竖向分量,SPECFEM2D,-0.95,0.7272023783
子图2：(b) 竖向分量,SPECFEM2D,-0.94,0.7176239266
子图2：(b) 竖向分量,SPECFEM2D,-0.93,0.7130768983
子图2：(b) 竖向分量,SPECFEM2D,-0.92,0.7075398672
子图2：(b) 竖向分量,SPECFEM2D,-0.91,0.7005850434
子图2：(b) 竖向分量,SPECFEM2D,-0.9,0.699724013
子图2：(b) 竖向分量,SPECFEM2D,-0.89,0.7029254526
子图2：(b) 竖向分量,SPECFEM2D,-0.88,0.6949921467
子图2：(b) 竖向分量,SPECFEM2D,-0.87,0.6873247531
子图2：(b) 竖向分量,SPECFEM2D,-0.86,0.6842684426
子图2：(b) 竖向分量,SPECFEM2D,-0.85,0.6747104939
子图2：(b) 竖向分量,SPECFEM2D,-0.84,0.6697120088
子图2：(b) 竖向分量,SPECFEM2D,-0.83,0.6713755673
子图2：(b) 竖向分量,SPECFEM2D,-0.82,0.670839822
子图2：(b) 竖向分量,SPECFEM2D,-0.81,0.6670169896
子图2：(b) 竖向分量,SPECFEM2D,-0.8,0.6593892605
子图2：(b) 竖向分量,SPECFEM2D,-0.79,0.648008962
子图2：(b) 竖向分量,SPECFEM2D,-0.78,0.6385965499
子图2：(b) 竖向分量,SPECFEM2D,-0.77,0.6396116102
子图2：(b) 竖向分量,SPECFEM2D,-0.76,0.6434112205
子图2：(b) 竖向分量,SPECFEM2D,-0.75,0.6427201643
子图2：(b) 竖向分量,SPECFEM2D,-0.74,0.6353680919
子图2：(b) 竖向分量,SPECFEM2D,-0.73,0.6192743443
子图2：(b) 竖向分量,SPECFEM2D,-0.72,0.6066173783
子图2：(b) 竖向分量,SPECFEM2D,-0.71,0.5968699296
子图2：(b) 竖向分量,SPECFEM2D,-0.7,0.5922309427
子图2：(b) 竖向分量,SPECFEM2D,-0.69,0.5853369212
子图2：(b) 竖向分量,SPECFEM2D,-0.68,0.576378005
子图2：(b) 竖向分量,SPECFEM2D,-0.67,0.5673867505
子图2：(b) 竖向分量,SPECFEM2D,-0.66,0.5599734847
子图2：(b) 竖向分量,SPECFEM2D,-0.65,0.5527355745
子图2：(b) 竖向分量,SPECFEM2D,-0.64,0.5489458306
子图2：(b) 竖向分量,SPECFEM2D,-0.63,0.545118058
子图2：(b) 竖向分量,SPECFEM2D,-0.62,0.5386370011
子图2：(b) 竖向分量,SPECFEM2D,-0.61,0.5289216074
子图2：(b) 竖向分量,SPECFEM2D,-0.6,0.5272455258
子图2：(b) 竖向分量,SPECFEM2D,-0.59,0.5252495771
子图2：(b) 竖向分量,SPECFEM2D,-0.58,0.5065083155
子图2：(b) 竖向分量,SPECFEM2D,-0.57,0.5013093574
子图2：(b) 竖向分量,SPECFEM2D,-0.56,0.4953841241
子图2：(b) 竖向分量,SPECFEM2D,-0.55,0.4881727052
子图2：(b) 竖向分量,SPECFEM2D,-0.54,0.4803912464
子图2：(b) 竖向分量,SPECFEM2D,-0.53,0.4725499314
子图2：(b) 竖向分量,SPECFEM2D,-0.52,0.4660576244
子图2：(b) 竖向分量,SPECFEM2D,-0.51,0.4603980053
子图2：(b) 竖向分量,SPECFEM2D,-0.5,0.4535845854
子图2：(b) 竖向分量,SPECFEM2D,-0.49,0.4463832465
子图2：(b) 竖向分量,SPECFEM2D,-0.48,0.4496274962
子图2：(b) 竖向分量,SPECFEM2D,-0.47,0.4501336849
子图2：(b) 竖向分量,SPECFEM2D,-0.46,0.444620162
子图2：(b) 竖向分量,SPECFEM2D,-0.45,0.429227677
子图2：(b) 竖向分量,SPECFEM2D,-0.44,0.4235648101
子图2：(b) 竖向分量,SPECFEM2D,-0.43,0.4261131652
子图2：(b) 竖向分量,SPECFEM2D,-0.42,0.4240812261
子图2：(b) 竖向分量,SPECFEM2D,-0.41,0.4170539033
子图2：(b) 竖向分量,SPECFEM2D,-0.4,0.4064422791
子图2：(b) 竖向分量,SPECFEM2D,-0.39,0.3996245372
子图2：(b) 竖向分量,SPECFEM2D,-0.38,0.3959967614
子图2：(b) 竖向分量,SPECFEM2D,-0.37,0.3893132114
子图2：(b) 竖向分量,SPECFEM2D,-0.36,0.3876174746
子图2：(b) 竖向分量,SPECFEM2D,-0.35,0.3895386695
子图2：(b) 竖向分量,SPECFEM2D,-0.34,0.3922158819
子图2：(b) 竖向分量,SPECFEM2D,-0.33,0.3884105295
子图2：(b) 竖向分量,SPECFEM2D,-0.32,0.3835172753
子图2：(b) 竖向分量,SPECFEM2D,-0.31,0.3964870403
子图2：(b) 竖向分量,SPECFEM2D,-0.3,0.4203771377
子图2：(b) 竖向分量,SPECFEM2D,-0.29,0.4103638229
子图2：(b) 竖向分量,SPECFEM2D,-0.28,0.3908373418
子图2：(b) 竖向分量,SPECFEM2D,-0.27,0.392232564
子图2：(b) 竖向分量,SPECFEM2D,-0.26,0.401512733
子图2：(b) 竖向分量,SPECFEM2D,-0.25,0.4038752611
子图2：(b) 竖向分量,SPECFEM2D,-0.24,0.4039506597
子图2：(b) 竖向分量,SPECFEM2D,-0.23,0.4085103852
子图2：(b) 竖向分量,SPECFEM2D,-0.22,0.4177653802
子图2：(b) 竖向分量,SPECFEM2D,-0.21,0.4249559162
子图2：(b) 竖向分量,SPECFEM2D,-0.2,0.4343936886
子图2：(b) 竖向分量,SPECFEM2D,-0.19,0.4443130383
子图2：(b) 竖向分量,SPECFEM2D,-0.18,0.4524530733
子图2：(b) 竖向分量,SPECFEM2D,-0.17,0.4750956072
子图2：(b) 竖向分量,SPECFEM2D,-0.16,0.4962475579
子图2：(b) 竖向分量,SPECFEM2D,-0.15,0.5076429
子图2：(b) 竖向分量,SPECFEM2D,-0.14,0.5030932077
子图2：(b) 竖向分量,SPECFEM2D,-0.13,0.5261965573
子图2：(b) 竖向分量,SPECFEM2D,-0.12,0.5399901878
子图2：(b) 竖向分量,SPECFEM2D,-0.11,0.5396126827
子图2：(b) 竖向分量,SPECFEM2D,-0.1,0.5498317532
子图2：(b) 竖向分量,SPECFEM2D,-0.09,0.5623202424
子图2：(b) 竖向分量,SPECFEM2D,-0.08,0.5809176787
子图2：(b) 竖向分量,SPECFEM2D,-0.07,0.5973277377
子图2：(b) 竖向分量,SPECFEM2D,-0.06,0.6042882062
子图2：(b) 竖向分量,SPECFEM2D,-0.05,0.612416576
子图2：(b) 竖向分量,SPECFEM2D,-0.04,0.6302051445
子图2：(b) 竖向分量,SPECFEM2D,-0.03,0.646513088
子图2：(b) 竖向分量,SPECFEM2D,-0.02,0.6653086549
子图2：(b) 竖向分量,SPECFEM2D,-0.01,0.6672325389
子图2：(b) 竖向分量,SPECFEM2D,0,0.7140009322
子图2：(b) 竖向分量,SPECFEM2D,0.01,0.7656627545
子图2：(b) 竖向分量,SPECFEM2D,0.02,0.7684330497
子图2：(b) 竖向分量,SPECFEM2D,0.03,0.7380065337
子图2：(b) 竖向分量,SPECFEM2D,0.04,0.7325788415
子图2：(b) 竖向分量,SPECFEM2D,0.05,0.7534480467
子图2：(b) 竖向分量,SPECFEM2D,0.06,0.7619783774
子图2：(b) 竖向分量,SPECFEM2D,0.07,0.7681738283
子图2：(b) 竖向分量,SPECFEM2D,0.08,0.7737877719
子图2：(b) 竖向分量,SPECFEM2D,0.09,0.8017108023
子图2：(b) 竖向分量,SPECFEM2D,0.1,0.8197920533
子图2：(b) 竖向分量,SPECFEM2D,0.11,0.8182717629
子图2：(b) 竖向分量,SPECFEM2D,0.12,0.842443656
子图2：(b) 竖向分量,SPECFEM2D,0.13,0.8244639823
子图2：(b) 竖向分量,SPECFEM2D,0.14,0.8475669107
子图2：(b) 竖向分量,SPECFEM2D,0.15,0.8580428604
子图2：(b) 竖向分量,SPECFEM2D,0.16,0.8625967757
子图2：(b) 竖向分量,SPECFEM2D,0.17,0.8409798468
子图2：(b) 竖向分量,SPECFEM2D,0.18,0.8445068229
子图2：(b) 竖向分量,SPECFEM2D,0.19,0.8378582885
子图2：(b) 竖向分量,SPECFEM2D,0.2,0.8473018808
子图2：(b) 竖向分量,SPECFEM2D,0.21,0.8830005765
子图2：(b) 竖向分量,SPECFEM2D,0.22,0.907585625
子图2：(b) 竖向分量,SPECFEM2D,0.23,0.9092310118
子图2：(b) 竖向分量,SPECFEM2D,0.24,0.9353319322
子图2：(b) 竖向分量,SPECFEM2D,0.25,1.057270139
子图2：(b) 竖向分量,SPECFEM2D,0.26,0.9658310911
子图2：(b) 竖向分量,SPECFEM2D,0.27,0.9491294988
子图2：(b) 竖向分量,SPECFEM2D,0.28,0.9430126148
子图2：(b) 竖向分量,SPECFEM2D,0.29,0.937234581
子图2：(b) 竖向分量,SPECFEM2D,0.3,0.9752327182
子图2：(b) 竖向分量,SPECFEM2D,0.31,0.9856851351
子图2：(b) 竖向分量,SPECFEM2D,0.32,0.9816249277
子图2：(b) 竖向分量,SPECFEM2D,0.33,0.9850298078
子图2：(b) 竖向分量,SPECFEM2D,0.34,0.9744343161
子图2：(b) 竖向分量,SPECFEM2D,0.35,0.989706589
子图2：(b) 竖向分量,SPECFEM2D,0.36,0.9952333098
子图2：(b) 竖向分量,SPECFEM2D,0.37,1.002649101
子图2：(b) 竖向分量,SPECFEM2D,0.38,1.014568725
子图2：(b) 竖向分量,SPECFEM2D,0.39,0.9805052798
子图2：(b) 竖向分量,SPECFEM2D,0.4,0.9895463991
子图2：(b) 竖向分量,SPECFEM2D,0.41,1.005712376
子图2：(b) 竖向分量,SPECFEM2D,0.42,1.037309424
子图2：(b) 竖向分量,SPECFEM2D,0.43,1.062531291
子图2：(b) 竖向分量,SPECFEM2D,0.44,1.073754112
子图2：(b) 竖向分量,SPECFEM2D,0.45,1.067237595
子图2：(b) 竖向分量,SPECFEM2D,0.46,1.043125273
子图2：(b) 竖向分量,SPECFEM2D,0.47,1.005444488
子图2：(b) 竖向分量,SPECFEM2D,0.48,1.004519319
子图2：(b) 竖向分量,SPECFEM2D,0.49,1.080305592
子图2：(b) 竖向分量,SPECFEM2D,0.5,1.167177136
子图2：(b) 竖向分量,SPECFEM2D,0.51,1.164171771
子图2：(b) 竖向分量,SPECFEM2D,0.52,1.125059955
子图2：(b) 竖向分量,SPECFEM2D,0.53,1.06953463
子图2：(b) 竖向分量,SPECFEM2D,0.54,1.018230102
子图2：(b) 竖向分量,SPECFEM2D,0.55,1.011244611
子图2：(b) 竖向分量,SPECFEM2D,0.56,1.016591936
子图2：(b) 竖向分量,SPECFEM2D,0.57,1.036886477
子图2：(b) 竖向分量,SPECFEM2D,0.58,1.048578368
子图2：(b) 竖向分量,SPECFEM2D,0.59,1.041467358
子图2：(b) 竖向分量,SPECFEM2D,0.6,1.045602716
子图2：(b) 竖向分量,SPECFEM2D,0.61,1.083364297
子图2：(b) 竖向分量,SPECFEM2D,0.62,1.109191257
子图2：(b) 竖向分量,SPECFEM2D,0.63,1.053133808
子图2：(b) 竖向分量,SPECFEM2D,0.64,1.036528907
子图2：(b) 竖向分量,SPECFEM2D,0.65,1.061161501
子图2：(b) 竖向分量,SPECFEM2D,0.66,1.037091076
子图2：(b) 竖向分量,SPECFEM2D,0.67,0.9994081122
子图2：(b) 竖向分量,SPECFEM2D,0.68,1.038187695
子图2：(b) 竖向分量,SPECFEM2D,0.69,1.057518095
子图2：(b) 竖向分量,SPECFEM2D,0.7,1.054964741
子图2：(b) 竖向分量,SPECFEM2D,0.71,1.032479527
子图2：(b) 竖向分量,SPECFEM2D,0.72,0.9964008023
子图2：(b) 竖向分量,SPECFEM2D,0.73,0.9912178718
子图2：(b) 竖向分量,SPECFEM2D,0.74,0.966543387
子图2：(b) 竖向分量,SPECFEM2D,0.75,1.000318771
子图2：(b) 竖向分量,SPECFEM2D,0.76,0.923117832
子图2：(b) 竖向分量,SPECFEM2D,0.77,0.907246642
子图2：(b) 竖向分量,SPECFEM2D,0.78,0.8861596519
子图2：(b) 竖向分量,SPECFEM2D,0.79,0.8702949482
子图2：(b) 竖向分量,SPECFEM2D,0.8,0.8843393418
子图2：(b) 竖向分量,SPECFEM2D,0.81,0.8945352651
子图2：(b) 竖向分量,SPECFEM2D,0.82,0.8960838923
子图2：(b) 竖向分量,SPECFEM2D,0.83,0.8834502157
子图2：(b) 竖向分量,SPECFEM2D,0.84,0.8599497747
子图2：(b) 竖向分量,SPECFEM2D,0.85,0.8440629096
子图2：(b) 竖向分量,SPECFEM2D,0.86,0.8277005403
子图2：(b) 竖向分量,SPECFEM2D,0.87,0.8461969294
子图2：(b) 竖向分量,SPECFEM2D,0.88,0.8379975336
子图2：(b) 竖向分量,SPECFEM2D,0.89,0.8521970494
子图2：(b) 竖向分量,SPECFEM2D,0.9,0.8349766378
子图2：(b) 竖向分量,SPECFEM2D,0.91,0.8354443587
子图2：(b) 竖向分量,SPECFEM2D,0.92,0.825426408
子图2：(b) 竖向分量,SPECFEM2D,0.93,0.8009472932
子图2：(b) 竖向分量,SPECFEM2D,0.94,0.7651028055
子图2：(b) 竖向分量,SPECFEM2D,0.95,0.7287503487
子图2：(b) 竖向分量,SPECFEM2D,0.96,0.7223646194
子图2：(b) 竖向分量,SPECFEM2D,0.97,0.7491261024
子图2：(b) 竖向分量,SPECFEM2D,0.98,0.7509049494
子图2：(b) 竖向分量,SPECFEM2D,0.99,0.7228863224
子图2：(b) 竖向分量,SPECFEM2D,1,0.6732901402
子图2：(b) 竖向分量,SPECFEM2D,1.01,0.5905528349
子图2：(b) 竖向分量,SPECFEM2D,1.02,0.547230593
子图2：(b) 竖向分量,SPECFEM2D,1.03,0.5378394249
子图2：(b) 竖向分量,SPECFEM2D,1.04,0.5180010601
子图2：(b) 竖向分量,SPECFEM2D,1.05,0.4968277328
子图2：(b) 竖向分量,SPECFEM2D,1.06,0.4840241907
子图2：(b) 竖向分量,SPECFEM2D,1.07,0.4739793207
子图2：(b) 竖向分量,SPECFEM2D,1.08,0.4691259869
子图2：(b) 竖向分量,SPECFEM2D,1.09,0.4617552796
子图2：(b) 竖向分量,SPECFEM2D,1.1,0.4546743736
子图2：(b) 竖向分量,SPECFEM2D,1.11,0.4477211656
子图2：(b) 竖向分量,SPECFEM2D,1.12,0.4416564804
子图2：(b) 竖向分量,SPECFEM2D,1.13,0.432240135
子图2：(b) 竖向分量,SPECFEM2D,1.14,0.4363771071
子图2：(b) 竖向分量,SPECFEM2D,1.15,0.4469938423
子图2：(b) 竖向分量,SPECFEM2D,1.16,0.4214055467
子图2：(b) 竖向分量,SPECFEM2D,1.17,0.4231466576
子图2：(b) 竖向分量,SPECFEM2D,1.18,0.4197223227
子图2：(b) 竖向分量,SPECFEM2D,1.19,0.4187578792
子图2：(b) 竖向分量,SPECFEM2D,1.2,0.4168275981
子图2：(b) 竖向分量,SPECFEM2D,1.21,0.4148723522
子图2：(b) 竖向分量,SPECFEM2D,1.22,0.419640446
子图2：(b) 竖向分量,SPECFEM2D,1.23,0.4228333092
子图2：(b) 竖向分量,SPECFEM2D,1.24,0.4239883762
子图2：(b) 竖向分量,SPECFEM2D,1.25,0.4280128184
子图2：(b) 竖向分量,SPECFEM2D,1.26,0.4326976534
子图2：(b) 竖向分量,SPECFEM2D,1.27,0.4347969556
子图2：(b) 竖向分量,SPECFEM2D,1.28,0.4323881941
子图2：(b) 竖向分量,SPECFEM2D,1.29,0.4231356813
子图2：(b) 竖向分量,SPECFEM2D,1.3,0.4250608271
子图2：(b) 竖向分量,SPECFEM2D,1.31,0.4335896449
子图2：(b) 竖向分量,SPECFEM2D,1.32,0.4358360651
子图2：(b) 竖向分量,SPECFEM2D,1.33,0.4323932468
子图2：(b) 竖向分量,SPECFEM2D,1.34,0.425967232
子图2：(b) 竖向分量,SPECFEM2D,1.35,0.4292980905
子图2：(b) 竖向分量,SPECFEM2D,1.36,0.4344433822
子图2：(b) 竖向分量,SPECFEM2D,1.37,0.4365966728
子图2：(b) 竖向分量,SPECFEM2D,1.38,0.4435834687
子图2：(b) 竖向分量,SPECFEM2D,1.39,0.4509491086
子图2：(b) 竖向分量,SPECFEM2D,1.4,0.4563254054
子图2：(b) 竖向分量,SPECFEM2D,1.41,0.4637262865
子图2：(b) 竖向分量,SPECFEM2D,1.42,0.4738255908
子图2：(b) 竖向分量,SPECFEM2D,1.43,0.4859288477
子图2：(b) 竖向分量,SPECFEM2D,1.44,0.5022252886
子图2：(b) 竖向分量,SPECFEM2D,1.45,0.5054512948
子图2：(b) 竖向分量,SPECFEM2D,1.46,0.5123740509
子图2：(b) 竖向分量,SPECFEM2D,1.47,0.5245504243
子图2：(b) 竖向分量,SPECFEM2D,1.48,0.5306584431
子图2：(b) 竖向分量,SPECFEM2D,1.49,0.533383157
子图2：(b) 竖向分量,SPECFEM2D,1.5,0.5348409565
子图2：(b) 竖向分量,SPECFEM2D,1.51,0.5415875685
子图2：(b) 竖向分量,SPECFEM2D,1.52,0.548585804
子图2：(b) 竖向分量,SPECFEM2D,1.53,0.5553407577
子图2：(b) 竖向分量,SPECFEM2D,1.54,0.5617245124
子图2：(b) 竖向分量,SPECFEM2D,1.55,0.5699048712
子图2：(b) 竖向分量,SPECFEM2D,1.56,0.5814699099
子图2：(b) 竖向分量,SPECFEM2D,1.57,0.5907369142
子图2：(b) 竖向分量,SPECFEM2D,1.58,0.5954162701
子图2：(b) 竖向分量,SPECFEM2D,1.59,0.5982692821
子图2：(b) 竖向分量,SPECFEM2D,1.6,0.6103734177
子图2：(b) 竖向分量,SPECFEM2D,1.61,0.6122487427
子图2：(b) 竖向分量,SPECFEM2D,1.62,0.618745452
子图2：(b) 竖向分量,SPECFEM2D,1.63,0.6254063177
子图2：(b) 竖向分量,SPECFEM2D,1.64,0.6303454768
子图2：(b) 竖向分量,SPECFEM2D,1.65,0.6356080486
子图2：(b) 竖向分量,SPECFEM2D,1.66,0.6431620158
子图2：(b) 竖向分量,SPECFEM2D,1.67,0.6485063219
子图2：(b) 竖向分量,SPECFEM2D,1.68,0.6520366746
子图2：(b) 竖向分量,SPECFEM2D,1.69,0.6556042604
子图2：(b) 竖向分量,SPECFEM2D,1.7,0.6637045229
子图2：(b) 竖向分量,SPECFEM2D,1.71,0.6730795493
子图2：(b) 竖向分量,SPECFEM2D,1.72,0.6796337014
子图2：(b) 竖向分量,SPECFEM2D,1.73,0.6843720706
子图2：(b) 竖向分量,SPECFEM2D,1.74,0.6964907491
子图2：(b) 竖向分量,SPECFEM2D,1.75,0.6991597262
子图2：(b) 竖向分量,SPECFEM2D,1.76,0.6983046705
子图2：(b) 竖向分量,SPECFEM2D,1.77,0.7074445488
子图2：(b) 竖向分量,SPECFEM2D,1.78,0.714050323
子图2：(b) 竖向分量,SPECFEM2D,1.79,0.7184546112
子图2：(b) 竖向分量,SPECFEM2D,1.8,0.7238089878
子图2：(b) 竖向分量,SPECFEM2D,1.81,0.728747681
子图2：(b) 竖向分量,SPECFEM2D,1.82,0.7312987946
子图2：(b) 竖向分量,SPECFEM2D,1.83,0.733390089
子图2：(b) 竖向分量,SPECFEM2D,1.84,0.7376156527
子图2：(b) 竖向分量,SPECFEM2D,1.85,0.7501636314
子图2：(b) 竖向分量,SPECFEM2D,1.86,0.7591698081
子图2：(b) 竖向分量,SPECFEM2D,1.87,0.7623321635
子图2：(b) 竖向分量,SPECFEM2D,1.88,0.7621217119
子图2：(b) 竖向分量,SPECFEM2D,1.89,0.7775705199
子图2：(b) 竖向分量,SPECFEM2D,1.9,0.7758543057
子图2：(b) 竖向分量,SPECFEM2D,1.91,0.7783192449
子图2：(b) 竖向分量,SPECFEM2D,1.92,0.7759015735
子图2：(b) 竖向分量,SPECFEM2D,1.93,0.7816895959
子图2：(b) 竖向分量,SPECFEM2D,1.94,0.7880004147
子图2：(b) 竖向分量,SPECFEM2D,1.95,0.7934620939
子图2：(b) 竖向分量,SPECFEM2D,1.96,0.7948953085
子图2：(b) 竖向分量,SPECFEM2D,1.97,0.792673616
子图2：(b) 竖向分量,SPECFEM2D,1.98,0.7973148215
子图2：(b) 竖向分量,SPECFEM2D,1.99,0.800519485
子图2：(b) 竖向分量,SPECFEM2D,2,0.8068224477
子图2：(b) 竖向分量,SPECFEM2D,2.01,0.8148752939
子图2：(b) 竖向分量,SPECFEM2D,2.02,0.8179511849
子图2：(b) 竖向分量,SPECFEM2D,2.03,0.823063036
子图2：(b) 竖向分量,SPECFEM2D,2.04,0.8384315758
子图2：(b) 竖向分量,SPECFEM2D,2.05,0.8216457673
子图2：(b) 竖向分量,SPECFEM2D,2.06,0.8319055411
子图2：(b) 竖向分量,SPECFEM2D,2.07,0.8385994941
子图2：(b) 竖向分量,SPECFEM2D,2.08,0.8388789829
子图2：(b) 竖向分量,SPECFEM2D,2.09,0.8360565021
子图2：(b) 竖向分量,SPECFEM2D,2.1,0.8331148337
子图2：(b) 竖向分量,SPECFEM2D,2.11,0.8381925092
子图2：(b) 竖向分量,SPECFEM2D,2.12,0.8411087902
子图2：(b) 竖向分量,SPECFEM2D,2.13,0.8431766807
子图2：(b) 竖向分量,SPECFEM2D,2.14,0.8458963256
子图2：(b) 竖向分量,SPECFEM2D,2.15,0.8513093741
子图2：(b) 竖向分量,SPECFEM2D,2.16,0.8538140007
子图2：(b) 竖向分量,SPECFEM2D,2.17,0.853934002
子图2：(b) 竖向分量,SPECFEM2D,2.18,0.8537632067
子图2：(b) 竖向分量,SPECFEM2D,2.19,0.8702958907
子图2：(b) 竖向分量,SPECFEM2D,2.2,0.874213101
子图2：(b) 竖向分量,SPECFEM2D,2.21,0.8775933713
子图2：(b) 竖向分量,SPECFEM2D,2.22,0.8763385125
子图2：(b) 竖向分量,SPECFEM2D,2.23,0.8723627205
子图2：(b) 竖向分量,SPECFEM2D,2.24,0.8678497561
子图2：(b) 竖向分量,SPECFEM2D,2.25,0.8659784936
子图2：(b) 竖向分量,SPECFEM2D,2.26,0.8661321511
子图2：(b) 竖向分量,SPECFEM2D,2.27,0.8718066586
子图2：(b) 竖向分量,SPECFEM2D,2.28,0.8781195652
子图2：(b) 竖向分量,SPECFEM2D,2.29,0.8846420699
子图2：(b) 竖向分量,SPECFEM2D,2.3,0.890719493
子图2：(b) 竖向分量,SPECFEM2D,2.31,0.8954707269
子图2：(b) 竖向分量,SPECFEM2D,2.32,0.8977884154
子图2：(b) 竖向分量,SPECFEM2D,2.33,0.8963391214
子图2：(b) 竖向分量,SPECFEM2D,2.34,0.8927852676
子图2：(b) 竖向分量,SPECFEM2D,2.35,0.8938325846
子图2：(b) 竖向分量,SPECFEM2D,2.36,0.8895327096
子图2：(b) 竖向分量,SPECFEM2D,2.37,0.8810476767
子图2：(b) 竖向分量,SPECFEM2D,2.38,0.8844645933
子图2：(b) 竖向分量,SPECFEM2D,2.39,0.8894301249
子图2：(b) 竖向分量,SPECFEM2D,2.4,0.8916356055
子图2：(b) 竖向分量,SPECFEM2D,2.41,0.8910397302
子图2：(b) 竖向分量,SPECFEM2D,2.42,0.8879162935
子图2：(b) 竖向分量,SPECFEM2D,2.43,0.8828541222
子图2：(b) 竖向分量,SPECFEM2D,2.44,0.8900265853
子图2：(b) 竖向分量,SPECFEM2D,2.45,0.8961955121
子图2：(b) 竖向分量,SPECFEM2D,2.46,0.8983197361
子图2：(b) 竖向分量,SPECFEM2D,2.47,0.8937615207
子图2：(b) 竖向分量,SPECFEM2D,2.48,0.9022911163
子图2：(b) 竖向分量,SPECFEM2D,2.49,0.9161906357
子图2：(b) 竖向分量,SPECFEM2D,2.5,0.8840447969
子图2：(b) 竖向分量,SPECFEM2D,2.51,0.8856112329
子图2：(b) 竖向分量,SPECFEM2D,2.52,0.8921246002
子图2：(b) 竖向分量,SPECFEM2D,2.53,0.8958459761
子图2：(b) 竖向分量,SPECFEM2D,2.54,0.8975403532
子图2：(b) 竖向分量,SPECFEM2D,2.55,0.8991168588
子图2：(b) 竖向分量,SPECFEM2D,2.56,0.9003436693
子图2：(b) 竖向分量,SPECFEM2D,2.57,0.9029924433
子图2：(b) 竖向分量,SPECFEM2D,2.58,0.9048349555
子图2：(b) 竖向分量,SPECFEM2D,2.59,0.9054513436
子图2：(b) 竖向分量,SPECFEM2D,2.6,0.904287026
子图2：(b) 竖向分量,SPECFEM2D,2.61,0.9006522167
子图2：(b) 竖向分量,SPECFEM2D,2.62,0.8937224588
子图2：(b) 竖向分量,SPECFEM2D,2.63,0.8848283167
子图2：(b) 竖向分量,SPECFEM2D,2.64,0.8979651509
子图2：(b) 竖向分量,SPECFEM2D,2.65,0.8908074769
子图2：(b) 竖向分量,SPECFEM2D,2.66,0.8902618515
子图2：(b) 竖向分量,SPECFEM2D,2.67,0.8900047708
子图2：(b) 竖向分量,SPECFEM2D,2.68,0.8878772848
子图2：(b) 竖向分量,SPECFEM2D,2.69,0.8842878168
子图2：(b) 竖向分量,SPECFEM2D,2.7,0.8796544868
子图2：(b) 竖向分量,SPECFEM2D,2.71,0.8812745971
子图2：(b) 竖向分量,SPECFEM2D,2.72,0.8817275789
子图2：(b) 竖向分量,SPECFEM2D,2.73,0.8817939453
子图2：(b) 竖向分量,SPECFEM2D,2.74,0.8803301758
子图2：(b) 竖向分量,SPECFEM2D,2.75,0.8768548824
子图2：(b) 竖向分量,SPECFEM2D,2.76,0.8729304943
子图2：(b) 竖向分量,SPECFEM2D,2.77,0.8707257909
子图2：(b) 竖向分量,SPECFEM2D,2.78,0.8763724845
子图2：(b) 竖向分量,SPECFEM2D,2.79,0.8757737652
子图2：(b) 竖向分量,SPECFEM2D,2.8,0.8647111051
子图2：(b) 竖向分量,SPECFEM2D,2.81,0.8685417983
子图2：(b) 竖向分量,SPECFEM2D,2.82,0.8669684277
子图2：(b) 竖向分量,SPECFEM2D,2.83,0.8617829668
子图2：(b) 竖向分量,SPECFEM2D,2.84,0.8572576434
子图2：(b) 竖向分量,SPECFEM2D,2.85,0.8557073465
子图2：(b) 竖向分量,SPECFEM2D,2.86,0.8590079517
子图2：(b) 竖向分量,SPECFEM2D,2.87,0.8605892198
子图2：(b) 竖向分量,SPECFEM2D,2.88,0.8600185233
子图2：(b) 竖向分量,SPECFEM2D,2.89,0.8572741518
子图2：(b) 竖向分量,SPECFEM2D,2.9,0.8540471964
子图2：(b) 竖向分量,SPECFEM2D,2.91,0.8556171613
子图2：(b) 竖向分量,SPECFEM2D,2.92,0.8544423238
子图2：(b) 竖向分量,SPECFEM2D,2.93,0.8486122306
子图2：(b) 竖向分量,SPECFEM2D,2.94,0.8497677594
子图2：(b) 竖向分量,SPECFEM2D,2.95,0.8498192772
子图2：(b) 竖向分量,SPECFEM2D,2.96,0.8481979616
子图2：(b) 竖向分量,SPECFEM2D,2.97,0.8425485386
子图2：(b) 竖向分量,SPECFEM2D,2.98,0.8414515591
子图2：(b) 竖向分量,SPECFEM2D,2.99,0.8392078608
子图2：(b) 竖向分量,SPECFEM2D,3,0.8325061938
子图2：(b) 竖向分量,SPECFEM2D,3.01,0.8339864194
子图2：(b) 竖向分量,SPECFEM2D,3.02,0.8369400784
子图2：(b) 竖向分量,SPECFEM2D,3.03,0.8371319704
子图2：(b) 竖向分量,SPECFEM2D,3.04,0.8337529034
子图2：(b) 竖向分量,SPECFEM2D,3.05,0.8262121968
子图2：(b) 竖向分量,SPECFEM2D,3.06,0.8228193387
子图2：(b) 竖向分量,SPECFEM2D,3.07,0.8222208161
子图2：(b) 竖向分量,SPECFEM2D,3.08,0.8160683031
子图2：(b) 竖向分量,SPECFEM2D,3.09,0.8228631831
子图2：(b) 竖向分量,SPECFEM2D,3.1,0.8221200314
子图2：(b) 竖向分量,SPECFEM2D,3.11,0.8147814665
子图2：(b) 竖向分量,SPECFEM2D,3.12,0.8038974602
子图2：(b) 竖向分量,SPECFEM2D,3.13,0.7946842335
子图2：(b) 竖向分量,SPECFEM2D,3.14,0.7940276505
子图2：(b) 竖向分量,SPECFEM2D,3.15,0.7930726705
子图2：(b) 竖向分量,SPECFEM2D,3.16,0.7893015438
子图2：(b) 竖向分量,SPECFEM2D,3.17,0.789117084
子图2：(b) 竖向分量,SPECFEM2D,3.18,0.787142009
子图2：(b) 竖向分量,SPECFEM2D,3.19,0.7828448876
子图2：(b) 竖向分量,SPECFEM2D,3.2,0.7763273886
子图2：(b) 竖向分量,SPECFEM2D,3.21,0.773728585
子图2：(b) 竖向分量,SPECFEM2D,3.22,0.7714313945
子图2：(b) 竖向分量,SPECFEM2D,3.23,0.77380136
子图2：(b) 竖向分量,SPECFEM2D,3.24,0.7706740569
子图2：(b) 竖向分量,SPECFEM2D,3.25,0.7651557306
子图2：(b) 竖向分量,SPECFEM2D,3.26,0.7666905344
子图2：(b) 竖向分量,SPECFEM2D,3.27,0.7666967498
子图2：(b) 竖向分量,SPECFEM2D,3.28,0.7632843371
子图2：(b) 竖向分量,SPECFEM2D,3.29,0.7593273847
子图2：(b) 竖向分量,SPECFEM2D,3.3,0.7559296148
子图2：(b) 竖向分量,SPECFEM2D,3.31,0.7519208658
子图2：(b) 竖向分量,SPECFEM2D,3.32,0.7490672934
子图2：(b) 竖向分量,SPECFEM2D,3.33,0.7472785648
子图2：(b) 竖向分量,SPECFEM2D,3.34,0.7447548309
子图2：(b) 竖向分量,SPECFEM2D,3.35,0.7411119647
子图2：(b) 竖向分量,SPECFEM2D,3.36,0.7358600735
子图2：(b) 竖向分量,SPECFEM2D,3.37,0.736859414
子图2：(b) 竖向分量,SPECFEM2D,3.38,0.7417428899
子图2：(b) 竖向分量,SPECFEM2D,3.39,0.7389741718
子图2：(b) 竖向分量,SPECFEM2D,3.4,0.7290594376
子图2：(b) 竖向分量,SPECFEM2D,3.41,0.7258672545
子图2：(b) 竖向分量,SPECFEM2D,3.42,0.7220188145
子图2：(b) 竖向分量,SPECFEM2D,3.43,0.715503331
子图2：(b) 竖向分量,SPECFEM2D,3.44,0.7086350669
子图2：(b) 竖向分量,SPECFEM2D,3.45,0.7102317674
子图2：(b) 竖向分量,SPECFEM2D,3.46,0.7085227005
子图2：(b) 竖向分量,SPECFEM2D,3.47,0.7070998203
子图2：(b) 竖向分量,SPECFEM2D,3.48,0.7000497396
子图2：(b) 竖向分量,SPECFEM2D,3.49,0.7024996307
子图2：(b) 竖向分量,SPECFEM2D,3.5,0.7071178513
子图2：(b) 竖向分量,SPECFEM2D,3.51,0.7032208469
子图2：(b) 竖向分量,SPECFEM2D,3.52,0.6936547216
子图2：(b) 竖向分量,SPECFEM2D,3.53,0.7288150584
子图2：(b) 竖向分量,SPECFEM2D,3.54,0.7101382637
子图2：(b) 竖向分量,SPECFEM2D,3.55,0.7036328763
子图2：(b) 竖向分量,SPECFEM2D,3.56,0.7108503539
子图2：(b) 竖向分量,SPECFEM2D,3.57,0.704645887
子图2：(b) 竖向分量,SPECFEM2D,3.58,0.690173975
子图2：(b) 竖向分量,SPECFEM2D,3.59,0.6746222959
子图2：(b) 竖向分量,SPECFEM2D,3.6,0.6699363554
子图2：(b) 竖向分量,SPECFEM2D,3.61,0.6706228847
子图2：(b) 竖向分量,SPECFEM2D,3.62,0.6697295991
子图2：(b) 竖向分量,SPECFEM2D,3.63,0.6666662675
子图2：(b) 竖向分量,SPECFEM2D,3.64,0.6611952435
子图2：(b) 竖向分量,SPECFEM2D,3.65,0.6534316582
子图2：(b) 竖向分量,SPECFEM2D,3.66,0.6514202667
子图2：(b) 竖向分量,SPECFEM2D,3.67,0.6585006387
子图2：(b) 竖向分量,SPECFEM2D,3.68,0.6828399943
子图2：(b) 竖向分量,SPECFEM2D,3.69,0.6487403558
子图2：(b) 竖向分量,SPECFEM2D,3.7,0.6408813308
子图2：(b) 竖向分量,SPECFEM2D,3.71,0.6443402388
子图2：(b) 竖向分量,SPECFEM2D,3.72,0.6395158587
子图2：(b) 竖向分量,SPECFEM2D,3.73,0.6325156702
子图2：(b) 竖向分量,SPECFEM2D,3.74,0.6337051049
子图2：(b) 竖向分量,SPECFEM2D,3.75,0.633507089
子图2：(b) 竖向分量,SPECFEM2D,3.76,0.6308824701
子图2：(b) 竖向分量,SPECFEM2D,3.77,0.6251942561
子图2：(b) 竖向分量,SPECFEM2D,3.78,0.6203600615
子图2：(b) 竖向分量,SPECFEM2D,3.79,0.6163807103
子图2：(b) 竖向分量,SPECFEM2D,3.8,0.6213594983
子图2：(b) 竖向分量,SPECFEM2D,3.81,0.6242086293
子图2：(b) 竖向分量,SPECFEM2D,3.82,0.6210104647
子图2：(b) 竖向分量,SPECFEM2D,3.83,0.6331873076
子图2：(b) 竖向分量,SPECFEM2D,3.84,0.6359836425
子图2：(b) 竖向分量,SPECFEM2D,3.85,0.6316711985
子图2：(b) 竖向分量,SPECFEM2D,3.86,0.6223852659
子图2：(b) 竖向分量,SPECFEM2D,3.87,0.6199208577
子图2：(b) 竖向分量,SPECFEM2D,3.88,0.6185218008
子图2：(b) 竖向分量,SPECFEM2D,3.89,0.6202699907
子图2：(b) 竖向分量,SPECFEM2D,3.9,0.6207927851
子图2：(b) 竖向分量,SPECFEM2D,3.91,0.6242219796
子图2：(b) 竖向分量,SPECFEM2D,3.92,0.6290523819
子图2：(b) 竖向分量,SPECFEM2D,3.93,0.633198449
子图2：(b) 竖向分量,SPECFEM2D,3.94,0.6341915143
子图2：(b) 竖向分量,SPECFEM2D,3.95,0.628776856
子图2：(b) 竖向分量,SPECFEM2D,3.96,0.6177214725
子图2：(b) 竖向分量,SPECFEM2D,3.97,0.6372005949
子图2：(b) 竖向分量,SPECFEM2D,3.98,0.6579934328
子图2：(b) 竖向分量,SPECFEM2D,3.99,0.6176319342
子图2：(b) 竖向分量,SPECFEM2D,4,0.6292362166
子图3：(c) 水平分量,系列9（竖直参考线）,0,0
子图3：(c) 水平分量,系列9（竖直参考线）,0,3.350711363
子图3：(c) 水平分量,系列10（竖直参考线）,1,0
子图3：(c) 水平分量,系列10（竖直参考线）,1,3.350711363
子图3：(c) 水平分量,Abaqus,-4,2.486559986
子图3：(c) 水平分量,Abaqus,-3.99,2.486292093
子图3：(c) 水平分量,Abaqus,-3.98,2.486024199
子图3：(c) 水平分量,Abaqus,-3.97,2.485756305
子图3：(c) 水平分量,Abaqus,-3.96,2.485488412
子图3：(c) 水平分量,Abaqus,-3.95,2.485892219
子图3：(c) 水平分量,Abaqus,-3.94,2.486643577
子图3：(c) 水平分量,Abaqus,-3.93,2.487394934
子图3：(c) 水平分量,Abaqus,-3.92,2.488146292
子图3：(c) 水平分量,Abaqus,-3.91,2.487806492
子图3：(c) 水平分量,Abaqus,-3.9,2.487466693
子图3：(c) 水平分量,Abaqus,-3.89,2.487126893
子图3：(c) 水平分量,Abaqus,-3.88,2.486787093
子图3：(c) 水平分量,Abaqus,-3.87,2.487332554
子图3：(c) 水平分量,Abaqus,-3.86,2.48804184
子图3：(c) 水平分量,Abaqus,-3.85,2.488751126
子图3：(c) 水平分量,Abaqus,-3.84,2.489460411
子图3：(c) 水平分量,Abaqus,-3.83,2.489064113
子图3：(c) 水平分量,Abaqus,-3.82,2.488667815
子图3：(c) 水平分量,Abaqus,-3.81,2.488271517
子图3：(c) 水平分量,Abaqus,-3.8,2.487902794
子图3：(c) 水平分量,Abaqus,-3.79,2.488546939
子图3：(c) 水平分量,Abaqus,-3.78,2.489191084
子图3：(c) 水平分量,Abaqus,-3.77,2.48983523
子图3：(c) 水平分量,Abaqus,-3.76,2.490479375
子图3：(c) 水平分量,Abaqus,-3.75,2.490040348
子图3：(c) 水平分量,Abaqus,-3.74,2.489601322
子图3：(c) 水平分量,Abaqus,-3.73,2.489162295
子图3：(c) 水平分量,Abaqus,-3.72,2.488948445
子图3：(c) 水平分量,Abaqus,-3.71,2.489511538
子图3：(c) 水平分量,Abaqus,-3.7,2.490074631
子图3：(c) 水平分量,Abaqus,-3.69,2.490637723
子图3：(c) 水平分量,Abaqus,-3.68,2.491200816
子图3：(c) 水平分量,Abaqus,-3.67,2.490731873
子图3：(c) 水平分量,Abaqus,-3.66,2.49026293
子图3：(c) 水平分量,Abaqus,-3.65,2.489793987
子图3：(c) 水平分量,Abaqus,-3.64,2.489753038
子图3：(c) 水平分量,Abaqus,-3.63,2.490227063
子图3：(c) 水平分量,Abaqus,-3.62,2.490701087
子图3：(c) 水平分量,Abaqus,-3.61,2.491175111
子图3：(c) 水平分量,Abaqus,-3.6,2.491649135
子图3：(c) 水平分量,Abaqus,-3.59,2.491162528
子图3：(c) 水平分量,Abaqus,-3.58,2.490675921
子图3：(c) 水平分量,Abaqus,-3.57,2.490348094
子图3：(c) 水平分量,Abaqus,-3.56,2.490338319
子图3：(c) 水平分量,Abaqus,-3.55,2.490723005
子图3：(c) 水平分量,Abaqus,-3.54,2.49110769
子图3：(c) 水平分量,Abaqus,-3.53,2.491492376
子图3：(c) 水平分量,Abaqus,-3.52,2.491877061
子图3：(c) 水平分量,Abaqus,-3.51,2.491385871
子图3：(c) 水平分量,Abaqus,-3.5,2.49089468
子图3：(c) 水平分量,Abaqus,-3.49,2.490775964
子图3：(c) 水平分量,Abaqus,-3.48,2.490760771
子图3：(c) 水平分量,Abaqus,-3.47,2.491063152
子图3：(c) 水平分量,Abaqus,-3.46,2.491365532
子图3：(c) 水平分量,Abaqus,-3.45,2.491667912
子图3：(c) 水平分量,Abaqus,-3.44,2.491970293
子图3：(c) 水平分量,Abaqus,-3.43,2.491488944
子图3：(c) 水平分量,Abaqus,-3.42,2.491123011
子图3：(c) 水平分量,Abaqus,-3.41,2.491117719
子图3：(c) 水平分量,Abaqus,-3.4,2.491112426
子图3：(c) 水平分量,Abaqus,-3.39,2.491346211
子图3：(c) 水平分量,Abaqus,-3.38,2.491579995
子图3：(c) 水平分量,Abaqus,-3.37,2.491813779
子图3：(c) 水平分量,Abaqus,-3.36,2.492047564
子图3：(c) 水平分量,Abaqus,-3.35,2.491592626
子图3：(c) 水平分量,Abaqus,-3.34,2.491477649
子图3：(c) 水平分量,Abaqus,-3.33,2.491499602
子图3：(c) 水平分量,Abaqus,-3.32,2.491521555
子图3：(c) 水平分量,Abaqus,-3.31,2.491705936
子图3：(c) 水平分量,Abaqus,-3.3,2.491890317
子图3：(c) 水平分量,Abaqus,-3.29,2.492074697
子图3：(c) 水平分量,Abaqus,-3.28,2.492259078
子图3：(c) 水平分量,Abaqus,-3.27,2.491941994
子图3：(c) 水平分量,Abaqus,-3.26,2.49201012
子图3：(c) 水平分量,Abaqus,-3.25,2.492078245
子图3：(c) 水平分量,Abaqus,-3.24,2.492146371
子图3：(c) 水平分量,Abaqus,-3.23,2.492304147
子图3：(c) 水平分量,Abaqus,-3.22,2.492461923
子图3：(c) 水平分量,Abaqus,-3.21,2.492619698
子图3：(c) 水平分量,Abaqus,-3.2,2.492777474
子图3：(c) 水平分量,Abaqus,-3.19,2.492760771
子图3：(c) 水平分量,Abaqus,-3.18,2.492894765
子图3：(c) 水平分量,Abaqus,-3.17,2.493028759
子图3：(c) 水平分量,Abaqus,-3.16,2.493162753
子图3：(c) 水平分量,Abaqus,-3.15,2.493317673
子图3：(c) 水平分量,Abaqus,-3.14,2.493472593
子图3：(c) 水平分量,Abaqus,-3.13,2.493627513
子图3：(c) 水平分量,Abaqus,-3.12,2.493870349
子图3：(c) 水平分量,Abaqus,-3.11,2.494088033
子图3：(c) 水平分量,Abaqus,-3.1,2.494305717
子图3：(c) 水平分量,Abaqus,-3.09,2.494523401
子图3：(c) 水平分量,Abaqus,-3.08,2.494741084
子图3：(c) 水平分量,Abaqus,-3.07,2.494914309
子图3：(c) 水平分量,Abaqus,-3.06,2.495087533
子图3：(c) 水平分量,Abaqus,-3.05,2.495260758
子图3：(c) 水平分量,Abaqus,-3.04,2.495759552
子图3：(c) 水平分量,Abaqus,-3.03,2.496073204
子图3：(c) 水平分量,Abaqus,-3.02,2.496386857
子图3：(c) 水平分量,Abaqus,-3.01,2.496700509
子图3：(c) 水平分量,Abaqus,-3,2.497014162
子图3：(c) 水平分量,Abaqus,-2.99,2.497219577
子图3：(c) 水平分量,Abaqus,-2.98,2.497424992
子图3：(c) 水平分量,Abaqus,-2.97,2.49769462
子图3：(c) 水平分量,Abaqus,-2.96,2.49838757
子图3：(c) 水平分量,Abaqus,-2.95,2.498799306
子图3：(c) 水平分量,Abaqus,-2.94,2.499211042
子图3：(c) 水平分量,Abaqus,-2.93,2.499622778
子图3：(c) 水平分量,Abaqus,-2.92,2.500034514
子图3：(c) 水平分量,Abaqus,-2.91,2.500273582
子图3：(c) 水平分量,Abaqus,-2.9,2.500512649
子图3：(c) 水平分量,Abaqus,-2.89,2.50102078
子图3：(c) 水平分量,Abaqus,-2.88,2.501742045
子图3：(c) 水平分量,Abaqus,-2.87,2.502237886
子图3：(c) 水平分量,Abaqus,-2.86,2.502733726
子图3：(c) 水平分量,Abaqus,-2.85,2.503229566
子图3：(c) 水平分量,Abaqus,-2.84,2.503725406
子图3：(c) 水平分量,Abaqus,-2.83,2.503981762
子图3：(c) 水平分量,Abaqus,-2.82,2.504238117
子图3：(c) 水平分量,Abaqus,-2.81,2.5049218
子图3：(c) 水平分量,Abaqus,-2.8,2.505652724
子图3：(c) 水平分量,Abaqus,-2.79,2.506197204
子图3：(c) 水平分量,Abaqus,-2.78,2.506741684
子图3：(c) 水平分量,Abaqus,-2.77,2.507286164
子图3：(c) 水平分量,Abaqus,-2.76,2.507830644
子图3：(c) 水平分量,Abaqus,-2.75,2.508065067
子图3：(c) 水平分量,Abaqus,-2.74,2.508348987
子图3：(c) 水平分量,Abaqus,-2.73,2.509047846
子图3：(c) 水平分量,Abaqus,-2.72,2.509746705
子图3：(c) 水平分量,Abaqus,-2.71,2.510278133
子图3：(c) 水平分量,Abaqus,-2.7,2.510809561
子图3：(c) 水平分量,Abaqus,-2.69,2.511340989
子图3：(c) 水平分量,Abaqus,-2.68,2.511872417
子图3：(c) 水平分量,Abaqus,-2.67,2.51202006
子图3：(c) 水平分量,Abaqus,-2.66,2.51221632
子图3：(c) 水平分量,Abaqus,-2.65,2.5128157
子图3：(c) 水平分量,Abaqus,-2.64,2.513415079
子图3：(c) 水平分量,Abaqus,-2.63,2.513843454
子图3：(c) 水平分量,Abaqus,-2.62,2.514271828
子图3：(c) 水平分量,Abaqus,-2.61,2.514700203
子图3：(c) 水平分量,Abaqus,-2.6,2.515128577
子图3：(c) 水平分量,Abaqus,-2.59,2.515098839
子图3：(c) 水平分量,Abaqus,-2.58,2.515069101
子图3：(c) 水平分量,Abaqus,-2.57,2.515400344
子图3：(c) 水平分量,Abaqus,-2.56,2.515807358
子图3：(c) 水平分量,Abaqus,-2.55,2.51601583
子图3：(c) 水平分量,Abaqus,-2.54,2.516224303
子图3：(c) 水平分量,Abaqus,-2.53,2.516432775
子图3：(c) 水平分量,Abaqus,-2.52,2.516641247
子图3：(c) 水平分量,Abaqus,-2.51,2.516321928
子图3：(c) 水平分量,Abaqus,-2.5,2.516002609
子图3：(c) 水平分量,Abaqus,-2.49,2.515760504
子图3：(c) 水平分量,Abaqus,-2.48,2.515861754
子图3：(c) 水平分量,Abaqus,-2.47,2.515713915
子图3：(c) 水平分量,Abaqus,-2.46,2.515566076
子图3：(c) 水平分量,Abaqus,-2.45,2.515418237
子图3：(c) 水平分量,Abaqus,-2.44,2.515270398
子图3：(c) 水平分量,Abaqus,-2.43,2.514537611
子图3：(c) 水平分量,Abaqus,-2.42,2.513804824
子图3：(c) 水平分量,Abaqus,-2.41,2.513072037
子图3：(c) 水平分量,Abaqus,-2.4,2.512388993
子图3：(c) 水平分量,Abaqus,-2.39,2.511742335
子图3：(c) 水平分量,Abaqus,-2.38,2.511095676
子图3：(c) 水平分量,Abaqus,-2.37,2.510449018
子图3：(c) 水平分量,Abaqus,-2.36,2.509802359
子图3：(c) 水平分量,Abaqus,-2.35,2.508536718
子图3：(c) 水平分量,Abaqus,-2.34,2.507271077
子图3：(c) 水平分量,Abaqus,-2.33,2.506005436
子图3：(c) 水平分量,Abaqus,-2.32,2.504739795
子图3：(c) 水平分量,Abaqus,-2.31,2.503082261
子图3：(c) 水平分量,Abaqus,-2.3,2.501666224
子图3：(c) 水平分量,Abaqus,-2.29,2.500392837
子图3：(c) 水平分量,Abaqus,-2.28,2.49911945
子图3：(c) 水平分量,Abaqus,-2.27,2.49722762
子图3：(c) 水平分量,Abaqus,-2.26,2.49533579
子图3：(c) 水平分量,Abaqus,-2.25,2.49344396
子图3：(c) 水平分量,Abaqus,-2.24,2.49155213
子图3：(c) 水平分量,Abaqus,-2.23,2.4891852
子图3：(c) 水平分量,Abaqus,-2.22,2.48681827
子图3：(c) 水平分量,Abaqus,-2.21,2.48445134
子图3：(c) 水平分量,Abaqus,-2.2,2.482416099
子图3：(c) 水平分量,Abaqus,-2.19,2.479856121
子图3：(c) 水平分量,Abaqus,-2.18,2.477296142
子图3：(c) 水平分量,Abaqus,-2.17,2.474736164
子图3：(c) 水平分量,Abaqus,-2.16,2.472176185
子图3：(c) 水平分量,Abaqus,-2.15,2.469069645
子图3：(c) 水平分量,Abaqus,-2.14,2.465963106
子图3：(c) 水平分量,Abaqus,-2.13,2.462856566
子图3：(c) 水平分量,Abaqus,-2.12,2.459750026
子图3：(c) 水平分量,Abaqus,-2.11,2.456250766
子图3：(c) 水平分量,Abaqus,-2.1,2.45305737
子图3：(c) 水平分量,Abaqus,-2.09,2.449863974
子图3：(c) 水平分量,Abaqus,-2.08,2.446670578
子图3：(c) 水平分量,Abaqus,-2.07,2.442886575
子图3：(c) 水平分量,Abaqus,-2.06,2.439102572
子图3：(c) 水平分量,Abaqus,-2.05,2.435318569
子图3：(c) 水平分量,Abaqus,-2.04,2.431534566
子图3：(c) 水平分量,Abaqus,-2.03,2.427414523
子图3：(c) 水平分量,Abaqus,-2.02,2.42335797
子图3：(c) 水平分量,Abaqus,-2.01,2.419662963
子图3：(c) 水平分量,Abaqus,-2,2.415967957
子图3：(c) 水平分量,Abaqus,-1.99,2.411679546
子图3：(c) 水平分量,Abaqus,-1.98,2.407391135
子图3：(c) 水平分量,Abaqus,-1.97,2.403102724
子图3：(c) 水平分量,Abaqus,-1.96,2.398814313
子图3：(c) 水平分量,Abaqus,-1.95,2.394387862
子图3：(c) 水平分量,Abaqus,-1.94,2.389961412
子图3：(c) 水平分量,Abaqus,-1.93,2.385942993
子图3：(c) 水平分量,Abaqus,-1.92,2.381980086
子图3：(c) 水平分量,Abaqus,-1.91,2.377470146
子图3：(c) 水平分量,Abaqus,-1.9,2.372960205
子图3：(c) 水平分量,Abaqus,-1.89,2.368450265
子图3：(c) 水平分量,Abaqus,-1.88,2.363940324
子图3：(c) 水平分量,Abaqus,-1.87,2.35951407
子图3：(c) 水平分量,Abaqus,-1.86,2.355332802
子图3：(c) 水平分量,Abaqus,-1.85,2.351417714
子图3：(c) 水平分量,Abaqus,-1.84,2.347502626
子图3：(c) 水平分量,Abaqus,-1.83,2.343133902
子图3：(c) 水平分量,Abaqus,-1.82,2.338765179
子图3：(c) 水平分量,Abaqus,-1.81,2.334396455
子图3：(c) 水平分量,Abaqus,-1.8,2.330027732
子图3：(c) 水平分量,Abaqus,-1.79,2.326414562
子图3：(c) 水平分量,Abaqus,-1.78,2.322894508
子图3：(c) 水平分量,Abaqus,-1.77,2.319374454
子图3：(c) 水平分量,Abaqus,-1.76,2.3158544
子图3：(c) 水平分量,Abaqus,-1.75,2.312008378
子图3：(c) 水平分量,Abaqus,-1.74,2.308162356
子图3：(c) 水平分量,Abaqus,-1.73,2.304800945
子图3：(c) 水平分量,Abaqus,-1.72,2.301550133
子图3：(c) 水平分量,Abaqus,-1.71,2.29872953
子图3：(c) 水平分量,Abaqus,-1.7,2.295908927
子图3：(c) 水平分量,Abaqus,-1.69,2.293088324
子图3：(c) 水平分量,Abaqus,-1.68,2.29037667
子图3：(c) 水平分量,Abaqus,-1.67,2.288013535
子图3：(c) 水平分量,Abaqus,-1.66,2.285650401
子图3：(c) 水平分量,Abaqus,-1.65,2.283287266
子图3：(c) 水平分量,Abaqus,-1.64,2.280924131
子图3：(c) 水平分量,Abaqus,-1.63,2.278991981
子图3：(c) 水平分量,Abaqus,-1.62,2.27764092
子图3：(c) 水平分量,Abaqus,-1.61,2.276348142
子图3：(c) 水平分量,Abaqus,-1.6,2.275055364
子图3：(c) 水平分量,Abaqus,-1.59,2.273755794
子图3：(c) 水平分量,Abaqus,-1.58,2.272456224
子图3：(c) 水平分量,Abaqus,-1.57,2.271678277
子图3：(c) 水平分量,Abaqus,-1.56,2.271049788
子图3：(c) 水平分量,Abaqus,-1.55,2.270704942
子图3：(c) 水平分量,Abaqus,-1.54,2.270360096
子图3：(c) 水平分量,Abaqus,-1.53,2.27001525
子图3：(c) 水平分量,Abaqus,-1.52,2.270123708
子图3：(c) 水平分量,Abaqus,-1.51,2.270611016
子图3：(c) 水平分量,Abaqus,-1.5,2.271098323
子图3：(c) 水平分量,Abaqus,-1.49,2.271585631
子图3：(c) 水平分量,Abaqus,-1.48,2.272072939
子图3：(c) 水平分量,Abaqus,-1.47,2.273119754
子图3：(c) 水平分量,Abaqus,-1.46,2.274343227
子图3：(c) 水平分量,Abaqus,-1.45,2.2755667
子图3：(c) 水平分量,Abaqus,-1.44,2.276790174
子图3：(c) 水平分量,Abaqus,-1.43,2.278414006
子图3：(c) 水平分量,Abaqus,-1.42,2.28043846
子图3：(c) 水平分量,Abaqus,-1.41,2.282733851
子图3：(c) 水平分量,Abaqus,-1.4,2.285029243
子图3：(c) 水平分量,Abaqus,-1.39,2.287286377
子图3：(c) 水平分量,Abaqus,-1.38,2.289543511
子图3：(c) 水平分量,Abaqus,-1.37,2.29210396
子图3：(c) 水平分量,Abaqus,-1.36,2.29500351
子图3：(c) 水平分量,Abaqus,-1.35,2.298663068
子图3：(c) 水平分量,Abaqus,-1.34,2.302322625
子图3：(c) 水平分量,Abaqus,-1.33,2.305982183
子图3：(c) 水平分量,Abaqus,-1.32,2.309869083
子图3：(c) 水平分量,Abaqus,-1.31,2.314309479
子图3：(c) 水平分量,Abaqus,-1.3,2.318749876
子图3：(c) 水平分量,Abaqus,-1.29,2.323190273
子图3：(c) 水平分量,Abaqus,-1.28,2.32763067
子图3：(c) 水平分量,Abaqus,-1.27,2.333395136
子图3：(c) 水平分量,Abaqus,-1.26,2.339724521
子图3：(c) 水平分量,Abaqus,-1.25,2.346053906
子图3：(c) 水平分量,Abaqus,-1.24,2.352383291
子图3：(c) 水平分量,Abaqus,-1.23,2.359294266
子图3：(c) 水平分量,Abaqus,-1.22,2.366267494
子图3：(c) 水平分量,Abaqus,-1.21,2.373859863
子图3：(c) 水平分量,Abaqus,-1.2,2.381452232
子图3：(c) 水平分量,Abaqus,-1.19,2.390712427
子图3：(c) 水平分量,Abaqus,-1.18,2.399972621
子图3：(c) 水平分量,Abaqus,-1.17,2.409232816
子图3：(c) 水平分量,Abaqus,-1.16,2.419169877
子图3：(c) 水平分量,Abaqus,-1.15,2.430209339
子图3：(c) 水平分量,Abaqus,-1.14,2.441248801
子图3：(c) 水平分量,Abaqus,-1.13,2.452288264
子图3：(c) 水平分量,Abaqus,-1.12,2.463327726
子图3：(c) 水平分量,Abaqus,-1.11,2.476683697
子图3：(c) 水平分量,Abaqus,-1.1,2.490164149
子图3：(c) 水平分量,Abaqus,-1.09,2.5036446
子图3：(c) 水平分量,Abaqus,-1.08,2.517125051
子图3：(c) 水平分量,Abaqus,-1.07,2.531697997
子图3：(c) 水平分量,Abaqus,-1.06,2.546299242
子图3：(c) 水平分量,Abaqus,-1.05,2.561464378
子图3：(c) 水平分量,Abaqus,-1.04,2.576629514
子图3：(c) 水平分量,Abaqus,-1.03,2.592961229
子图3：(c) 水平分量,Abaqus,-1.02,2.609292944
子图3：(c) 水平分量,Abaqus,-1.01,2.625624659
子图3：(c) 水平分量,Abaqus,-1,2.641956374
子图3：(c) 水平分量,Abaqus,-0.99,2.658270448
子图3：(c) 水平分量,Abaqus,-0.98,2.674779264
子图3：(c) 水平分量,Abaqus,-0.97,2.691466039
子图3：(c) 水平分量,Abaqus,-0.96,2.708152814
子图3：(c) 水平分量,Abaqus,-0.95,2.724505033
子图3：(c) 水平分量,Abaqus,-0.94,2.740857251
子图3：(c) 水平分量,Abaqus,-0.93,2.75720947
子图3：(c) 水平分量,Abaqus,-0.92,2.773561688
子图3：(c) 水平分量,Abaqus,-0.91,2.787425383
子图3：(c) 水平分量,Abaqus,-0.9,2.801289078
子图3：(c) 水平分量,Abaqus,-0.89,2.815152773
子图3：(c) 水平分量,Abaqus,-0.88,2.829016468
子图3：(c) 水平分量,Abaqus,-0.87,2.840534461
子图3：(c) 水平分量,Abaqus,-0.86,2.852052453
子图3：(c) 水平分量,Abaqus,-0.85,2.863570446
子图3：(c) 水平分量,Abaqus,-0.84,2.875088438
子图3：(c) 水平分量,Abaqus,-0.83,2.880883754
子图3：(c) 水平分量,Abaqus,-0.82,2.88667907
子图3：(c) 水平分量,Abaqus,-0.81,2.892474385
子图3：(c) 水平分量,Abaqus,-0.8,2.898269701
子图3：(c) 水平分量,Abaqus,-0.79,2.900060129
子图3：(c) 水平分量,Abaqus,-0.78,2.901958999
子图3：(c) 水平分量,Abaqus,-0.77,2.903857869
子图3：(c) 水平分量,Abaqus,-0.76,2.905756738
子图3：(c) 水平分量,Abaqus,-0.75,2.898886785
子图3：(c) 水平分量,Abaqus,-0.74,2.892016831
子图3：(c) 水平分量,Abaqus,-0.73,2.885146878
子图3：(c) 水平分量,Abaqus,-0.72,2.878276924
子图3：(c) 水平分量,Abaqus,-0.71,2.866542718
子图3：(c) 水平分量,Abaqus,-0.7,2.854842313
子图3：(c) 水平分量,Abaqus,-0.69,2.843141909
子图3：(c) 水平分量,Abaqus,-0.68,2.831441504
子图3：(c) 水平分量,Abaqus,-0.67,2.809006336
子图3：(c) 水平分量,Abaqus,-0.66,2.786571168
子图3：(c) 水平分量,Abaqus,-0.65,2.764623286
子图3：(c) 水平分量,Abaqus,-0.64,2.742863615
子图3：(c) 水平分量,Abaqus,-0.63,2.715797789
子图3：(c) 水平分量,Abaqus,-0.62,2.688731963
子图3：(c) 水平分量,Abaqus,-0.61,2.661666138
子图3：(c) 水平分量,Abaqus,-0.6,2.634600312
子图3：(c) 水平分量,Abaqus,-0.59,2.597100018
子图3：(c) 水平分量,Abaqus,-0.58,2.559888476
子图3：(c) 水平分量,Abaqus,-0.57,2.522676934
子图3：(c) 水平分量,Abaqus,-0.56,2.485465392
子图3：(c) 水平分量,Abaqus,-0.55,2.44474423
子图3：(c) 水平分量,Abaqus,-0.54,2.404023069
子图3：(c) 水平分量,Abaqus,-0.53,2.363301907
子图3：(c) 水平分量,Abaqus,-0.52,2.322580746
子图3：(c) 水平分量,Abaqus,-0.51,2.274125711
子图3：(c) 水平分量,Abaqus,-0.5,2.225670676
子图3：(c) 水平分量,Abaqus,-0.49,2.177215641
子图3：(c) 水平分量,Abaqus,-0.48,2.128760606
子图3：(c) 水平分量,Abaqus,-0.47,2.080256007
子图3：(c) 水平分量,Abaqus,-0.46,2.031751407
子图3：(c) 水平分量,Abaqus,-0.45,1.983246808
子图3：(c) 水平分量,Abaqus,-0.44,1.934742209
子图3：(c) 水平分量,Abaqus,-0.43,1.885192192
子图3：(c) 水平分量,Abaqus,-0.42,1.836317922
子图3：(c) 水平分量,Abaqus,-0.41,1.787443651
子图3：(c) 水平分量,Abaqus,-0.4,1.739568541
子图3：(c) 水平分量,Abaqus,-0.39,1.696187944
子图3：(c) 水平分量,Abaqus,-0.38,1.654040811
子图3：(c) 水平分量,Abaqus,-0.37,1.612392703
子图3：(c) 水平分量,Abaqus,-0.36,1.572013117
子图3：(c) 水平分量,Abaqus,-0.35,1.543440932
子图3：(c) 水平分量,Abaqus,-0.34,1.517518867
子图3：(c) 水平分量,Abaqus,-0.33,1.494938694
子图3：(c) 水平分量,Abaqus,-0.32,1.475612043
子图3：(c) 水平分量,Abaqus,-0.31,1.466119741
子图3：(c) 水平分量,Abaqus,-0.3,1.460686973
子图3：(c) 水平分量,Abaqus,-0.29,1.459076602
子图3：(c) 水平分量,Abaqus,-0.28,1.461923228
子图3：(c) 水平分量,Abaqus,-0.27,1.490673385
子图3：(c) 水平分量,Abaqus,-0.26,1.524656882
子图3：(c) 水平分量,Abaqus,-0.25,1.563382062
子图3：(c) 水平分量,Abaqus,-0.24,1.606359242
子图3：(c) 水平分量,Abaqus,-0.23,1.652068795
子图3：(c) 水平分量,Abaqus,-0.22,1.700545822
子图3：(c) 水平分量,Abaqus,-0.21,1.751357336
子图3：(c) 水平分量,Abaqus,-0.2,1.804264916
子图3：(c) 水平分量,Abaqus,-0.19,1.870695545
子图3：(c) 水平分量,Abaqus,-0.18,1.93799731
子图3：(c) 水平分量,Abaqus,-0.17,2.005623169
子图3：(c) 水平分量,Abaqus,-0.16,2.073876815
子图3：(c) 水平分量,Abaqus,-0.15,2.131581574
子图3：(c) 水平分量,Abaqus,-0.14,2.189286333
子图3：(c) 水平分量,Abaqus,-0.13,2.247054952
子图3：(c) 水平分量,Abaqus,-0.12,2.305449204
子图3：(c) 水平分量,Abaqus,-0.11,2.358448669
子图3：(c) 水平分量,Abaqus,-0.1,2.411448134
子图3：(c) 水平分量,Abaqus,-0.09,2.464447599
子图3：(c) 水平分量,Abaqus,-0.08,2.517447064
子图3：(c) 水平分量,Abaqus,-0.07,2.553276326
子图3：(c) 水平分量,Abaqus,-0.06,2.589105589
子图3：(c) 水平分量,Abaqus,-0.05,2.624934851
子图3：(c) 水平分量,Abaqus,-0.04,2.660764114
子图3：(c) 水平分量,Abaqus,-0.03,2.669631301
子图3：(c) 水平分量,Abaqus,-0.02,2.678550152
子图3：(c) 水平分量,Abaqus,-0.01,2.687469002
子图3：(c) 水平分量,Abaqus,0,2.696387853
子图3：(c) 水平分量,Abaqus,0.01,2.641303549
子图3：(c) 水平分量,Abaqus,0.02,2.588722046
子图3：(c) 水平分量,Abaqus,0.03,2.53814146
子图3：(c) 水平分量,Abaqus,0.04,2.482683347
子图3：(c) 水平分量,Abaqus,0.05,2.423662746
子图3：(c) 水平分量,Abaqus,0.06,2.367114729
子图3：(c) 水平分量,Abaqus,0.07,2.311657599
子图3：(c) 水平分量,Abaqus,0.08,2.242703409
子图3：(c) 水平分量,Abaqus,0.09,2.176444749
子图3：(c) 水平分量,Abaqus,0.1,2.113247442
子图3：(c) 水平分量,Abaqus,0.11,2.036937363
子图3：(c) 水平分量,Abaqus,0.12,1.955753858
子图3：(c) 水平分量,Abaqus,0.13,1.878785247
子图3：(c) 水平分量,Abaqus,0.14,1.802343147
子图3：(c) 水平分量,Abaqus,0.15,1.712726612
子图3：(c) 水平分量,Abaqus,0.16,1.629022689
子图3：(c) 水平分量,Abaqus,0.17,1.552358665
子图3：(c) 水平分量,Abaqus,0.18,1.463517231
子图3：(c) 水平分量,Abaqus,0.19,1.377905029
子图3：(c) 水平分量,Abaqus,0.2,1.304399114
子图3：(c) 水平分量,Abaqus,0.21,1.241414956
子图3：(c) 水平分量,Abaqus,0.22,1.18502365
子图3：(c) 水平分量,Abaqus,0.23,1.147507302
子图3：(c) 水平分量,Abaqus,0.24,1.129648889
子图3：(c) 水平分量,Abaqus,0.25,1.111502645
子图3：(c) 水平分量,Abaqus,0.26,1.109961098
子图3：(c) 水平分量,Abaqus,0.27,1.126614765
子图3：(c) 水平分量,Abaqus,0.28,1.150367842
子图3：(c) 水平分量,Abaqus,0.29,1.176064986
子图3：(c) 水平分量,Abaqus,0.3,1.215543019
子图3：(c) 水平分量,Abaqus,0.31,1.267121411
子图3：(c) 水平分量,Abaqus,0.32,1.310613649
子图3：(c) 水平分量,Abaqus,0.33,1.363093913
子图3：(c) 水平分量,Abaqus,0.34,1.424057291
子图3：(c) 水平分量,Abaqus,0.35,1.477665081
子图3：(c) 水平分量,Abaqus,0.36,1.525476547
子图3：(c) 水平分量,Abaqus,0.37,1.580608761
子图3：(c) 水平分量,Abaqus,0.38,1.641361454
子图3：(c) 水平分量,Abaqus,0.39,1.686573921
子图3：(c) 水平分量,Abaqus,0.4,1.737521426
子图3：(c) 水平分量,Abaqus,0.41,1.793286219
子图3：(c) 水平分量,Abaqus,0.42,1.833187816
子图3：(c) 水平分量,Abaqus,0.43,1.867189408
子图3：(c) 水平分量,Abaqus,0.44,1.906926075
子图3：(c) 水平分量,Abaqus,0.45,1.9476848
子图3：(c) 水平分量,Abaqus,0.46,1.973367792
子图3：(c) 水平分量,Abaqus,0.47,2.003279455
子图3：(c) 水平分量,Abaqus,0.48,2.037284188
子图3：(c) 水平分量,Abaqus,0.49,2.049106272
子图3：(c) 水平分量,Abaqus,0.5,2.056823141
子图3：(c) 水平分量,Abaqus,0.51,2.071037001
子图3：(c) 水平分量,Abaqus,0.52,2.083492141
子图3：(c) 水平分量,Abaqus,0.53,2.081438423
子图3：(c) 水平分量,Abaqus,0.54,2.084530412
子图3：(c) 水平分量,Abaqus,0.55,2.09221972
子图3：(c) 水平分量,Abaqus,0.56,2.076711977
子图3：(c) 水平分量,Abaqus,0.57,2.063068799
子图3：(c) 水平分量,Abaqus,0.58,2.056485213
子图3：(c) 水平分量,Abaqus,0.59,2.047746262
子图3：(c) 水平分量,Abaqus,0.6,2.027267585
子图3：(c) 水平分量,Abaqus,0.61,2.012959617
子图3：(c) 水平分量,Abaqus,0.62,2.004564979
子图3：(c) 水平分量,Abaqus,0.63,1.976681823
子图3：(c) 水平分量,Abaqus,0.64,1.956050932
子图3：(c) 水平分量,Abaqus,0.65,1.945162647
子图3：(c) 水平分量,Abaqus,0.66,1.9293805
子图3：(c) 水平分量,Abaqus,0.67,1.905597756
子图3：(c) 水平分量,Abaqus,0.68,1.888569295
子图3：(c) 水平分量,Abaqus,0.69,1.878547265
子图3：(c) 水平分量,Abaqus,0.7,1.855306068
子图3：(c) 水平分量,Abaqus,0.71,1.842942658
子图3：(c) 水平分量,Abaqus,0.72,1.84168594
子图3：(c) 水平分量,Abaqus,0.73,1.830952387
子图3：(c) 水平分量,Abaqus,0.74,1.813531384
子图3：(c) 水平分量,Abaqus,0.75,1.803703223
子图3：(c) 水平分量,Abaqus,0.76,1.799367437
子图3：(c) 水平分量,Abaqus,0.77,1.788762074
子图3：(c) 水平分量,Abaqus,0.78,1.789013265
子图3：(c) 水平分量,Abaqus,0.79,1.800059483
子图3：(c) 水平分量,Abaqus,0.8,1.794542847
子图3：(c) 水平分量,Abaqus,0.81,1.784280758
子图3：(c) 水平分量,Abaqus,0.82,1.780860738
子图3：(c) 水平分量,Abaqus,0.83,1.780863836
子图3：(c) 水平分量,Abaqus,0.84,1.780380019
子图3：(c) 水平分量,Abaqus,0.85,1.789972734
子图3：(c) 水平分量,Abaqus,0.86,1.809479528
子图3：(c) 水平分量,Abaqus,0.87,1.804203972
子图3：(c) 水平分量,Abaqus,0.88,1.796372429
子图3：(c) 水平分量,Abaqus,0.89,1.793632112
子图3：(c) 水平分量,Abaqus,0.9,1.795906928
子图3：(c) 水平分量,Abaqus,0.91,1.804569469
子图3：(c) 水平分量,Abaqus,0.92,1.822823966
子图3：(c) 水平分量,Abaqus,0.93,1.850749478
子图3：(c) 水平分量,Abaqus,0.94,1.842656041
子图3：(c) 水平分量,Abaqus,0.95,1.833695801
子图3：(c) 水平分量,Abaqus,0.96,1.828607013
子图3：(c) 水平分量,Abaqus,0.97,1.843811922
子图3：(c) 水平分量,Abaqus,0.98,1.890173696
子图3：(c) 水平分量,Abaqus,0.99,1.948328905
子图3：(c) 水平分量,Abaqus,1,2.017678042
子图3：(c) 水平分量,Abaqus,1.01,2.072346789
子图3：(c) 水平分量,Abaqus,1.02,2.128228735
子图3：(c) 水平分量,Abaqus,1.03,2.185482173
子图3：(c) 水平分量,Abaqus,1.04,2.2443726
子图3：(c) 水平分量,Abaqus,1.05,2.25980663
子图3：(c) 水平分量,Abaqus,1.06,2.275239805
子图3：(c) 水平分量,Abaqus,1.07,2.290672981
子图3：(c) 水平分量,Abaqus,1.08,2.306253183
子图3：(c) 水平分量,Abaqus,1.09,2.351311112
子图3：(c) 水平分量,Abaqus,1.1,2.396446579
子图3：(c) 水平分量,Abaqus,1.11,2.441617079
子图3：(c) 水平分量,Abaqus,1.12,2.486787579
子图3：(c) 水平分量,Abaqus,1.13,2.496793766
子图3：(c) 水平分量,Abaqus,1.14,2.507100252
子图3：(c) 水平分量,Abaqus,1.15,2.517406739
子图3：(c) 水平分量,Abaqus,1.16,2.527713225
子图3：(c) 水平分量,Abaqus,1.17,2.56298212
子图3：(c) 水平分量,Abaqus,1.18,2.598270161
子图3：(c) 水平分量,Abaqus,1.19,2.634195975
子图3：(c) 水平分量,Abaqus,1.2,2.670121789
子图3：(c) 水平分量,Abaqus,1.21,2.676402193
子图3：(c) 水平分量,Abaqus,1.22,2.68268202
子图3：(c) 水平分量,Abaqus,1.23,2.688961847
子图3：(c) 水平分量,Abaqus,1.24,2.695543043
子图3：(c) 水平分量,Abaqus,1.25,2.721456569
子图3：(c) 水平分量,Abaqus,1.26,2.747370463
子图3：(c) 水平分量,Abaqus,1.27,2.773284356
子图3：(c) 水平分量,Abaqus,1.28,2.799282822
子图3：(c) 水平分量,Abaqus,1.29,2.804422985
子图3：(c) 水平分量,Abaqus,1.3,2.809562724
子图3：(c) 水平分量,Abaqus,1.31,2.814702464
子图3：(c) 水平分量,Abaqus,1.32,2.819842203
子图3：(c) 水平分量,Abaqus,1.33,2.836525284
子图3：(c) 水平分量,Abaqus,1.34,2.854268005
子图3：(c) 水平分量,Abaqus,1.35,2.872083669
子图3：(c) 水平分量,Abaqus,1.36,2.889899334
子图3：(c) 水平分量,Abaqus,1.37,2.894854238
子图3：(c) 水平分量,Abaqus,1.38,2.90018532
子图3：(c) 水平分量,Abaqus,1.39,2.905879724
子图3：(c) 水平分量,Abaqus,1.4,2.911574128
子图3：(c) 水平分量,Abaqus,1.41,2.922261956
子图3：(c) 水平分量,Abaqus,1.42,2.932949881
子图3：(c) 水平分量,Abaqus,1.43,2.944367649
子图3：(c) 水平分量,Abaqus,1.44,2.956156698
子图3：(c) 水平分量,Abaqus,1.45,2.962430022
子图3：(c) 水平分量,Abaqus,1.46,2.96870324
子图3：(c) 水平分量,Abaqus,1.47,2.974976457
子图3：(c) 水平分量,Abaqus,1.48,2.981635449
子图3：(c) 水平分量,Abaqus,1.49,2.988564955
子图3：(c) 水平分量,Abaqus,1.5,2.995494459
子图3：(c) 水平分量,Abaqus,1.51,3.002423963
子图3：(c) 水平分量,Abaqus,1.52,3.009354863
子图3：(c) 水平分量,Abaqus,1.53,3.01677833
子图3：(c) 水平分量,Abaqus,1.54,3.024201786
子图3：(c) 水平分量,Abaqus,1.55,3.031625241
子图3：(c) 水平分量,Abaqus,1.56,3.039048697
子图3：(c) 水平分量,Abaqus,1.57,3.042982281
子图3：(c) 水平分量,Abaqus,1.58,3.047552888
子图3：(c) 水平分量,Abaqus,1.59,3.052434173
子图3：(c) 水平分量,Abaqus,1.6,3.057315459
子图3：(c) 水平分量,Abaqus,1.61,3.06427982
子图3：(c) 水平分量,Abaqus,1.62,3.071244223
子图3：(c) 水平分量,Abaqus,1.63,3.078879483
子图3：(c) 水平分量,Abaqus,1.64,3.086722521
子图3：(c) 水平分量,Abaqus,1.65,3.089637812
子图3：(c) 水平分量,Abaqus,1.66,3.092553008
子图3：(c) 水平分量,Abaqus,1.67,3.095468203
子图3：(c) 水平分量,Abaqus,1.68,3.099005993
子图3：(c) 水平分量,Abaqus,1.69,3.105460474
子图3：(c) 水平分量,Abaqus,1.7,3.111915005
子图3：(c) 水平分量,Abaqus,1.71,3.118369537
子图3：(c) 水平分量,Abaqus,1.72,3.124824069
子图3：(c) 水平分量,Abaqus,1.73,3.126910853
子图3：(c) 水平分量,Abaqus,1.74,3.129152
子图3：(c) 水平分量,Abaqus,1.75,3.131393147
子图3：(c) 水平分量,Abaqus,1.76,3.133634295
子图3：(c) 水平分量,Abaqus,1.77,3.137951302
子图3：(c) 水平分量,Abaqus,1.78,3.142994076
子图3：(c) 水平分量,Abaqus,1.79,3.148272182
子图3：(c) 水平分量,Abaqus,1.8,3.153550289
子图3：(c) 水平分量,Abaqus,1.81,3.154278132
子图3：(c) 水平分量,Abaqus,1.82,3.155005888
子图3：(c) 水平分量,Abaqus,1.83,3.156406336
子图3：(c) 水平分量,Abaqus,1.84,3.157981725
子图3：(c) 水平分量,Abaqus,1.85,3.160804212
子图3：(c) 水平分量,Abaqus,1.86,3.163626724
子图3：(c) 水平分量,Abaqus,1.87,3.166449235
子图3：(c) 水平分量,Abaqus,1.88,3.170087207
子图3：(c) 水平分量,Abaqus,1.89,3.170107686
子图3：(c) 水平分量,Abaqus,1.9,3.170128092
子图3：(c) 水平分量,Abaqus,1.91,3.170148499
子图3：(c) 水平分量,Abaqus,1.92,3.170168905
子图3：(c) 水平分量,Abaqus,1.93,3.171134455
子图3：(c) 水平分量,Abaqus,1.94,3.172489489
子图3：(c) 水平分量,Abaqus,1.95,3.173844522
子图3：(c) 水平分量,Abaqus,1.96,3.175199555
子图3：(c) 水平分量,Abaqus,1.97,3.173759253
子图3：(c) 水平分量,Abaqus,1.98,3.172651546
子图3：(c) 水平分量,Abaqus,1.99,3.17198557
子图3：(c) 水平分量,Abaqus,2,3.171319594
子图3：(c) 水平分量,Abaqus,2.01,3.170619554
子图3：(c) 水平分量,Abaqus,2.02,3.169919512
子图3：(c) 水平分量,Abaqus,2.03,3.169219471
子图3：(c) 水平分量,Abaqus,2.04,3.169358192
子图3：(c) 水平分量,Abaqus,2.05,3.167429193
子图3：(c) 水平分量,Abaqus,2.06,3.165500155
子图3：(c) 水平分量,Abaqus,2.07,3.163571116
子图3：(c) 水平分量,Abaqus,2.08,3.161642078
子图3：(c) 水平分量,Abaqus,2.09,3.159530123
子图3：(c) 水平分量,Abaqus,2.1,3.158051421
子图3：(c) 水平分量,Abaqus,2.11,3.156572719
子图3：(c) 水平分量,Abaqus,2.12,3.155094018
子图3：(c) 水平分量,Abaqus,2.13,3.152261467
子图3：(c) 水平分量,Abaqus,2.14,3.14942889
子图3：(c) 水平分量,Abaqus,2.15,3.146707945
子图3：(c) 水平分量,Abaqus,2.16,3.144538489
子图3：(c) 水平分量,Abaqus,2.17,3.141973048
子图3：(c) 水平分量,Abaqus,2.18,3.139407599
子图3：(c) 水平分量,Abaqus,2.19,3.136842151
子图3：(c) 水平分量,Abaqus,2.2,3.134276702
子图3：(c) 水平分量,Abaqus,2.21,3.130934723
子图3：(c) 水平分量,Abaqus,2.22,3.128097257
子图3：(c) 水平分量,Abaqus,2.23,3.125360308
子图3：(c) 水平分量,Abaqus,2.24,3.122623359
子图3：(c) 水平分量,Abaqus,2.25,3.119450726
子图3：(c) 水平分量,Abaqus,2.26,3.116278085
子图3：(c) 水平分量,Abaqus,2.27,3.113105445
子图3：(c) 水平分量,Abaqus,2.28,3.109958907
子图3：(c) 水平分量,Abaqus,2.29,3.107019902
子图3：(c) 水平分量,Abaqus,2.3,3.10408089
子图3：(c) 水平分量,Abaqus,2.31,3.101141877
子图3：(c) 水平分量,Abaqus,2.32,3.098202864
子图3：(c) 水平分量,Abaqus,2.33,3.094812671
子图3：(c) 水平分量,Abaqus,2.34,3.091422469
子图3：(c) 水平分量,Abaqus,2.35,3.088032267
子图3：(c) 水平分量,Abaqus,2.36,3.085029335
子图3：(c) 水平分量,Abaqus,2.37,3.082179603
子图3：(c) 水平分量,Abaqus,2.38,3.079329872
子图3：(c) 水平分量,Abaqus,2.39,3.07648014
子图3：(c) 水平分量,Abaqus,2.4,3.073630408
子图3：(c) 水平分量,Abaqus,2.41,3.07031495
子图3：(c) 水平分量,Abaqus,2.42,3.066999482
子图3：(c) 水平分量,Abaqus,2.43,3.063684014
子图3：(c) 水平分量,Abaqus,2.44,3.060829902
子图3：(c) 水平分量,Abaqus,2.45,3.058274277
子图3：(c) 水平分量,Abaqus,2.46,3.055718656
子图3：(c) 水平分量,Abaqus,2.47,3.053163036
子图3：(c) 水平分量,Abaqus,2.48,3.050607415
子图3：(c) 水平分量,Abaqus,2.49,3.04756765
子图3：(c) 水平分量,Abaqus,2.5,3.044527876
子图3：(c) 水平分量,Abaqus,2.51,3.041488101
子图3：(c) 水平分量,Abaqus,2.52,3.038781398
子图3：(c) 水平分量,Abaqus,2.53,3.036644961
子图3：(c) 水平分量,Abaqus,2.54,3.034508533
子图3：(c) 水平分量,Abaqus,2.55,3.032372105
子图3：(c) 水平分量,Abaqus,2.56,3.030235676
子图3：(c) 水平分量,Abaqus,2.57,3.027593945
子图3：(c) 水平分量,Abaqus,2.58,3.024952203
子图3：(c) 水平分量,Abaqus,2.59,3.022310462
子图3：(c) 水平分量,Abaqus,2.6,3.019746642
子图3：(c) 水平分量,Abaqus,2.61,3.01808954
子图3：(c) 水平分量,Abaqus,2.62,3.016432447
子图3：(c) 水平分量,Abaqus,2.63,3.014775355
子图3：(c) 水平分量,Abaqus,2.64,3.013118262
子图3：(c) 水平分量,Abaqus,2.65,3.010931931
子图3：(c) 水平分量,Abaqus,2.66,3.00874559
子图3：(c) 水平分量,Abaqus,2.67,3.00655925
子图3：(c) 水平分量,Abaqus,2.68,3.004372932
子图3：(c) 水平分量,Abaqus,2.69,3.002967062
子图3：(c) 水平分量,Abaqus,2.7,3.001800156
子图3：(c) 水平分量,Abaqus,2.71,3.00063325
子图3：(c) 水平分量,Abaqus,2.72,2.99946632
子图3：(c) 水平分量,Abaqus,2.73,2.997741589
子图3：(c) 水平分量,Abaqus,2.74,2.996016857
子图3：(c) 水平分量,Abaqus,2.75,2.994292125
子图3：(c) 水平分量,Abaqus,2.76,2.992567417
子图3：(c) 水平分量,Abaqus,2.77,2.991396162
子图3：(c) 水平分量,Abaqus,2.78,2.990596123
子图3：(c) 水平分量,Abaqus,2.79,2.989894013
子图3：(c) 水平分量,Abaqus,2.8,2.989191877
子图3：(c) 水平分量,Abaqus,2.81,2.987898027
子图3：(c) 水平分量,Abaqus,2.82,2.986604176
子图3：(c) 水平分量,Abaqus,2.83,2.985310325
子图3：(c) 水平分量,Abaqus,2.84,2.984016496
子图3：(c) 水平分量,Abaqus,2.85,2.983250318
子图3：(c) 水平分量,Abaqus,2.86,2.982570272
子图3：(c) 水平分量,Abaqus,2.87,2.982281375
子图3：(c) 水平分量,Abaqus,2.88,2.981992452
子图3：(c) 水平分量,Abaqus,2.89,2.981075634
子图3：(c) 水平分量,Abaqus,2.9,2.980158816
子图3：(c) 水平分量,Abaqus,2.91,2.979241998
子图3：(c) 水平分量,Abaqus,2.92,2.9783252
子图3：(c) 水平分量,Abaqus,2.93,2.97789362
子图3：(c) 水平分量,Abaqus,2.94,2.97746204
子图3：(c) 水平分量,Abaqus,2.95,2.977373549
子图3：(c) 水平分量,Abaqus,2.96,2.977429023
子图3：(c) 水平分量,Abaqus,2.97,2.976824777
子图3：(c) 水平分量,Abaqus,2.98,2.976220532
子图3：(c) 水平分量,Abaqus,2.99,2.975616287
子图3：(c) 水平分量,Abaqus,3,2.975012059
子图3：(c) 水平分量,Abaqus,3.01,2.974837081
子图3：(c) 水平分量,Abaqus,3.02,2.974662103
子图3：(c) 水平分量,Abaqus,3.03,2.974675611
子图3：(c) 水平分量,Abaqus,3.04,2.974997525
子图3：(c) 水平分量,Abaqus,3.05,2.974639511
子图3：(c) 水平分量,Abaqus,3.06,2.974281497
子图3：(c) 水平分量,Abaqus,3.07,2.973923483
子图3：(c) 水平分量,Abaqus,3.08,2.973565484
子图3：(c) 水平分量,Abaqus,3.09,2.973568852
子图3：(c) 水平分量,Abaqus,3.1,2.973572219
子图3：(c) 水平分量,Abaqus,3.11,2.973677831
子图3：(c) 水平分量,Abaqus,3.12,2.974187507
子图3：(c) 水平分量,Abaqus,3.13,2.974011831
子图3：(c) 水平分量,Abaqus,3.14,2.973836154
子图3：(c) 水平分量,Abaqus,3.15,2.973660478
子图3：(c) 水平分量,Abaqus,3.16,2.973484814
子图3：(c) 水平分量,Abaqus,3.17,2.973595122
子图3：(c) 水平分量,Abaqus,3.18,2.973705429
子图3：(c) 水平分量,Abaqus,3.19,2.973895805
子图3：(c) 水平分量,Abaqus,3.2,2.974520675
子图3：(c) 水平分量,Abaqus,3.21,2.97446842
子图3：(c) 水平分量,Abaqus,3.22,2.974416165
子图3：(c) 水平分量,Abaqus,3.23,2.974363909
子图3：(c) 水平分量,Abaqus,3.24,2.974311663
子图3：(c) 水平分量,Abaqus,3.25,2.9744685
子图3：(c) 水平分量,Abaqus,3.26,2.974625338
子图3：(c) 水平分量,Abaqus,3.27,2.974896165
子图3：(c) 水平分量,Abaqus,3.28,2.975574392
子图3：(c) 水平分量,Abaqus,3.29,2.975592837
子图3：(c) 水平分量,Abaqus,3.3,2.975611281
子图3：(c) 水平分量,Abaqus,3.31,2.975629725
子图3：(c) 水平分量,Abaqus,3.32,2.975648175
子图3：(c) 水平分量,Abaqus,3.33,2.975804246
子图3：(c) 水平分量,Abaqus,3.34,2.975960318
子图3：(c) 水平分量,Abaqus,3.35,2.976309305
子图3：(c) 水平分量,Abaqus,3.36,2.976991954
子图3：(c) 水平分量,Abaqus,3.37,2.977036036
子图3：(c) 水平分量,Abaqus,3.38,2.977080119
子图3：(c) 水平分量,Abaqus,3.39,2.977124202
子图3：(c) 水平分量,Abaqus,3.4,2.977168287
子图3：(c) 水平分量,Abaqus,3.41,2.977288606
子图3：(c) 水平分量,Abaqus,3.42,2.977408925
子图3：(c) 水平分量,Abaqus,3.43,2.977835767
子图3：(c) 水平分量,Abaqus,3.44,2.978486299
子图3：(c) 水平分量,Abaqus,3.45,2.978520496
子图3：(c) 水平分量,Abaqus,3.46,2.978554693
子图3：(c) 水平分量,Abaqus,3.47,2.97858889
子图3：(c) 水平分量,Abaqus,3.48,2.978623089
子图3：(c) 水平分量,Abaqus,3.49,2.978683157
子图3：(c) 水平分量,Abaqus,3.5,2.978743226
子图3：(c) 水平分量,Abaqus,3.51,2.979247214
子图3：(c) 水平分量,Abaqus,3.52,2.979839522
子图3：(c) 水平分量,Abaqus,3.53,2.979839038
子图3：(c) 水平分量,Abaqus,3.54,2.979838555
子图3：(c) 水平分量,Abaqus,3.55,2.979838071
子图3：(c) 水平分量,Abaqus,3.56,2.979837586
子图3：(c) 水平分量,Abaqus,3.57,2.979820893
子图3：(c) 水平分量,Abaqus,3.58,2.979867433
子图3：(c) 水平分量,Abaqus,3.59,2.980383569
子图3：(c) 水平分量,Abaqus,3.6,2.980899681
子图3：(c) 水平分量,Abaqus,3.61,2.980850181
子图3：(c) 水平分量,Abaqus,3.62,2.98080068
子图3：(c) 水平分量,Abaqus,3.63,2.980751179
子图3：(c) 水平分量,Abaqus,3.64,2.980701677
子图3：(c) 水平分量,Abaqus,3.65,2.980597996
子图3：(c) 水平分量,Abaqus,3.66,2.980717956
子图3：(c) 水平分量,Abaqus,3.67,2.98114666
子图3：(c) 水平分量,Abaqus,3.68,2.981575343
子图3：(c) 水平分量,Abaqus,3.69,2.981471311
子图3：(c) 水平分量,Abaqus,3.7,2.981367279
子图3：(c) 水平分量,Abaqus,3.71,2.981263247
子图3：(c) 水平分量,Abaqus,3.72,2.981159212
子图3：(c) 水平分量,Abaqus,3.73,2.980963987
子图3：(c) 水平分量,Abaqus,3.74,2.981154833
子图3：(c) 水平分量,Abaqus,3.75,2.98149086
子图3：(c) 水平分量,Abaqus,3.76,2.981826867
子图3：(c) 水平分量,Abaqus,3.77,2.981668484
子图3：(c) 水平分量,Abaqus,3.78,2.981510101
子图3：(c) 水平分量,Abaqus,3.79,2.981351717
子图3：(c) 水平分量,Abaqus,3.8,2.981193329
子图3：(c) 水平分量,Abaqus,3.81,2.98092405
子图3：(c) 水平分量,Abaqus,3.82,2.981168413
子图3：(c) 水平分量,Abaqus,3.83,2.981412776
子图3：(c) 水平分量,Abaqus,3.84,2.981657119
子图3：(c) 水平分量,Abaqus,3.85,2.981447364
子图3：(c) 水平分量,Abaqus,3.86,2.981237609
子图3：(c) 水平分量,Abaqus,3.87,2.981027854
子图3：(c) 水平分量,Abaqus,3.88,2.980818092
子图3：(c) 水平分量,Abaqus,3.89,2.980622199
子图3：(c) 水平分量,Abaqus,3.9,2.98078217
子图3：(c) 水平分量,Abaqus,3.91,2.98094214
子图3：(c) 水平分量,Abaqus,3.92,2.981102093
子图3：(c) 水平分量,Abaqus,3.93,2.980844184
子图3：(c) 水平分量,Abaqus,3.94,2.980586274
子图3：(c) 水平分量,Abaqus,3.95,2.980328365
子图3：(c) 水平分量,Abaqus,3.96,2.980070448
子图3：(c) 水平分量,Abaqus,3.97,2.979953234
子图3：(c) 水平分量,Abaqus,3.98,2.980041714
子图3：(c) 水平分量,Abaqus,3.99,2.980130195
子图3：(c) 水平分量,Abaqus,4,2.98021866
子图3：(c) 水平分量,SPECFEM2D,-4,2.645304676
子图3：(c) 水平分量,SPECFEM2D,-3.99,2.645139668
子图3：(c) 水平分量,SPECFEM2D,-3.98,2.645959988
子图3：(c) 水平分量,SPECFEM2D,-3.97,2.645863477
子图3：(c) 水平分量,SPECFEM2D,-3.96,2.644938638
子图3：(c) 水平分量,SPECFEM2D,-3.95,2.643448511
子图3：(c) 水平分量,SPECFEM2D,-3.94,2.641624359
子图3：(c) 水平分量,SPECFEM2D,-3.93,2.640120278
子图3：(c) 水平分量,SPECFEM2D,-3.92,2.639140602
子图3：(c) 水平分量,SPECFEM2D,-3.91,2.638060223
子图3：(c) 水平分量,SPECFEM2D,-3.9,2.636965365
子图3：(c) 水平分量,SPECFEM2D,-3.89,2.635969697
子图3：(c) 水平分量,SPECFEM2D,-3.88,2.635214457
子图3：(c) 水平分量,SPECFEM2D,-3.87,2.634868732
子图3：(c) 水平分量,SPECFEM2D,-3.86,2.635128661
子图3：(c) 水平分量,SPECFEM2D,-3.85,2.63554907
子图3：(c) 水平分量,SPECFEM2D,-3.84,2.63397012
子图3：(c) 水平分量,SPECFEM2D,-3.83,2.633048653
子图3：(c) 水平分量,SPECFEM2D,-3.82,2.632534693
子图3：(c) 水平分量,SPECFEM2D,-3.81,2.632591691
子图3：(c) 水平分量,SPECFEM2D,-3.8,2.632618061
子图3：(c) 水平分量,SPECFEM2D,-3.79,2.632510266
子图3：(c) 水平分量,SPECFEM2D,-3.78,2.632209246
子图3：(c) 水平分量,SPECFEM2D,-3.77,2.631699753
子图3：(c) 水平分量,SPECFEM2D,-3.76,2.631806376
子图3：(c) 水平分量,SPECFEM2D,-3.75,2.632222383
子图3：(c) 水平分量,SPECFEM2D,-3.74,2.632306757
子图3：(c) 水平分量,SPECFEM2D,-3.73,2.631897955
子图3：(c) 水平分量,SPECFEM2D,-3.72,2.630811993
子图3：(c) 水平分量,SPECFEM2D,-3.71,2.628979219
子图3：(c) 水平分量,SPECFEM2D,-3.7,2.628825563
子图3：(c) 水平分量,SPECFEM2D,-3.69,2.629825606
子图3：(c) 水平分量,SPECFEM2D,-3.68,2.630815177
子图3：(c) 水平分量,SPECFEM2D,-3.67,2.631573785
子图3：(c) 水平分量,SPECFEM2D,-3.66,2.631807435
子图3：(c) 水平分量,SPECFEM2D,-3.65,2.631734502
子图3：(c) 水平分量,SPECFEM2D,-3.64,2.631526131
子图3：(c) 水平分量,SPECFEM2D,-3.63,2.631306503
子图3：(c) 水平分量,SPECFEM2D,-3.62,2.631151878
子图3：(c) 水平分量,SPECFEM2D,-3.61,2.63109161
子图3：(c) 水平分量,SPECFEM2D,-3.6,2.631107675
子图3：(c) 水平分量,SPECFEM2D,-3.59,2.631134742
子图3：(c) 水平分量,SPECFEM2D,-3.58,2.631059861
子图3：(c) 水平分量,SPECFEM2D,-3.57,2.631617806
子图3：(c) 水平分量,SPECFEM2D,-3.56,2.634555
子图3：(c) 水平分量,SPECFEM2D,-3.55,2.635342083
子图3：(c) 水平分量,SPECFEM2D,-3.54,2.633779773
子图3：(c) 水平分量,SPECFEM2D,-3.53,2.632670141
子图3：(c) 水平分量,SPECFEM2D,-3.52,2.631940903
子图3：(c) 水平分量,SPECFEM2D,-3.51,2.631623005
子图3：(c) 水平分量,SPECFEM2D,-3.5,2.631919796
子图3：(c) 水平分量,SPECFEM2D,-3.49,2.632457864
子图3：(c) 水平分量,SPECFEM2D,-3.48,2.63316223
子图3：(c) 水平分量,SPECFEM2D,-3.47,2.633952331
子图3：(c) 水平分量,SPECFEM2D,-3.46,2.634743391
子图3：(c) 水平分量,SPECFEM2D,-3.45,2.635445345
子图3：(c) 水平分量,SPECFEM2D,-3.44,2.635963341
子图3：(c) 水平分量,SPECFEM2D,-3.43,2.63675433
子图3：(c) 水平分量,SPECFEM2D,-3.42,2.637489861
子图3：(c) 水平分量,SPECFEM2D,-3.41,2.63768758
子图3：(c) 水平分量,SPECFEM2D,-3.4,2.637005277
子图3：(c) 水平分量,SPECFEM2D,-3.39,2.636621222
子图3：(c) 水平分量,SPECFEM2D,-3.38,2.636657753
子图3：(c) 水平分量,SPECFEM2D,-3.37,2.637178599
子图3：(c) 水平分量,SPECFEM2D,-3.36,2.637630038
子图3：(c) 水平分量,SPECFEM2D,-3.35,2.638035986
子图3：(c) 水平分量,SPECFEM2D,-3.34,2.638410662
子图3：(c) 水平分量,SPECFEM2D,-3.33,2.63875822
子图3：(c) 水平分量,SPECFEM2D,-3.32,2.639073486
子图3：(c) 水平分量,SPECFEM2D,-3.31,2.639341251
子图3：(c) 水平分量,SPECFEM2D,-3.3,2.639629336
子图3：(c) 水平分量,SPECFEM2D,-3.29,2.640274125
子图3：(c) 水平分量,SPECFEM2D,-3.28,2.640589933
子图3：(c) 水平分量,SPECFEM2D,-3.27,2.640401996
子图3：(c) 水平分量,SPECFEM2D,-3.26,2.639716118
子图3：(c) 水平分量,SPECFEM2D,-3.25,2.6413784
子图3：(c) 水平分量,SPECFEM2D,-3.24,2.642164219
子图3：(c) 水平分量,SPECFEM2D,-3.23,2.642410501
子图3：(c) 水平分量,SPECFEM2D,-3.22,2.642392122
子图3：(c) 水平分量,SPECFEM2D,-3.21,2.642321954
子图3：(c) 水平分量,SPECFEM2D,-3.2,2.642350068
子图3：(c) 水平分量,SPECFEM2D,-3.19,2.642564695
子图3：(c) 水平分量,SPECFEM2D,-3.18,2.642991374
子图3：(c) 水平分量,SPECFEM2D,-3.17,2.643593756
子图3：(c) 水平分量,SPECFEM2D,-3.16,2.64427295
子图3：(c) 水平分量,SPECFEM2D,-3.15,2.644867536
子图3：(c) 水平分量,SPECFEM2D,-3.14,2.645154404
子图3：(c) 水平分量,SPECFEM2D,-3.13,2.645583888
子图3：(c) 水平分量,SPECFEM2D,-3.12,2.646161854
子图3：(c) 水平分量,SPECFEM2D,-3.11,2.646609829
子图3：(c) 水平分量,SPECFEM2D,-3.1,2.64525241
子图3：(c) 水平分量,SPECFEM2D,-3.09,2.644525565
子图3：(c) 水平分量,SPECFEM2D,-3.08,2.644810738
子图3：(c) 水平分量,SPECFEM2D,-3.07,2.645580708
子图3：(c) 水平分量,SPECFEM2D,-3.06,2.646622023
子图3：(c) 水平分量,SPECFEM2D,-3.05,2.647757341
子图3：(c) 水平分量,SPECFEM2D,-3.04,2.648846017
子图3：(c) 水平分量,SPECFEM2D,-3.03,2.649783721
子图3：(c) 水平分量,SPECFEM2D,-3.02,2.650502827
子图3：(c) 水平分量,SPECFEM2D,-3.01,2.650972221
子图3：(c) 水平分量,SPECFEM2D,-3,2.651197217
子图3：(c) 水平分量,SPECFEM2D,-2.99,2.651219475
子图3：(c) 水平分量,SPECFEM2D,-2.98,2.652316893
子图3：(c) 水平分量,SPECFEM2D,-2.97,2.654292357
子图3：(c) 水平分量,SPECFEM2D,-2.96,2.655260256
子图3：(c) 水平分量,SPECFEM2D,-2.95,2.653303962
子图3：(c) 水平分量,SPECFEM2D,-2.94,2.653570638
子图3：(c) 水平分量,SPECFEM2D,-2.93,2.654101604
子图3：(c) 水平分量,SPECFEM2D,-2.92,2.654605721
子图3：(c) 水平分量,SPECFEM2D,-2.91,2.65510892
子图3：(c) 水平分量,SPECFEM2D,-2.9,2.655622445
子图3：(c) 水平分量,SPECFEM2D,-2.89,2.656142839
子图3：(c) 水平分量,SPECFEM2D,-2.88,2.656652132
子图3：(c) 水平分量,SPECFEM2D,-2.87,2.657117451
子图3：(c) 水平分量,SPECFEM2D,-2.86,2.658201477
子图3：(c) 水平分量,SPECFEM2D,-2.85,2.659372219
子图3：(c) 水平分量,SPECFEM2D,-2.84,2.660080857
子图3：(c) 水平分量,SPECFEM2D,-2.83,2.659922783
子图3：(c) 水平分量,SPECFEM2D,-2.82,2.658399567
子图3：(c) 水平分量,SPECFEM2D,-2.81,2.658692368
子图3：(c) 水平分量,SPECFEM2D,-2.8,2.660534189
子图3：(c) 水平分量,SPECFEM2D,-2.79,2.66146235
子图3：(c) 水平分量,SPECFEM2D,-2.78,2.661850411
子图3：(c) 水平分量,SPECFEM2D,-2.77,2.661996909
子图3：(c) 水平分量,SPECFEM2D,-2.76,2.662126741
子图3：(c) 水平分量,SPECFEM2D,-2.75,2.662389172
子图3：(c) 水平分量,SPECFEM2D,-2.74,2.662860187
子图3：(c) 水平分量,SPECFEM2D,-2.73,2.663675883
子图3：(c) 水平分量,SPECFEM2D,-2.72,2.66440163
子图3：(c) 水平分量,SPECFEM2D,-2.71,2.665163106
子图3：(c) 水平分量,SPECFEM2D,-2.7,2.665734838
子图3：(c) 水平分量,SPECFEM2D,-2.69,2.665776507
子图3：(c) 水平分量,SPECFEM2D,-2.68,2.665081399
子图3：(c) 水平分量,SPECFEM2D,-2.67,2.665038947
子图3：(c) 水平分量,SPECFEM2D,-2.66,2.665517738
子图3：(c) 水平分量,SPECFEM2D,-2.65,2.665748825
子图3：(c) 水平分量,SPECFEM2D,-2.64,2.665625142
子图3：(c) 水平分量,SPECFEM2D,-2.63,2.66553943
子图3：(c) 水平分量,SPECFEM2D,-2.62,2.665814374
子图3：(c) 水平分量,SPECFEM2D,-2.61,2.666125796
子图3：(c) 水平分量,SPECFEM2D,-2.6,2.666486417
子图3：(c) 水平分量,SPECFEM2D,-2.59,2.666887462
子图3：(c) 水平分量,SPECFEM2D,-2.58,2.667298868
子图3：(c) 水平分量,SPECFEM2D,-2.57,2.667669134
子图3：(c) 水平分量,SPECFEM2D,-2.56,2.667925887
子图3：(c) 水平分量,SPECFEM2D,-2.55,2.667974997
子图3：(c) 水平分量,SPECFEM2D,-2.54,2.667700981
子图3：(c) 水平分量,SPECFEM2D,-2.53,2.667765146
子图3：(c) 水平分量,SPECFEM2D,-2.52,2.668126476
子图3：(c) 水平分量,SPECFEM2D,-2.51,2.665961257
子图3：(c) 水平分量,SPECFEM2D,-2.5,2.665106745
子图3：(c) 水平分量,SPECFEM2D,-2.49,2.665110828
子图3：(c) 水平分量,SPECFEM2D,-2.48,2.665638207
子图3：(c) 水平分量,SPECFEM2D,-2.47,2.666120535
子图3：(c) 水平分量,SPECFEM2D,-2.46,2.666215157
子图3：(c) 水平分量,SPECFEM2D,-2.45,2.665714791
子图3：(c) 水平分量,SPECFEM2D,-2.44,2.66494536
子图3：(c) 水平分量,SPECFEM2D,-2.43,2.664571821
子图3：(c) 水平分量,SPECFEM2D,-2.42,2.664054931
子图3：(c) 水平分量,SPECFEM2D,-2.41,2.663758138
子图3：(c) 水平分量,SPECFEM2D,-2.4,2.663176862
子图3：(c) 水平分量,SPECFEM2D,-2.39,2.661657984
子图3：(c) 水平分量,SPECFEM2D,-2.38,2.659896933
子图3：(c) 水平分量,SPECFEM2D,-2.37,2.659221348
子图3：(c) 水平分量,SPECFEM2D,-2.36,2.657577933
子图3：(c) 水平分量,SPECFEM2D,-2.35,2.657999158
子图3：(c) 水平分量,SPECFEM2D,-2.34,2.656591497
子图3：(c) 水平分量,SPECFEM2D,-2.33,2.654165019
子图3：(c) 水平分量,SPECFEM2D,-2.32,2.651358996
子图3：(c) 水平分量,SPECFEM2D,-2.31,2.648641953
子图3：(c) 水平分量,SPECFEM2D,-2.3,2.646310829
子图3：(c) 水平分量,SPECFEM2D,-2.29,2.644763038
子图3：(c) 水平分量,SPECFEM2D,-2.28,2.643633613
子图3：(c) 水平分量,SPECFEM2D,-2.27,2.642658369
子图3：(c) 水平分量,SPECFEM2D,-2.26,2.641593593
子图3：(c) 水平分量,SPECFEM2D,-2.25,2.640088949
子图3：(c) 水平分量,SPECFEM2D,-2.24,2.63768783
子图3：(c) 水平分量,SPECFEM2D,-2.23,2.633827002
子图3：(c) 水平分量,SPECFEM2D,-2.22,2.631653802
子图3：(c) 水平分量,SPECFEM2D,-2.21,2.62575959
子图3：(c) 水平分量,SPECFEM2D,-2.2,2.621489437
子图3：(c) 水平分量,SPECFEM2D,-2.19,2.618310104
子图3：(c) 水平分量,SPECFEM2D,-2.18,2.615431357
子图3：(c) 水平分量,SPECFEM2D,-2.17,2.612870772
子图3：(c) 水平分量,SPECFEM2D,-2.16,2.610191374
子图3：(c) 水平分量,SPECFEM2D,-2.15,2.607191873
子图3：(c) 水平分量,SPECFEM2D,-2.14,2.603761034
子图3：(c) 水平分量,SPECFEM2D,-2.13,2.599877773
子图3：(c) 水平分量,SPECFEM2D,-2.12,2.595610101
子图3：(c) 水平分量,SPECFEM2D,-2.11,2.591116978
子图3：(c) 水平分量,SPECFEM2D,-2.1,2.586916687
子图3：(c) 水平分量,SPECFEM2D,-2.09,2.582857353
子图3：(c) 水平分量,SPECFEM2D,-2.08,2.579214267
子图3：(c) 水平分量,SPECFEM2D,-2.07,2.574298745
子图3：(c) 水平分量,SPECFEM2D,-2.06,2.568483271
子图3：(c) 水平分量,SPECFEM2D,-2.05,2.563419952
子图3：(c) 水平分量,SPECFEM2D,-2.04,2.559219693
子图3：(c) 水平分量,SPECFEM2D,-2.03,2.554807119
子图3：(c) 水平分量,SPECFEM2D,-2.02,2.550314751
子图3：(c) 水平分量,SPECFEM2D,-2.01,2.546208641
子图3：(c) 水平分量,SPECFEM2D,-2,2.542049077
子图3：(c) 水平分量,SPECFEM2D,-1.99,2.537744308
子图3：(c) 水平分量,SPECFEM2D,-1.98,2.533215083
子图3：(c) 水平分量,SPECFEM2D,-1.97,2.528628737
子图3：(c) 水平分量,SPECFEM2D,-1.96,2.524208078
子图3：(c) 水平分量,SPECFEM2D,-1.95,2.519206315
子图3：(c) 水平分量,SPECFEM2D,-1.94,2.513211299
子图3：(c) 水平分量,SPECFEM2D,-1.93,2.505721578
子图3：(c) 水平分量,SPECFEM2D,-1.92,2.500858057
子图3：(c) 水平分量,SPECFEM2D,-1.91,2.49798463
子图3：(c) 水平分量,SPECFEM2D,-1.9,2.494133106
子图3：(c) 水平分量,SPECFEM2D,-1.89,2.489290559
子图3：(c) 水平分量,SPECFEM2D,-1.88,2.483792769
子图3：(c) 水平分量,SPECFEM2D,-1.87,2.47792425
子图3：(c) 水平分量,SPECFEM2D,-1.86,2.471917728
子图3：(c) 水平分量,SPECFEM2D,-1.85,2.466698161
子图3：(c) 水平分量,SPECFEM2D,-1.84,2.462158281
子图3：(c) 水平分量,SPECFEM2D,-1.83,2.457251355
子图3：(c) 水平分量,SPECFEM2D,-1.82,2.452053143
子图3：(c) 水平分量,SPECFEM2D,-1.81,2.446715434
子图3：(c) 水平分量,SPECFEM2D,-1.8,2.441466411
子图3：(c) 水平分量,SPECFEM2D,-1.79,2.436610714
子图3：(c) 水平分量,SPECFEM2D,-1.78,2.432528749
子图3：(c) 水平分量,SPECFEM2D,-1.77,2.427446584
子图3：(c) 水平分量,SPECFEM2D,-1.76,2.423082419
子图3：(c) 水平分量,SPECFEM2D,-1.75,2.419256678
子图3：(c) 水平分量,SPECFEM2D,-1.74,2.415189887
子图3：(c) 水平分量,SPECFEM2D,-1.73,2.410846815
子图3：(c) 水平分量,SPECFEM2D,-1.72,2.40639913
子图3：(c) 水平分量,SPECFEM2D,-1.71,2.402784402
子图3：(c) 水平分量,SPECFEM2D,-1.7,2.399012293
子图3：(c) 水平分量,SPECFEM2D,-1.69,2.395943821
子图3：(c) 水平分量,SPECFEM2D,-1.68,2.39355486
子图3：(c) 水平分量,SPECFEM2D,-1.67,2.390820707
子图3：(c) 水平分量,SPECFEM2D,-1.66,2.387670343
子图3：(c) 水平分量,SPECFEM2D,-1.65,2.384044782
子图3：(c) 水平分量,SPECFEM2D,-1.64,2.379897732
子图3：(c) 水平分量,SPECFEM2D,-1.63,2.377669859
子图3：(c) 水平分量,SPECFEM2D,-1.62,2.37464539
子图3：(c) 水平分量,SPECFEM2D,-1.61,2.373771171
子图3：(c) 水平分量,SPECFEM2D,-1.6,2.372887948
子图3：(c) 水平分量,SPECFEM2D,-1.59,2.371831897
子图3：(c) 水平分量,SPECFEM2D,-1.58,2.371292623
子图3：(c) 水平分量,SPECFEM2D,-1.57,2.370827927
子图3：(c) 水平分量,SPECFEM2D,-1.56,2.370225397
子图3：(c) 水平分量,SPECFEM2D,-1.55,2.369477286
子图3：(c) 水平分量,SPECFEM2D,-1.54,2.368606865
子图3：(c) 水平分量,SPECFEM2D,-1.53,2.369386584
子图3：(c) 水平分量,SPECFEM2D,-1.52,2.370138049
子图3：(c) 水平分量,SPECFEM2D,-1.51,2.37067782
子图3：(c) 水平分量,SPECFEM2D,-1.5,2.37085594
子图3：(c) 水平分量,SPECFEM2D,-1.49,2.370510689
子图3：(c) 水平分量,SPECFEM2D,-1.48,2.372041499
子图3：(c) 水平分量,SPECFEM2D,-1.47,2.370074186
子图3：(c) 水平分量,SPECFEM2D,-1.46,2.370656424
子图3：(c) 水平分量,SPECFEM2D,-1.45,2.372846707
子图3：(c) 水平分量,SPECFEM2D,-1.44,2.37485221
子图3：(c) 水平分量,SPECFEM2D,-1.43,2.376675724
子图3：(c) 水平分量,SPECFEM2D,-1.42,2.378330821
子图3：(c) 水平分量,SPECFEM2D,-1.41,2.379841493
子图3：(c) 水平分量,SPECFEM2D,-1.4,2.381242985
子图3：(c) 水平分量,SPECFEM2D,-1.39,2.383085067
子图3：(c) 水平分量,SPECFEM2D,-1.38,2.385339151
子图3：(c) 水平分量,SPECFEM2D,-1.37,2.387639355
子图3：(c) 水平分量,SPECFEM2D,-1.36,2.389811808
子图3：(c) 水平分量,SPECFEM2D,-1.35,2.39160824
子图3：(c) 水平分量,SPECFEM2D,-1.34,2.39401549
子图3：(c) 水平分量,SPECFEM2D,-1.33,2.397470857
子图3：(c) 水平分量,SPECFEM2D,-1.32,2.401979564
子图3：(c) 水平分量,SPECFEM2D,-1.31,2.406421017
子图3：(c) 水平分量,SPECFEM2D,-1.3,2.410549396
子图3：(c) 水平分量,SPECFEM2D,-1.29,2.414601815
子图3：(c) 水平分量,SPECFEM2D,-1.28,2.41858523
子图3：(c) 水平分量,SPECFEM2D,-1.27,2.423550446
子图3：(c) 水平分量,SPECFEM2D,-1.26,2.429562323
子图3：(c) 水平分量,SPECFEM2D,-1.25,2.435416237
子图3：(c) 水平分量,SPECFEM2D,-1.24,2.44150522
子图3：(c) 水平分量,SPECFEM2D,-1.23,2.448018624
子图3：(c) 水平分量,SPECFEM2D,-1.22,2.454228757
子图3：(c) 水平分量,SPECFEM2D,-1.21,2.460256044
子图3：(c) 水平分量,SPECFEM2D,-1.2,2.467365768
子图3：(c) 水平分量,SPECFEM2D,-1.19,2.475442158
子图3：(c) 水平分量,SPECFEM2D,-1.18,2.482608118
子图3：(c) 水平分量,SPECFEM2D,-1.17,2.490224277
子图3：(c) 水平分量,SPECFEM2D,-1.16,2.499148495
子图3：(c) 水平分量,SPECFEM2D,-1.15,2.509093427
子图3：(c) 水平分量,SPECFEM2D,-1.14,2.519821661
子图3：(c) 水平分量,SPECFEM2D,-1.13,2.531147614
子图3：(c) 水平分量,SPECFEM2D,-1.12,2.543994275
子图3：(c) 水平分量,SPECFEM2D,-1.11,2.557552912
子图3：(c) 水平分量,SPECFEM2D,-1.1,2.57140642
子图3：(c) 水平分量,SPECFEM2D,-1.09,2.585410643
子图3：(c) 水平分量,SPECFEM2D,-1.08,2.599448149
子图3：(c) 水平分量,SPECFEM2D,-1.07,2.613428069
子图3：(c) 水平分量,SPECFEM2D,-1.06,2.627286101
子图3：(c) 水平分量,SPECFEM2D,-1.05,2.640984392
子图3：(c) 水平分量,SPECFEM2D,-1.04,2.655287506
子图3：(c) 水平分量,SPECFEM2D,-1.03,2.673529224
子图3：(c) 水平分量,SPECFEM2D,-1.02,2.693858885
子图3：(c) 水平分量,SPECFEM2D,-1.01,2.71290943
子图3：(c) 水平分量,SPECFEM2D,-1,2.73057404
子图3：(c) 水平分量,SPECFEM2D,-0.99,2.747108807
子图3：(c) 水平分量,SPECFEM2D,-0.98,2.763280214
子图3：(c) 水平分量,SPECFEM2D,-0.97,2.779928841
子图3：(c) 水平分量,SPECFEM2D,-0.96,2.796304273
子图3：(c) 水平分量,SPECFEM2D,-0.95,2.81514534
子图3：(c) 水平分量,SPECFEM2D,-0.94,2.833527233
子图3：(c) 水平分量,SPECFEM2D,-0.93,2.851192715
子图3：(c) 水平分量,SPECFEM2D,-0.92,2.867915518
子图3：(c) 水平分量,SPECFEM2D,-0.91,2.883472698
子图3：(c) 水平分量,SPECFEM2D,-0.9,2.898897685
子图3：(c) 水平分量,SPECFEM2D,-0.89,2.920753176
子图3：(c) 水平分量,SPECFEM2D,-0.88,2.937045898
子图3：(c) 水平分量,SPECFEM2D,-0.87,2.951428831
子图3：(c) 水平分量,SPECFEM2D,-0.86,2.963356646
子图3：(c) 水平分量,SPECFEM2D,-0.85,2.973559751
子图3：(c) 水平分量,SPECFEM2D,-0.84,2.98258866
子图3：(c) 水平分量,SPECFEM2D,-0.83,2.990812461
子图3：(c) 水平分量,SPECFEM2D,-0.82,2.99915124
子图3：(c) 水平分量,SPECFEM2D,-0.81,3.00698911
子图3：(c) 水平分量,SPECFEM2D,-0.8,3.013102898
子图3：(c) 水平分量,SPECFEM2D,-0.79,3.01740062
子图3：(c) 水平分量,SPECFEM2D,-0.78,3.020143749
子图3：(c) 水平分量,SPECFEM2D,-0.77,3.021180191
子图3：(c) 水平分量,SPECFEM2D,-0.76,3.019817507
子图3：(c) 水平分量,SPECFEM2D,-0.75,3.017718961
子图3：(c) 水平分量,SPECFEM2D,-0.74,3.019958996
子图3：(c) 水平分量,SPECFEM2D,-0.73,3.010126325
子图3：(c) 水平分量,SPECFEM2D,-0.72,2.997738464
子图3：(c) 水平分量,SPECFEM2D,-0.71,2.986324883
子图3：(c) 水平分量,SPECFEM2D,-0.7,2.97584396
子图3：(c) 水平分量,SPECFEM2D,-0.69,2.961224795
子图3：(c) 水平分量,SPECFEM2D,-0.68,2.94217026
子图3：(c) 水平分量,SPECFEM2D,-0.67,2.918751869
子图3：(c) 水平分量,SPECFEM2D,-0.66,2.897454107
子图3：(c) 水平分量,SPECFEM2D,-0.65,2.878920628
子图3：(c) 水平分量,SPECFEM2D,-0.64,2.858169581
子图3：(c) 水平分量,SPECFEM2D,-0.63,2.833809881
子图3：(c) 水平分量,SPECFEM2D,-0.62,2.806264776
子图3：(c) 水平分量,SPECFEM2D,-0.61,2.774215585
子图3：(c) 水平分量,SPECFEM2D,-0.6,2.744678933
子图3：(c) 水平分量,SPECFEM2D,-0.59,2.709619751
子图3：(c) 水平分量,SPECFEM2D,-0.58,2.655020581
子图3：(c) 水平分量,SPECFEM2D,-0.57,2.613139425
子图3：(c) 水平分量,SPECFEM2D,-0.56,2.573260127
子图3：(c) 水平分量,SPECFEM2D,-0.55,2.529493926
子图3：(c) 水平分量,SPECFEM2D,-0.54,2.485329913
子图3：(c) 水平分量,SPECFEM2D,-0.53,2.441099001
子图3：(c) 水平分量,SPECFEM2D,-0.52,2.396091855
子图3：(c) 水平分量,SPECFEM2D,-0.51,2.348367087
子图3：(c) 水平分量,SPECFEM2D,-0.5,2.297289256
子图3：(c) 水平分量,SPECFEM2D,-0.49,2.243038286
子图3：(c) 水平分量,SPECFEM2D,-0.48,2.186215687
子图3：(c) 水平分量,SPECFEM2D,-0.47,2.127844062
子图3：(c) 水平分量,SPECFEM2D,-0.46,2.07042091
子图3：(c) 水平分量,SPECFEM2D,-0.45,2.014997085
子图3：(c) 水平分量,SPECFEM2D,-0.44,1.961392286
子图3：(c) 水平分量,SPECFEM2D,-0.43,1.911676593
子图3：(c) 水平分量,SPECFEM2D,-0.42,1.859845332
子图3：(c) 水平分量,SPECFEM2D,-0.41,1.806219211
子图3：(c) 水平分量,SPECFEM2D,-0.4,1.752035543
子图3：(c) 水平分量,SPECFEM2D,-0.39,1.701181072
子图3：(c) 水平分量,SPECFEM2D,-0.38,1.652273451
子图3：(c) 水平分量,SPECFEM2D,-0.37,1.608467329
子图3：(c) 水平分量,SPECFEM2D,-0.36,1.566744273
子图3：(c) 水平分量,SPECFEM2D,-0.35,1.529489579
子图3：(c) 水平分量,SPECFEM2D,-0.34,1.494190691
子图3：(c) 水平分量,SPECFEM2D,-0.33,1.472970565
子图3：(c) 水平分量,SPECFEM2D,-0.32,1.453749886
子图3：(c) 水平分量,SPECFEM2D,-0.31,1.440863464
子图3：(c) 水平分量,SPECFEM2D,-0.3,1.453163713
子图3：(c) 水平分量,SPECFEM2D,-0.29,1.455630528
子图3：(c) 水平分量,SPECFEM2D,-0.28,1.47208384
子图3：(c) 水平分量,SPECFEM2D,-0.27,1.500065413
子图3：(c) 水平分量,SPECFEM2D,-0.26,1.538216267
子图3：(c) 水平分量,SPECFEM2D,-0.25,1.589035088
子图3：(c) 水平分量,SPECFEM2D,-0.24,1.641174237
子图3：(c) 水平分量,SPECFEM2D,-0.23,1.694113806
子图3：(c) 水平分量,SPECFEM2D,-0.22,1.759452329
子图3：(c) 水平分量,SPECFEM2D,-0.21,1.826477758
子图3：(c) 水平分量,SPECFEM2D,-0.2,1.893059758
子图3：(c) 水平分量,SPECFEM2D,-0.19,1.962077869
子图3：(c) 水平分量,SPECFEM2D,-0.18,2.030655051
子图3：(c) 水平分量,SPECFEM2D,-0.17,2.098136657
子图3：(c) 水平分量,SPECFEM2D,-0.16,2.166654338
子图3：(c) 水平分量,SPECFEM2D,-0.15,2.242974694
子图3：(c) 水平分量,SPECFEM2D,-0.14,2.29547317
子图3：(c) 水平分量,SPECFEM2D,-0.13,2.358448575
子图3：(c) 水平分量,SPECFEM2D,-0.12,2.420278789
子图3：(c) 水平分量,SPECFEM2D,-0.11,2.479038009
子图3：(c) 水平分量,SPECFEM2D,-0.1,2.532455431
子图3：(c) 水平分量,SPECFEM2D,-0.09,2.580836686
子图3：(c) 水平分量,SPECFEM2D,-0.08,2.627179513
子图3：(c) 水平分量,SPECFEM2D,-0.07,2.669648183
子图3：(c) 水平分量,SPECFEM2D,-0.06,2.706765928
子图3：(c) 水平分量,SPECFEM2D,-0.05,2.738160096
子图3：(c) 水平分量,SPECFEM2D,-0.04,2.763529122
子图3：(c) 水平分量,SPECFEM2D,-0.03,2.782641548
子图3：(c) 水平分量,SPECFEM2D,-0.02,2.799469883
子图3：(c) 水平分量,SPECFEM2D,-0.01,2.815881724
子图3：(c) 水平分量,SPECFEM2D,0,2.833434381
子图3：(c) 水平分量,SPECFEM2D,0.01,2.774815517
子图3：(c) 水平分量,SPECFEM2D,0.02,2.72639706
子图3：(c) 水平分量,SPECFEM2D,0.03,2.6666569
子图3：(c) 水平分量,SPECFEM2D,0.04,2.608706627
子图3：(c) 水平分量,SPECFEM2D,0.05,2.542746012
子图3：(c) 水平分量,SPECFEM2D,0.06,2.492115399
子图3：(c) 水平分量,SPECFEM2D,0.07,2.435808673
子图3：(c) 水平分量,SPECFEM2D,0.08,2.372161843
子图3：(c) 水平分量,SPECFEM2D,0.09,2.295647303
子图3：(c) 水平分量,SPECFEM2D,0.1,2.204702979
子图3：(c) 水平分量,SPECFEM2D,0.11,2.122806041
子图3：(c) 水平分量,SPECFEM2D,0.12,2.103521907
子图3：(c) 水平分量,SPECFEM2D,0.13,2.022298737
子图3：(c) 水平分量,SPECFEM2D,0.14,1.909231968
子图3：(c) 水平分量,SPECFEM2D,0.15,1.799366561
子图3：(c) 水平分量,SPECFEM2D,0.16,1.697865952
子图3：(c) 水平分量,SPECFEM2D,0.17,1.57948749
子图3：(c) 水平分量,SPECFEM2D,0.18,1.475580315
子图3：(c) 水平分量,SPECFEM2D,0.19,1.386437527
子图3：(c) 水平分量,SPECFEM2D,0.2,1.300679699
子图3：(c) 水平分量,SPECFEM2D,0.21,1.238144598
子图3：(c) 水平分量,SPECFEM2D,0.22,1.199155036
子图3：(c) 水平分量,SPECFEM2D,0.23,1.148165136
子图3：(c) 水平分量,SPECFEM2D,0.24,1.128464175
子图3：(c) 水平分量,SPECFEM2D,0.25,1.157458639
子图3：(c) 水平分量,SPECFEM2D,0.26,1.12100141
子图3：(c) 水平分量,SPECFEM2D,0.27,1.140238008
子图3：(c) 水平分量,SPECFEM2D,0.28,1.201303179
子图3：(c) 水平分量,SPECFEM2D,0.29,1.250493671
子图3：(c) 水平分量,SPECFEM2D,0.3,1.285023516
子图3：(c) 水平分量,SPECFEM2D,0.31,1.330916047
子图3：(c) 水平分量,SPECFEM2D,0.32,1.374244724
子图3：(c) 水平分量,SPECFEM2D,0.33,1.426974122
子图3：(c) 水平分量,SPECFEM2D,0.34,1.500486897
子图3：(c) 水平分量,SPECFEM2D,0.35,1.566191112
子图3：(c) 水平分量,SPECFEM2D,0.36,1.641449651
子图3：(c) 水平分量,SPECFEM2D,0.37,1.738386369
子图3：(c) 水平分量,SPECFEM2D,0.38,1.758361183
子图3：(c) 水平分量,SPECFEM2D,0.39,1.801639965
子图3：(c) 水平分量,SPECFEM2D,0.4,1.858983103
子图3：(c) 水平分量,SPECFEM2D,0.41,1.911090968
子图3：(c) 水平分量,SPECFEM2D,0.42,1.949293979
子图3：(c) 水平分量,SPECFEM2D,0.43,1.992663167
子图3：(c) 水平分量,SPECFEM2D,0.44,2.029364409
子图3：(c) 水平分量,SPECFEM2D,0.45,2.072134684
子图3：(c) 水平分量,SPECFEM2D,0.46,2.105407919
子图3：(c) 水平分量,SPECFEM2D,0.47,2.160605729
子图3：(c) 水平分量,SPECFEM2D,0.48,2.198612151
子图3：(c) 水平分量,SPECFEM2D,0.49,2.19022844
子图3：(c) 水平分量,SPECFEM2D,0.5,2.235970302
子图3：(c) 水平分量,SPECFEM2D,0.51,2.196733858
子图3：(c) 水平分量,SPECFEM2D,0.52,2.216294277
子图3：(c) 水平分量,SPECFEM2D,0.53,2.206485703
子图3：(c) 水平分量,SPECFEM2D,0.54,2.197872204
子图3：(c) 水平分量,SPECFEM2D,0.55,2.216133195
子图3：(c) 水平分量,SPECFEM2D,0.56,2.206643236
子图3：(c) 水平分量,SPECFEM2D,0.57,2.176155335
子图3：(c) 水平分量,SPECFEM2D,0.58,2.176895327
子图3：(c) 水平分量,SPECFEM2D,0.59,2.187364066
子图3：(c) 水平分量,SPECFEM2D,0.6,2.165407647
子图3：(c) 水平分量,SPECFEM2D,0.61,2.129875201
子图3：(c) 水平分量,SPECFEM2D,0.62,2.174309694
子图3：(c) 水平分量,SPECFEM2D,0.63,2.144480306
子图3：(c) 水平分量,SPECFEM2D,0.64,2.084038935
子图3：(c) 水平分量,SPECFEM2D,0.65,2.064213097
子图3：(c) 水平分量,SPECFEM2D,0.66,2.042030964
子图3：(c) 水平分量,SPECFEM2D,0.67,1.99328982
子图3：(c) 水平分量,SPECFEM2D,0.68,1.94211
子图3：(c) 水平分量,SPECFEM2D,0.69,1.936333678
子图3：(c) 水平分量,SPECFEM2D,0.7,1.929275168
子图3：(c) 水平分量,SPECFEM2D,0.71,1.91684009
子图3：(c) 水平分量,SPECFEM2D,0.72,1.890928729
子图3：(c) 水平分量,SPECFEM2D,0.73,1.868097792
子图3：(c) 水平分量,SPECFEM2D,0.74,1.880579628
子图3：(c) 水平分量,SPECFEM2D,0.75,1.918245499
子图3：(c) 水平分量,SPECFEM2D,0.76,1.845167619
子图3：(c) 水平分量,SPECFEM2D,0.77,1.849472668
子图3：(c) 水平分量,SPECFEM2D,0.78,1.89704525
子图3：(c) 水平分量,SPECFEM2D,0.79,1.917032908
子图3：(c) 水平分量,SPECFEM2D,0.8,1.918575856
子图3：(c) 水平分量,SPECFEM2D,0.81,1.898625021
子图3：(c) 水平分量,SPECFEM2D,0.82,1.853893867
子图3：(c) 水平分量,SPECFEM2D,0.83,1.821024372
子图3：(c) 水平分量,SPECFEM2D,0.84,1.839723157
子图3：(c) 水平分量,SPECFEM2D,0.85,1.898416314
子图3：(c) 水平分量,SPECFEM2D,0.86,1.926021448
子图3：(c) 水平分量,SPECFEM2D,0.87,1.943027288
子图3：(c) 水平分量,SPECFEM2D,0.88,1.892445667
子图3：(c) 水平分量,SPECFEM2D,0.89,1.90941615
子图3：(c) 水平分量,SPECFEM2D,0.9,1.896178164
子图3：(c) 水平分量,SPECFEM2D,0.91,1.905764318
子图3：(c) 水平分量,SPECFEM2D,0.92,1.929734396
子图3：(c) 水平分量,SPECFEM2D,0.93,1.920617035
子图3：(c) 水平分量,SPECFEM2D,0.94,1.912289437
子图3：(c) 水平分量,SPECFEM2D,0.95,1.910590469
子图3：(c) 水平分量,SPECFEM2D,0.96,1.928170365
子图3：(c) 水平分量,SPECFEM2D,0.97,1.979522313
子图3：(c) 水平分量,SPECFEM2D,0.98,1.999430739
子图3：(c) 水平分量,SPECFEM2D,0.99,1.986521623
子图3：(c) 水平分量,SPECFEM2D,1,2.112974351
子图3：(c) 水平分量,SPECFEM2D,1.01,2.107311768
子图3：(c) 水平分量,SPECFEM2D,1.02,2.116501697
子图3：(c) 水平分量,SPECFEM2D,1.03,2.156174671
子图3：(c) 水平分量,SPECFEM2D,1.04,2.194711099
子图3：(c) 水平分量,SPECFEM2D,1.05,2.231390361
子图3：(c) 水平分量,SPECFEM2D,1.06,2.266417376
子图3：(c) 水平分量,SPECFEM2D,1.07,2.300242152
子图3：(c) 水平分量,SPECFEM2D,1.08,2.336962857
子图3：(c) 水平分量,SPECFEM2D,1.09,2.36997641
子图3：(c) 水平分量,SPECFEM2D,1.1,2.399940464
子图3：(c) 水平分量,SPECFEM2D,1.11,2.428332333
子图3：(c) 水平分量,SPECFEM2D,1.12,2.457449464
子图3：(c) 水平分量,SPECFEM2D,1.13,2.490408844
子图3：(c) 水平分量,SPECFEM2D,1.14,2.531148115
子图3：(c) 水平分量,SPECFEM2D,1.15,2.576889926
子图3：(c) 水平分量,SPECFEM2D,1.16,2.573684379
子图3：(c) 水平分量,SPECFEM2D,1.17,2.581267093
子图3：(c) 水平分量,SPECFEM2D,1.18,2.605212278
子图3：(c) 水平分量,SPECFEM2D,1.19,2.629319869
子图3：(c) 水平分量,SPECFEM2D,1.2,2.651227892
子图3：(c) 水平分量,SPECFEM2D,1.21,2.671850781
子图3：(c) 水平分量,SPECFEM2D,1.22,2.691816363
子图3：(c) 水平分量,SPECFEM2D,1.23,2.711466979
子图3：(c) 水平分量,SPECFEM2D,1.24,2.73085898
子图3：(c) 水平分量,SPECFEM2D,1.25,2.749763059
子图3：(c) 水平分量,SPECFEM2D,1.26,2.767664052
子图3：(c) 水平分量,SPECFEM2D,1.27,2.783761046
子图3：(c) 水平分量,SPECFEM2D,1.28,2.79725661
子图3：(c) 水平分量,SPECFEM2D,1.29,2.821706976
子图3：(c) 水平分量,SPECFEM2D,1.3,2.854377328
子图3：(c) 水平分量,SPECFEM2D,1.31,2.856363112
子图3：(c) 水平分量,SPECFEM2D,1.32,2.860408909
子图3：(c) 水平分量,SPECFEM2D,1.33,2.873618036
子图3：(c) 水平分量,SPECFEM2D,1.34,2.888684044
子图3：(c) 水平分量,SPECFEM2D,1.35,2.901543353
子图3：(c) 水平分量,SPECFEM2D,1.36,2.911542769
子图3：(c) 水平分量,SPECFEM2D,1.37,2.918367883
子图3：(c) 水平分量,SPECFEM2D,1.38,2.922042773
子图3：(c) 水平分量,SPECFEM2D,1.39,2.928122063
子图3：(c) 水平分量,SPECFEM2D,1.4,2.954698
子图3：(c) 水平分量,SPECFEM2D,1.41,2.978184012
子图3：(c) 水平分量,SPECFEM2D,1.42,2.994795776
子图3：(c) 水平分量,SPECFEM2D,1.43,3.00006561
子图3：(c) 水平分量,SPECFEM2D,1.44,2.988842788
子图3：(c) 水平分量,SPECFEM2D,1.45,2.990131654
子图3：(c) 水平分量,SPECFEM2D,1.46,3.017480558
子图3：(c) 水平分量,SPECFEM2D,1.47,3.038767972
子图3：(c) 水平分量,SPECFEM2D,1.48,3.047211303
子图3：(c) 水平分量,SPECFEM2D,1.49,3.0471567
子图3：(c) 水平分量,SPECFEM2D,1.5,3.04228643
子图3：(c) 水平分量,SPECFEM2D,1.51,3.035618062
子图3：(c) 水平分量,SPECFEM2D,1.52,3.029504939
子图3：(c) 水平分量,SPECFEM2D,1.53,3.025635578
子图3：(c) 水平分量,SPECFEM2D,1.54,3.039367216
子图3：(c) 水平分量,SPECFEM2D,1.55,3.052758133
子图3：(c) 水平分量,SPECFEM2D,1.56,3.062588899
子图3：(c) 水平分量,SPECFEM2D,1.57,3.067381765
子图3：(c) 水平分量,SPECFEM2D,1.58,3.067535423
子图3：(c) 水平分量,SPECFEM2D,1.59,3.063489068
子图3：(c) 水平分量,SPECFEM2D,1.6,3.074054467
子图3：(c) 水平分量,SPECFEM2D,1.61,3.090270176
子图3：(c) 水平分量,SPECFEM2D,1.62,3.096394225
子图3：(c) 水平分量,SPECFEM2D,1.63,3.096059844
子图3：(c) 水平分量,SPECFEM2D,1.64,3.0922838
子图3：(c) 水平分量,SPECFEM2D,1.65,3.100216695
子图3：(c) 水平分量,SPECFEM2D,1.66,3.109409831
子图3：(c) 水平分量,SPECFEM2D,1.67,3.118197297
子图3：(c) 水平分量,SPECFEM2D,1.68,3.126269765
子图3：(c) 水平分量,SPECFEM2D,1.69,3.133373859
子图3：(c) 水平分量,SPECFEM2D,1.7,3.139313146
子图3：(c) 水平分量,SPECFEM2D,1.71,3.149172946
子图3：(c) 水平分量,SPECFEM2D,1.72,3.158623785
子图3：(c) 水平分量,SPECFEM2D,1.73,3.167091659
子图3：(c) 水平分量,SPECFEM2D,1.74,3.174444375
子图3：(c) 水平分量,SPECFEM2D,1.75,3.164935073
子图3：(c) 水平分量,SPECFEM2D,1.76,3.163644406
子图3：(c) 水平分量,SPECFEM2D,1.77,3.168007925
子图3：(c) 水平分量,SPECFEM2D,1.78,3.165596545
子图3：(c) 水平分量,SPECFEM2D,1.79,3.159931753
子图3：(c) 水平分量,SPECFEM2D,1.8,3.153772581
子图3：(c) 水平分量,SPECFEM2D,1.81,3.158683306
子图3：(c) 水平分量,SPECFEM2D,1.82,3.1690383
子图3：(c) 水平分量,SPECFEM2D,1.83,3.174324646
子图3：(c) 水平分量,SPECFEM2D,1.84,3.173954005
子图3：(c) 水平分量,SPECFEM2D,1.85,3.170014058
子图3：(c) 水平分量,SPECFEM2D,1.86,3.178765614
子图3：(c) 水平分量,SPECFEM2D,1.87,3.188101167
子图3：(c) 水平分量,SPECFEM2D,1.88,3.186176202
子图3：(c) 水平分量,SPECFEM2D,1.89,3.205686947
子图3：(c) 水平分量,SPECFEM2D,1.9,3.220755745
子图3：(c) 水平分量,SPECFEM2D,1.91,3.22069696
子图3：(c) 水平分量,SPECFEM2D,1.92,3.214066352
子图3：(c) 水平分量,SPECFEM2D,1.93,3.202651638
子图3：(c) 水平分量,SPECFEM2D,1.94,3.20883545
子图3：(c) 水平分量,SPECFEM2D,1.95,3.226248417
子图3：(c) 水平分量,SPECFEM2D,1.96,3.23808554
子图3：(c) 水平分量,SPECFEM2D,1.97,3.240346416
子图3：(c) 水平分量,SPECFEM2D,1.98,3.232960667
子图3：(c) 水平分量,SPECFEM2D,1.99,3.216982885
子图3：(c) 水平分量,SPECFEM2D,2,3.209193461
子图3：(c) 水平分量,SPECFEM2D,2.01,3.232038562
子图3：(c) 水平分量,SPECFEM2D,2.02,3.244008969
子图3：(c) 水平分量,SPECFEM2D,2.03,3.238420271
子图3：(c) 水平分量,SPECFEM2D,2.04,3.214790595
子图3：(c) 水平分量,SPECFEM2D,2.05,3.200185801
子图3：(c) 水平分量,SPECFEM2D,2.06,3.193800229
子图3：(c) 水平分量,SPECFEM2D,2.07,3.187050735
子图3：(c) 水平分量,SPECFEM2D,2.08,3.185932564
子图3：(c) 水平分量,SPECFEM2D,2.09,3.178329617
子图3：(c) 水平分量,SPECFEM2D,2.1,3.172752229
子图3：(c) 水平分量,SPECFEM2D,2.11,3.164756456
子图3：(c) 水平分量,SPECFEM2D,2.12,3.167941421
子图3：(c) 水平分量,SPECFEM2D,2.13,3.165111366
子图3：(c) 水平分量,SPECFEM2D,2.14,3.165486997
子图3：(c) 水平分量,SPECFEM2D,2.15,3.171769691
子图3：(c) 水平分量,SPECFEM2D,2.16,3.1739826
子图3：(c) 水平分量,SPECFEM2D,2.17,3.175720629
子图3：(c) 水平分量,SPECFEM2D,2.18,3.168476935
子图3：(c) 水平分量,SPECFEM2D,2.19,3.147716306
子图3：(c) 水平分量,SPECFEM2D,2.2,3.145924618
子图3：(c) 水平分量,SPECFEM2D,2.21,3.14484219
子图3：(c) 水平分量,SPECFEM2D,2.22,3.14101795
子图3：(c) 水平分量,SPECFEM2D,2.23,3.132149942
子图3：(c) 水平分量,SPECFEM2D,2.24,3.121814753
子图3：(c) 水平分量,SPECFEM2D,2.25,3.11866825
子图3：(c) 水平分量,SPECFEM2D,2.26,3.120634178
子图3：(c) 水平分量,SPECFEM2D,2.27,3.118738985
子图3：(c) 水平分量,SPECFEM2D,2.28,3.112548725
子图3：(c) 水平分量,SPECFEM2D,2.29,3.102402655
子图3：(c) 水平分量,SPECFEM2D,2.3,3.105509017
子图3：(c) 水平分量,SPECFEM2D,2.31,3.108097035
子图3：(c) 水平分量,SPECFEM2D,2.32,3.106639784
子图3：(c) 水平分量,SPECFEM2D,2.33,3.097264126
子图3：(c) 水平分量,SPECFEM2D,2.34,3.102658811
子图3：(c) 水平分量,SPECFEM2D,2.35,3.104548988
子图3：(c) 水平分量,SPECFEM2D,2.36,3.099177983
子图3：(c) 水平分量,SPECFEM2D,2.37,3.089755118
子图3：(c) 水平分量,SPECFEM2D,2.38,3.07888945
子图3：(c) 水平分量,SPECFEM2D,2.39,3.070012952
子图3：(c) 水平分量,SPECFEM2D,2.4,3.069775201
子图3：(c) 水平分量,SPECFEM2D,2.41,3.067698559
子图3：(c) 水平分量,SPECFEM2D,2.42,3.063732852
子图3：(c) 水平分量,SPECFEM2D,2.43,3.058599554
子图3：(c) 水平分量,SPECFEM2D,2.44,3.0610215
子图3：(c) 水平分量,SPECFEM2D,2.45,3.062266078
子图3：(c) 水平分量,SPECFEM2D,2.46,3.060364554
子图3：(c) 水平分量,SPECFEM2D,2.47,3.0528514
子图3：(c) 水平分量,SPECFEM2D,2.48,3.044855017
子图3：(c) 水平分量,SPECFEM2D,2.49,3.054729906
子图3：(c) 水平分量,SPECFEM2D,2.5,3.042132496
子图3：(c) 水平分量,SPECFEM2D,2.51,3.058904204
子图3：(c) 水平分量,SPECFEM2D,2.52,3.065867143
子图3：(c) 水平分量,SPECFEM2D,2.53,3.065205007
子图3：(c) 水平分量,SPECFEM2D,2.54,3.058927672
子图3：(c) 水平分量,SPECFEM2D,2.55,3.048870377
子图3：(c) 水平分量,SPECFEM2D,2.56,3.048017504
子图3：(c) 水平分量,SPECFEM2D,2.57,3.052496384
子图3：(c) 水平分量,SPECFEM2D,2.58,3.052996265
子图3：(c) 水平分量,SPECFEM2D,2.59,3.048660823
子图3：(c) 水平分量,SPECFEM2D,2.6,3.038967975
子图3：(c) 水平分量,SPECFEM2D,2.61,3.023728247
子图3：(c) 水平分量,SPECFEM2D,2.62,3.030696144
子图3：(c) 水平分量,SPECFEM2D,2.63,3.049263149
子图3：(c) 水平分量,SPECFEM2D,2.64,3.057369837
子图3：(c) 水平分量,SPECFEM2D,2.65,3.03172595
子图3：(c) 水平分量,SPECFEM2D,2.66,3.01652251
子图3：(c) 水平分量,SPECFEM2D,2.67,3.008637283
子图3：(c) 水平分量,SPECFEM2D,2.68,3.005384981
子图3：(c) 水平分量,SPECFEM2D,2.69,3.004517099
子图3：(c) 水平分量,SPECFEM2D,2.7,3.004221815
子图3：(c) 水平分量,SPECFEM2D,2.71,3.003124777
子图3：(c) 水平分量,SPECFEM2D,2.72,3.000287963
子图3：(c) 水平分量,SPECFEM2D,2.73,3.002920625
子图3：(c) 水平分量,SPECFEM2D,2.74,3.010122892
子图3：(c) 水平分量,SPECFEM2D,2.75,3.013175959
子图3：(c) 水平分量,SPECFEM2D,2.76,3.010645235
子图3：(c) 水平分量,SPECFEM2D,2.77,3.000983161
子图3：(c) 水平分量,SPECFEM2D,2.78,2.997311955
子图3：(c) 水平分量,SPECFEM2D,2.79,3.000739185
子图3：(c) 水平分量,SPECFEM2D,2.8,2.979777859
子图3：(c) 水平分量,SPECFEM2D,2.81,2.981493222
子图3：(c) 水平分量,SPECFEM2D,2.82,2.980480007
子图3：(c) 水平分量,SPECFEM2D,2.83,2.978198231
子图3：(c) 水平分量,SPECFEM2D,2.84,2.97573929
子图3：(c) 水平分量,SPECFEM2D,2.85,2.979607537
子图3：(c) 水平分量,SPECFEM2D,2.86,2.98151323
子图3：(c) 水平分量,SPECFEM2D,2.87,2.980093639
子图3：(c) 水平分量,SPECFEM2D,2.88,2.975018978
子图3：(c) 水平分量,SPECFEM2D,2.89,2.973181646
子图3：(c) 水平分量,SPECFEM2D,2.9,2.974280911
子图3：(c) 水平分量,SPECFEM2D,2.91,2.985028047
子图3：(c) 水平分量,SPECFEM2D,2.92,2.997110317
子图3：(c) 水平分量,SPECFEM2D,2.93,3.009231575
子图3：(c) 水平分量,SPECFEM2D,2.94,2.998317487
子图3：(c) 水平分量,SPECFEM2D,2.95,2.977135824
子图3：(c) 水平分量,SPECFEM2D,2.96,2.977740225
子图3：(c) 水平分量,SPECFEM2D,2.97,2.984189706
子图3：(c) 水平分量,SPECFEM2D,2.98,2.986141619
子图3：(c) 水平分量,SPECFEM2D,2.99,2.985567986
子图3：(c) 水平分量,SPECFEM2D,3,2.983975333
子图3：(c) 水平分量,SPECFEM2D,3.01,2.982405697
子图3：(c) 水平分量,SPECFEM2D,3.02,2.981434713
子图3：(c) 水平分量,SPECFEM2D,3.03,2.981173933
子图3：(c) 水平分量,SPECFEM2D,3.04,2.989245146
子图3：(c) 水平分量,SPECFEM2D,3.05,2.999502705
子图3：(c) 水平分量,SPECFEM2D,3.06,3.003711572
子图3：(c) 水平分量,SPECFEM2D,3.07,2.996784324
子图3：(c) 水平分量,SPECFEM2D,3.08,2.972532769
子图3：(c) 水平分量,SPECFEM2D,3.09,2.964061226
子图3：(c) 水平分量,SPECFEM2D,3.1,2.97645715
子图3：(c) 水平分量,SPECFEM2D,3.11,2.975941268
子图3：(c) 水平分量,SPECFEM2D,3.12,2.967580101
子图3：(c) 水平分量,SPECFEM2D,3.13,2.974994642
子图3：(c) 水平分量,SPECFEM2D,3.14,2.985420204
子图3：(c) 水平分量,SPECFEM2D,3.15,2.994411891
子图3：(c) 水平分量,SPECFEM2D,3.16,3.000609909
子图3：(c) 水平分量,SPECFEM2D,3.17,3.003165508
子图3：(c) 水平分量,SPECFEM2D,3.18,3.001742187
子图3：(c) 水平分量,SPECFEM2D,3.19,2.996514852
子图3：(c) 水平分量,SPECFEM2D,3.2,2.993326807
子图3：(c) 水平分量,SPECFEM2D,3.21,2.985525991
子图3：(c) 水平分量,SPECFEM2D,3.22,2.973034348
子图3：(c) 水平分量,SPECFEM2D,3.23,2.99306584
子图3：(c) 水平分量,SPECFEM2D,3.24,2.976128105
子图3：(c) 水平分量,SPECFEM2D,3.25,2.979929021
子图3：(c) 水平分量,SPECFEM2D,3.26,2.985959053
子图3：(c) 水平分量,SPECFEM2D,3.27,2.983842348
子图3：(c) 水平分量,SPECFEM2D,3.28,2.976950073
子图3：(c) 水平分量,SPECFEM2D,3.29,2.976394099
子图3：(c) 水平分量,SPECFEM2D,3.3,2.988468856
子图3：(c) 水平分量,SPECFEM2D,3.31,2.995907643
子图3：(c) 水平分量,SPECFEM2D,3.32,2.997574899
子图3：(c) 水平分量,SPECFEM2D,3.33,2.99361959
子图3：(c) 水平分量,SPECFEM2D,3.34,2.985474569
子图3：(c) 水平分量,SPECFEM2D,3.35,2.986188685
子图3：(c) 水平分量,SPECFEM2D,3.36,2.987773026
子图3：(c) 水平分量,SPECFEM2D,3.37,2.98672119
子图3：(c) 水平分量,SPECFEM2D,3.38,2.98563663
子图3：(c) 水平分量,SPECFEM2D,3.39,2.980143508
子图3：(c) 水平分量,SPECFEM2D,3.4,2.977924753
子图3：(c) 水平分量,SPECFEM2D,3.41,2.974888782
子图3：(c) 水平分量,SPECFEM2D,3.42,2.981873664
子图3：(c) 水平分量,SPECFEM2D,3.43,2.983141452
子图3：(c) 水平分量,SPECFEM2D,3.44,2.981256151
子图3：(c) 水平分量,SPECFEM2D,3.45,2.98014094
子图3：(c) 水平分量,SPECFEM2D,3.46,2.980077105
子图3：(c) 水平分量,SPECFEM2D,3.47,2.977417073
子图3：(c) 水平分量,SPECFEM2D,3.48,2.976692691
子图3：(c) 水平分量,SPECFEM2D,3.49,2.980727702
子图3：(c) 水平分量,SPECFEM2D,3.5,2.986927833
子图3：(c) 水平分量,SPECFEM2D,3.51,2.994501098
子图3：(c) 水平分量,SPECFEM2D,3.52,3.002176604
子图3：(c) 水平分量,SPECFEM2D,3.53,3.00820385
子图3：(c) 水平分量,SPECFEM2D,3.54,2.98750523
子图3：(c) 水平分量,SPECFEM2D,3.55,2.997645496
子图3：(c) 水平分量,SPECFEM2D,3.56,3.002708112
子图3：(c) 水平分量,SPECFEM2D,3.57,2.999674105
子图3：(c) 水平分量,SPECFEM2D,3.58,2.991659005
子图3：(c) 水平分量,SPECFEM2D,3.59,2.981327952
子图3：(c) 水平分量,SPECFEM2D,3.6,2.982460916
子图3：(c) 水平分量,SPECFEM2D,3.61,2.991003398
子图3：(c) 水平分量,SPECFEM2D,3.62,2.996399731
子图3：(c) 水平分量,SPECFEM2D,3.63,2.998009899
子图3：(c) 水平分量,SPECFEM2D,3.64,2.995598988
子图3：(c) 水平分量,SPECFEM2D,3.65,2.993005952
子图3：(c) 水平分量,SPECFEM2D,3.66,2.988030917
子图3：(c) 水平分量,SPECFEM2D,3.67,2.995476051
子图3：(c) 水平分量,SPECFEM2D,3.68,3.013486157
子图3：(c) 水平分量,SPECFEM2D,3.69,2.987501632
子图3：(c) 水平分量,SPECFEM2D,3.7,3.004631567
子图3：(c) 水平分量,SPECFEM2D,3.71,3.003658126
子图3：(c) 水平分量,SPECFEM2D,3.72,2.991852752
子图3：(c) 水平分量,SPECFEM2D,3.73,2.98757415
子图3：(c) 水平分量,SPECFEM2D,3.74,2.996360914
子图3：(c) 水平分量,SPECFEM2D,3.75,3.002734291
子图3：(c) 水平分量,SPECFEM2D,3.76,3.005292985
子图3：(c) 水平分量,SPECFEM2D,3.77,3.003622253
子图3：(c) 水平分量,SPECFEM2D,3.78,3.005043804
子图3：(c) 水平分量,SPECFEM2D,3.79,3.004203768
子图3：(c) 水平分量,SPECFEM2D,3.8,3.001249346
子图3：(c) 水平分量,SPECFEM2D,3.81,2.996444223
子图3：(c) 水平分量,SPECFEM2D,3.82,2.990169853
子图3：(c) 水平分量,SPECFEM2D,3.83,2.985831332
子图3：(c) 水平分量,SPECFEM2D,3.84,3.000012869
子图3：(c) 水平分量,SPECFEM2D,3.85,3.009128472
子图3：(c) 水平分量,SPECFEM2D,3.86,3.011507809
子图3：(c) 水平分量,SPECFEM2D,3.87,3.009438437
子图3：(c) 水平分量,SPECFEM2D,3.88,3.004815216
子图3：(c) 水平分量,SPECFEM2D,3.89,2.999140807
子图3：(c) 水平分量,SPECFEM2D,3.9,2.993525505
子图3：(c) 水平分量,SPECFEM2D,3.91,2.988686933
子图3：(c) 水平分量,SPECFEM2D,3.92,3.001093857
子图3：(c) 水平分量,SPECFEM2D,3.93,3.01176301
子图3：(c) 水平分量,SPECFEM2D,3.94,3.017387501
子图3：(c) 水平分量,SPECFEM2D,3.95,3.017369658
子图3：(c) 水平分量,SPECFEM2D,3.96,3.011434356
子图3：(c) 水平分量,SPECFEM2D,3.97,2.999629901
子图3：(c) 水平分量,SPECFEM2D,3.98,3.021621763
子图3：(c) 水平分量,SPECFEM2D,3.99,3.010189282
子图3：(c) 水平分量,SPECFEM2D,4,3.005076728
子图4：(d) 竖向分量,系列13（竖直参考线）,0,0
子图4：(d) 竖向分量,系列13（竖直参考线）,0,2.429216
子图4：(d) 竖向分量,系列14（竖直参考线）,1,0
子图4：(d) 竖向分量,系列14（竖直参考线）,1,2.429216
子图4：(d) 竖向分量,Abaqus,-4,0.6751986715
子图4：(d) 竖向分量,Abaqus,-3.99,0.6685245468
子图4：(d) 竖向分量,Abaqus,-3.98,0.6644647132
子图4：(d) 竖向分量,Abaqus,-3.97,0.6630750939
子图4：(d) 竖向分量,Abaqus,-3.96,0.6643614611
子图4：(d) 竖向分量,Abaqus,-3.95,0.6570478428
子图4：(d) 竖向分量,Abaqus,-3.94,0.652786997
子图4：(d) 竖向分量,Abaqus,-3.93,0.6516181366
子图4：(d) 竖向分量,Abaqus,-3.92,0.653530226
子图4：(d) 竖向分量,Abaqus,-3.91,0.6478663873
子图4：(d) 竖向分量,Abaqus,-3.9,0.6447380739
子图4：(d) 竖向分量,Abaqus,-3.89,0.644179906
子图4：(d) 竖向分量,Abaqus,-3.88,0.6461784997
子图4：(d) 竖向分量,Abaqus,-3.87,0.6420243181
子图4：(d) 竖向分量,Abaqus,-3.86,0.6409822772
子图4：(d) 竖向分量,Abaqus,-3.85,0.6430408293
子图4：(d) 竖向分量,Abaqus,-3.84,0.6481367522
子图4：(d) 竖向分量,Abaqus,-3.83,0.6426843092
子图4：(d) 竖向分量,Abaqus,-3.82,0.6398411923
子图4：(d) 竖向分量,Abaqus,-3.81,0.639641803
子图4：(d) 竖向分量,Abaqus,-3.8,0.6420711631
子图4：(d) 竖向分量,Abaqus,-3.79,0.6401706094
子图4：(d) 竖向分量,Abaqus,-3.78,0.6411323785
子图4：(d) 竖向分量,Abaqus,-3.77,0.6449148911
子图4：(d) 竖向分量,Abaqus,-3.76,0.6514275758
子图4：(d) 竖向分量,Abaqus,-3.75,0.6468948391
子图4：(d) 竖向分量,Abaqus,-3.74,0.6451754072
子图4：(d) 竖向分量,Abaqus,-3.73,0.6462789571
子图4：(d) 竖向分量,Abaqus,-3.72,0.6502190982
子图4：(d) 竖向分量,Abaqus,-3.71,0.6483893065
子图4：(d) 竖向分量,Abaqus,-3.7,0.6492204505
子图4：(d) 竖向分量,Abaqus,-3.69,0.6526976244
子图4：(d) 竖向分量,Abaqus,-3.68,0.6587579841
子图4：(d) 竖向分量,Abaqus,-3.67,0.6560700553
子图4：(d) 竖向分量,Abaqus,-3.66,0.6562071941
子图4：(d) 竖向分量,Abaqus,-3.65,0.6591435459
子图4：(d) 竖向分量,Abaqus,-3.64,0.6648658061
子图4：(d) 竖向分量,Abaqus,-3.63,0.6620092376
子图4：(d) 竖向分量,Abaqus,-3.62,0.6619043591
子图4：(d) 竖向分量,Abaqus,-3.61,0.6645706843
子图4：(d) 竖向分量,Abaqus,-3.6,0.6699761231
子图4：(d) 竖向分量,Abaqus,-3.59,0.6684992045
子图4：(d) 竖向分量,Abaqus,-3.58,0.6696428774
子图4：(d) 竖向分量,Abaqus,-3.57,0.6734851537
子图4：(d) 竖向分量,Abaqus,-3.56,0.6798951259
子图4：(d) 竖向分量,Abaqus,-3.55,0.6766161686
子图4：(d) 竖向分量,Abaqus,-3.54,0.6764190097
子图4：(d) 竖向分量,Abaqus,-3.53,0.6793337929
子图4：(d) 竖向分量,Abaqus,-3.52,0.6853327193
子图4：(d) 竖向分量,Abaqus,-3.51,0.6835914779
子图4：(d) 竖向分量,Abaqus,-3.5,0.6843097126
子图4：(d) 竖向分量,Abaqus,-3.49,0.6875953473
子图4：(d) 竖向分量,Abaqus,-3.48,0.6932330263
子图4：(d) 竖向分量,Abaqus,-3.47,0.691128541
子图4：(d) 竖向分量,Abaqus,-3.46,0.6924746108
子图4：(d) 竖向分量,Abaqus,-3.45,0.6972726264
子图4：(d) 竖向分量,Abaqus,-3.44,0.7054583263
子图4：(d) 竖向分量,Abaqus,-3.43,0.7025276318
子图4：(d) 竖向分量,Abaqus,-3.42,0.7019900781
子图4：(d) 竖向分量,Abaqus,-3.41,0.7040262437
子图4：(d) 竖向分量,Abaqus,-3.4,0.7084922265
子图4：(d) 竖向分量,Abaqus,-3.39,0.7089781187
子图4：(d) 竖向分量,Abaqus,-3.38,0.713071316
子图4：(d) 竖向分量,Abaqus,-3.37,0.7207075487
子图4：(d) 竖向分量,Abaqus,-3.36,0.7317525582
子图4：(d) 竖向分量,Abaqus,-3.35,0.7276630095
子图4：(d) 竖向分量,Abaqus,-3.34,0.7261603665
子图4：(d) 竖向分量,Abaqus,-3.33,0.7272888588
子图4：(d) 竖向分量,Abaqus,-3.32,0.7312001777
子图4：(d) 竖向分量,Abaqus,-3.31,0.73420698
子图4：(d) 竖向分量,Abaqus,-3.3,0.7406062522
子图4：(d) 竖向分量,Abaqus,-3.29,0.7502677721
子图4：(d) 竖向分量,Abaqus,-3.28,0.7629947302
子图4：(d) 竖向分量,Abaqus,-3.27,0.7584420633
子图4：(d) 竖向分量,Abaqus,-3.26,0.7568194655
子图4：(d) 竖向分量,Abaqus,-3.25,0.7581830934
子图4：(d) 竖向分量,Abaqus,-3.24,0.7626695007
子图4：(d) 竖向分量,Abaqus,-3.23,0.7662045091
子图4：(d) 竖向分量,Abaqus,-3.22,0.7726765878
子图4：(d) 竖向分量,Abaqus,-3.21,0.7819365803
子图4：(d) 竖向分量,Abaqus,-3.2,0.7939313458
子图4：(d) 竖向分量,Abaqus,-3.19,0.78990034
子图4：(d) 竖向分量,Abaqus,-3.18,0.7890867885
子图4：(d) 竖向分量,Abaqus,-3.17,0.7915354162
子图4：(d) 竖向分量,Abaqus,-3.16,0.7972232097
子图4：(d) 竖向分量,Abaqus,-3.15,0.7986690552
子图4：(d) 竖向分量,Abaqus,-3.14,0.8029685446
子图4：(d) 竖向分量,Abaqus,-3.13,0.8097968376
子图4：(d) 竖向分量,Abaqus,-3.12,0.8191895158
子图4：(d) 竖向分量,Abaqus,-3.11,0.8159376611
子图4：(d) 竖向分量,Abaqus,-3.1,0.8159979856
子图4：(d) 竖向分量,Abaqus,-3.09,0.8193904341
子图4：(d) 竖向分量,Abaqus,-3.08,0.826063502
子图4：(d) 竖向分量,Abaqus,-3.07,0.8243825665
子图4：(d) 竖向分量,Abaqus,-3.06,0.8254624775
子图4：(d) 竖向分量,Abaqus,-3.05,0.8291537764
子图4：(d) 竖向分量,Abaqus,-3.04,0.8357074254
子图4：(d) 竖向分量,Abaqus,-3.03,0.8325688213
子图4：(d) 竖向分量,Abaqus,-3.02,0.8326369178
子图4：(d) 竖向分量,Abaqus,-3.01,0.8359216042
子图4：(d) 竖向分量,Abaqus,-3,0.842603427
子图4：(d) 竖向分量,Abaqus,-2.99,0.8381478064
子图4：(d) 竖向分量,Abaqus,-2.98,0.8366405186
子图4：(d) 竖向分量,Abaqus,-2.97,0.8382021789
子图4：(d) 竖向分量,Abaqus,-2.96,0.8428980428
子图4：(d) 竖向分量,Abaqus,-2.95,0.8386412661
子图4：(d) 竖向分量,Abaqus,-2.94,0.8374555116
子图4：(d) 竖向分量,Abaqus,-2.93,0.8395786789
子图4：(d) 竖向分量,Abaqus,-2.92,0.8448496111
子图4：(d) 竖向分量,Abaqus,-2.91,0.8390395674
子图4：(d) 竖向分量,Abaqus,-2.9,0.8365838315
子图4：(d) 竖向分量,Abaqus,-2.89,0.8375868804
子图4：(d) 竖向分量,Abaqus,-2.88,0.8420863704
子图4：(d) 竖向分量,Abaqus,-2.87,0.8359028127
子图4：(d) 竖向分量,Abaqus,-2.86,0.8328267473
子图4：(d) 竖向分量,Abaqus,-2.85,0.8329840904
子图4：(d) 竖向分量,Abaqus,-2.84,0.8365323372
子图4：(d) 竖向分量,Abaqus,-2.83,0.831160003
子图4：(d) 竖向分量,Abaqus,-2.82,0.8294881445
子图4：(d) 竖向分量,Abaqus,-2.81,0.8315470572
子图4：(d) 竖向分量,Abaqus,-2.8,0.8372920319
子图4：(d) 竖向分量,Abaqus,-2.79,0.8294108117
子图4：(d) 竖向分量,Abaqus,-2.78,0.8251451164
子图4：(d) 竖向分量,Abaqus,-2.77,0.8243870324
子图4：(d) 竖向分量,Abaqus,-2.76,0.8271707285
子图4：(d) 竖向分量,Abaqus,-2.75,0.8236237275
子图4：(d) 竖向分量,Abaqus,-2.74,0.8240333779
子图4：(d) 竖向分量,Abaqus,-2.73,0.8284020243
子图4：(d) 竖向分量,Abaqus,-2.72,0.8366531261
子图4：(d) 竖向分量,Abaqus,-2.71,0.8290324346
子图4：(d) 竖向分量,Abaqus,-2.7,0.8253435905
子图4：(d) 竖向分量,Abaqus,-2.69,0.8256646065
子图4：(d) 竖向分量,Abaqus,-2.68,0.8300390393
子图4：(d) 竖向分量,Abaqus,-2.67,0.8292605879
子图4：(d) 竖向分量,Abaqus,-2.66,0.8325701273
子图4：(d) 竖向分量,Abaqus,-2.65,0.8399359116
子图4：(d) 竖向分量,Abaqus,-2.64,0.8512418492
子图4：(d) 竖向分量,Abaqus,-2.63,0.8462152456
子图4：(d) 竖向分量,Abaqus,-2.62,0.8455386351
子图4：(d) 竖向分量,Abaqus,-2.61,0.849228469
子图4：(d) 竖向分量,Abaqus,-2.6,0.8572071991
子图4：(d) 竖向分量,Abaqus,-2.59,0.8589950673
子图4：(d) 竖向分量,Abaqus,-2.58,0.8648327961
子图4：(d) 竖向分量,Abaqus,-2.57,0.8746163592
子图4：(d) 竖向分量,Abaqus,-2.56,0.8881797704
子图4：(d) 竖向分量,Abaqus,-2.55,0.8867585122
子图4：(d) 竖向分量,Abaqus,-2.54,0.8897746206
子图4：(d) 竖向分量,Abaqus,-2.53,0.8971604171
子图4：(d) 竖向分量,Abaqus,-2.52,0.9087499191
子图4：(d) 竖向分量,Abaqus,-2.51,0.9115585525
子图4：(d) 竖向分量,Abaqus,-2.5,0.9182312486
子图4：(d) 竖向分量,Abaqus,-2.49,0.9287712477
子图4：(d) 竖向分量,Abaqus,-2.48,0.9430727868
子图4：(d) 竖向分量,Abaqus,-2.47,0.9435936353
子图4：(d) 竖向分量,Abaqus,-2.46,0.9481935639
子图4：(d) 竖向分量,Abaqus,-2.45,0.9569467479
子图4：(d) 竖向分量,Abaqus,-2.44,0.9696213286
子图4：(d) 竖向分量,Abaqus,-2.43,0.971107598
子图4：(d) 竖向分量,Abaqus,-2.42,0.9764791299
子图4：(d) 竖向分量,Abaqus,-2.41,0.9856449428
子图4：(d) 竖向分量,Abaqus,-2.4,0.9981428349
子图4：(d) 竖向分量,Abaqus,-2.39,0.9974506819
子图4：(d) 竖向分量,Abaqus,-2.38,1.000290099
子图4：(d) 竖向分量,Abaqus,-2.37,1.006849472
子图4：(d) 竖向分量,Abaqus,-2.36,1.016997367
子图4：(d) 竖向分量,Abaqus,-2.35,1.015238352
子图4：(d) 竖向分量,Abaqus,-2.34,1.01745216
子图4：(d) 竖向分量,Abaqus,-2.33,1.023075693
子图4：(d) 竖向分量,Abaqus,-2.32,1.032673909
子图4：(d) 竖向分量,Abaqus,-2.31,1.026881767
子图4：(d) 竖向分量,Abaqus,-2.3,1.024935712
子图4：(d) 竖向分量,Abaqus,-2.29,1.026075348
子图4：(d) 竖向分量,Abaqus,-2.28,1.030951149
子图4：(d) 竖向分量,Abaqus,-2.27,1.024598242
子图4：(d) 竖向分量,Abaqus,-2.26,1.022317295
子图4：(d) 竖向分量,Abaqus,-2.25,1.023422957
子图4：(d) 竖向分量,Abaqus,-2.24,1.02860228
子图4：(d) 竖向分量,Abaqus,-2.23,1.016090256
子图4：(d) 竖向分量,Abaqus,-2.22,1.007250818
子图4：(d) 竖向分量,Abaqus,-2.21,1.001606393
子图4：(d) 竖向分量,Abaqus,-2.2,0.9996227581
子图4：(d) 竖向分量,Abaqus,-2.19,0.9882284674
子图4：(d) 竖向分量,Abaqus,-2.18,0.9807907941
子图4：(d) 竖向分量,Abaqus,-2.17,0.9768959092
子图4：(d) 竖向分量,Abaqus,-2.16,0.9771536106
子图4：(d) 竖向分量,Abaqus,-2.15,0.9577488942
子图4：(d) 竖向分量,Abaqus,-2.14,0.9422449658
子图4：(d) 竖向分量,Abaqus,-2.13,0.9301189654
子图4：(d) 竖向分量,Abaqus,-2.12,0.9220537246
子图4：(d) 竖向分量,Abaqus,-2.11,0.9060285276
子图4：(d) 竖向分量,Abaqus,-2.1,0.8938258828
子图4：(d) 竖向分量,Abaqus,-2.09,0.8858538797
子图4：(d) 竖向分量,Abaqus,-2.08,0.8818024896
子图4：(d) 竖向分量,Abaqus,-2.07,0.8578090113
子图4：(d) 竖向分量,Abaqus,-2.06,0.8380299389
子图4：(d) 竖向分量,Abaqus,-2.05,0.8224932927
子图4：(d) 竖向分量,Abaqus,-2.04,0.8114919688
子图4：(d) 竖向分量,Abaqus,-2.03,0.7929709939
子图4：(d) 竖向分量,Abaqus,-2.02,0.7788909244
子图4：(d) 竖向分量,Abaqus,-2.01,0.7694947828
子图4：(d) 竖向分量,Abaqus,-2,0.7648093323
子图4：(d) 竖向分量,Abaqus,-1.99,0.7413014829
子图4：(d) 竖向分量,Abaqus,-1.98,0.7229216659
子图4：(d) 竖向分量,Abaqus,-1.97,0.7102995304
子图4：(d) 竖向分量,Abaqus,-1.96,0.703524677
子图4：(d) 竖向分量,Abaqus,-1.95,0.6885734654
子图4：(d) 竖向分量,Abaqus,-1.94,0.6791925401
子图4：(d) 竖向分量,Abaqus,-1.93,0.6757966748
子图4：(d) 竖向分量,Abaqus,-1.92,0.6781363784
子图4：(d) 竖向分量,Abaqus,-1.91,0.66433858
子图4：(d) 竖向分量,Abaqus,-1.9,0.6574063837
子图4：(d) 竖向分量,Abaqus,-1.89,0.6578751326
子图4：(d) 竖向分量,Abaqus,-1.88,0.6654933916
子图4：(d) 竖向分量,Abaqus,-1.87,0.664055213
子图4：(d) 竖向分量,Abaqus,-1.86,0.6695563215
子图4：(d) 竖向分量,Abaqus,-1.85,0.6817016383
子图4：(d) 竖向分量,Abaqus,-1.84,0.6999489049
子图4：(d) 竖向分量,Abaqus,-1.83,0.7045822189
子图4：(d) 竖向分量,Abaqus,-1.82,0.7166533329
子图4：(d) 竖向分量,Abaqus,-1.81,0.7356331474
子图4：(d) 竖向分量,Abaqus,-1.8,0.7611812118
子图4：(d) 竖向分量,Abaqus,-1.79,0.7767373074
子图4：(d) 竖向分量,Abaqus,-1.78,0.7985647309
子图4：(d) 竖向分量,Abaqus,-1.77,0.8257690652
子图4：(d) 竖向分量,Abaqus,-1.76,0.8577357012
子图4：(d) 竖向分量,Abaqus,-1.75,0.8763689831
子图4：(d) 竖向分量,Abaqus,-1.74,0.9011302332
子图4：(d) 竖向分量,Abaqus,-1.73,0.931350341
子图4：(d) 竖向分量,Abaqus,-1.72,0.9662415522
子图4：(d) 竖向分量,Abaqus,-1.71,0.9904501148
子图4：(d) 竖向分量,Abaqus,-1.7,1.019445551
子图4：(d) 竖向分量,Abaqus,-1.69,1.052740524
子图4：(d) 竖向分量,Abaqus,-1.68,1.089592568
子图4：(d) 竖向分量,Abaqus,-1.67,1.112345704
子图4：(d) 竖向分量,Abaqus,-1.66,1.140183492
子图4：(d) 竖向分量,Abaqus,-1.65,1.172698875
子图4：(d) 竖向分量,Abaqus,-1.64,1.209063782
子图4：(d) 竖向分量,Abaqus,-1.63,1.23333182
子图4：(d) 竖向分量,Abaqus,-1.62,1.261758713
子图4：(d) 竖向分量,Abaqus,-1.61,1.293881341
子图4：(d) 竖向分量,Abaqus,-1.6,1.329418561
子图4：(d) 竖向分量,Abaqus,-1.59,1.349547085
子图4：(d) 竖向分量,Abaqus,-1.58,1.374391331
子图4：(d) 竖向分量,Abaqus,-1.57,1.403432029
子图4：(d) 竖向分量,Abaqus,-1.56,1.436606656
子图4：(d) 竖向分量,Abaqus,-1.55,1.455498165
子图4：(d) 竖向分量,Abaqus,-1.54,1.478321325
子图4：(d) 竖向分量,Abaqus,-1.53,1.505205289
子图4：(d) 竖向分量,Abaqus,-1.52,1.535415793
子图4：(d) 竖向分量,Abaqus,-1.51,1.548645557
子图4：(d) 竖向分量,Abaqus,-1.5,1.566643964
子图4：(d) 竖向分量,Abaqus,-1.49,1.588882076
子图4：(d) 竖向分量,Abaqus,-1.48,1.615643388
子图4：(d) 竖向分量,Abaqus,-1.47,1.625836984
子图4：(d) 竖向分量,Abaqus,-1.46,1.640299169
子图4：(d) 竖向分量,Abaqus,-1.45,1.659007239
子图4：(d) 竖向分量,Abaqus,-1.44,1.681381074
子图4：(d) 竖向分量,Abaqus,-1.43,1.685233608
子图4：(d) 竖向分量,Abaqus,-1.42,1.694176369
子图4：(d) 竖向分量,Abaqus,-1.41,1.707437504
子图4：(d) 竖向分量,Abaqus,-1.4,1.725570008
子图4：(d) 竖向分量,Abaqus,-1.39,1.725773406
子图4：(d) 竖向分量,Abaqus,-1.38,1.730207768
子图4：(d) 竖向分量,Abaqus,-1.37,1.739561014
子图4：(d) 竖向分量,Abaqus,-1.36,1.75308413
子图4：(d) 竖向分量,Abaqus,-1.35,1.746433795
子图4：(d) 竖向分量,Abaqus,-1.34,1.745464675
子图4：(d) 竖向分量,Abaqus,-1.33,1.749109263
子图4：(d) 竖向分量,Abaqus,-1.32,1.757835369
子图4：(d) 竖向分量,Abaqus,-1.31,1.74810682
子图4：(d) 竖向分量,Abaqus,-1.3,1.742961351
子图4：(d) 竖向分量,Abaqus,-1.29,1.743398125
子图4：(d) 竖向分量,Abaqus,-1.28,1.748424442
子图4：(d) 竖向分量,Abaqus,-1.27,1.732497902
子图4：(d) 竖向分量,Abaqus,-1.26,1.722089838
子图4：(d) 竖向分量,Abaqus,-1.25,1.717102622
子图4：(d) 竖向分量,Abaqus,-1.24,1.717829696
子图4：(d) 竖向分量,Abaqus,-1.23,1.700001275
子图4：(d) 竖向分量,Abaqus,-1.22,1.688063815
子图4：(d) 竖向分量,Abaqus,-1.21,1.681625092
子图4：(d) 竖向分量,Abaqus,-1.2,1.681144784
子图4：(d) 竖向分量,Abaqus,-1.19,1.658567845
子图4：(d) 竖向分量,Abaqus,-1.18,1.642053669
子图4：(d) 竖向分量,Abaqus,-1.17,1.632105258
子图4：(d) 竖向分量,Abaqus,-1.16,1.628215345
子图4：(d) 竖向分量,Abaqus,-1.15,1.607253058
子图4：(d) 竖向分量,Abaqus,-1.14,1.592877959
子图4：(d) 竖向分量,Abaqus,-1.13,1.58506473
子图4：(d) 竖向分量,Abaqus,-1.12,1.584147141
子图4：(d) 竖向分量,Abaqus,-1.11,1.560799934
子图4：(d) 竖向分量,Abaqus,-1.1,1.544504546
子图4：(d) 竖向分量,Abaqus,-1.09,1.535548455
子图4：(d) 竖向分量,Abaqus,-1.08,1.534032784
子图4：(d) 竖向分量,Abaqus,-1.07,1.516730094
子图4：(d) 竖向分量,Abaqus,-1.06,1.507452028
子图4：(d) 竖向分量,Abaqus,-1.05,1.506166952
子图4：(d) 竖向分量,Abaqus,-1.04,1.512863808
子图4：(d) 竖向分量,Abaqus,-1.03,1.496422315
子图4：(d) 竖向分量,Abaqus,-1.02,1.488346353
子图4：(d) 竖向分量,Abaqus,-1.01,1.48875248
子图4：(d) 竖向分量,Abaqus,-1,1.497557046
子图4：(d) 竖向分量,Abaqus,-0.99,1.492203905
子图4：(d) 竖向分量,Abaqus,-0.98,1.495648731
子图4：(d) 竖向分量,Abaqus,-0.97,1.507797884
子图4：(d) 竖向分量,Abaqus,-0.96,1.528356091
子图4：(d) 竖向分量,Abaqus,-0.95,1.52496655
子图4：(d) 竖向分量,Abaqus,-0.94,1.530358995
子图4：(d) 竖向分量,Abaqus,-0.93,1.544348616
子图4：(d) 竖向分量,Abaqus,-0.92,1.56654965
子图4：(d) 竖向分量,Abaqus,-0.91,1.575636399
子图4：(d) 竖向分量,Abaqus,-0.9,1.593226002
子图4：(d) 竖向分量,Abaqus,-0.89,1.618886959
子图4：(d) 竖向分量,Abaqus,-0.88,1.65199201
子图4：(d) 竖向分量,Abaqus,-0.87,1.65952292
子图4：(d) 竖向分量,Abaqus,-0.86,1.674964691
子图4：(d) 竖向分量,Abaqus,-0.85,1.697852149
子图4：(d) 竖向分量,Abaqus,-0.84,1.728226955
子图4：(d) 竖向分量,Abaqus,-0.83,1.745596838
子图4：(d) 竖向分量,Abaqus,-0.82,1.770048005
子图4：(d) 竖向分量,Abaqus,-0.81,1.80149317
子图4：(d) 竖向分量,Abaqus,-0.8,1.839211418
子图4：(d) 竖向分量,Abaqus,-0.79,1.849109566
子图4：(d) 竖向分量,Abaqus,-0.78,1.866410997
子图4：(d) 竖向分量,Abaqus,-0.77,1.889850864
子图4：(d) 竖向分量,Abaqus,-0.76,1.919953727
子图4：(d) 竖向分量,Abaqus,-0.75,1.936386018
子图4：(d) 竖向分量,Abaqus,-0.74,1.959526533
子图4：(d) 竖向分量,Abaqus,-0.73,1.988023476
子图4：(d) 竖向分量,Abaqus,-0.72,2.022599699
子图4：(d) 竖向分量,Abaqus,-0.71,2.027396424
子图4：(d) 竖向分量,Abaqus,-0.7,2.038450932
子图4：(d) 竖向分量,Abaqus,-0.69,2.05570973
子图4：(d) 竖向分量,Abaqus,-0.68,2.078334685
子图4：(d) 竖向分量,Abaqus,-0.67,2.087679613
子图4：(d) 竖向分量,Abaqus,-0.66,2.102370279
子图4：(d) 竖向分量,Abaqus,-0.65,2.122137018
子图4：(d) 竖向分量,Abaqus,-0.64,2.147311359
子图4：(d) 竖向分量,Abaqus,-0.63,2.14193955
子图4：(d) 竖向分量,Abaqus,-0.62,2.141989262
子图4：(d) 竖向分量,Abaqus,-0.61,2.147869905
子图4：(d) 竖向分量,Abaqus,-0.6,2.15962361
子图4：(d) 竖向分量,Abaqus,-0.59,2.156720828
子图4：(d) 竖向分量,Abaqus,-0.58,2.158712553
子图4：(d) 竖向分量,Abaqus,-0.57,2.165979492
子图4：(d) 竖向分量,Abaqus,-0.56,2.178238586
子图4：(d) 竖向分量,Abaqus,-0.55,2.159545871
子图4：(d) 竖向分量,Abaqus,-0.54,2.146006344
子图4：(d) 竖向分量,Abaqus,-0.53,2.138157787
子图4：(d) 竖向分量,Abaqus,-0.52,2.135983036
子图4：(d) 竖向分量,Abaqus,-0.51,2.118921485
子图4：(d) 竖向分量,Abaqus,-0.5,2.106395625
子图4：(d) 竖向分量,Abaqus,-0.49,2.098434725
子图4：(d) 竖向分量,Abaqus,-0.48,2.095659341
子图4：(d) 竖向分量,Abaqus,-0.47,2.063111677
子图4：(d) 竖向分量,Abaqus,-0.46,2.035377526
子图4：(d) 竖向分量,Abaqus,-0.45,2.012583717
子图4：(d) 竖向分量,Abaqus,-0.44,1.995648838
子图4：(d) 竖向分量,Abaqus,-0.43,1.964019841
子图4：(d) 竖向分量,Abaqus,-0.42,1.936546163
子图4：(d) 竖向分量,Abaqus,-0.41,1.913340952
子图4：(d) 竖向分量,Abaqus,-0.4,1.894602788
子图4：(d) 竖向分量,Abaqus,-0.39,1.848970495
子图4：(d) 竖向分量,Abaqus,-0.38,1.807749289
子图4：(d) 竖向分量,Abaqus,-0.37,1.77114253
子图4：(d) 竖向分量,Abaqus,-0.36,1.740007184
子图4：(d) 竖向分量,Abaqus,-0.35,1.694827175
子图4：(d) 竖向分量,Abaqus,-0.34,1.653429825
子图4：(d) 竖向分量,Abaqus,-0.33,1.616011237
子图4：(d) 竖向分量,Abaqus,-0.32,1.583468917
子图4：(d) 竖向分量,Abaqus,-0.31,1.526746704
子图4：(d) 竖向分量,Abaqus,-0.3,1.473995519
子图4：(d) 竖向分量,Abaqus,-0.29,1.426439951
子图4：(d) 竖向分量,Abaqus,-0.28,1.383703317
子图4：(d) 竖向分量,Abaqus,-0.27,1.32806202
子图4：(d) 竖向分量,Abaqus,-0.26,1.276072926
子图4：(d) 竖向分量,Abaqus,-0.25,1.228606415
子图4：(d) 竖向分量,Abaqus,-0.24,1.18593039
子图4：(d) 竖向分量,Abaqus,-0.23,1.123125116
子图4：(d) 竖向分量,Abaqus,-0.22,1.064912435
子图4：(d) 竖向分量,Abaqus,-0.21,1.012526061
子图4：(d) 竖向分量,Abaqus,-0.2,0.9670631591
子图4：(d) 竖向分量,Abaqus,-0.19,0.9091318051
子图4：(d) 竖向分量,Abaqus,-0.18,0.8573528687
子图4：(d) 竖向分量,Abaqus,-0.17,0.8135648747
子图4：(d) 竖向分量,Abaqus,-0.16,0.7790848845
子图4：(d) 竖向分量,Abaqus,-0.15,0.7289507477
子图4：(d) 竖向分量,Abaqus,-0.14,0.6911727305
子图4：(d) 竖向分量,Abaqus,-0.13,0.6691038912
子图4：(d) 竖向分量,Abaqus,-0.12,0.6652345341
子图4：(d) 竖向分量,Abaqus,-0.11,0.6596024508
子图4：(d) 竖向分量,Abaqus,-0.1,0.673359912
子图4：(d) 竖向分量,Abaqus,-0.09,0.7041022219
子图4：(d) 竖向分量,Abaqus,-0.08,0.7481481467
子图4：(d) 竖向分量,Abaqus,-0.07,0.7858318405
子图4：(d) 竖向分量,Abaqus,-0.06,0.8346596352
子图4：(d) 竖向分量,Abaqus,-0.05,0.8916580244
子图4：(d) 竖向分量,Abaqus,-0.04,0.9542264122
子图4：(d) 竖向分量,Abaqus,-0.03,1.015666598
子图4：(d) 竖向分量,Abaqus,-0.02,1.08015127
子图4：(d) 竖向分量,Abaqus,-0.01,1.14671956
子图4：(d) 竖向分量,Abaqus,0,1.214981335
子图4：(d) 竖向分量,Abaqus,0.01,1.246687856
子图4：(d) 竖向分量,Abaqus,0.02,1.279194444
子图4：(d) 竖向分量,Abaqus,0.03,1.312303348
子图4：(d) 竖向分量,Abaqus,0.04,1.340557021
子图4：(d) 竖向分量,Abaqus,0.05,1.365968432
子图4：(d) 竖向分量,Abaqus,0.06,1.392300691
子图4：(d) 竖向分量,Abaqus,0.07,1.418660495
子图4：(d) 竖向分量,Abaqus,0.08,1.440038683
子图4：(d) 竖向分量,Abaqus,0.09,1.463260352
子图4：(d) 竖向分量,Abaqus,0.1,1.488313986
子图4：(d) 竖向分量,Abaqus,0.11,1.502701179
子图4：(d) 竖向分量,Abaqus,0.12,1.512972359
子图4：(d) 竖向分量,Abaqus,0.13,1.525657788
子图4：(d) 竖向分量,Abaqus,0.14,1.538367779
子图4：(d) 竖向分量,Abaqus,0.15,1.544837068
子图4：(d) 竖向分量,Abaqus,0.16,1.554063923
子图4：(d) 竖向分量,Abaqus,0.17,1.566073337
子图4：(d) 竖向分量,Abaqus,0.18,1.567562134
子图4：(d) 竖向分量,Abaqus,0.19,1.567668157
子图4：(d) 竖向分量,Abaqus,0.2,1.570593087
子图4：(d) 竖向分量,Abaqus,0.21,1.572181368
子图4：(d) 竖向分量,Abaqus,0.22,1.567504891
子图4：(d) 竖向分量,Abaqus,0.23,1.565861142
子图4：(d) 竖向分量,Abaqus,0.24,1.56725569
子图4：(d) 竖向分量,Abaqus,0.25,1.551823884
子图4：(d) 竖向分量,Abaqus,0.26,1.537641781
子图4：(d) 竖向分量,Abaqus,0.27,1.527616023
子图4：(d) 竖向分量,Abaqus,0.28,1.516782913
子图4：(d) 竖向分量,Abaqus,0.29,1.501231659
子图4：(d) 竖向分量,Abaqus,0.3,1.489178952
子图4：(d) 竖向分量,Abaqus,0.31,1.481210625
子图4：(d) 竖向分量,Abaqus,0.32,1.455826114
子图4：(d) 竖向分量,Abaqus,0.33,1.43603812
子图4：(d) 竖向分量,Abaqus,0.34,1.422410065
子图4：(d) 竖向分量,Abaqus,0.35,1.405305759
子图4：(d) 竖向分量,Abaqus,0.36,1.384498213
子图4：(d) 竖向分量,Abaqus,0.37,1.368066149
子图4：(d) 竖向分量,Abaqus,0.38,1.355555654
子图4：(d) 竖向分量,Abaqus,0.39,1.331418696
子图4：(d) 竖向分量,Abaqus,0.4,1.314961297
子图4：(d) 竖向分量,Abaqus,0.41,1.30621428
子图4：(d) 竖向分量,Abaqus,0.42,1.291541089
子图4：(d) 竖向分量,Abaqus,0.43,1.27473299
子图4：(d) 竖向分量,Abaqus,0.44,1.262996593
子图4：(d) 竖向分量,Abaqus,0.45,1.254298717
子图4：(d) 竖向分量,Abaqus,0.46,1.239925705
子图4：(d) 竖向分量,Abaqus,0.47,1.233218692
子图4：(d) 竖向分量,Abaqus,0.48,1.233980618
子图4：(d) 竖向分量,Abaqus,0.49,1.224568909
子图4：(d) 竖向分量,Abaqus,0.5,1.214610921
子图4：(d) 竖向分量,Abaqus,0.51,1.209350677
子图4：(d) 竖向分量,Abaqus,0.52,1.206371885
子图4：(d) 竖向分量,Abaqus,0.53,1.200529612
子图4：(d) 竖向分量,Abaqus,0.54,1.201040294
子图4：(d) 竖向分量,Abaqus,0.55,1.20838899
子图4：(d) 竖向分量,Abaqus,0.56,1.201939051
子图4：(d) 竖向分量,Abaqus,0.57,1.196398306
子图4：(d) 竖向分量,Abaqus,0.58,1.19482755
子图4：(d) 竖向分量,Abaqus,0.59,1.192456964
子图4：(d) 竖向分量,Abaqus,0.6,1.18751416
子图4：(d) 竖向分量,Abaqus,0.61,1.187376634
子图4：(d) 竖向分量,Abaqus,0.62,1.192889615
子图4：(d) 竖向分量,Abaqus,0.63,1.183686421
子图4：(d) 竖向分量,Abaqus,0.64,1.176208371
子图4：(d) 竖向分量,Abaqus,0.65,1.171865424
子图4：(d) 竖向分量,Abaqus,0.66,1.164016125
子图4：(d) 竖向分量,Abaqus,0.67,1.152591696
子图4：(d) 竖向分量,Abaqus,0.68,1.145219705
子图4：(d) 竖向分量,Abaqus,0.69,1.142081723
子图4：(d) 竖向分量,Abaqus,0.7,1.126967697
子图4：(d) 竖向分量,Abaqus,0.71,1.114026279
子图4：(d) 竖向分量,Abaqus,0.72,1.103341989
子图4：(d) 竖向分量,Abaqus,0.73,1.086094663
子图4：(d) 竖向分量,Abaqus,0.74,1.065773423
子图4：(d) 竖向分量,Abaqus,0.75,1.049002883
子图4：(d) 竖向分量,Abaqus,0.76,1.035261322
子图4：(d) 竖向分量,Abaqus,0.77,1.015488246
子图4：(d) 竖向分量,Abaqus,0.78,0.997196918
子图4：(d) 竖向分量,Abaqus,0.79,0.9802039495
子图4：(d) 竖向分量,Abaqus,0.8,0.9547359716
子图4：(d) 竖向分量,Abaqus,0.81,0.9273905741
子图4：(d) 竖向分量,Abaqus,0.82,0.9035087477
子图4：(d) 竖向分量,Abaqus,0.83,0.8822944091
子图4：(d) 竖向分量,Abaqus,0.84,0.8608980126
子图4：(d) 竖向分量,Abaqus,0.85,0.8401448822
子图4：(d) 竖向分量,Abaqus,0.86,0.8195285194
子图4：(d) 竖向分量,Abaqus,0.87,0.7907771548
子图4：(d) 竖向分量,Abaqus,0.88,0.7696494044
子图4：(d) 竖向分量,Abaqus,0.89,0.7657657896
子图4：(d) 竖向分量,Abaqus,0.9,0.7543941438
子图4：(d) 竖向分量,Abaqus,0.91,0.7282400977
子图4：(d) 竖向分量,Abaqus,0.92,0.7025705967
子图4：(d) 竖向分量,Abaqus,0.93,0.6819616421
子图4：(d) 竖向分量,Abaqus,0.94,0.6624754979
子图4：(d) 竖向分量,Abaqus,0.95,0.6489275337
子图4：(d) 竖向分量,Abaqus,0.96,0.6353795696
子图4：(d) 竖向分量,Abaqus,0.97,0.6145588559
子图4：(d) 竖向分量,Abaqus,0.98,0.5970591542
子图4：(d) 竖向分量,Abaqus,0.99,0.609639413
子图4：(d) 竖向分量,Abaqus,1,0.6232671465
子图4：(d) 竖向分量,Abaqus,1.01,0.6364315433
子图4：(d) 竖向分量,Abaqus,1.02,0.6540937908
子图4：(d) 竖向分量,Abaqus,1.03,0.6758415166
子图4：(d) 竖向分量,Abaqus,1.04,0.7147477234
子图4：(d) 竖向分量,Abaqus,1.05,0.7252422317
子图4：(d) 竖向分量,Abaqus,1.06,0.7357359155
子图4：(d) 竖向分量,Abaqus,1.07,0.7462295993
子图4：(d) 竖向分量,Abaqus,1.08,0.7570396461
子图4：(d) 竖向分量,Abaqus,1.09,0.7754690978
子图4：(d) 竖向分量,Abaqus,1.1,0.7949843974
子图4：(d) 竖向分量,Abaqus,1.11,0.8157107601
子图4：(d) 竖向分量,Abaqus,1.12,0.8374765274
子图4：(d) 竖向分量,Abaqus,1.13,0.8445167127
子图4：(d) 竖向分量,Abaqus,1.14,0.8519960204
子图4：(d) 竖向分量,Abaqus,1.15,0.859475328
子图4：(d) 竖向分量,Abaqus,1.16,0.8672127412
子图4：(d) 竖向分量,Abaqus,1.17,0.8765830752
子图4：(d) 竖向分量,Abaqus,1.18,0.8867438102
子图4：(d) 竖向分量,Abaqus,1.19,0.8974272119
子图4：(d) 竖向分量,Abaqus,1.2,0.9088605819
子图4：(d) 竖向分量,Abaqus,1.21,0.9118700991
子图4：(d) 竖向分量,Abaqus,1.22,0.9151215246
子图4：(d) 竖向分量,Abaqus,1.23,0.9183729502
子图4：(d) 竖向分量,Abaqus,1.24,0.922110655
子图4：(d) 竖向分量,Abaqus,1.25,0.9253481923
子图4：(d) 竖向分量,Abaqus,1.26,0.9291588214
子图4：(d) 竖向分量,Abaqus,1.27,0.9332241646
子图4：(d) 竖向分量,Abaqus,1.28,0.937976259
子图4：(d) 竖向分量,Abaqus,1.29,0.9369512206
子图4：(d) 竖向分量,Abaqus,1.3,0.9359915477
子图4：(d) 竖向分量,Abaqus,1.31,0.9354354238
子图4：(d) 竖向分量,Abaqus,1.32,0.9348792999
子图4：(d) 竖向分量,Abaqus,1.33,0.9339250154
子图4：(d) 竖向分量,Abaqus,1.34,0.9334938221
子图4：(d) 竖向分量,Abaqus,1.35,0.9330626288
子图4：(d) 竖向分量,Abaqus,1.36,0.9330658703
子图4：(d) 竖向分量,Abaqus,1.37,0.929234557
子图4：(d) 竖向分量,Abaqus,1.38,0.9254031654
子图4：(d) 竖向分量,Abaqus,1.39,0.9215717737
子图4：(d) 竖向分量,Abaqus,1.4,0.9178637372
子图4：(d) 竖向分量,Abaqus,1.41,0.9148192398
子图4：(d) 竖向分量,Abaqus,1.42,0.911774752
子图4：(d) 竖向分量,Abaqus,1.43,0.9087302642
子图4：(d) 竖向分量,Abaqus,1.44,0.906038721
子图4：(d) 竖向分量,Abaqus,1.45,0.901006725
子图4：(d) 竖向分量,Abaqus,1.46,0.8959746822
子图4：(d) 竖向分量,Abaqus,1.47,0.8909426393
子图4：(d) 竖向分量,Abaqus,1.48,0.8859105964
子图4：(d) 竖向分量,Abaqus,1.49,0.8819498633
子图4：(d) 竖向分量,Abaqus,1.5,0.877989151
子图4：(d) 竖向分量,Abaqus,1.51,0.8742084518
子图4：(d) 竖向分量,Abaqus,1.52,0.8705102399
子图4：(d) 竖向分量,Abaqus,1.53,0.866004693
子图4：(d) 竖向分量,Abaqus,1.54,0.8614991304
子图4：(d) 竖向分量,Abaqus,1.55,0.8569935677
子图4：(d) 竖向分量,Abaqus,1.56,0.8524880051
子图4：(d) 竖向分量,Abaqus,1.57,0.8488918172
子图4：(d) 竖向分量,Abaqus,1.58,0.845295647
子图4：(d) 竖向分量,Abaqus,1.59,0.8416994768
子图4：(d) 竖向分量,Abaqus,1.6,0.8381033066
子图4：(d) 竖向分量,Abaqus,1.61,0.8353162991
子图4：(d) 竖向分量,Abaqus,1.62,0.8325293074
子图4：(d) 竖向分量,Abaqus,1.63,0.8297423156
子图4：(d) 竖向分量,Abaqus,1.64,0.8269553239
子图4：(d) 竖向分量,Abaqus,1.65,0.8240149028
子图4：(d) 竖向分量,Abaqus,1.66,0.8210744787
子图4：(d) 竖向分量,Abaqus,1.67,0.8181340546
子图4：(d) 竖向分量,Abaqus,1.68,0.8151936305
子图4：(d) 竖向分量,Abaqus,1.69,0.8143327594
子图4：(d) 竖向分量,Abaqus,1.7,0.8134719287
子图4：(d) 竖向分量,Abaqus,1.71,0.8126110981
子图4：(d) 竖向分量,Abaqus,1.72,0.8117502675
子图4：(d) 竖向分量,Abaqus,1.73,0.8094057282
子图4：(d) 竖向分量,Abaqus,1.74,0.8070611601
子图4：(d) 竖向分量,Abaqus,1.75,0.8047312664
子图4：(d) 竖向分量,Abaqus,1.76,0.8025182901
子图4：(d) 竖向分量,Abaqus,1.77,0.8031117706
子图4：(d) 竖向分量,Abaqus,1.78,0.8037053057
子图4：(d) 竖向分量,Abaqus,1.79,0.8042988409
子图4：(d) 竖向分量,Abaqus,1.8,0.804892376
子图4：(d) 竖向分量,Abaqus,1.81,0.8030218735
子图4：(d) 竖向分量,Abaqus,1.82,0.8011513231
子图4：(d) 竖向分量,Abaqus,1.83,0.7992807727
子图4：(d) 竖向分量,Abaqus,1.84,0.7974102223
子图4：(d) 竖向分量,Abaqus,1.85,0.7988802552
子图4：(d) 竖向分量,Abaqus,1.86,0.800350353
子图4：(d) 竖向分量,Abaqus,1.87,0.8018204509
子图4：(d) 竖向分量,Abaqus,1.88,0.8032905488
子图4：(d) 竖向分量,Abaqus,1.89,0.8015446359
子图4：(d) 竖向分量,Abaqus,1.9,0.7997986604
子图4：(d) 竖向分量,Abaqus,1.91,0.7980526849
子图4：(d) 竖向分量,Abaqus,1.92,0.7963758164
子图4：(d) 竖向分量,Abaqus,1.93,0.7982387248
子图4：(d) 竖向分量,Abaqus,1.94,0.8001017007
子图4：(d) 竖向分量,Abaqus,1.95,0.8019646766
子图4：(d) 竖向分量,Abaqus,1.96,0.8038276524
子图4：(d) 竖向分量,Abaqus,1.97,0.8022392805
子图4：(d) 竖向分量,Abaqus,1.98,0.8006508413
子图4：(d) 竖向分量,Abaqus,1.99,0.7990624022
子图4：(d) 竖向分量,Abaqus,2,0.797473963
子图4：(d) 竖向分量,Abaqus,2.01,0.7992816493
子图4：(d) 竖向分量,Abaqus,2.02,0.8010894017
子图4：(d) 竖向分量,Abaqus,2.03,0.8029883012
子图4：(d) 竖向分量,Abaqus,2.04,0.804927524
子图4：(d) 竖向分量,Abaqus,2.05,0.8034722929
子图4：(d) 竖向分量,Abaqus,2.06,0.8020169957
子图4：(d) 竖向分量,Abaqus,2.07,0.8005616984
子图4：(d) 竖向分量,Abaqus,2.08,0.7991064012
子图4：(d) 竖向分量,Abaqus,2.09,0.8007873407
子图4：(d) 竖向分量,Abaqus,2.1,0.8024683412
子图4：(d) 竖向分量,Abaqus,2.11,0.8041493417
子图4：(d) 竖向分量,Abaqus,2.12,0.8059065494
子图4：(d) 竖向分量,Abaqus,2.13,0.8045984467
子图4：(d) 竖向分量,Abaqus,2.14,0.8032902828
子图4：(d) 竖向分量,Abaqus,2.15,0.8019821189
子图4：(d) 竖向分量,Abaqus,2.16,0.800673955
子图4：(d) 竖向分量,Abaqus,2.17,0.8021554457
子图4：(d) 竖向分量,Abaqus,2.18,0.8036369906
子图4：(d) 竖向分量,Abaqus,2.19,0.8051185355
子图4：(d) 竖向分量,Abaqus,2.2,0.8066000805
子图4：(d) 竖向分量,Abaqus,2.21,0.8054348023
子图4：(d) 竖向分量,Abaqus,2.22,0.8042947892
子图4：(d) 竖向分量,Abaqus,2.23,0.8031547761
子图4：(d) 竖向分量,Abaqus,2.24,0.8020147629
子图4：(d) 竖向分量,Abaqus,2.25,0.8032775406
子图4：(d) 竖向分量,Abaqus,2.26,0.8045403651
子图4：(d) 竖向分量,Abaqus,2.27,0.8058031895
子图4：(d) 竖向分量,Abaqus,2.28,0.807066014
子图4：(d) 竖向分量,Abaqus,2.29,0.8060046303
子图4：(d) 竖向分量,Abaqus,2.3,0.8050442204
子图4：(d) 竖向分量,Abaqus,2.31,0.8040838105
子图4：(d) 竖向分量,Abaqus,2.32,0.8031234006
子图4：(d) 竖向分量,Abaqus,2.33,0.804175029
子图4：(d) 竖向分量,Abaqus,2.34,0.8052266966
子图4：(d) 竖向分量,Abaqus,2.35,0.8062783641
子图4：(d) 竖向分量,Abaqus,2.36,0.8073300317
子图4：(d) 竖向分量,Abaqus,2.37,0.8064115477
子图4：(d) 竖向分量,Abaqus,2.38,0.8056045361
子图4：(d) 竖向分量,Abaqus,2.39,0.8048220606
子图4：(d) 竖向分量,Abaqus,2.4,0.8040395851
子图4：(d) 竖向分量,Abaqus,2.41,0.80490006
子图4：(d) 竖向分量,Abaqus,2.42,0.8057605669
子图4：(d) 竖向分量,Abaqus,2.43,0.8066210739
子图4：(d) 竖向分量,Abaqus,2.44,0.8074815808
子图4：(d) 竖向分量,Abaqus,2.45,0.8067277036
子图4：(d) 竖向分量,Abaqus,2.46,0.806041598
子图4：(d) 竖向分量,Abaqus,2.47,0.80542612
子图4：(d) 竖向分量,Abaqus,2.48,0.8048106421
子图4：(d) 竖向分量,Abaqus,2.49,0.8055052341
子图4：(d) 竖向分量,Abaqus,2.5,0.8061998516
子图4：(d) 竖向分量,Abaqus,2.51,0.806894469
子图4：(d) 竖向分量,Abaqus,2.52,0.8075890865
子图4：(d) 竖向分量,Abaqus,2.53,0.8069844244
子图4：(d) 竖向分量,Abaqus,2.54,0.8064126499
子图4：(d) 竖向分量,Abaqus,2.55,0.8059494545
子图4：(d) 竖向分量,Abaqus,2.56,0.8054862591
子图4：(d) 竖向分量,Abaqus,2.57,0.8060416285
子图4：(d) 竖向分量,Abaqus,2.58,0.8065970177
子图4：(d) 竖向分量,Abaqus,2.59,0.8071524069
子图4：(d) 竖向分量,Abaqus,2.6,0.8077077962
子图4：(d) 竖向分量,Abaqus,2.61,0.8072372022
子图4：(d) 竖向分量,Abaqus,2.62,0.8067699987
子图4：(d) 竖向分量,Abaqus,2.63,0.8064444314
子图4：(d) 竖向分量,Abaqus,2.64,0.8061188642
子图4：(d) 竖向分量,Abaqus,2.65,0.8065604637
子图4：(d) 竖向分量,Abaqus,2.66,0.8070020781
子图4：(d) 竖向分量,Abaqus,2.67,0.8074436925
子图4：(d) 竖向分量,Abaqus,2.68,0.807885274
子图4：(d) 竖向分量,Abaqus,2.69,0.8075354054
子图4：(d) 竖向分量,Abaqus,2.7,0.8071855368
子图4：(d) 竖向分量,Abaqus,2.71,0.8069613776
子图4：(d) 竖向分量,Abaqus,2.72,0.8067604237
子图4：(d) 竖向分量,Abaqus,2.73,0.8071108985
子图4：(d) 竖向分量,Abaqus,2.74,0.8074613734
子图4：(d) 竖向分量,Abaqus,2.75,0.8078118483
子图4：(d) 竖向分量,Abaqus,2.76,0.8081622986
子图4：(d) 竖向分量,Abaqus,2.77,0.8079217016
子图4：(d) 竖向分量,Abaqus,2.78,0.8076811047
子图4：(d) 竖向分量,Abaqus,2.79,0.8075457109
子图4：(d) 竖向分量,Abaqus,2.8,0.8074579998
子图4：(d) 竖向分量,Abaqus,2.81,0.8077368021
子图4：(d) 竖向分量,Abaqus,2.82,0.8080156045
子图4：(d) 竖向分量,Abaqus,2.83,0.8082944068
子图4：(d) 竖向分量,Abaqus,2.84,0.8085731917
子图4：(d) 竖向分量,Abaqus,2.85,0.809170674
子图4：(d) 竖向分量,Abaqus,2.86,0.8100915227
子图4：(d) 竖向分量,Abaqus,2.87,0.8110123714
子图4：(d) 竖向分量,Abaqus,2.88,0.8120586329
子图4：(d) 竖向分量,Abaqus,2.89,0.8126263896
子图4：(d) 竖向分量,Abaqus,2.9,0.8131941462
子图4：(d) 竖向分量,Abaqus,2.91,0.8137619029
子图4：(d) 竖向分量,Abaqus,2.92,0.8143296796
子图4：(d) 竖向分量,Abaqus,2.93,0.8153800829
子图4：(d) 竖向分量,Abaqus,2.94,0.8164304861
子图4：(d) 竖向分量,Abaqus,2.95,0.8175340331
子图4：(d) 竖向分量,Abaqus,2.96,0.8187700982
子图4：(d) 竖向分量,Abaqus,2.97,0.8191950142
子图4：(d) 竖向分量,Abaqus,2.98,0.8196199301
子图4：(d) 竖向分量,Abaqus,2.99,0.8200448461
子图4：(d) 竖向分量,Abaqus,3,0.8204697916
子图4：(d) 竖向分量,Abaqus,3.01,0.8216037501
子图4：(d) 竖向分量,Abaqus,3.02,0.8227377086
子图4：(d) 竖向分量,Abaqus,3.03,0.824027802
子图4：(d) 竖向分量,Abaqus,3.04,0.8253584867
子图4：(d) 竖向分量,Abaqus,3.05,0.8257052322
子图4：(d) 竖向分量,Abaqus,3.06,0.8260519776
子图4：(d) 竖向分量,Abaqus,3.07,0.826398723
子图4：(d) 竖向分量,Abaqus,3.08,0.8267455028
子图4：(d) 竖向分量,Abaqus,3.09,0.8279193119
子图4：(d) 竖向分量,Abaqus,3.1,0.829153165
子图4：(d) 竖向分量,Abaqus,3.11,0.830533132
子图4：(d) 竖向分量,Abaqus,3.12,0.8319130548
子图4：(d) 竖向分量,Abaqus,3.13,0.8322285998
子图4：(d) 竖向分量,Abaqus,3.14,0.8325441448
子图4：(d) 竖向分量,Abaqus,3.15,0.8328596898
子图4：(d) 竖向分量,Abaqus,3.16,0.8331752704
子图4：(d) 竖向分量,Abaqus,3.17,0.8343490726
子图4：(d) 竖向分量,Abaqus,3.18,0.8356968103
子图4：(d) 竖向分量,Abaqus,3.19,0.837084665
子图4：(d) 竖向分量,Abaqus,3.2,0.8384724751
子图4：(d) 竖向分量,Abaqus,3.21,0.8387865161
子图4：(d) 竖向分量,Abaqus,3.22,0.8391005571
子图4：(d) 竖向分量,Abaqus,3.23,0.839414598
子图4：(d) 竖向分量,Abaqus,3.24,0.8397286733
子图4：(d) 竖向分量,Abaqus,3.25,0.8409515693
子图4：(d) 竖向分量,Abaqus,3.26,0.842311237
子图4：(d) 竖向分量,Abaqus,3.27,0.8436709046
子图4：(d) 竖向分量,Abaqus,3.28,0.8450305293
子图4：(d) 竖向分量,Abaqus,3.29,0.8453577446
子图4：(d) 竖向分量,Abaqus,3.3,0.8456849599
子图4：(d) 竖向分量,Abaqus,3.31,0.8460121751
子图4：(d) 竖向分量,Abaqus,3.32,0.8463407315
子图4：(d) 竖向分量,Abaqus,3.33,0.847641709
子图4：(d) 竖向分量,Abaqus,3.34,0.8489426864
子图4：(d) 竖向分量,Abaqus,3.35,0.8502436639
子图4：(d) 竖向分量,Abaqus,3.36,0.8515446015
子图4：(d) 竖向分量,Abaqus,3.37,0.8518882846
子图4：(d) 竖向分量,Abaqus,3.38,0.8522319676
子图4：(d) 竖向分量,Abaqus,3.39,0.8525756507
子图4：(d) 竖向分量,Abaqus,3.4,0.8530788889
子图4：(d) 竖向分量,Abaqus,3.41,0.8542954142
子图4：(d) 竖向分量,Abaqus,3.42,0.8555119395
子图4：(d) 竖向分量,Abaqus,3.43,0.8567284649
子图4：(d) 竖向分量,Abaqus,3.44,0.8579449545
子图4：(d) 竖向分量,Abaqus,3.45,0.8583009648
子图4：(d) 竖向分量,Abaqus,3.46,0.8586569751
子图4：(d) 竖向分量,Abaqus,3.47,0.8591219033
子图4：(d) 竖向分量,Abaqus,3.48,0.8597048187
子图4：(d) 竖向分量,Abaqus,3.49,0.8608150751
子图4：(d) 竖向分量,Abaqus,3.5,0.8619253314
子图4：(d) 竖向分量,Abaqus,3.51,0.8630355877
子图4：(d) 竖向分量,Abaqus,3.52,0.8641458129
子图4：(d) 竖向分量,Abaqus,3.53,0.8645059387
子图4：(d) 竖向分量,Abaqus,3.54,0.86493464
子图4：(d) 竖向分量,Abaqus,3.55,0.865523646
子图4：(d) 竖向分量,Abaqus,3.56,0.8661126686
子图4：(d) 竖向分量,Abaqus,3.57,0.8670984017
子图4：(d) 竖向分量,Abaqus,3.58,0.8680841349
子图4：(d) 竖向分量,Abaqus,3.59,0.8690698681
子图4：(d) 竖向分量,Abaqus,3.6,0.870055575
子图4：(d) 竖向分量,Abaqus,3.61,0.8704447256
子图4：(d) 竖向分量,Abaqus,3.62,0.8710294876
子图4：(d) 竖向分量,Abaqus,3.63,0.8716142496
子图4：(d) 竖向分量,Abaqus,3.64,0.8721990225
子图4：(d) 竖向分量,Abaqus,3.65,0.8730459724
子图4：(d) 竖向分量,Abaqus,3.66,0.8738929223
子图4：(d) 竖向分量,Abaqus,3.67,0.8747398723
子图4：(d) 竖向分量,Abaqus,3.68,0.8755919763
子图4：(d) 竖向分量,Abaqus,3.69,0.8761606633
子图4：(d) 竖向分量,Abaqus,3.7,0.8767293502
子图4：(d) 竖向分量,Abaqus,3.71,0.8772980371
子图4：(d) 竖向分量,Abaqus,3.72,0.8778667295
子图4：(d) 竖向分量,Abaqus,3.73,0.878565597
子图4：(d) 竖向分量,Abaqus,3.74,0.8792644645
子图4：(d) 竖向分量,Abaqus,3.75,0.879963332
子图4：(d) 竖向分量,Abaqus,3.76,0.8808707546
子图4：(d) 竖向分量,Abaqus,3.77,0.8814101807
子图4：(d) 竖向分量,Abaqus,3.78,0.8819496069
子图4：(d) 竖向分量,Abaqus,3.79,0.8824890331
子图4：(d) 竖向分量,Abaqus,3.8,0.8830284596
子图4：(d) 竖向分量,Abaqus,3.81,0.8835756848
子图4：(d) 竖向分量,Abaqus,3.82,0.88412291
子图4：(d) 竖向分量,Abaqus,3.83,0.8848463987
子图4：(d) 竖向分量,Abaqus,3.84,0.8856272901
子图4：(d) 竖向分量,Abaqus,3.85,0.8861230146
子图4：(d) 竖向分量,Abaqus,3.86,0.8866187391
子图4：(d) 竖向分量,Abaqus,3.87,0.8871144636
子图4：(d) 竖向分量,Abaqus,3.88,0.8876101841
子图4：(d) 竖向分量,Abaqus,3.89,0.8880083726
子图4：(d) 竖向分量,Abaqus,3.9,0.8885449586
子图4：(d) 竖向分量,Abaqus,3.91,0.889176036
子图4：(d) 竖向分量,Abaqus,3.92,0.8898071054
子图4：(d) 竖向分量,Abaqus,3.93,0.8902439739
子图4：(d) 竖向分量,Abaqus,3.94,0.8906808425
子图4：(d) 竖向分量,Abaqus,3.95,0.891117711
子图4：(d) 竖向分量,Abaqus,3.96,0.891554572
子图4：(d) 竖向分量,Abaqus,3.97,0.8919043859
子图4：(d) 竖向分量,Abaqus,3.98,0.8923935491
子图4：(d) 竖向分量,Abaqus,3.99,0.8928827123
子图4：(d) 竖向分量,Abaqus,4,0.8933718702
子图4：(d) 竖向分量,SPECFEM2D,-4,0.8954611708
子图4：(d) 竖向分量,SPECFEM2D,-3.99,0.8828766096
子图4：(d) 竖向分量,SPECFEM2D,-3.98,0.8754159081
子图4：(d) 竖向分量,SPECFEM2D,-3.97,0.862997254
子图4：(d) 竖向分量,SPECFEM2D,-3.96,0.8478456264
子图4：(d) 竖向分量,SPECFEM2D,-3.95,0.8332575486
子图4：(d) 竖向分量,SPECFEM2D,-3.94,0.8182551825
子图4：(d) 竖向分量,SPECFEM2D,-3.93,0.8003556001
子图4：(d) 竖向分量,SPECFEM2D,-3.92,0.7789533333
子图4：(d) 竖向分量,SPECFEM2D,-3.91,0.7587938299
子图4：(d) 竖向分量,SPECFEM2D,-3.9,0.7379888201
子图4：(d) 竖向分量,SPECFEM2D,-3.89,0.7133401836
子图4：(d) 竖向分量,SPECFEM2D,-3.88,0.6871588082
子图4：(d) 竖向分量,SPECFEM2D,-3.87,0.6597249279
子图4：(d) 竖向分量,SPECFEM2D,-3.86,0.6294571918
子图4：(d) 竖向分量,SPECFEM2D,-3.85,0.6068574482
子图4：(d) 竖向分量,SPECFEM2D,-3.84,0.5754209365
子图4：(d) 竖向分量,SPECFEM2D,-3.83,0.5497430024
子图4：(d) 竖向分量,SPECFEM2D,-3.82,0.5262232711
子图4：(d) 竖向分量,SPECFEM2D,-3.81,0.5045429098
子图4：(d) 竖向分量,SPECFEM2D,-3.8,0.4830816335
子图4：(d) 竖向分量,SPECFEM2D,-3.79,0.4679551644
子图4：(d) 竖向分量,SPECFEM2D,-3.78,0.4585911986
子图4：(d) 竖向分量,SPECFEM2D,-3.77,0.4587243151
子图4：(d) 竖向分量,SPECFEM2D,-3.76,0.4658558906
子图4：(d) 竖向分量,SPECFEM2D,-3.75,0.4821921696
子图4：(d) 竖向分量,SPECFEM2D,-3.74,0.50610722
子图4：(d) 竖向分量,SPECFEM2D,-3.73,0.5384982588
子图4：(d) 竖向分量,SPECFEM2D,-3.72,0.5746787068
子图4：(d) 竖向分量,SPECFEM2D,-3.71,0.61575507
子图4：(d) 竖向分量,SPECFEM2D,-3.7,0.6537160745
子图4：(d) 竖向分量,SPECFEM2D,-3.69,0.6933056086
子图4：(d) 竖向分量,SPECFEM2D,-3.68,0.7336947172
子图4：(d) 竖向分量,SPECFEM2D,-3.67,0.772612604
子图4：(d) 竖向分量,SPECFEM2D,-3.66,0.8123763963
子图4：(d) 竖向分量,SPECFEM2D,-3.65,0.8492731592
子图4：(d) 竖向分量,SPECFEM2D,-3.64,0.8837809481
子图4：(d) 竖向分量,SPECFEM2D,-3.63,0.9194293404
子图4：(d) 竖向分量,SPECFEM2D,-3.62,0.9510936068
子图4：(d) 竖向分量,SPECFEM2D,-3.61,0.9785000428
子图4：(d) 竖向分量,SPECFEM2D,-3.6,1.002232755
子图4：(d) 竖向分量,SPECFEM2D,-3.59,1.025631057
子图4：(d) 竖向分量,SPECFEM2D,-3.58,1.043946489
子图4：(d) 竖向分量,SPECFEM2D,-3.57,1.060766704
子图4：(d) 竖向分量,SPECFEM2D,-3.56,1.078816771
子图4：(d) 竖向分量,SPECFEM2D,-3.55,1.083063855
子图4：(d) 竖向分量,SPECFEM2D,-3.54,1.093263655
子图4：(d) 竖向分量,SPECFEM2D,-3.53,1.09707922
子图4：(d) 竖向分量,SPECFEM2D,-3.52,1.096449221
子图4：(d) 竖向分量,SPECFEM2D,-3.51,1.09063176
子图4：(d) 竖向分量,SPECFEM2D,-3.5,1.079725509
子图4：(d) 竖向分量,SPECFEM2D,-3.49,1.071134859
子图4：(d) 竖向分量,SPECFEM2D,-3.48,1.057142365
子图4：(d) 竖向分量,SPECFEM2D,-3.47,1.037913798
子图4：(d) 竖向分量,SPECFEM2D,-3.46,1.016741945
子图4：(d) 竖向分量,SPECFEM2D,-3.45,0.9951831536
子图4：(d) 竖向分量,SPECFEM2D,-3.44,0.9709189856
子图4：(d) 竖向分量,SPECFEM2D,-3.43,0.9433293255
子图4：(d) 竖向分量,SPECFEM2D,-3.42,0.9121915236
子图4：(d) 竖向分量,SPECFEM2D,-3.41,0.8762640983
子图4：(d) 竖向分量,SPECFEM2D,-3.4,0.8422772351
子图4：(d) 竖向分量,SPECFEM2D,-3.39,0.8090393048
子图4：(d) 竖向分量,SPECFEM2D,-3.38,0.7743472742
子图4：(d) 竖向分量,SPECFEM2D,-3.37,0.7393203194
子图4：(d) 竖向分量,SPECFEM2D,-3.36,0.7087255379
子图4：(d) 竖向分量,SPECFEM2D,-3.35,0.6755217049
子图4：(d) 竖向分量,SPECFEM2D,-3.34,0.6474662695
子图4：(d) 竖向分量,SPECFEM2D,-3.33,0.615970563
子图4：(d) 竖向分量,SPECFEM2D,-3.32,0.5927635849
子图4：(d) 竖向分量,SPECFEM2D,-3.31,0.5760000729
子图4：(d) 竖向分量,SPECFEM2D,-3.3,0.562671424
子图4：(d) 竖向分量,SPECFEM2D,-3.29,0.5555452059
子图4：(d) 竖向分量,SPECFEM2D,-3.28,0.5540146013
子图4：(d) 竖向分量,SPECFEM2D,-3.27,0.5599116375
子图4：(d) 竖向分量,SPECFEM2D,-3.26,0.5715566004
子图4：(d) 竖向分量,SPECFEM2D,-3.25,0.5796396617
子图4：(d) 竖向分量,SPECFEM2D,-3.24,0.5935346166
子图4：(d) 竖向分量,SPECFEM2D,-3.23,0.6149267622
子图4：(d) 竖向分量,SPECFEM2D,-3.22,0.6316730507
子图4：(d) 竖向分量,SPECFEM2D,-3.21,0.653286591
子图4：(d) 竖向分量,SPECFEM2D,-3.2,0.672323936
子图4：(d) 竖向分量,SPECFEM2D,-3.19,0.6929652657
子图4：(d) 竖向分量,SPECFEM2D,-3.18,0.7176661477
子图4：(d) 竖向分量,SPECFEM2D,-3.17,0.7386985385
子图4：(d) 竖向分量,SPECFEM2D,-3.16,0.7551634218
子图4：(d) 竖向分量,SPECFEM2D,-3.15,0.7770747826
子图4：(d) 竖向分量,SPECFEM2D,-3.14,0.7996618411
子图4：(d) 竖向分量,SPECFEM2D,-3.13,0.8183259774
子图4：(d) 竖向分量,SPECFEM2D,-3.12,0.8372779922
子图4：(d) 竖向分量,SPECFEM2D,-3.11,0.8612441666
子图4：(d) 竖向分量,SPECFEM2D,-3.1,0.862337782
子图4：(d) 竖向分量,SPECFEM2D,-3.09,0.879053832
子图4：(d) 竖向分量,SPECFEM2D,-3.08,0.8950477701
子图4：(d) 竖向分量,SPECFEM2D,-3.07,0.9058375981
子图4：(d) 竖向分量,SPECFEM2D,-3.06,0.9143772574
子图4：(d) 竖向分量,SPECFEM2D,-3.05,0.927615006
子图4：(d) 竖向分量,SPECFEM2D,-3.04,0.9388412344
子图4：(d) 竖向分量,SPECFEM2D,-3.03,0.9522689644
子图4：(d) 竖向分量,SPECFEM2D,-3.02,0.9608564664
子图4：(d) 竖向分量,SPECFEM2D,-3.01,0.9681067581
子图4：(d) 竖向分量,SPECFEM2D,-3,0.978510407
子图4：(d) 竖向分量,SPECFEM2D,-2.99,0.9868327439
子图4：(d) 竖向分量,SPECFEM2D,-2.98,0.9936204926
子图4：(d) 竖向分量,SPECFEM2D,-2.97,1.003814843
子图4：(d) 竖向分量,SPECFEM2D,-2.96,1.011145571
子图4：(d) 竖向分量,SPECFEM2D,-2.95,1.014364815
子图4：(d) 竖向分量,SPECFEM2D,-2.94,1.024835708
子图4：(d) 竖向分量,SPECFEM2D,-2.93,1.030292706
子图4：(d) 竖向分量,SPECFEM2D,-2.92,1.03015859
子图4：(d) 竖向分量,SPECFEM2D,-2.91,1.02815026
子图4：(d) 竖向分量,SPECFEM2D,-2.9,1.032744523
子图4：(d) 竖向分量,SPECFEM2D,-2.89,1.035801677
子图4：(d) 竖向分量,SPECFEM2D,-2.88,1.039927136
子图4：(d) 竖向分量,SPECFEM2D,-2.87,1.040623124
子图4：(d) 竖向分量,SPECFEM2D,-2.86,1.043636073
子图4：(d) 竖向分量,SPECFEM2D,-2.85,1.044508897
子图4：(d) 竖向分量,SPECFEM2D,-2.84,1.040965429
子图4：(d) 竖向分量,SPECFEM2D,-2.83,1.040071263
子图4：(d) 竖向分量,SPECFEM2D,-2.82,1.038608463
子图4：(d) 竖向分量,SPECFEM2D,-2.81,1.040240578
子图4：(d) 竖向分量,SPECFEM2D,-2.8,1.036949354
子图4：(d) 竖向分量,SPECFEM2D,-2.79,1.030683749
子图4：(d) 竖向分量,SPECFEM2D,-2.78,1.030068597
子图4：(d) 竖向分量,SPECFEM2D,-2.77,1.024663571
子图4：(d) 竖向分量,SPECFEM2D,-2.76,1.020152917
子图4：(d) 竖向分量,SPECFEM2D,-2.75,1.015503608
子图4：(d) 竖向分量,SPECFEM2D,-2.74,1.00704829
子图4：(d) 竖向分量,SPECFEM2D,-2.73,1.003608447
子图4：(d) 竖向分量,SPECFEM2D,-2.72,0.9966210439
子图4：(d) 竖向分量,SPECFEM2D,-2.71,0.9921913583
子图4：(d) 竖向分量,SPECFEM2D,-2.7,0.985936057
子图4：(d) 竖向分量,SPECFEM2D,-2.69,0.9811105351
子图4：(d) 竖向分量,SPECFEM2D,-2.68,0.9743334111
子图4：(d) 竖向分量,SPECFEM2D,-2.67,0.976313818
子图4：(d) 竖向分量,SPECFEM2D,-2.66,0.9672121498
子图4：(d) 竖向分量,SPECFEM2D,-2.65,0.9559170568
子图4：(d) 竖向分量,SPECFEM2D,-2.64,0.9518921966
子图4：(d) 竖向分量,SPECFEM2D,-2.63,0.9456921874
子图4：(d) 竖向分量,SPECFEM2D,-2.62,0.9447356696
子图4：(d) 竖向分量,SPECFEM2D,-2.61,0.9403719753
子图4：(d) 竖向分量,SPECFEM2D,-2.6,0.9379906484
子图4：(d) 竖向分量,SPECFEM2D,-2.59,0.9358241313
子图4：(d) 竖向分量,SPECFEM2D,-2.58,0.9286589065
子图4：(d) 竖向分量,SPECFEM2D,-2.57,0.9271979221
子图4：(d) 竖向分量,SPECFEM2D,-2.56,0.925901403
子图4：(d) 竖向分量,SPECFEM2D,-2.55,0.9265466039
子图4：(d) 竖向分量,SPECFEM2D,-2.54,0.9245465281
子图4：(d) 竖向分量,SPECFEM2D,-2.53,0.9244601989
子图4：(d) 竖向分量,SPECFEM2D,-2.52,0.9301332428
子图4：(d) 竖向分量,SPECFEM2D,-2.51,0.9297165127
子图4：(d) 竖向分量,SPECFEM2D,-2.5,0.933492742
子图4：(d) 竖向分量,SPECFEM2D,-2.49,0.9372956793
子图4：(d) 竖向分量,SPECFEM2D,-2.48,0.9416592468
子图4：(d) 竖向分量,SPECFEM2D,-2.47,0.9451494918
子图4：(d) 竖向分量,SPECFEM2D,-2.46,0.9527089421
子图4：(d) 竖向分量,SPECFEM2D,-2.45,0.9600360172
子图4：(d) 竖向分量,SPECFEM2D,-2.44,0.9673490172
子图4：(d) 竖向分量,SPECFEM2D,-2.43,0.9761680067
子图4：(d) 竖向分量,SPECFEM2D,-2.42,0.9851639062
子图4：(d) 竖向分量,SPECFEM2D,-2.41,0.9958055715
子图4：(d) 竖向分量,SPECFEM2D,-2.4,1.004915042
子图4：(d) 竖向分量,SPECFEM2D,-2.39,1.019082899
子图4：(d) 竖向分量,SPECFEM2D,-2.38,1.028307423
子图4：(d) 竖向分量,SPECFEM2D,-2.37,1.040978303
子图4：(d) 竖向分量,SPECFEM2D,-2.36,1.047975628
子图4：(d) 竖向分量,SPECFEM2D,-2.35,1.058824495
子图4：(d) 竖向分量,SPECFEM2D,-2.34,1.068581716
子图4：(d) 竖向分量,SPECFEM2D,-2.33,1.079896033
子图4：(d) 竖向分量,SPECFEM2D,-2.32,1.089183331
子图4：(d) 竖向分量,SPECFEM2D,-2.31,1.09638336
子图4：(d) 竖向分量,SPECFEM2D,-2.3,1.105844621
子图4：(d) 竖向分量,SPECFEM2D,-2.29,1.114024232
子图4：(d) 竖向分量,SPECFEM2D,-2.28,1.121088048
子图4：(d) 竖向分量,SPECFEM2D,-2.27,1.125192736
子图4：(d) 竖向分量,SPECFEM2D,-2.26,1.131775928
子图4：(d) 竖向分量,SPECFEM2D,-2.25,1.134834826
子图4：(d) 竖向分量,SPECFEM2D,-2.24,1.136976724
子图4：(d) 竖向分量,SPECFEM2D,-2.23,1.139936021
子图4：(d) 竖向分量,SPECFEM2D,-2.22,1.139341507
子图4：(d) 竖向分量,SPECFEM2D,-2.21,1.137737675
子图4：(d) 竖向分量,SPECFEM2D,-2.2,1.137762902
子图4：(d) 竖向分量,SPECFEM2D,-2.19,1.133806328
子图4：(d) 竖向分量,SPECFEM2D,-2.18,1.127883701
子图4：(d) 竖向分量,SPECFEM2D,-2.17,1.123391691
子图4：(d) 竖向分量,SPECFEM2D,-2.16,1.114496933
子图4：(d) 竖向分量,SPECFEM2D,-2.15,1.107438931
子图4：(d) 竖向分量,SPECFEM2D,-2.14,1.098298577
子图4：(d) 竖向分量,SPECFEM2D,-2.13,1.085056609
子图4：(d) 竖向分量,SPECFEM2D,-2.12,1.072354592
子图4：(d) 竖向分量,SPECFEM2D,-2.11,1.059219432
子图4：(d) 竖向分量,SPECFEM2D,-2.1,1.04271448
子图4：(d) 竖向分量,SPECFEM2D,-2.09,1.027430019
子图4：(d) 竖向分量,SPECFEM2D,-2.08,1.00894307
子图4：(d) 竖向分量,SPECFEM2D,-2.07,0.9933993936
子图4：(d) 竖向分量,SPECFEM2D,-2.06,0.9726184445
子图4：(d) 竖向分量,SPECFEM2D,-2.05,0.9562499639
子图4：(d) 竖向分量,SPECFEM2D,-2.04,0.9352527372
子图4：(d) 竖向分量,SPECFEM2D,-2.03,0.9111992798
子图4：(d) 竖向分量,SPECFEM2D,-2.02,0.8919994936
子图4：(d) 竖向分量,SPECFEM2D,-2.01,0.8717416686
子图4：(d) 竖向分量,SPECFEM2D,-2,0.8497127954
子图4：(d) 竖向分量,SPECFEM2D,-1.99,0.8313552897
子图4：(d) 竖向分量,SPECFEM2D,-1.98,0.8085745393
子图4：(d) 竖向分量,SPECFEM2D,-1.97,0.788306061
子图4：(d) 竖向分量,SPECFEM2D,-1.96,0.773318075
子图4：(d) 竖向分量,SPECFEM2D,-1.95,0.75511299
子图4：(d) 竖向分量,SPECFEM2D,-1.94,0.7413842915
子图4：(d) 竖向分量,SPECFEM2D,-1.93,0.7305851546
子图4：(d) 竖向分量,SPECFEM2D,-1.92,0.7175822214
子图4：(d) 竖向分量,SPECFEM2D,-1.91,0.711905672
子图4：(d) 竖向分量,SPECFEM2D,-1.9,0.7074014781
子图4：(d) 竖向分量,SPECFEM2D,-1.89,0.7092233179
子图4：(d) 竖向分量,SPECFEM2D,-1.88,0.7113006428
子图4：(d) 竖向分量,SPECFEM2D,-1.87,0.7192025371
子图4：(d) 竖向分量,SPECFEM2D,-1.86,0.7294667442
子图4：(d) 竖向分量,SPECFEM2D,-1.85,0.742428995
子图4：(d) 竖向分量,SPECFEM2D,-1.84,0.7596944713
子图4：(d) 竖向分量,SPECFEM2D,-1.83,0.781852447
子图4：(d) 竖向分量,SPECFEM2D,-1.82,0.808149732
子图4：(d) 竖向分量,SPECFEM2D,-1.81,0.8338794106
子图4：(d) 竖向分量,SPECFEM2D,-1.8,0.8627951988
子图4：(d) 竖向分量,SPECFEM2D,-1.79,0.8950516624
子图4：(d) 竖向分量,SPECFEM2D,-1.78,0.9308388835
子图4：(d) 竖向分量,SPECFEM2D,-1.77,0.9624226689
子图4：(d) 竖向分量,SPECFEM2D,-1.76,0.998108869
子图4：(d) 竖向分量,SPECFEM2D,-1.75,1.032550721
子图4：(d) 竖向分量,SPECFEM2D,-1.74,1.070923591
子图4：(d) 竖向分量,SPECFEM2D,-1.73,1.108253504
子图4：(d) 竖向分量,SPECFEM2D,-1.72,1.142822265
子图4：(d) 竖向分量,SPECFEM2D,-1.71,1.181061991
子图4：(d) 竖向分量,SPECFEM2D,-1.7,1.219676149
子图4：(d) 竖向分量,SPECFEM2D,-1.69,1.254557203
子图4：(d) 竖向分量,SPECFEM2D,-1.68,1.292318276
子图4：(d) 竖向分量,SPECFEM2D,-1.67,1.330214341
子图4：(d) 竖向分量,SPECFEM2D,-1.66,1.367054005
子图4：(d) 竖向分量,SPECFEM2D,-1.65,1.397758333
子图4：(d) 竖向分量,SPECFEM2D,-1.64,1.433293326
子图4：(d) 竖向分量,SPECFEM2D,-1.63,1.463162764
子图4：(d) 竖向分量,SPECFEM2D,-1.62,1.495737744
子图4：(d) 竖向分量,SPECFEM2D,-1.61,1.527305247
子图4：(d) 竖向分量,SPECFEM2D,-1.6,1.557361551
子图4：(d) 竖向分量,SPECFEM2D,-1.59,1.584151465
子图4：(d) 竖向分量,SPECFEM2D,-1.58,1.61586713
子图4：(d) 竖向分量,SPECFEM2D,-1.57,1.642828547
子图4：(d) 竖向分量,SPECFEM2D,-1.56,1.663184491
子图4：(d) 竖向分量,SPECFEM2D,-1.55,1.690620644
子图4：(d) 竖向分量,SPECFEM2D,-1.54,1.715878823
子图4：(d) 竖向分量,SPECFEM2D,-1.53,1.734492834
子图4：(d) 竖向分量,SPECFEM2D,-1.52,1.749629714
子图4：(d) 竖向分量,SPECFEM2D,-1.51,1.769554166
子图4：(d) 竖向分量,SPECFEM2D,-1.5,1.795019584
子图4：(d) 竖向分量,SPECFEM2D,-1.49,1.81353303
子图4：(d) 竖向分量,SPECFEM2D,-1.48,1.822184555
子图4：(d) 竖向分量,SPECFEM2D,-1.47,1.83081623
子图4：(d) 竖向分量,SPECFEM2D,-1.46,1.841351088
子图4：(d) 竖向分量,SPECFEM2D,-1.45,1.849827107
子图4：(d) 竖向分量,SPECFEM2D,-1.44,1.857694619
子图4：(d) 竖向分量,SPECFEM2D,-1.43,1.864439227
子图4：(d) 竖向分量,SPECFEM2D,-1.42,1.872842257
子图4：(d) 竖向分量,SPECFEM2D,-1.41,1.879498237
子图4：(d) 竖向分量,SPECFEM2D,-1.4,1.886863772
子图4：(d) 竖向分量,SPECFEM2D,-1.39,1.889867818
子图4：(d) 竖向分量,SPECFEM2D,-1.38,1.886044529
子图4：(d) 竖向分量,SPECFEM2D,-1.37,1.884484243
子图4：(d) 竖向分量,SPECFEM2D,-1.36,1.887697178
子图4：(d) 竖向分量,SPECFEM2D,-1.35,1.888709483
子图4：(d) 竖向分量,SPECFEM2D,-1.34,1.880224894
子图4：(d) 竖向分量,SPECFEM2D,-1.33,1.882066708
子图4：(d) 竖向分量,SPECFEM2D,-1.32,1.871870001
子图4：(d) 竖向分量,SPECFEM2D,-1.31,1.872184334
子图4：(d) 竖向分量,SPECFEM2D,-1.3,1.868428152
子图4：(d) 竖向分量,SPECFEM2D,-1.29,1.856746645
子图4：(d) 竖向分量,SPECFEM2D,-1.28,1.850537019
子图4：(d) 竖向分量,SPECFEM2D,-1.27,1.844285736
子图4：(d) 竖向分量,SPECFEM2D,-1.26,1.831832175
子图4：(d) 竖向分量,SPECFEM2D,-1.25,1.820664668
子图4：(d) 竖向分量,SPECFEM2D,-1.24,1.814952631
子图4：(d) 竖向分量,SPECFEM2D,-1.23,1.803586128
子图4：(d) 竖向分量,SPECFEM2D,-1.22,1.788477285
子图4：(d) 竖向分量,SPECFEM2D,-1.21,1.780374994
子图4：(d) 竖向分量,SPECFEM2D,-1.2,1.774649766
子图4：(d) 竖向分量,SPECFEM2D,-1.19,1.761041159
子图4：(d) 竖向分量,SPECFEM2D,-1.18,1.741809081
子图4：(d) 竖向分量,SPECFEM2D,-1.17,1.737193652
子图4：(d) 竖向分量,SPECFEM2D,-1.16,1.72687877
子图4：(d) 竖向分量,SPECFEM2D,-1.15,1.712777329
子图4：(d) 竖向分量,SPECFEM2D,-1.14,1.703399544
子图4：(d) 竖向分量,SPECFEM2D,-1.13,1.694795016
子图4：(d) 竖向分量,SPECFEM2D,-1.12,1.682322534
子图4：(d) 竖向分量,SPECFEM2D,-1.11,1.676115242
子图4：(d) 竖向分量,SPECFEM2D,-1.1,1.669591976
子图4：(d) 竖向分量,SPECFEM2D,-1.09,1.658540673
子图4：(d) 竖向分量,SPECFEM2D,-1.08,1.649586467
子图4：(d) 竖向分量,SPECFEM2D,-1.07,1.649923187
子图4：(d) 竖向分量,SPECFEM2D,-1.06,1.647000858
子图4：(d) 竖向分量,SPECFEM2D,-1.05,1.6391361
子图4：(d) 竖向分量,SPECFEM2D,-1.04,1.646807637
子图4：(d) 竖向分量,SPECFEM2D,-1.03,1.644525899
子图4：(d) 竖向分量,SPECFEM2D,-1.02,1.643875426
子图4：(d) 竖向分量,SPECFEM2D,-1.01,1.648193519
子图4：(d) 竖向分量,SPECFEM2D,-1,1.650875655
子图4：(d) 竖向分量,SPECFEM2D,-0.99,1.655183561
子图4：(d) 竖向分量,SPECFEM2D,-0.98,1.66438253
子图4：(d) 竖向分量,SPECFEM2D,-0.97,1.670727573
子图4：(d) 竖向分量,SPECFEM2D,-0.96,1.684492041
子图4：(d) 竖向分量,SPECFEM2D,-0.95,1.701086256
子图4：(d) 竖向分量,SPECFEM2D,-0.94,1.708266634
子图4：(d) 竖向分量,SPECFEM2D,-0.93,1.726553579
子图4：(d) 竖向分量,SPECFEM2D,-0.92,1.740752969
子图4：(d) 竖向分量,SPECFEM2D,-0.91,1.763950687
子图4：(d) 竖向分量,SPECFEM2D,-0.9,1.779194576
子图4：(d) 竖向分量,SPECFEM2D,-0.89,1.808067689
子图4：(d) 竖向分量,SPECFEM2D,-0.88,1.822436192
子图4：(d) 竖向分量,SPECFEM2D,-0.87,1.846066625
子图4：(d) 竖向分量,SPECFEM2D,-0.86,1.875668309
子图4：(d) 竖向分量,SPECFEM2D,-0.85,1.895079601
子图4：(d) 竖向分量,SPECFEM2D,-0.84,1.917977431
子图4：(d) 竖向分量,SPECFEM2D,-0.83,1.943653836
子图4：(d) 竖向分量,SPECFEM2D,-0.82,1.96138065
子图4：(d) 竖向分量,SPECFEM2D,-0.81,1.987333472
子图4：(d) 竖向分量,SPECFEM2D,-0.8,2.011435818
子图4：(d) 竖向分量,SPECFEM2D,-0.79,2.037632261
子图4：(d) 竖向分量,SPECFEM2D,-0.78,2.061461177
子图4：(d) 竖向分量,SPECFEM2D,-0.77,2.089786489
子图4：(d) 竖向分量,SPECFEM2D,-0.76,2.10836892
子图4：(d) 竖向分量,SPECFEM2D,-0.75,2.132410669
子图4：(d) 竖向分量,SPECFEM2D,-0.74,2.162225541
子图4：(d) 竖向分量,SPECFEM2D,-0.73,2.170975869
子图4：(d) 竖向分量,SPECFEM2D,-0.72,2.19219648
子图4：(d) 竖向分量,SPECFEM2D,-0.71,2.209825867
子图4：(d) 竖向分量,SPECFEM2D,-0.7,2.226243679
子图4：(d) 竖向分量,SPECFEM2D,-0.69,2.247812523
子图4：(d) 竖向分量,SPECFEM2D,-0.68,2.263042421
子图4：(d) 竖向分量,SPECFEM2D,-0.67,2.271232474
子图4：(d) 竖向分量,SPECFEM2D,-0.66,2.282023079
子图4：(d) 竖向分量,SPECFEM2D,-0.65,2.296670695
子图4：(d) 竖向分量,SPECFEM2D,-0.64,2.311643894
子图4：(d) 竖向分量,SPECFEM2D,-0.63,2.319920714
子图4：(d) 竖向分量,SPECFEM2D,-0.62,2.32736833
子图4：(d) 竖向分量,SPECFEM2D,-0.61,2.335376724
子图4：(d) 竖向分量,SPECFEM2D,-0.6,2.331938848
子图4：(d) 竖向分量,SPECFEM2D,-0.59,2.327831187
子图4：(d) 竖向分量,SPECFEM2D,-0.58,2.32917361
子图4：(d) 竖向分量,SPECFEM2D,-0.57,2.327676254
子图4：(d) 竖向分量,SPECFEM2D,-0.56,2.322497445
子图4：(d) 竖向分量,SPECFEM2D,-0.55,2.312213968
子图4：(d) 竖向分量,SPECFEM2D,-0.54,2.302147813
子图4：(d) 竖向分量,SPECFEM2D,-0.53,2.291091069
子图4：(d) 竖向分量,SPECFEM2D,-0.52,2.273256333
子图4：(d) 竖向分量,SPECFEM2D,-0.51,2.260823006
子图4：(d) 竖向分量,SPECFEM2D,-0.5,2.243878619
子图4：(d) 竖向分量,SPECFEM2D,-0.49,2.227690306
子图4：(d) 竖向分量,SPECFEM2D,-0.48,2.207420057
子图4：(d) 竖向分量,SPECFEM2D,-0.47,2.180836008
子图4：(d) 竖向分量,SPECFEM2D,-0.46,2.154998579
子图4：(d) 竖向分量,SPECFEM2D,-0.45,2.128901905
子图4：(d) 竖向分量,SPECFEM2D,-0.44,2.106051075
子图4：(d) 竖向分量,SPECFEM2D,-0.43,2.070044422
子图4：(d) 竖向分量,SPECFEM2D,-0.42,2.035720139
子图4：(d) 竖向分量,SPECFEM2D,-0.41,2.004384438
子图4：(d) 竖向分量,SPECFEM2D,-0.4,1.964321088
子图4：(d) 竖向分量,SPECFEM2D,-0.39,1.923190407
子图4：(d) 竖向分量,SPECFEM2D,-0.38,1.881740887
子图4：(d) 竖向分量,SPECFEM2D,-0.37,1.843219352
子图4：(d) 竖向分量,SPECFEM2D,-0.36,1.802906111
子图4：(d) 竖向分量,SPECFEM2D,-0.35,1.75503712
子图4：(d) 竖向分量,SPECFEM2D,-0.34,1.712666668
子图4：(d) 竖向分量,SPECFEM2D,-0.33,1.670168331
子图4：(d) 竖向分量,SPECFEM2D,-0.32,1.617460611
子图4：(d) 竖向分量,SPECFEM2D,-0.31,1.561668953
子图4：(d) 竖向分量,SPECFEM2D,-0.3,1.515698134
子图4：(d) 竖向分量,SPECFEM2D,-0.29,1.453966189
子图4：(d) 竖向分量,SPECFEM2D,-0.28,1.398914072
子图4：(d) 竖向分量,SPECFEM2D,-0.27,1.340160138
子图4：(d) 竖向分量,SPECFEM2D,-0.26,1.280238973
子图4：(d) 竖向分量,SPECFEM2D,-0.25,1.229181004
子图4：(d) 竖向分量,SPECFEM2D,-0.24,1.172942597
子图4：(d) 竖向分量,SPECFEM2D,-0.23,1.112857446
子图4：(d) 竖向分量,SPECFEM2D,-0.22,1.054501376
子图4：(d) 竖向分量,SPECFEM2D,-0.21,0.9998029888
子图4：(d) 竖向分量,SPECFEM2D,-0.2,0.9385196897
子图4：(d) 竖向分量,SPECFEM2D,-0.19,0.8875043666
子图4：(d) 竖向分量,SPECFEM2D,-0.18,0.8314773604
子图4：(d) 竖向分量,SPECFEM2D,-0.17,0.7855728912
子图4：(d) 竖向分量,SPECFEM2D,-0.16,0.740238009
子图4：(d) 竖向分量,SPECFEM2D,-0.15,0.7083751599
子图4：(d) 竖向分量,SPECFEM2D,-0.14,0.683001288
子图4：(d) 竖向分量,SPECFEM2D,-0.13,0.6638722392
子图4：(d) 竖向分量,SPECFEM2D,-0.12,0.6538727894
子图4：(d) 竖向分量,SPECFEM2D,-0.11,0.6586616895
子图4：(d) 竖向分量,SPECFEM2D,-0.1,0.68103884
子图4：(d) 竖向分量,SPECFEM2D,-0.09,0.718947122
子图4：(d) 竖向分量,SPECFEM2D,-0.08,0.7651160153
子图4：(d) 竖向分量,SPECFEM2D,-0.07,0.8160857476
子图4：(d) 竖向分量,SPECFEM2D,-0.06,0.8739688657
子图4：(d) 竖向分量,SPECFEM2D,-0.05,0.9357377744
子图4：(d) 竖向分量,SPECFEM2D,-0.04,1.000985546
子图4：(d) 竖向分量,SPECFEM2D,-0.03,1.066343717
子图4：(d) 竖向分量,SPECFEM2D,-0.02,1.133736615
子图4：(d) 竖向分量,SPECFEM2D,-0.01,1.202598688
子图4：(d) 竖向分量,SPECFEM2D,0,1.280956432
子图4：(d) 竖向分量,SPECFEM2D,0.01,1.323050783
子图4：(d) 竖向分量,SPECFEM2D,0.02,1.35894922
子图4：(d) 竖向分量,SPECFEM2D,0.03,1.390238491
子图4：(d) 竖向分量,SPECFEM2D,0.04,1.418170424
子图4：(d) 竖向分量,SPECFEM2D,0.05,1.446073591
子图4：(d) 竖向分量,SPECFEM2D,0.06,1.475562161
子图4：(d) 竖向分量,SPECFEM2D,0.07,1.501145576
子图4：(d) 竖向分量,SPECFEM2D,0.08,1.526063996
子图4：(d) 竖向分量,SPECFEM2D,0.09,1.550441968
子图4：(d) 竖向分量,SPECFEM2D,0.1,1.582142558
子图4：(d) 竖向分量,SPECFEM2D,0.11,1.604081037
子图4：(d) 竖向分量,SPECFEM2D,0.12,1.616847083
子图4：(d) 竖向分量,SPECFEM2D,0.13,1.628525187
子图4：(d) 竖向分量,SPECFEM2D,0.14,1.640311289
子图4：(d) 竖向分量,SPECFEM2D,0.15,1.65005723
子图4：(d) 竖向分量,SPECFEM2D,0.16,1.662126976
子图4：(d) 竖向分量,SPECFEM2D,0.17,1.671908369
子图4：(d) 竖向分量,SPECFEM2D,0.18,1.677441311
子图4：(d) 竖向分量,SPECFEM2D,0.19,1.681653907
子图4：(d) 竖向分量,SPECFEM2D,0.2,1.685750159
子图4：(d) 竖向分量,SPECFEM2D,0.21,1.684877265
子图4：(d) 竖向分量,SPECFEM2D,0.22,1.680227964
子图4：(d) 竖向分量,SPECFEM2D,0.23,1.673706067
子图4：(d) 竖向分量,SPECFEM2D,0.24,1.670669459
子图4：(d) 竖向分量,SPECFEM2D,0.25,1.680691586
子图4：(d) 竖向分量,SPECFEM2D,0.26,1.64211982
子图4：(d) 竖向分量,SPECFEM2D,0.27,1.633983418
子图4：(d) 竖向分量,SPECFEM2D,0.28,1.61766884
子图4：(d) 竖向分量,SPECFEM2D,0.29,1.60163481
子图4：(d) 竖向分量,SPECFEM2D,0.3,1.578902872
子图4：(d) 竖向分量,SPECFEM2D,0.31,1.563307054
子图4：(d) 竖向分量,SPECFEM2D,0.32,1.555130089
子图4：(d) 竖向分量,SPECFEM2D,0.33,1.536116999
子图4：(d) 竖向分量,SPECFEM2D,0.34,1.507557389
子图4：(d) 竖向分量,SPECFEM2D,0.35,1.486050121
子图4：(d) 竖向分量,SPECFEM2D,0.36,1.47943409
子图4：(d) 竖向分量,SPECFEM2D,0.37,1.449305022
子图4：(d) 竖向分量,SPECFEM2D,0.38,1.42401108
子图4：(d) 竖向分量,SPECFEM2D,0.39,1.419923468
子图4：(d) 竖向分量,SPECFEM2D,0.4,1.394890637
子图4：(d) 竖向分量,SPECFEM2D,0.41,1.380441851
子图4：(d) 竖向分量,SPECFEM2D,0.42,1.35691284
子图4：(d) 竖向分量,SPECFEM2D,0.43,1.350934216
子图4：(d) 竖向分量,SPECFEM2D,0.44,1.344992475
子图4：(d) 竖向分量,SPECFEM2D,0.45,1.330094615
子图4：(d) 竖向分量,SPECFEM2D,0.46,1.308011467
子图4：(d) 竖向分量,SPECFEM2D,0.47,1.303678013
子图4：(d) 竖向分量,SPECFEM2D,0.48,1.306538424
子图4：(d) 竖向分量,SPECFEM2D,0.49,1.296779793
子图4：(d) 竖向分量,SPECFEM2D,0.5,1.291029454
子图4：(d) 竖向分量,SPECFEM2D,0.51,1.291681473
子图4：(d) 竖向分量,SPECFEM2D,0.52,1.286155137
子图4：(d) 竖向分量,SPECFEM2D,0.53,1.275897564
子图4：(d) 竖向分量,SPECFEM2D,0.54,1.269236674
子图4：(d) 竖向分量,SPECFEM2D,0.55,1.273820267
子图4：(d) 竖向分量,SPECFEM2D,0.56,1.27608045
子图4：(d) 竖向分量,SPECFEM2D,0.57,1.280834824
子图4：(d) 竖向分量,SPECFEM2D,0.58,1.29096818
子图4：(d) 竖向分量,SPECFEM2D,0.59,1.292814066
子图4：(d) 竖向分量,SPECFEM2D,0.6,1.284260978
子图4：(d) 竖向分量,SPECFEM2D,0.61,1.266486617
子图4：(d) 竖向分量,SPECFEM2D,0.62,1.272158161
子图4：(d) 竖向分量,SPECFEM2D,0.63,1.281201585
子图4：(d) 竖向分量,SPECFEM2D,0.64,1.266441451
子图4：(d) 竖向分量,SPECFEM2D,0.65,1.244719585
子图4：(d) 竖向分量,SPECFEM2D,0.66,1.235221607
子图4：(d) 竖向分量,SPECFEM2D,0.67,1.222593609
子图4：(d) 竖向分量,SPECFEM2D,0.68,1.203991984
子图4：(d) 竖向分量,SPECFEM2D,0.69,1.198459541
子图4：(d) 竖向分量,SPECFEM2D,0.7,1.19331362
子图4：(d) 竖向分量,SPECFEM2D,0.71,1.180000412
子图4：(d) 竖向分量,SPECFEM2D,0.72,1.163640196
子图4：(d) 竖向分量,SPECFEM2D,0.73,1.154842349
子图4：(d) 竖向分量,SPECFEM2D,0.74,1.129156459
子图4：(d) 竖向分量,SPECFEM2D,0.75,1.137206343
子图4：(d) 竖向分量,SPECFEM2D,0.76,1.094225072
子图4：(d) 竖向分量,SPECFEM2D,0.77,1.079984585
子图4：(d) 竖向分量,SPECFEM2D,0.78,1.064641106
子图4：(d) 竖向分量,SPECFEM2D,0.79,1.044217976
子图4：(d) 竖向分量,SPECFEM2D,0.8,1.016531206
子图4：(d) 竖向分量,SPECFEM2D,0.81,0.9811892102
子图4：(d) 竖向分量,SPECFEM2D,0.82,0.9399789683
子图4：(d) 竖向分量,SPECFEM2D,0.83,0.9311955221
子图4：(d) 竖向分量,SPECFEM2D,0.84,0.932231748
子图4：(d) 竖向分量,SPECFEM2D,0.85,0.9244647532
子图4：(d) 竖向分量,SPECFEM2D,0.86,0.9108540999
子图4：(d) 竖向分量,SPECFEM2D,0.87,0.9120379251
子图4：(d) 竖向分量,SPECFEM2D,0.88,0.8519185126
子图4：(d) 竖向分量,SPECFEM2D,0.89,0.8423515379
子图4：(d) 竖向分量,SPECFEM2D,0.9,0.8204619111
子图4：(d) 竖向分量,SPECFEM2D,0.91,0.8039928883
子图4：(d) 竖向分量,SPECFEM2D,0.92,0.7902818767
子图4：(d) 竖向分量,SPECFEM2D,0.93,0.7976086231
子图4：(d) 竖向分量,SPECFEM2D,0.94,0.7966112198
子图4：(d) 竖向分量,SPECFEM2D,0.95,0.7811521044
子图4：(d) 竖向分量,SPECFEM2D,0.96,0.7527192073
子图4：(d) 竖向分量,SPECFEM2D,0.97,0.7168897153
子图4：(d) 竖向分量,SPECFEM2D,0.98,0.7020954144
子图4：(d) 竖向分量,SPECFEM2D,0.99,0.695312577
子图4：(d) 竖向分量,SPECFEM2D,1,0.7971411939
子图4：(d) 竖向分量,SPECFEM2D,1.01,0.7412312474
子图4：(d) 竖向分量,SPECFEM2D,1.02,0.7174974754
子图4：(d) 竖向分量,SPECFEM2D,1.03,0.7159489443
子图4：(d) 竖向分量,SPECFEM2D,1.04,0.7280834046
子图4：(d) 竖向分量,SPECFEM2D,1.05,0.7468873898
子图4：(d) 竖向分量,SPECFEM2D,1.06,0.7668363239
子图4：(d) 竖向分量,SPECFEM2D,1.07,0.7847361737
子图4：(d) 竖向分量,SPECFEM2D,1.08,0.8081229065
子图4：(d) 竖向分量,SPECFEM2D,1.09,0.8236805693
子图4：(d) 竖向分量,SPECFEM2D,1.1,0.834120307
子图4：(d) 竖向分量,SPECFEM2D,1.11,0.838223191
子图4：(d) 竖向分量,SPECFEM2D,1.12,0.8412460674
子图4：(d) 竖向分量,SPECFEM2D,1.13,0.8537088401
子图4：(d) 竖向分量,SPECFEM2D,1.14,0.8641359996
子图4：(d) 竖向分量,SPECFEM2D,1.15,0.9015711894
子图4：(d) 竖向分量,SPECFEM2D,1.16,0.9052481567
子图4：(d) 竖向分量,SPECFEM2D,1.17,0.9090533276
子图4：(d) 竖向分量,SPECFEM2D,1.18,0.9185287644
子图4：(d) 竖向分量,SPECFEM2D,1.19,0.9260660572
子图4：(d) 竖向分量,SPECFEM2D,1.2,0.9334868751
子图4：(d) 竖向分量,SPECFEM2D,1.21,0.9396490826
子图4：(d) 竖向分量,SPECFEM2D,1.22,0.9419111979
子图4：(d) 竖向分量,SPECFEM2D,1.23,0.950977962
子图4：(d) 竖向分量,SPECFEM2D,1.24,0.9606689538
子图4：(d) 竖向分量,SPECFEM2D,1.25,0.9653666128
子图4：(d) 竖向分量,SPECFEM2D,1.26,0.9658009558
子图4：(d) 竖向分量,SPECFEM2D,1.27,0.9705466611
子图4：(d) 竖向分量,SPECFEM2D,1.28,0.9753645189
子图4：(d) 竖向分量,SPECFEM2D,1.29,0.9784139236
子图4：(d) 竖向分量,SPECFEM2D,1.3,0.9802701698
子图4：(d) 竖向分量,SPECFEM2D,1.31,0.9873745912
子图4：(d) 竖向分量,SPECFEM2D,1.32,0.9872094087
子图4：(d) 竖向分量,SPECFEM2D,1.33,0.9822391525
子图4：(d) 竖向分量,SPECFEM2D,1.34,0.978225705
子图4：(d) 竖向分量,SPECFEM2D,1.35,0.9864743173
子图4：(d) 竖向分量,SPECFEM2D,1.36,0.9914805433
子图4：(d) 竖向分量,SPECFEM2D,1.37,0.9920207507
子图4：(d) 竖向分量,SPECFEM2D,1.38,0.9873255927
子图4：(d) 竖向分量,SPECFEM2D,1.39,0.9794127679
子图4：(d) 竖向分量,SPECFEM2D,1.4,0.973388462
子图4：(d) 竖向分量,SPECFEM2D,1.41,0.9651918084
子图4：(d) 竖向分量,SPECFEM2D,1.42,0.9608465815
子图4：(d) 竖向分量,SPECFEM2D,1.43,0.9595433835
子图4：(d) 竖向分量,SPECFEM2D,1.44,0.9607092063
子图4：(d) 竖向分量,SPECFEM2D,1.45,0.9635854591
子图4：(d) 竖向分量,SPECFEM2D,1.46,0.9429878901
子图4：(d) 竖向分量,SPECFEM2D,1.47,0.9343125853
子图4：(d) 竖向分量,SPECFEM2D,1.48,0.9258557809
子图4：(d) 竖向分量,SPECFEM2D,1.49,0.9213854884
子图4：(d) 竖向分量,SPECFEM2D,1.5,0.9143450426
子图4：(d) 竖向分量,SPECFEM2D,1.51,0.9064413175
子图4：(d) 竖向分量,SPECFEM2D,1.52,0.8994896324
子图4：(d) 竖向分量,SPECFEM2D,1.53,0.8953251914
子图4：(d) 竖向分量,SPECFEM2D,1.54,0.8931681608
子图4：(d) 竖向分量,SPECFEM2D,1.55,0.8901500252
子图4：(d) 竖向分量,SPECFEM2D,1.56,0.8857212944
子图4：(d) 竖向分量,SPECFEM2D,1.57,0.8791594807
子图4：(d) 竖向分量,SPECFEM2D,1.58,0.8695696427
子图4：(d) 竖向分量,SPECFEM2D,1.59,0.8690243353
子图4：(d) 竖向分量,SPECFEM2D,1.6,0.8740863914
子图4：(d) 竖向分量,SPECFEM2D,1.61,0.871616516
子图4：(d) 竖向分量,SPECFEM2D,1.62,0.8761542374
子图4：(d) 竖向分量,SPECFEM2D,1.63,0.8728197569
子图4：(d) 竖向分量,SPECFEM2D,1.64,0.8642130392
子图4：(d) 竖向分量,SPECFEM2D,1.65,0.8546968701
子图4：(d) 竖向分量,SPECFEM2D,1.66,0.8530758532
子图4：(d) 竖向分量,SPECFEM2D,1.67,0.8499012367
子图4：(d) 竖向分量,SPECFEM2D,1.68,0.849362481
子图4：(d) 竖向分量,SPECFEM2D,1.69,0.8480274355
子图4：(d) 竖向分量,SPECFEM2D,1.7,0.8432798776
子图4：(d) 竖向分量,SPECFEM2D,1.71,0.8359821047
子图4：(d) 竖向分量,SPECFEM2D,1.72,0.8347348177
子图4：(d) 竖向分量,SPECFEM2D,1.73,0.8329947492
子图4：(d) 竖向分量,SPECFEM2D,1.74,0.8275642533
子图4：(d) 竖向分量,SPECFEM2D,1.75,0.8313281536
子图4：(d) 竖向分量,SPECFEM2D,1.76,0.8255674849
子图4：(d) 竖向分量,SPECFEM2D,1.77,0.8207805471
子图4：(d) 竖向分量,SPECFEM2D,1.78,0.822138949
子图4：(d) 竖向分量,SPECFEM2D,1.79,0.8277929948
子图4：(d) 竖向分量,SPECFEM2D,1.8,0.835111452
子图4：(d) 竖向分量,SPECFEM2D,1.81,0.8397629786
子图4：(d) 竖向分量,SPECFEM2D,1.82,0.8407629985
子图4：(d) 竖向分量,SPECFEM2D,1.83,0.8387662008
子图4：(d) 竖向分量,SPECFEM2D,1.84,0.8355632604
子图4：(d) 竖向分量,SPECFEM2D,1.85,0.8297838565
子图4：(d) 竖向分量,SPECFEM2D,1.86,0.8220132429
子图4：(d) 竖向分量,SPECFEM2D,1.87,0.82021467
子图4：(d) 竖向分量,SPECFEM2D,1.88,0.8266019248
子图4：(d) 竖向分量,SPECFEM2D,1.89,0.8350034063
子图4：(d) 竖向分量,SPECFEM2D,1.9,0.8307685724
子图4：(d) 竖向分量,SPECFEM2D,1.91,0.8248329811
子图4：(d) 竖向分量,SPECFEM2D,1.92,0.8228996345
子图4：(d) 竖向分量,SPECFEM2D,1.93,0.8240830094
子图4：(d) 竖向分量,SPECFEM2D,1.94,0.8239012464
子图4：(d) 竖向分量,SPECFEM2D,1.95,0.8241257675
子图4：(d) 竖向分量,SPECFEM2D,1.96,0.8251021898
子图4：(d) 竖向分量,SPECFEM2D,1.97,0.8296245885
子图4：(d) 竖向分量,SPECFEM2D,1.98,0.8338883002
子图4：(d) 竖向分量,SPECFEM2D,1.99,0.8374285626
子图4：(d) 竖向分量,SPECFEM2D,2,0.8396307937
子图4：(d) 竖向分量,SPECFEM2D,2.01,0.8397299719
子图4：(d) 竖向分量,SPECFEM2D,2.02,0.8368109613
子图4：(d) 竖向分量,SPECFEM2D,2.03,0.8326920178
子图4：(d) 竖向分量,SPECFEM2D,2.04,0.8563892471
子图4：(d) 竖向分量,SPECFEM2D,2.05,0.8530240507
子图4：(d) 竖向分量,SPECFEM2D,2.06,0.8410437411
子图4：(d) 竖向分量,SPECFEM2D,2.07,0.8478434607
子图4：(d) 竖向分量,SPECFEM2D,2.08,0.8498663548
子图4：(d) 竖向分量,SPECFEM2D,2.09,0.8480538238
子图4：(d) 竖向分量,SPECFEM2D,2.1,0.8437470533
子图4：(d) 竖向分量,SPECFEM2D,2.11,0.8381294824
子图4：(d) 竖向分量,SPECFEM2D,2.12,0.8387578158
子图4：(d) 竖向分量,SPECFEM2D,2.13,0.8464312012
子图4：(d) 竖向分量,SPECFEM2D,2.14,0.8522148966
子图4：(d) 竖向分量,SPECFEM2D,2.15,0.8563107248
子图4：(d) 竖向分量,SPECFEM2D,2.16,0.859874312
子图4：(d) 竖向分量,SPECFEM2D,2.17,0.8569331667
子图4：(d) 竖向分量,SPECFEM2D,2.18,0.844379826
子图4：(d) 竖向分量,SPECFEM2D,2.19,0.835978763
子图4：(d) 竖向分量,SPECFEM2D,2.2,0.8405672239
子图4：(d) 竖向分量,SPECFEM2D,2.21,0.8417459541
子图4：(d) 竖向分量,SPECFEM2D,2.22,0.8413364886
子图4：(d) 竖向分量,SPECFEM2D,2.23,0.8403781139
子图4：(d) 竖向分量,SPECFEM2D,2.24,0.8405493366
子图4：(d) 竖向分量,SPECFEM2D,2.25,0.8387548748
子图4：(d) 竖向分量,SPECFEM2D,2.26,0.8389992235
子图4：(d) 竖向分量,SPECFEM2D,2.27,0.8399892428
子图4：(d) 竖向分量,SPECFEM2D,2.28,0.8414901902
子图4：(d) 竖向分量,SPECFEM2D,2.29,0.8466513213
子图4：(d) 竖向分量,SPECFEM2D,2.3,0.8509731424
子图4：(d) 竖向分量,SPECFEM2D,2.31,0.8533358314
子图4：(d) 竖向分量,SPECFEM2D,2.32,0.8567503695
子图4：(d) 竖向分量,SPECFEM2D,2.33,0.8602303939
子图4：(d) 竖向分量,SPECFEM2D,2.34,0.8624525135
子图4：(d) 竖向分量,SPECFEM2D,2.35,0.8475514655
子图4：(d) 竖向分量,SPECFEM2D,2.36,0.8492177288
子图4：(d) 竖向分量,SPECFEM2D,2.37,0.8521129993
子图4：(d) 竖向分量,SPECFEM2D,2.38,0.8508005669
子图4：(d) 竖向分量,SPECFEM2D,2.39,0.8540783371
子图4：(d) 竖向分量,SPECFEM2D,2.4,0.8589493126
子图4：(d) 竖向分量,SPECFEM2D,2.41,0.8627178721
子图4：(d) 竖向分量,SPECFEM2D,2.42,0.8655047977
子图4：(d) 竖向分量,SPECFEM2D,2.43,0.8649111829
子图4：(d) 竖向分量,SPECFEM2D,2.44,0.8630171758
子图4：(d) 竖向分量,SPECFEM2D,2.45,0.862681133
子图4：(d) 竖向分量,SPECFEM2D,2.46,0.8655498978
子图4：(d) 竖向分量,SPECFEM2D,2.47,0.8705911449
子图4：(d) 竖向分量,SPECFEM2D,2.48,0.8680898038
子图4：(d) 竖向分量,SPECFEM2D,2.49,0.8640114244
子图4：(d) 竖向分量,SPECFEM2D,2.5,0.8695417361
子图4：(d) 竖向分量,SPECFEM2D,2.51,0.8636165729
子图4：(d) 竖向分量,SPECFEM2D,2.52,0.8541751626
子图4：(d) 竖向分量,SPECFEM2D,2.53,0.8588627353
子图4：(d) 竖向分量,SPECFEM2D,2.54,0.8663992713
子图4：(d) 竖向分量,SPECFEM2D,2.55,0.8714350423
子图4：(d) 竖向分量,SPECFEM2D,2.56,0.8731940196
子图4：(d) 竖向分量,SPECFEM2D,2.57,0.8713785476
子图4：(d) 竖向分量,SPECFEM2D,2.58,0.8694568364
子图4：(d) 竖向分量,SPECFEM2D,2.59,0.8700098834
子图4：(d) 竖向分量,SPECFEM2D,2.6,0.8801252195
子图4：(d) 竖向分量,SPECFEM2D,2.61,0.8871079464
子图4：(d) 竖向分量,SPECFEM2D,2.62,0.8840223869
子图4：(d) 竖向分量,SPECFEM2D,2.63,0.883338684
子图4：(d) 竖向分量,SPECFEM2D,2.64,0.8770042714
子图4：(d) 竖向分量,SPECFEM2D,2.65,0.8756976746
子图4：(d) 竖向分量,SPECFEM2D,2.66,0.8798147159
子图4：(d) 竖向分量,SPECFEM2D,2.67,0.880405956
子图4：(d) 竖向分量,SPECFEM2D,2.68,0.8785018719
子图4：(d) 竖向分量,SPECFEM2D,2.69,0.8750258152
子图4：(d) 竖向分量,SPECFEM2D,2.7,0.877319271
子图4：(d) 竖向分量,SPECFEM2D,2.71,0.882741654
子图4：(d) 竖向分量,SPECFEM2D,2.72,0.885318952
子图4：(d) 竖向分量,SPECFEM2D,2.73,0.8858177592
子图4：(d) 竖向分量,SPECFEM2D,2.74,0.8858629713
子图4：(d) 竖向分量,SPECFEM2D,2.75,0.8834891094
子图4：(d) 竖向分量,SPECFEM2D,2.76,0.8821688276
子图4：(d) 竖向分量,SPECFEM2D,2.77,0.8811565732
子图4：(d) 竖向分量,SPECFEM2D,2.78,0.8760187021
子图4：(d) 竖向分量,SPECFEM2D,2.79,0.8819592191
子图4：(d) 竖向分量,SPECFEM2D,2.8,0.8870430786
子图4：(d) 竖向分量,SPECFEM2D,2.81,0.8921920363
子图4：(d) 竖向分量,SPECFEM2D,2.82,0.8956884642
子图4：(d) 竖向分量,SPECFEM2D,2.83,0.8975966489
子图4：(d) 竖向分量,SPECFEM2D,2.84,0.8979909484
子图4：(d) 竖向分量,SPECFEM2D,2.85,0.8969557941
子图4：(d) 竖向分量,SPECFEM2D,2.86,0.8945856375
子图4：(d) 竖向分量,SPECFEM2D,2.87,0.8909851337
子图4：(d) 竖向分量,SPECFEM2D,2.88,0.8862688127
子图4：(d) 竖向分量,SPECFEM2D,2.89,0.8822483697
子图4：(d) 竖向分量,SPECFEM2D,2.9,0.8869950304
子图4：(d) 竖向分量,SPECFEM2D,2.91,0.8915462823
子图4：(d) 竖向分量,SPECFEM2D,2.92,0.8961060046
子图4：(d) 竖向分量,SPECFEM2D,2.93,0.9080891446
子图4：(d) 竖向分量,SPECFEM2D,2.94,0.9048775871
子图4：(d) 竖向分量,SPECFEM2D,2.95,0.8926198333
子图4：(d) 竖向分量,SPECFEM2D,2.96,0.9033326229
子图4：(d) 竖向分量,SPECFEM2D,2.97,0.912085844
子图4：(d) 竖向分量,SPECFEM2D,2.98,0.9183292979
子图4：(d) 竖向分量,SPECFEM2D,2.99,0.92647606
子图4：(d) 竖向分量,SPECFEM2D,3,0.9316990056
子图4：(d) 竖向分量,SPECFEM2D,3.01,0.9322827255
子图4：(d) 竖向分量,SPECFEM2D,3.02,0.9280348894
子图4：(d) 竖向分量,SPECFEM2D,3.03,0.91946557
子图4：(d) 竖向分量,SPECFEM2D,3.04,0.9077864843
子图4：(d) 竖向分量,SPECFEM2D,3.05,0.9039299848
子图4：(d) 竖向分量,SPECFEM2D,3.06,0.9072487558
子图4：(d) 竖向分量,SPECFEM2D,3.07,0.9099054737
子图4：(d) 竖向分量,SPECFEM2D,3.08,0.9145441703
子图4：(d) 竖向分量,SPECFEM2D,3.09,0.9079947851
子图4：(d) 竖向分量,SPECFEM2D,3.1,0.9015221043
子图4：(d) 竖向分量,SPECFEM2D,3.11,0.9045189928
子图4：(d) 竖向分量,SPECFEM2D,3.12,0.9114003806
子图4：(d) 竖向分量,SPECFEM2D,3.13,0.9194098395
子图4：(d) 竖向分量,SPECFEM2D,3.14,0.9263988626
子图4：(d) 竖向分量,SPECFEM2D,3.15,0.9308271245
子图4：(d) 竖向分量,SPECFEM2D,3.16,0.9317623822
子图4：(d) 竖向分量,SPECFEM2D,3.17,0.9288802631
子图4：(d) 竖向分量,SPECFEM2D,3.18,0.9224646349
子图4：(d) 竖向分量,SPECFEM2D,3.19,0.9134073481
子图4：(d) 竖向分量,SPECFEM2D,3.2,0.9032082469
子图4：(d) 竖向分量,SPECFEM2D,3.21,0.9042358044
子图4：(d) 竖向分量,SPECFEM2D,3.22,0.9182124398
子图4：(d) 竖向分量,SPECFEM2D,3.23,0.9368653367
子图4：(d) 竖向分量,SPECFEM2D,3.24,0.9386532483
子图4：(d) 竖向分量,SPECFEM2D,3.25,0.9247409827
子图4：(d) 竖向分量,SPECFEM2D,3.26,0.9157193942
子图4：(d) 竖向分量,SPECFEM2D,3.27,0.9142720142
子图4：(d) 竖向分量,SPECFEM2D,3.28,0.9156258345
子图4：(d) 竖向分量,SPECFEM2D,3.29,0.9203747181
子图4：(d) 竖向分量,SPECFEM2D,3.3,0.9244405834
子图4：(d) 竖向分量,SPECFEM2D,3.31,0.9293029465
子图4：(d) 竖向分量,SPECFEM2D,3.32,0.930699528
子图4：(d) 竖向分量,SPECFEM2D,3.33,0.928938244
子图4：(d) 竖向分量,SPECFEM2D,3.34,0.924663829
子图4：(d) 竖向分量,SPECFEM2D,3.35,0.9188580458
子图4：(d) 竖向分量,SPECFEM2D,3.36,0.9162521592
子图4：(d) 竖向分量,SPECFEM2D,3.37,0.9149269414
子图4：(d) 竖向分量,SPECFEM2D,3.38,0.9152625685
子图4：(d) 竖向分量,SPECFEM2D,3.39,0.9111957579
子图4：(d) 竖向分量,SPECFEM2D,3.4,0.9217672079
子图4：(d) 竖向分量,SPECFEM2D,3.41,0.9263011464
子图4：(d) 竖向分量,SPECFEM2D,3.42,0.9286748974
子图4：(d) 竖向分量,SPECFEM2D,3.43,0.9279797923
子图4：(d) 竖向分量,SPECFEM2D,3.44,0.9254495409
子图4：(d) 竖向分量,SPECFEM2D,3.45,0.9289859941
子图4：(d) 竖向分量,SPECFEM2D,3.46,0.9336219828
子图4：(d) 竖向分量,SPECFEM2D,3.47,0.9365224599
子图4：(d) 竖向分量,SPECFEM2D,3.48,0.9376106496
子图4：(d) 竖向分量,SPECFEM2D,3.49,0.936834734
子图4：(d) 竖向分量,SPECFEM2D,3.5,0.9341685999
子图4：(d) 竖向分量,SPECFEM2D,3.51,0.9296112656
子图4：(d) 竖向分量,SPECFEM2D,3.52,0.9231872666
子图4：(d) 竖向分量,SPECFEM2D,3.53,0.926587799
子图4：(d) 竖向分量,SPECFEM2D,3.54,0.922143164
子图4：(d) 竖向分量,SPECFEM2D,3.55,0.9202470042
子图4：(d) 竖向分量,SPECFEM2D,3.56,0.9267544815
子图4：(d) 竖向分量,SPECFEM2D,3.57,0.9304209216
子图4：(d) 竖向分量,SPECFEM2D,3.58,0.9311726953
子图4：(d) 竖向分量,SPECFEM2D,3.59,0.9291990607
子图4：(d) 竖向分量,SPECFEM2D,3.6,0.9283271075
子图4：(d) 竖向分量,SPECFEM2D,3.61,0.92590651
子图4：(d) 竖向分量,SPECFEM2D,3.62,0.9223910971
子图4：(d) 竖向分量,SPECFEM2D,3.63,0.9246191391
子图4：(d) 竖向分量,SPECFEM2D,3.64,0.9296946845
子图4：(d) 竖向分量,SPECFEM2D,3.65,0.9319004638
子图4：(d) 竖向分量,SPECFEM2D,3.66,0.9271156698
子图4：(d) 竖向分量,SPECFEM2D,3.67,0.9311863075
子图4：(d) 竖向分量,SPECFEM2D,3.68,0.9403363001
子图4：(d) 竖向分量,SPECFEM2D,3.69,0.9350763246
子图4：(d) 竖向分量,SPECFEM2D,3.7,0.9321859988
子图4：(d) 竖向分量,SPECFEM2D,3.71,0.9290730836
子图4：(d) 竖向分量,SPECFEM2D,3.72,0.9250051996
子图4：(d) 竖向分量,SPECFEM2D,3.73,0.924291752
子图4：(d) 竖向分量,SPECFEM2D,3.74,0.9262953892
子图4：(d) 竖向分量,SPECFEM2D,3.75,0.9304412941
子图4：(d) 竖向分量,SPECFEM2D,3.76,0.9365089811
子图4：(d) 竖向分量,SPECFEM2D,3.77,0.9432230139
子图4：(d) 竖向分量,SPECFEM2D,3.78,0.9496761527
子图4：(d) 竖向分量,SPECFEM2D,3.79,0.954747555
子图4：(d) 竖向分量,SPECFEM2D,3.8,0.9571032285
子图4：(d) 竖向分量,SPECFEM2D,3.81,0.9551955612
子图4：(d) 竖向分量,SPECFEM2D,3.82,0.9477077077
子图4：(d) 竖向分量,SPECFEM2D,3.83,0.9421986897
子图4：(d) 竖向分量,SPECFEM2D,3.84,0.9327732261
子图4：(d) 竖向分量,SPECFEM2D,3.85,0.930183327
子图4：(d) 竖向分量,SPECFEM2D,3.86,0.9318029504
子图4：(d) 竖向分量,SPECFEM2D,3.87,0.9297219547
子图4：(d) 竖向分量,SPECFEM2D,3.88,0.9250547194
子图4：(d) 竖向分量,SPECFEM2D,3.89,0.9274018401
子图4：(d) 竖向分量,SPECFEM2D,3.9,0.9303394682
子图4：(d) 竖向分量,SPECFEM2D,3.91,0.9317974674
子图4：(d) 竖向分量,SPECFEM2D,3.92,0.934583307
子图4：(d) 竖向分量,SPECFEM2D,3.93,0.9350830712
子图4：(d) 竖向分量,SPECFEM2D,3.94,0.932326539
子图4：(d) 竖向分量,SPECFEM2D,3.95,0.9282269402
子图4：(d) 竖向分量,SPECFEM2D,3.96,0.9350252152
子图4：(d) 竖向分量,SPECFEM2D,3.97,0.9460281785
子图4：(d) 竖向分量,SPECFEM2D,3.98,0.9614828632
子图4：(d) 竖向分量,SPECFEM2D,3.99,0.9289621803
子图4：(d) 竖向分量,SPECFEM2D,4,0.9363902394
子图5：(e) 水平分量,系列17（竖直参考线）,0,0
子图5：(e) 水平分量,系列17（竖直参考线）,0,3.438807686
子图5：(e) 水平分量,系列18（竖直参考线）,1,0
子图5：(e) 水平分量,系列18（竖直参考线）,1,3.438807686
子图5：(e) 水平分量,Abaqus,-4,2.486559986
子图5：(e) 水平分量,Abaqus,-3.99,2.486292093
子图5：(e) 水平分量,Abaqus,-3.98,2.486024199
子图5：(e) 水平分量,Abaqus,-3.97,2.485756305
子图5：(e) 水平分量,Abaqus,-3.96,2.485488412
子图5：(e) 水平分量,Abaqus,-3.95,2.485892219
子图5：(e) 水平分量,Abaqus,-3.94,2.486643577
子图5：(e) 水平分量,Abaqus,-3.93,2.487394934
子图5：(e) 水平分量,Abaqus,-3.92,2.488146292
子图5：(e) 水平分量,Abaqus,-3.91,2.487806492
子图5：(e) 水平分量,Abaqus,-3.9,2.487466693
子图5：(e) 水平分量,Abaqus,-3.89,2.487126893
子图5：(e) 水平分量,Abaqus,-3.88,2.486787093
子图5：(e) 水平分量,Abaqus,-3.87,2.487332554
子图5：(e) 水平分量,Abaqus,-3.86,2.48804184
子图5：(e) 水平分量,Abaqus,-3.85,2.488751126
子图5：(e) 水平分量,Abaqus,-3.84,2.489460411
子图5：(e) 水平分量,Abaqus,-3.83,2.489064113
子图5：(e) 水平分量,Abaqus,-3.82,2.488667815
子图5：(e) 水平分量,Abaqus,-3.81,2.488271517
子图5：(e) 水平分量,Abaqus,-3.8,2.487902794
子图5：(e) 水平分量,Abaqus,-3.79,2.488546939
子图5：(e) 水平分量,Abaqus,-3.78,2.489191084
子图5：(e) 水平分量,Abaqus,-3.77,2.48983523
子图5：(e) 水平分量,Abaqus,-3.76,2.490479375
子图5：(e) 水平分量,Abaqus,-3.75,2.490040348
子图5：(e) 水平分量,Abaqus,-3.74,2.489601322
子图5：(e) 水平分量,Abaqus,-3.73,2.489162295
子图5：(e) 水平分量,Abaqus,-3.72,2.488948445
子图5：(e) 水平分量,Abaqus,-3.71,2.489511538
子图5：(e) 水平分量,Abaqus,-3.7,2.490074631
子图5：(e) 水平分量,Abaqus,-3.69,2.490637723
子图5：(e) 水平分量,Abaqus,-3.68,2.491200816
子图5：(e) 水平分量,Abaqus,-3.67,2.490731873
子图5：(e) 水平分量,Abaqus,-3.66,2.49026293
子图5：(e) 水平分量,Abaqus,-3.65,2.489793987
子图5：(e) 水平分量,Abaqus,-3.64,2.489753038
子图5：(e) 水平分量,Abaqus,-3.63,2.490227063
子图5：(e) 水平分量,Abaqus,-3.62,2.490701087
子图5：(e) 水平分量,Abaqus,-3.61,2.491175111
子图5：(e) 水平分量,Abaqus,-3.6,2.491649135
子图5：(e) 水平分量,Abaqus,-3.59,2.491162528
子图5：(e) 水平分量,Abaqus,-3.58,2.490675921
子图5：(e) 水平分量,Abaqus,-3.57,2.490348094
子图5：(e) 水平分量,Abaqus,-3.56,2.490338319
子图5：(e) 水平分量,Abaqus,-3.55,2.490723005
子图5：(e) 水平分量,Abaqus,-3.54,2.49110769
子图5：(e) 水平分量,Abaqus,-3.53,2.491492376
子图5：(e) 水平分量,Abaqus,-3.52,2.491877061
子图5：(e) 水平分量,Abaqus,-3.51,2.491385871
子图5：(e) 水平分量,Abaqus,-3.5,2.49089468
子图5：(e) 水平分量,Abaqus,-3.49,2.490775964
子图5：(e) 水平分量,Abaqus,-3.48,2.490760771
子图5：(e) 水平分量,Abaqus,-3.47,2.491063152
子图5：(e) 水平分量,Abaqus,-3.46,2.491365532
子图5：(e) 水平分量,Abaqus,-3.45,2.491667912
子图5：(e) 水平分量,Abaqus,-3.44,2.491970293
子图5：(e) 水平分量,Abaqus,-3.43,2.491488944
子图5：(e) 水平分量,Abaqus,-3.42,2.491123011
子图5：(e) 水平分量,Abaqus,-3.41,2.491117719
子图5：(e) 水平分量,Abaqus,-3.4,2.491112426
子图5：(e) 水平分量,Abaqus,-3.39,2.491346211
子图5：(e) 水平分量,Abaqus,-3.38,2.491579995
子图5：(e) 水平分量,Abaqus,-3.37,2.491813779
子图5：(e) 水平分量,Abaqus,-3.36,2.492047564
子图5：(e) 水平分量,Abaqus,-3.35,2.491592626
子图5：(e) 水平分量,Abaqus,-3.34,2.491477649
子图5：(e) 水平分量,Abaqus,-3.33,2.491499602
子图5：(e) 水平分量,Abaqus,-3.32,2.491521555
子图5：(e) 水平分量,Abaqus,-3.31,2.491705936
子图5：(e) 水平分量,Abaqus,-3.3,2.491890317
子图5：(e) 水平分量,Abaqus,-3.29,2.492074697
子图5：(e) 水平分量,Abaqus,-3.28,2.492259078
子图5：(e) 水平分量,Abaqus,-3.27,2.491941994
子图5：(e) 水平分量,Abaqus,-3.26,2.49201012
子图5：(e) 水平分量,Abaqus,-3.25,2.492078245
子图5：(e) 水平分量,Abaqus,-3.24,2.492146371
子图5：(e) 水平分量,Abaqus,-3.23,2.492304147
子图5：(e) 水平分量,Abaqus,-3.22,2.492461923
子图5：(e) 水平分量,Abaqus,-3.21,2.492619698
子图5：(e) 水平分量,Abaqus,-3.2,2.492777474
子图5：(e) 水平分量,Abaqus,-3.19,2.492760771
子图5：(e) 水平分量,Abaqus,-3.18,2.492894765
子图5：(e) 水平分量,Abaqus,-3.17,2.493028759
子图5：(e) 水平分量,Abaqus,-3.16,2.493162753
子图5：(e) 水平分量,Abaqus,-3.15,2.493317673
子图5：(e) 水平分量,Abaqus,-3.14,2.493472593
子图5：(e) 水平分量,Abaqus,-3.13,2.493627513
子图5：(e) 水平分量,Abaqus,-3.12,2.493870349
子图5：(e) 水平分量,Abaqus,-3.11,2.494088033
子图5：(e) 水平分量,Abaqus,-3.1,2.494305717
子图5：(e) 水平分量,Abaqus,-3.09,2.494523401
子图5：(e) 水平分量,Abaqus,-3.08,2.494741084
子图5：(e) 水平分量,Abaqus,-3.07,2.494914309
子图5：(e) 水平分量,Abaqus,-3.06,2.495087533
子图5：(e) 水平分量,Abaqus,-3.05,2.495260758
子图5：(e) 水平分量,Abaqus,-3.04,2.495759552
子图5：(e) 水平分量,Abaqus,-3.03,2.496073204
子图5：(e) 水平分量,Abaqus,-3.02,2.496386857
子图5：(e) 水平分量,Abaqus,-3.01,2.496700509
子图5：(e) 水平分量,Abaqus,-3,2.497014162
子图5：(e) 水平分量,Abaqus,-2.99,2.497219577
子图5：(e) 水平分量,Abaqus,-2.98,2.497424992
子图5：(e) 水平分量,Abaqus,-2.97,2.49769462
子图5：(e) 水平分量,Abaqus,-2.96,2.49838757
子图5：(e) 水平分量,Abaqus,-2.95,2.498799306
子图5：(e) 水平分量,Abaqus,-2.94,2.499211042
子图5：(e) 水平分量,Abaqus,-2.93,2.499622778
子图5：(e) 水平分量,Abaqus,-2.92,2.500034514
子图5：(e) 水平分量,Abaqus,-2.91,2.500273582
子图5：(e) 水平分量,Abaqus,-2.9,2.500512649
子图5：(e) 水平分量,Abaqus,-2.89,2.50102078
子图5：(e) 水平分量,Abaqus,-2.88,2.501742045
子图5：(e) 水平分量,Abaqus,-2.87,2.502237886
子图5：(e) 水平分量,Abaqus,-2.86,2.502733726
子图5：(e) 水平分量,Abaqus,-2.85,2.503229566
子图5：(e) 水平分量,Abaqus,-2.84,2.503725406
子图5：(e) 水平分量,Abaqus,-2.83,2.503981762
子图5：(e) 水平分量,Abaqus,-2.82,2.504238117
子图5：(e) 水平分量,Abaqus,-2.81,2.5049218
子图5：(e) 水平分量,Abaqus,-2.8,2.505652724
子图5：(e) 水平分量,Abaqus,-2.79,2.506197204
子图5：(e) 水平分量,Abaqus,-2.78,2.506741684
子图5：(e) 水平分量,Abaqus,-2.77,2.507286164
子图5：(e) 水平分量,Abaqus,-2.76,2.507830644
子图5：(e) 水平分量,Abaqus,-2.75,2.508065067
子图5：(e) 水平分量,Abaqus,-2.74,2.508348987
子图5：(e) 水平分量,Abaqus,-2.73,2.509047846
子图5：(e) 水平分量,Abaqus,-2.72,2.509746705
子图5：(e) 水平分量,Abaqus,-2.71,2.510278133
子图5：(e) 水平分量,Abaqus,-2.7,2.510809561
子图5：(e) 水平分量,Abaqus,-2.69,2.511340989
子图5：(e) 水平分量,Abaqus,-2.68,2.511872417
子图5：(e) 水平分量,Abaqus,-2.67,2.51202006
子图5：(e) 水平分量,Abaqus,-2.66,2.51221632
子图5：(e) 水平分量,Abaqus,-2.65,2.5128157
子图5：(e) 水平分量,Abaqus,-2.64,2.513415079
子图5：(e) 水平分量,Abaqus,-2.63,2.513843454
子图5：(e) 水平分量,Abaqus,-2.62,2.514271828
子图5：(e) 水平分量,Abaqus,-2.61,2.514700203
子图5：(e) 水平分量,Abaqus,-2.6,2.515128577
子图5：(e) 水平分量,Abaqus,-2.59,2.515098839
子图5：(e) 水平分量,Abaqus,-2.58,2.515069101
子图5：(e) 水平分量,Abaqus,-2.57,2.515400344
子图5：(e) 水平分量,Abaqus,-2.56,2.515807358
子图5：(e) 水平分量,Abaqus,-2.55,2.51601583
子图5：(e) 水平分量,Abaqus,-2.54,2.516224303
子图5：(e) 水平分量,Abaqus,-2.53,2.516432775
子图5：(e) 水平分量,Abaqus,-2.52,2.516641247
子图5：(e) 水平分量,Abaqus,-2.51,2.516321928
子图5：(e) 水平分量,Abaqus,-2.5,2.516002609
子图5：(e) 水平分量,Abaqus,-2.49,2.515760504
子图5：(e) 水平分量,Abaqus,-2.48,2.515861754
子图5：(e) 水平分量,Abaqus,-2.47,2.515713915
子图5：(e) 水平分量,Abaqus,-2.46,2.515566076
子图5：(e) 水平分量,Abaqus,-2.45,2.515418237
子图5：(e) 水平分量,Abaqus,-2.44,2.515270398
子图5：(e) 水平分量,Abaqus,-2.43,2.514537611
子图5：(e) 水平分量,Abaqus,-2.42,2.513804824
子图5：(e) 水平分量,Abaqus,-2.41,2.513072037
子图5：(e) 水平分量,Abaqus,-2.4,2.512388993
子图5：(e) 水平分量,Abaqus,-2.39,2.511742335
子图5：(e) 水平分量,Abaqus,-2.38,2.511095676
子图5：(e) 水平分量,Abaqus,-2.37,2.510449018
子图5：(e) 水平分量,Abaqus,-2.36,2.509802359
子图5：(e) 水平分量,Abaqus,-2.35,2.508536718
子图5：(e) 水平分量,Abaqus,-2.34,2.507271077
子图5：(e) 水平分量,Abaqus,-2.33,2.506005436
子图5：(e) 水平分量,Abaqus,-2.32,2.504739795
子图5：(e) 水平分量,Abaqus,-2.31,2.503082261
子图5：(e) 水平分量,Abaqus,-2.3,2.501666224
子图5：(e) 水平分量,Abaqus,-2.29,2.500392837
子图5：(e) 水平分量,Abaqus,-2.28,2.49911945
子图5：(e) 水平分量,Abaqus,-2.27,2.49722762
子图5：(e) 水平分量,Abaqus,-2.26,2.49533579
子图5：(e) 水平分量,Abaqus,-2.25,2.49344396
子图5：(e) 水平分量,Abaqus,-2.24,2.49155213
子图5：(e) 水平分量,Abaqus,-2.23,2.4891852
子图5：(e) 水平分量,Abaqus,-2.22,2.48681827
子图5：(e) 水平分量,Abaqus,-2.21,2.48445134
子图5：(e) 水平分量,Abaqus,-2.2,2.482416099
子图5：(e) 水平分量,Abaqus,-2.19,2.479856121
子图5：(e) 水平分量,Abaqus,-2.18,2.477296142
子图5：(e) 水平分量,Abaqus,-2.17,2.474736164
子图5：(e) 水平分量,Abaqus,-2.16,2.472176185
子图5：(e) 水平分量,Abaqus,-2.15,2.469069645
子图5：(e) 水平分量,Abaqus,-2.14,2.465963106
子图5：(e) 水平分量,Abaqus,-2.13,2.462856566
子图5：(e) 水平分量,Abaqus,-2.12,2.459750026
子图5：(e) 水平分量,Abaqus,-2.11,2.456250766
子图5：(e) 水平分量,Abaqus,-2.1,2.45305737
子图5：(e) 水平分量,Abaqus,-2.09,2.449863974
子图5：(e) 水平分量,Abaqus,-2.08,2.446670578
子图5：(e) 水平分量,Abaqus,-2.07,2.442886575
子图5：(e) 水平分量,Abaqus,-2.06,2.439102572
子图5：(e) 水平分量,Abaqus,-2.05,2.435318569
子图5：(e) 水平分量,Abaqus,-2.04,2.431534566
子图5：(e) 水平分量,Abaqus,-2.03,2.427414523
子图5：(e) 水平分量,Abaqus,-2.02,2.42335797
子图5：(e) 水平分量,Abaqus,-2.01,2.419662963
子图5：(e) 水平分量,Abaqus,-2,2.415967957
子图5：(e) 水平分量,Abaqus,-1.99,2.411679546
子图5：(e) 水平分量,Abaqus,-1.98,2.407391135
子图5：(e) 水平分量,Abaqus,-1.97,2.403102724
子图5：(e) 水平分量,Abaqus,-1.96,2.398814313
子图5：(e) 水平分量,Abaqus,-1.95,2.394387862
子图5：(e) 水平分量,Abaqus,-1.94,2.389961412
子图5：(e) 水平分量,Abaqus,-1.93,2.385942993
子图5：(e) 水平分量,Abaqus,-1.92,2.381980086
子图5：(e) 水平分量,Abaqus,-1.91,2.377470146
子图5：(e) 水平分量,Abaqus,-1.9,2.372960205
子图5：(e) 水平分量,Abaqus,-1.89,2.368450265
子图5：(e) 水平分量,Abaqus,-1.88,2.363940324
子图5：(e) 水平分量,Abaqus,-1.87,2.35951407
子图5：(e) 水平分量,Abaqus,-1.86,2.355332802
子图5：(e) 水平分量,Abaqus,-1.85,2.351417714
子图5：(e) 水平分量,Abaqus,-1.84,2.347502626
子图5：(e) 水平分量,Abaqus,-1.83,2.343133902
子图5：(e) 水平分量,Abaqus,-1.82,2.338765179
子图5：(e) 水平分量,Abaqus,-1.81,2.334396455
子图5：(e) 水平分量,Abaqus,-1.8,2.330027732
子图5：(e) 水平分量,Abaqus,-1.79,2.326414562
子图5：(e) 水平分量,Abaqus,-1.78,2.322894508
子图5：(e) 水平分量,Abaqus,-1.77,2.319374454
子图5：(e) 水平分量,Abaqus,-1.76,2.3158544
子图5：(e) 水平分量,Abaqus,-1.75,2.312008378
子图5：(e) 水平分量,Abaqus,-1.74,2.308162356
子图5：(e) 水平分量,Abaqus,-1.73,2.304800945
子图5：(e) 水平分量,Abaqus,-1.72,2.301550133
子图5：(e) 水平分量,Abaqus,-1.71,2.29872953
子图5：(e) 水平分量,Abaqus,-1.7,2.295908927
子图5：(e) 水平分量,Abaqus,-1.69,2.293088324
子图5：(e) 水平分量,Abaqus,-1.68,2.29037667
子图5：(e) 水平分量,Abaqus,-1.67,2.288013535
子图5：(e) 水平分量,Abaqus,-1.66,2.285650401
子图5：(e) 水平分量,Abaqus,-1.65,2.283287266
子图5：(e) 水平分量,Abaqus,-1.64,2.280924131
子图5：(e) 水平分量,Abaqus,-1.63,2.278991981
子图5：(e) 水平分量,Abaqus,-1.62,2.27764092
子图5：(e) 水平分量,Abaqus,-1.61,2.276348142
子图5：(e) 水平分量,Abaqus,-1.6,2.275055364
子图5：(e) 水平分量,Abaqus,-1.59,2.273755794
子图5：(e) 水平分量,Abaqus,-1.58,2.272456224
子图5：(e) 水平分量,Abaqus,-1.57,2.271678277
子图5：(e) 水平分量,Abaqus,-1.56,2.271049788
子图5：(e) 水平分量,Abaqus,-1.55,2.270704942
子图5：(e) 水平分量,Abaqus,-1.54,2.270360096
子图5：(e) 水平分量,Abaqus,-1.53,2.27001525
子图5：(e) 水平分量,Abaqus,-1.52,2.270123708
子图5：(e) 水平分量,Abaqus,-1.51,2.270611016
子图5：(e) 水平分量,Abaqus,-1.5,2.271098323
子图5：(e) 水平分量,Abaqus,-1.49,2.271585631
子图5：(e) 水平分量,Abaqus,-1.48,2.272072939
子图5：(e) 水平分量,Abaqus,-1.47,2.273119754
子图5：(e) 水平分量,Abaqus,-1.46,2.274343227
子图5：(e) 水平分量,Abaqus,-1.45,2.2755667
子图5：(e) 水平分量,Abaqus,-1.44,2.276790174
子图5：(e) 水平分量,Abaqus,-1.43,2.278414006
子图5：(e) 水平分量,Abaqus,-1.42,2.28043846
子图5：(e) 水平分量,Abaqus,-1.41,2.282733851
子图5：(e) 水平分量,Abaqus,-1.4,2.285029243
子图5：(e) 水平分量,Abaqus,-1.39,2.287286377
子图5：(e) 水平分量,Abaqus,-1.38,2.289543511
子图5：(e) 水平分量,Abaqus,-1.37,2.29210396
子图5：(e) 水平分量,Abaqus,-1.36,2.29500351
子图5：(e) 水平分量,Abaqus,-1.35,2.298663068
子图5：(e) 水平分量,Abaqus,-1.34,2.302322625
子图5：(e) 水平分量,Abaqus,-1.33,2.305982183
子图5：(e) 水平分量,Abaqus,-1.32,2.309869083
子图5：(e) 水平分量,Abaqus,-1.31,2.314309479
子图5：(e) 水平分量,Abaqus,-1.3,2.318749876
子图5：(e) 水平分量,Abaqus,-1.29,2.323190273
子图5：(e) 水平分量,Abaqus,-1.28,2.32763067
子图5：(e) 水平分量,Abaqus,-1.27,2.333395136
子图5：(e) 水平分量,Abaqus,-1.26,2.339724521
子图5：(e) 水平分量,Abaqus,-1.25,2.346053906
子图5：(e) 水平分量,Abaqus,-1.24,2.352383291
子图5：(e) 水平分量,Abaqus,-1.23,2.359294266
子图5：(e) 水平分量,Abaqus,-1.22,2.366267494
子图5：(e) 水平分量,Abaqus,-1.21,2.373859863
子图5：(e) 水平分量,Abaqus,-1.2,2.381452232
子图5：(e) 水平分量,Abaqus,-1.19,2.390712427
子图5：(e) 水平分量,Abaqus,-1.18,2.399972621
子图5：(e) 水平分量,Abaqus,-1.17,2.409232816
子图5：(e) 水平分量,Abaqus,-1.16,2.419169877
子图5：(e) 水平分量,Abaqus,-1.15,2.430209339
子图5：(e) 水平分量,Abaqus,-1.14,2.441248801
子图5：(e) 水平分量,Abaqus,-1.13,2.452288264
子图5：(e) 水平分量,Abaqus,-1.12,2.463327726
子图5：(e) 水平分量,Abaqus,-1.11,2.476683697
子图5：(e) 水平分量,Abaqus,-1.1,2.490164149
子图5：(e) 水平分量,Abaqus,-1.09,2.5036446
子图5：(e) 水平分量,Abaqus,-1.08,2.517125051
子图5：(e) 水平分量,Abaqus,-1.07,2.531697997
子图5：(e) 水平分量,Abaqus,-1.06,2.546299242
子图5：(e) 水平分量,Abaqus,-1.05,2.561464378
子图5：(e) 水平分量,Abaqus,-1.04,2.576629514
子图5：(e) 水平分量,Abaqus,-1.03,2.592961229
子图5：(e) 水平分量,Abaqus,-1.02,2.609292944
子图5：(e) 水平分量,Abaqus,-1.01,2.625624659
子图5：(e) 水平分量,Abaqus,-1,2.641956374
子图5：(e) 水平分量,Abaqus,-0.99,2.658270448
子图5：(e) 水平分量,Abaqus,-0.98,2.674779264
子图5：(e) 水平分量,Abaqus,-0.97,2.691466039
子图5：(e) 水平分量,Abaqus,-0.96,2.708152814
子图5：(e) 水平分量,Abaqus,-0.95,2.724505033
子图5：(e) 水平分量,Abaqus,-0.94,2.740857251
子图5：(e) 水平分量,Abaqus,-0.93,2.75720947
子图5：(e) 水平分量,Abaqus,-0.92,2.773561688
子图5：(e) 水平分量,Abaqus,-0.91,2.787425383
子图5：(e) 水平分量,Abaqus,-0.9,2.801289078
子图5：(e) 水平分量,Abaqus,-0.89,2.815152773
子图5：(e) 水平分量,Abaqus,-0.88,2.829016468
子图5：(e) 水平分量,Abaqus,-0.87,2.840534461
子图5：(e) 水平分量,Abaqus,-0.86,2.852052453
子图5：(e) 水平分量,Abaqus,-0.85,2.863570446
子图5：(e) 水平分量,Abaqus,-0.84,2.875088438
子图5：(e) 水平分量,Abaqus,-0.83,2.880883754
子图5：(e) 水平分量,Abaqus,-0.82,2.88667907
子图5：(e) 水平分量,Abaqus,-0.81,2.892474385
子图5：(e) 水平分量,Abaqus,-0.8,2.898269701
子图5：(e) 水平分量,Abaqus,-0.79,2.900060129
子图5：(e) 水平分量,Abaqus,-0.78,2.901958999
子图5：(e) 水平分量,Abaqus,-0.77,2.903857869
子图5：(e) 水平分量,Abaqus,-0.76,2.905756738
子图5：(e) 水平分量,Abaqus,-0.75,2.898886785
子图5：(e) 水平分量,Abaqus,-0.74,2.892016831
子图5：(e) 水平分量,Abaqus,-0.73,2.885146878
子图5：(e) 水平分量,Abaqus,-0.72,2.878276924
子图5：(e) 水平分量,Abaqus,-0.71,2.866542718
子图5：(e) 水平分量,Abaqus,-0.7,2.854842313
子图5：(e) 水平分量,Abaqus,-0.69,2.843141909
子图5：(e) 水平分量,Abaqus,-0.68,2.831441504
子图5：(e) 水平分量,Abaqus,-0.67,2.809006336
子图5：(e) 水平分量,Abaqus,-0.66,2.786571168
子图5：(e) 水平分量,Abaqus,-0.65,2.764623286
子图5：(e) 水平分量,Abaqus,-0.64,2.742863615
子图5：(e) 水平分量,Abaqus,-0.63,2.715797789
子图5：(e) 水平分量,Abaqus,-0.62,2.688731963
子图5：(e) 水平分量,Abaqus,-0.61,2.661666138
子图5：(e) 水平分量,Abaqus,-0.6,2.634600312
子图5：(e) 水平分量,Abaqus,-0.59,2.597100018
子图5：(e) 水平分量,Abaqus,-0.58,2.559888476
子图5：(e) 水平分量,Abaqus,-0.57,2.522676934
子图5：(e) 水平分量,Abaqus,-0.56,2.485465392
子图5：(e) 水平分量,Abaqus,-0.55,2.44474423
子图5：(e) 水平分量,Abaqus,-0.54,2.404023069
子图5：(e) 水平分量,Abaqus,-0.53,2.363301907
子图5：(e) 水平分量,Abaqus,-0.52,2.322580746
子图5：(e) 水平分量,Abaqus,-0.51,2.274125711
子图5：(e) 水平分量,Abaqus,-0.5,2.225670676
子图5：(e) 水平分量,Abaqus,-0.49,2.177215641
子图5：(e) 水平分量,Abaqus,-0.48,2.128760606
子图5：(e) 水平分量,Abaqus,-0.47,2.080256007
子图5：(e) 水平分量,Abaqus,-0.46,2.031751407
子图5：(e) 水平分量,Abaqus,-0.45,1.983246808
子图5：(e) 水平分量,Abaqus,-0.44,1.934742209
子图5：(e) 水平分量,Abaqus,-0.43,1.885192192
子图5：(e) 水平分量,Abaqus,-0.42,1.836317922
子图5：(e) 水平分量,Abaqus,-0.41,1.787443651
子图5：(e) 水平分量,Abaqus,-0.4,1.739568541
子图5：(e) 水平分量,Abaqus,-0.39,1.696187944
子图5：(e) 水平分量,Abaqus,-0.38,1.654040811
子图5：(e) 水平分量,Abaqus,-0.37,1.612392703
子图5：(e) 水平分量,Abaqus,-0.36,1.572013117
子图5：(e) 水平分量,Abaqus,-0.35,1.543440932
子图5：(e) 水平分量,Abaqus,-0.34,1.517518867
子图5：(e) 水平分量,Abaqus,-0.33,1.494938694
子图5：(e) 水平分量,Abaqus,-0.32,1.475612043
子图5：(e) 水平分量,Abaqus,-0.31,1.466119741
子图5：(e) 水平分量,Abaqus,-0.3,1.460686973
子图5：(e) 水平分量,Abaqus,-0.29,1.459076602
子图5：(e) 水平分量,Abaqus,-0.28,1.461923228
子图5：(e) 水平分量,Abaqus,-0.27,1.490673385
子图5：(e) 水平分量,Abaqus,-0.26,1.524656882
子图5：(e) 水平分量,Abaqus,-0.25,1.563382062
子图5：(e) 水平分量,Abaqus,-0.24,1.606359242
子图5：(e) 水平分量,Abaqus,-0.23,1.652068795
子图5：(e) 水平分量,Abaqus,-0.22,1.700545822
子图5：(e) 水平分量,Abaqus,-0.21,1.751357336
子图5：(e) 水平分量,Abaqus,-0.2,1.804264916
子图5：(e) 水平分量,Abaqus,-0.19,1.870695545
子图5：(e) 水平分量,Abaqus,-0.18,1.93799731
子图5：(e) 水平分量,Abaqus,-0.17,2.005623169
子图5：(e) 水平分量,Abaqus,-0.16,2.073876815
子图5：(e) 水平分量,Abaqus,-0.15,2.131581574
子图5：(e) 水平分量,Abaqus,-0.14,2.189286333
子图5：(e) 水平分量,Abaqus,-0.13,2.247054952
子图5：(e) 水平分量,Abaqus,-0.12,2.305449204
子图5：(e) 水平分量,Abaqus,-0.11,2.358448669
子图5：(e) 水平分量,Abaqus,-0.1,2.411448134
子图5：(e) 水平分量,Abaqus,-0.09,2.464447599
子图5：(e) 水平分量,Abaqus,-0.08,2.517447064
子图5：(e) 水平分量,Abaqus,-0.07,2.553276326
子图5：(e) 水平分量,Abaqus,-0.06,2.589105589
子图5：(e) 水平分量,Abaqus,-0.05,2.624934851
子图5：(e) 水平分量,Abaqus,-0.04,2.660764114
子图5：(e) 水平分量,Abaqus,-0.03,2.669631301
子图5：(e) 水平分量,Abaqus,-0.02,2.678550152
子图5：(e) 水平分量,Abaqus,-0.01,2.687469002
子图5：(e) 水平分量,Abaqus,0,2.696387853
子图5：(e) 水平分量,Abaqus,0.01,2.641303549
子图5：(e) 水平分量,Abaqus,0.02,2.588722046
子图5：(e) 水平分量,Abaqus,0.03,2.53814146
子图5：(e) 水平分量,Abaqus,0.04,2.482683347
子图5：(e) 水平分量,Abaqus,0.05,2.423662746
子图5：(e) 水平分量,Abaqus,0.06,2.367114729
子图5：(e) 水平分量,Abaqus,0.07,2.311657599
子图5：(e) 水平分量,Abaqus,0.08,2.242703409
子图5：(e) 水平分量,Abaqus,0.09,2.176444749
子图5：(e) 水平分量,Abaqus,0.1,2.113247442
子图5：(e) 水平分量,Abaqus,0.11,2.036937363
子图5：(e) 水平分量,Abaqus,0.12,1.955753858
子图5：(e) 水平分量,Abaqus,0.13,1.878785247
子图5：(e) 水平分量,Abaqus,0.14,1.802343147
子图5：(e) 水平分量,Abaqus,0.15,1.712726612
子图5：(e) 水平分量,Abaqus,0.16,1.629022689
子图5：(e) 水平分量,Abaqus,0.17,1.552358665
子图5：(e) 水平分量,Abaqus,0.18,1.463517231
子图5：(e) 水平分量,Abaqus,0.19,1.377905029
子图5：(e) 水平分量,Abaqus,0.2,1.304399114
子图5：(e) 水平分量,Abaqus,0.21,1.241414956
子图5：(e) 水平分量,Abaqus,0.22,1.18502365
子图5：(e) 水平分量,Abaqus,0.23,1.147507302
子图5：(e) 水平分量,Abaqus,0.24,1.129648889
子图5：(e) 水平分量,Abaqus,0.25,1.111502645
子图5：(e) 水平分量,Abaqus,0.26,1.109961098
子图5：(e) 水平分量,Abaqus,0.27,1.126614765
子图5：(e) 水平分量,Abaqus,0.28,1.150367842
子图5：(e) 水平分量,Abaqus,0.29,1.176064986
子图5：(e) 水平分量,Abaqus,0.3,1.215543019
子图5：(e) 水平分量,Abaqus,0.31,1.267121411
子图5：(e) 水平分量,Abaqus,0.32,1.310613649
子图5：(e) 水平分量,Abaqus,0.33,1.363093913
子图5：(e) 水平分量,Abaqus,0.34,1.424057291
子图5：(e) 水平分量,Abaqus,0.35,1.477665081
子图5：(e) 水平分量,Abaqus,0.36,1.525476547
子图5：(e) 水平分量,Abaqus,0.37,1.580608761
子图5：(e) 水平分量,Abaqus,0.38,1.641361454
子图5：(e) 水平分量,Abaqus,0.39,1.686573921
子图5：(e) 水平分量,Abaqus,0.4,1.737521426
子图5：(e) 水平分量,Abaqus,0.41,1.793286219
子图5：(e) 水平分量,Abaqus,0.42,1.833187816
子图5：(e) 水平分量,Abaqus,0.43,1.867189408
子图5：(e) 水平分量,Abaqus,0.44,1.906926075
子图5：(e) 水平分量,Abaqus,0.45,1.9476848
子图5：(e) 水平分量,Abaqus,0.46,1.973367792
子图5：(e) 水平分量,Abaqus,0.47,2.003279455
子图5：(e) 水平分量,Abaqus,0.48,2.037284188
子图5：(e) 水平分量,Abaqus,0.49,2.049106272
子图5：(e) 水平分量,Abaqus,0.5,2.056823141
子图5：(e) 水平分量,Abaqus,0.51,2.071037001
子图5：(e) 水平分量,Abaqus,0.52,2.083492141
子图5：(e) 水平分量,Abaqus,0.53,2.081438423
子图5：(e) 水平分量,Abaqus,0.54,2.084530412
子图5：(e) 水平分量,Abaqus,0.55,2.09221972
子图5：(e) 水平分量,Abaqus,0.56,2.076711977
子图5：(e) 水平分量,Abaqus,0.57,2.063068799
子图5：(e) 水平分量,Abaqus,0.58,2.056485213
子图5：(e) 水平分量,Abaqus,0.59,2.047746262
子图5：(e) 水平分量,Abaqus,0.6,2.027267585
子图5：(e) 水平分量,Abaqus,0.61,2.012959617
子图5：(e) 水平分量,Abaqus,0.62,2.004564979
子图5：(e) 水平分量,Abaqus,0.63,1.976681823
子图5：(e) 水平分量,Abaqus,0.64,1.956050932
子图5：(e) 水平分量,Abaqus,0.65,1.945162647
子图5：(e) 水平分量,Abaqus,0.66,1.9293805
子图5：(e) 水平分量,Abaqus,0.67,1.905597756
子图5：(e) 水平分量,Abaqus,0.68,1.888569295
子图5：(e) 水平分量,Abaqus,0.69,1.878547265
子图5：(e) 水平分量,Abaqus,0.7,1.855306068
子图5：(e) 水平分量,Abaqus,0.71,1.842942658
子图5：(e) 水平分量,Abaqus,0.72,1.84168594
子图5：(e) 水平分量,Abaqus,0.73,1.830952387
子图5：(e) 水平分量,Abaqus,0.74,1.813531384
子图5：(e) 水平分量,Abaqus,0.75,1.803703223
子图5：(e) 水平分量,Abaqus,0.76,1.799367437
子图5：(e) 水平分量,Abaqus,0.77,1.788762074
子图5：(e) 水平分量,Abaqus,0.78,1.789013265
子图5：(e) 水平分量,Abaqus,0.79,1.800059483
子图5：(e) 水平分量,Abaqus,0.8,1.794542847
子图5：(e) 水平分量,Abaqus,0.81,1.784280758
子图5：(e) 水平分量,Abaqus,0.82,1.780860738
子图5：(e) 水平分量,Abaqus,0.83,1.780863836
子图5：(e) 水平分量,Abaqus,0.84,1.780380019
子图5：(e) 水平分量,Abaqus,0.85,1.789972734
子图5：(e) 水平分量,Abaqus,0.86,1.809479528
子图5：(e) 水平分量,Abaqus,0.87,1.804203972
子图5：(e) 水平分量,Abaqus,0.88,1.796372429
子图5：(e) 水平分量,Abaqus,0.89,1.793632112
子图5：(e) 水平分量,Abaqus,0.9,1.795906928
子图5：(e) 水平分量,Abaqus,0.91,1.804569469
子图5：(e) 水平分量,Abaqus,0.92,1.822823966
子图5：(e) 水平分量,Abaqus,0.93,1.850749478
子图5：(e) 水平分量,Abaqus,0.94,1.842656041
子图5：(e) 水平分量,Abaqus,0.95,1.833695801
子图5：(e) 水平分量,Abaqus,0.96,1.828607013
子图5：(e) 水平分量,Abaqus,0.97,1.843811922
子图5：(e) 水平分量,Abaqus,0.98,1.890173696
子图5：(e) 水平分量,Abaqus,0.99,1.948328905
子图5：(e) 水平分量,Abaqus,1,2.017678042
子图5：(e) 水平分量,Abaqus,1.01,2.072346789
子图5：(e) 水平分量,Abaqus,1.02,2.128228735
子图5：(e) 水平分量,Abaqus,1.03,2.185482173
子图5：(e) 水平分量,Abaqus,1.04,2.2443726
子图5：(e) 水平分量,Abaqus,1.05,2.25980663
子图5：(e) 水平分量,Abaqus,1.06,2.275239805
子图5：(e) 水平分量,Abaqus,1.07,2.290672981
子图5：(e) 水平分量,Abaqus,1.08,2.306253183
子图5：(e) 水平分量,Abaqus,1.09,2.351311112
子图5：(e) 水平分量,Abaqus,1.1,2.396446579
子图5：(e) 水平分量,Abaqus,1.11,2.441617079
子图5：(e) 水平分量,Abaqus,1.12,2.486787579
子图5：(e) 水平分量,Abaqus,1.13,2.496793766
子图5：(e) 水平分量,Abaqus,1.14,2.507100252
子图5：(e) 水平分量,Abaqus,1.15,2.517406739
子图5：(e) 水平分量,Abaqus,1.16,2.527713225
子图5：(e) 水平分量,Abaqus,1.17,2.56298212
子图5：(e) 水平分量,Abaqus,1.18,2.598270161
子图5：(e) 水平分量,Abaqus,1.19,2.634195975
子图5：(e) 水平分量,Abaqus,1.2,2.670121789
子图5：(e) 水平分量,Abaqus,1.21,2.676402193
子图5：(e) 水平分量,Abaqus,1.22,2.68268202
子图5：(e) 水平分量,Abaqus,1.23,2.688961847
子图5：(e) 水平分量,Abaqus,1.24,2.695543043
子图5：(e) 水平分量,Abaqus,1.25,2.721456569
子图5：(e) 水平分量,Abaqus,1.26,2.747370463
子图5：(e) 水平分量,Abaqus,1.27,2.773284356
子图5：(e) 水平分量,Abaqus,1.28,2.799282822
子图5：(e) 水平分量,Abaqus,1.29,2.804422985
子图5：(e) 水平分量,Abaqus,1.3,2.809562724
子图5：(e) 水平分量,Abaqus,1.31,2.814702464
子图5：(e) 水平分量,Abaqus,1.32,2.819842203
子图5：(e) 水平分量,Abaqus,1.33,2.836525284
子图5：(e) 水平分量,Abaqus,1.34,2.854268005
子图5：(e) 水平分量,Abaqus,1.35,2.872083669
子图5：(e) 水平分量,Abaqus,1.36,2.889899334
子图5：(e) 水平分量,Abaqus,1.37,2.894854238
子图5：(e) 水平分量,Abaqus,1.38,2.90018532
子图5：(e) 水平分量,Abaqus,1.39,2.905879724
子图5：(e) 水平分量,Abaqus,1.4,2.911574128
子图5：(e) 水平分量,Abaqus,1.41,2.922261956
子图5：(e) 水平分量,Abaqus,1.42,2.932949881
子图5：(e) 水平分量,Abaqus,1.43,2.944367649
子图5：(e) 水平分量,Abaqus,1.44,2.956156698
子图5：(e) 水平分量,Abaqus,1.45,2.962430022
子图5：(e) 水平分量,Abaqus,1.46,2.96870324
子图5：(e) 水平分量,Abaqus,1.47,2.974976457
子图5：(e) 水平分量,Abaqus,1.48,2.981635449
子图5：(e) 水平分量,Abaqus,1.49,2.988564955
子图5：(e) 水平分量,Abaqus,1.5,2.995494459
子图5：(e) 水平分量,Abaqus,1.51,3.002423963
子图5：(e) 水平分量,Abaqus,1.52,3.009354863
子图5：(e) 水平分量,Abaqus,1.53,3.01677833
子图5：(e) 水平分量,Abaqus,1.54,3.024201786
子图5：(e) 水平分量,Abaqus,1.55,3.031625241
子图5：(e) 水平分量,Abaqus,1.56,3.039048697
子图5：(e) 水平分量,Abaqus,1.57,3.042982281
子图5：(e) 水平分量,Abaqus,1.58,3.047552888
子图5：(e) 水平分量,Abaqus,1.59,3.052434173
子图5：(e) 水平分量,Abaqus,1.6,3.057315459
子图5：(e) 水平分量,Abaqus,1.61,3.06427982
子图5：(e) 水平分量,Abaqus,1.62,3.071244223
子图5：(e) 水平分量,Abaqus,1.63,3.078879483
子图5：(e) 水平分量,Abaqus,1.64,3.086722521
子图5：(e) 水平分量,Abaqus,1.65,3.089637812
子图5：(e) 水平分量,Abaqus,1.66,3.092553008
子图5：(e) 水平分量,Abaqus,1.67,3.095468203
子图5：(e) 水平分量,Abaqus,1.68,3.099005993
子图5：(e) 水平分量,Abaqus,1.69,3.105460474
子图5：(e) 水平分量,Abaqus,1.7,3.111915005
子图5：(e) 水平分量,Abaqus,1.71,3.118369537
子图5：(e) 水平分量,Abaqus,1.72,3.124824069
子图5：(e) 水平分量,Abaqus,1.73,3.126910853
子图5：(e) 水平分量,Abaqus,1.74,3.129152
子图5：(e) 水平分量,Abaqus,1.75,3.131393147
子图5：(e) 水平分量,Abaqus,1.76,3.133634295
子图5：(e) 水平分量,Abaqus,1.77,3.137951302
子图5：(e) 水平分量,Abaqus,1.78,3.142994076
子图5：(e) 水平分量,Abaqus,1.79,3.148272182
子图5：(e) 水平分量,Abaqus,1.8,3.153550289
子图5：(e) 水平分量,Abaqus,1.81,3.154278132
子图5：(e) 水平分量,Abaqus,1.82,3.155005888
子图5：(e) 水平分量,Abaqus,1.83,3.156406336
子图5：(e) 水平分量,Abaqus,1.84,3.157981725
子图5：(e) 水平分量,Abaqus,1.85,3.160804212
子图5：(e) 水平分量,Abaqus,1.86,3.163626724
子图5：(e) 水平分量,Abaqus,1.87,3.166449235
子图5：(e) 水平分量,Abaqus,1.88,3.170087207
子图5：(e) 水平分量,Abaqus,1.89,3.170107686
子图5：(e) 水平分量,Abaqus,1.9,3.170128092
子图5：(e) 水平分量,Abaqus,1.91,3.170148499
子图5：(e) 水平分量,Abaqus,1.92,3.170168905
子图5：(e) 水平分量,Abaqus,1.93,3.171134455
子图5：(e) 水平分量,Abaqus,1.94,3.172489489
子图5：(e) 水平分量,Abaqus,1.95,3.173844522
子图5：(e) 水平分量,Abaqus,1.96,3.175199555
子图5：(e) 水平分量,Abaqus,1.97,3.173759253
子图5：(e) 水平分量,Abaqus,1.98,3.172651546
子图5：(e) 水平分量,Abaqus,1.99,3.17198557
子图5：(e) 水平分量,Abaqus,2,3.171319594
子图5：(e) 水平分量,Abaqus,2.01,3.170619554
子图5：(e) 水平分量,Abaqus,2.02,3.169919512
子图5：(e) 水平分量,Abaqus,2.03,3.169219471
子图5：(e) 水平分量,Abaqus,2.04,3.169358192
子图5：(e) 水平分量,Abaqus,2.05,3.167429193
子图5：(e) 水平分量,Abaqus,2.06,3.165500155
子图5：(e) 水平分量,Abaqus,2.07,3.163571116
子图5：(e) 水平分量,Abaqus,2.08,3.161642078
子图5：(e) 水平分量,Abaqus,2.09,3.159530123
子图5：(e) 水平分量,Abaqus,2.1,3.158051421
子图5：(e) 水平分量,Abaqus,2.11,3.156572719
子图5：(e) 水平分量,Abaqus,2.12,3.155094018
子图5：(e) 水平分量,Abaqus,2.13,3.152261467
子图5：(e) 水平分量,Abaqus,2.14,3.14942889
子图5：(e) 水平分量,Abaqus,2.15,3.146707945
子图5：(e) 水平分量,Abaqus,2.16,3.144538489
子图5：(e) 水平分量,Abaqus,2.17,3.141973048
子图5：(e) 水平分量,Abaqus,2.18,3.139407599
子图5：(e) 水平分量,Abaqus,2.19,3.136842151
子图5：(e) 水平分量,Abaqus,2.2,3.134276702
子图5：(e) 水平分量,Abaqus,2.21,3.130934723
子图5：(e) 水平分量,Abaqus,2.22,3.128097257
子图5：(e) 水平分量,Abaqus,2.23,3.125360308
子图5：(e) 水平分量,Abaqus,2.24,3.122623359
子图5：(e) 水平分量,Abaqus,2.25,3.119450726
子图5：(e) 水平分量,Abaqus,2.26,3.116278085
子图5：(e) 水平分量,Abaqus,2.27,3.113105445
子图5：(e) 水平分量,Abaqus,2.28,3.109958907
子图5：(e) 水平分量,Abaqus,2.29,3.107019902
子图5：(e) 水平分量,Abaqus,2.3,3.10408089
子图5：(e) 水平分量,Abaqus,2.31,3.101141877
子图5：(e) 水平分量,Abaqus,2.32,3.098202864
子图5：(e) 水平分量,Abaqus,2.33,3.094812671
子图5：(e) 水平分量,Abaqus,2.34,3.091422469
子图5：(e) 水平分量,Abaqus,2.35,3.088032267
子图5：(e) 水平分量,Abaqus,2.36,3.085029335
子图5：(e) 水平分量,Abaqus,2.37,3.082179603
子图5：(e) 水平分量,Abaqus,2.38,3.079329872
子图5：(e) 水平分量,Abaqus,2.39,3.07648014
子图5：(e) 水平分量,Abaqus,2.4,3.073630408
子图5：(e) 水平分量,Abaqus,2.41,3.07031495
子图5：(e) 水平分量,Abaqus,2.42,3.066999482
子图5：(e) 水平分量,Abaqus,2.43,3.063684014
子图5：(e) 水平分量,Abaqus,2.44,3.060829902
子图5：(e) 水平分量,Abaqus,2.45,3.058274277
子图5：(e) 水平分量,Abaqus,2.46,3.055718656
子图5：(e) 水平分量,Abaqus,2.47,3.053163036
子图5：(e) 水平分量,Abaqus,2.48,3.050607415
子图5：(e) 水平分量,Abaqus,2.49,3.04756765
子图5：(e) 水平分量,Abaqus,2.5,3.044527876
子图5：(e) 水平分量,Abaqus,2.51,3.041488101
子图5：(e) 水平分量,Abaqus,2.52,3.038781398
子图5：(e) 水平分量,Abaqus,2.53,3.036644961
子图5：(e) 水平分量,Abaqus,2.54,3.034508533
子图5：(e) 水平分量,Abaqus,2.55,3.032372105
子图5：(e) 水平分量,Abaqus,2.56,3.030235676
子图5：(e) 水平分量,Abaqus,2.57,3.027593945
子图5：(e) 水平分量,Abaqus,2.58,3.024952203
子图5：(e) 水平分量,Abaqus,2.59,3.022310462
子图5：(e) 水平分量,Abaqus,2.6,3.019746642
子图5：(e) 水平分量,Abaqus,2.61,3.01808954
子图5：(e) 水平分量,Abaqus,2.62,3.016432447
子图5：(e) 水平分量,Abaqus,2.63,3.014775355
子图5：(e) 水平分量,Abaqus,2.64,3.013118262
子图5：(e) 水平分量,Abaqus,2.65,3.010931931
子图5：(e) 水平分量,Abaqus,2.66,3.00874559
子图5：(e) 水平分量,Abaqus,2.67,3.00655925
子图5：(e) 水平分量,Abaqus,2.68,3.004372932
子图5：(e) 水平分量,Abaqus,2.69,3.002967062
子图5：(e) 水平分量,Abaqus,2.7,3.001800156
子图5：(e) 水平分量,Abaqus,2.71,3.00063325
子图5：(e) 水平分量,Abaqus,2.72,2.99946632
子图5：(e) 水平分量,Abaqus,2.73,2.997741589
子图5：(e) 水平分量,Abaqus,2.74,2.996016857
子图5：(e) 水平分量,Abaqus,2.75,2.994292125
子图5：(e) 水平分量,Abaqus,2.76,2.992567417
子图5：(e) 水平分量,Abaqus,2.77,2.991396162
子图5：(e) 水平分量,Abaqus,2.78,2.990596123
子图5：(e) 水平分量,Abaqus,2.79,2.989894013
子图5：(e) 水平分量,Abaqus,2.8,2.989191877
子图5：(e) 水平分量,Abaqus,2.81,2.987898027
子图5：(e) 水平分量,Abaqus,2.82,2.986604176
子图5：(e) 水平分量,Abaqus,2.83,2.985310325
子图5：(e) 水平分量,Abaqus,2.84,2.984016496
子图5：(e) 水平分量,Abaqus,2.85,2.983250318
子图5：(e) 水平分量,Abaqus,2.86,2.982570272
子图5：(e) 水平分量,Abaqus,2.87,2.982281375
子图5：(e) 水平分量,Abaqus,2.88,2.981992452
子图5：(e) 水平分量,Abaqus,2.89,2.981075634
子图5：(e) 水平分量,Abaqus,2.9,2.980158816
子图5：(e) 水平分量,Abaqus,2.91,2.979241998
子图5：(e) 水平分量,Abaqus,2.92,2.9783252
子图5：(e) 水平分量,Abaqus,2.93,2.97789362
子图5：(e) 水平分量,Abaqus,2.94,2.97746204
子图5：(e) 水平分量,Abaqus,2.95,2.977373549
子图5：(e) 水平分量,Abaqus,2.96,2.977429023
子图5：(e) 水平分量,Abaqus,2.97,2.976824777
子图5：(e) 水平分量,Abaqus,2.98,2.976220532
子图5：(e) 水平分量,Abaqus,2.99,2.975616287
子图5：(e) 水平分量,Abaqus,3,2.975012059
子图5：(e) 水平分量,Abaqus,3.01,2.974837081
子图5：(e) 水平分量,Abaqus,3.02,2.974662103
子图5：(e) 水平分量,Abaqus,3.03,2.974675611
子图5：(e) 水平分量,Abaqus,3.04,2.974997525
子图5：(e) 水平分量,Abaqus,3.05,2.974639511
子图5：(e) 水平分量,Abaqus,3.06,2.974281497
子图5：(e) 水平分量,Abaqus,3.07,2.973923483
子图5：(e) 水平分量,Abaqus,3.08,2.973565484
子图5：(e) 水平分量,Abaqus,3.09,2.973568852
子图5：(e) 水平分量,Abaqus,3.1,2.973572219
子图5：(e) 水平分量,Abaqus,3.11,2.973677831
子图5：(e) 水平分量,Abaqus,3.12,2.974187507
子图5：(e) 水平分量,Abaqus,3.13,2.974011831
子图5：(e) 水平分量,Abaqus,3.14,2.973836154
子图5：(e) 水平分量,Abaqus,3.15,2.973660478
子图5：(e) 水平分量,Abaqus,3.16,2.973484814
子图5：(e) 水平分量,Abaqus,3.17,2.973595122
子图5：(e) 水平分量,Abaqus,3.18,2.973705429
子图5：(e) 水平分量,Abaqus,3.19,2.973895805
子图5：(e) 水平分量,Abaqus,3.2,2.974520675
子图5：(e) 水平分量,Abaqus,3.21,2.97446842
子图5：(e) 水平分量,Abaqus,3.22,2.974416165
子图5：(e) 水平分量,Abaqus,3.23,2.974363909
子图5：(e) 水平分量,Abaqus,3.24,2.974311663
子图5：(e) 水平分量,Abaqus,3.25,2.9744685
子图5：(e) 水平分量,Abaqus,3.26,2.974625338
子图5：(e) 水平分量,Abaqus,3.27,2.974896165
子图5：(e) 水平分量,Abaqus,3.28,2.975574392
子图5：(e) 水平分量,Abaqus,3.29,2.975592837
子图5：(e) 水平分量,Abaqus,3.3,2.975611281
子图5：(e) 水平分量,Abaqus,3.31,2.975629725
子图5：(e) 水平分量,Abaqus,3.32,2.975648175
子图5：(e) 水平分量,Abaqus,3.33,2.975804246
子图5：(e) 水平分量,Abaqus,3.34,2.975960318
子图5：(e) 水平分量,Abaqus,3.35,2.976309305
子图5：(e) 水平分量,Abaqus,3.36,2.976991954
子图5：(e) 水平分量,Abaqus,3.37,2.977036036
子图5：(e) 水平分量,Abaqus,3.38,2.977080119
子图5：(e) 水平分量,Abaqus,3.39,2.977124202
子图5：(e) 水平分量,Abaqus,3.4,2.977168287
子图5：(e) 水平分量,Abaqus,3.41,2.977288606
子图5：(e) 水平分量,Abaqus,3.42,2.977408925
子图5：(e) 水平分量,Abaqus,3.43,2.977835767
子图5：(e) 水平分量,Abaqus,3.44,2.978486299
子图5：(e) 水平分量,Abaqus,3.45,2.978520496
子图5：(e) 水平分量,Abaqus,3.46,2.978554693
子图5：(e) 水平分量,Abaqus,3.47,2.97858889
子图5：(e) 水平分量,Abaqus,3.48,2.978623089
子图5：(e) 水平分量,Abaqus,3.49,2.978683157
子图5：(e) 水平分量,Abaqus,3.5,2.978743226
子图5：(e) 水平分量,Abaqus,3.51,2.979247214
子图5：(e) 水平分量,Abaqus,3.52,2.979839522
子图5：(e) 水平分量,Abaqus,3.53,2.979839038
子图5：(e) 水平分量,Abaqus,3.54,2.979838555
子图5：(e) 水平分量,Abaqus,3.55,2.979838071
子图5：(e) 水平分量,Abaqus,3.56,2.979837586
子图5：(e) 水平分量,Abaqus,3.57,2.979820893
子图5：(e) 水平分量,Abaqus,3.58,2.979867433
子图5：(e) 水平分量,Abaqus,3.59,2.980383569
子图5：(e) 水平分量,Abaqus,3.6,2.980899681
子图5：(e) 水平分量,Abaqus,3.61,2.980850181
子图5：(e) 水平分量,Abaqus,3.62,2.98080068
子图5：(e) 水平分量,Abaqus,3.63,2.980751179
子图5：(e) 水平分量,Abaqus,3.64,2.980701677
子图5：(e) 水平分量,Abaqus,3.65,2.980597996
子图5：(e) 水平分量,Abaqus,3.66,2.980717956
子图5：(e) 水平分量,Abaqus,3.67,2.98114666
子图5：(e) 水平分量,Abaqus,3.68,2.981575343
子图5：(e) 水平分量,Abaqus,3.69,2.981471311
子图5：(e) 水平分量,Abaqus,3.7,2.981367279
子图5：(e) 水平分量,Abaqus,3.71,2.981263247
子图5：(e) 水平分量,Abaqus,3.72,2.981159212
子图5：(e) 水平分量,Abaqus,3.73,2.980963987
子图5：(e) 水平分量,Abaqus,3.74,2.981154833
子图5：(e) 水平分量,Abaqus,3.75,2.98149086
子图5：(e) 水平分量,Abaqus,3.76,2.981826867
子图5：(e) 水平分量,Abaqus,3.77,2.981668484
子图5：(e) 水平分量,Abaqus,3.78,2.981510101
子图5：(e) 水平分量,Abaqus,3.79,2.981351717
子图5：(e) 水平分量,Abaqus,3.8,2.981193329
子图5：(e) 水平分量,Abaqus,3.81,2.98092405
子图5：(e) 水平分量,Abaqus,3.82,2.981168413
子图5：(e) 水平分量,Abaqus,3.83,2.981412776
子图5：(e) 水平分量,Abaqus,3.84,2.981657119
子图5：(e) 水平分量,Abaqus,3.85,2.981447364
子图5：(e) 水平分量,Abaqus,3.86,2.981237609
子图5：(e) 水平分量,Abaqus,3.87,2.981027854
子图5：(e) 水平分量,Abaqus,3.88,2.980818092
子图5：(e) 水平分量,Abaqus,3.89,2.980622199
子图5：(e) 水平分量,Abaqus,3.9,2.98078217
子图5：(e) 水平分量,Abaqus,3.91,2.98094214
子图5：(e) 水平分量,Abaqus,3.92,2.981102093
子图5：(e) 水平分量,Abaqus,3.93,2.980844184
子图5：(e) 水平分量,Abaqus,3.94,2.980586274
子图5：(e) 水平分量,Abaqus,3.95,2.980328365
子图5：(e) 水平分量,Abaqus,3.96,2.980070448
子图5：(e) 水平分量,Abaqus,3.97,2.979953234
子图5：(e) 水平分量,Abaqus,3.98,2.980041714
子图5：(e) 水平分量,Abaqus,3.99,2.980130195
子图5：(e) 水平分量,Abaqus,4,2.98021866
子图5：(e) 水平分量,SPECFEM2D,-4,2.648934332
子图5：(e) 水平分量,SPECFEM2D,-3.99,2.650791392
子图5：(e) 水平分量,SPECFEM2D,-3.98,2.649028225
子图5：(e) 水平分量,SPECFEM2D,-3.97,2.647522649
子图5：(e) 水平分量,SPECFEM2D,-3.96,2.661620218
子图5：(e) 水平分量,SPECFEM2D,-3.95,2.646580287
子图5：(e) 水平分量,SPECFEM2D,-3.94,2.641462786
子图5：(e) 水平分量,SPECFEM2D,-3.93,2.640372683
子图5：(e) 水平分量,SPECFEM2D,-3.92,2.641999893
子图5：(e) 水平分量,SPECFEM2D,-3.91,2.639805576
子图5：(e) 水平分量,SPECFEM2D,-3.9,2.637884275
子图5：(e) 水平分量,SPECFEM2D,-3.89,2.647093707
子图5：(e) 水平分量,SPECFEM2D,-3.88,2.636343561
子图5：(e) 水平分量,SPECFEM2D,-3.87,2.637320622
子图5：(e) 水平分量,SPECFEM2D,-3.86,2.63664359
子图5：(e) 水平分量,SPECFEM2D,-3.85,2.638709072
子图5：(e) 水平分量,SPECFEM2D,-3.84,2.63355469
子图5：(e) 水平分量,SPECFEM2D,-3.83,2.639090727
子图5：(e) 水平分量,SPECFEM2D,-3.82,2.63144099
子图5：(e) 水平分量,SPECFEM2D,-3.81,2.64546734
子图5：(e) 水平分量,SPECFEM2D,-3.8,2.639718359
子图5：(e) 水平分量,SPECFEM2D,-3.79,2.640189919
子图5：(e) 水平分量,SPECFEM2D,-3.78,2.635475064
子图5：(e) 水平分量,SPECFEM2D,-3.77,2.634758511
子图5：(e) 水平分量,SPECFEM2D,-3.76,2.631480042
子图5：(e) 水平分量,SPECFEM2D,-3.75,2.639643131
子图5：(e) 水平分量,SPECFEM2D,-3.74,2.639856953
子图5：(e) 水平分量,SPECFEM2D,-3.73,2.635140075
子图5：(e) 水平分量,SPECFEM2D,-3.72,2.63754241
子图5：(e) 水平分量,SPECFEM2D,-3.71,2.631957791
子图5：(e) 水平分量,SPECFEM2D,-3.7,2.633503551
子图5：(e) 水平分量,SPECFEM2D,-3.69,2.634835782
子图5：(e) 水平分量,SPECFEM2D,-3.68,2.635283974
子图5：(e) 水平分量,SPECFEM2D,-3.67,2.637559703
子图5：(e) 水平分量,SPECFEM2D,-3.66,2.637059808
子图5：(e) 水平分量,SPECFEM2D,-3.65,2.646137043
子图5：(e) 水平分量,SPECFEM2D,-3.64,2.641523939
子图5：(e) 水平分量,SPECFEM2D,-3.63,2.633094018
子图5：(e) 水平分量,SPECFEM2D,-3.62,2.633699587
子图5：(e) 水平分量,SPECFEM2D,-3.61,2.639838232
子图5：(e) 水平分量,SPECFEM2D,-3.6,2.6379389
子图5：(e) 水平分量,SPECFEM2D,-3.59,2.641972614
子图5：(e) 水平分量,SPECFEM2D,-3.58,2.637378696
子图5：(e) 水平分量,SPECFEM2D,-3.57,2.637797302
子图5：(e) 水平分量,SPECFEM2D,-3.56,2.642923316
子图5：(e) 水平分量,SPECFEM2D,-3.55,2.640619176
子图5：(e) 水平分量,SPECFEM2D,-3.54,2.638840812
子图5：(e) 水平分量,SPECFEM2D,-3.53,2.640997001
子图5：(e) 水平分量,SPECFEM2D,-3.52,2.637789497
子图5：(e) 水平分量,SPECFEM2D,-3.51,2.646733451
子图5：(e) 水平分量,SPECFEM2D,-3.5,2.6363862
子图5：(e) 水平分量,SPECFEM2D,-3.49,2.638886708
子图5：(e) 水平分量,SPECFEM2D,-3.48,2.639340923
子图5：(e) 水平分量,SPECFEM2D,-3.47,2.638322424
子图5：(e) 水平分量,SPECFEM2D,-3.46,2.63787264
子图5：(e) 水平分量,SPECFEM2D,-3.45,2.638800677
子图5：(e) 水平分量,SPECFEM2D,-3.44,2.63731157
子图5：(e) 水平分量,SPECFEM2D,-3.43,2.637949167
子图5：(e) 水平分量,SPECFEM2D,-3.42,2.642368621
子图5：(e) 水平分量,SPECFEM2D,-3.41,2.647796152
子图5：(e) 水平分量,SPECFEM2D,-3.4,2.650425397
子图5：(e) 水平分量,SPECFEM2D,-3.39,2.64743051
子图5：(e) 水平分量,SPECFEM2D,-3.38,2.643485661
子图5：(e) 水平分量,SPECFEM2D,-3.37,2.63968241
子图5：(e) 水平分量,SPECFEM2D,-3.36,2.639741185
子图5：(e) 水平分量,SPECFEM2D,-3.35,2.645769272
子图5：(e) 水平分量,SPECFEM2D,-3.34,2.649208498
子图5：(e) 水平分量,SPECFEM2D,-3.33,2.646595095
子图5：(e) 水平分量,SPECFEM2D,-3.32,2.640461452
子图5：(e) 水平分量,SPECFEM2D,-3.31,2.645701642
子图5：(e) 水平分量,SPECFEM2D,-3.3,2.643293509
子图5：(e) 水平分量,SPECFEM2D,-3.29,2.656450734
子图5：(e) 水平分量,SPECFEM2D,-3.28,2.648022134
子图5：(e) 水平分量,SPECFEM2D,-3.27,2.650882627
子图5：(e) 水平分量,SPECFEM2D,-3.26,2.645984059
子图5：(e) 水平分量,SPECFEM2D,-3.25,2.644474529
子图5：(e) 水平分量,SPECFEM2D,-3.24,2.648384421
子图5：(e) 水平分量,SPECFEM2D,-3.23,2.653332284
子图5：(e) 水平分量,SPECFEM2D,-3.22,2.647348564
子图5：(e) 水平分量,SPECFEM2D,-3.21,2.646759837
子图5：(e) 水平分量,SPECFEM2D,-3.2,2.648830291
子图5：(e) 水平分量,SPECFEM2D,-3.19,2.648115559
子图5：(e) 水平分量,SPECFEM2D,-3.18,2.645653301
子图5：(e) 水平分量,SPECFEM2D,-3.17,2.645285863
子图5：(e) 水平分量,SPECFEM2D,-3.16,2.648914745
子图5：(e) 水平分量,SPECFEM2D,-3.15,2.648256756
子图5：(e) 水平分量,SPECFEM2D,-3.14,2.657341349
子图5：(e) 水平分量,SPECFEM2D,-3.13,2.656731481
子图5：(e) 水平分量,SPECFEM2D,-3.12,2.654348887
子图5：(e) 水平分量,SPECFEM2D,-3.11,2.64993539
子图5：(e) 水平分量,SPECFEM2D,-3.1,2.6496494
子图5：(e) 水平分量,SPECFEM2D,-3.09,2.65024778
子图5：(e) 水平分量,SPECFEM2D,-3.08,2.652741522
子图5：(e) 水平分量,SPECFEM2D,-3.07,2.658864238
子图5：(e) 水平分量,SPECFEM2D,-3.06,2.656584475
子图5：(e) 水平分量,SPECFEM2D,-3.05,2.660758669
子图5：(e) 水平分量,SPECFEM2D,-3.04,2.654117769
子图5：(e) 水平分量,SPECFEM2D,-3.03,2.651872961
子图5：(e) 水平分量,SPECFEM2D,-3.02,2.651864801
子图5：(e) 水平分量,SPECFEM2D,-3.01,2.657590204
子图5：(e) 水平分量,SPECFEM2D,-3,2.656545842
子图5：(e) 水平分量,SPECFEM2D,-2.99,2.669911635
子图5：(e) 水平分量,SPECFEM2D,-2.98,2.657557361
子图5：(e) 水平分量,SPECFEM2D,-2.97,2.658601896
子图5：(e) 水平分量,SPECFEM2D,-2.96,2.658777168
子图5：(e) 水平分量,SPECFEM2D,-2.95,2.661533407
子图5：(e) 水平分量,SPECFEM2D,-2.94,2.659612373
子图5：(e) 水平分量,SPECFEM2D,-2.93,2.65764309
子图5：(e) 水平分量,SPECFEM2D,-2.92,2.661699885
子图5：(e) 水平分量,SPECFEM2D,-2.91,2.660678654
子图5：(e) 水平分量,SPECFEM2D,-2.9,2.662311837
子图5：(e) 水平分量,SPECFEM2D,-2.89,2.65926189
子图5：(e) 水平分量,SPECFEM2D,-2.88,2.660998891
子图5：(e) 水平分量,SPECFEM2D,-2.87,2.661488049
子图5：(e) 水平分量,SPECFEM2D,-2.86,2.665592011
子图5：(e) 水平分量,SPECFEM2D,-2.85,2.662668816
子图5：(e) 水平分量,SPECFEM2D,-2.84,2.673919386
子图5：(e) 水平分量,SPECFEM2D,-2.83,2.6644698
子图5：(e) 水平分量,SPECFEM2D,-2.82,2.66540795
子图5：(e) 水平分量,SPECFEM2D,-2.81,2.663468225
子图5：(e) 水平分量,SPECFEM2D,-2.8,2.665054221
子图5：(e) 水平分量,SPECFEM2D,-2.79,2.665973484
子图5：(e) 水平分量,SPECFEM2D,-2.78,2.668754794
子图5：(e) 水平分量,SPECFEM2D,-2.77,2.665330442
子图5：(e) 水平分量,SPECFEM2D,-2.76,2.667939907
子图5：(e) 水平分量,SPECFEM2D,-2.75,2.667227184
子图5：(e) 水平分量,SPECFEM2D,-2.74,2.665409326
子图5：(e) 水平分量,SPECFEM2D,-2.73,2.665511005
子图5：(e) 水平分量,SPECFEM2D,-2.72,2.666038833
子图5：(e) 水平分量,SPECFEM2D,-2.71,2.668454564
子图5：(e) 水平分量,SPECFEM2D,-2.7,2.668562894
子图5：(e) 水平分量,SPECFEM2D,-2.69,2.673681125
子图5：(e) 水平分量,SPECFEM2D,-2.68,2.665485451
子图5：(e) 水平分量,SPECFEM2D,-2.67,2.666958301
子图5：(e) 水平分量,SPECFEM2D,-2.66,2.667392163
子图5：(e) 水平分量,SPECFEM2D,-2.65,2.667035842
子图5：(e) 水平分量,SPECFEM2D,-2.64,2.666468862
子图5：(e) 水平分量,SPECFEM2D,-2.63,2.6660728
子图5：(e) 水平分量,SPECFEM2D,-2.62,2.669947374
子图5：(e) 水平分量,SPECFEM2D,-2.61,2.671726492
子图5：(e) 水平分量,SPECFEM2D,-2.6,2.670544602
子图5：(e) 水平分量,SPECFEM2D,-2.59,2.669882464
子图5：(e) 水平分量,SPECFEM2D,-2.58,2.666907966
子图5：(e) 水平分量,SPECFEM2D,-2.57,2.666434427
子图5：(e) 水平分量,SPECFEM2D,-2.56,2.666654932
子图5：(e) 水平分量,SPECFEM2D,-2.55,2.667347046
子图5：(e) 水平分量,SPECFEM2D,-2.54,2.668559227
子图5：(e) 水平分量,SPECFEM2D,-2.53,2.666153214
子图5：(e) 水平分量,SPECFEM2D,-2.52,2.667144795
子图5：(e) 水平分量,SPECFEM2D,-2.51,2.667451256
子图5：(e) 水平分量,SPECFEM2D,-2.5,2.667385642
子图5：(e) 水平分量,SPECFEM2D,-2.49,2.672338989
子图5：(e) 水平分量,SPECFEM2D,-2.48,2.675286163
子图5：(e) 水平分量,SPECFEM2D,-2.47,2.67442412
子图5：(e) 水平分量,SPECFEM2D,-2.46,2.669566748
子图5：(e) 水平分量,SPECFEM2D,-2.45,2.665792421
子图5：(e) 水平分量,SPECFEM2D,-2.44,2.665585979
子图5：(e) 水平分量,SPECFEM2D,-2.43,2.664984074
子图5：(e) 水平分量,SPECFEM2D,-2.42,2.664571157
子图5：(e) 水平分量,SPECFEM2D,-2.41,2.664973686
子图5：(e) 水平分量,SPECFEM2D,-2.4,2.662493039
子图5：(e) 水平分量,SPECFEM2D,-2.39,2.663368137
子图5：(e) 水平分量,SPECFEM2D,-2.38,2.663071126
子图5：(e) 水平分量,SPECFEM2D,-2.37,2.661637905
子图5：(e) 水平分量,SPECFEM2D,-2.36,2.662274725
子图5：(e) 水平分量,SPECFEM2D,-2.35,2.663386671
子图5：(e) 水平分量,SPECFEM2D,-2.34,2.6635889
子图5：(e) 水平分量,SPECFEM2D,-2.33,2.66057916
子图5：(e) 水平分量,SPECFEM2D,-2.32,2.656740243
子图5：(e) 水平分量,SPECFEM2D,-2.31,2.660104642
子图5：(e) 水平分量,SPECFEM2D,-2.3,2.657175121
子图5：(e) 水平分量,SPECFEM2D,-2.29,2.653220051
子图5：(e) 水平分量,SPECFEM2D,-2.28,2.647410457
子图5：(e) 水平分量,SPECFEM2D,-2.27,2.646696624
子图5：(e) 水平分量,SPECFEM2D,-2.26,2.648192074
子图5：(e) 水平分量,SPECFEM2D,-2.25,2.647690931
子图5：(e) 水平分量,SPECFEM2D,-2.24,2.636188439
子图5：(e) 水平分量,SPECFEM2D,-2.23,2.637065797
子图5：(e) 水平分量,SPECFEM2D,-2.22,2.63134182
子图5：(e) 水平分量,SPECFEM2D,-2.21,2.626832337
子图5：(e) 水平分量,SPECFEM2D,-2.2,2.624826711
子图5：(e) 水平分量,SPECFEM2D,-2.19,2.626201963
子图5：(e) 水平分量,SPECFEM2D,-2.18,2.624994536
子图5：(e) 水平分量,SPECFEM2D,-2.17,2.627888399
子图5：(e) 水平分量,SPECFEM2D,-2.16,2.617213194
子图5：(e) 水平分量,SPECFEM2D,-2.15,2.611704524
子图5：(e) 水平分量,SPECFEM2D,-2.14,2.606572454
子图5：(e) 水平分量,SPECFEM2D,-2.13,2.603476524
子图5：(e) 水平分量,SPECFEM2D,-2.12,2.599481794
子图5：(e) 水平分量,SPECFEM2D,-2.11,2.599998396
子图5：(e) 水平分量,SPECFEM2D,-2.1,2.593763983
子图5：(e) 水平分量,SPECFEM2D,-2.09,2.586982381
子图5：(e) 水平分量,SPECFEM2D,-2.08,2.577401058
子图5：(e) 水平分量,SPECFEM2D,-2.07,2.576973463
子图5：(e) 水平分量,SPECFEM2D,-2.06,2.570971727
子图5：(e) 水平分量,SPECFEM2D,-2.05,2.568682344
子图5：(e) 水平分量,SPECFEM2D,-2.04,2.564162176
子图5：(e) 水平分量,SPECFEM2D,-2.03,2.558776281
子图5：(e) 水平分量,SPECFEM2D,-2.02,2.564332699
子图5：(e) 水平分量,SPECFEM2D,-2.01,2.54500792
子图5：(e) 水平分量,SPECFEM2D,-2,2.548678617
子图5：(e) 水平分量,SPECFEM2D,-1.99,2.543405192
子图5：(e) 水平分量,SPECFEM2D,-1.98,2.537592339
子图5：(e) 水平分量,SPECFEM2D,-1.97,2.536118099
子图5：(e) 水平分量,SPECFEM2D,-1.96,2.525889276
子图5：(e) 水平分量,SPECFEM2D,-1.95,2.524235406
子图5：(e) 水平分量,SPECFEM2D,-1.94,2.517796242
子图5：(e) 水平分量,SPECFEM2D,-1.93,2.508484735
子图5：(e) 水平分量,SPECFEM2D,-1.92,2.50104245
子图5：(e) 水平分量,SPECFEM2D,-1.91,2.494120343
子图5：(e) 水平分量,SPECFEM2D,-1.9,2.488719241
子图5：(e) 水平分量,SPECFEM2D,-1.89,2.486418591
子图5：(e) 水平分量,SPECFEM2D,-1.88,2.482389471
子图5：(e) 水平分量,SPECFEM2D,-1.87,2.474638728
子图5：(e) 水平分量,SPECFEM2D,-1.86,2.468918446
子图5：(e) 水平分量,SPECFEM2D,-1.85,2.466021521
子图5：(e) 水平分量,SPECFEM2D,-1.84,2.464351216
子图5：(e) 水平分量,SPECFEM2D,-1.83,2.460284751
子图5：(e) 水平分量,SPECFEM2D,-1.82,2.455620908
子图5：(e) 水平分量,SPECFEM2D,-1.81,2.450198154
子图5：(e) 水平分量,SPECFEM2D,-1.8,2.449654026
子图5：(e) 水平分量,SPECFEM2D,-1.79,2.444785219
子图5：(e) 水平分量,SPECFEM2D,-1.78,2.439389513
子图5：(e) 水平分量,SPECFEM2D,-1.77,2.433654995
子图5：(e) 水平分量,SPECFEM2D,-1.76,2.426783137
子图5：(e) 水平分量,SPECFEM2D,-1.75,2.420987896
子图5：(e) 水平分量,SPECFEM2D,-1.74,2.416514248
子图5：(e) 水平分量,SPECFEM2D,-1.73,2.413485769
子图5：(e) 水平分量,SPECFEM2D,-1.72,2.427673396
子图5：(e) 水平分量,SPECFEM2D,-1.71,2.411389531
子图5：(e) 水平分量,SPECFEM2D,-1.7,2.40572988
子图5：(e) 水平分量,SPECFEM2D,-1.69,2.403428694
子图5：(e) 水平分量,SPECFEM2D,-1.68,2.398043952
子图5：(e) 水平分量,SPECFEM2D,-1.67,2.396203518
子图5：(e) 水平分量,SPECFEM2D,-1.66,2.399280852
子图5：(e) 水平分量,SPECFEM2D,-1.65,2.391661454
子图5：(e) 水平分量,SPECFEM2D,-1.64,2.389518339
子图5：(e) 水平分量,SPECFEM2D,-1.63,2.390401811
子图5：(e) 水平分量,SPECFEM2D,-1.62,2.387418433
子图5：(e) 水平分量,SPECFEM2D,-1.61,2.3817343
子图5：(e) 水平分量,SPECFEM2D,-1.6,2.381434372
子图5：(e) 水平分量,SPECFEM2D,-1.59,2.385172969
子图5：(e) 水平分量,SPECFEM2D,-1.58,2.386839992
子图5：(e) 水平分量,SPECFEM2D,-1.57,2.40930069
子图5：(e) 水平分量,SPECFEM2D,-1.56,2.385665887
子图5：(e) 水平分量,SPECFEM2D,-1.55,2.389633813
子图5：(e) 水平分量,SPECFEM2D,-1.54,2.378898628
子图5：(e) 水平分量,SPECFEM2D,-1.53,2.381263673
子图5：(e) 水平分量,SPECFEM2D,-1.52,2.377933715
子图5：(e) 水平分量,SPECFEM2D,-1.51,2.390406714
子图5：(e) 水平分量,SPECFEM2D,-1.5,2.384910014
子图5：(e) 水平分量,SPECFEM2D,-1.49,2.384819377
子图5：(e) 水平分量,SPECFEM2D,-1.48,2.380164613
子图5：(e) 水平分量,SPECFEM2D,-1.47,2.379612772
子图5：(e) 水平分量,SPECFEM2D,-1.46,2.381968185
子图5：(e) 水平分量,SPECFEM2D,-1.45,2.381133717
子图5：(e) 水平分量,SPECFEM2D,-1.44,2.377633889
子图5：(e) 水平分量,SPECFEM2D,-1.43,2.38237894
子图5：(e) 水平分量,SPECFEM2D,-1.42,2.397267879
子图5：(e) 水平分量,SPECFEM2D,-1.41,2.383465097
子图5：(e) 水平分量,SPECFEM2D,-1.4,2.385302617
子图5：(e) 水平分量,SPECFEM2D,-1.39,2.386647613
子图5：(e) 水平分量,SPECFEM2D,-1.38,2.391999965
子图5：(e) 水平分量,SPECFEM2D,-1.37,2.393063224
子图5：(e) 水平分量,SPECFEM2D,-1.36,2.400583911
子图5：(e) 水平分量,SPECFEM2D,-1.35,2.396714804
子图5：(e) 水平分量,SPECFEM2D,-1.34,2.401118513
子图5：(e) 水平分量,SPECFEM2D,-1.33,2.401421763
子图5：(e) 水平分量,SPECFEM2D,-1.32,2.403435597
子图5：(e) 水平分量,SPECFEM2D,-1.31,2.407956502
子图5：(e) 水平分量,SPECFEM2D,-1.3,2.41059611
子图5：(e) 水平分量,SPECFEM2D,-1.29,2.419820705
子图5：(e) 水平分量,SPECFEM2D,-1.28,2.427508208
子图5：(e) 水平分量,SPECFEM2D,-1.27,2.462510924
子图5：(e) 水平分量,SPECFEM2D,-1.26,2.434656253
子图5：(e) 水平分量,SPECFEM2D,-1.25,2.44629388
子图5：(e) 水平分量,SPECFEM2D,-1.24,2.441011719
子图5：(e) 水平分量,SPECFEM2D,-1.23,2.449736788
子图5：(e) 水平分量,SPECFEM2D,-1.22,2.46156501
子图5：(e) 水平分量,SPECFEM2D,-1.21,2.466457076
子图5：(e) 水平分量,SPECFEM2D,-1.2,2.467363488
子图5：(e) 水平分量,SPECFEM2D,-1.19,2.47790016
子图5：(e) 水平分量,SPECFEM2D,-1.18,2.488317639
子图5：(e) 水平分量,SPECFEM2D,-1.17,2.496295411
子图5：(e) 水平分量,SPECFEM2D,-1.16,2.503526411
子图5：(e) 水平分量,SPECFEM2D,-1.15,2.512153983
子图5：(e) 水平分量,SPECFEM2D,-1.14,2.522495602
子图5：(e) 水平分量,SPECFEM2D,-1.13,2.534200798
子图5：(e) 水平分量,SPECFEM2D,-1.12,2.551043332
子图5：(e) 水平分量,SPECFEM2D,-1.11,2.562089933
子图5：(e) 水平分量,SPECFEM2D,-1.1,2.571384601
子图5：(e) 水平分量,SPECFEM2D,-1.09,2.590572756
子图5：(e) 水平分量,SPECFEM2D,-1.08,2.607238146
子图5：(e) 水平分量,SPECFEM2D,-1.07,2.620477368
子图5：(e) 水平分量,SPECFEM2D,-1.06,2.630826732
子图5：(e) 水平分量,SPECFEM2D,-1.05,2.649277951
子图5：(e) 水平分量,SPECFEM2D,-1.04,2.658911109
子图5：(e) 水平分量,SPECFEM2D,-1.03,2.675970854
子图5：(e) 水平分量,SPECFEM2D,-1.02,2.700204337
子图5：(e) 水平分量,SPECFEM2D,-1.01,2.713792058
子图5：(e) 水平分量,SPECFEM2D,-1,2.736180357
子图5：(e) 水平分量,SPECFEM2D,-0.99,2.759035847
子图5：(e) 水平分量,SPECFEM2D,-0.98,2.764044718
子图5：(e) 水平分量,SPECFEM2D,-0.97,2.809957234
子图5：(e) 水平分量,SPECFEM2D,-0.96,2.807577567
子图5：(e) 水平分量,SPECFEM2D,-0.95,2.826397329
子图5：(e) 水平分量,SPECFEM2D,-0.94,2.833558536
子图5：(e) 水平分量,SPECFEM2D,-0.93,2.852366086
子图5：(e) 水平分量,SPECFEM2D,-0.92,2.864152113
子图5：(e) 水平分量,SPECFEM2D,-0.91,2.88489121
子图5：(e) 水平分量,SPECFEM2D,-0.9,2.914657478
子图5：(e) 水平分量,SPECFEM2D,-0.89,2.93052527
子图5：(e) 水平分量,SPECFEM2D,-0.88,2.947077838
子图5：(e) 水平分量,SPECFEM2D,-0.87,2.951880209
子图5：(e) 水平分量,SPECFEM2D,-0.86,2.961414133
子图5：(e) 水平分量,SPECFEM2D,-0.85,2.981222496
子图5：(e) 水平分量,SPECFEM2D,-0.84,3.003644854
子图5：(e) 水平分量,SPECFEM2D,-0.83,3.002507036
子图5：(e) 水平分量,SPECFEM2D,-0.82,3.034601524
子图5：(e) 水平分量,SPECFEM2D,-0.81,3.012049259
子图5：(e) 水平分量,SPECFEM2D,-0.8,3.024885948
子图5：(e) 水平分量,SPECFEM2D,-0.79,3.025073262
子图5：(e) 水平分量,SPECFEM2D,-0.78,3.024736573
子图5：(e) 水平分量,SPECFEM2D,-0.77,3.023694422
子图5：(e) 水平分量,SPECFEM2D,-0.76,3.020119049
子图5：(e) 水平分量,SPECFEM2D,-0.75,3.029455109
子图5：(e) 水平分量,SPECFEM2D,-0.74,3.0165064
子图5：(e) 水平分量,SPECFEM2D,-0.73,3.012144686
子图5：(e) 水平分量,SPECFEM2D,-0.72,2.995186145
子图5：(e) 水平分量,SPECFEM2D,-0.71,2.984682796
子图5：(e) 水平分量,SPECFEM2D,-0.7,2.974146946
子图5：(e) 水平分量,SPECFEM2D,-0.69,2.953840791
子图5：(e) 水平分量,SPECFEM2D,-0.68,2.947088464
子图5：(e) 水平分量,SPECFEM2D,-0.67,2.923464656
子图5：(e) 水平分量,SPECFEM2D,-0.66,2.911145853
子图5：(e) 水平分量,SPECFEM2D,-0.65,2.887486055
子图5：(e) 水平分量,SPECFEM2D,-0.64,2.857780791
子图5：(e) 水平分量,SPECFEM2D,-0.63,2.832601866
子图5：(e) 水平分量,SPECFEM2D,-0.62,2.802149418
子图5：(e) 水平分量,SPECFEM2D,-0.61,2.765482864
子图5：(e) 水平分量,SPECFEM2D,-0.6,2.740286473
子图5：(e) 水平分量,SPECFEM2D,-0.59,2.71254037
子图5：(e) 水平分量,SPECFEM2D,-0.58,2.664867221
子图5：(e) 水平分量,SPECFEM2D,-0.57,2.626888636
子图5：(e) 水平分量,SPECFEM2D,-0.56,2.584628345
子图5：(e) 水平分量,SPECFEM2D,-0.55,2.537564272
子图5：(e) 水平分量,SPECFEM2D,-0.54,2.502557323
子图5：(e) 水平分量,SPECFEM2D,-0.53,2.456074441
子图5：(e) 水平分量,SPECFEM2D,-0.52,2.400053086
子图5：(e) 水平分量,SPECFEM2D,-0.51,2.360457469
子图5：(e) 水平分量,SPECFEM2D,-0.5,2.299310759
子图5：(e) 水平分量,SPECFEM2D,-0.49,2.249178418
子图5：(e) 水平分量,SPECFEM2D,-0.48,2.196477328
子图5：(e) 水平分量,SPECFEM2D,-0.47,2.136726829
子图5：(e) 水平分量,SPECFEM2D,-0.46,2.091240619
子图5：(e) 水平分量,SPECFEM2D,-0.45,2.047877658
子图5：(e) 水平分量,SPECFEM2D,-0.44,1.969858578
子图5：(e) 水平分量,SPECFEM2D,-0.43,1.918353979
子图5：(e) 水平分量,SPECFEM2D,-0.42,1.857386154
子图5：(e) 水平分量,SPECFEM2D,-0.41,1.8088758
子图5：(e) 水平分量,SPECFEM2D,-0.4,1.764583497
子图5：(e) 水平分量,SPECFEM2D,-0.39,1.700077746
子图5：(e) 水平分量,SPECFEM2D,-0.38,1.666978053
子图5：(e) 水平分量,SPECFEM2D,-0.37,1.618346496
子图5：(e) 水平分量,SPECFEM2D,-0.36,1.577857707
子图5：(e) 水平分量,SPECFEM2D,-0.35,1.538460387
子图5：(e) 水平分量,SPECFEM2D,-0.34,1.498703953
子图5：(e) 水平分量,SPECFEM2D,-0.33,1.474079052
子图5：(e) 水平分量,SPECFEM2D,-0.32,1.463308664
子图5：(e) 水平分量,SPECFEM2D,-0.31,1.449457292
子图5：(e) 水平分量,SPECFEM2D,-0.3,1.460048195
子图5：(e) 水平分量,SPECFEM2D,-0.29,1.471863723
子图5：(e) 水平分量,SPECFEM2D,-0.28,1.484782637
子图5：(e) 水平分量,SPECFEM2D,-0.27,1.509393512
子图5：(e) 水平分量,SPECFEM2D,-0.26,1.550465995
子图5：(e) 水平分量,SPECFEM2D,-0.25,1.592245706
子图5：(e) 水平分量,SPECFEM2D,-0.24,1.67070031
子图5：(e) 水平分量,SPECFEM2D,-0.23,1.724222982
子图5：(e) 水平分量,SPECFEM2D,-0.22,1.78038105
子图5：(e) 水平分量,SPECFEM2D,-0.21,1.83274938
子图5：(e) 水平分量,SPECFEM2D,-0.2,1.900932323
子图5：(e) 水平分量,SPECFEM2D,-0.19,1.972294247
子图5：(e) 水平分量,SPECFEM2D,-0.18,2.040484404
子图5：(e) 水平分量,SPECFEM2D,-0.17,2.106255937
子图5：(e) 水平分量,SPECFEM2D,-0.16,2.172338495
子图5：(e) 水平分量,SPECFEM2D,-0.15,2.26346453
子图5：(e) 水平分量,SPECFEM2D,-0.14,2.315203084
子图5：(e) 水平分量,SPECFEM2D,-0.13,2.365286798
子图5：(e) 水平分量,SPECFEM2D,-0.12,2.425541212
子图5：(e) 水平分量,SPECFEM2D,-0.11,2.482168883
子图5：(e) 水平分量,SPECFEM2D,-0.1,2.532745849
子图5：(e) 水平分量,SPECFEM2D,-0.09,2.594277974
子图5：(e) 水平分量,SPECFEM2D,-0.08,2.630564083
子图5：(e) 水平分量,SPECFEM2D,-0.07,2.672916791
子图5：(e) 水平分量,SPECFEM2D,-0.06,2.713539038
子图5：(e) 水平分量,SPECFEM2D,-0.05,2.738900355
子图5：(e) 水平分量,SPECFEM2D,-0.04,2.771412533
子图5：(e) 水平分量,SPECFEM2D,-0.03,2.789522448
子图5：(e) 水平分量,SPECFEM2D,-0.02,2.801913478
子图5：(e) 水平分量,SPECFEM2D,-0.01,2.819340744
子图5：(e) 水平分量,SPECFEM2D,0,2.838538486
子图5：(e) 水平分量,SPECFEM2D,0.01,2.844292423
子图5：(e) 水平分量,SPECFEM2D,0.02,2.754267572
子图5：(e) 水平分量,SPECFEM2D,0.03,2.679713863
子图5：(e) 水平分量,SPECFEM2D,0.04,2.648566023
子图5：(e) 水平分量,SPECFEM2D,0.05,2.628252477
子图5：(e) 水平分量,SPECFEM2D,0.06,2.595409473
子图5：(e) 水平分量,SPECFEM2D,0.07,2.407759462
子图5：(e) 水平分量,SPECFEM2D,0.08,2.369985872
子图5：(e) 水平分量,SPECFEM2D,0.09,2.424053803
子图5：(e) 水平分量,SPECFEM2D,0.1,2.342951604
子图5：(e) 水平分量,SPECFEM2D,0.11,2.190410226
子图5：(e) 水平分量,SPECFEM2D,0.12,2.180922466
子图5：(e) 水平分量,SPECFEM2D,0.13,2.149403148
子图5：(e) 水平分量,SPECFEM2D,0.14,1.979955084
子图5：(e) 水平分量,SPECFEM2D,0.15,1.923193623
子图5：(e) 水平分量,SPECFEM2D,0.16,1.808108308
子图5：(e) 水平分量,SPECFEM2D,0.17,1.634652868
子图5：(e) 水平分量,SPECFEM2D,0.18,1.494614684
子图5：(e) 水平分量,SPECFEM2D,0.19,1.479637841
子图5：(e) 水平分量,SPECFEM2D,0.2,1.472525876
子图5：(e) 水平分量,SPECFEM2D,0.21,1.316918329
子图5：(e) 水平分量,SPECFEM2D,0.22,1.206064984
子图5：(e) 水平分量,SPECFEM2D,0.23,1.145778138
子图5：(e) 水平分量,SPECFEM2D,0.24,1.153161209
子图5：(e) 水平分量,SPECFEM2D,0.25,1.190038593
子图5：(e) 水平分量,SPECFEM2D,0.26,1.21612887
子图5：(e) 水平分量,SPECFEM2D,0.27,1.202320209
子图5：(e) 水平分量,SPECFEM2D,0.28,1.220348236
子图5：(e) 水平分量,SPECFEM2D,0.29,1.217388645
子图5：(e) 水平分量,SPECFEM2D,0.3,1.30807212
子图5：(e) 水平分量,SPECFEM2D,0.31,1.356093948
子图5：(e) 水平分量,SPECFEM2D,0.32,1.444502813
子图5：(e) 水平分量,SPECFEM2D,0.33,1.440680423
子图5：(e) 水平分量,SPECFEM2D,0.34,1.520274538
子图5：(e) 水平分量,SPECFEM2D,0.35,1.544881289
子图5：(e) 水平分量,SPECFEM2D,0.36,1.659831396
子图5：(e) 水平分量,SPECFEM2D,0.37,1.767031803
子图5：(e) 水平分量,SPECFEM2D,0.38,1.8553193
子图5：(e) 水平分量,SPECFEM2D,0.39,1.897298876
子图5：(e) 水平分量,SPECFEM2D,0.4,1.979352965
子图5：(e) 水平分量,SPECFEM2D,0.41,1.964052645
子图5：(e) 水平分量,SPECFEM2D,0.42,2.079916213
子图5：(e) 水平分量,SPECFEM2D,0.43,2.164253136
子图5：(e) 水平分量,SPECFEM2D,0.44,2.17516974
子图5：(e) 水平分量,SPECFEM2D,0.45,2.224425286
子图5：(e) 水平分量,SPECFEM2D,0.46,2.180062637
子图5：(e) 水平分量,SPECFEM2D,0.47,2.234799933
子图5：(e) 水平分量,SPECFEM2D,0.48,2.226683235
子图5：(e) 水平分量,SPECFEM2D,0.49,2.267541833
子图5：(e) 水平分量,SPECFEM2D,0.5,2.462105995
子图5：(e) 水平分量,SPECFEM2D,0.51,2.433146206
子图5：(e) 水平分量,SPECFEM2D,0.52,2.340588955
子图5：(e) 水平分量,SPECFEM2D,0.53,2.301984101
子图5：(e) 水平分量,SPECFEM2D,0.54,2.369589786
子图5：(e) 水平分量,SPECFEM2D,0.55,2.368972975
子图5：(e) 水平分量,SPECFEM2D,0.56,2.516759406
子图5：(e) 水平分量,SPECFEM2D,0.57,2.270057239
子图5：(e) 水平分量,SPECFEM2D,0.58,2.26767135
子图5：(e) 水平分量,SPECFEM2D,0.59,2.177944677
子图5：(e) 水平分量,SPECFEM2D,0.6,2.224645984
子图5：(e) 水平分量,SPECFEM2D,0.61,2.269907431
子图5：(e) 水平分量,SPECFEM2D,0.62,2.22929555
子图5：(e) 水平分量,SPECFEM2D,0.63,2.320310275
子图5：(e) 水平分量,SPECFEM2D,0.64,2.271947191
子图5：(e) 水平分量,SPECFEM2D,0.65,2.171129245
子图5：(e) 水平分量,SPECFEM2D,0.66,2.212363622
子图5：(e) 水平分量,SPECFEM2D,0.67,2.137521827
子图5：(e) 水平分量,SPECFEM2D,0.68,2.039370415
子图5：(e) 水平分量,SPECFEM2D,0.69,2.029893811
子图5：(e) 水平分量,SPECFEM2D,0.7,1.952203103
子图5：(e) 水平分量,SPECFEM2D,0.71,1.913128477
子图5：(e) 水平分量,SPECFEM2D,0.72,1.924466747
子图5：(e) 水平分量,SPECFEM2D,0.73,1.940651962
子图5：(e) 水平分量,SPECFEM2D,0.74,1.953810842
子图5：(e) 水平分量,SPECFEM2D,0.75,1.958028916
子图5：(e) 水平分量,SPECFEM2D,0.76,1.942407738
子图5：(e) 水平分量,SPECFEM2D,0.77,1.969165818
子图5：(e) 水平分量,SPECFEM2D,0.78,1.893165589
子图5：(e) 水平分量,SPECFEM2D,0.79,1.883145284
子图5：(e) 水平分量,SPECFEM2D,0.8,1.930967612
子图5：(e) 水平分量,SPECFEM2D,0.81,1.865771446
子图5：(e) 水平分量,SPECFEM2D,0.82,1.941006174
子图5：(e) 水平分量,SPECFEM2D,0.83,1.901123746
子图5：(e) 水平分量,SPECFEM2D,0.84,2.036871327
子图5：(e) 水平分量,SPECFEM2D,0.85,2.00576117
子图5：(e) 水平分量,SPECFEM2D,0.86,1.936021709
子图5：(e) 水平分量,SPECFEM2D,0.87,1.900012913
子图5：(e) 水平分量,SPECFEM2D,0.88,2.03820009
子图5：(e) 水平分量,SPECFEM2D,0.89,2.086855236
子图5：(e) 水平分量,SPECFEM2D,0.9,1.987054429
子图5：(e) 水平分量,SPECFEM2D,0.91,1.935426435
子图5：(e) 水平分量,SPECFEM2D,0.92,2.13963092
子图5：(e) 水平分量,SPECFEM2D,0.93,2.186383474
子图5：(e) 水平分量,SPECFEM2D,0.94,2.331621752
子图5：(e) 水平分量,SPECFEM2D,0.95,2.318811592
子图5：(e) 水平分量,SPECFEM2D,0.96,2.355288425
子图5：(e) 水平分量,SPECFEM2D,0.97,2.102461231
子图5：(e) 水平分量,SPECFEM2D,0.98,2.233040689
子图5：(e) 水平分量,SPECFEM2D,0.99,2.480387007
子图5：(e) 水平分量,SPECFEM2D,1,2.337794658
子图5：(e) 水平分量,SPECFEM2D,1.01,2.138460606
子图5：(e) 水平分量,SPECFEM2D,1.02,2.195396298
子图5：(e) 水平分量,SPECFEM2D,1.03,2.21787866
子图5：(e) 水平分量,SPECFEM2D,1.04,2.251409948
子图5：(e) 水平分量,SPECFEM2D,1.05,2.265422411
子图5：(e) 水平分量,SPECFEM2D,1.06,2.344029362
子图5：(e) 水平分量,SPECFEM2D,1.07,2.370118378
子图5：(e) 水平分量,SPECFEM2D,1.08,2.386778195
子图5：(e) 水平分量,SPECFEM2D,1.09,2.438281252
子图5：(e) 水平分量,SPECFEM2D,1.1,2.469086956
子图5：(e) 水平分量,SPECFEM2D,1.11,2.506141368
子图5：(e) 水平分量,SPECFEM2D,1.12,2.526287259
子图5：(e) 水平分量,SPECFEM2D,1.13,2.493446286
子图5：(e) 水平分量,SPECFEM2D,1.14,2.557037152
子图5：(e) 水平分量,SPECFEM2D,1.15,2.62086482
子图5：(e) 水平分量,SPECFEM2D,1.16,2.608988587
子图5：(e) 水平分量,SPECFEM2D,1.17,2.598258597
子图5：(e) 水平分量,SPECFEM2D,1.18,2.630800461
子图5：(e) 水平分量,SPECFEM2D,1.19,2.66487246
子图5：(e) 水平分量,SPECFEM2D,1.2,2.701111115
子图5：(e) 水平分量,SPECFEM2D,1.21,2.706511959
子图5：(e) 水平分量,SPECFEM2D,1.22,2.729508764
子图5：(e) 水平分量,SPECFEM2D,1.23,2.781058683
子图5：(e) 水平分量,SPECFEM2D,1.24,2.745962762
子图5：(e) 水平分量,SPECFEM2D,1.25,2.781747838
子图5：(e) 水平分量,SPECFEM2D,1.26,2.830623823
子图5：(e) 水平分量,SPECFEM2D,1.27,2.850698038
子图5：(e) 水平分量,SPECFEM2D,1.28,2.818394218
子图5：(e) 水平分量,SPECFEM2D,1.29,2.892782247
子图5：(e) 水平分量,SPECFEM2D,1.3,2.888203401
子图5：(e) 水平分量,SPECFEM2D,1.31,2.900027403
子图5：(e) 水平分量,SPECFEM2D,1.32,2.879332098
子图5：(e) 水平分量,SPECFEM2D,1.33,2.881811282
子图5：(e) 水平分量,SPECFEM2D,1.34,2.891273185
子图5：(e) 水平分量,SPECFEM2D,1.35,2.905267169
子图5：(e) 水平分量,SPECFEM2D,1.36,2.926296626
子图5：(e) 水平分量,SPECFEM2D,1.37,2.985981093
子图5：(e) 水平分量,SPECFEM2D,1.38,2.932597205
子图5：(e) 水平分量,SPECFEM2D,1.39,2.953963628
子图5：(e) 水平分量,SPECFEM2D,1.4,2.959084582
子图5：(e) 水平分量,SPECFEM2D,1.41,3.014293087
子图5：(e) 水平分量,SPECFEM2D,1.42,3.027370828
子图5：(e) 水平分量,SPECFEM2D,1.43,3.026390583
子图5：(e) 水平分量,SPECFEM2D,1.44,3.023336734
子图5：(e) 水平分量,SPECFEM2D,1.45,3.082719895
子图5：(e) 水平分量,SPECFEM2D,1.46,3.036242594
子图5：(e) 水平分量,SPECFEM2D,1.47,3.083295114
子图5：(e) 水平分量,SPECFEM2D,1.48,3.096587468
子图5：(e) 水平分量,SPECFEM2D,1.49,3.095417533
子图5：(e) 水平分量,SPECFEM2D,1.5,3.16911827
子图5：(e) 水平分量,SPECFEM2D,1.51,3.153273409
子图5：(e) 水平分量,SPECFEM2D,1.52,3.204392745
子图5：(e) 水平分量,SPECFEM2D,1.53,3.135984611
子图5：(e) 水平分量,SPECFEM2D,1.54,3.090105641
子图5：(e) 水平分量,SPECFEM2D,1.55,3.067002951
子图5：(e) 水平分量,SPECFEM2D,1.56,3.088708458
子图5：(e) 水平分量,SPECFEM2D,1.57,3.0917312
子图5：(e) 水平分量,SPECFEM2D,1.58,3.082174169
子图5：(e) 水平分量,SPECFEM2D,1.59,3.085032035
子图5：(e) 水平分量,SPECFEM2D,1.6,3.100691956
子图5：(e) 水平分量,SPECFEM2D,1.61,3.106516516
子图5：(e) 水平分量,SPECFEM2D,1.62,3.105392966
子图5：(e) 水平分量,SPECFEM2D,1.63,3.135238819
子图5：(e) 水平分量,SPECFEM2D,1.64,3.122719354
子图5：(e) 水平分量,SPECFEM2D,1.65,3.11751084
子图5：(e) 水平分量,SPECFEM2D,1.66,3.132255918
子图5：(e) 水平分量,SPECFEM2D,1.67,3.160581548
子图5：(e) 水平分量,SPECFEM2D,1.68,3.126940062
子图5：(e) 水平分量,SPECFEM2D,1.69,3.202200462
子图5：(e) 水平分量,SPECFEM2D,1.7,3.253177109
子图5：(e) 水平分量,SPECFEM2D,1.71,3.24861412
子图5：(e) 水平分量,SPECFEM2D,1.72,3.200652561
子图5：(e) 水平分量,SPECFEM2D,1.73,3.211125163
子图5：(e) 水平分量,SPECFEM2D,1.74,3.189710649
子图5：(e) 水平分量,SPECFEM2D,1.75,3.178452971
子图5：(e) 水平分量,SPECFEM2D,1.76,3.193793628
子图5：(e) 水平分量,SPECFEM2D,1.77,3.180345029
子图5：(e) 水平分量,SPECFEM2D,1.78,3.258997115
子图5：(e) 水平分量,SPECFEM2D,1.79,3.252288116
子图5：(e) 水平分量,SPECFEM2D,1.8,3.206261747
子图5：(e) 水平分量,SPECFEM2D,1.81,3.245781087
子图5：(e) 水平分量,SPECFEM2D,1.82,3.264273423
子图5：(e) 水平分量,SPECFEM2D,1.83,3.305741066
子图5：(e) 水平分量,SPECFEM2D,1.84,3.218462485
子图5：(e) 水平分量,SPECFEM2D,1.85,3.250961624
子图5：(e) 水平分量,SPECFEM2D,1.86,3.263089666
子图5：(e) 水平分量,SPECFEM2D,1.87,3.21995021
子图5：(e) 水平分量,SPECFEM2D,1.88,3.232047157
子图5：(e) 水平分量,SPECFEM2D,1.89,3.218207753
子图5：(e) 水平分量,SPECFEM2D,1.9,3.233719932
子图5：(e) 水平分量,SPECFEM2D,1.91,3.244871012
子图5：(e) 水平分量,SPECFEM2D,1.92,3.287627875
子图5：(e) 水平分量,SPECFEM2D,1.93,3.327910229
子图5：(e) 水平分量,SPECFEM2D,1.94,3.283406805
子图5：(e) 水平分量,SPECFEM2D,1.95,3.221000033
子图5：(e) 水平分量,SPECFEM2D,1.96,3.235049407
子图5：(e) 水平分量,SPECFEM2D,1.97,3.293884732
子图5：(e) 水平分量,SPECFEM2D,1.98,3.277314193
子图5：(e) 水平分量,SPECFEM2D,1.99,3.280710096
子图5：(e) 水平分量,SPECFEM2D,2,3.265328642
子图5：(e) 水平分量,SPECFEM2D,2.01,3.323578301
子图5：(e) 水平分量,SPECFEM2D,2.02,3.281545119
子图5：(e) 水平分量,SPECFEM2D,2.03,3.234726776
子图5：(e) 水平分量,SPECFEM2D,2.04,3.287726384
子图5：(e) 水平分量,SPECFEM2D,2.05,3.230222152
子图5：(e) 水平分量,SPECFEM2D,2.06,3.239769707
子图5：(e) 水平分量,SPECFEM2D,2.07,3.234020665
子图5：(e) 水平分量,SPECFEM2D,2.08,3.262067026
子图5：(e) 水平分量,SPECFEM2D,2.09,3.283324347
子图5：(e) 水平分量,SPECFEM2D,2.1,3.267436379
子图5：(e) 水平分量,SPECFEM2D,2.11,3.19156471
子图5：(e) 水平分量,SPECFEM2D,2.12,3.255665445
子图5：(e) 水平分量,SPECFEM2D,2.13,3.258453848
子图5：(e) 水平分量,SPECFEM2D,2.14,3.267542348
子图5：(e) 水平分量,SPECFEM2D,2.15,3.232333374
子图5：(e) 水平分量,SPECFEM2D,2.16,3.217000109
子图5：(e) 水平分量,SPECFEM2D,2.17,3.241470833
子图5：(e) 水平分量,SPECFEM2D,2.18,3.215809754
子图5：(e) 水平分量,SPECFEM2D,2.19,3.188445256
子图5：(e) 水平分量,SPECFEM2D,2.2,3.178298103
子图5：(e) 水平分量,SPECFEM2D,2.21,3.191641082
子图5：(e) 水平分量,SPECFEM2D,2.22,3.188888835
子图5：(e) 水平分量,SPECFEM2D,2.23,3.188246147
子图5：(e) 水平分量,SPECFEM2D,2.24,3.16618988
子图5：(e) 水平分量,SPECFEM2D,2.25,3.169250675
子图5：(e) 水平分量,SPECFEM2D,2.26,3.148734546
子图5：(e) 水平分量,SPECFEM2D,2.27,3.166980228
子图5：(e) 水平分量,SPECFEM2D,2.28,3.124283102
子图5：(e) 水平分量,SPECFEM2D,2.29,3.142192622
子图5：(e) 水平分量,SPECFEM2D,2.3,3.133768479
子图5：(e) 水平分量,SPECFEM2D,2.31,3.119308639
子图5：(e) 水平分量,SPECFEM2D,2.32,3.133872424
子图5：(e) 水平分量,SPECFEM2D,2.33,3.143708327
子图5：(e) 水平分量,SPECFEM2D,2.34,3.218149037
子图5：(e) 水平分量,SPECFEM2D,2.35,3.10066498
子图5：(e) 水平分量,SPECFEM2D,2.36,3.102966747
子图5：(e) 水平分量,SPECFEM2D,2.37,3.088751311
子图5：(e) 水平分量,SPECFEM2D,2.38,3.099350677
子图5：(e) 水平分量,SPECFEM2D,2.39,3.101321314
子图5：(e) 水平分量,SPECFEM2D,2.4,3.111663423
子图5：(e) 水平分量,SPECFEM2D,2.41,3.102243109
子图5：(e) 水平分量,SPECFEM2D,2.42,3.088316866
子图5：(e) 水平分量,SPECFEM2D,2.43,3.082073444
子图5：(e) 水平分量,SPECFEM2D,2.44,3.099630612
子图5：(e) 水平分量,SPECFEM2D,2.45,3.107271002
子图5：(e) 水平分量,SPECFEM2D,2.46,3.091490945
子图5：(e) 水平分量,SPECFEM2D,2.47,3.107233458
子图5：(e) 水平分量,SPECFEM2D,2.48,3.137609117
子图5：(e) 水平分量,SPECFEM2D,2.49,3.159618105
子图5：(e) 水平分量,SPECFEM2D,2.5,3.08481985
子图5：(e) 水平分量,SPECFEM2D,2.51,3.070920045
子图5：(e) 水平分量,SPECFEM2D,2.52,3.087069774
子图5：(e) 水平分量,SPECFEM2D,2.53,3.11346119
子图5：(e) 水平分量,SPECFEM2D,2.54,3.088388878
子图5：(e) 水平分量,SPECFEM2D,2.55,3.120450405
子图5：(e) 水平分量,SPECFEM2D,2.56,3.054991977
子图5：(e) 水平分量,SPECFEM2D,2.57,3.130349285
子图5：(e) 水平分量,SPECFEM2D,2.58,3.072082116
子图5：(e) 水平分量,SPECFEM2D,2.59,3.073711924
子图5：(e) 水平分量,SPECFEM2D,2.6,3.085241989
子图5：(e) 水平分量,SPECFEM2D,2.61,3.05950313
子图5：(e) 水平分量,SPECFEM2D,2.62,3.085359328
子图5：(e) 水平分量,SPECFEM2D,2.63,3.11744722
子图5：(e) 水平分量,SPECFEM2D,2.64,3.067129394
子图5：(e) 水平分量,SPECFEM2D,2.65,3.007878428
子图5：(e) 水平分量,SPECFEM2D,2.66,3.04588419
子图5：(e) 水平分量,SPECFEM2D,2.67,3.069286794
子图5：(e) 水平分量,SPECFEM2D,2.68,3.086943171
子图5：(e) 水平分量,SPECFEM2D,2.69,3.051304923
子图5：(e) 水平分量,SPECFEM2D,2.7,3.105046821
子图5：(e) 水平分量,SPECFEM2D,2.71,3.123618307
子图5：(e) 水平分量,SPECFEM2D,2.72,3.085641417
子图5：(e) 水平分量,SPECFEM2D,2.73,3.012168245
子图5：(e) 水平分量,SPECFEM2D,2.74,3.03927126
子图5：(e) 水平分量,SPECFEM2D,2.75,3.038505497
子图5：(e) 水平分量,SPECFEM2D,2.76,2.99943433
子图5：(e) 水平分量,SPECFEM2D,2.77,3.032394838
子图5：(e) 水平分量,SPECFEM2D,2.78,3.059493729
子图5：(e) 水平分量,SPECFEM2D,2.79,3.112543288
子图5：(e) 水平分量,SPECFEM2D,2.8,3.083891184
子图5：(e) 水平分量,SPECFEM2D,2.81,3.027683348
子图5：(e) 水平分量,SPECFEM2D,2.82,3.013225773
子图5：(e) 水平分量,SPECFEM2D,2.83,3.03226776
子图5：(e) 水平分量,SPECFEM2D,2.84,3.036360785
子图5：(e) 水平分量,SPECFEM2D,2.85,3.089562786
子图5：(e) 水平分量,SPECFEM2D,2.86,3.085106434
子图5：(e) 水平分量,SPECFEM2D,2.87,3.101236672
子图5：(e) 水平分量,SPECFEM2D,2.88,3.092790773
子图5：(e) 水平分量,SPECFEM2D,2.89,3.033223379
子图5：(e) 水平分量,SPECFEM2D,2.9,3.081746811
子图5：(e) 水平分量,SPECFEM2D,2.91,3.016644786
子图5：(e) 水平分量,SPECFEM2D,2.92,3.034123578
子图5：(e) 水平分量,SPECFEM2D,2.93,3.069086315
子图5：(e) 水平分量,SPECFEM2D,2.94,3.118891077
子图5：(e) 水平分量,SPECFEM2D,2.95,3.011177166
子图5：(e) 水平分量,SPECFEM2D,2.96,3.111462999
子图5：(e) 水平分量,SPECFEM2D,2.97,3.145425428
子图5：(e) 水平分量,SPECFEM2D,2.98,3.131025485
子图5：(e) 水平分量,SPECFEM2D,2.99,3.094327181
子图5：(e) 水平分量,SPECFEM2D,3,3.067375278
子图5：(e) 水平分量,SPECFEM2D,3.01,3.065269918
子图5：(e) 水平分量,SPECFEM2D,3.02,3.044201697
子图5：(e) 水平分量,SPECFEM2D,3.03,3.094159491
子图5：(e) 水平分量,SPECFEM2D,3.04,3.094604728
子图5：(e) 水平分量,SPECFEM2D,3.05,3.023579202
子图5：(e) 水平分量,SPECFEM2D,3.06,3.072145107
子图5：(e) 水平分量,SPECFEM2D,3.07,3.095085466
子图5：(e) 水平分量,SPECFEM2D,3.08,3.021835019
子图5：(e) 水平分量,SPECFEM2D,3.09,3.031286904
子图5：(e) 水平分量,SPECFEM2D,3.1,3.005401073
子图5：(e) 水平分量,SPECFEM2D,3.11,3.060619705
子图5：(e) 水平分量,SPECFEM2D,3.12,3.081180788
子图5：(e) 水平分量,SPECFEM2D,3.13,3.086833648
子图5：(e) 水平分量,SPECFEM2D,3.14,3.039789105
子图5：(e) 水平分量,SPECFEM2D,3.15,3.026728355
子图5：(e) 水平分量,SPECFEM2D,3.16,3.063564171
子图5：(e) 水平分量,SPECFEM2D,3.17,3.075266707
子图5：(e) 水平分量,SPECFEM2D,3.18,3.10731597
子图5：(e) 水平分量,SPECFEM2D,3.19,3.061874964
子图5：(e) 水平分量,SPECFEM2D,3.2,2.993851702
子图5：(e) 水平分量,SPECFEM2D,3.21,3.013620629
子图5：(e) 水平分量,SPECFEM2D,3.22,3.02541972
子图5：(e) 水平分量,SPECFEM2D,3.23,3.062681027
子图5：(e) 水平分量,SPECFEM2D,3.24,3.022816415
子图5：(e) 水平分量,SPECFEM2D,3.25,3.039586123
子图5：(e) 水平分量,SPECFEM2D,3.26,3.05474527
子图5：(e) 水平分量,SPECFEM2D,3.27,3.05409618
子图5：(e) 水平分量,SPECFEM2D,3.28,3.070198938
子图5：(e) 水平分量,SPECFEM2D,3.29,3.080542969
子图5：(e) 水平分量,SPECFEM2D,3.3,3.07408506
子图5：(e) 水平分量,SPECFEM2D,3.31,3.090323209
子图5：(e) 水平分量,SPECFEM2D,3.32,3.025215611
子图5：(e) 水平分量,SPECFEM2D,3.33,3.016946617
子图5：(e) 水平分量,SPECFEM2D,3.34,3.01985081
子图5：(e) 水平分量,SPECFEM2D,3.35,3.06514498
子图5：(e) 水平分量,SPECFEM2D,3.36,3.057589384
子图5：(e) 水平分量,SPECFEM2D,3.37,3.052166468
子图5：(e) 水平分量,SPECFEM2D,3.38,3.195400948
子图5：(e) 水平分量,SPECFEM2D,3.39,3.043994828
子图5：(e) 水平分量,SPECFEM2D,3.4,3.049846768
子图5：(e) 水平分量,SPECFEM2D,3.41,3.044264827
子图5：(e) 水平分量,SPECFEM2D,3.42,3.002543291
子图5：(e) 水平分量,SPECFEM2D,3.43,3.024305808
子图5：(e) 水平分量,SPECFEM2D,3.44,3.032430331
子图5：(e) 水平分量,SPECFEM2D,3.45,3.013593997
子图5：(e) 水平分量,SPECFEM2D,3.46,3.070798739
子图5：(e) 水平分量,SPECFEM2D,3.47,3.027606388
子图5：(e) 水平分量,SPECFEM2D,3.48,3.044378924
子图5：(e) 水平分量,SPECFEM2D,3.49,3.063963881
子图5：(e) 水平分量,SPECFEM2D,3.5,3.030858916
子图5：(e) 水平分量,SPECFEM2D,3.51,2.993220941
子图5：(e) 水平分量,SPECFEM2D,3.52,3.079628434
子图5：(e) 水平分量,SPECFEM2D,3.53,3.03015821
子图5：(e) 水平分量,SPECFEM2D,3.54,3.120980116
子图5：(e) 水平分量,SPECFEM2D,3.55,3.061438081
子图5：(e) 水平分量,SPECFEM2D,3.56,3.024631792
子图5：(e) 水平分量,SPECFEM2D,3.57,3.058053683
子图5：(e) 水平分量,SPECFEM2D,3.58,3.045773432
子图5：(e) 水平分量,SPECFEM2D,3.59,3.062750252
子图5：(e) 水平分量,SPECFEM2D,3.6,3.067389989
子图5：(e) 水平分量,SPECFEM2D,3.61,3.012718532
子图5：(e) 水平分量,SPECFEM2D,3.62,3.0682408
子图5：(e) 水平分量,SPECFEM2D,3.63,3.05450654
子图5：(e) 水平分量,SPECFEM2D,3.64,3.084836545
子图5：(e) 水平分量,SPECFEM2D,3.65,3.071170068
子图5：(e) 水平分量,SPECFEM2D,3.66,3.035668269
子图5：(e) 水平分量,SPECFEM2D,3.67,3.041220207
子图5：(e) 水平分量,SPECFEM2D,3.68,3.191444183
子图5：(e) 水平分量,SPECFEM2D,3.69,3.086904868
子图5：(e) 水平分量,SPECFEM2D,3.7,3.089860233
子图5：(e) 水平分量,SPECFEM2D,3.71,3.072485138
子图5：(e) 水平分量,SPECFEM2D,3.72,3.013538453
子图5：(e) 水平分量,SPECFEM2D,3.73,3.036938145
子图5：(e) 水平分量,SPECFEM2D,3.74,3.059445314
子图5：(e) 水平分量,SPECFEM2D,3.75,3.056258631
子图5：(e) 水平分量,SPECFEM2D,3.76,3.104310985
子图5：(e) 水平分量,SPECFEM2D,3.77,3.115007171
子图5：(e) 水平分量,SPECFEM2D,3.78,3.025765489
子图5：(e) 水平分量,SPECFEM2D,3.79,3.047024305
子图5：(e) 水平分量,SPECFEM2D,3.8,3.008319165
子图5：(e) 水平分量,SPECFEM2D,3.81,3.078883335
子图5：(e) 水平分量,SPECFEM2D,3.82,3.126506119
子图5：(e) 水平分量,SPECFEM2D,3.83,3.088828783
子图5：(e) 水平分量,SPECFEM2D,3.84,3.082512538
子图5：(e) 水平分量,SPECFEM2D,3.85,3.004678383
子图5：(e) 水平分量,SPECFEM2D,3.86,3.072836402
子图5：(e) 水平分量,SPECFEM2D,3.87,3.085879928
子图5：(e) 水平分量,SPECFEM2D,3.88,3.093778731
子图5：(e) 水平分量,SPECFEM2D,3.89,3.077550218
子图5：(e) 水平分量,SPECFEM2D,3.9,3.028951283
子图5：(e) 水平分量,SPECFEM2D,3.91,3.125472466
子图5：(e) 水平分量,SPECFEM2D,3.92,3.08039641
子图5：(e) 水平分量,SPECFEM2D,3.93,3.044845066
子图5：(e) 水平分量,SPECFEM2D,3.94,3.107533506
子图5：(e) 水平分量,SPECFEM2D,3.95,3.083760861
子图5：(e) 水平分量,SPECFEM2D,3.96,3.077151259
子图5：(e) 水平分量,SPECFEM2D,3.97,3.075285877
子图5：(e) 水平分量,SPECFEM2D,3.98,3.05138451
子图5：(e) 水平分量,SPECFEM2D,3.99,3.0735978
子图5：(e) 水平分量,SPECFEM2D,4,3.012178353
子图6：(f) 竖向分量,系列21（竖直参考线）,0,0
子图6：(f) 竖向分量,系列21（竖直参考线）,0,2.461118501
子图6：(f) 竖向分量,系列22（竖直参考线）,1,0
子图6：(f) 竖向分量,系列22（竖直参考线）,1,2.461118501
子图6：(f) 竖向分量,Abaqus,-4,0.6751986715
子图6：(f) 竖向分量,Abaqus,-3.99,0.6685245468
子图6：(f) 竖向分量,Abaqus,-3.98,0.6644647132
子图6：(f) 竖向分量,Abaqus,-3.97,0.6630750939
子图6：(f) 竖向分量,Abaqus,-3.96,0.6643614611
子图6：(f) 竖向分量,Abaqus,-3.95,0.6570478428
子图6：(f) 竖向分量,Abaqus,-3.94,0.652786997
子图6：(f) 竖向分量,Abaqus,-3.93,0.6516181366
子图6：(f) 竖向分量,Abaqus,-3.92,0.653530226
子图6：(f) 竖向分量,Abaqus,-3.91,0.6478663873
子图6：(f) 竖向分量,Abaqus,-3.9,0.6447380739
子图6：(f) 竖向分量,Abaqus,-3.89,0.644179906
子图6：(f) 竖向分量,Abaqus,-3.88,0.6461784997
子图6：(f) 竖向分量,Abaqus,-3.87,0.6420243181
子图6：(f) 竖向分量,Abaqus,-3.86,0.6409822772
子图6：(f) 竖向分量,Abaqus,-3.85,0.6430408293
子图6：(f) 竖向分量,Abaqus,-3.84,0.6481367522
子图6：(f) 竖向分量,Abaqus,-3.83,0.6426843092
子图6：(f) 竖向分量,Abaqus,-3.82,0.6398411923
子图6：(f) 竖向分量,Abaqus,-3.81,0.639641803
子图6：(f) 竖向分量,Abaqus,-3.8,0.6420711631
子图6：(f) 竖向分量,Abaqus,-3.79,0.6401706094
子图6：(f) 竖向分量,Abaqus,-3.78,0.6411323785
子图6：(f) 竖向分量,Abaqus,-3.77,0.6449148911
子图6：(f) 竖向分量,Abaqus,-3.76,0.6514275758
子图6：(f) 竖向分量,Abaqus,-3.75,0.6468948391
子图6：(f) 竖向分量,Abaqus,-3.74,0.6451754072
子图6：(f) 竖向分量,Abaqus,-3.73,0.6462789571
子图6：(f) 竖向分量,Abaqus,-3.72,0.6502190982
子图6：(f) 竖向分量,Abaqus,-3.71,0.6483893065
子图6：(f) 竖向分量,Abaqus,-3.7,0.6492204505
子图6：(f) 竖向分量,Abaqus,-3.69,0.6526976244
子图6：(f) 竖向分量,Abaqus,-3.68,0.6587579841
子图6：(f) 竖向分量,Abaqus,-3.67,0.6560700553
子图6：(f) 竖向分量,Abaqus,-3.66,0.6562071941
子图6：(f) 竖向分量,Abaqus,-3.65,0.6591435459
子图6：(f) 竖向分量,Abaqus,-3.64,0.6648658061
子图6：(f) 竖向分量,Abaqus,-3.63,0.6620092376
子图6：(f) 竖向分量,Abaqus,-3.62,0.6619043591
子图6：(f) 竖向分量,Abaqus,-3.61,0.6645706843
子图6：(f) 竖向分量,Abaqus,-3.6,0.6699761231
子图6：(f) 竖向分量,Abaqus,-3.59,0.6684992045
子图6：(f) 竖向分量,Abaqus,-3.58,0.6696428774
子图6：(f) 竖向分量,Abaqus,-3.57,0.6734851537
子图6：(f) 竖向分量,Abaqus,-3.56,0.6798951259
子图6：(f) 竖向分量,Abaqus,-3.55,0.6766161686
子图6：(f) 竖向分量,Abaqus,-3.54,0.6764190097
子图6：(f) 竖向分量,Abaqus,-3.53,0.6793337929
子图6：(f) 竖向分量,Abaqus,-3.52,0.6853327193
子图6：(f) 竖向分量,Abaqus,-3.51,0.6835914779
子图6：(f) 竖向分量,Abaqus,-3.5,0.6843097126
子图6：(f) 竖向分量,Abaqus,-3.49,0.6875953473
子图6：(f) 竖向分量,Abaqus,-3.48,0.6932330263
子图6：(f) 竖向分量,Abaqus,-3.47,0.691128541
子图6：(f) 竖向分量,Abaqus,-3.46,0.6924746108
子图6：(f) 竖向分量,Abaqus,-3.45,0.6972726264
子图6：(f) 竖向分量,Abaqus,-3.44,0.7054583263
子图6：(f) 竖向分量,Abaqus,-3.43,0.7025276318
子图6：(f) 竖向分量,Abaqus,-3.42,0.7019900781
子图6：(f) 竖向分量,Abaqus,-3.41,0.7040262437
子图6：(f) 竖向分量,Abaqus,-3.4,0.7084922265
子图6：(f) 竖向分量,Abaqus,-3.39,0.7089781187
子图6：(f) 竖向分量,Abaqus,-3.38,0.713071316
子图6：(f) 竖向分量,Abaqus,-3.37,0.7207075487
子图6：(f) 竖向分量,Abaqus,-3.36,0.7317525582
子图6：(f) 竖向分量,Abaqus,-3.35,0.7276630095
子图6：(f) 竖向分量,Abaqus,-3.34,0.7261603665
子图6：(f) 竖向分量,Abaqus,-3.33,0.7272888588
子图6：(f) 竖向分量,Abaqus,-3.32,0.7312001777
子图6：(f) 竖向分量,Abaqus,-3.31,0.73420698
子图6：(f) 竖向分量,Abaqus,-3.3,0.7406062522
子图6：(f) 竖向分量,Abaqus,-3.29,0.7502677721
子图6：(f) 竖向分量,Abaqus,-3.28,0.7629947302
子图6：(f) 竖向分量,Abaqus,-3.27,0.7584420633
子图6：(f) 竖向分量,Abaqus,-3.26,0.7568194655
子图6：(f) 竖向分量,Abaqus,-3.25,0.7581830934
子图6：(f) 竖向分量,Abaqus,-3.24,0.7626695007
子图6：(f) 竖向分量,Abaqus,-3.23,0.7662045091
子图6：(f) 竖向分量,Abaqus,-3.22,0.7726765878
子图6：(f) 竖向分量,Abaqus,-3.21,0.7819365803
子图6：(f) 竖向分量,Abaqus,-3.2,0.7939313458
子图6：(f) 竖向分量,Abaqus,-3.19,0.78990034
子图6：(f) 竖向分量,Abaqus,-3.18,0.7890867885
子图6：(f) 竖向分量,Abaqus,-3.17,0.7915354162
子图6：(f) 竖向分量,Abaqus,-3.16,0.7972232097
子图6：(f) 竖向分量,Abaqus,-3.15,0.7986690552
子图6：(f) 竖向分量,Abaqus,-3.14,0.8029685446
子图6：(f) 竖向分量,Abaqus,-3.13,0.8097968376
子图6：(f) 竖向分量,Abaqus,-3.12,0.8191895158
子图6：(f) 竖向分量,Abaqus,-3.11,0.8159376611
子图6：(f) 竖向分量,Abaqus,-3.1,0.8159979856
子图6：(f) 竖向分量,Abaqus,-3.09,0.8193904341
子图6：(f) 竖向分量,Abaqus,-3.08,0.826063502
子图6：(f) 竖向分量,Abaqus,-3.07,0.8243825665
子图6：(f) 竖向分量,Abaqus,-3.06,0.8254624775
子图6：(f) 竖向分量,Abaqus,-3.05,0.8291537764
子图6：(f) 竖向分量,Abaqus,-3.04,0.8357074254
子图6：(f) 竖向分量,Abaqus,-3.03,0.8325688213
子图6：(f) 竖向分量,Abaqus,-3.02,0.8326369178
子图6：(f) 竖向分量,Abaqus,-3.01,0.8359216042
子图6：(f) 竖向分量,Abaqus,-3,0.842603427
子图6：(f) 竖向分量,Abaqus,-2.99,0.8381478064
子图6：(f) 竖向分量,Abaqus,-2.98,0.8366405186
子图6：(f) 竖向分量,Abaqus,-2.97,0.8382021789
子图6：(f) 竖向分量,Abaqus,-2.96,0.8428980428
子图6：(f) 竖向分量,Abaqus,-2.95,0.8386412661
子图6：(f) 竖向分量,Abaqus,-2.94,0.8374555116
子图6：(f) 竖向分量,Abaqus,-2.93,0.8395786789
子图6：(f) 竖向分量,Abaqus,-2.92,0.8448496111
子图6：(f) 竖向分量,Abaqus,-2.91,0.8390395674
子图6：(f) 竖向分量,Abaqus,-2.9,0.8365838315
子图6：(f) 竖向分量,Abaqus,-2.89,0.8375868804
子图6：(f) 竖向分量,Abaqus,-2.88,0.8420863704
子图6：(f) 竖向分量,Abaqus,-2.87,0.8359028127
子图6：(f) 竖向分量,Abaqus,-2.86,0.8328267473
子图6：(f) 竖向分量,Abaqus,-2.85,0.8329840904
子图6：(f) 竖向分量,Abaqus,-2.84,0.8365323372
子图6：(f) 竖向分量,Abaqus,-2.83,0.831160003
子图6：(f) 竖向分量,Abaqus,-2.82,0.8294881445
子图6：(f) 竖向分量,Abaqus,-2.81,0.8315470572
子图6：(f) 竖向分量,Abaqus,-2.8,0.8372920319
子图6：(f) 竖向分量,Abaqus,-2.79,0.8294108117
子图6：(f) 竖向分量,Abaqus,-2.78,0.8251451164
子图6：(f) 竖向分量,Abaqus,-2.77,0.8243870324
子图6：(f) 竖向分量,Abaqus,-2.76,0.8271707285
子图6：(f) 竖向分量,Abaqus,-2.75,0.8236237275
子图6：(f) 竖向分量,Abaqus,-2.74,0.8240333779
子图6：(f) 竖向分量,Abaqus,-2.73,0.8284020243
子图6：(f) 竖向分量,Abaqus,-2.72,0.8366531261
子图6：(f) 竖向分量,Abaqus,-2.71,0.8290324346
子图6：(f) 竖向分量,Abaqus,-2.7,0.8253435905
子图6：(f) 竖向分量,Abaqus,-2.69,0.8256646065
子图6：(f) 竖向分量,Abaqus,-2.68,0.8300390393
子图6：(f) 竖向分量,Abaqus,-2.67,0.8292605879
子图6：(f) 竖向分量,Abaqus,-2.66,0.8325701273
子图6：(f) 竖向分量,Abaqus,-2.65,0.8399359116
子图6：(f) 竖向分量,Abaqus,-2.64,0.8512418492
子图6：(f) 竖向分量,Abaqus,-2.63,0.8462152456
子图6：(f) 竖向分量,Abaqus,-2.62,0.8455386351
子图6：(f) 竖向分量,Abaqus,-2.61,0.849228469
子图6：(f) 竖向分量,Abaqus,-2.6,0.8572071991
子图6：(f) 竖向分量,Abaqus,-2.59,0.8589950673
子图6：(f) 竖向分量,Abaqus,-2.58,0.8648327961
子图6：(f) 竖向分量,Abaqus,-2.57,0.8746163592
子图6：(f) 竖向分量,Abaqus,-2.56,0.8881797704
子图6：(f) 竖向分量,Abaqus,-2.55,0.8867585122
子图6：(f) 竖向分量,Abaqus,-2.54,0.8897746206
子图6：(f) 竖向分量,Abaqus,-2.53,0.8971604171
子图6：(f) 竖向分量,Abaqus,-2.52,0.9087499191
子图6：(f) 竖向分量,Abaqus,-2.51,0.9115585525
子图6：(f) 竖向分量,Abaqus,-2.5,0.9182312486
子图6：(f) 竖向分量,Abaqus,-2.49,0.9287712477
子图6：(f) 竖向分量,Abaqus,-2.48,0.9430727868
子图6：(f) 竖向分量,Abaqus,-2.47,0.9435936353
子图6：(f) 竖向分量,Abaqus,-2.46,0.9481935639
子图6：(f) 竖向分量,Abaqus,-2.45,0.9569467479
子图6：(f) 竖向分量,Abaqus,-2.44,0.9696213286
子图6：(f) 竖向分量,Abaqus,-2.43,0.971107598
子图6：(f) 竖向分量,Abaqus,-2.42,0.9764791299
子图6：(f) 竖向分量,Abaqus,-2.41,0.9856449428
子图6：(f) 竖向分量,Abaqus,-2.4,0.9981428349
子图6：(f) 竖向分量,Abaqus,-2.39,0.9974506819
子图6：(f) 竖向分量,Abaqus,-2.38,1.000290099
子图6：(f) 竖向分量,Abaqus,-2.37,1.006849472
子图6：(f) 竖向分量,Abaqus,-2.36,1.016997367
子图6：(f) 竖向分量,Abaqus,-2.35,1.015238352
子图6：(f) 竖向分量,Abaqus,-2.34,1.01745216
子图6：(f) 竖向分量,Abaqus,-2.33,1.023075693
子图6：(f) 竖向分量,Abaqus,-2.32,1.032673909
子图6：(f) 竖向分量,Abaqus,-2.31,1.026881767
子图6：(f) 竖向分量,Abaqus,-2.3,1.024935712
子图6：(f) 竖向分量,Abaqus,-2.29,1.026075348
子图6：(f) 竖向分量,Abaqus,-2.28,1.030951149
子图6：(f) 竖向分量,Abaqus,-2.27,1.024598242
子图6：(f) 竖向分量,Abaqus,-2.26,1.022317295
子图6：(f) 竖向分量,Abaqus,-2.25,1.023422957
子图6：(f) 竖向分量,Abaqus,-2.24,1.02860228
子图6：(f) 竖向分量,Abaqus,-2.23,1.016090256
子图6：(f) 竖向分量,Abaqus,-2.22,1.007250818
子图6：(f) 竖向分量,Abaqus,-2.21,1.001606393
子图6：(f) 竖向分量,Abaqus,-2.2,0.9996227581
子图6：(f) 竖向分量,Abaqus,-2.19,0.9882284674
子图6：(f) 竖向分量,Abaqus,-2.18,0.9807907941
子图6：(f) 竖向分量,Abaqus,-2.17,0.9768959092
子图6：(f) 竖向分量,Abaqus,-2.16,0.9771536106
子图6：(f) 竖向分量,Abaqus,-2.15,0.9577488942
子图6：(f) 竖向分量,Abaqus,-2.14,0.9422449658
子图6：(f) 竖向分量,Abaqus,-2.13,0.9301189654
子图6：(f) 竖向分量,Abaqus,-2.12,0.9220537246
子图6：(f) 竖向分量,Abaqus,-2.11,0.9060285276
子图6：(f) 竖向分量,Abaqus,-2.1,0.8938258828
子图6：(f) 竖向分量,Abaqus,-2.09,0.8858538797
子图6：(f) 竖向分量,Abaqus,-2.08,0.8818024896
子图6：(f) 竖向分量,Abaqus,-2.07,0.8578090113
子图6：(f) 竖向分量,Abaqus,-2.06,0.8380299389
子图6：(f) 竖向分量,Abaqus,-2.05,0.8224932927
子图6：(f) 竖向分量,Abaqus,-2.04,0.8114919688
子图6：(f) 竖向分量,Abaqus,-2.03,0.7929709939
子图6：(f) 竖向分量,Abaqus,-2.02,0.7788909244
子图6：(f) 竖向分量,Abaqus,-2.01,0.7694947828
子图6：(f) 竖向分量,Abaqus,-2,0.7648093323
子图6：(f) 竖向分量,Abaqus,-1.99,0.7413014829
子图6：(f) 竖向分量,Abaqus,-1.98,0.7229216659
子图6：(f) 竖向分量,Abaqus,-1.97,0.7102995304
子图6：(f) 竖向分量,Abaqus,-1.96,0.703524677
子图6：(f) 竖向分量,Abaqus,-1.95,0.6885734654
子图6：(f) 竖向分量,Abaqus,-1.94,0.6791925401
子图6：(f) 竖向分量,Abaqus,-1.93,0.6757966748
子图6：(f) 竖向分量,Abaqus,-1.92,0.6781363784
子图6：(f) 竖向分量,Abaqus,-1.91,0.66433858
子图6：(f) 竖向分量,Abaqus,-1.9,0.6574063837
子图6：(f) 竖向分量,Abaqus,-1.89,0.6578751326
子图6：(f) 竖向分量,Abaqus,-1.88,0.6654933916
子图6：(f) 竖向分量,Abaqus,-1.87,0.664055213
子图6：(f) 竖向分量,Abaqus,-1.86,0.6695563215
子图6：(f) 竖向分量,Abaqus,-1.85,0.6817016383
子图6：(f) 竖向分量,Abaqus,-1.84,0.6999489049
子图6：(f) 竖向分量,Abaqus,-1.83,0.7045822189
子图6：(f) 竖向分量,Abaqus,-1.82,0.7166533329
子图6：(f) 竖向分量,Abaqus,-1.81,0.7356331474
子图6：(f) 竖向分量,Abaqus,-1.8,0.7611812118
子图6：(f) 竖向分量,Abaqus,-1.79,0.7767373074
子图6：(f) 竖向分量,Abaqus,-1.78,0.7985647309
子图6：(f) 竖向分量,Abaqus,-1.77,0.8257690652
子图6：(f) 竖向分量,Abaqus,-1.76,0.8577357012
子图6：(f) 竖向分量,Abaqus,-1.75,0.8763689831
子图6：(f) 竖向分量,Abaqus,-1.74,0.9011302332
子图6：(f) 竖向分量,Abaqus,-1.73,0.931350341
子图6：(f) 竖向分量,Abaqus,-1.72,0.9662415522
子图6：(f) 竖向分量,Abaqus,-1.71,0.9904501148
子图6：(f) 竖向分量,Abaqus,-1.7,1.019445551
子图6：(f) 竖向分量,Abaqus,-1.69,1.052740524
子图6：(f) 竖向分量,Abaqus,-1.68,1.089592568
子图6：(f) 竖向分量,Abaqus,-1.67,1.112345704
子图6：(f) 竖向分量,Abaqus,-1.66,1.140183492
子图6：(f) 竖向分量,Abaqus,-1.65,1.172698875
子图6：(f) 竖向分量,Abaqus,-1.64,1.209063782
子图6：(f) 竖向分量,Abaqus,-1.63,1.23333182
子图6：(f) 竖向分量,Abaqus,-1.62,1.261758713
子图6：(f) 竖向分量,Abaqus,-1.61,1.293881341
子图6：(f) 竖向分量,Abaqus,-1.6,1.329418561
子图6：(f) 竖向分量,Abaqus,-1.59,1.349547085
子图6：(f) 竖向分量,Abaqus,-1.58,1.374391331
子图6：(f) 竖向分量,Abaqus,-1.57,1.403432029
子图6：(f) 竖向分量,Abaqus,-1.56,1.436606656
子图6：(f) 竖向分量,Abaqus,-1.55,1.455498165
子图6：(f) 竖向分量,Abaqus,-1.54,1.478321325
子图6：(f) 竖向分量,Abaqus,-1.53,1.505205289
子图6：(f) 竖向分量,Abaqus,-1.52,1.535415793
子图6：(f) 竖向分量,Abaqus,-1.51,1.548645557
子图6：(f) 竖向分量,Abaqus,-1.5,1.566643964
子图6：(f) 竖向分量,Abaqus,-1.49,1.588882076
子图6：(f) 竖向分量,Abaqus,-1.48,1.615643388
子图6：(f) 竖向分量,Abaqus,-1.47,1.625836984
子图6：(f) 竖向分量,Abaqus,-1.46,1.640299169
子图6：(f) 竖向分量,Abaqus,-1.45,1.659007239
子图6：(f) 竖向分量,Abaqus,-1.44,1.681381074
子图6：(f) 竖向分量,Abaqus,-1.43,1.685233608
子图6：(f) 竖向分量,Abaqus,-1.42,1.694176369
子图6：(f) 竖向分量,Abaqus,-1.41,1.707437504
子图6：(f) 竖向分量,Abaqus,-1.4,1.725570008
子图6：(f) 竖向分量,Abaqus,-1.39,1.725773406
子图6：(f) 竖向分量,Abaqus,-1.38,1.730207768
子图6：(f) 竖向分量,Abaqus,-1.37,1.739561014
子图6：(f) 竖向分量,Abaqus,-1.36,1.75308413
子图6：(f) 竖向分量,Abaqus,-1.35,1.746433795
子图6：(f) 竖向分量,Abaqus,-1.34,1.745464675
子图6：(f) 竖向分量,Abaqus,-1.33,1.749109263
子图6：(f) 竖向分量,Abaqus,-1.32,1.757835369
子图6：(f) 竖向分量,Abaqus,-1.31,1.74810682
子图6：(f) 竖向分量,Abaqus,-1.3,1.742961351
子图6：(f) 竖向分量,Abaqus,-1.29,1.743398125
子图6：(f) 竖向分量,Abaqus,-1.28,1.748424442
子图6：(f) 竖向分量,Abaqus,-1.27,1.732497902
子图6：(f) 竖向分量,Abaqus,-1.26,1.722089838
子图6：(f) 竖向分量,Abaqus,-1.25,1.717102622
子图6：(f) 竖向分量,Abaqus,-1.24,1.717829696
子图6：(f) 竖向分量,Abaqus,-1.23,1.700001275
子图6：(f) 竖向分量,Abaqus,-1.22,1.688063815
子图6：(f) 竖向分量,Abaqus,-1.21,1.681625092
子图6：(f) 竖向分量,Abaqus,-1.2,1.681144784
子图6：(f) 竖向分量,Abaqus,-1.19,1.658567845
子图6：(f) 竖向分量,Abaqus,-1.18,1.642053669
子图6：(f) 竖向分量,Abaqus,-1.17,1.632105258
子图6：(f) 竖向分量,Abaqus,-1.16,1.628215345
子图6：(f) 竖向分量,Abaqus,-1.15,1.607253058
子图6：(f) 竖向分量,Abaqus,-1.14,1.592877959
子图6：(f) 竖向分量,Abaqus,-1.13,1.58506473
子图6：(f) 竖向分量,Abaqus,-1.12,1.584147141
子图6：(f) 竖向分量,Abaqus,-1.11,1.560799934
子图6：(f) 竖向分量,Abaqus,-1.1,1.544504546
子图6：(f) 竖向分量,Abaqus,-1.09,1.535548455
子图6：(f) 竖向分量,Abaqus,-1.08,1.534032784
子图6：(f) 竖向分量,Abaqus,-1.07,1.516730094
子图6：(f) 竖向分量,Abaqus,-1.06,1.507452028
子图6：(f) 竖向分量,Abaqus,-1.05,1.506166952
子图6：(f) 竖向分量,Abaqus,-1.04,1.512863808
子图6：(f) 竖向分量,Abaqus,-1.03,1.496422315
子图6：(f) 竖向分量,Abaqus,-1.02,1.488346353
子图6：(f) 竖向分量,Abaqus,-1.01,1.48875248
子图6：(f) 竖向分量,Abaqus,-1,1.497557046
子图6：(f) 竖向分量,Abaqus,-0.99,1.492203905
子图6：(f) 竖向分量,Abaqus,-0.98,1.495648731
子图6：(f) 竖向分量,Abaqus,-0.97,1.507797884
子图6：(f) 竖向分量,Abaqus,-0.96,1.528356091
子图6：(f) 竖向分量,Abaqus,-0.95,1.52496655
子图6：(f) 竖向分量,Abaqus,-0.94,1.530358995
子图6：(f) 竖向分量,Abaqus,-0.93,1.544348616
子图6：(f) 竖向分量,Abaqus,-0.92,1.56654965
子图6：(f) 竖向分量,Abaqus,-0.91,1.575636399
子图6：(f) 竖向分量,Abaqus,-0.9,1.593226002
子图6：(f) 竖向分量,Abaqus,-0.89,1.618886959
子图6：(f) 竖向分量,Abaqus,-0.88,1.65199201
子图6：(f) 竖向分量,Abaqus,-0.87,1.65952292
子图6：(f) 竖向分量,Abaqus,-0.86,1.674964691
子图6：(f) 竖向分量,Abaqus,-0.85,1.697852149
子图6：(f) 竖向分量,Abaqus,-0.84,1.728226955
子图6：(f) 竖向分量,Abaqus,-0.83,1.745596838
子图6：(f) 竖向分量,Abaqus,-0.82,1.770048005
子图6：(f) 竖向分量,Abaqus,-0.81,1.80149317
子图6：(f) 竖向分量,Abaqus,-0.8,1.839211418
子图6：(f) 竖向分量,Abaqus,-0.79,1.849109566
子图6：(f) 竖向分量,Abaqus,-0.78,1.866410997
子图6：(f) 竖向分量,Abaqus,-0.77,1.889850864
子图6：(f) 竖向分量,Abaqus,-0.76,1.919953727
子图6：(f) 竖向分量,Abaqus,-0.75,1.936386018
子图6：(f) 竖向分量,Abaqus,-0.74,1.959526533
子图6：(f) 竖向分量,Abaqus,-0.73,1.988023476
子图6：(f) 竖向分量,Abaqus,-0.72,2.022599699
子图6：(f) 竖向分量,Abaqus,-0.71,2.027396424
子图6：(f) 竖向分量,Abaqus,-0.7,2.038450932
子图6：(f) 竖向分量,Abaqus,-0.69,2.05570973
子图6：(f) 竖向分量,Abaqus,-0.68,2.078334685
子图6：(f) 竖向分量,Abaqus,-0.67,2.087679613
子图6：(f) 竖向分量,Abaqus,-0.66,2.102370279
子图6：(f) 竖向分量,Abaqus,-0.65,2.122137018
子图6：(f) 竖向分量,Abaqus,-0.64,2.147311359
子图6：(f) 竖向分量,Abaqus,-0.63,2.14193955
子图6：(f) 竖向分量,Abaqus,-0.62,2.141989262
子图6：(f) 竖向分量,Abaqus,-0.61,2.147869905
子图6：(f) 竖向分量,Abaqus,-0.6,2.15962361
子图6：(f) 竖向分量,Abaqus,-0.59,2.156720828
子图6：(f) 竖向分量,Abaqus,-0.58,2.158712553
子图6：(f) 竖向分量,Abaqus,-0.57,2.165979492
子图6：(f) 竖向分量,Abaqus,-0.56,2.178238586
子图6：(f) 竖向分量,Abaqus,-0.55,2.159545871
子图6：(f) 竖向分量,Abaqus,-0.54,2.146006344
子图6：(f) 竖向分量,Abaqus,-0.53,2.138157787
子图6：(f) 竖向分量,Abaqus,-0.52,2.135983036
子图6：(f) 竖向分量,Abaqus,-0.51,2.118921485
子图6：(f) 竖向分量,Abaqus,-0.5,2.106395625
子图6：(f) 竖向分量,Abaqus,-0.49,2.098434725
子图6：(f) 竖向分量,Abaqus,-0.48,2.095659341
子图6：(f) 竖向分量,Abaqus,-0.47,2.063111677
子图6：(f) 竖向分量,Abaqus,-0.46,2.035377526
子图6：(f) 竖向分量,Abaqus,-0.45,2.012583717
子图6：(f) 竖向分量,Abaqus,-0.44,1.995648838
子图6：(f) 竖向分量,Abaqus,-0.43,1.964019841
子图6：(f) 竖向分量,Abaqus,-0.42,1.936546163
子图6：(f) 竖向分量,Abaqus,-0.41,1.913340952
子图6：(f) 竖向分量,Abaqus,-0.4,1.894602788
子图6：(f) 竖向分量,Abaqus,-0.39,1.848970495
子图6：(f) 竖向分量,Abaqus,-0.38,1.807749289
子图6：(f) 竖向分量,Abaqus,-0.37,1.77114253
子图6：(f) 竖向分量,Abaqus,-0.36,1.740007184
子图6：(f) 竖向分量,Abaqus,-0.35,1.694827175
子图6：(f) 竖向分量,Abaqus,-0.34,1.653429825
子图6：(f) 竖向分量,Abaqus,-0.33,1.616011237
子图6：(f) 竖向分量,Abaqus,-0.32,1.583468917
子图6：(f) 竖向分量,Abaqus,-0.31,1.526746704
子图6：(f) 竖向分量,Abaqus,-0.3,1.473995519
子图6：(f) 竖向分量,Abaqus,-0.29,1.426439951
子图6：(f) 竖向分量,Abaqus,-0.28,1.383703317
子图6：(f) 竖向分量,Abaqus,-0.27,1.32806202
子图6：(f) 竖向分量,Abaqus,-0.26,1.276072926
子图6：(f) 竖向分量,Abaqus,-0.25,1.228606415
子图6：(f) 竖向分量,Abaqus,-0.24,1.18593039
子图6：(f) 竖向分量,Abaqus,-0.23,1.123125116
子图6：(f) 竖向分量,Abaqus,-0.22,1.064912435
子图6：(f) 竖向分量,Abaqus,-0.21,1.012526061
子图6：(f) 竖向分量,Abaqus,-0.2,0.9670631591
子图6：(f) 竖向分量,Abaqus,-0.19,0.9091318051
子图6：(f) 竖向分量,Abaqus,-0.18,0.8573528687
子图6：(f) 竖向分量,Abaqus,-0.17,0.8135648747
子图6：(f) 竖向分量,Abaqus,-0.16,0.7790848845
子图6：(f) 竖向分量,Abaqus,-0.15,0.7289507477
子图6：(f) 竖向分量,Abaqus,-0.14,0.6911727305
子图6：(f) 竖向分量,Abaqus,-0.13,0.6691038912
子图6：(f) 竖向分量,Abaqus,-0.12,0.6652345341
子图6：(f) 竖向分量,Abaqus,-0.11,0.6596024508
子图6：(f) 竖向分量,Abaqus,-0.1,0.673359912
子图6：(f) 竖向分量,Abaqus,-0.09,0.7041022219
子图6：(f) 竖向分量,Abaqus,-0.08,0.7481481467
子图6：(f) 竖向分量,Abaqus,-0.07,0.7858318405
子图6：(f) 竖向分量,Abaqus,-0.06,0.8346596352
子图6：(f) 竖向分量,Abaqus,-0.05,0.8916580244
子图6：(f) 竖向分量,Abaqus,-0.04,0.9542264122
子图6：(f) 竖向分量,Abaqus,-0.03,1.015666598
子图6：(f) 竖向分量,Abaqus,-0.02,1.08015127
子图6：(f) 竖向分量,Abaqus,-0.01,1.14671956
子图6：(f) 竖向分量,Abaqus,0,1.214981335
子图6：(f) 竖向分量,Abaqus,0.01,1.246687856
子图6：(f) 竖向分量,Abaqus,0.02,1.279194444
子图6：(f) 竖向分量,Abaqus,0.03,1.312303348
子图6：(f) 竖向分量,Abaqus,0.04,1.340557021
子图6：(f) 竖向分量,Abaqus,0.05,1.365968432
子图6：(f) 竖向分量,Abaqus,0.06,1.392300691
子图6：(f) 竖向分量,Abaqus,0.07,1.418660495
子图6：(f) 竖向分量,Abaqus,0.08,1.440038683
子图6：(f) 竖向分量,Abaqus,0.09,1.463260352
子图6：(f) 竖向分量,Abaqus,0.1,1.488313986
子图6：(f) 竖向分量,Abaqus,0.11,1.502701179
子图6：(f) 竖向分量,Abaqus,0.12,1.512972359
子图6：(f) 竖向分量,Abaqus,0.13,1.525657788
子图6：(f) 竖向分量,Abaqus,0.14,1.538367779
子图6：(f) 竖向分量,Abaqus,0.15,1.544837068
子图6：(f) 竖向分量,Abaqus,0.16,1.554063923
子图6：(f) 竖向分量,Abaqus,0.17,1.566073337
子图6：(f) 竖向分量,Abaqus,0.18,1.567562134
子图6：(f) 竖向分量,Abaqus,0.19,1.567668157
子图6：(f) 竖向分量,Abaqus,0.2,1.570593087
子图6：(f) 竖向分量,Abaqus,0.21,1.572181368
子图6：(f) 竖向分量,Abaqus,0.22,1.567504891
子图6：(f) 竖向分量,Abaqus,0.23,1.565861142
子图6：(f) 竖向分量,Abaqus,0.24,1.56725569
子图6：(f) 竖向分量,Abaqus,0.25,1.551823884
子图6：(f) 竖向分量,Abaqus,0.26,1.537641781
子图6：(f) 竖向分量,Abaqus,0.27,1.527616023
子图6：(f) 竖向分量,Abaqus,0.28,1.516782913
子图6：(f) 竖向分量,Abaqus,0.29,1.501231659
子图6：(f) 竖向分量,Abaqus,0.3,1.489178952
子图6：(f) 竖向分量,Abaqus,0.31,1.481210625
子图6：(f) 竖向分量,Abaqus,0.32,1.455826114
子图6：(f) 竖向分量,Abaqus,0.33,1.43603812
子图6：(f) 竖向分量,Abaqus,0.34,1.422410065
子图6：(f) 竖向分量,Abaqus,0.35,1.405305759
子图6：(f) 竖向分量,Abaqus,0.36,1.384498213
子图6：(f) 竖向分量,Abaqus,0.37,1.368066149
子图6：(f) 竖向分量,Abaqus,0.38,1.355555654
子图6：(f) 竖向分量,Abaqus,0.39,1.331418696
子图6：(f) 竖向分量,Abaqus,0.4,1.314961297
子图6：(f) 竖向分量,Abaqus,0.41,1.30621428
子图6：(f) 竖向分量,Abaqus,0.42,1.291541089
子图6：(f) 竖向分量,Abaqus,0.43,1.27473299
子图6：(f) 竖向分量,Abaqus,0.44,1.262996593
子图6：(f) 竖向分量,Abaqus,0.45,1.254298717
子图6：(f) 竖向分量,Abaqus,0.46,1.239925705
子图6：(f) 竖向分量,Abaqus,0.47,1.233218692
子图6：(f) 竖向分量,Abaqus,0.48,1.233980618
子图6：(f) 竖向分量,Abaqus,0.49,1.224568909
子图6：(f) 竖向分量,Abaqus,0.5,1.214610921
子图6：(f) 竖向分量,Abaqus,0.51,1.209350677
子图6：(f) 竖向分量,Abaqus,0.52,1.206371885
子图6：(f) 竖向分量,Abaqus,0.53,1.200529612
子图6：(f) 竖向分量,Abaqus,0.54,1.201040294
子图6：(f) 竖向分量,Abaqus,0.55,1.20838899
子图6：(f) 竖向分量,Abaqus,0.56,1.201939051
子图6：(f) 竖向分量,Abaqus,0.57,1.196398306
子图6：(f) 竖向分量,Abaqus,0.58,1.19482755
子图6：(f) 竖向分量,Abaqus,0.59,1.192456964
子图6：(f) 竖向分量,Abaqus,0.6,1.18751416
子图6：(f) 竖向分量,Abaqus,0.61,1.187376634
子图6：(f) 竖向分量,Abaqus,0.62,1.192889615
子图6：(f) 竖向分量,Abaqus,0.63,1.183686421
子图6：(f) 竖向分量,Abaqus,0.64,1.176208371
子图6：(f) 竖向分量,Abaqus,0.65,1.171865424
子图6：(f) 竖向分量,Abaqus,0.66,1.164016125
子图6：(f) 竖向分量,Abaqus,0.67,1.152591696
子图6：(f) 竖向分量,Abaqus,0.68,1.145219705
子图6：(f) 竖向分量,Abaqus,0.69,1.142081723
子图6：(f) 竖向分量,Abaqus,0.7,1.126967697
子图6：(f) 竖向分量,Abaqus,0.71,1.114026279
子图6：(f) 竖向分量,Abaqus,0.72,1.103341989
子图6：(f) 竖向分量,Abaqus,0.73,1.086094663
子图6：(f) 竖向分量,Abaqus,0.74,1.065773423
子图6：(f) 竖向分量,Abaqus,0.75,1.049002883
子图6：(f) 竖向分量,Abaqus,0.76,1.035261322
子图6：(f) 竖向分量,Abaqus,0.77,1.015488246
子图6：(f) 竖向分量,Abaqus,0.78,0.997196918
子图6：(f) 竖向分量,Abaqus,0.79,0.9802039495
子图6：(f) 竖向分量,Abaqus,0.8,0.9547359716
子图6：(f) 竖向分量,Abaqus,0.81,0.9273905741
子图6：(f) 竖向分量,Abaqus,0.82,0.9035087477
子图6：(f) 竖向分量,Abaqus,0.83,0.8822944091
子图6：(f) 竖向分量,Abaqus,0.84,0.8608980126
子图6：(f) 竖向分量,Abaqus,0.85,0.8401448822
子图6：(f) 竖向分量,Abaqus,0.86,0.8195285194
子图6：(f) 竖向分量,Abaqus,0.87,0.7907771548
子图6：(f) 竖向分量,Abaqus,0.88,0.7696494044
子图6：(f) 竖向分量,Abaqus,0.89,0.7657657896
子图6：(f) 竖向分量,Abaqus,0.9,0.7543941438
子图6：(f) 竖向分量,Abaqus,0.91,0.7282400977
子图6：(f) 竖向分量,Abaqus,0.92,0.7025705967
子图6：(f) 竖向分量,Abaqus,0.93,0.6819616421
子图6：(f) 竖向分量,Abaqus,0.94,0.6624754979
子图6：(f) 竖向分量,Abaqus,0.95,0.6489275337
子图6：(f) 竖向分量,Abaqus,0.96,0.6353795696
子图6：(f) 竖向分量,Abaqus,0.97,0.6145588559
子图6：(f) 竖向分量,Abaqus,0.98,0.5970591542
子图6：(f) 竖向分量,Abaqus,0.99,0.609639413
子图6：(f) 竖向分量,Abaqus,1,0.6232671465
子图6：(f) 竖向分量,Abaqus,1.01,0.6364315433
子图6：(f) 竖向分量,Abaqus,1.02,0.6540937908
子图6：(f) 竖向分量,Abaqus,1.03,0.6758415166
子图6：(f) 竖向分量,Abaqus,1.04,0.7147477234
子图6：(f) 竖向分量,Abaqus,1.05,0.7252422317
子图6：(f) 竖向分量,Abaqus,1.06,0.7357359155
子图6：(f) 竖向分量,Abaqus,1.07,0.7462295993
子图6：(f) 竖向分量,Abaqus,1.08,0.7570396461
子图6：(f) 竖向分量,Abaqus,1.09,0.7754690978
子图6：(f) 竖向分量,Abaqus,1.1,0.7949843974
子图6：(f) 竖向分量,Abaqus,1.11,0.8157107601
子图6：(f) 竖向分量,Abaqus,1.12,0.8374765274
子图6：(f) 竖向分量,Abaqus,1.13,0.8445167127
子图6：(f) 竖向分量,Abaqus,1.14,0.8519960204
子图6：(f) 竖向分量,Abaqus,1.15,0.859475328
子图6：(f) 竖向分量,Abaqus,1.16,0.8672127412
子图6：(f) 竖向分量,Abaqus,1.17,0.8765830752
子图6：(f) 竖向分量,Abaqus,1.18,0.8867438102
子图6：(f) 竖向分量,Abaqus,1.19,0.8974272119
子图6：(f) 竖向分量,Abaqus,1.2,0.9088605819
子图6：(f) 竖向分量,Abaqus,1.21,0.9118700991
子图6：(f) 竖向分量,Abaqus,1.22,0.9151215246
子图6：(f) 竖向分量,Abaqus,1.23,0.9183729502
子图6：(f) 竖向分量,Abaqus,1.24,0.922110655
子图6：(f) 竖向分量,Abaqus,1.25,0.9253481923
子图6：(f) 竖向分量,Abaqus,1.26,0.9291588214
子图6：(f) 竖向分量,Abaqus,1.27,0.9332241646
子图6：(f) 竖向分量,Abaqus,1.28,0.937976259
子图6：(f) 竖向分量,Abaqus,1.29,0.9369512206
子图6：(f) 竖向分量,Abaqus,1.3,0.9359915477
子图6：(f) 竖向分量,Abaqus,1.31,0.9354354238
子图6：(f) 竖向分量,Abaqus,1.32,0.9348792999
子图6：(f) 竖向分量,Abaqus,1.33,0.9339250154
子图6：(f) 竖向分量,Abaqus,1.34,0.9334938221
子图6：(f) 竖向分量,Abaqus,1.35,0.9330626288
子图6：(f) 竖向分量,Abaqus,1.36,0.9330658703
子图6：(f) 竖向分量,Abaqus,1.37,0.929234557
子图6：(f) 竖向分量,Abaqus,1.38,0.9254031654
子图6：(f) 竖向分量,Abaqus,1.39,0.9215717737
子图6：(f) 竖向分量,Abaqus,1.4,0.9178637372
子图6：(f) 竖向分量,Abaqus,1.41,0.9148192398
子图6：(f) 竖向分量,Abaqus,1.42,0.911774752
子图6：(f) 竖向分量,Abaqus,1.43,0.9087302642
子图6：(f) 竖向分量,Abaqus,1.44,0.906038721
子图6：(f) 竖向分量,Abaqus,1.45,0.901006725
子图6：(f) 竖向分量,Abaqus,1.46,0.8959746822
子图6：(f) 竖向分量,Abaqus,1.47,0.8909426393
子图6：(f) 竖向分量,Abaqus,1.48,0.8859105964
子图6：(f) 竖向分量,Abaqus,1.49,0.8819498633
子图6：(f) 竖向分量,Abaqus,1.5,0.877989151
子图6：(f) 竖向分量,Abaqus,1.51,0.8742084518
子图6：(f) 竖向分量,Abaqus,1.52,0.8705102399
子图6：(f) 竖向分量,Abaqus,1.53,0.866004693
子图6：(f) 竖向分量,Abaqus,1.54,0.8614991304
子图6：(f) 竖向分量,Abaqus,1.55,0.8569935677
子图6：(f) 竖向分量,Abaqus,1.56,0.8524880051
子图6：(f) 竖向分量,Abaqus,1.57,0.8488918172
子图6：(f) 竖向分量,Abaqus,1.58,0.845295647
子图6：(f) 竖向分量,Abaqus,1.59,0.8416994768
子图6：(f) 竖向分量,Abaqus,1.6,0.8381033066
子图6：(f) 竖向分量,Abaqus,1.61,0.8353162991
子图6：(f) 竖向分量,Abaqus,1.62,0.8325293074
子图6：(f) 竖向分量,Abaqus,1.63,0.8297423156
子图6：(f) 竖向分量,Abaqus,1.64,0.8269553239
子图6：(f) 竖向分量,Abaqus,1.65,0.8240149028
子图6：(f) 竖向分量,Abaqus,1.66,0.8210744787
子图6：(f) 竖向分量,Abaqus,1.67,0.8181340546
子图6：(f) 竖向分量,Abaqus,1.68,0.8151936305
子图6：(f) 竖向分量,Abaqus,1.69,0.8143327594
子图6：(f) 竖向分量,Abaqus,1.7,0.8134719287
子图6：(f) 竖向分量,Abaqus,1.71,0.8126110981
子图6：(f) 竖向分量,Abaqus,1.72,0.8117502675
子图6：(f) 竖向分量,Abaqus,1.73,0.8094057282
子图6：(f) 竖向分量,Abaqus,1.74,0.8070611601
子图6：(f) 竖向分量,Abaqus,1.75,0.8047312664
子图6：(f) 竖向分量,Abaqus,1.76,0.8025182901
子图6：(f) 竖向分量,Abaqus,1.77,0.8031117706
子图6：(f) 竖向分量,Abaqus,1.78,0.8037053057
子图6：(f) 竖向分量,Abaqus,1.79,0.8042988409
子图6：(f) 竖向分量,Abaqus,1.8,0.804892376
子图6：(f) 竖向分量,Abaqus,1.81,0.8030218735
子图6：(f) 竖向分量,Abaqus,1.82,0.8011513231
子图6：(f) 竖向分量,Abaqus,1.83,0.7992807727
子图6：(f) 竖向分量,Abaqus,1.84,0.7974102223
子图6：(f) 竖向分量,Abaqus,1.85,0.7988802552
子图6：(f) 竖向分量,Abaqus,1.86,0.800350353
子图6：(f) 竖向分量,Abaqus,1.87,0.8018204509
子图6：(f) 竖向分量,Abaqus,1.88,0.8032905488
子图6：(f) 竖向分量,Abaqus,1.89,0.8015446359
子图6：(f) 竖向分量,Abaqus,1.9,0.7997986604
子图6：(f) 竖向分量,Abaqus,1.91,0.7980526849
子图6：(f) 竖向分量,Abaqus,1.92,0.7963758164
子图6：(f) 竖向分量,Abaqus,1.93,0.7982387248
子图6：(f) 竖向分量,Abaqus,1.94,0.8001017007
子图6：(f) 竖向分量,Abaqus,1.95,0.8019646766
子图6：(f) 竖向分量,Abaqus,1.96,0.8038276524
子图6：(f) 竖向分量,Abaqus,1.97,0.8022392805
子图6：(f) 竖向分量,Abaqus,1.98,0.8006508413
子图6：(f) 竖向分量,Abaqus,1.99,0.7990624022
子图6：(f) 竖向分量,Abaqus,2,0.797473963
子图6：(f) 竖向分量,Abaqus,2.01,0.7992816493
子图6：(f) 竖向分量,Abaqus,2.02,0.8010894017
子图6：(f) 竖向分量,Abaqus,2.03,0.8029883012
子图6：(f) 竖向分量,Abaqus,2.04,0.804927524
子图6：(f) 竖向分量,Abaqus,2.05,0.8034722929
子图6：(f) 竖向分量,Abaqus,2.06,0.8020169957
子图6：(f) 竖向分量,Abaqus,2.07,0.8005616984
子图6：(f) 竖向分量,Abaqus,2.08,0.7991064012
子图6：(f) 竖向分量,Abaqus,2.09,0.8007873407
子图6：(f) 竖向分量,Abaqus,2.1,0.8024683412
子图6：(f) 竖向分量,Abaqus,2.11,0.8041493417
子图6：(f) 竖向分量,Abaqus,2.12,0.8059065494
子图6：(f) 竖向分量,Abaqus,2.13,0.8045984467
子图6：(f) 竖向分量,Abaqus,2.14,0.8032902828
子图6：(f) 竖向分量,Abaqus,2.15,0.8019821189
子图6：(f) 竖向分量,Abaqus,2.16,0.800673955
子图6：(f) 竖向分量,Abaqus,2.17,0.8021554457
子图6：(f) 竖向分量,Abaqus,2.18,0.8036369906
子图6：(f) 竖向分量,Abaqus,2.19,0.8051185355
子图6：(f) 竖向分量,Abaqus,2.2,0.8066000805
子图6：(f) 竖向分量,Abaqus,2.21,0.8054348023
子图6：(f) 竖向分量,Abaqus,2.22,0.8042947892
子图6：(f) 竖向分量,Abaqus,2.23,0.8031547761
子图6：(f) 竖向分量,Abaqus,2.24,0.8020147629
子图6：(f) 竖向分量,Abaqus,2.25,0.8032775406
子图6：(f) 竖向分量,Abaqus,2.26,0.8045403651
子图6：(f) 竖向分量,Abaqus,2.27,0.8058031895
子图6：(f) 竖向分量,Abaqus,2.28,0.807066014
子图6：(f) 竖向分量,Abaqus,2.29,0.8060046303
子图6：(f) 竖向分量,Abaqus,2.3,0.8050442204
子图6：(f) 竖向分量,Abaqus,2.31,0.8040838105
子图6：(f) 竖向分量,Abaqus,2.32,0.8031234006
子图6：(f) 竖向分量,Abaqus,2.33,0.804175029
子图6：(f) 竖向分量,Abaqus,2.34,0.8052266966
子图6：(f) 竖向分量,Abaqus,2.35,0.8062783641
子图6：(f) 竖向分量,Abaqus,2.36,0.8073300317
子图6：(f) 竖向分量,Abaqus,2.37,0.8064115477
子图6：(f) 竖向分量,Abaqus,2.38,0.8056045361
子图6：(f) 竖向分量,Abaqus,2.39,0.8048220606
子图6：(f) 竖向分量,Abaqus,2.4,0.8040395851
子图6：(f) 竖向分量,Abaqus,2.41,0.80490006
子图6：(f) 竖向分量,Abaqus,2.42,0.8057605669
子图6：(f) 竖向分量,Abaqus,2.43,0.8066210739
子图6：(f) 竖向分量,Abaqus,2.44,0.8074815808
子图6：(f) 竖向分量,Abaqus,2.45,0.8067277036
子图6：(f) 竖向分量,Abaqus,2.46,0.806041598
子图6：(f) 竖向分量,Abaqus,2.47,0.80542612
子图6：(f) 竖向分量,Abaqus,2.48,0.8048106421
子图6：(f) 竖向分量,Abaqus,2.49,0.8055052341
子图6：(f) 竖向分量,Abaqus,2.5,0.8061998516
子图6：(f) 竖向分量,Abaqus,2.51,0.806894469
子图6：(f) 竖向分量,Abaqus,2.52,0.8075890865
子图6：(f) 竖向分量,Abaqus,2.53,0.8069844244
子图6：(f) 竖向分量,Abaqus,2.54,0.8064126499
子图6：(f) 竖向分量,Abaqus,2.55,0.8059494545
子图6：(f) 竖向分量,Abaqus,2.56,0.8054862591
子图6：(f) 竖向分量,Abaqus,2.57,0.8060416285
子图6：(f) 竖向分量,Abaqus,2.58,0.8065970177
子图6：(f) 竖向分量,Abaqus,2.59,0.8071524069
子图6：(f) 竖向分量,Abaqus,2.6,0.8077077962
子图6：(f) 竖向分量,Abaqus,2.61,0.8072372022
子图6：(f) 竖向分量,Abaqus,2.62,0.8067699987
子图6：(f) 竖向分量,Abaqus,2.63,0.8064444314
子图6：(f) 竖向分量,Abaqus,2.64,0.8061188642
子图6：(f) 竖向分量,Abaqus,2.65,0.8065604637
子图6：(f) 竖向分量,Abaqus,2.66,0.8070020781
子图6：(f) 竖向分量,Abaqus,2.67,0.8074436925
子图6：(f) 竖向分量,Abaqus,2.68,0.807885274
子图6：(f) 竖向分量,Abaqus,2.69,0.8075354054
子图6：(f) 竖向分量,Abaqus,2.7,0.8071855368
子图6：(f) 竖向分量,Abaqus,2.71,0.8069613776
子图6：(f) 竖向分量,Abaqus,2.72,0.8067604237
子图6：(f) 竖向分量,Abaqus,2.73,0.8071108985
子图6：(f) 竖向分量,Abaqus,2.74,0.8074613734
子图6：(f) 竖向分量,Abaqus,2.75,0.8078118483
子图6：(f) 竖向分量,Abaqus,2.76,0.8081622986
子图6：(f) 竖向分量,Abaqus,2.77,0.8079217016
子图6：(f) 竖向分量,Abaqus,2.78,0.8076811047
子图6：(f) 竖向分量,Abaqus,2.79,0.8075457109
子图6：(f) 竖向分量,Abaqus,2.8,0.8074579998
子图6：(f) 竖向分量,Abaqus,2.81,0.8077368021
子图6：(f) 竖向分量,Abaqus,2.82,0.8080156045
子图6：(f) 竖向分量,Abaqus,2.83,0.8082944068
子图6：(f) 竖向分量,Abaqus,2.84,0.8085731917
子图6：(f) 竖向分量,Abaqus,2.85,0.809170674
子图6：(f) 竖向分量,Abaqus,2.86,0.8100915227
子图6：(f) 竖向分量,Abaqus,2.87,0.8110123714
子图6：(f) 竖向分量,Abaqus,2.88,0.8120586329
子图6：(f) 竖向分量,Abaqus,2.89,0.8126263896
子图6：(f) 竖向分量,Abaqus,2.9,0.8131941462
子图6：(f) 竖向分量,Abaqus,2.91,0.8137619029
子图6：(f) 竖向分量,Abaqus,2.92,0.8143296796
子图6：(f) 竖向分量,Abaqus,2.93,0.8153800829
子图6：(f) 竖向分量,Abaqus,2.94,0.8164304861
子图6：(f) 竖向分量,Abaqus,2.95,0.8175340331
子图6：(f) 竖向分量,Abaqus,2.96,0.8187700982
子图6：(f) 竖向分量,Abaqus,2.97,0.8191950142
子图6：(f) 竖向分量,Abaqus,2.98,0.8196199301
子图6：(f) 竖向分量,Abaqus,2.99,0.8200448461
子图6：(f) 竖向分量,Abaqus,3,0.8204697916
子图6：(f) 竖向分量,Abaqus,3.01,0.8216037501
子图6：(f) 竖向分量,Abaqus,3.02,0.8227377086
子图6：(f) 竖向分量,Abaqus,3.03,0.824027802
子图6：(f) 竖向分量,Abaqus,3.04,0.8253584867
子图6：(f) 竖向分量,Abaqus,3.05,0.8257052322
子图6：(f) 竖向分量,Abaqus,3.06,0.8260519776
子图6：(f) 竖向分量,Abaqus,3.07,0.826398723
子图6：(f) 竖向分量,Abaqus,3.08,0.8267455028
子图6：(f) 竖向分量,Abaqus,3.09,0.8279193119
子图6：(f) 竖向分量,Abaqus,3.1,0.829153165
子图6：(f) 竖向分量,Abaqus,3.11,0.830533132
子图6：(f) 竖向分量,Abaqus,3.12,0.8319130548
子图6：(f) 竖向分量,Abaqus,3.13,0.8322285998
子图6：(f) 竖向分量,Abaqus,3.14,0.8325441448
子图6：(f) 竖向分量,Abaqus,3.15,0.8328596898
子图6：(f) 竖向分量,Abaqus,3.16,0.8331752704
子图6：(f) 竖向分量,Abaqus,3.17,0.8343490726
子图6：(f) 竖向分量,Abaqus,3.18,0.8356968103
子图6：(f) 竖向分量,Abaqus,3.19,0.837084665
子图6：(f) 竖向分量,Abaqus,3.2,0.8384724751
子图6：(f) 竖向分量,Abaqus,3.21,0.8387865161
子图6：(f) 竖向分量,Abaqus,3.22,0.8391005571
子图6：(f) 竖向分量,Abaqus,3.23,0.839414598
子图6：(f) 竖向分量,Abaqus,3.24,0.8397286733
子图6：(f) 竖向分量,Abaqus,3.25,0.8409515693
子图6：(f) 竖向分量,Abaqus,3.26,0.842311237
子图6：(f) 竖向分量,Abaqus,3.27,0.8436709046
子图6：(f) 竖向分量,Abaqus,3.28,0.8450305293
子图6：(f) 竖向分量,Abaqus,3.29,0.8453577446
子图6：(f) 竖向分量,Abaqus,3.3,0.8456849599
子图6：(f) 竖向分量,Abaqus,3.31,0.8460121751
子图6：(f) 竖向分量,Abaqus,3.32,0.8463407315
子图6：(f) 竖向分量,Abaqus,3.33,0.847641709
子图6：(f) 竖向分量,Abaqus,3.34,0.8489426864
子图6：(f) 竖向分量,Abaqus,3.35,0.8502436639
子图6：(f) 竖向分量,Abaqus,3.36,0.8515446015
子图6：(f) 竖向分量,Abaqus,3.37,0.8518882846
子图6：(f) 竖向分量,Abaqus,3.38,0.8522319676
子图6：(f) 竖向分量,Abaqus,3.39,0.8525756507
子图6：(f) 竖向分量,Abaqus,3.4,0.8530788889
子图6：(f) 竖向分量,Abaqus,3.41,0.8542954142
子图6：(f) 竖向分量,Abaqus,3.42,0.8555119395
子图6：(f) 竖向分量,Abaqus,3.43,0.8567284649
子图6：(f) 竖向分量,Abaqus,3.44,0.8579449545
子图6：(f) 竖向分量,Abaqus,3.45,0.8583009648
子图6：(f) 竖向分量,Abaqus,3.46,0.8586569751
子图6：(f) 竖向分量,Abaqus,3.47,0.8591219033
子图6：(f) 竖向分量,Abaqus,3.48,0.8597048187
子图6：(f) 竖向分量,Abaqus,3.49,0.8608150751
子图6：(f) 竖向分量,Abaqus,3.5,0.8619253314
子图6：(f) 竖向分量,Abaqus,3.51,0.8630355877
子图6：(f) 竖向分量,Abaqus,3.52,0.8641458129
子图6：(f) 竖向分量,Abaqus,3.53,0.8645059387
子图6：(f) 竖向分量,Abaqus,3.54,0.86493464
子图6：(f) 竖向分量,Abaqus,3.55,0.865523646
子图6：(f) 竖向分量,Abaqus,3.56,0.8661126686
子图6：(f) 竖向分量,Abaqus,3.57,0.8670984017
子图6：(f) 竖向分量,Abaqus,3.58,0.8680841349
子图6：(f) 竖向分量,Abaqus,3.59,0.8690698681
子图6：(f) 竖向分量,Abaqus,3.6,0.870055575
子图6：(f) 竖向分量,Abaqus,3.61,0.8704447256
子图6：(f) 竖向分量,Abaqus,3.62,0.8710294876
子图6：(f) 竖向分量,Abaqus,3.63,0.8716142496
子图6：(f) 竖向分量,Abaqus,3.64,0.8721990225
子图6：(f) 竖向分量,Abaqus,3.65,0.8730459724
子图6：(f) 竖向分量,Abaqus,3.66,0.8738929223
子图6：(f) 竖向分量,Abaqus,3.67,0.8747398723
子图6：(f) 竖向分量,Abaqus,3.68,0.8755919763
子图6：(f) 竖向分量,Abaqus,3.69,0.8761606633
子图6：(f) 竖向分量,Abaqus,3.7,0.8767293502
子图6：(f) 竖向分量,Abaqus,3.71,0.8772980371
子图6：(f) 竖向分量,Abaqus,3.72,0.8778667295
子图6：(f) 竖向分量,Abaqus,3.73,0.878565597
子图6：(f) 竖向分量,Abaqus,3.74,0.8792644645
子图6：(f) 竖向分量,Abaqus,3.75,0.879963332
子图6：(f) 竖向分量,Abaqus,3.76,0.8808707546
子图6：(f) 竖向分量,Abaqus,3.77,0.8814101807
子图6：(f) 竖向分量,Abaqus,3.78,0.8819496069
子图6：(f) 竖向分量,Abaqus,3.79,0.8824890331
子图6：(f) 竖向分量,Abaqus,3.8,0.8830284596
子图6：(f) 竖向分量,Abaqus,3.81,0.8835756848
子图6：(f) 竖向分量,Abaqus,3.82,0.88412291
子图6：(f) 竖向分量,Abaqus,3.83,0.8848463987
子图6：(f) 竖向分量,Abaqus,3.84,0.8856272901
子图6：(f) 竖向分量,Abaqus,3.85,0.8861230146
子图6：(f) 竖向分量,Abaqus,3.86,0.8866187391
子图6：(f) 竖向分量,Abaqus,3.87,0.8871144636
子图6：(f) 竖向分量,Abaqus,3.88,0.8876101841
子图6：(f) 竖向分量,Abaqus,3.89,0.8880083726
子图6：(f) 竖向分量,Abaqus,3.9,0.8885449586
子图6：(f) 竖向分量,Abaqus,3.91,0.889176036
子图6：(f) 竖向分量,Abaqus,3.92,0.8898071054
子图6：(f) 竖向分量,Abaqus,3.93,0.8902439739
子图6：(f) 竖向分量,Abaqus,3.94,0.8906808425
子图6：(f) 竖向分量,Abaqus,3.95,0.891117711
子图6：(f) 竖向分量,Abaqus,3.96,0.891554572
子图6：(f) 竖向分量,Abaqus,3.97,0.8919043859
子图6：(f) 竖向分量,Abaqus,3.98,0.8923935491
子图6：(f) 竖向分量,Abaqus,3.99,0.8928827123
子图6：(f) 竖向分量,Abaqus,4,0.8933718702
子图6：(f) 竖向分量,SPECFEM2D,-4,0.8956544171
子图6：(f) 竖向分量,SPECFEM2D,-3.99,0.8851842082
子图6：(f) 竖向分量,SPECFEM2D,-3.98,0.8795422286
子图6：(f) 竖向分量,SPECFEM2D,-3.97,0.8670565492
子图6：(f) 竖向分量,SPECFEM2D,-3.96,0.8630465715
子图6：(f) 竖向分量,SPECFEM2D,-3.95,0.8454076232
子图6：(f) 竖向分量,SPECFEM2D,-3.94,0.8239199688
子图6：(f) 竖向分量,SPECFEM2D,-3.93,0.7996345744
子图6：(f) 竖向分量,SPECFEM2D,-3.92,0.7790305843
子图6：(f) 竖向分量,SPECFEM2D,-3.91,0.7572780738
子图6：(f) 竖向分量,SPECFEM2D,-3.9,0.7366901006
子图6：(f) 竖向分量,SPECFEM2D,-3.89,0.7139806649
子图6：(f) 竖向分量,SPECFEM2D,-3.88,0.6860599942
子图6：(f) 竖向分量,SPECFEM2D,-3.87,0.6560569891
子图6：(f) 竖向分量,SPECFEM2D,-3.86,0.6319486094
子图6：(f) 竖向分量,SPECFEM2D,-3.85,0.6098261122
子图6：(f) 竖向分量,SPECFEM2D,-3.84,0.5822633476
子图6：(f) 竖向分量,SPECFEM2D,-3.83,0.5557255035
子图6：(f) 竖向分量,SPECFEM2D,-3.82,0.5302908503
子图6：(f) 竖向分量,SPECFEM2D,-3.81,0.5097802689
子图6：(f) 竖向分量,SPECFEM2D,-3.8,0.4897995881
子图6：(f) 竖向分量,SPECFEM2D,-3.79,0.4711890024
子图6：(f) 竖向分量,SPECFEM2D,-3.78,0.4691773479
子图6：(f) 竖向分量,SPECFEM2D,-3.77,0.4621500544
子图6：(f) 竖向分量,SPECFEM2D,-3.76,0.4705794682
子图6：(f) 竖向分量,SPECFEM2D,-3.75,0.4824702233
子图6：(f) 竖向分量,SPECFEM2D,-3.74,0.5161185
子图6：(f) 竖向分量,SPECFEM2D,-3.73,0.5412424491
子图6：(f) 竖向分量,SPECFEM2D,-3.72,0.5792331317
子图6：(f) 竖向分量,SPECFEM2D,-3.71,0.6132647959
子图6：(f) 竖向分量,SPECFEM2D,-3.7,0.653079415
子图6：(f) 竖向分量,SPECFEM2D,-3.69,0.6907437044
子图6：(f) 竖向分量,SPECFEM2D,-3.68,0.7362688249
子图6：(f) 竖向分量,SPECFEM2D,-3.67,0.7837372204
子图6：(f) 竖向分量,SPECFEM2D,-3.66,0.8180442322
子图6：(f) 竖向分量,SPECFEM2D,-3.65,0.8539329271
子图6：(f) 竖向分量,SPECFEM2D,-3.64,0.8888568426
子图6：(f) 竖向分量,SPECFEM2D,-3.63,0.9228832375
子图6：(f) 竖向分量,SPECFEM2D,-3.62,0.95387961
子图6：(f) 竖向分量,SPECFEM2D,-3.61,0.98174978
子图6：(f) 竖向分量,SPECFEM2D,-3.6,1.00704167
子图6：(f) 竖向分量,SPECFEM2D,-3.59,1.039732065
子图6：(f) 竖向分量,SPECFEM2D,-3.58,1.049399827
子图6：(f) 竖向分量,SPECFEM2D,-3.57,1.07125578
子图6：(f) 竖向分量,SPECFEM2D,-3.56,1.079403024
子图6：(f) 竖向分量,SPECFEM2D,-3.55,1.090821216
子图6：(f) 竖向分量,SPECFEM2D,-3.54,1.096921154
子图6：(f) 竖向分量,SPECFEM2D,-3.53,1.096883197
子图6：(f) 竖向分量,SPECFEM2D,-3.52,1.095621297
子图6：(f) 竖向分量,SPECFEM2D,-3.51,1.095252009
子图6：(f) 竖向分量,SPECFEM2D,-3.5,1.082851391
子图6：(f) 竖向分量,SPECFEM2D,-3.49,1.077656319
子图6：(f) 竖向分量,SPECFEM2D,-3.48,1.060537655
子图6：(f) 竖向分量,SPECFEM2D,-3.47,1.042731942
子图6：(f) 竖向分量,SPECFEM2D,-3.46,1.021399217
子图6：(f) 竖向分量,SPECFEM2D,-3.45,0.9963487197
子图6：(f) 竖向分量,SPECFEM2D,-3.44,0.973977573
子图6：(f) 竖向分量,SPECFEM2D,-3.43,0.9433929124
子图6：(f) 竖向分量,SPECFEM2D,-3.42,0.9234000676
子图6：(f) 竖向分量,SPECFEM2D,-3.41,0.8925522864
子图6：(f) 竖向分量,SPECFEM2D,-3.4,0.8526166356
子图6：(f) 竖向分量,SPECFEM2D,-3.39,0.8130543629
子图6：(f) 竖向分量,SPECFEM2D,-3.38,0.7778203256
子图6：(f) 竖向分量,SPECFEM2D,-3.37,0.7452944212
子图6：(f) 竖向分量,SPECFEM2D,-3.36,0.7060116163
子图6：(f) 竖向分量,SPECFEM2D,-3.35,0.6739001707
子图6：(f) 竖向分量,SPECFEM2D,-3.34,0.6441420744
子图6：(f) 竖向分量,SPECFEM2D,-3.33,0.6198791925
子图6：(f) 竖向分量,SPECFEM2D,-3.32,0.5951949917
子图6：(f) 竖向分量,SPECFEM2D,-3.31,0.5752555589
子图6：(f) 竖向分量,SPECFEM2D,-3.3,0.5692690206
子图6：(f) 竖向分量,SPECFEM2D,-3.29,0.5650453715
子图6：(f) 竖向分量,SPECFEM2D,-3.28,0.5637819985
子图6：(f) 竖向分量,SPECFEM2D,-3.27,0.5580758106
子图6：(f) 竖向分量,SPECFEM2D,-3.26,0.5738184465
子图6：(f) 竖向分量,SPECFEM2D,-3.25,0.5885630468
子图6：(f) 竖向分量,SPECFEM2D,-3.24,0.6016840727
子图6：(f) 竖向分量,SPECFEM2D,-3.23,0.6148250092
子图6：(f) 竖向分量,SPECFEM2D,-3.22,0.6394977473
子图6：(f) 竖向分量,SPECFEM2D,-3.21,0.656531357
子图6：(f) 竖向分量,SPECFEM2D,-3.2,0.6730743519
子图6：(f) 竖向分量,SPECFEM2D,-3.19,0.6946637674
子图6：(f) 竖向分量,SPECFEM2D,-3.18,0.712125908
子图6：(f) 竖向分量,SPECFEM2D,-3.17,0.7358201044
子图6：(f) 竖向分量,SPECFEM2D,-3.16,0.7602584607
子图6：(f) 竖向分量,SPECFEM2D,-3.15,0.7880433641
子图6：(f) 竖向分量,SPECFEM2D,-3.14,0.7994834435
子图6：(f) 竖向分量,SPECFEM2D,-3.13,0.8208173564
子图6：(f) 竖向分量,SPECFEM2D,-3.12,0.8351107416
子图6：(f) 竖向分量,SPECFEM2D,-3.11,0.8535121762
子图6：(f) 竖向分量,SPECFEM2D,-3.1,0.8708887521
子图6：(f) 竖向分量,SPECFEM2D,-3.09,0.8802896872
子图6：(f) 竖向分量,SPECFEM2D,-3.08,0.9032474997
子图6：(f) 竖向分量,SPECFEM2D,-3.07,0.9050881575
子图6：(f) 竖向分量,SPECFEM2D,-3.06,0.9251527689
子图6：(f) 竖向分量,SPECFEM2D,-3.05,0.9289299494
子图6：(f) 竖向分量,SPECFEM2D,-3.04,0.9454373497
子图6：(f) 竖向分量,SPECFEM2D,-3.03,0.9575790352
子图6：(f) 竖向分量,SPECFEM2D,-3.02,0.9665032803
子图6：(f) 竖向分量,SPECFEM2D,-3.01,0.9785297833
子图6：(f) 竖向分量,SPECFEM2D,-3,0.981269811
子图6：(f) 竖向分量,SPECFEM2D,-2.99,0.9948749589
子图6：(f) 竖向分量,SPECFEM2D,-2.98,1.000910165
子图6：(f) 竖向分量,SPECFEM2D,-2.97,1.000988437
子图6：(f) 竖向分量,SPECFEM2D,-2.96,1.005473493
子图6：(f) 竖向分量,SPECFEM2D,-2.95,1.010711816
子图6：(f) 竖向分量,SPECFEM2D,-2.94,1.019570782
子图6：(f) 竖向分量,SPECFEM2D,-2.93,1.033204219
子图6：(f) 竖向分量,SPECFEM2D,-2.92,1.035246111
子图6：(f) 竖向分量,SPECFEM2D,-2.91,1.036993616
子图6：(f) 竖向分量,SPECFEM2D,-2.9,1.036613736
子图6：(f) 竖向分量,SPECFEM2D,-2.89,1.038742297
子图6：(f) 竖向分量,SPECFEM2D,-2.88,1.037371642
子图6：(f) 竖向分量,SPECFEM2D,-2.87,1.03987776
子图6：(f) 竖向分量,SPECFEM2D,-2.86,1.047206337
子图6：(f) 竖向分量,SPECFEM2D,-2.85,1.045194441
子图6：(f) 竖向分量,SPECFEM2D,-2.84,1.049901036
子图6：(f) 竖向分量,SPECFEM2D,-2.83,1.04733026
子图6：(f) 竖向分量,SPECFEM2D,-2.82,1.042290381
子图6：(f) 竖向分量,SPECFEM2D,-2.81,1.040776029
子图6：(f) 竖向分量,SPECFEM2D,-2.8,1.041505312
子图6：(f) 竖向分量,SPECFEM2D,-2.79,1.040029037
子图6：(f) 竖向分量,SPECFEM2D,-2.78,1.032981159
子图6：(f) 竖向分量,SPECFEM2D,-2.77,1.028099814
子图6：(f) 竖向分量,SPECFEM2D,-2.76,1.025791003
子图6：(f) 竖向分量,SPECFEM2D,-2.75,1.020615648
子图6：(f) 竖向分量,SPECFEM2D,-2.74,1.012883626
子图6：(f) 竖向分量,SPECFEM2D,-2.73,1.008464458
子图6：(f) 竖向分量,SPECFEM2D,-2.72,1.002141765
子图6：(f) 竖向分量,SPECFEM2D,-2.71,0.9923486478
子图6：(f) 竖向分量,SPECFEM2D,-2.7,0.990733425
子图6：(f) 竖向分量,SPECFEM2D,-2.69,1.003909509
子图6：(f) 竖向分量,SPECFEM2D,-2.68,0.9822900493
子图6：(f) 竖向分量,SPECFEM2D,-2.67,0.9739584981
子图6：(f) 竖向分量,SPECFEM2D,-2.66,0.9762598504
子图6：(f) 竖向分量,SPECFEM2D,-2.65,0.9749292069
子图6：(f) 竖向分量,SPECFEM2D,-2.64,0.9590420056
子图6：(f) 竖向分量,SPECFEM2D,-2.63,0.9481300584
子图6：(f) 竖向分量,SPECFEM2D,-2.62,0.9469665496
子图6：(f) 竖向分量,SPECFEM2D,-2.61,0.9429424065
子图6：(f) 竖向分量,SPECFEM2D,-2.6,0.9385824695
子图6：(f) 竖向分量,SPECFEM2D,-2.59,0.945677704
子图6：(f) 竖向分量,SPECFEM2D,-2.58,0.9412783313
子图6：(f) 竖向分量,SPECFEM2D,-2.57,0.9278618511
子图6：(f) 竖向分量,SPECFEM2D,-2.56,0.9325636419
子图6：(f) 竖向分量,SPECFEM2D,-2.55,0.9410857246
子图6：(f) 竖向分量,SPECFEM2D,-2.54,0.9485139917
子图6：(f) 竖向分量,SPECFEM2D,-2.53,0.9346708792
子图6：(f) 竖向分量,SPECFEM2D,-2.52,0.9275680243
子图6：(f) 竖向分量,SPECFEM2D,-2.51,0.9288689243
子图6：(f) 竖向分量,SPECFEM2D,-2.5,0.9336771647
子图6：(f) 竖向分量,SPECFEM2D,-2.49,0.937019307
子图6：(f) 竖向分量,SPECFEM2D,-2.48,0.947215819
子图6：(f) 竖向分量,SPECFEM2D,-2.47,0.9650416375
子图6：(f) 竖向分量,SPECFEM2D,-2.46,0.9629247836
子图6：(f) 竖向分量,SPECFEM2D,-2.45,0.966723818
子图6：(f) 竖向分量,SPECFEM2D,-2.44,0.9814925073
子图6：(f) 竖向分量,SPECFEM2D,-2.43,1.002008655
子图6：(f) 竖向分量,SPECFEM2D,-2.42,1.004816585
子图6：(f) 竖向分量,SPECFEM2D,-2.41,1.011720264
子图6：(f) 竖向分量,SPECFEM2D,-2.4,1.01720159
子图6：(f) 竖向分量,SPECFEM2D,-2.39,1.026412597
子图6：(f) 竖向分量,SPECFEM2D,-2.38,1.02928185
子图6：(f) 竖向分量,SPECFEM2D,-2.37,1.040178694
子图6：(f) 竖向分量,SPECFEM2D,-2.36,1.054840265
子图6：(f) 竖向分量,SPECFEM2D,-2.35,1.066792985
子图6：(f) 竖向分量,SPECFEM2D,-2.34,1.084927517
子图6：(f) 竖向分量,SPECFEM2D,-2.33,1.092385526
子图6：(f) 竖向分量,SPECFEM2D,-2.32,1.09403573
子图6：(f) 竖向分量,SPECFEM2D,-2.31,1.106362725
子图6：(f) 竖向分量,SPECFEM2D,-2.3,1.11576598
子图6：(f) 竖向分量,SPECFEM2D,-2.29,1.121580661
子图6：(f) 竖向分量,SPECFEM2D,-2.28,1.121927712
子图6：(f) 竖向分量,SPECFEM2D,-2.27,1.1271203
子图6：(f) 竖向分量,SPECFEM2D,-2.26,1.134082876
子图6：(f) 竖向分量,SPECFEM2D,-2.25,1.138628278
子图6：(f) 竖向分量,SPECFEM2D,-2.24,1.147425158
子图6：(f) 竖向分量,SPECFEM2D,-2.23,1.141546573
子图6：(f) 竖向分量,SPECFEM2D,-2.22,1.150635128
子图6：(f) 竖向分量,SPECFEM2D,-2.21,1.149934291
子图6：(f) 竖向分量,SPECFEM2D,-2.2,1.141302149
子图6：(f) 竖向分量,SPECFEM2D,-2.19,1.134220061
子图6：(f) 竖向分量,SPECFEM2D,-2.18,1.132004637
子图6：(f) 竖向分量,SPECFEM2D,-2.17,1.131784675
子图6：(f) 竖向分量,SPECFEM2D,-2.16,1.113898065
子图6：(f) 竖向分量,SPECFEM2D,-2.15,1.114928335
子图6：(f) 竖向分量,SPECFEM2D,-2.14,1.102584379
子图6：(f) 竖向分量,SPECFEM2D,-2.13,1.093343879
子图6：(f) 竖向分量,SPECFEM2D,-2.12,1.077865442
子图6：(f) 竖向分量,SPECFEM2D,-2.11,1.064637978
子图6：(f) 竖向分量,SPECFEM2D,-2.1,1.046359227
子图6：(f) 竖向分量,SPECFEM2D,-2.09,1.031123803
子图6：(f) 竖向分量,SPECFEM2D,-2.08,1.013093651
子图6：(f) 竖向分量,SPECFEM2D,-2.07,0.9927492537
子图6：(f) 竖向分量,SPECFEM2D,-2.06,0.9749506287
子图6：(f) 竖向分量,SPECFEM2D,-2.05,0.9564640084
子图6：(f) 竖向分量,SPECFEM2D,-2.04,0.9346078132
子图6：(f) 竖向分量,SPECFEM2D,-2.03,0.9139391852
子图6：(f) 竖向分量,SPECFEM2D,-2.02,0.9004341081
子图6：(f) 竖向分量,SPECFEM2D,-2.01,0.8782767223
子图6：(f) 竖向分量,SPECFEM2D,-2,0.8506219624
子图6：(f) 竖向分量,SPECFEM2D,-1.99,0.8301313107
子图6：(f) 竖向分量,SPECFEM2D,-1.98,0.8176066091
子图6：(f) 竖向分量,SPECFEM2D,-1.97,0.7948263521
子图6：(f) 竖向分量,SPECFEM2D,-1.96,0.7794091193
子图6：(f) 竖向分量,SPECFEM2D,-1.95,0.75409045
子图6：(f) 竖向分量,SPECFEM2D,-1.94,0.7537660139
子图6：(f) 竖向分量,SPECFEM2D,-1.93,0.7415942307
子图6：(f) 竖向分量,SPECFEM2D,-1.92,0.7236890067
子图6：(f) 竖向分量,SPECFEM2D,-1.91,0.7162995843
子图6：(f) 竖向分量,SPECFEM2D,-1.9,0.712296146
子图6：(f) 竖向分量,SPECFEM2D,-1.89,0.7098839498
子图6：(f) 竖向分量,SPECFEM2D,-1.88,0.7143132624
子图6：(f) 竖向分量,SPECFEM2D,-1.87,0.7286965085
子图6：(f) 竖向分量,SPECFEM2D,-1.86,0.7335315651
子图6：(f) 竖向分量,SPECFEM2D,-1.85,0.7439434451
子图6：(f) 竖向分量,SPECFEM2D,-1.84,0.7616379465
子图6：(f) 竖向分量,SPECFEM2D,-1.83,0.7817663399
子图6：(f) 竖向分量,SPECFEM2D,-1.82,0.8072229625
子图6：(f) 竖向分量,SPECFEM2D,-1.81,0.8382814991
子图6：(f) 竖向分量,SPECFEM2D,-1.8,0.8652102148
子图6：(f) 竖向分量,SPECFEM2D,-1.79,0.9036282673
子图6：(f) 竖向分量,SPECFEM2D,-1.78,0.9385014187
子图6：(f) 竖向分量,SPECFEM2D,-1.77,0.9732075209
子图6：(f) 竖向分量,SPECFEM2D,-1.76,1.000348949
子图6：(f) 竖向分量,SPECFEM2D,-1.75,1.0377962
子图6：(f) 竖向分量,SPECFEM2D,-1.74,1.071471608
子图6：(f) 竖向分量,SPECFEM2D,-1.73,1.112118232
子图6：(f) 竖向分量,SPECFEM2D,-1.72,1.149511543
子图6：(f) 竖向分量,SPECFEM2D,-1.71,1.18756772
子图6：(f) 竖向分量,SPECFEM2D,-1.7,1.226175961
子图6：(f) 竖向分量,SPECFEM2D,-1.69,1.265431341
子图6：(f) 竖向分量,SPECFEM2D,-1.68,1.298758289
子图6：(f) 竖向分量,SPECFEM2D,-1.67,1.338697916
子图6：(f) 竖向分量,SPECFEM2D,-1.66,1.372566271
子图6：(f) 竖向分量,SPECFEM2D,-1.65,1.401443318
子图6：(f) 竖向分量,SPECFEM2D,-1.64,1.442009859
子图6：(f) 竖向分量,SPECFEM2D,-1.63,1.466834937
子图6：(f) 竖向分量,SPECFEM2D,-1.62,1.503005292
子图6：(f) 竖向分量,SPECFEM2D,-1.61,1.529050298
子图6：(f) 竖向分量,SPECFEM2D,-1.6,1.563536034
子图6：(f) 竖向分量,SPECFEM2D,-1.59,1.593527867
子图6：(f) 竖向分量,SPECFEM2D,-1.58,1.624255878
子图6：(f) 竖向分量,SPECFEM2D,-1.57,1.644071539
子图6：(f) 竖向分量,SPECFEM2D,-1.56,1.666894784
子图6：(f) 竖向分量,SPECFEM2D,-1.55,1.692710654
子图6：(f) 竖向分量,SPECFEM2D,-1.54,1.712407763
子图6：(f) 竖向分量,SPECFEM2D,-1.53,1.733694326
子图6：(f) 竖向分量,SPECFEM2D,-1.52,1.753695383
子图6：(f) 竖向分量,SPECFEM2D,-1.51,1.781180008
子图6：(f) 竖向分量,SPECFEM2D,-1.5,1.797450962
子图6：(f) 竖向分量,SPECFEM2D,-1.49,1.807563032
子图6：(f) 竖向分量,SPECFEM2D,-1.48,1.819262678
子图6：(f) 竖向分量,SPECFEM2D,-1.47,1.835169805
子图6：(f) 竖向分量,SPECFEM2D,-1.46,1.84627825
子图6：(f) 竖向分量,SPECFEM2D,-1.45,1.861640134
子图6：(f) 竖向分量,SPECFEM2D,-1.44,1.875541869
子图6：(f) 竖向分量,SPECFEM2D,-1.43,1.888549178
子图6：(f) 竖向分量,SPECFEM2D,-1.42,1.880365937
子图6：(f) 竖向分量,SPECFEM2D,-1.41,1.89253495
子图6：(f) 竖向分量,SPECFEM2D,-1.4,1.893505163
子图6：(f) 竖向分量,SPECFEM2D,-1.39,1.90377544
子图6：(f) 竖向分量,SPECFEM2D,-1.38,1.911673788
子图6：(f) 竖向分量,SPECFEM2D,-1.37,1.913938123
子图6：(f) 竖向分量,SPECFEM2D,-1.36,1.897006045
子图6：(f) 竖向分量,SPECFEM2D,-1.35,1.907656584
子图6：(f) 竖向分量,SPECFEM2D,-1.34,1.88229442
子图6：(f) 竖向分量,SPECFEM2D,-1.33,1.8934787
子图6：(f) 竖向分量,SPECFEM2D,-1.32,1.888540231
子图6：(f) 竖向分量,SPECFEM2D,-1.31,1.87603803
子图6：(f) 竖向分量,SPECFEM2D,-1.3,1.869937373
子图6：(f) 竖向分量,SPECFEM2D,-1.29,1.864275646
子图6：(f) 竖向分量,SPECFEM2D,-1.28,1.851823263
子图6：(f) 竖向分量,SPECFEM2D,-1.27,1.837895248
子图6：(f) 竖向分量,SPECFEM2D,-1.26,1.829580075
子图6：(f) 竖向分量,SPECFEM2D,-1.25,1.823044368
子图6：(f) 竖向分量,SPECFEM2D,-1.24,1.809097793
子图6：(f) 竖向分量,SPECFEM2D,-1.23,1.801070633
子图6：(f) 竖向分量,SPECFEM2D,-1.22,1.795914894
子图6：(f) 竖向分量,SPECFEM2D,-1.21,1.77796637
子图6：(f) 竖向分量,SPECFEM2D,-1.2,1.781371371
子图6：(f) 竖向分量,SPECFEM2D,-1.19,1.760072436
子图6：(f) 竖向分量,SPECFEM2D,-1.18,1.754993249
子图6：(f) 竖向分量,SPECFEM2D,-1.17,1.739863622
子图6：(f) 竖向分量,SPECFEM2D,-1.16,1.724248102
子图6：(f) 竖向分量,SPECFEM2D,-1.15,1.720666262
子图6：(f) 竖向分量,SPECFEM2D,-1.14,1.714212613
子图6：(f) 竖向分量,SPECFEM2D,-1.13,1.703333322
子图6：(f) 竖向分量,SPECFEM2D,-1.12,1.694251922
子图6：(f) 竖向分量,SPECFEM2D,-1.11,1.673681556
子图6：(f) 竖向分量,SPECFEM2D,-1.1,1.673218214
子图6：(f) 竖向分量,SPECFEM2D,-1.09,1.662214983
子图6：(f) 竖向分量,SPECFEM2D,-1.08,1.658656717
子图6：(f) 竖向分量,SPECFEM2D,-1.07,1.650998133
子图6：(f) 竖向分量,SPECFEM2D,-1.06,1.643682728
子图6：(f) 竖向分量,SPECFEM2D,-1.05,1.638788587
子图6：(f) 竖向分量,SPECFEM2D,-1.04,1.649597019
子图6：(f) 竖向分量,SPECFEM2D,-1.03,1.642660393
子图6：(f) 竖向分量,SPECFEM2D,-1.02,1.647183187
子图6：(f) 竖向分量,SPECFEM2D,-1.01,1.656168014
子图6：(f) 竖向分量,SPECFEM2D,-1,1.661377835
子图6：(f) 竖向分量,SPECFEM2D,-0.99,1.676716389
子图6：(f) 竖向分量,SPECFEM2D,-0.98,1.684037358
子图6：(f) 竖向分量,SPECFEM2D,-0.97,1.723616503
子图6：(f) 竖向分量,SPECFEM2D,-0.96,1.710993735
子图6：(f) 竖向分量,SPECFEM2D,-0.95,1.719835118
子图6：(f) 竖向分量,SPECFEM2D,-0.94,1.734792389
子图6：(f) 竖向分量,SPECFEM2D,-0.93,1.743236413
子图6：(f) 竖向分量,SPECFEM2D,-0.92,1.766931394
子图6：(f) 竖向分量,SPECFEM2D,-0.91,1.768976826
子图6：(f) 竖向分量,SPECFEM2D,-0.9,1.801046264
子图6：(f) 竖向分量,SPECFEM2D,-0.89,1.819417693
子图6：(f) 竖向分量,SPECFEM2D,-0.88,1.834863579
子图6：(f) 竖向分量,SPECFEM2D,-0.87,1.847886178
子图6：(f) 竖向分量,SPECFEM2D,-0.86,1.877461806
子图6：(f) 竖向分量,SPECFEM2D,-0.85,1.912028533
子图6：(f) 竖向分量,SPECFEM2D,-0.84,1.932403692
子图6：(f) 竖向分量,SPECFEM2D,-0.83,1.964669059
子图6：(f) 竖向分量,SPECFEM2D,-0.82,1.992384419
子图6：(f) 竖向分量,SPECFEM2D,-0.81,2.01445141
子图6：(f) 竖向分量,SPECFEM2D,-0.8,2.03555085
子图6：(f) 竖向分量,SPECFEM2D,-0.79,2.049810074
子图6：(f) 竖向分量,SPECFEM2D,-0.78,2.077851737
子图6：(f) 竖向分量,SPECFEM2D,-0.77,2.097584627
子图6：(f) 竖向分量,SPECFEM2D,-0.76,2.115486096
子图6：(f) 竖向分量,SPECFEM2D,-0.75,2.149499747
子图6：(f) 竖向分量,SPECFEM2D,-0.74,2.168654689
子图6：(f) 竖向分量,SPECFEM2D,-0.73,2.184244122
子图6：(f) 竖向分量,SPECFEM2D,-0.72,2.212739925
子图6：(f) 竖向分量,SPECFEM2D,-0.71,2.23480002
子图6：(f) 竖向分量,SPECFEM2D,-0.7,2.233598241
子图6：(f) 竖向分量,SPECFEM2D,-0.69,2.258056514
子图6：(f) 竖向分量,SPECFEM2D,-0.68,2.276163639
子图6：(f) 竖向分量,SPECFEM2D,-0.67,2.280832258
子图6：(f) 竖向分量,SPECFEM2D,-0.66,2.296232246
子图6：(f) 竖向分量,SPECFEM2D,-0.65,2.299034423
子图6：(f) 竖向分量,SPECFEM2D,-0.64,2.31919762
子图6：(f) 竖向分量,SPECFEM2D,-0.63,2.329149676
子图6：(f) 竖向分量,SPECFEM2D,-0.62,2.337883345
子图6：(f) 竖向分量,SPECFEM2D,-0.61,2.334388948
子图6：(f) 竖向分量,SPECFEM2D,-0.6,2.365929527
子图6：(f) 竖向分量,SPECFEM2D,-0.59,2.325871761
子图6：(f) 竖向分量,SPECFEM2D,-0.58,2.331247596
子图6：(f) 竖向分量,SPECFEM2D,-0.57,2.34291508
子图6：(f) 竖向分量,SPECFEM2D,-0.56,2.335224018
子图6：(f) 竖向分量,SPECFEM2D,-0.55,2.326566294
子图6：(f) 竖向分量,SPECFEM2D,-0.54,2.310651913
子图6：(f) 竖向分量,SPECFEM2D,-0.53,2.309401154
子图6：(f) 竖向分量,SPECFEM2D,-0.52,2.290302182
子图6：(f) 竖向分量,SPECFEM2D,-0.51,2.288172608
子图6：(f) 竖向分量,SPECFEM2D,-0.5,2.281269561
子图6：(f) 竖向分量,SPECFEM2D,-0.49,2.250195487
子图6：(f) 竖向分量,SPECFEM2D,-0.48,2.238943422
子图6：(f) 竖向分量,SPECFEM2D,-0.47,2.229934242
子图6：(f) 竖向分量,SPECFEM2D,-0.46,2.174134301
子图6：(f) 竖向分量,SPECFEM2D,-0.45,2.181687411
子图6：(f) 竖向分量,SPECFEM2D,-0.44,2.111452944
子图6：(f) 竖向分量,SPECFEM2D,-0.43,2.082598751
子图6：(f) 竖向分量,SPECFEM2D,-0.42,2.055353495
子图6：(f) 竖向分量,SPECFEM2D,-0.41,2.01773514
子图6：(f) 竖向分量,SPECFEM2D,-0.4,1.976614247
子图6：(f) 竖向分量,SPECFEM2D,-0.39,1.94634511
子图6：(f) 竖向分量,SPECFEM2D,-0.38,1.897712372
子图6：(f) 竖向分量,SPECFEM2D,-0.37,1.844849149
子图6：(f) 竖向分量,SPECFEM2D,-0.36,1.817012259
子图6：(f) 竖向分量,SPECFEM2D,-0.35,1.761453321
子图6：(f) 竖向分量,SPECFEM2D,-0.34,1.711171085
子图6：(f) 竖向分量,SPECFEM2D,-0.33,1.656634078
子图6：(f) 竖向分量,SPECFEM2D,-0.32,1.61894422
子图6：(f) 竖向分量,SPECFEM2D,-0.31,1.56538437
子图6：(f) 竖向分量,SPECFEM2D,-0.3,1.539492048
子图6：(f) 竖向分量,SPECFEM2D,-0.29,1.456686863
子图6：(f) 竖向分量,SPECFEM2D,-0.28,1.416122949
子图6：(f) 竖向分量,SPECFEM2D,-0.27,1.35921252
子图6：(f) 竖向分量,SPECFEM2D,-0.26,1.304632844
子图6：(f) 竖向分量,SPECFEM2D,-0.25,1.240768495
子图6：(f) 竖向分量,SPECFEM2D,-0.24,1.185912569
子图6：(f) 竖向分量,SPECFEM2D,-0.23,1.142090474
子图6：(f) 竖向分量,SPECFEM2D,-0.22,1.074157966
子图6：(f) 竖向分量,SPECFEM2D,-0.21,1.021407246
子图6：(f) 竖向分量,SPECFEM2D,-0.2,0.9474814662
子图6：(f) 竖向分量,SPECFEM2D,-0.19,0.8994734589
子图6：(f) 竖向分量,SPECFEM2D,-0.18,0.8442862348
子图6：(f) 竖向分量,SPECFEM2D,-0.17,0.7891417424
子图6：(f) 竖向分量,SPECFEM2D,-0.16,0.7572820145
子图6：(f) 竖向分量,SPECFEM2D,-0.15,0.725108582
子图6：(f) 竖向分量,SPECFEM2D,-0.14,0.6774113703
子图6：(f) 竖向分量,SPECFEM2D,-0.13,0.6736385572
子图6：(f) 竖向分量,SPECFEM2D,-0.12,0.6725618542
子图6：(f) 竖向分量,SPECFEM2D,-0.11,0.6774436991
子图6：(f) 竖向分量,SPECFEM2D,-0.1,0.6922512832
子图6：(f) 竖向分量,SPECFEM2D,-0.09,0.718763701
子图6：(f) 竖向分量,SPECFEM2D,-0.08,0.7654341536
子图6：(f) 竖向分量,SPECFEM2D,-0.07,0.8199123406
子图6：(f) 竖向分量,SPECFEM2D,-0.06,0.8709532856
子图6：(f) 竖向分量,SPECFEM2D,-0.05,0.9368415614
子图6：(f) 竖向分量,SPECFEM2D,-0.04,1.000380943
子图6：(f) 竖向分量,SPECFEM2D,-0.03,1.06923095
子图6：(f) 竖向分量,SPECFEM2D,-0.02,1.142554591
子图6：(f) 竖向分量,SPECFEM2D,-0.01,1.20494811
子图6：(f) 竖向分量,SPECFEM2D,0,1.330319616
子图6：(f) 竖向分量,SPECFEM2D,0.01,1.348421538
子图6：(f) 竖向分量,SPECFEM2D,0.02,1.379472648
子图6：(f) 竖向分量,SPECFEM2D,0.03,1.4127317
子图6：(f) 竖向分量,SPECFEM2D,0.04,1.436948216
子图6：(f) 竖向分量,SPECFEM2D,0.05,1.460322731
子图6：(f) 竖向分量,SPECFEM2D,0.06,1.490337189
子图6：(f) 竖向分量,SPECFEM2D,0.07,1.512723603
子图6：(f) 竖向分量,SPECFEM2D,0.08,1.536571303
子图6：(f) 竖向分量,SPECFEM2D,0.09,1.560083373
子图6：(f) 竖向分量,SPECFEM2D,0.1,1.580938725
子图6：(f) 竖向分量,SPECFEM2D,0.11,1.616300421
子图6：(f) 竖向分量,SPECFEM2D,0.12,1.636252905
子图6：(f) 竖向分量,SPECFEM2D,0.13,1.662894529
子图6：(f) 竖向分量,SPECFEM2D,0.14,1.658519595
子图6：(f) 竖向分量,SPECFEM2D,0.15,1.672035235
子图6：(f) 竖向分量,SPECFEM2D,0.16,1.661548008
子图6：(f) 竖向分量,SPECFEM2D,0.17,1.696009491
子图6：(f) 竖向分量,SPECFEM2D,0.18,1.706597429
子图6：(f) 竖向分量,SPECFEM2D,0.19,1.747836151
子图6：(f) 竖向分量,SPECFEM2D,0.2,1.713718584
子图6：(f) 竖向分量,SPECFEM2D,0.21,1.714402682
子图6：(f) 竖向分量,SPECFEM2D,0.22,1.686651591
子图6：(f) 竖向分量,SPECFEM2D,0.23,1.679744939
子图6：(f) 竖向分量,SPECFEM2D,0.24,1.709960592
子图6：(f) 竖向分量,SPECFEM2D,0.25,1.696653064
子图6：(f) 竖向分量,SPECFEM2D,0.26,1.676419591
子图6：(f) 竖向分量,SPECFEM2D,0.27,1.65220072
子图6：(f) 竖向分量,SPECFEM2D,0.28,1.628612458
子图6：(f) 竖向分量,SPECFEM2D,0.29,1.605285358
子图6：(f) 竖向分量,SPECFEM2D,0.3,1.600169664
子图6：(f) 竖向分量,SPECFEM2D,0.31,1.597915319
子图6：(f) 竖向分量,SPECFEM2D,0.32,1.544819376
子图6：(f) 竖向分量,SPECFEM2D,0.33,1.530498934
子图6：(f) 竖向分量,SPECFEM2D,0.34,1.507608733
子图6：(f) 竖向分量,SPECFEM2D,0.35,1.499817024
子图6：(f) 竖向分量,SPECFEM2D,0.36,1.544469142
子图6：(f) 竖向分量,SPECFEM2D,0.37,1.503418262
子图6：(f) 竖向分量,SPECFEM2D,0.38,1.469971645
子图6：(f) 竖向分量,SPECFEM2D,0.39,1.420753562
子图6：(f) 竖向分量,SPECFEM2D,0.4,1.393193944
子图6：(f) 竖向分量,SPECFEM2D,0.41,1.394000076
子图6：(f) 竖向分量,SPECFEM2D,0.42,1.402535749
子图6：(f) 竖向分量,SPECFEM2D,0.43,1.356352777
子图6：(f) 竖向分量,SPECFEM2D,0.44,1.399485322
子图6：(f) 竖向分量,SPECFEM2D,0.45,1.345912583
子图6：(f) 竖向分量,SPECFEM2D,0.46,1.333941846
子图6：(f) 竖向分量,SPECFEM2D,0.47,1.367687409
子图6：(f) 竖向分量,SPECFEM2D,0.48,1.351727259
子图6：(f) 竖向分量,SPECFEM2D,0.49,1.332796701
子图6：(f) 竖向分量,SPECFEM2D,0.5,1.354065497
子图6：(f) 竖向分量,SPECFEM2D,0.51,1.353405193
子图6：(f) 竖向分量,SPECFEM2D,0.52,1.348139098
子图6：(f) 竖向分量,SPECFEM2D,0.53,1.340838743
子图6：(f) 竖向分量,SPECFEM2D,0.54,1.299255932
子图6：(f) 竖向分量,SPECFEM2D,0.55,1.321599037
子图6：(f) 竖向分量,SPECFEM2D,0.56,1.296157527
子图6：(f) 竖向分量,SPECFEM2D,0.57,1.342326455
子图6：(f) 竖向分量,SPECFEM2D,0.58,1.284907939
子图6：(f) 竖向分量,SPECFEM2D,0.59,1.307799248
子图6：(f) 竖向分量,SPECFEM2D,0.6,1.303944843
子图6：(f) 竖向分量,SPECFEM2D,0.61,1.326946955
子图6：(f) 竖向分量,SPECFEM2D,0.62,1.316627966
子图6：(f) 竖向分量,SPECFEM2D,0.63,1.310729569
子图6：(f) 竖向分量,SPECFEM2D,0.64,1.303076301
子图6：(f) 竖向分量,SPECFEM2D,0.65,1.269710529
子图6：(f) 竖向分量,SPECFEM2D,0.66,1.253302308
子图6：(f) 竖向分量,SPECFEM2D,0.67,1.266241533
子图6：(f) 竖向分量,SPECFEM2D,0.68,1.263736848
子图6：(f) 竖向分量,SPECFEM2D,0.69,1.310587603
子图6：(f) 竖向分量,SPECFEM2D,0.7,1.23377341
子图6：(f) 竖向分量,SPECFEM2D,0.71,1.212678955
子图6：(f) 竖向分量,SPECFEM2D,0.72,1.220525231
子图6：(f) 竖向分量,SPECFEM2D,0.73,1.185933353
子图6：(f) 竖向分量,SPECFEM2D,0.74,1.197255288
子图6：(f) 竖向分量,SPECFEM2D,0.75,1.205554201
子图6：(f) 竖向分量,SPECFEM2D,0.76,1.23657239
子图6：(f) 竖向分量,SPECFEM2D,0.77,1.166243464
子图6：(f) 竖向分量,SPECFEM2D,0.78,1.113840882
子图6：(f) 竖向分量,SPECFEM2D,0.79,1.099384879
子图6：(f) 竖向分量,SPECFEM2D,0.8,1.090982519
子图6：(f) 竖向分量,SPECFEM2D,0.81,1.044733147
子图6：(f) 竖向分量,SPECFEM2D,0.82,1.047955157
子图6：(f) 竖向分量,SPECFEM2D,0.83,1.020156283
子图6：(f) 竖向分量,SPECFEM2D,0.84,1.052657272
子图6：(f) 竖向分量,SPECFEM2D,0.85,0.9898170705
子图6：(f) 竖向分量,SPECFEM2D,0.86,0.9422236113
子图6：(f) 竖向分量,SPECFEM2D,0.87,0.9540531102
子图6：(f) 竖向分量,SPECFEM2D,0.88,0.9617900945
子图6：(f) 竖向分量,SPECFEM2D,0.89,0.9354105916
子图6：(f) 竖向分量,SPECFEM2D,0.9,0.9181474746
子图6：(f) 竖向分量,SPECFEM2D,0.91,0.9023263423
子图6：(f) 竖向分量,SPECFEM2D,0.92,0.9189479376
子图6：(f) 竖向分量,SPECFEM2D,0.93,0.9082926047
子图6：(f) 竖向分量,SPECFEM2D,0.94,0.9989697051
子图6：(f) 竖向分量,SPECFEM2D,0.95,0.9664763141
子图6：(f) 竖向分量,SPECFEM2D,0.96,0.9450156992
子图6：(f) 竖向分量,SPECFEM2D,0.97,0.9183096387
子图6：(f) 竖向分量,SPECFEM2D,0.98,0.9001451092
子图6：(f) 竖向分量,SPECFEM2D,0.99,0.8643219715
子图6：(f) 竖向分量,SPECFEM2D,1,1.065277221
子图6：(f) 竖向分量,SPECFEM2D,1.01,0.7327453387
子图6：(f) 竖向分量,SPECFEM2D,1.02,0.7581006138
子图6：(f) 竖向分量,SPECFEM2D,1.03,0.76343507
子图6：(f) 竖向分量,SPECFEM2D,1.04,0.7906273169
子图6：(f) 竖向分量,SPECFEM2D,1.05,0.7573376807
子图6：(f) 竖向分量,SPECFEM2D,1.06,0.8006429314
子图6：(f) 竖向分量,SPECFEM2D,1.07,0.7998066515
子图6：(f) 竖向分量,SPECFEM2D,1.08,0.8508063042
子图6：(f) 竖向分量,SPECFEM2D,1.09,0.8573115925
子图6：(f) 竖向分量,SPECFEM2D,1.1,0.8541671602
子图6：(f) 竖向分量,SPECFEM2D,1.11,0.8828072558
子图6：(f) 竖向分量,SPECFEM2D,1.12,0.8864088086
子图6：(f) 竖向分量,SPECFEM2D,1.13,0.9515067873
子图6：(f) 竖向分量,SPECFEM2D,1.14,0.9663206586
子图6：(f) 竖向分量,SPECFEM2D,1.15,0.9466262363
子图6：(f) 竖向分量,SPECFEM2D,1.16,0.9419715767
子图6：(f) 竖向分量,SPECFEM2D,1.17,0.9404699377
子图6：(f) 竖向分量,SPECFEM2D,1.18,0.9730606281
子图6：(f) 竖向分量,SPECFEM2D,1.19,0.9859249311
子图6：(f) 竖向分量,SPECFEM2D,1.2,0.9714655333
子图6：(f) 竖向分量,SPECFEM2D,1.21,0.9882726163
子图6：(f) 竖向分量,SPECFEM2D,1.22,0.9594561242
子图6：(f) 竖向分量,SPECFEM2D,1.23,1.060709356
子图6：(f) 竖向分量,SPECFEM2D,1.24,0.9973975947
子图6：(f) 竖向分量,SPECFEM2D,1.25,1.015570811
子图6：(f) 竖向分量,SPECFEM2D,1.26,1.061295142
子图6：(f) 竖向分量,SPECFEM2D,1.27,1.062586719
子图6：(f) 竖向分量,SPECFEM2D,1.28,1.007922151
子图6：(f) 竖向分量,SPECFEM2D,1.29,1.070140294
子图6：(f) 竖向分量,SPECFEM2D,1.3,1.028758608
子图6：(f) 竖向分量,SPECFEM2D,1.31,1.024160363
子图6：(f) 竖向分量,SPECFEM2D,1.32,1.011667357
子图6：(f) 竖向分量,SPECFEM2D,1.33,1.040453265
子图6：(f) 竖向分量,SPECFEM2D,1.34,1.022682377
子图6：(f) 竖向分量,SPECFEM2D,1.35,0.9925742223
子图6：(f) 竖向分量,SPECFEM2D,1.36,1.004033134
子图6：(f) 竖向分量,SPECFEM2D,1.37,1.068407435
子图6：(f) 竖向分量,SPECFEM2D,1.38,1.047178666
子图6：(f) 竖向分量,SPECFEM2D,1.39,1.040576807
子图6：(f) 竖向分量,SPECFEM2D,1.4,1.004887806
子图6：(f) 竖向分量,SPECFEM2D,1.41,1.02529756
子图6：(f) 竖向分量,SPECFEM2D,1.42,1.009757371
子图6：(f) 竖向分量,SPECFEM2D,1.43,1.038621986
子图6：(f) 竖向分量,SPECFEM2D,1.44,1.019165128
子图6：(f) 竖向分量,SPECFEM2D,1.45,0.9964032166
子图6：(f) 竖向分量,SPECFEM2D,1.46,1.056331712
子图6：(f) 竖向分量,SPECFEM2D,1.47,1.020818159
子图6：(f) 竖向分量,SPECFEM2D,1.48,0.9536910298
子图6：(f) 竖向分量,SPECFEM2D,1.49,0.9589242607
子图6：(f) 竖向分量,SPECFEM2D,1.5,0.9680270244
子图6：(f) 竖向分量,SPECFEM2D,1.51,0.9612867007
子图6：(f) 竖向分量,SPECFEM2D,1.52,0.9577862416
子图6：(f) 竖向分量,SPECFEM2D,1.53,0.9498961307
子图6：(f) 竖向分量,SPECFEM2D,1.54,0.9502406058
子图6：(f) 竖向分量,SPECFEM2D,1.55,0.9158191487
子图6：(f) 竖向分量,SPECFEM2D,1.56,0.9173071813
子图6：(f) 竖向分量,SPECFEM2D,1.57,0.9130332534
子图6：(f) 竖向分量,SPECFEM2D,1.58,0.9011342805
子图6：(f) 竖向分量,SPECFEM2D,1.59,0.9068918438
子图6：(f) 竖向分量,SPECFEM2D,1.6,0.8992216888
子图6：(f) 竖向分量,SPECFEM2D,1.61,0.9112138106
子图6：(f) 竖向分量,SPECFEM2D,1.62,0.8951909257
子图6：(f) 竖向分量,SPECFEM2D,1.63,0.8904719048
子图6：(f) 竖向分量,SPECFEM2D,1.64,0.8915648492
子图6：(f) 竖向分量,SPECFEM2D,1.65,0.9134025143
子图6：(f) 竖向分量,SPECFEM2D,1.66,0.9137977716
子图6：(f) 竖向分量,SPECFEM2D,1.67,0.8971329503
子图6：(f) 竖向分量,SPECFEM2D,1.68,0.9259239572
子图6：(f) 竖向分量,SPECFEM2D,1.69,0.9087198564
子图6：(f) 竖向分量,SPECFEM2D,1.7,0.8543503342
子图6：(f) 竖向分量,SPECFEM2D,1.71,0.8605841755
子图6：(f) 竖向分量,SPECFEM2D,1.72,0.8765233249
子图6：(f) 竖向分量,SPECFEM2D,1.73,0.885013553
子图6：(f) 竖向分量,SPECFEM2D,1.74,0.8687342051
子图6：(f) 竖向分量,SPECFEM2D,1.75,0.8458921424
子图6：(f) 竖向分量,SPECFEM2D,1.76,0.8510406806
子图6：(f) 竖向分量,SPECFEM2D,1.77,0.8704213588
子图6：(f) 竖向分量,SPECFEM2D,1.78,0.8753971516
子图6：(f) 竖向分量,SPECFEM2D,1.79,0.869809314
子图6：(f) 竖向分量,SPECFEM2D,1.8,0.8772670193
子图6：(f) 竖向分量,SPECFEM2D,1.81,0.8488771556
子图6：(f) 竖向分量,SPECFEM2D,1.82,0.9263326564
子图6：(f) 竖向分量,SPECFEM2D,1.83,0.8774041435
子图6：(f) 竖向分量,SPECFEM2D,1.84,0.8689616533
子图6：(f) 竖向分量,SPECFEM2D,1.85,0.8504520947
子图6：(f) 竖向分量,SPECFEM2D,1.86,0.8871718295
子图6：(f) 竖向分量,SPECFEM2D,1.87,0.8881260936
子图6：(f) 竖向分量,SPECFEM2D,1.88,0.8687147919
子图6：(f) 竖向分量,SPECFEM2D,1.89,0.9146049843
子图6：(f) 竖向分量,SPECFEM2D,1.9,0.8914724545
子图6：(f) 竖向分量,SPECFEM2D,1.91,0.8983391061
子图6：(f) 竖向分量,SPECFEM2D,1.92,0.8599525242
子图6：(f) 竖向分量,SPECFEM2D,1.93,0.8484460898
子图6：(f) 竖向分量,SPECFEM2D,1.94,0.8806981719
子图6：(f) 竖向分量,SPECFEM2D,1.95,0.9048361944
子图6：(f) 竖向分量,SPECFEM2D,1.96,0.8665831946
子图6：(f) 竖向分量,SPECFEM2D,1.97,0.8495255988
子图6：(f) 竖向分量,SPECFEM2D,1.98,0.8534736146
子图6：(f) 竖向分量,SPECFEM2D,1.99,0.8403537538
子图6：(f) 竖向分量,SPECFEM2D,2,0.8670506469
子图6：(f) 竖向分量,SPECFEM2D,2.01,0.8700536008
子图6：(f) 竖向分量,SPECFEM2D,2.02,0.8632552339
子图6：(f) 竖向分量,SPECFEM2D,2.03,0.875443491
子图6：(f) 竖向分量,SPECFEM2D,2.04,0.8900112693
子图6：(f) 竖向分量,SPECFEM2D,2.05,0.8858570581
子图6：(f) 竖向分量,SPECFEM2D,2.06,0.8789494746
子图6：(f) 竖向分量,SPECFEM2D,2.07,0.8788867331
子图6：(f) 竖向分量,SPECFEM2D,2.08,0.8722292353
子图6：(f) 竖向分量,SPECFEM2D,2.09,0.8745923879
子图6：(f) 竖向分量,SPECFEM2D,2.1,0.8849886229
子图6：(f) 竖向分量,SPECFEM2D,2.11,0.8756984001
子图6：(f) 竖向分量,SPECFEM2D,2.12,0.9084995569
子图6：(f) 竖向分量,SPECFEM2D,2.13,0.9095147747
子图6：(f) 竖向分量,SPECFEM2D,2.14,0.8959705408
子图6：(f) 竖向分量,SPECFEM2D,2.15,0.8811362768
子图6：(f) 竖向分量,SPECFEM2D,2.16,0.9136582624
子图6：(f) 竖向分量,SPECFEM2D,2.17,0.9171771849
子图6：(f) 竖向分量,SPECFEM2D,2.18,0.8988825004
子图6：(f) 竖向分量,SPECFEM2D,2.19,0.9062496238
子图6：(f) 竖向分量,SPECFEM2D,2.2,0.9011986519
子图6：(f) 竖向分量,SPECFEM2D,2.21,0.9157826773
子图6：(f) 竖向分量,SPECFEM2D,2.22,0.9055220938
子图6：(f) 竖向分量,SPECFEM2D,2.23,0.8863086088
子图6：(f) 竖向分量,SPECFEM2D,2.24,0.9304695708
子图6：(f) 竖向分量,SPECFEM2D,2.25,0.9480221425
子图6：(f) 竖向分量,SPECFEM2D,2.26,0.9230467418
子图6：(f) 竖向分量,SPECFEM2D,2.27,0.9115601636
子图6：(f) 竖向分量,SPECFEM2D,2.28,0.9120838952
子图6：(f) 竖向分量,SPECFEM2D,2.29,0.9612244234
子图6：(f) 竖向分量,SPECFEM2D,2.3,0.9378114727
子图6：(f) 竖向分量,SPECFEM2D,2.31,0.8722339936
子图6：(f) 竖向分量,SPECFEM2D,2.32,0.9267792055
子图6：(f) 竖向分量,SPECFEM2D,2.33,0.925477378
子图6：(f) 竖向分量,SPECFEM2D,2.34,0.9169245822
子图6：(f) 竖向分量,SPECFEM2D,2.35,0.934977433
子图6：(f) 竖向分量,SPECFEM2D,2.36,0.9499907048
子图6：(f) 竖向分量,SPECFEM2D,2.37,0.9531004781
子图6：(f) 竖向分量,SPECFEM2D,2.38,0.926776663
子图6：(f) 竖向分量,SPECFEM2D,2.39,0.904061913
子图6：(f) 竖向分量,SPECFEM2D,2.4,0.8763714066
子图6：(f) 竖向分量,SPECFEM2D,2.41,0.9252567774
子图6：(f) 竖向分量,SPECFEM2D,2.42,0.8874851841
子图6：(f) 竖向分量,SPECFEM2D,2.43,0.9168216546
子图6：(f) 竖向分量,SPECFEM2D,2.44,0.9621649582
子图6：(f) 竖向分量,SPECFEM2D,2.45,0.9575207597
子图6：(f) 竖向分量,SPECFEM2D,2.46,0.982892752
子图6：(f) 竖向分量,SPECFEM2D,2.47,0.94975157
子图6：(f) 竖向分量,SPECFEM2D,2.48,0.931149122
子图6：(f) 竖向分量,SPECFEM2D,2.49,0.9743573879
子图6：(f) 竖向分量,SPECFEM2D,2.5,0.9084585389
子图6：(f) 竖向分量,SPECFEM2D,2.51,0.8921936901
子图6：(f) 竖向分量,SPECFEM2D,2.52,0.8926162966
子图6：(f) 竖向分量,SPECFEM2D,2.53,0.8901765235
子图6：(f) 竖向分量,SPECFEM2D,2.54,0.916817129
子图6：(f) 竖向分量,SPECFEM2D,2.55,0.9373627201
子图6：(f) 竖向分量,SPECFEM2D,2.56,0.9276834326
子图6：(f) 竖向分量,SPECFEM2D,2.57,0.9127926651
子图6：(f) 竖向分量,SPECFEM2D,2.58,0.9167307736
子图6：(f) 竖向分量,SPECFEM2D,2.59,0.9155755887
子图6：(f) 竖向分量,SPECFEM2D,2.6,0.9455340556
子图6：(f) 竖向分量,SPECFEM2D,2.61,0.9811808238
子图6：(f) 竖向分量,SPECFEM2D,2.62,0.9498325869
子图6：(f) 竖向分量,SPECFEM2D,2.63,0.9625142303
子图6：(f) 竖向分量,SPECFEM2D,2.64,0.944286774
子图6：(f) 竖向分量,SPECFEM2D,2.65,0.918410033
子图6：(f) 竖向分量,SPECFEM2D,2.66,0.9614892018
子图6：(f) 竖向分量,SPECFEM2D,2.67,0.9432369115
子图6：(f) 竖向分量,SPECFEM2D,2.68,0.9370317816
子图6：(f) 竖向分量,SPECFEM2D,2.69,0.9069586093
子图6：(f) 竖向分量,SPECFEM2D,2.7,0.9523697444
子图6：(f) 竖向分量,SPECFEM2D,2.71,0.9786308855
子图6：(f) 竖向分量,SPECFEM2D,2.72,0.9437956422
子图6：(f) 竖向分量,SPECFEM2D,2.73,0.9367870384
子图6：(f) 竖向分量,SPECFEM2D,2.74,0.9425774284
子图6：(f) 竖向分量,SPECFEM2D,2.75,0.9229805466
子图6：(f) 竖向分量,SPECFEM2D,2.76,0.9297271954
子图6：(f) 竖向分量,SPECFEM2D,2.77,0.9252531506
子图6：(f) 竖向分量,SPECFEM2D,2.78,0.9039088992
子图6：(f) 竖向分量,SPECFEM2D,2.79,0.9636436997
子图6：(f) 竖向分量,SPECFEM2D,2.8,0.9522336057
子图6：(f) 竖向分量,SPECFEM2D,2.81,0.9267650326
子图6：(f) 竖向分量,SPECFEM2D,2.82,0.9278653267
子图6：(f) 竖向分量,SPECFEM2D,2.83,0.9208411331
子图6：(f) 竖向分量,SPECFEM2D,2.84,0.9213606102
子图6：(f) 竖向分量,SPECFEM2D,2.85,0.9475048797
子图6：(f) 竖向分量,SPECFEM2D,2.86,0.9547008093
子图6：(f) 竖向分量,SPECFEM2D,2.87,0.9551199077
子图6：(f) 竖向分量,SPECFEM2D,2.88,0.919784649
子图6：(f) 竖向分量,SPECFEM2D,2.89,0.9113743636
子图6：(f) 竖向分量,SPECFEM2D,2.9,0.9232724152
子图6：(f) 竖向分量,SPECFEM2D,2.91,0.9638455316
子图6：(f) 竖向分量,SPECFEM2D,2.92,0.9572354634
子图6：(f) 竖向分量,SPECFEM2D,2.93,0.9493596764
子图6：(f) 竖向分量,SPECFEM2D,2.94,0.9327241544
子图6：(f) 竖向分量,SPECFEM2D,2.95,0.9805188433
子图6：(f) 竖向分量,SPECFEM2D,2.96,0.9664662662
子图6：(f) 竖向分量,SPECFEM2D,2.97,0.9130903115
子图6：(f) 竖向分量,SPECFEM2D,2.98,0.9276076277
子图6：(f) 竖向分量,SPECFEM2D,2.99,0.9389555367
子图6：(f) 竖向分量,SPECFEM2D,3,0.9333747507
子图6：(f) 竖向分量,SPECFEM2D,3.01,0.9366295433
子图6：(f) 竖向分量,SPECFEM2D,3.02,0.9137977238
子图6：(f) 竖向分量,SPECFEM2D,3.03,0.9449385654
子图6：(f) 竖向分量,SPECFEM2D,3.04,0.9580054439
子图6：(f) 竖向分量,SPECFEM2D,3.05,0.9294110899
子图6：(f) 竖向分量,SPECFEM2D,3.06,0.9198801784
子图6：(f) 竖向分量,SPECFEM2D,3.07,0.9270863848
子图6：(f) 竖向分量,SPECFEM2D,3.08,0.9281284281
子图6：(f) 竖向分量,SPECFEM2D,3.09,0.9797148913
子图6：(f) 竖向分量,SPECFEM2D,3.1,0.9956464891
子图6：(f) 竖向分量,SPECFEM2D,3.11,0.9731447548
子图6：(f) 竖向分量,SPECFEM2D,3.12,0.9646079126
子图6：(f) 竖向分量,SPECFEM2D,3.13,0.9793225747
子图6：(f) 竖向分量,SPECFEM2D,3.14,0.9510869364
子图6：(f) 竖向分量,SPECFEM2D,3.15,0.9194886327
子图6：(f) 竖向分量,SPECFEM2D,3.16,1.017444786
子图6：(f) 竖向分量,SPECFEM2D,3.17,0.9324203946
子图6：(f) 竖向分量,SPECFEM2D,3.18,0.925022026
子图6：(f) 竖向分量,SPECFEM2D,3.19,0.9347623054
子图6：(f) 竖向分量,SPECFEM2D,3.2,0.9623597632
子图6：(f) 竖向分量,SPECFEM2D,3.21,0.9906023534
子图6：(f) 竖向分量,SPECFEM2D,3.22,0.9717000057
子图6：(f) 竖向分量,SPECFEM2D,3.23,0.9229100627
子图6：(f) 竖向分量,SPECFEM2D,3.24,0.9534723041
子图6：(f) 竖向分量,SPECFEM2D,3.25,0.9696596794
子图6：(f) 竖向分量,SPECFEM2D,3.26,0.9716335603
子图6：(f) 竖向分量,SPECFEM2D,3.27,0.9460222248
子图6：(f) 竖向分量,SPECFEM2D,3.28,0.958294184
子图6：(f) 竖向分量,SPECFEM2D,3.29,0.9713970009
子图6：(f) 竖向分量,SPECFEM2D,3.3,0.9580565617
子图6：(f) 竖向分量,SPECFEM2D,3.31,0.9386358441
子图6：(f) 竖向分量,SPECFEM2D,3.32,0.9490187199
子图6：(f) 竖向分量,SPECFEM2D,3.33,0.9573560166
子图6：(f) 竖向分量,SPECFEM2D,3.34,0.9378515931
子图6：(f) 竖向分量,SPECFEM2D,3.35,0.9623339157
子图6：(f) 竖向分量,SPECFEM2D,3.36,1.000009791
子图6：(f) 竖向分量,SPECFEM2D,3.37,1.002310558
子图6：(f) 竖向分量,SPECFEM2D,3.38,0.9669529043
子图6：(f) 竖向分量,SPECFEM2D,3.39,0.9405970593
子图6：(f) 竖向分量,SPECFEM2D,3.4,0.9692977653
子图6：(f) 竖向分量,SPECFEM2D,3.41,0.977171654
子图6：(f) 竖向分量,SPECFEM2D,3.42,0.9790305197
子图6：(f) 竖向分量,SPECFEM2D,3.43,0.9275320668
子图6：(f) 竖向分量,SPECFEM2D,3.44,0.9522411172
子图6：(f) 竖向分量,SPECFEM2D,3.45,0.9983347239
子图6：(f) 竖向分量,SPECFEM2D,3.46,0.9976969063
子图6：(f) 竖向分量,SPECFEM2D,3.47,0.9534699944
子图6：(f) 竖向分量,SPECFEM2D,3.48,0.9618446982
子图6：(f) 竖向分量,SPECFEM2D,3.49,0.9472690942
子图6：(f) 竖向分量,SPECFEM2D,3.5,0.9628705736
子图6：(f) 竖向分量,SPECFEM2D,3.51,0.9638302666
子图6：(f) 竖向分量,SPECFEM2D,3.52,0.9475237205
子图6：(f) 竖向分量,SPECFEM2D,3.53,1.022809191
子图6：(f) 竖向分量,SPECFEM2D,3.54,0.9481355274
子图6：(f) 竖向分量,SPECFEM2D,3.55,0.9412417127
子图6：(f) 竖向分量,SPECFEM2D,3.56,0.9612924883
子图6：(f) 竖向分量,SPECFEM2D,3.57,0.975248402
子图6：(f) 竖向分量,SPECFEM2D,3.58,0.9570158339
子图6：(f) 竖向分量,SPECFEM2D,3.59,0.9699828533
子图6：(f) 竖向分量,SPECFEM2D,3.6,0.9563767498
子图6：(f) 竖向分量,SPECFEM2D,3.61,0.991421488
子图6：(f) 竖向分量,SPECFEM2D,3.62,0.9459764686
子图6：(f) 竖向分量,SPECFEM2D,3.63,0.9604698139
子图6：(f) 竖向分量,SPECFEM2D,3.64,0.9345266088
子图6：(f) 竖向分量,SPECFEM2D,3.65,0.9353935075
子图6：(f) 竖向分量,SPECFEM2D,3.66,0.9272432396
子图6：(f) 竖向分量,SPECFEM2D,3.67,0.9724590339
子图6：(f) 竖向分量,SPECFEM2D,3.68,1.081883442
子图6：(f) 竖向分量,SPECFEM2D,3.69,0.9947221132
子图6：(f) 竖向分量,SPECFEM2D,3.7,0.9767064796
子图6：(f) 竖向分量,SPECFEM2D,3.71,0.9701436398
子图6：(f) 竖向分量,SPECFEM2D,3.72,0.9359528379
子图6：(f) 竖向分量,SPECFEM2D,3.73,0.9543568438
子图6：(f) 竖向分量,SPECFEM2D,3.74,1.001979071
子图6：(f) 竖向分量,SPECFEM2D,3.75,0.9549405389
子图6：(f) 竖向分量,SPECFEM2D,3.76,0.9560161729
子图6：(f) 竖向分量,SPECFEM2D,3.77,0.9717876232
子图6：(f) 竖向分量,SPECFEM2D,3.78,0.9566297855
子图6：(f) 竖向分量,SPECFEM2D,3.79,0.9709375967
子图6：(f) 竖向分量,SPECFEM2D,3.8,1.006617766
子图6：(f) 竖向分量,SPECFEM2D,3.81,1.030192744
子图6：(f) 竖向分量,SPECFEM2D,3.82,0.9883741188
子图6：(f) 竖向分量,SPECFEM2D,3.83,1.066854634
子图6：(f) 竖向分量,SPECFEM2D,3.84,0.9964263141
子图6：(f) 竖向分量,SPECFEM2D,3.85,0.944567319
子图6：(f) 竖向分量,SPECFEM2D,3.86,0.9662235089
子图6：(f) 竖向分量,SPECFEM2D,3.87,0.9687993209
子图6：(f) 竖向分量,SPECFEM2D,3.88,0.980334958
子图6：(f) 竖向分量,SPECFEM2D,3.89,1.006229638
子图6：(f) 竖向分量,SPECFEM2D,3.9,0.980175095
子图6：(f) 竖向分量,SPECFEM2D,3.91,0.9796695506
子图6：(f) 竖向分量,SPECFEM2D,3.92,0.9618718459
子图6：(f) 竖向分量,SPECFEM2D,3.93,0.9397753702
子图6：(f) 竖向分量,SPECFEM2D,3.94,0.9446631695
子图6：(f) 竖向分量,SPECFEM2D,3.95,0.9554874748
子图6：(f) 竖向分量,SPECFEM2D,3.96,1.007307308
子图6：(f) 竖向分量,SPECFEM2D,3.97,1.016093115
子图6：(f) 竖向分量,SPECFEM2D,3.98,1.011442234
子图6：(f) 竖向分量,SPECFEM2D,3.99,0.9787224188
子图6：(f) 竖向分量,SPECFEM2D,4,0.9726585602
