子图,系列,x,y
子图1：均质 H004：幅值,1 Hz,-4,1.117301459
子图1：均质 H004：幅值,1 Hz,-3.95,1.118116692
子图1：均质 H004：幅值,1 Hz,-3.9,1.118916237
子图1：均质 H004：幅值,1 Hz,-3.85,1.119700563
子图1：均质 H004：幅值,1 Hz,-3.8,1.120469952
子图1：均质 H004：幅值,1 Hz,-3.75,1.121220762
子图1：均质 H004：幅值,1 Hz,-3.7,1.12195704
子图1：均质 H004：幅值,1 Hz,-3.65,1.122678823
子图1：均质 H004：幅值,1 Hz,-3.6,1.123386164
子图1：均质 H004：幅值,1 Hz,-3.55,1.124076026
子图1：均质 H004：幅值,1 Hz,-3.5,1.124751733
子图1：均质 H004：幅值,1 Hz,-3.45,1.125413462
子图1：均质 H004：幅值,1 Hz,-3.4,1.12606136
子图1：均质 H004：幅值,1 Hz,-3.35,1.126692101
子图1：均质 H004：幅值,1 Hz,-3.3,1.12730919
子图1：均质 H004：幅值,1 Hz,-3.25,1.127912613
子图1：均质 H004：幅值,1 Hz,-3.2,1.128502338
子图1：均质 H004：幅值,1 Hz,-3.15,1.129075458
子图1：均质 H004：幅值,1 Hz,-3.1,1.129634992
子图1：均质 H004：幅值,1 Hz,-3.05,1.13018105
子图1：均质 H004：幅值,1 Hz,-3,1.130713661
子图1：均质 H004：幅值,1 Hz,-2.95,1.131229753
子图1：均质 H004：幅值,1 Hz,-2.9,1.131732479
子图1：均质 H004：幅值,1 Hz,-2.85,1.132221811
子图1：均质 H004：幅值,1 Hz,-2.8,1.132697772
子图1：均质 H004：幅值,1 Hz,-2.75,1.133157471
子图1：均质 H004：幅值,1 Hz,-2.7,1.133603866
子图1：均质 H004：幅值,1 Hz,-2.65,1.134037012
子图1：均质 H004：幅值,1 Hz,-2.6,1.134456942
子图1：均质 H004：幅值,1 Hz,-2.55,1.134860866
子图1：均质 H004：幅值,1 Hz,-2.5,1.1352517
子图1：均质 H004：幅值,1 Hz,-2.45,1.135629512
子图1：均质 H004：幅值,1 Hz,-2.4,1.135994441
子图1：均质 H004：幅值,1 Hz,-2.35,1.136343755
子图1：均质 H004：幅值,1 Hz,-2.3,1.136680429
子图1：均质 H004：幅值,1 Hz,-2.25,1.13700457
子图1：均质 H004：幅值,1 Hz,-2.2,1.137316236
子图1：均质 H004：幅值,1 Hz,-2.15,1.137613292
子图1：均质 H004：幅值,1 Hz,-2.1,1.137898326
子图1：均质 H004：幅值,1 Hz,-2.05,1.138171611
子图1：均质 H004：幅值,1 Hz,-2,1.138433613
子图1：均质 H004：幅值,1 Hz,-1.95,1.138681934
子图1：均质 H004：幅值,1 Hz,-1.9,1.138919722
子图1：均质 H004：幅值,1 Hz,-1.85,1.139147204
子图1：均质 H004：幅值,1 Hz,-1.8,1.139364336
子图1：均质 H004：幅值,1 Hz,-1.75,1.139570704
子图1：均质 H004：幅值,1 Hz,-1.7,1.139767844
子图1：均质 H004：幅值,1 Hz,-1.65,1.139956574
子图1：均质 H004：幅值,1 Hz,-1.6,1.140138439
子图1：均质 H004：幅值,1 Hz,-1.55,1.140310707
子图1：均质 H004：幅值,1 Hz,-1.5,1.140477701
子图1：均质 H004：幅值,1 Hz,-1.45,1.140639663
子图1：均质 H004：幅值,1 Hz,-1.4,1.140795524
子图1：均质 H004：幅值,1 Hz,-1.35,1.140949747
子图1：均质 H004：幅值,1 Hz,-1.3,1.141100092
子图1：均质 H004：幅值,1 Hz,-1.25,1.141248731
子图1：均质 H004：幅值,1 Hz,-1.2,1.141400734
子图1：均质 H004：幅值,1 Hz,-1.15,1.14154898
子图1：均质 H004：幅值,1 Hz,-1.1,1.141703412
子图1：均质 H004：幅值,1 Hz,-1.05,1.14186307
子图1：均质 H004：幅值,1 Hz,-1,1.142021197
子图1：均质 H004：幅值,1 Hz,-0.95,1.142198257
子图1：均质 H004：幅值,1 Hz,-0.9,1.142377179
子图1：均质 H004：幅值,1 Hz,-0.85,1.142564137
子图1：均质 H004：幅值,1 Hz,-0.8,1.142777438
子图1：均质 H004：幅值,1 Hz,-0.75,1.142984145
子图1：均质 H004：幅值,1 Hz,-0.7,1.143220193
子图1：均质 H004：幅值,1 Hz,-0.65,1.143476711
子图1：均质 H004：幅值,1 Hz,-0.6,1.143720305
子图1：均质 H004：幅值,1 Hz,-0.55,1.144029251
子图1：均质 H004：幅值,1 Hz,-0.5,1.144325976
子图1：均质 H004：幅值,1 Hz,-0.45,1.14463107
子图1：均质 H004：幅值,1 Hz,-0.4,1.145009118
子图1：均质 H004：幅值,1 Hz,-0.35,1.145314347
子图1：均质 H004：幅值,1 Hz,-0.3,1.14568476
子图1：均质 H004：幅值,1 Hz,-0.25,1.146067885
子图1：均质 H004：幅值,1 Hz,-0.2,1.146346288
子图1：均质 H004：幅值,1 Hz,-0.15,1.146742366
子图1：均质 H004：幅值,1 Hz,-0.1,1.146995561
子图1：均质 H004：幅值,1 Hz,-0.05,1.147172193
子图1：均质 H004：幅值,1 Hz,0,1.147334197
子图1：均质 H004：幅值,1 Hz,0.05,1.144537631
子图1：均质 H004：幅值,1 Hz,0.1,1.141782149
子图1：均质 H004：幅值,1 Hz,0.15,1.138602967
子图1：均质 H004：幅值,1 Hz,0.2,1.135270297
子图1：均质 H004：幅值,1 Hz,0.25,1.131488609
子图1：均质 H004：幅值,1 Hz,0.3,1.127472547
子图1：均质 H004：幅值,1 Hz,0.35,1.123013657
子图1：均质 H004：幅值,1 Hz,0.4,1.118252137
子图1：均质 H004：幅值,1 Hz,0.45,1.113069886
子图1：均质 H004：幅值,1 Hz,0.5,1.107495659
子图1：均质 H004：幅值,1 Hz,0.55,1.101551115
子图1：均质 H004：幅值,1 Hz,0.6,1.09505949
子图1：均质 H004：幅值,1 Hz,0.65,1.088312558
子图1：均质 H004：幅值,1 Hz,0.7,1.080704456
子图1：均质 H004：幅值,1 Hz,0.75,1.073110117
子图1：均质 H004：幅值,1 Hz,0.8,1.063943972
子图1：均质 H004：幅值,1 Hz,0.85,1.055445296
子图1：均质 H004：幅值,1 Hz,0.9,1.04346483
子图1：均质 H004：幅值,1 Hz,0.95,1.033952123
子图1：均质 H004：幅值,1 Hz,1,1.011568251
子图1：均质 H004：幅值,1 Hz,1.05,0.9984642377
子图1：均质 H004：幅值,1 Hz,1.1,0.9934183734
子图1：均质 H004：幅值,1 Hz,1.15,0.9885209855
子图1：均质 H004：幅值,1 Hz,1.2,0.9833645564
子图1：均质 H004：幅值,1 Hz,1.25,0.9802064061
子图1：均质 H004：幅值,1 Hz,1.3,0.9763818416
子图1：均质 H004：幅值,1 Hz,1.35,0.9729800827
子图1：均质 H004：幅值,1 Hz,1.4,0.9701748293
子图1：均质 H004：幅值,1 Hz,1.45,0.9669727513
子图1：均质 H004：幅值,1 Hz,1.5,0.9643133064
子图1：均质 H004：幅值,1 Hz,1.55,0.9617234823
子图1：均质 H004：幅值,1 Hz,1.6,0.9590794022
子图1：均质 H004：幅值,1 Hz,1.65,0.9568255
子图1：均质 H004：幅值,1 Hz,1.7,0.9544938758
子图1：均质 H004：幅值,1 Hz,1.75,0.9522808547
子图1：均质 H004：幅值,1 Hz,1.8,0.9502315778
子图1：均质 H004：幅值,1 Hz,1.85,0.9481490366
子图1：均质 H004：幅值,1 Hz,1.9,0.9462191586
子图1：均质 H004：幅值,1 Hz,1.95,0.944344668
子图1：均质 H004：幅值,1 Hz,2,0.9424999809
子图1：均质 H004：幅值,1 Hz,2.05,0.9407785395
子图1：均质 H004：幅值,1 Hz,2.1,0.9390799769
子图1：均质 H004：幅值,1 Hz,2.15,0.9374434362
子图1：均质 H004：幅值,1 Hz,2.2,0.9358744228
子图1：均质 H004：幅值,1 Hz,2.25,0.9343411402
子图1：均质 H004：幅值,1 Hz,2.3,0.9328709172
子图1：均质 H004：幅值,1 Hz,2.35,0.9314449228
子图1：均质 H004：幅值,1 Hz,2.4,0.9300603373
子图1：均质 H004：幅值,1 Hz,2.45,0.9287312215
子图1：均质 H004：幅值,1 Hz,2.5,0.9274401896
子图1：均质 H004：幅值,1 Hz,2.55,0.926191455
子图1：均质 H004：幅值,1 Hz,2.6,0.9249822053
子图1：均质 H004：幅值,1 Hz,2.65,0.923815894
子图1：均质 H004：幅值,1 Hz,2.7,0.9226865157
子图1：均质 H004：幅值,1 Hz,2.75,0.9215927321
子图1：均质 H004：幅值,1 Hz,2.8,0.9205360524
子图1：均质 H004：幅值,1 Hz,2.85,0.9195139623
子图1：均质 H004：幅值,1 Hz,2.9,0.918526768
子图1：均质 H004：幅值,1 Hz,2.95,0.9175717323
子图1：均质 H004：幅值,1 Hz,3,0.9166453861
子图1：均质 H004：幅值,1 Hz,3.05,0.9157556962
子图1：均质 H004：幅值,1 Hz,3.1,0.9148927417
子图1：均质 H004：幅值,1 Hz,3.15,0.9140581688
子图1：均质 H004：幅值,1 Hz,3.2,0.9132533971
子图1：均质 H004：幅值,1 Hz,3.25,0.9124741012
子图1：均质 H004：幅值,1 Hz,3.3,0.9117227483
子图1：均质 H004：幅值,1 Hz,3.35,0.9109961311
子图1：均质 H004：幅值,1 Hz,3.4,0.9102917708
子图1：均质 H004：幅值,1 Hz,3.45,0.9096150257
子图1：均质 H004：幅值,1 Hz,3.5,0.9089587517
子图1：均质 H004：幅值,1 Hz,3.55,0.9083241561
子图1：均质 H004：幅值,1 Hz,3.6,0.9077114143
子图1：均质 H004：幅值,1 Hz,3.65,0.9071179485
子图1：均质 H004：幅值,1 Hz,3.7,0.9065445489
子图1：均质 H004：幅值,1 Hz,3.75,0.9059890064
子图1：均质 H004：幅值,1 Hz,3.8,0.9054506348
子图1：均质 H004：幅值,1 Hz,3.85,0.9049296397
子图1：均质 H004：幅值,1 Hz,3.9,0.9044240489
子图1：均质 H004：幅值,1 Hz,3.95,0.9039337627
子图1：均质 H004：幅值,1 Hz,4,0.9034561823
子图1：均质 H004：幅值,3 Hz,-4,0.7891968153
子图1：均质 H004：幅值,3 Hz,-3.95,0.7932065154
子图1：均质 H004：幅值,3 Hz,-3.9,0.797739407
子图1：均质 H004：幅值,3 Hz,-3.85,0.802783368
子图1：均质 H004：幅值,3 Hz,-3.8,0.8083366546
子图1：均质 H004：幅值,3 Hz,-3.75,0.8144215962
子图1：均质 H004：幅值,3 Hz,-3.7,0.8210105748
子图1：均质 H004：幅值,3 Hz,-3.65,0.8281023647
子图1：均质 H004：幅值,3 Hz,-3.6,0.8356892512
子图1：均质 H004：幅值,3 Hz,-3.55,0.8437814539
子图1：均质 H004：幅值,3 Hz,-3.5,0.8523517158
子图1：均质 H004：幅值,3 Hz,-3.45,0.8613890178
子图1：均质 H004：幅值,3 Hz,-3.4,0.8708831438
子图1：均质 H004：幅值,3 Hz,-3.35,0.8808359128
子图1：均质 H004：幅值,3 Hz,-3.3,0.8912180807
子图1：均质 H004：幅值,3 Hz,-3.25,0.9020135639
子图1：均质 H004：幅值,3 Hz,-3.2,0.9132050591
子图1：均质 H004：幅值,3 Hz,-3.15,0.9247949131
子图1：均质 H004：幅值,3 Hz,-3.1,0.9367456512
子图1：均质 H004：幅值,3 Hz,-3.05,0.9490407113
子图1：均质 H004：幅值,3 Hz,-3,0.9616627623
子图1：均质 H004：幅值,3 Hz,-2.95,0.9746012681
子图1：均质 H004：幅值,3 Hz,-2.9,0.9878264704
子图1：均质 H004：幅值,3 Hz,-2.85,1.001317392
子图1：均质 H004：幅值,3 Hz,-2.8,1.015053438
子图1：均质 H004：幅值,3 Hz,-2.75,1.029022122
子图1：均质 H004：幅值,3 Hz,-2.7,1.043192997
子图1：均质 H004：幅值,3 Hz,-2.65,1.057546611
子图1：均质 H004：幅值,3 Hz,-2.6,1.072062837
子图1：均质 H004：幅值,3 Hz,-2.55,1.086719247
子图1：均质 H004：幅值,3 Hz,-2.5,1.101494612
子图1：均质 H004：幅值,3 Hz,-2.45,1.116368338
子图1：均质 H004：幅值,3 Hz,-2.4,1.131320799
子图1：均质 H004：幅值,3 Hz,-2.35,1.14632249
子图1：均质 H004：幅值,3 Hz,-2.3,1.161360227
子图1：均质 H004：幅值,3 Hz,-2.25,1.176414694
子图1：均质 H004：幅值,3 Hz,-2.2,1.191465922
子图1：均质 H004：幅值,3 Hz,-2.15,1.206479631
子图1：均质 H004：幅值,3 Hz,-2.1,1.221449642
子图1：均质 H004：幅值,3 Hz,-2.05,1.236358613
子图1：均质 H004：幅值,3 Hz,-2,1.251191092
子图1：均质 H004：幅值,3 Hz,-1.95,1.265899467
子图1：均质 H004：幅值,3 Hz,-1.9,1.280494329
子图1：均质 H004：幅值,3 Hz,-1.85,1.294958391
子图1：均质 H004：幅值,3 Hz,-1.8,1.309272325
子图1：均质 H004：幅值,3 Hz,-1.75,1.323395413
子图1：均质 H004：幅值,3 Hz,-1.7,1.337335934
子图1：均质 H004：幅值,3 Hz,-1.65,1.351082659
子图1：均质 H004：幅值,3 Hz,-1.6,1.364629957
子图1：均质 H004：幅值,3 Hz,-1.55,1.377907808
子图1：均质 H004：幅值,3 Hz,-1.5,1.390959524
子图1：均质 H004：幅值,3 Hz,-1.45,1.403769701
子图1：均质 H004：幅值,3 Hz,-1.4,1.416313563
子图1：均质 H004：幅值,3 Hz,-1.35,1.428567014
子图1：均质 H004：幅值,3 Hz,-1.3,1.440534434
子图1：均质 H004：幅值,3 Hz,-1.25,1.452217152
子图1：均质 H004：幅值,3 Hz,-1.2,1.463638014
子图1：均质 H004：幅值,3 Hz,-1.15,1.474675732
子图1：均质 H004：幅值,3 Hz,-1.1,1.485439463
子图1：均质 H004：幅值,3 Hz,-1.05,1.495907504
子图1：均质 H004：幅值,3 Hz,-1,1.506016758
子图1：均质 H004：幅值,3 Hz,-0.95,1.515843456
子图1：均质 H004：幅值,3 Hz,-0.9,1.525307294
子图1：均质 H004：幅值,3 Hz,-0.85,1.534443333
子图1：均质 H004：幅值,3 Hz,-0.8,1.543371819
子图1：均质 H004：幅值,3 Hz,-0.75,1.551776721
子图1：均质 H004：幅值,3 Hz,-0.7,1.559973697
子图1：均质 H004：幅值,3 Hz,-0.65,1.567888851
子图1：均质 H004：幅值,3 Hz,-0.6,1.575283304
子图1：均质 H004：幅值,3 Hz,-0.55,1.58262301
子图1：均质 H004：幅值,3 Hz,-0.5,1.589434965
子图1：均质 H004：幅值,3 Hz,-0.45,1.595863631
子图1：均质 H004：幅值,3 Hz,-0.4,1.60234161
子图1：均质 H004：幅值,3 Hz,-0.35,1.607810024
子图1：均质 H004：幅值,3 Hz,-0.3,1.613276354
子图1：均质 H004：幅值,3 Hz,-0.25,1.618383821
子图1：均质 H004：幅值,3 Hz,-0.2,1.622364773
子图1：均质 H004：幅值,3 Hz,-0.15,1.626613271
子图1：均质 H004：幅值,3 Hz,-0.1,1.629487572
子图1：均质 H004：幅值,3 Hz,-0.05,1.631418796
子图1：均质 H004：幅值,3 Hz,0,1.632780583
子图1：均质 H004：幅值,3 Hz,0.05,1.619648976
子图1：均质 H004：幅值,3 Hz,0.1,1.6063175
子图1：均质 H004：幅值,3 Hz,0.15,1.589694652
子图1：均质 H004：幅值,3 Hz,0.2,1.571579357
子图1：均质 H004：幅值,3 Hz,0.25,1.550074361
子图1：均质 H004：幅值,3 Hz,0.3,1.526633828
子图1：均质 H004：幅值,3 Hz,0.35,1.49996643
子图1：均质 H004：幅值,3 Hz,0.4,1.4710623
子图1：均质 H004：幅值,3 Hz,0.45,1.439243608
子图1：均质 H004：幅值,3 Hz,0.5,1.404816048
子图1：均质 H004：幅值,3 Hz,0.55,1.368009525
子图1：均质 H004：幅值,3 Hz,0.6,1.327888464
子图1：均质 H004：幅值,3 Hz,0.65,1.286373094
子图1：均质 H004：幅值,3 Hz,0.7,1.23996842
子图1：均质 H004：幅值,3 Hz,0.75,1.19416114
子图1：均质 H004：幅值,3 Hz,0.8,1.139669639
子图1：均质 H004：幅值,3 Hz,0.85,1.090215266
子图1：均质 H004：幅值,3 Hz,0.9,1.021531992
子图1：均质 H004：幅值,3 Hz,0.95,0.9695559946
子图1：均质 H004：幅值,3 Hz,1,0.845987251
子图1：均质 H004：幅值,3 Hz,1.05,0.7723571454
子图1：均质 H004：幅值,3 Hz,1.1,0.7495177637
子图1：均质 H004：幅值,3 Hz,1.15,0.7283141681
子图1：均质 H004：幅值,3 Hz,1.2,0.7059523634
子图1：均质 H004：幅值,3 Hz,1.25,0.6966149572
子图1：均质 H004：幅值,3 Hz,1.3,0.6834859568
子图1：均质 H004：幅值,3 Hz,1.35,0.6733291414
子图1：均质 H004：幅值,3 Hz,1.4,0.6672768228
子图1：均质 H004：幅值,3 Hz,1.45,0.6589659711
子图1：均质 H004：幅值,3 Hz,1.5,0.6543321128
子图1：均质 H004：幅值,3 Hz,1.55,0.6503315272
子图1：均质 H004：幅值,3 Hz,1.6,0.6460949536
子图1：均质 H004：幅值,3 Hz,1.65,0.6445280063
子图1：均质 H004：幅值,3 Hz,1.7,0.6425104688
子图1：均质 H004：幅值,3 Hz,1.75,0.6412946155
子图1：均质 H004：幅值,3 Hz,1.8,0.6411778316
子图1：均质 H004：幅值,3 Hz,1.85,0.6407925904
子图1：均质 H004：幅值,3 Hz,1.9,0.6413771342
子图1：均质 H004：幅值,3 Hz,1.95,0.6422508671
子图1：均质 H004：幅值,3 Hz,2,0.6431994109
子图1：均质 H004：幅值,3 Hz,2.05,0.6448681568
子图1：均质 H004：幅值,3 Hz,2.1,0.646524416
子图1：均质 H004：幅值,3 Hz,2.15,0.6484346696
子图1：均质 H004：幅值,3 Hz,2.2,0.6506399607
子图1：均质 H004：幅值,3 Hz,2.25,0.6528499768
子图1：均质 H004：幅值,3 Hz,2.3,0.6552992569
子图1：均质 H004：幅值,3 Hz,2.35,0.6578321667
子图1：均质 H004：幅值,3 Hz,2.4,0.660409583
子图1：均质 H004：幅值,3 Hz,2.45,0.6631302411
子图1：均质 H004：幅值,3 Hz,2.5,0.6658600375
子图1：均质 H004：幅值,3 Hz,2.55,0.6686402587
子图1：均质 H004：幅值,3 Hz,2.6,0.6714575273
子图1：均质 H004：幅值,3 Hz,2.65,0.6742812729
子图1：均质 H004：幅值,3 Hz,2.7,0.677123247
子图1：均质 H004：幅值,3 Hz,2.75,0.6799654033
子图1：均质 H004：幅值,3 Hz,2.8,0.682817363
子图1：均质 H004：幅值,3 Hz,2.85,0.6856437795
子图1：均质 H004：幅值,3 Hz,2.9,0.6884723356
子图1：均质 H004：幅值,3 Hz,2.95,0.69129502
子图1：均质 H004：幅值,3 Hz,3,0.6940935487
子图1：均质 H004：幅值,3 Hz,3.05,0.6968931918
子图1：均质 H004：幅值,3 Hz,3.1,0.699668899
子图1：均质 H004：幅值,3 Hz,3.15,0.7024379352
子图1：均质 H004：幅值,3 Hz,3.2,0.7052212538
子图1：均质 H004：幅值,3 Hz,3.25,0.7079584547
子图1：均质 H004：幅值,3 Hz,3.3,0.7107151134
子图1：均质 H004：幅值,3 Hz,3.35,0.7134764367
子图1：均质 H004：幅值,3 Hz,3.4,0.7162285287
子图1：均质 H004：幅值,3 Hz,3.45,0.7189996175
子图1：均质 H004：幅值,3 Hz,3.5,0.7217688318
子图1：均质 H004：幅值,3 Hz,3.55,0.7245584562
子图1：均质 H004：幅值,3 Hz,3.6,0.727387876
子图1：均质 H004：幅值,3 Hz,3.65,0.7302000583
子图1：均质 H004：幅值,3 Hz,3.7,0.7330594663
子图1：均质 H004：幅值,3 Hz,3.75,0.7359526522
子图1：均质 H004：幅值,3 Hz,3.8,0.7388706967
子图1：均质 H004：幅值,3 Hz,3.85,0.7418274577
子图1：均质 H004：幅值,3 Hz,3.9,0.7448144875
子图1：均质 H004：幅值,3 Hz,3.95,0.7478484778
子图1：均质 H004：幅值,3 Hz,4,0.7509371101
子图1：均质 H004：幅值,5 Hz,-4,0.9416231027
子图1：均质 H004：幅值,5 Hz,-3.95,0.9373358201
子图1：均质 H004：幅值,5 Hz,-3.9,0.9338311156
子图1：均质 H004：幅值,5 Hz,-3.85,0.9309991897
子图1：均质 H004：幅值,5 Hz,-3.8,0.9287468715
子图1：均质 H004：幅值,5 Hz,-3.75,0.9270151813
子图1：均质 H004：幅值,5 Hz,-3.7,0.9256804466
子图1：均质 H004：幅值,5 Hz,-3.65,0.9246812576
子图1：均质 H004：幅值,5 Hz,-3.6,0.9239381866
子图1：均质 H004：幅值,5 Hz,-3.55,0.9232299461
子图1：均质 H004：幅值,5 Hz,-3.5,0.9225750849
子图1：均质 H004：幅值,5 Hz,-3.45,0.9218672823
子图1：均质 H004：幅值,5 Hz,-3.4,0.9210142449
子图1：均质 H004：幅值,5 Hz,-3.35,0.9198353404
子图1：均质 H004：幅值,5 Hz,-3.3,0.9183462931
子图1：均质 H004：幅值,5 Hz,-3.25,0.9164946505
子图1：均质 H004：幅值,5 Hz,-3.2,0.9142299863
子图1：均质 H004：幅值,5 Hz,-3.15,0.9113401067
子图1：均质 H004：幅值,5 Hz,-3.1,0.9079478858
子图1：均质 H004：幅值,5 Hz,-3.05,0.9040217687
子图1：均质 H004：幅值,5 Hz,-3,0.899544297
子图1：均质 H004：幅值,5 Hz,-2.95,0.8943659672
子图1：均质 H004：幅值,5 Hz,-2.9,0.8886428851
子图1：均质 H004：幅值,5 Hz,-2.85,0.8824005167
子图1：均质 H004：幅值,5 Hz,-2.8,0.8756734619
子图1：均质 H004：幅值,5 Hz,-2.75,0.8683630195
子图1：均质 H004：幅值,5 Hz,-2.7,0.8606816635
子图1：均质 H004：幅值,5 Hz,-2.65,0.8526978666
子图1：均质 H004：幅值,5 Hz,-2.6,0.8444934781
子图1：均质 H004：幅值,5 Hz,-2.55,0.8360710432
子图1：均质 H004：幅值,5 Hz,-2.5,0.8276519963
子图1：均质 H004：幅值,5 Hz,-2.45,0.8193592492
子图1：均质 H004：幅值,5 Hz,-2.4,0.8113258493
子图1：均质 H004：幅值,5 Hz,-2.35,0.8036504728
子图1：均质 H004：幅值,5 Hz,-2.3,0.796553419
子图1：均质 H004：幅值,5 Hz,-2.25,0.7901905419
子图1：均质 H004：幅值,5 Hz,-2.2,0.7847212431
子图1：均质 H004：幅值,5 Hz,-2.15,0.7803412444
子图1：均质 H004：幅值,5 Hz,-2.1,0.7772052718
子图1：均质 H004：幅值,5 Hz,-2.05,0.7754681742
子图1：均质 H004：幅值,5 Hz,-2,0.7752759188
子图1：均质 H004：幅值,5 Hz,-1.95,0.7768363589
子图1：均质 H004：幅值,5 Hz,-1.9,0.7801994004
子图1：均质 H004：幅值,5 Hz,-1.85,0.7854457106
子图1：均质 H004：幅值,5 Hz,-1.8,0.7926265909
子图1：均质 H004：幅值,5 Hz,-1.75,0.8019164509
子图1：均质 H004：幅值,5 Hz,-1.7,0.8131843359
子图1：均质 H004：幅值,5 Hz,-1.65,0.8264090799
子图1：均质 H004：幅值,5 Hz,-1.6,0.841554231
子图1：均质 H004：幅值,5 Hz,-1.55,0.8586394926
子图1：均质 H004：幅值,5 Hz,-1.5,0.8774696778
子图1：均质 H004：幅值,5 Hz,-1.45,0.8979203906
子图1：均质 H004：幅值,5 Hz,-1.4,0.919834862
子图1：均质 H004：幅值,5 Hz,-1.35,0.9432395727
子图1：均质 H004：幅值,5 Hz,-1.3,0.9678080782
子图1：均质 H004：幅值,5 Hz,-1.25,0.993410679
子图1：均质 H004：幅值,5 Hz,-1.2,1.019954798
子图1：均质 H004：幅值,5 Hz,-1.15,1.047200069
子图1：均质 H004：幅值,5 Hz,-1.1,1.075060156
子图1：均质 H004：幅值,5 Hz,-1.05,1.103348406
子图1：均质 H004：幅值,5 Hz,-1,1.131808047
子图1：均质 H004：幅值,5 Hz,-0.95,1.16051936
子图1：均质 H004：幅值,5 Hz,-0.9,1.189094894
子图1：均质 H004：幅值,5 Hz,-0.85,1.217475862
子图1：均质 H004：幅值,5 Hz,-0.8,1.245744625
子图1：均质 H004：幅值,5 Hz,-0.75,1.273211469
子图1：均质 H004：幅值,5 Hz,-0.7,1.300292631
子图1：均质 H004：幅值,5 Hz,-0.65,1.326731613
子图1：均质 H004：幅值,5 Hz,-0.6,1.35202923
子图1：均质 H004：幅值,5 Hz,-0.55,1.376753306
子图1：均质 H004：幅值,5 Hz,-0.5,1.400081928
子图1：均质 H004：幅值,5 Hz,-0.45,1.422166298
子图1：均质 H004：幅值,5 Hz,-0.4,1.44355932
子图1：均质 H004：幅值,5 Hz,-0.35,1.462394885
子图1：均质 H004：幅值,5 Hz,-0.3,1.48024626
子图1：均质 H004：幅值,5 Hz,-0.25,1.496459777
子图1：均质 H004：幅值,5 Hz,-0.2,1.509844296
子图1：均质 H004：幅值,5 Hz,-0.15,1.522052546
子图1：均质 H004：幅值,5 Hz,-0.1,1.530806568
子图1：均质 H004：幅值,5 Hz,-0.05,1.536555864
子图1：均质 H004：幅值,5 Hz,0,1.539613895
子图1：均质 H004：幅值,5 Hz,0.05,1.520635261
子图1：均质 H004：幅值,5 Hz,0.1,1.500948715
子图1：均质 H004：幅值,5 Hz,0.15,1.475372003
子图1：均质 H004：幅值,5 Hz,0.2,1.446122237
子图1：均质 H004：幅值,5 Hz,0.25,1.410451534
子图1：均质 H004：幅值,5 Hz,0.3,1.370373442
子图1：均质 H004：幅值,5 Hz,0.35,1.324252287
子图1：均质 H004：幅值,5 Hz,0.4,1.273623988
子图1：均质 H004：幅值,5 Hz,0.45,1.217851599
子图1：均质 H004：幅值,5 Hz,0.5,1.157724425
子图1：均质 H004：幅值,5 Hz,0.55,1.093872279
子图1：均质 H004：幅值,5 Hz,0.6,1.025766164
子图1：均质 H004：幅值,5 Hz,0.65,0.9560945188
子图1：均质 H004：幅值,5 Hz,0.7,0.8817759931
子图1：均质 H004：幅值,5 Hz,0.75,0.809418714
子图1：均质 H004：幅值,5 Hz,0.8,0.7307075324
子图1：均质 H004：幅值,5 Hz,0.85,0.6604557434
子图1：均质 H004：幅值,5 Hz,0.9,0.5791629673
子图1：均质 H004：幅值,5 Hz,0.95,0.5206139572
子图1：均质 H004：幅值,5 Hz,1,0.4424761088
子图1：均质 H004：幅值,5 Hz,1.05,0.4365153524
子图1：均质 H004：幅值,5 Hz,1.1,0.4573417792
子图1：均质 H004：幅值,5 Hz,1.15,0.4816144769
子图1：均质 H004：幅值,5 Hz,1.2,0.5080917239
子图1：均质 H004：幅值,5 Hz,1.25,0.5361361123
子图1：均质 H004：幅值,5 Hz,1.3,0.5645876345
子图1：均质 H004：幅值,5 Hz,1.35,0.5931671641
子图1：均质 H004：幅值,5 Hz,1.4,0.621572374
子图1：均质 H004：幅值,5 Hz,1.45,0.6496600882
子图1：均质 H004：幅值,5 Hz,1.5,0.6772560412
子图1：均质 H004：幅值,5 Hz,1.55,0.7043086969
子图1：均质 H004：幅值,5 Hz,1.6,0.7306729612
子图1：均质 H004：幅值,5 Hz,1.65,0.7562732608
子图1：均质 H004：幅值,5 Hz,1.7,0.7810047182
子图1：均质 H004：幅值,5 Hz,1.75,0.8049002148
子图1：均质 H004：幅值,5 Hz,1.8,0.8280056332
子图1：均质 H004：幅值,5 Hz,1.85,0.8498069464
子图1：均质 H004：幅值,5 Hz,1.9,0.8707369795
子图1：均质 H004：幅值,5 Hz,1.95,0.8906283307
子图1：均质 H004：幅值,5 Hz,2,0.9093644326
子图1：均质 H004：幅值,5 Hz,2.05,0.9269287211
子图1：均质 H004：幅值,5 Hz,2.1,0.9432646187
子图1：均质 H004：幅值,5 Hz,2.15,0.9584722493
子图1：均质 H004：幅值,5 Hz,2.2,0.9725946744
子图1：均质 H004：幅值,5 Hz,2.25,0.9851843551
子图1：均质 H004：幅值,5 Hz,2.3,0.996673414
子图1：均质 H004：幅值,5 Hz,2.35,1.006970025
子图1：均质 H004：幅值,5 Hz,2.4,1.01604096
子图1：均质 H004：幅值,5 Hz,2.45,1.023770022
子图1：均质 H004：幅值,5 Hz,2.5,1.03029468
子图1：均质 H004：幅值,5 Hz,2.55,1.03568902
子图1：均质 H004：幅值,5 Hz,2.6,1.039989649
子图1：均质 H004：幅值,5 Hz,2.65,1.042943799
子图1：均质 H004：幅值,5 Hz,2.7,1.044872795
子图1：均质 H004：幅值,5 Hz,2.75,1.045781707
子图1：均质 H004：幅值,5 Hz,2.8,1.045709275
子图1：均质 H004：幅值,5 Hz,2.85,1.044532476
子图1：均质 H004：幅值,5 Hz,2.9,1.042480286
子图1：均质 H004：幅值,5 Hz,2.95,1.039613831
子图1：均质 H004：幅值,5 Hz,3,1.035976213
子图1：均质 H004：幅值,5 Hz,3.05,1.031505773
子图1：均质 H004：幅值,5 Hz,3.1,1.026399573
子图1：均质 H004：幅值,5 Hz,3.15,1.020723278
子图1：均质 H004：幅值,5 Hz,3.2,1.014560497
子图1：均质 H004：幅值,5 Hz,3.25,1.007850493
子图1：均质 H004：幅值,5 Hz,3.3,1.000806193
子图1：均质 H004：幅值,5 Hz,3.35,0.9934801173
子图1：均质 H004：幅值,5 Hz,3.4,0.9859092379
子图1：均质 H004：幅值,5 Hz,3.45,0.9781985035
子图1：均质 H004：幅值,5 Hz,3.5,0.9703964588
子图1：均质 H004：幅值,5 Hz,3.55,0.9625918481
子图1：均质 H004：幅值,5 Hz,3.6,0.9548926532
子图1：均质 H004：幅值,5 Hz,3.65,0.9472776815
子图1：均质 H004：幅值,5 Hz,3.7,0.9399078718
子图1：均质 H004：幅值,5 Hz,3.75,0.9328060124
子图1：均质 H004：幅值,5 Hz,3.8,0.9259607858
子图1：均质 H004：幅值,5 Hz,3.85,0.9196295029
子图1：均质 H004：幅值,5 Hz,3.9,0.9136679311
子图1：均质 H004：幅值,5 Hz,3.95,0.9081699897
子图1：均质 H004：幅值,5 Hz,4,0.9032764498
子图1：均质 H004：幅值,7 Hz,-4,1.4009826
子图1：均质 H004：幅值,7 Hz,-3.95,1.404621001
子图1：均质 H004：幅值,7 Hz,-3.9,1.404510944
子图1：均质 H004：幅值,7 Hz,-3.85,1.400382291
子图1：均质 H004：幅值,7 Hz,-3.8,1.392057282
子图1：均质 H004：幅值,7 Hz,-3.75,1.379521788
子图1：均质 H004：幅值,7 Hz,-3.7,1.362984533
子图1：均质 H004：幅值,7 Hz,-3.65,1.342819566
子图1：均质 H004：幅值,7 Hz,-3.6,1.319367771
子图1：均质 H004：幅值,7 Hz,-3.55,1.291870669
子图1：均质 H004：幅值,7 Hz,-3.5,1.26161106
子图1：均质 H004：幅值,7 Hz,-3.45,1.228687755
子图1：均质 H004：幅值,7 Hz,-3.4,1.193303261
子图1：均质 H004：幅值,7 Hz,-3.35,1.15590295
子图1：均质 H004：幅值,7 Hz,-3.3,1.116945126
子图1：均质 H004：幅值,7 Hz,-3.25,1.077059805
子图1：均质 H004：幅值,7 Hz,-3.2,1.0368661
子图1：均质 H004：幅值,7 Hz,-3.15,0.996616081
子图1：均质 H004：幅值,7 Hz,-3.1,0.9573325102
子图1：均质 H004：幅值,7 Hz,-3.05,0.9195356873
子图1：均质 H004：幅值,7 Hz,-3,0.8838171224
子图1：均质 H004：幅值,7 Hz,-2.95,0.8511779859
子图1：均质 H004：幅值,7 Hz,-2.9,0.8219618202
子图1：均质 H004：幅值,7 Hz,-2.85,0.7967945162
子图1：均质 H004：幅值,7 Hz,-2.8,0.7761507407
子图1：均质 H004：幅值,7 Hz,-2.75,0.7604370447
子图1：均质 H004：幅值,7 Hz,-2.7,0.7496298749
子图1：均质 H004：幅值,7 Hz,-2.65,0.7435859165
子图1：均质 H004：幅值,7 Hz,-2.6,0.74201275
子图1：均质 H004：幅值,7 Hz,-2.55,0.7445409209
子图1：均质 H004：幅值,7 Hz,-2.5,0.7504117432
子图1：均质 H004：幅值,7 Hz,-2.45,0.7589766268
子图1：均质 H004：幅值,7 Hz,-2.4,0.7695344713
子图1：均质 H004：幅值,7 Hz,-2.35,0.7812291786
子图1：均质 H004：幅值,7 Hz,-2.3,0.793497849
子图1：均质 H004：幅值,7 Hz,-2.25,0.8057706822
子图1：均质 H004：幅值,7 Hz,-2.2,0.8175606983
子图1：均质 H004：幅值,7 Hz,-2.15,0.8280531264
子图1：均质 H004：幅值,7 Hz,-2.1,0.8372443619
子图1：均质 H004：幅值,7 Hz,-2.05,0.8448687772
子图1：均质 H004：幅值,7 Hz,-2,0.8507313684
子图1：均质 H004：幅值,7 Hz,-1.95,0.8543307697
子图1：均质 H004：幅值,7 Hz,-1.9,0.8560169474
子图1：均质 H004：幅值,7 Hz,-1.85,0.8558315622
子图1：均质 H004：幅值,7 Hz,-1.8,0.8538685222
子图1：均质 H004：幅值,7 Hz,-1.75,0.8499288805
子图1：均质 H004：幅值,7 Hz,-1.7,0.8446234561
子图1：均质 H004：幅值,7 Hz,-1.65,0.8382230137
子图1：均质 H004：幅值,7 Hz,-1.6,0.8310765638
子图1：均质 H004：幅值,7 Hz,-1.55,0.823360183
子图1：均质 H004：幅值,7 Hz,-1.5,0.8158059821
子图1：均质 H004：幅值,7 Hz,-1.45,0.8088784201
子图1：均质 H004：幅值,7 Hz,-1.4,0.8030100224
子图1：均质 H004：幅值,7 Hz,-1.35,0.7989682063
子图1：均质 H004：幅值,7 Hz,-1.3,0.7971154785
子图1：均质 H004：幅值,7 Hz,-1.25,0.7979937108
子图1：均质 H004：幅值,7 Hz,-1.2,0.8022257017
子图1：均质 H004：幅值,7 Hz,-1.15,0.8100173354
子图1：均质 H004：幅值,7 Hz,-1.1,0.8218531562
子图1：均质 H004：幅值,7 Hz,-1.05,0.8377226157
子图1：均质 H004：幅值,7 Hz,-1,0.8572506155
子图1：均质 H004：幅值,7 Hz,-0.95,0.881524572
子图1：均质 H004：幅值,7 Hz,-0.9,0.9090945761
子图1：均质 H004：幅值,7 Hz,-0.85,0.9399365892
子图1：均质 H004：幅值,7 Hz,-0.8,0.9743575456
子图1：均质 H004：幅值,7 Hz,-0.75,1.010534366
子图1：均质 H004：幅值,7 Hz,-0.7,1.04932464
子图1：均质 H004：幅值,7 Hz,-0.65,1.089701795
子图1：均质 H004：幅值,7 Hz,-0.6,1.130029721
子图1：均质 H004：幅值,7 Hz,-0.55,1.172329394
子图1：均质 H004：幅值,7 Hz,-0.5,1.213445807
子图1：均质 H004：幅值,7 Hz,-0.45,1.253755699
子图1：均质 H004：幅值,7 Hz,-0.4,1.294495447
子图1：均质 H004：幅值,7 Hz,-0.35,1.330820471
子图1：均质 H004：幅值,7 Hz,-0.3,1.366419678
子图1：均质 H004：幅值,7 Hz,-0.25,1.39933184
子图1：均质 H004：幅值,7 Hz,-0.2,1.426585555
子图1：均质 H004：幅值,7 Hz,-0.15,1.452196606
子图1：均质 H004：幅值,7 Hz,-0.1,1.470433101
子图1：均质 H004：幅值,7 Hz,-0.05,1.482381499
子图1：均质 H004：幅值,7 Hz,0,1.488944572
子图1：均质 H004：幅值,7 Hz,0.05,1.466020669
子图1：均质 H004：幅值,7 Hz,0.1,1.443562157
子图1：均质 H004：幅值,7 Hz,0.15,1.409385863
子图1：均质 H004：幅值,7 Hz,0.2,1.368633123
子图1：均质 H004：幅值,7 Hz,0.25,1.314995927
子图1：均质 H004：幅值,7 Hz,0.3,1.253201638
子图1：均质 H004：幅值,7 Hz,0.35,1.179818228
子图1：均质 H004：幅值,7 Hz,0.4,1.098559797
子图1：均质 H004：幅值,7 Hz,0.45,1.008456087
子图1：均质 H004：幅值,7 Hz,0.5,0.9118742603
子图1：均质 H004：幅值,7 Hz,0.55,0.8106070929
子图1：均质 H004：幅值,7 Hz,0.6,0.7053166395
子图1：均质 H004：幅值,7 Hz,0.65,0.6017851238
子图1：均质 H004：幅值,7 Hz,0.7,0.4995273451
子图1：均质 H004：幅值,7 Hz,0.75,0.411393519
子图1：均质 H004：幅值,7 Hz,0.8,0.3434326862
子图1：均质 H004：幅值,7 Hz,0.85,0.313835981
子图1：均质 H004：幅值,7 Hz,0.9,0.3503685113
子图1：均质 H004：幅值,7 Hz,0.95,0.400322985
子图1：均质 H004：幅值,7 Hz,1,0.6013381324
子图1：均质 H004：幅值,7 Hz,1.05,0.7450710866
子图1：均质 H004：幅值,7 Hz,1.1,0.7907717974
子图1：均质 H004：幅值,7 Hz,1.15,0.8316180031
子图1：均质 H004：幅值,7 Hz,1.2,0.8754782481
子图1：均质 H004：幅值,7 Hz,1.25,0.8886043054
子图1：均质 H004：幅值,7 Hz,1.3,0.9094725216
子图1：均质 H004：幅值,7 Hz,1.35,0.9227555398
子图1：均质 H004：幅值,7 Hz,1.4,0.9242705281
子图1：均质 H004：幅值,7 Hz,1.45,0.9310342057
子图1：均质 H004：幅值,7 Hz,1.5,0.927195119
子图1：均质 H004：幅值,7 Hz,1.55,0.9208848427
子图1：均质 H004：幅值,7 Hz,1.6,0.9154116936
子图1：均质 H004：幅值,7 Hz,1.65,0.9013228163
子图1：均质 H004：幅值,7 Hz,1.7,0.8889652351
子图1：均质 H004：幅值,7 Hz,1.75,0.8746576373
子图1：均质 H004：幅值,7 Hz,1.8,0.8572159531
子图1：均质 H004：幅值,7 Hz,1.85,0.8419539185
子图1：均质 H004：幅值,7 Hz,1.9,0.8245956459
子图1：均质 H004：幅值,7 Hz,1.95,0.8077907252
子图1：均质 H004：幅值,7 Hz,2,0.792790567
子图1：均质 H004：幅值,7 Hz,2.05,0.7772650498
子图1：均质 H004：幅值,7 Hz,2.1,0.7642929382
子图1：均质 H004：幅值,7 Hz,2.15,0.7530209497
子图1：均质 H004：幅值,7 Hz,2.2,0.7433158713
子图1：均质 H004：幅值,7 Hz,2.25,0.7368462375
子图1：均质 H004：幅值,7 Hz,2.3,0.7324233664
子图1：均质 H004：幅值,7 Hz,2.35,0.7306967334
子图1：均质 H004：幅值,7 Hz,2.4,0.7318795329
子图1：均质 H004：幅值,7 Hz,2.45,0.7357203126
子图1：均质 H004：幅值,7 Hz,2.5,0.7424452111
子图1：均质 H004：幅值,7 Hz,2.55,0.7517725328
子图1：均质 H004：幅值,7 Hz,2.6,0.7635621012
子图1：均质 H004：幅值,7 Hz,2.65,0.7781376712
子图1：均质 H004：幅值,7 Hz,2.7,0.7949285201
子图1：均质 H004：幅值,7 Hz,2.75,0.8138490093
子图1：均质 H004：幅值,7 Hz,2.8,0.8347488004
子图1：均质 H004：幅值,7 Hz,2.85,0.8576181246
子图1：均质 H004：幅值,7 Hz,2.9,0.882069217
子图1：均质 H004：幅值,7 Hz,2.95,0.9078968305
子图1：均质 H004：幅值,7 Hz,3,0.9348927537
子图1：均质 H004：幅值,7 Hz,3.05,0.9629379761
子图1：均质 H004：幅值,7 Hz,3.1,0.9916695516
子图1：均质 H004：幅值,7 Hz,3.15,1.020864278
子图1：均质 H004：幅值,7 Hz,3.2,1.050314369
子图1：均质 H004：幅值,7 Hz,3.25,1.079667282
子图1：均质 H004：幅值,7 Hz,3.3,1.108758396
子图1：均质 H004：幅值,7 Hz,3.35,1.137367707
子图1：均质 H004：幅值,7 Hz,3.4,1.165253235
子图1：均质 H004：幅值,7 Hz,3.45,1.192035268
子图1：均质 H004：幅值,7 Hz,3.5,1.217671119
子图1：均质 H004：幅值,7 Hz,3.55,1.24203722
子图1：均质 H004：幅值,7 Hz,3.6,1.265088606
子图1：均质 H004：幅值,7 Hz,3.65,1.286142328
子图1：均质 H004：幅值,7 Hz,3.7,1.305679263
子图1：均质 H004：幅值,7 Hz,3.75,1.323620564
子图1：均质 H004：幅值,7 Hz,3.8,1.339825168
子图1：均质 H004：幅值,7 Hz,3.85,1.354126553
子图1：均质 H004：幅值,7 Hz,3.9,1.366765823
子图1：均质 H004：幅值,7 Hz,3.95,1.377939604
子图1：均质 H004：幅值,7 Hz,4,1.388036998
子图1：均质 H004：幅值,9 Hz,-4,0.6656335747
子图1：均质 H004：幅值,9 Hz,-3.95,0.6934164334
子图1：均质 H004：幅值,9 Hz,-3.9,0.7331475883
子图1：均质 H004：幅值,9 Hz,-3.85,0.7805922562
子图1：均质 H004：幅值,9 Hz,-3.8,0.8332246084
子图1：均质 H004：幅值,9 Hz,-3.75,0.890124445
子图1：均质 H004：幅值,9 Hz,-3.7,0.9479644011
子图1：均质 H004：幅值,9 Hz,-3.65,1.005990888
子图1：均质 H004：幅值,9 Hz,-3.6,1.062048011
子图1：均质 H004：幅值,9 Hz,-3.55,1.115886948
子图1：均质 H004：幅值,9 Hz,-3.5,1.165593479
子图1：均质 H004：幅值,9 Hz,-3.45,1.210746457
子图1：均质 H004：幅值,9 Hz,-3.4,1.252433517
子图1：均质 H004：幅值,9 Hz,-3.35,1.285610373
子图1：均质 H004：幅值,9 Hz,-3.3,1.314313133
子图1：均质 H004：幅值,9 Hz,-3.25,1.336995676
子图1：均质 H004：幅值,9 Hz,-3.2,1.351215143
子图1：均质 H004：幅值,9 Hz,-3.15,1.360826781
子图1：均质 H004：幅值,9 Hz,-3.1,1.361788233
子图1：均质 H004：幅值,9 Hz,-3.05,1.356123656
子图1：均质 H004：幅值,9 Hz,-3,1.346368783
子图1：均质 H004：幅值,9 Hz,-2.95,1.325992667
子图1：均质 H004：幅值,9 Hz,-2.9,1.302185257
子图1：均质 H004：幅值,9 Hz,-2.85,1.273037688
子图1：均质 H004：幅值,9 Hz,-2.8,1.236924711
子图1：均质 H004：幅值,9 Hz,-2.75,1.199398616
子图1：均质 H004：幅值,9 Hz,-2.7,1.156535779
子图1：均质 H004：幅值,9 Hz,-2.65,1.111582314
子图1：均质 H004：幅值,9 Hz,-2.6,1.067167891
子图1：均质 H004：幅值,9 Hz,-2.55,1.020065729
子图1：均质 H004：幅值,9 Hz,-2.5,0.9761393877
子图1：均质 H004：幅值,9 Hz,-2.45,0.9347926383
子图1：均质 H004：幅值,9 Hz,-2.4,0.896535557
子图1：均质 H004：幅值,9 Hz,-2.35,0.8657048035
子图1：均质 H004：幅值,9 Hz,-2.3,0.840509862
子图1：均质 H004：幅值,9 Hz,-2.25,0.8229680357
子图1：均质 H004：幅值,9 Hz,-2.2,0.8137064904
子图1：均质 H004：幅值,9 Hz,-2.15,0.8118008272
子图1：均质 H004：幅值,9 Hz,-2.1,0.8173358248
子图1：均质 H004：幅值,9 Hz,-2.05,0.8286863804
子图1：均质 H004：幅值,9 Hz,-2,0.844380786
子图1：均质 H004：幅值,9 Hz,-1.95,0.8635976049
子图1：均质 H004：幅值,9 Hz,-1.9,0.8840234141
子图1：均质 H004：幅值,9 Hz,-1.85,0.9046918924
子图1：均质 H004：幅值,9 Hz,-1.8,0.9248579194
子图1：均质 H004：幅值,9 Hz,-1.75,0.9418107101
子图1：均质 H004：幅值,9 Hz,-1.7,0.9563814033
子图1：均质 H004：幅值,9 Hz,-1.65,0.9675044126
子图1：均质 H004：幅值,9 Hz,-1.6,0.9740207628
子图1：均质 H004：幅值,9 Hz,-1.55,0.9765936526
子图1：均质 H004：幅值,9 Hz,-1.5,0.9740890197
子图1：均质 H004：幅值,9 Hz,-1.45,0.9672499623
子图1：均质 H004：幅值,9 Hz,-1.4,0.9572993344
子图1：均质 H004：幅值,9 Hz,-1.35,0.9414794772
子图1：均质 H004：幅值,9 Hz,-1.3,0.9236274569
子图1：均质 H004：幅值,9 Hz,-1.25,0.9034936927
子图1：均质 H004：幅值,9 Hz,-1.2,0.8806237562
子图1：均质 H004：幅值,9 Hz,-1.15,0.8592452631
子图1：均质 H004：幅值,9 Hz,-1.1,0.8376522179
子图1：均质 H004：幅值,9 Hz,-1.05,0.8186671834
子图1：均质 H004：幅值,9 Hz,-1,0.8054211947
子图1：均质 H004：幅值,9 Hz,-0.95,0.7958515122
子图1：均质 H004：幅值,9 Hz,-0.9,0.7952046425
子图1：均质 H004：幅值,9 Hz,-0.85,0.8027198789
子图1：均质 H004：幅值,9 Hz,-0.8,0.8177587473
子图1：均质 H004：幅值,9 Hz,-0.75,0.8441957804
子图1：均质 H004：幅值,9 Hz,-0.7,0.8776590156
子图1：均质 H004：幅值,9 Hz,-0.65,0.9187561458
子图1：均质 H004：幅值,9 Hz,-0.6,0.9662071472
子图1：均质 H004：幅值,9 Hz,-0.55,1.018351531
子图1：均质 H004：幅值,9 Hz,-0.5,1.073750672
子图1：均质 H004：幅值,9 Hz,-0.45,1.130462882
子图1：均质 H004：幅值,9 Hz,-0.4,1.188649209
子图1：均质 H004：幅值,9 Hz,-0.35,1.24374456
子图1：均质 H004：幅值,9 Hz,-0.3,1.297585297
子图1：均质 H004：幅值,9 Hz,-0.25,1.348137442
子图1：均质 H004：幅值,9 Hz,-0.2,1.391553364
子图1：均质 H004：幅值,9 Hz,-0.15,1.431208425
子图1：均质 H004：幅值,9 Hz,-0.1,1.460664702
子图1：均质 H004：幅值,9 Hz,-0.05,1.480259151
子图1：均质 H004：幅值,9 Hz,0,1.490374231
子图1：均质 H004：幅值,9 Hz,0.05,1.446770877
子图1：均质 H004：幅值,9 Hz,0.1,1.401175906
子图1：均质 H004：幅值,9 Hz,0.15,1.337046974
子图1：均质 H004：幅值,9 Hz,0.2,1.26040022
子图1：均质 H004：幅值,9 Hz,0.25,1.164712784
子图1：均质 H004：幅值,9 Hz,0.3,1.05627421
子图1：均质 H004：幅值,9 Hz,0.35,0.9331189116
子图1：均质 H004：幅值,9 Hz,0.4,0.8009658931
子图1：均质 H004：幅值,9 Hz,0.45,0.6614497199
子图1：均质 H004：幅值,9 Hz,0.5,0.5202245212
子图1：均质 H004：幅值,9 Hz,0.55,0.384141223
子图1：均质 H004：幅值,9 Hz,0.6,0.2672777544
子图1：均质 H004：幅值,9 Hz,0.65,0.2031177337
子图1：均质 H004：幅值,9 Hz,0.7,0.234253901
子图1：均质 H004：幅值,9 Hz,0.75,0.3158621069
子图1：均质 H004：幅值,9 Hz,0.8,0.4227483294
子图1：均质 H004：幅值,9 Hz,0.85,0.5101744531
子图1：均质 H004：幅值,9 Hz,0.9,0.6136220243
子图1：均质 H004：幅值,9 Hz,0.95,0.6708142556
子图1：均质 H004：幅值,9 Hz,1,0.8122380507
子图1：均质 H004：幅值,9 Hz,1.05,0.914068842
子图1：均质 H004：幅值,9 Hz,1.1,0.9292063967
子图1：均质 H004：幅值,9 Hz,1.15,0.9402141517
子图1：均质 H004：幅值,9 Hz,1.2,0.9603770597
子图1：均质 H004：幅值,9 Hz,1.25,0.9479120489
子图1：均质 H004：幅值,9 Hz,1.3,0.9499313073
子图1：均质 H004：幅值,9 Hz,1.35,0.948435254
子图1：均质 H004：幅值,9 Hz,1.4,0.9329871682
子图1：均质 H004：幅值,9 Hz,1.45,0.9359415539
子图1：均质 H004：幅值,9 Hz,1.5,0.9262942462
子图1：均质 H004：幅值,9 Hz,1.55,0.9179499101
子图1：均质 H004：幅值,9 Hz,1.6,0.9214515165
子图1：均质 H004：幅值,9 Hz,1.65,0.9099881213
子图1：均质 H004：幅值,9 Hz,1.7,0.9109364891
子图1：均质 H004：幅值,9 Hz,1.75,0.9132600233
子图1：均质 H004：幅值,9 Hz,1.8,0.9077068663
子图1：均质 H004：幅值,9 Hz,1.85,0.9185676628
子图1：均质 H004：幅值,9 Hz,1.9,0.9215968154
子图1：均质 H004：幅值,9 Hz,1.95,0.9265941281
子图1：均质 H004：幅值,9 Hz,2,0.9421284081
子图1：均质 H004：幅值,9 Hz,2.05,0.9460881516
子图1：均质 H004：幅值,9 Hz,2.1,0.9603202634
子图1：均质 H004：幅值,9 Hz,2.15,0.9756267519
子图1：均质 H004：幅值,9 Hz,2.2,0.9837140475
子图1：均质 H004：幅值,9 Hz,2.25,1.005115971
子图1：均质 H004：幅值,9 Hz,2.3,1.018789351
子图1：均质 H004：幅值,9 Hz,2.35,1.032913248
子图1：均质 H004：幅值,9 Hz,2.4,1.054844752
子图1：均质 H004：幅值,9 Hz,2.45,1.064774794
子图1：均质 H004：幅值,9 Hz,2.5,1.081969053
子图1：均质 H004：幅值,9 Hz,2.55,1.098345064
子图1：均质 H004：幅值,9 Hz,2.6,1.106642516
子图1：均质 H004：幅值,9 Hz,2.65,1.124623675
子图1：均质 H004：幅值,9 Hz,2.7,1.134415011
子图1：均质 H004：幅值,9 Hz,2.75,1.143534138
子图1：均质 H004：幅值,9 Hz,2.8,1.158836053
子图1：均质 H004：幅值,9 Hz,2.85,1.16302956
子图1：均质 H004：幅值,9 Hz,2.9,1.17393621
子图1：均质 H004：幅值,9 Hz,2.95,1.184981183
子图1：均质 H004：幅值,9 Hz,3,1.190356729
子图1：均质 H004：幅值,9 Hz,3.05,1.205639513
子图1：均质 H004：幅值,9 Hz,3.1,1.216003235
子图1：均质 H004：幅值,9 Hz,3.15,1.228097226
子图1：均质 H004：幅值,9 Hz,3.2,1.247674351
子图1：均质 H004：幅值,9 Hz,3.25,1.259869164
子图1：均质 H004：幅值,9 Hz,3.3,1.27932179
子图1：均质 H004：幅值,9 Hz,3.35,1.300055939
子图1：均质 H004：幅值,9 Hz,3.4,1.316773091
子图1：均质 H004：幅值,9 Hz,3.45,1.340642017
子图1：均质 H004：幅值,9 Hz,3.5,1.359508613
子图1：均质 H004：幅值,9 Hz,3.55,1.377756244
子图1：均质 H004：幅值,9 Hz,3.6,1.399062497
子图1：均质 H004：幅值,9 Hz,3.65,1.410760481
子图1：均质 H004：幅值,9 Hz,3.7,1.42405757
子图1：均质 H004：幅值,9 Hz,3.75,1.434093004
子图1：均质 H004：幅值,9 Hz,3.8,1.436570762
子图1：均质 H004：幅值,9 Hz,3.85,1.43952127
子图1：均质 H004：幅值,9 Hz,3.9,1.434374464
子图1：均质 H004：幅值,9 Hz,3.95,1.424777827
子图1：均质 H004：幅值,9 Hz,4,1.414170777
子图1：均质 H004：幅值,系列6（竖直参考线）,0,0.1316345912
子图1：均质 H004：幅值,系列6（竖直参考线）,0,1.704263726
子图1：均质 H004：幅值,系列7（竖直参考线）,1,0.1316345912
子图1：均质 H004：幅值,系列7（竖直参考线）,1,1.704263726
子图2：成层 P061：幅值,1 Hz,-4,1.128511121
子图2：成层 P061：幅值,1 Hz,-3.95,1.131462025
子图2：成层 P061：幅值,1 Hz,-3.9,1.134349678
子图2：成层 P061：幅值,1 Hz,-3.85,1.13717168
子图2：成层 P061：幅值,1 Hz,-3.8,1.139928521
子图2：成层 P061：幅值,1 Hz,-3.75,1.142603986
子图2：成层 P061：幅值,1 Hz,-3.7,1.145211551
子图2：成层 P061：幅值,1 Hz,-3.65,1.1477492
子图2：成层 P061：幅值,1 Hz,-3.6,1.150212893
子图2：成层 P061：幅值,1 Hz,-3.55,1.152596387
子图2：成层 P061：幅值,1 Hz,-3.5,1.15490415
子图2：成层 P061：幅值,1 Hz,-3.45,1.15713802
子图2：成层 P061：幅值,1 Hz,-3.4,1.159301078
子图2：成层 P061：幅值,1 Hz,-3.35,1.161371752
子图2：成层 P061：幅值,1 Hz,-3.3,1.163370585
子图2：成层 P061：幅值,1 Hz,-3.25,1.165293879
子图2：成层 P061：幅值,1 Hz,-3.2,1.167137619
子图2：成层 P061：幅值,1 Hz,-3.15,1.168898017
子图2：成层 P061：幅值,1 Hz,-3.1,1.170578441
子图2：成层 P061：幅值,1 Hz,-3.05,1.172182493
子图2：成层 P061：幅值,1 Hz,-3,1.173713742
子图2：成层 P061：幅值,1 Hz,-2.95,1.175150469
子图2：成层 P061：幅值,1 Hz,-2.9,1.176514562
子图2：成层 P061：幅值,1 Hz,-2.85,1.17780256
子图2：成层 P061：幅值,1 Hz,-2.8,1.179011319
子图2：成层 P061：幅值,1 Hz,-2.75,1.180137289
子图2：成层 P061：幅值,1 Hz,-2.7,1.18118493
子图2：成层 P061：幅值,1 Hz,-2.65,1.182158281
子图2：成层 P061：幅值,1 Hz,-2.6,1.183061315
子图2：成层 P061：幅值,1 Hz,-2.55,1.183874387
子图2：成层 P061：幅值,1 Hz,-2.5,1.184619075
子图2：成层 P061：幅值,1 Hz,-2.45,1.185293134
子图2：成层 P061：幅值,1 Hz,-2.4,1.185894332
子图2：成层 P061：幅值,1 Hz,-2.35,1.186421484
子图2：成层 P061：幅值,1 Hz,-2.3,1.186879186
子图2：成层 P061：幅值,1 Hz,-2.25,1.187272527
子图2：成层 P061：幅值,1 Hz,-2.2,1.187607558
子图2：成层 P061：幅值,1 Hz,-2.15,1.187867119
子图2：成层 P061：幅值,1 Hz,-2.1,1.188073834
子图2：成层 P061：幅值,1 Hz,-2.05,1.188226929
子图2：成层 P061：幅值,1 Hz,-2,1.18832439
子图2：成层 P061：幅值,1 Hz,-1.95,1.188374346
子图2：成层 P061：幅值,1 Hz,-1.9,1.188376917
子图2：成层 P061：幅值,1 Hz,-1.85,1.188340634
子图2：成层 P061：幅值,1 Hz,-1.8,1.188276818
子图2：成层 P061：幅值,1 Hz,-1.75,1.188170409
子图2：成层 P061：幅值,1 Hz,-1.7,1.188048239
子图2：成层 P061：幅值,1 Hz,-1.65,1.1879104
子图2：成层 P061：幅值,1 Hz,-1.6,1.187754047
子图2：成层 P061：幅值,1 Hz,-1.55,1.187607543
子图2：成层 P061：幅值,1 Hz,-1.5,1.187458464
子图2：成层 P061：幅值,1 Hz,-1.45,1.187322375
子图2：成层 P061：幅值,1 Hz,-1.4,1.187218697
子图2：成层 P061：幅值,1 Hz,-1.35,1.187136198
子图2：成层 P061：幅值,1 Hz,-1.3,1.187106646
子图2：成层 P061：幅值,1 Hz,-1.25,1.187129352
子图2：成层 P061：幅值,1 Hz,-1.2,1.18720305
子图2：成层 P061：幅值,1 Hz,-1.15,1.187380049
子图2：成层 P061：幅值,1 Hz,-1.1,1.187632615
子图2：成层 P061：幅值,1 Hz,-1.05,1.187984477
子图2：成层 P061：幅值,1 Hz,-1,1.188453323
子图2：成层 P061：幅值,1 Hz,-0.95,1.189054902
子图2：成层 P061：幅值,1 Hz,-0.9,1.189800207
子图2：成层 P061：幅值,1 Hz,-0.85,1.190688881
子图2：成层 P061：幅值,1 Hz,-0.8,1.191743542
子图2：成层 P061：幅值,1 Hz,-0.75,1.192985816
子图2：成层 P061：幅值,1 Hz,-0.7,1.19441643
子图2：成层 P061：幅值,1 Hz,-0.65,1.19604661
子图2：成层 P061：幅值,1 Hz,-0.6,1.19782996
子图2：成层 P061：幅值,1 Hz,-0.55,1.199908987
子图2：成层 P061：幅值,1 Hz,-0.5,1.202143929
子图2：成层 P061：幅值,1 Hz,-0.45,1.204552245
子图2：成层 P061：幅值,1 Hz,-0.4,1.207244559
子图2：成层 P061：幅值,1 Hz,-0.35,1.20996296
子图2：成层 P061：幅值,1 Hz,-0.3,1.212904848
子图2：成层 P061：幅值,1 Hz,-0.25,1.215934025
子图2：成层 P061：幅值,1 Hz,-0.2,1.218796704
子图2：成层 P061：幅值,1 Hz,-0.15,1.221758288
子图2：成层 P061：幅值,1 Hz,-0.1,1.224244355
子图2：成层 P061：幅值,1 Hz,-0.05,1.226198057
子图2：成层 P061：幅值,1 Hz,0,1.227090974
子图2：成层 P061：幅值,1 Hz,0.05,1.212642334
子图2：成层 P061：幅值,1 Hz,0.1,1.196521445
子图2：成层 P061：幅值,1 Hz,0.15,1.177679101
子图2：成层 P061：幅值,1 Hz,0.2,1.155688106
子图2：成层 P061：幅值,1 Hz,0.25,1.130848027
子图2：成层 P061：幅值,1 Hz,0.3,1.102873638
子图2：成层 P061：幅值,1 Hz,0.35,1.072398243
子图2：成层 P061：幅值,1 Hz,0.4,1.038876883
子图2：成层 P061：幅值,1 Hz,0.45,1.002396552
子图2：成层 P061：幅值,1 Hz,0.5,0.9642521284
子图2：成层 P061：幅值,1 Hz,0.55,0.9243612505
子图2：成层 P061：幅值,1 Hz,0.6,0.8804406524
子图2：成层 P061：幅值,1 Hz,0.65,0.834737685
子图2：成层 P061：幅值,1 Hz,0.7,0.7889356631
子图2：成层 P061：幅值,1 Hz,0.75,0.7403663158
子图2：成层 P061：幅值,1 Hz,0.8,0.6870542438
子图2：成层 P061：幅值,1 Hz,0.85,0.6332656704
子图2：成层 P061：幅值,1 Hz,0.9,0.5807070951
子图2：成层 P061：幅值,1 Hz,0.95,0.5161676147
子图2：成层 P061：幅值,1 Hz,1,0.4150527854
子图2：成层 P061：幅值,1 Hz,1.05,0.3590417159
子图2：成层 P061：幅值,1 Hz,1.1,0.3427406287
子图2：成层 P061：幅值,1 Hz,1.15,0.3271072085
子图2：成层 P061：幅值,1 Hz,1.2,0.3122536622
子图2：成层 P061：幅值,1 Hz,1.25,0.3039294574
子图2：成层 P061：幅值,1 Hz,1.3,0.2941493652
子图2：成层 P061：幅值,1 Hz,1.35,0.2861303427
子图2：成层 P061：幅值,1 Hz,1.4,0.2788553546
子图2：成层 P061：幅值,1 Hz,1.45,0.2722500409
子图2：成层 P061：幅值,1 Hz,1.5,0.2662357466
子图2：成层 P061：幅值,1 Hz,1.55,0.2606448909
子图2：成层 P061：幅值,1 Hz,1.6,0.2559571116
子图2：成层 P061：幅值,1 Hz,1.65,0.2512667256
子图2：成层 P061：幅值,1 Hz,1.7,0.2474113001
子图2：成层 P061：幅值,1 Hz,1.75,0.243962947
子图2：成层 P061：幅值,1 Hz,1.8,0.240649008
子图2：成层 P061：幅值,1 Hz,1.85,0.2381851745
子图2：成层 P061：幅值,1 Hz,1.9,0.23580195
子图2：成层 P061：幅值,1 Hz,1.95,0.233778297
子图2：成层 P061：幅值,1 Hz,2,0.2322116296
子图2：成层 P061：幅值,1 Hz,2.05,0.2307199609
子图2：成层 P061：幅值,1 Hz,2.1,0.2296293669
子图2：成层 P061：幅值,1 Hz,2.15,0.2287423485
子图2：成层 P061：幅值,1 Hz,2.2,0.2279688202
子图2：成层 P061：幅值,1 Hz,2.25,0.2275406049
子图2：成层 P061：幅值,1 Hz,2.3,0.2271870812
子图2：成层 P061：幅值,1 Hz,2.35,0.2269933954
子图2：成层 P061：幅值,1 Hz,2.4,0.2269879923
子图2：成层 P061：幅值,1 Hz,2.45,0.2270452645
子图2：成层 P061：幅值,1 Hz,2.5,0.2272657526
子图2：成层 P061：幅值,1 Hz,2.55,0.2275818676
子图2：成层 P061：幅值,1 Hz,2.6,0.227960199
子图2：成层 P061：幅值,1 Hz,2.65,0.2284858398
子图2：成层 P061：幅值,1 Hz,2.7,0.2290589604
子图2：成层 P061：幅值,1 Hz,2.75,0.2297092555
子图2：成层 P061：幅值,1 Hz,2.8,0.230449157
子图2：成层 P061：幅值,1 Hz,2.85,0.2312344597
子图2：成层 P061：幅值,1 Hz,2.9,0.2321018372
子图2：成层 P061：幅值,1 Hz,2.95,0.2330267087
子图2：成层 P061：幅值,1 Hz,3,0.2339956029
子图2：成层 P061：幅值,1 Hz,3.05,0.2350507953
子图2：成层 P061：幅值,1 Hz,3.1,0.2361479719
子图2：成层 P061：幅值,1 Hz,3.15,0.2373018202
子图2：成层 P061：幅值,1 Hz,3.2,0.2385217406
子图2：成层 P061：幅值,1 Hz,3.25,0.2397931911
子图2：成层 P061：幅值,1 Hz,3.3,0.2411336535
子图2：成层 P061：幅值,1 Hz,3.35,0.2425349926
子图2：成层 P061：幅值,1 Hz,3.4,0.2439908876
子图2：成层 P061：幅值,1 Hz,3.45,0.2455393103
子图2：成层 P061：幅值,1 Hz,3.5,0.2471504256
子图2：成层 P061：幅值,1 Hz,3.55,0.2488378305
子图2：成层 P061：幅值,1 Hz,3.6,0.2506165102
子图2：成层 P061：幅值,1 Hz,3.65,0.252483603
子图2：成层 P061：幅值,1 Hz,3.7,0.2544562726
子图2：成层 P061：幅值,1 Hz,3.75,0.2565328252
子图2：成层 P061：幅值,1 Hz,3.8,0.2587107478
子图2：成层 P061：幅值,1 Hz,3.85,0.2610476063
子图2：成层 P061：幅值,1 Hz,3.9,0.2635092203
子图2：成层 P061：幅值,1 Hz,3.95,0.2661176178
子图2：成层 P061：幅值,1 Hz,4,0.2689004257
子图2：成层 P061：幅值,3 Hz,-4,1.027170455
子图2：成层 P061：幅值,3 Hz,-3.95,1.064871833
子图2：成层 P061：幅值,3 Hz,-3.9,1.106622884
子图2：成层 P061：幅值,3 Hz,-3.85,1.147337726
子图2：成层 P061：幅值,3 Hz,-3.8,1.183255155
子图2：成层 P061：幅值,3 Hz,-3.75,1.221118806
子图2：成层 P061：幅值,3 Hz,-3.7,1.252648056
子图2：成层 P061：幅值,3 Hz,-3.65,1.28073611
子图2：成层 P061：幅值,3 Hz,-3.6,1.307057367
子图2：成层 P061：幅值,3 Hz,-3.55,1.324231942
子图2：成层 P061：幅值,3 Hz,-3.5,1.338715607
子图2：成层 P061：幅值,3 Hz,-3.45,1.347585636
子图2：成层 P061：幅值,3 Hz,-3.4,1.349214821
子图2：成层 P061：幅值,3 Hz,-3.35,1.346256915
子图2：成层 P061：幅值,3 Hz,-3.3,1.33570955
子图2：成层 P061：幅值,3 Hz,-3.25,1.319328538
子图2：成层 P061：幅值,3 Hz,-3.2,1.297830388
子图2：成层 P061：幅值,3 Hz,-3.15,1.267935774
子图2：成层 P061：幅值,3 Hz,-3.1,1.23326045
子图2：成层 P061：幅值,3 Hz,-3.05,1.193016738
子图2：成层 P061：幅值,3 Hz,-3,1.147396406
子图2：成层 P061：幅值,3 Hz,-2.95,1.097035428
子图2：成层 P061：幅值,3 Hz,-2.9,1.042581804
子图2：成层 P061：幅值,3 Hz,-2.85,0.9852521269
子图2：成层 P061：幅值,3 Hz,-2.8,0.9257463358
子图2：成层 P061：幅值,3 Hz,-2.75,0.8653384306
子图2：成层 P061：幅值,3 Hz,-2.7,0.8054787375
子图2：成层 P061：幅值,3 Hz,-2.65,0.7477322553
子图2：成层 P061：幅值,3 Hz,-2.6,0.6944596626
子图2：成层 P061：幅值,3 Hz,-2.55,0.6476442669
子图2：成层 P061：幅值,3 Hz,-2.5,0.610068357
子图2：成层 P061：幅值,3 Hz,-2.45,0.5835452444
子图2：成层 P061：幅值,3 Hz,-2.4,0.568961374
子图2：成层 P061：幅值,3 Hz,-2.35,0.5697366766
子图2：成层 P061：幅值,3 Hz,-2.3,0.5823491592
子图2：成层 P061：幅值,3 Hz,-2.25,0.6057055986
子图2：成层 P061：幅值,3 Hz,-2.2,0.6382746782
子图2：成层 P061：幅值,3 Hz,-2.15,0.6761517436
子图2：成层 P061：幅值,3 Hz,-2.1,0.7182054243
子图2：成层 P061：幅值,3 Hz,-2.05,0.7618112123
子图2：成层 P061：幅值,3 Hz,-2,0.8047264725
子图2：成层 P061：幅值,3 Hz,-1.95,0.8471489317
子图2：成层 P061：幅值,3 Hz,-1.9,0.8864471738
子图2：成层 P061：幅值,3 Hz,-1.85,0.9226165078
子图2：成层 P061：幅值,3 Hz,-1.8,0.9556924796
子图2：成层 P061：幅值,3 Hz,-1.75,0.9827248871
子图2：成层 P061：幅值,3 Hz,-1.7,1.005683435
子图2：成层 P061：幅值,3 Hz,-1.65,1.023591636
子图2：成层 P061：幅值,3 Hz,-1.6,1.03572273
子图2：成层 P061：幅值,3 Hz,-1.55,1.042204202
子图2：成层 P061：幅值,3 Hz,-1.5,1.042597173
子图2：成层 P061：幅值,3 Hz,-1.45,1.037464909
子图2：成层 P061：幅值,3 Hz,-1.4,1.027160461
子图2：成层 P061：幅值,3 Hz,-1.35,1.00986209
子图2：成层 P061：幅值,3 Hz,-1.3,0.987768501
子图2：成层 P061：幅值,3 Hz,-1.25,0.9607373233
子图2：成层 P061：幅值,3 Hz,-1.2,0.9290742801
子图2：成层 P061：幅值,3 Hz,-1.15,0.8932675243
子图2：成层 P061：幅值,3 Hz,-1.1,0.8543903618
子图2：成层 P061：幅值,3 Hz,-1.05,0.8136949342
子图2：成层 P061：幅值,3 Hz,-1,0.7723071767
子图2：成层 P061：幅值,3 Hz,-0.95,0.7321727745
子图2：成层 P061：幅值,3 Hz,-0.9,0.6951426866
子图2：成层 P061：幅值,3 Hz,-0.85,0.6633763142
子图2：成层 P061：幅值,3 Hz,-0.8,0.6395831365
子图2：成层 P061：幅值,3 Hz,-0.75,0.6261085719
子图2：成层 P061：幅值,3 Hz,-0.7,0.6245756252
子图2：成层 P061：幅值,3 Hz,-0.65,0.6353012479
子图2：成层 P061：幅值,3 Hz,-0.6,0.6572512429
子图2：成层 P061：幅值,3 Hz,-0.55,0.6910605185
子图2：成层 P061：幅值,3 Hz,-0.5,0.7323961605
子图2：成层 P061：幅值,3 Hz,-0.45,0.7794694273
子图2：成层 P061：幅值,3 Hz,-0.4,0.8305940103
子图2：成层 P061：幅值,3 Hz,-0.35,0.882400492
子图2：成层 P061：幅值,3 Hz,-0.3,0.9340167731
子图2：成层 P061：幅值,3 Hz,-0.25,0.9832858139
子图2：成层 P061：幅值,3 Hz,-0.2,1.028362867
子图2：成层 P061：幅值,3 Hz,-0.15,1.067429889
子图2：成层 P061：幅值,3 Hz,-0.1,1.09857302
子图2：成层 P061：幅值,3 Hz,-0.05,1.120301336
子图2：成层 P061：幅值,3 Hz,0,1.127185961
子图2：成层 P061：幅值,3 Hz,0.05,1.058943386
子图2：成层 P061：幅值,3 Hz,0.1,0.9875840532
子图2：成层 P061：幅值,3 Hz,0.15,0.9056102997
子图2：成层 P061：幅值,3 Hz,0.2,0.8118488204
子图2：成层 P061：幅值,3 Hz,0.25,0.7085775592
子图2：成层 P061：幅值,3 Hz,0.3,0.5988867357
子图2：成层 P061：幅值,3 Hz,0.35,0.4915162939
子图2：成层 P061：幅值,3 Hz,0.4,0.3981177807
子图2：成层 P061：幅值,3 Hz,0.45,0.3407639583
子图2：成层 P061：幅值,3 Hz,0.5,0.3405047336
子图2：成层 P061：幅值,3 Hz,0.55,0.3940399707
子图2：成层 P061：幅值,3 Hz,0.6,0.4742443184
子图2：成层 P061：幅值,3 Hz,0.65,0.5638495065
子图2：成层 P061：幅值,3 Hz,0.7,0.6475736423
子图2：成层 P061：幅值,3 Hz,0.75,0.7211351962
子图2：成层 P061：幅值,3 Hz,0.8,0.7814614559
子图2：成层 P061：幅值,3 Hz,0.85,0.8242845796
子图2：成层 P061：幅值,3 Hz,0.9,0.8500502193
子图2：成层 P061：幅值,3 Hz,0.95,0.8641918491
子图2：成层 P061：幅值,3 Hz,1,0.8861096932
子图2：成层 P061：幅值,3 Hz,1.05,0.9129415374
子图2：成层 P061：幅值,3 Hz,1.1,0.9192932984
子图2：成层 P061：幅值,3 Hz,1.15,0.9274030886
子图2：成层 P061：幅值,3 Hz,1.2,0.9373259528
子图2：成层 P061：幅值,3 Hz,1.25,0.9442651221
子图2：成层 P061：幅值,3 Hz,1.3,0.9537843584
子图2：成层 P061：幅值,3 Hz,1.35,0.9631381754
子图2：成层 P061：幅值,3 Hz,1.4,0.9727936701
子图2：成层 P061：幅值,3 Hz,1.45,0.983014767
子图2：成层 P061：幅值,3 Hz,1.5,0.9933243023
子图2：成层 P061：幅值,3 Hz,1.55,1.003878361
子图2：成层 P061：幅值,3 Hz,1.6,1.014139292
子图2：成层 P061：幅值,3 Hz,1.65,1.024820046
子图2：成层 P061：幅值,3 Hz,1.7,1.035078516
子图2：成层 P061：幅值,3 Hz,1.75,1.045201701
子图2：成层 P061：幅值,3 Hz,1.8,1.055438037
子图2：成层 P061：幅值,3 Hz,1.85,1.064999044
子图2：成层 P061：幅值,3 Hz,1.9,1.07462476
子图2：成层 P061：幅值,3 Hz,1.95,1.083993112
子图2：成层 P061：幅值,3 Hz,2,1.092927411
子图2：成层 P061：幅值,3 Hz,2.05,1.10186893
子图2：成层 P061：幅值,3 Hz,2.1,1.110373413
子图2：成层 P061：幅值,3 Hz,2.15,1.118656479
子图2：成层 P061：幅值,3 Hz,2.2,1.1268386
子图2：成层 P061：幅值,3 Hz,2.25,1.13452469
子图2：成层 P061：幅值,3 Hz,2.3,1.142111817
子图2：成层 P061：幅值,3 Hz,2.35,1.149455259
子图2：成层 P061：幅值,3 Hz,2.4,1.156465873
子图2：成层 P061：幅值,3 Hz,2.45,1.163337377
子图2：成层 P061：幅值,3 Hz,2.5,1.169876473
子图2：成层 P061：幅值,3 Hz,2.55,1.176188965
子图2：成层 P061：幅值,3 Hz,2.6,1.18234941
子图2：成层 P061：幅值,3 Hz,2.65,1.188092917
子图2：成层 P061：幅值,3 Hz,2.7,1.193681321
子图2：成层 P061：幅值,3 Hz,2.75,1.199031535
子图2：成层 P061：幅值,3 Hz,2.8,1.20407404
子图2：成层 P061：幅值,3 Hz,2.85,1.208917806
子图2：成层 P061：幅值,3 Hz,2.9,1.21345119
子图2：成层 P061：幅值,3 Hz,2.95,1.217744612
子图2：成层 P061：幅值,3 Hz,3,1.221868086
子图2：成层 P061：幅值,3 Hz,3.05,1.225572375
子图2：成层 P061：幅值,3 Hz,3.1,1.229105049
子图2：成层 P061：幅值,3 Hz,3.15,1.232399581
子图2：成层 P061：幅值,3 Hz,3.2,1.235376339
子图2：成层 P061：幅值,3 Hz,3.25,1.238154758
子图2：成层 P061：幅值,3 Hz,3.3,1.240618451
子图2：成层 P061：幅值,3 Hz,3.35,1.242842759
子图2：成层 P061：幅值,3 Hz,3.4,1.244932728
子图2：成层 P061：幅值,3 Hz,3.45,1.246571758
子图2：成层 P061：幅值,3 Hz,3.5,1.24808497
子图2：成层 P061：幅值,3 Hz,3.55,1.249392243
子图2：成层 P061：幅值,3 Hz,3.6,1.250368918
子图2：成层 P061：幅值,3 Hz,3.65,1.251248358
子图2：成层 P061：幅值,3 Hz,3.7,1.251816295
子图2：成层 P061：幅值,3 Hz,3.75,1.252193671
子图2：成层 P061：幅值,3 Hz,3.8,1.252571624
子图2：成层 P061：幅值,3 Hz,3.85,1.252466704
子图2：成层 P061：幅值,3 Hz,3.9,1.252391986
子图2：成层 P061：幅值,3 Hz,3.95,1.252218658
子图2：成层 P061：幅值,3 Hz,4,1.25172719
子图2：成层 P061：幅值,5 Hz,-4,1.224508795
子图2：成层 P061：幅值,5 Hz,-3.95,1.234951507
子图2：成层 P061：幅值,5 Hz,-3.9,1.23648381
子图2：成层 P061：幅值,5 Hz,-3.85,1.231193998
子图2：成层 P061：幅值,5 Hz,-3.8,1.213669639
子图2：成层 P061：幅值,5 Hz,-3.75,1.193421013
子图2：成层 P061：幅值,5 Hz,-3.7,1.16276046
子图2：成层 P061：幅值,5 Hz,-3.65,1.126551044
子图2：成层 P061：幅值,5 Hz,-3.6,1.093859877
子图2：成层 P061：幅值,5 Hz,-3.55,1.050761902
子图2：成层 P061：幅值,5 Hz,-3.5,1.016147506
子图2：成层 P061：幅值,5 Hz,-3.45,0.9850720791
子图2：成层 P061：幅值,5 Hz,-3.4,0.955785221
子图2：成层 P061：幅值,5 Hz,-3.35,0.9422282072
子图2：成层 P061：幅值,5 Hz,-3.3,0.933112682
子图2：成层 P061：幅值,5 Hz,-3.25,0.9344950093
子图2：成层 P061：幅值,5 Hz,-3.2,0.9429468446
子图2：成层 P061：幅值,5 Hz,-3.15,0.9593647214
子图2：成层 P061：幅值,5 Hz,-3.1,0.978394996
子图2：成层 P061：幅值,5 Hz,-3.05,0.9973123027
子图2：成层 P061：幅值,5 Hz,-3,1.019823228
子图2：成层 P061：幅值,5 Hz,-2.95,1.031162761
子图2：成层 P061：幅值,5 Hz,-2.9,1.041923025
子图2：成层 P061：幅值,5 Hz,-2.85,1.045707185
子图2：成层 P061：幅值,5 Hz,-2.8,1.038887233
子图2：成层 P061：幅值,5 Hz,-2.75,1.028506745
子图2：成层 P061：幅值,5 Hz,-2.7,1.008224023
子图2：成层 P061：幅值,5 Hz,-2.65,0.9844032129
子图2：成层 P061：幅值,5 Hz,-2.6,0.9545146498
子图2：成层 P061：幅值,5 Hz,-2.55,0.9275684941
子图2：成层 P061：幅值,5 Hz,-2.5,0.9002473687
子图2：成层 P061：幅值,5 Hz,-2.45,0.8768579352
子图2：成层 P061：幅值,5 Hz,-2.4,0.8699370491
子图2：成层 P061：幅值,5 Hz,-2.35,0.8630723265
子图2：成层 P061：幅值,5 Hz,-2.3,0.876376947
子图2：成层 P061：幅值,5 Hz,-2.25,0.9006161937
子图2：成层 P061：幅值,5 Hz,-2.2,0.9283375659
子图2：成层 P061：幅值,5 Hz,-2.15,0.9731482038
子图2：成层 P061：幅值,5 Hz,-2.1,1.015471731
子图2：成层 P061：幅值,5 Hz,-2.05,1.060806285
子图2：成层 P061：幅值,5 Hz,-2,1.102186426
子图2：成层 P061：幅值,5 Hz,-1.95,1.140359867
子图2：成层 P061：幅值,5 Hz,-1.9,1.169291154
子图2：成层 P061：幅值,5 Hz,-1.85,1.186969306
子图2：成层 P061：幅值,5 Hz,-1.8,1.203977403
子图2：成层 P061：幅值,5 Hz,-1.75,1.194606294
子图2：成层 P061：幅值,5 Hz,-1.7,1.184049834
子图2：成层 P061：幅值,5 Hz,-1.65,1.164083554
子图2：成层 P061：幅值,5 Hz,-1.6,1.12433093
子图2：成层 P061：幅值,5 Hz,-1.55,1.09360257
子图2：成层 P061：幅值,5 Hz,-1.5,1.048549534
子图2：成层 P061：幅值,5 Hz,-1.45,1.005425696
子图2：成层 P061：幅值,5 Hz,-1.4,0.9717456297
子图2：成层 P061：幅值,5 Hz,-1.35,0.9396805425
子图2：成层 P061：幅值,5 Hz,-1.3,0.9247929473
子图2：成层 P061：幅值,5 Hz,-1.25,0.9216722961
子图2：成层 P061：幅值,5 Hz,-1.2,0.9364421068
子图2：成层 P061：幅值,5 Hz,-1.15,0.9605745353
子图2：成层 P061：幅值,5 Hz,-1.1,0.9976798844
子图2：成层 P061：幅值,5 Hz,-1.05,1.04132545
子图2：成层 P061：幅值,5 Hz,-1,1.08050114
子图2：成层 P061：幅值,5 Hz,-0.95,1.126144021
子图2：成层 P061：幅值,5 Hz,-0.9,1.160130334
子图2：成层 P061：幅值,5 Hz,-0.85,1.187056729
子图2：成层 P061：幅值,5 Hz,-0.8,1.208340316
子图2：成层 P061：幅值,5 Hz,-0.75,1.211888574
子图2：成层 P061：幅值,5 Hz,-0.7,1.208497753
子图2：成层 P061：幅值,5 Hz,-0.65,1.19385953
子图2：成层 P061：幅值,5 Hz,-0.6,1.170721469
子图2：成层 P061：幅值,5 Hz,-0.55,1.139913658
子图2：成层 P061：幅值,5 Hz,-0.5,1.106377918
子图2：成层 P061：幅值,5 Hz,-0.45,1.073789318
子图2：成层 P061：幅值,5 Hz,-0.4,1.044620774
子图2：成层 P061：幅值,5 Hz,-0.35,1.026723485
子图2：成层 P061：幅值,5 Hz,-0.3,1.02011591
子图2：成层 P061：幅值,5 Hz,-0.25,1.027657023
子图2：成层 P061：幅值,5 Hz,-0.2,1.046503879
子图2：成层 P061：幅值,5 Hz,-0.15,1.078474206
子图2：成层 P061：幅值,5 Hz,-0.1,1.113010176
子图2：成层 P061：幅值,5 Hz,-0.05,1.145778867
子图2：成层 P061：幅值,5 Hz,0,1.164488929
子图2：成层 P061：幅值,5 Hz,0.05,1.118384957
子图2：成层 P061：幅值,5 Hz,0.1,1.030217349
子图2：成层 P061：幅值,5 Hz,0.15,0.8893374386
子图2：成层 P061：幅值,5 Hz,0.2,0.7038816534
子图2：成层 P061：幅值,5 Hz,0.25,0.5009528588
子图2：成层 P061：幅值,5 Hz,0.3,0.3024615831
子图2：成层 P061：幅值,5 Hz,0.35,0.1875122489
子图2：成层 P061：幅值,5 Hz,0.4,0.2454494851
子图2：成层 P061：幅值,5 Hz,0.45,0.3666445418
子图2：成层 P061：幅值,5 Hz,0.5,0.4638003243
子图2：成层 P061：幅值,5 Hz,0.55,0.5241343904
子图2：成层 P061：幅值,5 Hz,0.6,0.5414734284
子图2：成层 P061：幅值,5 Hz,0.65,0.5267687222
子图2：成层 P061：幅值,5 Hz,0.7,0.4832185922
子图2：成层 P061：幅值,5 Hz,0.75,0.4387218196
子图2：成层 P061：幅值,5 Hz,0.8,0.4234494234
子图2：成层 P061：幅值,5 Hz,0.85,0.4409843125
子图2：成层 P061：幅值,5 Hz,0.9,0.4914929264
子图2：成层 P061：幅值,5 Hz,0.95,0.6043744758
子图2：成层 P061：幅值,5 Hz,1,0.817516432
子图2：成层 P061：幅值,5 Hz,1.05,0.9633740167
子图2：成层 P061：幅值,5 Hz,1.1,1.066766414
子图2：成层 P061：幅值,5 Hz,1.15,1.16796473
子图2：成层 P061：幅值,5 Hz,1.2,1.269038984
子图2：成层 P061：幅值,5 Hz,1.25,1.350302329
子图2：成层 P061：幅值,5 Hz,1.3,1.430645986
子图2：成层 P061：幅值,5 Hz,1.35,1.500445556
子图2：成层 P061：幅值,5 Hz,1.4,1.560462586
子图2：成层 P061：幅值,5 Hz,1.45,1.610710029
子图2：成层 P061：幅值,5 Hz,1.5,1.650463429
子图2：成层 P061：幅值,5 Hz,1.55,1.681196828
子图2：成层 P061：幅值,5 Hz,1.6,1.699755529
子图2：成层 P061：幅值,5 Hz,1.65,1.709791729
子图2：成层 P061：幅值,5 Hz,1.7,1.707722642
子图2：成层 P061：幅值,5 Hz,1.75,1.695591451
子图2：成层 P061：幅值,5 Hz,1.8,1.676919053
子图2：成层 P061：幅值,5 Hz,1.85,1.642922132
子图2：成层 P061：幅值,5 Hz,1.9,1.603168225
子图2：成层 P061：幅值,5 Hz,1.95,1.55507822
子图2：成层 P061：幅值,5 Hz,2,1.496184655
子图2：成层 P061：幅值,5 Hz,2.05,1.433570241
子图2：成层 P061：幅值,5 Hz,2.1,1.361682607
子图2：成层 P061：幅值,5 Hz,2.15,1.284425781
子图2：成层 P061：幅值,5 Hz,2.2,1.205133895
子图2：成层 P061：幅值,5 Hz,2.25,1.117648663
子图2：成层 P061：幅值,5 Hz,2.3,1.030175063
子图2：成层 P061：幅值,5 Hz,2.35,0.9409186278
子图2：成层 P061：幅值,5 Hz,2.4,0.8488847145
子图2：成层 P061：幅值,5 Hz,2.45,0.7607473869
子图2：成层 P061：幅值,5 Hz,2.5,0.6722406533
子图2：成层 P061：幅值,5 Hz,2.55,0.5868671946
子图2：成层 P061：幅值,5 Hz,2.6,0.5084782331
子图2：成层 P061：幅值,5 Hz,2.65,0.4334605849
子图2：成层 P061：幅值,5 Hz,2.7,0.3705952694
子图2：成层 P061：幅值,5 Hz,2.75,0.3208412257
子图2：成层 P061：幅值,5 Hz,2.8,0.2817785366
子图2：成层 P061：幅值,5 Hz,2.85,0.2744052492
子图2：成层 P061：幅值,5 Hz,2.9,0.2798069978
子图2：成层 P061：幅值,5 Hz,2.95,0.3015643039
子图2：成层 P061：幅值,5 Hz,3,0.345141428
子图2：成层 P061：幅值,5 Hz,3.05,0.3817932704
子图2：成层 P061：幅值,5 Hz,3.1,0.4335831264
子图2：成层 P061：幅值,5 Hz,3.15,0.4887312389
子图2：成层 P061：幅值,5 Hz,3.2,0.5374119087
子图2：成层 P061：幅值,5 Hz,3.25,0.6036815263
子图2：成层 P061：幅值,5 Hz,3.3,0.6633886681
子图2：成层 P061：幅值,5 Hz,3.35,0.7266672488
子图2：成层 P061：幅值,5 Hz,3.4,0.8006062251
子图2：成层 P061：幅值,5 Hz,3.45,0.866382978
子图2：成层 P061：幅值,5 Hz,3.5,0.9422761862
子图2：成层 P061：幅值,5 Hz,3.55,1.019622547
子图2：成层 P061：幅值,5 Hz,3.6,1.093782697
子图2：成层 P061：幅值,5 Hz,3.65,1.175900639
子图2：成层 P061：幅值,5 Hz,3.7,1.253307979
子图2：成层 P061：幅值,5 Hz,3.75,1.330696342
子图2：成层 P061：幅值,5 Hz,3.8,1.408336813
子图2：成层 P061：幅值,5 Hz,3.85,1.479543702
子图2：成层 P061：幅值,5 Hz,3.9,1.548836263
子图2：成层 P061：幅值,5 Hz,3.95,1.61259909
子图2：成层 P061：幅值,5 Hz,4,1.671230982
子图2：成层 P061：幅值,7 Hz,-4,0.9489339778
子图2：成层 P061：幅值,7 Hz,-3.95,0.9767212667
子图2：成层 P061：幅值,7 Hz,-3.9,1.024892075
子图2：成层 P061：幅值,7 Hz,-3.85,1.074036314
子图2：成层 P061：幅值,7 Hz,-3.8,1.121906589
子图2：成层 P061：幅值,7 Hz,-3.75,1.158938945
子图2：成层 P061：幅值,7 Hz,-3.7,1.183800914
子图2：成层 P061：幅值,7 Hz,-3.65,1.193695661
子图2：成层 P061：幅值,7 Hz,-3.6,1.181556767
子图2：成层 P061：幅值,7 Hz,-3.55,1.155293431
子图2：成层 P061：幅值,7 Hz,-3.5,1.109713457
子图2：成层 P061：幅值,7 Hz,-3.45,1.0564162
子图2：成层 P061：幅值,7 Hz,-3.4,0.9922869624
子图2：成层 P061：幅值,7 Hz,-3.35,0.9418481968
子图2：成层 P061：幅值,7 Hz,-3.3,0.89964105
子图2：成层 P061：幅值,7 Hz,-3.25,0.8780109691
子图2：成层 P061：幅值,7 Hz,-3.2,0.8933047132
子图2：成层 P061：幅值,7 Hz,-3.15,0.9171015442
子图2：成层 P061：幅值,7 Hz,-3.1,0.9649482816
子图2：成层 P061：幅值,7 Hz,-3.05,1.01325676
子图2：成层 P061：幅值,7 Hz,-3,1.052837622
子图2：成层 P061：幅值,7 Hz,-2.95,1.080115133
子图2：成层 P061：幅值,7 Hz,-2.9,1.086860709
子图2：成层 P061：幅值,7 Hz,-2.85,1.07694487
子图2：成层 P061：幅值,7 Hz,-2.8,1.043044286
子图2：成层 P061：幅值,7 Hz,-2.75,1.003313173
子图2：成层 P061：幅值,7 Hz,-2.7,0.9537826175
子图2：成层 P061：幅值,7 Hz,-2.65,0.9127986237
子图2：成层 P061：幅值,7 Hz,-2.6,0.8939185593
子图2：成层 P061：幅值,7 Hz,-2.55,0.9054316319
子图2：成层 P061：幅值,7 Hz,-2.5,0.9521050729
子图2：成层 P061：幅值,7 Hz,-2.45,1.023834753
子图2：成层 P061：幅值,7 Hz,-2.4,1.112545574
子图2：成层 P061：幅值,7 Hz,-2.35,1.199627939
子图2：成层 P061：幅值,7 Hz,-2.3,1.27676479
子图2：成层 P061：幅值,7 Hz,-2.25,1.333114433
子图2：成层 P061：幅值,7 Hz,-2.2,1.361959851
子图2：成层 P061：幅值,7 Hz,-2.15,1.355164195
子图2：成层 P061：幅值,7 Hz,-2.1,1.315076103
子图2：成层 P061：幅值,7 Hz,-2.05,1.2452541
子图2：成层 P061：幅值,7 Hz,-2,1.143677519
子图2：成层 P061：幅值,7 Hz,-1.95,1.02294405
子图2：成层 P061：幅值,7 Hz,-1.9,0.8886243684
子图2：成层 P061：幅值,7 Hz,-1.85,0.7610953399
子图2：成层 P061：幅值,7 Hz,-1.8,0.6627189807
子图2：成层 P061：幅值,7 Hz,-1.75,0.6271219805
子图2：成层 P061：幅值,7 Hz,-1.7,0.6603282185
子图2：成层 P061：幅值,7 Hz,-1.65,0.7451773083
子图2：成层 P061：幅值,7 Hz,-1.6,0.8574885253
子图2：成层 P061：幅值,7 Hz,-1.55,0.9620359693
子图2：成层 P061：幅值,7 Hz,-1.5,1.050454749
子图2：成层 P061：幅值,7 Hz,-1.45,1.109295883
子图2：成层 P061：幅值,7 Hz,-1.4,1.132959133
子图2：成层 P061：幅值,7 Hz,-1.35,1.115094184
子图2：成层 P061：幅值,7 Hz,-1.3,1.061707088
子图2：成层 P061：幅值,7 Hz,-1.25,0.9804503591
子图2：成层 P061：幅值,7 Hz,-1.2,0.8770755152
子图2：成层 P061：幅值,7 Hz,-1.15,0.7773378988
子图2：成层 P061：幅值,7 Hz,-1.1,0.7040605451
子图2：成层 P061：幅值,7 Hz,-1.05,0.6908793095
子图2：成层 P061：幅值,7 Hz,-1,0.7521768676
子图2：成层 P061：幅值,7 Hz,-0.95,0.8765821896
子图2：成层 P061：幅值,7 Hz,-0.9,1.027303048
子图2：成层 P061：幅值,7 Hz,-0.85,1.180967727
子图2：成层 P061：幅值,7 Hz,-0.8,1.316714508
子图2：成层 P061：幅值,7 Hz,-0.75,1.42094785
子图2：成层 P061：幅值,7 Hz,-0.7,1.483347883
子图2：成层 P061：幅值,7 Hz,-0.65,1.501627019
子图2：成层 P061：幅值,7 Hz,-0.6,1.475419881
子图2：成层 P061：幅值,7 Hz,-0.55,1.391458757
子图2：成层 P061：幅值,7 Hz,-0.5,1.268758986
子图2：成层 P061：幅值,7 Hz,-0.45,1.111918939
子图2：成层 P061：幅值,7 Hz,-0.4,0.9351292127
子图2：成层 P061：幅值,7 Hz,-0.35,0.7584334659
子图2：成层 P061：幅值,7 Hz,-0.3,0.6239379686
子图2：成层 P061：幅值,7 Hz,-0.25,0.580296402
子图2：成层 P061：幅值,7 Hz,-0.2,0.6318702799
子图2：成层 P061：幅值,7 Hz,-0.15,0.7675770762
子图2：成层 P061：幅值,7 Hz,-0.1,0.898974655
子图2：成层 P061：幅值,7 Hz,-0.05,1.006241681
子图2：成层 P061：幅值,7 Hz,0,1.046594027
子图2：成层 P061：幅值,7 Hz,0.05,0.9327670545
子图2：成层 P061：幅值,7 Hz,0.1,0.7766952098
子图2：成层 P061：幅值,7 Hz,0.15,0.5448447672
子图2：成层 P061：幅值,7 Hz,0.2,0.3094859267
子图2：成层 P061：幅值,7 Hz,0.25,0.3503283434
子图2：成层 P061：幅值,7 Hz,0.3,0.6162718323
子图2：成层 P061：幅值,7 Hz,0.35,0.8681752314
子图2：成层 P061：幅值,7 Hz,0.4,1.032222178
子图2：成层 P061：幅值,7 Hz,0.45,1.102475278
子图2：成层 P061：幅值,7 Hz,0.5,1.070364122
子图2：成层 P061：幅值,7 Hz,0.55,0.9767162191
子图2：成层 P061：幅值,7 Hz,0.6,0.8429111673
子图2：成层 P061：幅值,7 Hz,0.65,0.723438661
子图2：成层 P061：幅值,7 Hz,0.7,0.6285819937
子图2：成层 P061：幅值,7 Hz,0.75,0.5708767635
子图2：成层 P061：幅值,7 Hz,0.8,0.5365277454
子图2：成层 P061：幅值,7 Hz,0.85,0.5138828149
子图2：成层 P061：幅值,7 Hz,0.9,0.5323239155
子图2：成层 P061：幅值,7 Hz,0.95,0.6106325245
子图2：成层 P061：幅值,7 Hz,1,0.790866782
子图2：成层 P061：幅值,7 Hz,1.05,0.9284179357
子图2：成层 P061：幅值,7 Hz,1.1,1.025241158
子图2：成层 P061：幅值,7 Hz,1.15,1.119621567
子图2：成层 P061：幅值,7 Hz,1.2,1.232571036
子图2：成层 P061：幅值,7 Hz,1.25,1.290008671
子图2：成层 P061：幅值,7 Hz,1.3,1.358875298
子图2：成层 P061：幅值,7 Hz,1.35,1.405283208
子图2：成层 P061：幅值,7 Hz,1.4,1.42349646
子图2：成层 P061：幅值,7 Hz,1.45,1.434452068
子图2：成层 P061：幅值,7 Hz,1.5,1.41796592
子图2：成层 P061：幅值,7 Hz,1.55,1.389248959
子图2：成层 P061：幅值,7 Hz,1.6,1.342139864
子图2：成层 P061：幅值,7 Hz,1.65,1.285466171
子图2：成层 P061：幅值,7 Hz,1.7,1.216428237
子图2：成层 P061：幅值,7 Hz,1.75,1.140481289
子图2：成层 P061：幅值,7 Hz,1.8,1.068182718
子图2：成层 P061：幅值,7 Hz,1.85,0.9865580885
子图2：成层 P061：幅值,7 Hz,1.9,0.914619643
子图2：成层 P061：幅值,7 Hz,1.95,0.8479786701
子图2：成层 P061：幅值,7 Hz,2,0.7869850647
子图2：成层 P061：幅值,7 Hz,2.05,0.7408395507
子图2：成层 P061：幅值,7 Hz,2.1,0.703363119
子图2：成层 P061：幅值,7 Hz,2.15,0.6784383656
子图2：成层 P061：幅值,7 Hz,2.2,0.6655844202
子图2：成层 P061：幅值,7 Hz,2.25,0.6663133479
子图2：成层 P061：幅值,7 Hz,2.3,0.6796636553
子图2：成层 P061：幅值,7 Hz,2.35,0.7046763124
子图2：成层 P061：幅值,7 Hz,2.4,0.742897741
子图2：成层 P061：幅值,7 Hz,2.45,0.7917196726
子图2：成层 P061：幅值,7 Hz,2.5,0.8517153939
子图2：成层 P061：幅值,7 Hz,2.55,0.9191672865
子图2：成层 P061：幅值,7 Hz,2.6,0.9909039287
子图2：成层 P061：幅值,7 Hz,2.65,1.067558176
子图2：成层 P061：幅值,7 Hz,2.7,1.142553334
子图2：成层 P061：幅值,7 Hz,2.75,1.216071063
子图2：成层 P061：幅值,7 Hz,2.8,1.281367552
子图2：成层 P061：幅值,7 Hz,2.85,1.34178605
子图2：成层 P061：幅值,7 Hz,2.9,1.38907153
子图2：成层 P061：幅值,7 Hz,2.95,1.42345769
子图2：成层 P061：幅值,7 Hz,3,1.451616046
子图2：成层 P061：幅值,7 Hz,3.05,1.453808882
子图2：成层 P061：幅值,7 Hz,3.1,1.448791761
子图2：成层 P061：幅值,7 Hz,3.15,1.429528794
子图2：成层 P061：幅值,7 Hz,3.2,1.394035729
子图2：成层 P061：幅值,7 Hz,3.25,1.351319017
子图2：成层 P061：幅值,7 Hz,3.3,1.298063217
子图2：成层 P061：幅值,7 Hz,3.35,1.244087785
子图2：成层 P061：幅值,7 Hz,3.4,1.182897136
子图2：成层 P061：幅值,7 Hz,3.45,1.140666482
子图2：成层 P061：幅值,7 Hz,3.5,1.100801432
子图2：成层 P061：幅值,7 Hz,3.55,1.075844138
子图2：成层 P061：幅值,7 Hz,3.6,1.086209204
子图2：成层 P061：幅值,7 Hz,3.65,1.093492583
子图2：成层 P061：幅值,7 Hz,3.7,1.133205085
子图2：成层 P061：幅值,7 Hz,3.75,1.180999357
子图2：成层 P061：幅值,7 Hz,3.8,1.233099997
子图2：成层 P061：幅值,7 Hz,3.85,1.286887578
子图2：成层 P061：幅值,7 Hz,3.9,1.335191104
子图2：成层 P061：幅值,7 Hz,3.95,1.379521145
子图2：成层 P061：幅值,7 Hz,4,1.398157174
子图2：成层 P061：幅值,9 Hz,-4,1.145002659
子图2：成层 P061：幅值,9 Hz,-3.95,1.135941827
子图2：成层 P061：幅值,9 Hz,-3.9,1.100558703
子图2：成层 P061：幅值,9 Hz,-3.85,1.061618693
子图2：成层 P061：幅值,9 Hz,-3.8,1.017346272
子图2：成层 P061：幅值,9 Hz,-3.75,0.975777147
子图2：成层 P061：幅值,9 Hz,-3.7,0.9386938648
子图2：成层 P061：幅值,9 Hz,-3.65,0.9100660898
子图2：成层 P061：幅值,9 Hz,-3.6,0.894684619
子图2：成层 P061：幅值,9 Hz,-3.55,0.8827422186
子图2：成层 P061：幅值,9 Hz,-3.5,0.8751241221
子图2：成层 P061：幅值,9 Hz,-3.45,0.8624165908
子图2：成层 P061：幅值,9 Hz,-3.4,0.8559687402
子图2：成层 P061：幅值,9 Hz,-3.35,0.8352199834
子图2：成层 P061：幅值,9 Hz,-3.3,0.8288208841
子图2：成层 P061：幅值,9 Hz,-3.25,0.8312775403
子图2：成层 P061：幅值,9 Hz,-3.2,0.8589146586
子图2：成层 P061：幅值,9 Hz,-3.15,0.9053520512
子图2：成层 P061：幅值,9 Hz,-3.1,0.9756443614
子图2：成层 P061：幅值,9 Hz,-3.05,1.054740334
子图2：成层 P061：幅值,9 Hz,-3,1.12771007
子图2：成层 P061：幅值,9 Hz,-2.95,1.189779812
子图2：成层 P061：幅值,9 Hz,-2.9,1.225536239
子图2：成层 P061：幅值,9 Hz,-2.85,1.234509735
子图2：成层 P061：幅值,9 Hz,-2.8,1.217253398
子图2：成层 P061：幅值,9 Hz,-2.75,1.168989073
子图2：成层 P061：幅值,9 Hz,-2.7,1.108710414
子图2：成层 P061：幅值,9 Hz,-2.65,1.051587935
子图2：成层 P061：幅值,9 Hz,-2.6,0.9886969365
子图2：成层 P061：幅值,9 Hz,-2.55,0.9785407258
子图2：成层 P061：幅值,9 Hz,-2.5,0.9775885641
子图2：成层 P061：幅值,9 Hz,-2.45,1.00283348
子图2：成层 P061：幅值,9 Hz,-2.4,1.037448598
子图2：成层 P061：幅值,9 Hz,-2.35,1.064625553
子图2：成层 P061：幅值,9 Hz,-2.3,1.072981289
子图2：成层 P061：幅值,9 Hz,-2.25,1.05288897
子图2：成层 P061：幅值,9 Hz,-2.2,1.030372941
子图2：成层 P061：幅值,9 Hz,-2.15,0.9649561207
子图2：成层 P061：幅值,9 Hz,-2.1,0.9215184992
子图2：成层 P061：幅值,9 Hz,-2.05,0.8942875599
子图2：成层 P061：幅值,9 Hz,-2,0.9038561785
子图2：成层 P061：幅值,9 Hz,-1.95,0.9597564164
子图2：成层 P061：幅值,9 Hz,-1.9,1.045326337
子图2：成层 P061：幅值,9 Hz,-1.85,1.13543315
子图2：成层 P061：幅值,9 Hz,-1.8,1.221411287
子图2：成层 P061：幅值,9 Hz,-1.75,1.261028107
子图2：成层 P061：幅值,9 Hz,-1.7,1.267383336
子图2：成层 P061：幅值,9 Hz,-1.65,1.227652565
子图2：成层 P061：幅值,9 Hz,-1.6,1.131243463
子图2：成层 P061：幅值,9 Hz,-1.55,1.005292242
子图2：成层 P061：幅值,9 Hz,-1.5,0.8531011256
子图2：成层 P061：幅值,9 Hz,-1.45,0.7317938643
子图2：成层 P061：幅值,9 Hz,-1.4,0.6519587141
子图2：成层 P061：幅值,9 Hz,-1.35,0.7295091492
子图2：成层 P061：幅值,9 Hz,-1.3,0.8524369234
子图2：成层 P061：幅值,9 Hz,-1.25,1.011319056
子图2：成层 P061：幅值,9 Hz,-1.2,1.150939916
子图2：成层 P061：幅值,9 Hz,-1.15,1.250843699
子图2：成层 P061：幅值,9 Hz,-1.1,1.291085157
子图2：成层 P061：幅值,9 Hz,-1.05,1.268400122
子图2：成层 P061：幅值,9 Hz,-1,1.214807345
子图2：成层 P061：幅值,9 Hz,-0.95,1.086191289
子图2：成层 P061：幅值,9 Hz,-0.9,0.9696287317
子图2：成层 P061：幅值,9 Hz,-0.85,0.8734588164
子图2：成层 P061：幅值,9 Hz,-0.8,0.8513071415
子图2：成层 P061：幅值,9 Hz,-0.75,0.9161527258
子图2：成层 P061：幅值,9 Hz,-0.7,1.038537236
子图2：成层 P061：幅值,9 Hz,-0.65,1.161234172
子图2：成层 P061：幅值,9 Hz,-0.6,1.277525543
子图2：成层 P061：幅值,9 Hz,-0.55,1.304934017
子图2：成层 P061：幅值,9 Hz,-0.5,1.287758114
子图2：成层 P061：幅值,9 Hz,-0.45,1.203353297
子图2：成层 P061：幅值,9 Hz,-0.4,1.023736149
子图2：成层 P061：幅值,9 Hz,-0.35,0.8178550155
子图2：成层 P061：幅值,9 Hz,-0.3,0.5512079156
子图2：成层 P061：幅值,9 Hz,-0.25,0.3377540018
子图2：成层 P061：幅值,9 Hz,-0.2,0.3028774505
子图2：成层 P061：幅值,9 Hz,-0.15,0.561517384
子图2：成层 P061：幅值,9 Hz,-0.1,0.7837535548
子图2：成层 P061：幅值,9 Hz,-0.05,0.967345107
子图2：成层 P061：幅值,9 Hz,0,1.024203374
子图2：成层 P061：幅值,9 Hz,0.05,0.8480669674
子图2：成层 P061：幅值,9 Hz,0.1,0.6707428284
子图2：成层 P061：幅值,9 Hz,0.15,0.4858405167
子图2：成层 P061：幅值,9 Hz,0.2,0.4217612762
子图2：成层 P061：幅值,9 Hz,0.25,0.5918921617
子图2：成层 P061：幅值,9 Hz,0.3,0.7901322398
子图2：成层 P061：幅值,9 Hz,0.35,0.9503197292
子图2：成层 P061：幅值,9 Hz,0.4,1.029084098
子图2：成层 P061：幅值,9 Hz,0.45,1.071147619
子图2：成层 P061：幅值,9 Hz,0.5,1.020762756
子图2：成层 P061：幅值,9 Hz,0.55,0.9537834224
子图2：成层 P061：幅值,9 Hz,0.6,0.9191633159
子图2：成层 P061：幅值,9 Hz,0.65,0.9642746354
子图2：成层 P061：幅值,9 Hz,0.7,1.085042748
子图2：成层 P061：幅值,9 Hz,0.75,1.280130948
子图2：成层 P061：幅值,9 Hz,0.8,1.453741785
子图2：成层 P061：幅值,9 Hz,0.85,1.466858694
子图2：成层 P061：幅值,9 Hz,0.9,1.353230407
子图2：成层 P061：幅值,9 Hz,0.95,1.254452286
子图2：成层 P061：幅值,9 Hz,1,1.353825816
子图2：成层 P061：幅值,9 Hz,1.05,1.645502499
子图2：成层 P061：幅值,9 Hz,1.1,1.808231468
子图2：成层 P061：幅值,9 Hz,1.15,1.920508727
子图2：成层 P061：幅值,9 Hz,1.2,2.079248959
子图2：成层 P061：幅值,9 Hz,1.25,2.04235062
子图2：成层 P061：幅值,9 Hz,1.3,2.062812059
子图2：成层 P061：幅值,9 Hz,1.35,2.01125897
子图2：成层 P061：幅值,9 Hz,1.4,1.985391474
子图2：成层 P061：幅值,9 Hz,1.45,1.902375748
子图2：成层 P061：幅值,9 Hz,1.5,1.874351267
子图2：成层 P061：幅值,9 Hz,1.55,1.86420026
子图2：成层 P061：幅值,9 Hz,1.6,1.817345972
子图2：成层 P061：幅值,9 Hz,1.65,1.849339612
子图2：成层 P061：幅值,9 Hz,1.7,1.833835144
子图2：成层 P061：幅值,9 Hz,1.75,1.842776227
子图2：成层 P061：幅值,9 Hz,1.8,1.795070455
子图2：成层 P061：幅值,9 Hz,1.85,1.788585757
子图2：成层 P061：幅值,9 Hz,1.9,1.722125222
子图2：成层 P061：幅值,9 Hz,1.95,1.637765005
子图2：成层 P061：幅值,9 Hz,2,1.585817066
子图2：成层 P061：幅值,9 Hz,2.05,1.462405468
子图2：成层 P061：幅值,9 Hz,2.1,1.390169039
子图2：成层 P061：幅值,9 Hz,2.15,1.315842876
子图2：成层 P061：幅值,9 Hz,2.2,1.290326879
子图2：成层 P061：幅值,9 Hz,2.25,1.280968909
子图2：成层 P061：幅值,9 Hz,2.3,1.3320743
子图2：成层 P061：幅值,9 Hz,2.35,1.412621508
子图2：成层 P061：幅值,9 Hz,2.4,1.498049939
子图2：成层 P061：幅值,9 Hz,2.45,1.611339186
子图2：成层 P061：幅值,9 Hz,2.5,1.701833747
子图2：成层 P061：幅值,9 Hz,2.55,1.784750691
子图2：成层 P061：幅值,9 Hz,2.6,1.82095219
子图2：成层 P061：幅值,9 Hz,2.65,1.848674026
子图2：成层 P061：幅值,9 Hz,2.7,1.829223985
子图2：成层 P061：幅值,9 Hz,2.75,1.788634485
子图2：成层 P061：幅值,9 Hz,2.8,1.751149757
子图2：成层 P061：幅值,9 Hz,2.85,1.684260241
子图2：成层 P061：幅值,9 Hz,2.9,1.644220957
子图2：成层 P061：幅值,9 Hz,2.95,1.609944251
子图2：成层 P061：幅值,9 Hz,3,1.599527259
子图2：成层 P061：幅值,9 Hz,3.05,1.596308388
子图2：成层 P061：幅值,9 Hz,3.1,1.609373958
子图2：成层 P061：幅值,9 Hz,3.15,1.631658593
子图2：成层 P061：幅值,9 Hz,3.2,1.617368106
子图2：成层 P061：幅值,9 Hz,3.25,1.631255696
子图2：成层 P061：幅值,9 Hz,3.3,1.595907239
子图2：成层 P061：幅值,9 Hz,3.35,1.553726308
子图2：成层 P061：幅值,9 Hz,3.4,1.494853793
子图2：成层 P061：幅值,9 Hz,3.45,1.431914455
子图2：成层 P061：幅值,9 Hz,3.5,1.366579279
子图2：成层 P061：幅值,9 Hz,3.55,1.30242165
子图2：成层 P061：幅值,9 Hz,3.6,1.287524839
子图2：成层 P061：幅值,9 Hz,3.65,1.253443254
子图2：成层 P061：幅值,9 Hz,3.7,1.273622346
子图2：成层 P061：幅值,9 Hz,3.75,1.301069955
子图2：成层 P061：幅值,9 Hz,3.8,1.34738442
子图2：成层 P061：幅值,9 Hz,3.85,1.383760946
子图2：成层 P061：幅值,9 Hz,3.9,1.418407697
子图2：成层 P061：幅值,9 Hz,3.95,1.445461656
子图2：成层 P061：幅值,9 Hz,4,1.418902671
子图2：成层 P061：幅值,系列13（竖直参考线）,0,0.09292541337
子图2：成层 P061：幅值,系列13（竖直参考线）,0,2.173835795
子图2：成层 P061：幅值,系列14（竖直参考线）,1,0.09292541337
子图2：成层 P061：幅值,系列14（竖直参考线）,1,2.173835795
子图3：均质 H004：相位,1 Hz,-4,-0.4881504662
子图3：均质 H004：相位,1 Hz,-3.95,-0.3968767541
子图3：均质 H004：相位,1 Hz,-3.9,-0.3046050131
子图3：均质 H004：相位,1 Hz,-3.85,-0.2113241565
子图3：均质 H004：相位,1 Hz,-3.8,-0.1170306716
子图3：均质 H004：相位,1 Hz,-3.75,-0.02154126887
子图3：均质 H004：相位,1 Hz,-3.7,0.07499567179
子图3：均质 H004：相位,1 Hz,-3.65,0.1726042341
子图3：均质 H004：相位,1 Hz,-3.6,0.2713099553
子图3：均质 H004：相位,1 Hz,-3.55,0.3712621095
子图3：均质 H004：相位,1 Hz,-3.5,0.4723466224
子图3：均质 H004：相位,1 Hz,-3.45,0.574568239
子图3：均质 H004：相位,1 Hz,-3.4,0.6779356547
子图3：均质 H004：相位,1 Hz,-3.35,0.7826581441
子图3：均质 H004：相位,1 Hz,-3.3,0.8885622389
子图3：均质 H004：相位,1 Hz,-3.25,0.9956725272
子图3：均质 H004：相位,1 Hz,-3.2,1.104011326
子图3：均质 H004：相位,1 Hz,-3.15,1.2137665
子图3：均质 H004：相位,1 Hz,-3.1,1.324786969
子图3：均质 H004：相位,1 Hz,-3.05,1.437083094
子图3：均质 H004：相位,1 Hz,-3,1.55066717
子图3：均质 H004：相位,1 Hz,-2.95,1.665770073
子图3：均质 H004：相位,1 Hz,-2.9,1.782200395
子图3：均质 H004：相位,1 Hz,-2.85,1.89998045
子图3：均质 H004：相位,1 Hz,-2.8,2.019129163
子图3：均质 H004：相位,1 Hz,-2.75,2.139876989
子图3：均质 H004：相位,1 Hz,-2.7,2.262035716
子图3：均质 H004：相位,1 Hz,-2.65,2.385621018
子图3：均质 H004：相位,1 Hz,-2.6,2.510651256
子图3：均质 H004：相位,1 Hz,-2.55,2.637382842
子图3：均质 H004：相位,1 Hz,-2.5,2.7656049
子图3：均质 H004：相位,1 Hz,-2.45,2.895338857
子图3：均质 H004：相位,1 Hz,-2.4,3.026606106
子图3：均质 H004：相位,1 Hz,-2.35,3.159679328
子图3：均质 H004：相位,1 Hz,-2.3,3.294336751
子图3：均质 H004：相位,1 Hz,-2.25,3.430600803
子图3：均质 H004：相位,1 Hz,-2.2,3.568494261
子图3：均质 H004：相位,1 Hz,-2.15,3.708317249
子图3：均质 H004：相位,1 Hz,-2.1,3.849827446
子图3：均质 H004：相位,1 Hz,-2.05,3.993052328
子图3：均质 H004：相位,1 Hz,-2,4.138025509
子图3：均质 H004：相位,1 Hz,-1.95,4.285057137
子图3：均质 H004：相位,1 Hz,-1.9,4.433905019
子图3：均质 H004：相位,1 Hz,-1.85,4.584598392
子图3：均质 H004：相位,1 Hz,-1.8,4.73715413
子图3：均质 H004：相位,1 Hz,-1.75,4.891959622
子图3：均质 H004：相位,1 Hz,-1.7,5.048708282
子图3：均质 H004：相位,1 Hz,-1.65,5.207446092
子图3：均质 H004：相位,1 Hz,-1.6,5.368246853
子图3：均质 H004：相位,1 Hz,-1.55,5.531425598
子图3：均质 H004：相位,1 Hz,-1.5,5.696763391
子图3：均质 H004：相位,1 Hz,-1.45,5.864283764
子图3：均质 H004：相位,1 Hz,-1.4,6.033963706
子图3：均质 H004：相位,1 Hz,-1.35,6.206386947
子图3：均质 H004：相位,1 Hz,-1.3,6.381082581
子图3：均质 H004：相位,1 Hz,-1.25,6.558143308
子图3：均质 H004：相位,1 Hz,-1.2,6.73776424
子图3：均质 H004：相位,1 Hz,-1.15,6.92011207
子图3：均质 H004：相位,1 Hz,-1.1,7.105144995
子图3：均质 H004：相位,1 Hz,-1.05,7.292835505
子图3：均质 H004：相位,1 Hz,-1,7.482947856
子图3：均质 H004：相位,1 Hz,-0.95,7.676636537
子图3：均质 H004：相位,1 Hz,-0.9,7.872873362
子图3：均质 H004：相位,1 Hz,-0.85,8.071879886
子图3：均质 H004：相位,1 Hz,-0.8,8.274306128
子图3：均质 H004：相位,1 Hz,-0.75,8.479374515
子图3：均质 H004：相位,1 Hz,-0.7,8.687944149
子图3：均质 H004：相位,1 Hz,-0.65,8.899679663
子图3：均质 H004：相位,1 Hz,-0.6,9.113359789
子图3：均质 H004：相位,1 Hz,-0.55,9.332155061
子图3：均质 H004：相位,1 Hz,-0.5,9.552844038
子图3：均质 H004：相位,1 Hz,-0.45,9.776120666
子图3：均质 H004：相位,1 Hz,-0.4,10.00426312
子图3：均质 H004：相位,1 Hz,-0.35,10.23231749
子图3：均质 H004：相位,1 Hz,-0.3,10.46482318
子图3：均质 H004：相位,1 Hz,-0.25,10.69983247
子图3：均质 H004：相位,1 Hz,-0.2,10.93302707
子图3：均质 H004：相位,1 Hz,-0.15,11.17271901
子图3：均质 H004：相位,1 Hz,-0.1,11.40912842
子图3：均质 H004：相位,1 Hz,-0.05,11.64467999
子图3：均质 H004：相位,1 Hz,0,11.88195469
子图3：均质 H004：相位,1 Hz,0.05,11.97448997
子图3：均质 H004：相位,1 Hz,0.1,12.07212183
子图3：均质 H004：相位,1 Hz,0.15,12.15783648
子图3：均质 H004：相位,1 Hz,0.2,12.24114453
子图3：均质 H004：相位,1 Hz,0.25,12.31071322
子图3：均质 H004：相位,1 Hz,0.3,12.37405862
子图3：均质 H004：相位,1 Hz,0.35,12.42285515
子图3：均质 H004：相位,1 Hz,0.4,12.46179689
子图3：均质 H004：相位,1 Hz,0.45,12.48572981
子图3：均质 H004：相位,1 Hz,0.5,12.49494983
子图3：均质 H004：相位,1 Hz,0.55,12.4894022
子图3：均质 H004：相位,1 Hz,0.6,12.46101453
子图3：均质 H004：相位,1 Hz,0.65,12.42008613
子图3：均质 H004：相位,1 Hz,0.7,12.34052401
子图3：均质 H004：相位,1 Hz,0.75,12.25602496
子图3：均质 H004：相位,1 Hz,0.8,12.09788268
子图3：均质 H004：相位,1 Hz,0.85,11.95706682
子图3：均质 H004：相位,1 Hz,0.9,11.64797973
子图3：均质 H004：相位,1 Hz,0.95,11.42523205
子图3：均质 H004：相位,1 Hz,1,10.55090156
子图3：均质 H004：相位,1 Hz,1.05,10.11278355
子图3：均质 H004：相位,1 Hz,1.1,10.03610031
子图3：均质 H004：相位,1 Hz,1.15,9.957860328
子图3：均质 H004：相位,1 Hz,1.2,9.858819418
子图3：均质 H004：相位,1 Hz,1.25,9.852894665
子图3：均质 H004：相位,1 Hz,1.3,9.808163365
子图3：均质 H004：相位,1 Hz,1.35,9.780021099
子图3：均质 H004：相位,1 Hz,1.4,9.778476013
子图3：均质 H004：相位,1 Hz,1.45,9.75166473
子图3：均质 H004：相位,1 Hz,1.5,9.749648673
子图3：均质 H004：相位,1 Hz,1.55,9.747723327
子图3：均质 H004：相位,1 Hz,1.6,9.739229197
子图3：均质 H004：相位,1 Hz,1.65,9.748472873
子图3：均质 H004：相位,1 Hz,1.7,9.750153778
子图3：均质 H004：相位,1 Hz,1.75,9.755226978
子图3：均质 H004：相位,1 Hz,1.8,9.766445096
子图3：均质 H004：相位,1 Hz,1.85,9.772509579
子图3：均质 H004：相位,1 Hz,1.9,9.784364995
子图3：均质 H004：相位,1 Hz,1.95,9.796526504
子图3：均质 H004：相位,1 Hz,2,9.80755151
子图3：均质 H004：相位,1 Hz,2.05,9.822844341
子图3：均质 H004：相位,1 Hz,2.1,9.836732772
子图3：均质 H004：相位,1 Hz,2.15,9.851609163
子图3：均质 H004：相位,1 Hz,2.2,9.86787772
子图3：均质 H004：相位,1 Hz,2.25,9.883483457
子图3：均质 H004：相位,1 Hz,2.3,9.900341806
子图3：均质 H004：相位,1 Hz,2.35,9.917349391
子图3：均质 H004：相位,1 Hz,2.4,9.934387771
子图3：均质 H004：相位,1 Hz,2.45,9.952199402
子图3：均质 H004：相位,1 Hz,2.5,9.969937922
子图3：均质 H004：相位,1 Hz,2.55,9.987913854
子图3：均质 H004：相位,1 Hz,2.6,10.00598085
子图3：均质 H004：相位,1 Hz,2.65,10.02427568
子图3：均质 H004：相位,1 Hz,2.7,10.04259967
子图3：均质 H004：相位,1 Hz,2.75,10.06092319
子图3：均质 H004：相位,1 Hz,2.8,10.07941231
子图3：均质 H004：相位,1 Hz,2.85,10.09775581
子图3：均质 H004：相位,1 Hz,2.9,10.11622779
子图3：均质 H004：相位,1 Hz,2.95,10.13467819
子图3：均质 H004：相位,1 Hz,3,10.15289629
子图3：均质 H004：相位,1 Hz,3.05,10.17140659
子图3：均质 H004：相位,1 Hz,3.1,10.18966675
子图3：均质 H004：相位,1 Hz,3.15,10.20786248
子图3：均质 H004：相位,1 Hz,3.2,10.22618338
子图3：均质 H004：相位,1 Hz,3.25,10.24420165
子图3：均质 H004：相位,1 Hz,3.3,10.26234326
子图3：均质 H004：相位,1 Hz,3.35,10.28041547
子图3：均质 H004：相位,1 Hz,3.4,10.29825083
子图3：均质 H004：相位,1 Hz,3.45,10.31634228
子图3：均质 H004：相位,1 Hz,3.5,10.33420762
子图3：均质 H004：相位,1 Hz,3.55,10.35203876
子图3：均质 H004：相位,1 Hz,3.6,10.36999875
子图3：均质 H004：相位,1 Hz,3.65,10.38774338
子图3：均质 H004：相位,1 Hz,3.7,10.40563979
子图3：均质 H004：相位,1 Hz,3.75,10.42353583
子图3：均质 H004：相位,1 Hz,3.8,10.44130561
子图3：均质 H004：相位,1 Hz,3.85,10.45937064
子图3：均质 H004：相位,1 Hz,3.9,10.47733903
子图3：均质 H004：相位,1 Hz,3.95,10.49537359
子图3：均质 H004：相位,1 Hz,4,10.51361914
子图3：均质 H004：相位,3 Hz,-4,-9.281272462
子图3：均质 H004：相位,3 Hz,-3.95,-9.916313159
子图3：均质 H004：相位,3 Hz,-3.9,-10.54253239
子图3：均质 H004：相位,3 Hz,-3.85,-11.15782995
子图3：均质 H004：相位,3 Hz,-3.8,-11.7601321
子图3：均质 H004：相位,3 Hz,-3.75,-12.34840171
子图3：均质 H004：相位,3 Hz,-3.7,-12.91981747
子图3：均质 H004：相位,3 Hz,-3.65,-13.47277334
子图3：均质 H004：相位,3 Hz,-3.6,-14.00577829
子图3：均质 H004：相位,3 Hz,-3.55,-14.51713962
子图3：均质 H004：相位,3 Hz,-3.5,-15.00547551
子图3：均质 H004：相位,3 Hz,-3.45,-15.46941311
子图3：均质 H004：相位,3 Hz,-3.4,-15.90771564
子图3：均质 H004：相位,3 Hz,-3.35,-16.31934638
子图3：均质 H004：相位,3 Hz,-3.3,-16.70331952
子图3：均质 H004：相位,3 Hz,-3.25,-17.05904381
子图3：均质 H004：相位,3 Hz,-3.2,-17.3860418
子图3：均质 H004：相位,3 Hz,-3.15,-17.68280795
子图3：均质 H004：相位,3 Hz,-3.1,-17.94989172
子图3：均质 H004：相位,3 Hz,-3.05,-18.1869679
子图3：均质 H004：相位,3 Hz,-3,-18.39384169
子图3：均质 H004：相位,3 Hz,-2.95,-18.56958319
子图3：均质 H004：相位,3 Hz,-2.9,-18.71507067
子图3：均质 H004：相位,3 Hz,-2.85,-18.83058294
子图3：均质 H004：相位,3 Hz,-2.8,-18.91644995
子图3：均质 H004：相位,3 Hz,-2.75,-18.97133923
子图3：均质 H004：相位,3 Hz,-2.7,-18.99719592
子图3：均质 H004：相位,3 Hz,-2.65,-18.99438787
子图3：均质 H004：相位,3 Hz,-2.6,-18.96334705
子图3：均质 H004：相位,3 Hz,-2.55,-18.90308702
子图3：均质 H004：相位,3 Hz,-2.5,-18.81563529
子图3：均质 H004：相位,3 Hz,-2.45,-18.70166317
子图3：均质 H004：相位,3 Hz,-2.4,-18.56184915
子图3：均质 H004：相位,3 Hz,-2.35,-18.39487616
子图3：均质 H004：相位,3 Hz,-2.3,-18.20333316
子图3：均质 H004：相位,3 Hz,-2.25,-17.98783834
子图3：均质 H004：相位,3 Hz,-2.2,-17.74902206
子图3：均质 H004：相位,3 Hz,-2.15,-17.48580561
子图3：均质 H004：相位,3 Hz,-2.1,-17.20063533
子图3：均质 H004：相位,3 Hz,-2.05,-16.89424488
子图3：均质 H004：相位,3 Hz,-2,-16.56736577
子图3：均质 H004：相位,3 Hz,-1.95,-16.21867514
子图3：均质 H004：相位,3 Hz,-1.9,-15.85086626
子图3：均质 H004：相位,3 Hz,-1.85,-15.46455925
子图3：均质 H004：相位,3 Hz,-1.8,-15.06035014
子图3：均质 H004：相位,3 Hz,-1.75,-14.63721554
子图3：均质 H004：相位,3 Hz,-1.7,-14.1975084
子图3：均质 H004：相位,3 Hz,-1.65,-13.74190381
子图3：均质 H004：相位,3 Hz,-1.6,-13.27109987
子图3：均质 H004：相位,3 Hz,-1.55,-12.7838236
子图3：均质 H004：相位,3 Hz,-1.5,-12.28260881
子图3：均质 H004：相位,3 Hz,-1.45,-11.76798002
子图3：均质 H004：相位,3 Hz,-1.4,-11.24037691
子图3：均质 H004：相位,3 Hz,-1.35,-10.69913251
子图3：均质 H004：相位,3 Hz,-1.3,-10.14610945
子图3：均质 H004：相位,3 Hz,-1.25,-9.581936388
子图3：均质 H004：相位,3 Hz,-1.2,-9.007378277
子图3：均质 H004：相位,3 Hz,-1.15,-8.42111813
子图3：均质 H004：相位,3 Hz,-1.1,-7.825592032
子图3：均质 H004：相位,3 Hz,-1.05,-7.221156415
子图3：均质 H004：相位,3 Hz,-1,-6.607865852
子图3：均质 H004：相位,3 Hz,-0.95,-5.986064263
子图3：均质 H004：相位,3 Hz,-0.9,-5.356467883
子图3：均质 H004：相位,3 Hz,-0.85,-4.719805095
子图3：均质 H004：相位,3 Hz,-0.8,-4.077366372
子图3：均质 H004：相位,3 Hz,-0.75,-3.42690392
子图3：均质 H004：相位,3 Hz,-0.7,-2.771618883
子图3：均质 H004：相位,3 Hz,-0.65,-2.111409567
子图3：均质 H004：相位,3 Hz,-0.6,-1.445062843
子图3：均质 H004：相位,3 Hz,-0.55,-0.7758443828
子图3：均质 H004：相位,3 Hz,-0.5,-0.1013237812
子图3：均质 H004：相位,3 Hz,-0.45,0.5771481705
子图3：均质 H004：相位,3 Hz,-0.4,1.256309014
子图3：均质 H004：相位,3 Hz,-0.35,1.942818369
子图3：均质 H004：相位,3 Hz,-0.3,2.629441469
子图3：均质 H004：相位,3 Hz,-0.25,3.318050891
子图3：均质 H004：相位,3 Hz,-0.2,4.013191344
子图3：均质 H004：相位,3 Hz,-0.15,4.704489371
子图3：均质 H004：相位,3 Hz,-0.1,5.401962263
子图3：均质 H004：相位,3 Hz,-0.05,6.101193138
子图3：均质 H004：相位,3 Hz,0,6.796575179
子图3：均质 H004：相位,3 Hz,0.05,7.338262467
子图3：均质 H004：相位,3 Hz,0.1,7.870430085
子图3：均质 H004：相位,3 Hz,0.15,8.409054959
子图3：均质 H004：相位,3 Hz,0.2,8.941120544
子图3：均质 H004：相位,3 Hz,0.25,9.481056132
子图3：均质 H004：相位,3 Hz,0.3,10.01947421
子图3：均质 H004：相位,3 Hz,0.35,10.56833422
子图3：均质 H004：相位,3 Hz,0.4,11.12243956
子图3：均质 H004：相位,3 Hz,0.45,11.69048786
子图3：均质 H004：相位,3 Hz,0.5,12.27390783
子图3：均质 H004：相位,3 Hz,0.55,12.8752637
子图3：均质 H004：相位,3 Hz,0.6,13.50933574
子图3：均质 H004：相位,3 Hz,0.65,14.16445149
子图3：均质 H004：相位,3 Hz,0.7,14.8863995
子图3：均质 H004：相位,3 Hz,0.75,15.62700687
子图3：均质 H004：相位,3 Hz,0.8,16.51297558
子图3：均质 H004：相位,3 Hz,0.85,17.39387102
子图3：均质 H004：相位,3 Hz,0.9,18.65073986
子图3：均质 H004：相位,3 Hz,0.95,19.78965865
子图3：均质 H004：相位,3 Hz,1,22.70093795
子图3：均质 H004：相位,3 Hz,1.05,25.47277521
子图3：均质 H004：相位,3 Hz,1.1,27.20010007
子图3：均质 H004：相位,3 Hz,1.15,28.97381002
子图3：均质 H004：相位,3 Hz,1.2,30.87670342
子图3：均质 H004：相位,3 Hz,1.25,32.40031991
子图3：均质 H004：相位,3 Hz,1.3,34.10038114
子图3：均质 H004：相位,3 Hz,1.35,35.72532262
子图3：均质 H004：相位,3 Hz,1.4,37.20545698
子图3：均质 H004：相位,3 Hz,1.45,38.79650713
子图3：均质 H004：相位,3 Hz,1.5,40.23351022
子图3：均质 H004：相位,3 Hz,1.55,41.64103346
子图3：均质 H004：相位,3 Hz,1.6,43.05671417
子图3：均质 H004：相位,3 Hz,1.65,44.32595813
子图3：均质 H004：相位,3 Hz,1.7,45.6023741
子图3：均质 H004：相位,3 Hz,1.75,46.81787333
子图3：均质 H004：相位,3 Hz,1.8,47.95113758
子图3：均质 H004：相位,3 Hz,1.85,49.06790486
子图3：均质 H004：相位,3 Hz,1.9,50.10166506
子图3：均质 H004：相位,3 Hz,1.95,51.08744425
子图3：均质 H004：相位,3 Hz,2,52.035528
子图3：均质 H004：相位,3 Hz,2.05,52.90142408
子图3：均质 H004：相位,3 Hz,2.1,53.73142838
子图3：均质 H004：相位,3 Hz,2.15,54.5093696
子图3：均质 H004：相位,3 Hz,2.2,55.23229169
子图3：均质 H004：相位,3 Hz,2.25,55.90998047
子图3：均质 H004：相位,3 Hz,2.3,56.53529358
子图3：均质 H004：相位,3 Hz,2.35,57.11724504
子图3：均质 H004：相位,3 Hz,2.4,57.65828252
子图3：均质 H004：相位,3 Hz,2.45,58.14674746
子图3：均质 H004：相位,3 Hz,2.5,58.59731239
子图3：均质 H004：相位,3 Hz,2.55,59.00842542
子图3：均质 H004：相位,3 Hz,2.6,59.38164511
子图3：均质 H004：相位,3 Hz,2.65,59.71301322
子图3：均质 H004：相位,3 Hz,2.7,60.0094942
子图3：均质 H004：相位,3 Hz,2.75,60.27305369
子图3：均质 H004：相位,3 Hz,2.8,60.50433267
子图3：均质 H004：相位,3 Hz,2.85,60.70007049
子图3：均质 H004：相位,3 Hz,2.9,60.86640848
子图3：均质 H004：相位,3 Hz,2.95,61.00493016
子图3：均质 H004：相位,3 Hz,3,61.11760352
子图3：均质 H004：相位,3 Hz,3.05,61.19915651
子图3：均质 H004：相位,3 Hz,3.1,61.25753415
子图3：均质 H004：相位,3 Hz,3.15,61.29326222
子图3：均质 H004：相位,3 Hz,3.2,61.30687926
子图3：均质 H004：相位,3 Hz,3.25,61.2968983
子图3：均质 H004：相位,3 Hz,3.3,61.2673628
子图3：均质 H004：相位,3 Hz,3.35,61.22001007
子图3：均质 H004：相位,3 Hz,3.4,61.15631134
子图3：均质 H004：相位,3 Hz,3.45,61.07284321
子图3：均质 H004：相位,3 Hz,3.5,60.97540656
子图3：均质 H004：相位,3 Hz,3.55,60.8645645
子图3：均质 H004：相位,3 Hz,3.6,60.74128881
子图3：均质 H004：相位,3 Hz,3.65,60.60409352
子图3：均质 H004：相位,3 Hz,3.7,60.45673464
子图3：均质 H004：相位,3 Hz,3.75,60.30042328
子图3：均质 H004：相位,3 Hz,3.8,60.13568266
子图3：均质 H004：相位,3 Hz,3.85,59.96202866
子图3：均质 H004：相位,3 Hz,3.9,59.78199711
子图3：均质 H004：相位,3 Hz,3.95,59.59657321
子图3：均质 H004：相位,3 Hz,4,59.40785988
子图3：均质 H004：相位,5 Hz,-4,8.040423616
子图3：均质 H004：相位,5 Hz,-3.95,7.524282175
子图3：均质 H004：相位,5 Hz,-3.9,7.020540631
子图3：均质 H004：相位,5 Hz,-3.85,6.533347996
子图3：均质 H004：相位,5 Hz,-3.8,6.067803869
子图3：均质 H004：相位,5 Hz,-3.75,5.635844476
子图3：均质 H004：相位,5 Hz,-3.7,5.234354017
子图3：均质 H004：相位,5 Hz,-3.65,4.866874451
子图3：均质 H004：相位,5 Hz,-3.6,4.535352583
子图3：均质 H004：相位,5 Hz,-3.55,4.247105009
子图3：均质 H004：相位,5 Hz,-3.5,3.996126451
子图3：均质 H004：相位,5 Hz,-3.45,3.781566237
子图3：均质 H004：相位,5 Hz,-3.4,3.602227965
子图3：均质 H004：相位,5 Hz,-3.35,3.46160322
子图3：均质 H004：相位,5 Hz,-3.3,3.350847687
子图3：均质 H004：相位,5 Hz,-3.25,3.266638887
子图3：均质 H004：相位,5 Hz,-3.2,3.204977335
子图3：均质 H004：相位,5 Hz,-3.15,3.165635694
子图3：均质 H004：相位,5 Hz,-3.1,3.13885128
子图3：均质 H004：相位,5 Hz,-3.05,3.119658064
子图3：均质 H004：相位,5 Hz,-3,3.102867999
子图3：均质 H004：相位,5 Hz,-2.95,3.083017126
子图3：均质 H004：相位,5 Hz,-2.9,3.052554912
子图3：均质 H004：相位,5 Hz,-2.85,3.005061785
子图3：均质 H004：相位,5 Hz,-2.8,2.933885923
子图3：均质 H004：相位,5 Hz,-2.75,2.830668473
子图3：均质 H004：相位,5 Hz,-2.7,2.689287579
子图3：均质 H004：相位,5 Hz,-2.65,2.503429223
子图3：均质 H004：相位,5 Hz,-2.6,2.266960396
子图3：均质 H004：相位,5 Hz,-2.55,1.967461221
子图3：均质 H004：相位,5 Hz,-2.5,1.604200861
子图3：均质 H004：相位,5 Hz,-2.45,1.171801162
子图3：均质 H004：相位,5 Hz,-2.4,0.6655939194
子图3：均质 H004：相位,5 Hz,-2.35,0.07544605324
子图3：均质 H004：相位,5 Hz,-2.3,-0.5943321946
子图3：均质 H004：相位,5 Hz,-2.25,-1.343607168
子图3：均质 H004：相位,5 Hz,-2.2,-2.170262889
子图3：均质 H004：相位,5 Hz,-2.15,-3.0795458
子图3：均质 H004：相位,5 Hz,-2.1,-4.055973973
子图3：均质 H004：相位,5 Hz,-2.05,-5.091247107
子图3：均质 H004：相位,5 Hz,-2,-6.175026266
子图3：均质 H004：相位,5 Hz,-1.95,-7.298582094
子图3：均质 H004：相位,5 Hz,-1.9,-8.441236285
子图3：均质 H004：相位,5 Hz,-1.85,-9.586196245
子图3：均质 H004：相位,5 Hz,-1.8,-10.71564386
子图3：均质 H004：相位,5 Hz,-1.75,-11.8159269
子图3：均质 H004：相位,5 Hz,-1.7,-12.86531609
子图3：均质 H004：相位,5 Hz,-1.65,-13.84929163
子图3：均质 H004：相位,5 Hz,-1.6,-14.75565642
子图3：均质 H004：相位,5 Hz,-1.55,-15.56726532
子图3：均质 H004：相位,5 Hz,-1.5,-16.2791767
子图3：均质 H004：相位,5 Hz,-1.45,-16.88404456
子图3：均质 H004：相位,5 Hz,-1.4,-17.37591644
子图3：均质 H004：相位,5 Hz,-1.35,-17.74997184
子图3：均质 H004：相位,5 Hz,-1.3,-18.00775849
子图3：均质 H004：相位,5 Hz,-1.25,-18.15194495
子图3：均质 H004：相位,5 Hz,-1.2,-18.18777726
子图3：均质 H004：相位,5 Hz,-1.15,-18.10556356
子图3：均质 H004：相位,5 Hz,-1.1,-17.92295647
子图3：均质 H004：相位,5 Hz,-1.05,-17.64345651
子图3：均质 H004：相位,5 Hz,-1,-17.26879107
子图3：均质 H004：相位,5 Hz,-0.95,-16.80495132
子图3：均质 H004：相位,5 Hz,-0.9,-16.25780431
子图3：均质 H004：相位,5 Hz,-0.85,-15.6356048
子图3：均质 H004：相位,5 Hz,-0.8,-14.94986669
子图3：均质 H004：相位,5 Hz,-0.75,-14.18610872
子图3：均质 H004：相位,5 Hz,-0.7,-13.36989077
子图3：均质 H004：相位,5 Hz,-0.65,-12.50230843
子图3：均质 H004：相位,5 Hz,-0.6,-11.57860608
子图3：均质 H004：相位,5 Hz,-0.55,-10.6189355
子图3：均质 H004：相位,5 Hz,-0.5,-9.612911603
子图3：均质 H004：相位,5 Hz,-0.45,-8.571095433
子图3：均质 H004：相位,5 Hz,-0.4,-7.512685984
子图3：均质 H004：相位,5 Hz,-0.35,-6.403682723
子图3：均质 H004：相位,5 Hz,-0.3,-5.285789247
子图3：均质 H004：相位,5 Hz,-0.25,-4.151087921
子图3：均质 H004：相位,5 Hz,-0.2,-2.980429073
子图3：均质 H004：相位,5 Hz,-0.15,-1.826427762
子图3：均质 H004：相位,5 Hz,-0.1,-0.6449165119
子图3：均质 H004：相位,5 Hz,-0.05,0.5391055047
子图3：均质 H004：相位,5 Hz,0,1.694349687
子图3：均质 H004：相位,5 Hz,0.05,2.863306565
子图3：均质 H004：相位,5 Hz,0.1,3.993526663
子图3：均质 H004：相位,5 Hz,0.15,5.149492879
子图3：均质 H004：相位,5 Hz,0.2,6.264063322
子图3：均质 H004：相位,5 Hz,0.25,7.40469307
子图3：均质 H004：相位,5 Hz,0.3,8.524023795
子图3：均质 H004：相位,5 Hz,0.35,9.679638482
子图3：均质 H004：相位,5 Hz,0.4,10.84505519
子图3：均质 H004：相位,5 Hz,0.45,12.06393532
子图3：均质 H004：相位,5 Hz,0.5,13.34319005
子图3：均质 H004：相位,5 Hz,0.55,14.70034606
子图3：均质 H004：相位,5 Hz,0.6,16.21262692
子图3：均质 H004：相位,5 Hz,0.65,17.83407349
子图3：均质 H004：相位,5 Hz,0.7,19.81576293
子图3：均质 H004：相位,5 Hz,0.75,21.93353862
子图3：均质 H004：相位,5 Hz,0.8,24.93101203
子图3：均质 H004：相位,5 Hz,0.85,28.01406748
子图3：均质 H004：相位,5 Hz,0.9,33.63206309
子图3：均质 H004：相位,5 Hz,0.95,38.69435064
子图3：均质 H004：相位,5 Hz,1,56.04861416
子图3：均质 H004：相位,5 Hz,1.05,69.85581436
子图3：均质 H004：相位,5 Hz,1.1,74.52185598
子图3：均质 H004：相位,5 Hz,1.15,78.52193828
子图3：均质 H004：相位,5 Hz,1.2,82.42725579
子图3：均质 H004：相位,5 Hz,1.25,83.92033632
子图3：均质 H004：相位,5 Hz,1.3,85.91490852
子图3：均质 H004：相位,5 Hz,1.35,87.35860312
子图3：均质 H004：相位,5 Hz,1.4,88.1251037
子图3：均质 H004：相位,5 Hz,1.45,89.2181516
子图3：均质 H004：相位,5 Hz,1.5,89.77139554
子图3：均质 H004：相位,5 Hz,1.55,90.25355566
子图3：均质 H004：相位,5 Hz,1.6,90.80402944
子图3：均质 H004：相位,5 Hz,1.65,91.00441217
子图3：均质 H004：相位,5 Hz,1.7,91.31201821
子图3：均质 H004：相位,5 Hz,1.75,91.55257926
子图3：均质 H004：相位,5 Hz,1.8,91.68228878
子图3：均质 H004：相位,5 Hz,1.85,91.89400658
子图3：均质 H004：相位,5 Hz,1.9,92.01472493
子图3：均质 H004：相位,5 Hz,1.95,92.1373299
子图3：均质 H004：相位,5 Hz,2,92.29262159
子图3：均质 H004：相位,5 Hz,2.05,92.38469276
子图3：均质 H004：相位,5 Hz,2.1,92.51721758
子图3：均质 H004：相位,5 Hz,2.15,92.65049389
子图3：均质 H004：相位,5 Hz,2.2,92.77421938
子图3：均质 H004：相位,5 Hz,2.25,92.93230397
子图3：均质 H004：相位,5 Hz,2.3,93.08538807
子图3：均质 H004：相位,5 Hz,2.35,93.25486436
子图3：均质 H004：相位,5 Hz,2.4,93.44696711
子图3：均质 H004：相位,5 Hz,2.45,93.64280552
子图3：均质 H004：相位,5 Hz,2.5,93.86357419
子图3：均质 H004：相位,5 Hz,2.55,94.10046894
子图3：均质 H004：相位,5 Hz,2.6,94.35228611
子图3：均质 H004：相位,5 Hz,2.65,94.62963857
子图3：均质 H004：相位,5 Hz,2.7,94.92324346
子图3：均质 H004：相位,5 Hz,2.75,95.23714708
子图3：均质 H004：相位,5 Hz,2.8,95.57142342
子图3：均质 H004：相位,5 Hz,2.85,95.92828356
子图3：均质 H004：相位,5 Hz,2.9,96.30604313
子图3：均质 H004：相位,5 Hz,2.95,96.70366358
子图3：均质 H004：相位,5 Hz,3,97.12195954
子图3：均质 H004：相位,5 Hz,3.05,97.56369426
子图3：均质 H004：相位,5 Hz,3.1,98.02571092
子图3：均质 H004：相位,5 Hz,3.15,98.50715237
子图3：均质 H004：相位,5 Hz,3.2,99.00629575
子图3：均质 H004：相位,5 Hz,3.25,99.5293868
子图3：均质 H004：相位,5 Hz,3.3,100.0685604
子图3：均质 H004：相位,5 Hz,3.35,100.6238718
子图3：均质 H004：相位,5 Hz,3.4,101.1951367
子图3：均质 H004：相位,5 Hz,3.45,101.7821916
子图3：均质 H004：相位,5 Hz,3.5,102.3819453
子图3：均质 H004：相位,5 Hz,3.55,102.9915119
子图3：均质 H004：相位,5 Hz,3.6,103.6089026
子图3：均质 H004：相位,5 Hz,3.65,104.2348046
子图3：均质 H004：相位,5 Hz,3.7,104.8635201
子图3：均质 H004：相位,5 Hz,3.75,105.4933864
子图3：均质 H004：相位,5 Hz,3.8,106.1199003
子图3：均质 H004：相位,5 Hz,3.85,106.7440671
子图3：均质 H004：相位,5 Hz,3.9,107.3585221
子图3：均质 H004：相位,5 Hz,3.95,107.9607967
子图3：均质 H004：相位,5 Hz,4,108.5544057
子图3：均质 H004：相位,7 Hz,-4,0.2449515726
子图3：均质 H004：相位,7 Hz,-3.95,2.334234525
子图3：均质 H004：相位,7 Hz,-3.9,4.393985515
子图3：均质 H004：相位,7 Hz,-3.85,6.410656303
子图3：均质 H004：相位,7 Hz,-3.8,8.372338625
子图3：均质 H004：相位,7 Hz,-3.75,10.26350031
子图3：均质 H004：相位,7 Hz,-3.7,12.07670391
子图3：均质 H004：相位,7 Hz,-3.65,13.80403542
子图3：均质 H004：相位,7 Hz,-3.6,15.43566506
子图3：均质 H004：相位,7 Hz,-3.55,16.93377947
子图3：均质 H004：相位,7 Hz,-3.5,18.30678164
子图3：均质 H004：相位,7 Hz,-3.45,19.53692962
子图3：均质 H004：相位,7 Hz,-3.4,20.6053938
子图3：均质 H004：相位,7 Hz,-3.35,21.4746161
子图3：均质 H004：相位,7 Hz,-3.3,22.14179183
子图3：均质 H004：相位,7 Hz,-3.25,22.58782911
子图3：均质 H004：相位,7 Hz,-3.2,22.79261603
子图3：均质 H004：相位,7 Hz,-3.15,22.7047441
子图3：均质 H004：相位,7 Hz,-3.1,22.33390683
子图3：均质 H004：相位,7 Hz,-3.05,21.66064371
子图3：均质 H004：相位,7 Hz,-3,20.6710608
子图3：均质 H004：相位,7 Hz,-2.95,19.35584109
子图3：均质 H004：相位,7 Hz,-2.9,17.73789563
子图3：均质 H004：相位,7 Hz,-2.85,15.84669443
子图3：均质 H004：相位,7 Hz,-2.8,13.72800524
子图3：均质 H004：相位,7 Hz,-2.75,11.44045515
子图3：均质 H004：相位,7 Hz,-2.7,9.066250185
子图3：均质 H004：相位,7 Hz,-2.65,6.680145068
子图3：均质 H004：相位,7 Hz,-2.6,4.357465149
子图3：均质 H004：相位,7 Hz,-2.55,2.197298494
子图3：均质 H004：相位,7 Hz,-2.5,0.2282583297
子图3：均质 H004：相位,7 Hz,-2.45,-1.510426461
子图3：均质 H004：相位,7 Hz,-2.4,-2.998812435
子图3：均质 H004：相位,7 Hz,-2.35,-4.205292857
子图3：均质 H004：相位,7 Hz,-2.3,-5.164957312
子图3：均质 H004：相位,7 Hz,-2.25,-5.894911228
子图3：均质 H004：相位,7 Hz,-2.2,-6.414461404
子图3：均质 H004：相位,7 Hz,-2.15,-6.734320379
子图3：均质 H004：相位,7 Hz,-2.1,-6.900737584
子图3：均质 H004：相位,7 Hz,-2.05,-6.942393071
子图3：均质 H004：相位,7 Hz,-2,-6.891677248
子图3：均质 H004：相位,7 Hz,-1.95,-6.760588285
子图3：均质 H004：相位,7 Hz,-1.9,-6.596996783
子图3：均质 H004：相位,7 Hz,-1.85,-6.423973247
子图3：均质 H004：相位,7 Hz,-1.8,-6.25917575
子图3：均质 H004：相位,7 Hz,-1.75,-6.153170252
子图3：均质 H004：相位,7 Hz,-1.7,-6.109528804
子图3：均质 H004：相位,7 Hz,-1.65,-6.156665867
子图3：均质 H004：相位,7 Hz,-1.6,-6.328034952
子图3：均质 H004：相位,7 Hz,-1.55,-6.632406873
子图3：均质 H004：相位,7 Hz,-1.5,-7.097636612
子图3：均质 H004：相位,7 Hz,-1.45,-7.72360183
子图3：均质 H004：相位,7 Hz,-1.4,-8.494598686
子图3：均质 H004：相位,7 Hz,-1.35,-9.469613219
子图3：均质 H004：相位,7 Hz,-1.3,-10.56991732
子图3：均质 H004：相位,7 Hz,-1.25,-11.78575083
子图3：均质 H004：相位,7 Hz,-1.2,-13.10976222
子图3：均质 H004：相位,7 Hz,-1.15,-14.45283687
子图3：均质 H004：相位,7 Hz,-1.1,-15.80988852
子图3：均质 H004：相位,7 Hz,-1.05,-17.1122841
子图3：均质 H004：相位,7 Hz,-1,-18.28257109
子图3：均质 H004：相位,7 Hz,-0.95,-19.34953352
子图3：均质 H004：相位,7 Hz,-0.9,-20.20895394
子图3：均质 H004：相位,7 Hz,-0.85,-20.86415747
子图3：均质 H004：相位,7 Hz,-0.8,-21.3382677
子图3：均质 H004：相位,7 Hz,-0.75,-21.53089925
子图3：均质 H004：相位,7 Hz,-0.7,-21.5355658
子图3：均质 H004：相位,7 Hz,-0.65,-21.33277206
子图3：均质 H004：相位,7 Hz,-0.6,-20.89413075
子图3：均质 H004：相位,7 Hz,-0.55,-20.30830689
子图3：均质 H004：相位,7 Hz,-0.5,-19.51887884
子图3：均质 H004：相位,7 Hz,-0.45,-18.57325102
子图3：均质 H004：相位,7 Hz,-0.4,-17.53493328
子图3：均质 H004：相位,7 Hz,-0.35,-16.29576409
子图3：均质 H004：相位,7 Hz,-0.3,-14.99360896
子图3：均质 H004：相位,7 Hz,-0.25,-13.60383575
子图3：均质 H004：相位,7 Hz,-0.2,-12.08264824
子图3：均质 H004：相位,7 Hz,-0.15,-10.56591912
子图3：均质 H004：相位,7 Hz,-0.1,-8.948186849
子图3：均质 H004：相位,7 Hz,-0.05,-7.297326744
子图3：均质 H004：相位,7 Hz,0,-5.69682201
子图3：均质 H004：相位,7 Hz,0.05,-3.562453184
子图3：均质 H004：相位,7 Hz,0.1,-1.556187937
子图3：均质 H004：相位,7 Hz,0.15,0.5023081888
子图3：均质 H004：相位,7 Hz,0.2,2.461035134
子图3：均质 H004：相位,7 Hz,0.25,4.515138869
子图3：均质 H004：相位,7 Hz,0.3,6.558174925
子图3：均质 H004：相位,7 Hz,0.35,8.769405652
子图3：均质 H004：相位,7 Hz,0.4,11.10426401
子图3：均质 H004：相位,7 Hz,0.45,13.73254943
子图3：均质 H004：相位,7 Hz,0.5,16.73630202
子图3：均质 H004：相位,7 Hz,0.55,20.28764016
子图3：均质 H004：相位,7 Hz,0.6,24.80634309
子图3：均质 H004：相位,7 Hz,0.65,30.48375593
子图3：均质 H004：相位,7 Hz,0.7,38.81273243
子图3：均质 H004：相位,7 Hz,0.75,49.83787726
子图3：均质 H004：相位,7 Hz,0.8,67.9466495
子图3：均质 H004：相位,7 Hz,0.85,88.24881766
子图3：均质 H004：相位,7 Hz,0.9,113.4819478
子图3：均质 H004：相位,7 Hz,0.95,128.0653248
子图3：均质 H004：相位,7 Hz,1,142.6588331
子图3：均质 H004：相位,7 Hz,1.05,146.7197609
子图3：均质 H004：相位,7 Hz,1.1,147.2940023
子图3：均质 H004：相位,7 Hz,1.15,147.7652736
子图3：均质 H004：相位,7 Hz,1.2,148.4076589
子图3：均质 H004：相位,7 Hz,1.25,148.2777161
子图3：均质 H004：相位,7 Hz,1.3,148.4851436
子图3：均质 H004：相位,7 Hz,1.35,148.5742696
子图3：均质 H004：相位,7 Hz,1.4,148.3722112
子图3：均质 H004：相位,7 Hz,1.45,148.478644
子图3：均质 H004：相位,7 Hz,1.5,148.2851661
子图3：均质 H004：相位,7 Hz,1.55,148.0664094
子图3：均质 H004：相位,7 Hz,1.6,147.9612708
子图3：均质 H004：相位,7 Hz,1.65,147.5268688
子图3：均质 H004：相位,7 Hz,1.7,147.2081005
子图3：均质 H004：相位,7 Hz,1.75,146.8013678
子图3：均质 H004：相位,7 Hz,1.8,146.1882639
子图3：均质 H004：相位,7 Hz,1.85,145.706081
子图3：均质 H004：相位,7 Hz,1.9,145.0073274
子图3：均质 H004：相位,7 Hz,1.95,144.2473189
子图3：均质 H004：相位,7 Hz,2,143.5217074
子图3：均质 H004：相位,7 Hz,2.05,142.578495
子图3：均质 H004：相位,7 Hz,2.1,141.696369
子图3：均质 H004：相位,7 Hz,2.15,140.7697986
子图3：均质 H004：相位,7 Hz,2.2,139.748525
子图3：均质 H004：相位,7 Hz,2.25,138.8679944
子图3：均质 H004：相位,7 Hz,2.3,137.9373253
子图3：均质 H004：相位,7 Hz,2.35,137.0714888
子图3：均质 H004：相位,7 Hz,2.4,136.3406775
子图3：均质 H004：相位,7 Hz,2.45,135.6396934
子图3：均质 H004：相位,7 Hz,2.5,135.1122094
子图3：均质 H004：相位,7 Hz,2.55,134.7075488
子图3：均质 H004：相位,7 Hz,2.6,134.4041611
子图3：均质 H004：相位,7 Hz,2.65,134.3030174
子图3：均质 H004：相位,7 Hz,2.7,134.3006457
子图3：均质 H004：相位,7 Hz,2.75,134.4286001
子图3：均质 H004：相位,7 Hz,2.8,134.6919304
子图3：均质 H004：相位,7 Hz,2.85,135.0319682
子图3：均质 H004：相位,7 Hz,2.9,135.4758158
子图3：均质 H004：相位,7 Hz,2.95,135.986042
子图3：均质 H004：相位,7 Hz,3,136.5395902
子图3：均质 H004：相位,7 Hz,3.05,137.1397601
子图3：均质 H004：相位,7 Hz,3.1,137.7497413
子图3：均质 H004：相位,7 Hz,3.15,138.3671451
子图3：均质 H004：相位,7 Hz,3.2,138.9817377
子图3：均质 H004：相位,7 Hz,3.25,139.5572824
子图3：均质 H004：相位,7 Hz,3.3,140.105134
子图3：均质 H004：相位,7 Hz,3.35,140.6109848
子图3：均质 H004：相位,7 Hz,3.4,141.0671072
子图3：均质 H004：相位,7 Hz,3.45,141.4472362
子图3：均质 H004：相位,7 Hz,3.5,141.7619109
子图3：均质 H004：相位,7 Hz,3.55,142.0066331
子图3：均质 H004：相位,7 Hz,3.6,142.1733956
子图3：均质 H004：相位,7 Hz,3.65,142.240058
子图3：均质 H004：相位,7 Hz,3.7,142.219735
子图3：均质 H004：相位,7 Hz,3.75,142.1103616
子图3：均质 H004：相位,7 Hz,3.8,141.9140144
子图3：均质 H004：相位,7 Hz,3.85,141.5958612
子图3：均质 H004：相位,7 Hz,3.9,141.1872341
子图3：均质 H004：相位,7 Hz,3.95,140.684429
子图3：均质 H004：相位,7 Hz,4,140.081015
子图3：均质 H004：相位,9 Hz,-4,-12.75346645
子图3：均质 H004：相位,9 Hz,-3.95,-16.71521187
子图3：均质 H004：相位,9 Hz,-3.9,-19.87931907
子图3：均质 H004：相位,9 Hz,-3.85,-22.15994689
子图3：均质 H004：相位,9 Hz,-3.8,-23.60275481
子图3：均质 H004：相位,9 Hz,-3.75,-24.21099333
子图3：均质 H004：相位,9 Hz,-3.7,-24.17959094
子图3：均质 H004：相位,9 Hz,-3.65,-23.60148237
子图3：均质 H004：相位,9 Hz,-3.6,-22.57859654
子图3：均质 H004：相位,9 Hz,-3.55,-21.14988137
子图3：均质 H004：相位,9 Hz,-3.5,-19.4392882
子图3：均质 H004：相位,9 Hz,-3.45,-17.50641803
子图3：均质 H004：相位,9 Hz,-3.4,-15.38434764
子图3：均质 H004：相位,9 Hz,-3.35,-13.12712968
子图3：均质 H004：相位,9 Hz,-3.3,-10.76671203
子图3：均质 H004：相位,9 Hz,-3.25,-8.344583128
子图3：均质 H004：相位,9 Hz,-3.2,-5.905913413
子图3：均质 H004：相位,9 Hz,-3.15,-3.439223198
子图3：均质 H004：相位,9 Hz,-3.1,-1.012908444
子图3：均质 H004：相位,9 Hz,-3.05,1.364775049
子图3：均质 H004：相位,9 Hz,-3,3.684411922
子图3：均质 H004：相位,9 Hz,-2.95,5.86382068
子图3：均质 H004：相位,9 Hz,-2.9,7.926521025
子图3：均质 H004：相位,9 Hz,-2.85,9.828088568
子图3：均质 H004：相位,9 Hz,-2.8,11.5266012
子图3：均质 H004：相位,9 Hz,-2.75,12.98057639
子图3：均质 H004：相位,9 Hz,-2.7,14.15180637
子图3：均质 H004：相位,9 Hz,-2.65,15.01457742
子图3：均质 H004：相位,9 Hz,-2.6,15.53140428
子图3：均质 H004：相位,9 Hz,-2.55,15.5981417
子图3：均质 H004：相位,9 Hz,-2.5,15.24365737
子图3：均质 H004：相位,9 Hz,-2.45,14.42687217
子图3：均质 H004：相位,9 Hz,-2.4,13.15015174
子图3：均质 H004：相位,9 Hz,-2.35,11.41532455
子图3：均质 H004：相位,9 Hz,-2.3,9.316257101
子图3：均质 H004：相位,9 Hz,-2.25,6.969439868
子图3：均质 H004：相位,9 Hz,-2.2,4.460604835
子图3：均质 H004：相位,9 Hz,-2.15,2.045358669
子图3：均质 H004：相位,9 Hz,-2.1,-0.2270421032
子图3：均质 H004：相位,9 Hz,-2.05,-2.230310631
子图3：均质 H004：相位,9 Hz,-2,-3.788183674
子图3：均质 H004：相位,9 Hz,-1.95,-5.03094694
子图3：均质 H004：相位,9 Hz,-1.9,-5.79205297
子图3：均质 H004：相位,9 Hz,-1.85,-6.163172334
子图3：均质 H004：相位,9 Hz,-1.8,-6.319056202
子图3：均质 H004：相位,9 Hz,-1.75,-5.970711179
子图3：均质 H004：相位,9 Hz,-1.7,-5.508756828
子图3：均质 H004：相位,9 Hz,-1.65,-4.872925722
子图3：均质 H004：相位,9 Hz,-1.6,-3.962018981
子图3：均质 H004：相位,9 Hz,-1.55,-3.178603475
子图3：均质 H004：相位,9 Hz,-1.5,-2.233073066
子图3：均质 H004：相位,9 Hz,-1.45,-1.315385039
子图3：均质 H004：相位,9 Hz,-1.4,-0.6296381454
子图3：均质 H004：相位,9 Hz,-1.35,0.1233560204
子图3：均质 H004：相位,9 Hz,-1.3,0.5249228158
子图3：均质 H004：相位,9 Hz,-1.25,0.6747840692
子图3：均质 H004：相位,9 Hz,-1.2,0.6494628865
子图3：均质 H004：相位,9 Hz,-1.15,0.01358080634
子图3：均质 H004：相位,9 Hz,-1.1,-0.8955149079
子图3：均质 H004：相位,9 Hz,-1.05,-2.248606836
子图3：均质 H004：相位,9 Hz,-1,-4.101683303
子图3：均质 H004：相位,9 Hz,-0.95,-6.24475322
子图3：均质 H004：相位,9 Hz,-0.9,-8.722178432
子图3：均质 H004：相位,9 Hz,-0.85,-11.2966934
子图3：均质 H004：相位,9 Hz,-0.8,-13.84792268
子图3：均质 H004：相位,9 Hz,-0.75,-16.16420097
子图3：均质 H004：相位,9 Hz,-0.7,-18.15538498
子图3：均质 H004：相位,9 Hz,-0.65,-19.72876402
子图3：均质 H004：相位,9 Hz,-0.6,-20.73572611
子图3：均质 H004：相位,9 Hz,-0.55,-21.34900859
子图3：均质 H004：相位,9 Hz,-0.5,-21.4112499
子图3：均质 H004：相位,9 Hz,-0.45,-21.03509034
子图3：均质 H004：相位,9 Hz,-0.4,-20.38876071
子图3：均质 H004：相位,9 Hz,-0.35,-19.21536814
子图3：均质 H004：相位,9 Hz,-0.3,-17.8660068
子图3：均质 H004：相位,9 Hz,-0.25,-16.288952
子图3：均质 H004：相位,9 Hz,-0.2,-14.39558187
子图3：均质 H004：相位,9 Hz,-0.15,-12.50897735
子图3：均质 H004：相位,9 Hz,-0.1,-10.39721576
子图3：均质 H004：相位,9 Hz,-0.05,-8.220155581
子图3：均质 H004：相位,9 Hz,0,-6.18629167
子图3：均质 H004：相位,9 Hz,0.05,-3.176103638
子图3：均质 H004：相位,9 Hz,0.1,-0.4366541508
子图3：均质 H004：相位,9 Hz,0.15,2.461557454
子图3：均质 H004：相位,9 Hz,0.2,5.126171549
子图3：均质 H004：相位,9 Hz,0.25,8.039102663
子图3：均质 H004：相位,9 Hz,0.3,10.926613
子图3：均质 H004：相位,9 Hz,0.35,14.27538777
子图3：均质 H004：相位,9 Hz,0.4,18.02760401
子图3：均质 H004：相位,9 Hz,0.45,22.84598824
子图3：均质 H004：相位,9 Hz,0.5,29.4321148
子图3：均质 H004：相位,9 Hz,0.55,39.69529848
子图3：均质 H004：相位,9 Hz,0.6,58.6892747
子图3：均质 H004：相位,9 Hz,0.65,92.81844139
子图3：均质 H004：相位,9 Hz,0.7,131.3419105
子图3：均质 H004：相位,9 Hz,0.75,153.4335393
子图3：均质 H004：相位,9 Hz,0.8,164.472025
子图3：均质 H004：相位,9 Hz,0.85,171.2819946
子图3：均质 H004：相位,9 Hz,0.9,174.1070829
子图3：均质 H004：相位,9 Hz,0.95,176.8746302
子图3：均质 H004：相位,9 Hz,1,173.555385
子图3：均质 H004：相位,9 Hz,1.05,171.0913877
子图3：均质 H004：相位,9 Hz,1.1,170.0745642
子图3：均质 H004：相位,9 Hz,1.15,169.0826166
子图3：均质 H004：相位,9 Hz,1.2,167.9474642
子图3：均质 H004：相位,9 Hz,1.25,167.10809
子图3：均质 H004：相位,9 Hz,1.3,166.1389388
子图3：均质 H004：相位,9 Hz,1.35,165.1922849
子图3：均质 H004：相位,9 Hz,1.4,164.3473467
子图3：均质 H004：相位,9 Hz,1.45,163.4753236
子图3：均质 H004：相位,9 Hz,1.5,162.6996364
子图3：均质 H004：相位,9 Hz,1.55,162.0113906
子图3：均质 H004：相位,9 Hz,1.6,161.4168196
子图3：均质 H004：相位,9 Hz,1.65,160.9601721
子图3：均质 H004：相位,9 Hz,1.7,160.6704021
子图3：均质 H004：相位,9 Hz,1.75,160.5298733
子图3：均质 H004：相位,9 Hz,1.8,160.5343475
子图3：均质 H004：相位,9 Hz,1.85,160.7920406
子图3：均质 H004：相位,9 Hz,1.9,161.1747627
子图3：均质 H004：相位,9 Hz,1.95,161.7312235
子图3：均质 H004：相位,9 Hz,2,162.4610423
子图3：均质 H004：相位,9 Hz,2.05,163.283801
子图3：均质 H004：相位,9 Hz,2.1,164.2424834
子图3：均质 H004：相位,9 Hz,2.15,165.259754
子图3：均质 H004：相位,9 Hz,2.2,166.3102877
子图3：均质 H004：相位,9 Hz,2.25,167.3874759
子图3：均质 H004：相位,9 Hz,2.3,168.4229921
子图3：均质 H004：相位,9 Hz,2.35,169.417731
子图3：均质 H004：相位,9 Hz,2.4,170.3289102
子图3：均质 H004：相位,9 Hz,2.45,171.1135002
子图3：均质 H004：相位,9 Hz,2.5,171.7716663
子图3：均质 H004：相位,9 Hz,2.55,172.2738407
子图3：均质 H004：相位,9 Hz,2.6,172.6197846
子图3：均质 H004：相位,9 Hz,2.65,172.7447629
子图3：均质 H004：相位,9 Hz,2.7,172.673595
子图3：均质 H004：相位,9 Hz,2.75,172.407902
子图3：均质 H004：相位,9 Hz,2.8,171.9449549
子图3：均质 H004：相位,9 Hz,2.85,171.2166682
子图3：均质 H004：相位,9 Hz,2.9,170.3124242
子图3：均质 H004：相位,9 Hz,2.95,169.2175474
子图3：均质 H004：相位,9 Hz,3,167.9158555
子图3：均质 H004：相位,9 Hz,3.05,166.4945191
子图3：均质 H004：相位,9 Hz,3.1,164.8989585
子图3：均质 H004：相位,9 Hz,3.15,163.213981
子图3：均质 H004：相位,9 Hz,3.2,161.5364354
子图3：均质 H004：相位,9 Hz,3.25,159.7027027
子图3：均质 H004：相位,9 Hz,3.3,157.9653405
子图3：均质 H004：相位,9 Hz,3.35,156.2671626
子图3：均质 H004：相位,9 Hz,3.4,154.547887
子图3：均质 H004：相位,9 Hz,3.45,153.0640779
子图3：均质 H004：相位,9 Hz,3.5,151.5892393
子图3：均质 H004：相位,9 Hz,3.55,150.2421212
子图3：均质 H004：相位,9 Hz,3.6,149.1223927
子图3：均质 H004：相位,9 Hz,3.65,147.987022
子图3：均质 H004：相位,9 Hz,3.7,147.0893661
子图3：均质 H004：相位,9 Hz,3.75,146.3098372
子图3：均质 H004：相位,9 Hz,3.8,145.5484457
子图3：均质 H004：相位,9 Hz,3.85,145.064615
子图3：均质 H004：相位,9 Hz,3.9,144.5736442
子图3：均质 H004：相位,9 Hz,3.95,144.1762775
子图3：均质 H004：相位,9 Hz,4,143.9502721
子图3：均质 H004：相位,系列20（竖直参考线）,0,-34.2652745
子图3：均质 H004：相位,系列20（竖直参考线）,0,186.9289114
子图3：均质 H004：相位,系列21（竖直参考线）,1,-34.2652745
子图3：均质 H004：相位,系列21（竖直参考线）,1,186.9289114
子图4：成层 P061：相位,1 Hz,-4,-0.8600061664
子图4：成层 P061：相位,1 Hz,-3.95,-0.6613615054
子图4：成层 P061：相位,1 Hz,-3.9,-0.4580357941
子图4：成层 P061：相位,1 Hz,-3.85,-0.2511615063
子图4：成层 P061：相位,1 Hz,-3.8,-0.04148016891
子图4：成层 P061：相位,1 Hz,-3.75,0.1727901798
子图4：成层 P061：相位,1 Hz,-3.7,0.3894385136
子图4：成层 P061：相位,1 Hz,-3.65,0.6089392862
子图4：成层 P061：相位,1 Hz,-3.6,0.83153151
子图4：成层 P061：相位,1 Hz,-3.55,1.056363933
子图4：成层 P061：相位,1 Hz,-3.5,1.283979882
子图4：成层 P061：相位,1 Hz,-3.45,1.51379008
子图4：成层 P061：相位,1 Hz,-3.4,1.745387176
子图4：成层 P061：相位,1 Hz,-3.35,1.979817792
子图4：成层 P061：相位,1 Hz,-3.3,2.215818547
子图4：成层 P061：相位,1 Hz,-3.25,2.453655244
子图4：成层 P061：相位,1 Hz,-3.2,2.693491581
子图4：成层 P061：相位,1 Hz,-3.15,2.93487257
子图4：成层 P061：相位,1 Hz,-3.1,3.178098259
子图4：成层 P061：相位,1 Hz,-3.05,3.42283817
子图4：成层 P061：相位,1 Hz,-3,3.668818021
子图4：成层 P061：相位,1 Hz,-2.95,3.916791891
子图4：成层 P061：相位,1 Hz,-2.9,4.16589303
子图4：成层 P061：相位,1 Hz,-2.85,4.416309278
子图4：成层 P061：相位,1 Hz,-2.8,4.668210581
子图4：成层 P061：相位,1 Hz,-2.75,4.921223908
子图4：成层 P061：相位,1 Hz,-2.7,5.175634224
子图4：成层 P061：相位,1 Hz,-2.65,5.431189256
子图4：成层 P061：相位,1 Hz,-2.6,5.687646528
子图4：成层 P061：相位,1 Hz,-2.55,5.94567688
子图4：成层 P061：相位,1 Hz,-2.5,6.204532991
子图4：成层 P061：相位,1 Hz,-2.45,6.464390242
子图4：成层 P061：相位,1 Hz,-2.4,6.725432685
子图4：成层 P061：相位,1 Hz,-2.35,6.987244424
子图4：成层 P061：相位,1 Hz,-2.3,7.250164603
子图4：成层 P061：相位,1 Hz,-2.25,7.513944395
子图4：成层 P061：相位,1 Hz,-2.2,7.778328282
子图4：成层 P061：相位,1 Hz,-2.15,8.043951702
子图4：成层 P061：相位,1 Hz,-2.1,8.310091387
子图4：成层 P061：相位,1 Hz,-2.05,8.576923021
子图4：成层 P061：相位,1 Hz,-2,8.84462661
子图4：成层 P061：相位,1 Hz,-1.95,9.112692336
子图4：成层 P061：相位,1 Hz,-1.9,9.38152044
子图4：成层 P061：相位,1 Hz,-1.85,9.650845051
子图4：成层 P061：相位,1 Hz,-1.8,9.920352064
子图4：成层 P061：相位,1 Hz,-1.75,10.19065966
子图4：成层 P061：相位,1 Hz,-1.7,10.46100799
子图4：成层 P061：相位,1 Hz,-1.65,10.73157825
子图4：成层 P061：相位,1 Hz,-1.6,11.00256624
子图4：成层 P061：相位,1 Hz,-1.55,11.27323851
子图4：成层 P061：相位,1 Hz,-1.5,11.54414973
子图4：成层 P061：相位,1 Hz,-1.45,11.81494057
子图4：成层 P061：相位,1 Hz,-1.4,12.08530286
子图4：成层 P061：相位,1 Hz,-1.35,12.35564899
子图4：成层 P061：相位,1 Hz,-1.3,12.62534527
子图4：成层 P061：相位,1 Hz,-1.25,12.89452552
子图4：成层 P061：相位,1 Hz,-1.2,13.16326877
子图4：成层 P061：相位,1 Hz,-1.15,13.43082579
子图4：成层 P061：相位,1 Hz,-1.1,13.69768478
子图4：成层 P061：相位,1 Hz,-1.05,13.96351165
子图4：成层 P061：相位,1 Hz,-1,14.22804445
子图4：成层 P061：相位,1 Hz,-0.95,14.49130551
子图4：成层 P061：相位,1 Hz,-0.9,14.75298221
子图4：成层 P061：相位,1 Hz,-0.85,15.01313909
子图4：成层 P061：相位,1 Hz,-0.8,15.27162408
子图4：成层 P061：相位,1 Hz,-0.75,15.52795999
子图4：成层 P061：相位,1 Hz,-0.7,15.78234341
子图4：成层 P061：相位,1 Hz,-0.65,16.03457878
子图4：成层 P061：相位,1 Hz,-0.6,16.28483295
子图4：成层 P061：相位,1 Hz,-0.55,16.53210951
子图4：成层 P061：相位,1 Hz,-0.5,16.77721347
子图4：成层 P061：相位,1 Hz,-0.45,17.01998378
子图4：成层 P061：相位,1 Hz,-0.4,17.25977366
子图4：成层 P061：相位,1 Hz,-0.35,17.4975058
子图4：成层 P061：相位,1 Hz,-0.3,17.73233307
子图4：成层 P061：相位,1 Hz,-0.25,17.96481271
子图4：成层 P061：相位,1 Hz,-0.2,18.19609651
子图4：成层 P061：相位,1 Hz,-0.15,18.4242104
子图4：成层 P061：相位,1 Hz,-0.1,18.65218942
子图4：成层 P061：相位,1 Hz,-0.05,18.88001987
子图4：成层 P061：相位,1 Hz,0,19.10970795
子图4：成层 P061：相位,1 Hz,0.05,19.38222568
子图4：成层 P061：相位,1 Hz,0.1,19.66593744
子图4：成层 P061：相位,1 Hz,0.15,19.96584624
子图4：成层 P061：相位,1 Hz,0.2,20.28525862
子图4：成层 P061：相位,1 Hz,0.25,20.62444745
子图4：成层 P061：相位,1 Hz,0.3,20.98737364
子图4：成层 P061：相位,1 Hz,0.35,21.37313952
子图4：成层 P061：相位,1 Hz,0.4,21.788142
子图4：成层 P061：相位,1 Hz,0.45,22.23746934
子图4：成层 P061：相位,1 Hz,0.5,22.71590443
子图4：成层 P061：相位,1 Hz,0.55,23.23047597
子图4：成层 P061：相位,1 Hz,0.6,23.80861711
子图4：成层 P061：相位,1 Hz,0.65,24.44401897
子图4：成层 P061：相位,1 Hz,0.7,25.12811568
子图4：成层 P061：相位,1 Hz,0.75,25.90859914
子图4：成层 P061：相位,1 Hz,0.8,26.84651008
子图4：成层 P061：相位,1 Hz,0.85,27.92013767
子图4：成层 P061：相位,1 Hz,0.9,29.13591562
子图4：成层 P061：相位,1 Hz,0.95,30.91013609
子图4：成层 P061：相位,1 Hz,1,34.72591055
子图4：成层 P061：相位,1 Hz,1.05,38.00858469
子图4：成层 P061：相位,1 Hz,1.1,39.43551434
子图4：成层 P061：相位,1 Hz,1.15,40.95385655
子图4：成层 P061：相位,1 Hz,1.2,42.5569529
子图4：成层 P061：相位,1 Hz,1.25,43.71156383
子图4：成层 P061：相位,1 Hz,1.3,45.07383629
子图4：成层 P061：相位,1 Hz,1.35,46.34153344
子图4：成层 P061：相位,1 Hz,1.4,47.59911958
子图4：成层 P061：相位,1 Hz,1.45,48.84322903
子图4：成层 P061：相位,1 Hz,1.5,50.0755892
子图4：成层 P061：相位,1 Hz,1.55,51.30921988
子图4：成层 P061：相位,1 Hz,1.6,52.46816023
子图4：成层 P061：相位,1 Hz,1.65,53.67488215
子图4：成层 P061：相位,1 Hz,1.7,54.79585682
子图4：成层 P061：相位,1 Hz,1.75,55.88688121
子图4：成层 P061：相位,1 Hz,1.8,56.9889246
子图4：成层 P061：相位,1 Hz,1.85,57.96807139
子图4：成层 P061：相位,1 Hz,1.9,58.95468955
子图4：成层 P061：相位,1 Hz,1.95,59.89254439
子图4：成层 P061：相位,1 Hz,2,60.75535284
子图4：成层 P061：相位,1 Hz,2.05,61.61465051
子图4：成层 P061：相位,1 Hz,2.1,62.39961332
子图4：成层 P061：相位,1 Hz,2.15,63.14746485
子图4：成层 P061：相位,1 Hz,2.2,63.87452996
子图4：成层 P061：相位,1 Hz,2.25,64.52742803
子图4：成层 P061：相位,1 Hz,2.3,65.16342689
子图4：成层 P061：相位,1 Hz,2.35,65.76223059
子图4：成层 P061：相位,1 Hz,2.4,66.31647497
子图4：成层 P061：相位,1 Hz,2.45,66.85165002
子图4：成层 P061：相位,1 Hz,2.5,67.3458875
子图4：成层 P061：相位,1 Hz,2.55,67.8137814
子图4：成层 P061：相位,1 Hz,2.6,68.26176393
子图4：成层 P061：相位,1 Hz,2.65,68.67116778
子图4：成层 P061：相位,1 Hz,2.7,69.06384226
子图4：成层 P061：相位,1 Hz,2.75,69.43350845
子图4：成层 P061：相位,1 Hz,2.8,69.77936896
子图4：成层 P061：相位,1 Hz,2.85,70.10723092
子图4：成层 P061：相位,1 Hz,2.9,70.41376803
子图4：成层 P061：相位,1 Hz,2.95,70.70374164
子图4：成层 P061：相位,1 Hz,3,70.97802756
子图4：成层 P061：相位,1 Hz,3.05,71.23344491
子图4：成层 P061：相位,1 Hz,3.1,71.47508465
子图4：成层 P061：相位,1 Hz,3.15,71.70238443
子图4：成层 P061：相位,1 Hz,3.2,71.91820044
子图4：成层 P061：相位,1 Hz,3.25,72.11739178
子图4：成层 P061：相位,1 Hz,3.3,72.306463
子图4：成层 P061：相位,1 Hz,3.35,72.48525121
子图4：成层 P061：相位,1 Hz,3.4,72.64933636
子图4：成层 P061：相位,1 Hz,3.45,72.80764453
子图4：成层 P061：相位,1 Hz,3.5,72.9521475
子图4：成层 P061：相位,1 Hz,3.55,73.086228
子图4：成层 P061：相位,1 Hz,3.6,73.21855736
子图4：成层 P061：相位,1 Hz,3.65,73.32901696
子图4：成层 P061：相位,1 Hz,3.7,73.43796558
子图4：成层 P061：相位,1 Hz,3.75,73.53951744
子图4：成层 P061：相位,1 Hz,3.8,73.62035874
子图4：成层 P061：相位,1 Hz,3.85,73.70842257
子图4：成层 P061：相位,1 Hz,3.9,73.77587093
子图4：成层 P061：相位,1 Hz,3.95,73.83261389
子图4：成层 P061：相位,1 Hz,4,73.89947004
子图4：成层 P061：相位,3 Hz,-4,-16.82147658
子图4：成层 P061：相位,3 Hz,-3.95,-16.60181905
子图4：成层 P061：相位,3 Hz,-3.9,-16.00904526
子图4：成层 P061：相位,3 Hz,-3.85,-15.0976517
子图4：成层 P061：相位,3 Hz,-3.8,-13.91104158
子图4：成层 P061：相位,3 Hz,-3.75,-12.43232527
子图4：成层 P061：相位,3 Hz,-3.7,-10.75745238
子图4：成层 P061：相位,3 Hz,-3.65,-8.913265885
子图4：成层 P061：相位,3 Hz,-3.6,-6.935596445
子图4：成层 P061：相位,3 Hz,-3.55,-4.814717793
子图4：成层 P061：相位,3 Hz,-3.5,-2.621168713
子图4：成层 P061：相位,3 Hz,-3.45,-0.3691341732
子图4：成层 P061：相位,3 Hz,-3.4,1.932911274
子图4：成层 P061：相位,3 Hz,-3.35,4.234235424
子图4：成层 P061：相位,3 Hz,-3.3,6.541051107
子图4：成层 P061：相位,3 Hz,-3.25,8.820212134
子图4：成层 P061：相位,3 Hz,-3.2,11.04255628
子图4：成层 P061：相位,3 Hz,-3.15,13.18931175
子图4：成层 P061：相位,3 Hz,-3.1,15.22411196
子图4：成层 P061：相位,3 Hz,-3.05,17.13467406
子图4：成层 P061：相位,3 Hz,-3,18.89162699
子图4：成层 P061：相位,3 Hz,-2.95,20.39115242
子图4：成层 P061：相位,3 Hz,-2.9,21.64069795
子图4：成层 P061：相位,3 Hz,-2.85,22.57266468
子图4：成层 P061：相位,3 Hz,-2.8,23.12389797
子图4：成层 P061：相位,3 Hz,-2.75,23.11666338
子图4：成层 P061：相位,3 Hz,-2.7,22.52796071
子图4：成层 P061：相位,3 Hz,-2.65,21.23938131
子图4：成层 P061：相位,3 Hz,-2.6,19.11370695
子图4：成层 P061：相位,3 Hz,-2.55,16.03614961
子图4：成层 P061：相位,3 Hz,-2.5,12.03370078
子图4：成层 P061：相位,3 Hz,-2.45,7.242876556
子图4：成层 P061：相位,3 Hz,-2.4,1.952117703
子图4：成层 P061：相位,3 Hz,-2.35,-3.403051303
子图4：成层 P061：相位,3 Hz,-2.3,-8.361396344
子图4：成层 P061：相位,3 Hz,-2.25,-12.59050379
子图4：成层 P061：相位,3 Hz,-2.2,-15.88708462
子图4：成层 P061：相位,3 Hz,-2.15,-18.1692281
子图4：成层 P061：相位,3 Hz,-2.1,-19.54497214
子图4：成层 P061：相位,3 Hz,-2.05,-20.14854113
子图4：成层 P061：相位,3 Hz,-2,-20.12689459
子图4：成层 P061：相位,3 Hz,-1.95,-19.45579856
子图4：成层 P061：相位,3 Hz,-1.9,-18.38547027
子图4：成层 P061：相位,3 Hz,-1.85,-16.97471075
子图4：成层 P061：相位,3 Hz,-1.8,-15.27398989
子图4：成层 P061：相位,3 Hz,-1.75,-13.35407795
子图4：成层 P061：相位,3 Hz,-1.7,-11.26945886
子图4：成层 P061：相位,3 Hz,-1.65,-9.082829914
子图4：成层 P061：相位,3 Hz,-1.6,-6.846646554
子图4：成层 P061：相位,3 Hz,-1.55,-4.558214702
子图4：成层 P061：相位,3 Hz,-1.5,-2.301608789
子图4：成层 P061：相位,3 Hz,-1.45,-0.09542451266
子图4：成层 P061：相位,3 Hz,-1.4,2.037849659
子图4：成层 P061：相位,3 Hz,-1.35,3.998989904
子图4：成层 P061：相位,3 Hz,-1.3,5.797026007
子图4：成层 P061：相位,3 Hz,-1.25,7.375133052
子图4：成层 P061：相位,3 Hz,-1.2,8.668680471
子图4：成层 P061：相位,3 Hz,-1.15,9.576032375
子图4：成层 P061：相位,3 Hz,-1.1,10.04905179
子图4：成层 P061：相位,3 Hz,-1.05,10.01457815
子图4：成层 P061：相位,3 Hz,-1,9.391394552
子图4：成层 P061：相位,3 Hz,-0.95,7.955914911
子图4：成层 P061：相位,3 Hz,-0.9,5.744644149
子图4：成层 P061：相位,3 Hz,-0.85,2.699273665
子图4：成层 P061：相位,3 Hz,-0.8,-1.153294277
子图4：成层 P061：相位,3 Hz,-0.75,-5.684553338
子图4：成层 P061：相位,3 Hz,-0.7,-10.55605548
子图4：成层 P061：相位,3 Hz,-0.65,-15.39686819
子图4：成层 P061：相位,3 Hz,-0.6,-19.88116596
子图4：成层 P061：相位,3 Hz,-0.55,-23.64921757
子图4：成层 P061：相位,3 Hz,-0.5,-26.64998544
子图4：成层 P061：相位,3 Hz,-0.45,-28.8566594
子图4：成层 P061：相位,3 Hz,-0.4,-30.28642713
子图4：成层 P061：相位,3 Hz,-0.35,-31.05688611
子图4：成层 P061：相位,3 Hz,-0.3,-31.25995987
子图4：成层 P061：相位,3 Hz,-0.25,-31.0358341
子图4：成层 P061：相位,3 Hz,-0.2,-30.51939622
子图4：成层 P061：相位,3 Hz,-0.15,-29.68655892
子图4：成层 P061：相位,3 Hz,-0.1,-28.76655342
子图4：成层 P061：相位,3 Hz,-0.05,-27.81884457
子图4：成层 P061：相位,3 Hz,0,-27.02937275
子图4：成层 P061：相位,3 Hz,0.05,-22.82519975
子图4：成层 P061：相位,3 Hz,0.1,-18.2134836
子图4：成层 P061：相位,3 Hz,0.15,-13.15185823
子图4：成层 P061：相位,3 Hz,0.2,-7.48943639
子图4：成层 P061：相位,3 Hz,0.25,-0.7688658619
子图4：成层 P061：相位,3 Hz,0.3,7.752682262
子图4：成层 P061：相位,3 Hz,0.35,19.38150779
子图4：成层 P061：相位,3 Hz,0.4,36.10372707
子图4：成层 P061：相位,3 Hz,0.45,59.71847024
子图4：成层 P061：相位,3 Hz,0.5,86.66390832
子图4：成层 P061：相位,3 Hz,0.55,109.3641625
子图4：成层 P061：相位,3 Hz,0.6,125.6150828
子图4：成层 P061：相位,3 Hz,0.65,136.9763749
子图4：成层 P061：相位,3 Hz,0.7,145.2551432
子图4：成层 P061：相位,3 Hz,0.75,151.9581301
子图4：成层 P061：相位,3 Hz,0.8,157.8356459
子图4：成层 P061：相位,3 Hz,0.85,163.0149129
子图4：成层 P061：相位,3 Hz,0.9,167.7205855
子图4：成层 P061：相位,3 Hz,0.95,172.6507962
子图4：成层 P061：相位,3 Hz,1,178.5963256
子图4：成层 P061：相位,3 Hz,1.05,181.2972711
子图4：成层 P061：相位,3 Hz,1.1,182.8733203
子图4：成层 P061：相位,3 Hz,1.15,184.3067801
子图4：成层 P061：相位,3 Hz,1.2,185.6129253
子图4：成层 P061：相位,3 Hz,1.25,186.6192712
子图4：成层 P061：相位,3 Hz,1.3,187.576704
子图4：成层 P061：相位,3 Hz,1.35,188.4073281
子图4：成层 P061：相位,3 Hz,1.4,189.1487207
子图4：成层 P061：相位,3 Hz,1.45,189.8093367
子图4：成层 P061：相位,3 Hz,1.5,190.4073643
子图4：成层 P061：相位,3 Hz,1.55,190.9573735
子图4：成层 P061：相位,3 Hz,1.6,191.4507749
子图4：成层 P061：相位,3 Hz,1.65,191.9149842
子图4：成层 P061：相位,3 Hz,1.7,192.3340556
子图4：成层 P061：相位,3 Hz,1.75,192.7231763
子图4：成层 P061：相位,3 Hz,1.8,193.0943583
子图4：成层 P061：相位,3 Hz,1.85,193.4204244
子图4：成层 P061：相位,3 Hz,1.9,193.7329681
子图4：成层 P061：相位,3 Hz,1.95,194.0228422
子图4：成层 P061：相位,3 Hz,2,194.2856897
子图4：成层 P061：相位,3 Hz,2.05,194.5349697
子图4：成层 P061：相位,3 Hz,2.1,194.7596355
子图4：成层 P061：相位,3 Hz,2.15,194.9678918
子图4：成层 P061：相位,3 Hz,2.2,195.1642627
子图4：成层 P061：相位,3 Hz,2.25,195.3347729
子图4：成层 P061：相位,3 Hz,2.3,195.4950409
子图4：成层 P061：相位,3 Hz,2.35,195.6407978
子图4：成层 P061：相位,3 Hz,2.4,195.7699803
子图4：成层 P061：相位,3 Hz,2.45,195.8874308
子图4：成层 P061：相位,3 Hz,2.5,195.9892958
子图4：成层 P061：相位,3 Hz,2.55,196.079265
子图4：成层 P061：相位,3 Hz,2.6,196.1595134
子图4：成层 P061：相位,3 Hz,2.65,196.2219008
子图4：成层 P061：相位,3 Hz,2.7,196.2751182
子图4：成层 P061：相位,3 Hz,2.75,196.3168959
子图4：成层 P061：相位,3 Hz,2.8,196.3459456
子图4：成层 P061：相位,3 Hz,2.85,196.3635138
子图4：成层 P061：相位,3 Hz,2.9,196.368385
子图4：成层 P061：相位,3 Hz,2.95,196.3622168
子图4：成层 P061：相位,3 Hz,3,196.346028
子图4：成层 P061：相位,3 Hz,3.05,196.3138374
子图4：成层 P061：相位,3 Hz,3.1,196.271316
子图4：成层 P061：相位,3 Hz,3.15,196.2168985
子图4：成层 P061：相位,3 Hz,3.2,196.1491209
子图4：成层 P061：相位,3 Hz,3.25,196.0680492
子图4：成层 P061：相位,3 Hz,3.3,195.9728371
子图4：成层 P061：相位,3 Hz,3.35,195.8643032
子图4：成层 P061：相位,3 Hz,3.4,195.7434911
子图4：成层 P061：相位,3 Hz,3.45,195.6033867
子图4：成层 P061：相位,3 Hz,3.5,195.4499578
子图4：成层 P061：相位,3 Hz,3.55,195.281224
子图4：成层 P061：相位,3 Hz,3.6,195.0944722
子图4：成层 P061：相位,3 Hz,3.65,194.891017
子图4：成层 P061：相位,3 Hz,3.7,194.6679669
子图4：成层 P061：相位,3 Hz,3.75,194.4264023
子图4：成层 P061：相位,3 Hz,3.8,194.1687922
子图4：成层 P061：相位,3 Hz,3.85,193.8831341
子图4：成层 P061：相位,3 Hz,3.9,193.5795633
子图4：成层 P061：相位,3 Hz,3.95,193.2545618
子图4：成层 P061：相位,3 Hz,4,192.9010638
子图4：成层 P061：相位,5 Hz,-4,-4.141409039
子图4：成层 P061：相位,5 Hz,-3.95,-2.807946265
子图4：成层 P061：相位,5 Hz,-3.9,-1.109143066
子图4：成层 P061：相位,5 Hz,-3.85,0.5705470139
子图4：成层 P061：相位,5 Hz,-3.8,2.151660211
子图4：成层 P061：相位,5 Hz,-3.75,3.716882077
子图4：成层 P061：相位,5 Hz,-3.7,5.028552889
子图4：成层 P061：相位,5 Hz,-3.65,6.138187508
子图4：成层 P061：相位,5 Hz,-3.6,6.814766216
子图4：成层 P061：相位,5 Hz,-3.55,7.198303766
子图4：成层 P061：相位,5 Hz,-3.5,7.041968939
子图4：成层 P061：相位,5 Hz,-3.45,6.444515211
子图4：成层 P061：相位,5 Hz,-3.4,5.576262187
子图4：成层 P061：相位,5 Hz,-3.35,4.217557027
子图4：成层 P061：相位,5 Hz,-3.3,2.844907314
子图4：成层 P061：相位,5 Hz,-3.25,1.493632726
子图4：成层 P061：相位,5 Hz,-3.2,0.2852424966
子图4：成层 P061：相位,5 Hz,-3.15,-0.477731572
子图4：成层 P061：相位,5 Hz,-3.1,-0.9031539861
子图4：成层 P061：相位,5 Hz,-3.05,-0.9430917755
子图4：成层 P061：相位,5 Hz,-3,-0.5384578417
子图4：成层 P061：相位,5 Hz,-2.95,0.07277185476
子图4：成层 P061：相位,5 Hz,-2.9,0.9706410908
子图4：成层 P061：相位,5 Hz,-2.85,2.004176823
子图4：成层 P061：相位,5 Hz,-2.8,2.878800221
子图4：成层 P061：相位,5 Hz,-2.75,3.897098662
子图4：成层 P061：相位,5 Hz,-2.7,4.519630617
子图4：成层 P061：相位,5 Hz,-2.65,4.793447145
子图4：成层 P061：相位,5 Hz,-2.6,4.897192215
子图4：成层 P061：相位,5 Hz,-2.55,4.022592592
子图4：成层 P061：相位,5 Hz,-2.5,2.838571757
子图4：成层 P061：相位,5 Hz,-2.45,1.06674385
子图4：成层 P061：相位,5 Hz,-2.4,-1.298085505
子图4：成层 P061：相位,5 Hz,-2.35,-3.754851899
子图4：成层 P061：相位,5 Hz,-2.3,-6.267547103
子图4：成层 P061：相位,5 Hz,-2.25,-8.397981473
子图4：成层 P061：相位,5 Hz,-2.2,-10.18251766
子图4：成层 P061：相位,5 Hz,-2.15,-10.99507575
子图4：成层 P061：相位,5 Hz,-2.1,-11.32371447
子图4：成层 P061：相位,5 Hz,-2.05,-11.04178951
子图4：成层 P061：相位,5 Hz,-2,-10.04876244
子图4：成层 P061：相位,5 Hz,-1.95,-8.844102291
子图4：成层 P061：相位,5 Hz,-1.9,-7.173357361
子图4：成层 P061：相位,5 Hz,-1.85,-5.354137364
子图4：成层 P061：相位,5 Hz,-1.8,-3.52452654
子图4：成层 P061：相位,5 Hz,-1.75,-1.63654809
子图4：成层 P061：相位,5 Hz,-1.7,0.02197503706
子图4：成层 P061：相位,5 Hz,-1.65,1.457654966
子图4：成层 P061：相位,5 Hz,-1.6,2.457236989
子图4：成层 P061：相位,5 Hz,-1.55,2.96609684
子图4：成层 P061：相位,5 Hz,-1.5,2.779513768
子图4：成层 P061：相位,5 Hz,-1.45,1.840207797
子图4：成层 P061：相位,5 Hz,-1.4,0.3431544007
子图4：成层 P061：相位,5 Hz,-1.35,-2.256156835
子图4：成层 P061：相位,5 Hz,-1.3,-5.140115586
子图4：成层 P061：相位,5 Hz,-1.25,-8.296931404
子图4：成层 P061：相位,5 Hz,-1.2,-11.42539593
子图4：成层 P061：相位,5 Hz,-1.15,-13.94463372
子图4：成层 P061：相位,5 Hz,-1.1,-15.86097486
子图4：成层 P061：相位,5 Hz,-1.05,-16.96909477
子图4：成层 P061：相位,5 Hz,-1,-17.55816036
子图4：成层 P061：相位,5 Hz,-0.95,-17.18603319
子图4：成层 P061：相位,5 Hz,-0.9,-16.532756
子图4：成层 P061：相位,5 Hz,-0.85,-15.53988405
子图4：成层 P061：相位,5 Hz,-0.8,-14.17804016
子图4：成层 P061：相位,5 Hz,-0.75,-12.99174573
子图4：成层 P061：相位,5 Hz,-0.7,-11.73223698
子图4：成层 P061：相位,5 Hz,-0.65,-10.74475012
子图4：成层 P061：相位,5 Hz,-0.6,-10.07091914
子图4：成层 P061：相位,5 Hz,-0.55,-9.986035586
子图4：成层 P061：相位,5 Hz,-0.5,-10.4590914
子图4：成层 P061：相位,5 Hz,-0.45,-11.52586502
子图4：成层 P061：相位,5 Hz,-0.4,-13.4966153
子图4：成层 P061：相位,5 Hz,-0.35,-15.72703112
子图4：成层 P061：相位,5 Hz,-0.3,-18.52964042
子图4：成层 P061：相位,5 Hz,-0.25,-21.33414873
子图4：成层 P061：相位,5 Hz,-0.2,-23.62457053
子图4：成层 P061：相位,5 Hz,-0.15,-25.52156947
子图4：成层 P061：相位,5 Hz,-0.1,-26.41604198
子图4：成层 P061：相位,5 Hz,-0.05,-26.49490014
子图4：成层 P061：相位,5 Hz,0,-25.49943344
子图4：成层 P061：相位,5 Hz,0.05,-23.2814386
子图4：成层 P061：相位,5 Hz,0.1,-21.30545728
子图4：成层 P061：相位,5 Hz,0.15,-18.92697131
子图4：成层 P061：相位,5 Hz,0.2,-15.40861098
子图4：成层 P061：相位,5 Hz,0.25,-8.686353637
子图4：成层 P061：相位,5 Hz,0.3,7.325755674
子图4：成层 P061：相位,5 Hz,0.35,51.96701822
子图4：成层 P061：相位,5 Hz,0.4,102.2042799
子图4：成层 P061：相位,5 Hz,0.45,122.9991365
子图4：成层 P061：相位,5 Hz,0.5,131.0906621
子图4：成层 P061：相位,5 Hz,0.55,136.0038836
子图4：成层 P061：相位,5 Hz,0.6,142.2705128
子图4：成层 P061：相位,5 Hz,0.65,149.1358109
子图4：成层 P061：相位,5 Hz,0.7,156.5936538
子图4：成层 P061：相位,5 Hz,0.75,168.7199804
子图4：成层 P061：相位,5 Hz,0.8,186.620785
子图4：成层 P061：相位,5 Hz,0.85,204.1972291
子图4：成层 P061：相位,5 Hz,0.9,217.9410048
子图4：成层 P061：相位,5 Hz,0.95,228.8084109
子图4：成层 P061：相位,5 Hz,1,238.4836145
子图4：成层 P061：相位,5 Hz,1.05,243.718554
子图4：成层 P061：相位,5 Hz,1.1,244.0434417
子图4：成层 P061：相位,5 Hz,1.15,244.5089884
子图4：成层 P061：相位,5 Hz,1.2,245.0923914
子图4：成层 P061：相位,5 Hz,1.25,245.3525213
子图4：成层 P061：相位,5 Hz,1.3,245.9521715
子图4：成层 P061：相位,5 Hz,1.35,246.5660896
子图4：成层 P061：相位,5 Hz,1.4,247.4538086
子图4：成层 P061：相位,5 Hz,1.45,248.2634818
子图4：成层 P061：相位,5 Hz,1.5,249.3150631
子图4：成层 P061：相位,5 Hz,1.55,250.4645034
子图4：成层 P061：相位,5 Hz,1.6,251.5087953
子图4：成层 P061：相位,5 Hz,1.65,252.8835645
子图4：成层 P061：相位,5 Hz,1.7,254.1318362
子图4：成层 P061：相位,5 Hz,1.75,255.4445363
子图4：成层 P061：相位,5 Hz,1.8,256.8832684
子图4：成层 P061：相位,5 Hz,1.85,258.2095768
子图4：成层 P061：相位,5 Hz,1.9,259.64666
子图4：成层 P061：相位,5 Hz,1.95,261.0564936
子图4：成层 P061：相位,5 Hz,2,262.5018476
子图4：成层 P061：相位,5 Hz,2.05,263.8894092
子图4：成层 P061：相位,5 Hz,2.1,265.2950838
子图4：成层 P061：相位,5 Hz,2.15,266.7200451
子图4：成层 P061：相位,5 Hz,2.2,267.9046805
子图4：成层 P061：相位,5 Hz,2.25,269.315386
子图4：成层 P061：相位,5 Hz,2.3,270.4136293
子图4：成层 P061：相位,5 Hz,2.35,271.307823
子图4：成层 P061：相位,5 Hz,2.4,272.4522207
子图4：成层 P061：相位,5 Hz,2.45,272.5486889
子图4：成层 P061：相位,5 Hz,2.5,272.7153661
子图4：成层 P061：相位,5 Hz,2.55,272.3497363
子图4：成层 P061：相位,5 Hz,2.6,270.1358205
子图4：成层 P061：相位,5 Hz,2.65,268.0482734
子图4：成层 P061：相位,5 Hz,2.7,263.0301062
子图4：成层 P061：相位,5 Hz,2.75,255.4878383
子图4：成层 P061：相位,5 Hz,2.8,246.9592592
子图4：成层 P061：相位,5 Hz,2.85,234.6934251
子图4：成层 P061：相位,5 Hz,2.9,224.4308438
子图4：成层 P061：相位,5 Hz,2.95,216.3819102
子图4：成层 P061：相位,5 Hz,3,210.7941847
子图4：成层 P061：相位,5 Hz,3.05,208.5285746
子图4：成层 P061：相位,5 Hz,3.1,207.9447658
子图4：成层 P061：相位,5 Hz,3.15,208.7817501
子图4：成层 P061：相位,5 Hz,3.2,210.7538897
子图4：成层 P061：相位,5 Hz,3.25,213.3439048
子图4：成层 P061：相位,5 Hz,3.3,216.5122901
子图4：成层 P061：相位,5 Hz,3.35,219.9562035
子图4：成层 P061：相位,5 Hz,3.4,223.3920221
子图4：成层 P061：相位,5 Hz,3.45,227.2084853
子图4：成层 P061：相位,5 Hz,3.5,230.8327316
子图4：成层 P061：相位,5 Hz,3.55,234.4075674
子图4：成层 P061：相位,5 Hz,3.6,238.0200138
子图4：成层 P061：相位,5 Hz,3.65,241.3582715
子图4：成层 P061：相位,5 Hz,3.7,244.6966366
子图4：成层 P061：相位,5 Hz,3.75,247.8806091
子图4：成层 P061：相位,5 Hz,3.8,250.8814782
子图4：成层 P061：相位,5 Hz,3.85,253.844054
子图4：成层 P061：相位,5 Hz,3.9,256.6274138
子图4：成层 P061：相位,5 Hz,3.95,259.3171174
子图4：成层 P061：相位,5 Hz,4,261.8617645
子图4：成层 P061：相位,7 Hz,-4,-10.24547879
子图4：成层 P061：相位,7 Hz,-3.95,-12.0442019
子图4：成层 P061：相位,7 Hz,-3.9,-12.67147099
子图4：成层 P061：相位,7 Hz,-3.85,-12.31137429
子图4：成层 P061：相位,7 Hz,-3.8,-10.85278519
子图4：成层 P061：相位,7 Hz,-3.75,-8.516262199
子图4：成层 P061：相位,7 Hz,-3.7,-5.533921283
子图4：成层 P061：相位,7 Hz,-3.65,-2.253504449
子图4：成层 P061：相位,7 Hz,-3.6,1.103595783
子图4：成层 P061：相位,7 Hz,-3.55,4.135118223
子图4：成层 P061：相位,7 Hz,-3.5,6.606166339
子图4：成层 P061：相位,7 Hz,-3.45,8.198296583
子图4：成层 P061：相位,7 Hz,-3.4,8.491433818
子图4：成层 P061：相位,7 Hz,-3.35,7.280065446
子图4：成层 P061：相位,7 Hz,-3.3,4.564111629
子图4：成层 P061：相位,7 Hz,-3.25,0.8952709762
子图4：成层 P061：相位,7 Hz,-3.2,-2.778394066
子图4：成层 P061：相位,7 Hz,-3.15,-5.869899048
子图4：成层 P061：相位,7 Hz,-3.1,-7.451016308
子图4：成层 P061：相位,7 Hz,-3.05,-7.764380286
子图4：成层 P061：相位,7 Hz,-3,-6.884953589
子图4：成层 P061：相位,7 Hz,-2.95,-5.158987686
子图4：成层 P061：相位,7 Hz,-2.9,-3.015137751
子图4：成层 P061：相位,7 Hz,-2.85,-0.84678483
子图4：成层 P061：相位,7 Hz,-2.8,0.7459494949
子图4：成层 P061：相位,7 Hz,-2.75,1.563756683
子图4：成层 P061：相位,7 Hz,-2.7,0.8912617228
子图4：成层 P061：相位,7 Hz,-2.65,-1.253256778
子图4：成层 P061：相位,7 Hz,-2.6,-4.87175391
子图4：成层 P061：相位,7 Hz,-2.55,-9.079907707
子图4：成层 P061：相位,7 Hz,-2.5,-12.7380947
子图4：成层 P061：相位,7 Hz,-2.45,-15.02103858
子图4：成层 P061：相位,7 Hz,-2.4,-15.09271989
子图4：成层 P061：相位,7 Hz,-2.35,-13.77059586
子图4：成层 P061：相位,7 Hz,-2.3,-10.72467382
子图4：成层 P061：相位,7 Hz,-2.25,-6.730375515
子图4：成层 P061：相位,7 Hz,-2.2,-2.192517388
子图4：成层 P061：相位,7 Hz,-2.15,3.035723908
子图4：成层 P061：相位,7 Hz,-2.1,8.190692371
子图4：成层 P061：相位,7 Hz,-2.05,13.2313317
子图4：成层 P061：相位,7 Hz,-2,17.54146114
子图4：成层 P061：相位,7 Hz,-1.95,20.64588071
子图4：成层 P061：相位,7 Hz,-1.9,21.50681202
子图4：成层 P061：相位,7 Hz,-1.85,19.09123382
子图4：成层 P061：相位,7 Hz,-1.8,12.61213343
子图4：成层 P061：相位,7 Hz,-1.75,1.614311403
子图4：成层 P061：相位,7 Hz,-1.7,-8.757353716
子图4：成层 P061：相位,7 Hz,-1.65,-15.51847023
子图4：成层 P061：相位,7 Hz,-1.6,-17.70473809
子图4：成层 P061：相位,7 Hz,-1.55,-16.70693935
子图4：成层 P061：相位,7 Hz,-1.5,-13.5496074
子图4：成层 P061：相位,7 Hz,-1.45,-9.322301624
子图4：成层 P061：相位,7 Hz,-1.4,-4.719169507
子图4：成层 P061：相位,7 Hz,-1.35,0.07863147756
子图4：成层 P061：相位,7 Hz,-1.3,4.161857149
子图4：成层 P061：相位,7 Hz,-1.25,7.175913622
子图4：成层 P061：相位,7 Hz,-1.2,7.942200406
子图4：成层 P061：相位,7 Hz,-1.15,5.305384161
子图4：成层 P061：相位,7 Hz,-1.1,-1.845159644
子图4：成层 P061：相位,7 Hz,-1.05,-12.17282177
子图4：成层 P061：相位,7 Hz,-1,-21.50463405
子图4：成层 P061：相位,7 Hz,-0.95,-26.9382363
子图4：成层 P061：相位,7 Hz,-0.9,-27.8965846
子图4：成层 P061：相位,7 Hz,-0.85,-25.94619105
子图4：成层 P061：相位,7 Hz,-0.8,-21.97324035
子图4：成层 P061：相位,7 Hz,-0.75,-16.64285969
子图4：成层 P061：相位,7 Hz,-0.7,-10.60959072
子图4：成层 P061：相位,7 Hz,-0.65,-4.287878351
子图4：成层 P061：相位,7 Hz,-0.6,2.103044795
子图4：成层 P061：相位,7 Hz,-0.55,8.079938022
子图4：成层 P061：相位,7 Hz,-0.5,13.34516147
子图4：成层 P061：相位,7 Hz,-0.45,17.45747864
子图4：成层 P061：相位,7 Hz,-0.4,18.72073235
子图4：成层 P061：相位,7 Hz,-0.35,16.0552416
子图4：成层 P061：相位,7 Hz,-0.3,5.923673463
子图4：成层 P061：相位,7 Hz,-0.25,-10.52075424
子图4：成层 P061：相位,7 Hz,-0.2,-25.55065478
子图4：成层 P061：相位,7 Hz,-0.15,-33.21057647
子图4：成层 P061：相位,7 Hz,-0.1,-35.28729766
子图4：成层 P061：相位,7 Hz,-0.05,-34.3839291
子图4：成层 P061：相位,7 Hz,0,-32.35118844
子图4：成层 P061：相位,7 Hz,0.05,-23.1841467
子图4：成层 P061：相位,7 Hz,0.1,-13.01966061
子图4：成层 P061：相位,7 Hz,0.15,2.371979984
子图4：成层 P061：相位,7 Hz,0.2,39.34154842
子图4：成层 P061：相位,7 Hz,0.25,108.3918874
子图4：成层 P061：相位,7 Hz,0.3,138.7972544
子图4：成层 P061：相位,7 Hz,0.35,152.0036011
子图4：成层 P061：相位,7 Hz,0.4,161.6710352
子图4：成层 P061：相位,7 Hz,0.45,171.0839322
子图4：成层 P061：相位,7 Hz,0.5,181.2214951
子图4：成层 P061：相位,7 Hz,0.55,193.4311357
子图4：成层 P061：相位,7 Hz,0.6,209.8927677
子图4：成层 P061：相位,7 Hz,0.65,230.3641627
子图4：成层 P061：相位,7 Hz,0.7,253.1658312
子图4：成层 P061：相位,7 Hz,0.75,278.1914816
子图4：成层 P061：相位,7 Hz,0.8,304.4106479
子图4：成层 P061：相位,7 Hz,0.85,331.6165285
子图4：成层 P061：相位,7 Hz,0.9,358.2961597
子图4：成层 P061：相位,7 Hz,0.95,382.0197128
子图4：成层 P061：相位,7 Hz,1,400.3762519
子图4：成层 P061：相位,7 Hz,1.05,405.9278703
子图4：成层 P061：相位,7 Hz,1.1,407.3077497
子图4：成层 P061：相位,7 Hz,1.15,408.0200596
子图4：成层 P061：相位,7 Hz,1.2,408.5036622
子图4：成层 P061：相位,7 Hz,1.25,407.7939436
子图4：成层 P061：相位,7 Hz,1.3,407.2143551
子图4：成层 P061：相位,7 Hz,1.35,406.2568362
子图4：成层 P061：相位,7 Hz,1.4,405.0881926
子图4：成层 P061：相位,7 Hz,1.45,403.7457551
子图4：成层 P061：相位,7 Hz,1.5,402.2240102
子图4：成层 P061：相位,7 Hz,1.55,400.6298971
子图4：成层 P061：相位,7 Hz,1.6,398.6338869
子图4：成层 P061：相位,7 Hz,1.65,396.8558631
子图4：成层 P061：相位,7 Hz,1.7,394.6494766
子图4：成层 P061：相位,7 Hz,1.75,392.2571797
子图4：成层 P061：相位,7 Hz,1.8,390.0046141
子图4：成层 P061：相位,7 Hz,1.85,387.1503712
子图4：成层 P061：相位,7 Hz,1.9,384.5462715
子图4：成层 P061：相位,7 Hz,1.95,381.7518455
子图4：成层 P061：相位,7 Hz,2,379.0279841
子图4：成层 P061：相位,7 Hz,2.05,376.6317435
子图4：成层 P061：相位,7 Hz,2.1,374.6851852
子图4：成层 P061：相位,7 Hz,2.15,373.6306991
子图4：成层 P061：相位,7 Hz,2.2,372.5163682
子图4：成层 P061：相位,7 Hz,2.25,373.7145352
子图4：成层 P061：相位,7 Hz,2.3,374.8670982
子图4：成层 P061：相位,7 Hz,2.35,376.605731
子图4：成层 P061：相位,7 Hz,2.4,380.0560501
子图4：成层 P061：相位,7 Hz,2.45,382.1323388
子图4：成层 P061：相位,7 Hz,2.5,385.4313448
子图4：成层 P061：相位,7 Hz,2.55,388.5876367
子图4：成层 P061：相位,7 Hz,2.6,390.9572944
子图4：成层 P061：相位,7 Hz,2.65,394.1503688
子图4：成层 P061：相位,7 Hz,2.7,396.5561273
子图4：成层 P061：相位,7 Hz,2.75,398.9734723
子图4：成层 P061：相位,7 Hz,2.8,401.2724082
子图4：成层 P061：相位,7 Hz,2.85,403.3581824
子图4：成层 P061：相位,7 Hz,2.9,405.31703
子图4：成层 P061：相位,7 Hz,2.95,406.9570977
子图4：成层 P061：相位,7 Hz,3,408.8754309
子图4：成层 P061：相位,7 Hz,3.05,409.8399239
子图4：成层 P061：相位,7 Hz,3.1,410.9915905
子图4：成层 P061：相位,7 Hz,3.15,411.9080029
子图4：成层 P061：相位,7 Hz,3.2,411.5823702
子图4：成层 P061：相位,7 Hz,3.25,411.9094323
子图4：成层 P061：相位,7 Hz,3.3,410.7436967
子图4：成层 P061：相位,7 Hz,3.35,408.834207
子图4：成层 P061：相位,7 Hz,3.4,406.9354119
子图4：成层 P061：相位,7 Hz,3.45,402.7880492
子图4：成层 P061：相位,7 Hz,3.5,398.6827998
子图4：成层 P061：相位,7 Hz,3.55,393.7268996
子图4：成层 P061：相位,7 Hz,3.6,388.5501733
子图4：成层 P061：相位,7 Hz,3.65,383.4912831
子图4：成层 P061：相位,7 Hz,3.7,379.1902291
子图4：成层 P061：相位,7 Hz,3.75,375.9289167
子图4：成层 P061：相位,7 Hz,3.8,372.8353569
子图4：成层 P061：相位,7 Hz,3.85,371.8794311
子图4：成层 P061：相位,7 Hz,3.9,371.006468
子图4：成层 P061：相位,7 Hz,3.95,370.9664484
子图4：成层 P061：相位,7 Hz,4,371.9126218
子图4：成层 P061：相位,9 Hz,-4,-1.767906738
子图4：成层 P061：相位,9 Hz,-3.95,0.8155359382
子图4：成层 P061：相位,9 Hz,-3.9,2.926730039
子图4：成层 P061：相位,9 Hz,-3.85,4.744248028
子图4：成层 P061：相位,9 Hz,-3.8,5.68797309
子图4：成层 P061：相位,9 Hz,-3.75,6.104839982
子图4：成层 P061：相位,9 Hz,-3.7,5.534483315
子图4：成层 P061：相位,9 Hz,-3.65,4.31717936
子图4：成层 P061：相位,9 Hz,-3.6,3.509088874
子图4：成层 P061：相位,9 Hz,-3.55,1.836396624
子图4：成层 P061：相位,9 Hz,-3.5,0.97424392
子图4：成层 P061：相位,9 Hz,-3.45,-0.09421920787
子图4：成层 P061：相位,9 Hz,-3.4,-1.228053158
子图4：成层 P061：相位,9 Hz,-3.35,-3.245464665
子图4：成层 P061：相位,9 Hz,-3.3,-5.858172684
子图4：成层 P061：相位,9 Hz,-3.25,-9.303215515
子图4：成层 P061：相位,9 Hz,-3.2,-12.94026713
子图4：成层 P061：相位,9 Hz,-3.15,-16.13669961
子图4：成层 P061：相位,9 Hz,-3.1,-17.88392495
子图4：成层 P061：相位,9 Hz,-3.05,-17.97905645
子图4：成层 P061：相位,9 Hz,-3,-17.24862866
子图4：成层 P061：相位,9 Hz,-2.95,-14.54875327
子图4：成层 P061：相位,9 Hz,-2.9,-11.72691983
子图4：成层 P061：相位,9 Hz,-2.85,-8.389767349
子图4：成层 P061：相位,9 Hz,-2.8,-5.595735825
子图4：成层 P061：相位,9 Hz,-2.75,-2.964260086
子图4：成层 P061：相位,9 Hz,-2.7,-1.846068805
子图4：成层 P061：相位,9 Hz,-2.65,-1.988637537
子图4：成层 P061：相位,9 Hz,-2.6,-3.503269139
子图4：成层 P061：相位,9 Hz,-2.55,-5.933047272
子图4：成层 P061：相位,9 Hz,-2.5,-8.370318498
子图4：成层 P061：相位,9 Hz,-2.45,-10.17305693
子图4：成层 P061：相位,9 Hz,-2.4,-9.447100778
子图4：成层 P061：相位,9 Hz,-2.35,-8.885319572
子图4：成层 P061：相位,9 Hz,-2.3,-6.46826902
子图4：成层 P061：相位,9 Hz,-2.25,-4.399767347
子图4：成层 P061：相位,9 Hz,-2.2,-2.25852305
子图4：成层 P061：相位,9 Hz,-2.15,-2.401995198
子图4：成层 P061：相位,9 Hz,-2.1,-3.664260131
子图4：成层 P061：相位,9 Hz,-2.05,-6.548119296
子图4：成层 P061：相位,9 Hz,-2,-11.49718218
子图4：成层 P061：相位,9 Hz,-1.95,-13.69025159
子图4：成层 P061：相位,9 Hz,-1.9,-14.7407892
子图4：成层 P061：相位,9 Hz,-1.85,-13.02320883
子图4：成层 P061：相位,9 Hz,-1.8,-9.575549201
子图4：成层 P061：相位,9 Hz,-1.75,-4.395780794
子图4：成层 P061：相位,9 Hz,-1.7,1.176064756
子图4：成层 P061：相位,9 Hz,-1.65,7.05645441
子图4：成层 P061：相位,9 Hz,-1.6,11.60699399
子图4：成层 P061：相位,9 Hz,-1.55,15.17543239
子图4：成层 P061：相位,9 Hz,-1.5,14.43277497
子图4：成层 P061：相位,9 Hz,-1.45,8.035977887
子图4：成层 P061：相位,9 Hz,-1.4,-3.630182114
子图4：成层 P061：相位,9 Hz,-1.35,-16.2123682
子图4：成层 P061：相位,9 Hz,-1.3,-22.8106521
子图4：成层 P061：相位,9 Hz,-1.25,-24.16624854
子图4：成层 P061：相位,9 Hz,-1.2,-19.73796437
子图4：成层 P061：相位,9 Hz,-1.15,-15.7772899
子图4：成层 P061：相位,9 Hz,-1.1,-9.301652931
子图4：成层 P061：相位,9 Hz,-1.05,-3.325989319
子图4：成层 P061：相位,9 Hz,-1,1.309665449
子图4：成层 P061：相位,9 Hz,-0.95,4.351905859
子图4：成层 P061：相位,9 Hz,-0.9,3.620050998
子图4：成层 P061：相位,9 Hz,-0.85,-1.091678018
子图4：成层 P061：相位,9 Hz,-0.8,-9.326623647
子图4：成层 P061：相位,9 Hz,-0.75,-15.90622025
子图4：成层 P061：相位,9 Hz,-0.7,-18.2689492
子图4：成层 P061：相位,9 Hz,-0.65,-16.28941572
子图4：成层 P061：相位,9 Hz,-0.6,-11.6785826
子图4：成层 P061：相位,9 Hz,-0.55,-4.528819653
子图4：成层 P061：相位,9 Hz,-0.5,3.142869687
子图4：成层 P061：相位,9 Hz,-0.45,11.69030937
子图4：成层 P061：相位,9 Hz,-0.4,18.3425376
子图4：成层 P061：相位,9 Hz,-0.35,25.14380451
子图4：成层 P061：相位,9 Hz,-0.3,24.39196205
子图4：成层 P061：相位,9 Hz,-0.25,3.410056979
子图4：成层 P061：相位,9 Hz,-0.2,-46.04779666
子图4：成层 P061：相位,9 Hz,-0.15,-62.25430243
子图4：成层 P061：相位,9 Hz,-0.1,-64.58713523
子图4：成层 P061：相位,9 Hz,-0.05,-62.13555751
子图4：成层 P061：相位,9 Hz,0,-58.71186431
子图4：成层 P061：相位,9 Hz,0.05,-42.47388847
子图4：成层 P061：相位,9 Hz,0.1,-19.7372956
子图4：成层 P061：相位,9 Hz,0.15,16.11881175
子图4：成层 P061：相位,9 Hz,0.2,69.9343393
子图4：成层 P061：相位,9 Hz,0.25,116.669743
子图4：成层 P061：相位,9 Hz,0.3,146.6241972
子图4：成层 P061：相位,9 Hz,0.35,168.9930038
子图4：成层 P061：相位,9 Hz,0.4,192.2916828
子图4：成层 P061：相位,9 Hz,0.45,218.5886015
子图4：成层 P061：相位,9 Hz,0.5,243.0309566
子图4：成层 P061：相位,9 Hz,0.55,270.6437006
子图4：成层 P061：相位,9 Hz,0.6,305.9627671
子图4：成层 P061：相位,9 Hz,0.65,343.8371976
子图4：成层 P061：相位,9 Hz,0.7,377.1088156
子图4：成层 P061：相位,9 Hz,0.75,403.975422
子图4：成层 P061：相位,9 Hz,0.8,428.0806656
子图4：成层 P061：相位,9 Hz,0.85,449.271593
子图4：成层 P061：相位,9 Hz,0.9,469.3687012
子图4：成层 P061：相位,9 Hz,0.95,495.780093
子图4：成层 P061：相位,9 Hz,1,530.6323222
子图4：成层 P061：相位,9 Hz,1.05,540.8837671
子图4：成层 P061：相位,9 Hz,1.1,540.392973
子图4：成层 P061：相位,9 Hz,1.15,540.247618
子图4：成层 P061：相位,9 Hz,1.2,537.727383
子图4：成层 P061：相位,9 Hz,1.25,537.9602983
子图4：成层 P061：相位,9 Hz,1.3,536.9511231
子图4：成层 P061：相位,9 Hz,1.35,536.3977959
子图4：成层 P061：相位,9 Hz,1.4,539.0511526
子图4：成层 P061：相位,9 Hz,1.45,538.8226167
子图4：成层 P061：相位,9 Hz,1.5,541.2786132
子图4：成层 P061：相位,9 Hz,1.55,542.3560267
子图4：成层 P061：相位,9 Hz,1.6,544.0729303
子图4：成层 P061：相位,9 Hz,1.65,543.0761872
子图4：成层 P061：相位,9 Hz,1.7,542.4609156
子图4：成层 P061：相位,9 Hz,1.75,541.2243048
子图4：成层 P061：相位,9 Hz,1.8,537.5434014
子图4：成层 P061：相位,9 Hz,1.85,536.2554596
子图4：成层 P061：相位,9 Hz,1.9,533.1025175
子图4：成层 P061：相位,9 Hz,1.95,531.238959
子图4：成层 P061：相位,9 Hz,2,529.0162158
子图4：成层 P061：相位,9 Hz,2.05,529.339827
子图4：成层 P061：相位,9 Hz,2.1,529.7145361
子图4：成层 P061：相位,9 Hz,2.15,530.9730155
子图4：成层 P061：相位,9 Hz,2.2,535.3659686
子图4：成层 P061：相位,9 Hz,2.25,537.3576209
子图4：成层 P061：相位,9 Hz,2.3,541.0689577
子图4：成层 P061：相位,9 Hz,2.35,542.9289661
子图4：成层 P061：相位,9 Hz,2.4,545.3250233
子图4：成层 P061：相位,9 Hz,2.45,544.7230522
子图4：成层 P061：相位,9 Hz,2.5,544.9044944
子图4：成层 P061：相位,9 Hz,2.55,544.4981323
子图4：成层 P061：相位,9 Hz,2.6,542.8758868
子图4：成层 P061：相位,9 Hz,2.65,542.2169707
子图4：成层 P061：相位,9 Hz,2.7,540.5678392
子图4：成层 P061：相位,9 Hz,2.75,539.4575646
子图4：成层 P061：相位,9 Hz,2.8,536.8656533
子图4：成层 P061：相位,9 Hz,2.85,536.1042184
子图4：成层 P061：相位,9 Hz,2.9,533.9232942
子图4：成层 P061：相位,9 Hz,2.95,532.0583666
子图4：成层 P061：相位,9 Hz,3,531.1094414
子图4：成层 P061：相位,9 Hz,3.05,529.6275502
子图4：成层 P061：相位,9 Hz,3.1,529.126683
子图4：成层 P061：相位,9 Hz,3.15,528.4134587
子图4：成层 P061：相位,9 Hz,3.2,529.1791395
子图4：成层 P061：相位,9 Hz,3.25,528.5889403
子图4：成层 P061：相位,9 Hz,3.3,529.3214139
子图4：成层 P061：相位,9 Hz,3.35,529.8766997
子图4：成层 P061：相位,9 Hz,3.4,530.5481157
子图4：成层 P061：相位,9 Hz,3.45,531.6390329
子图4：成层 P061：相位,9 Hz,3.5,533.2106989
子图4：成层 P061：相位,9 Hz,3.55,535.6950561
子图4：成层 P061：相位,9 Hz,3.6,537.9285376
子图4：成层 P061：相位,9 Hz,3.65,542.2361523
子图4：成层 P061：相位,9 Hz,3.7,545.9628684
子图4：成层 P061：相位,9 Hz,3.75,550.389483
子图4：成层 P061：相位,9 Hz,3.8,553.4473885
子图4：成层 P061：相位,9 Hz,3.85,557.2949656
子图4：成层 P061：相位,9 Hz,3.9,559.1252979
子图4：成层 P061：相位,9 Hz,3.95,559.9595608
子图4：成层 P061：相位,9 Hz,4,560.4601314
子图4：成层 P061：相位,系列27（竖直参考线）,0,-95.83949856
子图4：成层 P061：相位,系列27（竖直参考线）,0,591.7124947
子图4：成层 P061：相位,系列28（竖直参考线）,1,-95.83949856
子图4：成层 P061：相位,系列28（竖直参考线）,1,591.7124947
