子图4：(d) r_v=0.75（P040） 热图矩阵（行=y，列=x）,-4,-3.95,-3.9,-3.85,-3.8,-3.75,-3.7,-3.65,-3.6,-3.55,-3.5,-3.45,-3.4,-3.35,-3.3,-3.25,-3.2,-3.15,-3.1,-3.05,-3,-2.95,-2.9,-2.85,-2.8,-2.75,-2.7,-2.65,-2.6,-2.55,-2.5,-2.45,-2.4,-2.35,-2.3,-2.25,-2.2,-2.15,-2.1,-2.05,-2,-1.95,-1.9,-1.85,-1.8,-1.75,-1.7,-1.65,-1.6,-1.55,-1.5,-1.45,-1.4,-1.35,-1.3,-1.25,-1.2,-1.15,-1.1,-1.05,-1,-0.95,-0.9,-0.85,-0.8,-0.75,-0.7,-0.65,-0.6,-0.55,-0.5,-0.45,-0.4,-0.35,-0.3,-0.25,-0.2,-0.15,-0.1,-0.05,0,0.05,0.1,0.15,0.2,0.25,0.3,0.35,0.4,0.45,0.5,0.55,0.6,0.65,0.7,0.75,0.8,0.85,0.9,0.95,1,1.05,1.1,1.15,1.2,1.25,1.3,1.35,1.4,1.45,1.5,1.55,1.6,1.65,1.7,1.75,1.8,1.85,1.9,1.95,2,2.05,2.1,2.15,2.2,2.25,2.3,2.35,2.4,2.45,2.5,2.55,2.6,2.65,2.7,2.75,2.8,2.85,2.9,2.95,3,3.05,3.1,3.15,3.2,3.25,3.3,3.35,3.4,3.45,3.5,3.55,3.6,3.65,3.7,3.75,3.8,3.85,3.9,3.95,4
0.5,1.049966009,1.049966398,1.049952931,1.049938914,1.049929277,1.049907047,1.049889216,1.049868467,1.049841947,1.049818205,1.04978867,1.049757424,1.049726194,1.049688792,1.049651348,1.049611428,1.049567898,1.049523383,1.049475208,1.049424809,1.049372911,1.049316503,1.049258532,1.049197993,1.04913431,1.049068284,1.048999045,1.048927211,1.048853235,1.048775101,1.048694754,1.048611648,1.048525395,1.04843624,1.048343894,1.048248777,1.048151157,1.048049521,1.047945377,1.047838406,1.047728363,1.04761521,1.047499027,1.047380139,1.0472587,1.04713369,1.047006239,1.046876206,1.046743625,1.046608193,1.046470409,1.046330483,1.046188484,1.046044144,1.04589805,1.045750414,1.045601536,1.045451085,1.04529991,1.045148227,1.044996096,1.044844311,1.04469293,1.044542527,1.044393829,1.044247123,1.044103394,1.043963066,1.043826638,1.043696337,1.043571853,1.04345453,1.043345158,1.043246996,1.043159646,1.043084136,1.043023722,1.042979053,1.042952605,1.042945263,1.042954131,1.042200592,1.041254843,1.040156996,1.038889012,1.037462619,1.035897396,1.034199493,1.032376655,1.03042418,1.028363244,1.026212154,1.024007225,1.022347084,1.020499696,1.018572399,1.016375769,1.013929378,1.011457281,1.008510024,1.003821323,1.000902247,0.9998799575,0.9983967329,0.9974503035,0.9963661399,0.9954826993,0.9945981953,0.9937730912,0.9930089593,0.9922385643,0.9915548032,0.9908353934,0.9902093946,0.9895371389,0.9889552919,0.9883264366,0.9877776039,0.9871984695,0.986669753,0.9861332345,0.9856268541,0.9851255862,0.9846424108,0.9841712293,0.9837113128,0.983266557,0.9828294842,0.9824084798,0.9819935649,0.9815943137,0.9812007232,0.980821694,0.9804490833,0.9800888488,0.9797361374,0.9793936204,0.9790593988,0.9787340477,0.9784171125,0.9781083267,0.9778076783,0.9775147583,0.9772294377,0.97695165,0.9766807883,0.9764173802,0.9761601076,0.9759103406,0.9756659809,0.9754288845,0.9751966554,0.9749711353,0.9747502244,0.9745353435,0.9743249349,0.9741197325,0.9739190131,0.9737224663,0.9735306488,0.973341615
0.6,1.05837983,1.058461493,1.058522652,1.058581858,1.058646248,1.058691729,1.058742461,1.058788266,1.058824895,1.058864697,1.058895392,1.058922933,1.058949974,1.058967199,1.058983917,1.058996483,1.059003145,1.059008046,1.059006986,1.059002262,1.058994975,1.058980628,1.058963635,1.058942495,1.058916446,1.058886518,1.058851605,1.058812645,1.058770036,1.058721268,1.058668792,1.05861196,1.058550482,1.058484028,1.058412888,1.058337379,1.058257643,1.058172121,1.058082339,1.057988082,1.057889316,1.057785182,1.05767657,1.057563579,1.057446278,1.05732363,1.057196791,1.057065769,1.056930675,1.056790678,1.056646832,1.056499268,1.056348105,1.056192785,1.056034299,1.055872817,1.055708693,1.055541468,1.055372245,1.055201321,1.055028969,1.054855629,1.054681928,1.054508483,1.054336037,1.054165177,1.053997005,1.053832184,1.053671575,1.053517444,1.053370072,1.053230947,1.053101048,1.052984769,1.052881397,1.052792486,1.052722429,1.052671347,1.05264307,1.05263848,1.052652725,1.051672043,1.050425082,1.04896482,1.047266267,1.04534512,1.043228601,1.040925267,1.038445998,1.035784373,1.032970351,1.030029496,1.027013812,1.024760087,1.022249178,1.019627359,1.016636708,1.013304075,1.009935747,1.005919333,0.999527523,0.9955384652,0.994154543,0.9921393778,0.9908624571,0.9893972532,0.9882086276,0.9870191819,0.9859119664,0.9848890448,0.9838579274,0.9829463462,0.981985993,0.9811544985,0.9802594985,0.9794891841,0.9786542277,0.9779296986,0.9771634236,0.9764667467,0.9757592922,0.9750934026,0.9744344997,0.9738005194,0.9731830003,0.9725809251,0.9719996683,0.9714288716,0.9708801285,0.9703396017,0.9698205615,0.9693091092,0.9688175898,0.9683346903,0.9678686717,0.9674127939,0.9669707284,0.9665398649,0.9661210157,0.9657135097,0.9653169622,0.9649313692,0.9645561625,0.9641911594,0.9638362638,0.9634906143,0.9631549872,0.9628274744,0.9625100292,0.9621997258,0.9618991784,0.9616050049,0.9613198195,0.9610406665,0.960769577,0.9605043408,0.9602460496,0.9599936524,0.9597467448,0.9595061778,0.9592691287
0.7,1.06583681,1.066042173,1.066219075,1.066392108,1.066570725,1.066722978,1.066881018,1.067031399,1.067168645,1.067308845,1.06743605,1.06755813,1.067678567,1.067785106,1.067890018,1.067988629,1.06807871,1.068165384,1.068243537,1.06831608,1.068384481,1.068442722,1.068496792,1.068544723,1.068585424,1.068620321,1.068647936,1.068669495,1.068685734,1.068692962,1.068694746,1.068690161,1.068678629,1.068660095,1.068634528,1.068602565,1.068564586,1.068517897,1.068465158,1.068405839,1.068339673,1.068265958,1.068185429,1.068098441,1.068005211,1.067903822,1.067796293,1.067682466,1.06756235,1.067434963,1.06730157,1.06716242,1.067017621,1.066866287,1.066709748,1.066548306,1.066382348,1.066211,1.066035959,1.065857532,1.065675892,1.065491677,1.065305549,1.065118379,1.064931271,1.064744336,1.064559533,1.06437752,1.064199248,1.064027705,1.063863035,1.063707318,1.063561824,1.063431649,1.063316295,1.063217591,1.063141164,1.063086596,1.063059083,1.06305956,1.063080606,1.061859059,1.060286376,1.058429634,1.056256111,1.053785725,1.051054618,1.048074173,1.044859024,1.041400929,1.037740045,1.033910337,1.029982205,1.027067309,1.023816961,1.020420785,1.016545201,1.012225156,1.007858653,1.002652677,0.9943678577,0.989186859,0.9874061692,0.9848035987,0.9831660517,0.9812837204,0.9797636446,0.9782432293,0.9768309981,0.975529535,0.9742178584,0.9730630196,0.9718446803,0.9707953896,0.9696631263,0.9686944894,0.967641218,0.9667329395,0.9657699146,0.9648982895,0.9640124771,0.9631812478,0.9623591066,0.9615696216,0.9608016549,0.9600538539,0.9593332579,0.9586262211,0.9579480069,0.957280362,0.9566407693,0.9560108545,0.9554069592,0.9548140831,0.9542431555,0.9536852319,0.9531452088,0.9526195826,0.9521094262,0.9516138721,0.9511323964,0.9506649761,0.9502108682,0.9497698413,0.949341759,0.9489254639,0.9485219974,0.9481288509,0.9477486378,0.9473773838,0.9470186895,0.9466679457,0.9463287879,0.9459971577,0.9456758998,0.9453619692,0.9450569222,0.9447593398,0.9444687012,0.944186223,0.9439080286
0.8,1.072349851,1.072723429,1.073059301,1.073388885,1.073724335,1.074024608,1.074331112,1.074626717,1.074904327,1.07518456,1.07544708,1.075702019,1.07595394,1.076186864,1.076416858,1.076637885,1.076847028,1.077050939,1.077243008,1.077427094,1.077605091,1.077769152,1.077927104,1.078076397,1.078215712,1.078346736,1.078467693,1.078580204,1.078685167,1.078777739,1.07886267,1.078938751,1.079005247,1.079061949,1.079108962,1.079147093,1.079176767,1.079194526,1.079203775,1.079203867,1.079194473,1.079174517,1.079145071,1.079106561,1.079059217,1.079000511,1.078933059,1.078856665,1.078771314,1.078675592,1.0785712,1.078458429,1.078337402,1.078206758,1.078068371,1.07792253,1.077769723,1.077608596,1.077441422,1.077268588,1.077090287,1.076906944,1.076719646,1.076529454,1.076337619,1.076144082,1.075951377,1.075760364,1.075572141,1.075390026,1.07521457,1.075048221,1.07489247,1.07475338,1.07463046,1.074525916,1.074446873,1.074391885,1.074367974,1.074376032,1.074405386,1.072932165,1.071012073,1.068727259,1.066036533,1.062964549,1.059557668,1.05583061,1.051802392,1.047462947,1.042864143,1.038049424,1.033110544,1.02947141,1.025410755,1.021165755,1.016320718,1.01091941,1.005460459,0.9989539093,0.9886001752,0.982111528,0.9799021836,0.9766607231,0.9746356891,0.9723036136,0.9704291009,0.9685550076,0.9668181659,0.9652216872,0.9636129222,0.9622026561,0.960712577,0.959436512,0.9580557853,0.956882291,0.9556018117,0.9545051232,0.9533391119,0.9522889796,0.9512208047,0.9502218317,0.949234272,0.9482880588,0.9473689815,0.9464753208,0.9456160246,0.9447737124,0.9439677917,0.9431749638,0.9424175506,0.941672096,0.9409594047,0.9402603407,0.9395888843,0.9389335526,0.9383006083,0.9376855606,0.9370897994,0.9365121927,0.9359520629,0.9354094062,0.9348832589,0.934373307,0.9338794095,0.9334000679,0.9329366637,0.9324859088,0.9320512828,0.9316275322,0.9312194816,0.9308210726,0.9304371299,0.9300623033,0.9297004253,0.9293474723,0.9290055672,0.9286728646,0.9283487286,0.9280348262,0.9277260042
0.9,1.077945843,1.078531576,1.079069436,1.079598196,1.080133093,1.080622882,1.081119323,1.081601132,1.082059422,1.082519893,1.082957246,1.083384178,1.083806511,1.084203961,1.084596979,1.084977921,1.085343085,1.085700907,1.086043053,1.086374415,1.08669745,1.087002124,1.08729844,1.087583187,1.087854697,1.088115007,1.088362014,1.088597772,1.088823261,1.089032621,1.089231592,1.089418729,1.08959333,1.089754614,1.089903212,1.090039959,1.090165197,1.090274946,1.090373081,1.090458993,1.090532425,1.090591431,1.09063791,1.090672187,1.090694344,1.09070151,1.090696662,1.090679666,1.090650573,1.090607193,1.090552001,1.090485205,1.090406938,1.090315284,1.090212727,1.090099572,1.08997631,1.089841179,1.089696957,1.089544095,1.089382974,1.089213472,1.089037423,1.088855945,1.088670395,1.088480648,1.088289677,1.088098652,1.08790903,1.087723974,1.087544831,1.087374389,1.087214267,1.08707164,1.086945979,1.08683998,1.086762353,1.086710243,1.08669294,1.086711166,1.086750404,1.085017818,1.082731386,1.079989684,1.076742235,1.073018946,1.068877852,1.064337554,1.05942211,1.054119749,1.048495642,1.042603755,1.036560146,1.032138776,1.027202522,1.022040197,1.016148086,1.009579439,1.002942061,0.9950337074,0.9824492907,0.9745432524,0.9718762931,0.9679480169,0.9655115487,0.9627001465,0.9604510672,0.9582034372,0.9561252305,0.9542200731,0.9523004933,0.9506254302,0.9488527034,0.9473436651,0.9457060923,0.9443240435,0.9428103117,0.9415234003,0.9401510187,0.9389216971,0.937670021,0.9365037946,0.9353515214,0.934250234,0.9331823109,0.9321456187,0.9311511953,0.930177478,0.9292485459,0.928335459,0.9274659483,0.9266108028,0.9257959505,0.9249975086,0.9242328969,0.9234877744,0.9227700053,0.9220739372,0.9214013175,0.9207507182,0.9201213178,0.9195131005,0.918924858,0.9183562299,0.9178070173,0.9172753736,0.9167630604,0.9162659045,0.9157883564,0.9153237944,0.9148783786,0.9144443853,0.9140280393,0.9136225429,0.9132328397,0.9128537956,0.912488217,0.9121337543,0.9117896367,0.9114580872,0.9111325105
1,1.082629632,1.083470392,1.084252636,1.08502286,1.085799252,1.086520345,1.087248271,1.087957573,1.088637701,1.089319072,1.08997178,1.090610982,1.091243602,1.091845272,1.092440579,1.093020422,1.093580434,1.094130427,1.094660687,1.095177041,1.095682454,1.096164709,1.096635989,1.097092437,1.097532001,1.09795709,1.098365181,1.098758774,1.099139207,1.099498917,1.0998453,1.100176498,1.100491434,1.100789469,1.101071064,1.101337356,1.10158894,1.101820398,1.102036969,1.102237747,1.102422179,1.102588207,1.102737821,1.102871538,1.102989636,1.103088004,1.103170758,1.103237568,1.103288386,1.103320505,1.103336879,1.103337849,1.103323502,1.103291215,1.103244199,1.103182741,1.103107454,1.103015738,1.102911306,1.102794612,1.102665898,1.102524938,1.102373896,1.102214163,1.102047417,1.101872755,1.101694399,1.101513493,1.10133161,1.101152353,1.100977349,1.100810029,1.100652247,1.100511937,1.100388897,1.100286204,1.100214304,1.100168783,1.100161349,1.100192559,1.100243395,1.098246827,1.095577711,1.092352299,1.088510114,1.084087032,1.079154173,1.073734644,1.067858424,1.061512247,1.054776161,1.047715774,1.040474683,1.035216315,1.029342674,1.023198287,1.016185835,1.008368673,1.000472221,0.9910671042,0.9760984548,0.9666670555,0.963514995,0.9588534587,0.95598317,0.9526644029,0.950022296,0.947382934,0.9449482968,0.9427225401,0.940480204,0.9385328433,0.9364683584,0.9347221671,0.9328212726,0.9312290365,0.9294779438,0.9280011541,0.9264210551,0.9250140469,0.9235798917,0.9222491365,0.920935088,0.9196826695,0.9184704341,0.9172958136,0.9161721835,0.9150732998,0.9140284628,0.9130024097,0.9120289192,0.9110723372,0.9101643452,0.9092757138,0.908427794,0.9076029608,0.9068109011,0.9060446346,0.9053063516,0.9045942823,0.9039074226,0.9032457648,0.9026078278,0.9019931865,0.9014016116,0.9008308458,0.900283063,0.899753153,0.8992466502,0.8987553593,0.8982869793,0.8978319429,0.897398048,0.8969768273,0.8965745363,0.8961848045,0.8958111831,0.8954507718,0.8951026886,0.8947697867,0.8944438302
1.1,1.08641623,1.087552181,1.088618882,1.089670729,1.090729086,1.091721579,1.092721324,1.093698481,1.094640562,1.095583216,1.096491382,1.097382892,1.098265908,1.099111561,1.099948965,1.10076738,1.101561636,1.102343149,1.103100612,1.103840881,1.104567436,1.105265696,1.105950164,1.106616302,1.107261641,1.107888851,1.108495127,1.109083359,1.109655093,1.110201316,1.110730784,1.111241328,1.111731665,1.112200803,1.112649445,1.113078931,1.113489898,1.113875769,1.11424286,1.114590066,1.114916725,1.115220136,1.115502818,1.115765388,1.11600808,1.116225803,1.116423594,1.11660102,1.11675797,1.116890978,1.117003699,1.117096492,1.117169444,1.117219084,1.117249427,1.117260767,1.11725378,1.117225004,1.117179087,1.11711647,1.117037408,1.116941151,1.116830604,1.116707308,1.116573152,1.116426637,1.116272978,1.116113519,1.115950052,1.115786169,1.115624275,1.11546829,1.115320213,1.115188955,1.115074556,1.114980515,1.114919292,1.114884304,1.114890328,1.114937551,1.115001727,1.112739339,1.109673626,1.105939879,1.101466977,1.096297385,1.090516933,1.084153999,1.077245245,1.069776271,1.06184368,1.053525875,1.044997204,1.038850916,1.031982276,1.024795628,1.016594757,1.007453739,0.9982238476,0.9872343455,0.9697376582,0.9586757537,0.9550126929,0.949573188,0.9462482722,0.9423956375,0.9393435577,0.9362957562,0.9334911482,0.9309343886,0.9283588437,0.9261332414,0.9237693824,0.9217834157,0.9196141896,0.9178117803,0.9158207223,0.914156076,0.9123684817,0.9107869563,0.9091729223,0.9076820292,0.9062107807,0.9048128423,0.903462538,0.9021567983,0.9009115787,0.8996954715,0.8985435667,0.8974135392,0.8963459625,0.8952979387,0.8943076439,0.8933397972,0.8924202036,0.8915275253,0.8906735177,0.8898497044,0.8890587728,0.8882985657,0.8875678938,0.8868667571,0.8861933793,0.8855472683,0.8849281322,0.8843333125,0.8837654096,0.8832183156,0.8826987078,0.8821967362,0.8817217408,0.881262156,0.8808275029,0.8804075215,0.8800098839,0.8796268527,0.8792628456,0.8789143683,0.8785803945,0.8782644831,0.8779566032
1.2,1.089263944,1.090732715,1.092122155,1.093494299,1.094873552,1.096176931,1.09748819,1.098773166,1.100017503,1.10126186,1.102466178,1.103650846,1.104825293,1.105956021,1.107076716,1.108174996,1.1092448,1.110299176,1.111325121,1.112330562,1.113319469,1.114274783,1.11521343,1.116130057,1.117021853,1.117891627,1.118736299,1.119559186,1.120361965,1.121134083,1.121885742,1.122614394,1.123318616,1.123996796,1.124650156,1.125280062,1.125887107,1.12646373,1.127017087,1.127545967,1.128049695,1.128524561,1.128973937,1.129398348,1.129797945,1.130166758,1.130510579,1.130828945,1.131121735,1.13138443,1.13162163,1.131833631,1.132020464,1.132177705,1.132310325,1.132418565,1.132503103,1.132559594,1.132593579,1.132605573,1.132595898,1.132562958,1.132510658,1.132440643,1.132354978,1.132251513,1.132136522,1.132011553,1.131878717,1.131741291,1.131602766,1.131467517,1.131337736,1.131223219,1.131124305,1.131045034,1.131000001,1.130980178,1.131003619,1.131070197,1.131149647,1.128622592,1.125148929,1.120884281,1.115746214,1.109784528,1.103101466,1.095731415,1.087718659,1.079048033,1.069834546,1.060170543,1.050264647,1.043181876,1.035263199,1.026976859,1.017522663,1.00698598,0.9963522669,0.9836952321,0.9635319273,0.9507342114,0.9465348272,0.9402728429,0.9364730733,0.9320604674,0.9285820784,0.9251096663,0.9219221505,0.9190246471,0.9161060509,0.9135970148,0.9109268183,0.9086993021,0.9062574358,0.9042457521,0.9020128777,0.9001633271,0.8981692509,0.8964173311,0.8946269185,0.8929812469,0.8913583208,0.8898214614,0.8883402898,0.8869112162,0.8855530603,0.8842286763,0.882979585,0.8817556052,0.8806048964,0.8794764612,0.8784157349,0.8773806823,0.8764021091,0.8754544693,0.8745519225,0.8736842357,0.8728547259,0.8720607529,0.8713009641,0.870575356,0.8698818007,0.8692197845,0.868588915,0.8679861197,0.8674144466,0.8668667342,0.8663508698,0.8658552745,0.8653910175,0.8649444017,0.8645267912,0.8641260259,0.8637512847,0.8633933937,0.8630576764,0.8627400187,0.8624392625,0.8621597092,0.8618894284
1.3,1.091080626,1.09291682,1.094664929,1.096394045,1.098131282,1.099783869,1.101445271,1.103077337,1.104664035,1.106250319,1.10779177,1.10931104,1.110818498,1.112276626,1.113723057,1.115143936,1.116532494,1.117902895,1.119240891,1.120555192,1.121850217,1.123106565,1.124343318,1.125554474,1.126736721,1.127893016,1.129019966,1.130121261,1.131198814,1.132240234,1.133257349,1.134247166,1.135207912,1.136137665,1.137037738,1.137909716,1.138754336,1.139562334,1.140342365,1.141092849,1.141812823,1.142497986,1.143152119,1.143775867,1.144369414,1.144925325,1.145450667,1.145944737,1.146407295,1.146832852,1.147226832,1.147589548,1.147920947,1.148215527,1.148479202,1.148712246,1.148915355,1.149082909,1.149221757,1.149332367,1.149414921,1.149467194,1.149493886,1.149496873,1.149478542,1.149435505,1.149375698,1.149300694,1.14921276,1.149115111,1.149012125,1.148908839,1.148807592,1.148718913,1.148643735,1.148586562,1.148564261,1.148564964,1.148610452,1.148700202,1.148797056,1.146008827,1.142117807,1.137301133,1.131464455,1.124665694,1.117025294,1.108584489,1.099396242,1.089445124,1.07886645,1.067767727,1.056395564,1.048329977,1.039308752,1.029868226,1.019099222,1.007099034,0.9949955654,0.9805931099,0.9576314054,0.9429939237,0.9382337814,0.9311056177,0.9268116013,0.9218135958,0.9178932978,0.9139807667,0.9103980471,0.9071506994,0.9038798057,0.901082775,0.898099813,0.8956296014,0.8929112709,0.8906918385,0.8882157195,0.8861848141,0.8839857237,0.8820680837,0.8801052328,0.8783106326,0.8765420065,0.8748732754,0.8732688933,0.8717247271,0.8702627225,0.8688394013,0.8675034234,0.8661958996,0.8649734315,0.8637759769,0.8626571244,0.8615672385,0.8605427819,0.8595534644,0.858616164,0.8577186674,0.8568650421,0.8560520769,0.8552782532,0.8545435677,0.8538455168,0.8531835792,0.8525572187,0.8519629835,0.8514043181,0.8508730168,0.8503781916,0.8499064969,0.849470755,0.8490551188,0.8486728075,0.8483097161,0.8479765821,0.8476627619,0.8473745067,0.8471070688,0.8468591497,0.8466358306,0.8464232329
1.4,1.091677965,1.093913159,1.096053572,1.098174411,1.100305187,1.102344288,1.104393776,1.106411936,1.108381105,1.110350099,1.112270461,1.114166842,1.116050504,1.117880069,1.119696809,1.121485473,1.123238539,1.1249712,1.126667931,1.128338206,1.129986721,1.13159192,1.133174792,1.134728673,1.13624986,1.137741118,1.139198975,1.140627338,1.142028172,1.143387502,1.144718455,1.146017689,1.14728314,1.148512177,1.149706551,1.150867862,1.151996809,1.153082717,1.154135364,1.155152916,1.156134261,1.157074006,1.157976726,1.158843017,1.159672955,1.160457771,1.161205603,1.161915621,1.162587455,1.163214337,1.163802766,1.164352969,1.164864793,1.165331436,1.165759951,1.166150532,1.166503929,1.166813087,1.167086193,1.167323697,1.167525689,1.167688961,1.167819321,1.167918801,1.167989999,1.16802836,1.168043354,1.168036731,1.168011047,1.167968934,1.167916134,1.167858273,1.167797764,1.167745988,1.167704363,1.16767796,1.167686234,1.167713777,1.167786725,1.167903963,1.168020505,1.164977027,1.160661286,1.155273154,1.148705688,1.141025666,1.132373635,1.122798606,1.112363244,1.101052475,1.089023929,1.076401608,1.063473971,1.054380684,1.044206128,1.0335589,1.02141604,1.007887382,0.9942516195,0.9780299261,0.9521435434,0.9355633653,0.9302188432,0.9221814135,0.917374458,0.9117661624,0.9073889485,0.9030212703,0.8990315467,0.8954257208,0.8917936655,0.8887045329,0.8854026485,0.8826890243,0.8796906198,0.8772653496,0.8745447062,0.8723363335,0.8699338275,0.867855372,0.8657241311,0.8637866153,0.8618783231,0.8600848458,0.8583649484,0.8567139107,0.8551571264,0.8536441625,0.8522315598,0.8508507733,0.8495677897,0.8483125361,0.8471477083,0.8460151058,0.8449576461,0.8439396381,0.84298111,0.8420675426,0.8412039268,0.840386375,0.8396132352,0.8388844918,0.83819722,0.8375509385,0.8369448934,0.8363753099,0.8358459597,0.8353477016,0.834890717,0.8344600565,0.8340701472,0.8337030854,0.8333738747,0.8330665441,0.8327933147,0.832542119,0.8323201148,0.8321219277,0.8319461264,0.8317985513,0.8316634022
1.5,1.090772293,1.093434085,1.095997415,1.098542176,1.101099582,1.103561073,1.10603531,1.108477695,1.110869229,1.113261605,1.115603174,1.117920045,1.120224138,1.122470849,1.124704341,1.126908168,1.129074098,1.131217993,1.133323345,1.135400109,1.137453202,1.139458993,1.141440167,1.143389411,1.145302599,1.147182158,1.149024579,1.150833883,1.152611994,1.154343419,1.156042398,1.157705208,1.159329571,1.160911825,1.162454347,1.163958647,1.165425213,1.166842101,1.168219947,1.169556755,1.170851255,1.172096623,1.173298494,1.17445726,1.175572773,1.176634943,1.177652901,1.178625672,1.179552803,1.180425924,1.181252797,1.182033491,1.182767708,1.183447169,1.184080175,1.184666858,1.185207877,1.185694622,1.186136736,1.186534608,1.186888291,1.187193205,1.187456594,1.187680592,1.187867925,1.188012719,1.188126153,1.188210124,1.188267479,1.18830004,1.188315201,1.188319111,1.188314281,1.188312756,1.188316669,1.188331655,1.188379908,1.188441914,1.1885487,1.18869843,1.188837221,1.185545775,1.180799204,1.174820905,1.167490827,1.158885303,1.149166964,1.138393567,1.126638658,1.11388813,1.100324112,1.086088508,1.07151574,1.061350746,1.049973414,1.038068757,1.02449542,1.009376433,0.9941495126,0.9760395476,0.9471098888,0.9284876539,0.9225367349,0.9135488418,0.9082116806,0.9019695844,0.8971216726,0.8922849271,0.8878774251,0.8839054031,0.8799041373,0.8765195618,0.8728932619,0.8699361237,0.866654481,0.864025792,0.8610596546,0.85867807,0.856073921,0.85383977,0.8515442547,0.8494698989,0.8474279564,0.8455168069,0.8436889632,0.8419390968,0.8402963868,0.8387027624,0.8372234604,0.835779291,0.8344466679,0.8331443096,0.8319451551,0.8307814012,0.8297032567,0.8286688943,0.827702006,0.8267854047,0.8259252172,0.8251167305,0.824358216,0.823649634,0.8229875911,0.8223717168,0.8218009399,0.8212712829,0.8207866888,0.8203372174,0.819933988,0.8195606342,0.8192329773,0.8189312511,0.8186720629,0.8184377406,0.8182418466,0.8180710058,0.8179332024,0.8178224859,0.8177373034,0.8176841764,0.817645517
1.6,1.087980194,1.091090794,1.094103176,1.097100075,1.100113534,1.103030587,1.105963723,1.108866501,1.111719044,1.114574342,1.117378994,1.120159782,1.122928771,1.125639364,1.128337243,1.131005214,1.133634543,1.136241014,1.138807679,1.141344619,1.143856691,1.146318771,1.148754517,1.151156142,1.153519093,1.155845242,1.158131071,1.160380599,1.162595644,1.164759091,1.166886275,1.168973037,1.171016696,1.173012686,1.174963741,1.176871282,1.178735715,1.180543273,1.182305892,1.184021146,1.185687424,1.187296695,1.188855281,1.190363487,1.19182102,1.193215962,1.194558771,1.195848191,1.19708355,1.19825482,1.199371018,1.200432046,1.20143739,1.202377106,1.203260826,1.204088539,1.204860942,1.205567351,1.206219256,1.206816878,1.207360066,1.207842908,1.208273966,1.20865556,1.208990675,1.209271474,1.20951144,1.209712457,1.20987757,1.210007734,1.210112001,1.21019723,1.210265989,1.210330647,1.210394407,1.210463437,1.210562825,1.210668316,1.210816352,1.211004273,1.211168118,1.207636513,1.202453535,1.195866729,1.187742278,1.178166804,1.167327024,1.155290411,1.142142645,1.127871297,1.112685291,1.096745862,1.080437714,1.069157301,1.056528577,1.043317064,1.028258753,1.011490589,0.9946173208,0.9745552747,0.9424735664,0.9217161515,0.9151394451,0.905163254,0.8992810659,0.8923841782,0.8870539817,0.8817363322,0.8769022153,0.8725580644,0.8681812516,0.8644994351,0.8605446666,0.8573452696,0.8537784568,0.85094991,0.8477382923,0.8451887092,0.8423854589,0.8400014741,0.837546401,0.8353418153,0.8331726464,0.8311512137,0.8292232066,0.8273826861,0.8256629524,0.8239975895,0.822461409,0.8209634968,0.8195918056,0.818252669,0.8170304092,0.8158464948,0.8147593763,0.8137203299,0.8127572388,0.8118498504,0.8110056742,0.8102190261,0.8094881635,0.8088130026,0.8081896436,0.8076179053,0.8070962721,0.8066207363,0.8061952154,0.805809219,0.805474504,0.8051736352,0.8049234723,0.8047027418,0.8045293256,0.8043841474,0.804281872,0.8042080326,0.8041712821,0.8041651631,0.8041880205,0.8042469507,0.8043228246
1.7,1.082820634,1.086394027,1.089874452,1.093345125,1.096837991,1.100238538,1.103660015,1.107055248,1.110403849,1.113758729,1.117065912,1.120352086,1.123629134,1.126849422,1.130058994,1.133240204,1.136383939,1.139505355,1.142587474,1.145640104,1.148667852,1.151644506,1.154594115,1.157508489,1.160382725,1.163217684,1.166010171,1.168763867,1.171480301,1.174141089,1.176762102,1.179338831,1.18186826,1.18434449,1.186770862,1.189148508,1.191477491,1.193742549,1.195956409,1.198116349,1.200220446,1.202258988,1.204239304,1.206161417,1.208024711,1.209815488,1.211545361,1.213212805,1.214816925,1.216345662,1.217809485,1.219208056,1.220540543,1.221795114,1.222982809,1.224103492,1.225157771,1.226132676,1.227041646,1.227884724,1.228661529,1.229364419,1.230003575,1.230581455,1.231101197,1.231552848,1.231952246,1.232301347,1.23260343,1.232858063,1.233076467,1.233266099,1.23342948,1.233579288,1.233719815,1.233857796,1.234021473,1.234180949,1.234378878,1.234611456,1.23480336,1.231038559,1.225412851,1.218198112,1.209246326,1.198654994,1.186636984,1.173270558,1.158654809,1.142779822,1.125883696,1.108148553,1.090013834,1.077574036,1.06364588,1.049079276,1.032483903,1.014011404,0.9954411249,0.9733700159,0.9380414597,0.9150661401,0.9078484744,0.8968518603,0.8904138034,0.8828455103,0.8770251889,0.8712184667,0.8659523709,0.8612333772,0.8564778428,0.8524998712,0.848215448,0.8447776467,0.8409263043,0.8379038376,0.8344490168,0.8317387583,0.828740947,0.8262148692,0.823606657,0.821280071,0.8189915608,0.816868595,0.8148494426,0.8129275437,0.8111406848,0.8094133683,0.8078308763,0.8062894733,0.8048898364,0.803524612,0.8022908132,0.8010979001,0.8000136664,0.7989815776,0.7980343651,0.7971482457,0.7963324278,0.7955800458,0.7948894338,0.7942604663,0.7936886948,0.7931742277,0.792714957,0.7923070554,0.7919541478,0.7916455638,0.7913932493,0.791179251,0.7910209165,0.790895982,0.7908231569,0.7907823878,0.7907890832,0.7908279755,0.7909081995,0.7910229106,0.7911703622,0.7913580489,0.7915656594
1.8,1.074804094,1.07884232,1.082798872,1.086754708,1.090740525,1.094643769,1.098574688,1.10248677,1.106359623,1.110244264,1.114087735,1.117915649,1.12173923,1.125511127,1.129276218,1.133016825,1.136723571,1.140410463,1.144060772,1.147683711,1.151283324,1.154832909,1.158356094,1.161844418,1.165292678,1.168700408,1.172064786,1.175388979,1.17867395,1.181900408,1.185084202,1.188220528,1.191306079,1.194333212,1.197306082,1.200225282,1.203090344,1.205884669,1.208621423,1.211297593,1.213910994,1.21644976,1.218922508,1.22132874,1.223667363,1.225922928,1.22810799,1.230220793,1.232260174,1.234211641,1.236087374,1.237886595,1.239608128,1.241237973,1.2427887,1.244260005,1.245652282,1.246950017,1.248168737,1.249308257,1.250367984,1.251338032,1.252230609,1.253048172,1.253793967,1.254455584,1.255051477,1.255583626,1.256055587,1.256465047,1.25682581,1.257145893,1.257427711,1.257683948,1.257920257,1.258143939,1.258386548,1.258611735,1.258868973,1.259153168,1.259376327,1.255382256,1.249305014,1.241440727,1.231626708,1.219971823,1.206717198,1.19195295,1.175792906,1.158230524,1.139535541,1.119912506,1.09986016,1.08621674,1.070941838,1.054973392,1.036791995,1.016564807,0.9962526707,0.9721245051,0.9334737615,0.9082136605,0.9003461288,0.8883057828,0.8813071244,0.8730576649,0.86674525,0.8604471662,0.854749322,0.849658035,0.8445258954,0.8402576846,0.8356473873,0.8319795122,0.8278488948,0.824642576,0.820951126,0.8180913792,0.8149074101,0.8122505702,0.8094991672,0.8070621184,0.8046653278,0.8024525939,0.8003541588,0.7983628468,0.7965212802,0.7947441635,0.7931281769,0.7915556087,0.7901410759,0.788762226,0.7875300903,0.7863408168,0.7852726771,0.784260398,0.7833422552,0.7824904207,0.7817161447,0.7810111802,0.780374062,0.7798045959,0.7792977326,0.7788540102,0.7784705512,0.7781439673,0.7778773054,0.7776600836,0.7775040117,0.7773911923,0.7773388358,0.7773243441,0.7773666661,0.7774453307,0.7775760247,0.7777430905,0.7779558593,0.7782072511,0.7784954744,0.7788281894,0.7791843889
1.9,1.063410386,1.067898034,1.072322426,1.076759234,1.081236557,1.085647914,1.090096143,1.094536997,1.098950767,1.103384328,1.107787753,1.112184372,1.116584081,1.12094163,1.12529867,1.129638098,1.13395055,1.138247852,1.142514333,1.146757942,1.150981867,1.155159654,1.159313532,1.163434949,1.167518362,1.171561691,1.17556257,1.17952333,1.18344431,1.187305316,1.191121918,1.194888934,1.198602579,1.20225353,1.205846468,1.209381366,1.21285721,1.216255763,1.219590675,1.222858483,1.22605654,1.22917088,1.232211113,1.23517623,1.23806462,1.240858691,1.243572095,1.246202671,1.248748893,1.251193631,1.25355074,1.255819004,1.257996746,1.260067546,1.262045574,1.263930261,1.265721847,1.267401671,1.268987772,1.270479583,1.271876109,1.273165092,1.274360741,1.275465601,1.276483017,1.27739749,1.278230641,1.278984332,1.279662233,1.280259992,1.280794108,1.281273232,1.28169965,1.282085599,1.282438503,1.282766155,1.283103565,1.283407084,1.283733704,1.284076818,1.284334438,1.280110239,1.273568269,1.265028664,1.254313701,1.241544153,1.226991445,1.210758669,1.192975764,1.173640597,1.153056989,1.131453485,1.109392666,1.094501367,1.077833807,1.060419206,1.040607595,1.018582574,0.9964922643,0.9702721509,0.9282516616,0.9006622324,0.8921450277,0.8790504361,0.8714954865,0.8625653609,0.8557678035,0.8489851052,0.8428644658,0.8374117641,0.8319135951,0.8273689201,0.8224446777,0.8185625553,0.8141657308,0.8107928394,0.8068787599,0.8038876094,0.8005329048,0.7977632922,0.794885223,0.7923555935,0.7898677589,0.7875829894,0.7854229239,0.7833797679,0.7815013093,0.7796917521,0.7780600587,0.7764734298,0.7750616423,0.7736859897,0.7724729261,0.7713038681,0.7702688202,0.7692927579,0.7684202521,0.7676188912,0.76690236,0.766260786,0.7656930464,0.7651988585,0.7647725292,0.7644151824,0.7641229691,0.7638932839,0.763728172,0.7636179228,0.7635733391,0.7635773873,0.7636463563,0.7637581084,0.7639311407,0.7641452242,0.7644157739,0.7647272361,0.765088823,0.7654934016,0.7659391674,0.7664336777,0.7669558249
2,1.048302905,1.053202667,1.058065493,1.062958723,1.0679066,1.072812619,1.077768032,1.08273234,1.087687039,1.092673005,1.097644934,1.102622808,1.107614626,1.112578793,1.117551912,1.122517914,1.127467614,1.132409991,1.137330824,1.142236302,1.147128381,1.151981713,1.156815976,1.161622718,1.166396098,1.171132042,1.17582873,1.180487344,1.185107291,1.18966795,1.194183864,1.198649516,1.203060644,1.207405914,1.211690554,1.215913682,1.220073531,1.224150347,1.22815789,1.232092203,1.235950085,1.239715205,1.243398185,1.246997324,1.250510349,1.253917402,1.257233115,1.260454843,1.263580601,1.266590299,1.269499574,1.272306629,1.275009162,1.277588076,1.280059177,1.282421579,1.284675278,1.286798076,1.288810715,1.29071215,1.292500893,1.294161959,1.295711759,1.297152846,1.298488633,1.299700096,1.300812294,1.301826939,1.302747846,1.303568009,1.30430713,1.304974441,1.305571969,1.30611126,1.306601698,1.307051599,1.307499678,1.307893921,1.308299747,1.308708781,1.309003901,1.304541198,1.297514662,1.288268135,1.276608667,1.262669432,1.246754183,1.228980131,1.209494713,1.18830132,1.165740238,1.142065461,1.117907838,1.101725546,1.083622171,1.064721076,1.043241923,1.0193857,0.9954922767,0.9671622446,0.9217597644,0.8918249398,0.8826696878,0.8685268221,0.860431475,0.8508345415,0.8435704367,0.8363218035,0.8297989,0.8240068087,0.8181646185,0.8133679011,0.8081528639,0.804082612,0.7994435675,0.7959313611,0.7918192413,0.7887245034,0.7852245607,0.7823696881,0.7793910528,0.7767959429,0.7742434202,0.7719132207,0.7697178167,0.7676488236,0.765759471,0.763942801,0.7623209158,0.7607448328,0.7593606613,0.758012051,0.7568421958,0.7557164308,0.7547377073,0.7538202559,0.7530157183,0.7522865219,0.7516492051,0.7510920177,0.7506143328,0.7502157632,0.7498899325,0.7496387218,0.7494570847,0.7493435506,0.7492987729,0.7493143825,0.7493996124,0.7495391204,0.7497474389,0.7500037748,0.7503253969,0.7506930908,0.7511213815,0.7515953566,0.7521237552,0.7526996037,0.7533211416,0.7539955323,0.7547022319
2.1,1.029270269,1.034515974,1.039759687,1.04505747,1.050428591,1.055790278,1.061218116,1.066676791,1.072149488,1.077669387,1.083197206,1.088748535,1.094329009,1.099902107,1.105497643,1.11110098,1.116703159,1.122309865,1.127908471,1.133502989,1.139093841,1.144657353,1.150209787,1.155742791,1.16125027,1.1667258,1.172168142,1.17757698,1.182950486,1.188268099,1.19354252,1.198767939,1.203939627,1.209043771,1.214086338,1.21906523,1.223977602,1.228802584,1.233553321,1.238225426,1.242815183,1.247303311,1.251701714,1.256007689,1.260218034,1.264310764,1.268301068,1.272185837,1.275962585,1.27960776,1.283139003,1.286553715,1.289848852,1.293002346,1.29603169,1.298935605,1.301713692,1.304339904,1.306837758,1.30920569,1.311441716,1.313527483,1.315482042,1.317307826,1.319008146,1.320560182,1.321992568,1.323306892,1.324507129,1.325582979,1.326557898,1.327441605,1.328235762,1.328950963,1.329598792,1.330188148,1.330761574,1.331257926,1.331751778,1.332232894,1.332568127,1.327849308,1.320309793,1.310317168,1.297663239,1.282494216,1.265148154,1.245757589,1.224488872,1.201352225,1.176726607,1.15089284,1.124554214,1.107041078,1.087464173,1.067043322,1.043870279,1.018164417,0.9924600091,0.9620266354,0.9132787106,0.8810197201,0.8712535489,0.8560905266,0.8474865751,0.8372550376,0.8295591476,0.8218799277,0.8149915793,0.8088979153,0.8027499725,0.797740903,0.7922743175,0.788056978,0.7832155627,0.7796059262,0.7753358541,0.7721796947,0.7685749034,0.7656764396,0.7626376605,0.7600180039,0.7574408553,0.7551051934,0.7529138502,0.7508578487,0.7489960618,0.7472098285,0.7456350534,0.7441056569,0.7427850994,0.7414981753,0.7404061003,0.7393567493,0.738467267,0.737640129,0.7369348154,0.736308032,0.7357795943,0.735335604,0.734976104,0.7347005809,0.7345019337,0.7343829911,0.7343372772,0.7343648631,0.7344645383,0.7346299185,0.7348679651,0.735165895,0.7355356301,0.7359586684,0.7364502359,0.7369929278,0.7375997512,0.7382570164,0.7389726157,0.7397399814,0.740557459,0.741431487,0.7423428091
2.2,1.006463884,1.011957593,1.017493106,1.023112842,1.028830061,1.034579072,1.040416195,1.046312525,1.05225339,1.058262722,1.064308553,1.070401118,1.076543116,1.082704565,1.088906737,1.095136768,1.10138608,1.107656465,1.113937164,1.12022944,1.126531872,1.132823208,1.139115178,1.145399636,1.151670115,1.157917766,1.164141651,1.170339706,1.176508652,1.182628181,1.188708603,1.194743698,1.200728104,1.206645572,1.212502369,1.218295056,1.224019554,1.229653787,1.235210033,1.240683289,1.246069147,1.251345303,1.256524672,1.26160343,1.266577305,1.271421935,1.276152986,1.28076674,1.285260061,1.289605677,1.293823193,1.297909079,1.301859413,1.305648881,1.309296656,1.312800981,1.316160993,1.319346303,1.322383479,1.325270284,1.328004088,1.330562879,1.332968458,1.335223108,1.337330023,1.339262,1.341051696,1.342700461,1.344212335,1.345573398,1.346811126,1.347935759,1.348948568,1.349858786,1.350680627,1.351423537,1.352134109,1.352741417,1.353329926,1.353887559,1.354264805,1.349261533,1.341170535,1.330383954,1.316678558,1.300214426,1.281365868,1.260281978,1.237149457,1.211986828,1.18521365,1.157138757,1.128541707,1.109663651,1.088583555,1.066619578,1.04174052,1.014185189,0.986682933,0.9541821183,0.9021816574,0.8676616116,0.8573291662,0.8411994587,0.8321369829,0.8213243397,0.8132502608,0.8051953592,0.7979975738,0.7916588387,0.785262752,0.7800992097,0.7744396311,0.7701340643,0.7651492127,0.7615015308,0.7571323541,0.753974154,0.7503229575,0.7474396166,0.7443983829,0.7418117586,0.7392665857,0.7369815367,0.7348494208,0.7328606748,0.7310798887,0.7293762924,0.7279000764,0.7264673124,0.7252596277,0.7240819639,0.7231145831,0.722186704,0.7214307826,0.7207366183,0.7201722694,0.7196881496,0.719307768,0.7190148322,0.7188102191,0.7186932756,0.7186561448,0.7187027871,0.7188250703,0.7190249994,0.7192990839,0.7196435584,0.7200624096,0.7205462496,0.7211035878,0.721719137,0.7224053259,0.7231473373,0.7239560581,0.7248195837,0.7257446351,0.7267252693,0.7277599933,0.7288542559,0.7299907887
2.3,0.9803299992,0.985936794,0.9916378015,0.997460388,1.003411266,1.009443912,1.015593134,1.02183714,1.028163582,1.034586469,1.041081605,1.047653244,1.054300785,1.061001863,1.067767781,1.074587652,1.081453293,1.088362314,1.095305759,1.102281746,1.109286681,1.116302321,1.123334904,1.130376453,1.137420058,1.144454284,1.151478259,1.158487801,1.165477996,1.172428968,1.179348039,1.186228437,1.193063959,1.199835929,1.206550517,1.213202706,1.219787079,1.226280184,1.232693188,1.239020256,1.245256063,1.251375282,1.257391471,1.263299525,1.269094025,1.274747917,1.280277284,1.285677594,1.290944887,1.296047963,1.301008277,1.305821273,1.310481966,1.314961497,1.319280746,1.323437325,1.327429866,1.331223133,1.334846989,1.338298375,1.341573855,1.344647498,1.347543903,1.350265205,1.352814468,1.355159516,1.357337503,1.359349401,1.361199276,1.362869245,1.364391092,1.365775633,1.367023737,1.368142971,1.369150558,1.370056576,1.370911874,1.371635277,1.372321988,1.372958196,1.373378351,1.368051446,1.359359929,1.347722524,1.332901394,1.315071715,1.294645952,1.271791094,1.246715656,1.219448158,1.190450391,1.160060177,1.129136807,1.108869273,1.086268666,1.062752767,1.036175478,1.006796096,0.9775374413,0.9430435334,0.887954925,0.8512879186,0.8404556797,0.8234442889,0.8139963157,0.8026828639,0.7943079981,0.7859570816,0.7785301775,0.7720265557,0.7654644464,0.7602273263,0.7544577559,0.7501453169,0.7451001088,0.74149575,0.7371098785,0.7340304797,0.7304138132,0.72762537,0.7246607581,0.7221851572,0.7197487774,0.7175899555,0.7155912533,0.7137425109,0.7121139426,0.7105624949,0.7092527914,0.7079826633,0.7069523144,0.7059461869,0.7051642984,0.7044162561,0.7038507085,0.7033440739,0.7029735925,0.7026829067,0.7024996117,0.7024047782,0.7024002895,0.7024853392,0.7026512909,0.7029034421,0.7032317966,0.703640693,0.7041239437,0.7046810292,0.7053123293,0.7060125628,0.706786182,0.7076219911,0.7085289207,0.7094954706,0.7105298876,0.7116225709,0.7127787797,0.7139934284,0.7152652683,0.7165985105,0.717978518
2.4,0.9517211948,0.9572673806,0.9629679376,0.9688350726,0.9748690975,0.9810432032,0.9873701206,0.9938352242,1.000428445,1.007154218,1.013995638,1.020950827,1.028015794,1.035176057,1.042432408,1.049775759,1.057198134,1.064693264,1.07225334,1.079873146,1.087546665,1.095259027,1.10301018,1.110792162,1.118597462,1.1264121,1.134234764,1.142058913,1.149877656,1.1576719,1.165445159,1.173189983,1.180899228,1.188551537,1.196152758,1.203695994,1.211174127,1.21856259,1.225870725,1.233091806,1.240219463,1.24722496,1.25412245,1.260905271,1.267566547,1.274076563,1.280451413,1.28668565,1.29277439,1.29868207,1.304432064,1.310018541,1.315435324,1.320649717,1.32568426,1.330535874,1.335202481,1.339643707,1.343892767,1.347945689,1.351798195,1.355419885,1.358838532,1.362055981,1.365075024,1.367858304,1.370447541,1.372843419,1.375050091,1.37704509,1.378865139,1.380521552,1.382014719,1.383350555,1.384549474,1.385622399,1.386624729,1.387464788,1.388249363,1.388963275,1.389426056,1.383726748,1.374376136,1.361823084,1.34581589,1.326546463,1.304467377,1.279764936,1.252670954,1.223225887,1.19193503,1.159165932,1.125860722,1.104192209,1.08006975,1.055011543,1.026767821,0.995619538,0.9646788799,0.9283101111,0.8703775624,0.831733782,0.8204924664,0.8027197709,0.792985071,0.7812813648,0.7727099035,0.7641705848,0.7566222519,0.750060514,0.7434420184,0.7382377909,0.7324684827,0.7282551972,0.7232593209,0.7198033742,0.7155088974,0.7126118833,0.7091347083,0.7065429305,0.7037562638,0.7014905547,0.6992602843,0.6973228044,0.6955504391,0.6939323915,0.6925441909,0.6912306565,0.6901705402,0.6891435094,0.6883682473,0.6876085911,0.6870844969,0.6865853597,0.6862766839,0.6860210571,0.6859052978,0.6858659723,0.6859350639,0.68609084,0.6863363668,0.686670697,0.6870844201,0.6875843608,0.6881585084,0.688813911,0.6895413657,0.6903441592,0.6912185487,0.6921638982,0.6931802081,0.6942610933,0.6954114914,0.6966237864,0.6979032346,0.6992429694,0.7006466049,0.7021101038,0.7036325447,0.7052167515,0.7068512175
2.5,0.9218492289,0.9271195042,0.9326104622,0.9383206951,0.9442448746,0.9503749145,0.956702839,0.9632206741,0.9699203489,0.9767981011,0.9838430094,0.9910474311,0.998404122,1.005906286,1.01354419,1.021310201,1.029196254,1.037192871,1.04529239,1.053486211,1.061765799,1.070119554,1.078540792,1.087021183,1.095552318,1.104117982,1.112715606,1.121336089,1.129970304,1.13860002,1.14722432,1.155834787,1.164423132,1.172965227,1.181466141,1.189916782,1.198308026,1.206614308,1.214842495,1.22298477,1.231033569,1.238956442,1.246767935,1.254459543,1.262022651,1.26942484,1.27668179,1.283787026,1.290734566,1.297484144,1.30406098,1.31045778,1.316667014,1.322651799,1.328436357,1.334016746,1.339390042,1.344510405,1.349414443,1.354097193,1.358553474,1.362747933,1.3667118,1.370446542,1.373954548,1.377193038,1.380208466,1.383001248,1.385575654,1.387904228,1.390029087,1.391962062,1.393703103,1.395256391,1.396645881,1.397883579,1.399029719,1.399982238,1.400860321,1.401648005,1.402151904,1.396025106,1.385950496,1.37241224,1.355145797,1.334361991,1.31055536,1.283933121,1.254751882,1.22306618,1.189425777,1.154228465,1.118502078,1.095438152,1.069812801,1.043244726,1.013395232,0.9805682076,0.948058411,0.9099834443,0.8495423776,0.8091567608,0.7976250294,0.7792526181,0.7693596852,0.7574114265,0.7487783446,0.740190304,0.7326594051,0.7261763108,0.7196419835,0.7146053403,0.7089766124,0.7049949912,0.7001868463,0.6970090744,0.6929410034,0.6903527529,0.6871441905,0.6848720625,0.6823860327,0.6804483472,0.6785400877,0.6769360859,0.6754987942,0.674216744,0.6731701785,0.6721924149,0.6714754437,0.6707815459,0.6703470775,0.6699159072,0.6697273878,0.6695507922,0.6695686083,0.669629651,0.6698304746,0.6701004728,0.670476237,0.6709331873,0.6714757437,0.6721028625,0.672804438,0.6735890286,0.6744425358,0.6753750609,0.6763741902,0.6774475081,0.6785867993,0.6797964219,0.6810717955,0.682411928,0.6838174606,0.6852851237,0.6868169905,0.6884092422,0.6900637846,0.691777794,0.6935507727,0.6953841019,0.697269765
2.6,0.8922818248,0.8970173622,0.9020430449,0.907347441,0.9129212861,0.9187723963,0.9248758262,0.93122911,0.9378258633,0.9446565607,0.9517143526,0.9589867244,0.9664635886,0.9741452845,0.9820121483,0.9900575068,0.9982729365,1.006646673,1.015170023,1.023831072,1.032618722,1.041524548,1.05053483,1.05964049,1.068831842,1.078090923,1.087412832,1.096785735,1.106198093,1.115632334,1.125082643,1.134539235,1.143992211,1.153415042,1.162810989,1.172168628,1.181476605,1.190707994,1.199866932,1.208944091,1.217930335,1.226789609,1.235536152,1.244159437,1.252648964,1.260969145,1.269135172,1.2771392,1.284973886,1.292594083,1.300026581,1.307262452,1.314292639,1.321075708,1.32763752,1.333973108,1.340078573,1.345902182,1.351484061,1.356818124,1.36189812,1.366683465,1.371208934,1.375475561,1.379485388,1.383189627,1.386639958,1.389836422,1.392783393,1.395448212,1.397878671,1.400087248,1.402073523,1.403839857,1.405414203,1.406809851,1.408092205,1.4091492,1.410113189,1.410968211,1.411510678,1.404900045,1.394035523,1.379443078,1.360846717,1.338478717,1.312877539,1.284272959,1.252947984,1.21897365,1.182944817,1.145289857,1.107124985,1.082692759,1.055608661,1.02759093,0.9962304183,0.9618554348,0.927933191,0.8883775306,0.825866873,0.7840510948,0.7723796929,0.7536173983,0.7437284648,0.7317215825,0.7231962762,0.7147348918,0.7073944076,0.7011588959,0.6948821971,0.6901768236,0.684859905,0.6812683117,0.676814546,0.6740673042,0.6703856964,0.6682518947,0.6654617825,0.6636488242,0.661602495,0.6601243277,0.6586661965,0.6575177919,0.6565325474,0.6556982927,0.6550990806,0.6545579959,0.6542786195,0.654007597,0.6539972077,0.6539730788,0.6541924916,0.6544055455,0.6548112326,0.6552453841,0.6558140092,0.6564396564,0.6571636083,0.6579585692,0.6588305033,0.6597784136,0.6607916564,0.6618807156,0.6630295074,0.6642514588,0.6655309838,0.6668802746,0.668286631,0.6697593932,0.6712897494,0.6728824006,0.6745337249,0.6762450193,0.6780152436,0.6798437892,0.6817309602,0.6836752646,0.6856767382,0.6877354001,0.6898468398
2.7,0.8648850476,0.8687894286,0.8730515541,0.8776557062,0.8825915233,0.8878779326,0.8934797248,0.8993981784,0.9056282929,0.9121587139,0.9189839398,0.9260883939,0.9334600698,0.941105256,0.9489960413,0.9571260861,0.9654863423,0.9740642276,0.9828485909,0.9918245436,1.000978451,1.010304832,1.019782821,1.029402106,1.03915131,1.04901131,1.058973711,1.069023748,1.079147214,1.089327085,1.099552052,1.109810466,1.120090354,1.130363093,1.140629065,1.150874181,1.161084655,1.171231915,1.18131685,1.191328166,1.201254731,1.211057015,1.220748085,1.230315189,1.239745657,1.249000451,1.258093923,1.267016518,1.275759233,1.284271887,1.292582442,1.300680164,1.308554205,1.316158301,1.323519787,1.330632498,1.337491407,1.344038451,1.350317355,1.356320748,1.362041188,1.367432473,1.372533052,1.377343477,1.381865297,1.38604344,1.389935006,1.393539662,1.396861865,1.399863453,1.402598281,1.405079515,1.407306442,1.409279566,1.411031201,1.41257623,1.413985533,1.415137438,1.416178339,1.417093111,1.417671014,1.410526265,1.398813386,1.383107093,1.36312157,1.339113279,1.311666426,1.281035048,1.247530059,1.211241627,1.172810096,1.132694598,1.092102245,1.066352366,1.037880689,1.008502506,0.9757602402,0.9400083905,0.904872714,0.8641163342,0.8000773988,0.7572263288,0.745598782,0.7267073634,0.717018483,0.705179822,0.6969652616,0.6888403947,0.6818953257,0.6761054735,0.6702891848,0.6661028379,0.6612946302,0.6582704351,0.6543589684,0.652208595,0.6490898935,0.6475652421,0.6453536729,0.6441442965,0.6426811371,0.6417945,0.6409135346,0.6403389404,0.6399166434,0.6396337961,0.6395770447,0.6395613181,0.6397993235,0.6400249995,0.6405037646,0.64094602,0.6416244161,0.6422719699,0.6431029796,0.6439418879,0.6449035241,0.6459043471,0.646990283,0.6481317058,0.6493363319,0.6506034461,0.6519221608,0.6533050894,0.6547344345,0.656227196,0.6577648155,0.6593643549,0.6610088658,0.662712405,0.6644626727,0.6662701348,0.6681272422,0.6700398633,0.6720041943,0.6740228394,0.6760947585,0.6782198607,0.6803988323,0.6826305318,0.6849140578
2.8,0.8417640866,0.8445169994,0.8476852542,0.8512567052,0.8552239589,0.85961051,0.8643805661,0.8695372316,0.8750767271,0.8809913298,0.8872738491,0.8939085009,0.9008831021,0.9082080704,0.915850493,0.923803697,0.932057881,0.9406019545,0.9494206159,0.9584968264,0.9678148132,0.9773715811,0.9871394891,0.9971064113,1.007258964,1.017577713,1.02804939,1.03865621,1.049381013,1.060207355,1.071117597,1.082097721,1.093133305,1.104193733,1.115275489,1.126361421,1.137434763,1.14846549,1.15945015,1.170375123,1.18122689,1.19196227,1.202592496,1.21310211,1.223475845,1.233671241,1.243700982,1.25355353,1.263217914,1.272638647,1.28184444,1.290822428,1.299559725,1.308004905,1.316186549,1.324097022,1.331729876,1.339020577,1.346016147,1.352707795,1.359086797,1.365100822,1.370792188,1.37616076,1.381207419,1.385870655,1.39021292,1.394233523,1.397937139,1.401279438,1.404320943,1.407075403,1.409541732,1.411718711,1.413643151,1.415331799,1.41686135,1.418100677,1.419211108,1.420179034,1.420789476,1.413073873,1.400471165,1.383610588,1.362198604,1.336518308,1.30720125,1.274527415,1.238837199,1.200242632,1.159429772,1.116888561,1.073919182,1.046929585,1.017172892,0.9865563874,0.952600079,0.9156866304,0.879581265,0.8379614238,0.773047217,0.7296557088,0.7182913925,0.6995889652,0.6903314035,0.6789307606,0.6712628623,0.6637175304,0.6574020484,0.6522807141,0.647151712,0.6436891363,0.6396045822,0.6373347137,0.6341648915,0.6327800957,0.63040525,0.6296401048,0.6281637922,0.6276926476,0.6269454821,0.6267672863,0.6265735499,0.6266708155,0.6268998309,0.627247223,0.627800767,0.6283702335,0.6291741633,0.6299380266,0.6309365003,0.6318692556,0.6330206048,0.6341098354,0.6353645536,0.6366004135,0.6379398831,0.6392946902,0.6407151752,0.6421700446,0.6436690053,0.6452119735,0.6467882306,0.6484127329,0.6500664615,0.651770098,0.6535026722,0.6552861016,0.657099842,0.6589620961,0.6608582396,0.6628042638,0.6647893955,0.6668238416,0.6689016387,0.6710284303,0.6732022715,0.675424474,0.6776965012,0.6800163933,0.6823863784
2.9,0.8249186388,0.8262199721,0.8279731707,0.8301789323,0.8328376634,0.8359697042,0.8395508693,0.8435842275,0.8480676132,0.853003298,0.8583799945,0.8641855949,0.8704102626,0.8770668634,0.8841220071,0.8915685723,0.899396362,0.9075986673,0.9161548812,0.9250471761,0.9342584473,0.9437879106,0.9536020629,0.9636865873,0.9740258653,0.984601441,0.995393728,1.006381991,1.017545944,1.02886982,1.040328863,1.051906118,1.063584206,1.075331037,1.08713775,1.098983686,1.110848601,1.122701257,1.134532579,1.146326081,1.158065414,1.169703843,1.181249628,1.19268414,1.203989039,1.215118464,1.226082495,1.236867174,1.247459146,1.257797595,1.267911182,1.277784541,1.287402442,1.296708099,1.305730828,1.314461211,1.322891049,1.330949193,1.338685534,1.346089639,1.353151349,1.359811732,1.366116974,1.372066014,1.377658837,1.382827264,1.387638978,1.392092879,1.396193762,1.399890631,1.403250978,1.406289015,1.409003207,1.411390375,1.413492018,1.415326898,1.416977553,1.418303412,1.419481314,1.420499609,1.42114093,1.41283789,1.399329705,1.381302973,1.35845858,1.331108034,1.299931339,1.265235929,1.22739307,1.186539416,1.143406865,1.098516128,1.053262049,1.02513158,0.9942161829,0.9625070432,0.9275303553,0.8896991926,0.8528940443,0.810781184,0.7457184137,0.7023651957,0.6915082661,0.6733562029,0.6647830121,0.6541178499,0.6472498014,0.6405432277,0.635102796,0.6308790161,0.6266684793,0.6241313919,0.6209822367,0.6196421068,0.6174024541,0.6169327587,0.6154646605,0.6155834678,0.6149735665,0.6153443104,0.6154141539,0.6160257997,0.6165924236,0.61742031,0.6183481148,0.6193622654,0.6205500991,0.6217199951,0.62309248,0.624389841,0.6258913639,0.6272916285,0.6288820064,0.6303725526,0.6320014199,0.6335788856,0.6352335074,0.6368740537,0.6385548999,0.6402439858,0.6419532285,0.6436836034,0.6454250818,0.6471951479,0.6489741983,0.6507866206,0.6526097894,0.6544703274,0.6563450013,0.6582553729,0.6601859886,0.6621578195,0.6641578923,0.6662002627,0.6682776651,0.6703984346,0.6725603063,0.6747659414,0.6770176933,0.6793132407,0.6816573446
3,0.8160121641,0.8156411243,0.8157246292,0.8162857036,0.8173375649,0.8188884174,0.8209396035,0.8234924017,0.8265471683,0.8301228058,0.8342026486,0.8387831433,0.8438601735,0.8494476083,0.8555177848,0.8620637843,0.8690762859,0.8765564123,0.8844782724,0.8928253581,0.9015808373,0.910746195,0.9202839245,0.9301776387,0.9404096171,0.9509642741,0.9618144918,0.9729369814,0.9843085232,0.9959141856,1.007721642,1.019710444,1.031859715,1.044136963,1.056526064,1.069002568,1.081542401,1.094113138,1.106698926,1.119279719,1.131835643,1.144317041,1.156727422,1.169044514,1.181246468,1.193284094,1.205163635,1.216868159,1.228381379,1.239637424,1.250663623,1.261441714,1.271953727,1.282137473,1.292022132,1.301596108,1.310849099,1.319703226,1.328210579,1.336358784,1.34413589,1.351476195,1.358429286,1.36499292,1.371165904,1.376873021,1.382187036,1.387106138,1.391635028,1.395715605,1.39942227,1.402769499,1.405755144,1.408373424,1.410670762,1.41266771,1.414452495,1.415874556,1.41712653,1.418198694,1.418871412,1.409987469,1.395589194,1.376418595,1.352173393,1.323194068,1.290209607,1.253556103,1.213636936,1.17061606,1.12527131,1.078153996,1.030754276,1.001599115,0.9696712104,0.9370338306,0.9012502477,0.8627661606,0.8255473263,0.7833322301,0.718901117,0.6762411061,0.6661524866,0.6489442857,0.641318966,0.631700717,0.6258886901,0.6202805628,0.6159553291,0.6128472098,0.6097724446,0.6083418334,0.6063177226,0.6060537121,0.6049033139,0.6054624053,0.6050282745,0.6061143925,0.6064609771,0.6077327733,0.6086756767,0.6101116761,0.6114644014,0.6130333393,0.6146587112,0.6163272043,0.6181242034,0.6198609386,0.6217557933,0.6235337997,0.6254737264,0.6272713844,0.6292200499,0.631025791,0.6329339889,0.6347534841,0.6366169847,0.6384324401,0.6402576668,0.6420608917,0.643856403,0.645646694,0.6474229729,0.6492053726,0.6509744908,0.6527582787,0.6545334271,0.6563308521,0.6581258489,0.6599423797,0.6617658436,0.6636213889,0.6654951097,0.6674042209,0.669341207,0.671316629,0.6733285819,0.6753809834,0.6774771974,0.6796150756,0.6818011338
3.1,0.8156785009,0.8135658818,0.8118676199,0.8106367905,0.8099034721,0.8096535732,0.8099277445,0.8107234122,0.8120440585,0.813931365,0.8163626453,0.8193482862,0.8228939334,0.8270126601,0.8316905461,0.8369222775,0.8427015838,0.8490414899,0.8559122449,0.8633019214,0.8711964659,0.8796003965,0.8884753251,0.8978037257,0.9075667881,0.9177541673,0.9283308683,0.9392720162,0.9505521116,0.9621577122,0.9740487978,0.9862011735,0.9985901882,1.011184352,1.023958402,1.036883902,1.049932616,1.0630714,1.076276161,1.089522572,1.102786563,1.116016505,1.129208961,1.142337587,1.155376469,1.168273368,1.181029198,1.193623345,1.206035993,1.21819671,1.23012983,1.241813721,1.253227159,1.264302749,1.275068295,1.285509512,1.29561355,1.305295868,1.314609726,1.323540401,1.332073746,1.340137188,1.347782918,1.35500717,1.361807222,1.368100485,1.373964302,1.379395823,1.384399313,1.388908955,1.393005891,1.3967045,1.400001586,1.402888049,1.405415091,1.407604728,1.409550458,1.411090386,1.412433108,1.413570083,1.414277388,1.404838391,1.389592454,1.369329711,1.343746984,1.313212993,1.27850553,1.239990242,1.198103596,1.153039373,1.105621449,1.056431548,1.007054702,0.9769909833,0.9441965367,0.9107920946,0.8744085805,0.8355264567,0.7981634081,0.756215258,0.6931732128,0.6518790264,0.6428115283,0.6269349802,0.6205046998,0.612226554,0.6077020766,0.6034238818,0.6004214198,0.5986108292,0.5968496646,0.5966641281,0.5959098909,0.5968217881,0.5968713461,0.5985239773,0.5992008978,0.601288014,0.6026310786,0.6048139657,0.6066372809,0.608884664,0.611002803,0.6132782078,0.6155563933,0.6178248163,0.6201655781,0.6223968705,0.6247309791,0.6269014613,0.6291815378,0.6312744909,0.6334703224,0.6354764171,0.6375418447,0.6394779763,0.6414195855,0.6432759226,0.6451075454,0.6468840021,0.6486220193,0.6503260311,0.6519889805,0.6536336788,0.6552417159,0.656844354,0.6584186401,0.6599992248,0.6615612894,0.6631301216,0.6646937205,0.666280456,0.6678768782,0.6695025724,0.6711508998,0.672834123,0.6745514232,0.6763078805,0.6781079909,0.6799503832,0.6818424985
3.2,0.8234737862,0.819743316,0.8163428075,0.813359946,0.810843686,0.8087466717,0.8071602286,0.806075052,0.8054971242,0.8054950986,0.8060396632,0.8071598284,0.8088747877,0.8111939993,0.81412639,0.8176699451,0.8218239964,0.826617878,0.8320207564,0.838029623,0.8446368857,0.851851115,0.8596382264,0.8679814947,0.8768630429,0.8862809531,0.8961933884,0.9065757883,0.9174017942,0.9286608423,0.940305855,0.95230928,0.9646429789,0.9772781403,0.9901790819,1.003313389,1.016648542,1.030151591,1.043788646,1.057530569,1.071348543,1.085189977,1.099042357,1.11287465,1.126656302,1.140332771,1.153897563,1.16732573,1.18059327,1.193625888,1.206442895,1.219018736,1.231328331,1.243299487,1.254956989,1.266283282,1.277262401,1.287803445,1.297959392,1.307712666,1.317046484,1.325881273,1.334270899,1.342209524,1.34969237,1.356629339,1.363101428,1.369104361,1.374641595,1.379638743,1.384183435,1.388289371,1.391951711,1.395157196,1.397961369,1.40038719,1.402532795,1.404222955,1.405682163,1.406901751,1.407649392,1.397693914,1.38166153,1.360378449,1.333542684,1.301549291,1.265224309,1.224963491,1.181237327,1.134271719,1.084936842,1.033844608,0.9826735404,0.9518080199,0.9182821089,0.8842577084,0.8474625193,0.8084136687,0.7711459483,0.7297954297,0.6688407388,0.6295630374,0.6217468267,0.6075592676,0.6025394955,0.5958569141,0.5928119164,0.5900517942,0.5885339539,0.5881558407,0.5878365783,0.5889864128,0.589595978,0.5917359048,0.5930461205,0.5958116822,0.5976295198,0.6007095171,0.60304673,0.6061127647,0.6087869527,0.61179938,0.6146309546,0.6175498468,0.6204102297,0.6232007485,0.6259990962,0.628633998,0.6313081198,0.6337686086,0.6362785634,0.6385543038,0.6408776889,0.6429624014,0.6450576201,0.6469808979,0.6488669601,0.6506283516,0.6523275074,0.6539362741,0.6554737489,0.656946632,0.6583500355,0.6597093792,0.6610080107,0.6622801364,0.663504192,0.6647178958,0.6658977005,0.6670692342,0.6682246974,0.6693946983,0.6705676089,0.6717646345,0.6729811159,0.6742305457,0.6755139104,0.6768374046,0.678206783,0.6796220733,0.681090895
3.3,0.8378035618,0.8327646537,0.8279356777,0.8234398666,0.8193446671,0.8155590933,0.8122320462,0.8093436818,0.8069002717,0.8049982469,0.8036004608,0.802757088,0.802503021,0.8028397595,0.8038072844,0.8054079535,0.8076487847,0.8105788532,0.8141697692,0.8184321323,0.8233691878,0.8289943473,0.8352849332,0.8422279343,0.8498095048,0.8580401006,0.8668736905,0.8762892357,0.8862621546,0.8967865482,0.9078106945,0.9193048181,0.9312383995,0.9435876121,0.9563058799,0.9693574173,0.9827056869,0.9963193418,1.01015341,1.024173686,1.038346306,1.052618924,1.066967899,1.081357002,1.095750431,1.110092323,1.124366522,1.138543107,1.152593223,1.166439514,1.180094055,1.1935267,1.206707918,1.219561229,1.232106479,1.244322229,1.25618868,1.267609132,1.278634422,1.289243596,1.299416749,1.309067244,1.318249414,1.326954766,1.335175806,1.342814954,1.349955614,1.356591629,1.362725181,1.368272517,1.373327265,1.377901791,1.381988896,1.38557028,1.388705191,1.391416891,1.393807384,1.395685806,1.397292275,1.398616294,1.399411718,1.388981955,1.372229744,1.350002809,1.322002038,1.288646434,1.250809586,1.208917884,1.163476728,1.114746343,1.063643652,1.010810637,0.9580174723,0.9264373826,0.8922921306,0.8577688055,0.8207180036,0.7816952804,0.7447195363,0.7042421836,0.6459741474,0.6092911914,0.6029195038,0.5907224185,0.5872845167,0.5823994505,0.5809768486,0.5798710912,0.5799486571,0.581089018,0.5822897723,0.5848207767,0.5868414088,0.5902227205,0.5928131392,0.5966788619,0.59963311,0.603672607,0.6069756767,0.6108777156,0.614355386,0.6180735639,0.6215560605,0.6250485309,0.6284164627,0.6316499161,0.6348212615,0.6377724629,0.6406936923,0.6433496683,0.6459894782,0.6483470213,0.6506917639,0.6527479405,0.6547614531,0.6565592293,0.6582738634,0.6598229241,0.6612698111,0.6625894777,0.6638032284,0.6649202655,0.6659381959,0.6668848943,0.6677461547,0.6685586737,0.6693032915,0.6700200796,0.6706880514,0.6713323124,0.6719506701,0.6725750757,0.6731969787,0.6738385796,0.6744981561,0.6751901031,0.6759178435,0.6766887457,0.6775099636,0.6783835022,0.6793166408
3.4,0.8564504222,0.8505480217,0.844714667,0.8391072105,0.8338094816,0.8286783972,0.8239226727,0.8195077079,0.8154364689,0.8118305926,0.808643013,0.8059448099,0.8037863343,0.8021549423,0.8011273388,0.8007097359,0.8009172574,0.8018197658,0.8033945015,0.8056694811,0.8086626041,0.8123918831,0.8168541473,0.8220433958,0.827953456,0.8346113564,0.8419712234,0.8500199122,0.8587385461,0.8681280541,0.8781366071,0.8887344873,0.8998908821,0.9115900866,0.9237754367,0.9364093096,0.9494523177,0.9628762202,0.9766249121,0.9906592216,1.004940245,1.019417559,1.034054553,1.04880957,1.063641225,1.078493289,1.09333796,1.108139687,1.122864044,1.137431697,1.151845059,1.166068748,1.180068169,1.193763109,1.20716647,1.220252157,1.232995864,1.245295659,1.257198212,1.268678628,1.279713291,1.29020854,1.300217788,1.309729204,1.318731968,1.327120986,1.334980782,1.342302768,1.349087327,1.355240679,1.360861773,1.365960964,1.370527999,1.374538657,1.37805521,1.381100487,1.383779598,1.385883766,1.387668293,1.389119128,1.389970319,1.379109051,1.361701431,1.338602319,1.30951674,1.274885426,1.235629298,1.192206075,1.145157176,1.094779473,1.042037419,0.9876031688,0.9333369275,0.9011123926,0.8664390282,0.8315148801,0.7943364752,0.7554994768,0.7189772662,0.67960248,0.6245263177,0.5909269929,0.5861551007,0.5761889759,0.5744615166,0.5715231019,0.5718210924,0.5724596618,0.574200009,0.5769055859,0.5796652563,0.5835917478,0.587037747,0.5916504726,0.5955151821,0.6004530027,0.6045216413,0.6094794893,0.613711526,0.6184005948,0.6226335901,0.6270020871,0.6310788879,0.6350840703,0.6388963243,0.6425071221,0.6459827998,0.6491804224,0.6522753734,0.6550528826,0.6577448743,0.6601063073,0.6623906667,0.6643362397,0.6661825955,0.6677686549,0.6692229537,0.6704695401,0.6715718464,0.6725086015,0.6733030682,0.6739670879,0.6745010123,0.6749349491,0.6752577338,0.6755081039,0.675670167,0.6757856731,0.6758373623,0.6758491077,0.6758254756,0.6757990435,0.6757653643,0.6757472148,0.6757465914,0.6757786607,0.675849767,0.6759686274,0.6761439754,0.6763803161,0.6766843311
3.5,0.8770207231,0.8707657242,0.8644343909,0.8582134953,0.852200306,0.8461943329,0.8404623714,0.8349513561,0.829656904,0.8247211082,0.8200843817,0.8158360051,0.8120393605,0.8086603648,0.8058146489,0.8035098049,0.8017673078,0.8006754785,0.8002189493,0.8004445995,0.8013870212,0.8030664146,0.8055065574,0.8087110527,0.8126845924,0.8174738992,0.8230387686,0.8293788943,0.8364858953,0.844369474,0.8529846098,0.8623050156,0.8723027942,0.8829743371,0.8942553443,0.906109266,0.9184961832,0.9313926153,0.944733052,0.9584741222,0.9725724662,0.9869817816,1.00165127,1.016534144,1.031583477,1.046743568,1.0619736,1.077231784,1.092477579,1.107630859,1.122682009,1.137589859,1.152314152,1.166771587,1.180966055,1.194866094,1.208442167,1.221587775,1.234343344,1.24667941,1.258568018,1.269908795,1.280752553,1.291083499,1.300886856,1.31005013,1.318657541,1.326697504,1.33416804,1.340965027,1.347191742,1.35285593,1.357943651,1.362424066,1.366361706,1.369778252,1.372781264,1.375142103,1.37713074,1.378727939,1.379642302,1.368395654,1.350393954,1.326487364,1.29638582,1.26055062,1.219950513,1.175075678,1.1265051,1.074574902,1.020298226,0.9643777816,0.9087630836,0.8759565708,0.8408351012,0.805595751,0.7684013707,0.7298893288,0.6939615272,0.6558886301,0.6044330723,0.5743144538,0.5712626529,0.5637092703,0.5637829492,0.5628929645,0.5649721722,0.5674068756,0.5708432707,0.5751316983,0.5794608709,0.5847770099,0.589641537,0.595464014,0.6005835368,0.606561422,0.6117162416,0.6175539182,0.6226795791,0.628114176,0.633062358,0.6380375777,0.6426652753,0.6471379347,0.6513485874,0.6552899468,0.6590217863,0.6624173269,0.6656355286,0.6684840263,0.6711752032,0.6734875341,0.6756556892,0.677434663,0.679055104,0.6803699991,0.6815021046,0.6823831331,0.6830756427,0.6835626776,0.6838691708,0.6840096772,0.6839874714,0.6838346335,0.6835435655,0.6831545623,0.6826557977,0.6820900849,0.6814448379,0.6807422562,0.679994454,0.6792342188,0.6784619119,0.6777007808,0.6769570242,0.6762467063,0.6755794106,0.6749655165,0.6744155223,0.6739368428,0.673535702
3.6,0.8973121059,0.8912095831,0.8848955484,0.8785818403,0.8723760551,0.866018767,0.8598300307,0.8537358924,0.8477211219,0.8419427381,0.8363262148,0.8309750831,0.8259621206,0.8212247556,0.8169166422,0.8130429672,0.8096279193,0.8067731563,0.8044703515,0.8027839986,0.8017646992,0.8014299141,0.8018353728,0.8029949936,0.8049258159,0.8076947938,0.8112728335,0.8156766536,0.8209128296,0.8270009164,0.833910893,0.8416239962,0.8501193196,0.859409272,0.8694267453,0.8801401711,0.8915126859,0.9035275941,0.9161137681,0.9292253991,0.9428161766,0.9568465423,0.9712516151,0.9859804578,1.000981305,1.016199944,1.031582095,1.047079468,1.062645075,1.078199396,1.093718725,1.109155802,1.124464191,1.139558218,1.154430893,1.169044685,1.183364192,1.197279101,1.21082153,1.22395684,1.236652146,1.248800826,1.26044931,1.27157727,1.28216541,1.292094092,1.301445765,1.310205284,1.318367859,1.3258189,1.332664961,1.338910636,1.344537661,1.349508495,1.353888761,1.357698474,1.361047241,1.363684957,1.365895797,1.367653952,1.368637587,1.357062746,1.338530376,1.313878216,1.282821462,1.245842208,1.20395864,1.157695151,1.107670414,1.054262917,0.9985361402,0.9412241278,0.8843662709,0.8510424292,0.8155517598,0.7800806243,0.7429762812,0.7049190712,0.6697165618,0.6331253887,0.5856528189,0.5593205385,0.5580754224,0.5530594138,0.5549895203,0.5562056177,0.5600930398,0.5643421158,0.5694788097,0.5753439263,0.5812305389,0.5879156028,0.5941761471,0.6011796821,0.6075257291,0.6145112427,0.6207214446,0.6274054027,0.6333929913,0.6395401827,0.6451720916,0.650722151,0.6558698845,0.6607791365,0.6653577637,0.6695994104,0.6735569601,0.6771201569,0.6804305256,0.6833190756,0.6859770435,0.6882079209,0.6902255059,0.6918033446,0.6931611349,0.6941674111,0.6949377465,0.6954124073,0.6956522951,0.6956451406,0.6954172719,0.6949859591,0.694357513,0.69356575,0.6926070401,0.6915228307,0.6903059441,0.6889998114,0.6875971945,0.6861184749,0.684583717,0.6830258194,0.681450317,0.6798811116,0.678328793,0.6768107077,0.6753398046,0.6739285521,0.672589424,0.6713330496,0.6701656827
3.7,0.9154991537,0.909992502,0.9041611942,0.8982363782,0.8923327837,0.8861345222,0.8800073438,0.8738557245,0.8676511819,0.8615601159,0.8554916799,0.849559282,0.8438412359,0.8382412455,0.8329477422,0.8279595297,0.8232992024,0.819074979,0.8152838121,0.8120042259,0.8092997549,0.807178225,0.8057290642,0.8049747349,0.8049436307,0.8057200832,0.8072899548,0.8096890261,0.8129415367,0.8170760803,0.8220855119,0.8279623124,0.8346967197,0.8423201549,0.8507691183,0.8600218586,0.8700489888,0.8808429309,0.8923326733,0.9044730172,0.9172173828,0.9305358169,0.94435142,0.9586110264,0.9732594477,0.9882454276,1.003501851,1.018974299,1.034609602,1.050330272,1.066097328,1.081857331,1.097557526,1.11311066,1.128497394,1.143673613,1.158597525,1.173156045,1.18737092,1.201201905,1.214610732,1.22748512,1.239865449,1.251726291,1.263043231,1.273690351,1.283746404,1.293192333,1.302020164,1.310104997,1.317555517,1.324372627,1.330533121,1.335993284,1.340818274,1.345026077,1.348728086,1.351651611,1.354094488,1.356023086,1.357080845,1.345254106,1.32626422,1.300933012,1.268980909,1.230912631,1.187798547,1.140199741,1.088777413,1.033956054,0.9768516836,0.9182307559,0.8602244807,0.8264559181,0.7906797373,0.7550631788,0.7181537454,0.6806751451,0.6463196314,0.6113685123,0.5681660566,0.5458283691,0.5464389584,0.5440231008,0.547826058,0.5511585535,0.5568449963,0.562890946,0.5697013565,0.5771114383,0.5845191515,0.5925356176,0.6001521169,0.6082985095,0.6158314701,0.6237886344,0.6310175827,0.6385153557,0.645332802,0.6521637595,0.6584519192,0.6645516735,0.6701959517,0.6755199208,0.6804461154,0.6849687178,0.6891336373,0.6928468264,0.6962320325,0.6991436704,0.701751107,0.7038833268,0.705732111,0.7070904729,0.7081658294,0.708843094,0.7092296672,0.7092748765,0.7090373427,0.7085097157,0.707719464,0.7066865221,0.705420295,0.7039560963,0.7022945357,0.7004779176,0.6985040668,0.6964168051,0.6942145523,0.6919161337,0.6895494367,0.6871478281,0.6847218645,0.6822967098,0.6798871334,0.6775124667,0.6751888922,0.6729315406,0.670755085,0.6686734648,0.6666939352
3.8,0.9303086485,0.925723093,0.9207300856,0.9155736481,0.910372334,0.9047599858,0.899138145,0.8933906971,0.887474889,0.8815612075,0.8755425866,0.8695380219,0.8636278841,0.8576799327,0.8519123846,0.8463147178,0.8409041654,0.8357886821,0.8309683747,0.8265311386,0.8225491712,0.8190135989,0.8160461402,0.8136743459,0.811934787,0.8109233877,0.8106423632,0.8111457537,0.8124754818,0.8146658534,0.8177382423,0.821698516,0.8265507495,0.8323463151,0.839032135,0.8466005816,0.8550342142,0.8643365335,0.874443699,0.8853149258,0.8969070056,0.9092024967,0.9221164967,0.9355963954,0.9495860463,0.9640388625,0.9788770561,0.9940412508,1.009472971,1.025098585,1.040863566,1.05670874,1.072575302,1.088375455,1.10407662,1.119627879,1.134980764,1.150020726,1.164757316,1.179144435,1.193138177,1.20662137,1.219626824,1.232123529,1.244081466,1.255369569,1.266060958,1.276132368,1.285572388,1.294246279,1.302263563,1.309620974,1.31628985,1.322221196,1.327477926,1.332075685,1.336127574,1.339337499,1.342016326,1.34412148,1.345257522,1.333270662,1.313903233,1.287960894,1.255168854,1.216057625,1.171753625,1.122857749,1.070077148,1.013886482,0.9554570001,0.8955888891,0.8365082526,0.8023624386,0.7663750072,0.7306870534,0.6940583784,0.6572551751,0.6238364227,0.5906335273,0.5518666236,0.5336106334,0.5360788497,0.5362527137,0.5418988923,0.5473040558,0.5547391381,0.5625244362,0.5709475636,0.5798420745,0.588707377,0.5979979016,0.6069099631,0.6161483494,0.6248143285,0.6337001706,0.6419021475,0.6501786983,0.6577900216,0.6652762795,0.6721935581,0.6788209288,0.6849420513,0.6906643906,0.6959244223,0.700716439,0.7050795387,0.7089349357,0.7123889943,0.715318608,0.7178715143,0.7199015638,0.7215784617,0.7227145538,0.7235045006,0.7238496396,0.7238487177,0.7234602237,0.7227401402,0.7216860119,0.7203262747,0.7186834099,0.7167698921,0.7146223632,0.71224572,0.7096830014,0.7069370708,0.7040521906,0.7010322445,0.6978953477,0.6946763529,0.6914099297,0.6881109766,0.6848069476,0.6815160767,0.6782607015,0.6750598032,0.6719318549,0.6688939464,0.6659631944,0.6631493112
3.9,0.941011147,0.9375245166,0.9335836025,0.929438365,0.9252076313,0.9204842183,0.9156935512,0.9107012693,0.9054504609,0.9001106794,0.8945600419,0.8889190388,0.883267091,0.8774369327,0.8716702927,0.8659457923,0.8602727157,0.8547528976,0.8493878995,0.8442703569,0.8394767426,0.8349761222,0.8309188201,0.8273335126,0.8242608479,0.8218010982,0.8199720976,0.818842921,0.8184707204,0.8188902235,0.820153669,0.8222800565,0.8252878704,0.8292467071,0.8341192302,0.8399147951,0.8466312092,0.8542839484,0.8628232904,0.8722167605,0.8824283866,0.8934558703,0.9052116276,0.9176471137,0.9307083567,0.9443556261,0.9585038982,0.9730908466,0.9880543937,1.003326869,1.018839079,1.034527166,1.050327134,1.066151933,1.081955616,1.097680639,1.113271894,1.128615004,1.14370585,1.158492498,1.172925374,1.18688341,1.200390506,1.213409726,1.225905106,1.237741814,1.248985365,1.259608082,1.269594923,1.278801995,1.287338254,1.295195863,1.302340132,1.308717921,1.314387956,1.319363165,1.323758369,1.327253276,1.330170962,1.332458753,1.33367776,1.321626317,1.30195847,1.275464722,1.241874239,1.201747336,1.156271298,1.106090504,1.051962041,0.99441515,0.934679492,0.8735903823,0.8134724902,0.7789909373,0.742835498,0.7071156119,0.6708104194,0.6347261768,0.6022752243,0.5708479941,0.5365177208,0.5222923723,0.5265666687,0.529240317,0.5366501715,0.5440274411,0.5531174823,0.5625430798,0.5724822756,0.5827705655,0.5930017095,0.6034875389,0.6136131424,0.6238780112,0.6336072561,0.6433695334,0.6524879156,0.6615032652,0.6698666208,0.677977939,0.6854956811,0.6926298469,0.6992103627,0.7053189245,0.7109047169,0.7159617171,0.7205226192,0.7245224033,0.7280511527,0.7310064173,0.7335155217,0.7354554748,0.7369749047,0.737904427,0.7384262751,0.7384574336,0.7380881342,0.73728562,0.7361031614,0.734542963,0.7326343148,0.7304020559,0.7278616208,0.7250508542,0.7219787866,0.7186892416,0.7151897205,0.7115254132,0.7077048068,0.7037468249,0.6996915132,0.695576391,0.6914191344,0.6872511479,0.6830927164,0.678970638,0.6749057927,0.6709208057,0.6670353708,0.663269238,0.6596367094
4,0.9475956025,0.9452238052,0.9423884418,0.9393385986,0.9361899878,0.9325051289,0.9287208613,0.9246876108,0.9203352401,0.9158278873,0.9110309744,0.9060627786,0.9009992071,0.8956414339,0.8902476844,0.8847854733,0.8792548457,0.8737470196,0.8682641103,0.8628995284,0.8577303558,0.8527009177,0.8479852388,0.8436099297,0.8396159346,0.8361011606,0.8330971587,0.8306837562,0.8289295017,0.8278639986,0.8275694748,0.828075996,0.8294148168,0.8316700767,0.834822877,0.8389002228,0.8439166031,0.8498987138,0.8568164098,0.8646483432,0.873368896,0.8829928146,0.8934351071,0.904654789,0.91660344,0.9292502568,0.9425072333,0.9563115569,0.9705997739,0.9853125185,1.000367675,1.015698266,1.031236428,1.046897437,1.062622461,1.078347898,1.094012474,1.109503585,1.124802587,1.139851906,1.154596425,1.168912376,1.182813559,1.196256935,1.209200407,1.22150663,1.233231834,1.244343727,1.254823445,1.264518646,1.273536343,1.281863721,1.28945953,1.29626746,1.302340136,1.307687415,1.312425791,1.316209567,1.319373479,1.321853325,1.32316141,1.311118169,1.291200469,1.264183894,1.229800569,1.188644569,1.141969473,1.090467036,1.034948462,0.9760019265,0.9149189149,0.8525712137,0.7913858101,0.7565547766,0.720213718,0.6844381468,0.6484271079,0.6130238275,0.5814887894,0.5517618451,0.5216883574,0.5113108766,0.5172921653,0.5223083426,0.5313618328,0.5405664443,0.5511852949,0.5621220674,0.5734557659,0.5850267279,0.5965134957,0.6081022913,0.6193462971,0.6305636741,0.6412777068,0.6518597539,0.6618329514,0.6715461152,0.6806184978,0.6893263106,0.6974180873,0.705042582,0.7120704297,0.7185601676,0.7244721054,0.7297995459,0.7345694028,0.7387285466,0.7423524246,0.7453568023,0.7478505563,0.7497313596,0.7511286858,0.7518895211,0.7521847728,0.7519456233,0.7512544458,0.7500864278,0.7484923717,0.7464786696,0.7440754704,0.7413097193,0.7381996333,0.734784232,0.7310762596,0.7271206471,0.7229286852,0.7185474033,0.7139883011,0.7092734354,0.7044452246,0.699546305,0.6945947165,0.6896280528,0.6846664884,0.6797431379,0.6748793635,0.6701028348,0.6654359397,0.6609000457,0.6565168442
4.1,0.9505172168,0.9491312075,0.9473094236,0.9452938152,0.9431937845,0.9405530598,0.9378073898,0.9347954324,0.9314351637,0.9278813867,0.9239892038,0.9198712803,0.9155977677,0.9109432541,0.9061751421,0.9012503262,0.8961591969,0.8909792491,0.8857126386,0.8804503538,0.8752672028,0.8700825574,0.8650888032,0.8603083188,0.8557795793,0.8515927088,0.8477909229,0.8444604919,0.8416773594,0.839461538,0.8379221789,0.8370975204,0.8370288857,0.8378101108,0.8394412813,0.8419657805,0.8454143044,0.8498229015,0.855184026,0.8614889203,0.8687241689,0.8769223809,0.8860055373,0.895943075,0.9066951087,0.918241574,0.9304957016,0.9433967637,0.9568823211,0.9709037227,0.9853681219,1.0002073,1.015351135,1.030718971,1.046240028,1.061845496,1.077468658,1.093000323,1.108406846,1.123625387,1.138595524,1.153191983,1.167417449,1.181222755,1.194559544,1.207288937,1.219456528,1.231025133,1.241971871,1.252136412,1.261622592,1.270412208,1.278456799,1.285697593,1.292179326,1.29790831,1.303002711,1.30708955,1.310515003,1.313201683,1.314606892,1.302601322,1.282439487,1.254880242,1.219657571,1.177402867,1.129441734,1.076517215,1.019498916,0.9590379463,0.8964911848,0.8327680482,0.7704013604,0.7351383441,0.6985208578,0.6625926688,0.6267673569,0.5919224274,0.5611711654,0.5329774442,0.5068363254,0.5000278624,0.5075853973,0.5147446941,0.5252980085,0.5361609187,0.5481657777,0.5604702553,0.5730659968,0.5858003658,0.5984260597,0.6110214555,0.6232856088,0.6353804881,0.6470003641,0.6583469025,0.6691151187,0.6794886729,0.6892311344,0.6985123869,0.7071579962,0.7152639006,0.7227354922,0.7296110465,0.7358603276,0.741475678,0.7464789613,0.750826945,0.7545824038,0.7576765503,0.7602022639,0.7620749428,0.7634073826,0.7640606608,0.7641959236,0.7637566246,0.7628183946,0.7613632591,0.7594400476,0.7570587178,0.7542503945,0.7510438492,0.7474598767,0.7435387405,0.7392962764,0.734779084,0.7300009985,0.7250122381,0.7198250348,0.7144676546,0.7089810683,0.703416107,0.6977877921,0.6921428219,0.6864982779,0.6808959131,0.6753555638,0.6699108991,0.6645869949,0.6594052311,0.6543981822
4.2,0.9506229534,0.949981372,0.9489660587,0.9478065955,0.9466034387,0.9448928357,0.9430979744,0.9410491435,0.9386540389,0.9360549057,0.9330987452,0.9298895947,0.9264898665,0.9226532359,0.9186489073,0.9144240552,0.9099594364,0.9053167638,0.9004977685,0.8955884709,0.8906591543,0.8856057394,0.8806335564,0.8757595499,0.8710179089,0.8664871861,0.8622203088,0.858306369,0.8548252462,0.8517845141,0.8493162295,0.8474640172,0.8462763772,0.8458521652,0.8462095068,0.847405838,0.849486398,0.8524942694,0.8564452352,0.8613433645,0.8671881101,0.8740296432,0.8818000245,0.8904809871,0.9000433079,0.910479149,0.9217064152,0.9336687958,0.9463071457,0.9595855625,0.9734028648,0.9876914124,1.00238044,1.01739515,1.032653872,1.048083589,1.063612938,1.079137629,1.094608828,1.109958824,1.125122177,1.139972983,1.154502133,1.168654241,1.182374503,1.195523213,1.208134108,1.220164868,1.23158835,1.242236128,1.252208062,1.261480035,1.269995646,1.277693903,1.284610216,1.290746871,1.296223685,1.300637957,1.304347556,1.307260266,1.308771991,1.296776608,1.276318883,1.248137537,1.211967302,1.168479895,1.11907877,1.064562057,1.005861925,0.9436960324,0.879490095,0.8141922743,0.7504445138,0.71460231,0.6775506242,0.6413092174,0.6054967329,0.5710240768,0.5408723098,0.5139941424,0.4913981909,0.4878441047,0.4968404037,0.5059382096,0.5178478713,0.5302034132,0.5434567113,0.55699259,0.5707262627,0.5845137018,0.5981717662,0.6116871137,0.6248841984,0.6377916773,0.6502499459,0.6623160446,0.6738311821,0.6848384112,0.695223726,0.7050666563,0.7142577858,0.7228480619,0.7307720909,0.7380506746,0.7446614458,0.7505955529,0.755870564,0.7604512441,0.7643896713,0.7676298021,0.7702510891,0.772183603,0.7735262669,0.7741517062,0.7742132532,0.7736644372,0.7725755915,0.7709342819,0.7687881181,0.7661499084,0.7630520012,0.7595247205,0.7555912387,0.7512932621,0.7466489525,0.7417074215,0.7364834441,0.7310322806,0.725364,0.7195167661,0.7135255579,0.7074531302,0.7013073873,0.6951475864,0.6889840913,0.6828699223,0.6768209776,0.6708778807,0.665068265,0.659411439,0.6539547865
4.3,0.9488846469,0.9486659537,0.9481660673,0.9475983617,0.9470524131,0.9460679585,0.9450454717,0.9438102719,0.9422615516,0.9405264984,0.9384460191,0.9361128026,0.9335797115,0.9305855018,0.9273938591,0.9239431821,0.9202048165,0.9162233319,0.9119994182,0.9076118676,0.9031246206,0.8984125524,0.8936885559,0.8889634579,0.884265994,0.8796605519,0.8752079879,0.8709972383,0.8671092051,0.863537655,0.860433163,0.8578424186,0.8558185604,0.8544612365,0.8538051491,0.8539190543,0.854860463,0.8566772628,0.8594077417,0.8630682553,0.8676709449,0.8732823767,0.8798467783,0.8873591226,0.895802209,0.90518144,0.9154220488,0.9264741152,0.9382837163,0.9508293769,0.9640038497,0.9777417694,0.9919732775,1.006630974,1.021623486,1.036874559,1.052308996,1.067828535,1.083369248,1.098858902,1.114227269,1.129348328,1.14420074,1.158722767,1.172852881,1.186450809,1.199537524,1.212065241,1.224002316,1.235171503,1.245668383,1.255462341,1.264488211,1.272682737,1.280070877,1.286650524,1.292543247,1.297313765,1.301332735,1.304491524,1.306119168,1.294049241,1.273184354,1.244240238,1.20695141,1.162032927,1.110972197,1.054626242,0.9939939749,0.9298630193,0.86373128,0.7965868031,0.7311843052,0.6945714223,0.6568836029,0.6201304253,0.5841246169,0.5498124949,0.5200664334,0.494290279,0.4748818852,0.4742893281,0.4846013353,0.4954580052,0.5085991765,0.5223054367,0.5366902792,0.5513432692,0.5661120513,0.5808624824,0.5954673622,0.6098347147,0.6238977276,0.6375702489,0.6508185916,0.6635755295,0.6758074486,0.6874369585,0.6984543241,0.7088619534,0.7186053866,0.7276971516,0.736096339,0.7438086444,0.7508182058,0.757114776,0.7627122856,0.7675817946,0.771766544,0.7752207034,0.7780127913,0.7800846199,0.7815240697,0.7822127102,0.782298219,0.781741901,0.780610485,0.7788956451,0.7766447249,0.7738725995,0.7706132324,0.7668982575,0.7627530499,0.7582211031,0.7533220186,0.7481085523,0.742594553,0.7368425714,0.7308571995,0.7246906496,0.7183668556,0.7119648102,0.7054806864,0.698990138,0.6924928042,0.6860558006,0.6796884188,0.6734391401,0.6673379781,0.6613997535,0.6556907503
4.4,0.9463363688,0.9461662903,0.9458328783,0.945531065,0.945338539,0.9448093163,0.9443125733,0.9436721828,0.9427809697,0.9417493046,0.9404139426,0.9388538555,0.9371107741,0.9349147551,0.9325166925,0.9298471931,0.9268684488,0.9236070687,0.9200617673,0.9163020355,0.912383739,0.9081637496,0.9038569912,0.8994677699,0.8950184907,0.8905576615,0.8861522543,0.8818885207,0.8778459274,0.8740040772,0.8705276217,0.8674644322,0.8648701445,0.8628415486,0.861428282,0.8607076622,0.8607470103,0.8615970034,0.8633166952,0.865933761,0.869472324,0.8740134877,0.8795150232,0.8859853575,0.8934199769,0.9018380579,0.9111741101,0.9213862157,0.9324273062,0.9442913629,0.9568674126,0.9700938202,0.9839030496,0.9982362757,1.01299377,1.028096978,1.043467603,1.059014193,1.074658047,1.090322714,1.105933427,1.12136402,1.136580875,1.151515694,1.166099863,1.180192441,1.193800998,1.206871985,1.219368976,1.231104838,1.242170987,1.252529762,1.262106508,1.270835496,1.27873058,1.285785109,1.292122738,1.29727316,1.301621422,1.305041628,1.306792641,1.294512062,1.273071158,1.243164043,1.204524293,1.157914419,1.104912531,1.046438781,0.9835632588,0.9171472643,0.8487641943,0.7794434997,0.7120575284,0.6744662978,0.6359268729,0.5984584052,0.562058368,0.5277140457,0.4982182522,0.4733932017,0.4569364425,0.4590890882,0.470625135,0.4831103489,0.4973896478,0.5123426918,0.5277725343,0.5434594113,0.5591891829,0.5748389542,0.5903319082,0.6055064134,0.620393143,0.6348037433,0.648816553,0.6622541549,0.6751933346,0.6874504799,0.6991070473,0.7100978548,0.7204158851,0.7300400966,0.7389503901,0.7471391295,0.7545958141,0.7613085798,0.7672882431,0.7725106577,0.7770118422,0.7807538567,0.783796638,0.7860909016,0.7877163192,0.7885606083,0.788768266,0.7883059145,0.7872385825,0.7855604916,0.7833198969,0.7805328674,0.777235507,0.7734605519,0.7692354264,0.7646059221,0.7595920937,0.754251784,0.7485957876,0.7426966549,0.7365497912,0.7302259891,0.7237328535,0.7171703271,0.7105179595,0.7038718876,0.6972169135,0.6906371106,0.6841324908,0.6777602166,0.6715525169,0.6655172022,0.6597434089
4.5,0.9440149678,0.9434958884,0.9429491683,0.9425509793,0.9423673633,0.9419770273,0.9417114259,0.9413967275,0.940922035,0.9403801073,0.9396055414,0.9386617944,0.9375781493,0.936082488,0.9344058349,0.9324720055,0.9302344446,0.9277013872,0.9248683969,0.9217936983,0.918523427,0.9148999358,0.9111344227,0.9072244151,0.9031853487,0.8990485744,0.8948853674,0.8907770357,0.8867994519,0.882918323,0.8793079728,0.8760159049,0.8730984105,0.8706462828,0.8687223836,0.8674099421,0.8667836825,0.8668951061,0.8678218815,0.8696017793,0.8722698501,0.8759193067,0.8805223975,0.8861006568,0.8926623624,0.900240311,0.9087798872,0.9182483674,0.9286067807,0.9398649259,0.9519104958,0.9646868247,0.9781299329,0.9921902423,1.006761232,1.021762957,1.037114693,1.052732045,1.068522286,1.084405022,1.100301137,1.116083838,1.131707646,1.147097466,1.16217727,1.176804967,1.190974556,1.204626465,1.217719352,1.230054885,1.241720962,1.252672494,1.262824806,1.272109674,1.280529699,1.288073894,1.29486882,1.300407482,1.305091705,1.308778433,1.310656459,1.297987632,1.275750141,1.244625753,1.204346747,1.155729467,1.100450669,1.039498678,0.9740198326,0.904953659,0.8339524803,0.7620893599,0.6923613208,0.6535978544,0.6140103578,0.5756524007,0.5387016871,0.5041960101,0.474878978,0.4509704988,0.4374317454,0.4422394107,0.4549483483,0.4689959309,0.4843546289,0.5004924841,0.5169107751,0.5335784023,0.5502213375,0.5667298117,0.5830752909,0.5990306226,0.614719341,0.629856458,0.64462611,0.6587471856,0.6723996055,0.6853006884,0.6976159542,0.7092177854,0.7201421099,0.7303371088,0.7398010184,0.748513918,0.7564697644,0.763654777,0.7700770007,0.775715768,0.7806011953,0.7847011409,0.7880690585,0.790661829,0.7925537582,0.7936355891,0.7940515057,0.7937707574,0.7928588623,0.7913107981,0.7891771406,0.7864741845,0.7832408352,0.7795107499,0.775313267,0.7706971696,0.765681867,0.7603320496,0.7546530916,0.7487307326,0.7425471027,0.7361965163,0.7296647794,0.7230778706,0.7163937447,0.709733237,0.7030622587,0.6964847073,0.6899887972,0.6836411136,0.6774760326,0.6714918983,0.6658043924
4.6,0.9428958282,0.9416405599,0.9405013271,0.9396371072,0.9391038662,0.9385149544,0.9381602085,0.9378722294,0.9375396673,0.9372379789,0.9368019072,0.9362783397,0.9356833275,0.9347492876,0.9336807824,0.9323960031,0.9308401846,0.9290031968,0.9268761403,0.9245041414,0.9219220888,0.9189614431,0.915823934,0.9125000694,0.9089977581,0.9053303453,0.9015714299,0.8977953501,0.8940724566,0.8903551557,0.886823186,0.8835223646,0.8805080708,0.8778622807,0.8756595021,0.8739863848,0.8729226988,0.8725189166,0.8728690345,0.8740195757,0.8760152578,0.8789584556,0.8828366188,0.8876836018,0.8935201316,0.9003917208,0.9082560155,0.9170902811,0.9268645478,0.9376039089,0.9491973229,0.9615940596,0.97473472,0.9885789694,1.003015472,1.017963669,1.033341007,1.049069828,1.065044622,1.081181299,1.097396589,1.11356212,1.12962148,1.145492604,1.161091791,1.176274967,1.191022985,1.205270135,1.218970169,1.231912197,1.24418179,1.255726328,1.266450911,1.276285163,1.285220793,1.293243199,1.300483124,1.306396607,1.311405188,1.315349941,1.317353754,1.30408939,1.280792589,1.248152151,1.205899329,1.154913756,1.096980415,1.033162053,0.9646873291,0.8925799969,0.8185751545,0.7437927763,0.6713646403,0.6312756941,0.5904928729,0.551132249,0.5135554243,0.4788644939,0.449779562,0.4269161877,0.4165298657,0.4240726616,0.4379418431,0.4535519999,0.4699558432,0.4872486972,0.5046146509,0.5222251661,0.539743545,0.5570761304,0.5742447818,0.5909553326,0.6074275829,0.6232771481,0.638796891,0.6535996306,0.6679700108,0.6815250894,0.6945144692,0.7067480635,0.7183037949,0.7290994606,0.7391505994,0.7484251576,0.756920978,0.7646219667,0.7715335221,0.7776373644,0.7829586611,0.7874692334,0.7912178916,0.7941650833,0.7963824719,0.7977605137,0.7984462582,0.7984086586,0.797716201,0.7963625943,0.7944024121,0.7918510489,0.7887510521,0.7851368361,0.7810395292,0.7765118149,0.7715711805,0.7662913665,0.7606696025,0.7548085954,0.7486726366,0.7423851813,0.7359043011,0.7293877111,0.7227664957,0.716190735,0.7096033574,0.7031310459,0.6967478292,0.6905304254,0.6845154249,0.6786893048,0.6731978669
4.7,0.9437036395,0.9413806476,0.9393147386,0.9376507442,0.9364372448,0.9353311899,0.9345796016,0.9340258722,0.9335619921,0.93324751,0.9329199448,0.9326094508,0.9323186313,0.9317909999,0.9311990159,0.9304564966,0.9295011685,0.9283048067,0.9268528254,0.9251755806,0.9232952747,0.9210360903,0.9185846876,0.9159244094,0.9130551268,0.9099713864,0.9067473219,0.9034483839,0.9001376496,0.8967549993,0.8934815624,0.8903604079,0.887444711,0.8848049961,0.8825261798,0.880696107,0.8793974918,0.8786779174,0.8786457246,0.8793548799,0.880858508,0.8832649647,0.8865776333,0.8908417242,0.8960898217,0.9023787052,0.9096796213,0.9179803359,0.9272604967,0.9375593176,0.9487697389,0.9608477127,0.9737392472,0.9874126933,1.001754091,1.016682977,1.032115492,1.047979842,1.064159419,1.080566633,1.097114219,1.113670961,1.130170805,1.146524648,1.162640895,1.178372494,1.193688021,1.208515625,1.222804313,1.236329479,1.249175872,1.261283509,1.272547355,1.282895689,1.292310001,1.30077323,1.308422066,1.314676431,1.319980895,1.324162933,1.326286942,1.312212506,1.287577384,1.253105487,1.208527986,1.154800132,1.093826011,1.026750257,0.9548909318,0.8793636015,0.8019904979,0.7239430957,0.6485011356,0.6069966554,0.5649461009,0.5245562276,0.4863870512,0.4516232026,0.4229751154,0.4014747074,0.3947701593,0.4053212454,0.4203598095,0.4375832483,0.4549985147,0.473424732,0.4916871795,0.5101918347,0.5285315209,0.5466331426,0.5645756073,0.581990249,0.5992052497,0.6157249915,0.6319641062,0.6474170413,0.6624848115,0.6766735225,0.6903251157,0.703180972,0.7153643438,0.7267601099,0.7374019422,0.7472447287,0.7562900679,0.7645190705,0.7719343965,0.7785194284,0.7842948619,0.7892351207,0.7933857687,0.7967085862,0.7992750799,0.8009722023,0.8019531428,0.8021835919,0.8017376569,0.8006056385,0.7988480227,0.7964780864,0.7935430381,0.7900779133,0.7861155547,0.7817136687,0.7768864157,0.7717191855,0.7661979995,0.7604469632,0.7544073736,0.7482383876,0.7418636677,0.735479082,0.7289830998,0.7225600887,0.7161256574,0.7098324323,0.703637848,0.697629477,0.6918462938,0.6862604179,0.6810514074
4.8,0.9468149315,0.9431649025,0.9399016366,0.9371596365,0.9349835136,0.9330819742,0.931660019,0.9305765445,0.9297311658,0.9291696604,0.9287355563,0.9284428284,0.9282809463,0.9280110228,0.9277686051,0.9274644879,0.9270297546,0.9264183867,0.9256090189,0.9246156394,0.9234463136,0.921921289,0.9202067269,0.9182785578,0.9161280512,0.9137298593,0.9111570322,0.9084642221,0.905705462,0.9028085994,0.8999524895,0.8971764731,0.8945303239,0.8920703473,0.8898910612,0.888079448,0.8867193065,0.8858532512,0.8856025097,0.8860273382,0.8871881215,0.8891957673,0.8920706904,0.8958685619,0.9006332212,0.9064308882,0.9132480668,0.9210835118,0.9299270712,0.9398305192,0.9506938552,0.9624804369,0.9751424669,0.9886562403,1.002907626,1.017816991,1.033299767,1.049288906,1.065658706,1.082318277,1.099176506,1.116098099,1.133008784,1.149812357,1.166409255,1.182648451,1.198487289,1.213847861,1.228674703,1.242728599,1.256095039,1.268707039,1.280449703,1.291251208,1.301083582,1.309928687,1.317931165,1.324476604,1.330035888,1.334425744,1.336661382,1.321575658,1.295331925,1.258723066,1.211481891,1.154653925,1.090274402,1.019578467,0.9439817655,0.8647011009,0.7836509633,0.7020605083,0.6233741783,0.5804431337,0.5371472739,0.4958094548,0.4572160566,0.42265744,0.3948280275,0.3752192373,0.3730210793,0.3870403896,0.4032476931,0.4221512963,0.4405093084,0.4600198819,0.4790825417,0.4983878744,0.5174453172,0.5362083985,0.554824079,0.5728356724,0.5907007174,0.6077910083,0.6246667113,0.6406808514,0.6563735732,0.6711186706,0.6853681613,0.6987817641,0.71153661,0.7234785726,0.7346626849,0.7450284674,0.7545818886,0.7633007098,0.7711844953,0.7782182081,0.7844178394,0.789760002,0.7942875243,0.7979622901,0.8008573679,0.8028538875,0.804113919,0.8045973674,0.8043865577,0.8034663546,0.801905208,0.7997131024,0.7969431023,0.7936307675,0.789810682,0.7855468677,0.7808486594,0.7758160822,0.7704205379,0.7648125737,0.7589046794,0.7528994384,0.7466782675,0.7404824853,0.7341714096,0.7279693629,0.7217596791,0.7157244617,0.7098017556,0.7040906996,0.6986327747,0.693382807,0.6885581093
4.9,0.9521732305,0.9470038137,0.9423339346,0.9382918291,0.9349219256,0.931992047,0.9296674914,0.9278275772,0.9263842134,0.9253722671,0.9246448975,0.9242011258,0.9240181299,0.9238809572,0.9238841701,0.9239369504,0.9239646378,0.9239037252,0.9237249485,0.9234243086,0.922994152,0.9222537029,0.9213432516,0.9202308174,0.9188983428,0.9172989534,0.9155030775,0.9135524708,0.911490168,0.909231979,0.9069509879,0.9046817831,0.9024694887,0.9003528244,0.8984356099,0.8968019196,0.8955346727,0.8946691745,0.8943384816,0.8946080965,0.8955446338,0.8972575977,0.8997862535,0.9031958417,0.907540925,0.9128951608,0.9192624345,0.9266531893,0.9350682944,0.944570339,0.9550701377,0.9665394019,0.9789375843,0.9922483579,1.006360312,1.021195668,1.036670025,1.052720184,1.069213653,1.086056609,1.103154458,1.120366872,1.137612809,1.154789075,1.17178811,1.18845435,1.204734743,1.220545506,1.23582707,1.250325072,1.264127111,1.27715955,1.289297911,1.300472102,1.310644925,1.31979858,1.328087708,1.334865734,1.340632706,1.345197383,1.347535039,1.33127552,1.303193388,1.264185887,1.213989752,1.153756844,1.085666003,1.011052386,0.9314382582,0.8481527024,0.7632083742,0.6779000419,0.5958572436,0.5515764215,0.5071641936,0.4650799725,0.4263793114,0.3924865427,0.3660448297,0.3490605849,0.352415228,0.3704767316,0.3877994476,0.4084130649,0.4275748637,0.4480574172,0.4677513118,0.4876938088,0.5072941975,0.5265396868,0.545658961,0.5640891851,0.5824447409,0.5999357615,0.6173004352,0.6337179457,0.6499001347,0.6650572977,0.6797781702,0.6936207414,0.7068298039,0.7192024342,0.7308208628,0.7416054498,0.751567969,0.7606822325,0.7689441076,0.7763408765,0.782882695,0.788549276,0.7933800421,0.7973372621,0.8004960193,0.8027310159,0.8042147693,0.8048998592,0.8048789943,0.8041301188,0.8027316323,0.8006892769,0.7980632822,0.7948897526,0.7912052137,0.7870813524,0.7825212824,0.7776428013,0.7723991652,0.7669727609,0.7612409955,0.7554585537,0.7494556671,0.7435270618,0.737485519,0.731601515,0.7257203994,0.7200575339,0.7145282111,0.7092437333,0.7042479719,0.6994748875,0.6951838133
5,0.9595513444,0.9527022931,0.9464432411,0.940900681,0.9361232028,0.9319443868,0.9284940055,0.9256771281,0.9234232605,0.9217604555,0.9205556823,0.9197952094,0.9194455241,0.9193223514,0.9194758872,0.9198153216,0.9202613033,0.9207335287,0.9211934366,0.9216173719,0.9219801969,0.922102852,0.9220939761,0.921912854,0.9215310131,0.9208779624,0.9200196203,0.9189823032,0.9177956833,0.9163630161,0.9148478058,0.9132784978,0.9116940085,0.910111282,0.9086432386,0.9073686,0.9063671445,0.9056637434,0.9054023391,0.9056523612,0.9064854015,0.908004691,0.9102705789,0.9133567713,0.9173278625,0.9222623505,0.9281841536,0.9351161951,0.943071383,0.9521210909,0.9621916376,0.9732644183,0.9853076155,0.9983121026,1.012172863,1.026815643,1.042157648,1.058139162,1.074623887,1.091515904,1.108717924,1.126084435,1.143529148,1.160942362,1.178208802,1.1951685,1.211758687,1.227890041,1.24349939,1.258317483,1.272434834,1.285771627,1.298194137,1.309636411,1.320051678,1.329423849,1.33791949,1.344862502,1.350784156,1.355487809,1.357917302,1.34037377,1.31027784,1.268667431,1.215286034,1.151409383,1.079373056,1.000622794,0.9167977094,0.829352272,0.7404046593,0.6513259882,0.5659573944,0.5205069814,0.4752356507,0.4327544018,0.3944476947,0.3619052679,0.3376396977,0.324216432,0.3342740398,0.3569405224,0.3752259552,0.397481428,0.4172071233,0.4384537408,0.4585167869,0.4788446804,0.4987277845,0.5181941174,0.5375681672,0.5561603928,0.5747726485,0.5924195051,0.6100552071,0.6266459059,0.6431150207,0.6584702974,0.6734712033,0.6875477483,0.7010310235,0.7136559067,0.7255402988,0.73658002,0.7467950607,0.7561545887,0.7646499044,0.7722723885,0.7790241134,0.7848905457,0.7899054093,0.7940338082,0.7973513878,0.7997284351,0.8013475317,0.8021541195,0.8022525215,0.8016132576,0.8003263416,0.7983928048,0.7958814205,0.7928289762,0.7892743702,0.7852982878,0.7808964809,0.7762075393,0.7711631991,0.7659830186,0.7605029624,0.7550389249,0.7493601562,0.7438229318,0.7381854432,0.7327706684,0.7273794873,0.7222642862,0.7173135496,0.7126509971,0.7083223033,0.7042362379,0.7006983927
5.1,0.9687501617,0.960074804,0.9520489899,0.9448030087,0.9383948126,0.932728362,0.9279054575,0.9238624476,0.9205524561,0.9180030086,0.9160996202,0.9148197947,0.9141223986,0.9138610011,0.914039752,0.9145699278,0.9153689958,0.9163417245,0.9174384586,0.9186145232,0.9198256376,0.9208972297,0.9219001847,0.9227838793,0.9235079952,0.9239764158,0.9242478239,0.9243302555,0.9242372561,0.9238586596,0.9233440358,0.9227138491,0.9219988577,0.9211895225,0.9204072018,0.919722356,0.9192088224,0.918877306,0.9188811836,0.9192920009,0.92018452,0.9216496765,0.9237710173,0.9266289288,0.93029671,0.9348541604,0.940347768,0.9468134013,0.9542768132,0.9628153169,0.9723761236,0.9829517336,0.9945207897,1.007081313,1.02053925,1.034826166,1.049863006,1.065593748,1.081882259,1.098632084,1.11574469,1.133070176,1.150519066,1.16797621,1.185319448,1.202385519,1.219102663,1.235376737,1.251141804,1.266114903,1.280389925,1.293881488,1.306447061,1.318028099,1.328567147,1.338051179,1.346660586,1.353692674,1.359711186,1.36451623,1.36702737,1.348153273,1.315933279,1.271582597,1.21485475,1.147168205,1.071029295,0.9880061231,0.8998663359,0.808205305,0.7152565524,0.6224828178,0.5339732878,0.487645435,0.4419152114,0.39955555,0.3623546942,0.3320941398,0.3110097279,0.3022099148,0.3199542094,0.3475669592,0.3665241579,0.3901940719,0.4101297338,0.4318190753,0.451894621,0.4722675575,0.4920921839,0.5114432229,0.5307520862,0.549183665,0.567755075,0.5852525688,0.6028834016,0.6193609242,0.6358611307,0.6511478503,0.6661877718,0.6802538728,0.6937845576,0.7064370018,0.7183748531,0.7294628914,0.7397324204,0.7491472055,0.7576929325,0.7653676445,0.7721621798,0.7780719679,0.7831212484,0.787282527,0.790628647,0.7930302832,0.7946775062,0.795510771,0.7956461228,0.7950473943,0.7938173642,0.7919525348,0.7895315429,0.7865922065,0.7831765086,0.7793752493,0.7751761548,0.7707411613,0.7659776378,0.7611469721,0.7560377855,0.7510357919,0.745839405,0.7408738216,0.7358345241,0.7311026662,0.7264278236,0.7221025329,0.7179838698,0.7142076234,0.7108200403,0.7076997995,0.705202257
5.2,0.9798552412,0.9692321658,0.9592735518,0.950120075,0.9418449978,0.934423083,0.927940658,0.9223705443,0.9176960593,0.9139534358,0.911052205,0.9089679292,0.9076573583,0.9070193443,0.9070139331,0.9075574768,0.9085668046,0.9099360122,0.911602351,0.9134998473,0.9155641316,0.9176280722,0.9197190378,0.9217750687,0.9237423588,0.9254980256,0.9270896034,0.928503925,0.9297354385,0.9306597669,0.9314074878,0.9319888356,0.9324240599,0.932672686,0.9328628361,0.9330534599,0.9333092639,0.9336227234,0.9341543933,0.9349754932,0.9361614469,0.9377842094,0.939951553,0.9427479393,0.946253051,0.9505432526,0.9556892563,0.9617393982,0.9687322001,0.9767468658,0.9857566259,0.9957660311,1.006765615,1.018760027,1.031671223,1.045439166,1.05999114,1.075275236,1.09116051,1.107552225,1.12435282,1.141409663,1.158632958,1.175903973,1.193095268,1.210042344,1.226665691,1.242867617,1.258580793,1.273510786,1.287755228,1.301224158,1.313766945,1.325336613,1.335863418,1.345338772,1.353958905,1.360997712,1.367051952,1.371920215,1.374503352,1.354319107,1.3199308,1.272767757,1.212597048,1.141000125,1.060669327,0.9733084972,0.8808275798,0.7849815188,0.6881335353,0.5918611869,0.5005551633,0.453762263,0.4081335087,0.3666104418,0.3314660677,0.3046713597,0.2879361731,0.2847717119,0.3106430423,0.3431103122,0.362299765,0.3869648922,0.4066509242,0.4283487723,0.4479974402,0.4679965759,0.4873528397,0.5061915562,0.5250566796,0.5429545335,0.5611370825,0.5781366699,0.5954431201,0.6114830653,0.627720736,0.6426385932,0.6574441114,0.6712252068,0.6845481887,0.6969767153,0.708730639,0.7196366968,0.7297409488,0.7390008538,0.7473953747,0.7549323073,0.761587465,0.7673716628,0.7722946025,0.7763426882,0.779580762,0.7818874829,0.783455515,0.7842246193,0.784321292,0.7837048826,0.7824913459,0.7806736273,0.7783413558,0.7755339055,0.7722973029,0.7687331929,0.7648212243,0.7607482709,0.7563954068,0.7520689673,0.7475055571,0.7431673569,0.7386730667,0.7345221327,0.7303399125,0.7265696109,0.7229028956,0.7196741328,0.7167041373,0.7141394582,0.7120248951,0.7102039678,0.7090837577
5.3,0.9932658773,0.9806474227,0.9686485229,0.9574265871,0.9470756741,0.9376353682,0.9291936395,0.9217635185,0.9153647217,0.9100535977,0.9057700123,0.9024976473,0.9001997026,0.8988272876,0.8983040405,0.8985559661,0.8995035355,0.901037645,0.9030813084,0.9055490483,0.908357009,0.9113487334,0.9145039071,0.9177479025,0.9210118955,0.9241467269,0.927183727,0.9300860276,0.9328262541,0.9352652429,0.9375093466,0.9395560405,0.9414125372,0.9430042044,0.9444629382,0.9458330679,0.9471669382,0.9484351823,0.949802492,0.9513368674,0.9531115025,0.9551730407,0.9576530088,0.9606365646,0.9642066436,0.9684307535,0.9734038257,0.9791849422,0.9858240202,0.9933969431,1.001906543,1.011369226,1.021787794,1.033171954,1.0454641,1.058614698,1.072559689,1.087251371,1.102569368,1.118423152,1.134718765,1.151302889,1.168089038,1.184957407,1.201777535,1.218386492,1.234698933,1.250615502,1.266069495,1.280757972,1.294783015,1.308051501,1.320405698,1.331815056,1.342195686,1.351544942,1.360077029,1.367045249,1.373079638,1.377978341,1.380626406,1.359210795,1.322667818,1.272675088,1.209016739,1.133457913,1.048893616,0.957178513,0.8603812145,0.7604387311,0.6598655298,0.5603898697,0.4667836235,0.4200492319,0.3752414917,0.3354728741,0.3035620066,0.2815901336,0.2703566907,0.2734826034,0.3070255185,0.3437226554,0.3625949843,0.3876689741,0.406577759,0.4277662591,0.4464958824,0.4656495552,0.4840831015,0.5019746052,0.519980112,0.5369428593,0.5543585184,0.5704909179,0.5871309159,0.6023947308,0.6180609272,0.6323015635,0.6465915068,0.6598096753,0.6726681276,0.6846223944,0.6959582103,0.7064572898,0.716183866,0.7250879685,0.7331407206,0.7403628616,0.7467110378,0.7522175667,0.7568716384,0.7606814938,0.7636971249,0.7658153277,0.7672240455,0.7678688413,0.7678837023,0.7672273308,0.7660281467,0.7642774741,0.7620765558,0.7594669648,0.7564998675,0.7532877133,0.7498028189,0.7462568006,0.7425040292,0.738895997,0.7351149663,0.7317019901,0.7281900037,0.7251539076,0.7221435942,0.7196647862,0.7173459193,0.715562352,0.714094225,0.7130963216,0.7126092646,0.7124370134,0.71303791
5.4,1.009520954,0.9949904902,0.9809655959,0.9676240345,0.9550838117,0.9434361932,0.9327893512,0.9231974718,0.9147208387,0.9074466405,0.9013520223,0.8964409184,0.8926940069,0.8901202817,0.8886213436,0.888139522,0.8886056158,0.8899180736,0.8919870689,0.8947123941,0.8979937562,0.901689056,0.9057291435,0.9100261128,0.9144952639,0.9189634632,0.9234404799,0.9278640392,0.9321828375,0.9362426891,0.9401208992,0.9437996516,0.947270712,0.9504237951,0.9533905273,0.9561979776,0.9588833861,0.9613929782,0.9638921131,0.9664427659,0.9691130034,0.9719195074,0.9750154358,0.9784832634,0.9824057429,0.9868364826,0.9918929126,0.9976421089,1.00414284,1.011462236,1.019633747,1.028684076,1.03862727,1.049475401,1.061193874,1.073744527,1.087073162,1.101135632,1.115826557,1.131061646,1.146752849,1.162747866,1.178967281,1.195292807,1.21159339,1.227710625,1.243555691,1.259029852,1.274069408,1.288365946,1.302027338,1.314958935,1.326997082,1.338132541,1.348265572,1.35740098,1.36577316,1.372616273,1.378594149,1.383504557,1.386215806,1.363681279,1.325035817,1.272231784,1.205073947,1.125530396,1.03671644,0.9406540915,0.8395898386,0.7356694724,0.6315904609,0.5292865932,0.4340281596,0.3879734669,0.3448583914,0.3079554818,0.2806179249,0.2648113123,0.2599284938,0.2693493349,0.3091698001,0.3490521454,0.3670258443,0.3918367115,0.4094256948,0.4295519733,0.4468532908,0.4646674717,0.4817043512,0.498196568,0.5149081269,0.5305221939,0.546779349,0.5616694748,0.5772948271,0.5914456919,0.6062341319,0.619499347,0.6330050534,0.6454000139,0.6575580717,0.6688125768,0.679524393,0.689422863,0.6985938235,0.7069783396,0.7145384584,0.7213110757,0.7272288154,0.7323525116,0.7366433021,0.7401411568,0.742871742,0.74476344,0.7459885847,0.7465080481,0.7464575877,0.7458013553,0.7446775103,0.7430789323,0.7411179935,0.7388391186,0.736299648,0.7336213145,0.7307709656,0.7279816134,0.7250830014,0.7224669599,0.7197631836,0.7175865346,0.7153836453,0.7137991792,0.7123064627,0.7114686723,0.7108487798,0.7108586273,0.7112349097,0.7121369311,0.7135981337,0.7153806001,0.717990393
5.5,1.029021952,1.012824105,0.9969513605,0.9816005865,0.9669127649,0.953012866,0.9400439671,0.9280989121,0.9172790501,0.9077080792,0.8994073646,0.8924123643,0.8867325892,0.8824381501,0.8794282371,0.8776702129,0.8771143588,0.8776797188,0.8792693319,0.8817764832,0.8850906522,0.8890885174,0.89365528,0.8986906164,0.9040943748,0.9096734571,0.9154115778,0.921220441,0.9270235866,0.9326519582,0.9381499041,0.9434820796,0.9486226834,0.9534259244,0.9580186602,0.9624087645,0.9666163107,0.9705619947,0.9744082991,0.9782088897,0.9820243643,0.9858390945,0.9898246982,0.9940581667,0.9986190729,1.003543636,1.008968768,1.014966472,1.021601344,1.028927326,1.037006915,1.045874544,1.05555331,1.066054416,1.077366384,1.089461696,1.10229568,1.115826354,1.129965526,1.144636049,1.159757074,1.175178037,1.190829479,1.206596567,1.222349563,1.237937007,1.253268729,1.268248753,1.28281868,1.296666868,1.309908815,1.322449897,1.334121452,1.344939686,1.354787632,1.363678786,1.371869706,1.378574578,1.384492039,1.389418158,1.392198639,1.368661132,1.327984519,1.272408555,1.201762387,1.11823275,1.025172774,0.9247892692,0.8195287124,0.7117771561,0.6044600997,0.4997985667,0.4037291706,0.3590780631,0.3186843929,0.2859276387,0.264533007,0.2559336939,0.2576619446,0.2726598881,0.3167763842,0.3586374521,0.3751795363,0.3990682842,0.4148281999,0.4333529195,0.4487281744,0.4647100917,0.4798721735,0.4945049401,0.5094767749,0.5233173023,0.5380134012,0.5512776672,0.5655356742,0.578235644,0.591845693,0.60384705,0.6163176207,0.6276507286,0.6389017828,0.6492644697,0.6591864556,0.6683351123,0.6768222472,0.6845775981,0.6915522826,0.6978033487,0.7032323238,0.707938064,0.711842144,0.7150305445,0.7174892051,0.7191979825,0.7202954618,0.720773198,0.7207573077,0.7202275849,0.7193251546,0.7180497089,0.7165219883,0.7147897287,0.7129171635,0.711031036,0.7090964928,0.7073589995,0.7056302309,0.7043288311,0.7030412859,0.7024385746,0.7018906871,0.7020953427,0.7024560918,0.7035803775,0.7049693126,0.7070620263,0.7095525123,0.7126001728,0.7162287933,0.7201601487,0.7249410628
5.6,1.051757799,1.034273314,1.016882651,0.9997952563,0.983169883,0.9671470391,0.9519112634,0.937588714,0.92431811,0.9122569478,0.9014766089,0.892050892,0.8840265618,0.8775346664,0.8724925579,0.8689021581,0.8667437729,0.865969875,0.8664872007,0.8681935627,0.8709773937,0.8747398896,0.8793282098,0.8846327662,0.8905402809,0.8968426322,0.9034952692,0.9103844174,0.9174081724,0.924383013,0.9313177228,0.9381576719,0.9448578502,0.9512379375,0.9574159426,0.9633793041,0.9691295809,0.9745619533,0.9798330766,0.9849867496,0.9900746074,0.9950486364,1.000095632,1.005285338,1.010692213,1.01633378,1.022363092,1.028854585,1.035876114,1.043466082,1.051712771,1.060655652,1.070324294,1.080726506,1.091871666,1.103741029,1.116297877,1.129500794,1.143278238,1.157559714,1.172271515,1.18726451,1.202480193,1.217807896,1.233119941,1.248273118,1.26317696,1.277739576,1.291909415,1.305372345,1.318253245,1.330458363,1.341814327,1.352365101,1.36197539,1.370667976,1.378722705,1.385330098,1.391224937,1.396198621,1.399063052,1.374618868,1.331993635,1.273707714,1.199618897,1.112142318,1.014884396,0.9102541164,0.8009223248,0.689551812,0.5793569195,0.4729626573,0.3772007389,0.3348044363,0.2983180584,0.2710741232,0.2567843635,0.2558284031,0.2637335056,0.2830980892,0.3294779293,0.372211028,0.3869053098,0.4093168498,0.4228198055,0.4392685414,0.452265521,0.4659532962,0.4787792034,0.4910976787,0.5038821736,0.5155141725,0.5282370757,0.5394764562,0.5520065804,0.5629054898,0.5750374826,0.5854848412,0.5966823378,0.6067282334,0.6168916757,0.6261997024,0.6352055244,0.6434997866,0.6512272119,0.6583025127,0.664662751,0.6703912691,0.6753467067,0.6796808937,0.6832562804,0.6862278737,0.6885150357,0.6901807456,0.6912985487,0.6919166188,0.6921296118,0.6919503637,0.6915088645,0.6908204449,0.6900074114,0.6891208913,0.688232216,0.687464304,0.6867877515,0.6864426001,0.6862367593,0.6865887572,0.687063928,0.6883530071,0.6897756434,0.6920504843,0.6945308591,0.6978448671,0.7014447811,0.7057826817,0.7105162976,0.7158009407,0.7216497394,0.7277512877,0.7346827778
5.7,1.077396683,1.059091571,1.040618444,1.022188794,1.003971085,0.9861073921,0.9688213172,0.9522660504,0.9366110646,0.922036193,0.9086672825,0.8966168213,0.8859720209,0.8769208487,0.8694158945,0.8635019881,0.8591994578,0.8565045102,0.8553424426,0.8556282209,0.8572607049,0.8601728972,0.864185448,0.8691853309,0.8750507558,0.8815640553,0.8886532454,0.8961807297,0.9040197498,0.9119728494,0.9200119254,0.9280617937,0.9360570597,0.9437835822,0.9513475643,0.9587150953,0.9658683092,0.9726775158,0.979291329,0.9857429615,0.9920744884,0.9982066837,1.004339197,1.010533869,1.016859241,1.023315186,1.030067885,1.037192986,1.04476017,1.05279238,1.061400026,1.070625594,1.080503031,1.091036056,1.102251052,1.114135909,1.126659782,1.139780983,1.153441609,1.167576304,1.18211731,1.196916271,1.211924247,1.22703409,1.242119611,1.257046171,1.271722203,1.286060006,1.300015258,1.313270393,1.325960508,1.337992412,1.349187251,1.35961672,1.369125851,1.377746177,1.385780537,1.392388933,1.398343276,1.403425335,1.406396583,1.381137483,1.336689602,1.275822911,1.198429001,1.107152948,1.00586559,0.8971943534,0.7840606024,0.6694456936,0.5569319675,0.449706583,0.3557808062,0.3166502739,0.2853661398,0.2648846014,0.2583268489,0.2646606622,0.2777420042,0.3001106052,0.3470542739,0.3897973874,0.4023890656,0.4229311905,0.4338742437,0.4478831776,0.4581329102,0.4691288875,0.4791995829,0.4887718491,0.498930084,0.5079092333,0.5182336018,0.5270197118,0.5374394757,0.546150524,0.5564858405,0.5650578111,0.5747344912,0.5832523364,0.5921509522,0.6002457288,0.6082286314,0.6155891924,0.6225175935,0.6289077752,0.6346774622,0.6399472495,0.6445119417,0.6486025338,0.651987116,0.654930145,0.657235424,0.6591034547,0.6604865588,0.6615355109,0.6622723262,0.6627736332,0.6631309265,0.6633905383,0.6636624939,0.6640010013,0.6644841905,0.665214938,0.6661828601,0.667590512,0.6692701293,0.671592525,0.6741454755,0.6775756987,0.681205542,0.6857205557,0.6904634931,0.696045797,0.7018979752,0.7084646808,0.7153817335,0.7227969919,0.7307136538,0.7388011,0.747652129
5.8,1.105365546,1.086730349,1.067652031,1.048332081,1.028939886,1.009611287,0.9906003459,0.9720820658,0.9542493496,0.9372873445,0.9213797546,0.9066724735,0.8932910151,0.8814730329,0.8712170317,0.8626161693,0.8557381687,0.8506289271,0.8472485405,0.8455413776,0.8454289279,0.8468845597,0.8497162418,0.8538156428,0.8590591869,0.8652253012,0.8722183046,0.8798792157,0.8880575923,0.8965425095,0.9052684031,0.9141385487,0.9230660608,0.9318025118,0.9404404661,0.9489236744,0.9572138732,0.9651569537,0.9728920667,0.9804416893,0.9878384133,0.9949731554,1.002057725,1.009146332,1.016301916,1.023509476,1.030946536,1.038690303,1.046812459,1.05532278,1.064351221,1.0739426,1.084134351,1.094928113,1.106362956,1.118432047,1.131108859,1.144352235,1.158113488,1.172330574,1.186939963,1.201794296,1.216850324,1.232002879,1.247125679,1.262092532,1.276807777,1.29118664,1.305190992,1.318497882,1.331251364,1.343357185,1.354628967,1.365163408,1.374783893,1.383528454,1.391720569,1.398480212,1.404615804,1.409892483,1.41299968,1.387051617,1.341000234,1.277807898,1.197405641,1.102660093,0.997710968,0.8854177413,0.7689787131,0.6517391174,0.5377442993,0.4309339078,0.3407815333,0.3059963873,0.2810683777,0.2680844608,0.2690509626,0.2816016577,0.2985821723,0.3227281782,0.369062178,0.4112616506,0.4216956334,0.4401914693,0.4484559454,0.4598379009,0.4671248831,0.4751664323,0.4821738967,0.4886550555,0.4958133432,0.5017342369,0.5092601232,0.5151632655,0.523088379,0.5291966636,0.5374027532,0.5437398621,0.5516317293,0.5583498129,0.5657962106,0.5725043708,0.5793601625,0.5857138357,0.591822606,0.5975512178,0.6027898758,0.6077152228,0.6120233779,0.6160684872,0.6194646777,0.6226537892,0.6252404247,0.6276527449,0.6296268678,0.6314936666,0.6331312703,0.6347317321,0.6363004596,0.6379405484,0.6397256552,0.6417128532,0.6439868317,0.6466044232,0.6495984949,0.6530830804,0.6569641373,0.6614900013,0.6663459577,0.6720363745,0.6779759813,0.6847361911,0.6917154817,0.6994552484,0.7074086057,0.7159856645,0.7248232985,0.7340593824,0.7436887942,0.7533823566,0.7637281678
5.9,1.135091345,1.116639523,1.097463847,1.077743766,1.057641265,1.037282758,1.016941932,0.9968123046,0.9771037854,0.9579875019,0.9397087545,0.9224384392,0.9063348433,0.8916759361,0.8785113452,0.8669847926,0.8572155149,0.8493008612,0.8432512146,0.8390512872,0.836657326,0.8360924117,0.8371671833,0.8397880464,0.8438381589,0.8490988747,0.855456277,0.8627332908,0.8707574051,0.8793046474,0.8882713756,0.8975380438,0.9069947518,0.9163567147,0.9257012633,0.9349480625,0.9440368669,0.952788526,0.9613315722,0.9696775499,0.9778497827,0.9857098172,0.9934824864,1.001215148,1.008966147,1.016709304,1.024633214,1.032818484,1.041340635,1.050200208,1.059546165,1.069426613,1.079883254,1.090920675,1.102586897,1.114880572,1.127779319,1.141245723,1.155235555,1.169688735,1.184544484,1.199658756,1.21498799,1.230427181,1.245847924,1.261132769,1.276176677,1.290895375,1.305254544,1.318923599,1.332051485,1.344539781,1.356191143,1.367122007,1.377130652,1.386257316,1.394841204,1.401950079,1.408425719,1.414007161,1.41728475,1.39086803,1.343591995,1.278525334,1.195643886,1.098015316,0.990043551,0.8748286948,0.7558691953,0.6369164286,0.5225757968,0.4177189246,0.3334187055,0.3038392942,0.2858410908,0.2801893367,0.2876201633,0.3049055708,0.3245191586,0.3495019669,0.394613016,0.4360274453,0.4444665025,0.4609873074,0.4666876195,0.4754934695,0.4798292099,0.4848702892,0.4887042021,0.4919249535,0.4958599997,0.4984366661,0.5028600843,0.5055095162,0.5106024361,0.5136990061,0.5194553797,0.523168955,0.5290017882,0.5336088353,0.5393969588,0.5445116637,0.5501214005,0.5553787172,0.5606443155,0.5657416698,0.5705213438,0.5752479014,0.579461756,0.5837137044,0.5873645434,0.5911469896,0.5943259982,0.5977064039,0.6006501144,0.6037973533,0.6067628131,0.6099399528,0.6131689495,0.6166529874,0.620390509,0.6244429792,0.6289032695,0.6337434678,0.6390819061,0.6448674769,0.6511622342,0.6579804477,0.6652260669,0.6731168686,0.6812999271,0.6901150596,0.6991180474,0.7087048028,0.7184166389,0.7285919282,0.7389004063,0.7494670062,0.7602786065,0.7710351263,0.7822906546
6,1.165903389,1.148196069,1.129478186,1.109895643,1.089595385,1.068693055,1.047471808,1.026142061,1.004925686,0.9839599603,0.9635570745,0.9439037354,0.9251842852,0.9077061645,0.8915727643,0.8769781151,0.8640942534,0.8530687541,0.8439761064,0.8368509934,0.8316963427,0.8285949259,0.8273769575,0.8279753826,0.8302904874,0.8341163996,0.8393270711,0.8457318522,0.8531385093,0.8613107796,0.8701054768,0.8793779916,0.8889927237,0.8986255162,0.9083349082,0.918013424,0.9275759436,0.9368157314,0.9458487323,0.9546742875,0.9633058087,0.9715744884,0.9797192977,0.9877813327,0.9958153264,1.003787284,1.011897869,1.020233841,1.02887755,1.037825123,1.047246283,1.057195082,1.067720064,1.078836446,1.090599129,1.103014542,1.116066291,1.129726593,1.1439519,1.158683986,1.173864363,1.189357459,1.205112155,1.221022248,1.236955381,1.252804204,1.268447261,1.283797526,1.298821051,1.313177807,1.327014519,1.340224252,1.352593909,1.364252373,1.374967535,1.384775515,1.394023966,1.401714037,1.408715068,1.414728391,1.4182141,1.391663012,1.343704107,1.277402443,1.192782059,1.093078941,0.982946232,0.865724558,0.7452253881,0.6256309042,0.5121723629,0.4107374016,0.3338218157,0.3096791845,0.2982597408,0.2988739361,0.3112414468,0.3318013152,0.3530364253,0.3782927161,0.4221294043,0.4628251811,0.4696414348,0.4845193308,0.4880252958,0.4945870798,0.4962689828,0.498557737,0.4993991321,0.4994734892,0.5002297318,0.4994196484,0.5006557187,0.4998605515,0.501941158,0.5017227785,0.504806666,0.5055460092,0.5090901204,0.5112698788,0.5152002855,0.5184885634,0.5227188187,0.5267611872,0.5311375933,0.5356137551,0.5399837635,0.5446512069,0.548912413,0.5536316223,0.5577595401,0.5625002027,0.566556142,0.5713439611,0.5756031791,0.5804884035,0.5851633895,0.5903594389,0.5956298328,0.6013479887,0.6073803929,0.6137997149,0.6207140775,0.6279581191,0.6358044894,0.6439293276,0.6526780813,0.6616734454,0.671218935,0.6810446117,0.6912314954,0.7017232225,0.7123767953,0.7233376466,0.7343246625,0.745552603,0.756764001,0.7680655521,0.779432116,0.7906278758,0.8021301187
6.1,1.196921838,1.180624746,1.163021447,1.144211833,1.124319476,1.103448917,1.081882172,1.059846437,1.037571758,1.015139168,0.9929365784,0.9711566965,0.9500024829,0.9297989146,0.9107046707,0.8929625399,0.8767965454,0.8623998965,0.8499247515,0.8394642418,0.8310800915,0.824925916,0.82087126,0.8188903865,0.8189143877,0.820765883,0.8243142407,0.8293626728,0.835703776,0.8430919137,0.8513419461,0.86028105,0.8697438523,0.8793646376,0.8891751087,0.8990359275,0.9088322297,0.9183253002,0.9276137774,0.9366812678,0.9455285445,0.9539540373,0.9622096746,0.9703296409,0.9783649696,0.9862753729,0.9942747148,1.002458267,1.01091819,1.019650872,1.028849931,1.038579199,1.048898077,1.059841404,1.071471376,1.083806494,1.096840305,1.110562999,1.124929907,1.139886398,1.155377479,1.171283731,1.187539564,1.204037123,1.220638943,1.237250516,1.253725906,1.269971793,1.285950578,1.301311376,1.316189409,1.33046387,1.343900066,1.356630713,1.368386451,1.379191513,1.389393146,1.397910109,1.405632013,1.412209897,1.41594156,1.389667169,1.341658036,1.274853524,1.189325339,1.088435059,0.9770596124,0.8587669815,0.7376743817,0.6183831154,0.506744432,0.4095775068,0.3403195285,0.3210533917,0.3150747065,0.320452133,0.3362863857,0.3590127226,0.3812500267,0.4066256977,0.449665538,0.4899980401,0.4957359281,0.5095429915,0.5114563426,0.5163812058,0.5159956275,0.516096656,0.514458274,0.5118436626,0.509813885,0.5059156899,0.504210918,0.5000824126,0.4992531138,0.4956467318,0.4960490046,0.4936036581,0.4947618086,0.494259412,0.4961904165,0.4974201792,0.5001357285,0.5028070065,0.5062032458,0.5100107729,0.5139448296,0.5186267123,0.5229772627,0.5283533652,0.5330580152,0.539044326,0.5441127796,0.5506520768,0.5564043318,0.5633543598,0.5699334219,0.5774216512,0.5849070822,0.593044507,0.6014901953,0.6103452304,0.6197505054,0.629333134,0.6396274512,0.6498865924,0.6609290629,0.6717629704,0.6833543825,0.6946626915,0.7064878844,0.7181417725,0.7299849266,0.7417608018,0.753487939,0.7651812324,0.77670639,0.7881417411,0.7994379068,0.8104703095,0.8215737059
6.2,1.226950991,1.212852036,1.197145216,1.179868525,1.161110937,1.140969966,1.119710385,1.097578406,1.074810288,1.051401558,1.027831101,1.004285249,0.9809759303,0.9582344521,0.9362724247,0.9153792138,0.895828138,0.8778457072,0.8616771893,0.8474792547,0.8353830544,0.8256255469,0.8181375832,0.8129540942,0.810055917,0.8093173702,0.8106162549,0.8137627031,0.8185437214,0.8247134705,0.8320426433,0.840328026,0.8493702157,0.8587630185,0.8684978088,0.8783970777,0.8883095524,0.8979592728,0.9074183607,0.9166481521,0.9256310767,0.934129716,0.9424025769,0.9504740389,0.9583891451,0.9660996145,0.9738318373,0.9816897232,0.989776386,0.9980914245,1.006854756,1.016143673,1.026032597,1.036583496,1.047868959,1.059924842,1.072759856,1.086391385,1.100774539,1.115861999,1.131605321,1.147909569,1.164690431,1.181839079,1.199212713,1.216733204,1.234222744,1.25157864,1.268755905,1.285390991,1.301598687,1.317238666,1.332048522,1.346156422,1.359248565,1.371329818,1.38273875,1.392296819,1.400908133,1.408162639,1.412170676,1.386536405,1.339014297,1.27231108,1.18654085,1.085146611,0.9731977745,0.8544631661,0.7333343169,0.6147786071,0.5051819105,0.4120780534,0.3493500232,0.3339251981,0.3320409062,0.3408542527,0.3591513963,0.3834689558,0.4065321694,0.4322590892,0.4754053017,0.515964655,0.5212618998,0.5347312486,0.5357968066,0.5398814916,0.5382191548,0.5369375698,0.5336003171,0.5290500181,0.5249495316,0.5186006784,0.5145545488,0.5075557479,0.5042665778,0.4975213753,0.4955367991,0.4899446128,0.4888429894,0.4855575326,0.4854742794,0.4844698618,0.4855643807,0.4866799927,0.4889458522,0.4919431887,0.4952812021,0.4999089537,0.5041944826,0.5102394246,0.5153702484,0.5226837825,0.5286026763,0.5370017899,0.54410091,0.5531695854,0.5615132653,0.5712675748,0.5808099677,0.5912417453,0.6019061928,0.6129642577,0.6246216166,0.636204215,0.6486652903,0.6606252281,0.6736470925,0.6858080315,0.6991107099,0.7113426003,0.7244231113,0.7366909634,0.7492966225,0.7613591994,0.7733677419,0.7850230896,0.7963809231,0.8074737801,0.8182032699,0.8286231032,0.8388224457
6.3,1.254586588,1.243552729,1.23061738,1.215734707,1.198942831,1.180347951,1.160168652,1.138676916,1.116116899,1.092358463,1.067996574,1.04319383,1.018157156,0.9932184233,0.968629753,0.944725167,0.9218228374,0.9001555911,0.8800806023,0.861814492,0.8455616382,0.8316546022,0.820103817,0.8110280657,0.8044823198,0.8004200357,0.7987523822,0.7993171987,0.8019138228,0.8063176831,0.8122559051,0.8194980443,0.8278096695,0.8367504262,0.8462550164,0.8561008397,0.866092582,0.8759135103,0.8855943885,0.8950654084,0.9042822458,0.91296867,0.9213771738,0.929516619,0.9374209442,0.9450290056,0.9525750928,0.9601684415,0.9679208018,0.9758345947,0.984155412,0.9929755892,1.002387092,1.01248157,1.023346969,1.035040819,1.0475917,1.061051559,1.075378793,1.090538373,1.106492896,1.123177617,1.140490416,1.158323031,1.17652784,1.195046436,1.213664378,1.232267858,1.250802181,1.268887811,1.286614067,1.303816231,1.320198892,1.335879848,1.350495131,1.364025453,1.376795716,1.387519293,1.397113964,1.405102952,1.409400439,1.384571603,1.337769435,1.271409629,1.185640416,1.083953956,0.9715841993,0.8524687028,0.7312279697,0.6131240332,0.50496126,0.4147826636,0.3567142644,0.3441872287,0.3454311795,0.3569295858,0.3773097026,0.4031788375,0.4272695413,0.4538464689,0.4982097304,0.5397089971,0.5451904599,0.5590827878,0.5600531009,0.5641282002,0.5620261802,0.5602375249,0.5560808353,0.5504744927,0.5451771202,0.5372069147,0.5316343917,0.5224799964,0.5174349853,0.5080862667,0.5042685534,0.4958406566,0.492830473,0.4868713305,0.4849150932,0.4816153714,0.4810432666,0.4804257266,0.4813670758,0.4833194115,0.485757793,0.4900873535,0.4939238168,0.5004133801,0.5055208988,0.5139676327,0.520225153,0.5302926801,0.538225136,0.5491513433,0.5587637388,0.5704481154,0.5815664103,0.5938831743,0.6063028638,0.6190902288,0.6325620762,0.6456213584,0.6598495556,0.6729550528,0.6876072061,0.7005250843,0.7152505899,0.7278543664,0.7419149427,0.7543256073,0.767418441,0.7793758273,0.7913921615,0.8026912061,0.8136086334,0.8241052575,0.8339929099,0.8436004583,0.8526160807
6.4,1.278389881,1.271267858,1.261982876,1.250375934,1.236411958,1.220240404,1.201985987,1.181960164,1.160422552,1.137065051,1.112636241,1.087251702,1.061094102,1.0345027,1.007741753,0.9811905869,0.9552078025,0.9299864805,0.9060191027,0.8835646787,0.8628910341,0.8444357898,0.8282917899,0.8146834926,0.8037651781,0.7955899697,0.7901433256,0.7873175508,0.7869514102,0.7888810437,0.7927962867,0.7984540987,0.8055927102,0.8137496313,0.8227906418,0.8324420784,0.8424573312,0.8524808101,0.862481223,0.8723484182,0.8820017745,0.8911231931,0.899942359,0.9084441712,0.9166437032,0.9244604677,0.9321270057,0.9397513457,0.9474479006,0.9552169916,0.9633255438,0.9718789164,0.9809859028,0.9907633885,1.001319713,1.01273568,1.025061975,1.03838761,1.052679765,1.06792051,1.084088395,1.101149096,1.118990007,1.137505383,1.156543769,1.176068687,1.195828566,1.215698918,1.235615463,1.255177419,1.274450463,1.293242529,1.31122197,1.32849518,1.344645257,1.359628633,1.373756778,1.385631413,1.396189802,1.404890254,1.409464886,1.385321977,1.339058403,1.272813297,1.186762314,1.084439126,0.9712280318,0.8512110308,0.72919905,0.6106971377,0.5028499231,0.4141406243,0.3590866879,0.3490484903,0.3531472871,0.367262764,0.3899074457,0.4176787109,0.4432064494,0.4711947332,0.5177908251,0.5609072165,0.5670841999,0.5820340062,0.5835372257,0.5882934386,0.5864693085,0.5849239266,0.5807263863,0.5748572315,0.5691681277,0.560380785,0.5540710182,0.5435291473,0.5374517715,0.5261714827,0.5211275091,0.5103703935,0.5058876139,0.4975567553,0.4939605693,0.4884497955,0.4862279933,0.4837635097,0.4831925061,0.483832511,0.4850067015,0.4886713331,0.491550926,0.4980686542,0.502532099,0.511683841,0.5175702464,0.5288704416,0.5369153892,0.5492153272,0.5594082078,0.5725025512,0.5845602517,0.598219612,0.6118276643,0.6257953895,0.6406009631,0.6545971183,0.6702116351,0.6839454982,0.6999567687,0.713146699,0.7291379297,0.7416890684,0.7566277275,0.7688747399,0.7823813152,0.7940376314,0.8060099291,0.8168561153,0.8272939377,0.8371831569,0.8461927938,0.8550467732,0.8628368248
6.5,1.297104969,1.294594132,1.289717942,1.282168541,1.271809934,1.258890461,1.243374205,1.225633396,1.205957606,1.183799178,1.160109788,1.134930027,1.108395028,1.080876316,1.052604956,1.024011789,0.9954951445,0.9671465455,0.9396233626,0.9131957937,0.8881698395,0.865094934,0.8441232739,0.8255981521,0.80979048,0.7968501973,0.7868895573,0.7798792061,0.775727608,0.7743893395,0.7755285004,0.7789203669,0.784297463,0.7911909611,0.7993996229,0.8085952924,0.8184747885,0.8286549431,0.8390162966,0.8494017627,0.8596861842,0.8695041162,0.8790465737,0.8882634936,0.8971411171,0.9055744703,0.9137793932,0.9218549568,0.9299102215,0.9379330412,0.9462060532,0.9548416084,0.9639609138,0.9736957692,0.9841781177,0.9955106981,1.007765434,1.021064165,1.035390034,1.050745485,1.067129347,1.084532028,1.102843319,1.12196225,1.141734933,1.162147843,1.182916534,1.203908839,1.225054055,1.245923924,1.266569696,1.286771567,1.306161189,1.324838569,1.342333902,1.35858427,1.373893183,1.386755284,1.39813834,1.407444338,1.412258117,1.388442592,1.342197112,1.27547083,1.188466253,1.084780018,0.9699513871,0.8482004044,0.7245129082,0.6046299436,0.4960325607,0.4077395847,0.3550270621,0.3477702624,0.3551523549,0.3723614761,0.3977821972,0.4279374607,0.4552823396,0.4850686407,0.5345196887,0.5797264839,0.5869329764,0.6033262193,0.6057844014,0.6116470096,0.6105922117,0.6097776232,0.6060791808,0.6005017502,0.594983961,0.5859941796,0.579501281,0.5682273745,0.5616227777,0.5490732812,0.5432122693,0.5307263957,0.5250803563,0.5148149919,0.5097675127,0.5022750439,0.498441008,0.4941327975,0.4919240807,0.4910419547,0.4906732395,0.4932892973,0.4948053689,0.5008466537,0.5041643612,0.5134496389,0.5184016551,0.5303429352,0.5379078275,0.5510039023,0.5611953617,0.5751543541,0.5876123251,0.6021161886,0.6164412025,0.6311500108,0.6469041568,0.6614644025,0.6781787459,0.6922379415,0.7094272428,0.7226546228,0.7398374992,0.7521763061,0.7679984837,0.7800142421,0.7939963577,0.805368939,0.817401426,0.8278877131,0.8379775441,0.8474172069,0.85569284,0.8640043905,0.87071152
6.6,1.309506711,1.312079498,1.312169219,1.309278436,1.303137832,1.294169664,1.28209345,1.267370111,1.250340173,1.230147982,1.208007737,1.183853518,1.15774673,1.130135495,1.101157175,1.071307855,1.041031812,1.010248168,0.9798177261,0.949982746,0.9210515495,0.8936953863,0.8680759839,0.8446583583,0.8238349146,0.8058145025,0.7908907775,0.7791208774,0.770504202,0.7651828817,0.7628055533,0.7632130528,0.7661702909,0.7712176957,0.7781128986,0.7864737568,0.7959385109,0.8061216141,0.8167836347,0.8277196818,0.8387554995,0.8494664461,0.8599957738,0.8702441053,0.8801562995,0.8896023247,0.8987597912,0.9077122534,0.9165554514,0.9252473147,0.9340835197,0.943173327,0.952642505,0.9626251371,0.973276478,0.9847184131,0.9970411957,1.010388056,1.024767999,1.040205013,1.056721613,1.074323771,1.092920022,1.112417445,1.132661982,1.153663883,1.175114511,1.196879527,1.218888147,1.240679396,1.262304923,1.283519415,1.30391994,1.323611524,1.342072585,1.359229776,1.375387921,1.388946151,1.400915718,1.410654993,1.415649531,1.391702385,1.344808732,1.276866557,1.18811275,1.082252902,0.9650019201,0.8407303705,0.7146091203,0.5926540597,0.4827526052,0.3946918553,0.344948969,0.3414098072,0.3530041833,0.3740391115,0.4027618902,0.4356260063,0.4649172179,0.4965340744,0.5488915043,0.5963492599,0.6047357127,0.6226845623,0.6263118754,0.6334335502,0.6334106951,0.6335463772,0.6306394952,0.6256570646,0.6206103576,0.6118168417,0.6054199894,0.5939133803,0.5870052301,0.5737826027,0.567229839,0.5536524904,0.5469334223,0.5352602302,0.528830438,0.5197145127,0.5142943511,0.5082867386,0.5044103971,0.5019150474,0.4999193116,0.5011679728,0.5011998894,0.5062509586,0.508294542,0.5170519119,0.5209659814,0.5328292945,0.5397502115,0.5530230899,0.5629879334,0.5773127665,0.5899165824,0.6048989195,0.6196811087,0.6349023931,0.6513564505,0.6663876149,0.6839746585,0.6983937371,0.7165612751,0.7299758467,0.7481805105,0.7605343206,0.7771698421,0.7891767461,0.8036686077,0.8149724817,0.827183901,0.8375159502,0.8474405733,0.8566258042,0.8643939014,0.8723474209,0.8782224175
6.7,1.314713572,1.322561277,1.32791161,1.33003534,1.328495115,1.323973599,1.315852112,1.30471146,1.290968115,1.273388116,1.253511792,1.231133782,1.206214154,1.179336586,1.150474421,1.120209048,1.089043791,1.056653582,1.024149257,0.9917055448,0.9595950226,0.9286301415,0.8989158755,0.8710369847,0.8455034209,0.8225132323,0.8025903213,0.785862911,0.7724216854,0.7626631699,0.7562184965,0.7530494115,0.7530036465,0.7556388868,0.7607265124,0.7678348579,0.7765450479,0.7865118135,0.7973382498,0.808779318,0.8206133299,0.8323339532,0.8440404629,0.8555655585,0.8667968756,0.8775870842,0.888045567,0.8982374119,0.9082394756,0.9179533649,0.9276926634,0.9375492865,0.9476424435,0.9580990116,0.9690910134,0.9807575777,0.9932041733,1.006576839,1.020924582,1.036291389,1.052725542,1.070240432,1.088779291,1.108262616,1.128539999,1.149646867,1.171262841,1.193258794,1.215572991,1.237709695,1.25973825,1.281392474,1.302238733,1.322404338,1.341315923,1.358900877,1.375476539,1.389362001,1.401623914,1.411590177,1.416697485,1.392216065,1.344070325,1.274267968,1.183095011,1.074426823,0.9541847832,0.8269172205,0.6980114615,0.5738342901,0.4628138373,0.3758456829,0.3309910352,0.3324959194,0.3493483807,0.3747983978,0.4070208639,0.4425080573,0.4734755473,0.5065223926,0.5612265885,0.6107393471,0.6202828908,0.6396794913,0.644505161,0.652845334,0.6539273252,0.6550469344,0.6530356636,0.6487686854,0.6443114179,0.6359363986,0.6297460837,0.6183461693,0.6112079755,0.5977822647,0.5905365211,0.5764361749,0.5686478945,0.5560894548,0.5483165456,0.5379988941,0.5310609489,0.5236188871,0.5181694388,0.5141230742,0.5106269081,0.5103419313,0.5090660556,0.5127312466,0.5137543903,0.5213791454,0.5246176608,0.5356937749,0.5422574539,0.5551430024,0.565043002,0.5793414778,0.5921462128,0.6074008786,0.622602162,0.6383186678,0.6553502276,0.6710176594,0.6892759803,0.7043895854,0.7232581836,0.7373454251,0.7562216759,0.7691465647,0.7863467338,0.7987839738,0.8136793248,0.8252377326,0.8376435808,0.8480327154,0.8579081506,0.8669457716,0.874401561,0.8820101538,0.8873064544
6.8,1.312077415,1.325102898,1.335736356,1.342975918,1.346180828,1.346385041,1.342534071,1.335359856,1.325381139,1.310916581,1.293895223,1.273938718,1.250877083,1.225496592,1.197530182,1.167667685,1.13648864,1.103354101,1.069675943,1.035524311,1.001100397,0.9673871223,0.9343614147,0.9027274128,0.8731072473,0.8456004393,0.8210046976,0.7994841228,0.7811985624,0.7668539252,0.7560427188,0.7489009613,0.7454145864,0.7451519188,0.7479813464,0.7534291344,0.7610235995,0.7705232124,0.7813295637,0.7931760999,0.8058041608,0.8185887464,0.8316070754,0.8445996143,0.8573761459,0.8697932493,0.8818492384,0.893593602,0.905083193,0.9161250687,0.9270672182,0.9379644674,0.9489140313,0.960035157,0.9714988469,0.9834624038,0.9960445372,1.00936668,1.023537701,1.038615498,1.054673576,1.071729326,1.089771454,1.108742096,1.128500079,1.149107106,1.170247416,1.191805328,1.213739674,1.235522364,1.257258289,1.278667527,1.299290896,1.319300672,1.338069567,1.355538287,1.372049274,1.385857931,1.398096911,1.408074906,1.41322595,1.387944242,1.338101694,1.265980384,1.171936281,1.060084218,0.9365907873,0.806221947,0.6746328184,0.5486526667,0.4374533998,0.3534719624,0.3164794814,0.3243456188,0.3471421141,0.3770671751,0.4124031882,0.4498778789,0.4818087932,0.5154660264,0.5713981857,0.6224062739,0.6329405322,0.6535297318,0.6594473843,0.6688744559,0.6710156371,0.6730808487,0.6719777584,0.6684738205,0.6646702618,0.656849073,0.6509696842,0.6399066432,0.6326647178,0.6193711124,0.611553805,0.5973614366,0.5886532667,0.5756595972,0.5667315662,0.5556408576,0.5474067197,0.5388880086,0.5321181462,0.5267560504,0.5220476088,0.520297755,0.5180523178,0.5202062164,0.5206219389,0.5267866139,0.5298676922,0.5397015766,0.5463604983,0.5585020968,0.5686639106,0.5827118048,0.5959212456,0.6113771381,0.6270801704,0.6433820231,0.6609525012,0.6775052761,0.6962736342,0.71247987,0.7317639662,0.7470558217,0.7661930185,0.7802691119,0.797691597,0.8109806553,0.8260604691,0.8381354376,0.8506255622,0.8611777555,0.8709879511,0.8798359031,0.8870425397,0.8941289055,0.8989738195
6.9,1.301832178,1.319673432,1.335353073,1.34756383,1.355430287,1.360419063,1.360951954,1.357937851,1.352021148,1.341014602,1.327287452,1.310258039,1.289599574,1.266364573,1.239972767,1.211243501,1.180848798,1.147775338,1.113781624,1.078801441,1.042934722,1.007365042,0.9718774172,0.9372968735,0.9043532275,0.8729606499,0.844226543,0.8183073525,0.7953959212,0.7765426402,0.7612662682,0.7499186925,0.7426750411,0.7390918908,0.7392365667,0.7426036335,0.7486756472,0.757397421,0.7679214903,0.7799902179,0.7933289382,0.8071425423,0.821528832,0.8361061979,0.8505808449,0.8648528865,0.8787508344,0.892319451,0.905601236,0.9182581055,0.9307034255,0.9429290405,0.9549897141,0.9670129265,0.9791335739,0.9915326639,1.004342734,1.017622524,1.031566725,1.046233548,1.061715664,1.078039442,1.095236778,1.113282047,1.132049641,1.151624309,1.171715023,1.192225731,1.213147787,1.233927592,1.254721255,1.275244577,1.295018421,1.314285414,1.332360778,1.349211418,1.365218547,1.378586414,1.390524677,1.40033014,1.405468752,1.379263193,1.327445903,1.252720771,1.155538545,1.040325624,0.913540947,0.7802204395,0.6463602238,0.5194018448,0.4095399646,0.3312189643,0.3054276871,0.3203523865,0.3489270811,0.3826132993,0.4200354476,0.4583613147,0.4902009936,0.5233596064,0.5790096836,0.6306337982,0.6419009569,0.6633277836,0.6701613997,0.6805115659,0.683622254,0.6865945099,0.6864006961,0.6837175221,0.6806615632,0.6735322306,0.6681489,0.6576320192,0.6505562382,0.6376706256,0.6296230471,0.615682148,0.6064431838,0.5934183226,0.58375067,0.5723277057,0.5632220006,0.5540690182,0.5463964562,0.5401191673,0.5345980727,0.5316972019,0.5288618766,0.529694141,0.5298722893,0.5346191643,0.5379236161,0.546432734,0.5535070034,0.564811388,0.5754666717,0.589195236,0.6029530198,0.6185928223,0.6348534723,0.6517915841,0.6698676933,0.6874324941,0.7065852655,0.724086977,0.7435643126,0.7603352142,0.7794100154,0.7949313557,0.812271217,0.8265941311,0.8416117731,0.8542679674,0.8666491811,0.8773095048,0.8869097564,0.8953950529,0.9022512861,0.9085302611,0.9128607184
7,1.284854754,1.306948376,1.32722649,1.344060994,1.356321713,1.365961795,1.37081972,1.371994973,1.370272491,1.362925406,1.352789661,1.339059286,1.321231284,1.300669793,1.276426468,1.24946301,1.220552816,1.188269396,1.154743083,1.119748864,1.083265556,1.046691968,1.009578945,0.9728696697,0.9373927165,0.9028108727,0.8705572818,0.8407409316,0.8135497168,0.7903818667,0.7706499874,0.7549430107,0.7436623296,0.7363239966,0.7332972744,0.7340619366,0.7380675518,0.7455408645,0.7553436243,0.7672689401,0.7810590406,0.7956875407,0.8113354747,0.8274655443,0.8436500791,0.8598940714,0.8757798679,0.8913677814,0.906700203,0.9212312033,0.9354868895,0.9493637881,0.9628483498,0.9761152558,0.989205791,1.002336975,1.015660239,1.029121316,1.043034084,1.05743342,1.07241662,1.08803639,1.104343967,1.121358124,1.138974503,1.157286651,1.176052315,1.195194642,1.214746249,1.23413841,1.253587772,1.272817201,1.291332418,1.30946944,1.326483342,1.342378872,1.357590293,1.370275128,1.381733881,1.391253827,1.396350533,1.369173803,1.315198703,1.237663605,1.137140956,1.018438237,0.8883647168,0.7522931214,0.6166607662,0.4897144649,0.3830198423,0.3133600487,0.3014154848,0.3229836715,0.3561685223,0.3922265769,0.430265564,0.468017738,0.4985495018,0.5299720889,0.5836166189,0.6347319565,0.6464249638,0.6682493234,0.6758006426,0.6868860365,0.690878912,0.6947363383,0.6954802797,0.6937202321,0.6915599777,0.6853210136,0.6807031698,0.6710051414,0.6644848325,0.65233533,0.6445607254,0.6312504515,0.6220504541,0.6094426785,0.5996303978,0.5883770499,0.5789883774,0.569731009,0.5617046334,0.5550354605,0.5491790122,0.5456045494,0.5425601615,0.5424655118,0.5426786065,0.5462932715,0.5499898657,0.5573341507,0.5649075118,0.5754212063,0.586584558,0.5999599566,0.6142235325,0.629965915,0.6466956186,0.6641687269,0.6826231625,0.701099246,0.7204728638,0.7391835392,0.7586524539,0.7768385013,0.7956062156,0.8125202077,0.8295246351,0.8447969918,0.8595096693,0.8726212956,0.8846634969,0.8952561141,0.9044310281,0.9123209941,0.9186275846,0.923805698,0.9274393419
7.1,1.262469449,1.288184308,1.312504488,1.333500116,1.349792211,1.363809079,1.372813779,1.378084047,1.380539364,1.376936929,1.370550349,1.360352081,1.345664495,1.328158149,1.306514054,1.281828723,1.254966334,1.224102624,1.191713163,1.157413967,1.121065908,1.084249648,1.046293349,1.008238087,0.9709841679,0.9339353137,0.8988125321,0.8656582901,0.8346341729,0.8074268635,0.7833484992,0.7632094667,0.7476417076,0.7361152892,0.7293624105,0.726880532,0.7281130083,0.7336500928,0.742054627,0.7532161116,0.766935116,0.7819026597,0.7984521897,0.8158613566,0.8335385828,0.8516689651,0.869503804,0.8871459683,0.9046596781,0.9212219707,0.9375320628,0.9533551224,0.9685796257,0.98349065,0.9979577913,1.012254485,1.026563132,1.040655163,1.055006819,1.069596573,1.084502298,1.09983835,1.115623908,1.131936396,1.14869879,1.165979487,1.183616165,1.20153845,1.219819083,1.237891332,1.25602477,1.273962553,1.291199461,1.308172519,1.324082465,1.338976885,1.3533542,1.365321998,1.376284456,1.385518133,1.390583373,1.362381229,1.306084885,1.225522471,1.121414231,0.9990069789,0.8655261541,0.7267600853,0.5897129832,0.4636608666,0.3618940444,0.3034375506,0.3061871269,0.3329155596,0.3689218763,0.405720465,0.4428551441,0.4786390657,0.5067124137,0.5352215423,0.5851436404,0.6345320514,0.6463235407,0.6680419516,0.6761056002,0.6876994095,0.6924898206,0.6971988838,0.6989186506,0.6982000963,0.6970977372,0.6919889684,0.688422929,0.6798782118,0.6743219537,0.6633116373,0.6563362737,0.6441110455,0.6355566216,0.6238753556,0.6145620505,0.6040282482,0.5949971274,0.5862040408,0.5784165026,0.5719142979,0.5662203497,0.5624887116,0.5595949785,0.5590161462,0.5594541338,0.5622826297,0.5663790482,0.5727749824,0.5807335048,0.5905024272,0.6019846588,0.6149104702,0.6294433701,0.6450860154,0.6620276934,0.6797644363,0.6983398772,0.7174191915,0.7367680799,0.7563689799,0.7755995052,0.7948910705,0.8131346355,0.8311585615,0.8476071965,0.8635862966,0.8777740066,0.8911262594,0.9026167445,0.9129411488,0.9214905752,0.9285852652,0.9341582725,0.9380234991,0.9407945993
7.2,1.235604037,1.264402438,1.292220934,1.316907104,1.336895635,1.35493835,1.367873988,1.377092022,1.383588363,1.383762306,1.38116527,1.374606175,1.36328931,1.349054039,1.330344539,1.308332741,1.283910359,1.255010262,1.224291525,1.191267709,1.155743633,1.119314559,1.081238692,1.042582724,1.00423853,0.9654943314,0.9281779331,0.8923061409,0.8580500259,0.8271786044,0.7990395658,0.774576038,0.7545831079,0.7385880272,0.7276026197,0.7212169528,0.7189315292,0.7216856669,0.7278424572,0.7374075558,0.7502713535,0.7648575532,0.7816784446,0.7998250316,0.8185262576,0.8382021709,0.8577134536,0.8772260286,0.896848836,0.9154229579,0.9338782985,0.9518167948,0.9689977378,0.985896753,1.002121608,1.018029011,1.033856166,1.049123467,1.06453221,1.079963222,1.095436112,1.111199345,1.127146605,1.143437917,1.160044042,1.176926393,1.194069981,1.211374547,1.228924174,1.246214892,1.263503666,1.280581933,1.296952812,1.31309985,1.328225759,1.342398924,1.356174246,1.367632402,1.378256295,1.387324681,1.39241127,1.36308103,1.304289807,1.220441487,1.112430773,0.9859835115,0.848802952,0.70717798,0.568823036,0.4442652726,0.3487605132,0.3028530642,0.3191834389,0.3491767034,0.3862460645,0.4223801736,0.457371773,0.4900636713,0.5147465988,0.5393417831,0.5839777127,0.6304635953,0.6420195434,0.663073302,0.6714297999,0.6832335413,0.6887127055,0.6941760532,0.6968716223,0.6972697036,0.6973311515,0.69357675,0.6912705786,0.6842286421,0.6799419618,0.670519573,0.6647406105,0.654115468,0.6466964783,0.6364847174,0.6282234842,0.6189637719,0.6108657894,0.6030830464,0.5960849632,0.5902642828,0.5852061238,0.5817760997,0.5793765933,0.5786944944,0.5795266082,0.5818566531,0.5863200169,0.5919331342,0.6000935174,0.6091123528,0.6206340224,0.6329510623,0.6474171933,0.6626788044,0.6794791571,0.6971143509,0.71547276,0.7347439551,0.7537671324,0.7738339277,0.7925727025,0.8125596868,0.8300742542,0.8488451864,0.8645475983,0.8809542193,0.8944385867,0.9078236875,0.9186051112,0.9285090331,0.936303429,0.9424881568,0.9472302901,0.9496871436,0.9515326562
7.3,1.204321371,1.235830451,1.26672801,1.294725139,1.318183975,1.339918733,1.356606758,1.369648002,1.379984951,1.38398075,1.385144473,1.382241394,1.37450809,1.36360059,1.348079358,1.329053185,1.307271404,1.280841885,1.252187405,1.220878479,1.186853035,1.151258847,1.113741151,1.075206334,1.0363231,0.9967598264,0.9579275478,0.9199997497,0.8833526576,0.8492538504,0.8176018029,0.7892204023,0.7648175621,0.7444741343,0.7289561742,0.7181683023,0.7118780169,0.7109456648,0.7140391857,0.7211449686,0.7321519772,0.7455818812,0.7618314004,0.779948282,0.7990742182,0.8196611004,0.8403801257,0.8613783589,0.8827609551,0.9031684117,0.9236336942,0.9436441408,0.9628508489,0.9818710536,1.000092286,1.017929033,1.035672816,1.052599007,1.069622963,1.086522838,1.103228359,1.120175834,1.137058245,1.154129615,1.171443679,1.188742959,1.206253353,1.223795237,1.24139687,1.258747088,1.275942211,1.292872926,1.309107264,1.325010183,1.339942051,1.353921659,1.367512415,1.378871271,1.389442214,1.398560313,1.403753817,1.373171806,1.31173353,1.224340649,1.112093983,0.9812161813,0.839930607,0.6951113039,0.5553295974,0.432541793,0.3440067463,0.3106241544,0.3383848265,0.3700218475,0.4068694614,0.4414016765,0.4734347549,0.5022744382,0.5229084457,0.5428104894,0.5808205789,0.6233417642,0.6343373291,0.6541013581,0.66251895,0.6741237091,0.6801430901,0.6861509466,0.6897475289,0.6912478213,0.6924617733,0.6902357496,0.6892316274,0.6840420261,0.6811116229,0.6737824851,0.6693235785,0.6609043791,0.6548585854,0.6467075524,0.6398521804,0.6324235684,0.6256929699,0.6194251132,0.6136863286,0.6089832015,0.6050134439,0.6022397901,0.6007125323,0.6001924244,0.6016663277,0.6036719042,0.6085737414,0.6134807948,0.6217367912,0.6299637589,0.6412853448,0.6528281695,0.66690336,0.6815077239,0.6978097639,0.7149815723,0.7327795218,0.751825663,0.7702280832,0.7903193112,0.8083405991,0.8285846745,0.8452215061,0.8643468762,0.8791811143,0.8957292865,0.9084034216,0.9216349825,0.9316232464,0.9410059577,0.9479909427,0.9532320544,0.9571243891,0.9581849735,0.959125425
7.4,1.168043365,1.201874935,1.235657727,1.266788351,1.29344078,1.318812033,1.339099093,1.355852171,1.370032532,1.377764412,1.382720256,1.383526124,1.379427187,1.372000747,1.359823174,1.343994084,1.325099777,1.301453635,1.27521367,1.246004869,1.213973412,1.179673399,1.143286774,1.10551057,1.066656223,1.027066619,0.9874216353,0.9481486191,0.9100156058,0.8732821775,0.8388602983,0.8072368034,0.7787056991,0.7545394763,0.7345358253,0.7191686332,0.7088345612,0.7034494032,0.702915431,0.7068939371,0.7149318366,0.7266303528,0.7413674806,0.7585468092,0.777603968,0.798128512,0.8195067894,0.8415092957,0.8639087954,0.8859835722,0.9080430932,0.9297940344,0.9510738042,0.971909197,0.992195918,1.012107413,1.031737122,1.050768562,1.069681707,1.088411835,1.107003445,1.12554487,1.14404679,1.162628438,1.181256258,1.199875176,1.218515156,1.237085484,1.255665599,1.273809782,1.291756178,1.309351328,1.326143768,1.342577273,1.357955865,1.372334186,1.386318098,1.397990459,1.408883001,1.41831436,1.423701328,1.391788582,1.327632559,1.236522594,1.119773086,0.98411232,0.8383302485,0.6899530636,0.5485209377,0.427539245,0.3461535616,0.3244382488,0.3615529095,0.3937737563,0.4296733534,0.4621296061,0.4907860418,0.5153547334,0.5315434312,0.546199985,0.5764969358,0.6141213299,0.6242520658,0.6420354538,0.6502800962,0.6611554057,0.6675324225,0.6737484402,0.678092871,0.6805839847,0.6828035353,0.682238146,0.6823744316,0.6794183607,0.6776513902,0.6730370378,0.6696636366,0.6642264053,0.6594657377,0.6540785851,0.64873562,0.643742776,0.6386526602,0.6343882243,0.6303065533,0.6270847042,0.6246716991,0.6227939916,0.6226138598,0.6223808658,0.6249081781,0.6266184821,0.6322378018,0.6364068433,0.6448187412,0.6521926409,0.663183082,0.6738252225,0.6872491041,0.7009837996,0.7164694963,0.7328730873,0.7498059417,0.7682335583,0.7857848893,0.8054280702,0.8226206025,0.8425828939,0.8583764082,0.8773085627,0.8913404896,0.9076166933,0.9195278446,0.9323391942,0.9415577516,0.9502991464,0.9564737025,0.9607867374,0.963807212,0.9636033785,0.9636023756
7.5,1.125682219,1.161519823,1.198116367,1.232345239,1.261935495,1.291082417,1.314880947,1.335276226,1.353510918,1.364825216,1.37370264,1.378370082,1.377827002,1.374220478,1.365498805,1.353015287,1.337435464,1.316676575,1.293238228,1.266552855,1.236759234,1.204383965,1.169583685,1.133079313,1.0950148,1.05591926,1.016225056,0.9764023725,0.9374620331,0.8990153686,0.8625995772,0.8285022751,0.7966207772,0.7692107518,0.7452113258,0.725551146,0.7113332862,0.7013079566,0.6968650228,0.6973000812,0.70158317,0.7110446054,0.7234515362,0.7388293895,0.7573254715,0.7767529919,0.7981674924,0.820608542,0.8430589888,0.8665565138,0.8895702114,0.9124690664,0.9357737015,0.9577181823,0.9799174714,1.001824648,1.022840653,1.044302111,1.065013573,1.085565901,1.106595507,1.126647129,1.147239049,1.167861391,1.187950389,1.208768101,1.229019149,1.249154562,1.269674064,1.289005667,1.308498697,1.327531097,1.345323524,1.363181665,1.379547895,1.394852307,1.409922583,1.422195655,1.433834264,1.443856763,1.449497208,1.416278482,1.3494631,1.254606978,1.133222413,0.9925573896,0.8420130289,0.6898122442,0.5465452669,0.4273523346,0.3530737894,0.3420238134,0.3870035932,0.419260699,0.4539191382,0.4841654439,0.509331808,0.529486678,0.5410591081,0.5501379484,0.5718822254,0.6038411435,0.612731624,0.6278884972,0.6356243411,0.6452214229,0.6516718279,0.6576976687,0.6625470839,0.6658300142,0.6688321136,0.6699627951,0.6710118979,0.6705775754,0.6697206481,0.6683622291,0.6657804548,0.6640388292,0.6604166054,0.6584483589,0.6546701477,0.6526781616,0.6494561746,0.6476494935,0.6455907288,0.6441837736,0.6437835215,0.6430150775,0.6446714717,0.6448287918,0.6488674497,0.6502958665,0.6569872292,0.6603869844,0.6690911018,0.6755847606,0.686171404,0.6958441989,0.7083928983,0.721107368,0.7354817592,0.7508504682,0.7666460772,0.784043451,0.800589653,0.8192031211,0.8356158963,0.8545239695,0.869792849,0.8876421391,0.9012351493,0.9165217365,0.9279556011,0.9398544823,0.9484740566,0.956341657,0.9617349631,0.9651627891,0.9671848139,0.9660321385,0.9648060925
7.6,1.076225074,1.114246538,1.15346116,1.190650929,1.223451535,1.256129823,1.283586136,1.307779174,1.329932862,1.345182092,1.358042677,1.366668772,1.370052906,1.370278617,1.365302393,1.356456443,1.344318368,1.326887003,1.30652839,1.282699854,1.255615767,1.225515958,1.192794751,1.158064365,1.121330781,1.083317888,1.044209316,1.004549934,0.9654478322,0.9261453746,0.8885068379,0.8526968037,0.8184332468,0.7883934509,0.7611515092,0.73785416,0.7200365059,0.7057958702,0.6974772685,0.6942351808,0.6945732624,0.7013256402,0.7108940019,0.723852323,0.7412108982,0.7587613582,0.7795481815,0.8017963163,0.8233852514,0.8478546669,0.871076967,0.8943759183,0.9194279304,0.9415688371,0.9652716825,0.9888338687,1.010408914,1.034363706,1.056446729,1.078459546,1.102236484,1.123289396,1.14614747,1.169056158,1.190325201,1.214041964,1.236059572,1.257991769,1.281284314,1.301850859,1.323526085,1.344620258,1.363592753,1.383738612,1.40148522,1.418130528,1.434978474,1.448020988,1.460819996,1.471697551,1.477614829,1.443232312,1.373949445,1.275464164,1.14948313,1.003792416,0.848415885,0.6923102896,0.5471995879,0.4299353365,0.3628224788,0.3617149898,0.4136700308,0.4457780681,0.4791904902,0.5073208674,0.5291081485,0.5449333722,0.551926585,0.5553320303,0.5679829403,0.5937960696,0.6008706978,0.6130471394,0.6196621682,0.6276568887,0.6336579427,0.6391925359,0.6441860535,0.6479858379,0.6516095749,0.6541891708,0.6562050654,0.6580697234,0.6583913293,0.6600806164,0.6587624387,0.6605556273,0.6585919783,0.6600439726,0.6583206242,0.6594726311,0.6585504682,0.6594618,0.6597763714,0.6605325866,0.6624001563,0.6631432432,0.6667905335,0.6677558717,0.6733592315,0.6748987649,0.6826129819,0.6855486877,0.6944522205,0.700204088,0.7102461426,0.7189351104,0.7304029771,0.7419444979,0.7549495169,0.7690038846,0.7833949619,0.7993598424,0.8146910898,0.8317432793,0.8473020544,0.8644780533,0.8793611535,0.8953493391,0.9087089721,0.9223510488,0.9334855684,0.9440002619,0.9521292824,0.9588851257,0.9634956586,0.9660719833,0.9669504616,0.9651768004,0.9624143257
7.7,1.019219304,1.059945835,1.101362687,1.141163957,1.177985584,1.213431482,1.244919162,1.273319294,1.298748704,1.318945776,1.335741438,1.348318679,1.356661774,1.360243012,1.359572596,1.354903592,1.34585959,1.332775804,1.315627474,1.294853169,1.271423794,1.243462812,1.213436501,1.181048698,1.145723939,1.109666386,1.071531525,1.032538305,0.9940573514,0.9543607294,0.916240061,0.8794019524,0.8435550977,0.8115607837,0.7818398498,0.7557327495,0.7346332129,0.7170499248,0.7051446128,0.6982797238,0.6952917847,0.6987178397,0.705400802,0.7158195073,0.7309982572,0.746743159,0.7661244013,0.7873386496,0.8079590189,0.8321297765,0.8549999998,0.878118542,0.9036843223,0.9257315306,0.9500552166,0.9744342259,0.9962592378,1.021731392,1.044722909,1.067771465,1.093604531,1.115529015,1.140297927,1.165241292,1.1877149,1.214169995,1.238042686,1.261915794,1.288100752,1.310215153,1.33435797,1.357850186,1.378401578,1.401213993,1.4207519,1.439140401,1.458146214,1.472306371,1.486558317,1.498512762,1.504791487,1.469426089,1.397979412,1.296149988,1.165824191,1.015295911,0.8552360895,0.6953827444,0.5486889696,0.4337846024,0.3741428238,0.382567881,0.4409672322,0.472961402,0.5053009989,0.5315615674,0.5502485649,0.5620199102,0.5646682891,0.5625526172,0.5659634557,0.5853919774,0.5900972582,0.5991077031,0.6039293043,0.6101200733,0.6150574283,0.6198526087,0.6245671826,0.6285605428,0.6326683828,0.6362688275,0.6394577888,0.6430593829,0.6451358812,0.6491510769,0.6500407988,0.654589627,0.6552107031,0.6595974709,0.6606658306,0.664764826,0.6666551189,0.6703544312,0.6733178824,0.676537771,0.6807217737,0.6834561773,0.6889467268,0.6913129562,0.6981829032,0.7004592788,0.7088018048,0.7117841743,0.7205957684,0.7258175116,0.735120211,0.742792452,0.7530024685,0.7631599001,0.7745729827,0.7869974177,0.7996780115,0.8138637632,0.8275807182,0.8427577056,0.8569831942,0.8721927292,0.8861598549,0.9001367674,0.9127962551,0.9246618284,0.9351501869,0.9441736002,0.951599081,0.9571735996,0.9609194334,0.9626284124,0.9623977513,0.9600583317,0.9558877974
7.8,0.9561089545,0.9988561016,1.042226953,1.084499731,1.12516326,1.163516396,1.199112198,1.231882267,1.260847067,1.286234929,1.307284792,1.32413728,1.337817425,1.345105321,1.349133996,1.349064043,1.343441742,1.335180439,1.321617215,1.304246998,1.284979522,1.259408281,1.232485077,1.202858547,1.169129126,1.135551856,1.098686351,1.060653542,1.023376571,0.9834770529,0.9453741945,0.9080383793,0.8709233081,0.8377052667,0.8060206886,0.7776796368,0.7539781443,0.7335782996,0.7186296822,0.7085323582,0.7027417573,0.7028509452,0.7068198141,0.7148359655,0.7272257223,0.7414128603,0.7588680416,0.7783684722,0.7981981583,0.8207449557,0.842832605,0.865330342,0.8898108904,0.9118020002,0.9356450412,0.9597179505,0.9818536383,1.007163684,1.030594071,1.054247148,1.080621595,1.103681781,1.129566211,1.15585977,1.179970715,1.208151779,1.233980314,1.259933501,1.288358234,1.312751442,1.339289594,1.365221058,1.388109826,1.413381074,1.435193868,1.455747755,1.47689366,1.492780215,1.508617008,1.521811415,1.528625875,1.492428192,1.419179719,1.314421051,1.180179313,1.025177545,0.8607884229,0.6975862978,0.5498445624,0.4380035908,0.3863225463,0.4040172126,0.4684565628,0.5004954676,0.5320375913,0.5567660531,0.572745089,0.5808849887,0.5795857473,0.5723345509,0.5668451849,0.5798909492,0.5819962681,0.5876718337,0.5903174655,0.594458799,0.5979053553,0.6016721867,0.6057387415,0.6096062504,0.6139698812,0.618238214,0.6225678317,0.6275055826,0.6315270421,0.6374000814,0.6409113395,0.6477263801,0.6513574388,0.658350863,0.6625449378,0.669420827,0.6743401435,0.6808046505,0.6865067005,0.6922982669,0.6987673856,0.703708998,0.7109075921,0.714966741,0.7228882249,0.7262258945,0.7349297134,0.738223912,0.7467392768,0.7515145261,0.7599287135,0.7665033816,0.7753042649,0.7838646062,0.7934776505,0.8039779869,0.8146401066,0.8267386048,0.8384072548,0.8514621176,0.8637849619,0.8769146426,0.8892647678,0.9012628314,0.9125661822,0.9226951351,0.9320327675,0.9395976442,0.9460132642,0.9504212565,0.9532228069,0.9540550768,0.9528741217,0.9499341941,0.9447495078
7.9,0.8886011647,0.9318682274,0.9767969972,1.021353001,1.065033969,1.106848782,1.146419722,1.183547613,1.216852514,1.247215322,1.273088997,1.294794592,1.313799884,1.325739165,1.334800222,1.339710539,1.338364757,1.335049422,1.325655221,1.312195492,1.297260233,1.274669294,1.251095311,1.224496909,1.192709716,1.161743125,1.12636373,1.089425801,1.053555275,1.013517649,0.9755911666,0.93799015,0.8995952035,0.8655954893,0.832160119,0.8018102787,0.7761994174,0.7530968345,0.7356551972,0.7228926416,0.7144162683,0.711905296,0.7133906066,0.7191751043,0.7291544458,0.7416438764,0.7571874751,0.7748526649,0.7935632479,0.8141756534,0.835004942,0.8563460178,0.8790563765,0.90035,0.9229212871,0.9458338326,0.9675890247,0.9917357357,1.014818776,1.038323213,1.064265687,1.087941774,1.114219136,1.14121729,1.166680207,1.195980874,1.22353282,1.251413204,1.281754667,1.308582198,1.337484124,1.365904623,1.391442622,1.419220256,1.443593454,1.466591904,1.49002256,1.5079686,1.525552916,1.540127847,1.547561891,1.5107177,1.436059961,1.328833922,1.191186686,1.032230035,0.8640543296,0.6981058559,0.5500463006,0.4421125586,0.3988929461,0.4255586691,0.4956239401,0.5279378562,0.5590093797,0.5825820771,0.5963056708,0.6013245938,0.5965717413,0.584742943,0.5711518434,0.5781888147,0.5777763341,0.580116169,0.5805012544,0.5824264397,0.5841664131,0.586648646,0.5897812014,0.5932282209,0.5975525189,0.6021860126,0.6073976361,0.6133724048,0.619141713,0.6265754396,0.6325795752,0.6413701552,0.647906903,0.6572569514,0.66446976,0.67391486,0.6817454159,0.6908123721,0.6991244753,0.7073736281,0.7159936253,0.7230798521,0.7318523263,0.7375918047,0.7464336703,0.7508601458,0.7597958054,0.7634375393,0.7715518908,0.7758694934,0.7833013145,0.7887014166,0.7959783825,0.8027887761,0.810433909,0.8187886821,0.8271864079,0.8369362851,0.8462204146,0.856899341,0.8668943912,0.8777557364,0.8879863325,0.8979154476,0.9073961786,0.915736711,0.9235698859,0.9296640235,0.9348736903,0.9381405833,0.9399909163,0.9400054456,0.9380746534,0.9346219442,0.9288365469
8,0.8189379327,0.8608642004,0.9064215597,0.9526452695,0.9984423448,1.043890703,1.087238946,1.128699181,1.166929718,1.202244109,1.233483643,1.260615462,1.285190031,1.302627148,1.317206206,1.327627334,1.331325853,1.333333606,1.328700215,1.319658852,1.309414076,1.290250974,1.270309691,1.247003213,1.217319245,1.189105033,1.15525596,1.11936234,1.084972564,1.04456697,1.006737721,0.9688183192,0.9287981702,0.8941422078,0.8588166469,0.8263455074,0.799186814,0.773202994,0.7535823007,0.738550403,0.7273796486,0.7229779582,0.722267321,0.7261146549,0.7343750556,0.7451903282,0.7591887924,0.7752821302,0.7927285919,0.8116188357,0.830993821,0.8508999589,0.8716614322,0.8916732593,0.9124915016,0.933662443,0.9542728966,0.9766100972,0.9985567056,1.02112338,1.045916599,1.069418214,1.095407171,1.122478908,1.148681807,1.178651568,1.207507678,1.236983583,1.269040739,1.298119217,1.329324503,1.360236503,1.388438859,1.418853662,1.445904569,1.47148847,1.49738297,1.517511546,1.536976035,1.553020697,1.561092119,1.523754732,1.448024588,1.338753671,1.198200458,1.035841471,0.8644794785,0.6964551472,0.5488679319,0.4456968444,0.4113480734,0.4466289409,0.5219096861,0.5547536117,0.5856728117,0.608433046,0.6203258762,0.6227178139,0.6149896081,0.599183766,0.5785705926,0.5803558042,0.5777417565,0.5770186969,0.5752980857,0.5750410655,0.5750485904,0.5761135959,0.5781295455,0.5809135269,0.5849022931,0.5895939132,0.5953206824,0.6019926045,0.6091047953,0.6177460441,0.6258210643,0.6362278009,0.6452561036,0.6565994587,0.6664401425,0.6781019173,0.6884878087,0.6998312171,0.7104453065,0.7208684323,0.7313897961,0.7403931109,0.7505536361,0.7578109471,0.7674482829,0.7728674903,0.7819597835,0.7859113582,0.7935870961,0.797439316,0.8038683294,0.8080841243,0.8138090059,0.8188277884,0.8244430938,0.8305598786,0.8365773151,0.843835118,0.8505567469,0.8586858203,0.8661194173,0.8745451743,0.8823851846,0.8901237968,0.8975364031,0.904012024,0.9101694143,0.9147783873,0.9187218064,0.9209058609,0.9218823551,0.9212144683,0.9187649713,0.9150109617,0.9090157729
8.1,0.7508381077,0.7888573704,0.833377693,0.8800541673,0.9266604301,0.9755022883,1.022170833,1.067749548,1.111292831,1.151490371,1.188564603,1.221647236,1.252099362,1.275835995,1.29647606,1.31301174,1.3224936,1.330337495,1.331083776,1.326989248,1.321922232,1.306582982,1.290608613,1.270894045,1.243388107,1.218122681,1.18577625,1.150787227,1.11793531,1.076739573,1.038808006,1.000360721,0.9580884765,0.9227361042,0.8850802458,0.8500580527,0.821484534,0.7920415142,0.7702958707,0.7531469604,0.7389730909,0.7333545566,0.7306283044,0.7328348991,0.7402041538,0.7494943007,0.7625743748,0.7776331802,0.7940377272,0.8117540106,0.8298745653,0.8485160572,0.8674190403,0.8860822193,0.9049902361,0.9240921865,0.9433025593,0.9632150348,0.9835054534,1.004593943,1.027358872,1.050219437,1.075167973,1.101564736,1.128121918,1.157954061,1.187681942,1.218388274,1.251578164,1.282825164,1.316041284,1.349226213,1.380151913,1.412981927,1.442739962,1.470943751,1.499202733,1.521640193,1.542960866,1.560467495,1.569213682,1.53143196,1.454851188,1.343879258,1.20085994,1.035585674,0.861598187,0.6921597695,0.5458538972,0.4483280685,0.4232532779,0.4668441103,0.5469854852,0.5805672705,0.6115629953,0.6337353652,0.6440919841,0.6442178406,0.6338617947,0.614578865,0.5880434968,0.5855459849,0.5811783224,0.5778750955,0.5743664229,0.5721503413,0.5705530238,0.5702073683,0.571032396,0.5729826901,0.5763819638,0.5808277878,0.5866755197,0.5936505139,0.6016137111,0.6110167302,0.6206118413,0.6321634185,0.6431251926,0.6559812421,0.6679230175,0.6813399541,0.6938120104,0.7070146048,0.7195404603,0.7317854367,0.7439112042,0.7545601831,0.7659106721,0.7745042488,0.7848341496,0.791156285,0.8003846654,0.8046454909,0.8119253823,0.8153788636,0.8208869785,0.8240189968,0.8282880065,0.8316138802,0.8352826263,0.8392276605,0.8429116479,0.8476936897,0.851850454,0.8573971341,0.8622201161,0.8681481718,0.8735185831,0.8790085913,0.8842804533,0.888860857,0.8933097069,0.89645569,0.899170646,0.9003650183,0.9005980739,0.8994228788,0.8966903738,0.892895684,0.887035528
8.2,0.6896192944,0.7210050875,0.7616090574,0.8065160206,0.852437692,0.9033616742,0.952581714,1.001749472,1.050430701,1.09541554,1.138504516,1.17790543,1.214422279,1.245168504,1.272347534,1.295464857,1.311653211,1.325596019,1.332407382,1.333953849,1.334135446,1.323500946,1.31172448,1.295735109,1.271153399,1.248458817,1.217848164,1.183921538,1.151983181,1.110327724,1.071861344,1.032419254,0.9879328385,0.9510622535,0.9107448627,0.8727653126,0.8421580839,0.8089538634,0.784708385,0.7652303828,0.7477559219,0.7411441612,0.7364806486,0.7372536913,0.7444894575,0.752469687,0.765385141,0.7801421692,0.7959680071,0.8133841295,0.8307942035,0.8487629259,0.8662084294,0.8839853682,0.9012057794,0.9182036207,0.9364289182,0.9533032014,0.9718021826,0.9912759876,1.010772703,1.033177947,1.056195316,1.080926307,1.108091254,1.13616723,1.166435735,1.198089693,1.230895137,1.264766754,1.299226806,1.334022109,1.368170789,1.402310541,1.434817224,1.465620678,1.495476438,1.520645751,1.543494479,1.562312413,1.571912593,1.533591354,1.456270686,1.343898769,1.198820052,1.031031951,0.8549381911,0.6847767553,0.5406783774,0.4498604917,0.4346000681,0.4862942223,0.5709570497,0.6053296866,0.6364406809,0.6580427375,0.6669378881,0.6649357128,0.6520954182,0.6296432221,0.5980881486,0.5922446508,0.5865928275,0.58125517,0.5763453272,0.5724948576,0.5695174633,0.5678744718,0.5675317986,0.5685637419,0.5711952129,0.5751428207,0.5807620756,0.5876626764,0.5960033563,0.6057133418,0.6162826012,0.6284877938,0.640827075,0.6547018319,0.6682267031,0.6829394468,0.6970494986,0.7117160865,0.7257979623,0.7395550492,0.7530349617,0.7651186914,0.7775182447,0.7873420991,0.7983284519,0.8055517337,0.8149726187,0.8196409786,0.8266594077,0.8298888926,0.8346652872,0.8369346589,0.8399672668,0.8418333383,0.8437770372,0.8457615716,0.8473084986,0.8497778963,0.8515218251,0.8545888914,0.8569036576,0.860381071,0.8633452759,0.8666012734,0.8697750129,0.8724739465,0.8752604859,0.8769828613,0.8785450021,0.878837097,0.8784503114,0.8769186306,0.8740846156,0.870471001,0.8649870877
8.3,0.6425488688,0.6646390157,0.6971433224,0.7367254137,0.7804805813,0.8303953326,0.8810227208,0.9328924825,0.985277621,1.035249026,1.083902523,1.129541515,1.172445717,1.210282446,1.244421103,1.274415019,1.298035237,1.318263742,1.331718469,1.339659864,1.344859314,1.340118721,1.332724273,1.320454701,1.300197752,1.27922765,1.250905186,1.218625311,1.186317281,1.145531824,1.105971596,1.064864535,1.019368428,0.9791666746,0.9362780216,0.8953237461,0.8607966881,0.8246502103,0.7969192928,0.7743227285,0.7541537616,0.7453921076,0.7390500984,0.7386303785,0.7456316977,0.7531293826,0.7663774999,0.7816134638,0.7975629328,0.8156712367,0.8331996872,0.8511864274,0.8683684826,0.8855595228,0.9018248168,0.9173766219,0.9344746947,0.9489502079,0.9655217766,0.9830943905,0.9993912801,1.020543328,1.041157513,1.063610605,1.090486092,1.116134865,1.146101777,1.177908965,1.209501836,1.245317923,1.280293468,1.316001556,1.352921596,1.38768016,1.422508389,1.455528155,1.486461858,1.514192975,1.538267109,1.55820055,1.568626987,1.529849621,1.451926577,1.338395903,1.191615971,1.021825574,0.844288875,0.6742771428,0.5335713477,0.4507855281,0.4459738598,0.5055104404,0.5942111316,0.6291774213,0.6601866589,0.6809930516,0.6882626093,0.684043645,0.6686802027,0.6431945882,0.6072775699,0.5988227113,0.5923129762,0.5854346761,0.5795176811,0.5743813308,0.5703042723,0.5675517787,0.5661544091,0.5662848136,0.5680754527,0.5713808045,0.5765294139,0.5830810456,0.5914310029,0.6010859208,0.6121906571,0.6246431621,0.6379144315,0.6523996204,0.6671018166,0.6827421995,0.698153713,0.7139876801,0.7293767453,0.7444415864,0.7591232467,0.7725408653,0.7859342185,0.7969944436,0.8086734171,0.8169079228,0.826637947,0.8319188268,0.8388701482,0.8421447841,0.8464444203,0.8481592784,0.850248708,0.8509724532,0.8514953408,0.851814676,0.8515109742,0.8519123963,0.8514877209,0.85224998,0.8522453863,0.8533716115,0.8540655322,0.8551253964,0.8562869744,0.8571145961,0.8582936624,0.8585998558,0.8590562064,0.858474759,0.8575248579,0.8557055562,0.8528461065,0.8495340202,0.8445237813
8.4,0.6189801332,0.6277080101,0.6479181035,0.6780312929,0.7159943793,0.7617562997,0.8113374884,0.8640158025,0.9184848167,0.9725037038,1.025913296,1.07722489,1.126366329,1.171026995,1.212198445,1.249261076,1.280361636,1.307358523,1.327755927,1.342422535,1.353268113,1.354660589,1.352168586,1.344137205,1.328423293,1.309802118,1.284072079,1.253717929,1.22150261,1.181647035,1.141198805,1.098517254,1.051959258,1.008312532,0.9626271952,0.9184138507,0.8793462081,0.8399396112,0.8080432984,0.7816066453,0.7585048081,0.7467510051,0.7385372553,0.7368708021,0.7434286235,0.7510136409,0.7649873359,0.781372579,0.7982424532,0.8179691849,0.836577927,0.8554318714,0.8736898401,0.8908256638,0.9071104178,0.9222161781,0.9380867488,0.9513556428,0.9660295688,0.98145352,0.995418735,1.014017738,1.032065545,1.051958059,1.076708382,1.10010325,1.128461075,1.159101308,1.189482404,1.225274824,1.260153306,1.296141421,1.334177583,1.369584378,1.405761725,1.44020597,1.472229953,1.501553824,1.526701017,1.547559548,1.558507152,1.519693041,1.441469358,1.327099417,1.179072628,1.008020397,0.8299584945,0.6612603912,0.5254634547,0.4522204438,0.4582990904,0.5250762659,0.6170009148,0.6520987877,0.6825474576,0.7021317019,0.7074431858,0.7007811966,0.68277831,0.6543417098,0.6146060611,0.6040550249,0.597082141,0.5890891448,0.5825743426,0.5765147754,0.5716837567,0.5680894709,0.5658576421,0.5652305139,0.5662402088,0.5689121619,0.5734894365,0.5795760257,0.5877059272,0.597092841,0.6084275995,0.6208514125,0.6347369202,0.6495352517,0.6651280471,0.6814244392,0.6979069562,0.7146983092,0.7312344794,0.7474827367,0.7632814699,0.7780075862,0.7923839421,0.8047586709,0.8171873797,0.8266124166,0.8367676097,0.8429274248,0.8500003007,0.8536323045,0.8577088987,0.8592062753,0.8606523223,0.8605711716,0.8599938183,0.8589586923,0.8571161081,0.8557068876,0.8533875082,0.8520276293,0.8499183599,0.8487907743,0.8473626203,0.846246181,0.8454683024,0.8443992938,0.8439851772,0.8428260607,0.8421574388,0.8406538363,0.8391090513,0.8369757549,0.8340599542,0.8310608117,0.8264996187
8.5,0.6238874128,0.6170857434,0.6217505375,0.6382606512,0.6659284561,0.7036236028,0.7485871496,0.7991338662,0.8534075682,0.9095436201,0.9663066544,1.022184464,1.076744157,1.127662223,1.175494302,1.219464642,1.257866486,1.291828054,1.319307472,1.340881047,1.357939214,1.365641856,1.368591835,1.365410281,1.354461388,1.339059426,1.316375305,1.288383008,1.257130903,1.218355666,1.17756912,1.133778306,1.086144903,1.039498187,0.9909542117,0.9433177959,0.8996283419,0.8563721844,0.8197990419,0.788854594,0.762041545,0.7466113443,0.7358901818,0.7325350766,0.7383807342,0.7460845457,0.7610203765,0.7789879973,0.7974319101,0.819528924,0.8400961257,0.8607603403,0.8810677868,0.8991038537,0.9163462342,0.9318878309,0.9472384676,0.9600034833,0.9732254102,0.9867585844,0.9986362463,1.01441706,1.029634081,1.046517191,1.068273859,1.088767244,1.114494725,1.142878745,1.171177306,1.205665799,1.23945753,1.274760355,1.312788588,1.348131182,1.384808845,1.419946452,1.452569723,1.482903002,1.508794831,1.530340734,1.541676774,1.503342593,1.425295662,1.310647413,1.162062872,0.9906230523,0.8131139111,0.647103507,0.5179063852,0.4555383506,0.4723470538,0.545244189,0.6392346889,0.6738385152,0.703143097,0.7210030777,0.7239881337,0.7146540234,0.6939414331,0.6627043717,0.6197228811,0.6074287964,0.6003893699,0.5916702556,0.5850123047,0.5784264606,0.5732765037,0.5692035706,0.5664829166,0.5653851095,0.5658181149,0.568035788,0.5720830099,0.5777638459,0.5855660272,0.5946330542,0.6059847068,0.6182327482,0.6324849516,0.6473841961,0.6636319661,0.6803600802,0.6977143083,0.7152712421,0.7328048749,0.7501098983,0.7669299441,0.7829240117,0.7982397009,0.8119853626,0.8251671695,0.8359388004,0.8465631417,0.8538431715,0.8611505127,0.8654182311,0.8694570296,0.8710345849,0.8720816168,0.8714928336,0.8700973193,0.8679827249,0.8648922223,0.861902457,0.8579555257,0.8546390083,0.850638439,0.8473460798,0.8439361437,0.8406598315,0.8379925656,0.8349936978,0.8329632319,0.830269311,0.8284078535,0.8258967572,0.8236714779,0.8211443413,0.8180888652,0.815345574,0.8111633586
8.6,0.6563516601,0.6352554369,0.6236839045,0.6239730502,0.637638551,0.6627120184,0.6987828634,0.7433731178,0.7939413641,0.8496097236,0.90744094,0.9660317015,1.024746334,1.08068629,1.13441406,1.184764626,1.22991366,1.27082448,1.305301412,1.333831602,1.357515986,1.371713837,1.380627737,1.382895166,1.377157279,1.365819791,1.346839585,1.321910676,1.292491463,1.255410484,1.215025868,1.170778987,1.122600975,1.073430757,1.022332739,0.9714620182,0.9230491429,0.8757787792,0.8340354017,0.7978488063,0.7666619152,0.7464447672,0.7323392868,0.7265373463,0.7308580953,0.7384579694,0.7541816444,0.7737942782,0.7942839939,0.8191390977,0.8423612331,0.8656475942,0.8886997126,0.9086413024,0.9276820131,0.9444686286,0.9602594665,0.973108917,0.9855451292,0.9977305997,1.007710581,1.020950628,1.033238827,1.046812456,1.065278403,1.082101474,1.104469964,1.1297616,1.154870777,1.187191573,1.218839744,1.252427699,1.289649967,1.323939449,1.360396005,1.395589389,1.428138092,1.459140265,1.485409852,1.507419821,1.519107382,1.481909944,1.404701967,1.290532181,1.142254039,0.9714206294,0.7956536604,0.6337832016,0.512751392,0.4619336415,0.4884453469,0.5658377238,0.6605009427,0.6939610593,0.7215498584,0.7372339913,0.7376043887,0.7254710963,0.7021053676,0.6683534699,0.6228150875,0.6090571857,0.6023767746,0.5933252694,0.5870427166,0.5803810835,0.5754429396,0.5713495588,0.5686042273,0.5674498473,0.5676342782,0.5697217441,0.5733860282,0.5788652319,0.5862972973,0.5951204071,0.6062865201,0.6183017665,0.6326457004,0.6474632005,0.664078093,0.6809887099,0.6989445474,0.7170076568,0.7353049237,0.7534438381,0.7710953651,0.7882058913,0.8043153246,0.819375205,0.8332052547,0.8453747343,0.8563996719,0.8649514335,0.8724987601,0.8776043181,0.8816991412,0.883592011,0.8844169181,0.8835706858,0.8816008765,0.8786531564,0.8745982367,0.870251167,0.8649632969,0.8598730522,0.8542308049,0.8489052143,0.8436909537,0.8383363247,0.8338591763,0.828968418,0.8253187643,0.8210834287,0.8179757475,0.8144152951,0.8114394265,0.808455644,0.805201715,0.8026442162,0.7988110275
8.7,0.7097970766,0.6779134842,0.6525454374,0.6370262937,0.6352009087,0.6442848252,0.6674268864,0.7019196811,0.7444299153,0.79645499,0.8522693008,0.9109801811,0.9722200908,1.031232644,1.089732699,1.145636183,1.196473572,1.244252817,1.285367035,1.320684244,1.351430073,1.372069822,1.387465759,1.39578631,1.39561231,1.389314008,1.374722241,1.353634784,1.327058662,1.292387388,1.253309539,1.209417635,1.161448172,1.110405031,1.057292403,1.003645564,0.9505512811,0.8994221177,0.8521619186,0.8100600603,0.7740141622,0.7476205396,0.72907953,0.7197993841,0.721202004,0.7282189393,0.7440672949,0.7649324468,0.7876960253,0.8152121329,0.8415098223,0.8679743357,0.8941037347,0.916847925,0.9383207644,0.9570113811,0.9742354847,0.9876653919,1.000091203,1.011644925,1.020026394,1.031385204,1.040939325,1.051237711,1.066611235,1.079284368,1.097993907,1.119759427,1.140800826,1.170514361,1.199199024,1.230259877,1.26620611,1.298550908,1.334284668,1.369082597,1.400955942,1.432481885,1.458836762,1.481154182,1.493210908,1.457853618,1.382210069,1.269311727,1.122199081,0.952905429,0.7799544426,0.6234344441,0.5115486287,0.4719153746,0.5063098225,0.5863467346,0.6803261692,0.7121317608,0.7375854407,0.7508018675,0.7484253755,0.733511835,0.7076783175,0.671797694,0.6244449346,0.6094799889,0.6035703003,0.5945840774,0.5891942263,0.582927534,0.5787500104,0.5751272147,0.5728594824,0.5721057703,0.5724204393,0.5747520932,0.5782268499,0.5837612851,0.5907997026,0.5995044294,0.6102525747,0.6220122901,0.636101254,0.6506490222,0.6672456189,0.6840402519,0.7022167636,0.7204373846,0.7391514554,0.7577815346,0.7759669947,0.7939041448,0.8105630014,0.8267364437,0.8410210226,0.8545024759,0.8657800799,0.8756390684,0.8833573116,0.8894184749,0.8936000389,0.8959888064,0.896727189,0.8958480291,0.8935368627,0.890006265,0.8852951051,0.8798495009,0.8735674963,0.8669561497,0.8600099518,0.8528885394,0.8461472138,0.8389360371,0.8328283804,0.8262382296,0.8210599604,0.8154245946,0.8111024219,0.806571431,0.802855012,0.7994276559,0.7959979896,0.7935746476,0.7901498293
8.8,0.7757291079,0.7369979128,0.7021193759,0.6739635741,0.6577754328,0.6504205926,0.6581523752,0.6791002908,0.7092791924,0.7540358232,0.8041754113,0.8597421489,0.9214968534,0.9809317357,1.042707587,1.10306256,1.157924371,1.212507106,1.259573738,1.301210535,1.339592831,1.366189567,1.388581754,1.403563397,1.40898023,1.408914689,1.399283692,1.382753127,1.360227286,1.328536554,1.291787926,1.249159233,1.202163023,1.150102065,1.095635882,1.039865151,0.982319984,0.9277461008,0.8748435361,0.8263038891,0.7852007866,0.7510939565,0.7270111613,0.7130580315,0.7095335902,0.7153283926,0.7301095668,0.7513299389,0.7764284414,0.8059151098,0.8354516004,0.865399726,0.8945034277,0.9208778338,0.9451696375,0.9662491829,0.9859087727,1.000289428,1.013556787,1.025313929,1.032526224,1.042973635,1.05029422,1.057736744,1.07066606,1.079154272,1.094395837,1.112676736,1.129213271,1.156334254,1.181620435,1.209698142,1.24425177,1.274014383,1.308789954,1.342965381,1.373724169,1.405799186,1.432046942,1.454585618,1.467058798,1.434194704,1.360790211,1.249862299,1.104630003,0.9376099628,0.7682514937,0.617783658,0.5151122381,0.4851973816,0.5251644142,0.6060523608,0.6982295335,0.7280812158,0.7511859388,0.7618308641,0.7567370689,0.7391940527,0.7111658656,0.6735836846,0.625140913,0.609263645,0.6044530967,0.5959471405,0.5918661561,0.5864626318,0.5835034189,0.580813645,0.5794650765,0.5795147864,0.5803193028,0.5831955448,0.5866936183,0.5924562407,0.5991169972,0.6077454477,0.6178734449,0.6292862902,0.6427564323,0.6567987244,0.6729316294,0.6892643253,0.7071975652,0.7251661242,0.7438650674,0.7625629825,0.7809149197,0.7992885278,0.8162090673,0.8331799435,0.8477134802,0.8622982601,0.873700367,0.8847919542,0.8926359235,0.8997048725,0.9040260606,0.9070697901,0.9078851313,0.9072176114,0.9048403909,0.9010355971,0.8960415283,0.8898500521,0.8830139743,0.8752610567,0.8674691087,0.8589469545,0.8510933964,0.8424303022,0.8350153026,0.8271080053,0.820628551,0.8139120064,0.8085266155,0.803245859,0.7988975225,0.7951232911,0.7916208124,0.7892871466,0.7863980129
8.9,0.8457848338,0.803735422,0.7637308199,0.7272930071,0.699562568,0.67841454,0.6707252299,0.6764712505,0.6917239982,0.725484503,0.7663697761,0.8152846691,0.8749670683,0.9319084698,0.9950450923,1.058447569,1.115291955,1.17644841,1.228516829,1.275722147,1.322315996,1.354008888,1.383809165,1.405976474,1.416656246,1.424086658,1.419795158,1.408365588,1.391168639,1.362778125,1.329376534,1.288918165,1.243521887,1.191446467,1.136307706,1.079156193,1.017615662,0.9601717925,0.9017833862,0.8465454908,0.8005556583,0.7572847583,0.7267021889,0.7069438677,0.6958907951,0.6999416657,0.7119418345,0.732091443,0.7597255,0.7896770694,0.822502874,0.8560856819,0.8874732259,0.918445491,0.9456439811,0.9694398732,0.9925460657,1.008111361,1.023121583,1.035902277,1.042663954,1.053171338,1.0590583,1.064527365,1.075627207,1.080720508,1.09300703,1.108125366,1.120694866,1.145184424,1.1672231,1.192418965,1.225341539,1.252651798,1.28634271,1.319773742,1.349507191,1.381951744,1.408109617,1.430871691,1.443673003,1.413883698,1.343224367,1.234684542,1.091712967,0.9273923303,0.761952676,0.6175174093,0.5230990125,0.5006309794,0.54383055,0.6241255948,0.7137907073,0.7416137715,0.7623586644,0.7704945821,0.762838984,0.7429021992,0.7129806804,0.6741031121,0.6252170585,0.6088070886,0.6052711608,0.5976879144,0.595135025,0.5910442793,0.5895705724,0.5882033896,0.588073529,0.5892011884,0.5907942478,0.5943388948,0.5981098493,0.6040614643,0.6104891759,0.6188522202,0.6283499161,0.6391198318,0.6517521791,0.6649463643,0.680241364,0.6957282676,0.7129708396,0.7302780741,0.7485204575,0.766873281,0.785019241,0.8034364671,0.8203566767,0.837776105,0.8524279481,0.8678345449,0.8793664868,0.8915178184,0.8995837213,0.9076480708,0.912281618,0.9161202267,0.917268277,0.9170877203,0.9149864673,0.9112950606,0.906441653,0.8999769844,0.8930744247,0.8847091654,0.8765892969,0.8672258762,0.8587576826,0.8492046287,0.8409191831,0.8322101801,0.8247808643,0.817410128,0.8112192681,0.8054863642,0.8006819455,0.7966943244,0.7932375012,0.7909380452,0.7886734384
9,0.9125725114,0.8710144945,0.8292316995,0.7885605904,0.753159375,0.7220427659,0.701301123,0.692312833,0.6928757845,0.7123274099,0.7412788187,0.7806806022,0.8341599428,0.8867933399,0.9486148436,1.01284868,1.070764125,1.136582453,1.192913318,1.245126504,1.298995673,1.335972778,1.372944843,1.40229771,1.418716755,1.433740726,1.435340803,1.429553214,1.418256622,1.39387415,1.364523637,1.327088902,1.283842671,1.232803524,1.177705313,1.119762801,1.05543354,0.9952487989,0.932007889,0.8705139317,0.8191806604,0.7666561717,0.7285993198,0.7017536719,0.6813015247,0.6822544073,0.6896587917,0.7070987818,0.7369607819,0.7657521106,0.8016757849,0.8388068379,0.8717001583,0.9080347613,0.9381186873,0.964988912,0.9921989273,1.009470534,1.027044313,1.041462278,1.049242146,1.060186907,1.065818829,1.070780805,1.079804161,1.083718819,1.093501057,1.105627244,1.116557739,1.137250579,1.157015209,1.180227991,1.210057216,1.236754431,1.268901713,1.301237681,1.331308359,1.362879057,1.389412412,1.412526197,1.425102541,1.399043094,1.331427663,1.225280994,1.084500433,0.9229826606,0.7612913658,0.6221124016,0.5341355029,0.516527351,0.5609577034,0.6397127815,0.7266041253,0.752497276,0.7710165973,0.7768116807,0.7668241655,0.7447720608,0.7132582112,0.6734663592,0.6247459761,0.6082759696,0.6060767685,0.5998549972,0.5988959264,0.5965172053,0.5966379449,0.5968969253,0.5981567125,0.6005221508,0.6031366791,0.6073340252,0.6116514395,0.617588269,0.6240551612,0.6317712824,0.6408544883,0.6504950028,0.6622870604,0.6741861147,0.6884253102,0.7026545146,0.7188518284,0.735118885,0.7525071135,0.7701669319,0.7877562451,0.8058963414,0.8225854424,0.8401554464,0.8548648215,0.8708159144,0.8826137517,0.8956045775,0.9041441089,0.913143186,0.9184024344,0.9231507525,0.9249904596,0.9255860337,0.924156853,0.9210251977,0.9167415943,0.910575694,0.9040644061,0.8957407166,0.8877694063,0.878248815,0.8696416344,0.8598455929,0.8511584553,0.8421883697,0.8342261107,0.8266138523,0.8199342205,0.8140144126,0.8089412,0.8048437363,0.8014820341,0.7991523616,0.7974328059
9.1,0.9709264131,0.9330410778,0.8920121853,0.8502333967,0.8114912009,0.7737016027,0.7436777207,0.7224973284,0.7100492932,0.7143491927,0.7298592578,0.7578012726,0.800733472,0.847814141,0.9052669076,0.9674272444,1.026511988,1.093508402,1.153533522,1.210455187,1.268935055,1.312620345,1.355792008,1.39166806,1.415374368,1.4366077,1.444888954,1.445359694,1.439512771,1.420504758,1.395484329,1.361763079,1.321417555,1.272214653,1.217993559,1.159762932,1.094376472,1.031319114,0.9642747896,0.897748547,0.8398109553,0.7797925226,0.7332924747,0.6977641624,0.6682997925,0.6626735727,0.6642151288,0.677722418,0.7072726032,0.7349805913,0.7729667906,0.8129666777,0.8478726662,0.8889041643,0.922272566,0.9527394947,0.9839642657,1.004122878,1.024815736,1.041515411,1.051848226,1.063626998,1.070271749,1.076074549,1.083316175,1.087940446,1.095932836,1.105633815,1.116827384,1.133296192,1.151762854,1.17386428,1.199737282,1.227337344,1.257691287,1.288738064,1.320239513,1.349968546,1.377236618,1.400763676,1.4127125,1.390683996,1.326101005,1.222133772,1.083211339,0.9240491004,0.7652858681,0.6299131965,0.5461328385,0.5310321483,0.5752925595,0.6521282344,0.7364170748,0.7605805397,0.7770816778,0.7807462503,0.7686813058,0.7448039319,0.7119934534,0.6716690525,0.6237593649,0.6077309777,0.6069466459,0.6024257653,0.6031327174,0.6027417645,0.604548463,0.6066387644,0.609414214,0.6131345923,0.6169379211,0.6217969134,0.6268646289,0.6326661145,0.6393934205,0.6461960615,0.655071483,0.663202361,0.6742074112,0.6844349465,0.6974902313,0.7101005401,0.7249857361,0.7398813228,0.756080619,0.7727565843,0.7894693345,0.8070824431,0.8233138566,0.8408157508,0.8555125514,0.8718050049,0.883997776,0.8976558584,0.9069329616,0.9168183586,0.9230378768,0.9288004292,0.9317027978,0.9333442954,0.9329709292,0.930827984,0.9274978884,0.9221931809,0.9164532734,0.908821751,0.9013778302,0.8923758797,0.8840112121,0.8745813645,0.8659015559,0.8571320414,0.8490246276,0.8414809369,0.8346070381,0.8286641468,0.8234628049,0.8192875109,0.8159680778,0.8135307535,0.8120955766
9.2,1.017979514,0.9851597137,0.9471548243,0.9068034346,0.8679896963,0.8267848861,0.791208714,0.7614777684,0.7382814757,0.7293379214,0.7313118961,0.746562698,0.7769093877,0.8160126927,0.8665718812,0.9241793998,0.9828402572,1.04879195,1.111217869,1.171865252,1.233393434,1.283656878,1.332282447,1.374121684,1.405412785,1.432266554,1.4474563,1.454460374,1.453984937,1.441074095,1.420746,1.391280991,1.354624016,1.307904436,1.255442353,1.197769838,1.132448978,1.0673413,0.9975678229,0.9271871606,0.8629005441,0.7966615104,0.7416692566,0.6967032499,0.6584221932,0.6434105028,0.6376681467,0.6458135279,0.6722165433,0.6988111198,0.7375660458,0.7795939502,0.817079244,0.8619227856,0.8990122577,0.93349189,0.9687701609,0.9927855,1.017151047,1.036979527,1.050692202,1.064345969,1.072999961,1.080505186,1.087427665,1.093336096,1.100632918,1.109021652,1.120712319,1.13421624,1.15179472,1.173077168,1.195871678,1.224148622,1.253042182,1.283020387,1.315641762,1.343849399,1.371689258,1.395520058,1.406980924,1.388729248,1.326850347,1.224702681,1.087096237,0.9293212819,0.7721497418,0.63875872,0.5569584016,0.5425833863,0.5859895979,0.6610985006,0.743334615,0.7659978089,0.7806976807,0.7824363704,0.7685355387,0.7431157315,0.7093083732,0.6688622598,0.6224848076,0.6073590783,0.6081495431,0.6055412939,0.6080813656,0.6098287516,0.6134865655,0.617544639,0.6219902086,0.6272074683,0.6323358173,0.6380025268,0.6439303697,0.6497240418,0.656784504,0.6627435602,0.6714338561,0.6780250481,0.6881930788,0.6966110861,0.7083396663,0.7191049627,0.732445534,0.7456936839,0.7604134687,0.7758234391,0.7913620741,0.8081947072,0.8237204017,0.8409470052,0.855482977,0.8719566268,0.88453341,0.8987490717,0.908872958,0.9196246643,0.9269981881,0.9338619039,0.9380765791,0.9409668823,0.9419299005,0.9410927044,0.9390092085,0.9349815633,0.9303078803,0.9238520968,0.9172283627,0.9092485195,0.9014186216,0.8928033751,0.884440015,0.8761987769,0.8682348587,0.8609596805,0.8540987688,0.8482104488,0.8429502822,0.8386706862,0.8352831405,0.832636283,0.8311760587
9.3,1.051381074,1.024471356,0.9912063821,0.9542717877,0.9178390348,0.8761057164,0.838252861,0.8036023161,0.7725433226,0.7534440436,0.7432936556,0.7459196892,0.7632912007,0.792155607,0.8337958247,0.8847097053,0.9405266946,1.003799557,1.06688463,1.129797098,1.193364133,1.249088322,1.302464471,1.349702143,1.388038988,1.420347354,1.442277064,1.455817459,1.460860295,1.454312945,1.439083838,1.414354789,1.38212015,1.33854571,1.288755468,1.232700097,1.168350611,1.102572925,1.031270464,0.9582781128,0.8890559916,0.8176260724,0.7550098542,0.7009065937,0.6536842616,0.6279017625,0.6132785448,0.614243055,0.6352054142,0.6596002144,0.6978523093,0.741063879,0.7810192133,0.8292227177,0.8702110278,0.9089694812,0.9485629346,0.9770545377,1.005657017,1.029355273,1.047092945,1.063554856,1.075021998,1.084959605,1.092747301,1.100417055,1.107913026,1.115887969,1.128259672,1.139838625,1.156837963,1.17750692,1.197985974,1.226638709,1.254335155,1.28340273,1.316756947,1.343743638,1.371950208,1.395966921,1.407065863,1.392226918,1.332547757,1.231610408,1.09449116,0.9369074279,0.7798000828,0.6465357357,0.5648658241,0.5501813979,0.5928060733,0.666917807,0.7479441757,0.7693223472,0.7824101289,0.782396921,0.766874568,0.740182519,0.7056939988,0.6655776306,0.6215056284,0.6076623169,0.6102249173,0.6096705869,0.614260608,0.6182460474,0.6239702539,0.6301205511,0.6364306216,0.6433302493,0.6499393664,0.6566710551,0.6635588504,0.6696571497,0.6770770863,0.6825178693,0.6909594865,0.6962654182,0.7054915412,0.7121777954,0.7224266606,0.7312512668,0.7428277766,0.7541951999,0.7671559915,0.7809875057,0.7950402623,0.8107634543,0.8252769491,0.8419329653,0.856042601,0.8724655865,0.8852292026,0.8998450532,0.9107030325,0.9222401021,0.9307395134,0.9387000176,0.9442741329,0.9484840861,0.950892475,0.951503315,0.9508229708,0.9482778211,0.9448609002,0.9398340355,0.9342427087,0.9275611496,0.9204887866,0.9129478098,0.9051236482,0.8976175481,0.8899932689,0.8831216057,0.8764061921,0.8706252219,0.8653398786,0.8609273707,0.8573803645,0.8544265428,0.8527138405
9.4,1.070352554,1.049979931,1.022557033,0.9904206907,0.9583549315,0.9182145018,0.8808141083,0.844429092,0.8082718154,0.7825087686,0.7625290861,0.7537890434,0.7590935236,0.7763300965,0.8076792418,0.8501029101,0.9006792895,0.9596783748,1.021557259,1.0851345,1.149607377,1.209496907,1.266767025,1.31867451,1.363382483,1.400813031,1.429185868,1.449159024,1.459716816,1.459759372,1.44995513,1.430379631,1.403333719,1.363517303,1.317360445,1.264055373,1.201603416,1.136721396,1.065226485,0.9910481119,0.918727137,0.8434162344,0.7746732486,0.7125476159,0.6568311977,0.6199111457,0.5951889483,0.5871891334,0.6005096409,0.6210636679,0.6573397921,0.7007083082,0.7426213655,0.7937801828,0.8386259314,0.8817685869,0.9258791091,0.9592166479,0.992461902,1.020517053,1.042756485,1.062599192,1.077413162,1.09029505,1.099586,1.109427148,1.117641416,1.125701702,1.13901249,1.149146301,1.165789173,1.185999909,1.204453784,1.233407377,1.259976971,1.288150376,1.322076088,1.34788115,1.376348337,1.400488757,1.411249884,1.399508063,1.341479146,1.241013364,1.103413661,0.9447934367,0.7862794841,0.6515613246,0.5688146473,0.5536558872,0.5963028619,0.6705764287,0.7513926569,0.7716651881,0.7832881651,0.7816608098,0.7646994051,0.7369834398,0.7021330703,0.6628005207,0.621745094,0.6094309751,0.6139320301,0.6155342303,0.6223616769,0.6286726211,0.6366591296,0.6450260292,0.6533920739,0.6621670041,0.6704292757,0.6784995906,0.6864823164,0.693229545,0.701083565,0.7063876559,0.7145684302,0.7189267497,0.7271553972,0.7322783665,0.7409384414,0.7477982434,0.7574197625,0.7667005813,0.7776233386,0.7895337996,0.8017507753,0.8159506002,0.8290624789,0.8447285728,0.8580157269,0.8740147205,0.8865882037,0.9013039505,0.9125698753,0.9246622435,0.9340359134,0.9429287655,0.9496942614,0.9551204188,0.9588910001,0.9609039233,0.9616241988,0.9605700747,0.9584790754,0.9549397609,0.9505081373,0.945225422,0.9390779466,0.9327419639,0.9256334266,0.9190085457,0.911886032,0.9055512349,0.8991069377,0.8935279299,0.8882856002,0.883776696,0.8800657866,0.8767742795,0.8747263223
9.5,1.075612518,1.062045005,1.041087449,1.014611046,0.9884882845,0.9513932409,0.9166388173,0.8811982983,0.8421782972,0.8132578881,0.7859940359,0.767803872,0.7631133242,0.768086136,0.7885986944,0.8212519567,0.8642281731,0.9175417973,0.9762247558,1.038745989,1.102872639,1.16547717,1.225645174,1.281323508,1.331688681,1.373701523,1.408151227,1.434422254,1.450283675,1.457246912,1.453122103,1.439062319,1.418143412,1.382578314,1.341122191,1.291807204,1.232126732,1.169928349,1.099641644,1.025814998,0.9525174432,0.8748065922,0.8018849987,0.7334849856,0.6704220797,0.6230416927,0.5877688538,0.5694655587,0.5730413549,0.5877845121,0.6202602344,0.6624130346,0.7053912822,0.7588963973,0.8072800236,0.8546557459,0.9032936782,0.9415262814,0.9795566543,1.012144507,1.039038876,1.062481159,1.080817995,1.096826652,1.107813875,1.119980766,1.129074514,1.137356323,1.151751001,1.160515711,1.176882272,1.196697706,1.213091561,1.242391656,1.267784933,1.295002804,1.329521684,1.354044431,1.382776969,1.407057488,1.41745171,1.408584162,1.35171034,1.250984545,1.111953755,0.9511802489,0.7900180542,0.652727537,0.5684700206,0.5535555102,0.5976655484,0.6735379807,0.7551562812,0.7744705152,0.7847461935,0.7816218254,0.7633808196,0.7348628624,0.699948747,0.6617935247,0.6242692108,0.6135630277,0.6201023439,0.6239136924,0.6330899596,0.6417845672,0.6521547212,0.6628278827,0.6733803915,0.6841713704,0.6942225927,0.7038324905,0.71304111,0.7206935111,0.7290889671,0.7345461684,0.7425217938,0.7461981092,0.7534411728,0.7571463974,0.7641621225,0.7690405548,0.7765479932,0.7835456509,0.7921505956,0.8017804397,0.811769837,0.8239722153,0.8352079944,0.8493595161,0.8613041763,0.8763650955,0.8882165192,0.9025709118,0.9137436818,0.9259929801,0.9358079363,0.945301976,0.9529166393,0.9592970714,0.9641921409,0.967416617,0.969410184,0.9697306596,0.9689464179,0.9668542446,0.9636603723,0.9598111569,0.9547436752,0.9497220139,0.9435224728,0.9379521883,0.9315358595,0.9259400241,0.9199612879,0.9147769184,0.9097418918,0.9052844776,0.9015279082,0.8979746741,0.8956551772
9.6,1.06982884,1.062792255,1.048526681,1.028109795,1.00895459,0.9758340223,0.9453116093,0.9128987655,0.8726006896,0.8436553935,0.8114322515,0.7858082137,0.7739493238,0.7665042074,0.7764722321,0.7987409835,0.8317533121,0.878433241,0.9318270258,0.9914874427,1.05407363,1.11775081,1.179786335,1.238226247,1.293566528,1.339464384,1.379613749,1.41210774,1.432794538,1.447253635,1.448978304,1.440691943,1.427159322,1.396033292,1.360458357,1.31646628,1.260136369,1.2026675,1.134857379,1.062826884,0.9908345739,0.912030985,0.8370501667,0.764413811,0.6955696352,0.6393361214,0.5940057249,0.5649505032,0.5571606463,0.5641500606,0.5907351225,0.6299163781,0.672717624,0.7276010324,0.778869822,0.8300069845,0.8828737236,0.925700887,0.9683238202,1.005263261,1.03661387,1.063505224,1.08518568,1.104177835,1.116665519,1.131067725,1.140901766,1.149247504,1.16477345,1.171940161,1.188015029,1.207454666,1.221512256,1.251360016,1.275469298,1.301646749,1.337006106,1.360049022,1.389192763,1.41372462,1.423680774,1.417570172,1.361469468,1.259856008,1.118585705,0.9547824837,0.7901047527,0.6497143967,0.5643285318,0.5511565508,0.5985706461,0.6774899669,0.7607414289,0.7792189669,0.788245059,0.7837236098,0.7643257219,0.7351629873,0.7003887884,0.6636290754,0.6297950459,0.6206055576,0.629205253,0.6352063671,0.6467472836,0.6578190226,0.6705858014,0.6835730864,0.6963311477,0.7091691241,0.7210424765,0.7322526036,0.7427368206,0.7513848501,0.7603813955,0.7661023953,0.7739242076,0.7770210197,0.783301633,0.7856346425,0.790968627,0.7938105541,0.7990675292,0.8035911708,0.8096168734,0.8166291403,0.8240020065,0.8337455501,0.8426110365,0.8547089895,0.8647491284,0.8783116102,0.8888508796,0.9023108029,0.9128222028,0.9247459275,0.9344974978,0.9441785918,0.952231113,0.9592328877,0.9649558567,0.9691504451,0.9722482628,0.9738016398,0.9742857372,0.9736038134,0.9717317077,0.9693838197,0.9655826079,0.9620465635,0.9570070922,0.9527473303,0.9473205384,0.9427637566,0.9375396067,0.9330488811,0.928489797,0.9243374692,0.9207616097,0.9171174461,0.914695958
9.7,1.056551254,1.055065523,1.047413799,1.033144873,1.021193982,0.9928315911,0.9675072378,0.9395898096,0.8992995963,0.8727527821,0.8376139469,0.8064491508,0.7904770179,0.7708390762,0.771223202,0.7831827541,0.8037865174,0.8435187752,0.8893499048,0.9441724523,1.004200257,1.06691972,1.129785451,1.189834143,1.249501383,1.298403219,1.34387547,1.382659449,1.407270207,1.430249007,1.437873362,1.435447058,1.431132173,1.404099901,1.375775414,1.338581893,1.285666081,1.235364055,1.171033335,1.102033962,1.033727111,0.9547262415,0.8797563783,0.8048484389,0.73188927,0.6688631068,0.6147333869,0.5755734685,0.5554505383,0.5534047095,0.5719171215,0.6059551258,0.6473006759,0.7018782891,0.7550975433,0.8092492666,0.8654567494,0.9124650719,0.9590814118,0.9998295655,1.035275367,1.065053103,1.089689167,1.111297624,1.124839415,1.141255477,1.151528521,1.15967373,1.176288364,1.1815711,1.197317444,1.216399144,1.227838508,1.25851538,1.281274961,1.306384749,1.342973598,1.36435961,1.394166412,1.419128466,1.428588739,1.425100352,1.369439859,1.266422267,1.122280002,0.9547981337,0.7861177322,0.6427052238,0.5573654841,0.5480793279,0.6007850905,0.6839710061,0.7693682824,0.7870996941,0.7949429999,0.7890817495,0.7685718916,0.7387959696,0.7041823614,0.6687584927,0.6383353549,0.6304472825,0.6410667291,0.6491678716,0.6630083161,0.6763758613,0.691451593,0.7066662753,0.7215330109,0.7363282533,0.74993352,0.7626569086,0.7743463523,0.7839102496,0.7934637287,0.7993760751,0.8070219236,0.8094693463,0.8147594754,0.8156436526,0.8192303734,0.8199197015,0.8227889826,0.8246459548,0.8278540726,0.8319534499,0.836358328,0.8432434478,0.8492861207,0.8588520455,0.8664659736,0.8780157343,0.8866924388,0.8987551285,0.9080785258,0.9192158239,0.9284405845,0.9379183497,0.946040151,0.9533650042,0.9596661572,0.9646408837,0.9687271216,0.9714422709,0.9732168417,0.9739965299,0.9735976211,0.9729200704,0.9706437235,0.9688696726,0.9653202014,0.9627234472,0.9586498752,0.9555170244,0.9514116991,0.9479845865,0.9442347869,0.9406968093,0.9375781906,0.9340524045,0.9317311965
9.8,1.039763795,1.042254129,1.040783364,1.032692967,1.026775675,1.004503131,0.9845387584,0.9615944279,0.9234784362,0.8998608572,0.8638982371,0.8292353153,0.8109485806,0.7807457827,0.772628521,0.7748417897,0.7812597971,0.8139654878,0.8500423654,0.8978730961,0.9546527595,1.013842638,1.076551826,1.137049367,1.200083328,1.251283608,1.30159131,1.346728735,1.374346669,1.406874726,1.420443315,1.423912898,1.430666453,1.407291501,1.387514082,1.358465006,1.30894328,1.267966436,1.207915694,1.142976917,1.080209164,1.001773769,0.928450987,0.8527845467,0.7773994832,0.7093101037,0.6480326556,0.6003203949,0.5673226339,0.5564003808,0.5648561977,0.5912403532,0.6306947001,0.6819388193,0.7362231412,0.7926375505,0.8501356995,0.9015036627,0.9509738681,0.9946841835,1.034059556,1.06570679,1.09295709,1.116622697,1.131038928,1.148922033,1.159451844,1.167507815,1.184400944,1.188471348,1.203683414,1.222162407,1.231868506,1.262733044,1.284533861,1.308947697,1.346380631,1.366842564,1.39731989,1.422812311,1.432144139,1.430694775,1.375009353,1.270227892,1.122820477,0.9510731591,0.7781767363,0.6323823513,0.5489786994,0.5461233486,0.6058981751,0.6940881578,0.781717986,0.7987106079,0.8053420296,0.79807603,0.7763344247,0.7457608521,0.711052729,0.6765652762,0.6488604002,0.6420095498,0.6545766695,0.6646478404,0.680683111,0.6962180727,0.713462,0.7307582868,0.7475688199,0.7641573194,0.7793229373,0.7933815456,0.8061157772,0.816408721,0.8263843188,0.8322969335,0.8396649824,0.8412766588,0.8454855822,0.8447544016,0.846490168,0.844864441,0.8452050029,0.8442104495,0.8443981807,0.8453508316,0.8465091258,0.85023995,0.853110507,0.859794917,0.8645869487,0.8737481035,0.8801554241,0.8904576205,0.8982221368,0.9082503668,0.9166424882,0.9256653646,0.9336413898,0.9411314878,0.9479057325,0.9536113684,0.9587015953,0.9626443012,0.9658454004,0.9682641146,0.9695823005,0.9708503034,0.9704255318,0.9707644447,0.969078721,0.9685344241,0.9661967531,0.9648759246,0.9622473703,0.9602310514,0.9575951136,0.954941496,0.9525105269,0.9492654022,0.9471890491
9.9,1.022430158,1.027900218,1.031391947,1.029426082,1.027154373,1.012778618,0.9976330599,0.9788354017,0.9470106088,0.9239013082,0.8896770005,0.8544165777,0.8321204889,0.7966042365,0.7802590026,0.773013567,0.7667918356,0.7903879725,0.8156669253,0.8544833738,0.9069437056,0.9600808907,1.021415482,1.081621753,1.145582771,1.199742321,1.253881702,1.304506706,1.336568022,1.377136983,1.397430316,1.407733911,1.424373877,1.407014845,1.395891214,1.375226729,1.331560556,1.2990848,1.244756397,1.185108573,1.127557283,1.051757051,0.9806443861,0.905210542,0.8291206446,0.7570085907,0.6903210527,0.635625143,0.5903639446,0.5712495742,0.5684484406,0.5850218558,0.622473108,0.6668008089,0.7212946238,0.7791716387,0.8351617483,0.8914772354,0.9422999829,0.9880971372,1.031137534,1.06375537,1.093343247,1.118203328,1.134479454,1.152327639,1.163451146,1.172447947,1.186988697,1.192843446,1.206828066,1.22377128,1.235452591,1.263368797,1.285670412,1.310651726,1.346264802,1.368897984,1.399218467,1.425057711,1.43565985,1.43466172,1.378138222,1.271381521,1.120546591,0.9438757254,0.766777844,0.6198151888,0.540894704,0.5470919651,0.6151538111,0.7084370225,0.7979224444,0.8140004809,0.8191896049,0.8102276247,0.7868755533,0.7550348631,0.7196681952,0.6854123534,0.6594729058,0.6534231064,0.6678721681,0.6797865538,0.6979245141,0.7155004419,0.7347850904,0.7540222665,0.7726211351,0.7908462679,0.8074027155,0.8226245796,0.8362364914,0.8470720252,0.8573211448,0.8630342936,0.8700068863,0.8705802872,0.873607706,0.8710792362,0.8708622116,0.8667587247,0.8644507233,0.8604489095,0.8574616419,0.8551014048,0.8528145637,0.8532023924,0.8526645423,0.856258243,0.8579771956,0.8645371468,0.868441435,0.8767976809,0.8828276679,0.8916095941,0.8990667283,0.907571731,0.915386356,0.9230691527,0.9303948676,0.9369552179,0.9432212013,0.9486065454,0.9534891802,0.9578369252,0.9611904492,0.964742744,0.9665228382,0.9693287534,0.9698583446,0.9717028311,0.9714183177,0.9722010492,0.9713065812,0.9709261942,0.9695853856,0.9679579506,0.9663138359,0.963394007,0.9615821872
10,1.006884736,1.015356863,1.02183471,1.024828875,1.02539775,1.018294056,1.00766197,0.9923669621,0.9687348811,0.9449808911,0.9141136126,0.8806974475,0.8527957859,0.8172787838,0.7932349862,0.77681594,0.7622449988,0.7732192459,0.7880963394,0.8167693619,0.8623192815,0.9084344969,0.9665381994,1.025833376,1.087811496,1.146014194,1.202756452,1.257124044,1.29695593,1.341810313,1.370087907,1.388870408,1.411391086,1.404662085,1.401112484,1.388027266,1.354347638,1.327179105,1.280295302,1.22698856,1.173025563,1.102286059,1.033187035,0.958784557,0.8827958747,0.8079219876,0.737169007,0.6762141731,0.6218851672,0.5935388781,0.5798936178,0.5863062331,0.6188131315,0.6558148879,0.7086598666,0.7663354105,0.8202859587,0.879861695,0.9313024486,0.9786815528,1.024001744,1.057874768,1.089231742,1.114695597,1.133901452,1.150614438,1.162912146,1.173709305,1.184555966,1.194429899,1.207047004,1.222216587,1.238593972,1.261736598,1.285797029,1.312401557,1.344415549,1.371559009,1.40113029,1.427201498,1.439992992,1.437809166,1.379403538,1.270030567,1.115346101,0.933581892,0.7529598999,0.6067342614,0.5352528304,0.5526010627,0.6292524424,0.7269834365,0.8174861454,0.8321865855,0.8354137218,0.8241706276,0.7985384283,0.7646908622,0.7278706328,0.6929898611,0.6678683539,0.6624904673,0.678795978,0.692474776,0.7126789985,0.7322184875,0.753486847,0.7745895327,0.7949022398,0.8146927837,0.8325564032,0.8488717717,0.8632796933,0.8745824216,0.8850379243,0.8904616252,0.8969976504,0.8964284459,0.8982509166,0.8938236813,0.8916276334,0.8849537899,0.8799516429,0.8728575379,0.8666167634,0.8608596208,0.8550127281,0.8519696766,0.8478855121,0.8483005769,0.8468162098,0.8507007798,0.8520185243,0.8583931588,0.8626893416,0.8702457665,0.8768536948,0.8849395683,0.8927593178,0.9008190353,0.9089314302,0.9166095812,0.9243364318,0.9314862649,0.9383608664,0.944986676,0.950683287,0.9568576097,0.961120219,0.9666755629,0.9696441123,0.9740773033,0.9759990565,0.9789976426,0.9799091661,0.9811946812,0.9811414324,0.980497546,0.9795652206,0.9768632323,0.9751917779
