子图11 热图矩阵（行=y，列=x）,-4,-3.95,-3.9,-3.85,-3.8,-3.75,-3.7,-3.65,-3.6,-3.55,-3.5,-3.45,-3.4,-3.35,-3.3,-3.25,-3.2,-3.15,-3.1,-3.05,-3,-2.95,-2.9,-2.85,-2.8,-2.75,-2.7,-2.65,-2.6,-2.55,-2.5,-2.45,-2.4,-2.35,-2.3,-2.25,-2.2,-2.15,-2.1,-2.05,-2,-1.95,-1.9,-1.85,-1.8,-1.75,-1.7,-1.65,-1.6,-1.55,-1.5,-1.45,-1.4,-1.35,-1.3,-1.25,-1.2,-1.15,-1.1,-1.05,-1,-0.95,-0.9,-0.85,-0.8,-0.75,-0.7,-0.65,-0.6,-0.55,-0.5,-0.45,-0.4,-0.35,-0.3,-0.25,-0.2,-0.15,-0.1,-0.05,0,0.05,0.1,0.15,0.2,0.25,0.3,0.35,0.4,0.45,0.5,0.55,0.6,0.65,0.7,0.75,0.8,0.85,0.9,0.95,1,1.05,1.1,1.15,1.2,1.25,1.3,1.35,1.4,1.45,1.5,1.55,1.6,1.65,1.7,1.75,1.8,1.85,1.9,1.95,2,2.05,2.1,2.15,2.2,2.25,2.3,2.35,2.4,2.45,2.5,2.55,2.6,2.65,2.7,2.75,2.8,2.85,2.9,2.95,3,3.05,3.1,3.15,3.2,3.25,3.3,3.35,3.4,3.45,3.5,3.55,3.6,3.65,3.7,3.75,3.8,3.85,3.9,3.95,4
0.5,0.003171180682,0.003277453095,0.003255919529,0.003246758642,0.003316912946,0.003264644266,0.00329142353,0.003308472673,0.003273418257,0.00331406293,0.003302812864,0.003295924193,0.003320592767,0.00329521217,0.00330130378,0.003303094791,0.003282999103,0.003293489453,0.003282211823,0.003272176067,0.003275030078,0.003256332368,0.003250485449,0.003242433801,0.003224653065,0.00321945816,0.003204598186,0.003189938913,0.003180223393,0.003161156531,0.003147021503,0.003131514019,0.003111755247,0.003096566931,0.003077112305,0.003057360108,0.003038902476,0.0030166076,0.002995569865,0.002973447804,0.002949635647,0.00292638769,0.002901428544,0.002875697725,0.00284982489,0.002821906946,0.002793787204,0.002764807717,0.002733720798,0.00270306038,0.002670206054,0.002636054056,0.002601912049,0.00256426673,0.002526419776,0.002487124142,0.002444426826,0.00240226396,0.002356385662,0.002308253148,0.002260119476,0.00220581222,0.002151133939,0.002093707135,0.002030826665,0.001967822484,0.001898973512,0.001826387376,0.001752842219,0.001670394744,0.001586766855,0.001499100203,0.001404138641,0.001309568488,0.001208291379,0.001104372949,0.001001684669,0.0008949902786,0.0007946176434,0.0007019114216,0.0006224961685,-0.0001314147284,-0.001144898606,-0.002299983919,-0.003512839702,-0.004628178593,-0.005738513489,-0.006799409193,-0.007775640418,-0.008619006328,-0.009334957596,-0.00984615089,-0.01003200539,-0.01017401537,-0.01033233099,-0.01039090686,-0.01032415869,-0.01016424813,-0.009920511044,-0.009524136758,-0.008429729938,-0.008130549729,-0.008129253213,-0.008141828228,-0.008155084474,-0.008187816973,-0.008265101223,-0.008370380526,-0.008487253658,-0.008601993699,-0.008727789137,-0.008867703945,-0.009024432227,-0.009181605611,-0.009323814686,-0.009450989002,-0.009575648781,-0.009716671767,-0.009853003394,-0.009970907839,-0.01006407851,-0.01015084881,-0.01025102203,-0.01035530388,-0.01045529713,-0.01051180556,-0.01056109347,-0.01062105809,-0.01070676847,-0.01078571048,-0.01082672337,-0.01085022305,-0.01087082761,-0.01094284936,-0.01101252827,-0.01106009193,-0.01106038538,-0.01105287984,-0.01110085863,-0.01117517028,-0.01123888946,-0.01121507011,-0.01119340023,-0.01120210255,-0.01127819449,-0.01135102529,-0.01135049658,-0.0113000446,-0.01123862949,-0.01134160388,-0.01143219223,-0.01145236661,-0.0113814923,-0.01130217023,-0.01134514637,-0.01144482503,-0.01154577905,-0.01144743108,-0.01130047791,-0.0112440428,-0.01142469678
0.6,0.003896304475,0.004031645641,0.004004615333,0.003992942136,0.004080559835,0.004013633279,0.004045705189,0.00406488517,0.004018908425,0.0040664985,0.004049222106,0.004037093358,0.004063356739,0.004027567059,0.00403007356,0.004026893251,0.003996288061,0.004003009343,0.003982445217,0.003962920022,0.003959199784,0.003927960907,0.003912498717,0.003894111762,0.003862354716,0.003847144757,0.003818640829,0.003789761392,0.003768247234,0.00373226645,0.003703652419,0.003673083135,0.003634720523,0.003604730813,0.003566988972,0.00352839665,0.003493534394,0.003449755611,0.003409684608,0.003368002491,0.003321025425,0.003278539425,0.003230720951,0.003181826803,0.003134367009,0.003080994334,0.003028941426,0.002974987954,0.002917578733,0.002860980238,0.002800758387,0.002738873658,0.002676071846,0.00260929472,0.002541331598,0.002470817878,0.002397318916,0.002321416406,0.002242191163,0.002159990905,0.002074538157,0.001984980765,0.001891645767,0.001794354207,0.001692526959,0.00158580156,0.001473975528,0.001356913629,0.00123535051,0.001106185749,0.0009721717978,0.0008327666641,0.0006860866797,0.0005360485989,0.0003796967507,0.0002196014683,6.007460382e-05,-0.0001019014942,-0.0002556572495,-0.0003972822873,-0.0005161220667,-0.001627708628,-0.003126321769,-0.004835508618,-0.006632514058,-0.008289958658,-0.009939421503,-0.01151391879,-0.01296114029,-0.01420792518,-0.01526075711,-0.01600392558,-0.01625755646,-0.01644087201,-0.0166317811,-0.01665951407,-0.01648944293,-0.01616875605,-0.01571578202,-0.01502951208,-0.01331411704,-0.01286737152,-0.01285993951,-0.01287466228,-0.0128907031,-0.01293709634,-0.01304878606,-0.01320230603,-0.01337271071,-0.01354104402,-0.01372632433,-0.01393207489,-0.01416089645,-0.01439154838,-0.01460074241,-0.01478795013,-0.01497124643,-0.0151771305,-0.01537583315,-0.01554759606,-0.01568476362,-0.01581195302,-0.01595684758,-0.01610626929,-0.01624971719,-0.01633176963,-0.01640318277,-0.01648851452,-0.01660825286,-0.01671800332,-0.01677500043,-0.01680746261,-0.01683493087,-0.01693195238,-0.01702479132,-0.0170870401,-0.01708403046,-0.01706954473,-0.0171296744,-0.01722493729,-0.01730464347,-0.01726472879,-0.01722712355,-0.01722934424,-0.01732213904,-0.01740894024,-0.01739620235,-0.01731360172,-0.01721379365,-0.01733803845,-0.01744298913,-0.017449181,-0.01733198268,-0.01720091796,-0.01723325239,-0.01734014412,-0.01744749859,-0.01728301546,-0.01704416865,-0.01692720418,-0.01713783066
0.7,0.00498080833,0.005145628387,0.005117272549,0.005105990304,0.005212769706,0.005133944001,0.005172862112,0.005195968377,0.005139554467,0.005195733859,0.005172717802,0.005155149283,0.005183964719,0.005136158177,0.005134620414,0.005125514634,0.005082064522,0.005083764625,0.005051276907,0.005019446833,0.0050062759,0.004958718568,0.004929780724,0.004896447486,0.004846503722,0.004815449877,0.004767869077,0.004719289628,0.004678176107,0.004619939491,0.004569170341,0.004515266551,0.004452376944,0.004397234042,0.004333167925,0.004267501826,0.004204337076,0.004131725733,0.004061592301,0.003988796766,0.003910553165,0.003834714869,0.003753400679,0.003670037261,0.003586728884,0.003497238605,0.003407706245,0.003315554759,0.003218841457,0.00312219492,0.003020831715,0.002916695416,0.002811310445,0.002699899733,0.002586904775,0.002470449432,0.002348760749,0.002225217016,0.002095983892,0.001962441379,0.00182614258,0.001681710355,0.001533908864,0.001380777101,0.001219793769,0.001054940119,0.0008815777198,0.0007012386221,0.0005167877731,0.0003197155455,0.0001181469206,-9.044833237e-05,-0.0003100117017,-0.000531339733,-0.0007621402274,-0.0009971254303,-0.001229903605,-0.001465852686,-0.001688684452,-0.001893551497,-0.002064010934,-0.003627802042,-0.005742955001,-0.008160757447,-0.01070904143,-0.01307111051,-0.01542342291,-0.0176695628,-0.01973370338,-0.02150993786,-0.02300347747,-0.02404959767,-0.02438931557,-0.02461949261,-0.02483105054,-0.0247875999,-0.02444165027,-0.02386040583,-0.02307830676,-0.02195301636,-0.01937697977,-0.01873812305,-0.01871869795,-0.01873350966,-0.01874936828,-0.01881192422,-0.01896500721,-0.01917807443,-0.01941557436,-0.01965122389,-0.01991146856,-0.02019984584,-0.0205201348,-0.02084237446,-0.02113663429,-0.02140026577,-0.02165846157,-0.02194496522,-0.02222138973,-0.02246096659,-0.02265392102,-0.02283273644,-0.02303256061,-0.02323684325,-0.02343228652,-0.02354702678,-0.02364607021,-0.02376180501,-0.02392047106,-0.0240645528,-0.02413961049,-0.02418252576,-0.02421819303,-0.0243394612,-0.02445458372,-0.0245302675,-0.02452145344,-0.02449559206,-0.02456385147,-0.02467573224,-0.02476485597,-0.02470130294,-0.02463998346,-0.0246268324,-0.02472591463,-0.02481572521,-0.02477870876,-0.02464936396,-0.02449445478,-0.0246250634,-0.02472709121,-0.02469819504,-0.02451261458,-0.02430512491,-0.02430107764,-0.02438736545,-0.02447218075,-0.02420792447,-0.02383630817,-0.02361759669,-0.0238227128
0.8,0.006974509598,0.007173465589,0.007157254582,0.007158509515,0.007289378134,0.007213080437,0.007266082592,0.007300386595,0.007245195425,0.007313672854,0.007293065686,0.007277290608,0.007311844627,0.00725995968,0.007258251464,0.007246916803,0.00719623099,0.007194315197,0.007153183254,0.00711154469,0.00708935905,0.007027564782,0.006985177814,0.006936626851,0.006868309469,0.006819569069,0.006751148176,0.006680317141,0.006616519879,0.006532198403,0.006454911308,0.006372857184,0.006279475517,0.006193332265,0.006095945776,0.005995506921,0.005896612572,0.005785769218,0.005676487401,0.005563020766,0.005442250216,0.005322833111,0.005196150812,0.00506598017,0.004934693165,0.004795233381,0.004654556102,0.004509798375,0.004358827161,0.004206664961,0.004048101125,0.00388533884,0.003720031323,0.003546841165,0.003370730852,0.003189684697,0.003001730536,0.002810453038,0.002611738246,0.00240703758,0.002198182146,0.001978935506,0.001754784026,0.00152354204,0.001282217968,0.001035466581,0.0007779130789,0.0005113717906,0.0002393612985,-4.83279709e-05,-0.0003418182188,-0.0006440758877,-0.0009599119905,-0.001277540196,-0.001606590975,-0.001940164256,-0.002269986963,-0.002601813157,-0.002914796757,-0.003201813132,-0.003437789056,-0.005572259814,-0.008468187258,-0.01178720806,-0.01529744531,-0.01857460838,-0.02184520302,-0.02497482924,-0.02785725936,-0.03034425729,-0.03243418344,-0.03389894696,-0.03437693488,-0.03468497886,-0.03492295927,-0.0347727429,-0.0341684175,-0.03320344488,-0.03193771242,-0.03017714043,-0.0264242031,-0.0255362285,-0.02550056922,-0.02551509561,-0.02552832266,-0.02561189483,-0.02581701221,-0.0261061107,-0.0264290346,-0.02675105497,-0.02710784762,-0.02750206483,-0.0279383262,-0.02837717784,-0.02878076716,-0.02914287561,-0.02949759353,-0.02988595431,-0.03026038132,-0.03058566994,-0.03085096335,-0.03109643376,-0.0313647438,-0.03163593458,-0.03189476969,-0.03205139495,-0.03218574721,-0.03233843369,-0.03254124318,-0.03272349907,-0.03281918448,-0.03287433919,-0.03291876284,-0.03306255828,-0.03319712888,-0.03328284413,-0.03326391785,-0.03322077407,-0.03328950958,-0.03340884498,-0.0334966074,-0.0333981348,-0.03330109058,-0.03325814177,-0.03334612825,-0.03341997267,-0.03333964079,-0.03314219996,-0.03290838481,-0.03301898875,-0.03308887374,-0.03299226826,-0.03270561563,-0.03238663537,-0.03230504215,-0.03232499888,-0.03234063732,-0.03192767165,-0.0313659401,-0.03098503723,-0.03112346808
0.9,0.01099344494,0.01126356943,0.01130665115,0.0113655414,0.01155718909,0.01153022207,0.01163572772,0.01171931897,0.01170751646,0.01182173991,0.01184096471,0.01186292325,0.01193470813,0.01191416496,0.01194325666,0.01195993832,0.01193328625,0.01195461178,0.0119326769,0.01190767084,0.01190061815,0.01184924359,0.01181574599,0.01177341824,0.01170742874,0.01165981814,0.01158862147,0.01151225328,0.01144164613,0.01134538025,0.01125486648,0.01115691746,0.01104345787,0.01093653545,0.01081417381,0.01068609269,0.01055853783,0.01041366572,0.01026936059,0.01011827966,0.009955615446,0.009793941817,0.009620721079,0.009441618701,0.009260050801,0.009065717316,0.008868859336,0.008665183778,0.00845240177,0.008236279953,0.008010907626,0.007779035551,0.007541980261,0.007294562679,0.007041599422,0.006781021827,0.006511787976,0.006235314326,0.005949718659,0.005655780824,0.005353860322,0.005040668754,0.004718738665,0.004387177012,0.004044159531,0.003691063818,0.003325760937,0.002948780372,0.002562830833,0.002159777249,0.001747605701,0.001324568905,0.0008862615099,0.0004440053331,-1.033542854e-05,-0.0004696398722,-0.0009238119337,-0.001376853192,-0.001804333567,-0.002195347492,-0.002512742337,-0.005356256938,-0.009234118073,-0.01369962718,-0.01844978532,-0.0229338687,-0.02743136488,-0.03176035591,-0.03577360472,-0.03926730142,-0.04222736458,-0.04434285693,-0.04511415701,-0.0456259749,-0.04598320066,-0.04576015885,-0.04486210274,-0.04341829784,-0.04152729197,-0.03892720279,-0.03363479553,-0.03244433859,-0.03240691802,-0.03243735439,-0.03245772529,-0.03258213801,-0.0328652698,-0.033263765,-0.03370702336,-0.03415022306,-0.03464127112,-0.03518051571,-0.03577339163,-0.03636914754,-0.03692163164,-0.03741831725,-0.03790449409,-0.03842856277,-0.03893314022,-0.03937308498,-0.03973788916,-0.04007462004,-0.04043358539,-0.04079115856,-0.04113151949,-0.04134602382,-0.04152953519,-0.04173081351,-0.04198649583,-0.04221371359,-0.04233572761,-0.04240770298,-0.04246390786,-0.04262843028,-0.04277905815,-0.04287078983,-0.04283735443,-0.04277085187,-0.04282955125,-0.04294296971,-0.04301394281,-0.04286656543,-0.04271840931,-0.04262617449,-0.04267724903,-0.04270735685,-0.04255754675,-0.04226385485,-0.04192008789,-0.04197068615,-0.04196512989,-0.04175480614,-0.04132277841,-0.04084585405,-0.04062756089,-0.04051344344,-0.04039190887,-0.03976353017,-0.03893626014,-0.03831074608,-0.03828899056
1,0.01916324748,0.01965017607,0.01990944403,0.02017956405,0.02057676154,0.0207528414,0.02105558207,0.02133239423,0.02150964805,0.02180758921,0.02200624754,0.02220291352,0.02244498825,0.02258918268,0.02277847432,0.02295055995,0.02307415532,0.02324065872,0.02335865985,0.02346861205,0.023591655,0.02366440047,0.0237500842,0.02382170652,0.02386459259,0.02391986928,0.02394640923,0.02396266419,0.02397911236,0.02396443893,0.0239499629,0.02392274008,0.02387525975,0.02382761818,0.02375981625,0.02368110098,0.02359709084,0.02349078647,0.02337925034,0.02325575534,0.02311620616,0.02297084146,0.02280950242,0.0226371513,0.02245688397,0.02225875048,0.02205268336,0.02183495669,0.02160317381,0.0213624331,0.02110756178,0.02084123552,0.02056513003,0.0202728072,0.019970395,0.01965567625,0.019326943,0.01898651789,0.01863159446,0.01826350456,0.0178836362,0.01748577797,0.0170754127,0.01665075006,0.01620878347,0.01575313921,0.0152795495,0.01478960042,0.01428754886,0.01376144203,0.01322341444,0.01267064765,0.01209732467,0.011519265,0.01092514976,0.01032486815,0.009731453589,0.00914027701,0.008582879049,0.008073477483,0.007662772516,0.00399041792,-0.001077926055,-0.006976548851,-0.01332121469,-0.01942102166,-0.02560570197,-0.03163721299,-0.03731517865,-0.04236370014,-0.04674668616,-0.05004839109,-0.05158305978,-0.05274403902,-0.05363237911,-0.05368033439,-0.05274302266,-0.05099570733,-0.04859786036,-0.04519050091,-0.03821407308,-0.03677476629,-0.03684864362,-0.0369979881,-0.03710923476,-0.03736626773,-0.03782172248,-0.03843036572,-0.03909387416,-0.03975403855,-0.04047477584,-0.04125365216,-0.04210001457,-0.04294318137,-0.04373313482,-0.04444667918,-0.04514288891,-0.04587696706,-0.04658175451,-0.04720142609,-0.04772726868,-0.04821137893,-0.04871171884,-0.04920174565,-0.04966588961,-0.04997894785,-0.05024761641,-0.05052913126,-0.05086343858,-0.05115730893,-0.05132697917,-0.05143604579,-0.05152184485,-0.0517134719,-0.05188422991,-0.05198637715,-0.05194403807,-0.05185633723,-0.05189868048,-0.05199409142,-0.05203298827,-0.05182710798,-0.05161672178,-0.05145669513,-0.05143915707,-0.05139234973,-0.05114444458,-0.05072553469,-0.0502404061,-0.05017808683,-0.05004115426,-0.04966141805,-0.0490331347,-0.04834664395,-0.04791709767,-0.04758094541,-0.04723542571,-0.04631230195,-0.04513536332,-0.04416846427,-0.043859626
1.1,0.03198777336,0.03309398312,0.03399050756,0.03488989535,0.03589579405,0.03669639525,0.0376024163,0.0384773897,0.03925526355,0.04013173349,0.04091082838,0.04167920956,0.04247898051,0.04318099401,0.04391363381,0.04462109906,0.04527539932,0.04595648796,0.04658403544,0.04719394091,0.04780480748,0.04835879517,0.04891333063,0.04944432614,0.04993876458,0.05043129037,0.05088707321,0.05132237551,0.05174625962,0.05212956876,0.05250133837,0.05285018793,0.053169652,0.05347524198,0.053751456,0.05400634439,0.05424454714,0.05444986349,0.05463854193,0.05480486821,0.05494566033,0.05506712896,0.0551631605,0.05523775174,0.05529329909,0.05532003783,0.05532775889,0.0553135726,0.0552756177,0.05521586171,0.0551323093,0.05502706515,0.05490142158,0.05474833486,0.05457458336,0.05437844755,0.05415850281,0.05391461894,0.0536464992,0.05335509976,0.05304178458,0.0526989831,0.05233356968,0.05194395708,0.05152696537,0.05108493476,0.0506149675,0.05011867562,0.04960110836,0.049047441,0.04847300731,0.04787480197,0.04724586872,0.046604548,0.04593827519,0.04525907956,0.04458313698,0.04390367068,0.04326008533,0.04266927751,0.04218842947,0.03776412969,0.03148875762,0.02402054974,0.01582052885,0.00770852571,-0.0006849252161,-0.009067204587,-0.01718064371,-0.02466344112,-0.03145171711,-0.03701017711,-0.0404217619,-0.04338371285,-0.0459842749,-0.04746416446,-0.04760474822,-0.0466222659,-0.04477159299,-0.04157462496,-0.03393799747,-0.03280714187,-0.03344099857,-0.0341106495,-0.03466486736,-0.03538046976,-0.03632901939,-0.03746203261,-0.03864530148,-0.03980678332,-0.04103001078,-0.04231160023,-0.0436687918,-0.04499902557,-0.04625679273,-0.04740166652,-0.04851007232,-0.04964386703,-0.05072633409,-0.05169083857,-0.05253428751,-0.05330870893,-0.05408170406,-0.05482417734,-0.05552289402,-0.05604075567,-0.05649180845,-0.05694105882,-0.05742936344,-0.05785724249,-0.05814078092,-0.05834947062,-0.05852165691,-0.05877936761,-0.05900394135,-0.0591488554,-0.05913248688,-0.05905423793,-0.05909435528,-0.0591755159,-0.05918340736,-0.05893010872,-0.05866455605,-0.05843254982,-0.05832151284,-0.05817061049,-0.05780573478,-0.05724579722,-0.05660233066,-0.05636946943,-0.05604224051,-0.05544043387,-0.05457235565,-0.0536356959,-0.05291667866,-0.05226023296,-0.05159775417,-0.05030580371,-0.0487092163,-0.04731069536,-0.04656432184
1.2,0.033774947,0.03601279603,0.03808820409,0.04016071679,0.04230726796,0.04429202446,0.04634731521,0.04836938048,0.05030795024,0.05230824983,0.05422297323,0.05611626236,0.05801865048,0.05983228226,0.06165285972,0.06343836624,0.06516760625,0.0668974183,0.06856951955,0.07021003821,0.07183235949,0.07339096769,0.07493017626,0.07643190559,0.07788607209,0.07931564878,0.08069690438,0.08204176162,0.08335710104,0.08461731104,0.08584750522,0.0870388519,0.08818603816,0.08929809749,0.09036577086,0.09139534706,0.09239076088,0.09333512986,0.0942452816,0.09511647314,0.09594581103,0.09673552771,0.09748347002,0.0981932392,0.09886695784,0.09949269737,0.1000824831,0.1006337619,0.1011452207,0.1016146925,0.1020444329,0.1024362082,0.1027907567,0.1030994652,0.1033708385,0.103603741,0.1037976214,0.103947458,0.1040579967,0.1041295385,0.1041625248,0.104148666,0.1040956451,0.1040028556,0.1038678531,0.1036880877,0.1034655801,0.1032010678,0.1028992001,0.102543394,0.102150728,0.1017188463,0.1012404142,0.1007315517,0.1001820644,0.09960404971,0.09901540271,0.09840429848,0.09781581337,0.09726648147,0.0967973787,0.09201718698,0.08494221353,0.0762426914,0.06643317105,0.05643843725,0.04585458242,0.03501954823,0.02424066988,0.01397093551,0.004300268629,-0.004120327719,-0.01013411716,-0.01572001244,-0.02091574445,-0.02476157401,-0.02699656441,-0.02781966789,-0.02761533016,-0.02594573458,-0.01956902311,-0.01994037593,-0.02174317458,-0.02349533307,-0.02500497266,-0.02657862227,-0.0284447216,-0.03049998859,-0.03257992644,-0.03459495303,-0.03665291485,-0.03875568828,-0.04092547608,-0.04302632495,-0.04501165049,-0.04682542728,-0.04856860621,-0.05029666228,-0.05193709256,-0.05340854709,-0.0547158275,-0.05590954223,-0.05706496387,-0.05815381948,-0.05916893828,-0.05996556418,-0.06066371723,-0.0613309778,-0.06200443336,-0.06258961042,-0.06301087743,-0.06333904351,-0.06361063817,-0.06392253551,-0.06418294523,-0.06435270093,-0.06435174485,-0.06427067451,-0.06427044534,-0.06428435551,-0.06420969997,-0.06387672313,-0.06351951296,-0.06316458688,-0.0628787069,-0.06254281592,-0.06199579445,-0.06124134056,-0.06039076785,-0.05986828978,-0.05923672565,-0.05831911128,-0.05713295904,-0.05587958139,-0.05474844342,-0.05362324539,-0.05250684703,-0.05074619773,-0.04865683661,-0.04672274329,-0.04532497544
1.3,0.001041596275,0.004031907384,0.00694540661,0.009866999135,0.01283699693,0.01572375691,0.01865072583,0.02155792887,0.02441482184,0.02730159359,0.03013229097,0.0329407903,0.03574246898,0.0384807887,0.04120730866,0.04389717078,0.04653719086,0.04915648977,0.05172232586,0.05424816933,0.05674047004,0.05917065695,0.06156447805,0.06391111042,0.06620430457,0.06845293717,0.07064621098,0.0727902046,0.07488828907,0.07692201366,0.0789085676,0.08084272992,0.08272135847,0.08454484203,0.08631213635,0.08802658603,0.08969030161,0.0912890867,0.09283691027,0.09433115857,0.09577022232,0.09715048015,0.09847567843,0.09974799736,0.1009687109,0.1021261798,0.103232355,0.1042859487,0.1052865747,0.1062276069,0.1071161145,0.1079531421,0.1087390408,0.1094644317,0.1101389815,0.1107624131,0.1113348079,0.1118475847,0.1123094348,0.1127203094,0.1130804216,0.1133801734,0.1136288429,0.1138263763,0.113970605,0.1140559639,0.1140875978,0.114065925,0.1139955056,0.1138574835,0.1136709792,0.1134336211,0.1131376019,0.112796723,0.1124024579,0.1119664687,0.1115072507,0.1110075325,0.1105158802,0.1100473757,0.1096199938,0.1045887952,0.09690675462,0.08725236612,0.0762050394,0.06484448995,0.0527286887,0.04028308429,0.02789376077,0.01614271567,0.005190569351,-0.004142276222,-0.01044476046,-0.01601949766,-0.02075477683,-0.02352763339,-0.02411756884,-0.02262106972,-0.01955355548,-0.01482888618,-0.004882577603,-0.005134346073,-0.006668514874,-0.008214846269,-0.009507326517,-0.0108254928,-0.0126036005,-0.01463020001,-0.01672287376,-0.01874924309,-0.02084507108,-0.02301784426,-0.0252854471,-0.02749860863,-0.02957223114,-0.03145103715,-0.03326499208,-0.03504085069,-0.03672930433,-0.03822829503,-0.03954326546,-0.04073492696,-0.04186685608,-0.04291721039,-0.04388553313,-0.04463220925,-0.0452752782,-0.04586998771,-0.04644138157,-0.04692266803,-0.04725211928,-0.04749114177,-0.04766966386,-0.04783828294,-0.04795190623,-0.04798495054,-0.04787238755,-0.04768530787,-0.04752217422,-0.04734332375,-0.04708538342,-0.0466221509,-0.04613078306,-0.04560929489,-0.04508222897,-0.04451410212,-0.04377429068,-0.04285548464,-0.04185490817,-0.04100959907,-0.04007011231,-0.03889036589,-0.0374739358,-0.03602636402,-0.03455475074,-0.03302105671,-0.03153539037,-0.0294712981,-0.02713558034,-0.02488249766,-0.02289698227
1.4,-0.05309111208,-0.05019228248,-0.04723965951,-0.04424163178,-0.04120391551,-0.03812823684,-0.03502789202,-0.03190939956,-0.02877978708,-0.02563788208,-0.02249663475,-0.01936005648,-0.01623197954,-0.01311723355,-0.01002068322,-0.006946856426,-0.003899743946,-0.0008825962112,0.002100486108,0.005047115732,0.007954862287,0.01081734759,0.01363539393,0.01640665748,0.01912930187,0.02179667906,0.02441159318,0.02697282682,0.0294790512,0.03192279604,0.03430905843,0.03663704951,0.03890649268,0.04110842838,0.0432504884,0.0453321906,0.04735291592,0.04930472929,0.05119513584,0.05302445828,0.05479341485,0.05649155693,0.05812959911,0.05970733331,0.06122448606,0.06267316813,0.06406195778,0.06539182985,0.06666380326,0.06786697302,0.06901320127,0.07010237032,0.07113424253,0.0721008741,0.07301102632,0.0738657785,0.074665929,0.07540038663,0.07608082086,0.07670669487,0.07727831237,0.07778541999,0.07823821687,0.07863700401,0.0789794997,0.07925891911,0.0794815535,0.07964765575,0.07976222526,0.07980342578,0.07979276789,0.07972715785,0.07959723115,0.07941695084,0.07917637719,0.07888724412,0.07856932899,0.0781978437,0.07782640035,0.07746792774,0.07711527647,0.07213191877,0.06428524933,0.05429533499,0.04284935502,0.03126333691,0.01909240553,0.006927652351,-0.004695502216,-0.01499386845,-0.02366656649,-0.02965101365,-0.0313189624,-0.03122669783,-0.02909422978,-0.02375109736,-0.01525875283,-0.003725340053,0.009982591273,0.0251656069,0.0459771956,0.04962873178,0.05074111063,0.05152956946,0.05230788241,0.05277137884,0.05252276021,0.05183659451,0.05090755305,0.04992692506,0.04876187944,0.04740094553,0.04582923269,0.0442043759,0.04266479339,0.04124782641,0.03982343862,0.03837746564,0.03695778421,0.03567101816,0.03452296173,0.03344703262,0.03239542719,0.03139005678,0.0304371633,0.0296443437,0.02891587275,0.02822150303,0.0275492227,0.02693000104,0.02640899723,0.02595061887,0.02553456099,0.02514105232,0.02478694071,0.02448424933,0.02426854292,0.02409131438,0.02393840915,0.02381770377,0.02373398842,0.02376677641,0.02382239943,0.02391818746,0.02407349522,0.02423884117,0.02451152838,0.02488849579,0.02529765813,0.02574512641,0.0262315241,0.02684807464,0.0276408021,0.02839028574,0.02928178091,0.03026766876,0.03114747239,0.03245501005,0.03386968042,0.03526273042,0.03672320142
1.5,-0.1261621424,-0.1239770916,-0.1215288462,-0.1189420396,-0.1162807196,-0.1133857915,-0.1104435371,-0.1073973821,-0.1042279184,-0.1010285455,-0.09772951199,-0.09438295018,-0.09101790297,-0.0875750166,-0.08413282304,-0.08067309144,-0.07719054521,-0.07372482508,-0.07025114679,-0.06679202283,-0.06336134478,-0.05993738261,-0.05655275732,-0.05320073985,-0.04987913157,-0.04660959893,-0.04337796695,-0.04019423647,-0.03706496769,-0.03398395552,-0.03096207549,-0.0279957303,-0.02508287487,-0.02223918554,-0.01945145212,-0.01672399787,-0.01405966022,-0.01145934524,-0.008922917938,-0.00644750589,-0.004030827477,-0.001686614871,0.0005992942796,0.002825143188,0.004989795791,0.007088990034,0.009128114373,0.01110977867,0.01303621108,0.01489418975,0.01669840568,0.01844801985,0.02014233274,0.02177504003,0.02335362698,0.0248801982,0.02635636569,0.02776834253,0.02913054017,0.03044166443,0.03170140647,0.03289924732,0.03404508128,0.03513954864,0.03618021979,0.03715667384,0.03807738485,0.03894132706,0.03975269854,0.04048528889,0.04116206583,0.04177850729,0.04232223979,0.04280268879,0.04320875075,0.04354890181,0.04384241524,0.04404330183,0.04420920173,0.04434025261,0.04434086562,0.04140174345,0.03603137836,0.02883268989,0.02061038428,0.0129269433,0.005386838229,-0.001228389674,-0.006237815858,-0.008680208538,-0.008175134906,-0.003582394537,0.006545605189,0.01950797852,0.03539996601,0.05486912899,0.07680133074,0.1004662731,0.1239297305,0.1449290432,0.1659074414,0.1704224866,0.1717394576,0.172507073,0.1730101733,0.1730308847,0.1722329337,0.170935554,0.1693167737,0.1676149405,0.1657239108,0.1636104261,0.1612537443,0.1588338349,0.1565025048,0.1542620164,0.1520132126,0.1497227665,0.1474575119,0.1453026845,0.1432803043,0.1413327303,0.1393912842,0.1374883179,0.1356474921,0.1339479667,0.1323032873,0.130698126,0.1291170923,0.1275859239,0.1261347125,0.1247491518,0.1234120733,0.1220831781,0.1207990738,0.1195663065,0.1183963335,0.117248585,0.116143835,0.1150783915,0.1140198119,0.1130383486,0.1120827269,0.1111559915,0.1102887514,0.1094113425,0.1086085928,0.1078451201,0.1070640427,0.1064097438,0.1057355867,0.1050885223,0.1045771621,0.103951969,0.1034752655,0.10306287,0.1024978525,0.1022268652,0.1018693621,0.1014903838,0.1013871275
1.6,-0.2333526535,-0.2338628257,-0.2337191014,-0.233166981,-0.2323312623,-0.2308822849,-0.2291972981,-0.2271622405,-0.2247398575,-0.2221083981,-0.2191402706,-0.215942184,-0.2125740645,-0.2089117488,-0.2051235533,-0.2011779495,-0.1970694549,-0.1928626442,-0.1885286982,-0.1841138679,-0.1796472158,-0.1750769402,-0.1704813787,-0.1658509927,-0.161184926,-0.1565091956,-0.1518163859,-0.1471266456,-0.1424532911,-0.1377728733,-0.1331209187,-0.128492767,-0.1238867859,-0.1193165413,-0.1147756666,-0.1102725952,-0.1058128158,-0.1013866379,-0.09700747233,-0.09267165688,-0.08837691445,-0.0841337134,-0.07993303228,-0.0757781076,-0.07167119394,-0.06761057552,-0.06359825968,-0.0596313098,-0.05570706764,-0.0518382162,-0.04801199029,-0.04423050243,-0.04049572317,-0.03681134491,-0.03317428936,-0.02958240343,-0.02603409832,-0.02254649468,-0.01910436769,-0.01571090763,-0.01236843228,-0.009089353744,-0.005865521207,-0.002697139486,0.00041176594,0.003443051276,0.00640762438,0.009301258903,0.01212559865,0.01484335712,0.01748035914,0.02002793983,0.02246686089,0.02479310923,0.02699391535,0.02906872744,0.03103244663,0.03278715728,0.03439342507,0.03581494733,0.0367287462,0.04003692568,0.04258098139,0.04434069728,0.04607955917,0.04941324103,0.0538700777,0.06022368743,0.06906398028,0.08126536115,0.097008698,0.1171020173,0.1423142591,0.1695176123,0.198028055,0.2272066862,0.2541236471,0.276723593,0.2918055264,0.2962748733,0.2886448338,0.2833794418,0.2782461769,0.2731709661,0.2683449179,0.2637217194,0.2586891584,0.2535921585,0.2485241841,0.2437219852,0.2390427545,0.234395664,0.2297200702,0.225220088,0.2209761498,0.2169480051,0.2130579541,0.2092369679,0.2055537662,0.2020562169,0.1987691439,0.195651474,0.1925803034,0.1895963524,0.1867383276,0.1840721785,0.1815003133,0.1790025672,0.1765452097,0.1741797417,0.1719205479,0.1697605453,0.1676789599,0.1655842574,0.1635586881,0.161610309,0.1597396347,0.1579039885,0.1560993532,0.1543321713,0.1525665898,0.1508951534,0.149259655,0.1476308074,0.1460192475,0.1443977051,0.142857418,0.1413284148,0.1397547242,0.1382770602,0.1367448502,0.1351880048,0.1337623265,0.13218874,0.1306800991,0.1291700484,0.1274890675,0.1260496004,0.1243884431,0.1226571119,0.1212208443
1.7,-0.2991549253,-0.3076566941,-0.3150656224,-0.3216777199,-0.3276292084,-0.3324250682,-0.3365664452,-0.3398805992,-0.3423080132,-0.3440537574,-0.344970396,-0.3452016151,-0.344829491,-0.3436747342,-0.3419925538,-0.3397569729,-0.3369779997,-0.3337146561,-0.329985351,-0.3258631127,-0.3213990082,-0.3165157638,-0.3113568996,-0.305927976,-0.3002442162,-0.2943167253,-0.2881864217,-0.2818893982,-0.2754532994,-0.2688339847,-0.2621138128,-0.2552979728,-0.2483940469,-0.2414004957,-0.2343458471,-0.2272473536,-0.2201187719,-0.2129326895,-0.2057352085,-0.1985276682,-0.191312254,-0.1840887646,-0.1768703524,-0.1696657484,-0.1624822066,-0.1553056325,-0.1481596979,-0.141044101,-0.1339591006,-0.1269117267,-0.1199027197,-0.1129378855,-0.1060224979,-0.0991554592,-0.09234560289,-0.08559302446,-0.07889892066,-0.07228027673,-0.06572874695,-0.05925045422,-0.05284986086,-0.04654369502,-0.04032634323,-0.03420103476,-0.02817591926,-0.02227380813,-0.01648659046,-0.01082112162,-0.0052767718,9.168644036e-05,0.005317910312,0.01038695506,0.01526953527,0.01995167731,0.02441390217,0.02864816542,0.03266676792,0.03630492361,0.03963248906,0.04256672622,0.04451338951,0.05616188121,0.0690222306,0.08208389247,0.09581685277,0.1116528734,0.1288364219,0.1479425975,0.1693668488,0.1937508107,0.2209683152,0.2512968358,0.2846852174,0.3165658105,0.344849544,0.3670199754,0.3785809714,0.3772396855,0.3616074922,0.3321663039,0.2869786386,0.2704286148,0.2591382911,0.2491184143,0.2403433818,0.2326928678,0.2252696978,0.2183232742,0.2118273282,0.2059746537,0.2005440293,0.1953854032,0.1903824616,0.1857439429,0.1814653202,0.1774739912,0.1737071537,0.1700535027,0.1665904034,0.1633313914,0.1602989766,0.1574677081,0.1546714423,0.1519605493,0.1493868774,0.1470062771,0.1447174806,0.1424923699,0.1402806447,0.1381626748,0.136148097,0.1342329841,0.1323942687,0.1304858749,0.1286433037,0.1268806674,0.1251973839,0.1235451678,0.1218788364,0.1202243109,0.1185600919,0.1170111131,0.1154951207,0.1139506157,0.1123581607,0.110755534,0.1092512626,0.1077497072,0.1061907379,0.1046367966,0.1030130668,0.1013529246,0.09984177436,0.09818180814,0.09647609768,0.09470347385,0.0927702423,0.09109643775,0.08914460005,0.0870697538,0.08519655646
1.8,-0.2004196486,-0.2167237242,-0.2319185529,-0.2464050815,-0.2603499421,-0.2729529671,-0.2849009218,-0.2958657004,-0.3056920019,-0.3146895038,-0.3225328078,-0.3294018592,-0.3353860173,-0.3401854434,-0.3441418275,-0.3471854149,-0.3493064607,-0.3505920449,-0.3510366914,-0.3507413172,-0.3497759012,-0.3480207517,-0.3456843652,-0.3427741037,-0.3393139565,-0.3353210859,-0.3308610496,-0.3259922755,-0.3207610133,-0.315102758,-0.3091499456,-0.3029172367,-0.2964231589,-0.2896626597,-0.2826936799,-0.2755477607,-0.2682510418,-0.2607613587,-0.2531605438,-0.245457032,-0.2376602039,-0.2297633779,-0.2218026949,-0.2137952601,-0.2057556747,-0.1976582615,-0.1895511061,-0.1814380155,-0.1733235863,-0.1652086401,-0.157110009,-0.1490381946,-0.1410025775,-0.1329943725,-0.1250378058,-0.1171353667,-0.1092908927,-0.1015170814,-0.09381578269,-0.08619580701,-0.07866344421,-0.07123251931,-0.06390507923,-0.05668600426,-0.04958620615,-0.04262498511,-0.03580168219,-0.02912430526,-0.02259123121,-0.0162634675,-0.01010538767,-0.004135288383,0.001610742087,0.007123909036,0.01237250739,0.01734769619,0.02206334767,0.02632212115,0.03020084459,0.03359103277,0.03578950191,0.05175936251,0.06967833551,0.08809577521,0.1072995576,0.1286735429,0.1511880084,0.1752716184,0.2011779451,0.2291751099,0.2585171697,0.2884598923,0.3174671027,0.3386307236,0.3489012133,0.345993513,0.3281668222,0.297639221,0.2582455562,0.2142247795,0.1651922774,0.1516804062,0.1431174192,0.136029452,0.1302461045,0.1253733014,0.1208609566,0.1167733755,0.1130550026,0.1099030731,0.1070845547,0.1044550638,0.1018830444,0.09957002788,0.09750441912,0.09560403356,0.09383605753,0.09205615269,0.09037969375,0.08880460048,0.08736315521,0.08603670381,0.08465209771,0.08327363779,0.08196749056,0.08078248554,0.07962748321,0.07847359812,0.07726241922,0.07609301879,0.07498611685,0.0739404229,0.07293409105,0.07177597393,0.07065118795,0.06958175273,0.06857254361,0.06756683045,0.0664854228,0.06537378145,0.06423046578,0.06320874495,0.06220259151,0.06112669881,0.0599330855,0.05872012364,0.05761718257,0.05651348071,0.05534422933,0.0540704405,0.05271946793,0.05133793446,0.05012589804,0.04877688632,0.0472744865,0.04564820246,0.04388316856,0.04242215906,0.04067837559,0.03876477415,0.03691078903
1.9,-0.03389698717,-0.05616945432,-0.07725987176,-0.09782394005,-0.1181341081,-0.136800323,-0.1549507765,-0.1719784462,-0.1875653149,-0.2022990484,-0.2155057344,-0.2274823559,-0.238373704,-0.2476597176,-0.2558928983,-0.2629236469,-0.2687098237,-0.2734708819,-0.2771046658,-0.2797850912,-0.2816303491,-0.2824573194,-0.2825800574,-0.2819917371,-0.2807168717,-0.2788416313,-0.2763979979,-0.2734806797,-0.2701605869,-0.2663530585,-0.262232287,-0.2578066092,-0.2530933896,-0.2481208788,-0.242924913,-0.2375506691,-0.2320328524,-0.2263203108,-0.2205076119,-0.2145974543,-0.2085959478,-0.2025115283,-0.1963650237,-0.1901778165,-0.1839672099,-0.1777003228,-0.1714302119,-0.1651561469,-0.1588785723,-0.1526054527,-0.1463433883,-0.140104956,-0.1339011623,-0.127712652,-0.121570825,-0.1154739076,-0.1094216772,-0.1034281173,-0.09749013953,-0.09161803909,-0.08581920686,-0.08009267527,-0.07445133912,-0.06889562915,-0.06343319075,-0.05807702759,-0.05282819391,-0.04769491882,-0.04267394269,-0.03781066999,-0.03307957058,-0.0284951645,-0.02409126509,-0.01985931577,-0.01584055543,-0.01203860197,-0.008435634879,-0.005200980202,-0.002263418408,0.0002811196822,0.001848796994,0.01726976886,0.03490215444,0.05366511213,0.07384628161,0.09696085577,0.1215710594,0.14783014,0.1754608691,0.2038022629,0.230725695,0.2540613249,0.2708135733,0.2745774003,0.2647946731,0.2429538745,0.2111553942,0.1739095264,0.135309314,0.09826419705,0.06288302646,0.05696673048,0.05302323739,0.05002217762,0.04777858061,0.04589990525,0.04418934941,0.04265623447,0.04125632074,0.04021009882,0.03932973201,0.0384971025,0.03760465583,0.03683381273,0.03621050216,0.03564655751,0.03513174985,0.03452451259,0.03395203635,0.0334122714,0.03295125469,0.03254459494,0.03202904642,0.03147292032,0.03094960908,0.03051157384,0.03006749223,0.02959017953,0.0290163919,0.02845482324,0.02793817048,0.02746337879,0.02700807732,0.02635280711,0.02571306306,0.02511770422,0.024578053,0.02402910938,0.02336353661,0.02264114475,0.02187850229,0.02125168736,0.02063091042,0.01991485388,0.01903219631,0.0181279704,0.01734964788,0.01657797863,0.01574292339,0.01471027585,0.01360301312,0.01248373066,0.01155643481,0.0105110126,0.009227910257,0.00778024382,0.006217084051,0.005011518143,0.003546021076,0.001874290166,0.0001194340889
2,0.1586993137,0.1253969095,0.09227232357,0.05847013555,0.0237138387,-0.009745033832,-0.0433670357,-0.07600818114,-0.1069451071,-0.1368620994,-0.1644683643,-0.1900213736,-0.2135657546,-0.2340800733,-0.2523431896,-0.2680326509,-0.2810301575,-0.291603451,-0.2996621304,-0.3055178776,-0.3094132685,-0.3110812014,-0.3111510863,-0.3096963929,-0.3068383116,-0.3027601471,-0.2976273905,-0.291655205,-0.2850153238,-0.2776166149,-0.2697959064,-0.2616031747,-0.2530951908,-0.2443530875,-0.2354480468,-0.2264671234,-0.2174783396,-0.2084284605,-0.199458006,-0.1905733495,-0.1817841227,-0.1731404597,-0.1646411533,-0.1563201273,-0.1482042757,-0.1402710477,-0.1325699483,-0.1250941664,-0.1178387801,-0.1108541525,-0.1041039278,-0.09760452498,-0.09136937612,-0.08539526988,-0.07969161435,-0.07424783909,-0.06905552023,-0.06416421996,-0.05952436273,-0.05514492591,-0.05103069304,-0.0471894281,-0.04360882204,-0.04027729764,-0.03719053847,-0.03437806087,-0.03180138132,-0.02946107818,-0.02734539805,-0.02548570414,-0.02383941405,-0.0224029391,-0.02118825849,-0.02017479027,-0.0193706852,-0.01875725501,-0.01830359732,-0.01807479042,-0.01798950836,-0.01805976941,-0.0183637157,-0.01051833585,0.001123473316,0.01717193913,0.03790281944,0.06442807967,0.09378201215,0.1244838181,0.15428391,0.1807703329,0.2006086126,0.2118800642,0.2129682004,0.2011979917,0.1789369602,0.1494904089,0.1152232329,0.07985439054,0.04612649271,0.01564921306,-0.01088198235,-0.01316950526,-0.01487211524,-0.01588913759,-0.01646378017,-0.01686487868,-0.01724043037,-0.01755103601,-0.01784014132,-0.0179007569,-0.01786533141,-0.01785194274,-0.01795097649,-0.01798355233,-0.01790444622,-0.01780600491,-0.0176846328,-0.01768165905,-0.01766291037,-0.01763225979,-0.01753562665,-0.01739876404,-0.01738820104,-0.0174323319,-0.01745214134,-0.01739195152,-0.01734749986,-0.01734741626,-0.01746122791,-0.01756926235,-0.0176333804,-0.01765875483,-0.01766901232,-0.01790809806,-0.01813633557,-0.01831998302,-0.01844259619,-0.01857540602,-0.01885198917,-0.01920061362,-0.01958975348,-0.01982162004,-0.02004972157,-0.02038796797,-0.02092704451,-0.02148360814,-0.02189271412,-0.02228005177,-0.02272209076,-0.02343477465,-0.02421258167,-0.02497510742,-0.02551496371,-0.02614932122,-0.02708174657,-0.02820264084,-0.02941323278,-0.0301944179,-0.03119704359,-0.03242607424,-0.03385514663
2.1,0.4790667547,0.4530220109,0.4239577973,0.3905500762,0.3522870462,0.3117968698,0.2674139232,0.2206833925,0.1726443902,0.1223635423,0.07194981118,0.02135632516,-0.02912425284,-0.07793879502,-0.125408336,-0.1706160545,-0.2128717015,-0.2518828661,-0.286969293,-0.317984407,-0.3447572942,-0.3665009967,-0.3837939915,-0.3966106071,-0.405091526,-0.4093042954,-0.4098289004,-0.4071203912,-0.4016191237,-0.3933604266,-0.3831526095,-0.3713264392,-0.3581950165,-0.3439256565,-0.328950395,-0.3135183683,-0.2978369369,-0.2819133715,-0.2660673932,-0.2503897218,-0.2349566727,-0.2198348272,-0.2051132691,-0.1908535834,-0.1771043957,-0.1638643928,-0.1512002149,-0.1391135666,-0.1276043134,-0.1167398687,-0.1064719046,-0.09681174529,-0.08776684277,-0.07935982551,-0.07156306611,-0.06435816395,-0.05772815803,-0.05174514441,-0.04631696849,-0.04144056794,-0.03710834121,-0.0333518777,-0.03010942559,-0.02735738539,-0.02507886352,-0.02331708671,-0.02198959347,-0.02108174852,-0.02056693836,-0.02048111771,-0.02074127198,-0.02132723966,-0.02223033265,-0.0234212228,-0.02486820389,-0.0265257155,-0.0283437815,-0.0303007281,-0.03228057513,-0.03420359068,-0.03568325222,-0.03587525466,-0.03508412586,-0.0314408924,-0.02445347191,-0.01287859883,-0.0001035528264,0.01245057864,0.02308776607,0.03081819346,0.03415721512,0.03344182268,0.02864820405,0.01800919268,0.003325729432,-0.01365743322,-0.03256642496,-0.05121904041,-0.0681171234,-0.08226136613,-0.09110625957,-0.08705978188,-0.08487218136,-0.08244364602,-0.08005262992,-0.07792151756,-0.07596578945,-0.07415860609,-0.07251481118,-0.0708464487,-0.06920069218,-0.06769092134,-0.06639657747,-0.0651227721,-0.06381713023,-0.06256610178,-0.06133965839,-0.06029369279,-0.05926727527,-0.05827422392,-0.05725505822,-0.05622364982,-0.05535258668,-0.05456208176,-0.0537651945,-0.05291812356,-0.05210489156,-0.05135379783,-0.05073900327,-0.05013266705,-0.04949699747,-0.04883418578,-0.04816495378,-0.04775462478,-0.04734182653,-0.04689188853,-0.04638647573,-0.04589736667,-0.04557725113,-0.04534508262,-0.04515723475,-0.04480632104,-0.04445750162,-0.04423342157,-0.04424049162,-0.04426633338,-0.0441340041,-0.04397079764,-0.0438569028,-0.04407938852,-0.04436058612,-0.04460454945,-0.04460393919,-0.04468024355,-0.04510503351,-0.04573770689,-0.04643868795,-0.04664604132,-0.04703304771,-0.0476617144,-0.04859489804
2.2,0.8015403347,0.8280617508,0.8516894415,0.8690650034,0.8775828161,0.8794909985,0.8706676886,0.8524516487,0.8258660647,0.788421033,0.7441304387,0.6930753456,0.636023615,0.5753529308,0.5112054277,0.4452165485,0.3785451807,0.3110709866,0.2444559053,0.1789915386,0.1151163551,0.05392948613,-0.004455294127,-0.05931928189,-0.1100692788,-0.1561663378,-0.197195521,-0.2329373584,-0.2632287149,-0.2875116298,-0.3063524821,-0.3199480901,-0.3286458808,-0.3325790971,-0.3326226861,-0.3293447313,-0.3232964589,-0.31471206,-0.3044067374,-0.2928009402,-0.2802640735,-0.2669715525,-0.2533817945,-0.2397198745,-0.2261704832,-0.212802056,-0.1998396565,-0.187366567,-0.1754454698,-0.1641372256,-0.1534882773,-0.1435266554,-0.1342720809,-0.1257560343,-0.1179663799,-0.1108916894,-0.1045176636,-0.09890655088,-0.09397383449,-0.08970773264,-0.08609271389,-0.08316778591,-0.08085263286,-0.07911890527,-0.07794407264,-0.07737239885,-0.07730696381,-0.07772451247,-0.07859131897,-0.07994937553,-0.08169512893,-0.08380216575,-0.08625206026,-0.08901640532,-0.0920401681,-0.0952637258,-0.09862926294,-0.1020600495,-0.1054180173,-0.1085621068,-0.1107967335,-0.1218957085,-0.1361325903,-0.1499169337,-0.1611798062,-0.1667136966,-0.1683163536,-0.1655774952,-0.1586085094,-0.1472732681,-0.1330767125,-0.1167618488,-0.1007698678,-0.08852130974,-0.08096510251,-0.07815135834,-0.08089966741,-0.08697925541,-0.09460538775,-0.1022103279,-0.1062045354,-0.1004090548,-0.09736629177,-0.09422483361,-0.0913376772,-0.08879937731,-0.08647428728,-0.08432574045,-0.08237043117,-0.08046250793,-0.0785727768,-0.07682104849,-0.07527899672,-0.07374423039,-0.07218580059,-0.07068657169,-0.0691941473,-0.06785736013,-0.06652201855,-0.06521819657,-0.06388779632,-0.06252562689,-0.06130756733,-0.06015529207,-0.05898231956,-0.05776475099,-0.05657197603,-0.05542841032,-0.05440904574,-0.0533887032,-0.05234203457,-0.0512661319,-0.05017675504,-0.04934143765,-0.04849945308,-0.04762056418,-0.04668962738,-0.04577069412,-0.04502510377,-0.04437001197,-0.04375644066,-0.04298396073,-0.04221541802,-0.04157589674,-0.04118102101,-0.04080574223,-0.04027282498,-0.03970492016,-0.03918165495,-0.03904138519,-0.03895584908,-0.03881994416,-0.03843443609,-0.03811581446,-0.03818306608,-0.03847439742,-0.03882229486,-0.03864165273,-0.03860472377,-0.03882592768,-0.0394468555
2.3,0.5700247364,0.6166895328,0.6670250221,0.7192642389,0.7721897744,0.8286675164,0.885228701,0.9428156575,1.001612958,1.057070114,1.110633055,1.158587818,1.196951598,1.22381682,1.234033759,1.226279367,1.200401253,1.154798083,1.094917847,1.023490788,0.9437103892,0.8591434884,0.7719942065,0.6845201772,0.5982550333,0.5134653625,0.4317316353,0.3534108533,0.2788817407,0.2089465347,0.1437168424,0.08364389418,0.02905908851,-0.01973874301,-0.06269304993,-0.09988686856,-0.1314783682,-0.1572884444,-0.1780789693,-0.1942499636,-0.2062725868,-0.214406324,-0.2194564534,-0.2219362218,-0.222316319,-0.2208008264,-0.2180225344,-0.2142956782,-0.2098894288,-0.2049533275,-0.1997999828,-0.1945915224,-0.18946126,-0.1844709857,-0.1797664547,-0.1754016412,-0.1714165982,-0.1678865364,-0.1648090006,-0.1622048352,-0.1600869042,-0.1584991332,-0.1574056954,-0.1567933599,-0.1566524654,-0.1570424813,-0.1578788943,-0.1591489689,-0.160828965,-0.1629718335,-0.1654787719,-0.1683267645,-0.1714981701,-0.1749843934,-0.1787131918,-0.1826240375,-0.1866603566,-0.1907184468,-0.1946423874,-0.1982472024,-0.2006458406,-0.2201396053,-0.244752448,-0.2688931613,-0.2882400405,-0.2970660327,-0.295690456,-0.282694635,-0.2585131437,-0.2243200609,-0.1842672701,-0.1420758686,-0.1032365553,-0.07241955367,-0.05220204738,-0.04271648807,-0.04413160221,-0.05280527513,-0.06546939786,-0.07925350314,-0.09048656604,-0.08734727298,-0.08594266597,-0.08417631211,-0.08250652149,-0.08092577022,-0.07939215985,-0.07787494198,-0.07643342378,-0.07497471933,-0.07343012273,-0.07193343206,-0.0705561646,-0.0691034061,-0.06759568319,-0.06611460503,-0.06458957802,-0.06314294182,-0.0616574742,-0.0601866942,-0.05868110904,-0.05710871741,-0.05564114573,-0.05420986288,-0.05273671317,-0.05123115131,-0.04973739335,-0.04827087083,-0.04690142759,-0.04552037887,-0.04412560482,-0.04270456637,-0.04126435545,-0.04005524341,-0.03883772611,-0.03759132034,-0.03631035424,-0.03504123081,-0.03393987575,-0.03292883352,-0.03196109564,-0.03086306483,-0.02977568493,-0.02881994264,-0.02811340151,-0.0274350557,-0.02661981722,-0.02577895739,-0.02498527496,-0.02460650656,-0.02428655485,-0.02391893939,-0.0233207747,-0.02279161136,-0.02267672472,-0.02280320148,-0.02298746586,-0.02264771842,-0.02242787723,-0.0224872125,-0.02303538814
2.4,0.1936429446,0.218807876,0.2470027202,0.2765656091,0.3065443051,0.3398710412,0.373637005,0.4091291376,0.4470879648,0.4853462567,0.5260068929,0.5680515466,0.6107807059,0.6553713326,0.6999530081,0.7446928593,0.7892690608,0.8309173265,0.8698126725,0.9035857578,0.929730064,0.946355367,0.9508319459,0.9420653283,0.9196998551,0.8826379659,0.8339284761,0.7754095337,0.7093583283,0.6382493236,0.5643417411,0.4896555882,0.4157646165,0.3433763941,0.2739689068,0.2081161163,0.1462887773,0.08919563161,0.03690519435,-0.01035083877,-0.05248251261,-0.08941377601,-0.1214065137,-0.1487563715,-0.1718035698,-0.1905635327,-0.2057843979,-0.2178456958,-0.2271309781,-0.2338548704,-0.238581339,-0.2416574263,-0.2433909987,-0.2438682164,-0.2435218413,-0.2425303655,-0.2410475566,-0.2391779114,-0.2370999568,-0.2349214611,-0.2327299788,-0.230562083,-0.2285187662,-0.2266315568,-0.2249324491,-0.2234899131,-0.2222940283,-0.2213661018,-0.220711331,-0.220397694,-0.2203722684,-0.2206346429,-0.2211924379,-0.2220647717,-0.2232030743,-0.2245686421,-0.2261177636,-0.2278196098,-0.2295083558,-0.2310289424,-0.2317462549,-0.2479394263,-0.2692497973,-0.2901331479,-0.3049947649,-0.3063564763,-0.293602362,-0.2648141415,-0.2213873557,-0.1664085455,-0.1073290855,-0.05102446098,-0.005614648668,0.02376009967,0.0349461466,0.03006035725,0.011703212,-0.01394818265,-0.04170194978,-0.0676213468,-0.08852452707,-0.08811035774,-0.08804452238,-0.0872845831,-0.08640696466,-0.08535351333,-0.0841492294,-0.08280020188,-0.08142480941,-0.07998953891,-0.07838871144,-0.07676079015,-0.07517148898,-0.07345460764,-0.07168610948,-0.06994296539,-0.06813305893,-0.06633508641,-0.06448510053,-0.06266285215,-0.06083100578,-0.05892454278,-0.05709559697,-0.0552901745,-0.05344324626,-0.05161286396,-0.04980108179,-0.04800809172,-0.04629230722,-0.04457438633,-0.0428813782,-0.04118549202,-0.03947975684,-0.03798340444,-0.03649054798,-0.03499496393,-0.03350514591,-0.03204120586,-0.03073987528,-0.0295341761,-0.02838437971,-0.02716077667,-0.02596407089,-0.02490504359,-0.02409688631,-0.02333528273,-0.02247746333,-0.02161726082,-0.02081438346,-0.02044698658,-0.02014977229,-0.01982115318,-0.01930149584,-0.01886092498,-0.01885493054,-0.01910744448,-0.01942692866,-0.01925924028,-0.01919562632,-0.0194336223,-0.02024247705
2.5,0.01387118119,0.02683125156,0.0422629655,0.05832897332,0.07397519268,0.092471632,0.1106222243,0.1298581843,0.1510011123,0.1718123844,0.1945546054,0.2182029973,0.2421480762,0.2679560351,0.2938519441,0.320418422,0.3478798486,0.3746300696,0.4016279355,0.427902999,0.4525949696,0.4757324384,0.4958332803,0.5124692365,0.5250184978,0.5315255766,0.5322554148,0.5263124378,0.5131640327,0.4928889418,0.4656981473,0.4324170761,0.39401737,0.3508419771,0.3046672707,0.2564072281,0.2069772866,0.1574557307,0.1085922978,0.0611840091,0.01588138482,-0.02687247631,-0.06658731484,-0.1030501634,-0.1361162148,-0.165333781,-0.1910038401,-0.2131495936,-0.2318700096,-0.2471228599,-0.2593471835,-0.2688183118,-0.2758160759,-0.2803068985,-0.2828811607,-0.2837760359,-0.283221448,-0.2812978142,-0.2783904171,-0.2746995114,-0.2703985858,-0.265522037,-0.2603474464,-0.254978958,-0.2495184043,-0.2440326162,-0.2386417096,-0.2334132176,-0.2283897993,-0.2236727342,-0.2192634959,-0.2151977652,-0.2115224051,-0.2082717407,-0.2054461012,-0.2030269406,-0.2009772527,-0.19938656,-0.1980640497,-0.1969179117,-0.1957205748,-0.2022525159,-0.2114777041,-0.2188410524,-0.2187560101,-0.2038265062,-0.1745799314,-0.1306863711,-0.07604856534,-0.01651974277,0.03744975001,0.07769477451,0.09752217743,0.0960694594,0.07618866485,0.04412140793,0.004559895809,-0.03609568329,-0.07321703643,-0.1036828205,-0.1244364972,-0.1225379277,-0.1213457829,-0.1194518882,-0.1175355319,-0.1155186788,-0.1132973616,-0.1109407514,-0.1086031752,-0.1063069143,-0.1038731821,-0.1014227171,-0.09899939383,-0.09647346672,-0.09396002941,-0.09152256501,-0.08903826641,-0.0865320673,-0.08399308619,-0.08152640289,-0.07910635147,-0.0766295139,-0.07421787106,-0.0718325503,-0.06942254165,-0.06710377822,-0.06482443166,-0.06256533109,-0.06037012264,-0.05819472553,-0.05609894573,-0.05403593856,-0.05198108637,-0.05011630763,-0.04827455846,-0.04646678486,-0.04471873793,-0.04301849183,-0.04147683247,-0.04003982678,-0.03867770574,-0.0373153065,-0.03600198704,-0.03483532095,-0.03392142505,-0.03307826108,-0.0321931551,-0.03133898255,-0.03055806885,-0.0302293794,-0.02998815018,-0.02974258443,-0.02936166632,-0.02907652714,-0.02924559573,-0.02969389949,-0.03022576615,-0.03033386675,-0.03053885346,-0.03107355106,-0.03226203602
2.6,-0.07073435756,-0.05877457039,-0.04484724339,-0.03103972493,-0.01859859404,-0.003892378754,0.009515200501,0.02326135694,0.03832271138,0.05203939083,0.06716939508,0.08256613145,0.09756538643,0.1141000255,0.1302050266,0.1466929364,0.1639892037,0.1804980272,0.1975358588,0.2142667204,0.2300560211,0.2455634552,0.2594253979,0.2716982203,0.2822331742,0.2896362366,0.2944075201,0.2958383416,0.2934228148,0.2873358062,0.2771379696,0.2631355592,0.2456697597,0.2244460494,0.2004672065,0.1740216994,0.1454917944,0.1155541933,0.08456841121,0.05311554521,0.0217033278,-0.009469435899,-0.03980831756,-0.06907931439,-0.09706158463,-0.1232643599,-0.1476983438,-0.1701497677,-0.1904601713,-0.2084445931,-0.2241333148,-0.2375578735,-0.2487682976,-0.2575199588,-0.2641943033,-0.2688784148,-0.2716914363,-0.2726000839,-0.2719618315,-0.2699593349,-0.2667628181,-0.2623638865,-0.2571239988,-0.2511883924,-0.2447104229,-0.2377208014,-0.2304734116,-0.2230761034,-0.2156041094,-0.208178703,-0.2008707333,-0.1937616399,-0.1869485799,-0.1804376806,-0.1743328814,-0.1686381213,-0.1633252098,-0.1586055224,-0.15430029,-0.1504167773,-0.1472491776,-0.1377193447,-0.1265198828,-0.1125421355,-0.09310934957,-0.06383645715,-0.02851095587,0.01054223366,0.04745887124,0.07641530411,0.09004932306,0.08714051255,0.06892897463,0.03991892972,0.003730422595,-0.03536073871,-0.07570125231,-0.1133710788,-0.1453266452,-0.1689353936,-0.1793078994,-0.1721100719,-0.1678807469,-0.163234133,-0.1589386016,-0.1549197956,-0.1507570389,-0.1466097646,-0.1426387253,-0.1389223892,-0.1351764784,-0.1314880309,-0.1278709861,-0.1242282125,-0.1207035951,-0.1173387454,-0.1139725105,-0.110575215,-0.1071816931,-0.1039224234,-0.1007827844,-0.09761648576,-0.09451117982,-0.09144215404,-0.08837172689,-0.08547953106,-0.08265256264,-0.07985078812,-0.07710150025,-0.07439828957,-0.07183574362,-0.06934547089,-0.06688382992,-0.06459323881,-0.06234719075,-0.06017506791,-0.05812155865,-0.05614024689,-0.05431320574,-0.05260034087,-0.05098345003,-0.0494468689,-0.04798294964,-0.04667592941,-0.04562402363,-0.04466953313,-0.0437331904,-0.04286582862,-0.04209059977,-0.04178523683,-0.04158808617,-0.04142001473,-0.04118066322,-0.04105933985,-0.04141574225,-0.04207711667,-0.04284582511,-0.04326970239,-0.04379221802,-0.04468168147,-0.04631504834
2.7,-0.1603569088,-0.1413227214,-0.1203312614,-0.09968246571,-0.08083856381,-0.05989730438,-0.04081480562,-0.02182485471,-0.001840191919,0.01590460237,0.03465759379,0.05305882183,0.07026700682,0.08844631756,0.1053444087,0.1219284089,0.1387468026,0.1537550034,0.1687555445,0.1827860526,0.1951395169,0.2068149488,0.2162843899,0.2238523323,0.2296133876,0.2321495499,0.2324186295,0.2298494917,0.2241190445,0.2159861191,0.2049461269,0.1915710843,0.1763900024,0.1591238158,0.1407658379,0.1214336403,0.1012804302,0.08097836267,0.06038683517,0.03986828117,0.01971016086,-0.0003481959671,-0.01983917508,-0.03882944439,-0.05738253008,-0.07517070562,-0.09242134149,-0.1089812108,-0.1247071391,-0.1397928836,-0.153946063,-0.1672250222,-0.1796785682,-0.1909314057,-0.2012364071,-0.2104540053,-0.2184590268,-0.2252823236,-0.2308137401,-0.2351224514,-0.2382730287,-0.2399141901,-0.240414713,-0.2397348426,-0.2378710058,-0.2348422407,-0.2307671653,-0.2257841617,-0.2200064966,-0.2133205229,-0.2060543639,-0.1982727867,-0.1900813429,-0.1815435806,-0.1728400619,-0.1640943898,-0.1553760715,-0.1469080642,-0.1387664367,-0.1310812252,-0.1249530377,-0.1012460759,-0.0776120123,-0.05850457206,-0.04439093052,-0.03288194721,-0.02862156301,-0.03215448198,-0.04413148923,-0.06147968254,-0.08279476002,-0.1043588664,-0.125930862,-0.1472641472,-0.1694709693,-0.1915801654,-0.2139698428,-0.2334579702,-0.2472971899,-0.2526256832,-0.2420484127,-0.2271182558,-0.2183407983,-0.2096354446,-0.2018427727,-0.1948898673,-0.1879212047,-0.1812046108,-0.174896775,-0.1691438264,-0.1635239646,-0.1580814699,-0.1527952393,-0.147605163,-0.1426838346,-0.138043693,-0.1334759008,-0.1288890324,-0.1243652703,-0.120064299,-0.1159830456,-0.1119241505,-0.1079307088,-0.1039933147,-0.1000886656,-0.09647467784,-0.09296077235,-0.08948076715,-0.08604093563,-0.08268088549,-0.07953627591,-0.0765106182,-0.07353669683,-0.0707093687,-0.06794930154,-0.06530817959,-0.06285444007,-0.06049844176,-0.05828569254,-0.05619253585,-0.054216343,-0.05241443818,-0.05070666784,-0.04916209881,-0.04786797332,-0.04669700325,-0.04561156464,-0.04463649437,-0.04377149027,-0.0433846097,-0.04312595495,-0.04293426516,-0.04274294943,-0.04269409976,-0.04314126537,-0.04391711921,-0.04482734169,-0.04548663741,-0.0462510726,-0.0474218218,-0.04942406974
2.8,-0.2617375408,-0.237397636,-0.210335856,-0.1830625239,-0.1572104689,-0.1285222139,-0.101409347,-0.07400101543,-0.04512662294,-0.01833274861,0.009878912224,0.03801034898,0.06510703724,0.09351707877,0.1207428214,0.1478578984,0.1754893715,0.2011027597,0.2268586503,0.2515578523,0.2742212961,0.2956875576,0.3140022866,0.3292132782,0.3410537972,0.3469958689,0.3480828018,0.3431978353,0.3317031149,0.314476783,0.2913357027,0.2635677636,0.2325499266,0.1987704904,0.1642699231,0.1298462944,0.09619625975,0.06462459479,0.03497842815,0.007681938828,-0.01703402085,-0.03949189813,-0.05957805424,-0.07763399942,-0.09401819977,-0.1084823496,-0.121700823,-0.1337144591,-0.1445331699,-0.1546018763,-0.1637345546,-0.1721560537,-0.1800827814,-0.1871370756,-0.193761436,-0.1998229288,-0.2051667885,-0.2100739061,-0.2142161972,-0.2177120629,-0.2206790053,-0.2225875568,-0.2238788606,-0.2243697972,-0.2238904895,-0.2226253959,-0.2203471649,-0.2171987739,-0.2133115187,-0.2082514578,-0.2025194546,-0.1960371414,-0.1887771924,-0.1809770478,-0.1726026361,-0.1638747964,-0.1549632172,-0.1458674388,-0.1369674919,-0.1283638174,-0.1214421908,-0.1058432034,-0.09284296176,-0.0891387452,-0.09546587135,-0.1076287495,-0.1274733077,-0.1512121752,-0.175890802,-0.1967592799,-0.2137055161,-0.225606986,-0.2345366494,-0.2419203571,-0.2496422137,-0.2574042635,-0.2660737461,-0.2727221676,-0.2746961184,-0.2689011158,-0.2465963182,-0.228146183,-0.2173006576,-0.2067881065,-0.1975032078,-0.1893195478,-0.1811380057,-0.1732987559,-0.1659890091,-0.1594277757,-0.1530782946,-0.1469537621,-0.1409992737,-0.1352101672,-0.129798948,-0.1247554349,-0.1198297786,-0.1148540619,-0.1099821448,-0.1054063311,-0.101137835,-0.09692949382,-0.09277314921,-0.08868112383,-0.08464949343,-0.08102386255,-0.0775297943,-0.07407106777,-0.07062974682,-0.06730194416,-0.06426921303,-0.06140289734,-0.05860955528,-0.05592906867,-0.05333677543,-0.05090981415,-0.04874421301,-0.04670115113,-0.0447803754,-0.04297778517,-0.04131069428,-0.03991938166,-0.03863844976,-0.03751875178,-0.03663209256,-0.0358893139,-0.03529939018,-0.03485799292,-0.03453859134,-0.03468328508,-0.03496950894,-0.03535700532,-0.03581240413,-0.03643011577,-0.03754191783,-0.03899273742,-0.04060206983,-0.04205280387,-0.04361464269,-0.04561257007,-0.04850571626
2.9,-0.3599872112,-0.3403959786,-0.3169727718,-0.292460865,-0.268585265,-0.2408687642,-0.2140867607,-0.1863955154,-0.1567216456,-0.1283819845,-0.09819435298,-0.06762246486,-0.03753180662,-0.005606011727,0.02576802307,0.05766638875,0.09074237827,0.1228991379,0.156169731,0.1896584507,0.2226983763,0.2562204641,0.2886247748,0.3200367656,0.3501597769,0.3761377768,0.3983550601,0.4145904576,0.4225927766,0.4211705207,0.4084233398,0.3843086092,0.3496552708,0.3049735517,0.2539184,0.1989715406,0.1427202587,0.08848912129,0.03754870232,-0.008580790452,-0.04895729061,-0.0833055305,-0.1117549759,-0.1348632409,-0.153376026,-0.1670591836,-0.1774362802,-0.1849211507,-0.1898179592,-0.1929210908,-0.1943670243,-0.1946812345,-0.1943829345,-0.1930256008,-0.1914880199,-0.1896860373,-0.1874632741,-0.1855149066,-0.1833045859,-0.18111237,-0.179237645,-0.1770085386,-0.1750949861,-0.1732158235,-0.1710597038,-0.1692749927,-0.167132191,-0.1648672855,-0.1627218816,-0.1598993015,-0.1571049015,-0.154021068,-0.1503510997,-0.146711564,-0.1424722692,-0.137929109,-0.1333480189,-0.1281312882,-0.1230196718,-0.1178139971,-0.1132214605,-0.1147742649,-0.1145048134,-0.1175075484,-0.1245530952,-0.1314203456,-0.1414403532,-0.1525586536,-0.1643401636,-0.1741249737,-0.1829452229,-0.1898988928,-0.1963751603,-0.2030816681,-0.2114435734,-0.2211435091,-0.2329938129,-0.2439349667,-0.2508800238,-0.2501597224,-0.233033579,-0.2160789691,-0.2061632189,-0.1965058333,-0.18810326,-0.180707122,-0.173219014,-0.1660102317,-0.1593339933,-0.1535128778,-0.1479008117,-0.1424933067,-0.1372019162,-0.1320913881,-0.1274345834,-0.1232004943,-0.1191003705,-0.1148677575,-0.1107571423,-0.1069995818,-0.103626674,-0.1003310112,-0.09704634321,-0.09381375703,-0.09065462068,-0.08801606735,-0.0855281625,-0.08305781801,-0.08055691608,-0.07818688994,-0.07618971031,-0.07439706623,-0.07268338868,-0.07101374117,-0.069436285,-0.06805845393,-0.06700924066,-0.0660840018,-0.06522825237,-0.06446193815,-0.06382866574,-0.06355817337,-0.06338866072,-0.06334744562,-0.06348424007,-0.0637506197,-0.06421484944,-0.06483934142,-0.06556615964,-0.0666844458,-0.06792300792,-0.06926490323,-0.07070815437,-0.07228773405,-0.07430805385,-0.07663000547,-0.07909393666,-0.0814368608,-0.08385384549,-0.0866851742,-0.09040714396
3,-0.4492403144,-0.445618776,-0.4363360354,-0.4247094638,-0.4128785792,-0.394876057,-0.3769393115,-0.3567643857,-0.3330029456,-0.3096097529,-0.2829021572,-0.2547605121,-0.226326915,-0.1944561965,-0.1624302761,-0.1289268096,-0.09311622002,-0.05724263334,-0.01899300566,0.02070574814,0.06129029445,0.1044780906,0.1485696897,0.1943405225,0.2422227978,0.2899647109,0.3388222737,0.3870617314,0.4324768357,0.4732416217,0.5050424244,0.5243728261,0.5274966415,0.5092833825,0.4711849555,0.4148891004,0.3446881379,0.2666490519,0.1861610456,0.1079889924,0.03552539755,-0.02824012569,-0.08260723001,-0.1271757499,-0.1621490235,-0.1877857361,-0.2056815904,-0.2171208237,-0.2232845814,-0.2247223765,-0.2230384128,-0.2189775393,-0.2132717607,-0.2061857846,-0.1985218938,-0.1905925783,-0.182530915,-0.1748008547,-0.1673402954,-0.1603471821,-0.1540717779,-0.148234773,-0.1432038649,-0.1388356417,-0.1349133985,-0.1319680403,-0.1293940423,-0.1273226736,-0.1259148575,-0.1245960871,-0.1237721102,-0.1231474396,-0.1224021893,-0.1220145131,-0.1213193796,-0.1204738417,-0.119651962,-0.1181400191,-0.1165481853,-0.1145813456,-0.1123993566,-0.1235470391,-0.1271628001,-0.1268615086,-0.1253464254,-0.1207169722,-0.1195238236,-0.1220761509,-0.1299296801,-0.1416630701,-0.158435764,-0.178063842,-0.1991909996,-0.2197575169,-0.2398706742,-0.2586649638,-0.276951635,-0.2919737796,-0.3008367688,-0.2999191561,-0.2801933671,-0.2615757429,-0.250687742,-0.2402159357,-0.2312585132,-0.2234396579,-0.2155122842,-0.2079036881,-0.2009274617,-0.195026237,-0.1893996729,-0.184003731,-0.178697311,-0.1736311391,-0.1691433438,-0.1651698794,-0.1613676024,-0.157332241,-0.1534489724,-0.149994706,-0.147025498,-0.1441499092,-0.1412227036,-0.1383221957,-0.1355025392,-0.133338548,-0.1313378773,-0.1293165273,-0.1271836365,-0.1251854786,-0.1236475686,-0.1223488841,-0.1211220439,-0.1198227274,-0.11860565,-0.1176181274,-0.1170340376,-0.1165593736,-0.1160653487,-0.1156069108,-0.115267688,-0.1153924297,-0.1155943717,-0.1158694673,-0.1162354324,-0.1167017316,-0.1174174107,-0.1183046491,-0.1192642807,-0.1204975258,-0.1218197867,-0.1232475784,-0.1248142363,-0.1264803034,-0.1285036615,-0.1307699486,-0.1331516922,-0.1354538636,-0.1377843041,-0.1404837902,-0.1440264491
3.1,-0.4772348225,-0.4925048314,-0.5017686646,-0.5082320829,-0.5141933266,-0.5125011218,-0.5101459823,-0.5043737159,-0.4932028193,-0.4814642167,-0.4644637396,-0.444543072,-0.4234857275,-0.3964608365,-0.3685538129,-0.3379785972,-0.303338778,-0.2682317014,-0.2291556319,-0.1876808762,-0.1450599567,-0.09763765671,-0.0489050998,0.002763337585,0.05886479504,0.116196314,0.1783979531,0.2443141455,0.312737495,0.3862499235,0.4610300597,0.5366599006,0.6110306094,0.6730975956,0.7185801873,0.7355980397,0.7149298634,0.6579072647,0.5702642631,0.4649376259,0.3538309686,0.2433108583,0.1414757224,0.05070506788,-0.02766384678,-0.09106996729,-0.1416995948,-0.1801467416,-0.2077746388,-0.2257924561,-0.2364558511,-0.241417242,-0.242011643,-0.2389892802,-0.233788066,-0.2271400742,-0.2196090134,-0.2114920317,-0.2033244294,-0.1953242957,-0.1876901018,-0.1804817338,-0.1738625601,-0.1678474134,-0.162391953,-0.1576769599,-0.1534948079,-0.1498531956,-0.1467749695,-0.1440804191,-0.1418122585,-0.1398345519,-0.1379878647,-0.1363935668,-0.1347527978,-0.1330626003,-0.131351907,-0.1292721291,-0.127056727,-0.1245735558,-0.1222556369,-0.1366843175,-0.1422079922,-0.140856293,-0.1358958297,-0.1267539543,-0.1225277463,-0.1251552049,-0.1375646561,-0.1584373135,-0.1877007599,-0.2209237361,-0.2542739121,-0.2839815274,-0.3097298674,-0.3307410027,-0.3483762515,-0.3605307476,-0.3646332578,-0.3569857314,-0.3276392234,-0.3052530545,-0.2922653397,-0.2800079569,-0.2696455667,-0.2607069611,-0.2516653226,-0.2430371535,-0.2351908207,-0.2286977285,-0.2225854151,-0.2167541634,-0.2110012671,-0.2055803849,-0.2009008873,-0.1968563244,-0.1930421236,-0.1888995245,-0.1849583264,-0.1815477981,-0.1787542549,-0.1760905662,-0.1733158926,-0.1705508181,-0.1678871914,-0.1660546705,-0.1644115662,-0.1627147419,-0.1608218288,-0.1590827076,-0.1579183188,-0.1570441129,-0.1562436954,-0.1552460512,-0.1543278816,-0.1536834154,-0.1535410599,-0.1535052511,-0.153349682,-0.1531717295,-0.1531065927,-0.1536377112,-0.1542239469,-0.1548239654,-0.1554137224,-0.1560800268,-0.1570612805,-0.1582356693,-0.1594550172,-0.1608008073,-0.1622055711,-0.1637266636,-0.1654301809,-0.1672010858,-0.1692226447,-0.1714153063,-0.1736967927,-0.1759479186,-0.1781865059,-0.1807336368,-0.1840378998
3.2,-0.3999531567,-0.4271863437,-0.4501099679,-0.4712005436,-0.4918516319,-0.5067527104,-0.5206359484,-0.5312636661,-0.537173669,-0.5409916331,-0.5396501552,-0.5345283545,-0.5265714779,-0.5122541223,-0.495123397,-0.4740521982,-0.448192661,-0.4195524908,-0.3863747164,-0.3497940831,-0.3108225817,-0.2667454009,-0.2204442495,-0.1709042979,-0.1170441233,-0.06107089631,-0.0004322662215,0.06421916846,0.1322320962,0.2066421054,0.2853855293,0.3701984061,0.4629487971,0.5595712817,0.6628879168,0.767930502,0.8643961629,0.938253359,0.9648371857,0.9299396039,0.8386906658,0.7059443758,0.5608165018,0.4170714888,0.2818671691,0.1636666217,0.06045350419,-0.02599218571,-0.09496267171,-0.1499633218,-0.1904162736,-0.2196152644,-0.24050388,-0.2516016142,-0.2579886315,-0.2599667498,-0.2579420306,-0.2543612123,-0.2485123261,-0.2417126634,-0.2348764173,-0.2267324052,-0.2191086451,-0.2115455957,-0.2037643459,-0.1968489137,-0.1898472693,-0.18321886,-0.1772208603,-0.17112351,-0.1656197152,-0.1603516368,-0.1551093185,-0.1503626703,-0.1455416686,-0.1408141016,-0.1362412439,-0.1314613743,-0.1267863877,-0.1220636762,-0.1181416706,-0.138277829,-0.1527447114,-0.159326113,-0.1585784929,-0.1489538262,-0.1411918977,-0.138771972,-0.1468515126,-0.1653093495,-0.1945464073,-0.2296456329,-0.2658491575,-0.2985356294,-0.3269415793,-0.3498787433,-0.3687355809,-0.3815551789,-0.3856884351,-0.3769861734,-0.3450277914,-0.3208761202,-0.3071791665,-0.2943808606,-0.2836955642,-0.2746067637,-0.2653666177,-0.2565804589,-0.2486627251,-0.2423175862,-0.2364188226,-0.2308213262,-0.2252756203,-0.2201223586,-0.2158592955,-0.2123351028,-0.2090887531,-0.2054258834,-0.2020071372,-0.1992170981,-0.1971772127,-0.1953036404,-0.1932670375,-0.1912270644,-0.189311042,-0.1884081792,-0.1877254256,-0.1869605863,-0.1859171147,-0.1850515329,-0.1848802808,-0.1850530587,-0.185305292,-0.1852314229,-0.1852348485,-0.18555576,-0.186480141,-0.1875115309,-0.1883085243,-0.1890152594,-0.1898284627,-0.1913679664,-0.1929337417,-0.1944416679,-0.1958149476,-0.1972320032,-0.1990178876,-0.2010111872,-0.2030130556,-0.2049412603,-0.206885333,-0.2089438191,-0.2112036385,-0.2134815028,-0.2158567831,-0.2182955381,-0.2207733314,-0.2232287533,-0.225612698,-0.2281997066,-0.2313823178
3.3,-0.2570834338,-0.2872389594,-0.314281609,-0.3406957832,-0.3675928375,-0.3906315247,-0.4135750224,-0.4344324479,-0.4521849528,-0.4684238865,-0.480903572,-0.4904052953,-0.4971000038,-0.4986899868,-0.4969856549,-0.4912217474,-0.4809643084,-0.4663855991,-0.4472304255,-0.4239371592,-0.3969541013,-0.3647504277,-0.329111372,-0.2897286034,-0.2461107121,-0.1991940512,-0.1480546369,-0.09305124048,-0.0346801155,0.02929717301,0.09739569627,0.1710060016,0.2520366352,0.3389675599,0.4357838718,0.5431230109,0.6610808323,0.7923143121,0.9305841766,1.064641324,1.166078699,1.179249491,1.092163529,0.9335414539,0.748467868,0.5690352566,0.4052859244,0.262105658,0.1406513118,0.03904052835,-0.04294179494,-0.1080763457,-0.1589122965,-0.1951421086,-0.2214811977,-0.2392701828,-0.249996387,-0.2552798077,-0.2563601349,-0.2545974582,-0.2508350608,-0.2449673523,-0.2382707647,-0.230886678,-0.2231325929,-0.2150283301,-0.2069341448,-0.1989650866,-0.1910103628,-0.1834053428,-0.1758908381,-0.1685741854,-0.161671814,-0.1546519405,-0.1480019598,-0.1414779991,-0.1348109177,-0.1285676353,-0.1221566672,-0.1158182024,-0.110834813,-0.1360184038,-0.1628905536,-0.1819778846,-0.1871787128,-0.1739939366,-0.1560617581,-0.1406613727,-0.136756306,-0.1463063582,-0.1706639192,-0.2051164742,-0.243951544,-0.2814432251,-0.3159627888,-0.3450222502,-0.3694349669,-0.3871263991,-0.3951934371,-0.388942452,-0.3572645614,-0.3321654166,-0.318003234,-0.3047638265,-0.2936786861,-0.2842672001,-0.2746264833,-0.2654464535,-0.2571716892,-0.2505882715,-0.244491487,-0.2387033078,-0.2329464946,-0.2276276131,-0.2233074577,-0.2198057484,-0.2166339691,-0.2130007813,-0.2096667272,-0.2070499301,-0.2052962445,-0.2037683619,-0.2020681543,-0.2003861597,-0.1988771625,-0.1985339542,-0.1984705435,-0.1983383076,-0.1978927766,-0.1976854587,-0.198285952,-0.1993000061,-0.2004367534,-0.2011737056,-0.2020209546,-0.2032455796,-0.2051763707,-0.2072593753,-0.2090311469,-0.2106792418,-0.2124629754,-0.2150984331,-0.2177634303,-0.2203313596,-0.2226651538,-0.2250440264,-0.2278481155,-0.2308933665,-0.233939971,-0.2367102644,-0.2394751908,-0.2423675003,-0.2454751232,-0.2485725853,-0.2516007128,-0.2545786979,-0.2575469556,-0.2604888912,-0.2633088473,-0.2662001125,-0.2694627455
3.4,-0.121603818,-0.1489959003,-0.1732412026,-0.1978733014,-0.2247127231,-0.2477595323,-0.2724628368,-0.2960739303,-0.3171533064,-0.3389249692,-0.3576385423,-0.3746864836,-0.3905194293,-0.4022847192,-0.4122628105,-0.4192570846,-0.4226745711,-0.4228764038,-0.4190650628,-0.4116227637,-0.4006988557,-0.3847307426,-0.3651619837,-0.341667493,-0.313900715,-0.2821545415,-0.2461798641,-0.2062595269,-0.1628801391,-0.1141910294,-0.06174286689,-0.004685020827,0.05836154222,0.1262842818,0.2018925499,0.2857874715,0.3785757509,0.4852437108,0.6058933095,0.7452283807,0.9086836964,1.088643136,1.27379012,1.400594667,1.370157434,1.191416481,0.9565429155,0.731220613,0.5354240509,0.366568225,0.2274824999,0.1129627123,0.01897786156,-0.05306791568,-0.1100880789,-0.153328355,-0.1848324818,-0.207118969,-0.221825583,-0.2311523508,-0.2361950112,-0.2373751719,-0.2362040727,-0.2331552106,-0.2290956887,-0.2233335698,-0.2172211185,-0.2106976309,-0.2033876525,-0.1963471638,-0.1887172925,-0.1809440915,-0.1734968744,-0.1652200071,-0.1572712387,-0.1491754588,-0.1405974009,-0.1324292299,-0.123876054,-0.1153861944,-0.1086176762,-0.1270194923,-0.1530304637,-0.1742834383,-0.1787188608,-0.157911249,-0.1263766432,-0.09470903617,-0.07622632463,-0.07656102457,-0.09890259638,-0.1386398378,-0.1880045052,-0.2387245977,-0.2872194198,-0.328823263,-0.3633011117,-0.3882301541,-0.4003435582,-0.3946348942,-0.3589216227,-0.3316283072,-0.3156443012,-0.3005535262,-0.287592961,-0.2763468853,-0.2648451673,-0.2538383557,-0.2437818621,-0.2354781495,-0.2277320686,-0.2203554023,-0.2130646654,-0.2063079487,-0.2006370634,-0.1958718071,-0.1915417867,-0.1868407297,-0.1825530348,-0.1790858926,-0.1765836943,-0.1744419308,-0.1722356818,-0.1701631012,-0.1683823168,-0.1678825031,-0.1677897984,-0.1677454194,-0.1674854562,-0.1676072036,-0.1686428498,-0.1701996676,-0.1720016377,-0.1734990342,-0.1752173302,-0.1774104212,-0.1804109406,-0.1836998606,-0.1867292313,-0.1897026478,-0.1929152388,-0.1970820947,-0.2013580995,-0.2055944147,-0.2096074837,-0.2137473202,-0.2183707834,-0.2233072687,-0.2283072979,-0.2329303371,-0.2375846715,-0.2424100695,-0.2474607267,-0.252530311,-0.2574136534,-0.2621708726,-0.2668938911,-0.2715606663,-0.27608372,-0.2805478332,-0.2851314333
3.5,-0.05303460291,-0.07436094068,-0.09235052465,-0.1110500509,-0.1330113203,-0.1510478973,-0.1719552787,-0.1925937397,-0.2107928569,-0.231848235,-0.2501263457,-0.2677312193,-0.286138608,-0.3006378196,-0.3155187647,-0.3287758461,-0.3388788833,-0.3488278382,-0.3551547552,-0.3591913236,-0.3617897758,-0.3593380016,-0.3550278827,-0.3474522154,-0.3357587091,-0.3211877095,-0.3022319401,-0.2797150759,-0.2538649931,-0.2228325857,-0.1882280627,-0.149289337,-0.1057986316,-0.05707002473,-0.002948209805,0.05707706975,0.1243787913,0.1997281955,0.2852810852,0.3831042356,0.4954893833,0.6281075764,0.7840994446,0.9689840515,1.181686155,1.385101793,1.470832291,1.343662729,1.100539038,0.8427886717,0.6211106551,0.4348978203,0.2781998608,0.1529243893,0.04936498595,-0.03398522892,-0.09853827589,-0.1499121841,-0.187774543,-0.2157723599,-0.2369752503,-0.2488739235,-0.256794844,-0.2604897338,-0.2597119522,-0.257198726,-0.251481553,-0.24398285,-0.235935141,-0.2248617181,-0.2137018802,-0.2016295639,-0.1878573869,-0.1745983785,-0.1598708442,-0.1447000838,-0.1300034526,-0.113856816,-0.09867466707,-0.08383876953,-0.07140613633,-0.07405334069,-0.08957532189,-0.108234165,-0.1126110693,-0.08748898367,-0.04523655323,-0.0006116117142,0.02627746459,0.02575997008,-0.005602590915,-0.06116225596,-0.1305276406,-0.2027321066,-0.2722510717,-0.3321910753,-0.3805657271,-0.4136820796,-0.427712595,-0.4176636177,-0.3696390042,-0.3366579517,-0.3162685478,-0.2968526306,-0.2796637673,-0.2643784954,-0.248895011,-0.2340394953,-0.2202555855,-0.2083118875,-0.1970666585,-0.1863295416,-0.1758243491,-0.1660146994,-0.1573840517,-0.1497707559,-0.1427497112,-0.1355724138,-0.1289745575,-0.1233172577,-0.1187183556,-0.1146718179,-0.1107708019,-0.1071970257,-0.1040890144,-0.1023324567,-0.1011596655,-0.1002383582,-0.0993194181,-0.09898690216,-0.09965412316,-0.1009733667,-0.1027204943,-0.1044245956,-0.1065251097,-0.1092251656,-0.1128175439,-0.1169075869,-0.1209333451,-0.1250807396,-0.1296430506,-0.1352218602,-0.1410710999,-0.1470535332,-0.152975424,-0.1591995277,-0.1659742745,-0.1731835888,-0.1806103227,-0.1877507296,-0.1950504669,-0.2026235448,-0.2104556528,-0.2184332073,-0.2262449214,-0.2339620393,-0.2416963162,-0.2493513201,-0.2569198619,-0.2643701848,-0.2717489505
3.6,-0.02048169405,-0.04239768863,-0.05706737304,-0.07203375839,-0.09254123635,-0.1050373226,-0.1229984458,-0.140724706,-0.1543450502,-0.1741146875,-0.189695385,-0.2052345214,-0.2235121508,-0.2366241677,-0.2521537719,-0.2667293485,-0.2780091216,-0.2917458643,-0.3019109698,-0.31096964,-0.3205090288,-0.3253659822,-0.3304052873,-0.3334509194,-0.3331711509,-0.3322962187,-0.3277157637,-0.3208158306,-0.3120815652,-0.2985535161,-0.2827414364,-0.2633619408,-0.240010432,-0.2123200769,-0.1798294904,-0.1424732799,-0.09912622554,-0.04894991274,0.00914385645,0.07639359183,0.1534752079,0.2456706726,0.3529462568,0.479987114,0.6337905651,0.8138668845,1.023874102,1.23448563,1.347442525,1.2551877,1.030116658,0.7893335943,0.5741396368,0.3956075239,0.246482953,0.1236558303,0.02445688835,-0.05710429853,-0.12140813,-0.1721814807,-0.2126433538,-0.2405972928,-0.2613992402,-0.2752080054,-0.2821599413,-0.2845222687,-0.2818120355,-0.2755229492,-0.2667883162,-0.2538272212,-0.2392668897,-0.2227422546,-0.2042012503,-0.1844778869,-0.1633474766,-0.1414520661,-0.1190056186,-0.09620411714,-0.07370426446,-0.05192147942,-0.03504093744,-0.01860844667,-0.02231548634,-0.03831422435,-0.04549924561,-0.02330631051,0.01859287028,0.06171700023,0.08164961937,0.06849408452,0.02103613284,-0.05120472939,-0.1367444168,-0.2241457425,-0.3077844401,-0.3790916774,-0.4341572327,-0.4676225048,-0.4753390674,-0.4526669284,-0.3828075046,-0.3408008184,-0.3137778008,-0.2879937711,-0.2646800092,-0.2436575014,-0.2226101571,-0.2024390998,-0.1835336559,-0.1665742812,-0.1505110266,-0.1351534851,-0.1202500034,-0.106224417,-0.09346154484,-0.08182613347,-0.07094723777,-0.06021131495,-0.05022136715,-0.04127794693,-0.03346099958,-0.02638654814,-0.01971919008,-0.01359637868,-0.008117342353,-0.004010259576,-0.0006623206152,0.002202429833,0.004786169492,0.006580162802,0.007320181628,0.007285247384,0.006634563523,0.005672230615,0.004126408764,0.001857870929,-0.001361031506,-0.005298719671,-0.009455076069,-0.01396967957,-0.019098952,-0.02527128769,-0.03191392809,-0.03893250176,-0.04616660434,-0.05393271415,-0.06232721217,-0.07130974614,-0.08072543802,-0.09014074066,-0.09992257003,-0.1101403432,-0.1207018559,-0.131635308,-0.1426020947,-0.1536549525,-0.1648919322,-0.1761009801,-0.1874027301,-0.1986812666,-0.2098856668
3.7,0.01691980529,-0.005091024901,-0.01712386425,-0.02876413427,-0.04738677506,-0.05481058445,-0.06976060168,-0.0847162372,-0.09422121054,-0.1132866182,-0.1270446325,-0.1416025923,-0.161116826,-0.1740530437,-0.19151774,-0.208511079,-0.2216773215,-0.2395566194,-0.253346025,-0.266649723,-0.2817117356,-0.2918560932,-0.3035493046,-0.3139716625,-0.3214733523,-0.3301092867,-0.3356100431,-0.3398315746,-0.3436054161,-0.3433227448,-0.3421234641,-0.3384537182,-0.3315194908,-0.3218292015,-0.3080086772,-0.290278101,-0.268161795,-0.2394089409,-0.2045352506,-0.1621267751,-0.1109125676,-0.0481578647,0.02728243547,0.118106898,0.2281593885,0.361906438,0.524489537,0.7205544331,0.9462120855,1.164048079,1.256614402,1.140271772,0.9157644689,0.6901894662,0.4966141897,0.3368737266,0.2072193142,0.1005365522,0.01463274547,-0.05510292379,-0.1123122768,-0.1557175517,-0.1904381917,-0.2168871446,-0.23573325,-0.2483172161,-0.2551720742,-0.2575922157,-0.2560640413,-0.2502309722,-0.2413991364,-0.2298002708,-0.2164054902,-0.1996556696,-0.181804836,-0.1626716928,-0.1413584521,-0.1205531797,-0.09840892187,-0.07642465401,-0.05980606514,-0.02609846022,-0.01633232025,-0.02227506471,-0.02304559836,0.0004919073303,0.0378597835,0.06946272278,0.07315190059,0.04405661838,-0.01456124491,-0.09202552533,-0.1789057262,-0.2654890752,-0.3477154303,-0.4162488293,-0.4661804058,-0.491373758,-0.4881564859,-0.4524560589,-0.3645467337,-0.315531696,-0.2834969422,-0.2528946772,-0.2249106852,-0.1994908289,-0.1741877696,-0.149929252,-0.1270365005,-0.1060912405,-0.08614944358,-0.0670298901,-0.04851723422,-0.03095420862,-0.01465436161,0.0004863490659,0.01479122692,0.02872353276,0.04182549819,0.05383991949,0.06471711594,0.07473883232,0.08414491316,0.09284628001,0.1007814105,0.1073658003,0.113061768,0.118088944,0.1225973178,0.1261625513,0.128644843,0.1302588928,0.1311058965,0.1313213426,0.1307973383,0.1294502486,0.1271133377,0.1238705337,0.1201430226,0.1158372694,0.1107370532,0.1045856972,0.09777822842,0.09036035639,0.08244559438,0.07377645999,0.06440573603,0.0542979888,0.04353770559,0.0324394676,0.02074631017,0.008438888341,-0.004318995529,-0.01771038356,-0.03142082448,-0.04548080978,-0.05996462276,-0.07451795519,-0.08942489649,-0.1045286883,-0.1197282949
3.8,0.06469062258,0.04423078939,0.03376235504,0.02516509835,0.0122951726,0.00953909871,0.001260704698,-0.00687130644,-0.01066413882,-0.02319096448,-0.03225172436,-0.04324235456,-0.06028824022,-0.07320063066,-0.09205227958,-0.1122517311,-0.1301134101,-0.1544588389,-0.1757381605,-0.1973008044,-0.2216234217,-0.2409559908,-0.2623171089,-0.2824282742,-0.2988649098,-0.3170758364,-0.3313130463,-0.3439008859,-0.3564947335,-0.3639045758,-0.371018339,-0.3758143655,-0.3767321933,-0.3767051997,-0.3723515465,-0.3648840411,-0.3551290983,-0.3386824504,-0.3187270304,-0.2931746891,-0.2598924139,-0.2194799496,-0.1682816559,-0.1053738771,-0.02914927505,0.06751759147,0.1852072416,0.3305682656,0.5111872163,0.7308776824,0.9876446722,1.229792832,1.30869619,1.152386911,0.9166129241,0.7003602804,0.5224422555,0.3779831486,0.2617918329,0.1667806941,0.08865701222,0.02471585175,-0.0284692354,-0.07259689551,-0.1103185168,-0.1397779624,-0.1648500187,-0.1855722534,-0.2005317537,-0.2134022636,-0.2211802899,-0.2255186606,-0.2289790496,-0.2253688381,-0.2211339825,-0.214247916,-0.202230488,-0.1910019642,-0.1752618314,-0.1579753481,-0.1446907459,-0.09082797151,-0.0598005429,-0.0424423742,-0.02164943999,0.01476539845,0.05157887843,0.07112597441,0.06027813689,0.02283370405,-0.03466684895,-0.1038318327,-0.1792066967,-0.253207261,-0.3233276619,-0.3804833893,-0.420415385,-0.4382084187,-0.4316189737,-0.3971518875,-0.3138864709,-0.2662652238,-0.2350802009,-0.2050196703,-0.1772670881,-0.1517281563,-0.12611129,-0.1013054301,-0.07761047847,-0.05555139787,-0.03428519585,-0.01366878072,0.006469522115,0.02586982399,0.04420512351,0.06153770735,0.078144149,0.09439178855,0.109883008,0.1243715695,0.1378188567,0.1504379319,0.162365442,0.1735378454,0.183912975,0.193013525,0.2011625047,0.2085365146,0.2152446403,0.2209174539,0.2254989139,0.2291527599,0.2319277325,0.2338363415,0.2348821916,0.2350269512,0.2341486816,0.2322118367,0.2295757876,0.2261780125,0.2218292479,0.2164225463,0.2101997217,0.2031627147,0.1953836084,0.186654157,0.177155502,0.1667843699,0.1555606481,0.1436869635,0.1310014946,0.1175310195,0.1035010321,0.08858604136,0.07305340321,0.05688935351,0.04004426565,0.02300849087,0.005330270802,-0.01282421717,-0.03134027959
3.9,0.1566774966,0.1330026715,0.1185291643,0.1073890705,0.09585005768,0.0921062894,0.0864055821,0.08165202124,0.07963766188,0.07273520738,0.06712226732,0.05953206341,0.04713434786,0.03524305324,0.01798898795,-0.002244336787,-0.02279341388,-0.05008739338,-0.07695620477,-0.105285791,-0.1371698218,-0.1654718175,-0.1958274626,-0.2250662037,-0.2500283953,-0.2764244234,-0.2977194583,-0.3163040492,-0.3342764655,-0.3454829767,-0.3559688019,-0.3634481712,-0.3664539488,-0.368718861,-0.3666823109,-0.3621788837,-0.3559071317,-0.344855926,-0.3315811987,-0.3145780216,-0.2933436166,-0.2668021624,-0.234158476,-0.1942948147,-0.1446544989,-0.08326339321,-0.006415078962,0.08932389292,0.2079847987,0.3585905366,0.5450080901,0.7743187917,1.04292982,1.286943115,1.356178955,1.202918898,0.9781308213,0.7720113433,0.6026814819,0.464484203,0.351752215,0.2566917315,0.1768901473,0.108632955,0.04750098585,-0.003296902895,-0.04968304862,-0.09104813302,-0.1252372519,-0.1579130818,-0.1839510074,-0.2056269398,-0.2259928397,-0.2369580975,-0.2464314251,-0.2516015732,-0.2493965211,-0.2465396571,-0.2367526755,-0.2235044816,-0.2123037036,-0.1382188295,-0.08321794396,-0.0385566546,0.006503041414,0.05532264485,0.08870978475,0.09550021858,0.07452127839,0.03600998558,-0.01397405573,-0.07036705364,-0.1307660006,-0.1896937563,-0.2460098459,-0.2921423527,-0.3259343744,-0.3450965944,-0.3486048389,-0.3331372311,-0.2787357479,-0.2410829929,-0.2164368117,-0.1920416002,-0.1691334053,-0.1473300087,-0.1248664777,-0.1025080386,-0.08057680433,-0.05959953187,-0.03882604386,-0.01819966483,0.002391096975,0.02279078095,0.04256417957,0.06171874709,0.08047574864,0.09913617596,0.1172945362,0.1346857303,0.1512585011,0.1671866855,0.1824654761,0.1970413311,0.210880116,0.2235883694,0.2353421122,0.2462739484,0.2564522112,0.2655542021,0.273570556,0.2806200301,0.286700021,0.2917190278,0.295765423,0.2988372902,0.3008441119,0.301651281,0.3015588676,0.3005296997,0.2983961131,0.2951787237,0.2909887733,0.2857868878,0.2796052072,0.272283992,0.2641121815,0.2549289993,0.2447017134,0.2335138651,0.2213049457,0.2081393217,0.1942894546,0.1793109647,0.1634085639,0.1465868429,0.1288242513,0.1107072141,0.0916533262,0.07181093791,0.05127247172
4,0.2939928375,0.2559907756,0.2294683485,0.2072752747,0.1850120327,0.1738100717,0.1612679983,0.1513666742,0.146035361,0.1368652303,0.1305751215,0.1233126593,0.1126039985,0.102990871,0.08904736611,0.07277168062,0.05557262718,0.03278152999,0.009148468093,-0.01675345915,-0.04607531608,-0.0747033006,-0.1055609618,-0.1365030731,-0.1651892718,-0.1949073611,-0.2209618159,-0.2445165583,-0.2669299057,-0.2831467322,-0.2977820291,-0.3090138545,-0.315572675,-0.3206676927,-0.321479388,-0.3198521401,-0.316403338,-0.3093087801,-0.3006156392,-0.2894053164,-0.2764932974,-0.2596581448,-0.2404891886,-0.2179862789,-0.1886384996,-0.1558025044,-0.1123944229,-0.0577749057,0.007399644164,0.09801313508,0.2084337985,0.348340561,0.5279878441,0.7356308811,0.9668017566,1.152633953,1.184767853,1.058896895,0.8769152548,0.7037778419,0.5564441125,0.4307516711,0.3261862502,0.2373660837,0.1602755091,0.09435610111,0.03607133958,-0.01525544277,-0.0604402839,-0.0999514779,-0.1343675171,-0.1640828984,-0.1890658737,-0.2087315749,-0.223491304,-0.2334768408,-0.2386949148,-0.2378767493,-0.232500539,-0.2226394575,-0.2108897235,-0.128633033,-0.06163375024,-0.004763949555,0.04770897453,0.09490533782,0.1190173085,0.1167187942,0.09284720867,0.05758579161,0.01420668062,-0.03449131981,-0.08701392466,-0.1390527927,-0.1893301292,-0.2307644673,-0.2622273564,-0.2835916487,-0.2952069975,-0.2956532684,-0.2686130911,-0.2417309656,-0.2246080322,-0.2070890679,-0.1904049913,-0.173716911,-0.1559004652,-0.1374586575,-0.1186585473,-0.1000545996,-0.08092231937,-0.06130515287,-0.0411514579,-0.02044052663,0.0002681848078,0.02093037284,0.04171038365,0.06280269324,0.08382633177,0.1044758552,0.1246629342,0.1445335407,0.1638929267,0.1826980827,0.2009183262,0.2182215107,0.2346276082,0.2502131033,0.2649954989,0.2787042754,0.2913480716,0.3030001433,0.3136079261,0.3229709228,0.3312604916,0.3385001212,0.3446204623,0.3493993889,0.3530774791,0.3556429813,0.3569464391,0.357114004,0.3561467412,0.3539679822,0.3505709359,0.3458414904,0.3401621893,0.3333242538,0.3252547279,0.3159090137,0.30533988,0.293641554,0.2811198627,0.2672316957,0.2521170617,0.2358021005,0.2182936895,0.20023651,0.1809623933,0.160579996,0.1391285633
4.1,0.499706728,0.4432992061,0.396895421,0.3524618345,0.303934686,0.2727302475,0.2388387569,0.2100571812,0.1916349526,0.1679342057,0.1528666375,0.1394576888,0.1228292633,0.1137285662,0.1003153338,0.08699856756,0.07611801736,0.059401483,0.04446489002,0.0276590572,0.007720628628,-0.01154001024,-0.03375479112,-0.05659044296,-0.08000446009,-0.104007033,-0.1275146701,-0.1506520099,-0.1713064956,-0.1916426702,-0.2086310836,-0.2227973744,-0.2366821868,-0.2440677627,-0.2511952189,-0.256197859,-0.2557981031,-0.2579150762,-0.255093085,-0.2506239307,-0.2487025815,-0.2392826087,-0.2324896803,-0.2241183838,-0.2093653639,-0.1979019845,-0.1778952851,-0.1523256348,-0.1234459077,-0.07570658261,-0.01794432794,0.05940367955,0.1660883269,0.2947460952,0.4583375408,0.6422293488,0.8090673604,0.9119537982,0.8908532069,0.7845214146,0.6540211816,0.5214699768,0.4084164191,0.311643947,0.227536526,0.1581432768,0.09718838645,0.04465611063,-0.0002245542732,-0.0397012424,-0.0732522689,-0.1021626044,-0.1267199598,-0.1461129897,-0.1612895448,-0.1721561134,-0.1790400562,-0.1802176713,-0.1774473252,-0.1704647735,-0.1604076355,-0.08063321667,-0.02013891889,0.02471476561,0.06034029917,0.09183198975,0.1078895785,0.1082864792,0.0934918769,0.06603168771,0.02451869368,-0.02875442645,-0.08822374814,-0.1456736528,-0.1951465405,-0.2280513207,-0.2450135227,-0.2503969452,-0.2489635728,-0.2442928443,-0.2257452393,-0.2058797403,-0.1949072663,-0.183868539,-0.1738564462,-0.1635092752,-0.1522651174,-0.140183507,-0.127275886,-0.1141543163,-0.0999099603,-0.08465206703,-0.06836369679,-0.05067106996,-0.03223103623,-0.01306239362,0.006994569839,0.02791908365,0.04951256709,0.07139737529,0.0934116942,0.1157184479,0.137853619,0.1597984113,0.1815245767,0.2026918292,0.223186552,0.2429961268,0.2620600977,0.2801765136,0.2973146334,0.3135066517,0.3286526888,0.3424158192,0.3550608845,0.3666153611,0.3770123678,0.3859621479,0.3936347478,0.400045371,0.4050587148,0.4088784472,0.4114221791,0.4125728574,0.4122826367,0.4104875348,0.4076456846,0.4035082741,0.3979732346,0.3908614769,0.3823481924,0.3725504491,0.3617986483,0.349470101,0.3356346112,0.3203448001,0.3036409121,0.2861996101,0.267299706,0.2469961382,0.2252561612
4.2,0.6640027014,0.6414750345,0.6062990542,0.5559868432,0.489992365,0.432497633,0.3700891079,0.3126803688,0.2667150881,0.2194281011,0.1836192075,0.1533074749,0.1238958295,0.1054360021,0.0865034461,0.07069136628,0.06021854796,0.04691739633,0.03764737288,0.02851539378,0.01755364863,0.008974262312,-0.002166950174,-0.01372008983,-0.02587757882,-0.03972953335,-0.05403717287,-0.06951473946,-0.0840893807,-0.1005958036,-0.115497012,-0.1292559691,-0.1448637394,-0.1549975769,-0.1665900693,-0.1771682277,-0.1826592317,-0.1923174449,-0.1970973256,-0.2008093871,-0.2076730171,-0.2073946127,-0.2102727181,-0.2119602414,-0.2088691891,-0.2088505633,-0.2028154408,-0.1937121424,-0.1820907015,-0.1594719735,-0.129810442,-0.08706611837,-0.02755656933,0.05314807752,0.1582660626,0.2873478607,0.4367166251,0.5825312056,0.6904351068,0.7235523374,0.6823726227,0.5917004087,0.4926876818,0.3984199201,0.3121884274,0.240690182,0.1772994914,0.1228871586,0.07736545597,0.03642776446,0.002209003432,-0.02742794325,-0.05371207342,-0.07430692129,-0.09191537989,-0.1058252897,-0.1157767795,-0.1215430882,-0.1231519486,-0.1206818157,-0.1142398297,-0.04160621028,0.002770695479,0.02383720472,0.03393447891,0.04855567138,0.0624110578,0.07357642459,0.07276563821,0.05252192623,0.008068639488,-0.05602694263,-0.1265256084,-0.1880636733,-0.2288210444,-0.2398884679,-0.2268703935,-0.2014095266,-0.1738350437,-0.1523406186,-0.1312445405,-0.1159086739,-0.1098015891,-0.1045595105,-0.1011917005,-0.09771323637,-0.09427269001,-0.09040285388,-0.08568175623,-0.08104829123,-0.07504257831,-0.06788113595,-0.05963518181,-0.04920932144,-0.03749483204,-0.02425013585,-0.009138625864,0.007362562799,0.02563302297,0.04516814948,0.06566580701,0.08754300629,0.1098593425,0.1326986445,0.1560786038,0.179463357,0.2027425698,0.2257176522,0.2481809263,0.2700945643,0.2912267824,0.3115967867,0.3310728072,0.3490991627,0.3660785483,0.3819897836,0.3967287091,0.4099986139,0.4218402786,0.4323080029,0.4412855607,0.4489901619,0.4553086234,0.4600690752,0.4631756571,0.4646276609,0.4649202655,0.4637825285,0.4610947492,0.4565338948,0.4504075475,0.4428437171,0.4341838007,0.4237453222,0.4115345726,0.3976316345,0.3821055779,0.3656342011,0.3474798862,0.3276385987,0.3060058635
4.3,0.4749975426,0.516213419,0.5473174568,0.5594734815,0.5434824139,0.5170356318,0.4688753536,0.4119706242,0.359298378,0.2974326115,0.2469751305,0.2022476681,0.1577905002,0.1292711641,0.1007562019,0.07771230916,0.06394285584,0.04730697049,0.03825009483,0.03104117576,0.02219344658,0.01935550867,0.01373659541,0.008637135102,0.004753074822,-0.00218956825,-0.008448581732,-0.01617484207,-0.02470600389,-0.03449736303,-0.04486908342,-0.05536074472,-0.06773505517,-0.07796239892,-0.08959951773,-0.10122252,-0.1101138379,-0.1218962526,-0.1308150869,-0.1390919066,-0.1492399137,-0.1548715613,-0.1621951608,-0.1685413586,-0.1717074729,-0.1762973576,-0.1769041595,-0.1752248958,-0.1717100053,-0.1607393806,-0.1450512608,-0.120757251,-0.08498746151,-0.03484393032,0.03315512775,0.1202622231,0.2287975231,0.3497014826,0.4731176136,0.5752012163,0.6255349762,0.6239861747,0.5750612013,0.50441983,0.430611061,0.355771083,0.289360906,0.2299493546,0.1759231946,0.1298199208,0.08782036001,0.05046295024,0.01823691918,-0.01121942327,-0.03591431323,-0.05700717046,-0.07538167796,-0.0873092587,-0.09591653356,-0.09958025484,-0.09630327859,-0.0269602626,0.01408086349,0.03160733714,0.03782600855,0.04472324542,0.04489476441,0.04412652007,0.04011959536,0.02378558696,-0.01572248062,-0.07794868122,-0.1486706704,-0.207999315,-0.2382057475,-0.2274389986,-0.1853232001,-0.1304819325,-0.07832962791,-0.04054666542,-0.01522855423,-0.003990985726,-0.001588637449,-0.0008461974078,-0.002978097072,-0.005009161688,-0.008292574206,-0.011810808,-0.01457391445,-0.0185399341,-0.02116287766,-0.02301537581,-0.02454057192,-0.02336322798,-0.02117581201,-0.01710781374,-0.01030495251,-0.002289608937,0.008722137029,0.02196892179,0.03686546407,0.05476888052,0.07377836965,0.09436674442,0.1167951585,0.1398788192,0.1639861356,0.1885030639,0.2129217078,0.2377041968,0.262020425,0.2859825263,0.3094880118,0.3315323045,0.3528247377,0.3731671512,0.3923525414,0.410211171,0.4264981227,0.4413539835,0.454690217,0.4666480646,0.477143692,0.4859229603,0.4928488092,0.4979648296,0.5017918358,0.5040516491,0.5045783707,0.5029578227,0.4995760062,0.494585656,0.4883759594,0.4800994847,0.4698320511,0.4576404877,0.4435376826,0.428354761,0.4112029489,0.3920757333,0.3708952497
4.4,0.1820404165,0.2230713342,0.2668294943,0.306153965,0.3327249214,0.3560007356,0.3605983509,0.3512096851,0.3355181001,0.3003884824,0.2664756982,0.2309843586,0.1904255376,0.1631442975,0.1338707608,0.1093921379,0.0945162174,0.07618408468,0.06619822363,0.0583427917,0.04879187066,0.04618847169,0.04074562976,0.03612447933,0.03342085472,0.02738482048,0.02269723745,0.01684199987,0.009778868117,0.002525422951,-0.005812092017,-0.01430279787,-0.02379658392,-0.03243429805,-0.04165140785,-0.05082217732,-0.05830650407,-0.06723273318,-0.07436324035,-0.08092506814,-0.08849275638,-0.09328094249,-0.0990431345,-0.1042688982,-0.1075350131,-0.1119006799,-0.1138925543,-0.1145465227,-0.1144347393,-0.1094570447,-0.1018020381,-0.0888155323,-0.0679017338,-0.03812788381,0.004543013968,0.06124448092,0.1337327741,0.2217774266,0.3197658497,0.4184829284,0.4986002453,0.5522127819,0.5636370191,0.5403781018,0.5005647668,0.4390029897,0.3795849835,0.3211044359,0.2604694855,0.2101758304,0.1593071958,0.1122578564,0.07290998836,0.03163548874,-0.001913998662,-0.0315865686,-0.06040820353,-0.07847855962,-0.09453570867,-0.1043658111,-0.1034914192,-0.02821737155,0.0367530939,0.08712633313,0.1201372086,0.1282100674,0.09533913304,0.04653385603,0.01216789707,-0.006401073591,-0.03392977006,-0.08401649046,-0.1484259327,-0.2056610208,-0.23272185,-0.2118810875,-0.153144509,-0.07899577067,-0.008609907686,0.04365540946,0.07775426625,0.08730967406,0.08873396062,0.08802998214,0.08387844524,0.07966626687,0.07335730261,0.06617141774,0.05942888318,0.05042613299,0.04231405766,0.03425021471,0.02537926573,0.01897197003,0.01264595593,0.007795247367,0.00580593597,0.003937278125,0.005641777814,0.009966369845,0.0159995543,0.02653392745,0.03851346398,0.05311521383,0.07114624253,0.09037744057,0.1122919925,0.1356451303,0.159477299,0.1852333063,0.211002164,0.2371519597,0.2636830418,0.2888533711,0.3138990766,0.3382690002,0.3616238254,0.3839896615,0.4047158432,0.4240677165,0.441906861,0.4583776438,0.4733033819,0.4863708248,0.4975347786,0.5065701618,0.514302919,0.52035987,0.5243160433,0.5261211752,0.5257787644,0.5236313865,0.5203816676,0.5143687454,0.5064105061,0.4963172844,0.4836761871,0.4703110725,0.4543583024,0.436127053,0.416014786
4.5,0.007649163257,0.03701226636,0.07428578428,0.1108256464,0.137860173,0.1730018755,0.1949315025,0.2104765371,0.2243615461,0.2184852917,0.2112944685,0.1967907075,0.1734664069,0.1560055801,0.1344250846,0.1156431563,0.1023110752,0.08837538424,0.07989497083,0.07313964568,0.06729153861,0.06421675198,0.06084631449,0.05806367457,0.0548011364,0.05137874565,0.04693537789,0.04149953542,0.03591301285,0.0282602733,0.02061223574,0.01235346258,0.003309567911,-0.005099555449,-0.01371021902,-0.02167770523,-0.02907618072,-0.03543830223,-0.04104330355,-0.04594248981,-0.04951233506,-0.05308937928,-0.05552291357,-0.05739346521,-0.05955174285,-0.06002616248,-0.06072740907,-0.0606656494,-0.05889700149,-0.05648006028,-0.05112017519,-0.04277109094,-0.03051815222,-0.01114609502,0.01562320378,0.0522369421,0.1000893817,0.1604239944,0.2306844037,0.306333893,0.3788041301,0.4387620387,0.475655127,0.4859609293,0.4766885413,0.4411370984,0.3988981921,0.3511213088,0.2956375983,0.2471138686,0.1949679979,0.1448749044,0.1017026171,0.05500532019,0.01589791436,-0.01955478221,-0.05432871516,-0.07799223935,-0.09926327893,-0.1138268551,-0.1163396694,-0.03574543398,0.06055741206,0.149672093,0.210129327,0.2198935615,0.1578405854,0.05936251477,-0.01918660078,-0.05592079528,-0.07936592443,-0.1157432837,-0.1668249375,-0.2150726861,-0.2415540146,-0.2239083189,-0.1640663247,-0.07930125878,0.009029200689,0.08167483908,0.1359750624,0.1493739831,0.1531042039,0.1541913099,0.1526470916,0.1487126523,0.1433160632,0.1364197481,0.1283556293,0.1190137827,0.1087573396,0.09782908507,0.08615613772,0.07456584633,0.06310607142,0.05225705706,0.04267498762,0.03320317085,0.02591932737,0.02086464321,0.01772869777,0.0182469049,0.02083020878,0.02643966227,0.0359099891,0.0478851794,0.06347174704,0.08164216223,0.1014706499,0.1243989923,0.1485490453,0.1740940016,0.2009310046,0.2272385217,0.2540930283,0.2808290146,0.3070921891,0.3326865438,0.3569123947,0.3799585399,0.4015402789,0.4220290516,0.4408796386,0.4578333269,0.4729701999,0.4856343512,0.4970915785,0.5068048151,0.5140797007,0.5192624648,0.5219336429,0.5226586354,0.5224012816,0.5187596005,0.5132341114,0.5053916941,0.494480673,0.483124901,0.4686949143,0.4517524436,0.4330418596
4.6,-0.07255659821,-0.04641193257,-0.01236388482,0.02167648484,0.04656376519,0.08208946194,0.1060640223,0.1263318731,0.1495693847,0.1530546347,0.1581072306,0.1551297465,0.1399272869,0.1293935407,0.1104416448,0.0926250043,0.07855995282,0.06396488274,0.05479149242,0.04746266278,0.04376824026,0.0409128762,0.040305217,0.04107054932,0.0391429158,0.0411613801,0.03970278565,0.03728822072,0.03691166254,0.03078094235,0.02660509025,0.02111396525,0.01312811333,0.00708737989,-0.0008419144942,-0.008110197591,-0.01525085301,-0.02134758835,-0.02686484451,-0.03192941387,-0.03418570016,-0.03802072049,-0.03911926494,-0.0391635773,-0.04102504145,-0.03827682561,-0.03746642449,-0.03591632857,-0.03104293715,-0.0287250702,-0.0223357485,-0.01411523195,-0.004873019915,0.01152218812,0.03126951429,0.05802524914,0.0933327818,0.1365613544,0.1883128066,0.2448776155,0.3028250263,0.3536377057,0.3923700603,0.4141175646,0.4171465546,0.4022834953,0.374824298,0.3388653332,0.2966603878,0.2524952178,0.2065305128,0.1609097965,0.1175087444,0.07426938608,0.03451529614,-0.002260025578,-0.03647146823,-0.06424751979,-0.08763297218,-0.1050637944,-0.1123325315,-0.04477421896,0.06124154846,0.1715225356,0.2490399217,0.2620990645,0.1880259255,0.06287779124,-0.05333458779,-0.1199482053,-0.1495387726,-0.172454624,-0.2057232276,-0.242160917,-0.2733918647,-0.2716002064,-0.2227859598,-0.1306945525,-0.01998622282,0.08063703949,0.1635291272,0.1836084502,0.1914107013,0.1959342262,0.198423738,0.1963126897,0.1932716262,0.1881396555,0.1805169228,0.1723868196,0.1618727033,0.1501146224,0.1376240321,0.1232614645,0.1089750668,0.09445146796,0.07965663919,0.06469178606,0.05029036052,0.03727654729,0.0258301772,0.01643405492,0.009048169671,0.004307523526,0.003036903418,0.005024318027,0.01096332528,0.02033231536,0.03238139822,0.04866774602,0.06754584636,0.08900924585,0.113054764,0.137656371,0.1638850482,0.1909050938,0.218125399,0.2455600255,0.2719868141,0.2976195633,0.3222934878,0.3459615924,0.3682904052,0.3888525716,0.407489739,0.4239201777,0.4390176525,0.4523812459,0.463473595,0.47202721,0.4782077745,0.48242072,0.4853605451,0.4851434108,0.4827025767,0.4778421994,0.4700967432,0.4613562558,0.4497674291,0.4355669435,0.419122678
4.7,-0.1355949689,-0.1097904422,-0.07658678553,-0.04277804572,-0.01614499024,0.02021988123,0.04750724105,0.07239750726,0.1008869821,0.1126205456,0.1261413885,0.1321214178,0.1251355647,0.1201782696,0.1035591215,0.08475800573,0.06641729223,0.04535614916,0.02860683617,0.0132212773,0.00384957902,-0.005561197393,-0.009565462083,-0.01016150029,-0.01476516496,-0.009706465777,-0.009755565127,-0.009940508248,-0.004200392917,-0.008156810725,-0.006714042754,-0.006522547038,-0.01131665752,-0.01051923399,-0.01440583929,-0.01767807135,-0.01987810625,-0.02373868387,-0.02614972126,-0.02901212393,-0.02961652692,-0.03208296651,-0.03218766476,-0.03113263058,-0.0330285285,-0.02899473099,-0.02797980787,-0.02651325836,-0.02024860325,-0.01921159245,-0.0127793259,-0.004886308918,0.001472577089,0.01697736039,0.03268510927,0.05394514037,0.08418452132,0.1171051964,0.1592393384,0.2052080447,0.2513449208,0.2956468319,0.3303734456,0.3537450772,0.3620852638,0.3569377973,0.339417975,0.3126660947,0.2816915042,0.2436117633,0.205223772,0.1664291119,0.1255834365,0.08871284231,0.05130197804,0.01583030251,-0.01470545284,-0.04493425658,-0.06859031406,-0.08745773976,-0.09988895791,-0.06060730449,0.0293598845,0.141286461,0.2247491258,0.2412763363,0.1717148818,0.04959034474,-0.07723062434,-0.1675026544,-0.213834215,-0.2356001389,-0.2586788792,-0.2850628789,-0.3183779353,-0.3325850126,-0.3025093851,-0.2107257726,-0.07984768592,0.04986000831,0.1622802781,0.1884258858,0.2000901029,0.2079785659,0.2140871671,0.2142228818,0.2136429007,0.2105217118,0.2042168291,0.1976253297,0.1878394724,0.1764171352,0.1639918989,0.1486987746,0.1331529766,0.1167182858,0.09910610082,0.08050238999,0.06134726867,0.04267214012,0.02462767626,0.007352979651,-0.008858860093,-0.02341002431,-0.0352197264,-0.04437165791,-0.04962446618,-0.05129533204,-0.05024030855,-0.04361903025,-0.0336312765,-0.01991535149,-0.001767487987,0.01766849627,0.04056444873,0.06551553264,0.09125964277,0.1191528325,0.1463075591,0.1733544352,0.2006166173,0.2265922115,0.2521140452,0.2761655612,0.2979887624,0.3185509059,0.3373967146,0.3546236627,0.3701443072,0.3823614948,0.3927313885,0.4011599306,0.4078327711,0.4120320786,0.4135128054,0.4125771376,0.4092000695,0.4040221361,0.3964429613,0.3862081558,0.3732618364
4.8,-0.2093445226,-0.1859363708,-0.1546992506,-0.1223179501,-0.0939928144,-0.05773548839,-0.02703211452,0.003151926863,0.03508096721,0.05768040303,0.08009347252,0.09647817389,0.1046548801,0.1087762976,0.1036620862,0.09333818723,0.0779062889,0.05856239429,0.03789701726,0.01601843159,-0.001751929334,-0.021352276,-0.03545245797,-0.04589221046,-0.05878494463,-0.06114724101,-0.06653669574,-0.07018540184,-0.06715231531,-0.07061594319,-0.06808064505,-0.06556907016,-0.0656636344,-0.06083627822,-0.05880139887,-0.05567971039,-0.05233856811,-0.04903952456,-0.0456167176,-0.04292648655,-0.03803186834,-0.03662726216,-0.03315128099,-0.02963860482,-0.02960949092,-0.02516233819,-0.0242086557,-0.02327883078,-0.0195938802,-0.01987754072,-0.0166946146,-0.01276045618,-0.008774770681,0.0008977977991,0.01252952326,0.02930147532,0.0530443819,0.08176523958,0.1179194622,0.1584621045,0.1995287413,0.240484766,0.2734597391,0.2973544187,0.3096441331,0.3094461803,0.2988700386,0.2791550307,0.2560269012,0.2240870384,0.1921854276,0.1596233075,0.122112618,0.09104249919,0.05656584794,0.02305454173,-0.00371731667,-0.03504538856,-0.05820596863,-0.07752167972,-0.09334078196,-0.08363976942,-0.02856098986,0.06120328533,0.1334064425,0.1515791257,0.1004288852,0.00547907998,-0.1031260879,-0.1984884119,-0.2646254027,-0.2996256378,-0.3206347969,-0.3323203727,-0.3535998349,-0.3728786646,-0.3680769427,-0.2981064034,-0.1663645344,-0.01939942655,0.1149769244,0.1453561007,0.1607114621,0.1722685118,0.1823022027,0.185949905,0.1889155763,0.18909771,0.185876874,0.1823063693,0.1751692763,0.1661072926,0.1556560716,0.1418870542,0.1274624266,0.1116987559,0.09421955403,0.07481792772,0.05410930771,0.03307783388,0.01170072994,-0.0100142845,-0.03192614601,-0.05345867837,-0.07338803268,-0.09204331324,-0.1075899197,-0.1203346234,-0.1313864316,-0.1363104321,-0.1379943388,-0.1354027021,-0.1266420336,-0.1163849685,-0.1004652671,-0.08099230454,-0.06020140249,-0.03431733976,-0.008884156302,0.01751869209,0.04604106155,0.07270151209,0.1004486348,0.1272139056,0.151306143,0.1757211476,0.1977966854,0.2184459914,0.2382091647,0.2537251532,0.2681387754,0.280586893,0.2907277832,0.2992067034,0.3044300089,0.3072890997,0.3080960654,0.3064069791,0.3026452108,0.2961790099,0.2868285801
4.9,-0.2668775074,-0.2499245693,-0.2222603091,-0.1932328581,-0.1681592122,-0.1330818136,-0.1030561161,-0.07148583702,-0.03850521356,-0.009874091285,0.01845096673,0.04216656388,0.06412777777,0.07671912415,0.08573396127,0.08949414325,0.08229008817,0.07632359845,0.06139902425,0.04313671006,0.02770371138,0.0042137568,-0.01463820361,-0.03317482935,-0.05385861803,-0.06815912593,-0.08397215122,-0.0972779968,-0.1075750002,-0.117195777,-0.1235777802,-0.1285329207,-0.1299086434,-0.1307693201,-0.1281808003,-0.1229996632,-0.119316017,-0.1090724727,-0.1009661917,-0.09226829517,-0.07931761893,-0.07205646238,-0.06132880483,-0.05161329758,-0.0455305176,-0.03671806541,-0.03187388368,-0.02755844708,-0.02399136106,-0.02215539431,-0.0204454363,-0.01950930531,-0.0156480653,-0.01304166472,-0.005001123104,0.007991994299,0.02306644818,0.05118859558,0.08236891,0.1194615046,0.1619056102,0.1999641839,0.2347427107,0.2602841922,0.2751930568,0.2782280084,0.2713581055,0.2561556546,0.2349199913,0.2077127284,0.1777689477,0.14623213,0.1118216543,0.07905083778,0.04488326576,0.0110418415,-0.01910371176,-0.05053233587,-0.07659224538,-0.09862041465,-0.1146866638,-0.1283244796,-0.1120002129,-0.06039503955,-0.01111264642,0.009441415015,-0.01569431239,-0.07191105306,-0.1438514158,-0.2208297037,-0.2907418646,-0.3384868315,-0.3622743999,-0.3610752169,-0.3649761259,-0.3817561839,-0.4052521083,-0.3859509157,-0.2919344251,-0.1522288769,-0.002551084473,0.03331907621,0.05540943692,0.07393796444,0.09074641165,0.1019041761,0.1117020781,0.1184919454,0.1220391869,0.1245366229,0.1234296306,0.1199797106,0.1144703593,0.1055218467,0.09531929907,0.08343684141,0.06941703573,0.05254930247,0.03381202386,0.01405414779,-0.006696735641,-0.02895979294,-0.05243729576,-0.07670749131,-0.1009394368,-0.1249669553,-0.1475020739,-0.1687362941,-0.1895788973,-0.2057871612,-0.2194644419,-0.2294640074,-0.2333302957,-0.2355622634,-0.2311882866,-0.2221473172,-0.2109686652,-0.1923168332,-0.1731690551,-0.151640916,-0.1260031339,-0.1020564857,-0.07531664075,-0.04874919403,-0.02479898812,0.001029917997,0.02429672177,0.04648084656,0.06847993539,0.08588370317,0.1027653509,0.1177003541,0.1301971699,0.1415057413,0.1494094344,0.155086165,0.1588654322,0.1601503925,0.1593838282,0.155988996,0.1500572887
5,-0.2967190575,-0.2853363814,-0.2599353238,-0.2327450784,-0.2113876199,-0.1758004153,-0.1470813242,-0.1157095982,-0.08115496018,-0.05138918874,-0.01990270509,0.007511031448,0.03559769563,0.05363586177,0.07040843902,0.08307523562,0.08162367303,0.08607081943,0.0771856039,0.06382457869,0.05523829242,0.03151044249,0.01401585996,-0.005708016594,-0.03072409736,-0.04959974303,-0.07281987774,-0.09432316356,-0.1151240554,-0.1345892483,-0.1523567956,-0.1689102147,-0.1792357862,-0.1908384427,-0.1952431782,-0.1951107377,-0.1958959706,-0.1847409791,-0.1751046849,-0.1625266087,-0.1428335363,-0.1288894079,-0.1095248833,-0.0908803093,-0.07641169508,-0.05863737143,-0.04609356297,-0.03484267826,-0.02507565272,-0.01899187662,-0.01410590707,-0.01165386372,-0.007753678895,-0.007256716348,-0.002720963429,0.00577423821,0.01405064798,0.03760131889,0.06336608779,0.09621250593,0.1394178308,0.1753409348,0.2123526118,0.2401700299,0.2552935134,0.2610695484,0.2546039674,0.2401180809,0.2183996885,0.1910030071,0.1596134378,0.1252881548,0.09017163094,0.05188471691,0.014281977,-0.02307035143,-0.06105943764,-0.09455384922,-0.1264366002,-0.153657795,-0.1692732205,-0.199246356,-0.2086647138,-0.1835811911,-0.1491512919,-0.1241221405,-0.1269768798,-0.1487083608,-0.183284868,-0.2323343533,-0.2914959067,-0.3431571213,-0.3713146049,-0.3673125525,-0.3636714464,-0.3810491781,-0.4300171877,-0.4752263322,-0.4593955926,-0.3586774403,-0.196522435,-0.1511662348,-0.1178505277,-0.08801559605,-0.06084920088,-0.03783316455,-0.01777885911,-0.001124860543,0.01254958948,0.02391162468,0.03169557233,0.03645608592,0.03824497504,0.03643983499,0.03265889278,0.02685983524,0.01835515819,0.006228693819,-0.008375904968,-0.0246270258,-0.04208029645,-0.06242900879,-0.0845208397,-0.1082729276,-0.1337495127,-0.1591236054,-0.1849840091,-0.2110918253,-0.2374591054,-0.2623579815,-0.2852079808,-0.3057523733,-0.3224553845,-0.3368965292,-0.3461927904,-0.3507735224,-0.3519603105,-0.3458438133,-0.3373009115,-0.3250496786,-0.3076632241,-0.2899049253,-0.2682450113,-0.2454957129,-0.2240990595,-0.1999791978,-0.1774634827,-0.1554223523,-0.133163568,-0.1145671492,-0.09626826533,-0.07965648675,-0.06494391913,-0.05130332351,-0.04067468886,-0.03205575886,-0.02519678236,-0.02030143859,-0.01758549314,-0.01723081934,-0.01894009761
5.1,-0.3190301068,-0.3093483699,-0.2842035199,-0.2560581663,-0.2328529032,-0.1941635538,-0.1617958513,-0.1264178295,-0.08698327606,-0.05296187034,-0.01665482546,0.01565901644,0.04748210001,0.07017108312,0.09010587325,0.105363946,0.1058964519,0.1109940463,0.1019168845,0.08732416561,0.0785350061,0.05214604348,0.03370126754,0.01321702655,-0.01440396085,-0.0329916188,-0.05810918983,-0.08169249938,-0.1041573654,-0.1279111458,-0.1500274354,-0.1724588397,-0.1897532407,-0.2095627299,-0.2226183765,-0.2309813863,-0.2405556474,-0.2354226357,-0.2308410636,-0.2211507919,-0.2008524304,-0.1856199992,-0.1619310341,-0.137630594,-0.1176794006,-0.09218215836,-0.0729644467,-0.05509850053,-0.038460792,-0.02723270712,-0.01733310383,-0.0110163753,-0.004441242267,-0.002795427794,0.001251818768,0.007803889619,0.01152394336,0.0307496163,0.05080632909,0.07845945714,0.1215420119,0.1550715693,0.1950347719,0.2262261251,0.2412306083,0.2504103241,0.2431789143,0.2279792573,0.2047549659,0.1753310272,0.1413603132,0.1031867233,0.06653943043,0.02209846824,-0.01946237839,-0.0607634785,-0.1070122594,-0.1431958758,-0.1815204467,-0.2146062284,-0.2305451778,-0.2752012422,-0.2953607213,-0.2733051364,-0.2364501646,-0.2050169225,-0.1975221742,-0.2035190953,-0.2179283054,-0.2470125456,-0.2923636004,-0.3403032284,-0.3730451662,-0.3792651715,-0.3846663105,-0.4094024031,-0.4722068911,-0.5607620941,-0.627822563,-0.5995135204,-0.4445079998,-0.3895473714,-0.3445003602,-0.3024248681,-0.2636826721,-0.2272446721,-0.1954783942,-0.1674299041,-0.1420809487,-0.1200053226,-0.101575023,-0.08691750761,-0.07609839105,-0.06921509272,-0.06484229678,-0.06280142392,-0.06416646591,-0.06977855654,-0.07854995943,-0.08947409427,-0.1015468317,-0.1178730612,-0.1362159332,-0.1568678943,-0.180772692,-0.2041656076,-0.2297573715,-0.2568064461,-0.2843661789,-0.3136038263,-0.3410203941,-0.3675727446,-0.3932716175,-0.4162532207,-0.4368702557,-0.4537874202,-0.4664959688,-0.4743044979,-0.4779398842,-0.4772795129,-0.471704302,-0.4627621226,-0.4495122647,-0.4336807737,-0.4171518496,-0.3974506974,-0.3774874397,-0.3571680298,-0.3361615084,-0.3171042107,-0.298135073,-0.2803602442,-0.2637523017,-0.247856953,-0.2345501204,-0.2230539397,-0.2128009295,-0.2043177165,-0.1979238372,-0.1935508955,-0.1912235799
5.2,-0.3505465283,-0.3420359693,-0.3181033279,-0.2897161194,-0.2617938889,-0.2211512462,-0.1826877204,-0.1406069788,-0.09622189955,-0.05293428593,-0.009627265797,0.03084038849,0.07098080274,0.1017249406,0.129280568,0.150003559,0.1579154817,0.1625000274,0.1537802097,0.1375725708,0.1202913602,0.09151222869,0.06618418176,0.03989049005,0.01156115425,-0.01105885769,-0.03514230515,-0.05686264077,-0.07810936558,-0.09785145262,-0.1177117693,-0.1379877062,-0.1552170058,-0.1760180186,-0.1931242063,-0.208670003,-0.2247190917,-0.2326580425,-0.2390447119,-0.2398118133,-0.2336739313,-0.2236136827,-0.2074382577,-0.1882384604,-0.1663950095,-0.143760797,-0.1212313626,-0.09944701902,-0.0811356837,-0.06317807069,-0.04935728559,-0.03826356653,-0.0268852657,-0.02129674562,-0.01389880225,-0.005985511196,0.0005412921741,0.01673484568,0.03554439161,0.06219388272,0.101727781,0.139584139,0.1832273673,0.2195828653,0.2409499255,0.2524775314,0.2466497631,0.2314894906,0.2050035093,0.1747426644,0.1375776962,0.09584821921,0.05845318572,0.008929838077,-0.03514573153,-0.07924405589,-0.1307503017,-0.1694484219,-0.2124914903,-0.2500252207,-0.2679227846,-0.3293181566,-0.3631951849,-0.338456124,-0.2885455501,-0.2448196142,-0.2330678009,-0.2404161542,-0.2535156683,-0.274111442,-0.3078444028,-0.348706314,-0.3843647954,-0.4051137482,-0.4271488595,-0.4628100127,-0.5303147628,-0.6325638746,-0.7464526981,-0.7965804341,-0.6895760062,-0.6338572405,-0.5841597303,-0.5350695518,-0.4880192454,-0.4409705317,-0.3993671966,-0.3612293874,-0.3252169098,-0.2922856599,-0.2629579809,-0.2379399477,-0.2174090752,-0.2011356185,-0.1874881261,-0.1763746133,-0.1693261484,-0.1671517837,-0.1687743371,-0.1729135505,-0.1780859367,-0.1885906464,-0.2014494636,-0.217181177,-0.2372189787,-0.2563991429,-0.2789390653,-0.303777988,-0.3294463395,-0.3588864173,-0.3867623035,-0.4148798251,-0.4443521259,-0.4714064084,-0.4985205977,-0.5233534584,-0.5442308289,-0.5630197856,-0.5772500811,-0.5876566061,-0.59422787,-0.5956930325,-0.5929862774,-0.5866331151,-0.577912287,-0.5654792937,-0.5510559792,-0.535431651,-0.5182386274,-0.5012715919,-0.4837589377,-0.4668031325,-0.4504957713,-0.433796235,-0.4194447177,-0.4065922319,-0.3939014823,-0.3833728027,-0.3744019395,-0.3669941843,-0.3618659156
5.3,-0.3801881922,-0.3777244034,-0.3589697291,-0.3344559197,-0.3080712414,-0.2689759058,-0.2298824598,-0.1863243012,-0.1403307597,-0.09289928808,-0.04531005317,0.001260587401,0.04886993911,0.08964414975,0.1292089067,0.1631051603,0.1884837121,0.2061533952,0.2117551691,0.2073383994,0.1917610057,0.1678314941,0.1381820775,0.1052657467,0.07444219798,0.04284450507,0.01577489607,-0.007911598507,-0.03179501223,-0.04925873582,-0.06809756571,-0.0861380301,-0.1015718416,-0.1208278728,-0.1381242867,-0.1562816133,-0.1749686797,-0.1919575115,-0.2076442111,-0.2197373005,-0.2294479395,-0.2309689027,-0.2286978094,-0.2212786061,-0.2064387511,-0.1914328812,-0.1715305157,-0.1510684729,-0.1321476469,-0.1123565955,-0.09565878439,-0.08005281997,-0.06759945688,-0.05525050267,-0.04518816607,-0.03596009969,-0.02185809444,-0.009885715217,0.01118955595,0.03987065266,0.0737866201,0.1216052048,0.1702458582,0.2161682906,0.2526302663,0.270917473,0.2724071405,0.2597117282,0.2335766797,0.2012857283,0.1619370632,0.1185438106,0.07693694638,0.02722334087,-0.01952495633,-0.06635448167,-0.1171725181,-0.1605074341,-0.2048625263,-0.2441690919,-0.2658608885,-0.3455952822,-0.4063051636,-0.3882024788,-0.3225498031,-0.2602642445,-0.2423060959,-0.2561970289,-0.2800155319,-0.3051233547,-0.3350090188,-0.3684250747,-0.4004213617,-0.4289422669,-0.4674938301,-0.5191926446,-0.5937177599,-0.6961817729,-0.8179816939,-0.9085336073,-0.8652410075,-0.8198537684,-0.7773805601,-0.7315324893,-0.6841141644,-0.6344270062,-0.5891652378,-0.5462072393,-0.5042747659,-0.4636519896,-0.4260738833,-0.3928172228,-0.3643286654,-0.340017994,-0.3179088606,-0.2983287082,-0.2832047428,-0.2736073702,-0.2682467222,-0.2656333349,-0.2639944609,-0.2683447354,-0.2756138092,-0.2863098566,-0.3018910669,-0.3166109671,-0.3353574613,-0.35701353,-0.3800563727,-0.407896063,-0.4345900211,-0.462260628,-0.4924264535,-0.5210341108,-0.5510949478,-0.5800499572,-0.6059252374,-0.6315564911,-0.6532653834,-0.6720863053,-0.6881745753,-0.699225257,-0.7064932295,-0.7097498529,-0.7098938952,-0.7056950289,-0.6986406863,-0.6897403835,-0.6781324748,-0.6653194682,-0.6509065269,-0.6363624373,-0.6222031926,-0.605969292,-0.5917747751,-0.5785034122,-0.5639944081,-0.5523130011,-0.5413324604,-0.5313043379,-0.5236180261
5.4,-0.3780749371,-0.3881591394,-0.3814255939,-0.3678335241,-0.3509268922,-0.3208126082,-0.2893533753,-0.2524923198,-0.2130045531,-0.1698639525,-0.1260300021,-0.08179391913,-0.03407279502,0.009119026114,0.05497388196,0.09928547664,0.1398011817,0.1785021251,0.2093031936,0.232877139,0.2441008822,0.2436532064,0.2300876994,0.205437091,0.1774356451,0.1415001697,0.1085475267,0.07787204624,0.04641110192,0.02338449732,-0.0004489056125,-0.02209068047,-0.04005985591,-0.06098638517,-0.07961806684,-0.09924479058,-0.1196065189,-0.1399937248,-0.1603405442,-0.1791296376,-0.1976843642,-0.2099393646,-0.2196680919,-0.2243635056,-0.2214371092,-0.2161507814,-0.2043600068,-0.1901681363,-0.1745042172,-0.1576786698,-0.1416475724,-0.1254957219,-0.113787961,-0.09879125537,-0.08788109829,-0.07814067423,-0.06062582851,-0.05057904157,-0.02856605722,0.001070221487,0.03104675232,0.08565998296,0.1392733661,0.1962653971,0.2544823441,0.2871375738,0.306109634,0.3040836768,0.2824259705,0.2516157072,0.210519094,0.1652752049,0.1188281054,0.06804142013,0.01817206513,-0.03163413368,-0.08127879449,-0.1282847162,-0.1724064455,-0.2113418294,-0.2353033345,-0.326161131,-0.4157727668,-0.4172621735,-0.3476650682,-0.2728364352,-0.2474758508,-0.2632912504,-0.2983628106,-0.3342105913,-0.3649933503,-0.3893991752,-0.4123334623,-0.4437888604,-0.4974242232,-0.5663395501,-0.6486502693,-0.745331444,-0.854183761,-0.9463666684,-0.9435499852,-0.9117814272,-0.8840308713,-0.850180017,-0.8111037405,-0.768952603,-0.7287422405,-0.6891493839,-0.6492591123,-0.6077200222,-0.5679028974,-0.5316249498,-0.4997991373,-0.4713270777,-0.4440306556,-0.4188964012,-0.3980489624,-0.3831466228,-0.3725030491,-0.3646219312,-0.3576662476,-0.3567742388,-0.3594900554,-0.3660895731,-0.3776930521,-0.3887452028,-0.4040725342,-0.4227377644,-0.4434830076,-0.4692655364,-0.4944455162,-0.5210530458,-0.5505333469,-0.5794806039,-0.610422951,-0.6410649589,-0.6695878731,-0.698642795,-0.7247032533,-0.7486971941,-0.770647041,-0.7885581511,-0.803119645,-0.8137430887,-0.8210925351,-0.8236693715,-0.82334229,-0.8207793074,-0.8145527768,-0.8059730984,-0.7947247545,-0.7827158507,-0.7709658679,-0.7555821996,-0.7416052832,-0.7277732755,-0.7115380468,-0.6986494445,-0.685608347,-0.672886677,-0.6622509663
5.5,-0.2880611886,-0.321699412,-0.3396306978,-0.3489778165,-0.3515794737,-0.3419341358,-0.3275436481,-0.3065363277,-0.282401813,-0.2517989228,-0.2199431592,-0.1860099766,-0.1474844544,-0.1102560365,-0.06853657254,-0.02542571827,0.01934485582,0.06607996162,0.1130018256,0.1600150073,0.2003299462,0.237148961,0.2603334272,0.2692496767,0.2686469147,0.2483745731,0.2233754775,0.1935460673,0.158194466,0.1287675348,0.09758890533,0.06874423209,0.04379011632,0.01718798028,-0.006681453074,-0.03076999713,-0.05518512103,-0.07949362731,-0.1041236599,-0.1282897427,-0.1521937583,-0.1732010061,-0.1919223367,-0.206557032,-0.2165792986,-0.2208223664,-0.2201227237,-0.2155640987,-0.2061417037,-0.196380816,-0.1841387286,-0.1711080173,-0.1614586809,-0.1478784663,-0.1378458924,-0.1281319941,-0.1129747127,-0.1021103356,-0.08217244298,-0.05551427158,-0.02563138121,0.02483229646,0.0798571369,0.1428400265,0.2132211291,0.2653587769,0.3065694018,0.3247730491,0.3169884874,0.2954738727,0.2576476059,0.2130619538,0.1654982124,0.1132884031,0.06215129757,0.01143978027,-0.03717163461,-0.08377167672,-0.1257164995,-0.1617719899,-0.1840906814,-0.2725553241,-0.3830539881,-0.4194350772,-0.3739755501,-0.3038317796,-0.2709383602,-0.2776769125,-0.3120338934,-0.3529890635,-0.3852956262,-0.4031600189,-0.4184514985,-0.4502883236,-0.5120150988,-0.590660764,-0.6773723609,-0.7689572069,-0.864362566,-0.9451709717,-0.9552372419,-0.9318790859,-0.9161616701,-0.8942078968,-0.8656785649,-0.8355212516,-0.8051762485,-0.774490894,-0.7429966771,-0.7074215544,-0.6720975416,-0.6390798898,-0.6097056078,-0.5823408386,-0.5548137218,-0.5287449557,-0.5061570999,-0.4893644277,-0.4763347558,-0.4657965336,-0.4560118359,-0.451732972,-0.4516030206,-0.455559391,-0.4642176681,-0.4727439252,-0.4854417701,-0.5016883054,-0.5206355058,-0.5443553395,-0.5680083819,-0.5933141853,-0.6214166353,-0.6498672813,-0.6803230092,-0.7109684016,-0.7402625952,-0.7701488264,-0.7978393819,-0.8239641113,-0.848295133,-0.8697137378,-0.8881588538,-0.9028537324,-0.9142441768,-0.9207721825,-0.9248069723,-0.9264178087,-0.9238584958,-0.9180776594,-0.9089090755,-0.8985028675,-0.8883058162,-0.8736055823,-0.8593674105,-0.8444890962,-0.8266453818,-0.8123410611,-0.7972698639,-0.782016269,-0.7684068944
5.6,-0.05453264436,-0.1243001022,-0.1810485562,-0.2285950553,-0.2669563891,-0.292321968,-0.3089297375,-0.3160548601,-0.3165668607,-0.3076126003,-0.2943150379,-0.2762192582,-0.2523926481,-0.2257765044,-0.1938556055,-0.158605745,-0.1182534458,-0.07457023998,-0.02566573663,0.02820476502,0.08056578442,0.1405226752,0.1936312225,0.2398089312,0.281669041,0.2983774548,0.3052944824,0.2973217614,0.2738050328,0.2486355491,0.2159254175,0.1825288254,0.150535077,0.1167755701,0.08501186704,0.05326871075,0.02214191158,-0.009226432323,-0.04001517813,-0.07043039244,-0.1002187874,-0.1281326361,-0.153921186,-0.1760209637,-0.1959848366,-0.2080676676,-0.2171461671,-0.2221323575,-0.2192484751,-0.2183566771,-0.2115730902,-0.2035471169,-0.1990047527,-0.1887118154,-0.1825916486,-0.1758437738,-0.1659652785,-0.1575091591,-0.1427557609,-0.1228504147,-0.09495606071,-0.05490564697,-0.00379844715,0.0581778629,0.1259020975,0.19294396,0.2495347023,0.2880870204,0.3042781181,0.2983318591,0.2743359694,0.2387135552,0.1963669366,0.1486847053,0.1007463264,0.05340133164,0.008389866816,-0.03402629177,-0.07147879292,-0.1027819023,-0.1208656008,-0.1991663208,-0.3218053623,-0.4029876887,-0.4068051144,-0.3550225413,-0.3113622474,-0.2974387653,-0.318981275,-0.3599604525,-0.3966617329,-0.4120704898,-0.4190789051,-0.4438994614,-0.5030593458,-0.5839497892,-0.6761738062,-0.7722471655,-0.8656364668,-0.9375265753,-0.9448132363,-0.923310245,-0.9129919806,-0.8975204571,-0.876025608,-0.855324391,-0.8335143812,-0.8115252767,-0.789311169,-0.7625196768,-0.7352956448,-0.7094667863,-0.6864725553,-0.6644005505,-0.641206172,-0.6187876114,-0.5987726491,-0.5837756621,-0.5717274875,-0.5616983463,-0.5520881467,-0.5469995296,-0.5461813263,-0.5493092533,-0.5565540711,-0.5639480608,-0.5751744574,-0.5899130122,-0.6077127716,-0.6297964788,-0.6521894511,-0.6762839529,-0.7028975938,-0.7304271043,-0.7597325042,-0.7894690055,-0.8183299681,-0.8474813451,-0.8749616612,-0.9010793124,-0.9253162309,-0.9474641007,-0.9668616914,-0.9825830507,-0.9948826955,-1.002345068,-1.007794711,-1.010675913,-1.009168378,-1.003903118,-0.9948678786,-0.9842642566,-0.9739303095,-0.9588689156,-0.9433714588,-0.9266714388,-0.9069962188,-0.8909445408,-0.8737853829,-0.8562219139,-0.8400410095
5.7,0.2942680422,0.1900948586,0.09338324093,0.002480972876,-0.08195653896,-0.1528607993,-0.2137916032,-0.2620700759,-0.2973609505,-0.3205992092,-0.3325545054,-0.3353117269,-0.3299007443,-0.3160730077,-0.2959041328,-0.2700816552,-0.2379139639,-0.2004355607,-0.1566318388,-0.1063500164,-0.05322886196,0.01018086196,0.07461283504,0.1403037532,0.2103497365,0.263998678,0.3112866505,0.3419287514,0.3487821833,0.3450393506,0.3231581277,0.292930214,0.2595516051,0.2193362244,0.1801865243,0.1404736599,0.1003906302,0.06197233216,0.02387795504,-0.01302863085,-0.04755949579,-0.08098592582,-0.1108902168,-0.137220572,-0.161696049,-0.1782263233,-0.1923055676,-0.2022011336,-0.2055161233,-0.2095253777,-0.2088221734,-0.2075177641,-0.2078906569,-0.2062705283,-0.2072625283,-0.2080410145,-0.209093963,-0.2079645888,-0.203735465,-0.1944067448,-0.1743259116,-0.1454631519,-0.1014693411,-0.04461828332,0.01914884898,0.09227659402,0.1587513918,0.2139136465,0.2527384102,0.2674449395,0.2635270882,0.2436595377,0.213286927,0.1743879091,0.1331465934,0.09117507185,0.05038919955,0.0120586355,-0.02182540865,-0.04960370802,-0.06485657903,-0.1340317821,-0.2632207943,-0.3823810357,-0.4388819737,-0.4121134379,-0.3585258343,-0.3207761351,-0.3251482315,-0.3629176866,-0.402172436,-0.4124984298,-0.4063017721,-0.4178448878,-0.4698521808,-0.5538719774,-0.661673184,-0.7800642103,-0.8879206539,-0.9571907343,-0.9523539314,-0.9275669525,-0.9170051939,-0.9024776589,-0.8831078404,-0.8665654706,-0.8488582553,-0.8316747036,-0.8152676847,-0.7952556949,-0.7750662274,-0.7560744429,-0.7395403438,-0.7236302917,-0.7064633535,-0.689822715,-0.6748313606,-0.6638943601,-0.6551983056,-0.6480959253,-0.6410718919,-0.6375484817,-0.6379938329,-0.6419851636,-0.6494130076,-0.6570207029,-0.66799769,-0.6822187226,-0.6995259348,-0.7205524096,-0.7420212144,-0.7650786375,-0.7902752434,-0.8166036336,-0.8443622213,-0.8725710982,-0.9001183466,-0.9274504548,-0.9533864704,-0.9779529845,-1.000309103,-1.02110916,-1.039187134,-1.05354514,-1.064378192,-1.070322364,-1.074722589,-1.076443111,-1.07366249,-1.067084963,-1.056568243,-1.044333989,-1.032628078,-1.016307903,-0.9990982723,-0.9804801991,-0.9591631906,-0.9416876832,-0.9229516063,-0.9038879116,-0.886323863
5.8,0.6391637342,0.5208553057,0.4029608426,0.2824167607,0.1597246824,0.04966014236,-0.05476411382,-0.1456425844,-0.221144333,-0.2810642348,-0.3242200249,-0.3532331992,-0.3679322832,-0.3708260789,-0.363123342,-0.3472851846,-0.3250736534,-0.2946856522,-0.2592771181,-0.2174147946,-0.1714772524,-0.1161651338,-0.05644124232,0.008309816117,0.08364571065,0.1528612283,0.2258334046,0.2918456913,0.3361703059,0.3714032612,0.3784197926,0.3672897171,0.347252488,0.3079927051,0.2683012392,0.225176225,0.1783718756,0.1356380739,0.09154440503,0.04949697642,0.01091972648,-0.02679017807,-0.05999885578,-0.08984060461,-0.1165052377,-0.1368359712,-0.1535984666,-0.165830807,-0.174380162,-0.1799444027,-0.1840590468,-0.1884229677,-0.192177175,-0.2000350823,-0.2084909574,-0.2183975241,-0.2319904249,-0.2413309182,-0.2505888271,-0.2543091997,-0.2472632773,-0.230069871,-0.1959929893,-0.1470595577,-0.08504338661,-0.01177299418,0.06278666495,0.13190275,0.1879142229,0.2251829981,0.2419471216,0.2405709178,0.2248269674,0.1964158037,0.1622630424,0.1243086375,0.08707281041,0.04883481612,0.01578251088,-0.0112422262,-0.02718626907,-0.09080678316,-0.2214648527,-0.3582003399,-0.448325113,-0.4485402493,-0.3975142987,-0.3462550274,-0.3359005788,-0.3635055694,-0.3948395063,-0.3942841416,-0.3751425215,-0.378394421,-0.4313580889,-0.5299792882,-0.6680691244,-0.8228561882,-0.953464997,-1.021154523,-0.9956217407,-0.963252524,-0.9484790994,-0.93071419,-0.9092179373,-0.8920521919,-0.8739483499,-0.8571291552,-0.8420017084,-0.8246526848,-0.8078264671,-0.7924920225,-0.7796854942,-0.7678278482,-0.7552927432,-0.7435636395,-0.7333073438,-0.7265261001,-0.7216829594,-0.7183315409,-0.7150236694,-0.7145102489,-0.7175795846,-0.7237910397,-0.7328678452,-0.7420874183,-0.7542053045,-0.7691945756,-0.7870847407,-0.8081040761,-0.8295071564,-0.8522535615,-0.8766557089,-0.9021543029,-0.928606713,-0.9553055494,-0.9813586221,-1.006447476,-1.030234318,-1.052461688,-1.071879347,-1.090125922,-1.105397923,-1.116803266,-1.124726798,-1.127455869,-1.129163607,-1.128145561,-1.122482863,-1.113550393,-1.100578165,-1.085949808,-1.072349796,-1.054299422,-1.035468361,-1.015333186,-0.9928279278,-0.9745922604,-0.9550396632,-0.9354328208,-0.9177219872
5.9,0.7730271958,0.7014004534,0.6143720397,0.5074961082,0.382905422,0.2625568101,0.137944986,0.02179951578,-0.08329056906,-0.1746507791,-0.249275414,-0.3081752875,-0.3475350094,-0.3734783866,-0.3831536266,-0.3817160787,-0.3729186725,-0.3529049211,-0.3289063341,-0.2985936049,-0.2657486839,-0.2241967785,-0.1796345103,-0.1303163321,-0.06742654956,-0.007460218067,0.06561509613,0.1428986634,0.2099101474,0.2826208007,0.3309897968,0.3602453934,0.3764115094,0.3597131172,0.3363438267,0.3021956218,0.2584185035,0.2171062416,0.1716227881,0.1276148242,0.08603987226,0.04533488776,0.008301263659,-0.02607495773,-0.05623494788,-0.08260164581,-0.1041302449,-0.1211536871,-0.1359627649,-0.1450796854,-0.1540846536,-0.1628696656,-0.1703146454,-0.1833360828,-0.1968103946,-0.2130257213,-0.2336357743,-0.2519901432,-0.2712758331,-0.2860632749,-0.291997057,-0.2867668325,-0.2647768333,-0.2262373899,-0.1702507144,-0.1005013496,-0.02311523191,0.05417439919,0.1222323927,0.1774519097,0.212520134,0.2288449889,0.2279633065,0.2102939643,0.1830583358,0.1486546325,0.1129773202,0.07393689018,0.03971238906,0.01139067446,-0.004981772925,-0.06488993517,-0.1907437912,-0.326024454,-0.428169587,-0.4535699548,-0.4209692446,-0.3712934673,-0.3506918493,-0.3607965434,-0.3735376511,-0.3601594315,-0.3371865798,-0.3476519083,-0.4176610771,-0.5429956765,-0.7144784649,-0.900081004,-1.047804321,-1.112010258,-1.061753202,-1.019623479,-0.9989627611,-0.9760172119,-0.9500801004,-0.929758795,-0.9086160663,-0.8894140329,-0.8726228361,-0.8548204917,-0.8382832165,-0.8236427234,-0.8118238025,-0.8014360009,-0.7912768333,-0.7825018401,-0.7753462622,-0.7716497357,-0.7698947512,-0.7698833342,-0.7703618655,-0.7732469575,-0.7796021437,-0.7888973588,-0.8006728759,-0.8128209594,-0.8274547216,-0.8446525364,-0.8645891723,-0.8870285099,-0.9097617216,-0.933507676,-0.9583144838,-0.9840740501,-1.010137398,-1.036023787,-1.061086168,-1.084131721,-1.105812763,-1.125536214,-1.141559228,-1.156612469,-1.168131001,-1.175521728,-1.179580248,-1.177877503,-1.175680126,-1.170752231,-1.161014353,-1.148918307,-1.132744582,-1.115169106,-1.099251628,-1.079107979,-1.058703015,-1.037331208,-1.013976582,-0.9953993818,-0.9756063467,-0.9561607781,-0.9390992338
6,0.6181281225,0.6203309031,0.6084450345,0.5689852238,0.4986874663,0.4161861406,0.3140126288,0.2073345881,0.1003696421,-0.002460276139,-0.09566100559,-0.178217599,-0.2439719434,-0.297351863,-0.3333064188,-0.3560779309,-0.3691191222,-0.3687068454,-0.3627636556,-0.3496364875,-0.3345173113,-0.3103439155,-0.2847955766,-0.2554991623,-0.2125845979,-0.1724968208,-0.1156914048,-0.04921160269,0.01692779549,0.1025380136,0.1785614671,0.2484200622,0.3113893732,0.3415215014,0.357808745,0.3532339701,0.3297970601,0.3002457242,0.2609835091,0.2196577213,0.1772754893,0.1348231493,0.09389651864,0.05441239384,0.01945551403,-0.01444771987,-0.04276061368,-0.06704385721,-0.08959889661,-0.1050478875,-0.1201647828,-0.1335633633,-0.1458598096,-0.1611240259,-0.177671831,-0.1974882393,-0.2196236075,-0.2444578087,-0.2690432838,-0.2909983104,-0.307975373,-0.3125467937,-0.3032371235,-0.2764513101,-0.2311763758,-0.1686130212,-0.09499389067,-0.01739449062,0.05744961892,0.1219023944,0.1710307621,0.2026964687,0.214898177,0.2098988306,0.1906162165,0.1614841896,0.12859719,0.09031238418,0.05598588547,0.02697469676,0.01189285896,-0.04177820608,-0.1587089385,-0.2863233223,-0.3926129754,-0.4381186635,-0.4285730938,-0.3888214554,-0.3633820306,-0.3558848226,-0.3490600863,-0.3281490167,-0.3136366147,-0.3446958574,-0.4388745018,-0.5867169723,-0.7765834305,-0.9769522145,-1.137569683,-1.205878279,-1.138143739,-1.087156113,-1.061242769,-1.033294303,-1.002448469,-0.9783818961,-0.9532364728,-0.9304925042,-0.9106875328,-0.8906591171,-0.8725231269,-0.8565722344,-0.8437406514,-0.8327047176,-0.8228086008,-0.8149296115,-0.8088531044,-0.8065661634,-0.8063226775,-0.8082874918,-0.8115651393,-0.8170502734,-0.8262489113,-0.8384355337,-0.8529294831,-0.8684604959,-0.8862480418,-0.9065143012,-0.9295053701,-0.9545226155,-0.9798798938,-1.005946707,-1.032564095,-1.059890188,-1.086853073,-1.113072372,-1.138022833,-1.15983184,-1.179935828,-1.197465882,-1.210269632,-1.221895731,-1.229274575,-1.232146171,-1.231775678,-1.225039248,-1.218208548,-1.208689611,-1.194278654,-1.178551031,-1.158843576,-1.138124154,-1.119723919,-1.097430808,-1.075610389,-1.053314263,-1.029460967,-1.010908913,-0.9913668312,-0.9726334468,-0.9568095874
6.1,0.3690684061,0.4095796762,0.4492729207,0.4730433064,0.4737825143,0.4579089712,0.414554118,0.3538081187,0.2758024587,0.1911441167,0.1016303278,0.01269419065,-0.06561152057,-0.141448057,-0.2019733328,-0.2517478375,-0.2925233785,-0.318600575,-0.3378444366,-0.3480291606,-0.355650301,-0.3519816878,-0.3473633044,-0.3390401887,-0.3169160663,-0.2987065218,-0.2630839563,-0.2167672807,-0.1666855816,-0.09063263584,-0.01322315493,0.07183983322,0.1620711383,0.2359505254,0.300009777,0.3416781661,0.3607566042,0.3587500399,0.3397798372,0.3106327809,0.2716939775,0.2313171459,0.1872692039,0.1430158965,0.1030184226,0.06139818189,0.02595116424,-0.006227274326,-0.03561519113,-0.05854227641,-0.07932284809,-0.09664037724,-0.1143410594,-0.1295976292,-0.148080147,-0.1696634861,-0.1904495072,-0.2198119338,-0.2470404173,-0.2741600149,-0.3004454043,-0.3143461714,-0.3182597502,-0.3046470118,-0.2744548093,-0.2224851466,-0.1588466705,-0.08837849881,-0.01229170193,0.05240305478,0.1103639905,0.1538814241,0.1778689041,0.1882316521,0.1808091994,0.1624399325,0.1367600532,0.1051466488,0.07481124017,0.04823995751,0.03778366555,-0.005665667237,-0.1127943155,-0.2362992398,-0.3464990638,-0.4035032616,-0.4111183101,-0.3850459315,-0.3657312846,-0.3545977134,-0.3418513683,-0.3227886969,-0.3196657505,-0.3671454698,-0.4746231869,-0.6296919719,-0.8222584472,-1.026422245,-1.201512878,-1.290488608,-1.223333399,-1.166965373,-1.137801308,-1.106146611,-1.070956707,-1.043271699,-1.013806481,-0.9868947541,-0.9631387587,-0.9395933572,-0.9183203513,-0.8993097225,-0.8836378172,-0.8698409689,-0.8580217873,-0.8487693181,-0.8413573129,-0.8382373934,-0.8371877689,-0.8388754484,-0.8429022373,-0.848999911,-0.8593386553,-0.8729111976,-0.8888333556,-0.9068891569,-0.9272871691,-0.9504437711,-0.9765416995,-1.004700976,-1.033558072,-1.063082432,-1.093152931,-1.123666229,-1.153539574,-1.182167131,-1.208785219,-1.231537563,-1.251814394,-1.268705894,-1.279877816,-1.288876211,-1.292847843,-1.291676105,-1.28708106,-1.275457783,-1.263803552,-1.249458004,-1.23006783,-1.210440764,-1.186919542,-1.162770607,-1.141676292,-1.116864876,-1.093484152,-1.070212987,-1.045648902,-1.027140292,-1.007783739,-0.9897364233,-0.9753425619
6.2,0.1488382422,0.2044736269,0.2656254207,0.3212123275,0.3676189965,0.4032817752,0.419640154,0.4177911228,0.3903590266,0.348214537,0.2864370353,0.2131316871,0.1415333307,0.05882181098,-0.01378916383,-0.08188314934,-0.1449219078,-0.1955380484,-0.2398862567,-0.2743330616,-0.3066729367,-0.324689996,-0.3422141078,-0.3554173082,-0.3543598779,-0.3584994315,-0.3457655609,-0.323578549,-0.2964346005,-0.243465971,-0.1835308258,-0.108599249,-0.02091241092,0.06857304289,0.1589333915,0.2381566142,0.3051121374,0.3442903029,0.3642268828,0.3646054142,0.3419502319,0.3141894033,0.2731626165,0.2284889809,0.1859038834,0.1388366697,0.09767954317,0.05872708385,0.02480854736,-0.005093159353,-0.02989850658,-0.04983737859,-0.07197330353,-0.08577378673,-0.1048810254,-0.1262339564,-0.1445957917,-0.1755499817,-0.2036492335,-0.2345234313,-0.2674031433,-0.2912063264,-0.308253112,-0.3093831702,-0.2975220527,-0.2603315682,-0.212287438,-0.1551915964,-0.08547815003,-0.02773303303,0.03170535479,0.080726903,0.1139579121,0.1384446364,0.1461292769,0.1442794421,0.1310330972,0.1145118483,0.09426551394,0.0754607393,0.07395208508,0.04713802192,-0.04902191175,-0.1708425069,-0.2819013015,-0.3434632595,-0.3652482486,-0.3614557967,-0.3652725205,-0.3734876261,-0.3732474552,-0.358350667,-0.3532255594,-0.3982447368,-0.5037892445,-0.6572560184,-0.8468338372,-1.048456041,-1.234595598,-1.355626862,-1.3127328,-1.256758808,-1.227312573,-1.194056171,-1.156069464,-1.125244948,-1.091708232,-1.06045733,-1.032055697,-1.00417057,-0.9785229596,-0.9550148024,-0.9350448328,-0.9166337174,-0.9009971084,-0.8883307744,-0.8773210264,-0.8712560975,-0.8671161347,-0.8661894651,-0.8686461146,-0.8729750771,-0.8822403679,-0.8950668217,-0.9103963882,-0.929146706,-0.9505748137,-0.9753683065,-1.003548075,-1.034441142,-1.066722937,-1.100027494,-1.134653358,-1.169668292,-1.204538908,-1.238021294,-1.268613294,-1.295510309,-1.318782139,-1.337787401,-1.350297116,-1.358529348,-1.360892357,-1.35704603,-1.349138991,-1.333334277,-1.317016562,-1.297851083,-1.273223547,-1.249475098,-1.221752459,-1.193703224,-1.169588119,-1.141558399,-1.116205078,-1.091609149,-1.065708552,-1.047000075,-1.027386507,-1.009623463,-0.996519674
6.3,-0.0261404679,0.0350184731,0.1029782124,0.1704565652,0.2377729152,0.2986482467,0.3518197289,0.3933965691,0.4146069948,0.4207734197,0.4027162118,0.3657544175,0.3180908045,0.2509451787,0.1828584697,0.1111135465,0.03974769139,-0.02679289635,-0.08877036644,-0.1426649529,-0.196381396,-0.234750642,-0.2734245892,-0.3074922704,-0.3275118395,-0.3533584888,-0.3635800442,-0.3660726522,-0.3637561143,-0.3386176355,-0.3045678437,-0.2532795696,-0.1868647984,-0.1072027541,-0.01922925954,0.06988593402,0.160369835,0.2322397294,0.2926471207,0.3336732944,0.3462333144,0.3473648379,0.325370661,0.2929738644,0.2565283808,0.2116530116,0.1698521532,0.1282537451,0.09334887233,0.0589917396,0.03240377374,0.01118956317,-0.0135484039,-0.02602830876,-0.04522621854,-0.0656156556,-0.08293011527,-0.1136213539,-0.1427012108,-0.1771254647,-0.2144477555,-0.2486854527,-0.2776417542,-0.2935856042,-0.2995100983,-0.2790629651,-0.2480440167,-0.2059058042,-0.1486466882,-0.1001809919,-0.04611611711,0.001249745639,0.03831565327,0.06983798124,0.08920875259,0.1020129446,0.1021469436,0.1029337871,0.09630344916,0.08943608344,0.09854397689,0.09984107286,0.02345890231,-0.08925676619,-0.1958972361,-0.2652718521,-0.3099929145,-0.3393469981,-0.3776497272,-0.4174937986,-0.4373439285,-0.4224929727,-0.4011052872,-0.4291235976,-0.5249737236,-0.6751172253,-0.8602257481,-1.053862227,-1.242282313,-1.39518411,-1.398755471,-1.350433532,-1.324450422,-1.292437719,-1.254100759,-1.2210434,-1.184320725,-1.149097577,-1.115797521,-1.08323895,-1.05240385,-1.023438632,-0.9981889438,-0.9738751421,-0.9530470764,-0.9354462876,-0.9192078264,-0.9086019932,-0.8997014221,-0.8944082491,-0.8933672379,-0.8940210902,-0.9003100593,-0.9104950087,-0.9234158586,-0.9408614271,-0.9614857904,-0.9862264682,-1.01486919,-1.04736831,-1.082070939,-1.118478133,-1.157681087,-1.197560366,-1.238674729,-1.278850946,-1.315444705,-1.34973008,-1.379182489,-1.403688629,-1.421379513,-1.431611943,-1.43506579,-1.430679915,-1.420981544,-1.402131668,-1.381641417,-1.357914889,-1.327896279,-1.299872618,-1.267532272,-1.235093638,-1.207680879,-1.175718335,-1.147926245,-1.121539524,-1.093595376,-1.074359176,-1.053981903,-1.036021522,-1.023771964
6.4,-0.1641076161,-0.1041316262,-0.03666833794,0.03208079276,0.1054869456,0.1740148463,0.2427012342,0.3058990602,0.355524977,0.3972531391,0.4182737966,0.4228147532,0.4085752011,0.375329038,0.3285747344,0.2693861642,0.2087290774,0.1378649773,0.07151263426,0.008794440492,-0.0590179195,-0.1102667627,-0.1652352479,-0.2157000078,-0.253686093,-0.2976383857,-0.3280562047,-0.3528516035,-0.372428318,-0.3746764453,-0.3669714549,-0.3425542757,-0.3039668836,-0.2454705197,-0.1758395528,-0.09738366113,-0.00931567605,0.07174862138,0.1514707001,0.2201341226,0.269774082,0.3055522295,0.3181118783,0.3145676847,0.2978851713,0.2687926349,0.2354999136,0.1986462563,0.1671343952,0.1323357087,0.1058189792,0.08383946862,0.05816329746,0.0449008839,0.02497797944,0.004465306975,-0.01457493605,-0.04514606377,-0.07648169664,-0.114599029,-0.1556524089,-0.1991232277,-0.2380265964,-0.2670030777,-0.2874066958,-0.2821887336,-0.2653890867,-0.2353349825,-0.1909879653,-0.1498624287,-0.1036115943,-0.06173674732,-0.0259426276,0.004742049602,0.02777264917,0.04632062818,0.05430497932,0.06494239179,0.06861047132,0.07228255078,0.08865026542,0.1303151051,0.09067480068,-0.0004150210332,-0.1028079701,-0.1908025177,-0.2682355439,-0.3325277034,-0.3999709704,-0.4642004232,-0.5023836994,-0.4913508573,-0.4544920837,-0.4617555674,-0.5429421945,-0.6855718657,-0.8635717477,-1.048709005,-1.237249445,-1.41751485,-1.479517934,-1.445205965,-1.426280043,-1.398457741,-1.362516334,-1.328502301,-1.289921228,-1.251509243,-1.213598933,-1.176459162,-1.140154447,-1.105346245,-1.074262598,-1.043463239,-1.016660935,-0.9932409506,-0.9709963204,-0.9548463213,-0.9403183405,-0.9297438373,-0.9240074044,-0.9200042245,-0.9221796465,-0.928583771,-0.9380624725,-0.9528051976,-0.9713613646,-0.9947574733,-1.022493242,-1.055472206,-1.091417688,-1.129918672,-1.17302337,-1.21740264,-1.265011188,-1.312754779,-1.35675569,-1.400982193,-1.439556718,-1.473000419,-1.499992807,-1.51556455,-1.52334026,-1.52089749,-1.510980053,-1.489980878,-1.465406357,-1.436817208,-1.400534181,-1.367297573,-1.329093844,-1.291008156,-1.25935959,-1.222163426,-1.190876456,-1.161654798,-1.130561189,-1.110065716,-1.08815018,-1.069312794,-1.057122414
6.5,-0.2717046951,-0.2186447262,-0.1566542522,-0.09273824442,-0.0219015544,0.04544627541,0.1169441705,0.1870252048,0.2472922989,0.3073994839,0.3512987249,0.3850441413,0.4006896037,0.4022439201,0.385143548,0.350128021,0.3150017107,0.2533701231,0.1973612762,0.1396021118,0.06838574529,0.01657310635,-0.04547196261,-0.103597502,-0.1515508233,-0.2066553937,-0.2508434802,-0.2925244001,-0.3281296729,-0.3546630003,-0.3704291758,-0.3719578137,-0.3625616244,-0.3290163463,-0.2841247127,-0.2253045338,-0.152917152,-0.07830577895,0.001330437409,0.07751115408,0.1483400597,0.2070483672,0.2528750038,0.2842243211,0.2969842667,0.2975017201,0.2841041939,0.262025191,0.2394418749,0.2093236635,0.1841751521,0.1608785822,0.1349689945,0.1173991283,0.09523592026,0.07261556997,0.04947264576,0.01841645582,-0.01546900484,-0.05589733893,-0.09936959237,-0.1478581269,-0.1932415774,-0.2315548217,-0.2623258189,-0.269732666,-0.2642679542,-0.2440203972,-0.2101199653,-0.175222776,-0.136305009,-0.1006731942,-0.06932005361,-0.04342736899,-0.02302319132,-0.006330486478,0.002465744119,0.01403804442,0.02114895979,0.02967832749,0.04826106469,0.1322168585,0.1414735586,0.07731681689,-0.02634972174,-0.1380688971,-0.2463858081,-0.3364679325,-0.4180333455,-0.4917050085,-0.5444907666,-0.5486306844,-0.5080546442,-0.4961583275,-0.5567030595,-0.6854507702,-0.8561404953,-1.040083528,-1.23535743,-1.439791776,-1.559136241,-1.542360642,-1.532941615,-1.51162828,-1.480545702,-1.447120773,-1.408335701,-1.36793589,-1.326437396,-1.285354151,-1.244084987,-1.203854884,-1.166929993,-1.129975748,-1.097145808,-1.067776512,-1.039691753,-1.017615804,-0.9973850569,-0.9813892349,-0.9704881887,-0.9616488944,-0.959242533,-0.9613662817,-0.966917507,-0.9781192234,-0.9937562833,-1.014759343,-1.04042291,-1.072488149,-1.108178279,-1.147227524,-1.192430454,-1.239836188,-1.292439437,-1.346676006,-1.39780331,-1.452348495,-1.501430848,-1.546061414,-1.585716861,-1.609985713,-1.625567152,-1.627902851,-1.619341954,-1.596995525,-1.567948642,-1.533486738,-1.489372216,-1.449159584,-1.403192432,-1.357672065,-1.320365452,-1.276500066,-1.240546127,-1.20744045,-1.172373927,-1.150046195,-1.126185212,-1.106240765,-1.093695746
6.6,-0.3464494142,-0.3057077817,-0.2543964912,-0.2000295141,-0.138165666,-0.07670692911,-0.00980258617,0.05835750382,0.1202008294,0.1855587502,0.2394790371,0.2880148425,0.3228983434,0.3485945629,0.3575396129,0.3487693795,0.3417921878,0.3008265461,0.2655360353,0.224591261,0.1629458755,0.1222632573,0.06465780145,0.009196531245,-0.03853543056,-0.0967430108,-0.1466770872,-0.1979749926,-0.2441388036,-0.2890351854,-0.3245706513,-0.3496328288,-0.368278165,-0.361542273,-0.3443718317,-0.3098656525,-0.2590388467,-0.1988755869,-0.1292709203,-0.05763628502,0.01881947986,0.08628696533,0.1520393231,0.2098299886,0.2502005055,0.2850116257,0.2999402945,0.302793013,0.2980780747,0.2798518372,0.2603970686,0.2374839216,0.2131031622,0.1895125859,0.164554713,0.139244552,0.1103396072,0.07980853366,0.04387162908,0.00287420357,-0.03994026329,-0.08982245902,-0.1373050046,-0.1808318612,-0.2181891456,-0.2364932321,-0.2415608488,-0.2313896315,-0.208420107,-0.1806937005,-0.1498791904,-0.1213138217,-0.09607399565,-0.07639098898,-0.06116735816,-0.04958752882,-0.04318814822,-0.03556667394,-0.02938586134,-0.02040453055,-0.003802598509,0.1108221338,0.164617875,0.1248039114,0.01899517276,-0.1088673852,-0.2362704199,-0.3404020364,-0.4244748846,-0.4974168267,-0.5598884341,-0.584884061,-0.5516331385,-0.5255253664,-0.564437156,-0.6783041943,-0.8449984331,-1.035837417,-1.245639426,-1.474254849,-1.645497582,-1.648398125,-1.650204997,-1.637086252,-1.612676982,-1.58122948,-1.543695065,-1.502380199,-1.458566765,-1.414134323,-1.368671243,-1.32373188,-1.280958592,-1.238582462,-1.199831731,-1.164554981,-1.131106335,-1.102744465,-1.076864559,-1.055359022,-1.038857672,-1.0249581,-1.017392073,-1.014588711,-1.015350923,-1.021951787,-1.0333338,-1.050268766,-1.072216819,-1.100894748,-1.133878788,-1.170796822,-1.214532138,-1.262041195,-1.315923255,-1.373093815,-1.428768663,-1.490914528,-1.549478429,-1.60549637,-1.659795875,-1.696350363,-1.724420082,-1.73652104,-1.732784675,-1.712377858,-1.680118081,-1.639963415,-1.587817301,-1.53954045,-1.484901186,-1.43111473,-1.387449872,-1.336587019,-1.295674757,-1.258521914,-1.219636463,-1.195618727,-1.170155483,-1.149531697,-1.136831566
6.7,-0.3795541231,-0.3560993755,-0.3208855282,-0.2808718162,-0.2328564552,-0.1816076581,-0.1241411974,-0.06350665719,-0.004714530223,0.05791710025,0.1146098348,0.1691544787,0.2134399847,0.2539406321,0.2805319503,0.2930596677,0.3079815795,0.2907803257,0.2780242034,0.2578459215,0.2156078991,0.1911024005,0.1471987218,0.1029433871,0.06277909432,0.009790804861,-0.03875359299,-0.09221294627,-0.1431366927,-0.1987792988,-0.2483072888,-0.2918744866,-0.3331736138,-0.3521789973,-0.3620731923,-0.3536095295,-0.3274527087,-0.2862206095,-0.2322032209,-0.1714652614,-0.1001548275,-0.03339698998,0.03834706178,0.1080216506,0.1663944238,0.2260179638,0.2687624548,0.3011544634,0.3225239575,0.3268089558,0.3225743765,0.3077816729,0.2905838509,0.2643822934,0.2387405481,0.2120129423,0.1776936828,0.1483043019,0.110584088,0.06944592006,0.02868421486,-0.02137280006,-0.06853150565,-0.1145452584,-0.1559358893,-0.1833682417,-0.198597763,-0.1993289348,-0.1891862444,-0.1705016186,-0.1497009753,-0.1297165933,-0.111843627,-0.09926683173,-0.0901293907,-0.08478200327,-0.08167621574,-0.07998350541,-0.07667422206,-0.06958035632,-0.05748590199,0.07005013627,0.1539234335,0.1385939836,0.03975923513,-0.09098377633,-0.225903085,-0.3364583807,-0.419445961,-0.4894870567,-0.5565067326,-0.5975918333,-0.5758985483,-0.5440026517,-0.5679451333,-0.6711812417,-0.8365672582,-1.036849139,-1.26414306,-1.518744568,-1.741049414,-1.766835907,-1.782410221,-1.779607824,-1.763618284,-1.735556486,-1.70052718,-1.659059058,-1.614008886,-1.566299809,-1.517045713,-1.467753616,-1.418588925,-1.371271573,-1.326302733,-1.284803049,-1.246176435,-1.210795353,-1.178987499,-1.151491805,-1.128671561,-1.108992125,-1.095275759,-1.086495092,-1.080894393,-1.081518746,-1.086690007,-1.097228081,-1.113537421,-1.135545039,-1.162972561,-1.194707384,-1.232736338,-1.277268065,-1.328160742,-1.384094054,-1.441189193,-1.507011853,-1.572937101,-1.639326445,-1.709315548,-1.762084932,-1.809128098,-1.839456601,-1.847146958,-1.836588038,-1.80514771,-1.761267038,-1.702767612,-1.645436391,-1.581753128,-1.519106466,-1.468183374,-1.410106525,-1.363680828,-1.32206465,-1.279131977,-1.253139347,-1.225896262,-1.20438637,-1.191350427
6.8,-0.3624802362,-0.3598289794,-0.3450238444,-0.3238787726,-0.2935032684,-0.2570863253,-0.2128080706,-0.1635591078,-0.1115932736,-0.05574690729,-0.0006350978735,0.05519827278,0.1026260149,0.152172173,0.1893801284,0.2166445173,0.2460074034,0.2482468879,0.2531575598,0.2496006635,0.2284013591,0.2168451467,0.1892855701,0.1596180421,0.1290923686,0.08821997147,0.04649629587,-0.00179721083,-0.05064304988,-0.1077549956,-0.1628076601,-0.2166962574,-0.2705114677,-0.3099086211,-0.3412434053,-0.3562900629,-0.3551924461,-0.3349613199,-0.3005674969,-0.2553028664,-0.1972051787,-0.1379088727,-0.07115995377,-0.002945587705,0.06251257499,0.1304661037,0.1915129171,0.2481133989,0.2950772076,0.3307945013,0.3528200309,0.3594766571,0.3597360477,0.3407562589,0.3198636088,0.2944537093,0.2574814537,0.2277523254,0.1877687366,0.1452923483,0.1047510398,0.05414377454,0.007196871869,-0.03997485192,-0.08369287639,-0.1171710364,-0.1403883934,-0.1508762526,-0.1525432548,-0.1441791955,-0.1342373775,-0.1241058874,-0.1152236923,-0.1110584816,-0.1096025672,-0.1118088304,-0.1143576808,-0.1196910768,-0.1214797275,-0.1187464686,-0.1115520935,0.01387993727,0.1171017893,0.1334437501,0.05540342649,-0.06858732466,-0.2064621502,-0.322726992,-0.4079311086,-0.4780544684,-0.5463871664,-0.5955070867,-0.5840117537,-0.5528736837,-0.568515061,-0.6655071891,-0.831413694,-1.039708676,-1.281776881,-1.562441637,-1.838304419,-1.890187753,-1.92337245,-1.934436402,-1.929947169,-1.908245349,-1.878360303,-1.838728741,-1.794108339,-1.743764798,-1.691200847,-1.637822487,-1.581692657,-1.52961653,-1.477940147,-1.429722554,-1.385844794,-1.342618953,-1.304435318,-1.270295143,-1.240412803,-1.213974685,-1.192977731,-1.177028175,-1.163148161,-1.156373935,-1.153181942,-1.154864304,-1.16370452,-1.175826406,-1.195201429,-1.219221423,-1.248122152,-1.287460209,-1.332257224,-1.383996492,-1.440344018,-1.506818133,-1.578199585,-1.653618979,-1.739391118,-1.811565158,-1.884375162,-1.943849125,-1.972559519,-1.985112467,-1.961115999,-1.916178201,-1.853406072,-1.783361627,-1.708366371,-1.634060847,-1.572544578,-1.505086729,-1.450527594,-1.402295954,-1.353216246,-1.323631086,-1.293032362,-1.269110146,-1.25501015
6.9,-0.2958209001,-0.3145678697,-0.3215243852,-0.3218367854,-0.3116305578,-0.2938892689,-0.2659576497,-0.2308973703,-0.1898988326,-0.1426492219,-0.09257671563,-0.03879514676,0.008707069978,0.0627914969,0.1062639933,0.1428659516,0.1817330054,0.197014695,0.2136913776,0.2208119595,0.2149030942,0.2109102048,0.1956059844,0.1778508643,0.1548962928,0.127588543,0.09491882719,0.05622477782,0.01555665357,-0.03525532589,-0.0869996884,-0.1419862323,-0.1976951005,-0.249023508,-0.2935220864,-0.3260707549,-0.347209914,-0.3471130236,-0.3340931349,-0.3072224197,-0.266842052,-0.2200945455,-0.1650847054,-0.1066353702,-0.04361261672,0.0202602894,0.0869846716,0.1554316784,0.2181311448,0.2826300293,0.3344881536,0.3733726245,0.4032665186,0.4059197784,0.3996793021,0.3815012982,0.3468795688,0.315698956,0.2729262612,0.2273637536,0.1841078757,0.1316779424,0.08362082633,0.03554696648,-0.009420052311,-0.04582599486,-0.07378786311,-0.09104601063,-0.1012715909,-0.1024199057,-0.1025530227,-0.1024733166,-0.1036206455,-0.1090640468,-0.1169621298,-0.1280953319,-0.1389422364,-0.1520962621,-0.160931793,-0.1645587832,-0.1617796216,-0.04672192338,0.07093449868,0.1275229798,0.08311569629,-0.0308432,-0.1762549175,-0.3054535236,-0.3995687363,-0.4728808958,-0.5411971039,-0.5935275812,-0.5881664877,-0.5568198934,-0.565541874,-0.6611701688,-0.8322961293,-1.047854278,-1.299426262,-1.601929005,-1.928801713,-2.005714178,-2.059584418,-2.088621226,-2.100912883,-2.091676581,-2.073400935,-2.041667061,-2.000748764,-1.951377502,-1.896444267,-1.838980724,-1.775844797,-1.717583,-1.658148822,-1.602051566,-1.551740012,-1.499599687,-1.454007036,-1.412296743,-1.374442128,-1.340239866,-1.310855404,-1.286520017,-1.262925262,-1.247270728,-1.234076635,-1.225152744,-1.224800421,-1.22525053,-1.234901347,-1.249687553,-1.268004729,-1.300770467,-1.338140385,-1.384222367,-1.438586066,-1.503655585,-1.578513295,-1.660984558,-1.759643633,-1.851885195,-1.953418358,-2.050998718,-2.113434758,-2.167863427,-2.163393765,-2.122154064,-2.057280941,-1.966794414,-1.874789368,-1.782503507,-1.704122203,-1.622496605,-1.555179222,-1.496756092,-1.437838883,-1.402566147,-1.366369078,-1.338094338,-1.322622275
7,-0.188576447,-0.2251055527,-0.2514727916,-0.272495194,-0.2827930083,-0.28573861,-0.2766912194,-0.2585649139,-0.2327182561,-0.196638249,-0.1554713477,-0.1075978977,-0.0628453162,-0.008764746064,0.03755971048,0.07943690867,0.1246076847,0.1485326666,0.1733061185,0.1876776523,0.1909743733,0.1913941051,0.1828542476,0.171978635,0.153222248,0.1355968205,0.110447431,0.08092157085,0.05062307133,0.009253971993,-0.03340946321,-0.08203754588,-0.1321468493,-0.1855597579,-0.23467266,-0.2768800705,-0.3142379587,-0.3307924467,-0.3379690658,-0.3303350738,-0.3088226816,-0.2781181424,-0.238095992,-0.1933895789,-0.1396058824,-0.08608143062,-0.02384839859,0.04411408041,0.110132031,0.1895456432,0.2625087543,0.3316944099,0.3965900812,0.4341369901,0.4568146714,0.4578153079,0.4351395945,0.4055315804,0.3613591724,0.311989657,0.2635828732,0.2076268891,0.156521763,0.1066249849,0.06054211505,0.02285318845,-0.00725533768,-0.02809870002,-0.04366870513,-0.05161940009,-0.05983262873,-0.06857721323,-0.07886355076,-0.09388306332,-0.111119733,-0.1312466447,-0.1509151205,-0.1718281976,-0.1879973526,-0.1982497834,-0.1996347814,-0.09802539829,0.02807320185,0.1273831847,0.1267650158,0.02297440643,-0.1392106529,-0.2923863825,-0.4008153085,-0.4767804324,-0.5435564525,-0.5977979647,-0.5959619323,-0.5615291387,-0.564382534,-0.6644576594,-0.8458049448,-1.069845378,-1.328020581,-1.644409289,-2.004317214,-2.09583857,-2.166422817,-2.212741343,-2.245275197,-2.257619715,-2.263610013,-2.255094158,-2.228410791,-2.193220996,-2.141315921,-2.081750035,-2.014167491,-1.945471748,-1.875961735,-1.808855094,-1.748041485,-1.684400379,-1.628340804,-1.576917374,-1.528656261,-1.485434159,-1.446000625,-1.411511187,-1.378074945,-1.351394954,-1.327739854,-1.307962453,-1.296759159,-1.286574608,-1.286118416,-1.291772032,-1.300717677,-1.326731609,-1.357490318,-1.398060742,-1.450836267,-1.513244772,-1.590204192,-1.678093558,-1.783352382,-1.894478514,-2.02079539,-2.157053785,-2.267910659,-2.384492566,-2.425111349,-2.400734846,-2.33749052,-2.213692328,-2.093564546,-1.972306668,-1.867636771,-1.764604623,-1.678563412,-1.605557355,-1.532861056,-1.489697326,-1.445903221,-1.411841257,-1.394836214
7.1,-0.05604202894,-0.1035097364,-0.1439951674,-0.1816005345,-0.2093586301,-0.2321791094,-0.2423934189,-0.2430228156,-0.23509554,-0.214071936,-0.186066198,-0.148775866,-0.1114676327,-0.06232274194,-0.01767049408,0.02529868991,0.07323240165,0.1031207497,0.1341000321,0.1547162605,0.1650482056,0.1693240199,0.1650585249,0.1578746601,0.1410313939,0.1283010577,0.1073574673,0.0835838483,0.06116444584,0.0278837124,-0.005248183244,-0.04472769543,-0.08621102769,-0.1341265256,-0.1806706872,-0.2245471458,-0.2691396081,-0.2966075346,-0.3189847469,-0.3282268459,-0.3244178515,-0.3109648504,-0.287410815,-0.258410888,-0.2181190646,-0.1781335356,-0.1267599697,-0.06763965928,-0.00789479071,0.07179287615,0.1512832418,0.236768631,0.3275124592,0.4010348432,0.4625390004,0.4977180013,0.5031251437,0.4849634244,0.4456511982,0.3948403301,0.3396703129,0.2790425597,0.2221840331,0.1682988576,0.1202653063,0.08115149694,0.05049946483,0.02870088204,0.01107015712,4.4718692e-05,-0.01282407257,-0.0274290798,-0.04410985985,-0.06688393773,-0.09177484164,-0.1195693654,-0.1471632932,-0.1749520605,-0.1978790843,-0.2142450082,-0.2195444017,-0.1320187075,-0.005233115222,0.129803815,0.1766041532,0.08549313306,-0.09658434328,-0.2800509568,-0.405911796,-0.4837368952,-0.5488882449,-0.6059828908,-0.6087530733,-0.5740635016,-0.5760250489,-0.681901686,-0.8709516817,-1.103723453,-1.370761101,-1.696964482,-2.064709352,-2.153369968,-2.226510772,-2.278683658,-2.319723255,-2.356550467,-2.393876917,-2.426282016,-2.441237086,-2.449177198,-2.425309937,-2.380291176,-2.320543111,-2.239174001,-2.156530046,-2.072360415,-1.992558726,-1.910890259,-1.837187764,-1.770625777,-1.706168654,-1.650684122,-1.597619211,-1.549678696,-1.506382978,-1.465699288,-1.431779491,-1.402030176,-1.379021277,-1.361448812,-1.352129078,-1.350589637,-1.353569427,-1.374436308,-1.401401738,-1.438482556,-1.491844303,-1.552007251,-1.631264768,-1.724276138,-1.830457966,-1.958205654,-2.101047669,-2.266855585,-2.435261257,-2.627313662,-2.764084738,-2.797279786,-2.749508752,-2.564203816,-2.391480802,-2.221027929,-2.073943186,-1.940145865,-1.8276764,-1.734707775,-1.645463069,-1.591215982,-1.538512877,-1.497834182,-1.478294051
7.2,0.08492695087,0.03459621275,-0.01313195129,-0.06121655734,-0.1013747412,-0.1406300712,-0.1680375088,-0.1870607639,-0.197519323,-0.1943822307,-0.182701498,-0.1599853848,-0.1351746688,-0.09567930167,-0.05800366284,-0.01883567381,0.02712081987,0.05978521108,0.09464376983,0.1205973684,0.1379383821,0.1468873294,0.1473535166,0.1434273706,0.1283947956,0.1177407693,0.09857513693,0.07742251156,0.05867486334,0.03048572258,0.003722976391,-0.02823630782,-0.0620117425,-0.1020146839,-0.1424021168,-0.1826798483,-0.2262930873,-0.2582692771,-0.2883357925,-0.3086895526,-0.3187129973,-0.3201685278,-0.3123571719,-0.2990151155,-0.2742522578,-0.2491328856,-0.2121102222,-0.1664625766,-0.1184313651,-0.04805046396,0.02649305071,0.1131879878,0.2132114014,0.3087062187,0.4027158929,0.4767945258,0.5239309583,0.5327915598,0.5112040724,0.4669845116,0.4066691962,0.3424746682,0.277813029,0.2177915651,0.1668846858,0.1253701461,0.09524727241,0.07450707147,0.05844801152,0.04811439797,0.03507593699,0.0189042625,-0.0007307956213,-0.02794400932,-0.05821930767,-0.09182890931,-0.1264076045,-0.1601463129,-0.1895803194,-0.2120588296,-0.2208735327,-0.1481326335,-0.02730726962,0.1294836979,0.2180763273,0.1480639186,-0.04446627976,-0.2561557775,-0.4032012377,-0.4880092051,-0.556681196,-0.6196289758,-0.6286098424,-0.5971561168,-0.6007752552,-0.7065077238,-0.8945657461,-1.133831106,-1.415032,-1.759098427,-2.129187309,-2.203529904,-2.265865971,-2.309313379,-2.336772593,-2.383800023,-2.434013811,-2.494855681,-2.569345974,-2.638257031,-2.695441078,-2.723262655,-2.71680819,-2.647400389,-2.554323637,-2.444668503,-2.32964526,-2.215729852,-2.109505038,-2.015529513,-1.925309374,-1.848532846,-1.775368479,-1.708707553,-1.651902524,-1.594673856,-1.549304102,-1.509854943,-1.47533276,-1.452995706,-1.437051676,-1.43080131,-1.432165122,-1.450176056,-1.477215152,-1.51449043,-1.570179943,-1.631498321,-1.714052236,-1.812366209,-1.918146533,-2.056957709,-2.20729032,-2.386108236,-2.601512236,-2.854683092,-3.156799792,-3.403224924,-3.477047689,-3.128227526,-2.827123014,-2.560074344,-2.341048627,-2.162667393,-2.013606371,-1.894458853,-1.785850497,-1.717070218,-1.654105897,-1.605568515,-1.582336892
7.3,0.2096024628,0.1660826806,0.1196681912,0.06916126641,0.02293699302,-0.02705553206,-0.06786598102,-0.102814045,-0.1302187964,-0.1453378993,-0.1510634669,-0.144899167,-0.1352165557,-0.1085731782,-0.08151845816,-0.05002316559,-0.01026553114,0.02165569159,0.05733389211,0.08682182992,0.1106372612,0.1251718804,0.1317971482,0.1322912196,0.1206213483,0.1114040956,0.09332523156,0.0732275447,0.05500855638,0.02932583297,0.00527072724,-0.02251597209,-0.05148346529,-0.08531705158,-0.1198800315,-0.1553027994,-0.1940857021,-0.2260022709,-0.2574292426,-0.2824828219,-0.3006211936,-0.311950967,-0.3163177003,-0.3159161744,-0.3059397814,-0.2948790599,-0.2732250953,-0.2430480949,-0.2089191747,-0.1530916739,-0.08975543109,-0.01134439186,0.08510792991,0.1864156226,0.2962775421,0.3981763731,0.4841459338,0.5309199898,0.5411830079,0.516435122,0.4588833841,0.3952038254,0.3234945826,0.2567946315,0.2026145925,0.1580502136,0.129065356,0.1106475031,0.09891061308,0.09206814561,0.08268300774,0.06889943983,0.0493880203,0.02127117562,-0.01210297929,-0.04959424124,-0.09002711233,-0.1288054825,-0.1644057904,-0.1929477526,-0.2047921309,-0.1480066518,-0.03933719542,0.1221483145,0.238867764,0.2008674976,0.0152719835,-0.2181131123,-0.3915745866,-0.4924154418,-0.5725507896,-0.6455521932,-0.6599396862,-0.6272335211,-0.6251808314,-0.7214435676,-0.9028523414,-1.147796727,-1.448193223,-1.825933351,-2.220019893,-2.280107698,-2.325244166,-2.350007476,-2.354623134,-2.388427578,-2.426626237,-2.482406273,-2.576989986,-2.669256522,-2.80072702,-2.95201283,-3.096353155,-3.194059194,-3.169274428,-3.043854677,-2.857531038,-2.674594116,-2.500747442,-2.352404211,-2.219822351,-2.103575286,-1.999887275,-1.906636892,-1.827801755,-1.751546645,-1.691104813,-1.640423727,-1.594658873,-1.568039639,-1.547206601,-1.537823556,-1.541456362,-1.558515109,-1.589623631,-1.631537608,-1.690785391,-1.758749416,-1.846212426,-1.950458792,-2.056444751,-2.197557641,-2.342821461,-2.507055277,-2.7237264,-2.948313212,-3.297650949,-3.839148345,-5.056626447,-4.402737084,-3.513518359,-3.023523572,-2.690180966,-2.443642566,-2.247522274,-2.096474904,-1.962603811,-1.877834669,-1.801904941,-1.742863285,-1.715654954
7.4,0.283808782,0.256558739,0.220736975,0.1775160025,0.1340372625,0.08131416683,0.03347706071,-0.01240081874,-0.05305080796,-0.08408863182,-0.1058600353,-0.1156625584,-0.1207740475,-0.1075768468,-0.0919007488,-0.06948453136,-0.03760864222,-0.008909452073,0.0252632821,0.0564480664,0.08521530378,0.1060212004,0.1200736502,0.1268444054,0.1211152965,0.1143917298,0.09831064211,0.07923851083,0.06028826756,0.03555712945,0.01164657809,-0.01492809432,-0.04222378232,-0.07304175421,-0.1043038405,-0.1364607412,-0.1705028724,-0.2007775913,-0.23028319,-0.2554916672,-0.27654235,-0.2922391187,-0.3037754349,-0.3119303464,-0.3136468943,-0.314295794,-0.3071322406,-0.2927882779,-0.2732943843,-0.2350577912,-0.1863517001,-0.1211763988,-0.03548938719,0.06197606475,0.1745331369,0.2899587269,0.4006937022,0.483872208,0.5322292095,0.5384948294,0.4964386149,0.4388602811,0.3635794213,0.2909390691,0.2329391213,0.1847788803,0.156581636,0.1408097808,0.1340601229,0.1323915142,0.1286127285,0.1195952931,0.1026722812,0.07618077031,0.04191617651,0.002374992141,-0.04212203622,-0.08495925137,-0.1256899652,-0.1594001381,-0.1739667979,-0.1328938142,-0.04263327613,0.1060223398,0.2318134038,0.2307237492,0.06942842083,-0.1768531854,-0.3797402208,-0.5015334911,-0.5969239322,-0.6834974836,-0.7024601186,-0.6595070323,-0.6403358004,-0.7206823088,-0.8961328662,-1.150727102,-1.474629593,-1.893320238,-2.336582657,-2.384898712,-2.409200285,-2.411239997,-2.398054226,-2.403237005,-2.420264313,-2.454952345,-2.522108307,-2.595877431,-2.71276787,-2.874402218,-3.075790992,-3.397630998,-3.795818573,-4.199292319,-3.987968093,-3.520642638,-3.138273238,-2.857641393,-2.639454881,-2.451802799,-2.298758369,-2.166018432,-2.05351876,-1.952822653,-1.871755022,-1.80622259,-1.748340135,-1.715818027,-1.690685643,-1.679018252,-1.686889272,-1.705846548,-1.744923846,-1.796382075,-1.862561507,-1.943272836,-2.038921618,-2.149629269,-2.253815733,-2.379679207,-2.492825447,-2.596304789,-2.726877474,-2.8216799,-2.971167063,-3.16012287,-3.319357968,-3.607481275,-3.625500001,-3.355525296,-3.049315209,-2.752564638,-2.522108735,-2.342879426,-2.17900526,-2.07993257,-1.988212683,-1.915610284,-1.884234184
7.5,0.2889508758,0.2805519133,0.2605518338,0.2318305146,0.2002779569,0.1537766856,0.1080228668,0.0592883308,0.01192041727,-0.02953418242,-0.06339227209,-0.08608593983,-0.1035208737,-0.1020619369,-0.09638337323,-0.08235718071,-0.05777070955,-0.03330592441,-0.001731282838,0.02976276688,0.06147359628,0.08864231595,0.1107408497,0.1257473255,0.1290829457,0.1273036477,0.11551579,0.09877663452,0.07948606989,0.05516498998,0.03009194072,0.002756941914,-0.02541290779,-0.05615146647,-0.08711443705,-0.1186471848,-0.1500969749,-0.1793092869,-0.2062448103,-0.2294205861,-0.2497798393,-0.2652980219,-0.2789812712,-0.2908266321,-0.2997655645,-0.3088143086,-0.3138613961,-0.314443305,-0.3099517227,-0.2912698107,-0.2601503756,-0.2118370148,-0.1415479042,-0.05304309147,0.05514058027,0.1747637982,0.2985845765,0.4096593459,0.4939667029,0.5372358308,0.5231037582,0.4779723688,0.4035184016,0.3255631765,0.2618943952,0.2085095779,0.1791503886,0.1649753066,0.1621979931,0.1662865169,0.1687208066,0.1657046436,0.1534308408,0.1304165317,0.09750531136,0.05777969847,0.0113774227,-0.0344494419,-0.0789964791,-0.1166938359,-0.1338706589,-0.106597034,-0.03790905617,0.08448300353,0.2011089981,0.2324000746,0.1068046932,-0.1396625594,-0.3685093774,-0.5093889769,-0.6174228903,-0.7187495781,-0.7455785149,-0.6902581566,-0.6499779312,-0.7127743167,-0.8846235907,-1.155724815,-1.507157569,-1.953662165,-2.433033915,-2.46315455,-2.468636178,-2.458242605,-2.436687274,-2.423296964,-2.424450548,-2.440858118,-2.473354146,-2.518003385,-2.587977248,-2.687944245,-2.821006415,-3.011645369,-3.253404093,-3.571338095,-4.034385442,-4.534816682,-4.139952754,-3.598521409,-3.219427685,-2.920475381,-2.692462928,-2.503400287,-2.34486076,-2.211035838,-2.102838786,-2.017557774,-1.945825888,-1.904898213,-1.875596807,-1.862655812,-1.875985295,-1.901832024,-1.954350965,-2.022793191,-2.103020042,-2.205452065,-2.314075637,-2.426642281,-2.513095814,-2.576865798,-2.603335015,-2.595944728,-2.594570269,-2.5820731,-2.601906873,-2.652216372,-2.695104724,-2.820377218,-2.920431443,-2.983486491,-3.019103273,-2.890181526,-2.74720018,-2.595786074,-2.419757169,-2.320373185,-2.215424249,-2.129280961,-2.094230536
7.6,0.2414348887,0.2468873932,0.2411227267,0.2276448517,0.2119730036,0.1778896085,0.1423309871,0.09936010593,0.0533816511,0.008691385564,-0.03163042654,-0.06287439297,-0.08968677658,-0.09753594567,-0.1001214547,-0.09309069769,-0.07450643521,-0.05399461026,-0.02512977265,0.005822905727,0.03893338582,0.07136832945,0.1010471398,0.1252893159,0.1400647412,0.1462052993,0.141593293,0.1292627885,0.1109627145,0.08722963743,0.06062251851,0.03152035231,0.0009438881383,-0.03172389841,-0.06471105218,-0.09795962846,-0.1294950315,-0.1592317832,-0.1847913085,-0.2059850507,-0.2241159093,-0.2369624373,-0.2490465438,-0.2604404475,-0.2719486735,-0.2854961698,-0.2991438703,-0.311941123,-0.3215966437,-0.322554038,-0.3112913039,-0.28318205,-0.2324561145,-0.157199968,-0.0578426192,0.0604513646,0.1907693424,0.321288868,0.4359684455,0.5171881645,0.539868765,0.5147486001,0.4458200037,0.3628300399,0.2901761083,0.2284346569,0.194259442,0.1790609049,0.1785977613,0.1877942145,0.1965916477,0.2003983748,0.1944163481,0.1767044039,0.1473326183,0.1094047289,0.0630186923,0.0153860594,-0.03200966311,-0.07301967696,-0.09279075134,-0.07711694391,-0.02707287362,0.06559071826,0.1616270222,0.2155943353,0.1294036564,-0.1035649823,-0.3484468508,-0.5025598544,-0.6176779735,-0.7303855617,-0.7709040902,-0.7142067448,-0.6597649136,-0.7063307171,-0.8756910963,-1.166469771,-1.543560415,-1.985302474,-2.425581996,-2.431159557,-2.429834187,-2.429132187,-2.409491443,-2.409282722,-2.408460416,-2.417697199,-2.436894837,-2.453022253,-2.487233124,-2.534615067,-2.604594821,-2.689280309,-2.790349971,-2.899952632,-3.014595137,-3.164090499,-3.294535891,-3.373963442,-3.355133601,-3.234195762,-3.052617324,-2.856064236,-2.671892921,-2.509618439,-2.375338838,-2.269619563,-2.184002416,-2.13453272,-2.102528552,-2.090759832,-2.113764393,-2.154417054,-2.23170712,-2.332846707,-2.443284328,-2.588187544,-2.715201468,-2.799281507,-2.800480724,-2.714786793,-2.611202975,-2.503058527,-2.41603986,-2.358274786,-2.328917494,-2.333485457,-2.344370451,-2.413002366,-2.483058387,-2.558492344,-2.672432135,-2.703024744,-2.736553762,-2.724257554,-2.612987626,-2.566019775,-2.472169926,-2.385406654,-2.355416388
7.7,0.1689218651,0.1816579045,0.1853717885,0.1837823526,0.1826663953,0.1629178584,0.1417692339,0.1106617557,0.073499881,0.03236353252,-0.008348527211,-0.04361733646,-0.07743336562,-0.09285973182,-0.103174453,-0.1026238486,-0.08962581506,-0.07245365424,-0.04599900832,-0.01584276282,0.01829322665,0.05435802989,0.09050912578,0.1237005086,0.1508078997,0.1674936715,0.1729164701,0.1673812468,0.151684163,0.1289104659,0.1006537344,0.06919368932,0.03530723423,-0.0004492816113,-0.03690688691,-0.07343993735,-0.1074665214,-0.1395836083,-0.1661183532,-0.1872940431,-0.2037892181,-0.2141399563,-0.2230087737,-0.231486492,-0.241855894,-0.255981212,-0.2736586426,-0.2939579282,-0.3145803569,-0.3318777503,-0.3401346837,-0.3339392082,-0.3063791302,-0.249702715,-0.1644467704,-0.05298833833,0.07869548326,0.2214598436,0.3601224535,0.4768932489,0.5418550545,0.5461874714,0.4895880378,0.4031956403,0.3181838221,0.2443543932,0.2007039014,0.1808014486,0.1807416723,0.1934669206,0.2085204789,0.2196240552,0.2210579165,0.2102922124,0.186367322,0.1521896657,0.1073953955,0.05935153573,0.009884774905,-0.03404946854,-0.05632452704,-0.05057441023,-0.01258196947,0.05470733154,0.1248414581,0.1908658783,0.1428096496,-0.06442359231,-0.3117192119,-0.4737061513,-0.5900024996,-0.704638397,-0.7624554663,-0.7245319199,-0.6710428642,-0.7061525006,-0.8733025448,-1.177796007,-1.564717601,-1.957003723,-2.284164554,-2.280224767,-2.281275943,-2.295329231,-2.290919301,-2.314477962,-2.326790567,-2.342846061,-2.369601895,-2.371812508,-2.390413422,-2.409259267,-2.439386286,-2.472716883,-2.511805171,-2.553192393,-2.591133319,-2.658615408,-2.723805748,-2.793873893,-2.862170604,-2.925065811,-2.950068114,-2.918998867,-2.843110726,-2.728525877,-2.612167612,-2.510040186,-2.423001217,-2.374839406,-2.347180833,-2.343462308,-2.387272685,-2.456558955,-2.584219003,-2.758825812,-2.953295073,-3.219548242,-3.357975912,-3.233288156,-2.986337824,-2.721981455,-2.530808346,-2.381002099,-2.261442128,-2.191421915,-2.143666445,-2.129116188,-2.126211132,-2.166114096,-2.214276844,-2.272773683,-2.376750134,-2.438606344,-2.539692424,-2.636828104,-2.64469895,-2.717467579,-2.699261963,-2.659966128,-2.671917492
7.8,0.09382365036,0.1087002436,0.1171848106,0.1233042349,0.1334922684,0.1268164852,0.1206001474,0.1038849405,0.08017697497,0.04786132054,0.01237058716,-0.02222262889,-0.06045683619,-0.08208510172,-0.1006319924,-0.1075713149,-0.1013813255,-0.08833900301,-0.06493552111,-0.03633595471,-0.001494412285,0.03627578489,0.07730158778,0.1180321663,0.1568575238,0.1863400779,0.2052393257,0.210352847,0.2000320827,0.1794244899,0.1495017421,0.1149320582,0.07679095199,0.03671364575,-0.004437840304,-0.04553225062,-0.08414398496,-0.1205357821,-0.1508719889,-0.1750705121,-0.1922477469,-0.2023549645,-0.2085389798,-0.2135082218,-0.2204542304,-0.2318860675,-0.2489523358,-0.2711038919,-0.2975434253,-0.3248084155,-0.348435487,-0.362126766,-0.3586054229,-0.3255884737,-0.2611815996,-0.1641480427,-0.03782320166,0.1095842193,0.2650829436,0.4124352646,0.5221463879,0.5672827224,0.5344668542,0.4500257232,0.3512506417,0.2622313736,0.2045040787,0.1759746927,0.174066497,0.1882040323,0.2087835508,0.226881867,0.2360283595,0.2330097596,0.2157497463,0.1868095712,0.144860882,0.09784756047,0.0472058607,0.0008895948687,-0.02357645785,-0.02760445641,0.002471211835,0.04862114309,0.09057046667,0.159140782,0.147143717,-0.02343257092,-0.2593833209,-0.4248111079,-0.5381506907,-0.6460342343,-0.721369106,-0.7202162205,-0.6841677265,-0.7161264334,-0.8811188153,-1.184506826,-1.551268787,-1.859700213,-2.080262534,-2.083640493,-2.089189872,-2.109550468,-2.125410151,-2.158190628,-2.187614616,-2.217157982,-2.255905523,-2.265857943,-2.286276246,-2.300144652,-2.31324268,-2.328647831,-2.341258596,-2.354682246,-2.364539295,-2.39589335,-2.427919675,-2.467792658,-2.517158452,-2.577381859,-2.635754692,-2.679258251,-2.707844954,-2.695564052,-2.659572715,-2.611661769,-2.556249636,-2.533509964,-2.525310552,-2.541284701,-2.61887469,-2.728695165,-2.93701617,-3.25808082,-3.740721171,-5.067826574,-4.157771609,-3.339661901,-2.915372182,-2.61742791,-2.41701521,-2.269595642,-2.145904599,-2.077284131,-2.023403997,-1.999981869,-1.99051757,-2.013297681,-2.047235552,-2.090735628,-2.177533033,-2.235352195,-2.339863551,-2.461267307,-2.530953657,-2.689234025,-2.777885519,-2.852502939,-2.986458177
7.9,0.03174418569,0.04556178442,0.05494691547,0.06471385884,0.08234550897,0.08564183829,0.09230500173,0.0893990506,0.08036438943,0.05994875876,0.03403609494,0.004934889307,-0.03370486398,-0.05894849618,-0.08529012777,-0.1009394372,-0.1036856179,-0.09759026353,-0.07987106043,-0.05552754276,-0.02237391689,0.01367898397,0.05598696627,0.1003491209,0.147056586,0.189227076,0.2247405295,0.2471394785,0.2490918206,0.2360342821,0.2067871094,0.1692352761,0.1262351593,0.07994723903,0.0325007856,-0.01484573909,-0.06021161344,-0.1029149655,-0.139816068,-0.1700341615,-0.1910561546,-0.2035539016,-0.2087291636,-0.2106391306,-0.2125701713,-0.2187539262,-0.2308672925,-0.2494329126,-0.275860075,-0.3058668456,-0.3382344663,-0.3661561618,-0.3835242207,-0.3760050362,-0.338485365,-0.2648589148,-0.1531085686,-0.01050563113,0.1531097066,0.3232806499,0.4763176886,0.5739031903,0.5833563039,0.5127077228,0.4019103715,0.2948019601,0.2179878343,0.1761969247,0.1688069037,0.181382981,0.2053763751,0.2288459865,0.2448435707,0.2491871331,0.2389704812,0.2161052314,0.1781151752,0.1334151809,0.08271029593,0.03479343666,0.008576735401,-0.007783564838,0.01308561199,0.03909834122,0.05259414039,0.1155077647,0.1371169432,0.01351184971,-0.1986965078,-0.3635784551,-0.4729141214,-0.5722672504,-0.6650613184,-0.7078838153,-0.699723818,-0.7363246727,-0.8966980339,-1.180153229,-1.497735489,-1.723850599,-1.888105241,-1.90209439,-1.913793999,-1.937311047,-1.96849058,-2.002271458,-2.044150929,-2.085961315,-2.132280244,-2.160765929,-2.191338658,-2.21434869,-2.226907307,-2.242700599,-2.247356923,-2.250122909,-2.250025658,-2.260823321,-2.27420661,-2.293158423,-2.323389473,-2.363021754,-2.408472547,-2.452221346,-2.495490108,-2.523041465,-2.535223155,-2.535752804,-2.519834109,-2.527251282,-2.541001206,-2.573494169,-2.667980984,-2.78143529,-2.98974534,-3.267276612,-3.58312858,-3.666155446,-3.365464805,-2.989390733,-2.690453236,-2.470547363,-2.302604348,-2.177685919,-2.064886635,-2.00419392,-1.951261398,-1.92450185,-1.913491847,-1.925065791,-1.950194856,-1.982830619,-2.054918974,-2.103525115,-2.19671039,-2.311158298,-2.390476065,-2.56304813,-2.695768513,-2.851392203,-3.107026827
8,-0.009086527344,0.003658828836,0.01167793085,0.02165007214,0.04239605032,0.05150082127,0.06714989079,0.0750638439,0.07898780528,0.07076899033,0.0565138382,0.03651138589,0.002128583189,-0.02274150385,-0.0541009807,-0.07782566857,-0.09065619723,-0.09465862729,-0.08631786425,-0.07026675091,-0.04321770672,-0.01344453835,0.02463845546,0.06608768818,0.1128139191,0.1609412838,0.2097206411,0.2529869988,0.2767736665,0.2838359356,0.2645480125,0.2288016419,0.183060829,0.129216704,0.07405880467,0.0186309863,-0.0355531636,-0.08637603287,-0.131950083,-0.1702591778,-0.1979432109,-0.2147712624,-0.2208152407,-0.2205305412,-0.2163603633,-0.2155498651,-0.2191885362,-0.2298690475,-0.2511125079,-0.2778833704,-0.3122720862,-0.3473376817,-0.3793533767,-0.3940400047,-0.3850304278,-0.3415050615,-0.2543072236,-0.1276264149,0.03303188024,0.2145394084,0.4023485828,0.5580005459,0.634461049,0.601159079,0.4857588752,0.3569220333,0.2539713338,0.1922078462,0.1730826887,0.1797260283,0.2031276998,0.2287486164,0.2494455503,0.2594540526,0.255749439,0.2390345517,0.2059948184,0.1645824378,0.1151039278,0.06662114884,0.03908377797,0.006312157277,0.0140164899,0.0209799369,0.009214611703,0.06003088065,0.1088604973,0.03750562125,-0.1405364523,-0.3002066488,-0.4061241598,-0.4999881324,-0.6103141218,-0.6942103442,-0.7153409728,-0.759204741,-0.9096428067,-1.158807291,-1.417649968,-1.58789491,-1.734982388,-1.757099326,-1.776544712,-1.804591333,-1.844377601,-1.880592979,-1.930113125,-1.981661668,-2.031461756,-2.078935866,-2.120532585,-2.156446993,-2.17849293,-2.201538037,-2.208843381,-2.20967289,-2.208624774,-2.206038708,-2.208005519,-2.212253768,-2.22640229,-2.248522939,-2.276700958,-2.307432721,-2.338764475,-2.368953649,-2.388243617,-2.401171489,-2.402041155,-2.417097812,-2.436525291,-2.467197215,-2.546562183,-2.622006826,-2.749970661,-2.874457512,-2.961240385,-2.942630887,-2.831651263,-2.662971235,-2.474647466,-2.333509279,-2.205095656,-2.107845784,-2.013641923,-1.96391247,-1.916540513,-1.889797118,-1.880779997,-1.884236539,-1.903873895,-1.928559775,-1.98811075,-2.027948559,-2.107791475,-2.209024351,-2.279644381,-2.438459216,-2.56610067,-2.726715438,-2.982131058
8.1,-0.02990849748,-0.01394568926,-0.006344784134,0.002339770658,0.02228668195,0.032593519,0.05215288958,0.06621671159,0.07936546235,0.08095409834,0.07773512577,0.06794413321,0.04098641886,0.02028569716,-0.0119967479,-0.04094157496,-0.06277604827,-0.07811800878,-0.08175226978,-0.0772795156,-0.06046600734,-0.04059978169,-0.01139060652,0.02142465773,0.06055823962,0.103961618,0.1541087549,0.2089778544,0.2540978912,0.2928080796,0.3002787997,0.2809415339,0.2419035344,0.1835944051,0.121490246,0.05723636593,-0.006833604405,-0.0669666643,-0.1223360284,-0.1698449001,-0.2061373126,-0.228920465,-0.2379344214,-0.2369899519,-0.2271868982,-0.2188045844,-0.212169218,-0.2124013408,-0.2247149204,-0.2441340763,-0.2750656623,-0.31086941,-0.3500528816,-0.3801410462,-0.3953376843,-0.3826487379,-0.3275108759,-0.2276171606,-0.08352771798,0.09362813477,0.2976579421,0.4999659142,0.6607198581,0.7063425223,0.6113665606,0.4594998805,0.3209071871,0.2295194627,0.189685591,0.1846010785,0.2020504299,0.2256026465,0.2479029173,0.2609886021,0.2624016309,0.2511541043,0.2236856922,0.1862846682,0.1394685319,0.09181276529,0.0636520674,0.0120751197,0.004861283935,-0.002685714289,-0.03341390463,-0.0001286566832,0.06323362304,0.0397752026,-0.09699798899,-0.2448200176,-0.3461208756,-0.4366597053,-0.563197556,-0.6804516491,-0.7256606471,-0.7745724501,-0.9111143718,-1.123835805,-1.334565496,-1.474308289,-1.623335202,-1.651250994,-1.678803944,-1.713109221,-1.756657787,-1.799006471,-1.853259141,-1.912687103,-1.964212725,-2.026923249,-2.076996905,-2.12318232,-2.159711048,-2.189057899,-2.204900969,-2.208278804,-2.211488158,-2.20020727,-2.195805097,-2.190742432,-2.190230862,-2.200787986,-2.212954537,-2.230248532,-2.246227008,-2.268801032,-2.280842168,-2.288497997,-2.291639326,-2.298857707,-2.313781417,-2.334620977,-2.39261072,-2.437229616,-2.514280115,-2.579385099,-2.610329412,-2.597603162,-2.535602396,-2.443292939,-2.316410885,-2.229154392,-2.134113389,-2.061964909,-1.989543352,-1.950757115,-1.911694753,-1.886919775,-1.881392883,-1.878582076,-1.894180312,-1.912601781,-1.960445677,-1.992868697,-2.059681694,-2.147387658,-2.205443018,-2.345287647,-2.454722982,-2.592327939,-2.803147992
8.2,-0.04369530336,-0.01775096656,-0.005198142667,0.005193333373,0.02378533155,0.03246415033,0.05143408012,0.06670065926,0.08459181953,0.09193294054,0.09703151399,0.09599365477,0.07702161654,0.06238974568,0.0325627335,0.002035941706,-0.02609840421,-0.05131767854,-0.06716813055,-0.07539139063,-0.07087140373,-0.0624047677,-0.04400614618,-0.0220634918,0.00639497053,0.03844715033,0.07920298251,0.1296586544,0.179658666,0.2416099581,0.2835349131,0.300217902,0.2877069439,0.2386231998,0.1763339559,0.1057030776,0.03292280323,-0.03699702841,-0.1023979069,-0.1597580407,-0.2061360129,-0.236993515,-0.2519254905,-0.2532051016,-0.2408604889,-0.2260978531,-0.2098798587,-0.1992069632,-0.2006076949,-0.2102507728,-0.2337578173,-0.2654847697,-0.3047560781,-0.3430815607,-0.3744948417,-0.3872227262,-0.3660676198,-0.3000236261,-0.1861345061,-0.03074748139,0.164857245,0.3825741671,0.6073423057,0.7682768902,0.760197808,0.6036166175,0.4223213866,0.2895723843,0.2183651312,0.1948869526,0.2009352314,0.2184058939,0.2391269015,0.2527257057,0.2573874525,0.2504393026,0.2284453753,0.1956128869,0.1527915158,0.1075534191,0.0800433439,0.01082476764,-0.009158049152,-0.02415062795,-0.06750580917,-0.05726718723,0.004823706778,0.0169790785,-0.07799067619,-0.2067125219,-0.2985397056,-0.3837120362,-0.5221697059,-0.6633985535,-0.7259975941,-0.7775425726,-0.9009184694,-1.086105918,-1.267100052,-1.391811762,-1.54852862,-1.581218592,-1.615755239,-1.656351628,-1.701953958,-1.751816949,-1.809799263,-1.875747599,-1.929059031,-2.002301821,-2.057502626,-2.109185293,-2.159981884,-2.191302297,-2.216865892,-2.224308802,-2.234279692,-2.218742084,-2.212705234,-2.204206674,-2.19106924,-2.196609411,-2.195572788,-2.201804945,-2.204286318,-2.21707558,-2.21835511,-2.215117838,-2.214985128,-2.2094266,-2.217189859,-2.228240891,-2.269652094,-2.297372389,-2.350051043,-2.394935043,-2.406650953,-2.406053621,-2.364416532,-2.307612029,-2.215802697,-2.162442174,-2.092177218,-2.039232783,-1.989094577,-1.958408901,-1.928911094,-1.907033214,-1.904717768,-1.897130025,-1.909090025,-1.922642223,-1.958584769,-1.985683968,-2.040099509,-2.115273236,-2.161435044,-2.282920674,-2.373906769,-2.485766415,-2.658649527
8.3,-0.06787010445,-0.02929235634,-0.006030270543,0.01274563181,0.03467353901,0.04429947195,0.0619721507,0.07598829683,0.09553371607,0.1049512387,0.1152771091,0.1203721559,0.1083774367,0.09967174219,0.07417181837,0.0451209909,0.01364211016,-0.01810440421,-0.04438601549,-0.06432794576,-0.07211582441,-0.07484039507,-0.06709939223,-0.05552265815,-0.03683547297,-0.01661709732,0.01191847667,0.04958822667,0.08928254341,0.1518549886,0.2112008877,0.2643369218,0.295617265,0.2805352409,0.2353299324,0.1674259767,0.09086605387,0.01177930524,-0.06336169944,-0.1312884054,-0.18932938,-0.2311384412,-0.2559369169,-0.2638178724,-0.2542878479,-0.2364145164,-0.2136444134,-0.1936442977,-0.1839943232,-0.1829554648,-0.1966437455,-0.2211931072,-0.2552780402,-0.2961875867,-0.3358649273,-0.3658216601,-0.3744179887,-0.3425956886,-0.2671952757,-0.1468814549,0.02016937093,0.2207338962,0.4566836526,0.6971076185,0.8491936233,0.7654927764,0.557339841,0.3740213849,0.2603117939,0.2113296188,0.2010380815,0.2092549671,0.2256193667,0.2378439913,0.2438280861,0.2398020596,0.222484252,0.1943460606,0.1563216474,0.1147402339,0.08948018743,0.006282330393,-0.02245269313,-0.03845809844,-0.09011664031,-0.1071095821,-0.05922854346,-0.02522105629,-0.08501525051,-0.1902927476,-0.2655334657,-0.3393915746,-0.4829220417,-0.6398947805,-0.716326075,-0.7707550255,-0.8847108855,-1.054482971,-1.221058877,-1.33857948,-1.502533931,-1.54034167,-1.579850482,-1.625104502,-1.673987701,-1.729547084,-1.791856127,-1.86335832,-1.919878846,-1.999676852,-2.057894455,-2.111847761,-2.172271495,-2.202734947,-2.235070929,-2.246121655,-2.262110944,-2.246992847,-2.243171604,-2.236338805,-2.21526092,-2.220591431,-2.210384089,-2.208374166,-2.200252968,-2.202945498,-2.193093239,-2.177968696,-2.171384809,-2.153439557,-2.153497421,-2.156598598,-2.186102851,-2.205615815,-2.246799569,-2.285507635,-2.290287129,-2.301563868,-2.271119251,-2.233747033,-2.162774744,-2.130284124,-2.076713864,-2.03623625,-2.006982964,-1.979987689,-1.960156005,-1.941251155,-1.941496064,-1.930334143,-1.939153476,-1.949423698,-1.973070658,-1.997188139,-2.039806832,-2.103609164,-2.139017382,-2.24376153,-2.31828983,-2.407233407,-2.553738743
8.4,-0.109628497,-0.06359281576,-0.03043267671,-0.0001859289087,0.02987600803,0.0477595714,0.0687017196,0.08428222533,0.1063293759,0.1170579479,0.131267671,0.1406716445,0.1351021653,0.1313358643,0.1112269002,0.08583559983,0.05371912559,0.0193200332,-0.0144101214,-0.0436944748,-0.06272514106,-0.07558807651,-0.0777828072,-0.07527379809,-0.06428725234,-0.05342162084,-0.03475045566,-0.009418635771,0.01678920321,0.06612693564,0.1206261209,0.1863387131,0.2518226708,0.2864868143,0.2828195534,0.2371647148,0.1685801845,0.08387687303,0.0002014387458,-0.07896794531,-0.1503881154,-0.2062183033,-0.2451288421,-0.2647249588,-0.2642032698,-0.2482507264,-0.2235101833,-0.1973933721,-0.1783549289,-0.1671849342,-0.1703247463,-0.1861474716,-0.2121329415,-0.2515564205,-0.2934299637,-0.3327869433,-0.3628121528,-0.3593895081,-0.3217526189,-0.2409370279,-0.1116048075,0.05490477121,0.2648831959,0.5090266685,0.7700570829,0.8625411648,0.7114665343,0.4861309073,0.3206196327,0.2383903677,0.2066141736,0.2026492495,0.2118650366,0.2213058208,0.2266640504,0.2240376817,0.2101845706,0.1862296249,0.1530947562,0.1157064262,0.09411303453,0.001166631247,-0.03266786935,-0.04571726528,-0.1028772103,-0.1476875728,-0.1214916513,-0.07661882543,-0.1104688043,-0.1924174714,-0.2451016064,-0.3008569349,-0.4430110392,-0.6111329259,-0.7014906775,-0.7603434328,-0.8682751205,-1.031350557,-1.192027481,-1.307130319,-1.477406879,-1.52162603,-1.564081017,-1.611791198,-1.666503771,-1.724277158,-1.79226121,-1.868604038,-1.930732922,-2.014294328,-2.07550567,-2.131379688,-2.194745328,-2.22492359,-2.258901591,-2.272124241,-2.289765652,-2.279214969,-2.278875743,-2.275892805,-2.254451565,-2.2607783,-2.246659002,-2.238957883,-2.224069353,-2.216454218,-2.196670008,-2.171028187,-2.154921392,-2.127822827,-2.119807835,-2.116944972,-2.137211709,-2.154013283,-2.189889188,-2.22782214,-2.233294373,-2.254457321,-2.232418167,-2.206682012,-2.148514623,-2.127736385,-2.083957031,-2.049932683,-2.037694621,-2.010687825,-1.999236569,-1.982928104,-1.985182511,-1.971694308,-1.978159699,-1.986504259,-1.998359679,-2.020611118,-2.052089208,-2.10523279,-2.130629592,-2.21983303,-2.279882639,-2.349802635,-2.477431133
8.5,-0.1618205454,-0.1165257403,-0.08024175207,-0.04297315776,-0.006752405714,0.02258562597,0.05098731726,0.07352074277,0.1024390287,0.1178025508,0.1378405592,0.1523267224,0.1547629699,0.1558431522,0.1425915547,0.122690028,0.09276849702,0.05917607995,0.0216348307,-0.01373438412,-0.04246849325,-0.06388881579,-0.07551087062,-0.08107772751,-0.07639011856,-0.07220881897,-0.06015607656,-0.0435979108,-0.02710657071,0.007464530836,0.04836036016,0.105543719,0.1775716678,0.2461544208,0.2930329895,0.2936063276,0.2539958207,0.1748834539,0.08705986007,-0.002635304024,-0.08860988172,-0.1605919298,-0.2170159088,-0.2528565401,-0.2667285959,-0.2585866736,-0.237079997,-0.2091465983,-0.183951372,-0.1645553771,-0.1580618988,-0.1649740659,-0.1820273721,-0.2169945976,-0.2568213098,-0.2992014185,-0.3410332887,-0.357028167,-0.3488252999,-0.3028831051,-0.2106224973,-0.08068424743,0.0931893838,0.3055967583,0.5722714332,0.8006212503,0.8320793962,0.6240331507,0.4061360321,0.2823546258,0.2226614439,0.2028142853,0.2017572665,0.2068913117,0.2097291596,0.2069662151,0.195242733,0.1745421649,0.145833176,0.1126180768,0.09548548024,-0.003241160452,-0.03999196512,-0.04892897641,-0.108823807,-0.178341761,-0.1771557325,-0.1289589543,-0.1442686849,-0.2061441137,-0.2344877235,-0.2685405974,-0.4060407635,-0.5835191856,-0.6885421716,-0.7522230693,-0.8554363442,-1.015049098,-1.172967139,-1.289702544,-1.467576054,-1.519316996,-1.563461061,-1.612069654,-1.674210876,-1.731429771,-1.80594016,-1.886568432,-1.956497282,-2.042343601,-2.107793117,-2.166931058,-2.227604681,-2.259543751,-2.290168025,-2.303749343,-2.316871198,-2.31311075,-2.314654156,-2.314603767,-2.300720143,-2.306512038,-2.294318257,-2.283453503,-2.266832445,-2.248983711,-2.221757501,-2.188176936,-2.160271249,-2.127843566,-2.111539917,-2.104424288,-2.116544414,-2.134382942,-2.167950593,-2.207356259,-2.219628954,-2.248549035,-2.235070117,-2.216500911,-2.16735939,-2.150499498,-2.111083025,-2.078756845,-2.076844408,-2.04800659,-2.041997337,-2.027843628,-2.030831191,-2.017088431,-2.021844254,-2.028975627,-2.03124052,-2.050939249,-2.07239378,-2.115046471,-2.131581729,-2.205554566,-2.253293036,-2.308324913,-2.420983308
8.6,-0.2110839531,-0.17314126,-0.1407445186,-0.1034758064,-0.06686533537,-0.03081339221,0.002886724888,0.03254570083,0.06980742723,0.09300527358,0.1221289258,0.1449338371,0.159089909,0.1675336252,0.1641485169,0.1524493794,0.1284378368,0.09909287718,0.06205120175,0.02465362419,-0.01128904945,-0.03904585887,-0.05943651915,-0.07241772392,-0.07360597271,-0.07431663871,-0.06667817023,-0.05577476171,-0.04461097365,-0.02158039093,0.006579564766,0.04812583467,0.1075186654,0.1790493612,0.254030169,0.3045955736,0.3149258163,0.2652975451,0.1864860277,0.09232331394,-0.006625923569,-0.09466626736,-0.1702751228,-0.2254149656,-0.2576163757,-0.2632777901,-0.2505217832,-0.2259359276,-0.1990263808,-0.1744636842,-0.1604702427,-0.1592495001,-0.167655106,-0.1958526947,-0.2304352551,-0.2707695257,-0.3156357946,-0.342032865,-0.3522441956,-0.3317091162,-0.2706486382,-0.1730473529,-0.03415231531,0.1410127075,0.3706147814,0.6243112262,0.8319333795,0.7627952776,0.521637931,0.3503322559,0.2547422266,0.213811745,0.1989414663,0.1975417726,0.1959731231,0.1914588446,0.1803874117,0.1616940331,0.1364872128,0.107076023,0.09428202443,-0.006593034386,-0.04621970779,-0.05172105589,-0.110657159,-0.2002163911,-0.2251349863,-0.1785127389,-0.1805104942,-0.2274157155,-0.2352269636,-0.2494140441,-0.3812661983,-0.5652217071,-0.6830103504,-0.7497393449,-0.8479382526,-1.003739818,-1.159243555,-1.280843347,-1.47021414,-1.529260729,-1.575014643,-1.62423242,-1.693056945,-1.749257652,-1.829856178,-1.91440936,-1.992881551,-2.081019205,-2.151984057,-2.215762047,-2.271507585,-2.306209805,-2.330562658,-2.342665729,-2.346696002,-2.348984693,-2.349634503,-2.350266129,-2.348169858,-2.351829207,-2.346120295,-2.334868807,-2.321380462,-2.294662448,-2.262950631,-2.224122656,-2.184246413,-2.149185538,-2.125027251,-2.114845997,-2.119598444,-2.140621203,-2.17362099,-2.216053778,-2.23940648,-2.275777863,-2.272361972,-2.258354533,-2.217427032,-2.197085429,-2.157718621,-2.12273174,-2.123155279,-2.091037337,-2.086432209,-2.07401732,-2.075162654,-2.064321179,-2.067619247,-2.074069522,-2.069741412,-2.085708773,-2.098399896,-2.130297696,-2.139742911,-2.198030534,-2.235746671,-2.279275582,-2.380033163
8.7,-0.2446356529,-0.2187594399,-0.1952592241,-0.1635661448,-0.1311410174,-0.09515193874,-0.0614328246,-0.02991832092,0.01086268687,0.03921237817,0.07627433838,0.1087212658,0.136998983,0.1573615051,0.1683119159,0.1693533346,0.1563160373,0.135703726,0.1042507366,0.06958935754,0.03053676907,-0.0006698400079,-0.02829849569,-0.0480553949,-0.05522784237,-0.06039544126,-0.0564883435,-0.0497258791,-0.04164090246,-0.0269411138,-0.008504843947,0.0183879313,0.05990839913,0.1156228111,0.187977828,0.2615283827,0.3169163706,0.319521601,0.2735031286,0.1913663544,0.08777805723,-0.01229911942,-0.106059205,-0.1813730493,-0.2341216408,-0.2585220589,-0.2597462873,-0.2438409165,-0.2199514769,-0.1938220135,-0.1749156393,-0.1668676797,-0.1673244404,-0.1873225483,-0.2145358995,-0.2494167538,-0.2912786738,-0.3213655981,-0.3409134243,-0.336538222,-0.2993210953,-0.2278218211,-0.1197286541,0.02134864839,0.2080824417,0.4345472168,0.6994323626,0.832424315,0.6588418621,0.4485946392,0.3095570639,0.2409496525,0.2082939673,0.1971612715,0.1890976414,0.1809099833,0.168667575,0.1502568163,0.1270440281,0.1005109562,0.09099658697,-0.009865135697,-0.05444699095,-0.05708913635,-0.111275652,-0.2163520816,-0.2662060657,-0.2240040503,-0.2173313515,-0.2563784987,-0.2531994871,-0.2536949064,-0.3775064566,-0.5614984722,-0.686516156,-0.7528020329,-0.8457393902,-0.9965790626,-1.149088361,-1.277684724,-1.48355161,-1.548214718,-1.59640678,-1.646920426,-1.720125022,-1.776708857,-1.862058397,-1.95045453,-2.036372608,-2.128041776,-2.205016285,-2.274163696,-2.325804767,-2.36308907,-2.380849456,-2.390049579,-2.384377626,-2.389400078,-2.387202709,-2.386436973,-2.395419634,-2.39624661,-2.398707455,-2.389680384,-2.381440869,-2.349089371,-2.315014835,-2.273155255,-2.223048053,-2.186883171,-2.155934354,-2.14317521,-2.142115809,-2.166602006,-2.200542338,-2.247489934,-2.284497158,-2.330260173,-2.339486001,-2.329558633,-2.297879199,-2.267794656,-2.224740904,-2.182453182,-2.17782844,-2.139722294,-2.132225828,-2.1207532,-2.116951066,-2.111977901,-2.113737149,-2.120235128,-2.111664758,-2.123417817,-2.128130766,-2.148852864,-2.152727306,-2.195020764,-2.224631489,-2.258919011,-2.351227916
8.8,-0.2532020334,-0.2431024736,-0.2323929473,-0.2105812522,-0.1856835974,-0.154824575,-0.1252612796,-0.09695241786,-0.05873042345,-0.03134269121,0.00732417977,0.0449731372,0.0837884509,0.1178633385,0.1461046241,0.1649413781,0.1689745312,0.163269281,0.1437125855,0.1175816215,0.0813483558,0.05046345774,0.01843669511,-0.007045077364,-0.02041505512,-0.03086731175,-0.03146673368,-0.02904186675,-0.0240280403,-0.01586258344,-0.00495632558,0.01038041857,0.0357537439,0.0721097865,0.1263952485,0.1938378999,0.2645603405,0.3117865028,0.3150231103,0.2687333648,0.1786855662,0.07723892711,-0.02922851829,-0.1224165617,-0.1957348819,-0.2415049775,-0.2607515975,-0.2581391277,-0.2413850933,-0.2173057882,-0.1960333181,-0.1828192067,-0.176389221,-0.1880058886,-0.2071431919,-0.2351163852,-0.2711299677,-0.301119276,-0.3244511074,-0.3297058591,-0.3097161847,-0.2583294724,-0.1758759786,-0.06367678519,0.08487925396,0.2732594928,0.5174288432,0.7656317893,0.7726348489,0.5763023305,0.3941749435,0.291246056,0.2363012569,0.2110791454,0.1938229649,0.1794357047,0.1635894462,0.1431417707,0.1197248762,0.09433458573,0.08642500624,-0.01471994149,-0.06711897787,-0.0665358223,-0.1136277502,-0.2296072434,-0.300818576,-0.26481879,-0.254532852,-0.2948799236,-0.2943352452,-0.287817795,-0.3978076183,-0.5736508583,-0.6984177025,-0.7603672083,-0.8487639997,-0.9943871242,-1.144176829,-1.281060536,-1.506304879,-1.574430427,-1.625830597,-1.67867342,-1.754155219,-1.812885048,-1.901671659,-1.993927876,-2.085103021,-2.181431828,-2.263807351,-2.33812132,-2.38742101,-2.426941376,-2.439828243,-2.445967258,-2.433722526,-2.437884779,-2.432589656,-2.429203852,-2.446047884,-2.443381773,-2.452813719,-2.447336069,-2.4423542,-2.408240296,-2.372280902,-2.32890763,-2.271139261,-2.234995328,-2.198824444,-2.183627437,-2.179206744,-2.206002673,-2.242274804,-2.294629613,-2.347056815,-2.404778028,-2.43089804,-2.427493667,-2.407639388,-2.363414672,-2.313173651,-2.258822344,-2.242006737,-2.194462644,-2.179615106,-2.167449298,-2.156105526,-2.158532037,-2.158603378,-2.165701356,-2.154852898,-2.162113938,-2.159352032,-2.168630681,-2.167689975,-2.194537525,-2.217535674,-2.244444043,-2.331282611
8.9,-0.2321093732,-0.2401057616,-0.2452953195,-0.2369441615,-0.2225669281,-0.2003510635,-0.177629731,-0.1554036312,-0.1233587043,-0.1011972955,-0.06706199446,-0.0312614464,0.009684226352,0.05238754257,0.09478862487,0.1322070286,0.1570935118,0.1722159196,0.1713459396,0.1605061198,0.1343608198,0.1088276009,0.07663828437,0.0474333919,0.0281893074,0.01112517871,0.004445705899,0.001211607693,0.002042774029,0.004346581069,0.009219261165,0.01625306035,0.02937078355,0.05040396389,0.08562053959,0.1354408179,0.1980065392,0.2604048845,0.300929142,0.3004396196,0.2439213077,0.1579751684,0.04990131917,-0.05462826717,-0.1452988801,-0.2116918527,-0.2504922732,-0.2639161003,-0.2569843111,-0.2380578948,-0.2167255847,-0.2003748726,-0.1887236763,-0.1932807119,-0.2052880507,-0.2268631203,-0.256966999,-0.2855365043,-0.310155152,-0.3212204193,-0.3134666271,-0.2770555262,-0.2148457046,-0.1257546507,-0.008032420702,0.1458671208,0.3487124613,0.6047339779,0.781823614,0.7054724399,0.5077299219,0.3687735895,0.2875438006,0.2432806604,0.2136622291,0.1901887541,0.1679786858,0.1429922124,0.1169177781,0.09051780132,0.08246369212,-0.02113542516,-0.08389912819,-0.08045794255,-0.1200835195,-0.2416933729,-0.3292053504,-0.3005637569,-0.2913780198,-0.341935335,-0.3573125139,-0.3479931082,-0.4382560711,-0.6004551576,-0.7186927815,-0.7730783738,-0.8579807765,-0.9998926268,-1.149692063,-1.294939153,-1.53700352,-1.606515934,-1.660961868,-1.717155494,-1.793525237,-1.855988257,-1.947182754,-2.042815659,-2.137257169,-2.237084954,-2.323120133,-2.400744053,-2.448998732,-2.490399696,-2.502133976,-2.507564522,-2.494471101,-2.496748525,-2.489964679,-2.484176036,-2.505256493,-2.498244192,-2.510946748,-2.507632933,-2.500378412,-2.466444096,-2.427410362,-2.382910061,-2.32079917,-2.285326211,-2.246401411,-2.229286266,-2.22423965,-2.251612139,-2.290866129,-2.348128713,-2.415932989,-2.486716321,-2.53483149,-2.543954443,-2.541026775,-2.481581,-2.421969541,-2.351944329,-2.315995964,-2.256389343,-2.229871593,-2.21457745,-2.193742059,-2.203204586,-2.201170134,-2.208407181,-2.197022474,-2.198799568,-2.189086918,-2.187013928,-2.181641811,-2.194624339,-2.212474677,-2.234084892,-2.317347013
9,-0.1798511652,-0.2060422484,-0.2291037948,-0.2370851384,-0.2364200496,-0.2257442012,-0.212212357,-0.1978520893,-0.1737061917,-0.158419281,-0.1318972532,-0.1028954036,-0.06723656053,-0.02486178963,0.0227173681,0.07198276059,0.1144347987,0.1512682862,0.172981796,0.1833105337,0.1747667343,0.1611523988,0.1349078026,0.1060614993,0.08321123865,0.05943318765,0.04582246,0.03582861823,0.03144997135,0.02831631527,0.0284585555,0.03011017582,0.03499634172,0.04631094507,0.06718245087,0.1002632526,0.1472755384,0.2037705635,0.2565976672,0.2876367831,0.269586052,0.2133735411,0.1181747393,0.01285643658,-0.0881112473,-0.1709528518,-0.2277223867,-0.2575535383,-0.2616363071,-0.2501806789,-0.2309210228,-0.2137835574,-0.199174596,-0.1991373463,-0.2061698797,-0.2231357457,-0.2488717876,-0.2760377866,-0.3011040243,-0.3157111619,-0.3165362298,-0.2907646386,-0.2438448055,-0.1725327773,-0.07844343047,0.04744965651,0.2111696278,0.4315862294,0.6686911993,0.7659590708,0.6271949272,0.4676403039,0.3605017386,0.2936709098,0.2490581883,0.2140872674,0.1832014165,0.1516998496,0.1210057389,0.09183562154,0.08228064469,-0.02627643444,-0.1024047633,-0.0994385455,-0.1319671644,-0.2535026555,-0.3522564313,-0.3313294263,-0.326029761,-0.3924253551,-0.4332110331,-0.4238345429,-0.4925473139,-0.6402023352,-0.7489315807,-0.7932300075,-0.8752855456,-1.017245595,-1.172295795,-1.324163851,-1.573733119,-1.642691043,-1.69856152,-1.758635814,-1.835125037,-1.902499501,-1.995152061,-2.092556249,-2.188900627,-2.287730833,-2.374652637,-2.451691273,-2.49917059,-2.541674847,-2.55776881,-2.567951607,-2.561390989,-2.565046787,-2.560300576,-2.554303672,-2.576264885,-2.564481086,-2.57500162,-2.569687243,-2.55317077,-2.51803964,-2.473736577,-2.427139324,-2.365010713,-2.329864383,-2.291564244,-2.273628366,-2.270028178,-2.296197494,-2.337547829,-2.397263592,-2.47596561,-2.557412454,-2.629537061,-2.6599433,-2.682316284,-2.613982088,-2.547119152,-2.461105556,-2.400750226,-2.327944447,-2.285960102,-2.264203345,-2.231754149,-2.245449314,-2.239732935,-2.244802937,-2.233435774,-2.228003423,-2.212052623,-2.199570685,-2.190549723,-2.192519958,-2.207093461,-2.225863424,-2.30653859
9.1,-0.09865141958,-0.1400582088,-0.1809296263,-0.2067568523,-0.223008581,-0.2265206868,-0.224994673,-0.2204107628,-0.2055225189,-0.1977780166,-0.179907709,-0.1598744073,-0.1331128697,-0.0984625282,-0.05512835259,-0.00491402038,0.044957916,0.09612242561,0.1369150711,0.1688905383,0.1823454475,0.1871451414,0.1746728719,0.1534763269,0.1328747528,0.1059768135,0.0873546991,0.07147968759,0.06191103483,0.0542122685,0.05068789869,0.04904120379,0.04877959494,0.05464915985,0.06615178595,0.08701206317,0.1198634684,0.1637878715,0.212809538,0.2548271462,0.2636392519,0.2383965549,0.1665691535,0.07157277592,-0.03043546,-0.1233057307,-0.1940858357,-0.2386347398,-0.2539236093,-0.2511573186,-0.2358483805,-0.2201748061,-0.2049964277,-0.2031003537,-0.2076689826,-0.2222092948,-0.2454520085,-0.2717606053,-0.2969913854,-0.3136026189,-0.3201053467,-0.3014224867,-0.2655278004,-0.2075040452,-0.1311313449,-0.02734828183,0.1044077737,0.2836937546,0.5074468302,0.7075648002,0.7004806689,0.5651813322,0.4440742944,0.3562177088,0.2964406333,0.2493337112,0.2088434201,0.1700935819,0.1338816424,0.1010950168,0.08932660211,-0.02664392557,-0.1207847834,-0.1243399183,-0.1495335125,-0.265674193,-0.371410785,-0.3573939219,-0.3556052101,-0.4389318633,-0.5112104189,-0.5058472581,-0.5557452837,-0.6911074024,-0.7908460526,-0.8232418508,-0.9026756228,-1.049775524,-1.215797587,-1.370983425,-1.614732932,-1.681169631,-1.735503777,-1.798913628,-1.875114076,-1.947838334,-2.040741226,-2.136979504,-2.233778999,-2.324949315,-2.40922121,-2.480560519,-2.526191665,-2.56837835,-2.594295718,-2.616422091,-2.624454313,-2.636970309,-2.639953468,-2.638478549,-2.658576736,-2.642832452,-2.645186078,-2.632401014,-2.600482239,-2.560093637,-2.507932779,-2.457059029,-2.399110378,-2.362696742,-2.328009475,-2.31006291,-2.308284614,-2.331309429,-2.371885668,-2.429436768,-2.508784601,-2.593337944,-2.682194318,-2.739686968,-2.794539748,-2.738412011,-2.67600735,-2.581109689,-2.495658823,-2.410334878,-2.350105431,-2.317487321,-2.271062049,-2.282769199,-2.270117022,-2.268715945,-2.256076498,-2.242011119,-2.221101792,-2.20070907,-2.189433136,-2.184742026,-2.19818626,-2.216667467,-2.2947672
9.2,0.003153414045,-0.04699054857,-0.1025788406,-0.1454899671,-0.1806237202,-0.200521317,-0.2140556468,-0.2216049471,-0.217655907,-0.218276906,-0.2095082866,-0.1991155793,-0.182051903,-0.1589545939,-0.1257620555,-0.08372677985,-0.03737224416,0.01613191984,0.06576569056,0.1120510352,0.1445140275,0.1696917872,0.1771175128,0.1723871516,0.1631127265,0.1416620112,0.1241608593,0.1066258276,0.09404862461,0.08338441152,0.07702551123,0.0730213647,0.06916790203,0.0715922601,0.07683984698,0.0892309668,0.1114316373,0.1435229497,0.1837915457,0.224732341,0.2466367847,0.2433787327,0.1963563161,0.1183448633,0.02306262369,-0.07339465303,-0.1537817744,-0.2105618191,-0.2369375614,-0.2430997653,-0.2330955024,-0.2203991228,-0.206465547,-0.204642082,-0.208697383,-0.2225519551,-0.2446464915,-0.2707219699,-0.2959571972,-0.3135986087,-0.3233965303,-0.3092585773,-0.2808345819,-0.2323761567,-0.1691865784,-0.08247552197,0.02430629951,0.168236086,0.3576981436,0.5750526578,0.6848130575,0.6263654363,0.5187219147,0.4197889321,0.3490442581,0.2920236217,0.243019046,0.1978916429,0.15646835,0.1201142051,0.1060694204,-0.02039616695,-0.1383877937,-0.1547736007,-0.1718736879,-0.2784354897,-0.3876235816,-0.3784861937,-0.3768140966,-0.474845249,-0.5838911431,-0.5891665831,-0.6250930698,-0.7513288673,-0.8454127075,-0.8651811972,-0.941416062,-1.09736514,-1.278252055,-1.433514713,-1.660075992,-1.721625171,-1.770873194,-1.835514517,-1.910765104,-1.987764753,-2.078920334,-2.170027428,-2.264124766,-2.34158801,-2.419104737,-2.480187722,-2.52158338,-2.561879046,-2.600068418,-2.639330569,-2.669042455,-2.6993215,-2.717796466,-2.728132945,-2.745186795,-2.727899466,-2.716996983,-2.691804298,-2.640675433,-2.590421504,-2.528237241,-2.470813515,-2.41912935,-2.379472176,-2.349424553,-2.33122859,-2.329560189,-2.347307369,-2.382696391,-2.432083987,-2.499734761,-2.576148334,-2.665038824,-2.74265083,-2.823531821,-2.811884253,-2.778405456,-2.695418504,-2.593450442,-2.500019691,-2.420954369,-2.372667942,-2.310747105,-2.310727764,-2.286699211,-2.2735312,-2.257093562,-2.234397703,-2.21049286,-2.186019078,-2.174100314,-2.16769807,-2.181760782,-2.201889702,-2.276155868
9.3,0.108656043,0.05993529357,-0.003255129785,-0.0590911002,-0.1118496929,-0.1489731952,-0.1796351271,-0.2014611632,-0.2103528584,-0.2203226996,-0.2211010509,-0.2203954904,-0.2126645924,-0.2020690549,-0.1812438156,-0.1523013931,-0.116370296,-0.07087913972,-0.02325887677,0.02641245328,0.06836855313,0.1086909782,0.1352773552,0.1516003661,0.1614014289,0.1562880533,0.1495191714,0.1381615001,0.128035394,0.1172251161,0.1093234353,0.1032223232,0.0959628995,0.09499480245,0.09501253969,0.1008325078,0.1150979382,0.1380551141,0.1702853455,0.2067208574,0.2340065015,0.2435038481,0.2166427262,0.1561965483,0.07125538389,-0.02472449081,-0.1117717899,-0.1791149838,-0.2168372255,-0.2319318318,-0.2279063525,-0.2185177625,-0.2064580512,-0.2049915896,-0.2091909376,-0.2229805146,-0.2444553561,-0.2706581823,-0.2958971959,-0.3142447901,-0.3256504336,-0.3146535568,-0.2909607853,-0.2490707098,-0.1954647776,-0.1213706578,-0.03340857021,0.08295116595,0.2389333985,0.435937778,0.5990933178,0.6283639773,0.5642929417,0.4716492994,0.3987651358,0.3371336579,0.2829279748,0.2338901324,0.1887496892,0.1496762963,0.133867962,-0.00660848551,-0.1533628631,-0.1875642525,-0.1968505998,-0.2914097843,-0.4008336059,-0.3935598286,-0.3870430199,-0.4962703762,-0.6474557063,-0.6715363016,-0.6982987406,-0.8186843799,-0.9127552423,-0.9204346409,-0.9914699137,-1.156371014,-1.353392065,-1.506762749,-1.710493323,-1.764062952,-1.804667836,-1.866580343,-1.939113038,-2.016685459,-2.102522343,-2.183865193,-2.268897787,-2.329825861,-2.396247046,-2.444573285,-2.479120545,-2.516299603,-2.564595593,-2.620384416,-2.674532243,-2.727308421,-2.768644482,-2.798981883,-2.815232642,-2.801113234,-2.775425505,-2.735990355,-2.666227144,-2.603787141,-2.531515462,-2.467000003,-2.420835361,-2.37711842,-2.350473529,-2.330984582,-2.326445684,-2.337379918,-2.363476258,-2.399807263,-2.44852062,-2.507965583,-2.582608419,-2.663253309,-2.749968056,-2.793752182,-2.810913729,-2.771840496,-2.675576192,-2.585856276,-2.49172245,-2.424388811,-2.347087283,-2.324121789,-2.284142159,-2.254574872,-2.231526871,-2.20163696,-2.176639349,-2.151723002,-2.140622705,-2.136094365,-2.151509111,-2.173818877,-2.242008135
9.4,0.1929145372,0.1582571797,0.09897765513,0.03884845907,-0.02541050326,-0.07753128413,-0.1247353041,-0.1615274426,-0.1847037462,-0.204724168,-0.2155114547,-0.2242715537,-0.2252221445,-0.2264646419,-0.2179381128,-0.2034483059,-0.1804383831,-0.1487478531,-0.1101392136,-0.06571045472,-0.02426976271,0.02232293793,0.06060527166,0.09435808034,0.1236235343,0.1412328084,0.1538298422,0.158064158,0.1590335371,0.1531817787,0.146883711,0.1396380973,0.1289520605,0.1237221693,0.1181343542,0.1176484175,0.1250270142,0.1409140526,0.1669761959,0.199506502,0.2296275314,0.247329682,0.2357842247,0.1904374829,0.1161152885,0.02140617355,-0.07155564342,-0.1496218784,-0.19998248,-0.2247160322,-0.2269913761,-0.2201267042,-0.2092401766,-0.2063770944,-0.209712593,-0.2225876269,-0.2429891675,-0.2692384996,-0.294625181,-0.3139924767,-0.3261733069,-0.3180626516,-0.2973483022,-0.2599132778,-0.2129738935,-0.1477333764,-0.07319004156,0.02314742297,0.1520537983,0.32171152,0.4943153044,0.5833255498,0.5733360813,0.5034007283,0.4385715515,0.3791518302,0.3247328555,0.2752478408,0.2289768831,0.1888377782,0.1723486434,0.01559593253,-0.1615558878,-0.2171999139,-0.2214472676,-0.3038508309,-0.4104043914,-0.4017339492,-0.385794916,-0.5026688375,-0.6994074472,-0.7502170213,-0.7720522263,-0.8901800626,-0.9911872616,-0.9885214151,-1.051584176,-1.222211132,-1.433317757,-1.581974158,-1.760903112,-1.803026616,-1.831991874,-1.885624698,-1.952529484,-2.023733091,-2.099195909,-2.166174876,-2.234175068,-2.279797006,-2.332149304,-2.368328125,-2.394865935,-2.428829535,-2.481811788,-2.547695967,-2.620895104,-2.691795303,-2.756243687,-2.80978963,-2.831960176,-2.828362132,-2.794517347,-2.745780885,-2.665750275,-2.593365493,-2.514765312,-2.445474362,-2.4024768,-2.355830455,-2.33021803,-2.308489393,-2.298399456,-2.302487736,-2.31746026,-2.339311228,-2.369511452,-2.409828343,-2.466275167,-2.537286128,-2.614929584,-2.691315182,-2.752231872,-2.77301655,-2.710986019,-2.644089937,-2.545633089,-2.460589976,-2.370165666,-2.315912047,-2.256787407,-2.208654701,-2.176606644,-2.141669595,-2.116456617,-2.093087215,-2.08395284,-2.082297054,-2.098856646,-2.122450966,-2.182892718
9.5,0.2303245809,0.2204511311,0.1793190105,0.1281880652,0.06420085883,0.004292638239,-0.05463715548,-0.1041972091,-0.1416957437,-0.1716423466,-0.192807488,-0.210736719,-0.2198319922,-0.2316290971,-0.234372486,-0.2337760907,-0.2236194994,-0.2078496233,-0.1814570851,-0.1471320567,-0.1129551938,-0.06794743356,-0.02699018814,0.01533286548,0.05679778445,0.09406733634,0.127575979,0.1533872581,0.1742354294,0.1813777277,0.1832346567,0.1788036645,0.1664520439,0.1572094832,0.1455763574,0.1383138428,0.1385643772,0.1477946824,0.168344457,0.1975545512,0.2297885708,0.2542494022,0.2556023962,0.2236046395,0.1597977523,0.06579280107,-0.03342408474,-0.1236596982,-0.1890670031,-0.2255103985,-0.2350352601,-0.2298108055,-0.2186560948,-0.2112344081,-0.2112062657,-0.2208776686,-0.2387341902,-0.2642710532,-0.2898648318,-0.3108191938,-0.3238587371,-0.3190871494,-0.3006928503,-0.266474957,-0.2242064218,-0.1646581731,-0.09905580297,-0.01636788185,0.09295252325,0.2385274553,0.4029519258,0.5211559812,0.5550528393,0.5141937075,0.4640943931,0.4124496872,0.3628702405,0.3165485341,0.2724932879,0.2338695449,0.2183398798,0.04673150213,-0.1579831907,-0.237787914,-0.2427319209,-0.3148180574,-0.4155700221,-0.4031775355,-0.3749754998,-0.4953559829,-0.7358790356,-0.8202680549,-0.8416909903,-0.9618340983,-1.077166978,-1.067530798,-1.1204878,-1.291877555,-1.508974328,-1.644214314,-1.795903934,-1.824056041,-1.840010739,-1.880345452,-1.937193677,-1.994992787,-2.05506488,-2.105106814,-2.151900777,-2.186279151,-2.224963179,-2.251919965,-2.272874488,-2.303607189,-2.356477436,-2.424700752,-2.505361684,-2.583777158,-2.66115468,-2.730865581,-2.76484066,-2.778598733,-2.750762293,-2.704798718,-2.629577668,-2.554651166,-2.47678976,-2.407203313,-2.365513933,-2.318103,-2.291547919,-2.267133446,-2.250698063,-2.248673182,-2.253282743,-2.262423756,-2.278143252,-2.302049027,-2.342474648,-2.39976491,-2.463500457,-2.546012297,-2.62442402,-2.686068747,-2.67042958,-2.640039467,-2.554179577,-2.460333289,-2.362528244,-2.276533118,-2.198737301,-2.13354687,-2.091065937,-2.053051472,-2.027382713,-2.006004575,-1.999395122,-1.999924504,-2.017091465,-2.040828053,-2.093912272
9.6,0.211326205,0.2283862901,0.2157398149,0.1875859822,0.1389889538,0.08373925578,0.02252180966,-0.03401233713,-0.08323056797,-0.1220910474,-0.1536262848,-0.1805240121,-0.1975820626,-0.2186395846,-0.2313518338,-0.2430865808,-0.2447452002,-0.244515824,-0.2311895214,-0.209004262,-0.1852805991,-0.1469803014,-0.1100211872,-0.06771189954,-0.02378901334,0.02328881269,0.07022119288,0.1146956711,0.1577230996,0.1853524256,0.2043854482,0.2110192139,0.2031407187,0.1933684023,0.1772976958,0.1635854409,0.1562546552,0.157859452,0.1717327725,0.1962997635,0.2289754048,0.2588276319,0.2721671059,0.2539426207,0.2022645059,0.110385847,0.005729902454,-0.09739646728,-0.1802560087,-0.2316860057,-0.2511595128,-0.2483677211,-0.2363751541,-0.2215910496,-0.2152971014,-0.2187630345,-0.2316935924,-0.2550168172,-0.2803538907,-0.3032318262,-0.3176885103,-0.3170570842,-0.3012149064,-0.2698979324,-0.2311332527,-0.175228662,-0.1152293471,-0.04132963733,0.05512881385,0.1823266121,0.3350563042,0.464782466,0.5263983481,0.511022452,0.4756128394,0.433257938,0.3912497178,0.3503888208,0.3116057189,0.2774664285,0.2650542114,0.08554440617,-0.1400288613,-0.2454299882,-0.2580381744,-0.3229561081,-0.4163545682,-0.4001838759,-0.3587278834,-0.4764445828,-0.7524349267,-0.8761484104,-0.9024035872,-1.029171045,-1.166086338,-1.154935051,-1.197163007,-1.362761586,-1.56887692,-1.676938222,-1.798548875,-1.812165299,-1.816575238,-1.841426607,-1.885608155,-1.925917726,-1.969272694,-2.003465501,-2.031663932,-2.058599852,-2.086860649,-2.108170288,-2.126505953,-2.154546444,-2.204572139,-2.270237237,-2.347944835,-2.425497279,-2.503477224,-2.577648505,-2.622865065,-2.653555767,-2.642925418,-2.611159508,-2.555210412,-2.486884642,-2.417794705,-2.353140405,-2.312328603,-2.266640645,-2.2383211,-2.211509478,-2.189493438,-2.18250546,-2.178828642,-2.178296199,-2.183523767,-2.194993818,-2.22264876,-2.266557931,-2.316246248,-2.390369487,-2.465362968,-2.537524611,-2.555233124,-2.555177815,-2.494024321,-2.40490003,-2.307938672,-2.200151897,-2.108619108,-2.031092364,-1.978285699,-1.938524877,-1.911754361,-1.892067986,-1.888230088,-1.890045743,-1.907861096,-1.931574117,-1.979834882
9.7,0.1479116468,0.1847116271,0.2006453707,0.2028427319,0.1823195755,0.1465850047,0.09615570326,0.04218707785,-0.01256979327,-0.05803797177,-0.09909890201,-0.1347589042,-0.160169966,-0.1893638832,-0.2108387465,-0.2328083461,-0.2447982915,-0.2581272803,-0.2574205399,-0.2478563402,-0.2355461368,-0.2070192752,-0.1780250823,-0.1417489654,-0.1030692875,-0.05662412,-0.007513721043,0.04510816523,0.1027617764,0.151008911,0.1930953841,0.2208080661,0.2280262903,0.2263262097,0.2114401053,0.1942423652,0.1802153702,0.1730918033,0.1780728487,0.1948545946,0.2243660257,0.2562541254,0.2798612637,0.276626294,0.2404612548,0.1558463337,0.04962257743,-0.06439114969,-0.1650539046,-0.2348066015,-0.2685752543,-0.2719048602,-0.2608822845,-0.2385092187,-0.2242018697,-0.2188967641,-0.2242385924,-0.2430718823,-0.2667953866,-0.2910175197,-0.3074795565,-0.3113501343,-0.2988027781,-0.2707194745,-0.2348612574,-0.1818118818,-0.1253552393,-0.05706261583,0.0313816847,0.1456773805,0.2885678875,0.4226158517,0.5004691083,0.5028402491,0.4771643608,0.4412667088,0.4058324294,0.3703403306,0.3382216076,0.3107685466,0.3035687636,0.1289263924,-0.1077866115,-0.2383784655,-0.2647322012,-0.3265395701,-0.4137593812,-0.3962345328,-0.3420407882,-0.4480508893,-0.7455403464,-0.9124354119,-0.9501372385,-1.08729818,-1.251720602,-1.24837709,-1.280970395,-1.430347035,-1.602467975,-1.672536059,-1.763973505,-1.767228908,-1.762973599,-1.77470772,-1.805980887,-1.830676382,-1.859501076,-1.881072025,-1.896919879,-1.917578936,-1.938493727,-1.955592491,-1.973380645,-1.997904189,-2.044008,-2.104715109,-2.1739506,-2.246658664,-2.318237033,-2.389364145,-2.440261651,-2.482362546,-2.489789704,-2.476560465,-2.445582065,-2.391815395,-2.337470997,-2.282246334,-2.24388322,-2.201918592,-2.172471223,-2.143888623,-2.118524722,-2.107223374,-2.097868772,-2.090593566,-2.088113467,-2.090652002,-2.108190309,-2.140616599,-2.177066627,-2.238217831,-2.300184304,-2.364653344,-2.395932192,-2.409542976,-2.371456518,-2.29579349,-2.206566645,-2.091308845,-1.993058532,-1.908485038,-1.847246782,-1.805843573,-1.77762583,-1.759124256,-1.758013284,-1.760782154,-1.779899815,-1.804529028,-1.850828139
9.8,0.06401733002,0.1100465797,0.1457973085,0.1750642113,0.1859539638,0.1802714986,0.1534112566,0.1138466337,0.06335906919,0.0157935733,-0.03224012319,-0.07591559868,-0.1101623607,-0.1468167727,-0.1761747361,-0.2062759993,-0.2268938719,-0.2508783465,-0.261417152,-0.2638879866,-0.2627400808,-0.2455876379,-0.2265532803,-0.1996736963,-0.1705636362,-0.1317761233,-0.0892437903,-0.03937214756,0.02078430417,0.08099337853,0.1426862154,0.1954709539,0.2278143206,0.245756065,0.2421054564,0.228250245,0.2110829465,0.1956884049,0.1900612831,0.1956426978,0.2172748861,0.2459602067,0.275776084,0.2869214552,0.2694805605,0.1998261627,0.09920531687,-0.02015042909,-0.1358749893,-0.2251858843,-0.2776067001,-0.2928037734,-0.2872951015,-0.260706589,-0.2393089797,-0.2245740761,-0.2205920128,-0.232438021,-0.2523742846,-0.2762638459,-0.2944185939,-0.3025082762,-0.2938177675,-0.2694057172,-0.2365010222,-0.186301728,-0.132731312,-0.06867523583,0.01429727225,0.1195089333,0.2554441894,0.3921877884,0.4823506433,0.4960992031,0.4747566304,0.4405494838,0.4076034851,0.3752319479,0.3485476237,0.3279330527,0.3265447082,0.1722295204,-0.0639066563,-0.2169686687,-0.2608385129,-0.3241810995,-0.4092547903,-0.3947855864,-0.3296056277,-0.4133947399,-0.7154322919,-0.9257532986,-0.9822020979,-1.131493659,-1.32732378,-1.344475416,-1.36912042,-1.487045325,-1.605794282,-1.638475632,-1.706559231,-1.70374479,-1.694657305,-1.698092773,-1.71800262,-1.732251318,-1.750042778,-1.762479481,-1.770590216,-1.784489955,-1.798761654,-1.811099386,-1.827548076,-1.84750027,-1.88836161,-1.94241829,-2.001531601,-2.067427267,-2.130336838,-2.195005939,-2.247022414,-2.293612995,-2.314107184,-2.317184118,-2.30818687,-2.273293516,-2.23634493,-2.193789446,-2.160141909,-2.123834713,-2.094846926,-2.065673989,-2.039625634,-2.024629847,-2.011903466,-2.000131236,-1.992036303,-1.988214569,-1.99777198,-2.020786773,-2.04561958,-2.093746018,-2.140830025,-2.192006544,-2.224272185,-2.239998481,-2.216298263,-2.154854878,-2.075502073,-1.963946769,-1.864678941,-1.776869832,-1.709893992,-1.665964571,-1.63627279,-1.618233674,-1.619829357,-1.62321623,-1.644408951,-1.671050235,-1.71732021
9.9,-0.01956373385,0.02655660193,0.07094149708,0.1172407601,0.152817902,0.1780046228,0.1814988623,0.1668903198,0.1326879284,0.09074018521,0.04131638743,-0.007765835403,-0.05010451422,-0.09374114954,-0.1303627,-0.1669693697,-0.1948353016,-0.2264333207,-0.2463934742,-0.259596358,-0.2687482211,-0.2635070715,-0.255218303,-0.2391907713,-0.2213300992,-0.193453682,-0.1618760238,-0.1214602288,-0.0680916797,-0.007024040401,0.06382347299,0.1355431903,0.1946573503,0.2403427706,0.2593616688,0.2591885164,0.246011844,0.2259080045,0.2101134164,0.2026640909,0.212239919,0.2322301829,0.2621378167,0.2836415158,0.2851386729,0.2374970469,0.1514059562,0.03502679585,-0.0899012476,-0.1969617591,-0.2703389481,-0.3029945191,-0.3089055052,-0.2843012133,-0.2596643845,-0.23762274,-0.2245444682,-0.2278521801,-0.2416316798,-0.2626452399,-0.2810922443,-0.292165156,-0.2872985739,-0.2667080599,-0.2372062096,-0.1902522186,-0.1400241741,-0.08039367437,-0.002209116817,0.09536863724,0.2261842715,0.3659377542,0.4695026876,0.4931166909,0.4736153309,0.4373081521,0.4020627278,0.3695606916,0.3449787117,0.328896218,0.3318033524,0.2101701075,-0.012212325,-0.1823627687,-0.2455983527,-0.3153729118,-0.4037277202,-0.3974423397,-0.3246450594,-0.3769453948,-0.6656085511,-0.9141562212,-0.9958537057,-1.15773359,-1.385635775,-1.436589781,-1.453948029,-1.523475157,-1.582584651,-1.58952062,-1.64343759,-1.638249552,-1.62736679,-1.626695581,-1.638581312,-1.646622875,-1.657004189,-1.662887167,-1.665925672,-1.671871453,-1.678870406,-1.684919996,-1.697279272,-1.71142042,-1.745162964,-1.791083629,-1.839552838,-1.897463365,-1.951034793,-2.007715172,-2.057800638,-2.103657953,-2.131360052,-2.145714595,-2.152462617,-2.136399997,-2.1168192,-2.088502211,-2.062010076,-2.032832538,-2.006444709,-1.978425173,-1.953842249,-1.936235871,-1.921791929,-1.907283655,-1.895005845,-1.886966148,-1.890247517,-1.905794456,-1.921127366,-1.957878222,-1.991668368,-2.029877985,-2.058346442,-2.071474294,-2.055251979,-2.004998592,-1.934781066,-1.832317252,-1.735582721,-1.646792396,-1.576168599,-1.528650662,-1.497293513,-1.478859626,-1.482727459,-1.486249759,-1.509730443,-1.538844625,-1.58589917
10,-0.08941192124,-0.04993756129,-0.006530426817,0.04575354783,0.09457153076,0.1424177103,0.173571515,0.1880393673,0.179985772,0.1538784317,0.1122355384,0.06374236021,0.01672586985,-0.032442687,-0.07550916375,-0.117672379,-0.1520570087,-0.1891840374,-0.2169869201,-0.2395022643,-0.2577794507,-0.2642434819,-0.2665635835,-0.2614516938,-0.2548080548,-0.2383242691,-0.2187020636,-0.1901745289,-0.1481202769,-0.09414267253,-0.02469819694,0.05444938931,0.1321666549,0.2042585295,0.2524500018,0.2764708155,0.2776248346,0.2605029631,0.2387100438,0.2195804716,0.2152771166,0.2226550854,0.2462949747,0.2713705572,0.2876646705,0.2643969942,0.2005477939,0.09643930182,-0.02973977326,-0.1501411294,-0.2438335937,-0.2972962204,-0.3200024268,-0.3041374218,-0.2818839539,-0.2568715977,-0.2373687193,-0.2323574207,-0.2386058685,-0.2542202659,-0.2708656773,-0.2827856437,-0.2809439029,-0.26395447,-0.2379518599,-0.1950462571,-0.1490235593,-0.09480515349,-0.0220795184,0.06765931924,0.1934433605,0.3360506717,0.4553060528,0.4924763147,0.476617492,0.437146365,0.396289717,0.3605045798,0.3340054416,0.3185316781,0.3227397675,0.2379115456,0.04244597826,-0.1368388199,-0.2201390097,-0.3006111612,-0.3969190883,-0.4031068998,-0.3279095425,-0.3440617765,-0.6021699786,-0.8778082166,-0.9892153993,-1.162935044,-1.419559895,-1.513870426,-1.52199087,-1.532059541,-1.541868366,-1.538315477,-1.584598138,-1.579627838,-1.568547335,-1.566982815,-1.573341698,-1.579066977,-1.584645344,-1.586011299,-1.585271713,-1.58305313,-1.582086234,-1.580324822,-1.586063454,-1.592797659,-1.617780427,-1.65398057,-1.692415034,-1.74046104,-1.784666748,-1.832402554,-1.87825378,-1.919996648,-1.950142486,-1.971102984,-1.987065721,-1.987554011,-1.983255483,-1.969322192,-1.951949128,-1.931150692,-1.909379256,-1.884159502,-1.86261155,-1.843691059,-1.828836408,-1.812903126,-1.797609983,-1.786859921,-1.785403326,-1.795158409,-1.803354025,-1.830581481,-1.853646715,-1.881076983,-1.904489633,-1.914101128,-1.901635455,-1.859743396,-1.797413119,-1.705538816,-1.613177533,-1.524650838,-1.452076574,-1.400040515,-1.366599452,-1.346714945,-1.351788701,-1.354856474,-1.380264773,-1.411653543,-1.45944607
