子图3 热图矩阵（行=y，列=x）,-4,-3.95,-3.9,-3.85,-3.8,-3.75,-3.7,-3.65,-3.6,-3.55,-3.5,-3.45,-3.4,-3.35,-3.3,-3.25,-3.2,-3.15,-3.1,-3.05,-3,-2.95,-2.9,-2.85,-2.8,-2.75,-2.7,-2.65,-2.6,-2.55,-2.5,-2.45,-2.4,-2.35,-2.3,-2.25,-2.2,-2.15,-2.1,-2.05,-2,-1.95,-1.9,-1.85,-1.8,-1.75,-1.7,-1.65,-1.6,-1.55,-1.5,-1.45,-1.4,-1.35,-1.3,-1.25,-1.2,-1.15,-1.1,-1.05,-1,-0.95,-0.9,-0.85,-0.8,-0.75,-0.7,-0.65,-0.6,-0.55,-0.5,-0.45,-0.4,-0.35,-0.3,-0.25,-0.2,-0.15,-0.1,-0.05,0,0.05,0.1,0.15,0.2,0.25,0.3,0.35,0.4,0.45,0.5,0.55,0.6,0.65,0.7,0.75,0.8,0.85,0.9,0.95,1,1.05,1.1,1.15,1.2,1.25,1.3,1.35,1.4,1.45,1.5,1.55,1.6,1.65,1.7,1.75,1.8,1.85,1.9,1.95,2,2.05,2.1,2.15,2.2,2.25,2.3,2.35,2.4,2.45,2.5,2.55,2.6,2.65,2.7,2.75,2.8,2.85,2.9,2.95,3,3.05,3.1,3.15,3.2,3.25,3.3,3.35,3.4,3.45,3.5,3.55,3.6,3.65,3.7,3.75,3.8,3.85,3.9,3.95,4
0.5,0.0002347482514,0.0002566638456,0.0002618964219,0.0002683656615,0.000282355178,0.0002835106851,0.0002921050283,0.0002990967947,0.0003009737649,0.0003099699398,0.0003139453804,0.0003181296105,0.0003247510945,0.000327461866,0.0003326259139,0.0003372499409,0.0003399720795,0.0003456394928,0.0003494382346,0.0003532951292,0.0003581382071,0.0003617215959,0.0003662924044,0.0003706052115,0.0003741236146,0.000379233482,0.0003836068609,0.0003880253991,0.0003929800598,0.000397681939,0.0004029090711,0.0004080675426,0.0004128648504,0.000418864183,0.0004245353884,0.0004302974337,0.0004365823126,0.0004429007418,0.0004497849852,0.0004567597918,0.0004634374463,0.0004715417673,0.0004793891365,0.0004874809814,0.0004962758047,0.0005052672139,0.0005150029807,0.0005250219778,0.0005348509988,0.0005463417209,0.0005578033441,0.0005697248294,0.0005826222868,0.0005959419306,0.0006103479487,0.0006254022924,0.0006406277583,0.0006580004286,0.0006757133861,0.0006943660744,0.0007144150306,0.0007355655814,0.0007582606273,0.0007821521725,0.0008067565165,0.0008339400239,0.000862061423,0.0008915791046,0.0009229767413,0.0009556014165,0.0009899022918,0.001025277548,0.001060861958,0.001097877451,0.001133859717,0.001168498963,0.001201745468,0.001229524426,0.001252421874,0.001270084371,0.001267731442,0.001074399688,0.0008524266525,0.0006840166348,0.0007460448261,0.00117378529,0.001504285574,0.001686129046,0.001589218165,0.001012910009,0.0006370727362,0.0003366667551,0.0001174035031,-0.0001932517839,-0.0005422146683,-0.0009215351534,-0.001241302622,-0.001493469809,-0.001752534002,-0.001886974037,-0.00196819948,-0.001732799093,-0.001629852494,-0.001548738093,-0.001407852751,-0.001278846299,-0.0011578703,-0.00115245849,-0.001059934336,-0.0009889944549,-0.000911766582,-0.0008354368131,-0.0008122128348,-0.0007501186,-0.0007187936455,-0.0006510154395,-0.0005958559874,-0.000569955375,-0.0005445214209,-0.0005110482481,-0.0004652672207,-0.0004258111515,-0.0003978321403,-0.0003799528444,-0.0003641202058,-0.0003284566445,-0.0002926061218,-0.0002633237593,-0.000255885312,-0.0002442401607,-0.0002181463782,-0.0001881103845,-0.000157291107,-0.000151142815,-0.0001439865037,-0.0001320799211,-0.0001016299795,-7.06532109e-05,-6.043904398e-05,-6.007599445e-05,-6.046621768e-05,-2.724885222e-05,4.049954363e-06,2.323938332e-05,1.76579257e-05,1.211089908e-05,3.546260768e-05,7.060529775e-05,0.0001068075535,9.419577785e-05,8.258422977e-05,8.74560039e-05,0.0001308233144,0.0001764292475,0.0001745386728,0.0001518627846,0.0001317707801,0.0001874348974,0.0002400691673,0.0002635191996,0.0002323988275
0.6,0.0004668540861,0.0004953038745,0.0005011833843,0.0005089372059,0.0005267366751,0.0005277647726,0.0005387478846,0.0005476517104,0.0005500618303,0.0005618190862,0.0005672543417,0.000573073856,0.0005819538764,0.0005862711612,0.0005936030254,0.0006003031695,0.0006048282661,0.0006129845823,0.0006190286281,0.0006251793152,0.0006325109756,0.0006386605023,0.0006459444198,0.0006529836044,0.0006592170814,0.000667402661,0.0006748033878,0.0006823244804,0.0006903913623,0.0006985055992,0.0007072113371,0.0007157845845,0.0007241221236,0.0007338218376,0.000743339506,0.0007530397768,0.0007630512466,0.0007737850146,0.0007848655525,0.0007960049594,0.0008073135498,0.0008197198146,0.0008323853479,0.0008453885907,0.0008586320897,0.0008731791743,0.0008880663917,0.0009033336063,0.0009190998169,0.0009360601748,0.0009537233202,0.0009720241346,0.0009908331295,0.001011532557,0.001032893298,0.001055129955,0.00107831546,0.001103256158,0.00112951592,0.001156996751,0.001185755021,0.001217006621,0.001249739311,0.001284210665,0.001320245451,0.001359161918,0.001399857773,0.001442382725,0.001487192736,0.001534079043,0.001582959303,0.001633252489,0.001683792456,0.00173610703,0.001786941914,0.001835748505,0.001882379834,0.001921423572,0.001953470867,0.001978000564,0.00197482224,0.0017090347,0.001399539237,0.001164885849,0.001254014716,0.001860150468,0.002337213585,0.002607952071,0.002495464505,0.001722209968,0.001219430241,0.0008202821209,0.0005335435376,0.0001082639297,-0.0003729330773,-0.0008945022842,-0.00133420487,-0.001683173385,-0.002042279978,-0.002231909166,-0.002350352288,-0.002029644502,-0.001886260587,-0.001774765381,-0.001579754087,-0.001399777518,-0.001232011636,-0.001223105574,-0.001093861272,-0.0009941591878,-0.0008872631508,-0.000780948065,-0.0007465105405,-0.0006592378328,-0.0006155855104,-0.000520856621,-0.0004434133257,-0.0004067136043,-0.0003705668157,-0.0003228010692,-0.0002586471443,-0.0002039071532,-0.0001643678641,-0.0001386171709,-0.0001160395305,-6.607618812e-05,-1.586846666e-05,2.520653547e-05,3.587961727e-05,5.2044634e-05,8.837897139e-05,0.0001308303796,0.0001744659316,0.0001822893382,0.0001915554666,0.0002084497329,0.0002509211731,0.0002935734759,0.0003076781152,0.0003081178611,0.0003068113732,0.0003516436438,0.0003947082733,0.000420872045,0.0004127345053,0.0004048005478,0.000435515805,0.0004817303534,0.0005291982155,0.00051229595,0.000496694282,0.00050204587,0.000556995794,0.0006147396025,0.0006113929718,0.0005814312706,0.0005543973856,0.0006227750455,0.0006873574582,0.0007146249924,0.0006727098779
0.7,0.0005614545823,0.0005988413463,0.0006064766803,0.0006167063074,0.0006407728174,0.0006425463794,0.0006579127256,0.000670733991,0.0006747991411,0.0006921188041,0.0007008234904,0.0007102448986,0.0007242094412,0.0007319135965,0.000744115385,0.0007555846978,0.0007640975892,0.0007780302481,0.0007890446842,0.0008003643505,0.0008135332767,0.0008250411287,0.0008383476946,0.0008513742688,0.0008632802762,0.0008781626917,0.0008919566403,0.0009059663761,0.0009209368173,0.0009358623163,0.0009517694553,0.0009675501112,0.0009829247819,0.001000458608,0.001017575787,0.001034945914,0.001053028608,0.001071705086,0.001091130699,0.001110691659,0.001130066265,0.001151499825,0.001172887605,0.001194679204,0.00121727747,0.001240905443,0.001265428601,0.00129043541,0.001315537594,0.001342997129,0.001370845975,0.001399480648,0.001429342913,0.001460829471,0.001493709542,0.001527720231,0.001562465028,0.001600335046,0.001639355497,0.001679987467,0.001722694468,0.001768076632,0.00181579931,0.001865678479,0.001917188343,0.00197286674,0.002030525431,0.00209052041,0.00215353199,0.002219053402,0.002287159199,0.002356894478,0.002426743195,0.002498738828,0.002568502707,0.002635200432,0.002698583294,0.002751861481,0.002795428346,0.002828549481,0.002825235281,0.002480628837,0.002074863838,0.001769566387,0.001894483794,0.002712841672,0.00336793675,0.003749877664,0.003630753231,0.002645736799,0.002007156173,0.001500862841,0.001146820123,0.000591191012,-3.877361287e-05,-0.0007222950572,-0.001299130373,-0.001760637449,-0.002238383966,-0.002496728115,-0.002668273078,-0.002258103041,-0.002071587164,-0.001928502152,-0.001673639559,-0.00143656417,-0.001217021036,-0.001205138052,-0.001036210071,-0.0009042822318,-0.0007632840881,-0.0006231867478,-0.000577466548,-0.0004625724394,-0.0004044608346,-0.0002797206958,-0.0001776683779,-0.0001284030588,-8.011452012e-05,-1.690127892e-05,6.72235058e-05,0.0001392307219,0.0001919265944,0.0002269634302,0.000257680641,0.0003223547722,0.0003874537536,0.0004412585735,0.0004568350065,0.000479724945,0.0005267840677,0.000580144972,0.0006349405086,0.0006477348139,0.0006622187934,0.0006841962412,0.000736445696,0.0007892065185,0.000808084558,0.0008107701261,0.0008115451811,0.0008657907372,0.0009169856294,0.0009487505056,0.0009407954153,0.0009326554888,0.0009691812324,0.001023232786,0.001079031716,0.001058888232,0.001040350649,0.001045710058,0.001109086143,0.001176047654,0.00116955206,0.001131438584,0.001096931219,0.001174858619,0.00124755906,0.001275207993,0.001220057918
0.8,0.0003537690811,0.0004008396858,0.0004109293454,0.000424585141,0.0004559467803,0.000459783701,0.0004810222695,0.0004993840228,0.0005070256951,0.0005317537648,0.0005459998717,0.0005613864223,0.0005828128133,0.0005967507588,0.0006166120558,0.0006358316559,0.0006515245855,0.0006745266669,0.000694056782,0.0007141930353,0.0007369329929,0.0007578893765,0.0007813364267,0.0008046250345,0.0008266942737,0.0008528145651,0.0008777209418,0.0009030855996,0.0009298238146,0.0009567711621,0.0009850719753,0.001013344974,0.001041233939,0.00107197778,0.001102379049,0.001133170907,0.001164881179,0.001197615946,0.001231307817,0.001265203879,0.001299039139,0.001335477859,0.001371982306,0.001409032131,0.001447060043,0.001486603185,0.001527214272,0.001568425345,0.001609855774,0.001654161698,0.001699046844,0.00174491658,0.00179218746,0.001841710729,0.001892881074,0.001945435271,0.001998937709,0.002056306213,0.002115148233,0.00217595947,0.002239278243,0.002306045041,0.002375662876,0.002447927611,0.002522145876,0.002601609662,0.002683420374,0.002768033711,0.002856243693,0.002947549715,0.003041840394,0.003137838009,0.00323361866,0.003331746764,0.003426576762,0.003517001658,0.003602502154,0.003674794277,0.003733992767,0.003779031438,0.003777140333,0.003352920472,0.002848992338,0.002475077249,0.002652555863,0.003721692191,0.004589246332,0.005114886903,0.005005068591,0.003792684839,0.003015262925,0.002405625105,0.001978971742,0.00127685512,0.0004863527734,-0.0003782474815,-0.001113781808,-0.001705922401,-0.002324087744,-0.002672830235,-0.002923459359,-0.002425458485,-0.002195509515,-0.002021835108,-0.001704471119,-0.001406660888,-0.001132105944,-0.001118906512,-0.0009074703809,-0.0007417481582,-0.0005652894119,-0.0003894412739,-0.0003319888598,-0.0001872902482,-0.0001150276794,4.157930645e-05,0.0001695477237,0.0002318338514,0.0002927817202,0.0003725023846,0.0004774008838,0.0005668208472,0.0006333572562,0.00067833027,0.0007174125178,0.0007969172966,0.0008771619759,0.0009440137274,0.0009644131358,0.0009941344522,0.001051862253,0.001115848175,0.001181529298,0.001199108706,0.001218626147,0.001245355424,0.001306580318,0.001368477215,0.001391708619,0.00139642306,0.001398760015,0.001460798174,0.001518687862,0.001554827952,0.001546487784,0.001537645519,0.001578200142,0.001637431008,0.001698802993,0.00167487856,0.001652801352,0.001656318157,0.001724046332,0.00179606573,0.001784404649,0.001737232161,0.001694047431,0.001775334106,0.001850054772,0.001873318025,0.001803035111
0.9,-0.0004281266283,-0.0003755729346,-0.0003671599063,-0.0003537574543,-0.0003185054534,-0.0003154793455,-0.000290952403,-0.0002693806014,-0.0002600314374,-0.000229466766,-0.0002108960484,-0.0001903537648,-0.0001621686011,-0.0001420291681,-0.0001144214502,-8.707205559e-05,-6.331532928e-05,-3.029221417e-05,-8.095424255e-07,2.990120751e-05,6.411699206e-05,9.699836304e-05,0.0001332597957,0.0001698021036,0.0002053688871,0.0002463211271,0.0002862842211,0.0003272107165,0.0003700919453,0.0004138205928,0.000459511382,0.0005054769169,0.0005514200829,0.0006011554315,0.0006508305443,0.0007013612393,0.0007531393928,0.0008067641973,0.0008616633595,0.0009170349516,0.0009727643586,0.001031609533,0.001091000846,0.001151288809,0.001212558576,0.001276489479,0.00134150092,0.001407393475,0.001474122218,0.001543992412,0.001615088931,0.001687512916,0.001761290754,0.001838722021,0.001917750715,0.001998539438,0.002080934604,0.002167439718,0.002256298997,0.002347549738,0.002441432588,0.002540295506,0.002642151354,0.00274721435,0.002855027111,0.002968737163,0.003085572526,0.003205600869,0.003329563978,0.003457430642,0.003588384942,0.003721050701,0.003853043984,0.003987149981,0.004116655254,0.004239941993,0.00435612616,0.00445528691,0.004536973909,0.004599725464,0.004602559486,0.004107402481,0.003516519598,0.003090694443,0.003351024373,0.004726337266,0.00586197783,0.006572806991,0.006502187449,0.005074157674,0.00416607241,0.003457841437,0.002974057827,0.002125952246,0.001161423671,0.0001024858454,-0.0008045628205,-0.001545273401,-0.002326839392,-0.00279017563,-0.003153203112,-0.002574458914,-0.002302867406,-0.002101480971,-0.001720274833,-0.001358748085,-0.001027210807,-0.001015647364,-0.0007599215303,-0.0005594925161,-0.000347165839,-0.0001344848951,-6.561521248e-05,0.0001102062167,0.0001953439457,0.000385080395,0.0005397049592,0.0006145621351,0.0006877459752,0.0007843350187,0.0009105004356,0.001017001451,0.001097170081,0.00115157929,0.001198281567,0.001292772583,0.001388201256,0.00146787659,0.001491854652,0.00152706453,0.001594849017,0.001669607208,0.001746493279,0.001766757491,0.001789279162,0.001819797508,0.001889691877,0.001959965305,0.001986232265,0.00199126693,0.001992805188,0.002061105808,0.002124715174,0.002163867789,0.002153127811,0.002141616126,0.002183691693,0.002245344797,0.002309308516,0.002280244112,0.00225325138,0.002252380775,0.00231919448,0.002390677843,0.002371747972,0.002315127143,0.002262114539,0.002337999038,0.002406542738,0.002419561555,0.002333256921
1,-0.002264272635,-0.00222968041,-0.002246340827,-0.002256074959,-0.00223857285,-0.002258229551,-0.002251146225,-0.002246447326,-0.002255386839,-0.002237472252,-0.002232894478,-0.002224893865,-0.00220653711,-0.002196668467,-0.00217663796,-0.002155831505,-0.00213833413,-0.002108285951,-0.002081502121,-0.002052162824,-0.002017472956,-0.001983237945,-0.001943854498,-0.001903133989,-0.001862583081,-0.001814276165,-0.001766178053,-0.001715932774,-0.001662310556,-0.001606517015,-0.001547396653,-0.001486995099,-0.001425761195,-0.001358777986,-0.001290982143,-0.001221357083,-0.001149274425,-0.001074076057,-0.0009964467822,-0.0009174408731,-0.0008373912844,-0.0007523760763,-0.0006661531945,-0.000578158286,-0.0004879934499,-0.0003941816285,-0.0002981227795,-0.0002003675149,-0.0001013981199,2.62893665e-06,0.0001083590428,0.0002162213466,0.0003266263916,0.0004414921456,0.0005591509328,0.0006794046991,0.0008016809805,0.0009300697566,0.001061277051,0.001195769559,0.001334076054,0.0014783434,0.001626819164,0.001779374586,0.001935044557,0.002098455088,0.002265408344,0.002436265418,0.00261191768,0.002792116615,0.002975870132,0.003161295838,0.003345363612,0.003531479305,0.003711147214,0.00388228257,0.004043548608,0.004182885964,0.004299133035,0.004389915867,0.004404038686,0.003863970635,0.003225619307,0.002801238053,0.003216510719,0.00499906417,0.006505451427,0.007498233775,0.007550451452,0.005965457904,0.004987790286,0.004239102232,0.003756985296,0.002800115346,0.001694392129,0.0004634918552,-0.0005991862613,-0.001478003176,-0.002422563453,-0.00300660669,-0.00350523552,-0.002851237033,-0.002535694426,-0.002305966844,-0.001856081507,-0.001424351344,-0.001031146783,-0.001021824864,-0.0007191637697,-0.0004809395422,-0.0002288365223,2.393839251e-05,0.0001038159232,0.0003126268625,0.0004119342796,0.0006370892124,0.0008196643569,0.0009082012372,0.0009942497063,0.001107991717,0.001256002604,0.001380307335,0.001474827805,0.001539258457,0.001594014609,0.001702610887,0.001812437671,0.001904717678,0.001932944016,0.001974867093,0.002051907785,0.002134394691,0.002219214191,0.002244521519,0.002272140696,0.002305265746,0.002379825687,0.002455147775,0.002484087315,0.002490602507,0.00249342407,0.002563732206,0.002627350905,0.00266643219,0.002655219183,0.002642378427,0.002682474409,0.002740882224,0.00280209371,0.002768244275,0.002736721358,0.002729715597,0.002789398394,0.002854311514,0.00282530722,0.00275825167,0.002694513524,0.002757818373,0.002812780537,0.002809735964,0.002704885649
1.1,-0.005429391388,-0.005490464568,-0.005609635537,-0.005719515506,-0.005796369052,-0.005914698591,-0.006000426304,-0.006087304144,-0.00618846153,-0.006256300413,-0.006337955505,-0.006413791349,-0.006475567057,-0.006545128592,-0.006600777831,-0.006653501947,-0.006708076663,-0.006745419768,-0.006784480933,-0.006818361326,-0.006843718966,-0.006867075031,-0.006882055232,-0.00689318255,-0.006902211147,-0.00689940193,-0.006894500143,-0.006884717393,-0.006868543313,-0.006847114125,-0.006819357009,-0.006787724944,-0.006752742347,-0.006708205145,-0.006660378947,-0.00660799702,-0.006550335419,-0.006486305149,-0.006417049945,-0.00634386651,-0.006267161242,-0.006181918144,-0.006092990857,-0.005999732618,-0.005901684047,-0.005796756718,-0.00568700197,-0.005573110817,-0.005455629355,-0.005329722478,-0.005199736743,-0.005065172995,-0.004925619012,-0.004778397174,-0.004625937706,-0.004468515351,-0.004306881535,-0.004135789844,-0.003959578941,-0.003777760362,-0.0035897253,-0.003392615249,-0.003188955059,-0.002978987259,-0.002763875129,-0.00253792902,-0.002306518147,-0.0020693572,-0.00182562215,-0.001575160948,-0.001319918867,-0.001062253933,-0.000805822595,-0.0005470396699,-0.0002960707709,-5.596733947e-05,0.0001710392405,0.0003706543071,0.0005399444831,0.0006751282197,0.0007109168682,0.0001742376804,-0.0004231556255,-0.0007218731431,1.253365349e-05,0.002411211546,0.004508023005,0.006012644518,0.006408328229,0.004859249702,0.004015102766,0.003432523222,0.003139957388,0.002241108755,0.001158167093,-0.0001014236468,-0.001195007333,-0.002096925423,-0.0031053154,-0.003729303204,-0.004299533078,-0.003542942538,-0.003155698613,-0.002875120113,-0.002333236527,-0.001808246811,-0.001333196355,-0.001312194242,-0.0009456617197,-0.0006548936888,-0.0003495403913,-4.360346046e-05,5.795295181e-05,0.0003110808654,0.0004327820211,0.0007033007837,0.0009223012959,0.001031769443,0.001137212433,0.001274842345,0.001450861087,0.001597756575,0.001711721416,0.001790889885,0.001857514327,0.001983764371,0.002111357592,0.002219364175,0.002254385519,0.002305442895,0.002393858589,0.002485690269,0.002579881324,0.002611735088,0.002645804701,0.002682523672,0.00276205897,0.00284240483,0.002874576553,0.002883291388,0.002887762134,0.002958984762,0.003021555343,0.003059820489,0.003048267612,0.003034199758,0.003070656958,0.00312328505,0.0031790146,0.003140355108,0.003104222911,0.00308966284,0.00313779168,0.003191563208,0.003151014169,0.003073645745,0.002998785352,0.003042449509,0.00307738002,0.003053710879,0.002929677488
1.2,-0.007079856457,-0.007344559131,-0.007677430981,-0.008000928452,-0.008287402262,-0.00862253678,-0.008920621885,-0.009220345645,-0.009536700767,-0.009814440767,-0.01010781267,-0.01039393021,-0.01066304299,-0.01094012173,-0.01119996084,-0.01145506864,-0.01171083959,-0.01194467812,-0.01217862646,-0.01240452584,-0.01261828486,-0.01282700821,-0.01302346472,-0.01321273042,-0.01339679034,-0.01356363085,-0.01372499012,-0.01387745306,-0.014019197,-0.01415085182,-0.01427160521,-0.01438422706,-0.01448922074,-0.01457867696,-0.01466039921,-0.01473283978,-0.01479515235,-0.01484521444,-0.01488506154,-0.01491613927,-0.0149388039,-0.01494662709,-0.01494574844,-0.01493543402,-0.01491527701,-0.0148817537,-0.01483828583,-0.01478556058,-0.01472405623,-0.01464772282,-0.01456200178,-0.01446649448,-0.01436092655,-0.01424088153,-0.01411051638,-0.01396996144,-0.01381995763,-0.01365412669,-0.01347779509,-0.01329065505,-0.01309227461,-0.01287800427,-0.0126522133,-0.01241504044,-0.01216774012,-0.01190343114,-0.01162886049,-0.01134402951,-0.01104826571,-0.01074047227,-0.01042425402,-0.01010248175,-0.009779577767,-0.00945141727,-0.009130611487,-0.008821303471,-0.008526771308,-0.008263800308,-0.008037695639,-0.007854165118,-0.007794740383,-0.00831959209,-0.008817785272,-0.008878080613,-0.007650911641,-0.004389331311,-0.001426286487,0.0008748753701,0.001907488019,0.0006858195496,0.0002653190998,0.0001361289177,0.000332692017,-0.0002332858383,-0.001043244449,-0.002092369304,-0.002989172948,-0.003708154627,-0.004595354252,-0.005083018016,-0.00552707493,-0.004558593962,-0.004040725708,-0.003657634283,-0.002971685578,-0.002310663807,-0.001713933398,-0.001651209408,-0.00118897503,-0.0008160315541,-0.0004304396955,-4.600328385e-05,9.793717217e-05,0.0004162809242,0.0005774203902,0.0009117215116,0.001183443959,0.001326666374,0.001463107104,0.001635929131,0.001850833574,0.002029353092,0.002170514898,0.002270774326,0.002354648835,0.002504466695,0.00265493357,0.002782843756,0.002826952538,0.002888889622,0.002990835405,0.003094320382,0.003199943477,0.003237831326,0.003277512266,0.003317387927,0.003401973682,0.003486827974,0.003520788178,0.003529580587,0.003533038769,0.003602907271,0.003662166067,0.00369696994,0.003681979714,0.003663323611,0.003691854546,0.003734095864,0.003779454333,0.003732458665,0.003688111649,0.003661324777,0.003690089134,0.003724423114,0.00366753939,0.003576872999,0.00348686472,0.00349885816,0.003502591488,0.00344932735,0.003301928691
1.3,-0.002297124983,-0.002646190511,-0.003077642577,-0.003504633199,-0.003895856408,-0.004348074048,-0.004764108525,-0.005187253434,-0.005634214461,-0.006043216302,-0.00647446225,-0.006901997095,-0.007314609694,-0.007740673584,-0.008151021621,-0.008559535385,-0.008972011341,-0.009363191235,-0.009757183422,-0.01014455703,-0.01052059649,-0.01089305248,-0.01125344888,-0.01160726863,-0.01195639114,-0.01228729004,-0.01261267027,-0.01292855769,-0.01323272451,-0.01352543882,-0.01380577311,-0.0140766143,-0.01433827318,-0.01458157771,-0.01481516048,-0.01503719425,-0.01524658732,-0.01544033874,-0.01562102185,-0.0157900697,-0.01594770983,-0.01608619534,-0.01621266276,-0.01632622684,-0.01642627197,-0.01650823938,-0.01657633868,-0.01663127416,-0.01667362526,-0.01669561848,-0.01670412798,-0.01669853636,-0.01667833694,-0.01663810968,-0.01658283688,-0.0165127124,-0.01642870149,-0.01632241073,-0.01620092145,-0.01606369854,-0.01591003637,-0.01573431025,-0.01554176813,-0.01533270801,-0.0151088055,-0.01486106239,-0.01459823229,-0.01432021248,-0.01402618343,-0.01371438458,-0.01338956238,-0.01305519772,-0.0127164925,-0.01236796228,-0.01202501892,-0.01169250432,-0.01137430398,-0.01108882962,-0.01084307617,-0.0106437589,-0.01058280313,-0.01123666811,-0.0118341099,-0.01187950044,-0.010389904,-0.006488480862,-0.002886729802,-2.376797278e-05,0.001400926348,0.0002436098023,-1.352783413e-05,5.118555239e-05,0.0004854416552,-9.165319237e-06,-0.0008065619536,-0.001904592754,-0.002854941972,-0.00363964844,-0.004663788925,-0.005260292486,-0.005804422124,-0.004631194505,-0.004030331455,-0.003582789409,-0.002777901709,-0.002011731719,-0.001319001837,-0.001246088817,-0.0007144694368,-0.0002821968916,0.0001629694512,0.0006057709769,0.0007675381169,0.00113144492,0.001311819528,0.00169234999,0.00199954557,0.002157239524,0.002306211959,0.002496347393,0.002733304257,0.002927585537,0.003079354103,0.003183967113,0.003268679246,0.003425797871,0.003583571576,0.003716074886,0.003753813879,0.003812244838,0.003912651475,0.004011487516,0.004112357809,0.004143542439,0.004176182881,0.004204468054,0.004278055844,0.00435221126,0.004374367945,0.004370586151,0.004361336017,0.004414407827,0.004453772628,0.004470351415,0.004440549009,0.004405541262,0.004411114031,0.004426789368,0.004445879317,0.004378013701,0.004313000724,0.004260343856,0.004252711265,0.004250611929,0.004162597719,0.004045167471,0.003926166349,0.003887533236,0.00384132294,0.003740540659,0.003553887452
1.4,0.005470690017,0.00527831661,0.004991689233,0.004702765461,0.004444402545,0.004113484443,0.003813274374,0.003498007983,0.003150051239,0.002833610379,0.002486151221,0.002135065244,0.001792143005,0.001426908011,0.001070869971,0.000709588001,0.0003371744862,-2.051150947e-05,-0.0003877618289,-0.0007545555517,-0.001115755746,-0.001479843021,-0.001837184983,-0.002193252026,-0.002549787406,-0.002892933539,-0.003235192241,-0.003572223148,-0.003901495969,-0.004223334417,-0.004536239661,-0.004843014318,-0.005143768819,-0.005428857746,-0.005706897602,-0.005975762545,-0.006234065175,-0.006478660987,-0.00671180369,-0.006934905936,-0.007148105831,-0.007342815253,-0.007526573929,-0.007698181517,-0.007856772646,-0.007997403783,-0.008124278156,-0.008238097835,-0.008339344651,-0.00841933158,-0.008485408467,-0.00853677122,-0.008572725961,-0.008587057696,-0.008585180802,-0.008567186771,-0.008534004631,-0.008476083414,-0.008401157022,-0.008308544728,-0.008197432785,-0.008060899802,-0.007905144757,-0.007730311619,-0.007538018345,-0.00731800639,-0.007079986571,-0.00682385162,-0.006548799686,-0.006251761709,-0.005938913719,-0.005613899939,-0.005282348873,-0.004937814722,-0.004597612933,-0.004267210339,-0.003951186571,-0.003667956683,-0.003426711275,-0.003234316642,-0.00318851638,-0.004162598907,-0.005147573944,-0.005536105424,-0.00419743516,-0.0001123866717,0.003651325987,0.006583181668,0.007883876107,0.006246020252,0.005608553565,0.005325477329,0.005448109673,0.00447156583,0.003146794544,0.001462726254,-7.37202384e-05,-0.00144748586,-0.003135095148,-0.00437926224,-0.00563140293,-0.004425744523,-0.003862329314,-0.003454372805,-0.002615494569,-0.001818017258,-0.001098857975,-0.001085977897,-0.0005459748322,-0.0001090575736,0.0003448260675,0.000798238452,0.0009295150136,0.001296449204,0.001454626694,0.001845798449,0.002154511416,0.002292214389,0.002421336566,0.002599485257,0.002832048479,0.003016898724,0.003154793466,0.003239968836,0.003302487071,0.003447180763,0.003593857316,0.003713014799,0.003725563182,0.003763150767,0.003846643354,0.003926404839,0.004008888216,0.00401906911,0.00403109568,0.004035000809,0.00408626439,0.004139036,0.004138487718,0.004111303327,0.004078926298,0.004106134498,0.00411689812,0.004106741746,0.004053684526,0.003994402129,0.003969326476,0.003951199963,0.003937075335,0.003842024796,0.003750440681,0.003666253294,0.003615602132,0.003570771386,0.003447081205,0.003299544844,0.003147889809,0.003051919935,0.00295041707,0.002797860669,0.00256983804
1.5,0.01278772918,0.01288172153,0.01287382413,0.01285577566,0.01285922921,0.01278087106,0.01272308665,0.01264021657,0.01251498894,0.01240849624,0.01226074741,0.01209829348,0.01193226787,0.01173213752,0.01152926002,0.01130983986,0.01106846394,0.01082846341,0.01056825068,0.01029748259,0.01002107362,0.009730328997,0.009435516311,0.009131750375,0.008817834446,0.008505860483,0.008185653831,0.007861514917,0.007536006673,0.007208670707,0.006881815554,0.0065530929,0.006222997709,0.005900136361,0.005577631997,0.005257703594,0.004941857406,0.004633474636,0.004330793451,0.004032839346,0.003740022028,0.003460440262,0.003187801268,0.002923405634,0.002668219542,0.002427926234,0.002198288754,0.001979081733,0.001770272328,0.001580635178,0.001403511945,0.001239810859,0.00109031556,0.0009625498214,0.0008504983723,0.0007545824409,0.000674218486,0.0006196396622,0.0005833162811,0.000566016129,0.0005686173991,0.0005999446138,0.0006525843786,0.0007268983122,0.0008215481677,0.0009480219607,0.001096024208,0.001265606612,0.001457689304,0.001677186419,0.001916230643,0.002171185641,0.00243622433,0.002719175014,0.003000840064,0.00327528267,0.003537406486,0.003770323525,0.003962470986,0.004107619534,0.00410894891,0.002514974899,0.0007917768511,-0.0002916121249,0.0005644104235,0.004554149259,0.008254877224,0.01107072068,0.01210852497,0.009891013284,0.008805567572,0.00813725969,0.007956207449,0.006507091447,0.004673970358,0.002439393718,0.0003634655747,-0.001554757845,-0.003871513434,-0.005733668467,-0.007669119317,-0.006452081079,-0.005929029224,-0.005563570946,-0.004687353826,-0.003851574172,-0.003100322173,-0.003147146903,-0.002592835077,-0.002144474841,-0.001674849096,-0.001203284305,-0.001098112169,-0.0007207846457,-0.0005791191855,-0.00016776901,0.0001514602353,0.000275539588,0.0003913710277,0.0005657281569,0.0008036008127,0.0009884881661,0.001120926776,0.001194269421,0.00124211296,0.001384695923,0.00153085825,0.001646572896,0.00164138674,0.001666172253,0.001742749684,0.001814318704,0.001889639077,0.001886836883,0.001886495355,0.001875254989,0.001915522919,0.001958450287,0.001944851991,0.00190304047,0.001856488146,0.001869517398,0.001863506102,0.001837914846,0.001771702452,0.001698512222,0.001654147189,0.001614771648,0.001580252475,0.001470094049,0.001364542372,0.001262294302,0.001181655704,0.001107527729,0.000963628543,0.0008030464675,0.0006354956862,0.0004963332762,0.0003557869548,0.0001695346964,-7.855397396e-05
1.6,0.01921026507,0.01966882657,0.02002328618,0.02035744832,0.02069781857,0.02094935914,0.02120361139,0.02141870873,0.02157926437,0.02173525061,0.02183599649,0.02190397704,0.02194767906,0.0219391006,0.02190599859,0.02183672206,0.02172715847,0.02159303727,0.02141993253,0.02121556456,0.0209835973,0.02071562741,0.02042173103,0.02009854746,0.0197460529,0.01937100901,0.01896911795,0.01854389751,0.01809748884,0.01762916962,0.01714242519,0.0166361676,0.01611203186,0.01557507926,0.01502318107,0.01445839938,0.01388228977,0.01329826544,0.01270591639,0.01210542518,0.0114982981,0.01089070186,0.01027984149,0.009667185868,0.009054079044,0.008446870943,0.007842283151,0.007241122376,0.006644252497,0.006060266765,0.005484471373,0.004918213521,0.004362810335,0.003827319928,0.003305902014,0.002799926968,0.002309480977,0.001846284453,0.001403172183,0.0009814427405,0.0005826430509,0.0002180058381,-0.0001206854969,-0.0004323329819,-0.0007179303012,-0.000962993471,-0.001179207513,-0.001365973602,-0.001521684371,-0.001638544354,-0.001726142571,-0.00178785952,-0.001829502913,-0.001838887831,-0.001838470519,-0.001833214488,-0.001827394736,-0.001831383896,-0.001857592227,-0.001907328816,-0.002048820407,-0.004909705681,-0.00810527613,-0.01055566267,-0.01071012861,-0.007114218141,-0.003586457742,-0.0008011873389,0.0002568941908,-0.002083817899,-0.002994560242,-0.003283471021,-0.002866787518,-0.003837346511,-0.005162083246,-0.00688671461,-0.008402365066,-0.009752213219,-0.0115981736,-0.01293977038,-0.01426257676,-0.01279658531,-0.01213521769,-0.01165793364,-0.01061041876,-0.009615273131,-0.008713815188,-0.008713384543,-0.008037710771,-0.007484494449,-0.00690930753,-0.006332271393,-0.006172367829,-0.005703602219,-0.005505910638,-0.005003444662,-0.004606054261,-0.004431728065,-0.004267572984,-0.004037723723,-0.00373893118,-0.003500219784,-0.003321645015,-0.003210432994,-0.003129088418,-0.002943792636,-0.002753864295,-0.002598661274,-0.002580897072,-0.002528313657,-0.002419922848,-0.002320160702,-0.002216184852,-0.002195900384,-0.002172967156,-0.002166180303,-0.002105074525,-0.002039810157,-0.002034987861,-0.002060312386,-0.002089194047,-0.002060853563,-0.002055356416,-0.002067457524,-0.002116742342,-0.002174020582,-0.002209429496,-0.002241783455,-0.002267943436,-0.002364203797,-0.002454142316,-0.002544252858,-0.002625593232,-0.002698969283,-0.002832045022,-0.002973291774,-0.003123937169,-0.003273587631,-0.003418561902,-0.003602787862,-0.003833537975
1.7,0.01887263615,0.01978745088,0.02061312035,0.02141617348,0.02221347796,0.02292996798,0.02363289347,0.02428850815,0.02488466305,0.02545295454,0.02595756072,0.02641291363,0.02682278739,0.0271651388,0.02745896116,0.02769588627,0.02787312878,0.02799531905,0.02805716014,0.02806266639,0.02801313848,0.0279006383,0.02773353823,0.02751013896,0.02723135612,0.02689610066,0.02650741487,0.02606715904,0.0255764771,0.02503328905,0.02444255566,0.02380441072,0.0231214844,0.02239328874,0.02162393199,0.0208150159,0.01996802588,0.0190848799,0.01816788574,0.0172183751,0.01623887165,0.01523242351,0.01420106875,0.01314663993,0.01207104303,0.01098009087,0.009873102681,0.008752114115,0.007619102221,0.006481900627,0.005339082542,0.0041928353,0.003045411408,0.001907065849,0.0007734328691,-0.0003527550209,-0.001470255277,-0.002565734563,-0.003644950839,-0.004705505928,-0.005744772573,-0.006748229391,-0.007724455201,-0.008670945916,-0.009587510808,-0.0104560174,-0.01128875841,-0.01208407817,-0.01283922256,-0.01354122401,-0.01420195835,-0.01482347158,-0.01541031937,-0.01594398583,-0.01644937484,-0.01692913781,-0.0173852967,-0.01781387535,-0.01822716956,-0.01861450974,-0.01898469028,-0.02385228142,-0.02946881152,-0.03428728506,-0.03637398041,-0.03387947138,-0.03105053822,-0.0285814279,-0.027534165,-0.02978199401,-0.03004537005,-0.02925305844,-0.02734067129,-0.02682830083,-0.0265232726,-0.02654290912,-0.02624491224,-0.02573240903,-0.02580723893,-0.02528342404,-0.02447051653,-0.02235769187,-0.02129056349,-0.0204693649,-0.01904442354,-0.01771125107,-0.01648848823,-0.0162866744,-0.01533940326,-0.01454682809,-0.01373919462,-0.01293492435,-0.01260763358,-0.01193802367,-0.01158564544,-0.01089606503,-0.01032984196,-0.01002235747,-0.009730820582,-0.009369460401,-0.008938634179,-0.008579183659,-0.008291450093,-0.00808271548,-0.007911186285,-0.007629414673,-0.007343505618,-0.007099350973,-0.007013649858,-0.006889461763,-0.006706266711,-0.006537067044,-0.006364205957,-0.006284759406,-0.006203237599,-0.00614415664,-0.006027734451,-0.005906355039,-0.005852300343,-0.005832039978,-0.005814430892,-0.005740813038,-0.005694533728,-0.005665209766,-0.005671917193,-0.005687906447,-0.005687986507,-0.005686038039,-0.005676722673,-0.005735390496,-0.005785890636,-0.005838540086,-0.005894014731,-0.005939913286,-0.006036595379,-0.00613297935,-0.006241385917,-0.006373419234,-0.006492827797,-0.006645288808,-0.006829404249
1.8,0.0006166128415,0.001719548568,0.002769012262,0.003817573613,0.004875244583,0.005885580941,0.006894269141,0.007873830426,0.008814020207,0.009736427296,0.01061214027,0.01144938285,0.01224849438,0.01299389579,0.01369502948,0.01434506639,0.01494118514,0.01548366689,0.0159688142,0.0163976676,0.0167695096,0.01707822226,0.01732792608,0.01751701111,0.01764606195,0.01771100732,0.01771585015,0.01766080234,0.0175456474,0.01736846809,0.01713243439,0.01683755498,0.01648636905,0.01607565905,0.01561104623,0.01509310694,0.01452247513,0.01390058839,0.01322938752,0.01251023864,0.01174578859,0.0109366915,0.01008694595,0.009197851234,0.008270893169,0.007311360732,0.006319024525,0.005296204737,0.004245170523,0.00317207269,0.002077555263,0.0009636685662,-0.0001673541262,-0.001305254863,-0.002453763944,-0.003609555909,-0.004771050891,-0.005925394852,-0.007076644854,-0.008222213711,-0.009359200526,-0.01047209527,-0.01156926596,-0.01264742205,-0.0137058404,-0.01472569724,-0.01571846987,-0.01668211395,-0.01761333487,-0.01849720851,-0.0193460139,-0.02016094568,-0.02094578836,-0.02167933184,-0.02238639239,-0.02306791382,-0.02372357617,-0.02434055368,-0.02492759906,-0.02546271513,-0.02591676577,-0.03215171481,-0.03963399811,-0.04649143831,-0.05042964663,-0.04917764403,-0.04737795707,-0.04570424544,-0.04525394049,-0.0480493868,-0.04834039781,-0.04714425383,-0.0443930613,-0.04303996916,-0.041730099,-0.04063316245,-0.03908709361,-0.03723650206,-0.03602345703,-0.03409603074,-0.03165671324,-0.02903023619,-0.02763924241,-0.02654998889,-0.02481256689,-0.02319428312,-0.02170500906,-0.02135653035,-0.02018514305,-0.01919378974,-0.01819112005,-0.01719477139,-0.01673635795,-0.0158979251,-0.01541992261,-0.01456606221,-0.01385286178,-0.01343623575,-0.01303997431,-0.01256574226,-0.01201685956,-0.01155004719,-0.01116754661,-0.01087609084,-0.01062835799,-0.01025757925,-0.009882083464,-0.009556028282,-0.0094127306,-0.009226067333,-0.00897245778,-0.008735755974,-0.00849500705,-0.008363174014,-0.008229040207,-0.008121130164,-0.007948029847,-0.007768736532,-0.007667603485,-0.007605747386,-0.007545263714,-0.0074231979,-0.007332792999,-0.007260587855,-0.007227264627,-0.007204399333,-0.007167649304,-0.007127262727,-0.007078425127,-0.007101440165,-0.007114402443,-0.007128978828,-0.007155099817,-0.007170433923,-0.007229953721,-0.007281585877,-0.007348962281,-0.00746080697,-0.007550810374,-0.007668999139,-0.007805714437
1.9,-0.02943041688,-0.0285664315,-0.02773679132,-0.0268804842,-0.02598157274,-0.0251078943,-0.02420165298,-0.02329633098,-0.02240616191,-0.02149497297,-0.02060574953,-0.01972572635,-0.01885155782,-0.01800278122,-0.01716590986,-0.01635127951,-0.01556400428,-0.01479325522,-0.01405336591,-0.01334090635,-0.01265520864,-0.01200203189,-0.01137805818,-0.01078707525,-0.0102299717,-0.009702900281,-0.009210555583,-0.008751830127,-0.008326646938,-0.007934661217,-0.00757619522,-0.007252961435,-0.006963606429,-0.006705682161,-0.006480937055,-0.006288949101,-0.006129658308,-0.005999166233,-0.005900149685,-0.005832817371,-0.005795783113,-0.005785102579,-0.005802590134,-0.0058479014,-0.005920674421,-0.006014279212,-0.006133220485,-0.006276732172,-0.006444092174,-0.006628067668,-0.006832143249,-0.007055559254,-0.007297484356,-0.007548251391,-0.007814311271,-0.008093881331,-0.008387181431,-0.008682447433,-0.008985841681,-0.009296197315,-0.009611959489,-0.009920633139,-0.01023101524,-0.01054146299,-0.01085334293,-0.01115077463,-0.01144560596,-0.01173713362,-0.01202313121,-0.0122946659,-0.01256161152,-0.01282713324,-0.01309766064,-0.0133557563,-0.01362583619,-0.01390973744,-0.014206348,-0.01451274776,-0.01482975367,-0.01513515654,-0.01542274561,-0.02145298236,-0.02924699032,-0.03690335229,-0.04189157256,-0.04157779325,-0.04087903604,-0.04041660623,-0.04125068718,-0.0454883409,-0.04685629369,-0.04641832967,-0.04406021688,-0.04314557509,-0.04214621605,-0.04127085273,-0.03983593455,-0.03802173531,-0.03690761903,-0.03502126198,-0.03264432307,-0.03011960302,-0.0287981117,-0.02778160878,-0.02602792528,-0.02437368862,-0.02285656247,-0.02258313103,-0.02139169468,-0.02038259412,-0.01935132023,-0.01832031528,-0.01788337131,-0.01701502268,-0.01653732436,-0.01563278558,-0.01487852091,-0.01445545792,-0.01405021969,-0.01354985699,-0.01295865069,-0.01245338296,-0.01204348407,-0.01173383657,-0.01146989986,-0.01105894315,-0.0106384736,-0.01027325466,-0.01011615155,-0.009906539037,-0.009615402163,-0.009340474186,-0.009058706577,-0.008902905711,-0.008742575293,-0.008609932429,-0.008398728224,-0.008177823259,-0.008048197595,-0.007963873246,-0.007877763352,-0.007718439706,-0.007595252276,-0.007491826148,-0.007431752955,-0.0073830507,-0.007318920337,-0.007246818575,-0.007164714926,-0.007163198932,-0.007149465872,-0.007133925842,-0.007135013665,-0.007124113709,-0.007153902635,-0.007169478112,-0.007204933613,-0.007298958343,-0.00736134954,-0.007449108861,-0.007545518276
2,-0.05542131645,-0.05444672426,-0.05349219681,-0.05247776094,-0.05137999422,-0.05030889057,-0.04917591826,-0.04803577629,-0.04691595291,-0.04576009788,-0.04463960715,-0.04353381743,-0.04243592317,-0.04138789718,-0.04035812626,-0.0393658212,-0.03842136909,-0.03750501296,-0.03664041892,-0.035818485,-0.03503463727,-0.03430489775,-0.03361287654,-0.0329645197,-0.03236129182,-0.03179143917,-0.03126244641,-0.0307679066,-0.03030319406,-0.02986951063,-0.02945935604,-0.02907389573,-0.02871052787,-0.02835656284,-0.02801756308,-0.02768869632,-0.02736593475,-0.02704123038,-0.02671584798,-0.02638942685,-0.02605976625,-0.0257109423,-0.02535276737,-0.02498226719,-0.02459694797,-0.02418381143,-0.02375191824,-0.02330135841,-0.02283227889,-0.02232661805,-0.02179915477,-0.02124891777,-0.02067528449,-0.02006360617,-0.01942835976,-0.01877033939,-0.01809265232,-0.01737683922,-0.01664079773,-0.01588539004,-0.01511130349,-0.01430575544,-0.0134851353,-0.01265192463,-0.01181220559,-0.01094957749,-0.01008520617,-0.009221977391,-0.008360818403,-0.007500858318,-0.00665450533,-0.005830712865,-0.00504324513,-0.004279854022,-0.003572277706,-0.002927357922,-0.002345974279,-0.001853189918,-0.0014446809,-0.001113864206,-0.0009604431426,-0.005264352077,-0.01205496846,-0.01974754706,-0.02569356044,-0.02690079563,-0.02841127758,-0.0306413277,-0.0344270215,-0.04178864209,-0.04575539014,-0.04733461847,-0.04630858863,-0.04649391091,-0.04617236468,-0.04565109524,-0.0442626081,-0.04227468143,-0.04097497232,-0.03879243951,-0.03604150178,-0.03338438068,-0.032023129,-0.03096805265,-0.0290716823,-0.0272813966,-0.02564102814,-0.02536067679,-0.0240714368,-0.02295829422,-0.02181552535,-0.02067294765,-0.0201938079,-0.01923139658,-0.01868953147,-0.01766808394,-0.01680868239,-0.01632895021,-0.01586609686,-0.01529017731,-0.01460497679,-0.01401075836,-0.01353112428,-0.01316552236,-0.0128492709,-0.01235692269,-0.01185097439,-0.01141025902,-0.01121038589,-0.01094955215,-0.01058918054,-0.01024366271,-0.009889372323,-0.009686647105,-0.009477834133,-0.009297573738,-0.009021502215,-0.008733010267,-0.008554784407,-0.00843115182,-0.00830309074,-0.00808411462,-0.00790685868,-0.007753824758,-0.007653747312,-0.007566791306,-0.007458762085,-0.007336188725,-0.007202732319,-0.00716628243,-0.007116063854,-0.007057848889,-0.00701643041,-0.006962398298,-0.006950340945,-0.006920086186,-0.006914286388,-0.006972083608,-0.006988011011,-0.007028890146,-0.007072724504
2.1,-0.06778745242,-0.06769232393,-0.06745246871,-0.06699694856,-0.06631327811,-0.06549479374,-0.06448795998,-0.06335347414,-0.062125975,-0.06075910059,-0.05933859799,-0.05785880124,-0.05632673255,-0.05478368767,-0.05322228335,-0.05166900411,-0.05014195851,-0.04863587957,-0.04717912995,-0.04577244041,-0.04441956764,-0.04314246964,-0.04193144553,-0.0407952277,-0.03973807,-0.03876011517,-0.03786286618,-0.03704265324,-0.03629652436,-0.03563009525,-0.0350311569,-0.03449887837,-0.03402863384,-0.03361249543,-0.03324611302,-0.03292233011,-0.03263421767,-0.03237223598,-0.03213067881,-0.03190473198,-0.0316877878,-0.03146033983,-0.03122585469,-0.03097723506,-0.03070777034,-0.0303969587,-0.03005179584,-0.02966839218,-0.029243201,-0.02874914963,-0.02820236536,-0.02759921046,-0.0269366583,-0.02619022939,-0.02537988418,-0.02450515724,-0.02356866461,-0.02254276361,-0.02145382399,-0.02030327503,-0.01909269354,-0.01780266669,-0.01645978365,-0.0150687927,-0.01363895081,-0.01214960155,-0.01063318445,-0.009096234098,-0.007543132028,-0.005974875499,-0.004412370592,-0.002870005713,-0.001368419605,0.0001019537251,0.001498678813,0.002808763201,0.004027415921,0.005108120833,0.006052313815,0.006850272884,0.007308619085,0.004454694535,-0.00108010053,-0.007977564536,-0.01357490274,-0.01469459771,-0.01673757456,-0.02011401395,-0.02558042213,-0.03516301423,-0.04117889611,-0.04453042321,-0.04484589879,-0.04628139858,-0.04688466687,-0.04700075362,-0.04596238526,-0.04408478739,-0.042863646,-0.04064225898,-0.03776024408,-0.03489560957,-0.03345608048,-0.03231634651,-0.03022191046,-0.02825016966,-0.02645023255,-0.02613084845,-0.02471798851,-0.02346338082,-0.02217163215,-0.02088513709,-0.02034026861,-0.01926122025,-0.01862684946,-0.01745827299,-0.01646478315,-0.01590962827,-0.01537173878,-0.01470109563,-0.01389785097,-0.01319154415,-0.01262665061,-0.01219390156,-0.0118145824,-0.01122284546,-0.0106146619,-0.01008555937,-0.00983735563,-0.009521246009,-0.009082700221,-0.008654975483,-0.008217020081,-0.007969187206,-0.007714167644,-0.007485686484,-0.007138922144,-0.006778709595,-0.006555546175,-0.006400784831,-0.006240399327,-0.005962937229,-0.005733143436,-0.005536953319,-0.005412088474,-0.005303422749,-0.005162775216,-0.004998853575,-0.004824707335,-0.004775618602,-0.004712984708,-0.004634236775,-0.004567994861,-0.004490793631,-0.004464060969,-0.004419855558,-0.004406623142,-0.004456013541,-0.0044550057,-0.004483165234,-0.004515559535
2.2,-0.05997710553,-0.06252666679,-0.06481907058,-0.06677221974,-0.06836228001,-0.06963032513,-0.07054380318,-0.071145903,-0.07145906274,-0.0714265439,-0.0711385378,-0.07059753549,-0.0698184323,-0.06881523137,-0.06762173305,-0.06626868849,-0.06478142011,-0.06315697651,-0.06144659456,-0.05966723729,-0.05783778289,-0.05597447161,-0.05410131918,-0.05223672423,-0.05039536004,-0.04858842698,-0.04683170377,-0.04513415166,-0.04350415249,-0.04195234287,-0.04048108162,-0.03909535181,-0.03779609016,-0.03658917659,-0.03546917292,-0.03443475048,-0.03348380067,-0.03261368575,-0.03181764946,-0.03109111401,-0.03042723693,-0.0298171187,-0.02925331986,-0.02872876904,-0.02823611052,-0.027757253,-0.02729161366,-0.02683141169,-0.02636910254,-0.02588086078,-0.02537116115,-0.02483325782,-0.02426079589,-0.02362521941,-0.02294111454,-0.02220316216,-0.02140968974,-0.0205295976,-0.01958395401,-0.01857153258,-0.01749125725,-0.01631656654,-0.01507530362,-0.01376979338,-0.01240790035,-0.01096347085,-0.009472033526,-0.007940259646,-0.006372567449,-0.004765848895,-0.003147021919,-0.001532086472,5.56023114e-05,0.001628328256,0.003135298429,0.004560579113,0.005897117301,0.007094232057,0.008148155784,0.009044242826,0.009567049873,0.00770947206,0.003163478423,-0.002834881709,-0.007599529156,-0.007796667261,-0.00932399172,-0.01266497297,-0.01856019384,-0.02910373785,-0.03591373911,-0.0398459076,-0.04040413789,-0.04207297774,-0.04274775359,-0.04284467406,-0.04170871261,-0.03972313803,-0.03856800705,-0.03650618421,-0.03395358336,-0.03126812368,-0.02995985632,-0.0289109794,-0.02678439483,-0.02476413627,-0.02293559571,-0.02268901321,-0.0212646812,-0.01997006573,-0.01862108653,-0.01728155849,-0.01676030762,-0.01565098846,-0.01500097872,-0.0137613383,-0.01270680253,-0.01214908829,-0.01160731237,-0.01091095854,-0.01005341408,-0.009295210306,-0.008708491093,-0.008272836709,-0.007891962375,-0.007257204077,-0.006602580848,-0.006041517463,-0.00580376094,-0.005490835294,-0.005029277697,-0.004571716971,-0.004101468855,-0.003866993216,-0.003623333015,-0.003401794242,-0.003036128618,-0.002655886935,-0.002443823699,-0.002316158251,-0.002181590063,-0.001898624418,-0.00166893299,-0.001484758013,-0.001395654783,-0.001326154742,-0.001210276625,-0.00106061566,-0.0009016474295,-0.0009043559306,-0.0008946022218,-0.0008591183834,-0.0008284609854,-0.0007894064231,-0.0008159211029,-0.0008298743166,-0.0008817086648,-0.0009904906792,-0.001042270559,-0.001131731737,-0.001234613538
2.3,-0.03050927324,-0.03519280277,-0.03977498164,-0.04413524341,-0.04821377091,-0.05204093639,-0.05552694077,-0.0586911069,-0.06153029692,-0.06394181674,-0.06600373079,-0.06769139891,-0.06899743345,-0.06990870068,-0.07045272988,-0.07065354932,-0.0705315655,-0.07005412932,-0.06929738176,-0.06827892038,-0.06702145916,-0.06553080611,-0.06385873295,-0.06203572241,-0.06008933347,-0.0580255812,-0.05589436204,-0.05371778212,-0.05151779321,-0.04931179128,-0.04712637176,-0.04498066377,-0.04288925169,-0.04086694338,-0.03892611811,-0.03707561708,-0.03532282652,-0.03367930928,-0.03214339532,-0.03071810258,-0.02940312902,-0.02820181658,-0.027105206,-0.02610904649,-0.02520803058,-0.02439614868,-0.02366313658,-0.02300136923,-0.02240270236,-0.02184976219,-0.02133574366,-0.0208504939,-0.02038378097,-0.01991024081,-0.01943143669,-0.01893746787,-0.01842203004,-0.01785075295,-0.01723545462,-0.01656926177,-0.01584548721,-0.01503186309,-0.01415020351,-0.01319839395,-0.01218064187,-0.01106147611,-0.00987699604,-0.008630757944,-0.007324379258,-0.005947637595,-0.004531227071,-0.003091186146,-0.001651995863,-0.000193894467,0.00122234425,0.00257908214,0.003867628484,0.005037003575,0.006075267851,0.006962248773,0.007466868934,0.006258092956,0.002393761837,-0.002924445501,-0.006995287548,-0.006338479083,-0.0074390212,-0.01087155514,-0.01735029736,-0.02902324511,-0.03669701329,-0.04114585968,-0.04171306058,-0.04315276328,-0.04326893279,-0.04260050217,-0.04053937108,-0.03757671886,-0.03562102557,-0.03285915924,-0.02974107763,-0.02717178729,-0.0259093891,-0.0248686109,-0.02264682008,-0.02052024843,-0.01861516162,-0.01838691933,-0.01691453273,-0.01554782021,-0.01411166464,-0.01269720921,-0.0121825287,-0.0110339588,-0.01035772241,-0.009045979231,-0.007932059982,-0.007377574249,-0.006841364537,-0.006133006856,-0.005237453843,-0.004444020835,-0.003857665475,-0.003444085892,-0.003086955892,-0.002436925911,-0.001765336008,-0.001203485561,-0.001008428173,-0.0007329311382,-0.0002834960304,0.0001689515904,0.0006364737883,0.0008185439255,0.001012202118,0.001188807954,0.001535392663,0.001897356597,0.002058337441,0.002118145,0.002186128067,0.002435256832,0.002626352554,0.002758916522,0.002769698138,0.00275782873,0.002808739684,0.002904856311,0.003009950528,0.002911440879,0.002824045792,0.002773047616,0.002728199517,0.00268956281,0.002564383087,0.002443327451,0.002278856253,0.002068614964,0.001920364542,0.001722434907,0.001493927778
2.4,0.01285757563,0.008285342695,0.003525413921,-0.001297667075,-0.006116321744,-0.01098654854,-0.01576668827,-0.02046018412,-0.02504424597,-0.02941405173,-0.03359624645,-0.03753697223,-0.04119948767,-0.04455292258,-0.04757663363,-0.0502658954,-0.05261231561,-0.05455479309,-0.0561411871,-0.05736686217,-0.05823575555,-0.05872409068,-0.05887994834,-0.05872353574,-0.0582751368,-0.0575209423,-0.05652455416,-0.05531035588,-0.05390469622,-0.05231214135,-0.05058630955,-0.04875503679,-0.04684320832,-0.04486298368,-0.0428541928,-0.04083810357,-0.03883425163,-0.03685789787,-0.0349303725,-0.03306652779,-0.03127779945,-0.02957453337,-0.02796399271,-0.0264510157,-0.02503841147,-0.0237316629,-0.02252586215,-0.02142019066,-0.02041271449,-0.01949456688,-0.01865976045,-0.01790038462,-0.01720763249,-0.01656614345,-0.01596958249,-0.01540853708,-0.01487691486,-0.0143429643,-0.01381150611,-0.0132723109,-0.01271495377,-0.01210934092,-0.01146682799,-0.01078200218,-0.01005586555,-0.009247629265,-0.008388675091,-0.007477707051,-0.006511702776,-0.00547564851,-0.004396436232,-0.003287501169,-0.002171243075,-0.001018963114,0.0001052300337,0.001186097754,0.002216787031,0.003153767502,0.003981337397,0.004679931885,0.005031973487,0.003729403462,7.209450777e-05,-0.004661310985,-0.007788575551,-0.005771246673,-0.005878702146,-0.008917302169,-0.01568620176,-0.02844850023,-0.03712863018,-0.04235017247,-0.04321224085,-0.04459357375,-0.04419837828,-0.04269187356,-0.03954063025,-0.03536642668,-0.03234747536,-0.02864996623,-0.02479129037,-0.02235885928,-0.02111811725,-0.02006374328,-0.0177439256,-0.01551204183,-0.0135435179,-0.01333302939,-0.0118346879,-0.01041934034,-0.008922120621,-0.007464380932,-0.006984678068,-0.005834900979,-0.00516471619,-0.003822660472,-0.002690380364,-0.002177298254,-0.001685961442,-0.001007195675,-0.0001172881991,0.0006704235557,0.001214923182,0.001566236433,0.001861392787,0.00248600376,0.00313407041,0.003657863059,0.003775663653,0.003978487669,0.004380240797,0.004794453189,0.005228178315,0.005325679004,0.005439671354,0.005545056117,0.005846471191,0.006164860248,0.006251145126,0.006221008014,0.006200982496,0.00639670361,0.006533174537,0.006598299693,0.006513357818,0.006404814804,0.00637794847,0.006409108386,0.006450383938,0.006244114475,0.006048140908,0.005900037566,0.005772124587,0.005649249232,0.005415770805,0.00517586423,0.004888898294,0.004570659793,0.00431813638,0.004002235003,0.003633553447
2.5,0.0533777147,0.05028495411,0.0468523336,0.04315885947,0.03924248727,0.03505677141,0.03071083692,0.02621526825,0.02160105248,0.01690704279,0.01217272107,0.007442063594,0.002749191361,-0.001862535563,-0.006357941112,-0.01070385537,-0.0148632854,-0.01879828555,-0.02248585429,-0.02590755437,-0.02905177006,-0.0318551583,-0.03435135872,-0.03652749605,-0.03837329941,-0.03987354113,-0.04104994568,-0.04191923575,-0.04250134855,-0.04275998792,-0.04276645892,-0.04253420898,-0.04207775287,-0.04141046237,-0.04056868805,-0.03958290076,-0.0384820888,-0.0372582736,-0.03596809167,-0.03462786233,-0.0332525526,-0.03186191118,-0.03047285795,-0.02910434715,-0.02777211942,-0.026473446,-0.02523105535,-0.02404850751,-0.02292887404,-0.0218756495,-0.02088652308,-0.01996339921,-0.01910578607,-0.01829662934,-0.01754202595,-0.01683363097,-0.01616698241,-0.01551919908,-0.01489091063,-0.01427542399,-0.01366467766,-0.01302604942,-0.01237324637,-0.01169835876,-0.01100054603,-0.01024063089,-0.009444333947,-0.008609712041,-0.00773219436,-0.006790933822,-0.005813248232,-0.004809366475,-0.003799572691,-0.002749818262,-0.001724405538,-0.0007370600577,0.0002080592143,0.001073570511,0.001842130124,0.002495989501,0.002819818628,0.002477368936,0.0005248348396,-0.001912000605,-0.002384220563,0.00252742066,0.004629684523,0.002802200385,-0.003879018113,-0.01776850488,-0.02788062842,-0.03456418051,-0.03660031612,-0.03888218518,-0.03895024854,-0.03753438245,-0.03417742659,-0.0296244639,-0.02630007314,-0.02240413488,-0.0185850682,-0.01639291712,-0.01526665677,-0.01428068062,-0.01195088323,-0.009703149779,-0.00775665226,-0.007620687285,-0.006174850692,-0.004783130434,-0.003296342439,-0.001865759638,-0.001477830059,-0.0003914935953,0.0002167679653,0.001522265079,0.002611358028,0.003032067541,0.003429345362,0.00402662302,0.00485427818,0.005585964289,0.00604189041,0.006289143761,0.006484634677,0.007037763673,0.007617514047,0.008063052744,0.008073267958,0.008172720157,0.008491922485,0.008834645786,0.009204113596,0.009190815631,0.009202093457,0.00921572075,0.009447611465,0.00969914108,0.009693238038,0.00955936202,0.009438468364,0.009564088672,0.009633476493,0.00962099,0.009432556042,0.009221728609,0.009110477571,0.009070010218,0.009042537759,0.008728051155,0.008423701702,0.008177700165,0.007965972117,0.007758873541,0.007419290753,0.007063131764,0.006658128019,0.006234993052,0.00587981183,0.005448776371,0.004943844744
2.6,0.0735965776,0.07193662706,0.06991835795,0.06759546934,0.06499230035,0.06206239299,0.05888925739,0.05547891271,0.05185117807,0.04801809472,0.04402099349,0.0398908314,0.0356517559,0.03132720781,0.02695625086,0.02256944211,0.01820396568,0.01387247398,0.009625152156,0.005482931989,0.0014601116,-0.002379309659,-0.006048393498,-0.00951730692,-0.01275568506,-0.01575962636,-0.01850437393,-0.02099476167,-0.02324020229,-0.02517637899,-0.02686545731,-0.02829826953,-0.02946746828,-0.03038873667,-0.03106748757,-0.03153098984,-0.03180674496,-0.03185318552,-0.03174587836,-0.03149006434,-0.03109141652,-0.03057504037,-0.02995138311,-0.02924832969,-0.02849094738,-0.02765138184,-0.02678573724,-0.02589604329,-0.02498504578,-0.02406698316,-0.02314201937,-0.0222247953,-0.0213269021,-0.02041629814,-0.01952844938,-0.0186556796,-0.0177951287,-0.01693796415,-0.01608339828,-0.01523524932,-0.0143946514,-0.01352103523,-0.01264569242,-0.01175969366,-0.01086213363,-0.009926359947,-0.008970774079,-0.007999149746,-0.007010967394,-0.005979920879,-0.004940070669,-0.003898336945,-0.002873016714,-0.00183523761,-0.0008417068966,9.305668396e-05,0.0009662367191,0.001747570568,0.002421162269,0.002976903815,0.00322583096,0.003885128446,0.003698635775,0.003725752177,0.006200831339,0.014422534,0.01923651446,0.01912356364,0.01293802635,-0.001877125437,-0.01351427012,-0.02204880788,-0.02590832195,-0.0300174211,-0.03155853957,-0.0312182865,-0.02856747994,-0.0244452393,-0.02149956668,-0.01805102008,-0.01494412252,-0.01301303757,-0.01204216264,-0.01115804685,-0.008855242301,-0.006635737666,-0.004750227229,-0.004695320066,-0.003334625065,-0.001994579283,-0.0005476243515,0.0008270768058,0.001109287264,0.002107133427,0.002635024967,0.003869020455,0.004884649358,0.005194945318,0.005480255834,0.005971726374,0.006701867947,0.007348397683,0.007691114254,0.007815099114,0.007894821904,0.008342881373,0.008821268153,0.009160818019,0.009049474082,0.009029785561,0.009240385428,0.009483508414,0.009762475402,0.009624091793,0.009520712565,0.009429450546,0.009569047125,0.009731778399,0.009622918322,0.009380743738,0.009155447844,0.009195722237,0.009186510638,0.009090492361,0.008801781757,0.008493861621,0.008298448941,0.008184766269,0.008089025467,0.007681494532,0.007284973663,0.006955259585,0.006672499582,0.006395878684,0.005973450091,0.005528539531,0.005036406229,0.004538555676,0.004110250591,0.003599181094,0.003002045346
2.7,0.08201215812,0.08178425182,0.08111652582,0.08009110454,0.07875298586,0.07700841885,0.07499118396,0.07268711832,0.07009911191,0.06728078526,0.0642270811,0.06098295839,0.05758174588,0.05400203191,0.0503142477,0.04652717431,0.04266002505,0.03873729548,0.03478065774,0.03081680692,0.02686258723,0.02293783768,0.01906290383,0.01525601454,0.01154034896,0.007918658769,0.004420736679,0.001054283248,-0.002178053815,-0.005234663795,-0.008133940173,-0.01085953903,-0.01339502136,-0.01574175763,-0.0178857859,-0.01983372394,-0.02159285668,-0.02311749835,-0.02445149575,-0.02558893891,-0.02652558901,-0.02725650748,-0.02779452922,-0.02815422861,-0.02834856706,-0.02833900931,-0.02817980987,-0.02787463399,-0.02743017434,-0.0268338558,-0.02611642575,-0.02529311333,-0.02437686182,-0.02333892087,-0.02222885549,-0.02105300785,-0.01982411397,-0.01852222189,-0.01718244165,-0.01581574685,-0.01442989463,-0.01300621694,-0.01158038737,-0.01015945182,-0.008758905746,-0.007352695018,-0.005979465768,-0.004645631694,-0.003351734212,-0.002100309468,-0.0009080086718,0.0002097200616,0.001226784623,0.002176547015,0.002999595977,0.003690848092,0.004257860227,0.004661641023,0.004921123469,0.005039843149,0.004918813629,0.003786595672,0.001976169577,0.00121715546,0.004055149539,0.01399556028,0.02084333329,0.02250793228,0.01738101715,0.002411565384,-0.009901177552,-0.01951521063,-0.02443949579,-0.02974383749,-0.03204165022,-0.03196114916,-0.02912048012,-0.02449971783,-0.02100974409,-0.01714472585,-0.01387084797,-0.01217458106,-0.01130192248,-0.01047241651,-0.008204999402,-0.006027211023,-0.00419953721,-0.004177691822,-0.002885938865,-0.00160919277,-0.0002140123378,0.001099470334,0.001302507314,0.002224863477,0.002680188552,0.003824853739,0.004754845195,0.004977605349,0.005174811805,0.005571343417,0.006192193465,0.006748610287,0.006991367695,0.007017823369,0.007011805157,0.007349760538,0.007722255292,0.007963386482,0.007764722835,0.007657932704,0.00777067653,0.007918178246,0.008112490152,0.007882846782,0.007700798226,0.007535051798,0.007592277538,0.007676066356,0.007495749575,0.007187828253,0.006900530666,0.006871477039,0.006803745791,0.00665328529,0.006310371334,0.005952984935,0.005707553599,0.005547427294,0.005410667356,0.004963950044,0.004528680278,0.004161584247,0.003845569275,0.003537894674,0.003084430228,0.00260831408,0.002089140267,0.00156769098,0.001114457728,0.0005782773649,-4.276213245e-05
2.8,0.09032043436,0.09311296226,0.09528775301,0.09693693812,0.09810407753,0.09861882282,0.09867060877,0.09822285153,0.09726809832,0.09586186076,0.09400203078,0.0917503526,0.08915007141,0.08615993509,0.08289122151,0.07935778055,0.07559250762,0.07161686726,0.06748012702,0.06321985119,0.0588556559,0.05442163646,0.04994146088,0.04544471489,0.04097040215,0.03649432004,0.03208142982,0.02773399182,0.02344517728,0.01927799355,0.01519739117,0.01123400556,0.007419766138,0.003716998936,0.0001849434867,-0.003189212911,-0.006417583264,-0.009425336186,-0.01226719256,-0.01491580999,-0.01734717204,-0.01957213397,-0.02156363802,-0.02333526025,-0.02489627214,-0.02617265746,-0.02723037593,-0.02805600353,-0.02864357715,-0.02897453701,-0.02907157423,-0.02895188813,-0.02862848486,-0.02804927099,-0.02728678381,-0.02634706051,-0.02524743677,-0.02395935609,-0.02254012358,-0.02100995182,-0.01938388169,-0.01764591881,-0.01585190754,-0.01402111794,-0.0121843128,-0.01031453528,-0.008476541858,-0.006684877835,-0.00494566874,-0.003284903294,-0.00171704803,-0.0002698060575,0.001017554999,0.002179265333,0.003143284238,0.003906876096,0.004482533848,0.00480917587,0.004933141112,0.004860558285,0.004523340977,0.001355992133,-0.001974924431,-0.003220360417,0.0003247866776,0.0123267316,0.0214390287,0.02506345058,0.02121345683,0.006495297336,-0.005889797608,-0.01578324377,-0.02091837955,-0.02655408216,-0.02890322071,-0.02859583458,-0.0253256708,-0.02016409317,-0.01619939007,-0.01204892183,-0.008802693597,-0.007684823367,-0.007141685462,-0.006588480276,-0.004630887703,-0.002750122766,-0.001203037382,-0.001377525165,-0.0003398304845,0.0006669862364,0.001811327253,0.002880848394,0.002868132564,0.003571088607,0.003811938436,0.004707067983,0.005402718745,0.00543636446,0.005450244087,0.005649224272,0.006042443786,0.006400645591,0.006460868784,0.006324261398,0.006174336737,0.006316132666,0.006498848265,0.006572942924,0.006249011125,0.006016710596,0.005975851031,0.005968340162,0.006021210815,0.005674195236,0.005389977635,0.005123628468,0.005054665869,0.005015307498,0.004743146297,0.004361246763,0.004002903777,0.003872980973,0.003719853944,0.003497200297,0.003100504878,0.002696086755,0.002391745759,0.002169112531,0.001974579134,0.001503114903,0.001042697006,0.0006446740959,0.0002941474162,-4.561191962e-05,-0.0005145464942,-0.0009992901372,-0.001520699489,-0.002050387812,-0.002516593222,-0.003057338064,-0.003664214158
2.9,0.08008312419,0.08592864119,0.09117296466,0.09590600352,0.100171838,0.103675908,0.106669484,0.1090577284,0.1107792397,0.1119308717,0.1124309416,0.1123624233,0.1117846135,0.1105596418,0.108885081,0.106743564,0.1041521508,0.1011692744,0.09781855018,0.09416726612,0.09024993022,0.08607534702,0.0817123398,0.0771872032,0.07255214285,0.06778037707,0.06295602729,0.05808898842,0.05316320674,0.04826880516,0.04335150241,0.03845535257,0.03363846136,0.02880415728,0.02407637983,0.01942697778,0.01481829905,0.01038974923,0.006033934764,0.001812988115,-0.002205570784,-0.006113369426,-0.009778817324,-0.01323471549,-0.01651405548,-0.01943861676,-0.02214566965,-0.02457088843,-0.02665453183,-0.02845151376,-0.02987998943,-0.03098298658,-0.03180231124,-0.03216392435,-0.03224419134,-0.03200649411,-0.03142790536,-0.03055606597,-0.02937487462,-0.02794819014,-0.02633548201,-0.02441823359,-0.02237596841,-0.02020269518,-0.01790757605,-0.01555447414,-0.01314897916,-0.01075626279,-0.008429084707,-0.006123315805,-0.003954721201,-0.001929956516,-7.271112722e-05,0.001564081835,0.002973563606,0.004115248319,0.004976441229,0.005538610653,0.005801696945,0.00580251767,0.005488586832,0.001112681419,-0.00298130643,-0.004211417311,0.0002968300444,0.01444477456,0.02582225588,0.03139839857,0.02885984183,0.01449102475,0.002041179052,-0.008277760573,-0.01404301878,-0.0205873438,-0.0238398935,-0.02433882681,-0.02177623191,-0.01721566352,-0.01385568983,-0.01046166191,-0.008295777286,-0.007944866073,-0.007885330409,-0.007726526623,-0.006165261983,-0.004657481411,-0.003449700823,-0.003841154218,-0.003089220245,-0.002356605145,-0.001460347797,-0.0006228434766,-0.0008159143252,-0.000300480399,-0.0002240008065,0.0004660874759,0.0009788342323,0.0008970980262,0.0008041380536,0.0008801699163,0.001119234109,0.001358163589,0.001324150927,0.001119307918,0.0009240011338,0.0009581522443,0.001036992912,0.001036012756,0.0006946582876,0.0004402635112,0.0003393981718,0.000268904125,0.0002711888658,-8.938669886e-05,-0.0003730871732,-0.0006388870538,-0.0007449651403,-0.0008225058225,-0.001088648918,-0.001441330321,-0.001771617819,-0.001918676543,-0.002071331633,-0.002277315348,-0.002629875294,-0.002983660076,-0.003257632739,-0.003460494827,-0.003633790688,-0.004028699174,-0.004415531863,-0.004753024114,-0.005051973177,-0.00533864093,-0.005726232516,-0.006118673318,-0.006539202465,-0.006981047172,-0.007368765983,-0.007814595996,-0.008290977626
3,0.05230205067,0.05958311046,0.06655207481,0.07321479159,0.0795606262,0.08535845342,0.09073266435,0.09559531508,0.09986466586,0.1035782804,0.1066544331,0.1091369794,0.1110656272,0.1122772549,0.1129563673,0.1130734966,0.112627959,0.1116738266,0.1102246015,0.1083492462,0.1060867476,0.103426497,0.1004597271,0.09720919643,0.09372777103,0.08999547543,0.08609614041,0.08204475329,0.07782392498,0.07352307426,0.06908524466,0.06455367497,0.05998897094,0.05526687332,0.05052884095,0.04573655942,0.04084034451,0.03597990993,0.0310392048,0.02608914683,0.02120618528,0.01626073624,0.01143144908,0.006683952808,0.001990359702,-0.002458452276,-0.006781935892,-0.01088901735,-0.01469885215,-0.01826099761,-0.0214506424,-0.02429387416,-0.02680638316,-0.02879097965,-0.03040063624,-0.03157969194,-0.03229940919,-0.03255830162,-0.03236249698,-0.0317649803,-0.03080630057,-0.02938064462,-0.02765938799,-0.02565514127,-0.02340948397,-0.02092896968,-0.01830429125,-0.01559850889,-0.01285320625,-0.0100939405,-0.007404939298,-0.004833383339,-0.00245093709,-0.0002501526175,0.001668866955,0.003281857513,0.004599266528,0.005504120968,0.006076084553,0.006318336705,0.006126287258,0.001380316496,-0.003510170568,-0.005464121088,-0.001125388109,0.01400885347,0.02673920005,0.03368139047,0.03217149197,0.01804758169,0.005394399577,-0.005615768083,-0.01240457334,-0.02032483728,-0.02496366349,-0.02663010037,-0.02496292433,-0.02097795418,-0.01797864249,-0.01491613042,-0.01309811373,-0.01310172646,-0.01324077028,-0.01317879098,-0.01172743035,-0.01033407507,-0.009184492329,-0.009488161675,-0.008741623712,-0.008008028285,-0.007086024697,-0.006206968048,-0.006289327047,-0.005684810909,-0.005499212853,-0.004763362788,-0.004185925445,-0.004116636573,-0.004055782178,-0.003861459275,-0.003553576999,-0.003216654371,-0.003122926436,-0.003174540209,-0.003196698265,-0.003085943679,-0.002937716684,-0.002839023418,-0.003010733298,-0.003112307991,-0.00312495557,-0.003122260435,-0.003041327266,-0.003275218208,-0.003424855241,-0.003568197023,-0.003616504224,-0.003647544566,-0.003811280532,-0.004035731207,-0.004247870926,-0.004356574788,-0.004455431472,-0.004590986454,-0.004837505051,-0.005083925328,-0.005290543358,-0.005452191958,-0.00559027475,-0.005871903377,-0.006155008971,-0.00641643432,-0.006662715366,-0.006900689255,-0.007201545927,-0.007495371591,-0.007809054887,-0.008174173741,-0.008504255482,-0.008870363861,-0.009216581666
3.1,0.01981918178,0.02733614858,0.03489529408,0.04239987017,0.04979108998,0.05694998812,0.06384636791,0.07042330292,0.07656002637,0.08228823944,0.08747456152,0.09213181234,0.0963318447,0.09977720645,0.1027417043,0.105140801,0.1068706133,0.1081648732,0.1088317496,0.1090055699,0.1088278875,0.108030276,0.1069596744,0.1055410331,0.1037124012,0.1017420479,0.09943168777,0.09691017926,0.09427527617,0.09133535363,0.08830896244,0.08512009424,0.08171805461,0.07823154243,0.07452821397,0.07066560925,0.06667070929,0.06242719501,0.05804267824,0.05348179739,0.0487373146,0.04383338688,0.03877540922,0.03360286833,0.02834241078,0.02300573593,0.01765727779,0.01233540315,0.007091687932,0.001978698976,-0.002939880559,-0.007619402488,-0.01201879828,-0.01600957211,-0.01961288761,-0.02277808715,-0.02546987746,-0.02759164095,-0.02918299672,-0.03024874032,-0.0307924128,-0.03071928318,-0.0301590158,-0.02913759444,-0.02770946801,-0.02581779544,-0.02362377773,-0.02118409009,-0.01854059811,-0.01574238047,-0.01288432334,-0.01004540432,-0.007324707038,-0.004699847559,-0.002330650801,-0.0002509788018,0.001531330814,0.002864670296,0.003811686069,0.004346548817,0.004305971892,-5.552312235e-05,-0.004757748979,-0.00634022218,-0.001144784823,0.0156840336,0.03007359083,0.03827860183,0.03737695219,0.02295420804,0.009541657754,-0.002571614106,-0.01060420756,-0.01994179004,-0.02587245772,-0.0285291107,-0.02756306866,-0.02393881612,-0.02102778351,-0.01796248008,-0.01593899097,-0.01590310838,-0.01598283627,-0.01576384128,-0.0142083816,-0.01274870495,-0.0114553659,-0.01145478759,-0.01052555545,-0.00961991924,-0.008509371723,-0.007429636652,-0.007224487206,-0.00637419328,-0.005928236366,-0.005017547619,-0.004253003736,-0.003892564291,-0.003545895766,-0.003119389798,-0.002641817846,-0.002116695488,-0.001799756267,-0.001604676019,-0.001366693216,-0.00111494779,-0.000845550142,-0.0005960065369,-0.0005375200584,-0.0004392060851,-0.0003353564124,-0.0002414107918,-7.311288864e-05,-0.0001621364104,-0.0001684859436,-0.0001897259941,-0.0002003754617,-0.0002174445875,-0.0003025073951,-0.000422019241,-0.0005500002746,-0.0006786775172,-0.0007868283638,-0.0009171393312,-0.001117065259,-0.001322524594,-0.001542654805,-0.001758073959,-0.00196559286,-0.002218625441,-0.002490536974,-0.002781591549,-0.00309115919,-0.003403255244,-0.003732519936,-0.004043895926,-0.004367521017,-0.004783962673,-0.005195031671,-0.00561531738,-0.005953268664
3.2,-0.01483867295,-0.008180779394,-0.0009487750143,0.006514379633,0.01384962542,0.02168164101,0.02921796322,0.03667337221,0.04420449689,0.05112286666,0.05797107311,0.06445108627,0.07034309125,0.07602413968,0.0810529301,0.08560498136,0.08979504734,0.09324257881,0.09633426418,0.09894265623,0.1010107039,0.1027574744,0.1040302178,0.104954657,0.1055951949,0.1058625325,0.1059009346,0.1056798306,0.1052183327,0.1045308452,0.1036149511,0.1024775478,0.1010700798,0.09942874592,0.09747230204,0.09520289885,0.09265966304,0.08963687433,0.08629156424,0.08255840431,0.07834866806,0.07378130078,0.06873605915,0.06329837093,0.05758042797,0.05134631113,0.04491551625,0.03825652406,0.03133551142,0.02443416887,0.01743600074,0.01051365133,0.003845231552,-0.002673410087,-0.008742256371,-0.01437267875,-0.01958309326,-0.02397767408,-0.02780331514,-0.03092717843,-0.03323748209,-0.03479729208,-0.03552719796,-0.0355330799,-0.03493225682,-0.03344960166,-0.03147504155,-0.02900463521,-0.0260506107,-0.02278920127,-0.01924586471,-0.01558814986,-0.0119796703,-0.008322062326,-0.004922891214,-0.001806057573,0.001009461964,0.003271530286,0.005069021601,0.006315758745,0.006728875543,0.003079263335,-0.001246061112,-0.002430183631,0.003707825867,0.02251605702,0.0391151317,0.04932419634,0.04977277133,0.03564458307,0.02176276652,0.008505067717,-0.001162524128,-0.01256047845,-0.02052276706,-0.02492375643,-0.02534748587,-0.02263078546,-0.02017878562,-0.01738831248,-0.01528472436,-0.01501696293,-0.01486474848,-0.01431628206,-0.01249666695,-0.01082015314,-0.009228747657,-0.008761373456,-0.00750727527,-0.006286747129,-0.004855298767,-0.0034482322,-0.002817637002,-0.001602702434,-0.0007739775547,0.0004224327236,0.001479368371,0.002241486811,0.002977944972,0.003731612221,0.004472175244,0.005268966999,0.005892002029,0.00641253192,0.006983228276,0.007442892878,0.007890775533,0.008344247377,0.008686022235,0.009026772148,0.009281625331,0.009496296434,0.009773597599,0.009846356757,0.00999267214,0.01009809786,0.0101186758,0.01009853269,0.01007299558,0.01003483167,0.009958090435,0.009762327008,0.009593615924,0.00940993602,0.009192742462,0.008958527249,0.008645491894,0.008285816441,0.007909030572,0.007588400566,0.007224464299,0.006789640172,0.006295220448,0.005781225448,0.005294710303,0.004831335391,0.00436408247,0.003753166601,0.003109203116,0.002484936201,0.002008785922
3.3,-0.04947185308,-0.04468575921,-0.03886557327,-0.03246095445,-0.02597516445,-0.0183822849,-0.01090030709,-0.003184792556,0.005059003003,0.01275314451,0.02077561313,0.02863817985,0.03592627163,0.04342249757,0.05021366416,0.05662448887,0.06291787382,0.06826282208,0.07346345102,0.07820137929,0.08224183034,0.08623295096,0.08958250375,0.09260048701,0.09552311255,0.09783733774,0.1001302922,0.1021953135,0.1038918935,0.1056655396,0.1070763918,0.1082998903,0.109432243,0.1100904144,0.1105736923,0.110689584,0.1102976349,0.1095426239,0.1081605025,0.1062154607,0.1037351225,0.1004065668,0.0964813884,0.09187048679,0.08652453659,0.08051518305,0.07382756555,0.06657453453,0.05886591376,0.05059269891,0.04205486195,0.03330426083,0.02441128638,0.01562372053,0.00697696881,-0.001352746115,-0.009204236431,-0.01644513624,-0.02293445833,-0.02861423154,-0.03342796178,-0.03707780768,-0.03974339037,-0.04138317981,-0.04200958102,-0.04151193167,-0.0401062974,-0.03789471231,-0.03496598993,-0.03133154603,-0.02724956797,-0.02285940369,-0.01833610012,-0.01369931391,-0.009232817749,-0.005042017356,-0.001191853415,0.002059600776,0.0047302996,0.006724684589,0.007656073514,0.004406177207,-5.134845579e-05,-0.001313438491,0.005557671101,0.02657564318,0.04600936747,0.05910063855,0.06181479721,0.04879424918,0.03507088947,0.02111367676,0.01010561628,-0.003228967938,-0.01315393247,-0.01921623895,-0.02087276636,-0.01881899409,-0.01647324548,-0.01355121794,-0.01085783787,-0.01024041444,-0.009677097498,-0.008636346957,-0.006410219948,-0.004363060041,-0.00232607401,-0.001236134444,0.0004861605439,0.002158704707,0.004037477643,0.005894065809,0.007080849963,0.0087747411,0.01010064682,0.01168880862,0.01314073471,0.01440566891,0.01562817673,0.01680023044,0.01789300005,0.01904326254,0.02005119639,0.02097190082,0.02194471919,0.02267936967,0.02336629857,0.02407873944,0.02475468954,0.02538043538,0.02582495848,0.02619522681,0.02660933875,0.02686150282,0.02717070974,0.02740955857,0.02746082138,0.02742683682,0.02744211631,0.02745857553,0.02739715127,0.02708869207,0.02680731836,0.02650719599,0.0261988061,0.02585327468,0.02535599455,0.02474983693,0.02408936618,0.02358113841,0.02299516042,0.02227500308,0.02144606013,0.02057013345,0.01976022084,0.01896810797,0.01817756116,0.01718348831,0.0161068166,0.01507672277,0.01425740221
3.4,-0.07434193173,-0.07292483002,-0.07008868222,-0.0663147237,-0.06206668259,-0.05617798441,-0.0499667378,-0.04304875863,-0.03519294226,-0.02736244327,-0.01885483983,-0.01018163822,-0.001705972749,0.007130316035,0.01552447002,0.0236883031,0.03170746346,0.03899083968,0.04601291397,0.05252548617,0.05842731515,0.06395572032,0.06889274583,0.07341166192,0.07756708746,0.08128235242,0.08475043823,0.08795417061,0.09099643856,0.09385361914,0.09662376275,0.09931858313,0.1018230189,0.1043585298,0.1066533312,0.1087320214,0.1106885701,0.1120862193,0.1131954085,0.1138139687,0.1137022039,0.1130942635,0.1116074784,0.1093470789,0.1064200196,0.1023305988,0.0975399521,0.09190985727,0.08537524188,0.07814396997,0.07014030996,0.06157246939,0.05257185505,0.04309999957,0.03347549885,0.02377621027,0.01419240732,0.004880927691,-0.003959107126,-0.01218393573,-0.01976249031,-0.02619669641,-0.03172871339,-0.03620883153,-0.03945174706,-0.04157898838,-0.042466754,-0.04229889438,-0.04130596524,-0.03907249413,-0.03627220917,-0.03290293689,-0.02900760528,-0.02497293198,-0.02077204373,-0.01669824718,-0.01295810049,-0.00952251035,-0.006725362698,-0.004554104474,-0.00339629612,-0.005216255673,-0.008130273889,-0.007798296301,0.000874434939,0.0241751473,0.04561557584,0.06034540992,0.06428956308,0.05198847444,0.03889131162,0.02545734547,0.01479044906,0.001295635896,-0.008923531834,-0.01523980109,-0.01701433762,-0.01476785835,-0.01186217625,-0.008233423926,-0.004288775789,-0.003175685572,-0.002042461856,-0.0003741923302,0.002377571356,0.00492364079,0.007522765316,0.009356287805,0.01165953694,0.01390062417,0.01633556498,0.01874751178,0.0205980758,0.02286968132,0.02479864993,0.02688381217,0.02883639917,0.03070246513,0.0325078338,0.03419868969,0.0357510529,0.03736092911,0.03885440148,0.04027314601,0.04174426507,0.04286311383,0.04389673317,0.04497086551,0.04607791871,0.04708198856,0.0478171722,0.04844658098,0.04909705235,0.04961584049,0.05017044679,0.05062734404,0.05079691073,0.05082996797,0.05095570547,0.05108734497,0.0510954026,0.05073002274,0.05038531857,0.05000556194,0.0496280271,0.04918445963,0.0485114728,0.0476592038,0.04670228865,0.04597805253,0.04513004169,0.04407333307,0.04285042218,0.04154004352,0.04032007398,0.03909584942,0.03787241126,0.03637336736,0.03472831395,0.03314815988,0.03182751007
3.5,-0.0778627122,-0.08028276284,-0.08110840422,-0.08096588697,-0.08033629562,-0.07762636594,-0.07443711939,-0.07016438395,-0.06457299866,-0.05856053966,-0.05145565676,-0.04382123817,-0.0358802042,-0.02735830309,-0.01884798917,-0.01026942178,-0.001815749833,0.006407451904,0.01429000246,0.02174146786,0.02887628045,0.03528729124,0.04133914167,0.04693846961,0.05192023763,0.05673993234,0.06106713307,0.06514186864,0.06922067921,0.07293387142,0.07679647908,0.08067335587,0.08444368629,0.08854973764,0.09255372118,0.09658432227,0.1007025102,0.1045248001,0.1082454858,0.1116273022,0.1144673881,0.116844481,0.1184324944,0.1192392381,0.1192575053,0.1180838699,0.115980857,0.1128322152,0.1085535476,0.103200741,0.09676440259,0.08937878447,0.08119679453,0.07202706338,0.06230799692,0.05210511822,0.04149183061,0.03083327883,0.02016246542,0.009741137366,-0.0001698164131,-0.009462912367,-0.0178606933,-0.02529939945,-0.03173848481,-0.03672020485,-0.04054907674,-0.04315478574,-0.04451856068,-0.04464803445,-0.0437299825,-0.04195569897,-0.03952905354,-0.03638315643,-0.0329685757,-0.02942416409,-0.02587197835,-0.02258474218,-0.01966210211,-0.01725223381,-0.01588130704,-0.01512902698,-0.01564011597,-0.01351041871,-0.003386317107,0.02161796585,0.04471086854,0.06130858771,0.06740263095,0.05725896958,0.04638358869,0.03487488201,0.02541569702,0.01200494382,0.001072727605,-0.006389815603,-0.009379263383,-0.007982323966,-0.005306623292,-0.001440774375,0.003616777178,0.005325960767,0.007075453003,0.009404568857,0.01272213624,0.01580518661,0.01898950354,0.02158867626,0.02449039008,0.02734149636,0.03037387359,0.03338010614,0.0359247492,0.03880833755,0.04139327023,0.0440387413,0.04656308042,0.04908347156,0.05153042923,0.05381294674,0.05591546298,0.05808476328,0.06015185334,0.06215478369,0.06421592205,0.06583733462,0.06734210926,0.06889794355,0.07054536215,0.07204080946,0.07319770751,0.07422733238,0.07525699012,0.0761654092,0.07708864811,0.07789532007,0.07832760882,0.0785715267,0.07893552732,0.07930019544,0.07949405891,0.07920028125,0.07891714811,0.07856958641,0.07821508606,0.07775897284,0.07699664587,0.07598107227,0.07479870435,0.07390245699,0.07282481959,0.07145498917,0.06985553436,0.06811348302,0.06646406758,0.06476540883,0.06305698223,0.06098819679,0.05869372411,0.05646655325,0.0545211356
3.6,-0.06335307432,-0.06890704889,-0.0732785739,-0.07694213311,-0.0803222156,-0.08166094973,-0.08250373292,-0.08213174686,-0.08014916288,-0.0774824898,-0.07328459095,-0.06814615457,-0.06234104347,-0.05536746134,-0.04806728285,-0.04031835601,-0.03230734465,-0.024283637,-0.01632670042,-0.008634446165,-0.00116475265,0.005697199059,0.01219873019,0.01824372124,0.02365023135,0.02882271834,0.03346211812,0.03781074916,0.04214190751,0.04612355419,0.05031343201,0.05462018842,0.0589903743,0.06390230745,0.0689810879,0.07438064107,0.08013736519,0.08600979432,0.09204919259,0.09802475198,0.1037678294,0.1091823588,0.1140075859,0.1181330698,0.121407055,0.1235621315,0.1245937009,0.1244109205,0.1229626309,0.1200253227,0.1157767244,0.1102356474,0.1034633041,0.09536763964,0.08624981227,0.07624494399,0.06546703374,0.05412004467,0.04242557199,0.03061739414,0.01898497749,0.00768812895,-0.002935401709,-0.01273892146,-0.02164415938,-0.02906755143,-0.03529366514,-0.04017579175,-0.04359066661,-0.04558159219,-0.04621822334,-0.04572423897,-0.04435704891,-0.04187903434,-0.03894211551,-0.03565153229,-0.03211619015,-0.02873141848,-0.02554783144,-0.02279479152,-0.02108897276,-0.01858098589,-0.01799270318,-0.01555349765,-0.005040681341,0.02153025637,0.04715723977,0.0671924685,0.07706791553,0.07022724801,0.06202390601,0.05227940495,0.04349560666,0.02952291332,0.01717040238,0.007790532418,0.002748451492,0.002393454526,0.003934747337,0.007159615286,0.01238471925,0.01439335755,0.01650819298,0.01925148033,0.02291023148,0.02632535794,0.02988139657,0.03303903923,0.03634189967,0.0396361377,0.04311085569,0.0465632369,0.04965040442,0.0530120448,0.056142737,0.05925823819,0.06227847989,0.06537104458,0.06838954146,0.07121521094,0.07384243762,0.07656330835,0.07919287189,0.08177397189,0.0844310515,0.08659303503,0.08861875603,0.09070863108,0.0929466156,0.09499330159,0.09665440414,0.09818150211,0.0996945251,0.1010884348,0.1024809902,0.1037511287,0.1045775148,0.1051684736,0.1059001533,0.1066238772,0.1071322063,0.1070574539,0.1069843283,0.1068110004,0.1066104232,0.106270723,0.1055543041,0.1045122404,0.1032331417,0.1022765537,0.1010724561,0.09948788714,0.09760893977,0.09552060904,0.09351080091,0.09138683419,0.08923320759,0.08662621492,0.08369881898,0.08082653384,0.07823214498
3.7,-0.03757451107,-0.0452435947,-0.05221421687,-0.05909485649,-0.06644613366,-0.0718956794,-0.07736139759,-0.08175381276,-0.08432695919,-0.08636787758,-0.08635823702,-0.08502835983,-0.08272436082,-0.07834947313,-0.07326039308,-0.06712328614,-0.06007963477,-0.05262400589,-0.04471966009,-0.03677974355,-0.02882485042,-0.02129268061,-0.01407560995,-0.007309008323,-0.001344693046,0.004322321932,0.009183567239,0.01351647273,0.01774901671,0.02116923504,0.02476888424,0.02837350025,0.03181210927,0.03608271616,0.04047002269,0.04539507715,0.05114148402,0.05714170244,0.06389790246,0.07101173292,0.07819951796,0.08572749336,0.09291159071,0.09974067149,0.1060392605,0.1113538155,0.1157152515,0.1188786463,0.1207710246,0.1210548647,0.1198898322,0.1172506408,0.1130376494,0.1073168332,0.1001524732,0.09172918153,0.08231801016,0.07166741065,0.06043588051,0.04871947665,0.0366097122,0.02474461526,0.01305093756,0.001913883448,-0.00831492506,-0.01754023538,-0.02542430095,-0.0319764545,-0.03721506411,-0.04061098718,-0.04270633102,-0.04348888869,-0.04304838149,-0.04152481189,-0.03920149745,-0.03637773469,-0.03328219259,-0.03003886976,-0.0270266765,-0.02436949934,-0.02267655951,-0.01983872124,-0.01888751958,-0.01606398436,-0.004731809422,0.02351614733,0.05105010921,0.07300894133,0.08444896033,0.07842930097,0.07081954693,0.0616441875,0.05355113793,0.04016543037,0.0283934233,0.01936667012,0.0142628989,0.01342311427,0.01425986392,0.01650720178,0.02080566982,0.02249729216,0.02450657433,0.0272051634,0.03076997599,0.03412197552,0.03765429012,0.04098832416,0.04433065806,0.04773368011,0.05133473033,0.05493041514,0.05826109854,0.06182500572,0.06524972204,0.06860677997,0.07191200012,0.07537092624,0.07877179692,0.08197560764,0.08498873655,0.0881448677,0.09122588064,0.09428609412,0.09745795803,0.1001146926,0.1026318837,0.105236983,0.1080535846,0.1106566398,0.1128532617,0.114929793,0.1169928385,0.1189406119,0.1208837226,0.1227180745,0.1240618373,0.1251370402,0.1263771798,0.1276071416,0.1285872737,0.1289140748,0.129244255,0.1294418816,0.129590496,0.1295721426,0.1291201642,0.1282800965,0.1271348219,0.1263429694,0.1252391402,0.1236700674,0.1217481759,0.1195494497,0.1174079947,0.11507639,0.1126944511,0.1097629311,0.1064096782,0.1030924269,0.1000274338
3.8,-0.01013455707,-0.01719896951,-0.02475621712,-0.03306454988,-0.0420396208,-0.05082512143,-0.05971241199,-0.06806818903,-0.07573127015,-0.08215972046,-0.08729993199,-0.09104800639,-0.0929275797,-0.09323012748,-0.09165097147,-0.08843940077,-0.08419618906,-0.07802611124,-0.07131388896,-0.06397963061,-0.05585038392,-0.0482655507,-0.04046781929,-0.03309471566,-0.02664796923,-0.02048836097,-0.01545771873,-0.01116890755,-0.007420208478,-0.004719535167,-0.002292117802,-0.0002231696188,0.00173110498,0.003903737243,0.006458608637,0.009689100479,0.01357254106,0.01871595859,0.02472298461,0.03166172323,0.03973585901,0.04829023798,0.05756750555,0.06709066474,0.0762577955,0.08551004341,0.09378603181,0.1011247338,0.1075972004,0.1120981089,0.1153371089,0.1169005372,0.1164941897,0.1144587711,0.1104444124,0.1047822951,0.09770807264,0.08877577556,0.07879490995,0.0677902175,0.05594952812,0.04373416313,0.03131194316,0.01908804793,0.00735498018,-0.003487966232,-0.0132242438,-0.02169174433,-0.0287156664,-0.03392701284,-0.03757020425,-0.03968893678,-0.04043189911,-0.03968488915,-0.0379809763,-0.03556010797,-0.03262511555,-0.02947357121,-0.02641141035,-0.0236785641,-0.0220182112,-0.01882942165,-0.01765611845,-0.01510738608,-0.004352133433,0.02361708094,0.05093763979,0.07287892914,0.08434181932,0.07807414623,0.07051460705,0.06196935119,0.05544075144,0.04429919164,0.0353994499,0.0292017074,0.02617394108,0.02611301057,0.02653231516,0.02717933134,0.02898514022,0.02955618408,0.03086298722,0.03293767809,0.03585673967,0.03865065813,0.04167096465,0.04471282535,0.04765343938,0.05074829011,0.05407954098,0.05743777711,0.06063938444,0.06405609067,0.0674474816,0.07074030337,0.07404264205,0.07758939205,0.0811127894,0.08445730027,0.08764546643,0.09104986484,0.09440414014,0.09778035596,0.1013249037,0.1043698743,0.1072901696,0.1103374334,0.113670081,0.1167889733,0.119507666,0.1221439365,0.1247873346,0.1273238377,0.1298706656,0.1323452939,0.1343071412,0.1359870003,0.1378637237,0.1397395905,0.1413457703,0.1422564256,0.1431884314,0.1439642932,0.1446720251,0.1452011536,0.1452572264,0.1448776368,0.1441332459,0.1437721727,0.1430425083,0.1417717668,0.140100938,0.1380911873,0.1361160346,0.1338693048,0.1315561972,0.1285971693,0.1251141433,0.1216462382,0.1183862163
3.9,0.00863282883,0.005696228819,0.0007874128359,-0.005523106468,-0.01234865834,-0.02134337125,-0.03043339112,-0.04000341464,-0.0506140093,-0.05982290441,-0.06933755359,-0.07803139525,-0.08479318854,-0.09107985832,-0.09492773397,-0.09703214698,-0.0979931564,-0.09593194707,-0.09295862725,-0.08855131349,-0.08254660305,-0.07644605239,-0.06945000388,-0.06245890377,-0.05595724543,-0.04959717635,-0.04422927693,-0.03960919382,-0.03583699583,-0.03316367683,-0.03123232989,-0.03002745375,-0.0291225678,-0.0286464618,-0.02787580933,-0.02660490265,-0.02486466284,-0.02149567885,-0.0171044232,-0.0112833364,-0.003648809622,0.005155348301,0.01554602458,0.02692091049,0.03874392712,0.0513368539,0.06355352628,0.07532394457,0.08629527504,0.09584087646,0.1039191947,0.1101736861,0.1146957982,0.1166467588,0.1166739414,0.1146800728,0.1102330905,0.1042038262,0.09601810947,0.08623809858,0.07574207652,0.06326774493,0.05076186403,0.03800332594,0.02465427883,0.01288104232,0.001299760017,-0.00910906587,-0.01746574904,-0.02487510756,-0.02990408651,-0.03323161843,-0.03541258279,-0.03502223917,-0.03389846397,-0.03174154136,-0.02855982719,-0.02543519845,-0.02202244944,-0.01899259409,-0.01729858196,-0.01469997361,-0.01441414664,-0.0137614331,-0.005644617362,0.0199088524,0.045317214,0.06633896799,0.07772887901,0.07167147734,0.06477152849,0.0574186135,0.0531144232,0.04503158638,0.04008136823,0.03791023987,0.03801844198,0.03931356174,0.03931865739,0.03778419614,0.03591232397,0.0349108432,0.03518181954,0.03630467465,0.03825285118,0.04019504677,0.04240879894,0.04487076902,0.04713203949,0.04964290058,0.05243516693,0.05528943928,0.05809697362,0.06110790307,0.06421525712,0.06719953314,0.07026262632,0.07366417227,0.07708792563,0.08036182908,0.08353089155,0.08700465446,0.09045916386,0.09398953015,0.09776145839,0.1010763964,0.1042961466,0.1076956607,0.1114631129,0.1150371145,0.1182400883,0.1214196698,0.1246467289,0.1277779656,0.1309530391,0.1341135998,0.136761557,0.1391340282,0.1417413211,0.1443681457,0.1467206953,0.1483600589,0.1500544446,0.1515776229,0.1530150386,0.154277563,0.1550425649,0.1553391495,0.1552206018,0.1555094959,0.1553811726,0.1546451048,0.1534704012,0.1518984241,0.1503361377,0.1484147911,0.1464143745,0.1436672288,0.1402943861,0.1369117122,0.1336695375
4,0.01237212595,0.0152191022,0.01552787757,0.01419874876,0.01244999711,0.00705090204,0.001285817351,-0.005943093002,-0.01566781824,-0.02472259894,-0.03571092833,-0.04700968341,-0.0574027902,-0.06869972839,-0.07823063951,-0.08673334278,-0.09418930762,-0.09892917535,-0.1022203093,-0.103389382,-0.1028037489,-0.1001716702,-0.09628202826,-0.09150740147,-0.08547148388,-0.07995846855,-0.0739655758,-0.06827167967,-0.06398627072,-0.05942523925,-0.05654395439,-0.05454099381,-0.05260977381,-0.0525212565,-0.05208010065,-0.05182208547,-0.05176221596,-0.05032584719,-0.04828676243,-0.04475548449,-0.039599914,-0.03245307214,-0.02347765502,-0.01292443888,-0.0005300797546,0.01263664531,0.026823497,0.04130031916,0.054956189,0.06869394519,0.08068791288,0.09114450456,0.1003958464,0.1064697353,0.1109144692,0.1130314161,0.112393847,0.109838709,0.1046958628,0.09764769455,0.08900156375,0.07839417017,0.06682470764,0.05436108503,0.04158738157,0.02867080738,0.01633226175,0.004899569485,-0.005737668026,-0.0140647858,-0.0210410374,-0.0262367022,-0.02913717119,-0.03069037591,-0.03027018608,-0.02862306459,-0.02646902968,-0.02300636223,-0.01986814953,-0.01693877722,-0.01501741364,-0.01395246333,-0.01378568492,-0.01344700815,-0.006160490636,0.01805242381,0.04170252345,0.06138926908,0.07229818071,0.06620608357,0.0597898612,0.0530889775,0.05002781548,0.04373758787,0.04183497397,0.04363085534,0.04773513107,0.05193056696,0.05324979351,0.05095638168,0.04629536339,0.04403798907,0.04343221242,0.04369237249,0.04468284458,0.04572803726,0.0470403744,0.04878138598,0.0501876107,0.05188684665,0.05388113201,0.05594275945,0.05803936419,0.06030169649,0.06275865252,0.06505089722,0.06748052926,0.0703156494,0.07321452497,0.07598760393,0.07870370133,0.08181318269,0.08492865291,0.08817576261,0.09174533785,0.09491106222,0.09802461269,0.1013790305,0.1051860698,0.1088414248,0.1121734176,0.1155594116,0.119055015,0.1224704954,0.1259862409,0.1295668174,0.1326579207,0.1355078045,0.1386405708,0.1418306191,0.1447667429,0.1469973194,0.1493391778,0.1515127689,0.1535955639,0.1555324648,0.1569664535,0.1579229358,0.1584340231,0.1593854338,0.1598901993,0.1597403677,0.1591290267,0.1580786314,0.1570272606,0.1555387631,0.1539727465,0.1515662726,0.1484473706,0.1453033318,0.1422273962
4.1,0.001385819188,0.008755418778,0.01413037091,0.0183860121,0.02209191734,0.02259531941,0.02214505761,0.01971249908,0.01473526943,0.008642206944,0.0002205277665,-0.009599905143,-0.02031641077,-0.03244518154,-0.04465952843,-0.05696489539,-0.06885154629,-0.07953622671,-0.0888735534,-0.0964001416,-0.1021651263,-0.1052007317,-0.1063625467,-0.1056359126,-0.1028242978,-0.09906178979,-0.09401363007,-0.08846017672,-0.08322531188,-0.07768597705,-0.07319404116,-0.06949267812,-0.06642722098,-0.06499342646,-0.0641560213,-0.06415276995,-0.06475828507,-0.0654089774,-0.06587639535,-0.06553795839,-0.06424493818,-0.06096163277,-0.05598076537,-0.04904946163,-0.03963486532,-0.02869542164,-0.01571776607,-0.001495703068,0.01290971342,0.02840633189,0.04297488293,0.05671519364,0.06966867963,0.08007679533,0.08897833641,0.09563726041,0.09974269642,0.1015023923,0.1006430625,0.09756802629,0.09226550775,0.08478680482,0.07556394381,0.06486179439,0.05340963723,0.04078507184,0.02830807083,0.01612412993,0.004104885087,-0.005892382576,-0.01494235703,-0.02232777689,-0.02741332663,-0.03107552561,-0.03250797487,-0.03247166558,-0.0315399025,-0.02902707685,-0.02648776118,-0.0238945637,-0.02242450257,-0.02119351595,-0.01870031951,-0.01476218047,-0.0043261544,0.02130393008,0.04420301641,0.06211354499,0.07153380958,0.06437721577,0.05770867857,0.05086793263,0.04794600668,0.04177872542,0.04153181414,0.04695170083,0.05597559569,0.06504346073,0.07005937226,0.06917269027,0.0632749083,0.06016919774,0.05889343502,0.05840107316,0.05845947256,0.05856182288,0.05885201601,0.05968504556,0.06001636909,0.06061250517,0.06147662663,0.06237527119,0.06334418421,0.0644121823,0.06572945453,0.06681811581,0.06808647302,0.06977613383,0.07156217866,0.073236097,0.07487934602,0.07699979251,0.07913737132,0.08145893278,0.08418530499,0.08655866237,0.08893970246,0.0916270127,0.09484893101,0.09798842037,0.1008688496,0.1038974978,0.1071235776,0.1102987483,0.1136600749,0.117190316,0.1202824704,0.1232079454,0.1264826565,0.1298798614,0.1330808669,0.1356191913,0.1383564738,0.1409598207,0.1434965656,0.1459540312,0.1479327632,0.1494612253,0.1505457494,0.1521335352,0.1532758751,0.1537495865,0.1537674182,0.1533321736,0.1529188485,0.1520165975,0.1510597707,0.1491961875,0.1465576208,0.1439016785,0.1412601228
4.2,-0.0125130377,-0.004496595793,0.002629009267,0.009693833131,0.0170047583,0.02204291695,0.02653034996,0.02932363892,0.02982687844,0.02890190465,0.02549348778,0.02020723251,0.01325910895,0.004159563872,-0.006123388085,-0.01754403406,-0.02964156974,-0.0419223236,-0.05390199889,-0.0651027891,-0.07526536493,-0.08338144261,-0.08976545313,-0.09413439286,-0.09631189126,-0.09650944624,-0.09491443725,-0.0920403371,-0.08831261476,-0.08399020974,-0.07975667593,-0.07587017818,-0.07274718697,-0.0706268325,-0.06965417199,-0.06981838033,-0.07079127233,-0.07297920821,-0.07541128318,-0.07785494487,-0.08014270935,-0.08100059395,-0.08064093316,-0.07839437617,-0.07370994255,-0.06678637296,-0.05728025511,-0.04569769712,-0.03253828574,-0.01764506026,-0.002275395457,0.01324548427,0.0283643659,0.04237920159,0.0549643516,0.06568718891,0.07445280833,0.08043364578,0.08410486721,0.08534580074,0.08392320393,0.08018181481,0.07407590014,0.06606178423,0.05666010346,0.04550168082,0.03378617725,0.02166306496,0.00944089586,-0.001868659415,-0.01233353989,-0.0214153876,-0.02890755538,-0.03429471863,-0.03787877789,-0.03981996438,-0.0400993778,-0.03919648875,-0.0374485431,-0.03542002898,-0.03469271734,-0.03287475949,-0.02766579294,-0.01847296289,-0.00230413303,0.02738750101,0.05108804583,0.06704837131,0.0734404975,0.06331826295,0.05528227912,0.04819308755,0.04570819941,0.03935927546,0.03983293143,0.04787179378,0.06135420719,0.07573351916,0.08559278242,0.08764139687,0.08212617568,0.07849756197,0.07680212336,0.07576860395,0.07506717779,0.07438337413,0.07374392022,0.07371603107,0.0730184773,0.07249795752,0.0722005493,0.07187731326,0.07160996443,0.07136798195,0.07137985964,0.07108087996,0.07099343452,0.07127627169,0.07168055567,0.07197098213,0.07221794885,0.07301913349,0.07382061549,0.07484493863,0.07634617909,0.07752146799,0.07877648903,0.08039334376,0.08260623539,0.08482819363,0.08685746524,0.08913091112,0.09170563767,0.09426447552,0.09711669844,0.1002532093,0.1030237961,0.1057382306,0.1088764556,0.1122232255,0.1154658605,0.1181181797,0.1210779996,0.1239663265,0.1268433338,0.1297336858,0.1321934593,0.1342648168,0.1359178657,0.1381650289,0.1399908693,0.1411632114,0.1419101084,0.1422001849,0.1425725611,0.1424289664,0.1422565369,0.1411388049,0.1391967559,0.1372606537,0.1353092045
4.3,-0.01306948569,-0.008295038357,-0.003241571572,0.002805303722,0.009993967714,0.01647056012,0.02319951377,0.02915661906,0.03368232335,0.03727002783,0.03884827967,0.03869354394,0.03689865606,0.03268649782,0.02690347944,0.01943383168,0.01040801471,0.0003687256828,-0.01053094449,-0.02175970571,-0.03287210374,-0.04339634559,-0.05291468616,-0.0611646712,-0.06788909043,-0.07264466954,-0.07572086366,-0.07722535546,-0.07738533278,-0.07640236602,-0.0748502263,-0.07309416016,-0.07152957117,-0.07057611304,-0.07046099091,-0.07134625376,-0.07319483502,-0.07632447307,-0.08016946452,-0.08450545442,-0.089100279,-0.09311768859,-0.09632750553,-0.09807569576,-0.09776895137,-0.0950877979,-0.08969394352,-0.0817476818,-0.07140862102,-0.05861130675,-0.04428615782,-0.02887583553,-0.01316367044,0.002573391253,0.0173657014,0.03081224932,0.04287459517,0.05221145145,0.05955361032,0.06450057325,0.06661119035,0.06645592269,0.06359756883,0.05858825647,0.05191117527,0.04296951465,0.0330868423,0.02230496763,0.01101745212,-8.302815211e-06,-0.01056726142,-0.02011961277,-0.02860300565,-0.03499720768,-0.03991950376,-0.0432664999,-0.04470635268,-0.04516151115,-0.04439168793,-0.04318970193,-0.04318807204,-0.04286679873,-0.03821668961,-0.02617775686,-0.00404649697,0.03254195312,0.06085207551,0.07772090851,0.0817997828,0.06756759084,0.0567840048,0.04870294345,0.04622159266,0.03930617915,0.03882388798,0.04662794254,0.06159956114,0.07951793974,0.09398877063,0.100092802,0.0972471661,0.09373413948,0.09215069727,0.09111382138,0.09016511115,0.08919948743,0.08809543585,0.08763540481,0.08634687697,0.08507611222,0.08397617999,0.08276968211,0.08155867822,0.08030164901,0.07923412677,0.07774970102,0.07649805062,0.07549300108,0.07462293793,0.0736081052,0.07247005432,0.0719463112,0.07136576825,0.07102096204,0.071196117,0.07100864557,0.07097344713,0.071325221,0.0722913023,0.07336326476,0.07428280575,0.07551644664,0.07715072667,0.07879681973,0.08084615096,0.08328000096,0.08542370445,0.08764055604,0.0903486082,0.09335926186,0.09638020895,0.09890146387,0.1018384631,0.1047872342,0.1078181,0.1109556601,0.1137319368,0.1162150124,0.11831253,0.12113464,0.1235678556,0.1253912278,0.1268548063,0.1278354822,0.1290188093,0.1296883094,0.1303296049,0.1300460543,0.1288843141,0.1277664289,0.1266564947
4.4,0.001598966578,0.002627071421,0.004082860614,0.007001688476,0.0116913889,0.01668327114,0.02283677865,0.02916167479,0.03513694133,0.04094158278,0.04560258078,0.04912735124,0.05124132342,0.05150529255,0.05005142472,0.04680077786,0.0418775458,0.03517108532,0.02715289545,0.01803500962,0.008145180825,-0.002091898056,-0.01227466992,-0.02200894423,-0.03106758176,-0.03868999116,-0.04512456731,-0.05020250721,-0.05380324396,-0.05624500174,-0.05765490613,-0.05848832543,-0.05912472934,-0.05982851489,-0.0610620232,-0.06298751337,-0.06586826486,-0.06981373102,-0.07476662205,-0.08053290829,-0.08666778908,-0.09321191589,-0.09920686171,-0.1042738086,-0.1080547706,-0.1094032939,-0.1084563043,-0.1048168491,-0.09830410014,-0.08898870309,-0.07729202898,-0.06377327668,-0.04911614816,-0.03359060587,-0.01826692528,-0.003632828635,0.01001475372,0.021603513,0.03138176311,0.03898057186,0.04402873982,0.04669278298,0.04679257572,0.04467211115,0.04069639334,0.03440006486,0.02687168035,0.01822757586,0.00878199878,-0.0007440533421,-0.01015078547,-0.01891694729,-0.0268425471,-0.03317302399,-0.03819034264,-0.0418350826,-0.04385594426,-0.04480897989,-0.04468966863,-0.04410224791,-0.04446978703,-0.04739041612,-0.04772125093,-0.03794123465,-0.01253566767,0.03203962416,0.06880398881,0.09110557412,0.09593955969,0.07818990153,0.06388162498,0.05406732293,0.05152519738,0.04470530423,0.04269154998,0.04739131235,0.0594111269,0.07685412492,0.09374409903,0.1037757621,0.105401051,0.1029432906,0.1021188598,0.1017269355,0.1012499322,0.1005367042,0.09962734923,0.09937187447,0.09804059318,0.09663536888,0.09523842936,0.09365280613,0.09207721803,0.09024658613,0.08855366812,0.08631153362,0.08423048533,0.08234074658,0.08050503265,0.0784649027,0.07621533138,0.0745077844,0.07272086306,0.07115116714,0.07004310759,0.06854647076,0.06720777804,0.0662401771,0.06589433514,0.0656699664,0.06534516701,0.06535642246,0.06580791284,0.06632812629,0.06730919218,0.06874597374,0.06999477422,0.07140939854,0.07337649579,0.07572622495,0.07819632818,0.08031243802,0.08291663083,0.0856256579,0.08854562311,0.09163605048,0.0944780242,0.097161682,0.09948753866,0.1026925756,0.1055391312,0.1078621997,0.1099485304,0.1114901019,0.1134108538,0.1148428051,0.1162136216,0.1167801069,0.1164085122,0.1161270187,0.1159208448
4.5,0.01984996931,0.01854378615,0.0171358722,0.017042627,0.01903585062,0.02139157679,0.02569484542,0.03083911466,0.03629998874,0.04271088994,0.04864962411,0.05422980679,0.05895362492,0.06246213855,0.0644982093,0.06485415007,0.06375030126,0.06037718073,0.05558636268,0.04925531222,0.04139309588,0.03276702369,0.02328768456,0.01359957398,0.003954736465,-0.004976508053,-0.01314116592,-0.02033825095,-0.02601096437,-0.03078025627,-0.03412670046,-0.03657232201,-0.03880745421,-0.04016100215,-0.04203894083,-0.04429631643,-0.04707503276,-0.0511942139,-0.05617345387,-0.06227706842,-0.06908980321,-0.07693722376,-0.08482060453,-0.09238014176,-0.09965038937,-0.1047546541,-0.1083747492,-0.109626583,-0.1077081683,-0.1033746522,-0.09586029682,-0.08598075065,-0.07442597531,-0.06088419295,-0.04693422673,-0.03286262286,-0.01920710985,-0.006839327882,0.004091055464,0.01316601578,0.02021522275,0.02477757446,0.02713846843,0.0273431028,0.02549921214,0.02160156796,0.01617543297,0.009559270713,0.002017600139,-0.005881621899,-0.01384521534,-0.0214669244,-0.02830276134,-0.03407987572,-0.03857169907,-0.04184406957,-0.043956599,-0.04468298845,-0.04471464272,-0.04429048979,-0.04450933964,-0.04919516913,-0.05428780069,-0.04863994481,-0.02284887934,0.0278165229,0.07313755204,0.1028862937,0.1113545374,0.09237536625,0.07566002263,0.06430640472,0.06170270073,0.05518020047,0.05128141369,0.05093741996,0.05640803274,0.06932259049,0.08574632416,0.09867172928,0.105524637,0.1051027939,0.1055288061,0.1062635523,0.1069873404,0.1068485486,0.1067411158,0.1072737134,0.1062682289,0.1053960423,0.1041223807,0.102591909,0.101298146,0.09922550496,0.09739186271,0.09486422909,0.09223651804,0.08998378198,0.08751240335,0.0847723069,0.08184010114,0.07911689333,0.07642752083,0.07390614358,0.07161947814,0.06906043759,0.06653016417,0.06432191597,0.06277597316,0.06121162432,0.05967262119,0.05843464167,0.05758859208,0.05691831907,0.05668193694,0.05694995583,0.05715628858,0.05759098666,0.05860309552,0.06003574783,0.06173275288,0.06322621488,0.06527780144,0.06753454383,0.07006327902,0.07291294402,0.07559867383,0.07829634253,0.08077576068,0.08409842419,0.0872083576,0.08994332768,0.09248055664,0.09460809472,0.09716971146,0.09926871655,0.1014282925,0.1027414175,0.1032417074,0.1038836491,0.104469338
4.6,0.03236691804,0.03049540312,0.02799413411,0.02635913991,0.02638374945,0.02678463934,0.02913754716,0.03262662186,0.03696814979,0.04282885484,0.04896893872,0.0554447113,0.06169363571,0.06747656744,0.07223129136,0.07567001411,0.07793363985,0.07793535849,0.07649483114,0.07331331612,0.06817806159,0.06189862326,0.0541282902,0.04554098326,0.0364878908,0.02730510933,0.01847461073,0.010171938,0.003030205566,-0.003234514826,-0.008089145311,-0.01183264907,-0.01512112771,-0.0170213004,-0.01911961146,-0.02125642221,-0.02349306267,-0.02702975403,-0.03123978417,-0.03665986916,-0.04311515203,-0.05087382106,-0.05930034468,-0.06801395987,-0.07714726615,-0.08497303558,-0.09203918097,-0.09737970192,-0.09991497623,-0.1004726154,-0.09771616146,-0.09236124612,-0.08496606942,-0.07481668603,-0.06364828257,-0.05160088999,-0.03933792075,-0.02756565927,-0.01674136236,-0.007345263178,0.0005551197483,0.006062849404,0.009716939824,0.01133240434,0.01082287477,0.008463730757,0.004389629646,-0.0009232600221,-0.007268154557,-0.0141439694,-0.02122852287,-0.02817566202,-0.03433250037,-0.03981252906,-0.04395877872,-0.04693871737,-0.04906202638,-0.04943803683,-0.0493521676,-0.04873855602,-0.04849646684,-0.05131285844,-0.05699386848,-0.05388712275,-0.02991532824,0.02280830557,0.07383602474,0.1111469299,0.1259378739,0.1090493024,0.09163538059,0.07788198411,0.07296930356,0.06515233304,0.05902112356,0.05375964945,0.05190599396,0.05816389533,0.07176853529,0.08633542296,0.09873471046,0.100781349,0.1028149549,0.105021274,0.1071692987,0.1080066291,0.1090165817,0.1106413457,0.1104145352,0.1103186559,0.1095158467,0.108411413,0.1076936533,0.1058396228,0.1041846625,0.101707061,0.09897424081,0.09665794685,0.0939529342,0.09091985068,0.08759584538,0.08426766078,0.08101116043,0.07787662714,0.07480213008,0.07142859685,0.0680350351,0.06488870288,0.06234088246,0.05972865259,0.05718770222,0.05487696058,0.0529450014,0.051178998,0.04985372331,0.04904597818,0.04824434959,0.04781068895,0.04786422497,0.04833920249,0.04927910972,0.05010316909,0.05158078567,0.05334302379,0.05535617295,0.05790733282,0.06034125014,0.06298853561,0.06561308938,0.06888826327,0.07215646169,0.07523298499,0.07812872629,0.08082504674,0.08393045926,0.0865883077,0.08947434137,0.09144530654,0.09279705583,0.09432220118,0.09556255658
4.7,0.03660336686,0.03595836255,0.03414929689,0.03267101782,0.03213666056,0.03170260947,0.03274044172,0.03476624382,0.03781895389,0.04241987717,0.04784090271,0.05408190573,0.06064019758,0.06750962817,0.07391169114,0.07956853782,0.08450269089,0.08758643952,0.0894274409,0.08962055658,0.08778475193,0.08462670715,0.07962039002,0.07332638958,0.06619764937,0.05805153347,0.04981315264,0.0415570093,0.03367620405,0.02663084953,0.02047112594,0.01531254102,0.01089754438,0.007697997878,0.004817956571,0.002178792744,-0.0003489923941,-0.003652718575,-0.007510012462,-0.01238053612,-0.0182964292,-0.02552247012,-0.03369068016,-0.04252146984,-0.05203350747,-0.06110630765,-0.0698351624,-0.07741556878,-0.0829545004,-0.08669671595,-0.08760587219,-0.0860198799,-0.08211586787,-0.07548298804,-0.06724894156,-0.05766603856,-0.04755231406,-0.03709157959,-0.02729804354,-0.01851539094,-0.0107251705,-0.005242546195,-0.001257781014,0.0008084238089,0.0007584641329,-0.0009804266646,-0.004519714177,-0.00930429424,-0.01520456939,-0.02168869014,-0.02849006352,-0.03526453288,-0.04120635396,-0.04670811466,-0.05078847026,-0.05369919142,-0.05588624224,-0.056035398,-0.05580293328,-0.05491752056,-0.05427178351,-0.0542135624,-0.05840036139,-0.05663661943,-0.03577980469,0.0157442542,0.06945917877,0.1134445861,0.1358917153,0.1233716103,0.1068226291,0.09049367823,0.08215334175,0.07276032425,0.06590995216,0.05804536623,0.05002591168,0.04841696366,0.05650612065,0.07026163839,0.08690883856,0.09112066052,0.09468333783,0.09830823048,0.1017267798,0.1036476452,0.1058316323,0.1086431278,0.1094595912,0.1102279812,0.1101113193,0.1096927259,0.1097781338,0.1085355695,0.1073503075,0.105243171,0.1028261029,0.1007917722,0.09829533727,0.09542467665,0.0920947834,0.08865392245,0.08528099202,0.08200175058,0.07865622031,0.07490095356,0.07113338277,0.06752535793,0.06439855835,0.06120931256,0.05809333539,0.05512080039,0.05251540054,0.0499925373,0.04791359704,0.0463352792,0.04481304044,0.04378316361,0.0430798198,0.04275528392,0.04306201256,0.04335764595,0.04436076044,0.04567408239,0.04717415441,0.04936244932,0.05150933943,0.05407395239,0.05674711948,0.05983890375,0.06306872764,0.06628855945,0.06942426205,0.07246723184,0.07588649193,0.07883857437,0.0821057249,0.084543646,0.08647179201,0.08857323085,0.09019706957
4.8,0.03045403781,0.03216036882,0.03242420693,0.03262388127,0.03310005386,0.03332703003,0.03434436671,0.03592052022,0.03830739228,0.04182628416,0.0462671449,0.05160938829,0.05757042871,0.06424545161,0.07097556241,0.0775254697,0.08373658139,0.0888794085,0.09306273667,0.09595641868,0.09718994203,0.0970756775,0.09522819346,0.0919252771,0.08761039069,0.08180538815,0.07553269395,0.06880653138,0.06168393682,0.05520034513,0.04888177862,0.04316176436,0.03820297322,0.0338262593,0.03003081094,0.02647541252,0.02299525884,0.01918013193,0.01485149489,0.009769173942,0.003702341184,-0.003409540982,-0.0115328151,-0.02041973479,-0.02983843378,-0.03944612493,-0.04871623867,-0.05715613236,-0.06417873094,-0.06936437238,-0.07227636471,-0.07286824898,-0.07110389835,-0.06687278047,-0.06080303676,-0.05326496627,-0.04502872526,-0.03612484386,-0.02768190016,-0.01999621979,-0.01309818521,-0.008275884846,-0.004800816774,-0.003112474086,-0.003420595525,-0.005340289298,-0.008991150213,-0.01385347001,-0.01979941508,-0.02632767105,-0.03316587537,-0.03998052114,-0.04599346727,-0.05154751046,-0.05570387656,-0.05868896097,-0.06092527606,-0.06111388886,-0.0608766443,-0.0599426395,-0.05927343526,-0.05821572854,-0.06087750506,-0.05863588669,-0.03929010587,0.01042702091,0.06407511232,0.1117570284,0.14057729,0.1333145601,0.1198173052,0.1026989228,0.09142156518,0.08031358938,0.07336859432,0.06451482183,0.05163314086,0.04123466472,0.04043299203,0.04922361929,0.06702699331,0.07288106425,0.07790017912,0.08296760692,0.087654737,0.0909651608,0.0946106622,0.09896675515,0.1013271795,0.1033670972,0.1044501712,0.1052601805,0.1066892273,0.1066898402,0.1065625079,0.1054301752,0.103962706,0.1028401225,0.1012055172,0.0991408057,0.09644553782,0.09353601387,0.09067956912,0.08788453906,0.08487713319,0.08136012579,0.07779750308,0.07428281066,0.07114169128,0.06785586424,0.06464980711,0.06148619988,0.05860105158,0.05570567323,0.05317404494,0.05109652076,0.04914478555,0.04766241301,0.04634712615,0.0453173572,0.04495195806,0.04475585899,0.04522541428,0.04596214584,0.04680732819,0.04834573842,0.04998591499,0.05221130543,0.05456031918,0.05714821841,0.05990961651,0.06281552285,0.0658335327,0.0687417023,0.07201089923,0.07475765161,0.07784472376,0.08034406612,0.08234425025,0.08451794816,0.08608722673
4.9,0.01267793779,0.01675868983,0.01926613095,0.02164370709,0.02408594126,0.02598952555,0.02833858929,0.03087122972,0.03400139823,0.03772925352,0.04227860687,0.0475843855,0.05332550028,0.0600249714,0.06680009874,0.07364011989,0.08045103835,0.08647190073,0.09187633105,0.09625478707,0.09927863608,0.1011194712,0.1014217733,0.1003530266,0.09824277051,0.0946523841,0.09043229337,0.08561752911,0.0801455365,0.07513019172,0.0699673768,0.06512703259,0.06098154715,0.05695436886,0.05352298173,0.05019578223,0.04669469197,0.0430230247,0.03862779163,0.03348142153,0.02728154978,0.0199991721,0.01159807456,0.00226126806,-0.007515114312,-0.01798208463,-0.02805191946,-0.03744096879,-0.04590267965,-0.05222217134,-0.05671129071,-0.05893455156,-0.05861100737,-0.05616540317,-0.05160930475,-0.04556658608,-0.03879282698,-0.03115442462,-0.02392590893,-0.01731466317,-0.01144342131,-0.007459529858,-0.004780310776,-0.003797297848,-0.004668862426,-0.007124629956,-0.01117516985,-0.01637704374,-0.02255888652,-0.02927256487,-0.03620491841,-0.04303396728,-0.04912166771,-0.0545636372,-0.05870210914,-0.06167925261,-0.06381262389,-0.06410470127,-0.06390275251,-0.06307817254,-0.06265101577,-0.06318928696,-0.06483014185,-0.05958871155,-0.03804918612,0.01152312539,0.06319466679,0.110425085,0.1421931449,0.1392912194,0.1300944216,0.1139741505,0.1004623036,0.08671733567,0.07871723781,0.06925677497,0.05300289652,0.03451082647,0.02315893463,0.02372827121,0.04016419734,0.04761016652,0.0543793009,0.06122309478,0.06742423317,0.07267539974,0.0782521387,0.08466321408,0.08919593745,0.09302435147,0.09590631236,0.09853787372,0.1018761731,0.1037315046,0.1052340268,0.1056494474,0.1056908689,0.1060330133,0.1057952726,0.1050411597,0.1035115394,0.1016049266,0.09973152317,0.09786672909,0.09557924429,0.0927477613,0.08973743398,0.08663355096,0.08384993556,0.08067375619,0.07762053681,0.07449890151,0.07144352794,0.06834252465,0.06539567929,0.06283274642,0.06051447356,0.05841491984,0.0564032844,0.05454851638,0.05320081244,0.05232071851,0.05194459194,0.05173995059,0.05160373331,0.05198798404,0.05271322388,0.05413239799,0.05556091952,0.05721059371,0.05894745634,0.06094899666,0.06335973652,0.06554858921,0.06814027828,0.07013983623,0.07249667838,0.07462272117,0.07618632497,0.07797034711,0.07910794633
5,-0.01246415724,-0.007276369334,-0.003550829281,0.0001615802247,0.00379028334,0.007104803732,0.01065202014,0.0142988723,0.01878376295,0.02338700247,0.02910027956,0.03560312191,0.04226088477,0.05046468504,0.05851070275,0.0667592803,0.07535417951,0.08287534113,0.09011762469,0.0963203223,0.1010998789,0.1047688737,0.1067525019,0.107334969,0.106581863,0.1044308609,0.1013296694,0.09742521574,0.09309881955,0.08856475534,0.08417732056,0.08009004844,0.07624485067,0.0731741239,0.07028606736,0.06752602905,0.0649346529,0.06161760519,0.05783625334,0.05314675854,0.04702293894,0.03993188815,0.03128146816,0.02148682477,0.01112535197,-0.0003367485844,-0.011470581,-0.02208406513,-0.03188424694,-0.03946753941,-0.04520219912,-0.04851184159,-0.04914238486,-0.04741395668,-0.04342346664,-0.03785160523,-0.03131728757,-0.02405151024,-0.01707000844,-0.01070687192,-0.005362669876,-0.001675469806,0.0004057007056,0.0007029271218,-0.0007324028933,-0.004125328509,-0.008959583546,-0.0150054469,-0.02211341355,-0.02960232018,-0.03733457764,-0.04484262436,-0.05159852412,-0.05748131307,-0.06204615357,-0.06539102642,-0.06766734602,-0.06828903246,-0.06824684541,-0.06761378678,-0.06753129691,-0.0713358603,-0.07362416855,-0.06524146594,-0.03926066382,0.01279282053,0.06312691589,0.1078350208,0.1395418722,0.1393062356,0.1344571017,0.1204311678,0.1053988366,0.08807178642,0.07783553842,0.06818368015,0.05135813072,0.02882114014,0.009656994345,0.001945333103,0.01532567326,0.02430315242,0.03275404999,0.04126747187,0.04885075879,0.05602105772,0.06348696106,0.071914799,0.07864876616,0.08429388211,0.0890119719,0.09351025308,0.09882159263,0.1025845635,0.1057855544,0.1078403132,0.1094625647,0.1113606189,0.112591537,0.1132210908,0.1129810401,0.1121472124,0.1113510991,0.110507796,0.1089896891,0.1069738723,0.1045854402,0.101959241,0.09965152081,0.0966081376,0.09377155015,0.09076199006,0.08754582524,0.08430061327,0.08093250569,0.07787795021,0.07521192907,0.07238728566,0.06964140582,0.06691434637,0.06442484026,0.06274562772,0.06135829212,0.06002169882,0.0587242423,0.05769742569,0.05728342137,0.05760936948,0.05776798667,0.05823616178,0.05864395048,0.05939123229,0.06086018243,0.06199619427,0.06358037134,0.0644894101,0.06582894679,0.0672693319,0.06806388481,0.06917141273,0.06962075372
5.1,-0.03711944239,-0.03212590207,-0.02863981938,-0.02515204882,-0.02163915677,-0.01857174088,-0.01512894785,-0.01147900339,-0.006989547888,-0.001947312848,0.004356134071,0.0117816258,0.0198503364,0.02974517618,0.03995536623,0.05068347005,0.06202776747,0.07249450346,0.08277286917,0.09201468773,0.09962343185,0.1060196662,0.1103312931,0.1129003201,0.1138218819,0.1127746005,0.1104691346,0.1069584665,0.1028565239,0.09816587646,0.09367644657,0.08959747269,0.0854837871,0.08301890428,0.08056521847,0.07845773617,0.07733264094,0.07478518742,0.07243091515,0.06906713642,0.06361086756,0.05762363349,0.04919108262,0.03928775851,0.028491839,0.0158389343,0.003256002374,-0.009274028325,-0.02092491272,-0.03077988098,-0.03837498503,-0.04313239063,-0.04536368656,-0.04382519542,-0.04009064072,-0.03437246366,-0.0266571687,-0.01895671007,-0.01077992219,-0.003255858688,0.002520869921,0.00733238038,0.009677178194,0.009995426509,0.00872756705,0.00449110356,-0.001022458652,-0.008052053493,-0.01661142654,-0.02532812119,-0.03462808179,-0.04366627642,-0.05182046014,-0.05910177208,-0.06482282726,-0.06918256929,-0.07222647364,-0.07347787309,-0.07384870693,-0.07346877417,-0.07367035931,-0.08110428487,-0.08681624177,-0.07790627834,-0.04750064019,0.009603667629,0.06131070402,0.1040367098,0.1340910276,0.1348343508,0.1336797365,0.1221693015,0.1060626635,0.08503240428,0.07223965693,0.06343460332,0.04958264188,0.02855479173,0.006723554937,-0.00745033891,0.000709939007,0.0105984944,0.01988492918,0.02923054827,0.03752487027,0.04585487593,0.05458356958,0.06440347762,0.0727643919,0.07980987733,0.08590277054,0.0918653118,0.09883657794,0.1041600135,0.1087743653,0.1122383092,0.1152178051,0.118475734,0.1209864314,0.1228518203,0.1237812718,0.1238913789,0.1240773342,0.1241729869,0.1233446806,0.1220807034,0.1202712325,0.1180905972,0.1162109781,0.113287784,0.1106451386,0.1077203019,0.1043452307,0.100929394,0.0971366541,0.09358395234,0.09051544513,0.08694801821,0.08343075021,0.07979164591,0.0761345925,0.07353851725,0.07105967112,0.0685023801,0.06590440233,0.06338187088,0.06167908171,0.06071937177,0.05943871732,0.05854415411,0.05746330622,0.05675528618,0.05702134499,0.05692474031,0.0572791341,0.05687779541,0.05705875887,0.05757471892,0.05738491781,0.05763130359,0.05722911169
5.2,-0.05312909583,-0.04860976111,-0.04571588359,-0.0430640452,-0.04029396205,-0.03866255173,-0.03656024926,-0.03431706895,-0.03190950259,-0.02800005316,-0.02323493984,-0.01706698063,-0.008945155912,0.0004504022335,0.01167072864,0.02411491346,0.03698900956,0.05087414561,0.06415706288,0.07673963504,0.08844333612,0.09792292071,0.1057302127,0.1113412634,0.1145960361,0.1156658468,0.1146491316,0.111993475,0.1080277544,0.1032832731,0.09826041469,0.09338915655,0.08914748247,0.0859142703,0.08368900655,0.08237555505,0.0816112451,0.08133321048,0.08068031966,0.07915744493,0.07668974852,0.07188685723,0.06538986321,0.0569487181,0.04584592479,0.03380883823,0.01995338621,0.005499024618,-0.007677696946,-0.02098798242,-0.03118347542,-0.03854215242,-0.04359217412,-0.04332343068,-0.04072881701,-0.03524859904,-0.02700642014,-0.01828853413,-0.008631715337,0.0004523091897,0.008128402947,0.0143143901,0.01809058084,0.0195814648,0.01871778062,0.01504624293,0.009296639236,0.001683848665,-0.00751014531,-0.01762228629,-0.02823849399,-0.03878988248,-0.04857278313,-0.05731284084,-0.06442351028,-0.06994044056,-0.07398600945,-0.07585544774,-0.07669474398,-0.07656949097,-0.07687424419,-0.08780233808,-0.09840259142,-0.09095422504,-0.05639547599,0.007530504696,0.06281319163,0.1042785733,0.1312871317,0.1307007624,0.1312255436,0.1214887693,0.1046845129,0.08103744514,0.06631472879,0.05882179195,0.04934586722,0.03295585878,0.01278939048,-0.004773066254,-0.00250845626,0.007838917903,0.0170822777,0.02639479403,0.03470155019,0.04329771628,0.05254132512,0.06296345964,0.07221787695,0.08009389024,0.08693212555,0.09380039532,0.101965689,0.1083622406,0.11393915,0.1184302242,0.1224114987,0.1266680204,0.1301280804,0.1329528197,0.1347600824,0.1355361006,0.1364569582,0.1372627294,0.1369093461,0.1361399776,0.1347255075,0.1328129797,0.1311207227,0.1281830527,0.1255623331,0.1225280452,0.1188638634,0.1151023365,0.1107727082,0.1065929759,0.1029315129,0.09854825818,0.09412834431,0.08945210099,0.08458700256,0.08091695786,0.07725183093,0.07339453441,0.06938350922,0.06534559182,0.06225624436,0.05991571689,0.0571595473,0.05483206797,0.05224708789,0.05005969689,0.04905146826,0.04772520205,0.04684159779,0.04515361181,0.04424092229,0.04385310999,0.04272547974,0.04217730711,0.04105148427
5.3,-0.06382720651,-0.05900118232,-0.05558875951,-0.05261356061,-0.04970057752,-0.04843926182,-0.04710145218,-0.04608990462,-0.04570129678,-0.04395648717,-0.04197808052,-0.03880406671,-0.03318653689,-0.02661833606,-0.01718808097,-0.005740036266,0.00644691648,0.0215688777,0.03639166191,0.05130012079,0.06654737469,0.07917517395,0.09092613091,0.1004464238,0.1069954233,0.1116190454,0.1132062891,0.1126253745,0.1102526143,0.1060559,0.1011427192,0.09578694644,0.09078943733,0.08655890121,0.08354179881,0.08177858663,0.08081108295,0.08127891263,0.08168481472,0.08170630401,0.08126373651,0.07842150789,0.07398546479,0.06728026899,0.05748746454,0.04609003868,0.03212685704,0.01685875476,0.00193597402,-0.01363700957,-0.02665157953,-0.03706631256,-0.0447691244,-0.0469996746,-0.04597584038,-0.04115801226,-0.03310336967,-0.02316832091,-0.0120535518,-0.001150135741,0.009016465649,0.01707417082,0.02303670677,0.02646117531,0.02684530366,0.02456334224,0.01944277722,0.01213058157,0.003043082506,-0.007591440354,-0.0188156955,-0.0302223549,-0.04095210378,-0.05066379261,-0.05865312995,-0.0648899781,-0.06955380578,-0.07168897283,-0.07269605229,-0.07256850256,-0.07285288444,-0.08606624087,-0.1012825171,-0.09660288879,-0.05953395277,0.01038818543,0.06913829096,0.1091458698,0.132060512,0.1284057808,0.1283619042,0.1186811549,0.1004366416,0.07435169614,0.05765455603,0.05098043357,0.04574417521,0.03559914186,0.02095243991,0.004567460833,0.003395844964,0.01460439612,0.02356568371,0.0325328771,0.04053156518,0.04881423936,0.05802494488,0.06836435781,0.07786961848,0.08598586339,0.09293639968,0.1001071847,0.1088840339,0.1157894449,0.1217423822,0.1267313177,0.1312154484,0.1359287459,0.1398402826,0.143164389,0.1453547969,0.1463281294,0.1475320101,0.1486135308,0.1483260866,0.1475841688,0.1461813533,0.1441659565,0.1422313973,0.1389699183,0.1360305665,0.1325406284,0.1283154175,0.12391475,0.1188351937,0.1138181469,0.1093264859,0.104016609,0.09856162892,0.09275165119,0.0866772984,0.08187562924,0.07704245029,0.07194569388,0.06659827269,0.06121241143,0.05687524678,0.05332090729,0.04931657647,0.04580579889,0.04201438276,0.03865095394,0.03666358845,0.0344424708,0.03267593226,0.03009518442,0.02848894808,0.02759215316,0.0259076854,0.02495324288,0.0235764879
5.4,-0.07718417188,-0.07203193417,-0.06716411458,-0.06259659346,-0.05882869127,-0.05588514135,-0.05402105142,-0.05306202099,-0.05274324878,-0.05305802552,-0.05323318176,-0.05295699845,-0.05139786601,-0.04826063097,-0.04275635856,-0.03469148405,-0.02478741276,-0.01123913476,0.003500754889,0.01943543139,0.03687747812,0.05268953244,0.06837856764,0.08230788527,0.09325375436,0.1024524841,0.1080607282,0.11099727,0.1114669454,0.1090915705,0.1051437907,0.09978176048,0.09424974249,0.08848823419,0.0839034433,0.08059270228,0.07796355177,0.0778885,0.07801843486,0.07852590887,0.07924003566,0.07804372622,0.07557348314,0.07071045201,0.0631588009,0.05273196789,0.03969860193,0.02477857391,0.008208842917,-0.008252335845,-0.02406056279,-0.03786236391,-0.04776147739,-0.05407578015,-0.0551652499,-0.05168838966,-0.04517704436,-0.0339661396,-0.0218780684,-0.009198039487,0.003857141125,0.01412241171,0.02298551932,0.02907441199,0.03182072682,0.03180231133,0.02851925232,0.02283048996,0.01478333672,0.00520039489,-0.005507187531,-0.01667092033,-0.02696558242,-0.03691166991,-0.04479655786,-0.05095293464,-0.0557016777,-0.05747867533,-0.05827720973,-0.05780373369,-0.05785420151,-0.07199225834,-0.09168676864,-0.09190698174,-0.05554196932,0.01812200041,0.07947430458,0.1179436566,0.1364870415,0.128964171,0.126427591,0.1143836183,0.09242181937,0.06263402129,0.04335197322,0.03727941258,0.03640808194,0.03357593423,0.02698700066,0.01555501428,0.01453102102,0.0272647602,0.03618080076,0.04497758524,0.05271334687,0.06048804801,0.06941820045,0.07923548473,0.08854662157,0.09639632901,0.1029674686,0.1099182286,0.1187107328,0.1256038818,0.1313474086,0.1362684158,0.1407099903,0.1453097602,0.1491467436,0.152443615,0.1544592574,0.1551156564,0.1560927723,0.1569543468,0.156287814,0.1550660566,0.1532365736,0.1507095249,0.1480957007,0.1441860139,0.1405755382,0.1362956283,0.1312540874,0.1259559501,0.1199562607,0.1139560403,0.1084848117,0.1022093784,0.09569573974,0.08878357898,0.08161526193,0.07578219714,0.06995714677,0.06384879206,0.05743231424,0.0510392678,0.04579538754,0.04139949026,0.03656887008,0.03233877384,0.02783810664,0.02380215795,0.0213401543,0.01874019127,0.01663136012,0.01372724565,0.01198067914,0.01112487723,0.009402632128,0.00855374388,0.007501088225
5.5,-0.09712438278,-0.09269941675,-0.08692944086,-0.08097592661,-0.07574647138,-0.0705737985,-0.06692267039,-0.06437957815,-0.06300961183,-0.06320051303,-0.06415944617,-0.0656672057,-0.06686780564,-0.06738452759,-0.06605862423,-0.06237328016,-0.05627251747,-0.04606643489,-0.03321265394,-0.01770845761,0.0003335124582,0.01899318288,0.03828264761,0.05672723978,0.0731984923,0.08759246895,0.09867981604,0.1066532626,0.1112354713,0.1123573338,0.110597008,0.1063470485,0.100927325,0.0940384185,0.08772478435,0.08224818543,0.07737312019,0.07552208155,0.07446233471,0.07460922546,0.07581831683,0.07602366518,0.07557209555,0.07307291829,0.06803768141,0.05986964273,0.04863226545,0.03475921371,0.01827641605,0.000702497355,-0.01735653989,-0.03434895009,-0.04823097512,-0.0587788765,-0.06388940054,-0.06379440623,-0.0595119822,-0.04933233003,-0.03699062493,-0.0229394929,-0.007852862589,0.005407170746,0.01744091275,0.0268211644,0.03313557332,0.03613761517,0.03590305592,0.03295620041,0.02702945957,0.01953698578,0.01027426304,0.000218523018,-0.009057702725,-0.01859625397,-0.02600291095,-0.03178143642,-0.03635352064,-0.03763023011,-0.03806369719,-0.03714682668,-0.03667960718,-0.05003120102,-0.07314231879,-0.0790001902,-0.04548099171,0.0303749712,0.09406701391,0.1312316952,0.1451139186,0.1326350967,0.125473733,0.1087347718,0.08091247477,0.04597017737,0.02325721269,0.0172852972,0.02015914629,0.02408106104,0.02578988783,0.02122761629,0.02398084526,0.03899484663,0.04850679549,0.05777631957,0.06573449282,0.07329499321,0.08216222387,0.0914938183,0.1005542819,0.1079474411,0.1140115083,0.1205107866,0.1289177973,0.1354949077,0.1406409964,0.1450637004,0.1490198153,0.1530711271,0.156422268,0.159230676,0.1605874045,0.1604867325,0.160795453,0.1610037247,0.1595866506,0.1574528529,0.1548152781,0.151438485,0.147809477,0.1430175515,0.138481999,0.1331833838,0.1271748728,0.1208590683,0.1139052013,0.1069141003,0.1004707284,0.09334432201,0.08591029302,0.07809008866,0.07011754926,0.06353952674,0.05705789813,0.05033325699,0.04329966441,0.03639891382,0.03073483314,0.02603278085,0.02095967005,0.01658162741,0.01197618466,0.007899903989,0.0055632634,0.003168773303,0.001329272,-0.001267612322,-0.002576232695,-0.002842085676,-0.004045982562,-0.004266539652,-0.004486677273
5.6,-0.1164680868,-0.1153617573,-0.1113711735,-0.1061349159,-0.1007924262,-0.0942807265,-0.0889371104,-0.08432044654,-0.08101571489,-0.07948007942,-0.07948265182,-0.0809642987,-0.08281384187,-0.08580323782,-0.0876190535,-0.08794016953,-0.08659771276,-0.08067221439,-0.07173227181,-0.05886205749,-0.04206893651,-0.02255017049,-0.0008374602244,0.02139275848,0.04339535752,0.06341144623,0.08104078601,0.09558867001,0.1057471801,0.1126490839,0.1150518004,0.1139218942,0.1107025035,0.1040903814,0.09725699421,0.09015010438,0.08334188643,0.0790563853,0.07615344043,0.07528594131,0.07550262956,0.07704407247,0.07792600393,0.07735490661,0.07555960105,0.06931182785,0.06061456999,0.04851226174,0.03248113501,0.01469835145,-0.005293769117,-0.02523755637,-0.04373876253,-0.05905360763,-0.06968211311,-0.07498786459,-0.07397911454,-0.06738867263,-0.05590937841,-0.04125422823,-0.02532627072,-0.008549770519,0.006655188631,0.01982404294,0.03030592924,0.03706607023,0.04054393219,0.04064759037,0.03801193881,0.03215840844,0.02471026315,0.01612149081,0.006606326613,-0.001727298391,-0.009405167855,-0.01549956807,-0.01929334149,-0.02123426058,-0.02108687573,-0.01960362322,-0.01892290777,-0.02827871148,-0.05146296813,-0.06168290593,-0.03206099188,0.04473508313,0.1107976071,0.1472439003,0.1564150607,0.1378198608,0.1243868611,0.1018025147,0.06727662204,0.02624467822,-0.001038405169,-0.008009270625,-0.002548448036,0.007057647726,0.01660388113,0.01981066752,0.02899568761,0.04659728964,0.05715601537,0.06738006541,0.07596031002,0.08359227598,0.09262785472,0.1016428026,0.1104666441,0.1173531874,0.1229750613,0.1289629041,0.1367196857,0.1428244738,0.1471987507,0.150864235,0.1540453768,0.1573188929,0.1599620434,0.1619824692,0.1623915429,0.1612864451,0.1606848718,0.1600071552,0.15766483,0.1544111078,0.1507883169,0.1464343937,0.1416964247,0.1360064855,0.1305307261,0.1242112661,0.1172908924,0.1100964416,0.1023844909,0.09460229494,0.08741763489,0.07976687208,0.07174624874,0.06338280029,0.05508198901,0.048223228,0.04153413196,0.03470199483,0.02763424658,0.02080535974,0.01524447182,0.01083434559,0.006156042969,0.002164791956,-0.001978998686,-0.005467060727,-0.007136129753,-0.008839535437,-0.009880568382,-0.01162865504,-0.01205952498,-0.01136099453,-0.01159653109,-0.01080029276,-0.009909836959
5.7,-0.1209228528,-0.1262566472,-0.1279954726,-0.1273310265,-0.1248731495,-0.1201586841,-0.1150328119,-0.1096202727,-0.1049836991,-0.101323555,-0.09941879003,-0.09925299816,-0.1001305287,-0.1032933602,-0.1065129216,-0.1096278472,-0.1120311454,-0.1112994636,-0.1076447582,-0.09974392626,-0.08740144927,-0.07003019901,-0.04891996455,-0.02522467114,0.0004819441107,0.02557967769,0.04978776626,0.07157977056,0.08932399472,0.1036625542,0.1129781536,0.1180327649,0.1194475055,0.1165678104,0.1115972914,0.104856769,0.09783102318,0.09139993027,0.08660741418,0.08387601857,0.08210903045,0.08343473687,0.08439515288,0.08482746362,0.08494169062,0.08066393268,0.07424169448,0.06402194442,0.04941322144,0.03190969536,0.01113591249,-0.01082690472,-0.0330647363,-0.05296135892,-0.06935210238,-0.08074086372,-0.08493449121,-0.08321499197,-0.07458419821,-0.06117462639,-0.04538781976,-0.02658591149,-0.008864005367,0.007553791732,0.02168415652,0.03199715974,0.03890222335,0.04196881906,0.04211247779,0.03802086926,0.03206414166,0.02449808146,0.01510597491,0.007161806955,-0.0007722637224,-0.007155718001,-0.01072540895,-0.01281404164,-0.01209392798,-0.009816779495,-0.008508199235,-0.01124067813,-0.03099102694,-0.04383350845,-0.01859010381,0.05847020332,0.1275737575,0.1646384324,0.1697886745,0.1446391494,0.1246691923,0.09662383286,0.05593256481,0.008778297656,-0.02359117731,-0.03207524009,-0.02468221026,-0.01051784921,0.005421981689,0.01552031754,0.03122594027,0.05079765311,0.06221405657,0.07320877447,0.08231206079,0.08994292491,0.09899082186,0.1076085766,0.1159723622,0.1222473604,0.1274150634,0.1327973918,0.1396732857,0.1451429987,0.1487032767,0.151503732,0.153778287,0.1562576007,0.1581808669,0.1593463638,0.1588121331,0.1567355477,0.1552968009,0.1538277129,0.1506920764,0.1464665933,0.1420133015,0.1368856912,0.1313073773,0.1250226286,0.118924558,0.1118902601,0.104378795,0.09675822286,0.08874342184,0.08059299043,0.07310912883,0.06543199585,0.0573087607,0.0488775409,0.04081735101,0.03419569887,0.02773846536,0.02127272485,0.01471428127,0.008440124762,0.003359921623,-0.0003125648973,-0.004142950104,-0.00745040388,-0.01082366858,-0.01334862712,-0.01409531021,-0.01494361021,-0.01497119924,-0.01565290496,-0.01511016089,-0.01342740915,-0.01256175661,-0.01068054348,-0.008760337595
5.8,-0.1010199869,-0.114603848,-0.124666426,-0.1319639416,-0.1364652523,-0.1373335185,-0.1361241493,-0.1330021155,-0.129318995,-0.1249325503,-0.1215988816,-0.1194656632,-0.1182701132,-0.1198774084,-0.1223757992,-0.1260701408,-0.1302766938,-0.1335233964,-0.1349823754,-0.133114537,-0.1275374239,-0.1157064456,-0.0991379894,-0.07790633945,-0.05205883777,-0.02455051085,0.004459656949,0.03263384478,0.05820770016,0.08087832333,0.09888549211,0.1124885419,0.1210941318,0.1251224729,0.1249664716,0.1213994159,0.1166566586,0.1096410979,0.1038849609,0.09931449546,0.09509353562,0.09496548181,0.09476162615,0.09512545018,0.09575219302,0.09328005156,0.08883243791,0.08061900591,0.06860888373,0.05210114011,0.03221095409,0.009929502486,-0.0144839719,-0.03747296383,-0.05883319198,-0.07599233729,-0.08667585234,-0.09089235317,-0.08748937969,-0.07812143209,-0.06411387979,-0.04647900856,-0.02800033931,-0.009943127512,0.005930577311,0.01906835639,0.02836315687,0.03390358808,0.03610960394,0.03394314858,0.02933975288,0.02253957305,0.01433407919,0.006042321819,-0.001630728841,-0.007807394076,-0.01196829912,-0.01317299654,-0.01214715383,-0.009140534852,-0.006703585871,-0.002374256663,-0.01635079456,-0.02952323185,-0.008001614204,0.06930920153,0.1423737947,0.1818482685,0.1846327528,0.1537212746,0.1282193421,0.09605539405,0.05068952092,-0.001881218378,-0.03899987972,-0.04898696795,-0.04011326082,-0.02280842772,-0.002813016576,0.01218775771,0.03295106061,0.05351634464,0.06529571654,0.07654480807,0.08584655969,0.0932842717,0.1020492519,0.110104979,0.1177684298,0.1234256452,0.128121035,0.1328480079,0.1387566107,0.1434680695,0.1462900227,0.1482769,0.1496703897,0.15146955,0.1527776273,0.1531683454,0.1518821569,0.1490103682,0.1469612124,0.1449398109,0.1412608971,0.1363618468,0.1313410026,0.125739043,0.1197012428,0.1131776203,0.1068200579,0.09942221736,0.09165016606,0.0840531781,0.07615043196,0.0680209662,0.06061339876,0.05329046865,0.04544946887,0.03731936448,0.02990584819,0.02385457961,0.01791151007,0.0120970126,0.006361291637,0.0009126944682,-0.003506858635,-0.006242693039,-0.009042365666,-0.01158029051,-0.0141024468,-0.01556690808,-0.01537849283,-0.01541742273,-0.0144655443,-0.01413608444,-0.01273377325,-0.01024084216,-0.008388417821,-0.005574153657,-0.002883432512
5.9,-0.05918461372,-0.07913635028,-0.09698696393,-0.1129649075,-0.1264620466,-0.1359018407,-0.142242773,-0.1452514298,-0.1458842469,-0.1438575345,-0.1411481657,-0.138207997,-0.1354997269,-0.1346314139,-0.1350290551,-0.1372459823,-0.1406367057,-0.1454424047,-0.1498567875,-0.1528583911,-0.1539729481,-0.1495856489,-0.1406922397,-0.1260082764,-0.1050945642,-0.07945516484,-0.04979281054,-0.01848047164,0.0130435014,0.04275902185,0.06945785392,0.09229268272,0.1096407353,0.1225528665,0.1297644399,0.132325743,0.1321792521,0.1275885356,0.1227044516,0.1174544962,0.1119179646,0.1097209177,0.1080021297,0.1076002845,0.1078793457,0.1068978339,0.1042577619,0.09842121386,0.08942651222,0.07524317234,0.05754283664,0.0364726776,0.01196647604,-0.01269681518,-0.03751280507,-0.05962874855,-0.0768205544,-0.08797826579,-0.09167749505,-0.08871577281,-0.07938494043,-0.06545680771,-0.04870712191,-0.03112628579,-0.01496969119,-0.0003127303109,0.01066709414,0.01824689087,0.02233310557,0.02215039545,0.01905864028,0.0132995466,0.006270523936,-0.002148815218,-0.009757959568,-0.01613219712,-0.02120891761,-0.02242973077,-0.02182438306,-0.01887402088,-0.01600688477,-0.005290064712,-0.01104778993,-0.02068389687,-0.001225201271,0.07559291903,0.1527248775,0.1968643973,0.200413721,0.1658632946,0.1360576473,0.1005215197,0.05134297439,-0.006518943629,-0.04847979593,-0.06034034613,-0.05017447348,-0.03001547305,-0.006832558532,0.012129362,0.03682417216,0.05755516606,0.06918645041,0.08021669673,0.089394098,0.09640965308,0.1046379946,0.1120030395,0.1187975209,0.1238701371,0.1280771816,0.1321279543,0.1370481939,0.1409016457,0.1430659374,0.1443165885,0.1448930762,0.1460685157,0.1468203154,0.1464796236,0.1445973103,0.1410651586,0.1385498926,0.1361074321,0.1320399274,0.1266645011,0.1212279501,0.1153260174,0.1090594297,0.1024978871,0.09607322302,0.08851377399,0.08065609685,0.07333441418,0.06575901867,0.05786425648,0.05072460768,0.04393906366,0.03657891903,0.02894239883,0.02237372373,0.0170391996,0.01174576907,0.006706358722,0.001923219055,-0.002587080723,-0.006279476405,-0.008017189131,-0.009748221801,-0.01151470222,-0.01319503788,-0.01362321175,-0.01255774582,-0.01187823185,-0.01004919873,-0.00884751355,-0.006737359344,-0.003620855765,-0.0009637602491,0.002583640723,0.00577616837
6,-0.006514007949,-0.02853643818,-0.05031852323,-0.07203270756,-0.09263359873,-0.1104439115,-0.1253460001,-0.1366043703,-0.1445950476,-0.1480952573,-0.1492041338,-0.1481956785,-0.1460138925,-0.1438478273,-0.1424195952,-0.1426033136,-0.1437985945,-0.148093523,-0.1530073819,-0.1584373994,-0.1643387683,-0.1666520793,-0.1662546144,-0.1606040094,-0.1486442716,-0.1299201868,-0.1049913474,-0.07561212528,-0.04245074424,-0.008978509997,0.02422639881,0.05507564286,0.08109036149,0.1035241017,0.1196810995,0.1306382907,0.1374726796,0.1384786186,0.1372111955,0.1337302923,0.1290891886,0.1257502143,0.1231081293,0.1218823887,0.1214586492,0.1214879202,0.1203024825,0.1167979367,0.1106705357,0.09952995506,0.08466436996,0.06576570212,0.04268440698,0.01767043593,-0.008925141225,-0.03461644316,-0.05710202186,-0.07501694408,-0.08616763469,-0.09054253384,-0.08799693431,-0.07920666454,-0.06622403858,-0.05088918334,-0.03551480158,-0.02062038534,-0.00855647483,0.0005108058981,0.006345572359,0.007776257839,0.006110689071,0.001441680714,-0.005204054244,-0.01356981319,-0.02187682641,-0.02938628871,-0.03574619,-0.03858831806,-0.03930818284,-0.03741944944,-0.03505455016,-0.0182729619,-0.01382407331,-0.01641811392,0.003225504487,0.07978904095,0.1619435366,0.2133640532,0.2203618029,0.1831791862,0.1488151617,0.1090938356,0.05513163723,-0.009573794251,-0.05790554314,-0.07210327025,-0.05934983192,-0.03442423115,-0.007073820905,0.01541508683,0.04268145963,0.06299764773,0.07405219671,0.08449040308,0.09329156823,0.09972033477,0.1072577287,0.1138527375,0.1197572801,0.1243337708,0.1280605707,0.131476996,0.1354919424,0.138485626,0.1400716511,0.1407220558,0.1406390659,0.1411777595,0.1414075687,0.1403757867,0.1380194999,0.1339171077,0.1310048688,0.1281771824,0.123772674,0.1180044526,0.1122306696,0.1061087102,0.09967373451,0.09315504073,0.0867394527,0.07910704299,0.07121597705,0.06429660796,0.05713973275,0.04956021167,0.04277946996,0.03662626872,0.02983697674,0.0227768386,0.01714764504,0.0126155881,0.008030138368,0.003817670699,6.395311957e-05,-0.003463752178,-0.006407134727,-0.007118568831,-0.007766305281,-0.008782014222,-0.009644560322,-0.009068358694,-0.007181512669,-0.005865429025,-0.003245091977,-0.001289617888,0.001411211516,0.004983672218,0.008290781983,0.01240725081,0.01585952759
6.1,0.04417180858,0.02495952588,0.004499327084,-0.01774413392,-0.04041660165,-0.06280196324,-0.08351250443,-0.1017150292,-0.1176090967,-0.1282308393,-0.1360421286,-0.1403572452,-0.1419515919,-0.1417489203,-0.140901542,-0.1407301091,-0.1405898621,-0.1440252512,-0.1482795869,-0.1541852757,-0.1625572845,-0.1691476019,-0.1756101265,-0.1786696273,-0.1767791449,-0.1684025275,-0.1527849504,-0.1306888766,-0.1015747924,-0.06913727918,-0.03353786012,0.002259632632,0.03518290192,0.06621199723,0.09157715251,0.1120752776,0.127584913,0.1368881833,0.1420797572,0.1433499045,0.1425535188,0.1401714778,0.1381904934,0.1369400998,0.1359842279,0.136761282,0.1365998162,0.1350885,0.1314376308,0.1235226687,0.1117578184,0.09557746413,0.07509024154,0.05083045039,0.02412885475,-0.003321528084,-0.02956385121,-0.05265203779,-0.07046323722,-0.08199416766,-0.08671533925,-0.08411012095,-0.07622772465,-0.06457793776,-0.05119473463,-0.03729308071,-0.02502949214,-0.015192988,-0.008220615476,-0.005543451718,-0.006106111755,-0.009888352742,-0.01642766178,-0.02485997334,-0.03415360308,-0.04322469598,-0.05114345027,-0.05641825729,-0.05907295649,-0.05886928635,-0.05768370649,-0.03552900591,-0.02115513332,-0.01553655888,0.006321812323,0.08461913141,0.1741137116,0.2348041194,0.2459179402,0.204992308,0.1646365457,0.1196928714,0.06005190084,-0.01264707825,-0.06872249181,-0.08522339111,-0.06775615343,-0.03566478555,-0.003304530001,0.02140519844,0.04903713532,0.06857645688,0.07875589798,0.08824045847,0.09643042214,0.1022051157,0.1089247014,0.1146215246,0.1197235808,0.1239432168,0.1271846201,0.1300528452,0.1333910623,0.1356619851,0.1367748834,0.1371149036,0.1367359098,0.1366743468,0.1365178471,0.1349852328,0.1324027675,0.1278804496,0.1247166768,0.121593632,0.1169151551,0.1108291694,0.1048162245,0.09856285622,0.09192597347,0.08548513848,0.0790872769,0.07141615721,0.06347638766,0.05698508517,0.05025153128,0.0429846651,0.03657361741,0.03106458497,0.02485993327,0.0184032535,0.01371526346,0.01000263948,0.006155636979,0.002786157344,7.364768025e-05,-0.002445288512,-0.004603782733,-0.004298871738,-0.003855965245,-0.004110699903,-0.00412561058,-0.00257310698,9.103734638e-05,0.002066117434,0.005431489691,0.008045992602,0.01135474333,0.01527715755,0.01911906811,0.02371392567,0.02726477722
6.2,0.0823276907,0.06981867851,0.05505724959,0.03734343782,0.0178670941,-0.00359290623,-0.02520280843,-0.04636709077,-0.06700660214,-0.08399165071,-0.09890196752,-0.1104164346,-0.1189001432,-0.1241074528,-0.1274896639,-0.1301090492,-0.1313520211,-0.1351856151,-0.1392324104,-0.1450149026,-0.1537629164,-0.1622528532,-0.1723638888,-0.1812134735,-0.1875606462,-0.1892085008,-0.1847364217,-0.1735102985,-0.1536496953,-0.1278105357,-0.09544660326,-0.05972013392,-0.02359019756,0.01302298481,0.04603871391,0.07554668259,0.09996608541,0.1191367044,0.1328706451,0.1416136131,0.1476196421,0.1490630912,0.1501454165,0.1505452326,0.1501755211,0.1517806593,0.152466986,0.1525735521,0.1508435467,0.146064736,0.137415029,0.1243281445,0.1072506312,0.08488766418,0.05965405486,0.03230854098,0.004237842471,-0.02202858329,-0.0449827368,-0.06278289147,-0.07444372815,-0.07877952509,-0.07711476145,-0.07060102983,-0.0608295236,-0.0492948595,-0.0380494897,-0.02833041207,-0.0208822797,-0.01716210252,-0.01663462964,-0.01933568288,-0.02523421117,-0.03329797893,-0.04297079794,-0.05311109586,-0.06230455071,-0.06997806966,-0.07484003221,-0.07677605014,-0.07741447509,-0.05365592974,-0.03233781295,-0.01879894682,0.006269978068,0.08671638061,0.1835599853,0.2540485202,0.2700153052,0.2254617218,0.1788515917,0.1290023255,0.06544810737,-0.0127130429,-0.07511252116,-0.09365542529,-0.07111868733,-0.03155059747,0.005388576219,0.03072790662,0.05665556563,0.07517768484,0.08428411194,0.09252261006,0.09982465255,0.1048243752,0.1105456537,0.1151340751,0.1194100111,0.1232435866,0.1259074009,0.128209709,0.1309947441,0.1326433617,0.1333297836,0.1336197167,0.1332688674,0.1327241256,0.1324002844,0.1306132536,0.1281891629,0.1234781036,0.1203474096,0.1171220285,0.1123534814,0.1061301487,0.1000207164,0.09382131835,0.08696396191,0.08068238508,0.07427232032,0.06659240202,0.0585917623,0.05245113719,0.04609333282,0.03908944284,0.03296038375,0.02800913082,0.02231103773,0.01643409388,0.0125779957,0.009567771296,0.006435908609,0.003860524193,0.002055696732,0.0005274802612,-0.0008377311598,0.000356286049,0.001850996498,0.002315807628,0.003184939972,0.005625703773,0.008951847276,0.01168570508,0.01571437238,0.01884194769,0.02286605189,0.02704195447,0.03130177168,0.03631553781,0.03983834213
6.3,0.1017753707,0.097700252,0.09083630378,0.0806280471,0.06777318499,0.05154505509,0.03349021621,0.01384883473,-0.00683648304,-0.02695355408,-0.04631085293,-0.06374898115,-0.07942886934,-0.09135866153,-0.101334815,-0.1093591232,-0.1148961618,-0.1210852357,-0.1264471689,-0.1327308684,-0.140896215,-0.1497782152,-0.1605037723,-0.1714820929,-0.1823273796,-0.1905465115,-0.1952997912,-0.1948364226,-0.1866564858,-0.1715622394,-0.1481632207,-0.1187195957,-0.08509758334,-0.04825577387,-0.01164403031,0.02381007991,0.05532237126,0.0836318174,0.1063433567,0.1240582201,0.1386823839,0.1469883869,0.1538220079,0.1583303062,0.160934537,0.1642160368,0.1663583468,0.1680448304,0.1677282374,0.1657010711,0.1597741138,0.1497571703,0.1362022296,0.1166644897,0.0940669714,0.06842018537,0.04082127925,0.01351544209,-0.01215551999,-0.03419482054,-0.05135116606,-0.06206696047,-0.06684501384,-0.0662503519,-0.06164638055,-0.05374594,-0.04506483236,-0.03681390465,-0.02966796784,-0.02573480656,-0.02432745996,-0.02594865678,-0.03087457422,-0.03806862062,-0.04742771631,-0.05780926446,-0.06793313728,-0.07731651567,-0.08441223664,-0.08884009427,-0.0914260064,-0.07249553209,-0.04941151351,-0.02932088413,-0.0007644000622,0.08050002473,0.1821467608,0.2622231939,0.2853665686,0.2401332528,0.1890708483,0.1358878054,0.07189769506,-0.006787463355,-0.07210049235,-0.09282609414,-0.06756492842,-0.02272653772,0.01751530415,0.04273911461,0.0662577431,0.08372043847,0.09172173796,0.09864697286,0.1049024795,0.1090338128,0.1136651601,0.1170241088,0.1204073993,0.1237453677,0.1257411005,0.127403526,0.129648754,0.1306800384,0.1309347935,0.1313147695,0.1310598154,0.1302204387,0.1299141037,0.1279983644,0.126172825,0.1214382472,0.1186968949,0.1155869119,0.1109515411,0.1049218975,0.09882593993,0.09294871847,0.08591304675,0.07989922579,0.07343104432,0.0657725618,0.05768720953,0.05174724927,0.04568770191,0.03881276614,0.03281001929,0.02823376078,0.02285468149,0.0174606661,0.01420087007,0.01169772664,0.009137201158,0.007216033144,0.006082224913,0.005427093333,0.004788604362,0.006633060069,0.009120738813,0.01013204966,0.01185429129,0.01504754979,0.0188468172,0.02241256178,0.02695532015,0.03042127506,0.03521704257,0.03951008615,0.04408416545,0.04944468843,0.052780155
6.4,0.1012963522,0.1051877822,0.1062466256,0.1040858739,0.09897145411,0.08985227897,0.07788671757,0.06296638547,0.04590692846,0.02677750368,0.007020884155,-0.01264489557,-0.03243046924,-0.04922054531,-0.0649213058,-0.07847399598,-0.08927679858,-0.09916995029,-0.1073358456,-0.1153468271,-0.123626975,-0.1327469217,-0.1429936285,-0.1540652822,-0.1663481548,-0.1775320532,-0.1877443513,-0.1949129035,-0.1968461563,-0.1928630324,-0.1810753983,-0.1622334436,-0.1365856544,-0.105356049,-0.07074824014,-0.03443335202,0.000346669471,0.03449727272,0.06431442776,0.09021686129,0.1131461349,0.1297994596,0.1440218103,0.1547860205,0.1629513516,0.1696633576,0.1748615573,0.1790211407,0.1805237681,0.18117552,0.1777737037,0.1707251787,0.1604466217,0.1442683306,0.1249328867,0.1020496615,0.07680549143,0.05038073988,0.02458335215,0.0009692087133,-0.01930560396,-0.03431085071,-0.04427552233,-0.04903844428,-0.04988825623,-0.04637735042,-0.04149995539,-0.03613670417,-0.03059082947,-0.02783505916,-0.02661311312,-0.02807507397,-0.03257396752,-0.03933302228,-0.04844209054,-0.05883986852,-0.06994475595,-0.08041483848,-0.08961120429,-0.09652470592,-0.1007428075,-0.09165455372,-0.07255953227,-0.04904643741,-0.01743946858,0.06422002357,0.1692573191,0.2590832471,0.2918977265,0.2496305916,0.1970946349,0.1426691484,0.08045226952,0.003988209008,-0.06209878566,-0.08530742104,-0.06017525012,-0.01290074816,0.02950776199,0.05508674269,0.07731678078,0.09400310751,0.1011696883,0.1070023667,0.1123375478,0.1157494947,0.1193966712,0.1216372267,0.1241777516,0.1270265072,0.1283518456,0.1293468399,0.1310685346,0.131433832,0.1312335904,0.1317249497,0.1314314189,0.1304414723,0.1301768402,0.1280926642,0.1271836662,0.1224177072,0.1203198277,0.117436531,0.1130240954,0.1075558164,0.1014539406,0.09612781751,0.08895610716,0.08321659415,0.07659724771,0.06894351219,0.06066912058,0.05469835836,0.04880078659,0.04177820655,0.03574078166,0.03121828699,0.02588609437,0.02084380866,0.0177729,0.01563723934,0.013398685,0.01194455211,0.01128315827,0.01128069858,0.01133296539,0.01357747381,0.01701704125,0.01841498691,0.02095044895,0.02478747889,0.02894307168,0.03339675094,0.03831433592,0.04203667528,0.04757688641,0.05192003528,0.05674974715,0.0623664891,0.06542986804
6.5,0.08202720884,0.09223256223,0.1000359292,0.1050911191,0.1072035217,0.1055166432,0.1004765562,0.09188220298,0.08067509531,0.06572187024,0.04920319092,0.03130566942,0.01173717138,-0.00623004586,-0.02434258294,-0.04100177302,-0.05562420774,-0.06878200627,-0.08008161003,-0.09057046187,-0.1001773086,-0.1102998175,-0.1206863427,-0.1318729211,-0.1445242588,-0.1570140324,-0.1699096256,-0.181486781,-0.1903179785,-0.1949102296,-0.1936104869,-0.1858391687,-0.1706993839,-0.148601803,-0.120635604,-0.08844985307,-0.05468117775,-0.01927849018,0.01425121176,0.04564120427,0.07463485642,0.09888794451,0.1202387496,0.1379117016,0.1528450416,0.1646426155,0.1745700842,0.1826376442,0.1874352175,0.1913797833,0.1911659504,0.187557278,0.1807180819,0.1684734029,0.1528923202,0.133550633,0.1117630897,0.08765923314,0.06353442242,0.04038886666,0.01916426066,0.001917249015,-0.01153760182,-0.02054076102,-0.02622461786,-0.02739148428,-0.02700157297,-0.02555584747,-0.02311317831,-0.02279858251,-0.02321599052,-0.02583736309,-0.03085625659,-0.038119213,-0.04747129959,-0.05816916076,-0.07028436631,-0.08164576741,-0.09262223262,-0.1016140368,-0.1072430734,-0.1098450026,-0.09924497335,-0.07580669834,-0.04179645803,0.04107513546,0.149736897,0.2495687952,0.2933392314,0.256648777,0.2055025151,0.1515139265,0.09120001322,0.01667449039,-0.04968999447,-0.0751657276,-0.05160256543,-0.003899321249,0.03982883939,0.0665964612,0.08943613196,0.1057276714,0.1125630626,0.1176430785,0.1223271079,0.1254081029,0.128208633,0.1296087988,0.1314072835,0.1338006407,0.1344649176,0.1347482363,0.1358480329,0.1354041774,0.1346418214,0.134982064,0.1344297238,0.1331217125,0.1326638949,0.1302469949,0.1300811214,0.1252635571,0.1237445481,0.1210054524,0.1168669104,0.1121211074,0.1059970502,0.1013876691,0.09411072159,0.08871261034,0.08188094713,0.07423666241,0.06582030521,0.05955986005,0.05376620459,0.04637512729,0.04017904908,0.03543531987,0.02991618894,0.02515087353,0.02187246902,0.02002866623,0.01787192365,0.01674173969,0.01642310371,0.01685435277,0.01762555713,0.02004744183,0.0244205796,0.02611574509,0.02944356807,0.03385990997,0.03832347293,0.0437096448,0.04887644118,0.05288071052,0.05906424635,0.06346766309,0.06852606598,0.07428059665,0.07710679068
6.6,0.04596040243,0.06029496731,0.07305776084,0.0838107056,0.09185516371,0.09705141832,0.09879742244,0.09704018405,0.09281315856,0.08399979509,0.07328740504,0.06031322874,0.04463764415,0.02931206793,0.01262261689,-0.003699231448,-0.01913122797,-0.03365797838,-0.04688315102,-0.05936458929,-0.07076366959,-0.08232637431,-0.09371421653,-0.1056857772,-0.118736714,-0.1321501928,-0.1463028175,-0.1601337192,-0.172919109,-0.1829125883,-0.1890957667,-0.1901501149,-0.1849846884,-0.172577173,-0.1536399294,-0.1290397811,-0.1000174449,-0.06790225045,-0.03469302764,-0.001642478677,0.03018361514,0.05944051758,0.08616044525,0.1099020448,0.131099912,0.1488987315,0.1645179977,0.1777939966,0.1876097633,0.1959321921,0.2001126431,0.2007838713,0.1980911991,0.1901534788,0.1787022636,0.163289939,0.1451944446,0.1241072854,0.1023556767,0.08070441305,0.0596641191,0.04159335219,0.02592192065,0.01366331236,0.004196921921,-0.001641535547,-0.00577043412,-0.008668817638,-0.01033712708,-0.0132397722,-0.01641100073,-0.02117140084,-0.027629704,-0.03604504377,-0.04612310682,-0.05742953608,-0.07034199193,-0.08251233956,-0.09473348619,-0.1051917472,-0.1118570478,-0.1255759133,-0.1256319369,-0.1045895931,-0.06847100778,0.01641838645,0.1287438731,0.2378899359,0.2923547116,0.2621967053,0.2137982998,0.1609391828,0.1022162957,0.0291818976,-0.03690350396,-0.06364384269,-0.04163351001,0.005279379126,0.04923301672,0.07729152049,0.1020502151,0.118205365,0.125212158,0.1298097819,0.1340793366,0.1372518441,0.139289216,0.1401800209,0.1413142941,0.1432829378,0.1432599035,0.1427545576,0.1430820303,0.1416136864,0.1401383796,0.1398388578,0.1387902593,0.1367371795,0.1356588298,0.1327036882,0.1326116238,0.1278007412,0.1264797491,0.1236605689,0.1199111095,0.1157792366,0.1097701014,0.1060042452,0.09874087294,0.09396814575,0.08702875423,0.07953769482,0.07137382677,0.06467152765,0.05910461855,0.05138159425,0.0449732707,0.03989886691,0.03407656878,0.02956724734,0.02579537234,0.02414281339,0.02184181063,0.02088980052,0.02079057675,0.02139286318,0.02286957638,0.02524617445,0.03040250512,0.03237434506,0.03640655542,0.04131793863,0.04609589766,0.05235121952,0.05767080282,0.06207374148,0.06870586053,0.07329663657,0.07858516141,0.08436291105,0.08716339012
6.7,-0.001335357231,0.01473505323,0.03024269406,0.0446396003,0.05694006513,0.06760003684,0.07523007279,0.07984350203,0.08255319108,0.08052933304,0.07673451002,0.07039504159,0.0606400375,0.05070908708,0.0382965072,0.02524244455,0.01223931184,-0.001278008101,-0.01410919583,-0.02682725303,-0.03902340071,-0.05124933048,-0.06340806778,-0.07600218768,-0.08931382777,-0.1031399345,-0.1176432938,-0.13223821,-0.1467635244,-0.1593977258,-0.1699150937,-0.1768036729,-0.1790034483,-0.1750564888,-0.1650912574,-0.1493507763,-0.1277473113,-0.1022142699,-0.073253513,-0.04260992362,-0.01171443365,0.01893963106,0.04811738351,0.07565591005,0.1013081883,0.124441305,0.1454687613,0.1642261516,0.1798601697,0.1932503476,0.2026675818,0.2082384989,0.2102327571,0.2066667304,0.1993599947,0.1877780603,0.1730377674,0.1549798978,0.1356031529,0.1157888151,0.09545888682,0.07759515011,0.06082693514,0.04647007804,0.03466823664,0.02495943737,0.01717127751,0.01042451134,0.00472361021,-0.001435675622,-0.007693618245,-0.01493921069,-0.02341974745,-0.03322927877,-0.04436662461,-0.05645492013,-0.06992807662,-0.08272433835,-0.0956044607,-0.1068968732,-0.1139811034,-0.1368137518,-0.1476484657,-0.1303654054,-0.09255534977,-0.005602299804,0.1093479011,0.2256385294,0.2886319,0.2638221945,0.2174709883,0.165770256,0.1093470262,0.03909624898,-0.02495326267,-0.05120216488,-0.02973077253,0.01605240868,0.05927176438,0.0880707637,0.1150034825,0.1312433446,0.1387207312,0.1429740657,0.1470016947,0.1504539549,0.1517949865,0.1524378383,0.1528896884,0.1544975355,0.1537021055,0.1523030833,0.1518155489,0.1490593327,0.1467605946,0.1453440652,0.1435031326,0.1403231336,0.1381614283,0.1344300133,0.1336538006,0.1288170348,0.1271834288,0.1240172209,0.1206853112,0.1169324753,0.111221902,0.1083050212,0.1012947466,0.09746921755,0.090646449,0.08356140668,0.07619838615,0.06904552135,0.06387651423,0.05603898847,0.04939522872,0.04394020687,0.03773980495,0.0334080399,0.0288870782,0.02721756843,0.0245088524,0.02349736446,0.02346789169,0.02389781185,0.02597469687,0.02814848664,0.03380374264,0.03615978534,0.04079680562,0.04618652069,0.05145052164,0.05849549161,0.06406795663,0.06915606295,0.07613236392,0.08122835572,0.08690297912,0.09275674524,0.09590689922
6.8,-0.05108589881,-0.03592409908,-0.02018914449,-0.00460209698,0.009820496385,0.02384463497,0.03567370725,0.04526003275,0.05370177387,0.05785261841,0.06061600269,0.06101126972,0.05764103067,0.05416208902,0.04744225047,0.03942656434,0.03110348475,0.0208148721,0.01082746566,0.0002140788469,-0.01062924323,-0.02164804316,-0.03300035391,-0.04481787479,-0.05739275621,-0.07042165055,-0.0842319127,-0.09832875073,-0.1129056996,-0.1262401594,-0.1386537298,-0.1488304326,-0.155461837,-0.1579910016,-0.1553353033,-0.1477497951,-0.134509119,-0.1168891387,-0.09488078572,-0.0697946464,-0.04335699281,-0.01486770132,0.01326437941,0.04125789507,0.06868005638,0.09453282616,0.1191005866,0.1418253787,0.1622143143,0.1798813711,0.1940394432,0.2042467382,0.2104788305,0.2112291771,0.2077824367,0.1998758038,0.1884110269,0.173503884,0.1568307674,0.1393783133,0.1208778104,0.1043169654,0.08807758523,0.07340418316,0.06091909105,0.04920067167,0.0392473251,0.02993618935,0.0211722576,0.01239758708,0.003414579399,-0.006163248871,-0.0166213898,-0.02787296486,-0.04006675832,-0.05287411409,-0.06664908039,-0.07971640192,-0.09268296396,-0.1041358172,-0.1111523843,-0.1410544957,-0.1625034455,-0.1505489762,-0.112228578,-0.02417599485,0.09077939674,0.2102425123,0.2781148649,0.2566113688,0.2109530222,0.1605018459,0.1082968289,0.04419144442,-0.01429376971,-0.03745143817,-0.01494374783,0.03021775228,0.07225999084,0.1009125565,0.1292262766,0.1456753953,0.153643999,0.1575199253,0.161311158,0.1649152183,0.1654974989,0.1659431721,0.1655118083,0.1666963911,0.1649160916,0.1624207825,0.1610434508,0.1566533049,0.1534049932,0.1504004603,0.1474045273,0.1427598359,0.139039967,0.1342260218,0.1320565452,0.1269610199,0.1244178891,0.1206156134,0.1174379922,0.1137571521,0.1084473892,0.1061016601,0.09970778942,0.09692480429,0.09050319706,0.08415926868,0.07801687609,0.07070849975,0.06603140524,0.05849156702,0.05166580634,0.04589235591,0.03935396413,0.03507832542,0.02976577004,0.02779369372,0.02455599351,0.02325429943,0.0232028235,0.02325765051,0.02579026341,0.02786498042,0.03379820774,0.03682491543,0.04211809437,0.0481836697,0.05432281071,0.06221970849,0.06847374653,0.07465626657,0.08219423861,0.08818417457,0.09459564714,0.1008509939,0.1046191951
6.9,-0.09324915365,-0.08171694256,-0.06826394025,-0.0539890587,-0.04000519514,-0.02493112755,-0.01120668857,0.001251015436,0.0134035246,0.02207055096,0.0298909779,0.03574436949,0.03808898011,0.04042962976,0.03947354183,0.03702947403,0.03403378052,0.02858175374,0.02304628879,0.01642715476,0.009198946984,0.001290480851,-0.007218393272,-0.01640949025,-0.02678310937,-0.03754387058,-0.04953740366,-0.06212396716,-0.07546512382,-0.08847799447,-0.1012396478,-0.1128776878,-0.1220507269,-0.1287029754,-0.1312813406,-0.1300297629,-0.1240325582,-0.1138742376,-0.09934507775,-0.08113653747,-0.06111153805,-0.03737172098,-0.01318461447,0.01209920818,0.03824769084,0.06360881054,0.08886392668,0.1128772313,0.1356110657,0.1555034277,0.1726788519,0.1862270544,0.1954215865,0.1999815499,0.1998697719,0.1954629894,0.1874752876,0.1760990327,0.1628832482,0.1487137474,0.1335683731,0.1196784773,0.1058614905,0.09288691927,0.0814684323,0.06987298821,0.05943380683,0.0491148134,0.03855098098,0.02816654425,0.01717360859,0.005742318976,-0.006225502283,-0.01874158717,-0.03169816949,-0.04496724895,-0.05865336815,-0.07160377377,-0.08411137957,-0.09509040433,-0.1017410901,-0.1371104768,-0.1692298361,-0.1647989272,-0.1281575089,-0.04098814174,0.07008681086,0.1874857657,0.2564796896,0.2374065939,0.19214162,0.1434311437,0.09783556132,0.04423393151,-0.004230239713,-0.02136105713,0.003608856135,0.04875006328,0.08934447716,0.1167031517,0.144783923,0.1613342513,0.1695732246,0.1728640509,0.1761654707,0.1795724139,0.1791316803,0.1791373764,0.1775316105,0.1779472973,0.1748775792,0.171021743,0.1684849908,0.1622308058,0.1578035447,0.1528501603,0.1484356965,0.1420235122,0.1364246372,0.1302448127,0.1262130537,0.1204711387,0.1165302719,0.1118290148,0.108275169,0.1043752557,0.09935369389,0.0971314682,0.09166160798,0.08972762693,0.08400298104,0.07875613103,0.07405348034,0.06722571529,0.06324032572,0.05661838742,0.049965876,0.04427287276,0.03777694126,0.03367586094,0.02800756338,0.02566550479,0.02214221729,0.02060363346,0.02060531008,0.0204600767,0.02339603312,0.02571230386,0.03193945189,0.0359657552,0.0421212287,0.04919222599,0.05660676385,0.06553056675,0.07299057267,0.08059221416,0.08908711235,0.09621124049,0.1036854962,0.1107257345,0.1150992241
7,-0.1193469561,-0.1137147634,-0.1046952095,-0.09395576601,-0.08296101637,-0.06906428853,-0.05594138879,-0.0430417308,-0.02948882057,-0.01864953772,-0.007923048849,0.001298136924,0.007716341123,0.01419230636,0.01788559582,0.020319647,0.02194337646,0.02170617997,0.02097425605,0.01909335014,0.0167990016,0.01309203574,0.008888312835,0.003725890471,-0.003222114787,-0.0104995152,-0.01971078953,-0.02998169534,-0.04113197518,-0.05321519725,-0.06533807684,-0.07715083837,-0.08774961279,-0.09633720781,-0.1021976318,-0.105117652,-0.1040282403,-0.09966040898,-0.09122362188,-0.0793160965,-0.06558327661,-0.04761215755,-0.02876212791,-0.008098287209,0.01423133462,0.03669364613,0.05992225031,0.0826202395,0.1052059596,0.1250886153,0.1432739796,0.1584325366,0.1690648318,0.1763434763,0.178640929,0.1770279471,0.17236646,0.1642262998,0.1547475511,0.1444251142,0.1332614307,0.1233230188,0.1132374445,0.1034813166,0.09488102075,0.08504712535,0.0758196635,0.06607955366,0.05505284334,0.04432455769,0.03229202715,0.01978702856,0.007005029926,-0.006353562801,-0.01965631734,-0.03303255165,-0.04632749793,-0.05877799594,-0.07044715309,-0.08053083684,-0.08647381148,-0.125835545,-0.1678438475,-0.1728809995,-0.1406651594,-0.0570491382,0.04609115661,0.1562600056,0.2232429373,0.206880019,0.1629867422,0.1172178997,0.08042925804,0.04060752893,0.005519841062,-0.003219642332,0.0251006925,0.07008893633,0.1083984002,0.1330995301,0.1593136651,0.1759457373,0.1840713085,0.1866115988,0.1890282278,0.1918274727,0.1901402332,0.1891266433,0.1862664205,0.185311746,0.1806748331,0.1752570684,0.1711416754,0.1631669246,0.1572140631,0.1503206488,0.1444979576,0.1362501293,0.1289099955,0.121334575,0.1156302351,0.1089394371,0.1036638848,0.0980808842,0.09372325202,0.0896331082,0.08460000567,0.08230146806,0.07779056906,0.07638555267,0.07154109394,0.06757990312,0.06442059014,0.05856432137,0.05578352819,0.05056306196,0.04475536321,0.03986896481,0.03402922447,0.03069953896,0.02535933317,0.02313903178,0.01981169561,0.01857910275,0.01881101876,0.01894905859,0.02255411473,0.02522644615,0.03220278729,0.03724478659,0.04450232369,0.0528367783,0.06156818704,0.07182429624,0.08052492714,0.08981045295,0.09935439361,0.1076512719,0.1163197391,0.1241324854,0.1291575978
7.1,-0.1253439094,-0.1267090597,-0.12340815,-0.1176964503,-0.1115741264,-0.1006266641,-0.09019925529,-0.07905322848,-0.06608595777,-0.05550841286,-0.04404552849,-0.03364345609,-0.02545150605,-0.01679533652,-0.01043365145,-0.004883184222,-0.0001577161613,0.003557599998,0.006679996025,0.008890140886,0.011125864,0.01160570395,0.01186600297,0.01104069464,0.008142066432,0.004798688979,-0.0009461378245,-0.008191360814,-0.01655515451,-0.02685147771,-0.03751791555,-0.04846340802,-0.05930839596,-0.06823449323,-0.07559456956,-0.08063397638,-0.08210668875,-0.08128022727,-0.07669578881,-0.06925677743,-0.06015304101,-0.04727916029,-0.03341155083,-0.01758941462,-0.0001387991661,0.018370489,0.03793717933,0.0576695519,0.07819701586,0.09651807077,0.1140205349,0.1291007658,0.139993116,0.1482949077,0.1517501343,0.1516450275,0.1490322848,0.1430111473,0.136308653,0.1291850669,0.1214915956,0.1156536657,0.1096414397,0.1038627752,0.09914176678,0.09239192084,0.08583736854,0.07811637127,0.06827560688,0.05842800507,0.0466516378,0.03418344884,0.02130106413,0.007887154646,-0.005334240336,-0.01847436302,-0.03108268416,-0.0428524715,-0.0534665184,-0.06241256104,-0.06749396594,-0.1094672098,-0.1596525559,-0.1744901692,-0.1485319088,-0.07037367622,0.02151782,0.1203999106,0.1828308791,0.1693089475,0.1280565646,0.08683608448,0.06056065574,0.03574338592,0.01494570343,0.01550106422,0.04754995402,0.09143923558,0.1256768515,0.1460879118,0.1693347573,0.1862872714,0.1938995957,0.1957207832,0.197074405,0.1989544776,0.1960809641,0.1935556441,0.1895321353,0.186849511,0.1805062351,0.1734850382,0.1676431952,0.1581984627,0.1506666275,0.1420975315,0.1352470759,0.1254419919,0.1168975161,0.1084814825,0.1016268052,0.09443180674,0.0883165031,0.08244221142,0.07744979905,0.07339453023,0.06858640803,0.06602690257,0.06271048421,0.06137762259,0.0575421343,0.05487450264,0.05289004697,0.04857728104,0.0469144608,0.04361396774,0.03905853221,0.03566350967,0.03121005625,0.02908242918,0.02521676112,0.02344872157,0.02121525555,0.02090910708,0.02164270496,0.02277899399,0.02713296523,0.03056300518,0.03833061374,0.04445716889,0.05276875597,0.06223389455,0.07226767065,0.08351424098,0.09342382198,0.1041262848,0.114435384,0.1237980377,0.1333251802,0.1416971995,0.1471553824
7.2,-0.1122352507,-0.1200766947,-0.1227017805,-0.1225954739,-0.1219938485,-0.1153398674,-0.1089147935,-0.1010183854,-0.09036496724,-0.08172858222,-0.07138345151,-0.06167778802,-0.0537102929,-0.04484747302,-0.03789741263,-0.03136581242,-0.02548566671,-0.01996980637,-0.01485575454,-0.01025713187,-0.005226983115,-0.001668579868,0.001982451626,0.004702526467,0.005598448324,0.005865464609,0.003771962937,-2.283268738e-05,-0.005283136672,-0.012825734,-0.02124095458,-0.03038952086,-0.04006620961,-0.04828235929,-0.0555744119,-0.06099733234,-0.06339076238,-0.06387678359,-0.06109400549,-0.05604976114,-0.0493355615,-0.0399589236,-0.02952252647,-0.01742481689,-0.00437284584,0.01047319839,0.02607024381,0.04230739486,0.05982788607,0.07572599679,0.09138914248,0.1050520897,0.115247127,0.1228360305,0.1260651864,0.1259246619,0.1233550241,0.1178680122,0.1120522384,0.1064263662,0.1009674306,0.09812939738,0.09573862455,0.09403676956,0.09340381072,0.09087700968,0.08808114777,0.08358951908,0.07671008283,0.06880636476,0.05871778095,0.04751068275,0.0352659062,0.0227161125,0.01001382525,-0.002549851061,-0.01424320934,-0.02524636285,-0.03473570677,-0.04246530756,-0.04667143193,-0.0902710998,-0.1467931038,-0.1700732486,-0.1499886114,-0.0774399709,0.001568624992,0.08652405665,0.1427350983,0.1317342087,0.0937262418,0.0577346337,0.04216942756,0.03191434778,0.02431465992,0.0336678582,0.06936042708,0.1113146625,0.1395711822,0.153775097,0.1729532201,0.1897385108,0.1968585171,0.1979118961,0.1984415157,0.1994454839,0.1954622896,0.1918920936,0.1865165953,0.1826247073,0.1747079874,0.1662455381,0.1592479974,0.1483404521,0.1398025062,0.1299053909,0.122542455,0.1117566308,0.1025955994,0.09419455328,0.08669024549,0.07990413721,0.07361894366,0.06820511721,0.06337549563,0.05959097683,0.05564797324,0.05302746313,0.05104973566,0.04976661366,0.04698007038,0.04554493439,0.04426833276,0.04181788538,0.04094843278,0.03970035657,0.0366481897,0.03492920293,0.03241090434,0.03172648179,0.03013594164,0.02913645388,0.02876976674,0.02981857418,0.03138785464,0.03405417154,0.03905690083,0.04370320882,0.05186435796,0.05912970724,0.06815182392,0.07829714936,0.08942829435,0.1008842226,0.1118910242,0.1232290143,0.1339183511,0.1439751632,0.1537104945,0.1624104811,0.1676642699
7.3,-0.08358502261,-0.09641590598,-0.1041166033,-0.109237658,-0.1138806662,-0.1121413624,-0.1103252603,-0.1064960514,-0.09948649559,-0.09375577844,-0.08591310386,-0.07831515451,-0.07191457473,-0.06452162051,-0.05863123008,-0.05295831769,-0.04780007005,-0.04258445698,-0.03754785736,-0.03262225413,-0.02693011674,-0.02207418764,-0.01673791557,-0.01189897504,-0.008283854263,-0.005201494118,-0.004063403016,-0.004499667651,-0.006612172712,-0.01086970651,-0.01647654373,-0.02319948555,-0.03059233597,-0.0375219395,-0.04370426768,-0.04839953392,-0.05094625129,-0.05120518933,-0.04897332322,-0.04482146288,-0.03866760613,-0.031161321,-0.02232917245,-0.01228835064,-0.002135717774,0.01025548424,0.02277180016,0.03609193989,0.05076559708,0.06423193872,0.07770590127,0.08935476012,0.09826541318,0.1040578722,0.1060074098,0.1046009447,0.1003020548,0.09386258501,0.08696051289,0.08079575716,0.0760487449,0.07433260305,0.07448551837,0.07627043008,0.07912842718,0.08137368692,0.08276020772,0.08218876539,0.07947008366,0.07425289362,0.06691897006,0.05787549518,0.04699264303,0.03594599336,0.02419875384,0.01255704318,0.001881741797,-0.008186600728,-0.01655912295,-0.02307914814,-0.0264109483,-0.07083071002,-0.1318273014,-0.1613250113,-0.1451931056,-0.07678910959,-0.009805937158,0.06065707315,0.110174797,0.1013971686,0.0664286856,0.03451511541,0.02810180681,0.03091317538,0.03440231462,0.05120891347,0.09001151468,0.1295457504,0.1505671838,0.1565378233,0.1700058791,0.1857927934,0.1923628444,0.1926081796,0.1926682134,0.1930873066,0.1883396802,0.1845262077,0.177980045,0.1737613105,0.1648502573,0.1554828681,0.1481724263,0.1360697716,0.1272877084,0.1165917947,0.1091202193,0.09802679343,0.0887155967,0.08092570334,0.07322533267,0.06750797957,0.06162246922,0.05716419416,0.05330119435,0.05007591902,0.04753128508,0.04540729359,0.04479313207,0.04401554541,0.04232577351,0.04216376998,0.04148925034,0.04084530648,0.04077113214,0.04126707239,0.03997046774,0.03970965152,0.03926259829,0.04028173784,0.04085413273,0.04114769575,0.04274687087,0.04539739148,0.04792803976,0.05218898496,0.05789826412,0.06349600003,0.07199397282,0.07990860587,0.08927851458,0.09964236347,0.1111080143,0.1224526506,0.1338234491,0.1451635548,0.1557756502,0.1659109049,0.1753357643,0.1838607945,0.1884765463
7.4,-0.04410171307,-0.05995271177,-0.07124163727,-0.0804798427,-0.08940114548,-0.09241209444,-0.09514505456,-0.09560198792,-0.09295485515,-0.09063552297,-0.08617932933,-0.08162276385,-0.07764140687,-0.0728952766,-0.06919280938,-0.06567444155,-0.06268269582,-0.05934963882,-0.05611180652,-0.05268059535,-0.04818990222,-0.04389727132,-0.03863523662,-0.03326570281,-0.02842218407,-0.02358477564,-0.02012289755,-0.01783777178,-0.01714731118,-0.01828631255,-0.02103812391,-0.02520981694,-0.02996699286,-0.03543120344,-0.04015411732,-0.04375777857,-0.04624823881,-0.04574138344,-0.04359583993,-0.03962080212,-0.0331211817,-0.02632290866,-0.01774004939,-0.008285162697,0.0006329706401,0.01207841106,0.02302667455,0.03473222269,0.04771126702,0.05955966657,0.07149228099,0.08156787088,0.08930306106,0.09335932612,0.09377894314,0.09068205309,0.08385318431,0.07554652153,0.06618449093,0.05779338791,0.05222311628,0.04954487155,0.05064124358,0.05454771461,0.05957261263,0.06604509314,0.07108842417,0.0742227341,0.07575688663,0.07329419954,0.06898110189,0.0623804612,0.05316471157,0.04391111503,0.03339102726,0.02290742884,0.01345267377,0.004464558607,-0.002679009213,-0.00791158377,-0.01038129356,-0.05441986904,-0.1176392231,-0.1507938182,-0.1367212567,-0.07007801548,-0.01143404928,0.04570786116,0.08888967827,0.08317832809,0.04987635325,0.01818963304,0.01975302426,0.03408916216,0.04501555918,0.06781759636,0.1096932646,0.1463300872,0.1595746864,0.1559952432,0.1619519312,0.1759211323,0.1815388455,0.1809454257,0.1807134042,0.1809142133,0.1759170706,0.1723252393,0.1652946047,0.1614055857,0.1523602947,0.1428785011,0.1358738594,0.1232469302,0.1148143595,0.1040535151,0.09668250559,0.08598579469,0.07677395078,0.06986897312,0.0624204825,0.05799740574,0.05283888929,0.04957423292,0.04700807121,0.04471581543,0.04389343699,0.04271420155,0.04360138604,0.04376469281,0.04337851504,0.04460738244,0.04484326249,0.04581694569,0.04665702099,0.04864873256,0.04915547693,0.05016748803,0.05164249353,0.05434781295,0.05667541294,0.05845743918,0.06177936234,0.06596987858,0.06930556412,0.07487475845,0.08120061877,0.08722359666,0.09596173335,0.1038797121,0.1131854776,0.123284865,0.1343019215,0.1452906789,0.1562047249,0.1670974522,0.1771134142,0.1867793479,0.195486765,0.2032871174,0.2070764295
7.5,0.001585551885,-0.01537963571,-0.0286536505,-0.04056931625,-0.05245731236,-0.05938094614,-0.06601080207,-0.07041858542,-0.07204376201,-0.07328179804,-0.07250502434,-0.0713779918,-0.07033032654,-0.06877275796,-0.06791472489,-0.06729140943,-0.06730564136,-0.06684703348,-0.06653697997,-0.06588364059,-0.06396749828,-0.06177201637,-0.05812298059,-0.05375309999,-0.04924359239,-0.04397861558,-0.03948004241,-0.03563352649,-0.03304200935,-0.03196508711,-0.03251493612,-0.03464569676,-0.03733675559,-0.0415434627,-0.04511346283,-0.04788977671,-0.05028922134,-0.04925918017,-0.0471055336,-0.0430480198,-0.03603107286,-0.02912803254,-0.02001365224,-0.01012479847,-0.0009946726785,0.01078963494,0.0217711277,0.03344554546,0.04628418272,0.05802416595,0.06981597027,0.07964672653,0.08718874662,0.09058182651,0.0901447223,0.08576419709,0.07672922096,0.0661689633,0.05372199273,0.0420336202,0.03395672287,0.02853256695,0.02849382293,0.03241241014,0.03791378558,0.04677248664,0.05413840721,0.05993848529,0.06459195166,0.06444093031,0.06257817806,0.05804095015,0.05046305245,0.04281444499,0.03363617786,0.02446309773,0.01641759698,0.008791128229,0.003136338996,-0.0005730017949,-0.002050123785,-0.04396237636,-0.1068284882,-0.1408844738,-0.1262877753,-0.05917577996,-0.006044309618,0.04341286309,0.08210769377,0.07449221953,0.04205840887,0.01383517395,0.01649340247,0.0358272961,0.05665727402,0.08451719121,0.1264677959,0.1608988179,0.1671704987,0.1534681274,0.1502831237,0.1619902287,0.1663979635,0.1648947068,0.1641798826,0.1642006443,0.1593882023,0.1562781897,0.1496269857,0.1462502729,0.1377091896,0.1288501553,0.1225398599,0.1103820826,0.1026225505,0.09245519043,0.08527340432,0.07571521086,0.06684243139,0.06110328279,0.0540731017,0.05097394731,0.04669648419,0.04484866787,0.04371549926,0.04250676749,0.0434321642,0.04335186238,0.04607894563,0.04752633476,0.04869401748,0.05115593232,0.05268842452,0.05516093562,0.05730781101,0.06067544974,0.06274905063,0.06472583355,0.06794846053,0.07228961331,0.07611835843,0.07910214442,0.08356660068,0.08892679379,0.09291936709,0.09946059917,0.1060497829,0.1118561002,0.1203336049,0.1278297478,0.1367008022,0.1460976734,0.1559970192,0.16619448,0.1760376779,0.1862207294,0.1952492523,0.2040734697,0.2117381592,0.218400399,0.2213945223
7.6,0.04957517397,0.03302091544,0.01900565995,0.005652426613,-0.007853572412,-0.01773761419,-0.02731250127,-0.03495479561,-0.04030469767,-0.04476975284,-0.04745515771,-0.04961917723,-0.05153341128,-0.05313104136,-0.05522304428,-0.05764308787,-0.06085653726,-0.06362749954,-0.06671094379,-0.06947848137,-0.0709348198,-0.07187471123,-0.07101327942,-0.06895471723,-0.0662150452,-0.06196396209,-0.05790784095,-0.0539676061,-0.05082299938,-0.0488965712,-0.04844398947,-0.04958830422,-0.05136495644,-0.05498351588,-0.05816800219,-0.06079361512,-0.06329999526,-0.06233613083,-0.06027185626,-0.05609299207,-0.04869175991,-0.04112734834,-0.03107386897,-0.02011090326,-0.009743072238,0.00328488546,0.0155658422,0.02857451515,0.04273880923,0.05599119728,0.0692999527,0.08061741712,0.08949338675,0.09389001357,0.09391654517,0.08926837416,0.07910391489,0.06635028563,0.05077844237,0.03525729621,0.02305040274,0.01349387555,0.01010341813,0.01167189658,0.01585607599,0.02475353401,0.03283391036,0.03993762914,0.04623570911,0.04771644383,0.04747548755,0.04441190604,0.03821013174,0.03182086874,0.02394047222,0.01612418702,0.009637097637,0.003663696508,-0.0001676450553,-0.002005918093,-0.002251751774,-0.04006975799,-0.1003423228,-0.1329586389,-0.1153804805,-0.04451208107,0.007397844321,0.0518152984,0.08630036211,0.07628825933,0.04208801716,0.01235714324,0.01667431495,0.04034455683,0.06538019662,0.09674186705,0.1398651659,0.171681363,0.1715693736,0.1490191713,0.1366394712,0.1457921154,0.1485489337,0.1459361596,0.1446881627,0.1444471202,0.1399597758,0.1373210701,0.1314041754,0.1286969858,0.1210947482,0.1133690794,0.1079632337,0.09700471225,0.09027676905,0.08115953841,0.07459160743,0.06650348908,0.05829010599,0.05395282513,0.04747614745,0.04584144633,0.04243958568,0.04199744952,0.04222294655,0.04220920153,0.04488066925,0.04587823465,0.0504792929,0.05319342673,0.05609541288,0.05987780558,0.06309247343,0.06682163569,0.07030116447,0.07496704485,0.07861820306,0.08157700991,0.08624671073,0.0918459483,0.09666028493,0.1007313717,0.1060073427,0.1121719673,0.1163353888,0.1231787506,0.1297377369,0.1348967561,0.142897711,0.1493380279,0.1572911735,0.1655350648,0.1740202468,0.183283429,0.1916016231,0.2008393238,0.2085140183,0.2164681517,0.2231339789,0.2285569156,0.2308464839
7.7,0.09668637088,0.08155169424,0.0677207935,0.05390028704,0.03999801639,0.02799447,0.0164379408,0.006399593674,-0.002108071204,-0.009134745034,-0.01483189016,-0.0198701401,-0.0242517238,-0.02866456185,-0.03327231841,-0.03830596879,-0.0444569836,-0.05011870186,-0.05652200522,-0.06283326607,-0.06787616373,-0.07266884246,-0.0754285877,-0.07675624069,-0.07715769859,-0.07525322815,-0.07313981362,-0.07061094731,-0.06824998026,-0.06691651238,-0.06667638018,-0.06792374109,-0.07000966946,-0.07377272286,-0.07745822677,-0.08075791095,-0.08375727368,-0.08366467881,-0.08202267797,-0.07792905665,-0.07054431335,-0.06201302712,-0.05091004511,-0.03856467547,-0.02627258148,-0.01155945253,0.002815848096,0.01802180901,0.03441744907,0.05035802991,0.06643822308,0.08068523111,0.09233035295,0.09935549885,0.1013060953,0.09766769369,0.08779080491,0.07343073079,0.05528337356,0.03603878277,0.01878106476,0.00432230696,-0.0041014856,-0.006774719252,-0.005424618329,0.001571890329,0.00907490887,0.01640605179,0.02337808581,0.02600034601,0.02690086798,0.02500852613,0.01990756576,0.01463773384,0.007912070922,0.001350316339,-0.003487870821,-0.007795256219,-0.009593526235,-0.009326888574,-0.008208859144,-0.040313696,-0.09658009061,-0.1264412518,-0.1035768051,-0.0252690442,0.02906116064,0.06962729388,0.09967293772,0.08630882527,0.04786766603,0.01368220551,0.01784936619,0.04320470221,0.06927492105,0.102189952,0.1460318342,0.1759433282,0.171074754,0.1417274812,0.1214385957,0.1283866098,0.1291639484,0.1253758114,0.1236077575,0.1228519817,0.1187850692,0.1164298434,0.11136933,0.1094083152,0.1030202914,0.09674732562,0.09239329614,0.08317226991,0.07779188795,0.07002321674,0.06465549208,0.05809407587,0.05101955978,0.04809165557,0.04240466358,0.04216585928,0.03966876143,0.04048709498,0.04187604399,0.04301793944,0.04713757622,0.04912584423,0.05543853995,0.05938540225,0.06388345218,0.06904958794,0.07392864982,0.07892141259,0.08367795402,0.08966162691,0.09473130852,0.09864221802,0.1044827292,0.1111370134,0.1165215768,0.1214828,0.1271547997,0.1337526532,0.1378151243,0.144423159,0.1507882689,0.1547451323,0.1621981259,0.1671186515,0.1740042574,0.180855998,0.1876614677,0.1959814492,0.2024813744,0.21091208,0.2171505106,0.2242441851,0.230046647,0.2342246241,0.2361935859
7.8,0.1397550833,0.1263757725,0.1134331327,0.1000012118,0.08676790045,0.07360464941,0.06104657833,0.04950014313,0.03840624383,0.02950988501,0.02125317164,0.0137483622,0.007549427364,0.0006977944334,-0.005770436036,-0.01270326443,-0.02128458136,-0.02905164087,-0.03831652486,-0.04786879126,-0.05628278316,-0.06526985981,-0.07215251061,-0.07768444947,-0.08234522144,-0.08396607332,-0.08509146168,-0.08524296523,-0.0847538194,-0.08507195027,-0.08585757382,-0.08784427063,-0.09094307551,-0.09517911696,-0.09986369588,-0.1043703017,-0.1081726801,-0.1097311073,-0.1090382448,-0.1055528727,-0.09895632193,-0.08959626441,-0.07775570395,-0.06415233796,-0.04957045859,-0.03321399871,-0.01636267175,0.001444641371,0.0202352321,0.03952108176,0.05885468088,0.0767225089,0.0921214957,0.1027345464,0.1078023042,0.1063670816,0.09811505096,0.08324783303,0.06364250249,0.04159679832,0.01955726946,0.0004667831542,-0.01349685222,-0.02124853345,-0.02343414639,-0.01946839338,-0.01319740858,-0.006103738874,0.001089285714,0.004922109107,0.006936990914,0.006254962368,0.002423034501,-0.001831370279,-0.007446386146,-0.01287518752,-0.01634072587,-0.01910809226,-0.01907600539,-0.01686314677,-0.01437810767,-0.04043109785,-0.09234166813,-0.1194668251,-0.09008081435,-0.00153225165,0.05814065324,0.09561912458,0.1206657495,0.1029801369,0.05829421621,0.01651389105,0.01738576989,0.04167597891,0.06604789993,0.09845575828,0.142655446,0.1718931046,0.1642784073,0.1307110299,0.1050410615,0.1105722527,0.1093352944,0.1045878862,0.1023511375,0.1009223027,0.09752602441,0.09503160821,0.09115837443,0.08976114796,0.08479512806,0.08020870932,0.07681200656,0.06996735584,0.06584626238,0.05978270996,0.05592345453,0.05087653362,0.04536935049,0.04362002724,0.03904662128,0.03980227218,0.03827779953,0.04005653815,0.04232171605,0.04450897943,0.04950723188,0.05245680094,0.06002174608,0.06514271926,0.07096489718,0.07742913173,0.0839039653,0.09002669662,0.09604464003,0.1032844952,0.1096707086,0.1145392698,0.1213230438,0.1289175045,0.134514109,0.1403707398,0.1461736621,0.1529846632,0.1568738083,0.1628877791,0.1690696103,0.1715561583,0.1785832458,0.1817393268,0.1875431218,0.1929913923,0.1979949654,0.2055523065,0.2100719858,0.2179120535,0.2227231976,0.22904351,0.2341838287,0.237156815,0.239203138
7.9,0.1759771218,0.1638562359,0.1518281125,0.1392221705,0.1274292364,0.1142070609,0.1018141035,0.0899001773,0.0770878858,0.06718016741,0.05693922793,0.0474156004,0.0400335901,0.03107418334,0.02335477764,0.01518600167,0.004773048573,-0.004293705481,-0.01576865106,-0.02794692287,-0.0393645924,-0.05233215175,-0.06349004465,-0.07371066056,-0.08314100411,-0.0893490713,-0.09461701545,-0.09832267246,-0.1007192991,-0.1031154146,-0.1053971326,-0.1083785668,-0.1123375828,-0.1171395112,-0.122651683,-0.1282595927,-0.1331177579,-0.1364567843,-0.1372707084,-0.1351128149,-0.130006083,-0.120699392,-0.1087922382,-0.09446894762,-0.07793586417,-0.06013558924,-0.04085750541,-0.02041524844,0.0007227260651,0.02351000689,0.04617099673,0.06787169313,0.08760280038,0.1023331449,0.1114737675,0.11338633,0.1079350772,0.0941488246,0.07463032244,0.05134357576,0.02605184302,0.003443517053,-0.01530517036,-0.02782471678,-0.03363780086,-0.03303406521,-0.02837952638,-0.02182882913,-0.01472837836,-0.00967971454,-0.006581083022,-0.006082775464,-0.0084128501,-0.01186037317,-0.01641207261,-0.02086409816,-0.02353273717,-0.02498811452,-0.02369272368,-0.02007119447,-0.01638632203,-0.03754290297,-0.08575129332,-0.1111885388,-0.07550196668,0.02458600118,0.09221214424,0.1273785208,0.1466522386,0.1238693412,0.07147853069,0.01901472114,0.01284841658,0.03368105583,0.05459424445,0.08508349589,0.1296981927,0.1596341164,0.1512325894,0.1161288666,0.08829767207,0.09323641933,0.09036869671,0.08508557108,0.08243691034,0.08049904175,0.07801429246,0.07499434957,0.07270306948,0.07162750106,0.0681702055,0.06537585491,0.06273405176,0.05877634714,0.05553264678,0.05148760439,0.04920031892,0.0455540593,0.04184537533,0.04098258861,0.03773054279,0.03899111013,0.03846866532,0.04085350446,0.04371121438,0.04676342345,0.05199392145,0.05589902624,0.06417622295,0.07035106954,0.07721573088,0.08477163246,0.09278007114,0.09982803376,0.1071189166,0.1155726308,0.1232191732,0.1290963731,0.1367334974,0.1452524613,0.1509443627,0.1577569492,0.1637404806,0.1706651483,0.1745480173,0.1798588053,0.1858930262,0.1870948957,0.1937002704,0.1951553286,0.1999022308,0.2039392978,0.2072477318,0.2139294007,0.2166528048,0.2238310767,0.2272915541,0.2329005496,0.2373707477,0.2393174575,0.2414812651
8,0.205019281,0.1930664628,0.1809575569,0.1685049038,0.1576257007,0.1449430161,0.1334707426,0.1222354098,0.1090284546,0.09910630127,0.08788806974,0.07714637378,0.06931062113,0.05881585401,0.0504546445,0.04166294091,0.03006456361,0.02039346425,0.007426627104,-0.006616200184,-0.020495904,-0.03679408426,-0.05191422353,-0.06672497346,-0.08083379004,-0.09210309695,-0.1019033729,-0.109615834,-0.1155258951,-0.1201786189,-0.1241776122,-0.1282286728,-0.1326636199,-0.137937756,-0.1438224129,-0.1500679661,-0.1559772058,-0.1607432192,-0.1633308883,-0.1629959604,-0.1598071583,-0.1516146708,-0.1404428702,-0.1261608219,-0.1085751185,-0.08963630541,-0.06834642094,-0.04557578343,-0.02197585761,0.004028325231,0.0301440024,0.05593711325,0.08032090405,0.09999946938,0.1141933449,0.1207471772,0.1194890453,0.1085639734,0.09092085699,0.06820929733,0.04167753472,0.01699888051,-0.005247574631,-0.02173000532,-0.03115717172,-0.03403051595,-0.03165204422,-0.02645068092,-0.02008583898,-0.01470706695,-0.01114441296,-0.01005121097,-0.01143328405,-0.0145385407,-0.01852454808,-0.02250131406,-0.02502683241,-0.02574411718,-0.02387930892,-0.01951131313,-0.01500931119,-0.03290624502,-0.07848486414,-0.103316764,-0.06248070836,0.04931295787,0.1267508575,0.1604064599,0.1731723873,0.1449322454,0.08454074769,0.0195864378,0.003286238993,0.01905661824,0.0359135195,0.0640810667,0.1096887517,0.1416449186,0.1342276747,0.0998849661,0.07283511328,0.07779443986,0.07393660503,0.06856430064,0.06552137768,0.06357035943,0.06189151476,0.05845143201,0.05769181879,0.05696784883,0.05486069285,0.05367514513,0.05184390114,0.05055662759,0.04809701072,0.04592937224,0.04529829156,0.04279999949,0.0408438332,0.04084023421,0.03868555884,0.04038397565,0.04067326455,0.04347919869,0.04673360948,0.05037341331,0.05552369308,0.06010042366,0.06892728952,0.07582674877,0.08355172858,0.0920426154,0.1014151265,0.1093804187,0.1177937793,0.1276251697,0.1364408655,0.1434028643,0.1519715087,0.1614286364,0.1674059351,0.1750784631,0.1815767305,0.1885729705,0.1927230831,0.1973857634,0.2032583749,0.2036612716,0.2095710785,0.2096000273,0.2132549614,0.2157456496,0.2175438009,0.2228653429,0.224155565,0.2302628371,0.2324148687,0.2372363292,0.2408202103,0.2419921825,0.2438872234
8.1,0.2271871367,0.2152923385,0.2021618252,0.188457232,0.1767225562,0.163582891,0.1524684871,0.1419721898,0.1294030753,0.1202805126,0.1093830925,0.09867643063,0.0913093525,0.08041715116,0.07225937128,0.06366112699,0.05181185744,0.04230689995,0.02879131771,0.01388274726,-0.001556403801,-0.02008338413,-0.03825345556,-0.05683525219,-0.07490687071,-0.09088980965,-0.1050262932,-0.1167673414,-0.1263455677,-0.1334632803,-0.1393634563,-0.1446268756,-0.1494904962,-0.1551919268,-0.1612130688,-0.1677483901,-0.1745843139,-0.1803607597,-0.1846991837,-0.1863728349,-0.1852648497,-0.1790244701,-0.169328572,-0.1559180578,-0.1384059727,-0.1188976898,-0.09633803275,-0.07185876715,-0.04578433836,-0.01704825818,0.01272135437,0.04301962495,0.0724823539,0.09836116802,0.1188887681,0.1317269745,0.136351481,0.1301992687,0.1162337314,0.09579838638,0.06980641141,0.04426885989,0.01956262475,-0.0003408499341,-0.01360795753,-0.020484316,-0.02153770142,-0.01916611125,-0.01484085546,-0.01094463099,-0.0083656386,-0.008052991442,-0.0100240243,-0.01382993491,-0.01845492848,-0.02303020405,-0.02634720901,-0.02729042661,-0.02566358816,-0.0212343598,-0.0163981195,-0.03207924619,-0.0754878898,-0.09957431309,-0.05440727027,0.06861930111,0.1565363138,0.1892778811,0.1952770529,0.1620879023,0.09496001622,0.01772247753,-0.01030937659,-0.0004218091719,0.01258854583,0.0389716512,0.08662010109,0.1219672346,0.1171992821,0.08523375222,0.06084173771,0.06627979179,0.06187033761,0.05680413564,0.05338519949,0.05189743231,0.05073949819,0.04726853516,0.04758961795,0.04734700666,0.04631888698,0.04628253926,0.04543886681,0.04595975054,0.04448305881,0.04367065437,0.04471690296,0.04310218374,0.04275100988,0.04369136784,0.04228252223,0.04470412173,0.0455597303,0.04876270918,0.05235732548,0.05631994623,0.06140148448,0.06620051686,0.0756893481,0.08288251433,0.09137203531,0.1006910104,0.1111829639,0.1201946717,0.1295252286,0.1409340315,0.1508130356,0.1589556874,0.1685891998,0.1789067696,0.1855152058,0.1938156643,0.2011168855,0.2081677474,0.212752723,0.2168703918,0.2224617384,0.2225602483,0.2273546615,0.2262684307,0.2286355391,0.2294819457,0.2296982093,0.2332283495,0.2331676422,0.2377798905,0.238510034,0.2422846968,0.2447733868,0.2452305865,0.2464655855
8.2,0.2411427057,0.230691537,0.2172547499,0.202039623,0.1882129639,0.172829085,0.1602812206,0.1491046355,0.1367900166,0.1283593592,0.118488512,0.1088977151,0.1027150474,0.0928625425,0.08589689657,0.07851706133,0.06772813434,0.0593642634,0.04661717211,0.03222245392,0.01660693762,-0.00250461263,-0.02216252103,-0.04300671224,-0.06360268507,-0.08323861482,-0.1008915508,-0.1161936088,-0.1292841391,-0.1389900422,-0.1470533621,-0.1538287285,-0.1594842433,-0.1657720872,-0.1720577053,-0.1788630389,-0.1865346007,-0.1931367013,-0.1991165466,-0.2028566099,-0.2038819161,-0.200237003,-0.1927020742,-0.1810628047,-0.1648708267,-0.1457548804,-0.1230622576,-0.09789562387,-0.07002624658,-0.03931716228,-0.006157525584,0.0286735386,0.06363427387,0.09669879592,0.1249267182,0.1458411429,0.1579952791,0.1586696625,0.1500142742,0.1332771658,0.1093088022,0.08367879498,0.05724481617,0.0342160149,0.01680746764,0.005331679717,-0.0003130757213,-0.00228860732,-0.001484342164,-0.001059249651,-0.001235213175,-0.003469030381,-0.008015829305,-0.01407950904,-0.02107122164,-0.02782054596,-0.03330450563,-0.03578368617,-0.03543274965,-0.03173036738,-0.02712097072,-0.04078318748,-0.08148232146,-0.1032714901,-0.05366881206,0.0794243827,0.1772175674,0.209318384,0.2089730162,0.172302735,0.1013029225,0.01427748326,-0.0252224382,-0.02148540091,-0.0117357629,0.01396110664,0.06491622821,0.1049069334,0.1041060077,0.0754285822,0.05444602253,0.06038010621,0.05567816898,0.05093095014,0.04745173211,0.0463855729,0.0456601308,0.042428144,0.04330768878,0.04356413455,0.04333321759,0.04400111444,0.04402026144,0.04550407161,0.0450039394,0.04511934015,0.04748526713,0.04673643463,0.04775785981,0.04971836231,0.04886912469,0.05232328057,0.05364616656,0.05732120004,0.06131416661,0.06541828188,0.07055599301,0.07522236749,0.08541668755,0.09256691064,0.1017450081,0.1117169137,0.1230582463,0.133210887,0.1433348317,0.156349838,0.1671533899,0.1766172381,0.1873392513,0.198272601,0.2058612353,0.2144808847,0.2226213582,0.2296386808,0.2346551786,0.2383005808,0.243333479,0.2435434793,0.246821759,0.2449012463,0.2456608385,0.2449188196,0.2432905757,0.2447930914,0.243221265,0.2460016729,0.2451135155,0.2474992205,0.2487275037,0.2483269594,0.2487143963
8.3,0.2456002312,0.2384707482,0.2267876231,0.2116021647,0.1961610944,0.1781212636,0.1627078308,0.1489931846,0.1352573319,0.1261396476,0.1165863372,0.1080095416,0.1028661462,0.0947797862,0.08954379909,0.08412385395,0.07554877307,0.06933641235,0.05879163359,0.04649598834,0.03242355775,0.0147226148,-0.004411241143,-0.02558368657,-0.0467088384,-0.0685341127,-0.0884065267,-0.1063500869,-0.1226724298,-0.1347480886,-0.1452227944,-0.1537935899,-0.1605891442,-0.167683962,-0.1743822109,-0.1815096408,-0.1897965239,-0.1971445769,-0.2045534824,-0.2102976265,-0.2135565862,-0.2129377963,-0.2082533227,-0.199363449,-0.1856897179,-0.1683101477,-0.1468792467,-0.1223884307,-0.09426809685,-0.06279132392,-0.02746903707,0.01092709862,0.05100482254,0.09114523794,0.1277261192,0.157930431,0.1788835774,0.1882694042,0.1864208179,0.1746998255,0.1542153007,0.1292142707,0.1019079498,0.07630532053,0.05487713108,0.03878172536,0.02806753687,0.02099155472,0.01733521821,0.01304580479,0.008802451152,0.002616150027,-0.00609160891,-0.01593004825,-0.02693051513,-0.0374643749,-0.04663469101,-0.05206896961,-0.05418276432,-0.05211901665,-0.04832397392,-0.05987438193,-0.09704146848,-0.1148408888,-0.06054668216,0.08042527631,0.1862105765,0.2175446418,0.2119481437,0.1741508165,0.1033292942,0.01079182461,-0.03817132958,-0.04026096183,-0.03315911459,-0.007132270387,0.04826308905,0.09373572797,0.09748474162,0.07230318086,0.05462756488,0.06090613958,0.05588763849,0.05118640637,0.04808483296,0.04695586831,0.04672649055,0.04380852987,0.04491643794,0.04555872936,0.04588887061,0.04699195232,0.04746624291,0.04941162316,0.04957015035,0.05033573244,0.05345269858,0.05364554575,0.05571072543,0.05873321408,0.05842335824,0.06298945546,0.06482749756,0.06913662879,0.07362691497,0.0776975653,0.08305628608,0.08738395034,0.09813074857,0.1050835351,0.1148102237,0.1251895299,0.1370062354,0.1483454384,0.1591266345,0.1735998352,0.1851657545,0.195985177,0.2076792683,0.2189310066,0.2276483891,0.236292487,0.24510166,0.2519188919,0.2572396938,0.2603550931,0.2646892422,0.2651082267,0.2668509781,0.2641539256,0.2632183106,0.2609365443,0.2573163156,0.2567487948,0.2534135553,0.254168094,0.2514223733,0.2521659303,0.2519650162,0.2504457118,0.2500510081
8.4,0.2404686061,0.2385265871,0.2309103266,0.2181969782,0.2029804597,0.1837912979,0.1656575135,0.1485655858,0.131919708,0.120069019,0.1089647931,0.09984079953,0.09432406866,0.08730036067,0.08321173864,0.07952955497,0.07346704421,0.06992021523,0.06260671316,0.05373205234,0.04290806372,0.02852653715,0.01204895567,-0.007298152374,-0.02686867407,-0.04900048138,-0.06951669335,-0.08884611384,-0.1077026081,-0.1216359203,-0.1344425334,-0.1448113476,-0.1528042204,-0.160675076,-0.1676613376,-0.1749263552,-0.1833072338,-0.1911461022,-0.1995245092,-0.2069736873,-0.212486825,-0.2150582816,-0.2138072914,-0.208534825,-0.1985001495,-0.1842072589,-0.1654996761,-0.143234992,-0.1166680553,-0.08619354756,-0.05073385023,-0.01077460996,0.0325607361,0.07831662228,0.1224251657,0.1618438882,0.192158179,0.211495629,0.2178398005,0.21253661,0.1972202004,0.1739344619,0.1470613018,0.1200050826,0.09526752046,0.07534340393,0.05989136318,0.04787090449,0.03964571909,0.03036014056,0.02157899484,0.01084240369,-0.002727152598,-0.01720164575,-0.03316642533,-0.04853767979,-0.06250302559,-0.07200504292,-0.077612521,-0.07806231521,-0.07556998229,-0.08525274713,-0.1187470218,-0.131954983,-0.07348255778,0.07216987326,0.1828485656,0.2128102977,0.2033562004,0.1672277021,0.1011666441,0.008411110208,-0.04654463685,-0.0531972548,-0.04808096431,-0.0211572286,0.03934279149,0.09046283445,0.09856449262,0.07652605832,0.06140363656,0.06775967448,0.06220474792,0.05708703487,0.05454522217,0.0527258786,0.05296916265,0.05022297078,0.05148858279,0.05225619116,0.05298820365,0.05440345592,0.05476912724,0.05704835664,0.05731670066,0.0585311499,0.06178924305,0.0629036059,0.06565442247,0.06958697895,0.07002791846,0.07543724149,0.07799549279,0.08308637634,0.08822623242,0.09215338015,0.09786706188,0.101908793,0.1128538915,0.1196922777,0.1297521742,0.1402690743,0.152178265,0.1646188228,0.1759471423,0.1915097787,0.2038212621,0.2157350408,0.2282579982,0.2395831161,0.2493346104,0.2577746418,0.2669715108,0.2734757993,0.2787700971,0.2813238098,0.2849457741,0.2854814365,0.2859072069,0.2824708106,0.2799506891,0.276213652,0.2706452437,0.2681803971,0.2627928205,0.2615145028,0.2566582404,0.2556126231,0.2538622385,0.250880571,0.2499580984
8.5,0.2252997788,0.2303361989,0.2288281007,0.2211290734,0.2088386748,0.191056079,0.1720035021,0.1523195427,0.1327312509,0.1166664668,0.1022239707,0.09050697296,0.08221765049,0.0745977634,0.06988640091,0.06649693705,0.06231517683,0.06075562091,0.05686724848,0.05199584856,0.0453987874,0.03580889145,0.02369940957,0.008148539577,-0.008060668257,-0.02841458223,-0.04788297743,-0.06714463994,-0.08721469286,-0.1023033785,-0.1168558659,-0.1286241408,-0.1376379227,-0.1458990525,-0.1528467475,-0.1598730052,-0.1676026354,-0.1755305594,-0.1841918413,-0.1927537735,-0.2003333347,-0.2057974175,-0.2082123559,-0.2070377028,-0.201391143,-0.1912383246,-0.1764958674,-0.1579227568,-0.1345475526,-0.1071446602,-0.07393196813,-0.03507728463,0.008327861697,0.05706567635,0.1062264877,0.1531676491,0.1924427272,0.221852125,0.2374743813,0.2400336311,0.2316027591,0.2116908363,0.1869605735,0.16005598,0.1333048103,0.1108705281,0.09163791289,0.07550904908,0.06328166488,0.04953723221,0.0365646811,0.02154195807,0.003418347336,-0.01563177452,-0.03651037458,-0.05683193479,-0.07590907817,-0.08990955458,-0.09958437944,-0.1031475994,-0.1022744322,-0.111084531,-0.1420218629,-0.1513947893,-0.09008509569,0.05682534064,0.1685202761,0.1960705879,0.1837192446,0.151691528,0.09490383001,0.0076364915,-0.04878047492,-0.05769341311,-0.05359360796,-0.02571085569,0.03977654872,0.09597205539,0.1074391693,0.08749905956,0.07355110723,0.07930354112,0.07293853628,0.0668053225,0.06444249912,0.061464283,0.06180890841,0.05892289538,0.06029178644,0.06083634715,0.06184638309,0.06348213792,0.06323227465,0.06590162684,0.0657665737,0.06731561242,0.07022825486,0.07216928219,0.07537341543,0.07989531484,0.08152877397,0.08740404812,0.09106465863,0.09703006994,0.1031006039,0.1070325956,0.113199727,0.1173649606,0.1281489937,0.1352039053,0.1453964323,0.1559223491,0.16765585,0.1810572286,0.1928941805,0.2090822365,0.2222407391,0.23483273,0.2480141648,0.259245884,0.2697724556,0.2778096633,0.287045656,0.2931090423,0.2979072133,0.2998510221,0.3026961533,0.3031750869,0.3024689915,0.2983678956,0.2944115129,0.2892967931,0.2820470733,0.2778534361,0.2702695633,0.2669819234,0.2598889236,0.2569128239,0.2535423082,0.2488381082,0.2475254647
8.6,0.1981423291,0.2114788321,0.2178057103,0.2174319895,0.2112826109,0.197769556,0.180818002,0.1609468457,0.1398031037,0.119910769,0.1015177994,0.0859235372,0.07290253412,0.0629298411,0.05550001337,0.05030278811,0.04664639877,0.04519891802,0.04383127347,0.042435327,0.03975573889,0.03555889817,0.02858862299,0.01812329898,0.006559123785,-0.0101734879,-0.02698020488,-0.04469417568,-0.06424054648,-0.07966698985,-0.09501272838,-0.1075266797,-0.1173727165,-0.1254891845,-0.1321319632,-0.138588506,-0.1449250441,-0.1525442231,-0.1606851985,-0.1694938598,-0.1786739096,-0.1861211042,-0.191878248,-0.1947141422,-0.1934027084,-0.1880914092,-0.1780417906,-0.1642138798,-0.145586641,-0.1230077924,-0.09450615293,-0.05972342926,-0.01998566933,0.02808399841,0.07852357613,0.1297131663,0.1764264999,0.2145337637,0.2398642629,0.2515533544,0.2511587941,0.2370089446,0.2162729896,0.191363023,0.1646964208,0.1411286637,0.1196737467,0.1008501435,0.08560152969,0.06875798426,0.05261628914,0.03434892357,0.01289852841,-0.009820566711,-0.03462121105,-0.05911666229,-0.08278757181,-0.1010467901,-0.1148414466,-0.1217701956,-0.1226877587,-0.1324852905,-0.1631966893,-0.1705242411,-0.1084295893,0.03675024898,0.1453051715,0.1692773701,0.1544907933,0.1283587055,0.08505427927,0.009017273361,-0.04384799072,-0.05206898059,-0.047722163,-0.01938019705,0.04990909168,0.1097494606,0.1225666692,0.1026800644,0.08799498513,0.09203172342,0.08452769134,0.07690484739,0.07382004478,0.06958045083,0.06933959057,0.0660779157,0.06734135799,0.06743289803,0.06865159196,0.07040435113,0.0694576275,0.07256813102,0.07190381913,0.07382991716,0.07633839503,0.07898624498,0.08272086556,0.0875592968,0.09099038121,0.09709067138,0.102396401,0.1093587297,0.1167044836,0.1211549831,0.1278400902,0.1328729757,0.1432960021,0.1510239565,0.1612949966,0.1718117265,0.1833727111,0.1974183649,0.2098996602,0.2261685341,0.2402100139,0.2530300881,0.2665478339,0.2775485083,0.2883299458,0.2957251823,0.3044844041,0.3097803955,0.3135242727,0.314571238,0.3163554325,0.3164874816,0.3145323005,0.3098003987,0.304428292,0.2979295314,0.2893482204,0.2834412016,0.2738056335,0.2683666465,0.2592038121,0.2541262768,0.2491057238,0.2427124349,0.2408793338
8.7,0.1577801675,0.1795869645,0.1948630466,0.2034688563,0.2062673821,0.1997187929,0.1882622985,0.1716829737,0.151123234,0.1300927721,0.1086828619,0.08927383807,0.07181134473,0.05798526816,0.0468075032,0.03834278982,0.03321992778,0.03013619343,0.02934134156,0.029718447,0.02958964292,0.02985952969,0.02760664861,0.02237867307,0.01582850105,0.003851221763,-0.009141324166,-0.02407295903,-0.04153185001,-0.05641952274,-0.07160006739,-0.08429674522,-0.09479639191,-0.1025737494,-0.1088814141,-0.1146213031,-0.1193094279,-0.1261232883,-0.1330705394,-0.1412521659,-0.1509996595,-0.1593974555,-0.1675254202,-0.173586403,-0.1760953344,-0.1754727939,-0.1702961167,-0.1616812569,-0.1487532066,-0.1321540517,-0.1102297461,-0.08209030605,-0.04925458673,-0.005870137458,0.04159359875,0.09286716076,0.1440946064,0.1883634459,0.2226808609,0.243988729,0.252027014,0.2460371064,0.2309901222,0.2098812321,0.1859217781,0.1625284983,0.1408677202,0.1211984827,0.1042115385,0.08626874073,0.06846973845,0.0485689162,0.02558906997,0.0007017641347,-0.02643694692,-0.05376807284,-0.08083755598,-0.1026798273,-0.1201655209,-0.1303547561,-0.1331833852,-0.146185842,-0.1794886673,-0.1872502811,-0.1270835112,0.01390665968,0.1157425686,0.1354056392,0.118772543,0.09974531295,0.07330045667,0.01342004291,-0.03140945122,-0.03620769509,-0.03047910334,-0.002894816459,0.06774565875,0.1287036455,0.1398400359,0.1171785578,0.09981241808,0.1013012415,0.09237305385,0.08316257091,0.07866349206,0.07336248022,0.07219471328,0.06857436896,0.06967699912,0.06947476331,0.07100062681,0.07297046113,0.07180489158,0.07552064386,0.07474522266,0.07732678675,0.07995490849,0.08324475124,0.08786981763,0.09300168602,0.09874812611,0.1050855715,0.1124734186,0.1205834843,0.1293782108,0.1349743095,0.1422166311,0.1487980545,0.1587968919,0.167511309,0.1778650425,0.1882976843,0.1998234925,0.2139443711,0.2271367823,0.2428708045,0.2575177421,0.2700263043,0.2833231183,0.2938217687,0.3040469597,0.310388188,0.3179692118,0.3219187833,0.3239478735,0.3235650403,0.3237550448,0.3231218316,0.3194767442,0.3140524825,0.3071785734,0.2992150317,0.2896532496,0.28191352,0.2707765422,0.2629260437,0.2522339024,0.2450211205,0.2384457222,0.230893849,0.2282145105
8.8,0.1049475941,0.1344842563,0.1587946512,0.1771171234,0.1905105469,0.1931783228,0.1902288274,0.180447922,0.1634930228,0.1448731919,0.122819795,0.101161489,0.08109771905,0.06317710207,0.04849154883,0.03642320687,0.02825777439,0.02242578537,0.02000390319,0.01985150279,0.02015879067,0.02266797427,0.02352991694,0.02242310143,0.02022517378,0.01312111934,0.004388346274,-0.006974335566,-0.02136812508,-0.03481362157,-0.04907587494,-0.06159679397,-0.07245108218,-0.08019005029,-0.0863162026,-0.09136116451,-0.09473263521,-0.1001009314,-0.1054049437,-0.1122334161,-0.1210398898,-0.1295659613,-0.1386776878,-0.1467060751,-0.1524463997,-0.1555379751,-0.15502952,-0.1515747554,-0.144443538,-0.1343276107,-0.1197904739,-0.0998886795,-0.07597059178,-0.04087526023,-0.0003909816807,0.04665390066,0.09784050177,0.1452289307,0.186292113,0.2162600607,0.2330652772,0.236261064,0.2285465413,0.2131516242,0.1940527333,0.1728741434,0.1531375648,0.1346829553,0.1178997729,0.1008939129,0.08337220993,0.06378838772,0.04119915584,0.01604300851,-0.0116156462,-0.04013429771,-0.06898893444,-0.0933738585,-0.1136996771,-0.1266830428,-0.1314512391,-0.1497678098,-0.1885336436,-0.2001134552,-0.1447655273,-0.01030844676,0.08262805774,0.0981568512,0.08092001208,0.06960457173,0.0619226773,0.02158014897,-0.0119406637,-0.01148121921,-0.00382498104,0.02109847509,0.08946906621,0.147987814,0.1539487594,0.1256777671,0.1044255487,0.1033334428,0.09304850168,0.08261416472,0.07681649764,0.07096630204,0.06928813281,0.06571667751,0.0670689686,0.06719031678,0.0693780875,0.07202011078,0.07155651808,0.07625413216,0.07632408972,0.08000422474,0.08372613205,0.0877483443,0.09371576381,0.09940390574,0.1075186676,0.1144258767,0.123812109,0.1330913625,0.1431719322,0.1501585826,0.1580262213,0.1661341896,0.1757643386,0.1853195188,0.1955609534,0.2057196099,0.216948425,0.2306271486,0.2439096282,0.258575674,0.2730121048,0.284484335,0.2968127971,0.3061481909,0.3149949482,0.3195452094,0.3252011942,0.3271055117,0.3267328039,0.3244147426,0.3224151532,0.3205419393,0.3148570297,0.3086168476,0.3002949041,0.2909538566,0.2807558437,0.271385942,0.2594087958,0.2493573606,0.2378805381,0.2288676902,0.2211866359,0.2132385081,0.2098103696
8.9,0.04318260542,0.0790828529,0.111408834,0.1390718146,0.1633646271,0.1765376717,0.1841820803,0.1839394614,0.1740019972,0.1610493679,0.1415310683,0.1202629454,0.09962389081,0.07891737528,0.06157765016,0.04629341581,0.03482290316,0.02557591139,0.02010047322,0.01752111085,0.01589144111,0.01820326209,0.01979294622,0.02073871091,0.02139374804,0.01817127995,0.01330986253,0.005578953196,-0.005423228985,-0.01684110594,-0.0296944149,-0.04176535618,-0.05274724019,-0.06080534023,-0.06703406839,-0.07160709196,-0.07411958028,-0.07767844733,-0.08105129785,-0.085935749,-0.09252184815,-0.100331786,-0.1090766596,-0.117780711,-0.1258517982,-0.1315429396,-0.1350674192,-0.1361836015,-0.1344289242,-0.1303342285,-0.1229297347,-0.1115098792,-0.09693577619,-0.07239777252,-0.04187418791,-0.003025554308,0.04304985814,0.08970910195,0.1339901978,0.1702928157,0.1955069054,0.2076948319,0.20860669,0.2007350613,0.1881421103,0.1717139948,0.155990042,0.1408411117,0.1265735424,0.1123353299,0.09711997647,0.07979373812,0.05935398962,0.03586611418,0.009461304073,-0.01851669265,-0.04742095352,-0.07298843819,-0.09496993995,-0.1099607588,-0.1164028011,-0.1419299451,-0.1892208153,-0.2087773517,-0.1611279481,-0.03484049409,0.04861098767,0.06131875973,0.04532455668,0.04175388424,0.05295206574,0.03345148938,0.01274262892,0.01899976784,0.02812148245,0.04809646139,0.110228227,0.1626276204,0.1605879989,0.1250808856,0.1003046633,0.09705038146,0.08617268307,0.07520203702,0.06893015182,0.06347363452,0.06205050733,0.05945865132,0.06173324588,0.06303742768,0.0664176131,0.07037546285,0.07170753343,0.07792770888,0.07994523475,0.08538071811,0.09109903773,0.09629830523,0.1039318151,0.1105828577,0.1206978658,0.1284757639,0.1393015563,0.1494225242,0.1602928962,0.1683491214,0.1766226264,0.1856429112,0.1947355534,0.204571665,0.2141952676,0.2236091895,0.2339138281,0.2464720889,0.2587968108,0.2717327235,0.284793759,0.2943532933,0.3048257302,0.312157655,0.3188582766,0.3209015689,0.3239996137,0.3233683873,0.3201666991,0.3157187707,0.3112564199,0.3078672735,0.3002436363,0.2932512956,0.2838305601,0.2736198231,0.2631876036,0.2529689073,0.2407714679,0.2294273146,0.2179963468,0.2079020895,0.1999381251,0.1922816907,0.1888083858
9,-0.02288675482,0.01740452408,0.05583228212,0.09136325725,0.1255416123,0.1492950669,0.1683865218,0.1793454686,0.1792970156,0.1747642662,0.1610557388,0.1431655211,0.1240649987,0.1024824438,0.08354563517,0.06577748492,0.05142634449,0.0388001907,0.02987198387,0.02398831381,0.01883802372,0.01912920931,0.01919833373,0.01991296094,0.02156681444,0.02045974181,0.01839108922,0.01365444209,0.005746869351,-0.003465509783,-0.01467485856,-0.02605893323,-0.03701995366,-0.04563552498,-0.0523381121,-0.05688853604,-0.05911069096,-0.06103053172,-0.06253690363,-0.06523853546,-0.06896217085,-0.07532512168,-0.08268048853,-0.09097898273,-0.1002104995,-0.1074650081,-0.1139731352,-0.1185678218,-0.1213232461,-0.1218501242,-0.1203339042,-0.1162214994,-0.1096349696,-0.09590980045,-0.07639208665,-0.04842038538,-0.01178498682,0.02972416017,0.07278980948,0.1119920513,0.1436423064,0.1638899421,0.1738053224,0.1746062729,0.1699961902,0.1603677455,0.1505650938,0.1405824125,0.1308150476,0.1208847992,0.1096240588,0.09613091208,0.07910848939,0.05890073244,0.03511520069,0.009060577773,-0.01833088502,-0.04388735441,-0.06630312079,-0.08242457292,-0.09010112274,-0.1244285955,-0.1832480742,-0.2146960611,-0.1773090255,-0.0594946709,0.0153207811,0.02747766662,0.01495153792,0.01886991255,0.04768141323,0.04835333484,0.03999116922,0.05116329264,0.06025976049,0.07288958126,0.1254761645,0.1691364923,0.1579157529,0.1155187246,0.08914892152,0.08448261672,0.07418079836,0.0634687441,0.05776779809,0.05374857647,0.05328314876,0.05278230433,0.05660043451,0.05982398618,0.06485183665,0.07066482297,0.07475433319,0.08298907154,0.08785234781,0.09575397735,0.1039629364,0.1111409736,0.1205581239,0.1286641266,0.1401810575,0.1489342466,0.1604279691,0.1707689288,0.1817573777,0.1901155918,0.1981372717,0.2072076732,0.2152135718,0.224545971,0.2328209414,0.2406616158,0.2493430781,0.2597234245,0.2701475729,0.280443474,0.2909462811,0.2977613264,0.3054684601,0.3101719495,0.3140500445,0.3133287651,0.3135491586,0.3103450788,0.3044161822,0.2980279314,0.2914273034,0.2866535954,0.2777361776,0.2703354263,0.2604601197,0.2501866767,0.2401762264,0.230121572,0.2185189925,0.207019589,0.1965288152,0.1863039667,0.1789482314,0.1722609179,0.1694353908
9.1,-0.08907334999,-0.04692649981,-0.005144292636,0.03573940432,0.07743395861,0.1105257773,0.1404210593,0.1628234292,0.174439177,0.1801966406,0.1752345823,0.1637288966,0.1485066993,0.1283442611,0.1091558813,0.08997368814,0.0733947957,0.05814769546,0.04618727945,0.03717053709,0.02835123223,0.02580528286,0.02311681557,0.02193529054,0.02300927808,0.02214244109,0.02151274438,0.01880387747,0.0131963599,0.006238473051,-0.003250123113,-0.0137170397,-0.0242791782,-0.03364183209,-0.04111820185,-0.04627026562,-0.04909603744,-0.05015712886,-0.0505194453,-0.05144634623,-0.05258464018,-0.05718241308,-0.06271595589,-0.06997926258,-0.07922151625,-0.08728281187,-0.09558896994,-0.1024011345,-0.1085185637,-0.1118507626,-0.1143398806,-0.1152698417,-0.1139020074,-0.1088551803,-0.09866000471,-0.08140975492,-0.05602590629,-0.02281212061,0.0149336457,0.05314677612,0.08788041114,0.114257279,0.1321469451,0.1414403261,0.1454561829,0.1433393917,0.1404459254,0.1365111745,0.1321626707,0.1271427198,0.1204773807,0.1114431519,0.09806407958,0.08184046246,0.06105186424,0.03735910936,0.01219233,-0.01294113222,-0.03516158986,-0.05192435071,-0.06054201183,-0.1045490977,-0.1763220177,-0.2213773265,-0.1948803365,-0.08424928814,-0.01582400274,-0.001383045339,-0.008201066739,0.002556900389,0.04654624974,0.06494410019,0.06651750434,0.08026664805,0.08736366868,0.09068597335,0.1320007734,0.1663406494,0.1468918136,0.09975191649,0.07450646403,0.06943147476,0.06079426463,0.05107443169,0.04665824417,0.04478192255,0.04570014056,0.04814447382,0.0539031355,0.05938003818,0.06622515789,0.07408466563,0.08155874755,0.09195629035,0.1003194836,0.1110409695,0.1219735847,0.1318586614,0.1430825507,0.1531076022,0.1654984337,0.1752602219,0.1866558406,0.1964826334,0.206837121,0.2145993845,0.2215216996,0.2296927114,0.235816179,0.2437123107,0.2498408906,0.2551958496,0.2616432876,0.2686584385,0.2765111424,0.2832659518,0.2903581816,0.2939137128,0.298213817,0.3001144567,0.3007661812,0.2976618202,0.2951564092,0.2898695549,0.2818559591,0.2740258182,0.2661730673,0.2604796699,0.251325523,0.24398773,0.2344491696,0.2249354271,0.2161538559,0.2072062435,0.1970909286,0.186452471,0.1776482285,0.1682739137,0.1622056329,0.1570790088,0.1552908342
9.2,-0.1512500039,-0.110310368,-0.06855820055,-0.02570344573,0.01999198176,0.05986622187,0.09840372205,0.1309310053,0.1544717822,0.1712088808,0.1771771299,0.174869045,0.1661520912,0.1504053812,0.1330554394,0.1141980718,0.09660760081,0.07995650611,0.06591961935,0.05457966047,0.04295090006,0.03758431262,0.03192374551,0.02806661761,0.02742066462,0.02533987688,0.02478889169,0.02302310685,0.01874327135,0.01391859635,0.006162715588,-0.003134682685,-0.01264237613,-0.02271726096,-0.03094239776,-0.03716559268,-0.04152136546,-0.04277840352,-0.04313660049,-0.04315594128,-0.04265268117,-0.0455061305,-0.04924396243,-0.05519079017,-0.06351907358,-0.07190161515,-0.08103174846,-0.08910458961,-0.09758081653,-0.1023743086,-0.1072257026,-0.1109556711,-0.1120584047,-0.1123252544,-0.1080603528,-0.09873276749,-0.08305052635,-0.0584827762,-0.02802122005,0.00627433787,0.04069403534,0.07048842041,0.09409653915,0.1102925002,0.1220719037,0.1266665093,0.1301918409,0.1317546627,0.1322977766,0.1314748665,0.1287306758,0.1234840082,0.1129024442,0.1000733616,0.08158480198,0.05968730935,0.03625163227,0.0112334229,-0.01100433392,-0.02850217853,-0.03796258131,-0.09158429105,-0.1751507711,-0.2320457844,-0.2137438102,-0.1073032763,-0.04199574098,-0.02264407334,-0.02224365382,-0.006397311633,0.04881750322,0.08087874087,0.08840929822,0.1014952888,0.1050336922,0.09829690803,0.1288595542,0.1553754938,0.1302109649,0.08126154897,0.05987687717,0.055500969,0.04911932979,0.04093351565,0.03811496917,0.03859912093,0.04115764337,0.04667117792,0.05458503142,0.06220290772,0.0707689107,0.08057274336,0.09147677653,0.1039310176,0.1159532692,0.1294662672,0.1431546201,0.1560911793,0.1690988744,0.1812985219,0.1943421637,0.2051065938,0.2158309923,0.224478099,0.2334272882,0.2398687557,0.2449034964,0.2512844974,0.2547399081,0.260247783,0.2635345724,0.2657152103,0.2694863547,0.2722805532,0.2772435847,0.2799059906,0.2832731085,0.2834766325,0.2842654526,0.283737007,0.2812447729,0.2765698333,0.2718512422,0.2653183714,0.2562377734,0.2477078254,0.2396772628,0.233578786,0.2252214268,0.2184421111,0.2100102949,0.2019437774,0.194985721,0.1878311744,0.1798889343,0.170912057,0.1642963444,0.1565296869,0.1521163059,0.1489145011,0.1482368749
9.3,-0.2040074755,-0.1672377334,-0.1289492254,-0.08789054566,-0.04229339348,0.0006148963198,0.04431401587,0.08415333987,0.1179500827,0.1449787905,0.1626602798,0.1715586682,0.1718881661,0.1640452213,0.1515331404,0.1356365248,0.1193651141,0.1028578267,0.08819966466,0.07572265923,0.06235267385,0.05476094508,0.04639390636,0.03964900255,0.0364655432,0.03206628931,0.03020400986,0.02803031408,0.02394130952,0.02049131162,0.01411625986,0.005945004119,-0.002160211599,-0.01269304878,-0.0214100833,-0.028794677,-0.03514200965,-0.03737018006,-0.03862873995,-0.0384921195,-0.03719859147,-0.0382837632,-0.04015760613,-0.04434457467,-0.05085967371,-0.05883705871,-0.06785695038,-0.07639967944,-0.08637207533,-0.09194582487,-0.09819600548,-0.1033803302,-0.1052771325,-0.1082682458,-0.1070295273,-0.1025634246,-0.09385105081,-0.07657003853,-0.05347980456,-0.02468607608,0.00700075355,0.03733593986,0.06406414569,0.08500713528,0.102590921,0.1125456091,0.121116477,0.1268893485,0.1310471149,0.1330441632,0.1328651004,0.1300184191,0.1210471185,0.1103033673,0.09306930329,0.07210464494,0.0494092454,0.02413592841,0.001395522194,-0.0171121971,-0.02730069701,-0.08975708646,-0.1821888369,-0.2466428747,-0.2313218831,-0.1248313413,-0.05921970608,-0.03371569712,-0.02619251269,-0.008341065423,0.0525512898,0.09302808808,0.1018317619,0.1111115393,0.1107657503,0.09504643527,0.1171435561,0.1387059613,0.1108055568,0.06279918673,0.04747368476,0.04499832182,0.04096090116,0.03465067454,0.03350032762,0.03605289633,0.04051106273,0.04842078453,0.05863221206,0.06786393694,0.07783819899,0.08930942342,0.1030000095,0.1174358985,0.1324434284,0.1484626663,0.1645226883,0.1804160132,0.1951418946,0.2094088686,0.2231258704,0.234749786,0.2445221509,0.2516041403,0.2585920867,0.2632574293,0.2658549103,0.2697050149,0.2700735359,0.2724662998,0.2725228672,0.2712591715,0.2721347271,0.2705782969,0.2726058821,0.2712922499,0.2711354904,0.2683562006,0.2660974424,0.2637961557,0.2588353389,0.253448664,0.2473067735,0.2404203514,0.231297293,0.2228617242,0.2155285746,0.2095215631,0.2027376622,0.1968458275,0.1900514118,0.1838924639,0.17904621,0.1741471396,0.1686683321,0.161880713,0.1576377166,0.1519423411,0.1493628377,0.1481556045,0.1484734719
9.4,-0.2421310864,-0.2112657845,-0.17883152,-0.1426604436,-0.1009069208,-0.05915589527,-0.01454257406,0.02865873735,0.06919566499,0.1042612321,0.1324438977,0.1527936571,0.1636150794,0.166420709,0.1618360835,0.1519335302,0.1401213379,0.1256501024,0.1122905765,0.1001916672,0.08616458256,0.07744904208,0.06697938846,0.05758850906,0.0516255034,0.04411168635,0.0397485036,0.0357043572,0.03037017369,0.02686600818,0.02080664999,0.01304058248,0.005809222796,-0.005144475412,-0.01433252662,-0.02288866742,-0.0312013194,-0.03486212908,-0.03744270987,-0.03754883503,-0.03597515765,-0.03506379426,-0.03474682857,-0.03643428862,-0.03997398102,-0.04634989179,-0.0539089705,-0.06172820074,-0.07199320347,-0.07760506331,-0.08447106718,-0.09029853178,-0.09224774426,-0.096589998,-0.09690078701,-0.09560933805,-0.09207534801,-0.0812359369,-0.06551922138,-0.04348749266,-0.01660650385,0.01156023516,0.03888891559,0.06248569626,0.08385136636,0.09803964141,0.110446118,0.1194382788,0.1261561191,0.1299641261,0.1312508603,0.1296498466,0.1215482625,0.1118172693,0.09524652621,0.07480144362,0.05230172529,0.02687156803,0.003540331186,-0.01594571549,-0.0265898847,-0.09670521493,-0.1946423567,-0.2618972738,-0.2442786279,-0.1332537241,-0.0647404018,-0.03407018622,-0.02124908835,-0.004998032412,0.05549869377,0.09913826501,0.1050109202,0.1083725141,0.1050001454,0.08270645678,0.09927085071,0.1189062051,0.09073866573,0.04580993118,0.03809566975,0.0384824939,0.03667583893,0.03239366545,0.03281861828,0.0368891143,0.0433279984,0.05266599813,0.06507992227,0.0751740894,0.08609814658,0.09880527956,0.1141844811,0.1304415883,0.14716748,0.1651287871,0.1827997372,0.2010728075,0.2173412689,0.2331765815,0.2477252327,0.2599234685,0.2688234571,0.2743440213,0.2792276319,0.2820697142,0.2820917148,0.2830831481,0.2804685036,0.2795132809,0.2764112761,0.2719190664,0.2699871333,0.2646930026,0.2640115074,0.2594391658,0.2563205741,0.2512505495,0.2467622542,0.2433651957,0.2369887234,0.231516219,0.2248117009,0.2182735893,0.2098647523,0.2021837005,0.1960101734,0.1905339719,0.1857059089,0.1808233144,0.175861531,0.1717778277,0.1690848361,0.1666053622,0.1635673799,0.1591484741,0.1572041731,0.1537168782,0.1529588458,0.1535711239,0.1547124923
9.5,-0.263084527,-0.2381916778,-0.2122046327,-0.1823551648,-0.1468933555,-0.1097369953,-0.06832046176,-0.0261251873,0.0165931386,0.05599670741,0.09156073025,0.1214199824,0.1421631788,0.1563763247,0.1615448892,0.1599765172,0.1554232467,0.1450243649,0.1350313803,0.1250207796,0.1117510404,0.1033837236,0.09200126801,0.08090495037,0.07275480126,0.06208279465,0.05467775852,0.04770988407,0.03972283096,0.03454312834,0.02723970239,0.01858915503,0.01097958729,-0.0008238816719,-0.01088961179,-0.02082822967,-0.03101427752,-0.03649732663,-0.04068229253,-0.04142778738,-0.04004482157,-0.03716164053,-0.03445766019,-0.03300956949,-0.03241911343,-0.03576397964,-0.04010259493,-0.04543038794,-0.05414217021,-0.05842302877,-0.06466251816,-0.07008390743,-0.07156651422,-0.07629329765,-0.07751167192,-0.0787152277,-0.07949611727,-0.07516987633,-0.06736542728,-0.05365459539,-0.03403763331,-0.01079263915,0.01441345506,0.03843940922,0.06177935191,0.07911732257,0.09454627684,0.1062558289,0.1149527905,0.1202478595,0.1225081582,0.1216677197,0.1143245621,0.1052683071,0.08945794447,0.06977153013,0.04773158739,0.02274571751,-0.0006672540985,-0.02062799481,-0.03134767429,-0.1075792858,-0.207816079,-0.2738190928,-0.2502653455,-0.1306680236,-0.05789450837,-0.02517730011,-0.009920215483,0.001660778007,0.0562829282,0.09869207377,0.09878348016,0.09526809106,0.09009373157,0.06393874952,0.07754381802,0.09753807997,0.07063454269,0.03030209794,0.03123075864,0.03511578664,0.03539379979,0.0331904683,0.03494330226,0.03998878244,0.04821364761,0.05816977508,0.07244994086,0.08264060276,0.09398977577,0.107397916,0.1233612547,0.1410968867,0.1582284455,0.1772718251,0.1957295417,0.2154444881,0.2329918797,0.2497410462,0.2652428063,0.2777625858,0.2861410646,0.2905139536,0.2935958798,0.2949810498,0.2928141193,0.2910559394,0.286084605,0.2819960678,0.2762482787,0.269115002,0.2646675175,0.2567547035,0.2537014194,0.2469055299,0.241510299,0.2349062469,0.2290982794,0.2251035346,0.2184545968,0.2131613125,0.2066667297,0.2008836418,0.1935775337,0.1870968611,0.1821222668,0.1775329364,0.1746337146,0.1707027191,0.1674594342,0.1653100049,0.1646390562,0.1644310546,0.1636174615,0.1613694361,0.1614674402,0.1600496711,0.1609091772,0.1630325844,0.1647815261
9.6,-0.2689384391,-0.248890561,-0.2283162769,-0.2042934542,-0.1754769868,-0.1444219861,-0.1087694111,-0.07097684573,-0.03027676346,0.009344680853,0.04815897453,0.08392053303,0.1119574687,0.1359158752,0.1504179374,0.1577094101,0.1616289089,0.1567579522,0.1517034377,0.1452529547,0.1344585719,0.1279152232,0.1173333291,0.1061795516,0.09703871893,0.08430162787,0.07419946819,0.06407667328,0.05284970522,0.04467690357,0.03481587218,0.02403697374,0.01458476277,0.001380006075,-0.01021374459,-0.02188841964,-0.03401321728,-0.04172028986,-0.0479246409,-0.05002347267,-0.04943102402,-0.045370274,-0.04059227892,-0.03588573049,-0.03077137182,-0.0297771985,-0.02938870022,-0.03048866693,-0.03540490042,-0.03682668699,-0.04074325477,-0.04433120916,-0.04471971592,-0.04867432896,-0.0502445296,-0.0533340028,-0.05772725832,-0.05990679688,-0.06046120707,-0.05649628156,-0.04655107677,-0.03109065113,-0.01095058099,0.01104255517,0.03443953272,0.05379269743,0.07157191784,0.08571346721,0.09632727185,0.1031856749,0.1065504427,0.1066755441,0.1004139048,0.09247498414,0.07802183429,0.05979199152,0.03910202389,0.01540355644,-0.007177887095,-0.02678563239,-0.03716484005,-0.1176996579,-0.2177001583,-0.2797340934,-0.248589217,-0.1175670266,-0.04052397872,-0.009977354443,0.004758167768,0.009717647862,0.05456107488,0.09275319198,0.08600479211,0.07554945438,0.06934463766,0.04151712716,0.05397713083,0.07546010487,0.05023641792,0.01548709592,0.0256544778,0.03323054277,0.03563636744,0.0353482521,0.03826083629,0.04387332205,0.05344296432,0.06382078727,0.07943878051,0.08924781031,0.1005422748,0.114183154,0.1301110107,0.1488470074,0.1656772739,0.1847849206,0.2034748589,0.2237712384,0.2422966146,0.2596199008,0.2759301055,0.2888744143,0.297121261,0.3009774236,0.3029397019,0.3034005366,0.2998635998,0.2957156383,0.2891880514,0.2823471736,0.2746110442,0.2655475153,0.2588807104,0.2494528142,0.2442741343,0.236146037,0.2290825864,0.2214984413,0.2150747798,0.2107317117,0.2046223674,0.1994997012,0.1936909031,0.1887705643,0.1826161096,0.1774508948,0.1734580682,0.1698637931,0.1685946176,0.1653787073,0.1635418425,0.1629472439,0.1639698241,0.1657244063,0.1667197987,0.1662469055,0.167993659,0.1683386571,0.1705194262,0.1737648509,0.176020218
9.7,-0.264390146,-0.2478656548,-0.231003426,-0.2111309032,-0.1874306698,-0.1618929086,-0.1322502753,-0.1001735369,-0.06416668969,-0.02748339294,0.01061766615,0.04810218872,0.07973447915,0.1098827291,0.1312608187,0.1458706845,0.157399236,0.1582775959,0.1586573012,0.1565693172,0.1497446246,0.1462585308,0.1383201697,0.1290794051,0.1205042128,0.10759459,0.09593146159,0.08330674862,0.06927209686,0.05751101347,0.04447623614,0.03081912867,0.01833400866,0.003331225843,-0.01043334178,-0.02423593488,-0.03846375236,-0.04886084664,-0.05763857817,-0.06207077111,-0.06313752993,-0.05934483881,-0.05344301888,-0.04606503778,-0.03696447982,-0.03092888539,-0.0250368672,-0.02076250157,-0.01992170876,-0.01727873085,-0.01715254553,-0.01734261055,-0.01580457562,-0.01743054125,-0.01837660297,-0.02215971364,-0.02889640677,-0.03666119458,-0.04517057678,-0.0515767079,-0.05309412519,-0.04820569794,-0.0362634524,-0.01914716335,0.002083439317,0.02209601484,0.04151905688,0.05786521116,0.07070475724,0.07942229659,0.08448265384,0.08625852504,0.0816662808,0.0757717313,0.0635226251,0.04768456508,0.02948237782,0.008059463055,-0.0125934576,-0.03086256998,-0.04037586088,-0.1234082087,-0.2217718354,-0.2787123466,-0.2397454422,-0.09615031371,-0.01590915227,0.008347856058,0.01997010764,0.01751795232,0.05057181315,0.0828467026,0.06941663526,0.05268598293,0.04573573826,0.01761547326,0.03022412326,0.05335351807,0.02944635043,0.0007387606555,0.0202536949,0.03152905805,0.03627480207,0.03759333237,0.04168694053,0.04760791906,0.05808273486,0.06922629543,0.0856779659,0.0950066582,0.1059277515,0.1194813024,0.1353995162,0.1546151196,0.1711107452,0.1894423972,0.2080415864,0.2284341977,0.2476473188,0.2656548999,0.2823601851,0.2962516327,0.3046380804,0.3085327074,0.3101619216,0.310313905,0.3063491835,0.300357481,0.2927129293,0.2833911342,0.2741504659,0.2638326188,0.2552763789,0.2448006518,0.2376117885,0.2284795213,0.220236178,0.2119851765,0.2052145122,0.200668172,0.1951334708,0.1902332876,0.1850872982,0.1809276589,0.1758450356,0.1717562989,0.1684930745,0.1655448299,0.1655026772,0.1626958304,0.1619466721,0.162476074,0.1646385375,0.1679108746,0.1702454638,0.1711866046,0.1742377607,0.1759636437,0.1791368051,0.183187744,0.185891422
9.8,-0.255442303,-0.2417087959,-0.2271138147,-0.2094669741,-0.1884945873,-0.1662810958,-0.1407631053,-0.11330661,-0.08212649432,-0.04951618581,-0.01447783728,0.02151604806,0.0532801384,0.08567891943,0.1104717234,0.1293978197,0.1460082978,0.1511862254,0.1559749255,0.1578113374,0.15526365,0.1553867263,0.1513372778,0.1456424452,0.1392228516,0.12816187,0.11656781,0.1027951236,0.0871673821,0.0721812419,0.05618390946,0.0395812446,0.02352487921,0.006557388542,-0.009795197469,-0.02603626228,-0.0425154231,-0.05603244985,-0.06790914692,-0.07562850937,-0.07944573249,-0.07757937464,-0.07204930324,-0.0633226047,-0.05151031323,-0.04078801677,-0.02956311585,-0.0196391707,-0.01212098086,-0.004639404185,0.0007720959617,0.005304813177,0.009958552105,0.01233663587,0.01364583535,0.01114950979,0.004173069085,-0.006978676072,-0.02173591735,-0.03777323919,-0.05130561749,-0.0592399035,-0.05855500516,-0.04952875674,-0.03308351683,-0.01417225943,0.006023319336,0.02437610257,0.03969987842,0.05087420858,0.05837096713,0.0626157271,0.06057905706,0.05761520465,0.04852907072,0.03609462189,0.02142748855,0.00342419073,-0.01418652223,-0.0300885622,-0.03807337537,-0.1222057266,-0.2192781378,-0.2715896773,-0.2259393468,-0.07029420183,0.01172965534,0.02642828129,0.03307310545,0.02412328529,0.04514757007,0.07083634853,0.05171415899,0.0292131626,0.02179803441,-0.005578064193,0.007428897737,0.03184215985,0.009282664494,-0.01389765265,0.01469367408,0.02965961866,0.03691368727,0.03972761421,0.045230507,0.05142663199,0.06258928409,0.07466735396,0.09150643774,0.1007593672,0.1114500244,0.1248631734,0.1407460538,0.1599262455,0.1762116614,0.193604545,0.2121007962,0.2321566442,0.2517229832,0.2704153638,0.2872924018,0.3026302063,0.3113568924,0.3156133343,0.3174841293,0.3178443979,0.3141982314,0.3069819537,0.2982947396,0.2866977338,0.2761223759,0.2649323624,0.2547379462,0.2431771255,0.233931152,0.223659197,0.2144410081,0.2055096868,0.1983582316,0.1936641636,0.1882826511,0.1836049715,0.1787005962,0.175060174,0.1710050316,0.1676833209,0.16487742,0.1619594551,0.1625859941,0.1600613697,0.1602050567,0.1615344582,0.1642339552,0.1684433853,0.1717437716,0.1739161428,0.1781477175,0.1809103825,0.18482602,0.1895040012,0.1925673725
9.9,-0.2474485919,-0.236776941,-0.2238020104,-0.2068977915,-0.1864742913,-0.1646468074,-0.1402048057,-0.1145109561,-0.0857742011,-0.0560787969,-0.02393771071,0.009527469103,0.03956510183,0.07148311704,0.09672232096,0.1168630676,0.1353383794,0.1421845509,0.148799487,0.1523731744,0.1524363222,0.1550751278,0.1546403081,0.1529947828,0.1496224718,0.1420498925,0.132166798,0.1189071215,0.1034592597,0.08635304273,0.0683923548,0.04950870395,0.03005624038,0.01139021934,-0.007564448955,-0.02625272288,-0.04484437314,-0.06160093367,-0.07673505497,-0.08831726229,-0.09581617827,-0.09743015607,-0.09406108074,-0.08589449734,-0.07337992568,-0.05941167549,-0.04409422738,-0.02928160306,-0.01536869154,-0.002961105738,0.008246309158,0.0183152215,0.02732156484,0.03524507742,0.04085429834,0.04222197859,0.0378596108,0.026763747,0.008952978754,-0.01416477527,-0.03832909465,-0.05994946385,-0.07285680471,-0.07516914384,-0.06670971025,-0.0511731138,-0.03157479405,-0.01168328086,0.006085004396,0.02030026875,0.03083515,0.03816515237,0.03966157391,0.04012482875,0.03505099046,0.02690013587,0.01642687848,0.002998401074,-0.01067413722,-0.02333974739,-0.02909376887,-0.1136589188,-0.2114572612,-0.2607398722,-0.2109606952,-0.04497830129,0.03801230636,0.04094462451,0.04201218024,0.02931403447,0.03945052474,0.05882843654,0.03552553127,0.007123503639,-0.0002446762824,-0.02581644922,-0.0134049912,0.01189650681,-0.008599412859,-0.02755108526,0.009771604878,0.02821557563,0.0379133906,0.04225327521,0.04957186285,0.05625267416,0.06803600088,0.08079729259,0.09759553499,0.1073679485,0.1183069049,0.131700556,0.1471592399,0.1657332303,0.181697618,0.1984417737,0.2168481146,0.2361190186,0.255543497,0.2744514434,0.2913866709,0.3081099993,0.3173563807,0.3221507411,0.3247442122,0.3252702246,0.3220712292,0.314178221,0.3047732101,0.2916116283,0.2796047239,0.2672289623,0.2551946337,0.2427477149,0.231816546,0.2202897038,0.2097989515,0.1997105411,0.1920796858,0.1874012549,0.1818706922,0.1774117936,0.1722399541,0.1688280075,0.165725707,0.1627674722,0.1603381311,0.1571705039,0.1580936854,0.1556059335,0.1561868541,0.1580144124,0.1611171371,0.166067182,0.1699452887,0.1730388529,0.1781464204,0.1819251685,0.1866916011,0.191990913,0.1952629861
10,-0.2425922437,-0.2362590983,-0.2254791581,-0.2089946662,-0.1879443351,-0.1641673686,-0.1379080117,-0.1106961554,-0.08088487844,-0.05131881201,-0.01977979958,0.01246665904,0.04124714259,0.07211883267,0.0966704886,0.1163985941,0.1342801659,0.140593768,0.1459848661,0.1479377884,0.1472231393,0.1489964889,0.1496617565,0.1505444667,0.1495464028,0.1459747227,0.1387935943,0.1275082754,0.1139607122,0.09634719726,0.07791081619,0.05795016562,0.03616960385,0.01643293827,-0.004478188465,-0.02502170524,-0.04514376478,-0.06447270406,-0.08231840585,-0.0975351807,-0.1089430873,-0.1150226585,-0.1154131216,-0.1099422275,-0.09923043725,-0.08443813117,-0.06732108322,-0.04946288724,-0.03080512971,-0.01426875202,0.002163919274,0.01762239929,0.03174963605,0.04598916908,0.05774096425,0.06555004545,0.06690499749,0.06017080233,0.04382229904,0.0181825555,-0.01267769427,-0.04613603835,-0.07280536857,-0.08856192521,-0.09125705052,-0.08178371022,-0.06488360825,-0.04459490049,-0.025069708,-0.007791913733,0.005792069298,0.01617747815,0.02165149042,0.02525396254,0.02434995245,0.02065350324,0.01415208666,0.005814158063,-0.003761409241,-0.012935952,-0.01607932265,-0.1014004674,-0.2024676336,-0.2503698079,-0.1995288882,-0.02568305154,0.05797449113,0.04940838054,0.04608178028,0.03296835152,0.03475133453,0.04894042649,0.02313388461,-0.01090347348,-0.01830065984,-0.04153285576,-0.0302328415,-0.004572972197,-0.0233162929,-0.03895816445,0.006540267323,0.02795004833,0.0396211895,0.04546281521,0.05462240587,0.06206344282,0.07459292415,0.08775820798,0.104620009,0.1148322365,0.1260687168,0.1393957726,0.1543351733,0.1721827501,0.1872521555,0.2033262279,0.2209364619,0.2393206965,0.2582424161,0.2766573991,0.2933578944,0.3105237841,0.3202344098,0.3255325007,0.3289048831,0.3294932819,0.3264313876,0.3182654191,0.3086155614,0.2946642889,0.281402812,0.2675026958,0.2536005175,0.240517052,0.2285636345,0.215878067,0.2038456804,0.1922160306,0.1840743401,0.1795846074,0.1738408716,0.1697497887,0.1641041748,0.1608113826,0.1584477923,0.1555335783,0.1535279316,0.1502770705,0.1514969427,0.1486116386,0.1489658176,0.1509494454,0.1547271142,0.1605928661,0.1647201524,0.1682552682,0.1737419937,0.1786667294,0.1845854509,0.1906360526,0.1939608184
