子图5 热图矩阵（行=y，列=x）,-4,-3.95,-3.9,-3.85,-3.8,-3.75,-3.7,-3.65,-3.6,-3.55,-3.5,-3.45,-3.4,-3.35,-3.3,-3.25,-3.2,-3.15,-3.1,-3.05,-3,-2.95,-2.9,-2.85,-2.8,-2.75,-2.7,-2.65,-2.6,-2.55,-2.5,-2.45,-2.4,-2.35,-2.3,-2.25,-2.2,-2.15,-2.1,-2.05,-2,-1.95,-1.9,-1.85,-1.8,-1.75,-1.7,-1.65,-1.6,-1.55,-1.5,-1.45,-1.4,-1.35,-1.3,-1.25,-1.2,-1.15,-1.1,-1.05,-1,-0.95,-0.9,-0.85,-0.8,-0.75,-0.7,-0.65,-0.6,-0.55,-0.5,-0.45,-0.4,-0.35,-0.3,-0.25,-0.2,-0.15,-0.1,-0.05,0,0.05,0.1,0.15,0.2,0.25,0.3,0.35,0.4,0.45,0.5,0.55,0.6,0.65,0.7,0.75,0.8,0.85,0.9,0.95,1,1.05,1.1,1.15,1.2,1.25,1.3,1.35,1.4,1.45,1.5,1.55,1.6,1.65,1.7,1.75,1.8,1.85,1.9,1.95,2,2.05,2.1,2.15,2.2,2.25,2.3,2.35,2.4,2.45,2.5,2.55,2.6,2.65,2.7,2.75,2.8,2.85,2.9,2.95,3,3.05,3.1,3.15,3.2,3.25,3.3,3.35,3.4,3.45,3.5,3.55,3.6,3.65,3.7,3.75,3.8,3.85,3.9,3.95,4
0.5,1.029840601,1.029776496,1.029753276,1.029722813,1.029666363,1.029644034,1.029595833,1.029548816,1.029514211,1.029455803,1.029409724,1.029360253,1.029300368,1.029250888,1.02919097,1.029130023,1.029072555,1.02900411,1.028939045,1.028871335,1.028797815,1.028726712,1.028649691,1.028570623,1.028491559,1.028405498,1.028319252,1.028230107,1.028136525,1.028041755,1.027942385,1.027840146,1.027735953,1.027625875,1.027513665,1.027397955,1.027277929,1.027154561,1.02702668,1.026895041,1.026760049,1.026619147,1.026474629,1.026325783,1.026172129,1.026013458,1.025849693,1.025681207,1.025508074,1.025328254,1.02514352,1.024953425,1.024757661,1.024555365,1.024347074,1.024132929,1.023912988,1.023685347,1.02345161,1.023211536,1.022964843,1.022710583,1.022449527,1.022181859,1.021907817,1.021625485,1.02133689,1.02104199,1.020740442,1.020432487,1.020118651,1.01979974,1.019477416,1.019149826,1.018821284,1.018493074,1.018165096,1.0178483,1.017543973,1.017262624,1.017070791,1.015794375,1.013868119,1.011530183,1.008870552,1.005951321,1.002815737,0.9995122595,0.9960730993,0.9925115093,0.9889032745,0.9852584414,0.9816447508,0.9781211706,0.9747561867,0.9717736579,0.9694504861,0.9678840384,0.9658847989,0.9635938575,0.9606794217,0.9595385182,0.9586447603,0.9580014068,0.9572871149,0.9566531115,0.956108387,0.9555279516,0.9549917702,0.954509095,0.9540073928,0.9535342355,0.9530982081,0.9526525657,0.9522270137,0.9518292039,0.9514274593,0.9510407697,0.9506758154,0.9503104903,0.9499570386,0.9496212194,0.9492873034,0.9489631511,0.9486536752,0.9483475628,0.9480497833,0.9477644963,0.9474834595,0.9472097487,0.9469468661,0.9466887558,0.9464372265,0.9461951822,0.9459582245,0.9457272791,0.9455046762,0.9452873272,0.9450755317,0.9448710361,0.9446718994,0.9444779458,0.9442902944,0.9441080524,0.9439306775,0.9437585805,0.9435919586,0.9434299343,0.9432720339,0.9431197752,0.9429719178,0.9428268204,0.9426876395,0.9425527452,0.9424189358,0.9422915309,0.9421684411,0.9420443006,0.9419273544,0.9418149731,0.9416987312
0.6,1.037178813,1.037180667,1.037236599,1.037280301,1.03728587,1.037336245,1.037348875,1.037361253,1.037388988,1.037381774,1.037389967,1.037391869,1.037377809,1.037376503,1.037359285,1.037339319,1.037322927,1.037289843,1.037260253,1.037225825,1.037182233,1.037140764,1.037090068,1.037035546,1.036980056,1.036913786,1.036846362,1.036774065,1.036694774,1.036612897,1.036523842,1.036430028,1.036332771,1.036226521,1.036116575,1.036001067,1.035878896,1.035751266,1.035616676,1.035476234,1.035330443,1.035175683,1.035015256,1.034848165,1.034673785,1.034491664,1.034301875,1.034104833,1.033900742,1.033686651,1.033465103,1.033235453,1.032997278,1.032749294,1.032492356,1.032226599,1.031952073,1.031666029,1.031370859,1.031066132,1.030751465,1.030425358,1.030089065,1.029742762,1.029386721,1.029018202,1.028640095,1.02825227,1.027854296,1.027446229,1.027028959,1.026603548,1.026172216,1.025732208,1.02528955,1.024845966,1.024401251,1.023970147,1.023554655,1.023169141,1.022905386,1.021160341,1.018500074,1.01525649,1.011556944,1.007489998,1.003117093,0.998508262,0.9937098994,0.9887409398,0.9837109645,0.9786334451,0.9736056705,0.9687110495,0.9640459057,0.959925846,0.9567289843,0.9545885628,0.9518599243,0.9487387631,0.9447821582,0.9432449344,0.9420433299,0.941182027,0.9402265229,0.9393804082,0.9386559728,0.9378843008,0.9371730547,0.9365348686,0.9358716753,0.9352475298,0.9346741659,0.9340883002,0.9335299345,0.9330095377,0.9324841903,0.9319794426,0.9315044384,0.9310292098,0.9305702009,0.9301352898,0.92970315,0.9292843361,0.9288855748,0.9284914524,0.9281086692,0.9277429239,0.9273829949,0.9270329903,0.9266976709,0.9263688744,0.926048964,0.9257418422,0.9254416457,0.9251495418,0.9248686151,0.9245948365,0.9243285173,0.9240719075,0.9238225642,0.9235801595,0.9233460449,0.9231193145,0.9228990911,0.9226856585,0.9224797687,0.9222800399,0.9220854451,0.921898657,0.9217177781,0.9215400859,0.921370686,0.9212070847,0.921044242,0.9208904948,0.9207426553,0.9205924861,0.9204526708,0.9203192107,0.92017936
0.7,1.043910577,1.044028247,1.044213196,1.044379531,1.044493639,1.044662938,1.044780679,1.044895674,1.045028308,1.045112947,1.045215446,1.045307748,1.045377287,1.045461161,1.045522553,1.045578592,1.045637576,1.045672901,1.045711184,1.045741609,1.045758657,1.045776701,1.045781368,1.045779658,1.045775318,1.04575544,1.045732785,1.045702526,1.045661919,1.04561653,1.045560644,1.045497413,1.045428562,1.04534673,1.045258977,1.045162924,1.045057098,1.044943015,1.044818856,1.044686011,1.044545258,1.044391627,1.044229675,1.044058046,1.043875913,1.043682638,1.043478374,1.043263673,1.043038817,1.042799772,1.042550041,1.042288765,1.042015314,1.041727951,1.041427865,1.041115235,1.0407901,1.040448714,1.040094321,1.039726366,1.039344282,1.038945983,1.038533236,1.038106196,1.0376653,1.037206647,1.036734211,1.03624781,1.035746808,1.03523111,1.034701945,1.034160685,1.03361023,1.033046583,1.032477909,1.031906377,1.031331569,1.030772583,1.03023208,1.029728933,1.029383635,1.027115828,1.023624079,1.019348892,1.014461728,1.009082645,1.003294854,0.997194348,0.9908445615,0.9842714613,0.9776250435,0.9709225227,0.9642961257,0.9578576703,0.9517352268,0.9463499081,0.9421906895,0.9394292492,0.9359112564,0.9318940503,0.9268180073,0.9248569214,0.9233274497,0.9222360325,0.9210263249,0.9199577902,0.9190463692,0.9180759056,0.9171836288,0.9163859052,0.9155571575,0.9147790307,0.9140667389,0.9133391552,0.9126472528,0.9120046223,0.9113562047,0.9107345154,0.9101514351,0.909568464,0.9090065238,0.9084758662,0.9079490453,0.9074394586,0.9069558536,0.906478411,0.9060155932,0.905574797,0.9051415956,0.904721157,0.9043196488,0.9039265974,0.9035449282,0.9031796563,0.9028233474,0.9024773672,0.9021456139,0.9018230978,0.9015100757,0.9012093127,0.9009179745,0.9006354503,0.9003632487,0.9001006463,0.8998463022,0.8996002581,0.8993640911,0.8991357514,0.8989134408,0.8987014709,0.8984970446,0.8982959668,0.8981059825,0.8979234666,0.8977410277,0.8975708775,0.8974084195,0.8972418129,0.8970893652,0.8969453312,0.8967915814
0.8,1.049860353,1.050147585,1.050514817,1.050855882,1.051129281,1.051467398,1.051738875,1.052004177,1.052288567,1.052510428,1.052751845,1.052978162,1.053173888,1.053384608,1.053565243,1.053737005,1.053910234,1.054051747,1.054194856,1.054326238,1.054439081,1.054551002,1.054644452,1.054728215,1.054806967,1.05486441,1.054916726,1.054957967,1.054984764,1.055003773,1.055008183,1.055001932,1.054987159,1.054954542,1.054913093,1.054859853,1.054793029,1.054714241,1.054621456,1.054516485,1.054400249,1.054266349,1.054120664,1.053961552,1.053787917,1.053598806,1.053394572,1.053175942,1.052943233,1.052691216,1.052424418,1.052141813,1.05184263,1.051524377,1.051188818,1.050836108,1.050466356,1.050074619,1.049665101,1.049237116,1.048789945,1.04832069,1.047831781,1.047323379,1.046796021,1.0462445,1.04567404,1.045084358,1.044474599,1.043844438,1.043195551,1.04252965,1.041850367,1.041152309,1.040446035,1.03973421,1.039016258,1.038315855,1.037636753,1.037002664,1.036566195,1.033724286,1.029305722,1.023874743,1.017653946,1.010800556,1.003423275,0.9956488061,0.9875606698,0.9791932771,0.9707438234,0.9622336263,0.9538354595,0.9456933735,0.9379711059,0.9312084566,0.9260132336,0.9225970153,0.9182459253,0.9132854506,0.9070362849,0.9046315986,0.9027604964,0.9014315581,0.8999599778,0.8986636064,0.8975623606,0.8963902789,0.8953154966,0.894358426,0.8933644838,0.8924336605,0.8915849462,0.8907183726,0.8898963547,0.8891358876,0.888369003,0.8876355023,0.8869502688,0.8862657129,0.8856073904,0.8849881504,0.8843740479,0.8837814037,0.8832211861,0.8826688743,0.8821347187,0.8816279791,0.8811308302,0.8806494689,0.8801915871,0.8797443006,0.8793110485,0.8788980497,0.878496222,0.8781070874,0.8777354288,0.8773752761,0.8770267478,0.8766931255,0.8763712712,0.8760601864,0.875761483,0.8754748451,0.875198296,0.8749314709,0.8746771333,0.8744323734,0.8741943791,0.8739695644,0.8737540203,0.8735417367,0.8733437542,0.8731550295,0.8729652508,0.8727914906,0.872627395,0.8724567242,0.8723047034,0.8721634254,0.8720082316
0.9,1.054905919,1.055417671,1.056021276,1.056590454,1.057075937,1.05763458,1.058110864,1.058576675,1.059062124,1.059469804,1.059897822,1.060305016,1.060673139,1.061055846,1.06140014,1.061731322,1.062061698,1.062351495,1.062640706,1.062913637,1.063162204,1.06340688,1.063627382,1.063834118,1.064032664,1.064203348,1.064365755,1.06451284,1.064640631,1.064756691,1.064853294,1.064935124,1.065004778,1.065050763,1.065084204,1.065101562,1.065100736,1.065083308,1.065047236,1.064994613,1.064926532,1.064835124,1.064727645,1.064602132,1.064457337,1.064291672,1.064105966,1.063901027,1.063677226,1.06342795,1.063158964,1.062868975,1.062557013,1.062219799,1.061859704,1.06147693,1.06107154,1.060637211,1.060179369,1.059697128,1.059189604,1.058652965,1.058090353,1.057502028,1.056888596,1.05624332,1.055572909,1.054876976,1.054154429,1.053404483,1.052629496,1.051831509,1.051015004,1.050172848,1.049318358,1.048454757,1.047581258,1.04672659,1.045895601,1.045117488,1.044580481,1.041115085,1.035675717,1.028965726,1.021266424,1.012777893,1.003638434,0.9940105177,0.9840009507,0.9736546674,0.963222853,0.9527314167,0.9423992712,0.9324066855,0.9229563857,0.9147194162,0.9084287044,0.9043356245,0.8991218842,0.8931871347,0.8857312057,0.8828693921,0.8806478187,0.8790776252,0.8773406,0.8758146493,0.8745239594,0.8731508975,0.8718954189,0.8707822686,0.8696266313,0.8685474483,0.867567769,0.8665679337,0.8656221318,0.8647510207,0.8638731557,0.8630357845,0.8622570248,0.8614797887,0.8607343526,0.8600363785,0.8593450837,0.8586797504,0.8580537567,0.8574376258,0.8568433984,0.8562823579,0.855733105,0.855202835,0.8547008917,0.8542118764,0.8537396719,0.8532917772,0.8528574678,0.8524383056,0.8520399673,0.8516556205,0.8512851098,0.850932199,0.8505936092,0.8502678141,0.8499564496,0.8496598054,0.8493751383,0.8491015566,0.8488433081,0.8485964496,0.8483569339,0.8481337321,0.8479216111,0.8477124145,0.8475210654,0.8473408682,0.8471581422,0.846995622,0.8468448951,0.8466846274,0.8465480742,0.8464248233,0.8462827434
1,1.058914658,1.059706501,1.060600843,1.061452402,1.06220462,1.063037026,1.063771628,1.064491042,1.065229802,1.065875586,1.066541586,1.067180612,1.067771835,1.068376147,1.068933482,1.069472853,1.07000833,1.070493917,1.070975991,1.071436533,1.07186637,1.072288446,1.072680039,1.073053091,1.073414038,1.073739793,1.074053378,1.074346676,1.074615185,1.074867059,1.075093935,1.07530121,1.075491841,1.075652172,1.075795423,1.075917538,1.076016064,1.076092357,1.076144497,1.076174888,1.076184797,1.076164584,1.076123128,1.076058131,1.075968063,1.075850676,1.075707318,1.075538894,1.075345812,1.075119955,1.074868356,1.074589529,1.074282288,1.073942367,1.073572887,1.073174081,1.072745996,1.072280705,1.071785,1.071257797,1.070697983,1.070100654,1.069469846,1.06880583,1.068109348,1.067371863,1.066601814,1.065798681,1.064961102,1.064087736,1.063181769,1.062245611,1.061284607,1.060289696,1.05927731,1.058251231,1.057210479,1.056189176,1.055193532,1.054258727,1.053611906,1.049475202,1.042921365,1.034808563,1.0254846,1.01519849,1.004122741,0.9924610271,0.9803472048,0.9678386414,0.9552477961,0.9426055184,0.9301825848,0.9181995559,0.90690158,0.8971030288,0.8896671343,0.8848838543,0.8787883633,0.8718600809,0.8631777165,0.8598490822,0.85727114,0.8554580664,0.8534543219,0.8516991222,0.8502212175,0.8486497153,0.8472170926,0.8459527001,0.8446405562,0.8434189149,0.8423151404,0.8411892298,0.8401273742,0.8391541406,0.8381740965,0.8372420777,0.8363796695,0.8355198804,0.8346977755,0.8339320379,0.8331747549,0.8324481889,0.8317683124,0.8311004507,0.8304584342,0.82985573,0.8292671811,0.8287009565,0.8281681791,0.8276508062,0.8271531351,0.8266840462,0.8262310772,0.8257957952,0.8253848407,0.8249904825,0.824612234,0.8242543626,0.8239134908,0.8235874857,0.8232779744,0.8229859871,0.8227079063,0.8224422111,0.8221948786,0.8219607969,0.8217345064,0.8215278812,0.8213342034,0.8211428975,0.8209732899,0.82081682,0.8206560124,0.8205199659,0.8203979703,0.8202630276,0.8201573802,0.8200677993,0.8199537985
1.1,1.061732938,1.062859055,1.064097044,1.065284587,1.066358634,1.067518358,1.068566178,1.069594077,1.070640266,1.07157936,1.072537707,1.073462892,1.074331817,1.075211319,1.07603552,1.076836576,1.077630034,1.078364353,1.079091501,1.079791571,1.080454378,1.081104627,1.081717892,1.082307352,1.082880082,1.083409943,1.083922964,1.08441018,1.084866549,1.085300507,1.085703345,1.086081003,1.086436726,1.086754743,1.08705029,1.087318812,1.087557568,1.087767376,1.087946703,1.08809816,1.08822311,1.088310187,1.088369803,1.088399364,1.088397146,1.088359906,1.088289742,1.08818764,1.088053952,1.087878887,1.087670919,1.087428335,1.087149746,1.086829578,1.086471964,1.086077097,1.085644994,1.085165924,1.084648219,1.084090554,1.083491604,1.082845128,1.082156277,1.081425326,1.080653113,1.079829153,1.078963741,1.078056221,1.07710497,1.076107972,1.075069332,1.073991868,1.072881879,1.07172811,1.070550413,1.06935323,1.068135351,1.066936545,1.065764669,1.064661386,1.063896048,1.059041528,1.051279836,1.041639687,1.030543679,1.018296337,1.005109197,0.9912329213,0.9768321632,0.961979246,0.9470552859,0.9320968453,0.9174324736,0.9033270084,0.8900710653,0.8786337408,0.870012477,0.864533095,0.8575457331,0.849614583,0.8396975451,0.835895214,0.8329570499,0.8309007871,0.8286304537,0.8266474544,0.8249853867,0.823218829,0.821613333,0.820203118,0.8187401486,0.817382381,0.8161617523,0.8149172504,0.8137473179,0.8126806782,0.8116073946,0.8105900407,0.8096538983,0.808721672,0.8078333096,0.8070107284,0.806198553,0.8054220669,0.8047000187,0.8039923169,0.8033145709,0.8026825805,0.8020672573,0.8014777306,0.8009270279,0.8003943426,0.7998843404,0.7994073595,0.7989491712,0.7985112896,0.7981013686,0.7977107355,0.7973385448,0.7969896052,0.7966604432,0.7963482635,0.7960546613,0.7957815261,0.7955242778,0.7952806863,0.795058622,0.7948517163,0.7946529731,0.7944774302,0.794316765,0.7941577766,0.7940245598,0.7939065501,0.7937821899,0.7936874386,0.7936091136,0.7935141188,0.7934543893,0.793413664,0.7933424673
1.2,1.063111971,1.06462443,1.066256927,1.067832856,1.069283833,1.070824605,1.072241799,1.073634881,1.075044848,1.076335688,1.077644238,1.078913938,1.08011995,1.081333223,1.082483741,1.083605979,1.084716546,1.085759395,1.086790901,1.087789707,1.088744903,1.089682049,1.090575748,1.09144006,1.092282477,1.093074233,1.093843842,1.094581687,1.095282331,1.095953845,1.096587727,1.097190241,1.097764795,1.09829357,1.09879366,1.099260102,1.099689895,1.100082945,1.100438389,1.100758957,1.101046008,1.101286338,1.101491934,1.101659928,1.101788341,1.101872671,1.101915991,1.101919228,1.101882715,1.101794776,1.101665437,1.101492722,1.101275015,1.101005222,1.10068868,1.100325495,1.09991562,1.099447299,1.098930544,1.098363835,1.097745617,1.097067967,1.096337438,1.095554251,1.094719335,1.093819943,1.092868494,1.091864245,1.090805231,1.089688489,1.088519317,1.087300975,1.086040787,1.084724978,1.083377223,1.082002666,1.080599884,1.079214496,1.077856362,1.07657402,1.075682151,1.070064907,1.06100222,1.049708897,1.036690893,1.022315173,1.006837692,0.9905624478,0.9736892211,0.9563080641,0.9388765475,0.9214376008,0.9043836141,0.8880278528,0.8727093099,0.8595627586,0.8497227405,0.8435470833,0.8356646323,0.8267288041,0.8155770387,0.8112957354,0.807994514,0.8056952483,0.803158838,0.8009496754,0.7991064975,0.7971481526,0.795373799,0.7938227859,0.7922142007,0.790726063,0.7893951332,0.7880387393,0.7867678371,0.7856155472,0.7844569193,0.7833624418,0.7823613203,0.7813655291,0.7804200165,0.7795501391,0.7786927189,0.7778761538,0.7771221639,0.7763849126,0.775681868,0.7750313328,0.7744000454,0.7737981351,0.7732406727,0.7727038753,0.77219284,0.7717195051,0.7712676376,0.770838761,0.7704416552,0.77006656,0.7697122931,0.7693842709,0.7690788424,0.7687925697,0.7685270734,0.7682849863,0.7680608108,0.7678516664,0.7676672394,0.7674999299,0.7673412358,0.7672093087,0.7670942411,0.7669802125,0.7668960932,0.7668293144,0.7667541991,0.7667136599,0.766692007,0.7666499189,0.7666492397,0.7666706178,0.7666553662
1.3,1.062727953,1.064673823,1.066746907,1.06875988,1.070640656,1.072614096,1.074456137,1.076271178,1.07810174,1.079804563,1.081523343,1.083198719,1.084804785,1.086414357,1.087955328,1.089463432,1.09095575,1.092373139,1.093774845,1.095138611,1.096453063,1.09774353,1.098984623,1.100190756,1.101369557,1.102490157,1.103582923,1.104637798,1.10564902,1.106623775,1.107554163,1.108446525,1.109304264,1.110107714,1.110875485,1.111602331,1.112284963,1.112922015,1.113513564,1.114062283,1.114569476,1.115020019,1.115427438,1.11578859,1.116101245,1.116359327,1.116567073,1.116725345,1.116834327,1.116880291,1.116874897,1.116815912,1.116701468,1.11652262,1.116286109,1.115991923,1.115639897,1.115215961,1.114732017,1.114186327,1.113577022,1.112894268,1.112146192,1.111332994,1.110455683,1.109498849,1.108477428,1.107390495,1.106235756,1.105009026,1.10371706,1.102363584,1.100956954,1.099480482,1.097962169,1.096407838,1.094815849,1.093237756,1.091685757,1.090215741,1.08919042,1.082767035,1.07231085,1.059237941,1.044146428,1.02747307,1.009523871,0.9906629583,0.9711298253,0.9510353509,0.930921831,0.9108394644,0.8912507995,0.872521706,0.8550423566,0.840123574,0.8290385585,0.8221718689,0.8133980774,0.8034635444,0.791085806,0.786322422,0.7826567159,0.7801153261,0.7773139572,0.7748805823,0.7728593625,0.7707123779,0.7687728834,0.7670856088,0.7653359492,0.7637224023,0.7622867958,0.7608241273,0.7594581872,0.7582267295,0.7569892085,0.7558242924,0.7547653377,0.7537131067,0.75271775,0.7518082777,0.7509132954,0.7500644543,0.7492866263,0.7485279225,0.7478077834,0.7471471867,0.7465083779,0.7459026095,0.7453471583,0.7448149816,0.7443117085,0.7438510136,0.7434144238,0.7430035686,0.7426284839,0.7422780809,0.741950952,0.741653258,0.7413808858,0.7411298947,0.7409020868,0.7407005598,0.7405190241,0.7403541007,0.7402170165,0.7400990638,0.7399903918,0.7399119967,0.7398525074,0.7397936639,0.7397688084,0.7397634895,0.7397481118,0.739772214,0.7398177242,0.7398393342,0.7399084561,0.7400027504,0.7400545247
1.4,1.060138549,1.062555986,1.065107246,1.06759871,1.069956512,1.072409134,1.074727854,1.077018884,1.079324749,1.081499161,1.083688084,1.085831093,1.087901972,1.089972669,1.091971448,1.093934015,1.095877153,1.097740469,1.099584009,1.101385335,1.103132914,1.104850582,1.106514032,1.108137378,1.109728008,1.111253764,1.112745843,1.114194051,1.115592464,1.116946594,1.118249763,1.119508024,1.120724542,1.121878099,1.122988366,1.12404993,1.125059287,1.12601325,1.126913221,1.127761617,1.128559487,1.129289857,1.129967565,1.13058927,1.131152498,1.131649116,1.132084878,1.132460379,1.132775592,1.133014513,1.133190524,1.133301121,1.133344147,1.133308382,1.13320229,1.133025637,1.132778107,1.132442945,1.132034204,1.131549871,1.130987763,1.130335678,1.129603681,1.128791883,1.127901335,1.126913585,1.125846365,1.12469859,1.123467577,1.122147551,1.120747055,1.119270275,1.117726647,1.116096137,1.11441151,1.112679319,1.110897693,1.109124058,1.107373437,1.105709371,1.104545054,1.097274146,1.085333138,1.070353757,1.053035355,1.033892091,1.013286268,0.9916495466,0.9692663063,0.9462719067,0.9233020556,0.9004152543,0.8781506941,0.8569311055,0.837200299,0.8204549119,0.8081067302,0.8005603721,0.7909072887,0.7799897148,0.7664064715,0.7611616696,0.7571327353,0.7543517254,0.7512880916,0.7486336287,0.7464381888,0.7441063137,0.7420057451,0.7401868219,0.738300542,0.7365662597,0.7350310891,0.7334670758,0.7320111769,0.7307059917,0.7293948414,0.7281648528,0.7270537368,0.7259505443,0.7249108843,0.7239676145,0.7230406753,0.7221652187,0.7213694667,0.7205950229,0.719863534,0.7191988401,0.7185582852,0.7179544626,0.7174070379,0.7168853111,0.7163956578,0.7159536742,0.7155382494,0.7151513375,0.7148044251,0.7144846795,0.7141906982,0.7139296087,0.7136963807,0.7134868094,0.7133031287,0.7131484046,0.7130158141,0.7129017907,0.7128184979,0.7127564151,0.7127047514,0.7126866194,0.712689495,0.7126931753,0.712734649,0.7127979023,0.7128500211,0.7129462341,0.7130664055,0.713159939,0.7133067749,0.7134818964,0.7136093939
1.5,1.054828745,1.057740409,1.060792625,1.063790687,1.066661117,1.069628566,1.072466612,1.075279659,1.078108413,1.080808525,1.083522821,1.086191772,1.088789714,1.091384695,1.093908003,1.0963938,1.098857749,1.1012403,1.103599881,1.105914623,1.10817326,1.110396652,1.112562744,1.114684649,1.11676901,1.118783376,1.120758541,1.122684509,1.124555355,1.126374095,1.128135843,1.129845966,1.131507086,1.133096823,1.134635296,1.136117052,1.137538422,1.138893817,1.14018631,1.141417801,1.14258893,1.143680861,1.144709578,1.14567152,1.146563958,1.147376237,1.148115896,1.148783124,1.149377543,1.149880744,1.150307763,1.150655853,1.150922528,1.151093813,1.151180229,1.151181203,1.151096121,1.150905328,1.150625121,1.150253213,1.14978707,1.149211635,1.148539267,1.147769912,1.14690461,1.145921441,1.144841291,1.143662868,1.142383086,1.14099408,1.139506634,1.137925349,1.136260744,1.134488967,1.132648,1.130745179,1.128778356,1.126810592,1.124860215,1.122998726,1.121691537,1.113533702,1.100018065,1.083005519,1.063305967,1.041519245,1.018070666,0.9934673908,0.9680441514,0.941964733,0.9159674788,0.8901204356,0.8650462414,0.8412287137,0.8191675326,0.80055385,0.7869356864,0.7787294713,0.7682211141,0.7563507248,0.7416016355,0.7358835977,0.731498408,0.7284841697,0.7251650986,0.7222961512,0.719933075,0.7174228279,0.7151676049,0.7132235173,0.711206835,0.7093579663,0.7077294738,0.7060699903,0.7045299362,0.7031569244,0.7017776385,0.7004879866,0.6993302044,0.6981811451,0.6971021913,0.6961302206,0.6951760306,0.6942785753,0.6934695958,0.6926837362,0.6919451411,0.6912806837,0.6906423676,0.6900444144,0.6895090588,0.6890014802,0.6885291083,0.6881096698,0.6877188997,0.6873594096,0.6870443908,0.686758673,0.6865012158,0.6862804189,0.6860896774,0.6859249042,0.685789155,0.6856846632,0.6856044927,0.6855453848,0.6855195172,0.6855169947,0.6855266999,0.6855727701,0.6856420035,0.6857130402,0.6858251949,0.6859614009,0.6860864146,0.6862595931,0.6864592679,0.6866307656,0.6868607301,0.6871220182,0.6873319847
1.6,1.046247963,1.049652529,1.053205497,1.05671683,1.060115978,1.063615419,1.066998736,1.07036445,1.073749403,1.077016844,1.080300278,1.083543233,1.086721563,1.089896054,1.093003957,1.096076143,1.099126155,1.102097784,1.105044963,1.107947301,1.110794138,1.113601814,1.116351771,1.11905524,1.121717578,1.124307164,1.126852949,1.129345498,1.131778983,1.134153094,1.136465295,1.138719773,1.140918301,1.143037754,1.145098004,1.147093665,1.14902092,1.150871188,1.152649562,1.154357136,1.155993909,1.15753923,1.159009921,1.160402246,1.161713174,1.162929015,1.164059379,1.165103851,1.166061531,1.166911366,1.167670096,1.168334661,1.168902216,1.169355503,1.169707387,1.16995685,1.170102911,1.170122527,1.170034543,1.169836321,1.169524907,1.169081879,1.168522256,1.167845735,1.167053321,1.166119058,1.165067385,1.163896779,1.162603665,1.161177581,1.159631973,1.157971811,1.156208701,1.15431436,1.152332564,1.150271368,1.148128378,1.145971825,1.143823968,1.141764401,1.140312234,1.131229233,1.116051244,1.096880586,1.074647149,1.050044853,1.023569142,0.9958112287,0.967162297,0.9378191159,0.9086322718,0.8796808139,0.8516777061,0.8251718852,0.8007206638,0.7802168296,0.7653389997,0.7565052224,0.7451837434,0.7324133786,0.7165693501,0.7103996227,0.7056756712,0.702442156,0.6988827367,0.695813169,0.6932951718,0.6906194495,0.688221773,0.6861640661,0.6840282825,0.6820756225,0.6803641443,0.6786190725,0.6770043301,0.6755726074,0.6741337423,0.6727926215,0.6715960866,0.6704084672,0.669297203,0.6683032886,0.6673279804,0.6664143758,0.6655978543,0.6648056413,0.6640647614,0.6634052685,0.66277331,0.6621851448,0.661665758,0.6611756438,0.6607237112,0.6603300393,0.6599665882,0.6596370733,0.6593566736,0.6591071673,0.6588883569,0.6587102907,0.6585639236,0.6584458119,0.6583603331,0.6583078489,0.6582818845,0.6582801579,0.6583135693,0.6583724831,0.6584463359,0.6585587219,0.6586964458,0.6588381235,0.6590235051,0.6592352013,0.6594370751,0.6596903325,0.6599725522,0.6602267922,0.6605436721,0.6608947378,0.6611928392
1.7,1.033867177,1.037728264,1.041748065,1.045747308,1.049660986,1.053680834,1.057608415,1.061532046,1.065482527,1.069336816,1.07321239,1.077058133,1.080852389,1.084645213,1.088382783,1.092090785,1.095779593,1.099399001,1.102995315,1.106550462,1.110054816,1.113518579,1.116927861,1.120291063,1.123611669,1.126860145,1.13006194,1.133208502,1.136294305,1.139314755,1.14227022,1.145163173,1.147994134,1.150739811,1.153418899,1.156026213,1.158557802,1.161001461,1.163364589,1.165647128,1.167848147,1.169945331,1.17195589,1.173875914,1.175702039,1.177416979,1.179032681,1.18054788,1.181961001,1.183248138,1.184427658,1.18549616,1.186450346,1.187269138,1.187968062,1.188545471,1.188999897,1.189304519,1.189480878,1.189525953,1.189436299,1.189189507,1.188803688,1.188278172,1.187613826,1.186780146,1.185805518,1.184688114,1.183423814,1.18199899,1.180430173,1.178722717,1.176889247,1.174896426,1.172794351,1.170591793,1.16828606,1.165949999,1.1636104,1.16135506,1.159757549,1.149711973,1.132786669,1.111336315,1.086420263,1.058835333,1.029154804,0.9980630388,0.9660142228,0.9332431097,0.9007223451,0.8685436344,0.8375170887,0.8082606943,0.7813904153,0.7590054724,0.74290464,0.7334948971,0.7214302525,0.7078477958,0.6910291722,0.684451107,0.679423335,0.6759973157,0.6722269137,0.6689833705,0.6663342188,0.6635176347,0.6610005352,0.6588504762,0.6566168713,0.654580582,0.6528050115,0.6509928097,0.6493209477,0.6478470801,0.6463645218,0.6449870733,0.6437661106,0.6425534341,0.6414227133,0.640419029,0.6394339034,0.6385148832,0.637700994,0.6369117189,0.6361773526,0.6355311802,0.6349130555,0.6343417411,0.6338450871,0.6333783321,0.6329523972,0.6325899095,0.6322583417,0.6319631041,0.6317216639,0.6315118648,0.6313350024,0.6312032108,0.6311039253,0.6310350479,0.6310028799,0.6310045992,0.6310349483,0.6310934316,0.6311880743,0.6313103222,0.6314512552,0.6316319433,0.6318400873,0.6320557015,0.63231656,0.6326059107,0.632888568,0.6332246282,0.6335919508,0.6339336892,0.634340839,0.6347847335,0.6351767013
1.8,1.017353112,1.021588822,1.025997696,1.030417086,1.034790187,1.039279754,1.043712953,1.048163728,1.052654729,1.057082607,1.061542172,1.065989828,1.070407338,1.074830768,1.079217883,1.083587334,1.087945221,1.092250096,1.096537324,1.100792007,1.105005869,1.109181505,1.113310675,1.117397994,1.12144439,1.125423824,1.129356354,1.133234685,1.137053647,1.140803543,1.144488043,1.148107305,1.151660161,1.155123785,1.158514644,1.161827844,1.165059308,1.168192577,1.171237579,1.174192716,1.177055854,1.179803141,1.18245165,1.184997317,1.187436366,1.189747345,1.191944761,1.194026251,1.195989306,1.197807033,1.19949925,1.201062161,1.202491947,1.203763126,1.204894163,1.205882616,1.206726341,1.20739437,1.207911077,1.208272995,1.20847611,1.208493424,1.208346506,1.208034245,1.207557222,1.206879878,1.206034874,1.205020048,1.203830696,1.202449286,1.200896031,1.199176553,1.197304433,1.195240641,1.193042146,1.19071835,1.188266299,1.185762684,1.183239556,1.180792884,1.179051058,1.168004733,1.149250607,1.125405389,1.09766732,1.066945137,1.03389789,0.9993123922,0.9637126246,0.9273769564,0.8914096198,0.8559170073,0.821812885,0.7897874115,0.7605152514,0.7363031267,0.719053328,0.7091461186,0.6964467336,0.6821885651,0.6645847789,0.6576726986,0.6524010905,0.6488279663,0.6448968491,0.6415248688,0.6387848484,0.6358696652,0.633272649,0.6310664695,0.6287718542,0.6266868019,0.6248795957,0.6230325002,0.6213342441,0.6198470503,0.6183489155,0.6169619963,0.6157418749,0.6145284382,0.6134014796,0.6124099075,0.6114357163,0.610531087,0.6097385011,0.608969626,0.6082584193,0.6076412929,0.6070514903,0.6065108028,0.6060499218,0.6056183564,0.6052296499,0.6049090565,0.6046188939,0.6043669579,0.6041732102,0.6040106935,0.6038829578,0.6038045935,0.6037583967,0.6037444555,0.6037715843,0.6038323303,0.6039235831,0.604047505,0.6042074087,0.604396829,0.6046096873,0.6048622546,0.6051442262,0.6054386497,0.6057784601,0.6061487343,0.6065173941,0.6069399052,0.6073956881,0.6078307937,0.6083322581,0.6088725719,0.6093651523
1.9,0.9965925889,1.001062881,1.005726706,1.010443378,1.015166665,1.020023312,1.024872766,1.029770847,1.034730141,1.039672631,1.044664225,1.049670789,1.054678322,1.059706035,1.064725534,1.06974668,1.074770235,1.079766126,1.084755547,1.089727462,1.094675214,1.099592501,1.104477426,1.109329863,1.114147544,1.118909187,1.123627644,1.128297054,1.132912667,1.137458974,1.141943117,1.146362349,1.150713361,1.154974433,1.159158661,1.163261493,1.167278637,1.171188902,1.175004781,1.178722731,1.182339066,1.1858286,1.18920764,1.1924719,1.195617111,1.198617167,1.201489201,1.204229453,1.206834276,1.209273601,1.211568506,1.213714722,1.215707797,1.217517257,1.219164785,1.22064693,1.221960708,1.223070589,1.224003903,1.224756651,1.225324168,1.225674221,1.225832229,1.225796485,1.22556721,1.225103197,1.224441738,1.223580285,1.222513476,1.221219228,1.219721919,1.218027373,1.216150053,1.214044637,1.21177541,1.209352424,1.206772421,1.20411515,1.201418596,1.198786861,1.196903051,1.184816984,1.164158814,1.13781521,1.107132372,1.073139931,1.036590991,0.9983842062,0.9591204286,0.9191277109,0.879650667,0.8408127195,0.803636969,0.7688882091,0.7372983494,0.7113776263,0.693106614,0.6828193828,0.6696484335,0.6549194737,0.6368171493,0.6296886631,0.6242683459,0.6206197315,0.6166077435,0.6131796563,0.610412506,0.6074662059,0.6048523624,0.6026477291,0.6003512734,0.5982735522,0.5964867869,0.5946570624,0.5929822928,0.5915284309,0.5900607566,0.5887084432,0.5875305493,0.5863566122,0.5852719978,0.5843288189,0.583400405,0.5825435515,0.5818036857,0.5810850352,0.5804255252,0.5798642852,0.5793279954,0.578842008,0.5784395707,0.5780641832,0.5777327268,0.5774729432,0.5772414387,0.5770492357,0.5769188201,0.5768175987,0.5767523146,0.5767402422,0.5767584006,0.5768100923,0.5769071208,0.5770359237,0.5771966426,0.5773948721,0.5776273087,0.5778907834,0.57818324,0.5785136901,0.5788751293,0.5792553003,0.5796792061,0.5801351693,0.5805965094,0.5811101476,0.5816585973,0.5821938734,0.5827941514,0.5834347306,0.5840351758
2,0.9719678504,0.9764702404,0.9811942404,0.9860249953,0.9909288127,0.995991684,1.001110024,1.006318899,1.011619455,1.016963409,1.022382885,1.02785463,1.03336943,1.038927762,1.044516352,1.050134877,1.055777915,1.061428905,1.067092039,1.072760579,1.078429616,1.084083088,1.089725629,1.095351549,1.100954743,1.106519918,1.112050836,1.117543198,1.122992633,1.128377301,1.133707725,1.138977677,1.144181232,1.149298397,1.15433769,1.159294879,1.164165364,1.168922742,1.173581993,1.178137188,1.182582767,1.186892387,1.19108089,1.195143707,1.199075917,1.20284632,1.206474676,1.209955537,1.213283846,1.216426252,1.219404791,1.222214615,1.224850507,1.227276535,1.229517686,1.231569287,1.233427351,1.235051429,1.236471837,1.237683956,1.238682352,1.239429002,1.239953501,1.240253398,1.24032844,1.240131266,1.23970413,1.239044,1.2381448,1.236979296,1.235576472,1.23394228,1.232091982,1.229973391,1.22765856,1.225158106,1.222468487,1.219671756,1.216812454,1.214002688,1.211979883,1.198813906,1.176185396,1.147257383,1.113532486,1.076169797,1.036024666,0.9941164807,0.9511299124,0.9074491628,0.8644667767,0.8223257878,0.7821632429,0.74481963,0.7110808782,0.6836502061,0.6645511238,0.6540479938,0.6406333767,0.6257188856,0.6075179485,0.6003411726,0.5949083447,0.5912863778,0.5873079068,0.5839272932,0.5812239847,0.5783434125,0.5758032235,0.5736825584,0.5714693218,0.5694795261,0.5677877629,0.5660506859,0.5644712289,0.5631176483,0.5617468782,0.5604927852,0.5594166263,0.5583404122,0.5573539546,0.5565114399,0.5556793338,0.5549186888,0.5542768881,0.5536517905,0.5530854676,0.5526189283,0.5521728148,0.5517765763,0.5514653318,0.5511766979,0.5509316583,0.5507599192,0.5506121606,0.5505035621,0.5504587967,0.5504390946,0.5504554515,0.5505277178,0.5506262359,0.5507586915,0.5509400419,0.5511493166,0.5513911796,0.551675163,0.5519895905,0.5523359453,0.5527171007,0.553132499,0.5535799047,0.5540532031,0.5545664357,0.5551127522,0.555672977,0.556281595,0.5569259217,0.5575669007,0.5582688594,0.5590117492,0.5597253498
2.1,0.9443058297,0.9485680508,0.9530889138,0.9577813589,0.9626254708,0.9676651964,0.9728358602,0.9781507538,0.9835989946,0.989164762,0.9948435534,1.00062369,1.006501026,1.012456637,1.018492617,1.024597586,1.030759281,1.036976283,1.043233536,1.049528728,1.055858649,1.062197157,1.068555055,1.074920394,1.081282675,1.087633569,1.093966047,1.1002773,1.10656317,1.112795268,1.118987009,1.125128149,1.131209701,1.137213943,1.143143589,1.14899457,1.154761812,1.160413487,1.165966625,1.171412531,1.176743391,1.181931924,1.18699072,1.191914755,1.196698307,1.201304727,1.205756216,1.210045304,1.214165249,1.218079381,1.221810237,1.225352292,1.228699427,1.231809767,1.234711691,1.237399069,1.239866693,1.242068941,1.244039033,1.245771642,1.247260474,1.248461176,1.249407768,1.250096911,1.25052775,1.25064634,1.250500091,1.250085448,1.249395566,1.248397428,1.247125105,1.245584565,1.243791757,1.24168721,1.239351033,1.236794399,1.23401353,1.231091911,1.228081307,1.225101651,1.222943804,1.208660079,1.184011251,1.152440674,1.115614809,1.074830182,1.031052185,0.9854292179,0.9387364061,0.8914208063,0.8450286268,0.7997254617,0.7567653013,0.7170638322,0.6814553246,0.6528171477,0.6331673261,0.6226722625,0.6093235052,0.5946084096,0.5768468319,0.5698508159,0.5645909885,0.5611340529,0.5573443416,0.5541514348,0.5516344635,0.5489503592,0.5466056116,0.5446791931,0.5426632995,0.5408692137,0.5393715083,0.537827331,0.5364385362,0.5352734775,0.5340873635,0.5330152257,0.5321184996,0.5312161591,0.5304006074,0.5297262727,0.5290557775,0.5284537058,0.5279677534,0.5274914116,0.5270709186,0.5267477073,0.5264376468,0.5261747963,0.5259948795,0.5258303561,0.5257071448,0.5256558444,0.5256214983,0.5256244963,0.5256908484,0.5257754933,0.5258948844,0.5260708394,0.526266551,0.5264953921,0.526775145,0.527076554,0.5274102017,0.5277895703,0.5281932487,0.5286288717,0.5291046945,0.5296086467,0.5301448505,0.5307143047,0.5313174555,0.5319539804,0.5326138628,0.5333156085,0.5340531686,0.5347989602,0.535598762,0.5364391612,0.5372638742
2.2,0.9150584596,0.9187470784,0.9227401804,0.9269780204,0.931454911,0.9361758333,0.9411135437,0.9462607715,0.9515951793,0.9571338921,0.9628357781,0.9687005729,0.9747291781,0.9808843253,0.9871823354,0.9936006759,1.000120038,1.006754864,1.013469629,1.020266165,1.027142718,1.034063494,1.041044348,1.048066663,1.055115129,1.062188987,1.06926903,1.076353626,1.083438544,1.090488998,1.097520341,1.104517874,1.1114691,1.118358989,1.125183267,1.131937755,1.138616602,1.145182532,1.151653948,1.158018974,1.164267174,1.170370523,1.176338498,1.182165394,1.187844439,1.193333384,1.198656436,1.203803814,1.208766801,1.213505325,1.218042017,1.222370457,1.226483443,1.230332874,1.233950347,1.237328082,1.240459451,1.243293399,1.245865934,1.248170903,1.250201015,1.251905188,1.253321973,1.254447007,1.255278698,1.255756189,1.255932145,1.25580243,1.255359381,1.254563706,1.253454877,1.252038796,1.250331978,1.248267335,1.245933194,1.24334128,1.240487598,1.237456241,1.234306735,1.231166589,1.2288787,1.213446023,1.186749724,1.152514745,1.112577562,1.068379111,1.021001964,0.9717306074,0.9214366372,0.8706366029,0.8210343332,0.772821174,0.7273694395,0.6856674242,0.6485893602,0.6191582543,0.5993235964,0.5891212875,0.5762294043,0.5621957059,0.5455421938,0.539013963,0.5341589553,0.5310385294,0.5276298308,0.5247973724,0.5226162769,0.5202882308,0.5182866543,0.5166868977,0.5150053521,0.5135354973,0.5123486306,0.5111154381,0.5100287933,0.5091541007,0.5082537545,0.5074593056,0.5068295408,0.5061865877,0.5056229409,0.5051906676,0.5047528904,0.504376647,0.5041075688,0.5038378486,0.503617736,0.5034869234,0.5033586895,0.5032721543,0.5032617012,0.5032561344,0.5032871594,0.5033845499,0.5034887112,0.5036263278,0.5038232516,0.5040287257,0.5042658942,0.5045572996,0.5048591776,0.5051919295,0.5055752066,0.5059712542,0.5063979937,0.506872236,0.5073621798,0.5078830912,0.5084483704,0.5090332596,0.5096498009,0.5103063766,0.510987974,0.5117024636,0.5124499031,0.5132301068,0.5140454456,0.5148815639,0.5157618602,0.5166814946,0.51760102
2.3,0.886228901,0.8889589086,0.8920454399,0.8954529738,0.8991896311,0.9032295982,0.90757793,0.9122107158,0.9170962452,0.922282456,0.9276952567,0.9333447614,0.9392367168,0.9453185643,0.9516183633,0.9581033719,0.9647475707,0.9715811592,0.9785480874,0.9856537422,0.9928974137,1.000234932,1.007685397,1.015223437,1.022828649,1.030508188,1.038229542,1.045991758,1.053790065,1.061583899,1.06938908,1.077186084,1.084958502,1.092694313,1.100381065,1.108014021,1.115586174,1.123055041,1.13043931,1.137723549,1.144894317,1.151923021,1.158815078,1.165563775,1.172160979,1.178558843,1.184782887,1.1908207,1.196661282,1.202261189,1.207642497,1.212797681,1.217718218,1.222349635,1.226726381,1.230838792,1.234678618,1.23818921,1.241409111,1.244331169,1.246946964,1.249198395,1.251128502,1.252731761,1.254005689,1.254882255,1.255419399,1.2556123,1.255452416,1.254893734,1.253981363,1.252721025,1.25112964,1.249132221,1.246825398,1.244221359,1.241315919,1.238192872,1.23491993,1.231631773,1.229221097,1.212624178,1.183888993,1.147019107,1.104025179,1.056498043,1.005643314,0.9528875387,0.8992041763,0.8451857276,0.7926958157,0.7419548179,0.6944528965,0.6512457584,0.6132355901,0.5835508288,0.563991826,0.5544275854,0.542463243,0.5296833337,0.5149208336,0.5091984565,0.5050193902,0.5024333245,0.4996265051,0.4973509959,0.4956734039,0.4938797029,0.4923844726,0.4912551941,0.4900562417,0.4890479369,0.4882942569,0.4874952129,0.486825391,0.4863434181,0.4858298005,0.4854071385,0.4851279808,0.4848253691,0.4845889071,0.4844649578,0.4843227793,0.4842304973,0.4842285773,0.4842120824,0.4842349735,0.484332353,0.4844180237,0.4845365416,0.4847183434,0.4848909735,0.4850926962,0.4853500896,0.4856007558,0.4858787013,0.4862075057,0.486532094,0.486883464,0.4872830207,0.4876810484,0.4881062068,0.4885784236,0.4890520867,0.4895537275,0.4901021965,0.4906555277,0.4912379415,0.491867069,0.4925051834,0.4931736313,0.493887718,0.4946160819,0.4953762507,0.4961784719,0.49700219,0.4978597763,0.4987509966,0.4996741374,0.5006346601,0.5016118966
2.4,0.8603526846,0.8617204425,0.8634964719,0.8656638334,0.8682431981,0.8711912391,0.8745367703,0.8782461766,0.8822822202,0.8867189153,0.8914570636,0.8965154833,0.9019045738,0.9075618261,0.9135234813,0.9197488083,0.9262062617,0.9329407653,0.9398773644,0.9470241331,0.9543809746,0.9618976457,0.9695940328,0.977438371,0.9854052079,0.9935095198,1.001704929,1.009990414,1.018360101,1.026768756,1.035230671,1.043721252,1.052219822,1.060717581,1.069192678,1.077639259,1.086048619,1.094373654,1.102631788,1.110803654,1.11887242,1.126809108,1.134613989,1.142278875,1.149793863,1.157105785,1.164240389,1.171182316,1.17791796,1.184400571,1.190650901,1.196660018,1.202417786,1.207863361,1.213033467,1.217916316,1.222501781,1.226727549,1.230634289,1.234213662,1.237455916,1.240295766,1.24278051,1.244903296,1.246660582,1.247976969,1.248915531,1.249470649,1.249632811,1.249348882,1.248669707,1.247600694,1.246158935,1.244261322,1.242012678,1.239425517,1.236495455,1.233304815,1.229929844,1.226511692,1.223989194,1.206238892,1.175519487,1.136105051,1.090182521,1.039496638,0.9853806166,0.9294075962,0.872657422,0.8158044269,0.7608729964,0.708115776,0.6591385315,0.6150556063,0.5767804031,0.5474928042,0.528745322,0.5202023666,0.5096829923,0.4987732041,0.4867246072,0.4821659271,0.4789458668,0.4770962128,0.4751147295,0.4735915874,0.4725801946,0.4714924593,0.4706575304,0.4701305112,0.4695488252,0.4691239427,0.4689081621,0.4686475141,0.4684889023,0.4684800058,0.46843114,0.4684504485,0.4685802837,0.4686730952,0.4688125727,0.4690356491,0.4692240473,0.4694455651,0.4697320226,0.4699862055,0.470265374,0.4705968031,0.4708986614,0.4712211417,0.4715877414,0.4719278534,0.4722868633,0.4726854058,0.4730608668,0.4734553148,0.4738875424,0.4743003443,0.4747333991,0.4752047043,0.4756604257,0.4761383445,0.4766566505,0.4771633605,0.4776944992,0.4782692238,0.4788365242,0.4794304758,0.4800715187,0.4807096615,0.4813764911,0.4820931908,0.4828122222,0.4835617834,0.4843617689,0.4851706974,0.4860120732,0.4868999076,0.4878058842,0.4887470552,0.4897225912
2.5,0.8403245991,0.8399628294,0.8400495634,0.8405787427,0.8415814553,0.8430141463,0.8449183224,0.8472602897,0.8500030016,0.8532393468,0.8568573808,0.8608826211,0.8653302883,0.8701356146,0.8753389354,0.8808953917,0.8867702359,0.8930214419,0.8995587951,0.9063922444,0.9135221308,0.9208955884,0.9285305638,0.9363899177,0.9444435894,0.9527141617,0.9611413965,0.9697233972,0.9784526021,0.987280798,0.9962183102,1.0052354,1.014306832,1.023427199,1.032564081,1.041709748,1.050853154,1.059943524,1.068994983,1.07798389,1.086889558,1.095682929,1.104357774,1.112903882,1.121309077,1.129515374,1.137547286,1.145386139,1.153015333,1.160385017,1.167513599,1.174390301,1.181003038,1.187284834,1.193273715,1.198955487,1.204317883,1.209292989,1.213922921,1.218197884,1.222106592,1.225576507,1.228658752,1.231344916,1.233630183,1.235431686,1.236817281,1.237780365,1.238310328,1.238346533,1.237945503,1.237112101,1.235863271,1.234107562,1.231957668,1.229426191,1.226508477,1.223283801,1.219837186,1.216315211,1.213697261,1.194840209,1.16224634,1.120445756,1.071801256,1.01821373,0.9611468088,0.9023236349,0.8429342683,0.783740033,0.7269261915,0.6727803753,0.6230192524,0.5788019836,0.541029626,0.5128638145,0.4954952114,0.4883501341,0.4797777962,0.4713157871,0.4627202787,0.459651097,0.4576412311,0.4567005624,0.4557317781,0.4551197492,0.4549008809,0.454650083,0.4545883437,0.4547545014,0.4548811342,0.4551177632,0.4555011363,0.4558380779,0.4562400917,0.4567401211,0.4571887752,0.4576752749,0.4582281262,0.458726941,0.4592470409,0.4598124466,0.4603233473,0.4608459758,0.4614002075,0.4619013528,0.4624094868,0.4629409618,0.4634223025,0.4639092692,0.4644155289,0.4648757399,0.4653425656,0.4658280201,0.4662722735,0.4667257019,0.4671998408,0.4676380405,0.468088928,0.4685648385,0.4690102155,0.4694722266,0.4699652901,0.4704331713,0.4709216436,0.4714483732,0.4719551084,0.4724860513,0.4730629322,0.4736248928,0.4742140882,0.4748564063,0.4754890156,0.4761512023,0.4768717671,0.4775885359,0.4783366973,0.4791443569,0.4799559292,0.4808007945,0.4816986421
2.6,0.8290557843,0.8267205763,0.8248480618,0.823434131,0.8225170726,0.8220712849,0.8221390017,0.8226974253,0.8237166346,0.8252991889,0.8273364617,0.8298588623,0.8328871649,0.8363638382,0.8403298125,0.8447417064,0.8495653176,0.8548696866,0.8605555879,0.8666345537,0.8731078298,0.8799247707,0.8870989412,0.8945898422,0.9023640573,0.9104515274,0.9187792305,0.9273437342,0.9361353768,0.9451054813,0.9542576888,0.9635573703,0.9729746916,0.9825078328,0.9921127698,1.001779036,1.011492546,1.021200296,1.030910557,1.040595081,1.050228916,1.059783257,1.069243862,1.078597757,1.087829844,1.096878251,1.105764211,1.114465351,1.122961669,1.131200535,1.139196651,1.146936909,1.154406792,1.161533691,1.168355565,1.174855487,1.181018686,1.186771842,1.192157571,1.197164263,1.201778769,1.205921469,1.20964645,1.21294351,1.215806233,1.218144305,1.220029749,1.221454711,1.222407262,1.222818926,1.22275161,1.222209312,1.221208418,1.219648833,1.217650587,1.215225996,1.212369928,1.209156632,1.205679923,1.202090305,1.199399901,1.179520984,1.145213666,1.101243456,1.050146675,0.993981358,0.9343430392,0.8731075467,0.8115783055,0.7506076766,0.6925413351,0.6377030357,0.5879121879,0.5443517218,0.5078776612,0.4815484783,0.4660745853,0.4606248781,0.4543886118,0.4487928055,0.4441412551,0.4427878977,0.4421533792,0.44222591,0.4423780802,0.4427617744,0.4433945431,0.4440387786,0.4447936104,0.4456792735,0.4465378734,0.4474494298,0.4484326008,0.4493646603,0.4503174003,0.4513064161,0.4522296457,0.4531548891,0.4540941898,0.4549598065,0.4558172254,0.4566749866,0.4574562192,0.4582247265,0.4589859586,0.4596716039,0.4603439764,0.4610061274,0.461596369,0.4621756036,0.4627454227,0.463248895,0.4637455679,0.4642367271,0.4646682506,0.4650984294,0.4655295983,0.4659083873,0.4662919437,0.4666851549,0.4670332954,0.467392461,0.4677716936,0.4681128348,0.4684709453,0.4688607971,0.4692189502,0.4695993025,0.4700237099,0.4704221427,0.4708469653,0.4713279054,0.4717880324,0.4722774989,0.4728335696,0.4733738707,0.4739452464,0.4745900485,0.4752249648,0.4758919194,0.4766321262
2.7,0.8287054545,0.8243787503,0.8204905939,0.8170302176,0.8140387776,0.811522439,0.8095137711,0.8080102167,0.8069952331,0.8065708406,0.8066486006,0.8072623347,0.8084395025,0.8101392747,0.8124012802,0.815190399,0.8184780725,0.8223424582,0.8266841179,0.8315170279,0.8368449926,0.8426254929,0.8488668058,0.8555283851,0.8625758681,0.8700467562,0.8778578803,0.8860042955,0.8944744707,0.9032225792,0.9122432729,0.9214978533,0.930952292,0.9406088157,0.9504111269,0.9603452998,0.9703935867,0.9805027197,0.9906722603,1.000869164,1.011063855,1.021228311,1.031338557,1.041378055,1.051328053,1.06112408,1.070781562,1.08027401,1.089577517,1.098637207,1.107462401,1.116036974,1.124343396,1.132304276,1.13995558,1.147277266,1.154251667,1.160800385,1.166965232,1.172732316,1.1780862,1.182940534,1.187351165,1.19130573,1.194795896,1.197723892,1.20016507,1.202109944,1.203544932,1.204393452,1.20472221,1.204533952,1.203843939,1.202543129,1.200758134,1.198500448,1.195764188,1.19261621,1.18915902,1.185545253,1.182810305,1.162014979,1.126172135,1.080260163,1.026986806,0.9685687095,0.9067347478,0.8435164257,0.7803335378,0.7181324847,0.6594187904,0.6045506361,0.5554375229,0.5132565157,0.4787759955,0.4548585423,0.4416328824,0.438016595,0.4342900763,0.4317072042,0.4311122733,0.4315512955,0.4323350496,0.4334345487,0.4347147607,0.4360884635,0.4375547459,0.4390704572,0.4406107508,0.44217683,0.4437242536,0.4452627097,0.4467919498,0.4482625588,0.4497061891,0.4511200409,0.452451845,0.4537476155,0.4550017463,0.4561614487,0.4572819512,0.4583550451,0.4593290907,0.4602649165,0.4611522415,0.4619414324,0.4626963848,0.4634055494,0.4640213626,0.4646090807,0.4651569483,0.4656188072,0.4660601986,0.4664704713,0.4668035826,0.4671247453,0.4674259531,0.4676594856,0.4678899507,0.4681137515,0.4682792752,0.4684504591,0.4686300573,0.468760136,0.4689039665,0.4690726758,0.4691995512,0.4693471741,0.4695369954,0.4696913483,0.4698719275,0.4701120892,0.4703217972,0.4705613726,0.4708767689,0.4711656529,0.4714860759,0.471895514,0.4722820802,0.4727001114,0.4732142048
2.8,0.8399873397,0.833948907,0.8282830692,0.8229664641,0.8180383585,0.8135407051,0.8094905227,0.8059096128,0.8027979527,0.8002471204,0.7982017954,0.7966978151,0.7957699081,0.7953999167,0.7956266501,0.7964293634,0.797790275,0.7997947649,0.8023534162,0.8054847645,0.8091980413,0.8134649711,0.8182902035,0.8236378333,0.8294764176,0.8358520355,0.8426761376,0.8499436191,0.8576425067,0.8657340331,0.8742030281,0.8830085195,0.8921135742,0.901525492,0.9111759823,0.9210474649,0.9311183682,0.9413376628,0.9516936336,0.9621485116,0.9726679663,0.9832256246,0.9937860682,1.004328417,1.014829591,1.025224136,1.035518854,1.0456827,1.055687388,1.065476517,1.075051979,1.084393933,1.093481167,1.102232559,1.110679771,1.118799174,1.126569693,1.133908367,1.140854531,1.147391431,1.153500801,1.159090089,1.16421528,1.168861445,1.173017846,1.176579419,1.179623676,1.182139015,1.184109788,1.185451123,1.186233669,1.186458449,1.186138999,1.185156992,1.183644728,1.18161227,1.179052617,1.176022946,1.172634187,1.169039283,1.166287575,1.144661629,1.107411728,1.059713339,1.004448231,0.9439968931,0.8802259271,0.8153282469,0.7508442047,0.6878169227,0.6289117021,0.5745157825,0.5266117298,0.4863337895,0.4543130044,0.4331290258,0.4222657999,0.4204242227,0.4191264751,0.4194071825,0.4226084816,0.4247736785,0.4269082532,0.4289723667,0.4313057921,0.4335946245,0.4358213661,0.438128929,0.4403755863,0.4425445195,0.4446998955,0.446785188,0.4487818091,0.4507109402,0.4525663138,0.4543270017,0.4559892331,0.4575782051,0.4590707032,0.460448601,0.4617569927,0.4629707918,0.4640640089,0.4650940489,0.4660346424,0.4668557778,0.4676220916,0.4683070871,0.4688786377,0.4694052504,0.4698614206,0.4702133596,0.4705313058,0.4707922371,0.4709599776,0.4711052567,0.4712093083,0.4712319241,0.4712437103,0.4712322036,0.4711508032,0.4710698056,0.4709853668,0.470841597,0.4707085392,0.4705934947,0.4704280942,0.4702822598,0.4701770546,0.4700284512,0.4699062864,0.4698478666,0.469750763,0.4696845159,0.4697045949,0.4696885326,0.4697049538,0.4698280681,0.4699159586,0.4700351311,0.470276382
2.9,0.861181172,0.8539888739,0.847070582,0.8403898069,0.8339806552,0.8279125794,0.8221886632,0.8168520123,0.8119173745,0.8074592423,0.8034592269,0.7999538583,0.7969842435,0.7945537224,0.7927028702,0.7914278491,0.7907244476,0.7906829523,0.7912322944,0.7923980303,0.7941978828,0.7966215434,0.7996746387,0.8033307768,0.8075660128,0.8124366269,0.8178553448,0.8238198643,0.8303207154,0.8373305134,0.8448262215,0.8527675668,0.8611172151,0.8698893428,0.8790055972,0.8884456492,0.8981848827,0.9081773625,0.9183987777,0.9288073403,0.9393643706,0.9500463066,0.9608051942,0.9716154183,0.9824491449,0.9932417444,1.003988834,1.014654541,1.02520578,1.035585495,1.04578616,1.055783493,1.065551929,1.07500778,1.084175978,1.093028788,1.101541209,1.109626259,1.117318967,1.12459909,1.131444939,1.137758334,1.143593632,1.148932857,1.153762389,1.157970028,1.161634162,1.16474058,1.167271117,1.169132521,1.170398426,1.171067669,1.171151521,1.170522163,1.169316678,1.167543231,1.165193407,1.162313128,1.159021589,1.155470892,1.15271897,1.130259633,1.091575119,1.042045119,0.9847404507,0.9222205679,0.8565021056,0.7899519274,0.7242394703,0.6605098655,0.6015919033,0.547894631,0.5014559034,0.4633275871,0.4339517687,0.4155545094,0.4069525926,0.4066790568,0.4075467264,0.4103511034,0.4168824523,0.420633492,0.4239999338,0.4269364055,0.4302195108,0.4333286333,0.4362318043,0.4392429348,0.4421134806,0.4448100931,0.4474972963,0.4500575977,0.4524552003,0.4547771636,0.4569818363,0.4590310146,0.4609668369,0.4627945909,0.4644740742,0.4660206085,0.4674690625,0.4687778922,0.4699464759,0.4710280942,0.471980745,0.47279439,0.4735333307,0.474156244,0.474647255,0.4750768134,0.4754056814,0.4756135762,0.4757739917,0.4758514745,0.4758210944,0.4757575698,0.4756312584,0.4754110193,0.475171896,0.4748924285,0.4745326516,0.4741676725,0.4737869418,0.4733382305,0.4728968571,0.4724662664,0.4719779187,0.4715076913,0.4710763991,0.4705948241,0.4701397353,0.4697528363,0.4693199265,0.4689187992,0.4686153916,0.4682668635,0.4679517675,0.4677628245,0.4675264967,0.4673212261,0.4672671258
3,0.8883852113,0.8807714541,0.8733165959,0.8659770866,0.8587819673,0.8518096488,0.8450595901,0.8385870763,0.8324159286,0.8266028419,0.8211598451,0.8161236554,0.8115398544,0.8074240041,0.8038229816,0.8007471171,0.798204413,0.7962872511,0.7949457928,0.7942139427,0.7941194613,0.7946685121,0.7958738808,0.7977215242,0.800198352,0.8033719505,0.8071629671,0.8115756796,0.8166069138,0.8222435027,0.8284596673,0.8352195529,0.8424889031,0.8502911111,0.8585417435,0.8672200574,0.8763005035,0.8857449643,0.8955177275,0.9055745199,0.9158735778,0.9263956916,0.9370806423,0.9478984361,0.9588167345,0.9697733948,0.9807515199,0.9917104329,1.002612193,1.013399936,1.024055331,1.034549194,1.044851162,1.054875941,1.064639808,1.074110514,1.083258659,1.091993757,1.100344935,1.108287893,1.115796995,1.122768944,1.129254864,1.135233314,1.140687339,1.145497788,1.149742785,1.153405068,1.156463553,1.15881677,1.160540387,1.161630775,1.162096638,1.161800685,1.160884227,1.159353332,1.157198044,1.154453167,1.151246102,1.147728394,1.144969278,1.121523823,1.081128834,1.029415612,0.9696804076,0.9046939476,0.8366497544,0.7681135102,0.7009010076,0.6362716509,0.5772291306,0.5241981539,0.4792562263,0.4433312953,0.4166201274,0.4009311485,0.3944071465,0.3954569359,0.398184201,0.4031445387,0.4125409552,0.4177434552,0.4222340157,0.4259649104,0.4301139926,0.4339704383,0.4374893273,0.4411429313,0.4445831937,0.4477613991,0.4509360873,0.453931957,0.4566969139,0.4593806363,0.4619070566,0.4642213806,0.4664101502,0.4684585238,0.4703097886,0.472012273,0.4735897584,0.4749845344,0.4762215829,0.477348862,0.4783087621,0.4791119113,0.4798209124,0.4803795951,0.4807893497,0.4811211355,0.4813218409,0.4813859372,0.4813887241,0.4812820825,0.4810537527,0.4807809956,0.480422985,0.4799592144,0.4794677329,0.4789177256,0.4782775348,0.4776256778,0.4769445308,0.4761872262,0.4754330153,0.4746811585,0.4738645816,0.4730638646,0.4722993625,0.4714780982,0.470682662,0.4699591884,0.4691827162,0.4684383863,0.4678030931,0.4671138627,0.466458563,0.4659497113,0.465381141,0.4648429915,0.4644872908
3.1,0.916023211,0.9087187117,0.9014582125,0.8942022148,0.8869781129,0.8798502877,0.8728309734,0.8659758495,0.859310522,0.8528800038,0.8467129394,0.8408475873,0.8353325742,0.8301819136,0.8254547193,0.8211689525,0.8173401039,0.814060579,0.8112982049,0.8090950078,0.8074880642,0.8064926145,0.8061343396,0.8064105196,0.8073189837,0.8089379696,0.8111997472,0.8141179392,0.8176984187,0.821941445,0.8268253568,0.8323215051,0.838401776,0.8451005728,0.8523323391,0.8600791363,0.8683174332,0.8770183738,0.8861388936,0.8956344057,0.9054620543,0.9156084756,0.9260033032,0.9366135155,0.9474033903,0.9583143482,0.9693177623,0.9803687598,0.9914249935,1.002430543,1.013356151,1.024167847,1.034830462,1.045257683,1.055456443,1.065389838,1.07502391,1.084264952,1.093135437,1.10160673,1.109648958,1.117154027,1.124168991,1.130668703,1.136632678,1.14193502,1.146652961,1.150766026,1.154250039,1.156995723,1.159080211,1.160497408,1.16125358,1.161202372,1.160489233,1.159118424,1.157078626,1.154395853,1.151205919,1.147661931,1.144857594,1.120115432,1.077476504,1.022920346,0.9600311092,0.891844561,0.8207761174,0.7496310593,0.6804013855,0.6144837945,0.5550783245,0.5026209819,0.4592102375,0.4255935543,0.4016431881,0.3886633919,0.3841039832,0.3862888531,0.3906341942,0.3974582268,0.4093585484,0.4159171663,0.421457828,0.4259317287,0.4308945338,0.4354548094,0.4395553683,0.443820003,0.4478041701,0.4514442724,0.4550903958,0.4585097213,0.4616341526,0.4646754777,0.4675222668,0.4701032476,0.4725498427,0.474825605,0.4768572512,0.4787271239,0.4804462629,0.4819405719,0.4832619254,0.4844513101,0.4854351501,0.4862461789,0.4869437464,0.4874563631,0.4878041998,0.4880572917,0.4881480875,0.4880873867,0.4879509681,0.4876774056,0.4872687405,0.4868035436,0.4862291137,0.4855372579,0.4848078666,0.4840000466,0.4830921795,0.4821650794,0.4811933158,0.4801371514,0.4790787005,0.478012332,0.4768741915,0.4757485498,0.4746546815,0.4734975068,0.4723645046,0.4713057979,0.4701870608,0.469099975,0.4681322861,0.4671017843,0.466105029,0.46527483,0.4643723951,0.4634991937,0.462840689
3.2,0.938284657,0.9318698892,0.9253977884,0.9188457683,0.9122446871,0.905623116,0.8990236686,0.8924909584,0.8860456044,0.8797315885,0.8735777142,0.8676268331,0.8619305005,0.8564875446,0.8513757937,0.846613391,0.8422176457,0.8382809634,0.8347812631,0.8317677743,0.8292850052,0.8273469524,0.8259963023,0.8252374628,0.8250761569,0.8255989711,0.8267492956,0.828550638,0.8310184252,0.8341612937,0.8379678259,0.8424168884,0.8474874942,0.8532250379,0.8595467728,0.8664402293,0.8738864029,0.8818647208,0.8903305477,0.8992408535,0.9085536746,0.9182623103,0.9282896901,0.9386017774,0.9491612368,0.9599130164,0.9708198665,0.9818337616,0.9929089441,1.003990824,1.015040755,1.02602076,1.036891542,1.047565679,1.058041914,1.068279008,1.078238728,1.087824317,1.097052019,1.10588912,1.114301716,1.122177,1.129558259,1.136416786,1.142728755,1.148361784,1.153392382,1.157797057,1.161548748,1.16453106,1.166822561,1.168415076,1.169312999,1.169361728,1.168711303,1.167364937,1.165310426,1.162569059,1.159285486,1.155617905,1.15270576,1.126280192,1.080723892,1.022501141,0.9555693855,0.8833033634,0.8084027962,0.7339689729,0.6622126756,0.5947004913,0.5348555828,0.4831139017,0.4415521034,0.4106356619,0.3897855223,0.3796762983,0.3770509569,0.3802194533,0.3859659146,0.394371671,0.4084098025,0.4162176698,0.4227259249,0.4278842044,0.4336011968,0.4388152462,0.4434570453,0.4482951414,0.4527916002,0.4568680634,0.4609640474,0.4647893892,0.4682599802,0.4716496398,0.4748104682,0.4776545489,0.4803590998,0.4828644482,0.4850804251,0.4871247568,0.4889940152,0.49059728,0.4920148673,0.4932791404,0.49430002,0.4951339353,0.4958354865,0.4963172573,0.4966197542,0.4968107722,0.4968076753,0.4966390831,0.4963801027,0.495955346,0.4953825674,0.4947406385,0.4939643451,0.4930591502,0.4921058856,0.4910529889,0.4898901333,0.4886996179,0.4874476894,0.4861029238,0.4847495386,0.4833765883,0.4819245503,0.4804806663,0.4790628368,0.4775748806,0.4761084846,0.4747176484,0.4732595051,0.4718316548,0.4705328672,0.4691622083,0.4678243843,0.4666730998,0.4654369023,0.4642281769,0.4632671572
3.3,0.9504974333,0.9452756843,0.9399193282,0.9344337826,0.9288580927,0.9231691738,0.9174535772,0.9117359927,0.9060270007,0.9003808217,0.8948116544,0.8893702274,0.8841117433,0.8790102024,0.8741669703,0.8695944514,0.8653071112,0.8613993904,0.8578509319,0.854717478,0.8520491849,0.8498496201,0.8481806459,0.8470487685,0.8464632775,0.8465167056,0.8471598407,0.8484248326,0.8503352197,0.8529008056,0.8561238936,0.8599887022,0.8644799051,0.8696518934,0.8754260673,0.8817962679,0.8887488797,0.896268133,0.904312964,0.9128424748,0.9218164553,0.9312343573,0.9410157371,0.9511272683,0.9615316087,0.9721758275,0.9830183568,0.994009106,1.005100005,1.016237683,1.027376756,1.038476503,1.049494629,1.060341951,1.071011718,1.081459081,1.091642256,1.101461469,1.110928339,1.120006861,1.12865982,1.136769547,1.144377122,1.151450801,1.157963971,1.163778193,1.168970146,1.173513986,1.177380323,1.180446347,1.182792741,1.184409859,1.185301009,1.185304352,1.184575225,1.183116728,1.180916373,1.177994762,1.174505987,1.170616775,1.167533592,1.139126413,1.090070754,1.02745981,0.9557185819,0.8786449719,0.7992947685,0.7211309523,0.6466330198,0.5775711081,0.5176092112,0.4671440839,0.4281300991,0.4005759887,0.3832795408,0.3761655253,0.3753409223,0.3792490567,0.3860407027,0.3955745258,0.4111527891,0.4199940367,0.4273038563,0.4330271401,0.4393719694,0.4451312033,0.4502235336,0.4555444977,0.4604732836,0.4649172842,0.469397059,0.4735696081,0.4773353331,0.481026,0.4844587883,0.4875295697,0.4904595291,0.4931658181,0.4955417098,0.4977397084,0.4997412323,0.5014387779,0.502941112,0.5042710047,0.5053220696,0.5061746972,0.5068777118,0.5073279656,0.5075866127,0.5077182434,0.5076253744,0.5073546553,0.5069796918,0.5064114658,0.505683462,0.5048741725,0.503906339,0.5027988511,0.5016329455,0.5003470305,0.4989415909,0.4974999921,0.4959810008,0.4943607418,0.4927252279,0.4910592848,0.4893066743,0.4875573773,0.4858292657,0.4840237352,0.4822365149,0.4805271354,0.4787425636,0.4769862005,0.4753698542,0.4736718854,0.4720050821,0.4705465258,0.4689896709,0.467457795,0.4662089951
3.4,0.9502729184,0.9461935471,0.941934735,0.9375369611,0.9330503495,0.9283930659,0.9237018221,0.9189763811,0.9142146154,0.9094896701,0.9047907962,0.9001787722,0.8957131543,0.8913391194,0.8871830167,0.8832480393,0.8795429688,0.8761671726,0.8730950764,0.8703883546,0.8681015951,0.8662225845,0.8648321925,0.863934958,0.8635399749,0.8637442657,0.8645010798,0.8658491637,0.8678178718,0.8704118373,0.8736474372,0.8775108399,0.8819894378,0.8871437889,0.8928979646,0.8992510951,0.9061939867,0.9137110432,0.9217673462,0.9303231109,0.9393392628,0.948819648,0.9586822005,0.9688949524,0.9794212171,0.9902077962,1.001212544,1.012383801,1.02367187,1.035023901,1.046390452,1.05772924,1.068996093,1.080098962,1.09102886,1.101738175,1.112182455,1.12225878,1.131976375,1.141296997,1.15018113,1.158505897,1.166312446,1.173566759,1.1802402,1.186188572,1.191490158,1.196117551,1.20003981,1.203127912,1.205465918,1.207043268,1.207862733,1.207755872,1.206883931,1.205250543,1.202843405,1.199683891,1.195936332,1.191777501,1.188491798,1.158058162,1.105229677,1.03783957,0.9608660123,0.8786118174,0.7945599357,0.7126011534,0.6355311138,0.5653427774,0.5059273328,0.4575483678,0.4218581653,0.3981794816,0.3845410923,0.3801138105,0.3805997213,0.3847901394,0.3920000331,0.4019164578,0.418083741,0.4275792286,0.4354022269,0.4414864459,0.4482398221,0.4543563158,0.4597432412,0.4653873626,0.470607218,0.4752976061,0.4800409603,0.4844530668,0.4884207476,0.4923223292,0.4959461636,0.4991738567,0.5022634251,0.505111861,0.5075978005,0.5099038139,0.5119974566,0.5137565436,0.5153149643,0.5166862336,0.5177495726,0.5186067133,0.5193005794,0.5197142679,0.5199272307,0.5200005665,0.5198240404,0.5194599453,0.518980117,0.5182841784,0.5174187226,0.516461716,0.5153263575,0.5140419604,0.5126902057,0.5112022648,0.5095859452,0.507925926,0.5061766257,0.5043177017,0.5024374089,0.5005198614,0.4985075251,0.4964937603,0.4945003776,0.4924211676,0.4903567063,0.4883765256,0.4863116548,0.4842722248,0.4823881163,0.4804106137,0.4784616031,0.4767472525,0.4749188704,0.4731117004,0.4716282588
3.5,0.9385360454,0.935152371,0.9315810832,0.9278999515,0.9241707845,0.9202558267,0.9163398416,0.9123974011,0.9084138327,0.9044853681,0.900572407,0.8967461052,0.8930705805,0.8894645572,0.8860765806,0.8829000867,0.8799374109,0.8772954604,0.8749391948,0.8729355786,0.8713427973,0.8701324628,0.869401626,0.86915071,0.8693862132,0.8702095067,0.8715714995,0.8735153383,0.8760737981,0.8792430748,0.8830508139,0.8874818579,0.8925231203,0.8982388191,0.904552229,0.9114653747,0.9189711876,0.9270504162,0.9356734223,0.9447993751,0.9543884841,0.9644466575,0.9748897489,0.9856863483,0.9967998091,1.008174207,1.019768287,1.031528542,1.043403542,1.055339715,1.067285215,1.079196693,1.091028676,1.102684986,1.114156881,1.125394582,1.136351608,1.146921348,1.157112722,1.166886084,1.176200433,1.184926918,1.193109021,1.200711067,1.207702954,1.213934315,1.219486634,1.224331514,1.228436987,1.231666746,1.234109928,1.235755149,1.236604514,1.236482177,1.235555816,1.233829394,1.231290783,1.227958659,1.224008867,1.219626374,1.216165689,1.183995568,1.127515295,1.055343107,0.9730732534,0.8855822059,0.7968425784,0.7112309622,0.6318929319,0.5610345803,0.5027166983,0.456922029,0.4247871247,0.4047700035,0.3941210411,0.3914342601,0.3923474485,0.3961961307,0.4030057414,0.4123802699,0.4279902526,0.4376539262,0.4456242736,0.4518162092,0.4587047928,0.4649469409,0.4704401595,0.4762128996,0.4815540262,0.4863487938,0.4912135189,0.4957400308,0.4998051044,0.5038157984,0.5075415496,0.5108534136,0.5140340315,0.5169659155,0.5195168604,0.5218905817,0.524043964,0.5258439951,0.527442648,0.5288459543,0.5299226733,0.5307898482,0.5314855206,0.5318830772,0.5320746376,0.5321185144,0.5318959273,0.5314791781,0.5309390077,0.5301681042,0.5292202267,0.528173644,0.5269367128,0.5255427215,0.524074878,0.5224621445,0.5207125763,0.5189135529,0.5170205592,0.5150089889,0.5129710473,0.5108960023,0.5087164624,0.5065311733,0.5043722568,0.5021165808,0.4998718261,0.4977244807,0.4954795383,0.4932563229,0.4912104455,0.4890552176,0.4869242126,0.4850611563,0.4830635222,0.4810811475,0.4794704423
3.6,0.9205468961,0.9170425918,0.913372635,0.9096507034,0.9059492788,0.9020858082,0.8982850665,0.8945007548,0.8907089935,0.8870285557,0.8833944354,0.8798871896,0.8765755167,0.8733598838,0.8704051782,0.8676977224,0.8652350692,0.8631334385,0.8613478955,0.85995006,0.8590015117,0.8584622549,0.8584406121,0.858932998,0.8599428184,0.8615767253,0.8637797939,0.8665975343,0.8700640819,0.8741679447,0.8789425004,0.8843689114,0.8904309496,0.8971950385,0.9045789847,0.9125845287,0.9212036299,0.9304117884,0.94018008,0.9504640069,0.9612205382,0.9724554105,0.984079682,0.9960603913,1.008359064,1.020915398,1.03368747,1.046618781,1.05965521,1.072740906,1.085821532,1.098852115,1.111785454,1.124520072,1.137048087,1.14931748,1.161279717,1.172823184,1.183957775,1.194642483,1.204834908,1.214398705,1.223381249,1.231745217,1.239458965,1.24636414,1.252546929,1.257977749,1.262623495,1.266337522,1.269216029,1.271246106,1.272428021,1.272575482,1.271863271,1.270294416,1.267856364,1.264555912,1.260582837,1.256125128,1.252580454,1.219213774,1.159458659,1.082689589,0.9951535109,0.9023536353,0.8088070885,0.7194274562,0.637734335,0.5661221653,0.5087550346,0.4652026724,0.4359520881,0.4185665337,0.4096416305,0.4074406251,0.4078195535,0.410760639,0.4164395328,0.424473369,0.4385477486,0.4479260823,0.4557059343,0.461778139,0.4685565889,0.4747204783,0.4801599422,0.4858960258,0.4912184884,0.4960068925,0.5008826793,0.5054312923,0.5095238737,0.5135770503,0.5173518513,0.5207134816,0.5239553251,0.5269518243,0.52956481,0.5320082759,0.5342324575,0.536098528,0.5377673668,0.5392402072,0.5403804892,0.5413122093,0.5420705563,0.5425244877,0.5427706894,0.5428665084,0.5426900623,0.5423154208,0.5418141273,0.5410775628,0.5401580248,0.5391362373,0.5379215572,0.5365420569,0.5350849861,0.5334831982,0.531735131,0.5299337835,0.5280421054,0.526020649,0.5239688824,0.5218879683,0.5196893725,0.5174808843,0.5153120728,0.5130309265,0.5107561524,0.5085987778,0.506325234,0.5040681028,0.5020167947,0.4998336474,0.4976680195,0.495809862,0.4937893895,0.4917750273,0.4901864284
3.7,0.906371529,0.9017056356,0.8968985602,0.8920991495,0.8873902075,0.8825563391,0.8778563184,0.8732295369,0.8686485836,0.8642524255,0.8599596317,0.8558601386,0.8520283959,0.8483579369,0.8450252356,0.8420151433,0.8393249373,0.8370819737,0.8352357043,0.8338631966,0.833030845,0.8326958758,0.8329733785,0.833858735,0.8353542536,0.837574331,0.8404571329,0.8440495066,0.8483858571,0.8534516817,0.8592790218,0.8658443454,0.8731266314,0.8811941439,0.8899541497,0.8994044605,0.9095324484,0.9203093039,0.9316989539,0.9436504208,0.9561144955,0.9690948092,0.9824929268,0.9962709311,1.010385407,1.024771416,1.039381199,1.054153411,1.069029397,1.083949048,1.098853515,1.113694312,1.128420871,1.142925372,1.157198899,1.171186285,1.184836001,1.198028976,1.210776196,1.223034161,1.234758041,1.245801474,1.256216012,1.265961857,1.275004838,1.283174788,1.290563952,1.297140373,1.302868777,1.307586988,1.311400493,1.314293409,1.316262119,1.317104625,1.317004122,1.315960792,1.313960803,1.310986185,1.307244788,1.302921188,1.299419877,1.26538778,1.202645584,1.121251056,1.02813007,0.9294662734,0.8303901393,0.7364217588,0.651505646,0.5782437184,0.5209045589,0.4786088525,0.4511750269,0.4353134882,0.4270558355,0.4244560726,0.423706744,0.4254690294,0.4296478075,0.4359413888,0.4479757012,0.4567682096,0.4641374465,0.4699482006,0.4764653348,0.4824306376,0.4877292325,0.4933408038,0.4985768507,0.5033145755,0.5081602528,0.5127049079,0.516817868,0.5209112975,0.5247450134,0.5281824947,0.5315170962,0.5346197391,0.5373506328,0.5399249778,0.542289498,0.5443040644,0.5461301378,0.5477666698,0.5490764367,0.550182219,0.5511187576,0.5517553692,0.5521848997,0.5524663437,0.5524796325,0.5522917318,0.5519780002,0.5514335597,0.5506997524,0.5498632787,0.5488396904,0.5476416795,0.5463645839,0.5449504939,0.543377403,0.5417484721,0.5400396291,0.5381851677,0.5362967683,0.534393168,0.5323528188,0.5302977874,0.5283009305,0.5261692174,0.5240377435,0.5220480504,0.5199158194,0.5177922105,0.5159064963,0.5138581195,0.5118172904,0.5101261746,0.5082364959,0.5063398828,0.5049249702
3.8,0.9090069107,0.9022935092,0.8954148126,0.8885615382,0.8818305767,0.8749699873,0.8682824655,0.8616948114,0.8551800088,0.8488999611,0.8427631161,0.8368733994,0.8313151577,0.8259815694,0.821065044,0.81655541,0.8124563037,0.8089109524,0.8058711527,0.8034244483,0.8016473311,0.8005045905,0.8001197749,0.8004935998,0.8016329574,0.8036656282,0.8065259676,0.8102643273,0.8149170292,0.8204742842,0.8269617302,0.834352032,0.8426193718,0.8518349449,0.8618910411,0.8727780871,0.8844751217,0.8969517592,0.9101547484,0.9240235812,0.9384995253,0.9535820364,0.9691569779,0.9851768197,1.001588867,1.018324092,1.035320755,1.052509933,1.069825745,1.087201195,1.10456921,1.12187451,1.139060176,1.15601114,1.172713037,1.189105728,1.205132823,1.220664107,1.235710669,1.250224165,1.264155152,1.277344007,1.289845435,1.301615591,1.312616065,1.322659618,1.331845793,1.34013833,1.34749816,1.353741554,1.358985534,1.363209684,1.366404451,1.368346188,1.369228895,1.369048453,1.367789401,1.365397786,1.362105322,1.358089295,1.354734617,1.320191676,1.254261556,1.167638288,1.067977218,0.9622283993,0.8562528428,0.7563026996,0.6668725567,0.5908874784,0.5328041394,0.4913113069,0.4655004659,0.4511332715,0.4435897657,0.4406379297,0.4388085736,0.4395036731,0.4422568196,0.4468667649,0.4568693971,0.4649538106,0.4718269236,0.4773255517,0.4835303846,0.4892622857,0.4944019849,0.4998753438,0.5050231575,0.5097214767,0.5145545285,0.5191224784,0.5232943609,0.5274732491,0.5314194069,0.5349963246,0.5384935104,0.5417792782,0.5447141193,0.547510643,0.5501129347,0.5523816057,0.5544744627,0.5563894391,0.5579908206,0.5593952205,0.5606388323,0.5615936298,0.5623428129,0.562949693,0.5632984458,0.5634422033,0.5634636126,0.56326411,0.5628664594,0.5623675728,0.5616919257,0.5608283637,0.5598852334,0.558816768,0.5575713291,0.5562677053,0.55489789,0.5533601732,0.5517842986,0.5502098502,0.5484721727,0.5467136446,0.5450338211,0.5431885098,0.5413351838,0.5396493408,0.5377861259,0.5359209686,0.5343262583,0.5325296205,0.5307272655,0.5293163034,0.5276625842,0.5259852865,0.524843632
3.9,0.9389845688,0.9299420317,0.9206126296,0.9112486318,0.9019718826,0.8924558642,0.8830857608,0.873762663,0.8644546233,0.8553625538,0.8463732943,0.8376161797,0.8291926685,0.8209841778,0.8132198423,0.8058952568,0.7990248098,0.7927783894,0.787115489,0.7821455553,0.7779656965,0.7745540624,0.7720579192,0.7704926479,0.7698798659,0.770373373,0.771912308,0.7745601668,0.7783633995,0.7833265543,0.7894726392,0.7967749168,0.8052060982,0.8148448654,0.8255663452,0.8373521759,0.8501705029,0.8639921979,0.8787374528,0.8943326309,0.9107055529,0.9278489203,0.9456254152,0.9639720716,0.9828212169,1.002099845,1.021721979,1.041607285,1.061678848,1.08185901,1.102067476,1.12223764,1.142302031,1.162137059,1.18171679,1.200973557,1.219843506,1.238180629,1.255994557,1.273228922,1.289826801,1.305611995,1.32064045,1.33486251,1.348233713,1.360544209,1.371902254,1.382265346,1.39158908,1.399663389,1.406618915,1.412429959,1.417080152,1.420319905,1.422357577,1.42318486,1.422785595,1.42106591,1.418287693,1.414622777,1.411436758,1.375942904,1.305997472,1.21298047,1.105386167,0.9910772785,0.8768330559,0.7698356631,0.6753383279,0.5967780809,0.5388526186,0.4996993995,0.4773358381,0.4661954708,0.4607757849,0.4584109368,0.4560280368,0.4559691783,0.4575737436,0.4607198048,0.4688328754,0.4761368342,0.4824617095,0.4876099067,0.4934628915,0.4989308102,0.5038880506,0.5092032803,0.5142500325,0.5189018909,0.5237208939,0.5283168726,0.5325574385,0.5368376053,0.5409174242,0.5446593386,0.5483502001,0.55185487,0.5550331217,0.5580957112,0.5609836571,0.5635573951,0.5659710048,0.5682217294,0.5701745738,0.5719388825,0.573553576,0.57489269,0.5760275212,0.5770279668,0.577782115,0.5783258032,0.578752216,0.5789691282,0.5789760407,0.5788842151,0.578627514,0.5781650885,0.5776231742,0.5769691269,0.5761147561,0.5751999299,0.5742342766,0.5730722063,0.5718673472,0.5706823185,0.5693007441,0.567891271,0.5665829365,0.5650713026,0.5635420745,0.5622079809,0.5606544597,0.5590867016,0.5578237211,0.5563126531,0.5547805625,0.5536827645,0.552291862,0.5508585439,0.550014862
4,0.9971108112,0.9862098621,0.9747966625,0.9632169586,0.95163603,0.9395813187,0.9275856082,0.9154945901,0.9032533952,0.8911341858,0.8789641721,0.8669141723,0.8551105456,0.8433853655,0.8320395071,0.8210615672,0.8104707572,0.8004790544,0.7910441499,0.7823106979,0.7744076548,0.7673171806,0.7612387303,0.7562087806,0.7522740655,0.7496348064,0.7482459291,0.7482035734,0.7495820372,0.7524097908,0.7567277647,0.7625202167,0.7697680667,0.7785699038,0.7887867605,0.8003962616,0.8133575183,0.8276447558,0.8431476769,0.8597761348,0.8774405242,0.8961240636,0.9156584257,0.9359589441,0.956936422,0.9785117788,1.000564633,1.022998152,1.045719538,1.068635341,1.091646701,1.114670403,1.137623535,1.160371949,1.18287187,1.205045235,1.226817988,1.248023314,1.268668128,1.288684905,1.308006474,1.326437557,1.344033491,1.360737642,1.37649838,1.391079113,1.404598635,1.417007133,1.428254184,1.438101832,1.446695938,1.45400629,1.46001069,1.464432838,1.467499447,1.469200082,1.469520092,1.468331703,1.465931804,1.46249452,1.459397041,1.422043134,1.346935643,1.246312704,1.129680888,1.006019507,0.8832695645,0.7697915425,0.6718425841,0.5935088912,0.5395048568,0.5068586945,0.4916997431,0.4865949576,0.485091052,0.4841971035,0.4815495995,0.4807830197,0.4811690648,0.4826451383,0.488453956,0.4947268142,0.5003069621,0.5049511356,0.5102781947,0.5153265234,0.5199613293,0.5249699114,0.5297787287,0.5342571655,0.5389324788,0.5434354766,0.5476308568,0.5518987397,0.5560054647,0.559810981,0.5635957513,0.5672250799,0.5705566142,0.573797072,0.5768870465,0.5796855162,0.5823411782,0.5848528074,0.5870851024,0.5891383269,0.5910564335,0.5927149001,0.5941706555,0.5955028805,0.5966035363,0.5974876824,0.5982622667,0.5988421047,0.5991986932,0.5994614409,0.5995752084,0.5994632665,0.5992740887,0.5989908301,0.598480994,0.5979103519,0.5973100367,0.5964812358,0.5956066391,0.59477706,0.5937134825,0.5926162155,0.5916502701,0.5904386126,0.5892006024,0.5881939677,0.5869209089,0.58562164,0.5846706946,0.5834203859,0.5821335275,0.5813333292,0.580184625,0.5789739122,0.5784159546
4.1,1.075433609,1.063569976,1.050891892,1.037876114,1.024755129,1.010828007,0.99685133,0.9825798362,0.9679120366,0.9532352669,0.9382631777,0.9232266109,0.9082853075,0.89316828,0.8782890894,0.8636049294,0.8491224496,0.8351126897,0.8215021511,0.8084787992,0.7962078904,0.7846444957,0.7740699684,0.7645352709,0.7561121191,0.7490673473,0.7433736158,0.7391822092,0.7366175264,0.7357359517,0.73663382,0.739322366,0.7438080641,0.750234148,0.7584585271,0.7684709489,0.7802327517,0.7937245855,0.8088131972,0.8253910903,0.8433493199,0.8626611998,0.8831202763,0.9046151019,0.9270287195,0.9502708642,0.9741786383,0.9986324041,1.023517759,1.048719356,1.074114416,1.099597689,1.125065781,1.150370917,1.175446215,1.20020041,1.224546703,1.248292849,1.271442523,1.293914565,1.315629493,1.336371737,1.356194816,1.375034944,1.392833284,1.409324509,1.424640171,1.438723257,1.451517744,1.462759714,1.472611244,1.481039712,1.488019697,1.493250887,1.496981832,1.499203275,1.499904885,1.498938216,1.496637153,1.493188731,1.490030541,1.449876371,1.368739886,1.259978107,1.134331857,1.002147014,0.8728053301,0.7561086309,0.659485841,0.587461156,0.5438249795,0.523221524,0.5188914278,0.5214783495,0.5241439523,0.5241904789,0.5205155258,0.5183984226,0.5167065485,0.5154647851,0.5175693055,0.5222435305,0.5266310689,0.5304341215,0.5348459338,0.5391262056,0.5431312712,0.5474962021,0.5517547983,0.555774093,0.5600024906,0.5641269006,0.5680115019,0.5719915548,0.5758632304,0.5794866768,0.5831145349,0.5866287202,0.5898877402,0.5930781799,0.5961515927,0.5989688767,0.6016604648,0.6042350094,0.6065608297,0.6087179039,0.6107617165,0.6125738511,0.6141862228,0.6156927389,0.6169948081,0.6180757845,0.619061326,0.6198799534,0.6204632885,0.6209637146,0.6213450042,0.6214812616,0.6215481393,0.6215538849,0.6213066629,0.6210033454,0.6207073536,0.6201496746,0.6195475632,0.6190323734,0.61824345,0.6174185644,0.6167726639,0.6158351139,0.6148649592,0.6141805188,0.6131778756,0.6121384084,0.611509353,0.6105236732,0.6094860221,0.6090061644,0.6081153424,0.6071417088,0.6069026782
4.2,1.163106233,1.151196018,1.138120055,1.124520863,1.110722443,1.09572307,1.080574077,1.064908676,1.048557559,1.032070052,1.0149938,0.99763931,0.9802106549,0.9622821489,0.9444208926,0.9265276602,0.9085767049,0.8909179869,0.8734082583,0.85628295,0.8397428895,0.823672442,0.8084571601,0.7941416387,0.7808068659,0.7687976203,0.7580865509,0.7488922574,0.741403159,0.735692046,0.7319509292,0.7302307089,0.7305813206,0.7332246596,0.7380310635,0.7450305085,0.7542095318,0.7655617296,0.7789536474,0.7942652516,0.8113712414,0.8302407878,0.8506240638,0.8723811378,0.8953629341,0.919460819,0.9444642914,0.9702239362,0.9965975474,1.023441909,1.050604809,1.077953956,1.10536069,1.132659914,1.159757815,1.186547352,1.212926994,1.238675433,1.263793276,1.288184197,1.311755288,1.334270988,1.355782505,1.376219648,1.395517401,1.413381978,1.4299599,1.445188015,1.459006018,1.471128516,1.481733967,1.490790051,1.498271291,1.50385816,1.507822891,1.510160527,1.510867327,1.509788431,1.507293209,1.503590119,1.500221063,1.456871475,1.369778569,1.253702314,1.120866728,0.9832642686,0.8519858701,0.7384210703,0.6509021655,0.5932123124,0.5662360507,0.5608531946,0.5674982485,0.5760336384,0.5803596573,0.5789025217,0.5722788012,0.5675502659,0.5622734028,0.5566451534,0.5529845412,0.5552783853,0.5578546567,0.5603651441,0.5633330687,0.5663755282,0.5693470891,0.5726162124,0.5759093602,0.5790997006,0.5824797452,0.5858513502,0.5890876322,0.5924220357,0.5957225637,0.598859845,0.6020144406,0.6051153558,0.6080330403,0.6108980618,0.613695371,0.6162997083,0.6187928445,0.6212101193,0.6234363038,0.6255040897,0.6274934153,0.6293057624,0.630922876,0.6324637288,0.6338539786,0.6350207899,0.6361172346,0.6371013587,0.637840265,0.6385170748,0.6391312816,0.6394824596,0.6397807661,0.6400772855,0.6400944421,0.6400674259,0.6401105503,0.6398570246,0.6395659878,0.639428725,0.6389742276,0.638485232,0.6382467306,0.6376647667,0.6370457514,0.6367893864,0.6361551179,0.6354732556,0.6352852064,0.6346734801,0.6339922781,0.6339601191,0.6334431253,0.6328185772,0.6330295906
4.3,1.252063245,1.240906182,1.228195017,1.214766243,1.20105758,1.185707157,1.170122076,1.153790148,1.136456835,1.118877783,1.100389614,1.081402068,1.062176793,1.042089332,1.021900426,1.001434352,0.9806166146,0.9599006531,0.9390367423,0.9183140697,0.8979703392,0.87777634,0.8582419331,0.8393802636,0.8212585729,0.8043063286,0.7884625855,0.7740132797,0.7612118114,0.7501171672,0.7410467286,0.7340901436,0.7293481326,0.7271552813,0.7274045389,0.730199793,0.735584089,0.743573353,0.7540713142,0.7669570808,0.7820985452,0.7994764974,0.8187943304,0.8398870015,0.8625721638,0.8867147019,0.9120544375,0.9384044673,0.9655881283,0.9934297693,1.02174074,1.050357207,1.07912083,1.107845481,1.136407212,1.164680891,1.192548696,1.219758535,1.246307835,1.272084559,1.296982207,1.320747357,1.343428434,1.364950409,1.385243794,1.403989022,1.421348828,1.437255607,1.451646596,1.464220713,1.47517185,1.484470367,1.492093093,1.497706788,1.501606119,1.503791907,1.504267709,1.502880191,1.500029137,1.495945327,1.49228923,1.446458386,1.355037423,1.234421894,1.098554828,0.9613105467,0.835544662,0.7338052589,0.6638915761,0.6263823579,0.6174843928,0.6247900683,0.6378433695,0.6473807711,0.6488679675,0.6423784061,0.6303932798,0.6216526391,0.6111996821,0.5995180009,0.5881157865,0.5872607319,0.5874140907,0.5881998654,0.5892097782,0.590561937,0.5921239284,0.5938663301,0.5958043832,0.5978328295,0.5999937789,0.602274102,0.6045726389,0.6069465512,0.6093882185,0.611796953,0.6142197863,0.616672678,0.6190575633,0.6213964839,0.6237383001,0.6259923492,0.6281453741,0.6302830406,0.6323283592,0.634224524,0.636094584,0.6378825103,0.6394803688,0.6410473273,0.642556386,0.6438407454,0.6450936119,0.6463258016,0.6473032746,0.6482510467,0.6492273492,0.6499214922,0.6505883448,0.6513442215,0.6517909957,0.6522118468,0.652793383,0.653037416,0.6532543243,0.6537154102,0.6538072703,0.6538667313,0.6542673521,0.6542618644,0.654212895,0.6546183428,0.6545734727,0.6544659763,0.6549464882,0.6549223094,0.6548050537,0.6554353339,0.6554923765,0.6554096674,0.6562678039
4.4,1.337165053,1.327539365,1.31593652,1.303408052,1.29052486,1.275514393,1.260192015,1.243880812,1.226225379,1.208227757,1.188974377,1.168992774,1.148616467,1.126981392,1.105082648,1.082651332,1.059550531,1.036365013,1.012705697,0.9889255798,0.9653053862,0.9414629912,0.9180573836,0.8950479155,0.8724660122,0.850836221,0.8300251692,0.8103824488,0.7922215602,0.775544425,0.7608140809,0.7481430605,0.7376749655,0.729885902,0.7246873694,0.7222894865,0.7228262466,0.7263445988,0.7328359194,0.7421966022,0.7543044938,0.7691825002,0.7864843927,0.8060303387,0.8276079873,0.8510474963,0.8760391687,0.9023493473,0.929758904,0.9580581492,0.9870105949,1.016416542,1.046083522,1.075801181,1.105411512,1.134768693,1.163737162,1.192035601,1.21965603,1.246471103,1.2723615,1.297060323,1.32061192,1.342938267,1.363967291,1.383359607,1.401292589,1.417696099,1.432507052,1.44541417,1.456624398,1.466111453,1.47385427,1.479511185,1.483392301,1.485502525,1.485850644,1.484277726,1.481205307,1.476873069,1.473015262,1.427102106,1.335146848,1.215217466,1.083035585,0.9542373256,0.8427233515,0.760496104,0.7122386619,0.6935199216,0.6969216495,0.7093325476,0.7215246159,0.7259607451,0.7197806158,0.7048326029,0.6853666997,0.6715571248,0.6547986949,0.6359800731,0.6156321255,0.6110920867,0.6083910033,0.6071651023,0.605869085,0.6052310242,0.6051523068,0.6050940689,0.6054390202,0.6061237702,0.6068539855,0.6078620746,0.6090942448,0.610359501,0.6118217657,0.6134322627,0.6150421584,0.6167911888,0.6186373616,0.6204387715,0.6223369264,0.6243012423,0.6261732353,0.628111404,0.6301027682,0.6319549011,0.6338517847,0.635805206,0.6375748568,0.6393744952,0.6412485357,0.6428967355,0.6445643948,0.6463370796,0.6478435026,0.6493608441,0.6510251383,0.6523831921,0.6537436823,0.6553035713,0.6565165143,0.6577218977,0.6591897977,0.660268291,0.6613264802,0.6627222192,0.6636834294,0.6646077488,0.6659589758,0.6668268979,0.6676361729,0.6689796312,0.6697858347,0.6705045346,0.6718873963,0.6726713435,0.67332871,0.6748091003,0.6756171447,0.6762442554,0.6778904026
4.5,1.413128553,1.405961527,1.396365832,1.38562101,1.374447202,1.360617824,1.346399931,1.330935778,1.313753667,1.296136683,1.276886052,1.256663353,1.235888079,1.213415109,1.190515164,1.166810517,1.142088287,1.11709275,1.0912648,1.065033385,1.038731662,1.011784415,0.9850313058,0.9583580876,0.9317400816,0.9058121587,0.8803295487,0.8557033346,0.8323023418,0.8100185788,0.7894791665,0.7707916497,0.7541196886,0.7401034098,0.7286505745,0.72010424,0.7147237052,0.7125897046,0.7138479773,0.7184384171,0.7262761805,0.737481967,0.7516595347,0.7686382122,0.788188455,0.8100990719,0.8340157554,0.8596464307,0.8867190259,0.9149950658,0.944169065,0.9740011208,1.004259815,1.034708001,1.065147176,1.095406668,1.125330751,1.154616915,1.183243247,1.211068477,1.237962207,1.263651265,1.288172064,1.311444762,1.333395533,1.353676559,1.372471362,1.389708931,1.405327774,1.419009272,1.430968701,1.441179829,1.449617914,1.455937562,1.46044682,1.463147805,1.464048469,1.462950872,1.460286565,1.456268408,1.452564769,1.411075071,1.324825527,1.213071876,1.092788881,0.9803375483,0.8887563355,0.8271586687,0.7958832074,0.7869117085,0.7924513665,0.8008600581,0.8049983837,0.7990057541,0.7813670459,0.755581361,0.7274255576,0.7081940687,0.6848741083,0.6588598482,0.6296753617,0.6213504752,0.6157055656,0.6124402727,0.6088004887,0.6061511812,0.6044501874,0.602603263,0.6013855654,0.6007959298,0.6001637769,0.5999876356,0.6002816988,0.6005711495,0.6012068801,0.6022130405,0.6032129761,0.604480565,0.6060506654,0.6075890763,0.6093358814,0.6113401158,0.6132734553,0.6153695417,0.6176964776,0.6199057516,0.622241848,0.6247976482,0.6271848563,0.6296694605,0.6323754565,0.6348593595,0.6374149426,0.6402043884,0.642716319,0.6452757049,0.6480910175,0.6505718339,0.6530758055,0.6558673261,0.6582662532,0.6606630006,0.6633897947,0.6656653047,0.6679117601,0.6705442402,0.6726665878,0.6747310471,0.6772546952,0.6792092136,0.6810742104,0.6834933584,0.6852832784,0.6869475361,0.6892880632,0.6909356932,0.6924137935,0.6947236511,0.6962689253,0.6975876228,0.6999347901
4.6,1.470511778,1.466949418,1.460502841,1.452679927,1.444359761,1.432835208,1.420849109,1.407353203,1.391745938,1.375615976,1.357452087,1.338060792,1.317959358,1.295683906,1.272816407,1.248856495,1.22350177,1.197680827,1.170636797,1.142885949,1.114824179,1.085642145,1.056394483,1.026875195,0.9969839628,0.9674825106,0.937976976,0.9089386171,0.8807872271,0.8532423228,0.8271127447,0.8024610815,0.7794303108,0.7588328643,0.7405246184,0.7249907138,0.7126381948,0.7035609938,0.6981406263,0.6963919969,0.6983081498,0.7042045309,0.7136474158,0.7265315077,0.7426504237,0.7617543183,0.7834703066,0.8074383327,0.8333231491,0.8608807182,0.8896993454,0.9194973875,0.9500008322,0.9809429059,1.012075748,1.043195777,1.074121623,1.104550757,1.134424183,1.16358957,1.191908404,1.219110299,1.245215539,1.270140116,1.293805185,1.315875454,1.336516586,1.355657104,1.373237936,1.388928068,1.402943227,1.415245471,1.425790269,1.434233376,1.440845118,1.445611403,1.448528758,1.449289245,1.448323548,1.445754388,1.442923414,1.412176662,1.339369021,1.243475951,1.141252818,1.047909993,0.9738161585,0.9247977543,0.8987666712,0.8873093402,0.884732723,0.8815013366,0.8724444463,0.8529197557,0.8222475572,0.7852175607,0.7487070248,0.7247513378,0.6958907363,0.6640676153,0.6279833235,0.6164585871,0.6083185521,0.6033752387,0.5978262818,0.5935603389,0.5906078323,0.5873999397,0.5850285616,0.5835656551,0.5820247902,0.5811092934,0.580909271,0.580718533,0.5810196117,0.5819140909,0.5828475358,0.584175057,0.5860081568,0.5878713149,0.5900513001,0.5926702181,0.595284279,0.5981511448,0.6014054362,0.6046024138,0.6079970052,0.6117391019,0.6153595995,0.6191282102,0.6232137558,0.6271056232,0.6310995612,0.6353882792,0.6394065866,0.6434830383,0.6478410088,0.6518499796,0.6558747666,0.6601787017,0.6640558265,0.6679080859,0.6720513879,0.675693153,0.6792713222,0.6831711048,0.6864993864,0.6897273549,0.6933311575,0.696298923,0.6991309516,0.7024218843,0.705016784,0.7074398592,0.7104388609,0.7126835486,0.7147159287,0.717480288,0.7194285984,0.7211135823,0.7237315421
4.7,1.496124077,1.497333988,1.495244629,1.4915684,1.487338911,1.479385157,1.470906061,1.460670522,1.44794314,1.434617663,1.418868058,1.401644271,1.383566527,1.362837214,1.341362662,1.31851521,1.293894595,1.268628004,1.241745288,1.21385641,1.185428599,1.155390712,1.125036946,1.094058334,1.06226443,1.030558391,0.9983679831,0.9662234967,0.9345927774,0.902964781,0.8723414599,0.8426959872,0.8140970728,0.7875148875,0.7626770651,0.740182284,0.7205678894,0.7038627489,0.6907402083,0.6812922771,0.675614157,0.6743371483,0.6770173157,0.6837182636,0.6943508901,0.7086525522,0.7263194681,0.746935536,0.7701071352,0.7956504148,0.8229959604,0.8518328462,0.881850306,0.9127439713,0.9442150412,0.9760118883,1.007915698,1.039667355,1.071122234,1.10212277,1.132527316,1.162072168,1.190751057,1.218464456,1.245115758,1.270417109,1.294465757,1.317188236,1.338526697,1.358116396,1.376164786,1.392597498,1.407320141,1.419999009,1.430808219,1.439701418,1.446652597,1.451142168,1.453601216,1.453984938,1.452980487,1.438882421,1.38530521,1.30870171,1.223929868,1.14396214,1.076849438,1.027263576,0.9936480712,0.9694370646,0.9518691094,0.9332348539,0.9097826503,0.8774542782,0.8357669049,0.7901164462,0.7477769558,0.7210961138,0.6892495168,0.6546366567,0.615566495,0.6022920376,0.5927845127,0.5869867544,0.5805121998,0.5754905722,0.5720198944,0.5683037208,0.5655513341,0.5638948553,0.5622281045,0.5612953895,0.5612422286,0.5613076312,0.5619600749,0.5633492559,0.5649128964,0.5669519197,0.5696147166,0.5724545699,0.5756763375,0.5794235591,0.5833113047,0.5874983555,0.5921213315,0.5968201846,0.6017430598,0.6070190639,0.6122870502,0.617709308,0.6234087051,0.629004306,0.6346892117,0.6405838217,0.6462732593,0.6519918413,0.6578644472,0.6634303826,0.6689706583,0.6746254953,0.6798766986,0.6850535218,0.6903270041,0.6951080587,0.6997726508,0.7045432917,0.7087432391,0.7127912223,0.7169874958,0.7205461501,0.7239227968,0.7275277533,0.7304383884,0.7331398778,0.7361914021,0.7384988357,0.7405685029,0.7431545687,0.7449480086,0.7464668537,0.7487157166
4.8,1.478248399,1.485230343,1.488583495,1.490159006,1.49111222,1.487903511,1.484089991,1.478299282,1.469680335,1.460375415,1.448300546,1.434523623,1.419758775,1.401910447,1.383176807,1.362820614,1.340350918,1.31708135,1.291847302,1.265347833,1.238124786,1.208856043,1.179072233,1.148367984,1.116462748,1.08440959,1.051451745,1.018177979,0.9851059865,0.9514725317,0.9184709995,0.8859594949,0.8538923629,0.8233762126,0.7939357446,0.7662285135,0.7408656421,0.7176823523,0.6976198179,0.6807706342,0.6672705064,0.6581153637,0.6528328688,0.6517482535,0.6550109735,0.662376541,0.6737906474,0.6888411019,0.7071226105,0.728656807,0.7526749185,0.7788918742,0.8069996915,0.8366338134,0.8674823537,0.8992226877,0.9315776217,0.964408724,0.9974021216,1.030408701,1.06329427,1.095779908,1.127835528,1.159317446,1.19008159,1.219941399,1.248839264,1.276699488,1.303465152,1.328688518,1.352573218,1.374969831,1.395692743,1.414445589,1.431229141,1.445960168,1.458590036,1.468289602,1.475521207,1.480016201,1.481573331,1.486140684,1.451619748,1.390304808,1.314728809,1.236410591,1.163183867,1.10111839,1.051162562,1.009490977,0.9760542501,0.9442930099,0.9110151961,0.8718790382,0.8257996114,0.7777286024,0.7343740173,0.7080414556,0.6769050735,0.6435036073,0.6062859109,0.5932855556,0.5839804264,0.5784074244,0.5722369974,0.5675002985,0.5643294427,0.5610139325,0.5586557067,0.5574076211,0.5562834426,0.555893909,0.5563927989,0.5571771669,0.5585521167,0.5606593356,0.5631335112,0.5660850369,0.5696332885,0.5735661274,0.5778769954,0.5826549585,0.5877847483,0.5932009179,0.5989565779,0.6049932842,0.6112305207,0.6176825044,0.6243181943,0.6310743591,0.637926667,0.6448491168,0.6518185895,0.6587764988,0.6656838627,0.6725725218,0.6793585595,0.6859739628,0.6925138068,0.6988830503,0.7049684184,0.7109311435,0.7166850126,0.7220532884,0.7272619944,0.732259747,0.7367846033,0.7411226802,0.7452895259,0.7489116009,0.7523278156,0.7556586982,0.7583873009,0.760896065,0.7634541995,0.7653636209,0.7670395585,0.7689490568,0.7701689161,0.7711351232,0.7725677095
4.9,1.418436502,1.432101964,1.441906447,1.449724657,1.456761056,1.459289341,1.461035543,1.460567067,1.456965209,1.452478126,1.444909149,1.435386764,1.424688148,1.410520726,1.395285268,1.378185213,1.358671284,1.33818314,1.315442639,1.291217128,1.266117092,1.238637244,1.210502328,1.18124487,1.150517621,1.119515314,1.087331753,1.054611198,1.021926862,0.9883046402,0.9551049,0.9220830584,0.88907769,0.8573287781,0.8261303953,0.7961632716,0.76807064,0.7414146377,0.7173279568,0.6957994822,0.6768792569,0.6618501191,0.6500890985,0.6421431265,0.6384164875,0.63861703,0.6431004822,0.6515157079,0.6635045854,0.6794894478,0.6985010971,0.7203960011,0.744969215,0.7717483457,0.8005366509,0.8309207803,0.8625402625,0.8954914524,0.9291855508,0.9635145573,0.9983783371,1.033403087,1.068590464,1.10370451,1.138506211,1.172986119,1.206821095,1.239947886,1.272324243,1.303334531,1.333230046,1.36174342,1.388559243,1.413481584,1.43626021,1.456802085,1.475060415,1.489848087,1.501729811,1.510210378,1.514245936,1.533555553,1.511217834,1.455650234,1.378120573,1.290426278,1.202242669,1.12258158,1.05560725,1.000137396,0.9578591428,0.9222740362,0.889475969,0.8537050119,0.8124914762,0.7693539681,0.7297908649,0.7062022958,0.6783731489,0.6485228624,0.6154665332,0.6039363501,0.5957425334,0.5909517062,0.5855869761,0.5815188156,0.5788781967,0.5761014256,0.5741940238,0.5732984264,0.5725576657,0.5724893447,0.5732263254,0.5743174416,0.5759542516,0.5782429339,0.5810088846,0.5842191936,0.5879384139,0.5921904948,0.5967948576,0.6017621034,0.6072591658,0.6130202348,0.6189929455,0.6254443891,0.6320747208,0.6387635993,0.6458438975,0.6530225684,0.6601109655,0.667479216,0.6748720915,0.6820375931,0.6893583564,0.696638872,0.7035746428,0.7105378405,0.7174064841,0.7238408479,0.7301795462,0.7363810389,0.7420943119,0.7475995789,0.7529369266,0.757774797,0.7623069544,0.7666517297,0.7705343466,0.7740299222,0.7773280432,0.7802540455,0.7827276278,0.7849998118,0.7870445556,0.7885847949,0.7899209574,0.7912282854,0.7919874946,0.7925345123,0.7933018979
5,1.329403344,1.350928705,1.368455557,1.383729731,1.397892388,1.407271488,1.415497951,1.42118576,1.4234211,1.424326507,1.421820567,1.417004076,1.410660434,1.40045499,1.388850564,1.375071125,1.358567108,1.340779083,1.320470592,1.29843703,1.275337101,1.249603563,1.223074124,1.195282015,1.165861171,1.136104853,1.105046802,1.073374458,1.041718463,1.008995426,0.9766781527,0.9444662577,0.9121159464,0.8810078432,0.8502331791,0.8204886449,0.7924474881,0.7654265299,0.740684311,0.7180706959,0.6974774124,0.6803940037,0.6659172275,0.6546965039,0.6472945579,0.6431940638,0.6431530805,0.6468216715,0.6538400216,0.6651236894,0.679478752,0.6970039098,0.717717245,0.7409293632,0.7667847596,0.7947694592,0.824413901,0.8561944966,0.8891493703,0.9232817576,0.9585921168,0.9944433647,1.031041651,1.06799973,1.104925067,1.142105064,1.17883222,1.215112029,1.25097156,1.285488727,1.3191146,1.351420831,1.381930282,1.410677877,1.437074989,1.461093049,1.482744206,1.500473877,1.515071236,1.525850054,1.531274819,1.557404583,1.537531393,1.478109537,1.390710322,1.288908785,1.185420703,1.092635992,1.017584842,0.9605813909,0.9231047142,0.8969333546,0.8758811773,0.8518738753,0.8210066454,0.7855008898,0.7502846853,0.7287934191,0.703162544,0.6751153531,0.6435938323,0.632739434,0.6250393159,0.6205560118,0.6152533078,0.6112010911,0.6085281788,0.605480212,0.6032863606,0.6020917095,0.600849663,0.6002808623,0.6005235273,0.6009724592,0.6019792526,0.6036542172,0.6057219916,0.6082548952,0.6113153907,0.6148890834,0.618841715,0.6231702427,0.6280687708,0.6332610081,0.6386643932,0.6446373238,0.6508193438,0.6570391561,0.6637805759,0.6706492948,0.6773818181,0.6845523415,0.6917743408,0.6986950876,0.7059468597,0.7131832519,0.7199723408,0.7269735663,0.7339038402,0.7402696191,0.7467265443,0.7530696836,0.7587691717,0.7644444419,0.7699762251,0.7748314456,0.7795581102,0.7841239933,0.7880334229,0.7917240549,0.7952470645,0.7981915058,0.8008417585,0.8033246261,0.8053668136,0.8070527132,0.8085736134,0.809850822,0.8107191968,0.8114204712,0.8121298191
5.1,1.222847919,1.253393086,1.279952892,1.303980811,1.326417271,1.343914249,1.359696849,1.372537134,1.381611206,1.388634776,1.391905424,1.392386737,1.390786647,1.384919347,1.377121806,1.366731527,1.353271778,1.337995663,1.319915612,1.299790502,1.278281776,1.253915653,1.228517391,1.201699642,1.173141291,1.144126217,1.113776107,1.082786465,1.051826704,1.019845919,0.9883368962,0.9570138552,0.9256069627,0.8956069418,0.865993647,0.8374737441,0.810761914,0.7850373875,0.761628351,0.7402865758,0.7207545516,0.7047100921,0.690936115,0.6801163516,0.67290763,0.6684333039,0.6677709393,0.6704538157,0.6759761901,0.6857027953,0.6980870506,0.7134578913,0.7321004248,0.7528763577,0.7764998979,0.8023111828,0.8296630195,0.8595746434,0.890595876,0.9229495652,0.956863498,0.991151886,1.026566672,1.062500151,1.098326781,1.134866612,1.170856672,1.206502694,1.242036221,1.275974447,1.309295638,1.341339755,1.371408022,1.400043071,1.426127789,1.449841123,1.47136163,1.488686897,1.503056752,1.513593786,1.518743008,1.54465959,1.520583052,1.453326037,1.355936073,1.244456461,1.134760822,1.041878123,0.9740310896,0.9304594587,0.9097662904,0.9004644527,0.8938206148,0.8802331143,0.8557421906,0.8228354257,0.7874090946,0.7648717003,0.7378103026,0.7077977908,0.6735911921,0.661750586,0.6533240234,0.6483815057,0.6421514774,0.6373335873,0.6340845277,0.6300317549,0.6269715956,0.6250970664,0.6227931821,0.6212872485,0.6207836217,0.6201623784,0.6202131377,0.6211264293,0.6221763515,0.6237966126,0.6261377189,0.6288089757,0.6319560043,0.6356637361,0.6398316943,0.644381414,0.6493094827,0.6547655971,0.6605091209,0.6664302175,0.6728908533,0.6795464555,0.6861690048,0.6932959666,0.7005310659,0.7075238643,0.7149511866,0.7224092933,0.7294295967,0.7367920217,0.7441205784,0.7508420496,0.7578020527,0.7646784648,0.7708165716,0.7770879585,0.7832418923,0.7885751235,0.7939419682,0.7991729112,0.8035586317,0.807888618,0.8120777657,0.8154617165,0.8187130641,0.8218285671,0.8242470304,0.8264680946,0.8285629008,0.8301365901,0.831457385,0.8326589749,0.8335782316
5.2,1.09965679,1.139322846,1.175300102,1.208622629,1.239898883,1.26634193,1.290479173,1.31132278,1.328214297,1.342220151,1.352228257,1.358962493,1.36296484,1.362391792,1.35924586,1.353055755,1.343488113,1.331399631,1.316248856,1.298677555,1.279273417,1.25682015,1.232959337,1.207453818,1.180097791,1.151968785,1.122474318,1.092247106,1.061926788,1.03067597,0.9998456415,0.9692538491,0.9386958207,0.9096105044,0.8810841329,0.8537911099,0.8284588088,0.8043464874,0.782722916,0.7633559142,0.7459288696,0.7322174305,0.7208332689,0.712442971,0.7077639483,0.705587511,0.7071912384,0.7119488994,0.71910045,0.730364429,0.7437233352,0.7596500314,0.7786834647,0.7989489176,0.8218879638,0.846599624,0.872111764,0.9001813006,0.9286553802,0.9580957701,0.9891460772,1.01963021,1.051359133,1.083391329,1.114708577,1.147147289,1.17850837,1.20943897,1.240649592,1.269579815,1.298365546,1.325943524,1.351215821,1.375847779,1.397678183,1.417368931,1.43548488,1.449196853,1.460689772,1.468733796,1.472067773,1.495784063,1.46774426,1.396745338,1.297578551,1.188295319,1.086695306,1.008214667,0.9593174193,0.9354732289,0.9316078757,0.9340931421,0.9337496942,0.9214294056,0.8945647504,0.8572121956,0.8170365523,0.7914540138,0.7611184513,0.7279514089,0.6906238964,0.677415289,0.6680918294,0.6627631814,0.6556934275,0.6503121069,0.6468325218,0.6421094511,0.6386047536,0.6365952302,0.6337359269,0.6318680444,0.6313062239,0.6302383014,0.6300095391,0.6309426246,0.6316701738,0.633112285,0.6355653203,0.6380654096,0.641164645,0.6450962754,0.6492725739,0.6539339688,0.6592144457,0.6648776815,0.6709114535,0.6773180215,0.6841863209,0.6913121059,0.6985400379,0.7062552036,0.7141207005,0.7218066335,0.7299616262,0.7381709863,0.7459240671,0.7540963787,0.7622432316,0.7696791716,0.7774651878,0.7851658946,0.7919398738,0.7989866453,0.8059103456,0.811745683,0.8177774034,0.8236705478,0.8283809174,0.8332183766,0.8379221129,0.8414254938,0.8449970831,0.8484559919,0.8507790544,0.85312215,0.8553833794,0.8566550681,0.857906899,0.8591089602,0.8595427919
5.3,0.9593975681,1.006696699,1.050587687,1.092150608,1.131958121,1.166834647,1.199468394,1.228682323,1.253673991,1.275640757,1.293231433,1.307241588,1.318266233,1.324165105,1.327211834,1.326832331,1.322631557,1.31556691,1.304995737,1.291650989,1.276159327,1.257133318,1.236409715,1.213700868,1.188818741,1.162814261,1.135151077,1.106497291,1.077451858,1.047277967,1.017280463,0.9873374542,0.957391475,0.9286847773,0.9006080748,0.8738089133,0.8489258389,0.8256557779,0.8049726727,0.786838323,0.7711510651,0.7593653395,0.7504562501,0.7449273599,0.74333523,0.7446980386,0.7499065423,0.7583471899,0.7691728793,0.7838154933,0.800256972,0.8188135829,0.8400097511,0.8615977668,0.8852477407,0.9099497037,0.9344918329,0.960961261,0.98684034,1.012888913,1.040110627,1.065472099,1.091763697,1.117807398,1.14221587,1.167880179,1.191714001,1.214863457,1.238651209,1.259315369,1.28040323,1.300424172,1.317802796,1.335706574,1.350633081,1.363890354,1.376587269,1.384805904,1.391989612,1.396408677,1.397151563,1.422579408,1.397513231,1.332765808,1.243757463,1.148790866,1.065046331,1.005822938,0.9742947172,0.9628281532,0.9653088936,0.9686057989,0.9649837833,0.9466506141,0.9126366126,0.8686838965,0.8238249913,0.7967128283,0.7654006492,0.7323687092,0.6968190444,0.6840476419,0.6753583764,0.6709008612,0.6645080909,0.6599755711,0.6575624574,0.6536161347,0.6510353576,0.6501651159,0.6480997815,0.647148416,0.6477167186,0.6474085292,0.6480400477,0.6500439026,0.6514764282,0.6537061646,0.6571502944,0.6603076817,0.6641325593,0.6689781039,0.6737882424,0.6791390791,0.6852689242,0.6915686664,0.6982810711,0.7054807818,0.7130013921,0.7208061145,0.7287637358,0.7371376008,0.7456712834,0.7539960085,0.7627822484,0.7716154958,0.7798712474,0.7885942786,0.7972706638,0.805017739,0.8132112847,0.8212902619,0.828128269,0.8353781547,0.8424755159,0.8480819386,0.8540626636,0.8598842365,0.8640446004,0.8685464201,0.8729121513,0.8755390462,0.8784835075,0.8813398425,0.8824790797,0.8839216439,0.885341243,0.8851638871,0.88528286,0.8854511069,0.8842309093
5.4,0.8094287112,0.8608369979,0.9089371189,0.9559084159,1.00313096,1.044514893,1.085239615,1.122854735,1.155513408,1.186766345,1.212719964,1.235112689,1.25532157,1.268946789,1.280420894,1.288223726,1.291188474,1.292090455,1.288380938,1.281570274,1.272875176,1.259117834,1.243852299,1.226052733,1.20499834,1.182952835,1.15810906,1.131701909,1.10468296,1.075203634,1.045700709,1.015630988,0.984771968,0.9549997758,0.9252412524,0.89655071,0.8697356138,0.8444151329,0.8219674686,0.8023907343,0.7858832771,0.7738455771,0.7655762016,0.7615851442,0.7621314703,0.7668333186,0.7757924423,0.7884590589,0.8042173836,0.8233020206,0.8444599464,0.8674675491,0.89218862,0.917271669,0.9432072868,0.9693258099,0.9948797232,1.02049302,1.045024369,1.068745197,1.09211576,1.113365899,1.134136489,1.153841509,1.171748656,1.189386893,1.205248167,1.22005701,1.234699432,1.246903468,1.259020961,1.270220582,1.279556645,1.28911301,1.296696149,1.303188504,1.309364168,1.31256432,1.315138047,1.315866947,1.314519325,1.347238025,1.333254025,1.283163528,1.210713321,1.132827286,1.064155904,1.016142081,0.9906605805,0.9800379493,0.9795695111,0.9775770074,0.9678309948,0.9435630476,0.9047899342,0.8583253297,0.8134619794,0.7889923158,0.7616608915,0.7342122075,0.7069977355,0.6974179339,0.6915291994,0.6894783694,0.6855933576,0.683465209,0.6833508718,0.6815748023,0.6810978913,0.6822736355,0.6819890617,0.6827604504,0.6850148212,0.6860482823,0.6879698783,0.6912457629,0.6935754245,0.6966616925,0.7009639121,0.7046163065,0.7089109052,0.7142446846,0.7192252241,0.7247374668,0.7310547877,0.7372915316,0.7439449767,0.7511032023,0.758409355,0.766010306,0.7737527593,0.781816004,0.790049262,0.7980130029,0.8064137207,0.8148657609,0.8226142078,0.830866936,0.8390694759,0.846141238,0.8537488201,0.8612323258,0.8671955922,0.8737050589,0.8800517342,0.8845548425,0.8896064536,0.8944953126,0.8973068222,0.9006707346,0.9039101165,0.9049444049,0.9065421604,0.9080870183,0.9074133823,0.9073229057,0.9072761897,0.9051104696,0.9035542067,0.9021522578,0.898830811
5.5,0.6640889206,0.7110541766,0.7572205084,0.8049566473,0.8557999946,0.9017329171,0.9490521719,0.9943732837,1.035004087,1.07602344,1.111663027,1.14417379,1.17543765,1.199424647,1.22196314,1.240819068,1.254150824,1.266046783,1.27243568,1.275334301,1.276407819,1.270878157,1.26369332,1.253184323,1.238061603,1.221581734,1.20079522,1.177396723,1.15273388,1.123612463,1.093783254,1.062250749,1.028441806,0.9951496617,0.9605642009,0.9262925169,0.893637112,0.8615133931,0.8325163101,0.8065679907,0.7839547099,0.7670852066,0.7549100275,0.7484541125,0.7482010678,0.753569716,0.7647701894,0.780910192,0.8011924754,0.8254669066,0.8522582932,0.8810521007,0.9112360348,0.9416746589,0.9722225638,1.002242694,1.03125805,1.058858888,1.084811022,1.109050844,1.13151744,1.151547029,1.169712726,1.18592728,1.20016951,1.212422574,1.222910202,1.231859742,1.239499214,1.24549737,1.250518556,1.254576043,1.257655024,1.260035015,1.261584967,1.262473892,1.262845318,1.262064603,1.260617899,1.258143081,1.255175269,1.295594638,1.292933171,1.255578426,1.194376726,1.124689529,1.059943455,1.012182251,0.9845060249,0.9705835943,0.9669285044,0.9623836976,0.9511644699,0.926755444,0.8894587671,0.8464833193,0.8064691986,0.7877203197,0.7673666377,0.7478756363,0.7307580015,0.7253785114,0.7229632686,0.7236344335,0.722618504,0.7230837343,0.7252570912,0.7256512878,0.7271502342,0.730080283,0.7312795935,0.7333780802,0.7367828565,0.7386077325,0.7411938639,0.7449981871,0.7474594237,0.7505811645,0.7548260919,0.7580294755,0.7618119613,0.7665855713,0.7706545868,0.7752255424,0.7805941813,0.7855967051,0.7910163252,0.7969628863,0.8028517384,0.8090591126,0.8154424324,0.8220237999,0.8288131931,0.8353594908,0.842297172,0.849329601,0.8556576058,0.8625107213,0.8693559996,0.8750277596,0.8813104136,0.8875073578,0.8920911827,0.8973394006,0.9024598885,0.9055920984,0.9094251793,0.9131307097,0.914566128,0.9167338386,0.918817462,0.9184627834,0.9188742294,0.9192842012,0.9172118212,0.9159446948,0.9147894006,0.9112310043,0.9085213834,0.9060561085,0.9013765072
5.6,0.550687743,0.5784228973,0.6109336917,0.6501776154,0.6971994566,0.7428581149,0.7930928617,0.8437308214,0.8913314448,0.9416127895,0.9874955052,1.031271996,1.074978265,1.111631055,1.147592958,1.180139466,1.206891018,1.232659213,1.252304786,1.268058287,1.281821523,1.287604635,1.291259073,1.290633554,1.283968812,1.275082277,1.260258702,1.2414729,1.220351509,1.192539812,1.162860276,1.129960672,1.092936392,1.055200689,1.014402516,0.9725547562,0.9313974165,0.8890460616,0.849334524,0.8121443368,0.7778230014,0.7501449584,0.7277754762,0.7126426442,0.7059838313,0.7069460462,0.7164506377,0.7331744177,0.7558815189,0.7846236663,0.816919585,0.8520758636,0.8891812012,0.926649364,0.9642231034,1.000994313,1.036417303,1.069801697,1.10099083,1.129842208,1.156060876,1.179265519,1.199681696,1.21735265,1.232576217,1.244528204,1.254285555,1.261842958,1.267033816,1.270532681,1.272121617,1.272284891,1.271608028,1.269209864,1.266346123,1.26278861,1.258294082,1.253628715,1.248138709,1.242121361,1.237021562,1.276309793,1.274589915,1.238598042,1.17714048,1.105378488,1.037605064,0.9878259305,0.960378469,0.9488679353,0.9490363132,0.9487603554,0.9417708997,0.9214561163,0.8882677881,0.849844112,0.814416456,0.8002341603,0.7849329977,0.7706228623,0.7596270586,0.7571394983,0.7570928932,0.7595926345,0.7604620652,0.7626070949,0.7662324979,0.7679327947,0.7705934981,0.7745212276,0.7764486095,0.7791599291,0.7830507722,0.7850137716,0.7876445016,0.7914022582,0.7934276173,0.7960412897,0.7997270451,0.8019749119,0.8047533715,0.8085169015,0.8112046288,0.8143722356,0.8183783574,0.8217001017,0.8254444677,0.8297993156,0.8338514556,0.8382532078,0.8429456867,0.8476749222,0.8526634456,0.8575373482,0.8627254035,0.8680722186,0.8728364671,0.8781249948,0.8834751749,0.8877481171,0.8926952254,0.8976263526,0.90100066,0.9051529966,0.9092452436,0.9113572074,0.9143210156,0.9172232122,0.9178127068,0.9193114847,0.9207926727,0.9197451183,0.9196573251,0.9196382823,0.917005039,0.915379735,0.9139434906,0.9099398257,0.9069907223,0.9043731538,0.8993547348
5.7,0.5312820952,0.5233150896,0.5240391003,0.5371235934,0.5645036948,0.5970429987,0.639878153,0.6878570901,0.7364983224,0.7916757351,0.8447893751,0.8978148903,0.9526769487,1.00158076,1.0509867,1.0976686,1.138672333,1.179414027,1.213679682,1.243820694,1.27192194,1.290877141,1.307300023,1.318581705,1.322509626,1.323413106,1.316849664,1.305043825,1.289864481,1.265862995,1.238826091,1.207053262,1.169316122,1.129442901,1.084609956,1.037083869,0.9888606735,0.9371622015,0.8867851101,0.8374242553,0.7893033775,0.7473105979,0.7099347827,0.6801771855,0.6605295195,0.650284034,0.6518975724,0.6639900286,0.6849874142,0.7156478955,0.7519339374,0.7929730314,0.8375514238,0.8832054641,0.9297451603,0.9757535005,1.020397564,1.063062805,1.103174171,1.140607042,1.174925964,1.205579647,1.232759432,1.256414357,1.276936109,1.292975035,1.306022144,1.315938858,1.322262309,1.326119308,1.326845916,1.325185863,1.322142076,1.31594538,1.308943822,1.300694759,1.290710571,1.280865893,1.26984296,1.258591843,1.249982945,1.275875847,1.262266393,1.21693303,1.148265876,1.07229418,1.004423066,0.9594821069,0.9406437102,0.9388432227,0.9475610442,0.9534656498,0.9500955629,0.9313943291,0.8984508578,0.8601241336,0.8252291713,0.8126165464,0.7990538366,0.7867123226,0.7786136161,0.777893402,0.7793370912,0.783040291,0.7853201538,0.7887344513,0.79347,0.7963181118,0.800010035,0.8048315245,0.8075655189,0.8109792507,0.8154511453,0.8178080482,0.8207397487,0.8247000075,0.8266643114,0.8291378256,0.8326186351,0.8343482819,0.8365477249,0.83971249,0.8414685475,0.8436670216,0.8467378666,0.8488030261,0.8512805105,0.8544581455,0.8570517281,0.8600125733,0.863402791,0.8666096535,0.8701180911,0.8736833048,0.8774152506,0.8813660963,0.8849155302,0.8889160701,0.8930480575,0.896268668,0.9001584792,0.9041046265,0.9066223163,0.9099708797,0.9133298682,0.914783483,0.9171877037,0.9195979604,0.9197086577,0.9208617396,0.9220635895,0.9206870623,0.9204273389,0.9203045417,0.9174601354,0.915795644,0.9143937238,0.9102686913,0.9073775384,0.9048998959,0.8998297739
5.8,0.6381515386,0.6023210722,0.5701117497,0.5474834412,0.5392801442,0.5395138073,0.555499651,0.5829385145,0.6171629844,0.664391757,0.7141909019,0.7678710799,0.8268814214,0.8823962657,0.9406531774,0.9977207871,1.049919287,1.103333985,1.150435373,1.193678035,1.235321047,1.267157744,1.296515,1.320289287,1.33580553,1.348006565,1.351608748,1.349096035,1.342542035,1.32550159,1.304579891,1.277722633,1.243421974,1.205722202,1.161427735,1.112925486,1.062258448,1.0058757,0.949089516,0.8913023846,0.832453152,0.7776809987,0.725337469,0.6789894996,0.6422139719,0.6147909003,0.6014752393,0.6018484158,0.614721781,0.6424548437,0.679201422,0.7239230784,0.7750535855,0.828638911,0.8847346194,0.9410767567,0.9962557845,1.050080367,1.101012954,1.149053901,1.193729528,1.23383412,1.269900762,1.301573675,1.329139304,1.351070593,1.368858575,1.382381941,1.391033363,1.395901279,1.396343629,1.393180147,1.387662271,1.377502836,1.365775899,1.352012156,1.33562261,1.319271768,1.301402136,1.283544243,1.270339022,1.276897114,1.24568544,1.188245893,1.113589815,1.038283365,0.9771927313,0.9433723583,0.9365380859,0.9442019084,0.9584138027,0.9658907844,0.9608604872,0.9386162166,0.9012005002,0.859288517,0.8227791834,0.8110495489,0.7989059802,0.7889150447,0.7850390827,0.7866691464,0.7900624185,0.7953003789,0.7997427038,0.8050568833,0.811388795,0.8162508258,0.821719302,0.8280168575,0.8324747394,0.8373929408,0.8430724053,0.846732905,0.8507701085,0.8555574195,0.8583107196,0.8614023915,0.8652615333,0.8672198359,0.869510889,0.8725877777,0.8740226215,0.8758025639,0.8783551944,0.8796169587,0.8812372283,0.8835506048,0.8849751173,0.8867563896,0.8890547505,0.8908735352,0.8930212815,0.8953976161,0.8976735328,0.9002232535,0.9026054296,0.9052119024,0.9080191157,0.9101821672,0.912831155,0.9156075139,0.9172268837,0.9195352974,0.9219176088,0.9226461303,0.9242203274,0.9258518344,0.9253992094,0.9259159897,0.9265203884,0.9247177416,0.9239863187,0.9234211591,0.9202607205,0.9182580412,0.9165422784,0.9121888424,0.9090670458,0.9063829726,0.9011579809
5.9,0.8070133376,0.7646407605,0.7195925665,0.6780668599,0.6449887093,0.6146655192,0.5973424669,0.591149979,0.5940890321,0.6150463848,0.6439860263,0.6825400649,0.7319453061,0.7823539003,0.8395876426,0.898695031,0.9550537413,1.015412359,1.070593524,1.12310056,1.175266653,1.217864106,1.258755089,1.294285347,1.321357872,1.345477251,1.36050289,1.369111293,1.373404105,1.366300784,1.354770735,1.336481024,1.309832275,1.278550882,1.239519532,1.195008323,1.146765681,1.091128035,1.033131111,0.972099272,0.9079377716,0.8447576745,0.781441247,0.7211948252,0.6676134107,0.6211272266,0.5878629747,0.5693584089,0.5661198941,0.5831689435,0.6139542386,0.6574261549,0.7116441631,0.770538853,0.8344407475,0.8998522316,0.9644429653,1.028768819,1.089800164,1.147792648,1.202376925,1.251244455,1.295702417,1.334920456,1.368921718,1.396454729,1.418595308,1.435429926,1.44639803,1.452144428,1.452481342,1.448133481,1.440420199,1.426983232,1.411143094,1.392561207,1.370676722,1.348500002,1.324594376,1.300848261,1.283441637,1.273559058,1.22776549,1.162046971,1.086042117,1.015692437,0.9637013272,0.9400752499,0.9413891333,0.9533047224,0.9679370059,0.9728399473,0.9630891854,0.9353974001,0.8926650815,0.8473645003,0.81028902,0.8008676597,0.7918382681,0.7861261173,0.7888018061,0.7936640587,0.7997021517,0.8069719141,0.8142712517,0.8220724135,0.8304594134,0.8379522177,0.8457210392,0.8538913566,0.8606032447,0.8674712758,0.8746708361,0.8800612209,0.8855532196,0.8913785707,0.8952268275,0.8991738747,0.9035082209,0.9058660242,0.9083598045,0.911323946,0.9124611292,0.9137963521,0.9156827091,0.9160102091,0.9166038716,0.9177890261,0.9177611882,0.9180535935,0.9188991022,0.9189094623,0.9192633499,0.9200244944,0.9203174812,0.9209385414,0.9217041486,0.9223262608,0.923226464,0.9239069058,0.9247109848,0.9257243066,0.926089833,0.9267889854,0.9276318297,0.927387002,0.9276393675,0.9279948622,0.9268653447,0.926364315,0.9259663386,0.9237751035,0.9223234866,0.9210215583,0.9177394334,0.915295333,0.9130912849,0.9088558845,0.9055471385,0.9026026544,0.8977064377
6,0.9710282895,0.9335350929,0.8889702925,0.8440603595,0.8033284037,0.7590875931,0.7227235478,0.6921250875,0.6666933569,0.6569119362,0.6555683248,0.6665273052,0.692362589,0.724534904,0.7685604599,0.8190336992,0.8707479727,0.9303881039,0.9875583293,1.044430314,1.102954384,1.153606151,1.203868231,1.249697383,1.287877328,1.323651654,1.350703469,1.371530525,1.387752975,1.392742851,1.392627697,1.385159607,1.36914346,1.346696226,1.316003828,1.278702441,1.235640649,1.184507564,1.128602051,1.067781372,1.002613501,0.9344784517,0.8644427941,0.794493438,0.7270261772,0.6641665247,0.6105217699,0.5696261755,0.5444920397,0.5421410298,0.5588736755,0.594062752,0.645468904,0.70538653,0.773449803,0.8448603909,0.9162816092,0.9886076693,1.057537163,1.123447419,1.185968219,1.242012308,1.293387431,1.338927377,1.37853351,1.411024909,1.437325963,1.457627261,1.471326945,1.478936896,1.480402663,1.476454205,1.468513468,1.453964618,1.436468257,1.415673325,1.390975901,1.365687467,1.338334659,1.31107672,1.291100021,1.270853344,1.216451851,1.146830003,1.071768592,1.006133908,0.9606947315,0.9433813363,0.9491579098,0.9629452389,0.9770969763,0.9796824005,0.9662447741,0.9344990544,0.8880290065,0.8407384625,0.8039875452,0.7971632051,0.7911525411,0.7890675947,0.7968714359,0.8043143293,0.8125334029,0.8215484033,0.8311270494,0.8409691879,0.8511084638,0.8606797991,0.8703105677,0.8800516958,0.8885060793,0.896909046,0.905340241,0.9120035264,0.918570423,0.9251638618,0.9297092844,0.9341696251,0.9387243499,0.9411368295,0.9435223864,0.9461233518,0.9466548768,0.9472508216,0.9482099886,0.947309838,0.9465801136,0.9463522857,0.9445718171,0.9430606628,0.9421402648,0.9400228719,0.9382454944,0.9370613841,0.9350378208,0.9333821748,0.9322141084,0.930528454,0.9291926451,0.9281317086,0.9268181043,0.9258003184,0.9247637264,0.9236788056,0.92281988,0.921612244,0.9205098072,0.9195711911,0.9179697057,0.9165917789,0.915342695,0.9131794704,0.9113376111,0.9096277399,0.9068489647,0.9044785166,0.9022824792,0.8989749377,0.8961564931,0.8935875831,0.8899727942
6.1,1.10470127,1.07693843,1.038859302,0.9981410256,0.9592550726,0.9122422311,0.8696470835,0.8281159152,0.7871563055,0.7564319953,0.7304482939,0.714450124,0.7120082656,0.7186178918,0.7397630267,0.7715404833,0.8098555454,0.8600338863,0.912343785,0.9679481863,1.027613006,1.083108823,1.139734693,1.193537975,1.241741789,1.287722447,1.326386913,1.359377841,1.387111872,1.40502087,1.416691021,1.420557064,1.416448669,1.403297028,1.382135532,1.353334345,1.316257816,1.271510747,1.219161574,1.160270703,1.096688198,1.025719155,0.9521072545,0.876065382,0.7981180973,0.7233311294,0.6524220807,0.590388762,0.5424014128,0.5145831715,0.5099536835,0.5293101613,0.5707357933,0.6271516414,0.695285468,0.7694094374,0.8454999304,0.9232083974,0.9983275854,1.070753628,1.139560112,1.202373157,1.26004628,1.311668992,1.357565681,1.395318916,1.427001938,1.452326881,1.470158594,1.482094333,1.486914368,1.485828691,1.480673629,1.467552173,1.451369272,1.431280078,1.406359132,1.380760366,1.352278376,1.323556176,1.302487458,1.274755193,1.214574292,1.142189445,1.067478742,1.004838893,0.9641899281,0.9523595419,0.9630567766,0.9801637367,0.9957608873,0.9979694132,0.9825612036,0.9478856143,0.8981001614,0.848251766,0.8102899154,0.8040488518,0.7984384242,0.7967812043,0.8055675779,0.8139127504,0.8230495682,0.8329532985,0.8436005323,0.8545059168,0.8656767997,0.8763393257,0.8870350947,0.8977833504,0.907209976,0.916538413,0.925810331,0.9331980273,0.9404235885,0.9475691313,0.9524804584,0.957225678,0.9619475288,0.96428328,0.9665020218,0.9688239974,0.9687883671,0.9687268113,0.968944896,0.9669855755,0.9651169471,0.9637233376,0.9604439447,0.9573763043,0.9549594802,0.9510115111,0.947377981,0.9445121871,0.9404827677,0.9368327138,0.933978128,0.9302973281,0.9270126323,0.9244501375,0.9213408435,0.918598476,0.9164159208,0.9138986548,0.9116877148,0.9098179847,0.9077651481,0.9059479528,0.904241556,0.9024591334,0.9008523846,0.8991579578,0.8974671362,0.8959170163,0.8941456931,0.8924431976,0.8908766823,0.8890372093,0.8873254367,0.8857727587,0.8839760763
6.2,1.20031175,1.184923305,1.156548258,1.124238008,1.092844095,1.049557805,1.008904518,0.9659812217,0.9200257595,0.8798069895,0.8400148139,0.8061424706,0.7810673931,0.7638946024,0.7595862299,0.7668882297,0.7849683115,0.816913247,0.8566395925,0.904006298,0.9578782911,1.013481953,1.071779067,1.129587392,1.185234817,1.238292932,1.286597742,1.330129305,1.367379123,1.397509437,1.419846048,1.434160429,1.441835702,1.437293112,1.425736702,1.405710303,1.37474667,1.337451861,1.289648572,1.234085445,1.174119717,1.102505713,1.028247388,0.9495607486,0.8651333559,0.7831481535,0.6999333007,0.6213847805,0.5535956545,0.4992761018,0.4683717406,0.4643887632,0.4880173272,0.5357223921,0.6000056346,0.6742334097,0.7536325949,0.8353906774,0.9162335805,0.995089803,1.070091376,1.140550392,1.205351894,1.264212128,1.31812047,1.362683088,1.401758116,1.434218775,1.45819777,1.47675399,1.487030875,1.490864127,1.490499748,1.48055685,1.467312254,1.449346938,1.425438929,1.40048893,1.37165274,1.342038865,1.320153147,1.284572037,1.218282517,1.14267292,1.068057773,1.008819547,0.9742350091,0.9696767189,0.987012531,1.008711193,1.026575182,1.028777476,1.011338745,0.9730580215,0.9186255229,0.864174219,0.8225479731,0.8146310077,0.8068812393,0.8029888515,0.8097152649,0.8176554925,0.8267278486,0.8368634488,0.8477673196,0.859090214,0.8708319599,0.8820366514,0.8933783407,0.9048741485,0.9149639469,0.9250155186,0.9350702428,0.9431007604,0.9509895017,0.9588202887,0.9642253512,0.9694492731,0.974641175,0.977211571,0.979620885,0.9821059263,0.9819645048,0.9817331031,0.9817527392,0.9793052073,0.976875959,0.9749154296,0.9707722687,0.9667734224,0.9634686162,0.9583426103,0.9534817258,0.9495085922,0.9441004737,0.9390507338,0.9350152627,0.9299082989,0.925209061,0.9215609317,0.9171476755,0.9131420696,0.9101326965,0.9065913687,0.9034154282,0.9011084358,0.8984315754,0.8960524907,0.8943769827,0.8924372206,0.8907222152,0.8895458131,0.8881730944,0.8869632125,0.8861595046,0.8852064389,0.8843746761,0.8838684959,0.8832514075,0.8827368055,0.8825230526
6.3,1.253699288,1.252296302,1.235510674,1.214239344,1.194322441,1.158860044,1.125728662,1.088017422,1.044157017,1.003550745,0.9593251158,0.9173770891,0.8795799202,0.8460178545,0.8213062394,0.8055806582,0.8014067956,0.8099148697,0.8303082637,0.8620849164,0.9022934885,0.9514567316,1.005030972,1.061147465,1.119924448,1.175413775,1.229922712,1.281062953,1.324663645,1.365303071,1.396333341,1.419507714,1.438347819,1.441375361,1.439355211,1.428410139,1.403828778,1.375428595,1.333612382,1.283321975,1.229647327,1.160215044,1.088887535,1.011607318,0.9253243519,0.8414488967,0.7518832882,0.6633483919,0.5819107985,0.5053610637,0.4477447435,0.4141358763,0.4105370848,0.441345873,0.4964253278,0.5679260894,0.6491164722,0.7347369935,0.8214912522,0.9073217718,0.9897563187,1.068775521,1.142159791,1.209844371,1.272818738,1.326062999,1.373733287,1.414370988,1.446065666,1.471534222,1.488061188,1.497386983,1.501445916,1.495194375,1.484489824,1.468151614,1.445286575,1.42000019,1.390445241,1.359535257,1.336148791,1.293217977,1.221445992,1.144130807,1.071909253,1.018562971,0.9919891435,0.9954419043,1.019052761,1.044430812,1.063645153,1.065027209,1.044771933,1.001977908,0.9418240123,0.8815494823,0.8350849903,0.8246484074,0.8138430091,0.8068002864,0.8104049503,0.8172997882,0.8258415093,0.8359239124,0.8467563635,0.8582609716,0.870442876,0.882048997,0.8939668593,0.9062280448,0.9170054859,0.9278597153,0.938850059,0.9476924568,0.9564534131,0.9652354532,0.9714233914,0.9774406187,0.9834547051,0.9866417348,0.9896354271,0.9926919174,0.9928908754,0.9929351077,0.9931896621,0.9907346175,0.9882135768,0.9861124659,0.9815901278,0.9771231798,0.9733175516,0.9674706532,0.9618105731,0.9570473348,0.9506598766,0.9445763699,0.9395809036,0.9333631666,0.9275309949,0.9229032834,0.9173991005,0.9123138938,0.9084608009,0.903997581,0.8999381624,0.8970560798,0.8937472507,0.890789587,0.8888958171,0.8866879868,0.8847588326,0.8837539663,0.8824970299,0.8814440098,0.8811804308,0.8806964335,0.8803519704,0.8806887969,0.8808237015,0.8810508423,0.8818871668
6.4,1.265572798,1.278235592,1.274094982,1.265480089,1.259191826,1.234545853,1.212480367,1.184283781,1.147383126,1.11237164,1.070330961,1.027630355,0.9856082273,0.9433926591,0.9059510152,0.8733443591,0.8497611778,0.8354358117,0.8334365448,0.8442877036,0.8645260554,0.8998340859,0.9417861834,0.9897943697,1.04593522,1.098916737,1.15538066,1.210585436,1.257477768,1.306402905,1.344334944,1.375088657,1.404494506,1.414872136,1.422814811,1.42187562,1.405004314,1.387489045,1.354050241,1.311877535,1.267709422,1.20421113,1.13985503,1.068393983,0.9852910819,0.9047236911,0.8148768366,0.7232418027,0.6356317983,0.5450587319,0.4668541267,0.4039202861,0.36492735,0.3663297712,0.4018943916,0.4648573022,0.5447603993,0.6335490504,0.7260144175,0.8189518086,0.9099549849,0.9975419701,1.080253744,1.157457614,1.228965094,1.291698786,1.347490693,1.395572413,1.435183354,1.465832941,1.487871097,1.501815359,1.508272041,1.505276079,1.495630038,1.479573163,1.457380174,1.43026332,1.399530869,1.366958641,1.341367607,1.294049725,1.220181859,1.145172648,1.078936671,1.033394092,1.014670622,1.024464124,1.052486227,1.080338744,1.100571662,1.101341225,1.078677325,1.031836224,0.9664325582,0.9007866273,0.8498296866,0.83703702,0.8231139173,0.8125487886,0.8121707662,0.8175237497,0.8251256165,0.8348397397,0.8452902651,0.8567043072,0.869098952,0.8809083693,0.8932330182,0.906124073,0.9174914892,0.9290717532,0.940944807,0.9505859178,0.9602185667,0.9699627102,0.9769844909,0.9838499581,0.9907377321,0.9946351155,0.9983026301,1.001999298,1.002655112,1.00307989,1.00363369,1.001292696,0.9987838073,0.9965828648,0.9917923933,0.9869461583,0.9826401465,0.9761587714,0.9697608775,0.9641536516,0.9568361554,0.9497428227,0.9436692307,0.9363435952,0.9293590704,0.9235659919,0.916923666,0.9106965288,0.90575154,0.9002730776,0.8952329615,0.8914794207,0.8874106156,0.8837567552,0.8813209031,0.8786988184,0.8764353079,0.8752739685,0.8739862042,0.8729845172,0.8729506079,0.8728042881,0.8728699115,0.8737741761,0.8745561212,0.8754841987,0.8771414035
6.5,1.240561283,1.265742602,1.27488109,1.280023014,1.2876458,1.276649433,1.267625225,1.25150358,1.225589615,1.19931377,1.164144694,1.125838871,1.084925454,1.040585468,0.9968075322,0.9537772581,0.9160351728,0.8827035581,0.8592785066,0.8471765316,0.8439310151,0.8586370396,0.8824270609,0.9159222944,0.9624475446,1.008419521,1.062188838,1.117665602,1.165966209,1.220561195,1.26454972,1.302709741,1.342038329,1.361446321,1.380463668,1.391138915,1.385204336,1.380495694,1.358903796,1.328584237,1.296664967,1.243897058,1.19013786,1.128278545,1.053419734,0.979540112,0.8943425671,0.8049848201,0.7165710193,0.620284236,0.5302582133,0.4466475131,0.3752683193,0.3378331344,0.3383204179,0.3804326414,0.4522841279,0.541016109,0.6376692855,0.7368337566,0.8361926746,0.93158004,1.023148648,1.109307286,1.188071273,1.25964106,1.322244912,1.376353976,1.42292641,1.45704388,1.483409507,1.500855015,1.50832013,1.507927973,1.498495898,1.482086274,1.460372045,1.43105577,1.399174649,1.365061039,1.337280675,1.287998792,1.215266806,1.145611043,1.086869582,1.04839644,1.035336055,1.049497276,1.081400719,1.112604731,1.135495027,1.137371104,1.113834264,1.064268004,0.994829412,0.9248566149,0.8700587407,0.8549150412,0.8374527093,0.8223643303,0.8161616804,0.8192910707,0.8253220384,0.8340972947,0.8436322996,0.8544223111,0.8664987441,0.8780592719,0.8903369238,0.9033986244,0.914991788,0.9269331376,0.9393138374,0.9494765654,0.9597028049,0.9701156008,0.9777720603,0.9852842685,0.9928228402,0.9972960586,1.001498731,1.005668735,1.006697535,1.007412922,1.008140151,1.00586701,1.003316129,1.000916327,0.9958376312,0.9905823617,0.9856907708,0.9785707814,0.97142006,0.9648863984,0.9566423249,0.9485317481,0.9412926823,0.9328651937,0.9247257486,0.917673276,0.9099020287,0.902539087,0.8964077589,0.8899341975,0.8839394278,0.8792338213,0.8744500369,0.8701624147,0.8671366138,0.8641862365,0.8617039738,0.8603888256,0.8592098123,0.8584394365,0.8586993123,0.8590882112,0.8598095216,0.8614073332,0.8630856418,0.8650157704,0.8676719071
6.6,1.180574893,1.215983374,1.238198012,1.257491184,1.278505599,1.283385424,1.288667177,1.286356606,1.27497788,1.259461307,1.235032717,1.205451806,1.169326847,1.128952445,1.08422572,1.036683946,0.9915820604,0.9441945742,0.903751208,0.8706312853,0.8431189203,0.8333953317,0.8331748571,0.845472529,0.8745793023,0.9078507284,0.9533200012,1.004483308,1.052210207,1.10958099,1.159113145,1.205118948,1.253917767,1.285157995,1.316964116,1.34139775,1.350719218,1.360763417,1.354941389,1.340456532,1.322933207,1.285667931,1.245260604,1.195626006,1.133072879,1.067250154,0.9897007739,0.9056362747,0.818591791,0.7218721675,0.6257975924,0.5302402057,0.4381170187,0.3664120101,0.3234900867,0.3275662358,0.3785030143,0.4596228303,0.5568526224,0.6602186058,0.7660930329,0.8684531891,0.9676931701,1.061662779,1.14715643,1.226281919,1.29511068,1.354830665,1.407431339,1.445360243,1.475876778,1.496850722,1.506311055,1.508508336,1.500196989,1.48437832,1.463417582,1.433191533,1.400655758,1.365437997,1.336186119,1.28291565,1.210209275,1.144462681,1.090874618,1.056675071,1.047339755,1.066037532,1.103859989,1.141170509,1.169089344,1.173686116,1.150362522,1.098819439,1.026030596,0.952282147,0.8938270535,0.8758412738,0.8539937902,0.8330446879,0.818903466,0.819147897,0.8229503087,0.8301526923,0.838184964,0.8477382816,0.8588609183,0.8696429574,0.8813265907,0.8939878088,0.9053721191,0.9172308058,0.9296520101,0.9400174702,0.9505145762,0.9612491461,0.9693407265,0.9772992457,0.9852623084,0.9902235249,0.9948742208,0.9994026435,1.000814732,1.001832459,1.002715298,1.000602076,0.9981027163,0.9955663704,0.9903557528,0.9848484721,0.9794953628,0.9719394607,0.9642379559,0.9569449755,0.9480063631,0.9391083792,0.9308969128,0.921614597,0.9125642983,0.9044587832,0.8958117223,0.8875642722,0.8804608223,0.8732500751,0.8665603946,0.8611274752,0.8558972952,0.85125191,0.8478793417,0.8448888165,0.8424892576,0.8412890588,0.8405321608,0.8403241003,0.8411724074,0.8424322658,0.8441642235,0.8467664702,0.849686377,0.8529818376,0.8569456691
6.7,1.088369309,1.130753322,1.163931629,1.196131078,1.22928643,1.250565971,1.270640791,1.283109143,1.288784563,1.285772111,1.275368425,1.258497198,1.230525082,1.20013357,1.159894253,1.11394478,1.06971973,1.014591835,0.9648716392,0.917489612,0.8691722827,0.8375016484,0.8109614205,0.7969765124,0.8020487332,0.81439737,0.844291183,0.8846872035,0.9271903724,0.9837014204,1.036845348,1.090106701,1.147778494,1.192575958,1.23854916,1.27842095,1.306284341,1.332618531,1.345398775,1.349552058,1.347588822,1.32891623,1.303244831,1.266938166,1.218930511,1.161148402,1.092503085,1.014998849,0.929639905,0.8352812877,0.7358988168,0.63330683,0.5300143081,0.4347128203,0.3562543711,0.3140220518,0.3265989237,0.3875233557,0.4787271039,0.5829356858,0.6927292777,0.8012602581,0.9071958703,1.008309681,1.101153501,1.187499021,1.263502012,1.330187381,1.389366748,1.433665693,1.469954432,1.496213363,1.5106971,1.5166429,1.511715383,1.498490058,1.478938216,1.449669792,1.416894222,1.380722946,1.350621832,1.285889654,1.206303775,1.138310774,1.085115184,1.052735586,1.047405664,1.073196735,1.119989775,1.165603182,1.199445134,1.206850476,1.183639977,1.130212527,1.054415265,0.977375759,0.9155518664,0.8944344599,0.8678670831,0.8405149923,0.8174456295,0.8145464973,0.8157691749,0.820982123,0.827122576,0.8349982872,0.8446776745,0.8542752584,0.8649353022,0.8767372611,0.887574108,0.8990071917,0.9111093651,0.9214567696,0.9320104925,0.9428418173,0.9512861464,0.9596200966,0.9679272462,0.9734322815,0.9785998553,0.983544889,0.9855216346,0.987035872,0.9882557706,0.9865899187,0.9844410621,0.9820521782,0.977079934,0.9717002731,0.9662480502,0.9586837102,0.9508650251,0.9432269703,0.9340513311,0.9248254144,0.9160799443,0.9064033012,0.8969000315,0.8881777326,0.8790942174,0.8703950099,0.8627321891,0.8551848039,0.8481917508,0.8424073712,0.8370835656,0.8324236196,0.8290381375,0.826311279,0.8242891578,0.8234957942,0.8234184551,0.8240212824,0.8257083359,0.8280520424,0.8309977482,0.8348107304,0.8391393298,0.8439555198,0.8493838939
6.8,0.9738497929,1.017033383,1.055857925,1.096761647,1.138719305,1.174277302,1.207892725,1.234673386,1.258107147,1.268879578,1.274900184,1.27409318,1.257992205,1.24312588,1.213364169,1.175935404,1.141296715,1.087076707,1.038340087,0.9875089981,0.9280663101,0.8842325282,0.8373993267,0.7993971966,0.7794237644,0.7640166907,0.7703193229,0.7908691778,0.8190696878,0.8677647893,0.9185577571,0.974844306,1.038195659,1.094746883,1.153659993,1.208073513,1.25458892,1.296634725,1.328102438,1.351069982,1.363986393,1.364372767,1.353143143,1.32985121,1.296840064,1.246761413,1.187525501,1.117395035,1.034445486,0.9445735546,0.8443760712,0.7385232787,0.6305766321,0.5208867769,0.4204220106,0.3403696108,0.3036239367,0.327777911,0.4013906975,0.5008365761,0.6116704086,0.7251971973,0.8374917908,0.9459148937,1.04764423,1.142228842,1.227623032,1.303996645,1.371460433,1.425879629,1.470412057,1.504243928,1.527296933,1.537932019,1.538391789,1.529247972,1.51074167,1.483506623,1.449781826,1.411715304,1.380790364,1.294508328,1.198318486,1.120533818,1.063731851,1.0330913,1.034185294,1.06989072,1.12697772,1.18063842,1.219467983,1.229134029,1.206186678,1.152004396,1.074776439,0.9962720085,0.9325911455,0.9090851954,0.8787534079,0.8458758223,0.8144807177,0.8086613506,0.8073207056,0.810372205,0.8144260618,0.8203438002,0.8282136288,0.8362734026,0.8455273989,0.8560541968,0.8659719469,0.8766170817,0.8880419955,0.8980751085,0.9084213589,0.9191142512,0.9277419931,0.9363249133,0.944893385,0.9509194859,0.9566267757,0.9620627581,0.9647273101,0.9669047352,0.9686827736,0.9677206067,0.9662171713,0.9643240472,0.9599592146,0.9551078789,0.9500058765,0.9428881787,0.9354303382,0.9279652747,0.9190608516,0.9100277558,0.9012968341,0.8917485551,0.8823158021,0.8735131581,0.8644881223,0.8558210603,0.848080474,0.8406229813,0.8337319403,0.8279865385,0.8228950199,0.8185186642,0.8153960114,0.8131400726,0.8116725751,0.8114395978,0.8121283705,0.8136000212,0.8161642939,0.8195691378,0.8236810735,0.828645276,0.8342705143,0.8404753217,0.8472323167
6.9,0.8607798374,0.8941087665,0.9296216145,0.9713228358,1.015200826,1.059902518,1.103046994,1.141484775,1.180847693,1.205490999,1.228739946,1.245792645,1.245335355,1.249722664,1.236209525,1.214325453,1.19612263,1.153079444,1.115372166,1.072315074,1.01581475,0.9718162712,0.9183509447,0.8684752947,0.8309257607,0.7923768849,0.7727842705,0.7664729519,0.770960718,0.7997268651,0.8370341175,0.8862477763,0.9462794633,1.007273976,1.072788417,1.136382021,1.19671889,1.250642357,1.297191347,1.335699944,1.361326091,1.37807872,1.379824809,1.368696874,1.34919906,1.307883047,1.258470455,1.196713364,1.119367687,1.035595339,0.9385414771,0.8342244816,0.7261596564,0.6112117991,0.500123903,0.3978504033,0.3202405122,0.2956193386,0.3347056598,0.4199479704,0.5277690914,0.6445807244,0.7631249604,0.8793327587,0.9915828331,1.095652502,1.192446567,1.280737832,1.357567852,1.424527573,1.478373289,1.520409554,1.553313019,1.56781731,1.573427833,1.56767514,1.548358836,1.522209563,1.485685171,1.443956534,1.411388825,1.297016398,1.177412598,1.085514424,1.024415059,0.9975920962,1.007329802,1.053298435,1.119228563,1.179342518,1.222833125,1.236130419,1.215848629,1.164215451,1.0888809,1.012081571,0.9490392369,0.9247212466,0.8923708503,0.8555178007,0.8169767193,0.8085465252,0.8047495243,0.8055373441,0.8072978775,0.8109604524,0.816625569,0.8226797651,0.830023472,0.8387301159,0.8471496392,0.8564349148,0.8666185733,0.8757674198,0.8853745229,0.895444096,0.9037770962,0.9121873352,0.9206713625,0.9268799754,0.9328530209,0.938602808,0.9417789968,0.9445090932,0.9468454506,0.9465795316,0.9457758696,0.9445502609,0.9409482909,0.9368347655,0.932408313,0.9260380678,0.9192845666,0.9124404824,0.9042226208,0.8958255452,0.8876346301,0.8786989534,0.8698309934,0.8614917409,0.8530189805,0.8448686589,0.8375436963,0.8306124564,0.8242329128,0.8189015803,0.8143581002,0.8105420275,0.8078856466,0.8062502695,0.8054445926,0.8057774027,0.8071984053,0.8094689359,0.8127232136,0.8169843003,0.8220357288,0.8278036868,0.8343850258,0.841634358,0.8492600931
7,0.7811443813,0.7919219402,0.8124887293,0.8437490077,0.8785697286,0.9243663123,0.9697743881,1.014412691,1.06575045,1.10197547,1.141449629,1.176393431,1.193679079,1.219440104,1.22629947,1.225338632,1.228289608,1.204844138,1.185799515,1.159048777,1.117462546,1.082753429,1.035644446,0.9876059491,0.9435372793,0.8954557933,0.8574191003,0.8269870275,0.8071262445,0.8057800351,0.8183814153,0.8473364446,0.8897505847,0.9434043099,1.004107009,1.067257542,1.132773524,1.191718333,1.247226571,1.295846341,1.331101294,1.360151281,1.373121212,1.373544257,1.365684983,1.335483644,1.296880508,1.245116553,1.178226428,1.102226365,1.013106145,0.9155836964,0.8107631407,0.6989065846,0.5851080233,0.4732213514,0.3741869797,0.3066070092,0.2986688032,0.3557830938,0.4533098256,0.5707595037,0.6945365085,0.8183178552,0.941376798,1.055052668,1.163345973,1.26333321,1.349021914,1.42743955,1.489265543,1.537911287,1.578275843,1.594879882,1.603199679,1.598382721,1.576743313,1.549166624,1.508509014,1.462108316,1.42663389,1.284817955,1.14075483,1.034891257,0.9712098997,0.9497841602,0.9678602325,1.022014568,1.095232435,1.162468518,1.213673725,1.234862452,1.221425414,1.175879209,1.10512978,1.031987963,0.9708966921,0.9467367814,0.9132321248,0.8729812241,0.8274456807,0.8162482752,0.8098394835,0.8081909273,0.8072828474,0.8082967094,0.8113405317,0.8148341301,0.819689561,0.8259756334,0.8322390405,0.8394921716,0.8477488852,0.8553482599,0.8635495573,0.8723259715,0.8797755859,0.8874347272,0.8952607967,0.9011992077,0.9070048104,0.9126462293,0.9160535276,0.9190827068,0.9217396821,0.9220797322,0.9219181369,0.92132143,0.9185846689,0.9153468829,0.9117529823,0.9064111272,0.9006774672,0.8947835269,0.8876788597,0.8803725364,0.8731773256,0.8653729457,0.8576039719,0.8502427328,0.8428601109,0.8357620363,0.8293421378,0.8234096437,0.8179916544,0.8134505353,0.809780391,0.8068100656,0.8048086853,0.8039109908,0.803834803,0.8046919251,0.8067286194,0.8096331464,0.8133031343,0.8180843904,0.8237021809,0.829800565,0.8368280696,0.844593104,0.8524719742
7.1,0.7571354124,0.7392368154,0.7353864747,0.7447019921,0.7578702671,0.7938328924,0.8313578511,0.8738959717,0.9310696771,0.9739748119,1.026655691,1.077649874,1.112128836,1.159738275,1.188496086,1.210904759,1.237521933,1.237892574,1.241628512,1.235802803,1.215229846,1.195343585,1.161839102,1.123809329,1.081560786,1.03446068,0.9877047303,0.9419555038,0.9049621539,0.8740435719,0.8587482607,0.8594845782,0.8720474417,0.9068427566,0.9501919378,1.001862929,1.063331657,1.119202551,1.177415586,1.230928233,1.27257906,1.31099287,1.334030265,1.346108348,1.349380124,1.332949204,1.30697355,1.267417405,1.215474335,1.149237804,1.072014306,0.9852634064,0.8859901813,0.78236409,0.6700791709,0.5552677146,0.4483315868,0.352842568,0.3027566877,0.3201998006,0.3966971378,0.5109305346,0.6373643006,0.7672598249,0.8997591658,1.021554579,1.139524338,1.248823159,1.341698683,1.428215839,1.495613895,1.548709647,1.592806207,1.610734277,1.619594262,1.613976691,1.590818865,1.56015357,1.516242901,1.466311257,1.427362682,1.26378829,1.097755239,0.9792834118,0.9134060751,0.8959117362,0.9198870767,0.9810824645,1.063814287,1.143141912,1.207771058,1.24110293,1.236673131,1.197138391,1.129692282,1.058396233,0.9977592209,0.9731185136,0.9376040804,0.8930613058,0.8395449274,0.8250493898,0.8156709228,0.8114073403,0.8074630602,0.8055257737,0.8057250418,0.8062840007,0.8083006361,0.8118572283,0.8155773802,0.8204133127,0.8263740361,0.8320694707,0.8385012985,0.8456119701,0.8519124709,0.8585389808,0.8653886197,0.8709221122,0.8764068669,0.8817203557,0.8853772905,0.8887070166,0.8915933536,0.8927152283,0.8933603924,0.8934437372,0.8918934488,0.8898497564,0.8872797709,0.8834052447,0.8791350331,0.8745023761,0.8690234303,0.8633287513,0.857520557,0.8513741751,0.8452367133,0.8392686656,0.8334471349,0.8278686196,0.8227272225,0.8181379661,0.8140072671,0.8105252351,0.8078882981,0.80588683,0.8046582855,0.8044408788,0.804982272,0.8063105608,0.8086886093,0.8118831404,0.8157538235,0.8205958607,0.8262395155,0.8323236504,0.8392068136,0.8468084489,0.8545104295
7.2,0.7857979621,0.7459541951,0.7178509001,0.7001223954,0.6842150435,0.6975885487,0.7154166163,0.7449516872,0.7974413481,0.8401694555,0.8999235424,0.9623502863,1.011696215,1.078540326,1.128401018,1.173968537,1.223824276,1.249234112,1.276611882,1.293129496,1.295444307,1.29277007,1.275863554,1.251320732,1.216158676,1.175121123,1.12673961,1.073874952,1.026712337,0.9742490671,0.9351184793,0.9077539026,0.8871715602,0.8951236812,0.9118206642,0.9425133069,0.9910255918,1.036680477,1.091956127,1.146107387,1.191807247,1.237949466,1.270959222,1.295594957,1.310885837,1.310821128,1.299703093,1.274802093,1.240683958,1.186381413,1.123284045,1.04904656,0.9571022347,0.8626780479,0.7534440159,0.6382242744,0.5276528911,0.41474717,0.3341561456,0.309782455,0.3544383347,0.4604153982,0.5858853153,0.7197461042,0.8595556324,0.9874673092,1.112897954,1.228853753,1.328006259,1.419543419,1.491480374,1.548774069,1.594328942,1.615926308,1.625701315,1.620285792,1.599957043,1.566899082,1.52345983,1.47355298,1.431721577,1.25218354,1.065078807,0.9316255614,0.8593860515,0.8414215661,0.8697022281,0.9410454261,1.039990302,1.138017387,1.219791953,1.26505088,1.266529654,1.228116911,1.158749201,1.084794476,1.021701108,0.9952712825,0.9564824194,0.9067838764,0.8448906771,0.826994067,0.814565931,0.807662106,0.8007098185,0.7958549776,0.7932684812,0.7909120499,0.7901316507,0.7910505205,0.7922255807,0.7946889147,0.798482776,0.8022918276,0.8070366218,0.8126753207,0.8179137311,0.8236652971,0.8298175583,0.8351327514,0.8405478643,0.8458996577,0.8500950666,0.8540659974,0.8576201826,0.8598953462,0.8617558987,0.8630037982,0.8630597589,0.8626530233,0.8616038172,0.8596213057,0.8572493465,0.8543486759,0.8508771021,0.8471737193,0.8431570513,0.8389600859,0.834732182,0.8304598641,0.8263611769,0.82244023,0.8187540208,0.8155159581,0.8126475675,0.8102704169,0.808517551,0.8072941544,0.8067697745,0.8069449558,0.8077646706,0.8094157082,0.8117453563,0.8147754674,0.8186636036,0.8231218328,0.828264475,0.834161032,0.8404495639,0.8473333464,0.8547301056
7.3,0.8456758342,0.7986847199,0.7575608021,0.7199269966,0.6804866034,0.6643180613,0.653860387,0.658863404,0.6900443744,0.7229094421,0.7780478867,0.8422834403,0.9019435068,0.9802700748,1.047763568,1.11359762,1.182646641,1.232538564,1.28175963,1.319859517,1.34497285,1.360067199,1.361069656,1.351623033,1.327752795,1.295620042,1.251362662,1.198782717,1.146778793,1.083785248,1.028291532,0.9785967648,0.9316972611,0.9094906763,0.8964351042,0.9003335972,0.9262547483,0.956717416,1.00266174,1.052904598,1.100979304,1.152627335,1.195769288,1.233494854,1.262016826,1.279667399,1.285017132,1.276764071,1.260361373,1.220422114,1.171550911,1.109254201,1.02699325,0.9391704125,0.8337386424,0.7193437713,0.6039918911,0.4807263581,0.3766941977,0.312747023,0.317694104,0.4066320218,0.5272695695,0.6630120846,0.8073281861,0.9406127562,1.071930798,1.193138919,1.299855507,1.395358746,1.473666059,1.537864734,1.586156912,1.616792395,1.631299008,1.630531125,1.619263561,1.587850917,1.550060218,1.504616513,1.462301544,1.268030852,1.056436892,0.9001666483,0.8132129599,0.7903780089,0.8250550121,0.9135653417,1.035352352,1.154193072,1.250152709,1.301027032,1.301089017,1.256900738,1.180103175,1.099967896,1.032991148,1.004676139,0.9630299896,0.9093020532,0.8410733673,0.8207016893,0.805896682,0.796787387,0.7874453819,0.7801682165,0.7751654833,0.7702970418,0.7670708688,0.7656626992,0.764514502,0.7648516411,0.7667904517,0.7688304292,0.7721007119,0.7766554966,0.7809286257,0.7860437373,0.7920061504,0.7972303802,0.802860009,0.8088699511,0.8137697479,0.8186928688,0.8236003743,0.8272114222,0.8305854521,0.8336835641,0.8355110313,0.8369833723,0.8380740072,0.838098599,0.837776367,0.8371034402,0.8356802948,0.8340092694,0.8321169521,0.829825436,0.8274356377,0.8250105675,0.822508834,0.8200767828,0.8178204764,0.8157417897,0.8138993111,0.8124510127,0.811350183,0.8106390354,0.810535978,0.8108632484,0.8117074781,0.8133483114,0.8154153771,0.8180792433,0.8216648456,0.8255862356,0.8301122078,0.8355747285,0.8412066108,0.8473659474,0.8543313823
7.4,0.9120207642,0.8724574928,0.8333006438,0.79128485,0.7435598477,0.7067481937,0.6716830942,0.6481241608,0.6446048382,0.6532998446,0.6861232022,0.735797872,0.7938179388,0.8708138507,0.9472430786,1.026055991,1.107452962,1.177664272,1.244807913,1.301895733,1.347941757,1.380588891,1.400027873,1.407086639,1.398192178,1.378400598,1.344147401,1.299252839,1.24952731,1.18722234,1.12574137,1.064359056,1.003593053,0.9568787278,0.9188656606,0.8963439252,0.8935581833,0.9048167509,0.9340211897,0.974049612,1.020434465,1.073069161,1.123940931,1.17250746,1.21345393,1.246960808,1.267997657,1.276060362,1.274593362,1.249824074,1.213629116,1.161735374,1.090538076,1.007141071,0.9064779348,0.7943645529,0.6744082576,0.5462753815,0.4244129684,0.3255454844,0.2845576982,0.3408754051,0.4511129915,0.5861257889,0.7319767307,0.8708802341,1.007574106,1.134636341,1.251173014,1.352980313,1.441538434,1.516978055,1.573611959,1.618308483,1.643521328,1.65354301,1.655297153,1.631727633,1.602996938,1.564562003,1.52517845,1.312651915,1.071762487,0.8845021666,0.7759915134,0.7480160654,0.7945772891,0.9054443107,1.049238447,1.182248096,1.282955531,1.330365397,1.322184527,1.267866944,1.182016508,1.096288575,1.027338974,0.999259994,0.957698829,0.9035292183,0.8335174844,0.8123840654,0.7966124906,0.7863896429,0.7756070692,0.7667361426,0.7600142591,0.7531567324,0.7479030864,0.7444803699,0.7411706402,0.7394632924,0.739559147,0.7397381078,0.7414045414,0.7447289763,0.7478267732,0.7520992105,0.7576975862,0.7626094172,0.7682592406,0.7747963982,0.7802187842,0.7859431804,0.7921281903,0.7969413624,0.8017176466,0.8066254747,0.8101306165,0.8133983343,0.8165982973,0.8185697895,0.8202361119,0.8217531084,0.8223530798,0.8226809578,0.8228605443,0.822489589,0.8219423663,0.8212950974,0.8204485793,0.8195552094,0.8186384829,0.8178149983,0.8170929009,0.8164538431,0.8161244458,0.8160570134,0.8162170413,0.8168234919,0.8178532893,0.8192861886,0.8212182173,0.82370897,0.826772007,0.8302936157,0.8344448269,0.8392677059,0.8444127166,0.8501625113,0.8565508072
7.5,0.9637857905,0.9417974699,0.9163162959,0.884109046,0.8426944754,0.8024083142,0.757541761,0.7156990392,0.6826588241,0.6594635542,0.6558771524,0.6722597404,0.7077443886,0.7657637221,0.8351227484,0.9136144629,0.9975433059,1.078847104,1.157609275,1.228941983,1.291802527,1.340989045,1.37840796,1.403171187,1.412274329,1.409060668,1.390873862,1.360986626,1.322778667,1.271427343,1.216005359,1.156392968,1.095127102,1.037964634,0.9865949234,0.9457931178,0.9182115321,0.9085882238,0.9158319301,0.9384447454,0.9748065,1.020713936,1.071872009,1.124379772,1.172417304,1.2158029,1.248009065,1.268408469,1.277758148,1.265873773,1.240168202,1.197518129,1.137046518,1.059037154,0.9649405984,0.8577367019,0.7378160481,0.6099668593,0.4788084773,0.3561573342,0.2695019415,0.2712599469,0.3586958855,0.4880282165,0.6330272184,0.7772259757,0.9197717732,1.054573615,1.182578255,1.294934294,1.397273797,1.487422437,1.558262746,1.619029641,1.658949127,1.683162074,1.697877097,1.685351632,1.665442477,1.633431889,1.598256313,1.365553913,1.09546075,0.8773697111,0.7492958528,0.7214863787,0.7836542778,0.9130119516,1.068032499,1.202766796,1.298112197,1.336096802,1.31793101,1.254797346,1.163658343,1.077195942,1.010778904,0.986110807,0.9483123051,0.8974729711,0.8298834249,0.8096013586,0.7941981571,0.7838841761,0.772484627,0.7627318502,0.7548736659,0.7463988051,0.7393636216,0.7340283608,0.7284972656,0.7245421205,0.7224247383,0.7203168522,0.7198188344,0.72118013,0.7224551695,0.7251316424,0.7294430138,0.7333423562,0.7382367715,0.7443505351,0.7496756904,0.7555294387,0.7621298217,0.7676866659,0.7733743193,0.7793933198,0.7843229919,0.7891208934,0.7939445088,0.7978358939,0.8014728633,0.8049352661,0.8077570551,0.81030973,0.8125597036,0.8145065239,0.8162366916,0.8175772317,0.8189242161,0.8201455019,0.8209251952,0.8219537447,0.8229768809,0.823563116,0.8245672757,0.8257178476,0.8265240044,0.8278528148,0.8295070168,0.8310065896,0.8330722793,0.835643068,0.8383094898,0.8415123768,0.845352565,0.8495161802,0.8540978463,0.8593518953,0.8650361197
7.6,0.988847339,0.9880076568,0.9815971284,0.9666324078,0.9396669856,0.9082742826,0.8668250675,0.8210489569,0.7753949958,0.729201534,0.6933234439,0.6710758064,0.6676753856,0.6895695007,0.7321664056,0.7929460396,0.8665578767,0.946529481,1.028560893,1.107684065,1.181850515,1.245406032,1.299340321,1.342150903,1.371089819,1.387918405,1.390596912,1.381490964,1.362694303,1.330052669,1.290470707,1.2436921,1.192262245,1.138243112,1.085434532,1.037321931,0.9955266065,0.9684211146,0.9543468821,0.9557111294,0.9738786281,1.004541528,1.045912561,1.092759023,1.139329871,1.184473023,1.221135053,1.248020796,1.264017234,1.261458409,1.24448791,1.210794477,1.160696345,1.091054675,1.006279047,0.9077139818,0.7943367354,0.672244609,0.5415513097,0.4101749035,0.2940528922,0.2299779003,0.2691464647,0.3824246984,0.5237171511,0.6719902493,0.8208527616,0.9646636979,1.104363528,1.229554818,1.346338975,1.451347406,1.537485486,1.612473573,1.66609396,1.702804806,1.727325295,1.724016538,1.710191875,1.682303324,1.65022008,1.401781205,1.110805802,0.8728140884,0.7358481874,0.7140747201,0.7879657477,0.9236748218,1.07646609,1.203485276,1.289627275,1.31920985,1.295287337,1.229020452,1.138673783,1.056632592,0.9960442362,0.9761812313,0.9432687915,0.89642232,0.8316754206,0.8125891794,0.7978078098,0.7875314127,0.7757186199,0.7652299997,0.7562978755,0.7462874868,0.7374844622,0.7301526553,0.7222765666,0.7158652815,0.7112154523,0.7064367094,0.7033077322,0.7021405615,0.7009928793,0.7014200362,0.7037292395,0.7059372305,0.7093851861,0.7143647424,0.7189968443,0.7244078095,0.7308629902,0.7367799308,0.7430436086,0.7498672111,0.7561261481,0.7624208449,0.7688679914,0.7748928236,0.7807786002,0.786490317,0.79202186,0.7973430521,0.8022147616,0.8071582485,0.811881547,0.8159095036,0.8202043959,0.8243067727,0.8275118436,0.8310998351,0.8345618243,0.8370185727,0.8399100389,0.8427946384,0.8447188818,0.8470926439,0.8496347077,0.8514412467,0.8536884813,0.8563096772,0.8585633698,0.8612136366,0.8644180982,0.8676605931,0.8711946546,0.8753724361,0.8798890546
7.7,0.9869676942,1.004741296,1.017016703,1.020511907,1.010087204,0.9931720855,0.9621615394,0.9220107043,0.8773033558,0.8219828114,0.7691287266,0.7200556089,0.680058751,0.6609464188,0.6628803508,0.6894265891,0.7380714055,0.8029377793,0.8783396954,0.9576181344,1.037191245,1.111770676,1.180062348,1.240314038,1.289381467,1.328237859,1.35434535,1.369192526,1.374412376,1.364555002,1.346191712,1.318206834,1.282119245,1.239003882,1.192052353,1.14441219,1.097193094,1.058367762,1.02753389,1.0087349,1.005728558,1.015820964,1.039806793,1.072972118,1.110027109,1.149959069,1.184993468,1.213325565,1.232962333,1.237065723,1.228171368,1.2040078,1.164936756,1.106828027,1.034312203,0.9479998122,0.8462035297,0.7344027488,0.6111428109,0.4820660415,0.356505272,0.2490240673,0.216706415,0.2912287829,0.4221002476,0.5714995855,0.7257504586,0.8777633429,1.027396128,1.164068358,1.29265297,1.409362685,1.507252783,1.592317273,1.655444538,1.700420546,1.731190006,1.733643838,1.723602993,1.698403073,1.668344481,1.414179978,1.116205615,0.8735647845,0.7383530596,0.7223560837,0.7979014794,0.9279794056,1.071010658,1.189095302,1.269645183,1.296693442,1.273014769,1.208417603,1.121912776,1.045170923,0.9895308249,0.9729340315,0.9428155326,0.8976079623,0.8332182605,0.8145845462,0.7998593646,0.7892211133,0.7767719559,0.765383388,0.7552626435,0.7437341848,0.7332107925,0.7239511896,0.7138447381,0.7050971975,0.6980426446,0.6906766448,0.6849935154,0.6813949494,0.6778209541,0.6760017859,0.676376165,0.6768489047,0.6788442946,0.6828052174,0.6867664576,0.6918224133,0.6983855747,0.7048442204,0.7119410703,0.7200060106,0.7279703784,0.7362031377,0.7448758455,0.7535715213,0.7622820433,0.7709329873,0.7797844722,0.7884886716,0.7966478536,0.8051579984,0.8134176561,0.8206650496,0.8283378465,0.8357056125,0.8416611424,0.8480394725,0.8541212315,0.8585435025,0.8633405263,0.8679332038,0.8708576573,0.8740988546,0.8773148496,0.8791331513,0.8812152974,0.883507116,0.8849112882,0.8865176641,0.88855902,0.8903331755,0.8922083335,0.8946563034,0.8973807205
7.8,0.9680795591,0.997971856,1.024429035,1.043421135,1.048141527,1.046517682,1.028622335,0.9990397454,0.9627125517,0.9088953288,0.8525992295,0.7923152945,0.7306972409,0.6809374198,0.6434739439,0.6281851008,0.6390932797,0.6748289139,0.7318197556,0.8019847004,0.8805116531,0.9613080965,1.041002394,1.116999803,1.184690745,1.245835738,1.295403144,1.334536648,1.364945111,1.378372096,1.382527998,1.374808196,1.355612868,1.326058452,1.288017833,1.244856675,1.196979937,1.151681499,1.109110786,1.073910359,1.051987191,1.040574328,1.044622064,1.060290667,1.082677768,1.113619042,1.143126582,1.169927132,1.191860412,1.201398706,1.200859425,1.187092872,1.160266676,1.115638306,1.057307557,0.9853559578,0.8969137861,0.7976481139,0.6842510971,0.5615951127,0.436931418,0.3122010809,0.2252445103,0.2341964134,0.3391512951,0.4838360293,0.6403263969,0.7976312178,0.9539112727,1.098428661,1.234763802,1.359011214,1.464290266,1.555693018,1.624873831,1.675351318,1.710710509,1.717937749,1.711829457,1.69020867,1.663121932,1.414820438,1.123683958,0.8875059425,0.7570795444,0.7403422956,0.8080499201,0.9270548497,1.060907942,1.174974418,1.25596073,1.285029818,1.263714286,1.200424245,1.115396727,1.040232552,0.9857686757,0.9698173883,0.9398113231,0.8940371276,0.8284740966,0.8098845269,0.7949704761,0.7838953019,0.7709597655,0.7588654194,0.7477952099,0.7351828383,0.7233809669,0.7126409425,0.7008824563,0.690358809,0.6814428199,0.6720835112,0.6644095132,0.6589282494,0.6534579022,0.6499026291,0.6488711576,0.6480783793,0.6490993975,0.6525852695,0.6563420291,0.6615400359,0.6688017008,0.676303151,0.6847639087,0.6946852152,0.7048663862,0.7155547623,0.7270112787,0.7388201677,0.7507710412,0.7627562724,0.7752065243,0.7875190617,0.7991123836,0.8112395501,0.8230230876,0.8333594415,0.8442239012,0.8546181724,0.8629521446,0.8717447489,0.8800410419,0.8858960564,0.8921103166,0.8979203686,0.9012465093,0.9048334745,0.9082205224,0.9094690082,0.9108903381,0.9123858414,0.912432329,0.9125576061,0.9130247676,0.9129259946,0.9127752232,0.9131391624,0.9137834105
7.9,0.9457352338,0.978894304,1.012299691,1.041180848,1.0580286,1.06963823,1.065444895,1.049060029,1.024797319,0.980443414,0.9303189165,0.8715181899,0.8048408481,0.7409462547,0.6791849972,0.6297301395,0.5999633535,0.5954542736,0.6195101476,0.667130148,0.7340368273,0.8129857871,0.8982454559,0.9855899611,1.068297599,1.149022245,1.219576469,1.280777772,1.334371582,1.369372043,1.39463318,1.40616287,1.403465041,1.387829039,1.36000214,1.323627338,1.278416225,1.231152322,1.182012309,1.135737309,1.099837409,1.070231863,1.056147119,1.05455638,1.060892009,1.08159433,1.103838735,1.127743248,1.151439251,1.165891283,1.173915757,1.170887633,1.156721106,1.125924094,1.081910498,1.024241617,0.948591639,0.8614291814,0.7574101447,0.6413881622,0.5203405302,0.3892635123,0.2755118038,0.2200548033,0.2757352413,0.4059572948,0.5593930249,0.7179428563,0.8770858715,1.025702236,1.16634126,1.295008864,1.405446866,1.501442649,1.576134425,1.632616268,1.673464506,1.688100034,1.688571601,1.673460733,1.652158434,1.41947452,1.144504576,0.9180012419,0.7883247927,0.7636468523,0.8193150332,0.9284662918,1.057967124,1.172990846,1.256879262,1.287206111,1.26511531,1.198590985,1.110031497,1.031768403,0.9751476968,0.9583469504,0.927542068,0.8813253152,0.8161365566,0.7983612215,0.7839565084,0.7730724104,0.7606061035,0.7486807764,0.7374380507,0.7248130577,0.7126957438,0.7012927945,0.6889426799,0.6775727826,0.6675397548,0.6571015436,0.648214222,0.6414309997,0.634736375,0.6300027166,0.6279602546,0.6263219039,0.6267224259,0.629991638,0.6337739816,0.6393246823,0.6474628671,0.656106056,0.6660301833,0.677906482,0.6902774153,0.7033888338,0.7175997415,0.7323381539,0.747325674,0.7624393138,0.7781292708,0.7936640543,0.8083032894,0.8235371786,0.8383129951,0.8512131837,0.8646725451,0.8774898818,0.8876172739,0.8982221437,0.9081409291,0.9148640013,0.9219598871,0.9284751533,0.931722024,0.9352327568,0.9384002884,0.9387218471,0.9391948738,0.9396398899,0.9381163748,0.9366092155,0.935379755,0.9333509982,0.9311522744,0.9294279539,0.9280977427
8,0.9328059794,0.959282196,0.9910851192,1.022854551,1.047197914,1.068741861,1.077333252,1.075169463,1.064963561,1.035638967,0.9985017535,0.9504639202,0.8919217919,0.8288690101,0.7614842091,0.6966546536,0.6395512928,0.5985353771,0.581074958,0.5907644881,0.6292220921,0.6915473013,0.770453341,0.8595325395,0.9498554865,1.043271545,1.129236919,1.207562645,1.279480195,1.3326365,1.37577134,1.404161276,1.416684471,1.414484842,1.397705334,1.369986239,1.33062256,1.285700331,1.235459914,1.184429316,1.140719367,1.099321435,1.072012568,1.056635489,1.049275964,1.060258016,1.075306007,1.095907108,1.120654682,1.139340576,1.155052256,1.161789489,1.15903538,1.140679405,1.109301669,1.064021792,0.9994886241,0.9225319785,0.8266410329,0.7166983386,0.5995875298,0.46668056,0.3406082159,0.2422131738,0.2315292046,0.3314906312,0.4747670242,0.6303188269,0.7890827967,0.9392819414,1.082499259,1.21460245,1.330477355,1.431945383,1.514248289,1.579655299,1.628995595,1.655096994,1.665695213,1.660325456,1.647282128,1.434859647,1.17767711,0.9573378551,0.8229215702,0.7876659989,0.8333384716,0.9374040921,1.066578478,1.18325525,1.267314099,1.294259458,1.26648368,1.192416353,1.096990721,1.013402596,0.9536350853,0.9362117294,0.9056766055,0.8611352813,0.7999583277,0.7844548796,0.7718421749,0.7622470183,0.7515557552,0.7410114026,0.7306902225,0.7193253815,0.7080490034,0.6969731719,0.6851729973,0.6739491274,0.6635604091,0.6529121247,0.64350486,0.6358318568,0.6283752664,0.6227511731,0.6197037997,0.6172228171,0.6168743763,0.6195816593,0.6230003284,0.6284513692,0.6369000644,0.6460377972,0.6567730665,0.6699375133,0.6837141795,0.6984912389,0.7147622341,0.7315957703,0.7488251279,0.7663952441,0.7845126715,0.8025023511,0.8195884123,0.8372097576,0.8543049351,0.8692923392,0.8847804806,0.8994979676,0.9110979129,0.9231365714,0.9343344165,0.9417659319,0.9495541279,0.956608991,0.9597562946,0.9631632109,0.9660960794,0.9655708785,0.9651853921,0.9646741632,0.9617215652,0.958743597,0.9559805713,0.9521990322,0.9481542396,0.944546083,0.9414555276
8.1,0.9373468944,0.9486430105,0.9706057151,0.9978923541,1.023728989,1.051065206,1.069958628,1.081276039,1.085675667,1.074197893,1.054169283,1.022662426,0.9805528511,0.9284641014,0.8690761495,0.8058432243,0.7402127795,0.6812441045,0.632671801,0.6029721386,0.6008313342,0.6277786237,0.6821669244,0.7570390079,0.8420973331,0.9370699868,1.029405029,1.117229402,1.20053339,1.266846806,1.323486816,1.365511752,1.391475826,1.401840169,1.396727411,1.379379196,1.348751341,1.31034384,1.264204635,1.214612132,1.16946232,1.123370604,1.089004074,1.064921141,1.04821705,1.051144889,1.059986266,1.077168816,1.101641389,1.123207321,1.144452897,1.158616933,1.164816688,1.156260025,1.135025076,1.099767729,1.044589397,0.9763688468,0.8880624187,0.7845451825,0.6723604081,0.5413310964,0.411159875,0.2905122094,0.2176306508,0.2634889527,0.3854490212,0.5333682568,0.6894058346,0.8401013599,0.9859060765,1.122271823,1.245408628,1.354650561,1.447441694,1.524824068,1.585342797,1.625538893,1.648087886,1.653613373,1.649333645,1.454962152,1.210575114,0.9909132688,0.8496201416,0.806728142,0.8481079947,0.9515967688,1.081276051,1.196781445,1.27662594,1.296411255,1.260622818,1.178292553,1.076314385,0.9882779407,0.9262959967,0.9092495347,0.8805204426,0.8397033468,0.7853737645,0.7731050445,0.7632001729,0.7557557265,0.7476215323,0.7392672091,0.7307012699,0.721342024,0.7116599948,0.7016605575,0.6910752262,0.680631098,0.6704548139,0.6600777649,0.6505506417,0.6422448614,0.6341835114,0.6277014164,0.6234791912,0.6198764169,0.6183688178,0.6199050649,0.6222536653,0.6268122964,0.6346546925,0.6433002866,0.6538420167,0.6672724768,0.6813863295,0.6967984189,0.7141786983,0.7321237357,0.7506805333,0.7699446067,0.7897026536,0.80944049,0.828463294,0.8479436112,0.8669061622,0.8837430061,0.9010063773,0.9174329528,0.9305196341,0.9439894655,0.9565056401,0.9648572735,0.9735296963,0.9813349519,0.9847140699,0.9883268099,0.9913323819,0.9903247006,0.9894248904,0.9882838318,0.9842195394,0.9800749099,0.9760578832,0.9707382324,0.9650607719,0.9597610243,0.9550045278
8.2,0.961063175,0.9529073026,0.9590487741,0.9753587429,0.9962759056,1.024353793,1.04946542,1.071496475,1.089011795,1.095142772,1.093167606,1.080161756,1.057789066,1.021399646,0.9766569696,0.9241958481,0.862084902,0.8011612962,0.7390491659,0.6849476712,0.6493934872,0.6348501771,0.6511322474,0.6950890618,0.7589617107,0.8419377158,0.9293761993,1.01757158,1.104438689,1.178225705,1.243683177,1.29588426,1.333429847,1.355264737,1.362217149,1.356607494,1.336906873,1.308444568,1.270467477,1.227189385,1.185628647,1.140584118,1.104320334,1.075931149,1.05408227,1.050364308,1.053906918,1.067366767,1.089555059,1.112340092,1.136353621,1.155144222,1.167825001,1.166377403,1.153282886,1.126420267,1.079760205,1.020023806,0.939975605,0.8444507078,0.7390943292,0.61398472,0.4859308689,0.357967821,0.248662918,0.2238251339,0.3037276165,0.4366651986,0.5876063206,0.7385466584,0.8877477253,1.029696141,1.161905603,1.280480792,1.38517433,1.475406256,1.547167361,1.600864038,1.634023287,1.648632063,1.651434056,1.468312829,1.229620795,1.007402743,0.8614173528,0.8167193826,0.8593107153,0.9643982444,1.093451479,1.205273978,1.279215686,1.292065379,1.249924854,1.162037796,1.056224777,0.9659272183,0.9028293611,0.8865233019,0.8598622076,0.8228223755,0.775127966,0.7658022233,0.7584966208,0.7532788129,0.7475162297,0.7413241458,0.7346645415,0.7272351809,0.7192076578,0.7105117447,0.7011741504,0.6916434764,0.6819430011,0.6719307631,0.6624242554,0.6536865963,0.6450632181,0.6377446967,0.6323419908,0.6274619722,0.6245634041,0.6246070192,0.6254436328,0.628584301,0.6352075609,0.6426878038,0.6523199882,0.6652687345,0.6789792858,0.694295615,0.7120856976,0.7305007601,0.7497887579,0.7702228152,0.7911834587,0.8122907235,0.8329576387,0.8540993714,0.8747897716,0.8934146537,0.9124819831,0.9306943535,0.9454000809,0.9605087007,0.9745845155,0.9841226442,0.9940003199,1.002894986,1.006836317,1.011017185,1.014460166,1.013292343,1.012210907,1.010760584,1.005831132,1.000759355,0.9957036883,0.9889612205,0.9817491683,0.9748250125,0.9683557877
8.3,1.000929973,0.9740594758,0.9618246028,0.9626867508,0.9731556815,0.9962134168,1.022260651,1.05040793,1.077503686,1.0983171,1.112510999,1.116917716,1.113664203,1.093954435,1.06558358,1.027123131,0.9740781045,0.9190833268,0.8549524782,0.7908047891,0.7369122626,0.6910308537,0.6709151218,0.677170485,0.7080878295,0.7671251207,0.8387495228,0.9184831442,1.001626549,1.077641489,1.147807314,1.20719608,1.254848306,1.287149479,1.306435497,1.313509222,1.306085786,1.289852171,1.262510926,1.228500366,1.193424398,1.152806548,1.11757611,1.0872697,1.062875893,1.052738367,1.051137535,1.060163658,1.077670621,1.100267765,1.124528695,1.145651031,1.163291375,1.167124282,1.161366274,1.142479597,1.104631027,1.054187046,0.9838575614,0.8983992859,0.8018564447,0.686134302,0.5644741977,0.4380899086,0.3173084995,0.2399650827,0.2556003257,0.3585326603,0.4990473744,0.6491394033,0.8015889036,0.9493039339,1.09064013,1.218018473,1.333394154,1.434404315,1.515015456,1.578630862,1.618993994,1.639348452,1.646265931,1.467902963,1.229836906,1.005255861,0.859013163,0.8176445861,0.8643745046,0.9713578013,1.09928126,1.20791496,1.278205119,1.287628143,1.242740928,1.152499876,1.045053986,0.9535191408,0.8890349964,0.872543412,0.8464950519,0.8112441571,0.7674428072,0.7598725312,0.7542990355,0.7507651747,0.746626781,0.7420358519,0.7369336757,0.7309665744,0.7242755389,0.7167525532,0.7084716528,0.6997795248,0.69063573,0.6810434044,0.6716840599,0.6627412435,0.6537657193,0.6458320029,0.6394895374,0.6335455742,0.6294181905,0.6280704774,0.6274633055,0.6291701364,0.6344595766,0.6406517538,0.6491825882,0.6613735715,0.6744473904,0.6894057578,0.7072903889,0.725952825,0.7457535386,0.7670992043,0.7891310875,0.8114958595,0.8336436756,0.8564288302,0.878852098,0.8991930301,0.9201426783,0.9402418678,0.956563447,0.9734523799,0.9892518372,1.000017205,1.01127047,1.021447681,1.026015214,1.030933991,1.035005658,1.033747335,1.032628209,1.03102808,1.025289012,1.019382664,1.013383704,1.00523392,0.9965008743,0.987950253,0.9797158479
8.4,1.052475814,1.011182567,0.9813580801,0.9648639946,0.961221879,0.9732575419,0.99432898,1.022639394,1.05404926,1.084740183,1.111215361,1.130075024,1.1429167,1.139044448,1.126294067,1.102101022,1.06085516,1.014752523,0.9549787108,0.8897932615,0.8285382199,0.7650789741,0.719360778,0.6930327373,0.6889267589,0.7173616722,0.7649908385,0.8287721794,0.9022081286,0.9758125381,1.047449741,1.111805961,1.168245538,1.210510796,1.242182333,1.262417449,1.268035821,1.265039061,1.249440902,1.225857066,1.198445962,1.163364686,1.130161522,1.098689719,1.072229354,1.055357595,1.047870799,1.051236498,1.06215699,1.083048162,1.105802598,1.127843175,1.149676535,1.158205829,1.159926927,1.149553243,1.121452347,1.081619594,1.022516408,0.948743932,0.8626426612,0.7580391494,0.6449556127,0.5242985851,0.4039144457,0.3038182121,0.2642277169,0.3192794251,0.4383706298,0.5833116622,0.7363412184,0.8879044652,1.035778943,1.169636969,1.292338185,1.400169416,1.486576418,1.555298961,1.599475833,1.62266316,1.630748384,1.454065146,1.215032728,0.9905055828,0.848033989,0.8124883679,0.8638182553,0.9727840306,1.101150704,1.209953043,1.280896451,1.290685216,1.245494607,1.153851693,1.044547069,0.9506382438,0.8830479345,0.8646787049,0.8370844669,0.8011387406,0.7582523934,0.7512468027,0.7465124563,0.7440741639,0.7409333169,0.7374387003,0.7335280514,0.7287533252,0.7231934898,0.7167163737,0.7095504276,0.7017791649,0.6932964338,0.6844608558,0.6755726521,0.6667073642,0.6578964678,0.6498125261,0.6428833235,0.6364212012,0.6315211379,0.6290643109,0.6274240078,0.6280001801,0.6320642048,0.6371523214,0.644678792,0.6560484251,0.668474339,0.6830211167,0.7008425435,0.7196433772,0.7398417003,0.7619167031,0.7848900063,0.8083919777,0.8318394727,0.8561476204,0.8801957753,0.9020710796,0.9247943662,0.9466850393,0.9644371168,0.9830068843,1.000447958,1.012259739,1.024802462,1.036200714,1.041238356,1.04683368,1.051504047,1.05004859,1.048867381,1.04712574,1.040538031,1.03381341,1.02691137,1.017384707,1.007176213,0.9970476071,0.987131394
8.5,1.111447793,1.06108153,1.017020351,0.9839639486,0.964419194,0.9606372429,0.9707597987,0.9925553673,1.021906933,1.056423199,1.090082608,1.119327254,1.144322337,1.154468628,1.155720193,1.14509033,1.117063762,1.081186784,1.029690366,0.9692115735,0.9076402561,0.8376267293,0.7776096381,0.7291143575,0.696365296,0.6942881541,0.7141720909,0.7565445037,0.8155669135,0.8824342847,0.9527794375,1.020293048,1.08389551,1.135885488,1.179491652,1.212725721,1.231542399,1.241629528,1.237824464,1.224491884,1.204944161,1.174977706,1.143760145,1.111172414,1.081590046,1.057980115,1.043346092,1.039476472,1.04293912,1.06006481,1.080331833,1.102598529,1.127947848,1.141633087,1.151247545,1.15022824,1.132829132,1.104697816,1.057752856,0.9962742832,0.9215094246,0.8279239279,0.7238874562,0.6101597702,0.4935557298,0.3862547759,0.3172687825,0.3253197353,0.4119516517,0.5441112554,0.6927788666,0.8444850371,0.9947488078,1.131961168,1.258183412,1.369059258,1.45865148,1.528978623,1.574882463,1.599384164,1.607231972,1.432223757,1.193356071,0.9713687956,0.8343970298,0.8045938744,0.8600647642,0.9721542816,1.10423848,1.217279246,1.292207505,1.303759248,1.25781486,1.163073626,1.049710087,0.951195434,0.8785138035,0.8568244812,0.826129689,0.7880074795,0.7445986457,0.7375072684,0.7331860797,0.731653774,0.7293167797,0.7268046764,0.7240642112,0.7206168273,0.7163288934,0.7110403052,0.7054080646,0.6989257966,0.6913842243,0.6839334573,0.6760519143,0.6676235758,0.659699462,0.6520655987,0.6448964713,0.6385791819,0.6334309868,0.6300877994,0.6278561698,0.627610825,0.6304685497,0.6345751188,0.6411285448,0.6515066718,0.6631167998,0.677057179,0.694548654,0.7131468595,0.733424755,0.7559503027,0.7794605131,0.8037356532,0.8282241291,0.8536483934,0.8789500575,0.902120973,0.9262376414,0.9495635896,0.9685256736,0.9884434591,1.007209083,1.0198757,1.033445628,1.045816217,1.051183469,1.057287997,1.062405902,1.060689804,1.059392857,1.057476112,1.050073524,1.042596092,1.034876796,1.024111348,1.012598969,1.001076286,0.9897121673
8.6,1.173989351,1.119840292,1.06644164,1.019921456,0.9844463715,0.9623835988,0.9561596507,0.9645155985,0.9847252657,1.015719303,1.050387771,1.084887668,1.117611371,1.139151162,1.152497042,1.154602967,1.140412122,1.116154772,1.075929896,1.024526379,0.9683487847,0.9000687913,0.8355536047,0.7759128337,0.7248620102,0.6983921259,0.692035581,0.7105831194,0.7515188122,0.8074080597,0.8733010754,0.9416110744,1.010198889,1.070887155,1.125222629,1.170508967,1.2017275,1.224057241,1.231317652,1.227401821,1.215487071,1.189792444,1.160338226,1.126607277,1.092837544,1.062669369,1.039744387,1.027136586,1.022440105,1.033551843,1.050323139,1.07204854,1.099987742,1.119178675,1.136752032,1.145471776,1.139173641,1.123031145,1.088312278,1.038828964,0.9752402561,0.8917618036,0.7962514214,0.6892731188,0.5770063971,0.4683220364,0.3857619893,0.3616254789,0.4141531428,0.5267104866,0.6657464348,0.8133945997,0.9621505375,1.099697647,1.226589667,1.338192614,1.429291074,1.500080837,1.547194844,1.572959712,1.580883785,1.408939739,1.172003433,0.9533949971,0.821218586,0.7959408778,0.8556168735,0.9729537672,1.112048751,1.231718048,1.311138186,1.322999741,1.273714995,1.173302667,1.053693794,0.9490631126,0.8702617576,0.8446384979,0.8104016808,0.7699600116,0.7262675055,0.7189329024,0.7150629105,0.7146870706,0.7132634762,0.7119568222,0.7107426183,0.7089867358,0.7063681894,0.7027049932,0.6991819616,0.6945247303,0.6883919499,0.683028241,0.6767591125,0.6691956464,0.6628683088,0.6562604378,0.6491529783,0.643552453,0.6385761139,0.6344295268,0.6318868657,0.6309557398,0.6324126954,0.6354242814,0.6407932582,0.6497478123,0.6600637063,0.6729009258,0.6895331496,0.7072348777,0.7269499866,0.7494407906,0.7727409806,0.7971210818,0.8222763888,0.8481212189,0.8740499619,0.8982606187,0.923180748,0.9473955567,0.9674176901,0.9882306958,1.007885647,1.021352295,1.035656102,1.048705126,1.054436002,1.060929694,1.066367421,1.064507573,1.063149191,1.061108147,1.053081003,1.045063978,1.036750085,1.024995783,1.012519542,0.9999686314,0.9874506688
8.7,1.235748591,1.18283745,1.125622166,1.070327153,1.021072045,0.981182093,0.9552809072,0.9443635567,0.948445559,0.9677186132,0.9962049733,1.029756066,1.065095922,1.094664174,1.117838482,1.131664992,1.131449904,1.120198446,1.093733315,1.055005863,1.009102986,0.9489443389,0.8879230661,0.8267013661,0.7679020259,0.7263204243,0.6998970124,0.6964116047,0.7176622627,0.7589523361,0.816691067,0.8824784807,0.9530902573,1.020221112,1.083233551,1.138869566,1.180916706,1.214343899,1.231667228,1.236373963,1.231907411,1.210167413,1.182709244,1.148236307,1.110255975,1.073873321,1.042106325,1.019633589,1.005542254,1.008342192,1.019742433,1.039190194,1.068078751,1.091850614,1.116494712,1.134277651,1.138447784,1.133601498,1.110319825,1.071946793,1.018624132,0.9443620872,0.8566564573,0.7559805072,0.6482852593,0.540313551,0.4513144157,0.4073151231,0.4312670528,0.5216402252,0.6474488528,0.7878901073,0.9325474169,1.068591439,1.194880802,1.3065859,1.399060735,1.470878649,1.520058901,1.548168462,1.557150444,1.389585782,1.154944041,0.9384893749,0.8093221865,0.7877347641,0.8523050717,0.9764568462,1.12376322,1.249503017,1.331350869,1.340846306,1.285739486,1.178415644,1.052163616,0.9417802888,0.857333316,0.8280048681,0.7906563607,0.7485425783,0.7055381043,0.6980174977,0.6948139324,0.6959852098,0.6956148598,0.6958012715,0.6965748466,0.6968008537,0.6962342433,0.6946968733,0.693701794,0.6913159022,0.6870736998,0.6842811397,0.6800779167,0.6737734837,0.669505875,0.6643114294,0.6574969665,0.6529495116,0.6483740029,0.6434111818,0.6406413329,0.6389851756,0.6387192785,0.640353867,0.6441527031,0.6510756615,0.6594400505,0.6704815352,0.6855182909,0.7014320346,0.7197395802,0.7415327998,0.7636939339,0.7873409466,0.8126957763,0.8381377807,0.863958087,0.8889642389,0.9140442641,0.9385619144,0.9596017658,0.9808800135,1.001014777,1.01540395,1.030237601,1.043750759,1.050089485,1.056989409,1.062737483,1.061052008,1.059847166,1.057873316,1.049562944,1.041377822,1.032841132,1.020414885,1.007447462,0.9943824205,0.9809680647
8.8,1.291264657,1.244385925,1.189231337,1.131027075,1.072442454,1.018469027,0.9731678396,0.9402072839,0.9227683491,0.9223333741,0.9365262107,0.9614870238,0.9931011861,1.025951703,1.055773303,1.079581738,1.092746545,1.095443131,1.084593229,1.061428394,1.02969919,0.9826868964,0.9313571926,0.8759848488,0.8183809348,0.7707021514,0.7324882721,0.7123690606,0.7152728868,0.7401939194,0.786246755,0.8456375879,0.9145882773,0.9849752977,1.053958352,1.117733317,1.168885165,1.212222113,1.238917953,1.252063374,1.25524213,1.238286068,1.213874968,1.179873107,1.139104292,1.097288454,1.057032124,1.024141764,0.9989306598,0.9908697922,0.993682462,1.0075036,1.034279558,1.059765312,1.08912025,1.113908612,1.126717087,1.131631035,1.118406862,1.090050348,1.045954196,0.9804907098,0.9003031567,0.8059430041,0.7036290374,0.5975645496,0.5059467368,0.4496731035,0.4514653727,0.5206610648,0.6317037414,0.7633583992,0.9026817887,1.036820372,1.162561778,1.274877439,1.369991442,1.443924992,1.496706368,1.528673935,1.539356788,1.376738492,1.143106713,0.9268617015,0.7996438149,0.7816942143,0.8511308168,0.9812856775,1.134952989,1.263913668,1.345360116,1.350673025,1.289064627,1.175844601,1.044636489,0.9305594518,0.8421305903,0.8097822392,0.7700156739,0.7268519464,0.6851427423,0.6774745396,0.6750322866,0.6779162325,0.6785796103,0.6803621885,0.6833711556,0.6855972926,0.6872288222,0.6881269212,0.6897310694,0.689793213,0.6877683256,0.6876572611,0.6857002322,0.6809452057,0.6788594919,0.6752291621,0.6689009265,0.6654950565,0.6613900309,0.6556265511,0.6525978189,0.6501148739,0.6478660914,0.6478443175,0.6496921131,0.6540032357,0.6598072693,0.6683696547,0.6810237439,0.6942876136,0.7103282228,0.7306641262,0.750766955,0.7728284557,0.7978409762,0.8220785982,0.8470719367,0.8726209497,0.8972742087,0.9215698041,0.943651915,0.9650631855,0.9853704805,1.000932904,1.016224256,1.030118711,1.037471692,1.044945962,1.051139322,1.050107317,1.049421011,1.047845943,1.039715646,1.031860725,1.023593746,1.010860269,0.9979572743,0.9849836349,0.9708774575
8.9,1.333734621,1.297284646,1.250038204,1.195399774,1.133753762,1.07239673,1.01238987,0.9597459623,0.919670779,0.894647696,0.8872281777,0.8951061862,0.915578942,0.9447206356,0.9764494106,1.007079008,1.031333842,1.04794012,1.053173524,1.047124353,1.031953168,1.001354331,0.9637934415,0.9190731743,0.8691544115,0.8217847132,0.7791649238,0.7488911276,0.7366058347,0.746139618,0.7781605296,0.8277304408,0.8914469924,0.9616199506,1.033799452,1.103421899,1.162481306,1.214653314,1.250720586,1.273019062,1.284329817,1.274374378,1.254778647,1.223248254,1.182525829,1.136610015,1.089369367,1.046404497,1.008701498,0.9872742241,0.9774204276,0.9809398975,1.00076856,1.023416005,1.053523353,1.081928313,1.10071464,1.11320754,1.108512777,1.089213465,1.053667132,0.9972162845,0.9249635264,0.8376848827,0.7421048006,0.6393252715,0.5478054556,0.4841105271,0.4688048823,0.519435903,0.6155734666,0.7381026819,0.8718963951,1.00466718,1.130626049,1.244422686,1.34399999,1.420768971,1.478526165,1.51556193,1.527879721,1.370381409,1.136396162,0.9197526128,0.7950610351,0.780544384,0.8524478693,0.9846837909,1.140513431,1.269328001,1.348599942,1.349838094,1.283065281,1.166519735,1.033089199,0.9179566701,0.8276045807,0.7929387405,0.7512167039,0.7071035042,0.6664140825,0.6585923597,0.6567744354,0.6611118928,0.6626299373,0.6658448596,0.6709458935,0.6749168648,0.6785987047,0.6819178177,0.6858526592,0.6882480729,0.6885401564,0.6908764453,0.6910934606,0.6880713724,0.6880047575,0.6859134624,0.6802899931,0.6779468104,0.6743163202,0.6679191389,0.6645912886,0.6612429677,0.6569894251,0.6551828385,0.6548687017,0.6562237641,0.659102168,0.664705795,0.6743248948,0.6843178903,0.6974059573,0.7155399871,0.7328633384,0.752631114,0.7767157531,0.7991179561,0.8227091258,0.8485077185,0.8723099292,0.8960153793,0.9191559797,0.9405265662,0.9608651053,0.9778796785,0.9937044312,1.008057848,1.016886738,1.025228738,1.032138753,1.032305286,1.032592238,1.031841925,1.024411868,1.017428397,1.009962576,0.9973132616,0.9850188307,0.9727198247,0.9581023965
9,1.355288127,1.333449212,1.299398633,1.254732652,1.197441203,1.13694622,1.07054021,1.005717916,0.9480979205,0.8998452907,0.8678627348,0.8520235254,0.8537935669,0.8701085574,0.8966466142,0.9285288692,0.9588642385,0.9873897254,1.006926061,1.01740098,1.019274492,1.006037171,0.9841320084,0.9524335937,0.9139817576,0.8707522282,0.828895428,0.7939436439,0.7698378653,0.766872123,0.7840346138,0.8214224824,0.8772238854,0.9438028365,1.016749757,1.090095145,1.156457531,1.216536269,1.262528372,1.295358626,1.31533503,1.315539833,1.302863844,1.276255131,1.239272415,1.191137774,1.139522213,1.087970528,1.037878582,1.001454628,0.9753922928,0.9638902366,0.9704802782,0.9850649165,1.010543667,1.038030779,1.059871507,1.077070777,1.079532677,1.068543582,1.041362074,0.9946038669,0.9313051175,0.8526001546,0.7651353292,0.6677116662,0.5785462434,0.510920113,0.4827647365,0.517447984,0.5992249874,0.712725153,0.841254169,0.9731793964,1.100076146,1.216034986,1.321129698,1.401167765,1.464502368,1.507026902,1.521002853,1.369156081,1.135679742,0.9205735389,0.7999096344,0.7870993426,0.8562500387,0.9844546873,1.137513964,1.263707178,1.340621426,1.339295354,1.269578509,1.152309492,1.019085216,0.9050594527,0.8145966663,0.7781543931,0.734670094,0.6893230258,0.6488269731,0.6409155035,0.6394558627,0.6446523857,0.6468029944,0.6511095366,0.657828642,0.6631482644,0.6685343325,0.6739847862,0.6797899102,0.6842207369,0.6867517911,0.6911117621,0.6932961398,0.6921377598,0.6937881114,0.6931505795,0.6885340927,0.6871247226,0.6840065196,0.6773594677,0.6737641707,0.6696543308,0.6636982825,0.6601883273,0.6577465861,0.6561572924,0.6560569841,0.6585133739,0.6647101224,0.6711350944,0.6808443783,0.6961317213,0.7102262187,0.7271995126,0.7497392275,0.7698962825,0.7916933925,0.817356751,0.8400718096,0.8629972923,0.8871078666,0.9084210604,0.928818467,0.9474675002,0.9640175226,0.9790492029,0.9897367766,0.999303646,1.007294232,1.009148814,1.010867744,1.011392333,1.005154379,0.999527727,0.9933381,0.9811640061,0.9699136356,0.9587333334,0.9438066097
9.1,1.348628911,1.345216029,1.328470587,1.29929842,1.254032914,1.20234618,1.139394158,1.072675205,1.007535399,0.9441078122,0.8920800132,0.8524687654,0.8307930257,0.826292303,0.8385528969,0.8631203681,0.8917229185,0.9265510085,0.9557168276,0.9792023817,0.9961810391,0.9986055451,0.9920391608,0.9738496985,0.9477640093,0.9112606164,0.8731661305,0.837325381,0.8050278312,0.7924298,0.7954204195,0.8194191867,0.8655227294,0.9254117481,0.9969477905,1.072146452,1.144888299,1.212346512,1.268665826,1.313195213,1.342703075,1.355651987,1.352053344,1.332864481,1.303076552,1.255304357,1.20257776,1.145232554,1.084711533,1.033928449,0.9903311694,0.96074058,0.9485461686,0.949907474,0.9648515652,0.9862380724,1.00787182,1.026467626,1.034675978,1.031268302,1.012428917,0.9761348918,0.9229409034,0.8544566526,0.7762615269,0.6864397707,0.6014948281,0.5325809669,0.4955050487,0.5161624079,0.58433713,0.6886121166,0.8120006932,0.9427811335,1.070735943,1.189166164,1.299130349,1.383189572,1.451844407,1.499516837,1.516196516,1.371639152,1.142793092,0.9330106711,0.8171362379,0.802386479,0.8622582596,0.9801312803,1.126190606,1.248438901,1.323585057,1.321160285,1.250178066,1.133692194,1.00217307,0.8906719407,0.8015225523,0.7638157864,0.7188360987,0.6721260282,0.6311915931,0.6233862907,0.6220620577,0.6274672354,0.6300653866,0.6350833892,0.6428186839,0.6490730075,0.6557447129,0.6628943996,0.6700716118,0.6761748779,0.6807602786,0.6866948272,0.6906123025,0.6914138584,0.6944885281,0.6952470506,0.6920003944,0.6914556765,0.6889808147,0.6826385406,0.6789350819,0.6743386313,0.6672681475,0.6623536866,0.6580747785,0.653918547,0.6510890448,0.6505174959,0.6532384168,0.656117888,0.6623006635,0.6742733587,0.6849492129,0.6988307769,0.7192074582,0.7368966792,0.7566570927,0.7816788599,0.8032028144,0.8252791428,0.850082357,0.8714016594,0.8919777949,0.9122204037,0.9297063134,0.9456843737,0.9583826751,0.9694813829,0.9789050645,0.9827285177,0.9862221174,0.988389008,0.9836805512,0.9797295332,0.9751344736,0.96375489,0.9537911197,0.9439490433,0.928940979
9.2,1.309798755,1.327085614,1.330314166,1.320678116,1.293909338,1.257602085,1.20711022,1.148566754,1.08675001,1.019553931,0.9575352875,0.9017159645,0.8588826718,0.8313371629,0.8221528622,0.8299496579,0.84735633,0.8790190075,0.9101212308,0.9400848947,0.9673723339,0.9815176205,0.9879190561,0.9822067821,0.967436367,0.9394871555,0.9068515022,0.8727064651,0.8363108524,0.8163616439,0.8071832905,0.817760982,0.8528617991,0.9034650516,0.971241722,1.046378785,1.123508507,1.197892621,1.264069989,1.320400892,1.360504682,1.387087693,1.394402233,1.3848023,1.364639226,1.320463829,1.270056008,1.210782409,1.143452956,1.081735687,1.022516445,0.9748638309,0.9418822725,0.9258889116,0.9253248922,0.9355644749,0.9529241577,0.9694932573,0.9813799777,0.984341842,0.9733039489,0.9477298217,0.9052093845,0.8478711881,0.7798065017,0.6989771883,0.61968952,0.5515552093,0.50881656,0.5171646941,0.5723782738,0.6667533607,0.7845360487,0.913010698,1.041414104,1.16209996,1.275392221,1.364238986,1.437719392,1.490143265,1.510951449,1.377163984,1.158651524,0.9574700832,0.8453200427,0.8244397563,0.8698810081,0.9728478356,1.108903052,1.22622316,1.2995844,1.296316492,1.224623441,1.109462836,0.9806539472,0.8728356223,0.7862585177,0.7479577597,0.7021082664,0.6544247747,0.6130583007,0.6056061675,0.6043198033,0.6094746713,0.6123606739,0.617758671,0.6259822032,0.6327926214,0.6403468831,0.6487572886,0.6568666162,0.6642936568,0.6707035872,0.6778508866,0.6833024365,0.686112192,0.6904312867,0.6925945031,0.6910603064,0.691441376,0.689842756,0.6843991403,0.6808944965,0.6762328205,0.6687711492,0.6629331808,0.6573144434,0.6512186185,0.6461411696,0.6429186443,0.6424145853,0.642011752,0.6447541071,0.6531620379,0.6603948048,0.6710198133,0.6886613326,0.7037199883,0.7212333095,0.745002724,0.7652100948,0.786334996,0.8113454141,0.8326496196,0.8534431409,0.8749618216,0.8934512435,0.9105180437,0.9250689719,0.9378130862,0.9488567691,0.9546299019,0.9600166506,0.9639992034,0.9609172749,0.9587355726,0.9558473216,0.945446858,0.9368192146,0.9283325624,0.9134725239
9.3,1.239609863,1.277429479,1.30160812,1.313663427,1.309435893,1.293193565,1.261717853,1.219147415,1.169271936,1.108745025,1.047321911,0.9858328033,0.9303265382,0.8845435219,0.8535120484,0.8392948396,0.8377695232,0.8558540318,0.8794545696,0.9073138739,0.9376475639,0.9580228635,0.9733375418,0.9777174891,0.9724161842,0.9538227315,0.92777576,0.8973700016,0.8609177087,0.835988713,0.8175893233,0.8159634734,0.8392410057,0.8786495215,0.939963687,1.012596314,1.091161989,1.171138268,1.24554746,1.312459636,1.363500979,1.403110305,1.422375953,1.423910735,1.414827955,1.377672755,1.332962424,1.27612109,1.206917077,1.139544506,1.069621887,1.007515449,0.9561500248,0.9216021771,0.9029019648,0.8980391704,0.9065395,0.9173596195,0.9296835177,0.9366234045,0.9316788523,0.9157495675,0.8832422183,0.836698339,0.7787790388,0.7072161463,0.6344036565,0.5685970309,0.5227835413,0.5208231933,0.5638440464,0.6476132503,0.7588423786,0.8835675486,1.011405672,1.133753578,1.249055557,1.343108831,1.421164371,1.478273446,1.504234443,1.385362925,1.181446857,0.9895575237,0.8787837454,0.8492738112,0.8784160101,0.9643850082,1.088242352,1.199029377,1.269288118,1.264311851,1.191929643,1.07869111,0.953833294,0.8509940956,0.7681355576,0.73000327,0.6841276608,0.6362030075,0.5948636987,0.5879103343,0.5866469543,0.5913590953,0.5943568357,0.5998849914,0.6082624883,0.6153031405,0.6234130252,0.6327574559,0.6414642908,0.6499410699,0.6579838642,0.6661222679,0.6729852827,0.6778297706,0.6833658206,0.6870187567,0.6874757852,0.6889855792,0.6885700716,0.6845418374,0.6816622813,0.6774353937,0.6702640774,0.6640916002,0.6577366816,0.6503822138,0.6436623426,0.6383165512,0.6349982593,0.631706849,0.6312406709,0.6359970481,0.6398177257,0.6470622204,0.6614396139,0.6736298646,0.6885903426,0.7104023157,0.7289890802,0.7488699147,0.7734101971,0.7944410842,0.8152482485,0.8374719765,0.856768155,0.8748026095,0.8907668481,0.9050060448,0.9176024007,0.9250373087,0.9322037095,0.9379622281,0.9363910032,0.9359037898,0.9346906942,0.9253352397,0.9180125904,0.9108402511,0.8963585218
9.4,1.144839394,1.200585727,1.244696214,1.278379525,1.29775585,1.303837695,1.294714164,1.272580338,1.239949208,1.193059261,1.140048559,1.081694237,1.022854114,0.9669784165,0.9199019248,0.8854636078,0.8630268595,0.8610200169,0.8693409319,0.8869341141,0.9123536475,0.9329383126,0.9521704223,0.9632806268,0.9652115338,0.9556291617,0.9367375895,0.9115367296,0.8783442174,0.8508754551,0.8265440021,0.814939394,0.8262602419,0.8535291076,0.9056505826,0.9728861628,1.049517103,1.132617508,1.212729091,1.287979168,1.349246426,1.400370388,1.431757525,1.445303239,1.448035527,1.421016512,1.385040482,1.334769268,1.268980197,1.201565655,1.127229979,1.056506226,0.9922736386,0.9415635419,0.9053076418,0.8836394834,0.8792303111,0.8805696335,0.8890020129,0.8961273656,0.8942441569,0.8851853949,0.8606334719,0.8232052782,0.7743193971,0.7113856201,0.6451724764,0.5827099011,0.5359175884,0.5260013435,0.5582440869,0.6314231477,0.7353718085,0.8553909156,0.9818353815,1.105318847,1.221936747,1.321287077,1.403825705,1.465616891,1.497065252,1.395370241,1.206717854,1.02230064,0.9111621118,0.8734750642,0.8876259374,0.9563938388,1.06610609,1.168084545,1.233318151,1.225797344,1.153195905,1.043065856,0.9235652604,0.8267104184,0.7481783854,0.7107391745,0.6654460603,0.6178673866,0.5769950966,0.5705281218,0.5692903824,0.5735679065,0.5765225261,0.582042877,0.5904587365,0.5975194812,0.6059994421,0.6161321686,0.6252643468,0.6346545259,0.6442487821,0.6533284189,0.6615921828,0.6685186836,0.6753926306,0.6806901533,0.6833429326,0.6862835918,0.6873782612,0.6851273247,0.6833384025,0.6800255897,0.6736349047,0.6677114322,0.6611950201,0.6531114953,0.6453470923,0.6384144889,0.6326511443,0.6268836629,0.6234858149,0.6245433947,0.6249739182,0.6287049836,0.6392940918,0.6482621353,0.6602345673,0.6793086916,0.6957599627,0.7138859611,0.7371598218,0.7574160322,0.7777860424,0.8000182517,0.8196993969,0.8383507472,0.8551787063,0.8705896844,0.8844951889,0.8932244784,0.9019594857,0.9093597195,0.9091451353,0.910267298,0.9107013265,0.9024641983,0.896491361,0.8906959869,0.8768763669
9.5,1.035881201,1.104806503,1.165691148,1.218682229,1.259866586,1.288050006,1.301573319,1.30115471,1.288159015,1.258350637,1.218517391,1.169234472,1.114283815,1.05619655,1.000956891,0.9527864299,0.913273873,0.8910994296,0.8810350286,0.883252848,0.8973961028,0.9126546883,0.9306911025,0.9446010364,0.9510683817,0.949025881,0.9369678903,0.9175098231,0.8895945215,0.8615486403,0.834136622,0.8150732209,0.8149073838,0.8300094546,0.8705791311,0.9294508564,1.000858993,1.083869241,1.166764583,1.247651498,1.317744342,1.378586328,1.421763789,1.447794362,1.462703491,1.448479148,1.423800056,1.383611317,1.326014107,1.263432128,1.19063674,1.117339508,1.04654601,0.9842601019,0.9336194676,0.8960658526,0.8763707126,0.8653308539,0.8652691187,0.8679530594,0.8652148564,0.8589720353,0.8393219314,0.8084069273,0.7666534392,0.711103909,0.651088147,0.5925339595,0.5463170865,0.530995607,0.5545690229,0.6182666717,0.7150605456,0.8303028038,0.9550712016,1.079405293,1.197182878,1.301434158,1.388159568,1.454284596,1.490623979,1.405483454,1.229640113,1.050427188,0.9392945034,0.8962321479,0.8981854807,0.950260759,1.044079364,1.135212212,1.194228038,1.18428557,1.112572085,1.006618531,0.8930526237,0.8020068519,0.7274495071,0.6908215812,0.6463074159,0.5993737223,0.5593051801,0.5533152289,0.5521599348,0.5561229904,0.5590143096,0.5645311649,0.5730256242,0.5800676014,0.5888867716,0.599801222,0.6093447928,0.6196378573,0.6307858504,0.6408729953,0.6506002149,0.6596610544,0.6680508317,0.6751570708,0.6801278078,0.684792051,0.6876692841,0.687397183,0.6870946964,0.6850724948,0.6797472528,0.6745514118,0.6683337576,0.6598620279,0.6515590433,0.6435049445,0.6355696487,0.6277079291,0.6216591322,0.6189829867,0.6160512741,0.616151862,0.6224572935,0.6277983337,0.6362842665,0.651825433,0.6655019915,0.681234107,0.7024334045,0.7212854095,0.7406439484,0.7622314411,0.7818038261,0.8006505681,0.8179032429,0.8341708258,0.8491428852,0.8589601964,0.8691376223,0.8781167618,0.8792837123,0.8820699546,0.8842499718,0.8773635724,0.8729487919,0.8687534413,0.8559882196
9.6,0.9254139301,1.001087442,1.073524666,1.141468024,1.200343879,1.248179868,1.282196534,1.3021981,1.308994149,1.29691127,1.272580362,1.235835047,1.1894346,1.135387748,1.079072222,1.024747762,0.9747758994,0.9374309182,0.9110115647,0.8972215862,0.8974595272,0.903492029,0.9162715465,0.9292175206,0.9371712651,0.9403873741,0.9337857615,0.919510071,0.8971826554,0.8696295845,0.8408361321,0.8161989793,0.8054265512,0.8086169256,0.8359561339,0.8838705988,0.9471855575,1.026924645,1.109893489,1.193974631,1.271329526,1.340460107,1.394979103,1.433733294,1.461177621,1.461572721,1.450100281,1.422506234,1.376483686,1.322222639,1.255303192,1.184141346,1.111835138,1.042792903,0.9818543168,0.9311138574,0.8962867598,0.8715834921,0.8597425652,0.8539978005,0.8466215081,0.8391444018,0.8211823275,0.7940087216,0.757251687,0.7075829418,0.6529587027,0.5983160553,0.5534588706,0.5347875188,0.5517943551,0.6077225333,0.6982649268,0.8093327221,0.9325982904,1.057569651,1.176597698,1.284694226,1.374901422,1.444561922,1.484327893,1.413432948,1.247305586,1.072684053,0.9639387152,0.9189140907,0.9113047792,0.9475082366,1.024718381,1.104395942,1.157413554,1.145759183,1.075546644,0.9732455684,0.8643363443,0.7774180552,0.7057485733,0.6699238968,0.6263595149,0.580506558,0.5419105587,0.5366541841,0.5358130985,0.5396651783,0.5426880772,0.5483425432,0.557005934,0.5641213078,0.5733161845,0.584995025,0.5949637227,0.6061347813,0.6187645842,0.6298582733,0.6410241657,0.6521466034,0.6620911059,0.6710284886,0.6782827592,0.6847806478,0.6895405943,0.691284029,0.692668035,0.6921378491,0.688018079,0.6838541296,0.6782520609,0.6696470436,0.6612023122,0.6524273752,0.642618596,0.6330498864,0.6246874031,0.6184030229,0.6122546264,0.608749245,0.610488531,0.6119244203,0.6165373096,0.6279164501,0.6382439517,0.6509944343,0.6694587941,0.6863279914,0.7041532037,0.7246389815,0.7437047617,0.7624220655,0.7799159533,0.7968746875,0.8128082144,0.8237847155,0.835452825,0.8460953499,0.8489109601,0.8535700468,0.8577126118,0.8525608523,0.8500030814,0.8476867125,0.8363925563
9.7,0.827208734,0.9012713799,0.9778870013,1.054397178,1.124986096,1.188049659,1.238620189,1.276004611,1.301021256,1.305696586,1.297535833,1.27512896,1.240260451,1.194881054,1.143217476,1.08960485,1.03608884,0.9906343372,0.9530766958,0.9263875342,0.9139445021,0.9092591407,0.9145024594,0.9235348019,0.9300084471,0.9358347197,0.9325689131,0.9221119693,0.9043225593,0.8776057867,0.8480708333,0.8189125993,0.7987773601,0.790087348,0.8031866792,0.8379867963,0.8904438602,0.964079946,1.044571197,1.129763003,1.212742496,1.28918283,1.354506901,1.405875697,1.446365191,1.462043292,1.464997362,1.45148788,1.418740046,1.37507104,1.316598778,1.250743995,1.180320648,1.108710454,1.041420985,0.9809091619,0.9336180622,0.8956695552,0.8712276509,0.855004153,0.8401491407,0.8286184015,0.809570364,0.7837455894,0.7498725868,0.7045517067,0.6540940662,0.6025828214,0.5592000396,0.537849809,0.5496446695,0.599198198,0.684272504,0.7918726713,0.9137211198,1.038895258,1.159017154,1.269434443,1.362026618,1.434066795,1.475627678,1.416720057,1.2588914,1.090373152,0.9870427546,0.9428441756,0.9279959772,0.9502107178,1.01207117,1.08135648,1.129207971,1.115652959,1.045630071,0.9441850002,0.8370136736,0.7518799978,0.682134487,0.6475002333,0.6056142731,0.5619283153,0.5261817296,0.5222787191,0.5222045313,0.5262217286,0.529731817,0.5357237041,0.5445873193,0.5518588948,0.5613788255,0.5736199816,0.5838622111,0.5956784937,0.6094506278,0.6212777676,0.6335811968,0.6464040997,0.6576287478,0.6681328624,0.6773844418,0.6855306384,0.6920238499,0.6956456715,0.6986828382,0.6996667818,0.6968212536,0.6938513557,0.6890952842,0.6806597631,0.6724436388,0.6633793043,0.6521855404,0.6414169691,0.6312565631,0.6218369286,0.6128895478,0.6061089487,0.6034258608,0.6009991176,0.6016526012,0.6085857072,0.6152192828,0.6245915206,0.6398884307,0.6543329133,0.6702215839,0.6893336077,0.7076034903,0.7259674355,0.7436971221,0.761281697,0.7781574314,0.7905132216,0.8037878647,0.8162195081,0.8210284331,0.8277690279,0.834055913,0.8309961004,0.8305034813,0.8302190256,0.8206723345
9.8,0.7557942727,0.8182072106,0.8899601948,0.9669283841,1.041822419,1.114168238,1.176127943,1.226835949,1.267027985,1.286757677,1.294148798,1.286530538,1.265137143,1.231233672,1.188478456,1.140883255,1.089527172,1.042606528,0.9997643223,0.9650587688,0.9432603684,0.9289418075,0.9262368731,0.9296635716,0.9327408993,0.9385677784,0.9365890121,0.9284072921,0.9136061307,0.8878079681,0.8577522917,0.8248999375,0.7968927378,0.7767109311,0.7752925234,0.795360893,0.8343815829,0.8992706878,0.9747320746,1.059038325,1.145866687,1.228655363,1.30393777,1.367256214,1.420920834,1.451393401,1.469028554,1.469963731,1.450674037,1.418711405,1.369814476,1.311092718,1.244774173,1.17382833,1.103709067,1.037045133,0.9813380511,0.9323245629,0.8969681178,0.8706941028,0.8473040294,0.8307365054,0.8088289198,0.7826754122,0.7498879897,0.7073816781,0.6595142357,0.6095962299,0.5671464088,0.5421340315,0.5488564824,0.5923591054,0.6716779328,0.7761077542,0.8960398606,1.020678473,1.141179819,1.252492101,1.346259483,1.419442382,1.46190096,1.413663468,1.264941983,1.104968036,1.009245021,0.9678063259,0.9484790567,0.9603472611,1.010146327,1.070822076,1.113408468,1.095709999,1.022486217,0.9179153916,0.809575639,0.7247229379,0.6568535061,0.6243794338,0.5855202181,0.5455960733,0.5143888351,0.5125730722,0.513763896,0.5181976759,0.5225266042,0.5289862046,0.5379541153,0.5453311313,0.5549519619,0.5673263031,0.577452315,0.5894200637,0.60370431,0.615686654,0.6285261895,0.6423970893,0.6543170634,0.665843271,0.6765738016,0.6859244082,0.6937870983,0.6990143013,0.7034991516,0.7058946771,0.7043662236,0.7026803344,0.6989733263,0.6910967759,0.6835134798,0.674669678,0.6627927583,0.6514922026,0.6402626035,0.62855325,0.6175427199,0.6081829913,0.6017250573,0.5958961859,0.592915915,0.5955730716,0.5985008168,0.6043751251,0.6163240634,0.6280501971,0.6416987286,0.6592399699,0.6764319209,0.6941984866,0.7121210235,0.7301831327,0.7478803739,0.7617116151,0.7765537861,0.7907304129,0.7976796802,0.8064959996,0.8148846411,0.8140266854,0.8155567361,0.8172037894,0.8094201794
9.9,0.7225444434,0.7640447062,0.8215445939,0.8899648739,0.9606602783,1.035437671,1.102731474,1.161993757,1.213424925,1.245880821,1.267299598,1.273859256,1.266967763,1.245770504,1.214701688,1.176720802,1.131360272,1.088108788,1.044725406,1.006616826,0.9790803313,0.9574926505,0.9476689651,0.9449359586,0.944032693,0.9477095618,0.9456502277,0.9386382391,0.9255074448,0.9010541765,0.8709450156,0.8356997312,0.8017440136,0.7716322439,0.7565104791,0.7611052651,0.7848294587,0.8381377369,0.905839515,0.9869029606,1.075387883,1.163022858,1.246799908,1.320718675,1.386706422,1.430677494,1.462190622,1.476896195,1.470331376,1.450184876,1.411147934,1.360480984,1.2999087,1.231995431,1.162161676,1.092960481,1.032899279,0.9764263165,0.9333261207,0.8992816354,0.8683464107,0.8472090525,0.8219174469,0.7945037872,0.761586029,0.7203262235,0.6733952521,0.6232700786,0.5804708411,0.5500493432,0.550681519,0.5872502402,0.6593761865,0.7601853651,0.8770829984,1.000203389,1.120040138,1.231210066,1.325199434,1.398603229,1.441870006,1.404005796,1.26622026,1.116644309,1.029525284,0.9925332845,0.9723209871,0.9786398695,1.020354453,1.073492571,1.109037025,1.083443778,1.00319622,0.8925122051,0.7819177487,0.6975755398,0.6324441349,0.6032895611,0.5687959268,0.5339260484,0.5082965115,0.5089758875,0.5116914667,0.5166497217,0.5219222796,0.5288335953,0.5377237382,0.5450165205,0.5544101982,0.5664205724,0.5759220364,0.5874429618,0.6015277445,0.6129593952,0.6256158916,0.6397922807,0.651696002,0.663587603,0.6752037173,0.6852149368,0.6940003082,0.7005170205,0.7061869788,0.7098483826,0.7096726729,0.7093471197,0.7068885982,0.6999889044,0.6934695459,0.6853952747,0.6736181211,0.6625377728,0.6510798805,0.6381147248,0.6259716112,0.6149708867,0.6057289777,0.5972839792,0.5913432825,0.5902832421,0.5898035805,0.592324855,0.6009548174,0.609779246,0.6209275295,0.6366643002,0.6523950976,0.6691761351,0.6870392168,0.7051985272,0.7233465182,0.7384483868,0.7545294005,0.7701181361,0.7790294949,0.7896279661,0.7998051178,0.8009720258,0.8042484267,0.8075216825,0.8013203396
10,0.728743348,0.7452613136,0.7816826932,0.8336721118,0.8917556248,0.9620817246,1.028297693,1.090928851,1.149473383,1.19162219,1.224990932,1.244340235,1.25192028,1.243477969,1.225367965,1.198937825,1.161430138,1.125152473,1.084145879,1.045755943,1.015388334,0.9885592922,0.9728300994,0.9640308831,0.9593305165,0.9594870529,0.9567379928,0.9505069432,0.9382795893,0.9162473678,0.8870640512,0.8513529352,0.8140742884,0.7768188706,0.7502805235,0.7400918754,0.748049138,0.7869746604,0.844075198,0.9190433295,1.006306119,1.096606062,1.18666377,1.269157745,1.345668383,1.401295394,1.445110617,1.47220799,1.477243982,1.468331228,1.439029942,1.396822813,1.343176443,1.280007529,1.21297821,1.144402829,1.083269507,1.02324057,0.9757662829,0.9368405148,0.9006381324,0.8760780534,0.8478839821,0.8189452554,0.7853203416,0.744002761,0.6966887823,0.6449353707,0.6002222855,0.5629713099,0.5559949783,0.5840281654,0.6469305658,0.7429651082,0.8554056426,0.9759856935,1.094206529,1.204700651,1.298477233,1.371749651,1.416265978,1.388968185,1.263542583,1.124966346,1.046811381,1.01615132,0.9987162129,1.003600802,1.039975127,1.085215588,1.111065856,1.074289608,0.984991292,0.8679381125,0.7565047119,0.6743081449,0.6128735508,0.5876850412,0.5580475,0.5284143903,0.5080850257,0.5110921021,0.5152207907,0.5206496987,0.5267545445,0.5339956379,0.5426613356,0.5496477718,0.5585413048,0.5698490053,0.5782995021,0.5888987297,0.6022597895,0.6125411192,0.6244115225,0.6383033413,0.6495627417,0.6612411893,0.6732441215,0.6834244551,0.692723689,0.7002457835,0.7068604424,0.7116421477,0.7128221211,0.7139220823,0.7128741731,0.7072764728,0.7022058858,0.6953823385,0.6843597813,0.6741882716,0.6632776149,0.6499940182,0.6376301763,0.6259411207,0.6149454366,0.6047819167,0.5967130365,0.5926865211,0.5893039171,0.5888187481,0.5943218942,0.6001720382,0.6086168355,0.6222968322,0.6361091389,0.6513969563,0.6687785543,0.6864624611,0.7044806569,0.7204213907,0.7371979898,0.7536565248,0.7641455622,0.7760667918,0.7875745753,0.7904567453,0.7951286195,0.7996797207,0.7948484828
