子图7 热图矩阵（行=y，列=x）,-4,-3.95,-3.9,-3.85,-3.8,-3.75,-3.7,-3.65,-3.6,-3.55,-3.5,-3.45,-3.4,-3.35,-3.3,-3.25,-3.2,-3.15,-3.1,-3.05,-3,-2.95,-2.9,-2.85,-2.8,-2.75,-2.7,-2.65,-2.6,-2.55,-2.5,-2.45,-2.4,-2.35,-2.3,-2.25,-2.2,-2.15,-2.1,-2.05,-2,-1.95,-1.9,-1.85,-1.8,-1.75,-1.7,-1.65,-1.6,-1.55,-1.5,-1.45,-1.4,-1.35,-1.3,-1.25,-1.2,-1.15,-1.1,-1.05,-1,-0.95,-0.9,-0.85,-0.8,-0.75,-0.7,-0.65,-0.6,-0.55,-0.5,-0.45,-0.4,-0.35,-0.3,-0.25,-0.2,-0.15,-0.1,-0.05,0,0.05,0.1,0.15,0.2,0.25,0.3,0.35,0.4,0.45,0.5,0.55,0.6,0.65,0.7,0.75,0.8,0.85,0.9,0.95,1,1.05,1.1,1.15,1.2,1.25,1.3,1.35,1.4,1.45,1.5,1.55,1.6,1.65,1.7,1.75,1.8,1.85,1.9,1.95,2,2.05,2.1,2.15,2.2,2.25,2.3,2.35,2.4,2.45,2.5,2.55,2.6,2.65,2.7,2.75,2.8,2.85,2.9,2.95,3,3.05,3.1,3.15,3.2,3.25,3.3,3.35,3.4,3.45,3.5,3.55,3.6,3.65,3.7,3.75,3.8,3.85,3.9,3.95,4
0.5,0.0005631241135,0.0006410905188,0.0006342015825,0.0006369825202,0.0006878219215,0.0006644121955,0.0006889645098,0.000707303962,0.0006958599743,0.0007280032656,0.0007305191423,0.0007357751039,0.0007588544557,0.0007540040714,0.0007669297661,0.0007776517377,0.0007762223879,0.0007922287231,0.000796147437,0.0008008751495,0.0008133074635,0.0008134824168,0.0008213591801,0.0008283147026,0.000829555051,0.0008388724508,0.0008425503448,0.0008465461725,0.0008542828742,0.0008560910312,0.0008616388557,0.0008667771238,0.0008690315604,0.0008755203538,0.0008791336433,0.0008829377536,0.0008888457884,0.0008916475711,0.0008965512672,0.0009013349891,0.0009046565269,0.0009103639861,0.000914702857,0.0009192820001,0.0009251455843,0.0009295960604,0.0009354066472,0.0009413556282,0.0009467155176,0.0009538313302,0.0009604456594,0.0009675536978,0.0009756525254,0.0009836135989,0.0009927234092,0.001002391037,0.001012355448,0.001023937483,0.001036051052,0.001049171533,0.001063619274,0.001079318508,0.001096704318,0.001115598773,0.001136097665,0.001159286077,0.001184726771,0.001212666489,0.001243935997,0.00127886192,0.001318001379,0.001361781055,0.001408798518,0.001464725161,0.00152485652,0.001590242289,0.001665743302,0.001742006305,0.001825908541,0.00191176731,0.001966490684,0.001886277646,0.001820344036,0.001782953895,0.001840001473,0.001994019628,0.00211778154,0.002208701232,0.002290508232,0.002372146728,0.002401660458,0.00246434919,0.002643629961,0.003534277473,0.004102608734,0.004234862044,0.003609141075,0.002073451415,0.00100650129,-6.240314292e-05,-0.0007309277657,-0.0006337221935,-0.0008957655573,-0.0009592227881,-0.0008817577612,-0.0009077830241,-0.00097887745,-0.000979963752,-0.001063475905,-0.001115451912,-0.001060045836,-0.001057862914,-0.001139820145,-0.00117205264,-0.001158995506,-0.001178868972,-0.001183822226,-0.001198351527,-0.001225953851,-0.001252909062,-0.001252045151,-0.001246546618,-0.001259245705,-0.001287417312,-0.0013061641,-0.001300168195,-0.001302789419,-0.001312851118,-0.00132326048,-0.001335557117,-0.001346548419,-0.001344918957,-0.001343101295,-0.001354976103,-0.001365880588,-0.00137132377,-0.001373414281,-0.001372579719,-0.001377351051,-0.001386874945,-0.001389698965,-0.001389057173,-0.001393642026,-0.001396436606,-0.001395441463,-0.001398372316,-0.0014084225,-0.001404566099,-0.001393861014,-0.001408898724,-0.001414602598,-0.00140025807,-0.001406100667,-0.001418486957,-0.00141092046,-0.001394136393,-0.001404551176,-0.001428546497,-0.001400331909,-0.001391857624,-0.001429405496
0.6,0.0004492017265,0.0005573749487,0.0005494213475,0.0005546213647,0.0006256415506,0.0005949764851,0.0006299876195,0.0006564636793,0.0006422863831,0.0006876592651,0.000692603385,0.0007013653014,0.0007343418718,0.0007294162869,0.0007486860489,0.0007648923493,0.0007647762633,0.0007880974447,0.0007952161461,0.0008035430258,0.0008219499097,0.0008243651841,0.0008368342261,0.0008480173258,0.0008520099495,0.0008661531055,0.0008732032465,0.0008806855507,0.0008926456048,0.0008974639356,0.0009067758667,0.000915526993,0.000921069842,0.0009312228852,0.0009382331651,0.0009455096431,0.0009547918455,0.0009610883741,0.0009694518036,0.0009776416451,0.0009845939559,0.0009937329007,0.001001688835,0.0010099642,0.001019218864,0.001027641985,0.001037138171,0.001046833699,0.001056421534,0.00106724628,0.001078089347,0.001089523291,0.001101708111,0.001114464918,0.001128156064,0.001142593113,0.001157822149,0.001174518193,0.001192276218,0.001211318022,0.001231788185,0.001254371182,0.001278834354,0.00130543519,0.001334176303,0.00136667905,0.001402101507,0.001440923945,0.001484411133,0.001532649938,0.001586818888,0.001647314974,0.001712251841,0.001789486181,0.001872580536,0.001962925178,0.002067479107,0.002172898287,0.002289074673,0.002407958188,0.002483360683,0.002365329032,0.002263108787,0.002200834822,0.00227251856,0.002485127935,0.002656994805,0.002782674793,0.002895668377,0.003011143782,0.003051340873,0.003136695795,0.003383061766,0.004651398871,0.005463912419,0.005656502485,0.004781106356,0.002621119636,0.001111044875,-0.0004033596753,-0.001361848041,-0.001232830074,-0.001608459002,-0.001698325603,-0.001593824292,-0.001633561887,-0.001733637347,-0.00173708264,-0.001855638443,-0.001928915494,-0.001851867008,-0.0018492748,-0.001964001968,-0.002009639374,-0.001990819091,-0.002018234774,-0.002025184653,-0.002045004548,-0.002083016722,-0.002120449898,-0.002118207366,-0.002108893303,-0.002126214805,-0.002165579702,-0.002191417311,-0.002180823016,-0.002182567192,-0.002195313562,-0.002209838329,-0.002227089779,-0.002240621956,-0.002235449617,-0.00222985069,-0.002246922397,-0.002262597852,-0.002269243108,-0.002268531312,-0.0022639296,-0.002269749613,-0.00228336626,-0.002287784396,-0.002283204174,-0.002285693025,-0.002287093166,-0.002285927891,-0.002289793165,-0.002301554565,-0.00229268685,-0.002273731058,-0.002294218314,-0.002301526732,-0.002279487367,-0.002284649545,-0.002298914777,-0.002285642505,-0.002260354218,-0.002273182575,-0.002303859697,-0.00226121998,-0.002246654831,-0.00229644455
0.7,0.0002633231557,0.0004034460574,0.0003947635393,0.0004028841775,0.0004955292902,0.0004577335757,0.00050433345,0.0005401096146,0.0005236211685,0.0005838857181,0.0005921819354,0.0006053802313,0.0006499910741,0.0006456509465,0.0006726251496,0.0006957335736,0.0006975836011,0.0007300701272,0.0007414520844,0.0007543936544,0.0007806431565,0.0007858467935,0.0008043395845,0.000821226421,0.0008285024074,0.0008494967347,0.0008609691981,0.0008730521703,0.0008913543121,0.0008999147708,0.0009146716831,0.0009287405282,0.0009382555739,0.0009544217183,0.0009661204928,0.0009781624551,0.0009933104733,0.001003891566,0.001017586076,0.001031081128,0.001042526031,0.001057413028,0.001070332226,0.00108367152,0.001098676479,0.001111936053,0.001126961767,0.001142227461,0.001156907707,0.001173743285,0.001190148186,0.001207283783,0.001225685045,0.001244289273,0.001264348227,0.001285304578,0.001307051608,0.001330944681,0.001355948261,0.00138255655,0.001411111031,0.001442081963,0.001475535063,0.001511651943,0.001550456753,0.001593931244,0.001641221415,0.001692863437,0.001750450295,0.001814266387,0.001885753754,0.001965547443,0.002051117228,0.002152865689,0.002262267119,0.002381222443,0.00251890479,0.002657762544,0.002810841933,0.002967451785,0.003066631037,0.002902770435,0.002755085079,0.002660506554,0.00274567572,0.003024419026,0.003251257291,0.003415575217,0.00356354381,0.003719243358,0.003770641361,0.0038797147,0.004200592769,0.005912378596,0.007011729571,0.007275452477,0.006109059587,0.003221603189,0.001189602725,-0.0008521491783,-0.002161592598,-0.002001760046,-0.002515262531,-0.002637570351,-0.002504269074,-0.00256208853,-0.002697224875,-0.002706230677,-0.00286803973,-0.002966329457,-0.002864731328,-0.002862476939,-0.0030169951,-0.003079849895,-0.00305492538,-0.003091044821,-0.003100527326,-0.003127340125,-0.00317825469,-0.003228727707,-0.003224956657,-0.003211306868,-0.003234085192,-0.003286639043,-0.003320434782,-0.003305277432,-0.00330668714,-0.003322600785,-0.003340784715,-0.003362702108,-0.003379825384,-0.003371659156,-0.003362849318,-0.003384009669,-0.003403403743,-0.003410453301,-0.003408084527,-0.00340087766,-0.003406724427,-0.003422365889,-0.003426339116,-0.003418837406,-0.003419952814,-0.003419879807,-0.00341641325,-0.003418997573,-0.003432089561,-0.003418120673,-0.00339027792,-0.003415308567,-0.003422896062,-0.003390742971,-0.003394321683,-0.003409619532,-0.003389120388,-0.003354017551,-0.003369060957,-0.003404253202,-0.003342882951,-0.003320124394,-0.003383801664
0.8,-1.402178768e-05,0.0001577239583,0.0001474499117,0.0001577955559,0.000271681842,0.0002261869635,0.0002840627931,0.0003288207475,0.0003097949675,0.000384890666,0.0003965541949,0.0004143541229,0.0004707383015,0.0004674197432,0.0005025361187,0.000533080667,0.0005377704843,0.000580076568,0.0005967098941,0.0006153678807,0.0006504547328,0.0006598707626,0.0006857007073,0.0007096431267,0.0007218826189,0.0007510491701,0.0007686270938,0.00078700201,0.0008130544887,0.0008272143424,0.0008490470851,0.0008700794776,0.0008855828859,0.0009093061952,0.0009275771998,0.0009463113846,0.0009689297784,0.0009859504033,0.001006901216,0.00102759842,0.001045775335,0.001068271603,0.001088347321,0.001108925623,0.001131642967,0.001152139022,0.001174872056,0.001197881803,0.001220138569,0.001245064721,0.001269420988,0.001294630902,0.001321341047,0.001348229705,0.001376842471,0.001406518759,0.001436996082,0.001470049899,0.001504353522,0.001540555403,0.001579126035,0.001620501496,0.001664932943,0.001712597295,0.001763465109,0.001820165684,0.001881506209,0.001948236011,0.002022464817,0.0021042875,0.002195808753,0.00229778664,0.002406946944,0.002536647816,0.002675940138,0.002827333075,0.003002538941,0.003179190417,0.00337389511,0.003573070647,0.003699102814,0.00348184807,0.003279955879,0.003145948351,0.003244781932,0.003596484733,0.003882647888,0.004094263839,0.004282900154,0.004479345293,0.004545096437,0.004686458039,0.005083177826,0.007303312695,0.008739856986,0.009085849135,0.007583402826,0.003862283638,0.00122559459,-0.0014311173,-0.003159526389,-0.002969046208,-0.00364671834,-0.003808006748,-0.00364575232,-0.003727731448,-0.003904551783,-0.003922416967,-0.004135968224,-0.004264459637,-0.004136460013,-0.004136171106,-0.004337357123,-0.004421425906,-0.00439037404,-0.004437445854,-0.004451078547,-0.004486576949,-0.004552927161,-0.004619318477,-0.004614294852,-0.004595800512,-0.004625500807,-0.00469403465,-0.004737430823,-0.004716869536,-0.004717925647,-0.00473763035,-0.004760482299,-0.004788343635,-0.004809509453,-0.004797215875,-0.004783962712,-0.004810476194,-0.00483478614,-0.004842086402,-0.004836726467,-0.004825764668,-0.004831496917,-0.004849587371,-0.0048536944,-0.004841659978,-0.00483945231,-0.004836836879,-0.004831294305,-0.004832452846,-0.004845725859,-0.004824620253,-0.004785388377,-0.004814954167,-0.004822577271,-0.004778573121,-0.004778525206,-0.004792757458,-0.004763016087,-0.004716960023,-0.004733629919,-0.004770759482,-0.004686923244,-0.004653638152,-0.004730574984
0.9,-0.0004215829101,-0.0002218338694,-0.0002365570132,-0.000226771339,-9.470523288e-05,-0.0001502029031,-8.359622386e-05,-3.212181976e-05,-5.546132467e-05,3.234176617e-05,4.577043765e-05,6.67748322e-05,0.0001333481428,0.0001301243346,0.0001723340083,0.0002093769585,0.0002164053337,0.0002676828952,0.0002891862561,0.0003132846386,0.0003566384695,0.0003704942919,0.0004035447434,0.0004345588006,0.0004523166029,0.0004896998211,0.0005139561889,0.0005393387552,0.0005736079995,0.0005945746445,0.0006244264256,0.0006535154325,0.000676594236,0.0007090013034,0.0007354890423,0.0007626859358,0.0007941527555,0.0008197648849,0.0008496772986,0.0008794323038,0.0009066978937,0.0009385615511,0.0009680117365,0.000998122116,0.001030379417,0.001060668729,0.001093210279,0.001126092099,0.001158467137,0.001193446563,0.001228090074,0.001263701819,0.001300811443,0.001338497228,0.001377919875,0.001418544034,0.001460292594,0.001504707579,0.001550746629,0.001598937345,0.001649690585,0.001703881579,0.001761533712,0.001822993219,0.001888171351,0.001960421524,0.002038091475,0.002122169984,0.002215425899,0.002317645694,0.002431778233,0.002558653152,0.002694131736,0.002854986483,0.003027547787,0.003214997343,0.003431990559,0.003650554064,0.003891665582,0.004138345894,0.004294274044,0.004016815854,0.003752183355,0.003571554119,0.003682082803,0.004114936055,0.004470026548,0.004731693376,0.004965978432,0.005215920697,0.005298066878,0.005470608289,0.005955716547,0.008760752242,0.01058000755,0.01102224878,0.00914545981,0.004482964147,0.001157322196,-0.002201479361,-0.004413162796,-0.004187466831,-0.005056920911,-0.005263070901,-0.005070629575,-0.005182597595,-0.005407428831,-0.005437517904,-0.005711752961,-0.005875291096,-0.005718284677,-0.005721268711,-0.005976287588,-0.006085768102,-0.006048105918,-0.006108010471,-0.006127100062,-0.006173066536,-0.006257456746,-0.006342687888,-0.006336128561,-0.006311617765,-0.006349847577,-0.006437680414,-0.006492729161,-0.006464922692,-0.00646474666,-0.006488533737,-0.00651775034,-0.00655360115,-0.006578759064,-0.006559879943,-0.006539576012,-0.006573791795,-0.006605344854,-0.006612872604,-0.006601542377,-0.006584249354,-0.006589847492,-0.006611738884,-0.006617811109,-0.006598225469,-0.006589093593,-0.006582020045,-0.006575475885,-0.006575786384,-0.006587400556,-0.006556075049,-0.006502041603,-0.006535879189,-0.006543252451,-0.006485852097,-0.006479584434,-0.006489907121,-0.006448336152,-0.006389728938,-0.006406294098,-0.006442587147,-0.006333351667,-0.006286962261,-0.006373989739
1,-0.001030111507,-0.0008132368373,-0.0008407585336,-0.0008399866323,-0.0006993194165,-0.0007720721918,-0.0007050809103,-0.0006548325015,-0.0006894984103,-0.0005966914778,-0.0005882740109,-0.0005707445995,-0.0005005936431,-0.0005097197279,-0.0004663963162,-0.000428475251,-0.0004245260006,-0.0003692428095,-0.0003477293858,-0.000322802404,-0.0002752177095,-0.0002612298236,-0.0002246378825,-0.0001899522027,-0.0001702904516,-0.0001273268003,-9.92659266e-05,-6.952014369e-05,-2.906549669e-05,-3.733219502e-06,3.230617681e-05,6.776339783e-05,9.644968472e-05,0.0001364659338,0.0001697974739,0.0002042119713,0.000243992992,0.0002770890468,0.0003155623234,0.0003540664714,0.00038976103,0.0004312467664,0.0004699981632,0.000509688503,0.0005522097078,0.0005924164072,0.0006355136522,0.0006791384539,0.0007221749236,0.000768469294,0.0008143624855,0.0008614361276,0.0009103617716,0.000959835074,0.001011406035,0.001064333683,0.001118498384,0.001175768215,0.001234811158,0.001296301612,0.001360723426,0.001429010577,0.001501249235,0.001577859769,0.001658722826,0.001747721407,0.001843057846,0.001945870928,0.002059507062,0.002183727377,0.002322090459,0.002475679171,0.002639463606,0.00283385892,0.003042215895,0.003268535368,0.003530648831,0.003794614109,0.004086060334,0.004384388188,0.004573005424,0.004228665314,0.003890833703,0.003654081797,0.003772752421,0.004292466374,0.004722907756,0.005040905468,0.005328116734,0.00564236781,0.005748178391,0.005961939818,0.006550932493,0.01002901055,0.01229576549,0.01286340305,0.01058465167,0.004883905329,0.0007961280386,-0.003337925356,-0.006066095251,-0.00577986513,-0.006864996062,-0.007115898113,-0.006885121295,-0.007029119727,-0.007304625483,-0.007347568085,-0.007689398901,-0.007889047546,-0.007696402611,-0.00770076925,-0.008015544876,-0.008152872788,-0.008105598839,-0.008177493695,-0.008200564984,-0.008257304556,-0.008360981741,-0.008466771064,-0.008456812955,-0.008423579397,-0.008470168945,-0.008578907497,-0.00864561818,-0.008608863056,-0.008606793799,-0.008634142457,-0.008668334442,-0.008711245557,-0.008740690052,-0.008714274157,-0.00868589494,-0.008726279066,-0.008763510769,-0.008769208746,-0.008751685731,-0.008728315207,-0.008731605097,-0.008754059768,-0.008759593732,-0.008732296624,-0.008715091999,-0.008702106716,-0.008691912757,-0.008688105755,-0.008695700737,-0.0086528279,-0.008582552381,-0.008617650184,-0.008621962686,-0.008548236118,-0.008532790418,-0.008535725821,-0.008479550935,-0.008406825843,-0.008421002774,-0.00845050266,-0.008310979969,-0.008247997432,-0.008342680204
1.1,-0.001808217879,-0.001599008128,-0.001660759731,-0.001690697751,-0.001564976546,-0.001675142202,-0.001629767125,-0.001602252976,-0.00166798667,-0.001591740723,-0.001608108712,-0.001613602005,-0.001560051757,-0.001593253341,-0.001567656621,-0.001547228163,-0.001563547691,-0.001522216356,-0.001517409353,-0.001508084526,-0.00147288806,-0.00147396385,-0.001449288273,-0.001425966669,-0.001418561436,-0.001384466519,-0.001366161946,-0.001345288788,-0.001311735422,-0.001294261358,-0.001264134043,-0.00123393259,-0.001210650017,-0.001173870722,-0.001143962347,-0.001112189333,-0.001073706709,-0.001042103348,-0.001003817871,-0.0009649034061,-0.0009286380478,-0.0008851715939,-0.0008443094354,-0.0008018940462,-0.0007557706177,-0.0007118411259,-0.0006641561254,-0.0006155212061,-0.0005672456865,-0.0005147859682,-0.0004625614159,-0.0004087322204,-0.0003525119176,-0.0002954877238,-0.0002358422305,-0.0001744850268,-0.0001116487362,-4.506507264e-05,2.354653718e-05,9.501278246e-05,0.0001699494736,0.000249190593,0.0003330304211,0.0004218707256,0.0005155132911,0.0006185755668,0.0007288795547,0.0008478187266,0.0009795081887,0.001123200131,0.001283645986,0.001462066323,0.001652145916,0.001878920625,0.002122000541,0.002386503472,0.002694112682,0.003003834591,0.003347175371,0.003699382436,0.003921900763,0.003509852982,0.003089590894,0.002786908032,0.002909253745,0.003518852249,0.004027401591,0.004412702782,0.004764937527,0.005154695755,0.005302338956,0.00558698604,0.006306344103,0.01056911462,0.01338262735,0.0141366713,0.01146144876,0.00466062561,-0.0002264137942,-0.005162184121,-0.008359761793,-0.007938696848,-0.009247708667,-0.009526832316,-0.009234765147,-0.009403855624,-0.009721537168,-0.009767581139,-0.01017481829,-0.01040446298,-0.01016195424,-0.01015860359,-0.01053219954,-0.01069272286,-0.0106267784,-0.01070509727,-0.01072599446,-0.01078881631,-0.0109082067,-0.01103214392,-0.01101326024,-0.01096477617,-0.01101672099,-0.01114563572,-0.01122155597,-0.01117054596,-0.01116266572,-0.01119072149,-0.01122776291,-0.01127626095,-0.01130779656,-0.01126922517,-0.01122809956,-0.01127402885,-0.01131629647,-0.01131734842,-0.01128954041,-0.0112566535,-0.01125520283,-0.01127646771,-0.01128072992,-0.01124198512,-0.01121183796,-0.01118959809,-0.0111748147,-0.01116519218,-0.01116483869,-0.01110643811,-0.01101605442,-0.01104978614,-0.01104886121,-0.01095631874,-0.01092712313,-0.01091737103,-0.01084320256,-0.01075480275,-0.01076354679,-0.01077964337,-0.0106055627,-0.01052206349,-0.01061926799
1.2,-0.00198995094,-0.001814417675,-0.001932733754,-0.002016613754,-0.001931913001,-0.002102114244,-0.002103704076,-0.002124153531,-0.002244776975,-0.002211389618,-0.002277293658,-0.002330748667,-0.002319819829,-0.00240145049,-0.002418926709,-0.002441136541,-0.002502013369,-0.002499884559,-0.002536106069,-0.00256652253,-0.002568299275,-0.002607840059,-0.002618819192,-0.002630301834,-0.002657781957,-0.00265565247,-0.002669353154,-0.002679295777,-0.002674768029,-0.002686095666,-0.002682981531,-0.002678770485,-0.002680828822,-0.002667439305,-0.002660272111,-0.00265010256,-0.002631914231,-0.00261970619,-0.002599510287,-0.002577676567,-0.00255756845,-0.002528860874,-0.002501864507,-0.002472292821,-0.002438022666,-0.002404809078,-0.002366911976,-0.002327133263,-0.002286749437,-0.002241241714,-0.002195033931,-0.002146359857,-0.002094584691,-0.002040880384,-0.001983898594,-0.001924451284,-0.001862680648,-0.001796423778,-0.001727261159,-0.001654504752,-0.001577553563,-0.00149513352,-0.001407258242,-0.001313275122,-0.001213530385,-0.001102501355,-0.0009828904336,-0.0008530811635,-0.000707955719,-0.0005489010272,-0.0003697794244,-0.0001692972356,4.477729802e-05,0.0003027820186,0.0005800177868,0.0008828685839,0.001237398852,0.001594610066,0.001992729523,0.002402306992,0.002660730333,0.002208848434,0.00172307936,0.001367448875,0.001505342712,0.002224932285,0.002832029412,0.003296508103,0.003728927733,0.004221187376,0.004425846985,0.004796472516,0.005680311613,0.01084798998,0.01429444675,0.01528914872,0.01221400286,0.004228552289,-0.001515004535,-0.007309801309,-0.0109926962,-0.01040566788,-0.01195892391,-0.01226017696,-0.01189365733,-0.01208592191,-0.01244502674,-0.01249090544,-0.01296831807,-0.01322731816,-0.01292521483,-0.01291023456,-0.01334735529,-0.0135322941,-0.01344271777,-0.01352605424,-0.01354277952,-0.01361133076,-0.01374741301,-0.01389133173,-0.01386103162,-0.01379371437,-0.01385163602,-0.01400408402,-0.01409069609,-0.01402224951,-0.01400706867,-0.01403578002,-0.014076973,-0.0141331873,-0.01416715806,-0.01411336285,-0.01405626447,-0.01411075047,-0.01416080797,-0.01415685982,-0.0141159669,-0.01407155303,-0.01406526353,-0.01408648265,-0.01409193458,-0.01403928281,-0.01399233545,-0.01395894293,-0.01394134242,-0.01392679974,-0.01391599092,-0.01383955581,-0.01372702284,-0.01375811177,-0.01375139088,-0.01363998584,-0.01359417916,-0.01356786876,-0.01347394961,-0.01336985933,-0.01337078681,-0.01336884327,-0.01315923546,-0.0130533112,-0.01314736689
1.3,-0.0009383040759,-0.0007778052277,-0.0009287029871,-0.001043931665,-0.0009820308712,-0.001189134365,-0.001218867504,-0.001268608309,-0.001423784158,-0.001416844361,-0.00151419209,-0.001598263363,-0.001614383125,-0.001727462531,-0.001772776668,-0.001822667368,-0.001912867327,-0.001936250602,-0.001999535552,-0.002056265184,-0.00208235074,-0.002147577479,-0.002182214997,-0.002216822846,-0.002267727365,-0.002286731412,-0.002321817028,-0.002352345727,-0.002367012518,-0.002397607364,-0.002412347746,-0.002425282397,-0.002444089412,-0.002445889889,-0.002453482477,-0.002457210828,-0.002451846438,-0.00245181572,-0.002442737354,-0.00243121713,-0.002420738242,-0.002400464352,-0.002381211841,-0.002358543825,-0.002330304962,-0.002302239007,-0.002268624399,-0.002232387833,-0.002194741016,-0.002151090816,-0.002105952784,-0.002057596547,-0.002005444176,-0.001950376496,-0.00189132647,-0.001829051723,-0.001763579047,-0.0016927498,-0.001618069631,-0.00153891886,-0.001454670582,-0.001363599221,-0.001265973901,-0.00116094225,-0.001048879248,-0.0009234378393,-0.0007876628577,-0.0006396854186,-0.0004735711879,-0.0002907878178,-8.428497826e-05,0.0001474674332,0.0003955972867,0.0006952068797,0.001017744102,0.001370631539,0.001783862997,0.00220114459,0.002666241025,0.003144984856,0.003448761864,0.003012970335,0.002519013214,0.002163113291,0.0023655863,0.003241547373,0.003983764562,0.004554687403,0.005082229579,0.005679962358,0.005932203967,0.006368483859,0.007373833872,0.01346345396,0.01752956459,0.01868890139,0.01504283465,0.005615070486,-0.001221559444,-0.008172548409,-0.01275485478,-0.01219970647,-0.01410383835,-0.01450296061,-0.01412656542,-0.0143922658,-0.01484926984,-0.01494147979,-0.01554061557,-0.01587121814,-0.01553962497,-0.01554743175,-0.01608793526,-0.01633331035,-0.01624544911,-0.01636086422,-0.01639906025,-0.01649685604,-0.01667421935,-0.01686190599,-0.01683708194,-0.01676633742,-0.01684727079,-0.01704183988,-0.01715488953,-0.01707981243,-0.01706965394,-0.01711091356,-0.01716625715,-0.01724078331,-0.01728781376,-0.01722621327,-0.01715995857,-0.01723084517,-0.0172958884,-0.01729196012,-0.01724386891,-0.01719446329,-0.01718715235,-0.01721108377,-0.01722185046,-0.01715972516,-0.01709848138,-0.01705646457,-0.01703873094,-0.0170207757,-0.01699982762,-0.0169074102,-0.01677545418,-0.01680302999,-0.01679048914,-0.01666184031,-0.01659849649,-0.01655323261,-0.0164399618,-0.01632230621,-0.0163142945,-0.01628890084,-0.01604308495,-0.01591361285,-0.01600088622
1.4,0.0003689047371,0.0005293375405,0.0003683482123,0.000243435701,0.0002995025693,7.968300492e-05,4.132690997e-05,-1.754504133e-05,-0.00018393904,-0.0001846204166,-0.000291343254,-0.0003841387202,-0.0004073621227,-0.0005285917514,-0.0005804059498,-0.0006363298505,-0.0007325778602,-0.0007602730853,-0.0008278156055,-0.0008880822408,-0.0009165474398,-0.0009839490764,-0.001019606136,-0.001054493444,-0.001105269338,-0.001122721968,-0.001155814068,-0.001183555632,-0.001194353966,-0.001220570105,-0.001229864213,-0.001236550078,-0.001248619481,-0.001242325895,-0.001241339397,-0.001235734586,-0.001220004576,-0.001209136096,-0.001188223203,-0.00116418058,-0.001140682622,-0.001106270367,-0.001072414131,-0.001034492996,-0.0009901955954,-0.0009456244349,-0.0008947414872,-0.0008406728887,-0.0007848440382,-0.000722078739,-0.0006575145689,-0.0005892201139,-0.0005165300172,-0.000440526464,-0.0003599513106,-0.0002756928062,-0.0001879107753,-9.394581841e-05,4.255716125e-06,0.0001074810711,0.0002165526305,0.0003331451362,0.0004572525755,0.0005897178252,0.0007301300972,0.000885847985,0.001053338764,0.00123481471,0.001437103572,0.00165853502,0.001907283928,0.002185097945,0.002481959224,0.002837931745,0.00322054713,0.003638341418,0.004125261092,0.004617738011,0.005164966358,0.005728094694,0.006090744244,0.005739366273,0.005312151476,0.005026779553,0.00536092509,0.00645411208,0.007381315324,0.008100870665,0.008750062166,0.009459968718,0.009755793966,0.01023989899,0.01131463541,0.01833145044,0.0229960706,0.02423028624,0.01982862245,0.008685311565,0.0004944682111,-0.007920829338,-0.01379091399,-0.01343572618,-0.01580733484,-0.01638602343,-0.01606874581,-0.01646800785,-0.01708397466,-0.01727330327,-0.01804961763,-0.01849897483,-0.01817144539,-0.01823911117,-0.01892543535,-0.01926789837,-0.0192084731,-0.01938490556,-0.01947122137,-0.01962207431,-0.0198650078,-0.02012016523,-0.02011751357,-0.02005770575,-0.0201780906,-0.02043297984,-0.02058715574,-0.02051396724,-0.02051884096,-0.02058272671,-0.02066128644,-0.02076365912,-0.02083174078,-0.02076563433,-0.02069279465,-0.02078738446,-0.02087374353,-0.02087231086,-0.02081799507,-0.02076507077,-0.02075808997,-0.0207863877,-0.02080557912,-0.02073305825,-0.02065439615,-0.02060194541,-0.02058530837,-0.02056395915,-0.02052870526,-0.02041714544,-0.0202637605,-0.02028379341,-0.02026239804,-0.02011546987,-0.02002888477,-0.01995702072,-0.01982097314,-0.01968820625,-0.0196654544,-0.01960692584,-0.01932102107,-0.01916235836,-0.0192327138
1.5,0.001903360699,0.00205196595,0.001876648944,0.001736627427,0.001776449025,0.001540797659,0.00148587054,0.001410571525,0.001228964522,0.001212370921,0.001091456897,0.0009852495677,0.0009487380033,0.000816876873,0.0007547379978,0.0006898563381,0.0005867262944,0.000552735968,0.0004811456071,0.0004183356836,0.0003883262083,0.0003221944309,0.0002888915985,0.0002581059934,0.0002136185214,0.0002037878827,0.0001805508465,0.0001644059561,0.0001666133611,0.0001560372071,0.0001638022374,0.00017598562,0.0001848396544,0.0002136796246,0.0002392418752,0.0002711179932,0.0003145839942,0.0003554648683,0.0004077998885,0.0004648844691,0.000523133901,0.00059381691,0.0006655563415,0.0007427593775,0.0008275481699,0.0009143671052,0.001008587438,0.001107184689,0.001208807864,0.001318400674,0.001430958955,0.001548184753,0.001670599688,0.001797531838,0.001929722493,0.002066386439,0.002207406394,0.002355383438,0.002508434598,0.002667247587,0.002832712448,0.003006757173,0.003189302492,0.003381345687,0.003582352167,0.003800751324,0.004032418489,0.004279935962,0.004551132695,0.004843924458,0.005167801743,0.005524682965,0.005903242163,0.006348849407,0.006824750676,0.007340584699,0.007934614058,0.008534831984,0.009196410909,0.009875016103,0.01032128734,0.01019861339,0.009997047436,0.009932632061,0.01053199187,0.01195822831,0.01316246522,0.01408564314,0.0148820353,0.01570810369,0.01600868593,0.01646531237,0.0175114669,0.02540669215,0.03057115229,0.03172615122,0.02633381394,0.01314336973,0.003278588857,-0.006939622717,-0.01445809359,-0.01437277441,-0.01730325031,-0.0181168796,-0.01789969531,-0.0184768471,-0.01929544231,-0.01961927879,-0.02061631216,-0.02121801398,-0.02091492967,-0.0210679269,-0.02193402099,-0.02240134157,-0.02238798185,-0.02264580364,-0.02279808358,-0.02302028064,-0.02334750589,-0.02368853783,-0.02371911431,-0.02367864791,-0.02385107238,-0.02418162423,-0.02438870358,-0.02432173008,-0.02434795649,-0.02444160935,-0.02455064605,-0.02468889422,-0.02478390012,-0.02471360281,-0.02463368481,-0.02475883771,-0.02487215825,-0.02487432026,-0.02481261977,-0.02475560451,-0.02474913441,-0.02478292736,-0.02481348237,-0.02472795678,-0.02462695718,-0.02456073508,-0.0245460851,-0.0245209995,-0.02446590129,-0.02433085739,-0.0241533757,-0.02416023834,-0.02412560853,-0.02395918028,-0.02384266268,-0.02373517992,-0.0235719055,-0.02342100589,-0.02337526483,-0.02327321838,-0.02294353033,-0.02274871742,-0.02278856678
1.6,0.004994349858,0.005123924797,0.004933327023,0.004773851045,0.004785448373,0.004527846308,0.004443027099,0.004336932863,0.004127588936,0.004076115423,0.003924251793,0.003786596093,0.003715982028,0.003555098241,0.003461810489,0.003367154995,0.003237536355,0.003175784961,0.003080221628,0.002995161142,0.002943577265,0.002860684061,0.002811612575,0.002767789359,0.00271407111,0.002696689223,0.002669985235,0.002653381413,0.002657511641,0.002653874341,0.002671105133,0.002696234668,0.002722209861,0.002771160994,0.002821098465,0.002880893711,0.00295523503,0.003032041762,0.003123237217,0.003222742546,0.003327432311,0.003447785778,0.003573121944,0.003707272507,0.003851856784,0.004002908282,0.004164061444,0.004332687468,0.004507792335,0.004693631835,0.004885708059,0.005085204088,0.005292228936,0.00550735364,0.005729947151,0.00595952037,0.006196190754,0.006442213346,0.006695979676,0.006957870764,0.007228628823,0.007511141264,0.007804513767,0.008110126848,0.008427361208,0.008765654162,0.009120407715,0.009494408553,0.009896444579,0.01032436372,0.01078857001,0.01129117459,0.01181946659,0.01242408558,0.0130636199,0.01374846119,0.01452095658,0.0152992695,0.01614367305,0.0170026984,0.0175818572,0.01795353773,0.01829304737,0.01875673889,0.01989503676,0.02187722733,0.02351645566,0.02472655986,0.02566745037,0.02652760081,0.02666444727,0.02684782061,0.02753527189,0.03599138512,0.04128324567,0.04191849569,0.03500700264,0.019153155,0.007017264523,-0.005606726082,-0.01539218423,-0.0155972049,-0.01917369273,-0.02026951134,-0.02018079716,-0.02097431828,-0.02203345631,-0.02252673541,-0.02378670703,-0.02456776286,-0.0243032772,-0.02456224742,-0.02564001526,-0.02625790839,-0.02630414378,-0.02665910442,-0.02689056227,-0.0272005313,-0.02762890519,-0.02807235968,-0.02814412635,-0.02812817838,-0.02836299929,-0.02878300093,-0.02905304689,-0.02899476758,-0.02904735425,-0.02917629231,-0.02932041456,-0.02950021304,-0.02962738843,-0.02955266866,-0.02946461594,-0.02962435593,-0.02976717502,-0.02977178153,-0.02970194306,-0.02964076985,-0.02963246877,-0.0296690222,-0.02971026488,-0.02960945741,-0.02948128365,-0.02939656297,-0.02938106961,-0.02934818332,-0.02926539779,-0.02910166733,-0.02889712703,-0.02888096881,-0.02882457905,-0.02863472922,-0.0284787114,-0.02832320205,-0.02812555007,-0.02795020104,-0.02786898716,-0.0277080285,-0.0273262069,-0.02708337388,-0.02707506235
1.7,0.0131873073,0.0134065417,0.01331419189,0.0132382635,0.0133067932,0.01311497861,0.01306988867,0.01299404756,0.01281409687,0.01276561098,0.01261673904,0.01247153578,0.01237759428,0.01219339287,0.01206172326,0.01192131129,0.01174276576,0.01161691326,0.01145489603,0.01129644983,0.01116228665,0.01099480375,0.01085277674,0.0107114029,0.01055770694,0.01043231591,0.01029602613,0.01016634061,0.01005299798,0.009930974925,0.009826253123,0.009727815642,0.009629753769,0.009551822793,0.00947517111,0.009407935178,0.009354583815,0.00930482253,0.009269471352,0.009243432777,0.009224273342,0.009221633644,0.009226268525,0.009241754194,0.009269655435,0.009307319262,0.009357593822,0.009418437423,0.009489245885,0.009574345452,0.009669652333,0.009776313092,0.009894433766,0.01002592871,0.01016930248,0.01032451693,0.01049203012,0.01067478511,0.01087106607,0.01108133518,0.01130659475,0.0115513028,0.01181377181,0.01209589168,0.01239729322,0.01272960861,0.01308720969,0.01347339515,0.01389833749,0.01436098325,0.01487223599,0.01543465745,0.01603410442,0.01672903367,0.01747164918,0.01827371925,0.01918256109,0.02010741942,0.02111367778,0.02214281454,0.0228552289,0.02364808357,0.02448990683,0.02546891269,0.02714828796,0.02969146985,0.03175066031,0.03321128831,0.03421781712,0.03499327256,0.03480945787,0.03453519029,0.03464063394,0.04356520146,0.04888014225,0.04885874258,0.04023662168,0.02146850224,0.006855174318,-0.008331180886,-0.02037816115,-0.02063187053,-0.02481385339,-0.02610696907,-0.02605807119,-0.02701369182,-0.02825442559,-0.02886274337,-0.03034516639,-0.03125397937,-0.03096578059,-0.0312783936,-0.03253102512,-0.03325815651,-0.03331385553,-0.03372213826,-0.03398843319,-0.03434767602,-0.03484063987,-0.03535321833,-0.03542661364,-0.03539409759,-0.03565822821,-0.03614018874,-0.03644243633,-0.03635658255,-0.03640342088,-0.03653753823,-0.03668747631,-0.03688193737,-0.03701466139,-0.0369032862,-0.03677484264,-0.03694582549,-0.03709364581,-0.03707215595,-0.03696573508,-0.036873014,-0.03683549309,-0.03684836541,-0.03687634383,-0.03673282458,-0.03654763695,-0.03641552499,-0.03637428644,-0.03630776369,-0.0361657912,-0.03594444393,-0.03568669388,-0.03561461061,-0.03550480651,-0.03526529549,-0.03503628616,-0.03479560475,-0.03453227215,-0.0343009733,-0.03414542788,-0.0338847735,-0.03341695887,-0.03308642657,-0.03298197803
1.8,0.01992342248,0.02047009825,0.02073057829,0.02099030047,0.02135603413,0.02148466756,0.02172102075,0.02191550916,0.02200861431,0.0221924356,0.02227844584,0.02235217961,0.02245173919,0.02246163542,0.02249837983,0.02251289521,0.02248224554,0.02247622827,0.02242696437,0.02236587355,0.02230915444,0.02221037153,0.02211719658,0.02201067329,0.02188116709,0.02175799706,0.02161355616,0.02146146167,0.0213093235,0.02113689905,0.02096585463,0.02078832338,0.02060032709,0.02041516195,0.02022108034,0.02002447775,0.0198289246,0.01962617122,0.01942580766,0.01922460271,0.01902145585,0.01882228859,0.01862252537,0.01842506633,0.01823120576,0.0180395662,0.01785281721,0.01767026118,0.01749242599,0.01732171412,0.01715719901,0.01699993427,0.01685011086,0.0167111753,0.01658154276,0.01646238163,0.01635521485,0.01626279593,0.01618528027,0.0161234395,0.0160789018,0.01605838876,0.01606001711,0.01608696324,0.0161397895,0.01623293363,0.01636059349,0.0165271671,0.01674501533,0.0170155363,0.01735057949,0.01775404762,0.01821100622,0.01879069794,0.0194383976,0.02016878859,0.02103589133,0.02194377941,0.02296441247,0.02403473614,0.02478868288,0.02522310683,0.02571835977,0.02639406597,0.02786805131,0.03032740161,0.03226216041,0.03353092948,0.03427420324,0.03475698101,0.03414210858,0.0333973874,0.03303992884,0.0428668765,0.04867648964,0.04849095829,0.03862851455,0.01735153925,0.0007023295971,-0.01659096051,-0.03027256326,-0.0302900455,-0.0349781175,-0.03631525788,-0.03616097642,-0.03716550639,-0.03846997552,-0.03908190568,-0.04068993735,-0.04162114049,-0.04119499671,-0.04145745852,-0.04279510661,-0.04353969516,-0.04350516666,-0.0438747513,-0.04408388054,-0.04440643458,-0.04487964969,-0.04538182436,-0.045372687,-0.04523837706,-0.04545487406,-0.04592749081,-0.04618794982,-0.04599667046,-0.04596501824,-0.04603364851,-0.04611988739,-0.04626269411,-0.04633581104,-0.04611765395,-0.04587878145,-0.04600159352,-0.04609368847,-0.04598210969,-0.04577596278,-0.04559018101,-0.04546263244,-0.04539242313,-0.04535110845,-0.04510625574,-0.04480362867,-0.04456468352,-0.04444318425,-0.04428835973,-0.04402740642,-0.04369275504,-0.04332987112,-0.04314128045,-0.04291947779,-0.04257997485,-0.04222108918,-0.04183524362,-0.04145170115,-0.04110875058,-0.0408155901,-0.04039491838,-0.03978944945,-0.03931141927,-0.03903881533
1.9,0.01753555074,0.01825514258,0.01872709424,0.01918879143,0.01972417069,0.02006202018,0.02047651177,0.02085043447,0.02114017775,0.02149229064,0.02176511219,0.02202403811,0.02229738951,0.02250096572,0.02272052627,0.0229205915,0.02308526724,0.02326453996,0.02341045374,0.02354543169,0.02368067763,0.02378438306,0.02388921276,0.02398218503,0.0240570022,0.02413280899,0.02419149561,0.02424192938,0.02428863688,0.02431869495,0.02434554487,0.02436417188,0.02437232124,0.02437669214,0.02437113025,0.02435907405,0.02434191848,0.02431511432,0.02428354306,0.02424556073,0.02420103851,0.02415088051,0.02409464197,0.02403331242,0.02396669106,0.02389504795,0.02381875158,0.02373816557,0.02365458708,0.02356634505,0.02347623525,0.02338412757,0.0232894018,0.02319626121,0.02310242991,0.02301007933,0.02292154012,0.02283689191,0.02275955757,0.02268995892,0.02262974812,0.02258644421,0.02255867513,0.02255088572,0.02256435993,0.02261391692,0.02269555395,0.02281449843,0.02298488227,0.02320895115,0.02350079193,0.02386564139,0.02428833576,0.02484507277,0.02547760225,0.02620270138,0.027079624,0.02800653895,0.02906075781,0.03017367616,0.03094998368,0.03082660757,0.0308770754,0.03126719449,0.03266500017,0.03526378594,0.03737023709,0.03877499517,0.0395914009,0.04009369532,0.03931205823,0.03828166037,0.0375445939,0.04834270298,0.05462277845,0.05410176731,0.04265618074,0.01840492278,-0.0007663141354,-0.02079267426,-0.03705933987,-0.03736411065,-0.04278439977,-0.04434632907,-0.04426414736,-0.04543018691,-0.04691364877,-0.04762823221,-0.04945134186,-0.05047906476,-0.04998018159,-0.05025227835,-0.05172242306,-0.05253066327,-0.05243658673,-0.0527941904,-0.05296765605,-0.05326435944,-0.05372438011,-0.05421960476,-0.05412270979,-0.05387788863,-0.05403285668,-0.05447950851,-0.05467776421,-0.0543555758,-0.05422142777,-0.05419629507,-0.05418444423,-0.05424171556,-0.05422306664,-0.05386253453,-0.05347581777,-0.05351286392,-0.05350853702,-0.05326563752,-0.05292304232,-0.05260781548,-0.0523486732,-0.05215179561,-0.05200024955,-0.05161857467,-0.05116207154,-0.05077731087,-0.05053648253,-0.05025498948,-0.04983650694,-0.04935737177,-0.0488625407,-0.0485167373,-0.04814500143,-0.04767939598,-0.04716180982,-0.04660077495,-0.04607194083,-0.04559051784,-0.04512726481,-0.04452263957,-0.04376659234,-0.04312081384,-0.04264894789
2,0.01461285579,0.0155027039,0.01615062858,0.01674705492,0.01735495146,0.01777142723,0.01820703387,0.01857833665,0.01885886792,0.01915080916,0.019363042,0.01954385354,0.0197148745,0.01982223918,0.01992725159,0.0200097007,0.02006241077,0.02011929157,0.02015370575,0.02018189346,0.02021278157,0.02023050363,0.02025571201,0.02028245346,0.02030873653,0.02034854476,0.02039140618,0.02044321061,0.02050701142,0.02057930779,0.02066502939,0.02076198911,0.02086942382,0.02099243478,0.02112598757,0.02127117949,0.0214277192,0.02159620432,0.02177471795,0.02196210032,0.02215808641,0.02236220622,0.0225729459,0.02278907076,0.02300855573,0.02323343325,0.02345943411,0.0236863822,0.02391473922,0.02414068526,0.02436625998,0.02458955888,0.02480844205,0.02502644678,0.02523940848,0.02544888864,0.02565646313,0.02585963328,0.02606248887,0.02626450543,0.02646668346,0.02667480935,0.02688829132,0.02711151701,0.02734556104,0.02760380431,0.02788395708,0.02819151989,0.02854151118,0.02893469526,0.02938812178,0.02990768174,0.03047774825,0.03117750969,0.03194745787,0.03280530323,0.0338136413,0.03486179926,0.03603096718,0.03724458599,0.03806207044,0.03716726342,0.03674597177,0.03703036122,0.03873809616,0.04203653568,0.04499271552,0.0472525524,0.04881614784,0.04988714629,0.04931994993,0.04818510574,0.04698839134,0.05858275085,0.06501137905,0.0636705282,0.05000948854,0.02211567351,-0.0001728453328,-0.02349386771,-0.04293544231,-0.04375051206,-0.04996862032,-0.05180319397,-0.05186402946,-0.05321227455,-0.05489256482,-0.05572402175,-0.05776344993,-0.05888448009,-0.05831834449,-0.05859633776,-0.06017321161,-0.0610274186,-0.06085386609,-0.06117664998,-0.06128965836,-0.06152566174,-0.06193351668,-0.06238350941,-0.06216256219,-0.06177255506,-0.06182191179,-0.06219394876,-0.06228285992,-0.06178838728,-0.06151210374,-0.06134911936,-0.06118914858,-0.06111240309,-0.06095955395,-0.06041719654,-0.05984306039,-0.05974991328,-0.05960271383,-0.05918707016,-0.05867471482,-0.05819707905,-0.05776877511,-0.05740531258,-0.05710588242,-0.05656087739,-0.05592570958,-0.05536619909,-0.05497495504,-0.05453822686,-0.05393696308,-0.0532966859,-0.0526570612,-0.05212698923,-0.05158063631,-0.05097704871,-0.05028937292,-0.04954195844,-0.04885890517,-0.04822594197,-0.04757644082,-0.04678493129,-0.04588463148,-0.04506919569,-0.0443851697
2.1,0.00801010771,0.009923379009,0.01160751718,0.01319405482,0.01471475101,0.01603269252,0.01728203877,0.0184104542,0.01940533362,0.0203086268,0.02108579377,0.02176226715,0.02234867144,0.02281547832,0.02320090732,0.0235006167,0.02371661886,0.02385487179,0.0239218989,0.02392729185,0.02387812305,0.02376973392,0.02361927526,0.02343103314,0.02321032178,0.02296017127,0.02268995908,0.02240521646,0.02211065963,0.02181106839,0.02151188993,0.02121773492,0.02093299837,0.02066145611,0.02040706484,0.02017199745,0.01995782926,0.0197725816,0.01961273071,0.01948059748,0.0193785181,0.01930893377,0.01927099603,0.01926374368,0.01928563477,0.01934477291,0.01943218983,0.01954850093,0.01969441184,0.01986943866,0.02007170478,0.02029838667,0.0205464756,0.02082310796,0.02111846524,0.02143324219,0.02176786213,0.02212163635,0.02249393304,0.02288276126,0.0232878569,0.02371579492,0.02416208776,0.02462977565,0.0251183597,0.02564202812,0.02619499445,0.0267817703,0.02741718945,0.02810023855,0.02884777033,0.02966458004,0.03053215647,0.03153362409,0.03260345381,0.03375895631,0.0350659239,0.03639815742,0.03784141587,0.03930716327,0.04028208547,0.03894151157,0.03804071728,0.03783268814,0.03915039634,0.04223674935,0.04500874818,0.04706093553,0.0483735524,0.04915253395,0.04809630492,0.04636000201,0.04444750272,0.05711731463,0.06411910503,0.06251434423,0.04731267685,0.01657059495,-0.00785193012,-0.03323945035,-0.05408899084,-0.05480509874,-0.06142224462,-0.0631554646,-0.06304454521,-0.0642679654,-0.06582132376,-0.06647370517,-0.06841703782,-0.06933828242,-0.06845525971,-0.06847701266,-0.06986811984,-0.07050021444,-0.07000869072,-0.07006012206,-0.06987979882,-0.06982655902,-0.06994981958,-0.0701323629,-0.06959297584,-0.06887492918,-0.06862466593,-0.06872234482,-0.06851628497,-0.06769366261,-0.06712212924,-0.06666626562,-0.06620174418,-0.0658390345,-0.0654157664,-0.06457238772,-0.06369539356,-0.06334675042,-0.06293232537,-0.06223669362,-0.06146291672,-0.06073310184,-0.06004426255,-0.05942155764,-0.05888446463,-0.05810930088,-0.05723640158,-0.05643771336,-0.055827261,-0.05517341978,-0.054339724,-0.05350065894,-0.05268262011,-0.05192149967,-0.05115708513,-0.05038791514,-0.04951175571,-0.04856458733,-0.04771101135,-0.04690369092,-0.04604808878,-0.04507520724,-0.04404454355,-0.04306453707,-0.04216086374
2.2,-0.00463591097,-0.001916310134,0.0006662390116,0.003170129642,0.005584113892,0.007855045248,0.01001070533,0.01203190217,0.01391919579,0.01563908182,0.01721744791,0.01864601626,0.01991612677,0.02103010521,0.02198630746,0.02279698227,0.0234727772,0.02398074968,0.02436517941,0.02462339194,0.02475623848,0.02477357386,0.02468231225,0.02449855316,0.02423614903,0.02387947421,0.02346455403,0.02299440196,0.02247383851,0.02191901068,0.02133390051,0.02073254271,0.02012699675,0.01951505444,0.0189165869,0.01833428828,0.01777133131,0.01724720899,0.01675537541,0.01630434065,0.0159013735,0.01554941877,0.01525295219,0.01501084338,0.01482173771,0.01470346772,0.01464005856,0.01463450492,0.01468906068,0.01480460211,0.01497758092,0.01520317768,0.01547661032,0.01581065002,0.01618717254,0.0166064399,0.01706794925,0.01757045604,0.01810975274,0.01868106066,0.01928175693,0.01991944221,0.02058415896,0.02127767624,0.02199759326,0.02275681955,0.02354717289,0.02437152068,0.02524420123,0.02616150976,0.02714084113,0.02818615111,0.02927629772,0.03049791482,0.03178120023,0.03314403247,0.03465675438,0.03618031059,0.03780882932,0.03944639358,0.04053432119,0.03871175889,0.03722668582,0.03644348066,0.03738132427,0.04043341961,0.04338092144,0.04578701295,0.04761421351,0.04904965538,0.04857267065,0.04737728292,0.04590229688,0.06071286043,0.06918484933,0.0679811686,0.0517328102,0.01855527849,-0.007654608613,-0.03471138375,-0.05656415508,-0.05725275524,-0.06401857458,-0.0655709011,-0.06527971992,-0.06627433875,-0.06759238004,-0.06798418818,-0.06968680865,-0.0703159492,-0.0691133703,-0.0688321419,-0.06990910706,-0.07023474916,-0.06940250852,-0.06914496416,-0.06863643473,-0.06825159534,-0.06803710192,-0.06790262637,-0.06704570567,-0.06601831794,-0.06545028948,-0.06523413474,-0.06471895129,-0.06360388,-0.06276618298,-0.06203714662,-0.06127936635,-0.0606416879,-0.05998042364,-0.05889935572,-0.05778577939,-0.05721209873,-0.05656125135,-0.05564554489,-0.05469204761,-0.05378924562,-0.0529105292,-0.0520920571,-0.05137771029,-0.05047134734,-0.04947080229,-0.04852956587,-0.04777940117,-0.04699607901,-0.04604082606,-0.04512536142,-0.04425123558,-0.04336547386,-0.04249028253,-0.04167607686,-0.04075116202,-0.03975227258,-0.03886428586,-0.03800805724,-0.03708146908,-0.03609619362,-0.03510543471,-0.03412544667,-0.03316079364
2.3,-0.02417817093,-0.02135939431,-0.01848563454,-0.01556532904,-0.01265279732,-0.009711784307,-0.006832988909,-0.004008647735,-0.001230690007,0.001395560004,0.003938543626,0.006348602306,0.008589716155,0.01069695583,0.01261107965,0.01435395704,0.01593803972,0.01728697568,0.01847217451,0.01947177792,0.02027410579,0.02089970729,0.0213372941,0.02161088461,0.02173938899,0.02168117594,0.02149879905,0.02118973676,0.02075641939,0.02022173014,0.01958967436,0.01888368695,0.01812388183,0.01729594202,0.01644265328,0.01556779203,0.01467690772,0.01379951675,0.01293150453,0.01209037812,0.01129136194,0.01053560159,0.009841045836,0.009208558098,0.008639169123,0.008163065137,0.007760910262,0.007441347283,0.007211322028,0.007074153483,0.007028949163,0.00707040558,0.007193385406,0.007420814731,0.007725485847,0.00810907141,0.008571646421,0.009113565424,0.009726691952,0.01040345148,0.01113879594,0.01194507999,0.01280321072,0.0137138359,0.01467245995,0.01569215275,0.01675958559,0.01787492223,0.01905118885,0.02028295734,0.02158484151,0.02295886424,0.02437968879,0.02593758312,0.02755499952,0.02924885445,0.031092828,0.03293080852,0.03486332297,0.03678283372,0.03806433961,0.0363010647,0.03484980605,0.03414359154,0.03540421011,0.03919563515,0.04316624871,0.04685203746,0.05018265839,0.05328739613,0.05438684359,0.05467942614,0.05445959637,0.07191518794,0.0821563358,0.08141887788,0.06410251441,0.02856769913,0.0006048162426,-0.02788448866,-0.05037707389,-0.05102427517,-0.05765362186,-0.05897969029,-0.05856390094,-0.05929529808,-0.0603231136,-0.06044878332,-0.06182279409,-0.06214494556,-0.06073162263,-0.06019644912,-0.06090476023,-0.06092622051,-0.05984333909,-0.05934309865,-0.05857883298,-0.05792630299,-0.05742245418,-0.05702268153,-0.05596669504,-0.05476699775,-0.05397000986,-0.05349953425,-0.05276297725,-0.05150663631,-0.0505391196,-0.04965833755,-0.04871642104,-0.04790704249,-0.04713255072,-0.04597527491,-0.04478762697,-0.04409706773,-0.04331660108,-0.04232058287,-0.04134787842,-0.04042401507,-0.03949403495,-0.03860533102,-0.037828418,-0.03694838509,-0.03598747469,-0.03505104956,-0.03428098317,-0.0334930395,-0.03256728609,-0.03173208519,-0.0309521762,-0.03007464814,-0.02921718583,-0.02849082264,-0.02767203513,-0.02678291117,-0.02600010991,-0.02521795895,-0.02435489789,-0.02352287899,-0.0227265823,-0.02189557855,-0.0210165695
2.4,-0.04517592996,-0.04346443296,-0.04151054004,-0.03933320895,-0.03699461024,-0.03439788812,-0.03169391516,-0.02886081312,-0.02588748651,-0.02290061804,-0.01983186633,-0.01675885197,-0.0137395958,-0.01071796578,-0.007809129402,-0.004997375361,-0.002281471208,0.0002376696888,0.002621741576,0.004827001715,0.006824348656,0.008632307208,0.01021407685,0.01158819249,0.01276681011,0.01368588511,0.01441324714,0.0149373305,0.01525420022,0.01537827027,0.01531525564,0.01509003166,0.01472394243,0.01418763239,0.01354161536,0.01279073127,0.01194304155,0.01102439083,0.01004436974,0.009027298639,0.007995227994,0.00694588298,0.005915362154,0.004910567613,0.003938976314,0.003036724008,0.00219471746,0.00142941966,0.0007551869832,0.0001817519134,-0.0002837426153,-0.0006415537953,-0.0008920759028,-0.001001020246,-0.0009967632587,-0.0008735152526,-0.0006278328582,-0.0002505346674,0.0002460838474,0.0008550196147,0.001571625871,0.002416868052,0.003362414951,0.00440811168,0.005547592632,0.006799814868,0.008140806054,0.009567992014,0.01109281904,0.01270933266,0.01442518811,0.0162381927,0.01811593084,0.02015386841,0.02225934776,0.02444595174,0.02678852217,0.02910696887,0.03150534273,0.03385916603,0.03545078153,0.03454784444,0.03385026951,0.03373993616,0.03562863871,0.04028640568,0.04529210957,0.05024364029,0.05510871992,0.06001763036,0.06293807977,0.06507511258,0.06650366346,0.08692068183,0.09915328061,0.09897808861,0.08077937945,0.04336419274,0.01402001039,-0.01529071696,-0.03767593523,-0.03821853786,-0.0444135564,-0.04548079473,-0.04501081561,-0.04546288101,-0.04614948504,-0.04602411371,-0.0469883619,-0.04699230932,-0.04549565662,-0.04476585054,-0.04505628849,-0.04478650771,-0.04356093638,-0.04289210663,-0.04195653874,-0.04111713611,-0.04038758496,-0.03978703177,-0.03866536216,-0.03744382368,-0.03652138245,-0.03587065047,-0.03501444439,-0.03378034144,-0.03282751928,-0.03192497183,-0.03092075751,-0.03005411101,-0.02929491944,-0.02822650643,-0.02713130181,-0.02643555158,-0.02563725501,-0.02470390557,-0.02386786041,-0.02306931155,-0.02222564109,-0.02139223017,-0.02066431274,-0.01995810007,-0.01919381637,-0.0184009662,-0.01772246451,-0.01704579176,-0.01628986295,-0.01567513399,-0.01512097249,-0.01437271788,-0.01364821828,-0.01312197258,-0.01254438538,-0.01190749965,-0.01134620779,-0.01073739191,-0.0100508969,-0.0095142145,-0.009036530211,-0.00847509917,-0.007803065412
2.5,-0.05607345933,-0.055802474,-0.05529877276,-0.05452841056,-0.05351838828,-0.05217643736,-0.05060262984,-0.04877024461,-0.04665894095,-0.04435034414,-0.04179668036,-0.03906426102,-0.03620594694,-0.03315843623,-0.03005143076,-0.02688083665,-0.02365844715,-0.02047340692,-0.01730276734,-0.01420301939,-0.01121658543,-0.008333451778,-0.005616380495,-0.003064058604,-0.0006812033932,0.001463299625,0.003411553242,0.005141220795,0.006638815586,0.007901806144,0.008930571771,0.009740412447,0.01034386709,0.01070232707,0.01087323675,0.01085962395,0.01066883899,0.01030957651,0.009805617202,0.009179971732,0.008454202205,0.007620853691,0.006726450775,0.005783328895,0.004804944672,0.003818394816,0.002835034023,0.001875549879,0.0009588950225,9.929544767e-05,-0.0006858227285,-0.001388294626,-0.002000233701,-0.002486239129,-0.002860908129,-0.003113806322,-0.003237151149,-0.003209991732,-0.003044433081,-0.002741516703,-0.002300245057,-0.001694918266,-0.000951452244,-6.936494322e-05,0.0009445720217,0.002122182678,0.003428563416,0.004862800703,0.00643872006,0.008149545226,0.01000106388,0.01198693111,0.01406780536,0.0163519636,0.018726811,0.02120509272,0.02386449034,0.02650293414,0.02922858843,0.03190042889,0.03372370246,0.03375722381,0.03383323159,0.03431369198,0.03678058122,0.04220602919,0.04809142884,0.05411298946,0.06030606625,0.06683044336,0.07137912424,0.07516249377,0.07799796913,0.1012359846,0.1152388394,0.115378153,0.09636868555,0.0577077323,0.02749038273,-0.00189646036,-0.0233869096,-0.02375420883,-0.02918729475,-0.02991616448,-0.02941452591,-0.02954588651,-0.02983607922,-0.02948864318,-0.02999526336,-0.02968883635,-0.02824670064,-0.02740711025,-0.02728080979,-0.02678243801,-0.0255523427,-0.02481625639,-0.02382557917,-0.02291722046,-0.02206594604,-0.02136543427,-0.02032962053,-0.01924919619,-0.0183279746,-0.01759994858,-0.01674668444,-0.01570075799,-0.01490973453,-0.01411918163,-0.01318121696,-0.01237752963,-0.01175785121,-0.01093113616,-0.01008169671,-0.00948400829,-0.008771735094,-0.008028594863,-0.007461595394,-0.006911624965,-0.006269116525,-0.005593901268,-0.0050033197,-0.004586023363,-0.004140403847,-0.003596845004,-0.00308771968,-0.002601650875,-0.002116623143,-0.001818852914,-0.001576873422,-0.001033725422,-0.0005105773435,-0.0002443045931,1.067831916e-05,0.0003087248387,0.0005926721765,0.0009906734942,0.001451059621,0.001619099496,0.001728045923,0.001974552614,0.002395583941
2.6,-0.05574605887,-0.05625277423,-0.05665641846,-0.05687021722,-0.0568917159,-0.05668214312,-0.05625452919,-0.05558751808,-0.05464936326,-0.05346907957,-0.05200259235,-0.05028151684,-0.04833389668,-0.04608541011,-0.04364109399,-0.04099208381,-0.0381443911,-0.03515675309,-0.03202736164,-0.02881105828,-0.02555326605,-0.0222348503,-0.01894380745,-0.0156912239,-0.0124947312,-0.009417798056,-0.006452837579,-0.003635901782,-0.0009943386455,0.001463347954,0.003711834738,0.005752347604,0.007583754353,0.009157968096,0.01051466171,0.01164668819,0.01255233559,0.01322320088,0.01368049257,0.01393980577,0.01401581855,0.01388617281,0.01360178855,0.01317321965,0.01261340028,0.01193085117,0.01115471198,0.01030615365,0.009405151717,0.008457934029,0.007498240956,0.006540623605,0.005600499504,0.004704682428,0.003862582537,0.003090782106,0.002403144324,0.001827926957,0.001364739501,0.001022802044,0.0008139354311,0.0007669565225,0.0008715162004,0.001133624547,0.001550672192,0.002174315591,0.002964562222,0.00392850703,0.005088687785,0.006442961229,0.0080009498,0.009755405663,0.01166309586,0.01385677897,0.01619965727,0.01870704595,0.02146218146,0.02424780818,0.02717210699,0.03007658879,0.03209180275,0.03324542916,0.03438368202,0.03576737587,0.03901729914,0.04520924435,0.05170981437,0.0582935617,0.06513365063,0.07253276893,0.07797791079,0.08273964554,0.08634063726,0.1120777081,0.1274968529,0.1276088422,0.1078571065,0.06867903464,0.03797027383,0.008996122631,-0.01132937778,-0.01152083872,-0.01592705751,-0.01630728891,-0.01583808651,-0.01566218612,-0.01555891521,-0.01505614055,-0.01510684758,-0.01453474381,-0.01328296492,-0.01241925853,-0.0118940044,-0.01122064832,-0.01009130073,-0.009355176841,-0.008382038424,-0.007466608742,-0.006540039195,-0.005775906781,-0.004895121131,-0.004026314736,-0.003141993396,-0.002348303265,-0.001519641401,-0.0007148352451,-0.0001190201943,0.0005409125569,0.00140345156,0.002145785639,0.002624601304,0.003184183191,0.003763061233,0.004289324881,0.004940835022,0.005498467129,0.005794149377,0.006100364666,0.006558903297,0.007105122975,0.007599984215,0.007740409292,0.007871442082,0.008184114275,0.008572944802,0.008914699076,0.009148082272,0.009150641526,0.009109243958,0.009488729277,0.009857419889,0.009917464761,0.00987652272,0.009854689244,0.009911682384,0.01016548811,0.01045211758,0.01027743611,0.01006541276,0.0100466907,0.01026577068
2.7,-0.05131451082,-0.05246047177,-0.05355641635,-0.05447877109,-0.05521020287,-0.0557810003,-0.05614011942,-0.05629151902,-0.05620984429,-0.05588489075,-0.05529290065,-0.05443677629,-0.05332497926,-0.05188484186,-0.05018597894,-0.04821184937,-0.04595503335,-0.04344504219,-0.04068069185,-0.03770466345,-0.03455677514,-0.03119779472,-0.02772951669,-0.02416488492,-0.02052347412,-0.01686359059,-0.01319844104,-0.009576664831,-0.006040558913,-0.002590413638,0.0007117683476,0.003856251473,0.006831396397,0.009573451572,0.01210737269,0.01440974354,0.01646312,0.01825466207,0.01978481742,0.0210631363,0.02209904776,0.02284544349,0.02336152472,0.02364923034,0.02371418913,0.02355620834,0.02320680499,0.02268959603,0.02202764523,0.02120638324,0.02028388889,0.01927511791,0.01819722614,0.01707577912,0.0159336898,0.01479680342,0.0136882837,0.01263082591,0.01164757111,0.01075393961,0.009968826568,0.009332321092,0.008842684833,0.008516300971,0.008359557551,0.008433829277,0.008706774516,0.009190876764,0.009914894436,0.01089129812,0.01212637617,0.01361694516,0.01532076797,0.01738662876,0.01966429484,0.02216885706,0.02498644587,0.02789602996,0.03099792823,0.03412222795,0.03633656843,0.03836626953,0.04028544938,0.04212689852,0.04545713698,0.05143464759,0.05735137154,0.06323387454,0.06953787886,0.07689482718,0.08266262725,0.08812978447,0.09231326587,0.1204906424,0.1370970034,0.1368147816,0.1162791545,0.07709958396,0.04591189206,0.01735171594,-0.002160249161,-0.002221972877,-0.005439511046,-0.005509676474,-0.005127137411,-0.004666389253,-0.004164209778,-0.003517466185,-0.003077552782,-0.002240515529,-0.001215242086,-0.0003241340941,0.0006439879088,0.001530636319,0.002560697205,0.003320475313,0.004299194495,0.005262120813,0.006312083687,0.007194230967,0.007948907718,0.008635646094,0.009536951659,0.0104668186,0.01133506838,0.01193443759,0.0123842451,0.0129712191,0.01382341747,0.01457728362,0.01498049029,0.01531656783,0.01566676804,0.01620416,0.01687325655,0.01730579576,0.01737995297,0.01749506748,0.0178321538,0.01831944377,0.01879761959,0.01871114681,0.01856791775,0.01869938201,0.01904525253,0.01931525098,0.01934121064,0.01909396344,0.01881782376,0.01909320904,0.01937087529,0.01929324151,0.0189957711,0.01868464006,0.01857455874,0.01875849208,0.01893137632,0.01844486262,0.01796439436,0.01773346341,0.01780087449
2.8,-0.04536038078,-0.04763817556,-0.04983340892,-0.0517957722,-0.05349622374,-0.05498671367,-0.05619710152,-0.05714978542,-0.05782716685,-0.05819675588,-0.05826507532,-0.05802747305,-0.05749150561,-0.05659092714,-0.05538827202,-0.05386784282,-0.05201815303,-0.04986183015,-0.04739382121,-0.04465018543,-0.04166567829,-0.03839223064,-0.03492976858,-0.0312876044,-0.02748317496,-0.02356778299,-0.01956041378,-0.01551259774,-0.01146938179,-0.007427833105,-0.003463359483,0.0004075977485,0.004164137723,0.007747435944,0.01116117664,0.01437489114,0.01736628646,0.020113325,0.02260841429,0.02485148295,0.02684063208,0.02853327326,0.02996968287,0.03114966686,0.03207920373,0.03273756265,0.03316619853,0.03338047996,0.03339374171,0.0331969706,0.03283646708,0.03233118185,0.03170435265,0.03095384367,0.03012842257,0.02924739168,0.02832644692,0.0273993347,0.02648096262,0.02559649056,0.02477610374,0.02403349206,0.02340055737,0.0228892469,0.02250111498,0.02231914334,0.02230008859,0.02247024815,0.02287291868,0.02350179858,0.02439432509,0.02554359794,0.02690340991,0.02865419995,0.03062615036,0.03284886967,0.03542235652,0.03811586271,0.04105227882,0.0440583671,0.04621306203,0.04788547545,0.0493450498,0.0506898906,0.05350837059,0.05898610874,0.06419904576,0.06923282117,0.07462373152,0.08119275992,0.08612290286,0.09071703454,0.09359626418,0.1220077481,0.1378424858,0.1358312722,0.1143608255,0.076257582,0.04585709999,0.01950408522,0.002688841949,0.003173975849,0.00168002727,0.002198236727,0.002722761065,0.003678566298,0.004802428386,0.005818055403,0.006979043227,0.00822844675,0.009165326013,0.01023835826,0.01181215491,0.0130788094,0.01413109971,0.01503026959,0.01612567337,0.01726338897,0.01855894193,0.01967666456,0.02039416445,0.02098508078,0.02200115644,0.02317242496,0.02417946994,0.02464267999,0.02502188809,0.02561214054,0.02653348317,0.02738205365,0.02778164178,0.02794734453,0.02811808779,0.02874151163,0.02949730607,0.02985990806,0.02975617048,0.029723047,0.02998643242,0.03046504784,0.03098303086,0.03070240034,0.0303071418,0.03028367434,0.03063437394,0.03087463509,0.03070982848,0.03023026492,0.02973656924,0.02993252023,0.03014629438,0.02996229323,0.02941150987,0.02880464073,0.02854681739,0.02869309929,0.02877120477,0.02796068182,0.02722079548,0.02678640976,0.02670626436
2.9,-0.03428558075,-0.03796931806,-0.04161527718,-0.04502102952,-0.04811372544,-0.05099512747,-0.05351817105,-0.05573031107,-0.05762708955,-0.05909353346,-0.06020889493,-0.06093782725,-0.06127248515,-0.06117933105,-0.06069115961,-0.05981122887,-0.0585355264,-0.05686752324,-0.05482569804,-0.05243765475,-0.04973808,-0.04668685452,-0.04337667591,-0.03981865657,-0.03602677838,-0.03205667494,-0.02791970453,-0.02366880728,-0.01935248663,-0.01495559005,-0.01056551369,-0.006196656697,-0.001869670509,0.002355311523,0.006478041162,0.01046029775,0.01427466006,0.01790662392,0.02133018087,0.02454102046,0.02752874658,0.0302560775,0.03274338431,0.03498411182,0.03698236106,0.03870319831,0.04018596672,0.04143568534,0.04245094942,0.04323063989,0.04379737016,0.04417000272,0.0443762393,0.04437580681,0.04424288049,0.04398359165,0.04359737212,0.04313123722,0.04258010383,0.04197883751,0.04137117323,0.0407229467,0.04011540514,0.03954965373,0.03901518872,0.03862407884,0.03831442948,0.03813307233,0.03814563316,0.03830774595,0.03871267702,0.03934655907,0.04015716654,0.04137202182,0.04279591974,0.04448416245,0.04655885981,0.04877712666,0.05130180995,0.05396002273,0.05588025588,0.05671297929,0.05736156803,0.05816464069,0.06071219654,0.06608566125,0.07098101627,0.07535212661,0.07971664109,0.08507292327,0.08849562803,0.09147162338,0.09247120616,0.1201963258,0.1347539314,0.1311604943,0.1098039419,0.07446156678,0.04633518849,0.02383264875,0.01096009516,0.01195850598,0.01233152708,0.01343076508,0.01406062388,0.01545155726,0.01714105929,0.01849085375,0.02032217754,0.02189259692,0.02268603566,0.02388181924,0.02597384422,0.02756077449,0.02857746178,0.02955540907,0.03070809664,0.03196198007,0.03344177471,0.03474035066,0.03537554984,0.03583317354,0.03691336923,0.03827198825,0.03937043078,0.03966366029,0.03994190169,0.04049834128,0.04144152714,0.04234217188,0.04270746681,0.04267320006,0.04263300623,0.04330385649,0.04410487499,0.04436006592,0.04405054267,0.04383976882,0.04399049218,0.0444163831,0.04493511815,0.04443019434,0.04374577541,0.04352467,0.0438408228,0.04400922736,0.04360730013,0.04285717203,0.04210578898,0.04217112605,0.04227181797,0.04194337579,0.04109106892,0.04013201172,0.03968002666,0.0397480183,0.03968080727,0.03848559037,0.03744541288,0.0367606195,0.03646961344
3,-0.01424364484,-0.01877219727,-0.02345456895,-0.02803619271,-0.032380519,-0.03670844451,-0.04071965041,-0.04450069191,-0.04808093783,-0.05118525922,-0.05401402137,-0.05645491621,-0.05843433968,-0.06001567559,-0.06109881789,-0.06172528697,-0.06191643121,-0.06155523835,-0.06076278604,-0.05951530381,-0.0578145742,-0.05569463368,-0.05317152735,-0.05029030688,-0.0470838358,-0.04355676274,-0.03977434203,-0.03576842658,-0.03157991127,-0.02722407613,-0.02276150732,-0.0182227228,-0.01363509727,-0.009039716898,-0.004459902968,6.926792796e-05,0.004517548693,0.008871234481,0.01309469691,0.01717519771,0.0210957597,0.0248250975,0.02836245756,0.03169404373,0.03481622248,0.03769073252,0.04034051081,0.04276085361,0.04493943754,0.04687046721,0.04856011056,0.05001978317,0.05127191486,0.05225473754,0.05304602652,0.05364291857,0.0540347677,0.05426078002,0.05431257673,0.05422563052,0.05404691523,0.05371347711,0.05333398186,0.0529061007,0.05241567962,0.05197866148,0.05153828952,0.05115267805,0.05090021027,0.05071953851,0.05073882273,0.05094681468,0.05129497626,0.05203342293,0.05296732218,0.05416887797,0.05577437125,0.0575497372,0.05967758294,0.06199374302,0.0636791432,0.06357709764,0.06338035023,0.06366861552,0.0660015563,0.07127262177,0.07574584888,0.07916588757,0.08202542313,0.08552420318,0.08670291714,0.08732029603,0.0858076185,0.1121109012,0.124925909,0.1198300369,0.09939885097,0.06813196076,0.04356113694,0.02632620957,0.01853431964,0.02011922689,0.02237800966,0.02408345175,0.0248678916,0.02668137509,0.02890293833,0.03055285743,0.03298585965,0.03485077819,0.03552147697,0.03682849419,0.03935464065,0.04120822037,0.04218660469,0.04324916271,0.04446336743,0.04579255651,0.0474130992,0.04886752365,0.04944431645,0.04980314974,0.05093255491,0.05244264257,0.05360843324,0.05377158876,0.05398911756,0.05453193497,0.05547914641,0.05641799286,0.05677784473,0.05659329936,0.05639156243,0.05710553689,0.05794653505,0.05811150238,0.05765294585,0.05731989869,0.05737791939,0.05775363889,0.05827900494,0.05760938468,0.05669259092,0.05631109121,0.0566037412,0.05671166794,0.05610998675,0.05514698914,0.05419428986,0.05413781965,0.05413556233,0.05369616744,0.05259451844,0.05132907933,0.05071263322,0.05072449867,0.05052707432,0.04899145051,0.04771254348,0.04682277251,0.04633119052
3.1,0.009932530123,0.00552235364,0.0007637833045,-0.004094453538,-0.008889861945,-0.0139313726,-0.01882568862,-0.02368189772,-0.02856129967,-0.03308950247,-0.03753855454,-0.04173590182,-0.04554343844,-0.04911208957,-0.05219853633,-0.054866727,-0.05715079995,-0.05879359334,-0.06000450465,-0.06068892559,-0.06079989704,-0.06042671678,-0.05949816422,-0.05808716351,-0.05622967735,-0.05388120143,-0.05115192528,-0.04805330614,-0.04463826495,-0.04091483063,-0.03696147847,-0.03281600232,-0.02848555099,-0.02406672675,-0.01953884983,-0.01495999644,-0.01040357925,-0.005799159414,-0.001275891214,0.003179532145,0.007587927674,0.01181896503,0.01595994709,0.01995219117,0.02374314245,0.02739990563,0.03082765845,0.03405669412,0.03710745004,0.03987300233,0.04244486526,0.04478775594,0.04688382053,0.04875102281,0.05037364592,0.0517787271,0.05297762001,0.05392828459,0.05469210394,0.05527072767,0.05568710357,0.0559232574,0.05603732804,0.05604954207,0.05595967044,0.05583344247,0.05566460174,0.05549474493,0.05539493881,0.05532547641,0.05539950429,0.05562176992,0.05595289707,0.05662761244,0.05747816467,0.0585753236,0.06005992212,0.06171254185,0.0637179506,0.06592323028,0.06751929558,0.06640656891,0.0651465971,0.06454677512,0.06625098996,0.0710508919,0.07484238485,0.07710418272,0.07818328735,0.07931789702,0.07742580288,0.07454145406,0.06928283521,0.09316552249,0.103878681,0.09801554487,0.08048879801,0.05605809989,0.03770857353,0.02820652954,0.02711333274,0.02916937636,0.03318792511,0.03543449944,0.03634770128,0.03850673499,0.04116142097,0.04300923623,0.04591184443,0.04802338832,0.0485771302,0.04996391392,0.05280724276,0.05484512173,0.05578120303,0.05694491411,0.05823518073,0.05959014449,0.06130232744,0.06289102578,0.06346222429,0.06379200595,0.06496976808,0.06659990639,0.06782089721,0.06794069486,0.06818404018,0.06877274813,0.06972728747,0.07071096631,0.07113947631,0.07091812575,0.07067125452,0.0714510179,0.07235579301,0.07249515413,0.07201880588,0.071693281,0.07173026716,0.07209878116,0.07267370618,0.07197975582,0.07097553653,0.07054405004,0.07086437087,0.07096640546,0.07027837954,0.06924743206,0.0682369204,0.06811476931,0.0680637115,0.06760051746,0.06638820005,0.0649510224,0.06425385877,0.06426503678,0.06398930628,0.06223775993,0.06085136688,0.05985729578,0.05920687846
3.2,0.03463886521,0.03075196139,0.02653612475,0.02203222391,0.01723099765,0.01219667429,0.00692881486,0.001484029032,-0.004066131331,-0.009726495924,-0.01538328749,-0.02100726135,-0.02655089178,-0.03188121313,-0.03699465964,-0.04180951106,-0.0462756932,-0.05026957194,-0.05380304241,-0.05682744362,-0.05926739059,-0.06113129273,-0.06236567386,-0.06299443608,-0.06308111119,-0.06246690942,-0.06135572126,-0.05972767303,-0.05754990125,-0.05501335807,-0.05202377073,-0.04869605848,-0.04515274584,-0.04125212473,-0.03723362615,-0.03307001098,-0.02873297269,-0.02442816861,-0.0200261626,-0.01562545574,-0.01131449196,-0.006968651281,-0.002760457825,0.001352135962,0.005404324977,0.009234844483,0.01297096457,0.01654660555,0.01990600637,0.02313494004,0.02612777074,0.02892531785,0.03156193447,0.03390671285,0.03608349218,0.03805185034,0.03978065534,0.04133231796,0.04265510013,0.04379370941,0.04479004456,0.04555355277,0.04620681869,0.04673616888,0.04712995071,0.04747999096,0.0477489285,0.04799311638,0.0482801631,0.04856139255,0.04895742204,0.04946920836,0.05006764944,0.05096484931,0.05201738096,0.05329093857,0.05491431988,0.05669511037,0.05879221845,0.06106500057,0.06267942736,0.06064756143,0.05845477052,0.05713222298,0.05844849048,0.0630973684,0.06656548304,0.06798151735,0.06746338973,0.06626644336,0.0612401203,0.05494132248,0.04655918248,0.06891096158,0.07915630087,0.07498187258,0.0633041931,0.04823786019,0.03742614238,0.03583762542,0.04025002381,0.04186424658,0.04689438687,0.04923458589,0.04993381127,0.05209069006,0.05484050794,0.05658312487,0.05963067385,0.06179469295,0.06212906962,0.06345386535,0.0663831917,0.06842668899,0.06924984987,0.07046882096,0.07179325341,0.07307079665,0.07477579228,0.07643136,0.07702397284,0.07737711965,0.07857462449,0.08026034294,0.08150053603,0.08166083565,0.08201088715,0.08269740506,0.08364933797,0.08466925758,0.08523700625,0.08510343464,0.08494153636,0.08579779897,0.08677938921,0.08696091136,0.08661567704,0.08644387918,0.08653707431,0.08694002368,0.08760047811,0.08704492348,0.08612834743,0.0857775579,0.08617308765,0.08632337059,0.08568704291,0.08476373286,0.0838689807,0.08374526088,0.08370509251,0.08331358911,0.08216515265,0.0807341534,0.08005475255,0.08011950255,0.07982504867,0.07802306441,0.07669053105,0.07571656404,0.07495881736
3.3,0.06024667619,0.05724784579,0.05395376644,0.05022982354,0.04593354552,0.04139136451,0.03630061605,0.03083137726,0.0251472443,0.0189201244,0.01256770416,0.005994518368,-0.0008549999123,-0.007606138504,-0.01448816828,-0.02129560683,-0.02787158631,-0.03431573071,-0.04035780201,-0.04601979867,-0.05126290129,-0.0558522041,-0.05989491696,-0.06328988335,-0.06601348319,-0.06799880343,-0.06929387684,-0.06991841302,-0.0698507032,-0.06917034864,-0.06787898492,-0.0660566632,-0.06381709497,-0.06106233223,-0.05801416881,-0.05467519699,-0.05104370173,-0.04730563357,-0.04337900358,-0.03936656436,-0.03534540714,-0.03124482748,-0.02720148592,-0.02319073226,-0.01922025,-0.01537045102,-0.01159825814,-0.007946307192,-0.004414213282,-0.001038755891,0.002194157987,0.00528077477,0.00817987641,0.0109336613,0.01349058093,0.01586957311,0.01812244038,0.02011274562,0.02197914701,0.02368572954,0.02518053834,0.0265887217,0.0278087351,0.02890885047,0.02995991074,0.03083408467,0.03170374084,0.03253358753,0.03331218377,0.03417763378,0.03505671031,0.03602938849,0.03712234123,0.03838343136,0.03982838792,0.04145244678,0.04334610602,0.0454138803,0.04771076326,0.05014117261,0.05183183227,0.04876934545,0.0454950361,0.04329046432,0.04407244591,0.0485062577,0.05166031779,0.05232099131,0.05033333272,0.04695425416,0.03905538802,0.02989775245,0.01947753624,0.04087114666,0.05160783312,0.0504867548,0.04588869163,0.04051104527,0.0366845041,0.04178957233,0.05026830975,0.05120791871,0.0568487198,0.05919081182,0.05971327521,0.06184082704,0.06465095689,0.06628691653,0.06943299893,0.07171164919,0.07197494641,0.07333318884,0.07634792144,0.07844033396,0.07928380554,0.08069708706,0.0821946234,0.08347373678,0.08524400803,0.0870574633,0.08784077428,0.08840234063,0.08972617563,0.09153417935,0.09288077976,0.09326924729,0.09390293916,0.09483276309,0.0958706823,0.09700877149,0.09785889094,0.09800489607,0.09812186782,0.09912959519,0.1002614905,0.1006076361,0.1005816906,0.1007442994,0.1010108203,0.1015271713,0.1023388999,0.1021015439,0.1014641853,0.1013406774,0.1018714475,0.1021327187,0.1016913478,0.1010482379,0.1004343294,0.100371665,0.1003967111,0.1001535633,0.0992260696,0.09796656593,0.09737907214,0.09752222906,0.0972461387,0.09553116662,0.09437668221,0.09351281239,0.09266498702
3.4,0.08675472329,0.08494668231,0.08280999505,0.08015267868,0.07685925287,0.07313814214,0.06876106618,0.06385360041,0.05849590863,0.05245110777,0.04600515782,0.03910185029,0.03172995563,0.02407640176,0.0160792804,0.007876121583,-0.0004134066991,-0.008799468945,-0.01707817898,-0.02520395545,-0.03311141566,-0.04056347712,-0.04759747873,-0.05409086093,-0.05994092008,-0.06508765686,-0.0694762546,-0.07310347325,-0.07597376849,-0.07797566434,-0.07924244939,-0.07978614556,-0.07963400231,-0.0788378595,-0.07747018467,-0.07560741254,-0.0733277729,-0.07064863238,-0.06768428973,-0.0644844948,-0.06108610387,-0.05756565871,-0.05394293958,-0.05026182787,-0.04657666658,-0.04287029952,-0.03920956369,-0.03559920674,-0.03202057697,-0.02857070099,-0.0251807505,-0.02188442854,-0.01873547824,-0.01565207261,-0.01272909534,-0.009934192809,-0.00721531678,-0.004719274323,-0.002304614816,-1.872677402e-05,0.002083239731,0.004126456149,0.005997650007,0.007761025379,0.00947844512,0.0110224671,0.01255216746,0.01402893502,0.01543980707,0.01690516043,0.01835841871,0.01987172768,0.02146603769,0.02318460299,0.02504112304,0.02703211582,0.0292450934,0.03157718006,0.03408775549,0.03667989995,0.03844878397,0.03412266892,0.02929939134,0.0255581765,0.02511402326,0.02878347489,0.03130558392,0.03111496269,0.02769288535,0.02215439967,0.01128086724,-0.0007804073282,-0.01279220638,0.006945694533,0.0181962287,0.02087160902,0.02386839745,0.0277981226,0.03057537626,0.0419081247,0.05447546079,0.05518965719,0.06150937834,0.06407002306,0.06474596914,0.06706716094,0.07011467392,0.07185682267,0.07524775076,0.07783881274,0.07830085105,0.07990486462,0.08313198295,0.08543026326,0.08650586471,0.08830761092,0.09016908689,0.09160301156,0.09357233667,0.09568127641,0.09684045459,0.09779718526,0.09937931168,0.1014076773,0.1029677316,0.1037512302,0.1048191002,0.1061162109,0.1073302082,0.108663574,0.1098998487,0.1104626255,0.1109936743,0.1122007855,0.1135267162,0.114113503,0.1145134805,0.1151065583,0.1156039788,0.1162599577,0.1172323321,0.1173924299,0.1171200961,0.1172770219,0.1179316452,0.1182890104,0.1180828779,0.1177721376,0.1174767671,0.1174510567,0.1175068691,0.1173769572,0.1166947149,0.1156421583,0.115102783,0.1152420057,0.114918597,0.1132868083,0.1122904678,0.1114954453,0.110460431
3.5,0.1116300982,0.1110766535,0.1102492007,0.1088784315,0.1068425128,0.1043297549,0.1010918254,0.09724232096,0.0928145222,0.08758160828,0.0817719181,0.0753271359,0.06825007641,0.06059808314,0.05239970039,0.04374170906,0.03468857227,0.02529605183,0.01568386474,0.005940468391,-0.003822014273,-0.01347794659,-0.02291458518,-0.03203321489,-0.0407306879,-0.04881520495,-0.05627818343,-0.06302522715,-0.0690097177,-0.07409205695,-0.07834294098,-0.08176404641,-0.08431531188,-0.08607010547,-0.08703985556,-0.08730700444,-0.08702971767,-0.08603891655,-0.08465009787,-0.0828625208,-0.08061269421,-0.07823884756,-0.07552698799,-0.07263344009,-0.06974235174,-0.06655362461,-0.0634350997,-0.06027987694,-0.05697472516,-0.05387074161,-0.05065252502,-0.04746712073,-0.04443353972,-0.04128580982,-0.0383059128,-0.03538141205,-0.03244354157,-0.0297131359,-0.0269834278,-0.02434920214,-0.0218511438,-0.01938532923,-0.01705736254,-0.01480889534,-0.01263249037,-0.01056664495,-0.008556776584,-0.006614815348,-0.00470017355,-0.002838593271,-0.0009632741017,0.0009394463813,0.002830668702,0.004882762772,0.006975379427,0.009163760947,0.01157591289,0.01399686245,0.01660439843,0.01926048771,0.02103200887,0.0154087552,0.008866857069,0.00327633003,0.001383404835,0.00436816385,0.006677573815,0.006357069828,0.00236777942,-0.004482952925,-0.01739165506,-0.03097966077,-0.04247082484,-0.02395010189,-0.01123370879,-0.004050258562,0.006003296405,0.01742189255,0.02549449175,0.04169979561,0.05748794208,0.05799223793,0.06484440851,0.06758305137,0.06848246959,0.07101193331,0.07425628091,0.07612906488,0.07973129395,0.08261426324,0.0833299515,0.08519167113,0.08859078158,0.09108275052,0.09240943886,0.09459048212,0.09680962806,0.09839618229,0.1005410948,0.1029201764,0.1044529686,0.105799273,0.1076170407,0.1098271576,0.1115659933,0.1127332654,0.1142106176,0.1158379588,0.117190427,0.118671537,0.1202431401,0.1211926164,0.1221077123,0.1234444779,0.1248954265,0.1256710871,0.1264434862,0.1274089502,0.1280743684,0.1287910361,0.129834009,0.1303261675,0.1303574978,0.130723498,0.1314019676,0.1317518239,0.1317061216,0.1316518621,0.1315845209,0.1314982419,0.1314819998,0.1313452756,0.1308237623,0.1299107388,0.1293025122,0.1293057649,0.1288254339,0.1271865411,0.1262495109,0.1254234895,0.1240754083
3.6,0.1332717167,0.133972584,0.1345364502,0.13457917,0.1339200006,0.1328916725,0.1310769436,0.1286340989,0.1256402889,0.1216970943,0.1171639029,0.1119086028,0.105831015,0.09914058755,0.09166411291,0.08353556605,0.07489669232,0.06552191636,0.05576851705,0.04561452424,0.03505451885,0.02443858881,0.01364524655,0.002884376134,-0.007644390836,-0.01796275451,-0.02779748254,-0.03711831923,-0.04588281887,-0.05377379636,-0.06094430303,-0.06728626914,-0.0727223217,-0.07729617497,-0.08097682797,-0.08384082331,-0.08598502965,-0.08729396946,-0.08801450941,-0.08817013127,-0.08776183719,-0.08699721057,-0.08580988316,-0.08431817007,-0.0826597658,-0.08067516779,-0.07861460498,-0.07643312043,-0.07406694666,-0.07175990329,-0.06931127404,-0.06682577012,-0.06439951415,-0.06183505278,-0.05935095212,-0.05686769581,-0.05432996592,-0.05191920305,-0.04947262916,-0.04707209074,-0.04475914472,-0.04244318241,-0.04022654872,-0.03806178312,-0.03594792245,-0.0339211465,-0.03194048274,-0.03002142419,-0.02812243467,-0.02628573495,-0.02443646573,-0.02256636217,-0.02072956652,-0.01872886292,-0.01671120042,-0.01461178125,-0.01227884214,-0.009971041544,-0.007454849069,-0.004872978698,-0.003167998971,-0.009706983775,-0.01744154421,-0.02412272867,-0.02673163142,-0.02380447899,-0.02102817627,-0.02052042699,-0.0236526501,-0.02964383884,-0.0413365411,-0.05226874533,-0.058898739,-0.03950759371,-0.02445605553,-0.01347410985,0.001219079203,0.01659874175,0.0273840925,0.04593164499,0.06282359434,0.06266571229,0.06964190675,0.07226647078,0.07318811239,0.07571664797,0.07890997408,0.0807377126,0.08433274792,0.08728145272,0.08809527159,0.09003425147,0.09339919918,0.0959071824,0.09732004433,0.09968476558,0.102073631,0.103658871,0.1058078687,0.1082795568,0.1100138121,0.1115771908,0.1134658127,0.1156915157,0.1174479776,0.118835412,0.1205495445,0.122334694,0.1236765925,0.1251514838,0.1268821226,0.1280570326,0.1291997121,0.1305007766,0.1319199842,0.1327373011,0.1337127346,0.1348839932,0.1355697421,0.1361969613,0.1371561259,0.1378200446,0.1380018101,0.1384312649,0.1389841394,0.1391786412,0.1391581907,0.1392152538,0.1392196992,0.1389516385,0.1387422481,0.1384519606,0.1379631668,0.1370842683,0.1362795535,0.1360231275,0.1352910184,0.1335395652,0.1325530938,0.1316027459,0.1298547982
3.7,0.146406829,0.148808219,0.1512370355,0.1531763902,0.154379768,0.155381312,0.1555558536,0.1551339449,0.1542414912,0.1523153685,0.1498478214,0.1466268918,0.1424655116,0.1377064865,0.1319887811,0.1254805128,0.118369766,0.1101987886,0.1014917689,0.09212479385,0.08198258276,0.07156565467,0.06055405252,0.04922742025,0.03785797727,0.02619696314,0.01476074193,0.003513539945,-0.007535256877,-0.01787943597,-0.02777514442,-0.03698895802,-0.04535987052,-0.05298655549,-0.05967836871,-0.06552202682,-0.07057578354,-0.07466600718,-0.07804568146,-0.08070609918,-0.08267539445,-0.08409262602,-0.0849623282,-0.08539582848,-0.08548361033,-0.08519166901,-0.08466996299,-0.08392616995,-0.08297765089,-0.08191409174,-0.08070578991,-0.07940426341,-0.07803391583,-0.07658336091,-0.07509434805,-0.0735606219,-0.07200756388,-0.07042447465,-0.06884169723,-0.06726660805,-0.06566513622,-0.06413293011,-0.06258795091,-0.06105932053,-0.0596184989,-0.05811789098,-0.05670125048,-0.0553117736,-0.05384499853,-0.05250224242,-0.05105167267,-0.04955406183,-0.04811627254,-0.04639983696,-0.04469408401,-0.04287465115,-0.04075586617,-0.03868392204,-0.03633133574,-0.03387987641,-0.0322529934,-0.03918938045,-0.04718867011,-0.05382662577,-0.05611243498,-0.05253160642,-0.04876907876,-0.04682306615,-0.04800604056,-0.05125751144,-0.05904527972,-0.06444368977,-0.06407147574,-0.0423085742,-0.02462854182,-0.01066403919,0.006842816034,0.02371741301,0.03538187078,0.05434963245,0.07065999458,0.06947518106,0.07617274318,0.07838494363,0.07907099755,0.08131750294,0.08416136734,0.08568718842,0.08897541501,0.09167142852,0.09231720009,0.09404921252,0.09707528377,0.09931870248,0.1005358826,0.1027683688,0.1050146394,0.1063336251,0.108207062,0.1104761289,0.1121115908,0.1135987304,0.1152781826,0.1172431636,0.1187545145,0.1200795971,0.1217389266,0.1234007157,0.1244902725,0.1257135237,0.127325339,0.128465837,0.1295855547,0.1306070224,0.1317665182,0.1324093606,0.1333395921,0.134474998,0.1349778248,0.135323603,0.1360056234,0.1366262295,0.1367631053,0.1370790446,0.1373397324,0.1372257209,0.1370859509,0.1370923059,0.137001051,0.1364558156,0.1359609775,0.135396519,0.1348319864,0.1339085646,0.1328293455,0.1322498588,0.1312418318,0.1293323337,0.1282423614,0.127142356,0.125014608
3.8,0.1382922389,0.1431130817,0.1482192281,0.1529074728,0.1567889509,0.1607945831,0.1639050165,0.16650101,0.1688440735,0.1700084142,0.1708218907,0.1709089634,0.1699162301,0.1685204783,0.1659638554,0.1625262549,0.1584948764,0.1530080565,0.1469048594,0.1398716048,0.131634957,0.1229239601,0.1131029254,0.1025524894,0.09159329597,0.07970178071,0.06764378679,0.05528587719,0.04263305634,0.03027750308,0.01795271201,0.005996505457,-0.005404083989,-0.01625404119,-0.02631619735,-0.03560588896,-0.04404926626,-0.05155947623,-0.05819636869,-0.06397095636,-0.06896597186,-0.07310674163,-0.07658910045,-0.07944973738,-0.08172357606,-0.08354275119,-0.08492133442,-0.0859563353,-0.08671964019,-0.08720447707,-0.08751246838,-0.08765719017,-0.0876606261,-0.0875751693,-0.08739480592,-0.08714465919,-0.08685307983,-0.08649400831,-0.0861118177,-0.08570218636,-0.08522829764,-0.08477996606,-0.08426850882,-0.08371870037,-0.08320319225,-0.08254578477,-0.08190879213,-0.08122931181,-0.08038388594,-0.07959585291,-0.07861030513,-0.0775017881,-0.07640478861,-0.07491888649,-0.07340647812,-0.07172816726,-0.06968163929,-0.06767333235,-0.06533429432,-0.06288103792,-0.06127197659,-0.06818049206,-0.07573458443,-0.08154183182,-0.08283403192,-0.07827218346,-0.07357405075,-0.07050336311,-0.07006934262,-0.07069860283,-0.07450261731,-0.07440212,-0.06753235932,-0.04294706277,-0.02265126003,-0.006070867018,0.01357133024,0.03102256588,0.04277721248,0.06134536043,0.07653245764,0.0742786648,0.08042453928,0.08202702935,0.08228639576,0.08399451458,0.08623784018,0.08721323703,0.08990020651,0.09203220498,0.0922312983,0.09346299079,0.09583743152,0.09752456194,0.09824837093,0.1000204451,0.1017931668,0.102574489,0.1038914893,0.1056555631,0.1068850351,0.108010085,0.1092082501,0.1106477923,0.1116810099,0.1126856821,0.1140249016,0.1153223746,0.115974756,0.1167607812,0.1180373131,0.1189568569,0.1198837953,0.1204774735,0.1212532295,0.1216220473,0.122376402,0.1233545063,0.1236132396,0.1236461345,0.1240181258,0.1245359733,0.1246096571,0.1248183716,0.1248124082,0.1244461392,0.1242531478,0.1242485525,0.1241022499,0.1234231645,0.1227895655,0.1220646269,0.121544806,0.1207322812,0.1195458217,0.1188244198,0.117768326,0.1158986389,0.1148722694,0.1138230238,0.1115895063
3.9,0.09852507977,0.1060805269,0.1142733557,0.1221644353,0.1292634305,0.1368248408,0.1435042514,0.1498247951,0.1560830846,0.1612030629,0.1661458808,0.1704500998,0.1737438136,0.1767260913,0.1785676935,0.1795423844,0.1798932218,0.1787119316,0.1767964674,0.1737823486,0.1693414929,0.16412941,0.1574590547,0.1496588942,0.1410189395,0.1308680353,0.1200303581,0.1083173134,0.09567689513,0.08275107271,0.06923090814,0.05553105928,0.04191935006,0.02832622685,0.01519777832,0.002553749072,-0.009458442725,-0.02062730658,-0.0309618347,-0.04038050824,-0.04891235348,-0.05641709403,-0.06307205197,-0.06888885144,-0.07389939392,-0.07821318707,-0.08187946969,-0.08502120384,-0.08768604651,-0.08996655172,-0.09191536515,-0.09358729322,-0.09511820803,-0.09637882098,-0.09757711098,-0.09868159309,-0.09959656687,-0.1005925425,-0.1014195785,-0.1021807918,-0.1029733954,-0.1035402566,-0.104118554,-0.1045874591,-0.1048914681,-0.1051329648,-0.1051768078,-0.1050853909,-0.1048043546,-0.1043273899,-0.1036271395,-0.1026835304,-0.1016193086,-0.1001115891,-0.0984695033,-0.09661618452,-0.09433375043,-0.09208791861,-0.08949843934,-0.08681251844,-0.08514401227,-0.09174237677,-0.09850378927,-0.1031978891,-0.1032291925,-0.09744018795,-0.09176237402,-0.08786075224,-0.08660306464,-0.08606268969,-0.08831241504,-0.08611865453,-0.07658589986,-0.05179210434,-0.03078423693,-0.0124390021,0.009268284652,0.02762881853,0.03982015014,0.058607146,0.07393227818,0.07119016149,0.07687899712,0.07800232388,0.07796612022,0.07913935248,0.08079745292,0.08121664584,0.08323244125,0.08471038324,0.08439738576,0.08504092168,0.08664742635,0.08768226705,0.08780629212,0.08897552629,0.09012216101,0.09027910189,0.09094257069,0.09207163394,0.09275812346,0.09341416717,0.09402996862,0.09484684791,0.09534895104,0.09594602946,0.09686236039,0.09772536058,0.09793527852,0.09827227814,0.09916606832,0.09985022194,0.1005885732,0.1007825777,0.1012277569,0.1014040786,0.1020263224,0.1028922337,0.1030237007,0.1029009879,0.1031071945,0.1036275371,0.1037920172,0.1040696298,0.1039926143,0.1036054504,0.1035896027,0.1037622052,0.1037492942,0.1032361898,0.1027644142,0.1021325259,0.1019014283,0.1014741659,0.1004662836,0.09989944726,0.09913143643,0.09758721127,0.09686114717,0.09613074263,0.09413461965
4,0.03288026781,0.04256304818,0.05338415964,0.06407687075,0.07395452634,0.08478025119,0.09467111896,0.1043756962,0.1142615899,0.1229630027,0.1317135887,0.1399056906,0.1471947711,0.1542714478,0.1603102607,0.1656120059,0.1702788189,0.1736411582,0.1762293633,0.1777355159,0.1780036507,0.1771911718,0.175019313,0.1715844412,0.1668873221,0.1607074586,0.1532673178,0.144530223,0.1345619173,0.1234322017,0.1112929217,0.09831442645,0.08465435399,0.07051370486,0.05611021721,0.04166350452,0.02738604429,0.01348650761,0.0001415652844,-0.01251969736,-0.02434828366,-0.03525655288,-0.04519199939,-0.05414640471,-0.0622178666,-0.06920565084,-0.07540839497,-0.08084304103,-0.08546227504,-0.08959556324,-0.09309696036,-0.0961542622,-0.09897759268,-0.1013082168,-0.1035390307,-0.1055854332,-0.107390669,-0.1092361197,-0.1108906924,-0.1124817606,-0.1140281802,-0.115429357,-0.1167618667,-0.1179464676,-0.1190424287,-0.1198662694,-0.1205445786,-0.1210285058,-0.1211211246,-0.1211085996,-0.1206559527,-0.1198687917,-0.1189822038,-0.1173733202,-0.1156609545,-0.1136541387,-0.1110763718,-0.1086103792,-0.1057080432,-0.1027372255,-0.1009500833,-0.1068010879,-0.1123499172,-0.1154241358,-0.1133527236,-0.1050614709,-0.09699633421,-0.09144269611,-0.09010863481,-0.09159708449,-0.09813072146,-0.1011580402,-0.09553907683,-0.07492690569,-0.05515392296,-0.03504085908,-0.01039729911,0.009941197968,0.0234678,0.04340015603,0.0606004557,0.05840798873,0.06407206803,0.0651607659,0.06530617861,0.06626189569,0.06764684639,0.06782444498,0.06938451288,0.07038457176,0.06976725192,0.06998443696,0.07093505571,0.07144180521,0.07106673027,0.07166524779,0.07219880597,0.07179826988,0.07184594015,0.07232131098,0.07242300457,0.07258156796,0.07257701132,0.07272110937,0.07267272971,0.07279078947,0.07317286046,0.07351446375,0.07325330287,0.07308938106,0.07349422462,0.07385759912,0.07433455195,0.0740647791,0.07413434628,0.07409224922,0.07450501052,0.07517305289,0.07516043475,0.07490324041,0.07494039766,0.07541642312,0.07566703561,0.07602950581,0.07591543146,0.07557569,0.07580136591,0.07617427699,0.07631904207,0.0761046191,0.07593703108,0.07549386267,0.07564134625,0.07572686561,0.07503835394,0.07479098751,0.07451797951,0.07345957479,0.07316896423,0.07293350086,0.07141429724
4.1,-0.04313442127,-0.03280562236,-0.02073088469,-0.00854228645,0.002951930318,0.01589234268,0.02796837345,0.04009441179,0.05259745391,0.06402231478,0.07564051013,0.08678247715,0.09717173677,0.1073334224,0.1165976729,0.1252202276,0.1332296408,0.1401401464,0.1463282497,0.1515829087,0.1557998264,0.1590184955,0.1610848907,0.1620142626,0.1617803801,0.1601600445,0.1572707656,0.153021133,0.1473727599,0.1403228668,0.1319023682,0.1221945998,0.1112667095,0.09925286046,0.08631029918,0.0726475442,0.05852657293,0.04405587212,0.02960605739,0.0153439111,0.001467150465,-0.01174124616,-0.02420143707,-0.03575206196,-0.04639188117,-0.05584807232,-0.0643371282,-0.07184577877,-0.07825779539,-0.08393287874,-0.08867803131,-0.09272694604,-0.09636177129,-0.09922075534,-0.1018740457,-0.104221226,-0.1062254068,-0.1082593509,-0.1100739987,-0.1118580966,-0.1136205529,-0.1153353379,-0.1170316278,-0.1186409,-0.1202880148,-0.1216536056,-0.1229783056,-0.1241458916,-0.1248656489,-0.1255771451,-0.1257456299,-0.12553225,-0.125204497,-0.123970008,-0.1225851743,-0.1207846725,-0.1182882351,-0.1157987124,-0.1127669498,-0.1096085657,-0.1076087842,-0.1118232359,-0.1153659997,-0.116149208,-0.1112975577,-0.09974514221,-0.08866031221,-0.08179953886,-0.08293285328,-0.09214381584,-0.1106878075,-0.1262176192,-0.1291206764,-0.114747915,-0.09598940386,-0.07291073563,-0.04430615257,-0.02162536691,-0.006481050729,0.01461916563,0.03431627385,0.03359716066,0.03982632914,0.04140105766,0.04234625088,0.04361557183,0.04523533283,0.04576117205,0.04736421751,0.04832171743,0.04789250974,0.04813119989,0.04882947467,0.04923197132,0.04874591057,0.04907183384,0.04927877728,0.0486582445,0.0483784585,0.04843083457,0.04814144797,0.04798469558,0.04753454864,0.04715680858,0.04671672123,0.04645823807,0.04635155848,0.04622258786,0.04559341872,0.04499540879,0.044903688,0.04495386702,0.04518084172,0.04443948453,0.04413824423,0.04389789964,0.04405365919,0.04446047525,0.04429740941,0.04391829297,0.04376757354,0.04413920164,0.04444942888,0.04488059434,0.04471207701,0.04442649478,0.04490631439,0.04545249557,0.04571312076,0.0458483948,0.04604331513,0.04579238002,0.0463328553,0.04698734778,0.04665559077,0.04678442567,0.04711226579,0.04660353823,0.04680128884,0.04714771498,0.04622095277
4.2,-0.1154555638,-0.1068083402,-0.09559374417,-0.08392538492,-0.07289283228,-0.05945002847,-0.04681239608,-0.03368958802,-0.01967138787,-0.006625212634,0.007048043411,0.02042803641,0.03326208691,0.04599656628,0.057960912,0.06940453266,0.08017890019,0.09007137225,0.09917137434,0.1074041628,0.114834862,0.1211470789,0.1266116848,0.1311018361,0.1345705269,0.1370119689,0.1383629283,0.1386257426,0.1376382813,0.1354970477,0.1319836471,0.1271028254,0.120954288,0.1132355509,0.104276649,0.09403701705,0.08259959402,0.07022659764,0.05703657265,0.04333926327,0.02931443496,0.01532670498,0.001539255126,-0.01178943115,-0.02435153436,-0.03612623868,-0.04682416239,-0.05645526252,-0.06502564943,-0.07232542906,-0.07860073416,-0.08386633512,-0.08826944177,-0.09177729417,-0.09468230059,-0.09708921974,-0.09901593025,-0.100776723,-0.102286547,-0.103711004,-0.1052050329,-0.1066157688,-0.1081729161,-0.1097840489,-0.1114109593,-0.1131413219,-0.1148149203,-0.1164448395,-0.1179190666,-0.1192089507,-0.1201886506,-0.1208010023,-0.1211192108,-0.1207171267,-0.1199124415,-0.118591677,-0.1165507553,-0.1141635721,-0.1111837215,-0.1079007443,-0.1056190384,-0.1073699251,-0.1081567517,-0.1063943925,-0.09916031616,-0.08548616649,-0.07362689903,-0.06956827684,-0.07986275222,-0.1051851822,-0.1419853867,-0.1715788205,-0.1810488846,-0.1713917343,-0.1520380809,-0.1248876165,-0.09183086524,-0.06675778562,-0.04931664316,-0.02619011085,-0.002772487975,-0.001154158073,0.006443861515,0.009112846469,0.01156298582,0.0138123832,0.01628383905,0.01789425549,0.02021416317,0.02171386057,0.02213239172,0.02302272856,0.0240647666,0.02500383666,0.02500908297,0.02558503838,0.0259992779,0.02573591187,0.02565013177,0.02577843785,0.02555996156,0.02552093114,0.02506520564,0.02457872769,0.0241488325,0.02387669606,0.02359606454,0.02328706138,0.02261851713,0.0218785214,0.02150240773,0.02146686815,0.02166124621,0.02061249032,0.02010778764,0.01984576565,0.01984538167,0.02007358227,0.01986259471,0.01944250621,0.01915937391,0.01944455056,0.01983710846,0.02035057279,0.0201086552,0.01984968199,0.02056670494,0.02123388001,0.02151763836,0.0219445491,0.02243612281,0.02225299412,0.02307914773,0.02421520334,0.02409090384,0.02444489198,0.02524934077,0.02513602949,0.02565918253,0.02642805315,0.02590893424
4.3,-0.1725742977,-0.1674726055,-0.1592813494,-0.1504321468,-0.1422579188,-0.1307091936,-0.1198576908,-0.1079955805,-0.0944296674,-0.08164722145,-0.06743558052,-0.05305168785,-0.03894535016,-0.02422743884,-0.01013603371,0.003731433753,0.01723199525,0.02985077175,0.04186014325,0.05304159467,0.06343834337,0.07272584107,0.08118244829,0.08872635265,0.09531786875,0.1010391468,0.1058559999,0.1098544931,0.1129364271,0.115226775,0.1165345296,0.116810001,0.1160831172,0.114018212,0.1107291769,0.1060074867,0.09982008724,0.09215351008,0.083063845,0.0727353714,0.06109932161,0.04876421882,0.03560042068,0.02202332557,0.00869792798,-0.004917189311,-0.01771352007,-0.02978707572,-0.04127182322,-0.051156294,-0.06018244878,-0.06796655176,-0.07441629201,-0.07983807391,-0.08408871958,-0.08748972644,-0.09004873242,-0.09202414348,-0.09347385961,-0.09455812798,-0.09566912018,-0.09637872578,-0.0973255374,-0.09836857261,-0.09927531745,-0.1007275988,-0.1020537001,-0.1034975475,-0.1051746042,-0.1065480235,-0.1079836902,-0.1091684583,-0.1100173743,-0.1104378274,-0.1103224064,-0.1096869386,-0.1083024527,-0.1063447218,-0.1036720921,-0.1004705979,-0.0980918002,-0.09754883426,-0.09530996832,-0.09102865593,-0.08276503186,-0.07074192155,-0.06533615884,-0.07481501627,-0.1059467748,-0.1539344333,-0.2059944243,-0.2400985013,-0.2465632817,-0.2360077093,-0.212958416,-0.1802189973,-0.1418182808,-0.1136132705,-0.09241150698,-0.06580996554,-0.03759595394,-0.03333222876,-0.02392766638,-0.01985224227,-0.01545470488,-0.01180777085,-0.008153998242,-0.005026678527,-0.001610747966,0.0007773819587,0.002468785421,0.004397622267,0.006113738915,0.00796606617,0.008840808059,0.009987523332,0.01094889106,0.0113971253,0.01179091719,0.01230048818,0.0124512512,0.01277368003,0.01257414095,0.01220986431,0.01198091414,0.01190044837,0.01161519777,0.01124487792,0.01067994236,0.009909217785,0.009299500371,0.009244346029,0.009453550603,0.008090444863,0.007376397764,0.0070843177,0.006858634448,0.006839881024,0.006507435521,0.005929707669,0.005401787427,0.005463906894,0.0057761388,0.006214532891,0.0057211552,0.005286629776,0.006044295851,0.006626645665,0.00670200301,0.007185513498,0.007744497335,0.007372570701,0.008231378848,0.009606730372,0.009414080986,0.009730457989,0.01074866399,0.01074627328,0.0113358211,0.01226485672,0.01185612882
4.4,-0.2120216703,-0.2099367393,-0.2049370425,-0.1994824611,-0.1949155011,-0.1868508486,-0.1794819889,-0.1709246282,-0.1601421725,-0.1499707833,-0.1376438659,-0.1245363201,-0.11142362,-0.09649709607,-0.08191687498,-0.06699284852,-0.05151555418,-0.03697778928,-0.02227427225,-0.00809231781,0.005212591882,0.01807381773,0.02986112562,0.04082689735,0.05108597699,0.06008283297,0.06840859683,0.07590637225,0.08247897832,0.08852269104,0.09373261064,0.09824367361,0.1020903246,0.1050379975,0.1071042247,0.1079976638,0.1076488769,0.1057395589,0.1022699687,0.09717206609,0.09006557795,0.08169538604,0.07150354641,0.05997049855,0.04792444156,0.03431110345,0.02083835203,0.007322451268,-0.006419525854,-0.01883955279,-0.03089005286,-0.04181898172,-0.05128971977,-0.05972999607,-0.06659430913,-0.07226517038,-0.07666422146,-0.07996081031,-0.08227390941,-0.08377024393,-0.08499836798,-0.08534169029,-0.08577252259,-0.08614397781,-0.08619497384,-0.08691917652,-0.08748316703,-0.08829345583,-0.08954172138,-0.09063895219,-0.09205765684,-0.09341943023,-0.09467787972,-0.09567865905,-0.09630892049,-0.09652786265,-0.09595307728,-0.09488013358,-0.09289661395,-0.09019206203,-0.08808719139,-0.08712781187,-0.08311846047,-0.07786593478,-0.07246156531,-0.07023247278,-0.08414556863,-0.1214944056,-0.1816229506,-0.2476141762,-0.3006365699,-0.3235652693,-0.315049142,-0.2942839226,-0.2617563331,-0.220582199,-0.1758017405,-0.1443664542,-0.1190099416,-0.08896187747,-0.0569433554,-0.05072993854,-0.03980182092,-0.03458012725,-0.02839054133,-0.02343013073,-0.01875232396,-0.01415201828,-0.009699941227,-0.006505988096,-0.00350554,-0.0005241926964,0.001817918146,0.00461146998,0.006398437057,0.008112916651,0.009653296704,0.01087275122,0.01174586332,0.01267100989,0.01322487335,0.0138953436,0.0139790693,0.0137517807,0.01368895802,0.01378651817,0.01346742564,0.01296009945,0.01245661944,0.01160197021,0.01064540873,0.01045553668,0.01055111084,0.008739286749,0.007687490119,0.007206080606,0.006536369394,0.00607724904,0.005421609985,0.004452237607,0.003482797814,0.003064591262,0.002993506176,0.003084366698,0.002089068437,0.001204894351,0.001681568571,0.0018646484,0.001431463407,0.001637456115,0.001950051259,0.001095812066,0.001634594811,0.002881838858,0.002300916768,0.002286572222,0.003182580328,0.00292159523,0.003262892463,0.004023855086,0.003384691355
4.5,-0.2373691364,-0.23652496,-0.2331586496,-0.2297697817,-0.2276694963,-0.222623051,-0.2186179127,-0.2137710789,-0.2068268691,-0.200695341,-0.1922290893,-0.1826994991,-0.1730506616,-0.1605981602,-0.1481315669,-0.1346397391,-0.1194805523,-0.1049326149,-0.08910454439,-0.07311002746,-0.05767231122,-0.04159570612,-0.02648014324,-0.01179509588,0.002618965577,0.0155771169,0.02809426013,0.0397074577,0.05026076418,0.06018754442,0.06913832148,0.07736361089,0.08497725558,0.09175609676,0.09791202154,0.1032181641,0.1074902308,0.110699848,0.1124511348,0.1126026,0.1108336959,0.1072756908,0.101604733,0.09399272643,0.08497754124,0.07381025371,0.06178192488,0.04889986599,0.0350637931,0.02164055652,0.008009491064,-0.005055909988,-0.01697862754,-0.02826063666,-0.03796954298,-0.04640075813,-0.05355597184,-0.05905960326,-0.06338720598,-0.0665140165,-0.06877796344,-0.06998628779,-0.07074033692,-0.07113179069,-0.07111047306,-0.07131909502,-0.07141857359,-0.07171017359,-0.07235729911,-0.07310101546,-0.07419904076,-0.07542827614,-0.07679376278,-0.07807689804,-0.07923862915,-0.08016123038,-0.08045167429,-0.08033879553,-0.07933193189,-0.07752776454,-0.07591514516,-0.07941584685,-0.07983147969,-0.08108616512,-0.08797984683,-0.1068188208,-0.150661588,-0.2200154562,-0.3018142706,-0.3692143098,-0.4051316463,-0.4020138548,-0.3679072602,-0.3289302727,-0.2823498682,-0.2315407164,-0.1812913243,-0.1482021785,-0.1195342532,-0.08686483676,-0.05262175578,-0.04527467345,-0.03321940381,-0.02717738628,-0.0196322913,-0.01364263302,-0.008308858755,-0.002524725747,0.002715978149,0.006289986221,0.01032688162,0.01407563038,0.01664619408,0.02012523199,0.02249793383,0.02439752376,0.02619751845,0.02782971021,0.02882717501,0.02981508347,0.03035360526,0.0309799775,0.03094108615,0.03044887321,0.03013341795,0.02992596974,0.0291317776,0.02800894033,0.02706709415,0.02567552502,0.02387109374,0.02300751951,0.02245165904,0.01969056845,0.01780036921,0.01657610376,0.01491547861,0.0135021535,0.01197741851,0.01007840535,0.008180757466,0.006777098329,0.005778812218,0.005005023991,0.003066390291,0.001273370787,0.000964757284,0.0003071261397,-0.001011313923,-0.001527620311,-0.001896010591,-0.003531520519,-0.00365552887,-0.002964231888,-0.004186928828,-0.004767551192,-0.004343704718,-0.005085833494,-0.005184113232,-0.004815361652,-0.005837503514
4.6,-0.2510027833,-0.2507213557,-0.2478639836,-0.2452259407,-0.2441677701,-0.2405893832,-0.2384912104,-0.2360013712,-0.2319587205,-0.2291160625,-0.2243703001,-0.2188271131,-0.2132505486,-0.2049196113,-0.1963396406,-0.1864091789,-0.1743472449,-0.1621863114,-0.1480438697,-0.1329749848,-0.1176871419,-0.1008727476,-0.08430944706,-0.06750064115,-0.05038562879,-0.03421618731,-0.01813386905,-0.002698321713,0.01187893431,0.02578977566,0.0387578368,0.05095833689,0.06253421948,0.07316038999,0.08326782086,0.09273833113,0.101246342,0.1092991667,0.1160736811,0.1215055354,0.1255648003,0.1274540247,0.1274392887,0.1251883852,0.1207206357,0.1140193434,0.1054021799,0.09519408159,0.08341211641,0.0708748641,0.05749378715,0.04385128099,0.0306986652,0.0174278751,0.005299441976,-0.005855922666,-0.01616601429,-0.02462044669,-0.0320411738,-0.03809330517,-0.04278679119,-0.04639848135,-0.04895129071,-0.050785458,-0.05197094747,-0.05280223848,-0.05337111814,-0.05386805532,-0.05455811958,-0.05524674789,-0.05628249403,-0.05753549643,-0.05895122802,-0.06061891526,-0.0622913403,-0.06395550999,-0.06534316895,-0.06639722349,-0.06680839293,-0.06644175828,-0.06578715706,-0.08141354011,-0.09659546781,-0.1153872539,-0.1440782076,-0.1889208586,-0.2595115334,-0.3476059283,-0.4311699742,-0.4806518406,-0.4860281946,-0.4497604508,-0.3874179399,-0.3288912656,-0.2682996163,-0.2089506219,-0.1548158206,-0.1218053248,-0.0912656954,-0.0575130284,-0.02363562731,-0.01623889455,-0.003792806464,0.002478000498,0.01060971522,0.01695277747,0.02223728875,0.02844950875,0.03373221893,0.0368645478,0.04112115048,0.04481140649,0.04671732907,0.04998784134,0.05203792453,0.05320473082,0.05430227675,0.05537955852,0.05556317762,0.05562782061,0.05515703703,0.0547994029,0.05365004573,0.05194319479,0.05045678889,0.04897198647,0.04681677904,0.04424077802,0.04195764946,0.03921156907,0.03585215119,0.03353071257,0.03156633087,0.02729680563,0.02396477802,0.0213686869,0.01827056931,0.0154675166,0.01262281708,0.009459065639,0.006344846483,0.003725693142,0.001607085965,-0.0002223739583,-0.003171104135,-0.005885764617,-0.007063791516,-0.008532402463,-0.01054591693,-0.0117417014,-0.01273740958,-0.01484454306,-0.01540619095,-0.01516188727,-0.01665611399,-0.01745757244,-0.01731561379,-0.01814376517,-0.01827862624,-0.01796291595,-0.01893191443
4.7,-0.2502895634,-0.2514752264,-0.2493966475,-0.2474060362,-0.247044614,-0.2438827006,-0.2424511997,-0.2407251207,-0.2378118332,-0.2363248876,-0.2334456362,-0.2302577507,-0.2271749928,-0.2222327731,-0.2170811262,-0.2108268198,-0.2029208628,-0.1944123697,-0.1841122229,-0.172575537,-0.1602129221,-0.1460509939,-0.1313400466,-0.1157916962,-0.09930678369,-0.08296891268,-0.06612057078,-0.04928550184,-0.03283303673,-0.01645405738,-0.000684212792,0.01467467129,0.02984346519,0.04414285815,0.05834348133,0.07226058878,0.08550457562,0.09891421512,0.111454742,0.1231488372,0.1341081474,0.1429329182,0.1501519666,0.1550177102,0.1570096307,0.1566332455,0.1533192038,0.1475649071,0.1396113101,0.1295109654,0.1178862879,0.1050727112,0.09170010664,0.07756049031,0.06366642307,0.0501439138,0.03702521203,0.02518567657,0.01420542883,0.004463604264,-0.003925535209,-0.01110257974,-0.01700776978,-0.02191651353,-0.02585270355,-0.02908510073,-0.03172907039,-0.03401024489,-0.03628627657,-0.03830638875,-0.04060949661,-0.04309760942,-0.04572223543,-0.04878272271,-0.05194094644,-0.05526930854,-0.05855954109,-0.06164649645,-0.06423888089,-0.06603310735,-0.06694283566,-0.09997426727,-0.1364742708,-0.1777150589,-0.2283579911,-0.2918875859,-0.3738642118,-0.4606699272,-0.5278616082,-0.548866365,-0.5222692009,-0.4571089375,-0.3718788515,-0.2967552572,-0.2241298421,-0.1576837224,-0.1010107358,-0.06972817309,-0.03980290482,-0.007974239638,0.02117280236,0.02681001905,0.0381272974,0.04349113135,0.050768494,0.05613616909,0.0601959782,0.06545839682,0.06946883402,0.07093950212,0.07405421515,0.07638932086,0.0764075296,0.07811120728,0.07855951492,0.07783905214,0.07692522879,0.07624237236,0.07456355921,0.07253349273,0.06997092767,0.06773110481,0.064491081,0.06071030999,0.05737086115,0.053839389,0.04970149191,0.0452695321,0.04114748552,0.03667453785,0.03167142487,0.02765807193,0.02410960767,0.01854389077,0.01385922588,0.009969882039,0.005817615624,0.001943460276,-0.001895232747,-0.005793122307,-0.00961047924,-0.01289434787,-0.01549869231,-0.01781310787,-0.02107303454,-0.02392566175,-0.02536176617,-0.02693950532,-0.02875725614,-0.0299715855,-0.03094889876,-0.0326172369,-0.0328882207,-0.03251153403,-0.03343751021,-0.03370053984,-0.03326610377,-0.03346429649,-0.03294447935,-0.03208424022,-0.03235346815
4.8,-0.2290984405,-0.2332739959,-0.2332054619,-0.2328422627,-0.2339940934,-0.2314353746,-0.2306044532,-0.2291793141,-0.2263549323,-0.2250215429,-0.2223171448,-0.2195446277,-0.2170510637,-0.2132816752,-0.2096301048,-0.2053390937,-0.2000675568,-0.1944451051,-0.1876276183,-0.179887945,-0.1714349282,-0.1614718698,-0.150807938,-0.1392024714,-0.1264020461,-0.1133303967,-0.0993029897,-0.08476240981,-0.07018436083,-0.05491293267,-0.03982994638,-0.02462677902,-0.008927898746,0.006194077367,0.02192375437,0.03796641398,0.05388361221,0.07095080243,0.08792257627,0.1050626697,0.1227120623,0.1389179148,0.1545285212,0.1683326397,0.1790902349,0.1877650323,0.1926220948,0.1941813073,0.1929842014,0.1878724004,0.1805106547,0.1708531025,0.159112234,0.1461080615,0.1319543507,0.1173062613,0.1026002144,0.08785148476,0.07370269769,0.06026566931,0.04767400303,0.03620982221,0.02577002583,0.01637643879,0.007991856784,0.0005147386059,-0.006209341593,-0.01237400285,-0.01814807924,-0.02363762302,-0.02905616008,-0.03448180888,-0.04004863271,-0.04573011417,-0.05159223584,-0.05756551048,-0.06342784792,-0.0691670601,-0.07429693676,-0.0785261009,-0.0811582839,-0.1311695907,-0.1874992187,-0.2470469828,-0.3112945219,-0.3805284468,-0.4579025541,-0.5283947826,-0.5699428898,-0.5618610225,-0.5096581462,-0.4246853206,-0.3249664057,-0.2392217023,-0.1594727179,-0.0902463146,-0.03476057636,-0.008323502465,0.01645997518,0.041238031,0.0592306859,0.06033084989,0.06811324398,0.07093476479,0.07536223075,0.07802146045,0.07951726062,0.08229249159,0.08371356762,0.08248847725,0.08332825547,0.08336920788,0.08082483931,0.08020736143,0.07847836232,0.07557868857,0.07225033882,0.06960427423,0.06614204714,0.0619939668,0.057471206,0.05373407539,0.048731172,0.04334627203,0.03883355273,0.0338572101,0.02843757749,0.02308680477,0.01796300509,0.01262917735,0.007129201028,0.002362280373,-0.001863021896,-0.007446573616,-0.01243680162,-0.01664780319,-0.02063735072,-0.02456774508,-0.02840402562,-0.03193239437,-0.03547914825,-0.03843953512,-0.04058517133,-0.04256264933,-0.04522028109,-0.04735057045,-0.04836593914,-0.04933927215,-0.0501807788,-0.05084081748,-0.05129301063,-0.05185335732,-0.05133393857,-0.05049493762,-0.05034490777,-0.04964357921,-0.04866395375,-0.04790705722,-0.04643080477,-0.04480104944,-0.04416008165
4.9,-0.1852430622,-0.1937251611,-0.1971562703,-0.1999606373,-0.2042024777,-0.2037238915,-0.2048582945,-0.2049383566,-0.2029878126,-0.2024560467,-0.2000455294,-0.1973773171,-0.1950235114,-0.1911109816,-0.1875496435,-0.1834925788,-0.1785845874,-0.1738363632,-0.1681578351,-0.1619776971,-0.1555568583,-0.1480035272,-0.140180222,-0.1317398492,-0.1223918465,-0.1129841091,-0.1027662877,-0.09212277543,-0.08141617277,-0.07003058708,-0.05871510375,-0.04717536573,-0.03507807281,-0.02329772654,-0.01078447613,0.002322912513,0.01573867049,0.03079248117,0.04659439307,0.063613247,0.08261848932,0.1016536725,0.1219883141,0.1423236654,0.1607621768,0.1789060168,0.1935144814,0.2049465095,0.2139285329,0.2174805075,0.2184155779,0.2159609205,0.2096458877,0.2016011225,0.1905988867,0.1779405897,0.1645234307,0.1491900329,0.1338910681,0.1183489143,0.1026400525,0.0875865966,0.07281956377,0.05876118045,0.04547954165,0.03287135768,0.02105110874,0.009868408248,-0.0006707070683,-0.01075920076,-0.02040155494,-0.02972168421,-0.03890494794,-0.04775767187,-0.05654033759,-0.06513641126,-0.07337724084,-0.08126719641,-0.08836124369,-0.09439037076,-0.0983016163,-0.1593731005,-0.2277252462,-0.2967679208,-0.3649246391,-0.4296302967,-0.4927018836,-0.5398955758,-0.5540446021,-0.5218823965,-0.4542982557,-0.3624676107,-0.2614784475,-0.1766325913,-0.09978903668,-0.03563785188,0.01338795946,0.03225917875,0.04808762642,0.06210454169,0.06531606477,0.06012146718,0.06297187559,0.06249494648,0.06335084071,0.06279554552,0.06155953908,0.06179787659,0.0607500493,0.05722976743,0.05634360461,0.05478442588,0.05059356142,0.04871120781,0.04598472982,0.0422413241,0.03795040026,0.03490165531,0.03129504747,0.02676149463,0.02205208991,0.01857964869,0.01367973937,0.00855417831,0.004669881155,7.469520568e-05,-0.004873750919,-0.009423788425,-0.01384336252,-0.01846653271,-0.02290636032,-0.02701604811,-0.03065203804,-0.03491509039,-0.03904705976,-0.04256843911,-0.04542478703,-0.04859867046,-0.05168558353,-0.05420716765,-0.05693522947,-0.05908761978,-0.06048498802,-0.06189815709,-0.06369793202,-0.06501990751,-0.06564513961,-0.06604876166,-0.06601204628,-0.06632792207,-0.06650056018,-0.06619484473,-0.06523113598,-0.06434565426,-0.06351622427,-0.06225112104,-0.06119649872,-0.06003070718,-0.05807153018,-0.05616238938,-0.05520946566
5,-0.1266188631,-0.1401512559,-0.1481258109,-0.1552829893,-0.1636022168,-0.1668431737,-0.1713564706,-0.1744251728,-0.1751704742,-0.1767173764,-0.1760681887,-0.174744248,-0.1732709539,-0.1699179745,-0.1665313463,-0.1624193515,-0.1572350066,-0.1520966265,-0.145967597,-0.1393315043,-0.1327278862,-0.124951255,-0.1173267765,-0.1094453187,-0.1006725863,-0.09278173935,-0.0841498136,-0.07546943061,-0.06767847288,-0.05890002138,-0.05115652805,-0.04365018575,-0.03538520495,-0.02884940053,-0.02134578819,-0.01365377759,-0.006549718182,0.002830070839,0.01235640752,0.02343167177,0.037413399,0.05194029259,0.06952535027,0.08879773871,0.1080726831,0.1292936893,0.148725896,0.1665478645,0.1830445189,0.1947142125,0.2039900096,0.2096499923,0.2108983761,0.2097511551,0.2047082351,0.1970694342,0.1877506796,0.1753711243,0.1621334821,0.1477589115,0.1323405873,0.1168046095,0.1008597461,0.08507438301,0.06969776443,0.05450859611,0.03997977421,0.02601279389,0.0125958989,-0.0001322348774,-0.01233311518,-0.02399584249,-0.0351297507,-0.04582214247,-0.05603646187,-0.06580186417,-0.0751096382,-0.08367581075,-0.09144499348,-0.09805905568,-0.1024282502,-0.1670966162,-0.2379277928,-0.3068075912,-0.3704462017,-0.4249366117,-0.4719033766,-0.4991547218,-0.4948499116,-0.4523211569,-0.385424646,-0.3028587338,-0.2147735148,-0.1422931033,-0.07627698828,-0.02118190189,0.02060743723,0.03332775289,0.04179760902,0.04773487209,0.04095085887,0.03141935908,0.03099397151,0.02854645311,0.0276427845,0.02549478847,0.02301787505,0.02254934791,0.02072354033,0.01654003268,0.01576850292,0.01434289574,0.01015880982,0.008858679608,0.006881745264,0.003854867278,0.0004261345491,-0.001327495892,-0.003640741171,-0.006855551388,-0.01019764268,-0.0121544322,-0.01546504346,-0.01897343662,-0.02116098486,-0.02420577868,-0.02763206945,-0.03058681683,-0.03343151609,-0.03656121845,-0.03945450186,-0.04239873869,-0.04500623496,-0.04776559646,-0.0507852566,-0.05347813402,-0.05535071204,-0.05781588002,-0.06030343247,-0.06216671956,-0.06433536852,-0.06610385242,-0.06731889389,-0.06869250579,-0.07021546402,-0.07137451066,-0.07233354019,-0.07289837172,-0.07275515234,-0.07357928687,-0.07425588772,-0.07394130018,-0.07346318062,-0.07337097243,-0.07280024943,-0.07184909953,-0.07155543919,-0.07098295598,-0.06939481749,-0.06804041867,-0.06773409682
5.1,-0.06420443002,-0.08426257951,-0.09758186935,-0.1097056426,-0.1229658627,-0.1302198282,-0.1387878641,-0.1455665069,-0.1495321801,-0.1542206182,-0.1561938208,-0.1571571125,-0.1576994317,-0.1557207814,-0.1533893389,-0.1498953311,-0.1448328098,-0.1394308553,-0.1325969446,-0.1249224067,-0.1170560006,-0.1076859797,-0.09840234534,-0.08883135074,-0.07833377679,-0.06902085984,-0.05913624956,-0.04953018246,-0.04141999596,-0.03268008338,-0.02579409953,-0.01989932375,-0.01375597154,-0.01081577817,-0.007536148797,-0.005081266713,-0.004704799491,-0.002450319547,-0.0014771422,0.0003732362315,0.00513843365,0.009714584189,0.01836537061,0.02956419761,0.04212695215,0.05876461737,0.07547733443,0.09279038494,0.110270381,0.1251277626,0.1384984553,0.1490179168,0.1563752946,0.1606812382,0.1617766449,0.1601714526,0.1558647215,0.1492626297,0.1406477354,0.1304712778,0.1194241605,0.1068717926,0.09409565635,0.08101535381,0.06757064507,0.0545940662,0.04160586897,0.02903805296,0.01702713647,0.005343573405,-0.00570413455,-0.01629734886,-0.02632207951,-0.03590661496,-0.04494653633,-0.05347041977,-0.06166219517,-0.06893336501,-0.0756365468,-0.08134623768,-0.08514294588,-0.1485554025,-0.2156523038,-0.2787974914,-0.3353010304,-0.3823055436,-0.4223060154,-0.4445116588,-0.439523576,-0.403301732,-0.349431941,-0.2833151948,-0.210721687,-0.1502856399,-0.09152691635,-0.0396380045,0.001259031572,0.01319624902,0.0202705833,0.02455132725,0.01595645099,0.005884667789,0.005127516206,0.002674588161,0.002424927081,0.0007101946768,-0.001459971868,-0.0009294904483,-0.002054588915,-0.005719480984,-0.005203039224,-0.005541466157,-0.009017055337,-0.00898092085,-0.009695230452,-0.01178449265,-0.01390179304,-0.01422976116,-0.01543555402,-0.0172521377,-0.01936244435,-0.02024544106,-0.02221701518,-0.02446859792,-0.0255743582,-0.02759770186,-0.03005281803,-0.03219283922,-0.03415814775,-0.03642155661,-0.03870621793,-0.0412798555,-0.04356558418,-0.04586834007,-0.04857515644,-0.05123321542,-0.05319078987,-0.05576740319,-0.05852487044,-0.06066414202,-0.06306535003,-0.06540054767,-0.06729821095,-0.06943405468,-0.07156950838,-0.07329259971,-0.07536499634,-0.07689292535,-0.07735126285,-0.07941389114,-0.08122065406,-0.0815364769,-0.0822338475,-0.08347607661,-0.08372462951,-0.0836230058,-0.08453979897,-0.08503270963,-0.08425611905,-0.08387093389,-0.08453767821
5.2,0.003268846411,-0.02539941796,-0.0458238164,-0.06408623217,-0.0830464131,-0.09462646856,-0.1073338765,-0.1178062311,-0.1245886004,-0.1324731752,-0.1368957809,-0.1400455578,-0.143183439,-0.1426195768,-0.1420950212,-0.1401620728,-0.1357253907,-0.13152373,-0.1248755658,-0.1170569635,-0.1091155526,-0.0984908737,-0.0880409038,-0.0768217429,-0.06431648929,-0.05279698084,-0.04051878584,-0.02865336816,-0.01781062218,-0.00740789545,0.001336000034,0.008761370002,0.0145845473,0.01801729415,0.01952117166,0.01882664158,0.01636148793,0.01143122168,0.00532660101,-0.001528835735,-0.009021612911,-0.01501095956,-0.01968810464,-0.02186830201,-0.02026860793,-0.01594991532,-0.007915565309,0.002726858612,0.01451252741,0.02790582996,0.04054827048,0.05221305383,0.06272636604,0.07055705134,0.0766136037,0.08043031608,0.08196749978,0.08164700408,0.07943572693,0.07583604298,0.07097566083,0.06510547713,0.05851367868,0.05137375414,0.04415163553,0.03648362439,0.02903415017,0.0217486379,0.01435053481,0.007692172439,0.001028310276,-0.005352723568,-0.01110584396,-0.0170000886,-0.02229175697,-0.02731322061,-0.03232163698,-0.03652230861,-0.04057162933,-0.0439884117,-0.04633871526,-0.1082260046,-0.1724697208,-0.2331034137,-0.2893259493,-0.3401692722,-0.3887065717,-0.4225568271,-0.4297063553,-0.4045303339,-0.3600325391,-0.3014830786,-0.2337977503,-0.1754036256,-0.114482652,-0.05744197671,-0.01087812748,0.004327767437,0.01400197618,0.01992568509,0.01256292725,0.003806463999,0.003956234735,0.002068529783,0.003117989737,0.002305161341,0.0005164212964,0.001997230226,0.001485353052,-0.001994059991,-0.0007263006233,-0.0006342258081,-0.004210033117,-0.003713812645,-0.004263473935,-0.00664835076,-0.008552767454,-0.008873096835,-0.01052287383,-0.01231991841,-0.01471399929,-0.01617444609,-0.01834445396,-0.02089114355,-0.02255099173,-0.0250907067,-0.02808019198,-0.0309464592,-0.03344235887,-0.0361561734,-0.03924098431,-0.04264377786,-0.04566148475,-0.04871577894,-0.05207602928,-0.05552211023,-0.05843392914,-0.06186319885,-0.06550576503,-0.06837450963,-0.07147875208,-0.07484371769,-0.07758797635,-0.08064591654,-0.08362117131,-0.08583930873,-0.08890826025,-0.0913780997,-0.09226476934,-0.09524092327,-0.09784658715,-0.09842633281,-0.09990918497,-0.1019995465,-0.1024936018,-0.1027661306,-0.1043111886,-0.1050921553,-0.1045843693,-0.1046054128,-0.1053505231
5.3,0.09443260079,0.05416864172,0.02381439073,-0.003098475646,-0.02954976114,-0.04724879478,-0.06518045791,-0.08002793348,-0.09048532771,-0.1015110606,-0.1086759618,-0.1143082525,-0.1198062417,-0.121436188,-0.1231136159,-0.1233663739,-0.1210459135,-0.1189575546,-0.1142653007,-0.1082729103,-0.101904121,-0.09252900197,-0.08293454054,-0.07209273708,-0.05974393646,-0.04746914397,-0.03421157662,-0.02100544932,-0.007966036026,0.004260619596,0.01550016066,0.02551569214,0.03323652186,0.03916683403,0.04202564029,0.04199411037,0.03971060526,0.03268203976,0.02343118926,0.01140610375,-0.003584940446,-0.01889411331,-0.03515780148,-0.05027499564,-0.06243499593,-0.0719921611,-0.07674774543,-0.07742785451,-0.07491331754,-0.06816434101,-0.06004840366,-0.05063370298,-0.04066467406,-0.03137993224,-0.02262976456,-0.01517983473,-0.008457495011,-0.00362909275,0.0005055366606,0.003869641265,0.00529843508,0.007637455926,0.008411337313,0.008684438623,0.01012187538,0.009365565708,0.009921017951,0.01046149823,0.009600570963,0.01086718768,0.01074957312,0.01066178178,0.01164697008,0.01087371804,0.01108792594,0.01104946912,0.01006999018,0.01013254104,0.009326239401,0.008684137767,0.008368047273,-0.05738926073,-0.1263265795,-0.193814896,-0.2604604674,-0.3263623354,-0.392973459,-0.4424683374,-0.4574993121,-0.4324542803,-0.3838920363,-0.3200417036,-0.2467908176,-0.1830704538,-0.1153359374,-0.05067517414,0.002311460795,0.02004206551,0.03096351317,0.03591735771,0.02493418735,0.01571571306,0.01511661171,0.01236706748,0.01293788221,0.01144032882,0.008501313665,0.009062357302,0.007546532617,0.00276527101,0.002964458581,0.001811698342,-0.003303953279,-0.003962750346,-0.005953102534,-0.009986569528,-0.01299972729,-0.01474829873,-0.01808173398,-0.02099185791,-0.02475454136,-0.0277897464,-0.03106467847,-0.03471018549,-0.03764649304,-0.04130456715,-0.04537305415,-0.04936824507,-0.05268898636,-0.05613005176,-0.06015471378,-0.06438405008,-0.06807125775,-0.07177203369,-0.07558244516,-0.07947785103,-0.08291298036,-0.08682892713,-0.09081202521,-0.09368543248,-0.0969345374,-0.100677339,-0.1033657042,-0.1065002358,-0.1095486954,-0.1113158461,-0.1143091107,-0.1168183918,-0.1172162651,-0.119918622,-0.1222364803,-0.1220729371,-0.1232331681,-0.1250164027,-0.1246173506,-0.1242741424,-0.1253140877,-0.1250933798,-0.1238979605,-0.1233404694,-0.1228863865
5.4,0.2237556632,0.1702708048,0.1279106259,0.08970840479,0.05296791485,0.02633892662,0.0006098331502,-0.02093066331,-0.03723110096,-0.05313501849,-0.06469561316,-0.07426360668,-0.08344673029,-0.08860640703,-0.09381754441,-0.09772710146,-0.09898961545,-0.1008931755,-0.10010128,-0.09803367461,-0.0958454179,-0.09002643577,-0.08400315057,-0.07631137301,-0.06637989057,-0.05606343088,-0.04380012543,-0.03084017481,-0.01720840665,-0.003348724477,0.01034136476,0.02364030693,0.03516978519,0.04574850556,0.05340474246,0.05826875998,0.06081033418,0.0576737754,0.0513987397,0.04064164434,0.02510065087,0.006198004514,-0.01618752679,-0.0398806122,-0.06420595653,-0.08591941458,-0.1047309073,-0.119499835,-0.127670281,-0.1328870591,-0.1323950709,-0.1282467843,-0.1239393601,-0.1146716816,-0.1067264799,-0.0986662243,-0.08815600815,-0.08145647186,-0.07268218411,-0.06418493178,-0.05832751769,-0.04906309278,-0.04220818126,-0.03527306525,-0.02638208288,-0.02017724851,-0.01201763678,-0.004004477343,0.002685468812,0.01129374381,0.01839970961,0.02536288275,0.03269412015,0.03833259231,0.04413989946,0.04918712762,0.05303145613,0.05684534275,0.05945502812,0.06152693484,0.06299849082,-0.01272250967,-0.09427814975,-0.176370663,-0.2588774887,-0.3410153156,-0.4200139008,-0.4727274207,-0.4805412067,-0.4433184775,-0.3828921674,-0.309323335,-0.2286629696,-0.1598546488,-0.08793685851,-0.02012655038,0.03406689951,0.04946004426,0.05599825702,0.05351242967,0.03040167267,0.01699355333,0.01270652349,0.007161226854,0.004854207295,0.0007655986962,-0.004717422908,-0.006799493534,-0.01057938107,-0.01742720156,-0.019358723,-0.02247111341,-0.02931736015,-0.03153149069,-0.03514548753,-0.04052079404,-0.04439737306,-0.04729308291,-0.05167251161,-0.05504200711,-0.0593887846,-0.06305725784,-0.06649371152,-0.070207321,-0.07330442195,-0.07691094923,-0.08088443723,-0.08474406347,-0.08763624628,-0.09064729847,-0.09434883338,-0.09811283866,-0.1012524867,-0.1044271893,-0.1075437745,-0.1107069169,-0.1135064941,-0.1169058136,-0.1201377334,-0.1219502004,-0.1244728409,-0.1276638321,-0.1293333557,-0.1316484681,-0.1340070968,-0.1346093532,-0.1366332863,-0.138487464,-0.1379171924,-0.1395320932,-0.1408750029,-0.1395786295,-0.1398342426,-0.1406498605,-0.1389600859,-0.1376787128,-0.137672579,-0.1359671109,-0.1338393249,-0.1323764244,-0.1303132077
5.5,0.3911332345,0.3308046996,0.2782534116,0.2281339115,0.178730132,0.1396586911,0.1021446495,0.06961099368,0.04367978366,0.01862581425,-0.0008917533057,-0.01763195891,-0.03385990227,-0.04500290846,-0.05634953971,-0.06621378063,-0.07314363205,-0.08109270574,-0.08618342029,-0.09013360316,-0.09393843204,-0.09407342811,-0.09374919078,-0.09141012915,-0.08647990538,-0.08014916145,-0.07114805304,-0.06033545958,-0.04787769519,-0.03338625489,-0.01789045782,-0.001560973122,0.01527395282,0.03144621426,0.04684825873,0.06078651871,0.07175493895,0.07992405704,0.08335382247,0.08160619119,0.0755747804,0.06091773165,0.04161281431,0.01718897704,-0.01328331207,-0.04282947515,-0.07384306841,-0.1023812551,-0.1240419541,-0.1432701207,-0.1544178761,-0.1600664914,-0.164015899,-0.1600354746,-0.1562616087,-0.1507931944,-0.1413365728,-0.1351230019,-0.1256627414,-0.1159800915,-0.1081786491,-0.0966755124,-0.08697087145,-0.07654979105,-0.0646223708,-0.05372338937,-0.0413570333,-0.0290182512,-0.01632190377,-0.003584205406,0.009183893393,0.02194733797,0.0333899384,0.04545498348,0.05582538691,0.06518450416,0.07441790861,0.08095169863,0.08720575513,0.09220912212,0.09484059422,0.009710086286,-0.08434666507,-0.1794904276,-0.2721854349,-0.3592286026,-0.4347373274,-0.4746957036,-0.4656465218,-0.4150153156,-0.3469149984,-0.2700168056,-0.1888393006,-0.121303912,-0.05228687976,0.0111196998,0.05968210632,0.06811271174,0.06593835902,0.05264881027,0.01502256271,-0.00381405687,-0.01243761115,-0.02074905546,-0.02595525328,-0.03233110467,-0.03972408698,-0.04387343334,-0.04908370863,-0.05689379753,-0.05995100557,-0.06386645602,-0.07105222921,-0.0735615409,-0.07746695565,-0.08264545139,-0.08592974165,-0.08858794704,-0.09253254851,-0.09490403225,-0.09836034238,-0.1012417259,-0.1034511472,-0.1058584832,-0.1078435873,-0.1100884145,-0.1126939425,-0.1152307478,-0.1165522314,-0.1181044501,-0.1204647783,-0.1227432238,-0.1244204935,-0.1262855053,-0.1279591556,-0.1296436738,-0.1311704393,-0.1335157039,-0.1354272044,-0.1357654743,-0.1372607778,-0.1395457886,-0.1399384631,-0.1412067436,-0.1427752026,-0.1422562637,-0.1431704114,-0.1443874233,-0.1431576743,-0.1436961361,-0.1441680828,-0.1422156891,-0.1418366391,-0.1418365721,-0.1394005075,-0.1377519295,-0.1370248383,-0.1343492646,-0.1319531235,-0.1301504234,-0.1271198347
5.6,0.5572975365,0.5163037795,0.4704474562,0.4175547989,0.3586106815,0.3064603722,0.2538781478,0.2056357242,0.165061318,0.1250012411,0.09220128244,0.06342566436,0.03516452084,0.01446659832,-0.006615049311,-0.02555128805,-0.04008779248,-0.056625353,-0.06913010512,-0.08042690855,-0.0919495733,-0.09894248213,-0.1058007907,-0.1103153068,-0.1119040263,-0.1115635008,-0.1079009153,-0.1016235713,-0.09260012916,-0.08020868154,-0.06529285576,-0.0481025444,-0.02834629254,-0.00766632275,0.01452953241,0.03751351699,0.05835763004,0.08030413399,0.09791222794,0.1113582696,0.1231923279,0.1224142535,0.1173384524,0.1037696376,0.0769329785,0.0491947359,0.01184234739,-0.02717286728,-0.06084454279,-0.09610677318,-0.1215405627,-0.1410651546,-0.1568269425,-0.1633116628,-0.1679102828,-0.1688577434,-0.1662784816,-0.1634641545,-0.1582412433,-0.1522396582,-0.1458474625,-0.1378191569,-0.1294754343,-0.1201672986,-0.1099389494,-0.09867454502,-0.08641929201,-0.07340905684,-0.05918511317,-0.04468924329,-0.02931789459,-0.01352486227,0.001424956892,0.01742079294,0.03197709051,0.04560789369,0.05930935664,0.06988972975,0.08010447018,0.08877691911,0.09359226595,0.008320304899,-0.08856321514,-0.18591827,-0.2763501994,-0.3548385678,-0.4153135372,-0.4373389999,-0.4156419131,-0.3623683188,-0.2990857207,-0.229892577,-0.1565958246,-0.09578565745,-0.03362850652,0.02263945464,0.06425243608,0.0662009917,0.05713530115,0.03635157909,-0.01045558529,-0.03273930239,-0.04384793106,-0.05331692549,-0.05962409793,-0.06660739699,-0.07434675236,-0.07892658367,-0.08405848576,-0.09144438625,-0.09420809501,-0.09762772177,-0.1040065423,-0.1057076165,-0.1088669306,-0.1129342263,-0.1147902405,-0.1164536652,-0.1193405684,-0.1201282681,-0.1221321332,-0.1238151334,-0.1244120084,-0.1251747553,-0.1258590335,-0.1264830893,-0.1274930072,-0.128604417,-0.1282621629,-0.1283154596,-0.129320122,-0.130074889,-0.1302963722,-0.130968732,-0.1313117378,-0.1316169422,-0.1320322343,-0.1335103481,-0.1342775828,-0.1334326704,-0.1342352037,-0.135885861,-0.1353263496,-0.1358961324,-0.1371269218,-0.1359886039,-0.1361788809,-0.1372460051,-0.1359959447,-0.1359485413,-0.1360877539,-0.1342405037,-0.1338694071,-0.1335672337,-0.1311797248,-0.1300329116,-0.1292397534,-0.1263220354,-0.1245443008,-0.1232298626,-0.1200558123
5.7,0.5793757229,0.602859766,0.6098019241,0.5934414207,0.5525418265,0.5058855934,0.4470764397,0.3862386585,0.3308730364,0.2722925366,0.2221956414,0.1768026505,0.132388224,0.09791399211,0.06382736978,0.03325476039,0.008583859942,-0.01765273497,-0.03880179899,-0.05814021598,-0.07776040035,-0.09198283002,-0.1063552372,-0.1184849286,-0.1267179531,-0.1342778106,-0.1373952246,-0.1373974098,-0.1355946165,-0.1273697428,-0.1170844648,-0.103336628,-0.08409472696,-0.06420292691,-0.03939241677,-0.01185612753,0.0150026116,0.04717996968,0.07688835717,0.1057003361,0.1357893684,0.1556428442,0.1725675846,0.1803128444,0.1726638862,0.1576249464,0.126315406,0.08582005355,0.04337755161,-0.005143372611,-0.04668365968,-0.08300776117,-0.1143715984,-0.1356555695,-0.1529396544,-0.1647805625,-0.1725288611,-0.177595357,-0.1801683413,-0.1812586229,-0.1803825062,-0.1787355909,-0.1753163125,-0.1705392488,-0.1649004133,-0.1566742331,-0.1473661342,-0.136394125,-0.1233554858,-0.1091292608,-0.09308959308,-0.07584033628,-0.05830967619,-0.03919719963,-0.02058521973,-0.002347349564,0.01618631184,0.032142251,0.04754121723,0.06122289636,0.06977967288,-0.0032160388,-0.09028931668,-0.1781207607,-0.2571809994,-0.3221970554,-0.3682786222,-0.3803461787,-0.3592108915,-0.3160902061,-0.2666391824,-0.2097502067,-0.145076366,-0.0887672384,-0.02970255952,0.02377750575,0.06235968878,0.06068449377,0.04824632102,0.02352663809,-0.02859027274,-0.05294587925,-0.06530796758,-0.07497481933,-0.08157362209,-0.08853463651,-0.09599884324,-0.1004928218,-0.1052450711,-0.1119686414,-0.1141915593,-0.116973843,-0.1225843947,-0.123574614,-0.1260137325,-0.1291345137,-0.1299169696,-0.1308095426,-0.1329156308,-0.1325888398,-0.1335368734,-0.1343692177,-0.1338498262,-0.1334991236,-0.1333766876,-0.1328362314,-0.1327386585,-0.1329392363,-0.1314503679,-0.1305212105,-0.1306596674,-0.1303397937,-0.1295477847,-0.1295269978,-0.1289794273,-0.128357319,-0.1280921511,-0.1290392046,-0.1290563031,-0.127513752,-0.1279871659,-0.1292965241,-0.1281890464,-0.12837917,-0.1295985223,-0.1282409443,-0.128008726,-0.1291843602,-0.1282243537,-0.1278916172,-0.1279840498,-0.1265502757,-0.1264199212,-0.1260098216,-0.1239378462,-0.1235572807,-0.1229143445,-0.1199245976,-0.1189495079,-0.1183039469,-0.1151517059
5.8,0.385962401,0.4528132477,0.5165289903,0.5652001988,0.5879827478,0.5955308504,0.5745816979,0.5353078202,0.4889729592,0.4264793633,0.3675053952,0.3096795192,0.2505285259,0.2023215933,0.1544841185,0.1113909076,0.07576137814,0.0392170418,0.009066454098,-0.01845354962,-0.04586082115,-0.06720313982,-0.08867106416,-0.1079836624,-0.122865281,-0.1381499614,-0.1485459899,-0.1557357155,-0.1623867465,-0.1605575075,-0.1575780769,-0.1506887789,-0.1359747723,-0.1216997652,-0.09964754061,-0.07351765561,-0.04739876864,-0.01193829206,0.02240353571,0.05918383772,0.1006810063,0.1362548257,0.1731441008,0.2043948235,0.2239817646,0.2335621379,0.2234033953,0.1960525897,0.1551341059,0.100864074,0.04539260056,-0.008211139585,-0.05675255078,-0.09604611556,-0.1286667871,-0.1542373989,-0.1738471895,-0.1891880158,-0.2006715402,-0.2094330855,-0.2159486395,-0.2201054423,-0.2224306418,-0.2228157044,-0.2213102405,-0.2172361647,-0.2109853456,-0.2024957923,-0.1911779986,-0.1776624837,-0.1614174053,-0.1428969378,-0.1234911004,-0.1008798608,-0.07825757442,-0.05522792218,-0.03085951369,-0.009112432855,0.01263980855,0.0324457236,0.04555509007,-0.008021135245,-0.07789975269,-0.151312435,-0.2183982211,-0.2743391675,-0.314943842,-0.328549088,-0.316966335,-0.2870621216,-0.2495952363,-0.2007131777,-0.1394125086,-0.08198848139,-0.02055963358,0.03456167999,0.07242518168,0.06703906933,0.05080317671,0.02101929051,-0.03818655091,-0.06552938447,-0.07969804654,-0.0898416201,-0.09752798178,-0.1051802981,-0.1127498201,-0.1178536078,-0.1229547047,-0.1295537718,-0.1318621241,-0.1345721919,-0.1399751675,-0.1409372099,-0.1431117344,-0.1456949978,-0.146103401,-0.1466690324,-0.1482593135,-0.1474165561,-0.1477635739,-0.1478929859,-0.1466953152,-0.1456645322,-0.1449325041,-0.1434824886,-0.1425244859,-0.1419724172,-0.1395640194,-0.137826558,-0.1371780685,-0.1358584776,-0.1341137211,-0.1334567194,-0.1319788926,-0.130489762,-0.1295495552,-0.1297316664,-0.1289324099,-0.126818602,-0.1267253138,-0.1273900553,-0.1258139866,-0.1254080691,-0.1262606936,-0.1246875999,-0.1238639948,-0.1247465279,-0.1238711414,-0.1230667113,-0.1228503441,-0.1216052915,-0.121334801,-0.1205472729,-0.1186052875,-0.1185207948,-0.1177349196,-0.1145698647,-0.1139097843,-0.1134641486,-0.1102579418
5.9,0.1435208301,0.2063216381,0.2768072959,0.34533047,0.4031793211,0.4596751722,0.4957679951,0.5138748169,0.5179084818,0.4921802986,0.457163056,0.4113999176,0.3546933571,0.3036526687,0.2488827293,0.1972518918,0.1530766441,0.1072253736,0.06876304859,0.03355192475,-0.001436505945,-0.02927632792,-0.05734081191,-0.08311311812,-0.1039235383,-0.1260705609,-0.1430712886,-0.1571554855,-0.171526543,-0.1770325661,-0.1820893036,-0.1832947871,-0.1763612832,-0.169916308,-0.1549496314,-0.1353688328,-0.11476162,-0.08362926049,-0.05197032148,-0.01581025598,0.02679804612,0.06818378224,0.1144380451,0.1603687011,0.2021033902,0.2381321725,0.2586345122,0.2600067726,0.2389806538,0.1936308094,0.1347078367,0.06933605239,0.0056173198,-0.05136237695,-0.09966869392,-0.1392287475,-0.1709689574,-0.1960117064,-0.2157739141,-0.2312421998,-0.2438952845,-0.2526057154,-0.2593194999,-0.2636150058,-0.2648918464,-0.2640283869,-0.2598598827,-0.2529973589,-0.2430509766,-0.229575906,-0.2129309682,-0.1930809057,-0.1714630329,-0.1456543676,-0.1189994479,-0.09118555394,-0.06137108863,-0.03367669146,-0.005780850848,0.01996235981,0.03770065456,0.001890263805,-0.0525781805,-0.1153441859,-0.1761241096,-0.230116671,-0.2728356332,-0.292877043,-0.2900476525,-0.2680027339,-0.2360639898,-0.1899823014,-0.1285906701,-0.06809004781,-0.003089738399,0.05374963198,0.08935674898,0.07760040638,0.05466975379,0.01707622586,-0.05160104792,-0.08295029607,-0.09952228517,-0.1104296004,-0.119730913,-0.1284545069,-0.1362688089,-0.1422102259,-0.1478617703,-0.1544425236,-0.1568730041,-0.1595019746,-0.1647208376,-0.1656236515,-0.1674022299,-0.169287581,-0.1692522092,-0.1693482298,-0.170112246,-0.1686289657,-0.16821035,-0.1672094199,-0.1651304982,-0.1632127675,-0.1614860705,-0.158833981,-0.1566603889,-0.1549414005,-0.151335272,-0.1484093007,-0.1465161482,-0.1437989763,-0.1406856058,-0.1389643428,-0.1360590099,-0.1333551981,-0.1313525415,-0.130128786,-0.1280891715,-0.1252447735,-0.1240099336,-0.1234147138,-0.1212860889,-0.1198678119,-0.1197342606,-0.1178703211,-0.1162234642,-0.1162750706,-0.1153013454,-0.1138576772,-0.1130884887,-0.1119400501,-0.1112496388,-0.1099984783,-0.1083046161,-0.108186934,-0.1072031817,-0.1042966751,-0.1037593748,-0.1033250126,-0.1006241411
6,-0.04650965788,0.0003399157307,0.05937095448,0.1215097832,0.1795987184,0.2466827155,0.3041839816,0.3554740647,0.4021973759,0.4241779373,0.4353803817,0.4286971977,0.400610728,0.3681055479,0.3222511332,0.2730197337,0.2274219289,0.1763266251,0.132022438,0.09043813343,0.04870362275,0.01484086557,-0.01931006434,-0.05082357763,-0.07718109132,-0.1050212541,-0.1278518519,-0.1482164008,-0.168794726,-0.1818961505,-0.1945514169,-0.2036780851,-0.2063453587,-0.2079079166,-0.2023158153,-0.1921592371,-0.1788049513,-0.1569185293,-0.1317162607,-0.100839589,-0.06404128773,-0.02286461121,0.02394089296,0.07469673262,0.1288833679,0.1824423396,0.2309404233,0.2669637767,0.2810474636,0.2642181966,0.2197398737,0.1549198645,0.08175961525,0.01044334792,-0.05307059598,-0.1065360449,-0.1503961114,-0.1848867464,-0.2124634272,-0.234106085,-0.2516355461,-0.2643577618,-0.2743388741,-0.2814935026,-0.2849871525,-0.2863056608,-0.2837410764,-0.2780707519,-0.2693044416,-0.2558501599,-0.2390572833,-0.2184320033,-0.1950705163,-0.1672164889,-0.1375879637,-0.1062929668,-0.07266497371,-0.04059552278,-0.008347917528,0.02167934278,0.04249039329,0.01790828195,-0.02808780678,-0.08731181975,-0.1481060677,-0.2047649618,-0.2519122459,-0.2766904034,-0.2773802999,-0.2572520723,-0.2265850498,-0.1814959967,-0.1202993268,-0.05875206965,0.007688202695,0.06416473055,0.09559781328,0.07634179685,0.04608001574,0.001355840836,-0.07444251922,-0.1087865158,-0.1269018344,-0.137929129,-0.1478582563,-0.1568078062,-0.164212572,-0.1699968299,-0.175373047,-0.1813882545,-0.1830438277,-0.1848499434,-0.1894288179,-0.1894973854,-0.1902694978,-0.1910514546,-0.1899642504,-0.1891456579,-0.1887144934,-0.1861436555,-0.1846355125,-0.1821696764,-0.1789030759,-0.175830724,-0.1728583598,-0.1688081813,-0.1651507441,-0.162050128,-0.1571357065,-0.1528002124,-0.149446111,-0.1451935715,-0.1405349213,-0.1375498046,-0.1330244938,-0.1290064104,-0.1257776732,-0.122885443,-0.1194672256,-0.1158892666,-0.1133120933,-0.1112123187,-0.1086119015,-0.10614639,-0.104792042,-0.1027600767,-0.1004399128,-0.09957027733,-0.09862519866,-0.09674908451,-0.09564369606,-0.09481632897,-0.09391389873,-0.09265384104,-0.09165569442,-0.09171061587,-0.0910338037,-0.08916491641,-0.08915805285,-0.08917768176,-0.08785615728
6.1,-0.1760031941,-0.1461555066,-0.1016279696,-0.05137711181,-0.00270238902,0.06015979771,0.1180360561,0.1763899338,0.2383972458,0.2848937708,0.3286528232,0.3592938172,0.3696499338,0.370768467,0.3513388612,0.3204179283,0.2848955341,0.2379788017,0.1933980923,0.1487246215,0.1031772024,0.06373707522,0.02449147947,-0.01199562825,-0.04404895436,-0.07645495103,-0.1047385936,-0.1308239719,-0.1565569933,-0.1768775208,-0.1963848718,-0.2128630586,-0.2248852592,-0.2342301697,-0.2381952413,-0.2379465018,-0.2322726119,-0.2208423952,-0.2032055178,-0.1789042697,-0.1503062974,-0.1112774592,-0.06759027219,-0.01712185919,0.04345861653,0.1052354513,0.1733314423,0.2391641682,0.291083153,0.31877223,0.3088629776,0.2623810303,0.1903055801,0.1090142287,0.03051371384,-0.03818199425,-0.09547062494,-0.141191994,-0.1776057817,-0.206335729,-0.2290407543,-0.2463864763,-0.2598347884,-0.2699257454,-0.2765623226,-0.2800907009,-0.2801327315,-0.276926331,-0.2702357231,-0.2590675434,-0.2440261669,-0.2248721546,-0.2026431734,-0.1752066636,-0.1455682751,-0.1137575559,-0.07902160668,-0.04555582629,-0.0115079873,0.02051798138,0.04256491883,0.02437232607,-0.01780080265,-0.07725042606,-0.1408593414,-0.2010095997,-0.2508461028,-0.2762871336,-0.2764605478,-0.2558390784,-0.2257342258,-0.1823265499,-0.1231299168,-0.06296861033,0.003187778707,0.05889879781,0.08716083922,0.06238663704,0.02717273912,-0.02142084956,-0.09995327338,-0.1354830867,-0.1538866558,-0.1641628732,-0.1734564798,-0.1817109122,-0.1880692274,-0.1927252501,-0.1971131187,-0.2021836118,-0.2023779075,-0.2028703623,-0.2066176507,-0.2053945105,-0.2048900308,-0.2045290166,-0.202167307,-0.2003370311,-0.1987773327,-0.1950640593,-0.1925446881,-0.1887785189,-0.1844336509,-0.1803567844,-0.1763607409,-0.1711825062,-0.1662591845,-0.1620701586,-0.1561742422,-0.1506865845,-0.1461726752,-0.1407475224,-0.134869556,-0.1308839126,-0.1250509516,-0.1200594626,-0.1158668798,-0.1115892633,-0.1070796362,-0.1030407652,-0.09937995091,-0.09597953909,-0.09319388955,-0.09000272744,-0.08756848881,-0.08561652997,-0.0830002138,-0.08144290792,-0.08076105965,-0.07876987126,-0.07772505997,-0.07740862922,-0.07660071126,-0.07589754024,-0.07583621241,-0.07629972976,-0.07645251195,-0.07598905062,-0.07686360919,-0.07775131768,-0.07810168649
6.2,-0.2509740483,-0.2388919525,-0.2101771156,-0.1743414831,-0.1387680679,-0.0856679428,-0.03540534762,0.01878030683,0.08063777697,0.1331605002,0.1892612832,0.2391659551,0.276970842,0.3082044104,0.3212231002,0.3202786106,0.3071787951,0.278175291,0.243317054,0.2028959868,0.1593961695,0.116962793,0.07474646394,0.03455802502,-0.002868333253,-0.03900030714,-0.07232553232,-0.1035711844,-0.1334789265,-0.1601559401,-0.1852559373,-0.2077030099,-0.2276182945,-0.2432763878,-0.2554035388,-0.263786221,-0.2649094572,-0.263163716,-0.2528257229,-0.235202796,-0.2151344894,-0.1794319072,-0.1405647197,-0.09315044355,-0.03058473703,0.03291211773,0.1116466657,0.1971215097,0.2793329051,0.3558387442,0.3976345136,0.3930642569,0.3409840976,0.256982381,0.1642750958,0.07770421342,0.003482331572,-0.05705037525,-0.1052154806,-0.1435882624,-0.1733075474,-0.1973036227,-0.2158260968,-0.2303278025,-0.2423024049,-0.2495439842,-0.2545328795,-0.2563428586,-0.2541187165,-0.2485315936,-0.2383221382,-0.2239763659,-0.206163486,-0.1824766861,-0.1558799268,-0.1262634024,-0.09319080249,-0.06012249042,-0.02604624101,0.006652961578,0.02944144018,0.0171590055,-0.02149688058,-0.08140184619,-0.147820143,-0.2098806499,-0.2591217002,-0.2822056062,-0.2807245046,-0.2601179964,-0.2313470876,-0.1902788732,-0.134007786,-0.07587996765,-0.01023674782,0.04579611819,0.07319451115,0.04511301331,0.006916890663,-0.04391406903,-0.1235136537,-0.1593260215,-0.1775807681,-0.1867848249,-0.1949245591,-0.202275015,-0.2074828227,-0.2107712864,-0.2141059998,-0.2182821193,-0.2169576949,-0.2161740836,-0.219228944,-0.2168133902,-0.2151858274,-0.2139014722,-0.2104567419,-0.2078120998,-0.2054315752,-0.2007974532,-0.1975487673,-0.1928798226,-0.1877481512,-0.1829492974,-0.1783110372,-0.1724365859,-0.1666137205,-0.1617321039,-0.1552889858,-0.1490443014,-0.1437486377,-0.1376542133,-0.1310639686,-0.126391015,-0.1196591832,-0.1141565777,-0.1093652874,-0.1041156103,-0.09889917069,-0.09468730963,-0.09026256277,-0.08585377189,-0.08315206562,-0.07955012376,-0.07618781359,-0.07442580735,-0.07175899314,-0.06968449173,-0.06929588048,-0.06726628894,-0.06642101037,-0.06647889449,-0.06574945495,-0.06577722802,-0.06640932227,-0.06709756377,-0.06810029339,-0.0687304675,-0.07031034758,-0.07192829707,-0.07345880401
6.3,-0.2761344175,-0.2816646137,-0.269482696,-0.2501653207,-0.2307806563,-0.1913066543,-0.1533173457,-0.1088065787,-0.05453815202,-0.005064322334,0.0514091401,0.1064159585,0.1568199149,0.2049972799,0.2424040466,0.2699054213,0.2838699292,0.282748574,0.2685824529,0.2427695701,0.2100669092,0.1704658456,0.1293601628,0.08804738159,0.04647419904,0.00771921288,-0.02999221237,-0.06583392009,-0.09854085767,-0.1307138714,-0.1596490575,-0.1859542107,-0.212012981,-0.2311964205,-0.2492872759,-0.2640536117,-0.2700443367,-0.2765126081,-0.272653705,-0.2618292994,-0.2501677529,-0.2200494456,-0.1880879871,-0.1467931984,-0.08793491919,-0.0284276165,0.05119335411,0.1434082344,0.241020948,0.3545071878,0.4515433526,0.5136016875,0.5163179027,0.4495406325,0.3493634192,0.2427803819,0.1457150225,0.06498054586,-0.0003721949481,-0.05284530913,-0.09355797496,-0.1274210913,-0.1540072643,-0.1757242048,-0.1949355655,-0.2085536706,-0.2203325862,-0.2288741247,-0.2333400912,-0.234547082,-0.2309160465,-0.2229292923,-0.2106825638,-0.1921951251,-0.1696025774,-0.1430369786,-0.1122868773,-0.07995438642,-0.04602282389,-0.01260291083,0.01103991107,0.005174044584,-0.02961243418,-0.0904795221,-0.1604186435,-0.2237992177,-0.2705605857,-0.289656519,-0.2859419803,-0.2655714607,-0.2382766729,-0.199260743,-0.1456853666,-0.08933230779,-0.02471188831,0.03136509046,0.0582720568,0.02709432569,-0.01406366718,-0.06770074556,-0.148984161,-0.1848197618,-0.2029273888,-0.2109938673,-0.2177632299,-0.2242188212,-0.2282736979,-0.2301582628,-0.2325174249,-0.2357832407,-0.2330067794,-0.2310355656,-0.2333851441,-0.2299547124,-0.2273268768,-0.2251914174,-0.2208061519,-0.2174382855,-0.2144117457,-0.2089469285,-0.2050509407,-0.1997861329,-0.1939605888,-0.1884642852,-0.1834066706,-0.1770706157,-0.1704971341,-0.1650529155,-0.1582775084,-0.151455412,-0.1454406844,-0.1389793514,-0.1320360965,-0.1266514245,-0.1191700931,-0.1134213147,-0.1081582835,-0.1021232638,-0.09638627102,-0.09201871727,-0.08690935818,-0.08160578641,-0.07899444364,-0.07508048642,-0.0707626673,-0.06898230108,-0.06625544142,-0.06364851702,-0.0632833438,-0.06104450056,-0.06025131557,-0.06028796557,-0.05937650309,-0.05995668978,-0.06078299633,-0.06134068296,-0.06289366428,-0.0639971552,-0.06592368629,-0.0679329931,-0.06992236721
6.4,-0.2605259101,-0.2810798676,-0.2847919469,-0.2826149064,-0.2807184157,-0.2579874966,-0.2354711742,-0.2043187452,-0.1620474018,-0.1202548052,-0.06937979809,-0.01668425558,0.03687041066,0.09137758812,0.1420435108,0.1884763563,0.2246419987,0.2513203097,0.2631617603,0.2603990031,0.247813784,0.2194121354,0.186090495,0.1484854588,0.1055769267,0.06643889452,0.02551106836,-0.01412782024,-0.04839934454,-0.08543271119,-0.1169215771,-0.1456474245,-0.1765162245,-0.1974275769,-0.2199258254,-0.2394738657,-0.249344047,-0.262919778,-0.2654085108,-0.2621010788,-0.2590878156,-0.2375829059,-0.215068625,-0.1833353328,-0.1344853824,-0.08420998085,-0.01322873837,0.0726141301,0.1683572983,0.2932669586,0.4226636426,0.5488513726,0.6418824612,0.6395511174,0.5613635544,0.4417352185,0.3175718759,0.2105598571,0.1213715178,0.0494796664,-0.006969168823,-0.05395979356,-0.09145086753,-0.122749398,-0.1498471071,-0.1714296413,-0.1900282659,-0.2049236215,-0.2161883349,-0.2227176104,-0.2248294021,-0.2220713283,-0.2140351124,-0.1997311249,-0.180033967,-0.1556357893,-0.1263182044,-0.09417718236,-0.05987094736,-0.02541941309,-0.0006970270673,-0.002376578991,-0.03519182409,-0.0987950822,-0.1738623096,-0.2392188158,-0.2828581943,-0.296705538,-0.2899803134,-0.2696481268,-0.2440254976,-0.2071362247,-0.156183635,-0.1018062449,-0.0397007819,0.01423760538,0.03890648905,0.003736306823,-0.04084367671,-0.09762767352,-0.1806035883,-0.2159444177,-0.2336041571,-0.2401579289,-0.2450802575,-0.2504145707,-0.2529613649,-0.2531069334,-0.2543671394,-0.2563403653,-0.2519837476,-0.2487083934,-0.2499951381,-0.2456015973,-0.2418344839,-0.2386954441,-0.2334021675,-0.2291324296,-0.2254051651,-0.2190649023,-0.2143347621,-0.2086111847,-0.2019659398,-0.1955771075,-0.1901265531,-0.1832760115,-0.1758995594,-0.1697814005,-0.1626080272,-0.1551500107,-0.1482262352,-0.1414141799,-0.1342320238,-0.1278376476,-0.1195066452,-0.1135002476,-0.1076646695,-0.1007666407,-0.09448154299,-0.08975356129,-0.08380567833,-0.07758321633,-0.07484656781,-0.07056106398,-0.06519742978,-0.06301679968,-0.06012098026,-0.05692898828,-0.05620503527,-0.0536350541,-0.05270914639,-0.0523893158,-0.05114678262,-0.05205012581,-0.05274318664,-0.05308205727,-0.05495788406,-0.05613837969,-0.05830754514,-0.0606233475,-0.06270444386
6.5,-0.2141663836,-0.2459025231,-0.2636278674,-0.2776739359,-0.2918917832,-0.2881996476,-0.282830034,-0.2676360422,-0.2416099534,-0.210398744,-0.1695266048,-0.123855458,-0.07234181973,-0.01852715098,0.0374931135,0.09392587909,0.1441909714,0.1925590674,0.2288151306,0.2524361613,0.2666285726,0.2590164719,0.2425619575,0.2163655336,0.1780803725,0.1423751017,0.1006488893,0.0586619787,0.02335901814,-0.01808442286,-0.05213096353,-0.08354942148,-0.1188647195,-0.142341053,-0.1694095958,-0.1939399555,-0.2091371561,-0.2298407347,-0.240134023,-0.2460680012,-0.2526096568,-0.2429460683,-0.2322199611,-0.2129558241,-0.1789889528,-0.1414214704,-0.0855515852,-0.01497784231,0.06755237325,0.1807795695,0.3100994612,0.4598677236,0.6218085229,0.723537406,0.7321734459,0.637209814,0.4951116896,0.3594072326,0.2417076829,0.1465286954,0.07103716779,0.009593657333,-0.03967475944,-0.08072430507,-0.1146427142,-0.1434491567,-0.1672117747,-0.1865894255,-0.2029777711,-0.2125815102,-0.2185410664,-0.2191852848,-0.213617817,-0.2021571088,-0.1842098193,-0.161075059,-0.1326791897,-0.1002846432,-0.06549364961,-0.03016256034,-0.004263780569,-0.004572119782,-0.03767102365,-0.1052284519,-0.1855493374,-0.2521715274,-0.2918697397,-0.3004689846,-0.2915974527,-0.2723055228,-0.2494115233,-0.2155024345,-0.1675936349,-0.1155266578,-0.05699981401,-0.007158671473,0.01349259961,-0.0261311156,-0.07373319057,-0.1324751734,-0.2155632897,-0.2494662955,-0.2660384689,-0.2704369253,-0.2729043313,-0.276790302,-0.2772959029,-0.2752420633,-0.2752405946,-0.2754684598,-0.2694191968,-0.2647433008,-0.2645853431,-0.2593572151,-0.2542895189,-0.2500541616,-0.2440312154,-0.2386655117,-0.2341868574,-0.2270645097,-0.221312338,-0.2152550442,-0.2077042309,-0.2003108856,-0.1944797971,-0.1869607234,-0.1787422575,-0.1718260095,-0.1640904287,-0.1558893902,-0.1478705215,-0.1405557694,-0.1331034984,-0.1253857214,-0.1160527968,-0.109613922,-0.1030613955,-0.09509209233,-0.08815648684,-0.0828514005,-0.07583737221,-0.06867949635,-0.06557742228,-0.06084312851,-0.05444535421,-0.05156865599,-0.0484706654,-0.04477149322,-0.04341369629,-0.04067531806,-0.03956990494,-0.03886337626,-0.03746305508,-0.03860530112,-0.03923978202,-0.03966598236,-0.04185695145,-0.0432061906,-0.04585191646,-0.04870282694,-0.05105065001
6.6,-0.1429149964,-0.1822227041,-0.2110528373,-0.2388052232,-0.266457059,-0.2816357105,-0.2936558386,-0.296039007,-0.2898324826,-0.2725611245,-0.2464348434,-0.2127765436,-0.1680949681,-0.1210865494,-0.06593199618,-0.006648141087,0.04944049602,0.1121623754,0.1667220046,0.2143314933,0.2578330942,0.2784844237,0.289540516,0.2859498797,0.2625921116,0.2375513534,0.1998986294,0.1583361028,0.1223395367,0.07649474378,0.03848584605,0.002345804448,-0.03854682655,-0.0675851578,-0.1010573111,-0.1323397494,-0.1557566499,-0.1845814326,-0.2048307504,-0.2219428787,-0.2391682444,-0.243758168,-0.2464575311,-0.2415032179,-0.2249208749,-0.2017749697,-0.163679191,-0.1118324802,-0.0462019967,0.04532811445,0.1576641338,0.2976850593,0.470806068,0.6408269485,0.7692561346,0.7734656035,0.6554227955,0.5019196607,0.3556092897,0.2351177057,0.1392304102,0.06285608305,0.002284457311,-0.0473245249,-0.08693070619,-0.1209228707,-0.1482196809,-0.1704950859,-0.1901324216,-0.2018399352,-0.210507493,-0.2138335525,-0.2104693285,-0.2017054661,-0.1857835421,-0.164309666,-0.137451394,-0.1054137519,-0.07079495066,-0.03520590802,-0.008596405932,-0.007160113377,-0.04021703658,-0.110172455,-0.1929469477,-0.2583684088,-0.293587676,-0.2986128271,-0.2899823194,-0.2735905011,-0.2544891334,-0.2240707978,-0.1792472668,-0.1291380255,-0.07396589175,-0.0286451577,-0.01263471116,-0.05666307538,-0.1065776323,-0.1657779842,-0.2472408014,-0.2789202896,-0.2938598589,-0.2956477764,-0.2953685056,-0.2975892594,-0.2957349543,-0.2912665178,-0.2899172313,-0.2882281833,-0.2805861708,-0.274594832,-0.2728634641,-0.2670392557,-0.2607159571,-0.2554956379,-0.2490697868,-0.2426308151,-0.2374764932,-0.2298449776,-0.2230797825,-0.2168568576,-0.2084901696,-0.2001794904,-0.194045094,-0.1857973135,-0.1768040227,-0.1690614976,-0.1606858335,-0.151719884,-0.142544408,-0.1345792139,-0.1268275176,-0.1176111191,-0.1072345056,-0.1002095148,-0.09287810131,-0.08369157012,-0.07608433536,-0.07011602739,-0.06194233517,-0.0539622424,-0.05039617356,-0.04526463274,-0.03805057223,-0.0344471897,-0.03128148772,-0.02738974768,-0.02538644017,-0.02293529961,-0.02180543833,-0.02104985361,-0.01996413787,-0.02146181018,-0.02246937704,-0.0235726355,-0.0262379061,-0.02821661451,-0.03179483716,-0.03556280052,-0.03867471716
6.7,-0.05129807527,-0.09499720585,-0.1318352206,-0.1700752779,-0.2081352269,-0.2395698311,-0.2673994293,-0.286906081,-0.3016303487,-0.3008576327,-0.2933919645,-0.2767309672,-0.2437905758,-0.2100144881,-0.161843519,-0.1063672707,-0.05297310441,0.0163377984,0.07988466738,0.143032769,0.2111634429,0.2590129446,0.3036771079,0.3335672592,0.3383852485,0.337033016,0.3134589958,0.2790797992,0.2453254043,0.1958648625,0.1524771263,0.1090292246,0.06020774287,0.02193978724,-0.02071088335,-0.06115625245,-0.09557042034,-0.1336503538,-0.1652585832,-0.1944995286,-0.2222879551,-0.2417340669,-0.2576392877,-0.2666631416,-0.2675183111,-0.2581592841,-0.2375016677,-0.2039909803,-0.1544047195,-0.08534714942,0.007172130514,0.1275385684,0.2817358422,0.4661128799,0.6621242084,0.7983814915,0.7809777818,0.6460917374,0.4787003814,0.331555423,0.2132864749,0.1197710007,0.04684538775,-0.01171911848,-0.05791441599,-0.09672985162,-0.1279463744,-0.1535039852,-0.1763281252,-0.191035945,-0.2029122105,-0.2096969825,-0.2095762648,-0.2044750572,-0.191763101,-0.1731420416,-0.1489418568,-0.1184011391,-0.08485557367,-0.04964879296,-0.0230298055,-0.0158764921,-0.04501037603,-0.1125577791,-0.1928964574,-0.2540683305,-0.2843865173,-0.2878290104,-0.2820859108,-0.270474185,-0.2557678859,-0.2287288553,-0.186587288,-0.1378877826,-0.08553014009,-0.04446366698,-0.03311593496,-0.08172054977,-0.1340616053,-0.1934316005,-0.2726286399,-0.3017276074,-0.3146809427,-0.3137669002,-0.3108348273,-0.3111503328,-0.3068586768,-0.3000173698,-0.2971098246,-0.2935654592,-0.2845206787,-0.2773253665,-0.2740753237,-0.2677229525,-0.2603258825,-0.2543181947,-0.2477034443,-0.2403815964,-0.2346364329,-0.2267600552,-0.2191969474,-0.2128891213,-0.2039383876,-0.1949545516,-0.1885865421,-0.1797213135,-0.1701582468,-0.1617103465,-0.1527935604,-0.1432079547,-0.1330513872,-0.1244767967,-0.116507359,-0.1059632773,-0.0947755473,-0.08724030438,-0.07929422856,-0.06907202393,-0.06102700723,-0.0545835529,-0.04552660418,-0.03709749297,-0.03325260327,-0.02802943031,-0.02049145583,-0.01648678439,-0.01358275653,-0.01001686369,-0.007678350917,-0.006064436191,-0.0052288055,-0.004950784846,-0.004697693956,-0.006758566619,-0.008616513888,-0.01093252387,-0.014201055,-0.01721399142,-0.02207729552,-0.02698740483,-0.03119845578
6.8,0.05594959897,0.01267440886,-0.02834589638,-0.07358944617,-0.1187120662,-0.1632571119,-0.2041660803,-0.2386027719,-0.2729959336,-0.2890516983,-0.3019667791,-0.3056378968,-0.2886326794,-0.2739615078,-0.2390202872,-0.1943229276,-0.151880625,-0.08498601302,-0.02336424551,0.04292557942,0.1222382921,0.1849889926,0.2548637676,0.3163330271,0.3554894172,0.3909292013,0.397110113,0.3849944162,0.3648959408,0.3193582899,0.2743730858,0.2246661865,0.1680477916,0.118827436,0.06567142524,0.01501567651,-0.03184523591,-0.07901031799,-0.1219264849,-0.1627664123,-0.1992890891,-0.2324858651,-0.2595064871,-0.28026772,-0.2965722042,-0.2986262554,-0.2932219504,-0.2755563058,-0.2400953139,-0.1904581553,-0.1160218731,-0.01563150303,0.1139796902,0.2863982463,0.4917981709,0.7068145076,0.8379922892,0.7922911559,0.630933775,0.4583132705,0.3127262866,0.1967366459,0.1066951376,0.0353735764,-0.02123903825,-0.06755131531,-0.1055325914,-0.137048047,-0.1645985856,-0.1848181041,-0.2013147493,-0.2127072955,-0.2175440897,-0.2163952744,-0.2077782116,-0.1926779022,-0.1710527423,-0.1426636649,-0.1100989056,-0.07506770342,-0.04870680259,-0.0299128433,-0.0484679738,-0.1068920548,-0.1795635793,-0.2338782434,-0.2593460107,-0.263670863,-0.2635909829,-0.2585650305,-0.2489386473,-0.22541273,-0.1858808099,-0.1388759699,-0.08968899159,-0.05322702702,-0.04691468175,-0.1006260329,-0.1563552476,-0.2168262384,-0.2941306336,-0.3203825072,-0.3309674822,-0.3275078131,-0.3221702027,-0.3201679865,-0.3134782728,-0.3044544453,-0.2995767029,-0.2942834163,-0.284048144,-0.2757114502,-0.27103741,-0.2639707838,-0.2557280461,-0.2491308148,-0.2423195687,-0.2343371027,-0.2280356145,-0.2200455598,-0.211984485,-0.2055482299,-0.1962688449,-0.1869119861,-0.1803343058,-0.1710192984,-0.1612024779,-0.1523340785,-0.1430302028,-0.1331239147,-0.1224306935,-0.1134605653,-0.1054403042,-0.09413492962,-0.08264008947,-0.07488916283,-0.06672501033,-0.05603145215,-0.04800420279,-0.04153144482,-0.03221880413,-0.02392624419,-0.02022555825,-0.01538797952,-0.008185433426,-0.00432934056,-0.002103718529,0.0006262290793,0.002856203626,0.003217465523,0.003437289612,0.002874033575,0.002015510297,-0.000725014364,-0.003587982657,-0.007229642749,-0.0110354768,-0.01508099378,-0.02112737047,-0.02699985677,-0.03215712596
6.9,0.1618987677,0.1299956836,0.09255755192,0.04640105193,-0.0001728472372,-0.05414743301,-0.1044030535,-0.1506222191,-0.2019872819,-0.2334291241,-0.2662620379,-0.2911144954,-0.2933550912,-0.301532572,-0.2858085021,-0.2590651994,-0.234310435,-0.1799923043,-0.1302113783,-0.0724816123,0.001441127861,0.06393364883,0.1393738537,0.2133570404,0.2752223914,0.3402457471,0.3824135601,0.407368293,0.4182163026,0.3968666009,0.3657482913,0.3213586713,0.2659750564,0.2107657001,0.1511636321,0.09328027261,0.03622389994,-0.01772298812,-0.06973371755,-0.1197074907,-0.1627867831,-0.2067301739,-0.2423135152,-0.2723436881,-0.3006063211,-0.312485743,-0.3197132648,-0.3152629985,-0.2934274433,-0.2595775423,-0.2020082099,-0.1210377735,-0.01352571951,0.1357757522,0.3232123994,0.5506966807,0.7795561446,0.885292226,0.7984520519,0.6178069162,0.4418693531,0.2966688507,0.1826644243,0.09301465903,0.02072682617,-0.03677676353,-0.08496243937,-0.1254027285,-0.1589995919,-0.1868838366,-0.208672179,-0.2248279115,-0.2352543054,-0.2369960694,-0.2319662521,-0.2195651317,-0.1990996771,-0.1720121085,-0.139157587,-0.1031317588,-0.07638888065,-0.04106327998,-0.0424122535,-0.08581750113,-0.1474193056,-0.1944551057,-0.2171379451,-0.2252841795,-0.2328828456,-0.2358219756,-0.2325866935,-0.2138857254,-0.178084162,-0.1344688648,-0.09005321453,-0.05967265801,-0.0595580103,-0.1190303018,-0.1792752056,-0.2422004688,-0.3183628057,-0.341257651,-0.3489645363,-0.3431346605,-0.3354893431,-0.3306201759,-0.3215704634,-0.3105442664,-0.3032004664,-0.2961055609,-0.2848268907,-0.2753063831,-0.2691254664,-0.2609916827,-0.2520032388,-0.2447970707,-0.2374842899,-0.2288680545,-0.2218534143,-0.2135584502,-0.2050387725,-0.1982310414,-0.1886024845,-0.1788964665,-0.1719598426,-0.1621491824,-0.1522048518,-0.1430984328,-0.1333869334,-0.1233827474,-0.1125505421,-0.1033643317,-0.09543032605,-0.08397682499,-0.07269628387,-0.06506952145,-0.05712989512,-0.04663928962,-0.03911803141,-0.03314866773,-0.02428084969,-0.0167287463,-0.01365944898,-0.009691301491,-0.003461876715,-0.0002841898447,0.0008525933352,0.002377824823,0.004162658715,0.003010024795,0.002361181312,0.0009125773424,-0.001079080092,-0.004526252662,-0.008162124864,-0.01281934454,-0.0169894422,-0.02165342954,-0.02835534833,-0.03470258203,-0.04020056268
7,0.2273666359,0.2254340068,0.2067532496,0.1724732473,0.1362680497,0.07958757829,0.02641871539,-0.0266278877,-0.09138058502,-0.1349248524,-0.1855788651,-0.2303053916,-0.2528568314,-0.2854344706,-0.2932240659,-0.2903801158,-0.2887066926,-0.256041407,-0.2259866526,-0.1855055269,-0.1288631201,-0.07703020491,-0.01128807058,0.05708627114,0.1239297399,0.196405509,0.2601441698,0.316237739,0.3597387448,0.3803663236,0.3824929227,0.3638765027,0.3295075224,0.2818726595,0.2274149931,0.1706870664,0.1098752335,0.05397765425,-0.003041806603,-0.05832814922,-0.1057621423,-0.1567335756,-0.1986461605,-0.2360385888,-0.2729160639,-0.2942270024,-0.3123358348,-0.3198387113,-0.3124283855,-0.2929547275,-0.252845587,-0.1920399721,-0.105135625,0.01627338152,0.1767046249,0.3830611724,0.6247632172,0.8449280801,0.9041708622,0.7720941169,0.5800120713,0.4033475547,0.2616436177,0.1502898196,0.05909732159,-0.01118895061,-0.07092418968,-0.1209613667,-0.1604620742,-0.1956988414,-0.2218916804,-0.2416343226,-0.2562005507,-0.2592496891,-0.2560357643,-0.244496904,-0.2235866841,-0.1959320583,-0.1613360963,-0.123063427,-0.09481598814,-0.04088496223,-0.02102218754,-0.04629454157,-0.09626533928,-0.1381450711,-0.1615338467,-0.1760352659,-0.192911766,-0.2058431124,-0.211884343,-0.2009330511,-0.171168196,-0.1331095066,-0.09490112767,-0.07173021621,-0.07857921897,-0.1437792414,-0.2084026364,-0.2737264444,-0.3478470675,-0.3659957767,-0.3698362928,-0.3615340822,-0.3512062048,-0.3427291535,-0.3312845293,-0.3183189148,-0.3080847535,-0.2989344983,-0.2867302675,-0.2759714092,-0.2680153657,-0.2586015772,-0.2488833892,-0.2408370676,-0.2326393538,-0.2233192915,-0.2152955217,-0.2063830601,-0.1972111335,-0.1896626674,-0.1795191518,-0.1692855488,-0.1616921504,-0.1513013543,-0.1412168132,-0.1318551204,-0.1217655246,-0.1118696659,-0.101136813,-0.09200824658,-0.08440289363,-0.07331326537,-0.06281664327,-0.05576980476,-0.04849666298,-0.03891037874,-0.03244916155,-0.0275090369,-0.01976436128,-0.01354974315,-0.01155231105,-0.008896359584,-0.004197931999,-0.00211601302,-0.002402956472,-0.00231687933,-0.001215425465,-0.003985737911,-0.00566892178,-0.00792229436,-0.01086983952,-0.01498784162,-0.01903751972,-0.02419108565,-0.02850769455,-0.03318338243,-0.03983033144,-0.04599216631,-0.05100688181
7.1,0.2137717595,0.2540869435,0.2713391369,0.268111869,0.2618215116,0.2161978302,0.1718598873,0.120425004,0.04744389885,-0.003409332942,-0.06880330218,-0.1307717961,-0.1721168821,-0.2281907624,-0.2603544355,-0.2837474846,-0.3075407187,-0.3018380345,-0.2961182833,-0.2778445302,-0.2442363254,-0.2081255451,-0.1584938986,-0.1033425245,-0.04170880581,0.0250512196,0.09438579987,0.1647567663,0.2267510585,0.2840616183,0.3227391654,0.3416263086,0.3458999762,0.3216204036,0.2874250731,0.2434191957,0.1871994861,0.1356867098,0.07805221989,0.02104088779,-0.02887968134,-0.08425225699,-0.1311716367,-0.1750575753,-0.2184225859,-0.249623128,-0.2778456975,-0.2969408201,-0.3051778157,-0.2997892745,-0.2781726998,-0.238283443,-0.1717368836,-0.07870609112,0.05381091209,0.2307297624,0.4464712941,0.7018858974,0.8835389886,0.8666705293,0.7002613687,0.4990597281,0.3319593315,0.1993784712,0.08915468514,0.007325134889,-0.06299594242,-0.1211909794,-0.1652824831,-0.2060631798,-0.2351209665,-0.2569818258,-0.2738084198,-0.2770589468,-0.2741983135,-0.2622678629,-0.2401774659,-0.2108918256,-0.1741114941,-0.1333771846,-0.1031271124,-0.03135995263,0.01081021723,0.004534735719,-0.03451076308,-0.07324136445,-0.09983767329,-0.1232549561,-0.1529936663,-0.1802775454,-0.1999075872,-0.1995467439,-0.1767813238,-0.1441575693,-0.1107830359,-0.09288616501,-0.1048407057,-0.1739434159,-0.2404855154,-0.3053764337,-0.3733461708,-0.3843644462,-0.3828031813,-0.3716031979,-0.3578507993,-0.3450783038,-0.3312795269,-0.3164801096,-0.3033877016,-0.2920694297,-0.2793934888,-0.2677958878,-0.2580865572,-0.2479059683,-0.2379076438,-0.2292412873,-0.2203706001,-0.2107815846,-0.2020032481,-0.1927245394,-0.1831356387,-0.1750030883,-0.1646704246,-0.1541876066,-0.1460016646,-0.135501987,-0.1256504723,-0.1162495693,-0.1063524666,-0.09705955793,-0.08687392137,-0.07844652273,-0.07169325593,-0.06159338706,-0.05261494456,-0.04676505975,-0.04062519971,-0.03263645974,-0.02778410783,-0.02422024787,-0.01811929673,-0.01362650566,-0.01286923167,-0.0116705052,-0.008666742002,-0.007816099541,-0.009433206129,-0.01061522049,-0.01025698999,-0.01428086525,-0.0168177212,-0.01969988895,-0.02309409392,-0.02760511224,-0.03173990443,-0.03669778386,-0.04077689602,-0.04497096016,-0.05079652988,-0.05596567779,-0.0598811123
7.2,0.1242179372,0.1955264037,0.2494869438,0.2888011936,0.3293956458,0.3176775765,0.3020252182,0.2677203629,0.1981569247,0.1467347918,0.07150369186,-0.003956226799,-0.06209271391,-0.1383558511,-0.1931387838,-0.2414758974,-0.2886934814,-0.3110711946,-0.3300575719,-0.3351413195,-0.3267002656,-0.3078922805,-0.2767020485,-0.2372003833,-0.1851618195,-0.1289149543,-0.0625450806,0.01007041339,0.07839799445,0.1560359959,0.220526327,0.2728974522,0.3180260374,0.3275967806,0.3257206199,0.3057760693,0.2638093039,0.2228679869,0.1689092967,0.1129952325,0.06110066019,0.002592299185,-0.0496315721,-0.1006720213,-0.1497898676,-0.1924224027,-0.2307227194,-0.2613447853,-0.2861372917,-0.2939501239,-0.2906595595,-0.2706738745,-0.2232128183,-0.1553747588,-0.04755688249,0.1020833731,0.2890656332,0.5405598547,0.7806333226,0.8914759569,0.8020196305,0.5897822507,0.4017178994,0.2485550716,0.1194925357,0.02686544751,-0.05340494865,-0.1187156903,-0.1674996887,-0.2125267731,-0.2443328178,-0.2684781789,-0.2866711451,-0.2913049255,-0.2889701101,-0.2771440146,-0.2556121673,-0.2251593391,-0.1878938552,-0.1464828363,-0.1147500951,-0.02857734362,0.03556203186,0.05030992303,0.02462812188,-0.009536966368,-0.04034666796,-0.076910044,-0.1256718286,-0.172278307,-0.2078473698,-0.2174521051,-0.1988841643,-0.1679780442,-0.1348334516,-0.1173358905,-0.1303030499,-0.2002666674,-0.2654238863,-0.3261673584,-0.3829955241,-0.3850921281,-0.3770297805,-0.3623786011,-0.3447040454,-0.3274904579,-0.3114630035,-0.2950066305,-0.2796107905,-0.2662982235,-0.2537521161,-0.2420857353,-0.2311585748,-0.2213070415,-0.2119361247,-0.2036351163,-0.1949058406,-0.186224872,-0.1779302328,-0.1692175455,-0.1601802949,-0.1526858967,-0.1431034669,-0.1333425417,-0.1255455667,-0.1160225572,-0.1072336727,-0.09867140044,-0.09000833977,-0.08204004492,-0.07330271371,-0.06633419245,-0.06108076326,-0.05274164474,-0.04583110973,-0.04165194772,-0.03704288864,-0.03095864573,-0.02783167923,-0.02568521283,-0.02124724327,-0.01815807386,-0.01838492659,-0.01817239984,-0.01624705333,-0.01630123768,-0.01848020345,-0.02012151,-0.02015751715,-0.02449782006,-0.02722601129,-0.03027228611,-0.03336121377,-0.03764645543,-0.04152144906,-0.04560647708,-0.04894229787,-0.05242004541,-0.05686694778,-0.06043090721,-0.0631066601
7.3,0.0005601062389,0.07681826925,0.1461754939,0.214262005,0.292837309,0.3304100638,0.3629921039,0.3691131652,0.3300652679,0.2919361638,0.2198235633,0.1394533774,0.06762139278,-0.02274250855,-0.09705520838,-0.1668881182,-0.2330808555,-0.2812019706,-0.3221813424,-0.3491107714,-0.36486422,-0.3638282508,-0.3519188449,-0.3292367816,-0.2902227446,-0.2468436773,-0.1889307212,-0.1220956156,-0.054894918,0.02761836812,0.1045536922,0.1784406915,0.2517393166,0.2973840676,0.3317505604,0.3440944721,0.3288953387,0.3044087848,0.260491881,0.2092946569,0.1555471388,0.09488800268,0.0361253259,-0.02325586334,-0.07916330303,-0.1343093879,-0.1832749107,-0.2259025296,-0.2658617384,-0.2869483345,-0.3000057846,-0.296896924,-0.2677479643,-0.2186904419,-0.1315966316,-0.005045031038,0.1621799904,0.396536933,0.6604551453,0.8781033224,0.904594231,0.7048847154,0.4963438362,0.31877464,0.1694378813,0.06244460256,-0.02922514968,-0.1027757863,-0.15954118,-0.2091749553,-0.2462564853,-0.2753494597,-0.2961179159,-0.3059842375,-0.3066403108,-0.2977024379,-0.280635577,-0.2515638837,-0.2172747427,-0.1784452009,-0.1471429917,-0.05080399265,0.03443687617,0.07546000458,0.07088925681,0.04560121384,0.008636118805,-0.0472708312,-0.1192877387,-0.1848156251,-0.2328036645,-0.2475403586,-0.2278630636,-0.1933658864,-0.1555632209,-0.1339666794,-0.1445352716,-0.2133565508,-0.2757882034,-0.3311842206,-0.3753228512,-0.3688013066,-0.3545545048,-0.3363177757,-0.3149980186,-0.2937982185,-0.2757674532,-0.2578535597,-0.2407044435,-0.2256818774,-0.2133991968,-0.2020774916,-0.1905494339,-0.1817154413,-0.1736024157,-0.1667016263,-0.1586652184,-0.1521738776,-0.1458322759,-0.1386728125,-0.1312684078,-0.1261897308,-0.1183222338,-0.1103961893,-0.104632598,-0.09709043897,-0.09019517258,-0.08372295527,-0.07711450324,-0.07104680413,-0.06471916107,-0.05951277264,-0.05615768027,-0.05004440144,-0.04516397986,-0.04258471844,-0.03959160775,-0.03505825986,-0.03312674482,-0.0320809118,-0.02871723339,-0.02614723276,-0.02672280825,-0.02663012331,-0.02481690518,-0.02496746175,-0.02677192016,-0.02793208364,-0.02758806316,-0.03133847671,-0.03355921896,-0.03597306043,-0.03830741225,-0.041772978,-0.04491341775,-0.04787079724,-0.05025383985,-0.0528058334,-0.05590569227,-0.05804107992,-0.05948985853
7.4,-0.1113878294,-0.05240860415,0.007267030008,0.07550934752,0.1612959144,0.229120007,0.3018564727,0.3575882867,0.3779355271,0.3805649145,0.3411764641,0.2783269164,0.2058038327,0.1129334474,0.02580494685,-0.05978870287,-0.1400664244,-0.2092840699,-0.2685533928,-0.3146140778,-0.3514889861,-0.3683832354,-0.3756655126,-0.3707423314,-0.3480539776,-0.3200198203,-0.2755705068,-0.2209804183,-0.1619048869,-0.08634544401,-0.009821242569,0.07068975805,0.1541094878,0.2255104297,0.2884617994,0.332965712,0.3540411302,0.3529848815,0.3292491331,0.2901994453,0.2386070879,0.1791587996,0.1150111785,0.04834036224,-0.01485334576,-0.081043957,-0.140272257,-0.1944322071,-0.2460921084,-0.2804405816,-0.3068881887,-0.3173712037,-0.3057255118,-0.2702659575,-0.2012329511,-0.09473684481,0.05817994372,0.2707084825,0.5404111094,0.8350763861,1.009082703,0.8749141672,0.6446478176,0.4334033506,0.2586281311,0.1298222346,0.02275596784,-0.06288904788,-0.1322457067,-0.189849448,-0.2364346406,-0.2744975886,-0.3022522504,-0.3212886079,-0.3292479764,-0.3275073103,-0.3179208981,-0.2945983851,-0.2660445766,-0.2321447945,-0.2040729087,-0.09994592696,0.004600551352,0.07630444742,0.1002394533,0.08612611871,0.03931914638,-0.03905373276,-0.1297645717,-0.2053419566,-0.2579283925,-0.2724437121,-0.2475985946,-0.2060035792,-0.16176579,-0.1352587479,-0.1434510617,-0.2119129185,-0.2734960519,-0.3261062319,-0.3606845061,-0.3474182489,-0.3284766082,-0.3074480688,-0.2832289171,-0.2588509469,-0.2392567084,-0.2200447187,-0.2013478566,-0.184734179,-0.1722304133,-0.1608629813,-0.1487650393,-0.1406121138,-0.1334487307,-0.127859311,-0.1201735711,-0.1162420987,-0.1121208156,-0.1068875436,-0.101426848,-0.09948877518,-0.09382607154,-0.08828259476,-0.08541739918,-0.08036275137,-0.07577911346,-0.07184024685,-0.0676534504,-0.06370322637,-0.05990410251,-0.05639678537,-0.05501858527,-0.05071428309,-0.04756694751,-0.04621360279,-0.04434263198,-0.04090651585,-0.03959410856,-0.03896076843,-0.03615491086,-0.03357722778,-0.03383355335,-0.0334163921,-0.0312687357,-0.03079667905,-0.03189854627,-0.03227593046,-0.03114223277,-0.03384731302,-0.0354258121,-0.03662599989,-0.03823880088,-0.04079775576,-0.04287406067,-0.04479612661,-0.04642860318,-0.04791531714,-0.05012958737,-0.05155588111,-0.05178930767
7.5,-0.1788856489,-0.1490082604,-0.1142158061,-0.06667181383,0.001591133114,0.06725774884,0.1480170284,0.228118635,0.2954473288,0.3521387375,0.3743615375,0.364222451,0.3235298245,0.2515634257,0.1681050037,0.07788609208,-0.01009388717,-0.09390362729,-0.167647049,-0.2298037743,-0.2842263729,-0.3186657052,-0.3443589068,-0.3577126367,-0.3536296359,-0.3435223568,-0.3169090033,-0.279874584,-0.2362153089,-0.1761269552,-0.1113434989,-0.03855436101,0.03938793473,0.1174833462,0.1921938032,0.2565384358,0.3081839113,0.3339040483,0.3389374721,0.3226298378,0.2841667632,0.234442831,0.1722990273,0.1044782005,0.03779582455,-0.03440389847,-0.1005754834,-0.1630943126,-0.2224573777,-0.267824871,-0.3047380934,-0.3265379704,-0.3303800155,-0.3074703849,-0.2556602126,-0.1685531148,-0.03227409281,0.1553753684,0.4125704321,0.7368768789,1.053398767,1.09456163,0.8653082804,0.6086087035,0.3974061742,0.237434897,0.1086519137,0.005393118969,-0.08054422106,-0.1510572672,-0.2109219531,-0.2613076445,-0.3007356303,-0.3310621105,-0.3497038238,-0.3580773015,-0.3569172937,-0.3420368055,-0.3198596293,-0.291224118,-0.2674777471,-0.1576308894,-0.03788991372,0.06176738538,0.113277972,0.1061300777,0.04652539857,-0.04346740918,-0.1393454798,-0.2175806076,-0.26723133,-0.2758595247,-0.248780721,-0.202612224,-0.1519200846,-0.1240014133,-0.1347359502,-0.2051094738,-0.2686424444,-0.3220289095,-0.3508243568,-0.3324323256,-0.3098783934,-0.2869352635,-0.2604862576,-0.2338633793,-0.2128611677,-0.1921879089,-0.1717391936,-0.153397819,-0.1400824704,-0.1277847674,-0.1143191486,-0.1055312323,-0.09829865366,-0.09281708098,-0.08469485486,-0.0821572899,-0.0791769475,-0.07519278888,-0.0711977338,-0.07182163973,-0.0681863688,-0.0647147897,-0.06440470311,-0.06189681769,-0.05971412268,-0.05804341576,-0.05624334028,-0.05443252472,-0.05273771646,-0.05098991301,-0.05164338653,-0.04856787093,-0.04708451136,-0.04682040775,-0.04569038024,-0.043421227,-0.04273897025,-0.04221251234,-0.04009415534,-0.03779060252,-0.03766345704,-0.03722511076,-0.03517465603,-0.03420786433,-0.03490385117,-0.03479385162,-0.03317581059,-0.03497005605,-0.03626644289,-0.03636634159,-0.03731909756,-0.03892387655,-0.04010014648,-0.04120321821,-0.04228729678,-0.04266805319,-0.04403337676,-0.04500143543,-0.04438618744
7.6,-0.1917387736,-0.1918316607,-0.1854294048,-0.1652872042,-0.1239484286,-0.07746932161,-0.01082814722,0.06546276643,0.1442577117,0.230206559,0.3019133919,0.3544462271,0.3760653798,0.3569227133,0.3061477589,0.2315346777,0.1471188187,0.05704224852,-0.02720956207,-0.102949637,-0.1723090573,-0.2239770148,-0.2672624722,-0.2987983874,-0.3143218086,-0.3232549402,-0.3168366031,-0.3002910005,-0.276506606,-0.236770767,-0.1906752666,-0.1347518823,-0.07158308243,-0.001838757085,0.06970958846,0.1384357453,0.2041365718,0.2502627312,0.2820066189,0.2931628514,0.2786314416,0.2486413133,0.1996469973,0.1402250709,0.0773095046,0.006083851852,-0.06193489347,-0.1282943618,-0.1918571704,-0.245030871,-0.2901251909,-0.321905443,-0.3390155499,-0.3297535488,-0.2953904519,-0.2285063888,-0.1141695551,0.0455955646,0.2743734738,0.5797446115,0.9498730271,1.245667133,1.140595201,0.8430969029,0.5808691116,0.379125332,0.221145721,0.09507783503,-0.01013345237,-0.09671868372,-0.1712811994,-0.234869374,-0.2870415772,-0.3284217507,-0.3578172415,-0.3759888173,-0.3826316139,-0.3755643256,-0.3589633353,-0.3348093946,-0.3145510654,-0.2026914462,-0.07468086053,0.04219987008,0.1090893269,0.1033298386,0.0402480317,-0.04840084953,-0.1386363213,-0.2105438774,-0.2569749708,-0.2649368472,-0.2367088292,-0.1883905955,-0.1388166695,-0.1146457108,-0.1302442747,-0.2045043268,-0.2710653502,-0.3247739872,-0.3464505678,-0.3234774096,-0.2974953177,-0.2726589679,-0.2436150355,-0.214771667,-0.1920118128,-0.1697175039,-0.1474669736,-0.1267403486,-0.111771838,-0.09760300177,-0.08226098835,-0.07182743376,-0.06351614453,-0.05663406557,-0.04721885911,-0.04472923585,-0.04220757561,-0.03855936138,-0.03531846917,-0.03763233404,-0.0358090791,-0.03426261875,-0.03652594983,-0.03645536846,-0.03676650323,-0.03757510643,-0.03834607913,-0.03926980202,-0.03984169414,-0.04022767975,-0.04311035917,-0.04171931225,-0.04240304761,-0.04363480779,-0.04356416285,-0.04296303506,-0.04342233964,-0.04346416541,-0.04266437431,-0.04130069787,-0.04123052776,-0.04128098929,-0.03992895955,-0.03898066637,-0.03957456868,-0.0394200426,-0.03761484984,-0.03864249229,-0.03957420647,-0.03878771785,-0.03903519436,-0.03958777891,-0.03978696696,-0.03983750753,-0.03997164639,-0.03936877338,-0.03977823592,-0.04001639304,-0.03852905617
7.7,-0.1597498602,-0.1838007005,-0.2021904732,-0.2074463891,-0.1926520162,-0.1695091111,-0.1246169479,-0.06541941477,0.003921879927,0.09126512143,0.1800558543,0.2684059968,0.3446495794,0.3912299044,0.401704974,0.3719659165,0.3125091814,0.2297093686,0.1415537882,0.05513020863,-0.02802291018,-0.09725544327,-0.1585197007,-0.2086842852,-0.2445145087,-0.2727799814,-0.2871606609,-0.2917307081,-0.2885131486,-0.2704655839,-0.24486994,-0.2086373383,-0.1636465039,-0.1083352905,-0.04729474689,0.01648401031,0.08386946412,0.1403086129,0.1896431185,0.2238461562,0.2351185633,0.2297063196,0.2017295028,0.1586474291,0.1064517065,0.04225175274,-0.0230524291,-0.08960055828,-0.1549136169,-0.2138019225,-0.2658473713,-0.3070092241,-0.3363707027,-0.3415944699,-0.3250491479,-0.2790916944,-0.1896197995,-0.05899618997,0.1347139702,0.3986437882,0.7383156311,1.149754896,1.344193365,1.106152379,0.7913248811,0.5393850225,0.3458934896,0.1937884428,0.06831490374,-0.03457183049,-0.1228679872,-0.1983086327,-0.2610153059,-0.3117794113,-0.3496999591,-0.3754531807,-0.388759082,-0.3873438789,-0.3753734424,-0.3549969533,-0.337135986,-0.2286376907,-0.1019931603,0.01702182441,0.08479480975,0.08083475011,0.0277303781,-0.04751100112,-0.1273577207,-0.1937235221,-0.2396995529,-0.2502049016,-0.225265734,-0.1791965944,-0.1336893493,-0.1151011775,-0.1358677397,-0.2125028764,-0.2795171279,-0.3299598992,-0.3406150817,-0.3124142219,-0.2823638129,-0.2549081303,-0.2228692869,-0.1916468802,-0.1665870343,-0.1421156918,-0.1178012315,-0.09446156337,-0.07738565172,-0.06091843893,-0.04341151213,-0.03079748518,-0.02091366542,-0.01220965046,-0.00135572391,0.001826316618,0.004016771057,0.007601448392,0.01004597411,0.005918396509,0.00564139878,0.00485838896,-0.0006714943779,-0.003642340725,-0.007299796888,-0.01168598753,-0.01566249189,-0.02030946982,-0.02414894187,-0.02757314929,-0.03334012682,-0.03460328715,-0.03810202442,-0.04136095812,-0.0430593603,-0.04473430042,-0.04678085563,-0.04770359728,-0.0485343728,-0.04852045992,-0.04866386064,-0.04929025782,-0.04866092203,-0.04765235232,-0.04785945483,-0.04759602112,-0.04518705733,-0.04524127988,-0.04522194794,-0.04324479887,-0.04236330361,-0.04149993971,-0.0403195751,-0.03901204975,-0.03778572709,-0.03606388557,-0.03523757497,-0.03440381062,-0.03212944356
7.8,-0.1012907372,-0.1409113374,-0.1778451074,-0.2034227618,-0.2109293753,-0.2100854501,-0.1877860517,-0.1499609563,-0.09809424087,-0.02430064574,0.05979733505,0.1551981022,0.2546872642,0.3466367704,0.4190399399,0.4556414111,0.4511647495,0.4005903963,0.3239711974,0.2343771734,0.1392511537,0.0523012592,-0.0285812259,-0.09907552351,-0.1562079567,-0.2047869012,-0.2400043953,-0.2652048043,-0.2814209657,-0.2839268471,-0.277450872,-0.2597172166,-0.2325595246,-0.1919689666,-0.1433203795,-0.08801353891,-0.02425395371,0.03509967704,0.09390935925,0.1438357523,0.1759038426,0.1940287665,0.1889333692,0.1658973639,0.1290740944,0.07558530123,0.01616306339,-0.04838735225,-0.1142443916,-0.1782047899,-0.237120991,-0.2878197209,-0.3298204312,-0.3497903086,-0.3512966688,-0.3261763511,-0.2608733648,-0.1580296916,0.002885106785,0.2263295215,0.5165851564,0.907821029,1.2933619,1.316007321,1.006088665,0.7057766542,0.4743322176,0.2955027542,0.1504974432,0.03277620596,-0.06724490852,-0.1524427096,-0.2231480589,-0.2814489904,-0.325868226,-0.3574762765,-0.3766145478,-0.3797377749,-0.372223552,-0.3557655746,-0.3403599177,-0.2418673312,-0.1285072183,-0.02198026256,0.03863232928,0.04333902128,0.01097368945,-0.04587345154,-0.1161621011,-0.180416709,-0.2290710119,-0.2438195367,-0.2230913806,-0.1795023538,-0.1368223518,-0.1212757514,-0.1441135894,-0.2206846495,-0.2853790876,-0.3294672752,-0.3271294144,-0.2937943553,-0.2597519069,-0.229355684,-0.1944084661,-0.1610326432,-0.133548857,-0.1067465241,-0.08058122667,-0.05480559147,-0.03562794429,-0.01699276014,0.002535637704,0.01711391065,0.02863287003,0.03886576975,0.05081253279,0.05467305179,0.05635589205,0.05947942434,0.06068019158,0.05423395703,0.05123609904,0.04735173496,0.0376893412,0.03081082536,0.02278712173,0.01369736808,0.005695727825,-0.003544984013,-0.0115937754,-0.01877044053,-0.02791810291,-0.03243269704,-0.03904985013,-0.04448981743,-0.04817796684,-0.05212710536,-0.0557051326,-0.05726120065,-0.05939397202,-0.06050309225,-0.06040293664,-0.0611333084,-0.0607006591,-0.05897854442,-0.05819317854,-0.05729462488,-0.05350766413,-0.05215146226,-0.0505835832,-0.04686041114,-0.04446645536,-0.04188955461,-0.03899041661,-0.03611800147,-0.03337073788,-0.03056061697,-0.02840623211,-0.02643407515,-0.02363282625
7.9,-0.03480388326,-0.08032036165,-0.1277643933,-0.1671374717,-0.191964654,-0.2101464336,-0.2091600336,-0.1937951032,-0.162581525,-0.1103796922,-0.04293457365,0.04116980346,0.1361033303,0.2414740805,0.3450840187,0.4350765834,0.4996244355,0.5129892298,0.4807273156,0.4108796936,0.3155630028,0.2156282148,0.1158200947,0.02421760014,-0.05482111694,-0.1244794438,-0.1802695374,-0.2251051406,-0.2591068645,-0.2800867519,-0.2903688781,-0.2887971199,-0.2775941748,-0.2504429471,-0.2139993447,-0.1680870316,-0.110434842,-0.05230250189,0.01024345114,0.06917500901,0.1158005099,0.1525511211,0.168093231,0.165173186,0.14554013,0.1049405133,0.05357828365,-0.007332310363,-0.07295402075,-0.1414999604,-0.2073889392,-0.267903178,-0.3226856467,-0.3576194909,-0.3768940688,-0.3716462416,-0.3290509761,-0.2505160487,-0.1173271584,0.07341490679,0.323633222,0.6707014745,1.079365071,1.370147981,1.208725931,0.8814517114,0.6130663234,0.407395301,0.2436237952,0.1121150455,0.001726277116,-0.09192829795,-0.1696090101,-0.2345798159,-0.2850680372,-0.3224905948,-0.3477655912,-0.3562411064,-0.354268505,-0.3430240262,-0.3313056424,-0.2501191985,-0.1617871412,-0.07765303098,-0.02542369417,-0.005925607272,-0.0132462895,-0.05155365397,-0.114392734,-0.1783293545,-0.2294796255,-0.2464996132,-0.227323779,-0.1828142899,-0.1391109573,-0.1226434582,-0.1443737419,-0.2197986698,-0.2814390137,-0.3191326612,-0.3058904132,-0.2688526233,-0.2320461398,-0.199280611,-0.1624389595,-0.1280125306,-0.09865820619,-0.07027641733,-0.04321638079,-0.01575219702,0.00472648438,0.0247499169,0.04568389952,0.06138229962,0.07411633265,0.08536814645,0.09774198968,0.102032167,0.1032632911,0.1055632427,0.1053074951,0.09661394401,0.09078200828,0.0836114158,0.06978720791,0.05884974431,0.04628346867,0.0322880962,0.02017190401,0.006420010076,-0.005920322511,-0.0167787944,-0.02907081878,-0.03666869147,-0.04590973219,-0.0531197406,-0.05855714946,-0.06405410836,-0.06866367513,-0.0704153611,-0.0730203555,-0.0746802122,-0.07386895618,-0.07411793736,-0.07321636774,-0.07018992078,-0.06800780222,-0.06598715665,-0.06031720862,-0.05732018278,-0.05395184479,-0.04818753173,-0.0441774593,-0.03985472295,-0.03521880434,-0.03080734911,-0.02662266983,-0.02288760962,-0.0195228227,-0.0165468948,-0.01348857723
8,0.0220040303,-0.01862509805,-0.06697652964,-0.1122763585,-0.1486393814,-0.1810426789,-0.1986886768,-0.2049005878,-0.1953386717,-0.1690340554,-0.1251808445,-0.06321873501,0.01002427471,0.1044863187,0.2047472817,0.3086537149,0.4126190719,0.486610457,0.5264092718,0.5165924098,0.4563039055,0.3658985436,0.2595118504,0.1529974753,0.05514167929,-0.03367388815,-0.1084113335,-0.1709887009,-0.2207277142,-0.2577739709,-0.2824171154,-0.294765907,-0.2973808722,-0.2824998207,-0.257672395,-0.221407476,-0.1715675794,-0.1171667921,-0.05508979963,0.00733926944,0.0628905596,0.1118190001,0.1434316831,0.157874892,0.1543937289,0.1276023844,0.0857861707,0.03037733696,-0.03365201728,-0.1049645295,-0.1766191814,-0.2458505217,-0.3116180333,-0.3607646963,-0.3962483711,-0.4091567639,-0.3881525524,-0.3307898568,-0.2219080928,-0.05824023438,0.1623724708,0.4700512038,0.8519217819,1.263498376,1.376455834,1.082576998,0.7795430384,0.5438342399,0.358999234,0.2124103943,0.09069077178,-0.01225426645,-0.09775394262,-0.1705518221,-0.2283793554,-0.2731117901,-0.3061510336,-0.3217153227,-0.3270084817,-0.3225450062,-0.315655052,-0.2564858271,-0.1991334034,-0.1402759628,-0.09549874546,-0.06039977022,-0.04406044632,-0.06589056157,-0.1219852489,-0.1841290104,-0.2346063813,-0.250363188,-0.2295731389,-0.1807585254,-0.1331861146,-0.1134936625,-0.1328389287,-0.2075824073,-0.2673315697,-0.3012090818,-0.2819111217,-0.2433518574,-0.2057657022,-0.1719793938,-0.1348818232,-0.1009521464,-0.07098444488,-0.04250058521,-0.01587429142,0.01202259931,0.03242651882,0.0526054175,0.07401281511,0.08971226515,0.10284116,0.1146574624,0.1269584852,0.1314704158,0.1326780363,0.1344413212,0.1333022343,0.1233224295,0.115644864,0.1062308025,0.08948377261,0.07555974993,0.05963134307,0.04182636444,0.0265316932,0.009450350522,-0.006338090284,-0.02000501764,-0.03454641099,-0.04457184213,-0.05548720724,-0.06377724591,-0.07057813113,-0.07675162477,-0.0818256724,-0.08350939269,-0.08586801662,-0.08761899497,-0.08594656891,-0.08538853089,-0.08368599378,-0.07918434276,-0.07556752443,-0.07230730977,-0.06473420964,-0.06021428164,-0.05515824613,-0.04748461957,-0.04201570159,-0.03614311166,-0.02999190605,-0.02426560743,-0.01889777709,-0.01429799193,-0.009951986162,-0.006173315765,-0.002879605123
8.1,0.05651625875,0.03029255229,-0.009308832847,-0.05195557453,-0.09289257144,-0.1336279867,-0.1656096001,-0.1903617344,-0.2011462403,-0.2012913919,-0.1837861879,-0.1490433954,-0.1049187214,-0.03373214574,0.04466185699,0.134116107,0.238323678,0.3308570799,0.4177026718,0.4752577928,0.4846780222,0.4470009645,0.3677160496,0.2682744155,0.1647199053,0.06431485792,-0.02453931089,-0.1013137436,-0.1643941151,-0.2147756189,-0.2517469575,-0.276240316,-0.2906505527,-0.2874737983,-0.2737942891,-0.2475461269,-0.2070613597,-0.1585041747,-0.1002883615,-0.03871375791,0.02070500378,0.07599200462,0.1183807808,0.1459137324,0.1559577343,0.142441369,0.1111312822,0.06331016524,0.003047082276,-0.06771962804,-0.1423047402,-0.2173122324,-0.2906261832,-0.3515196169,-0.4004422982,-0.4294023276,-0.428319078,-0.3910756435,-0.3054712599,-0.1670089413,0.02782584991,0.3001902025,0.6450318526,1.067147413,1.427659191,1.307160787,0.9874644589,0.7149156057,0.5018216058,0.3354279944,0.1982342063,0.08264234857,-0.01344256295,-0.09689097842,-0.1643644026,-0.2184948595,-0.2608896336,-0.2848403573,-0.2981587216,-0.3007459405,-0.298712925,-0.260290382,-0.2312553496,-0.1946483717,-0.1564348982,-0.1085435934,-0.07290189278,-0.08136247993,-0.1307067182,-0.1889066031,-0.2361739893,-0.2488802757,-0.2254202131,-0.1715569613,-0.1199039718,-0.09710437033,-0.1144877507,-0.1894037343,-0.2489259687,-0.2821143519,-0.2615572423,-0.2232717601,-0.1865707167,-0.1531370018,-0.1170900034,-0.08468820402,-0.05536993047,-0.02796572909,-0.002632647718,0.02458400756,0.0439190388,0.0633335275,0.08442230239,0.09946260555,0.1123009074,0.1243656033,0.1366234564,0.1412775164,0.1429811858,0.1450057254,0.143998459,0.1340238573,0.1260592647,0.1161110757,0.09826713607,0.08300249732,0.06551874988,0.04559297861,0.02848107859,0.009539168505,-0.008581278449,-0.02399534795,-0.03986313743,-0.05168697473,-0.06357648613,-0.07238600359,-0.08023218312,-0.08671599172,-0.09192278624,-0.09344608184,-0.09539292847,-0.09717637017,-0.09469320987,-0.09333633165,-0.09101759424,-0.08522331137,-0.08037803023,-0.07611152307,-0.06702398572,-0.06126214155,-0.05486161542,-0.04567203911,-0.03903715923,-0.03192350628,-0.02454480616,-0.01776819316,-0.01154840516,-0.006049420692,-0.0008770174162,0.003563135167,0.007245201184
8.2,0.06402732182,0.05691013516,0.03328264778,0.001216781651,-0.03663716081,-0.07905275243,-0.11956615,-0.1578387066,-0.1850811449,-0.2084760503,-0.2156404046,-0.207793928,-0.1930162141,-0.1482332693,-0.09613815596,-0.029661256,0.0582999241,0.1425293426,0.2384243996,0.3267940814,0.3894354154,0.4207720793,0.4016744684,0.3428260772,0.2587868835,0.1623591728,0.06900582517,-0.01615115923,-0.08927078887,-0.1503066106,-0.1979974029,-0.2334739378,-0.2582987931,-0.2669076514,-0.2644109916,-0.2489798767,-0.219655476,-0.1790932017,-0.1277994876,-0.07059120874,-0.01146977662,0.04582643574,0.09458714901,0.1313287119,0.1521803853,0.1509396939,0.1306890427,0.09223345354,0.03822813291,-0.02876196169,-0.1030758326,-0.1805580864,-0.258151504,-0.3278110502,-0.3874059872,-0.4303944272,-0.4471285719,-0.4300331437,-0.3677308512,-0.2546370091,-0.08631172972,0.1521797689,0.4568857614,0.8402483049,1.280261356,1.461118547,1.221217761,0.9151095218,0.6651608212,0.4717623692,0.3131218756,0.1804949608,0.0700183669,-0.02652937712,-0.1056179371,-0.1704405547,-0.2220958405,-0.2545099814,-0.2747707463,-0.2829311216,-0.2847321398,-0.2606870871,-0.2512448933,-0.2302061718,-0.1967782663,-0.1395429907,-0.0901834664,-0.0893980799,-0.133348973,-0.187770519,-0.2321624345,-0.2426626376,-0.2177108619,-0.1605375048,-0.1065221033,-0.08217313547,-0.09843681216,-0.1737255193,-0.233731845,-0.2677295345,-0.2479864159,-0.2104157193,-0.174983374,-0.1424352701,-0.1076143739,-0.076753843,-0.04849583765,-0.02225466525,0.001820988466,0.02793897551,0.04625777988,0.06485292754,0.08517661979,0.09971333671,0.1121478062,0.1242299413,0.1367056025,0.1415531566,0.1440664699,0.1468780046,0.1466393218,0.1375621215,0.1303700715,0.1210530147,0.1034464598,0.08809045385,0.07029497871,0.04945631954,0.03151639387,0.01162924325,-0.008111562479,-0.02470131538,-0.04149459431,-0.05481511729,-0.0675462916,-0.07679371145,-0.08555133017,-0.09253478668,-0.09791850444,-0.09938094001,-0.1012101616,-0.1032104163,-0.1001263984,-0.09825002717,-0.09569280025,-0.08894087716,-0.08321961056,-0.07828791605,-0.06809963045,-0.06142163934,-0.05408452223,-0.04371147864,-0.03616631013,-0.02812185121,-0.01970751034,-0.0120432289,-0.005214383497,0.001223121504,0.007222987168,0.0123229091,0.01657690198
8.3,0.04737646499,0.05782952787,0.05301830627,0.03705155712,0.00919025642,-0.027770235,-0.0699885928,-0.1153170397,-0.1532573319,-0.1939903668,-0.2208199818,-0.2356202413,-0.2460781699,-0.2258860574,-0.1983944484,-0.1545350911,-0.08564980046,-0.01632323611,0.07265998383,0.16546532,0.2486993587,0.3243013446,0.3626121765,0.3616644823,0.3218022681,0.2497306622,0.1659650621,0.08076200209,0.002588280255,-0.06669081707,-0.1236768516,-0.1694116404,-0.2044138224,-0.225126947,-0.2345521292,-0.2311895076,-0.2150142334,-0.1847144721,-0.1431473141,-0.09324908648,-0.03739398346,0.01886173568,0.07118467465,0.114743757,0.1443215053,0.1550473424,0.1461732614,0.1182566301,0.07288630191,0.01150778126,-0.06008081355,-0.1377544132,-0.2176762839,-0.2940084692,-0.3624931218,-0.4179544385,-0.4511492977,-0.4538300692,-0.4149949696,-0.3276829397,-0.1872611626,0.01868266854,0.2840833211,0.6171112719,1.019697197,1.378410619,1.385278732,1.108195905,0.8273231643,0.6032995024,0.4197498462,0.2678028389,0.1408161389,0.0309755188,-0.05982566872,-0.1348119974,-0.193917769,-0.233581575,-0.2586152608,-0.2701193573,-0.2744228871,-0.2572091169,-0.2571416662,-0.2437369481,-0.2124820322,-0.1496204107,-0.09295948734,-0.08783578098,-0.1296806649,-0.1830892447,-0.2271418147,-0.2375775063,-0.2130462485,-0.1547168271,-0.09995611698,-0.07514312723,-0.09017665595,-0.1649533816,-0.2246271165,-0.2586543488,-0.238637039,-0.2010386176,-0.1662354919,-0.1342432094,-0.1000069848,-0.07009967968,-0.04258208504,-0.01696467766,0.006366402925,0.03152085831,0.04932139437,0.06747337286,0.08687622299,0.1012885677,0.1134273078,0.1253533566,0.1381295824,0.1430612225,0.1464166665,0.1499113171,0.1504637748,0.1425170024,0.1363026137,0.1278610282,0.1109798734,0.09599524609,0.0782354979,0.05694581105,0.03844212204,0.01785108436,-0.003331116119,-0.02114878415,-0.03902447865,-0.05384282395,-0.06768226753,-0.07775419695,-0.08740638736,-0.09532391546,-0.101156366,-0.1027607094,-0.1048767524,-0.1072077325,-0.1037819979,-0.1017146491,-0.09914417743,-0.09164650474,-0.08538719024,-0.08000691492,-0.06881505564,-0.06147766841,-0.05346938871,-0.04198360296,-0.0335974814,-0.02479024778,-0.01534714052,-0.006812706096,0.0005829661982,0.00802844135,0.01492246841,0.02077980581,0.02574930613
8.4,0.01358287634,0.03569810374,0.04797990782,0.04998666334,0.03650093685,0.01222496298,-0.02446477268,-0.0694185383,-0.1111349223,-0.1619847863,-0.2018622959,-0.2332853179,-0.2626953695,-0.2635406027,-0.2572305239,-0.2336855197,-0.1841009218,-0.1299771321,-0.05292743275,0.03370981385,0.1200328006,0.2132280264,0.2859720418,0.3334817664,0.3453278792,0.3137731231,0.2552512265,0.1810277374,0.1046070503,0.03044000404,-0.03419073688,-0.08950334118,-0.134921358,-0.1680996203,-0.1903945482,-0.2003928685,-0.1990278495,-0.18108256,-0.1515693253,-0.1113403517,-0.06094575611,-0.00777111232,0.04639987118,0.09540153901,0.1325941947,0.1552222271,0.1580754668,0.1415732583,0.1066459717,0.0519284027,-0.01533552403,-0.09185736222,-0.1731963901,-0.2549425225,-0.3313464283,-0.3981569197,-0.4470569345,-0.4686352335,-0.4531695841,-0.3915872973,-0.2794912762,-0.1036531503,0.1264420517,0.4140586919,0.7596470894,1.126469303,1.340652096,1.216829255,0.9520223822,0.7086946556,0.5047037076,0.3359266858,0.1943685907,0.07336202699,-0.02708291637,-0.1100846719,-0.1744534061,-0.2193000956,-0.2470810499,-0.2600661938,-0.2656437274,-0.2492446256,-0.2498005867,-0.2368606095,-0.2058075424,-0.1418224666,-0.08434726584,-0.07990603856,-0.1240529637,-0.180409483,-0.2270913847,-0.2392174634,-0.2161246523,-0.1571597841,-0.1014271562,-0.07535054964,-0.08761074038,-0.1602271867,-0.2178454197,-0.2500505017,-0.2276214484,-0.1890817733,-0.1542404358,-0.1223932505,-0.08823035236,-0.05880978497,-0.03176876985,-0.006610856696,0.01625991222,0.04062344048,0.05790437402,0.075667881,0.09412359234,0.1082661647,0.1198806603,0.131523486,0.1443241662,0.1488353301,0.1528445002,0.1564900372,0.1574911385,0.1504709193,0.1449179583,0.1371332373,0.1210220529,0.1063602419,0.08859549369,0.06706599423,0.04791017585,0.02662931209,0.004002223092,-0.01519344662,-0.03439625176,-0.05082047661,-0.06604314995,-0.07731569985,-0.08781002346,-0.09708793883,-0.1035186996,-0.1053466951,-0.1080477925,-0.110683318,-0.1070098541,-0.1048657019,-0.1023621985,-0.09411502173,-0.08742028528,-0.08162400782,-0.069333205,-0.06138167538,-0.05271584692,-0.04004172926,-0.0307074823,-0.02113631533,-0.01055026949,-0.00107797553,0.006963780402,0.01546487427,0.02331170968,0.03002358449,0.03565867898
8.5,-0.02972946916,-0.002446813848,0.02195221788,0.039893127,0.04219506704,0.03604047036,0.01190041025,-0.0248241187,-0.06269270589,-0.1161457225,-0.1621645092,-0.2039187808,-0.2460358155,-0.263821677,-0.2752688094,-0.2699512199,-0.2398807201,-0.2011698714,-0.1387699657,-0.06329246798,0.01801185688,0.112968099,0.2002907296,0.2766612569,0.3301594298,0.3432570207,0.3218151045,0.2710507009,0.2050822219,0.1317773074,0.06219803882,-0.001347040278,-0.05671683286,-0.1023779483,-0.1378404077,-0.1618611325,-0.1758814107,-0.1718106712,-0.1558491623,-0.1268907616,-0.08407337714,-0.03522468468,0.01928173438,0.07240536366,0.1169437639,0.1507095297,0.165774795,0.1616255421,0.1380527361,0.09144255846,0.02954499267,-0.04489497052,-0.1270444264,-0.2134071423,-0.2970739315,-0.3743832162,-0.4379068018,-0.477357157,-0.4843642673,-0.4476477194,-0.3630680734,-0.2140965484,-0.0138610112,0.2378371021,0.5391893591,0.8686953642,1.144489952,1.188765905,1.007112084,0.774293902,0.563078336,0.3845023746,0.233364019,0.1045653104,-0.00261492178,-0.09121511799,-0.1590497186,-0.2073604144,-0.236592593,-0.2500245879,-0.2561871114,-0.2369564128,-0.2327074196,-0.2155229858,-0.183848765,-0.1225834048,-0.06954561063,-0.07037568092,-0.1210765535,-0.183652653,-0.2346494476,-0.2487390532,-0.2264210999,-0.1653068084,-0.1065651033,-0.07690823467,-0.08414958411,-0.1529919697,-0.2069331771,-0.2359201093,-0.2102581232,-0.170324962,-0.1354130607,-0.1039034451,-0.06996617788,-0.04111301506,-0.01489833036,0.00925133439,0.03129045875,0.05460762832,0.07065733684,0.08745461297,0.1047782256,0.1178045638,0.1282912738,0.139382253,0.1514991653,0.154887061,0.1592754996,0.162333682,0.1632895136,0.1569942427,0.1516713248,0.1442996789,0.129128719,0.1147856461,0.09712747364,0.07579773683,0.05626553448,0.03460767503,0.01080844321,-0.009473011786,-0.02982143067,-0.04783730462,-0.06432079624,-0.07680607463,-0.08805066084,-0.09885626952,-0.1057673878,-0.1078441857,-0.1111831358,-0.113984915,-0.1100940517,-0.1077486883,-0.1052810103,-0.09623582125,-0.08902504066,-0.08269551777,-0.06926849844,-0.06061747866,-0.05117356987,-0.03727413261,-0.02686812719,-0.01649246691,-0.004686552032,0.00577409886,0.01452113628,0.02399552385,0.03280575232,0.04039178107,0.04643014419
8.6,-0.07643090663,-0.04917384328,-0.01885346946,0.01012922778,0.02682510942,0.04071578463,0.03499740893,0.01437128799,-0.01139213929,-0.059266595,-0.104247816,-0.1499829753,-0.1992088397,-0.2296326983,-0.2556959935,-0.2668840239,-0.2563738979,-0.2343226794,-0.1892651027,-0.1288594395,-0.0582354755,0.02918989347,0.1175003767,0.2048402423,0.2825259936,0.3312955908,0.3491669101,0.3316314597,0.2862174169,0.2225487652,0.1531838937,0.08473206958,0.02152240187,-0.03516672974,-0.0826664377,-0.120052344,-0.1482300626,-0.158681388,-0.1566410852,-0.1397917802,-0.1068908812,-0.06333647069,-0.01047847755,0.044963805,0.09642312063,0.1399216576,0.1675657289,0.1767366944,0.1654278636,0.1289437394,0.07373961211,0.002663637328,-0.07965548435,-0.16959386,-0.2599228317,-0.3469703851,-0.4234457721,-0.4798172458,-0.5076373379,-0.4944116882,-0.4356028458,-0.3106296049,-0.1349672593,0.08989738993,0.36099006,0.6566291259,0.9341375968,1.072030456,0.9934615121,0.8014364337,0.5990351324,0.4193441105,0.2639682512,0.1308897073,0.01938324828,-0.07315167801,-0.1431961112,-0.1943546753,-0.2245433348,-0.2382207088,-0.2450112276,-0.2216932867,-0.2109664391,-0.1875271467,-0.1545045468,-0.09801211293,-0.0533449503,-0.06304857366,-0.1229268998,-0.1927661424,-0.247685086,-0.2625373291,-0.2392074995,-0.173740289,-0.1097181465,-0.07423767109,-0.07467868124,-0.1387417982,-0.1881282701,-0.2135556712,-0.1856366442,-0.1443434982,-0.1099359742,-0.07959866779,-0.0464826,-0.01883965898,0.005621536775,0.02785269314,0.04812969218,0.0696235373,0.08340071176,0.0982362477,0.1139391507,0.1246530852,0.1332915275,0.1433308031,0.1537956626,0.1554599415,0.1599425335,0.1616764746,0.1620800568,0.1565163101,0.1510974914,0.1440445173,0.1303380705,0.1166132869,0.09952024651,0.07920570976,0.06021834991,0.03899565491,0.01482215193,-0.005744671061,-0.02645507204,-0.04582157762,-0.06289483833,-0.07627341154,-0.08820777199,-0.1003144932,-0.1074238193,-0.109909537,-0.1136415816,-0.1163852496,-0.1124556029,-0.1096886819,-0.1071060007,-0.09732064358,-0.08954648987,-0.08248481796,-0.06802170298,-0.05864317375,-0.04835436898,-0.03329731977,-0.02181588575,-0.01066167515,0.00231805119,0.01370666946,0.02313604891,0.03342024892,0.04308574251,0.05143666033,0.05763548281
8.7,-0.1211665538,-0.09744392618,-0.06690270512,-0.03293999909,-0.0059193684,0.02553515293,0.04076262047,0.04231607117,0.03666001322,0.003399887343,-0.0326426419,-0.0756006456,-0.1263917971,-0.1650984989,-0.2025496029,-0.2282209519,-0.2367954071,-0.2323968834,-0.2071113689,-0.1653657214,-0.1099082545,-0.03667994838,0.04344848101,0.1286123929,0.2136741769,0.282318511,0.3302666253,0.3467469232,0.3290757471,0.2848182996,0.2234248205,0.155862313,0.08934483859,0.02486219983,-0.03170963633,-0.08005861359,-0.1198021906,-0.1438126956,-0.154967401,-0.1502924715,-0.1292912345,-0.09217851863,-0.04340759211,0.01196534512,0.06911181301,0.120444101,0.1605505732,0.1837981991,0.1862048469,0.1624137222,0.1162337324,0.05083269452,-0.03053330251,-0.1221578134,-0.2182630797,-0.3141394259,-0.4012415068,-0.4738602879,-0.5204065959,-0.5292475282,-0.4947864876,-0.3919956378,-0.2371333326,-0.03215423993,0.218320326,0.4909657634,0.7594971176,0.9398195577,0.9433913882,0.8047357314,0.6227563445,0.4488088083,0.2931238954,0.1581841696,0.04366393852,-0.05206473015,-0.1242247064,-0.1782711064,-0.2098371497,-0.2244273712,-0.2320100401,-0.2056494561,-0.1895145635,-0.1591657569,-0.1236186218,-0.07292497879,-0.03912014701,-0.0589804542,-0.1278042515,-0.2034767647,-0.2605613731,-0.274670747,-0.2488767182,-0.1779276302,-0.1077158202,-0.06573457144,-0.05889123978,-0.1178696,-0.1627258268,-0.1849841411,-0.1564099664,-0.1141678277,-0.0809855583,-0.05283047069,-0.02108351543,0.004444838813,0.02612669789,0.04569611255,0.06321230198,0.08189081635,0.0925442283,0.1045084179,0.1179556604,0.1254056799,0.131621027,0.1400861168,0.1481196888,0.1477437042,0.1520434543,0.1520233376,0.1515418027,0.1467423811,0.1411202254,0.1344866319,0.122877476,0.1101815192,0.09434335125,0.07607096387,0.05880905508,0.03915900461,0.01576936103,-0.003980789631,-0.02399059437,-0.04419121748,-0.06090747971,-0.07462788654,-0.08728551754,-0.1001946373,-0.1071970961,-0.1103625124,-0.1140992028,-0.1165761887,-0.1128960186,-0.1095096723,-0.1066301195,-0.09632818334,-0.08799815032,-0.0800532845,-0.06480814041,-0.05479476254,-0.04369813747,-0.02770332189,-0.01528502236,-0.003446017057,0.01054565937,0.0226625911,0.03265647676,0.0436123702,0.05389788519,0.06276901872,0.06905856001
8.8,-0.1588463393,-0.1408143776,-0.1143830032,-0.08130204123,-0.04981502255,-0.007459599827,0.02587636894,0.05101333942,0.0706903318,0.06134626148,0.0434291686,0.01161140302,-0.03372822255,-0.07559531224,-0.1203698062,-0.1577038583,-0.1836859587,-0.196955427,-0.1927926793,-0.1723693642,-0.1357166398,-0.08176693271,-0.01632605079,0.05769378566,0.1373106442,0.2108409638,0.2738928678,0.3152223973,0.32480314,0.3058332306,0.2604086159,0.2010127369,0.1375394041,0.07006769896,0.008803325248,-0.04671399369,-0.09472922125,-0.1297632953,-0.1524953674,-0.1593562722,-0.1512433378,-0.1220700703,-0.07998829386,-0.02758117557,0.03285171672,0.08950778667,0.1408936268,0.1781962491,0.195859747,0.187713204,0.1541821706,0.09822215305,0.02038666874,-0.0699190551,-0.1699978129,-0.2731022461,-0.3681541148,-0.4559389209,-0.5188787452,-0.5482850732,-0.5377857781,-0.4565159391,-0.3211336354,-0.1319524702,0.1035094044,0.362134169,0.622968241,0.8240126811,0.8862067142,0.7989564406,0.6432545678,0.479153506,0.3254174655,0.18978994,0.07260489951,-0.02614075739,-0.1015293847,-0.1584946876,-0.1925190515,-0.2093005231,-0.2173238022,-0.1903801189,-0.170930153,-0.1336428528,-0.09522749225,-0.05091594724,-0.02774339111,-0.0557033826,-0.130750564,-0.2098175178,-0.2676061436,-0.2805616976,-0.252269227,-0.1764815533,-0.1008967992,-0.05350459187,-0.04009446995,-0.0940542456,-0.1347096022,-0.1541343459,-0.1259831235,-0.08334615699,-0.05185435144,-0.02661903991,0.003459990512,0.02608992673,0.04429322157,0.06088061001,0.07496841786,0.08998977454,0.09713740534,0.1057178998,0.1163290418,0.1201549203,0.1236687687,0.130168444,0.1354454642,0.1330438129,0.1368927146,0.1351059858,0.1336598794,0.1295319273,0.1237980101,0.1177876289,0.108710985,0.09735638515,0.08346812517,0.06820627815,0.05367050471,0.03676577845,0.01542793246,-0.002328746245,-0.02063085097,-0.04084403809,-0.05627179078,-0.06965752166,-0.08310702666,-0.09623597847,-0.1028979859,-0.1070495683,-0.1104549651,-0.1125592174,-0.1094598368,-0.1053737574,-0.1021011932,-0.09169950192,-0.08288401361,-0.07405518343,-0.05845544124,-0.04804732984,-0.03632487934,-0.01979118281,-0.006728837364,0.005621233107,0.02033947233,0.03285014127,0.04316016221,0.054659471,0.06524001317,0.07425584326,0.0806792062
8.9,-0.1849463683,-0.1735757912,-0.1537364197,-0.1259059636,-0.09592512049,-0.05131666016,-0.007986955602,0.0349201039,0.07825334699,0.09811218532,0.1069346702,0.09646587209,0.06600189694,0.0284590743,-0.01790570219,-0.0628816222,-0.1029034774,-0.1327890008,-0.149399224,-0.1511914825,-0.1359154793,-0.1040560104,-0.05757219745,-8.156869754e-05,0.06626959169,0.1344801483,0.1996935838,0.2532015955,0.283099185,0.2878971375,0.2629206409,0.217757435,0.1630036271,0.0978879666,0.03627378488,-0.02248131526,-0.07540762225,-0.1184691791,-0.1505931968,-0.1678470369,-0.1722393973,-0.1525792524,-0.1193557543,-0.07267722313,-0.01262291447,0.04670004447,0.1066465074,0.1564561489,0.1900631389,0.1997553687,0.1832302786,0.1416847798,0.07214179398,-0.01266397656,-0.1134656527,-0.2209550913,-0.3217550914,-0.4221763555,-0.4993395617,-0.5479080679,-0.5609785333,-0.5024504042,-0.387672897,-0.2134407773,0.009395787749,0.2594438503,0.5152492125,0.728573749,0.8343373545,0.7918649934,0.6648079349,0.5126404867,0.3621637822,0.2260622875,0.1061958155,0.004541767802,-0.07565506091,-0.1351161092,-0.1726569523,-0.192737706,-0.2004989843,-0.1756431421,-0.1555844882,-0.1138402965,-0.07470884846,-0.03562523984,-0.01839698586,-0.04921030184,-0.1267567476,-0.2074681662,-0.2659382238,-0.2789167265,-0.2495502454,-0.1708188475,-0.09162205717,-0.04067162833,-0.02195978749,-0.07092001646,-0.1072771674,-0.1236907932,-0.09608248065,-0.05364727272,-0.02395281771,-0.001805047522,0.02644896632,0.04572749411,0.0602936988,0.07397065612,0.08443102198,0.09534199476,0.09902298506,0.1041115578,0.1115136945,0.111905852,0.112698796,0.1169853239,0.1195986878,0.1153918681,0.1184883195,0.11523987,0.1129427784,0.1092501397,0.1035955765,0.09838789187,0.09191374011,0.08208297762,0.07069769267,0.05913478084,0.04792892878,0.03470261441,0.01660372275,0.001895345835,-0.01383620973,-0.03304964703,-0.04643541021,-0.05882600711,-0.07301699743,-0.08586805342,-0.0921005264,-0.09753725313,-0.1005110595,-0.102315351,-0.1001700109,-0.09553282443,-0.09198782347,-0.08208604713,-0.07302194838,-0.0635367697,-0.0481751059,-0.0377988328,-0.02585206656,-0.009347897552,0.003905622322,0.01646214336,0.03148040529,0.04392591097,0.05416157153,0.06602211571,0.07651699749,0.08522592282,0.09182904076
9,-0.1956167629,-0.1913556913,-0.1791353107,-0.1590963986,-0.1354255825,-0.09625339566,-0.05329858564,-0.004214483878,0.05237533803,0.09677288104,0.1343492785,0.1535329095,0.1486309984,0.1269507774,0.08798921692,0.04200745722,-0.00599367079,-0.04993941672,-0.08485936459,-0.1076766042,-0.114490979,-0.1051520275,-0.07951527036,-0.04082545897,0.008802878631,0.06640586118,0.1259631175,0.1816351724,0.2235218377,0.2455990363,0.2408021688,0.2126985275,0.1699067814,0.1114841757,0.05264702474,-0.006329055934,-0.06167980169,-0.1101622832,-0.1496083846,-0.1760034596,-0.1914606337,-0.1825802567,-0.1595595015,-0.1207188955,-0.06510508534,-0.005580485731,0.05913777962,0.1184301884,0.1668033208,0.1947511361,0.1987769912,0.1768072365,0.1225979397,0.04876662384,-0.04739483475,-0.1546913864,-0.2590342475,-0.3679472298,-0.4571089618,-0.5233034272,-0.5585009264,-0.525933813,-0.4350513755,-0.278537131,-0.06908750217,0.1738956851,0.4260163,0.6477783908,0.787038443,0.7838680495,0.6864438172,0.5476322667,0.4017169105,0.2650001767,0.1426732784,0.03837265639,-0.04750641851,-0.108860124,-0.1503164349,-0.173913453,-0.1813167788,-0.1608709926,-0.144924075,-0.105604871,-0.06961830698,-0.03113695207,-0.01075322575,-0.0373427056,-0.1138620258,-0.1955754978,-0.2558824541,-0.2709219704,-0.2424707754,-0.1627532073,-0.08146582466,-0.02836719364,-0.00553209806,-0.04940312178,-0.08100659788,-0.09403517039,-0.06663503887,-0.02506914435,0.002960552901,0.02237392341,0.04867045472,0.06442725208,0.07570459934,0.08676123752,0.09377876978,0.100534727,0.1009904282,0.1027306584,0.1067938116,0.1042635092,0.1024055208,0.1043628837,0.1045723519,0.09884645238,0.100743266,0.09650754446,0.09354156794,0.08992985433,0.0845352513,0.08021049849,0.07599201592,0.06780725198,0.05936448857,0.05182597186,0.04413181873,0.03511496839,0.02125000873,0.01048493504,-0.001896426005,-0.0190635695,-0.02990648067,-0.04068953347,-0.05532503753,-0.06751739926,-0.07337719509,-0.0802999603,-0.08308536723,-0.08490159195,-0.08406803591,-0.07931106175,-0.07592038083,-0.06725022262,-0.05838142994,-0.04877399113,-0.0343669115,-0.02462628121,-0.01307191926,0.002704751434,0.01556059607,0.02786026328,0.04264950339,0.0545056355,0.06417517252,0.07612996645,0.08617117877,0.09415672932,0.1009041834
9.1,-0.1875775601,-0.1915944849,-0.1875319116,-0.1767123052,-0.1627870916,-0.1340850238,-0.1003529802,-0.05713404737,-0.002191860352,0.05247664183,0.1086616319,0.1549935123,0.1815648961,0.1873075075,0.1686276238,0.1329451046,0.08712779004,0.03535512725,-0.01236992325,-0.05215869598,-0.07927961333,-0.09023809001,-0.08490729458,-0.06478594214,-0.03158479062,0.01341904236,0.0643116788,0.1167092448,0.1636641236,0.1964536718,0.2083508177,0.1971514686,0.1670330691,0.1181144606,0.06367925649,0.006120238796,-0.05007734327,-0.1024872101,-0.1477100818,-0.1821896304,-0.2072536054,-0.2097760917,-0.1977251662,-0.1682351053,-0.1204209369,-0.06308646781,0.002553095611,0.06750504412,0.1276488109,0.1717398587,0.1971440865,0.198152913,0.1664083662,0.1100290322,0.02585345416,-0.07484197436,-0.1792850427,-0.2912934237,-0.3892718683,-0.4701646713,-0.5240722036,-0.5198553481,-0.4567522117,-0.323624348,-0.1320893061,0.1016449803,0.3488949249,0.5759076723,0.7398209308,0.7722267904,0.7045899383,0.5806540774,0.4406174018,0.3033137738,0.1788323435,0.07186432695,-0.01945760775,-0.0828515777,-0.1280833091,-0.1547620548,-0.1628024561,-0.1491973815,-0.1442789261,-0.1162408336,-0.08524974375,-0.03943708848,-0.005441097137,-0.02103227292,-0.09369911131,-0.1762469865,-0.2395728635,-0.2582577411,-0.2321317785,-0.1524448228,-0.06969046073,-0.01508525993,0.01096304471,-0.02811205459,-0.05506489111,-0.06488300073,-0.03771367126,0.002297042166,0.02880022776,0.04608750531,0.0704051834,0.08277645767,0.09141358097,0.1002376293,0.1041959699,0.10713638,0.1047732367,0.1034807833,0.1043024129,0.09944496293,0.09510442133,0.094754289,0.09282582594,0.08586321028,0.08604117739,0.08125288323,0.07777417535,0.07390684678,0.06884307789,0.06530750361,0.06268364716,0.05623447355,0.05103342039,0.04745996461,0.04309006483,0.0383214638,0.02934103565,0.02316567299,0.01479859122,0.0006106372529,-0.007439217065,-0.01608544625,-0.03062685214,-0.04183406974,-0.04744942718,-0.0558361757,-0.05891312642,-0.0612735285,-0.06204840824,-0.05784268823,-0.05520324643,-0.0484436381,-0.04037603581,-0.03149445044,-0.01875405175,-0.01028739811,0.0002130000378,0.01461824199,0.02642042899,0.03788971892,0.05196665054,0.0628216027,0.07148703742,0.08324144445,0.09255790399,0.09955461893,0.1063738744
9.2,-0.1584186214,-0.1728701007,-0.1781755794,-0.1779114096,-0.1761881619,-0.1605202857,-0.1413514228,-0.1121831392,-0.0705959467,-0.02142192582,0.03649628546,0.09519027855,0.1461378109,0.1810866258,0.1928854614,0.18133536,0.1515705772,0.10413443,0.05336837018,0.004379676454,-0.03784192952,-0.06464637852,-0.07700550864,-0.07365389427,-0.05469437576,-0.02252538529,0.01939982759,0.06637950809,0.1134991596,0.1523807248,0.1764364461,0.1803623758,0.162377708,0.1247892348,0.07572343081,0.02044728245,-0.03523183447,-0.09092294324,-0.1406440959,-0.182202127,-0.2157147592,-0.2295796806,-0.2289114482,-0.2099142324,-0.1723307216,-0.1196270578,-0.05648559629,0.01017759637,0.07798516395,0.1338005587,0.1776532544,0.2010777757,0.1949888261,0.1614913774,0.09657455477,0.009629781228,-0.09010518737,-0.1994162034,-0.3021718761,-0.3932572391,-0.4603294935,-0.4822983354,-0.44741701,-0.3424240788,-0.1750162219,0.0448176674,0.283447245,0.5113922761,0.6914359501,0.755052693,0.7163941585,0.6089203375,0.4758002071,0.3382830008,0.2116074504,0.1013098568,0.005066603297,-0.0616719098,-0.1107581351,-0.1403701034,-0.1505642383,-0.1468136992,-0.159219489,-0.147866532,-0.1189088443,-0.05774200668,-0.002956453459,-0.00308587022,-0.06966639492,-0.1524154066,-0.2188630982,-0.2414312706,-0.2179074214,-0.1383010958,-0.05424573761,0.001307441138,0.02946266598,-0.005900788411,-0.02948380491,-0.0371568647,-0.01084377503,0.02712142662,0.0521428128,0.06791798465,0.09049127418,0.09996859649,0.1066664896,0.1137306985,0.1150708256,0.114814935,0.1102252986,0.1063560329,0.1042543972,0.09762558169,0.09112841112,0.08853539414,0.08473109988,0.07677083694,0.07494409704,0.06983566392,0.06583701798,0.06143571346,0.05664917089,0.05372072627,0.05205762447,0.04723318239,0.045213126,0.04518253355,0.04374470477,0.04291121224,0.03897650728,0.03754259407,0.03356383494,0.02304382571,0.01797325328,0.01189124511,-0.001851741336,-0.01177085065,-0.01716082443,-0.02669203975,-0.03049805737,-0.03391968305,-0.0364742954,-0.03350460043,-0.03215963136,-0.02773315742,-0.02104161083,-0.01377823223,-0.003245065885,0.003487621958,0.01243785998,0.02508562748,0.03530932676,0.04547167776,0.05855096558,0.06821522284,0.07561502284,0.08700874854,0.09552357578,0.1014782139,0.108284001
9.3,-0.1060358805,-0.1334055636,-0.1502387104,-0.1622270765,-0.1743266752,-0.1728603163,-0.1702286794,-0.1586148468,-0.1357279652,-0.1023203879,-0.05609960148,-0.001465399891,0.05749292192,0.1107757962,0.1506894788,0.1699508902,0.1678918158,0.1399845431,0.09963900835,0.05292026285,0.004792898392,-0.03152282311,-0.05713549105,-0.06779160051,-0.06101238367,-0.04120729635,-0.008173036752,0.03233273843,0.07626444842,0.1177462074,0.1494578485,0.1657567199,0.1590658617,0.133982507,0.09153538486,0.03964420446,-0.0140211328,-0.07214022305,-0.1249511991,-0.1722556021,-0.2127569687,-0.2371479787,-0.2475398815,-0.2395575606,-0.2137053104,-0.1678643637,-0.1101205222,-0.04535102343,0.02557313008,0.0877209155,0.1441282018,0.1849260365,0.2015314436,0.1919271109,0.150286953,0.08283650951,-0.006846960808,-0.1081615266,-0.211580065,-0.3082545627,-0.3828817321,-0.4250898257,-0.4139042397,-0.3368427998,-0.1963941714,0.00515576073,0.2311564466,0.4554047374,0.6438252727,0.7327602972,0.7210498024,0.6314041386,0.5061990063,0.3693092759,0.2402446731,0.1256831515,0.02465958692,-0.04734100657,-0.1009307314,-0.1339716759,-0.147729672,-0.1565597547,-0.1891494155,-0.1939082021,-0.1610514446,-0.08040078857,-0.003410629606,0.01368895898,-0.04454314343,-0.1257992072,-0.1941290659,-0.2197082009,-0.1984409261,-0.1190452981,-0.03437061776,0.0209840273,0.04959977812,0.0163676772,-0.00572435222,-0.01269310113,0.01190023623,0.04783013463,0.07148062471,0.08616812544,0.1074635997,0.1147842184,0.1200539243,0.1258256899,0.1249767725,0.1222007307,0.1160171326,0.1100360768,0.1053771028,0.09740445854,0.08912480474,0.0843248435,0.07891107244,0.07003927245,0.06619271867,0.06073147751,0.05602602776,0.05095972317,0.04625536545,0.04368107863,0.04262036037,0.03910318458,0.0398305432,0.04276271376,0.04377194887,0.04640216177,0.04725251398,0.05022477438,0.05071775099,0.04427938466,0.04242897605,0.03928508228,0.027257343,0.01904717032,0.0141670751,0.004109605468,-0.0005510873183,-0.00516770717,-0.009431343034,-0.008108492225,-0.008351497533,-0.006379793492,-0.001421002237,0.003647285437,0.01173938035,0.01655414132,0.0237025949,0.03451805425,0.04291981278,0.05151489486,0.06356023894,0.07203948044,0.07807018883,0.08909053935,0.0968556243,0.1018340938,0.1085296366
9.4,-0.03018122018,-0.07225010223,-0.1028710052,-0.1287804948,-0.1553221594,-0.1684883596,-0.1819664067,-0.1878334852,-0.1840795803,-0.1700702818,-0.1420375214,-0.1017720487,-0.04927308685,0.007781457625,0.06323993771,0.1073955409,0.1345039931,0.1355839163,0.1176795073,0.0855837958,0.0429426972,0.005258651928,-0.02756258199,-0.04847043017,-0.05200688481,-0.04380433927,-0.0198857027,0.01320460572,0.05172476359,0.09284638481,0.1282271617,0.1534462968,0.1569216597,0.1444854061,0.1101376234,0.06306833838,0.0128711899,-0.04646449843,-0.1009386087,-0.152374259,-0.1982460802,-0.2314990459,-0.2518043195,-0.2544667296,-0.240637436,-0.2032855823,-0.1530385045,-0.09299461753,-0.02304807033,0.04062378313,0.1031169399,0.1541970526,0.1862559579,0.1963183107,0.1767386665,0.1308060935,0.05601511437,-0.03307269601,-0.1327438529,-0.2307370462,-0.3087905412,-0.3648520735,-0.3711171851,-0.31768568,-0.2019838977,-0.02034754399,0.1912705365,0.4088070224,0.5997113787,0.7077317855,0.7195891906,0.6482810028,0.5319603853,0.3968366737,0.2653975911,0.1459104176,0.04002897239,-0.03890175278,-0.09778842583,-0.1349335845,-0.1531491075,-0.1753037015,-0.2266713359,-0.2432904407,-0.2023261642,-0.1033119119,-0.006937491249,0.02776791318,-0.01939331847,-0.09671282972,-0.1652245476,-0.1930242537,-0.1742036755,-0.09602516212,-0.01222480062,0.04154591118,0.06926766024,0.03687986266,0.01486688267,0.007738266202,0.03019176073,0.06437684153,0.08693401771,0.1006893402,0.1212089322,0.1270177998,0.1310501589,0.1358534275,0.1329711708,0.1282226072,0.1207931043,0.1129666727,0.1059424263,0.09681451769,0.08694971431,0.07986649652,0.07304228435,0.06310330047,0.05737461487,0.05130165804,0.04563100305,0.03994169775,0.03505787024,0.03259612924,0.03213576448,0.02961351279,0.03251775158,0.03802646186,0.04103601689,0.04677021942,0.05202287623,0.05885986627,0.06380051988,0.06174739487,0.0634572782,0.06366314522,0.05455882327,0.04865718308,0.04497236506,0.03531640309,0.03012914672,0.02470487334,0.01901986005,0.01865025177,0.01683648172,0.01643125761,0.01948012023,0.02215240125,0.02776086645,0.03063879684,0.0358556999,0.04489377028,0.05143281665,0.05826228958,0.06930978754,0.07661081306,0.08116236052,0.09175807866,0.09873777564,0.1027129972,0.1091008924
9.5,0.0659874588,0.009339768546,-0.03608922202,-0.07668970855,-0.1172440808,-0.1447726879,-0.1726169224,-0.1938887784,-0.2072521743,-0.2118369625,-0.2034985566,-0.1821991389,-0.1450592515,-0.09597092191,-0.0387949365,0.01762676737,0.06569204054,0.09448785928,0.1037890149,0.0948600733,0.0678905014,0.03769296297,0.004892267714,-0.02125466491,-0.03236839512,-0.03433161099,-0.01932758887,0.005922951408,0.03806814635,0.07684492972,0.1131299649,0.1440215781,0.1563155822,0.1555929626,0.1305619573,0.08971796318,0.04400822984,-0.01530054731,-0.07038789896,-0.1245224768,-0.1744330462,-0.2146190079,-0.2433768314,-0.2557869304,-0.2533970412,-0.2256155774,-0.184264759,-0.1310149233,-0.06528492345,-0.003578615827,0.05983660499,0.1149561171,0.1550241988,0.1780404708,0.1754274476,0.1487715158,0.09154384538,0.01729410819,-0.07391661711,-0.1686984772,-0.2471916004,-0.3112480959,-0.3296905049,-0.2944774055,-0.1991133702,-0.03614612137,0.1615445612,0.3712277992,0.5613379779,0.6826013944,0.7137031283,0.6596619847,0.5525320752,0.4200878287,0.2865288625,0.1620202067,0.05135839031,-0.03519820586,-0.09967215072,-0.1411528132,-0.1638628363,-0.1973841299,-0.2632394938,-0.2878999371,-0.2392481642,-0.1262363661,-0.01403674476,0.03868756684,0.005369098513,-0.06586451755,-0.1335894197,-0.1638460231,-0.1486301616,-0.07314617524,0.008471258351,0.06036534743,0.08722440286,0.05525327287,0.032753572,0.0251835089,0.04519665169,0.07793536115,0.09955055094,0.1123095371,0.1323563902,0.1369024781,0.1396688981,0.1435003725,0.1386549209,0.1320248902,0.1234457395,0.1138533877,0.1043386273,0.09415232434,0.08265675915,0.07322271179,0.06503511411,0.05384435308,0.04639744707,0.03947632583,0.03265008989,0.0266065354,0.02138006362,0.01888677964,0.01943529139,0.01765105916,0.02240732861,0.03041693857,0.03510419325,0.04373538924,0.05310975343,0.06335983979,0.07263985873,0.07529421145,0.08085468064,0.08488100488,0.08000611913,0.07722583721,0.07568240397,0.06755858819,0.06256125233,0.05704602069,0.05038916763,0.0485048394,0.04532840186,0.04253185904,0.04353092404,0.04375209038,0.04668322519,0.04756531274,0.05059751312,0.05770487872,0.06226890959,0.06699508591,0.07683885043,0.08273700155,0.0855133297,0.09536689526,0.1012732411,0.1039778463,0.109699146
9.6,0.173257798,0.1052847536,0.04659599101,-0.007632589456,-0.06068948311,-0.1013603156,-0.1412932437,-0.1751069322,-0.2026242352,-0.222701198,-0.2324784395,-0.230747663,-0.2128739089,-0.1795479341,-0.1314738698,-0.07540185797,-0.01817504654,0.02932209894,0.06209910915,0.07767358876,0.07139753398,0.05564951,0.02959725624,0.003805831767,-0.01095277239,-0.02064326902,-0.01324801559,0.004784056817,0.03098976228,0.0668807508,0.1030774422,0.13780229,0.1579422318,0.1679885181,0.1533031734,0.120050889,0.07958345197,0.02127569648,-0.03394108268,-0.08997050156,-0.1432527644,-0.1889771774,-0.2251087027,-0.2464651767,-0.2548782696,-0.2373654147,-0.2059054344,-0.1608933878,-0.1015078474,-0.04385740027,0.01742985295,0.072698136,0.1158891875,0.1460460151,0.1547144175,0.1427535894,0.1022551611,0.04318954149,-0.03624738794,-0.1239666214,-0.2003831862,-0.2678763741,-0.2947476479,-0.2732965386,-0.1941632187,-0.04747392614,0.1378702146,0.3399999362,0.5283232554,0.6585730439,0.7049227717,0.6659987716,0.5674232928,0.438174655,0.3029088135,0.1739789059,0.05903723295,-0.0345062614,-0.1040151916,-0.1493975705,-0.1756658783,-0.2171106069,-0.2932183044,-0.3254523213,-0.2733900421,-0.1509074193,-0.02527700432,0.04572032858,0.02782093557,-0.03651318314,-0.1036697849,-0.1373183706,-0.1268458337,-0.05431799928,0.0257022599,0.0774676851,0.1049570307,0.0734398918,0.05015231467,0.04136080458,0.0577062272,0.08860640197,0.1090382956,0.1205873002,0.1399972307,0.14320124,0.1446370363,0.1473392649,0.140558721,0.1321290417,0.1224454974,0.1111760115,0.09922690496,0.0880787844,0.07502760236,0.06342308105,0.05401609656,0.04161899239,0.0327263887,0.02502990241,0.01712302558,0.01119435844,0.005718115557,0.003287275934,0.005300219189,0.004262341826,0.0108268457,0.02137359006,0.02753380088,0.03884708835,0.05203511351,0.06530787202,0.07869714581,0.08607282006,0.09550892758,0.1036365272,0.1039342119,0.1050203442,0.1065161267,0.1010538685,0.09701987228,0.09224832746,0.08507965417,0.08193193542,0.07768816542,0.07228604365,0.071044698,0.06863943899,0.0683291884,0.0670393047,0.0674657408,0.07210661613,0.07434694683,0.07638577474,0.08448118967,0.08854191385,0.08907331959,0.09760834303,0.1019513687,0.1029829459,0.1075791285
9.7,0.2747361114,0.2037220205,0.1372606267,0.07324639706,0.01075751926,-0.04063881064,-0.09002778449,-0.1333263741,-0.1717418603,-0.2033744683,-0.2278573497,-0.2434212027,-0.2448192504,-0.2311591036,-0.1995582023,-0.1542219631,-0.09934434833,-0.04482325633,0.002551928517,0.03756259882,0.05078194253,0.05252606575,0.03771687841,0.01726425626,0.003344184312,-0.01087326074,-0.008793149921,0.003481150624,0.02507634771,0.05843024672,0.0947395306,0.1328960513,0.1601702512,0.1811392876,0.1780428729,0.1542489265,0.1205807658,0.06418058257,0.009206631055,-0.04849258756,-0.1049931018,-0.1557584314,-0.1987863664,-0.2286484594,-0.2477287794,-0.2408608523,-0.2201267043,-0.1843676106,-0.1324283014,-0.07995759529,-0.0220907462,0.03150210327,0.07551708308,0.1090281364,0.1246264009,0.1227574176,0.09522791146,0.04968969345,-0.0176029189,-0.09650433294,-0.1689728905,-0.2372621709,-0.2701558398,-0.2596201913,-0.1938379492,-0.06132062069,0.1134530289,0.3093587764,0.496055584,0.6339182804,0.6931482443,0.667638929,0.5773706356,0.4516826409,0.3156675097,0.1836872486,0.06552362325,-0.03326799092,-0.1065924524,-0.154917861,-0.1834603394,-0.2297640411,-0.3144300367,-0.3574416337,-0.3073603249,-0.1783386756,-0.04121908436,0.04660103902,0.04345851634,-0.01453707408,-0.08164035123,-0.1187230095,-0.1124849568,-0.04074284286,0.04087129234,0.0956228129,0.1251899642,0.0936766332,0.068854047,0.05622192596,0.06594096669,0.09354851043,0.1120890409,0.1221692884,0.1403481481,0.1421933837,0.1423673307,0.1438144385,0.1353124883,0.1257113906,0.1153963753,0.1029720976,0.08912215068,0.07734705992,0.0633315695,0.05031374623,0.04026667878,0.02713892515,0.01725135499,0.00919472169,0.0007416330224,-0.004544181403,-0.009868342559,-0.01191096842,-0.008167020994,-0.008258278387,8.499972156e-05,0.01303815961,0.0205625147,0.03422794315,0.05059070286,0.06625843721,0.08313071416,0.09469112403,0.1076210924,0.1196110904,0.1251634674,0.130316861,0.1353497161,0.1333976681,0.1310352253,0.127672282,0.1204025278,0.1163204651,0.1113580152,0.1031993895,0.09953617709,0.09424771966,0.08988067376,0.08627967633,0.08368944891,0.08515516125,0.08461309801,0.08327954649,0.08896356792,0.090798471,0.08871637668,0.09533762111,0.09771833219,0.09681171319,0.09993570987
9.8,0.3452468614,0.2858295532,0.2219920886,0.1556305982,0.08910617685,0.03080149187,-0.02480548783,-0.07445608689,-0.1203570186,-0.1596471974,-0.1945166292,-0.2230894638,-0.2408000984,-0.2462747218,-0.2344363213,-0.2067926133,-0.16353631,-0.1131489874,-0.061395507,-0.01535699982,0.01200277564,0.02977831741,0.0275206334,0.01550774155,0.005843975695,-0.009607296231,-0.01048937819,-0.002402094857,0.0159483892,0.0471045614,0.08385597067,0.1253955465,0.1590278775,0.1915141954,0.2014287027,0.1897269907,0.1658961788,0.1129460217,0.05911616901,-0.0001740259295,-0.06004179279,-0.1160342633,-0.1659892291,-0.2042170821,-0.2342211609,-0.2380313971,-0.2285947378,-0.2026432642,-0.1584078347,-0.1115229499,-0.05720991636,-0.005721278401,0.03839140068,0.07333863247,0.09309888314,0.09773071731,0.07860594938,0.04355742587,-0.01394851171,-0.08496187794,-0.1530555955,-0.2217880404,-0.2597781153,-0.2592152628,-0.2055176201,-0.08630874867,0.07924921307,0.2707876213,0.4566706659,0.6039415387,0.67627,0.664611111,0.5843879722,0.4632040074,0.3283171228,0.1952705201,0.07548529283,-0.02646970546,-0.1022113903,-0.1524270384,-0.1823359703,-0.2322061804,-0.3270158411,-0.3857688145,-0.3416575394,-0.2075963459,-0.06202973225,0.03816023024,0.04691121901,-0.005267975732,-0.07160601524,-0.1098729275,-0.1048659291,-0.03042970991,0.05705233074,0.117472741,0.1487132177,0.1157702952,0.0878714168,0.06716918331,0.06641522918,0.08852847875,0.1042902419,0.1127786629,0.1290596902,0.1299827041,0.129200035,0.1294317545,0.1197849388,0.110185756,0.1003781088,0.08793785451,0.0730863943,0.06135903241,0.04749325264,0.03435556515,0.02467344943,0.01172627909,0.001420967585,-0.006411333644,-0.01456250412,-0.01888333198,-0.0234127115,-0.02453170976,-0.01897942843,-0.01801261905,-0.008217384533,0.006697187941,0.01571435275,0.03136172251,0.04990060508,0.06687893025,0.0859127615,0.1007909542,0.1165492867,0.1316009299,0.1413667915,0.1499035039,0.1582506635,0.1601031862,0.1599808591,0.1583386974,0.151371599,0.1467970183,0.1414189265,0.1306552265,0.1247062251,0.1166471412,0.1078097472,0.1018042641,0.09593143664,0.09373798402,0.09034487643,0.08541670211,0.0882470722,0.08765956422,0.08284316218,0.08737738797,0.08786671837,0.08517023488,0.0867418896
9.9,0.3590380897,0.328269735,0.2816634823,0.2243138877,0.1623717351,0.1028178148,0.04546431937,-0.006878879512,-0.05669166903,-0.09982639025,-0.1406202659,-0.1770629729,-0.2063645002,-0.2267943558,-0.233653705,-0.2262415613,-0.2003422123,-0.1631773955,-0.1164883929,-0.06852679283,-0.03399926947,-0.004682710304,0.004147237262,0.00137445273,-0.002676369773,-0.01679573203,-0.01913403202,-0.01429012197,0.001602753712,0.03020942901,0.06717350582,0.1114532477,0.1502903425,0.193883363,0.2175838175,0.2208222027,0.2107358206,0.164499234,0.113849336,0.05366312275,-0.009537804919,-0.07100677389,-0.1280433462,-0.1745758955,-0.2156802284,-0.2300417569,-0.2322060322,-0.2163637935,-0.1797916432,-0.1386179506,-0.0876095952,-0.03807941591,0.005987793507,0.04160127457,0.06388797483,0.07249453939,0.05819334344,0.03013114727,-0.02094078136,-0.08657116476,-0.1514651428,-0.221674696,-0.2650598884,-0.2748054045,-0.2337646601,-0.1281722037,0.02840696241,0.2169065149,0.4036002303,0.5633189249,0.6514621418,0.6567238773,0.590545331,0.4760480562,0.3450103656,0.2132277726,0.09354161005,-0.009684000702,-0.0867741633,-0.1382358697,-0.1690621617,-0.2234912646,-0.3318631159,-0.4106229015,-0.3746219266,-0.2369786846,-0.08756997569,0.01877700094,0.03601686345,-0.009691231687,-0.07271932024,-0.1081237038,-0.100296601,-0.02021109251,0.07544357411,0.1416772945,0.172909247,0.136489983,0.1024612188,0.07046496179,0.05661610121,0.07132349107,0.08377255198,0.09074934542,0.1045886776,0.105293789,0.1041819561,0.1038150053,0.0941573775,0.08531976753,0.07700629964,0.06583408896,0.05134261292,0.04102436724,0.02844841278,0.01617812074,0.007555656883,-0.003805630196,-0.01368290195,-0.02056327576,-0.02761666937,-0.03110941696,-0.03420482267,-0.03381816532,-0.0266060398,-0.02437868759,-0.01348445037,0.002788229197,0.01324529966,0.03015599739,0.04995858275,0.0673315529,0.08710347032,0.1040365232,0.12142998,0.1382435015,0.1507430859,0.1616029211,0.1722653902,0.1773329281,0.1795193572,0.1795476602,0.1733822842,0.1689169172,0.1632738836,0.1504558821,0.1428100518,0.1326804265,0.1198843162,0.1115002735,0.1024143094,0.09652728111,0.09077491779,0.08284112732,0.08280293617,0.07981634755,0.07243066566,0.07516382494,0.07426475678,0.07031922719,0.07055955943
10,0.3096780773,0.3155449794,0.2989490059,0.2632071102,0.2168959275,0.1635649497,0.1103743653,0.05975695431,0.009615618104,-0.03371937986,-0.07654538244,-0.116138545,-0.1520689213,-0.1816869821,-0.2028551579,-0.213597916,-0.2060655387,-0.1873692272,-0.1528343964,-0.1110311947,-0.07625813187,-0.04112844347,-0.02436337056,-0.01894003144,-0.01798286581,-0.02934901103,-0.03281677077,-0.03120811769,-0.01779227605,0.007054130473,0.04329520506,0.08886075036,0.1313983966,0.1840198174,0.2207380148,0.2407002519,0.2473507071,0.213314983,0.1693752328,0.1104126476,0.0449294461,-0.02173176009,-0.08562407591,-0.1402870027,-0.1921148807,-0.2171053501,-0.2310498007,-0.2257205676,-0.1972922081,-0.1621216017,-0.1145560219,-0.0670017419,-0.02307529134,0.01281949557,0.03672481116,0.04770982824,0.03618712486,0.01225561593,-0.03500648891,-0.0974298113,-0.1607559905,-0.23290663,-0.2818482598,-0.3019336408,-0.274550746,-0.1836472999,-0.03729356198,0.147853075,0.3368302832,0.5108335067,0.6182512282,0.6448071525,0.5978008612,0.4930266628,0.3686738217,0.2401533324,0.1216560466,0.0182965909,-0.05986987994,-0.1126571351,-0.1444842009,-0.2063130907,-0.3311254422,-0.4317646287,-0.4046299901,-0.265485269,-0.1169593952,-0.00939150717,0.01438772579,-0.02325042264,-0.07977043887,-0.1085602904,-0.0953403652,-0.00886621661,0.09349708959,0.1627589888,0.1921050561,0.1505084429,0.1077677921,0.06370256744,0.03631822116,0.04347111164,0.05269887649,0.05835374037,0.06991192143,0.07078114254,0.07003337684,0.0699275912,0.06151202635,0.05343670692,0.04713767188,0.0380996142,0.02532033637,0.01793578634,0.007519660721,-0.003439302363,-0.0108609361,-0.0191209017,-0.02770299296,-0.0328538112,-0.03830991298,-0.04118794122,-0.04246820478,-0.04024119521,-0.03157778644,-0.02781741861,-0.01587505121,0.001266773368,0.01270369915,0.02977976123,0.05030751781,0.06769654236,0.08729623834,0.1048173566,0.1222255949,0.1392944537,0.1532707023,0.1655887861,0.177180445,0.1842195891,0.1880707634,0.1893513812,0.1843112891,0.1805505904,0.1748594735,0.1609713081,0.1523947212,0.1408990382,0.1251590062,0.1149410885,0.103542345,0.09443837264,0.0867234347,0.07662882043,0.0741066452,0.06919754428,0.0599090602,0.06114645558,0.05926078439,0.05460830911,0.05396165461
