子图4 热图矩阵（行=y，列=x）,-4,-3.95,-3.9,-3.85,-3.8,-3.75,-3.7,-3.65,-3.6,-3.55,-3.5,-3.45,-3.4,-3.35,-3.3,-3.25,-3.2,-3.15,-3.1,-3.05,-3,-2.95,-2.9,-2.85,-2.8,-2.75,-2.7,-2.65,-2.6,-2.55,-2.5,-2.45,-2.4,-2.35,-2.3,-2.25,-2.2,-2.15,-2.1,-2.05,-2,-1.95,-1.9,-1.85,-1.8,-1.75,-1.7,-1.65,-1.6,-1.55,-1.5,-1.45,-1.4,-1.35,-1.3,-1.25,-1.2,-1.15,-1.1,-1.05,-1,-0.95,-0.9,-0.85,-0.8,-0.75,-0.7,-0.65,-0.6,-0.55,-0.5,-0.45,-0.4,-0.35,-0.3,-0.25,-0.2,-0.15,-0.1,-0.05,0,0.05,0.1,0.15,0.2,0.25,0.3,0.35,0.4,0.45,0.5,0.55,0.6,0.65,0.7,0.75,0.8,0.85,0.9,0.95,1,1.05,1.1,1.15,1.2,1.25,1.3,1.35,1.4,1.45,1.5,1.55,1.6,1.65,1.7,1.75,1.8,1.85,1.9,1.95,2,2.05,2.1,2.15,2.2,2.25,2.3,2.35,2.4,2.45,2.5,2.55,2.6,2.65,2.7,2.75,2.8,2.85,2.9,2.95,3,3.05,3.1,3.15,3.2,3.25,3.3,3.35,3.4,3.45,3.5,3.55,3.6,3.65,3.7,3.75,3.8,3.85,3.9,3.95,4
0.5,-0.01081942697,-0.006364820192,-0.006671674446,-0.006459478427,-0.003987277201,-0.005213276806,-0.004188256464,-0.003541048523,-0.004226078456,-0.002981903981,-0.003064604182,-0.003007104279,-0.002241435375,-0.002606961176,-0.002244981553,-0.00198312011,-0.002171007972,-0.001719880664,-0.001717407051,-0.001673832272,-0.001357066725,-0.001484505838,-0.001336774308,-0.001218437294,-0.001282441355,-0.001095865912,-0.001094796036,-0.001075871053,-0.0009331114982,-0.001011081367,-0.0009647583728,-0.0009233198889,-0.000968356921,-0.0009216688825,-0.0009636453932,-0.0009997300093,-0.0009776472079,-0.001091290881,-0.001148595755,-0.001210550457,-0.001310131078,-0.001405847818,-0.001545961615,-0.001687004552,-0.001808310612,-0.00203159226,-0.002237674598,-0.002450441841,-0.002677875227,-0.002953947725,-0.003259431193,-0.003574582385,-0.003890228414,-0.004309552079,-0.004734818172,-0.005175352207,-0.005622463795,-0.006158728893,-0.0067207399,-0.007297273745,-0.007874315481,-0.00858746001,-0.009299827674,-0.01001705036,-0.01074541592,-0.01155291764,-0.01237945335,-0.01319953489,-0.01395156575,-0.01489969259,-0.01577870459,-0.01661956981,-0.01749243854,-0.01840110274,-0.01940786094,-0.02048645507,-0.02152078302,-0.02330673762,-0.02531689902,-0.02758184537,-0.03148530259,-0.02691689004,-0.01979282419,-0.009109016384,0.01530756981,0.05016381353,0.07032519386,0.07803797748,0.06044580244,0.002497557475,-0.03071997268,-0.05581165281,-0.07280645545,-0.07334344526,-0.07987223515,-0.09038645103,-0.09652872891,-0.09811317621,-0.1034548202,-0.1002488786,-0.09754453548,-0.08261839362,-0.08515565536,-0.08321213472,-0.07490383608,-0.0691921973,-0.05997674189,-0.06772192145,-0.06131452638,-0.06052106906,-0.05613350392,-0.05135685293,-0.0547583697,-0.05045198023,-0.05169966108,-0.04726644502,-0.04486721629,-0.04488733746,-0.04464630598,-0.04397815749,-0.04154096045,-0.03975986664,-0.03875356407,-0.03896494305,-0.03881910646,-0.03708050937,-0.03546123364,-0.03388905523,-0.03449167538,-0.03436267033,-0.03330766176,-0.03192234921,-0.0301255315,-0.0305786673,-0.03060948761,-0.03042305593,-0.02893064187,-0.02739259437,-0.02721460405,-0.02765365636,-0.02822710063,-0.02664262483,-0.0251029523,-0.02435440773,-0.02526157929,-0.02612420642,-0.02518923839,-0.02352397295,-0.02196149269,-0.02325026746,-0.02465382335,-0.02508877158,-0.02301169608,-0.02087275566,-0.02177734649,-0.02431859945,-0.02654228697,-0.0237270443,-0.02138208109,-0.02092847616,-0.02444617803
0.6,-0.03096069818,-0.02588272636,-0.02638058376,-0.02626296543,-0.02348690664,-0.02504113341,-0.0239491277,-0.02329394172,-0.02419395737,-0.02282524554,-0.02300960841,-0.02302273796,-0.02219833236,-0.02269737278,-0.02233903027,-0.02209374711,-0.02237030337,-0.02189526934,-0.02194125722,-0.02193473548,-0.02160889986,-0.02179439713,-0.02165861074,-0.02155289519,-0.02165863285,-0.02147069188,-0.02149660364,-0.0215010966,-0.0213548262,-0.02147012269,-0.02143724289,-0.02140734859,-0.02148038188,-0.02144352103,-0.0215132524,-0.02157493331,-0.02156219214,-0.02171971514,-0.02180584586,-0.02189392194,-0.02203534097,-0.02216087332,-0.02234767167,-0.02253708384,-0.02269162342,-0.0229859098,-0.02325054528,-0.0235234399,-0.02382571311,-0.0241764961,-0.02457050144,-0.0249764959,-0.02537513902,-0.02591617543,-0.02645462242,-0.02701400976,-0.02758758974,-0.02825945796,-0.02896896949,-0.02969864524,-0.03042480838,-0.03132158652,-0.0322153407,-0.03311762096,-0.03403594616,-0.03505063623,-0.03609076089,-0.03712379691,-0.03808155914,-0.03926812978,-0.04037686254,-0.04144491665,-0.04254817624,-0.04370102089,-0.04496421691,-0.04631375295,-0.04761699694,-0.04978195643,-0.05220441877,-0.05491595098,-0.05948664497,-0.05287132698,-0.04328622558,-0.02955168561,-7.764328801e-05,0.04131861096,0.06599647121,0.07625210123,0.05771183059,-0.006638782777,-0.04296145258,-0.07008818403,-0.08747091256,-0.08602905077,-0.09167328189,-0.1017174215,-0.1067362352,-0.1067535637,-0.1111558258,-0.1060258942,-0.1018697803,-0.08511393397,-0.08839683255,-0.08632026778,-0.0768530373,-0.07042909544,-0.05986374699,-0.06899504835,-0.06170856178,-0.06096696792,-0.05600133623,-0.05058143559,-0.05468858277,-0.04979314114,-0.05140694549,-0.04641464334,-0.04380595077,-0.04393252404,-0.04375946824,-0.04313325482,-0.04048935374,-0.03860231861,-0.03755835228,-0.03790866237,-0.03782583892,-0.03602685209,-0.03437300026,-0.03271151751,-0.03348556938,-0.0334066386,-0.03238290427,-0.03103497335,-0.02919432744,-0.0297779891,-0.02985974377,-0.02977807265,-0.02835970359,-0.02688541858,-0.02679246186,-0.02732013265,-0.02799484232,-0.02655020698,-0.02515520399,-0.02453616471,-0.02556009581,-0.02653831965,-0.02579473001,-0.02435395931,-0.02303998788,-0.02447280088,-0.0260506231,-0.02672806958,-0.02498255478,-0.02318474212,-0.02437576219,-0.02722614941,-0.02972729861,-0.02737582433,-0.02554677061,-0.02557419877,-0.0295820441
0.7,-0.0638695923,-0.05839697136,-0.05924134898,-0.05937727148,-0.05648569056,-0.05850092678,-0.05750532215,-0.05699587394,-0.05824834086,-0.05691274255,-0.05733560457,-0.05755795632,-0.05681923013,-0.05758616852,-0.05736556159,-0.05726667994,-0.05776118353,-0.05739082125,-0.05761112253,-0.05776723617,-0.0575509834,-0.05792078733,-0.05791604076,-0.05794337058,-0.05820776018,-0.05813335053,-0.05829863838,-0.05843482669,-0.05839445806,-0.05865280571,-0.05873659256,-0.05881785376,-0.05901770224,-0.059085132,-0.05927380713,-0.05945193143,-0.05953735035,-0.05982491442,-0.06002201822,-0.06021657817,-0.06048048962,-0.06071238655,-0.06102051576,-0.06132955285,-0.06158573258,-0.06202050388,-0.0624068743,-0.06280132354,-0.06324191563,-0.06371762649,-0.06425590612,-0.06480737885,-0.06533209344,-0.06604618028,-0.0667379058,-0.06745227017,-0.06819740912,-0.06902764402,-0.0699199846,-0.07083144205,-0.07172072952,-0.0728281635,-0.07391453153,-0.07501065429,-0.07613928545,-0.07735705481,-0.0786144213,-0.07986184654,-0.08101763095,-0.08243797681,-0.08376327033,-0.0850428954,-0.08636242697,-0.08773207606,-0.08922852535,-0.09081795408,-0.09235904221,-0.09485455897,-0.09763584115,-0.1007363219,-0.105888334,-0.09676138827,-0.08420889548,-0.06690261986,-0.03201530244,0.01602392693,0.04550742763,0.05922785883,0.0409989515,-0.02813158579,-0.06595488962,-0.093390698,-0.1101995359,-0.106098245,-0.1094746549,-0.1179113368,-0.1209653838,-0.1184979657,-0.1210496004,-0.1134429667,-0.10746542,-0.08923025481,-0.09332493785,-0.09117755327,-0.08072005151,-0.07375118291,-0.06200803544,-0.07247202338,-0.0644712351,-0.06388972019,-0.05845778521,-0.05252421161,-0.05739535985,-0.05204165203,-0.05408196561,-0.04868961573,-0.04601600138,-0.0463126328,-0.04628236178,-0.04581096711,-0.04311953256,-0.04126179124,-0.04027485512,-0.04082574427,-0.04086841107,-0.03918654761,-0.03766673212,-0.03604765293,-0.03702857234,-0.03702847701,-0.03617240718,-0.03507642026,-0.03341124805,-0.03411106236,-0.03423430508,-0.03434983844,-0.03323930334,-0.03204354857,-0.03210389938,-0.03271376544,-0.03345377105,-0.03238705263,-0.03139858585,-0.03106863906,-0.03217139285,-0.03323416924,-0.03285113468,-0.03189258607,-0.0310796781,-0.03263599692,-0.03436848096,-0.03535880241,-0.03421688743,-0.03302976038,-0.03458879153,-0.03774011662,-0.04050532939,-0.03892578145,-0.03791481431,-0.03861858247,-0.04312242463
0.8,-0.1091985109,-0.1038219463,-0.1054015851,-0.1061832107,-0.1036363878,-0.1064660121,-0.1059821414,-0.1060275638,-0.1079817589,-0.10711464,-0.1081535768,-0.1089638459,-0.1087296546,-0.1101158513,-0.1104314942,-0.1108721286,-0.1119400239,-0.1120822615,-0.1128487429,-0.1135379228,-0.1138239685,-0.1147300932,-0.1152296097,-0.1157525712,-0.1165193153,-0.1169243206,-0.1175763367,-0.1181888538,-0.118606834,-0.1193380667,-0.1198766033,-0.1204048833,-0.1210441271,-0.1215492661,-0.1221695015,-0.1227675745,-0.1232684436,-0.1239673727,-0.1245730308,-0.1251694292,-0.1258146214,-0.1264487856,-0.1271405136,-0.1278239916,-0.1284649263,-0.1292622769,-0.1300223834,-0.1307815458,-0.1315557165,-0.1324020091,-0.133282083,-0.1341673931,-0.1350435173,-0.1360777358,-0.1371095933,-0.138155958,-0.1392006491,-0.1403782913,-0.141582195,-0.1427997637,-0.1440113686,-0.1454161806,-0.1468130347,-0.1482091773,-0.1496046319,-0.1511188426,-0.1526455938,-0.1541517709,-0.1555574708,-0.157229062,-0.1587971035,-0.1603010133,-0.1618330046,-0.1634202017,-0.1651277938,-0.1669255806,-0.1686615951,-0.1714314679,-0.1745026597,-0.1779103751,-0.1835480333,-0.1713955471,-0.1552494612,-0.1337083303,-0.09290060303,-0.03778047242,-0.002644253493,0.0155083768,-0.0008198205197,-0.07207555441,-0.109447077,-0.1354191163,-0.1497882545,-0.1413672109,-0.1410678327,-0.1461932729,-0.1456620541,-0.1393538633,-0.1386397419,-0.1275215582,-0.1187999984,-0.09922738632,-0.1040664357,-0.1017876396,-0.09041162351,-0.08298168327,-0.07016152028,-0.08184319678,-0.07318573312,-0.072813621,-0.06704249212,-0.06070055646,-0.06629266427,-0.06055441882,-0.06310861211,-0.05743243844,-0.05478945602,-0.05533794662,-0.05552790138,-0.05527716795,-0.05264137625,-0.05094658043,-0.05012419501,-0.05097563962,-0.05124822464,-0.04977171969,-0.04848411457,-0.04701691138,-0.04833396462,-0.04857277984,-0.04799587261,-0.04718362161,-0.04571443856,-0.04675206121,-0.04712381353,-0.04752631824,-0.04675492854,-0.04590342289,-0.04624122206,-0.04709178702,-0.04809575539,-0.04748596494,-0.04691532598,-0.04694305165,-0.04829146718,-0.04958260606,-0.04967245948,-0.04928296408,-0.04907397683,-0.05082619218,-0.05278425972,-0.05417956279,-0.0538353448,-0.0534714488,-0.05541801928,-0.05880703147,-0.06180936979,-0.06134787666,-0.06144006541,-0.06296047666,-0.06783572346
0.9,-0.1618359029,-0.1574359807,-0.1605758529,-0.1628415029,-0.1614939752,-0.1659738905,-0.166858419,-0.1683099857,-0.1718182501,-0.1722775865,-0.1747924201,-0.1770504484,-0.1781760159,-0.1810499602,-0.1827596021,-0.184596433,-0.1870974707,-0.1886018178,-0.1907688275,-0.1928422678,-0.1944734505,-0.1967655798,-0.198610257,-0.2004683738,-0.2025741553,-0.204286775,-0.2062494434,-0.2081555019,-0.2098399616,-0.211850065,-0.2136388814,-0.2153967791,-0.217260629,-0.2189658455,-0.2207794806,-0.2225529904,-0.2241985708,-0.2260514614,-0.2277794863,-0.2294759055,-0.231210606,-0.2329084361,-0.2346539568,-0.2363707427,-0.2380099448,-0.2398164572,-0.2415500728,-0.2432607691,-0.2449764742,-0.2467323401,-0.2485146748,-0.2502785111,-0.2519951024,-0.2538817616,-0.2557263051,-0.2575617641,-0.2593788044,-0.261296445,-0.2632284835,-0.2651463672,-0.2670173509,-0.2690859863,-0.2711059624,-0.2730942592,-0.2750609914,-0.2771131291,-0.2791545395,-0.2811401628,-0.2829833445,-0.2850823459,-0.2870333657,-0.2888848871,-0.2907316948,-0.2926063678,-0.2945776795,-0.2966193986,-0.2985669311,-0.3015891061,-0.3049107824,-0.3085694693,-0.3145968535,-0.2990677424,-0.2787087931,-0.2520786716,-0.2045590418,-0.1413895832,-0.09908678549,-0.07481513692,-0.08679806821,-0.1565153076,-0.1904436035,-0.2122505569,-0.2210185851,-0.2056061121,-0.1990105906,-0.1980041634,-0.1911144395,-0.1784714934,-0.1720122729,-0.1552034866,-0.141648763,-0.1203499044,-0.1255680595,-0.1228226786,-0.1103097408,-0.1022698277,-0.08828858534,-0.1009104872,-0.09158917846,-0.09130945429,-0.08508713166,-0.07829099724,-0.0845522939,-0.07845451589,-0.08142982069,-0.07549467842,-0.07290723625,-0.073689291,-0.0741060639,-0.0741323397,-0.07161271125,-0.07010437734,-0.06949205163,-0.07068526789,-0.07121461016,-0.07004005428,-0.06908633087,-0.06785186224,-0.06952166066,-0.07001261394,-0.06980441769,-0.06942971224,-0.06831480031,-0.06966447877,-0.07026615372,-0.07103044394,-0.07076809128,-0.07040230412,-0.0710661724,-0.07215669669,-0.07337642381,-0.07338018629,-0.07342560314,-0.07392009679,-0.07546118806,-0.07694320947,-0.07762210048,-0.07796063294,-0.07849914162,-0.08042216516,-0.08257720598,-0.0843905836,-0.08499184264,-0.08559563511,-0.08794734106,-0.09153470153,-0.0947219489,-0.09551610875,-0.0968362526,-0.09922814234,-0.1044195788
1,-0.1983063731,-0.19634552,-0.2024432425,-0.207626894,-0.2089893118,-0.2165819443,-0.2203700261,-0.2247766785,-0.2313794864,-0.2347757037,-0.2403630927,-0.2456884382,-0.2498236726,-0.2558320809,-0.2606089439,-0.2655249411,-0.2711448131,-0.2757266562,-0.2810055004,-0.2861818249,-0.2908887372,-0.2962954486,-0.3012228265,-0.3061515233,-0.311326833,-0.3160874678,-0.3210925823,-0.3260211723,-0.3306957959,-0.3356996189,-0.340449034,-0.3451391721,-0.3499133609,-0.3545015478,-0.3591731848,-0.3637721594,-0.3682024135,-0.3728258327,-0.3772805278,-0.3816626001,-0.3860500092,-0.3903566902,-0.3946779612,-0.3989254657,-0.4030416936,-0.407302579,-0.4114334827,-0.4154914627,-0.4195123979,-0.4235183901,-0.4275075845,-0.4314250796,-0.435229311,-0.4391740064,-0.4430080125,-0.4467737779,-0.450469012,-0.4541917266,-0.4578797037,-0.46148842,-0.464972832,-0.4686126588,-0.4721238485,-0.4755333981,-0.4788587656,-0.4821878423,-0.4854408654,-0.4885603521,-0.4914507303,-0.494534394,-0.4973834052,-0.5000510871,-0.502638561,-0.5051704797,-0.5077320761,-0.510292516,-0.512689049,-0.5161339338,-0.5198322929,-0.5238173615,-0.5302352951,-0.5115802754,-0.4868779401,-0.4545510241,-0.39936602,-0.3268918345,-0.2756038006,-0.2422066987,-0.2461109267,-0.3098656864,-0.3356113123,-0.3480639259,-0.3468875068,-0.3202853751,-0.302258951,-0.2902363505,-0.2724610885,-0.2488556541,-0.2320292765,-0.2053583406,-0.1824640878,-0.1579346037,-0.1625337595,-0.1584203266,-0.1440970254,-0.1349497296,-0.1193481811,-0.1322590053,-0.1219184549,-0.1213509239,-0.1143438578,-0.1068128934,-0.1134154383,-0.1067549113,-0.1098880864,-0.1035422232,-0.1008632119,-0.1017117747,-0.1022122512,-0.1024107263,-0.09994568075,-0.09856040327,-0.09809241339,-0.09955550398,-0.1002819993,-0.09941674095,-0.09880191358,-0.09779979214,-0.0997857197,-0.1004981952,-0.100674055,-0.1007887322,-0.1000860184,-0.1017228957,-0.1025269751,-0.1036667043,-0.1039832714,-0.1041659219,-0.1051715821,-0.1064896246,-0.1078941374,-0.1085757075,-0.1093081489,-0.1103078535,-0.112020027,-0.1136672184,-0.1149627311,-0.1160724179,-0.1173985265,-0.1194722054,-0.1218012481,-0.1240102805,-0.1255692831,-0.1271456189,-0.1298770086,-0.1336214105,-0.1369406356,-0.1389685637,-0.1414722787,-0.1446718465,-0.1501077583
1.1,-0.1315525281,-0.1326390228,-0.1423045702,-0.1511155567,-0.156047456,-0.1676285531,-0.175337521,-0.1837975609,-0.1946320057,-0.2022664467,-0.2122648541,-0.2220766282,-0.2307461087,-0.2414549638,-0.2509714185,-0.2607029447,-0.2712237867,-0.280775395,-0.2910997122,-0.3013751651,-0.3112225076,-0.3218540423,-0.3320365607,-0.3422555048,-0.3527582879,-0.3628872759,-0.3732890461,-0.3836306975,-0.3937295642,-0.4041907734,-0.4143968028,-0.4245396485,-0.4347633463,-0.4448058511,-0.4549204113,-0.4649428028,-0.4747761222,-0.4847886041,-0.4946039114,-0.5043109898,-0.5139794455,-0.5235461258,-0.5330750958,-0.5424818511,-0.5517121864,-0.5610272851,-0.5701603403,-0.5791552802,-0.5880309085,-0.5968454484,-0.6055554935,-0.6141145645,-0.6224945234,-0.6309110647,-0.6391434835,-0.6472153974,-0.6551045379,-0.6629505303,-0.6706414947,-0.6781477995,-0.6854355733,-0.6927436565,-0.6998193591,-0.7066718207,-0.7132969034,-0.7198101016,-0.7261017823,-0.7321244156,-0.7377852068,-0.7434810707,-0.7488018612,-0.7537905131,-0.7585412202,-0.7630778729,-0.767483632,-0.7717334703,-0.7756549115,-0.7804702374,-0.7853684083,-0.7903620346,-0.7975774553,-0.7785013296,-0.7524554128,-0.7172012116,-0.6568063491,-0.5768248404,-0.5174272097,-0.4751389584,-0.469871719,-0.524708375,-0.5395960137,-0.5397363702,-0.5248781589,-0.4832329495,-0.4498822111,-0.4222579244,-0.3886944336,-0.349332431,-0.3171573107,-0.2755622563,-0.2368150306,-0.2061387696,-0.2088003572,-0.2020799381,-0.1849190068,-0.1739899479,-0.1561076551,-0.1685016935,-0.1566106005,-0.1552104003,-0.1469859101,-0.1383263924,-0.144802161,-0.1372605816,-0.1402322463,-0.1332238124,-0.130195969,-0.1309263169,-0.1313380599,-0.1315411901,-0.1289873488,-0.1276128801,-0.1272214618,-0.1289126513,-0.1298010684,-0.1291603065,-0.1288212742,-0.1280275967,-0.1303725748,-0.1313845691,-0.1319419644,-0.1324512119,-0.1320548265,-0.1341530021,-0.135320326,-0.1368588668,-0.1376638683,-0.1383356009,-0.1397560984,-0.1414464159,-0.1432114123,-0.1445153391,-0.1458157852,-0.1473021252,-0.1493543062,-0.1513121959,-0.1532294196,-0.1550311074,-0.1570787257,-0.1593982457,-0.1619949764,-0.1646322963,-0.1671212791,-0.1696582821,-0.1727388532,-0.1766149572,-0.18006105,-0.1833568824,-0.1870215268,-0.1909685801,-0.1965435833
1.2,0.1760792008,0.1791457871,0.1730847839,0.1676523489,0.1659373955,0.1570620137,0.1518914741,0.1456686759,0.1367451647,0.1307485377,0.1220591469,0.1132835602,0.1053775998,0.09507259371,0.08569858721,0.07582916026,0.06489706113,0.05460313053,0.04326968487,0.03172424173,0.02034013028,0.007873169073,-0.004398780816,-0.01694629978,-0.03000707494,-0.0429879138,-0.05645643034,-0.07008170048,-0.08368157402,-0.09788552844,-0.1120376499,-0.1263089611,-0.1408383848,-0.1554151766,-0.1702245499,-0.1851018249,-0.1999455854,-0.2151506229,-0.2302965286,-0.2454596533,-0.2607026024,-0.2759968668,-0.2913585649,-0.3066950969,-0.3219464542,-0.3374002315,-0.3527454067,-0.3680183838,-0.3832324197,-0.398460485,-0.413632365,-0.4286906512,-0.4435927382,-0.458584866,-0.4733990873,-0.4880571701,-0.5025303654,-0.5169563033,-0.5312135919,-0.5452574566,-0.5590361471,-0.5728147824,-0.5862958862,-0.5994875059,-0.612386031,-0.6250823545,-0.6374681807,-0.649478919,-0.6610009386,-0.6724405686,-0.6833494406,-0.6937673096,-0.7037811266,-0.7133601975,-0.7226038589,-0.7314531006,-0.7396958931,-0.7484944446,-0.7569679442,-0.765033586,-0.7743611186,-0.7631775812,-0.7484075903,-0.7255402053,-0.6774251683,-0.6088996689,-0.5604918552,-0.5284500833,-0.5321501097,-0.5943566109,-0.6147548273,-0.6184432776,-0.6041632815,-0.5609952362,-0.5248073191,-0.4924841589,-0.4525232354,-0.4059180863,-0.3660705055,-0.3158822174,-0.2655128408,-0.2289236455,-0.2314541949,-0.2235013742,-0.204714603,-0.193506829,-0.1746057679,-0.187448554,-0.1752071957,-0.1739338882,-0.1653709569,-0.1564691894,-0.1636832495,-0.1561127748,-0.1595897421,-0.1526725542,-0.1499679614,-0.1512604986,-0.1522207384,-0.1530827902,-0.1510583155,-0.150208836,-0.150468728,-0.1529522327,-0.1545130341,-0.1546180459,-0.1550470219,-0.1549401597,-0.1580925864,-0.1598239502,-0.16119793,-0.1625518405,-0.1628979489,-0.1658034823,-0.1676638367,-0.1699744245,-0.1716576228,-0.1731624499,-0.1753236886,-0.1776898146,-0.1800607885,-0.182286934,-0.1844857085,-0.1867449905,-0.1893608169,-0.1918564567,-0.1946442017,-0.1973632517,-0.200335861,-0.2031321927,-0.2062186225,-0.2094617041,-0.2130203254,-0.2166471436,-0.2202603707,-0.2244808008,-0.228241115,-0.2328458169,-0.2377116907,-0.2424858499,-0.2483851028
1.3,0.4933045464,0.5129421853,0.5232452534,0.5340149136,0.548266497,0.5551084024,0.5653714061,0.5743042084,0.5802888113,0.5887495248,0.594230818,0.5992769896,0.6047881726,0.6075076932,0.6107311547,0.613062876,0.6139574127,0.6149281834,0.6144674495,0.6133573583,0.611938601,0.6089434134,0.6056658333,0.6016641923,0.5967168256,0.591265157,0.584889949,0.5778980754,0.5704592686,0.5618901815,0.552903714,0.5433526631,0.5331068444,0.5222599214,0.5107515954,0.4987377032,0.4863206645,0.4730384727,0.4593891351,0.4453156998,0.4307612837,0.4156691686,0.4001228813,0.3842181858,0.3680253873,0.3511852307,0.3340983736,0.3167399186,0.2991037714,0.281055248,0.2627472506,0.244247716,0.2256139998,0.2065356758,0.1873695759,0.1681024937,0.1487782042,0.1292146222,0.1096002668,0.08999597286,0.07046753231,0.05071437626,0.03110134484,0.01163554304,-0.007662375593,-0.0269020949,-0.04592092064,-0.06463313043,-0.08290786138,-0.1011477126,-0.1188582048,-0.1360514176,-0.1527864111,-0.1689945717,-0.1847320231,-0.1998893171,-0.2142034786,-0.2286799679,-0.2423478093,-0.2549518822,-0.2673053217,-0.2726020724,-0.2841590509,-0.2939426913,-0.283096921,-0.2551980427,-0.2483328493,-0.2573921878,-0.3008078922,-0.4002532322,-0.4554921386,-0.4909686103,-0.5050623539,-0.4867435522,-0.4716560256,-0.4568920916,-0.4313530864,-0.3965399026,-0.3665839936,-0.3249315533,-0.2818734821,-0.2480842903,-0.2557006465,-0.2510240549,-0.2348242363,-0.2269301771,-0.2103808607,-0.2264028029,-0.2166084179,-0.2179658935,-0.2113912215,-0.2044388288,-0.2143134519,-0.2085926256,-0.2142036523,-0.2089840445,-0.2080502875,-0.2112240083,-0.2139448235,-0.2165912803,-0.2161421369,-0.2167381201,-0.218519914,-0.2225920355,-0.2255483418,-0.2270513732,-0.2288316685,-0.2299523176,-0.2344145058,-0.2373138356,-0.239889721,-0.2424157833,-0.2437864395,-0.2478057268,-0.250615434,-0.253895165,-0.2565892665,-0.2590213117,-0.2620422301,-0.2651981205,-0.2682544881,-0.2713683418,-0.2743899478,-0.2773626992,-0.280543699,-0.2835379191,-0.2870404081,-0.2904457069,-0.2940917815,-0.2972420842,-0.3006760078,-0.3042826692,-0.308506991,-0.3127886882,-0.316614402,-0.3209150853,-0.3246802377,-0.3299779307,-0.3353972381,-0.3404013275,-0.3461837002
1.4,0.5080570342,0.5435680879,0.5699736089,0.5969107232,0.627215642,0.6502700591,0.6765591559,0.701443936,0.7233831553,0.7474228309,0.7684178049,0.7887622189,0.8092473664,0.8267402393,0.8443637351,0.8607928577,0.8755170194,0.8897776863,0.9022968929,0.913768633,0.9244782115,0.9331614773,0.9410797954,0.9478343885,0.9532163948,0.9574696163,0.9603536133,0.9621323269,0.9629466328,0.9620624834,0.9602352497,0.9573480734,0.9532767639,0.9479632685,0.9414993756,0.9340246261,0.925629069,0.9157811746,0.9050587392,0.8934249338,0.8808383353,0.8671127589,0.8524745911,0.8370149391,0.8207998901,0.8034124308,0.7853326047,0.7665593573,0.7471146877,0.726746358,0.7057466198,0.684181862,0.6621076002,0.6391851422,0.6158314061,0.5920613743,0.5679493848,0.5432260544,0.5182008507,0.4929370037,0.4675026072,0.4415956113,0.4156236316,0.3896233268,0.3636520995,0.337548576,0.3115669112,0.2857985468,0.2603881531,0.2349611241,0.2100392352,0.1856479003,0.1617659273,0.1384869564,0.1158185267,0.09391655536,0.07309480296,0.05254069806,0.03330601929,0.01584094853,0.0003003970544,-0.02597996617,-0.06942101116,-0.117850957,-0.1504610545,-0.1684438124,-0.2066221325,-0.2584577609,-0.3404634178,-0.4724518993,-0.5563782476,-0.6154808106,-0.6474041357,-0.6421278269,-0.6346779696,-0.6221884746,-0.5947324439,-0.5545827184,-0.5163807403,-0.4650598526,-0.4103369266,-0.377808649,-0.3875197169,-0.3836079757,-0.3681258843,-0.36154295,-0.3456076552,-0.3627100479,-0.3536500758,-0.3560157718,-0.3499309188,-0.3434834105,-0.3544086101,-0.3491784035,-0.355499478,-0.3506887525,-0.3502411458,-0.3540087322,-0.3572400988,-0.3604343358,-0.3603535632,-0.3612089429,-0.3633680706,-0.3679055951,-0.3711373192,-0.3728763938,-0.3748688981,-0.3761166167,-0.3808482065,-0.3839157659,-0.3866101834,-0.3891364395,-0.3903488759,-0.3945864371,-0.3974346622,-0.4006361312,-0.403166649,-0.405376524,-0.4082645488,-0.4112958747,-0.4141440785,-0.4169734379,-0.4195823925,-0.4221461142,-0.4249929795,-0.4275536397,-0.4306241694,-0.4334452323,-0.4364939426,-0.4389835036,-0.4417380051,-0.4445544798,-0.44808017,-0.4516410814,-0.4543995182,-0.4575538637,-0.4600678169,-0.4645107274,-0.4688776176,-0.4725125076,-0.4766585373
1.5,0.2576787649,0.3013984131,0.3365332989,0.3724522706,0.411772633,0.4442845792,0.4799761714,0.5143706275,0.5460204682,0.5795210877,0.6100909887,0.6399304183,0.6696966025,0.6964280751,0.7230047801,0.7481845088,0.7714959176,0.7938615807,0.8142583125,0.8332672881,0.851091314,0.8665012806,0.8806776557,0.8932689655,0.9040902029,0.9131393191,0.9203864971,0.9260326355,0.9301734702,0.9320441849,0.9324113718,0.9311981308,0.9282983554,0.923457873,0.9169601683,0.9089117741,0.8993816118,0.8877920729,0.8747740416,0.8603292686,0.8444409568,0.8267691553,0.8077128714,0.787350776,0.7657460914,0.7424396513,0.717983523,0.6924117655,0.665771523,0.6377149514,0.6086650931,0.5786952803,0.5478718758,0.5158265598,0.4830503612,0.4495869533,0.4155384991,0.3805891799,0.3451373994,0.3092614901,0.2730522451,0.2361944661,0.1991577554,0.162002382,0.1248009747,0.08740955071,0.05011691507,0.01304148101,-0.02364079063,-0.06028878351,-0.0963324905,-0.1317220928,-0.1664518258,-0.2003233404,-0.2333246723,-0.2652208085,-0.2956043582,-0.3250399482,-0.3523167581,-0.3767059993,-0.396595319,-0.4495041702,-0.5308721593,-0.6222737157,-0.6995260978,-0.7592952136,-0.8343630984,-0.9161789606,-1.018274993,-1.158156932,-1.241864098,-1.291354737,-1.303167114,-1.270681001,-1.227797122,-1.171993595,-1.095035245,-1.000729011,-0.9043847059,-0.7914490974,-0.6659303924,-0.6228796032,-0.6256180683,-0.614623359,-0.5934988578,-0.5825564957,-0.5618311961,-0.5744491766,-0.5612369971,-0.5602183711,-0.5504685851,-0.5405711221,-0.5485881934,-0.5402378376,-0.5437629409,-0.5362414541,-0.533255992,-0.5346254851,-0.5355051159,-0.536576533,-0.5343965629,-0.5330926418,-0.5333138091,-0.5360634397,-0.5373570432,-0.5373381163,-0.5376053916,-0.5370918415,-0.5402095668,-0.5416295204,-0.5427340679,-0.5436198435,-0.5430638154,-0.5459381222,-0.5472604014,-0.5488765456,-0.5497991951,-0.5503515577,-0.5517194896,-0.5532649344,-0.5545269909,-0.5557366044,-0.5566200578,-0.5574802844,-0.5587382749,-0.5596250304,-0.5609927757,-0.5619245862,-0.5630665369,-0.5637243655,-0.5646306985,-0.5654164612,-0.5668681246,-0.5683235155,-0.568771709,-0.5696130212,-0.5696548504,-0.5716789423,-0.5734376404,-0.5742070347,-0.5753858858
1.6,-0.284752887,-0.2401414587,-0.203199053,-0.1648070441,-0.1225470515,-0.08619140925,-0.04627046697,-0.007109945793,0.02991358835,0.06904503341,0.1057583502,0.1420651608,0.1784964098,0.2122701427,0.2459920537,0.2784704184,0.3092437134,0.3389947946,0.3668435125,0.3932556067,0.4183517843,0.4409288759,0.4620547631,0.4813958654,0.498757249,0.5139462406,0.527051985,0.5382078824,0.5474607427,0.5539942065,0.5585713768,0.561127399,0.5615457032,0.5594124764,0.5551351248,0.5487885243,0.5404207905,0.5293713431,0.5163388353,0.5013370206,0.4843486378,0.4649165907,0.4435576406,0.4203471337,0.3953518516,0.368031818,0.3390395736,0.3084239004,0.2762448416,0.2420807519,0.2064590796,0.169467229,0.1311930763,0.09120986008,0.05011017205,0.007955023892,-0.03513150655,-0.07949151408,-0.1246558305,-0.1705197128,-0.2169648575,-0.2643291146,-0.3120663675,-0.3600973088,-0.4083278769,-0.4568836963,-0.505439196,-0.55384491,-0.6018935175,-0.6499203578,-0.6973072237,-0.74397245,-0.7898745367,-0.8347079232,-0.8784379357,-0.9207357882,-0.9610865457,-0.9997416138,-1.035293466,-1.066630381,-1.090463991,-1.166332235,-1.284964309,-1.421486917,-1.546683111,-1.650751352,-1.765066346,-1.876839271,-1.995677545,-2.135800461,-2.207333181,-2.230688338,-2.202280187,-2.119348567,-2.014045428,-1.885479583,-1.72766015,-1.545809598,-1.356241444,-1.145167556,-0.9077443528,-0.8442988757,-0.833126923,-0.8089903063,-0.7773697513,-0.7579451066,-0.7285229864,-0.7324856507,-0.7116580773,-0.7041301303,-0.6878029065,-0.6717209427,-0.6740234395,-0.6601239679,-0.6584502882,-0.6461839278,-0.6386868028,-0.6357208051,-0.6324146629,-0.6296871272,-0.6239178886,-0.6190187335,-0.6159438744,-0.6155884728,-0.6136686485,-0.6108026831,-0.6083049165,-0.6050323307,-0.6055377462,-0.6043834888,-0.6030439907,-0.6014698262,-0.5983508207,-0.599147033,-0.5982385813,-0.5975691805,-0.5962162467,-0.5944756078,-0.5937460207,-0.5932606245,-0.5924058837,-0.5914330442,-0.5900204992,-0.5886682965,-0.5879415978,-0.5867640192,-0.5859463094,-0.5844678854,-0.5832015277,-0.5817349618,-0.5805253704,-0.5789406634,-0.5777868305,-0.57662288,-0.5744697606,-0.5728500654,-0.570236876,-0.5692382215,-0.5678350178,-0.5653136773,-0.5633792855
1.7,-1.333796749,-1.303953,-1.280497175,-1.254069042,-1.22216211,-1.194586061,-1.161800358,-1.128220911,-1.095274194,-1.058410273,-1.022484227,-0.9854510103,-0.9467711321,-0.9091674181,-0.8701565945,-0.8310089106,-0.7922582905,-0.7530168107,-0.7144634981,-0.6761477515,-0.6379732515,-0.6011052398,-0.5646223118,-0.5289331756,-0.4943071518,-0.4608192376,-0.4286140207,-0.3975912409,-0.3677447128,-0.339883059,-0.3133671056,-0.2883205666,-0.2649278611,-0.2435604832,-0.2239633995,-0.2060991156,-0.1899589353,-0.1762321205,-0.1642934268,-0.1541769008,-0.1459482246,-0.1400854178,-0.1361443878,-0.13408172,-0.1338637724,-0.1360908863,-0.1401297733,-0.1459655077,-0.1535682467,-0.1634275734,-0.1750205015,-0.1882845992,-0.2031593837,-0.220152627,-0.2386472973,-0.2586055675,-0.2799225762,-0.3030365236,-0.3274345505,-0.3530313814,-0.3797279773,-0.4079681246,-0.4371421748,-0.4671892666,-0.498027102,-0.5299012462,-0.5624092681,-0.5954181017,-0.6287369909,-0.6628227381,-0.696968108,-0.7310988835,-0.7651831367,-0.7990386104,-0.8325161174,-0.8652909184,-0.8968032334,-0.9274531943,-0.9556124351,-0.9800647203,-0.9980365738,-1.039239734,-1.135393479,-1.26763297,-1.406908987,-1.540171994,-1.694799376,-1.852733379,-2.01762228,-2.196848191,-2.304082576,-2.355177111,-2.344913848,-2.27071327,-2.162959821,-2.020810442,-1.84106111,-1.62886306,-1.400273174,-1.14578007,-0.8579713185,-0.7861520243,-0.769588898,-0.7396846332,-0.7041532565,-0.6821444626,-0.6499370251,-0.6502288984,-0.6271071342,-0.6175234306,-0.5988933807,-0.5808213978,-0.5812199849,-0.5657140987,-0.5621588465,-0.548451667,-0.5395469429,-0.5352254745,-0.530604643,-0.5268035695,-0.5199193268,-0.5137703869,-0.5097350768,-0.5085473165,-0.5055794568,-0.5017568791,-0.4983519997,-0.4941486396,-0.4938360675,-0.4919094511,-0.4897258425,-0.4870964203,-0.4827678221,-0.4830960622,-0.4815147636,-0.479903079,-0.4774184072,-0.474545858,-0.4730013892,-0.4718258782,-0.4702181217,-0.4680779797,-0.4653029818,-0.4627956619,-0.4613883496,-0.459434319,-0.4574613741,-0.45449258,-0.4517684455,-0.4494390719,-0.4474159274,-0.4446701589,-0.4418694314,-0.439104412,-0.4355983284,-0.4329416216,-0.429114776,-0.4261806342,-0.4227956144,-0.4183106607,-0.4148672662
1.8,-2.363363693,-2.369358468,-2.381407079,-2.388892984,-2.388686427,-2.391879176,-2.387430794,-2.380350998,-2.372325336,-2.357520192,-2.34193654,-2.323057894,-2.300087354,-2.276087583,-2.248165229,-2.217861934,-2.185857413,-2.150512675,-2.113746575,-2.074924464,-2.03385298,-1.991702459,-1.947576174,-1.902035319,-1.855456249,-1.807410932,-1.758611487,-1.708897915,-1.658243863,-1.607359507,-1.555794401,-1.503778338,-1.451588327,-1.399260476,-1.346985616,-1.294729323,-1.24250965,-1.190912256,-1.13954342,-1.088524306,-1.038002563,-0.9882714949,-0.9392165965,-0.8908361468,-0.8431521592,-0.7967195667,-0.751107043,-0.7063845147,-0.6626024829,-0.6202062298,-0.5788938865,-0.5386683334,-0.4995380037,-0.4620825357,-0.425800216,-0.3907470033,-0.3569074224,-0.3248185263,-0.2940770211,-0.2646793373,-0.2366045088,-0.2105243262,-0.1858196733,-0.1625396067,-0.140718532,-0.1208331451,-0.1024898639,-0.08564485175,-0.07019276868,-0.05701404079,-0.04523865326,-0.03493344657,-0.02622962018,-0.01934050037,-0.01405094613,-0.01019377183,-0.007294042413,-0.006784768102,-0.006793027882,-0.006660129458,-0.0074139438,0.07273546823,0.09764931965,0.0633661336,-0.01192479144,-0.1208568952,-0.2834268969,-0.4785471127,-0.7024319464,-0.9529130544,-1.146007349,-1.289414952,-1.373127048,-1.38898467,-1.365010935,-1.298093616,-1.187443636,-1.036971152,-0.8606970125,-0.6577288562,-0.4292949675,-0.3832811482,-0.3831718075,-0.3663280748,-0.3437614734,-0.3336048879,-0.3125479191,-0.3213185302,-0.3079877299,-0.3070033844,-0.2960366079,-0.2855504742,-0.2928786689,-0.2843663978,-0.2864792003,-0.2786822478,-0.2752322444,-0.2759110774,-0.2759953845,-0.2768286416,-0.2740600456,-0.2714868518,-0.2711290824,-0.2735103812,-0.2736159507,-0.2725897603,-0.2718703101,-0.270152142,-0.272208095,-0.2725797173,-0.2724235804,-0.2714009418,-0.2684095613,-0.2707560489,-0.2708865333,-0.2705521532,-0.2690149797,-0.2670226655,-0.2666327941,-0.2666896442,-0.2662055875,-0.2645997574,-0.2620996243,-0.2600741656,-0.2596643767,-0.2585887944,-0.2569785213,-0.2539685894,-0.2512341897,-0.2496046075,-0.2483570255,-0.2459904218,-0.2429010387,-0.2399257223,-0.2366314184,-0.2346512035,-0.2312967581,-0.2278099222,-0.2239645241,-0.2191589231,-0.2161042064
1.9,-2.379454375,-2.413378428,-2.454386537,-2.490289457,-2.517270232,-2.548396134,-2.570565812,-2.589635795,-2.607661677,-2.617532498,-2.626462081,-2.631362371,-2.631154679,-2.629626085,-2.623092433,-2.613415831,-2.601426044,-2.584902248,-2.566281333,-2.544679285,-2.519751751,-2.492919106,-2.462961226,-2.430553491,-2.396134411,-2.358892056,-2.319841566,-2.278681365,-2.235280733,-2.190378596,-2.143413305,-2.094652237,-2.044405626,-1.992361516,-1.938982244,-1.884138583,-1.8277713,-1.770379422,-1.711593637,-1.651562033,-1.590457117,-1.52823859,-1.465092883,-1.400964278,-1.335831221,-1.270124558,-1.203537334,-1.13618457,-1.068160657,-0.9996316919,-0.9306235815,-0.8611337521,-0.7911758085,-0.721247718,-0.651026083,-0.5806503465,-0.5101816232,-0.4400043209,-0.3700308195,-0.3003083519,-0.2308728463,-0.1624585532,-0.09460040318,-0.02747939949,0.03873211391,0.1035228547,0.1670367133,0.2292082391,0.2900373868,0.348316354,0.4048818008,0.4594627229,0.5116787096,0.5610182115,0.6074797964,0.6509833487,0.6918219708,0.7272831737,0.7592152465,0.7872977894,0.8052774527,1.031089921,1.205006536,1.295559159,1.306010766,1.234513496,1.06937296,0.8351726553,0.5449917233,0.2123319519,-0.07825273072,-0.32418695,-0.509946552,-0.6200283911,-0.679204011,-0.6836426318,-0.6352285596,-0.5380143003,-0.404800557,-0.2446219558,-0.06489602302,-0.03780311432,-0.05126539422,-0.04421012521,-0.03142411149,-0.03094443435,-0.01886069563,-0.03344043903,-0.02824329754,-0.03389954926,-0.02880283007,-0.02437851918,-0.03706782547,-0.03440200846,-0.04076437404,-0.037918012,-0.03893310982,-0.04371715631,-0.04767769662,-0.05250030163,-0.05332108157,-0.05374963125,-0.05664978157,-0.0622252575,-0.06503649036,-0.06661186296,-0.06845065038,-0.06912845328,-0.07338996864,-0.07600997213,-0.07794738764,-0.07861486838,-0.07708401356,-0.08159561236,-0.08360591306,-0.08472400072,-0.08441193156,-0.08363575773,-0.08470975951,-0.0863076709,-0.087301412,-0.0866561201,-0.08483214777,-0.08372462213,-0.08479496999,-0.0850944045,-0.08431896574,-0.08177113071,-0.07955969828,-0.0792039638,-0.07935604098,-0.0780119601,-0.0751443365,-0.07249912573,-0.07011373066,-0.06965512113,-0.06755220835,-0.06401363588,-0.06035572475,-0.05596457022,-0.0542613634
2,-1.275666971,-1.339541206,-1.408166379,-1.46927738,-1.519295481,-1.570813064,-1.611401361,-1.646914016,-1.679368999,-1.702084097,-1.722221555,-1.73703571,-1.745786093,-1.75205625,-1.752787984,-1.749889884,-1.744266843,-1.734290551,-1.722216846,-1.707459023,-1.689927207,-1.671137592,-1.6500866,-1.627462846,-1.603744607,-1.578674413,-1.552903351,-1.526269165,-1.498736875,-1.471229988,-1.443045444,-1.414369532,-1.385466488,-1.356388678,-1.327137985,-1.29756735,-1.267565828,-1.23772028,-1.207363173,-1.176493557,-1.145158173,-1.113407588,-1.081052281,-1.047919365,-1.01385908,-0.9792032644,-0.9434191152,-0.9064655288,-0.8682856808,-0.8288997072,-0.7881749147,-0.7459879972,-0.7022325542,-0.6571483583,-0.6104090031,-0.56204929,-0.5120321595,-0.4604619578,-0.4073611519,-0.3527197972,-0.2965261696,-0.2392195847,-0.1805556936,-0.1207049029,-0.05983708276,0.001793590352,0.06402585781,0.1267536781,0.1899227623,0.2524967675,0.3149703018,0.3769698151,0.4379911909,0.4975530721,0.5552670865,0.6108348393,0.6643359108,0.7125765152,0.7568876525,0.7962280418,0.8211018406,1.142673955,1.436339689,1.652029666,1.776637547,1.793391641,1.686393555,1.475954034,1.178310351,0.814770625,0.4699369286,0.1585374787,-0.09702205541,-0.2695369539,-0.3793553474,-0.4206072839,-0.3980293846,-0.3151846228,-0.1834672722,-0.02261458412,0.1598214601,0.1910811296,0.1792005142,0.1900953299,0.2049086892,0.2055327106,0.2177520615,0.2065748871,0.2112269603,0.2061342701,0.2119754793,0.2163888793,0.2043403088,0.2062235014,0.2006645779,0.202801133,0.2013141745,0.1962656918,0.191946091,0.1862269241,0.1845366922,0.1836153317,0.1797471083,0.1731068013,0.1695858927,0.1669951243,0.1639550244,0.1621243433,0.156954139,0.1531027034,0.149859385,0.148242008,0.1489543767,0.142710411,0.1391823712,0.1369996248,0.1363011616,0.1359159116,0.1334139071,0.130261648,0.1276467335,0.1270976324,0.1280675033,0.1279656677,0.1249612776,0.1227979646,0.1222493584,0.1237732554,0.1248285103,0.1231932404,0.1208332031,0.12025132,0.1220317434,0.1233970663,0.1237878495,0.1214652042,0.1210758443,0.1234259623,0.1254610534,0.1279202323,0.1265645832
2.1,0.6041436334,0.4523877094,0.2957046001,0.1464997375,0.008625135316,-0.1278767108,-0.2515261555,-0.3668399984,-0.4748303744,-0.5690225977,-0.6554129393,-0.731476661,-0.7965779924,-0.8525595025,-0.8978382943,-0.9339347638,-0.9615648338,-0.9792145297,-0.9893224683,-0.9918055189,-0.9870117273,-0.9756578017,-0.9581978234,-0.9354346983,-0.9080556534,-0.8762312222,-0.8410293978,-0.8028512399,-0.7621829695,-0.7198776411,-0.6761773866,-0.6314928102,-0.5863541397,-0.5415865249,-0.4972057232,-0.4535015631,-0.4107616421,-0.3699296284,-0.3305841444,-0.2928356156,-0.2568460959,-0.2235596063,-0.1922628126,-0.1629914909,-0.1357584545,-0.1113190834,-0.08882228031,-0.06813852729,-0.04911792072,-0.0324690193,-0.017238025,-0.003271730419,0.009603320425,0.02094262989,0.03161787049,0.04182990332,0.05186136345,0.06132069751,0.07093283916,0.08087865899,0.09135817611,0.1020648886,0.1136389923,0.1261807423,0.1397903146,0.1543281606,0.1700272313,0.186959444,0.2052301063,0.2242646416,0.2445423447,0.265900938,0.2880812313,0.3108744456,0.3339621255,0.3571343193,0.3804360619,0.4016291084,0.4215581047,0.439558987,0.4492395075,0.7747062623,1.114792714,1.42510152,1.682217283,1.853015942,1.904709102,1.841646489,1.670455602,1.408314479,1.129340089,0.8535614278,0.6062172697,0.4306599773,0.3087411567,0.2509082763,0.2514250972,0.3094517762,0.4200439042,0.5521218396,0.6938947489,0.7051856904,0.6823898935,0.6858468262,0.6905545314,0.6813215115,0.6840157808,0.6687220667,0.6646432259,0.6519878892,0.6508468238,0.6477760338,0.630024963,0.6244427819,0.6135810082,0.6084052723,0.6001505346,0.5895153732,0.5796408751,0.5677077676,0.5597475731,0.5531956765,0.5436043322,0.5314386579,0.5229700489,0.5147901544,0.5060002994,0.4987393641,0.4889374147,0.48009868,0.4715805489,0.4651066844,0.461178624,0.4497183252,0.4412747952,0.4347057624,0.4294499845,0.4243713711,0.4172165228,0.4094576684,0.4021754604,0.3971155467,0.3940571941,0.3896643739,0.3817806945,0.3748632858,0.3699814645,0.367379853,0.3641948776,0.3577198594,0.3502805143,0.3447633471,0.3423586143,0.3393319453,0.3346390835,0.3263637712,0.3203903033,0.3182418043,0.3151426037,0.3121444534,0.3040942699
2.2,2.787736132,2.624585646,2.443275079,2.257679087,2.072960238,1.878715981,1.689479769,1.501750366,1.315642946,1.138913067,0.9670013921,0.8037874486,0.6511061592,0.507939473,0.3771819652,0.2580098602,0.1503705675,0.05701562758,-0.02447812386,-0.09354929109,-0.1502086031,-0.1944200035,-0.2270057675,-0.2487724997,-0.2604540729,-0.2616509441,-0.2542923242,-0.2389863489,-0.2164894268,-0.1874637275,-0.1530665159,-0.1140730326,-0.07140519227,-0.02604088304,0.02123305635,0.06969338188,0.1186143852,0.1666805311,0.2137469822,0.259326773,0.3028889696,0.3428383671,0.3797352225,0.413211951,0.4429504987,0.4675395781,0.4879337015,0.5040915864,0.5160210534,0.5222985786,0.5243433023,0.5222458581,0.5161540438,0.5051059992,0.4905742831,0.4728601513,0.4523832987,0.4283864398,0.4023140441,0.3745377441,0.3454713209,0.3147389014,0.2836128916,0.2524634844,0.2216802001,0.1912577483,0.1619336579,0.1340563011,0.1079805978,0.08355524992,0.06145341639,0.04177556357,0.02456147586,0.009986567663,-0.002152198911,-0.01189605461,-0.01914844044,-0.02516272225,-0.02947684999,-0.03231751805,-0.03698760046,0.2849333593,0.6524325052,1.027227522,1.377898956,1.658658038,1.821645259,1.859732101,1.774219058,1.581892558,1.348707874,1.101003374,0.8674247701,0.7066531677,0.6009882774,0.5625586389,0.5828215722,0.6610033462,0.7978041063,0.9498641461,1.104001475,1.102458433,1.075034105,1.07628835,1.073952608,1.057367855,1.05305574,1.03726126,1.026683773,1.007823515,1.000704621,0.9909838121,0.9690569747,0.9567045421,0.9411325448,0.9282331914,0.9127753626,0.8967669201,0.8813937728,0.8628077713,0.8475156034,0.8342971184,0.8182206385,0.7999547778,0.7859714187,0.7707831646,0.754735971,0.7407387042,0.7256144897,0.7109582947,0.695823199,0.6829913155,0.6729218586,0.6553808956,0.6411894462,0.6292958813,0.6180672023,0.6068789908,0.5941624729,0.5811627358,0.5685900999,0.5578115591,0.5496471607,0.5401078806,0.5268764073,0.514823131,0.5049529776,0.4974122565,0.4892348023,0.4777550311,0.4651038554,0.4543545074,0.4473297552,0.4395603392,0.429651226,0.4153518081,0.4039146099,0.3972055748,0.3887973661,0.3803156453,0.3656414222
2.3,4.516221339,4.480022526,4.410736586,4.32186442,4.218206878,4.086634375,3.943928763,3.786521453,3.614729235,3.435613699,3.24673287,3.053104548,2.857744363,2.659147392,2.463328851,2.270626298,2.082245848,1.90171301,1.72869662,1.565108312,1.412154715,1.270644546,1.14131569,1.024216365,0.9194113501,0.8282614449,0.7493229959,0.6824920698,0.6273935053,0.5841469918,0.5513881417,0.5284642823,0.5144956318,0.5090378627,0.5106633583,0.5184957478,0.5316122811,0.5489910401,0.5696467349,0.59280611,0.6176088146,0.6424703375,0.6671634701,0.6909560538,0.7131706843,0.732153375,0.7482832053,0.7611659242,0.7704604608,0.7743570621,0.7739370536,0.7690156265,0.7594941749,0.7438942904,0.7237065758,0.6990454806,0.6701836172,0.6359383873,0.5979539078,0.556576794,0.5122211017,0.4641558209,0.4140930367,0.3624700877,0.3097933877,0.2559274387,0.2020616048,0.148728611,0.09645043414,0.0452050373,-0.003982887359,-0.05078079684,-0.09486465329,-0.1358947836,-0.1737192744,-0.2081791859,-0.2390730625,-0.266881902,-0.2912503534,-0.3119777181,-0.3298515181,-0.04355575824,0.3206811572,0.7346350532,1.161561455,1.543429382,1.815191567,1.954524996,1.952467515,1.821502276,1.616038553,1.370053908,1.116569625,0.9344020423,0.8110522229,0.7634313089,0.7811903998,0.865457868,1.023101738,1.1957694,1.368774451,1.363572238,1.337661776,1.341580268,1.335280071,1.313415927,1.304034957,1.290665119,1.275055572,1.250858096,1.238156164,1.222114039,1.197261632,1.178520997,1.158657833,1.137590505,1.114556847,1.093629307,1.07314083,1.047911278,1.024738489,1.004365636,0.9817889636,0.9577267879,0.9385721736,0.9159232127,0.8921298894,0.8712064597,0.8513323691,0.831318702,0.8095573108,0.7902600272,0.7739834437,0.7510274991,0.7318249308,0.7153175083,0.6983628369,0.6813099087,0.6638923658,0.6468484493,0.630180082,0.6143108877,0.6018616358,0.5882441793,0.5711726747,0.5556059625,0.5421012668,0.5308103995,0.518880569,0.5043922094,0.4885573595,0.4744129122,0.4644349444,0.4536516074,0.4406435219,0.4225773701,0.4080963022,0.3989580593,0.3872737364,0.3755891805,0.3568928826
2.4,5.055297307,5.188626804,5.287506891,5.362792062,5.416973417,5.436205121,5.434503652,5.407674123,5.355196486,5.280294967,5.182109414,5.064408677,4.929374987,4.774440099,4.606323062,4.425969944,4.235295027,4.036038463,3.831171173,3.623260691,3.414340364,3.205851198,3.000550685,2.80006715,2.606025967,2.419784656,2.24270164,2.075624719,1.919079736,1.774710298,1.641848696,1.520941793,1.412065347,1.315193184,1.229814172,1.155263464,1.090769438,1.036622115,0.9910154327,0.9534661259,0.9232869733,0.8990493607,0.8801990899,0.8656580758,0.854398491,0.8454362797,0.8378936725,0.8312166154,0.8248498514,0.8166927019,0.8073064196,0.7960058674,0.7822285768,0.7645223117,0.7435267332,0.7191094558,0.6912917579,0.658303663,0.621672136,0.5813954138,0.5375862757,0.4892494148,0.4379260559,0.3839790457,0.3278703408,0.2689707008,0.2088338778,0.1479392574,0.0867814562,0.02530853717,-0.03523423889,-0.09433473437,-0.1514382658,-0.2063292059,-0.2583063945,-0.3070505715,-0.3522246528,-0.3936778925,-0.4309002091,-0.4630989093,-0.4886939752,-0.209882859,0.1859819109,0.6763311141,1.216284208,1.732749736,2.142423147,2.405750901,2.501337436,2.436962432,2.249767958,1.983313236,1.676147564,1.427268364,1.235694783,1.127340128,1.091256849,1.131947552,1.265528155,1.41586213,1.56457074,1.554481223,1.527044088,1.530435067,1.516312284,1.485102914,1.467368915,1.454730479,1.431548707,1.399391671,1.37838577,1.353712455,1.32501604,1.298497286,1.273164528,1.242146011,1.210097583,1.183995391,1.158295066,1.126090921,1.094226776,1.066136925,1.037186417,1.007938847,0.9843857429,0.9542209056,0.9226741512,0.8952333518,0.8719224504,0.8478181599,0.8201778824,0.7950673118,0.7733068147,0.7465335674,0.7239939326,0.7044957855,0.6828951433,0.6610597393,0.6407186942,0.6217750364,0.6031502767,0.583611996,0.568471253,0.5526515816,0.5341595565,0.5175764596,0.5025398116,0.489379853,0.4755872642,0.4609350534,0.4447680339,0.4298138822,0.4191537092,0.407632141,0.3943977053,0.3756695514,0.361347175,0.3524700725,0.3400884709,0.3281358915,0.308964329
2.5,4.110660679,4.348287839,4.559965215,4.755447348,4.936110537,5.088437351,5.223667115,5.336649573,5.425603492,5.492390689,5.534479248,5.55409352,5.552017749,5.524002987,5.475534092,5.406447694,5.317627933,5.208851784,5.083221093,4.94271679,4.788936834,4.621994548,4.445702632,4.261940901,4.072812347,3.878631533,3.68301453,3.487472882,3.293221324,3.102214713,2.915508099,2.734709309,2.56108947,2.394547374,2.236782921,2.087861389,1.947663233,1.817664203,1.696587488,1.584840777,1.482549099,1.388456054,1.302926442,1.225034445,1.153848632,1.089584227,1.030651816,0.9768328239,0.9278346895,0.881576526,0.8385749016,0.7978615668,0.7585803546,0.7200483039,0.681769537,0.6435837054,0.6054499554,0.5652812146,0.5243281345,0.4821483291,0.4384455254,0.3924516844,0.3448451392,0.2958525232,0.2457884796,0.1934727399,0.1404373392,0.08681746317,0.03280257553,-0.02171307268,-0.07582044263,-0.1290378302,-0.1808282721,-0.2315030032,-0.2800184344,-0.3261962752,-0.3697974403,-0.4106344998,-0.4481023827,-0.4810641467,-0.5069729421,-0.2111898914,0.2264790557,0.7880785573,1.425664485,2.057784087,2.591646947,2.974423948,3.173356068,3.189601532,3.032841362,2.751661793,2.385192794,2.04606158,1.75129381,1.540910706,1.407042931,1.361251318,1.433517058,1.529092264,1.626187,1.61351164,1.583689837,1.585553017,1.562054808,1.519683044,1.492839764,1.481613672,1.450913644,1.410607381,1.381001341,1.347807941,1.316636955,1.283258754,1.253361538,1.21262528,1.172015666,1.142282361,1.112966796,1.075002288,1.035021267,0.9998949433,0.9658741667,0.9331259555,0.9069030726,0.869886913,0.8312032052,0.7981948959,0.773234641,0.7466915664,0.7141124899,0.6838405938,0.6571983873,0.6282290987,0.6039308087,0.5827565378,0.5570988451,0.5310004496,0.5089948303,0.4897638075,0.4707432426,0.4481229969,0.4309210769,0.4138490059,0.3955821697,0.3796203196,0.3641423724,0.3498912598,0.3349683505,0.3220631328,0.3074462203,0.2932525444,0.2830921957,0.272002839,0.2604435166,0.2432577552,0.2313999847,0.2246006908,0.2132288072,0.2031593048,0.1864643872
2.6,2.331930229,2.620439189,2.889089132,3.149636742,3.404408954,3.637783328,3.862575516,4.071987737,4.262834746,4.439808301,4.596122877,4.734219765,4.85482414,4.951107845,5.028926179,5.08615788,5.121852456,5.136564185,5.13016626,5.104362145,5.060376375,4.9951328,4.913628237,4.816329615,4.704215216,4.57754508,4.439096688,4.290800551,4.134280903,3.96938666,3.799660368,3.626655957,3.451828167,3.275572375,3.100492667,2.927770457,2.75833441,2.593171477,2.433298628,2.279692199,2.133092186,1.993273614,1.86124432,1.736964389,1.620279115,1.511664559,1.410439099,1.316644593,1.230214433,1.149981299,1.076080219,1.007804237,0.9444788694,0.8855191174,0.8302789119,0.7783697832,0.7295152706,0.6819516012,0.6360882997,0.5913108569,0.5471160042,0.5022815052,0.457200155,0.4116594308,0.3655637767,0.3174633077,0.268390064,0.218252212,0.166997856,0.1137943296,0.05970760959,0.004948698735,-0.05012007037,-0.1062824484,-0.1622538367,-0.2178325664,-0.2728002438,-0.3270454575,-0.3793272493,-0.4278929107,-0.4668501962,-0.27986145,0.03579539854,0.4987317117,1.083559843,1.718225602,2.304987325,2.776681754,3.083685343,3.211019906,3.131888301,2.889229907,2.519840886,2.141400848,1.79358539,1.529689732,1.345287422,1.258697003,1.313721555,1.396490311,1.486804294,1.478243713,1.451898854,1.457197987,1.42752693,1.376962178,1.344717128,1.339577799,1.305502024,1.260122055,1.224824391,1.186355202,1.157117008,1.120834467,1.089968833,1.042456002,0.9962933611,0.9671576499,0.9384349731,0.8984774755,0.8534498142,0.8143150569,0.7789979667,0.7468923198,0.7221116786,0.6812565799,0.6383487886,0.6030228149,0.5804976825,0.5554412283,0.521093833,0.4884713113,0.4596502176,0.4323097593,0.409966915,0.3904925196,0.3633715218,0.335472444,0.3150298094,0.2990757121,0.2831031407,0.2597869106,0.2428914387,0.2272098601,0.2124953399,0.2004291123,0.1871764069,0.1740925587,0.1601559104,0.1522990511,0.1424328158,0.1318203732,0.1245357531,0.1161867368,0.109238798,0.09675423731,0.09057095059,0.08855688887,0.0807271589,0.07542850364,0.06478712969
2.7,0.9327031974,1.287053832,1.622550434,1.951459414,2.275702098,2.578866601,2.874041905,3.154104153,3.415853326,3.663981941,3.891703262,4.101517755,4.29417637,4.463046817,4.613888727,4.744563863,4.85401788,4.943137235,5.011205595,5.059761575,5.089854199,5.098031067,5.088863072,5.062256703,5.018585271,4.957872503,4.881941906,4.792314576,4.690233159,4.574301537,4.448211145,4.3129758,4.169562545,4.01781626,3.860365144,3.698474241,3.533261054,3.364556301,3.194817582,3.025162457,2.856495454,2.688709257,2.523673631,2.362083332,2.204593409,2.051174141,1.902996715,1.760533044,1.624089433,1.493454714,1.369108691,1.251127565,1.139631983,1.033853746,0.9343147159,0.8407070722,0.7527613001,0.6699813927,0.5919784282,0.5185566937,0.4496099436,0.3834917041,0.3209984072,0.2614955344,0.2044265708,0.1493061368,0.09573673985,0.04369742236,-0.006839792412,-0.05763528909,-0.1074174001,-0.1566481053,-0.2055917858,-0.2547128293,-0.3038596114,-0.3528893321,-0.4016819565,-0.4513454305,-0.5001486474,-0.5467372997,-0.5861590755,-0.4943202522,-0.2900490898,0.07149111175,0.5867497662,1.197586305,1.806251125,2.340325858,2.74151213,2.987276069,3.012695337,2.852484345,2.532563948,2.173112095,1.825444527,1.552260713,1.351550593,1.250488451,1.310447865,1.403442625,1.515708128,1.508026254,1.483762844,1.490664092,1.450796307,1.388544772,1.348696118,1.348443894,1.3098148,1.257015873,1.213776686,1.168375596,1.140871381,1.101331558,1.068843226,1.013626498,0.9611352816,0.933296349,0.9059933843,0.8646230168,0.8147911076,0.7718244788,0.7362806906,0.7062952599,0.6844542911,0.6406071908,0.5942318502,0.5576858824,0.5394046482,0.5175434105,0.4826437773,0.4486655694,0.4185457667,0.3945890478,0.3758254539,0.3594628867,0.3317362586,0.3027164358,0.2850751389,0.2738565634,0.2622139188,0.2387221695,0.2225984091,0.2088850104,0.1987304977,0.1914753517,0.1808797005,0.1690007181,0.1558532177,0.1537035944,0.1490834216,0.1421547689,0.1373948774,0.1312621893,0.1288227143,0.1209988597,0.1203952927,0.1224291535,0.117144822,0.1158155276,0.110871676
2.8,-0.8421170453,-0.4503082466,-0.06656909921,0.3197348328,0.708975153,1.084882144,1.45780417,1.819952955,2.167141371,2.502692559,2.819107565,3.117907732,3.399217834,3.655520663,3.892328624,4.10711008,4.298415869,4.467252215,4.612609798,4.736162618,4.839095345,4.918063489,4.977816936,5.018259228,5.039967468,5.043299154,5.029885828,5.001212809,4.958157879,4.900050868,4.829402723,4.747122685,4.654344951,4.549422865,4.435547466,4.313163832,4.182282531,4.043455707,3.897453707,3.745671586,3.589584042,3.426071762,3.259587483,3.090051695,2.917235966,2.742604748,2.566261054,2.389950989,2.215477273,2.039763367,1.867347294,1.697977975,1.531393366,1.369694386,1.212176645,1.06031508,0.9156909526,0.7757568815,0.6436933563,0.5188543071,0.4005990917,0.2908720848,0.1879463792,0.0925953523,0.00562233185,-0.07533653337,-0.1484964195,-0.2149489726,-0.2758622047,-0.3298368197,-0.3791741835,-0.4235829904,-0.4626815585,-0.4994803686,-0.5323580235,-0.5628055781,-0.5921708243,-0.6201054636,-0.6481705628,-0.6748806657,-0.6988576874,-0.5871982412,-0.3627818618,0.01628807934,0.5506056304,1.185914667,1.831309854,2.418545915,2.891829745,3.233576123,3.33847178,3.23600479,2.933514808,2.55956293,2.165126461,1.824468702,1.541529558,1.357936381,1.357758183,1.400040063,1.475194731,1.468140287,1.443353092,1.450196911,1.401237757,1.328635458,1.282516248,1.287849454,1.246151545,1.189196974,1.141250355,1.092168396,1.069393302,1.029701539,0.9994034431,0.940996915,0.8865909012,0.8638937726,0.8418115194,0.8031498024,0.7534408945,0.7112466925,0.6797571556,0.6558543918,0.6407194612,0.5986432752,0.5533209959,0.5197459866,0.5093872239,0.4942066708,0.4626746462,0.4313775079,0.4037398858,0.3863784467,0.3741387595,0.3639130991,0.3388987005,0.3118083308,0.29962406,0.2955057868,0.2903167315,0.2691428497,0.2560947086,0.2463439768,0.242416078,0.2414725742,0.2351532069,0.2260103324,0.2149005491,0.2195884189,0.2211701742,0.2187599507,0.2173841253,0.2141409145,0.2168463271,0.2141604483,0.2195660113,0.2259822583,0.2233792347,0.2262305753,0.227311119
2.9,-3.022532047,-2.73067958,-2.425784232,-2.100555056,-1.757092,-1.403572109,-1.038662094,-0.6680075764,-0.2952272426,0.07964647604,0.4502577667,0.815206864,1.172959686,1.517656877,1.850550594,2.168841742,2.469749518,2.753823419,3.018234192,3.263595496,3.490928432,3.69522013,3.881407116,4.048365158,4.1952267,4.324433796,4.43467692,4.527898046,4.605717396,4.664794792,4.709525323,4.739423895,4.754155055,4.75420599,4.739587364,4.711254483,4.669660151,4.611890963,4.54085098,4.456443482,4.358793023,4.245465842,4.119236353,3.980573623,3.829754679,3.665035878,3.489550527,3.304529347,3.111516289,2.90792808,2.698875336,2.485375069,2.268428997,2.048801566,1.829136221,1.611479528,1.398111139,1.188020483,0.9852123864,0.7904304745,0.6043428361,0.4291319143,0.2647675357,0.1124081217,-0.026832838,-0.1533855392,-0.2663871035,-0.3663884712,-0.4541170909,-0.5280203372,-0.5906102267,-0.6420942184,-0.6826962728,-0.7143316336,-0.7374799232,-0.7539488042,-0.7653752508,-0.7728109142,-0.7783864307,-0.7818650047,-0.7866182167,-0.5957110421,-0.3411494959,0.01974347805,0.5105843296,1.098913222,1.720714848,2.317834771,2.837183482,3.258230686,3.425905757,3.358958431,3.047559966,2.629608206,2.162294734,1.736967315,1.366498685,1.107167039,1.064152213,1.081467085,1.160350845,1.184565465,1.180593028,1.208120485,1.172037798,1.10941416,1.0768768,1.105812054,1.07928651,1.036880312,1.002358362,0.9671022547,0.965504436,0.9417503166,0.9294708566,0.8837736343,0.8427103399,0.8391784152,0.8358588173,0.8131272533,0.7769158935,0.7480565995,0.7324056795,0.7256401856,0.7277476547,0.6981962045,0.6641631374,0.6431611667,0.6494075515,0.6491571793,0.6291783599,0.6084966928,0.5908416005,0.5866439792,0.5870654213,0.5888395935,0.5722943465,0.5524825424,0.5504108886,0.5575547763,0.5626432304,0.5474431384,0.5407801535,0.5378227983,0.54236105,0.5496455556,0.5493033512,0.5442993466,0.5362701668,0.5482157307,0.5561444046,0.5581003773,0.559710567,0.5586379413,0.5653354209,0.5662138511,0.5759137343,0.5846206196,0.5822774595,0.5866885227,0.5908058012
3,-4.554869251,-4.424562023,-4.264429251,-4.070783315,-3.848751107,-3.593026759,-3.314387951,-3.013542707,-2.691172682,-2.353470945,-2.001221308,-1.639887573,-1.273156294,-0.9015469604,-0.5310399985,-0.1631241364,0.1986475741,0.553242018,0.8971946502,1.229236244,1.550373797,1.853943209,2.144841993,2.42099164,2.679214411,2.925707471,3.154507878,3.368500126,3.571377073,3.754608275,3.927169499,4.086191681,4.228232437,4.360283658,4.474815657,4.574683351,4.662571016,4.727726328,4.779015472,4.812630633,4.824754802,4.818597132,4.788995188,4.73831717,4.668821047,4.569255307,4.450343965,4.309825298,4.14596598,3.961100445,3.754968217,3.531583847,3.295036218,3.03801079,2.772702326,2.499439715,2.219136343,1.937241306,1.654309592,1.375196192,1.10450141,0.8394366025,0.5882955418,0.3511480659,0.1282206867,-0.07367612004,-0.2584647151,-0.4235721798,-0.5671889579,-0.6911178791,-0.7936238952,-0.8769102698,-0.9427333256,-0.9882399713,-1.019474171,-1.037162299,-1.042907867,-1.040737834,-1.032534103,-1.020875837,-1.014024259,-0.7355448612,-0.4262220677,-0.04278411549,0.4502796002,1.027165776,1.645041774,2.253958357,2.805597976,3.284318348,3.494718823,3.453541293,3.138294967,2.692083713,2.180450988,1.70663753,1.288746338,0.9951893772,0.9523237163,0.9903426679,1.128286667,1.207519923,1.24108433,1.303869409,1.293119298,1.251508687,1.243193957,1.304555117,1.301974351,1.281546835,1.267067501,1.251641676,1.276540703,1.273473918,1.283135486,1.253940655,1.229392102,1.247291626,1.264571215,1.25930328,1.238149923,1.223375613,1.2238696,1.234015702,1.252617785,1.23519852,1.211720815,1.202060195,1.222892756,1.235292282,1.22479486,1.212491351,1.202227007,1.207969075,1.217475175,1.227519765,1.215923853,1.199587509,1.20319955,1.216754548,1.227054588,1.213031444,1.20758797,1.205856308,1.212799641,1.221950716,1.22126698,1.213965482,1.20226385,1.214027912,1.220629456,1.219154307,1.215901556,1.208822008,1.210879178,1.206238663,1.210977042,1.212621684,1.200907656,1.196962752,1.193578084
3.1,-5.243105309,-5.276634851,-5.271027472,-5.226284508,-5.152780678,-5.025536069,-4.872005188,-4.684958385,-4.457778768,-4.210488883,-3.928931108,-3.625121241,-3.307848807,-2.962806358,-2.611406479,-2.249807735,-1.878778606,-1.508514142,-1.135084712,-0.7648205711,-0.3989585438,-0.03966561363,0.3118218723,0.6550390147,0.9856769865,1.309952513,1.620759269,1.920336102,2.214335702,2.489912067,2.760095714,3.020261521,3.263348294,3.504510383,3.727471655,3.93773389,4.14167904,4.318439703,4.485716499,4.634966218,4.757212981,4.865218723,4.942017903,4.993250498,5.024073424,5.011095596,4.974714584,4.907381876,4.803078809,4.670677875,4.501680337,4.303460413,4.08236309,3.822451822,3.5447884,3.247196641,2.929892868,2.602354828,2.26352467,1.921771537,1.583757206,1.245644423,0.9204368758,0.608741568,0.3127342995,0.04082549602,-0.2094270194,-0.4341871106,-0.631798255,-0.8002842664,-0.9403357532,-1.053282326,-1.139306753,-1.198060415,-1.233762063,-1.249050528,-1.248062688,-1.231154228,-1.206578144,-1.17689337,-1.153930636,-0.7898668358,-0.4057030152,0.02948531011,0.558500094,1.154306888,1.793909045,2.435918791,3.037425966,3.589393358,3.85880828,3.86074046,3.557733104,3.095054727,2.548672103,2.030100925,1.562939336,1.227662552,1.172966426,1.214708572,1.388424106,1.519460574,1.589657825,1.685466266,1.698295321,1.676601243,1.690036694,1.779581814,1.797510395,1.796108151,1.798134015,1.798612725,1.845150684,1.857885648,1.884839453,1.868454635,1.856505965,1.890521969,1.923028477,1.930584394,1.920963687,1.916415332,1.928629569,1.950888255,1.980939534,1.972601651,1.956757537,1.955039958,1.985993595,2.006773302,2.002831235,1.99645173,1.991091441,2.003142611,2.018061032,2.033154113,2.024514916,2.009749709,2.016094934,2.032601591,2.044740211,2.030051524,2.023818127,2.020813636,2.026750816,2.034313008,2.03056619,2.01864892,2.000866383,2.008545903,2.009895368,2.001369456,1.990073933,1.973687236,1.966985325,1.952161083,1.94721844,1.937450822,1.912019029,1.894984853,1.87831744
3.2,-5.283824034,-5.478560617,-5.635441532,-5.751682636,-5.839903043,-5.863706266,-5.858536916,-5.812850909,-5.711285506,-5.588123804,-5.412679831,-5.202629475,-4.976728494,-4.694708157,-4.404153787,-4.092114999,-3.747008627,-3.408931412,-3.045146041,-2.674570352,-2.313521663,-1.929488667,-1.560220191,-1.192937495,-0.8173088304,-0.4650478082,-0.1061875608,0.246119992,0.5822656119,0.92724705,1.256206671,1.5798802,1.905372127,2.212655154,2.52074283,2.820408213,3.105471293,3.38746318,3.651174038,3.900749466,4.136965629,4.345271521,4.53411125,4.696793958,4.829118668,4.928444549,4.991832615,5.019689987,5.010935867,4.955668961,4.861337246,4.72716948,4.554328037,4.336752707,4.084474655,3.800331076,3.487441085,3.146444432,2.786309512,2.413119631,2.033406676,1.648223037,1.269184939,0.9005366117,0.5467186583,0.2156529155,-0.09124568846,-0.3697457701,-0.617104022,-0.8294824788,-1.007685057,-1.152418946,-1.263974079,-1.34066551,-1.388239499,-1.409554676,-1.408624752,-1.386867609,-1.352775564,-1.309931265,-1.273843704,-0.8623219137,-0.4516242923,-0.01419352436,0.5118404167,1.110083112,1.779563911,2.485348242,3.181375301,3.854356807,4.228013924,4.309834499,4.045594507,3.580976794,3.007900204,2.448885769,1.937612997,1.56666275,1.507047744,1.559370122,1.771259331,1.945964566,2.050300092,2.17517801,2.208442057,2.205125517,2.237114208,2.350165606,2.385219575,2.399859837,2.415111596,2.428039718,2.491715815,2.516127702,2.556350837,2.549860391,2.547644182,2.593302121,2.636735845,2.653723609,2.653157644,2.656392908,2.677261216,2.708323505,2.746505087,2.745685696,2.736348956,2.74106979,2.77953686,2.806565311,2.808374708,2.807652829,2.807131657,2.82418349,2.843369538,2.862893288,2.857849659,2.845632284,2.854558697,2.873376471,2.887008292,2.8728372,2.86693506,2.86334055,2.867971179,2.873676931,2.867327146,2.851776802,2.828908325,2.831706151,2.827030116,2.811060235,2.791712048,2.76587463,2.7493446,2.722648074,2.706178991,2.683442051,2.642784202,2.61062253,2.577341566
3.3,-4.506064738,-4.841880076,-5.157401375,-5.436847675,-5.675572296,-5.869083551,-6.016530736,-6.117666176,-6.172590462,-6.172939524,-6.128420796,-6.040940088,-5.91071791,-5.740594171,-5.53586989,-5.301281151,-5.044994604,-4.761105463,-4.464739178,-4.157418372,-3.837402067,-3.520051904,-3.197081587,-2.874760692,-2.560835909,-2.242607849,-1.933710092,-1.62847777,-1.319368513,-1.020991103,-0.7158432739,-0.4083994973,-0.1037252708,0.2164674698,0.5365271858,0.8630539432,1.20178449,1.5384308,1.884607349,2.232260752,2.573819398,2.918027251,3.24821822,3.565507652,3.868782214,4.140996322,4.388618817,4.603195801,4.779177059,4.910140364,4.993653622,5.02928857,5.014176062,4.938442432,4.809862079,4.628856243,4.400584321,4.113521747,3.786670443,3.423611363,3.025777058,2.605129696,2.165669505,1.71885512,1.278673734,0.8379502229,0.4198402092,0.02526370263,-0.3469958008,-0.6736961226,-0.9692522263,-1.22546439,-1.434915119,-1.608727474,-1.737177238,-1.828963686,-1.892189806,-1.914190978,-1.917165287,-1.89935806,-1.872937942,-1.405280841,-0.9302663927,-0.4447957685,0.1031913775,0.6888070212,1.334992599,2.031944505,2.757669918,3.513919247,3.996023971,4.202058574,4.053065335,3.678653832,3.17380024,2.660564647,2.176691606,1.8226037,1.79201566,1.877018145,2.138668996,2.349543874,2.482377695,2.62913771,2.676179796,2.685692518,2.72934626,2.857658579,2.902993564,2.927242086,2.949312851,2.968321421,3.041682584,3.071121544,3.118158033,3.116322013,3.118839927,3.169810619,3.218177253,3.239680501,3.244245897,3.251690871,3.277220163,3.31306636,3.355544709,3.360346994,3.356246991,3.365992987,3.409806707,3.441586369,3.449190383,3.454860294,3.460274285,3.482747309,3.506937065,3.532290207,3.533751937,3.527533842,3.541729924,3.565296278,3.583329952,3.574417856,3.573595524,3.573983844,3.581271771,3.589196755,3.585211955,3.571686398,3.549501195,3.551688267,3.545319301,3.526725966,3.504605573,3.474471728,3.452453591,3.417659594,3.393177462,3.361312151,3.309281726,3.265225409,3.217210535
3.4,-2.699514641,-3.128175189,-3.563658585,-3.985006858,-4.378434305,-4.75010138,-5.080503142,-5.37004506,-5.623732962,-5.809990552,-5.954812507,-6.050583316,-6.0851758,-6.082528257,-6.024102942,-5.923662564,-5.800081524,-5.619916533,-5.427140654,-5.213403653,-4.968433101,-4.733475068,-4.477521821,-4.219064912,-3.974767842,-3.712841513,-3.468477546,-3.227255118,-2.97672362,-2.746250676,-2.501950543,-2.25385045,-2.007989359,-1.734403794,-1.455959425,-1.159454432,-0.8356244903,-0.5000594713,-0.1355807262,0.2484214863,0.643978957,1.066993331,1.493837129,1.926643538,2.36527917,2.788710519,3.20393979,3.598526901,3.960962879,4.291223317,4.573961894,4.808427312,4.993735935,5.103254945,5.153857161,5.138135978,5.051314568,4.8916931,4.662430253,4.37138847,4.026095031,3.616510552,3.16843674,2.687513993,2.183217272,1.664552326,1.145227955,0.6366355088,0.1461383876,-0.3124158608,-0.7357281659,-1.117609387,-1.450293831,-1.733265592,-1.963138696,-2.143640289,-2.280757562,-2.362736884,-2.409814181,-2.421889707,-2.410892044,-1.863461629,-1.296766748,-0.7507494689,-0.1903338545,0.3512720837,0.9339315968,1.588113741,2.327568706,3.169403097,3.776336205,4.12792315,4.111318493,3.83762052,3.399052134,2.917265448,2.437176181,2.07029292,2.036682502,2.124315241,2.402890249,2.6413848,2.791538611,2.948492842,2.999242751,3.011596723,3.055974112,3.187134163,3.231694177,3.255666226,3.275011819,3.290632118,3.362926616,3.387837379,3.432697778,3.427966228,3.428093647,3.475896275,3.521256869,3.54058434,3.544824313,3.55168239,3.576609423,3.612041081,3.654065543,3.661842821,3.661167023,3.674126991,3.720787144,3.755751325,3.769262042,3.782341996,3.795338586,3.824265396,3.855078406,3.888743046,3.900899523,3.905748253,3.929679383,3.962432902,3.990073599,3.993673096,4.005498854,4.017531953,4.034713583,4.052532991,4.059709524,4.057987659,4.046710764,4.057080376,4.058152393,4.046813209,4.032449307,4.008690083,3.991109218,3.957725857,3.934592019,3.903339404,3.849876476,3.803255059,3.748402064
3.5,-0.5514296868,-0.9459146853,-1.395828024,-1.863018956,-2.324189833,-2.811725875,-3.274359748,-3.720235728,-4.153431665,-4.527409081,-4.873305645,-5.173525748,-5.4123698,-5.61113564,-5.746620871,-5.831905919,-5.881618282,-5.862893194,-5.817314671,-5.7372615,-5.616583368,-5.48798881,-5.331010892,-5.163253047,-4.997937128,-4.81537931,-4.642697526,-4.470483744,-4.294081398,-4.129436729,-3.957330595,-3.782646268,-3.602126532,-3.404571888,-3.191239521,-2.954085984,-2.69234314,-2.394002363,-2.064741268,-1.70278247,-1.302945496,-0.8740689701,-0.4128890964,0.07187368251,0.5688344015,1.086487174,1.60097975,2.110205667,2.610219204,3.077509982,3.516238417,3.913224299,4.259797163,4.543246435,4.760939187,4.910371641,4.985182022,4.973884565,4.883311712,4.715346647,4.478951075,4.154163247,3.773697747,3.341455211,2.859561918,2.351723342,1.819527779,1.282495392,0.7602748038,0.2460708299,-0.2296126166,-0.6667598433,-1.064230917,-1.395633986,-1.678739665,-1.906037674,-2.075533328,-2.192342009,-2.258797849,-2.283072678,-2.280860553,-1.728912292,-1.181405498,-0.6883254524,-0.1967205553,0.2769237523,0.8287832497,1.505019615,2.319149055,3.274526724,3.991887963,4.438421946,4.486677201,4.248344319,3.820027875,3.32410417,2.809225439,2.391296889,2.313587483,2.357570287,2.58915358,2.833217972,2.980341284,3.127424965,3.163563369,3.161150671,3.188163255,3.302967417,3.32919229,3.336107021,3.336554778,3.33294335,3.3874857,3.392509675,3.420154683,3.398852112,3.383372914,3.414119064,3.443192521,3.448141623,3.440794634,3.436468019,3.450189793,3.474888734,3.506638213,3.509123267,3.504442064,3.513455416,3.555557444,3.587277615,3.601598603,3.61778174,3.634772332,3.666615542,3.70119993,3.741107829,3.763367625,3.779691502,3.81374734,3.856421753,3.895277843,3.914854397,3.943316004,3.971503182,4.003285035,4.036393197,4.061334229,4.079164445,4.087274079,4.113789898,4.130878774,4.136358247,4.140218304,4.133756912,4.131467072,4.110429704,4.099634875,4.080758324,4.038089635,4.000908702,3.950353379
3.6,1.242189279,0.9706767129,0.6028798451,0.1859025602,-0.2513977473,-0.7658023412,-1.280513149,-1.810816625,-2.359557904,-2.869754488,-3.372874341,-3.841609876,-4.258071635,-4.634077236,-4.945832585,-5.202184561,-5.408732513,-5.540940493,-5.628373418,-5.66774259,-5.660342682,-5.621355885,-5.550838304,-5.461620856,-5.363242662,-5.254020752,-5.149169816,-5.048759257,-4.953895052,-4.873956836,-4.800002961,-4.732559552,-4.668020393,-4.598073551,-4.517668971,-4.417740243,-4.291406863,-4.127637309,-3.922777564,-3.672664787,-3.372763724,-3.018119708,-2.613149062,-2.161536533,-1.669981802,-1.135086411,-0.5752097468,0.002919866006,0.5924876059,1.176848185,1.749727368,2.298630684,2.811225778,3.275350056,3.681687978,4.02431353,4.298655566,4.479790406,4.580596765,4.596711896,4.525576812,4.360497263,4.114870795,3.7973082,3.419364225,2.976549954,2.498283946,1.995597336,1.47866308,0.9678289687,0.4719102299,0.004640628741,-0.4202450329,-0.7992893133,-1.122054466,-1.389654167,-1.605792746,-1.754776052,-1.857567263,-1.913326012,-1.932230838,-1.478454249,-1.015545718,-0.5871366478,-0.1436962144,0.2782420929,0.7796761833,1.405367945,2.173236899,3.094113201,3.783983271,4.225356867,4.300448087,4.122518067,3.786055844,3.387854018,2.951328669,2.569947949,2.496384388,2.504502745,2.652735476,2.875715313,2.998867731,3.115398386,3.117140704,3.08146431,3.072650787,3.151829395,3.142114088,3.114099963,3.078192539,3.038295114,3.057779776,3.026474886,3.020168994,2.966418672,2.919595904,2.917657154,2.915183484,2.891061661,2.857862587,2.828364198,2.817402765,2.818310771,2.827037459,2.812348755,2.792394833,2.78668496,2.813704371,2.832537535,2.838909019,2.850017964,2.863546914,2.891623574,2.924048378,2.964930217,2.993187814,3.017969016,3.059711155,3.110631012,3.160010739,3.196429425,3.243156286,3.290101795,3.339934504,3.392833381,3.441262245,3.485670508,3.521329913,3.572596134,3.615364429,3.648597431,3.682730536,3.706612949,3.733350312,3.739179005,3.755795605,3.765405739,3.750615955,3.740376044,3.711545359
3.7,2.208138034,2.158776365,1.97659686,1.724174644,1.450808565,1.027204793,0.5936502143,0.1068544925,-0.4603370762,-0.9943900855,-1.578865598,-2.157048931,-2.688362687,-3.226856709,-3.693383951,-4.111401735,-4.491017513,-4.771837303,-5.00990208,-5.185668688,-5.296043292,-5.36558588,-5.385088111,-5.375405858,-5.345256864,-5.297476309,-5.249502314,-5.204581975,-5.174198337,-5.159337473,-5.166764797,-5.195152434,-5.234140684,-5.297005825,-5.35731661,-5.410975542,-5.456049283,-5.458643549,-5.4274779,-5.345410677,-5.195577728,-4.983259998,-4.692450916,-4.330333358,-3.906760094,-3.398320681,-2.840677232,-2.234907933,-1.584133121,-0.9150312715,-0.2279182616,0.4571161141,1.120986608,1.761024721,2.351337343,2.886935798,3.363312965,3.742433334,4.04222819,4.250936086,4.359067579,4.363275986,4.266613261,4.079097116,3.814186496,3.453583086,3.039362666,2.579224279,2.08114587,1.574789982,1.064898738,0.5724014431,0.1170743707,-0.303400469,-0.6665020628,-0.9748756835,-1.232188302,-1.416001148,-1.552107147,-1.637276283,-1.681774662,-1.317485781,-0.9158617261,-0.5273806704,-0.1346517299,0.1875282418,0.5476585352,1.007099817,1.617465886,2.418843833,3.033522459,3.457442227,3.582036489,3.514745839,3.346070665,3.137673383,2.873379632,2.60646361,2.589353338,2.585079849,2.641604022,2.831373852,2.920746077,2.996420035,2.953377443,2.874469121,2.819765403,2.852104686,2.796300558,2.722079662,2.638308252,2.550562918,2.52307056,2.443558478,2.390503139,2.291683581,2.200592756,2.152783883,2.105584666,2.039181446,1.966813191,1.898573717,1.849656864,1.81365809,1.786224644,1.741484686,1.693713896,1.661036277,1.660737391,1.655150394,1.642539285,1.637861753,1.637827977,1.652550208,1.673923194,1.707352435,1.734077234,1.76082835,1.804197258,1.85802214,1.913571073,1.963758535,2.026440523,2.090829753,2.158218879,2.23153517,2.305217679,2.379296891,2.44691386,2.527776083,2.602324235,2.670817044,2.743902029,2.808009603,2.874569097,2.919153002,2.975864656,3.027795105,3.056001655,3.088532914,3.097579349
3.8,2.219495155,2.467241793,2.5502829,2.566360657,2.60209494,2.400195853,2.210192795,1.93195759,1.488164021,1.091338941,0.547837475,-0.03773685837,-0.5884785471,-1.254189234,-1.846990909,-2.425289691,-3.012964531,-3.474288732,-3.922101364,-4.297908457,-4.583378089,-4.828898782,-4.990196338,-5.104110768,-5.176364396,-5.204337125,-5.214731966,-5.210060738,-5.216949256,-5.220174696,-5.254216655,-5.316264057,-5.386124386,-5.517299179,-5.651222531,-5.799535444,-5.97398934,-6.106215363,-6.233917912,-6.318480057,-6.329891881,-6.289058026,-6.149802034,-5.92604488,-5.619056715,-5.200317823,-4.704098015,-4.127028393,-3.488009415,-2.780439039,-2.039934994,-1.280103337,-0.495916958,0.2523841961,0.9900288611,1.688618222,2.306527437,2.880851679,3.346721057,3.718787706,4.021287183,4.155968296,4.213385309,4.164634666,3.984801754,3.74086396,3.386698568,2.967747467,2.523069623,2.003407643,1.49750633,0.995420494,0.4994306276,0.06806602926,-0.3301813948,-0.6696974767,-0.9415701383,-1.155891008,-1.304578238,-1.401093354,-1.461469293,-1.174303489,-0.8449034459,-0.5338619169,-0.2431518173,-0.0625438494,0.1419749665,0.4586509668,0.9689548849,1.724501518,2.32756032,2.76632393,2.935173369,2.939796356,2.884248905,2.815525573,2.691254896,2.529021659,2.576827512,2.579750555,2.569876335,2.741008987,2.8065947,2.850115426,2.76985787,2.653932473,2.559000766,2.548280793,2.450182731,2.33147255,2.200431738,2.064697808,1.989339322,1.859776709,1.756422825,1.608321099,1.467806303,1.368164745,1.26966084,1.153636124,1.033868311,0.9176441354,0.8214700707,0.738946381,0.6650873245,0.5794427377,0.4928718062,0.4220956425,0.3829737995,0.3416504414,0.2986713601,0.2665833874,0.2415085159,0.2316774532,0.2310764639,0.2460855795,0.2607246124,0.2795086701,0.3146659618,0.3619390302,0.4148888411,0.4707898066,0.5417083296,0.6165394979,0.6951140979,0.7831500232,0.8771129585,0.9768953892,1.073534278,1.18124191,1.285792773,1.388945164,1.501251045,1.606728551,1.715069536,1.801376633,1.901714444,2.000538817,2.077488752,2.159119045,2.212812078
3.9,1.393632976,1.86701866,2.205907334,2.514628417,2.86072719,2.993581479,3.134652492,3.173272179,3.050275534,2.901041998,2.584496693,2.178669339,1.708018673,1.11106502,0.4849071027,-0.189221042,-0.8722532766,-1.551299059,-2.193024966,-2.776907986,-3.328211199,-3.747745866,-4.118013551,-4.412480188,-4.588016664,-4.748515042,-4.810923781,-4.830737455,-4.861680601,-4.81811366,-4.818174124,-4.831008432,-4.845006068,-4.941426858,-5.053369748,-5.213531848,-5.418570507,-5.645496509,-5.892263989,-6.128073548,-6.350759669,-6.507919491,-6.608914029,-6.631171256,-6.535546986,-6.358851026,-6.053097424,-5.641679405,-5.158034138,-4.536971733,-3.868020647,-3.139333339,-2.347405855,-1.559874024,-0.7482734268,0.04605841963,0.7997883631,1.510674701,2.144618431,2.702177667,3.16367527,3.5093918,3.740256077,3.852159481,3.865289366,3.724708571,3.497514934,3.182404617,2.76762318,2.321771158,1.818826549,1.301555554,0.8160842874,0.3198258886,-0.1090477344,-0.4857677127,-0.8235350544,-1.057131079,-1.248246101,-1.376422356,-1.446922461,-1.268830901,-0.986832543,-0.6712238187,-0.3534572065,-0.1816752717,-0.03122742148,0.2023022335,0.6424788042,1.362069401,1.9497883,2.371765305,2.511078151,2.473039305,2.398126336,2.353699777,2.299996168,2.239348746,2.404646149,2.50385649,2.545750353,2.750373596,2.827758378,2.871109017,2.782023006,2.65252959,2.538781159,2.502706153,2.378330959,2.227493058,2.059039092,1.88333427,1.76639112,1.590906442,1.438613357,1.241084859,1.049288324,0.8940118896,0.7390400607,0.5668005539,0.3912185854,0.2167289932,0.0623749618,-0.07851553898,-0.2120066246,-0.3532403617,-0.4937860616,-0.6185659065,-0.7133447355,-0.807506277,-0.8984903379,-0.9764060954,-1.045218748,-1.098199672,-1.139429045,-1.161960075,-1.178413825,-1.186203013,-1.178004067,-1.155846608,-1.123397455,-1.079294397,-1.017550819,-0.9490083658,-0.8752461239,-0.7879728382,-0.6886672797,-0.5771353521,-0.4643975517,-0.3424550324,-0.2195081788,-0.09205715445,0.04991377731,0.1881360052,0.3307164025,0.452500129,0.5908063192,0.7321494286,0.8548566331,0.9833799953,1.080502706
4,0.2912636602,0.7764802287,1.218795314,1.685902168,2.192423784,2.605388765,3.016086263,3.354483314,3.597422754,3.755889578,3.789382206,3.713680945,3.512852311,3.186078148,2.745203179,2.202331511,1.597544435,0.9071703745,0.2070666182,-0.4917334011,-1.190111628,-1.792854491,-2.349774548,-2.823495338,-3.181977987,-3.471195213,-3.648398572,-3.750726535,-3.807609734,-3.783151231,-3.753056776,-3.713374156,-3.678548939,-3.69332103,-3.748426369,-3.8675313,-4.048166917,-4.311886746,-4.631266664,-4.993193211,-5.398011794,-5.786563015,-6.163825331,-6.490317861,-6.717683449,-6.868911021,-6.880981784,-6.768043421,-6.547114689,-6.155075859,-5.667122841,-5.072237091,-4.379045497,-3.622475497,-2.809141424,-1.974097456,-1.127341745,-0.3087512834,0.4753207557,1.205605257,1.839243568,2.394069124,2.819553745,3.12306223,3.334552114,3.347869472,3.269105137,3.074461226,2.735945725,2.352432775,1.866053023,1.339055981,0.8304497529,0.2732670367,-0.2169676983,-0.6634521726,-1.076351588,-1.372487153,-1.622253837,-1.795222215,-1.89702001,-1.738873382,-1.403371551,-0.9191150701,-0.3758336944,-0.02605174647,0.2016997805,0.4103266291,0.7811773109,1.43062737,1.961888778,2.316469263,2.349275283,2.157067688,1.93414638,1.80435346,1.759571641,1.807848174,2.156236997,2.457230684,2.683534538,2.969141272,3.090020775,3.161141312,3.088440835,2.965888372,2.851636496,2.804733163,2.667489485,2.494636347,2.296466693,2.086914568,1.932686199,1.713730362,1.512063334,1.263490642,1.017116474,0.800596423,0.582117243,0.345301138,0.1033512225,-0.1420040573,-0.3679212443,-0.5816577674,-0.790982808,-1.005843123,-1.218954544,-1.417357041,-1.588571247,-1.756779359,-1.91768703,-2.064432223,-2.200496347,-2.319827916,-2.425105062,-2.509230297,-2.580741717,-2.638668029,-2.681024614,-2.707323807,-2.717970404,-2.707694802,-2.677060408,-2.635847554,-2.586796868,-2.519541695,-2.433361217,-2.327352141,-2.214606342,-2.093496171,-1.966021847,-1.826610961,-1.666111161,-1.50507898,-1.336533808,-1.185736495,-1.015146596,-0.8348383341,-0.6683476754,-0.4936303679,-0.3517624325
4.1,-0.4247065648,-0.1431361074,0.1641090192,0.5536300452,1.016062214,1.493332886,2.003719111,2.501522198,2.986358663,3.405096929,3.76836594,4.05363305,4.217153769,4.292884752,4.22627972,4.039600486,3.758578486,3.323161998,2.820448769,2.242642244,1.608312434,0.9731987823,0.3406413435,-0.2484995361,-0.7881636086,-1.226604577,-1.588773957,-1.869384409,-2.042745777,-2.169897773,-2.218138913,-2.227710752,-2.251573218,-2.23809207,-2.285634774,-2.381092816,-2.515933359,-2.77820735,-3.098273689,-3.50338678,-3.990567738,-4.523206387,-5.091997628,-5.650618985,-6.178642311,-6.623051441,-6.970279365,-7.197471074,-7.265617077,-7.195163274,-6.95700866,-6.573423546,-6.084620271,-5.429952855,-4.709091023,-3.919481712,-3.057779993,-2.211106754,-1.346350503,-0.5131245732,0.250166112,0.9533586968,1.542962638,2.025620625,2.393363753,2.595477413,2.669077557,2.605072749,2.418657469,2.093455051,1.680321847,1.199933739,0.661926563,0.1216099006,-0.4185946775,-0.9255083906,-1.36340755,-1.747424199,-2.038012075,-2.247298539,-2.393887601,-2.212749366,-1.864946736,-1.245364275,-0.4691788828,0.1275040029,0.523236493,0.7696101348,1.078449114,1.625234357,2.071031466,2.361766982,2.310383595,1.974480694,1.566639669,1.264082026,1.115769994,1.175000844,1.649098077,2.149961943,2.617329032,3.004941014,3.187440795,3.305524823,3.270402085,3.175931817,3.083087679,3.046340947,2.918577671,2.745613932,2.539167872,2.317372879,2.147189282,1.905829506,1.674184277,1.393808148,1.111103036,0.8504748529,0.5845464378,0.2982883291,0.003235041148,-0.3016756925,-0.588396238,-0.8653525785,-1.142980993,-1.425833979,-1.706870946,-1.975692061,-2.221631261,-2.46329174,-2.694663749,-2.912545307,-3.119482366,-3.308828158,-3.482890208,-3.634756583,-3.767870259,-3.882967968,-3.983659986,-4.066717609,-4.128803931,-4.160583414,-4.170152657,-4.165218579,-4.149331801,-4.110979911,-4.046547817,-3.954112982,-3.84908215,-3.736526831,-3.61190594,-3.46705016,-3.29387269,-3.11583099,-2.926306567,-2.750493059,-2.551912288,-2.335269083,-2.127000209,-1.907750752,-1.721524488
4.2,-0.1633845517,-0.2020091761,-0.179447046,-0.05028454024,0.1849158638,0.5042501609,0.9087468147,1.368136531,1.874581103,2.399345485,2.926765942,3.433890378,3.888444904,4.28520328,4.588463582,4.794126084,4.897060396,4.857064202,4.705572679,4.437114903,4.065805696,3.599425092,3.072929724,2.51341932,1.933177014,1.392536562,0.8831613362,0.4301531972,0.06414428795,-0.2433195007,-0.463405266,-0.6229738459,-0.7538052788,-0.8255324212,-0.9107106442,-1.009823175,-1.133930816,-1.340667797,-1.609692311,-1.965952859,-2.407634116,-2.944076922,-3.546069703,-4.187351043,-4.858630192,-5.489533581,-6.075661348,-6.574005097,-6.928189443,-7.162855486,-7.217312334,-7.111229785,-6.878615903,-6.44209015,-5.907286251,-5.265710106,-4.515721975,-3.736604928,-2.904509631,-2.070495878,-1.269957421,-0.5013858266,0.1840143704,0.7855145168,1.285870802,1.64358046,1.875123057,1.97114724,1.944698469,1.759894869,1.47464696,1.100042863,0.640935826,0.1546858097,-0.3588596851,-0.8595835305,-1.309118806,-1.718772358,-2.040624465,-2.28258092,-2.443456788,-2.345248479,-2.169312176,-1.639141656,-0.7773614809,0.05701810598,0.7223524197,1.143684267,1.484495027,1.957947218,2.315187233,2.544992717,2.418990004,1.965504843,1.33942817,0.7434724662,0.3113707918,0.2027889067,0.6736351987,1.322857638,2.071612038,2.584748863,2.850442933,3.040715917,3.072149475,3.03502708,2.996156135,3.002508896,2.91859877,2.781083318,2.601861199,2.404308763,2.255904083,2.029590454,1.804733818,1.529480502,1.246363488,0.978033313,0.6997951529,0.3983280527,0.08298838547,-0.2511468878,-0.5684804452,-0.8797309871,-1.19940444,-1.525974722,-1.852475831,-2.171152961,-2.473022587,-2.771679261,-3.058744393,-3.33560825,-3.603656777,-3.853969076,-4.090004917,-4.305211236,-4.49668726,-4.667569236,-4.826849363,-4.9684675,-5.084908888,-5.16238432,-5.21779407,-5.255579368,-5.279638045,-5.278629851,-5.244804008,-5.174959969,-5.087228764,-4.993843227,-4.88314579,-4.743666908,-4.568480704,-4.385000236,-4.185885238,-3.996123166,-3.781591379,-3.539367946,-3.300001298,-3.04710711,-2.826662735
4.3,0.7046279681,0.4580071586,0.2451438502,0.1174327312,0.08290931972,0.1559796799,0.3326515402,0.6011370595,0.9685207026,1.403190102,1.9033391,2.440557014,2.977058113,3.526917293,4.028433288,4.477893841,4.866231089,5.135230954,5.310722986,5.370035326,5.312269279,5.129494652,4.843908486,4.474499708,4.027459552,3.5526103,3.053578765,2.563164122,2.119253711,1.709925946,1.375187265,1.100684431,0.8735342348,0.7201903775,0.588000572,0.4739031518,0.3541723151,0.2033489996,0.0009905927774,-0.2739900243,-0.6163981165,-1.081292679,-1.620662348,-2.235212398,-2.932631293,-3.634597357,-4.354531723,-5.034559153,-5.615224865,-6.113174972,-6.451455637,-6.639780277,-6.687472971,-6.532739581,-6.247099528,-5.825426684,-5.279644626,-4.643773687,-3.934822677,-3.188251468,-2.426074821,-1.677193554,-0.9652159872,-0.3090843771,0.2668905577,0.7377521919,1.095152,1.335110645,1.457529634,1.431062448,1.295564382,1.057661235,0.7350079597,0.3403005921,-0.08926579052,-0.5276536652,-0.9560690773,-1.338067026,-1.664955174,-1.918007267,-2.068495544,-2.094654472,-2.227799984,-2.018758857,-1.287669683,-0.3159737261,0.6650359836,1.421216385,1.979748169,2.506521673,2.813457404,2.962017833,2.731039913,2.176657123,1.336871319,0.3791304375,-0.4885697996,-0.9541972122,-0.6499431394,0.0503981639,1.069705334,1.73246325,2.098433711,2.380350046,2.502249232,2.542992891,2.585665117,2.663583938,2.651409825,2.58089286,2.458464611,2.316421057,2.225434448,2.046931406,1.862994594,1.627413063,1.376227536,1.136933708,0.8807304037,0.5979689025,0.2968222492,-0.03620014292,-0.3517675256,-0.6656961629,-0.9991599728,-1.341047437,-1.687483857,-2.032028047,-2.366368053,-2.702426139,-3.026261407,-3.345836298,-3.662010795,-3.960446145,-4.248870978,-4.520308216,-4.763893231,-4.987427652,-5.203916031,-5.404904003,-5.578421501,-5.704574383,-5.811408564,-5.898918851,-5.971135667,-6.017776793,-6.024997279,-5.988552025,-5.929714115,-5.869322198,-5.786984124,-5.666972221,-5.503476879,-5.32881875,-5.135306124,-4.947041401,-4.732452151,-4.478830742,-4.222213726,-3.949971496,-3.710020563
4.4,1.243433187,0.9879379241,0.70541337,0.4576512307,0.2724780825,0.1476502452,0.1223807288,0.1864837155,0.3535381418,0.6220230841,0.981323121,1.418068304,1.89524725,2.439644567,2.98073701,3.513414849,4.037556655,4.473272512,4.857867341,5.153437506,5.337715208,5.42239283,5.387724398,5.256030567,5.031425377,4.730139675,4.376339345,3.990620001,3.616013177,3.241464329,2.920381052,2.648090621,2.41019259,2.263947937,2.142432431,2.055544795,1.991474875,1.908292034,1.800822709,1.633847431,1.404816093,1.057365564,0.6204874826,0.08648085556,-0.5691114348,-1.272988244,-2.051911324,-2.845326371,-3.586620976,-4.304334696,-4.891922957,-5.355056114,-5.686142949,-5.819412948,-5.807627367,-5.638218647,-5.332176495,-4.887456472,-4.350245724,-3.74485631,-3.077307666,-2.409023995,-1.73310575,-1.086096569,-0.5032390756,0.01707891144,0.4342201054,0.7545276002,0.9706900585,1.049229358,1.02264632,0.8901155022,0.6816411203,0.3719196899,0.02883067749,-0.3345678079,-0.7218622322,-1.049207523,-1.352185159,-1.587012353,-1.704983887,-1.737489931,-2.063029377,-2.178112487,-1.727277312,-0.8339133214,0.2906288056,1.332772969,2.192467795,2.922073128,3.294489978,3.409026548,3.088327181,2.455880116,1.463085694,0.1970027116,-1.116185697,-2.033583219,-2.029471689,-1.401301233,-0.2006484069,0.6173823586,1.080281216,1.451383423,1.670574286,1.786856595,1.919890365,2.079291458,2.144510887,2.158013697,2.103555393,2.030361605,2.018739547,1.901973625,1.779632579,1.605736566,1.403720682,1.220875029,1.009285294,0.7688069091,0.510891888,0.2007214005,-0.08562918132,-0.3748389967,-0.6991139576,-1.027251644,-1.369113175,-1.715388571,-2.055982182,-2.409031332,-2.746764319,-3.087813697,-3.434596747,-3.762356329,-4.088317804,-4.402466413,-4.68458348,-4.950662396,-5.215840667,-5.470339059,-5.69665653,-5.867713438,-6.023939382,-6.160842624,-6.28484551,-6.382343926,-6.435205861,-6.43766229,-6.411614493,-6.395391603,-6.350890777,-6.259468709,-6.11966219,-5.960860138,-5.785908427,-5.613462403,-5.408853408,-5.158690587,-4.895240692,-4.614774912,-4.373179613
4.5,0.9727203953,0.8183079702,0.6081719269,0.3873922951,0.1745785141,-0.01479890226,-0.1491054632,-0.2193565989,-0.2031320895,-0.09222905025,0.1166811388,0.4175338684,0.7889995519,1.254005489,1.757788168,2.292127004,2.85081588,3.37497378,3.877854345,4.326024424,4.692328965,4.979414168,5.160478705,5.24587606,5.239469975,5.130743492,4.954712436,4.721998939,4.463440912,4.188292098,3.934983637,3.714712656,3.521828798,3.413401556,3.337538358,3.304225081,3.314876837,3.318040358,3.322299965,3.286371341,3.188982063,3.002804606,2.712876252,2.315231232,1.787850896,1.156713686,0.4189165056,-0.3861700788,-1.199294021,-2.04012539,-2.802677172,-3.477276704,-4.046541029,-4.434466984,-4.679673122,-4.759677836,-4.688938761,-4.456948026,-4.10899122,-3.668243671,-3.136971071,-2.580069548,-1.988804399,-1.403860172,-0.8654321958,-0.3637656171,0.04773855724,0.3768772005,0.6141572748,0.7227210203,0.7329666735,0.6397666785,0.4755955354,0.2038952266,-0.09989535426,-0.42611446,-0.7871259053,-1.080994278,-1.359956374,-1.570465407,-1.656921142,-1.525774682,-1.744973928,-1.9486076,-1.771155223,-1.166566165,-0.1791397173,0.9535181812,2.085327737,3.130116422,3.682393866,3.779262675,3.296307803,2.503657541,1.374648679,-0.06654416477,-1.661142857,-2.95015518,-3.2751071,-2.8098081,-1.538710738,-0.5956930249,-0.05295469929,0.3913506262,0.6857966121,0.8724836043,1.083624184,1.313505289,1.456251029,1.54416644,1.557612083,1.554928234,1.619166563,1.573376961,1.516632598,1.410870342,1.272303431,1.15322441,1.001330681,0.8196383665,0.6181956418,0.3534482851,0.1152449733,-0.1289606587,-0.4181135214,-0.7118179656,-1.023676021,-1.345662474,-1.66960683,-2.011367478,-2.338399093,-2.676159028,-3.026275375,-3.361549117,-3.701187956,-4.035122582,-4.336597968,-4.623833734,-4.920350803,-5.212635462,-5.47570042,-5.680585543,-5.87403645,-6.050347886,-6.221370602,-6.362874659,-6.457995897,-6.497764696,-6.501661377,-6.533754826,-6.529943565,-6.471310765,-6.362825566,-6.223557778,-6.076963123,-5.931855645,-5.745509879,-5.512350203,-5.253082064,-4.976479092,-4.750626028
4.6,0.1122909357,0.1044315395,0.03334392045,-0.07477360672,-0.2248610403,-0.3769686648,-0.5313725767,-0.6603956311,-0.72817435,-0.7451967316,-0.6694401021,-0.5091864078,-0.2714470276,0.07639510094,0.4890133681,0.9654092608,1.493044677,2.041097409,2.598086851,3.138173555,3.637749431,4.081054101,4.447552748,4.730093049,4.931410278,5.019309294,5.031546413,4.970947485,4.841054139,4.688444344,4.511039232,4.339745061,4.198161247,4.092863896,4.038242526,4.026311063,4.054122876,4.112870922,4.179544167,4.23355614,4.244875553,4.198087593,4.059622159,3.81871885,3.469825513,2.978190142,2.378784677,1.681609596,0.9113555511,0.09790108739,-0.7098534202,-1.473221658,-2.155341769,-2.713316149,-3.133504235,-3.402150041,-3.525696396,-3.47701328,-3.304777933,-3.023181947,-2.63866987,-2.203685352,-1.720812052,-1.228156518,-0.7609022201,-0.3217382145,0.04546383124,0.3406973245,0.5518121072,0.6465496725,0.6472617318,0.550966857,0.384530059,0.1171728652,-0.1835569165,-0.5064539348,-0.8576418918,-1.1481814,-1.416335879,-1.612434981,-1.688399451,-1.415863182,-1.455465574,-1.623122379,-1.654301517,-1.405279127,-0.7170405903,0.3365836843,1.638820743,2.995170612,3.764902725,3.859173657,3.19159075,2.220907044,1.030106877,-0.3979762061,-2.042678933,-3.547138022,-4.177824926,-3.954128632,-2.742663455,-1.732311218,-1.139091761,-0.6488936257,-0.3170709408,-0.07298242794,0.1925783592,0.4718794858,0.6857294752,0.8271444254,0.9012555865,0.9634907532,1.090409204,1.119412156,1.124785404,1.086095431,1.019821491,0.9641857648,0.8816275838,0.7693074889,0.6308102601,0.4300218224,0.2534319406,0.0696045681,-0.1617446364,-0.4044537574,-0.6642062341,-0.9387330508,-1.224601401,-1.528239485,-1.821386895,-2.131109788,-2.457947005,-2.777375294,-3.105903421,-3.435494337,-3.733636969,-4.021592143,-4.329067192,-4.639213166,-4.924097333,-5.147197208,-5.365204417,-5.57125752,-5.778578811,-5.961207969,-6.093464581,-6.168243573,-6.20778391,-6.286809008,-6.33036721,-6.314766856,-6.241803279,-6.138271794,-6.032087655,-5.927934363,-5.782329077,-5.576869885,-5.343366336,-5.09335577,-4.896226196
4.7,-1.05723484,-0.9430525094,-0.8803067184,-0.8612658941,-0.9062868861,-0.9732447445,-1.08255324,-1.20245968,-1.297617833,-1.386651419,-1.410476769,-1.37390398,-1.267821631,-1.060628058,-0.7747003436,-0.4053096604,0.03089913676,0.5376839406,1.079486701,1.642189321,2.212039137,2.75156462,3.255892094,3.700947148,4.080922677,4.36389159,4.568648826,4.69519315,4.729891284,4.723657118,4.657354145,4.565476546,4.486930122,4.398236771,4.355534608,4.343945218,4.360173529,4.427945111,4.507409381,4.595704161,4.661573829,4.700260313,4.669419596,4.554654553,4.361824997,4.020357293,3.585157822,3.044571686,2.396601588,1.69955963,0.9565518412,0.2214544327,-0.4619740137,-1.075472359,-1.572075165,-1.943957303,-2.185750022,-2.267570934,-2.226944476,-2.072537794,-1.816676978,-1.489743873,-1.111362561,-0.71128487,-0.3182150685,0.05132566206,0.3665552192,0.6185154998,0.796114831,0.8663485864,0.8493340414,0.7425834737,0.5617939744,0.2932204757,-0.01555287718,-0.3476659568,-0.6981102004,-1.004921476,-1.279433227,-1.482742425,-1.574152484,-1.347794907,-1.324731995,-1.410222097,-1.487947227,-1.474409063,-1.119820226,-0.3218276563,0.9442276828,2.494928822,3.493943039,3.689491466,2.941569133,1.834610079,0.6168742375,-0.7047308996,-2.238261824,-3.810952678,-4.707598571,-4.81002846,-3.820188293,-2.794405553,-2.180569398,-1.670459514,-1.324698344,-1.038280824,-0.7330921107,-0.4164114903,-0.1405699335,0.04850542179,0.1801667392,0.3047858224,0.4928998251,0.5960575806,0.6661601151,0.6983322368,0.7074792956,0.7218135467,0.7145355459,0.6776423288,0.6124777742,0.4844404574,0.3799991852,0.2673903651,0.1041186227,-0.07232909339,-0.2678005082,-0.4817754126,-0.7124105596,-0.9654746032,-1.210040217,-1.475586604,-1.766006927,-2.053067767,-2.357281537,-2.669024063,-2.948591933,-3.229713574,-3.536130701,-3.852349401,-4.154523648,-4.388165141,-4.62702686,-4.861100188,-5.101124411,-5.328742232,-5.499542317,-5.614684687,-5.701482093,-5.831417775,-5.932643736,-5.973963263,-5.947601912,-5.897245401,-5.846436691,-5.799220696,-5.713444184,-5.550605948,-5.363701023,-5.160326511,-5.006108105
4.8,-2.352031453,-2.190497105,-2.057946135,-1.956255528,-1.909780318,-1.889876331,-1.921663679,-1.982283598,-2.04370808,-2.130679661,-2.183687692,-2.20502683,-2.181874422,-2.079192717,-1.908056676,-1.655334968,-1.332242775,-0.9206121327,-0.4555867791,0.05460473615,0.606398067,1.154369932,1.704566618,2.226895817,2.703904962,3.122769701,3.472803095,3.756376588,3.960368223,4.108108922,4.192896905,4.235668722,4.269771029,4.274972751,4.30421735,4.348493497,4.407479195,4.510291642,4.622442411,4.746583774,4.854114627,4.948719884,4.985138214,4.949887682,4.853031965,4.613271872,4.290125727,3.862103946,3.317351599,2.718435408,2.051198221,1.372431076,0.7197886283,0.1119783289,-0.4034136611,-0.8169054091,-1.106593877,-1.264009123,-1.296037255,-1.216170996,-1.047625833,-0.7855940028,-0.479513584,-0.1438056704,0.2007967049,0.5189153174,0.7989798653,1.020720827,1.176262981,1.229885732,1.202275954,1.091243023,0.8986215415,0.633537781,0.3175824063,-0.02434137745,-0.3744192039,-0.703781448,-0.9913607524,-1.212515736,-1.329801183,-1.277185104,-1.298361228,-1.266874033,-1.20875349,-1.238889149,-1.171755617,-0.7704788065,0.2388340291,1.827273946,3.018409027,3.383493624,2.628136132,1.365339207,0.04152507038,-1.201130251,-2.522202759,-3.97392366,-4.99064564,-5.39509737,-4.695442191,-3.666329755,-3.038357756,-2.514178224,-2.159165401,-1.833005231,-1.492586851,-1.143269442,-0.8102520303,-0.5748645534,-0.3870204567,-0.2027721875,0.04303753697,0.2150625456,0.3474954986,0.4482923842,0.5282457661,0.6095837003,0.6724922204,0.7051536022,0.711424642,0.6507229131,0.6141809999,0.5678818918,0.4659639464,0.3538331585,0.2167448172,0.05797763071,-0.1188482485,-0.3279895204,-0.52859055,-0.7535237772,-1.013974011,-1.270553167,-1.555312338,-1.853612672,-2.117684923,-2.401504905,-2.7104377,-3.03523584,-3.362715208,-3.613259152,-3.881561214,-4.152070353,-4.429923403,-4.711755452,-4.92917329,-5.09627575,-5.244796831,-5.431354575,-5.59892631,-5.708541738,-5.740310944,-5.75537336,-5.769390259,-5.78764745,-5.768754607,-5.657568611,-5.527460133,-5.378256624,-5.270507139
4.9,-3.40830363,-3.303426774,-3.20188259,-3.113955649,-3.062936498,-3.024988438,-3.028860579,-3.057618146,-3.089398284,-3.152466159,-3.192945778,-3.213446862,-3.207137678,-3.131791118,-3.003595737,-2.803185891,-2.53195587,-2.181686483,-1.768649404,-1.304732193,-0.7892754651,-0.2625293601,0.2812208003,0.8163790876,1.312733869,1.78345258,2.189662698,2.539442647,2.838834214,3.061545781,3.244535881,3.38702248,3.501097625,3.610988694,3.722656941,3.848235927,3.994470335,4.168083486,4.358800966,4.55781384,4.742893855,4.914045295,5.030663075,5.078735947,5.056951014,4.904343899,4.657248181,4.300167946,3.827618819,3.27995575,2.660795284,2.018286021,1.384649945,0.792315493,0.2776823662,-0.1432951231,-0.4404728125,-0.6185600324,-0.6677348635,-0.6054768206,-0.4622426466,-0.2137706283,0.07205029853,0.3885807447,0.721253988,1.01854378,1.28448308,1.49084085,1.628991646,1.667673474,1.623015095,1.496527491,1.284331279,1.005444185,0.6715487609,0.3107374361,-0.05083721919,-0.4030516895,-0.706043399,-0.9431171398,-1.078377588,-1.207314635,-1.356348862,-1.284832945,-1.059337526,-0.9890745694,-1.066696246,-1.043911037,-0.4066168457,1.064147948,2.323924435,2.827025828,2.094886385,0.6727382202,-0.8076669425,-1.995985698,-3.003482151,-4.074327107,-4.89951153,-5.396121972,-4.941235261,-3.910091082,-3.286117324,-2.770524376,-2.426804278,-2.091347636,-1.745808974,-1.397232128,-1.04339654,-0.7915625175,-0.5808032294,-0.3708930901,-0.1008259707,0.1034872836,0.2655433373,0.4033319807,0.5211121828,0.6378273545,0.7385041652,0.8093042567,0.8587594373,0.8360312275,0.8398962723,0.8329564012,0.7661056847,0.6948188557,0.5929636556,0.4682144228,0.3259381118,0.1430042933,-0.03032947758,-0.2297960093,-0.4733561982,-0.7097201953,-0.9832017265,-1.274760703,-1.53046388,-1.821770163,-2.134776342,-2.467203213,-2.817423265,-3.085118857,-3.380590077,-3.683026237,-3.992635806,-4.319530989,-4.576979709,-4.79112028,-4.994127716,-5.227253751,-5.449281848,-5.616909769,-5.700942724,-5.771201224,-5.839945477,-5.91224056,-5.945270333,-5.878656256,-5.795918927,-5.690014721,-5.617704607
5,-3.866121162,-3.880462662,-3.876919197,-3.880012784,-3.909186309,-3.94006882,-4.003904025,-4.082533753,-4.167011612,-4.265289536,-4.346464403,-4.405903303,-4.426909581,-4.39036023,-4.288887758,-4.112667511,-3.86487467,-3.525574429,-3.120411456,-2.655667039,-2.132675881,-1.589622535,-1.024030217,-0.4610218732,0.0668509481,0.5732331569,1.015524188,1.398974244,1.740948839,1.989061121,2.206696896,2.385918976,2.517050123,2.677714279,2.823770863,2.990339889,3.207875079,3.430518696,3.702482385,3.987982344,4.256129298,4.533418472,4.74740783,4.89787722,4.967132237,4.908637386,4.737514429,4.438567138,4.032816831,3.502681782,2.911141338,2.287950678,1.63874175,1.070198346,0.5528967981,0.1344695778,-0.1303197006,-0.3035581682,-0.3181752936,-0.2184820612,-0.05046310247,0.2480369373,0.5667206201,0.9145726821,1.282504566,1.592789577,1.872333943,2.081675214,2.207976259,2.231615471,2.158298125,1.996969364,1.747287521,1.424079668,1.04833779,0.6470984927,0.2498686667,-0.132008506,-0.4567622878,-0.7061312471,-0.8467489187,-1.065437875,-1.423640126,-1.508356962,-1.256378616,-1.042830326,-1.080697459,-1.266557423,-0.9663158831,0.307636418,1.515517145,2.085253434,1.372723285,-0.1716599674,-1.794011876,-2.918758807,-3.529626496,-3.991446664,-4.294366351,-4.614392838,-4.346142674,-3.336102234,-2.763736255,-2.306278219,-2.013628125,-1.727640322,-1.428892723,-1.136390482,-0.8212148277,-0.6003324537,-0.4190630953,-0.2344383013,0.01183250372,0.1976277738,0.3435134987,0.4746952754,0.5874181398,0.6979024738,0.7960860399,0.8675191696,0.9237235814,0.9050887983,0.9172320829,0.9190228428,0.8604323159,0.8014278773,0.7115843908,0.6003278495,0.4699837939,0.299983714,0.1386397445,-0.04958579257,-0.2832928184,-0.5085229711,-0.7724631068,-1.057702587,-1.309378818,-1.600752068,-1.912886598,-2.245311011,-2.601634141,-2.878996291,-3.187178586,-3.504111751,-3.829895373,-4.176580105,-4.45592564,-4.698615113,-4.930928686,-5.190839231,-5.441522546,-5.642077656,-5.760947894,-5.862174412,-5.964371403,-6.067929989,-6.127521792,-6.090074418,-6.035515565,-5.954565448,-5.900922514
5.1,-3.577350053,-3.702529983,-3.795192882,-3.900953348,-4.018195036,-4.159624148,-4.323091758,-4.500594196,-4.725009559,-4.918719417,-5.136207752,-5.338257337,-5.457921788,-5.582275736,-5.58848456,-5.508333804,-5.380761895,-5.079093821,-4.730371499,-4.295105938,-3.754271536,-3.208305832,-2.597111303,-1.980872665,-1.392556195,-0.8153102663,-0.3045425747,0.150755312,0.5371590453,0.8479815913,1.096883458,1.291425675,1.467139883,1.612610979,1.782250073,1.981961368,2.20089216,2.508690224,2.842135261,3.208898796,3.618088632,3.993029872,4.355310142,4.656246854,4.839855853,4.933879524,4.863269346,4.643333014,4.30851448,3.781574908,3.184901411,2.526238809,1.816003992,1.188715929,0.6062954055,0.1378603873,-0.1675749255,-0.3496004925,-0.3576199226,-0.2348712101,-0.009652521582,0.33777023,0.7305210545,1.158089148,1.589182009,1.984757406,2.325469256,2.588637003,2.766695375,2.812768266,2.757577728,2.59802455,2.340042178,1.99583508,1.59518012,1.168290536,0.7391719673,0.3406018489,-0.001121037907,-0.2571057288,-0.3902939052,-0.6015424535,-1.1478431,-1.488501945,-1.340398033,-1.029588332,-0.950899415,-1.216425893,-1.193427558,-0.1701841008,0.8591291656,1.392925439,0.6799896176,-0.9108800077,-2.617160673,-3.691461,-3.956320305,-3.804056555,-3.452641207,-3.394068096,-3.208621449,-2.233538923,-1.744734813,-1.376839351,-1.160116766,-0.9647678104,-0.7495483711,-0.5537146785,-0.3209905352,-0.1672890132,-0.05445290975,0.06676518111,0.251702072,0.3813995254,0.4755626845,0.5659814802,0.641090896,0.7121741082,0.776966815,0.819932688,0.8524761344,0.8110973324,0.8051553665,0.7904227968,0.7187382472,0.6461485359,0.5483905144,0.432559686,0.2925490424,0.1237037025,-0.04055393408,-0.2322998649,-0.4642954271,-0.6889627328,-0.9468990998,-1.229051591,-1.483316121,-1.76961523,-2.079310458,-2.40786188,-2.757005468,-3.038026001,-3.347165322,-3.663739735,-3.991142134,-4.335037376,-4.61908877,-4.870623705,-5.106435754,-5.372505066,-5.625700792,-5.831842553,-5.962722992,-6.068697572,-6.178490354,-6.28509723,-6.344167558,-6.312384816,-6.260084569,-6.179802751,-6.119946456
5.2,-2.906577783,-3.084685232,-3.203372206,-3.333768763,-3.480285893,-3.647095644,-3.853434576,-4.090976688,-4.398371758,-4.709447434,-5.075297396,-5.456383242,-5.780475515,-6.134162008,-6.376012197,-6.529115941,-6.628605161,-6.517536024,-6.334253698,-6.02701481,-5.56176256,-5.059326271,-4.439062916,-3.77669686,-3.119908537,-2.431492753,-1.804503805,-1.223705759,-0.7137198873,-0.2950670781,0.04174343709,0.2946169413,0.5167073027,0.6572379398,0.8195045662,1.004037884,1.179217079,1.495248749,1.826846307,2.218056977,2.706299294,3.155242984,3.646671033,4.094605413,4.429680517,4.701762766,4.790097117,4.718919944,4.498009315,4.0510198,3.485186178,2.806216131,2.058066952,1.326562612,0.6446847833,0.07843967828,-0.3490816363,-0.5823481178,-0.6480949096,-0.5560245534,-0.29632269,0.06105885997,0.52223959,1.034727609,1.533743775,2.052523968,2.489471474,2.851524076,3.142573934,3.2634978,3.29043151,3.195822134,2.982569512,2.676778583,2.296582291,1.883499049,1.459032656,1.065603183,0.7263694394,0.4749699995,0.3547864492,0.2513552022,-0.3462640902,-0.9113401262,-0.9730434897,-0.7138983746,-0.5935999054,-0.9083497871,-1.105765254,-0.3432313542,0.4091744765,0.7957583703,0.03201262381,-1.58419723,-3.359795786,-4.451112864,-4.520824607,-3.89650367,-2.905039908,-2.308746361,-1.979707374,-1.006599925,-0.582516074,-0.2886919732,-0.1377979323,-0.03414401351,0.09178320337,0.1788437433,0.3130397155,0.3816871802,0.4080561091,0.4451754979,0.543382291,0.5937122232,0.6113921526,0.6357344014,0.648735346,0.6538561628,0.6605191948,0.6499586748,0.6324672395,0.5447257117,0.4966250315,0.4418399236,0.3365427447,0.2266381751,0.1009621758,-0.03779894481,-0.2070931442,-0.3881401998,-0.5700475596,-0.7790790321,-1.019038689,-1.251868523,-1.507778856,-1.789929882,-2.049670441,-2.326676873,-2.629685795,-2.94722377,-3.275888875,-3.548166406,-3.842814353,-4.14012562,-4.446986997,-4.762391648,-5.02630508,-5.258686476,-5.466465053,-5.708122942,-5.930468688,-6.106853283,-6.215517241,-6.292862112,-6.374894258,-6.447325721,-6.472452255,-6.412857604,-6.329218951,-6.218217986,-6.120359698
5.3,-2.35563797,-2.597893927,-2.719039636,-2.832435973,-2.9815247,-3.082109209,-3.256962724,-3.470132349,-3.731837226,-4.087975359,-4.49947857,-4.971749395,-5.475334573,-6.003115996,-6.496718133,-6.92724109,-7.285003537,-7.473866745,-7.538084467,-7.447338942,-7.171454636,-6.773872082,-6.220273532,-5.566583184,-4.864361855,-4.086091754,-3.332224692,-2.603975382,-1.927791441,-1.357368619,-0.8777710366,-0.506911825,-0.2175980275,-0.03251002179,0.120568634,0.2597038242,0.3936773132,0.6182052482,0.8910001696,1.248039967,1.683462961,2.19107021,2.733615155,3.264080509,3.785682283,4.170632827,4.45618361,4.586744835,4.472547319,4.221371013,3.725314825,3.067734797,2.356592546,1.502753622,0.7312091957,0.04465620746,-0.5462742641,-0.875077049,-1.05034451,-1.02821825,-0.798026046,-0.4422335485,0.05632686645,0.6292852172,1.224814615,1.845837003,2.409810202,2.908480469,3.323826745,3.588558408,3.736182876,3.752314296,3.644859336,3.411075108,3.095729422,2.729563109,2.337266957,1.967307183,1.64441203,1.40840042,1.302249153,1.394016362,0.8584491266,0.08480810207,-0.3202510328,-0.2925936772,-0.2314813426,-0.5715728018,-0.8989218551,-0.3338402215,0.1236742906,0.2855198801,-0.6167467834,-2.319761416,-4.197562692,-5.34795291,-5.3099627,-4.332139061,-2.785853213,-1.606472499,-0.9385299387,0.0646123807,0.4618873587,0.7172353608,0.8284689285,0.8626206754,0.9129690726,0.8999635066,0.9383839304,0.9184441446,0.8579097176,0.8051406523,0.8023722092,0.7629235462,0.6919037667,0.6350510601,0.5705144981,0.4940617535,0.4277851531,0.3463353891,0.2619440182,0.1134569134,0.007709352523,-0.1026247814,-0.2537204741,-0.4142079133,-0.5804069379,-0.7525129306,-0.9597485953,-1.159141792,-1.365055143,-1.595424664,-1.845165443,-2.085595326,-2.336118323,-2.613055372,-2.871288325,-3.129370682,-3.413464967,-3.704938081,-3.995535777,-4.239385574,-4.49862796,-4.75318229,-5.012472732,-5.271823579,-5.487025301,-5.669912455,-5.817979046,-6.003434897,-6.162452564,-6.27546106,-6.329097869,-6.347433305,-6.370108228,-6.376497352,-6.339729592,-6.225205994,-6.083631715,-5.917896874,-5.760318036
5.4,-1.93608112,-2.295894706,-2.490646465,-2.649785261,-2.820142569,-2.894360282,-3.025317593,-3.175085785,-3.357076755,-3.649661659,-4.008506024,-4.4574787,-5.00217563,-5.601156299,-6.244463313,-6.882908631,-7.455120475,-7.944950794,-8.279057335,-8.444635999,-8.438755617,-8.199246394,-7.792252266,-7.224684091,-6.51695305,-5.720059089,-4.8663292,-4.003431663,-3.180140151,-2.421662415,-1.770865411,-1.238391499,-0.8126261816,-0.5385428666,-0.3381184824,-0.1969945465,-0.09619142085,0.06386197044,0.2647685778,0.5554391962,0.9445459691,1.442706857,2.016222572,2.621709095,3.255959099,3.800908344,4.26889629,4.592480825,4.677923704,4.590151725,4.223107307,3.642125604,2.92783687,2.015343072,1.116649759,0.2572525633,-0.5069990558,-1.038120008,-1.377249116,-1.483273835,-1.366518845,-1.039467765,-0.5512446374,0.05068868059,0.7311694446,1.436989376,2.127673719,2.763896984,3.313016403,3.72776898,4.007599539,4.147035,4.148099489,3.997949388,3.747704739,3.427083399,3.065077402,2.710660799,2.39798167,2.169890358,2.080754237,2.41054784,2.028133119,1.117828548,0.3464714727,0.07678707159,0.06126208474,-0.2479757439,-0.6180339745,-0.1957108405,-0.02297628543,-0.105439291,-1.176235695,-2.998603353,-4.99286123,-6.219816802,-6.141573299,-4.95656115,-3.044954371,-1.394753529,-0.3227782046,0.7128205623,1.114516206,1.365024392,1.46587697,1.463068785,1.463824252,1.37692362,1.337856657,1.242733865,1.112746732,0.9813795361,0.880218275,0.7563005607,0.6020166933,0.4648464843,0.3220736635,0.1654626984,0.02708042606,-0.1280568876,-0.2801687498,-0.4887108027,-0.6521963027,-0.8184894657,-1.013145028,-1.22159677,-1.426935225,-1.628844422,-1.867366639,-2.078320458,-2.30119115,-2.544021798,-2.794058131,-3.029322574,-3.26084774,-3.518034003,-3.758621344,-3.981242007,-4.227958665,-4.473585417,-4.70520163,-4.898417116,-5.101412985,-5.290983029,-5.47796165,-5.658266539,-5.80232924,-5.912203562,-5.976732601,-6.085510169,-6.160618865,-6.188398282,-6.167891371,-6.111023215,-6.057837854,-5.982313216,-5.871883766,-5.693041783,-5.482184364,-5.253311294,-5.033676362
5.5,-1.15733214,-1.721046495,-2.109662862,-2.43535204,-2.720205895,-2.879263702,-3.034665521,-3.161267795,-3.30442037,-3.487461549,-3.745873274,-4.09523987,-4.53252223,-5.10700206,-5.755810581,-6.472004336,-7.201426499,-7.907369228,-8.513550856,-8.969899502,-9.277366707,-9.301061531,-9.135677767,-8.759228562,-8.147626228,-7.419845957,-6.537262111,-5.588511901,-4.647384366,-3.694785175,-2.844949629,-2.093618578,-1.463798381,-1.000652556,-0.6592975832,-0.4337097351,-0.2615255725,-0.1364891443,0.0346668173,0.2800773604,0.5816007373,1.07405415,1.630846924,2.265109,2.988864954,3.644083613,4.276052642,4.777629444,5.075715855,5.162220043,4.964325626,4.516972558,3.811091334,2.912961916,1.891999631,0.8417067085,-0.0828643609,-0.904443358,-1.452602937,-1.746298756,-1.828672187,-1.574835729,-1.16184006,-0.5788321077,0.1293678163,0.8866134632,1.658847625,2.379671015,3.052964761,3.543988818,3.924975555,4.158845784,4.187935581,4.118081104,3.879259701,3.557489829,3.219579975,2.825188905,2.509899182,2.275354443,2.185283759,2.808462456,2.7314566,1.857951135,0.8097009158,0.2500594143,0.1763211221,-0.04173677758,-0.3776309849,-0.05565170073,-0.1223331675,-0.3818080259,-1.542819999,-3.450290776,-5.564110631,-6.905168055,-6.865544987,-5.612396899,-3.521377943,-1.557175521,-0.123847829,0.9179514134,1.331412091,1.587539453,1.691558526,1.673544529,1.643370576,1.508684793,1.410781212,1.260761139,1.084830093,0.8940675815,0.7080888839,0.5134147671,0.2938970386,0.08995598917,-0.1194532669,-0.3416715847,-0.5391181165,-0.7579939666,-0.9642838938,-1.219172337,-1.426956554,-1.636238318,-1.860327959,-2.10027539,-2.330755944,-2.546959572,-2.797794072,-3.003255856,-3.224982325,-3.461428205,-3.694172562,-3.902484561,-4.094621619,-4.312189473,-4.51391419,-4.681015203,-4.869807165,-5.049543811,-5.201730299,-5.323697672,-5.453720816,-5.561211419,-5.657071213,-5.742992564,-5.802913455,-5.825836739,-5.793191958,-5.818035627,-5.801985118,-5.735536602,-5.636197819,-5.502553259,-5.371886515,-5.21381789,-5.033282363,-4.797214951,-4.519857685,-4.233692544,-3.96645135
5.6,0.5001779108,-0.286742085,-0.9619561198,-1.566113755,-2.077858131,-2.46402252,-2.765789223,-2.988713406,-3.17316057,-3.321825678,-3.501879584,-3.730679112,-4.040439721,-4.474698748,-5.027646434,-5.704802113,-6.455661959,-7.304835019,-8.127244492,-8.876888342,-9.536815114,-9.927744525,-10.12474013,-10.0688842,-9.723990315,-9.173302142,-8.389626579,-7.460053671,-6.440338557,-5.35332212,-4.293303014,-3.285404565,-2.398971712,-1.642417481,-1.055144708,-0.6250813588,-0.2819113969,-0.09434700237,0.1027741294,0.3213524845,0.5511239832,0.9818939305,1.474603397,2.077374045,2.808260872,3.523005401,4.262662495,4.912181595,5.4028466,5.693916777,5.70950939,5.454061494,4.882265918,4.058129601,3.012896446,1.851266065,0.7564864197,-0.3194714822,-1.124282541,-1.672510328,-1.998833872,-1.926910266,-1.665795855,-1.185375625,-0.5416561157,0.1937679853,0.9688836795,1.708910818,2.431426179,2.954668542,3.383829552,3.662076104,3.704311879,3.66469579,3.420105345,3.081135608,2.736104862,2.300140506,1.965880949,1.716720928,1.617532425,2.528152796,2.852156643,2.159198424,0.9308691284,0.1033695573,-0.004646396082,-0.05737113068,-0.2537603155,0.05396505976,-0.1401929044,-0.4492087693,-1.570839648,-3.485247774,-5.685471402,-7.140482191,-7.16185841,-5.91012383,-3.775584115,-1.668032756,-0.03603238167,0.9471272719,1.340685653,1.571525897,1.658130276,1.617034189,1.546048507,1.366345725,1.209488552,1.014713455,0.8032360607,0.5640535799,0.3057667435,0.05000656184,-0.2155240148,-0.4681706719,-0.726530294,-0.9937841908,-1.230704268,-1.493941446,-1.72966333,-2.006866089,-2.234089579,-2.461666629,-2.690784881,-2.933571634,-3.163700885,-3.368075518,-3.602045275,-3.776584446,-3.970637994,-4.174458338,-4.36691057,-4.52156936,-4.651283584,-4.808020147,-4.949636009,-5.043410812,-5.157042777,-5.255770131,-5.315302006,-5.354121339,-5.404331406,-5.424287101,-5.423442001,-5.413964902,-5.391680388,-5.330383738,-5.204930334,-5.155875789,-5.059621821,-4.909419672,-4.745382937,-4.551743312,-4.360860194,-4.138734267,-3.90911828,-3.639548963,-3.315667339,-2.993939823,-2.707538033
5.7,3.020312172,2.094240622,1.192673615,0.3128483116,-0.4872347897,-1.179864955,-1.747859616,-2.195648878,-2.549924902,-2.78339162,-2.98209063,-3.159686825,-3.372969386,-3.652191251,-4.050173714,-4.591621132,-5.235647752,-6.096287584,-7.013531829,-7.972171401,-8.958119086,-9.74795103,-10.40073406,-10.79938718,-10.88921956,-10.69133224,-10.18523659,-9.444082552,-8.47963932,-7.384241521,-6.192730066,-4.973161115,-3.850894306,-2.761672316,-1.869740818,-1.143749192,-0.5271040672,-0.1664710343,0.149200731,0.4006296664,0.6213103688,0.9682629206,1.383026059,1.927410114,2.579011523,3.340524952,4.132146079,4.89196766,5.594074435,6.081753634,6.369399172,6.380450935,6.051630879,5.419500739,4.479283887,3.337841514,2.110883651,0.8645543935,-0.2222982021,-1.09354447,-1.692565543,-1.957572811,-1.943574288,-1.676571333,-1.224773892,-0.5989459053,0.08420570863,0.782613591,1.464097129,2.01414037,2.45551136,2.742360764,2.860698144,2.79172683,2.573798484,2.247744157,1.838794819,1.421568412,1.038670311,0.753753489,0.660582537,1.707632774,2.386901097,1.96205818,0.6733820789,-0.3642959035,-0.4789842536,-0.2995435557,-0.2395459352,0.1787024522,-0.003460379571,-0.2372082761,-1.193853592,-3.021486403,-5.233540332,-6.760740198,-6.828788041,-5.62228018,-3.570095484,-1.495272335,0.130658558,0.993684754,1.329376722,1.495796662,1.53776548,1.460770794,1.333708171,1.10451099,0.8872597958,0.6578735733,0.415067393,0.1357205359,-0.1788560782,-0.4872133362,-0.7809409873,-1.061937197,-1.348368799,-1.640817426,-1.898152362,-2.184239504,-2.422585148,-2.697818713,-2.919428591,-3.140972996,-3.352353113,-3.570554836,-3.776827871,-3.946305042,-4.138729505,-4.262792127,-4.409495349,-4.560953746,-4.697553582,-4.782421336,-4.837804211,-4.922844589,-4.995117723,-5.011701643,-5.046030554,-5.061347411,-5.030999121,-4.990819375,-4.967445042,-4.908899453,-4.822758553,-4.73156142,-4.641226582,-4.513787075,-4.315672277,-4.213128659,-4.058510059,-3.84909689,-3.645077871,-3.415612753,-3.191498166,-2.934048889,-2.681981966,-2.406356305,-2.063974153,-1.734163234,-1.457588765
5.8,5.660790927,4.845093366,3.939281298,2.959109242,1.971382249,1.025420511,0.1723964725,-0.5657576863,-1.174147852,-1.622019825,-1.958427348,-2.199497742,-2.419611146,-2.599802668,-2.863896566,-3.236841308,-3.696392109,-4.426396679,-5.27424911,-6.274977883,-7.42270439,-8.531293693,-9.60939709,-10.50565704,-11.15409222,-11.46672063,-11.44136966,-11.09979801,-10.40806981,-9.500771882,-8.359847875,-7.09153328,-5.830395774,-4.510569914,-3.339683784,-2.29680173,-1.388751898,-0.7379615892,-0.2134492609,0.1707121578,0.4921424777,0.8084798189,1.193908994,1.692579414,2.275806772,3.055830583,3.883169204,4.743813111,5.615673217,6.325083656,6.889154364,7.197803905,7.188057675,6.824263992,6.104403401,5.095010654,3.855721957,2.507171717,1.182840068,-0.002229132248,-0.9272008133,-1.572559766,-1.886603387,-1.914538285,-1.719678091,-1.276742041,-0.7350063077,-0.1231475793,0.4981217783,1.047766855,1.496780001,1.800490057,1.970226098,1.899648735,1.695911019,1.363744307,0.8957783675,0.4423015542,-0.02079416991,-0.384877468,-0.5200818107,0.478191755,1.419517969,1.344918694,0.1191850271,-1.104420789,-1.247764446,-0.7968526677,-0.3609343701,0.3018470085,0.2306971087,0.1278591427,-0.6033370582,-2.290480868,-4.46500002,-6.045613595,-6.142761035,-4.968145445,-3.021282598,-1.050795901,0.4539643798,1.174499507,1.43421358,1.518728149,1.503081649,1.385573197,1.199396821,0.9230282837,0.6532863231,0.4008977554,0.1313708072,-0.1789111739,-0.5321494538,-0.8832026299,-1.192296745,-1.485148569,-1.781941661,-2.088705837,-2.355713371,-2.651167611,-2.875912774,-3.13556844,-3.339704833,-3.545465059,-3.730199056,-3.912205688,-4.086418273,-4.213891604,-4.358954156,-4.430498762,-4.528972376,-4.625517959,-4.706751234,-4.726120744,-4.713723545,-4.732636714,-4.742859607,-4.694449768,-4.660341517,-4.603052343,-4.500212414,-4.397364887,-4.314832203,-4.194864289,-4.044134076,-3.890869712,-3.748651816,-3.576584548,-3.328268324,-3.190094968,-2.99579401,-2.750338384,-2.526117437,-2.276909576,-2.04010406,-1.769610363,-1.511879656,-1.24633479,-0.9059146834,-0.5866116449,-0.3361196634
5.9,7.529624199,7.099297352,6.488861129,5.707340959,4.811509348,3.828623698,2.847111019,1.904795973,1.057231779,0.3503964843,-0.2141011471,-0.6367220809,-0.9908231562,-1.199479593,-1.433035931,-1.705418164,-2.005820464,-2.553273477,-3.223018197,-4.101304742,-5.205669886,-6.433334425,-7.76805907,-9.061401611,-10.24980724,-11.14589242,-11.74478598,-11.99345011,-11.80604139,-11.3188017,-10.4663849,-9.375697531,-8.159626013,-6.783141755,-5.446754867,-4.153690977,-2.988020166,-1.997697082,-1.193182433,-0.5716472759,-0.02762301116,0.3608831207,0.805383107,1.310492515,1.86528646,2.649358082,3.49589882,4.432322636,5.411105898,6.324545535,7.123014629,7.706803385,8.032179212,7.963970306,7.543291483,6.764418993,5.659227678,4.324054214,2.889086747,1.498748948,0.2685903321,-0.691084138,-1.344401056,-1.688920014,-1.748044114,-1.536746197,-1.153265928,-0.65825861,-0.1090708663,0.4055303804,0.8461859545,1.163866037,1.324719709,1.276473831,1.050255569,0.6711343748,0.1584885108,-0.4114989925,-0.9793960677,-1.459706424,-1.690129768,-0.8730847428,0.21220454,0.4987808741,-0.575071628,-1.955539826,-2.149947944,-1.419185026,-0.5504239519,0.418200754,0.4712920706,0.4729747549,-0.057421273,-1.609107798,-3.750012892,-5.376869693,-5.449215987,-4.217091565,-2.302629475,-0.4416916377,0.8813749173,1.464960506,1.647115875,1.649722974,1.574754895,1.418679916,1.178907313,0.8614863145,0.552410108,0.2853661337,-0.007088012504,-0.3400330083,-0.716630422,-1.09924511,-1.416803141,-1.710003471,-2.00300025,-2.32090483,-2.592693482,-2.889699558,-3.093191409,-3.331098113,-3.51464299,-3.70400974,-3.861743455,-4.006165048,-4.147695559,-4.233909883,-4.337553042,-4.362530943,-4.42000735,-4.466876525,-4.499857853,-4.466218351,-4.398878205,-4.363866302,-4.324161208,-4.225975783,-4.138495687,-4.022977672,-3.867571791,-3.718367623,-3.591662028,-3.426794152,-3.230442418,-3.03324356,-2.85248546,-2.65350793,-2.372043253,-2.211432466,-1.990417651,-1.725224076,-1.493725174,-1.233539425,-0.9965212272,-0.7259817531,-0.4705881955,-0.2230212427,0.1043360556,0.4037937369,0.6211611812
6,8.089864215,8.193551034,8.097607656,7.784797492,7.291868765,6.581677985,5.762348087,4.859315834,3.933393364,3.061704688,2.274763955,1.611851392,1.033242626,0.6445188746,0.2963207722,-0.01676915732,-0.2879019273,-0.7148832595,-1.220272108,-1.912511699,-2.839181023,-3.974454037,-5.326610178,-6.790935871,-8.315776478,-9.713099482,-10.92207891,-11.83111231,-12.31390118,-12.42642825,-12.09254583,-11.41334153,-10.46032967,-9.240898194,-7.914454256,-6.517012974,-5.183458896,-3.904067702,-2.807463539,-1.887005991,-1.048630086,-0.4677588481,0.1276596967,0.7123350226,1.298452309,2.087110766,2.941655639,3.917985006,4.951702887,6.013380644,6.990085161,7.803886223,8.432183647,8.664350212,8.579770257,8.11127049,7.258362228,6.090897836,4.709095678,3.267188787,1.865689596,0.6829536721,-0.2501372829,-0.8814448995,-1.192819662,-1.224985156,-1.026380705,-0.6814589047,-0.2368821342,0.2055037681,0.6077523399,0.9141526104,1.047624783,1.014481246,0.7657433303,0.3458431433,-0.1995734195,-0.8770529211,-1.540860137,-2.132002337,-2.459050264,-1.934331111,-0.9280793327,-0.4316523878,-1.326252823,-2.764457552,-2.982555297,-2.023853642,-0.7955326625,0.4288437499,0.5746984633,0.6643812269,0.3312489419,-1.050125547,-3.130813443,-4.768788661,-4.761047645,-3.416371288,-1.507419594,0.2002873802,1.273777435,1.738904242,1.853504438,1.780173257,1.649386174,1.463680162,1.178634707,0.8256703879,0.4926097106,0.2185610694,-0.09360995017,-0.4411489423,-0.8247953852,-1.224925854,-1.545329934,-1.826433532,-2.09988104,-2.423954972,-2.693400906,-2.981030896,-3.153984381,-3.363723781,-3.521467099,-3.691497456,-3.820968167,-3.926055578,-4.033093526,-4.077162308,-4.146069649,-4.129576389,-4.152804551,-4.154882448,-4.146002098,-4.072184256,-3.961732619,-3.884655254,-3.806378077,-3.672501742,-3.54568666,-3.38454252,-3.195184304,-3.013864177,-2.855734084,-2.659641704,-2.434033402,-2.207441815,-1.997571463,-1.786462938,-1.484074814,-1.309963514,-1.069685568,-0.7957764849,-0.5656311442,-0.2965153663,-0.06628431967,0.1975383818,0.4503231618,0.6775975107,0.9873690142,1.264479307,1.448495124
6.1,7.257344072,7.885033826,8.344092635,8.610324945,8.68520007,8.491640008,8.104219415,7.519737365,6.797346733,5.959900811,5.102830134,4.274466957,3.469259171,2.838486305,2.266149072,1.783322585,1.392482428,0.9716653485,0.5375547584,-0.01010240656,-0.7124146492,-1.641984774,-2.800279029,-4.168594137,-5.741589947,-7.374026369,-8.998949649,-10.46382856,-11.62445749,-12.4215841,-12.76808186,-12.70270389,-12.2302639,-11.40231901,-10.30489905,-9.008339397,-7.674510734,-6.242482696,-4.933868251,-3.740781445,-2.605442749,-1.760171093,-0.9420538915,-0.2023416167,0.4868942127,1.306701609,2.179132876,3.177025724,4.235034284,5.394562349,6.501936609,7.50283496,8.390725346,8.913980598,9.17176129,9.056367727,8.530133512,7.651514842,6.461909057,5.110262937,3.690116194,2.377619019,1.245311947,0.3723656697,-0.1865457529,-0.4631362641,-0.4740551554,-0.3029716352,0.002703447238,0.3593458923,0.7076867076,0.9930397418,1.128842791,1.115764065,0.8881574915,0.4781293266,-0.06772065378,-0.7900208159,-1.517072745,-2.191644665,-2.601562674,-2.559784281,-1.926486227,-1.438047556,-2.204677992,-3.689608495,-4.011829885,-2.958258959,-1.450440342,0.04608590155,0.33771772,0.5905522759,0.5837650872,-0.4313616228,-2.292827631,-3.895352091,-3.86488112,-2.499310415,-0.6640593589,0.8431196439,1.643181718,2.012374648,2.076158015,1.937914319,1.755762991,1.548353696,1.224105855,0.8389722394,0.4893561782,0.2077567737,-0.1246987898,-0.4850743457,-0.8683763966,-1.277779134,-1.599427987,-1.86266662,-2.109087705,-2.431917636,-2.691617392,-2.960007089,-3.092295169,-3.266555933,-3.389937077,-3.534047262,-3.629351121,-3.688844797,-3.757979262,-3.755084769,-3.791241275,-3.734673359,-3.728936531,-3.688788156,-3.640879399,-3.540251995,-3.396868451,-3.287516824,-3.182182502,-3.027511131,-2.875171554,-2.679279476,-2.475245957,-2.277823651,-2.100300876,-1.886029186,-1.649563202,-1.407127789,-1.176052338,-0.969097716,-0.6576528956,-0.4782482382,-0.2242378961,0.04754974128,0.2677353414,0.5472644162,0.7642616347,1.015468595,1.268446343,1.475888906,1.765398808,2.019816174,2.174197708
6.2,5.306954561,6.306139885,7.191778052,7.954299964,8.552473027,8.924534254,9.071272118,8.970075356,8.690460648,8.119829615,7.445231989,6.669457812,5.79477639,5.025174682,4.260571597,3.593804873,3.01875975,2.527518382,2.073282561,1.590674628,1.08343663,0.3693109695,-0.4918754843,-1.579588143,-2.944864991,-4.490161381,-6.215654245,-7.964741138,-9.62625906,-11.03775751,-12.10511877,-12.77563122,-12.96567222,-12.75312254,-12.12436102,-11.17676885,-10.06089739,-8.696591405,-7.341225671,-5.992957604,-4.657277321,-3.54017966,-2.480448964,-1.534763066,-0.6623327993,0.2271575845,1.154064229,2.177329443,3.24599556,4.461477737,5.653676245,6.797888926,7.881832727,8.677188147,9.2531676,9.492053286,9.34658172,8.820693231,7.941180716,6.814309795,5.517194197,4.202463237,2.972731458,1.932140389,1.15058756,0.6496803285,0.4147928598,0.3883967514,0.5396106529,0.7794926552,1.060756993,1.315304224,1.460872281,1.480327366,1.305242625,0.9522328665,0.4374356422,-0.2618727155,-1.013139319,-1.742361099,-2.201542091,-2.861472578,-2.872581249,-2.584598866,-3.309904122,-4.940104651,-5.569145494,-4.572950111,-2.779548486,-0.8551404823,-0.2665093477,0.2691462216,0.7566922223,0.3502055418,-1.080374965,-2.623501988,-2.737360763,-1.543395636,0.1236043481,1.444982215,2.034866263,2.332638026,2.366504413,2.184079805,1.960898277,1.73920068,1.384844696,0.9769422974,0.6128045798,0.3180425342,-0.03465702321,-0.410050633,-0.7963186435,-1.215832635,-1.540922136,-1.793347009,-2.023451979,-2.339311211,-2.588971692,-2.839335929,-2.928667135,-3.065764867,-3.150051113,-3.264703623,-3.32023629,-3.325214167,-3.355285069,-3.299731652,-3.299491574,-3.201583462,-3.169446695,-3.087287663,-2.999635398,-2.883285038,-2.713706824,-2.5800419,-2.457120709,-2.295004059,-2.13017672,-1.90957887,-1.709037421,-1.509952798,-1.326787211,-1.107587799,-0.877606222,-0.6341677222,-0.3915692162,-0.2052644317,0.1043412418,0.2773879361,0.5366601887,0.7959633519,0.9971043708,1.284607715,1.480467105,1.714431771,1.964631032,2.151599443,2.419643083,2.649848611,2.777252409
6.3,2.72319637,3.863137602,4.958296574,6.00864271,6.949994863,7.750738167,8.355528339,8.73486624,8.954701918,8.817898598,8.535696327,8.063312115,7.390931767,6.715743804,5.957586695,5.243516148,4.567450092,4.012549719,3.507016401,3.029726277,2.625948478,2.070910218,1.468160947,0.6843688732,-0.3566633556,-1.612735581,-3.146154237,-4.846974395,-6.678735724,-8.443144814,-10.06505631,-11.40801386,-12.31535363,-12.83642257,-12.86797189,-12.50139445,-11.8277364,-10.79983786,-9.627845472,-8.332928672,-6.989281567,-5.704577238,-4.474579149,-3.335622988,-2.249224684,-1.241358383,-0.2071618123,0.8751742729,1.980989927,3.231602665,4.481761718,5.729178395,6.943561954,7.967756883,8.808541747,9.36404246,9.598510812,9.443167218,8.945211632,8.152301681,7.110207539,5.952812851,4.770501673,3.687110925,2.775744483,2.104931825,1.668023387,1.439484933,1.414870195,1.497461079,1.667589108,1.843837947,1.958291556,1.973566589,1.830475538,1.53274937,1.049677444,0.4145129996,-0.3238364962,-1.066593434,-1.524024377,-2.911121202,-3.723326997,-3.825715156,-4.596495256,-6.398563465,-7.429728652,-6.601895548,-4.537408798,-2.06523737,-1.038169106,-0.1311687614,0.8865048257,1.133612208,0.2125294442,-1.253595361,-1.631775997,-0.7562133997,0.6873678216,1.885728432,2.389226977,2.645684095,2.676979905,2.478254428,2.235436033,2.016228189,1.648715062,1.237812662,0.8674021093,0.5624945674,0.1949514468,-0.1934672333,-0.5841593118,-1.016569503,-1.346782577,-1.601229223,-1.832934671,-2.14221629,-2.39160282,-2.633663634,-2.691316619,-2.798824267,-2.850639165,-2.940611133,-2.959908331,-2.906691362,-2.901831982,-2.794071085,-2.752927998,-2.616305844,-2.558619636,-2.434681173,-2.306542285,-2.182065252,-1.990883436,-1.840282911,-1.703978175,-1.545791768,-1.378269006,-1.140628796,-0.9600025977,-0.766034527,-0.59047487,-0.3772126455,-0.1631138872,0.06634228049,0.3132787878,0.4681292469,0.767423606,0.9264345027,1.182442819,1.423096827,1.6025596,1.892071161,2.062049153,2.280706006,2.519399659,2.688914657,2.937138453,3.14112344,3.247520332
6.4,0.001554315992,1.065906217,2.158657029,3.276236823,4.344905896,5.376720325,6.272087911,7.011203492,7.645052659,7.96118612,8.141260544,8.112456409,7.854491494,7.499482864,6.994090146,6.450528728,5.860710043,5.348273985,4.848050744,4.38010327,4.007825054,3.54148233,3.086767583,2.511312656,1.75359102,0.798589555,-0.4216713501,-1.863588629,-3.56122341,-5.343055573,-7.18752137,-8.926524173,-10.38816688,-11.55433537,-12.27247801,-12.58774201,-12.49839059,-12.01962271,-11.25106113,-10.24630043,-9.124571166,-7.88006224,-6.647605887,-5.429363904,-4.210124402,-3.082837244,-1.926460574,-0.7535221878,0.4429198172,1.739491112,3.061000313,4.401848293,5.715631606,6.925975055,7.976363635,8.793874096,9.34958764,9.535853314,9.40884944,8.976592058,8.255157169,7.358161444,6.34672431,5.343429592,4.430951869,3.669826926,3.097799351,2.706021752,2.499678831,2.420304575,2.44100205,2.494531391,2.531841453,2.493441687,2.343216121,2.068653117,1.616494309,1.046509435,0.3560893736,-0.3492312694,-0.7721816835,-2.676712352,-4.276791034,-4.907732279,-5.799209129,-7.715517169,-9.114716819,-8.549032012,-6.336462756,-3.341702478,-1.823384018,-0.5224213787,0.9298491603,1.688515684,1.230706328,-0.1079667849,-0.7237163422,-0.1912865592,1.016853505,2.140903485,2.660371039,2.899859252,2.954884283,2.762961067,2.522106952,2.326285597,1.960268883,1.567939887,1.200984649,0.8918636662,0.5151809948,0.1167506288,-0.2809610325,-0.7297627115,-1.06777737,-1.343471077,-1.590655555,-1.906570712,-2.173479896,-2.418253336,-2.475877927,-2.561058604,-2.602047903,-2.680289256,-2.671096777,-2.569968954,-2.533523109,-2.381177431,-2.295750343,-2.122339066,-2.036689883,-1.869475496,-1.69361504,-1.563537741,-1.350078694,-1.181998155,-1.030494218,-0.8797113857,-0.7112834001,-0.4584896416,-0.3056427726,-0.1171028408,0.04411718265,0.2466621531,0.4435703357,0.6491533165,0.8979648549,1.018078745,1.300304025,1.446080508,1.693391912,1.913836235,2.075693562,2.360812655,2.504973216,2.716446864,2.9341038,3.094285011,3.326263423,3.50281951,3.600081222
6.5,-2.470320514,-1.636273976,-0.7052817026,0.3083501701,1.325785043,2.413303414,3.429506102,4.37424511,5.285045116,5.961883857,6.548735738,6.958672656,7.165000545,7.233376228,7.124388732,6.913362121,6.585827398,6.253111943,5.872281182,5.486046209,5.154982916,4.761209309,4.388193202,3.938061551,3.381015055,2.661707661,1.741389785,0.6110442334,-0.7989597095,-2.369148555,-4.131351039,-5.939520679,-7.665224331,-9.230663713,-10.48740934,-11.41656853,-11.92453511,-12.07761137,-11.8471104,-11.31083619,-10.59132003,-9.607439123,-8.56356096,-7.434319035,-6.243875618,-5.070002732,-3.850213926,-2.605743687,-1.301761822,0.04782935504,1.45735666,2.890689362,4.297358853,5.652412868,6.864336119,7.884636475,8.675656042,9.141158577,9.314278344,9.195120736,8.778370869,8.158657811,7.370664574,6.519422001,5.708125614,4.93841728,4.3199638,3.838650757,3.491384782,3.291847992,3.174365866,3.109579382,3.059148715,2.95877841,2.78676608,2.519191181,2.113379191,1.603327075,0.9934105552,0.3691141113,0.001826275985,-2.140572461,-4.36784406,-5.539412422,-6.588599392,-8.59262946,-10.36228819,-10.19716887,-8.030503702,-4.639492812,-2.6864629,-1.033303335,0.7698119383,1.945437288,1.931579979,0.8012646338,0.05833367023,0.294648935,1.255856261,2.287122778,2.832482731,3.060569488,3.150571814,2.973670363,2.743897262,2.582143653,2.222896729,1.862493777,1.503307105,1.191942564,0.8077755437,0.4002204386,-0.008333413098,-0.4768068474,-0.8253012123,-1.143094786,-1.412373941,-1.754123658,-2.056142849,-2.310031589,-2.410535133,-2.473768065,-2.532856119,-2.613231634,-2.579257708,-2.452025797,-2.378905895,-2.192396747,-2.056107946,-1.839480291,-1.715504344,-1.497108442,-1.25352054,-1.110048631,-0.8648845499,-0.662813192,-0.4890948933,-0.3353525047,-0.1575429768,0.1132070866,0.2452865159,0.4277833038,0.5756688146,0.7669701483,0.9472175891,1.124737347,1.371230707,1.457604618,1.713015139,1.849716402,2.082188979,2.28136281,2.430475994,2.701954893,2.823074034,3.035861041,3.223959068,3.384031242,3.603556321,3.753572311,3.855382102
6.6,-4.289705236,-3.786482911,-3.133734434,-2.355240347,-1.52248017,-0.5355725724,0.4480766846,1.440421425,2.468241249,3.358520864,4.216934368,4.956336227,5.539188915,6.000702387,6.289971647,6.452565515,6.475122713,6.413543994,6.262873588,6.058419416,5.848003374,5.578784202,5.308094009,4.980956682,4.589017197,4.073980748,3.416402545,2.586213273,1.506356208,0.2479591268,-1.251752343,-2.89472727,-4.601009638,-6.301175827,-7.856620707,-9.213302367,-10.23058411,-10.96354452,-11.30733029,-11.32652081,-11.1124863,-10.55733889,-9.862055265,-8.991027563,-8.000904067,-6.913379442,-5.747012545,-4.513822672,-3.162951488,-1.79527292,-0.3277046682,1.165629612,2.638908434,4.080020075,5.394738982,6.546618345,7.482842276,8.146646942,8.533599178,8.65681405,8.494333868,8.136270366,7.588609188,6.937728945,6.308672522,5.62396881,5.064905588,4.594614084,4.200351208,3.954786565,3.760025923,3.625610837,3.508656938,3.374100005,3.187167938,2.930585737,2.586732407,2.141584958,1.636027994,1.120058148,0.8343271089,-1.295742664,-3.920209324,-5.573226638,-6.810824663,-8.939100247,-11.15790918,-11.57988755,-9.687042185,-6.082879496,-3.833132021,-1.891876296,0.2650076869,1.899077141,2.38238301,1.545656174,0.7916196024,0.8049512893,1.513209957,2.391561002,2.893256453,3.106035271,3.222319288,3.05662935,2.837133582,2.701299508,2.35090004,2.024638529,1.672612144,1.360400122,0.9685383512,0.5534816895,0.1379819902,-0.3490088354,-0.7055376673,-1.072641226,-1.365747345,-1.738875967,-2.08259589,-2.346290328,-2.515699002,-2.559340676,-2.657151312,-2.747007895,-2.69464748,-2.561198385,-2.445631846,-2.239163961,-2.042153446,-1.779218534,-1.603520033,-1.323704473,-0.994887838,-0.820861894,-0.5348747093,-0.2759283269,-0.07003535117,0.1015645538,0.3017194291,0.5923127921,0.7176731843,0.8913247944,1.030343096,1.209317146,1.373527652,1.52081285,1.756969341,1.815394207,2.031042088,2.165805549,2.377329383,2.555760656,2.700200712,2.948340245,3.055807184,3.279003795,3.435063918,3.606394604,3.820152871,3.950898895,4.070100658
6.7,-5.076953005,-4.958842651,-4.658007716,-4.205721512,-3.653838564,-2.897479589,-2.080703535,-1.189801369,-0.2104491276,0.726055894,1.681845037,2.58174987,3.381228207,4.103238734,4.685355572,5.152800169,5.496022476,5.72033157,5.846790301,5.891355129,5.890578972,5.819492289,5.723202412,5.574955948,5.366587245,5.071038153,4.658542872,4.10709353,3.347350194,2.410708162,1.232369232,-0.1397133795,-1.642674198,-3.281275971,-4.897793471,-6.45033642,-7.811505229,-8.961983927,-9.805920272,-10.35163845,-10.65823681,-10.60054201,-10.35287605,-9.874221246,-9.21699164,-8.384737291,-7.41912721,-6.33774547,-5.077267123,-3.791963602,-2.361234527,-0.8830096963,0.5825466772,2.053470745,3.408183231,4.631038041,5.657885499,6.459468757,7.009678727,7.327937786,7.400076431,7.287373554,7.001797179,6.601724635,6.209103711,5.716012412,5.314434201,4.959588827,4.629926131,4.424067107,4.234167195,4.094054071,3.960650375,3.825046185,3.646485608,3.417102495,3.142159292,2.773788512,2.382009023,1.987876429,1.794341678,-0.1625190066,-2.997539436,-5.084287658,-6.565285354,-8.889471979,-11.67255905,-12.87688781,-11.46803691,-7.806788933,-5.375132328,-3.182182473,-0.6209168139,1.573918877,2.642695376,2.169612031,1.489530009,1.362077514,1.839703598,2.511249678,2.870267135,3.060080701,3.180027681,3.015369567,2.797991311,2.665863687,2.32289914,2.021043647,1.670910249,1.354784213,0.9530122932,0.5315223745,0.1148758343,-0.3858139257,-0.745349003,-1.155053045,-1.470251179,-1.865596265,-2.245130585,-2.515534741,-2.753292929,-2.785980074,-2.928752586,-3.027256455,-2.972028002,-2.842992345,-2.687029626,-2.480772062,-2.214463261,-1.917574554,-1.681489808,-1.333864597,-0.9209042546,-0.6927889734,-0.3645543539,-0.02887173942,0.220994062,0.4262264529,0.6639766329,0.9760303632,1.116265787,1.280216397,1.422685053,1.592585474,1.744547978,1.869600182,2.088945914,2.133941256,2.305895376,2.447059823,2.638544801,2.803068998,2.952476564,3.175381903,3.284893269,3.524873316,3.658728825,3.847289803,4.064303915,4.189280552,4.326427099
6.8,-4.59785459,-4.877415132,-4.954300953,-4.871502748,-4.668328774,-4.226926457,-3.686609381,-3.02361109,-2.2378244,-1.415789563,-0.5349544947,0.3423138101,1.188973252,1.988828992,2.710613716,3.3538911,3.893527135,4.351497308,4.712571682,4.996745952,5.237083611,5.389824751,5.514762884,5.585483044,5.58509933,5.520727816,5.341315643,5.039598831,4.567885089,3.910825996,3.03792151,1.956417457,0.7118173356,-0.7345743651,-2.243957715,-3.786599721,-5.273777263,-6.630505459,-7.795079748,-8.72754407,-9.45737157,-9.856251709,-10.0581034,-10.01968434,-9.768040125,-9.310940435,-8.672692094,-7.881222625,-6.862129726,-5.785087759,-4.515075343,-3.154112257,-1.789903344,-0.3506888222,0.9866090675,2.234997281,3.324072926,4.228876803,4.920244031,5.409184713,5.712201903,5.829751107,5.818794886,5.699830448,5.566282539,5.339008401,5.157678572,4.993618149,4.813896797,4.720866367,4.609039486,4.523057212,4.431820935,4.328492556,4.190203329,4.009003697,3.811572661,3.527937995,3.25044609,2.981666937,2.871771515,1.164189589,-1.759142545,-4.252643523,-6.042128235,-8.636704646,-12.0895504,-14.23312593,-13.43295279,-9.757660765,-7.159132573,-4.719828666,-1.72753961,1.090566665,2.797792724,2.718228143,2.145219982,1.930551285,2.201344387,2.623003126,2.742834505,2.893456365,2.989611327,2.813670966,2.583471274,2.432276628,2.0910638,1.79561528,1.44449117,1.113379944,0.7012508243,0.2764588084,-0.1417733229,-0.6417915664,-1.000275784,-1.435474692,-1.760623636,-2.162876035,-2.559227793,-2.825695281,-3.111108742,-3.138580161,-3.317041046,-3.415451466,-3.374035644,-3.251537727,-3.063666454,-2.876862367,-2.539820453,-2.232753787,-1.933045177,-1.51692311,-1.037452262,-0.7268176509,-0.3560332075,0.07388147076,0.3870067767,0.6496263231,0.9496917707,1.294475259,1.486896003,1.652548055,1.825649936,2.003533415,2.154145883,2.281563016,2.483829716,2.535184058,2.671619706,2.822211355,2.998243801,3.154723331,3.309890187,3.507372815,3.627342959,3.877230228,3.998794525,4.195718796,4.415115415,4.54110735,4.679374838
6.9,-2.913072107,-3.544090191,-3.97073737,-4.246596957,-4.410932073,-4.315977551,-4.11394575,-3.759998248,-3.263203569,-2.678604527,-2.005302588,-1.299723221,-0.5540476471,0.1568683276,0.8619066701,1.532713868,2.112128827,2.692568038,3.177029084,3.612665946,4.036257622,4.360699308,4.677594154,4.941620502,5.130787725,5.269257761,5.292726923,5.200838341,4.970777267,4.54190853,3.930808015,3.119819346,2.119657274,0.9308515439,-0.383303346,-1.779332531,-3.197880852,-4.568425934,-5.838143057,-6.963120759,-7.932272251,-8.662432359,-9.212312007,-9.550819976,-9.696627346,-9.616567931,-9.350187114,-8.905596815,-8.205788736,-7.407893347,-6.378696937,-5.214349275,-4.012752662,-2.67511183,-1.40839652,-0.1884254948,0.9188135076,1.871312624,2.655381334,3.268657139,3.743797477,4.056130501,4.279976911,4.416892575,4.534372505,4.578521409,4.640354673,4.700795159,4.719822375,4.787380658,4.8074373,4.825475038,4.819091481,4.782760409,4.708556661,4.59105856,4.472850085,4.273018951,4.099284075,3.943929338,3.909587042,2.492001105,-0.3916681269,-3.230007239,-5.360950689,-8.266303951,-12.41208339,-15.5425629,-15.36832242,-11.6431798,-8.826524222,-6.133013126,-2.747653938,0.6245287864,2.892921774,3.159454377,2.672324823,2.368973878,2.428022976,2.569944303,2.394951669,2.49208942,2.542605662,2.349757979,2.095387856,1.913295445,1.57499933,1.269426237,0.9274422636,0.5726184754,0.158320693,-0.2582387097,-0.6763071289,-1.145478619,-1.496623448,-1.924007175,-2.233174237,-2.615418098,-2.990932573,-3.228787768,-3.515963259,-3.530540651,-3.709862645,-3.78643425,-3.757697672,-3.628388033,-3.418291469,-3.250090275,-2.854884344,-2.557115383,-2.198642431,-1.724061241,-1.2000353,-0.7958592197,-0.3750723613,0.1511075616,0.5502171875,0.8954167021,1.283218998,1.684957205,1.965625506,2.162329096,2.395599154,2.611467084,2.772693726,2.931510879,3.125251666,3.18775117,3.305004719,3.450900375,3.609579565,3.75073687,3.891196639,4.058064326,4.169212521,4.409059006,4.507295217,4.690796386,4.894764972,5.006263396,5.128379995
7,-0.3467508135,-1.214877475,-1.906474065,-2.475061313,-2.960190956,-3.191708281,-3.327602705,-3.305070943,-3.130065936,-2.849214843,-2.457651983,-2.012442502,-1.483050108,-0.9729571758,-0.4195839577,0.1361374445,0.6174880487,1.165889868,1.632215497,2.08324439,2.554724606,2.94350287,3.349602872,3.716674376,4.029680241,4.299372966,4.474293636,4.546952884,4.502157072,4.270395506,3.879059513,3.307072127,2.538993955,1.610208477,0.527478631,-0.6536024497,-1.89304145,-3.138085747,-4.342019811,-5.476944925,-6.491625103,-7.381083475,-8.115488958,-8.689355797,-9.131327415,-9.336911686,-9.389490628,-9.253355764,-8.86331344,-8.333573609,-7.557539549,-6.617960891,-5.590879172,-4.41336419,-3.261173549,-2.130339343,-1.081316562,-0.1652028043,0.6152910677,1.25609659,1.788678114,2.206248187,2.569101718,2.883838243,3.198579484,3.47405016,3.765213507,4.049532187,4.293733969,4.544064124,4.735163888,4.896493522,5.001469011,5.063337454,5.0661481,5.019519435,4.972825063,4.84732293,4.757351104,4.693574907,4.723280156,3.621759378,0.9273008106,-2.108585407,-4.524966387,-7.698008706,-12.44745241,-16.47630031,-16.87753134,-13.09481159,-10.02900525,-7.083575699,-3.40568991,0.3127809138,2.922702393,3.403116065,2.949894224,2.523856725,2.339910638,2.185274061,1.71619983,1.759651345,1.751387981,1.549389939,1.276498955,1.066267313,0.7505096461,0.433323696,0.1236895764,-0.2432796157,-0.6391943083,-1.024774723,-1.423994511,-1.82841056,-2.151754042,-2.529370492,-2.787134018,-3.11048382,-3.418456673,-3.586102115,-3.82222522,-3.788170114,-3.919988838,-3.936660982,-3.889259036,-3.730882196,-3.486653804,-3.32301309,-2.879581334,-2.600526593,-2.193259729,-1.679335493,-1.139111723,-0.6491183045,-0.1895465361,0.4188784542,0.9069330031,1.341600663,1.82802638,2.29878984,2.6895719,2.939233372,3.254565672,3.530551151,3.709841767,3.918148178,4.106981569,4.176296881,4.275489077,4.395093398,4.519810036,4.620301214,4.715308522,4.827643143,4.894765874,5.091393465,5.13398312,5.278875131,5.435416786,5.502700405,5.595571696
7.1,2.583319081,1.646399162,0.8164134026,0.06294298899,-0.6332418007,-1.134383626,-1.549229427,-1.819901578,-1.952664107,-1.967860297,-1.872634827,-1.712180838,-1.448649262,-1.192678332,-0.8706817123,-0.5287278167,-0.239175167,0.139059217,0.4596568678,0.7911627993,1.155611823,1.484745499,1.845559488,2.193426545,2.534647235,2.837140269,3.093360355,3.275622046,3.352731993,3.295761189,3.086816956,2.719448194,2.181716109,1.476099417,0.6272938174,-0.3245559388,-1.365410062,-2.414950989,-3.471160686,-4.501988968,-5.426274912,-6.323117541,-7.082386349,-7.733570816,-8.319010386,-8.676690219,-8.931113221,-9.004075122,-8.851591915,-8.525859895,-7.964198854,-7.230577562,-6.3533771,-5.360418439,-4.340751829,-3.334668649,-2.420919717,-1.603807045,-0.9292786842,-0.3745571899,0.1087196012,0.4990655797,0.8887537087,1.282862165,1.695091295,2.149458772,2.620468831,3.096256839,3.572578127,3.993588056,4.374170932,4.6989092,4.921112232,5.103435829,5.185627403,5.208571979,5.226375073,5.157664866,5.130979684,5.136329206,5.20995072,4.429256026,2.036135362,-0.9968407778,-3.536437502,-6.828416804,-11.9882597,-16.7296952,-17.61321867,-13.80819053,-10.52908581,-7.401291159,-3.594123181,0.2156745909,2.892258489,3.409882854,2.931452637,2.374698753,1.942899717,1.492398816,0.7475913707,0.7123556022,0.6534213342,0.4473360126,0.1806487942,-0.03804083143,-0.3110868093,-0.5972481846,-0.8641999049,-1.193621865,-1.540247649,-1.865584021,-2.198567086,-2.523274861,-2.773438211,-3.069414353,-3.245973978,-3.470334918,-3.679984207,-3.736430294,-3.894170084,-3.763941872,-3.815611194,-3.740396108,-3.626933796,-3.428112785,-3.118248436,-2.942642402,-2.452800524,-2.183429424,-1.736706021,-1.199774109,-0.6710063638,-0.1071273487,0.356477263,1.025780238,1.582685955,2.082815312,2.660573694,3.182621436,3.684193908,3.979627165,4.384084845,4.712850569,4.912887569,5.168927103,5.334231502,5.416402234,5.463058987,5.545538144,5.606825171,5.630700108,5.657061927,5.667305793,5.671980747,5.774131842,5.736047808,5.815496599,5.887412091,5.895380658,5.928418764
7.2,5.391787817,4.550292915,3.721932674,2.910001575,2.136077927,1.450041281,0.8469497912,0.3596303214,-0.03844370077,-0.2893465033,-0.4616890654,-0.5639854577,-0.5467390025,-0.5518773888,-0.4735250638,-0.3762415594,-0.3207281318,-0.1787702476,-0.08055059013,0.04148972595,0.1945553906,0.3582775574,0.5621726459,0.7828565915,1.045789142,1.289743537,1.542111494,1.760449003,1.895334906,1.961367673,1.887862743,1.67832513,1.34208989,0.8080142133,0.1601048331,-0.5928619356,-1.472224307,-2.328873656,-3.236293061,-4.131392259,-4.915939937,-5.732334397,-6.41357468,-7.023731207,-7.608346914,-7.99208398,-8.313013058,-8.474390012,-8.450773535,-8.2406345,-7.81837749,-7.228125176,-6.459792966,-5.613179208,-4.706475014,-3.816529777,-3.049887066,-2.353851955,-1.834468862,-1.437279118,-1.080205545,-0.8288840179,-0.5172408718,-0.1493445143,0.2524585121,0.8023330845,1.374861,1.981526006,2.643432711,3.202833701,3.751154015,4.223219707,4.560310057,4.851531921,5.009783424,5.097625611,5.163103252,5.143674823,5.160452814,5.213734194,5.318772877,4.850405932,2.826128756,-0.03048654317,-2.498812552,-5.720473389,-11.01094566,-16.20782496,-17.43970042,-13.64824817,-10.23774144,-7.073225916,-3.352549631,0.309050163,2.817492638,3.210108967,2.645367183,1.99162567,1.373722853,0.6561885774,-0.3586460656,-0.511182669,-0.6122652996,-0.8219378478,-1.060552391,-1.262259684,-1.472187214,-1.678612018,-1.884313188,-2.124639295,-2.381510853,-2.610954117,-2.833592674,-3.058086933,-3.19711721,-3.383508838,-3.467882168,-3.564933346,-3.665956359,-3.602945197,-3.670258409,-3.433759201,-3.393121349,-3.226468775,-3.021212915,-2.776289654,-2.395134885,-2.177154253,-1.657779875,-1.365734718,-0.8888547186,-0.3380693308,0.184660069,0.7857795338,1.254125893,1.940267252,2.552111057,3.077086403,3.713712134,4.274451146,4.828406411,5.175430696,5.629160853,5.990687294,6.201353828,6.471498281,6.60877575,6.667854205,6.655346843,6.667844947,6.645979536,6.571699637,6.488686148,6.392369511,6.293765349,6.280308849,6.145759153,6.13320317,6.107945661,6.03783459,6.005721597
7.3,7.736640365,7.108834795,6.403255756,5.653210786,4.921498067,4.156082766,3.464314304,2.84922863,2.258401408,1.842490309,1.459370963,1.145096413,0.9650881667,0.7342655628,0.6019854794,0.4790866544,0.3122465994,0.2218681718,0.08552576835,-0.02830687659,-0.1198755686,-0.178714715,-0.1924614812,-0.166879864,-0.0671150559,0.04732957911,0.2127820337,0.3854224341,0.5090239888,0.61777148,0.6130756932,0.4962033133,0.2927320571,-0.1279734556,-0.6378645443,-1.254665746,-2.0267039,-2.749838116,-3.553059397,-4.340293697,-5.011087016,-5.725752727,-6.299987345,-6.815915893,-7.310187615,-7.634549055,-7.911401536,-8.052407712,-8.042696749,-7.849481995,-7.467601669,-6.925007733,-6.197096042,-5.406573669,-4.547904057,-3.713778184,-3.034949527,-2.427170744,-2.043385128,-1.811400521,-1.614453643,-1.568478215,-1.420698065,-1.183209297,-0.8977870688,-0.3684609939,0.2000857827,0.8444491471,1.595269198,2.230870701,2.883712286,3.453313247,3.877319002,4.244992343,4.463986442,4.603543279,4.705362871,4.726047173,4.775640439,4.864347591,4.990713135,4.843181461,3.239031745,0.6719428726,-1.60058904,-4.587012307,-9.702589491,-15.05782178,-16.49505528,-12.73973241,-9.293179833,-6.252695066,-2.803499386,0.5071698388,2.673029443,2.826470612,2.132864111,1.427835406,0.7332203789,-0.1692508045,-1.434020473,-1.711609495,-1.865851943,-2.075101736,-2.284423856,-2.45443644,-2.57915634,-2.698624857,-2.802770106,-2.941270667,-3.072693942,-3.173525902,-3.274544481,-3.362197938,-3.380395304,-3.433533682,-3.428647023,-3.385224101,-3.380732979,-3.215119746,-3.188869211,-2.869284562,-2.74562328,-2.506318399,-2.223793012,-1.930505054,-1.494907683,-1.226894979,-0.6855517213,-0.3553581836,0.1495537518,0.7099849457,1.246884042,1.856085879,2.336604344,3.014248828,3.658828588,4.182594827,4.839541673,5.416755222,5.967556214,6.350002882,6.803931033,7.16736803,7.365291696,7.608923273,7.709516583,7.703685889,7.633008569,7.54383668,7.429113217,7.247376937,7.027828673,6.835877168,6.603335517,6.477789102,6.23885621,6.123665579,6.006708582,5.84694422,5.765547659
7.4,9.416994936,9.065907764,8.559099934,7.960297391,7.363336445,6.621715505,5.938346114,5.285434536,4.595295129,4.084709795,3.564258209,3.105416558,2.785137795,2.391820075,2.104227915,1.816853954,1.478441342,1.203951499,0.8716372808,0.5498125199,0.2354145864,-0.04888485281,-0.2919609838,-0.4883030637,-0.5981644515,-0.6646242864,-0.6532815209,-0.6024765116,-0.562186613,-0.5001590113,-0.5157329098,-0.6153147399,-0.778260068,-1.142057314,-1.586879603,-2.138310833,-2.844632445,-3.511673735,-4.258709022,-4.982562495,-5.599084335,-6.225906293,-6.715489087,-7.139332096,-7.513794712,-7.749666521,-7.923199171,-7.975350357,-7.897379441,-7.636530821,-7.202911796,-6.609021395,-5.839502523,-4.996098374,-4.095152908,-3.229722027,-2.532296627,-1.950061479,-1.631719953,-1.516165072,-1.485740068,-1.649182781,-1.725484198,-1.708064393,-1.61502866,-1.240622454,-0.7816049179,-0.2010125573,0.515659756,1.158682444,1.831720498,2.432275627,2.90208479,3.300321587,3.556224588,3.728131457,3.854240939,3.906583261,3.983609947,4.101682921,4.245553862,4.436144177,3.283853446,1.062426681,-0.9604303705,-3.600949685,-8.290658044,-13.55658288,-15.09196298,-11.39808684,-8.011530612,-5.189929397,-2.123933701,0.6669108844,2.389048585,2.239183183,1.390400874,0.6846465359,0.03785935221,-0.9095838742,-2.35008172,-2.737080236,-2.952779601,-3.160716088,-3.350376394,-3.489223311,-3.52330011,-3.57605696,-3.554154746,-3.606490521,-3.600138255,-3.558674706,-3.553286095,-3.47532794,-3.383351716,-3.290983655,-3.200809056,-3.017977118,-2.91541499,-2.665236989,-2.550142984,-2.174220788,-1.985385119,-1.695468629,-1.367179041,-1.03194718,-0.5685104675,-0.2640758584,0.2927459644,0.6534606356,1.183989897,1.743186565,2.310978827,2.907575368,3.404467578,4.064832211,4.716442717,5.227738433,5.875389206,6.442159343,6.958952413,7.34444845,7.761307206,8.09288616,8.258563426,8.442213595,8.488997951,8.398055443,8.255431653,8.058422557,7.846360247,7.555014805,7.199904191,6.912400232,6.546240751,6.322144316,5.981756763,5.771716235,5.573856946,5.330240817,5.223330802
7.5,10.34622407,10.27998172,9.997324908,9.594200305,9.187613189,8.547084819,7.952177005,7.342529228,6.645609111,6.112711942,5.535063871,5.007783461,4.612142801,4.132952119,3.758678444,3.379182532,2.942777406,2.556671208,2.098055541,1.6314464,1.150580835,0.678993914,0.2313774408,-0.1804037669,-0.5102838541,-0.7882589012,-0.9756250512,-1.104636865,-1.212555586,-1.273143989,-1.374931526,-1.528819933,-1.735328252,-2.095927976,-2.539621534,-3.0853144,-3.757292425,-4.429988348,-5.156991737,-5.855805164,-6.472085717,-7.037935105,-7.482772748,-7.844303021,-8.112409272,-8.27305083,-8.335818878,-8.27961888,-8.103049518,-7.727437852,-7.186730721,-6.474003584,-5.592139496,-4.610359807,-3.582142149,-2.600738077,-1.778272016,-1.148162832,-0.8070901373,-0.7302552761,-0.8429996879,-1.173233794,-1.494408475,-1.745885289,-1.882847541,-1.763962265,-1.488818249,-1.048992123,-0.4609983153,0.1348452025,0.7608318365,1.337674261,1.815348025,2.202637103,2.468870804,2.650842204,2.782156225,2.85530607,2.95020401,3.09002081,3.249628897,3.774475978,3.055421147,1.179005278,-0.5245784524,-2.781843619,-7.041488689,-11.91342126,-13.44771725,-10.09325442,-6.7561957,-3.967263652,-1.502185963,0.584972838,1.9077906,1.407590642,0.3479233476,-0.2852188966,-0.7492777226,-1.577251845,-3.069470397,-3.519997634,-3.78227498,-3.985138265,-4.169743027,-4.298624352,-4.250832929,-4.251267325,-4.103147505,-4.097855002,-3.974280501,-3.802621739,-3.704061833,-3.448291054,-3.261955643,-3.039584037,-2.86439854,-2.556247772,-2.349642862,-2.025816695,-1.839637942,-1.429479539,-1.192828534,-0.869643245,-0.5171838132,-0.160995948,0.2975864118,0.6143354887,1.173350746,1.547670882,2.091116042,2.63503702,3.227980179,3.800498731,4.309705177,4.949727829,5.590388885,6.083075137,6.700706065,7.235332774,7.700878096,8.065559286,8.424551103,8.69953761,8.817007469,8.917165108,8.90074536,8.723081694,8.504546301,8.199315292,7.889512707,7.49469548,7.025483875,6.654070077,6.168366706,5.856843934,5.424156478,5.144913023,4.893386107,4.588226713,4.469785287
7.6,10.53129341,10.72272902,10.65572554,10.45535557,10.26154387,9.762371694,9.306139984,8.798567916,8.158008368,7.669668446,7.101832109,6.572785528,6.171341035,5.673842706,5.285322681,4.889825703,4.430539512,4.015313262,3.509100067,2.974075982,2.399834164,1.798931708,1.194283545,0.5987158011,0.06554313113,-0.4256274912,-0.8258728821,-1.159712432,-1.449827082,-1.672041861,-1.9020603,-2.152142562,-2.446209094,-2.839527613,-3.318772849,-3.893417359,-4.558506075,-5.272065028,-6.009233293,-6.716632756,-7.372870242,-7.91442728,-8.357525761,-8.698280249,-8.89932851,-9.023201832,-9.007629961,-8.869777234,-8.614459967,-8.13383738,-7.485923372,-6.642083122,-5.622881527,-4.46491228,-3.259486782,-2.101779552,-1.076946679,-0.3213021017,0.1335485007,0.2640391753,0.08029143648,-0.3406928808,-0.8677689483,-1.371043344,-1.732115893,-1.893293371,-1.824653972,-1.555284438,-1.12546003,-0.6042832539,-0.05083795235,0.4798452803,0.9379119556,1.294262748,1.544589738,1.71037537,1.82310905,1.890322174,1.981254531,2.123300462,2.287841486,3.095141643,2.730974692,1.126598155,-0.3107953809,-2.121191421,-5.806134128,-10.46610448,-12.05960523,-8.758578385,-5.563059911,-3.13195408,-1.047203569,0.4567855289,1.109403529,0.1987249097,-0.9665186732,-1.494694949,-1.686445844,-2.21870842,-3.571365888,-4.042177668,-4.347711851,-4.539811635,-4.707311753,-4.829075109,-4.714932583,-4.691082432,-4.448202742,-4.393529292,-4.166909355,-3.885226942,-3.716309167,-3.307409881,-3.037244098,-2.699252773,-2.42347949,-2.028559531,-1.719035571,-1.345577483,-1.087198949,-0.6574267356,-0.3859882185,-0.05815395304,0.2907341485,0.6536877898,1.081373342,1.394597647,1.92371762,2.28816485,2.819159471,3.346499098,3.944331785,4.487675149,4.987257397,5.604249876,6.2233099,6.701020863,7.274243119,7.762100171,8.162801558,8.496508655,8.793616145,9.002305196,9.067592902,9.072847286,8.996593771,8.736875333,8.455337579,8.05190991,7.660621574,7.176782943,6.614087117,6.173954765,5.593342787,5.219087692,4.718063516,4.384038991,4.096785361,3.752473718,3.646913275
7.7,9.996804079,10.39101343,10.5177268,10.51084595,10.52356511,10.19109711,9.899694572,9.530895598,8.98969676,8.591732566,8.081973985,7.598962055,7.247717275,6.781973382,6.43919238,6.092599752,5.673415583,5.306364508,4.826518518,4.299281356,3.709223089,3.046578023,2.347005281,1.618606711,0.9223825757,0.2444197458,-0.3510920482,-0.8793866826,-1.347175267,-1.728159516,-2.085116915,-2.430009668,-2.808823842,-3.234061782,-3.748439181,-4.35400229,-5.022244621,-5.789153988,-6.559687298,-7.307650271,-8.040392136,-8.604405565,-9.094184314,-9.465168758,-9.650445669,-9.79114543,-9.750004032,-9.583140942,-9.306881808,-8.771096174,-8.067060524,-7.135756228,-6.003026911,-4.688851163,-3.299689999,-1.938548032,-0.6721230895,0.2866433053,0.9449134292,1.234579057,1.102972208,0.7017124814,0.07217901918,-0.5992877716,-1.131019136,-1.530580217,-1.647112566,-1.537081383,-1.254151255,-0.8080650094,-0.3249902081,0.157313912,0.5875107397,0.9011619215,1.115288327,1.239125951,1.297548729,1.323243918,1.369840516,1.475716548,1.623886174,2.59863756,2.469413194,1.01833505,-0.2341348809,-1.66138219,-4.834753197,-9.297582718,-10.94715661,-7.691778555,-4.571990327,-2.430874174,-0.8250317887,0.05080344394,0.08257004321,-1.264591501,-2.54648241,-2.890890001,-2.715579232,-2.83381836,-3.878122447,-4.312800703,-4.632158633,-4.792492899,-4.93867747,-5.053996153,-4.877229527,-4.846616393,-4.519294286,-4.436311806,-4.128787214,-3.761690181,-3.542533314,-2.998654192,-2.671821482,-2.236356752,-1.872571412,-1.417011724,-1.009099652,-0.6116473613,-0.284048278,0.1369344876,0.4357962949,0.7474974578,1.07467423,1.426469386,1.791597188,2.089383913,2.558760091,2.898354221,3.390815012,3.887336325,4.46496463,4.972889259,5.4507313,6.039198723,6.62499363,7.085124941,7.60739083,8.045758078,8.382241094,8.681647709,8.919783666,9.062119276,9.086314937,9.004353871,8.879016144,8.557726995,8.227647113,7.750012068,7.297096601,6.748209183,6.11578438,5.624976675,4.974899058,4.554937275,4.006614652,3.631916683,3.32444955,2.959049084,2.875720324
7.8,8.798852286,9.333922463,9.616679669,9.779682957,9.97410135,9.824155459,9.711933845,9.506585495,9.103219334,8.825036085,8.409549123,8.005989425,7.735801958,7.335366802,7.072654706,6.812521044,6.480012275,6.209604262,5.81557031,5.364314019,4.822254852,4.179436104,3.455810814,2.660647918,1.874303758,1.052799788,0.3105490298,-0.3705542406,-0.9937786693,-1.493200763,-1.95202732,-2.366650614,-2.78666643,-3.227075462,-3.742848669,-4.347843347,-5.016155128,-5.810463453,-6.623338712,-7.434645258,-8.260061105,-8.906063216,-9.489661782,-9.944765475,-10.18257225,-10.38919336,-10.38349644,-10.2471284,-10.0080682,-9.48315635,-8.788385572,-7.835009444,-6.63894859,-5.217531287,-3.666492762,-2.099432082,-0.5840132551,0.6439412651,1.579626621,2.126325351,2.188719562,1.925827619,1.330293909,0.609408854,-0.01652283434,-0.5831072739,-0.8525724683,-0.8847312929,-0.7389625639,-0.3730820669,0.03457159089,0.4570485869,0.8529275026,1.102875167,1.262301892,1.320956083,1.280927349,1.233693629,1.18700221,1.209256977,1.316966743,2.303768587,2.279724506,0.8625582548,-0.3460750913,-1.541212293,-4.284215531,-8.565994389,-10.26186338,-6.989798909,-3.841914351,-1.920492421,-0.8236128044,-0.5491637247,-1.06131655,-2.814291927,-4.184998509,-4.29864213,-3.712264283,-3.353369173,-3.966108666,-4.333446038,-4.628662991,-4.735389802,-4.856400232,-4.948804935,-4.71395954,-4.6838745,-4.278753734,-4.184370451,-3.81749538,-3.390376982,-3.141953524,-2.489178113,-2.138538911,-1.623111039,-1.198186313,-0.7032902033,-0.2163459144,0.1858268252,0.5728174074,0.9653772394,1.283664631,1.56440685,1.859723014,2.185753798,2.469357669,2.744083095,3.131514623,3.431987565,3.869430585,4.31765926,4.858863629,5.320229645,5.768339083,6.320939502,6.867253647,7.30801354,7.780300063,8.168965579,8.452896613,8.717374851,8.912047233,8.994766651,8.994380943,8.843878521,8.677193004,8.331443314,7.957497075,7.438733015,6.938934278,6.344104033,5.668100879,5.128207703,4.440162062,3.972755699,3.393669796,2.9848328,2.657798513,2.287252764,2.215660166
7.9,7.08270914,7.706003777,8.089033467,8.369437671,8.681207515,8.699394032,8.752362517,8.713792793,8.484548504,8.344250179,8.06025286,7.770785326,7.599584995,7.297028668,7.132239576,6.975962431,6.762523105,6.61026353,6.344764907,6.023595825,5.583182728,5.044797324,4.377694496,3.601792908,2.820659689,1.928600971,1.113523212,0.3426867426,-0.3939445458,-0.9639233767,-1.493717879,-1.953461113,-2.374417674,-2.814880344,-3.297477612,-3.864016307,-4.51869702,-5.293916965,-6.135857604,-7.008571965,-7.913211782,-8.686287346,-9.395593772,-9.978552476,-10.34547077,-10.65613322,-10.75042353,-10.70679397,-10.54276717,-10.10243009,-9.468057085,-8.547043518,-7.346818798,-5.854549483,-4.171837736,-2.405943913,-0.643803902,0.8954337651,2.15720208,3.028209387,3.399199936,3.364364101,2.922547745,2.26154778,1.602998038,0.9374515999,0.5293340951,0.3468069155,0.3488928804,0.5875779903,0.8867084088,1.21289574,1.529294926,1.688367683,1.757800467,1.718289507,1.547429094,1.388786123,1.210304101,1.111178345,1.150698625,2.022203676,1.997516359,0.542370301,-0.7637125206,-1.916441709,-4.352999909,-8.461074253,-10.17092286,-6.798896103,-3.464224829,-1.598390914,-0.9443387676,-1.190759007,-2.124651742,-4.202116821,-5.619396893,-5.487403478,-4.487962052,-3.650270966,-3.789993524,-4.088953905,-4.32485537,-4.367998445,-4.461666332,-4.509062847,-4.235958533,-4.187347686,-3.732080804,-3.625488407,-3.226671109,-2.771501226,-2.498774422,-1.791572178,-1.428208055,-0.8672195422,-0.4036745417,0.1105880422,0.6472553354,1.05273352,1.473241202,1.843963788,2.167423502,2.416548142,2.679377885,2.966834099,3.17452012,3.410313447,3.717716937,3.961200511,4.337022582,4.725539347,5.213127811,5.626823083,6.031783406,6.548069556,7.046945604,7.465383253,7.893236552,8.229902566,8.482643037,8.700802108,8.872034037,8.900754628,8.888059613,8.690078991,8.481841307,8.150740535,7.722418045,7.196643459,6.65727429,6.025650242,5.329696641,4.725617393,4.031156345,3.499794558,2.901106352,2.456560148,2.100843302,1.739500399,1.652701945
8,5.011720602,5.737499299,6.198373261,6.545471434,6.891749958,7.013813523,7.169584227,7.25491555,7.204764871,7.195282379,7.06997836,6.927799314,6.865435394,6.700161134,6.647092032,6.607414084,6.540545092,6.517167566,6.413502676,6.26463721,5.978295193,5.620841777,5.096552923,4.438794053,3.761953225,2.901327158,2.101361552,1.313655242,0.5267454866,-0.07995626589,-0.6540760933,-1.143937354,-1.561228236,-1.993081039,-2.434952721,-2.948068603,-3.569141572,-4.295262956,-5.136429768,-6.044743957,-7.002575425,-7.906095346,-8.751556292,-9.48812257,-10.0376629,-10.4916636,-10.74429698,-10.85263983,-10.80168463,-10.51174424,-9.980925468,-9.136553471,-7.987713346,-6.450838418,-4.668101396,-2.718141934,-0.7155191773,1.144795882,2.749635627,3.971281877,4.70125475,4.93980445,4.716601262,4.17823583,3.527588573,2.799004923,2.252909693,1.897219888,1.731468345,1.780669755,1.919569951,2.097107564,2.264522027,2.295025874,2.223720118,2.04228055,1.714304254,1.402874133,1.067133044,0.8246609902,0.7735801027,1.478610755,1.406717907,-0.07825346843,-1.564540102,-2.851764242,-5.157005184,-9.109619313,-10.7696051,-7.185886815,-3.459633052,-1.393385397,-1.012008553,-1.665752686,-2.894614963,-5.199385414,-6.625274302,-6.254280155,-4.867423159,-3.605125035,-3.320823523,-3.566764028,-3.732550516,-3.715777304,-3.780211953,-3.774560221,-3.487479266,-3.392319742,-2.927428847,-2.801568909,-2.396027351,-1.946213885,-1.64675236,-0.9529993387,-0.5687152222,-0.004858511341,0.478578421,0.9992758634,1.557733944,1.973323486,2.402099402,2.773699535,3.089427452,3.316529053,3.55376427,3.795101423,3.950405595,4.128317536,4.371349992,4.542136464,4.855117215,5.178712036,5.594214484,5.965353647,6.311759886,6.78960733,7.231754006,7.622202332,8.007710672,8.284005506,8.522156061,8.677233889,8.831013418,8.808477684,8.782301948,8.550761799,8.297168071,8.000641872,7.509310246,6.998492053,6.421407222,5.762352716,5.053922747,4.383591561,3.691342941,3.089268412,2.473628315,1.986528411,1.599498487,1.248312956,1.131957143
8.1,2.629844396,3.543996525,4.152388523,4.597188266,4.96760803,5.130789731,5.310595153,5.437682311,5.508541642,5.582783798,5.598925958,5.606625799,5.640296348,5.638195966,5.700811178,5.783890548,5.886264769,5.997918093,6.084386652,6.142870232,6.060587511,5.951239447,5.653045946,5.210099579,4.735124997,4.013727549,3.321900455,2.595874729,1.825501797,1.213981387,0.615754416,0.1021636271,-0.3274425515,-0.7542139821,-1.169628613,-1.637496775,-2.212904102,-2.882220976,-3.694856135,-4.608989471,-5.591598758,-6.605141522,-7.580288471,-8.480226292,-9.241261996,-9.878718926,-10.34186303,-10.65780476,-10.78189252,-10.70090661,-10.33501288,-9.630932025,-8.59202511,-7.070258822,-5.237152578,-3.140941965,-0.9336193192,1.231123152,3.161587139,4.723337974,5.818503946,6.337274416,6.360406608,5.979130744,5.37229955,4.613890532,3.949035971,3.424342816,3.084017637,2.917619302,2.865690112,2.860148559,2.831791361,2.700487443,2.447496753,2.086957173,1.577286744,1.081208846,0.5697258384,0.1708487384,0.01546469346,0.5566361004,0.4405056883,-1.019450176,-2.704693513,-4.291633539,-6.67167058,-10.50232632,-12.02046703,-8.09686177,-3.762894203,-1.194250253,-0.8465767476,-1.786097436,-3.206622255,-5.659070843,-7.077286589,-6.495742923,-4.775533133,-3.178185131,-2.576460508,-2.798689662,-2.904274834,-2.84779024,-2.873613251,-2.83610401,-2.542288845,-2.392043755,-1.943393318,-1.802517782,-1.404729077,-0.9803435698,-0.6674908713,-0.02622614643,0.374070035,0.9181137135,1.392565272,1.920735077,2.481285907,2.905267704,3.339554261,3.721561904,4.030954353,4.245140065,4.466534933,4.663474418,4.785350834,4.902698011,5.083908821,5.180104419,5.428181571,5.679045037,6.009029112,6.333632252,6.615359695,7.037573953,7.41492108,7.769013866,8.104296628,8.305447231,8.532355999,8.610476817,8.732276172,8.657043409,8.603336308,8.345333464,8.038238727,7.779332454,7.226711546,6.742823298,6.127971431,5.459767757,4.73761265,4.019804286,3.323306604,2.659919622,2.028654632,1.495078445,1.083301092,0.7332843574,0.595299173
8.2,-0.04067837545,1.130773253,1.998022591,2.658151859,3.15143359,3.399987643,3.594206856,3.711691651,3.819962988,3.900249444,3.983093571,4.083821487,4.159581134,4.293335954,4.442210464,4.625923334,4.891154538,5.127973472,5.412708322,5.694892185,5.848906233,6.032833478,6.022657911,5.867541816,5.675115289,5.18112356,4.681029204,4.092869011,3.398036454,2.824513837,2.224766726,1.698837573,1.250290758,0.8259864349,0.426263188,-0.0065936958,-0.5237653001,-1.137881652,-1.898330354,-2.78974414,-3.775269749,-4.865149573,-5.954457589,-7.015086208,-7.991253391,-8.845978374,-9.557398022,-10.1272504,-10.50611607,-10.69305854,-10.58389457,-10.12129602,-9.286734511,-7.90031858,-6.11761289,-3.966589892,-1.632438306,0.7821154432,2.994680611,4.867712658,6.31803107,7.119923989,7.416266841,7.235453058,6.732495249,6.010501525,5.294614107,4.665068319,4.194156373,3.858820679,3.64261117,3.472939329,3.265085449,2.974000258,2.541112231,1.997839838,1.302020433,0.6126707509,-0.08170372774,-0.6432230542,-0.9081843577,-0.5295357986,-0.6989660426,-2.120355113,-4.024691904,-6.074329529,-8.737879714,-12.48857949,-13.76813678,-9.388025818,-4.261234803,-0.9032290957,-0.3286155278,-1.432604856,-2.973720408,-5.53980868,-6.97115266,-6.240403493,-4.279029995,-2.453290926,-1.651621783,-1.885780867,-1.947004453,-1.882049127,-1.858771749,-1.825514732,-1.52114761,-1.32421528,-0.8953182211,-0.749794379,-0.3659213664,0.03267517415,0.3350125604,0.9245281019,1.319522538,1.843509175,2.279136715,2.822265221,3.368194964,3.795172916,4.244213101,4.62752968,4.940074723,5.148312258,5.361130797,5.518562939,5.617461187,5.685336712,5.793042272,5.825412744,6.002488944,6.171341774,6.403403571,6.670652289,6.883001983,7.224225965,7.52809283,7.8313803,8.099874835,8.212976106,8.415353675,8.408627203,8.475304575,8.341476627,8.243283097,7.957152575,7.597195483,7.361183308,6.769283355,6.311128615,5.673124999,5.011703286,4.28779507,3.548747429,2.847520927,2.141071064,1.501079382,0.9280736526,0.5003899518,0.1457486564,0.004705476218
8.3,-2.889212342,-1.451443281,-0.2669766607,0.7145275501,1.462671834,1.934320446,2.23894373,2.393789831,2.520086999,2.553868302,2.618978794,2.718774631,2.753860436,2.936128757,3.098264818,3.316696237,3.687425759,4.005438635,4.454702519,4.937026831,5.322381274,5.800641011,6.099379967,6.266979017,6.395632168,6.190850857,5.941489994,5.55313021,4.992469024,4.504165933,3.939414986,3.42755158,2.976068572,2.565516893,2.188677261,1.79516388,1.355266859,0.8037467628,0.1217577912,-0.7144709343,-1.679793887,-2.800947065,-3.976374931,-5.175803488,-6.346319273,-7.42589129,-8.396486621,-9.24415552,-9.932625087,-10.44076882,-10.68133428,-10.57556336,-10.08245068,-8.992376809,-7.421724395,-5.371800389,-3.030359815,-0.4714047169,1.959745424,4.107969869,5.898691641,7.002052655,7.610085417,7.690897394,7.373315237,6.782195485,6.11753319,5.489700323,4.977062108,4.574498061,4.275087413,4.016593723,3.708274005,3.314213734,2.760779968,2.082955796,1.240489277,0.3857537264,-0.472956002,-1.188534607,-1.556211698,-1.374032218,-1.664366894,-3.126947219,-5.32027546,-7.980228914,-11.11625567,-14.83235936,-15.7941304,-10.87728157,-4.845336093,-0.4892611412,0.5480340909,-0.5921971203,-2.20717825,-4.90275405,-6.408660186,-5.621307749,-3.536461408,-1.59171532,-0.6959717245,-0.9658884962,-1.002064386,-0.9505089476,-0.8890180868,-0.8808895466,-0.5693768218,-0.3389767752,0.08258438999,0.2222597978,0.5936143814,0.9749847126,1.252540276,1.811010932,2.18302471,2.692105469,3.077422201,3.633114564,4.15592371,4.573929728,5.05256795,5.414537382,5.74139743,5.94530724,6.15344527,6.27885075,6.357620241,6.396056721,6.414012418,6.40005564,6.497947721,6.57798706,6.704495246,6.897009814,7.035544002,7.266966948,7.494299943,7.719824892,7.905796928,7.925662593,8.077351545,7.984668991,7.975047512,7.780297692,7.618498269,7.302565431,6.898901778,6.663933296,6.061843886,5.62647428,4.990030702,4.348329745,3.646790534,2.916607517,2.218094987,1.493835682,0.8576590119,0.2614201556,-0.1697875615,-0.5284158178,-0.6519850292
8.4,-5.819873117,-4.148682832,-2.658375801,-1.316283021,-0.2115655506,0.6128949557,1.176463633,1.498967439,1.726103459,1.743254427,1.769889423,1.80919683,1.734554927,1.871424347,1.956986407,2.116890292,2.503303147,2.815506539,3.350621752,3.961476014,4.51874625,5.240967234,5.815078099,6.293590654,6.729599191,6.846641628,6.87725309,6.729143068,6.368616014,6.004467915,5.526347571,5.067448293,4.638030685,4.264337744,3.923415906,3.579702155,3.232685604,2.756541871,2.17822448,1.432319353,0.5202188538,-0.5760251362,-1.789479604,-3.07895352,-4.39831404,-5.672154994,-6.880793617,-7.999429294,-9.002859141,-9.863055237,-10.51054404,-10.85183285,-10.84030681,-10.20639813,-9.040831925,-7.291593612,-5.09869639,-2.553022765,0.005932865771,2.378579633,4.476541496,5.908762165,6.864360975,7.267406615,7.221664671,6.852838286,6.346151776,5.833217896,5.381624504,5.031394801,4.755573955,4.514714797,4.221771442,3.82459569,3.256151803,2.539308701,1.63457438,0.6823941196,-0.2904574378,-1.129176936,-1.580593933,-1.663202602,-2.197593807,-3.845228442,-6.42937244,-9.791691572,-13.54048738,-17.25993617,-17.86836163,-12.40125916,-5.440977703,0.0237078716,1.706702682,0.6576478937,-0.9918075503,-3.863551844,-5.543146263,-4.813156556,-2.729804083,-0.7726140564,0.1297751072,-0.2030337226,-0.2230782301,-0.1973482361,-0.1291347591,-0.1425950304,0.1610527755,0.4131332133,0.8397482261,0.9679270929,1.331513845,1.704981581,1.960026003,2.51115396,2.858125607,3.361925265,3.70347225,4.265805556,4.768342439,5.162990597,5.687225538,6.009184528,6.360467709,6.55465605,6.761377516,6.870726845,6.926297745,6.961748341,6.879827435,6.838304674,6.85137465,6.843074641,6.865985803,6.963502046,7.025717014,7.121637431,7.2715638,7.390566798,7.480068398,7.406769852,7.479359218,7.301867869,7.199637265,6.943151223,6.700159728,6.354799407,5.911672826,5.661380385,5.065724693,4.656187026,4.041473349,3.4316598,2.782313863,2.084861681,1.409538322,0.6911455129,0.08163777173,-0.5199070332,-0.9378550088,-1.287541793,-1.385432554
8.5,-8.787946046,-6.957778524,-5.222350506,-3.546802124,-2.039303776,-0.7984176624,0.1544703418,0.7971433636,1.261009499,1.389072104,1.452422358,1.463403654,1.286880405,1.342246344,1.302718342,1.334044504,1.65479948,1.858762833,2.375060177,3.007355301,3.623783391,4.494133692,5.253385216,5.976116957,6.661348812,7.085054614,7.391486061,7.496312074,7.385920833,7.172567929,6.828628418,6.457837817,6.068438573,5.747864954,5.444151976,5.149478614,4.892973366,4.496605827,4.03537521,3.409458154,2.588425318,1.580626449,0.3950074206,-0.9141312186,-2.305259881,-3.715956032,-5.107580671,-6.453710362,-7.744078808,-8.937736857,-9.999442583,-10.82629277,-11.37690928,-11.32341459,-10.73054765,-9.479780168,-7.609060351,-5.267317452,-2.705149381,-0.1862313765,2.146398963,3.92639618,5.241586587,6.004849153,6.310464533,6.225790452,5.970707947,5.671249521,5.371924838,5.187793178,5.040278874,4.926244793,4.768329042,4.480078903,4.015643666,3.372603035,2.511710584,1.549867036,0.5333037983,-0.3800404755,-0.8907066769,-1.318569689,-2.234257108,-4.216358637,-7.284260227,-11.35994809,-15.7844923,-19.51846944,-19.77068071,-13.80270853,-5.974825248,0.6060696561,3.032545642,2.164328489,0.5089471843,-2.599678586,-4.577128989,-4.022962443,-2.063694721,-0.1978813824,0.6514130201,0.2315726592,0.2281600476,0.2344642685,0.2744570898,0.2667239644,0.5460057681,0.8210082171,1.256593889,1.380574376,1.743295684,2.116291306,2.376308087,2.934500942,3.28060293,3.793310527,4.120010432,4.685973264,5.184973475,5.552480703,6.130623088,6.411903779,6.791791863,6.969193807,7.173233575,7.28799048,7.314348104,7.3687527,7.190075091,7.131034133,7.059947057,6.968302915,6.898157779,6.87952488,6.863888432,6.806782352,6.868827652,6.862147004,6.837946106,6.671341353,6.637121998,6.374136649,6.165019748,5.839740951,5.506322336,5.124952722,4.63786421,4.359854977,3.770788196,3.389182859,2.807029482,2.23789821,1.666931363,1.015215778,0.3966900597,-0.3000837443,-0.8479146627,-1.436915284,-1.822311,-2.134410098,-2.21196722
8.6,-11.70238137,-9.842730581,-7.963691503,-6.040706877,-4.161625441,-2.510769245,-1.101551809,-0.01577017132,0.8024241159,1.232874234,1.474192162,1.570517732,1.422971348,1.42414117,1.301888686,1.21164066,1.410874905,1.456834686,1.849992428,2.384426517,2.931167777,3.808855044,4.621828777,5.471042202,6.30598946,6.967406353,7.505428563,7.842368314,7.990227891,7.939778747,7.754530235,7.487421641,7.147053255,6.87149704,6.5902229,6.328674151,6.130850963,5.812006364,5.461963917,4.969036628,4.283063504,3.411732459,2.328773554,1.082956449,-0.2932694306,-1.755595941,-3.251232444,-4.749206464,-6.264194587,-7.720429437,-9.143689004,-10.42641037,-11.52221459,-12.10973119,-12.18563167,-11.58320102,-10.21322374,-8.267301209,-5.866347815,-3.32429683,-0.8735714025,1.231669142,2.881183469,4.008357348,4.724176132,4.9542907,5.025879258,5.019039406,4.944920391,5.024735324,5.094098742,5.201432866,5.277955896,5.197948201,4.940834082,4.472375241,3.75929519,2.872401973,1.88891125,0.9579235908,0.4132907142,-0.4187132422,-1.818301112,-4.258110645,-7.882148581,-12.61931761,-17.6898374,-21.40404426,-21.28647367,-14.90298328,-6.348759814,1.245799357,4.402118662,3.730023554,2.066627896,-1.348074008,-3.758366573,-3.497819451,-1.769860677,-0.0752940156,0.7101044225,0.211403988,0.2363916862,0.2534730158,0.2610559305,0.2979275397,0.5622910588,0.8797856387,1.33422722,1.479402456,1.853522886,2.239506655,2.551875047,3.128742546,3.517946387,4.059117162,4.416907511,4.989456623,5.507216816,5.859663725,6.48335685,6.736975776,7.134087239,7.286486424,7.47231935,7.603719591,7.591644283,7.665683594,7.398870845,7.313695561,7.159849165,6.982635936,6.83059756,6.668591889,6.567084995,6.343766917,6.292136663,6.145703225,5.98611587,5.720886771,5.552379893,5.199950744,4.87175346,4.467404973,4.042473114,3.615439995,3.077363636,2.762481661,2.172427283,1.818446181,1.275716793,0.7560235814,0.2809237183,-0.3142831141,-0.8334739373,-1.493697979,-1.936271928,-2.487252213,-2.815847145,-3.047470849,-3.110735918
8.7,-14.34849565,-12.61244933,-10.73199627,-8.696500124,-6.568695277,-4.576850742,-2.735377831,-1.168678044,0.08465712964,0.9640122628,1.53533589,1.865378483,1.925629329,1.963786983,1.870381631,1.742301496,1.820265472,1.737742164,1.949553693,2.300055294,2.679368419,3.417670315,4.147605007,4.982326417,5.844460027,6.634092038,7.324137721,7.841220768,8.205376834,8.316135603,8.28539863,8.116737672,7.834936576,7.573571542,7.294220099,7.042649869,6.848063442,6.601543536,6.336458604,5.965223804,5.452683613,4.729102948,3.810009987,2.70105796,1.401214042,-0.01144896121,-1.530541682,-3.092440446,-4.731332732,-6.351452411,-8.022397508,-9.657432348,-11.18403021,-12.3786805,-13.11969827,-13.22371355,-12.51626367,-11.10603486,-9.05444962,-6.660770892,-4.207597219,-1.888298134,0.04155297523,1.509046076,2.629774889,3.20502507,3.640988001,3.972792875,4.186022359,4.581263205,4.929269282,5.320053816,5.685025472,5.881945079,5.896087707,5.670343406,5.184456324,4.440031846,3.559522753,2.667841679,2.113585772,0.8686608322,-1.054082037,-4.041162038,-8.248073561,-13.56628506,-19.15459711,-22.76711611,-22.23690666,-15.54286333,-6.482840804,1.913712698,5.671429587,5.123764406,3.409672156,-0.3735642007,-3.330399742,-3.455674721,-2.010949647,-0.5000458092,0.2794970005,-0.2399085508,-0.1573815142,-0.08516574946,-0.06567703994,0.05265865415,0.3483635349,0.7386405922,1.240222688,1.44145234,1.843702907,2.265364757,2.674975689,3.285570933,3.763751723,4.350717537,4.781627853,5.371155658,5.920584685,6.278930531,6.914624693,7.160007726,7.536994627,7.648672438,7.785327783,7.914837682,7.853986692,7.90876719,7.560523801,7.417458228,7.17077868,6.897854704,6.653659953,6.330796889,6.109254249,5.716498933,5.512224637,5.213755199,4.900360636,4.52202326,4.207156496,3.75822415,3.310366376,2.825333327,2.319142057,1.850433751,1.265229935,0.9125768109,0.3295762038,0.004187247327,-0.4834376222,-0.9360768418,-1.302695491,-1.817010086,-2.200828666,-2.789634176,-3.088800008,-3.563202852,-3.802327426,-3.914189405,-3.949142868
8.8,-16.44412616,-14.97114328,-13.25842724,-11.27956002,-9.088184819,-6.885270994,-4.720018248,-2.736307359,-1.011348206,0.3515245784,1.368436667,2.07088507,2.453210009,2.678188286,2.72518713,2.663670229,2.705406238,2.555043492,2.609670673,2.764373801,2.926788857,3.439746382,3.97677002,4.66874991,5.440738359,6.228710307,6.969614953,7.587335112,8.093845047,8.341680161,8.441567778,8.359547076,8.141048634,7.870516787,7.575487827,7.307948586,7.069497118,6.870131142,6.653252174,6.376190498,6.034852841,5.454955737,4.726064294,3.79551159,2.623667287,1.334393302,-0.12981846,-1.665134977,-3.322791474,-4.984571098,-6.75713084,-8.584165263,-10.35701603,-12.02237686,-13.3215694,-14.09327295,-14.13330579,-13.34993007,-11.82326178,-9.768014917,-7.435629306,-5.076662385,-2.951559452,-1.196500108,0.260688896,1.203991723,1.998808867,2.676029273,3.217839664,3.92654025,4.578721582,5.272781361,5.931851792,6.434159772,6.74035102,6.789735459,6.574043903,6.022926114,5.300920414,4.499205212,3.966715818,2.342461109,-0.09411389839,-3.676031462,-8.43037528,-14.21082137,-20.11862548,-23.51906001,-22.52638816,-15.64012562,-6.358721065,2.538448334,6.675651523,6.111523528,4.268322827,0.08401844661,-3.466782641,-3.998515246,-2.793254368,-1.37902818,-0.4740927461,-0.9429574889,-0.7520932945,-0.5815957207,-0.4872267408,-0.2511269941,0.1221907502,0.6215002026,1.198732709,1.481427433,1.924995391,2.399782138,2.931974089,3.587166717,4.180775386,4.823832772,5.342051689,5.966761983,6.544005582,6.92531238,7.525276384,7.772467394,8.077841781,8.120751839,8.171042645,8.253645493,8.124831545,8.099127796,7.665333078,7.42076898,7.060655709,6.675496786,6.313716884,5.820883379,5.436793494,4.876387771,4.484793571,4.028248704,3.553307316,3.051663494,2.599403051,2.060109497,1.510517764,0.9653156805,0.4087071243,-0.07433270321,-0.6780851054,-1.053507725,-1.592861954,-1.878990275,-2.283071555,-2.635864212,-2.883780377,-3.271369307,-3.503690165,-3.961186256,-4.094497944,-4.447374014,-4.559947898,-4.536878315,-4.50416216
8.9,-17.75322432,-16.6639748,-15.27941505,-13.53555011,-11.48689247,-9.250886293,-6.933018398,-4.673125127,-2.528686622,-0.7322826617,0.7701538915,1.924562373,2.683946928,3.223425047,3.492975993,3.587466569,3.701030647,3.563776403,3.54823498,3.571359817,3.545328445,3.833679602,4.135780104,4.611419627,5.211808239,5.884152731,6.576415247,7.203747104,7.769218809,8.108130736,8.304819653,8.29769364,8.138625714,7.85685814,7.53466063,7.225565751,6.914335347,6.711431788,6.49694558,6.271391117,6.049422429,5.599819403,5.048298645,4.301656161,3.303438211,2.172611792,0.8354163202,-0.5894556951,-2.175145269,-3.751768614,-5.480640335,-7.317623708,-9.123710704,-11.0404799,-12.69747857,-14.00059534,-14.73826925,-14.62532923,-13.74075842,-12.1822312,-10.13872541,-7.903854384,-5.714535737,-3.772590537,-2.064745685,-0.7965501833,0.3145740826,1.303031442,2.156222979,3.140303982,4.070712449,5.039541177,5.954915454,6.742001337,7.316906346,7.630781349,7.686577833,7.347081296,6.812516653,6.13363818,5.654057818,3.715210494,0.820765933,-3.312913566,-8.521950261,-14.58414894,-20.59487993,-23.68179541,-22.20201971,-15.23697925,-6.030631317,3.026001901,7.268070513,6.513233972,4.451811823,-0.1195850466,-4.207340312,-5.057165388,-3.944567057,-2.452493829,-1.258367174,-1.61746676,-1.271345335,-0.9757082052,-0.7643988905,-0.391295371,0.07680448948,0.7051654528,1.365528322,1.728308882,2.210557834,2.735410275,3.38393288,4.08094615,4.779876549,5.478318581,6.06016309,6.739437255,7.3261661,7.736567859,8.262665325,8.502209496,8.697339758,8.640153729,8.57447081,8.563685156,8.334863889,8.183666703,7.644784388,7.264864704,6.773154036,6.255617843,5.764790674,5.087257865,4.530701284,3.80161489,3.215531174,2.611350385,1.98245988,1.374465407,0.807120492,0.2154916592,-0.3988065281,-0.9592321831,-1.512009349,-1.96650448,-2.535747467,-2.900493375,-3.344996914,-3.570133613,-3.859783627,-4.079246153,-4.1950728,-4.419008365,-4.488109355,-4.768374826,-4.726501849,-4.923304155,-4.888596364,-4.730674457,-4.609289097
9,-18.16372693,-17.55468071,-16.63407965,-15.29135492,-13.59076134,-11.52217441,-9.263578074,-6.922838836,-4.49796423,-2.383155809,-0.4336298645,1.184498372,2.345734923,3.280078503,3.835658741,4.161570591,4.432583701,4.403386128,4.423845422,4.420601062,4.310365127,4.44193514,4.550812824,4.81222997,5.215413696,5.706046167,6.276276849,6.836767132,7.381519872,7.763874121,8.020229442,8.073900892,7.974790966,7.686933753,7.336174454,6.965723369,6.555402903,6.288143527,6.015729222,5.779676969,5.593500831,5.238649589,4.820989282,4.235336234,3.43385225,2.47201995,1.315339865,0.06383997218,-1.373647085,-2.767253215,-4.330334934,-6.011119966,-7.651688218,-9.558340388,-11.30241529,-12.89008683,-14.13257817,-14.62001795,-14.39792768,-13.43292866,-11.84778635,-9.893242545,-7.811775008,-5.837180212,-3.998455179,-2.525817198,-1.19233847,0.01932843336,1.10040732,2.278005751,3.406123642,4.571592717,5.660785203,6.662381807,7.435984537,7.95531778,8.235553309,8.079515185,7.720324284,7.16685213,6.754866873,4.60228915,1.396197203,-3.107149189,-8.583688825,-14.71025838,-20.61486157,-23.33228702,-21.38439512,-14.44678183,-5.592956647,3.283659383,7.346583076,6.225339487,3.884902556,-1.001133631,-5.462380573,-6.438107509,-5.202608882,-3.429325398,-1.814327944,-2.015533799,-1.50090461,-1.073779857,-0.7432180426,-0.2489765631,0.3046422392,1.045218684,1.774236284,2.185916593,2.683994396,3.23247505,3.960742843,4.675586421,5.442438215,6.168722513,6.773295964,7.50532726,8.080208063,8.513713718,8.946652529,9.164453589,9.232274958,9.056740707,8.860498674,8.727544823,8.375262645,8.075068998,7.416266998,6.882538285,6.254915169,5.598601552,4.985956705,4.123496049,3.414812142,2.531385809,1.777249055,1.059844322,0.3085983082,-0.3621979425,-1.004289596,-1.587504571,-2.212424201,-2.73021499,-3.214405904,-3.595929662,-4.070650285,-4.386185449,-4.688770835,-4.835418374,-4.989033121,-5.060340721,-5.034388588,-5.08522263,-4.986637412,-5.077667659,-4.869492175,-4.895469804,-4.719040764,-4.436845875,-4.238391039
9.1,-17.65412718,-17.58879317,-17.22840032,-16.4191521,-15.24354603,-13.53928602,-11.56304043,-9.365982778,-6.863503633,-4.599791008,-2.312896586,-0.2799321164,1.279386688,2.661323694,3.564609545,4.194843697,4.701639149,4.864769279,5.017202807,5.090399448,5.020712581,5.091529722,5.100454953,5.210805045,5.439827204,5.74343789,6.155775803,6.600923215,7.065899643,7.447806382,7.72885594,7.826688143,7.791651579,7.508685105,7.142658794,6.707940494,6.185646286,5.805564071,5.419108161,5.109389488,4.87105445,4.563955037,4.223538557,3.761344523,3.153391853,2.35432149,1.402085935,0.3511272388,-0.8907941378,-2.062557162,-3.393372092,-4.815905256,-6.173398405,-7.845156653,-9.42062102,-10.99721504,-12.44032145,-13.32224452,-13.64574805,-13.26839368,-12.23929124,-10.70406747,-8.910027437,-7.085835774,-5.285086046,-3.775030583,-2.365405402,-1.066721226,0.1102125468,1.36074168,2.567151017,3.812937603,4.970790417,6.07646549,6.951883747,7.590338999,8.006837483,7.983072095,7.752595919,7.300764268,6.957345619,4.723453945,1.448574177,-3.114735241,-8.56932397,-14.53830821,-20.16566891,-22.53099636,-20.19635345,-13.40733033,-5.164847633,3.224457918,6.860851552,5.237206285,2.621613584,-2.437627293,-7.030794851,-7.890649624,-6.317678641,-4.107754277,-2.011784542,-2.025446344,-1.367100322,-0.8204795943,-0.3984494075,0.1731593755,0.790280389,1.588158634,2.359328334,2.77148047,3.252082506,3.786046984,4.532323179,5.229443451,6.006100334,6.712454385,7.297706425,8.047641154,8.591097692,9.025052091,9.369421701,9.553487847,9.499316967,9.205538055,8.877934337,8.624003587,8.148920947,7.69871502,6.923439808,6.234719221,5.486328713,4.712926113,4.00203399,2.987684362,2.16516985,1.169029447,0.3032802143,-0.4734509881,-1.289809442,-1.96525479,-2.624194484,-3.139032594,-3.717714305,-4.140263256,-4.500531449,-4.772744043,-5.112074572,-5.352855274,-5.492877641,-5.555122431,-5.569160918,-5.499659069,-5.343744207,-5.237753102,-4.988552047,-4.904563307,-4.557649039,-4.423485232,-4.131758019,-3.750354594,-3.501658563
9.2,-16.22158481,-16.70734347,-16.93798399,-16.73337003,-16.19492739,-15.01945599,-13.52249235,-11.68709795,-9.347990289,-7.137340019,-4.690624509,-2.358993677,-0.4513517745,1.391812044,2.694762903,3.696101911,4.525744493,4.941504677,5.303224522,5.530753015,5.58987572,5.690901868,5.6914813,5.732837357,5.83390767,5.985012648,6.232386399,6.532350735,6.882354942,7.20720949,7.472194667,7.586053935,7.596055368,7.33414078,6.971201298,6.491002312,5.877345768,5.372041096,4.852042542,4.434325115,4.091588051,3.795099596,3.49135067,3.126243466,2.695030635,2.060230188,1.318805255,0.4734946867,-0.5488908603,-1.509778212,-2.601044056,-3.748883067,-4.814031032,-6.153226739,-7.431526186,-8.796596122,-10.17423842,-11.21346861,-11.88493875,-11.99672662,-11.51637245,-10.48722993,-9.11272249,-7.59187776,-6.002899721,-4.601265411,-3.261620191,-2.004720691,-0.8555135167,0.3600289474,1.537948649,2.75841454,3.907209929,5.015235703,5.919542852,6.613364448,7.090835493,7.169846628,7.030377193,6.661586638,6.389894636,4.210341289,1.112133502,-3.195619016,-8.342406175,-13.97241234,-19.23007394,-21.35706936,-18.78625782,-12.27478933,-4.8699726,2.790101937,5.837150439,3.658866676,0.8447770029,-4.189251663,-8.66203641,-9.192150877,-7.140419293,-4.428075687,-1.863423986,-1.677809861,-0.9233903954,-0.2815246105,0.1990652017,0.7932206987,1.454274014,2.233002972,3.019304958,3.380747519,3.810708585,4.295277218,4.983915937,5.637227121,6.342945319,6.979854925,7.496372793,8.211470182,8.705488243,9.102867137,9.371749745,9.507144243,9.354167814,8.964085572,8.524379219,8.173044801,7.598716529,7.017453238,6.15757029,5.336821252,4.503228115,3.658534588,2.883029126,1.787076559,0.8960010116,-0.1440880226,-1.052798958,-1.828001533,-2.63962391,-3.267420744,-3.874820968,-4.286054326,-4.772167768,-5.069392951,-5.276560523,-5.418762445,-5.616163534,-5.773165501,-5.762763443,-5.749485227,-5.64140511,-5.45546055,-5.201948062,-4.970853365,-4.610304649,-4.383243956,-3.937209537,-3.673534122,-3.298873747,-2.854032167,-2.584184235
9.3,-13.9233429,-14.88095293,-15.64185147,-16.02147415,-16.13728975,-15.58617353,-14.7042377,-13.40733236,-11.47273799,-9.528336678,-7.156108707,-4.721218972,-2.59032755,-0.3601724582,1.339229362,2.738968696,3.957790759,4.663442714,5.291183225,5.726995586,5.96319455,6.171342264,6.237764843,6.289838522,6.328303615,6.380409692,6.483449849,6.628351112,6.84257386,7.047363861,7.24127935,7.322596891,7.319868889,7.080346332,6.720845103,6.215249935,5.553095904,4.938685631,4.302989852,3.774616365,3.314875018,3.004325165,2.715455015,2.433725462,2.162330058,1.70740989,1.18831643,0.5627426319,-0.2125518981,-0.9716943076,-1.830484265,-2.725041422,-3.544209823,-4.561797508,-5.54448032,-6.64811581,-7.842868737,-8.899201931,-9.764640222,-10.25607294,-10.26913519,-9.774537795,-8.887899375,-7.762236151,-6.50428552,-5.295959989,-4.115023573,-2.967651036,-1.909491197,-0.7738369272,0.3287725491,1.47745379,2.598315679,3.665269952,4.582896124,5.321538869,5.843542574,6.036334206,5.991647453,5.716359782,5.528968938,3.518433561,0.7539585684,-3.106455986,-7.803582341,-13.00453254,-17.90233843,-19.98982955,-17.36967485,-11.21953939,-4.788923608,2.011907109,4.423553276,1.734694172,-1.162131241,-5.969865348,-10.1363974,-10.20815242,-7.633551893,-4.43236,-1.46295474,-1.090628638,-0.2833576228,0.42430121,0.9344514171,1.5034643,2.184497631,2.883912026,3.653330718,3.923853785,4.275812888,4.681807036,5.244755497,5.832120856,6.387723059,6.909043822,7.305853428,7.926248572,8.350724257,8.66773293,8.870582587,8.94167124,8.723004543,8.274394451,7.76256455,7.353250174,6.723979062,6.051685235,5.161609007,4.256406203,3.390716255,2.535084304,1.736944717,0.6475239042,-0.2681012394,-1.273773937,-2.161136871,-2.878954366,-3.623510913,-4.173399142,-4.669338874,-4.971854647,-5.336297728,-5.504872001,-5.561604836,-5.574072564,-5.653473425,-5.728438914,-5.602716883,-5.534932559,-5.339374172,-5.073652955,-4.762082149,-4.44627419,-4.022988039,-3.696413869,-3.195163955,-2.843598928,-2.41859765,-1.94935231,-1.678651491
9.4,-11.01344569,-12.29555183,-13.44026257,-14.283165,-14.96419594,-15.02177377,-14.79167057,-14.12689498,-12.77079932,-11.28070317,-9.22312517,-6.930371801,-4.779385034,-2.347167163,-0.3566352625,1.384414305,2.978575106,3.979428734,4.893173635,5.563347871,6.008813688,6.379158829,6.578902766,6.722516422,6.783354061,6.814926347,6.831937961,6.852005804,6.936376379,6.987809654,7.064866252,7.065205453,6.982706567,6.747193566,6.371286013,5.844605219,5.168618823,4.463036104,3.735591408,3.098237119,2.516430228,2.156852973,1.851884117,1.624307395,1.481331487,1.208810792,0.9197793637,0.5343911235,0.04199470486,-0.4992832269,-1.112497088,-1.758258623,-2.372033088,-3.096438549,-3.826795435,-4.688315536,-5.672146168,-6.692654178,-7.66277773,-8.449729093,-8.908245185,-8.93774809,-8.571975399,-7.895830969,-7.028271573,-6.065494309,-5.078976912,-4.058140194,-3.101509152,-2.034681676,-0.998319609,0.09105668107,1.208615961,2.250855543,3.209682932,4.021339571,4.621289239,4.960262495,5.045050233,4.895802203,4.806639794,3.053596226,0.6766297613,-2.70163892,-6.997527077,-11.78937098,-16.41746821,-18.68528461,-16.16931049,-10.36624025,-4.908670785,1.032489584,2.88226758,-0.208934072,-3.098610754,-7.546139263,-11.32082984,-10.91039356,-7.849339151,-4.220796317,-0.9339192716,-0.4118615875,0.4203640711,1.164738329,1.680674669,2.198225093,2.867030668,3.466074896,4.182815252,4.343064448,4.599589282,4.905375259,5.306848993,5.802081771,6.164450407,6.528821624,6.772149588,7.245526653,7.580222861,7.783257976,7.918522512,7.917244912,7.665483711,7.201119489,6.667721388,6.246451058,5.61814214,4.909753195,4.048725984,3.118486464,2.277909138,1.46999809,0.6903049688,-0.3162661733,-1.219439919,-2.130176948,-2.949691054,-3.574175973,-4.213262654,-4.676950174,-5.029838927,-5.239486666,-5.476450428,-5.534037576,-5.465032477,-5.365765119,-5.365955926,-5.370322299,-5.176008606,-5.077912031,-4.8354066,-4.53171964,-4.199751833,-3.844923066,-3.402380027,-3.025617769,-2.507960913,-2.112136856,-1.66874173,-1.207068263,-0.9495750069
9.5,-7.892386579,-9.344454006,-10.69340248,-11.81532533,-12.88321962,-13.41540231,-13.75102838,-13.69409285,-12.97091077,-12.04853623,-10.48747553,-8.567647848,-6.633105439,-4.255089597,-2.178135999,-0.2522402668,1.594995234,2.841178089,4.003602729,4.892277384,5.564034976,6.115797,6.504415112,6.815858195,6.981406346,7.098761831,7.119976334,7.090161379,7.102663754,7.017110503,6.977073933,6.882269111,6.68366088,6.438448199,6.02836563,5.480303397,4.806401238,4.025482185,3.218607644,2.461185825,1.746432422,1.273621841,0.8960314708,0.6604521263,0.5696655644,0.4471414715,0.356471318,0.200992438,0.008281553844,-0.3069839701,-0.6557724774,-1.043086193,-1.468080885,-1.906937139,-2.406702915,-3.028551707,-3.775297624,-4.697213449,-5.679777456,-6.663450336,-7.494511355,-8.009677247,-8.172361105,-7.982582899,-7.543637113,-6.872998866,-6.103419839,-5.215731647,-4.349845527,-3.325601021,-2.32173109,-1.251654038,-0.1018794583,0.9597656773,1.997210393,2.916458483,3.639203351,4.151436043,4.402513091,4.412698401,4.430742642,2.999998279,0.9790742661,-2.001491907,-6.072480756,-10.57695536,-15.06652503,-17.67893944,-15.34158014,-9.772820281,-5.154609709,0.02587090551,1.475686536,-1.889737035,-4.741305381,-8.779261698,-12.15761722,-11.31873254,-7.853690382,-3.884387658,-0.3772049877,0.242999457,1.085662104,1.838060984,2.346542159,2.806769665,3.431430581,3.945538207,4.577828546,4.634509073,4.790806205,4.987541209,5.231588451,5.610202898,5.784728934,5.964513709,6.048411145,6.345942757,6.574479402,6.654585807,6.706659186,6.640423555,6.375146645,5.929585262,5.421913738,5.026029766,4.453356973,3.760549416,2.974076163,2.069181407,1.298566882,0.5813589225,-0.1493655687,-1.029626836,-1.898720599,-2.686204765,-3.41299332,-3.933330861,-4.455920919,-4.841725215,-5.054291685,-5.195055615,-5.320055434,-5.29505069,-5.134956067,-4.954208469,-4.913757631,-4.869379184,-4.652491544,-4.547647176,-4.295255526,-3.993652234,-3.676371272,-3.324041618,-2.900396103,-2.517185084,-2.015319576,-1.613601547,-1.178221943,-0.7475795406,-0.5092750727
9.6,-4.96512561,-6.489204435,-7.906521288,-9.138693148,-10.38810494,-11.1952423,-11.90763193,-12.3120967,-12.14132067,-11.77475497,-10.77739375,-9.370828617,-7.834208833,-5.75136374,-3.818625698,-1.917763395,-0.0125520969,1.368512469,2.682990161,3.726068989,4.60001879,5.309392608,5.9034348,6.424658501,6.746405739,7.045847816,7.164030484,7.179755281,7.219649127,7.059521701,6.956333638,6.800708321,6.496566859,6.252900679,5.809883342,5.247794378,4.587041009,3.747153069,2.870153333,1.981741288,1.121544018,0.4661404267,-0.0542175893,-0.3823013271,-0.5337553098,-0.580693836,-0.5582981658,-0.5496978003,-0.47706944,-0.602421854,-0.6963632754,-0.8307199297,-1.075265603,-1.223055792,-1.483792959,-1.831585015,-2.284430208,-2.996760577,-3.856834814,-4.888876217,-5.960127006,-6.880356216,-7.541642792,-7.852605131,-7.873488978,-7.535999373,-7.009605338,-6.268975213,-5.480255843,-4.483403564,-3.478678594,-2.390260302,-1.183832128,-0.06514035515,1.072374799,2.117052459,2.986073933,3.68041669,4.115649209,4.302851192,4.432454305,3.352676449,1.582277005,-1.160214736,-5.21846507,-9.638884927,-14.1181852,-17.12447024,-14.95424339,-9.447653099,-5.441305699,-0.8685973619,0.3677203225,-3.152468037,-5.977034467,-9.619854831,-12.63675586,-11.45567286,-7.6757774,-3.464412664,0.1618288169,0.8277582951,1.675217434,2.407508217,2.910620031,3.320302285,3.880822312,4.343676634,4.872364516,4.85192325,4.916731781,5.009087889,5.128197249,5.373044957,5.398246269,5.390844088,5.325360093,5.450200736,5.560079915,5.529795982,5.47423757,5.359411281,5.082367948,4.667418449,4.215737673,3.863869028,3.379605609,2.742907733,2.042450296,1.194651858,0.5127231044,-0.09260908314,-0.7543150275,-1.511272703,-2.334768699,-3.008433232,-3.635125631,-4.05884165,-4.479925046,-4.798404242,-4.909884897,-4.99465467,-5.042049855,-4.962594068,-4.740571727,-4.515289071,-4.458208287,-4.398512252,-4.191833511,-4.098342105,-3.86111393,-3.589470408,-3.317780013,-2.998236403,-2.622213562,-2.259302599,-1.793860367,-1.413166264,-1.00200473,-0.6142614203,-0.3956171678
9.7,-2.492392296,-4.063391375,-5.491102497,-6.732755835,-8.006710589,-8.895750224,-9.763369404,-10.41222039,-10.60449085,-10.66302871,-10.16490858,-9.28210788,-8.215228615,-6.573899669,-4.960260914,-3.275547021,-1.511638228,-0.1447565756,1.183000948,2.272089768,3.258739497,4.058680395,4.813411086,5.526310772,6.016595469,6.542058996,6.827666146,6.978943206,7.14568805,7.008839184,6.92840117,6.780300968,6.427734196,6.213687513,5.762620282,5.205800572,4.574998628,3.700020162,2.77275668,1.76315369,0.7511401073,-0.1265104939,-0.8545796856,-1.366211189,-1.692003771,-1.782409085,-1.769953141,-1.707928402,-1.475649464,-1.480536022,-1.377382948,-1.299151511,-1.36963219,-1.23678114,-1.233555091,-1.254742995,-1.336957812,-1.695422288,-2.258894823,-3.137184314,-4.248873348,-5.431627279,-6.509207361,-7.304073764,-7.798234362,-7.835065218,-7.58242989,-7.008826363,-6.305722569,-5.328013967,-4.309626253,-3.188959157,-1.913164743,-0.7347247244,0.5013884202,1.665501799,2.667808785,3.537396169,4.148955861,4.51000724,4.752302156,4.006551683,2.320544033,-0.3792336763,-4.637432883,-9.22277513,-13.78188818,-17.10547153,-15.01827434,-9.364385407,-5.6943179,-1.556749065,-0.3713169661,-3.958350871,-6.765501056,-10.0513563,-12.769015,-11.32487671,-7.282898054,-2.94515629,0.6980876487,1.368571173,2.206743575,2.906711033,3.409848703,3.783805158,4.280712542,4.704782369,5.126859618,5.063021244,5.058928826,5.060825689,5.079348107,5.185308071,5.090293561,4.925420289,4.723879712,4.688027073,4.670719674,4.531446648,4.356955832,4.19099711,3.893746191,3.499272026,3.104689358,2.800334111,2.406467348,1.854463853,1.227496023,0.4567959074,-0.1367850977,-0.6293609489,-1.206766417,-1.869333134,-2.639897145,-3.226331011,-3.75761128,-4.10059305,-4.444290168,-4.703921701,-4.762957745,-4.796310315,-4.804505294,-4.692375459,-4.426405496,-4.184338402,-4.123239916,-4.078892214,-3.904891486,-3.827522653,-3.617341029,-3.388472529,-3.181675811,-2.918162205,-2.603429824,-2.272161981,-1.848947529,-1.504908746,-1.1244934,-0.7795494566,-0.5846256591
9.8,-0.5445061012,-2.190516581,-3.642767655,-4.87463208,-6.11253748,-6.960252116,-7.81630803,-8.510157929,-8.838095823,-9.129683918,-8.960487603,-8.484197991,-7.833388127,-6.637232702,-5.401891681,-4.033243981,-2.540559584,-1.320672266,-0.1199653625,0.8815830524,1.835533824,2.610002301,3.412300587,4.230019234,4.844984227,5.575827681,6.054290609,6.398039732,6.765781163,6.75124819,6.78559331,6.72704091,6.408824683,6.265873342,5.851099135,5.333704864,4.762197732,3.891996054,2.954828557,1.86422509,0.7188455879,-0.3783707952,-1.3526513,-2.12198195,-2.718816563,-2.98726813,-3.122406211,-3.141248593,-2.899455853,-2.878980892,-2.676913679,-2.462888734,-2.382876752,-2.012793341,-1.734818918,-1.393332749,-1.040058479,-0.9076920552,-0.9922035045,-1.482640656,-2.378749153,-3.60520891,-4.945107601,-6.153369612,-7.110559047,-7.552972626,-7.612814768,-7.23901555,-6.657126826,-5.709613549,-4.6955411,-3.563012451,-2.22647332,-1.026907136,0.2782528638,1.526763203,2.613255769,3.62817375,4.379569647,4.887308807,5.231623533,4.761556896,2.973827373,0.1368954914,-4.519859802,-9.50739549,-14.16601325,-17.6416029,-15.48853812,-9.461400174,-5.85703347,-1.979958726,-0.7163315079,-4.335662525,-7.11627164,-10.07366819,-12.58637016,-10.92945131,-6.630070125,-2.287065866,1.284319216,1.919364732,2.721986958,3.388670247,3.89649811,4.254780653,4.696461937,5.064060835,5.381407984,5.300790588,5.256070906,5.183648497,5.095918364,5.062026108,4.849502681,4.569270667,4.240560243,4.049309543,3.893340791,3.619156304,3.326502291,3.071360204,2.74194217,2.347078649,1.992928725,1.713107225,1.379594487,0.9246005963,0.3702328699,-0.2924477485,-0.8038962575,-1.204814769,-1.697268448,-2.273693491,-2.971104049,-3.481247141,-3.934226349,-4.216858388,-4.496777084,-4.700667227,-4.726225694,-4.713550638,-4.70405798,-4.571478348,-4.272486391,-4.026631086,-3.963188429,-3.937073656,-3.803242439,-3.742746783,-3.571410014,-3.389359471,-3.241972058,-3.037398622,-2.790369247,-2.499644139,-2.125616288,-1.818399736,-1.461490549,-1.154572921,-0.9879925396
9.9,1.008115546,-0.7582512893,-2.296143291,-3.570586478,-4.806460781,-5.59891566,-6.386188839,-7.018876456,-7.319238791,-7.66962421,-7.634587161,-7.38215607,-6.999147932,-6.133168728,-5.209420242,-4.130290974,-2.926072503,-1.896010644,-0.9009542982,-0.09108375705,0.6857472391,1.287994321,1.975978224,2.750196683,3.384174344,4.233847714,4.872790862,5.416885247,6.013017697,6.196698094,6.419744426,6.525450343,6.333600288,6.307503945,5.988253501,5.560023438,5.089299883,4.285373486,3.400917038,2.300625957,1.077854818,-0.1910871355,-1.406703722,-2.47086442,-3.403629294,-3.971014748,-4.383921868,-4.620530101,-4.534019161,-4.601815399,-4.428412487,-4.189420026,-4.023009454,-3.503192837,-2.987761807,-2.298900145,-1.491091887,-0.7787997709,-0.2306515731,-0.09977862294,-0.4891373173,-1.454233001,-2.802706698,-4.263928197,-5.618060085,-6.472251899,-6.886122252,-6.763950481,-6.363190257,-5.493048678,-4.536528498,-3.449525758,-2.101080555,-0.9554543888,0.3496386211,1.608267399,2.691194151,3.781460915,4.599001818,5.193640249,5.607422922,5.32451285,3.297218511,0.2025716259,-4.997749754,-10.5861628,-15.31479098,-18.68565813,-16.26363706,-9.69108754,-5.900931823,-2.117013553,-0.6891916131,-4.292535195,-7.057177527,-9.735409392,-12.08774524,-10.24920596,-5.742486579,-1.46182544,1.95979799,2.514032424,3.244503851,3.869932204,4.368999805,4.723864861,5.12168558,5.420023922,5.653505707,5.541474329,5.453442749,5.309103298,5.120555013,4.965590622,4.618392094,4.233562829,3.754000068,3.426645659,3.129768016,2.692543149,2.271513152,1.859455064,1.476498648,1.055206557,0.711858561,0.4282067182,0.1108978915,-0.2495187992,-0.7219568651,-1.247385856,-1.667088956,-1.988578778,-2.38772993,-2.871223958,-3.46386725,-3.886515018,-4.266302067,-4.49076479,-4.708001779,-4.855970202,-4.842192777,-4.779158257,-4.745264202,-4.589694107,-4.269927668,-4.024078952,-3.950753477,-3.918603031,-3.809174319,-3.773894307,-3.657819853,-3.525947508,-3.414878132,-3.251842315,-3.074998853,-2.839601771,-2.53090705,-2.254974295,-1.910384175,-1.635847946,-1.500340061
10,2.475536533,0.5781241405,-1.119363417,-2.539770995,-3.876332899,-4.72702998,-5.518186661,-6.123187896,-6.383270975,-6.720121581,-6.70953478,-6.536750726,-6.274989457,-5.583762988,-4.837996145,-3.932083307,-2.910732308,-1.999478098,-1.156422623,-0.5198370454,0.03203208201,0.3833253156,0.8195659271,1.390318145,1.912781641,2.73945655,3.454684347,4.154025,4.943529081,5.362262868,5.806974537,6.121794726,6.136098217,6.258079978,6.091704181,5.802369491,5.46913958,4.797924711,4.031758519,3.007728876,1.788497046,0.4398710054,-0.9597822925,-2.299132674,-3.571479578,-4.513558383,-5.293086611,-5.857860203,-6.071809131,-6.343164267,-6.335551488,-6.203532405,-6.060516178,-5.522156053,-4.872008288,-3.925511882,-2.716778527,-1.423069276,-0.1642011129,0.7648478625,1.143448176,0.7956076157,-0.2169122994,-1.656421568,-3.2331789,-4.452809277,-5.237762052,-5.426449798,-5.284695194,-4.575619045,-3.764807034,-2.813987367,-1.554360731,-0.5649865412,0.6261731775,1.775150976,2.739563983,3.78166987,4.559017382,5.15197205,5.573980942,5.385479931,3.076539291,-0.3072502676,-6.096609816,-12.4257378,-17.17530469,-20.13131909,-17.22506418,-10.00742473,-5.830152177,-2.003615643,-0.3555937944,-3.863342527,-6.638841745,-9.109497128,-11.29633294,-9.306103241,-4.688359166,-0.5005495544,2.688379231,3.115789985,3.742638843,4.312988152,4.771063417,5.128410651,5.489539923,5.723092658,5.899609929,5.723404475,5.564526318,5.341199648,5.07213426,4.831478796,4.334551398,3.828208247,3.168921197,2.727516186,2.301750661,1.69053934,1.125349027,0.4919419179,0.02370475662,-0.4557579823,-0.8371477155,-1.131742271,-1.460725308,-1.738268703,-2.138445528,-2.531920932,-2.82979048,-3.037591097,-3.300874122,-3.695260883,-4.178761524,-4.493672244,-4.770099369,-4.899766262,-5.044909811,-5.146515645,-5.075713698,-4.959993575,-4.871423235,-4.676830167,-4.34360415,-4.07969063,-3.996206341,-3.939045161,-3.839376872,-3.822997387,-3.754230521,-3.66950947,-3.590717519,-3.466454983,-3.353005524,-3.173360976,-2.929745001,-2.69515209,-2.370328408,-2.132526037,-2.022192301
