子图2 热图矩阵（行=y，列=x）,-4,-3.95,-3.9,-3.85,-3.8,-3.75,-3.7,-3.65,-3.6,-3.55,-3.5,-3.45,-3.4,-3.35,-3.3,-3.25,-3.2,-3.15,-3.1,-3.05,-3,-2.95,-2.9,-2.85,-2.8,-2.75,-2.7,-2.65,-2.6,-2.55,-2.5,-2.45,-2.4,-2.35,-2.3,-2.25,-2.2,-2.15,-2.1,-2.05,-2,-1.95,-1.9,-1.85,-1.8,-1.75,-1.7,-1.65,-1.6,-1.55,-1.5,-1.45,-1.4,-1.35,-1.3,-1.25,-1.2,-1.15,-1.1,-1.05,-1,-0.95,-0.9,-0.85,-0.8,-0.75,-0.7,-0.65,-0.6,-0.55,-0.5,-0.45,-0.4,-0.35,-0.3,-0.25,-0.2,-0.15,-0.1,-0.05,0,0.05,0.1,0.15,0.2,0.25,0.3,0.35,0.4,0.45,0.5,0.55,0.6,0.65,0.7,0.75,0.8,0.85,0.9,0.95,1,1.05,1.1,1.15,1.2,1.25,1.3,1.35,1.4,1.45,1.5,1.55,1.6,1.65,1.7,1.75,1.8,1.85,1.9,1.95,2,2.05,2.1,2.15,2.2,2.25,2.3,2.35,2.4,2.45,2.5,2.55,2.6,2.65,2.7,2.75,2.8,2.85,2.9,2.95,3,3.05,3.1,3.15,3.2,3.25,3.3,3.35,3.4,3.45,3.5,3.55,3.6,3.65,3.7,3.75,3.8,3.85,3.9,3.95,4
0.5,1.045849229,1.045881152,1.04590797,1.045931833,1.04595368,1.045970772,1.045985784,1.045997953,1.04600677,1.046013766,1.046017525,1.046018805,1.046018099,1.046013975,1.046007874,1.045999332,1.04598803,1.045974715,1.045958673,1.0459403,1.045919876,1.045896423,1.045870848,1.045842782,1.045812111,1.045779139,1.045743513,1.045705449,1.045665114,1.045621713,1.045575981,1.045527568,1.045476306,1.045422492,1.045365754,1.045306258,1.045244287,1.045178784,1.045110716,1.045039699,1.044965312,1.044888242,1.044807738,1.044724146,1.044637857,1.044547487,1.044454336,1.0443579,1.044257667,1.044154474,1.044047526,1.043937215,1.043823996,1.04370641,1.04358592,1.043462058,1.04333432,1.043203691,1.043069299,1.042931679,1.042791283,1.042646856,1.042499783,1.042349727,1.042196214,1.042040197,1.041881057,1.041719303,1.041555488,1.041388429,1.041219542,1.041048493,1.040875075,1.040700189,1.040523292,1.040345336,1.040166527,1.039989275,1.03981585,1.039652456,1.039526851,1.038346746,1.036729096,1.034919645,1.033159219,1.031630883,1.029892858,1.028006013,1.026003363,1.023870104,1.021656271,1.019356977,1.017009547,1.014454404,1.01175569,1.008918106,1.006039809,1.003120569,1.000060822,0.9969142706,0.9931392043,0.9918825342,0.9910183986,0.9901860554,0.9894831389,0.9888672671,0.9882258933,0.9875774353,0.9869904379,0.9864429749,0.9859128042,0.9854004477,0.984868525,0.9843730721,0.9838878505,0.9834372406,0.9829983664,0.9825419632,0.9820960087,0.9816765571,0.9812728863,0.9808847591,0.9804902419,0.9800994132,0.9797166016,0.9793617927,0.9790198303,0.9786776578,0.9783273036,0.9779878467,0.9776721365,0.9773689452,0.977073969,0.9767645208,0.9764627563,0.9761750848,0.9759122047,0.9756575288,0.9753900327,0.9751194169,0.9748560373,0.9746314529,0.9744125177,0.9741876561,0.9739450654,0.9737088864,0.9735061238,0.9733218101,0.9731430493,0.9729231992,0.9727090069,0.9725160031,0.972365911,0.9722214383,0.9720373788,0.9718353535,0.9716416393,0.9715246911,0.9714083886,0.9712689108,0.9710765628
0.6,1.054416367,1.054532889,1.054641359,1.054744548,1.054843294,1.054934983,1.055022269,1.055104585,1.055181816,1.055254734,1.055322811,1.055386597,1.055446299,1.055501189,1.055552039,1.05559876,1.05564136,1.055679802,1.055714203,1.0557447,1.055771402,1.055793743,1.055812254,1.0558268,1.055837402,1.055843883,1.055846395,1.055844994,1.055839703,1.055829997,1.055816333,1.055798451,1.055776474,1.05574999,1.055719318,1.055684425,1.055645179,1.055601294,1.055552945,1.055499992,1.055442597,1.055380018,1.055312922,1.055241131,1.055164399,1.055082683,1.054995917,1.054904162,1.054807517,1.054705148,1.054597897,1.054485551,1.054367874,1.054244932,1.054116627,1.053983161,1.05384455,1.053700106,1.053550758,1.053396316,1.053236755,1.053072001,1.052902263,1.052727782,1.052548416,1.052364128,1.052175237,1.05198183,1.051784394,1.051581863,1.051375485,1.051165018,1.050950146,1.050731645,1.050509011,1.050283243,1.050054501,1.049825651,1.049599652,1.049384653,1.049217248,1.047657418,1.045486896,1.043048306,1.040681192,1.038646785,1.036323614,1.033793436,1.031102438,1.028231872,1.025247026,1.022144508,1.018976256,1.015508474,1.011839872,1.007982348,1.00406994,1.000100952,0.9959419912,0.9916685884,0.986551723,0.9848550858,0.9836955244,0.9825786181,0.9816402141,0.9808219887,0.9799688897,0.9791062587,0.9783289094,0.9776058482,0.9769053759,0.9762302222,0.9755298714,0.9748789221,0.9742410703,0.9736514684,0.9730782473,0.9724808547,0.9718979574,0.9713519478,0.9708269282,0.9703227107,0.9698103604,0.9693032981,0.9688068979,0.9683487375,0.9679081254,0.9674671139,0.967014736,0.9665769065,0.9661716262,0.9657840233,0.9654076755,0.9650097857,0.9646224334,0.9642551074,0.9639215605,0.9635985248,0.9632579963,0.962913113,0.962577095,0.9622938045,0.9620187009,0.9617353053,0.961427478,0.9611283275,0.9608734737,0.9606426726,0.9604192005,0.9601423692,0.9598730481,0.9596307183,0.9594432356,0.9592629841,0.9590328939,0.9587801383,0.9585379999,0.9583913986,0.9582459173,0.9580717151,0.9578309926
0.7,1.062037984,1.062282045,1.062513585,1.062736767,1.062953284,1.063158422,1.063356984,1.063547829,1.063730376,1.063906804,1.064075341,1.064237236,1.064393183,1.064541186,1.064683367,1.064819207,1.06494847,1.065071838,1.065188788,1.065299843,1.065405349,1.065504004,1.065597093,1.065684198,1.065765269,1.065840447,1.065909581,1.065972931,1.066030678,1.066081738,1.066127126,1.066166365,1.066199413,1.066226235,1.066246743,1.066261094,1.066269463,1.066270644,1.066265689,1.066254161,1.066235762,1.066210619,1.066178522,1.066139654,1.066094238,1.066040907,1.065980863,1.065913674,1.065838883,1.065756731,1.065667026,1.065569989,1.065465881,1.065353318,1.065233611,1.065106439,1.064971313,1.064828609,1.064678171,1.064520319,1.064355413,1.064182163,1.064001984,1.063814649,1.063619561,1.063417414,1.063207861,1.062991327,1.062768512,1.062537457,1.06230018,1.062056066,1.061804566,1.061546509,1.061281059,1.061009403,1.060731423,1.060450565,1.060170308,1.059900898,1.05968874,1.057723534,1.054949506,1.051821285,1.048791049,1.046214073,1.043259483,1.04003077,1.036590498,1.032916409,1.029088607,1.025104667,1.021040776,1.01656447,1.011825472,1.006840893,1.001787072,0.9966598217,0.9912876612,0.9857738782,0.9791825257,0.9770019963,0.9755212819,0.974095561,0.972904476,0.9718711676,0.9707924882,0.969701641,0.9687222864,0.9678150686,0.9669374254,0.9660929482,0.9652159001,0.9644034648,0.9636085748,0.9628765014,0.9621657837,0.9614246419,0.9607023237,0.9600276604,0.9593799554,0.9587595289,0.9581294104,0.9575066146,0.9568975847,0.9563363236,0.955797916,0.9552597694,0.9547084601,0.9541761292,0.9536837634,0.9532126144,0.9527558808,0.9522759609,0.9518094021,0.9513663406,0.9509637589,0.9505749568,0.9501668008,0.9497545068,0.9493539877,0.9490147648,0.9486853678,0.9483476349,0.9479831671,0.9476293761,0.9473269409,0.9470528548,0.9467880826,0.9464622526,0.9461458415,0.9458607802,0.9456398461,0.9454279342,0.9451578518,0.9448612972,0.9445782398,0.9444064712,0.9442357806,0.9440316548,0.9437486834
0.8,1.068458096,1.068873515,1.069271603,1.069657792,1.070034308,1.070395029,1.070746295,1.071086627,1.071415311,1.071735174,1.072043968,1.072343351,1.072634262,1.072914078,1.07318562,1.07344824,1.073701628,1.073946729,1.074182835,1.074410687,1.074630752,1.074841303,1.075044066,1.075238501,1.075424565,1.075602419,1.075771918,1.075933391,1.076087078,1.076231593,1.076368248,1.07649641,1.076616104,1.076727149,1.076829587,1.076923567,1.077009236,1.077085226,1.077152719,1.077211203,1.077260432,1.077300269,1.077330728,1.077351938,1.077364054,1.077365574,1.077357777,1.077340189,1.077312353,1.077274236,1.077225891,1.077167477,1.077099206,1.077019529,1.076929873,1.076829919,1.076719068,1.076597559,1.0764654,1.076322883,1.076170392,1.076006323,1.075832341,1.075648185,1.07545306,1.075247645,1.075031577,1.074805279,1.074569536,1.074321709,1.074064286,1.073796354,1.07351706,1.073227084,1.072925335,1.072613035,1.072289788,1.0719593,1.071625721,1.071301369,1.071042655,1.068656215,1.065238866,1.061371061,1.057634213,1.054488801,1.05086523,1.046899287,1.0426618,1.038122571,1.03339242,1.028468565,1.023436453,1.017863633,1.011967618,1.005759379,0.9994631989,0.9930785446,0.9863889555,0.9795276128,0.9713373593,0.9686291031,0.9668031509,0.9650461534,0.9635858541,0.9623256896,0.961009397,0.9596786904,0.958488897,0.9573905001,0.9563291415,0.9553103404,0.9542521049,0.9532751473,0.9523199204,0.9514438723,0.9505948916,0.9497093,0.948847469,0.9480453452,0.9472760133,0.9465409137,0.9457953915,0.9450599199,0.9443414036,0.9436802794,0.9430479872,0.9424169815,0.9417714316,0.9411496919,0.9405754168,0.9400260141,0.9394944858,0.938938709,0.9383994273,0.9378872465,0.9374219124,0.9369736808,0.9365051561,0.9360332354,0.9355758726,0.9351873819,0.9348106967,0.9344261635,0.9340135341,0.9336137769,0.9332712538,0.9329606218,0.9326613571,0.9322958982,0.9319418337,0.9316223572,0.931374082,0.9311366327,0.9308352631,0.9305048268,0.9301906574,0.929998421,0.9298074727,0.9295800767,0.9292644802
0.9,1.073297413,1.073922886,1.074526075,1.075113745,1.075688511,1.076243153,1.076785234,1.077313063,1.077825995,1.07832703,1.078813937,1.079288596,1.07975196,1.080201325,1.080639634,1.081066343,1.081481289,1.081885153,1.082277576,1.082659267,1.083030702,1.083390081,1.083739233,1.084077639,1.084405294,1.084722199,1.085028363,1.085324133,1.085609705,1.085883568,1.086147133,1.086399693,1.086641414,1.086871758,1.087091073,1.087299449,1.087496829,1.087682008,1.087855935,1.088018114,1.088168566,1.088306345,1.088432224,1.088546066,1.088647636,1.088735999,1.08881178,1.088874772,1.088924813,1.088960772,1.088983746,1.088993511,1.088989785,1.088971832,1.088940172,1.088894865,1.088835558,1.088761277,1.08867333,1.088571485,1.088455724,1.088325128,1.088180581,1.088022179,1.087849299,1.087661655,1.087459666,1.087243338,1.087013291,1.086766682,1.086505859,1.086229821,1.085937429,1.085628684,1.085302589,1.084960151,1.08460045,1.084227372,1.083845489,1.083469238,1.083164643,1.080355892,1.076274721,1.071638744,1.067172603,1.063458178,1.059157709,1.054432408,1.049370818,1.043938723,1.03826476,1.032350424,1.026306288,1.019573664,1.012440428,1.004926693,0.9973056105,0.9895750012,0.9814739123,0.9731679907,0.963262741,0.9599822678,0.9577880358,0.9556784974,0.9539339247,0.9524369546,0.9508723403,0.9492913459,0.9478841063,0.9465892387,0.9453390347,0.9441423666,0.9429000871,0.9417569868,0.9406395521,0.9396197403,0.9386334531,0.9376041306,0.9366041025,0.9356773571,0.9347893719,0.9339430217,0.9330859254,0.9322420774,0.9314186295,0.930663201,0.9299430102,0.9292252101,0.9284913502,0.9277862654,0.927137069,0.92651743,0.9259195533,0.9252946267,0.924689711,0.9241166966,0.9235977204,0.9230989585,0.9225787943,0.9220559487,0.9215499675,0.9211214302,0.9207072725,0.9202856915,0.9198343502,0.919398286,0.9190249672,0.9186868089,0.9183621722,0.9179680241,0.9175873928,0.9172436145,0.9169755345,0.9167199316,0.9163983051,0.9160467805,0.9157137927,0.9155061257,0.9153006602,0.9150583173,0.9147231068
1,1.075890227,1.076743173,1.077568704,1.078375491,1.079167212,1.079933999,1.080686165,1.081421218,1.082137984,1.082841202,1.083527111,1.084198438,1.084856658,1.085497723,1.086126001,1.086740473,1.087340746,1.087928294,1.088502034,1.089063078,1.08961212,1.090146691,1.09066926,1.091179026,1.091675955,1.092160298,1.09263182,1.093090983,1.093538075,1.093971191,1.094392089,1.094799818,1.095194483,1.095575713,1.095943611,1.096298324,1.096639929,1.096966641,1.097279883,1.097578898,1.097863447,1.098132978,1.09838778,1.098627852,1.098853188,1.099061958,1.099255545,1.099433356,1.09959478,1.099739348,1.099867443,1.099979072,1.100074275,1.100151143,1.100211223,1.100254139,1.100279034,1.100285704,1.100274575,1.100245763,1.100199514,1.100133719,1.100050284,1.099948845,1.099828161,1.099688514,1.09952964,1.099351732,1.099155521,1.098936878,1.098698926,1.098440008,1.098158453,1.097853791,1.097524509,1.09717142,1.096792882,1.09639241,1.095974848,1.095556329,1.095211061,1.092005199,1.08727898,1.081894773,1.076730713,1.072504805,1.067578826,1.062139369,1.056291509,1.049995419,1.043399055,1.036506655,1.029458924,1.021548051,1.013151718,1.004293748,0.995301213,0.9861717135,0.9765958663,0.9667742216,0.9550572774,0.9511636227,0.9485833082,0.9461045475,0.9440649732,0.9423254437,0.9405052496,0.9386667505,0.9370367538,0.9355429056,0.9341028491,0.9327275914,0.9312990463,0.9299895795,0.9287111284,0.9275495384,0.9264281045,0.9252580087,0.9241228678,0.9230748819,0.9220722129,0.921119601,0.9201564129,0.9192101768,0.9182881415,0.9174437622,0.9166415903,0.9158438372,0.9150300861,0.9142508035,0.913534223,0.9128501422,0.9121917735,0.9115092996,0.910850278,0.9102253943,0.9096591417,0.9091171318,0.9085557277,0.9079939478,0.9074525829,0.9069912694,0.906545985,0.9060962603,0.9056200247,0.905161159,0.9047660521,0.9044077965,0.904065446,0.9036559454,0.9032621803,0.9029057384,0.9026255839,0.9023597097,0.9020291172,0.9016694824,0.9013310025,0.9011155465,0.9009031392,0.9006551972,0.9003127916
1.1,1.075770905,1.076807653,1.077811913,1.078794688,1.079760888,1.080697727,1.081618732,1.082520457,1.083401236,1.084267824,1.085114767,1.085945766,1.086762892,1.087560823,1.088345357,1.089115028,1.089869196,1.090610411,1.091336682,1.092049584,1.092750105,1.093435187,1.094107937,1.094767237,1.09541297,1.096046009,1.096665494,1.097272125,1.09786631,1.098445863,1.099012793,1.099565841,1.100105094,1.100630533,1.101141825,1.101639184,1.102122712,1.102590474,1.103043922,1.103482066,1.103904548,1.104311118,1.104701632,1.105076114,1.105434543,1.105774917,1.106098611,1.106404819,1.106692761,1.106962158,1.107213079,1.107445491,1.107659377,1.107852665,1.10802686,1.108181433,1.108315229,1.108428248,1.108520626,1.108592404,1.108643777,1.10867237,1.108680074,1.108666309,1.108629491,1.108569888,1.108486887,1.108380505,1.108251284,1.108094325,1.107912715,1.107704214,1.107466548,1.107198191,1.1068972,1.106563695,1.106194835,1.105793226,1.105363148,1.104921708,1.104547376,1.101009467,1.095732033,1.089720483,1.084013001,1.079470572,1.074118032,1.068173599,1.061743202,1.054771946,1.047441974,1.039756352,1.031863788,1.022905574,1.013369135,1.003264603,0.9929761242,0.9825105621,0.971504975,0.9601915863,0.9466611055,0.9421471394,0.9391882326,0.9363452448,0.9340180241,0.9320461476,0.9299779846,0.9278886798,0.926044065,0.9243597153,0.9227376388,0.9211920903,0.9195853838,0.9181177965,0.916685913,0.9153912709,0.9141432859,0.9128407716,0.9115787412,0.910418634,0.9093099376,0.9082595986,0.907199421,0.9061602622,0.9051487785,0.9042245487,0.9033498514,0.9024817096,0.9015978521,0.9007542704,0.8999802218,0.8992415392,0.8985326475,0.8978030507,0.8971005096,0.896434357,0.8958310749,0.8952559883,0.894664334,0.8940750451,0.8935095724,0.8930257799,0.8925598914,0.8920930714,0.8916039491,0.8911344592,0.8907284772,0.8903603806,0.8900106544,0.8895987251,0.8892048888,0.8888478792,0.8885652682,0.8882987717,0.8879719058,0.8876183856,0.8872884172,0.8870734663,0.8868631503,0.8866206384,0.8862855008
1.2,1.075733585,1.076879085,1.077983256,1.07906102,1.080119325,1.081140385,1.082143398,1.083123242,1.084077535,1.085016187,1.085931263,1.086828105,1.087709702,1.088568916,1.089413835,1.090242383,1.091053754,1.091852049,1.092634164,1.093402424,1.094158314,1.094898202,1.095626091,1.096340584,1.097041502,1.097730772,1.098406758,1.099070522,1.099722713,1.100361148,1.100988005,1.101601786,1.102202634,1.102791287,1.103366747,1.103929377,1.104479316,1.105015006,1.105537532,1.106045754,1.10653938,1.107018589,1.107482799,1.10793197,1.108365915,1.108783329,1.109184783,1.109569455,1.109936575,1.110286084,1.110617738,1.110931305,1.111226506,1.11150208,1.111758517,1.111995338,1.112211275,1.11240643,1.112580762,1.112733997,1.112866033,1.112975161,1.113062249,1.113126719,1.113166736,1.113182512,1.113172992,1.11313774,1.113076944,1.112985448,1.112865538,1.112714348,1.112528864,1.112306464,1.112044339,1.11174156,1.111393808,1.111002313,1.110570092,1.110114628,1.109715789,1.105881664,1.100135409,1.093629512,1.087567538,1.082965878,1.077468753,1.071309967,1.064599837,1.057266173,1.049502503,1.041311614,1.032866069,1.023118867,1.012667853,1.001524063,0.9901287078,0.9784884651,0.9661887594,0.953504538,0.9382882411,0.9332224822,0.9299200064,0.9267431997,0.9241604761,0.921982725,0.9196902308,0.9173696272,0.9153299665,0.9134750273,0.9116888693,0.9099902044,0.9082202224,0.9066090824,0.9050370501,0.9036233114,0.9022620631,0.9008380754,0.899459503,0.8981981095,0.8969938131,0.8958557599,0.894707634,0.8935840769,0.8924912895,0.8914960356,0.8905574978,0.8896270742,0.8886803659,0.8877794548,0.886955618,0.8861705544,0.8854194219,0.8846491071,0.8839095257,0.8832092991,0.8825769257,0.8819764359,0.8813616772,0.8807517407,0.8801687444,0.8796698657,0.8791909616,0.8787145624,0.8782198597,0.8777470504,0.8773370527,0.8769659221,0.8766157254,0.8762095193,0.8758239187,0.8754740474,0.8751943016,0.874932296,0.8746175462,0.8742801786,0.8739681677,0.8737566555,0.8735523524,0.8733214097,0.873003677
1.3,1.080748052,1.082176821,1.083551112,1.084889749,1.086201763,1.087463259,1.088700048,1.089905089,1.091075125,1.092222846,1.09333813,1.094428108,1.095496757,1.096534246,1.097551912,1.098546979,1.09951846,1.100471521,1.101402564,1.102314769,1.103210112,1.104083971,1.104941826,1.105782083,1.106604705,1.107412079,1.108202561,1.108977623,1.109738181,1.110481833,1.111211357,1.111925154,1.112623548,1.113307619,1.113976312,1.114630181,1.115269509,1.115892811,1.116501299,1.117093773,1.117669981,1.118230519,1.118774542,1.119302072,1.119813053,1.120306221,1.120782138,1.121239847,1.121678377,1.122098355,1.122498929,1.122879959,1.123241296,1.123581555,1.123901269,1.12419976,1.124475411,1.124729139,1.124960058,1.125167988,1.125352966,1.125512947,1.125648917,1.125759934,1.125843556,1.12590079,1.125929509,1.125929234,1.125900167,1.12583616,1.125739601,1.125606757,1.125433696,1.125217551,1.124954059,1.124641785,1.124275285,1.123854963,1.123383481,1.122879649,1.122431282,1.118135859,1.111668214,1.104375488,1.097658284,1.092712464,1.086771319,1.080089979,1.072784977,1.064767207,1.056246063,1.047224178,1.037906955,1.02703601,1.015335789,1.002819377,0.9899955803,0.976863961,0.9629473732,0.948585186,0.931385913,0.925719386,0.9220040323,0.9184356149,0.915553868,0.9131252088,0.9105680031,0.9079754534,0.905703744,0.9036469483,0.9016680815,0.8997890469,0.8978265116,0.8960467386,0.8943111538,0.892757078,0.8912628009,0.8896966558,0.8881821867,0.8868014147,0.8854846113,0.8842438644,0.8829925728,0.8817699583,0.8805820447,0.8795023835,0.878487781,0.8774834831,0.8764629857,0.8754950165,0.8746114507,0.8737694117,0.8729658751,0.8721482115,0.8713652852,0.8706233923,0.8699534174,0.8693201193,0.8686766265,0.8680414905,0.8674377038,0.8669174146,0.8664186714,0.86592766,0.8654255439,0.8649475888,0.8645292448,0.8641502469,0.8637951242,0.8633933856,0.8630150631,0.862670726,0.8623898556,0.8621285568,0.8618243382,0.8615027253,0.8612083739,0.8609963079,0.8607944332,0.8605724669,0.8602711443
1.4,1.086676222,1.088691882,1.090643655,1.092550891,1.094422837,1.096232937,1.098009286,1.099744321,1.101434418,1.10309155,1.104706184,1.106285776,1.107834483,1.109340506,1.110817158,1.112261479,1.113672436,1.115054317,1.11640458,1.117726665,1.119022733,1.120286796,1.121525938,1.122738532,1.123924652,1.125085898,1.126221706,1.12733374,1.128423096,1.129486359,1.130527595,1.131545158,1.132539496,1.133511105,1.134459759,1.135386161,1.136290773,1.137171192,1.138029745,1.138865108,1.139677003,1.140465761,1.141230966,1.14197282,1.142691398,1.143384608,1.14405393,1.144698257,1.145316516,1.145909103,1.146475548,1.147015787,1.147529715,1.148015376,1.148473909,1.148904569,1.149305558,1.149677605,1.150020206,1.150333185,1.150616515,1.150867891,1.151088505,1.151277398,1.151431921,1.151552699,1.151637875,1.151686754,1.151699308,1.151668807,1.151597558,1.151481355,1.151315715,1.151096533,1.150819388,1.150482187,1.150078119,1.149608007,1.149073824,1.148496645,1.147977546,1.142968144,1.135379484,1.126807131,1.118888006,1.113028672,1.106039154,1.098211737,1.089666938,1.080301565,1.070361001,1.059850518,1.049001016,1.036338006,1.022739494,1.008211861,0.993337703,0.9781147072,0.9619907052,0.9453622886,0.9255320287,0.9190663606,0.9148049864,0.9107297073,0.9074532765,0.904691804,0.9017917802,0.8988538352,0.8962835312,0.8939664684,0.8917404248,0.8896301426,0.8874258348,0.8854327394,0.8834921873,0.8817608513,0.8800993114,0.878357239,0.8766754135,0.8751471995,0.8736922028,0.8723253564,0.8709483189,0.8696053918,0.8683022149,0.8671209822,0.8660148224,0.8649217812,0.8638127264,0.8627643475,0.8618096691,0.8609004762,0.860035297,0.8591609121,0.8583261607,0.8575352459,0.8568218082,0.8561506411,0.8554734966,0.854808627,0.8541801231,0.8536360872,0.8531157852,0.8526088761,0.852098327,0.8516149582,0.8511886516,0.8508029242,0.8504445841,0.8500497512,0.8496817776,0.8493466779,0.849068125,0.8488115553,0.8485236274,0.8482247301,0.847955145,0.8477478361,0.8475551634,0.8473502411,0.8470751324
1.5,1.089253818,1.092028655,1.094737142,1.097394538,1.100007756,1.102552549,1.105053119,1.107503341,1.109900041,1.112249572,1.114546876,1.116797632,1.119004856,1.121156357,1.123265076,1.12532873,1.127346621,1.129319078,1.131247152,1.133133517,1.134979827,1.136778939,1.138538999,1.140258822,1.141938844,1.143577678,1.145177852,1.146740735,1.148267234,1.149752711,1.151202705,1.152615855,1.153993054,1.155332487,1.156636547,1.157905833,1.159140729,1.160337842,1.161500835,1.162628657,1.163721417,1.164777596,1.165799031,1.166785839,1.167738022,1.168652841,1.169532772,1.170377002,1.171184765,1.171955008,1.172689143,1.173387031,1.174048459,1.174671263,1.175257135,1.175805696,1.176315281,1.176785664,1.177217866,1.177611584,1.177966678,1.178281008,1.178555868,1.178790612,1.178982627,1.179131857,1.179237299,1.179297957,1.17931363,1.179277348,1.179191199,1.179050663,1.178850811,1.17858646,1.178253147,1.177848228,1.177363568,1.17680155,1.176163374,1.175473066,1.174851802,1.168777707,1.159641085,1.149354824,1.139825807,1.132713752,1.124393461,1.115185515,1.105222407,1.094386667,1.082938263,1.070883285,1.058493391,1.044029269,1.028533743,1.012013766,0.9951203532,0.9778363807,0.9595281836,0.9406546533,0.9182110579,0.9109110673,0.9060932665,0.9015018252,0.8978260949,0.8947319077,0.8914876898,0.8882027732,0.8853345183,0.8827598791,0.8802894065,0.8779512129,0.8755076584,0.8733049199,0.8711634651,0.8692607878,0.86743826,0.8655250686,0.8636809287,0.8620118383,0.8604260297,0.8589410347,0.8574453148,0.8559889264,0.8545774773,0.8533037228,0.852115512,0.8509427014,0.8497528098,0.8486321103,0.8476160717,0.8466504452,0.8457347142,0.844812351,0.8439348713,0.843105172,0.8423603242,0.8416636703,0.8409639757,0.8402799972,0.8396377331,0.8390835157,0.8385556159,0.8380465752,0.8375405548,0.837065247,0.8366457354,0.8362693264,0.8359244273,0.8355526946,0.8352120227,0.8349043052,0.8346464352,0.8344136141,0.8341629769,0.8339093186,0.833687251,0.8335062189,0.8333463128,0.8331838762,0.8329631085
1.6,1.087400184,1.091032581,1.094605506,1.098123146,1.10158617,1.104980046,1.108315664,1.111591267,1.114805288,1.117950768,1.121033018,1.124052619,1.127009305,1.129892514,1.132711337,1.135465315,1.138154578,1.140770243,1.143321082,1.145807246,1.148228639,1.150577041,1.152860809,1.155079921,1.157235623,1.159319525,1.161340902,1.163299925,1.1651967,1.167024824,1.16879183,1.170497318,1.172143127,1.173722167,1.175242735,1.176704995,1.178109112,1.179450194,1.180734342,1.181961473,1.183132675,1.184242769,1.185298462,1.186299861,1.187247144,1.188136724,1.188973266,1.189756909,1.190487661,1.191162619,1.191786642,1.192359892,1.192882582,1.19335247,1.193772828,1.194144161,1.194465367,1.194735975,1.194958936,1.195134374,1.195262712,1.195342427,1.195375561,1.19536209,1.195299517,1.195188969,1.195029571,1.194820719,1.194562798,1.194249481,1.193882909,1.193458526,1.192971197,1.192417885,1.191792735,1.191094163,1.190314318,1.189462312,1.188540577,1.187580492,1.186752964,1.178932318,1.167504134,1.154857471,1.143239991,1.134632983,1.124971569,1.114608406,1.103683276,1.092039148,1.079923148,1.067308374,1.054491431,1.039390694,1.023212228,1.005935793,0.9882658826,0.9701423694,0.9508287459,0.9308885229,0.9071242654,0.8992195142,0.8940166918,0.8890569609,0.8851063016,0.8817907497,0.8783102962,0.8747799612,0.871710872,0.8689635129,0.8663293779,0.8638411127,0.8612321017,0.8588913212,0.8566142914,0.8546020076,0.8526775732,0.8506497884,0.848697564,0.8469392511,0.8452703658,0.8437136324,0.8421436825,0.8406168358,0.8391387791,0.837810638,0.8365779379,0.8353617516,0.8341261681,0.8329678857,0.8319234055,0.8309323283,0.8299964705,0.8290571678,0.8281675317,0.8273278617,0.8265791058,0.8258848438,0.8251901888,0.8245145412,0.8238868142,0.8233487683,0.8228390503,0.8223543117,0.8218804185,0.8214408574,0.8210548511,0.8207149711,0.8204113068,0.8200910032,0.8198066822,0.8195563571,0.819349174,0.8191710207,0.8189897019,0.8188145715,0.8186741793,0.818554684,0.8184646644,0.8183830772,0.8182563823
1.7,1.074232867,1.078782196,1.083302735,1.087779256,1.092201928,1.096576836,1.100888626,1.105143484,1.109342436,1.113458758,1.117512301,1.121494602,1.12539981,1.129222174,1.132961336,1.136619297,1.140196682,1.143671864,1.147062527,1.150364247,1.153573691,1.156681381,1.159693959,1.162612276,1.165437811,1.16815228,1.170772778,1.173297099,1.175723643,1.178042723,1.180263958,1.182387629,1.184416063,1.186334468,1.188158497,1.189887361,1.191520719,1.193050157,1.194485736,1.195828206,1.197079395,1.198228913,1.199289873,1.200262514,1.201147386,1.201938349,1.20264438,1.203266702,1.203806346,1.204257688,1.204630701,1.204926341,1.20514574,1.205285938,1.20535358,1.205350552,1.205276863,1.205131835,1.204921778,1.204647921,1.204311793,1.203913325,1.203456071,1.202941451,1.2023681,1.201738911,1.201054302,1.200314686,1.199521575,1.198671783,1.197767073,1.196804148,1.195779153,1.194693236,1.193540319,1.192321471,1.191030781,1.189692532,1.188311689,1.186934551,1.185814434,1.175479487,1.160811428,1.14484053,1.130275719,1.119527947,1.108108063,1.096458326,1.084730138,1.072718855,1.06064788,1.048418232,1.036302501,1.021810037,1.006291994,0.9896497633,0.9726113534,0.9550537078,0.9361088626,0.9164692915,0.8928712615,0.8847378214,0.8794003409,0.8742887896,0.8702505789,0.8668746084,0.8633111106,0.8596763455,0.8565393425,0.8537380822,0.8510513399,0.8485186421,0.8458432512,0.8434581978,0.8411312735,0.8390904685,0.8371408297,0.8350690325,0.8330755605,0.8312917805,0.8295985658,0.8280256303,0.8264334335,0.8248854242,0.823387445,0.8220485589,0.8208136584,0.8195938861,0.8183493632,0.8171888734,0.8161504739,0.8151671006,0.8142433342,0.8133161623,0.8124427714,0.8116209781,0.8108962712,0.8102318389,0.8095674999,0.8089242463,0.8083350527,0.8078384035,0.807371877,0.8069355395,0.8065161852,0.8061348929,0.805806239,0.8055278945,0.8052907033,0.8050444931,0.8048396555,0.804671589,0.8045417896,0.8044455495,0.8043600389,0.8042901694,0.8042585947,0.8042313155,0.8042437208,0.8042756435,0.8042753213
1.8,1.038077911,1.043114199,1.04817586,1.053234698,1.058274944,1.063319487,1.06833301,1.073326595,1.078302104,1.083225305,1.088119682,1.092970954,1.097769862,1.102515712,1.10719874,1.111821156,1.116382433,1.120857412,1.125262928,1.129591235,1.1338364,1.137989341,1.142051977,1.146024038,1.149905547,1.15367471,1.157348108,1.160921168,1.164390115,1.167743666,1.170989385,1.174126336,1.177155802,1.180058727,1.182851852,1.185532595,1.188098926,1.190539901,1.192865481,1.195075613,1.197171468,1.199138139,1.200991261,1.202729871,1.204353438,1.205852969,1.207238878,1.208512091,1.209673373,1.210712979,1.211644327,1.212467772,1.213183965,1.21378745,1.214287157,1.214685218,1.214981585,1.215172517,1.215267987,1.215269148,1.215177525,1.214991317,1.214716465,1.214354943,1.213905648,1.213369268,1.212749455,1.21204678,1.211263038,1.210393964,1.209443427,1.208408738,1.207286635,1.206077638,1.20477875,1.203392811,1.201915898,1.200380353,1.19879811,1.197229723,1.195985917,1.183804348,1.166413995,1.147355427,1.129811058,1.116678673,1.103040506,1.089484776,1.076223448,1.063067375,1.050232584,1.037581889,1.025389322,1.010744729,0.9951538901,0.9784615116,0.9614086643,0.9438278145,0.9247190863,0.9048846991,0.8809268612,0.8724266442,0.8668714086,0.8615326773,0.8573425302,0.8538544308,0.8501546317,0.8463655765,0.8431159063,0.8402235022,0.8374497782,0.8348404847,0.8320671388,0.8296089249,0.827207428,0.8251176589,0.8231239094,0.8209879921,0.8189343672,0.8171097632,0.8153803256,0.8137805188,0.8121544538,0.8105737032,0.8090450105,0.8076896966,0.8064479471,0.8052193409,0.8039586322,0.8027894594,0.8017545244,0.8007783763,0.7998669586,0.798947872,0.7980873493,0.7972823868,0.7965845853,0.7959532974,0.7953197148,0.7947080541,0.7941570697,0.7937072634,0.7932898426,0.7929065562,0.79254341,0.7922224815,0.7919569608,0.7917483833,0.791586278,0.7914182621,0.7912974549,0.7912186956,0.7911763906,0.791172338,0.7911913113,0.7912349993,0.791320288,0.7913974596,0.7915258822,0.7916842151,0.7918219091
1.9,0.9869858194,0.9919240808,0.9969218218,1.00196277,1.007039309,1.012158112,1.017301285,1.022471253,1.027664373,1.032867012,1.038082727,1.043303916,1.048525598,1.053740816,1.0589462,1.064138828,1.06931483,1.074463369,1.079586582,1.084680058,1.089739746,1.094755801,1.099729903,1.104658373,1.109538816,1.114359511,1.11912526,1.123832552,1.128477785,1.133051041,1.137556017,1.141988932,1.146348862,1.150623072,1.154818684,1.158932503,1.162961324,1.166895325,1.170739251,1.174490251,1.178147125,1.181697415,1.185149562,1.188500772,1.191748424,1.194882693,1.197909463,1.200826819,1.203632724,1.206316292,1.208886484,1.211341269,1.213678791,1.215889743,1.217980956,1.219951754,1.221798996,1.223514404,1.225106753,1.226574651,1.227917207,1.229125234,1.230206084,1.2311589,1.231979179,1.232660202,1.233207321,1.233618728,1.233894255,1.234017876,1.233999189,1.233832254,1.233509867,1.233023268,1.232373051,1.231560482,1.230581515,1.229453348,1.228201073,1.226887024,1.225809943,1.213439633,1.194797409,1.173652809,1.153615119,1.1381036,1.121818167,1.10556469,1.089713962,1.074174144,1.059208584,1.044686117,1.030932528,1.014600705,0.9973933044,0.9791159966,0.9605382698,0.9414558784,0.9207382518,0.8992693536,0.8733530485,0.8639275222,0.8578059507,0.8519426837,0.8473471352,0.8435376395,0.8395029218,0.8353787984,0.8318517134,0.8287248662,0.8257341049,0.822926631,0.8199394511,0.8173035221,0.8147351493,0.8125138594,0.8104004479,0.8081283008,0.8059483104,0.8040240791,0.8022082778,0.8005374226,0.7988346014,0.7971807651,0.7955846806,0.794184751,0.7929112713,0.7916502966,0.7903496218,0.7891509937,0.7881037121,0.7871217437,0.7862113179,0.7852880667,0.7844294795,0.7836323588,0.7829564604,0.7823550252,0.7817473353,0.7811620093,0.7806455182,0.7802433778,0.7798760083,0.7795465208,0.7792392414,0.7789787263,0.7787793205,0.778645881,0.7785647421,0.7784773658,0.778443469,0.7784594251,0.7785134341,0.7786107122,0.7787410816,0.7789045492,0.7791130431,0.7793072307,0.7795649307,0.7798616125,0.7801469976
2,0.9380958009,0.9431958795,0.9483914805,0.9536877488,0.9590863093,0.9645490092,0.9700919716,0.975694341,0.98133784,0.987033668,0.9927514643,0.9984927234,1.004256356,1.010010379,1.015770708,1.021523336,1.027257419,1.032973478,1.038659937,1.044318267,1.049948127,1.055527205,1.061070688,1.066571118,1.072024185,1.077427365,1.082779942,1.08808384,1.093339946,1.098535314,1.103682075,1.108776149,1.113817093,1.118803565,1.12373727,1.128619796,1.133452136,1.138227772,1.142953562,1.147626761,1.152246581,1.15681354,1.161326922,1.16578681,1.170192858,1.174540814,1.178832345,1.183064061,1.187232448,1.191337627,1.195376057,1.199345594,1.203243687,1.207064259,1.210806062,1.214464617,1.218032582,1.221506703,1.224882977,1.228156785,1.231323662,1.234370784,1.237298134,1.240098718,1.242761018,1.245274563,1.24763507,1.249835101,1.251869337,1.253706222,1.255354739,1.256800185,1.258024634,1.259006917,1.259741131,1.260220979,1.260438109,1.260369683,1.260050859,1.259525242,1.258973404,1.248272683,1.229856078,1.207320104,1.184638383,1.16583772,1.145405187,1.124591252,1.104163402,1.084332636,1.065575603,1.047861091,1.031605591,1.012977982,0.9938761157,0.9739947653,0.9540785626,0.9338289579,0.911920711,0.8892933714,0.8620249863,0.8519612121,0.8454261569,0.8391910735,0.8343470725,0.8303454344,0.8261024566,0.8217590348,0.8180630854,0.8148145892,0.8117155212,0.8088123253,0.8057039875,0.8029807036,0.8003356629,0.7980717164,0.7959249317,0.7935923779,0.7913595917,0.7894081614,0.7875788157,0.7859078832,0.7841924666,0.7825255858,0.7809200954,0.7795358122,0.778289317,0.7770508563,0.7757594856,0.774579044,0.7735685154,0.7726296203,0.7717676326,0.7708810483,0.7700639317,0.769314194,0.7687016883,0.7681703965,0.7676243473,0.7670983093,0.7666484491,0.7663299174,0.7660475857,0.7658044041,0.7655814612,0.7654090354,0.7653063317,0.7652800769,0.7653113049,0.7653302733,0.7654084815,0.765546392,0.7657278939,0.7659573705,0.7662262435,0.7665349524,0.7668919435,0.7672360404,0.7676562444,0.7681227024,0.7685843692
2.1,0.9002299057,0.904511988,0.9090588377,0.9138711791,0.9189435822,0.9242528712,0.9297871779,0.9355199457,0.9414269091,0.9475160861,0.9537402424,0.9600890605,0.966549798,0.973091163,0.9797066009,0.9863740508,0.9930743475,0.9997962772,1.006519758,1.013236281,1.019936447,1.026590438,1.033205266,1.039768504,1.046270969,1.052697654,1.059050441,1.065326975,1.07152483,1.077623999,1.083640111,1.08956914,1.095410928,1.101157609,1.106819551,1.11239959,1.117900663,1.123315497,1.128658301,1.133929978,1.139133486,1.144271723,1.149350773,1.154374763,1.159347547,1.164271175,1.169150666,1.173986642,1.178779363,1.183537486,1.188257032,1.192938799,1.197582873,1.202192189,1.206761047,1.211286155,1.215760451,1.220188976,1.224559612,1.228866759,1.23310454,1.23726451,1.24133681,1.245310981,1.249170859,1.252906888,1.256503316,1.259947192,1.263227875,1.266305735,1.26918202,1.271833634,1.27423235,1.276346989,1.278160949,1.279658487,1.280824035,1.281600901,1.282024042,1.282115741,1.281946213,1.272705954,1.254977216,1.232165665,1.208426447,1.188169469,1.165419429,1.141665997,1.117943113,1.094704435,1.072658491,1.051945234,1.033135678,1.012034344,0.9907859539,0.9690380394,0.9475270563,0.9259002226,0.9026436777,0.8787456558,0.8500991359,0.8395401804,0.8326828505,0.8261729985,0.821180291,0.8170745257,0.8127060866,0.8082216531,0.8044294621,0.8011388151,0.7980105404,0.7950860072,0.7919243269,0.789179541,0.7865273331,0.7842902773,0.782177858,0.7798450049,0.7776176968,0.7756973469,0.7739153944,0.7723036511,0.7706286287,0.7689977295,0.7674306863,0.7661139759,0.7649444901,0.7637748525,0.7625331967,0.761409155,0.760476122,0.7596221921,0.7588492946,0.7580299005,0.7572835273,0.7566117991,0.7560962389,0.7556666063,0.7552074811,0.7547621369,0.7543985209,0.7541886609,0.754015624,0.7538789141,0.7537535452,0.7536810277,0.753690382,0.7537876931,0.7539462106,0.7540775375,0.7542723431,0.7545378073,0.7548555168,0.7552242031,0.7556327228,0.7560843101,0.7565857921,0.7570803768,0.7576622387,0.7582939408,0.7589222828
2.2,0.8787786951,0.880649834,0.8829019386,0.885545132,0.8885836328,0.8920386397,0.8958811846,0.9000995549,0.9046808216,0.909648347,0.9149489963,0.9205687627,0.9264910822,0.9327128181,0.9391927069,0.9459068009,0.9528315645,0.9599598116,0.9672489606,0.9746777895,0.9822245283,0.9898670583,0.9975800049,1.005341549,1.01313215,1.0209279,1.028713508,1.036473424,1.044192756,1.051844985,1.059428762,1.066931847,1.074345999,1.081647238,1.088843789,1.095930179,1.102901885,1.10974076,1.116460346,1.123058725,1.129536677,1.135882219,1.14211185,1.148227708,1.154232435,1.160121518,1.165908397,1.171596317,1.177188474,1.182686352,1.188099752,1.193431887,1.198685623,1.203864852,1.208971722,1.214007681,1.21896982,1.223863728,1.228685508,1.233432124,1.238100299,1.242686036,1.247180729,1.251576185,1.255857202,1.260016586,1.264037626,1.267906543,1.271611888,1.275113573,1.278408861,1.281471513,1.284268708,1.286766282,1.288940686,1.290771211,1.292237645,1.293271433,1.29390484,1.294153083,1.294065975,1.285766785,1.268504182,1.245680976,1.221586542,1.200927803,1.17712766,1.151813904,1.126216096,1.100979857,1.077005422,1.05455191,1.034322219,1.011774089,0.9892205058,0.9662396133,0.9435624681,0.9207784048,0.8962236998,0.8709567357,0.8406895068,0.8293855391,0.8220924453,0.8152259323,0.8100116615,0.8057550213,0.8012203869,0.7965671821,0.7926544807,0.7893038673,0.7861371004,0.7831830839,0.7799611034,0.7771908652,0.7745332513,0.7723255697,0.7702513552,0.7679224571,0.7657056513,0.7638217191,0.762095797,0.760553012,0.7589254453,0.757336048,0.7558139957,0.7545737417,0.7534892899,0.7523951354,0.7512070764,0.7501423831,0.749290712,0.748526372,0.7478467411,0.7470927535,0.7464146352,0.7458188597,0.7453992387,0.7450692036,0.744690951,0.7443177143,0.744030756,0.7439221204,0.743850264,0.7438092244,0.7437659734,0.7437768203,0.7438832632,0.7440893941,0.7443594342,0.7445805369,0.7448680836,0.7452375394,0.7456696496,0.746154639,0.7466740881,0.7472363559,0.7478491847,0.7484641435,0.7491755617,0.749936541,0.7506896887
2.3,0.8752371876,0.8750321539,0.8751182878,0.875534599,0.8763127165,0.8774798061,0.8790515936,0.8810327496,0.8834286457,0.8863033028,0.8896084526,0.8933531788,0.8975403507,0.9021908697,0.9072698842,0.9127600896,0.9186438486,0.9249465542,0.9316030325,0.9385953321,0.945901966,0.9535148131,0.9613856143,0.9694839681,0.9777807365,0.9862625305,0.994880894,1.003609734,1.012422528,1.021287547,1.030179086,1.039070208,1.047937942,1.056749481,1.06549166,1.074146858,1.082698661,1.091110791,1.099389066,1.107520379,1.115495318,1.123285023,1.130904679,1.138350456,1.145619851,1.152689825,1.159583457,1.166300957,1.172843483,1.179200583,1.185394403,1.191430061,1.197312985,1.203038456,1.208624926,1.214077657,1.219397734,1.224590245,1.229664106,1.234622117,1.239466926,1.244196677,1.248813114,1.253312716,1.257684039,1.261926733,1.266026722,1.269973609,1.273758968,1.277346002,1.28073148,1.283888352,1.286781639,1.28938042,1.291652842,1.293575233,1.29512379,1.296223579,1.296900619,1.297162473,1.297048243,1.289229555,1.272081732,1.24904853,1.224510679,1.203421533,1.178544227,1.151628952,1.124119498,1.096886676,1.0711,1.047168776,1.025948921,1.002644273,0.9796388958,0.9563874205,0.9335714894,0.9106886199,0.8858997704,0.8603333692,0.8296234337,0.8178014528,0.8102664198,0.803232,0.797960067,0.7937031517,0.7891500303,0.7844732284,0.7805729226,0.7772849445,0.7741998068,0.771328796,0.7681535459,0.7654581091,0.7628918574,0.7608021233,0.7588497058,0.7566047149,0.754473824,0.7526952957,0.7510909806,0.749678777,0.748155377,0.7466598699,0.7452328045,0.7441145608,0.7431568676,0.7421769974,0.7410781785,0.740105,0.7393636036,0.7387156307,0.738153964,0.7374855494,0.7368938706,0.7363903294,0.7360806945,0.7358621578,0.7355739505,0.7352797935,0.7350746721,0.7350708749,0.7351028144,0.7351578015,0.7351935918,0.7352835243,0.7354826105,0.7357920786,0.73616703,0.7364664697,0.7368339898,0.7372941039,0.7378283936,0.7384168711,0.7390286632,0.7396796854,0.7403817717,0.7410981428,0.7419180426,0.7427836002,0.7436307847
2.4,0.8844934963,0.8838838349,0.8833813727,0.8830238227,0.8828472461,0.882860247,0.8831154413,0.8836293972,0.8844211158,0.8855542761,0.887018939,0.8888449343,0.8910562752,0.8936865999,0.8967370374,0.9002114812,0.9041140317,0.9084945975,0.9133085855,0.918556688,0.9242337759,0.9303596513,0.9368891814,0.9438025889,0.9510792844,0.9587290103,0.9666914282,0.97494165,0.9834523745,0.9922086318,1.001160877,1.010276418,1.019524578,1.028879284,1.038300069,1.047758317,1.057226281,1.066664601,1.076054797,1.085370693,1.094589364,1.103673281,1.112618054,1.121408134,1.130030014,1.138443987,1.146665679,1.154684824,1.162492673,1.17006444,1.177419901,1.184558945,1.19148279,1.198169221,1.204646251,1.210916079,1.216977213,1.222826168,1.228481261,1.233947617,1.239230782,1.244320348,1.249233439,1.253969192,1.25851878,1.262882816,1.267056319,1.271034033,1.274812529,1.278354746,1.281666686,1.284723706,1.2874928,1.289947798,1.292057615,1.293801133,1.29515565,1.296050252,1.296511017,1.296546312,1.296225039,1.287857885,1.270175021,1.246792753,1.222103009,1.201157753,1.175845407,1.14787792,1.118801424,1.089679196,1.0620025,1.03641767,1.014018842,0.9899222985,0.9665743083,0.9433017713,0.9207039437,0.8981687484,0.8736576171,0.8483297085,0.8177952853,0.8056521981,0.798043947,0.7910051568,0.7858154576,0.7816839373,0.7772349659,0.7726556382,0.7688755653,0.7657482469,0.7628398112,0.7601408124,0.7571001305,0.7545601033,0.7521630243,0.750261436,0.7484971936,0.7464029137,0.7444213076,0.7428055332,0.7413768068,0.7401456414,0.7387749083,0.7374192371,0.7361313632,0.7351742859,0.7343789643,0.7335476454,0.7325714371,0.731719965,0.7311153962,0.7306089725,0.730189154,0.7296266079,0.7291404569,0.7287472875,0.7285632511,0.7284697533,0.7282839773,0.728080144,0.7279659931,0.7280745914,0.728218055,0.7283750434,0.7284928387,0.7286643669,0.7289585673,0.7293725908,0.7298529156,0.7302281245,0.7306720624,0.7312183209,0.7318509087,0.7325387043,0.7332345517,0.7339636178,0.7347441988,0.7355525176,0.7364695531,0.7374258923,0.7383493523
2.5,0.8945237588,0.8943500115,0.8942272315,0.8941445542,0.8941095606,0.8941521648,0.8942838998,0.8945374256,0.8949393826,0.8954923962,0.8962443347,0.8972120654,0.8984137736,0.8998953969,0.9016622576,0.9037398914,0.9061534477,0.908928856,0.912077809,0.9156080218,0.9195232592,0.9238767358,0.9286295027,0.933788215,0.9393571152,0.9453461268,0.9517300791,0.9584900171,0.96560402,0.9730973794,0.9809030074,0.9890031672,0.99737891,1.006006067,1.014848689,1.023871323,1.033038947,1.042338794,1.051717762,1.061149864,1.070610102,1.08005256,1.089463177,1.098811889,1.108071354,1.117210027,1.126213168,1.135064734,1.143749293,1.152225319,1.160507944,1.168584198,1.176443849,1.184062085,1.191452675,1.198614421,1.205541872,1.212215593,1.218659875,1.224873708,1.23085798,1.236599238,1.242114062,1.24740299,1.252457958,1.257271317,1.261848297,1.266183251,1.270273498,1.274082607,1.277620319,1.280865006,1.283785467,1.286355074,1.288547741,1.290343575,1.291721765,1.292613739,1.293048306,1.293036306,1.292664054,1.285027838,1.268623209,1.246905321,1.223993544,1.204848558,1.18029953,1.151959525,1.121482204,1.090217169,1.060021648,1.031946308,1.007416388,0.9815540798,0.9569451215,0.9328481899,0.9097794297,0.8870258129,0.8623780031,0.8369958216,0.8065030569,0.7942015814,0.7866160728,0.7796744973,0.7746564663,0.7707254451,0.7664661404,0.7620740336,0.7584941573,0.7556009933,0.7529418327,0.7504852479,0.7476531188,0.745337098,0.743173965,0.7415169018,0.739994693,0.7381090702,0.7363321509,0.7349267928,0.7337154848,0.7327040153,0.7315244836,0.7303455755,0.7292323786,0.728462057,0.7278506788,0.7271891637,0.7263579664,0.7256469709,0.7251908851,0.7248348733,0.7245642945,0.7241139137,0.7237381763,0.7234578207,0.7233961854,0.7234221028,0.7233340976,0.7232158002,0.7231854504,0.723393439,0.7236356213,0.7238812519,0.7240671309,0.7243056566,0.7246778139,0.7251767867,0.72574222,0.7261742151,0.726674705,0.727285055,0.7279923648,0.7287555164,0.7295110347,0.7302932692,0.7311274611,0.7320008748,0.7329863455,0.7340045744,0.734976042
2.6,0.8927547776,0.892580311,0.8925174431,0.892520894,0.8925835191,0.8927571153,0.8930129607,0.8933885413,0.8939042879,0.8945339196,0.895332816,0.8963023685,0.8974498797,0.8988096629,0.900381747,0.9021890944,0.904255134,0.9065808852,0.909198001,0.912111738,0.9153237731,0.9188869088,0.9227724444,0.9269980135,0.9315814615,0.9365191834,0.9418220252,0.9474775409,0.9534694583,0.9598471645,0.9665470715,0.9735701157,0.9809159734,0.9885578398,0.9964870144,1.004670675,1.013074991,1.02172145,1.03053787,1.039510119,1.048623638,1.057828641,1.067118361,1.076454677,1.085801402,1.095154388,1.104464201,1.113716897,1.122897806,1.131952512,1.140894154,1.149695155,1.15833093,1.166790734,1.175055535,1.183122004,1.190981489,1.198593313,1.205984547,1.213140022,1.220047756,1.226697819,1.233087523,1.239216703,1.245075535,1.250634061,1.255909371,1.260887011,1.265557488,1.269883689,1.273870813,1.277499786,1.280740611,1.283551889,1.285922391,1.287830139,1.289254164,1.290129037,1.290490533,1.290359545,1.289872683,1.282939477,1.267795099,1.247850567,1.226976873,1.210043351,1.186752505,1.158518352,1.126997798,1.093737661,1.060878036,1.029909844,1.002650857,0.9742199529,0.9475471656,0.9219261307,0.8978293634,0.874467499,0.8494889572,0.8239909175,0.7936665282,0.7815066848,0.7741234691,0.767456028,0.7627681642,0.7591702168,0.7552438669,0.7511828646,0.7479321369,0.7453889976,0.7430901586,0.7409819065,0.7384659144,0.7364718629,0.7346313003,0.7332933682,0.7320820233,0.7304777545,0.7289727021,0.7278320485,0.7268810499,0.7261261221,0.7251743419,0.724205905,0.7232976687,0.7227267101,0.7223058426,0.7218202085,0.7211427576,0.7205755999,0.7202588848,0.7200379717,0.7198985365,0.7195461821,0.7192641812,0.7190742956,0.7191024155,0.7192121268,0.7191909536,0.7191287829,0.7191502986,0.719413914,0.719710855,0.7200029541,0.720219159,0.7204862005,0.7208923961,0.7214287239,0.7220313295,0.7224812888,0.7229990833,0.7236315291,0.7243692311,0.7251640853,0.7259402931,0.7267393585,0.7275923188,0.7284949536,0.7295120188,0.7305587274,0.7315516831
2.7,0.8896199174,0.8891062853,0.8886888541,0.8883332779,0.8880488188,0.8878759533,0.8878103367,0.8878865178,0.888117876,0.8885077336,0.8890842229,0.8898579934,0.8908443307,0.892048681,0.893490596,0.8951769548,0.8971160259,0.8993181264,0.9017885638,0.9045343359,0.9075565536,0.9108699299,0.9144678381,0.9183542979,0.9225365229,0.9270073775,0.9317749975,0.9368330983,0.9421714704,0.9478151488,0.9537336766,0.9599296346,0.9664061199,0.973147412,0.9801565829,0.9874170667,0.9949116884,1.00266352,1.010628727,1.018802393,1.027178435,1.035738253,1.044471081,1.053353168,1.062362,1.071504855,1.080736368,1.090042038,1.099404132,1.108798835,1.118207359,1.127602972,1.136960932,1.1462652,1.155483556,1.164596592,1.173577263,1.182394781,1.191035508,1.199474634,1.207690878,1.215641666,1.223320842,1.230706298,1.237765374,1.244459725,1.250782926,1.25671435,1.262240365,1.267278399,1.27185861,1.275948408,1.27950545,1.282484812,1.284876483,1.28666913,1.287853003,1.288345039,1.288231456,1.287551231,1.286573094,1.276737404,1.258585987,1.236473955,1.21465291,1.198190633,1.175661383,1.148021749,1.116574732,1.082685753,1.048591349,1.016040081,0.9872957489,0.9574230364,0.9298636088,0.9039595633,0.8801131968,0.8574259715,0.8333919866,0.8090127036,0.7802142175,0.7685234839,0.7615868657,0.7554182929,0.7512268324,0.748102575,0.744666375,0.7410992804,0.7383213403,0.7362335878,0.734395195,0.7327332795,0.7306429118,0.7290687279,0.7276291233,0.7266681398,0.7258193817,0.7245667028,0.723398102,0.7225689536,0.7219051023,0.7214274186,0.720732812,0.7200058931,0.7193308053,0.7189576294,0.7187196087,0.7184062461,0.7178902505,0.7174692195,0.7172743326,0.7171617125,0.7171241554,0.7168555806,0.7166508747,0.7165266355,0.7166024749,0.7167507944,0.7167635282,0.716729932,0.7167729325,0.7170406531,0.7173413529,0.7176337388,0.7178444951,0.7181038933,0.7184973907,0.719017529,0.7196032361,0.7200350368,0.7205333564,0.7211456501,0.7218649225,0.7226433023,0.7234008648,0.7241820634,0.7250207925,0.7259135417,0.7269214519,0.7279609586,0.7289504372
2.8,0.8975089115,0.8979097507,0.898266693,0.8985375693,0.8987289725,0.8988505452,0.898926829,0.8989939602,0.8990691554,0.8991476623,0.8992846897,0.8995045178,0.8998337507,0.9002763051,0.9008816607,0.9016687456,0.9026624013,0.9038687828,0.9053222298,0.9070371454,0.9090154781,0.9112900591,0.9138490959,0.9167058318,0.9198795983,0.9233369105,0.9271125569,0.9311903686,0.9355465689,0.9402257143,0.9451724315,0.9503980065,0.9559152204,0.9616711581,0.9677039841,0.9739860661,0.9804905861,0.9872662851,0.9942517587,1.001458975,1.008897668,1.016531395,1.024384723,1.032432628,1.040654393,1.049092414,1.057687933,1.06644364,1.075355056,1.084404664,1.093583135,1.10286271,1.112219762,1.121663546,1.131139436,1.140629529,1.150102833,1.159537135,1.168896321,1.178145498,1.187255131,1.196175713,1.204880107,1.213330562,1.221474728,1.22926907,1.236677453,1.243666901,1.250214303,1.256199447,1.261657558,1.26653771,1.270778195,1.274325249,1.277156793,1.279262108,1.280634752,1.281155735,1.280950862,1.280061579,1.278807611,1.265845244,1.244957119,1.221195005,1.198963797,1.183452299,1.162038406,1.1353128,1.104313675,1.070381209,1.035858659,1.002720571,0.9735135368,0.9432029487,0.9155767072,0.889984945,0.8667576366,0.8449505343,0.8219857378,0.7988380349,0.7717262054,0.7604372045,0.7539010954,0.7481877071,0.7444081902,0.7416735181,0.7386685154,0.7355532046,0.7331977933,0.7314866777,0.730031433,0.7287440318,0.7270274104,0.7258161141,0.7247078679,0.7240405759,0.7234700788,0.7225103065,0.7216183348,0.7210289135,0.7205661513,0.7202774062,0.719765099,0.7192102669,0.7186990596,0.7184311201,0.7182794861,0.7180486465,0.7176189703,0.7172656199,0.7170982811,0.7169935263,0.7169562864,0.7166871355,0.7164745541,0.7163254442,0.7163442788,0.7164238396,0.7163774628,0.7162863086,0.7162619837,0.716427992,0.7166281888,0.716822205,0.7169406676,0.7171062012,0.7173926101,0.7177961499,0.7182641967,0.7185987191,0.7189982487,0.7195062621,0.7201176276,0.7207911165,0.721453448,0.7221465216,0.7229028411,0.7237118029,0.7246352748,0.7255992885,0.7265313277
2.9,0.8999229089,0.9013768035,0.9027743325,0.9040528868,0.9052168357,0.9062002486,0.9070636761,0.9078144107,0.908436314,0.9089496816,0.9093702869,0.9097427885,0.9101142977,0.9104215875,0.9107910887,0.9112267811,0.9117489186,0.9123981508,0.9131975496,0.9141901093,0.915393424,0.9168270239,0.9185151872,0.9204705005,0.9227248221,0.925242199,0.9280719394,0.9312009835,0.9345930062,0.9383193114,0.9422964775,0.9465438397,0.9510937805,0.955835116,0.9608578704,0.9661135453,0.9715443235,0.9772586543,0.9831339002,0.9892096951,0.9955328322,1.001983529,1.008681759,1.01557862,1.022624594,1.029964971,1.037463196,1.045170946,1.053137629,1.061267215,1.069658628,1.078256906,1.087007328,1.096050638,1.10522183,1.1145509,1.124054111,1.133623934,1.143311091,1.153033899,1.162713317,1.172417614,1.181980104,1.191393138,1.200631122,1.209537136,1.218149468,1.226372661,1.234124048,1.2413624,1.247999361,1.254006657,1.259339016,1.263822029,1.267518531,1.270366353,1.272322655,1.273312569,1.27340584,1.27268008,1.271478771,1.256540241,1.233962864,1.209235434,1.186942174,1.172508673,1.152220451,1.126404258,1.095881206,1.061978012,1.027032566,0.9931829205,0.9631580718,0.9319398848,0.9035701815,0.8775042313,0.8540745739,0.8323762739,0.8098180512,0.7873345538,0.7614648409,0.7506686626,0.7445607065,0.739344146,0.7360243383,0.7337137299,0.7311864494,0.7285745851,0.7266839885,0.72539614,0.7243691861,0.7235003987,0.7222091372,0.7214056121,0.7206743953,0.7203385644,0.7200806529,0.7194590852,0.7188856863,0.7185695116,0.7183372192,0.7182623468,0.7179610926,0.7176066829,0.7172861937,0.7171394135,0.7170835876,0.7169463017,0.7166207781,0.7163473052,0.7162093979,0.7161105467,0.7160685764,0.7158004737,0.715579012,0.7154002434,0.7153472326,0.715338556,0.7152215045,0.7150641926,0.7149594329,0.7149990514,0.7150744094,0.7151476949,0.7151576473,0.7152125664,0.7153694167,0.7156282871,0.715949153,0.7161728944,0.7164590857,0.716843671,0.7173246513,0.7178715211,0.7184257243,0.7190226835,0.7196909551,0.7204070725,0.721235202,0.7221197883,0.7230049248
3,0.8957978787,0.8972017446,0.8987386085,0.9002526652,0.9016948847,0.9030866629,0.9043570659,0.9055410027,0.9066184421,0.9075403135,0.9083574695,0.9090805764,0.9097456321,0.9102869856,0.9108220728,0.9113607653,0.9119210528,0.9125420704,0.9132576799,0.9141187479,0.9151543447,0.9163809398,0.9178447557,0.9195633098,0.9215749561,0.9238542516,0.9264530598,0.9293632616,0.9325472568,0.9360814129,0.9398724364,0.9439371493,0.948307225,0.9528455366,0.9576495208,0.9626551273,0.9677868021,0.9731515036,0.9786058825,0.9841907035,0.9899537597,0.9957342276,1.00168582,1.00775043,1.013876332,1.020215877,1.026640909,1.033223315,1.040027402,1.04695971,1.054155292,1.061573339,1.06918406,1.077147924,1.085324989,1.093764191,1.102487234,1.111441995,1.1206553,1.130060562,1.139603637,1.149336449,1.159109421,1.168895672,1.178633676,1.188234264,1.197638659,1.206755212,1.215515545,1.223787198,1.231524301,1.238646291,1.245045215,1.250612342,1.255295355,1.259048064,1.261851874,1.26349478,1.264149057,1.263844034,1.262850363,1.24713855,1.222995462,1.196570964,1.173033696,1.158464357,1.138421079,1.113057936,1.082916639,1.049133965,1.013863321,0.9792922629,0.9483244327,0.9160415529,0.8867682744,0.8601793654,0.8366372207,0.815298902,0.7935668305,0.7722935831,0.7484678174,0.7386381445,0.7332618462,0.7288380358,0.7262484149,0.7245953529,0.7227918027,0.7209291394,0.7197291606,0.7190758535,0.7186823291,0.7184315308,0.7177701509,0.7175661048,0.7173933854,0.7175525397,0.7177632144,0.7176450783,0.7175481165,0.717645487,0.7177692379,0.7180250131,0.7180526464,0.7180128144,0.7179927682,0.7180507319,0.7181639029,0.7181926649,0.718049056,0.7179233705,0.7178621329,0.7178062776,0.7177906369,0.7175599053,0.7173603515,0.7171728222,0.7170492215,0.716945358,0.7167577974,0.7165357527,0.7163447044,0.7162279244,0.7161462209,0.7160669234,0.7159418935,0.7158560303,0.7158398986,0.7158996136,0.716014878,0.7160852096,0.7162118798,0.7164174438,0.7167029592,0.7170559986,0.717442126,0.717885989,0.7184097602,0.7189661606,0.719626938,0.7203651874,0.721149612
3.1,0.8931634937,0.893971245,0.8951340928,0.8963876162,0.8976335285,0.8990122783,0.9003014186,0.9015791797,0.9028007776,0.9038931495,0.9048927358,0.9057822876,0.90663193,0.9072696224,0.9078995067,0.9084980541,0.9090040951,0.9096214342,0.9102222884,0.9109262846,0.9118669391,0.9128427769,0.9141415437,0.9157050121,0.9174776531,0.9197067509,0.9221956596,0.9250465468,0.9283342475,0.9318855188,0.9358615168,0.9401716538,0.9447440982,0.9496852542,0.954828086,0.9601962082,0.9657845765,0.9714548753,0.9772677562,0.9831547182,0.9890734608,0.995012179,1.000938524,1.006858346,1.012765974,1.018627559,1.024486698,1.030352657,1.036250025,1.042185524,1.048217965,1.054372292,1.060671595,1.067197104,1.073941474,1.080943026,1.088225598,1.095837615,1.103766022,1.111996514,1.120516666,1.129363922,1.138440566,1.1477071,1.157090305,1.166575243,1.176027656,1.185366866,1.19452712,1.20334592,1.211770147,1.219681194,1.226937259,1.233439654,1.239065585,1.243752729,1.247454547,1.249902141,1.251245947,1.251470793,1.25075486,1.235389365,1.21109555,1.18446869,1.161029478,1.147241014,1.127849109,1.102845302,1.072610243,1.038316614,1.002133403,0.9664415036,0.9343441602,0.9009872241,0.8709167936,0.843962001,0.8204534517,0.7996103883,0.7788574094,0.7589753427,0.7375225957,0.7289761738,0.7245315916,0.7210917397,0.719395146,0.7185354775,0.7176033301,0.71663869,0.7162609896,0.7163596811,0.7167103241,0.7171840571,0.7172663743,0.7177630965,0.7182428925,0.7189765788,0.7197285664,0.7201960994,0.7206508962,0.7212233773,0.721754765,0.7223834514,0.7227840784,0.7230995715,0.7234151223,0.7236954857,0.723984816,0.7241852196,0.7242333878,0.7242548278,0.7242545675,0.7242173793,0.7241963515,0.7239756648,0.7237639161,0.7235251284,0.7232734474,0.723007012,0.7226870066,0.7223381366,0.721989962,0.7216284406,0.7212972694,0.7209716001,0.7206215364,0.7202997268,0.7200055849,0.7197506173,0.719539263,0.7193491964,0.7192046795,0.7191107958,0.7190735593,0.7191023149,0.7191954373,0.719362987,0.7196189287,0.7198857412,0.7202432782,0.7207033582,0.721266639
3.2,0.8904279366,0.8902420696,0.8907872216,0.8915648563,0.8922015671,0.8935070119,0.8945706177,0.8957210426,0.8971674654,0.8981701771,0.8993977832,0.900551802,0.9014404502,0.9025068758,0.9033160541,0.9040913618,0.9049813213,0.9056305032,0.9064610298,0.9073646412,0.9083055873,0.9095412231,0.9109183645,0.9125779838,0.9145959059,0.9169024106,0.9196334835,0.9227565417,0.9262846126,0.9302519061,0.9346200733,0.9393849538,0.9444844032,0.949946505,0.9556528411,0.961575176,0.967719564,0.9738664282,0.98011318,0.9863571037,0.9924685704,0.9985278607,1.004361987,1.010012312,1.015549748,1.020685097,1.025703733,1.030533884,1.035101656,1.039645547,1.044022576,1.04838126,1.052880093,1.057350047,1.062110732,1.067128376,1.072362611,1.078178052,1.084333315,1.090959689,1.098170047,1.105827636,1.114068157,1.12276789,1.131787356,1.141360742,1.151103843,1.161010406,1.171054869,1.180927703,1.190663642,1.200041534,1.208841993,1.217049359,1.224363628,1.230727807,1.236074257,1.239991611,1.242658996,1.243974092,1.243935952,1.229374258,1.205177961,1.178370277,1.155110737,1.142431093,1.124261018,1.100321233,1.070590434,1.036108385,0.9989825548,0.9618029466,0.9279143359,0.892611524,0.8608479545,0.8326709064,0.8084389778,0.7874772218,0.7672394245,0.748374819,0.7290523614,0.721929627,0.7185438746,0.7162152648,0.7155354937,0.7155874914,0.7156471639,0.7157028276,0.7162596694,0.7172237493,0.7184257436,0.7197274783,0.7206623774,0.7219578331,0.7231891425,0.7245894438,0.7259699003,0.7271129717,0.7282042165,0.7293291139,0.7303431423,0.731411562,0.7322502769,0.7329817249,0.7336882743,0.7342392552,0.7347440305,0.735151356,0.735424943,0.7356178379,0.7356938125,0.7356847756,0.7356609622,0.7354472944,0.7352139684,0.7349085591,0.7345029143,0.7340383635,0.7335483567,0.7330313122,0.7324758216,0.7318071357,0.7311599791,0.7305160618,0.7298649542,0.7292262836,0.7285657924,0.7278983309,0.7272570195,0.7267062025,0.7261857025,0.7256796791,0.725201493,0.7247851501,0.7244635337,0.7242318483,0.7240975851,0.7239468569,0.7238682932,0.7239194187,0.7241369521
3.3,0.886069881,0.8845280385,0.8840377709,0.8839948074,0.883893141,0.8848868666,0.8856922544,0.8867520025,0.888396256,0.8895254068,0.8911177871,0.8927041367,0.8939178856,0.8955578835,0.8967763205,0.8979340015,0.8993176614,0.9001606057,0.9012795553,0.90240127,0.9033379173,0.9047415669,0.9060784698,0.9076703649,0.9097641179,0.9119136714,0.914680476,0.9178863486,0.9214121953,0.9257075589,0.9303450496,0.935491578,0.9412361143,0.9472273674,0.9537161568,0.9604991983,0.9674157673,0.9745969099,0.9817276023,0.9888302018,0.9958885689,1.002555596,1.009014935,1.015125406,1.020784011,1.026011082,1.030732949,1.035014288,1.038919651,1.042278567,1.045363522,1.048188259,1.050788358,1.053360259,1.055929845,1.058651674,1.06166778,1.065053974,1.068972029,1.073465785,1.078580491,1.084567245,1.091276034,1.098744639,1.10695432,1.115954779,1.125568962,1.13567883,1.146177626,1.156952912,1.167778724,1.178472385,1.188805509,1.198614441,1.207632148,1.215697181,1.222678037,1.228137735,1.232162258,1.23462338,1.235354279,1.221321402,1.196735236,1.16931124,1.146091782,1.134829626,1.118620936,1.096734092,1.068477035,1.034586631,0.9970511751,0.9586925063,0.9231585214,0.8858900428,0.8523718147,0.8229273869,0.7979887708,0.7769896627,0.757423258,0.739776676,0.722879777,0.7172896146,0.7151140395,0.714039796,0.7145117961,0.7156203118,0.7168147959,0.7180373238,0.7196719513,0.7216409459,0.7238286034,0.7260907917,0.7280156284,0.7302383273,0.7323480966,0.7345366771,0.7366636796,0.7385996915,0.7404405415,0.7422251303,0.743825595,0.7454301603,0.7468000601,0.7480356114,0.7492161172,0.7501133176,0.7509009625,0.7515772792,0.7521336621,0.7525461061,0.7527378214,0.7527900906,0.7527891551,0.7525980008,0.7523512026,0.7519806487,0.7514121374,0.7507294807,0.7500432513,0.7493249058,0.7485186106,0.7474875153,0.7464625556,0.7454300345,0.7443991105,0.7433570685,0.742235598,0.7410501251,0.7398651656,0.7388372217,0.7378172504,0.7367663038,0.7357076518,0.7347010914,0.7338151967,0.7330303963,0.7323499107,0.7316199751,0.7309368029,0.7304099049,0.7301154873
3.4,0.8860775525,0.882282289,0.8798226727,0.8780523563,0.8764933409,0.8764022808,0.8764147281,0.8770018443,0.8784311995,0.8796971256,0.8816250567,0.883725427,0.8856768594,0.8880626283,0.8901453024,0.8921825423,0.8943014925,0.8959398644,0.8976306465,0.8991654839,0.9004799839,0.90185308,0.9031036106,0.9044387027,0.9059501482,0.9075904473,0.9095834416,0.9119348257,0.9147616035,0.9180944481,0.9220193438,0.9265692629,0.931652476,0.9375003306,0.9438480099,0.9507128163,0.9581761195,0.9658322923,0.9738916394,0.9821321735,0.990282389,0.9985495354,1.00648394,1.01413586,1.021558667,1.02819582,1.034443527,1.040099571,1.045035174,1.049405036,1.053071007,1.056199073,1.058878997,1.061001482,1.062875581,1.064543141,1.066168296,1.067847421,1.06978962,1.072119824,1.074845109,1.078421537,1.082618604,1.087580605,1.093495986,1.100153025,1.1077444,1.116063204,1.124845396,1.134459415,1.144220894,1.154113699,1.164071744,1.173506173,1.182523542,1.190745803,1.197872585,1.203803886,1.208202785,1.211062287,1.212182606,1.200127886,1.177426459,1.151580269,1.129767551,1.120020256,1.104886774,1.083787334,1.056082509,1.022650354,0.9854835195,0.9474182565,0.9120245269,0.874562828,0.8408353414,0.8113418653,0.7866004929,0.766214964,0.7478010389,0.7317867194,0.7178303166,0.7139488053,0.7131512993,0.7134860683,0.7152566663,0.7175743819,0.7200530277,0.7225921587,0.7254539507,0.7285789954,0.7319004292,0.7352701201,0.7383330415,0.741627042,0.7447620688,0.7478851546,0.7509034788,0.7537734498,0.7565027182,0.7590847316,0.7614119383,0.7636887163,0.7657210195,0.7675873463,0.769365337,0.7707343976,0.7719244508,0.7729839721,0.7739312856,0.7746640405,0.7750700701,0.7752792077,0.7753901324,0.77529785,0.775107096,0.7747368181,0.7740655426,0.7732142436,0.7723720871,0.7714840687,0.7704482865,0.7690694958,0.7676737133,0.7662486647,0.7648218764,0.7633512479,0.7617365409,0.75998981,0.7582078554,0.7566401697,0.7550489016,0.7533706915,0.7516413508,0.7499464684,0.7483881432,0.7469336162,0.7455859543,0.7441474021,0.7427211909,0.7414733459,0.7405211441
3.5,0.8990906981,0.8928348199,0.8880697333,0.8839981218,0.8801138665,0.8780376902,0.8761450203,0.875092768,0.8751421566,0.8753290279,0.8764530403,0.877975677,0.8796959678,0.8819308679,0.8841380867,0.8864549692,0.8887579117,0.8909030388,0.8929109004,0.8947116077,0.8964326619,0.8977647691,0.8990609365,0.9002918662,0.9013557266,0.9026792498,0.904032482,0.9056607312,0.9078288784,0.9102591848,0.9134345088,0.917268477,0.9216801224,0.9271142805,0.9331799733,0.9400096896,0.9476730636,0.9558424858,0.964673756,0.9739327685,0.983403822,0.9931587808,1.002815116,1.012332921,1.021653245,1.030320766,1.038517626,1.046056779,1.052779759,1.05867857,1.063664416,1.067814041,1.071229296,1.073631535,1.07544366,1.07668549,1.077388411,1.077870888,1.078150794,1.078472237,1.079080941,1.08000607,1.081561338,1.083787164,1.086701834,1.09071302,1.095534459,1.101229282,1.107807287,1.115158578,1.123150257,1.131554311,1.140125007,1.148801469,1.157149875,1.164978522,1.172094064,1.178034927,1.182748218,1.186029618,1.187489651,1.178739733,1.158851139,1.134718255,1.11381957,1.104847157,1.090325241,1.070215767,1.044005492,1.012460465,0.9771326879,0.9405270364,0.9058682095,0.8682040974,0.8337157792,0.8032967342,0.7777927344,0.7571711442,0.7392991093,0.7245905332,0.7135587284,0.711552857,0.7122363167,0.7140769067,0.7172493835,0.720875495,0.7247323315,0.7286777204,0.7328578012,0.7372451041,0.7418084744,0.7463928164,0.7506948966,0.7551656833,0.7594425558,0.7636238794,0.7676611505,0.7715816639,0.7753190107,0.77882452,0.7820157928,0.7851054311,0.7879316402,0.790556298,0.7930618406,0.7950455737,0.7967801481,0.7983600831,0.7998256739,0.8010038358,0.8017546087,0.8022535662,0.802606491,0.8027238728,0.8026961371,0.8024333437,0.8017673444,0.8008479089,0.7999366487,0.7989553841,0.7977582602,0.7960993853,0.7943935689,0.79262381,0.790831613,0.7889537351,0.7868625603,0.7845616325,0.7821789333,0.780049583,0.7778544407,0.7755057054,0.7730547769,0.7706107082,0.7683024234,0.7660872532,0.7639743418,0.7617194641,0.7594309636,0.7573333876,0.7555840777
3.6,0.9218597871,0.9137713154,0.9068429338,0.9003938687,0.893955861,0.8893072125,0.8848427618,0.8813177908,0.8791223595,0.8772414807,0.8766279461,0.8767077428,0.8772279516,0.8786883377,0.8803330876,0.8823318273,0.8845634715,0.8867419346,0.8889220846,0.8909347254,0.8928380991,0.8943290815,0.8956625908,0.8968054561,0.8976407388,0.8985358452,0.8993045962,0.900196061,0.9014924599,0.9029487638,0.905099098,0.9079057554,0.9113600026,0.915939082,0.9213370463,0.9277247816,0.93516711,0.9434935625,0.9527513065,0.9627393177,0.9733020488,0.984364507,0.99563223,1.006965052,1.018170238,1.028944872,1.039196095,1.04876077,1.057510859,1.065141278,1.071744787,1.077264772,1.081693559,1.084853165,1.087004437,1.088233977,1.088610028,1.088277769,1.087447961,1.08633035,1.085196966,1.08413103,1.08349941,1.083422697,1.083949863,1.085614631,1.088139408,1.091660378,1.096293149,1.101883542,1.108424761,1.115655207,1.123273092,1.131408576,1.139411914,1.147132815,1.154395922,1.160596746,1.165739315,1.16952022,1.171429482,1.164891406,1.146081684,1.121772326,1.10046209,1.092015501,1.078964067,1.061413079,1.038261612,1.009578799,0.9762816832,0.9407128259,0.9060590781,0.8673873332,0.831356512,0.7992573566,0.7722587568,0.750679313,0.7326650761,0.7186375394,0.7099205857,0.7096643613,0.7117107803,0.7149428238,0.7194164659,0.7242595222,0.7293995249,0.7346562027,0.7400680229,0.7456496003,0.7513955649,0.7571395362,0.7626234351,0.7682263835,0.773616398,0.7788412463,0.7838923247,0.7888558137,0.7936025546,0.798046558,0.8021344992,0.8060809638,0.8097434517,0.8131717862,0.8164592261,0.8191333075,0.8214939488,0.823677803,0.8257432051,0.8274528103,0.8286469577,0.8295431912,0.8302482487,0.8306757708,0.8309126568,0.8308649131,0.8303192705,0.8294446013,0.8285702461,0.8275964657,0.8263342335,0.824498587,0.8225825615,0.8205593074,0.8184807963,0.8162687187,0.8137739596,0.8109853848,0.8080595073,0.8054129515,0.8026488519,0.7996558988,0.7965045819,0.7933234022,0.7902626932,0.7872717127,0.7843700115,0.7812682954,0.7780750079,0.7750750463,0.7724647084
3.7,0.9487377832,0.9396238812,0.9312767649,0.9228791788,0.9138360745,0.9065243136,0.8989654672,0.8922574358,0.8870912442,0.8821020118,0.8788305246,0.8765592836,0.8749593536,0.8750291809,0.8755637545,0.8769105767,0.8789842302,0.8812720154,0.8839362362,0.886615415,0.8893074719,0.8916472505,0.8937698955,0.895601993,0.8968698201,0.8980141909,0.8986707516,0.8991183855,0.8997776637,0.9000520252,0.9008774369,0.9021432053,0.9037368941,0.9065943304,0.9101189853,0.9147278255,0.920720435,0.9276367251,0.9359637081,0.9453714371,0.955622103,0.967013004,0.9788820266,0.991212547,1.003817045,1.016233638,1.028420849,1.040070387,1.051037559,1.060903962,1.069734383,1.077418286,1.083764953,1.088762552,1.09239797,1.094801422,1.096204567,1.09625233,1.09562312,1.094371706,1.092550944,1.090768051,1.088932325,1.087419277,1.08656795,1.08637681,1.087230171,1.089084998,1.091892013,1.096114784,1.101221183,1.107203938,1.113947428,1.121156862,1.128599555,1.13590924,1.142773339,1.148897625,1.1539089,1.157622263,1.159535667,1.153512984,1.134839911,1.110349667,1.089019597,1.081143753,1.068809531,1.052166873,1.029799018,1.001596249,0.9685153139,0.9331515626,0.8988334198,0.8604907887,0.8248513597,0.793062707,0.7661947429,0.7446348809,0.7267867776,0.7131845987,0.7060114462,0.7071126327,0.7102148252,0.7145353885,0.7200175415,0.7258073817,0.7319575312,0.738257669,0.7446454936,0.7511813938,0.7578810009,0.7645632181,0.7710105853,0.777542561,0.7838606928,0.7899610221,0.7958713009,0.8017291197,0.8073505369,0.8126173671,0.8175094774,0.8222387955,0.8266706531,0.8308469308,0.8348768721,0.8382329253,0.8412251713,0.8440296413,0.8467193571,0.8490000146,0.8506993439,0.8520729921,0.8532228486,0.8540546863,0.8546615616,0.8549500795,0.8546636272,0.8539818125,0.8532948322,0.8524834112,0.851315604,0.8494812768,0.8475387601,0.845445889,0.8432605178,0.8408978949,0.8381910308,0.8351078905,0.8318311356,0.8288525072,0.8257025459,0.8222461141,0.8185753037,0.814835928,0.8111910084,0.8075843662,0.8040495192,0.8002521877,0.7962975202,0.7925308538,0.7891843763
3.8,0.9716362437,0.9639042951,0.9558330125,0.9469420293,0.9372429603,0.9277597066,0.918001957,0.9086696019,0.8999386872,0.8920663942,0.8852846841,0.879598368,0.8753803976,0.8723850008,0.8708492724,0.8705953269,0.8711271032,0.8731333726,0.875538274,0.878411272,0.8819196702,0.884893188,0.8880444553,0.8908505666,0.892898261,0.8947281063,0.8956838606,0.8961366995,0.8962997162,0.8957480417,0.8952304073,0.894715788,0.8944638325,0.8947941588,0.8959119317,0.8981130806,0.9014139313,0.9064159796,0.9128012008,0.9206813941,0.9302977569,0.9411077619,0.9533716906,0.9666750162,0.9804542887,0.9951677386,1.009731682,1.024142828,1.038426112,1.051382614,1.06364595,1.074693052,1.084111113,1.092175749,1.098403273,1.103068496,1.106353234,1.107678344,1.107881746,1.106934443,1.104992928,1.102479869,1.099561947,1.096637857,1.093980822,1.091919493,1.09069477,1.090440035,1.09130589,1.093572761,1.097021451,1.101577614,1.10705662,1.113443345,1.120229484,1.127116789,1.133823214,1.139858756,1.1449324,1.148724257,1.150586453,1.145092656,1.126298999,1.100784965,1.077833138,1.06837092,1.0544858,1.036779788,1.01377383,0.985239884,0.9521586798,0.9173790574,0.8844615342,0.848133773,0.8149381971,0.7854832849,0.7603589275,0.7396832445,0.7221148304,0.7084070016,0.7016060698,0.7034945958,0.7072232457,0.7122089517,0.7182879294,0.7246485363,0.7314308552,0.7384075007,0.7454193987,0.7525719375,0.7598989454,0.7672018973,0.7743013487,0.7814653916,0.7884328519,0.7951462757,0.8016683373,0.8081814953,0.8144552596,0.8203431336,0.8258630204,0.8312211945,0.8362795896,0.8410769585,0.8457433561,0.8497120441,0.8532859346,0.8566783168,0.8599725674,0.8628280874,0.8650652114,0.8669739568,0.8686469538,0.8699686544,0.8710505787,0.8718035889,0.8719299324,0.8716134711,0.8712939381,0.8708362079,0.8699666188,0.8683646784,0.8666393187,0.8647271856,0.8626855411,0.8604348452,0.8577923128,0.8546992195,0.8513619799,0.8483363055,0.8450891118,0.8414606167,0.8375658822,0.833566059,0.8296260931,0.8256875961,0.8218008471,0.8175857161,0.8131419526,0.8088736674,0.8050445394
3.9,0.9815636518,0.9784186217,0.9735052278,0.9671482977,0.960129618,0.9510912965,0.9418144136,0.9320583896,0.9213596001,0.9117590342,0.9018838712,0.8926825122,0.885090781,0.8778074502,0.8725205876,0.8686304614,0.8656210547,0.8650040645,0.8650699587,0.8662617743,0.8687306253,0.8711713716,0.8743301286,0.8774605777,0.8801674519,0.8827137757,0.8844467307,0.8856001216,0.8861113951,0.8857722087,0.884960276,0.883732695,0.8825068431,0.8811801755,0.8804571392,0.8805480096,0.881456644,0.8842437059,0.8884180629,0.8943897326,0.9025616673,0.9124284444,0.924436352,0.9381051251,0.9529912942,0.9694700195,0.9864534081,1.003868812,1.021342896,1.038202435,1.054307712,1.069191686,1.082848812,1.094266145,1.104017875,1.11189386,1.117313,1.121147448,1.122679406,1.12247283,1.121456738,1.118131983,1.11465641,1.110733233,1.105942794,1.102576434,1.099098716,1.096540322,1.095814312,1.095579033,1.097437382,1.100611012,1.104460954,1.110415237,1.116522549,1.123082732,1.130034716,1.136006985,1.141440874,1.145525052,1.147386551,1.141290703,1.120972205,1.092499736,1.065622157,1.052261022,1.035052679,1.015413651,0.9917885749,0.9635353154,0.9311681149,0.8975732943,0.8666504279,0.8330020612,0.8030471803,0.7767534843,0.7540514058,0.73456044,0.7171619897,0.7028543375,0.6955394308,0.6978695001,0.7019670249,0.7073596981,0.7137755157,0.720469253,0.7276404101,0.7350560356,0.7424597583,0.7499978486,0.7577240722,0.7654209545,0.7729482141,0.7805234269,0.7879280925,0.7950485893,0.8019846269,0.8089587524,0.8157014963,0.8220395295,0.8280341,0.8338843292,0.8394411016,0.8447446046,0.8499497806,0.8544638479,0.8585697153,0.8625165527,0.866393506,0.8698256078,0.8726291126,0.8751256338,0.877396235,0.8792890829,0.8809484556,0.8822916578,0.8829821453,0.8832037513,0.8834315924,0.8835198043,0.8831560309,0.8820207468,0.8807607093,0.8792855518,0.8776443491,0.8757751986,0.8734800831,0.8706699496,0.8675724589,0.8647906743,0.8617417351,0.8582403307,0.8544232959,0.8504655427,0.8465229354,0.8425383666,0.8385811027,0.8342214097,0.8295561783,0.8250432287,0.8209718924
4,0.9740818903,0.9766820222,0.9770475839,0.9757950857,0.9740145354,0.968777503,0.9630566829,0.9559169222,0.9464439158,0.93744688,0.9266923845,0.9156541072,0.9054113488,0.8943304683,0.8847830462,0.8761094642,0.868317683,0.8627150796,0.858287694,0.855579726,0.8542602935,0.854553161,0.8558310073,0.8578078056,0.8608371005,0.8633373407,0.8662708764,0.8689818625,0.8705247621,0.8723620637,0.8728516108,0.8727274528,0.8727286689,0.8713103047,0.8704607436,0.8697413099,0.8691686371,0.8701362541,0.8720141234,0.8756143418,0.8810982811,0.8888470151,0.8987932979,0.9107904623,0.9251669119,0.9410383917,0.9586955538,0.9775046115,0.9963968252,1.01627271,1.035241631,1.053422652,1.071080119,1.08599962,1.099700948,1.11130637,1.12021564,1.127244468,1.13154115,1.133791281,1.134274818,1.132492741,1.12954766,1.125470619,1.120875492,1.115849343,1.11119195,1.107213219,1.103736235,1.102297696,1.101856376,1.102840009,1.105781085,1.109478875,1.11470304,1.120595548,1.126290587,1.132545427,1.137565734,1.141431055,1.143477189,1.135611382,1.114503316,1.084659425,1.055612461,1.039309317,1.018751319,0.9965589855,0.9717118595,0.9433398844,0.9113126379,0.8781887957,0.8481690423,0.8159220504,0.7882822425,0.7649367236,0.7451748016,0.72790398,0.7118426414,0.6978963429,0.6906995571,0.6936864538,0.6982780238,0.7041635917,0.7109576134,0.7179908208,0.7255241532,0.7333235618,0.7410397867,0.748847564,0.7568335904,0.7647617029,0.772531479,0.7803103934,0.7879253884,0.7952098014,0.8023058426,0.8094625508,0.8163897479,0.8228869614,0.8290598016,0.8351043107,0.8408549182,0.8463598616,0.851803915,0.856572614,0.8609311396,0.8651600394,0.8693488857,0.8731064261,0.876243539,0.8791128583,0.8817867595,0.8840623495,0.8861332286,0.8879223759,0.8890574336,0.8897253744,0.8904190093,0.8909890758,0.8910917246,0.8904116744,0.8896266928,0.8886159009,0.8874141302,0.8859889788,0.8841229864,0.8816983981,0.8789619136,0.8765491686,0.8738401654,0.8706235432,0.8670530774,0.8633197019,0.8595619478,0.8557256022,0.8518979292,0.847596981,0.8429215663,0.8383756474,0.8342690389
4.1,0.9523311321,0.9586646277,0.9634625087,0.9672881821,0.9705803529,0.9709639253,0.9703624819,0.9678862737,0.9630349086,0.956983457,0.9487902986,0.939304131,0.928992681,0.9174170023,0.9057997482,0.8941690933,0.8829890434,0.8728150189,0.8638493433,0.8564350218,0.8504857935,0.8467629689,0.8445575597,0.8438926935,0.8449491906,0.8467141864,0.8495701242,0.8528737835,0.8559422917,0.8592971995,0.8618403406,0.8638178368,0.865389656,0.8656802483,0.8656582764,0.8651439393,0.8643601108,0.8638093569,0.8637338551,0.8646981839,0.8668580223,0.8711384087,0.8773414065,0.8857437761,0.8968946114,0.9100361566,0.9257221919,0.9433240547,0.9619098322,0.9824120912,1.002879067,1.023367123,1.043873393,1.06248524,1.080158302,1.095984626,1.10948348,1.12074186,1.129326625,1.135579557,1.13939377,1.140722007,1.140010191,1.137509071,1.134003848,1.128921371,1.123755039,1.118618406,1.11331805,1.109788749,1.106842688,1.105220578,1.105576908,1.106775635,1.109776087,1.113699927,1.117846291,1.122844835,1.127002729,1.130307152,1.131717154,1.123860994,1.104503537,1.077288607,1.049905699,1.033096257,1.00972773,0.9840531327,0.9565624087,0.9267684459,0.894043271,0.860350419,0.8299869684,0.7975186718,0.7708709957,0.7500142899,0.7337250239,0.7200146888,0.7069538412,0.6949109052,0.6890297588,0.692995968,0.6982845429,0.704815306,0.7120925921,0.7195265234,0.7274356063,0.7355884724,0.7435635969,0.751534199,0.7596417543,0.7676307856,0.7754331283,0.7831789593,0.7907283949,0.7978765976,0.804813282,0.8117860612,0.8185167781,0.8247763673,0.8307061095,0.8365130022,0.8420071574,0.8472539477,0.8524723045,0.8570240452,0.8611733374,0.8652214183,0.869251798,0.8728850758,0.8759188653,0.878736423,0.8814093811,0.8836742801,0.8857877882,0.8876751384,0.8889345091,0.8897659784,0.8906574129,0.8914656424,0.8918265428,0.8914302007,0.8909767973,0.8903161344,0.8894660839,0.8884317944,0.8869712728,0.8849433426,0.8826087315,0.8806275621,0.878349064,0.8755382296,0.8723600498,0.8690207219,0.865640972,0.8621674359,0.8586970024,0.8547053869,0.8502884429,0.84599024,0.8421409682
4.2,0.9306417087,0.9363458499,0.9416778478,0.947161686,0.9529950552,0.9569918293,0.9605217349,0.9625854211,0.9626265234,0.9612495502,0.9576301517,0.9522861905,0.9454081631,0.9365772053,0.9267077846,0.9159001248,0.90461115,0.8931844463,0.8821567125,0.8719094279,0.8626313352,0.8551217604,0.8491063281,0.8448101416,0.8423686895,0.8415242462,0.8422011788,0.8439761499,0.8465080362,0.8495638328,0.852627445,0.8555037883,0.85785807,0.8594611886,0.8602563158,0.8602721266,0.8598138438,0.8585393567,0.857330961,0.8564108696,0.8559420869,0.8570228106,0.8595069347,0.8639962128,0.8710107649,0.880445634,0.8926867711,0.9073868045,0.9241929708,0.9433569602,0.9637771938,0.9851765481,1.007018202,1.028564053,1.049391162,1.068937267,1.086971423,1.102441908,1.115714513,1.126519715,1.134467534,1.139811088,1.142425342,1.142760033,1.141355076,1.137691062,1.133138633,1.127826022,1.122058886,1.116845935,1.112121481,1.108427927,1.105941473,1.105052309,1.105485911,1.107020235,1.109607808,1.112586854,1.115629377,1.118074741,1.118498187,1.110845659,1.093291675,1.0700467,1.046535075,1.031385844,1.006135055,0.9761747263,0.9440591666,0.910797163,0.876096094,0.8415022521,0.8108243095,0.7777264426,0.7511912376,0.7319090676,0.718619444,0.7087267044,0.6995232506,0.6905932356,0.6873799068,0.6925981613,0.6988121401,0.7062017707,0.7141572714,0.7221829961,0.7306199729,0.7392503864,0.7476118269,0.7558298041,0.7641319758,0.7722343468,0.7800829838,0.787803012,0.7952531554,0.8022138504,0.8089287313,0.815598359,0.8220034472,0.8278791571,0.8333831218,0.8387597091,0.8437767188,0.8485286604,0.8532714806,0.8573314587,0.8610027492,0.864588363,0.8681558023,0.871375508,0.8740149812,0.8764874492,0.8788763235,0.8808495708,0.8827396971,0.8844657146,0.8856069133,0.8863895896,0.8872704576,0.8881243282,0.8885803888,0.8883311657,0.888088909,0.8876817335,0.8871130202,0.8864209517,0.8853388153,0.8837112669,0.8818032008,0.8802987259,0.8785157795,0.8762017715,0.8735278063,0.8707027158,0.8678499442,0.8649086873,0.8619638551,0.8584735274,0.8545168015,0.8506767348,0.8473138479
4.3,0.9259682667,0.9271574765,0.9290923063,0.9321923888,0.9365198618,0.9405868269,0.945038199,0.949022777,0.9519386277,0.954031818,0.9544532083,0.9533799001,0.9508628127,0.9461909653,0.9401444084,0.9326644716,0.9239088123,0.9142919536,0.9040749028,0.8937266632,0.8836329407,0.8741639498,0.8656934506,0.8584317081,0.8525766713,0.8484093171,0.845739949,0.8444652326,0.8443942943,0.8453311668,0.84684875,0.8486604064,0.8504507204,0.8518368889,0.8526901871,0.8528874819,0.8524782267,0.8511914449,0.8495558933,0.8477826486,0.8460854615,0.8451717578,0.8452631177,0.8469222601,0.8506696124,0.8568098201,0.8656916099,0.8772557506,0.8914581171,0.9084737718,0.927573773,0.9484364597,0.9703789723,0.9931541611,1.015776363,1.037760274,1.058964333,1.077824774,1.094961952,1.109792834,1.121673875,1.131073988,1.137400809,1.141181184,1.142891255,1.141732076,1.13921372,1.135341828,1.13052351,1.125503843,1.120534928,1.116170343,1.112431061,1.110266056,1.109049758,1.108847445,1.109951016,1.111209985,1.112937371,1.114228992,1.113676846,1.10358615,1.08381646,1.061479628,1.04159319,1.030494198,1.006588829,0.9744532823,0.9377658711,0.8995960227,0.8613162049,0.8248498481,0.7932156828,0.758983588,0.7311640025,0.7112759355,0.6987827622,0.6914110634,0.6859350791,0.6810166868,0.6822018241,0.6890944579,0.6965995104,0.7052304469,0.7142420922,0.7232460773,0.7325802518,0.7420435071,0.7511638596,0.7599567365,0.7687830704,0.7773192743,0.7855048685,0.793496086,0.8010933908,0.8080955372,0.8148113215,0.8213425034,0.8275778669,0.8332007097,0.8383529683,0.8433583409,0.8479211775,0.8521772913,0.8564174793,0.8599001727,0.8630052838,0.8660113564,0.8689583795,0.8716080869,0.873670018,0.8755880957,0.8774762562,0.8789311707,0.8803697449,0.8816890139,0.8824662879,0.8829675512,0.8835958,0.8842571023,0.8845868118,0.8842767198,0.8840343965,0.8836857054,0.8832349199,0.8827200184,0.8818687495,0.880522384,0.8789271957,0.8778177049,0.8764554709,0.8745886409,0.8723996231,0.8700501426,0.8677360878,0.8653647406,0.8629599166,0.8600373889,0.856603967,0.8532957885,0.8505389471
4.4,0.9411058089,0.9371617104,0.9341325826,0.9327246673,0.9331384341,0.9342693008,0.9366604087,0.9395214959,0.9424083276,0.9452856443,0.9474174492,0.9487251295,0.9489068564,0.9475723312,0.9447990328,0.9405512876,0.9349686344,0.9278575775,0.9197762835,0.9109137457,0.9015721801,0.8921131616,0.8829185372,0.8743360463,0.866550878,0.8601291531,0.8549012888,0.8509871349,0.8484741733,0.8470530027,0.8466585867,0.8469192852,0.8475281949,0.8482329961,0.848701643,0.8488077052,0.8483409824,0.8472031344,0.8454843482,0.8433657378,0.8412360727,0.839057117,0.8376573566,0.8373545277,0.8384501892,0.8419120126,0.8476559478,0.8560624124,0.8673574465,0.8815786048,0.8984697717,0.9176416159,0.9385603855,0.9610382582,0.9840790433,1.007172215,1.02995342,1.051196235,1.071016997,1.088873039,1.104197814,1.116982582,1.126906681,1.13423241,1.139274958,1.141359491,1.141713082,1.140416452,1.13778117,1.13449877,1.130825728,1.127305403,1.124120917,1.12192987,1.120488153,1.119813698,1.120108272,1.120625533,1.121420012,1.121800504,1.120656749,1.10589724,1.078742433,1.051543968,1.032126747,1.025776393,1.006678945,0.9762970876,0.9373852952,0.894432588,0.8514934549,0.8121859791,0.7792481539,0.7441311966,0.7144405743,0.691845937,0.677048682,0.6693884533,0.66604526,0.664951967,0.6715944009,0.6806528359,0.6897917715,0.7000237638,0.7105238213,0.7208310317,0.7314919933,0.7422245408,0.7524901948,0.7623127597,0.7720471395,0.7814120479,0.7904006379,0.7990294426,0.8071596768,0.8145733567,0.8215909416,0.8283443169,0.8346967933,0.8403319807,0.8453929265,0.8501782012,0.8544666087,0.85838045,0.8621856052,0.8651654679,0.8677206469,0.8701273216,0.8724242811,0.8744025102,0.8757935365,0.8770210833,0.8782192336,0.8789904164,0.8797651764,0.8804384881,0.8806339787,0.8806020506,0.8807196038,0.8809166068,0.8808424797,0.8802412912,0.8797355665,0.87918964,0.8786309641,0.8780401584,0.8772045557,0.8759582906,0.8744912149,0.8736107361,0.8725019561,0.8709531594,0.8691701119,0.867187648,0.8653512114,0.863510417,0.8615767262,0.8592417261,0.8563480749,0.8535942599,0.8515054267
4.5,0.9661352925,0.9582740027,0.9508529703,0.944946749,0.9411819916,0.9382083375,0.9372374858,0.9373743332,0.9381831051,0.9400651965,0.9418869006,0.9436810825,0.9449472563,0.9453881204,0.9447035007,0.9427337052,0.9397027249,0.9347567652,0.9288052123,0.9217250214,0.9135344317,0.9049315434,0.895863796,0.8869273564,0.878344846,0.8706248734,0.8638578228,0.8581895042,0.8540742913,0.8509350686,0.8492421966,0.8485560465,0.8482987243,0.8490089412,0.849546926,0.8500425913,0.8503837811,0.8498643941,0.8489256134,0.8473539284,0.8455105481,0.8431137689,0.8410276026,0.8395511344,0.8386497858,0.8398886804,0.8427004146,0.8478397263,0.8560219749,0.8666619381,0.8805048685,0.8969444599,0.9154592472,0.9364225685,0.9584393755,0.9812445856,1.004291903,1.026619029,1.047967394,1.067764531,1.085674753,1.100998275,1.113916055,1.124340846,1.132273829,1.137535191,1.140695397,1.142073152,1.141912362,1.140718885,1.13886224,1.13675999,1.134878373,1.133328616,1.132455619,1.132138451,1.132228813,1.132862254,1.133312402,1.133303944,1.132152807,1.114178667,1.079622793,1.045365535,1.023194296,1.019333454,1.004830528,0.9778852441,0.9391633431,0.8932298627,0.8462727666,0.8039736564,0.7694551943,0.7333378925,0.7013549456,0.6746883421,0.6552477584,0.644631253,0.6413451794,0.6430473925,0.6550739269,0.6666463265,0.6775359953,0.6894967066,0.7018139254,0.7135021243,0.725784666,0.7380965279,0.7496773425,0.7609494771,0.7718414952,0.7823117257,0.7925652365,0.8020561596,0.811081491,0.8192691163,0.8268051661,0.8342026529,0.8409413454,0.8468602136,0.8521928755,0.8569031518,0.8611810642,0.8649934598,0.8684603659,0.8711590604,0.8732707073,0.875156864,0.8769139096,0.8781961147,0.8789580466,0.8794887154,0.8799152884,0.87996701,0.8799702482,0.8798721603,0.8793833357,0.8786908273,0.8781403038,0.8776803796,0.8770405442,0.8759922953,0.875066176,0.8741735362,0.8732986423,0.8725001855,0.8715246495,0.8702538733,0.8688899317,0.8680461744,0.8671002295,0.865833603,0.8643478414,0.8627965311,0.861394858,0.8600453606,0.8586760636,0.8568836152,0.8546452671,0.8525639935,0.8510944299
4.6,0.9922731164,0.982300578,0.972228484,0.9632421335,0.9560048069,0.9495766714,0.9451642091,0.9421370399,0.9402839593,0.9400358501,0.9404418537,0.9414897369,0.9426312434,0.9437034827,0.9441213158,0.9436565343,0.9424607653,0.9394188762,0.935407056,0.9301345328,0.9234139837,0.9160026429,0.9076135942,0.8988924607,0.8901681257,0.881676859,0.8738970585,0.8669572937,0.8613827277,0.856881655,0.8539257247,0.8522546682,0.8513104275,0.8518549589,0.8525842433,0.8536383302,0.8549706215,0.8555446759,0.8559191501,0.8556391063,0.8548565793,0.8533312343,0.8516208781,0.8500437883,0.8484785322,0.8483766654,0.8492627059,0.8519464336,0.857351124,0.8647879659,0.8754553384,0.888806271,0.9044230812,0.9230362451,0.9431475055,0.9646637412,0.9869650283,1.009303602,1.031158592,1.051924531,1.071395973,1.0884172,1.103439684,1.116117661,1.126219914,1.133857046,1.139148384,1.142553879,1.144240796,1.144623623,1.144110552,1.143051445,1.142155646,1.141084072,1.140689569,1.140736507,1.140789678,1.141745447,1.142202955,1.142241769,1.14146465,1.124356601,1.086814985,1.046943806,1.019561471,1.013929022,1.00094073,0.9773854855,0.9412821983,0.8952214047,0.8454317508,0.7991701941,0.7611561575,0.7227696125,0.6882538302,0.6577062588,0.6333075345,0.61850211,0.6136371419,0.616858083,0.6335862073,0.6475169728,0.6600871983,0.6737160899,0.6877299226,0.700851224,0.7147525047,0.7286660645,0.74171907,0.7544677948,0.7666451969,0.7783868935,0.7900309527,0.8006595628,0.8107632201,0.8199353451,0.828302143,0.8365504988,0.8439777528,0.8504990218,0.8563320065,0.8613047523,0.8658526255,0.8698529281,0.8733196256,0.8759573371,0.877919554,0.8795602884,0.880965557,0.8818253249,0.8821661338,0.8821797168,0.8820490183,0.8814965375,0.8808778053,0.8801307301,0.8790323772,0.8778253072,0.8766557053,0.875559737,0.8744273691,0.8729541214,0.8716547328,0.8704474228,0.8692197504,0.8682369018,0.8671143354,0.8658392331,0.8646496381,0.8637810842,0.8629895235,0.8620267293,0.8608415641,0.8597911456,0.8588249823,0.8579614374,0.8571891952,0.8559503804,0.8544366011,0.853078925,0.8522023641
4.7,1.016095781,1.006087132,0.9953473365,0.9851068697,0.9758877804,0.967182369,0.9600287249,0.9541124964,0.9495277076,0.9465652222,0.9447543996,0.9440303854,0.9439060908,0.9444532263,0.9448889743,0.9450057269,0.9448517763,0.943279265,0.9409643029,0.9375142089,0.9325806612,0.9268382152,0.9198285836,0.912109789,0.9041198282,0.8956486224,0.8875937123,0.8800066565,0.8732203755,0.8675996012,0.863194722,0.8600979064,0.858082391,0.8575167781,0.8576720352,0.8584822769,0.8598401004,0.8609745597,0.8620931851,0.862800505,0.8630657146,0.8626441895,0.861859699,0.8609416716,0.8598601605,0.8595618632,0.8599455248,0.8616828074,0.8655291483,0.8712679018,0.8798178641,0.8909246653,0.9044849461,0.9209371164,0.9393323486,0.9594884377,0.9806543618,1.002617845,1.024342658,1.045381422,1.06563988,1.083529285,1.09979461,1.113833767,1.125282822,1.134402341,1.141031641,1.145709884,1.148507885,1.149861467,1.150121827,1.149636916,1.14929661,1.148426858,1.148272648,1.148501355,1.148517382,1.14970929,1.150250758,1.150466529,1.150023531,1.134995044,1.096741195,1.052384455,1.018350571,1.007603964,0.9930303798,0.971955882,0.9398028733,0.8957933207,0.8445345042,0.7941740676,0.7518741444,0.711119602,0.6752216961,0.6424184486,0.6139296362,0.5943295035,0.5861913971,0.5889964869,0.6086376012,0.6242459372,0.6380880615,0.6529986751,0.6682693956,0.682601762,0.6978612598,0.7131709177,0.7276371264,0.7417010756,0.7551220881,0.7681486625,0.7811895757,0.7931191908,0.8044084782,0.8147168547,0.8241703104,0.8334776447,0.8419004065,0.8493606663,0.8559851276,0.8616174459,0.8668072279,0.8713933144,0.8753084158,0.8782693651,0.8805235372,0.8823547268,0.8838026967,0.8846823016,0.8850106523,0.8849057542,0.8846220068,0.8838083155,0.8829128083,0.881839883,0.8804437784,0.8790246902,0.8774812326,0.8759616708,0.8745232487,0.8728319179,0.8713341577,0.8699453255,0.8684651351,0.8673444865,0.866151155,0.8649522966,0.8639673972,0.8630752613,0.8623903643,0.8616839494,0.8608218884,0.8602098235,0.8596105437,0.8591394597,0.8588009988,0.8580855513,0.8571941844,0.8564298046,0.8560516909
4.8,1.034084593,1.025616457,1.01598398,1.006336139,0.9969547649,0.9876589238,0.9792037446,0.9715353278,0.9649658601,0.9596034278,0.9554718242,0.9524851371,0.950363528,0.9492794974,0.9485649768,0.9480601361,0.9476499535,0.946573991,0.9450393315,0.9427275044,0.9392993117,0.9350662313,0.9296953693,0.9234871632,0.9168812655,0.9094064161,0.9020700867,0.8948831405,0.8878981704,0.8820139938,0.8768226348,0.8727043058,0.8697961276,0.8679057494,0.8670674128,0.8669836197,0.8675128612,0.8682929004,0.8691814921,0.8699694366,0.8704509561,0.8705548889,0.8703105651,0.869916407,0.8695542375,0.8695018188,0.870189774,0.8720206225,0.8754832205,0.8809272572,0.8887399361,0.8989822824,0.911723987,0.9271147581,0.9446425233,0.9640103388,0.9845067867,1.006069371,1.027556925,1.048576384,1.068989736,1.087232346,1.103971174,1.118580776,1.130679618,1.140467044,1.147775781,1.153101549,1.156508099,1.158385348,1.15909984,1.158988554,1.15891691,1.158249489,1.158206571,1.158483017,1.158503933,1.159650673,1.160131483,1.160281719,1.159743925,1.144699856,1.105816349,1.058885337,1.019750813,1.003237925,0.9842977566,0.9627680022,0.9334365342,0.8925249632,0.8419191459,0.7890851357,0.7430434378,0.6999724183,0.6632289873,0.6292912082,0.5976097956,0.572820086,0.5595278244,0.5592300066,0.5789611538,0.5953663833,0.6099906667,0.6257483917,0.6418397019,0.6571853398,0.6735896737,0.6901625301,0.7060392098,0.7213929479,0.7361454928,0.7505976124,0.7652008591,0.7787075784,0.791464103,0.8032363061,0.8141603119,0.8249314423,0.8348022613,0.8436728912,0.8515807362,0.8583905325,0.8647467076,0.8704554445,0.8753526208,0.8791924001,0.8822683961,0.8848075089,0.8868319721,0.8881974377,0.8889889919,0.8892332191,0.8892007346,0.8885249773,0.8876844093,0.8865957758,0.8852346144,0.8838116892,0.8821079076,0.8803399046,0.8786600042,0.8768898216,0.875255245,0.8736939591,0.8719634063,0.8705887294,0.8692738803,0.8680735451,0.8671238999,0.866087424,0.8653001271,0.8646218433,0.8639432271,0.8635292073,0.8630712791,0.8627412521,0.8625312899,0.8621691447,0.8616454687,0.8612173523,0.8611396565
4.9,1.043187089,1.036735326,1.028833159,1.020715578,1.012529798,1.00401514,0.9959093966,0.9881416758,0.9812013363,0.9748998312,0.9696930142,0.9654576285,0.9618804523,0.9595482428,0.9575783259,0.9560284351,0.9548485566,0.9532570005,0.9515247155,0.9492636687,0.9461789232,0.9424550762,0.9377882123,0.9323786792,0.9265669424,0.9199228136,0.9133065736,0.9067572919,0.9002284994,0.8947119486,0.8896851461,0.8855742471,0.88271001,0.8805524702,0.8795601348,0.879300955,0.8795334134,0.8802560757,0.8809950617,0.8817256981,0.8821760284,0.882300585,0.8820649543,0.8816097,0.8813478101,0.881034119,0.8815924206,0.8832400095,0.8861626457,0.8914075932,0.8986908198,0.9084057263,0.9208343269,0.9356230988,0.9528144229,0.9718664338,0.9920682813,1.013511771,1.034904333,1.055939498,1.076379985,1.094795271,1.111702241,1.126521045,1.138923991,1.148968842,1.156617603,1.16227847,1.166062418,1.168288481,1.169380247,1.16966293,1.169846059,1.169563083,1.169731414,1.170142103,1.170335635,1.171353365,1.171716798,1.171606575,1.170654677,1.152591437,1.112563188,1.06579341,1.025268158,1.004555398,0.9792828946,0.9532912117,0.9236673873,0.8853003265,0.8367889589,0.7832843952,0.7343720637,0.6886582371,0.6507200923,0.6161346845,0.5823700552,0.5530160282,0.5338546133,0.5285960578,0.5461609922,0.5627753758,0.5778930757,0.594229833,0.6108444906,0.6271194491,0.644536957,0.6623025302,0.6796243173,0.6962832489,0.7124774251,0.7284952039,0.7448117089,0.7601221488,0.7745895753,0.788106314,0.8008060398,0.8133703879,0.8250349032,0.835665766,0.8452557254,0.8536173254,0.8615287074,0.8687494079,0.8749783844,0.8801179508,0.8843607227,0.8879370242,0.8909251956,0.8930240001,0.8945660281,0.8954435755,0.8958418523,0.8955387782,0.894879487,0.8938857944,0.8927216373,0.8912600342,0.8894370426,0.8874367151,0.8853698331,0.8834919403,0.8815917896,0.8796907238,0.8775818629,0.875676921,0.874057468,0.8726274509,0.8713802796,0.8700095779,0.8688294629,0.8678634516,0.8671430173,0.8666229364,0.866049638,0.8655932012,0.8652341106,0.8650483479,0.8646496282,0.8643503573,0.8644366768
5,1.046224419,1.040827723,1.033971041,1.026905237,1.01951309,1.011899712,1.00438638,0.997035876,0.990667042,0.9843908815,0.9794273073,0.9754087016,0.9717233699,0.9698066482,0.9679830784,0.9666738073,0.966061043,0.9647332811,0.9635610524,0.9618212926,0.959170329,0.9559324025,0.9515982591,0.946486154,0.9406974378,0.934163293,0.9273812693,0.9205075179,0.9139107316,0.9077782028,0.902462315,0.8981095238,0.8946736538,0.8926042463,0.8914130142,0.8910572349,0.8915802898,0.8921821144,0.8931140683,0.8939822472,0.8943123828,0.8945012387,0.8940187192,0.893214351,0.8925772425,0.8916035319,0.8915290964,0.8924854472,0.8946936725,0.8993683044,0.9061640841,0.9155966812,0.9279203629,0.9428735427,0.9604218619,0.9799666341,1.000928669,1.023032057,1.045231734,1.067082933,1.088034519,1.10717412,1.124433432,1.139446933,1.152115132,1.161908809,1.169401044,1.174753635,1.178049718,1.179876929,1.180464124,1.180311918,1.180007343,1.179422099,1.179243858,1.179313872,1.179362644,1.179954102,1.180028008,1.179537653,1.178035291,1.155053097,1.112204253,1.066051257,1.02670318,1.004540361,0.9737121732,0.9415707395,0.9092544037,0.8723610642,0.8266098993,0.7740229454,0.7234709719,0.6751283839,0.6358060893,0.6012788192,0.5673775626,0.5358775793,0.5123884257,0.5020735248,0.5159539405,0.5322843433,0.5474714073,0.5639305061,0.5806149043,0.5974169875,0.6154284679,0.6339892209,0.6523962754,0.6700481772,0.6873944377,0.7047139261,0.7225136996,0.7394147065,0.7554324259,0.7705774037,0.784950948,0.7992462454,0.8126536811,0.8250227889,0.8363406179,0.8462838611,0.8558198472,0.8646396885,0.8722713566,0.8788697641,0.8844015909,0.889149563,0.8932962061,0.8962491999,0.8987100608,0.900404588,0.9013699422,0.9016309709,0.9012910575,0.9005368969,0.8997461894,0.8983115082,0.8965033196,0.8944010794,0.8919804268,0.8900798919,0.8879562904,0.8857395551,0.8832896762,0.8808256304,0.8789081989,0.8772025389,0.8755590469,0.873847962,0.8722152837,0.8708624447,0.8700143782,0.8693010182,0.8685228848,0.8678346656,0.8672641205,0.8671665295,0.8667806796,0.8665305222,0.8667198023
5.1,1.050086387,1.044631698,1.037561277,1.030205642,1.022552175,1.014443009,1.006505801,0.9987628712,0.9919260747,0.9855460497,0.9805541745,0.9767669449,0.9737292353,0.9726689749,0.9721115073,0.9723269895,0.9734584374,0.9740303169,0.9748101651,0.9749898431,0.9740176912,0.9723227667,0.9691068779,0.964751377,0.9593926837,0.9527288863,0.9455243936,0.937864154,0.9303551392,0.9229930504,0.9165513807,0.9112280244,0.9066238533,0.9042377178,0.9026282163,0.9021093949,0.903267796,0.9039288149,0.9055824456,0.9071484325,0.9076433464,0.9084615264,0.9078711238,0.906737504,0.9055594531,0.9034341163,0.9020686353,0.9014019003,0.9021297776,0.9050205338,0.9104657233,0.91897609,0.9302770532,0.9455623953,0.9634369872,0.9837541509,1.006591729,1.029902863,1.05417187,1.078140112,1.100473548,1.121778418,1.140244172,1.156155688,1.169845646,1.17939557,1.186757704,1.191537381,1.193618406,1.194414236,1.193492195,1.191812122,1.190081155,1.187998916,1.186558931,1.185479228,1.184610507,1.18439005,1.183853023,1.182894205,1.180906495,1.152728144,1.10425331,1.056369676,1.01868892,0.9980686461,0.9648669013,0.9277549541,0.8920031553,0.8556698311,0.8128467436,0.7623390194,0.7113198652,0.6610641708,0.6207885413,0.5873263569,0.5554150214,0.5245960752,0.4990725142,0.4842165136,0.4927386771,0.5080709026,0.5225692828,0.5383707721,0.5544332422,0.5709890652,0.5888723665,0.607514533,0.6262891516,0.6443478137,0.6622314189,0.6802831294,0.6990680933,0.7170502354,0.7341896292,0.7505932617,0.7663037859,0.7820347526,0.7969214172,0.8108269402,0.823718653,0.835119268,0.8462028375,0.8565796174,0.8656005515,0.8736787567,0.8805617367,0.8865721247,0.8919730944,0.8959241442,0.8994522137,0.9021209108,0.9038469294,0.9048508387,0.9050378238,0.9047345552,0.9044919177,0.9032935157,0.9016957391,0.8996861289,0.8971172081,0.8953213197,0.8931318884,0.8907468778,0.888055882,0.8851754076,0.883043457,0.8811026169,0.8791148358,0.8770989399,0.8750594307,0.8733213916,0.8722877493,0.8713832031,0.8703546147,0.8693772181,0.8685968714,0.868493241,0.8680350553,0.8677660315,0.8679937239
5.2,1.062454201,1.056817901,1.04931628,1.041181507,1.032764713,1.023080048,1.01361038,1.00420998,0.9949882092,0.9871254144,0.9801972346,0.9747003462,0.9711797949,0.9690321724,0.968801365,0.9699768223,0.9718392209,0.9749539547,0.9778444925,0.9804407383,0.9826035621,0.9830200747,0.9822861853,0.9799276925,0.9758308147,0.9701817568,0.9631633258,0.9552619756,0.9468410333,0.938402776,0.9304783639,0.9234793605,0.9178496483,0.9138999575,0.9116692204,0.9110790717,0.9118147947,0.9138109287,0.9163313323,0.9189352481,0.9215595381,0.9228959202,0.9235501827,0.9232736195,0.921382052,0.9194358447,0.916597621,0.913947402,0.9131474408,0.9128314352,0.9159219684,0.9221273142,0.9309440669,0.9451974396,0.96217854,0.9824956745,1.006140651,1.030832242,1.057065392,1.0831964,1.108167787,1.131619085,1.152345034,1.170246995,1.185026823,1.195798017,1.203380092,1.207896412,1.209578868,1.208995651,1.206729818,1.203422258,1.19988848,1.196155569,1.193112806,1.190666963,1.188569695,1.187531246,1.186307121,1.184874957,1.182617664,1.14961097,1.094219383,1.042943579,1.007139175,0.9903647858,0.9576362444,0.9171009694,0.8775706694,0.8404309459,0.7996212588,0.7514441876,0.7010571277,0.6503109378,0.6099413257,0.5779827343,0.5487053658,0.5198102868,0.4937929051,0.4751480834,0.4771685682,0.4908164209,0.5038519869,0.5182020765,0.5329273566,0.5484025053,0.5653652313,0.5832891882,0.6016188801,0.6193965132,0.6370923494,0.6551985321,0.6743589952,0.6928085008,0.7105215805,0.7276990771,0.7443133996,0.7610627464,0.7770630692,0.7922146741,0.8064042297,0.819045122,0.8315031593,0.8433076723,0.8536340057,0.8630943797,0.8713238029,0.8786201284,0.8852662142,0.8903222196,0.8950048833,0.8987303181,0.9013698741,0.9032400145,0.9041415877,0.9044670082,0.9048939513,0.9041608236,0.9029479195,0.9012060878,0.8987346458,0.897171487,0.8950908972,0.8927132501,0.889914559,0.8868189061,0.8845869338,0.8825115194,0.8803089451,0.8780721661,0.8757376413,0.8736996852,0.8725061258,0.8714789214,0.8702418629,0.8690197751,0.8680965782,0.8679955215,0.8674807107,0.8672150216,0.8675335715
5.3,1.079293358,1.074542183,1.067988725,1.060460682,1.05234276,1.042265295,1.031908683,1.021060636,1.009524896,0.9991750722,0.9891075865,0.9802498021,0.9738279312,0.968417701,0.9658859067,0.9654696038,0.9659792267,0.9695560298,0.9731676436,0.9772292752,0.9820439558,0.9847165809,0.9870185564,0.9876474069,0.9859017712,0.9828324765,0.9774208316,0.9705832118,0.962746646,0.953884986,0.9451484157,0.9368159063,0.9296462941,0.9239778187,0.9202573122,0.9185231838,0.9183648143,0.9203455251,0.9231564747,0.9265175901,0.930368229,0.9328750848,0.9348144164,0.9355389167,0.9342609276,0.932325633,0.9288326587,0.9249253781,0.9220838268,0.9193026432,0.9194906879,0.9226180047,0.9287429475,0.9404223168,0.9556747337,0.9751128139,0.998340944,1.02407019,1.051686048,1.079704462,1.107438013,1.133106038,1.156519375,1.176910874,1.19342702,1.206113577,1.214690452,1.219776273,1.221754424,1.220660076,1.217744341,1.213458916,1.208818395,1.203919804,1.199807158,1.196459665,1.193550594,1.192094492,1.190532913,1.188933185,1.186555024,1.150347155,1.088598405,1.032943277,0.997880472,0.9848975737,0.9535433781,0.9106212432,0.8676023642,0.8289869144,0.7892779562,0.7430172333,0.693564553,0.6430901516,0.6030172251,0.5724344225,0.5456334746,0.5192054406,0.4940753565,0.4730356211,0.4686934169,0.4802883216,0.4913562042,0.5036986723,0.5165259673,0.5302408308,0.545582731,0.5620527345,0.5791788231,0.5959761687,0.6127649373,0.6302295593,0.6490927437,0.6673583169,0.6850286007,0.7024119555,0.71942063,0.7366702555,0.7533271932,0.7693318053,0.7844254386,0.7979904686,0.8115351434,0.8245243985,0.8359715673,0.846603027,0.8560704643,0.8645767218,0.8723667017,0.8785528735,0.8843988518,0.8891985405,0.8928460358,0.8956657394,0.8974392116,0.8985532394,0.8997736291,0.8997403516,0.8991164348,0.8978637926,0.8957840593,0.8946634962,0.8929507797,0.8908514438,0.8882055333,0.8852093132,0.8831320161,0.8811735518,0.87902221,0.8768241817,0.8744647154,0.8723726035,0.8712304052,0.8702942807,0.8690587695,0.8678013955,0.8669347114,0.8670072177,0.866577043,0.8664525994,0.8670473185
5.4,1.091231972,1.08781828,1.083652393,1.078490921,1.07178402,1.063784699,1.054119828,1.04320538,1.031440373,1.01873192,1.006147005,0.9939926552,0.9831243304,0.9738511392,0.9669531505,0.9626456754,0.9602549623,0.9615281594,0.9642019301,0.9683425368,0.9743352218,0.9791514419,0.9843444738,0.9883456334,0.9899665921,0.990447603,0.9880183054,0.9836485148,0.9776067223,0.9695312819,0.9607801088,0.9515460665,0.9430392855,0.9351696401,0.92928904,0.9254748263,0.923174401,0.9240628949,0.9260420128,0.9292859066,0.9336525825,0.9371255367,0.9403377525,0.9422204555,0.9424673089,0.9408425819,0.9376135002,0.9334304541,0.9284832553,0.9243183211,0.9214069916,0.920915922,0.9245192254,0.9318698469,0.9445477066,0.9620554679,0.9830667689,1.009320692,1.037206272,1.066417135,1.09668346,1.124318591,1.150646101,1.173846651,1.192950018,1.208198493,1.218885611,1.225853426,1.229008485,1.229102739,1.226710305,1.222604941,1.218378267,1.213068511,1.208959767,1.205584601,1.202434954,1.201271699,1.199799607,1.198432138,1.196179644,1.158516229,1.090647307,1.028719601,0.9918661002,0.9815026864,0.9520134811,0.908125561,0.862731394,0.8227935732,0.7835342302,0.738152003,0.6887028829,0.6381866611,0.5983884239,0.5692330392,0.5450161911,0.5215518364,0.4983817088,0.476312853,0.4664841076,0.4758167488,0.4846394652,0.4946414505,0.5051666012,0.5166181727,0.5297700141,0.5441670731,0.5594197618,0.5745655062,0.589793849,0.6059563089,0.6238348779,0.6412851041,0.6583034753,0.6753041296,0.6921763415,0.7094077799,0.7262658693,0.7427074267,0.7582944788,0.7724716779,0.7868071427,0.8007290059,0.8131249162,0.8247276859,0.8353193392,0.8449641587,0.853829672,0.8611867642,0.8682187344,0.8741398238,0.8789139729,0.8828013021,0.8856324211,0.8877341803,0.8899207466,0.8908446562,0.8910600824,0.8905700371,0.8892072089,0.8887926773,0.8877506201,0.886242336,0.8840633311,0.8815102646,0.8798889672,0.8783415593,0.8765325333,0.8746708668,0.8725768385,0.8706944354,0.8698397615,0.869206807,0.8681849835,0.8670946211,0.866459565,0.8668571321,0.8666202955,0.8667336656,0.8677340324
5.5,1.092336456,1.089718666,1.087964014,1.085576714,1.081547151,1.076829893,1.06975716,1.060997162,1.050606639,1.038082048,1.024584148,1.010375975,0.9963975969,0.9830620303,0.9715569315,0.9624016875,0.9556442056,0.9528751696,0.952775648,0.9554113939,0.9607731237,0.9670691617,0.9744425083,0.9815273404,0.9872550118,0.9915496083,0.99323592,0.9925546887,0.9892951976,0.9833965585,0.9755694221,0.9662680835,0.9568236263,0.946946159,0.9386257748,0.932090631,0.9271025436,0.9258189435,0.9262247721,0.928705121,0.9331365808,0.9375420838,0.9422923457,0.9460565622,0.9483319979,0.9484609605,0.9465169913,0.9428794668,0.9375468197,0.9318559116,0.9263703647,0.9224509602,0.9218882521,0.9247796146,0.9330748539,0.9466264653,0.9646046238,0.9887856714,1.015799904,1.045278147,1.076568233,1.106451561,1.135412362,1.161596957,1.184216292,1.202499594,1.216389199,1.226280997,1.231654986,1.233972928,1.233025689,1.229963912,1.226692389,1.221596589,1.217815681,1.214664755,1.211499352,1.210742457,1.209504201,1.208458585,1.20666018,1.169775949,1.097122546,1.028494565,0.988405334,0.980156452,0.9534960179,0.9101146745,0.8631014519,0.8214922961,0.7815846263,0.7358235866,0.6852700531,0.6340781117,0.5943000159,0.5665213343,0.544830864,0.5244277916,0.5038208146,0.48205694,0.4685484519,0.4757803652,0.482448429,0.490143735,0.4982817911,0.5072773946,0.5179579436,0.5299341609,0.5428623219,0.5558518418,0.5690496861,0.5833903395,0.5996862804,0.6157838466,0.6316275658,0.6477026007,0.6639322661,0.6806789337,0.697319162,0.7137853297,0.7294671178,0.7439533069,0.7587861185,0.7733843272,0.7865555387,0.7989312669,0.810510191,0.8212022471,0.8310772763,0.8396247606,0.8478467884,0.8549168705,0.860905042,0.8659697503,0.8700230281,0.8732856848,0.876597555,0.8787109526,0.8799955935,0.8805186018,0.8801811109,0.8807315673,0.8806332893,0.8800088494,0.8786086833,0.8768201687,0.8759293004,0.8750799469,0.8739050393,0.8726355634,0.8710636308,0.8696473949,0.8692878084,0.8691278188,0.8684967735,0.8677432891,0.8674561617,0.8682575983,0.8682883874,0.8686826359,0.8701078659
5.6,1.088325909,1.084332595,1.0827249,1.0814933,1.079366462,1.07767259,1.073810619,1.068448107,1.061063997,1.051033144,1.038965515,1.02498807,1.01035181,0.9943457402,0.9794088337,0.965894241,0.9539710294,0.9463600828,0.9416132959,0.9406203553,0.9434491461,0.949023039,0.9570231514,0.9659674861,0.9752286191,0.9831582428,0.9894215666,0.9933858272,0.9938094376,0.9918197693,0.9863301516,0.9783934845,0.9695112031,0.9584689269,0.9484081258,0.9392822002,0.9316182261,0.9273813185,0.9255321482,0.9266485654,0.92983869,0.9352636985,0.9411234708,0.9466374044,0.9519707752,0.9539280088,0.9544024261,0.9524241604,0.947454097,0.9414547585,0.9340190003,0.9271992846,0.9221908204,0.920456583,0.9233279355,0.9313717173,0.9455931689,0.9654045858,0.9904643294,1.019323107,1.050182477,1.082567062,1.11383857,1.143243442,1.169760644,1.191679063,1.209326108,1.222301657,1.231141449,1.23495458,1.23574936,1.234024944,1.230021132,1.225991416,1.221502951,1.217623322,1.21507619,1.213224523,1.212407543,1.211770979,1.21002926,1.177871671,1.104299888,1.030371474,0.9862430606,0.9793128236,0.956037065,0.9142008526,0.8658250074,0.8217472825,0.7800672969,0.7332303778,0.6811571879,0.6289076903,0.5887720037,0.5621772595,0.5430062851,0.5259873974,0.5088572155,0.4891220976,0.4744927271,0.4801947427,0.4851142732,0.4908362287,0.4967860404,0.5033849022,0.5115572956,0.5209914856,0.5313192906,0.541802086,0.5526414015,0.5647436676,0.5789218138,0.5931687759,0.6073603628,0.6219762364,0.6370365633,0.6528335449,0.668815956,0.684847294,0.7001975293,0.7146400587,0.729631702,0.7445991574,0.7583076866,0.771217276,0.7835799448,0.7951619901,0.8059352949,0.8156204983,0.8249837692,0.83316781,0.8403756899,0.8466917448,0.8520751771,0.856600841,0.8611516226,0.8646359741,0.8671664497,0.8688915985,0.8698484017,0.8716007901,0.8726542092,0.8731598357,0.8728359551,0.8720913988,0.8721488427,0.8722655321,0.8720155469,0.8715283201,0.8706873089,0.8699918369,0.870299945,0.8707313915,0.8706382201,0.8703755398,0.8704981828,0.8717081183,0.8720725386,0.8727587033,0.8745265474
5.7,1.092650726,1.084398039,1.079213643,1.075548783,1.072682567,1.07124277,1.069178636,1.066520628,1.062213281,1.055829252,1.046910413,1.035519541,1.022484609,1.006610725,0.9903587621,0.9739924493,0.9581655731,0.9451278743,0.934736376,0.9282028352,0.9257154421,0.9278055342,0.9334653016,0.9417664204,0.9523256478,0.9627768345,0.972979798,0.9815453237,0.9869389667,0.9897956095,0.9886585096,0.9843820951,0.9776973865,0.968072549,0.9577923783,0.9472400233,0.9378570443,0.9303932976,0.9258266693,0.9244925412,0.9253375189,0.9302514817,0.9360617698,0.9425707654,0.9499187075,0.9540973792,0.9571830447,0.9574968353,0.9543882711,0.9491409293,0.9414236833,0.9331443748,0.9250704409,0.9194741213,0.917339707,0.9199474869,0.929307844,0.9442450701,0.966008512,0.9928554745,1.022635832,1.056105962,1.089084806,1.121150663,1.150978675,1.176299465,1.19736969,1.213338511,1.225027236,1.230502086,1.232643779,1.231702559,1.227394106,1.223394917,1.218169967,1.213533006,1.210853018,1.208445905,1.20794335,1.207895319,1.206651263,1.181963818,1.111055587,1.033103932,0.98394,0.977156478,0.9573829205,0.9178023542,0.8681730456,0.8210821712,0.7772615675,0.7295680303,0.6764066353,0.6232842542,0.5828636921,0.5577370284,0.5415333671,0.5283887205,0.5153857623,0.4988970775,0.48522869,0.4900775196,0.4937506867,0.497921497,0.502026922,0.506447833,0.5122201035,0.5191187986,0.5266895026,0.5344523614,0.5426785983,0.5521740021,0.5637383382,0.5756093459,0.5876522903,0.6002441709,0.6135429462,0.627864379,0.6426643799,0.6577140181,0.6722495377,0.6862040839,0.7009510383,0.7159200933,0.7298478201,0.7430166491,0.7559059971,0.7681745223,0.7797164003,0.7904433943,0.8008807161,0.8101200744,0.8185091055,0.8261549999,0.8329580949,0.8388183026,0.8447049418,0.849707093,0.853629767,0.8567062281,0.8591862351,0.8623390948,0.8646783893,0.8664889916,0.8674838803,0.8679792728,0.8691030489,0.8703641483,0.8712409758,0.8716039147,0.871582447,0.8717610684,0.8727902755,0.8738002162,0.8742724509,0.8745450452,0.8750128114,0.8765074738,0.8771822761,0.8780764386,0.8799850743
5.8,1.114912989,1.100453114,1.089051835,1.07957473,1.071940005,1.067110862,1.063327279,1.060550996,1.057406609,1.053757747,1.048113375,1.040314768,1.030696306,1.01736754,1.002513335,0.9859784097,0.9685661034,0.9516564362,0.9362039509,0.9236211936,0.9142229858,0.9102270927,0.9103600563,0.9146540075,0.9232251808,0.933501552,0.9455721475,0.9574022798,0.967420918,0.9753676376,0.9796767046,0.9806985851,0.9779827136,0.9720829816,0.9635809223,0.9533893925,0.94375543,0.9336666635,0.9264730943,0.9220513969,0.9195819425,0.9224153664,0.926710624,0.9330066947,0.9409551259,0.947261898,0.9528734281,0.9559431407,0.956296851,0.9530536482,0.947256886,0.9397557128,0.9307071184,0.9232890079,0.9175857775,0.9158363074,0.9200347552,0.9300646239,0.9472361334,0.9702480546,0.9980994953,1.030001149,1.063315193,1.096677274,1.127995411,1.156150689,1.179680353,1.198306081,1.212208723,1.219776628,1.223303796,1.223012779,1.219858652,1.215095514,1.209837319,1.205077196,1.201272097,1.199510939,1.198926851,1.199297414,1.199083099,1.181519781,1.115145932,1.034628284,0.9799799951,0.9720456972,0.955295271,0.9184070859,0.8680871255,0.8183902698,0.7730107064,0.7253926581,0.6722648283,0.6189473072,0.5788265467,0.5557296746,0.5429923473,0.5339276915,0.5250338642,0.5122301892,0.5007787122,0.5053967478,0.5083162477,0.5113746812,0.514079182,0.5167003059,0.5203589281,0.5249148835,0.5298057667,0.5348998111,0.540448547,0.5471554814,0.5558150996,0.5649052098,0.5744025182,0.5845018583,0.5955043363,0.6078323958,0.6208996102,0.634391125,0.6476052946,0.6605525226,0.6745805139,0.6891011222,0.7028250927,0.7158989448,0.7289527628,0.7415981159,0.7536887435,0.7652391445,0.7765677643,0.7867046072,0.7961252024,0.8050644214,0.8132541135,0.8204219663,0.8276353535,0.8341678016,0.8395281998,0.8440175258,0.8481253171,0.8527596092,0.8564395064,0.8596384787,0.8620802088,0.8639262543,0.8661766067,0.8686676352,0.8707759695,0.8720171299,0.8728590556,0.8739848593,0.8757421713,0.8773078043,0.878330193,0.8791284256,0.8798748511,0.8815442103,0.8824777161,0.883487626,0.8853662657
5.9,1.15361713,1.13450973,1.117055445,1.100694942,1.085959352,1.074582435,1.065355409,1.058612955,1.053360258,1.04952758,1.045403694,1.040462456,1.034228744,1.025010031,1.0135836,0.9995388896,0.9836657447,0.9656793662,0.9476456754,0.9305600432,0.9148700424,0.9037460859,0.8963107798,0.8937136138,0.8964009153,0.9030878451,0.9134415503,0.9255244949,0.9382077749,0.9497065412,0.9590622665,0.9655825782,0.9678333772,0.9669722001,0.9620179743,0.9542121562,0.9456162418,0.9347581041,0.9256602923,0.9182774334,0.9126789314,0.9121017825,0.9138976881,0.9187653855,0.9260447407,0.9338413443,0.9416270966,0.9477807016,0.952140952,0.9524884492,0.9502983534,0.9455453731,0.9380312994,0.9306989147,0.9234308156,0.918737622,0.9185297468,0.9236064685,0.9354146675,0.9533529429,0.9773870774,1.00604805,1.03784725,1.070854584,1.102600484,1.132562494,1.158174676,1.179361376,1.195668457,1.205785453,1.211253064,1.212277836,1.21054078,1.205518175,1.20016585,1.194926267,1.18970639,1.187540875,1.186008704,1.185823478,1.185757267,1.173556393,1.113714747,1.03376102,0.9740022473,0.9626534286,0.9473869784,0.9139133956,0.8648128054,0.8141240189,0.7680343717,0.7210822539,0.6687729805,0.6156342186,0.576138036,0.5553229671,0.5465020963,0.5420324904,0.5375927458,0.5289789326,0.5206783236,0.5255666761,0.5281352751,0.5304988463,0.5322581193,0.5334959218,0.5354369079,0.5379926162,0.5404736543,0.5431553154,0.5461611695,0.5501113228,0.5557993238,0.5618984747,0.5686138182,0.5758987646,0.584200621,0.5940661269,0.6048825185,0.6162553191,0.6276295281,0.6390218315,0.6517893122,0.665320686,0.6783279089,0.6908512907,0.7036046645,0.7162034915,0.7284916149,0.7405182245,0.7524210887,0.7631863482,0.7733813781,0.7834365945,0.7928477987,0.8011935623,0.8096222383,0.8175897277,0.8243410674,0.8302274395,0.8359669524,0.8420886495,0.8471277657,0.8517536751,0.8557084834,0.8589789525,0.8624205688,0.8662098249,0.8696331013,0.8718124241,0.8735887455,0.87573361,0.8782668553,0.8804289958,0.882026906,0.8833684239,0.8843918746,0.8862106776,0.8873877823,0.8884723351,0.8902340185
6,1.198869208,1.179375333,1.159478279,1.138739727,1.118264899,1.100019039,1.083897972,1.070748633,1.060132,1.052854183,1.047054013,1.042335245,1.037668836,1.031755391,1.02396492,1.013519243,1.001138827,0.9846162152,0.9668261113,0.9479450248,0.9281167503,0.9110491235,0.8959799649,0.8851469877,0.8794094189,0.8790299791,0.883751451,0.8922000778,0.9040143539,0.9162447512,0.9286240603,0.9394034209,0.9464042694,0.9509260921,0.9506821567,0.9469388818,0.9409869904,0.9315312405,0.9221342666,0.9130215932,0.9052687195,0.9011159657,0.8999958307,0.9024918968,0.907967304,0.9160666912,0.9250752592,0.9337926741,0.9417132704,0.9462407425,0.9483618808,0.9475147431,0.9433227734,0.9377407077,0.9309168705,0.9250338016,0.9220735231,0.922998884,0.9298754491,0.9427249737,0.9618182974,0.9867331406,1.015782025,1.047325872,1.079019645,1.109947409,1.137499671,1.161114545,1.180159662,1.192841496,1.200578439,1.203376307,1.202451946,1.197698618,1.191603307,1.184992676,1.178119994,1.173794752,1.170361119,1.168507892,1.167516743,1.159562892,1.107842448,1.031367792,0.9676298884,0.9517939832,0.9374546392,0.9084823067,0.8620750265,0.8109636295,0.7638050642,0.7169281398,0.6649265051,0.6112504239,0.571780353,0.5532375192,0.54926532,0.5507213591,0.551674776,0.547623143,0.5428467285,0.5483564867,0.5508661991,0.5528761381,0.5541044628,0.5543822243,0.5550453118,0.5560248239,0.5565220822,0.5572159625,0.5579914181,0.5594361802,0.5623430242,0.5655012408,0.5694225632,0.5738109765,0.5792618458,0.5863401986,0.5945398953,0.6033836042,0.6124996601,0.6218785633,0.632892651,0.6449241707,0.6567137943,0.6682223338,0.6802327962,0.6923578054,0.7044371576,0.7165673476,0.7287067795,0.7398110434,0.7504950047,0.7614571002,0.7718893276,0.7812443587,0.7907601908,0.8000598336,0.8081292236,0.8153660793,0.822714488,0.830334011,0.8367415608,0.8428231524,0.8483597554,0.8531152424,0.8578165454,0.8629824109,0.867816969,0.8710056998,0.8738011227,0.877052931,0.8804315273,0.8832546021,0.8854794095,0.8874068941,0.8887407923,0.890701925,0.8921308382,0.893277653,0.8948530873
6.1,1.238387555,1.22387635,1.207121795,1.187257826,1.165857567,1.14402311,1.123126285,1.104213887,1.087056054,1.074273333,1.063552084,1.055434555,1.048983147,1.043152978,1.036776314,1.028575189,1.019287394,1.005068831,0.9891645826,0.9708174827,0.9493928758,0.9289711432,0.9081391389,0.8899229824,0.8755995251,0.866202327,0.8624913886,0.8638051005,0.8707341395,0.8802271935,0.892459016,0.9050582957,0.9154466878,0.9246114936,0.9293856361,0.9307191115,0.9287771355,0.922814961,0.9150976523,0.9061360511,0.8978895034,0.8909503597,0.8871900063,0.8868898785,0.8896100419,0.8966819086,0.9055000658,0.9155403948,0.9258730845,0.934161549,0.9404705094,0.9438830312,0.9441371939,0.9415098768,0.9369430513,0.931849394,0.9278895073,0.9265181493,0.9296899614,0.9382318405,0.952649689,0.9735915087,0.9993584955,1.028720017,1.059773258,1.090954993,1.120028617,1.145787964,1.167369271,1.182676444,1.19276851,1.197541397,1.197519458,1.193263062,1.186424359,1.178251086,1.169682018,1.1625119,1.156696526,1.152648207,1.150070009,1.145240864,1.1008879,1.028624624,0.9622139696,0.9429197385,0.9305880395,0.9067654818,0.862685992,0.8097575601,0.7601057996,0.7123857865,0.6600217094,0.605107144,0.5648846764,0.5485470242,0.5504491002,0.5591516459,0.5661630011,0.566380692,0.5648332629,0.5712587948,0.573981523,0.575903457,0.5769783069,0.5767695783,0.576611791,0.5764692878,0.5755433402,0.5748349464,0.5738376952,0.5732335345,0.5738386376,0.5743948103,0.5757741519,0.5775053687,0.5803123339,0.5845322485,0.5900167937,0.5962064013,0.6028785468,0.6099774895,0.6189132744,0.6290838102,0.6392575333,0.6493539551,0.6602662312,0.6715439959,0.6830036408,0.6948719543,0.7069027719,0.7180501269,0.7289136347,0.740527163,0.7517273526,0.7618793896,0.7723011667,0.7827729988,0.7920320772,0.8005246284,0.8093847121,0.8184447915,0.8261996873,0.8337218428,0.8408371245,0.8471048957,0.853123137,0.8596905005,0.8659974587,0.8702654398,0.8741796778,0.8785961576,0.8828655797,0.8864680886,0.8893677691,0.8919024105,0.8936571198,0.8957639811,0.8974426651,0.8986588644,0.9000035355
6.2,1.262336632,1.257289311,1.248715363,1.235420837,1.218782233,1.198979037,1.177967892,1.156715432,1.135438079,1.117051214,1.10021959,1.086145972,1.074235133,1.064679845,1.055846151,1.046691082,1.037904162,1.025010663,1.010930087,0.994125712,0.9735014448,0.9522919354,0.9289000566,0.9061815248,0.8852625514,0.8677442729,0.8549420401,0.8472168852,0.8460761082,0.8492638074,0.8574929567,0.8683336886,0.8794736188,0.8910714167,0.8998756246,0.9061444982,0.9086870991,0.9077355388,0.9034716806,0.8967423111,0.8899947135,0.8819283175,0.8765671783,0.8737464822,0.8734387241,0.8782398182,0.8853978307,0.8951293614,0.9061599148,0.9170419226,0.9266711992,0.9340406413,0.9390762777,0.9402794443,0.9394028747,0.9369051907,0.9338746759,0.9322506344,0.9333937592,0.9388233805,0.9493542845,0.9661915808,0.988223429,1.014588966,1.043928789,1.07445576,1.10422341,1.131614106,1.155442359,1.173620606,1.186539213,1.194004389,1.196004576,1.193204795,1.186756965,1.177978751,1.168385072,1.158736713,1.150523667,1.144033421,1.139320367,1.133525342,1.093322294,1.025044916,0.9568559213,0.9341658077,0.9232391249,0.9042500644,0.8624165867,0.8072692385,0.7544860027,0.7057807162,0.6539051842,0.5989697431,0.5584179166,0.5440312665,0.5516769651,0.5677267139,0.5807380604,0.5847249452,0.5860915185,0.5937227008,0.5969512772,0.5990435362,0.6002879452,0.6000341226,0.5994730154,0.5986464819,0.5968349005,0.5953013671,0.5930376995,0.5909107503,0.5898015615,0.5882416251,0.5875165158,0.5870234591,0.5876039648,0.58915779,0.5920858533,0.5957350551,0.6000162614,0.6047818851,0.6115123378,0.6196334684,0.6279495549,0.6363515371,0.6458921197,0.6560172568,0.6664885042,0.6777558072,0.6893067658,0.7001860658,0.7108947305,0.7228236532,0.7344587653,0.7451392979,0.7561707726,0.7675439376,0.7777552501,0.787315348,0.7974696431,0.8077474245,0.8167422541,0.8255841965,0.8341040439,0.8418274752,0.8491397696,0.8569937718,0.8647401874,0.8700689675,0.8751608379,0.8807026008,0.8858065887,0.8903312539,0.8938892302,0.8969666107,0.8993023305,0.9015342549,0.9034280279,0.9047228923,0.9057943523
6.3,1.266424595,1.272565994,1.274653673,1.271478945,1.263674433,1.250887614,1.234640691,1.215628322,1.194774045,1.1733535,1.152269984,1.13260379,1.113969795,1.098591872,1.084252299,1.071025203,1.059497561,1.045850517,1.032114682,1.016400364,0.9977698608,0.9774652853,0.9545645,0.930813288,0.9066929685,0.8841770345,0.8642146168,0.8481197454,0.8377935124,0.8323525773,0.833009899,0.8380213182,0.8460379991,0.8563009464,0.8663085544,0.8754446837,0.8814821402,0.8853946348,0.8853929362,0.8824586309,0.8787667722,0.8719029808,0.8666274777,0.8624981494,0.8601001392,0.8620684397,0.8666927316,0.8746045115,0.8844017933,0.8960623715,0.9073224754,0.9174797926,0.9264650333,0.9317197497,0.9352006127,0.9365591495,0.9365216662,0.9366503467,0.9381164672,0.942505106,0.9507801643,0.9644579482,0.9830405124,1.00620147,1.032826218,1.061930514,1.091251523,1.119270624,1.144937691,1.165513372,1.181506595,1.192172993,1.197114752,1.196871934,1.192119164,1.184153865,1.174333941,1.163366826,1.153050951,1.144017068,1.137237229,1.123869163,1.082797671,1.017814126,0.9487189747,0.921598452,0.9095548666,0.8946495339,0.8565108631,0.801047185,0.7459181041,0.696739639,0.6470654395,0.5945106724,0.5549349177,0.5419581577,0.5538167152,0.5759776412,0.5944801741,0.6022122875,0.6068640982,0.6160521211,0.620128683,0.6227182729,0.6244553839,0.624553859,0.6239888714,0.6229136834,0.6206758019,0.6188215572,0.6157811271,0.612631099,0.6103752304,0.6071794151,0.6048604904,0.602619457,0.6013923448,0.6006613226,0.6013271104,0.602648555,0.6047589561,0.6072534189,0.6117947562,0.6177944241,0.6241058303,0.6306572434,0.6385801472,0.6472764493,0.6564515647,0.666764083,0.6774351699,0.6877044696,0.6978584204,0.7097071076,0.721351694,0.7322074175,0.7434458627,0.7553361583,0.7661416806,0.7764599081,0.7875767523,0.7987209077,0.8087245178,0.8186444222,0.828272416,0.837285697,0.8457554419,0.8546797293,0.8637719233,0.8700186129,0.8762681688,0.8828372164,0.8886548068,0.8942022353,0.8983596184,0.9018821588,0.9049328398,0.9072466822,0.9093469998,0.9107506643,0.9114904381
6.4,1.252257236,1.268442409,1.280827579,1.288250407,1.290626982,1.287230018,1.278878348,1.265873134,1.249571466,1.229336407,1.207877132,1.185833782,1.162820787,1.142642104,1.122771851,1.104520192,1.0885481,1.072232688,1.056935949,1.040823197,1.023398283,1.004123575,0.9828103645,0.9599624062,0.9353808441,0.9109683526,0.8869688198,0.8651141014,0.8471063207,0.8332460885,0.8250084699,0.8217166266,0.8232131572,0.8283960481,0.8358749834,0.8444395313,0.8515542143,0.8582529294,0.8616751301,0.8625726563,0.8622266579,0.8582127407,0.8544793437,0.8505993257,0.8477080712,0.8474179532,0.8497075342,0.8552023427,0.8626275669,0.8734019222,0.8845324282,0.8958801757,0.9072286527,0.9159107418,0.9234546323,0.9290373185,0.9333471031,0.9368001446,0.9409188384,0.9467736167,0.9551402403,0.9678861935,0.9845904619,1.005570747,1.029744404,1.057237841,1.085386478,1.113049652,1.139637215,1.161534299,1.179864472,1.19314957,1.200891632,1.203193567,1.200551721,1.194129621,1.184445542,1.173258517,1.161316658,1.150030878,1.141729998,1.115973719,1.068739298,1.004830777,0.9353869863,0.9040077632,0.8896545459,0.8784446175,0.8454728327,0.7920012179,0.7360593855,0.6871363057,0.6404000337,0.5912812599,0.5534015858,0.5413735605,0.5557530793,0.5824118556,0.6058670054,0.617906936,0.6270581657,0.6382636224,0.6435995269,0.6470845255,0.6496871266,0.6505474013,0.6503795344,0.6494721691,0.6472185521,0.6454752507,0.6420794995,0.6383257056,0.6353949402,0.6309543194,0.6274878842,0.6239153202,0.6212011301,0.6185945233,0.6172777384,0.6164780439,0.6166898551,0.6169905958,0.6194131956,0.6232639642,0.6274352502,0.6320732893,0.638128254,0.6451155099,0.6527396264,0.661681976,0.6710578209,0.680350488,0.6894716031,0.7008198245,0.7119648733,0.7225641505,0.7335815058,0.7455020515,0.7564895123,0.7672015272,0.7788579026,0.7905230514,0.8012495503,0.8119610353,0.8224387928,0.8325172179,0.8420148423,0.8518377419,0.8621797383,0.8692557221,0.876653339,0.8841950795,0.8907190505,0.8973757685,0.9021554132,0.9061197455,0.9100012832,0.9124583162,0.9148323825,0.9164280195,0.9168605415
6.5,1.2226532,1.246446926,1.267288405,1.283989395,1.295761156,1.30214469,1.302826926,1.297954902,1.289055258,1.273812143,1.256086237,1.23588846,1.212781754,1.191105844,1.168420576,1.146813479,1.126990771,1.107630025,1.089668529,1.071735225,1.053789706,1.034379876,1.01378483,0.9916299858,0.9674159555,0.9424470591,0.9166335892,0.8915289235,0.8683086105,0.8480346814,0.8319966346,0.8205155559,0.814197429,0.8124268321,0.8146143083,0.8195234854,0.8251687456,0.8317659505,0.8367306595,0.8401611472,0.8422261621,0.8413332219,0.8396533901,0.8370572902,0.834863189,0.8334989631,0.8343087479,0.8377225671,0.8428665175,0.8519026542,0.8619502122,0.8733132956,0.8856344543,0.8968162464,0.907637606,0.9171596335,0.926054603,0.9336604059,0.9417739306,0.9508285924,0.9612935704,0.9751176116,0.9917649714,1.011953894,1.034662992,1.060717062,1.087447738,1.11411501,1.14042846,1.162627874,1.182026573,1.196781081,1.206571221,1.210704733,1.20996479,1.205115566,1.195891631,1.185004019,1.172069812,1.159216679,1.149771198,1.110224704,1.052855274,0.987303271,0.9176903074,0.8833500386,0.8670280822,0.859279366,0.8319354324,0.7819633408,0.7267959164,0.6787502929,0.6345369883,0.5883327499,0.5522220276,0.5411060784,0.5570851159,0.5869462838,0.6147177389,0.6315362078,0.6464841535,0.6601249894,0.6671074956,0.6718442125,0.6756337392,0.6776521468,0.6781996605,0.6777647871,0.6758431281,0.674466481,0.671004687,0.6669217468,0.6635436807,0.6581306691,0.6537448705,0.6490697474,0.645065304,0.6408001042,0.6376623402,0.6348782207,0.6333203064,0.6315446341,0.6318853943,0.6335498523,0.6355484795,0.6382313991,0.6422581932,0.6473594547,0.6532442877,0.660541699,0.6683049007,0.6763409161,0.6841272984,0.6946029884,0.7048579934,0.7148814155,0.7253358549,0.736901966,0.7477579519,0.7585946286,0.7704634763,0.7823933203,0.793641777,0.8049452157,0.8161265335,0.8271134242,0.8375904241,0.8482452169,0.8597750881,0.8677134401,0.8762975137,0.8848243629,0.8921594079,0.8999944796,0.9054924319,0.909977744,0.9147674222,0.917504106,0.9202375538,0.9221082086,0.9223159926
6.6,1.179560514,1.208252644,1.235176453,1.259063856,1.278469893,1.293828771,1.303393621,1.307428495,1.307521214,1.299930936,1.289236789,1.274720766,1.25576169,1.236655066,1.214980028,1.193160376,1.171934825,1.150695675,1.130440858,1.110316902,1.090582732,1.069878098,1.048554387,1.02595268,1.001680742,0.9761903595,0.9495516811,0.9227768603,0.896525184,0.8721626758,0.8505521713,0.8326497835,0.8191400471,0.8104863779,0.8062041649,0.8055785271,0.8077124443,0.8115433326,0.8158081663,0.8197298499,0.8227069863,0.8239914964,0.8241027056,0.8231942424,0.8222110206,0.8211433468,0.8215533147,0.8238695642,0.8276500618,0.835025024,0.8438404615,0.8545445049,0.8669834668,0.8794168247,0.8923973561,0.9049088116,0.9174531843,0.9290055894,0.9410890485,0.9538199099,0.9671715798,0.9832152646,1.000968225,1.021351165,1.043701775,1.068501837,1.09395601,1.119359688,1.144527871,1.166312398,1.185694537,1.200965089,1.21184842,1.217271667,1.218037923,1.214579451,1.206306099,1.195950888,1.182812368,1.169224171,1.159106368,1.10683239,1.037600268,0.9685687747,0.8988495898,0.8626270688,0.8445289661,0.8395397122,0.817447835,0.7715611473,0.7181249449,0.6713792811,0.629391377,0.5857158858,0.5515380199,0.5416230697,0.5588917321,0.5908422308,0.6217749419,0.6429784129,0.6642347654,0.6805044893,0.6893770374,0.6955812689,0.7007560504,0.7042538177,0.7057462845,0.7059996527,0.704718152,0.7038532151,0.7005340013,0.6963210977,0.6925894456,0.6864398763,0.6812265222,0.6755609003,0.6704176972,0.6645687047,0.6597136329,0.6550717315,0.651743213,0.6481044491,0.6464036305,0.6458825693,0.6458825804,0.6466107258,0.6486465571,0.6519077465,0.6560013934,0.6617010818,0.6677597103,0.6744606732,0.6809898116,0.6903533511,0.6996059668,0.7089804135,0.7186915082,0.7297322766,0.7403106699,0.7511469137,0.7630476377,0.7750633827,0.7867039584,0.7984644233,0.8102654265,0.8220131335,0.8334282043,0.8448757387,0.857437562,0.8663383928,0.8760841295,0.8855776048,0.893858744,0.9028009877,0.9091069736,0.9142049646,0.9198341365,0.9230153264,0.9261261517,0.9282772109,0.9283736111
6.7,1.127676671,1.158767226,1.189241644,1.217821793,1.242797215,1.265252512,1.282557521,1.294976624,1.304106447,1.305243057,1.303224689,1.296769395,1.28467536,1.271511235,1.254150689,1.235268224,1.215883859,1.194828321,1.174109601,1.152900384,1.131631885,1.109643083,1.087089716,1.063536789,1.038745811,1.012730194,0.9856655114,0.9581557054,0.9304135568,0.9039026819,0.878932049,0.8566935354,0.8378463888,0.8232852988,0.8128142159,0.8061342457,0.8033325205,0.8026409223,0.8040366388,0.8062516155,0.8082847324,0.8100951464,0.8109995365,0.8113413181,0.8114946118,0.8114425936,0.8122773291,0.8144665025,0.817884794,0.8241074581,0.8318856495,0.8415675923,0.8534200993,0.8657310654,0.8793843618,0.8933057585,0.9077632192,0.9220356003,0.9370018884,0.9528219642,0.9688524528,0.9874939763,1.006981242,1.028335173,1.051473494,1.075643541,1.10055339,1.125093471,1.149136514,1.170352562,1.189275997,1.204609178,1.215801265,1.222228854,1.22407046,1.221782255,1.214796409,1.20517818,1.19255961,1.178992785,1.168898493,1.106344657,1.02534682,0.9516693337,0.8815326414,0.8437836847,0.823502032,0.8200720427,0.8021558257,0.7598819403,0.7082671403,0.6632852089,0.624128104,0.58360313,0.5519324234,0.5435585677,0.5619753927,0.595026322,0.6276653857,0.6521032941,0.6792223224,0.6981059034,0.7089254673,0.7166657361,0.7233450694,0.7284874358,0.7311239148,0.7322783434,0.7318911737,0.7317393781,0.7287661977,0.7246417012,0.7207664189,0.7141330874,0.7082577646,0.7017746339,0.6956628867,0.688407834,0.6820055684,0.6756997924,0.6706874685,0.6654515464,0.6618513528,0.6592685582,0.6575742742,0.656478894,0.6567214688,0.6583624826,0.6607845986,0.6651488883,0.6696039119,0.6750644967,0.6806529128,0.6887830626,0.6970960318,0.7058795769,0.7147651819,0.7251918022,0.7353931442,0.7461259519,0.7578672033,0.7697716082,0.7816128593,0.7936287935,0.8059287595,0.8181782994,0.8304082651,0.8425716356,0.8558716604,0.8658499127,0.8766471989,0.8870633303,0.8964543732,0.9063386557,0.9135694578,0.9194237666,0.9257588111,0.9295873541,0.9330957868,0.9355170795,0.9356308888
6.8,1.07395868,1.105181906,1.136838286,1.167603774,1.195871757,1.222991652,1.246066685,1.265237955,1.28199503,1.29130362,1.297755032,1.299793551,1.295511212,1.289894031,1.278835547,1.265166105,1.250292701,1.231832716,1.213132787,1.193011855,1.172028783,1.150143437,1.12737759,1.103673197,1.078714599,1.052800447,1.025755635,0.9981720794,0.9699910707,0.9425454219,0.9158134852,0.8908695713,0.8686151898,0.8493823946,0.833839992,0.8216654835,0.8134400264,0.8076538369,0.8047366606,0.8036144024,0.8029159157,0.803588391,0.8038026184,0.8041700064,0.8048670032,0.8053309297,0.8066529594,0.8089153747,0.812291931,0.8175068677,0.824202122,0.8325400136,0.842830638,0.8539855182,0.8667371404,0.8803974927,0.8951149186,0.9105622543,0.9271807063,0.945169194,0.9636406492,0.9848362023,1.006662048,1.029905948,1.054810671,1.079626627,1.105051132,1.12966818,1.153225557,1.174271806,1.192818796,1.208086886,1.219393274,1.226499034,1.229214732,1.227996295,1.222439726,1.213881618,1.20235687,1.189515463,1.179968047,1.10949949,1.016941007,0.9372446702,0.8659248016,0.8264693665,0.8030553382,0.7996283904,0.7847663823,0.7456255547,0.6959450458,0.6533930253,0.6182687133,0.5823384388,0.5542060195,0.5476579727,0.5669302783,0.6001909902,0.6331021031,0.6592207003,0.6909811737,0.7122636767,0.7249032453,0.7341232447,0.7423334354,0.7491211844,0.7530464236,0.7552888781,0.7559848237,0.7567739818,0.7543651215,0.7505880514,0.7468914038,0.7400752439,0.7338275497,0.7268094227,0.7199677659,0.7116369096,0.7039676587,0.6962674936,0.6898307109,0.6832484612,0.6779983384,0.6735991434,0.6704843893,0.6678290504,0.6665231888,0.6667970648,0.667789921,0.6710813467,0.6741231353,0.6785214255,0.6834750831,0.690352769,0.6978171514,0.7060649926,0.7140766356,0.7237928875,0.7334787782,0.7439494136,0.755280536,0.7668160528,0.778582757,0.7905669925,0.8031670565,0.8155950914,0.8284319841,0.8411985071,0.8549517722,0.8660713883,0.8778164027,0.8891746681,0.8998333038,0.9105771483,0.9189013985,0.9257203615,0.9327464615,0.9373727893,0.9413878108,0.9441325594,0.9442798555
6.9,1.025058875,1.054492602,1.085486259,1.116406344,1.145603287,1.175209545,1.201675478,1.225359626,1.247602139,1.26328069,1.276678412,1.286009384,1.289111839,1.290752647,1.28655522,1.279195789,1.270045196,1.256352317,1.241739744,1.224939669,1.206691914,1.186836492,1.165757678,1.143484954,1.119442334,1.094650837,1.068248593,1.041071011,1.013177687,0.9852277562,0.9576137957,0.9310295983,0.9064296839,0.8839727173,0.8645946973,0.8480357472,0.8351150889,0.8245850586,0.8171728165,0.8121153829,0.8077308754,0.8060800977,0.8043018811,0.8033601223,0.8035910994,0.8035011722,0.8046904123,0.8065863494,0.809587425,0.8136430621,0.8190174912,0.8257259154,0.8337446881,0.8430849408,0.853815368,0.8659735733,0.8797383032,0.8950618888,0.9122966686,0.9315777841,0.9522164188,0.9757168686,1.000264124,1.026079025,1.053398098,1.079990857,1.106804931,1.132386573,1.156064277,1.177474694,1.195849108,1.211046444,1.222584169,1.230086331,1.233663252,1.233505457,1.229529088,1.22231246,1.212339895,1.200830455,1.1921092,1.115673284,1.011588109,0.9241907345,0.850573818,0.8090254767,0.7814765853,0.7766270397,0.7645225223,0.7292182887,0.6823293413,0.6428134912,0.6127025365,0.5828504584,0.5593338015,0.554704777,0.5741700582,0.6066025566,0.6383680332,0.664470406,0.6992013201,0.7224600568,0.7366449284,0.7471802152,0.7567978454,0.7651221188,0.7703651601,0.7737795121,0.7757127699,0.7775616731,0.7759373923,0.7727978256,0.7695733713,0.7629916568,0.756728238,0.7495490228,0.7423752412,0.7333775829,0.7248604685,0.7161461383,0.7086800846,0.7010107636,0.6944356192,0.6885582756,0.6841787557,0.6802843731,0.6776317055,0.6767027439,0.6765456015,0.6788548222,0.6806919437,0.6842041298,0.6886608225,0.6944077356,0.7011124921,0.7088786633,0.7160511022,0.7250407176,0.7341372387,0.7442233256,0.7550163115,0.765966039,0.7774464491,0.7891767632,0.8018442627,0.8142389316,0.8274457029,0.8406756504,0.8547208491,0.8669106028,0.8795248613,0.891865661,0.9038176087,0.9154270009,0.924946511,0.9328745592,0.940663865,0.9460774175,0.9507002481,0.9538121834,0.9538489912
7,0.9846913611,1.01115944,1.040312226,1.070016558,1.098233653,1.128653484,1.156348483,1.182316683,1.207928138,1.227640015,1.245927984,1.260576096,1.269593427,1.277124012,1.279089684,1.27788698,1.274379084,1.266533207,1.257075388,1.245045842,1.231438975,1.215248814,1.197672043,1.178431709,1.156654844,1.134062238,1.109088482,1.082838505,1.055772751,1.027527393,0.9994921377,0.9719428398,0.9454871478,0.9211345996,0.8990315391,0.8793630884,0.863183463,0.8489175757,0.8378997328,0.829310307,0.8214328699,0.8169664378,0.8125788868,0.8094884559,0.8081632612,0.8066751685,0.8068918278,0.8078521701,0.810016502,0.8128557102,0.8168633091,0.821929655,0.8277056005,0.8349328133,0.8431927677,0.8531024894,0.8649913807,0.8790057415,0.8956784791,0.9151276547,0.9369356667,0.9620435899,0.9888801274,1.017146424,1.046966898,1.075716933,1.104362816,1.13139606,1.155698953,1.177815996,1.19628544,1.211560001,1.223340672,1.2312207,1.235587315,1.236428516,1.234110097,1.22831494,1.220162095,1.21035462,1.202708569,1.122479083,1.008072366,0.9119527648,0.8348834484,0.7909982505,0.7588924198,0.7518866903,0.7428220848,0.712591527,0.6696970527,0.6337108145,0.6090019867,0.5858050612,0.5673145768,0.5644578701,0.5832379331,0.613482979,0.6424931063,0.6669418408,0.7031158648,0.7278184107,0.743253532,0.7549205113,0.7656985655,0.7754533559,0.7819359043,0.7864952719,0.7898125714,0.7926905539,0.7920271658,0.7897948847,0.7872587113,0.7814195578,0.7755149691,0.7686192359,0.7617070862,0.752526166,0.7437683184,0.7346220692,0.726697343,0.7183370705,0.7109175148,0.7040623679,0.6985648533,0.6938230554,0.6900046146,0.687951253,0.6869036012,0.6880920056,0.6888712522,0.691565123,0.6954257926,0.700189924,0.706142995,0.7134543682,0.719840052,0.7282065553,0.7367353189,0.7463832422,0.7567709179,0.7669781323,0.7781548681,0.7896004024,0.8020564988,0.8144433592,0.8277812789,0.8412973864,0.8555846298,0.8685809274,0.8819448445,0.8951894445,0.9082610542,0.9206748757,0.9313078668,0.9403220937,0.948829845,0.9549133662,0.9601094617,0.9635288714,0.9633057643
7.1,0.9524262523,0.9759410192,1.002860986,1.030727751,1.057121456,1.087188316,1.114745006,1.141410335,1.168742569,1.190583514,1.211904246,1.229983927,1.243097605,1.254839421,1.261497059,1.265281151,1.266395017,1.263985565,1.259468675,1.252356927,1.243940211,1.232119673,1.21901164,1.203819063,1.185447785,1.165999717,1.143407505,1.118923263,1.093336503,1.06544737,1.037548049,1.009678033,0.9819735254,0.9566784482,0.9328260029,0.911200215,0.8931130628,0.8763749559,0.8630258232,0.8518871938,0.8414949489,0.8344511309,0.8276266059,0.8222731818,0.8187184657,0.8154943991,0.8140787418,0.8136504854,0.8146254706,0.8162420112,0.8189865533,0.8225748746,0.8265787762,0.8316711943,0.8374827784,0.8447903252,0.8540651803,0.8656948706,0.8804471628,0.8986063937,0.9199670887,0.9453706072,0.9732761911,1.003126919,1.034839681,1.065580739,1.096088871,1.124726984,1.150254805,1.173257158,1.192288876,1.208013444,1.220025454,1.228529377,1.233567722,1.235299826,1.234557817,1.230083344,1.223770761,1.215782111,1.209347615,1.127577652,1.005386666,0.9012309227,0.8205874903,0.7747194324,0.7381682147,0.7286389806,0.7224094676,0.6975626264,0.6592519103,0.6270792176,0.607792099,0.5909075642,0.5769890047,0.5756339677,0.5931801753,0.6199518631,0.6444936541,0.6658329068,0.7023715529,0.7279999631,0.7444439932,0.7571125188,0.7688631638,0.7799619076,0.7876060789,0.7932842927,0.7980223652,0.8019086691,0.8022775662,0.8011016173,0.7994523073,0.7946957971,0.7894742347,0.7832616467,0.7771955546,0.7683197774,0.7599718789,0.7511028755,0.7433595904,0.7348815803,0.7272473114,0.7200539805,0.7137887689,0.7085997626,0.7038987422,0.7008482856,0.6990669413,0.6989431283,0.6987008423,0.7004848143,0.7034316904,0.7072368608,0.7122771573,0.7190126998,0.7245982734,0.7323984751,0.7404008389,0.7495923123,0.7597938017,0.7692407739,0.7802494156,0.7915345272,0.8036035563,0.8161224185,0.8294350429,0.8430949942,0.8575198805,0.8710456667,0.8849270339,0.8987926688,0.9127436141,0.925651367,0.9371540577,0.9470792346,0.9559802113,0.9626841816,0.9682447282,0.9718035898,0.97137284
7.2,0.9248650091,0.9464230495,0.9715010339,0.9976387388,1.022401196,1.051465105,1.078355892,1.104962474,1.132846213,1.155861428,1.178915322,1.199093367,1.214961076,1.229426301,1.239320358,1.246602483,1.250973336,1.252639125,1.251936721,1.248836379,1.244832766,1.237110994,1.228378159,1.217425196,1.203058786,1.187383297,1.168101007,1.146427019,1.123214142,1.096846672,1.070008298,1.042678767,1.014749963,0.9891720673,0.9644442917,0.9417664005,0.9225524273,0.9044499521,0.889737782,0.8769954527,0.8651649815,0.8561527003,0.8475171765,0.8402872318,0.8344731109,0.8295568709,0.8262308763,0.8241612015,0.8236713062,0.8239863999,0.8254651614,0.8276359528,0.8302447724,0.8332305216,0.8367411381,0.8413322473,0.8474679471,0.8559688068,0.8676359862,0.8831365934,0.9025204851,0.92673748,0.954349127,0.9847355283,1.017462873,1.049925929,1.082195191,1.112548954,1.13995607,1.164110352,1.184328158,1.201001917,1.213480847,1.222873033,1.228561514,1.231138186,1.231675581,1.228447701,1.22376533,1.217484209,1.212307837,1.130715579,1.003432266,0.8933228798,0.8105311543,0.7637303277,0.7230053164,0.7101544389,0.7056147981,0.6853821723,0.6513015939,0.6226655352,0.6084051395,0.5973452748,0.5873782617,0.5872907156,0.6035547501,0.626287582,0.6450637923,0.6618765657,0.6975219965,0.7235551032,0.7406963053,0.7541811033,0.7669131841,0.7791584332,0.7879899969,0.7948790134,0.800882111,0.8059893296,0.8074066468,0.807334757,0.8068592962,0.8032059615,0.7989267389,0.7936664121,0.7887462744,0.780569589,0.7730671811,0.7650476386,0.7579199228,0.749925958,0.7426241608,0.7356425422,0.7292002457,0.7238094883,0.7186507306,0.7148687881,0.7123963131,0.7110006582,0.7097219727,0.7104782725,0.7121708352,0.7149566459,0.7188549416,0.7247385946,0.7295343699,0.7366009368,0.7441042103,0.7528569922,0.7628928975,0.7717716291,0.7827300324,0.7939952652,0.8057005151,0.8184282328,0.8316689052,0.8453731593,0.8597582708,0.8735958313,0.8876974162,0.9018261431,0.9163047033,0.9293607805,0.9413799148,0.9519185732,0.9608970656,0.9681341254,0.9738385356,0.9774058652,0.9769083369
7.3,0.8982493974,0.9191022514,0.943302427,0.96841475,0.9922814632,1.02032697,1.04658384,1.072980357,1.100726443,1.124641226,1.148695012,1.170215781,1.188190016,1.204359857,1.216543599,1.226183594,1.232640089,1.237011217,1.238800657,1.238427731,1.23754063,1.232999964,1.227876277,1.220740445,1.210304308,1.19869309,1.18332031,1.165326705,1.145444547,1.121785557,1.097089867,1.071238802,1.044218925,1.018816946,0.9938542351,0.9706516186,0.9504238397,0.9315474325,0.9157596696,0.901838915,0.8891824202,0.8786782689,0.8688367799,0.8602362347,0.8526310203,0.8463085796,0.8412745713,0.837681791,0.8356769172,0.8347881645,0.8350326494,0.8358626937,0.8373786619,0.8383740357,0.8398464869,0.8418981465,0.844687453,0.8499096264,0.8578518802,0.8697847031,0.8863299959,0.9080412913,0.9343162167,0.9643590982,0.9971414072,1.031099383,1.064863543,1.096929361,1.126607909,1.152124009,1.17398748,1.191949455,1.205281798,1.215643923,1.222070863,1.225530871,1.226990245,1.225045073,1.221714802,1.216940907,1.213004348,1.132825175,1.002777378,0.8890660644,0.805995061,0.7595211836,0.715092335,0.6979189885,0.6935709491,0.6769048171,0.6461328799,0.6199333207,0.609846597,0.6042707345,0.5978658342,0.599113656,0.614540716,0.6335025308,0.6460139084,0.6568951711,0.6897312931,0.7154188933,0.7327687103,0.7467441769,0.760375487,0.7735390776,0.7835786477,0.7917797309,0.7989353786,0.8055165503,0.8080957564,0.8092243152,0.8101825375,0.8075951612,0.8044565348,0.8003095344,0.7965463419,0.7893315744,0.7828193248,0.7758869891,0.7695507245,0.7624016428,0.755731425,0.7492611154,0.7431647206,0.7377341519,0.7325233531,0.7283477869,0.7252783676,0.7228981682,0.7206542064,0.7204273007,0.7207417588,0.7225180237,0.7251456322,0.729963077,0.7340299586,0.7401114902,0.7471189396,0.7554525024,0.7651885111,0.7737029485,0.7846391606,0.7959645302,0.8073389571,0.8203126872,0.833463529,0.8470755608,0.861370527,0.8752224772,0.8893331163,0.9034616084,0.9179894876,0.9310807699,0.9432512441,0.9540828243,0.9630719141,0.9706368184,0.9764042165,0.9799735907,0.9794707585
7.4,0.8695714174,0.8907574984,0.9151076115,0.9401644713,0.964173711,0.9917153495,1.01783482,1.04432534,1.071797345,1.096712806,1.121511835,1.144084825,1.163982023,1.181360257,1.195410897,1.206825221,1.214637788,1.220857031,1.224141263,1.225403157,1.226525341,1.224072141,1.22161792,1.217589306,1.210497691,1.202891494,1.191526128,1.177593,1.161708194,1.141477593,1.119756782,1.096127129,1.070791598,1.045944469,1.021083562,0.997515363,0.9761162488,0.9564358647,0.9393513526,0.9241485956,0.9106185609,0.8987594402,0.8879432695,0.8782737369,0.8693967321,0.8620268083,0.8557751552,0.8510904757,0.8479488461,0.8462654212,0.8456774617,0.8456196056,0.8465304551,0.8461074455,0.846133123,0.8462536708,0.8460628499,0.8484344613,0.8526670236,0.8607448571,0.8741778847,0.8924584271,0.9166435267,0.945528757,0.9773960907,1.012293929,1.04691901,1.080266325,1.111916609,1.138593889,1.161987378,1.18113119,1.195389623,1.206592741,1.213771206,1.218112764,1.220349509,1.219710102,1.217618633,1.21424768,1.211494904,1.133983174,1.003367917,0.8880131693,0.8056528909,0.7604199059,0.7135123171,0.6911192452,0.6856771682,0.6724905755,0.643676219,0.6175953432,0.6115807455,0.611625992,0.6079171306,0.6110056529,0.6267936668,0.6425315129,0.6487510559,0.6525705036,0.680250206,0.7045456447,0.7214297156,0.735393958,0.7495564712,0.7634246608,0.7745198068,0.7839310942,0.7922378285,0.8003372803,0.804294592,0.8068073115,0.8092822507,0.8078750193,0.8060103374,0.8031934564,0.8004456003,0.794470254,0.7888866883,0.7830645215,0.7776498145,0.7714229538,0.7655071519,0.7596784265,0.7541431679,0.7489247398,0.7439596262,0.739707804,0.7362546736,0.7332404947,0.7302807825,0.7292500832,0.7284550571,0.7292348163,0.7306720707,0.7343845818,0.7377815867,0.7428053047,0.749280169,0.7571563573,0.7664407362,0.774674518,0.7855535611,0.7969264395,0.8079387251,0.8210995821,0.8341116725,0.8475128345,0.8616868756,0.875305748,0.8892735992,0.9032103845,0.9174581821,0.9305152118,0.9425984202,0.9535178918,0.9624882656,0.9702456439,0.9760474771,0.9796448767,0.9792160012
7.5,0.8374170438,0.8590490225,0.8840017211,0.9097115258,0.9347033993,0.9625709056,0.9893200601,1.01651929,1.044279564,1.070491707,1.09631635,1.12016102,1.14204148,1.160799277,1.17673128,1.189876524,1.198953926,1.206724677,1.211105411,1.213435598,1.215878237,1.214699984,1.214076962,1.212346042,1.207812641,1.203662689,1.195866426,1.185721658,1.173821206,1.157031401,1.138484112,1.117341177,1.093826985,1.06980737,1.045105547,1.021108033,0.9985433161,0.9776983575,0.9590785365,0.9423739614,0.9275818549,0.9143914952,0.9025320512,0.8918561063,0.8820896889,0.8738948593,0.8669389405,0.8617157895,0.8580160342,0.8562812229,0.8556324244,0.855581593,0.8567731859,0.8560180558,0.8556324582,0.8548290098,0.8526692552,0.8528962293,0.8539415116,0.8583862367,0.8685055513,0.8829199847,0.9042662258,0.9310187832,0.9611198677,0.9957606643,1.030282566,1.064054968,1.09655571,1.123877387,1.148051533,1.167768049,1.182720769,1.194285642,1.202097975,1.207246266,1.210190121,1.210962254,1.21016544,1.208245109,1.206713561,1.133257792,1.004052125,0.8885740186,0.8077496608,0.7638034256,0.7143774887,0.6886733439,0.6821067867,0.6688490975,0.6416712566,0.618357977,0.6132320998,0.6163094438,0.6184082496,0.6243246543,0.6398733029,0.6535384642,0.6539837627,0.6496898167,0.6696594077,0.6916199122,0.7074426133,0.7207807861,0.7347660462,0.7488453762,0.7606760505,0.7710566875,0.7805789734,0.7898840338,0.7952617823,0.7993178022,0.8032746508,0.8034538355,0.8028895252,0.8016284456,0.7997603028,0.7954377132,0.790810014,0.7862345492,0.7817517032,0.7764697833,0.7714035306,0.7664239952,0.7616134776,0.7567907893,0.7522170467,0.7481096185,0.7446875639,0.741435794,0.7381141717,0.7363305788,0.7348633428,0.7347405246,0.7354118583,0.7381105429,0.7408030398,0.7446890677,0.7506504468,0.7581423335,0.7669713892,0.7747976292,0.7853678592,0.7966363341,0.8073472281,0.8206480817,0.8333722515,0.8463515491,0.8601272448,0.8734661356,0.8872132661,0.9008315006,0.9145502767,0.927350908,0.939217757,0.950166203,0.959111513,0.9669892811,0.9727560812,0.9763651163,0.9761522731
7.6,0.803130902,0.8239545279,0.8487759689,0.8749079807,0.9010277651,0.9296597362,0.9576124353,0.9861128754,1.014925496,1.042917137,1.070391368,1.096131133,1.120381856,1.141242505,1.159548062,1.174918069,1.185842199,1.195435755,1.201178081,1.20464107,1.208199255,1.207964363,1.208587595,1.208417871,1.205677264,1.204077923,1.199036156,1.191914749,1.183302042,1.169420351,1.153607562,1.134663799,1.112655781,1.089416136,1.06474081,1.040167792,1.016533623,0.9942493067,0.974051537,0.955793173,0.9394874065,0.9250553102,0.91206983,0.9003898727,0.8899005192,0.8809631486,0.8735843538,0.868178369,0.8644206493,0.8632983331,0.8634234604,0.8644215842,0.8669532,0.867240833,0.867742923,0.8672501514,0.8645242036,0.8633888727,0.8620199541,0.8633026053,0.8698099823,0.8802328218,0.8979359612,0.9215206654,0.9491380731,0.9821425228,1.015630169,1.048941721,1.08112967,1.108559384,1.132715539,1.15235676,1.167625214,1.179017435,1.187210633,1.192981077,1.196523167,1.198761934,1.19934841,1.198987968,1.198780312,1.130456691,1.003723578,0.8887932987,0.8098254575,0.7677059999,0.716715858,0.6878229731,0.6796214066,0.6663389964,0.6398119234,0.6172855375,0.6147761813,0.6220315566,0.6280529175,0.6372566781,0.6542594904,0.6659807454,0.6606649093,0.6480895042,0.6587046606,0.6774913326,0.6914845061,0.7034989991,0.7167185064,0.7304325037,0.7425039302,0.7534019793,0.7638686372,0.7740857942,0.7808266159,0.7864773537,0.7918071485,0.7938828901,0.7947539149,0.7952458296,0.7945058644,0.7920411898,0.7885963738,0.7854725894,0.7820543115,0.7779145763,0.7737938353,0.7697883667,0.765801066,0.7616338779,0.7576442236,0.7538755672,0.7507319136,0.7474573132,0.744140838,0.7418877956,0.7402561253,0.7392575475,0.7393815018,0.7412017064,0.7433690889,0.7462993137,0.7516815204,0.7586390938,0.7667958548,0.7742316714,0.7844192419,0.7954265137,0.8056094103,0.818696647,0.8310021629,0.8434764,0.8567696158,0.8695380426,0.8828096483,0.8958827051,0.9090622594,0.9215382289,0.9330856673,0.9438781836,0.9526578253,0.9607363422,0.9665664165,0.9702784756,0.9702591382
7.7,0.7715001591,0.7887798943,0.8113299333,0.8363513925,0.8626518828,0.8915340709,0.9205310339,0.9504001235,0.9805218738,1.010632584,1.040227897,1.068444993,1.095692969,1.11948969,1.141037389,1.159578013,1.173325376,1.185629844,1.193502399,1.198655859,1.203629647,1.204303389,1.205843609,1.206625412,1.204911844,1.204895352,1.201657063,1.196647662,1.19045325,1.178844131,1.165230668,1.148120719,1.127338155,1.104786985,1.080063419,1.054855165,1.030241227,1.006422399,0.9846912966,0.9649280528,0.947076521,0.9315294334,0.917443685,0.904809632,0.893614327,0.8839137729,0.8760686576,0.870414036,0.8666980146,0.866254854,0.8675101,0.870164549,0.8746752598,0.8771745824,0.8796957548,0.8807018687,0.8789305205,0.8773598894,0.8746246323,0.8735255809,0.8764568068,0.8831236933,0.896714072,0.9164764381,0.9411786347,0.9716733227,1.003666291,1.036110535,1.067598585,1.095001678,1.118949179,1.138397335,1.153716429,1.16479741,1.173076495,1.179145234,1.183153344,1.186529681,1.188407729,1.189534097,1.190558034,1.127494954,1.002817829,0.8877602357,0.8106066365,0.7711330298,0.7193208878,0.6869484562,0.6769417766,0.6638741219,0.6376222032,0.6154931953,0.6160129594,0.6273487714,0.6367451745,0.6491214765,0.6679678435,0.6783146701,0.6677990001,0.6472620104,0.6478466424,0.6630186194,0.6745529423,0.6846600154,0.6966133036,0.7093365431,0.7211137054,0.7320611109,0.7429973792,0.7538579405,0.761798838,0.7689680496,0.7756030805,0.7797054702,0.7822432903,0.784564575,0.7854290646,0.7848716005,0.7830194018,0.7814874653,0.7793656261,0.7765336219,0.7735193421,0.7705925568,0.7675025839,0.7641806876,0.7608349291,0.7575646727,0.7548810128,0.751812257,0.7486750573,0.7462590791,0.7446853941,0.7430603023,0.7427749783,0.7439345793,0.7456019124,0.7476948575,0.7524140571,0.7587508225,0.766058743,0.7729527067,0.7825525833,0.7930303487,0.8025276814,0.8150646017,0.8267792024,0.8384930429,0.8511649438,0.8631223196,0.8758107016,0.8881545848,0.9007089514,0.9127047958,0.9239056414,0.9344998373,0.9431262602,0.9513651127,0.9572692944,0.9611728727,0.9613851608
7.8,0.7498860889,0.7599291143,0.7768944224,0.798049537,0.8224276753,0.8499692114,0.8789103275,0.9093997744,0.9402621093,0.9722248916,1.00378582,1.034493641,1.065064871,1.092191899,1.117706465,1.14033581,1.157840477,1.174014479,1.18499919,1.192695426,1.199710533,1.201520531,1.203876648,1.205139107,1.203822961,1.204449713,1.202149855,1.198470855,1.193969586,1.184325839,1.172736793,1.157533227,1.138243335,1.116724084,1.092336199,1.066823418,1.041497898,1.016267407,0.9930643847,0.9717863929,0.9523523165,0.93568169,0.9204971564,0.9069367051,0.8950013907,0.8844616918,0.8759308268,0.8696701213,0.8656446212,0.8653261757,0.8673184911,0.8714188294,0.8777286965,0.8828617417,0.8879216131,0.8911915886,0.8916757395,0.8906598048,0.8878962982,0.8856691581,0.8857550757,0.8896093,0.8993983498,0.9154604388,0.9374650007,0.9653329635,0.9960411524,1.027909512,1.059060528,1.08700569,1.11126075,1.131009454,1.146683071,1.157637116,1.165927598,1.172022466,1.176184341,1.180142902,1.1828485,1.185013347,1.186923149,1.127612696,1.003058925,0.8858249497,0.8094724057,0.773156247,0.721218763,0.6855041098,0.6738972026,0.6616040067,0.6357919139,0.6135942871,0.6166032679,0.6315544827,0.6436236215,0.6584899544,0.6792569327,0.6890318743,0.6742984534,0.6467852571,0.6378511364,0.649288437,0.6580827649,0.6659433866,0.676242763,0.6875575868,0.6985831607,0.7091655221,0.7201571579,0.731338729,0.740249699,0.748774913,0.7565766508,0.7627334277,0.7670452087,0.7711705915,0.7739706358,0.775309112,0.7753614335,0.7755036138,0.774806233,0.7733697971,0.7715515836,0.7697371849,0.7675650795,0.7651583683,0.7624206818,0.7597139118,0.7575503964,0.7548335878,0.7519503317,0.7495808688,0.7481800981,0.7461241447,0.7455007466,0.7461562448,0.7473287529,0.7486638194,0.7526137665,0.7582112111,0.7644496575,0.7707009669,0.779499485,0.7891854975,0.797866455,0.8095268979,0.8205045539,0.8312842178,0.843257388,0.8542092825,0.8662132056,0.8777341228,0.8895825274,0.9010435648,0.9118619095,0.9222343313,0.9307133362,0.9390867954,0.9450938949,0.9492573763,0.949760084
7.9,0.7462225115,0.7455530337,0.7530465625,0.7666546148,0.7860219293,0.8094968777,0.8363379555,0.8658466452,0.8960130001,0.9288803475,0.9614835529,0.9939281647,1.027496043,1.057547168,1.087114682,1.114160392,1.135877343,1.15675557,1.171662026,1.182775171,1.192461248,1.195967143,1.199276395,1.200791362,1.1996743,1.20009027,1.198129684,1.195261976,1.191799208,1.184274617,1.174853774,1.162018485,1.145214077,1.125450257,1.102436005,1.077565852,1.052063734,1.02607578,1.001579013,0.9787818081,0.9577808643,0.9397025719,0.9233022392,0.9087153892,0.8958753844,0.8844341652,0.8749681851,0.8677062868,0.8628982402,0.8618872254,0.8638025635,0.8685580516,0.875885983,0.8833415,0.8908505837,0.8966898623,0.9002788348,0.9008599166,0.8995431885,0.8977924279,0.8965712208,0.8991507931,0.9063296729,0.9196562842,0.9396665793,0.9654570535,0.9953876633,1.027198625,1.058637241,1.087758816,1.11299922,1.133665827,1.150183995,1.161335137,1.169719241,1.175667513,1.179627928,1.183541865,1.186392805,1.188891763,1.191109707,1.132591933,1.005246045,0.8830891632,0.805506535,0.772282565,0.7213070568,0.6831100818,0.6703938786,0.6596679273,0.6347538749,0.6118018016,0.6159896394,0.6337817427,0.6478882013,0.6645139954,0.687285812,0.6974160241,0.6797096494,0.6467022275,0.6296402268,0.6374671944,0.6435721994,0.6491013521,0.6574576535,0.6672281098,0.6771352578,0.6869956249,0.697724006,0.7088857158,0.7184462012,0.7280497934,0.7367946128,0.7448577983,0.7508223237,0.7566124613,0.7614520864,0.7645494548,0.7665882618,0.7684391736,0.7690889312,0.7690929643,0.7684432465,0.7677065625,0.766442924,0.7648897601,0.7626804546,0.7605127066,0.7588788256,0.7565526721,0.7539532879,0.7517336568,0.7505663001,0.7482149838,0.7473036579,0.7475790848,0.7482755787,0.7489049973,0.7520248416,0.7568193069,0.7617890504,0.7673834807,0.7752318885,0.7839348298,0.7917691532,0.8022764683,0.8124664969,0.8222063271,0.8334573336,0.8432668223,0.8545265293,0.8651372607,0.8762195348,0.8870818584,0.8974675849,0.9075918011,0.915866719,0.9243772741,0.9304573532,0.9349073838,0.9358228183
8,0.765430238,0.7523613313,0.7474810538,0.7500252134,0.7606284612,0.776624235,0.7983315309,0.8243029865,0.851726979,0.8837051769,0.9158654231,0.9487273479,0.9842271516,1.016220288,1.049167528,1.080195548,1.105934927,1.131657679,1.150829567,1.16592212,1.178777999,1.184662152,1.189344582,1.191354257,1.190635713,1.19056598,1.188724445,1.186403377,1.183697634,1.178403273,1.171418558,1.161479386,1.148084439,1.131024366,1.11056761,1.087516611,1.062768979,1.036925735,1.011640691,0.9876202382,0.9651209238,0.9455305791,0.9277416895,0.9119353672,0.8980933365,0.8855884058,0.8750532644,0.866539216,0.860575935,0.8582536933,0.859351716,0.8639385206,0.8714852062,0.8806744076,0.8903296408,0.89884923,0.9059770902,0.9091919314,0.910639188,0.9109199264,0.9102240289,0.9131106323,0.9191929941,0.9310283512,0.9497386258,0.9741073827,1.003485075,1.035306678,1.067282338,1.09744698,1.123787241,1.145453789,1.16270458,1.174120664,1.182395905,1.187877726,1.19125713,1.194456361,1.196784161,1.198928099,1.200862502,1.140170485,1.007504603,0.8783791213,0.7975817029,0.7670076366,0.7183406012,0.6791392574,0.66602654,0.6576978498,0.634436766,0.6102378374,0.6140417604,0.6337321673,0.6494158044,0.667405195,0.692467636,0.7039036872,0.6845667505,0.647607542,0.6239816548,0.6285538608,0.6321307187,0.6354453369,0.6416429612,0.6499076483,0.6583985909,0.6672454287,0.6774111585,0.6882410328,0.6980271812,0.7082665188,0.7177163928,0.727256424,0.7345823366,0.7417567425,0.7485510562,0.7531251363,0.7570444312,0.7605776437,0.7624025166,0.7638652649,0.7643076041,0.7646099737,0.7642374714,0.7634538205,0.7617131935,0.7600262206,0.7589860572,0.7569956481,0.7547223757,0.7527297887,0.7518473818,0.7493271443,0.7482008908,0.748261755,0.7485295561,0.7485195261,0.7508333932,0.7548720471,0.7584645794,0.7634058836,0.7702691658,0.7778822513,0.7849195942,0.7940531037,0.803500143,0.8121427634,0.8226071394,0.8312162448,0.8416849849,0.8512646132,0.8615024103,0.8716473682,0.8815126083,0.8913235381,0.8992726708,0.9078856155,0.9139847267,0.9187202775,0.920136264
8.1,0.8052015297,0.781230045,0.7638127244,0.7536686158,0.7527007975,0.7579822027,0.7711662718,0.7903950794,0.8125221792,0.8410866861,0.8708680046,0.9024692316,0.9382049413,0.9709256776,1.006020319,1.040035508,1.069190692,1.09926251,1.122653242,1.141973893,1.158401386,1.167431439,1.174226156,1.177487545,1.177803796,1.177672913,1.176165147,1.174385548,1.17245464,1.169211145,1.164703621,1.157834556,1.148142466,1.134427981,1.117269774,1.096926495,1.073823126,1.048998389,1.023614267,0.9988796171,0.9751598782,0.9541322705,0.9348716847,0.9176793292,0.9027161218,0.8889580492,0.8772454616,0.8673286502,0.8600340232,0.8560778566,0.8559583338,0.8598675829,0.8671956313,0.8776780445,0.8893188492,0.9006986334,0.9115381773,0.9183544149,0.923514235,0.9269899463,0.9283507563,0.9326662731,0.9388434116,0.9500632615,0.967812422,0.9909224782,1.019396788,1.050586473,1.0825368,1.112699408,1.139331899,1.161176339,1.178188253,1.18920896,1.196569591,1.200866996,1.202924952,1.204740473,1.205876619,1.207086016,1.208372086,1.144038435,1.00563628,0.8697672021,0.7851783855,0.7567778981,0.7116399036,0.6730933065,0.6604107192,0.6553022075,0.634718739,0.6092789895,0.611404047,0.6319961151,0.6488846984,0.6681872817,0.6959857535,0.70966149,0.6900033023,0.6503168688,0.6212869645,0.6230818066,0.6242020592,0.6255074985,0.629421737,0.6362107489,0.6430477235,0.6506599065,0.6598827536,0.6700585137,0.679620015,0.6899012653,0.6997776413,0.7100730125,0.7184394676,0.7265667747,0.7350500677,0.740783892,0.7464240454,0.7515132299,0.7544256642,0.7573889833,0.7589089315,0.76025739,0.7608269237,0.7608109781,0.7595695569,0.7583550922,0.7580358815,0.7563348206,0.754493966,0.7528293358,0.7523336891,0.7498065345,0.7486449858,0.7486783931,0.748632268,0.7481356453,0.749748329,0.7531030002,0.7553680681,0.7596173648,0.7654893193,0.7719577649,0.7782128291,0.7858378793,0.7945061059,0.8020867536,0.811560554,0.819020643,0.8285376473,0.8370371429,0.8462265261,0.8555566949,0.8647275494,0.8741235411,0.881600296,0.8901654045,0.8962684692,0.9012436751,0.9031825469
8.2,0.8560210885,0.8252094566,0.7982762353,0.7769282694,0.7643566942,0.7575084152,0.7599357234,0.7697417997,0.7839488314,0.8064967656,0.8316403694,0.8600126543,0.8939060444,0.9258531676,0.9614856257,0.9971255997,1.028733518,1.06229576,1.089567443,1.113119435,1.133543896,1.146481689,1.156407389,1.162043856,1.164426125,1.165153276,1.164561733,1.163569215,1.162472979,1.160909423,1.158523338,1.15438859,1.14797894,1.137662678,1.123883597,1.106574055,1.085639813,1.06240218,1.037500167,1.01248871,0.987973038,0.9655083762,0.9447435065,0.9260000844,0.9095612153,0.89435958,0.8811911454,0.8696328802,0.8608330418,0.8549586416,0.8533628485,0.8562473501,0.8631211034,0.8745514152,0.8880752261,0.9024605427,0.9169464472,0.9280809914,0.9374407375,0.9447524676,0.9491930089,0.9555056801,0.9625402944,0.9736339535,0.9905557449,1.012296653,1.039349663,1.069086333,1.100081394,1.128963628,1.154648058,1.175363734,1.190754012,1.200120354,1.20529818,1.207298412,1.206869147,1.206532142,1.205714058,1.205463684,1.205865703,1.138399871,0.9963890211,0.8564591964,0.7691487876,0.7425180254,0.7016703049,0.6651806055,0.6536027818,0.6523552941,0.6356536937,0.609646693,0.6093580778,0.6297838192,0.6474041526,0.6680599915,0.698986177,0.7156172063,0.6966549377,0.6550811789,0.6214034328,0.6207036116,0.6194856298,0.6188307637,0.6206200258,0.6257430345,0.6308497665,0.6370464495,0.6449143629,0.6541101871,0.6630192009,0.6727933224,0.6826415766,0.6929798051,0.7019599155,0.7106521039,0.7202939009,0.7270454316,0.7341705398,0.7406977168,0.7447126163,0.7492696654,0.7519636715,0.7544726943,0.7561504116,0.7569936478,0.7564253452,0.755774205,0.7563249759,0.7549845121,0.7537711504,0.7525575106,0.7526012785,0.7503154603,0.7494211685,0.7496195492,0.7494336911,0.7487519512,0.7498027613,0.7524935974,0.7536371298,0.7571185495,0.7619265621,0.7671748436,0.7725776356,0.7786014407,0.7862885966,0.7928817304,0.8010954348,0.8074860824,0.8157662273,0.8232410834,0.8310829208,0.8395556929,0.8477864662,0.8566403992,0.8634916729,0.8717844099,0.8778768049,0.8829616868,0.8854845648
8.3,0.9071418221,0.8740699622,0.8421782302,0.8133928362,0.7918035166,0.7741612192,0.7659042021,0.765435515,0.770108276,0.7848629492,0.8033425962,0.8264977561,0.8565178594,0.8857704565,0.9200544752,0.9556198298,0.9881635204,1.024097268,1.054484518,1.081899594,1.106623239,1.123944709,1.137997226,1.147106456,1.152689273,1.155243137,1.156262391,1.156436287,1.156013927,1.155822153,1.154896101,1.152847904,1.149057616,1.141772743,1.131158279,1.116892817,1.098463361,1.077145292,1.053194133,1.028244598,1.003276553,0.9793078607,0.9569296361,0.9363759165,0.9179665163,0.9010164856,0.8859771851,0.8724275953,0.8617676198,0.8535828598,0.8500749762,0.8514300619,0.8573148275,0.8691221041,0.8840446579,0.9011131387,0.9189209181,0.9344969386,0.9481424596,0.9595183109,0.9676350405,0.9763069635,0.9848330345,0.996326157,1.012796418,1.033386719,1.058999371,1.087063895,1.116625657,1.143638222,1.167594706,1.186291171,1.199086058,1.205708087,1.207592236,1.206213976,1.202192539,1.198853769,1.195327721,1.193114872,1.1923875,1.123325165,0.9807688194,0.8401164524,0.7516411984,0.7262610356,0.6897918996,0.6562456941,0.6461890764,0.6491777267,0.6375020963,0.6120234142,0.6091141388,0.6283030509,0.6458865423,0.6676252926,0.7017814737,0.7216658313,0.7039130037,0.6610303578,0.6233966538,0.6204879037,0.6170894217,0.6144818222,0.614521135,0.6176938162,0.621154187,0.625829608,0.6320933302,0.6400342595,0.6479619838,0.656862109,0.6661393595,0.6760470672,0.6851113003,0.6940671133,0.7042525571,0.7119568756,0.7202635686,0.728138493,0.7333566064,0.7395023408,0.7435699027,0.7474670002,0.7504898991,0.7523150894,0.7527085103,0.7528314606,0.7543542286,0.7536198795,0.7532590833,0.7526476573,0.7533596927,0.7516630746,0.751362059,0.7519380251,0.7518413665,0.7513114776,0.7519613207,0.7540185989,0.7542798022,0.7569083473,0.7605607599,0.764461932,0.7688727395,0.7731516814,0.7796561454,0.7851832088,0.7919998246,0.797236804,0.8040919455,0.81049202,0.8168026553,0.8243221137,0.8314043592,0.8395211416,0.8455838671,0.8534071419,0.8593773753,0.864427158,0.867600037
8.4,0.9517181246,0.9201834437,0.8875348067,0.8555400282,0.8285823507,0.8032998508,0.7863639513,0.7766746929,0.771895258,0.7782938209,0.788973031,0.8054426794,0.8299749262,0.8546075239,0.8855990744,0.9191450015,0.9506872607,0.9874795094,1.019703299,1.050083061,1.078951561,1.100595113,1.119374112,1.132762331,1.142340572,1.147622601,1.150828329,1.152529336,1.152619318,1.153523376,1.153390998,1.152739212,1.150991184,1.146273708,1.138652669,1.127457352,1.111897239,1.092865403,1.070383778,1.045886993,1.020763066,0.9952836655,0.971152575,0.9485126621,0.9275996355,0.9085831789,0.8912328689,0.8753149829,0.8624711873,0.8514835654,0.8454983387,0.8446244232,0.8484965539,0.8597660097,0.8750002016,0.8937734829,0.9142078084,0.9336546919,0.9513322758,0.9667089103,0.9788745275,0.9902710048,1.001018294,1.013718023,1.030445512,1.050697619,1.075475664,1.102401622,1.130833164,1.156270107,1.17858036,1.19524748,1.205339394,1.208937722,1.207145934,1.201885667,1.193745932,1.186787371,1.180031863,1.175434637,1.173366023,1.103964859,0.9629312283,0.8237567682,0.7351193143,0.710274459,0.6776685498,0.6474225737,0.6389678021,0.6461444522,0.6403018016,0.6165318416,0.6112159366,0.6283349329,0.6448849291,0.6669308051,0.7039542218,0.7268728816,0.7104470652,0.6668487293,0.6262196695,0.6215766262,0.6162714092,0.6118183796,0.6105452409,0.6116254354,0.6136335527,0.6167868626,0.6214683179,0.6279759825,0.6347533515,0.6426043954,0.6508108794,0.6600588555,0.6686821758,0.6776075773,0.6877788858,0.6962908876,0.7054288981,0.7144742253,0.7210355714,0.7285922786,0.7342538263,0.739760737,0.7443897928,0.7473126457,0.7489916565,0.7501872311,0.7527098608,0.7529527955,0.7536301018,0.7537782961,0.7552480695,0.7544948576,0.7550772731,0.7561936101,0.7565425941,0.7563513996,0.7568419756,0.7583454554,0.7579592896,0.7596628363,0.7621177366,0.7645978477,0.7677482731,0.7702160512,0.7753304971,0.7796669482,0.7849628071,0.788954304,0.7942519235,0.7994447284,0.8041922141,0.8106127973,0.8163986293,0.8235445103,0.8286547937,0.8358442812,0.8415265622,0.8464100044,0.8502469465
8.5,0.9869439675,0.9596787567,0.929330638,0.8976759488,0.8689228066,0.8394811892,0.8166897949,0.7998418567,0.787071434,0.7854658095,0.7882636813,0.7974757747,0.8153949564,0.8342275086,0.8603203574,0.890033935,0.9189225174,0.9546638955,0.9872116497,1.019273201,1.051399508,1.076868268,1.100312775,1.11830452,1.132174375,1.140909728,1.146722043,1.150253707,1.150988724,1.152715377,1.152952581,1.153137861,1.152934674,1.150353293,1.145554975,1.137454076,1.125085591,1.108748154,1.088306021,1.064791285,1.039900641,1.013167022,0.9873258536,0.9625122763,0.9387493767,0.9174637329,0.897455673,0.8788436371,0.8635955892,0.8492848261,0.8402357621,0.8363173766,0.8368749808,0.8464082338,0.8604371497,0.8794754615,0.9014918345,0.9238030897,0.9450212528,0.9641681793,0.9806458314,0.9951506936,1.008912372,1.023794654,1.041633077,1.062704959,1.0875752,1.114310445,1.142449291,1.167169865,1.188604889,1.203981919,1.212128887,1.213287405,1.208330593,1.199507908,1.187399856,1.176736791,1.166551549,1.15929281,1.155758039,1.08609784,0.9467176348,0.8095945436,0.7212120212,0.6962867411,0.6667744484,0.6397702575,0.6324670709,0.6431517533,0.6435344506,0.6226517107,0.61554287,0.6302193893,0.6448582665,0.6661084681,0.7051856966,0.7305739816,0.7153573941,0.671647164,0.6292612767,0.6234299848,0.6166545166,0.610612815,0.6083544679,0.6075024596,0.6082700904,0.6099917202,0.6132913718,0.6183090835,0.6239127101,0.6306638675,0.6374568979,0.6459309661,0.6537303782,0.6623194237,0.6720437663,0.6811053952,0.6907266549,0.7006421993,0.7086152364,0.7173521033,0.7247416633,0.7319509791,0.7384185483,0.7425622616,0.7457967841,0.7483671046,0.7519074152,0.7534977188,0.7553164436,0.7564082884,0.7586501867,0.7591772846,0.7608174318,0.7625993635,0.7637878559,0.7640068917,0.7646180848,0.7656941571,0.7649155021,0.7656619647,0.7669551345,0.7680202841,0.7696287005,0.770319993,0.7738572526,0.7769132926,0.7805744617,0.7832919471,0.7869470836,0.7907891023,0.794106207,0.7992584506,0.8036890011,0.8096364271,0.81369813,0.8200711106,0.8253086471,0.8299327108,0.8343123228
8.6,1.01160368,0.9904090639,0.964513854,0.9359577272,0.9086807236,0.8782134872,0.8525747318,0.8310400612,0.8123433305,0.8038106517,0.7994337255,0.8016589787,0.8124641599,0.8252728563,0.8455410341,0.8701391259,0.8954338018,0.9281093363,0.9594966036,0.9917580945,1.025483241,1.053939624,1.081230489,1.103529217,1.12154128,1.134081854,1.142781148,1.148379992,1.15016469,1.152455016,1.152851128,1.153393581,1.154104227,1.15314175,1.150744853,1.145537608,1.136465568,1.123131738,1.105299066,1.083486263,1.059444857,1.032209994,1.005137756,0.9784617825,0.9520805184,0.9284645194,0.9057270348,0.8842954854,0.8663107993,0.8483838254,0.8356208137,0.827725545,0.8237127055,0.8299434571,0.8410307366,0.858574447,0.8808079616,0.9046893815,0.9287370753,0.9513138603,0.9721082602,0.9901545342,1.007606398,1.025576544,1.045456498,1.068453688,1.094456511,1.122101204,1.151036134,1.176241558,1.198029287,1.213401194,1.221002317,1.220987432,1.214080665,1.202688958,1.187305947,1.173314252,1.159761912,1.149677365,1.144624139,1.073433722,0.9341362018,0.798423848,0.7104215225,0.6850914473,0.6578951866,0.6337563552,0.6267017639,0.6397340111,0.646494479,0.6297508163,0.6217993519,0.6341189702,0.646308291,0.6655693579,0.7055419621,0.7326842868,0.7183333005,0.6749357379,0.6321786217,0.6256631267,0.6179384765,0.6107827088,0.6076864633,0.6053866205,0.6050916124,0.6055962835,0.6077440812,0.6113633804,0.6158677699,0.6215078787,0.6268332442,0.6343924078,0.6412303616,0.6491815221,0.6582581171,0.6674772447,0.6772998059,0.6877352716,0.6970174793,0.7067412984,0.7158269363,0.7246952065,0.7330837376,0.738582243,0.7435318861,0.7476886184,0.7523353119,0.7554904956,0.7585284981,0.7607165811,0.7637403661,0.7657689368,0.7685637458,0.7711091751,0.7734263841,0.7741044195,0.7750853652,0.7759001108,0.7749720771,0.7747994206,0.7750303819,0.774744993,0.7746629601,0.773655405,0.7755120553,0.7772606164,0.7792148975,0.7806997885,0.7827009285,0.7851059542,0.7871850719,0.7909785792,0.7940536787,0.7985945452,0.8016219486,0.8069470967,0.8116063832,0.8158938718,0.8205932105
8.7,1.025618854,1.011262133,0.9912712408,0.9678053733,0.9447105253,0.9158541643,0.8902085312,0.866612772,0.8440428947,0.8303907511,0.8200082407,0.8160490662,0.8202586884,0.827306618,0.8417750752,0.8608741286,0.8821677454,0.9104137598,0.9393166705,0.9702626547,1.003559056,1.033715442,1.063394406,1.08902844,1.110607442,1.126781094,1.138456069,1.146268291,1.149540361,1.152231288,1.152664423,1.153077779,1.153871317,1.153777624,1.152977198,1.15010101,1.144045598,1.133841174,1.119083849,1.099762633,1.077555028,1.050903152,1.023612169,0.9959309424,0.9676228495,0.9420743422,0.9168576334,0.8927493799,0.8718737276,0.8502904896,0.8333612902,0.8207048145,0.8111559593,0.812430566,0.8188303721,0.8329642354,0.8537030013,0.8775826804,0.9033992317,0.9288006229,0.9534781809,0.9753473589,0.99683671,1.018494796,1.041325853,1.067068789,1.095252286,1.124935265,1.155827801,1.182939212,1.206562619,1.223550849,1.23234158,1.232836842,1.225586522,1.21300007,1.19544778,1.178772168,1.162166804,1.149243819,1.142614572,1.067902927,0.9263158136,0.7905611212,0.7026394362,0.6767785744,0.6511304564,0.6292215175,0.621461739,0.6356361188,0.6487909884,0.6373971999,0.6296759986,0.6399909482,0.6495513139,0.665750242,0.7052852459,0.7333732827,0.7193803683,0.6764905564,0.634679309,0.6279212498,0.6198253521,0.6121393548,0.608369241,0.6052459811,0.6041223094,0.6037577507,0.6049705197,0.607450248,0.6109750873,0.615543015,0.6196046072,0.6261296307,0.6320708967,0.6391772709,0.647643416,0.6565669311,0.6663849714,0.6770077049,0.6873368597,0.6978472148,0.7084000164,0.7187452614,0.7288673077,0.7357994861,0.7424552673,0.7482546001,0.7540735928,0.75881574,0.7631063419,0.7664334245,0.7702973429,0.7738215335,0.7778143367,0.7811729597,0.7847224835,0.7859004699,0.787425048,0.7881791516,0.7872703377,0.7863076156,0.7856282946,0.7841325117,0.7823871691,0.7798252709,0.7800455364,0.7805258719,0.7808129431,0.7811633221,0.7816354587,0.7826216078,0.7836388783,0.7861321008,0.7879089431,0.7909106053,0.7930008078,0.7970683715,0.8010581197,0.8049538488,0.809726214
8.8,1.029917116,1.02232483,1.008953384,0.9918253808,0.9748271054,0.9497696963,0.9266389158,0.9035387224,0.8792323287,0.8625848982,0.8477111705,0.8387356148,0.8374999837,0.8394054485,0.8487781492,0.8627723974,0.8801377345,0.9034375744,0.9288855748,0.9571645198,0.9879980675,1.018176915,1.04831137,1.075673392,1.099775115,1.118815772,1.133252372,1.143272652,1.148283635,1.151383688,1.151766477,1.151612369,1.151649129,1.151487108,1.151227442,1.149817305,1.146188822,1.13901767,1.127664234,1.111595063,1.092396388,1.067579673,1.041420596,1.013980505,0.9847152065,0.9580599167,0.9308938654,0.9045235842,0.8809832522,0.8560096514,0.8349385033,0.8172213883,0.8016755722,0.7966725005,0.7968128508,0.8055874569,0.8227011204,0.8446289778,0.8705775737,0.8976286843,0.925287273,0.9507430171,0.9762334008,1.001848832,1.028338938,1.057513393,1.088886987,1.121761214,1.155831961,1.186400369,1.213482551,1.233872155,1.24577499,1.248666557,1.242931953,1.230803058,1.212564923,1.194162726,1.17517491,1.159720197,1.15143681,1.071165497,0.9245954156,0.7865423954,0.6977757866,0.6713701294,0.6464215448,0.6259844578,0.616861816,0.6311320433,0.6503881233,0.6452587429,0.638762531,0.6474851433,0.6544976969,0.6668678515,0.7046477062,0.7328388806,0.7187405719,0.6764450712,0.6366960025,0.6301610468,0.6223179779,0.6146629195,0.6105751736,0.607236279,0.6056493037,0.6048314122,0.6053725598,0.6070501181,0.6097258463,0.6133176889,0.6164190519,0.6218850968,0.6270792918,0.6332647266,0.6412542528,0.6494861234,0.6591339231,0.6695958828,0.6806048905,0.6916022313,0.7031961355,0.7146261342,0.7260278796,0.7343136162,0.7424473831,0.7497782157,0.756668435,0.7629064912,0.76834397,0.7727862458,0.777515339,0.7823935008,0.7875266523,0.791722448,0.7964386571,0.7981631149,0.8003355921,0.8012572641,0.8005064546,0.7989885511,0.797618088,0.7951680455,0.7919731229,0.7881668439,0.7869520387,0.7863061596,0.785143272,0.7845422518,0.7837600266,0.7835065967,0.7836541074,0.785034084,0.7856523978,0.7871382974,0.7884335921,0.7911258682,0.7944094508,0.7978791894,0.8024948331
8.9,1.026989771,1.025429606,1.018580846,1.008187785,0.9982231408,0.9785443155,0.9599082403,0.9395144467,0.9156468552,0.8980412541,0.880344725,0.8676549597,0.8621253989,0.8596393295,0.8647117501,0.8742910617,0.8881493173,0.9066855203,0.9283178838,0.9531029924,0.9799612264,1.00852328,1.037129547,1.064308537,1.089449127,1.110106669,1.126648069,1.138555745,1.145278808,1.148835947,1.149137986,1.148152701,1.146835127,1.145730245,1.144980338,1.144079853,1.142094546,1.137656796,1.129811165,1.117562614,1.1024057,1.080632891,1.056988359,1.031121875,1.002105569,0.9753202159,0.9470104827,0.9191165402,0.893396318,0.8658262235,0.8411767787,0.8187713629,0.7975923809,0.7856468641,0.7785107805,0.7802170721,0.7914273068,0.8091044629,0.8329744127,0.8598678518,0.8890367217,0.9172716115,0.9462983114,0.9757950374,1.006395172,1.039523631,1.074974156,1.112113979,1.150482455,1.185998669,1.218066863,1.24355719,1.260455597,1.267629919,1.265375509,1.255558553,1.238425645,1.219666291,1.199413881,1.182146713,1.172371578,1.084593618,0.9298904919,0.7865482379,0.6954882613,0.6685727794,0.643458227,0.6238958357,0.6132489642,0.6268442511,0.6515050955,0.6530034289,0.6484262018,0.6559437846,0.660648712,0.6688950573,0.7039678412,0.7315985525,0.7171327543,0.6755190164,0.6386577672,0.6328426505,0.6258002069,0.6186412221,0.6147155133,0.6116669116,0.6100444485,0.6091324336,0.6093325886,0.6104582572,0.6123871607,0.6151077394,0.6174935478,0.6219657382,0.6264918034,0.6318223324,0.639344796,0.64669815,0.6559494337,0.6659489959,0.6771274607,0.6882448558,0.7002709085,0.7122080213,0.7242946039,0.7336110283,0.742822889,0.7514072942,0.7591552326,0.7667240935,0.7731337029,0.7786165296,0.7842210188,0.7902667777,0.796448769,0.801499313,0.807227095,0.8095727929,0.8124686927,0.813801917,0.8134011606,0.8116612401,0.809912513,0.8069034487,0.8026529485,0.7981054649,0.7957861998,0.7943096082,0.7920455792,0.7907958668,0.7890946473,0.7879545595,0.7874341426,0.7879901925,0.7876490239,0.7878178895,0.7884896771,0.7898057025,0.7924108481,0.7954082274,0.7996930781
9,1.019723155,1.022968659,1.02175035,1.017596884,1.014528303,1.00104755,0.988126579,0.9720757197,0.9506775095,0.9338634247,0.9150150357,0.8998663635,0.8909446378,0.8846263617,0.8858599498,0.8915575791,0.9022650255,0.9167045109,0.9347880508,0.9560575692,0.9784741714,1.004440321,1.030147063,1.05552939,1.080249069,1.101084987,1.118787637,1.131990914,1.140146503,1.144215094,1.14450844,1.142682166,1.139766044,1.137078188,1.134945791,1.133548738,1.132148754,1.129745623,1.124983769,1.116567277,1.105922324,1.087988763,1.067929638,1.044788759,1.017301473,0.9914217553,0.9630405123,0.9347030193,0.9076278361,0.8788073149,0.8517545467,0.825834985,0.8004261012,0.7819374898,0.767612178,0.7613988997,0.7648970799,0.7761404413,0.7954666186,0.8199725797,0.8486080982,0.878330847,0.9099148534,0.9427407089,0.9775372801,1.014682908,1.054717931,1.096766782,1.140144109,1.181578027,1.219677996,1.251542156,1.274712826,1.287840531,1.290694183,1.284839907,1.27069386,1.252947809,1.232809321,1.214700875,1.203852299,1.106931182,0.9409867709,0.7894719895,0.6946682579,0.6672626866,0.6413254707,0.6224642622,0.6107516792,0.6233595407,0.6526015486,0.6605877397,0.6581709593,0.6647527906,0.6674626551,0.6716813971,0.7036422716,0.7303754905,0.7154749181,0.674706699,0.6412352077,0.6366013607,0.6307372642,0.6244093794,0.6210840797,0.6186713061,0.6173998089,0.6166464811,0.6168535216,0.6175193285,0.6187414863,0.62064918,0.6224421744,0.6260112215,0.6297951023,0.6343974873,0.6412226865,0.6477396807,0.6562631423,0.6655988765,0.6762945983,0.6871631558,0.6989069542,0.7107104749,0.7228893533,0.732700903,0.7425188854,0.7519500313,0.7603682495,0.7690539261,0.7763199733,0.7827154205,0.7892639588,0.7962948108,0.8035050914,0.8094557842,0.8160238544,0.8191358786,0.822832174,0.8248400825,0.8250629337,0.8235226264,0.8218160534,0.8187445817,0.813980121,0.8092579481,0.8062958005,0.8043694086,0.8014711937,0.7998561135,0.797574607,0.7959235115,0.7949738521,0.7950180117,0.7939523359,0.7930885879,0.7932879033,0.7933624668,0.7953496316,0.797818927,0.8016334423
9.1,1.010185693,1.016577696,1.019294939,1.019966565,1.022517028,1.015098778,1.008116452,0.9972044876,0.9799257435,0.9652009119,0.9468283834,0.9304808148,0.9189435408,0.9092726382,0.9068341002,0.9089462512,0.9165492538,0.9278007339,0.943003011,0.9614600708,0.9802554521,1.003623285,1.026265593,1.049196997,1.072686786,1.092668884,1.110771807,1.124822051,1.134089408,1.139053712,1.139690333,1.137400387,1.133291931,1.128692601,1.124613207,1.121717016,1.119503546,1.117826298,1.114872571,1.109378771,1.102582664,1.088505802,1.072283016,1.052385251,1.027434524,1.003159262,0.975747641,0.9480555381,0.9206383005,0.8920872766,0.8642208838,0.8366599894,0.8092557592,0.7860974232,0.7662746747,0.7530383267,0.7486725762,0.752526005,0.765611212,0.7858395271,0.8118417938,0.8415414444,0.8742476241,0.9092572515,0.9476925066,0.988050988,1.032291246,1.078844164,1.126938031,1.173979281,1.217968721,1.256314579,1.285592599,1.305353887,1.31375143,1.312472268,1.30244519,1.286333073,1.267278334,1.249082004,1.237533139,1.131068898,0.9529681506,0.792421009,0.6935915862,0.6658879297,0.6389831887,0.6212608936,0.6095740534,0.621327317,0.6544207224,0.668418115,0.6679074876,0.6735249575,0.6746336305,0.6750847318,0.7039056896,0.7296432852,0.7143368045,0.674584804,0.6446932104,0.6415783543,0.637116852,0.6318555875,0.6293644579,0.6277717792,0.6271312655,0.6267489753,0.6272975167,0.6274903858,0.6280115792,0.629107957,0.6303732705,0.6330775465,0.6360112242,0.6399203157,0.6457431008,0.6514882026,0.6589576252,0.6674462596,0.6770972496,0.687364834,0.6981547523,0.7091954054,0.7208988641,0.730657549,0.7406373382,0.7504749635,0.7594009845,0.768928272,0.7770130046,0.7842323432,0.7918555941,0.7997249227,0.8079936586,0.814926217,0.8222365623,0.8263425283,0.8309373911,0.8338857328,0.835024302,0.8341671485,0.8329965339,0.8303911466,0.8257088402,0.8212999538,0.8182254714,0.8162237261,0.8132096301,0.8113897848,0.8088178524,0.8069107693,0.8057966071,0.8055757782,0.8040275412,0.8024069024,0.802198823,0.8012861224,0.8026854228,0.8045759009,0.8078073192
9.2,0.9999475007,1.007355092,1.011688771,1.014970806,1.020870193,1.018319105,1.016415989,1.010480311,0.9982711423,0.9864931007,0.970135388,0.9540220045,0.9409067362,0.9287364245,0.9229946842,0.9218824423,0.9263744592,0.9353042194,0.9483725223,0.9649957649,0.9817368853,1.003192896,1.02362985,1.044479214,1.066628499,1.085508109,1.103650468,1.118431487,1.128747721,1.135317678,1.13705236,1.135139048,1.131015641,1.124726581,1.118803924,1.113833129,1.10948589,1.107060171,1.104136402,1.099996773,1.095474609,1.084520216,1.07153762,1.05465583,1.032607723,1.010031814,0.9840840083,0.9575344796,0.9304042882,0.9029876216,0.8755192022,0.8480211801,0.8207023761,0.795488806,0.7728321299,0.7550018364,0.7446348252,0.7419951072,0.7488576351,0.7641327795,0.7862811133,0.8147338534,0.8471861564,0.8830389114,0.9239206747,0.9660775191,1.01317656,1.062691806,1.114011604,1.164860569,1.213103112,1.256420975,1.290073933,1.315471237,1.328320449,1.330859718,1.324625807,1.309890143,1.292005752,1.27392125,1.261895694,1.147234224,0.9595987153,0.7923330757,0.6911946611,0.6638355741,0.6364110115,0.6207123065,0.6104639627,0.6215413045,0.6576763422,0.6769699541,0.6777021038,0.682032959,0.6820172618,0.678887679,0.7046954279,0.7292778856,0.7134738033,0.6748038238,0.6486351079,0.6471759951,0.6442384126,0.6401946352,0.6386492532,0.6380225101,0.6382164636,0.6384067495,0.6395900578,0.6393782983,0.6392801243,0.6396321524,0.6404477343,0.6423304508,0.6443776689,0.6475625663,0.6521825546,0.6571479076,0.6633194743,0.6707502628,0.679042363,0.6883718627,0.6976832608,0.7073874855,0.7180349766,0.7273127931,0.7370452302,0.7468592109,0.7561017751,0.7660999273,0.774947874,0.7829456375,0.7917212164,0.80034764,0.8096954826,0.8176781482,0.825708093,0.8309995424,0.8366302699,0.8408058271,0.8431489287,0.8433996081,0.8431912371,0.8415228107,0.8375306135,0.8338744362,0.8311517252,0.8293451177,0.8266062253,0.8247082853,0.8221086709,0.8201174269,0.8190067888,0.818652704,0.816831956,0.8147209702,0.8141385228,0.8125032399,0.8132965296,0.8145562751,0.817099955
9.3,0.9913286146,0.9977112058,1.001267728,1.004594487,1.011053243,1.011162518,1.012460014,1.010320187,1.003057873,0.9945477886,0.9813873528,0.9670404642,0.9537076958,0.9405743429,0.9324855393,0.9288682865,0.9307472578,0.9379267418,0.9495626873,0.9652452478,0.9813283986,1.00187038,1.021265484,1.040898492,1.06197086,1.079981739,1.097986387,1.11337983,1.124805953,1.133396946,1.136985238,1.13637518,1.133559744,1.126387999,1.119356989,1.112482675,1.105391742,1.101312167,1.097005328,1.092796859,1.089045461,1.080276819,1.069753989,1.055456266,1.036228302,1.015242123,0.9907606872,0.9652647449,0.9384652964,0.9121041476,0.8853126349,0.8585419883,0.8323786114,0.8069031928,0.7835557676,0.7635116086,0.7494194697,0.7420627648,0.7437588057,0.7543460092,0.7724978288,0.798913635,0.8303022253,0.8661138665,0.9081992934,0.9511045909,0.9995905119,1.050379798,1.10305881,1.155480636,1.205684023,1.251589824,1.287412623,1.316299561,1.331847283,1.336847727,1.33315152,1.319335891,1.302201923,1.28409404,1.271819878,1.15104425,0.9582961917,0.7883412721,0.687730157,0.661802626,0.6346136231,0.6217370954,0.6141786582,0.6245833609,0.6626680285,0.6863468683,0.6874311973,0.6899830664,0.6893525014,0.6827799123,0.7055254846,0.7286725435,0.7121011344,0.6745162838,0.6523442954,0.6525879938,0.6512986458,0.6485794845,0.6481026562,0.6485841183,0.649811663,0.6508098563,0.6528809608,0.6525046873,0.6519898255,0.6518177316,0.6523300605,0.653564041,0.654768005,0.6571965836,0.6605278367,0.6646979919,0.6694527548,0.6756237489,0.6823990475,0.690446078,0.6979075231,0.7058080333,0.7148676485,0.7232784389,0.7322965768,0.7416167794,0.750894924,0.7609229785,0.7703358526,0.7789930165,0.7888320528,0.7981335944,0.8085021633,0.8175386757,0.8262930502,0.8328737352,0.8396630282,0.8453018906,0.8491131482,0.8508034052,0.851893789,0.8515431375,0.8487633982,0.846238152,0.8442296705,0.8428441775,0.8406925892,0.8388122343,0.8363972275,0.8344865397,0.8334952774,0.8331273861,0.8311987777,0.8288206577,0.8278968145,0.8257869083,0.8259999486,0.8266068091,0.8283285433
9.4,0.9866451938,0.9910528559,0.9923073869,0.9936744653,0.9982516045,0.9983424625,1.000315024,0.99990102,0.9961617843,0.9904350224,0.9807735435,0.9692521518,0.9569271253,0.9445936846,0.9354766987,0.9303280414,0.9306333803,0.9362865042,0.9470879003,0.9624782979,0.9787306557,0.9994425611,1.018894047,1.038335511,1.058940025,1.076511545,1.094333511,1.110064424,1.122445582,1.132776655,1.138376043,1.139502561,1.13856523,1.13147908,1.124138284,1.115948375,1.10640621,1.10038362,1.09410755,1.089040321,1.085110813,1.077909674,1.069352982,1.057456512,1.041077191,1.021861541,0.9989977508,0.9745505756,0.9481440457,0.9224475964,0.8961190487,0.869963707,0.844952604,0.8198133205,0.7966128132,0.7755025272,0.7589872914,0.7479683157,0.7451955223,0.751230211,0.7653246198,0.7890447542,0.8188874908,0.8542651439,0.8967959045,0.9402254024,0.9893701648,1.040602606,1.093446861,1.146026118,1.196458976,1.242985863,1.279474497,1.309860185,1.326821233,1.333318382,1.331108491,1.318142578,1.301496863,1.283306623,1.271062992,1.145596384,0.951281425,0.7819348749,0.6840402759,0.6607822008,0.6346107918,0.6248198168,0.6208280721,0.6305329657,0.6693290938,0.696430145,0.6968909921,0.697112386,0.6961929891,0.6863033981,0.7057704745,0.7271669889,0.709493296,0.6731041862,0.6553997483,0.6574060187,0.6579137588,0.6566369539,0.6573775236,0.6590909848,0.6615365912,0.6635966672,0.666749267,0.6665269292,0.6658860321,0.6655095864,0.6658938856,0.6667434964,0.6672078592,0.6688438651,0.6709069183,0.6742293775,0.6775535648,0.6822787588,0.6874520036,0.6938818853,0.699252877,0.7049999832,0.7120268043,0.719177173,0.7269591561,0.7352804216,0.7441937945,0.7537835562,0.7633979242,0.7724631712,0.7830875714,0.7929522353,0.8042044173,0.8142239382,0.8237034889,0.8315984748,0.8396388661,0.8468973836,0.8524226847,0.8557880021,0.8584403436,0.8597054238,0.8585316286,0.8574571537,0.8564429386,0.8557090737,0.8544393898,0.8526707353,0.8506190805,0.8489749209,0.8482301532,0.8479995262,0.8461086176,0.8436385914,0.8424377375,0.8400515185,0.8397454996,0.8397050992,0.8405155434
9.5,0.9863460726,0.9892415717,0.9881692147,0.9869427068,0.988399937,0.9863005115,0.9865303138,0.9854203293,0.9827852427,0.9784922184,0.9714649527,0.9627687589,0.952036749,0.9415956475,0.9325261078,0.9266506716,0.9262984649,0.9303883079,0.9406283916,0.9559914492,0.9728108809,0.9946274828,1.015220543,1.035687301,1.056919025,1.074856402,1.092860324,1.108849814,1.12187321,1.13330537,1.140443998,1.143112308,1.14382039,1.137484075,1.130362023,1.121475426,1.110231593,1.102333992,1.094049223,1.087741262,1.083059417,1.076947001,1.070023748,1.060497185,1.047213057,1.030317462,1.009712472,0.9868664821,0.9614789546,0.9364673959,0.9106102389,0.8849376344,0.8605857258,0.8358228918,0.8126716085,0.7906084492,0.7720266974,0.7573794318,0.7500771873,0.7510807992,0.7604600944,0.7805361389,0.808108223,0.842622816,0.8851091421,0.9292426914,0.9789911683,1.030650108,1.08340995,1.135708676,1.185641751,1.231842433,1.268354833,1.299241558,1.317133038,1.32485916,1.323883737,1.312063586,1.296075863,1.278009308,1.266014286,1.13636636,0.9422740127,0.7751143215,0.6806700347,0.6613228846,0.6369656315,0.629961365,0.630137578,0.639307739,0.677539916,0.7070060389,0.7059295771,0.7031986948,0.701932194,0.6889167451,0.7049037628,0.7242854127,0.705209703,0.6703058529,0.6576301933,0.6615281722,0.6639568845,0.6642817259,0.66633676,0.6693825053,0.6731694149,0.6765317806,0.6809136216,0.6811069186,0.6806273681,0.6803524573,0.680788692,0.6815345876,0.6813845486,0.6821349298,0.6830436191,0.6853781105,0.6873389418,0.6904570995,0.6939687462,0.6984723411,0.7016151507,0.7049734875,0.7096133981,0.7151143577,0.7211440486,0.7279652407,0.7360241917,0.744698289,0.7540634661,0.7631835582,0.7741881001,0.7844851583,0.7964548608,0.807336768,0.8175671847,0.8267550048,0.8361399911,0.8451281961,0.8525995427,0.8578177688,0.8622618045,0.8653894887,0.8660935328,0.8667432994,0.8669576746,0.8671174912,0.8670095893,0.865450795,0.8639130937,0.8627039672,0.8623441435,0.8624253597,0.8606844953,0.8582123857,0.8568079948,0.8542742666,0.8535033852,0.8528272859,0.8526901189
9.6,0.9881801317,0.9908813854,0.9887398507,0.9858196003,0.984628786,0.9796881385,0.9769649236,0.9734420908,0.9695646828,0.964986885,0.9589029998,0.9519261336,0.9424313231,0.9337717221,0.925019579,0.9185926052,0.9177586624,0.9199274021,0.9293125253,0.9443720133,0.9617321997,0.9851369796,1.007783296,1.030520392,1.053759732,1.073323899,1.09243093,1.109138402,1.122810332,1.134903694,1.143021126,1.146810614,1.148617963,1.143372454,1.136761698,1.127712568,1.115524483,1.106025449,1.095863908,1.08801603,1.08217177,1.076454104,1.070733041,1.06341725,1.053338896,1.039431765,1.021927934,1.001595158,0.9783148729,0.9544728203,0.9295082533,0.9044562389,0.8803523429,0.8559005696,0.8324412811,0.8092274234,0.7884945305,0.7699712664,0.7577413143,0.7529320889,0.7565566785,0.7716636089,0.7957990597,0.8286212728,0.8703946318,0.9153121763,0.9657991041,1.018206694,1.071342978,1.123558098,1.173177116,1.219105703,1.255692002,1.287137238,1.306136637,1.3153801,1.316047028,1.305848239,1.290997586,1.273460528,1.261877204,1.127998897,0.93426428,0.7692775628,0.6778036111,0.6634827899,0.6417089757,0.6369322933,0.6416429149,0.6505358075,0.6869827904,0.7176310144,0.7143911725,0.7081127985,0.7060363373,0.6902643205,0.7028559069,0.7200159597,0.6991766204,0.6661029998,0.6588256244,0.6647813633,0.6692047871,0.6712212265,0.6746955479,0.6790508373,0.6842827379,0.6891313879,0.6949167983,0.6956381946,0.6955325541,0.6956127897,0.6962539592,0.6972333843,0.6965508808,0.6963168918,0.6961936387,0.6974059961,0.6981213682,0.6995593004,0.7013581261,0.7037348849,0.7045905594,0.7054061763,0.7074671082,0.7109630329,0.7148492331,0.7197438462,0.7264188191,0.7337071545,0.7423849433,0.7512233766,0.762182717,0.7727742909,0.7852660006,0.7968787346,0.8079378304,0.8183870745,0.8292158401,0.8400090445,0.8495989615,0.8567956488,0.863228203,0.8683991302,0.8711532301,0.8737000949,0.8753256393,0.8765749292,0.877818595,0.8765515871,0.8756293746,0.8749395255,0.8750372762,0.8755671219,0.8740170021,0.8715241849,0.8699563981,0.8673123669,0.8660853053,0.864781484,0.8636923717
9.7,0.9884713993,0.9921845681,0.9906392184,0.9878174699,0.9858382764,0.9791549552,0.9740702455,0.9679736861,0.9617092755,0.9556048185,0.9487765178,0.9419165393,0.9325723092,0.9246253109,0.9156087538,0.9080916514,0.9061641457,0.905653344,0.9132849852,0.9271675604,0.9444554635,0.9692707798,0.9943684951,1.020272781,1.04677673,1.069387933,1.090896203,1.10931686,1.124237506,1.137088848,1.146029841,1.15075438,1.153233638,1.149338027,1.14343699,1.134664014,1.122192778,1.111404199,1.099519602,1.089818573,1.082388226,1.076137071,1.070939456,1.065365892,1.05823021,1.047739274,1.033966297,1.01697726,0.9969082193,0.9748652294,0.9514157359,0.9273322899,0.9033511916,0.8792942564,0.855379507,0.8310586106,0.808188436,0.7859131545,0.7685604593,0.7573354323,0.7541801175,0.7627908573,0.7819128268,0.8116465236,0.8517253218,0.8970064248,0.9482733243,1.00181452,1.056047827,1.108851197,1.158936331,1.205333821,1.24260685,1.275315374,1.296047883,1.307463119,1.310513761,1.302597107,1.2895646,1.273129471,1.262205413,1.123701535,0.9289841947,0.7649589693,0.6753376653,0.6668758625,0.6484337863,0.6453892552,0.654595913,0.6634176366,0.6970604742,0.7276521952,0.7218994182,0.7118603749,0.7084715555,0.6903862847,0.7000252201,0.7147047175,0.6915988615,0.660442552,0.6584213208,0.6666533441,0.6730766545,0.6767572071,0.6817913396,0.6873078988,0.6941134092,0.7005963553,0.707997933,0.709293402,0.709714611,0.7103474791,0.7114282896,0.7129718307,0.7118501235,0.7106408725,0.7095430637,0.70963399,0.7092505979,0.7091032948,0.7091170055,0.7094160348,0.7079474048,0.7061058988,0.7055128719,0.7067759124,0.7083150968,0.7109450361,0.7156551721,0.721000194,0.7285889642,0.7369345261,0.7475007963,0.7581531828,0.7708115958,0.7830087802,0.7949772428,0.8067089286,0.8190271551,0.8316490533,0.8433551519,0.8526288775,0.8611549008,0.8684549688,0.8734313465,0.8779462483,0.8810815538,0.8834608804,0.8860798322,0.885221816,0.8850288131,0.8848811131,0.8853458564,0.8863016749,0.8849230096,0.8824068667,0.8807060291,0.8778991266,0.8761585001,0.8742135439,0.8722194038
9.8,0.9837061027,0.9887609251,0.9889599177,0.9879972796,0.9875787368,0.9814824526,0.9762407277,0.9692126328,0.9613393997,0.953796352,0.9455641972,0.9377285014,0.9274194602,0.9189344039,0.9086489223,0.8990579343,0.8950164919,0.8906276769,0.8951069759,0.906334054,0.9220384364,0.9472658331,0.9742416688,1.003370172,1.033799041,1.060506191,1.085702482,1.107092783,1.124396584,1.138701056,1.148931929,1.15489487,1.157993826,1.155809467,1.150843433,1.142720907,1.130576424,1.11879474,1.105404839,1.093629092,1.084158008,1.076400157,1.07078626,1.066105649,1.061151606,1.0539517,1.043983934,1.030712264,1.014530095,0.9947904497,0.9734208312,0.9507200119,0.9271038642,0.9037305089,0.8796586595,0.8547550196,0.8301902673,0.8049509904,0.7828639428,0.7651680975,0.7547144247,0.7553350626,0.7677077225,0.7925262518,0.8294354583,0.8741751174,0.9259584996,0.9809337399,1.036911921,1.091327479,1.142944351,1.190884093,1.229987494,1.264868771,1.288315709,1.302853072,1.309166083,1.304521841,1.294181132,1.279608459,1.269801464,1.125834146,0.9271680166,0.7620405702,0.6727762513,0.6705451731,0.6563172349,0.6544812185,0.6675771266,0.676899851,0.7071244887,0.7366217845,0.7284855695,0.7145667897,0.7097883744,0.690014414,0.6968260478,0.7086922191,0.6831976221,0.6532871035,0.6558472715,0.6664347408,0.6748084513,0.6801190241,0.6868894385,0.693490294,0.7019181858,0.7100576919,0.7190393303,0.7212472295,0.7224961458,0.7238928309,0.7255380148,0.7277058118,0.7263623699,0.7244541901,0.7226345572,0.721584754,0.7201902804,0.7185981695,0.7168881551,0.7154011786,0.7116450884,0.7071029885,0.7038379665,0.7027342367,0.7018398906,0.7019947163,0.7041782978,0.707098937,0.7131755807,0.7207934071,0.7306879807,0.7410952593,0.7535151594,0.76609006,0.7789445756,0.7918965035,0.8057036099,0.8201537244,0.8338562742,0.8452245492,0.8557697703,0.8651872793,0.8726105764,0.8791724448,0.8838139949,0.8872061532,0.8909688744,0.8907816327,0.8914778616,0.8918970991,0.892528441,0.8936617178,0.8924133573,0.8899621445,0.8882292439,0.8851568939,0.8828387932,0.8802079253,0.8773693759
9.9,0.9722884619,0.9776689645,0.9796429293,0.981496669,0.984405399,0.9815780111,0.9791046444,0.9740423369,0.9671502058,0.9598885886,0.9512933894,0.9427447495,0.9313518008,0.9217177633,0.909544767,0.8971229295,0.8899215796,0.8804326105,0.8800052393,0.8864810693,0.8980575756,0.9215217356,0.9483939384,0.9794544254,1.013345486,1.044289095,1.073967147,1.09943703,1.120482866,1.137367609,1.149928541,1.157995118,1.162153019,1.162360699,1.158784884,1.151832564,1.140852918,1.128555568,1.114215146,1.100499771,1.08869227,1.078624633,1.071462324,1.066410393,1.062270947,1.057445865,1.050547913,1.040626433,1.028317417,1.010994726,0.9919945041,0.9709924487,0.9481440233,0.9258905921,0.9023076222,0.8777587927,0.852471658,0.8257352343,0.8001279222,0.7768276476,0.7595257519,0.751282928,0.7554945524,0.7735165377,0.8052763341,0.8482154591,0.8997692817,0.9561711262,1.014358332,1.071390082,1.125648161,1.176221977,1.218606749,1.256485491,1.283799919,1.302579021,1.312906164,1.312840621,1.306092692,1.294188356,1.286174579,1.135282189,0.9284347478,0.7597913658,0.669065417,0.6729494705,0.6641749001,0.6627564914,0.678893603,0.6900321077,0.7167661366,0.7446434278,0.7347326044,0.7165844281,0.7107893193,0.690151892,0.6935471997,0.7023038626,0.6746997244,0.6446972135,0.6508781343,0.6636046734,0.6737221312,0.6806047183,0.6893355498,0.6970974316,0.707104175,0.716726408,0.7270205066,0.7306846304,0.733236921,0.7356687137,0.7378243476,0.7404209396,0.7391341687,0.7370190817,0.7349000361,0.7327598933,0.7303891272,0.7274619505,0.7242051029,0.721265984,0.7154410477,0.7083862023,0.7026721677,0.698885517,0.6953430648,0.692860781,0.6923373488,0.6927967488,0.6968452241,0.7030815716,0.7117382052,0.7218245953,0.7339481153,0.7467507261,0.7601066622,0.7738679514,0.7891108916,0.8054598037,0.8211253962,0.8345674765,0.846948761,0.8583764174,0.8683772501,0.8769181091,0.8831445038,0.8876701767,0.8923995283,0.8929668973,0.8943811766,0.8953098461,0.896243216,0.897521279,0.8962789836,0.8937566606,0.8918533088,0.8886165222,0.8858939041,0.8826211677,0.8788835887
10,0.9572108489,0.960584312,0.9628813691,0.9669834284,0.9734083662,0.9755414845,0.9780702257,0.9777744231,0.9750560807,0.9707406342,0.9641928707,0.956631347,0.9455066947,0.9352827754,0.9217023077,0.906722514,0.8958105119,0.8809404692,0.8741228639,0.873644484,0.8782323222,0.896490885,0.919910584,0.9500085208,0.9853237504,1.019262316,1.053156636,1.08319389,1.108863265,1.129671721,1.145817747,1.15717912,1.163572571,1.167036298,1.16582426,1.161012299,1.152397947,1.140705885,1.126593085,1.111794346,1.097893334,1.085242171,1.075503819,1.068556188,1.063407061,1.059099883,1.053602097,1.045741633,1.036220269,1.020842228,1.003846671,0.9843943917,0.9625458099,0.9415928932,0.9191545686,0.8959677353,0.8713297282,0.8450303487,0.8180320496,0.7912537294,0.7689361489,0.7525835018,0.7484634582,0.7585935582,0.7834008617,0.8231748787,0.8733614025,0.9307368396,0.9912558601,1.05147072,1.109149189,1.16308154,1.209807323,1.25106254,1.282894957,1.306522296,1.320960666,1.326297435,1.323498394,1.314624537,1.3088914,1.149176341,0.9303510208,0.7565699557,0.6629067006,0.6722324822,0.6700789583,0.6688736088,0.6875704283,0.7019816593,0.7259685728,0.7522903756,0.7414060805,0.719030908,0.7122502823,0.6912405416,0.6909950573,0.6962861596,0.6661268792,0.6349618277,0.6436416702,0.6580065959,0.6694178205,0.6777132285,0.6883307133,0.6973958863,0.7089537583,0.7199787297,0.7315629804,0.7368381058,0.740858363,0.7444824731,0.747449371,0.7505064825,0.7494848353,0.7474138596,0.7451011445,0.7423394404,0.7392600469,0.7352963013,0.7306465715,0.726447511,0.718870497,0.7097456931,0.7018892124,0.6953278345,0.688981092,0.6837159181,0.6805682528,0.6785899265,0.6802664295,0.6844223129,0.6913177885,0.7008833758,0.7127473481,0.7255870329,0.7389784795,0.753067124,0.7695708095,0.7877753122,0.8053346691,0.8208791948,0.8349819221,0.8483535741,0.8608058899,0.8711759496,0.8791025137,0.88511541,0.8909035417,0.8920285669,0.8937161056,0.894985734,0.8966382471,0.8983044554,0.8969379104,0.8939980989,0.8915770561,0.8883704219,0.8855558616,0.8817955281,0.8770582112
