子图9 热图矩阵（行=y，列=x）,-4,-3.95,-3.9,-3.85,-3.8,-3.75,-3.7,-3.65,-3.6,-3.55,-3.5,-3.45,-3.4,-3.35,-3.3,-3.25,-3.2,-3.15,-3.1,-3.05,-3,-2.95,-2.9,-2.85,-2.8,-2.75,-2.7,-2.65,-2.6,-2.55,-2.5,-2.45,-2.4,-2.35,-2.3,-2.25,-2.2,-2.15,-2.1,-2.05,-2,-1.95,-1.9,-1.85,-1.8,-1.75,-1.7,-1.65,-1.6,-1.55,-1.5,-1.45,-1.4,-1.35,-1.3,-1.25,-1.2,-1.15,-1.1,-1.05,-1,-0.95,-0.9,-0.85,-0.8,-0.75,-0.7,-0.65,-0.6,-0.55,-0.5,-0.45,-0.4,-0.35,-0.3,-0.25,-0.2,-0.15,-0.1,-0.05,0,0.05,0.1,0.15,0.2,0.25,0.3,0.35,0.4,0.45,0.5,0.55,0.6,0.65,0.7,0.75,0.8,0.85,0.9,0.95,1,1.05,1.1,1.15,1.2,1.25,1.3,1.35,1.4,1.45,1.5,1.55,1.6,1.65,1.7,1.75,1.8,1.85,1.9,1.95,2,2.05,2.1,2.15,2.2,2.25,2.3,2.35,2.4,2.45,2.5,2.55,2.6,2.65,2.7,2.75,2.8,2.85,2.9,2.95,3,3.05,3.1,3.15,3.2,3.25,3.3,3.35,3.4,3.45,3.5,3.55,3.6,3.65,3.7,3.75,3.8,3.85,3.9,3.95,4
0.5,1.021300624,1.021124098,1.021041335,1.020944599,1.020783358,1.020710084,1.020572583,1.020438678,1.020339524,1.020178938,1.02005292,1.019919371,1.019758804,1.019629367,1.019472852,1.019315251,1.019168733,1.018995054,1.018832185,1.01866368,1.01848151,1.018308188,1.018120954,1.017930069,1.01774055,1.01753572,1.017331878,1.017122164,1.016902971,1.016682973,1.016453132,1.016217693,1.015978777,1.015727988,1.01547331,1.015211602,1.014941039,1.014664535,1.01437871,1.014085359,1.013785473,1.013473747,1.013154996,1.012827547,1.01249026,1.012143602,1.011786604,1.011420147,1.011044668,1.010656102,1.010258006,1.009849412,1.009429603,1.008997661,1.008554077,1.008099277,1.007633389,1.007153207,1.006661638,1.006158156,1.00564261,1.005113097,1.004571432,1.004017826,1.003452379,1.002873002,1.002282201,1.001680258,1.001067521,1.000443025,0.9998092286,0.9991671637,0.9985188088,0.9978638631,0.9972074518,0.9965532017,0.9959023383,0.9952734157,0.9946722018,0.9941176856,0.9937411931,0.9914647417,0.9879103894,0.9835494247,0.9785516219,0.973020472,0.9670633163,0.960748201,0.9541485733,0.947298352,0.940264399,0.9331095952,0.9258393929,0.918539479,0.9112520816,0.9040045131,0.8968990229,0.8899358946,0.8831938255,0.8767201995,0.8697290781,0.8673965788,0.8660245893,0.8648178371,0.8637712993,0.862878384,0.8620655707,0.8613340201,0.8606700349,0.8600746547,0.8595290879,0.8590272427,0.8585630301,0.8581361382,0.8577367864,0.8573618181,0.8570084,0.8566766374,0.8563616418,0.8560618485,0.8557760336,0.8555043319,0.855244262,0.8549949493,0.8547555162,0.8545267774,0.8543067076,0.8540949153,0.853891258,0.8536956275,0.8535073519,0.8533259811,0.8531509313,0.8529832293,0.8528213151,0.8526652038,0.8525152153,0.8523703852,0.8522312344,0.8520971757,0.8519673112,0.8518433727,0.8517232238,0.8516072731,0.8514962478,0.8513880273,0.8512843076,0.8511840784,0.8510862093,0.8509928239,0.8509013255,0.8508124388,0.8507267658,0.8506418328,0.8505595324,0.8504789267,0.8503981589,0.8503203042,0.8502417047,0.8501613815,0.8500887956
0.6,1.028889272,1.028777697,1.028780963,1.028762494,1.028658444,1.028661233,1.028578918,1.028497439,1.028456138,1.02833313,1.028250241,1.028154384,1.028021074,1.027923258,1.027788048,1.027648297,1.027519694,1.027352971,1.027197188,1.027031499,1.026845337,1.026667748,1.026469472,1.026263864,1.026058035,1.025828852,1.025599069,1.025359396,1.025104519,1.024846884,1.02457361,1.024290841,1.024002094,1.023694352,1.023380093,1.023054531,1.022714661,1.022365558,1.022001573,1.021625741,1.021239781,1.020835266,1.020419977,1.019991216,1.019547264,1.019089103,1.0186151,1.018126678,1.017624579,1.017102685,1.016566484,1.016014416,1.015445438,1.014858386,1.014253864,1.013632532,1.012994845,1.012335663,1.011659711,1.010966152,1.010254297,1.009522369,1.008772106,1.008004148,1.007219259,1.006412988,1.005590427,1.00475142,1.003895766,1.003023677,1.002137133,1.001238162,1.000330231,0.9994112618,0.9984901377,0.9975713077,0.9966560899,0.9957717512,0.9949253312,0.9941441842,0.9936138299,0.9903921619,0.9853463061,0.9791476788,0.9720411583,0.9641779609,0.9557148457,0.9467519371,0.9373971103,0.9277017974,0.9177632051,0.9076726104,0.8974394818,0.8871873543,0.8769761885,0.8668453,0.8569393939,0.847259596,0.8379165441,0.8289786397,0.8193812978,0.8162088133,0.8143524575,0.8127247724,0.8113184042,0.8101244495,0.8090416982,0.8080715597,0.8071951005,0.80641382,0.8057016299,0.8050499994,0.8044505149,0.8039028363,0.803393263,0.8029174631,0.8024714514,0.8020554548,0.8016625779,0.8012906492,0.8009379741,0.8006047369,0.8002874621,0.7999848997,0.7996958715,0.7994214553,0.7991587804,0.7989073999,0.798667019,0.7984375377,0.7982179753,0.7980076984,0.7978058807,0.7976140129,0.7974298633,0.7972534701,0.7970851969,0.7969239124,0.7967701411,0.7966231429,0.7964817218,0.7963482359,0.7962197807,0.7960968938,0.7959806414,0.7958680799,0.7957616326,0.7956599205,0.7955612772,0.7954689937,0.7953792483,0.7952931494,0.7952118161,0.7951314887,0.7950552881,0.7949819359,0.7949083414,0.7948403195,0.7947715705,0.7947014334,0.7946435755
0.7,1.036368504,1.036393385,1.036549695,1.036675154,1.036693217,1.036833032,1.036866069,1.036895052,1.036967302,1.036935869,1.036947798,1.036939457,1.036881546,1.036860881,1.036790865,1.036711042,1.036640105,1.036518717,1.036406096,1.036277415,1.036120456,1.035968589,1.035788315,1.035595416,1.035397884,1.03516866,1.034934442,1.034684636,1.034413481,1.034133867,1.033832453,1.03351603,1.033188249,1.032834401,1.032468564,1.032085634,1.031682506,1.031263408,1.030823427,1.030365662,1.029891826,1.029392176,1.028875671,1.028339476,1.027781745,1.027202429,1.026600759,1.025978174,1.025335425,1.02466494,1.023973484,1.023259394,1.022521485,1.02175746,1.020968946,1.020156656,1.019320897,1.018455389,1.017565959,1.016651743,1.015712244,1.014744139,1.013750756,1.012732687,1.011690533,1.010619345,1.009525001,1.008407813,1.007267954,1.006104585,1.004921612,1.00372131,1.002507995,1.00127991,1.000047998,0.9988187317,0.997594193,0.9964101632,0.9952769188,0.9942308413,0.9935205476,0.989193296,0.9823961865,0.9740388299,0.9644570523,0.9538612928,0.9424688194,0.9304199401,0.9178651446,0.9048789355,0.891595533,0.8781404862,0.8645293541,0.8509306849,0.8374243157,0.8240640566,0.8110426145,0.7983624265,0.7861699574,0.7745567781,0.7621623908,0.7580975268,0.7557312577,0.7536631099,0.7518830346,0.7503798695,0.7490221943,0.7478116315,0.7467235954,0.7457601188,0.744886982,0.744093056,0.7433673642,0.742709506,0.74210154,0.7415376922,0.7410127868,0.740527173,0.7400717586,0.7396436487,0.7392405985,0.7388629362,0.7385059741,0.7381680812,0.7378476825,0.7375462795,0.7372599936,0.7369882209,0.7367305357,0.7364869262,0.7362559528,0.7360368182,0.7358285238,0.7356328343,0.7354469659,0.7352709225,0.7351051341,0.7349482557,0.7348008393,0.7346619729,0.7345301043,0.7344083441,0.7342929173,0.7341845476,0.7340845572,0.7339893516,0.7339019416,0.7338206442,0.7337432658,0.7336743662,0.7336088134,0.7335481024,0.7334941812,0.7334416104,0.7333952349,0.7333532513,0.7333111189,0.7332783885,0.7332452938,0.7332118974,0.7331965445
0.8,1.043850597,1.044092846,1.044474962,1.044816445,1.045031752,1.045375148,1.045592933,1.04579958,1.046047989,1.046172933,1.046339746,1.046477444,1.04655326,1.046663232,1.046711676,1.04674285,1.046777716,1.046748901,1.046723794,1.046674641,1.046587799,1.046499749,1.046373956,1.046228156,1.046071397,1.045872333,1.045661981,1.045428459,1.045165276,1.044886103,1.044576813,1.044245067,1.043895037,1.043509196,1.043104365,1.042674779,1.042216933,1.041734695,1.041223395,1.040686518,1.040126008,1.039529955,1.038909306,1.038260918,1.037582639,1.036873526,1.036133575,1.035364419,1.034566857,1.033731455,1.032866751,1.031970829,1.031042373,1.03007786,1.029080069,1.028049771,1.02698736,1.025884855,1.024749794,1.023581274,1.022378696,1.021137612,1.019862675,1.018554644,1.017214379,1.01583553,1.014425824,1.012985753,1.011515634,1.01001441,1.008487285,1.006937289,1.005370096,1.003783452,1.002191711,1.000603255,0.9990208509,0.9974909791,0.9960268854,0.9946757365,0.9937588648,0.9881568134,0.9793355954,0.9684830441,0.9560437822,0.9423008714,0.927545072,0.9119666495,0.8957680636,0.8790537961,0.8620019581,0.8447785234,0.8274078576,0.8101110267,0.7929893985,0.776113778,0.7597292811,0.7438399734,0.7286306105,0.7142168876,0.6989350278,0.6939585745,0.6910767357,0.6885666137,0.6864150098,0.684608572,0.682984251,0.6815438152,0.6802566872,0.6791255458,0.6781074881,0.6771886082,0.6763551605,0.6756068959,0.6749210729,0.6742905385,0.6737087868,0.6731763844,0.6726817449,0.6722212246,0.6717920292,0.6713946365,0.6710230065,0.6706750963,0.6703489423,0.670046369,0.6697625229,0.6694965828,0.6692479739,0.6690167897,0.668801089,0.6685998789,0.6684118667,0.6682393299,0.6680787279,0.6679300684,0.6677938045,0.6676684426,0.6675545122,0.6674508821,0.6673558101,0.6672729094,0.6671977617,0.6671311504,0.6670747364,0.6670242952,0.666983347,0.6669499976,0.6669215637,0.6669039059,0.6668906016,0.666883578,0.66688564,0.6668897865,0.6669026108,0.6669219797,0.666941741,0.6669757041,0.6670103735,0.6670468963,0.6671082419
0.9,1.051668166,1.052218628,1.052908428,1.053547893,1.054047054,1.054671,1.055154807,1.055618501,1.056117337,1.056476611,1.056871013,1.057226056,1.057507534,1.057814305,1.058047854,1.058254464,1.058456051,1.058580653,1.058700321,1.058786039,1.058823421,1.058849449,1.058827127,1.058775093,1.058703118,1.058576344,1.058429306,1.05824936,1.05802932,1.057782941,1.057496002,1.057176854,1.056830224,1.056435354,1.056012272,1.055554486,1.055057951,1.054526178,1.053954763,1.053347724,1.052707324,1.052018862,1.051295986,1.050535006,1.049733514,1.048889452,1.048003803,1.047078455,1.046114336,1.04509974,1.044045354,1.042949068,1.041809394,1.040621403,1.039389245,1.038113863,1.036795887,1.035425093,1.03401132,1.032553573,1.031051036,1.029498409,1.027901465,1.026261404,1.024579735,1.022847792,1.021076257,1.019265625,1.017416027,1.015527232,1.013604968,1.011653612,1.009680837,1.00768306,1.005679404,1.003680201,1.001688677,0.9997645702,0.9979235841,0.9962256151,0.9950747086,0.9880176708,0.9768828768,0.9631796452,0.9474813968,0.9301591473,0.911592043,0.8920312143,0.8717419741,0.8508671728,0.829636693,0.8082636291,0.7867846486,0.7654805788,0.7444753491,0.7238591635,0.7039327048,0.684701846,0.6663910375,0.6491396436,0.6309830833,0.6251097477,0.6217270998,0.6187917454,0.6162869332,0.6141975727,0.612328287,0.6106809122,0.6092187647,0.6079452808,0.6068085673,0.6057918172,0.6048784378,0.6040683474,0.6033338816,0.6026663753,0.6020579758,0.6015094253,0.6010066015,0.6005450634,0.600121297,0.5997361048,0.5993819661,0.5990563279,0.5987568223,0.5984857056,0.598236999,0.5980096555,0.5978029321,0.5976170622,0.5974494788,0.5972989952,0.5971641768,0.5970475717,0.5969450528,0.596856511,0.5967823804,0.5967212231,0.5966733123,0.5966374436,0.5966116044,0.5965999676,0.5965974572,0.5966049564,0.5966243102,0.5966509821,0.5966888485,0.5967358321,0.5967887942,0.596854934,0.5969266619,0.597006273,0.5970975609,0.5971920577,0.5972981861,0.5974134049,0.5975302485,0.5976669905,0.5978064095,0.5979510705,0.5981280796
1,1.060325258,1.061295267,1.06239601,1.063437742,1.064329771,1.065335222,1.066190272,1.067014744,1.067863677,1.068559995,1.069280292,1.069949763,1.070534203,1.071130117,1.071641077,1.072113264,1.072568185,1.072932463,1.073279413,1.073580232,1.073820967,1.074035409,1.074189677,1.074301975,1.074381432,1.074392515,1.074370399,1.074302907,1.074183455,1.074022231,1.073808479,1.073549928,1.073250731,1.072889372,1.07248652,1.072036231,1.071534834,1.070982531,1.070378116,1.06972507,1.069025283,1.068262735,1.067452288,1.066590571,1.065675318,1.064701732,1.063673452,1.062592055,1.061458367,1.060258799,1.059005881,1.057697622,1.056332669,1.054903626,1.053417163,1.051874158,1.050275153,1.048608229,1.046885159,1.045105182,1.043267815,1.041365548,1.039406819,1.037392954,1.035325601,1.033195076,1.031013949,1.028783424,1.026504244,1.024175331,1.021805005,1.019398438,1.016965009,1.014501411,1.012030598,1.009565838,1.007111466,1.004741127,1.002474536,1.000385498,0.9989711609,0.990260405,0.9764919747,0.9595449942,0.9401449331,0.9187693506,0.8959034103,0.8718729578,0.8470190801,0.8215334303,0.7957067314,0.769806571,0.7438861486,0.7182939036,0.6931766862,0.6686465342,0.6450616649,0.6224294362,0.601013964,0.5809763741,0.5600649362,0.553345754,0.5494994888,0.5461760258,0.5433547584,0.5410190347,0.5389417804,0.537124678,0.53552505,0.5341471038,0.5329298677,0.5318535803,0.5308988143,0.5300657785,0.5293216848,0.5286563677,0.5280605831,0.5275353719,0.5270639143,0.5266409152,0.5262622271,0.5259289199,0.5256318664,0.5253680886,0.5251348284,0.5249346302,0.5247604282,0.5246109329,0.5244851423,0.5243835661,0.5243029235,0.5242417978,0.5241986117,0.5241761392,0.5241697064,0.5241791006,0.5242046661,0.5242451273,0.5243003896,0.5243691431,0.5244493789,0.5245454104,0.5246519204,0.524769741,0.5249008017,0.5250406529,0.5251931112,0.5253561337,0.5255264403,0.5257120694,0.5259047995,0.5261071882,0.526323791,0.5265455204,0.5267819762,0.527030641,0.52728313,0.5275615823,0.5278460739,0.5281406935,0.5284752479
1.1,1.070435187,1.071976565,1.073630361,1.075218435,1.076655273,1.07818348,1.079558167,1.080890677,1.082231635,1.083413006,1.084601348,1.085726556,1.086756688,1.087778022,1.088703697,1.089576344,1.090415447,1.09115026,1.091851054,1.092491123,1.093057669,1.093578191,1.094024794,1.094413983,1.094753859,1.095008886,1.095214005,1.095358096,1.095435159,1.095450807,1.09539867,1.095285556,1.095115053,1.094864324,1.094555187,1.094182192,1.093742001,1.093230994,1.092651618,1.092006821,1.091298149,1.09050761,1.089651895,1.088727934,1.087733619,1.086660797,1.085516383,1.084301696,1.08301736,1.081647523,1.080206994,1.078694021,1.077107381,1.075436748,1.07369187,1.07187361,1.069982558,1.068004515,1.065953891,1.063830239,1.061633318,1.059353349,1.057001723,1.054580061,1.052090498,1.049521545,1.046888752,1.044193949,1.041438342,1.038620648,1.03575154,1.032837509,1.02989023,1.026905974,1.023912938,1.020927491,1.017955012,1.015085541,1.012342754,1.009816445,1.008108179,0.9975223393,0.9807605077,0.9601255885,0.9365225837,0.9105580433,0.8828447657,0.8538001539,0.8238569799,0.7932686193,0.76239754,0.7315748197,0.7008753566,0.6707241574,0.6412910492,0.6127123306,0.5854051122,0.5593773142,0.5349318016,0.5122485381,0.4888157238,0.4813422129,0.4770955402,0.4734451235,0.4703659483,0.4678401999,0.4656105588,0.4636783561,0.4619950911,0.4605657968,0.4593205083,0.4582365998,0.4572918662,0.4564868001,0.4557835766,0.4551705144,0.4546370366,0.4541843878,0.4537931193,0.4534570993,0.4531714423,0.452937588,0.4527447553,0.4525895032,0.4524686636,0.4523850581,0.4523306089,0.4523037274,0.4523031311,0.4523295889,0.4523790529,0.4524499796,0.4525406957,0.4526539362,0.4527847662,0.4529327813,0.4530981043,0.4532798911,0.4534774324,0.453689497,0.4539141624,0.454155554,0.4544085168,0.4546737408,0.4549530137,0.4552425309,0.4555455901,0.4558604291,0.4561839629,0.456524365,0.4568736795,0.4572344708,0.4576117175,0.4579968587,0.4583997441,0.458818232,0.4592441188,0.4597017076,0.4601703533,0.460655564,0.4611874446
1.2,1.082609544,1.084948425,1.087371962,1.089726453,1.091938179,1.094208345,1.096330926,1.098399366,1.100454817,1.102351617,1.104232222,1.106036931,1.107738893,1.109404429,1.110965371,1.112456527,1.113893049,1.115212287,1.116475567,1.117660731,1.118757318,1.119781856,1.120716757,1.121574927,1.122362431,1.123045535,1.123656886,1.12418741,1.124632138,1.124989687,1.125260256,1.125448957,1.125558374,1.125564577,1.12549014,1.125330528,1.125082853,1.124738236,1.124304092,1.123782554,1.123174611,1.122459871,1.121657234,1.120764062,1.119778534,1.118687918,1.117503592,1.116226459,1.114856878,1.113376101,1.111801871,1.110132781,1.108367866,1.106492808,1.104521581,1.102454952,1.100293619,1.098020395,1.095653196,1.093191983,1.090636796,1.087975045,1.085221822,1.082379196,1.079450064,1.076420254,1.073309475,1.070120244,1.066854193,1.063509906,1.060100778,1.056634989,1.053127081,1.049572146,1.046005136,1.042445781,1.03890054,1.035478074,1.032206409,1.029193561,1.027158192,1.014436555,0.9942463575,0.9693789802,0.940953606,0.9097347206,0.8764914065,0.8417550117,0.8060714383,0.7697729191,0.7333087409,0.6970857889,0.6612077984,0.6261883226,0.5922211638,0.5594702162,0.5284137211,0.4990587689,0.4717454654,0.4466694538,0.4211086237,0.4130350703,0.408493747,0.4046174305,0.4013757263,0.3987495626,0.3964546536,0.3944914423,0.3928060219,0.3914038674,0.3902067618,0.3891892999,0.3883266284,0.3876193761,0.3870250787,0.3865306525,0.3861242122,0.3858070676,0.3855574222,0.3853683294,0.3852342379,0.3851567105,0.3851235712,0.3851309719,0.3851754005,0.3852596421,0.3853749112,0.3855193478,0.3856913303,0.3858918975,0.386116287,0.3863628743,0.3866300209,0.3869200914,0.3872282508,0.3875539305,0.3878968888,0.3882568808,0.3886325156,0.3890227341,0.3894260467,0.3898456326,0.3902773303,0.3907215651,0.3911795952,0.3916491079,0.3921321811,0.3926276817,0.393133364,0.393656257,0.3941900357,0.3947370163,0.3953018107,0.3958783375,0.3964749854,0.3970906888,0.3977190349,0.3983832466,0.3990655316,0.3997722957,0.4005299513
1.3,1.096919143,1.10039928,1.103928483,1.107391093,1.110731952,1.114088915,1.117315374,1.120476781,1.123599471,1.126573947,1.129503633,1.132344996,1.135079061,1.137742066,1.140293726,1.142756535,1.145138642,1.147391326,1.149560354,1.1516307,1.15359571,1.155455027,1.157206669,1.158857608,1.160410143,1.161835321,1.163160024,1.164378726,1.165488535,1.166476603,1.167353784,1.168121938,1.168781466,1.169308829,1.169725554,1.170029059,1.170217589,1.170273497,1.170212454,1.170034707,1.169740028,1.169305903,1.168752977,1.168079701,1.167284892,1.166348648,1.165289302,1.164106774,1.162800829,1.16134929,1.159773323,1.158072228,1.156245551,1.15427294,1.152174662,1.149951166,1.147603017,1.145109408,1.142492496,1.139752991,1.136891598,1.133890908,1.130771926,1.127536979,1.124189461,1.120712291,1.117129858,1.113445866,1.109662874,1.105777538,1.101808197,1.097764579,1.09366413,1.089500792,1.085317017,1.081136768,1.076968004,1.072938961,1.069084043,1.065531499,1.06313174,1.047953527,1.023777787,0.9939662701,0.9598982254,0.9225352166,0.8828426265,0.8414973069,0.7991889893,0.7563530062,0.7135483134,0.6712770003,0.6296830055,0.5893873901,0.5506131813,0.5135588963,0.4787706011,0.4462540763,0.4163861163,0.3893760035,0.3623892444,0.3539999872,0.3493581993,0.3454398271,0.3422068099,0.3396375181,0.3374277841,0.335575902,0.334023339,0.3327749856,0.3317461451,0.3309089763,0.3302364102,0.3297285457,0.3293396745,0.3290555079,0.3288631601,0.3287633907,0.3287330731,0.328764625,0.3288519036,0.3289962075,0.3291846967,0.3294132184,0.3296781086,0.329981533,0.3303148415,0.3306759427,0.3310629305,0.3314768056,0.3319126336,0.3323688354,0.3328440368,0.3333395573,0.3338515871,0.3343793323,0.3349221263,0.3354804618,0.3360523195,0.3366370764,0.3372340667,0.3378446095,0.3384666639,0.3391002295,0.3397457362,0.3404031355,0.3410726705,0.3417543028,0.3424474075,0.3431560601,0.3438776193,0.3446136276,0.3453672694,0.3461374693,0.3469287854,0.3477420714,0.348575017,0.3494447288,0.3503413545,0.351271115,0.3522514159
1.4,1.111355814,1.116483592,1.121618791,1.126700247,1.131700199,1.136665043,1.141533611,1.146330238,1.151059084,1.15566538,1.160193188,1.164622731,1.168946512,1.173157202,1.177254374,1.181241997,1.18511777,1.18885429,1.192473113,1.195969531,1.199342115,1.202566676,1.20566275,1.208628457,1.21146066,1.214137424,1.216676744,1.21907794,1.221340753,1.223436576,1.225390487,1.227199682,1.228861476,1.230352658,1.231693187,1.232882956,1.233921623,1.234779409,1.235483103,1.236030329,1.236419061,1.236623626,1.236667066,1.236549243,1.236269795,1.235798621,1.235163762,1.234363705,1.233397268,1.232237329,1.230909829,1.22941504,1.227753165,1.225895043,1.223869971,1.221677827,1.219318936,1.216767019,1.214050401,1.211170732,1.208129494,1.204902159,1.201518112,1.197979944,1.194291678,1.19043131,1.18643021,1.182293435,1.178024517,1.173616605,1.169095022,1.164471324,1.159766343,1.154971027,1.150138074,1.145296147,1.140454826,1.135763411,1.131264858,1.127110583,1.124301444,1.106240724,1.077312926,1.04156029,1.000686857,0.955907239,0.9084425241,0.8591624358,0.8089474978,0.7583735347,0.7081466841,0.6588975701,0.6108318361,0.5647116352,0.5208060065,0.479365551,0.4410222802,0.405785503,0.374070015,0.3460961463,0.319120872,0.3110093711,0.306664284,0.3030744087,0.3001888431,0.2979792268,0.2961384981,0.2946600961,0.2934827888,0.2926083748,0.2919506203,0.2914803052,0.291169373,0.2910160391,0.2909750254,0.2910315971,0.2911726049,0.2913972856,0.2916836564,0.2920240265,0.2924121341,0.2928481711,0.2933204327,0.2938249137,0.2943581907,0.2949208996,0.2955061762,0.2961119916,0.2967363764,0.2973797507,0.2980381701,0.2987104366,0.2993957779,0.3000936782,0.3008026566,0.3015219203,0.3022504253,0.302989227,0.3037363365,0.3044918804,0.3052564486,0.3060285208,0.3068095747,0.3075991943,0.3083966877,0.309204864,0.3100218922,0.3108492172,0.3116887172,0.312539526,0.3134048417,0.3142850382,0.3151806459,0.3160979734,0.3170354227,0.3179965195,0.3189854333,0.3200071402,0.3210654156,0.3221647334,0.3233078355
1.5,1.118290321,1.125672032,1.133020168,1.140346427,1.14766075,1.154885168,1.162073661,1.169193705,1.176217934,1.183169049,1.190006223,1.196742281,1.203385498,1.209868388,1.216244517,1.22249143,1.228591685,1.23454868,1.240348201,1.245999683,1.25150863,1.25681801,1.26197613,1.266968336,1.271783623,1.276410109,1.280852407,1.285116289,1.289204747,1.293067653,1.296748866,1.300238915,1.303530724,1.306601292,1.30946811,1.312134236,1.314600992,1.316821895,1.318838629,1.320645108,1.322236729,1.323583092,1.324710586,1.325620837,1.326314509,1.326747132,1.326960195,1.32695013,1.326714352,1.326218573,1.325495478,1.324546616,1.323373039,1.321933005,1.320268542,1.318378661,1.316263304,1.313888183,1.311290408,1.308472899,1.305438059,1.302151102,1.298653198,1.294947207,1.291037951,1.286895824,1.282562261,1.278043918,1.273345439,1.268454158,1.263405289,1.258212561,1.252900803,1.247455512,1.241943207,1.236397922,1.23083105,1.225414513,1.220202819,1.215374131,1.212102564,1.190612813,1.155940526,1.112949628,1.06375651,1.009906655,0.9529606176,0.8940499173,0.8343148302,0.7745291402,0.7156044519,0.6583541117,0.6030868411,0.5507618845,0.5017337013,0.4563437354,0.4153437949,0.3787588947,0.3470269468,0.3203443146,0.2964327295,0.2898159813,0.2865481083,0.2839956158,0.2820872259,0.2807809183,0.279805388,0.2791452317,0.2787422205,0.2785913099,0.2786164036,0.278790184,0.279087087,0.2795016825,0.2799971358,0.2805603027,0.2811797799,0.2818521133,0.2825612665,0.2833008514,0.284065625,0.2848535037,0.2856573609,0.2864741939,0.2873016095,0.2881375919,0.2889797436,0.2898266666,0.2906768898,0.2915293163,0.2923830699,0.293237802,0.2940937492,0.2949477931,0.2958024644,0.2966573097,0.2975113084,0.2983653037,0.2992188255,0.3000729887,0.3009299067,0.301784646,0.3026433223,0.3035053448,0.3043690122,0.3052396077,0.3061139874,0.306995239,0.3078880891,0.3087855898,0.3096980807,0.3106246632,0.3115624974,0.3125259895,0.313506442,0.3145103025,0.3155493749,0.3166122515,0.3177197753,0.3188731233,0.3200577933
1.6,1.101720345,1.111709763,1.121641067,1.131615245,1.141689288,1.151629986,1.161632739,1.171592595,1.181440986,1.191300057,1.201018096,1.210648185,1.220217884,1.229583925,1.238865789,1.248006522,1.256968388,1.265794971,1.274423775,1.282881597,1.291182248,1.299226829,1.30709883,1.314766524,1.322208057,1.329425146,1.336403339,1.343156353,1.349691142,1.355929531,1.361938994,1.367700905,1.37320197,1.378420088,1.383368285,1.388053665,1.392479653,1.396577756,1.400408917,1.403961896,1.407228474,1.410172555,1.412824209,1.415187447,1.417264293,1.41899146,1.420428003,1.421567578,1.422405699,1.422899139,1.423089045,1.422978771,1.42257064,1.421806504,1.420745144,1.419384451,1.417723835,1.415719121,1.413418524,1.410826782,1.407947785,1.40473324,1.401239967,1.397471084,1.393432253,1.389084774,1.384482404,1.379634052,1.374546033,1.369197476,1.363636781,1.357880011,1.351956388,1.345844842,1.339628095,1.333346472,1.327013526,1.320825041,1.31484961,1.309294864,1.305524804,1.280122436,1.238851206,1.187524965,1.128765503,1.064538286,0.9968381805,0.9271427506,0.8569358596,0.7872672567,0.7193301767,0.6541963267,0.5923515338,0.5350293785,0.4827414945,0.435978625,0.3956241715,0.3616765208,0.3344297108,0.3138106014,0.2984019254,0.2951962754,0.2941417972,0.2936050758,0.2934976539,0.2937651008,0.2942378797,0.2948922474,0.2956860633,0.296606797,0.2976080055,0.2986712459,0.2997800772,0.3009251451,0.302089478,0.303265123,0.3044456501,0.3056243928,0.3067974502,0.3079616945,0.3091145777,0.3102508377,0.3113718339,0.3124766546,0.3135648804,0.3146308807,0.3156794216,0.3167103742,0.3177234231,0.3187148955,0.3196891451,0.3206470413,0.3215900651,0.3225119814,0.3234205881,0.3243161405,0.3251981117,0.3260659274,0.3269223329,0.3277694642,0.328610789,0.3294380429,0.3302621976,0.3310828768,0.3318978866,0.332713296,0.3335264369,0.334341687,0.3351661929,0.3359871518,0.3368216996,0.3376679692,0.3385200077,0.3393982441,0.340288444,0.3411994004,0.3421494005,0.3431106986,0.3441200888,0.3451747429,0.3462455525
1.7,1.046177154,1.058318704,1.070419513,1.082678086,1.095203065,1.107588182,1.120182307,1.132797676,1.145317348,1.157975992,1.170492849,1.182964104,1.195437188,1.207684836,1.219895779,1.231973002,1.243854545,1.255629328,1.267177503,1.278543836,1.289750177,1.300651401,1.311367327,1.32184625,1.332053274,1.342005541,1.351665285,1.361054335,1.370183442,1.378943336,1.387426389,1.395603313,1.403453398,1.41095589,1.418117754,1.424950394,1.431459467,1.437552015,1.443310061,1.448716484,1.45375893,1.458395523,1.462659923,1.466558971,1.470096449,1.47318834,1.475913395,1.478262291,1.480228598,1.481760015,1.482906827,1.483674797,1.484068076,1.484010916,1.483580853,1.482774803,1.481591831,1.479978127,1.477993709,1.475645827,1.472940482,1.469815308,1.466344341,1.462531166,1.458382537,1.453851232,1.449003618,1.443851388,1.438402957,1.432629143,1.426592211,1.420310538,1.413817808,1.407086692,1.400215757,1.393251484,1.386209306,1.379307871,1.372628601,1.366406854,1.362182486,1.332933825,1.285216775,1.225808157,1.15788916,1.083913891,1.006382009,0.9271942313,0.8482556165,0.7709801044,0.696926176,0.627514845,0.563517878,0.5065005357,0.4571789765,0.416121663,0.3840509845,0.3604704651,0.3448178968,0.3360835505,0.3337239564,0.3350337527,0.3366995852,0.3385270545,0.3404405491,0.342393597,0.3443635052,0.3463280116,0.3482734843,0.3501847617,0.3520573033,0.3538869433,0.3556707316,0.3573966974,0.3590729625,0.3606986762,0.3622739373,0.3637891266,0.3652546678,0.3666714984,0.3680404065,0.3693526279,0.3706192884,0.3718418162,0.3730219093,0.3741501988,0.3752391062,0.3762899012,0.3773035861,0.3782733659,0.3792094459,0.3801138318,0.3809890369,0.381825828,0.3826370643,0.3834238108,0.384186264,0.3849213854,0.3856360235,0.386332988,0.3870165297,0.3876756903,0.3883254313,0.3889657852,0.3895945657,0.390216662,0.3908314973,0.3914440131,0.3920627095,0.3926702806,0.3932888177,0.3939159119,0.3945434147,0.3951940708,0.3958510357,0.3965242301,0.3972357154,0.3979450637,0.3987002237,0.3994945244,0.4002903293
1.8,0.9546854729,0.9677607484,0.980881786,0.994342836,1.008302323,1.022180328,1.036472864,1.050905993,1.065310928,1.080034867,1.094661557,1.10932656,1.124093852,1.138653589,1.153256126,1.1677624,1.182084123,1.196354683,1.210393094,1.224259474,1.237981492,1.251369415,1.26457426,1.277523505,1.290168305,1.302540779,1.314578006,1.326308631,1.33774615,1.348751639,1.359439598,1.36976998,1.379714532,1.389253979,1.398388551,1.407133597,1.415496837,1.423362123,1.430831389,1.437881966,1.444497638,1.450631644,1.456320915,1.4615754,1.466401042,1.4706944,1.474553555,1.477966697,1.480925878,1.483371397,1.485362126,1.486906838,1.488012127,1.488586127,1.488724799,1.488424499,1.487684394,1.486442943,1.484771021,1.482678841,1.480174886,1.477184318,1.47379733,1.470018074,1.465854469,1.461252186,1.456288624,1.450978046,1.445330632,1.439309558,1.43298902,1.426388888,1.419546037,1.412426602,1.405141898,1.397742253,1.390243438,1.382878741,1.37573848,1.369076723,1.36455366,1.332342001,1.279695346,1.214225436,1.139679616,1.059043153,0.9753656594,0.891040252,0.8084658226,0.729505739,0.6561561017,0.5902334831,0.5327888099,0.4854648697,0.4487536862,0.4224992531,0.4061967807,0.397943517,0.3958371207,0.3981373219,0.4053120857,0.4094809542,0.412772489,0.4159472478,0.4189599721,0.4217811715,0.4244870632,0.4270628349,0.4295158423,0.4318307365,0.4340316811,0.4361242711,0.43811435,0.4399875295,0.4417686448,0.4434613135,0.445069668,0.4465811264,0.4480160892,0.4493779735,0.4506696377,0.4518790745,0.4530245748,0.4541090067,0.4551353457,0.4560911358,0.456994411,0.4578473927,0.4586520281,0.4593986174,0.4601021069,0.460765177,0.4613908931,0.4619678005,0.4625124004,0.4630263775,0.4635106397,0.4639595354,0.4643836012,0.4647859297,0.4651709711,0.4655261751,0.4658688678,0.4661995648,0.4665164277,0.4668220479,0.4671185413,0.4674107673,0.4677074982,0.4679888415,0.4682793687,0.4685765065,0.4688709905,0.4691846288,0.4695005239,0.4698285381,0.4701915758,0.4705417319,0.4709320757,0.4713528752,0.4717638808
1.9,0.8386092298,0.8511818385,0.8639914715,0.8774236284,0.891681163,0.9060164721,0.9210564823,0.9364386638,0.951938879,0.9680103351,0.9840971675,1.000365819,1.016889963,1.033282876,1.049841085,1.066382124,1.082788973,1.09923575,1.115477299,1.131584272,1.147586679,1.163254273,1.178760667,1.194012221,1.20894533,1.223606492,1.237905744,1.251876809,1.265534843,1.278714154,1.291547446,1.303984236,1.315988865,1.327544562,1.338643764,1.349305634,1.35954011,1.369210072,1.378435825,1.387189765,1.395452311,1.403173621,1.410393132,1.417124439,1.423376279,1.429027498,1.434194962,1.438864901,1.443028301,1.446619916,1.449706311,1.452299807,1.454409948,1.455929685,1.45697297,1.457535624,1.457616828,1.457148308,1.456210487,1.454816417,1.452976831,1.450603629,1.447802481,1.444577082,1.440935252,1.43681429,1.432300872,1.427410333,1.422153135,1.416480055,1.410476843,1.404161844,1.397570981,1.390658952,1.383545953,1.376281384,1.368878448,1.361562331,1.35443175,1.347742185,1.34318277,1.309671307,1.254625678,1.186288599,1.108969846,1.0262242,0.9416958457,0.8583197683,0.779009177,0.7060196459,0.6416167094,0.5876293963,0.5447118322,0.5135339728,0.4933217158,0.4823637728,0.4788356462,0.4801154446,0.4841740633,0.4897111704,0.4980279357,0.5023334205,0.5056854027,0.5088637116,0.5118396487,0.514590014,0.517198931,0.5196574248,0.5219756546,0.5241371529,0.5261711803,0.5280844113,0.5298833193,0.5315506121,0.53311502,0.5345805819,0.5359517552,0.5372129562,0.538388341,0.5394816775,0.5404962349,0.5414171756,0.5422664732,0.5430473628,0.5437631293,0.5443991216,0.5449765105,0.545497985,0.545966065,0.5463686767,0.5467240835,0.5470352845,0.5473055381,0.5475221117,0.5477036869,0.5478525018,0.5479701378,0.5480487109,0.548101789,0.5481325162,0.5481452076,0.5481269237,0.548095972,0.5480534427,0.5479981611,0.5479301867,0.5478544252,0.5477753115,0.5477011866,0.5476116235,0.5475314853,0.547458432,0.5473830857,0.5473244782,0.5472673583,0.5472207114,0.5472061157,0.547173354,0.5471752404,0.5471999821,0.547209336
2,0.6985026774,0.7086727512,0.7194616425,0.731346724,0.744569104,0.7582182043,0.7730287852,0.7885408717,0.8044661459,0.8213525294,0.8384922894,0.8560668236,0.8741455681,0.8922719495,0.9107611637,0.9293832626,0.9479873352,0.9667812257,0.9854496444,1.004065378,1.022654886,1.040954031,1.059144991,1.077112635,1.094777381,1.112200057,1.129260317,1.145994731,1.162419047,1.178345357,1.193919134,1.209080075,1.223785342,1.238023412,1.251776616,1.265068214,1.277910991,1.290149593,1.301921019,1.313193302,1.323943935,1.334122757,1.343769923,1.352903402,1.361535428,1.369527979,1.377016361,1.38398476,1.39042292,1.39626101,1.401571797,1.406371082,1.410671143,1.414347694,1.417532806,1.420220381,1.422408005,1.424018112,1.425139442,1.425786228,1.425969634,1.425581293,1.424743435,1.42345586,1.421722365,1.41946421,1.416776601,1.413672202,1.410158306,1.406157894,1.401772421,1.397012319,1.391904183,1.386378035,1.38056028,1.374491805,1.368179218,1.361795435,1.355456092,1.349391162,1.345187877,1.313007456,1.259032167,1.191821975,1.116183242,1.036187056,0.9559991684,0.8789351495,0.8081299716,0.7457121662,0.6935438762,0.6526531559,0.6225267657,0.6025317935,0.5910121194,0.5856837091,0.5847557232,0.5859304983,0.5877517936,0.5895715341,0.5927936388,0.5954478486,0.5978941756,0.6002745608,0.6025601363,0.6047240947,0.6067931895,0.6087619009,0.6106300182,0.6123790777,0.6140266028,0.6155742208,0.6170233869,0.6183536053,0.6195885866,0.6207300246,0.6217802023,0.6227204111,0.6235744399,0.6243449581,0.6250345284,0.625625696,0.6261419049,0.6265860605,0.6269611651,0.6272508684,0.6274780212,0.6276455363,0.627756269,0.6277961381,0.6277859675,0.6277289038,0.6276282811,0.6274706943,0.6272762949,0.6270478929,0.6267878315,0.6264863932,0.6261598335,0.6258113841,0.6254451868,0.6250487565,0.6246407147,0.6242229063,0.6237951158,0.6233551442,0.6229106888,0.6224657297,0.6220279524,0.6215780328,0.6211397927,0.6207114965,0.6202845196,0.6198744873,0.619468749,0.6190751393,0.6187126255,0.6183329271,0.6179847219,0.6176550888,0.6173113073
2.1,0.5347435877,0.5377838831,0.5421761984,0.5485418779,0.5571868319,0.5670493179,0.5789604426,0.5923403861,0.6068133856,0.6230049042,0.6400110588,0.6579918031,0.6769759027,0.6964369849,0.7166502552,0.7373206261,0.7582468369,0.7796541626,0.8011394748,0.8227590423,0.8445218328,0.8661434789,0.887784525,0.9093073964,0.930614597,0.9517818293,0.9726516317,0.9932587757,1.013617071,1.033529325,1.053139521,1.072379433,1.091200083,1.109600964,1.12754877,1.145070175,1.162180758,1.178715306,1.194819275,1.210456954,1.225602959,1.240211351,1.254317155,1.267941758,1.281099911,1.293639185,1.305707491,1.317285156,1.32835843,1.338852269,1.348840223,1.358338561,1.367359041,1.375754947,1.383672757,1.391099842,1.398027174,1.404359357,1.41019026,1.415529753,1.420383784,1.424609219,1.428345127,1.43158042,1.434307254,1.436413866,1.438004896,1.439083216,1.439646745,1.439564232,1.438961751,1.437832908,1.436183109,1.433895878,1.431105215,1.427834571,1.424081055,1.419901915,1.415450973,1.410899873,1.407570329,1.380382163,1.331550795,1.269370764,1.198844606,1.124237916,1.049911792,0.9791435738,0.9148462706,0.8585824036,0.8116472131,0.7744748035,0.745995452,0.7253782613,0.7111794993,0.7014022462,0.6948098167,0.689443054,0.6842702762,0.6790032728,0.6746491393,0.6751331392,0.6764497038,0.6778745815,0.6793676715,0.6808932979,0.6823963585,0.6838727236,0.6853065738,0.6866768703,0.6879828623,0.6892188015,0.6903790145,0.6914395761,0.6924159538,0.6933064478,0.6941102627,0.6948054271,0.6954139209,0.6959368002,0.6963755168,0.6967099804,0.6969643933,0.6971411584,0.6972428342,0.697251349,0.6971910064,0.6970648811,0.6968761409,0.6966087914,0.6962861447,0.6959115675,0.6954885301,0.6950031441,0.6944770678,0.6939138092,0.6933166148,0.6926742565,0.6920057252,0.6913145038,0.6906047696,0.6898650014,0.6891140997,0.688354882,0.6875883848,0.6868107715,0.6860324521,0.6852572469,0.6844923582,0.6837206545,0.6829644947,0.6822230999,0.68148916,0.6807754805,0.6800722035,0.6793862435,0.6787335591,0.678070948,0.6774407029,0.6768294946,0.6762128441
2.2,0.424339747,0.4092337168,0.3955495846,0.3843384731,0.3763203756,0.3706119447,0.3684841042,0.3694659857,0.3732474202,0.3806886499,0.3906347804,0.403192272,0.4182641634,0.4351751278,0.4540139989,0.4743074626,0.4957079098,0.5183970188,0.5417836001,0.5658426476,0.5905122874,0.6154910574,0.6408424725,0.6663885623,0.6919992961,0.717765715,0.7434662068,0.7691203182,0.7947303755,0.8201166968,0.845384589,0.8704581932,0.8952814901,0.9198769947,0.944177206,0.9682066291,0.9919790327,1.015338804,1.038412387,1.061158199,1.083544632,1.105537253,1.127147292,1.148392455,1.169283123,1.18965943,1.209659802,1.229254229,1.248418274,1.267069076,1.28526534,1.303014462,1.320318378,1.337002413,1.353212879,1.368921862,1.384104797,1.398635665,1.412605914,1.426011633,1.438844587,1.450911212,1.462364333,1.473174348,1.483313895,1.492619384,1.501208157,1.509067012,1.516180061,1.522337736,1.527703312,1.532248823,1.53595127,1.53863106,1.540437997,1.541376011,1.541436584,1.540513228,1.538827281,1.536474267,1.534402918,1.51514277,1.473555182,1.417009227,1.350307015,1.277590275,1.203292007,1.130659392,1.062643602,1.000758611,0.9465577096,0.9008605081,0.8629503878,0.8325984785,0.8089062083,0.7901985889,0.7755756457,0.7630118484,0.7514645698,0.7405901892,0.7310415231,0.7304405986,0.7313197848,0.7324197404,0.7336851323,0.7350696555,0.7364682655,0.737875823,0.7392661361,0.740614848,0.7419108204,0.7431437624,0.7443036673,0.7453628319,0.7463334354,0.7472117651,0.7479952664,0.7486584586,0.7492240202,0.7496921973,0.7500639009,0.7503160596,0.7504751663,0.7505435198,0.7505236407,0.750395254,0.7501852878,0.7498972187,0.7495347245,0.749079731,0.748558736,0.7479755994,0.7473342352,0.7466199362,0.7458567135,0.7450489448,0.7442008895,0.7433001355,0.7423686545,0.7414105299,0.7404303745,0.7394175708,0.7383920113,0.7373576811,0.7363169062,0.7352652896,0.7342156676,0.7331721926,0.7321422823,0.7311111073,0.7301003122,0.7291102367,0.7281349638,0.7271865086,0.7262568542,0.7253528985,0.7244882483,0.7236261254,0.7228024988,0.7220039061,0.7212158718
2.3,0.5570256924,0.5301382603,0.5026587035,0.475390562,0.4488531408,0.4221664615,0.396606592,0.3719339747,0.3481708101,0.3265792034,0.3067068946,0.2893931577,0.2753868848,0.2648660692,0.2587359884,0.2570921303,0.2599186701,0.2676949665,0.2794669578,0.2949172482,0.3135989985,0.3349022443,0.3584226226,0.3836611552,0.4102330175,0.4381413258,0.4668838975,0.4963584414,0.5264694619,0.5570425693,0.5880278632,0.6192985069,0.6507557175,0.6824548272,0.7142218827,0.7460532242,0.7779376328,0.8097513418,0.8415377401,0.8732344243,0.9047890178,0.9361885112,0.9673771374,0.9983528886,1.029106774,1.059485363,1.089575375,1.119326623,1.148694275,1.177589437,1.206031371,1.234007956,1.261501797,1.288316242,1.314574937,1.34023025,1.365238004,1.389440237,1.412918083,1.4356502,1.457611902,1.478562686,1.498663904,1.517869327,1.536134033,1.553244776,1.569334864,1.584378566,1.598351166,1.610970163,1.622442285,1.632724845,1.641773286,1.649354912,1.655642949,1.66063184,1.664317536,1.666447432,1.667321743,1.666977161,1.666046674,1.654225632,1.617445431,1.562074799,1.492725859,1.413599456,1.329641837,1.244693183,1.162536578,1.085546138,1.016373374,0.9569000196,0.9071899098,0.8676970892,0.8377527073,0.8154910969,0.7996107491,0.7873650761,0.7770391265,0.7677736997,0.7605311683,0.7614210222,0.7633504873,0.7654107257,0.7675413943,0.7696901347,0.7717923994,0.7738411848,0.7758166176,0.7776909823,0.7794655305,0.7811337976,0.7826893062,0.7841003753,0.785389019,0.7865532372,0.7875922739,0.7884774191,0.7892378921,0.7898752246,0.790391427,0.7907602484,0.7910135896,0.7911546588,0.7911868785,0.7910871887,0.7908872404,0.7905912803,0.7902038291,0.7897047224,0.7891244809,0.7884678175,0.7877394552,0.7869234206,0.7860470242,0.7851155744,0.7841343513,0.7830900889,0.7820077583,0.7808923049,0.7797492191,0.7785682327,0.7773710982,0.776162908,0.7749470308,0.7737196926,0.7724953527,0.7712790101,0.7700791846,0.7688822865,0.7677108648,0.7665661532,0.7654429925,0.7643555485,0.7632955746,0.7622712414,0.7612953767,0.760336459,0.7594267515,0.75855227,0.7577092197
2.4,0.8260517054,0.8023459599,0.7774360693,0.7521550869,0.7269647679,0.7006428859,0.6745308944,0.6481546469,0.6213115199,0.5948906244,0.5682035704,0.5417246271,0.5157780887,0.4900350458,0.4652221987,0.4413453784,0.4185656419,0.397730854,0.3787759736,0.3623221407,0.3489585434,0.3390878695,0.3332710278,0.331721746,0.3345431691,0.3421589909,0.3539571174,0.3696974501,0.3890246033,0.4115421907,0.4367519148,0.4641959148,0.4934833426,0.5245423946,0.556853404,0.590236662,0.6245312699,0.6595697327,0.695192283,0.7312442211,0.7675945288,0.8042280046,0.8409551349,0.877722016,0.9144734223,0.9510620393,0.9874823557,1.023651879,1.05949628,1.094925921,1.129901316,1.164386549,1.198342459,1.231568246,1.264148368,1.29601966,1.327123167,1.357286961,1.386574835,1.414953385,1.442387703,1.468618304,1.493803768,1.517890687,1.540826342,1.562376105,1.582680913,1.601711265,1.619441722,1.635556499,1.650288028,1.663590362,1.675411942,1.685501231,1.694046606,1.701044802,1.706501071,1.710100116,1.712190536,1.712790829,1.712409099,1.704108692,1.666842965,1.606671117,1.528496904,1.437150057,1.338716633,1.238332944,1.14129185,1.051491276,0.9730392255,0.9089190288,0.8596645812,0.8254422163,0.8045881075,0.7937425676,0.7899983016,0.7892950309,0.7889436655,0.7877024978,0.7876824531,0.7913109081,0.7949055536,0.7984031287,0.801760134,0.8049296498,0.8079401509,0.8107867915,0.8134671471,0.815951908,0.818267678,0.820416651,0.8224001001,0.8241832382,0.8258039236,0.8272638706,0.8285658774,0.8296786433,0.8306402305,0.8314544047,0.8321248743,0.8326228121,0.8329861687,0.8332194278,0.8333271894,0.8332839414,0.833126082,0.8328586947,0.8324870635,0.8319894551,0.8313998134,0.8307236699,0.8299665219,0.8291111891,0.8281878949,0.8272026255,0.8261613137,0.8250503471,0.8238967324,0.822706166,0.8214849788,0.8202227174,0.8189429975,0.8176516137,0.8163523299,0.815042672,0.8137375224,0.8124428073,0.8111684598,0.8099005902,0.8086637996,0.8074595829,0.8062826908,0.8051509224,0.8040541747,0.8030025572,0.8020091092,0.8010454241,0.8001426455,0.7992857337,0.7984812881
2.5,1.048936358,1.029243614,1.007951392,0.9861482236,0.9644544823,0.9411187231,0.9179755495,0.8943245634,0.8698217449,0.8456278503,0.8207220422,0.7956868051,0.7708733023,0.7456007482,0.7207858533,0.696224313,0.6718897181,0.6485211188,0.6257755025,0.6041012782,0.5838711879,0.5651026255,0.5483683989,0.5338200879,0.5216748156,0.5126437255,0.5065989795,0.5038600953,0.504638879,0.5090046721,0.5169341907,0.5282482565,0.5427275387,0.5604468763,0.5808382263,0.6036786628,0.6287248166,0.6557333719,0.6843957435,0.7144348761,0.745605724,0.7778413096,0.810804205,0.8443589357,0.8783766443,0.9126761333,0.9471567617,0.9816840715,1.016138822,1.050420828,1.084424946,1.118086011,1.151339228,1.183983143,1.216058693,1.247486747,1.278194568,1.308013818,1.33698091,1.365053807,1.392190742,1.418139868,1.443041027,1.466837989,1.489475574,1.510728556,1.53072577,1.549437818,1.566840636,1.582627797,1.59702523,1.609989135,1.621470286,1.631231055,1.639454167,1.646142616,1.651307053,1.654653177,1.656529625,1.656968816,1.656529502,1.647905041,1.606412037,1.538695074,1.450583743,1.348204781,1.239381767,1.131162294,1.030812381,0.9439395564,0.8756095445,0.8285340758,0.8015317919,0.7917114395,0.7944932482,0.8041256313,0.8163640958,0.8268873883,0.8332987045,0.8351530228,0.8357231046,0.8395281871,0.8432400184,0.8468041572,0.8501951492,0.8533737095,0.8563781109,0.8592097575,0.861869352,0.8643268549,0.8666133096,0.8687314254,0.8706825719,0.8724300527,0.8740137952,0.8754355719,0.8766981059,0.8777678321,0.8786849893,0.8794531388,0.880075892,0.8805229038,0.8808337015,0.8810128212,0.8810649121,0.8809631923,0.8807456117,0.8804172892,0.8799836077,0.8794221601,0.8787680012,0.8780268649,0.8772045336,0.8762832786,0.8752944303,0.8742441929,0.8731386613,0.8719643879,0.8707488913,0.8694982493,0.8682193233,0.866901455,0.8655692281,0.8642286689,0.8628834901,0.8615327001,0.8601905589,0.858863684,0.8575632195,0.8562744007,0.855023703,0.8538124961,0.8526351082,0.8515126699,0.8504329457,0.8494079043,0.8484506213,0.8475353127,0.8466922471,0.8459054312,0.8451914906
2.6,1.198618006,1.178905353,1.157256832,1.135100626,1.113299363,1.089491244,1.06614542,1.042305675,1.01747165,0.9932838626,0.9682631362,0.943199015,0.9185635725,0.8933535608,0.8688036269,0.8445580059,0.8204953017,0.7975542309,0.7751291024,0.7537160223,0.7336770894,0.7147972036,0.6977096124,0.682404962,0.6689655198,0.6580718904,0.6494392418,0.6433679375,0.6400665138,0.639530452,0.6418814185,0.6470066508,0.6547864745,0.6654341141,0.6784950766,0.6938743214,0.7114334066,0.7309664627,0.7522646181,0.7750801403,0.7991867611,0.8245447566,0.8508121468,0.8778592287,0.905556473,0.9337058357,0.9622087635,0.9909168743,1.019698805,1.048461491,1.077078721,1.105481873,1.133602738,1.161242824,1.18843397,1.215092574,1.241143074,1.266437748,1.29099372,1.314771233,1.337730771,1.359641917,1.380628652,1.400636263,1.419611971,1.437360806,1.453988999,1.469471132,1.483786375,1.496661199,1.508297006,1.518653693,1.527688165,1.535195224,1.541336519,1.546121581,1.549561756,1.551429002,1.552042527,1.551464409,1.550440193,1.54034216,1.494985618,1.422459911,1.33017371,1.226255737,1.120814115,1.023096548,0.9418723021,0.8825580083,0.8477482623,0.8357047443,0.840361441,0.8550354068,0.8741048614,0.8921345384,0.9062416293,0.9136070321,0.9133275415,0.9062986815,0.8957563049,0.8960141317,0.8977428883,0.8995836163,0.9015074226,0.9034752811,0.905400457,0.9072916606,0.9091282028,0.9108791905,0.9125466767,0.9141212943,0.9155928246,0.9169239737,0.9181363091,0.9192261467,0.9201908482,0.920994626,0.9216704174,0.9222182089,0.9226389043,0.922901473,0.9230413226,0.9230613635,0.9229647951,0.922724562,0.9223764258,0.9219247009,0.9213740523,0.9207020108,0.9199425165,0.9191008836,0.918182669,0.9171701856,0.9160942906,0.9149610556,0.9137763442,0.91252753,0.9112413837,0.9099241665,0.9085832427,0.9072078434,0.9058230798,0.904435011,0.9030470343,0.9016603935,0.9002878521,0.8989368587,0.8976199213,0.8963214436,0.8950697938,0.8938661498,0.8927043875,0.8916098076,0.8905675472,0.8895916909,0.8886956515,0.8878568523,0.8871047161,0.886422713,0.8858371513
2.7,1.31650899,1.291711299,1.264469971,1.236558616,1.209125189,1.179198738,1.149950716,1.120193083,1.089275675,1.059416321,1.028651488,0.9980319864,0.9682126707,0.9378863085,0.908682189,0.8801173115,0.8520088898,0.8256831074,0.8002308262,0.7763051823,0.7543697747,0.7341009666,0.7162773097,0.7008064067,0.6877116433,0.6778362513,0.6706531797,0.6664550415,0.6654013227,0.6673427853,0.6723431858,0.6801564474,0.6905509061,0.7037108712,0.719045742,0.7364261464,0.7556841615,0.7765281108,0.7987794717,0.8221681563,0.8464573622,0.8716040386,0.8972796904,0.9233770346,0.9497878497,0.9762705565,1.002799798,1.029234815,1.055453783,1.081361302,1.106867621,1.131927461,1.156494273,1.180342082,1.203565693,1.226091749,1.247856437,1.268720962,1.288730707,1.307867647,1.326112522,1.34323452,1.35939664,1.374557098,1.388677869,1.40159237,1.41341756,1.424147965,1.433780121,1.442071997,1.449231481,1.455233012,1.460052452,1.463525482,1.465811021,1.466937555,1.466924149,1.46564192,1.463392425,1.460294508,1.457573208,1.448400582,1.405240968,1.338634087,1.257629365,1.171931776,1.092490469,1.027923333,0.9841197755,0.9612603989,0.9565458923,0.9646689825,0.97867651,0.9931732469,1.005181515,1.011507521,1.01132513,1.003026692,0.9867707642,0.9641665195,0.9372953388,0.9327158491,0.9317811847,0.9313433918,0.931354579,0.931772831,0.9323327566,0.9330501884,0.9338738137,0.9347735669,0.9357088619,0.936653901,0.9375828932,0.9384601148,0.9392799666,0.9400314439,0.9407047263,0.9412628967,0.9417270265,0.9420921768,0.9423554752,0.9424865886,0.9425134274,0.942436622,0.9422573413,0.9419491893,0.9415435473,0.9410434523,0.9404523473,0.9397488325,0.9389637902,0.9381019132,0.9371684119,0.9361461833,0.9350645642,0.9339292557,0.9327455268,0.9315028898,0.9302258203,0.9289209119,0.9275963168,0.9262413336,0.9248815052,0.9235227177,0.9221676798,0.9208221133,0.919495431,0.9181965196,0.9169402432,0.9157099693,0.9145369551,0.9134220155,0.9123581262,0.911378919,0.9104640703,0.9096312765,0.9088964312,0.9082399182,0.9076927191,0.9072380312,0.9069108397
2.8,1.424862019,1.398986591,1.369934795,1.339630249,1.309377959,1.275763626,1.24244024,1.208082876,1.171921103,1.136440736,1.099434477,1.062102056,1.025218581,0.9871514625,0.9498974938,0.9128689803,0.875818747,0.8403727548,0.8054403745,0.7718656978,0.7402987927,0.7103816977,0.6832528792,0.6589233525,0.6375735727,0.6205631296,0.6073413676,0.5984893902,0.5943799902,0.5949299676,0.6002417507,0.6099449339,0.6236419765,0.6414909966,0.6625147469,0.6864000743,0.7127866191,0.7411459692,0.7711437035,0.802339095,0.8343555191,0.86704315,0.8999688633,0.9329682588,0.9658840482,0.9983261066,1.030317831,1.061676099,1.092245768,1.121845044,1.150434137,1.177970541,1.204412909,1.229419689,1.253209622,1.275711367,1.296868511,1.31649041,1.334719369,1.351570563,1.367058936,1.380900995,1.393387152,1.40450564,1.414252506,1.422472854,1.429365735,1.434973989,1.439340326,1.442248178,1.443979534,1.444547623,1.443970541,1.442146596,1.43926446,1.435395376,1.430587562,1.424828432,1.418429754,1.411579738,1.40620404,1.404908201,1.374156145,1.326145719,1.268942025,1.210096759,1.157237388,1.115010348,1.085756753,1.067624741,1.058478082,1.055477049,1.054604846,1.053206171,1.050129873,1.043075101,1.031542017,1.01363887,0.9892570833,0.9597229175,0.9264307487,0.9203190848,0.9186152676,0.9175474975,0.9170598524,0.9171143353,0.9173837842,0.9178884076,0.9185678586,0.9193985524,0.9203221974,0.9213084416,0.9223270045,0.9233480463,0.9243522874,0.9253263226,0.9262579226,0.9271144029,0.9279076911,0.9286307503,0.9292788251,0.9298260754,0.9302922686,0.9306767136,0.9309792669,0.9311767232,0.9312942894,0.9313336062,0.9312966476,0.9311654699,0.930964857,0.930698591,0.9303712565,0.9299670283,0.9295116924,0.9290096697,0.9284646096,0.9278694694,0.9272434163,0.926592865,0.9259265478,0.9252324703,0.9245361883,0.9238423288,0.9231513688,0.922474754,0.9218158055,0.9211849494,0.9206001584,0.9200400644,0.9195416301,0.9191041054,0.9187176982,0.9184277293,0.9182052007,0.9180731877,0.9180532979,0.918122803,0.9183222275,0.9186338084,0.919098179
2.9,1.498845051,1.4832384,1.46386431,1.442597144,1.420722781,1.394550766,1.367913928,1.339419875,1.308211257,1.276610429,1.242462139,1.206949052,1.170833556,1.132125135,1.093070691,1.052987606,1.01153456,0.9702054179,0.9279518088,0.8856234493,0.8438877704,0.8021342995,0.7618092661,0.7229622503,0.685880904,0.6522546672,0.6218657006,0.5958427726,0.5752128479,0.560472768,0.5524815795,0.5513204085,0.5568648704,0.5695839268,0.5881489432,0.6120047158,0.6404410558,0.6724961883,0.707441299,0.7444569335,0.7828498208,0.8222382555,0.8619377929,0.9016344584,0.9410473041,0.9795775268,1.01724809,1.053799497,1.089018097,1.122612283,1.15458536,1.184891332,1.213492421,1.239928526,1.264552893,1.287303034,1.308137601,1.326829055,1.34362568,1.358588488,1.371780659,1.382883597,1.392324376,1.400130263,1.406337813,1.410839102,1.413898859,1.415617207,1.416093544,1.415147349,1.413128223,1.410081804,1.406053663,1.401040762,1.395204985,1.388650898,1.381456928,1.37364524,1.365516829,1.357242158,1.350901542,1.361197247,1.343458682,1.308771181,1.262822869,1.210770868,1.15875997,1.11127395,1.072071675,1.041898405,1.02154221,1.010425891,1.005590897,1.00429399,1.004355062,1.002162565,0.9959682456,0.9829862947,0.9625903822,0.936064052,0.9053902645,0.8999647119,0.8987851619,0.8982289477,0.8982484145,0.8988194586,0.8996281663,0.9006976297,0.9019717888,0.9034358818,0.9050278835,0.9067188298,0.9084791719,0.9102860376,0.9121135629,0.9139479605,0.9157764988,0.917571472,0.9193375457,0.921066349,0.9227515684,0.9243711164,0.9259372879,0.9274477116,0.9289006383,0.9302740137,0.9315873819,0.9328402194,0.9340321232,0.935145793,0.9362005928,0.9371984586,0.9381424132,0.9390137526,0.9398364241,0.9406125209,0.9413429219,0.9420192033,0.9426576379,0.9432634959,0.9438451738,0.9443833473,0.9449073815,0.9454195995,0.9459172459,0.9464112267,0.9469030295,0.9474039343,0.9479342944,0.9484606768,0.9490313707,0.9496432963,0.9502830942,0.9510004878,0.9517636167,0.9526004091,0.9535381068,0.9545416982,0.9556690717,0.956901128,0.9582810677
3,1.562954612,1.564329227,1.561293636,1.555616016,1.548506921,1.535961762,1.521953039,1.50500478,1.484160278,1.461489593,1.434946436,1.405691786,1.3744767,1.338885902,1.301499813,1.261556661,1.218639097,1.17401969,1.126793935,1.077805079,1.027699968,0.9754738132,0.9228474653,0.8697564552,0.8163773479,0.7642580899,0.7132918699,0.6647399981,0.6199407972,0.5797945168,0.5462111887,0.5203810019,0.5034496998,0.4974049468,0.5015155691,0.5155399672,0.5385266929,0.5689234994,0.6051413345,0.6455773414,0.68887984,0.7342183303,0.7804088707,0.8268571478,0.8730729354,0.9182397285,0.9623028623,1.004915877,1.045801817,1.084581625,1.121278431,1.155844857,1.188251188,1.217933708,1.245362977,1.270480358,1.293249278,1.313410421,1.331285407,1.346968868,1.360558911,1.371658925,1.380825462,1.388094147,1.393509672,1.396976589,1.398800318,1.399119159,1.39807035,1.395438292,1.391666204,1.386809622,1.380926802,1.374078007,1.366424432,1.358113145,1.349258764,1.339912512,1.330417818,1.320964191,1.313833956,1.325174143,1.30701954,1.270116603,1.219659627,1.161224092,1.102519598,1.050349334,1.010851309,0.9862028272,0.976903166,0.9806111042,0.9917385861,1.004923238,1.016470578,1.021880388,1.019466631,1.006898565,0.9843313531,0.9539956333,0.9181921686,0.9107750092,0.9086305762,0.9073139339,0.9067734714,0.9069955361,0.9075777431,0.9085489107,0.9098393555,0.9114381469,0.913258516,0.9152621226,0.9174105062,0.9196845535,0.9220389985,0.9244552465,0.9269155352,0.9293915146,0.931878006,0.9343620988,0.9368335779,0.9392695586,0.9416751633,0.9440449589,0.9463742086,0.9486377884,0.9508516986,0.953012619,0.9551173337,0.9571447133,0.9591123308,0.9610199784,0.9628689013,0.9646339291,0.9663407973,0.9679894708,0.9695784638,0.9710942665,0.9725545902,0.9739638542,0.975330315,0.9766250411,0.977884576,0.9791096549,0.980295221,0.9814485579,0.9825737203,0.9836831171,0.9847995511,0.9858770239,0.9869769007,0.9880946975,0.9892148052,0.9903879978,0.9915838262,0.9928345949,0.9941723436,0.9955507189,0.9970441465,0.9986330676,1.000363179
3.1,1.598766948,1.620056781,1.636363448,1.649403579,1.660362548,1.664793825,1.666912186,1.665082513,1.658184269,1.648239498,1.633104554,1.614000915,1.591741156,1.563336217,1.531868852,1.496438031,1.456506499,1.413280213,1.365861347,1.315166832,1.261880871,1.204434384,1.144974261,1.083232451,1.019169043,0.9540510851,0.8876019851,0.8208299865,0.7547392785,0.6894930653,0.6270402436,0.56844758,0.5152815323,0.471165353,0.4376584093,0.4176864451,0.4132259442,0.4244388878,0.4494924347,0.4854335565,0.529256226,0.5789123678,0.6317741727,0.6864739483,0.7419805948,0.797140661,0.8515643193,0.9047246747,0.9562116452,1.005548743,1.052663461,1.097456582,1.139858806,1.179153529,1.215856019,1.249853737,1.281052141,1.309070919,1.334255401,1.356677893,1.376417496,1.392844939,1.406673356,1.417888502,1.426490729,1.432262442,1.435599647,1.436659719,1.435600038,1.432037487,1.426631093,1.419449793,1.410592271,1.400105503,1.38831299,1.375463945,1.361747669,1.347381887,1.332891218,1.318679149,1.308172776,1.305788302,1.273874348,1.226442599,1.169793362,1.110791315,1.058124619,1.018852372,0.9978776761,0.9943573004,1.005088653,1.024819005,1.046348311,1.064057071,1.075272442,1.076487445,1.067254743,1.046084549,1.014011901,0.9740103076,0.9278521232,0.9170053466,0.913042018,0.9102103653,0.9084458427,0.9077439101,0.907564994,0.9079464849,0.9087978812,0.9101133122,0.9117717427,0.9137222078,0.9159143696,0.9183355281,0.920913866,0.9236250158,0.9264450538,0.9293464759,0.9323105935,0.9353191299,0.9383573436,0.9414034351,0.9444522726,0.9474949878,0.9505234542,0.9535111219,0.9564679903,0.9593875884,0.9622635971,0.9650725179,0.9678279593,0.9705272625,0.9731695292,0.9757245863,0.9782178455,0.9806469156,0.9830076125,0.9852825244,0.9874890231,0.9896303763,0.9917143608,0.9937036883,0.9956402803,0.9975230948,0.9993445634,1.001109404,1.002822778,1.004498058,1.006160231,1.007752116,1.009346637,1.010937944,1.012508193,1.014110517,1.015714769,1.017357694,1.019076608,1.020815013,1.022663384,1.024602228,1.026678956
3.2,1.538452871,1.575080576,1.606854061,1.635542437,1.66239605,1.682475392,1.700274449,1.71390676,1.722002323,1.726883554,1.725932903,1.720498155,1.711511464,1.695328355,1.675565072,1.651081042,1.621126327,1.587089524,1.54777436,1.504236392,1.457259078,1.404568529,1.348880565,1.289682093,1.226709466,1.161158065,1.092522062,1.0217351,0.9496100319,0.8753176967,0.8008159637,0.7262908169,0.6522117127,0.5809667018,0.5130632169,0.4511654129,0.3988410371,0.3602861247,0.3403520621,0.3415439948,0.362894161,0.4016047495,0.4514039873,0.5083880407,0.5696892696,0.6330162608,0.6970638038,0.7607899899,0.8234403607,0.8844041131,0.9433036336,0.9999296316,1.054128419,1.104966843,1.152963589,1.197901383,1.23957811,1.277504154,1.311977139,1.343046701,1.370780497,1.394228499,1.41432668,1.430984755,1.444131064,1.453458371,1.459419258,1.462218935,1.462066207,1.458306998,1.451925123,1.442974158,1.43156292,1.417772081,1.402039602,1.384747781,1.366189193,1.346654111,1.326954519,1.30768578,1.293484922,1.279138561,1.237836811,1.187321254,1.134243043,1.084823065,1.045882753,1.021815197,1.014573702,1.020903013,1.036686738,1.057214511,1.076417467,1.089955077,1.096200336,1.092106229,1.077548623,1.051022465,1.013714402,0.9688496284,0.9179838192,0.9054515974,0.9007126902,0.8972957458,0.8951256297,0.8942072629,0.8939219835,0.8943122923,0.8952767248,0.8968168673,0.8987890366,0.9011356238,0.903799947,0.9067766789,0.9099751796,0.9133675975,0.9169261516,0.9206256929,0.9244363327,0.928335752,0.9323055735,0.9363250589,0.9403799442,0.9444581894,0.9485484014,0.9526216749,0.9566826522,0.9607214947,0.964728476,0.9686760712,0.9725746239,0.9764185625,0.9802043391,0.9838944863,0.9875151309,0.9910609264,0.9945245799,0.9978816369,1.001150924,1.004333914,1.007437214,1.01041212,1.013307751,1.016120836,1.018841083,1.021466262,1.024005878,1.02647361,1.028895898,1.031201042,1.03347587,1.035713064,1.037892569,1.040064667,1.042203852,1.044350606,1.046547029,1.048722325,1.050986362,1.05331983,1.055770607
3.3,1.387668648,1.431011783,1.470715094,1.508577155,1.545896902,1.577440819,1.607733227,1.634634056,1.656500705,1.676056031,1.690030746,1.699830236,1.706458299,1.705731601,1.701568198,1.692552911,1.677665518,1.658534844,1.633499234,1.603709901,1.570031842,1.529478287,1.48528176,1.436671718,1.383151691,1.325948948,1.264323845,1.199269443,1.131608672,1.059684327,0.9858940862,0.9099981395,0.8319414769,0.7533754658,0.6739345114,0.5949488568,0.5180027582,0.444081707,0.3769471259,0.320637006,0.2814800948,0.2693477977,0.2850356667,0.3242346683,0.3791601051,0.4428828525,0.5112654818,0.5815931182,0.6521782038,0.7222542313,0.7907711406,0.8574205623,0.9220099626,0.9832842863,1.041875661,1.097407974,1.149506546,1.197831254,1.242388546,1.283285621,1.320668931,1.353091649,1.381874193,1.406747794,1.427448916,1.443833189,1.456092276,1.464545182,1.469523673,1.469784291,1.466854977,1.460614766,1.451014856,1.438369897,1.422908285,1.405204556,1.38571774,1.364373223,1.342551221,1.320833835,1.304504404,1.280219873,1.230990851,1.176634913,1.123244765,1.07562411,1.038856741,1.015973122,1.008453974,1.013425814,1.02762194,1.047270183,1.066703356,1.081567462,1.089904714,1.087987294,1.0752379,1.049743664,1.012640427,0.9674184277,0.9159674696,0.9029687257,0.8981716255,0.8947837201,0.8927235491,0.8920018911,0.8919644701,0.8926575506,0.8939759343,0.8959247343,0.8983516238,0.9011963964,0.9043998152,0.9079595846,0.9117769323,0.9158225145,0.9200666602,0.9244827309,0.9290370032,0.9337046188,0.9384647541,0.9432935311,0.9481740842,0.9530919847,0.9580333648,0.9629633043,0.9678864975,0.9727904339,0.9776627162,0.982468181,0.9872190033,0.9919072421,0.9965270946,1.001031176,1.005450261,1.009776732,1.014000944,1.018088327,1.022063472,1.025926323,1.029682394,1.033270438,1.036748965,1.040113177,1.043351029,1.046450459,1.049429062,1.052300665,1.055092532,1.057719118,1.060281069,1.062770386,1.06516591,1.067511449,1.069789806,1.072044104,1.074319731,1.07653326,1.078811524,1.081135967,1.083555634
3.4,1.1992111,1.239669742,1.278717787,1.31793076,1.35843451,1.395490226,1.432868619,1.468441252,1.500495282,1.531657483,1.558445407,1.582019637,1.603220732,1.617949227,1.62971193,1.637011378,1.63867922,1.636239475,1.627848514,1.614545057,1.597140561,1.572353501,1.543493789,1.509682279,1.470290931,1.426422843,1.377310024,1.32394011,1.267137479,1.204771945,1.139542557,1.071063596,0.999115652,0.9249084126,0.8480309925,0.7694144009,0.6899408318,0.6089490492,0.5285192721,0.4492224496,0.3722439268,0.3025382571,0.2445149291,0.2093837192,0.2097027096,0.2442529375,0.3013861457,0.3697029994,0.4428181641,0.5191022449,0.595328872,0.6710504003,0.7461498013,0.8184654982,0.8891759316,0.9574491468,1.022408946,1.08459022,1.142852151,1.197564226,1.249180516,1.295008548,1.337342395,1.375375496,1.408279739,1.436763168,1.45992501,1.478445109,1.493031214,1.501022844,1.505233201,1.505040271,1.499937093,1.49111936,1.47794436,1.461477876,1.442605568,1.420213294,1.396976939,1.373232848,1.354793016,1.313932757,1.246593995,1.175913229,1.108861798,1.050362228,1.00548828,0.9772738721,0.9674604049,0.9733895521,0.9915846623,1.017855272,1.045674383,1.069659806,1.086841519,1.092421822,1.085174415,1.062788864,1.026467916,0.9801884707,0.9261502315,0.9118974542,0.9064651612,0.9025275297,0.9000039855,0.8989139641,0.898552925,0.8989769727,0.9000769362,0.9018597398,0.9041671018,0.9069358804,0.9101042313,0.9136738103,0.9175379277,0.9216669747,0.9260302174,0.9305998418,0.9353400027,0.9402238775,0.9452291421,0.9503305926,0.9555090216,0.9607485844,0.9660336853,0.9713257575,0.9766289525,0.9819288249,0.9872110318,0.992435219,0.9976141975,1.002737986,1.00779878,1.012742504,1.017602024,1.022367709,1.027027873,1.031540269,1.035932877,1.040203877,1.044357119,1.04832251,1.052163762,1.055874545,1.059441207,1.062843105,1.066103704,1.069236006,1.072266755,1.075100564,1.077846493,1.080495823,1.08302672,1.085475688,1.087832978,1.090142603,1.092451062,1.09466663,1.096926804,1.099214138,1.101579095
3.5,1.051247538,1.081822576,1.112787762,1.145612714,1.181221658,1.215933579,1.252470639,1.288982577,1.32399291,1.35952978,1.392513767,1.423643026,1.453368983,1.478411618,1.501183754,1.520372939,1.534906172,1.545783791,1.551441101,1.552600632,1.54984076,1.540253768,1.526612234,1.508137576,1.484278121,1.455696358,1.421920632,1.38376335,1.341837427,1.294167722,1.243125686,1.188371577,1.129817796,1.06776703,1.002422117,0.9343515212,0.8638623946,0.7904382233,0.7151921266,0.6382944903,0.5602450164,0.4816044332,0.4037059285,0.3284702476,0.2599610241,0.2074552427,0.1864874476,0.2077123148,0.2602777147,0.332435779,0.4111695492,0.4934420559,0.5784564581,0.6614613643,0.7448236924,0.8265871631,0.9047120426,0.981717645,1.053979928,1.122518247,1.188511638,1.246838862,1.301862842,1.351795463,1.394839277,1.433591227,1.465108072,1.490877136,1.512382244,1.524759407,1.533011074,1.535745706,1.531802608,1.524025203,1.510288811,1.492472637,1.472119387,1.446698547,1.420632265,1.39383834,1.372664189,1.316863274,1.231527477,1.144396193,1.064236278,0.9967806504,0.9475129553,0.9194597143,0.9142546956,0.9288556838,0.9590497162,0.9995737478,1.042409671,1.080616967,1.109667491,1.123499933,1.120376282,1.097934947,1.058033151,1.005746113,0.9433758427,0.9258565679,0.9185924801,0.9130464415,0.9091334041,0.9068860067,0.9054781201,0.9049806306,0.9052694788,0.9063525514,0.9080514628,0.910293473,0.9130084679,0.9162056882,0.9197589092,0.9236368502,0.9278060211,0.9322391113,0.9368935787,0.9417395463,0.9467526465,0.9519094719,0.9571846296,0.9625608378,0.9680206866,0.9735248958,0.9790740109,0.9846516597,0.9902416554,0.99580077,1.001339918,1.006846954,1.012311767,1.017675859,1.022971364,1.028186461,1.033307299,1.038284809,1.043148472,1.047894085,1.052523071,1.056957593,1.061264061,1.065434084,1.069452182,1.073287909,1.076970044,1.080509598,1.08393128,1.087130253,1.090221498,1.093195126,1.096028478,1.098746651,1.101348949,1.103878319,1.106380045,1.108753431,1.111144227,1.113535582,1.115978648
3.6,0.980398486,1.001804806,1.021347553,1.042956295,1.069612492,1.093624402,1.12229333,1.152155767,1.180478064,1.213258334,1.243659133,1.273871073,1.30547346,1.332450699,1.359851996,1.385066758,1.405997996,1.426367183,1.441731562,1.453814965,1.46393266,1.467148106,1.468108836,1.465033432,1.456660008,1.445369649,1.428720395,1.408183654,1.38466598,1.354737895,1.32187492,1.284980433,1.243594247,1.19826069,1.148473586,1.094950454,1.037732039,0.9756778818,0.910068897,0.840753754,0.7683054009,0.6917890087,0.6129909742,0.5324168049,0.4504550764,0.3709915888,0.2968817696,0.2376559955,0.2099787938,0.2284199135,0.2843859585,0.3608077319,0.4478457262,0.5379993358,0.6302356586,0.7219817434,0.8109386162,0.898358719,0.9811452264,1.059769898,1.134798152,1.202048568,1.26469397,1.321364472,1.370890584,1.414140826,1.449965186,1.479259948,1.502722207,1.51746314,1.526605354,1.529665408,1.526564406,1.517592328,1.503367543,1.48480036,1.462393888,1.43634033,1.408441695,1.379846588,1.358234536,1.293413558,1.198532176,1.102900986,1.016633591,0.9468935421,0.8992629383,0.8776101388,0.8841012213,0.9151877709,0.9652770224,1.026605911,1.088250422,1.140958895,1.178712514,1.194757737,1.188006968,1.157065137,1.105482398,1.040114923,0.9630707343,0.9405481216,0.930570469,0.9227116506,0.9168590402,0.9130533285,0.9102680664,0.9085876792,0.9078583834,0.9080845229,0.9090508542,0.910666635,0.9128463445,0.9156063355,0.9187902611,0.9223625872,0.9262844813,0.9305264106,0.9350370939,0.9397817993,0.9447330557,0.9498678063,0.9551541664,0.9605732082,0.9661055162,0.9717092291,0.9773828801,0.9831082659,0.9888675371,0.9946127903,1.000355327,1.006081151,1.011778212,1.017381788,1.022925878,1.028396901,1.033779264,1.039015304,1.044138751,1.049143409,1.054028671,1.058707469,1.06325134,1.06765034,1.071887496,1.075921183,1.079787767,1.083496611,1.087070737,1.090394593,1.093591004,1.096649132,1.099545635,1.102293126,1.10490131,1.107412091,1.10986937,1.112162421,1.114445745,1.116702729,1.118985143
3.7,0.9683681631,0.9850475132,0.9966656354,1.008461512,1.025001521,1.035859417,1.052052283,1.069356575,1.08418358,1.106271583,1.125903075,1.14684047,1.172153427,1.193225576,1.218055751,1.242858685,1.264407014,1.289771895,1.311162484,1.331428533,1.352865146,1.368114221,1.383962166,1.39739048,1.406049466,1.414654251,1.417955652,1.418127051,1.416556617,1.407595093,1.396265291,1.380394662,1.358646209,1.332628312,1.300199696,1.262489788,1.219838545,1.169303914,1.113633232,1.052071951,0.9846835908,0.9111467385,0.8324531391,0.749359341,0.6622054969,0.5722816391,0.4812709473,0.3921551334,0.311101375,0.2493190275,0.227251408,0.2561052768,0.322375528,0.4081221033,0.5015244098,0.5974027346,0.6929338991,0.7861158339,0.8758354498,0.9614171393,1.042113653,1.116577851,1.18510135,1.247464402,1.303922555,1.352024224,1.394060801,1.42968519,1.458138873,1.480128781,1.495195549,1.504292624,1.508838368,1.50511108,1.497566859,1.485452627,1.467701707,1.44780045,1.423907095,1.398534863,1.37988991,1.306162056,1.202164479,1.096312983,1.000804803,0.9258810655,0.8790659305,0.8662477674,0.8896411204,0.9429849858,1.016241673,1.097425711,1.172413883,1.230604497,1.266341637,1.273811548,1.253982385,1.207184367,1.139023342,1.058027791,0.9659303151,0.9389860464,0.9267637023,0.9170756994,0.9097581501,0.9048418129,0.9011095675,0.8986489031,0.8972734723,0.8969799949,0.8975174167,0.8987776856,0.9006609221,0.9031866139,0.9061739386,0.9095834219,0.9133717497,0.9175056184,0.921928604,0.9266024091,0.9314973877,0.9365888941,0.9418425402,0.9472387632,0.952757181,0.9583514438,0.9640220998,0.96974997,0.9755164405,0.9812676945,0.9870186933,0.9927545881,0.9984623925,1.00406995,1.009616272,1.015086817,1.020465003,1.02568426,1.03078472,1.03575909,1.040605632,1.045227749,1.049704164,1.054023972,1.058169323,1.062088427,1.065825856,1.069390183,1.07280366,1.075940846,1.078933223,1.081769475,1.084425971,1.086905595,1.089227324,1.091432908,1.093565989,1.095507541,1.09742078,1.099289523,1.101166037
3.8,0.9482878861,0.9682337244,0.9812589783,0.9920096561,1.00477276,1.009795151,1.017845105,1.025365359,1.029261586,1.039294513,1.046736375,1.05568226,1.06972469,1.080934978,1.097597286,1.116265763,1.133837294,1.158270256,1.181213581,1.205612575,1.233878463,1.258637628,1.286359246,1.313683021,1.337845468,1.363906649,1.385618583,1.404936448,1.423042856,1.433803878,1.442000643,1.445115041,1.441475508,1.432557021,1.415935011,1.392656975,1.363060842,1.32374628,1.277794924,1.224429077,1.163626357,1.095038943,1.019753007,0.9385586279,0.8518792313,0.7600315151,0.6646656567,0.567098949,0.469531862,0.374849761,0.2901909353,0.2290880719,0.2136207079,0.2537938407,0.3271751459,0.4148959256,0.5081067312,0.6016604072,0.6939459241,0.7836234821,0.8692235331,0.950876232,1.027359864,1.098931428,1.1665519,1.226226457,1.281637883,1.331707385,1.374768506,1.413116347,1.444243595,1.469544464,1.490857124,1.502281026,1.509780941,1.511647873,1.50601965,1.497156428,1.48194695,1.463286263,1.448830872,1.360903722,1.240003982,1.114736092,1.001655751,0.9162214485,0.8693642843,0.8671959651,0.9078242936,0.9785958432,1.064126281,1.150169188,1.222512499,1.272144735,1.295707789,1.289431351,1.256204208,1.197435281,1.119662967,1.031977818,0.9363555359,0.9092624986,0.8973698494,0.8881610594,0.88141315,0.8771168146,0.8740194707,0.8721896728,0.8714258817,0.8717147086,0.8727979695,0.8745651601,0.8769153927,0.8798615519,0.883229184,0.8869794512,0.8910707569,0.895466237,0.9001170363,0.9049873697,0.9100498229,0.9152752932,0.9206382426,0.9261213827,0.9317065224,0.9373412696,0.9430357827,0.9487724109,0.9545339553,0.960259743,0.9659738469,0.9716624667,0.9773133223,0.9828461161,0.9883089018,0.9936873976,0.9989653127,1.004066618,1.009040669,1.013879855,1.018581817,1.023040824,1.027343819,1.031479558,1.035430029,1.039132593,1.04264149,1.045964434,1.049122529,1.05198184,1.05468143,1.057209937,1.059544016,1.061676035,1.063635073,1.065462186,1.067200355,1.068724111,1.070203667,1.071624021,1.073037426
3.9,0.8579456296,0.8860607657,0.9072792301,0.9254852101,0.9442297556,0.9546078326,0.96620645,0.9758720545,0.9810230076,0.9900251992,0.9957291074,1.00193198,1.011851434,1.019234368,1.03132983,1.045542778,1.059749354,1.080689809,1.101780287,1.125489996,1.153620263,1.180840643,1.211632523,1.243258812,1.2735378,1.305939876,1.335496428,1.363319647,1.389811066,1.410451722,1.428107054,1.440804104,1.447363431,1.447808476,1.441052274,1.427516272,1.407010352,1.377568808,1.340856067,1.296723003,1.245672576,1.186045323,1.120271484,1.048537225,0.9707782,0.8881866412,0.8010382648,0.7106883363,0.6186541786,0.5246229944,0.4321564738,0.3435954121,0.2645425547,0.2105849453,0.20079185,0.2403801163,0.310449744,0.3941272263,0.4830203151,0.5736306109,0.6632936956,0.752393822,0.8385284403,0.9217277528,1.002951378,1.077579615,1.149166207,1.216098557,1.276092031,1.331686448,1.3793944,1.420515593,1.456786287,1.481511559,1.500955456,1.513151439,1.516126562,1.513961004,1.503746373,1.48849067,1.475706274,1.374716014,1.238120634,1.097359551,0.9736330305,0.8862463413,0.8464489863,0.8557267234,0.9052445692,0.9778371985,1.057618502,1.132698557,1.192090745,1.229980067,1.244785702,1.233567774,1.199035965,1.141882018,1.067971058,0.9860807047,0.8995211592,0.8762385791,0.8670063501,0.8603142916,0.8558959634,0.8536891524,0.8525484935,0.852511933,0.8533821969,0.8551317341,0.8575251606,0.8604619239,0.8638507244,0.8676855432,0.8718267922,0.8762398124,0.8808892127,0.8857288529,0.890732634,0.8958718643,0.9011248276,0.906450473,0.9118465783,0.9173006787,0.9227995761,0.9282795259,0.9337716803,0.9392625159,0.9447388056,0.9501288673,0.9554755457,0.9607683518,0.9659978304,0.9710730173,0.9760583858,0.9809419536,0.9857098209,0.9902742602,0.9947001011,0.9989808405,1.003114606,1.006986349,1.010694449,1.014228718,1.017572624,1.020650892,1.023531267,1.026220794,1.028739093,1.030945842,1.032986662,1.034851108,1.036517556,1.037965051,1.039235745,1.040368709,1.041404431,1.042214785,1.0429724,1.043664408,1.044343417
4,0.7165175731,0.7511817746,0.7801880096,0.8075663776,0.8367444117,0.8575560143,0.8800646377,0.9003813176,0.9156469955,0.9340960867,0.9482029059,0.9618140068,0.9776037965,0.9897041142,1.004820004,1.02052032,1.035634881,1.05496738,1.074194402,1.095361505,1.119206304,1.143464749,1.170071457,1.197534189,1.225345884,1.253739439,1.281265587,1.30780436,1.332241143,1.354117624,1.372387883,1.386590061,1.397199751,1.400533392,1.399267309,1.392277011,1.37776373,1.358025673,1.330449845,1.296516782,1.258284445,1.210112681,1.158237781,1.101039643,1.036835672,0.9703146417,0.8976826017,0.8215796004,0.7442927107,0.6614034642,0.5789248143,0.4959110795,0.4129314305,0.3373264704,0.2723812348,0.2321940838,0.2322632377,0.274007563,0.342542633,0.4249404285,0.5134113292,0.6059339464,0.6982527733,0.7893747722,0.8795816457,0.9641138202,1.045635616,1.122290428,1.191610197,1.255661178,1.311025876,1.358806344,1.400505711,1.429796558,1.452584651,1.46718598,1.472025333,1.470524839,1.460760763,1.445583178,1.432432772,1.327839475,1.187741542,1.046749679,0.9280885578,0.8504480412,0.8213886102,0.8367689084,0.8846813938,0.9493229797,1.018524819,1.084276624,1.138204558,1.17570364,1.194137404,1.188854045,1.160843508,1.10959176,1.04065231,0.9632896389,0.88246697,0.8617291195,0.854380488,0.8494811597,0.8467305599,0.8460261617,0.8462791448,0.8475074096,0.8495131875,0.8522499223,0.855500747,0.8591689794,0.8631672929,0.8674678452,0.8719596416,0.8766102618,0.8813879206,0.886229986,0.8911352528,0.8960797571,0.9010460395,0.9059767636,0.9108954775,0.9157942379,0.9206644787,0.9254279833,0.9301403948,0.9347927226,0.9393763133,0.9438068452,0.9481494924,0.9523980114,0.9565468534,0.9604946163,0.9643248687,0.9680292935,0.9715978267,0.9749327304,0.978116005,0.9811437231,0.9840159451,0.9866116729,0.9890408673,0.9912958565,0.9933632061,0.9951592578,0.9967643031,0.9981860122,0.9994434364,1.000396374,1.001193394,1.001826382,1.002277245,1.002516809,1.002597622,1.002557141,1.002433173,1.002104862,1.001739218,1.001327174,1.000923078
4.1,0.5639609318,0.5976077727,0.6285920882,0.6616576402,0.7009619952,0.7318705603,0.7674555478,0.8016138877,0.8298511825,0.8630446417,0.8900918067,0.9159031645,0.9433893585,0.9643147495,0.9871807284,1.008468457,1.027113268,1.047586705,1.065957003,1.084662216,1.103637859,1.122626925,1.142219147,1.161804413,1.182977438,1.202552536,1.223232253,1.243858817,1.261230996,1.280658902,1.295784565,1.308246226,1.321317002,1.325337494,1.329051052,1.328884987,1.320184452,1.312335605,1.295499876,1.273755329,1.251698205,1.216948559,1.181946328,1.142098616,1.093167435,1.045236477,0.9884576784,0.9275501446,0.8661598489,0.7947269238,0.723579464,0.6493858886,0.5706829276,0.4959697254,0.4215909058,0.355663543,0.3087261476,0.2889155999,0.3080580813,0.3592016591,0.4297986782,0.5152020401,0.6044049937,0.6954020069,0.7875231494,0.874232725,0.9586402814,1.038021952,1.109784742,1.176088119,1.233290494,1.282690269,1.325450452,1.356104135,1.379874851,1.395435383,1.401970752,1.401461052,1.393515093,1.380306139,1.368079956,1.271112073,1.140170185,1.009948452,0.9024966812,0.8334452006,0.8077626766,0.8204285729,0.861923806,0.9205762336,0.9874894846,1.055964438,1.116632738,1.162777426,1.188886879,1.188171269,1.161088657,1.10756238,1.034587101,0.9530662429,0.8692489805,0.8486281717,0.8417364908,0.837381807,0.8352126598,0.8350839648,0.8358782332,0.8375973429,0.8400292269,0.8431053245,0.8466116888,0.850447302,0.8545218119,0.8587875144,0.8631493579,0.8675745616,0.872031994,0.8764427817,0.8808252379,0.8851578987,0.8894260446,0.893558639,0.8976001091,0.9015463991,0.9053929949,0.9090505553,0.9125952699,0.9160225121,0.9193281833,0.922419955,0.9253812062,0.9282102661,0.9309058734,0.9333618942,0.9356765154,0.9378456754,0.939863719,0.9416296798,0.9432375922,0.9446868422,0.9459801201,0.9469981586,0.9478565802,0.9485510536,0.9490721027,0.9493358044,0.9494286958,0.9493598078,0.9491481495,0.9486632681,0.9480488837,0.9473002061,0.9464041395,0.9453316341,0.9441393472,0.9428635281,0.9415395896,0.9400661776,0.9385949228,0.937122784,0.9357066083
4.2,0.481864073,0.4885759245,0.5028599305,0.5267491579,0.5619337762,0.5967420138,0.6387030243,0.682166165,0.722841358,0.7679635174,0.8084979147,0.8475780137,0.8867422942,0.9195267752,0.9518380057,0.9809093038,1.006193953,1.029738853,1.049829397,1.068109669,1.084034471,1.098820591,1.112066884,1.124157739,1.137526235,1.148085916,1.160384132,1.173092782,1.183075193,1.197172181,1.208216,1.218529417,1.231560458,1.237940426,1.246265187,1.252742693,1.253180441,1.256077585,1.252172858,1.245002273,1.237598075,1.220292604,1.202020421,1.178892926,1.148422956,1.115470532,1.074806,1.029060613,0.9790105621,0.9209625585,0.858953329,0.7919720005,0.7212093045,0.6472153025,0.5726603092,0.5005823214,0.4345337088,0.3838425146,0.3561587252,0.3591682905,0.3921252393,0.4514662315,0.5239636293,0.6042798297,0.6895863101,0.7720170892,0.8539447186,0.931941711,1.003526044,1.070381959,1.129217543,1.18118285,1.226775032,1.262202868,1.290947639,1.312262646,1.326048313,1.332115835,1.331742107,1.325826749,1.318201207,1.237156446,1.122003391,1.002875524,0.9001074657,0.8291352043,0.7973426986,0.8033265799,0.8410682426,0.9008034899,0.9731603555,1.049233948,1.116582721,1.166153809,1.191232362,1.185197875,1.150059503,1.087546315,1.006652086,0.9197187216,0.834052921,0.8145283709,0.8087035061,0.8054757992,0.804424674,0.8053365335,0.8071108797,0.8097183843,0.8129329925,0.816666122,0.8207082028,0.8249590538,0.8293296142,0.833748287,0.8381459398,0.8424892504,0.8467490434,0.8508349016,0.8547839493,0.8585797626,0.8622118344,0.8655979741,0.8688039496,0.8718303427,0.8746778344,0.8772507399,0.8796437771,0.8818579335,0.8838948596,0.8856598104,0.8872515644,0.8886741732,0.8899317915,0.8909202386,0.8917482657,0.8924172013,0.8929270393,0.8931803753,0.8932786959,0.8932255068,0.8930267009,0.8925726105,0.8919782262,0.8912432962,0.890363266,0.889260108,0.8880212605,0.8866570421,0.8851858452,0.8834954642,0.881716409,0.8798477977,0.8778826538,0.8757957499,0.8736438806,0.8714610353,0.8692790075,0.8670245128,0.8648250072,0.8626851502,0.8606639091
4.3,0.590963766,0.5586799734,0.5343881027,0.5217546978,0.5245390143,0.5354207098,0.5598495847,0.592617695,0.6279727026,0.6727965158,0.7159820829,0.7597413693,0.8060274595,0.8452730193,0.8852191626,0.921838231,0.9525474386,0.9827308139,1.006784998,1.02764517,1.04656239,1.05999527,1.072306275,1.082206224,1.090452869,1.097655747,1.10427068,1.111148516,1.117133835,1.125375767,1.133146593,1.141322669,1.152198336,1.16048795,1.170999727,1.181473655,1.188823119,1.198665098,1.204323192,1.207830205,1.211062449,1.206756336,1.200907251,1.190454398,1.173356216,1.152501649,1.124219061,1.090267434,1.050962084,1.003520806,0.9509546096,0.892625625,0.8298855672,0.7620688182,0.6923305933,0.6224868598,0.5533451359,0.4931373069,0.4433925921,0.411710587,0.4062453726,0.4244591664,0.4664790147,0.5241579196,0.5898507918,0.663032967,0.7361825093,0.8085023448,0.879885967,0.94486551,1.006727197,1.063423216,1.113017464,1.157789611,1.194673995,1.225257206,1.250724912,1.266080527,1.276466504,1.280301504,1.278397743,1.2137121,1.111113617,0.9961855175,0.8901589321,0.8121573208,0.7746669628,0.7790827072,0.8189945265,0.8822266188,0.9566298581,1.031358895,1.093256258,1.133975712,1.148257913,1.131540248,1.087699392,1.019831131,0.9377347427,0.8538952729,0.776882021,0.7620287849,0.7593609224,0.7591048508,0.7607827846,0.7640953968,0.7680987339,0.7727173042,0.7777281105,0.7830300218,0.7884354612,0.7938590898,0.7992240587,0.8044255764,0.8094438094,0.8142456768,0.8188064128,0.8230255253,0.8269635437,0.8306126927,0.8339686119,0.8369343619,0.8396038379,0.8419826264,0.8440776411,0.8457866888,0.8472260277,0.8484037854,0.8493287509,0.8499043332,0.8502475558,0.850369716,0.8502819115,0.8498845868,0.8492983971,0.8485320113,0.8475931608,0.8463909976,0.8450355876,0.8435361678,0.8419032003,0.8400416616,0.8380644169,0.8359770397,0.8337817772,0.8314094835,0.8289479119,0.8264091152,0.8238108516,0.821064535,0.818282995,0.8154701068,0.8126261126,0.8097295952,0.8068368962,0.8039783011,0.8011801448,0.7984010281,0.7957382946,0.7932046273,0.7908604564
4.4,0.7995234114,0.7533821054,0.7086347536,0.6698070252,0.6407555103,0.6180935257,0.6081857717,0.6090662826,0.61780353,0.640271787,0.6672570954,0.6995158477,0.7383358857,0.7738859166,0.8127388327,0.8504389332,0.8829655377,0.9171396585,0.9449586408,0.9696770376,0.9936565544,1.00994116,1.025891446,1.038884139,1.04806406,1.057571856,1.064300203,1.070661305,1.077037378,1.083055211,1.089860552,1.096974045,1.10574984,1.114133075,1.124055811,1.13468347,1.143642367,1.154843168,1.16336442,1.17032458,1.17743257,1.178198278,1.17774201,1.173335501,1.162596841,1.148912327,1.128026187,1.101748302,1.070966798,1.031709785,0.9881004505,0.939016466,0.8849278685,0.8267555078,0.7655473615,0.7032969098,0.6407433168,0.5825557495,0.5301013551,0.4876190305,0.4622184483,0.4528369053,0.4655630299,0.4966520697,0.5381774924,0.5959397447,0.6559489852,0.7188434474,0.7868388138,0.8475398132,0.9101458037,0.9695107459,1.020758815,1.072578237,1.114835791,1.15149423,1.185367008,1.206116251,1.223485991,1.233432125,1.234464986,1.179239217,1.081034895,0.9649857042,0.8553055017,0.7756125894,0.7416291616,0.7530853286,0.7988177506,0.8627510347,0.9316763672,0.995709784,1.043962381,1.070924299,1.0734716,1.04893662,1.00192164,0.9356187373,0.859328199,0.7847932346,0.7218383858,0.712985366,0.7141579549,0.7174086216,0.7222393134,0.7282895948,0.734819145,0.7417158649,0.7487725019,0.7558832582,0.7628891154,0.7697234191,0.7763233982,0.7825495355,0.7884328432,0.7939392105,0.7990466464,0.8036412504,0.8078063579,0.8115409926,0.8148450246,0.8176021378,0.8199349655,0.8218521412,0.823365009,0.8243616141,0.8249803149,0.8252355563,0.8251425721,0.824600246,0.8237458637,0.822597771,0.8211741577,0.8193797498,0.8173489288,0.8150987195,0.8126458155,0.8099070395,0.8070031792,0.8039507332,0.8007665523,0.797373194,0.7938826479,0.790308365,0.7866612673,0.7828851149,0.7790681873,0.7752260539,0.7713777619,0.7674621129,0.7635736446,0.759722177,0.7559160347,0.7521414243,0.7484519511,0.7448746993,0.7414306027,0.7381122682,0.7349839252,0.7320655807,0.7294191191
4.5,0.9877097245,0.943812412,0.8948303566,0.8478993882,0.8079134482,0.7667554391,0.7357400057,0.7116252572,0.6937637081,0.6892708552,0.6913874927,0.7022547809,0.7213519545,0.7442658868,0.7722149448,0.802025737,0.8321529335,0.8626083592,0.8911524373,0.9181014376,0.942734927,0.964496432,0.9837259949,1.000327737,1.0152872,1.0270672,1.037848985,1.047466049,1.055298628,1.063817966,1.07127701,1.078815102,1.087369449,1.095141483,1.104026381,1.113028629,1.121634172,1.130546584,1.138324465,1.145117129,1.150238752,1.152910182,1.15273748,1.14915708,1.142435931,1.129929131,1.113473433,1.092308453,1.065272045,1.033863553,0.9966848679,0.9549799261,0.9100641487,0.8597647858,0.8078334334,0.7543506133,0.7001649709,0.6487427726,0.6009160613,0.5598354545,0.5293810398,0.5111837047,0.5089226145,0.52239933,0.5471700467,0.5889549853,0.6361789205,0.68884107,0.7493098539,0.8045410751,0.8637329876,0.9211418185,0.9711258255,1.023231479,1.065978442,1.103471472,1.138506751,1.160369898,1.178836201,1.189775091,1.191544297,1.137648041,1.037726401,0.9188942707,0.8093638257,0.7364883254,0.7153406373,0.7397187935,0.7923565761,0.8548194775,0.9154565056,0.9670514588,1.001776822,1.016981587,1.010904627,0.9816841532,0.9337468381,0.8698050767,0.798599428,0.7314024931,0.6791172214,0.6748553363,0.6789902461,0.6849410496,0.6922080415,0.7003987397,0.7089191203,0.7176362411,0.7263559474,0.7349718403,0.7433425111,0.751413503,0.7591298518,0.7663223922,0.773056529,0.7792940528,0.7850114966,0.7900792646,0.7945961569,0.7985631519,0.8019804656,0.8047113034,0.8069002991,0.8085560177,0.8096910259,0.8101818403,0.8101845798,0.8097174361,0.8087997778,0.8073245331,0.805446493,0.8031894085,0.800577184,0.7975183778,0.7941595967,0.790525664,0.7866416817,0.7824336454,0.7780319177,0.7734608019,0.7687446581,0.7638253971,0.7588146511,0.7537347871,0.7486059305,0.7433907266,0.7381755056,0.7329816094,0.7278325111,0.722696042,0.7176503279,0.7127116566,0.7078959914,0.7032058846,0.6986859636,0.6943627249,0.6902539397,0.6863853317,0.6827891208,0.6794903519,0.6765526443
4.6,1.1344982,1.095994079,1.049752073,1.002911854,0.9614846786,0.9136865822,0.8740200574,0.8379847399,0.8036818758,0.7822770935,0.764585765,0.755532738,0.7561726676,0.7617027365,0.7753252645,0.7931672939,0.8147314152,0.8385196207,0.8633830702,0.8889565164,0.9121564978,0.9365802702,0.9577398717,0.9768348959,0.9970228777,1.010904775,1.026026598,1.039741945,1.049163429,1.061878939,1.070783007,1.079336777,1.089620038,1.096293156,1.104867283,1.112692947,1.119504219,1.126617396,1.132271484,1.137323468,1.139862018,1.14176407,1.140264622,1.13561695,1.1302696,1.117238312,1.102815869,1.084555055,1.059125353,1.033346543,1.000479083,0.9638922305,0.9264695023,0.8816900082,0.8373809112,0.7914224413,0.7438559486,0.6997807148,0.6574958667,0.6207791487,0.5915842369,0.5726488795,0.5655643888,0.5709128768,0.5883904881,0.6184267309,0.656906391,0.701986323,0.752706742,0.804226492,0.8574648242,0.9096863486,0.9582940386,1.004803879,1.045468721,1.080958946,1.111516903,1.133157667,1.148940469,1.157787852,1.159857733,1.102122963,0.9981353207,0.8777997979,0.7739778689,0.7159335353,0.7134906003,0.7519114195,0.8094406945,0.8680824975,0.9193073218,0.9590067262,0.9819161806,0.9873198763,0.9738928668,0.9396858579,0.8888452925,0.8239126534,0.753836596,0.6901042874,0.6445592445,0.6436441497,0.6500058535,0.6580058618,0.6671452104,0.6770107419,0.68711186,0.6973033298,0.7074009571,0.7173033034,0.7268768986,0.7360763261,0.744851119,0.7530076003,0.7606340107,0.7676859214,0.7741356582,0.7798392922,0.7849034804,0.7893280324,0.7931106713,0.7960953921,0.7984416837,0.8001555,0.801248084,0.8015846077,0.8013334366,0.8005140739,0.7991476118,0.7971213272,0.7946027137,0.7916189887,0.7881981963,0.7842524469,0.7799374534,0.7752843528,0.770324957,0.764996248,0.7594344691,0.7536713253,0.7477391086,0.741598738,0.7353614634,0.7290580467,0.7227163092,0.7163238764,0.7099599136,0.7036531998,0.6974350535,0.6912986838,0.6853106981,0.67949227,0.6738635826,0.6684542845,0.6632896575,0.65839918,0.6538011881,0.649544634,0.6456377618,0.6421047932,0.6390100297
4.7,1.245954652,1.21359826,1.172481899,1.129056275,1.089265622,1.040857024,0.9984108313,0.957381063,0.9152418681,0.8842453828,0.854460864,0.8317486834,0.8188406212,0.8095035395,0.8101208538,0.8162876684,0.8272095409,0.8438846239,0.8628567268,0.8847720886,0.9060106646,0.9302909729,0.9524578952,0.973214907,0.9968868914,1.013114053,1.031896648,1.049470618,1.060773023,1.077624987,1.088366544,1.09815015,1.110900342,1.116455657,1.125145098,1.132316598,1.136579709,1.142674488,1.145657255,1.148165854,1.148546454,1.14780794,1.14434467,1.137792728,1.131626794,1.117526867,1.103281949,1.086102369,1.061092388,1.038567901,1.008278793,0.974837313,0.9427541609,0.9015038723,0.8627353152,0.8224920353,0.7794208935,0.7417398363,0.7040813851,0.6715503322,0.6458306298,0.6281055984,0.6207846701,0.6235033847,0.6381739091,0.662068175,0.6953938977,0.735686088,0.7786636868,0.8273864038,0.875028318,0.9217551358,0.9688500784,1.008560909,1.046338888,1.079029551,1.10369029,1.12471019,1.136927318,1.142992274,1.145335267,1.083403017,0.9769987008,0.8595434786,0.7679816904,0.7298327554,0.7458636554,0.7937110811,0.850683472,0.9014729715,0.9411596753,0.9684847415,0.9798973453,0.975624551,0.9541322047,0.9130096533,0.8565285848,0.7877344438,0.7165413342,0.6549528449,0.6153738217,0.6175420061,0.6259011095,0.635705293,0.6464693871,0.657768278,0.669222086,0.6806808331,0.6919753197,0.7030200599,0.7136880868,0.7239463864,0.7337509245,0.7428885815,0.7514667183,0.7594339818,0.7667577045,0.7732841538,0.7791210023,0.7842656231,0.7887116347,0.7922868075,0.7951587964,0.7973290886,0.7988058435,0.7994449414,0.7994208935,0.7987526088,0.7974608062,0.795429165,0.7928318532,0.789697914,0.7860581671,0.7818282387,0.7771692737,0.772116744,0.7667067439,0.7608892806,0.7548009651,0.7484799355,0.7419664276,0.7352365897,0.7284019064,0.7214991166,0.7145596945,0.7076008332,0.7006868323,0.6938544805,0.6871460881,0.6805672644,0.6741826602,0.6680132752,0.6620753826,0.6564354008,0.651085073,0.6460605438,0.6413851903,0.6371063918,0.6332269604,0.6297592001,0.6267644803
4.8,1.326342718,1.301041084,1.265413448,1.226845387,1.189568359,1.143736637,1.101220852,1.058073203,1.014595471,0.9766237939,0.9407147668,0.9105011357,0.8861170744,0.8687435892,0.8585279427,0.8545326183,0.8580443991,0.8662064424,0.8799002954,0.8978311044,0.9161220854,0.9398643694,0.9622323174,0.9845089358,1.010070353,1.029488497,1.051356133,1.071924437,1.087299224,1.106265534,1.119846029,1.132070218,1.145250612,1.152597732,1.161016862,1.167331011,1.17135417,1.174814596,1.175935427,1.176097017,1.173353166,1.170274348,1.16398204,1.155023413,1.146541525,1.130890436,1.115362131,1.097216925,1.072697603,1.050005667,1.021014735,0.9895272559,0.9586983232,0.9210178564,0.8850347685,0.8479631974,0.809214191,0.7747370293,0.7410593,0.7121948057,0.689519512,0.6743989692,0.6686657037,0.6718218984,0.6863946481,0.7083284255,0.7396182819,0.7777537166,0.8162298363,0.8633785301,0.9071974482,0.9498430621,0.9958456713,1.030106478,1.065529392,1.095949583,1.115944534,1.136504838,1.146080487,1.150190092,1.152758899,1.089993496,0.9854636138,0.8762966045,0.8008825723,0.7810730356,0.8087827352,0.858140581,0.9083642373,0.9475326329,0.9738059291,0.9881381088,0.9878413321,0.9732619053,0.9424649032,0.8927232945,0.829106223,0.7558671909,0.6842261222,0.6262941214,0.5940597729,0.5993564074,0.6095410048,0.6208912939,0.6329703327,0.6453607586,0.6578243534,0.6702191727,0.6824023068,0.6943188683,0.7058520047,0.7169870726,0.7276903815,0.7377368065,0.7472497612,0.756171075,0.7644628521,0.7719677882,0.7787867038,0.78491331,0.7903354941,0.7948692365,0.79868201,0.8017688205,0.8041329229,0.8056236352,0.8064142811,0.8065209698,0.8059615469,0.8046186287,0.802665713,0.8001317658,0.7970489009,0.7933347039,0.7891521944,0.7845384454,0.779530301,0.7740912018,0.768352058,0.7623556671,0.7561496529,0.7497158622,0.7431690224,0.7365474019,0.7298794268,0.7232121164,0.7165871148,0.7100484956,0.7036519305,0.6973912437,0.6913451533,0.6855261726,0.679934775,0.6746791267,0.6697039166,0.6650559087,0.6607684479,0.6568500325,0.6533275712,0.6501878643,0.6474856247
4.9,1.378545581,1.360555918,1.329726266,1.295396675,1.262120785,1.218107192,1.176989895,1.133633555,1.089636559,1.048368501,1.00896542,0.9745361171,0.9423826844,0.9204321361,0.9025575796,0.8908152739,0.8901447084,0.8902681646,0.9001828251,0.9151412591,0.929654125,0.9539719897,0.975970401,0.999468073,1.026820651,1.048954678,1.073684531,1.096613757,1.116814784,1.136791782,1.15355905,1.169030393,1.181123215,1.192567978,1.200665697,1.206108494,1.212694599,1.212315825,1.213138188,1.212248267,1.205649516,1.202311176,1.193160925,1.182079699,1.171757413,1.154213534,1.137196282,1.117108906,1.093205432,1.068145101,1.03937113,1.008863149,0.9755334508,0.9412631203,0.9051730876,0.8682591051,0.8336144036,0.7980515011,0.7672035598,0.7409188528,0.7190137228,0.707694233,0.7037902152,0.7092705883,0.7255272147,0.7491406312,0.7813470366,0.8194438607,0.8592847366,0.9047292532,0.9482825965,0.9906864169,1.033711891,1.068725243,1.10232593,1.130972505,1.152118259,1.169849823,1.179661791,1.183949118,1.18464771,1.126686728,1.026673943,0.927243668,0.86470234,0.8547421513,0.8846712804,0.928885763,0.9692286621,0.9963380109,1.010292101,1.013211253,1.002431854,0.9778714526,0.9374794139,0.8788531518,0.8086785137,0.7329387453,0.6638467361,0.6123618172,0.5883820205,0.5962223974,0.6076091238,0.6198107938,0.6324835497,0.6452470553,0.6580180603,0.6706815093,0.6831318773,0.6953576973,0.707257205,0.7188382568,0.7300802032,0.7407565714,0.7509996467,0.7607449954,0.7699490966,0.7784566427,0.7863529842,0.7936256619,0.8002542331,0.80604783,0.8111629985,0.8155856279,0.8193114523,0.8221846578,0.8243691758,0.8258749935,0.8267135368,0.826767229,0.8262008378,0.825040421,0.8233169772,0.8209452286,0.818087206,0.8147775772,0.8110491388,0.8068753625,0.8023763393,0.7975966823,0.7925897014,0.7873278986,0.7819348749,0.7764445803,0.7708745471,0.7652961841,0.7597239974,0.7542078919,0.7488181754,0.7435081494,0.7383903735,0.7334606859,0.7286930978,0.7242371189,0.7199841661,0.7159963416,0.7123219605,0.7088965435,0.7058026583,0.7029920906,0.7005135933
5,1.40698585,1.394920303,1.368263467,1.337079947,1.307627797,1.264123063,1.224152647,1.180990709,1.13491378,1.092590451,1.049976871,1.011856375,0.9757408972,0.9489510571,0.9263133777,0.9095203492,0.9052660163,0.9007975147,0.908176805,0.9217168561,0.9337708806,0.9596357571,0.9819191373,1.006499656,1.037020314,1.060328301,1.087978156,1.113438043,1.135864123,1.158152318,1.176768744,1.194273209,1.206693404,1.220179721,1.228618936,1.233820101,1.242439117,1.240190365,1.24154302,1.241120609,1.232415779,1.230772683,1.220802988,1.209292838,1.200052504,1.181498802,1.164937439,1.144762299,1.121034408,1.095545076,1.066514235,1.03602663,1.000518145,0.9666829197,0.9287838564,0.889622076,0.8553561411,0.8160103136,0.7843805882,0.7575035202,0.7332823022,0.723903674,0.72047857,0.7278846284,0.7472084174,0.7738622081,0.8097628054,0.8509196772,0.8956197434,0.9428891817,0.9899222972,1.036046279,1.079031216,1.119054081,1.153947751,1.183672544,1.209735712,1.226314034,1.238749444,1.245026172,1.244174565,1.191725956,1.094238424,0.9985742245,0.9387641805,0.9278459717,0.9527996968,0.9896226627,1.021842138,1.041003093,1.047652252,1.043882526,1.026409832,0.9945464891,0.9467905728,0.8818128581,0.8084748709,0.7343334721,0.6713420707,0.6275352688,0.6091861466,0.6177181856,0.6289897896,0.6407493029,0.6527726466,0.664740384,0.6766864645,0.6885448224,0.7002524016,0.7118468294,0.723247532,0.7344858117,0.7455551711,0.756241796,0.766676231,0.7767902883,0.7865351987,0.7957612556,0.8045319244,0.8128250892,0.8206089361,0.8276907987,0.8342045254,0.8401241598,0.8454347253,0.8499749636,0.8538913837,0.8571834998,0.859851917,0.8617783276,0.8631103192,0.8638675185,0.8640765056,0.8636426442,0.8627241647,0.8613486168,0.8595394457,0.8572748662,0.8546598071,0.851737413,0.8485641982,0.8450883765,0.8414478947,0.8376669343,0.8337455513,0.8297724254,0.8257336233,0.8216837206,0.8177082292,0.8136974703,0.8098146633,0.8060337048,0.8022963601,0.7987908604,0.7953560832,0.7920739621,0.7890110795,0.7860115439,0.7832347104,0.7805938667,0.7781373243
5.1,1.415677884,1.409372355,1.387901436,1.36075401,1.334163505,1.29237874,1.25288263,1.209180187,1.161266489,1.116210551,1.069724326,1.026816767,0.9857333619,0.9529076333,0.9246612192,0.9024825126,0.8933452597,0.8852161409,0.8900906739,0.9026357071,0.9139910099,0.9418737019,0.9659523609,0.9928379165,1.027673793,1.052990115,1.084262281,1.11296402,1.137072435,1.162358823,1.182299205,1.201045224,1.214369519,1.228330017,1.237077395,1.242122984,1.251799733,1.248978686,1.25122926,1.252215552,1.243414247,1.24493363,1.236624981,1.227209552,1.221962022,1.205210794,1.192094971,1.174966496,1.153421464,1.130531973,1.102910153,1.073452052,1.037581766,1.003119913,0.9630166876,0.9203922613,0.8832252541,0.8377388442,0.8010807634,0.7690410537,0.7378788787,0.7256702229,0.7185612598,0.7244965443,0.745388613,0.773956841,0.8144246755,0.8604949184,0.9123216024,0.9651171581,1.019369536,1.073455912,1.120676583,1.170228598,1.21067883,1.245425506,1.28033313,1.29865135,1.316287393,1.32644305,1.324930878,1.275287149,1.174212964,1.072793525,1.00546915,0.9865778904,1.004316343,1.035452708,1.063769878,1.080498125,1.085961976,1.081759402,1.063833736,1.030892989,0.9821136726,0.9169965711,0.8460491262,0.7771819071,0.7206014603,0.6808962018,0.6609216261,0.6673934626,0.6768900043,0.6866701121,0.6966164625,0.7064719581,0.7163037545,0.7261128504,0.7358754319,0.745679451,0.7554710211,0.7653062684,0.7751957329,0.784954722,0.7947048485,0.8043803379,0.8139308555,0.8232182339,0.8322814559,0.8410875468,0.8495923959,0.8576092085,0.8652385098,0.8724412077,0.8791894833,0.8853186529,0.8909494698,0.8960671974,0.9006578518,0.9046042051,0.9080269476,0.9109359957,0.9133502148,0.9151627069,0.9165221817,0.9174447344,0.9179399973,0.9179878249,0.9176721272,0.9170311647,0.9161215621,0.9148584598,0.9133943865,0.9117394123,0.9098716273,0.9078908932,0.9057537084,0.9035175625,0.9012818371,0.8988618938,0.896479117,0.89408256,0.8915799601,0.8891921691,0.8867102305,0.8842375281,0.8818575462,0.8793193241,0.8768648435,0.8743693459,0.8718898209
5.2,1.399517024,1.401424097,1.388995234,1.37028513,1.347569424,1.313090194,1.275994055,1.233122485,1.187961876,1.138368046,1.089270336,1.04148195,0.992203818,0.9523389859,0.9144399015,0.8831315612,0.8640025484,0.8486146854,0.8467562657,0.8540465144,0.8649414954,0.8909743429,0.9174304093,0.9481597493,0.9856911292,1.017462031,1.05334029,1.08682012,1.116328721,1.14494286,1.16847581,1.189681323,1.205241636,1.220012296,1.229566774,1.235469675,1.2441134,1.242876883,1.245236924,1.246580902,1.24092273,1.243021895,1.238226007,1.232867877,1.2305599,1.219931742,1.211524362,1.19967669,1.18374121,1.165533036,1.142395586,1.116079788,1.083720091,1.04924234,1.009084921,0.9651927941,0.9225076368,0.8732697675,0.8287628605,0.7875156956,0.7480677951,0.7247398386,0.7088138816,0.7075332113,0.7234777933,0.7507719418,0.7928401804,0.8428210039,0.9015148881,0.9616100504,1.02515882,1.089598887,1.145570188,1.206944897,1.257031309,1.300969682,1.346179029,1.371024055,1.395563525,1.410870598,1.411558144,1.361269058,1.252858335,1.139662945,1.059930685,1.031542862,1.043290644,1.071186999,1.098593989,1.116532363,1.125735272,1.127580874,1.117056941,1.091661009,1.050098321,0.9912001395,0.9259140501,0.8614900985,0.8065448579,0.7639181351,0.7345435409,0.7368025544,0.7433890782,0.7501797778,0.7571273197,0.7640100752,0.77085695,0.7777391032,0.7846620145,0.7917733799,0.799042854,0.8065599491,0.8143619472,0.822307227,0.8305147046,0.8389297429,0.847508449,0.8561415845,0.8648410774,0.8735685207,0.8822715994,0.8907810137,0.8991566674,0.9073466959,0.9153100617,0.9228868642,0.9301608189,0.9371006696,0.9436752238,0.9497722618,0.9554740785,0.9607770407,0.9656879142,0.9700883301,0.9741067204,0.9777431015,0.98098908,0.9838213678,0.9862964223,0.9884424084,0.9903101909,0.9917768695,0.9930037699,0.9939829612,0.9946676968,0.9951567644,0.995380463,0.9953950165,0.9953086358,0.9948561732,0.9943174752,0.9936162825,0.9926285404,0.9915908265,0.9902615403,0.9887637132,0.9871911375,0.9852049888,0.9831250197,0.9807935011,0.9782918286
5.3,1.343634874,1.358794034,1.359886259,1.354644078,1.342545927,1.320602996,1.292626293,1.257193972,1.220531053,1.172837249,1.126229336,1.078078613,1.023724135,0.9785119593,0.930460665,0.887332308,0.8539298943,0.824112212,0.8075822674,0.8008156543,0.8036110324,0.8200079074,0.8435932644,0.8749763167,0.9115091924,0.950883871,0.9914978912,1.030828279,1.069608141,1.102739968,1.133382657,1.160197755,1.180138642,1.198824578,1.211052934,1.219796437,1.227896634,1.229697116,1.232118363,1.232943769,1.231764686,1.231825381,1.23040868,1.229086802,1.227178311,1.224443764,1.220215332,1.213891909,1.205761586,1.192772546,1.176577588,1.155745369,1.129877224,1.098255212,1.061381297,1.020087098,0.9735912007,0.9249953395,0.8741203756,0.8237637837,0.778121509,0.7381584637,0.7097346185,0.6953602485,0.6965914594,0.7172241428,0.7535358461,0.8025716602,0.8641243107,0.9300445623,1.001905713,1.07570021,1.144068009,1.215774285,1.278260679,1.334731145,1.388522257,1.425692608,1.457684455,1.478794969,1.485780201,1.433746977,1.319219291,1.193877573,1.102825759,1.068142075,1.07772008,1.105043854,1.132982639,1.153676081,1.169533451,1.182320938,1.185523928,1.174201621,1.144815861,1.093965308,1.032555158,0.9676504713,0.9080798728,0.8571038906,0.8149967578,0.8126897414,0.8163840636,0.8202551606,0.8242914793,0.8282431293,0.8321027815,0.8359881172,0.8399161714,0.8441214946,0.8485746483,0.853418575,0.8587360151,0.8644249898,0.8706338785,0.8773248635,0.8844700569,0.8920226809,0.8999606125,0.9082557038,0.9168583853,0.9256254642,0.9345796861,0.9436566124,0.9528023824,0.9618747259,0.970906466,0.9798493546,0.9886532488,0.9972092455,1.005553081,1.013661159,1.02152066,1.029001235,1.036197435,1.043087955,1.049642489,1.05581882,1.061646767,1.067136071,1.072321755,1.077038895,1.081449117,1.085524705,1.089195052,1.092531711,1.09545677,1.098018428,1.100324911,1.102032895,1.103476024,1.104557811,1.105131698,1.105418749,1.105178093,1.104547551,1.103620095,1.101991456,1.100043253,1.097597324,1.094783987
5.4,1.235761519,1.266556035,1.284082856,1.295830128,1.301388663,1.296700867,1.285977549,1.267206649,1.245908243,1.212259981,1.17741898,1.138541864,1.090869472,1.047578583,0.9977676248,0.9485393721,0.9037373378,0.8587267273,0.8227884952,0.7941903824,0.776129187,0.7713132076,0.7785126399,0.798113055,0.8256524503,0.863577786,0.9045349352,0.9470745317,0.9927097438,1.031714479,1.070438014,1.105186463,1.132217153,1.158306601,1.176603708,1.191043293,1.203139854,1.209248828,1.214378467,1.21694644,1.219175455,1.219298371,1.220098846,1.221293134,1.220055635,1.22205972,1.221006397,1.218902357,1.216906734,1.208973093,1.199457849,1.185050632,1.166094515,1.140392802,1.109349555,1.073474051,1.029206428,0.9840208456,0.932417122,0.8785562941,0.8294606968,0.7775880674,0.737172006,0.7077647656,0.6895223015,0.6960851034,0.7180636594,0.7577728344,0.8152246278,0.8808579709,0.9566770087,1.036460133,1.114996268,1.19548399,1.269522751,1.338163437,1.400327523,1.450092571,1.489924627,1.517379606,1.530999627,1.480557697,1.363481763,1.230828952,1.136122591,1.104450819,1.119370438,1.149466504,1.17759346,1.19926801,1.220653964,1.244821561,1.263060256,1.266663278,1.248181022,1.201399193,1.138075323,1.066984555,0.9993343602,0.9398898528,0.8888497283,0.8840360216,0.8863247186,0.8887043187,0.891182694,0.8933699054,0.8953376692,0.8971926469,0.8989369676,0.9009372248,0.9031182942,0.9057085632,0.9088630737,0.9124780706,0.9168017749,0.9218082228,0.9274913691,0.9339129508,0.9410049189,0.9487777198,0.9572037482,0.9661588421,0.9756565582,0.98561855,0.9959790856,1.006628555,1.017537531,1.028644889,1.039882834,1.051131149,1.062384695,1.073591289,1.084708437,1.095592097,1.106290665,1.116758563,1.126943284,1.13675435,1.1462109,1.155294194,1.164010339,1.172155044,1.179879138,1.187138783,1.193847623,1.200011775,1.20558038,1.210584685,1.215120767,1.218784938,1.221949735,1.224510583,1.22631531,1.227528034,1.227956027,1.227742651,1.226964411,1.225193217,1.222839742,1.219724498,1.216056127
5.5,1.07466769,1.118596027,1.152616146,1.182519532,1.207741028,1.224718845,1.236454156,1.241105705,1.242566906,1.23231097,1.218897985,1.199444409,1.170507817,1.139598989,1.100022571,1.0565426,1.010232148,0.9603056288,0.9113049129,0.8638694883,0.823549395,0.7897926758,0.7687714832,0.7613369494,0.7645853196,0.7853450163,0.8139647931,0.8497722682,0.8934297032,0.9343601543,0.9778572538,1.019263117,1.054537974,1.089409603,1.116993945,1.140651632,1.161250246,1.175528118,1.187607722,1.196154348,1.203469142,1.20720538,1.21088383,1.214129128,1.214553818,1.217804857,1.218218167,1.217994906,1.21809529,1.21360357,1.208007665,1.198365545,1.185239858,1.16571417,1.141580312,1.112740062,1.075447667,1.03667262,0.9904827696,0.9405688333,0.8930689589,0.839572758,0.7937955513,0.7547740645,0.7223729748,0.7124710948,0.7164436261,0.7399868703,0.7850571644,0.8422862419,0.9144524474,0.9937480838,1.075660336,1.160492968,1.241132718,1.317353954,1.385459409,1.443524266,1.489173073,1.521500438,1.539565768,1.49408864,1.379708728,1.250166534,1.166163678,1.150676135,1.1779463,1.211228128,1.235845273,1.253508083,1.275975708,1.307687672,1.336468903,1.348646769,1.332651861,1.281109139,1.209352753,1.130561772,1.059113069,0.9996943421,0.9517261937,0.9487217755,0.9523639497,0.9558017234,0.9590828169,0.9615485405,0.9635650966,0.9651543616,0.9662789998,0.967483622,0.9685959675,0.9699646585,0.9718438699,0.9740486068,0.9770234674,0.9807374067,0.9852038347,0.9906326416,0.9969010611,1.004092924,1.012227272,1.021168779,1.03098044,1.041568453,1.052857707,1.064785996,1.077261036,1.090221063,1.103589428,1.11720641,1.131055181,1.145047454,1.159101478,1.173064113,1.186928594,1.200629257,1.21409922,1.227162386,1.239860621,1.252136809,1.263953935,1.275088125,1.285659791,1.295620222,1.304883716,1.313348016,1.321035433,1.327948357,1.334154531,1.339230498,1.34355289,1.347027009,1.349517731,1.351085806,1.351638578,1.351308993,1.350135123,1.347728054,1.344470061,1.340203622,1.33524581
5.6,0.8779780673,0.9305434962,0.9783968231,1.024836844,1.068174907,1.107762473,1.142928267,1.172865815,1.200205448,1.216541129,1.22887356,1.233702422,1.228662878,1.216717634,1.19438863,1.164644358,1.126176203,1.081240847,1.030158985,0.9749558784,0.922483582,0.8670627747,0.8209187835,0.784131933,0.7552387869,0.747376684,0.7502255619,0.7664746166,0.7964443744,0.8308037048,0.8724131038,0.9158626758,0.9577532903,1.000123837,1.038078882,1.072912942,1.10418072,1.130082566,1.152179205,1.169992662,1.184747731,1.194693191,1.202504339,1.207958741,1.210877099,1.212996019,1.213334083,1.212933608,1.211155493,1.208363283,1.203549923,1.196209061,1.187667908,1.173006327,1.155964037,1.134831188,1.10699226,1.07697592,1.040405152,1.000035987,0.9584872377,0.9122431666,0.868424539,0.8274823682,0.7914893097,0.7690204283,0.7592433595,0.7667229446,0.794209019,0.8381021593,0.8986705604,0.9698713014,1.047117599,1.129291843,1.209500491,1.286417804,1.356205858,1.416379962,1.464499734,1.499345208,1.518767915,1.482495111,1.378610376,1.265791,1.206071138,1.21319193,1.251248707,1.282407356,1.297929057,1.306861044,1.325740434,1.358661025,1.388921308,1.398416265,1.374187731,1.311650131,1.232894315,1.156360607,1.096048343,1.051285078,1.018957487,1.021197005,1.02827976,1.034637531,1.040408441,1.044613631,1.048055285,1.0506349,1.052266245,1.053676894,1.054579439,1.055452309,1.056654727,1.057853598,1.05974897,1.062289405,1.06549982,1.069741936,1.074846333,1.080991644,1.088262618,1.096476924,1.105809632,1.116154466,1.127431643,1.139638798,1.152632915,1.166369459,1.180780162,1.195636719,1.210955413,1.226609019,1.242469917,1.258396399,1.274315132,1.290152767,1.305845012,1.321094478,1.336007939,1.350479916,1.364414708,1.377612867,1.390126673,1.401920087,1.412930968,1.422906002,1.431988419,1.440134893,1.44736249,1.45329436,1.458248489,1.462162121,1.464945088,1.466500393,1.466890612,1.466213084,1.464434103,1.461294006,1.457054912,1.451609837,1.44542028
5.7,0.6802363487,0.7368580187,0.7931951858,0.8515399622,0.9103022374,0.9682231077,1.02430836,1.076908621,1.127505718,1.168612508,1.204996296,1.233442361,1.250751203,1.259519647,1.25563148,1.241643582,1.217182722,1.181009019,1.136131905,1.083099924,1.0273235,0.9642073015,0.904079693,0.847931094,0.7943122187,0.7585082435,0.7320271683,0.7207670009,0.7283310877,0.7459065947,0.7777462764,0.8172051886,0.8600323391,0.907923311,0.9541839837,0.9991912479,1.041773538,1.079099642,1.11222456,1.140175942,1.163183371,1.180123686,1.192594747,1.200795562,1.205571721,1.206771188,1.206046449,1.204084882,1.199945276,1.196580989,1.191412976,1.185240432,1.179752845,1.169769371,1.159400523,1.146237901,1.128325996,1.108342307,1.082851619,1.05370158,1.021179656,0.9845986198,0.9467486288,0.90874709,0.8741574975,0.8452496833,0.8268866577,0.8218804169,0.832522709,0.8615362589,0.9064023223,0.9644077395,1.031198086,1.10524285,1.179808202,1.252659521,1.321131868,1.380107397,1.429225292,1.465974979,1.48587725,1.466360815,1.384062339,1.299184557,1.26785982,1.292326133,1.332459056,1.354276332,1.355876589,1.351997214,1.361504148,1.387056729,1.408768443,1.407296323,1.37237922,1.305667392,1.23612275,1.182684358,1.150166327,1.127522876,1.110028299,1.116324497,1.126243013,1.134990486,1.142813346,1.148454601,1.15305307,1.156408847,1.158377328,1.159827929,1.160362157,1.160560602,1.160864765,1.160775662,1.161231973,1.162155417,1.163573055,1.165970776,1.169148942,1.173379835,1.178819612,1.185222537,1.192907782,1.201764749,1.211715156,1.222828725,1.234925865,1.247995946,1.261999138,1.276625115,1.291960947,1.307842913,1.324093725,1.340620082,1.357261421,1.373952774,1.390654293,1.406919425,1.422958069,1.438605187,1.453688132,1.468095015,1.481752574,1.494657654,1.506797478,1.517723644,1.527746284,1.536753711,1.54468367,1.55128871,1.556743535,1.561041626,1.564169467,1.565804638,1.566227777,1.565467429,1.563372378,1.559924316,1.555144878,1.549012088,1.542181743
5.8,0.5312538797,0.5820350488,0.6369889793,0.6983717466,0.7655036073,0.8334617142,0.9036391349,0.972165725,1.039347517,1.099568993,1.154701461,1.202496138,1.238263973,1.265949305,1.279401559,1.281276714,1.273305549,1.248792972,1.215571958,1.171859404,1.120760588,1.06123284,0.9988453138,0.9361340869,0.8711065257,0.8173058556,0.7682313271,0.7304218201,0.7120294246,0.7038456176,0.7162637165,0.7425207786,0.776093539,0.8240190332,0.8725062644,0.9230510909,0.9749997043,1.020438611,1.063596784,1.100872329,1.131771828,1.156026685,1.173785347,1.186133346,1.192894197,1.195581523,1.19465833,1.191662613,1.187588325,1.182622653,1.177909243,1.173204188,1.169461366,1.16461597,1.159880009,1.154030764,1.145012007,1.134428028,1.11909239,1.099891236,1.077086823,1.048606747,1.017458106,0.9839324364,0.9508301596,0.9197688997,0.8953280973,0.8805666491,0.877538497,0.8915209647,0.9202142512,0.9629486578,1.017131653,1.080325978,1.147482144,1.215492314,1.281342451,1.34070805,1.391691939,1.431641727,1.454310195,1.459825749,1.409249732,1.355787268,1.347190867,1.379331802,1.414490689,1.423333967,1.408195614,1.386693583,1.379279664,1.389213236,1.397368853,1.387356474,1.353704405,1.303506628,1.266308084,1.2513783,1.248034382,1.238289524,1.221064925,1.227049073,1.237559564,1.246843801,1.255213058,1.261161236,1.26594277,1.269276396,1.270927784,1.271880932,1.271597241,1.270726839,1.269765452,1.268044572,1.266700454,1.2656171,1.26481168,1.26487278,1.265569326,1.267258683,1.270164501,1.273978354,1.279167153,1.285623133,1.293277074,1.302281377,1.312430757,1.323760424,1.336274418,1.349587743,1.363875929,1.378946206,1.394572478,1.410746176,1.427199828,1.443889923,1.460820064,1.477378686,1.493903655,1.510160782,1.525884176,1.541106876,1.555574313,1.569332893,1.582438663,1.594211859,1.605163419,1.615091603,1.623832025,1.631328432,1.637544067,1.642546237,1.646417873,1.648560316,1.649515516,1.649217654,1.647362364,1.644252099,1.639578259,1.633427494,1.626694115
5.9,0.4961587116,0.5217954621,0.5566346782,0.6038801574,0.662927366,0.7268888581,0.797803404,0.8701907828,0.9437547554,1.013264883,1.079260489,1.139712933,1.188689416,1.231808499,1.260738296,1.278475763,1.287906826,1.279066011,1.262387542,1.23440892,1.197212407,1.150457108,1.097683861,1.041510779,0.9785113927,0.9212661266,0.8623601488,0.8080931947,0.7683124683,0.7324798892,0.7172093303,0.7177512799,0.728220533,0.7621608839,0.8007169107,0.8467227053,0.8999068189,0.9476168024,0.9966416927,1.040649472,1.078319682,1.110145155,1.134568789,1.153306811,1.165038545,1.172623604,1.17510375,1.174606739,1.173590891,1.169587927,1.166953195,1.164452284,1.162587177,1.161674354,1.160927601,1.160210862,1.157252944,1.153419667,1.145356007,1.133443527,1.118285178,1.096124493,1.070817798,1.041703749,1.010640622,0.9794325849,0.9513347276,0.9297220605,0.9161564778,0.9171493505,0.9310300725,0.9586482697,1.000186006,1.051707329,1.111362275,1.17507221,1.238333753,1.30011962,1.354198134,1.398620363,1.425657274,1.459899706,1.443534321,1.417013988,1.422507149,1.456503109,1.485728691,1.482439695,1.449486213,1.406004409,1.3762457,1.368327144,1.367977892,1.363984146,1.352848143,1.339982344,1.34542596,1.363574832,1.373692389,1.360035887,1.329111693,1.33175246,1.341540317,1.350442818,1.358780571,1.3647389,1.369576631,1.372905163,1.374352724,1.375045179,1.37422546,1.372608682,1.370732787,1.367728691,1.364925356,1.362144353,1.359380159,1.357319888,1.355682715,1.354908536,1.355278444,1.356426171,1.358959706,1.362778342,1.367834473,1.374355747,1.382134396,1.39125629,1.401774176,1.413255237,1.425960471,1.439683716,1.454160394,1.469478364,1.485268087,1.50151238,1.518269171,1.534762319,1.551466186,1.568075403,1.584223609,1.600118053,1.615294,1.629856401,1.6439356,1.656608836,1.66859669,1.679595694,1.689338807,1.697966461,1.705218989,1.711238927,1.716192417,1.719223979,1.721111732,1.721697851,1.720533919,1.718217173,1.714126747,1.708444349,1.702300731
6,0.5944056587,0.5860853409,0.5854186514,0.5994731544,0.6290756682,0.6690207935,0.7215468029,0.7806205817,0.8464910675,0.9119276462,0.9783877643,1.042897444,1.097925732,1.152055601,1.193463868,1.226130749,1.253313291,1.263161036,1.267132478,1.260222718,1.24484599,1.218345848,1.185041929,1.146317212,1.096128718,1.048906477,0.9931472789,0.9358993402,0.8868766854,0.8321431798,0.7921624387,0.7626617419,0.7411394997,0.7449381788,0.7576868701,0.7841849348,0.8239270782,0.8646825252,0.9114630963,0.9568337126,0.9991195294,1.037333534,1.069786249,1.097289176,1.117717541,1.134220873,1.144697151,1.151500739,1.15649839,1.157525445,1.158566528,1.158606861,1.159276735,1.159309642,1.160155617,1.161240131,1.159883709,1.15932907,1.154640746,1.146963726,1.136798087,1.119841631,1.099947871,1.075726824,1.049117843,1.020140118,0.9924860108,0.9686869238,0.9489144574,0.9416791927,0.9440061359,0.9586503875,0.9884911126,1.028031739,1.079364792,1.137500145,1.196870914,1.259364217,1.314876202,1.362068241,1.39186749,1.449251653,1.460692096,1.45376052,1.468161431,1.503973767,1.530415259,1.518180818,1.469251587,1.405446271,1.357505684,1.340621269,1.345674295,1.364306329,1.38815063,1.413697217,1.449333294,1.481127351,1.487961316,1.460870071,1.413965891,1.414059376,1.423997369,1.433534699,1.442963619,1.450055867,1.456138437,1.460657506,1.463077716,1.464696107,1.464483858,1.463234642,1.461522142,1.458252752,1.454957743,1.451380049,1.447496307,1.444059686,1.440757609,1.438103519,1.436411556,1.435286631,1.435444781,1.43680677,1.439372301,1.443387393,1.448708514,1.455459289,1.463728569,1.473090729,1.483858645,1.495843857,1.508766377,1.522782134,1.537466111,1.552819693,1.568958525,1.584962071,1.60143427,1.618008717,1.634220562,1.650458294,1.666045249,1.681148966,1.695971244,1.709358963,1.722231921,1.734182944,1.74486471,1.754574721,1.762869129,1.769954551,1.776032412,1.780093677,1.783047185,1.784674902,1.784448436,1.783114338,1.779879649,1.774962952,1.769663285
6.1,0.7636517567,0.7296649346,0.6980306069,0.6773255523,0.6692489707,0.6724381268,0.690592275,0.7195967634,0.7622322501,0.8087337754,0.8632740953,0.9213657608,0.973384738,1.03221691,1.081034843,1.12539145,1.168487813,1.196995352,1.222725925,1.238905324,1.249066419,1.24661768,1.238094714,1.223018663,1.19210049,1.163614527,1.120345851,1.071066194,1.025235702,0.9647618084,0.9126979954,0.8628207105,0.815482498,0.786015035,0.7652361898,0.7605077411,0.770725269,0.7931256408,0.8257530825,0.8633870234,0.9058262537,0.9458308969,0.9856479046,1.022370682,1.052988543,1.081095658,1.102468059,1.120014577,1.132681873,1.14193955,1.147511567,1.149838257,1.153822338,1.151459215,1.151805619,1.151753233,1.147658842,1.147777022,1.143173602,1.137594452,1.130764183,1.119221336,1.105675178,1.088194313,1.070399378,1.047270453,1.025977405,1.006467279,0.9863925235,0.9778234134,0.9735268494,0.9789152234,0.9980258019,1.024858938,1.06458525,1.111954158,1.162883153,1.218369124,1.269205572,1.313411078,1.340552278,1.408270832,1.436900186,1.444309747,1.467102709,1.507989073,1.536868961,1.522764237,1.467955725,1.397617323,1.347280567,1.335544032,1.354510623,1.395824516,1.444141588,1.488983796,1.53386186,1.564354081,1.562443218,1.524422508,1.470314561,1.471503443,1.483885995,1.496196577,1.508662733,1.518626227,1.5275884,1.534806706,1.539620457,1.543433124,1.545021047,1.545245716,1.544689386,1.542096534,1.539147039,1.535533141,1.531252084,1.5270195,1.522591763,1.51851936,1.515105954,1.512011731,1.509973009,1.50896962,1.509089506,1.510487628,1.513198874,1.517347498,1.523027665,1.529913818,1.53829409,1.548045501,1.558905489,1.571039159,1.584043535,1.597917165,1.612834392,1.627767793,1.643430577,1.659415106,1.675158442,1.691246328,1.70678398,1.722008336,1.737197712,1.750974748,1.764458167,1.777130404,1.788588038,1.799251966,1.808529048,1.816683181,1.823887056,1.829117408,1.833271157,1.836109583,1.837124323,1.836988707,1.83495349,1.831187299,1.827035014
6.2,0.9443255097,0.8922658699,0.8402844052,0.7949927347,0.7563491371,0.7275940232,0.7100762447,0.7037062959,0.7137300452,0.7310741072,0.7624825014,0.803128747,0.8432919197,0.8972790056,0.9461682448,0.9958500792,1.048462817,1.091498776,1.134768159,1.170776705,1.204019424,1.224184748,1.239933015,1.248865235,1.239731064,1.232987302,1.207887812,1.174211127,1.140450814,1.087015342,1.036752141,0.982147889,0.9251490584,0.8755566563,0.8302642014,0.7967853575,0.7729344927,0.7683036663,0.774863988,0.7926856415,0.8252795513,0.857646074,0.8983885751,0.9394859134,0.9766988131,1.014674001,1.045877975,1.074034149,1.094415133,1.112833651,1.123633605,1.12883715,1.137140868,1.132099824,1.131920999,1.130219915,1.122142155,1.122168677,1.11650067,1.112373068,1.108453972,1.103065029,1.097128687,1.088389049,1.083042247,1.069323953,1.059549871,1.050057845,1.03570429,1.03224092,1.026985584,1.028001992,1.038066039,1.052761654,1.077468486,1.107793619,1.144682042,1.182541154,1.220501631,1.254038364,1.271234702,1.332899546,1.366577891,1.384614256,1.416963708,1.467566347,1.507809029,1.506692783,1.466594514,1.411759966,1.374886521,1.371510401,1.393690324,1.437069973,1.485499244,1.528423331,1.569727848,1.596342481,1.591149185,1.551909247,1.502758409,1.508784204,1.525650327,1.542471301,1.559363036,1.57339921,1.58624561,1.597028641,1.605057567,1.611672219,1.615656916,1.617883096,1.618894188,1.617418999,1.615155196,1.611810559,1.607450795,1.602625798,1.597290621,1.59197914,1.586943296,1.581998058,1.577795247,1.574415216,1.572071605,1.570724862,1.57069296,1.572059914,1.574887271,1.579057906,1.584735468,1.591911733,1.600380323,1.61024111,1.621201757,1.633225594,1.646540255,1.660066139,1.674584892,1.689674444,1.7046663,1.720370885,1.735653721,1.750827625,1.766269931,1.780344546,1.794405618,1.807802424,1.820075608,1.831783026,1.842165925,1.851559739,1.860053392,1.866712504,1.872311661,1.876612455,1.879239447,1.880543329,1.880061334,1.87782284,1.875057614
6.3,1.110904189,1.047136171,0.9830824905,0.9229434677,0.8636943187,0.8148976297,0.7712281402,0.7368128377,0.7169744114,0.7048526358,0.708599628,0.7241451428,0.7464624984,0.7843036616,0.8246588903,0.8709195577,0.9219798576,0.9719709218,1.023312737,1.070778933,1.119385301,1.155531092,1.190010098,1.218280502,1.229658918,1.242936619,1.238097559,1.22426085,1.20731417,1.171003422,1.133297444,1.087773266,1.03723083,0.9852492588,0.9333181242,0.8861963458,0.8414776979,0.8124294337,0.7911026258,0.7818475275,0.7910250058,0.804270222,0.8323843516,0.8660198091,0.9003414894,0.9398832995,0.9750736263,1.00922556,1.035718718,1.061472286,1.078304674,1.088521196,1.101879533,1.098609377,1.100296859,1.099350662,1.090702418,1.091310318,1.085985037,1.083677373,1.08270137,1.082990599,1.084279142,1.084369041,1.090702417,1.087955446,1.090778854,1.093186964,1.088626835,1.093386743,1.092235021,1.093998756,1.099142554,1.105645655,1.116816297,1.129649822,1.150262404,1.16578175,1.18558622,1.202814672,1.205735275,1.241599032,1.265032561,1.287194708,1.328973527,1.395440324,1.460228912,1.491105444,1.485925379,1.460471493,1.438639345,1.432069812,1.436832344,1.458996783,1.48815909,1.518119993,1.554058946,1.582432424,1.583336062,1.552653839,1.517179106,1.529964329,1.552155695,1.574111938,1.595792222,1.614273254,1.631239242,1.645794102,1.657309042,1.666878338,1.673497462,1.677966928,1.680751844,1.680693796,1.679379375,1.676588995,1.672468699,1.667341039,1.6614139,1.655169009,1.648798967,1.642293343,1.636187435,1.630667988,1.626080276,1.62216149,1.619538407,1.618244744,1.618278891,1.619806223,1.622794109,1.627377971,1.633457198,1.640970552,1.649842462,1.659962421,1.671580297,1.683663607,1.696972649,1.711116907,1.725327875,1.740622097,1.755644542,1.77076796,1.78649865,1.800888566,1.815579734,1.829766207,1.842898424,1.855743531,1.867300405,1.878013733,1.887875902,1.896042994,1.903159758,1.908970138,1.913318402,1.916053328,1.917177462,1.916530142,1.915063914
6.4,1.253087561,1.186420517,1.118009926,1.051529253,0.9813570759,0.9224470173,0.8635460743,0.8117158487,0.7721596875,0.7375017078,0.7177516572,0.7083418429,0.7106239029,0.7255022699,0.7497843836,0.7839592913,0.8219888167,0.8695650265,0.9175951116,0.9656112697,1.019720343,1.061786223,1.106526596,1.146483793,1.172797316,1.201441456,1.21459254,1.2202818,1.220785589,1.205937998,1.186266561,1.157646186,1.123782469,1.08184885,1.037802905,0.9925561607,0.9443790845,0.9039184701,0.8656365677,0.8350577479,0.8171298734,0.8062505533,0.8097850723,0.8227542763,0.8424399101,0.8708801785,0.9007082572,0.9328880932,0.9610505016,0.9903085932,1.012604602,1.02944467,1.048209868,1.052200433,1.059128946,1.062652022,1.058983345,1.061857,1.059638763,1.060099919,1.061884124,1.066285573,1.072488262,1.079040566,1.092705817,1.099288961,1.111855258,1.124234026,1.130168121,1.143172958,1.1491428,1.155548368,1.161214441,1.165449846,1.169506314,1.1714317,1.179135543,1.177286146,1.180167374,1.180849037,1.17084013,1.161670137,1.157106226,1.173896791,1.224774908,1.314621898,1.415481979,1.488688406,1.522736699,1.522772164,1.505834742,1.483339851,1.457949534,1.447791746,1.451068621,1.467753665,1.503579083,1.541913353,1.556782055,1.540113673,1.52063866,1.539910939,1.567082762,1.593817627,1.619893171,1.64261092,1.663489663,1.681701049,1.696718516,1.709289324,1.718716609,1.725668992,1.730519378,1.732262459,1.732314396,1.7305461,1.727151182,1.722253807,1.716267205,1.709618944,1.702474154,1.69490548,1.68740445,1.680224104,1.673804749,1.667724184,1.662844717,1.659182252,1.65666111,1.655728492,1.656153108,1.65820755,1.661953757,1.667061989,1.673790632,1.681922455,1.691661956,1.702189308,1.714088706,1.727074956,1.740329832,1.754955081,1.769500781,1.78434191,1.800124173,1.814597119,1.829687058,1.844447621,1.85818998,1.871986168,1.88449793,1.896318014,1.907385599,1.916845965,1.925315353,1.932466251,1.938383335,1.942395152,1.944991834,1.945836586,1.945496676
6.5,1.360943347,1.301076459,1.236715772,1.172372712,1.100981993,1.039862967,0.9751271583,0.9150375065,0.8653932477,0.8166996916,0.7812695892,0.7531589253,0.7374593494,0.7305095646,0.7357906044,0.7529357295,0.7713561415,0.8084789607,0.8442430248,0.8832608279,0.9339457553,0.9718847076,1.018034769,1.06128512,1.094440257,1.132072493,1.157452387,1.17827473,1.193027357,1.19814554,1.196462088,1.186158684,1.172346926,1.145537325,1.116562779,1.082351235,1.041633174,1.00225581,0.9599471913,0.9202602825,0.8840049751,0.8546253905,0.8331474934,0.8204421796,0.8186306361,0.8251062578,0.8401409618,0.8613369221,0.883965823,0.9112865196,0.93576994,0.9581948388,0.9812466306,0.9952490937,1.009428337,1.01995406,1.025690541,1.032411538,1.035956556,1.040516906,1.044857239,1.052418107,1.061124423,1.071289817,1.087891242,1.100626764,1.118998754,1.138005048,1.152965778,1.172729622,1.186761408,1.199897786,1.210248276,1.217427584,1.221309978,1.220657493,1.221811475,1.21197893,1.203935327,1.192567658,1.174694328,1.110280673,1.064135173,1.067757235,1.128496179,1.245826361,1.383323988,1.492767038,1.554521001,1.567659427,1.546708257,1.504416893,1.448794552,1.408030455,1.389440829,1.399733525,1.443677483,1.498585416,1.530236714,1.526685843,1.519359642,1.543430248,1.574591565,1.605265194,1.63504499,1.661514472,1.685919228,1.70752247,1.72588642,1.741412509,1.753690362,1.763241428,1.770349984,1.774137905,1.775856225,1.775455227,1.773135874,1.768884339,1.763242177,1.756596658,1.749130403,1.740873548,1.732384098,1.723929634,1.715985229,1.708085247,1.701199029,1.695377213,1.6904859,1.687180336,1.685096795,1.684605267,1.68597005,1.688525622,1.692939678,1.698877821,1.706416647,1.715137251,1.72527076,1.736716222,1.748696831,1.762203709,1.775900102,1.790076315,1.805493386,1.819707759,1.83483409,1.849846039,1.8638793,1.878376391,1.89160111,1.904309463,1.916461152,1.927048452,1.936803203,1.945261441,1.952708296,1.958064939,1.962196461,1.964648981,1.965563335
6.6,1.422883401,1.377807809,1.325688956,1.271504082,1.208067848,1.151904214,1.089619895,1.029317341,0.9766509439,0.9220187331,0.8779012821,0.8382878446,0.8094892491,0.7862087484,0.7748075474,0.7750366068,0.7743119366,0.7967013534,0.8164041456,0.8412330509,0.8818970345,0.9090188428,0.9491378629,0.9882491191,1.020338589,1.059875297,1.090296049,1.119599054,1.143127194,1.162965299,1.175565259,1.180879916,1.185515055,1.174186669,1.161982619,1.142430503,1.114183615,1.083611054,1.046281635,1.007721211,0.9648734226,0.9268434155,0.8888656144,0.8554330494,0.8332318172,0.8141327088,0.8083471606,0.8108501965,0.8195852393,0.8377628029,0.8581818514,0.8817701598,0.9053845458,0.9283623185,0.9491253892,0.9667523441,0.9838873137,0.9949949341,1.006109339,1.016148879,1.023206445,1.034343311,1.044478933,1.056770075,1.073801778,1.090338937,1.111648285,1.134526064,1.157023417,1.181840198,1.204039163,1.224898402,1.242434037,1.25624605,1.265148854,1.268639474,1.269085901,1.260010565,1.247750564,1.230170313,1.21025399,1.091990476,0.9991263322,0.9842451677,1.052286573,1.191203367,1.353107227,1.483030099,1.558204172,1.576185195,1.550181812,1.492766176,1.414739902,1.352075582,1.320805712,1.333632004,1.391830842,1.464401517,1.509448097,1.51371815,1.513068604,1.540579618,1.575023514,1.609076062,1.642159106,1.672046509,1.699733796,1.724537996,1.746077738,1.764466517,1.779509014,1.79160275,1.800946641,1.806761553,1.810156165,1.811148555,1.809936845,1.806393664,1.801162631,1.794595251,1.786922672,1.77806236,1.76870701,1.759114012,1.749734549,1.740181143,1.731400861,1.723525733,1.716408061,1.710790133,1.706288588,1.703309349,1.702320785,1.702339278,1.704426441,1.708152275,1.713395099,1.720283765,1.728552514,1.738336827,1.749006895,1.761225971,1.773997306,1.787432007,1.802347284,1.816288389,1.831385643,1.846622381,1.860944541,1.876168235,1.890156181,1.903810569,1.917188449,1.928985366,1.940190841,1.950145667,1.959262989,1.966221695,1.972092703,1.976383071,1.978808953
6.7,1.432860268,1.40698633,1.373275422,1.335325196,1.286822555,1.241673922,1.188569527,1.134944834,1.084371569,1.031053654,0.9836749978,0.9383428631,0.9021898873,0.8678364161,0.8445465863,0.8310586025,0.8162197819,0.8237590233,0.828895377,0.8399748186,0.8670375703,0.8826360806,0.9123063719,0.9425191431,0.9687139335,1.003645987,1.032854212,1.063693691,1.090308155,1.117776492,1.139309747,1.15572674,1.17366771,1.176193708,1.178860488,1.173887143,1.159739731,1.141241868,1.114004296,1.082759541,1.042934676,1.004242345,0.9600873451,0.9156797841,0.8786958402,0.8393973451,0.8123211528,0.7926109294,0.7814588081,0.7825467998,0.7909626303,0.808217632,0.8266062232,0.8535044484,0.8776413444,0.9003238867,0.9275621327,0.9430573041,0.962081095,0.9783999048,0.9888666816,1.004472845,1.016356295,1.030688865,1.04779969,1.067117227,1.090244323,1.115746481,1.144872685,1.174012113,1.204446641,1.23372472,1.260054022,1.282960724,1.300318815,1.312342177,1.316520728,1.314007491,1.302775271,1.283914823,1.266028697,1.102935514,0.963857164,0.9235450977,0.9884408995,1.13423767,1.304444346,1.442009649,1.524155576,1.547814079,1.522833087,1.458924872,1.367682735,1.291600934,1.254779338,1.274448946,1.346616606,1.432479145,1.485465811,1.493651784,1.498113419,1.529196196,1.567005353,1.604517772,1.641009374,1.674324633,1.705321005,1.73331881,1.757973064,1.779170231,1.796873106,1.81139112,1.822834887,1.830522281,1.835429892,1.837642773,1.837378246,1.83436873,1.829396784,1.822765609,1.81476138,1.805198553,1.794904342,1.784138031,1.773284188,1.762131528,1.751507924,1.741655523,1.732481344,1.724671171,1.717962847,1.712729322,1.709601842,1.707391993,1.707439357,1.709273753,1.712534438,1.717959256,1.724714222,1.733177031,1.742964131,1.754202079,1.76643908,1.779519223,1.794220124,1.808299483,1.823673401,1.839439567,1.854367634,1.870558512,1.885552049,1.900341375,1.915143923,1.928237526,1.94098644,1.952498837,1.963229843,1.97178987,1.979282304,1.985261052,1.989050507
6.8,1.391473664,1.38589434,1.373512838,1.355203543,1.325377016,1.295755487,1.256373731,1.214285189,1.170298077,1.123302918,1.077164927,1.030610976,0.9918774009,0.9507176617,0.9201183424,0.8969744601,0.8733713502,0.8690848184,0.8639773322,0.8655573688,0.879669057,0.8879427844,0.9072239921,0.9278675388,0.9478516839,0.9740800792,0.9984102412,1.02530901,1.050015452,1.077881834,1.102261948,1.124288301,1.148215825,1.161540896,1.174761283,1.181687148,1.181149164,1.174755476,1.159991082,1.139239419,1.10908408,1.075212307,1.033604198,0.9881612791,0.9430299128,0.8941631735,0.8505862504,0.8109288644,0.779742075,0.757779985,0.7471821889,0.7489652939,0.7551599636,0.7772360757,0.7993839124,0.8235462555,0.8560824237,0.8763044981,0.9020259846,0.9246207092,0.9399235443,0.9603851786,0.9752448873,0.9920787424,1.010455835,1.031830128,1.056764648,1.084774704,1.119033127,1.153031148,1.191246204,1.229223534,1.265289845,1.298598933,1.326410313,1.349016577,1.360755067,1.36699373,1.360545558,1.344263829,1.329449761,1.133696256,0.9498737634,0.8741533592,0.9205527447,1.058089679,1.225961854,1.367423701,1.459508473,1.496428986,1.481312143,1.41867203,1.319872912,1.23366719,1.192088087,1.216504767,1.298081199,1.392424956,1.450691086,1.462762703,1.473979534,1.509184391,1.550513836,1.591545862,1.631462615,1.668119713,1.702342428,1.73343051,1.761057961,1.784955612,1.805183808,1.821999453,1.835427522,1.844870125,1.851187091,1.854518269,1.855125832,1.852563698,1.847795362,1.84105899,1.832676378,1.822417276,1.811190113,1.799287245,1.787004449,1.774356926,1.762005434,1.750306718,1.739301906,1.729472552,1.720829291,1.713650782,1.708649376,1.704631121,1.703012623,1.703371472,1.705115923,1.709534341,1.715267455,1.722885755,1.732328662,1.743024805,1.75521543,1.768417772,1.783244196,1.797908285,1.813849338,1.830388562,1.846172307,1.863391073,1.879440918,1.895309468,1.911410725,1.925545515,1.939512135,1.952187605,1.963978993,1.973599822,1.98202552,1.988943005,1.993350611
6.9,1.307727647,1.321081592,1.329193155,1.330988383,1.320479264,1.308852498,1.285543805,1.257532795,1.224525602,1.186177783,1.145227388,1.101185273,1.062598649,1.018553984,0.9835771466,0.9540788009,0.9248286369,0.9123550249,0.9007928712,0.8969160117,0.9024955194,0.9079210428,0.9209468582,0.9355319843,0.952260116,0.9707806335,0.9902455321,1.011537295,1.031337768,1.055037659,1.076899487,1.098820646,1.122132132,1.14093923,1.159305189,1.173657382,1.183868054,1.187486648,1.185005526,1.175813524,1.158152216,1.133250815,1.10004618,1.060906771,1.01504573,0.966090164,0.9140787394,0.8614466478,0.8155125957,0.7706804695,0.7383259945,0.7177817851,0.7044727209,0.7117445416,0.7243742266,0.7444787169,0.7757878211,0.8000058747,0.8304292461,0.8588115122,0.8805999209,0.9062075704,0.9257675281,0.9460401471,0.9673155811,0.9903545132,1.017238164,1.047643038,1.084791622,1.123752194,1.168096695,1.21376734,1.258978392,1.302320868,1.340725211,1.373797481,1.395491398,1.410218904,1.410769391,1.39965736,1.387463104,1.170552248,0.9445555656,0.8253537257,0.8408818791,0.9614201352,1.124363508,1.272906698,1.381935946,1.439893068,1.441012137,1.38366295,1.27893466,1.182167121,1.133646783,1.159455883,1.246895545,1.347210528,1.409887258,1.425811838,1.442977535,1.481413468,1.525492358,1.569274836,1.611909929,1.651266163,1.688158573,1.721871829,1.752064597,1.778408233,1.800964127,1.819966638,1.835372955,1.846612788,1.854469573,1.859096818,1.860804463,1.858961814,1.854703378,1.848197607,1.839761087,1.829185533,1.817380334,1.80469747,1.791347825,1.777546734,1.763805926,1.750569205,1.738072089,1.726480101,1.716192013,1.707359578,1.700667913,1.695157241,1.692083057,1.691172504,1.691678725,1.69524202,1.700169254,1.707122151,1.716387248,1.726666839,1.738917358,1.752335873,1.767253752,1.782538356,1.798937738,1.816079267,1.832577409,1.850458076,1.867218355,1.883724246,1.900582501,1.915159772,1.92965278,1.942756103,1.954751822,1.964598857,1.973019064,1.979896696,1.983994801
7,1.1941798,1.22257599,1.247375648,1.266995592,1.274351429,1.280881469,1.274451413,1.26180302,1.243113291,1.215304011,1.18313842,1.145210548,1.1092719,1.066077708,1.029029643,0.9956050323,0.9622096827,0.9436805628,0.9273112494,0.9196237896,0.9205170053,0.9253282936,0.936519279,0.9496629303,0.9669656025,0.9824815084,1.0002371,1.018387637,1.033790477,1.052977978,1.06985672,1.087794125,1.106523891,1.124803797,1.1430693,1.159605907,1.175848445,1.185919493,1.193262992,1.194776963,1.189187187,1.175902001,1.154192116,1.125733611,1.086177936,1.043451718,0.9915126614,0.9345779958,0.8815416715,0.8205470314,0.7696871069,0.7262356477,0.6889610072,0.6733773358,0.6674911638,0.675332388,0.6977397785,0.7220582939,0.7541761981,0.7869950463,0.8161635152,0.8473566403,0.8734535463,0.8988381343,0.9243541551,0.9498975567,0.9787911318,1.011032337,1.04922251,1.091416998,1.139246928,1.190019227,1.241831726,1.29299746,1.34013743,1.382013916,1.413482202,1.435812226,1.443973669,1.439169811,1.429737938,1.201015704,0.9390899312,0.7754604776,0.7550089352,0.85592164,1.014856589,1.173797336,1.303972755,1.386084103,1.405467683,1.354830222,1.245628466,1.139960322,1.085885047,1.113125347,1.204558989,1.30748888,1.370634393,1.386165879,1.403888917,1.443265171,1.488574091,1.533751173,1.577932206,1.619042045,1.657808951,1.693527429,1.725801986,1.754326184,1.779068126,1.800252016,1.817796345,1.831078985,1.840860651,1.847254596,1.850594815,1.850104538,1.84702226,1.841460161,1.833683975,1.823552751,1.811902743,1.799152967,1.78545908,1.771137078,1.756628343,1.742409733,1.728925094,1.715990243,1.704421592,1.694252959,1.686037121,1.679252565,1.674790002,1.672607355,1.671934158,1.674464754,1.678476087,1.684592403,1.693401707,1.70302608,1.715000329,1.728288239,1.742876499,1.758371975,1.774742405,1.791948329,1.808679205,1.826563821,1.843436418,1.859939808,1.876832793,1.891180783,1.905457736,1.918257851,1.929684607,1.939036837,1.946701925,1.952791007,1.955935543
7.1,1.066320617,1.103425025,1.138994258,1.171662303,1.193542065,1.215886144,1.225474008,1.228361057,1.225332836,1.210335592,1.190056209,1.161862605,1.132284445,1.093805733,1.057988844,1.023504995,0.9876780218,0.964399993,0.9434828128,0.9316571285,0.9286386422,0.9324750419,0.9433322346,0.9573002435,0.9775033714,0.9942092009,1.014031006,1.03317363,1.047442882,1.065171334,1.078451571,1.092272267,1.106001501,1.120312265,1.13514051,1.14967502,1.167237153,1.179665675,1.193043518,1.202631451,1.206639953,1.205107211,1.195401184,1.179262978,1.150337152,1.117551041,1.072070523,1.018191254,0.9653538767,0.8973024868,0.8354492385,0.7751146931,0.7164071336,0.6759284126,0.6453146925,0.6323294859,0.636758745,0.6539220336,0.6823495448,0.7161799357,0.7518713711,0.7881901636,0.8220028927,0.8541477874,0.8849572456,0.9146839841,0.9459425563,0.9796526693,1.017770766,1.060757822,1.109121811,1.161541314,1.216328573,1.271782968,1.324460743,1.372408228,1.411577914,1.440180224,1.455368008,1.456945923,1.450651143,1.218127466,0.9302701839,0.7293625787,0.6750571651,0.7561439898,0.9101638577,1.07835053,1.228332016,1.332825918,1.369450438,1.326524231,1.216751122,1.108378431,1.054667301,1.084891241,1.176327021,1.274412061,1.330080338,1.338594735,1.351519014,1.390094169,1.435537841,1.481196387,1.526158418,1.568470297,1.608669271,1.646090536,1.680269788,1.710944975,1.737959135,1.761515727,1.781524873,1.797250194,1.809475409,1.818235386,1.823849231,1.825463359,1.824327139,1.820524619,1.814242622,1.805411866,1.794763157,1.782767329,1.769569629,1.755457879,1.740909072,1.726375629,1.712470999,1.698721803,1.686290438,1.675139833,1.665626206,1.657759356,1.651967362,1.648466726,1.646603729,1.647831466,1.650705342,1.65569869,1.663597944,1.672217155,1.683415553,1.69606148,1.709802822,1.724933557,1.740701083,1.757362168,1.773771011,1.791013344,1.807419593,1.823350137,1.839654145,1.853266837,1.866779996,1.878777124,1.889156942,1.897597599,1.904119935,1.909057545,1.911012841
7.2,0.9419690817,0.9800104599,1.019195312,1.058219922,1.08943307,1.12288887,1.145623455,1.162527312,1.174263898,1.1736417,1.167236883,1.151816549,1.132622792,1.102885112,1.072580756,1.040879126,1.005709018,0.9795781556,0.9547592233,0.9381610516,0.9301732252,0.9308565408,0.9398860934,0.9538821726,0.9764133442,0.995951679,1.019824935,1.042996767,1.059901632,1.080097587,1.093600451,1.106332653,1.117837607,1.128616139,1.13981942,1.150896005,1.166721712,1.17844095,1.193955767,1.207993234,1.218108744,1.225913828,1.226426116,1.221643286,1.204328365,1.182625412,1.146888315,1.100665322,1.053087844,0.9857789745,0.920745929,0.8520886541,0.7799607433,0.7198461144,0.6658328017,0.6284644259,0.6079938245,0.6092959856,0.6262495942,0.6550081475,0.693622463,0.7327065598,0.7736717765,0.8129238861,0.8494562336,0.8845962531,0.9187499895,0.9540415171,0.9914895044,1.033606375,1.080068661,1.130998739,1.185414872,1.241420014,1.296250505,1.347199234,1.391489068,1.424557377,1.445598987,1.453061892,1.449776375,1.220602653,0.9183156899,0.6924987417,0.6119372557,0.6732431228,0.8180899112,0.9902000251,1.154955887,1.277616511,1.329417656,1.29548729,1.190177804,1.086222889,1.037788078,1.06915606,1.15292163,1.236809657,1.277720395,1.2756368,1.283698563,1.32170408,1.367349686,1.413588511,1.459413987,1.503056659,1.54481744,1.584096185,1.620382981,1.653420329,1.68297309,1.709199047,1.7320213,1.750567437,1.765666848,1.777268205,1.785637382,1.789914639,1.791279318,1.789818754,1.785639038,1.778708602,1.769670996,1.759018704,1.7469327,1.73355982,1.719511286,1.705174868,1.691257829,1.677133119,1.664162524,1.65230758,1.641725392,1.63291383,1.625873483,1.621045341,1.617994647,1.617736574,1.619313476,1.622983541,1.629605799,1.636984785,1.647020239,1.658624313,1.671166523,1.685469359,1.700227205,1.71590927,1.731587329,1.747757244,1.763306223,1.778299807,1.793611012,1.806204024,1.818636718,1.829559218,1.838663953,1.845997854,1.851228417,1.854883405,1.855627745
7.3,0.8425394502,0.8739662799,0.9096886875,0.947589191,0.9815875238,1.019726873,1.050737071,1.07809467,1.101388108,1.114716439,1.12211023,1.120685624,1.114327045,1.096237373,1.075016173,1.04960116,1.018667781,0.9919609583,0.9647665894,0.9434813489,0.9293167679,0.9243146604,0.9285393938,0.9398825774,0.9617134028,0.9834354265,1.010991271,1.039061552,1.061433031,1.086819328,1.104695073,1.120454862,1.133921047,1.144370232,1.154403129,1.163474112,1.176717316,1.186828223,1.201597359,1.216637918,1.229520525,1.242683011,1.250249523,1.253966532,1.246814024,1.235068974,1.209692485,1.17311226,1.133009282,1.071780983,1.009111104,0.9392129166,0.8620751059,0.7903320314,0.7200065059,0.6616911691,0.6163963243,0.5957790742,0.5940183439,0.6104487128,0.6455811214,0.68352117,0.7288987034,0.7738294783,0.8155200961,0.8561763592,0.8935354864,0.9306773629,0.967474213,1.008089361,1.051415217,1.098975645,1.150770104,1.204592205,1.25891155,1.310306103,1.357401005,1.393139228,1.418651185,1.431096574,1.430374227,1.210049124,0.9041843845,0.6677282992,0.5727138047,0.6158012241,0.7460066579,0.9151544801,1.088685166,1.224729053,1.289170726,1.264428477,1.166243288,1.069792802,1.026584996,1.053936006,1.122496503,1.186097113,1.210050156,1.199346152,1.207820307,1.246958527,1.293650797,1.341161058,1.388374173,1.433746622,1.477381783,1.518757593,1.557370295,1.592898829,1.625123638,1.654132222,1.679864695,1.701336609,1.719412142,1.733973424,1.745208839,1.752293245,1.756295063,1.7573242,1.755421485,1.750544252,1.743293469,1.73415158,1.723371505,1.710883882,1.697505642,1.683542709,1.669707641,1.655389286,1.641972854,1.629491611,1.617956963,1.608204924,1.599952101,1.593784537,1.589530261,1.587707118,1.587911273,1.590180888,1.595331122,1.60140427,1.610097526,1.620471377,1.631708025,1.644941997,1.658533137,1.673055872,1.687807656,1.702734931,1.717247745,1.731144089,1.745262634,1.756707475,1.767891667,1.777583723,1.785284716,1.791366075,1.795186462,1.797428798,1.796896566
7.4,0.7878593368,0.8080276984,0.8352295816,0.8657760585,0.8957238523,0.9319216299,0.9649052529,0.9973018595,1.027225906,1.051301119,1.069968235,1.081077399,1.087301852,1.081265475,1.070452405,1.053082966,1.028437771,1.003053434,0.9749184685,0.9494728262,0.9285323403,0.9157337794,0.9120810163,0.9173632245,0.9344147078,0.9559157713,0.9850030876,1.016920983,1.045774155,1.077358321,1.102431688,1.124502567,1.143540767,1.157391811,1.169538706,1.179435115,1.191024869,1.200392631,1.213181983,1.227018769,1.240406812,1.255142717,1.266630759,1.275637845,1.276297091,1.272464499,1.256650509,1.230058916,1.197825332,1.145712561,1.088538638,1.021831473,0.9456628903,0.8686711453,0.7893423409,0.7163330263,0.651583503,0.6082597425,0.5843942716,0.5828911051,0.6071720878,0.6398844591,0.6856944051,0.7339089714,0.7796848533,0.825281124,0.8660626803,0.9053774994,0.942400741,0.981551399,1.021864775,1.065652533,1.113690756,1.164117421,1.216235082,1.266458856,1.314449299,1.351589238,1.380195107,1.396442375,1.398091076,1.189891605,0.8896109921,0.6560879662,0.5600286415,0.5891436496,0.7007475212,0.8605992741,1.037121366,1.181469462,1.254658996,1.23657356,1.144417586,1.054676908,1.014955065,1.035200289,1.08590986,1.128906755,1.138724291,1.124541796,1.139260339,1.180925361,1.229241855,1.278372312,1.327135844,1.374216047,1.419610362,1.462876685,1.503571329,1.541261441,1.575826522,1.607274016,1.63554698,1.659604981,1.680305402,1.697496166,1.711283286,1.720874083,1.727229449,1.730479481,1.730618754,1.727552451,1.721879476,1.71404878,1.704401911,1.692622933,1.679765562,1.666056032,1.652135336,1.637560343,1.623584428,1.610369712,1.597865589,1.587051848,1.57755342,1.570007011,1.564494183,1.561095489,1.559905723,1.560786166,1.564421523,1.569254292,1.576612367,1.585761365,1.59579772,1.607937842,1.620431432,1.633848294,1.647675405,1.661422482,1.674905422,1.687711761,1.700608934,1.710876421,1.720737951,1.729096276,1.735278006,1.739932036,1.742152983,1.742745056,1.740712248
7.5,0.7824932869,0.792196049,0.8099660492,0.830758926,0.8519547268,0.8814288866,0.9102305532,0.9414614788,0.9724804838,1.00161995,1.027048433,1.046789718,1.062747107,1.066693333,1.065273386,1.055868426,1.037518611,1.014864093,0.9867169984,0.957847421,0.930527536,0.9085573258,0.8947456214,0.8905610721,0.8987106334,0.9161261924,0.9433080803,0.9765386852,1.010600677,1.047994925,1.081085303,1.111094318,1.13785331,1.157893327,1.174906068,1.188263899,1.200208998,1.210223068,1.221342225,1.233333284,1.246069462,1.260087396,1.273211009,1.285103585,1.291328194,1.293714722,1.286298046,1.26925038,1.24498401,1.203156627,1.153255656,1.092301262,1.02060537,0.9426402297,0.8595194842,0.7774441723,0.6990918447,0.6362050284,0.5907234685,0.5686332535,0.5762550273,0.6000452026,0.642461532,0.6916491526,0.7407226241,0.7908225165,0.8356283866,0.8779124739,0.9166574289,0.9552052042,0.9936117504,1.034305512,1.078463462,1.125316114,1.174359573,1.22253185,1.269921128,1.307662062,1.33816036,1.357070749,1.361076842,1.166410428,0.878168224,0.6575431784,0.570344935,0.5904209487,0.6824687381,0.8287441631,1.003080847,1.150270217,1.226764725,1.210806294,1.122338583,1.039213576,1.004772383,1.020403012,1.05641738,1.08294958,1.08347106,1.070024985,1.092714816,1.13674933,1.186371625,1.236640877,1.286386307,1.334462212,1.380861847,1.425210861,1.467156406,1.506157429,1.542223728,1.575296309,1.605301608,1.631201376,1.653800233,1.672939834,1.688651807,1.700152077,1.708317305,1.713280651,1.715008569,1.713322663,1.708848632,1.701985498,1.693156038,1.68181475,1.669234074,1.655577926,1.64136367,1.626417227,1.611755234,1.597697554,1.584221925,1.572261225,1.561540447,1.552660453,1.545905172,1.541065962,1.538592144,1.538243977,1.540531446,1.544361121,1.550619606,1.558784942,1.567962072,1.579246255,1.590969293,1.603602546,1.616750976,1.629648215,1.642339703,1.654275998,1.666145791,1.675351246,1.683960531,1.690986509,1.695583266,1.698659621,1.699056269,1.697683213,1.693802459
7.6,0.8106668509,0.8144881542,0.8257691521,0.838771341,0.8510357764,0.8723230235,0.8934484082,0.9188252631,0.9461650897,0.9743673595,1.001338243,1.024744967,1.046181601,1.056743791,1.0623457,1.059654642,1.046723132,1.027695532,1.000445099,0.9694172938,0.9371273395,0.9061154999,0.8813579629,0.8653112487,0.8612085656,0.8700842419,0.8911906359,0.9221560164,0.9584113547,1.000128728,1.040438455,1.078594665,1.113951349,1.141905269,1.165800056,1.184722046,1.199551741,1.211741661,1.22264975,1.233537753,1.2454447,1.258159481,1.271670972,1.285084982,1.295178643,1.302646322,1.302495388,1.294159827,1.277991774,1.246345809,1.204668494,1.150860813,1.0853231,1.009211692,0.9255313668,0.8384856581,0.7509684261,0.6727532777,0.608126751,0.5651864269,0.5528539847,0.5643695309,0.6003371895,0.648738722,0.7009367602,0.7556671527,0.805669745,0.8524086309,0.8945254529,0.9342753177,0.9723466375,1.011199669,1.052246218,1.09577298,1.141529216,1.187203511,1.233084753,1.270815655,1.302372388,1.323186227,1.329344979,1.148052579,0.8740911416,0.670153109,0.5949612452,0.6089554369,0.6828598356,0.8139420254,0.9823401365,1.127573964,1.202282805,1.184801633,1.099900327,1.026935179,1.003579252,1.020538934,1.047646005,1.063112554,1.058259782,1.046606826,1.074419457,1.119527767,1.169624847,1.220147924,1.26999139,1.318091555,1.364510962,1.408927024,1.451080706,1.490369911,1.526920231,1.560638575,1.591428951,1.618288585,1.641952216,1.662269621,1.679207103,1.691980558,1.701392741,1.707565411,1.710457999,1.709773946,1.706195933,1.700056437,1.691829385,1.68080267,1.668399381,1.65475113,1.6402301,1.624963311,1.609691552,1.594888523,1.580638087,1.567672766,1.555972724,1.546040051,1.538281086,1.532396148,1.528993627,1.527824174,1.529230005,1.53253447,1.538221777,1.545941496,1.554870513,1.565855251,1.577423973,1.589893333,1.602901731,1.615561859,1.627967941,1.639500219,1.650785356,1.659227824,1.666833239,1.672671227,1.675704156,1.677118173,1.675467904,1.67177282,1.665612668
7.7,0.8521029388,0.8543689612,0.8630537732,0.8720942798,0.8785381507,0.8930833997,0.9064392127,0.9241895664,0.9448816616,0.96784518,0.9917827093,1.014201553,1.03685422,1.050457473,1.060431715,1.062824094,1.05454027,1.039742317,1.014659267,0.983431534,0.9483022334,0.9101336379,0.8752541616,0.8465114281,0.8280055143,0.8239511124,0.8343250754,0.8584809502,0.8927400138,0.9362763327,0.9820787979,1.027876319,1.072177773,1.109497536,1.142248046,1.16901679,1.189875323,1.206477692,1.219745528,1.23155821,1.243577647,1.255751586,1.26933722,1.283647688,1.296409788,1.307954036,1.313865652,1.313078295,1.304792738,1.282505205,1.249312932,1.203264801,1.144478998,1.07209552,0.9897877849,0.9004954978,0.8069654502,0.7169515811,0.6359481986,0.5729600458,0.5388584378,0.5346236948,0.561143759,0.6071033973,0.6624659919,0.7223749072,0.7790709865,0.8321352386,0.8792735056,0.9224814817,0.9619113535,1.000393159,1.039535254,1.08020266,1.122859549,1.165830435,1.209886279,1.247070828,1.279273347,1.301671788,1.30962625,1.140869972,0.880086162,0.6918861054,0.6275523007,0.6363583732,0.6935375196,0.8087840573,0.9685896285,1.108920924,1.179239402,1.159894637,1.082272621,1.02576888,1.019657264,1.042579772,1.065049314,1.073319036,1.064943249,1.053787552,1.082655631,1.127825905,1.177964465,1.228297519,1.277780818,1.325369156,1.371216626,1.415052039,1.456700814,1.495552195,1.531829706,1.565442431,1.596289378,1.623407768,1.64748614,1.668386621,1.686013341,1.699607974,1.709882427,1.716946793,1.72078262,1.720922733,1.718155025,1.712722713,1.705100309,1.694513563,1.682422249,1.668967373,1.654389315,1.639063431,1.623497051,1.608279531,1.593647991,1.580049348,1.567805541,1.557295266,1.548958339,1.542600531,1.538794991,1.537368463,1.538553032,1.54193767,1.547750566,1.555734272,1.56515107,1.576582158,1.588755666,1.601829988,1.615407704,1.628570551,1.641340221,1.653062889,1.664326421,1.672403048,1.679338812,1.684200112,1.685731252,1.685414854,1.681478717,1.675058844,1.666103679
7.8,0.8906848927,0.8933768566,0.9021424704,0.9105587572,0.9148152898,0.9256089705,0.9334104777,0.9445297034,0.9580398093,0.9741195222,0.9923071676,1.010540641,1.031370228,1.045084544,1.057388547,1.063604812,1.059723069,1.049978278,1.028856959,1.000101491,0.9649215244,0.9230285299,0.8804304957,0.8399991228,0.8065488793,0.7857457411,0.7802864945,0.7917076175,0.8182715198,0.8594537807,0.9079163829,0.9601319041,1.013281129,1.061461645,1.105262701,1.142681583,1.173313278,1.197560743,1.216767223,1.232610666,1.246921601,1.26019451,1.274356421,1.289430536,1.303884879,1.31838948,1.328878587,1.334110376,1.332862044,1.318734803,1.293711874,1.255485557,1.203611111,1.136137892,1.056473312,0.9667668256,0.8694745316,0.7701788249,0.6750928754,0.5929990175,0.5356652118,0.5114164438,0.5242578043,0.5651985112,0.6231298271,0.6887532148,0.7535201422,0.8147044069,0.8684823523,0.9172797905,0.9597198963,0.9993130236,1.037795049,1.076235182,1.116141593,1.156341113,1.198596043,1.234786292,1.267513971,1.29147672,1.300942724,1.14502199,0.8963262347,0.7225339594,0.6680788926,0.6720123782,0.7121746803,0.8092442387,0.9573618071,1.091714769,1.158505333,1.141059356,1.077366772,1.043563767,1.057519237,1.08692808,1.105438352,1.10754725,1.09556733,1.083191638,1.111267552,1.15685695,1.207625625,1.258330211,1.30792952,1.355369522,1.400887538,1.444274165,1.485432874,1.52376747,1.559608632,1.592895132,1.62355175,1.650647266,1.674872272,1.69610524,1.714190146,1.728435346,1.739437818,1.747306722,1.752076833,1.753049208,1.751176005,1.74658786,1.739700989,1.729794498,1.718237113,1.705222792,1.690905041,1.675777379,1.660233399,1.644915799,1.63021701,1.616306558,1.603842691,1.593104465,1.584497631,1.578064011,1.574216808,1.572912693,1.574366969,1.578227044,1.584677266,1.593463286,1.60388854,1.616380405,1.629747836,1.644044313,1.658810022,1.673078791,1.686787336,1.699234968,1.710983491,1.719085824,1.725685404,1.729802385,1.729947141,1.727886386,1.721507184,1.712056869,1.699867867
7.9,0.9158899456,0.9181018497,0.9274510327,0.9369207225,0.9415193617,0.9517888179,0.9572007822,0.9645005079,0.9725924337,0.9827380721,0.9948504816,1.007735657,1.025481148,1.037492309,1.051049041,1.060537097,1.061389684,1.058087397,1.043353553,1.020558549,0.9891365394,0.9485640166,0.9027517406,0.8543733582,0.8083565343,0.7693276664,0.7436981793,0.7352000364,0.7459859695,0.7772486968,0.8227814623,0.8780443973,0.9382287316,0.9979589368,1.054426591,1.10518135,1.149260641,1.184876622,1.214025852,1.237471124,1.257226492,1.273493064,1.289308113,1.305291107,1.320325315,1.336524612,1.34964232,1.358974558,1.363225482,1.355914185,1.338392775,1.307797307,1.263247713,1.201610037,1.126015307,1.037721878,0.9387910315,0.8326161119,0.7257296875,0.6259057919,0.544264231,0.4949490227,0.4873696233,0.518279159,0.5765715677,0.6478675424,0.7217971649,0.7927913291,0.8551421598,0.9117038949,0.9592106119,1.001836073,1.041179449,1.078530562,1.116276493,1.153844848,1.194350576,1.229131951,1.262184487,1.287571252,1.298394688,1.157636344,0.9224053922,0.7639792417,0.7205521965,0.7208274748,0.742710486,0.8167207245,0.9482078727,1.075719515,1.142091836,1.132793817,1.090023046,1.082953835,1.116317527,1.149848741,1.162380388,1.15687978,1.139861347,1.125252949,1.154006868,1.201929468,1.254985815,1.30766497,1.358844357,1.407431034,1.453751928,1.497654731,1.539131969,1.577565393,1.613450402,1.64676385,1.677470698,1.704692364,1.729144679,1.750745509,1.769297234,1.78417486,1.795884071,1.804535417,1.810235451,1.812020273,1.811043229,1.807315197,1.801150222,1.791956722,1.780927437,1.768337823,1.754309829,1.739307328,1.723753997,1.708288325,1.693423471,1.679136625,1.666346078,1.655289212,1.646317327,1.639739903,1.635793434,1.634574349,1.63637617,1.64072858,1.647966175,1.657771616,1.669404741,1.683340782,1.698265106,1.714213689,1.730687105,1.746552218,1.761753057,1.775477971,1.788258412,1.796907859,1.803656622,1.807460651,1.806585194,1.803046237,1.794392487,1.781968574,1.766464973
8,0.9264246615,0.9239462073,0.9313191022,0.9407154501,0.9460284883,0.9576852194,0.963508176,0.9703511241,0.9761544411,0.9833150956,0.9912468626,0.9997902799,1.014911939,1.024755719,1.03925144,1.051829881,1.057894565,1.062309359,1.056337415,1.042994052,1.0196528,0.9862279961,0.943539242,0.8939667107,0.8416743556,0.7884352221,0.7430288854,0.7100927927,0.6967268467,0.7069163104,0.7395157826,0.7901251766,0.8518202716,0.9209796592,0.9894956664,1.054643726,1.114373056,1.164387985,1.206865506,1.241150291,1.269795267,1.29099907,1.31004861,1.327514709,1.342256519,1.359060064,1.37277252,1.384164237,1.391964985,1.390052293,1.379147423,1.355895128,1.31933766,1.264577225,1.194926528,1.110375523,1.012520248,0.9026247772,0.7872063584,0.6725450647,0.567558677,0.4891067205,0.4519251988,0.463595106,0.5169375994,0.5924798911,0.6762192577,0.7587132643,0.8322409277,0.8992689597,0.9549429987,1.00366344,1.046328932,1.084898678,1.121802461,1.157477516,1.196279891,1.229291511,1.262018952,1.288061318,1.300038069,1.177057238,0.9579615856,0.8169750635,0.7867892577,0.7862912628,0.7905422026,0.8368644334,0.9452480628,1.063134634,1.131240597,1.135236645,1.118009763,1.139177192,1.190023633,1.224906236,1.228634522,1.21310015,1.189549008,1.173160111,1.206828908,1.260037511,1.317661388,1.374501568,1.429275403,1.480802595,1.529539764,1.575364809,1.618397017,1.65788833,1.694615213,1.728578011,1.759755506,1.787412702,1.812241795,1.834258102,1.853274854,1.868645152,1.880901826,1.890129772,1.896503029,1.898825017,1.898430929,1.895235641,1.889437109,1.880583184,1.869679533,1.857086317,1.842935995,1.827563236,1.811525211,1.79542719,1.779853581,1.764706587,1.751061433,1.739176143,1.729384267,1.72219509,1.717759891,1.716284975,1.718192873,1.722847068,1.730809082,1.741691083,1.754626078,1.770329789,1.787168453,1.805232715,1.82404263,1.842117393,1.859559488,1.875349066,1.889957748,1.90000047,1.907715948,1.912004595,1.910867919,1.906528025,1.896198212,1.881304204,1.862850471
8.1,0.9314281744,0.9174840795,0.9171622692,0.9219020491,0.9252740352,0.9375775207,0.9449399474,0.9538732211,0.9605608165,0.9686786972,0.9758284696,0.9828816177,0.9972758344,1.005901025,1.021542433,1.03697024,1.048358057,1.060622989,1.064654006,1.062913597,1.051055675,1.029631223,0.9963875536,0.9534200495,0.9031855983,0.8450092851,0.7870914556,0.7332446278,0.6934744157,0.6728334856,0.6794122774,0.7120597268,0.7643145727,0.8353904377,0.9113060546,0.9886672982,1.063352096,1.129047225,1.186764796,1.234384793,1.275004562,1.303635995,1.328262311,1.348751213,1.363816334,1.380879163,1.394072379,1.405985693,1.415528795,1.417564058,1.412183296,1.395885232,1.367555684,1.321020819,1.259296231,1.18120671,1.08810127,0.9785643511,0.8595422351,0.7352326884,0.6118475631,0.5046752149,0.4299551451,0.4080583437,0.4447353843,0.5199000508,0.6126749166,0.7079195937,0.7955459416,0.8762144105,0.944113352,1.003124276,1.052782118,1.096187727,1.134693502,1.170170598,1.207659678,1.238752325,1.27009616,1.295340311,1.30787404,1.203089524,1.001115565,0.8781877514,0.8629730194,0.8665581164,0.8583883486,0.8771278576,0.9566526014,1.058736965,1.126493498,1.144749589,1.154012441,1.202867796,1.269266711,1.303835195,1.297420183,1.271319732,1.24176654,1.225745888,1.269243619,1.330656695,1.394990958,1.458012699,1.518231737,1.574316772,1.62691484,1.675895746,1.721551871,1.762874424,1.801054457,1.836095791,1.867931952,1.896120309,1.921220376,1.943428137,1.962658166,1.978071722,1.990437207,1.999754532,2.006237557,2.008569507,2.008176084,2.00493362,1.998931108,1.989820564,1.97845751,1.965266929,1.950417209,1.934063228,1.916946423,1.899628976,1.882712844,1.866141916,1.85103976,1.837734168,1.826617944,1.818257319,1.812886701,1.810768972,1.812443009,1.817210065,1.825790101,1.837784336,1.852156681,1.869958351,1.889139765,1.909866742,1.931752628,1.952778379,1.973362913,1.99217856,2.009574195,2.022061143,2.031747003,2.037511605,2.037077152,2.032799884,2.021586678,2.004917538,1.984068672
8.2,0.9458274539,0.9145114752,0.8995719586,0.8924955913,0.8880562702,0.8966928846,0.903623279,0.9146718108,0.9237562337,0.9360011725,0.9458758077,0.9550832909,0.9715347852,0.981131064,0.998752124,1.01689952,1.033395266,1.052363967,1.066071518,1.076107743,1.077048269,1.070257666,1.050798824,1.020614643,0.9797496051,0.9267696387,0.8669191084,0.8027595731,0.7442977504,0.6932235333,0.6656895561,0.6655473033,0.6926028047,0.7509867622,0.8239836814,0.9066916824,0.9915356515,1.071553802,1.144232137,1.206489576,1.261273844,1.300451809,1.333803579,1.360100816,1.378457647,1.396752193,1.410211462,1.422436318,1.432673439,1.437575471,1.436537591,1.426685116,1.405977546,1.369093409,1.316903935,1.247902543,1.163861279,1.059180535,0.9427683098,0.8158528581,0.6827428004,0.5542087032,0.4433800778,0.3748386541,0.3732160922,0.4359986501,0.5330287698,0.6403819259,0.7439734021,0.8408759293,0.9247631535,0.9981730465,1.05892444,1.111167075,1.154547371,1.192340336,1.229694039,1.259178641,1.288271872,1.311233215,1.323181483,1.234087529,1.047110039,0.9408780153,0.9421239275,0.9564487838,0.9450938188,0.9422825358,0.9902333346,1.067507139,1.12759083,1.155955802,1.188816822,1.262854607,1.343192439,1.378088885,1.363870254,1.330734308,1.298258303,1.284975584,1.341020512,1.412494362,1.48495915,1.55551285,1.622444425,1.684184033,1.741625955,1.794583794,1.8435417,1.887143827,1.927072391,1.963330161,1.995740198,2.024300103,2.049322892,2.071263713,2.090253961,2.105060254,2.1169379,2.125727593,2.131636371,2.133410853,2.132410676,2.128558674,2.12185141,2.111987155,2.099725948,2.085518884,2.069586376,2.051868753,2.033311039,2.014421524,1.995760742,1.977415214,1.960445404,1.945283352,1.932471091,1.922442893,1.915724398,1.91257432,1.913584888,1.918205401,1.927146839,1.940109241,1.955902135,1.97588546,1.99763034,2.021345118,2.04680749,2.071305864,2.095704575,2.118293792,2.13920917,2.154999096,2.167458046,2.17550048,2.176580131,2.173063989,2.161640794,2.143796502,2.121035772
8.3,0.9812928654,0.9328268816,0.8998995636,0.8751028753,0.8561442056,0.8537240812,0.8545270062,0.8636040078,0.87301302,0.8892596106,0.9031603226,0.9167998171,0.9373208951,0.9502487781,0.9709232034,0.9919553258,1.013241673,1.037247724,1.059147353,1.079496387,1.092444076,1.100439573,1.096321525,1.082024218,1.055074086,1.014455774,0.961651847,0.8983881401,0.8334380804,0.762981875,0.7061908437,0.668180861,0.6569613294,0.6840024003,0.7380895179,0.8138936626,0.899487712,0.989158247,1.073854981,1.15023466,1.220010613,1.27259822,1.317986374,1.353586441,1.379860886,1.401762923,1.418206351,1.432247251,1.443355598,1.450997532,1.453461117,1.449597451,1.435487393,1.409293066,1.367650743,1.30977281,1.238671096,1.142882914,1.034995821,0.9124380848,0.778726279,0.6398301434,0.505365295,0.3937487184,0.3324464871,0.3583826867,0.4461180813,0.5606869819,0.6793245792,0.7930687496,0.8948789907,0.9851814765,1.060303033,1.12446177,1.175984143,1.218851473,1.25802919,1.286864475,1.313644086,1.333592456,1.343561771,1.265983793,1.090146741,0.9992470321,1.01924164,1.051095666,1.045808131,1.029665028,1.046659522,1.090328203,1.132361331,1.162996432,1.21397951,1.309803996,1.403622273,1.442169412,1.425705975,1.39153326,1.359417899,1.349380824,1.417547293,1.499778788,1.581127034,1.660024412,1.734538965,1.802755907,1.865848524,1.923515055,1.976403294,2.022791008,2.064833926,2.10254424,2.135585384,2.164477477,2.189220614,2.210574663,2.228997857,2.242683945,2.253606229,2.261383979,2.266162231,2.266965786,2.264905636,2.260048604,2.252324992,2.241403288,2.228018564,2.212596342,2.19541763,2.176181013,2.15603424,2.135418294,2.114792981,2.094459876,2.07531572,2.057917105,2.043040523,2.030781267,2.022174222,2.01741627,2.017060432,2.020968711,2.029628506,2.042978048,2.059739087,2.081457284,2.105476745,2.131979114,2.160968717,2.188946355,2.217308541,2.243924067,2.268611489,2.288132746,2.303763527,2.314519932,2.317632478,2.315311247,2.304172683,2.285639425,2.261389222
8.4,1.038047186,0.9807828419,0.9343732636,0.892699892,0.8570671927,0.8369693324,0.8243515761,0.8236137858,0.8269157501,0.8418734077,0.8567548578,0.8734602987,0.8971102213,0.9141890595,0.9380533389,0.9619573217,0.9873575382,1.014864973,1.042816229,1.070926157,1.093688099,1.114301777,1.124491007,1.125995699,1.114460102,1.089415996,1.049161436,0.9948488387,0.9335787683,0.8574098565,0.784771666,0.7184561281,0.6695316977,0.6534032386,0.671576324,0.7238162927,0.7963718382,0.8869233875,0.977661343,1.06516197,1.148828156,1.216243475,1.276086261,1.324191418,1.362962986,1.391850427,1.415084582,1.433857618,1.447531192,1.459015722,1.465084232,1.467126396,1.458989274,1.443755776,1.413034504,1.367346228,1.311283581,1.227146611,1.131628142,1.018302644,0.890371139,0.7501795013,0.6055008213,0.4683086652,0.3526698294,0.3159012992,0.3670405241,0.4763580075,0.6049156203,0.7333559378,0.8525737203,0.9601069939,1.051449207,1.129181392,1.191537972,1.24202141,1.285383267,1.31511391,1.340415581,1.357593246,1.36440112,1.294327944,1.126789931,1.051774638,1.093015674,1.14654706,1.152972804,1.130032177,1.118699386,1.123083146,1.137086362,1.161545161,1.225524891,1.340963569,1.449037378,1.495106722,1.481521601,1.450724177,1.419957931,1.411561075,1.48999848,1.583186131,1.673915369,1.761822094,1.844754233,1.920352598,1.990075166,2.053444743,2.111195735,2.161290218,2.2062401,2.246086776,2.280325919,2.309949945,2.334683486,2.355576762,2.37347923,2.385923781,2.39573612,2.402296288,2.405638503,2.405250823,2.401847241,2.395724443,2.386787991,2.374584809,2.359917706,2.343131871,2.32456388,2.303672858,2.281778642,2.259250726,2.23640576,2.213782051,2.192054502,2.171903395,2.154405565,2.139136013,2.127825156,2.12056691,2.117770285,2.119991003,2.127266311,2.139923158,2.156701348,2.179152133,2.204622856,2.233177988,2.26510676,2.296079065,2.328076927,2.35853578,2.386843726,2.410190372,2.429100172,2.442769044,2.448275782,2.447476748,2.437100292,2.418419483,2.393216975
8.5,1.104274876,1.050306331,1.001116424,0.9512072313,0.9046597276,0.867102064,0.8378092339,0.820395502,0.809607261,0.8142245552,0.82267639,0.8366553361,0.8585354059,0.8775781321,0.9026770398,0.9283482981,0.9562711948,0.985860606,1.017350299,1.050075438,1.079787385,1.109136666,1.130717503,1.145470597,1.148274281,1.138757006,1.113301972,1.072502914,1.021265464,0.9503901514,0.8751690352,0.7962503755,0.7232033557,0.6688034675,0.6439301916,0.6573182638,0.7009832679,0.7789961916,0.8664915888,0.9590586038,1.052938634,1.134214798,1.208997666,1.271517554,1.325605931,1.365146855,1.398873286,1.425872345,1.445230718,1.462586637,1.473611721,1.48200292,1.480083758,1.475092195,1.454941245,1.421267794,1.37971644,1.308260059,1.226058843,1.124019543,1.004814615,0.8686428026,0.7220876587,0.5736117948,0.4271088264,0.3306478811,0.3155108427,0.3964826664,0.524674013,0.6630612014,0.797196248,0.9207095819,1.028732581,1.120659115,1.195727614,1.25589201,1.305726482,1.338185162,1.363436022,1.378757727,1.381930018,1.316909524,1.15762244,1.100273387,1.163139632,1.23853882,1.258674974,1.233282776,1.197158895,1.160479935,1.139981289,1.153122881,1.228139514,1.362434523,1.484256607,1.538486842,1.529090461,1.502077349,1.471158197,1.462009379,1.549348825,1.653646246,1.754156986,1.85167838,1.943851478,2.027795222,2.105254082,2.175526103,2.239310429,2.294388388,2.343410184,2.386480397,2.422982636,2.454154423,2.479631728,2.500659988,2.518472102,2.52999171,2.538874448,2.544311634,2.546187458,2.544574361,2.539705377,2.532163598,2.521897381,2.508212774,2.492111311,2.473800222,2.453640606,2.430922797,2.407047991,2.382335113,2.356953865,2.331615087,2.306798224,2.283271122,2.262432274,2.243248538,2.228231383,2.217369526,2.210835778,2.21011443,2.214610362,2.225169321,2.240679359,2.262501802,2.288250723,2.317780167,2.35171678,2.384900455,2.419923199,2.453794264,2.485356767,2.51245973,2.53463196,2.551332984,2.559567268,2.560644185,2.551589379,2.53343584,2.508008146
8.6,1.163642168,1.12339353,1.082799732,1.036146012,0.9888712515,0.941869202,0.9001774593,0.8662401014,0.837759615,0.8248735016,0.818593536,0.8214949179,0.8338957493,0.8491729792,0.8709190362,0.8951792622,0.9225482452,0.9521157422,0.984163426,1.01801757,1.051343461,1.084769942,1.113715144,1.137765093,1.152072664,1.156101635,1.145437744,1.120149198,1.082574068,1.024618989,0.9569756653,0.8795319247,0.7990771128,0.7232247256,0.6644503699,0.6354182723,0.6384480805,0.6870485705,0.7581354763,0.8457323324,0.9426905041,1.033778236,1.121376328,1.198263802,1.268081233,1.321433026,1.368491717,1.407005864,1.435901298,1.46150196,1.479665744,1.495151545,1.500212009,1.503851367,1.493112307,1.470058532,1.440351139,1.381080103,1.311056754,1.220453272,1.110953359,0.981855752,0.8383388443,0.6870041565,0.5277923646,0.3943864936,0.3107480189,0.3334211929,0.4436106914,0.5841813194,0.7291775372,0.8664295258,0.9903322315,1.09657396,1.185417658,1.256873112,1.315203384,1.352460712,1.379527277,1.394387838,1.394579105,1.33402243,1.184987533,1.14560991,1.22714404,1.322538328,1.35746987,1.333409476,1.276815088,1.201062975,1.145062331,1.147085972,1.233425564,1.38369385,1.514397758,1.57279521,1.565564017,1.539478808,1.505546601,1.493371054,1.589031782,1.704413434,1.814826979,1.92229186,2.024275963,2.117342505,2.203514228,2.281837219,2.352826601,2.414282436,2.468705108,2.516305477,2.556462826,2.590292614,2.617645938,2.639797938,2.658298211,2.669620354,2.678095709,2.682831812,2.6835137,2.680890231,2.674652876,2.665710772,2.654160489,2.63888578,2.621289196,2.601362453,2.579430158,2.554772134,2.528701476,2.501542067,2.473353095,2.444862315,2.416472063,2.388963822,2.364023128,2.34003986,2.320261573,2.304617073,2.292974938,2.287901624,2.288062398,2.294912127,2.307644949,2.327221337,2.351819895,2.380993423,2.415737252,2.450136774,2.487361333,2.524031931,2.558345574,2.589023343,2.61437742,2.634205895,2.645508657,2.648888584,2.641823348,2.625023957,2.600311889
8.7,1.201680436,1.181093552,1.15701023,1.122832963,1.08405186,1.038302459,0.9932007799,0.9502113708,0.9082244098,0.8784215053,0.8542332488,0.8401838088,0.8363910079,0.8402571996,0.8521357274,0.8694092389,0.8913689568,0.9172066887,0.9461406915,0.9774890528,1.010715876,1.043996993,1.076126356,1.105380306,1.127670811,1.142533534,1.145245979,1.135508096,1.113314079,1.072434298,1.018941939,0.9526096058,0.8777462603,0.7974506284,0.7223920183,0.6629913581,0.6271433922,0.6345516049,0.674857783,0.7439644604,0.8333272947,0.9268151872,1.022285687,1.111036457,1.194699796,1.263286504,1.325019693,1.377236492,1.418751843,1.454594663,1.48186039,1.505062756,1.51764917,1.528026861,1.525013757,1.510492621,1.489407072,1.440906256,1.381311565,1.301617552,1.202243653,1.082321964,0.9453326495,0.7966610834,0.6354203495,0.4838357357,0.3550592036,0.3049909521,0.3709197774,0.5010903279,0.6510190198,0.7987816166,0.9365053132,1.056684547,1.159524137,1.243408572,1.311921548,1.356317264,1.387520473,1.403903313,1.402934573,1.347768728,1.210546382,1.186242347,1.281852573,1.395793613,1.447095175,1.427981749,1.355961215,1.247505123,1.16137458,1.156354669,1.252283623,1.410382473,1.54119624,1.597456539,1.589480889,1.560046264,1.520031946,1.503206472,1.606855939,1.732671708,1.852525921,1.969678957,2.081461137,2.183957114,2.279381911,2.366551648,2.445665276,2.514719681,2.57580191,2.629250297,2.674554757,2.712321759,2.742923508,2.767479285,2.787758978,2.799973873,2.808919821,2.813737297,2.813847672,2.810758727,2.803554108,2.79350278,2.780973522,2.764204209,2.745247099,2.723784052,2.700036434,2.673466225,2.645102801,2.615347232,2.584199352,2.5522194,2.519884472,2.487905799,2.458181029,2.428634523,2.403112592,2.381558092,2.363488785,2.352632527,2.346870993,2.348317386,2.356664259,2.372222917,2.394089225,2.421420349,2.45557241,2.490065417,2.528517508,2.56724927,2.603730239,2.637722149,2.666147014,2.689194091,2.703927211,2.710107267,2.705796316,2.691308327,2.668427267
8.8,1.208612211,1.209109793,1.20510119,1.188767549,1.164765287,1.129453514,1.090325369,1.048457202,1.002191761,0.963193745,0.9255165598,0.8953690175,0.8739129625,0.860841545,0.8568657241,0.8604834099,0.8707704142,0.8873016057,0.9083650999,0.9331339979,0.962120685,0.9918413919,1.023418057,1.05437623,1.081347201,1.104277882,1.118224429,1.122676593,1.115953892,1.093270831,1.057108959,1.007031811,0.945554897,0.8724062739,0.7963643597,0.7241780557,0.6637966375,0.6334128235,0.6356614312,0.6734979358,0.7424828765,0.8278537093,0.9234139684,1.018712257,1.112174001,1.19467609,1.270371942,1.336594215,1.391815269,1.438892202,1.476232024,1.50743835,1.527670728,1.543443322,1.546720634,1.538965618,1.524225579,1.485130592,1.434754265,1.365606682,1.276906262,1.167795382,1.040099874,0.8981753445,0.7413870373,0.5834457827,0.4327300524,0.3254508347,0.3229486618,0.4219860932,0.5672687886,0.720534254,0.8686432508,1.001522572,1.117783414,1.214728953,1.294872746,1.348887126,1.386972716,1.407513666,1.407873803,1.359813497,1.233904279,1.219798106,1.326067729,1.457689229,1.52629181,1.514782003,1.43322219,1.302789387,1.196832854,1.189096333,1.28847917,1.442819785,1.564315017,1.612407672,1.600787289,1.563901549,1.515735724,1.493856659,1.604472891,1.738898127,1.866837634,1.992553188,2.113254071,2.224793481,2.329342703,2.425583327,2.513310125,2.590807922,2.659580152,2.720064152,2.771958036,2.815023722,2.85039384,2.878862858,2.90228978,2.916836117,2.927496671,2.933559679,2.934136799,2.93149956,2.924112595,2.913605872,2.900721526,2.88286853,2.862955688,2.84027867,2.814907584,2.786640811,2.756073873,2.723744016,2.689639146,2.65399233,2.61748947,2.580703768,2.545642136,2.509922144,2.477794029,2.449299698,2.423582525,2.405537303,2.392275907,2.386577344,2.388857083,2.39848864,2.415898055,2.439748457,2.471708682,2.505048013,2.543601318,2.583537606,2.621522521,2.658510788,2.689880237,2.716247937,2.734838117,2.744393211,2.743732095,2.732675315,2.712921523
8.9,1.181743701,1.200975193,1.216636418,1.219682374,1.213545471,1.194634178,1.16873352,1.136883481,1.096114364,1.057917141,1.015749945,0.9765101104,0.9422795308,0.912875028,0.8913810452,0.8772218554,0.870596574,0.8719733832,0.8798228505,0.8933817929,0.9136470438,0.9367064527,0.9645025477,0.9943456244,1.023263586,1.051705713,1.074413815,1.090742516,1.097955271,1.092115466,1.073261831,1.040549691,0.9954294564,0.935056623,0.8670856588,0.7953434589,0.7260023118,0.6725952193,0.642930068,0.6458574434,0.6848576344,0.7510695394,0.8371306179,0.9312279815,1.028429599,1.120444801,1.206941553,1.28505825,1.352579015,1.410407224,1.457593262,1.496803829,1.524732357,1.545799324,1.555107163,1.553725538,1.544894873,1.514800979,1.473467507,1.414923908,1.33749986,1.240140169,1.123464769,0.9908381609,0.8421256593,0.6849045525,0.5265126742,0.3880040724,0.3184596631,0.3609854091,0.4860398269,0.637093114,0.790754281,0.9339582708,1.062244542,1.172085096,1.264785472,1.330269955,1.377692359,1.404979204,1.40887874,1.369636841,1.253216339,1.245594173,1.36160898,1.509267469,1.593632206,1.590542524,1.505793075,1.365480402,1.251011257,1.243207645,1.338690886,1.479626063,1.584477628,1.619416471,1.601083215,1.554507011,1.498357648,1.472225472,1.586755283,1.726406338,1.859999831,1.992122201,2.119856021,2.239214688,2.35194701,2.45676032,2.553006412,2.639257119,2.716365969,2.784790064,2.844517645,2.894191872,2.935875189,2.969897704,2.998016721,3.016635674,3.030575852,3.039400694,3.041931053,3.041024778,3.034671671,3.024782125,3.012516873,2.994390847,2.974249265,2.950982684,2.924476911,2.894960559,2.862511153,2.827836431,2.790966138,2.751659906,2.710943138,2.669198427,2.628406828,2.586103946,2.546677905,2.510368997,2.47596865,2.449420428,2.427183659,2.412646354,2.407170842,2.408924839,2.420072811,2.438709524,2.466736466,2.497586832,2.535003915,2.575204656,2.613976401,2.653613796,2.687802529,2.717612169,2.740557831,2.754122804,2.758114969,2.751732064,2.73652223
9,1.12481721,1.157810875,1.189844538,1.210781099,1.222813707,1.222920969,1.214558975,1.19870693,1.171031251,1.142207534,1.104853447,1.065757125,1.0271556,0.9879845485,0.9532574716,0.9229822373,0.8988466058,0.8822119996,0.873053278,0.8711417661,0.8781887408,0.8908527461,0.9112581279,0.9368119565,0.9645997041,0.9956255566,1.024015838,1.049069217,1.067273439,1.075278543,1.071409831,1.054414614,1.025316417,0.9791483986,0.9231998317,0.8591279747,0.7913493915,0.7293890508,0.6811069914,0.6566968857,0.6649038438,0.7050548424,0.7727479786,0.8569393772,0.9504280164,1.045220289,1.13722088,1.222967014,1.299395046,1.366048552,1.421935447,1.468957739,1.504857559,1.532320384,1.548755589,1.554903835,1.553191689,1.532826445,1.501177993,1.453547039,1.387763918,1.302256969,1.197136089,1.074840318,0.9357856254,0.7833041086,0.6250438655,0.4737646211,0.3608740032,0.3366601033,0.4201974839,0.5573470056,0.7099144424,0.8595991824,0.9973876973,1.118654519,1.223607573,1.300862603,1.358754198,1.394286591,1.40292365,1.374049373,1.266349973,1.264793781,1.391021402,1.551432997,1.647355819,1.651616459,1.569174743,1.428616597,1.314887167,1.309552548,1.397467622,1.520221489,1.603430172,1.621073459,1.593579063,1.538062733,1.476466886,1.447162658,1.559843113,1.699889938,1.835717242,1.971130771,2.103074757,2.228175942,2.347320867,2.459434582,2.563433609,2.658108968,2.743684263,2.820523807,2.888974544,2.946346644,2.995743119,3.036923377,3.071290394,3.095877775,3.114842829,3.12817165,3.13449284,3.136862249,3.133125217,3.125292002,3.114931587,3.097721547,3.078387576,3.055460583,3.028599636,2.998534944,2.964767263,2.928199191,2.888981325,2.846222202,2.801459751,2.754828779,2.708110598,2.659079831,2.611897196,2.567124615,2.523291087,2.487095549,2.454613494,2.429694778,2.414837847,2.406820523,2.40987891,2.421523366,2.443771158,2.470736608,2.505690028,2.545144254,2.583961651,2.625873372,2.662773956,2.696180167,2.724040316,2.7423148,2.752045221,2.751659402,2.742485574
9.1,1.047127344,1.087426928,1.130741613,1.165937263,1.194173461,1.212888069,1.223281291,1.226023118,1.215701171,1.201761614,1.17621924,1.145356571,1.110841672,1.071015063,1.031317727,0.9920863433,0.9559446122,0.9242217462,0.8988686251,0.8801995219,0.8711752307,0.8693927221,0.8778391211,0.8943850621,0.9162207999,0.9453199805,0.9748948369,1.004384981,1.029481054,1.047469756,1.05515784,1.050998563,1.035994399,1.00327656,0.9602802413,0.9068859719,0.8462672807,0.7849831452,0.7297104132,0.6895252458,0.673991469,0.6885487213,0.7332253485,0.8006142143,0.8832814521,0.9736210564,1.064952905,1.152995819,1.234079387,1.306642062,1.369549886,1.423926141,1.468073704,1.503472655,1.528724065,1.544275096,1.551503305,1.542111585,1.520974458,1.484470237,1.43028102,1.356039247,1.262076494,1.150020084,1.020877113,0.8751476034,0.7211174461,0.5671791349,0.4335084292,0.3583079206,0.3854674281,0.4935158247,0.6359708822,0.7864552017,0.9296238819,1.05904868,1.174001996,1.261186168,1.328645578,1.372149514,1.385508701,1.368962049,1.272143489,1.279265109,1.415942477,1.584704197,1.686681793,1.695321076,1.617710981,1.482226498,1.376379661,1.378263782,1.460315161,1.564165943,1.62261979,1.620296128,1.583098841,1.522048002,1.458819322,1.427192937,1.530906566,1.665846484,1.799928403,1.934891308,2.067550151,2.195574132,2.318598986,2.435953886,2.546189126,2.648175745,2.741629593,2.826690366,2.904092909,2.969719982,3.027723039,3.077245493,3.119065347,3.15125654,3.176794722,3.196228545,3.208157215,3.215304727,3.215832392,3.211598814,3.204530178,3.189616873,3.172304014,3.150857594,3.124646555,3.094983746,3.060723105,3.022989596,2.982151766,2.936461214,2.888174606,2.83710975,2.784655621,2.729202561,2.674254472,2.620821959,2.567322375,2.520748763,2.477199895,2.440750326,2.415156701,2.395743469,2.389024664,2.391993113,2.406617439,2.428327055,2.45945704,2.497116828,2.535266754,2.579040477,2.618571332,2.655753546,2.689093702,2.712802062,2.729344902,2.736243262,2.734541637
9.2,0.9617886557,1.002349036,1.050913415,1.095402964,1.136195202,1.170726931,1.198363675,1.219162827,1.227086914,1.230102652,1.220118407,1.202731653,1.178632605,1.146368231,1.110459596,1.071574462,1.032453315,0.9935851951,0.9581559358,0.9264678647,0.9026679487,0.8844859188,0.8769714439,0.8788068921,0.888042465,0.9083715126,0.9325808416,0.9606366583,0.9873674534,1.011050351,1.026641664,1.032407351,1.029328585,1.00879617,0.9784273437,0.9365259032,0.8855451437,0.8295532558,0.7744376232,0.7275933883,0.6972430409,0.691898334,0.7144848029,0.7624061017,0.8297155637,0.9101655769,0.995584132,1.081067616,1.162883792,1.238152851,1.306088597,1.366805352,1.418855959,1.462979066,1.498045174,1.52422424,1.541583727,1.54397348,1.533787504,1.508367769,1.465437197,1.401738072,1.318243332,1.215932914,1.096348968,0.9581911927,0.8103014989,0.6586776998,0.517509328,0.4140581122,0.390179315,0.4571515291,0.5789638754,0.7228780398,0.86564132,0.9981914852,1.118891034,1.212200327,1.286387285,1.335885549,1.353006268,1.351481421,1.270338902,1.289752078,1.436552044,1.609819872,1.712581031,1.720494584,1.646148498,1.517597169,1.426127734,1.442206485,1.523799203,1.610318345,1.643381023,1.620843693,1.575047915,1.512533054,1.451511015,1.418848678,1.507643805,1.632251279,1.760550717,1.891070253,2.020552159,2.148065856,2.271748348,2.391493247,2.505633419,2.612895982,2.712738361,2.804933349,2.890559872,2.964173629,3.030816531,3.089062681,3.138835013,3.179572811,3.21264959,3.239266815,3.258195871,3.271263839,3.277449473,3.278187319,3.275679025,3.2644553,3.250437709,3.2317552,3.20741238,3.179389855,3.145812782,3.108055093,3.066790301,3.019225504,2.968516628,2.914091868,2.856775375,2.795905707,2.733928388,2.672391069,2.609780207,2.552819452,2.498105367,2.449643469,2.412471225,2.380527184,2.362648366,2.355468936,2.360703685,2.375821397,2.401712065,2.436429086,2.473157814,2.518218619,2.560202568,2.601225066,2.640446052,2.670167255,2.694385296,2.709609005,2.716533784
9.3,0.8842858224,0.9179225114,0.9650779461,1.012947206,1.06130133,1.107144129,1.148374582,1.184211304,1.208521806,1.227490836,1.23364054,1.231721894,1.221388721,1.202114497,1.176706199,1.146285976,1.112915511,1.076350942,1.039580816,1.00248598,0.9698600261,0.937821745,0.9140510697,0.8976481231,0.8884071557,0.8921040374,0.9028863687,0.9219630839,0.9435877347,0.967997923,0.9875663353,1.000544686,1.007453746,0.9981574087,0.9799067624,0.9495539715,0.9091779105,0.8603584642,0.8089673697,0.760730588,0.7224487648,0.7036337943,0.7086077881,0.7387353377,0.7899038504,0.8584776896,0.9352291734,1.015219752,1.095045304,1.170307944,1.241033702,1.306179073,1.364574061,1.416328488,1.46039214,1.496586732,1.523765363,1.537544528,1.538106959,1.523559791,1.491522284,1.438185053,1.364827672,1.272071424,1.161716003,1.03139508,0.8902411209,0.7429394645,0.6007553328,0.4841265786,0.4263402918,0.4521679453,0.5454380897,0.6752482238,0.8110901953,0.9408227325,1.06172785,1.156222458,1.232989068,1.285298793,1.304580821,1.320590974,1.260333746,1.294782104,1.451731463,1.627935174,1.727177923,1.727298289,1.651163004,1.52973673,1.458755003,1.496069435,1.584059439,1.657046141,1.667754422,1.627058182,1.573969058,1.512467365,1.457181831,1.425978518,1.496626725,1.606631431,1.725419049,1.847518089,1.969717543,2.092759216,2.213227533,2.331717577,2.446577585,2.556109296,2.659879052,2.757157293,2.849237318,2.929676099,3.004052909,3.070517105,3.127989761,3.177435894,3.218386815,3.252702527,3.279542039,3.299313407,3.312282104,3.319204503,3.322437299,3.316362582,3.307047629,3.292640314,3.271716801,3.246971376,3.215742914,3.179659668,3.139757072,3.092063608,3.04074558,2.98477858,2.924295803,2.859798699,2.79237686,2.72414038,2.653826023,2.587295107,2.522115537,2.461916211,2.412913205,2.367855642,2.337758467,2.319140239,2.313238832,2.320300709,2.339289986,2.369576786,2.4038243,2.449142935,2.493012482,2.537529235,2.582574912,2.618467417,2.650752996,2.674867354,2.691074655
9.4,0.8303758513,0.8505009948,0.8891473551,0.9336303682,0.9833053025,1.034761845,1.084477204,1.130766042,1.167832571,1.199638391,1.220059983,1.232777492,1.236615889,1.232326798,1.220826892,1.20377707,1.181996116,1.155237904,1.124952633,1.090618886,1.057200998,1.017818922,0.9824943886,0.9496629113,0.9208198044,0.9029519575,0.8934747085,0.8957268409,0.9043429784,0.9232737531,0.9418772563,0.9587985843,0.9735348582,0.9746300862,0.9680775657,0.9492793729,0.9199955503,0.8791253367,0.8330651983,0.7859274259,0.7438649359,0.7160641953,0.7082268402,0.7243019833,0.7614148012,0.8195742728,0.8879767407,0.9623208302,1.039245607,1.113117799,1.184507061,1.251414213,1.313412653,1.369462172,1.419549004,1.462902651,1.497797205,1.521127343,1.531534895,1.527555667,1.506160553,1.463853899,1.400990112,1.318249502,1.217246612,1.094874008,0.9603499228,0.8176601021,0.676923242,0.5542847851,0.4769746052,0.470903045,0.534737509,0.6456303419,0.7694649913,0.8913072436,1.007076834,1.098028557,1.172893075,1.224322557,1.243711087,1.277522039,1.240983855,1.29165858,1.46003216,1.640373329,1.733082562,1.717858722,1.633131461,1.518171472,1.471735912,1.535070974,1.636268445,1.702568537,1.697484937,1.641533503,1.581663827,1.521392725,1.475129953,1.448687475,1.500987998,1.593783013,1.700184613,1.810407575,1.921458907,2.035900367,2.14895025,2.262019143,2.373776045,2.481830026,2.58629591,2.685845663,2.781785263,2.867209693,2.947708994,3.021231741,3.085656186,3.143425478,3.192205701,3.23441613,3.2698079,3.296932649,3.317728517,3.332062104,3.342269135,3.342980478,3.339979356,3.331615846,3.316005595,3.296502883,3.269684544,3.237392738,3.201050068,3.155435454,3.105763263,3.050516879,2.989066185,2.923163047,2.852378645,2.779358615,2.703255299,2.628518948,2.55411267,2.483011295,2.422381013,2.364098811,2.321002844,2.2897894,2.27101281,2.268318973,2.278394769,2.302275751,2.332476419,2.376382882,2.420971602,2.468030469,2.518206706,2.559861686,2.600023099,2.633045849,2.658664669
9.5,0.812680348,0.8149439493,0.8381792645,0.8716484681,0.9149327702,0.9649778134,1.016822205,1.067990772,1.113205758,1.153753605,1.185254485,1.210016197,1.226384374,1.236180854,1.238856877,1.236542777,1.228669401,1.215770966,1.197056552,1.17186136,1.144926738,1.106275939,1.067308944,1.02504552,0.9818232289,0.9439731688,0.9124845175,0.8928518059,0.8812746724,0.8871339374,0.8979179914,0.9135133868,0.9323190958,0.9418789028,0.9460654016,0.9386883443,0.9208960027,0.8888045082,0.849244211,0.8047261033,0.7613759247,0.7271442974,0.7098258757,0.7151043498,0.7408937975,0.7916494968,0.8540827398,0.9249316111,0.9999138101,1.07275345,1.14347035,1.209524613,1.271950223,1.327474207,1.379000671,1.424845867,1.463697272,1.49339928,1.511892419,1.517828705,1.506775783,1.476675494,1.425229833,1.353569964,1.262684834,1.148570709,1.020532102,0.8821051819,0.7432736745,0.6172799802,0.528539196,0.5005763214,0.5400355887,0.6317083029,0.7418492595,0.8533526155,0.960398884,1.044553425,1.11360313,1.160526868,1.177583497,1.224850369,1.210688314,1.277452792,1.459607387,1.647051946,1.731931204,1.695616657,1.595370334,1.484822638,1.463132196,1.554390415,1.675282839,1.744558098,1.732054927,1.663464924,1.596511798,1.536692344,1.501955178,1.483254205,1.520225023,1.595717468,1.688506131,1.784730683,1.881792111,1.983991393,2.085658477,2.189085017,2.293627055,2.396019849,2.497404853,2.595839136,2.692395143,2.780421849,2.864863761,2.943757969,3.014011966,3.079278164,3.135560136,3.185627624,3.230003802,3.265034341,3.294619445,3.317572287,3.335966951,3.34515754,3.350116972,3.349607698,3.341295162,3.329009719,3.308707256,3.282348744,3.251745159,3.210419411,3.164611273,3.112305303,3.052085327,2.986947183,2.914903854,2.839078014,2.759190219,2.677811063,2.595662032,2.514837388,2.443111501,2.371939694,2.315397914,2.270673541,2.237466072,2.223216273,2.222169551,2.237299709,2.261461589,2.301738482,2.345362145,2.393503975,2.447590818,2.494190792,2.541633215,2.583243406,2.618124583
9.6,0.8336688049,0.8183042001,0.8219464862,0.8375568154,0.8662223973,0.9067050927,0.953340933,1.003240537,1.051588592,1.096877222,1.136129404,1.169950926,1.196525833,1.217875186,1.232856364,1.243782686,1.248976627,1.250293484,1.244807804,1.232078189,1.216230931,1.185384726,1.150861803,1.108331602,1.060126249,1.010237312,0.9620902587,0.9218985075,0.8876488904,0.8738000549,0.8689050179,0.8753904176,0.891663142,0.9051949116,0.9173680584,0.9202753395,0.9138693126,0.8916949422,0.8601405469,0.8201378651,0.777623802,0.738889764,0.7138853935,0.7098145523,0.7257322036,0.7709075229,0.829648634,0.8996484336,0.9747612301,1.048327235,1.11857466,1.182592101,1.243206433,1.293998171,1.342340952,1.385603103,1.423792036,1.455834768,1.479687671,1.494056495,1.492600384,1.475482166,1.436407818,1.377052926,1.29751093,1.192375322,1.071177125,0.9369199549,0.7998533101,0.6710876158,0.5743181311,0.5308923877,0.5521584894,0.627851461,0.7263479785,0.8286134069,0.9264770678,1.003157168,1.064184897,1.103878037,1.116217703,1.166844631,1.169132169,1.250576561,1.448518449,1.646265064,1.724706245,1.665940093,1.544738672,1.434038902,1.432626285,1.551185378,1.697439234,1.779666259,1.767629789,1.688985054,1.614554902,1.554611939,1.531942514,1.52290725,1.55112496,1.612368653,1.692750003,1.775159327,1.857493134,1.945348931,2.032916275,2.123322438,2.216964645,2.309695299,2.404112553,2.497776327,2.59129259,2.679055318,2.764705274,2.846683406,2.92112448,2.992401147,3.055294751,3.112626127,3.165807639,3.208785706,3.247556418,3.279797916,3.307056353,3.325876736,3.339894613,3.348488149,3.348923221,3.345236214,3.332992157,3.314143859,3.290875293,3.255516514,3.215258423,3.167612645,3.110402948,3.047795603,2.976306096,2.899454818,2.817654308,2.731262199,2.643014999,2.553972869,2.472107996,2.389001607,2.319204487,2.260685552,2.212167852,2.184976723,2.17095339,2.175152044,2.191337919,2.225695988,2.266577941,2.314240288,2.370864911,2.421536975,2.475581149,2.525402105,2.569378351
9.7,0.8841020234,0.856110621,0.8412493418,0.8359574705,0.8438227076,0.8666545011,0.9001899137,0.9420257855,0.9878576649,1.034084779,1.078003439,1.118311164,1.153080118,1.183263935,1.207939937,1.229150265,1.244619187,1.257691644,1.264109975,1.26405749,1.260811482,1.242399268,1.218590849,1.184239925,1.141145976,1.090104008,1.03561512,0.9828057156,0.9305948535,0.8953507221,0.8692221992,0.8580729884,0.862507898,0.87208341,0.8864246102,0.8962280329,0.8996501873,0.8882255157,0.8664408827,0.8336627975,0.7947091357,0.7541773841,0.7229880041,0.709737501,0.7155804167,0.7541681,0.8094915684,0.8797816358,0.9568206364,1.033252009,1.104763609,1.16777733,1.226315304,1.27079633,1.312957414,1.349684086,1.382756593,1.412700703,1.43810805,1.458035081,1.464399604,1.459672076,1.433269674,1.38707796,1.320237826,1.225361548,1.112267256,0.9831077434,0.8482681949,0.7171020514,0.6134546583,0.5576123486,0.5646575527,0.6285991904,0.7194869513,0.8162915075,0.9077749236,0.9789467451,1.03219536,1.063578456,1.069569455,1.108541706,1.117270581,1.210168873,1.424014746,1.634817894,1.711731773,1.634702923,1.489678715,1.371177476,1.381495309,1.524584542,1.7000272,1.803113155,1.798283357,1.713480359,1.632212693,1.571652494,1.559367259,1.561265612,1.590443685,1.643267931,1.714867204,1.786200959,1.855648722,1.929258776,2.001972431,2.077530827,2.157590859,2.237336865,2.321087979,2.406202484,2.49266039,2.576655918,2.660008678,2.741865901,2.817944912,2.892623413,2.960172991,3.023092994,3.083696395,3.133601107,3.180792503,3.221864107,3.257586992,3.286084159,3.30921964,3.327149469,3.336829566,3.342205075,3.338723357,3.328192192,3.313139835,3.284838866,3.251300755,3.209610544,3.156901847,3.098374938,3.029184026,2.953143061,2.871419352,2.781997641,2.689723453,2.59455479,2.504230478,2.411024748,2.329127611,2.257521937,2.193893773,2.153211272,2.125139085,2.116790808,2.123456091,2.149825226,2.186324074,2.232024026,2.289800578,2.343708886,2.403643522,2.461256168,2.514110441
9.8,0.9468010411,0.9133533893,0.8860001849,0.8625664302,0.8488234997,0.8491046445,0.8630477925,0.8900925542,0.9270290378,0.9700992169,1.015430181,1.060006486,1.101411171,1.13852921,1.170741001,1.199351681,1.221972922,1.243007702,1.258144572,1.26845496,1.276523293,1.271927245,1.262047354,1.241481227,1.211244,1.168888191,1.118907347,1.064292098,1.003897513,0.9523884552,0.9056440318,0.8721876243,0.8561575805,0.8520132789,0.8597533948,0.8701056903,0.8794885714,0.8781085265,0.8672145588,0.8444217561,0.8123347638,0.7737744671,0.7388439531,0.7168999719,0.7117411441,0.7403276555,0.789775877,0.8588414386,0.9379465593,1.018589816,1.093740016,1.15859249,1.217049308,1.257120917,1.293068625,1.321888691,1.346963304,1.37081841,1.3933494,1.41456782,1.425584694,1.43078145,1.416106985,1.383084042,1.329945787,1.247020708,1.144123079,1.022188704,0.8912277425,0.7588830373,0.6490571096,0.5818472501,0.5756218375,0.6306309998,0.7173874211,0.8129943964,0.9027753512,0.971997362,1.020121558,1.044267807,1.04382235,1.055262587,1.057955291,1.156859137,1.384366438,1.610571865,1.693881754,1.607215765,1.438645715,1.302876004,1.313939397,1.4764354,1.681453051,1.809836904,1.818044808,1.73294196,1.647256685,1.585374033,1.580779552,1.594877439,1.635634342,1.68705622,1.754859815,1.819585541,1.880005622,1.94155324,2.000733047,2.061504445,2.126750444,2.191373238,2.26139994,2.334422044,2.409760232,2.485986572,2.562868922,2.64050307,2.714694128,2.788967862,2.858019109,2.923629298,2.988892812,3.043502118,3.097034829,3.145208961,3.18783049,3.224853524,3.256093516,3.282575709,3.301074352,3.315153308,3.320424772,3.318413309,3.311945686,3.291439843,3.265532833,3.230940635,3.184205374,3.131365529,3.066401127,2.993293473,2.913942886,2.823989504,2.73029107,2.631728453,2.535413772,2.434797677,2.342947112,2.259999037,2.182631091,2.128874286,2.08663495,2.064876423,2.060975508,2.077610068,2.108216487,2.150494589,2.207928044,2.264102969,2.328992684,2.393716428,2.45493961
9.9,1.00509145,0.9728222234,0.9409546366,0.9065501998,0.8763908623,0.8551228491,0.8471028735,0.8544461002,0.8760461191,0.9108801629,0.9532406983,0.9992014189,1.045331359,1.088132829,1.126547302,1.160731638,1.188388805,1.213964693,1.234330427,1.251455553,1.267706297,1.275324658,1.279326521,1.27451713,1.261145072,1.233968738,1.196726293,1.149969947,1.091807545,1.033302825,0.9726614935,0.9191745203,0.8794036674,0.8539705364,0.8456024591,0.84776594,0.8566106509,0.8618942133,0.8611849964,0.8498834772,0.8276920642,0.7951892151,0.7602475178,0.7318108881,0.7155890637,0.7305431951,0.769744679,0.8336020838,0.9126405652,0.997281577,1.07788163,1.147887837,1.209786773,1.24989375,1.282622243,1.30519785,1.32195971,1.337121421,1.352638005,1.370143421,1.38135035,1.392297608,1.386926798,1.365992884,1.326761927,1.257559707,1.167318013,1.055549625,0.9312554462,0.8000857422,0.6854691263,0.6074207836,0.5869502804,0.6332228127,0.7170940875,0.8142847181,0.9067869933,0.9778055255,1.024846964,1.044750635,1.039503274,1.011585379,0.99517168,1.092661402,1.330067191,1.573716538,1.672348279,1.586330521,1.397484688,1.235971055,1.236085223,1.4099654,1.64069997,1.795669486,1.822301662,1.744139885,1.658114302,1.59458563,1.595512649,1.62298155,1.684023187,1.740499247,1.809505653,1.872514183,1.928582505,1.981543139,2.030018211,2.077713734,2.128448835,2.177257756,2.231565522,2.28964083,2.350244905,2.414617066,2.480597898,2.549386373,2.617471782,2.68669987,2.753201197,2.817691515,2.883816251,2.940041161,2.996888063,3.049541967,3.096718804,3.140321881,3.177990749,3.211633618,3.23801099,3.260006024,3.273692087,3.280161096,3.282463924,3.270434092,3.253062248,3.226769696,3.187615187,3.142231579,3.083644272,3.015861846,2.941427684,2.853806513,2.761629424,2.662800869,2.563480888,2.458662086,2.359675419,2.267863333,2.179034726,2.113402772,2.057716549,2.022387175,2.007286983,2.012729674,2.035940762,2.073205929,2.128519285,2.185649924,2.254141501,2.324851722,2.393494658
10,1.047720889,1.021252712,0.9919431265,0.9549729707,0.917020724,0.8808840515,0.854256007,0.8411928686,0.8431567974,0.864061281,0.8976072678,0.9403568061,0.9878703234,1.034715157,1.078367301,1.117503914,1.149637221,1.178147295,1.201484652,1.222292705,1.24314018,1.25942552,1.274512945,1.283872783,1.287382268,1.277649644,1.257425968,1.224877248,1.177023115,1.121032952,1.055949225,0.9903098698,0.9307569475,0.8826715173,0.8519486773,0.837273959,0.8371487212,0.8426338704,0.8484975789,0.8476354697,0.8367528807,0.8134715582,0.7827580104,0.7518473231,0.7266795671,0.72664117,0.7514086145,0.8049041519,0.8797376569,0.9663047943,1.052612974,1.130108973,1.199057231,1.244341877,1.2786695,1.299028412,1.309955551,1.316097746,1.322106549,1.331539688,1.338103357,1.349710886,1.349972446,1.33893153,1.312675233,1.258450667,1.182916837,1.084220021,0.969803224,0.8428572435,0.7258161835,0.6379924532,0.6021133268,0.6373329826,0.7169174745,0.8160554251,0.9138199988,0.9895718419,1.039623459,1.059330067,1.052081186,0.9805155394,0.9337529458,1.021675035,1.26477538,1.526783465,1.647656411,1.571271239,1.368062682,1.176729411,1.155540336,1.329921632,1.578552259,1.758920609,1.80849551,1.744453712,1.663140106,1.598958219,1.604258314,1.645199975,1.731273539,1.797562227,1.871828736,1.937409273,1.993545929,2.041806978,2.083152642,2.120628827,2.158551355,2.192404326,2.230479355,2.272022954,2.31542959,2.364516816,2.415659855,2.471201131,2.528891319,2.588310447,2.647915276,2.707148167,2.769914134,2.824333715,2.88108436,2.93523483,2.984356306,3.03228685,3.074497082,3.113715227,3.146883221,3.175886184,3.197565881,3.212420683,3.223616609,3.220727535,3.212758194,3.195933946,3.165930881,3.129712126,3.079581002,3.019435701,2.952341396,2.869831564,2.782010081,2.68595024,2.586621218,2.480808598,2.377673776,2.279749614,2.18221714,2.106415109,2.038655167,1.99024923,1.963738097,1.956942404,1.971354924,2.001975478,2.053204605,2.109709364,2.180120867,2.255343855,2.33014971
