子图10 热图矩阵（行=y，列=x）,-4,-3.95,-3.9,-3.85,-3.8,-3.75,-3.7,-3.65,-3.6,-3.55,-3.5,-3.45,-3.4,-3.35,-3.3,-3.25,-3.2,-3.15,-3.1,-3.05,-3,-2.95,-2.9,-2.85,-2.8,-2.75,-2.7,-2.65,-2.6,-2.55,-2.5,-2.45,-2.4,-2.35,-2.3,-2.25,-2.2,-2.15,-2.1,-2.05,-2,-1.95,-1.9,-1.85,-1.8,-1.75,-1.7,-1.65,-1.6,-1.55,-1.5,-1.45,-1.4,-1.35,-1.3,-1.25,-1.2,-1.15,-1.1,-1.05,-1,-0.95,-0.9,-0.85,-0.8,-0.75,-0.7,-0.65,-0.6,-0.55,-0.5,-0.45,-0.4,-0.35,-0.3,-0.25,-0.2,-0.15,-0.1,-0.05,0,0.05,0.1,0.15,0.2,0.25,0.3,0.35,0.4,0.45,0.5,0.55,0.6,0.65,0.7,0.75,0.8,0.85,0.9,0.95,1,1.05,1.1,1.15,1.2,1.25,1.3,1.35,1.4,1.45,1.5,1.55,1.6,1.65,1.7,1.75,1.8,1.85,1.9,1.95,2,2.05,2.1,2.15,2.2,2.25,2.3,2.35,2.4,2.45,2.5,2.55,2.6,2.65,2.7,2.75,2.8,2.85,2.9,2.95,3,3.05,3.1,3.15,3.2,3.25,3.3,3.35,3.4,3.45,3.5,3.55,3.6,3.65,3.7,3.75,3.8,3.85,3.9,3.95,4
0.5,1.024544494,1.024476274,1.024371181,1.024264747,1.024174829,1.024047785,1.023937254,1.023820362,1.023684995,1.023565484,1.023427534,1.023286494,1.023150636,1.022994804,1.022844003,1.022687713,1.022520162,1.022356636,1.022181702,1.022002387,1.021822536,1.021629543,1.021435726,1.021235997,1.021027707,1.020816913,1.020597247,1.020371902,1.020142097,1.019901953,1.01965697,1.019404981,1.019145179,1.018878132,1.018602848,1.018320219,1.018030037,1.017730001,1.017421908,1.017105176,1.016780185,1.016443908,1.016098861,1.015744324,1.015379796,1.015003811,1.014617273,1.014220399,1.013812364,1.013391662,1.012959208,1.012514942,1.01205947,1.01158832,1.01110533,1.010609666,1.010099488,1.009575563,1.009036518,1.008483306,1.007918053,1.007332635,1.006734725,1.006122147,1.005492288,1.004848421,1.004187316,1.003511386,1.002823773,1.002115556,1.001396952,1.000666139,0.9999218525,0.9991714902,0.9984130972,0.997654376,0.9969004182,0.9961645745,0.9954629,0.9948157131,0.9943599858,0.9913344572,0.9867799794,0.9812898763,0.9751201575,0.9685275645,0.961529703,0.9542378392,0.9467582267,0.9391686668,0.9315279115,0.9239671402,0.9165978005,0.9092416227,0.9018851977,0.8946597209,0.8876869305,0.8809361805,0.8744754085,0.8684098338,0.8624283119,0.8603727602,0.8590129943,0.8578052253,0.8567558162,0.8558421387,0.8549698752,0.8541544165,0.8533962211,0.8527080272,0.8520599413,0.8514433191,0.8508498422,0.8502931314,0.849776575,0.849297071,0.8488411543,0.848392902,0.8479653399,0.847568548,0.8472066303,0.8468641635,0.8465219171,0.8461869005,0.845865349,0.8455912049,0.8453317706,0.8450715274,0.8447976107,0.8445373914,0.844316507,0.8441172526,0.8439267029,0.8437000472,0.8434811202,0.8432866079,0.8431380217,0.8430011118,0.842823052,0.8426278538,0.8424457509,0.8423432613,0.8422427035,0.842120715,0.8419468587,0.8417785422,0.8416764381,0.8416198005,0.841574715,0.8413957265,0.841229051,0.8411242053,0.8410991181,0.84108186,0.8409643423,0.8408008318,0.8406361133,0.8406418237,0.8406876514,0.840655672,0.8404320566
0.6,1.032905958,1.032933736,1.032909095,1.032878495,1.032864522,1.032798199,1.032748674,1.032686672,1.032597726,1.032523359,1.032422295,1.032313529,1.032206788,1.032071636,1.031938467,1.031794871,1.031634175,1.031473717,1.031296101,1.031109618,1.030918881,1.030708389,1.030493399,1.030268041,1.030028698,1.029782966,1.029522951,1.029252636,1.028974653,1.028679033,1.02837531,1.028060064,1.027730828,1.027391153,1.027036997,1.026670649,1.026293798,1.02589856,1.025492223,1.02507238,1.024636982,1.024187607,1.023722,1.02324182,1.022747913,1.022233753,1.021705103,1.021160102,1.020597914,1.020016762,1.019417631,1.018800966,1.018166482,1.017509908,1.016834698,1.01614013,1.01542623,1.014688445,1.013930591,1.01315219,1.012352283,1.011528242,1.010682151,1.009814488,1.008925448,1.008010225,1.007073735,1.006115707,1.005136695,1.004133821,1.003111856,1.002072307,1.00101678,0.9999471384,0.9988693332,0.9977903999,0.9967159655,0.9956702857,0.9946710038,0.9937493068,0.9931011362,0.9887814033,0.9822706068,0.9744244307,0.9656154146,0.9562180049,0.9462626455,0.9359136276,0.925325773,0.9146142731,0.9038637714,0.893261907,0.8829672689,0.8727204705,0.8625111358,0.8525237052,0.8429248046,0.8336706167,0.8248509672,0.8166126553,0.8085442622,0.805773632,0.8039469845,0.8023282847,0.8009270593,0.7997112947,0.7985532657,0.7974732666,0.7964725684,0.7955677344,0.7947178639,0.7939117522,0.7931390537,0.7924162826,0.791748344,0.7911313209,0.7905469387,0.7899744637,0.7894306271,0.788928853,0.7884734584,0.7880451697,0.7876187422,0.7872033354,0.7868060514,0.7864715237,0.78615696,0.7858426092,0.7855120977,0.7852002154,0.7849395525,0.7847073,0.7844872971,0.7842225422,0.7839686982,0.7837464939,0.7835834298,0.7834362258,0.7832379598,0.783018862,0.7828174582,0.7827175036,0.7826206772,0.7824981514,0.7823112871,0.7821327656,0.7820381169,0.7820027501,0.7819838444,0.7817959957,0.7816257564,0.7815363072,0.7815479715,0.781571454,0.7814712841,0.7813156646,0.7811594697,0.7812211115,0.7813401388,0.7813625733,0.7811411402
0.7,1.041543334,1.041740024,1.041867598,1.041981944,1.042111369,1.042169762,1.042243531,1.042296748,1.042310571,1.042337533,1.042325533,1.042298837,1.04227066,1.042200062,1.042128083,1.042038361,1.041921786,1.041801551,1.041654514,1.041492031,1.041320567,1.041118423,1.040907131,1.040678589,1.040428124,1.040165484,1.039880656,1.039579153,1.039263986,1.038922556,1.038567018,1.038193182,1.037798648,1.037386015,1.03695213,1.036499472,1.036029178,1.03553312,1.035018725,1.034483789,1.033927158,1.03334718,1.03274471,1.032120454,1.031474738,1.03080109,1.03010508,1.029385507,1.028641135,1.027869144,1.027071413,1.026248287,1.025400154,1.02451983,1.023613515,1.022680017,1.021717852,1.020724197,1.019700998,1.018648821,1.017568774,1.016452081,1.01530695,1.014132011,1.01292534,1.01168605,1.010415368,1.009115196,1.007788632,1.006426303,1.005040348,1.003630529,1.002197254,1.000748032,0.9992861114,0.9978232805,0.9963680025,0.9949506426,0.9935976285,0.9923499953,0.9914720251,0.9856112,0.9767704989,0.9661222817,0.9541837486,0.941474398,0.9280442483,0.9141242197,0.8999298134,0.8856228865,0.8713198351,0.857273488,0.8436991249,0.8302369827,0.8168862366,0.8038885704,0.7914596889,0.7795386397,0.768234245,0.7577382051,0.7475361494,0.7440244652,0.7417165305,0.7396757797,0.7379170386,0.7363957269,0.7349508365,0.7336066914,0.7323653656,0.7312480764,0.7302018745,0.7292132815,0.7282688077,0.7273898796,0.726580619,0.7258371852,0.7251361423,0.7244533448,0.7238077098,0.7232157216,0.7226821653,0.7221838131,0.7216906834,0.7212131378,0.720759217,0.7203821329,0.7200311916,0.7196824727,0.7193166981,0.7189752481,0.7186958209,0.7184510797,0.7182221445,0.7179440682,0.7176800433,0.7174539511,0.7172985022,0.7171639706,0.7169711797,0.7167554872,0.7165629671,0.7164897189,0.7164210375,0.7163247258,0.7161562059,0.7159990184,0.7159402519,0.7159535431,0.7159889534,0.7158282215,0.715691239,0.7156526902,0.7157328981,0.7158301122,0.7157877473,0.7156850141,0.7155832017,0.7157403765,0.7159740916,0.7160980835,0.7159362239
0.8,1.051156391,1.051609538,1.051977352,1.052322608,1.052677215,1.052942783,1.053217966,1.053462258,1.053654333,1.053852348,1.053998665,1.054120742,1.05423354,1.054289615,1.054336611,1.054356061,1.05433774,1.054306696,1.054238045,1.054144645,1.054033799,1.053879996,1.053708652,1.053510679,1.053280869,1.053029106,1.052745284,1.052435632,1.052103561,1.051733847,1.051341272,1.050921142,1.050470774,1.04999205,1.049482494,1.04894492,1.048380637,1.047779402,1.047150694,1.046492012,1.045802065,1.045077952,1.044321685,1.043534073,1.042715445,1.041857517,1.040967558,1.040044249,1.039086198,1.038089176,1.037056374,1.035988185,1.034885025,1.033737869,1.032554674,1.031334161,1.030074731,1.028772111,1.027429671,1.026048041,1.024628543,1.023160378,1.021653884,1.020107637,1.018519506,1.016887938,1.015215266,1.013503898,1.011757781,1.009965599,1.008142624,1.006288954,1.004405492,1.002501897,1.000582891,0.9986638019,0.9967556585,0.9948990673,0.9931278965,0.9914960638,0.9903483971,0.9826658596,0.9710774134,0.957134349,0.9415300493,0.9249595544,0.907502377,0.8894725011,0.8711587853,0.8527802038,0.8344921688,0.8166213663,0.7994474615,0.7824940585,0.7657738517,0.749589998,0.7342090103,0.7195474533,0.7057274988,0.6929858219,0.6807081032,0.6764618408,0.673676684,0.6712200119,0.6691137615,0.6672970855,0.6655773028,0.663981595,0.6625136581,0.6611990662,0.6599723662,0.6588182919,0.6577204528,0.656704545,0.6557731937,0.6549233517,0.6541262378,0.6533555236,0.6526310398,0.6519721327,0.6513830352,0.6508379342,0.6503031764,0.6497897682,0.649305686,0.648910967,0.6485489345,0.6481924398,0.6478203445,0.6474785447,0.6472078569,0.6469774583,0.646766794,0.6465068731,0.6462645201,0.6460653347,0.6459457566,0.6458523601,0.6456977685,0.6455204933,0.6453719032,0.6453552801,0.6453452247,0.6453085097,0.64519717,0.6451007442,0.6451129629,0.6452080849,0.6453314486,0.645242992,0.6451850295,0.6452405653,0.6454275473,0.6456374732,0.6457025716,0.6457084384,0.6457174731,0.6460170832,0.6464136721,0.6466953484,0.6466652977
0.9,1.063293406,1.064137363,1.064880853,1.065590341,1.066299541,1.066901968,1.067504008,1.068062406,1.06855451,1.069040118,1.06945977,1.069842533,1.070204193,1.070492655,1.070760153,1.070987111,1.071162574,1.071311519,1.071409124,1.071469078,1.071499351,1.071470642,1.071412164,1.071314164,1.071170648,1.07099139,1.07076639,1.07050259,1.070204436,1.069852226,1.069465208,1.069037731,1.068565966,1.068052507,1.067494144,1.066894722,1.066256839,1.065565039,1.06483397,1.064059894,1.063240016,1.062372894,1.061459021,1.060500729,1.059499245,1.058441621,1.05733974,1.056191006,1.054993989,1.053743019,1.052442695,1.051093844,1.049696404,1.048240034,1.046734037,1.045177257,1.043569312,1.041901464,1.040181735,1.038410015,1.036585942,1.034700871,1.032763325,1.030773686,1.028731689,1.026630164,1.024477765,1.022275651,1.020026836,1.017722915,1.015377899,1.012994505,1.010576075,1.008130576,1.00566901,1.003208943,1.000763732,0.9983889884,0.9961246205,0.9940409526,0.992577481,0.9827397418,0.967903746,0.9500744165,0.93016084,0.9090697546,0.8869256916,0.864145165,0.8411078351,0.8181033974,0.7953327027,0.7732059341,0.7520782829,0.7313395622,0.7110171428,0.6914817017,0.6730506986,0.6556093997,0.6392843513,0.6243559623,0.6101130436,0.6051539522,0.6019018139,0.5990418275,0.5966048077,0.5945082052,0.5925310553,0.5907015032,0.5890260436,0.587534317,0.5861478697,0.5848502756,0.5836223525,0.5824936021,0.58146403,0.580532306,0.5796643632,0.5788327884,0.5780571727,0.5773591963,0.5767413547,0.5761771198,0.5756302241,0.5751118086,0.57462866,0.5742452771,0.5739013168,0.5735677631,0.5732229072,0.5729144886,0.5726839525,0.5724984995,0.5723371099,0.5721312165,0.5719468184,0.571809529,0.5717576258,0.5717370538,0.571657592,0.5715583982,0.5714930831,0.5715661658,0.5716484478,0.5717083623,0.5716977086,0.571706053,0.5718279955,0.5720410006,0.5722884711,0.5723229363,0.5723948965,0.5725916528,0.5729266741,0.5732906967,0.5735177589,0.5736938552,0.5738758013,0.5743679372,0.5749773861,0.5754763788,0.5756592584
1,1.080840475,1.082356154,1.083759688,1.085115439,1.086457104,1.08767496,1.088877538,1.090021243,1.091081861,1.092118657,1.093071961,1.093971454,1.094834015,1.095601423,1.096331564,1.097003393,1.097604525,1.098160138,1.09864488,1.099073647,1.099455371,1.099754931,1.100007143,1.100200935,1.100329495,1.100401671,1.100408224,1.100356983,1.100252731,1.100071452,1.099836594,1.099541843,1.099183212,1.098760773,1.098273739,1.097726213,1.097120627,1.096438574,1.095697576,1.09489386,1.094024927,1.093085639,1.09208015,1.0910105,1.089877804,1.088666384,1.087390861,1.086048864,1.08463872,1.083152165,1.08159649,1.079972661,1.078281202,1.076507732,1.074665785,1.072753987,1.070771186,1.068707855,1.066573138,1.064367832,1.062093067,1.059734767,1.057307515,1.054810934,1.05224371,1.049600017,1.046888346,1.04411179,1.041275746,1.038366884,1.035406487,1.032397053,1.02934228,1.02625529,1.023147801,1.020043469,1.016959967,1.013966838,1.011115684,1.008494779,1.006655454,0.9942198525,0.9754399556,0.952873979,0.927704108,0.9010980638,0.8732543842,0.8447210966,0.815994849,0.7874571297,0.7593660982,0.7322272274,0.706487096,0.6813899682,0.6569793229,0.6336997341,0.6119208194,0.5914839562,0.5725043356,0.5553061542,0.5390663499,0.5333662162,0.529619699,0.5263378607,0.5235608196,0.5211762075,0.5189387333,0.5168743855,0.5149932498,0.5133291399,0.5117903453,0.5103590891,0.5090119184,0.5077848976,0.506671676,0.5056738788,0.504752459,0.5038804068,0.5030754034,0.5023602616,0.5017351298,0.5011746742,0.5006410489,0.5001446679,0.4996906245,0.4993437783,0.4990439733,0.4987613757,0.4984751116,0.4982321355,0.4980709997,0.4979586185,0.4978748786,0.4977581415,0.497667045,0.4976251306,0.4976704715,0.4977525361,0.4977839274,0.4978017058,0.4978585108,0.4980522018,0.498258148,0.4984498002,0.4985830317,0.4987392151,0.4990077273,0.4993717697,0.4997760498,0.4999837407,0.5002355325,0.5006181094,0.5011389765,0.5016943865,0.5021353264,0.5025412589,0.5029557667,0.503686122,0.5045512151,0.505321191,0.5057974758
1.1,1.105229556,1.108046089,1.110750901,1.113394805,1.116004683,1.118483844,1.120925035,1.123291026,1.125559788,1.127776486,1.129893439,1.131935059,1.133915543,1.135778249,1.1375779,1.139295449,1.140919101,1.142465804,1.143917193,1.145286087,1.146580206,1.147761884,1.148867527,1.149886648,1.150812617,1.151647779,1.152388628,1.153042053,1.153612068,1.154070829,1.15444501,1.154728555,1.154917694,1.155006178,1.154999042,1.154899783,1.154710187,1.15440769,1.154013609,1.153524447,1.152938165,1.152242927,1.151449338,1.150558796,1.149571865,1.148468762,1.147268112,1.145968068,1.144567246,1.143051253,1.141433573,1.13971489,1.137895517,1.135956686,1.133916579,1.131774327,1.129529134,1.127166078,1.124700265,1.122132539,1.119464418,1.116677387,1.11379144,1.1108068,1.107722495,1.104529358,1.101240906,1.097861199,1.094397395,1.09083229,1.087194252,1.083487147,1.079716053,1.075897203,1.072046862,1.06819531,1.064365515,1.060644303,1.057097863,1.053837068,1.051548578,1.035913239,1.012134814,0.9834675541,0.9514566874,0.9176042263,0.88224029,0.8460935646,0.8098234841,0.7739431809,0.7387919916,0.7049940201,0.6731096889,0.642247824,0.6124694931,0.5843098342,0.5581899736,0.5338964788,0.5115102745,0.4913886233,0.4725046453,0.4658069773,0.461404808,0.4575679329,0.454340146,0.4515771868,0.4489989525,0.4466293612,0.4444817356,0.4425922615,0.4408559733,0.4392523355,0.4377522242,0.4364006566,0.4351806757,0.4340980538,0.4331089472,0.4321874426,0.4313479511,0.4306130226,0.4299789381,0.4294243677,0.4289098721,0.4284445665,0.4280309967,0.4277303441,0.4274860001,0.4272686014,0.4270594521,0.4269017318,0.4268273761,0.4268052176,0.4268172935,0.4268140883,0.4268415817,0.426919245,0.4270820635,0.4272868459,0.4274559106,0.427621099,0.4278294792,0.428165439,0.4285177043,0.428867305,0.429178379,0.4295163041,0.4299590902,0.4304972297,0.4310800591,0.4315021972,0.431973697,0.4325750731,0.4333079562,0.4340790366,0.4347733794,0.4354560575,0.4361491028,0.4371480888,0.4382929568,0.4393691371,0.4402048747
1.2,1.119799127,1.12473252,1.129586848,1.134381333,1.139126261,1.143762371,1.148338825,1.152834138,1.157232657,1.161548445,1.165760012,1.169878101,1.17390941,1.177808612,1.181615063,1.185315547,1.18890027,1.192369134,1.195717505,1.198952078,1.202076997,1.205054582,1.207918485,1.210660148,1.213273222,1.215748421,1.218091571,1.220306716,1.222396278,1.224326846,1.226128756,1.227796232,1.229325055,1.23069968,1.231932891,1.233027025,1.23398336,1.234770915,1.235418206,1.23592138,1.236277639,1.236466999,1.236507329,1.23639995,1.236145271,1.235714313,1.235134344,1.234403091,1.233519243,1.232459325,1.231245723,1.22987906,1.228359204,1.226659776,1.224806805,1.222799875,1.220639243,1.218299917,1.215807796,1.213163463,1.210367784,1.20739709,1.204277805,1.201011878,1.197600012,1.194023915,1.190308388,1.186457631,1.182479508,1.178353428,1.174115038,1.16977119,1.165330019,1.160805491,1.156224945,1.151624684,1.147032743,1.14255562,1.138275582,1.134329839,1.131555609,1.112211668,1.082390429,1.046177507,1.005587279,0.9625552609,0.9176182756,0.8717551212,0.825849903,0.7806028429,0.7364689555,0.6942194761,0.6545408798,0.616421602,0.5799630579,0.5457869617,0.5143392027,0.4853664605,0.4588962922,0.4352293395,0.412948047,0.4048805679,0.399707661,0.3952216203,0.3914637777,0.388290952,0.3853364876,0.3826410942,0.3802146572,0.3780948094,0.3761634823,0.3743945429,0.372754988,0.3712952409,0.36999069,0.3688484096,0.3678188291,0.3668821786,0.3660438169,0.3653263375,0.364722114,0.3642136877,0.3637618092,0.3633729233,0.3630461198,0.3628363615,0.3626916189,0.3625855342,0.3625030738,0.362479406,0.3625374243,0.3626499244,0.3628021264,0.3629610957,0.3631555915,0.3633993305,0.3637212614,0.3640883325,0.364440668,0.3648015215,0.3652069869,0.3657222347,0.366258027,0.3668050873,0.367340081,0.3679045355,0.3685598764,0.3693041087,0.3700944099,0.3707803336,0.3715176568,0.3723747168,0.3733501024,0.3743635387,0.3753520957,0.3763582358,0.377374841,0.3786711973,0.3801130872,0.3815234745,0.3827812102
1.3,1.098062285,1.104844944,1.111622403,1.118371804,1.125082326,1.131745025,1.138349659,1.144894189,1.151369574,1.157754919,1.164056124,1.170266488,1.176383351,1.182376556,1.188263731,1.194037627,1.199689659,1.205202308,1.210582797,1.215830166,1.220943888,1.225887273,1.230688213,1.235339474,1.239834396,1.244151617,1.24830505,1.252294998,1.25612129,1.259745565,1.263199808,1.266478238,1.269576122,1.272467173,1.275172277,1.277691803,1.280025509,1.282134883,1.284053957,1.285778757,1.28730611,1.288605734,1.289704378,1.290602439,1.291299606,1.291758198,1.292013351,1.292062817,1.291905393,1.29150747,1.290901342,1.290087302,1.289065069,1.287799681,1.286326072,1.284644325,1.282755171,1.280624398,1.278288036,1.27574698,1.27300251,1.270023206,1.266844753,1.263470077,1.259900692,1.256110976,1.252135342,1.247979091,1.243651435,1.239125917,1.234447652,1.229625354,1.224669789,1.219591937,1.2144297,1.209224832,1.204009143,1.198905561,1.19401088,1.189485797,1.18629976,1.163494569,1.127954993,1.084588183,1.03590664,0.9843386952,0.9306429091,0.876087435,0.8217951961,0.7686616782,0.7172616643,0.6685021366,0.6231403451,0.5800209235,0.5393031027,0.5016171028,0.4673619457,0.4362726526,0.4083233718,0.3836445913,0.3606241634,0.3521870867,0.3470362495,0.342613716,0.338968755,0.3359806042,0.3332016672,0.3307020987,0.3284839552,0.3265938336,0.3249024496,0.3233791576,0.3219909197,0.3207850006,0.319742963,0.3188674236,0.3181034821,0.3174427427,0.3168779834,0.3164337105,0.3161017777,0.3158638595,0.315687287,0.3155747992,0.3155228855,0.3155775597,0.3156932412,0.315850463,0.316039466,0.3162823006,0.3165938313,0.31695321,0.3173497121,0.3177685791,0.3182205316,0.3187130357,0.3192663343,0.3198584042,0.3204559055,0.3210709419,0.321723302,0.3224551006,0.323207594,0.323981505,0.3247693617,0.3255827019,0.3264645196,0.3274176527,0.3284101167,0.3293680209,0.3303708211,0.331468739,0.3326644965,0.3338893472,0.3351455043,0.3364467783,0.3377540856,0.3392964155,0.3409624648,0.3426384587,0.3442775585
1.4,1.053891614,1.061827854,1.069865919,1.077939764,1.086017339,1.094141828,1.102240294,1.110328973,1.118404006,1.126413152,1.134384142,1.142292424,1.150125362,1.157869113,1.16551639,1.173064515,1.180505114,1.187805474,1.194980519,1.202020986,1.208920765,1.215645871,1.222215029,1.228621571,1.234858132,1.24089211,1.246743254,1.252407392,1.257880654,1.26312216,1.268162011,1.272994428,1.27761442,1.281984503,1.286133314,1.290058395,1.293756917,1.297185694,1.300380879,1.303338898,1.306057115,1.308493323,1.310684488,1.312628959,1.314324837,1.315728606,1.316880287,1.317778611,1.318422797,1.318768645,1.318858771,1.318692677,1.318269704,1.317547558,1.316568818,1.31533444,1.313845565,1.312059111,1.310020818,1.307731732,1.305193889,1.302367534,1.299297934,1.295988549,1.29244112,1.288623515,1.284578345,1.280311998,1.275835327,1.271113798,1.266203093,1.261112595,1.25585396,1.250435899,1.244903948,1.239304693,1.23367372,1.228142514,1.222823771,1.217896608,1.214432854,1.188984345,1.148842781,1.099675573,1.044497571,0.9862641456,0.9259535087,0.8651350788,0.8051579868,0.7470874045,0.6915840469,0.6396473932,0.5919976892,0.5473500391,0.505871859,0.4681142375,0.4343439116,0.4042766263,0.3778229037,0.3549163837,0.3341356792,0.326833797,0.3226263112,0.3191010801,0.3163090164,0.3141263063,0.3121082254,0.3103370826,0.3088101076,0.3075882491,0.3065394808,0.3056294393,0.3048239413,0.3041687843,0.3036580503,0.3032870355,0.3030020812,0.3027977359,0.302665317,0.3026288387,0.3026833432,0.3028087203,0.3029782636,0.3031943791,0.3034553628,0.3037945125,0.304175735,0.3045877539,0.3050248797,0.3054969958,0.3060139115,0.306563614,0.3071391589,0.3077339894,0.3083518079,0.3089955783,0.3096753341,0.3103772723,0.3110950275,0.3118312341,0.3125880616,0.3133889526,0.3142062687,0.3150451008,0.3159109584,0.3167912022,0.3177149012,0.3186828662,0.3196742941,0.3206903676,0.3217347032,0.3228372783,0.32401401,0.3252006881,0.3264560376,0.327768677,0.3290773766,0.3305633495,0.3321260514,0.3337278164,0.335401433
1.5,0.9857415063,0.9944187613,1.00336358,1.012467135,1.021676618,1.031088588,1.040563622,1.050133174,1.059795783,1.069475058,1.079209711,1.088956774,1.098692603,1.108421096,1.118104704,1.127742493,1.137323843,1.146805943,1.156202584,1.165495296,1.174671322,1.183700745,1.192588425,1.201326268,1.209904234,1.218282325,1.226479453,1.234486353,1.242295137,1.2498624,1.257214028,1.264342594,1.271241078,1.277864272,1.28424318,1.290372584,1.296247473,1.301818109,1.307123086,1.312157632,1.316917748,1.321352598,1.325504716,1.329371201,1.332949086,1.336185845,1.339128291,1.341774447,1.344122904,1.346119359,1.347814971,1.349208661,1.350299126,1.351033835,1.351464452,1.351591643,1.351416441,1.350883959,1.350050821,1.348917469,1.347485238,1.345703383,1.343627179,1.341260007,1.338603261,1.335612055,1.332340578,1.328794377,1.324983941,1.320861598,1.316494803,1.311892326,1.30706445,1.302009155,1.296782253,1.291431319,1.28599406,1.280591994,1.275357194,1.270476731,1.267057614,1.240940905,1.198350106,1.145506049,1.085908437,1.023046406,0.9581079136,0.8929523499,0.829126726,0.7678351603,0.7097781368,0.655999847,0.6070473574,0.5616116196,0.5198131757,0.4820825959,0.4484996627,0.4187885397,0.3928124077,0.3703044272,0.3499281166,0.343665452,0.3402381783,0.3374663743,0.3353673534,0.3338212265,0.3323960741,0.3311818911,0.3301688491,0.3294289857,0.3288362311,0.3283466455,0.327922604,0.3276159857,0.3274324842,0.3273567979,0.327342644,0.3273746649,0.3274557435,0.3276061408,0.3278268556,0.3280964947,0.3283842242,0.3286971389,0.3290402423,0.3294373114,0.3298572158,0.33029334,0.3307389515,0.3312013489,0.3316895822,0.3321986199,0.3327231173,0.3332461967,0.333782958,0.3343351522,0.3349055558,0.3354816203,0.3360698411,0.3366703064,0.3372745143,0.3379006843,0.3385384532,0.3391882329,0.3398585741,0.3405317647,0.3412332063,0.3419543879,0.3426811464,0.3434552737,0.3442380681,0.3450446521,0.3459094771,0.3467623244,0.3476844007,0.3486538876,0.3496081723,0.3506907247,0.3517916675,0.3529349191,0.3542095584
1.6,0.8724239903,0.8798853464,0.8878732791,0.8962633887,0.9049982534,0.9142017794,0.9236974014,0.9335150212,0.943645239,0.9540270985,0.9646685962,0.9755183796,0.9865466879,0.9977665886,1.009114004,1.020578421,1.032138977,1.043768494,1.055448122,1.067153611,1.078866609,1.090561172,1.102222581,1.11383399,1.125377105,1.136822889,1.148165606,1.159391949,1.170490032,1.181416742,1.19218588,1.202783425,1.213196281,1.223384794,1.233364308,1.243126938,1.252664979,1.261924765,1.270940026,1.279701066,1.288199148,1.296383368,1.304288464,1.311909732,1.319241916,1.326223997,1.332903942,1.339275614,1.34533429,1.351017782,1.356377987,1.361411322,1.366113465,1.370419509,1.374386148,1.378010633,1.38129098,1.384156764,1.386672355,1.388834624,1.390640928,1.392022974,1.393045021,1.393706988,1.394006139,1.393875708,1.393382129,1.392526249,1.391314686,1.389672546,1.387683199,1.385349713,1.38267438,1.379629604,1.376282398,1.372673989,1.368839629,1.364848904,1.360858457,1.357037029,1.354366551,1.332414423,1.292741923,1.241365493,1.181995509,1.118461871,1.052010662,0.9846942956,0.9182108544,0.8539162671,0.7926083114,0.7354698284,0.6829451336,0.6338670745,0.5884602367,0.5471920857,0.5100905944,0.4769796447,0.4477487511,0.4220249759,0.3982524715,0.3919051779,0.3885058126,0.3858337398,0.3838356874,0.3824133878,0.3811060615,0.3800117545,0.3791085132,0.3784671697,0.3779719389,0.3775636336,0.3771976046,0.3769383456,0.3767942973,0.3767400478,0.3767382074,0.3767545225,0.3768101669,0.376919495,0.3770889698,0.3772969707,0.3774990713,0.3777097764,0.3779434651,0.3782185953,0.3785043341,0.3787931498,0.3790721193,0.3793566154,0.3796575454,0.3799734963,0.3802985509,0.3805907096,0.380890638,0.3812018753,0.3815241708,0.3818407286,0.3821533554,0.3824671165,0.3827724273,0.3830951747,0.3834259577,0.3837531605,0.3840783617,0.384398145,0.3847445284,0.3850957096,0.3854383396,0.3858119138,0.3861780603,0.3865460773,0.3869693628,0.3873632639,0.387793787,0.388245203,0.3886722925,0.3892036513,0.3897007493,0.3902189149,0.3908676677
1.7,0.7756823304,0.7780416871,0.7811289904,0.7848677564,0.789236375,0.7943427582,0.8000548438,0.8063880448,0.8133235687,0.8208785493,0.8289914003,0.8376303601,0.8467773189,0.8564412421,0.8665572292,0.877094953,0.8880182915,0.899354718,0.911017327,0.9229859096,0.935241523,0.9477632472,0.9605141682,0.9734600011,0.9865683706,0.9998484538,1.013237809,1.026721019,1.04028148,1.053885197,1.067518397,1.08115383,1.094767339,1.108343895,1.121856183,1.13529173,1.148636697,1.161844685,1.174924535,1.18785637,1.200622669,1.213183759,1.225545793,1.237697839,1.249627871,1.261275308,1.272670376,1.283798382,1.294646174,1.305151145,1.315348321,1.325227438,1.334777377,1.343923124,1.352714153,1.361139443,1.369188393,1.376779439,1.383970884,1.390752946,1.397117059,1.402972299,1.408388463,1.413356787,1.417864762,1.42182641,1.425310336,1.428311527,1.430832824,1.432760502,1.434198908,1.435140123,1.435571813,1.435442362,1.434821195,1.433742815,1.432240028,1.430303636,1.42812169,1.425825988,1.424187638,1.409935949,1.377058401,1.330672215,1.274323578,1.211950854,1.144763599,1.075031957,1.004805102,0.9358108559,0.8692648057,0.8067906072,0.7491088327,0.6951246569,0.6454349894,0.6006411404,0.5607954865,0.5256574219,0.4950327562,0.468495312,0.4446523816,0.4390704576,0.4362996969,0.4342943057,0.4329333947,0.4320986037,0.4313705642,0.4308282895,0.4304431992,0.4302797418,0.4302377596,0.4302484774,0.4302592153,0.4303463309,0.4305187712,0.4307452762,0.4309998803,0.4312240877,0.431464499,0.4317288542,0.4320285651,0.4323431177,0.4326144005,0.4328663794,0.433123988,0.4334010861,0.4336687179,0.4339165481,0.4341242468,0.4343192225,0.4345177421,0.4347206971,0.4349212015,0.4350454167,0.435167159,0.4352939719,0.4354260084,0.4355389751,0.4356210947,0.435686946,0.4357320528,0.435798619,0.4358677402,0.4359127025,0.4359226345,0.4359195302,0.4359500953,0.4359781843,0.4359870487,0.4359846672,0.4359629722,0.4359337967,0.4359689209,0.4359636075,0.4359441181,0.4359121024,0.4358508459,0.4358989292,0.4358745251,0.4358376505,0.4358885814
1.8,0.7813024149,0.7791948725,0.7778497607,0.777183876,0.7771810893,0.7780106662,0.7795195976,0.7817556484,0.7847223685,0.7884422,0.7928766856,0.7979983649,0.8037968054,0.8103095518,0.8174606822,0.825227663,0.8335785216,0.8425579165,0.8520658098,0.8620817572,0.8725863362,0.8835722016,0.8949845236,0.9067843117,0.9189337235,0.9314579022,0.9442679166,0.9573438446,0.970664109,0.9842028007,0.9979247652,1.011794605,1.025780163,1.039878873,1.054036267,1.068234157,1.08245277,1.09665036,1.110816269,1.124922497,1.138943868,1.152848343,1.166619953,1.180242157,1.193697286,1.206925731,1.219943033,1.232727599,1.245259447,1.257478881,1.269405385,1.281024079,1.292319297,1.303212525,1.313745356,1.323901171,1.333663838,1.342950284,1.35181047,1.360231183,1.368201089,1.375621005,1.382560491,1.389006428,1.394941002,1.400275138,1.405073309,1.409328765,1.413044894,1.416090715,1.418581032,1.420502537,1.421834402,1.422524526,1.42263502,1.422201403,1.421257744,1.41976234,1.417920708,1.415846549,1.414274796,1.403119061,1.37204232,1.32604675,1.268768496,1.204469664,1.134560289,1.061736677,0.9886262474,0.917398865,0.8497276532,0.7875903426,0.7318621812,0.6811194194,0.6361124573,0.5971576757,0.5639719667,0.5359009231,0.5124731767,0.4932527673,0.4781142065,0.476549118,0.4762838435,0.4765572659,0.4772409444,0.4781191313,0.4790200653,0.4799608472,0.4809261043,0.4819964606,0.4830895711,0.4841439559,0.485103851,0.486052388,0.4870129607,0.4879508099,0.4888554707,0.4896433312,0.4903938476,0.4911103981,0.4918125833,0.4924787506,0.4930440253,0.4935434551,0.4940132449,0.494464389,0.4948717531,0.4952236719,0.4954934987,0.4957200239,0.4959298837,0.4961255198,0.4962995615,0.4963449589,0.4963714592,0.49639192,0.4964098438,0.4963911231,0.4963078305,0.4961859298,0.4960295411,0.495901377,0.495767361,0.4955857974,0.4953310465,0.4950546967,0.4948230599,0.4945864403,0.4943220985,0.4939898119,0.4936291503,0.4932604466,0.4929725806,0.492637319,0.492228924,0.491772405,0.4912844993,0.4909325821,0.4904837977,0.4899835366,0.4895024157
1.9,0.810659289,0.8046893704,0.7997530768,0.7956552415,0.7923272652,0.7901771525,0.7888455796,0.7884788464,0.7891335056,0.7907198362,0.7933138392,0.7968278636,0.801215932,0.806606994,0.8128130937,0.8198352116,0.8276460194,0.8362265445,0.8455040832,0.8554168119,0.8659144599,0.877010921,0.8885925674,0.9006194389,0.9130464529,0.9258537518,0.9389651051,0.9523365316,0.9659282206,0.9797106042,0.9936291632,1.007646854,1.021727664,1.03583738,1.049939005,1.064004314,1.078006644,1.091893858,1.105659273,1.1192765,1.132720942,1.145939719,1.158937293,1.171695634,1.184196518,1.196372209,1.208250539,1.219814005,1.231047361,1.241877429,1.252344762,1.26243629,1.272138219,1.2813728,1.290190846,1.298582354,1.306538293,1.313970139,1.320944967,1.327452484,1.333484222,1.338951829,1.343926479,1.348403058,1.352370789,1.355745296,1.358598915,1.360928146,1.362740946,1.363921887,1.364582148,1.364714717,1.364304058,1.363313843,1.361802486,1.359812212,1.357379657,1.354499256,1.351369571,1.348121115,1.345668339,1.332485458,1.299187954,1.251690104,1.193962729,1.130711519,1.063428499,0.9950638046,0.9284195161,0.8656194061,0.8081250364,0.7576017074,0.7141339002,0.6757975756,0.6428787915,0.6150185434,0.5914119504,0.5713123661,0.5543264599,0.5402759168,0.5303510775,0.531780502,0.5332220702,0.5349655762,0.536888249,0.5387601061,0.5405661031,0.5423036208,0.5439608454,0.5456422226,0.5472776879,0.5488105189,0.5501887966,0.5514947014,0.55277315,0.5539802508,0.5551153322,0.5560838515,0.5569815745,0.557811501,0.5586029451,0.5593272354,0.5599158894,0.5604104495,0.5608555227,0.5612655985,0.5616114192,0.5618805546,0.5620401079,0.5621388048,0.5622139256,0.5622669205,0.5622886299,0.5621426563,0.5619694485,0.5617875748,0.5616050503,0.5613773294,0.5610581491,0.5606844224,0.5602699558,0.5599002037,0.5595211415,0.5590772513,0.5585276515,0.5579536267,0.5574424404,0.556932009,0.556391833,0.5557266826,0.5550304519,0.5543355927,0.5537455756,0.5531077535,0.5523408653,0.5514948272,0.5506187394,0.5499224059,0.5491189796,0.5482265554,0.5472746954
2,0.8186350053,0.8033502259,0.7890072717,0.7753835402,0.7624367131,0.750865228,0.7402213407,0.7308264804,0.7228731647,0.7162937213,0.7113304012,0.7079171482,0.7060465436,0.706053412,0.7076414253,0.7108692782,0.7157357146,0.7222481506,0.7302857518,0.7397368674,0.7505033278,0.7626595308,0.7759329895,0.7902448709,0.805503868,0.8216670124,0.8385638452,0.8560879316,0.8741422972,0.8926993758,0.9115994176,0.9307697256,0.9501395633,0.9696336085,0.9891748067,1.008696518,1.028136938,1.047419704,1.066500657,1.085334741,1.103879715,1.122023224,1.139782991,1.157118455,1.173990675,1.190287759,1.206048307,1.221247258,1.23586259,1.249750341,1.263000692,1.275589164,1.287492081,1.298582339,1.308951304,1.318591628,1.327497636,1.335516772,1.342784308,1.349289928,1.355026937,1.359871524,1.36394731,1.367262166,1.369818886,1.371495051,1.372430026,1.372631416,1.37211943,1.37077378,1.368750167,1.366063108,1.362722405,1.358688405,1.354075227,1.348950404,1.343364409,1.337402382,1.331290122,1.325240205,1.320710664,1.299269181,1.260447451,1.212464599,1.159301728,1.105144133,1.049993293,0.9954500391,0.9429439205,0.8934675557,0.8476121137,0.8066790629,0.7702805698,0.7368161655,0.7068181957,0.6801207168,0.6561683754,0.6346385153,0.6154977141,0.5988704352,0.5863778405,0.5876575051,0.589068019,0.59081209,0.5927209361,0.5946110139,0.596421477,0.5981707139,0.5998328899,0.6015145603,0.6031542225,0.6046825332,0.6060460365,0.6073328045,0.6085939166,0.6097751237,0.6108809068,0.6118064539,0.6126570011,0.613432831,0.6141696955,0.6148347291,0.6153485341,0.615757859,0.6161142763,0.6164360696,0.6166867181,0.6168514037,0.6168900189,0.6168625518,0.6168130082,0.6167412922,0.6166361057,0.6163339046,0.6160023446,0.615664972,0.6153341788,0.6149565712,0.614466047,0.6139100437,0.6133120999,0.6127812601,0.6122415574,0.6116251276,0.6108765726,0.6101060552,0.6094216774,0.6087505162,0.608053542,0.6071808479,0.6062810054,0.6054011449,0.604658183,0.603875286,0.6029175821,0.60185949,0.6007793182,0.5999417766,0.599003051,0.5979481943,0.5967619558
2.1,0.863379303,0.8459656755,0.8284436625,0.8106316048,0.792496156,0.7745197425,0.7564588058,0.7386061572,0.7211633679,0.7040982689,0.687756786,0.6721952165,0.6575438312,0.6442188645,0.6321834345,0.6216683712,0.6128604588,0.6060530806,0.6012830356,0.5986511081,0.5982527327,0.6003720691,0.6048225263,0.6115964073,0.6206415486,0.632089844,0.645610953,0.6610773408,0.6783486216,0.697410595,0.7179345385,0.739747409,0.7626798479,0.7866867047,0.8114728502,0.8368985315,0.862829018,0.8891509595,0.9156945289,0.9423375023,0.9689679542,0.9954573312,1.02171037,1.047641387,1.073167568,1.098114839,1.122484821,1.146208286,1.169223208,1.191333017,1.212607773,1.233000416,1.252465901,1.27079515,1.288112948,1.304391337,1.319606945,1.333538694,1.346364051,1.358068239,1.368641667,1.377879421,1.385979479,1.392946987,1.398783764,1.403308341,1.406728886,1.409062384,1.410340027,1.410380228,1.409423246,1.407492588,1.404608538,1.400702515,1.395955071,1.390458147,1.384283878,1.377523149,1.370489005,1.363457998,1.358229203,1.331738373,1.2856445,1.230081496,1.169884227,1.10985214,1.049803077,0.9914106857,0.9362137417,0.8854543072,0.8398497394,0.8008125898,0.7676759528,0.7385600788,0.7135486272,0.6918880098,0.6725468255,0.6550195373,0.6392118013,0.6253831997,0.615901164,0.6188420886,0.621406785,0.6242298449,0.6271023976,0.6298515092,0.6324776414,0.6349925189,0.63737073,0.6397115579,0.6419839067,0.6441089334,0.6460288523,0.6478459873,0.6496084093,0.6512580829,0.652813295,0.6541509613,0.6553962159,0.6565406611,0.6576244293,0.6586192363,0.6594338983,0.660122769,0.6607453756,0.6613133868,0.6617941279,0.6621715722,0.6623993942,0.6625468758,0.6626611051,0.6627437457,0.6627842787,0.6625935428,0.6623653656,0.6621259999,0.6618906061,0.6616008799,0.6611739571,0.6606669008,0.6601126199,0.6596369496,0.6591488342,0.6585701861,0.6578322038,0.6570712625,0.656413502,0.6557787843,0.6551214104,0.6542372451,0.6533299519,0.6524615308,0.6517600063,0.6510277821,0.6500790303,0.6490125803,0.6479347266,0.6471679763,0.6463162776,0.6453273274,0.6441379985
2.2,0.9458412651,0.9366860603,0.9270111494,0.916524325,0.9050802914,0.8930535472,0.8801261617,0.8665417844,0.852444061,0.8374846056,0.8221340806,0.8063266195,0.7900820634,0.7736359959,0.7569774466,0.7403124415,0.723812255,0.7075528885,0.6918177578,0.6767538182,0.6625571372,0.6495955267,0.6379936816,0.6280084649,0.6198736454,0.613988916,0.610408126,0.6092995748,0.6108028211,0.6151923687,0.6223105076,0.632115191,0.6445112657,0.6596179888,0.6770134776,0.6965229847,0.7179540083,0.7411963522,0.7658922832,0.7918051117,0.8187091881,0.8465041847,0.8748595901,0.9036105899,0.9325993068,0.9616208975,0.9905444949,1.019223539,1.04752674,1.075267205,1.102385987,1.128798442,1.154423197,1.17900878,1.202635376,1.225233917,1.246744696,1.266922442,1.285904459,1.303657463,1.320153091,1.335123764,1.348781914,1.36111006,1.372089321,1.381486583,1.389526801,1.396217891,1.401583593,1.405365993,1.407859373,1.409076196,1.409024821,1.407586723,1.404984993,1.401316015,1.396662644,1.391045436,1.384864919,1.378406674,1.373475781,1.341266026,1.28601126,1.219732458,1.149298986,1.08140596,1.016885766,0.9581255076,0.906786052,0.8637128239,0.8286146649,0.8015830444,0.7802288964,0.7620637378,0.7459942351,0.7307949644,0.7153027323,0.6994499948,0.683631257,0.6686341793,0.6573822929,0.660659684,0.6634705948,0.6665591826,0.6696413592,0.672610148,0.6754585945,0.6782051399,0.6808129201,0.6833575412,0.6858481661,0.6881924114,0.6903302524,0.6923744293,0.6943572962,0.6962174647,0.697988413,0.6995417815,0.7010056961,0.7023588966,0.7036426358,0.7048386445,0.7058473483,0.7067255105,0.707536226,0.7082770439,0.7089239453,0.7094625738,0.7098428454,0.7101361588,0.7103853987,0.7105961207,0.7107606728,0.7106747218,0.7105462608,0.7104008227,0.7102530988,0.7100456189,0.7096847483,0.7092332674,0.708730374,0.7083078737,0.7078692816,0.7073299152,0.7066104925,0.7058661498,0.7052342277,0.7046319917,0.7040104606,0.7031175266,0.7022054953,0.7013485577,0.7006804854,0.6999907885,0.6990488881,0.6979754258,0.6969009184,0.696197375,0.6954306487,0.6945086529,0.693319993
2.3,0.9849945436,0.9822318437,0.9793963769,0.9759398357,0.9715429988,0.9668730565,0.9611913822,0.9548287534,0.9479541636,0.9398709855,0.9312479846,0.9218421351,0.9115336956,0.9005819084,0.888773081,0.8763047087,0.86330671,0.849498547,0.8353091648,0.820722944,0.8057918706,0.7907502431,0.7756543585,0.7607310903,0.7461900802,0.7321657206,0.7189646914,0.7067727483,0.6958089103,0.6864876243,0.6789117684,0.6733271316,0.6699435254,0.6691161047,0.6708198522,0.6751332476,0.6820943486,0.6918981555,0.7042630184,0.7190666729,0.7361465386,0.755523233,0.7767604282,0.799647166,0.8239667489,0.8495762846,0.8761355365,0.9034193807,0.9312164427,0.9593648493,0.9876124921,1.015799361,1.043772604,1.071291727,1.098281754,1.124613911,1.150172783,1.174701911,1.198233187,1.22068602,1.24198699,1.261840443,1.280394566,1.297597183,1.313396365,1.327508219,1.34013852,1.351267837,1.360896415,1.368704607,1.37500013,1.379779272,1.383032787,1.384584169,1.38468992,1.383441339,1.380926699,1.377094201,1.372420824,1.367199792,1.363162977,1.327361846,1.266295314,1.193776457,1.118919899,1.050297256,0.9892770593,0.9381873888,0.8977094455,0.867415787,0.8453314379,0.8301638117,0.8182069137,0.8070802652,0.7951421557,0.7813897122,0.7650899767,0.74686672,0.727796377,0.7092737256,0.6947350354,0.6977348646,0.7004861641,0.7036184775,0.7067562858,0.7098560771,0.7128873698,0.7158650868,0.7187278333,0.7215159833,0.7242802078,0.7269175203,0.72936891,0.7317461292,0.7340546474,0.736232381,0.738330059,0.7402299095,0.7420453146,0.743737608,0.7453449944,0.7468662392,0.7482027536,0.7494080355,0.7505434039,0.7515795333,0.7525128034,0.7533351769,0.7539978346,0.7545629652,0.7550609497,0.7555054718,0.7558954244,0.7560259454,0.7561039689,0.7561498835,0.7561728729,0.756124855,0.7559118629,0.7555971871,0.7552216319,0.7549062498,0.7545655516,0.7541131994,0.7534640288,0.7527811876,0.7522029558,0.7516503318,0.7510769214,0.7501936534,0.749290403,0.7484482482,0.7477988066,0.7471316794,0.7461813121,0.745085704,0.743994736,0.7433101048,0.7425840011,0.7416849047,0.7404545903
2.4,1.002548276,0.9985934734,0.9952601248,0.9917867797,0.9877427794,0.9842395999,0.9800998782,0.9758007911,0.9715770377,0.9665410985,0.9614923859,0.9560491758,0.9499955668,0.9437376772,0.9367984392,0.9293826972,0.9215921655,0.9129607201,0.9039351346,0.8943699155,0.8841999213,0.8735930445,0.8624593369,0.8509571982,0.8392140357,0.8270899707,0.8149316499,0.8027910774,0.790765068,0.7791167198,0.7679365206,0.7574536001,0.7478883644,0.7394470279,0.7323590679,0.7267915389,0.7229139358,0.7211039732,0.721327791,0.723714268,0.7283481222,0.7354400597,0.7448119702,0.7564024392,0.7701188358,0.7860463527,0.8038190897,0.823271544,0.8442240222,0.8666083264,0.8900736729,0.9144220565,0.9394584555,0.9650456602,0.9909183176,1.016908764,1.042859032,1.068557827,1.093886118,1.118708758,1.142901139,1.1662109,1.188636635,1.210084399,1.23045794,1.249468041,1.267220807,1.283648606,1.298708284,1.31204294,1.323894229,1.334215518,1.342947241,1.349856397,1.355156619,1.358897908,1.361146492,1.361697804,1.361061908,1.359470331,1.358192747,1.329898716,1.273388681,1.202053401,1.126696694,1.057920881,0.9981108432,0.9502329948,0.9146383542,0.8902979241,0.8740130527,0.863705239,0.8548513914,0.8452896605,0.8332024296,0.8179649962,0.799298132,0.7783622233,0.7567197463,0.7361980196,0.7209505166,0.7245716045,0.7279109976,0.7316696107,0.7353911347,0.7390764518,0.7427345817,0.7463576596,0.7498556579,0.7532264237,0.7565743473,0.7597971821,0.7628455052,0.7658131987,0.7686773074,0.7713797145,0.7739933554,0.7764275715,0.7787668172,0.7809519388,0.7830147339,0.7849783912,0.7867585795,0.7884010063,0.7899606256,0.7913668072,0.7926517007,0.7938193383,0.7948277108,0.7957184205,0.7965018278,0.7972048885,0.7978380309,0.7982093178,0.7985116097,0.7987553581,0.7989392446,0.7990337662,0.7989555578,0.7987635207,0.7984954524,0.7982446531,0.7979535681,0.7975394513,0.7969158998,0.7962436145,0.7956508004,0.7950684884,0.7944589903,0.793508717,0.7925324752,0.7916123766,0.7908694566,0.7901073451,0.7890358191,0.7878048871,0.7865789015,0.7857655099,0.7849298827,0.783902675,0.7824805427
2.5,1.063587725,1.057233329,1.051463404,1.045379906,1.038505387,1.032296211,1.025353777,1.01833777,1.011600908,1.004145042,0.9969883626,0.9897067081,0.9820793477,0.9747161515,0.966995676,0.9591910944,0.9514375636,0.943243661,0.9350683424,0.9267138759,0.9180715782,0.9093588503,0.900347322,0.8911636713,0.8818861208,0.8722766985,0.862620749,0.8528733655,0.8430338531,0.8332603491,0.8235413188,0.8140187761,0.8048249446,0.7959818914,0.7877175201,0.7801211821,0.7733030023,0.7675548876,0.7629012659,0.7595117983,0.7575415029,0.7572171398,0.7585731891,0.7616807617,0.7665954876,0.7735940932,0.7824740622,0.7932353354,0.8058480855,0.8204256502,0.8366936034,0.8545331292,0.8738117942,0.8945606282,0.9164331903,0.9392767535,0.962931637,0.9872934221,1.012096177,1.037168429,1.062346344,1.087437514,1.11227255,1.136700875,1.160563531,1.183598537,1.205748183,1.226885629,1.246913701,1.265432416,1.282587051,1.298266178,1.312338836,1.324537361,1.334981268,1.3436742,1.35065529,1.355546733,1.358879926,1.360798973,1.362068061,1.346154882,1.300209544,1.236263656,1.165569777,1.099601025,1.040844861,0.992586925,0.9553272237,0.9284740128,0.9090226543,0.8954735997,0.8836374147,0.8715440779,0.8573902243,0.8403991208,0.8200951311,0.7975725749,0.7744670616,0.7528997979,0.7379387646,0.7427073748,0.7468809891,0.7514596839,0.7559160905,0.7602739925,0.7646472645,0.7689856654,0.7731712165,0.7771583197,0.7811128906,0.7849431531,0.7886148685,0.7921961421,0.7956314929,0.798870611,0.8020126908,0.8050062676,0.8078960291,0.8105993223,0.8131387776,0.8155693237,0.8178271253,0.8199469381,0.8219739977,0.8237870544,0.8254629687,0.8270214702,0.8284306742,0.8297050946,0.8308273256,0.8318409464,0.8327713365,0.8334494967,0.83404367,0.8345502431,0.8349531691,0.8352491735,0.8353717234,0.8353714645,0.8352797124,0.8351488745,0.8349612951,0.8346413202,0.8341041305,0.8335008745,0.8329393161,0.8323651571,0.8317540905,0.8307770827,0.8297637661,0.8287918398,0.8279642814,0.8271101284,0.8259216976,0.8245564654,0.8231892466,0.8222123036,0.8212260697,0.8200243368,0.8183590541
2.6,1.116763616,1.111612618,1.10650363,1.100408615,1.092784921,1.085258774,1.076338425,1.06683531,1.057220703,1.046342342,1.035534793,1.024380621,1.012701207,1.001328055,0.9896211077,0.9779967598,0.966708873,0.9553214309,0.9444147827,0.9338187758,0.9234577236,0.9137548568,0.9043607911,0.8954456147,0.8871070769,0.8791455042,0.8717623093,0.8648491704,0.858335384,0.8524120567,0.8468652151,0.8417576389,0.8371296434,0.8328767568,0.8291030298,0.8257669166,0.822849743,0.8205064514,0.8186499321,0.817361914,0.8167213647,0.8167736351,0.8176080314,0.8192644575,0.8217926046,0.8254239042,0.8300891405,0.8358765063,0.8428612905,0.8511892834,0.860810556,0.8717291163,0.8839387795,0.8976014513,0.9125085222,0.9286176947,0.9458619531,0.9642621827,0.983586608,1.003710214,1.024507394,1.045878793,1.067601925,1.08952107,1.111458539,1.133248013,1.154696341,1.175656199,1.196012459,1.215381545,1.233814353,1.251149306,1.267196538,1.281741723,1.294749226,1.306186037,1.316065947,1.32388543,1.330123151,1.334801361,1.338152202,1.342166674,1.317316488,1.271052845,1.21191311,1.15042214,1.089309875,1.033939324,0.9876501899,0.9526426147,0.9276301001,0.9117956405,0.9003297281,0.8898579198,0.8773717316,0.86113924,0.8401703905,0.8156859839,0.7897906608,0.7654267555,0.7487165661,0.7543422014,0.759000901,0.7640993918,0.7690297648,0.7738120039,0.7786956691,0.7835651415,0.7882753015,0.7927341244,0.7971658566,0.8014921989,0.8056913794,0.8098073248,0.8137411105,0.8174530139,0.8210701758,0.8245839749,0.8279940776,0.8311908581,0.8341849613,0.8370685749,0.8397992066,0.8423988207,0.8449009192,0.847127524,0.849205196,0.8511707568,0.8530043019,0.8546894142,0.8561755547,0.8575250752,0.8587797847,0.8598000015,0.8607224597,0.8615270328,0.8621801873,0.8627094914,0.8630689832,0.8632988487,0.8634215654,0.8634402584,0.8633853034,0.863189735,0.8627721326,0.8622699703,0.8617639191,0.8612173988,0.8606226413,0.8596401452,0.8586089768,0.8575984892,0.8566888894,0.8557422848,0.8544373744,0.8529368113,0.8514229448,0.8502588438,0.849094777,0.8476876732,0.8457451585
2.7,1.121454631,1.121475474,1.121112816,1.119239846,1.115227645,1.110641602,1.103960623,1.096009889,1.087273041,1.076400622,1.064927054,1.052416416,1.038693312,1.024617912,1.009630615,0.994244961,0.9788160836,0.9629158801,0.9473378268,0.9319990279,0.9169217922,0.9027643218,0.8892263241,0.8766291263,0.8652193119,0.8549605192,0.8461280963,0.8386740849,0.8325634173,0.8282292218,0.8252736516,0.8237721096,0.8237603877,0.8250891106,0.8277331439,0.8315093928,0.8362302077,0.8420262643,0.8485014024,0.8556087681,0.8633066788,0.8713006024,0.879653821,0.8882099941,0.8968208434,0.9055740499,0.9142735572,0.9229635072,0.9317075154,0.9402850815,0.9489378235,0.957621067,0.9662957645,0.9751859489,0.9841786482,0.9933995448,1.002972612,1.012808285,1.02310697,1.033835435,1.044960115,1.05671637,1.068895895,1.081551653,1.094700835,1.108232891,1.122146544,1.136313844,1.150628024,1.165045851,1.179368398,1.193503676,1.207305501,1.220553761,1.233145998,1.244934032,1.255823737,1.265396173,1.273782579,1.280892253,1.28636425,1.308934994,1.300302309,1.262564771,1.203023007,1.13402305,1.061664926,0.9953967313,0.941633491,0.9039424134,0.8805388126,0.8690721538,0.8628753968,0.8571740325,0.8484850343,0.8351546579,0.816516334,0.7941873808,0.7705777572,0.7489246177,0.7357938732,0.7432127497,0.7490136506,0.7552075458,0.7611247628,0.7667794216,0.7726055094,0.7784107811,0.7840278566,0.7893110679,0.794553577,0.7996965753,0.804732508,0.8096768304,0.8143821716,0.8188243834,0.823162313,0.8274373946,0.8315988569,0.8355070809,0.8391584295,0.8426886373,0.8460846867,0.8493534031,0.8525141078,0.8553208452,0.8579620158,0.8604956394,0.8629183238,0.8651749619,0.8671748601,0.8690042138,0.8707250927,0.8722379581,0.8736381536,0.8748850553,0.875922815,0.8768192323,0.8775567992,0.8781619824,0.8786444233,0.8789432925,0.8791530132,0.8792183729,0.8790652254,0.8788110102,0.8784978941,0.8781127015,0.8776701277,0.8768317067,0.8759350306,0.875034871,0.8741829213,0.8732873452,0.8720207082,0.8705473986,0.8690527357,0.8678526423,0.8666670119,0.8652193268,0.8631772629
2.8,1.096734841,1.103349414,1.110074675,1.115531662,1.118895139,1.121898913,1.122623137,1.121911231,1.12021177,1.115796465,1.110349519,1.103249996,1.094188373,1.083921285,1.071802296,1.058332954,1.043826463,1.027566134,1.010547788,0.9926403574,0.9738674194,0.9547886294,0.9352999925,0.9158206029,0.896701899,0.8779794679,0.8602076552,0.8435394184,0.8281728957,0.8147819082,0.8032517644,0.7938832772,0.7869198295,0.7825561206,0.780795085,0.7815717458,0.7847603335,0.7906237495,0.7985943903,0.8085263494,0.8202634528,0.8334692815,0.847916456,0.863278353,0.8792115978,0.8956929222,0.9122570326,0.9287965398,0.9452581112,0.9611477023,0.9766810169,0.9916718962,1.00592695,1.019594689,1.032462289,1.044649089,1.056314257,1.067047522,1.077350581,1.087145261,1.096345816,1.105335185,1.113890367,1.122227541,1.130557233,1.138568085,1.146694711,1.154823997,1.162849412,1.171109597,1.179255625,1.187391717,1.195565681,1.203405732,1.211100627,1.218432916,1.225221967,1.231439696,1.236868721,1.24153143,1.24539371,1.26380721,1.252318794,1.213050224,1.15340407,1.086619578,1.018735645,0.9585356824,0.9106345728,0.8769345073,0.8548122614,0.8423041199,0.8341262526,0.8268918642,0.8181346328,0.8063550819,0.7905558609,0.771687603,0.7516404782,0.7334383166,0.7239649501,0.7325812514,0.73919868,0.7461422312,0.7527021001,0.758932318,0.7653918313,0.7718398397,0.7780779971,0.783908209,0.7896940001,0.7953968057,0.8010317271,0.8065743467,0.8118327243,0.8167973493,0.8216569329,0.826519002,0.8312662264,0.835729385,0.8398900526,0.8439287395,0.8478685864,0.8516970145,0.8554156695,0.8587048087,0.8618192254,0.864841693,0.8677885796,0.8705585794,0.8730146317,0.8752701486,0.8774097945,0.8793825939,0.8812334827,0.8828976951,0.8842926425,0.8855331684,0.8866370769,0.8876135773,0.8884551919,0.889025255,0.8894948737,0.8898230881,0.8899463011,0.8899548176,0.8898438842,0.8896275009,0.8893467568,0.8886770821,0.8879414523,0.8871751194,0.8863983791,0.8855714142,0.8843730518,0.8829639519,0.8815250137,0.8803137255,0.879130804,0.8776738062,0.8755806207
2.9,1.045722082,1.055307113,1.066206429,1.076789788,1.086086076,1.096039872,1.104287288,1.111645195,1.118444752,1.122801025,1.126258023,1.128030584,1.127704477,1.125796184,1.121602993,1.115494553,1.107617069,1.097079533,1.084798498,1.070574083,1.05439022,1.036387631,1.016703685,0.9956479923,0.9734668581,0.9501053341,0.9261898304,0.9019573955,0.877724637,0.8540170656,0.8311775517,0.8096683772,0.7899564986,0.7726913598,0.7581631656,0.7467358653,0.7386892615,0.7347171277,0.7345098153,0.7380962335,0.7454466636,0.7565167475,0.7707993754,0.7878801152,0.8072370621,0.8288690655,0.8518581554,0.8758863366,0.900737418,0.9256466308,0.950634388,0.9752804902,0.9991199532,1.022272547,1.04417865,1.064881283,1.084523991,1.102165653,1.118587922,1.133526891,1.146681366,1.158542029,1.168685459,1.177448081,1.185221085,1.191138583,1.196282517,1.200452224,1.203435248,1.206030463,1.207679734,1.208798211,1.209776776,1.209858969,1.209937951,1.209737737,1.20899649,1.208447741,1.207453159,1.206400121,1.206291428,1.213599062,1.198106725,1.163672693,1.114935429,1.061663367,1.005927588,0.9540381739,0.9096028148,0.875394589,0.8507544231,0.8356654072,0.8262979679,0.8197163848,0.812940005,0.8033351504,0.7889646863,0.770207694,0.7490067096,0.7288909872,0.7171840507,0.725076078,0.7313417147,0.7379817944,0.7442249943,0.75022643,0.7565453779,0.7629247293,0.7691217273,0.7748676676,0.7806016293,0.7863005474,0.7920068538,0.7976480731,0.8029800904,0.8080089535,0.8129519189,0.818000312,0.8229506286,0.8276021072,0.8319175752,0.8361287605,0.8403010037,0.8443969131,0.8483957022,0.8518948586,0.8552226385,0.8584909285,0.8617402703,0.8648149518,0.8675212887,0.8700041622,0.8723741258,0.874643508,0.876791795,0.8787257327,0.8803312485,0.8817791768,0.8831322015,0.8843772531,0.8854831924,0.8862277738,0.8868698606,0.8873871905,0.8877328448,0.8879598744,0.888008967,0.8879240427,0.8877756197,0.8872758131,0.8867107649,0.8860926651,0.8854108546,0.8846807464,0.8836036906,0.88232945,0.8810245157,0.8798878598,0.8788004463,0.8774455458,0.8754464468
3,0.9973412386,1.001840038,1.00922095,1.017310271,1.024713038,1.034875038,1.04399541,1.053409123,1.063798717,1.072343491,1.081366333,1.08955466,1.096086558,1.102280984,1.10637292,1.108956623,1.110286979,1.108702996,1.105594687,1.100354485,1.092658327,1.082903789,1.070663309,1.056327721,1.040128437,1.021339477,1.000958145,0.9789276279,0.9553720262,0.9306798877,0.9051024285,0.8791311282,0.8531884486,0.8277306993,0.8033733964,0.7806320654,0.7601571607,0.7427763794,0.7289630808,0.7191960649,0.7137924657,0.713773947,0.7185323619,0.7281129555,0.7423865575,0.7610299876,0.7834033021,0.8087891796,0.83652347,0.8662964891,0.897117061,0.9285361321,0.9600315562,0.9910106051,1.021125185,1.050012937,1.077482129,1.102771189,1.126149905,1.147412725,1.166285371,1.182683641,1.19659212,1.208156988,1.217637018,1.224266981,1.229024679,1.231853805,1.232664525,1.231967478,1.229650062,1.226124563,1.221833598,1.216245255,1.210311839,1.203967678,1.197101737,1.190608241,1.184054845,1.17795581,1.174156703,1.171162494,1.15094873,1.118789392,1.075973034,1.029175225,0.9783129019,0.9296442031,0.8876863352,0.8559388789,0.8337651512,0.8206626396,0.8126240268,0.8066653682,0.7996874903,0.7889751014,0.7728486421,0.7519398835,0.7286006761,0.7067944853,0.6938205375,0.701148814,0.7071556964,0.7135643185,0.7195558523,0.7253816067,0.7316241645,0.7380008933,0.7442229023,0.7499432195,0.7556809911,0.7614364887,0.7672845499,0.7730931884,0.778558534,0.7837066363,0.7887858328,0.7940908264,0.7993132639,0.8042171688,0.8087421641,0.8131800907,0.8176527,0.8220914117,0.8264467782,0.8302181525,0.8338222336,0.8374081764,0.8410495355,0.8445205898,0.847559152,0.8503485411,0.8530304317,0.8557052254,0.8582632874,0.8605769897,0.8624932873,0.8642518089,0.8659791734,0.8676316701,0.8691437315,0.8701889419,0.8711352716,0.8719867039,0.8727231143,0.8733425566,0.8737182572,0.873929021,0.8740816902,0.873959555,0.8737784457,0.8735199448,0.8731411844,0.8727214911,0.8720090722,0.8711325359,0.8702311651,0.8694338101,0.8687112089,0.8677499709,0.86617931
3.1,0.992029784,0.9900066363,0.9907507452,0.9922121559,0.9928682072,0.9972040812,1.000827285,1.005516122,1.012599079,1.018410961,1.02636055,1.034763672,1.042209268,1.051650991,1.059645745,1.067275395,1.075409997,1.080778585,1.086139451,1.090114405,1.091489641,1.092394864,1.090326352,1.086229928,1.080963126,1.071605781,1.060951452,1.04799087,1.031851312,1.014556209,0.9943018003,0.9722072501,0.9493181835,0.9236255087,0.8978642665,0.8715986545,0.8446517288,0.8194843471,0.7950327322,0.7727689074,0.7539331038,0.7383824929,0.7277864965,0.7221792262,0.7217358719,0.7277526209,0.739057288,0.7555786873,0.7768168715,0.8023109315,0.8309943615,0.8620672993,0.8948427785,0.9284929906,0.962385968,0.9958949092,1.028470464,1.059530232,1.088770366,1.115959631,1.14087328,1.162841572,1.182185725,1.198800389,1.212671091,1.223332095,1.231321307,1.236726023,1.239623789,1.239884,1.238007865,1.234214549,1.228779994,1.221590901,1.21329104,1.20409529,1.194128963,1.183991358,1.173855587,1.164226637,1.157631027,1.138968016,1.105010605,1.06530537,1.021151885,0.9785520532,0.9361031251,0.8989945236,0.8696284432,0.8486605523,0.833080494,0.8216771522,0.8114215181,0.8010014673,0.7888683699,0.7733391144,0.7533038898,0.7294411727,0.7041818717,0.6815953511,0.6686315404,0.6757750459,0.6816501582,0.6879167217,0.6937347671,0.6994227419,0.7056362371,0.7120501085,0.7183320274,0.7240579149,0.7298246221,0.7356632194,0.7416827642,0.7476855022,0.7533015574,0.7585811935,0.763805072,0.7693777725,0.7748796195,0.7800359344,0.7847589377,0.7894063534,0.7941634219,0.7989279999,0.8036192971,0.8076238507,0.8114605375,0.8153197848,0.8193133356,0.8231352616,0.8264471944,0.829476999,0.8324012574,0.8354197634,0.8383238734,0.8409473521,0.8430917625,0.8450731366,0.8470974142,0.849085414,0.8509288609,0.8521830496,0.8533434303,0.8544443168,0.855499839,0.8564398107,0.8570641759,0.8574883403,0.8578605833,0.8580622884,0.8582135275,0.8582600763,0.858130092,0.857967383,0.8575892067,0.8570949819,0.8565865958,0.8561184146,0.855750754,0.8551920894,0.8540986121
3.2,1.031304108,1.027491184,1.02446272,1.020991253,1.016543689,1.013605166,1.010205454,1.007540038,1.006334062,1.005340949,1.006136313,1.008118295,1.010863988,1.015744986,1.021249694,1.027756275,1.035545675,1.043258888,1.051737214,1.060235767,1.067943403,1.075714141,1.082021215,1.087075921,1.091214428,1.092367045,1.092049904,1.089502782,1.083859438,1.076240262,1.065305287,1.051684996,1.036202658,1.01664648,0.9955416733,0.9723973754,0.9466780785,0.9207162184,0.8932064529,0.8655941093,0.8394961497,0.8135543794,0.7909060597,0.771484441,0.7551815926,0.7455802184,0.7405035675,0.7412701755,0.7488423297,0.7612415949,0.7797488994,0.8027711213,0.8287890681,0.8591718783,0.8907842988,0.9236744727,0.9577476562,0.9905916209,1.023290013,1.054670111,1.083833037,1.111387027,1.136035907,1.158142295,1.177912089,1.193746746,1.207064427,1.217422891,1.224619012,1.228940803,1.230315489,1.229189162,1.225878194,1.219845257,1.212138756,1.202862237,1.192180531,1.180764022,1.168943201,1.157422232,1.149352103,1.113946397,1.062495767,1.012450479,0.9679130819,0.9346932054,0.9081637008,0.889415013,0.8760054323,0.8653495002,0.8534087897,0.8402901722,0.8251329197,0.8086418658,0.7904984215,0.7696875765,0.7452415291,0.7176367821,0.689307903,0.6645587218,0.650116757,0.6569170151,0.6624911249,0.6684787795,0.6740258832,0.6794820538,0.685570876,0.6919229293,0.6981752426,0.7038280603,0.7095489737,0.7153947197,0.7215000287,0.7276162948,0.7333022977,0.7386345823,0.7439234824,0.7496659118,0.7553468475,0.7606523124,0.7654649422,0.7702068083,0.7751192992,0.7800705421,0.7849513768,0.7890341972,0.7929390066,0.7968958342,0.8010549729,0.8050293459,0.8084077124,0.8114625938,0.8144033565,0.8175297054,0.8205353316,0.8232173431,0.8253311278,0.8272633944,0.8293124771,0.8313613763,0.833252328,0.834427282,0.8355093325,0.8365663924,0.8376548312,0.8386239406,0.8392088969,0.8395561338,0.8398543694,0.8401145083,0.8403325426,0.8404198597,0.8402873545,0.840130021,0.8398607088,0.8395407396,0.8392244142,0.8389063805,0.8387156188,0.8384060185,0.8376864742
3.3,1.073089288,1.073734518,1.074082847,1.073013604,1.070377536,1.067342884,1.063164917,1.058641532,1.053926186,1.049191163,1.044818462,1.040938895,1.038025186,1.035934713,1.03516894,1.035636528,1.037110982,1.040341463,1.044453787,1.049572013,1.05563428,1.062023723,1.068753611,1.075300899,1.081397318,1.086470468,1.090332649,1.092710529,1.093037052,1.091189332,1.086747563,1.079710854,1.070411822,1.05736082,1.042020415,1.0241297,1.003311592,0.9807551952,0.9559342214,0.9297827764,0.9033774245,0.8759009063,0.8496103624,0.824691183,0.8014530757,0.7823799955,0.7667608193,0.7558755541,0.7506722626,0.7510090679,0.7575327735,0.7695856017,0.7865401203,0.8089654204,0.8348872539,0.863881933,0.8952398328,0.927959514,0.9614388051,0.9948395833,1.027679465,1.059105551,1.088902081,1.116717785,1.141971647,1.16447831,1.183909597,1.200309754,1.214008815,1.223493519,1.230265253,1.23402753,1.23440787,1.23227064,1.227157974,1.219821924,1.210952586,1.199767167,1.188170861,1.176383648,1.167644403,1.117409919,1.04595345,0.9808661328,0.9315018483,0.9038490828,0.8887485434,0.8826606398,0.879556156,0.8754914691,0.8663930695,0.8530564791,0.835789387,0.8162522172,0.7946349001,0.7705176016,0.7431235021,0.7127814733,0.6820636936,0.6556903545,0.6407992908,0.6477614542,0.6535100657,0.6597217855,0.6655396873,0.6712898779,0.6777644554,0.6845464977,0.6912538805,0.6973365407,0.7035015417,0.7098260231,0.716461879,0.7231178817,0.7293019988,0.7351075655,0.7408603567,0.747125809,0.7533137759,0.7590823003,0.7642913428,0.769398581,0.7746954344,0.7800244462,0.7852525944,0.7895643607,0.7936513684,0.7977780054,0.8021310215,0.8062408335,0.8096531538,0.8126736308,0.8155311148,0.8186136332,0.8215310937,0.8240563786,0.8259074694,0.8275111514,0.8292716019,0.8310350492,0.8325911476,0.8332933991,0.833873465,0.8344338335,0.8350802284,0.8355708755,0.8356028408,0.8353416384,0.8350100657,0.8347729973,0.83448446,0.8340278951,0.8333141712,0.8325663218,0.8318205665,0.8310947307,0.8303904205,0.8296569661,0.8290715216,0.8284591053,0.827608669
3.4,1.061900371,1.068065541,1.075318228,1.081327658,1.085043651,1.089246571,1.09113193,1.092127397,1.092689333,1.091360957,1.089861091,1.087646077,1.084907938,1.082068751,1.079114135,1.076392491,1.073813136,1.071998005,1.07057314,1.069755861,1.069847404,1.070197059,1.071314669,1.072756737,1.074182147,1.075746953,1.076755631,1.077186658,1.076677881,1.074762022,1.071311982,1.066057377,1.059160701,1.049405404,1.037749529,1.023944063,1.007453958,0.9892808964,0.9687170622,0.9464769138,0.9235574926,0.8986115725,0.8739878616,0.8495979293,0.8253836374,0.8040173095,0.7844126601,0.7681005062,0.7564097843,0.7489476534,0.7473969818,0.751301442,0.7604453493,0.7761636039,0.7964839953,0.8213458328,0.8498708115,0.8816882615,0.9154875094,0.9504091829,0.9863862551,1.021367202,1.055991657,1.089339524,1.119937889,1.149192146,1.174877577,1.197568561,1.218256542,1.233430866,1.24636404,1.255929034,1.261026781,1.264032591,1.262862459,1.258943288,1.25339203,1.24405703,1.234214233,1.223580638,1.215348674,1.157202266,1.069706771,0.9878362082,0.9273865794,0.896931159,0.8861195824,0.8889650279,0.8964550697,0.901647224,0.8982080617,0.8860852632,0.8664572692,0.8424980441,0.8155083487,0.7862926903,0.7546053466,0.7208431593,0.6878256721,0.660574543,0.6468502636,0.6545180976,0.6611021034,0.6682388486,0.6750631423,0.6818709675,0.6894818965,0.6974417963,0.7053529968,0.7126431893,0.7200222554,0.727574465,0.7354587598,0.7433490191,0.7507380984,0.7577186574,0.7646093728,0.7720031573,0.7792695976,0.7860592111,0.7922236055,0.7982070185,0.8043291079,0.8104175874,0.8163281247,0.8212104379,0.8257705901,0.830288646,0.8349721507,0.8392885228,0.8427950226,0.8458058622,0.8485441939,0.851430815,0.8540475328,0.8561675373,0.857493337,0.8584328934,0.8594807251,0.8604619196,0.8611266064,0.8608019558,0.8602697033,0.8596542213,0.8591034976,0.8583015127,0.8569633048,0.8552487744,0.8533952896,0.851704084,0.8499144268,0.8479021504,0.8456065601,0.8432329722,0.8409475146,0.8387334215,0.8365491203,0.8343429112,0.8322925608,0.8303131759,0.8282943093
3.5,0.9969476555,1.004295448,1.014623735,1.025201895,1.034106621,1.045467614,1.054601355,1.063174738,1.072357231,1.078197489,1.0843538,1.089248358,1.091710454,1.094535925,1.094979018,1.094371048,1.093726169,1.090573006,1.087660964,1.084089027,1.079353676,1.075310208,1.070390111,1.06547774,1.060955409,1.055797783,1.051036243,1.046123865,1.040992823,1.035656181,1.029837332,1.023568049,1.016390622,1.008535779,0.9994711183,0.9892329039,0.9782764334,0.9651810499,0.9513026922,0.9362700933,0.9195308557,0.9025559435,0.8842909681,0.8656064112,0.847438159,0.8288319428,0.8117530948,0.7961731996,0.782339064,0.7721936552,0.7651839887,0.7622718554,0.7639964463,0.7707591706,0.7825145542,0.7989673995,0.8198147763,0.8450464129,0.8735401927,0.904658492,0.9377485366,0.9721331624,1.007025917,1.041793709,1.075802875,1.108473582,1.139338073,1.168103833,1.194527741,1.217713492,1.238043045,1.255314955,1.269455197,1.279867576,1.287149462,1.29140936,1.292656845,1.291013127,1.287145998,1.281745176,1.278065209,1.222868417,1.126009457,1.027001088,0.9508930936,0.9132793038,0.90560575,0.9188975339,0.9385974229,0.953093825,0.9536915767,0.940269635,0.9148523283,0.8823204539,0.8451926761,0.805942949,0.7657487757,0.7259668073,0.6898363188,0.6623680236,0.6518573565,0.6612033131,0.6695287039,0.6785336791,0.6873393127,0.6962008979,0.7059667236,0.7161388305,0.7263101159,0.7359163611,0.7456336513,0.7555436102,0.7657998217,0.7760571703,0.7858198194,0.7951638701,0.8043809462,0.8140460404,0.8235260164,0.8324819072,0.8407711501,0.8487783834,0.8568179735,0.8647152367,0.8723270781,0.8788295289,0.8848760446,0.8907373256,0.8966177169,0.9019510996,0.9063632618,0.9101464607,0.9134890402,0.916765891,0.9196026396,0.921798494,0.9230675002,0.9237281526,0.9243265801,0.9246886219,0.9245456563,0.9232758059,0.9216309633,0.9197335907,0.9177512578,0.9153280267,0.9122668882,0.9086904251,0.904823107,0.9010366902,0.8970267625,0.8926873889,0.8880186969,0.8831474672,0.8783508395,0.8736003127,0.8688343002,0.8640583557,0.859392493,0.8548493515,0.8504265603
3.6,0.9605225059,0.9602184108,0.9646938444,0.9704702933,0.9750711752,0.9845801199,0.9924047529,1.000910476,1.011641688,1.019380297,1.02876861,1.037512304,1.043993882,1.051687177,1.056775294,1.060795386,1.064748101,1.065436864,1.066021927,1.065262739,1.062492315,1.059666749,1.055030609,1.049618897,1.043911795,1.036727256,1.029489915,1.021717316,1.013467253,1.005067279,0.9963164869,0.9874608288,0.9782356779,0.9690403798,0.9594493567,0.9495527777,0.9397995933,0.9290686011,0.9184285981,0.9074989485,0.8957510419,0.8844373508,0.8724422551,0.8604140822,0.848991282,0.8371860061,0.8265067462,0.8167310607,0.8079087095,0.8014105488,0.7966767258,0.7944728494,0.7951958597,0.7990830235,0.806397473,0.8170135524,0.8310161679,0.8484958166,0.8689732634,0.8921422613,0.9174212276,0.9450002836,0.9737807843,1.00346287,1.033861321,1.063962225,1.093876174,1.123017185,1.150837516,1.17728711,1.201750998,1.224223505,1.244605328,1.261936186,1.276804081,1.28895042,1.298317407,1.304597187,1.308366808,1.310031058,1.311464936,1.269567696,1.172082563,1.061443468,0.9714140581,0.9250801296,0.9161392205,0.933479929,0.9593166223,0.9800693583,0.9857978002,0.9753619943,0.9491645257,0.9118528073,0.866440632,0.8177911908,0.7696032581,0.7248897101,0.6872499202,0.6614401875,0.6567604607,0.6689183434,0.6799505023,0.6918180655,0.7036448347,0.7156110462,0.7286029821,0.7420764671,0.7556321964,0.7687479711,0.7820275821,0.7955418161,0.8094196955,0.8233341152,0.8368093999,0.8498945427,0.86284422,0.8761516076,0.8892379269,0.9017792651,0.9136443731,0.9251318571,0.9365037893,0.9476012766,0.95829505,0.967820226,0.9767357536,0.985275879,0.9936117691,1.001179084,1.007704977,1.013437465,1.018513236,1.02316901,1.02715561,1.030309306,1.032373215,1.033524414,1.034312865,1.034589108,1.034088849,1.032287804,1.029854559,1.026882782,1.023526999,1.019430863,1.014542019,1.008923245,1.002765059,0.9964053783,0.989598682,0.9822778612,0.9745252782,0.9663370056,0.9580588467,0.9496810299,0.9411529541,0.9325852291,0.9239978458,0.9154853517,0.9071354385
3.7,0.9848921611,0.9800453557,0.9797441623,0.9798672064,0.9775628635,0.9806112789,0.9811619068,0.9824959071,0.9866953324,0.9877840371,0.9915764925,0.9954186777,0.9977283509,1.002610567,1.005754696,1.008942788,1.013009828,1.015020448,1.017723338,1.019796123,1.020724775,1.021811689,1.021631864,1.020849263,1.019498279,1.016917374,1.013699094,1.009550768,1.004634298,0.9985609322,0.9917120947,0.9840443881,0.9752799499,0.9659182895,0.9555283817,0.944412434,0.9329130422,0.920350858,0.9076400515,0.8946119156,0.8813085523,0.8683076555,0.8554771354,0.8433023282,0.8319191949,0.8218333887,0.8131535405,0.8061033364,0.8013765282,0.7985370694,0.7984491877,0.8009995375,0.8055147959,0.8138335561,0.824079058,0.8366996875,0.8524835605,0.8692586354,0.8887455518,0.9098733909,0.9314048259,0.9555683027,0.9796010389,1.00423481,1.030087574,1.054730916,1.080094841,1.105018479,1.12873421,1.152459237,1.174518015,1.19544978,1.215231473,1.232705112,1.248617403,1.262441864,1.274226414,1.283373675,1.290456003,1.295634463,1.299783426,1.272514225,1.18268981,1.072162516,0.9780043908,0.9263366253,0.9129852132,0.92855879,0.9571595021,0.9854584645,1.001551145,1.000942092,0.9803545812,0.9436654562,0.8944168945,0.8400992793,0.7867411353,0.7385377365,0.6990833455,0.6729734112,0.6708495943,0.6848973158,0.6979878425,0.7121548279,0.7265215242,0.74119912,0.7570574082,0.7735290026,0.7902301162,0.8066923099,0.8234337379,0.8405074554,0.8580064505,0.8756574568,0.892991365,0.9100259046,0.9269820468,0.9442417611,0.9613064866,0.9778580266,0.9937746807,1.009270702,1.024523616,1.039398508,1.053782644,1.066972377,1.079416598,1.091302504,1.102752197,1.113215388,1.122522677,1.130869839,1.138335498,1.144975264,1.150696795,1.155374335,1.158784657,1.160940549,1.16237276,1.162963917,1.162461727,1.160464668,1.157527893,1.153701594,1.149107962,1.14340842,1.136729962,1.12906127,1.120542755,1.111416082,1.101550912,1.090937034,1.07975244,1.067825537,1.055534996,1.042905552,1.029918099,1.01684003,1.00354405,0.99018389,0.9769120582
3.8,1.011660942,1.012020694,1.014954207,1.017290439,1.017202873,1.019473776,1.019129116,1.018343911,1.018343716,1.0154696,1.01351591,1.01100501,1.007138434,1.004636472,1.0010718,0.9977398019,0.9955044409,0.9924971826,0.9908463597,0.989739991,0.9886044354,0.9891333704,0.9895537739,0.9904522569,0.9922259259,0.9932998284,0.9948469466,0.9960988123,0.9963095281,0.9964327689,0.9950255595,0.992403566,0.9889960453,0.9829036051,0.9757377293,0.9668899205,0.9556186872,0.9434455345,0.9290514551,0.913291645,0.897312481,0.8792464699,0.8618093473,0.8446914788,0.8274059908,0.813119017,0.7999037308,0.7892649485,0.7828361198,0.7785264691,0.7791345685,0.7836005244,0.7906838778,0.8034453741,0.8182014403,0.8357988612,0.8567393944,0.8780261064,0.9016134416,0.9258473263,0.9498056025,0.974670788,0.9985241279,1.021979449,1.044704204,1.066266794,1.086855688,1.10615453,1.12496689,1.141559349,1.157665446,1.172846621,1.185746052,1.199153389,1.2102544,1.220123943,1.23027742,1.236847285,1.243705088,1.249457458,1.253658642,1.24274297,1.168024719,1.068414009,0.9802035172,0.9298501925,0.9153816803,0.9311225975,0.9642291631,1.001197873,1.027868479,1.036735899,1.02193866,0.9875748211,0.9377512461,0.8813661947,0.8250421985,0.7725748242,0.7271727159,0.6937284242,0.6841031974,0.6967095477,0.7093775493,0.7235237915,0.7382329193,0.7536379084,0.7704627922,0.7881602915,0.8063519712,0.8246102112,0.8433810835,0.8626922496,0.8826070074,0.9029203935,0.9231482525,0.943276566,0.9634956627,0.9841086488,1.004663364,1.024840794,1.04452572,1.063863975,1.082937585,1.101626667,1.119828525,1.136900474,1.153166288,1.16876798,1.183779845,1.197655611,1.210314684,1.22189871,1.232420045,1.241764839,1.24997333,1.256957779,1.262524715,1.266516487,1.26943997,1.271201384,1.271554964,1.27023502,1.267664684,1.263842837,1.258852303,1.252373407,1.244722844,1.235806425,1.225703268,1.214536856,1.202304646,1.189061478,1.175084046,1.160017238,1.144245832,1.127832936,1.110802797,1.093598908,1.075923372,1.057969026,1.039929646
3.9,1.003468949,1.012105612,1.021450983,1.030405015,1.039213628,1.046709695,1.053405059,1.058897453,1.06234454,1.064718372,1.064858821,1.063390278,1.060686249,1.055795783,1.050050286,1.043198859,1.03586726,1.02789411,1.020171867,1.013016691,1.005751708,1.000755061,0.9961486162,0.992696603,0.9918040732,0.9905435655,0.9916189394,0.993638911,0.9949043754,0.9984282833,1.000381099,1.00175473,1.003295046,1.001333044,0.9986921379,0.9937766236,0.9856637608,0.9757628399,0.9624502211,0.9467334376,0.9289800537,0.9083026439,0.8863995919,0.8633813981,0.8400349675,0.8172283135,0.7959159885,0.7770913267,0.7616835935,0.7508984593,0.7453067067,0.7452976204,0.7506443308,0.7626751803,0.7793402702,0.8004230386,0.8256350555,0.8529365071,0.882483591,0.9127571529,0.9429092918,0.9725793032,1.000783674,1.02749888,1.051742189,1.074032789,1.09346723,1.110266079,1.125880116,1.137159019,1.147623813,1.156493936,1.162113112,1.168948694,1.173124205,1.176557673,1.181473333,1.183161083,1.18673626,1.190362821,1.193431775,1.197251299,1.139257424,1.055854331,0.9799852383,0.9366574132,0.9249685346,0.9414782961,0.9752817736,1.013690771,1.042942066,1.055733553,1.045967918,1.017454792,0.9733160227,0.9210584761,0.8655271781,0.808625974,0.753637197,0.7066962708,0.6807035043,0.6885276048,0.698272543,0.7099937574,0.7227153409,0.7367415326,0.7524718698,0.7694524578,0.7873167969,0.8056553134,0.8248689099,0.8449434491,0.8659187467,0.8876878426,0.9097364579,0.932023994,0.9547099861,0.9780365531,1.00158482,1.025036114,1.048276109,1.071401709,1.094373384,1.117083604,1.139439989,1.160865667,1.181540137,1.201551549,1.220920919,1.239113926,1.256116034,1.272009689,1.286732849,1.300001492,1.311973576,1.322594448,1.331692707,1.338939573,1.344799424,1.349197566,1.351893063,1.352751656,1.35205606,1.349744517,1.345849238,1.34007361,1.332918442,1.324204526,1.313946999,1.302115877,1.28886144,1.274299838,1.258796423,1.241813832,1.223718466,1.204617418,1.184587328,1.164224575,1.143081905,1.121367505,1.09928597
4,0.9614048602,0.9703321558,0.981422723,0.9935660359,1.00679842,1.020345497,1.034075795,1.047524493,1.059620681,1.071103324,1.0804616,1.088040609,1.094123068,1.097068493,1.098401335,1.097554251,1.094817057,1.090123919,1.084066725,1.077163278,1.068808483,1.06115677,1.05285325,1.044733185,1.038766433,1.031715835,1.027251217,1.02411939,1.020132671,1.020204717,1.018947441,1.017993655,1.019077067,1.01631716,1.014574549,1.011150108,1.004066608,0.9967285166,0.9850148867,0.9707133687,0.9543316222,0.9333783276,0.9106565164,0.8853861377,0.8585889028,0.8303255788,0.8022514864,0.7754580783,0.749820639,0.7295129891,0.7130891254,0.7025644892,0.7001323547,0.7039322371,0.7162322171,0.735247769,0.759483978,0.7900155297,0.823292365,0.8589638461,0.8956246857,0.9321769451,0.9675503132,1.000852372,1.032483042,1.05951386,1.084041607,1.105299323,1.121722236,1.136224349,1.146188884,1.153180443,1.159243364,1.160441565,1.161663679,1.161682548,1.159448331,1.159214501,1.157724953,1.157049657,1.160074833,1.167564708,1.116746882,1.041774876,0.9734399433,0.9351141952,0.9252034355,0.9403637151,0.9707556432,1.005595185,1.033097948,1.047516097,1.04335152,1.023076248,0.9881645542,0.9438626589,0.8930788063,0.8356048167,0.7746381515,0.7167311932,0.6745921387,0.6766877964,0.6825041439,0.6905833636,0.6999280483,0.7111144391,0.7241139709,0.7386623569,0.7544620038,0.7711055161,0.7889986795,0.8080795173,0.8283676394,0.8499163377,0.8721935193,0.895151401,0.9189284208,0.9436725095,0.9690561404,0.9947637571,1.020674833,1.046856559,1.073115183,1.099366948,1.125535268,1.151105226,1.176104688,1.20055343,1.224406674,1.247161948,1.268842382,1.289465628,1.308893886,1.326659357,1.343036978,1.357992072,1.371365753,1.382664707,1.392290841,1.400188202,1.406118767,1.410064214,1.412169416,1.412308693,1.410454539,1.406337762,1.400628755,1.393068153,1.383612745,1.37204909,1.358705709,1.343752764,1.327628832,1.309630901,1.290089138,1.269160905,1.2469791,1.224263159,1.200454338,1.175750057,1.150332713
4.1,0.9295417356,0.9309763241,0.9348423999,0.9412512402,0.9499300558,0.961345548,0.9744949302,0.9889900158,1.005139221,1.020859934,1.037107895,1.052968221,1.066682191,1.08046449,1.091347516,1.100133316,1.108347573,1.111700278,1.114424223,1.115081698,1.112191615,1.109746264,1.104307233,1.097883112,1.09202094,1.083763144,1.076787502,1.069901392,1.06266694,1.05731433,1.05178137,1.046959351,1.042838979,1.038315177,1.033829608,1.028542114,1.022216552,1.01399034,1.003810783,0.9913829001,0.976089117,0.9579726367,0.9367609331,0.9127886432,0.8866668333,0.8575645456,0.8273687982,0.7964952951,0.7655722297,0.7367819457,0.710711119,0.6891306041,0.6737924253,0.6659808941,0.6667218664,0.6760145022,0.6933410339,0.7191632632,0.750801684,0.7871394069,0.8266142079,0.8678588718,0.9092871235,0.9496885156,0.9887379109,1.024018521,1.056486748,1.085426551,1.109535563,1.130310682,1.146178685,1.158118888,1.167695801,1.171755431,1.174336447,1.174744122,1.172149064,1.170343892,1.166936657,1.163974615,1.165325712,1.172641561,1.117438059,1.035220096,0.9586301248,0.913606491,0.8997868274,0.9142584804,0.9463937906,0.9834152896,1.0120007,1.026033176,1.022339803,1.005151045,0.9781139846,0.9458834275,0.9087770721,0.8622281235,0.8065727653,0.7464969766,0.6935923241,0.6907247369,0.6926741889,0.6967394948,0.701927364,0.7091187495,0.7178192748,0.7280385356,0.7396379422,0.7521513552,0.7661149122,0.7814181279,0.7980556496,0.8163559373,0.8357727183,0.8563156554,0.8781528642,0.901257045,0.9255348674,0.9506665983,0.9765129923,1.003180176,1.030272156,1.057761246,1.085606043,1.113309665,1.140793141,1.16798704,1.194763176,1.220696793,1.245784089,1.269990804,1.293116995,1.314496297,1.334524994,1.353163917,1.370248313,1.385164555,1.398216748,1.409371106,1.418393637,1.425354161,1.430279821,1.432975701,1.433346802,1.431173651,1.427251885,1.421255827,1.413095733,1.402365012,1.389576438,1.374941549,1.358950969,1.340778779,1.32068838,1.298891323,1.275581343,1.251564797,1.226210379,1.199680381,1.172106851
4.2,0.9360461393,0.9279426373,0.9220603872,0.9184718875,0.9172466143,0.919640208,0.9247548761,0.9325787895,0.9437911141,0.9563943516,0.9714572923,0.9880075719,1.003701789,1.021773544,1.037841448,1.052760845,1.068647037,1.079202805,1.090106115,1.099005649,1.103231224,1.108726076,1.109659699,1.108839518,1.108467418,1.103367207,1.099344316,1.09431536,1.087659091,1.082600976,1.076427707,1.070781511,1.065472424,1.060193539,1.055021514,1.04934596,1.043964454,1.036320431,1.02817255,1.018496957,1.005514597,0.9917304394,0.9740731328,0.9537206774,0.931946816,0.9052227382,0.8775026875,0.847837929,0.8160304983,0.7852070248,0.7543859799,0.725934594,0.7016065827,0.6825440637,0.670858862,0.6672200651,0.6724919543,0.6872949674,0.7103882102,0.74051315,0.7758458857,0.8158259103,0.8575761279,0.9000562892,0.9422591045,0.9821036652,1.019600284,1.053799443,1.084246524,1.110092473,1.131714746,1.149225697,1.162620754,1.171812366,1.177579632,1.180487594,1.181076779,1.179659035,1.17743223,1.175101364,1.175893466,1.186739163,1.125116431,1.027068474,0.9311763147,0.8703878409,0.8486913967,0.8646612014,0.9045507752,0.949379922,0.9810441988,0.9920650318,0.9838786337,0.9662306721,0.9475906494,0.9324136575,0.9166251118,0.8891534442,0.8460261708,0.7897585512,0.7314671518,0.7253835764,0.724607962,0.7255091231,0.7270066544,0.7303668979,0.7344988033,0.73972882,0.7461800536,0.7530879773,0.7613742706,0.7708182534,0.7813182044,0.7937132272,0.8073016626,0.8223045022,0.8390461712,0.8571223444,0.8769778795,0.8982493791,0.9207299644,0.944790844,0.9696903926,0.9955481484,1.022426736,1.049696354,1.077349995,1.105163561,1.132880796,1.160292584,1.187202926,1.213576963,1.239195463,1.263137605,1.285962093,1.30756711,1.327740074,1.345858209,1.362040062,1.37629045,1.388392721,1.398419611,1.406346303,1.411892843,1.414887357,1.415187682,1.413629727,1.40985309,1.403735767,1.394679687,1.383370263,1.370036489,1.355189714,1.337929065,1.318443833,1.296991705,1.273812587,1.2497533,1.224156199,1.197137287,1.168773214
4.3,0.9502757907,0.9361635834,0.9237484699,0.9129407946,0.9032525767,0.8979267035,0.8947492421,0.8947283197,0.8994604436,0.9058516414,0.916562513,0.9300382738,0.9437943671,0.9619195689,0.9790585607,0.9963335219,1.015445555,1.03033803,1.046040599,1.060044743,1.070048876,1.080711861,1.087137747,1.091593868,1.09564821,1.095254984,1.094980458,1.093320436,1.089872074,1.087215273,1.083427118,1.079855333,1.076738601,1.073450433,1.070641855,1.067735445,1.064867102,1.061106537,1.05664908,1.0509911,1.043163703,1.03361719,1.02110171,1.005810539,0.9882305387,0.9662212526,0.9419382744,0.9150268435,0.885144837,0.854511979,0.8225547711,0.7910886296,0.7622696458,0.7359726325,0.7156696696,0.7020360406,0.6956032436,0.6995862795,0.7116407387,0.7318106898,0.7593724125,0.7921905717,0.8290448343,0.8680183388,0.9073068179,0.9463342117,0.983225967,1.017529525,1.049128932,1.075845906,1.099136675,1.118463764,1.13350169,1.144872477,1.152529426,1.157362392,1.159909094,1.160228154,1.15972068,1.158951069,1.16102618,1.181427262,1.126869726,1.02817518,0.9244750202,0.8493041029,0.8102379549,0.814230692,0.8525202785,0.9034624489,0.9417068842,0.954019247,0.9422260782,0.9210236837,0.9048737826,0.9013521602,0.9036995013,0.8950775853,0.8670854158,0.8199651912,0.7651408584,0.7589935996,0.7581555309,0.7584627699,0.75852047,0.7602774897,0.7617555551,0.7636445721,0.7664757621,0.7686464441,0.7719252163,0.7757967772,0.7798493487,0.7858494425,0.7924833886,0.8004341925,0.810411978,0.8211432743,0.8342079806,0.8490622747,0.8652869881,0.8840508002,0.9038907747,0.9253075093,0.9486497338,0.9727683795,0.9981999945,1.02439733,1.050864083,1.077962529,1.104941835,1.131900934,1.158702318,1.183975194,1.208621014,1.232346016,1.254827383,1.275626355,1.294496201,1.311539298,1.326574402,1.339564114,1.350511461,1.359026765,1.364878263,1.367975602,1.369155159,1.368049931,1.364467232,1.357716515,1.348548682,1.337223089,1.324310303,1.308713462,1.290717556,1.27055967,1.248406859,1.225330367,1.200475857,1.173982347,1.145981539
4.4,0.9591583976,0.9416596254,0.9253478594,0.9097261443,0.893702447,0.882395632,0.8722523129,0.8653523675,0.8641000792,0.8646123323,0.8710079639,0.8812777193,0.8932123873,0.9110235664,0.929159654,0.9487494472,0.9704912519,0.9897415462,1.009630179,1.027933604,1.043341163,1.05768287,1.06855532,1.077099385,1.083683152,1.086933467,1.088733108,1.088846087,1.087621249,1.085793841,1.083544555,1.081395918,1.079747383,1.078576691,1.078198935,1.078457256,1.078867332,1.079752466,1.079991238,1.079346819,1.0777155,1.073265045,1.066685226,1.057155331,1.044064371,1.027280493,1.006598489,0.9825065789,0.955163309,0.9247428007,0.8924605626,0.8592135399,0.8268343754,0.7958264465,0.7690331659,0.7477163018,0.7324255584,0.7272005613,0.7298463803,0.7410123963,0.7610034234,0.786619626,0.8180181375,0.8525806611,0.8878059408,0.9243978497,0.9587860979,0.9910331981,1.020954142,1.045775135,1.06732629,1.084689896,1.097962594,1.107052199,1.112704037,1.115690908,1.115881008,1.115080866,1.113121739,1.111193673,1.11309703,1.146429268,1.121505425,1.0528327,0.9644865871,0.8817100165,0.8158156979,0.7889574541,0.8085970589,0.8572461392,0.9005950746,0.9154716007,0.8999622352,0.8718491052,0.8505909232,0.8486536049,0.8596545017,0.8645527238,0.8519612225,0.8198125341,0.7802040888,0.7780342682,0.7804245948,0.7834251818,0.7854328666,0.7886834458,0.79074988,0.7924565329,0.794620057,0.7949769153,0.7958627539,0.7965432828,0.7962780623,0.7975377704,0.7984666399,0.8001523481,0.8036993536,0.8068116467,0.8123767021,0.8196695491,0.8279870346,0.8395867123,0.8521294831,0.86668511,0.8840784962,0.9023357925,0.9230205677,0.9451219801,0.9678077722,0.9924057292,1.017256146,1.042752683,1.068935163,1.093786734,1.118747646,1.143190406,1.166682102,1.189049035,1.20959812,1.22856943,1.245729175,1.261050599,1.274410546,1.285359892,1.293791746,1.299267759,1.302969922,1.304420995,1.303090801,1.298818507,1.291795436,1.282522597,1.271957043,1.258018466,1.241924553,1.223576369,1.202619958,1.181342769,1.157718956,1.13228971,1.105732484
4.5,0.9952938465,0.9793995665,0.9638348272,0.947273283,0.9273352098,0.9115712621,0.894091667,0.8783349262,0.8682615294,0.8575843993,0.8540544119,0.8549876134,0.8579909681,0.8699223248,0.8833204292,0.9003502504,0.9217991087,0.9423117449,0.9652725236,0.9877676803,1.008356126,1.028465213,1.04544061,1.060129805,1.072478864,1.081215756,1.08772207,1.091849991,1.093886334,1.094310588,1.093587569,1.092224862,1.090974134,1.089570964,1.088993227,1.089160362,1.089490901,1.091183532,1.092549668,1.093697807,1.094674651,1.09329925,1.090478529,1.085059945,1.076388032,1.064099341,1.047867283,1.028012836,1.004342609,0.9770892759,0.9470145567,0.9149955753,0.8827101915,0.8502349746,0.820553485,0.7948029374,0.7738711305,0.7616295543,0.7568307613,0.7605005252,0.77318056,0.7927366432,0.8188910915,0.849283646,0.8813441337,0.9155150961,0.9480223116,0.9786087161,1.00705971,1.030073966,1.049670597,1.064743189,1.075088927,1.081091367,1.083060703,1.082102937,1.078303337,1.073309206,1.067441222,1.061770115,1.060680332,1.097700542,1.102510199,1.067252812,0.9986235349,0.917623289,0.837649228,0.7849598893,0.7772988619,0.808329291,0.8456088747,0.8613564596,0.8478515714,0.8201781759,0.7939709432,0.784746944,0.7924576181,0.8034925217,0.8058427942,0.7936469805,0.7780329017,0.7835793511,0.7913267493,0.7991303593,0.806362699,0.8127003377,0.8181596654,0.8225280297,0.8258356722,0.8278615817,0.8287464534,0.828639491,0.8274337,0.825648225,0.8234132876,0.8211004941,0.8192369438,0.8167527735,0.8154607853,0.815399923,0.8163253169,0.8195295767,0.8238844787,0.8302190859,0.8392953867,0.8499214183,0.8632754738,0.8785980435,0.8951775181,0.9142688981,0.9344385042,0.9559298806,0.9787379662,1.00098861,1.023903408,1.046835556,1.069412849,1.091268068,1.11173812,1.13097292,1.14860007,1.164874083,1.179253847,1.191387522,1.201328032,1.208162797,1.213511118,1.216733913,1.217007986,1.214698512,1.209444068,1.201992127,1.193563274,1.181345492,1.167284614,1.150999733,1.13177246,1.112721482,1.091033806,1.067522133,1.043204101
4.6,1.055098197,1.046289246,1.036852965,1.024888789,1.007313732,0.9918551384,0.9718168363,0.9508266492,0.9333431253,0.9116568443,0.8955530265,0.8823182867,0.869742363,0.8669227831,0.8658609088,0.8701443932,0.881317952,0.8939080017,0.912009099,0.9321660688,0.9529665602,0.9756931167,0.997130272,1.017789295,1.036823128,1.053383249,1.06758219,1.079243975,1.088613398,1.095072822,1.099653636,1.102368142,1.104019002,1.104090601,1.10393747,1.103705282,1.102560357,1.102821725,1.102258143,1.101583018,1.101553568,1.09916827,1.096519524,1.092001766,1.08483852,1.075282075,1.062261754,1.046293048,1.026752071,1.004085861,0.9783803487,0.9503822407,0.9219657802,0.8919077587,0.8639790945,0.8387034053,0.8166251529,0.8021762732,0.7937362953,0.7930236115,0.8008143215,0.8155889243,0.837309865,0.8638111621,0.8929560625,0.9246933948,0.9556252391,0.9851355582,1.012660279,1.035227154,1.054171753,1.068498493,1.077785126,1.082271165,1.082183347,1.078518709,1.071708596,1.062644499,1.052540972,1.042318299,1.03661938,1.053864693,1.061173242,1.042045704,0.9928535807,0.9304668034,0.8610866932,0.8007079829,0.7674005702,0.7699599867,0.7916201774,0.8070966815,0.7993370697,0.7749768511,0.7409324347,0.7161899458,0.7113305542,0.7229716203,0.7389198114,0.7480574402,0.7590714185,0.7733675812,0.7871289377,0.8004291857,0.8135695899,0.8238593549,0.8336125524,0.8416465611,0.8473506102,0.8522548383,0.8545968511,0.8552967114,0.8547494544,0.8517872471,0.8482092622,0.8437296817,0.8383232504,0.8319560783,0.8253859671,0.8193067361,0.8138637343,0.8092865628,0.8056989023,0.8036096226,0.8036850956,0.8056221582,0.8101670502,0.8169569731,0.8254486632,0.8368749386,0.8501290019,0.8653114043,0.8825402002,0.8999933173,0.9188278455,0.9383612124,0.9580862898,0.9779230196,0.9968106685,1.01493102,1.032096676,1.048137339,1.062789751,1.075569885,1.086271538,1.094499635,1.101277514,1.106178838,1.108632986,1.108318398,1.105529941,1.100771501,1.094867068,1.085842454,1.074826316,1.061728589,1.04617931,1.030323191,1.012326104,0.9925907688,0.9716958347
4.7,1.087962908,1.0874106,1.086037767,1.081775944,1.071820642,1.062117245,1.046987307,1.029263734,1.012396275,0.9896537674,0.9693367649,0.9492305887,0.9279937779,0.9128754155,0.898514245,0.8884912801,0.8840161484,0.8830412656,0.8878967786,0.8965475777,0.9095051461,0.9251318001,0.9433906308,0.9633756588,0.9822758249,1.003327867,1.021878858,1.039090026,1.056326704,1.068870755,1.08108368,1.091010723,1.098399531,1.104772953,1.10905263,1.112475319,1.11420973,1.11586833,1.11608695,1.115333692,1.115029278,1.111567318,1.108097375,1.102915967,1.094861323,1.085589718,1.072840195,1.057684644,1.039822815,1.018805796,0.9954756517,0.9700855754,0.9441434617,0.9169396874,0.8913998125,0.8680800548,0.8478771212,0.8338918795,0.825618904,0.8245163836,0.8303789869,0.8441710455,0.8638142181,0.8881132519,0.9166228445,0.946060321,0.9764235127,1.005730691,1.032017324,1.055620036,1.074359578,1.088666379,1.098491681,1.102121892,1.10141892,1.096246833,1.087578778,1.075290801,1.061559416,1.047275349,1.03645729,1.019691086,1.006108509,0.9899830982,0.9615196658,0.9289842101,0.8855931954,0.8340637699,0.7874575676,0.7624427366,0.7599697251,0.7651964429,0.7565502363,0.7336374375,0.6939669285,0.6546897381,0.6329416932,0.6380618743,0.6615517744,0.6884366132,0.7237964463,0.7455878577,0.7645462262,0.7826719526,0.800801429,0.8149082988,0.8286176852,0.8401792266,0.8487520709,0.8566339996,0.8611644509,0.8636213954,0.8645088395,0.8619910179,0.8584941772,0.8534540305,0.8466411661,0.8381096756,0.8284144999,0.8184562206,0.8083769308,0.7981339469,0.7881457057,0.7788803802,0.7711617858,0.7647477231,0.7607182982,0.7588134321,0.7583859153,0.7614791326,0.7666112928,0.7741263734,0.7846700458,0.7957647239,0.809342857,0.8243962449,0.8399681961,0.8571737908,0.8737214792,0.8901578731,0.9067988166,0.9222206851,0.9372658909,0.9509835027,0.962616698,0.9730456966,0.981868862,0.9891894979,0.994948745,0.9975359194,0.9984783518,0.997715312,0.9954672168,0.9911405672,0.9845189238,0.9760075852,0.9656778277,0.9542815922,0.9413093828,0.9266219672,0.910353219
4.8,1.075817455,1.080288794,1.08404526,1.085594973,1.082851352,1.079572539,1.071851273,1.061413433,1.050820144,1.034612168,1.0191594,1.002721739,0.9838800213,0.9685734464,0.9523011457,0.9381340615,0.9275643148,0.9184483412,0.9138857993,0.9123287553,0.9145185094,0.9200088605,0.9287164371,0.9403487002,0.9524049566,0.9684241005,0.9836788477,0.9992704367,1.016682149,1.030840012,1.046143512,1.060222655,1.072465125,1.084568285,1.094715845,1.104110734,1.111623903,1.118592077,1.123498212,1.126679551,1.129566279,1.1281859,1.126027147,1.121292469,1.113090689,1.102789612,1.088684926,1.071969998,1.051883872,1.029340206,1.004110782,0.9769806571,0.9503227658,0.9218451155,0.8961935936,0.8731773724,0.8532973023,0.8407454126,0.8338054579,0.8344840103,0.8417842421,0.8577448213,0.8789640331,0.9044686932,0.9355147234,0.9652180596,0.9972527581,1.028199964,1.054395482,1.080241876,1.099428247,1.114231357,1.125187441,1.128291648,1.127539252,1.121509705,1.111803916,1.097365418,1.08127606,1.064393918,1.050028525,1.002535168,0.9577159343,0.9316040716,0.9151800094,0.9089115517,0.8942265963,0.8628553062,0.8193565627,0.7769476437,0.7473896207,0.7323048115,0.7168648241,0.6980793974,0.6617572823,0.6148620955,0.5737945114,0.5610215307,0.579359925,0.6142614653,0.6664445008,0.6931265026,0.7158120875,0.7376168589,0.7595496987,0.7772479265,0.7946116715,0.8097313227,0.8217993378,0.833169988,0.840985877,0.8465464754,0.8502511098,0.8502021837,0.8488325275,0.8455323222,0.8399925201,0.8319403568,0.8220872298,0.8113107198,0.7996373092,0.7869489142,0.773585914,0.7600328334,0.7472326256,0.7347816398,0.7241566143,0.7150806081,0.7067306386,0.7020874577,0.6992050108,0.6988063878,0.7022391388,0.7061729909,0.7137222853,0.7235019727,0.7339861488,0.7479770971,0.7615561309,0.7758288127,0.7917774634,0.8062515547,0.8216973501,0.8364673604,0.8491072427,0.8621452073,0.8733151691,0.8834010279,0.8929164198,0.8988100588,0.9039535467,0.9075726079,0.9093450887,0.9099993756,0.9080193674,0.9042991375,0.8991946579,0.8923538176,0.8842358756,0.8743146768,0.8625776486
4.9,1.05564453,1.059681944,1.064721004,1.067782537,1.066768789,1.066323082,1.06173475,1.055423568,1.048477378,1.038067754,1.027754613,1.016507635,1.004795399,0.9938262545,0.9833513175,0.9742142268,0.9664930729,0.9608769185,0.9571852113,0.9554812545,0.9557690647,0.9580002768,0.9617880032,0.9668548503,0.9729804048,0.9798409641,0.9872066095,0.9949617668,1.002909916,1.011075172,1.019461156,1.028027339,1.037233652,1.046383179,1.056218789,1.066518274,1.076299542,1.087041692,1.096632756,1.105401273,1.113714495,1.118724528,1.122184487,1.122616416,1.119603009,1.112601674,1.101520995,1.086743454,1.067290061,1.044740155,1.018336498,0.9893716802,0.9603870546,0.9290671828,0.9006575064,0.8752260297,0.8530664089,0.8399662636,0.8330728335,0.8349339446,0.8453798506,0.86434873,0.8900013973,0.9201358239,0.9553632552,0.9894554417,1.024927857,1.058683619,1.086829839,1.113594621,1.132770299,1.146684694,1.156013856,1.156637876,1.152929039,1.143529724,1.130317426,1.11220335,1.092682339,1.072760407,1.056285781,0.9909975141,0.917891748,0.8729003022,0.8551464028,0.8628503428,0.8708953575,0.8644337865,0.8393679311,0.7989168436,0.7554041562,0.7222657837,0.6977841265,0.6815046031,0.6508106067,0.5999591905,0.5392338536,0.4982546121,0.4957723644,0.5258912464,0.5868829212,0.6164226348,0.6422266146,0.6673750786,0.6925639799,0.7144674579,0.7357824245,0.7550517718,0.7718012844,0.7875784687,0.8001698584,0.8104714272,0.8186238959,0.8231956534,0.8261071449,0.8269424069,0.8252954472,0.8204578998,0.8133957796,0.8048581409,0.7949130462,0.7830396163,0.7697237797,0.7553633756,0.7406475406,0.7255993906,0.711315722,0.6976427333,0.6839462614,0.6729937413,0.6633968957,0.6558737872,0.6519781045,0.6486505518,0.64922585,0.6524717527,0.6567871396,0.6657088266,0.6747948331,0.6853722649,0.6987566583,0.7109402002,0.725205321,0.7395013257,0.751992731,0.7660847824,0.7784088714,0.7900916057,0.8018937621,0.8101856589,0.8183073479,0.8250750503,0.8300200213,0.8343263163,0.8360083948,0.8361108688,0.834969697,0.8320229208,0.8277568946,0.8216665344,0.8139273077
5,1.045746165,1.048647147,1.055069951,1.059442698,1.058472714,1.060327938,1.056717667,1.051948409,1.046448158,1.037861399,1.029286075,1.019485074,1.011100654,1.001238573,0.9938845344,0.9883062381,0.9822565377,0.9817643576,0.9810512322,0.982462974,0.9868019796,0.9903557631,0.9957784768,1.000770904,1.005643284,1.009019266,1.011567586,1.01321597,1.012345229,1.012311832,1.010469965,1.008664918,1.008685611,1.008193099,1.010704431,1.015117523,1.021406406,1.03099454,1.042112906,1.054944417,1.068379222,1.081936793,1.094156718,1.104237938,1.111770305,1.11421089,1.112460048,1.105562592,1.093273258,1.074934951,1.051575693,1.024022997,0.9927904468,0.9596933672,0.9262601046,0.8947738252,0.8674592785,0.8472775382,0.8356922593,0.8340060783,0.8429845169,0.8626415673,0.8909321584,0.9254800613,0.9645268455,1.004719202,1.044554063,1.081858656,1.114226385,1.141332554,1.161235601,1.174332579,1.180850861,1.178648538,1.170546656,1.156677394,1.138079826,1.11567444,1.091623195,1.067691409,1.05042946,0.9764382989,0.8881575807,0.8310976483,0.8086878669,0.8195403217,0.839182178,0.8528770176,0.8507152165,0.8251834181,0.7827482169,0.7406625455,0.708045097,0.6888160752,0.6581326286,0.6024054216,0.5259112171,0.4565676651,0.4240634995,0.4383959224,0.5004969202,0.5310552731,0.5590643015,0.5867639921,0.6142362955,0.6400609459,0.6647620664,0.687770741,0.7090956553,0.7290733802,0.7465384359,0.761756358,0.7746211817,0.7843073691,0.7921283852,0.7979374812,0.8011054876,0.8007332774,0.7978213841,0.7930520991,0.7867939312,0.777598749,0.7665943378,0.7539128386,0.7395940468,0.7249359377,0.7096841353,0.6940612333,0.6781042787,0.6629105709,0.6489362828,0.6362980265,0.6259095855,0.6166259177,0.6102704538,0.6065127786,0.6045209989,0.6066274125,0.6099656181,0.6153730074,0.623832884,0.6324089667,0.6434723647,0.6553207795,0.6663594248,0.6793743351,0.6914623819,0.7034052618,0.7157579255,0.725616392,0.7354901484,0.744318528,0.7518479781,0.7588437068,0.7636543222,0.7670860728,0.7693789114,0.770215265,0.7695815425,0.7672588117,0.76353802
5.1,1.028990659,1.034373673,1.044553298,1.053355517,1.057017861,1.064303879,1.065720556,1.065585879,1.064524196,1.058632141,1.052055796,1.043022257,1.033667043,1.022176095,1.011847649,1.002761787,0.9931379601,0.9891301182,0.9855897795,0.9850015477,0.9886651911,0.9922918173,0.9990609469,1.006047384,1.012977318,1.018817078,1.023052331,1.025657885,1.024597195,1.022796214,1.017586438,1.010791167,1.0044818,0.9961004302,0.9901817979,0.9859403856,0.9841535518,0.9869889162,0.9933079049,1.003770724,1.01715406,1.034028377,1.05174937,1.069415611,1.086301037,1.099078747,1.108211875,1.111978802,1.109902218,1.10015996,1.083958021,1.0616914,1.032983832,1.00031968,0.9642229648,0.9276030002,0.8934623645,0.8638991405,0.8428323788,0.8318098017,0.8332399885,0.8473952582,0.8733057596,0.9084166301,0.9487414519,0.994188111,1.03863316,1.08083262,1.119623255,1.150072805,1.174150195,1.190138862,1.197782614,1.19637671,1.187343953,1.17200243,1.150398084,1.125390883,1.097785256,1.07025264,1.05212835,0.9684776497,0.8739233424,0.8162463102,0.7937427073,0.8036994301,0.8243046308,0.8447788806,0.8554657531,0.8440104656,0.8106674225,0.7697307995,0.7325922182,0.7055061681,0.6685029086,0.608928789,0.527616944,0.4435951595,0.3846230108,0.3738655923,0.4237430529,0.4520679044,0.4796268589,0.5074657001,0.5351528025,0.5628644514,0.589117657,0.6141723199,0.6384094864,0.6613548242,0.6825026437,0.7015966014,0.7183932815,0.7324616206,0.7448095061,0.7554176617,0.7633441304,0.7677335845,0.7694074803,0.7691005066,0.767554793,0.7622506713,0.7550539997,0.7457775563,0.73379357,0.7218244985,0.7080610669,0.6931240317,0.6777369707,0.6610924404,0.6456474825,0.6307438852,0.6163702119,0.6035619283,0.5921239654,0.582777183,0.5757284205,0.5712800987,0.5690112939,0.5689894794,0.5716030395,0.5759421618,0.5826901036,0.5909157448,0.5995333911,0.6101308927,0.6209682692,0.6321505124,0.6439728102,0.6546005419,0.6653677703,0.6754896773,0.6848794403,0.6939892166,0.7013227001,0.7074534157,0.7128204756,0.7168240381,0.719408273,0.7205047323,0.7201355685
5.2,0.985684127,0.9954632849,1.010532384,1.025625554,1.03718328,1.052567103,1.062939098,1.071374689,1.078981165,1.07967645,1.078833958,1.074102081,1.065190942,1.054314413,1.040641175,1.02605614,1.011805057,0.9983513471,0.9875163968,0.9800055448,0.9755029943,0.976356572,0.9802041935,0.9867468183,0.9971529849,1.006272051,1.016966359,1.026744863,1.032451434,1.038215402,1.038719188,1.036342585,1.031963264,1.023105816,1.013629734,1.00278507,0.9937238337,0.9848860961,0.9804742463,0.980779821,0.9823391232,0.993950119,1.006260977,1.02132888,1.041929476,1.056576655,1.0732034,1.086112792,1.091490568,1.09417478,1.087378945,1.0741813,1.054972168,1.027133155,0.9951568646,0.9594328771,0.9230071181,0.8880067691,0.8587505216,0.8380495136,0.828172437,0.8333026372,0.8513474683,0.8812729845,0.920594611,0.9664015822,1.014622018,1.062355715,1.106636005,1.145219591,1.176360375,1.199203821,1.214528189,1.217770985,1.213619365,1.201854571,1.181187075,1.157322936,1.128406887,1.098759415,1.079795181,0.9793161458,0.8713011797,0.8124315881,0.7942618903,0.8075389351,0.82639038,0.8422749487,0.8525831844,0.8488407668,0.827448834,0.7956214309,0.7605850799,0.7280297613,0.6850488973,0.6239726008,0.5448260934,0.4576477063,0.3823386822,0.3444263214,0.3685857067,0.3909042759,0.414494554,0.4393267009,0.4647558359,0.4915729957,0.5170479524,0.5419434919,0.5668168074,0.5911025693,0.6142835307,0.6357709008,0.6552362414,0.6724840961,0.6885290487,0.7032780625,0.7154950353,0.7243567222,0.730530825,0.734854867,0.7383470768,0.7376784131,0.7351009408,0.7302182373,0.7220135416,0.7141603451,0.7037466572,0.6916034392,0.6788062392,0.6633719306,0.6490081868,0.6345160291,0.6192373164,0.6054552902,0.5917003073,0.579342303,0.5692561446,0.5602732203,0.5537464218,0.5492060958,0.5466399441,0.5466480188,0.5488077418,0.5528501287,0.5580767074,0.5653364175,0.5736784569,0.5827207065,0.5927746135,0.6026439664,0.6129587303,0.6230009016,0.6326141917,0.6425947739,0.6510095896,0.6584332546,0.6657819359,0.6714750954,0.6760955109,0.6795071491,0.6812586909
5.3,0.9186871323,0.9313437563,0.9497384333,0.9695558754,0.9865872785,1.009154187,1.02715575,1.043476503,1.060727818,1.068789313,1.076338636,1.079438483,1.074996096,1.070281694,1.058797076,1.04453252,1.031049827,1.012785866,0.9980467293,0.9853226742,0.9734791112,0.9698539348,0.9686007863,0.9721037779,0.9819534235,0.9925093644,1.007262684,1.022704956,1.036134898,1.049736549,1.058771313,1.064443832,1.066156455,1.062382136,1.054815519,1.0433142,1.030798735,1.014920597,1.001091318,0.9897205164,0.979218872,0.977778826,0.9788748929,0.9851048958,0.9982802071,1.011115108,1.027878356,1.043690698,1.056502307,1.066011242,1.069243181,1.066831091,1.056022528,1.039221886,1.014486938,0.9840563806,0.9525412463,0.9158961491,0.8839563218,0.8572713286,0.8377077673,0.8336083825,0.8414587406,0.863158508,0.896796854,0.9404005267,0.9894841337,1.04057932,1.091483781,1.137420468,1.17802695,1.211083748,1.235563679,1.24932635,1.253544769,1.24904018,1.234995763,1.214278778,1.187661991,1.158421675,1.138918506,1.014804516,0.8787410257,0.8097773025,0.7987765412,0.82337504,0.8458118672,0.8552922905,0.8562765581,0.850296711,0.8366042759,0.8179568688,0.7943456767,0.7646371881,0.7173079547,0.6509101583,0.5702495005,0.4823592488,0.4007551517,0.3455113625,0.3430729571,0.3579866325,0.3752169344,0.3946830249,0.4158855241,0.439166995,0.4616424764,0.4841559956,0.5072618426,0.530937571,0.5541770244,0.5761873761,0.5965320039,0.6152609829,0.6335333749,0.651025389,0.6663292496,0.6784998031,0.6882170558,0.6963779999,0.7041268798,0.7077740831,0.7094450789,0.7087143014,0.7045198109,0.7008355405,0.6942781515,0.6856623531,0.6760636913,0.6631920126,0.6511258735,0.6384627524,0.6242938594,0.6111300748,0.5971796749,0.583994067,0.5726528353,0.5614458808,0.552421395,0.5449246153,0.5388336339,0.5352562121,0.5335559646,0.5338254404,0.5355532488,0.5394542194,0.5447276857,0.5508827666,0.5584853093,0.5665653159,0.5755430161,0.5845474308,0.5931910948,0.603056089,0.6115440547,0.6193606041,0.6278847576,0.6343248693,0.6401946804,0.6452091196,0.6485209605
5.4,0.8467180317,0.8591105184,0.8768837398,0.8970156153,0.9162234567,0.9408332463,0.9628725643,0.9844449192,1.006883809,1.022880246,1.037998911,1.049122875,1.054326595,1.057175169,1.054154487,1.047549363,1.039338721,1.026543762,1.014349063,1.00244806,0.9907080273,0.9841198939,0.9799219512,0.9801320929,0.9859538692,0.9948422138,1.008246996,1.023772732,1.039868374,1.056124903,1.069957597,1.081039832,1.087757173,1.089776606,1.086557029,1.078514735,1.067509287,1.051277024,1.034472724,1.0173642,1.00049053,0.9884039814,0.9794773018,0.9758432963,0.9777114932,0.984508201,0.9953263827,1.007812974,1.022047489,1.032613168,1.041041953,1.045285213,1.040677749,1.0331181,1.016019721,0.9927856406,0.9686637044,0.9354877395,0.9061584797,0.8794970472,0.8556166859,0.8471323083,0.8473337186,0.8612434212,0.8893415748,0.9276082523,0.9752246564,1.027072013,1.081267954,1.132872936,1.180844246,1.222730404,1.255682392,1.279657592,1.29280349,1.296494354,1.29101323,1.27550564,1.253975729,1.228314709,1.209996586,1.068502043,0.8996664289,0.8109293962,0.8024836167,0.840727055,0.8739698221,0.8833857373,0.8738121171,0.85855957,0.8473795284,0.843321532,0.8362765564,0.812692266,0.7590125898,0.6819133524,0.5949298695,0.5063663056,0.425347149,0.3648170599,0.3459790422,0.3552125644,0.3661534514,0.3797771234,0.3960124736,0.4140754154,0.4320143005,0.4503933099,0.4696340647,0.4906424036,0.5118085599,0.5322389967,0.551364057,0.5695445323,0.5880786082,0.6063399482,0.6229302327,0.6366605408,0.6483594943,0.6588873732,0.6693787371,0.6762440386,0.681039687,0.6834680022,0.682684764,0.6824005207,0.6793036759,0.6740200167,0.6673938281,0.6574420423,0.6479579849,0.6376003057,0.6254886357,0.6137389161,0.6008498105,0.5882315535,0.5769042538,0.5652621606,0.5553028599,0.5464337695,0.5386033871,0.532744049,0.5285025559,0.5261352023,0.5252341335,0.5265873772,0.5292040489,0.5327644666,0.5381008362,0.5443740435,0.5519614745,0.5598006111,0.5672518596,0.5766154027,0.5849351672,0.5929791531,0.6023028506,0.6092351962,0.616046682,0.6223443853,0.6271070451
5.5,0.8056952573,0.8108882229,0.8207009967,0.8341596587,0.8497375192,0.8700341349,0.8911024133,0.9134435982,0.9368590006,0.9579998298,0.978244148,0.9958570862,1.01000293,1.020630323,1.027156316,1.03001788,1.029965194,1.025906159,1.020327944,1.01377545,1.006217445,1.001164835,0.9973753629,0.9965763037,1.000225282,1.006765208,1.017691993,1.031237134,1.046558166,1.062765235,1.078096869,1.091796128,1.101742314,1.1082962,1.109555679,1.106088269,1.098902663,1.085698851,1.070169777,1.052135552,1.033565608,1.015221768,0.9994283581,0.9875481942,0.9780421448,0.9765079124,0.9775230064,0.9818093721,0.9911857727,0.9972171538,1.004845417,1.009899241,1.008522598,1.005470362,0.9945823771,0.9789188835,0.9605610835,0.9360427271,0.9123466598,0.8897767268,0.8704692362,0.860682292,0.8597856147,0.8706660371,0.8940509103,0.9289901348,0.9734719068,1.023932097,1.077873097,1.131833071,1.183194276,1.22972481,1.269258601,1.299699768,1.320718284,1.332510723,1.334905034,1.3275244,1.313249344,1.294241732,1.280703743,1.137645859,0.9406524228,0.8218821143,0.802313302,0.8491817279,0.8983766542,0.9175556146,0.9045852516,0.8806958226,0.8679818465,0.8738036572,0.8794834703,0.8596872429,0.7986405881,0.7096846616,0.6142906698,0.5240110254,0.4462255509,0.3884943407,0.3661489215,0.3736189745,0.3809947486,0.3908573237,0.4035493818,0.4169739694,0.4307224003,0.4448766954,0.4596456815,0.4768857489,0.4946003314,0.5119258275,0.5282076886,0.5440930979,0.560986561,0.5779918619,0.5938884212,0.6072735468,0.6191309323,0.6302038357,0.641556058,0.6499985551,0.6563291993,0.6604514345,0.6618544736,0.6636701009,0.6629736536,0.6601370466,0.6556897643,0.6482207047,0.6409156662,0.6326309116,0.6226495005,0.6124744472,0.6011239945,0.5897110536,0.5791115409,0.5681076659,0.5583102816,0.5492988831,0.5411545957,0.5343530887,0.5289365427,0.5252587841,0.5230227867,0.522990192,0.5239331787,0.5258271955,0.5296384291,0.5347358107,0.541402892,0.5484808468,0.5551269106,0.5640022645,0.5723241268,0.5807613585,0.5907037222,0.5981457597,0.6057608941,0.613119935,0.6192219603
5.6,0.8313816611,0.8217767116,0.8163692633,0.8154121139,0.817908431,0.8269758578,0.8391749158,0.8550419972,0.8745252497,0.894401134,0.915562093,0.9359441147,0.9545968624,0.9708146297,0.983909697,0.9938291418,1.000574723,1.003545344,1.00405561,1.002845745,0.9998800911,0.997881023,0.9963069603,0.9966366093,1.000948184,1.007217417,1.018074516,1.031865227,1.047291223,1.065318506,1.082673227,1.09926303,1.113346135,1.124006349,1.130187607,1.13161525,1.128902071,1.119703888,1.10698481,1.090424516,1.071769563,1.05101543,1.030954575,1.012994687,0.9953708835,0.9851372381,0.9765062223,0.9713285917,0.9727057886,0.9713291457,0.97404514,0.9759053481,0.9733484809,0.9712786773,0.9630432187,0.951838533,0.9377061833,0.9200271308,0.9019956745,0.8844277721,0.8716606513,0.8635060791,0.8651321313,0.8770514554,0.8976843206,0.9326793765,0.9744342635,1.022711321,1.076666306,1.129433954,1.182341987,1.231362968,1.274314239,1.310325335,1.337702759,1.356981559,1.36763211,1.368996517,1.363472715,1.352894786,1.34586082,1.21477665,0.9992709215,0.8459538551,0.8029707181,0.8506387884,0.9164752391,0.9524671059,0.943450562,0.9118020703,0.8916419649,0.8998107501,0.913427294,0.8971258691,0.8309409629,0.7314957983,0.6269996485,0.5342082684,0.4611992252,0.4116782113,0.3961219332,0.40562152,0.41267096,0.4216965486,0.4332621789,0.4441125289,0.4554004925,0.4666710643,0.477894634,0.4915292515,0.5055271192,0.5191837656,0.5318655455,0.5443523157,0.5581240036,0.5721459195,0.585476844,0.5966896056,0.6068037922,0.6164244333,0.6265631885,0.6345131378,0.6404376164,0.6444100779,0.6462221768,0.6484070008,0.6484790114,0.6466066596,0.6430470421,0.6369159265,0.6307915592,0.6237344977,0.6152070956,0.6061735831,0.5961138413,0.5858401139,0.5760967763,0.5660794712,0.5569523204,0.5484718678,0.5408622358,0.5341321998,0.5286298457,0.5247988341,0.522454987,0.5222317591,0.5227088145,0.524170048,0.5275954671,0.5325544323,0.539219892,0.5464305769,0.5531574765,0.5621480453,0.5710796836,0.5804285926,0.5912435026,0.5995222495,0.608129049,0.6165913816,0.623977556
5.7,0.9129748665,0.89112979,0.8708350407,0.8536552327,0.838672374,0.8309766905,0.8271460572,0.828634986,0.8374840277,0.8480785185,0.8640902906,0.8820532954,0.8992839794,0.9181976635,0.934012446,0.9477678563,0.9594692427,0.9665073389,0.9714141214,0.9738258534,0.9740701205,0.974073903,0.9741159557,0.9756492322,0.9802683326,0.9876736653,0.9993492117,1.014594877,1.032293102,1.053254038,1.074443869,1.095340361,1.114901788,1.130591403,1.142578732,1.149888039,1.151787652,1.14808962,1.139101818,1.125417361,1.109157852,1.088317935,1.067416429,1.046827051,1.025579545,1.009769442,0.9950543154,0.9836537839,0.977027802,0.9703901582,0.9668787337,0.9631249609,0.9583083407,0.9517394987,0.9423679766,0.9309443061,0.915432317,0.9002352985,0.8832583706,0.8675366973,0.85781448,0.8513053809,0.8553957927,0.8690916131,0.8910579027,0.9269583743,0.9691496379,1.0179118,1.071911637,1.125701958,1.179693998,1.230497341,1.276354852,1.315810721,1.347833486,1.372239367,1.389408399,1.396850355,1.398369807,1.395031266,1.392566935,1.282423841,1.063751812,0.8863492386,0.8174613331,0.8558418799,0.9309965708,0.9826434943,0.9795127181,0.9405083333,0.9106630158,0.9182235598,0.9383935135,0.9266544674,0.8578669252,0.7503934154,0.6378236034,0.5421148087,0.4733055622,0.4329350109,0.4282841414,0.4415229126,0.4501754571,0.4603107886,0.4725485573,0.4828021885,0.4933951091,0.5034074877,0.5126061262,0.5236226238,0.5345478303,0.5448900339,0.5541193791,0.5629627389,0.5729356534,0.5830126959,0.592540609,0.6002912432,0.6071847176,0.6137254547,0.6209167383,0.626492842,0.6302744046,0.6324247342,0.6329422031,0.6339064432,0.6331887297,0.6308547071,0.626987388,0.6210569822,0.6151679024,0.6085358283,0.6007676655,0.5924603197,0.5833935877,0.5741415697,0.5653309339,0.5565223512,0.5484557824,0.5410308594,0.5346167008,0.5288007836,0.5241582824,0.5211861781,0.5197581515,0.5204243436,0.5215610439,0.5237342396,0.5279026724,0.5336586097,0.5411969161,0.5493713355,0.5569537442,0.566709719,0.5767027938,0.587255234,0.5991052888,0.6083223368,0.6179282702,0.627337537,0.6356382079
5.8,1.006670629,0.9798367468,0.9530936783,0.9262723538,0.8980795139,0.8758964794,0.8554827931,0.8404048202,0.8331419822,0.8301524204,0.8349543807,0.8446493669,0.8570818082,0.8737125918,0.8898246077,0.9053549782,0.9199303304,0.9300581296,0.9379464656,0.9428735741,0.9441504968,0.9448455111,0.9440306967,0.9439456002,0.9471050182,0.9522947682,0.9628756729,0.9779591443,0.996540263,1.020412565,1.045727622,1.072063497,1.098307394,1.121235334,1.141012235,1.156161576,1.165387634,1.168674989,1.165558955,1.15673325,1.14419819,1.125467692,1.105430675,1.08421706,1.061706177,1.042682507,1.024558473,1.009564125,0.9975474832,0.9878643948,0.9798870121,0.9717231503,0.9649935103,0.9534734596,0.9416003057,0.9276166743,0.9079415255,0.8911858079,0.8710369884,0.8529128536,0.8411348672,0.8330950853,0.8363688752,0.8493723583,0.8733112911,0.909003958,0.9533450499,1.004724215,1.058952031,1.116676287,1.172101589,1.22484675,1.273556689,1.314792201,1.349633595,1.376381328,1.397914004,1.407806312,1.413830574,1.415637019,1.415305524,1.333104317,1.12929394,0.9476045122,0.8604467672,0.8807855769,0.9505212416,1.006769768,1.006429179,0.9640777124,0.9293423199,0.9365554287,0.9602597636,0.9502840851,0.8794019099,0.7672663705,0.6492330876,0.5495746824,0.4809965518,0.4460057159,0.4511757285,0.4683027151,0.479343532,0.49159563,0.5056489568,0.5168413701,0.5282787323,0.5386538167,0.5475757141,0.5575763519,0.5669111517,0.57527737,0.5822512087,0.5883979105,0.5951883964,0.6016954792,0.6075115434,0.6116747744,0.6149828622,0.6178710559,0.6213397478,0.6235254588,0.6241463642,0.6234120948,0.6214570481,0.6200409305,0.6173467946,0.6134122339,0.6082317611,0.6015143384,0.5950103004,0.5880554851,0.5803825592,0.5723322865,0.5638921039,0.5554566324,0.5475176085,0.5400043324,0.5332090478,0.5271629555,0.5224085589,0.5180803086,0.5150181622,0.5136810939,0.5138829908,0.5162953014,0.5189550351,0.5226967108,0.5285097319,0.5357135291,0.5447760068,0.5544923955,0.5634098986,0.5744185016,0.5856770546,0.5974813794,0.610392866,0.6204522506,0.6309046018,0.6409830555,0.6497470263
5.9,1.07483566,1.052239606,1.028936672,1.003121454,0.9722090493,0.94513748,0.915808418,0.8893687968,0.8683334243,0.8508894165,0.8411381699,0.8374456861,0.8397226333,0.8478979664,0.8594555878,0.8728011553,0.8870087895,0.8987280542,0.9085534757,0.915759634,0.917821067,0.9193968422,0.9171977957,0.914256602,0.914708907,0.9144188533,0.920841647,0.9322267277,0.9477650724,0.9717093005,0.9986032453,1.029026507,1.061051251,1.09211426,1.120859736,1.145468358,1.165271897,1.177391227,1.183242829,1.182297802,1.17520647,1.161631712,1.144026344,1.123623068,1.101330753,1.079655479,1.058895302,1.040581524,1.024398306,1.011639014,1.000311641,0.9894373495,0.9805253311,0.9670803354,0.9535236484,0.9376074115,0.9161394118,0.8964982034,0.8732264871,0.8514598713,0.8351026429,0.8228461269,0.8217211461,0.8307886932,0.8524281917,0.8857830529,0.9295966134,0.9814784732,1.0352721,1.095232816,1.151489628,1.205161942,1.256272867,1.297849723,1.334617686,1.363403618,1.386446569,1.399889305,1.409058689,1.414642671,1.418572635,1.368175094,1.192856326,1.022783036,0.9270491686,0.9253978531,0.9752475996,1.022648372,1.020729235,0.9801549432,0.9472631317,0.9544972659,0.9764293111,0.9634429808,0.8909660357,0.7785366288,0.658515116,0.5543432497,0.4817634602,0.4473118971,0.4596718643,0.4804040469,0.494037271,0.5088588241,0.525454098,0.5385926922,0.5520512447,0.564121863,0.5742789861,0.5848885844,0.5942869794,0.6023421458,0.6086704294,0.6136782402,0.6186738211,0.6228549252,0.6260547624,0.6274209133,0.6277648815,0.6274135518,0.6272845973,0.6260071214,0.6232031943,0.6191722062,0.6141942314,0.6096709549,0.6042146558,0.5978320654,0.5904617214,0.5820884959,0.5741204164,0.5660435682,0.5577269359,0.5492692246,0.5408885047,0.532831024,0.5254421478,0.5190494129,0.5134450054,0.5088066461,0.5058754549,0.5033170146,0.5022717269,0.5030680578,0.5053585384,0.5101222581,0.5149439813,0.5208989944,0.5290474576,0.5382204892,0.5493326833,0.5610465057,0.5716985131,0.5843618014,0.59706304,0.6101684081,0.6241641268,0.635011509,0.646163584,0.6566674461,0.6655652983
6,1.102890937,1.089851051,1.075748814,1.058953481,1.035810007,1.014347961,0.9877304866,0.960471019,0.9358631806,0.90968681,0.8891314371,0.8726552045,0.8602353692,0.8557268647,0.8551772456,0.8588040886,0.8664694351,0.8736377108,0.8816084997,0.8883868211,0.8909156796,0.8932847869,0.8913506168,0.8878568244,0.8862112079,0.8827187462,0.8846460003,0.8909571422,0.90201734,0.9219975172,0.9470273156,0.9777310857,1.011893128,1.048192714,1.083637748,1.116416017,1.145823749,1.167486167,1.183267094,1.191880199,1.192908724,1.187056437,1.175102502,1.158649551,1.139676226,1.117951776,1.096780962,1.076830738,1.05738398,1.042098639,1.027387021,1.013748592,1.001938373,0.9867887113,0.9713021523,0.9531340472,0.9311789025,0.9079042484,0.88227275,0.8573748157,0.8354709022,0.819255302,0.8122278821,0.8159071136,0.8325793766,0.8618508657,0.90254543,0.9519828092,1.005025581,1.063762096,1.120089003,1.174059778,1.225467679,1.268131899,1.306025987,1.336851455,1.361119836,1.378394461,1.390590398,1.399309648,1.408519598,1.389951863,1.246327745,1.09180287,0.9914348077,0.9704378861,0.9969706137,1.029106894,1.021601114,0.9845900284,0.9575176485,0.9655900858,0.983397966,0.9665234267,0.8950263477,0.786227915,0.6666568875,0.5575803317,0.4770362746,0.4374267214,0.4530533934,0.476784079,0.4927394207,0.5100986751,0.5295385022,0.5451033814,0.5613288009,0.5760240743,0.5885194569,0.6010895634,0.6120016737,0.6213114822,0.628598717,0.6341525464,0.6390121933,0.6424831103,0.6446693528,0.6446112931,0.6432938986,0.6408484697,0.6379999266,0.6340130755,0.6282769803,0.6212557767,0.6134096062,0.6056410538,0.597156795,0.5879033074,0.5778052669,0.5671338787,0.5569755108,0.5470274985,0.5372607431,0.5276346557,0.5185507412,0.5101757846,0.5027758708,0.4969472662,0.4921182818,0.4885713906,0.4871887462,0.4863422293,0.4873260506,0.4903338941,0.4948403487,0.5021176506,0.5093665063,0.5178067197,0.5285585834,0.5399252755,0.553274561,0.5671279807,0.5796434974,0.5940660221,0.6081786632,0.6224587041,0.6374040014,0.6488540644,0.6604584381,0.6710887428,0.679756731
6.1,1.104535624,1.099010063,1.093934241,1.087020057,1.074852432,1.062966724,1.04534653,1.025052514,1.004307731,0.9790805344,0.9556221324,0.9331363041,0.9115695533,0.896067774,0.8833316432,0.8749251784,0.8721333578,0.87041425,0.8721780362,0.8747641483,0.8752428454,0.8767374885,0.8747740738,0.8713443134,0.8683163283,0.8631425781,0.8611844899,0.862333937,0.8678268708,0.881168268,0.9007086913,0.9270863871,0.9589616634,0.9951828072,1.03297091,1.0702681,1.105539338,1.135390231,1.159884412,1.177908673,1.188611968,1.19199177,1.188643952,1.179558275,1.167250258,1.149553041,1.131452856,1.113061611,1.093051109,1.077007002,1.060004226,1.043917965,1.029156097,1.011497991,0.9932733932,0.9720207235,0.9486404451,0.9212858821,0.8929433292,0.8648111568,0.8373176822,0.8173294977,0.804283403,0.8024166575,0.813488914,0.8383681663,0.875289188,0.9213345681,0.9743422913,1.0304307,1.087122303,1.141760294,1.192310182,1.237120663,1.27557172,1.308078024,1.333307173,1.353453981,1.36779836,1.378323061,1.392172313,1.400314598,1.283632346,1.140346637,1.037475591,1.00730028,1.018803495,1.036118302,1.018305005,0.9803664599,0.9571805888,0.9671032905,0.9839053996,0.9669000228,0.8984285491,0.7932648719,0.6740373186,0.5604869979,0.4698874336,0.4194239935,0.4326366564,0.4580940603,0.4756195597,0.4949887031,0.5169893235,0.5350122844,0.5542628766,0.5720720662,0.5876622921,0.6031531584,0.6167553691,0.6286838416,0.638384207,0.6461664845,0.6525983685,0.6571179988,0.6601609853,0.6603933762,0.6591700214,0.6562984143,0.6521916204,0.6469030285,0.6393860377,0.6303474205,0.6204396974,0.6099022224,0.5986600931,0.586560168,0.5735894049,0.5601842285,0.5472311414,0.5346787046,0.5224797948,0.5107224717,0.4997942343,0.4899430486,0.4815274232,0.4750534574,0.4699972093,0.4666197004,0.4658134425,0.466074176,0.4684916706,0.4732247438,0.47959765,0.4890526377,0.4985956182,0.509432421,0.5227555485,0.5362956091,0.5518904527,0.5679293813,0.5823367893,0.5986780429,0.6142321897,0.6296671007,0.6456824752,0.657695886,0.6698077125,0.6806058852,0.6889076032
6.2,1.095875831,1.094702346,1.09593793,1.096134636,1.092388746,1.089010764,1.080319927,1.068650801,1.05454411,1.035592877,1.015378364,0.993910061,0.9715050972,0.951641766,0.9332109165,0.9175559638,0.907014538,0.8976399187,0.8927417869,0.8898826465,0.8860273528,0.8847812096,0.8805956289,0.8753057886,0.8698231134,0.8615178478,0.8547960841,0.8496064741,0.8478844063,0.8521180128,0.8629159888,0.8810749074,0.9060028555,0.9377026604,0.9732853978,1.01104724,1.04869985,1.0840674,1.115339807,1.141424292,1.161737968,1.174245293,1.180584936,1.180651644,1.17624473,1.165795923,1.153194876,1.13899794,1.121905572,1.107180221,1.09053589,1.073957747,1.05817296,1.039043287,1.019217487,0.9961855663,0.9710704151,0.9414944277,0.9107837003,0.8798289208,0.8483712731,0.8243882928,0.8060926201,0.7987681874,0.8043280456,0.8242305961,0.8568921021,0.8991131923,0.9508523549,1.004007063,1.060068203,1.114431053,1.163365755,1.209082122,1.247003623,1.279730807,1.304943836,1.326014055,1.341150008,1.352331006,1.36880859,1.397234186,1.301201168,1.167166572,1.068883929,1.040958812,1.046456165,1.049654689,1.017827583,0.9717560366,0.9466022754,0.958449838,0.9789541988,0.9649891348,0.8975931843,0.7921382718,0.673052746,0.5594836478,0.4629486747,0.4000599306,0.404367791,0.4293621065,0.4471362995,0.4673530552,0.4907639423,0.5106828296,0.5324116774,0.5530468693,0.5718399847,0.5904334889,0.6072702732,0.6225718482,0.635526483,0.646745737,0.6560186507,0.6630050601,0.6685317032,0.6705797181,0.671120012,0.669508458,0.665753096,0.6608116443,0.6529779559,0.6432750344,0.6325461195,0.6202643642,0.607102332,0.592750625,0.5773166482,0.561236589,0.5453620239,0.5298868149,0.5145759813,0.4999314115,0.4860852746,0.4735658322,0.4630422285,0.4544565976,0.4478858716,0.4434139474,0.4417868546,0.4422015747,0.445076888,0.4506981629,0.4582826928,0.4692932844,0.4807813304,0.4937435106,0.5094897705,0.5250901722,0.5429106907,0.5612017354,0.5775369091,0.5960805112,0.6132201772,0.6299335867,0.6473673272,0.6600502335,0.6729514399,0.6841962955,0.6922000418
6.3,1.082240902,1.08445489,1.089714753,1.094468952,1.095528116,1.098510823,1.096418196,1.091961039,1.085338443,1.073588628,1.059981654,1.043928483,1.0260135,1.008018143,0.990122135,0.9732715833,0.9593644829,0.9462747798,0.9363881297,0.9284130073,0.919797539,0.9137570217,0.9053236306,0.8957877052,0.8862333298,0.8729459238,0.8607044738,0.8489666476,0.8391566195,0.8346384613,0.8357411286,0.8443849068,0.8604409403,0.885092279,0.9155425609,0.9503444229,0.9878484995,1.024816436,1.060053674,1.091527138,1.118297697,1.138310185,1.152472549,1.16081967,1.163633254,1.16143168,1.155588637,1.147329432,1.13705828,1.125974219,1.113818092,1.100769673,1.087051499,1.070383364,1.051643098,1.029531704,1.003899377,0.9740990829,0.9415632361,0.9077690963,0.8737258996,0.8445433898,0.8214153638,0.8084897198,0.8084081671,0.8230298843,0.8511626584,0.889755517,0.9382586976,0.9891581913,1.043009159,1.095366831,1.142074143,1.185621902,1.221025157,1.250971735,1.273968763,1.292173494,1.305440853,1.315346927,1.330604759,1.371961083,1.29505966,1.177282056,1.092544767,1.070299117,1.071008039,1.062017876,1.018558102,0.9620061122,0.9290003521,0.9385941072,0.9620735673,0.9499228265,0.8803516246,0.7728699367,0.6574703802,0.5516182463,0.457147922,0.3847280766,0.374597669,0.3964564376,0.4127943773,0.4322520316,0.4553310898,0.4760851558,0.4990840663,0.5215894093,0.5430237113,0.5642339374,0.5842138831,0.6029893564,0.6194348652,0.6346583474,0.6475088801,0.6579114584,0.6670388237,0.6720840796,0.6756821975,0.6767149622,0.674812696,0.6717107618,0.6650179419,0.6560585313,0.6458141703,0.6331158134,0.6191890657,0.6035753461,0.5865449234,0.5683250326,0.5499535179,0.5317892471,0.5132550734,0.4954580954,0.4780715254,0.4620621001,0.4485768602,0.4365912213,0.4272710797,0.4204026612,0.4164610213,0.4158754896,0.4180184369,0.4234725486,0.4313981209,0.4431480005,0.4560118021,0.4706094667,0.4884311709,0.5058135394,0.5256926685,0.5461405361,0.5642665438,0.5851136041,0.6038613202,0.6219002167,0.6409804909,0.6543638974,0.6682266473,0.6801069669,0.6879624873
6.4,1.063433621,1.069091454,1.077756877,1.085810083,1.090534619,1.097779505,1.100751589,1.102184501,1.101817485,1.097205249,1.090506367,1.081107826,1.069256175,1.055946964,1.041440793,1.026328612,1.012781583,0.998104614,0.9856180169,0.9741407315,0.9612800441,0.9509306364,0.9379962462,0.9240396284,0.9100148785,0.8921541596,0.8748983747,0.857469398,0.8411933496,0.8290964715,0.8218803752,0.8218762179,0.829222567,0.8463696773,0.8704598309,0.9004547693,0.9356224054,0.9711566558,1.007206416,1.040685599,1.070169288,1.094383843,1.113073902,1.126899427,1.134772544,1.139445517,1.139883474,1.137890635,1.135878176,1.130428805,1.125632167,1.119474042,1.110985122,1.100521883,1.08591701,1.067407699,1.043660665,1.014984355,0.9816174226,0.9453161453,0.9088205648,0.873766549,0.8453156513,0.8261897615,0.819755073,0.8290082588,0.8526901345,0.8884889707,0.9336799516,0.9840734543,1.036038887,1.086366087,1.13147689,1.170989591,1.202441839,1.226969495,1.244939032,1.256279161,1.263981604,1.269364338,1.279375178,1.323359855,1.266930513,1.1734097,1.105114675,1.086266488,1.082458184,1.06755156,1.020750566,0.9572717597,0.9111604165,0.9075064044,0.9254630577,0.9123641279,0.8431234172,0.7394572908,0.6339891575,0.5402707245,0.4517490109,0.3731933522,0.346321579,0.3629531987,0.3764145316,0.3936372107,0.4147181567,0.4350843751,0.4579461739,0.4810887894,0.5041392134,0.5270913121,0.5495933747,0.5713624834,0.591058066,0.6101594852,0.6267530855,0.6409499364,0.6540817175,0.6628460385,0.6702083549,0.6747093108,0.6757549109,0.6754492533,0.6709986684,0.6638781926,0.6551027767,0.6431706041,0.6294986665,0.6135873704,0.595896047,0.5762399543,0.5560371449,0.5356997501,0.514258358,0.4934469859,0.4724042045,0.4525679681,0.4355941846,0.4193426378,0.4062952587,0.395908871,0.3883228674,0.3855357753,0.3857202945,0.3899066916,0.3972758493,0.4089683919,0.4226286375,0.4383939396,0.4579792981,0.4769719551,0.4988586906,0.5214749517,0.5413842019,0.5646877713,0.5852087358,0.6047998148,0.6258109842,0.6400916629,0.6551491227,0.6678973476,0.6759709963
6.5,1.037146717,1.045554368,1.057391517,1.068538054,1.077130917,1.088211168,1.096098189,1.103221991,1.108182233,1.110616934,1.110115119,1.106902002,1.100919007,1.092240363,1.081483644,1.068603455,1.056959743,1.041611986,1.028443397,1.015587617,1.000048826,0.9881260693,0.9727794512,0.9568420476,0.9405337259,0.9207144115,0.900664812,0.8794371973,0.8593013543,0.8403909977,0.8260828286,0.8177180169,0.8158261773,0.8243644609,0.8404064007,0.8640118551,0.8939304432,0.9267675414,0.9612251909,0.9944280024,1.025363795,1.051225179,1.072862612,1.090146925,1.101708301,1.110997895,1.116187214,1.11935839,1.123113788,1.123474082,1.125007305,1.125440418,1.123038042,1.119225469,1.110288719,1.096774015,1.077710335,1.051601058,1.020054649,0.9839504645,0.9460221182,0.9077668997,0.8746666337,0.8498533592,0.8368715904,0.8404205457,0.859131195,0.8915946965,0.9344637859,0.9842368261,1.035540054,1.084981765,1.129195544,1.165689463,1.193512743,1.212954545,1.224827867,1.229112725,1.229668462,1.228491515,1.23277661,1.267225291,1.225851842,1.153588159,1.099148962,1.085162946,1.081234541,1.066266759,1.023403784,0.9587534652,0.8973028943,0.8691623845,0.8716888199,0.8573007915,0.7962821669,0.7052740058,0.6132719343,0.52963779,0.4448869869,0.3617895804,0.3195481591,0.3301021033,0.3399537501,0.3540421494,0.3719948083,0.3908657008,0.4122914609,0.4347898717,0.4580867921,0.4815922003,0.5054214509,0.5290348089,0.5511475417,0.5731194435,0.5928207981,0.6103518677,0.6269163919,0.6393733182,0.6503589767,0.6583549765,0.6627420451,0.6654699021,0.6638201784,0.6591791529,0.6525091519,0.6422701824,0.6297559161,0.6145567006,0.5972575166,0.577279081,0.5563513434,0.5348888821,0.5116628544,0.4887127173,0.4648813976,0.44188391,0.4217225415,0.4013765006,0.3844095156,0.370069182,0.3581347316,0.3522477273,0.3494971896,0.3514651927,0.3575399928,0.3684981424,0.3825122581,0.3991634391,0.4203312221,0.4409817436,0.4649763136,0.4899006766,0.5117673679,0.5376698691,0.5601742704,0.5815582939,0.6046190743,0.6199667164,0.636277352,0.6499062411,0.6584169689
6.6,1.006255447,1.014895763,1.027918414,1.04098877,1.052171999,1.066849041,1.078990982,1.091173051,1.101392034,1.110009987,1.11545,1.118089131,1.118005793,1.1141164,1.107825413,1.098476658,1.089819101,1.076323602,1.064697014,1.053064743,1.037968985,1.027238159,1.012534489,0.9973795026,0.981767355,0.9621434206,0.9415500024,0.9185082805,0.8955017135,0.871044555,0.8497428137,0.8324576108,0.820287132,0.8179397813,0.8234568484,0.8380247539,0.8599191603,0.8881838188,0.9194051983,0.9512820003,0.9832037814,1.010369719,1.034822695,1.055149582,1.070105372,1.082615348,1.091089388,1.097594598,1.104200123,1.108304718,1.113443889,1.118132715,1.12042452,1.122074712,1.118893613,1.111190128,1.098664883,1.077658789,1.05123155,1.019073699,0.9831446742,0.9454864555,0.9104767894,0.881954595,0.8633080225,0.8607039886,0.8730896873,0.9001673104,0.9393478514,0.9864713593,1.036451317,1.084961043,1.128623098,1.163854056,1.190082257,1.207265056,1.215443135,1.215983765,1.211617835,1.20532362,1.205660619,1.219967586,1.177912525,1.115077214,1.072465987,1.068329959,1.068368991,1.055152517,1.019241886,0.9584773643,0.8855766965,0.8317252107,0.8149019833,0.7994074715,0.7511159706,0.6767873623,0.5978721162,0.519758614,0.4343540297,0.3465646585,0.2918959707,0.2963424984,0.3024211203,0.3130394329,0.3273697289,0.3439767714,0.36304684,0.3838816362,0.4060841864,0.4290053303,0.4527868693,0.4768175914,0.5002505764,0.5235899616,0.5453003091,0.5651897431,0.58402331,0.5996482424,0.6135876256,0.6246401767,0.632318087,0.6379892213,0.6394522706,0.6377694455,0.6338855681,0.6262769621,0.6160648947,0.6029646371,0.587438894,0.5689632593,0.549054159,0.5282298398,0.5053319947,0.4818907533,0.4571724536,0.4327125753,0.4105359318,0.3873505155,0.3670731738,0.3490404153,0.3326222768,0.3229233721,0.3162618666,0.3148241395,0.3186395309,0.3277242302,0.3412823226,0.3582209927,0.3803234804,0.402399893,0.428167106,0.4550912686,0.4787435993,0.5068232928,0.5310556733,0.5539849035,0.5786438595,0.59481494,0.6119772209,0.6260886816,0.634869101
6.7,0.9803148441,0.9854574662,0.9963199648,1.008337605,1.01950742,1.035467223,1.049810118,1.065109263,1.079271299,1.092532444,1.103128365,1.111282338,1.116847207,1.11872382,1.118039349,1.114052983,1.110610606,1.101753594,1.094571396,1.087044511,1.075660541,1.068504596,1.056983726,1.044715227,1.031478454,1.013520751,0.9935930694,0.9699939143,0.9448998602,0.9162758056,0.8887985295,0.8631686977,0.8411039925,0.8270456026,0.8207596966,0.8242437799,0.8358909654,0.8571832276,0.8831658919,0.9121486138,0.9435402217,0.9712575362,0.997618887,1.020133085,1.037773915,1.052266988,1.062795761,1.071148732,1.078888256,1.085029749,1.092064368,1.099502454,1.105344446,1.111797159,1.114296526,1.112947872,1.107935291,1.093819907,1.074577493,1.048760644,1.017642276,0.9832322418,0.9490369612,0.919139035,0.8965121287,0.888334063,0.8938690932,0.9141091777,0.9475336716,0.9899759992,1.03698687,1.083635105,1.126720237,1.161722295,1.188248157,1.205665213,1.213266403,1.213001802,1.206619431,1.197616713,1.195302258,1.18296667,1.124244515,1.060837124,1.028532274,1.035595882,1.04067972,1.030021164,1.001996565,0.948718272,0.8729000153,0.8026054285,0.7689105202,0.7496714996,0.711069288,0.6513765699,0.5833476083,0.5079143096,0.4196162567,0.3270897816,0.2626736694,0.2612980233,0.2636207288,0.2706890413,0.2813075399,0.2951868875,0.3113698596,0.3298817244,0.3499911505,0.3715199498,0.3941602519,0.4174216188,0.4412269081,0.4645573568,0.4872275553,0.5084850823,0.5284343264,0.5465688768,0.5627041864,0.5762942536,0.5870075644,0.5955192664,0.6003010318,0.6019627639,0.6016610134,0.5975038366,0.5908382908,0.5813560019,0.5689386128,0.554045408,0.5369590936,0.518601667,0.4983384395,0.4760173343,0.4524102193,0.428259705,0.4052647213,0.3806500822,0.3577661451,0.3364282805,0.3154584314,0.3011728778,0.2893372265,0.2827722791,0.2829241321,0.2881710225,0.2999033895,0.3160654093,0.3378261476,0.3608837715,0.3876964907,0.4159987909,0.4411410566,0.4707160946,0.4963447616,0.5205055943,0.5463251431,0.5631565345,0.5809085384,0.5953320557,0.6042948522
6.8,0.9683934082,0.9670710461,0.972726553,0.9802701193,0.9882631118,1.002009604,1.015541035,1.031069357,1.046723919,1.062395721,1.076481039,1.089098272,1.099076463,1.106978273,1.111963247,1.113954868,1.116962517,1.113972365,1.112877289,1.110953928,1.10538296,1.102959671,1.096276755,1.088446823,1.078461111,1.063917882,1.045928777,1.023467968,0.9981635187,0.96777356,0.9366521764,0.9052482684,0.8760762163,0.8520064863,0.8351211776,0.8274994309,0.8280310592,0.8403798398,0.8588549937,0.8825480864,0.9105826069,0.9367013889,0.9626089363,0.9852548461,1.00386274,1.018773145,1.030128402,1.039290695,1.047372996,1.054885583,1.063296302,1.072952317,1.082107326,1.092802081,1.100703644,1.105522582,1.107486281,1.100440636,1.088343467,1.069210664,1.043723176,1.013817519,0.9822889168,0.9532027494,0.929330053,0.9177438224,0.9183502991,0.9328564643,0.9607142878,0.9982166525,1.041604812,1.085756316,1.12758427,1.162098541,1.188715977,1.206311112,1.213710336,1.212789277,1.2049114,1.193750529,1.189119419,1.149541601,1.067880247,0.9989448567,0.972993815,0.9879509463,0.9972673131,0.9902493164,0.9706091725,0.9277686523,0.8577360266,0.7820896973,0.7360359619,0.7097216028,0.6751579626,0.6252989729,0.5652277563,0.4923025184,0.4026301715,0.3066296145,0.2344908972,0.2279524132,0.2265508021,0.2299874314,0.2368163703,0.247449619,0.2601868892,0.2756491706,0.2928210532,0.3121188451,0.332691905,0.3542019712,0.3774129925,0.3996334016,0.4222688669,0.4439259166,0.4639900059,0.483817025,0.5013543782,0.5168750075,0.5301287366,0.5412841582,0.5493642485,0.5545282299,0.5584403695,0.5582569867,0.5561432744,0.5515221579,0.5432309698,0.5336527527,0.5207969169,0.5063154585,0.4904563805,0.4704284177,0.4493925891,0.4268225245,0.4038503382,0.3788567498,0.3539390463,0.329684768,0.304244213,0.2848071026,0.2666592747,0.253152326,0.2480499279,0.2469699667,0.2552109793,0.2693752399,0.289299846,0.3131842382,0.3404823389,0.3698422507,0.3966492026,0.427467329,0.4547119539,0.4802995239,0.5075075295,0.5253072814,0.5439417855,0.5590553461,0.5682503484
6.9,0.9728456043,0.9645273597,0.9637221253,0.9647223166,0.9669235863,0.9755650171,0.9853328008,0.9982558551,1.012735082,1.028485127,1.043965553,1.059282692,1.071891167,1.084561172,1.09385132,1.100601602,1.109141385,1.111031221,1.115398167,1.118534007,1.118861377,1.121102239,1.11991528,1.117630613,1.111798798,1.102889759,1.08884388,1.070039995,1.047507379,1.018489998,0.9871694014,0.9533732754,0.9208440948,0.8894324654,0.8644159213,0.8470920485,0.8365886183,0.8392270326,0.8484486651,0.8647955568,0.8869060387,0.909369101,0.9326432272,0.9535996181,0.9717283871,0.9858630562,0.9971501769,1.006309345,1.014293928,1.022395703,1.031607565,1.042668141,1.054388364,1.068102336,1.080292858,1.090275355,1.097465408,1.096981973,1.091020736,1.078054411,1.058609231,1.033748018,1.006509798,0.980273852,0.9582462018,0.9459947112,0.9448807113,0.9564726399,0.9803127012,1.014355417,1.054242653,1.095549113,1.135053682,1.167755942,1.192734464,1.20862513,1.214465878,1.21124491,1.201058715,1.187284397,1.180215859,1.11711975,1.013990702,0.9376108892,0.9137590301,0.9322194971,0.9426711238,0.9378638408,0.9267389495,0.8973475416,0.8387426414,0.7643012305,0.7102494352,0.6774154058,0.6439706066,0.5985654877,0.542460921,0.4724524846,0.3844596185,0.2873116849,0.2096967161,0.199345157,0.1945108755,0.1943669131,0.197208622,0.2038982436,0.212298367,0.2235198422,0.2369386809,0.2526730828,0.2703272223,0.2893371812,0.3108026633,0.3314660246,0.353260296,0.374575918,0.3942653533,0.4149565265,0.4333184993,0.4501898726,0.465424024,0.4788494355,0.4899463828,0.4985122854,0.5066388026,0.5106675165,0.5134499605,0.5141646426,0.5106739696,0.5070397795,0.499177539,0.4893195717,0.4785552236,0.4616284359,0.4438893155,0.4236700589,0.4013727625,0.3768793875,0.3507135494,0.3242710439,0.2954008627,0.2709848597,0.246558585,0.2253616047,0.2135235882,0.2039612946,0.206759826,0.2175178995,0.2342052187,0.2588876238,0.2864075292,0.3168734781,0.345776805,0.3780625752,0.4074491489,0.4348959569,0.464136939,0.483222501,0.5031815755,0.5194162632,0.5286070785
7,0.9889447066,0.9761437166,0.9700274309,0.9647881147,0.9604478028,0.9625299256,0.9664019852,0.9743124386,0.9850141182,0.9983573621,1.012780216,1.028386024,1.041704734,1.056774637,1.068414715,1.077918918,1.089898746,1.094792787,1.102786445,1.109475116,1.114219956,1.120513892,1.124421944,1.127869514,1.127079634,1.125157543,1.117042428,1.104223309,1.087471409,1.062767433,1.03470387,1.002116598,0.9695498595,0.9343061224,0.9039731256,0.8791499025,0.8587752863,0.8519103082,0.8510558696,0.8586657501,0.8732331912,0.8904016471,0.9096500089,0.9277855537,0.9446499637,0.9573873128,0.9681464036,0.9767289342,0.9841755692,0.9917954362,1.000737825,1.011883734,1.024310269,1.039445669,1.053992722,1.067441886,1.078132673,1.083159439,1.08245317,1.075145856,1.062306317,1.04288747,1.021448207,0.9999726737,0.9820452611,0.9718556956,0.9717153711,0.983019054,1.004390328,1.036508081,1.07308194,1.111146373,1.147658681,1.177130941,1.199197323,1.212028195,1.215482584,1.209131705,1.196500987,1.180356656,1.170998011,1.088871916,0.9658267303,0.8808084706,0.8570485771,0.8758135592,0.8829706284,0.8762162982,0.8733667235,0.8604516501,0.8161261546,0.7451857106,0.6863814625,0.6501607219,0.6175549859,0.5727614465,0.5170108442,0.4485491725,0.3632198836,0.2677055187,0.1891772203,0.1774741094,0.1705709157,0.1677928894,0.1671004856,0.1693504453,0.1723697859,0.1775895006,0.1858679267,0.1957070944,0.2090407189,0.2245126175,0.242551184,0.2616974155,0.2820337521,0.302657172,0.3222156051,0.3432973717,0.3624872233,0.3804659658,0.3975918841,0.4128596809,0.4267217604,0.438587823,0.4500487471,0.4585099913,0.4656394781,0.4710959955,0.4727165753,0.4739827773,0.4710021573,0.4655526335,0.4591690666,0.4455780656,0.4309330521,0.4132605378,0.3918582419,0.3687076563,0.3422143785,0.3145633096,0.2846163823,0.256129578,0.2273232838,0.1999031413,0.1804369715,0.1620088688,0.157008386,0.1624424707,0.1746635613,0.1996367488,0.2271980676,0.2587837411,0.2899487489,0.3238731875,0.3556382734,0.3851432448,0.4166517731,0.4371381716,0.4585130155,0.4758837763,0.4848248453
7.1,1.0082055,0.9949222006,0.9862459392,0.9770895019,0.9680870974,0.963959535,0.9616875199,0.9633466062,0.9686198748,0.9770921951,0.9880068403,1.001249325,1.012851472,1.027717549,1.039457866,1.049728644,1.062722358,1.0691582,1.078879391,1.087548239,1.095282822,1.104520305,1.112624661,1.121017166,1.12555681,1.13031169,1.128953334,1.123241956,1.113508999,1.095290227,1.072806485,1.044493919,1.014646456,0.9796900124,0.9475133559,0.9184499791,0.8918118857,0.8768875972,0.8672073901,0.8661347224,0.8723380548,0.8830298127,0.8967941168,0.9107186742,0.92490524,0.9352009853,0.9444352747,0.9515986812,0.957762615,0.9640912058,0.9718999161,0.9821849596,0.9940237372,1.009410741,1.024824947,1.040158722,1.053123713,1.062044979,1.065493396,1.062916445,1.055991667,1.041879888,1.02651818,1.0107047,0.9980512624,0.9920069666,0.9949388811,1.008176943,1.029100242,1.060805259,1.094989165,1.130114283,1.163842575,1.189503377,1.208319496,1.217741193,1.218407738,1.209027359,1.194084414,1.17597478,1.164705328,1.067475065,0.9254146886,0.8304558673,0.8054503239,0.8236329271,0.8263680897,0.8149582691,0.8185223051,0.8216543621,0.7909830612,0.7236693213,0.6619476652,0.6242742981,0.5928584049,0.548580118,0.4923552394,0.4226383164,0.3377255295,0.2452826345,0.1714471545,0.1613791884,0.1549006724,0.1517025586,0.1500225721,0.1486070573,0.1468314983,0.1454563974,0.1462726815,0.1477651097,0.1537237032,0.1629818346,0.1749817768,0.1914906734,0.2094033313,0.2288945292,0.2486747412,0.2700747763,0.2905508904,0.3099014098,0.3293940377,0.3464920599,0.3632201539,0.3785103507,0.3923320983,0.4053641154,0.4158743701,0.4248555812,0.4312428369,0.4353640398,0.4362246268,0.4340077044,0.4302588498,0.4193835418,0.4067995098,0.3911606409,0.3704156659,0.3490475601,0.3230131994,0.2952145056,0.266741495,0.235968898,0.2059291973,0.1757756525,0.1497357505,0.1246650012,0.1097229437,0.1071563957,0.1134491049,0.137873009,0.1653682268,0.1978289747,0.2312246347,0.2662829203,0.3001534665,0.3315135232,0.3644622126,0.38649849,0.4088148351,0.4268918853,0.4357612982
7.2,1.025462904,1.014508419,1.005898785,0.9953823151,0.9844055727,0.9755778095,0.9684208555,0.9641924078,0.9637938638,0.9663098394,0.9723279052,0.9815276634,0.9894177201,1.002252807,1.012137067,1.021456956,1.033357907,1.039928497,1.049535492,1.058405701,1.067750325,1.078139882,1.08910573,1.100992721,1.110183727,1.120398283,1.125476068,1.126956446,1.123951912,1.113532192,1.097679488,1.075530815,1.0506241,1.019158761,0.988533971,0.9587364359,0.9304422883,0.9102127268,0.894881632,0.8871607765,0.8856676149,0.8900461354,0.8974006794,0.9059073806,0.9154585246,0.921828581,0.9276899014,0.9318832492,0.9354713933,0.9395318335,0.9454652976,0.9542050289,0.9653154998,0.9801873019,0.996007197,1.012394859,1.026690379,1.038046363,1.044144404,1.044853733,1.041687223,1.031964929,1.021431906,1.010730938,1.003732776,1.002749971,1.010561415,1.027839454,1.051167125,1.084553542,1.118625334,1.152582809,1.184548893,1.20720997,1.222938491,1.22899761,1.226257492,1.213750121,1.195953099,1.175406623,1.162456906,1.052546095,0.8935782884,0.7882301525,0.7610553445,0.7806839819,0.7825094247,0.7664359942,0.7717156793,0.7842613469,0.7618998196,0.6971587965,0.6347607443,0.5978295028,0.5691087971,0.5274832777,0.471297157,0.3980029353,0.3103810786,0.219664714,0.1526752908,0.145932947,0.1418490747,0.1404109408,0.1410363506,0.1385811484,0.1354560467,0.1307011753,0.1240980321,0.1181960064,0.1136218837,0.1122263138,0.1144612339,0.1240016503,0.1372714124,0.1541867061,0.1737965648,0.1952329298,0.21727858,0.2384930396,0.2604008725,0.2800897336,0.2998194475,0.318557765,0.3348605787,0.3518688134,0.3652168519,0.3767447879,0.3867950817,0.3922288349,0.395450496,0.3950952256,0.392029822,0.3829656382,0.3711422181,0.3565006499,0.3365554253,0.3164878821,0.2916940042,0.2649802294,0.239354781,0.2092759203,0.181169435,0.1525718411,0.1239359552,0.09703932058,0.07236461083,0.05708112386,0.05350344845,0.07654364832,0.1043575358,0.1374607853,0.1725932318,0.2077458183,0.2427995177,0.27516516,0.3082601215,0.3315256012,0.3540714786,0.372414918,0.3813209593
7.3,1.039009307,1.031866394,1.025330861,1.015445115,1.004362385,0.9925074978,0.9817936833,0.9727591545,0.9669122852,0.9639288046,0.9647826656,0.9695158028,0.9733944532,0.9834490653,0.990859281,0.998388379,1.008264106,1.013676846,1.021696835,1.029057307,1.038037219,1.047565768,1.059349114,1.072820209,1.085002789,1.099329881,1.109885145,1.118004608,1.121456702,1.119163147,1.110532991,1.09550863,1.077020157,1.05078491,1.023986566,0.9961152194,0.9691294586,0.946752207,0.9288784037,0.9172349972,0.9102855681,0.9096656119,0.9112166899,0.9142927884,0.9181924548,0.919659081,0.9204810064,0.9199942801,0.9193926404,0.9196428054,0.9224836907,0.9286183254,0.9386571843,0.9522892024,0.9682959654,0.9853287169,1.000280835,1.013119949,1.020546155,1.023137743,1.021506992,1.014814843,1.007300593,1.000390966,0.9986862417,1.00277516,1.016632939,1.039567636,1.068060199,1.105309032,1.142044515,1.177363897,1.209031219,1.230489756,1.243766803,1.246907561,1.240537475,1.224771328,1.203580375,1.179974977,1.16549277,1.043577074,0.8693067973,0.7544806771,0.7272380661,0.7527940774,0.7574871007,0.735815766,0.7359420581,0.7484912215,0.7272015346,0.6630320361,0.6028107565,0.5713412942,0.5493919949,0.5122657043,0.4550731442,0.3763903359,0.2843551164,0.1931753767,0.1311776777,0.1275304282,0.1264667477,0.1279044503,0.1317973543,0.1315804871,0.130503559,0.1268799842,0.1183639245,0.1103938334,0.09875204942,0.086402705,0.07595304921,0.06976345238,0.07227391717,0.08262531861,0.1001930142,0.1207939883,0.1440577627,0.1671920881,0.1906886359,0.2136003475,0.2359557121,0.2576589156,0.2770605496,0.2968475661,0.3128770713,0.3264353371,0.3389135134,0.3450715679,0.349480287,0.3500933365,0.3463546106,0.3384440441,0.3263940325,0.3117897463,0.293069103,0.2734986741,0.2506261384,0.2261377355,0.2040554647,0.1778745544,0.1546599088,0.132081226,0.1070885662,0.08624112829,0.06131582027,0.03599063449,0.01074627598,0.02084791486,0.05116009234,0.08418478629,0.1184486299,0.1525593982,0.186796669,0.2184452386,0.2508184511,0.273937262,0.2961775877,0.31458339,0.3231644645
7.4,1.046418175,1.044355343,1.041527443,1.033950607,1.024202385,1.010866224,0.9977542202,0.9850108666,0.9741510214,0.966513441,0.9624905081,0.9629975391,0.9636040695,0.9709845175,0.9764620608,0.9823943122,0.9904779065,0.9941564701,0.9998618581,1.004610293,1.011126682,1.018154434,1.028444217,1.041427763,1.054725317,1.071764392,1.08675929,1.100778799,1.110761368,1.116355292,1.115346305,1.107840562,1.096261333,1.075867465,1.053697664,1.028987044,1.004320606,0.9820344446,0.9636409194,0.9503697069,0.9407263871,0.93707699,0.934807171,0.9338083804,0.9326885902,0.9292846119,0.9243334593,0.9178454933,0.9113878832,0.9057146089,0.9034670828,0.905217693,0.9126904405,0.924211267,0.9398621878,0.9572876359,0.9727229084,0.986806732,0.9950620401,0.9987407292,0.9974987256,0.9924214924,0.986350212,0.9817376099,0.9841997999,0.9927739205,1.012865702,1.042275689,1.077599027,1.120495071,1.162115322,1.201033711,1.234112128,1.256266205,1.268298534,1.26947026,1.260231908,1.241501907,1.217177807,1.190683728,1.174850601,1.041819184,0.8524810699,0.7294692497,0.7061313947,0.7420330548,0.7511279976,0.7210985344,0.7094315508,0.7154993983,0.6906928096,0.6242819392,0.5669045852,0.5453799558,0.5349984336,0.5035423873,0.4432086396,0.3571935772,0.2606124086,0.1693234348,0.1101179262,0.1087612271,0.1104930469,0.1146751008,0.1206295371,0.1242631749,0.1262006887,0.1256132527,0.1207219704,0.1149479074,0.1045606536,0.09073041597,0.07548557511,0.05551781122,0.03774723657,0.02547295451,0.0317226436,0.05090417737,0.0748885262,0.09933643411,0.1235664915,0.1488081837,0.1728481258,0.196486775,0.2186453001,0.2401375738,0.2584376573,0.2736888465,0.2875750121,0.2944604771,0.2993776893,0.3004258037,0.2957559848,0.2882380907,0.2755327818,0.2604610395,0.2429258708,0.2236025742,0.2030513791,0.1818742759,0.1642608425,0.1452819889,0.1303480663,0.1182161985,0.1044022842,0.09568178002,0.0830365312,0.06930870819,0.05960638867,0.04505789221,0.0446124058,0.05888601383,0.0805941812,0.1090925285,0.1381582523,0.1660808538,0.1963537056,0.2173847362,0.2385703633,0.25662259,0.2644931789
7.5,1.044648996,1.048756873,1.051049183,1.047508919,1.04086913,1.027949182,1.014063484,0.9989670183,0.9841422253,0.9724704949,0.9639622133,0.960445662,0.9582335829,0.9631959428,0.9673915956,0.9723945907,0.9792788963,0.9816197949,0.9850101901,0.9867840921,0.9895252321,0.9927712761,0.9995251395,1.009892338,1.022539024,1.040501167,1.058818266,1.077922655,1.094208153,1.107431903,1.11411168,1.114161767,1.109301478,1.094667638,1.076886239,1.055322227,1.032929285,1.011561735,0.9937253962,0.9804926841,0.9706535492,0.9664584788,0.9632529737,0.9608016351,0.9568637517,0.9499968605,0.9397954485,0.9268006078,0.9131738174,0.8991358129,0.8890858952,0.8837771911,0.8858993345,0.8939426307,0.9082449166,0.9259087017,0.9423405286,0.958318541,0.9680799787,0.9730850723,0.9722899637,0.9677534544,0.9618180967,0.9578028836,0.9624870619,0.9741673847,0.9995791988,1.035378363,1.078074456,1.128012719,1.176227243,1.220712668,1.257301992,1.282075845,1.294634306,1.295249957,1.284452063,1.263380943,1.236517951,1.207599711,1.190538258,1.048472128,0.8455008031,0.7155084694,0.6973938564,0.7448894585,0.7593945069,0.7207187219,0.6938959439,0.6911543619,0.6616341687,0.590100108,0.5325044708,0.5211101151,0.5245487551,0.5002853428,0.4361625703,0.340944216,0.2400308705,0.1516803145,0.09590773358,0.09681224205,0.1004860283,0.1058381889,0.1124945729,0.1182719565,0.1222432072,0.1241160403,0.1236836682,0.1214270356,0.1159319505,0.1071526466,0.09558926474,0.08027246772,0.06390687831,0.04704006299,0.02988331509,0.01824071713,0.02720256795,0.04688247377,0.06856249538,0.09236189123,0.1157129066,0.1392332385,0.1623068669,0.1843051596,0.2038289936,0.2201584804,0.2345002828,0.2420723482,0.2470232013,0.2480581094,0.242709043,0.2347305144,0.2212021776,0.2053943868,0.188735176,0.1698265418,0.1521014068,0.1358776012,0.124809293,0.1173897731,0.1147866125,0.1162469939,0.1170922099,0.1194179899,0.1179418675,0.1130456361,0.1091877764,0.09710008333,0.08853922808,0.08373292236,0.08138289007,0.09309277669,0.1079538237,0.1261259861,0.1508106236,0.1668710862,0.1853792991,0.2018931958,0.208617143
7.6,1.032039345,1.042573315,1.050937587,1.053194266,1.051977675,1.042158585,1.030108668,1.014809381,0.9980453522,0.9828728707,0.9701611593,0.9622984629,0.9564375226,0.9585403111,0.9611333988,0.9654628532,0.9715699825,0.9736769908,0.9756174051,0.975078586,0.9743324405,0.9731469619,0.9750716909,0.9808098256,0.9906897847,1.007064897,1.026747846,1.049403528,1.070884037,1.091287681,1.105463534,1.113133833,1.115003291,1.106248164,1.092749003,1.07417031,1.053852931,1.033371678,1.016361528,1.003908832,0.9953874162,0.9927141575,0.9913230818,0.9904304844,0.986788015,0.9791226712,0.9657387598,0.9473568636,0.9265319732,0.9027242703,0.8824202318,0.8670385369,0.8602103006,0.8624048588,0.8735150893,0.8907366718,0.9088071821,0.9276620811,0.9404436931,0.9479898545,0.9485767369,0.944313146,0.9375888096,0.9324915502,0.9369161379,0.9495950798,0.9784144516,1.019560499,1.069440741,1.127282764,1.183585905,1.235574188,1.278060229,1.307562132,1.322734784,1.324460597,1.313292906,1.290519695,1.261344042,1.230010812,1.211543992,1.062845934,0.8507444397,0.7155825208,0.69933039,0.755469512,0.7771965481,0.7338643185,0.6933193869,0.6821597139,0.6482648892,0.5707464581,0.5088080089,0.5027672534,0.5188232297,0.5035864606,0.4364221157,0.3311218667,0.2260645794,0.1437400042,0.09500730268,0.0984454593,0.102987142,0.1075112176,0.114122674,0.1184697266,0.1227427815,0.1255729065,0.1268707733,0.1282212616,0.1269476682,0.1237465216,0.1176592555,0.1099300365,0.1008154097,0.09146775967,0.08239146582,0.07149049837,0.06309657965,0.05849027243,0.0597030345,0.06735119755,0.08059239152,0.09774406606,0.1169413792,0.1366480031,0.1551327424,0.1710209972,0.1846734997,0.1922329268,0.1966192868,0.1971173603,0.1909133202,0.1818042265,0.1670259275,0.1499955202,0.1336382558,0.1151689701,0.1012065593,0.09297386076,0.09294787935,0.1014830071,0.112976447,0.1265110757,0.1388102218,0.1481036925,0.1536428732,0.1541516333,0.1537303965,0.1446671678,0.1359149697,0.126932365,0.1140428542,0.1111724793,0.1079995521,0.1097186773,0.1228545483,0.1288710706,0.1414120295,0.1538892607,0.1579900277
7.7,1.008913416,1.024562574,1.038828367,1.048042995,1.054609388,1.051105585,1.044499607,1.032335474,1.016946282,0.9996804411,0.983537251,0.9709156523,0.9595968557,0.9573042915,0.9564771792,0.9591630062,0.9641379376,0.9670735331,0.9690431386,0.9679740295,0.9658093841,0.9609760372,0.9581682993,0.9579774226,0.9627826774,0.9741885519,0.9918179529,1.014900378,1.03896423,1.06509697,1.086074699,1.101517239,1.110709629,1.108999171,1.100859682,1.086240996,1.068634868,1.049298146,1.033058584,1.02120792,1.014304551,1.013687133,1.015606647,1.018386273,1.017901188,1.012561137,0.9993152634,0.9786475571,0.9526229013,0.9202937245,0.8891041131,0.8616546914,0.8424595579,0.8351970853,0.8396992492,0.8540218907,0.8730356036,0.8946818249,0.9116348852,0.9230738435,0.9264017097,0.9231120241,0.9155867947,0.9085907369,0.9106449144,0.9223259255,0.9522294916,0.9970455167,1.053462542,1.119384458,1.184934499,1.246098084,1.296711778,1.333011787,1.352893893,1.357470876,1.347056398,1.323326973,1.29198138,1.258096621,1.237901075,1.084605899,0.869082315,0.7307918601,0.710997187,0.7701827026,0.8000026096,0.7583222017,0.7091888204,0.6905141944,0.6536829417,0.5733211623,0.5049012781,0.4970376695,0.5212235197,0.5145542389,0.444732882,0.3305358159,0.2227297577,0.1488802695,0.1102783545,0.1153328521,0.1203335242,0.1237242288,0.1292774429,0.1309700074,0.1338424158,0.1359212298,0.1362276722,0.1395521366,0.1403030553,0.1407048591,0.139219356,0.1369431527,0.1336468245,0.1298551957,0.126341522,0.1190492761,0.1122102275,0.1050492176,0.09833341263,0.09234671059,0.08992160362,0.09246597571,0.099312207,0.1106780037,0.1234482743,0.1356285892,0.1466701238,0.1524811334,0.1552686654,0.1543863095,0.1464242626,0.1354567502,0.1182987463,0.09867977183,0.08080532544,0.06166254432,0.05355874046,0.06061481212,0.07765374986,0.1013736988,0.1231926712,0.1438398913,0.163088908,0.1761952363,0.1862407038,0.1905254552,0.1926994113,0.1866702797,0.1792876592,0.1703084934,0.1545357768,0.1459713658,0.1324841488,0.1205684831,0.1197319837,0.1113078112,0.1130880718,0.1171713563,0.1151603564
7.8,0.9782980318,0.9959616445,1.014303316,1.030050042,1.045462285,1.050759329,1.05304917,1.047930007,1.038015822,1.021875894,1.004658831,0.9883314583,0.970864274,0.962725152,0.956160246,0.9551303937,0.9575534786,0.961203122,0.9641705471,0.9644141418,0.9634806107,0.9571268467,0.9511888043,0.9452344707,0.9435242119,0.9466915557,0.9580504885,0.9770570084,0.9994711564,1.028360987,1.054322888,1.077073299,1.094157499,1.101155975,1.100368589,1.091819439,1.078625584,1.061572173,1.046368435,1.03465072,1.028838038,1.0293331,1.034483537,1.041531737,1.045916931,1.04553094,1.036016513,1.017308885,0.9898371127,0.9530045309,0.9130907748,0.874061648,0.8409028646,0.8204077738,0.8136334656,0.8204141649,0.8372023862,0.8593763462,0.8800099535,0.8957201277,0.9029396776,0.9018668918,0.8946659519,0.8864305138,0.8853699045,0.8952601994,0.9245062654,0.971459956,1.033610987,1.107229882,1.182545997,1.253819703,1.314066696,1.358632621,1.384899367,1.393850942,1.385431703,1.361715733,1.328782806,1.292626123,1.270629842,1.11384655,0.8985439858,0.7585324386,0.7314118708,0.7879365311,0.8250689313,0.7905020125,0.7386306972,0.7138649606,0.6763666132,0.5980522562,0.5236932243,0.5078471991,0.5335289724,0.5311180364,0.4580042294,0.3387953841,0.2322370996,0.1686738501,0.1387944481,0.1440011935,0.1494888107,0.1526259907,0.1561458483,0.1565912298,0.157157212,0.1573077667,0.1556416086,0.1580771497,0.1585252593,0.1596787245,0.1606340484,0.1608182653,0.1611335605,0.1610005241,0.1611211771,0.1574453641,0.1534534973,0.1481222887,0.1413725597,0.1331837956,0.1254977904,0.1198404313,0.1160038729,0.1167685582,0.120238996,0.1251845792,0.1312061244,0.1330230577,0.1328742139,0.1295620316,0.1188180973,0.1055520038,0.08504168433,0.06127421173,0.03761118624,0.009935632033,0.02462449191,0.05575808916,0.08530528108,0.1151953591,0.1413332869,0.1646907465,0.1875943086,0.2024839208,0.2154602813,0.222501237,0.2266344122,0.2234355743,0.2177495311,0.2100189537,0.1938899233,0.1838638864,0.1662538829,0.1475984108,0.1376745375,0.117380427,0.1070258011,0.09878520391,0.08578529676
7.9,0.9454305161,0.9608997799,0.9798376686,0.9995573487,1.022330825,1.036894035,1.049761395,1.054697642,1.053980795,1.043453731,1.029294146,1.012721012,0.9914934386,0.9781013972,0.9651214066,0.9587125748,0.956852004,0.9597069249,0.9632609145,0.9654340676,0.9672514215,0.9616285597,0.954735706,0.9445582961,0.9364159815,0.9295903906,0.9311084974,0.9413190149,0.956995427,0.9841660712,1.011791435,1.039954701,1.06446641,1.081018973,1.089259262,1.088895304,1.0821039,1.069000059,1.055617516,1.043975184,1.038577453,1.038949044,1.046421831,1.057372393,1.067487745,1.07392348,1.071406549,1.058970809,1.034577877,0.9986100231,0.9543116404,0.906819474,0.8608471935,0.8250240998,0.8026791244,0.7962587318,0.8055170281,0.8239147408,0.8458037179,0.864784651,0.8763385916,0.8786248047,0.8733873166,0.8654258837,0.8617884692,0.8699956622,0.8976066996,0.9455407353,1.012395544,1.093018312,1.177898317,1.259456622,1.330024984,1.383735404,1.41760534,1.43219029,1.42720468,1.404558994,1.371018968,1.333158755,1.309578568,1.148660783,0.9345549501,0.7944411881,0.7594632988,0.8090879191,0.8518609051,0.8278310235,0.7773395416,0.7478231934,0.7117328871,0.6391729111,0.5605356251,0.5335558778,0.5544999998,0.550628862,0.4741516496,0.3554300931,0.2549140475,0.2007203275,0.1746685465,0.1793948145,0.1851350485,0.1884226001,0.1897864135,0.1900429124,0.1882464675,0.1859902655,0.1824896823,0.1817936256,0.1803305605,0.1798671726,0.1809345013,0.1809895586,0.1827328475,0.1845045404,0.1864777718,0.1860262891,0.1847578572,0.1821626606,0.1772963677,0.170575143,0.1629080255,0.1556136543,0.1485156951,0.1437422805,0.1411278736,0.1400560217,0.1411744966,0.1389328807,0.1358102298,0.1302887316,0.1175103597,0.1040217214,0.08381761525,0.06308319503,0.04574889187,0.04193569889,0.05651004676,0.08224865028,0.111028418,0.1387048529,0.1647934444,0.1878311951,0.2117350576,0.2268619627,0.2413145056,0.2501868188,0.2553874828,0.2547628649,0.2506029442,0.2444459755,0.2290816516,0.2192686074,0.2005093643,0.1792031154,0.1654580427,0.1389598076,0.1211044363,0.1029333581,0.07902061845
8,0.918044808,0.9273329603,0.9422587341,0.9613040758,0.9869987109,1.008298932,1.030429376,1.045992876,1.056385673,1.055424784,1.048879202,1.036968594,1.017074564,1.001714225,0.9845207585,0.9730748457,0.9662086021,0.9663652139,0.9689810653,0.9722218329,0.9765244119,0.973057351,0.9670753476,0.9550428669,0.9421901458,0.9261086251,0.916402393,0.914504743,0.9188906267,0.9389368473,0.9634722023,0.9932605598,1.022940278,1.048016548,1.065558326,1.074476961,1.075449594,1.068034006,1.057678513,1.046843479,1.041760915,1.041482448,1.050481891,1.064790443,1.081113798,1.095535699,1.102570086,1.099909024,1.082858062,1.052804964,1.009235802,0.9580303367,0.9028277121,0.8527386671,0.8130637763,0.7891437402,0.7851623982,0.7944742086,0.8136434949,0.8334790179,0.8486889291,0.8545553318,0.8523333666,0.8457050294,0.8402345213,0.8466090066,0.8717378108,0.9195015882,0.9895048477,1.07632549,1.170023779,1.261631043,1.342768239,1.406269777,1.448728349,1.470022392,1.469925133,1.449212686,1.415972691,1.376796443,1.351854462,1.184510507,0.9714833872,0.8342962118,0.7940727208,0.8349385821,0.881459926,0.8688475787,0.8213184715,0.7874267704,0.7536635314,0.6885640025,0.6072807863,0.5689833518,0.5819517107,0.5733032659,0.4947318408,0.3807439791,0.2882071699,0.2397415399,0.2128886104,0.2174127116,0.2229770957,0.226162805,0.2260023242,0.2258218772,0.2219848277,0.2171482893,0.2122425419,0.2073408619,0.2032991208,0.2000580147,0.1992254765,0.1977465971,0.1990341739,0.2012851351,0.2035852366,0.205805227,0.2067480943,0.2068816727,0.2046629887,0.2004305139,0.1948211658,0.1886070476,0.182230025,0.1759823248,0.1716193092,0.1682738232,0.1668464743,0.1629821983,0.15844367,0.1522922004,0.1394525219,0.1282181217,0.1119448966,0.09817084597,0.08950373213,0.09080588387,0.1012026628,0.1196949114,0.1446592384,0.1670384782,0.1908043581,0.2116144578,0.2342453638,0.2483921282,0.2629193322,0.2727751072,0.2781138453,0.2799005628,0.2770563762,0.2725958551,0.2588371247,0.2500499889,0.2317989709,0.2099528844,0.1955211278,0.1664308425,0.1456935654,0.1231009934,0.09441802963
8.1,0.9039830246,0.9047779355,0.9113614944,0.9240616139,0.9461268301,0.9686399384,0.9955290131,1.019173702,1.039903043,1.050358773,1.054710867,1.051983613,1.038999817,1.026514804,1.009360464,0.9953723958,0.9845694266,0.9809227703,0.9810788946,0.9838658706,0.9893857887,0.9886656438,0.9851024889,0.9740671364,0.9595709976,0.9375867,0.9182348672,0.9036636619,0.8940951835,0.9017217195,0.9173663724,0.9430349342,0.9734855519,1.003745328,1.029027069,1.046905803,1.056110341,1.055914746,1.050109997,1.041568555,1.037498413,1.036901371,1.047008587,1.064163649,1.086650468,1.109507016,1.12756452,1.1369364,1.130644979,1.110495009,1.072584634,1.022918053,0.9636492421,0.9032677472,0.848076304,0.8056449142,0.7842113997,0.7793571312,0.7906633248,0.8073967367,0.8239757613,0.8320404004,0.8324729655,0.8269569894,0.8196242668,0.8231483697,0.8444974079,0.8905595577,0.9617111917,1.053856846,1.155509516,1.256992612,1.348967134,1.423085013,1.475156673,1.504263865,1.510393221,1.492405655,1.460182088,1.41989967,1.39382953,1.217705039,1.00599412,0.8758323543,0.83461415,0.8664466351,0.9144202344,0.9127189246,0.8682175601,0.8288273882,0.7969118837,0.7397272133,0.6570779596,0.6091180952,0.6143310626,0.6009386805,0.5216614038,0.4132178742,0.3269230356,0.2806186237,0.2503453149,0.255233002,0.2603011601,0.2628859799,0.2620784323,0.2604914895,0.2549791106,0.247501334,0.2414756618,0.2322414822,0.225682846,0.2196893325,0.2154817334,0.2124076352,0.2118365331,0.2135625937,0.2149847043,0.2191311701,0.2214738443,0.2236399262,0.2244797545,0.2223805433,0.2196483,0.215533791,0.2114822061,0.2058193234,0.2021946033,0.1993147752,0.1971883289,0.1941285681,0.1895603374,0.1839737149,0.1720625886,0.1631057587,0.1497882571,0.1393381291,0.134275278,0.1353725548,0.143605983,0.1573093016,0.178755698,0.1955670487,0.2160812977,0.2337731149,0.2532969866,0.2658452366,0.2792708503,0.2894171217,0.2943560484,0.2983974643,0.2968758732,0.2942360369,0.2829393203,0.2756147181,0.2590366611,0.2379586415,0.2244893512,0.1947821449,0.1736279834,0.1500592583,0.1202721279
8.2,0.9053891521,0.8984212437,0.8949079877,0.8971426749,0.9094321919,0.9262809341,0.9513163213,0.9777617036,1.00529875,1.026129945,1.042255916,1.051309919,1.049321129,1.044293437,1.031809522,1.018971977,1.006774194,0.9997213908,0.9968173584,0.9979612801,1.003358439,1.005509785,1.005559913,0.9983429197,0.9860351515,0.9630951214,0.9383740602,0.9138933801,0.890782084,0.8826797618,0.8839127361,0.8985906726,0.9234933746,0.9533777686,0.9828776844,1.007780371,1.024723099,1.032633896,1.032864369,1.028351388,1.026326769,1.026051802,1.036769059,1.05585802,1.083400535,1.114105484,1.143232536,1.165516289,1.17226121,1.164983846,1.137096348,1.094030828,1.036631739,0.97148176,0.9055512869,0.8472507785,0.8070864805,0.7846417007,0.7826503554,0.7911491718,0.8051072193,0.8124996662,0.8138447893,0.8081701093,0.7981969691,0.7973197296,0.8131347065,0.8554581231,0.9255335811,1.021810236,1.130565112,1.241819036,1.34498198,1.430661017,1.493460384,1.531668014,1.545288717,1.531231821,1.500942437,1.460124198,1.433447519,1.247518804,1.03756433,0.9184274097,0.8806242356,0.9032144892,0.9496636873,0.9584182219,0.9159391484,0.8681538195,0.8365605659,0.787584588,0.7052441947,0.6504935909,0.6498924465,0.6332785543,0.5539992002,0.4491604895,0.365650817,0.3194763453,0.285047992,0.2905843453,0.2951215493,0.2968446532,0.2958152895,0.292136022,0.285081513,0.2750026696,0.267838666,0.2548099418,0.2462271807,0.2382241601,0.2301631496,0.2262582385,0.2232738017,0.2239908914,0.2238018714,0.2289164948,0.2316020745,0.2345485835,0.238310864,0.2371915176,0.2373262089,0.2354257097,0.2341022475,0.230052831,0.2284247887,0.227614892,0.2259059855,0.2252204374,0.2214575533,0.2169889559,0.2062581391,0.1987749806,0.1869564926,0.1773682153,0.1741477136,0.1733475217,0.1800860107,0.1902984056,0.2087069196,0.2206776781,0.2378448686,0.2524635235,0.2676050606,0.2787632931,0.2902683479,0.3002109081,0.3046972829,0.3106927602,0.3106152672,0.3097371408,0.3017523729,0.2958526761,0.2818037322,0.2623660818,0.2506544086,0.2216218947,0.2012838439,0.1784961777,0.1485631756
8.3,0.9169022309,0.9058985074,0.894489255,0.8863279981,0.8863504068,0.8923938077,0.9091592374,0.9317854984,0.9605290111,0.987661924,1.01351239,1.034073672,1.044614431,1.049842639,1.045676364,1.037738456,1.027159143,1.018637939,1.013164078,1.012240994,1.01643523,1.021088604,1.02517273,1.023584727,1.016917014,0.9977377509,0.9731818457,0.944060666,0.9112724816,0.8881043654,0.8722590064,0.8703503299,0.8829269099,0.905508503,0.9339239843,0.9622321084,0.9850490592,1.000878738,1.007924495,1.008715327,1.009575735,1.0099716,1.020372933,1.039707912,1.070038724,1.106626456,1.145393822,1.180101459,1.200786017,1.208398354,1.193993945,1.161942055,1.112073619,1.048017852,0.9774868442,0.9084931186,0.8518209892,0.8113613638,0.7923136943,0.7877956872,0.7945921628,0.7978627868,0.7978855586,0.7906224557,0.777180424,0.7705419891,0.7789318158,0.8149967864,0.88131123,0.9796932694,1.094142888,1.214491599,1.32866425,1.426392438,1.50070268,1.549157228,1.571500057,1.562918147,1.535915573,1.495733361,1.469326766,1.273962156,1.06594275,0.9615474646,0.9314080744,0.9443329532,0.9856651111,1.004020538,0.9613549677,0.9013929473,0.8682910237,0.8282901452,0.7489985531,0.6907223974,0.68573101,0.6672393115,0.5885792051,0.4847719198,0.4009164275,0.3538317923,0.3154970927,0.3214143921,0.3257214937,0.3268440303,0.3252223915,0.3197453023,0.3109446972,0.2984347239,0.2897895898,0.2738434717,0.2637259837,0.2544376134,0.2432828062,0.2391759119,0.2342127632,0.2338982365,0.2321065255,0.2370890409,0.2391558368,0.2416265809,0.2472950386,0.2460675587,0.248366204,0.2483322163,0.2495015988,0.2476241119,0.2485824779,0.2506238537,0.2503206667,0.2526202148,0.2502670109,0.2471064536,0.2376049343,0.2307731442,0.2194378405,0.2093362898,0.2068320892,0.2032856212,0.2086815295,0.2161182831,0.2319731785,0.2400982253,0.2543965296,0.2666475103,0.2768156144,0.2873887578,0.2965278662,0.305990738,0.3100755,0.3176154733,0.3189058424,0.3194362519,0.3154034416,0.3105370537,0.2996132718,0.2824067501,0.2729487579,0.2455591549,0.2268268925,0.2058541057,0.1759141093
8.4,0.9302636349,0.9203538865,0.906366112,0.8925339287,0.8830592755,0.8779125623,0.8829767138,0.896039,0.9196858934,0.9464210965,0.9769343964,1.005393536,1.026880554,1.042496152,1.048413882,1.048174843,1.041848009,1.03466283,1.027896874,1.025140183,1.027193598,1.033178448,1.040340109,1.044349196,1.045068906,1.032744837,1.013328804,0.9855227085,0.9493851288,0.916024385,0.8853817651,0.8656177002,0.8612640882,0.8701636262,0.8910915971,0.9175456519,0.9426041287,0.9645247366,0.9778583017,0.9842837371,0.9884218608,0.9896031116,0.9986698285,1.016206995,1.046506764,1.085872029,1.131652689,1.177007353,1.211070343,1.234390235,1.235638685,1.217936683,1.18011392,1.122649454,1.053701875,0.9802818549,0.912282423,0.8566739723,0.8202917659,0.8002749994,0.7963458516,0.7925196372,0.7891363465,0.7791115937,0.7617278767,0.7484249901,0.7476528726,0.7745642364,0.8335624384,0.9307786948,1.048246298,1.175788164,1.299571307,1.408885208,1.494675216,1.553915544,1.586041845,1.584316225,1.562167776,1.524124103,1.499045582,1.295838829,1.09057486,1.004772958,0.9861600051,0.9891268412,1.021070924,1.04668422,1.001699386,0.9265013659,0.8899122303,0.8597567482,0.7869096781,0.7277887227,0.7184988177,0.6989711279,0.6217573018,0.5172196229,0.43110645,0.3819620266,0.3400604853,0.345699052,0.3503174267,0.3515361796,0.3484858302,0.3424024965,0.3315128191,0.3169265319,0.3062117459,0.2883474907,0.2768675862,0.2665508633,0.2539984921,0.2496494027,0.2438931008,0.2428433645,0.240410177,0.2442339771,0.2453216181,0.2467282529,0.2524262361,0.2507938205,0.2540000343,0.2553111667,0.2581741741,0.2588176257,0.2623585341,0.2672582804,0.2694455503,0.2743589256,0.2739382425,0.2720112779,0.2638586584,0.2568377041,0.2453547995,0.2340505371,0.2308979301,0.2244605511,0.2282490864,0.2334007026,0.2470533831,0.2525049213,0.2647102897,0.2755013468,0.2810803465,0.2917809429,0.2985911254,0.3074316704,0.3111249688,0.3196619031,0.3220278888,0.3235300546,0.3235544698,0.3195295948,0.3120573422,0.2975715615,0.2907633486,0.2658626559,0.2493061271,0.2306881652,0.2009312121
8.5,0.9392894006,0.9347801841,0.9239235481,0.9111966994,0.8985716758,0.8869089403,0.8816346555,0.8829841818,0.8969393951,0.9160205007,0.9442618157,0.9743191537,1.002238113,1.025575444,1.041020115,1.049529253,1.049228117,1.045960678,1.039600321,1.035751887,1.03489054,1.040491418,1.048480024,1.056263654,1.063824115,1.059427325,1.048304684,1.02674867,0.9939542878,0.9575109115,0.9185326131,0.8848847384,0.8637316384,0.8554645607,0.8631800582,0.8816319234,0.9036840874,0.9278681202,0.9453093818,0.9565345201,0.9636521132,0.9659421559,0.9731429728,0.9874341892,1.015256272,1.054087365,1.103610547,1.156776433,1.202397648,1.240669508,1.258165166,1.256613534,1.233766033,1.18735233,1.125406393,1.053742241,0.9810270074,0.915458623,0.8650045885,0.8302968707,0.8139800392,0.8013098884,0.792613669,0.7786406245,0.7569598976,0.7363276941,0.7250730761,0.7400113132,0.7875392212,0.8793842279,0.9960150079,1.127726505,1.258706752,1.378241373,1.474743449,1.544673096,1.58724897,1.59337834,1.57749978,1.543111717,1.520389521,1.312648118,1.112240352,1.047733968,1.043206477,1.036231478,1.054328242,1.084067948,1.036326737,0.944300859,0.9016977766,0.8815559686,0.818288488,0.7601450597,0.7455536917,0.72511595,0.6500127795,0.5443297547,0.4552460853,0.4025681955,0.3570993217,0.3619191986,0.3673380752,0.3693623296,0.3643867146,0.3589828491,0.3459351338,0.3297904222,0.3165325155,0.2976380015,0.2847379757,0.2733201625,0.2611643423,0.2562090722,0.2510613437,0.2497750288,0.2482748728,0.2503501542,0.250841678,0.2513915408,0.2550940399,0.2534601551,0.2560787726,0.2581074292,0.2613693083,0.264632488,0.2701907107,0.2773648708,0.2828896559,0.2895079189,0.2913765621,0.2904443923,0.2838883183,0.2758710469,0.2639250599,0.2511393935,0.2458119436,0.2367799667,0.238386506,0.2416706776,0.2530954052,0.2573147577,0.2682042274,0.278336676,0.2808132833,0.2918441367,0.2969446005,0.3050639887,0.3086073305,0.3172925546,0.3204245478,0.3226006427,0.3260109524,0.3231376117,0.3190698174,0.3077613884,0.3036913102,0.2821558492,0.2680513842,0.2518936027,0.2227969552
8.6,0.9422081458,0.9447950828,0.9406402792,0.934290619,0.9249121937,0.9132895954,0.9027797783,0.8948962809,0.8983310303,0.9052718785,0.9249286445,0.9496178003,0.9776955301,1.004049433,1.026281685,1.042600519,1.048984162,1.051296541,1.047166442,1.043427327,1.039541535,1.043230419,1.049448601,1.058283409,1.070318924,1.073298962,1.071552684,1.059383492,1.035340779,1.002744193,0.9632929082,0.9228952107,0.8897816702,0.8650344726,0.8566165251,0.8616757607,0.8747745305,0.895786886,0.9135591512,0.9275310134,0.9364649566,0.9404037392,0.9458055054,0.9564361095,0.9800894286,1.01555878,1.065226458,1.122465964,1.176761711,1.227526247,1.260295189,1.275040661,1.268647449,1.236366333,1.185811657,1.1213493,1.050484132,0.98101553,0.9218150233,0.875914503,0.8475290956,0.8258366987,0.8101910242,0.7910435712,0.7645731765,0.7363036511,0.7140233998,0.7149422799,0.7473886176,0.8292682364,0.9407330994,1.072977227,1.2083148,1.336070055,1.442053717,1.522092182,1.575194458,1.589818273,1.58126965,1.551979971,1.532460597,1.325256105,1.1314642,1.087863969,1.098595331,1.082568518,1.083815398,1.115414895,1.065941313,0.9567542257,0.9050474641,0.8938750713,0.8424247921,0.7862621002,0.7649135101,0.7431295269,0.6705264697,0.5642285406,0.4723252072,0.4148628355,0.3652806738,0.3693392415,0.3756773904,0.3788123677,0.3723783553,0.3682121969,0.3535244197,0.3364087151,0.320695201,0.3013095643,0.2869950555,0.2744543588,0.2637158739,0.2580920546,0.2545425564,0.2536085471,0.2543586871,0.2548580844,0.255501112,0.2557913397,0.2563932602,0.2552070016,0.2560709592,0.2581026051,0.2604740451,0.2659875774,0.2727268936,0.2813692745,0.2903471778,0.2978329553,0.3020020933,0.3018157255,0.2969998381,0.2874712584,0.2749097714,0.260489154,0.2518197823,0.2403618218,0.2391457583,0.2408839495,0.2496795562,0.254246667,0.26447375,0.2747105762,0.2761177767,0.2875489018,0.2919295546,0.2992429436,0.3032620083,0.3109331537,0.3146177706,0.3172034456,0.322910326,0.3216060094,0.3206600001,0.3129487226,0.3113369368,0.2940838394,0.2824433358,0.2686930688,0.2406523863
8.7,0.940903484,0.949026372,0.9517813601,0.9534090709,0.9508154689,0.9440607033,0.9340220203,0.9222037024,0.9181439461,0.913550751,0.9219385935,0.9366802297,0.9591957755,0.983452697,1.008337017,1.029848806,1.042184711,1.050515809,1.050101408,1.047934591,1.04205595,1.043297916,1.046100447,1.053516956,1.06708052,1.075572151,1.082346207,1.080424839,1.06790664,1.043927451,1.010312744,0.9702881637,0.9319376876,0.8951960423,0.8717875694,0.8611686295,0.8609974827,0.87344068,0.8871420407,0.9008687899,0.9097815658,0.9154859889,0.9194145086,0.9267423196,0.945324803,0.9754997284,1.021917776,1.079219433,1.138630273,1.198301654,1.244063054,1.273752051,1.283817548,1.267003573,1.230557762,1.177059151,1.113044917,1.044884823,0.9822789313,0.9296654766,0.8912488717,0.861816316,0.8386623831,0.8138515646,0.7824024025,0.7471699556,0.7145956861,0.7011391896,0.7168220823,0.7847624176,0.8872226114,1.016415234,1.15337668,1.286978846,1.400889422,1.489985578,1.552956398,1.576220589,1.575483721,1.552346091,1.536585509,1.334538175,1.146397965,1.120417612,1.146863359,1.124244293,1.108881837,1.1414028,1.091092224,0.9653806077,0.9015901868,0.8972485398,0.8585265496,0.8044169521,0.7757249543,0.7524736259,0.6822685624,0.5758756163,0.4817369749,0.4189162545,0.3644841644,0.3684131942,0.3753648811,0.37944339,0.3726726327,0.3695126014,0.3541077327,0.3365459336,0.3191623327,0.2994282557,0.2839788891,0.2705049317,0.2613167916,0.2553081419,0.2536436042,0.25357068,0.2568817064,0.2567146834,0.2581014112,0.2587421236,0.2564383975,0.2559451402,0.2546616395,0.2560496011,0.2570101207,0.2638600088,0.2711335578,0.2805135788,0.2923560745,0.3001396751,0.3062895374,0.3067327793,0.303400951,0.2923982102,0.2790597725,0.2628823666,0.250304901,0.2362343407,0.2316051746,0.2318177679,0.2374637323,0.243592208,0.2536860105,0.2648069747,0.2669800693,0.2791810344,0.2838745252,0.290428195,0.2956463888,0.3012939482,0.3054088271,0.3080786644,0.3151458808,0.3155298167,0.3174304938,0.3136080537,0.3141068492,0.3017873804,0.2925161988,0.281143077,0.2541733777
8.8,0.9382589849,0.9481732002,0.9552048982,0.9630363177,0.9673798956,0.967450832,0.9619573881,0.9515789076,0.9450276799,0.9334728602,0.9323200942,0.9365557783,0.950291934,0.9685245103,0.9916654963,1.014788722,1.031070523,1.044667816,1.048754948,1.049564329,1.043659171,1.043177544,1.042461514,1.046974173,1.059495252,1.070712494,1.083585405,1.090540868,1.089459288,1.076065552,1.051882546,1.017539666,0.9799736579,0.9376389989,0.9036589919,0.8790793752,0.8648327834,0.8651551735,0.8710411246,0.8811415615,0.8877457414,0.8943304935,0.8968145704,0.9013359525,0.9144630442,0.9383522351,0.9787863701,1.032502658,1.093325261,1.157853344,1.213440355,1.255573633,1.280633599,1.278912305,1.257334215,1.216519763,1.162248506,1.098981051,1.037218368,0.9820558748,0.9368088541,0.9019359322,0.872354643,0.8427653138,0.807063265,0.766788507,0.7259948646,0.699834021,0.6993338351,0.7509016537,0.8413503738,0.9641424104,1.100185157,1.236890488,1.356856455,1.453474174,1.525011378,1.556471923,1.563377189,1.546755291,1.53496201,1.339943721,1.153804076,1.141278968,1.183635007,1.158638048,1.129779594,1.162360378,1.111146468,0.9700843278,0.8916724111,0.8917012175,0.8655890391,0.8129778006,0.7780459747,0.7537920851,0.6850465851,0.5785655477,0.4827405748,0.4149076148,0.3557562074,0.3601701305,0.3672969234,0.3718530259,0.3657057446,0.3630477344,0.347814658,0.3302663485,0.3123901593,0.2924498552,0.2764738387,0.262510065,0.254649531,0.2485849385,0.2484854295,0.2494312674,0.2545590309,0.2547722495,0.2570609723,0.2584669984,0.2541998322,0.2546493737,0.2516231693,0.2520961735,0.2522348472,0.2593817199,0.267021432,0.2766490734,0.2904831147,0.2981500286,0.3057408942,0.3067813419,0.304282204,0.2923108093,0.2780208515,0.2601316387,0.2434913444,0.2266096617,0.2179413303,0.2161697022,0.2181892311,0.2263571127,0.2367078791,0.2493339596,0.2538043223,0.267235807,0.2732019476,0.2792761071,0.2861623877,0.2893193639,0.2937511028,0.2962529196,0.3038875235,0.3059456442,0.3104118356,0.3105596807,0.3129794549,0.3057530506,0.2987295582,0.2896265497,0.263617391
8.9,0.9369566029,0.944620637,0.9519856644,0.9623725032,0.9713963454,0.977740431,0.9785249146,0.9732513546,0.9689064884,0.9560975972,0.9498655858,0.9464552192,0.9514491075,0.9619731437,0.9800078885,1.001212415,1.018689428,1.035847094,1.044262862,1.048923993,1.045034471,1.0443997,1.041326602,1.042647311,1.052519087,1.063471453,1.079200976,1.092064869,1.100200438,1.096872766,1.083202263,1.057599992,1.025099584,0.9833951771,0.9445969329,0.9107012098,0.8849753029,0.8726622319,0.8686715593,0.8721997101,0.8740453756,0.8796054121,0.8799643826,0.8817211576,0.8893486814,0.906679637,0.9395044196,0.9869735365,1.046058028,1.111622411,1.173582504,1.225020014,1.262501682,1.274125966,1.266499009,1.238365667,1.194812017,1.138540933,1.080542597,1.026192484,0.9775903794,0.9400416337,0.9062607136,0.8737519815,0.8353884461,0.7924636283,0.7461956753,0.7103443222,0.6959789632,0.7309243598,0.8075625316,0.9212112776,1.054193266,1.191195162,1.315275817,1.417610986,1.49612915,1.534760139,1.548563417,1.538088332,1.529984892,1.340992753,1.152362507,1.149301907,1.207537974,1.185223116,1.146610807,1.177638793,1.125178512,0.9700292773,0.8751497331,0.8778335709,0.8636705548,0.8116664802,0.7722569091,0.7475063397,0.6788871489,0.5719325776,0.4745812434,0.4032639492,0.3411911877,0.3462916475,0.3533184614,0.3577377902,0.3526860251,0.3499856807,0.3355651164,0.318551182,0.3011985736,0.2817916051,0.2661154113,0.2524425545,0.2457095274,0.2398614606,0.2404775895,0.2419468965,0.2474565856,0.2484269774,0.2512738176,0.253468511,0.2483878198,0.2500611889,0.2463890445,0.246401276,0.2471888864,0.2541823707,0.2625224431,0.2723215252,0.2871692433,0.2945357993,0.3027941291,0.3042899165,0.3018419242,0.28955564,0.2742899466,0.255036017,0.2346746727,0.2151190149,0.2018880863,0.1972023953,0.1950703372,0.2047983251,0.2154044309,0.2296451214,0.2375104085,0.252281735,0.2602600472,0.2663062188,0.2750379886,0.2758550899,0.2805579577,0.2829519533,0.2905005276,0.2943819632,0.3010849098,0.305055878,0.3092886414,0.3068103887,0.301819171,0.2946832181,0.2696422609
9,0.9396661531,0.942224978,0.9462190935,0.9552144102,0.9653490541,0.9757957694,0.9823267081,0.9835284914,0.9843030811,0.9748648254,0.9683278564,0.9615488189,0.9603637775,0.9637243106,0.9751608238,0.9918706944,1.007822348,1.026284908,1.037924556,1.046404478,1.045895015,1.046630823,1.042872293,1.041632085,1.048299325,1.056592543,1.072030436,1.087337371,1.101372556,1.106161654,1.102338614,1.086646035,1.061834005,1.025560076,0.9873535326,0.9497332394,0.9169153144,0.8942432505,0.880347812,0.8755561933,0.8706399243,0.8727499874,0.8696820669,0.8680276893,0.8702679732,0.880975744,0.905620509,0.9452804213,1.000262534,1.063687479,1.128735423,1.186217378,1.233090541,1.255640538,1.260214423,1.243932777,1.210992389,1.163084577,1.110872902,1.060028337,1.011220007,0.9736866423,0.9380868972,0.9045111305,0.86518468,0.8213675263,0.7720053344,0.729454393,0.7043110388,0.7241748703,0.7867572318,0.8896501897,1.01805192,1.153016838,1.27946557,1.385711752,1.46962158,1.513958032,1.533532639,1.528395514,1.523239055,1.338414484,1.143088674,1.145075466,1.219049107,1.204032527,1.15825555,1.185808777,1.132604762,0.9649115948,0.8526039212,0.8571442712,0.8539475051,0.8014390985,0.7582164432,0.7333432185,0.664112925,0.5561473867,0.4571956779,0.3849818844,0.3233086397,0.3288585578,0.3358380439,0.3395858675,0.3356371569,0.3324332426,0.319219144,0.3034238001,0.2872067285,0.2697887921,0.2552910535,0.2429818187,0.2373382406,0.2319788977,0.2321024315,0.2329091882,0.2370952804,0.2381212431,0.2407197509,0.2432039285,0.2384018707,0.241410115,0.2385990759,0.23927075,0.2424490775,0.2497305398,0.259413846,0.2697636757,0.2845317686,0.2917842659,0.2997622227,0.3014229828,0.2984585488,0.2864460917,0.2705205513,0.2505972273,0.2277027077,0.2060920595,0.1883487072,0.1795759835,0.1726045312,0.1821606108,0.1922132514,0.2073514887,0.2189048573,0.2346552519,0.2450278012,0.2516272351,0.2623143341,0.2616014841,0.2668232626,0.2696540043,0.2768963504,0.28292035,0.291509057,0.2988735614,0.3046981895,0.306138527,0.3027799094,0.2971080876,0.2731664568
9.1,0.948758617,0.9453085286,0.9435971859,0.9481604201,0.9554677196,0.9670391122,0.9768151541,0.9835025297,0.9898503462,0.9861078743,0.98255157,0.9761310756,0.9723933469,0.970585606,0.9760016313,0.9872231694,0.9999026161,1.017470021,1.030760296,1.042147899,1.045435253,1.04831573,1.045380503,1.042745823,1.046422137,1.051003065,1.063886833,1.078806225,1.095231635,1.105822905,1.110020258,1.10382556,1.087782622,1.059630607,1.025952723,0.98933083,0.9540334299,0.9246822065,0.9027605072,0.8896520734,0.8773067519,0.8739145787,0.8661189383,0.8600168455,0.8568033552,0.8606745465,0.8770815894,0.9082177422,0.9573383926,1.016436839,1.081808043,1.142527756,1.195966576,1.227128862,1.242051515,1.236574816,1.213819897,1.175145572,1.1301607,1.084864774,1.038487778,1.003150599,0.967761676,0.9345177685,0.8954139331,0.8515381309,0.8004785938,0.7532287322,0.7200769424,0.7270225757,0.7766092791,0.8684727914,0.991508057,1.122993841,1.250402414,1.358939675,1.446666351,1.495029984,1.518984019,1.518121196,1.514967471,1.332969151,1.127404943,1.12969294,1.219281631,1.214975085,1.163406545,1.185871831,1.133609699,0.9556280455,0.825510083,0.8310854343,0.8377018682,0.7836798752,0.7357947618,0.7113199695,0.6419201212,0.5327416261,0.4325012071,0.3623031848,0.3045643618,0.310107509,0.3173478178,0.320183031,0.317032917,0.3130492483,0.3012610519,0.2874687604,0.2727550285,0.2589608699,0.2464321137,0.2365835222,0.2322198852,0.227658021,0.2261662676,0.2248352844,0.2260676643,0.2255600104,0.2267106534,0.2284342141,0.224724507,0.2287992458,0.2282988313,0.2309319668,0.2378971719,0.2465494172,0.2583410581,0.2699862192,0.2837138259,0.2914420515,0.2983887006,0.3000468542,0.2965203275,0.2853313217,0.2694800306,0.2499108742,0.2265792762,0.204062598,0.1829534229,0.1692803649,0.1569738152,0.1630242975,0.170524124,0.184740307,0.1991106355,0.2151023603,0.2278152606,0.2356611373,0.2483689742,0.2476926456,0.254062136,0.2583140599,0.265596341,0.2740091723,0.2840875207,0.2940572997,0.3011252725,0.3052085536,0.3029690445,0.2981729597,0.2756003776
9.2,0.9648263606,0.9563376218,0.9484567063,0.9470838304,0.9484382618,0.9580105848,0.9674431412,0.9768320635,0.9870713929,0.9888829731,0.9894951873,0.9855846784,0.9824587252,0.9778923288,0.9792306418,0.9855082779,0.9945803253,1.009743615,1.023287976,1.036319109,1.043012869,1.048062374,1.046903401,1.044143629,1.045376398,1.04661399,1.055866146,1.068725481,1.084734882,1.098970853,1.108844482,1.110615842,1.103045105,1.083666251,1.056573473,1.023934817,0.9899308323,0.957580949,0.9306922501,0.910937875,0.8922718317,0.8825520447,0.8694997478,0.8581888832,0.8490733441,0.8457568294,0.8536726939,0.8758041969,0.9175624703,0.9709511384,1.034523945,1.096449283,1.154174462,1.192238617,1.215874606,1.220100985,1.2070312,1.17778706,1.140860694,1.102333735,1.060517605,1.028863062,0.995475725,0.9638066801,0.9257037325,0.8823350075,0.8302382425,0.7793579394,0.7400558776,0.7358740597,0.7738820511,0.8552384728,0.9725893997,1.099960395,1.22723003,1.336712805,1.426690024,1.477466509,1.504267525,1.506378777,1.504406401,1.324195589,1.10616151,1.104813356,1.209699692,1.218580677,1.162273529,1.178362313,1.129329642,0.9439170619,0.7953856004,0.8001209613,0.8155550313,0.7596503801,0.7056351298,0.682335105,0.6143869312,0.5048068615,0.4042802469,0.338351846,0.2866400723,0.2918063281,0.2996181266,0.301685083,0.29897531,0.2942878475,0.2841165888,0.2730475107,0.2603878051,0.2512947233,0.2414371358,0.2348500756,0.23220535,0.2287145039,0.2250941878,0.2205870532,0.217579552,0.2138298554,0.2120993565,0.2116574881,0.2092944501,0.2137981228,0.2165505086,0.2221252927,0.2335987802,0.2447963631,0.2593835112,0.273135268,0.2854567216,0.2944097228,0.300186221,0.302029244,0.2985169158,0.2887173704,0.2739981253,0.2560133331,0.2345606091,0.2126745462,0.1902722611,0.1721004043,0.1550099742,0.1534031528,0.1552260458,0.1653855253,0.1803602904,0.1954017229,0.209890106,0.2196042731,0.2341514013,0.2356554413,0.2440170041,0.2508255197,0.2588263874,0.2695918991,0.2807174936,0.2922818903,0.3002462067,0.3055759394,0.3040416154,0.2996664199,0.2789286834
9.3,0.9857831308,0.9746206033,0.9619415995,0.9548251988,0.9489929889,0.9539067563,0.9595531308,0.968134576,0.979263135,0.9847666355,0.9889302609,0.9880891166,0.9874039176,0.9821738318,0.9816458892,0.984349499,0.990656784,1.002701065,1.01568036,1.029316869,1.038487193,1.045500369,1.046455272,1.044588715,1.044017547,1.043014975,1.04850003,1.058562023,1.072475432,1.08839026,1.101653051,1.109341794,1.1089227,1.097626928,1.077576661,1.050293448,1.020082448,0.9877249175,0.959146597,0.9354242119,0.9129243379,0.8976335309,0.8800202419,0.8636229468,0.8482425439,0.8375125105,0.8363271084,0.8487336273,0.8815782696,0.9280544092,0.9881095671,1.049788142,1.11002694,1.153817906,1.184728993,1.1974646,1.193307815,1.17295769,1.144142236,1.112717002,1.076964927,1.049935131,1.020270091,0.9916112877,0.9554560121,0.913512403,0.8609907647,0.8071953699,0.7628955667,0.7486594271,0.7761386309,0.8476074776,0.9589915348,1.082176599,1.208511116,1.318023306,1.408923028,1.460893627,1.489128496,1.49282084,1.491451403,1.311892641,1.081137471,1.073343099,1.1923264,1.216408498,1.15679727,1.165323437,1.121241856,0.9312991543,0.763476929,0.7643763479,0.7879600226,0.7307763654,0.6694644742,0.6481319006,0.5839911664,0.4758613824,0.3764809813,0.316034311,0.2705550748,0.2752919127,0.28388164,0.2857216545,0.2833073622,0.278537643,0.2703411846,0.262564099,0.2530400143,0.2487418754,0.2422060683,0.2392196521,0.2388142574,0.2365944624,0.2311627556,0.2234565188,0.2156406975,0.2077886396,0.2019441233,0.1979985275,0.196414344,0.2004082295,0.2064311996,0.2151832673,0.230955898,0.2453870383,0.2630372489,0.2793442928,0.2906834228,0.3013762657,0.3065375187,0.3090629154,0.3065727323,0.2986326024,0.286111548,0.2708251968,0.2527215676,0.2328841066,0.2110383803,0.1899298686,0.1696588412,0.1583196463,0.151705266,0.1539849357,0.1661704224,0.1783742295,0.1934899125,0.2053186162,0.2212551654,0.2270863368,0.2382833659,0.2486115842,0.2580850898,0.2709289095,0.2827626183,0.2950731059,0.3036632942,0.3092809557,0.3083051123,0.3042458811,0.2859130539
9.4,1.007062512,0.9963342176,0.9816556949,0.9706142006,0.958633805,0.9575666181,0.9573011339,0.9621045775,0.970878236,0.9775517984,0.983525778,0.98511016,0.98723851,0.982592734,0.9817587205,0.9821766153,0.9868534314,0.9955682965,1.007630684,1.021257658,1.031851834,1.040795125,1.043880088,1.043635085,1.041990285,1.039923214,1.042052777,1.049112303,1.060231147,1.076109563,1.090900385,1.102481826,1.107527898,1.102990239,1.089469945,1.06779554,1.042519697,1.012159585,0.984454917,0.9594603172,0.935879765,0.9169926924,0.8965451576,0.8762451403,0.8551642636,0.8373073434,0.8266570409,0.8285904632,0.850877246,0.8890950548,0.943966434,1.004156191,1.065440845,1.114093415,1.150994816,1.170972912,1.174692406,1.162082011,1.140703584,1.115916877,1.086966105,1.06503745,1.040634795,1.01652652,0.9837510019,0.9445052054,0.8925724433,0.8368075788,0.7880895182,0.7646285246,0.7819404253,0.8438525482,0.9487184467,1.068090594,1.19304842,1.302239858,1.393452899,1.445946598,1.474693679,1.478791877,1.47764317,1.297602365,1.055852618,1.039486873,1.170008713,1.210547849,1.149695654,1.149520199,1.11038233,0.9183633085,0.7312756162,0.7249588357,0.7560604731,0.6990436811,0.6299974198,0.6108581253,0.5526077578,0.448168971,0.3518424928,0.29780505,0.258004164,0.2626544018,0.2721899711,0.2747008207,0.2726831613,0.2690669812,0.263364456,0.2592617694,0.2541849536,0.2539035512,0.2510953321,0.25149492,0.2536568188,0.2527156816,0.2464038232,0.2364469621,0.2244436137,0.2129959385,0.2028006977,0.1947689678,0.1925828287,0.194880331,0.2028604491,0.2139122227,0.2324453078,0.2499479145,0.2701438495,0.2888011366,0.3000770886,0.3125570455,0.318057047,0.3218334518,0.3214476583,0.3155742671,0.3059906425,0.294051551,0.2795566213,0.2625898216,0.2421684045,0.219793691,0.1978051407,0.1781918264,0.1629149489,0.1551218264,0.1610186515,0.1680165084,0.1820209049,0.1955126632,0.2122607596,0.2238289734,0.2385166258,0.2529011417,0.2645629395,0.2791265374,0.2916246734,0.3043226584,0.3133589889,0.3190702995,0.3187537821,0.3152751048,0.2996714039
9.5,1.023171542,1.015940911,1.00279964,0.9908610127,0.9755988097,0.9691290175,0.9627563825,0.9623105057,0.9661348861,0.9717840061,0.9774091023,0.9800977437,0.98436188,0.9805884512,0.9800189165,0.9787718691,0.9824678058,0.9876062353,0.998409851,1.011527267,1.022637891,1.033604214,1.038887352,1.040883516,1.039202702,1.037080755,1.036647365,1.040865517,1.049012768,1.063556436,1.078485906,1.092366469,1.101168511,1.102225059,1.094319578,1.077929516,1.057762904,1.030368715,1.00494817,0.9804940001,0.9580651621,0.9376477481,0.9165550131,0.89429269,0.8692710998,0.8454859412,0.8260076123,0.8173440358,0.8276597023,0.8561739269,0.903962452,0.9611897825,1.022136696,1.074702239,1.116448672,1.142462449,1.152843412,1.146580305,1.131446941,1.112335252,1.089929906,1.073265772,1.055104946,1.036936365,1.009074781,0.9741988236,0.9242879306,0.8677845078,0.81567569,0.7835619704,0.7908188226,0.842957093,0.940759833,1.056399227,1.179965478,1.289000682,1.380524727,1.433527204,1.46242221,1.466302086,1.464925422,1.28344798,1.033763329,1.007105299,1.145035414,1.202218901,1.14301221,1.132999962,1.09650779,0.9047825379,0.7009634327,0.6844192556,0.7220152775,0.6667548687,0.5898668442,0.571993262,0.5206555037,0.422213032,0.3321373745,0.2865117154,0.2523229237,0.2575007663,0.2681613179,0.2722381822,0.2711809134,0.2698518655,0.2671405757,0.2667020508,0.2666638652,0.269154373,0.2698980335,0.2730746346,0.2773588003,0.2777581444,0.2714556132,0.2605361212,0.2460822096,0.232449577,0.2190737496,0.2075846116,0.2034454547,0.2028418936,0.2104574832,0.2218917916,0.2405529396,0.2599834311,0.28145168,0.3016885518,0.3137510543,0.3277749212,0.3345428311,0.3400800665,0.3424922535,0.3388249775,0.3324544184,0.3239843556,0.3127603048,0.2988548812,0.2800918171,0.2576159024,0.2349075564,0.2099233942,0.1881374591,0.1713819476,0.1691182427,0.1692579476,0.1800360773,0.193930237,0.2107285985,0.2281896497,0.2465345072,0.2649332906,0.2794157084,0.2954112657,0.3088366167,0.3219863309,0.3314458203,0.3375775019,0.3381436097,0.3356177854,0.3225639015
9.6,1.029843793,1.028257026,1.019854354,1.010373237,0.9953860374,0.9859015553,0.9750555039,0.9696917521,0.9676076421,0.9708106898,0.9743360067,0.9767132133,0.9820040522,0.9786982609,0.9782225196,0.9753788775,0.9778287932,0.9790843186,0.9878658418,0.9996981116,1.010531143,1.023355653,1.030959445,1.035768769,1.035204499,1.03404064,1.032077937,1.033938742,1.039296552,1.051742935,1.065947407,1.081051213,1.092505691,1.098299875,1.095325063,1.083832173,1.068426444,1.044176205,1.021296906,0.9980189038,0.9777150494,0.9571655573,0.9371932854,0.9150204023,0.8884208733,0.8608792658,0.8344160853,0.8161576953,0.8139806059,0.8315280711,0.870137301,0.922508217,0.9814921344,1.036806933,1.082331995,1.11334886,1.129336359,1.128131408,1.11792819,1.103252984,1.086358538,1.074577697,1.062825067,1.051321266,1.029748407,1.000718982,0.9545920649,0.8989866767,0.8451863726,0.80530921,0.8029077152,0.8450043768,0.9347073368,1.046625087,1.168693864,1.277948897,1.370100004,1.424101395,1.453268082,1.456878155,1.454991605,1.271055447,1.016365345,0.9784111544,1.119075727,1.191905178,1.137351342,1.116507722,1.079099469,0.8905200042,0.6750789689,0.6458880987,0.6884705025,0.6358801392,0.5507651471,0.532162033,0.4876761646,0.3979075335,0.3190714011,0.2847006362,0.2567715689,0.2633000591,0.2752100071,0.281524324,0.2818499749,0.2835189357,0.2837103818,0.2863663193,0.2906821292,0.2947922992,0.2982927732,0.3033799127,0.3090200454,0.3106519251,0.3049406532,0.2940273062,0.2791583218,0.264630397,0.2499233135,0.2364114118,0.2298204645,0.2258999254,0.2310727748,0.240898957,0.2568785335,0.2766087232,0.2976445017,0.3183412178,0.3316451405,0.3467666039,0.3554215768,0.3630153532,0.3684906789,0.3670876933,0.363883722,0.3586823849,0.3503679173,0.3394002325,0.3223988636,0.3005818431,0.2779423628,0.2501722394,0.2245981086,0.2019218624,0.1920188188,0.1855738665,0.1915129042,0.2040823028,0.2200356481,0.24206555,0.2635656787,0.285362837,0.3030754727,0.3203134577,0.3350474276,0.3488942115,0.3588053429,0.3658092375,0.3673699429,0.3659810155,0.3548106902
9.7,1.025037129,1.029791079,1.028167602,1.023947435,1.012585243,1.003476152,0.9910465039,0.9826172993,0.9755182129,0.9757769946,0.9762971919,0.9773218577,0.9824230676,0.9791335642,0.9783161796,0.9738624013,0.9743656038,0.9715628991,0.9772114308,0.9865615502,0.9962165851,1.010075549,1.019864798,1.027729695,1.02938724,1.0300929,1.027862957,1.028153364,1.031310689,1.041299177,1.054365214,1.070089137,1.083411997,1.093579219,1.095138573,1.088370875,1.07730882,1.056078156,1.035320925,1.013012249,0.9946015516,0.9744582965,0.9564742752,0.9359120223,0.9101006882,0.8813559917,0.8506739645,0.8249168438,0.8112384628,0.8170169131,0.8445563065,0.8897607823,0.9447184814,1.001135161,1.049254898,1.084342476,1.104994597,1.107861281,1.101345935,1.089884987,1.076769953,1.069147574,1.063064252,1.058105318,1.043886362,1.021655203,0.9812237773,0.9285795984,0.8753103753,0.8295600849,0.8186644086,0.8508874442,0.9313997427,1.039332631,1.159451991,1.269068238,1.362162645,1.417737506,1.447603687,1.451224483,1.44892942,1.261084123,1.003106935,0.9534974278,1.092805199,1.179383504,1.131728612,1.099908019,1.05814744,0.8760071314,0.6554889216,0.6121894594,0.6573800352,0.607876539,0.514331087,0.4917177085,0.4533758437,0.3759799636,0.3140547834,0.2931592576,0.2725425636,0.2806794501,0.2941580845,0.3028199954,0.3049075886,0.3092700279,0.311807844,0.3166709874,0.3237033973,0.3288042542,0.3340523055,0.3404310334,0.3464453906,0.3494440603,0.3444939968,0.3341796906,0.3204776513,0.305900676,0.2914201254,0.2771812465,0.2687072868,0.2617986218,0.2637748652,0.270738909,0.282353533,0.3005567278,0.319576501,0.3395512411,0.3538571085,0.3696170534,0.3802665906,0.3900581878,0.3982686937,0.3993545043,0.3989921151,0.3967519668,0.3912054739,0.3829793369,0.3679173259,0.3472374111,0.3255431789,0.2966955988,0.2696188669,0.2438411216,0.2281046649,0.2166458876,0.217411646,0.2272906313,0.2414993009,0.2659761856,0.2896096551,0.3139304339,0.3348067469,0.3532931815,0.3695740318,0.3843447099,0.3947318701,0.4029078169,0.405386602,0.4050044715,0.3949843642
9.8,1.009394886,1.019603851,1.025068243,1.027594978,1.022294855,1.016838856,1.006144849,0.997420139,0.9876653825,0.9855421787,0.9832146927,0.9825141125,0.9865215387,0.9830655177,0.9816329154,0.9758027103,0.9739189713,0.9672054571,0.9687205703,0.9742489684,0.9815720342,0.9949583796,1.006201154,1.016770582,1.021308139,1.024573993,1.023377914,1.023202827,1.02498117,1.032735485,1.044540697,1.060478521,1.075207311,1.08937365,1.095264378,1.093200523,1.086181394,1.067909841,1.048743125,1.026894808,1.009476756,0.9895404581,0.9734659264,0.955139857,0.9318714203,0.9040810636,0.8721439774,0.8417086117,0.8187820941,0.8132093112,0.8286116667,0.864505272,0.9131402712,0.968620418,1.017866931,1.055999239,1.080323617,1.086509126,1.082568225,1.07310918,1.062010115,1.057293655,1.055583589,1.056445637,1.049839355,1.035056014,1.001908982,0.9543458765,0.9040613926,0.855218163,0.837955418,0.861259407,0.9324369696,1.035686849,1.153288449,1.263036095,1.357061836,1.414575887,1.445520433,1.449544008,1.446915458,1.253599676,0.9924599874,0.9312197651,1.066523269,1.164635558,1.124983086,1.082981361,1.034684519,0.8617236871,0.6424909849,0.5850121693,0.6296798477,0.5837649116,0.482120046,0.4517371041,0.4189477238,0.3583572222,0.3173099668,0.3098463533,0.2968499385,0.3070453993,0.3223013413,0.333042882,0.3373184454,0.3434330725,0.3476603988,0.3537929403,0.3620420136,0.3678935831,0.374270085,0.3816180482,0.3875072107,0.3918678246,0.3878121112,0.3785342073,0.3668316285,0.3528346726,0.3395248725,0.3255692195,0.3159664026,0.3070931583,0.3061555303,0.3099625524,0.3170022898,0.3320711632,0.3479081534,0.3659856863,0.3806427787,0.396400251,0.4087080435,0.4205519604,0.430809278,0.434610637,0.4367123576,0.4372028854,0.434380876,0.4288082676,0.415917907,0.3967644513,0.3767729709,0.34798517,0.3209654473,0.2939440879,0.2741951123,0.2592053129,0.2554091075,0.2619791154,0.2739058071,0.2986886857,0.3233156319,0.3493086196,0.3727994866,0.3926854602,0.4104790171,0.426332459,0.4370206555,0.4466242736,0.4497906165,0.4501370953,0.4407761858
9.9,0.9856192046,0.9990031758,1.010132135,1.019316075,1.021094207,1.021727156,1.015687504,1.00963458,1.000351448,0.9973996371,0.993450094,0.9914718373,0.9942460284,0.9907649845,0.9888573149,0.982240747,0.9780085588,0.9679820725,0.9647707065,0.9653263566,0.9689531484,0.9798984925,0.9911548315,1.003382321,1.010747339,1.016923516,1.017871534,1.0184436,1.019939122,1.026070295,1.036763992,1.052600657,1.068382795,1.085981498,1.095987444,1.098601295,1.095531971,1.08035022,1.062545539,1.04081917,1.023395297,1.003059668,0.9880979953,0.9718132406,0.9516951299,0.926380824,0.8955739793,0.8633178803,0.834173046,0.8189896081,0.8225538835,0.8478335662,0.8882861194,0.940594962,0.9892998833,1.029148641,1.056087241,1.06467217,1.062288012,1.053660383,1.042862453,1.039552344,1.040594088,1.046209353,1.046587763,1.039688224,1.014792996,0.9740115939,0.9292004648,0.8801457659,0.8594457728,0.8758190656,0.9386501218,1.036846367,1.15150192,1.26094691,1.355560502,1.414981156,1.447042777,1.451611689,1.448525772,1.248182995,0.9830922293,0.9105136438,1.040426898,1.148052618,1.116837548,1.066072315,1.010079368,0.8478187079,0.6352991787,0.5651912801,0.606087603,0.5641948181,0.45587555,0.4146467816,0.387411813,0.3475449578,0.3277875623,0.3311262027,0.3255458701,0.338213625,0.3554704692,0.3680952399,0.3746376329,0.3818425338,0.3871436658,0.3939154273,0.4023100558,0.4090960626,0.4163758094,0.4246351142,0.4305207595,0.4361017418,0.4331533982,0.4251849889,0.4158860582,0.4028666205,0.3913040159,0.3784023491,0.3683631033,0.3587123836,0.3556580249,0.35674887,0.3598314627,0.370806583,0.3826746828,0.3978331877,0.4118686352,0.4269435419,0.4401999241,0.4536031252,0.4652185832,0.471746674,0.4760677293,0.479120996,0.4791542072,0.4761449725,0.4657364259,0.448472097,0.4307478927,0.4028365027,0.3768728216,0.3497630135,0.3272665229,0.3097911373,0.3021813623,0.3053915771,0.3147744045,0.338233797,0.3627701557,0.3896471033,0.4150382693,0.4364162387,0.4555109559,0.4724783001,0.4832114714,0.4944365111,0.4980965967,0.4989804493,0.4901005662
10,0.9581080717,0.971506287,0.9854864199,0.9996813568,1.007977979,1.015710572,1.016176606,1.015219712,1.009427595,1.007797086,1.004221778,1.002248991,1.004532268,1.001684909,0.9999389775,0.9934467381,0.9874686044,0.9750749666,0.9671236539,0.961968183,0.9606560243,0.9669700059,0.9762862154,0.9884961097,0.9978052639,1.006720386,1.010418585,1.012746659,1.014979271,1.020311391,1.030188613,1.045726652,1.062271514,1.082698325,1.096607156,1.103919319,1.105028685,1.093387014,1.07726131,1.055775814,1.037745551,1.016342878,1.001364219,0.9862440436,0.9688892287,0.9465556586,0.9182754421,0.8863948502,0.8539596741,0.8315888742,0.8248464968,0.8394720003,0.8706921405,0.91802501,0.964578684,1.004756288,1.033162501,1.04322167,1.041456763,1.03263694,1.020596774,1.017251892,1.019324628,1.028310804,1.034703961,1.035448926,1.019140602,0.9861524721,0.9486250977,0.9018578555,0.8807203502,0.8928129765,0.9493254984,1.042908339,1.154679653,1.263484476,1.358210538,1.419098297,1.451886914,1.456692383,1.452825167,1.243879047,0.9742401847,0.8910138135,1.014864932,1.130377956,1.107865103,1.049987331,0.9855909145,0.8341659867,0.6327993303,0.5528391436,0.5870136157,0.5497813011,0.4373311434,0.3838785783,0.3630250554,0.3455191408,0.3432806908,0.3532944143,0.3549633088,0.370390876,0.3899910659,0.4042866349,0.413363978,0.4209539696,0.4270889795,0.4341788912,0.4422701495,0.4502040642,0.458465739,0.4678281655,0.474037799,0.4808384326,0.479118201,0.4727085518,0.4655042553,0.454091884,0.4444604936,0.4332212072,0.4234001952,0.4140683741,0.409845201,0.4088873768,0.4091466458,0.4155148439,0.4231137831,0.4345233604,0.4468480754,0.4604440241,0.4737908031,0.4881489267,0.5005200355,0.5096231326,0.5159700337,0.5215115976,0.5245771059,0.5241806548,0.5165362667,0.5015317072,0.4863846652,0.4600923073,0.4358430848,0.409408268,0.3851443198,0.3658555948,0.3550442495,0.3549856981,0.3616524096,0.38268185,0.4062091213,0.4332713963,0.4596790616,0.4825565043,0.502641359,0.5207003678,0.5313220701,0.5442719338,0.5483264519,0.5497173202,0.5414451278
