0.000000000 0.000000000000e+00
0.001000000 4.444157965881e-06
0.002000000 5.222464806357e-06
0.003000000 2.484663297587e-06
0.004000000 -3.560505822472e-06
0.005000000 -1.264797526814e-05
0.006000000 -2.445947415865e-05
0.007000000 -3.862707392477e-05
0.008000000 -5.473712602720e-05
0.009000000 -7.233455803837e-05
0.010000000 -9.092749259364e-05
0.011000000 -1.099921519417e-04
0.012000000 -1.289780093217e-04
0.013000000 -1.473131471725e-04
0.014000000 -1.644097812347e-04
0.015000000 -1.796699089463e-04
0.016000000 -1.924910401461e-04
0.017000000 -2.022719679918e-04
0.018000000 -2.084185381589e-04
0.019000000 -2.103493748069e-04
0.020000000 -2.075015224779e-04
0.021000000 -1.993359640082e-04
0.022000000 -1.853429756857e-04
0.023000000 -1.650472822578e-04
0.024000000 -1.380129759660e-04
0.025000000 -1.038481655574e-04
0.026000000 -6.220932316135e-05
0.027000000 -1.280529902733e-05
0.028000000 4.459902363308e-05
0.029000000 1.101794590820e-04
0.030000000 1.840496576650e-04
0.031000000 2.662586729116e-04
0.032000000 3.567889747898e-04
0.033000000 4.555549240621e-04
0.034000000 5.624017199330e-04
0.035000000 6.771048303973e-04
0.036000000 7.993699118983e-04
0.037000000 9.288332221196e-04
0.038000000 1.065062526958e-03
0.039000000 1.207558499991e-03
0.040000000 1.355756610039e-03
0.041000000 1.509029489828e-03
0.042000000 1.666689776119e-03
0.043000000 1.827993409258e-03
0.044000000 1.992143377638e-03
0.045000000 2.158293890279e-03
0.046000000 2.325554958532e-03
0.047000000 2.492997365815e-03
0.048000000 2.659658002302e-03
0.049000000 2.824545539628e-03
0.050000000 2.986646418957e-03
0.051000000 3.144931124113e-03
0.052000000 3.298360710027e-03
0.053000000 3.445893555380e-03
0.054000000 3.586492307097e-03
0.055000000 3.719130983287e-03
0.056000000 3.842802200210e-03
0.057000000 3.956524488072e-03
0.058000000 4.059349659714e-03
0.059000000 4.150370195686e-03
0.060000000 4.228726608763e-03
0.061000000 4.293614750611e-03
0.062000000 4.344293023113e-03
0.063000000 4.380089456783e-03
0.064000000 4.400408618702e-03
0.065000000 4.404738312602e-03
0.066000000 4.392656033926e-03
0.067000000 4.363835143125e-03
0.068000000 4.318050720892e-03
0.069000000 4.255185069665e-03
0.070000000 4.175232826428e-03
0.071000000 4.078305652651e-03
0.072000000 3.964636468171e-03
0.073000000 3.834583196825e-03
0.074000000 3.688631992834e-03
0.075000000 3.527399918194e-03
0.076000000 3.351637042714e-03
0.077000000 3.162227939866e-03
0.078000000 2.960192553201e-03
0.079000000 2.746686409867e-03
0.080000000 2.523000159593e-03
0.081000000 2.290558419522e-03
0.082000000 2.050917907384e-03
0.083000000 1.805764847723e-03
0.084000000 1.556911638289e-03
0.085000000 1.306292766200e-03
0.086000000 1.055959966083e-03
0.087000000 8.080766152032e-04
0.088000000 5.649113634346e-04
0.089000000 3.288309989588e-04
0.090000000 1.022925537104e-04
0.091000000 -1.121653441691e-04
0.092000000 -3.119318602305e-04
0.093000000 -4.943340718603e-04
0.094000000 -6.566477969807e-04
0.095000000 -7.961091119486e-04
0.096000000 -9.099265335443e-04
0.097000000 -9.952938361156e-04
0.098000000 -1.049403471058e-03
0.099000000 -1.069460551883e-03
0.100000000 -1.052697364168e-03
0.101000000 -9.963883557068e-04
0.102000000 -8.978655582156e-04
0.103000000 -7.545343880033e-04
0.104000000 -5.638897691223e-04
0.105000000 -3.235325186853e-04
0.106000000 -3.118593029747e-05
0.107000000 3.152875120678e-04
0.108000000 7.178693608998e-04
0.109000000 1.178368447152e-03
0.110000000 1.698404214992e-03
0.111000000 2.279390229781e-03
0.112000000 2.922517942392e-03
0.113000000 3.628740795370e-03
0.114000000 4.398758758468e-03
0.115000000 5.233003382851e-03
0.116000000 6.131623464602e-03
0.117000000 7.094471409162e-03
0.118000000 8.121090388890e-03
0.119000000 9.210702386077e-03
0.120000000 1.036219721339e-02
0.121000000 1.157412260292e-02
0.122000000 1.284467545374e-02
0.123000000 1.417169432595e-02
0.124000000 1.555265326687e-02
0.125000000 1.698465705216e-02
0.126000000 1.846443792119e-02
0.127000000 1.998835388167e-02
0.128000000 2.155238865453e-02
0.129000000 2.315215332417e-02
0.130000000 2.478288975398e-02
0.131000000 2.643947582058e-02
0.132000000 2.811643251327e-02
0.133000000 2.980793293790e-02
0.134000000 3.150781325663e-02
0.135000000 3.320958558628e-02
0.136000000 3.490645286962e-02
0.137000000 3.659132572417e-02
0.138000000 3.825684126375e-02
0.139000000 3.989538387787e-02
0.140000000 4.149910794351e-02
0.141000000 4.305996243355e-02
0.142000000 4.456971737478e-02
0.143000000 4.601999209789e-02
0.144000000 4.740228521011e-02
0.145000000 4.870800621049e-02
0.146000000 4.992850865626e-02
0.147000000 5.105512477752e-02
0.148000000 5.207920142684e-02
0.149000000 5.299213723910e-02
0.150000000 5.378542086663e-02
0.151000000 5.445067014444e-02
0.152000000 5.497967203048e-02
0.153000000 5.536442315652e-02
0.154000000 5.559717081664e-02
0.155000000 5.567045421194e-02
0.156000000 5.557714576276e-02
0.157000000 5.531049229300e-02
0.158000000 5.486415588506e-02
0.159000000 5.423225419926e-02
0.160000000 5.340940004702e-02
0.161000000 5.239074000451e-02
0.162000000 5.117199185112e-02
0.163000000 4.974948061618e-02
0.164000000 4.812017301773e-02
0.165000000 4.628171007825e-02
0.166000000 4.423243770489e-02
0.167000000 4.197143502564e-02
0.168000000 3.949854027762e-02
0.169000000 3.681437405009e-02
0.170000000 3.392035969228e-02
0.171000000 3.081874070476e-02
0.172000000 2.751259494316e-02
0.173000000 2.400584547428e-02
0.174000000 2.030326793677e-02
0.175000000 1.641049427250e-02
0.176000000 1.233401270901e-02
0.177000000 8.081163889370e-03
0.178000000 3.660133062559e-03
0.179000000 -9.200617351495e-04
0.180000000 -5.649585558403e-03
0.181000000 -1.051780652212e-02
0.182000000 -1.551331987336e-02
0.183000000 -2.062397615654e-02
0.184000000 -2.583691344146e-02
0.185000000 -3.113859356243e-02
0.186000000 -3.651484229441e-02
0.187000000 -4.195089337048e-02
0.188000000 -4.743143622262e-02
0.189000000 -5.294066730574e-02
0.190000000 -5.846234484301e-02
0.191000000 -6.397984680910e-02
0.192000000 -6.947623194667e-02
0.193000000 -7.493430359087e-02
0.194000000 -8.033667605688e-02
0.195000000 -8.566584332629e-02
0.196000000 -9.090424975013e-02
0.197000000 -9.603436246933e-02
0.198000000 -1.010387452374e-01
0.199000000 -1.059001333157e-01
0.200000000 -1.106015090990e-01
0.201000000 -1.151261781158e-01
0.202000000 -1.194578450408e-01
0.203000000 -1.235806893457e-01
0.204000000 -1.274794402097e-01
0.205000000 -1.311394503064e-01
0.206000000 -1.345467680815e-01
0.207000000 -1.376882081333e-01
0.208000000 -1.405514193119e-01
0.209000000 -1.431249501556e-01
0.210000000 -1.453983112882e-01
0.211000000 -1.473620344087e-01
0.212000000 -1.490077275163e-01
0.213000000 -1.503281260247e-01
0.214000000 -1.513171394330e-01
0.215000000 -1.519698932385e-01
0.216000000 -1.522827657946e-01
0.217000000 -1.522534198364e-01
0.218000000 -1.518808284194e-01
0.219000000 -1.511652950414e-01
0.220000000 -1.501084677417e-01
0.221000000 -1.487133470016e-01
0.222000000 -1.469842872953e-01
0.223000000 -1.449269921753e-01
0.224000000 -1.425485028031e-01
0.225000000 -1.398571798715e-01
0.226000000 -1.368626788980e-01
0.227000000 -1.335759189000e-01
0.228000000 -1.300090445029e-01
0.229000000 -1.261753815604e-01
0.230000000 -1.220893864072e-01
0.231000000 -1.177665888975e-01
0.232000000 -1.132235294165e-01
0.233000000 -1.084776900896e-01
0.234000000 -1.035474204463e-01
0.235000000 -9.845185782952e-02
0.236000000 -9.321084287432e-02
0.237000000 -8.784483040988e-02
0.238000000 -8.237479616993e-02
0.239000000 -7.682213972421e-02
0.240000000 -7.120858407045e-02
0.241000000 -6.555607235116e-02
0.242000000 -5.988666218197e-02
0.243000000 -5.422241809867e-02
0.244000000 -4.858530264818e-02
0.245000000 -4.299706666398e-02
0.246000000 -3.747913927940e-02
0.247000000 -3.205251824214e-02
0.248000000 -2.673766110063e-02
0.249000000 -2.155437783691e-02
0.250000000 -1.652172552181e-02
0.251000000 -1.165790556650e-02
0.252000000 -6.980164139183e-03
0.253000000 -2.504696307598e-03
0.254000000 1.753445543356e-03
0.255000000 5.780438484060e-03
0.256000000 9.563770485489e-03
0.257000000 1.309231604083e-02
0.258000000 1.635640549050e-02
0.259000000 1.934788760421e-02
0.260000000 2.206018500295e-02
0.261000000 2.448834203611e-02
0.262000000 2.662906476303e-02
0.263000000 2.848075272572e-02
0.264000000 3.004352223833e-02
0.265000000 3.131922096045e-02
0.266000000 3.231143356395e-02
0.267000000 3.302547834839e-02
0.268000000 3.346839470549e-02
0.269000000 3.364892138083e-02
0.270000000 3.357746552907e-02
0.271000000 3.326606260770e-02
0.272000000 3.272832720383e-02
0.273000000 3.197939493787e-02
0.274000000 3.103585563729e-02
0.275000000 2.991567802258e-02
0.276000000 2.863812619596e-02
0.277000000 2.722366827032e-02
0.278000000 2.569387752264e-02
0.279000000 2.407132650003e-02
0.280000000 2.237947455010e-02
0.281000000 2.064254928785e-02
0.282000000 1.888542255003e-02
0.283000000 1.713348142410e-02
0.284000000 1.541249497234e-02
0.285000000 1.374847730199e-02
0.286000000 1.216754765992e-02
0.287000000 1.069578825402e-02
0.288000000 9.359100524162e-03
0.289000000 8.183060602424e-03
0.290000000 7.192774715148e-03
0.291000000 6.412735288700e-03
0.292000000 5.866678525746e-03
0.293000000 5.577444219966e-03
0.294000000 5.566838573943e-03
0.295000000 5.855500777704e-03
0.296000000 6.462774093886e-03
0.297000000 7.406582179865e-03
0.298000000 8.703311357440e-03
0.299000000 1.036769951681e-02
0.300000000 1.241273231380e-02
0.301000000 1.484954728760e-02
0.302000000 1.768734649094e-02
0.303000000 2.093331818557e-02
0.304000000 2.459256811346e-02
0.305000000 2.866806080882e-02
0.306000000 3.316057136703e-02
0.307000000 3.806864803563e-02
0.308000000 4.338858593829e-02
0.309000000 4.911441218694e-02
0.310000000 5.523788257891e-02
0.311000000 6.174849001648e-02
0.312000000 6.863348472491e-02
0.313000000 7.587790628343e-02
0.314000000 8.346462742039e-02
0.315000000 9.137440946113e-02
0.316000000 9.958596925379e-02
0.317000000 1.080760573356e-01
0.318000000 1.168195470404e-01
0.319000000 1.257895341858e-01
0.320000000 1.349574469220e-01
0.321000000 1.442931652609e-01
0.322000000 1.537651497549e-01
0.323000000 1.633405787351e-01
0.324000000 1.729854934724e-01
0.325000000 1.826649505743e-01
0.326000000 1.923431808873e-01
0.327000000 2.019837541332e-01
0.328000000 2.115497484704e-01
0.329000000 2.210039241386e-01
0.330000000 2.303089003155e-01
0.331000000 2.394273342921e-01
0.332000000 2.483221020501e-01
0.333000000 2.569564793129e-01
0.334000000 2.652943221300e-01
0.335000000 2.733002460508e-01
0.336000000 2.809398029421e-01
0.337000000 2.881796545108e-01
0.338000000 2.949877416029e-01
0.339000000 3.013334483633e-01
0.340000000 3.071877603656e-01
0.341000000 3.125234158424e-01
0.342000000 3.173150491788e-01
0.343000000 3.215393258677e-01
0.344000000 3.251750681637e-01
0.345000000 3.282033707169e-01
0.346000000 3.306077055172e-01
0.347000000 3.323740155311e-01
0.348000000 3.334907964689e-01
0.349000000 3.339491661811e-01
0.350000000 3.337429212442e-01
0.351000000 3.328685803606e-01
0.352000000 3.313254142688e-01
0.353000000 3.291154619263e-01
0.354000000 3.262435328008e-01
0.355000000 3.227171951798e-01
0.356000000 3.185467504808e-01
0.357000000 3.137451936204e-01
0.358000000 3.083281595743e-01
0.359000000 3.023138563366e-01
0.360000000 2.957229845583e-01
0.361000000 2.885786442209e-01
0.362000000 2.809062287687e-01
0.363000000 2.727333071976e-01
0.364000000 2.640894946593e-01
0.365000000 2.550063122122e-01
0.366000000 2.455170364038e-01
0.367000000 2.356565394334e-01
0.368000000 2.254611206970e-01
0.369000000 2.149683305634e-01
0.370000000 2.042167872827e-01
0.371000000 1.932459879635e-01
0.372000000 1.820961145955e-01
0.373000000 1.708078361256e-01
0.374000000 1.594221076186e-01
0.375000000 1.479799675579e-01
0.376000000 1.365223343542e-01
0.377000000 1.250898031403e-01
0.378000000 1.137224439328e-01
0.379000000 1.024596022398e-01
0.380000000 9.133970318566e-02
0.381000000 8.040006020652e-02
0.382000000 6.967668935507e-02
0.383000000 5.920413022260e-02
0.384000000 4.901527445759e-02
0.385000000 3.914120282165e-02
0.386000000 2.961103168210e-02
0.387000000 2.045176979231e-02
0.388000000 1.168818615897e-02
0.389000000 3.342689738358e-03
0.390000000 -4.564778357701e-03
0.391000000 -1.201683953064e-02
0.392000000 -1.899875869227e-02
0.393000000 -2.549851111604e-02
0.394000000 -3.150683474310e-02
0.395000000 -3.701726762213e-02
0.396000000 -4.202617024093e-02
0.397000000 -4.653273258969e-02
0.398000000 -5.053896587840e-02
0.399000000 -5.404967891397e-02
0.400000000 -5.707243922674e-02
0.401000000 -5.961751911924e-02
0.402000000 -6.169782689325e-02
0.403000000 -6.332882359285e-02
0.404000000 -6.452842568140e-02
0.405000000 -6.531689414909e-02
0.406000000 -6.571671062298e-02
0.407000000 -6.575244112485e-02
0.408000000 -6.545058819191e-02
0.409000000 -6.483943214113e-02
0.410000000 -6.394886232041e-02
0.411000000 -6.281019924697e-02
0.412000000 -6.145600858633e-02
0.413000000 -5.991990797308e-02
0.414000000 -5.823636771695e-02
0.415000000 -5.644050647440e-02
0.416000000 -5.456788299717e-02
0.417000000 -5.265428509401e-02
0.418000000 -5.073551696065e-02
0.419000000 -4.884718604552e-02
0.420000000 -4.702449062494e-02
0.421000000 -4.530200926090e-02
0.422000000 -4.371349330807e-02
0.423000000 -4.229166362297e-02
0.424000000 -4.106801260896e-02
0.425000000 -4.007261270439e-02
0.426000000 -3.933393238937e-02
0.427000000 -3.887866074803e-02
0.428000000 -3.873154157955e-02
0.429000000 -3.891521800125e-02
0.430000000 -3.945008843205e-02
0.431000000 -4.035417478490e-02
0.432000000 -4.164300363142e-02
0.433000000 -4.332950103336e-02
0.434000000 -4.542390166176e-02
0.435000000 -4.793367274832e-02
0.436000000 -5.086345333303e-02
0.437000000 -5.421500918950e-02
0.438000000 -5.798720372414e-02
0.439000000 -6.217598505847e-02
0.440000000 -6.677438941529e-02
0.441000000 -7.177256084008e-02
0.442000000 -7.715778719969e-02
0.443000000 -8.291455231014e-02
0.444000000 -8.902460395705e-02
0.445000000 -9.546703748372e-02
0.446000000 -1.022183945358e-01
0.447000000 -1.092527764673e-01
0.448000000 -1.165419718307e-01
0.449000000 -1.240555972954e-01
0.450000000 -1.317612512632e-01
0.451000000 -1.396246793783e-01
0.452000000 -1.476099510616e-01
0.453000000 -1.556796461381e-01
0.454000000 -1.637950505655e-01
0.455000000 -1.719163602237e-01
0.456000000 -1.800028916759e-01
0.457000000 -1.880132987713e-01
0.458000000 -1.959057939262e-01
0.459000000 -2.036383728914e-01
0.460000000 -2.111690417914e-01
0.461000000 -2.184560452071e-01
0.462000000 -2.254580940645e-01
0.463000000 -2.321345920909e-01
0.464000000 -2.384458596043e-01
0.465000000 -2.443533534159e-01
0.466000000 -2.498198816413e-01
0.467000000 -2.548098122447e-01
0.468000000 -2.592892741696e-01
0.469000000 -2.632263499493e-01
0.470000000 -2.665912587351e-01
0.471000000 -2.693565287277e-01
0.472000000 -2.714971580583e-01
0.473000000 -2.729907632208e-01
0.474000000 -2.738177142287e-01
0.475000000 -2.739612557363e-01
0.476000000 -2.734076134420e-01
0.477000000 -2.721460851687e-01
0.478000000 -2.701691161005e-01
0.479000000 -2.674723577358e-01
0.480000000 -2.640547102112e-01
0.481000000 -2.599183477332e-01
0.482000000 -2.550687269520e-01
0.483000000 -2.495145781989e-01
0.484000000 -2.432678796041e-01
0.485000000 -2.363438142050e-01
0.486000000 -2.287607102440e-01
0.487000000 -2.205399649481e-01
0.488000000 -2.117059521726e-01
0.489000000 -2.022859143754e-01
0.490000000 -1.923098394778e-01
0.491000000 -1.818103232440e-01
0.492000000 -1.708224178958e-01
0.493000000 -1.593834677480e-01
0.494000000 -1.475329327241e-01
0.495000000 -1.353122006755e-01
0.496000000 -1.227643894881e-01
0.497000000 -1.099341400148e-01
0.498000000 -9.686740092396e-02
0.499000000 -8.361120659351e-02
0.500000000 -7.021344922094e-02
0.501000000 -5.672264634871e-02
0.502000000 -4.318770502893e-02
0.503000000 -2.965768386889e-02
0.504000000 -1.618155420979e-02
0.505000000 -2.807961694908e-03
0.506000000 1.041501051947e-02
0.507000000 2.344007566690e-02
0.508000000 3.622097316022e-02
0.509000000 4.871269306397e-02
0.510000000 6.087169407553e-02
0.511000000 7.265611387713e-02
0.512000000 8.402597076294e-02
0.513000000 9.494335549374e-02
0.514000000 1.053726123855e-01
0.515000000 1.152805086971e-01
0.516000000 1.246363914475e-01
0.517000000 1.334123308591e-01
0.518000000 1.415832497015e-01
0.519000000 1.491270378804e-01
0.520000000 1.560246517041e-01
0.521000000 1.622601973362e-01
0.522000000 1.678209980338e-01
0.523000000 1.726976448572e-01
0.524000000 1.768840306231e-01
0.525000000 1.803773669696e-01
0.526000000 1.831781844860e-01
0.527000000 1.852903159559e-01
0.528000000 1.867208628491e-01
0.529000000 1.874801452902e-01
0.530000000 1.875816358167e-01
0.531000000 1.870418773277e-01
0.532000000 1.858803857068e-01
0.533000000 1.841195376835e-01
0.534000000 1.817844445741e-01
0.535000000 1.789028126191e-01
0.536000000 1.755047906996e-01
0.537000000 1.716228062841e-01
0.538000000 1.672913905137e-01
0.539000000 1.625469933925e-01
0.540000000 1.574277900937e-01
0.541000000 1.519734794434e-01
0.542000000 1.462250756729e-01
0.543000000 1.402246945704e-01
0.544000000 1.340153351816e-01
0.545000000 1.276406582323e-01
0.546000000 1.211447624553e-01
0.547000000 1.145719600121e-01
0.548000000 1.079665521976e-01
0.549000000 1.013726066106e-01
0.550000000 9.483373695598e-02
0.551000000 8.839288662982e-02
0.552000000 8.209211720652e-02
0.553000000 7.597240291942e-02
0.554000000 7.007343218596e-02
0.555000000 6.443341718544e-02
0.556000000 5.908891244845e-02
0.557000000 5.407464336306e-02
0.558000000 4.942334544380e-02
0.559000000 4.516561514684e-02
0.560000000 4.132977294725e-02
0.561000000 3.794173932379e-02
0.562000000 3.502492422262e-02
0.563000000 3.260013049495e-02
0.564000000 3.068547172426e-02
0.565000000 2.929630477839e-02
0.566000000 2.844517733915e-02
0.567000000 2.814179057933e-02
0.568000000 2.839297707287e-02
0.569000000 2.920269394097e-02
0.570000000 3.057203115317e-02
0.571000000 3.249923482053e-02
0.572000000 3.497974523738e-02
0.573000000 3.800624934859e-02
0.574000000 4.156874724336e-02
0.575000000 4.565463220177e-02
0.576000000 5.024878375000e-02
0.577000000 5.533367311243e-02
0.578000000 6.088948038512e-02
0.579000000 6.689422269602e-02
0.580000000 7.332389256205e-02
0.581000000 8.015260560305e-02
0.582000000 8.735275672749e-02
0.583000000 9.489518386481e-02
0.584000000 1.027493382847e-01
0.585000000 1.108834605147e-01
0.586000000 1.192647608447e-01
0.587000000 1.278596033885e-01
0.588000000 1.366336926627e-01
0.589000000 1.455522616351e-01
0.590000000 1.545802601989e-01
0.591000000 1.636825430302e-01
0.592000000 1.728240558032e-01
0.593000000 1.819700187506e-01
0.594000000 1.910861065840e-01
0.595000000 2.001386238139e-01
0.596000000 2.090946745451e-01
0.597000000 2.179223258606e-01
0.598000000 2.265907639518e-01
0.599000000 2.350704421974e-01
0.600000000 2.433332204495e-01
0.601000000 2.513524948378e-01
0.602000000 2.591033174624e-01
0.603000000 2.665625054091e-01
0.604000000 2.737087385844e-01
0.605000000 2.805226459346e-01
0.606000000 2.869868796841e-01
0.607000000 2.930861772961e-01
0.608000000 2.988074109323e-01
0.609000000 3.041396242590e-01
0.610000000 3.090740565215e-01
0.611000000 3.136041538786e-01
0.612000000 3.177255680628e-01
0.613000000 3.214361425013e-01
0.614000000 3.247358861033e-01
0.615000000 3.276269349851e-01
0.616000000 3.301135024727e-01
0.617000000 3.322018177816e-01
0.618000000 3.339000538352e-01
0.619000000 3.352182447411e-01
0.620000000 3.361681934962e-01
0.621000000 3.367633705415e-01
0.622000000 3.370188038362e-01
0.623000000 3.369509611578e-01
0.624000000 3.365776253757e-01
0.625000000 3.359177634771e-01
0.626000000 3.349913901512e-01
0.627000000 3.338194267622e-01
0.628000000 3.324235565579e-01
0.629000000 3.308260769759e-01
0.630000000 3.290497499153e-01
0.631000000 3.271176508458e-01
0.632000000 3.250530176244e-01
0.633000000 3.228790998831e-01
0.634000000 3.206190098372e-01
0.635000000 3.182955753506e-01
0.636000000 3.159311960701e-01
0.637000000 3.135477034184e-01
0.638000000 3.111662252022e-01
0.639000000 3.088070555611e-01
0.640000000 3.064895309439e-01
0.641000000 3.042319127582e-01
0.642000000 3.020512772946e-01
0.643000000 2.999634134803e-01
0.644000000 2.979827289653e-01
0.645000000 2.961221649953e-01
0.646000000 2.943931204667e-01
0.647000000 2.928053855074e-01
0.648000000 2.913670848680e-01
0.649000000 2.900846313486e-01
0.650000000 2.889626894301e-01
0.651000000 2.880041492185e-01
0.652000000 2.872101107508e-01
0.653000000 2.865798786549e-01
0.654000000 2.861109670952e-01
0.655000000 2.857991148813e-01
0.656000000 2.856383105606e-01
0.657000000 2.856208272621e-01
0.658000000 2.857372670069e-01
0.659000000 2.859766141527e-01
0.660000000 2.863262975917e-01
0.661000000 2.867722612765e-01
0.662000000 2.872990426107e-01
0.663000000 2.878898581996e-01
0.664000000 2.885266964238e-01
0.665000000 2.891904162684e-01
0.666000000 2.898608518104e-01
0.667000000 2.905169217482e-01
0.668000000 2.911367433323e-01
0.669000000 2.916977500450e-01
0.670000000 2.921768123637e-01
0.671000000 2.925503609338e-01
0.672000000 2.927945114759e-01
0.673000000 2.928851907504e-01
0.674000000 2.927982629080e-01
0.675000000 2.925096555615e-01
0.676000000 2.919954849274e-01
0.677000000 2.912321793998e-01
0.678000000 2.901966009383e-01
0.679000000 2.888661636738e-01
0.680000000 2.872189491606e-01
0.681000000 2.852338177303e-01
0.682000000 2.828905154361e-01
0.683000000 2.801697761058e-01
0.684000000 2.770534180586e-01
0.685000000 2.735244350776e-01
0.686000000 2.695670812687e-01
0.687000000 2.651669494758e-01
0.688000000 2.603110429636e-01
0.689000000 2.549878401233e-01
0.690000000 2.491873519954e-01
0.691000000 2.429011724498e-01
0.692000000 2.361225209049e-01
0.693000000 2.288462775116e-01
0.694000000 2.210690107665e-01
0.695000000 2.127889975659e-01
0.696000000 2.040062357472e-01
0.697000000 1.947224492064e-01
0.698000000 1.849410857177e-01
0.699000000 1.746673076174e-01
0.700000000 1.639079755468e-01
0.701000000 1.526716254845e-01
0.702000000 1.409684393243e-01
0.703000000 1.288102092862e-01
0.704000000 1.162102964707e-01
0.705000000 1.031835838901e-01
0.706000000 8.974642433037e-02
0.707000000 7.591658341465e-02
0.708000000 6.171317825212e-02
0.709000000 4.715661207000e-02
0.710000000 3.226850523299e-02
0.711000000 1.707162306118e-02
0.712000000 1.589800860562e-03
0.713000000 -1.415213341984e-02
0.714000000 -3.012843849226e-02
0.715000000 -4.631254058928e-02
0.716000000 -6.267711547834e-02
0.717000000 -7.919417124239e-02
0.718000000 -9.583513144946e-02
0.719000000 -1.125709183483e-01
0.720000000 -1.293720357434e-01
0.721000000 -1.462086512207e-01
0.722000000 -1.630506774148e-01
0.723000000 -1.798678520302e-01
0.724000000 -1.966298163501e-01
0.725000000 -2.133061919905e-01
0.726000000 -2.298666556813e-01
0.727000000 -2.462810118808e-01
0.728000000 -2.625192630547e-01
0.729000000 -2.785516774756e-01
0.730000000 -2.943488544264e-01
0.731000000 -3.098817867133e-01
0.732000000 -3.251219204197e-01
0.733000000 -3.400412118574e-01
0.734000000 -3.546121816938e-01
0.735000000 -3.688079662546e-01
0.736000000 -3.826023660256e-01
0.737000000 -3.959698913951e-01
0.738000000 -4.088858056960e-01
0.739000000 -4.213261656258e-01
0.740000000 -4.332678591361e-01
0.741000000 -4.446886408972e-01
0.742000000 -4.555671654540e-01
0.743000000 -4.658830182014e-01
0.744000000 -4.756167443111e-01
0.745000000 -4.847498757515e-01
0.746000000 -4.932649565424e-01
0.747000000 -5.011455663908e-01
0.748000000 -5.083763428500e-01
0.749000000 -5.149430021461e-01
0.750000000 -5.208323588078e-01
0.751000000 -5.260346639936e-01
0.752000000 -5.305413824046e-01
0.753000000 -5.343428218843e-01
0.754000000 -5.374304198191e-01
0.755000000 -5.397967579438e-01
0.756000000 -5.414355767409e-01
0.757000000 -5.423417894964e-01
0.758000000 -5.425114960572e-01
0.759000000 -5.419419963213e-01
0.760000000 -5.406318034713e-01
0.761000000 -5.385806569444e-01
0.762000000 -5.357895351139e-01
0.763000000 -5.322606676377e-01
0.764000000 -5.279975474117e-01
0.765000000 -5.230049420443e-01
0.766000000 -5.172889047560e-01
0.767000000 -5.108567845835e-01
0.768000000 -5.037172357563e-01
0.769000000 -4.958802260955e-01
0.770000000 -4.873570442697e-01
0.771000000 -4.781603057309e-01
0.772000000 -4.683039571388e-01
0.773000000 -4.578032790731e-01
0.774000000 -4.466748868248e-01
0.775000000 -4.349367290481e-01
0.776000000 -4.226080840512e-01
0.777000000 -4.097095535010e-01
0.778000000 -3.962630533138e-01
0.779000000 -3.822918015074e-01
0.780000000 -3.678203027909e-01
0.781000000 -3.528743296749e-01
0.782000000 -3.374808998922e-01
0.783000000 -3.216682499289e-01
0.784000000 -3.054658044768e-01
0.785000000 -2.889041416339e-01
0.786000000 -2.720149536939e-01
0.787000000 -2.548310033851e-01
0.788000000 -2.373860754395e-01
0.789000000 -2.197149233939e-01
0.790000000 -2.018532115499e-01
0.791000000 -1.838374520438e-01
0.792000000 -1.657049370057e-01
0.793000000 -1.474936658145e-01
0.794000000 -1.292422674851e-01
0.795000000 -1.109899182544e-01
0.796000000 -9.277625446567e-02
0.797000000 -7.464128087806e-02
0.798000000 -5.662527456687e-02
0.799000000 -3.876868460665e-02
0.800000000 -2.111202776509e-02
0.801000000 -3.695780466573e-03
0.802000000 1.343973268375e-02
0.803000000 3.025445349372e-02
0.804000000 4.670870754361e-02
0.805000000 6.276332393055e-02
0.806000000 7.837975698914e-02
0.807000000 9.352020955368e-02
0.808000000 1.081477573028e-01
0.809000000 1.222264737051e-01
0.810000000 1.357215550636e-01
0.811000000 1.485994451393e-01
0.812000000 1.608279588188e-01
0.813000000 1.723764042765e-01
0.814000000 1.832157030734e-01
0.815000000 1.933185076267e-01
0.816000000 2.026593154791e-01
0.817000000 2.112145797966e-01
0.818000000 2.189628155244e-01
0.819000000 2.258847006367e-01
0.820000000 2.319631719225e-01
0.821000000 2.371835147628e-01
0.822000000 2.415334463691e-01
0.823000000 2.450031919678e-01
0.824000000 2.475855534423e-01
0.825000000 2.492759699619e-01
0.826000000 2.500725701579e-01
0.827000000 2.499762154366e-01
0.828000000 2.489905340505e-01
0.829000000 2.471219455858e-01
0.830000000 2.443796755611e-01
0.831000000 2.407757598732e-01
0.832000000 2.363250388679e-01
0.833000000 2.310451408584e-01
0.834000000 2.249564549589e-01
0.835000000 2.180820931502e-01
0.836000000 2.104478415410e-01
0.837000000 2.020821008397e-01
0.838000000 1.930158161007e-01
0.839000000 1.832823958623e-01
0.840000000 1.729176208409e-01
0.841000000 1.619595424016e-01
0.842000000 1.504483710717e-01
0.843000000 1.384263554175e-01
0.844000000 1.259376516504e-01
0.845000000 1.130281843800e-01
0.846000000 9.974549897436e-02
0.847000000 8.613860603656e-02
0.848000000 7.225781854555e-02
0.849000000 5.815458225332e-02
0.850000000 4.388129996612e-02
0.851000000 2.949115037415e-02
0.852000000 1.503790212628e-02
0.853000000 5.757238759628e-04
0.854000000 -1.384100894961e-02
0.855000000 -2.815790988191e-02
0.856000000 -4.232077885115e-02
0.857000000 -5.627580052450e-02
0.858000000 -6.996974272154e-02
0.859000000 -8.335015407824e-02
0.860000000 -9.636556012725e-02
0.861000000 -1.089656569628e-01
0.862000000 -1.211015016625e-01
0.863000000 -1.327256986483e-01
0.864000000 -1.437925811785e-01
0.865000000 -1.542583871835e-01
0.866000000 -1.640814286748e-01
0.867000000 -1.732222539827e-01
0.868000000 -1.816438021068e-01
0.869000000 -1.893115484948e-01
0.870000000 -1.961936415988e-01
0.871000000 -2.022610295998e-01
0.872000000 -2.074875767298e-01
0.873000000 -2.118501686681e-01
0.874000000 -2.153288065334e-01
0.875000000 -2.179066890436e-01
0.876000000 -2.195702824695e-01
0.877000000 -2.203093780575e-01
0.878000000 -2.201171366580e-01
0.879000000 -2.189901203472e-01
0.880000000 -2.169283108925e-01
0.881000000 -2.139351149680e-01
0.882000000 -2.100173560870e-01
0.883000000 -2.051852532773e-01
0.884000000 -1.994523865842e-01
0.885000000 -1.928356495463e-01
0.886000000 -1.853551888464e-01
0.887000000 -1.770343313958e-01
0.888000000 -1.678994991692e-01
0.889000000 -1.579801121592e-01
0.890000000 -1.473084798715e-01
0.891000000 -1.359196818345e-01
0.892000000 -1.238514376420e-01
0.893000000 -1.111439670945e-01
0.894000000 -9.783984104657e-02
0.895000000 -8.398382360613e-02
0.896000000 -6.962270636877e-02
0.897000000 -5.480513540086e-02
0.898000000 -3.958143171554e-02
0.899000000 -2.400340600985e-02
0.900000000 -8.124168452862e-03
0.901000000 8.002065668542e-03
0.902000000 2.432017362585e-02
0.903000000 4.077432541802e-02
0.904000000 5.730818559910e-02
0.905000000 7.386511592933e-02
0.906000000 9.038837801743e-02
0.907000000 1.068213351295e-01
0.908000000 1.231076523507e-01
0.909000000 1.391914943008e-01
0.910000000 1.550177196243e-01
0.911000000 1.705320714972e-01
0.912000000 1.856813634191e-01
0.913000000 2.004136595890e-01
0.914000000 2.146784491942e-01
0.915000000 2.284268139786e-01
0.916000000 2.416115884938e-01
0.917000000 2.541875124775e-01
0.918000000 2.661113748468e-01
0.919000000 2.773421488373e-01
0.920000000 2.878411178675e-01
0.921000000 2.975719917549e-01
0.922000000 3.065010129595e-01
0.923000000 3.145970525804e-01
0.924000000 3.218316958826e-01
0.925000000 3.281793171811e-01
0.926000000 3.336171439614e-01
0.927000000 3.381253101655e-01
0.928000000 3.416868986238e-01
0.929000000 3.442879726614e-01
0.930000000 3.459175969575e-01
0.931000000 3.465678477817e-01
0.932000000 3.462338127780e-01
0.933000000 3.449135805113e-01
0.934000000 3.426082200303e-01
0.935000000 3.393217507437e-01
0.936000000 3.350611029413e-01
0.937000000 3.298360693257e-01
0.938000000 3.236592479546e-01
0.939000000 3.165459770185e-01
0.940000000 3.085142619084e-01
0.941000000 2.995846950473e-01
0.942000000 2.897803689807e-01
0.943000000 2.791267832372e-01
0.944000000 2.676517454817e-01
0.945000000 2.553852674956e-01
0.946000000 2.423594565226e-01
0.947000000 2.286084025227e-01
0.948000000 2.141680618761e-01
0.949000000 1.990761380765e-01
0.950000000 1.833719599454e-01
0.951000000 1.670963578895e-01
0.952000000 1.502915387142e-01
0.953000000 1.330009594851e-01
0.954000000 1.152692009194e-01
0.955000000 9.714184076216e-02
0.956000000 7.866532758677e-02
0.957000000 5.988685542922e-02
0.958000000 4.085423964487e-02
0.959000000 2.161579434616e-02
0.960000000 2.220211752525e-03
0.961000000 -1.728355624618e-02
0.962000000 -3.684641404172e-02
0.963000000 -5.641923553503e-02
0.964000000 -7.595297443047e-02
0.965000000 -9.539877141945e-02
0.966000000 -1.147080581072e-01
0.967000000 -1.338326575673e-01
0.968000000 -1.527248814392e-01
0.969000000 -1.713376235112e-01
0.970000000 -1.896244497642e-01
0.971000000 -2.075396848714e-01
0.972000000 -2.250384951824e-01
0.973000000 -2.420769682365e-01
0.974000000 -2.586121888787e-01
0.975000000 -2.746023120651e-01
0.976000000 -2.900066324680e-01
0.977000000 -3.047856510023e-01
0.978000000 -3.189011384105e-01
0.979000000 -3.323161960516e-01
0.980000000 -3.449953140507e-01
0.981000000 -3.569044269679e-01
0.982000000 -3.680109671515e-01
0.983000000 -3.782839159377e-01
0.984000000 -3.876938528590e-01
0.985000000 -3.962130030185e-01
0.986000000 -4.038152827780e-01
0.987000000 -4.104763439011e-01
0.988000000 -4.161736162786e-01
0.989000000 -4.208863493498e-01
0.990000000 -4.245956523174e-01
0.991000000 -4.272845332355e-01
0.992000000 -4.289379370305e-01
0.993000000 -4.295427824932e-01
0.994000000 -4.290879982584e-01
0.995000000 -4.275645577632e-01
0.996000000 -4.249655131525e-01
0.997000000 -4.212860280737e-01
0.998000000 -4.165234092762e-01
0.999000000 -4.106771369080e-01
1.000000000 -4.037488933725e-01
1.001000000 -3.957425905867e-01
1.002000000 -3.866643954543e-01
1.003000000 -3.765227533442e-01
1.004000000 -3.653284093435e-01
1.005000000 -3.530944270301e-01
1.006000000 -3.398362044914e-01
1.007000000 -3.255714872986e-01
1.008000000 -3.103203781265e-01
1.009000000 -2.941053427006e-01
1.010000000 -2.769512117355e-01
1.011000000 -2.588851785253e-01
1.012000000 -2.399367918386e-01
1.013000000 -2.201379437670e-01
1.014000000 -1.995228521782e-01
1.015000000 -1.781280374272e-01
1.016000000 -1.559922929862e-01
1.017000000 -1.331566496623e-01
1.018000000 -1.096643330894e-01
1.019000000 -8.556071419267e-02
1.020000000 -6.089325234842e-02
1.021000000 -3.571143098331e-02
1.022000000 -1.006668538517e-02
1.023000000 1.598767747281e-02
1.024000000 4.239656725898e-02
1.025000000 6.910320688964e-02
1.026000000 9.604923750409e-02
1.027000000 1.231748318556e-01
1.028000000 1.504188161212e-01
1.029000000 1.777188000875e-01
1.030000000 2.050113156201e-01
1.031000000 2.322319632738e-01
1.032000000 2.593155668526e-01
1.033000000 2.861963356698e-01
1.034000000 3.128080342104e-01
1.035000000 3.390841588419e-01
1.036000000 3.649581211641e-01
1.037000000 3.903634375375e-01
1.038000000 4.152339242733e-01
1.039000000 4.395038979189e-01
1.040000000 4.631083800185e-01
1.041000000 4.859833056810e-01
1.042000000 5.080657352387e-01
1.043000000 5.292940682365e-01
1.044000000 5.496082589472e-01
1.045000000 5.689500325703e-01
1.046000000 5.872631012364e-01
1.047000000 6.044933789044e-01
1.048000000 6.205891942145e-01
1.049000000 6.355015003327e-01
1.050000000 6.491840808044e-01
1.051000000 6.615937504213e-01
1.052000000 6.726905500947e-01
1.053000000 6.824379347250e-01
1.054000000 6.908029530577e-01
1.055000000 6.977564185250e-01
1.056000000 7.032730700798e-01
1.057000000 7.073317220541e-01
1.058000000 7.099154020896e-01
1.059000000 7.110114762247e-01
1.060000000 7.106117602529e-01
1.061000000 7.087126165119e-01
1.062000000 7.053150353057e-01
1.063000000 7.004247002188e-01
1.064000000 6.940520366337e-01
1.065000000 6.862122428307e-01
1.066000000 6.769253031117e-01
1.067000000 6.662159824652e-01
1.068000000 6.541138023646e-01
1.069000000 6.406529973716e-01
1.070000000 6.258724523021e-01
1.071000000 6.098156197982e-01
1.072000000 5.925304182408e-01
1.073000000 5.740691100281e-01
1.074000000 5.544881603425e-01
1.075000000 5.338480766226e-01
1.076000000 5.122132290542e-01
1.077000000 4.896516524929e-01
1.078000000 4.662348303264e-01
1.079000000 4.420374608844e-01
1.080000000 4.171372070975e-01
1.081000000 3.916144302019e-01
1.082000000 3.655519083788e-01
1.083000000 3.390345413079e-01
1.084000000 3.121490416980e-01
1.085000000 2.849836149441e-01
1.086000000 2.576276281349e-01
1.087000000 2.301712697124e-01
1.088000000 2.027052011489e-01
1.089000000 1.753202020745e-01
1.090000000 1.481068103411e-01
1.091000000 1.211549585615e-01
1.092000000 9.455360870367e-02
1.093000000 6.839038635871e-02
1.094000000 4.275121632690e-02
1.095000000 1.771996118978e-02
1.096000000 -6.621935453048e-03
1.097000000 -3.019579939802e-02
1.098000000 -5.292606822257e-02
1.099000000 -7.474062397287e-02
1.100000000 -9.557111450754e-02
1.101000000 -1.153532618797e-01
1.102000000 -1.340271561780e-01
1.103000000 -1.515375332935e-01
1.104000000 -1.678340351347e-01
1.105000000 -1.828714508759e-01
1.106000000 -1.966099378950e-01
1.107000000 -2.090152211365e-01
1.108000000 -2.200587697205e-01
1.109000000 -2.297179497147e-01
1.110000000 -2.379761520828e-01
1.111000000 -2.448228949323e-01
1.112000000 -2.502538992974e-01
1.113000000 -2.542711378062e-01
1.114000000 -2.568828557102e-01
1.115000000 -2.581035638754e-01
1.116000000 -2.579540034677e-01
1.117000000 -2.564610821981e-01
1.118000000 -2.536577821287e-01
1.119000000 -2.495830391773e-01
1.120000000 -2.442815945997e-01
1.121000000 -2.378038188622e-01
1.122000000 -2.302055084625e-01
1.123000000 -2.215476563864e-01
1.124000000 -2.118961970302e-01
1.125000000 -2.013217265456e-01
1.126000000 -1.898991996994e-01
1.127000000 -1.777076044586e-01
1.128000000 -1.648296156404e-01
1.129000000 -1.513512290746e-01
1.130000000 -1.373613778418e-01
1.131000000 -1.229515322485e-01
1.132000000 -1.082152852998e-01
1.133000000 -9.324792551553e-02
1.134000000 -7.814599901748e-02
1.135000000 -6.300686288341e-02
1.136000000 -4.792823182788e-02
1.137000000 -3.300772031957e-02
1.138000000 -1.834238228728e-02
1.139000000 -4.028250598073e-03
1.140000000 9.840121488443e-03
1.141000000 2.317011467577e-02
1.142000000 3.587149158336e-02
1.143000000 4.785683609625e-02
1.144000000 5.904198193436e-02
1.145000000 6.934642829909e-02
1.146000000 7.869374050028e-02
1.147000000 8.701193352314e-02
1.148000000 9.423383656233e-02
1.149000000 1.002974366276e-01
1.150000000 1.051461994142e-01
1.151000000 1.087293657275e-01
1.152000000 1.110022218613e-01
1.153000000 1.119263424413e-01
1.154000000 1.114698043745e-01
1.155000000 1.096073706739e-01
1.156000000 1.063206430693e-01
1.157000000 1.015981824611e-01
1.158000000 9.543559642681e-02
1.159000000 8.783559314560e-02
1.160000000 7.880800126928e-02
1.161000000 6.836975543381e-02
1.162000000 5.654484727233e-02
1.163000000 4.336424196182e-02
1.164000000 2.886576050628e-02
1.165000000 1.309392813088e-02
1.166000000 -3.900210667696e-03
1.167000000 -2.205930970026e-02
1.168000000 -4.131997041215e-02
1.169000000 -6.161302191341e-02
1.170000000 -8.286383050770e-02
1.171000000 -1.049926373614e-01
1.172000000 -1.279149228054e-01
1.173000000 -1.515417956201e-01
1.174000000 -1.757804055201e-01
1.175000000 -2.005343769277e-01
1.176000000 -2.257042620075e-01
1.177000000 -2.511880108259e-01
1.178000000 -2.768814564017e-01
1.179000000 -3.026788123253e-01
1.180000000 -3.284731805510e-01
1.181000000 -3.541570668987e-01
1.182000000 -3.796229017515e-01
1.183000000 -4.047635633961e-01
1.184000000 -4.294729014225e-01
1.185000000 -4.536462575907e-01
1.186000000 -4.771809815643e-01
1.187000000 -4.999769389291e-01
1.188000000 -5.219370089364e-01
1.189000000 -5.429675694494e-01
1.190000000 -5.629789666233e-01
1.191000000 -5.818859669144e-01
1.192000000 -5.996081890880e-01
1.193000000 -6.160705139864e-01
1.194000000 -6.312034699180e-01
1.195000000 -6.449435916399e-01
1.196000000 -6.572337510327e-01
1.197000000 -6.680234576955e-01
1.198000000 -6.772691278356e-01
1.199000000 -6.849343199783e-01
1.200000000 -6.909899361833e-01
1.201000000 -6.954143876205e-01
1.202000000 -6.981937235357e-01
1.203000000 -6.993217228142e-01
1.204000000 -6.987999475376e-01
1.205000000 -6.966377581174e-01
1.206000000 -6.928522897815e-01
1.207000000 -6.874683903853e-01
1.208000000 -6.805185197126e-01
1.209000000 -6.720426106281e-01
1.210000000 -6.620878926385e-01
1.211000000 -6.507086786102e-01
1.212000000 -6.379661155819e-01
1.213000000 -6.239279007968e-01
1.214000000 -6.086679642585e-01
1.215000000 -5.922661192904e-01
1.216000000 -5.748076827455e-01
1.217000000 -5.563830666750e-01
1.218000000 -5.370873434142e-01
1.219000000 -5.170197861879e-01
1.220000000 -4.962833874682e-01
1.221000000 -4.749843574403e-01
1.222000000 -4.532316050393e-01
1.223000000 -4.311362041209e-01
1.224000000 -4.088108474111e-01
1.225000000 -3.863692909528e-01
1.226000000 -3.639257918253e-01
1.227000000 -3.415945419536e-01
1.228000000 -3.194891008580e-01
1.229000000 -2.977218302047e-01
1.230000000 -2.764033330229e-01
1.231000000 -2.556419004344e-01
1.232000000 -2.355429687179e-01
1.233000000 -2.162085894809e-01
1.234000000 -1.977369156584e-01
1.235000000 -1.802217059825e-01
1.236000000 -1.637518504812e-01
1.237000000 -1.484109194657e-01
1.238000000 -1.342767383527e-01
1.239000000 -1.214209905411e-01
1.240000000 -1.099088504288e-01
1.241000000 -9.979864850368e-02
1.242000000 -9.114157028693e-02
1.243000000 -8.398139073668e-02
1.244000000 -7.835424554365e-02
1.245000000 -7.428844056535e-02
1.246000000 -7.180430045298e-02
1.247000000 -7.091405732756e-02
1.248000000 -7.162178015829e-02
1.249000000 -7.392334528923e-02
1.250000000 -7.780644835058e-02
1.251000000 -8.325065757863e-02
1.252000000 -9.022750835635e-02
1.253000000 -9.870063857415e-02
1.254000000 -1.086259641997e-01
1.255000000 -1.199518942377e-01
1.256000000 -1.326195840558e-01
1.257000000 -1.465632258540e-01
1.258000000 -1.617103748592e-01
1.259000000 -1.779823096419e-01
1.260000000 -1.952944247704e-01
1.261000000 -2.135566538505e-01
1.262000000 -2.326739208330e-01
1.263000000 -2.525466173271e-01
1.264000000 -2.730711035145e-01
1.265000000 -2.941402301338e-01
1.266000000 -3.156438788911e-01
1.267000000 -3.374695185528e-01
1.268000000 -3.595027738883e-01
1.269000000 -3.816280045596e-01
1.270000000 -4.037288909994e-01
1.271000000 -4.256890242739e-01
1.272000000 -4.473924969030e-01
1.273000000 -4.687244915996e-01
1.274000000 -4.895718648945e-01
1.275000000 -5.098237226337e-01
1.276000000 -5.293719843741e-01
1.277000000 -5.481119337517e-01
1.278000000 -5.659427519698e-01
1.279000000 -5.827680316312e-01
1.280000000 -5.984962682404e-01
1.281000000 -6.130413268102e-01
1.282000000 -6.263228811347e-01
1.283000000 -6.382668234259e-01
1.284000000 -6.488056421634e-01
1.285000000 -6.578787661681e-01
1.286000000 -6.654328730823e-01
1.287000000 -6.714221606220e-01
1.288000000 -6.758085791583e-01
1.289000000 -6.785620243830e-01
1.290000000 -6.796604890200e-01
1.291000000 -6.790901727569e-01
1.292000000 -6.768455497854e-01
1.293000000 -6.729293935613e-01
1.294000000 -6.673527586164e-01
1.295000000 -6.601349194788e-01
1.296000000 -6.513032669810e-01
1.297000000 -6.408931624605e-01
1.298000000 -6.289477505738e-01
1.299000000 -6.155177316681e-01
1.300000000 -6.006610948607e-01
1.301000000 -5.844428131890e-01
1.302000000 -5.669345023903e-01
1.303000000 -5.482140450648e-01
1.304000000 -5.283651821579e-01
1.305000000 -5.074770738721e-01
1.306000000 -4.856438322809e-01
1.307000000 -4.629640280691e-01
1.308000000 -4.395401739616e-01
1.309000000 -4.154781875292e-01
1.310000000 -3.908868361713e-01
1.311000000 -3.658771671715e-01
1.312000000 -3.405619258057e-01
1.313000000 -3.150549645464e-01
1.314000000 -2.894706464612e-01
1.315000000 -2.639232459322e-01
1.316000000 -2.385263498478e-01
1.317000000 -2.133922624135e-01
1.318000000 -1.886314167177e-01
1.319000000 -1.643517961534e-01
1.320000000 -1.406583687525e-01
1.321000000 -1.176525374209e-01
1.322000000 -9.543160898623e-02
1.323000000 -7.408828487231e-02
1.324000000 -5.371017610541e-02
1.325000000 -3.437934523129e-02
1.326000000 -1.617187758460e-02
1.327000000 8.425158002172e-04
1.328000000 1.660086151108e-02
1.329000000 3.104725136335e-02
1.330000000 4.413313252390e-02
1.331000000 5.581755858538e-02
1.332000000 6.606740022627e-02
1.333000000 7.485751430361e-02
1.334000000 8.217087044342e-02
1.335000000 8.799863441676e-02
1.336000000 9.234020781691e-02
1.337000000 9.520322378308e-02
1.338000000 9.660349874794e-02
1.339000000 9.656494041851e-02
1.340000000 9.511941243146e-02
1.341000000 9.230655635333e-02
1.342000000 8.817357192246e-02
1.343000000 8.277495665125e-02
1.344000000 7.617220612383e-02
1.345000000 6.843347653341e-02
1.346000000 5.963321120564e-02
1.347000000 4.985173304680e-02
1.348000000 3.917480503852e-02
1.349000000 2.769316107262e-02
1.350000000 1.550200957944e-02
1.351000000 2.700512550672e-03
1.352000000 -1.060875730915e-02
1.353000000 -2.432037844823e-02
1.354000000 -3.832665839183e-02
1.355000000 -5.251822467757e-02
1.356000000 -6.678462568103e-02
1.357000000 -8.101493815399e-02
1.358000000 -9.509837825779e-02
1.359000000 -1.089249128510e-01
1.360000000 -1.223858677846e-01
1.361000000 -1.353745299690e-01
1.362000000 -1.477867400050e-01
1.363000000 -1.595214722164e-01
1.364000000 -1.704813989844e-01
1.365000000 -1.805734363595e-01
1.366000000 -1.897092680258e-01
1.367000000 -1.978058447968e-01
1.368000000 -2.047858569530e-01
1.369000000 -2.105781768640e-01
1.370000000 -2.151182694981e-01
1.371000000 -2.183485685823e-01
1.372000000 -2.202188163565e-01
1.373000000 -2.206863650547e-01
1.374000000 -2.197164384438e-01
1.375000000 -2.172823519591e-01
1.376000000 -2.133656901931e-01
1.377000000 -2.079564407149e-01
1.378000000 -2.010530834275e-01
1.379000000 -1.926626349045e-01
1.380000000 -1.828006473806e-01
1.381000000 -1.714911623124e-01
1.382000000 -1.587666186636e-01
1.383000000 -1.446677163062e-01
1.384000000 -1.292432351686e-01
1.385000000 -1.125498109930e-01
1.386000000 -9.465166879582e-02
1.387000000 -7.562031534828e-02
1.388000000 -5.553419221120e-02
1.389000000 -3.447829106927e-02
1.390000000 -1.254373330930e-02
1.391000000 1.017268402135e-02
1.392000000 3.356897356058e-02
1.393000000 5.753847179790e-02
1.394000000 8.197037942304e-02
1.395000000 1.067503250768e-01
1.396000000 1.317609495974e-01
1.397000000 1.568825077446e-01
1.398000000 1.819934842858e-01
1.399000000 2.069712212519e-01
1.400000000 2.316925531032e-01
1.401000000 2.560344465043e-01
1.402000000 2.798746413743e-01
1.403000000 3.030922898695e-01
1.404000000 3.255685899606e-01
1.405000000 3.471874102920e-01
1.406000000 3.678359030481e-01
1.407000000 3.874051016158e-01
1.408000000 4.057904999004e-01
1.409000000 4.228926102495e-01
1.410000000 4.386174970443e-01
1.411000000 4.528772831417e-01
1.412000000 4.655906264887e-01
1.413000000 4.766831643823e-01
1.414000000 4.860879230139e-01
1.415000000 4.937456901161e-01
1.416000000 4.996053487177e-01
1.417000000 5.036241702137e-01
1.418000000 5.057680651675e-01
1.419000000 5.060117904796e-01
1.420000000 5.043391117817e-01
1.421000000 5.007429201502e-01
1.422000000 4.952253024643e-01
1.423000000 4.877975649785e-01
1.424000000 4.784802099197e-01
1.425000000 4.673028651626e-01
1.426000000 4.543041672816e-01
1.427000000 4.395315985186e-01
1.428000000 4.230412784461e-01
1.429000000 4.048977113402e-01
1.430000000 3.851734905085e-01
1.431000000 3.639489610410e-01
1.432000000 3.413118426704e-01
1.433000000 3.173568146340e-01
1.434000000 2.921850646272e-01
1.435000000 2.659038041280e-01
1.436000000 2.386257525441e-01
1.437000000 2.104685927989e-01
1.438000000 1.815544011213e-01
1.439000000 1.520090539370e-01
1.440000000 1.219616148826e-01
1.441000000 9.154370506258e-02
1.442000000 6.088885976113e-02
1.443000000 3.013187489005e-02
1.444000000 -5.918534927405e-04
1.445000000 -3.114699322154e-02
1.446000000 -6.139894022736e-02
1.447000000 -9.121447951604e-02
1.448000000 -1.204624395439e-01
1.449000000 -1.490143366481e-01
1.450000000 -1.767450062407e-01
1.451000000 -2.035332175426e-01
1.452000000 -2.292622687194e-01
1.453000000 -2.538205593811e-01
1.454000000 -2.771021375266e-01
1.455000000 -2.990072181433e-01
1.456000000 -3.194426708208e-01
1.457000000 -3.383224738963e-01
1.458000000 -3.555681328239e-01
1.459000000 -3.711090606422e-01
1.460000000 -3.848829186139e-01
1.461000000 -3.968359153141e-01
1.462000000 -4.069230626582e-01
1.463000000 -4.151083875865e-01
1.464000000 -4.213650983461e-01
1.465000000 -4.256757045482e-01
1.466000000 -4.280320904167e-01
1.467000000 -4.284355408848e-01
1.468000000 -4.268967204371e-01
1.469000000 -4.234356048431e-01
1.470000000 -4.180813661623e-01
1.471000000 -4.108722116498e-01
1.472000000 -4.018551774201e-01
1.473000000 -3.910858779632e-01
1.474000000 -3.786282128328e-01
1.475000000 -3.645540320423e-01
1.476000000 -3.489427619189e-01
1.477000000 -3.318809933649e-01
1.478000000 -3.134620346677e-01
1.479000000 -2.937854311787e-01
1.480000000 -2.729564543510e-01
1.481000000 -2.510855627776e-01
1.482000000 -2.282878380149e-01
1.483000000 -2.046823981008e-01
1.484000000 -1.803917917874e-01
1.485000000 -1.555413766063e-01
1.486000000 -1.302586839572e-01
1.487000000 -1.046727744801e-01
1.488000000 -7.891358700960e-02
1.489000000 -5.311128444352e-02
1.490000000 -2.739559986387e-02
1.491000000 -1.895186245394e-03
1.492000000 2.326302693927e-02
1.493000000 4.795446694899e-02
1.494000000 7.205753762718e-02
1.495000000 9.545422274208e-02
1.496000000 1.180306697684e-01
1.497000000 1.396777511708e-01
1.498000000 1.602916003699e-01
1.499000000 1.797741197097e-01
1.500000000 1.980334578901e-01
1.501000000 2.149844544956e-01
1.502000000 2.305490494211e-01
1.503000000 2.446566551826e-01
1.504000000 2.572444902962e-01
1.505000000 2.682578721119e-01
1.506000000 2.776504677015e-01
1.507000000 2.853845016186e-01
1.508000000 2.914309195735e-01
1.509000000 2.957695072950e-01
1.510000000 2.983889640830e-01
1.511000000 2.992869307896e-01
1.512000000 2.984699722048e-01
1.513000000 2.959535140526e-01
1.514000000 2.917617350407e-01
1.515000000 2.859274146360e-01
1.516000000 2.784917374630e-01
1.517000000 2.695040554461e-01
1.518000000 2.590216090275e-01
1.519000000 2.471092090044e-01
1.520000000 2.338388807235e-01
1.521000000 2.192894725624e-01
1.522000000 2.035462308058e-01
1.523000000 1.867003431906e-01
1.524000000 1.688484535500e-01
1.525000000 1.500921501274e-01
1.526000000 1.305374302611e-01
1.527000000 1.102941442513e-01
1.528000000 8.947542132307e-02
1.529000000 6.819708067913e-02
1.530000000 4.657703070730e-02
1.531000000 2.473465945526e-02
1.532000000 2.790219523126e-03
1.533000000 -1.913578945850e-02
1.534000000 -4.092323759467e-02
1.535000000 -6.245297758088e-02
1.536000000 -8.360745052132e-02
1.537000000 -1.042712816328e-01
1.538000000 -1.243318628189e-01
1.539000000 -1.436799191777e-01
1.540000000 -1.622100565990e-01
1.541000000 -1.798212877152e-01
1.542000000 -1.964175335921e-01
1.543000000 -2.119080986796e-01
1.544000000 -2.262081166894e-01
1.545000000 -2.392389652290e-01
1.546000000 -2.509286471847e-01
1.547000000 -2.612121370321e-01
1.548000000 -2.700316904377e-01
1.549000000 -2.773371157098e-01
1.550000000 -2.830860058648e-01
1.551000000 -2.872439302785e-01
1.552000000 -2.897845851069e-01
1.553000000 -2.906899018797e-01
1.554000000 -2.899501138843e-01
1.555000000 -2.875637801823e-01
1.556000000 -2.835377673170e-01
1.557000000 -2.778871889913e-01
1.558000000 -2.706353042104e-01
1.559000000 -2.618133745977e-01
1.560000000 -2.514604817990e-01
1.561000000 -2.396233060942e-01
1.562000000 -2.263558675311e-01
1.563000000 -2.117192310834e-01
1.564000000 -1.957811775145e-01
1.565000000 -1.786158418011e-01
1.566000000 -1.603033211247e-01
1.567000000 -1.409292545935e-01
1.568000000 -1.205843769885e-01
1.569000000 -9.936404895383e-02
1.570000000 -7.736776616023e-02
1.571000000 -5.469865006829e-02
1.572000000 -3.146292299894e-02
1.573000000 -7.769370287518e-03
1.574000000 1.627120765014e-02
1.575000000 4.054655047336e-02
1.576000000 6.494349740534e-02
1.577000000 8.934854815930e-02
1.578000000 1.136484224143e-01
1.579000000 1.377306149770e-01
1.580000000 1.614839438022e-01
1.581000000 1.847990881013e-01
1.582000000 2.075691138305e-01
1.583000000 2.296899839364e-01
1.584000000 2.510610508277e-01
1.585000000 2.715855286521e-01
1.586000000 2.911709430742e-01
1.587000000 3.097295563848e-01
1.588000000 3.271787659102e-01
1.589000000 3.434414738467e-01
1.590000000 3.584464268013e-01
1.591000000 3.721285234934e-01
1.592000000 3.844290892465e-01
1.593000000 3.952961160813e-01
1.594000000 4.046844674124e-01
1.595000000 4.125560465386e-01
1.596000000 4.188799283177e-01
1.597000000 4.236324536095e-01
1.598000000 4.267972862721e-01
1.599000000 4.283654326948e-01
1.600000000 4.283352240482e-01
1.601000000 4.267122616265e-01
1.602000000 4.235093258526e-01
1.603000000 4.187462497004e-01
1.604000000 4.124497574746e-01
1.605000000 4.046532700649e-01
1.606000000 3.953966779592e-01
1.607000000 3.847260834653e-01
1.608000000 3.726935137406e-01
1.609000000 3.593566063758e-01
1.610000000 3.447782694094e-01
1.611000000 3.290263177737e-01
1.612000000 3.121730882845e-01
1.613000000 2.942950353826e-01
1.614000000 2.754723099259e-01
1.615000000 2.557883234000e-01
1.616000000 2.353292999786e-01
1.617000000 2.141838189109e-01
1.618000000 1.924423497436e-01
1.619000000 1.701967829097e-01
1.620000000 1.475399582156e-01
1.621000000 1.245651937556e-01
1.622000000 1.013658177553e-01
1.623000000 7.803470581513e-02
1.624000000 5.466382597263e-02
1.625000000 3.134379394402e-02
1.626000000 8.163440828899e-03
1.627000000 -1.479060452172e-02
1.628000000 -3.743431637195e-02
1.629000000 -5.968665420800e-02
1.630000000 -8.146992420924e-02
1.631000000 -1.027101183351e-01
1.632000000 -1.233372294158e-01
1.633000000 -1.432855407783e-01
1.634000000 -1.624938890922e-01
1.635000000 -1.809058992757e-01
1.636000000 -1.984701904660e-01
1.637000000 -2.151405522250e-01
1.638000000 -2.308760903231e-01
1.639000000 -2.456413416152e-01
1.640000000 -2.594063576998e-01
1.641000000 -2.721467572257e-01
1.642000000 -2.838437468872e-01
1.643000000 -2.944841113200e-01
1.644000000 -3.040601722847e-01
1.645000000 -3.125697176884e-01
1.646000000 -3.200159011618e-01
1.647000000 -3.264071130679e-01
1.648000000 -3.317568239676e-01
1.649000000 -3.360834017194e-01
1.650000000 -3.394099035224e-01
1.651000000 -3.417638443487e-01
1.652000000 -3.431769433272e-01
1.653000000 -3.436848497559e-01
1.654000000 -3.433268505217e-01
1.655000000 -3.421455607960e-01
1.656000000 -3.401865999563e-01
1.657000000 -3.374982547523e-01
1.658000000 -3.341311317920e-01
1.659000000 -3.301378014676e-01
1.660000000 -3.255724354757e-01
1.661000000 -3.204904401040e-01
1.662000000 -3.149480874676e-01
1.663000000 -3.090021468710e-01
1.664000000 -3.027095184588e-01
1.665000000 -2.961268712844e-01
1.666000000 -2.893102878921e-01
1.667000000 -2.823149174481e-01
1.668000000 -2.751946394008e-01
1.669000000 -2.680017395682e-01
1.670000000 -2.607866004730e-01
1.671000000 -2.535974076455e-01
1.672000000 -2.464798735155e-01
1.673000000 -2.394769803976e-01
1.674000000 -2.326287439576e-01
1.675000000 -2.259719984174e-01
1.676000000 -2.195402046235e-01
1.677000000 -2.133632819625e-01
1.678000000 -2.074674649634e-01
1.679000000 -2.018751852775e-01
1.680000000 -1.966049795746e-01
1.681000000 -1.916714237372e-01
1.682000000 -1.870850935846e-01
1.683000000 -1.828525521932e-01
1.684000000 -1.789763637329e-01
1.685000000 -1.754551335755e-01
1.686000000 -1.722835742850e-01
1.687000000 -1.694525969433e-01
1.688000000 -1.669494271250e-01
1.689000000 -1.647577446860e-01
1.690000000 -1.628578464002e-01
1.691000000 -1.612268303439e-01
1.692000000 -1.598388008047e-01
1.693000000 -1.586650923784e-01
1.694000000 -1.576745118029e-01
1.695000000 -1.568335959857e-01
1.696000000 -1.561068845851e-01
1.697000000 -1.554572054292e-01
1.698000000 -1.548459709819e-01
1.699000000 -1.542334840093e-01
1.700000000 -1.535792505463e-01
1.701000000 -1.528422982283e-01
1.702000000 -1.519814980224e-01
1.703000000 -1.509558873796e-01
1.704000000 -1.497249928223e-01
1.705000000 -1.482491499901e-01
1.706000000 -1.464898191831e-01
1.707000000 -1.444098944729e-01
1.708000000 -1.419740044897e-01
1.709000000 -1.391488030459e-01
1.710000000 -1.359032478168e-01
1.711000000 -1.322088653716e-01
1.712000000 -1.280400009261e-01
1.713000000 -1.233740512807e-01
1.714000000 -1.181916795038e-01
1.715000000 -1.124770100277e-01
1.716000000 -1.062178029389e-01
1.717000000 -9.940560636162e-02
1.718000000 -9.203588596470e-02
1.719000000 -8.410813074869e-02
1.720000000 -7.562593441033e-02
1.721000000 -6.659705171908e-02
1.722000000 -5.703342948455e-02
1.723000000 -4.695121183861e-02
1.724000000 -3.637071970285e-02
1.725000000 -2.531640445883e-02
1.726000000 -1.381677598600e-02
1.727000000 -1.904305377722e-03
1.728000000 1.038469721002e-02
1.729000000 2.301022898138e-02
1.730000000 3.592876446098e-02
1.731000000 4.909344812448e-02
1.732000000 6.245430870309e-02
1.733000000 7.595849404254e-02
1.734000000 8.955052528057e-02
1.735000000 1.031725689966e-01
1.736000000 1.167647258854e-01
1.737000000 1.302653344112e-01
1.738000000 1.436112878156e-01
1.739000000 1.567383627712e-01
1.740000000 1.695815579114e-01
1.741000000 1.820754404039e-01
1.742000000 1.941544986926e-01
1.743000000 2.057534994915e-01
1.744000000 2.168078470897e-01
1.745000000 2.272539430123e-01
1.746000000 2.370295440708e-01
1.747000000 2.460741168493e-01
1.748000000 2.543291866834e-01
1.749000000 2.617386792166e-01
1.750000000 2.682492526578e-01
1.751000000 2.738106189077e-01
1.752000000 2.783758517796e-01
1.753000000 2.819016806085e-01
1.754000000 2.843487676140e-01
1.755000000 2.856819674711e-01
1.756000000 2.858705676312e-01
1.757000000 2.848885080398e-01
1.758000000 2.827145790012e-01
1.759000000 2.793325960574e-01
1.760000000 2.747315508660e-01
1.761000000 2.689057371885e-01
1.762000000 2.618548512292e-01
1.763000000 2.535840656994e-01
1.764000000 2.441040771177e-01
1.765000000 2.334311259967e-01
1.766000000 2.215869897072e-01
1.767000000 2.085989479532e-01
1.768000000 1.944997209323e-01
1.769000000 1.793273803980e-01
1.770000000 1.631252339798e-01
1.771000000 1.459416832562e-01
1.772000000 1.278300562095e-01
1.773000000 1.088484148225e-01
1.774000000 8.905933870755e-02
1.775000000 6.852968577564e-02
1.776000000 4.733033107661e-02
1.777000000 2.553588504655e-02
1.778000000 3.224392506539e-03
1.779000000 -1.952298614783e-02
1.780000000 -4.262231003688e-02
1.781000000 -6.598720755696e-02
1.782000000 -8.952923912706e-02
1.783000000 -1.131582711752e-01
1.784000000 -1.367828595630e-01
1.785000000 -1.603106406021e-01
1.786000000 -1.836487277791e-01
1.787000000 -2.067041122830e-01
1.788000000 -2.293840654082e-01
1.789000000 -2.515965409060e-01
1.790000000 -2.732505753555e-01
1.791000000 -2.942566846437e-01
1.792000000 -3.145272546634e-01
1.793000000 -3.339769243740e-01
1.794000000 -3.525229594107e-01
1.795000000 -3.700856144780e-01
1.796000000 -3.865884828264e-01
1.797000000 -4.019588311766e-01
1.798000000 -4.161279185330e-01
1.799000000 -4.290312974126e-01
1.800000000 -4.406090961063e-01
1.801000000 -4.508062806861e-01
1.802000000 -4.595728955760e-01
1.803000000 -4.668642816142e-01
1.804000000 -4.726412706464e-01
1.805000000 -4.768703558086e-01
1.806000000 -4.795238367804e-01
1.807000000 -4.805799394129e-01
1.808000000 -4.800229092625e-01
1.809000000 -4.778430786915e-01
1.810000000 -4.740369073241e-01
1.811000000 -4.686069957762e-01
1.812000000 -4.615620727077e-01
1.813000000 -4.529169553739e-01
1.814000000 -4.426924839759e-01
1.815000000 -4.309154302397e-01
1.816000000 -4.176183807679e-01
1.817000000 -4.028395958308e-01
1.818000000 -3.866228443734e-01
1.819000000 -3.690172161247e-01
1.820000000 -3.500769117982e-01
1.821000000 -3.298610124705e-01
1.822000000 -3.084332293154e-01
1.823000000 -2.858616349561e-01
1.824000000 -2.622183777750e-01
1.825000000 -2.375793805919e-01
1.826000000 -2.120240251824e-01
1.827000000 -1.856348241652e-01
1.828000000 -1.584970818306e-01
1.829000000 -1.306985455248e-01
1.830000000 -1.023290492307e-01
1.831000000 -7.348015100962e-02
1.832000000 -4.424476598143e-02
1.833000000 -1.471679652387e-02
1.834000000 1.500923863073e-02
1.835000000 4.483857473606e-02
1.836000000 7.467656916421e-02
1.837000000 1.044290657131e-01
1.838000000 1.340027535075e-01
1.839000000 1.633055189563e-01
1.840000000 1.922467892788e-01
1.841000000 2.207378661701e-01
1.842000000 2.486922482398e-01
1.843000000 2.760259409281e-01
1.844000000 3.026577526781e-01
1.845000000 3.285095762240e-01
1.846000000 3.535066539413e-01
1.847000000 3.775778262914e-01
1.848000000 4.006557624900e-01
1.849000000 4.226771726201e-01
1.850000000 4.435830005142e-01
1.851000000 4.633185968261e-01
1.852000000 4.818338718177e-01
1.853000000 4.990834274882e-01
1.854000000 5.150266687773e-01
1.855000000 5.296278936748e-01
1.856000000 5.428563621744e-01
1.857000000 5.546863441087e-01
1.858000000 5.650971460023e-01
1.859000000 5.740731171763e-01
1.860000000 5.816036354337e-01
1.861000000 5.876830727438e-01
1.862000000 5.923107414329e-01
1.863000000 5.954908214714e-01
1.864000000 5.972322695262e-01
1.865000000 5.975487105222e-01
1.866000000 5.964583125248e-01
1.867000000 5.939836458190e-01
1.868000000 5.901515271209e-01
1.869000000 5.849928499053e-01
1.870000000 5.785424018843e-01
1.871000000 5.708386707074e-01
1.872000000 5.619236389907e-01
1.873000000 5.518425698064e-01
1.874000000 5.406437837896e-01
1.875000000 5.283784290283e-01
1.876000000 5.151002449158e-01
1.877000000 5.008653211422e-01
1.878000000 4.857318530013e-01
1.879000000 4.697598941750e-01
1.880000000 4.530111081448e-01
1.881000000 4.355485193547e-01
1.882000000 4.174362652250e-01
1.883000000 3.987393500824e-01
1.884000000 3.795234020361e-01
1.885000000 3.598544337849e-01
1.886000000 3.397986082973e-01
1.887000000 3.194220102539e-01
1.888000000 2.987904240897e-01
1.889000000 2.779691194148e-01
1.890000000 2.570226445356e-01
1.891000000 2.360146287327e-01
1.892000000 2.150075938924e-01
1.893000000 1.940627760185e-01
1.894000000 1.732399570883e-01
1.895000000 1.525973076475e-01
1.896000000 1.321912404716e-01
1.897000000 1.120762755536e-01
1.898000000 9.230491661195e-02
1.899000000 7.292753924433e-02
1.900000000 5.399229079041e-02
1.901000000 3.554500190193e-02
1.902000000 1.762910975754e-02
1.903000000 2.855928010275e-04
1.904000000 -1.644708317541e-02
1.905000000 -3.253300783419e-02
1.906000000 -4.793885826403e-02
1.907000000 -6.263392044937e-02
1.908000000 -7.659010061058e-02
1.909000000 -8.978192682730e-02
1.910000000 -1.021865413938e-01
1.911000000 -1.137836843866e-01
1.912000000 -1.245556689525e-01
1.913000000 -1.344873488495e-01
1.914000000 -1.435660787905e-01
1.915000000 -1.517816681570e-01
1.916000000 -1.591263286596e-01
1.917000000 -1.655946165288e-01
1.918000000 -1.711833698224e-01
1.919000000 -1.758916414334e-01
1.920000000 -1.797206283796e-01
1.921000000 -1.826735979417e-01
1.922000000 -1.847558112105e-01
1.923000000 -1.859744445808e-01
1.924000000 -1.863385097157e-01
1.925000000 -1.858587724792e-01
1.926000000 -1.845476713104e-01
1.927000000 -1.824192354863e-01
1.928000000 -1.794890036881e-01
1.929000000 -1.757739432560e-01
1.930000000 -1.712923704818e-01
1.931000000 -1.660638722570e-01
1.932000000 -1.601092293536e-01
1.933000000 -1.534503415821e-01
1.934000000 -1.461101550323e-01
1.935000000 -1.381125915637e-01
1.936000000 -1.294824806787e-01
1.937000000 -1.202454938714e-01
1.938000000 -1.104280815101e-01
1.939000000 -1.000574122770e-01
1.940000000 -8.916131515427e-02
1.941000000 -7.776822391244e-02
1.942000000 -6.590712402786e-02
1.943000000 -5.360750192622e-02
1.944000000 -4.089929642299e-02
1.945000000 -2.781285220725e-02
1.946000000 -1.437887519391e-02
1.947000000 -6.283895498556e-04
1.948000000 1.340730381638e-02
1.949000000 2.769666752540e-02
1.950000000 4.220796699285e-02
1.951000000 5.690930893221e-02
1.952000000 7.176867934115e-02
1.953000000 8.675398121933e-02
1.954000000 1.018330722639e-01
1.955000000 1.169738027845e-01
1.956000000 1.321440540729e-01
1.957000000 1.473117774491e-01
1.958000000 1.624450341984e-01
1.959000000 1.775120365915e-01
1.960000000 1.924811901668e-01
1.961000000 2.073211374317e-01
1.962000000 2.220008031170e-01
1.963000000 2.364894410944e-01
1.964000000 2.507566830422e-01
1.965000000 2.647725889138e-01
1.966000000 2.785076992388e-01
1.967000000 2.919330892524e-01
1.968000000 3.050204248227e-01
1.969000000 3.177420201100e-01
1.970000000 3.300708968644e-01
1.971000000 3.419808452354e-01
1.972000000 3.534464859361e-01
1.973000000 3.644433335745e-01
1.974000000 3.749478609359e-01
1.975000000 3.849375639699e-01
1.976000000 3.943910272103e-01
1.977000000 4.032879893309e-01
1.978000000 4.116094085134e-01
1.979000000 4.193375272876e-01
1.980000000 4.264559364786e-01
1.981000000 4.329496378829e-01
1.982000000 4.388051052798e-01
1.983000000 4.440103433715e-01
1.984000000 4.485549442398e-01
1.985000000 4.524301408969e-01
1.986000000 4.556288575105e-01
1.987000000 4.581457558792e-01
1.988000000 4.599772777414e-01
1.989000000 4.611216825064e-01
1.990000000 4.615790800061e-01
1.991000000 4.613514578817e-01
1.992000000 4.604427032334e-01
1.993000000 4.588586181842e-01
1.994000000 4.566069290296e-01
1.995000000 4.536972886709e-01
1.996000000 4.501412720620e-01
1.997000000 4.459523644256e-01
1.998000000 4.411459420344e-01
1.999000000 4.357392453841e-01
2.000000000 4.297513446278e-01
2.001000000 4.232030971794e-01
2.002000000 4.161170974350e-01
2.003000000 4.085176186076e-01
2.004000000 4.004305467125e-01
2.005000000 3.918833067867e-01
2.006000000 3.829047814726e-01
2.007000000 3.735252221423e-01
2.008000000 3.637761527848e-01
2.009000000 3.536902669247e-01
2.010000000 3.433013178865e-01
2.011000000 3.326440027648e-01
2.012000000 3.217538404999e-01
2.013000000 3.106670445063e-01
2.014000000 2.994203903362e-01
2.015000000 2.880510789022e-01
2.016000000 2.765965958172e-01
2.017000000 2.650945674428e-01
2.018000000 2.535826142705e-01
2.019000000 2.420982022830e-01
2.020000000 2.306784929714e-01
2.021000000 2.193601927026e-01
2.022000000 2.081794021485e-01
2.023000000 1.971714665021e-01
2.024000000 1.863708272160e-01
2.025000000 1.758108760017e-01
2.026000000 1.655238118327e-01
2.027000000 1.555405016889e-01
2.028000000 1.458903457733e-01
2.029000000 1.366011479218e-01
2.030000000 1.276989919097e-01
2.031000000 1.192081243401e-01
2.032000000 1.111508447751e-01
2.033000000 1.035474037420e-01
2.034000000 9.641590921690e-02
2.035000000 8.977224214985e-02
2.036000000 8.362998155983e-02
2.037000000 7.800033968182e-02
2.038000000 7.289210760491e-02
2.039000000 6.831161179055e-02
2.040000000 6.426268180853e-02
2.041000000 6.074662957437e-02
2.042000000 5.776224031561e-02
2.043000000 5.530577543611e-02
2.044000000 5.337098738790e-02
2.045000000 5.194914659912e-02
2.046000000 5.102908044437e-02
2.047000000 5.059722418154e-02
2.048000000 5.063768371620e-02
2.049000000 5.113230999185e-02
2.050000000 5.206078474223e-02
2.051000000 5.340071728031e-02
2.052000000 5.512775193811e-02
2.053000000 5.721568571316e-02
2.054000000 5.963659561972e-02
2.055000000 6.236097518880e-02
2.056000000 6.535787950810e-02
2.057000000 6.859507814391e-02
2.058000000 7.203921524030e-02
2.059000000 7.565597604817e-02
2.060000000 7.941025909704e-02
2.061000000 8.326635318720e-02
2.062000000 8.718811834839e-02
2.063000000 9.113916988405e-02
2.064000000 9.508306459753e-02
2.065000000 9.898348827903e-02
2.066000000 1.028044435184e-01
2.067000000 1.065104369008e-01
2.068000000 1.100666646398e-01
2.069000000 1.134391957015e-01
2.070000000 1.165951514840e-01
2.071000000 1.195028811239e-01
2.072000000 1.221321315220e-01
2.073000000 1.244542111984e-01
2.074000000 1.264421471172e-01
2.075000000 1.280708336490e-01
2.076000000 1.293171728767e-01
2.077000000 1.301602054900e-01
2.078000000 1.305812315580e-01
2.079000000 1.305639205169e-01
2.080000000 1.300944097639e-01
2.081000000 1.291613912997e-01
2.082000000 1.277561859264e-01
2.083000000 1.258728045628e-01
2.084000000 1.235079963078e-01
2.085000000 1.206612829466e-01
2.086000000 1.173349796633e-01
2.087000000 1.135342017917e-01
2.088000000 1.092668575097e-01
2.089000000 1.045436264507e-01
2.090000000 9.937792427968e-02
2.091000000 9.378585335351e-02
2.092000000 8.778613965436e-02
2.093000000 8.140005625847e-02
2.094000000 7.465133367031e-02
2.095000000 6.756605742098e-02
2.096000000 6.017255339538e-02
2.097000000 5.250126141702e-02
2.098000000 4.458459768005e-02
2.099000000 3.645680667697e-02
2.100000000 2.815380332513e-02
2.101000000 1.971300604680e-02
2.102000000 1.117316160542e-02
2.103000000 2.574162543901e-03
2.104000000 -6.043141889428e-03
2.105000000 -1.463714040743e-02
2.106000000 -2.316565899310e-02
2.107000000 -3.158616387568e-02
2.108000000 -3.985596717893e-02
2.109000000 -4.793243423115e-02
2.110000000 -5.577319151737e-02
2.111000000 -6.333633424934e-02
2.112000000 -7.058063253003e-02
2.113000000 -7.746573509542e-02
2.114000000 -8.395236962789e-02
2.115000000 -9.000253865205e-02
2.116000000 -9.557971004587e-02
2.117000000 -1.006490012262e-01
2.118000000 -1.051773561000e-01
2.119000000 -1.091337139082e-01
2.120000000 -1.124891691308e-01
2.121000000 -1.152171216652e-01
2.122000000 -1.172934165407e-01
2.123000000 -1.186964724834e-01
2.124000000 -1.194073987026e-01
2.125000000 -1.194100993292e-01
2.126000000 -1.186913649976e-01
2.127000000 -1.172409511304e-01
2.128000000 -1.150516425471e-01
2.129000000 -1.121193040921e-01
2.130000000 -1.084429170430e-01
2.131000000 -1.040246011343e-01
2.132000000 -9.886962210035e-02
2.133000000 -9.298638471776e-02
2.134000000 -8.638641139430e-02
2.135000000 -7.908430642716e-02
2.136000000 -7.109770612165e-02
2.137000000 -6.244721503151e-02
2.138000000 -5.315632864982e-02
2.139000000 -4.325134294537e-02
2.140000000 -3.276125120276e-02
2.141000000 -2.171762868563e-02
2.142000000 -1.015450570041e-02
2.143000000 1.891770307336e-03
2.144000000 1.438268294042e-02
2.145000000 2.727770459031e-02
2.146000000 4.053446295567e-02
2.147000000 5.410891552516e-02
2.148000000 6.795553117548e-02
2.149000000 8.202747800529e-02
2.150000000 9.627681649998e-02
2.151000000 1.106546971010e-01
2.152000000 1.251115612380e-01
2.153000000 1.395973448695e-01
2.154000000 1.540616835741e-01
2.155000000 1.684541182306e-01
2.156000000 1.827243003296e-01
2.157000000 1.968221959695e-01
2.158000000 2.106982876010e-01
2.159000000 2.243037726037e-01
2.160000000 2.375907578006e-01
2.161000000 2.505124490428e-01
2.162000000 2.630233350293e-01
2.163000000 2.750793645623e-01
2.164000000 2.866381164739e-01
2.165000000 2.976589615088e-01
2.166000000 3.081032154886e-01
2.167000000 3.179342831345e-01
2.168000000 3.271177919770e-01
2.169000000 3.356217158345e-01
2.170000000 3.434164874003e-01
2.171000000 3.504750995338e-01
2.172000000 3.567731949136e-01
2.173000000 3.622891437692e-01
2.174000000 3.670041094687e-01
2.175000000 3.709021018056e-01
2.176000000 3.739700178847e-01
2.177000000 3.761976705727e-01
2.178000000 3.775778045395e-01
2.179000000 3.781060999742e-01
2.180000000 3.777811641225e-01
2.181000000 3.766045108470e-01
2.182000000 3.745805284681e-01
2.183000000 3.717164361984e-01
2.184000000 3.680222295318e-01
2.185000000 3.635106150000e-01
2.186000000 3.581969347524e-01
2.187000000 3.520990814600e-01
2.188000000 3.452374040811e-01
2.189000000 3.376346050639e-01
2.190000000 3.293156295936e-01
2.191000000 3.203075475176e-01
2.192000000 3.106394286105e-01
2.193000000 3.003422118580e-01
2.194000000 2.894485694587e-01
2.195000000 2.779927662506e-01
2.196000000 2.660105152844e-01
2.197000000 2.535388302638e-01
2.198000000 2.406158755772e-01
2.199000000 2.272808146413e-01
2.200000000 2.135736572686e-01
2.201000000 1.995351067623e-01
2.202000000 1.852064074236e-01
2.203000000 1.706291931424e-01
2.204000000 1.558453377196e-01
2.205000000 1.408968075422e-01
2.206000000 1.258255172096e-01
2.207000000 1.106731886754e-01
2.208000000 9.548121443809e-02
2.209000000 8.029052527970e-02
2.210000000 6.514146301273e-02
2.211000000 5.007365865912e-02
2.212000000 3.512591644362e-02
2.213000000 2.033610394321e-02
2.214000000 5.741048691865e-03
2.215000000 -8.623558502574e-03
2.216000000 -2.272325331628e-02
2.217000000 -3.652488057174e-02
2.218000000 -4.999666967751e-02
2.219000000 -6.310830276098e-02
2.220000000 -7.583097545151e-02
2.221000000 -8.813745031253e-02
2.222000000 -1.000021029605e-01
2.223000000 -1.114009609474e-01
2.224000000 -1.223117355197e-01
2.225000000 -1.327138464015e-01
2.226000000 -1.425884397828e-01
2.227000000 -1.519183997239e-01
2.228000000 -1.606883532150e-01
2.229000000 -1.688846691555e-01
2.230000000 -1.764954515428e-01
2.231000000 -1.835105271760e-01
2.232000000 -1.899214282024e-01
2.233000000 -1.957213698468e-01
2.234000000 -2.009052236743e-01
2.235000000 -2.054694867499e-01
2.236000000 -2.094122470599e-01
2.237000000 -2.127331455655e-01
2.238000000 -2.154333352604e-01
2.239000000 -2.175154375971e-01
2.240000000 -2.189834966480e-01
2.241000000 -2.198429313534e-01
2.242000000 -2.201004862014e-01
2.243000000 -2.197641806738e-01
2.244000000 -2.188432577720e-01
2.245000000 -2.173481319258e-01
2.246000000 -2.152903365670e-01
2.247000000 -2.126824716282e-01
2.248000000 -2.095381512085e-01
2.249000000 -2.058719516226e-01
2.250000000 -2.016993600277e-01
2.251000000 -1.970367237962e-01
2.252000000 -1.919012007777e-01
2.253000000 -1.863107105703e-01
2.254000000 -1.802838868908e-01
2.255000000 -1.738400311135e-01
2.256000000 -1.669990670176e-01
2.257000000 -1.597814967605e-01
2.258000000 -1.522083580709e-01
2.259000000 -1.443011826319e-01
2.260000000 -1.360819556015e-01
2.261000000 -1.275730762008e-01
2.262000000 -1.187973192774e-01
2.263000000 -1.097777977378e-01
2.264000000 -1.005379257252e-01
2.265000000 -9.110138240638e-02
2.266000000 -8.149207622042e-02
2.267000000 -7.173410943352e-02
2.268000000 -6.185174283568e-02
2.269000000 -5.186936041257e-02
2.270000000 -4.181143382297e-02
2.271000000 -3.170248651249e-02
2.272000000 -2.156705729764e-02
2.273000000 -1.142966325904e-02
2.274000000 -1.314761790391e-03
2.275000000 8.753288340329e-03
2.276000000 1.875026704890e-02
2.277000000 2.865213422933e-02
2.278000000 3.843507238558e-02
2.279000000 4.807553068333e-02
2.280000000 5.755027048453e-02
2.281000000 6.683641240586e-02
2.282000000 7.591148491951e-02
2.283000000 8.475347449012e-02
2.284000000 9.334087721688e-02
2.285000000 1.016527519233e-01
2.286000000 1.096687746112e-01
2.287000000 1.173692941668e-01
2.288000000 1.247353891826e-01
2.289000000 1.317489257273e-01
2.290000000 1.383926158746e-01
2.291000000 1.446500767694e-01
2.292000000 1.505058899906e-01
2.293000000 1.559456609406e-01
2.294000000 1.609560779716e-01
2.295000000 1.655249709349e-01
2.296000000 1.696413688222e-01
2.297000000 1.732955561480e-01
2.298000000 1.764791277060e-01
2.299000000 1.791850413227e-01
2.300000000 1.814076682153e-01
2.301000000 1.831428405569e-01
2.302000000 1.843878958451e-01
2.303000000 1.851417176663e-01
2.304000000 1.854047724516e-01
2.305000000 1.851791418204e-01
2.306000000 1.844685501179e-01
2.307000000 1.832783867585e-01
2.308000000 1.816157230066e-01
2.309000000 1.794893228348e-01
2.310000000 1.769096475272e-01
2.311000000 1.738888537125e-01
2.312000000 1.704407845394e-01
2.313000000 1.665809537374e-01
2.314000000 1.623265223342e-01
2.315000000 1.576962678397e-01
2.316000000 1.527105457390e-01
2.317000000 1.473912431799e-01
2.318000000 1.417617247797e-01
2.319000000 1.358467705213e-01
2.320000000 1.296725057512e-01
2.321000000 1.232663233417e-01
2.322000000 1.166567981249e-01
2.323000000 1.098735937553e-01
2.324000000 1.029473622094e-01
2.325000000 9.590963617477e-02
2.326000000 8.879271463744e-02
2.327000000 8.162954201939e-02
2.328000000 7.445358127031e-02
2.329000000 6.729868136321e-02
2.330000000 6.019893969045e-02
2.331000000 5.318855990040e-02
2.332000000 4.630170575793e-02
2.333000000 3.957235165165e-02
2.334000000 3.303413040823e-02
2.335000000 2.672017910896e-02
2.336000000 2.066298363468e-02
2.337000000 1.489422269326e-02
2.338000000 9.444612108058e-03
2.339000000 4.343750165703e-03
2.340000000 -3.800351622169e-04
2.341000000 -4.699836297363e-03
2.342000000 -8.590312599462e-03
2.343000000 -1.202783254195e-02
2.344000000 -1.499061068500e-02
2.345000000 -1.745883861968e-02
2.346000000 -1.941480906924e-02
2.347000000 -2.084303235049e-02
2.348000000 -2.173034442053e-02
2.349000000 -2.206600576112e-02
2.350000000 -2.184179038480e-02
2.351000000 -2.105206428397e-02
2.352000000 -1.969385268527e-02
2.353000000 -1.776689551790e-02
2.354000000 -1.527369055482e-02
2.355000000 -1.221952374020e-02
2.356000000 -8.612486275228e-03
2.357000000 -4.463478096377e-03
2.358000000 2.138025544049e-04
2.359000000 5.402883699189e-03
2.360000000 1.108455849389e-02
2.361000000 1.723693848528e-02
2.362000000 2.383552126637e-02
2.363000000 3.085327246433e-02
2.364000000 3.826072191650e-02
2.365000000 4.602607381112e-02
2.366000000 5.411533048987e-02
2.367000000 6.249242953018e-02
2.368000000 7.111939364638e-02
2.369000000 7.995649287136e-02
2.370000000 8.896241840427e-02
2.371000000 9.809446743555e-02
2.372000000 1.073087381889e-01
2.373000000 1.165603343515e-01
2.374000000 1.258035779968e-01
2.375000000 1.349922300450e-01
2.376000000 1.440797172453e-01
2.377000000 1.530193646149e-01
2.378000000 1.617646322175e-01
2.379000000 1.702693551239e-01
2.380000000 1.784879853594e-01
2.381000000 1.863758346108e-01
2.382000000 1.938893164401e-01
2.383000000 2.009861867345e-01
2.384000000 2.076257811088e-01
2.385000000 2.137692479713e-01
2.386000000 2.193797759647e-01
2.387000000 2.244228145047e-01
2.388000000 2.288662861503e-01
2.389000000 2.326807895649e-01
2.390000000 2.358397918584e-01
2.391000000 2.383198091322e-01
2.392000000 2.401005740979e-01
2.393000000 2.411651896871e-01
2.394000000 2.415002676286e-01
2.395000000 2.410960510316e-01
2.396000000 2.399465200835e-01
2.397000000 2.380494800455e-01
2.398000000 2.354066308109e-01
2.399000000 2.320236173758e-01
2.400000000 2.279100606644e-01
2.401000000 2.230795682425e-01
2.402000000 2.175497245576e-01
2.403000000 2.113420604387e-01
2.404000000 2.044820017011e-01
2.405000000 1.969987968045e-01
2.406000000 1.889254236231e-01
2.407000000 1.802984754978e-01
2.408000000 1.711580268503e-01
2.409000000 1.615474787514e-01
2.410000000 1.515133849445e-01
2.411000000 1.411052589377e-01
2.412000000 1.303753628820e-01
2.413000000 1.193784790614e-01
2.414000000 1.081716649217e-01
2.415000000 9.681399266366e-02
2.416000000 8.536627452071e-02
2.417000000 7.389077493248e-02
2.418000000 6.245091090876e-02
2.419000000 5.111094195867e-02
2.420000000 3.993565103188e-02
2.421000000 2.899001798539e-02
2.422000000 1.833888714810e-02
2.423000000 8.046630606764e-03
2.424000000 -1.823191119154e-03
2.425000000 -1.120816931126e-02
2.426000000 -2.004738646499e-02
2.427000000 -2.828175313378e-02
2.428000000 -3.585434044788e-02
2.429000000 -4.271070655078e-02
2.430000000 -4.879921520570e-02
2.431000000 -5.407134484235e-02
2.432000000 -5.848198634240e-02
2.433000000 -6.198972789845e-02
2.434000000 -6.455712532730e-02
2.435000000 -6.615095627334e-02
2.436000000 -6.674245680127e-02
2.437000000 -6.630753894985e-02
2.438000000 -6.482698789837e-02
2.439000000 -6.228663748632e-02
2.440000000 -5.867752292219e-02
2.441000000 -5.399600962038e-02
2.442000000 -4.824389721492e-02
2.443000000 -4.142849791393e-02
2.444000000 -3.356268848050e-02
2.445000000 -2.466493525142e-02
2.446000000 -1.475929173609e-02
2.447000000 -3.875368472065e-03
2.448000000 7.951725048812e-03
2.449000000 2.068146643008e-02
2.450000000 3.426803430102e-02
2.451000000 4.866044989025e-02
2.452000000 6.380274586256e-02
2.453000000 7.963416189703e-02
2.454000000 9.608936634343e-02
2.455000000 1.130987031556e-01
2.456000000 1.305884631642e-01
2.457000000 1.484811786190e-01
2.458000000 1.666959398024e-01
2.459000000 1.851487323931e-01
2.460000000 2.037527941401e-01
2.461000000 2.224189892976e-01
2.462000000 2.410561991641e-01
2.463000000 2.595717269759e-01
2.464000000 2.778717153113e-01
2.465000000 2.958615740872e-01
2.466000000 3.134464171527e-01
2.467000000 3.305315054275e-01
2.468000000 3.470226944788e-01
2.469000000 3.628268843876e-01
2.470000000 3.778524697286e-01
2.471000000 3.920097874631e-01
2.472000000 4.052115605382e-01
2.473000000 4.173733349869e-01
2.474000000 4.284139083355e-01
2.475000000 4.382557471529e-01
2.476000000 4.468253916070e-01
2.477000000 4.540538449446e-01
2.478000000 4.598769458659e-01
2.479000000 4.642357218346e-01
2.480000000 4.670767214441e-01
2.481000000 4.683523240451e-01
2.482000000 4.680210249453e-01
2.483000000 4.660476945923e-01
2.484000000 4.624038102742e-01
2.485000000 4.570676589910e-01
2.486000000 4.500245102891e-01
2.487000000 4.412667579836e-01
2.488000000 4.307940298450e-01
2.489000000 4.186132644756e-01
2.490000000 4.047387547563e-01
2.491000000 3.891921574089e-01
2.492000000 3.720024683776e-01
2.493000000 3.532059639057e-01
2.494000000 3.328461073452e-01
2.495000000 3.109734219126e-01
2.496000000 2.876453297662e-01
2.497000000 2.629259579547e-01
2.498000000 2.368859119474e-01
2.499000000 2.096020176234e-01
2.500000000 1.811570327573e-01
2.501000000 1.516393291907e-01
2.502000000 1.211425470355e-01
2.503000000 8.976522239414e-02
2.504000000 5.761039022354e-02
2.505000000 2.478516409781e-02
2.506000000 -8.599705251064e-03
2.507000000 -4.243029062308e-02
2.508000000 -7.658996617425e-02
2.509000000 -1.109599001845e-01
2.510000000 -1.454195604957e-01
2.511000000 -1.798472302724e-01
2.512000000 -2.141205316791e-01
2.513000000 -2.481169550150e-01
2.514000000 -2.817143908130e-01
2.515000000 -3.147916623827e-01
2.516000000 -3.472290562665e-01
2.517000000 -3.789088480753e-01
2.518000000 -4.097158211865e-01
2.519000000 -4.395377758097e-01
2.520000000 -4.682660259655e-01
2.521000000 -4.957958819715e-01
2.522000000 -5.220271160949e-01
2.523000000 -5.468644091018e-01
2.524000000 -5.702177755251e-01
2.525000000 -5.920029655642e-01
2.526000000 -6.121418416431e-01
2.527000000 -6.305627277692e-01
2.528000000 -6.472007299639e-01
2.529000000 -6.619980261724e-01
2.530000000 -6.749041242089e-01
2.531000000 -6.858760864413e-01
2.532000000 -6.948787200843e-01
2.533000000 -7.018847321332e-01
2.534000000 -7.068748481442e-01
2.535000000 -7.098378942395e-01
2.536000000 -7.107708418992e-01
2.537000000 -7.096788152803e-01
2.538000000 -7.065750609888e-01
2.539000000 -7.014808804141e-01
2.540000000 -6.944255249199e-01
2.541000000 -6.854460543690e-01
2.542000000 -6.745871596388e-01
2.543000000 -6.619009499650e-01
2.544000000 -6.474467061222e-01
2.545000000 -6.312906006222e-01
2.546000000 -6.135053862712e-01
2.547000000 -5.941700545885e-01
2.548000000 -5.733694657340e-01
2.549000000 -5.511939517375e-01
2.550000000 -5.277388949545e-01
2.551000000 -5.031042837940e-01
2.552000000 -4.773942478816e-01
2.553000000 -4.507165749179e-01
2.554000000 -4.231822115882e-01
2.555000000 -3.949047509552e-01
2.556000000 -3.659999088344e-01
2.557000000 -3.365849917072e-01
2.558000000 -3.067783587656e-01
2.559000000 -2.766988807142e-01
2.560000000 -2.464653979671e-01
2.561000000 -2.161961808811e-01
2.562000000 -1.860083946534e-01
2.563000000 -1.560175714895e-01
2.564000000 -1.263370926059e-01
2.565000000 -9.707768258255e-02
2.566000000 -6.834691851722e-02
2.567000000 -4.024875635520e-02
2.568000000 -1.288307668128e-02
2.569000000 1.365474783982e-02
2.570000000 3.927426129921e-02
2.571000000 6.389030770205e-02
2.572000000 8.742338662585e-02
2.573000000 1.097999796973e-01
2.574000000 1.309528463548e-01
2.575000000 1.508212875221e-01
2.576000000 1.693513759789e-01
2.577000000 1.864961523895e-01
2.578000000 2.022157861201e-01
2.579000000 2.164777001576e-01
2.580000000 2.292566596262e-01
2.581000000 2.405348235799e-01
2.582000000 2.503017599397e-01
2.583000000 2.585544236270e-01
2.584000000 2.652970981353e-01
2.585000000 2.705413009649e-01
2.586000000 2.743056535276e-01
2.587000000 2.766157163107e-01
2.588000000 2.775037902612e-01
2.589000000 2.770086855232e-01
2.590000000 2.751754588249e-01
2.591000000 2.720551209670e-01
2.592000000 2.677043160171e-01
2.593000000 2.621849739503e-01
2.594000000 2.555639386131e-01
2.595000000 2.479125730044e-01
2.596000000 2.393063439830e-01
2.597000000 2.298243886072e-01
2.598000000 2.195490644032e-01
2.599000000 2.085654859335e-01
2.600000000 1.969610501033e-01
2.601000000 1.848249526896e-01
2.602000000 1.722476986217e-01
2.603000000 1.593206085611e-01
2.604000000 1.461353243460e-01
2.605000000 1.327833158596e-01
2.606000000 1.193553918697e-01
2.607000000 1.059412173575e-01
2.608000000 9.262883981292e-02
2.609000000 7.950422692058e-02
2.610000000 6.665081799219e-02
2.611000000 5.414909142546e-02
2.612000000 4.207615037705e-02
2.613000000 3.050532873701e-02
2.614000000 1.950581937961e-02
2.615000000 9.142326543379e-03
2.616000000 -5.252559381394e-04
2.617000000 -9.442138973894e-03
2.618000000 -1.755890368794e-02
2.619000000 -2.483173674948e-02
2.620000000 -3.122263444415e-02
2.621000000 -3.669957453739e-02
2.622000000 -4.123665515246e-02
2.623000000 -4.481420006077e-02
2.624000000 -4.741882996021e-02
2.625000000 -4.904349949701e-02
2.626000000 -4.968749996703e-02
2.627000000 -4.935642781303e-02
2.628000000 -4.806211921364e-02
2.629000000 -4.582255123719e-02
2.630000000 -4.266171020792e-02
2.631000000 -3.860942810255e-02
2.632000000 -3.370118796089e-02
2.633000000 -2.797789945443e-02
2.634000000 -2.148564591027e-02
2.635000000 -1.427540423440e-02
2.636000000 -6.402739316367e-03
2.637000000 2.072525372661e-03
2.638000000 1.108665915639e-02
2.639000000 2.057239556212e-02
2.640000000 3.045932171975e-02
2.641000000 4.067428362035e-02
2.642000000 5.114180502678e-02
2.643000000 6.178451776344e-02
2.644000000 7.252360105931e-02
2.645000000 8.327922757786e-02
2.646000000 9.397101373970e-02
2.647000000 1.045184719284e-01
2.648000000 1.148414621678e-01
2.649000000 1.248606408696e-01
2.650000000 1.344979042726e-01
2.651000000 1.436768242312e-01
2.652000000 1.523230740595e-01
2.653000000 1.603648421939e-01
2.654000000 1.677332315131e-01
2.655000000 1.743626422356e-01
2.656000000 1.801911364051e-01
2.657000000 1.851607820845e-01
2.658000000 1.892179754864e-01
2.659000000 1.923137393953e-01
2.660000000 1.944039963636e-01
2.661000000 1.954498153051e-01
2.662000000 1.954176302537e-01
2.663000000 1.942794302055e-01
2.664000000 1.920129191209e-01
2.665000000 1.886016453231e-01
2.666000000 1.840350996938e-01
2.667000000 1.783087822350e-01
2.668000000 1.714242367326e-01
2.669000000 1.633890534303e-01
2.670000000 1.542168397882e-01
2.671000000 1.439271595710e-01
2.672000000 1.325454406779e-01
2.673000000 1.201028522879e-01
2.674000000 1.066361520561e-01
2.675000000 9.218750425161e-02
2.676000000 7.680426987786e-02
2.677000000 6.053876996081e-02
2.678000000 4.344802332719e-02
2.679000000 2.559346032528e-02
2.680000000 7.040614062134e-03
2.681000000 -1.214120915624e-02
2.682000000 -3.187927839175e-02
2.683000000 -5.209780376490e-02
2.684000000 -7.271831730307e-02
2.685000000 -9.366006690775e-02
2.686000000 -1.148404213415e-01
2.687000000 -1.361752840855e-01
2.688000000 -1.575795138801e-01
2.689000000 -1.789673497361e-01
2.690000000 -2.002528381881e-01
2.691000000 -2.213502605608e-01
2.692000000 -2.421745580277e-01
2.693000000 -2.626417522623e-01
2.694000000 -2.826693595165e-01
2.695000000 -3.021767960036e-01
2.696000000 -3.210857725194e-01
2.697000000 -3.393206763008e-01
2.698000000 -3.568089381967e-01
2.699000000 -3.734813833159e-01
2.700000000 -3.892725634063e-01
2.701000000 -4.041210693301e-01
2.702000000 -4.179698221091e-01
2.703000000 -4.307663411351e-01
2.704000000 -4.424629882668e-01
2.705000000 -4.530171866703e-01
2.706000000 -4.623916133953e-01
2.707000000 -4.705543648252e-01
2.708000000 -4.774790942854e-01
2.709000000 -4.831451212432e-01
2.710000000 -4.875375116870e-01
2.711000000 -4.906471294239e-01
2.712000000 -4.924706581903e-01
2.713000000 -4.930105946240e-01
2.714000000 -4.922752122977e-01
2.715000000 -4.902784971644e-01
2.716000000 -4.870400549162e-01
2.717000000 -4.825849908969e-01
2.718000000 -4.769437633536e-01
2.719000000 -4.701520109441e-01
2.720000000 -4.622503555489e-01
2.721000000 -4.532841815555e-01
2.722000000 -4.433033929019e-01
2.723000000 -4.323621492729e-01
2.724000000 -4.205185829405e-01
2.725000000 -4.078344978343e-01
2.726000000 -3.943750525072e-01
2.727000000 -3.802084287348e-01
2.728000000 -3.654054875498e-01
2.729000000 -3.500394145645e-01
2.730000000 -3.341853564771e-01
2.731000000 -3.179200506887e-01
2.732000000 -3.013214499801e-01
2.733000000 -2.844683442047e-01
2.734000000 -2.674399809574e-01
2.735000000 -2.503156871660e-01
2.736000000 -2.331744935309e-01
2.737000000 -2.160947637066e-01
2.738000000 -1.991538300801e-01
2.739000000 -1.824276379442e-01
2.740000000 -1.659903998101e-01
2.741000000 -1.499142615283e-01
2.742000000 -1.342689818125e-01
2.743000000 -1.191216266733e-01
2.744000000 -1.045362801766e-01
2.745000000 -9.057377283942e-02
2.746000000 -7.729142887160e-02
2.747000000 -6.474283335735e-02
2.748000000 -5.297762035538e-02
2.749000000 -4.204128277382e-02
2.750000000 -3.197500475164e-02
2.751000000 -2.281551715039e-02
2.752000000 -1.459497663034e-02
2.753000000 -7.340868653704e-03
2.754000000 -1.075934626034e-03
2.755000000 4.181876744859e-03
2.756000000 8.419433923980e-03
2.757000000 1.162842303870e-02
2.758000000 1.380532469025e-02
2.759000000 1.495136751833e-02
2.760000000 1.507245907027e-02
2.761000000 1.417909464170e-02
2.762000000 1.228624486679e-02
2.763000000 9.413222941220e-03
2.764000000 5.583532460219e-03
2.765000000 8.246969466786e-04
2.766000000 -4.831927770185e-03
2.767000000 -1.135135708713e-02
2.768000000 -1.869519576151e-02
2.769000000 -2.682186927754e-02
2.770000000 -3.568686702019e-02
2.771000000 -4.524299578777e-02
2.772000000 -5.544064213834e-02
2.773000000 -6.622804203839e-02
2.774000000 -7.755155626404e-02
2.775000000 -8.935594999660e-02
2.776000000 -1.015846750542e-01
2.777000000 -1.141801532111e-01
2.778000000 -1.270840590730e-01
2.779000000 -1.402376010053e-01
2.780000000 -1.535817986443e-01
2.781000000 -1.670577555657e-01
2.782000000 -1.806069257346e-01
2.783000000 -1.941713724212e-01
2.784000000 -2.076940183286e-01
2.785000000 -2.211188857543e-01
2.786000000 -2.343913256808e-01
2.787000000 -2.474582347777e-01
2.788000000 -2.602682593824e-01
2.789000000 -2.727719856208e-01
2.790000000 -2.849221149247e-01
2.791000000 -2.966736243024e-01
2.792000000 -3.079839108192e-01
2.793000000 -3.188129198511e-01
2.794000000 -3.291232567751e-01
2.795000000 -3.388802818698e-01
2.796000000 -3.480521883011e-01
2.797000000 -3.566100631748e-01
2.798000000 -3.645279317395e-01
2.799000000 -3.717827849250e-01
2.800000000 -3.783545904989e-01
2.801000000 -3.842262882211e-01
2.802000000 -3.893837694648e-01
2.803000000 -3.938158418628e-01
2.804000000 -3.975141796168e-01
2.805000000 -4.004732601881e-01
2.806000000 -4.026902881573e-01
2.807000000 -4.041651071066e-01
2.808000000 -4.049001004365e-01
2.809000000 -4.049000820836e-01
2.810000000 -4.041721781473e-01
2.811000000 -4.027257004744e-01
2.812000000 -4.005720132798e-01
2.813000000 -3.977243939045e-01
2.814000000 -3.941978888284e-01
2.815000000 -3.900091660611e-01
2.816000000 -3.851763650373e-01
2.817000000 -3.797189451317e-01
2.818000000 -3.736575338977e-01
2.819000000 -3.670137761096e-01
2.820000000 -3.598101846585e-01
2.821000000 -3.520699943173e-01
2.822000000 -3.438170193481e-01
2.823000000 -3.350755158732e-01
2.824000000 -3.258700498815e-01
2.825000000 -3.162253716767e-01
2.826000000 -3.061662975133e-01
2.827000000 -2.957175990931e-01
2.828000000 -2.849039015246e-01
2.829000000 -2.737495902687e-01
2.830000000 -2.622787275144e-01
2.831000000 -2.505149783474e-01
2.832000000 -2.384815469882e-01
2.833000000 -2.262011232925e-01
2.834000000 -2.136958396208e-01
2.835000000 -2.009872380971e-01
2.836000000 -1.880962481916e-01
2.837000000 -1.750431744789e-01
2.838000000 -1.618476943385e-01
2.839000000 -1.485288652865e-01
2.840000000 -1.351051415487e-01
2.841000000 -1.215943994097e-01
2.842000000 -1.080139708054e-01
2.843000000 -9.438068455830e-02
2.844000000 -8.071091459282e-02
2.845000000 -6.702063441513e-02
2.846000000 -5.332547708792e-02
2.847000000 -3.964079988853e-02
2.848000000 -2.598175279950e-02
2.849000000 -1.236334994896e-02
2.850000000 1.199456906491e-03
2.851000000 1.469170378234e-02
2.852000000 2.809833968678e-02
2.853000000 4.140415260237e-02
2.854000000 5.459369716634e-02
2.855000000 6.765122497689e-02
2.856000000 8.056061843562e-02
2.857000000 9.330532901145e-02
2.858000000 1.058683207806e-01
2.859000000 1.182320200590e-01
2.860000000 1.303782718996e-01
2.861000000 1.422883041756e-01
2.862000000 1.539426999165e-01
2.863000000 1.653213784996e-01
2.864000000 1.764035862352e-01
2.865000000 1.871678968104e-01
2.866000000 1.975922219833e-01
2.867000000 2.076538328381e-01
2.868000000 2.173293918308e-01
2.869000000 2.265949957695e-01
2.870000000 2.354262297879e-01
2.871000000 2.437982322808e-01
2.872000000 2.516857706818e-01
2.873000000 2.590633278762e-01
2.874000000 2.659051989483e-01
2.875000000 2.721855978811e-01
2.876000000 2.778787737331e-01
2.877000000 2.829591357386e-01
2.878000000 2.874013866924e-01
2.879000000 2.911806639042e-01
2.880000000 2.942726869325e-01
2.881000000 2.966539112388e-01
2.882000000 2.983016868377e-01
2.883000000 2.991944209598e-01
2.884000000 2.993117436895e-01
2.885000000 2.986346754943e-01
2.886000000 2.971457955201e-01
2.887000000 2.948294094946e-01
2.888000000 2.916717160544e-01
2.889000000 2.876609702916e-01
2.890000000 2.827876433073e-01
2.891000000 2.770445765535e-01
2.892000000 2.704271297514e-01
2.893000000 2.629333211880e-01
2.894000000 2.545639592122e-01
2.895000000 2.453227637823e-01
2.896000000 2.352164769536e-01
2.897000000 2.242549612391e-01
2.898000000 2.124512848309e-01
2.899000000 1.998217927275e-01
2.900000000 1.863861628817e-01
2.901000000 1.721674465556e-01
2.902000000 1.571920921509e-01
2.903000000 1.414899518693e-01
2.904000000 1.250942706470e-01
2.905000000 1.080416569079e-01
2.906000000 9.037203477737e-02
2.907000000 7.212857750631e-02
2.908000000 5.335762196244e-02
2.909000000 3.410856415623e-02
2.910000000 1.443373588313e-02
2.911000000 -5.611737323179e-03
2.912000000 -2.597009661582e-02
2.913000000 -4.658112821319e-02
2.914000000 -6.738235919124e-02
2.915000000 -8.830927003743e-02
2.916000000 -1.092955232034e-01
2.917000000 -1.302732067859e-01
2.918000000 -1.511730923599e-01
2.919000000 -1.719249058901e-01
2.920000000 -1.924576105484e-01
2.921000000 -2.126997001776e-01
2.922000000 -2.325795020562e-01
2.923000000 -2.520254875416e-01
2.924000000 -2.709665891006e-01
2.925000000 -2.893325221703e-01
2.926000000 -3.070541102415e-01
2.927000000 -3.240636115073e-01
2.928000000 -3.402950453846e-01
2.929000000 -3.556845171871e-01
2.930000000 -3.701705392112e-01
2.931000000 -3.836943464831e-01
2.932000000 -3.962002054233e-01
2.933000000 -4.076357136872e-01
2.934000000 -4.179520894685e-01
2.935000000 -4.271044485780e-01
2.936000000 -4.350520676521e-01
2.937000000 -4.417586318979e-01
2.938000000 -4.471924658373e-01
2.939000000 -4.513267455868e-01
2.940000000 -4.541396912826e-01
2.941000000 -4.556147383528e-01
2.942000000 -4.557406864298e-01
2.943000000 -4.545118248005e-01
2.944000000 -4.519280334029e-01
2.945000000 -4.479948584938e-01
2.946000000 -4.427235622365e-01
2.947000000 -4.361311455855e-01
2.948000000 -4.282403439797e-01
2.949000000 -4.190795954932e-01
2.950000000 -4.086829812352e-01
2.951000000 -3.970901379326e-01
2.952000000 -3.843461427770e-01
2.953000000 -3.705013707645e-01
2.954000000 -3.556113249026e-01
2.955000000 -3.397364398093e-01
2.956000000 -3.229418593692e-01
2.957000000 -3.052971892622e-01
2.958000000 -2.868762253139e-01
2.959000000 -2.677566587597e-01
2.960000000 -2.480197596420e-01
2.961000000 -2.277500396900e-01
2.962000000 -2.070348961515e-01
2.963000000 -1.859642381601e-01
2.964000000 -1.646300973277e-01
2.965000000 -1.431262243517e-01
2.966000000 -1.215476735149e-01
2.967000000 -9.999037703813e-02
2.968000000 -7.855071131534e-02
2.969000000 -5.732505712160e-02
2.970000000 -3.640935593548e-02
2.971000000 -1.589866455469e-02
2.972000000 4.113289787310e-03
2.973000000 2.353455158058e-02
2.974000000 4.227537424591e-02
2.975000000 6.024865016955e-02
2.976000000 7.737033136449e-02
2.977000000 9.355983858784e-02
2.978000000 1.087404567874e-01
2.979000000 1.228397148040e-01
2.980000000 1.357897473232e-01
2.981000000 1.475276371455e-01
2.982000000 1.579957359321e-01
2.983000000 1.671419616822e-01
2.984000000 1.749200713048e-01
2.985000000 1.812899067636e-01
2.986000000 1.862176134039e-01
2.987000000 1.896758291989e-01
2.988000000 1.916438437983e-01
2.989000000 1.921077264099e-01
2.990000000 1.910604216966e-01
2.991000000 1.885018130343e-01
2.992000000 1.844387526371e-01
2.993000000 1.788850582254e-01
2.994000000 1.718614760810e-01
2.995000000 1.633956105064e-01
2.996000000 1.535218198775e-01
2.997000000 1.422810796500e-01
2.998000000 1.297208128531e-01
2.999000000 1.158946887734e-01
3.000000000 1.008623906949e-01
3.001000000 8.468935372988e-02
3.002000000 6.744647392741e-02
3.003000000 4.920979000195e-02
3.004000000 3.006013917052e-02
3.005000000 1.008278872424e-02
3.006000000 -1.063295490767e-02
3.007000000 -3.199415772191e-02
3.008000000 -5.390468834063e-02
3.009000000 -7.626566475127e-02
3.010000000 -9.897591539951e-02
3.011000000 -1.219324523671e-01
3.012000000 -1.450309542974e-01
3.013000000 -1.681662566738e-01
3.014000000 -1.912328470117e-01
3.015000000 -2.141253624933e-01
3.016000000 -2.367390875534e-01
3.017000000 -2.589704489208e-01
3.018000000 -2.807175056250e-01
3.019000000 -3.018804314986e-01
3.020000000 -3.223619877395e-01
3.021000000 -3.420679831433e-01
3.022000000 -3.609077196727e-01
3.023000000 -3.787944211072e-01
3.024000000 -3.956456425933e-01
3.025000000 -4.113836590165e-01
3.026000000 -4.259358302182e-01
3.027000000 -4.392349412003e-01
3.028000000 -4.512195155864e-01
3.029000000 -4.618341007444e-01
3.030000000 -4.710295231209e-01
3.031000000 -4.787631124915e-01
3.032000000 -4.849988939894e-01
3.033000000 -4.897077469435e-01
3.034000000 -4.928675297263e-01
3.035000000 -4.944631699914e-01
3.036000000 -4.944867198565e-01
3.037000000 -4.929373757736e-01
3.038000000 -4.898214630105e-01
3.039000000 -4.851523848517e-01
3.040000000 -4.789505368126e-01
3.041000000 -4.712431863424e-01
3.042000000 -4.620643186734e-01
3.043000000 -4.514544496479e-01
3.044000000 -4.394604065324e-01
3.045000000 -4.261350779898e-01
3.046000000 -4.115371345477e-01
3.047000000 -3.957307210514e-01
3.048000000 -3.787851227378e-01
3.049000000 -3.607744067056e-01
3.050000000 -3.417770406827e-01
3.051000000 -3.218754911126e-01
3.052000000 -3.011558026885e-01
3.053000000 -2.797071615575e-01
3.054000000 -2.576214445051e-01
3.055000000 -2.349927564986e-01
3.056000000 -2.119169590292e-01
3.057000000 -1.884911917369e-01
3.058000000 -1.648133898351e-01
3.059000000 -1.409817998713e-01
3.060000000 -1.170944963642e-01
3.061000000 -9.324890184996e-02
3.062000000 -6.954131284707e-02
3.063000000 -4.606643421473e-02
3.064000000 -2.291692432889e-02
3.065000000 -1.829534389383e-04
3.066000000 2.204822250779e-02
3.067000000 4.369267037388e-02
3.068000000 6.467016857164e-02
3.069000000 8.490457404531e-02
3.070000000 1.043241656278e-01
3.071000000 1.228619620354e-01
3.072000000 1.404560129055e-01
3.073000000 1.570496614317e-01
3.074000000 1.725917773081e-01
3.075000000 1.870369588584e-01
3.076000000 2.003457033981e-01
3.077000000 2.124845450501e-01
3.078000000 2.234261594162e-01
3.079000000 2.331494346889e-01
3.080000000 2.416395089726e-01
3.081000000 2.488877737694e-01
3.082000000 2.548918437703e-01
3.083000000 2.596554932782e-01
3.084000000 2.631885597719e-01
3.085000000 2.655068152996e-01
3.086000000 2.666318065687e-01
3.087000000 2.665906647654e-01
3.088000000 2.654158863084e-01
3.089000000 2.631450858944e-01
3.090000000 2.598207233457e-01
3.091000000 2.554898059129e-01
3.092000000 2.502035678160e-01
3.093000000 2.440171289329e-01
3.094000000 2.369891346521e-01
3.095000000 2.291813790104e-01
3.096000000 2.206584133227e-01
3.097000000 2.114871425871e-01
3.098000000 2.017364120118e-01
3.099000000 1.914765860604e-01
3.100000000 1.807791224476e-01
3.101000000 1.697161435399e-01
3.102000000 1.583600076262e-01
3.103000000 1.467828825148e-01
3.104000000 1.350563238972e-01
3.105000000 1.232508608846e-01
3.106000000 1.114355910764e-01
3.107000000 9.967778746221e-02
3.108000000 8.804251938157e-02
3.109000000 7.659228968623e-02
3.110000000 6.538669014697e-02
3.111000000 5.448207704093e-02
3.112000000 4.393126873434e-02
3.113000000 3.378326694526e-02
3.114000000 2.408300323132e-02
3.115000000 1.487111209874e-02
3.116000000 6.183731972280e-03
3.117000000 -1.947664897539e-03
3.118000000 -9.496412683517e-03
3.119000000 -1.644076165529e-02
3.120000000 -2.276395672458e-02
3.121000000 -2.845428449141e-02
3.122000000 -3.350508860491e-02
3.123000000 -3.791475343744e-02
3.124000000 -4.168665625617e-02
3.125000000 -4.482908826046e-02
3.126000000 -4.735514503550e-02
3.127000000 -4.928258715187e-02
3.128000000 -5.063367181522e-02
3.129000000 -5.143495664026e-02
3.130000000 -5.171707678680e-02
3.131000000 -5.151449685186e-02
3.132000000 -5.086523906073e-02
3.133000000 -4.981058943926e-02
3.134000000 -4.839478377992e-02
3.135000000 -4.666467533385e-02
3.136000000 -4.466938626957e-02
3.137000000 -4.245994503602e-02
3.138000000 -4.008891185201e-02
3.139000000 -3.760999461626e-02
3.140000000 -3.507765759022e-02
3.141000000 -3.254672525147e-02
3.142000000 -3.007198374595e-02
3.143000000 -2.770778238494e-02
3.144000000 -2.550763763507e-02
3.145000000 -2.352384203856e-02
3.146000000 -2.180708047537e-02
3.147000000 -2.040605613910e-02
3.148000000 -1.936712854536e-02
3.149000000 -1.873396582399e-02
3.150000000 -1.854721346642e-02
3.151000000 -1.884418160640e-02
3.152000000 -1.965855280683e-02
3.153000000 -2.102011220873e-02
3.154000000 -2.295450176974e-02
3.155000000 -2.548300018173e-02
3.156000000 -2.862232990852e-02
3.157000000 -3.238449262811e-02
3.158000000 -3.677663419938e-02
3.159000000 -4.180094010111e-02
3.160000000 -4.745456211397e-02
3.161000000 -5.372957683336e-02
3.162000000 -6.061297641433e-02
3.163000000 -6.808669176063e-02
3.164000000 -7.612764817826e-02
3.165000000 -8.470785332240e-02
3.166000000 -9.379451707438e-02
3.167000000 -1.033502027958e-01
3.168000000 -1.133330092186e-01
3.169000000 -1.236967820470e-01
3.170000000 -1.343913541661e-01
3.171000000 -1.453628131807e-01
3.172000000 -1.565537948396e-01
3.173000000 -1.679038007415e-01
3.174000000 -1.793495385695e-01
3.175000000 -1.908252829586e-01
3.176000000 -2.022632549722e-01
3.177000000 -2.135940180422e-01
3.178000000 -2.247468881214e-01
3.179000000 -2.356503557009e-01
3.180000000 -2.462325172649e-01
3.181000000 -2.564215136850e-01
3.182000000 -2.661459730042e-01
3.183000000 -2.753354550198e-01
3.184000000 -2.839208950496e-01
3.185000000 -2.918350442561e-01
3.186000000 -2.990129039080e-01
3.187000000 -3.053921509793e-01
3.188000000 -3.109135525187e-01
3.189000000 -3.155213662749e-01
3.190000000 -3.191637251268e-01
3.191000000 -3.217930029439e-01
3.192000000 -3.233661595993e-01
3.193000000 -3.238450629599e-01
3.194000000 -3.231967857996e-01
3.195000000 -3.213938757119e-01
3.196000000 -3.184145962403e-01
3.197000000 -3.142431376013e-01
3.198000000 -3.088697955348e-01
3.199000000 -3.022911169926e-01
3.200000000 -2.945100115554e-01
3.201000000 -2.855358276570e-01
3.202000000 -2.753843928884e-01
3.203000000 -2.640780178559e-01
3.204000000 -2.516454632681e-01
3.205000000 -2.381218701346e-01
3.206000000 -2.235486531686e-01
3.207000000 -2.079733576905e-01
3.208000000 -1.914494805424e-01
3.209000000 -1.740362557258e-01
3.210000000 -1.557984056804e-01
3.211000000 -1.368058593214e-01
3.212000000 -1.171334381442e-01
3.213000000 -9.686051189712e-02
3.214000000 -7.607062550003e-02
3.215000000 -5.485109905969e-02
3.216000000 -3.329260299605e-02
3.217000000 -1.148871044445e-02
3.218000000 1.046457075940e-02
3.219000000 3.246928407652e-02
3.220000000 5.442602569262e-02
3.221000000 7.623445872351e-02
3.222000000 9.779383745624e-02
3.223000000 1.190035388112e-01
3.224000000 1.397635981518e-01
3.225000000 1.599752465272e-01
3.226000000 1.795414464039e-01
3.227000000 1.983674229367e-01
3.228000000 2.163611878294e-01
3.229000000 2.334340528626e-01
3.230000000 2.495011302026e-01
3.231000000 2.644818166580e-01
3.232000000 2.783002591264e-01
3.233000000 2.908857985524e-01
3.234000000 3.021733898261e-01
3.235000000 3.121039951624e-01
3.236000000 3.206249486351e-01
3.237000000 3.276902896786e-01
3.238000000 3.332610635314e-01
3.239000000 3.373055867608e-01
3.240000000 3.397996761862e-01
3.241000000 3.407268397112e-01
3.242000000 3.400784277700e-01
3.243000000 3.378537443013e-01
3.244000000 3.340601163763e-01
3.245000000 3.287129218272e-01
3.246000000 3.218355744444e-01
3.247000000 3.134594665415e-01
3.248000000 3.036238689124e-01
3.249000000 2.923757884413e-01
3.250000000 2.797697838491e-01
3.251000000 2.658677402972e-01
3.252000000 2.507386037876e-01
3.253000000 2.344580765263e-01
3.254000000 2.171082746311e-01
3.255000000 1.987773497747e-01
3.256000000 1.795590765587e-01
3.257000000 1.595524076068e-01
3.258000000 1.388609985498e-01
3.259000000 1.175927052481e-01
3.260000000 9.585905575988e-02
3.261000000 7.377469970987e-02
3.262000000 5.145683785060e-02
3.263000000 2.902463472699e-02
3.264000000 6.598617461236e-03
3.265000000 -1.569993623547e-02
3.266000000 -3.774961764472e-02
3.267000000 -5.942951097997e-02
3.268000000 -8.061981840735e-02
3.269000000 -1.012024828507e-01
3.270000000 -1.210618052788e-01
3.271000000 -1.400850531873e-01
3.272000000 -1.581630570166e-01
3.273000000 -1.751907912987e-01
3.274000000 -1.910679373894e-01
3.275000000 -2.056994247279e-01
3.276000000 -2.189959476633e-01
3.277000000 -2.308744550060e-01
3.278000000 -2.412586095933e-01
3.279000000 -2.500792153040e-01
3.280000000 -2.572746091206e-01
3.281000000 -2.627910160107e-01
3.282000000 -2.665828645870e-01
3.283000000 -2.686130617047e-01
3.284000000 -2.688532243643e-01
3.285000000 -2.672838675079e-01
3.286000000 -2.638945465225e-01
3.287000000 -2.586839535025e-01
3.288000000 -2.516599665590e-01
3.289000000 -2.428396517148e-01
3.290000000 -2.322492171679e-01
3.291000000 -2.199239199603e-01
3.292000000 -2.059079253396e-01
3.293000000 -1.902541193514e-01
3.294000000 -1.730238754510e-01
3.295000000 -1.542867761683e-01
3.296000000 -1.341202910996e-01
3.297000000 -1.126094127381e-01
3.298000000 -8.984625188092e-02
3.299000000 -6.592959457155e-02
3.300000000 -4.096442274595e-02
3.301000000 -1.506140095062e-02
3.302000000 1.166366831174e-02
3.303000000 3.909041787863e-02
3.304000000 6.709451497513e-02
3.305000000 9.554828297491e-02
3.306000000 1.243213427073e-01
3.307000000 1.532812700285e-01
3.308000000 1.822942662779e-01
3.309000000 2.112258381611e-01
3.310000000 2.399414835389e-01
3.311000000 2.683073795597e-01
3.312000000 2.961910695463e-01
3.313000000 3.234621450447e-01
3.314000000 3.499929194536e-01
3.315000000 3.756590896877e-01
3.316000000 4.003403823767e-01
3.317000000 4.239211811741e-01
3.318000000 4.462911318354e-01
3.319000000 4.673457218331e-01
3.320000000 4.869868313980e-01
3.321000000 5.051232530163e-01
3.322000000 5.216711765688e-01
3.323000000 5.365546374691e-01
3.324000000 5.497059253427e-01
3.325000000 5.610659509903e-01
3.326000000 5.705845695882e-01
3.327000000 5.782208583016e-01
3.328000000 5.839433467220e-01
3.329000000 5.877301987791e-01
3.330000000 5.895693450307e-01
3.331000000 5.894585644872e-01
3.332000000 5.874055153921e-01
3.333000000 5.834277146429e-01
3.334000000 5.775524658060e-01
3.335000000 5.698167359457e-01
3.336000000 5.602669817591e-01
3.337000000 5.489589257710e-01
3.338000000 5.359572836102e-01
3.339000000 5.213354436414e-01
3.340000000 5.051751004872e-01
3.341000000 4.875658442104e-01
3.342000000 4.686047071719e-01
3.343000000 4.483956707995e-01
3.344000000 4.270491347218e-01
3.345000000 4.046813509222e-01
3.346000000 3.814138257603e-01
3.347000000 3.573726928793e-01
3.348000000 3.326880601818e-01
3.349000000 3.074933341975e-01
3.350000000 2.819245252932e-01
3.351000000 2.561195372854e-01
3.352000000 2.302174451054e-01
3.353000000 2.043577642385e-01
3.354000000 1.786797157126e-01
3.355000000 1.533214904420e-01
3.356000000 1.284195167486e-01
3.357000000 1.041077348724e-01
3.358000000 8.051688226089e-02
3.359000000 5.777379337527e-02
3.360000000 3.600071769097e-02
3.361000000 1.531465948095e-02
3.362000000 -4.173257132124e-03
3.363000000 -2.235839449116e-02
3.364000000 -3.914317586404e-02
3.365000000 -5.443762498081e-02
3.366000000 -6.815986775529e-02
3.367000000 -8.023659348700e-02
3.368000000 -9.060347304165e-02
3.369000000 -9.920553172541e-02
3.370000000 -1.059974747965e-01
3.371000000 -1.109439637976e-01
3.372000000 -1.140198421419e-01
3.373000000 -1.152103086444e-01
3.374000000 -1.145110379541e-01
3.375000000 -1.119282471167e-01
3.376000000 -1.074787077693e-01
3.377000000 -1.011897037514e-01
3.378000000 -9.309893419377e-02
3.379000000 -8.325436242983e-02
3.380000000 -7.171401135080e-02
3.381000000 -5.854570610507e-02
3.382000000 -4.382676531258e-02
3.383000000 -2.764364223260e-02
3.384000000 -1.009151758282e-02
3.385000000 8.726154041050e-03
3.386000000 2.869814195414e-02
3.387000000 4.970597895800e-02
3.388000000 7.162454006252e-02
3.389000000 9.432265750833e-02
3.390000000 1.176637690528e-01
3.391000000 1.415065963071e-01
3.392000000 1.657058497520e-01
3.393000000 1.901129569186e-01
3.394000000 2.145768100941e-01
3.395000000 2.389445298087e-01
3.396000000 2.630622402706e-01
3.397000000 2.867758528507e-01
3.398000000 3.099318536698e-01
3.399000000 3.323780913138e-01
3.400000000 3.539645606957e-01
3.401000000 3.745441790960e-01
3.402000000 3.939735504479e-01
3.403000000 4.121137139849e-01
3.404000000 4.288308734441e-01
3.405000000 4.439971031115e-01
3.406000000 4.574910271057e-01
3.407000000 4.691984684283e-01
3.408000000 4.790130644590e-01
3.409000000 4.868368457347e-01
3.410000000 4.925807750373e-01
3.411000000 4.961652440102e-01
3.412000000 4.975205247337e-01
3.413000000 4.965871739147e-01
3.414000000 4.933163875824e-01
3.415000000 4.876703044275e-01
3.416000000 4.796222561813e-01
3.417000000 4.691569636923e-01
3.418000000 4.562706776334e-01
3.419000000 4.409712630472e-01
3.420000000 4.232782272199e-01
3.421000000 4.032226906571e-01
3.422000000 3.808473012190e-01
3.423000000 3.562060917611e-01
3.424000000 3.293642819035e-01
3.425000000 3.003980248380e-01
3.426000000 2.693941003519e-01
3.427000000 2.364495555213e-01
3.428000000 2.016712947849e-01
3.429000000 1.651756213649e-01
3.430000000 1.270877322422e-01
3.431000000 8.754116912908e-02
3.432000000 4.667722809648e-02
3.433000000 4.644330723674e-03
3.434000000 -3.840264017278e-02
3.435000000 -8.230303699768e-02
3.436000000 -1.268911726307e-01
3.437000000 -1.719970709400e-01
3.438000000 -2.174472388959e-01
3.439000000 -2.630654565214e-01
3.440000000 -3.086735808250e-01
3.441000000 -3.540923597987e-01
3.442000000 -3.991422525140e-01
3.443000000 -4.436442513208e-01
3.444000000 -4.874207021487e-01
3.445000000 -5.302961189200e-01
3.446000000 -5.720979881207e-01
3.447000000 -6.126575596224e-01
3.448000000 -6.518106199265e-01
3.449000000 -6.893982440881e-01
3.450000000 -7.252675226910e-01
3.451000000 -7.592722603688e-01
3.452000000 -7.912736425170e-01
3.453000000 -8.211408669996e-01
3.454000000 -8.487517378332e-01
3.455000000 -8.739932180220e-01
3.456000000 -8.967619389272e-01
3.457000000 -9.169646637683e-01
3.458000000 -9.345187030902e-01
3.459000000 -9.493522802647e-01
3.460000000 -9.614048453515e-01
3.461000000 -9.706273358978e-01
3.462000000 -9.769823835213e-01
3.463000000 -9.804444653918e-01
3.464000000 -9.810000000000e-01
3.465000000 -9.786473868782e-01
3.466000000 -9.733969902139e-01
3.467000000 -9.652710665750e-01
3.468000000 -9.543036372404e-01
3.469000000 -9.405403058995e-01
3.470000000 -9.240380227530e-01
3.471000000 -9.048647963091e-01
3.472000000 -8.830993544197e-01
3.473000000 -8.588307563517e-01
3.474000000 -8.321579579190e-01
3.475000000 -8.031893319301e-01
3.476000000 -7.720421464158e-01
3.477000000 -7.388420033035e-01
3.478000000 -7.037222403885e-01
3.479000000 -6.668232996259e-01
3.480000000 -6.282920649194e-01
3.481000000 -5.882811727238e-01
3.482000000 -5.469482988988e-01
3.483000000 -5.044554253561e-01
3.484000000 -4.609680901266e-01
3.485000000 -4.166546245429e-01
3.486000000 -3.716853812804e-01
3.487000000 -3.262319570293e-01
3.488000000 -2.804664135806e-01
3.489000000 -2.345605011020e-01
3.490000000 -1.886848873481e-01
3.491000000 -1.430083965088e-01
3.492000000 -9.769726133009e-02
3.493000000 -5.291439206178e-02
3.494000000 -8.818665685715e-03
3.495000000 3.443576123897e-02
3.496000000 7.670011291024e-02
3.497000000 1.178316247426e-01
3.498000000 1.576941410605e-01
3.499000000 1.961586773120e-01
3.500000000 2.331039442787e-01
3.501000000 2.684168319603e-01
3.502000000 3.019928510247e-01
3.503000000 3.337365299362e-01
3.504000000 3.635617661061e-01
3.505000000 3.913921296467e-01
3.506000000 4.171611185537e-01
3.507000000 4.408123643913e-01
3.508000000 4.622997878057e-01
3.509000000 4.815877034451e-01
3.510000000 4.986508741225e-01
3.511000000 5.134745143072e-01
3.512000000 5.260542432887e-01
3.513000000 5.363959885995e-01
3.514000000 5.445158405346e-01
3.515000000 5.504398588402e-01
3.516000000 5.542038328785e-01
3.517000000 5.558529967999e-01
3.518000000 5.554417014688e-01
3.519000000 5.530330450949e-01
3.520000000 5.486984647170e-01
3.521000000 5.425172908654e-01
3.522000000 5.345762679030e-01
3.523000000 5.249690426963e-01
3.524000000 5.137956244104e-01
3.525000000 5.011618183489e-01
3.526000000 4.871786368685e-01
3.527000000 4.719616904920e-01
3.528000000 4.556305624233e-01
3.529000000 4.383081697261e-01
3.530000000 4.201201144729e-01
3.531000000 4.011940281983e-01
3.532000000 3.816589129984e-01
3.533000000 3.616444826117e-01
3.534000000 3.412805067904e-01
3.535000000 3.206961622313e-01
3.536000000 3.000193932767e-01
3.537000000 2.793762855205e-01
3.538000000 2.588904553660e-01
3.539000000 2.386824584783e-01
3.540000000 2.188692199515e-01
3.541000000 1.995634888823e-01
3.542000000 1.808733198926e-01
3.543000000 1.629015839882e-01
3.544000000 1.457455109686e-01
3.545000000 1.294962654286e-01
3.546000000 1.142385581982e-01
3.547000000 1.000502948753e-01
3.548000000 8.700226289951e-02
3.549000000 7.515785840582e-02
3.550000000 6.457285388349e-02
3.551000000 5.529520744541e-02
3.552000000 4.736491429364e-02
3.553000000 4.081390074374e-02
3.554000000 3.566596094823e-02
3.555000000 3.193673623792e-02
3.556000000 2.963373678005e-02
3.557000000 2.875640503637e-02
3.558000000 2.929622029184e-02
3.559000000 3.123684331830e-02
3.560000000 3.455430003750e-02
3.561000000 3.921720285495e-02
3.562000000 4.518700815202e-02
3.563000000 5.241830824890e-02
3.564000000 6.085915598616e-02
3.565000000 7.045141991898e-02
3.566000000 8.113116797619e-02
3.567000000 9.282907730647e-02
3.568000000 1.054708679174e-01
3.569000000 1.189777576098e-01
3.570000000 1.332669356209e-01
3.571000000 1.482520523138e-01
3.572000000 1.638437221918e-01
3.573000000 1.799500374695e-01
3.574000000 1.964770894023e-01
3.575000000 2.133294945593e-01
3.576000000 2.304109232269e-01
3.577000000 2.476246271399e-01
3.578000000 2.648739637698e-01
3.579000000 2.820629144413e-01
3.580000000 2.990965936051e-01
3.581000000 3.158817466678e-01
3.582000000 3.323272338605e-01
3.583000000 3.483444977294e-01
3.584000000 3.638480119344e-01
3.585000000 3.787557091685e-01
3.586000000 3.929893861353e-01
3.587000000 4.064750836672e-01
3.588000000 4.191434402137e-01
3.589000000 4.309300170896e-01
3.590000000 4.417755940341e-01
3.591000000 4.516264338082e-01
3.592000000 4.604345147300e-01
3.593000000 4.681577302312e-01
3.594000000 4.747600547021e-01
3.595000000 4.802116750789e-01
3.596000000 4.844890878149e-01
3.597000000 4.875751610670e-01
3.598000000 4.894591621151e-01
3.599000000 4.901367502190e-01
3.600000000 4.896099353005e-01
3.601000000 4.878870030181e-01
3.602000000 4.849824069769e-01
3.603000000 4.809166289858e-01
3.604000000 4.757160084364e-01
3.605000000 4.694125420369e-01
3.606000000 4.620436552784e-01
3.607000000 4.536519471529e-01
3.608000000 4.442849097717e-01
3.609000000 4.339946246530e-01
3.610000000 4.228374375544e-01
3.611000000 4.108736138286e-01
3.612000000 3.981669763619e-01
3.613000000 3.847845282345e-01
3.614000000 3.707960623007e-01
3.615000000 3.562737599376e-01
3.616000000 3.412917812501e-01
3.617000000 3.259258490414e-01
3.618000000 3.102528288721e-01
3.619000000 2.943503075293e-01
3.620000000 2.782961722125e-01
3.621000000 2.621681927182e-01
3.622000000 2.460436088659e-01
3.623000000 2.299987253571e-01
3.624000000 2.141085161997e-01
3.625000000 1.984462407526e-01
3.626000000 1.830830733661e-01
3.627000000 1.680877484979e-01
3.628000000 1.535262230799e-01
3.629000000 1.394613578023e-01
3.630000000 1.259526188574e-01
3.631000000 1.130558015605e-01
3.632000000 1.008227771301e-01
3.633000000 8.930126376846e-02
3.634000000 7.853462303875e-02
3.635000000 6.856168238652e-02
3.636000000 5.941658449818e-02
3.637000000 5.112866403530e-02
3.638000000 4.372235212577e-02
3.639000000 3.721710883524e-02
3.640000000 3.162738368446e-02
3.641000000 2.696260412163e-02
3.642000000 2.322719170391e-02
3.643000000 2.042060559033e-02
3.644000000 1.853741279967e-02
3.645000000 1.756738454272e-02
3.646000000 1.749561779942e-02
3.647000000 1.830268117777e-02
3.648000000 1.996478396502e-02
3.649000000 2.245396716207e-02
3.650000000 2.573831518003e-02
3.651000000 2.978218677495e-02
3.652000000 3.454646370186e-02
3.653000000 3.998881548449e-02
3.654000000 4.606397862124e-02
3.655000000 5.272404848307e-02
3.656000000 5.991878210375e-02
3.657000000 6.759591001885e-02
3.658000000 7.570145527593e-02
3.659000000 8.418005771632e-02
3.660000000 9.297530161654e-02
3.661000000 1.020300447771e-01
3.662000000 1.112867471560e-01
3.663000000 1.206877971659e-01
3.664000000 1.301758337834e-01
3.665000000 1.396940626625e-01
3.666000000 1.491865644950e-01
3.667000000 1.585985939200e-01
3.668000000 1.678768673577e-01
3.669000000 1.769698382202e-01
3.670000000 1.858279580379e-01
3.671000000 1.944039221381e-01
3.672000000 2.026528986107e-01
3.673000000 2.105327394064e-01
3.674000000 2.180041725272e-01
3.675000000 2.250309743857e-01
3.676000000 2.315801215365e-01
3.677000000 2.376219211066e-01
3.678000000 2.431301193863e-01
3.679000000 2.480819881697e-01
3.680000000 2.524583885706e-01
3.681000000 2.562438121727e-01
3.682000000 2.594263995082e-01
3.683000000 2.619979359897e-01
3.684000000 2.639538255547e-01
3.685000000 2.652930424093e-01
3.686000000 2.660180613843e-01
3.687000000 2.661347675380e-01
3.688000000 2.656523457604e-01
3.689000000 2.645831512428e-01
3.690000000 2.629425617844e-01
3.691000000 2.607488130106e-01
3.692000000 2.580228176669e-01
3.693000000 2.547879702412e-01
3.694000000 2.510699382469e-01
3.695000000 2.468964415641e-01
3.696000000 2.422970213053e-01
3.697000000 2.373027997172e-01
3.698000000 2.319462326798e-01
3.699000000 2.262608563938e-01
3.700000000 2.202810298758e-01
3.701000000 2.140416748926e-01
3.702000000 2.075780149740e-01
3.703000000 2.009253151388e-01
3.704000000 1.941186239539e-01
3.705000000 1.871925195266e-01
3.706000000 1.801808609941e-01
3.707000000 1.731165470366e-01
3.708000000 1.660312828890e-01
3.709000000 1.589553572679e-01
3.710000000 1.519174305654e-01
3.711000000 1.449443355864e-01
3.712000000 1.380608920263e-01
3.713000000 1.312897357976e-01
3.714000000 1.246511642207e-01
3.715000000 1.181629979950e-01
3.716000000 1.118404607628e-01
3.717000000 1.056960769688e-01
3.718000000 9.973958860702e-02
3.719000000 9.397789133161e-02
3.720000000 8.841499029027e-02
3.721000000 8.305197591947e-02
3.722000000 7.788701982123e-02
3.723000000 7.291539072002e-02
3.724000000 6.812949037864e-02
3.725000000 6.351890923249e-02
3.726000000 5.907050138478e-02
3.727000000 5.476847848980e-02
3.728000000 5.059452193996e-02
3.729000000 4.652791266389e-02
3.730000000 4.254567773898e-02
3.731000000 3.862275292293e-02
3.732000000 3.473216011514e-02
3.733000000 3.084519867092e-02
3.734000000 2.693164941066e-02
3.735000000 2.295999009128e-02
3.736000000 1.889762104033e-02
3.737000000 1.471109959346e-02
3.738000000 1.036638192462e-02
3.739000000 5.829070814464e-03
3.740000000 1.064667867963e-03
3.741000000 -3.961171334475e-03
3.742000000 -9.282380685652e-03
3.743000000 -1.493222714209e-02
3.744000000 -2.094305599855e-02
3.745000000 -2.734603937999e-02
3.746000000 -3.417092946663e-02
3.747000000 -4.144581794212e-02
3.748000000 -4.919690311959e-02
3.749000000 -5.744826615821e-02
3.750000000 -6.622165773151e-02
3.751000000 -7.553629645075e-02
3.752000000 -8.540868028041e-02
3.753000000 -9.585241211056e-02
3.754000000 -1.068780405713e-01
3.755000000 -1.184929170892e-01
3.756000000 -1.307010700958e-01
3.757000000 -1.435030971996e-01
3.758000000 -1.568960760367e-01
3.759000000 -1.708734944075e-01
3.760000000 -1.854252001999e-01
3.761000000 -2.005373714910e-01
3.762000000 -2.161925071041e-01
3.763000000 -2.323694377859e-01
3.764000000 -2.490433580529e-01
3.765000000 -2.661858786408e-01
3.766000000 -2.837650993781e-01
3.767000000 -3.017457021879e-01
3.768000000 -3.200890638141e-01
3.769000000 -3.387533877563e-01
3.770000000 -3.576938547911e-01
3.771000000 -3.768627913561e-01
3.772000000 -3.962098549718e-01
3.773000000 -4.156822357832e-01
3.774000000 -4.352248732148e-01
3.775000000 -4.547806866453e-01
3.776000000 -4.742908189356e-01
3.777000000 -4.936948915673e-01
3.778000000 -5.129312700894e-01
3.779000000 -5.319373385086e-01
3.780000000 -5.506497812145e-01
3.781000000 -5.690048709824e-01
3.782000000 -5.869387615693e-01
3.783000000 -6.043877833861e-01
3.784000000 -6.212887407163e-01
3.785000000 -6.375792089390e-01
3.786000000 -6.531978302144e-01
3.787000000 -6.680846060956e-01
3.788000000 -6.821811855490e-01
3.789000000 -6.954311468849e-01
3.790000000 -7.077802721359e-01
3.791000000 -7.191768124570e-01
3.792000000 -7.295717431697e-01
3.793000000 -7.389190071284e-01
3.794000000 -7.471757451439e-01
3.795000000 -7.543025122733e-01
3.796000000 -7.602634788552e-01
3.797000000 -7.650266152505e-01
3.798000000 -7.685638593366e-01
3.799000000 -7.708512658897e-01
3.800000000 -7.718691370895e-01
3.801000000 -7.716021334738e-01
3.802000000 -7.700393647787e-01
3.803000000 -7.671744602008e-01
3.804000000 -7.630056177256e-01
3.805000000 -7.575356322783e-01
3.806000000 -7.507719025578e-01
3.807000000 -7.427264165311e-01
3.808000000 -7.334157156694e-01
3.809000000 -7.228608381216e-01
3.810000000 -7.110872411267e-01
3.811000000 -6.981247030723e-01
3.812000000 -6.840072057122e-01
3.813000000 -6.687727971544e-01
3.814000000 -6.524634363306e-01
3.815000000 -6.351248197493e-01
3.816000000 -6.168061914236e-01
3.817000000 -5.975601369496e-01
3.818000000 -5.774423627883e-01
3.819000000 -5.565114618766e-01
3.820000000 -5.348286667583e-01
3.821000000 -5.124575914880e-01
3.822000000 -4.894639636103e-01
3.823000000 -4.659153475654e-01
3.824000000 -4.418808609075e-01
3.825000000 -4.174308847577e-01
3.826000000 -3.926367699315e-01
3.827000000 -3.675705401996e-01
3.828000000 -3.423045941490e-01
3.829000000 -3.169114071088e-01
3.830000000 -2.914632346005e-01
3.831000000 -2.660318187551e-01
3.832000000 -2.406880991176e-01
3.833000000 -2.155019292299e-01
3.834000000 -1.905418003433e-01
3.835000000 -1.658745735708e-01
3.836000000 -1.415652217351e-01
3.837000000 -1.176765821147e-01
3.838000000 -9.426912122160e-02
3.839000000 -7.140071268156e-02
3.840000000 -4.912642920799e-02
3.841000000 -2.749834958445e-02
3.842000000 -6.565381486076e-03
3.843000000 1.362689911692e-02
3.844000000 3.303639132180e-02
3.845000000 5.162459486356e-02
3.846000000 6.935671743103e-02
3.847000000 8.620176336493e-02
3.848000000 1.021326034736e-01
3.849000000 1.171260258026e-01
3.850000000 1.311627672936e-01
3.851000000 1.442275263710e-01
3.852000000 1.563089565902e-01
3.853000000 1.673996415835e-01
3.854000000 1.774960516313e-01
3.855000000 1.865984822856e-01
3.856000000 1.947109755570e-01
3.857000000 2.018412242693e-01
3.858000000 2.080004602672e-01
3.859000000 2.132033272402e-01
3.860000000 2.174677390049e-01
3.861000000 2.208147241523e-01
3.862000000 2.232682580353e-01
3.863000000 2.248550831268e-01
3.864000000 2.256045188346e-01
3.865000000 2.255482619011e-01
3.866000000 2.247201785609e-01
3.867000000 2.231560896572e-01
3.868000000 2.208935499496e-01
3.869000000 2.179716228591e-01
3.870000000 2.144306519157e-01
3.871000000 2.103120301729e-01
3.872000000 2.056579688564e-01
3.873000000 2.005112665043e-01
3.874000000 1.949150798395e-01
3.875000000 1.889126975969e-01
3.876000000 1.825473184943e-01
3.877000000 1.758618345061e-01
3.878000000 1.688986205540e-01
3.879000000 1.616993316844e-01
3.880000000 1.543047087493e-01
3.881000000 1.467543935482e-01
3.882000000 1.390867543286e-01
3.883000000 1.313387224747e-01
3.884000000 1.235456411397e-01
3.885000000 1.157411265085e-01
3.886000000 1.079569422922e-01
3.887000000 1.002228879812e-01
3.888000000 9.256670129513e-02
3.889000000 8.501397518725e-02
3.890000000 7.758808967023e-02
3.891000000 7.031015864618e-02
3.892000000 6.319899183377e-02
3.893000000 5.627107179852e-02
3.894000000 4.954054600495e-02
3.895000000 4.301923372315e-02
3.896000000 3.671664753802e-02
3.897000000 3.064002912662e-02
3.898000000 2.479439888941e-02
3.899000000 1.918261894373e-02
3.900000000 1.380546891436e-02
3.901000000 8.661733885629e-03
3.902000000 3.748303813998e-03
3.903000000 -9.397163618527e-04
3.904000000 -5.408886732861e-03
3.905000000 -9.667303424536e-03
3.906000000 -1.372446151246e-02
3.907000000 -1.759111080656e-02
3.908000000 -2.127910549721e-02
3.909000000 -2.480124868542e-02
3.910000000 -2.817113284192e-02
3.911000000 -3.140297725707e-02
3.912000000 -3.451146355372e-02
3.913000000 -3.751157033934e-02
3.914000000 -4.041840807174e-02
3.915000000 -4.324705520421e-02
3.916000000 -4.601239666154e-02
3.917000000 -4.872896567758e-02
3.918000000 -5.141078999879e-02
3.919000000 -5.407124342560e-02
3.920000000 -5.672290362607e-02
3.921000000 -5.937741711286e-02
3.922000000 -6.204537222670e-02
3.923000000 -6.473618091643e-02
3.924000000 -6.745797004879e-02
3.925000000 -7.021748291937e-02
3.926000000 -7.301999157137e-02
3.927000000 -7.586922046049e-02
3.928000000 -7.876728193258e-02
3.929000000 -8.171462390739e-02
3.930000000 -8.470999008558e-02
3.931000000 -8.775039291867e-02
3.932000000 -9.083109950295e-02
3.933000000 -9.394563047912e-02
3.934000000 -9.708577193940e-02
3.935000000 -1.002416002647e-01
3.936000000 -1.034015197352e-01
3.937000000 -1.065523126807e-01
3.938000000 -1.096792018596e-01
3.939000000 -1.127659246823e-01
3.940000000 -1.157948188222e-01
3.941000000 -1.187469186900e-01
3.942000000 -1.216020621771e-01
3.943000000 -1.243390070175e-01
3.944000000 -1.269355560540e-01
3.945000000 -1.293686906434e-01
3.946000000 -1.316147113841e-01
3.947000000 -1.336493853067e-01
3.948000000 -1.354480986256e-01
3.949000000 -1.369860141183e-01
3.950000000 -1.382382321686e-01
3.951000000 -1.391799544861e-01
3.952000000 -1.397866494982e-01
3.953000000 -1.400342183985e-01
3.954000000 -1.398991608303e-01
3.955000000 -1.393587391832e-01
3.956000000 -1.383911404883e-01
3.957000000 -1.369756349083e-01
3.958000000 -1.350927298388e-01
3.959000000 -1.327243186575e-01
3.960000000 -1.298538231918e-01
3.961000000 -1.264663290055e-01
3.962000000 -1.225487126491e-01
3.963000000 -1.180897600600e-01
3.964000000 -1.130802753517e-01
3.965000000 -1.075131792831e-01
3.966000000 -1.013835967572e-01
3.967000000 -9.468893276384e-02
3.968000000 -8.742893624216e-02
3.969000000 -7.960575141098e-02
3.970000000 -7.122395618522e-02
3.971000000 -6.229058737018e-02
3.972000000 -5.281515240176e-02
3.973000000 -4.280962747747e-02
3.974000000 -3.228844200142e-02
3.975000000 -2.126844934512e-02
3.976000000 -9.768884004924e-03
3.977000000 2.188694684379e-03
3.978000000 1.458047204286e-02
3.979000000 2.738046043150e-02
3.980000000 4.056059414226e-02
3.981000000 5.409083633028e-02
3.982000000 6.793929745581e-02
3.983000000 8.207236463603e-02
3.984000000 9.645484124227e-02
3.985000000 1.110500960177e-01
3.986000000 1.258202209332e-01
3.987000000 1.407261969481e-01
3.988000000 1.557280667918e-01
3.989000000 1.707851138429e-01
3.990000000 1.858560461414e-01
3.991000000 2.008991845385e-01
3.992000000 2.158726539616e-01
3.993000000 2.307345767508e-01
3.994000000 2.454432670057e-01
3.995000000 2.599574248760e-01
3.996000000 2.742363297209e-01
3.997000000 2.882400310689e-01
3.998000000 3.019295363151e-01
3.999000000 3.152669941098e-01
4.000000000 3.282158724111e-01
4.001000000 3.407411302013e-01
4.002000000 3.528093818983e-01
4.003000000 3.643890535311e-01
4.004000000 3.754505297908e-01
4.005000000 3.859662911176e-01
4.006000000 3.959110400347e-01
4.007000000 4.052618160002e-01
4.008000000 4.139980981072e-01
4.009000000 4.221018950299e-01
4.010000000 4.295578216813e-01
4.011000000 4.363531621198e-01
4.012000000 4.424779183207e-01
4.013000000 4.479248445004e-01
4.014000000 4.526894667665e-01
4.015000000 4.567700879445e-01
4.016000000 4.601677775146e-01
4.017000000 4.628863466765e-01
4.018000000 4.649323086410e-01
4.019000000 4.663148243320e-01
4.020000000 4.670456337634e-01
4.021000000 4.671389734365e-01
4.022000000 4.666114801837e-01
4.023000000 4.654820819607e-01
4.024000000 4.637718761636e-01
4.025000000 4.615039961216e-01
4.026000000 4.587034664817e-01
4.027000000 4.553970482684e-01
4.028000000 4.516130744616e-01
4.029000000 4.473812769929e-01
4.030000000 4.427326061101e-01
4.031000000 4.376990431091e-01
4.032000000 4.323134074724e-01
4.033000000 4.266091594870e-01
4.034000000 4.206201994481e-01
4.035000000 4.143806645764e-01
4.036000000 4.079247247944e-01
4.037000000 4.012863785204e-01
4.038000000 3.944992496429e-01
4.039000000 3.875963868357e-01
4.040000000 3.806100663692e-01
4.041000000 3.735715995570e-01
4.042000000 3.665111459566e-01
4.043000000 3.594575334183e-01
4.044000000 3.524380860414e-01
4.045000000 3.454784610583e-01
4.046000000 3.386024956239e-01
4.047000000 3.318320644362e-01
4.048000000 3.251869490578e-01
4.049000000 3.186847197496e-01
4.050000000 3.123406305600e-01
4.051000000 3.061675283442e-01
4.052000000 3.001757763148e-01
4.053000000 2.943731926458e-01
4.054000000 2.887650045726e-01
4.055000000 2.833538183450e-01
4.056000000 2.781396053055e-01
4.057000000 2.731197042769e-01
4.058000000 2.682888403505e-01
4.059000000 2.636391600809e-01
4.060000000 2.591602829953e-01
4.061000000 2.548393692394e-01
4.062000000 2.506612030871e-01
4.063000000 2.466082919537e-01
4.064000000 2.426609804609e-01
4.065000000 2.387975790174e-01
4.066000000 2.349945062928e-01
4.067000000 2.312264448815e-01
4.068000000 2.274665093747e-01
4.069000000 2.236864259832e-01
4.070000000 2.198567227849e-01
4.071000000 2.159469296023e-01
4.072000000 2.119257864566e-01
4.073000000 2.077614594868e-01
4.074000000 2.034217631754e-01
4.075000000 1.988743876719e-01
4.076000000 1.940871299755e-01
4.077000000 1.890281276974e-01
4.078000000 1.836660941060e-01
4.079000000 1.779705531340e-01
4.080000000 1.719120730187e-01
4.081000000 1.654624972397e-01
4.082000000 1.585951714238e-01
4.083000000 1.512851648928e-01
4.084000000 1.435094855513e-01
4.085000000 1.352472868309e-01
4.086000000 1.264800654434e-01
4.087000000 1.171918487281e-01
4.088000000 1.073693704272e-01
4.089000000 9.700223377210e-02
4.090000000 8.608306082119e-02
4.091000000 7.460762705489e-02
4.092000000 6.257498030001e-02
4.093000000 4.998754313285e-02
4.094000000 3.685119798905e-02
4.095000000 2.317535429261e-02
4.096000000 8.972997005970e-03
4.097000000 -5.739283905167e-03
4.098000000 -2.094128350182e-02
4.099000000 -3.660919170756e-02
4.100000000 -5.271562315967e-02
4.101000000 -6.922966718167e-02
4.102000000 -8.611695787886e-02
4.103000000 -1.033397642525e-01
4.104000000 -1.208571001226e-01
4.105000000 -1.386248535435e-01
4.106000000 -1.565959352917e-01
4.107000000 -1.747204459006e-01
4.108000000 -1.929458606172e-01
4.109000000 -2.112172315542e-01
4.110000000 -2.294774062146e-01
4.111000000 -2.476672614754e-01
4.112000000 -2.657259520240e-01
4.113000000 -2.835911721587e-01
4.114000000 -3.011994297838e-01
4.115000000 -3.184863313562e-01
4.116000000 -3.353868764692e-01
4.117000000 -3.518357606995e-01
4.118000000 -3.677676852848e-01
4.119000000 -3.831176721507e-01
4.120000000 -3.978213827633e-01
4.121000000 -4.118154392490e-01
4.122000000 -4.250377461945e-01
4.123000000 -4.374278115229e-01
4.124000000 -4.489270648267e-01
4.125000000 -4.594791715377e-01
4.126000000 -4.690303413164e-01
4.127000000 -4.775296290586e-01
4.128000000 -4.849292269341e-01
4.129000000 -4.911847459045e-01
4.130000000 -4.962554852029e-01
4.131000000 -5.001046883025e-01
4.132000000 -5.026997839552e-01
4.133000000 -5.040126109391e-01
4.134000000 -5.040196252236e-01
4.135000000 -5.027020883330e-01
4.136000000 -5.000462357717e-01
4.137000000 -4.960434244611e-01
4.138000000 -4.906902582298e-01
4.139000000 -4.839886905007e-01
4.140000000 -4.759461034182e-01
4.141000000 -4.665753627694e-01
4.142000000 -4.558948481645e-01
4.143000000 -4.439284580580e-01
4.144000000 -4.307055893081e-01
4.145000000 -4.162610910982e-01
4.146000000 -4.006351931593e-01
4.147000000 -3.838734083652e-01
4.148000000 -3.660264098878e-01
4.149000000 -3.471498832324e-01
4.150000000 -3.273043535906e-01
4.151000000 -3.065549890751e-01
4.152000000 -2.849713805200e-01
4.153000000 -2.626272986481e-01
4.154000000 -2.396004295228e-01
4.155000000 -2.159720893151e-01
4.156000000 -1.918269195195e-01
4.157000000 -1.672525638617e-01
4.158000000 -1.423393282321e-01
4.159000000 -1.171798250752e-01
4.160000000 -9.186860374777e-02
4.161000000 -6.650176843966e-02
4.162000000 -4.117658531966e-02
4.163000000 -1.599108063551e-02
4.164000000 8.956368448415e-03
4.165000000 3.356744844397e-02
4.166000000 5.774432769145e-02
4.167000000 8.139007616965e-02
4.168000000 1.044090850404e-01
4.169000000 1.267074839916e-01
4.170000000 1.481935544408e-01
4.171000000 1.687781366636e-01
4.172000000 1.883750289329e-01
4.173000000 2.069013767714e-01
4.174000000 2.242780504611e-01
4.175000000 2.404300089917e-01
4.176000000 2.552866486823e-01
4.177000000 2.687821347733e-01
4.178000000 2.808557143521e-01
4.179000000 2.914520090544e-01
4.180000000 3.005212860681e-01
4.181000000 3.080197060587e-01
4.182000000 3.139095467358e-01
4.183000000 3.181594008844e-01
4.184000000 3.207443478005e-01
4.185000000 3.216460971852e-01
4.186000000 3.208531046769e-01
4.187000000 3.183606583275e-01
4.188000000 3.141709354618e-01
4.189000000 3.082930294929e-01
4.190000000 3.007429464042e-01
4.191000000 2.915435707491e-01
4.192000000 2.807246011613e-01
4.193000000 2.683224555072e-01
4.194000000 2.543801459583e-01
4.195000000 2.389471243995e-01
4.196000000 2.220790987302e-01
4.197000000 2.038378207539e-01
4.198000000 1.842908464844e-01
4.199000000 1.635112698339e-01
4.200000000 1.415774307692e-01
4.201000000 1.185725991535e-01
4.202000000 9.458463560097e-02
4.203000000 6.970563079232e-02
4.204000000 4.403152479772e-02
4.205000000 1.766170805821e-02
4.206000000 -9.301394234774e-03
4.207000000 -3.675275253691e-02
4.208000000 -6.458517622575e-02
4.209000000 -9.268976778575e-02
4.210000000 -1.209563858792e-01
4.211000000 -1.492741152296e-01
4.212000000 -1.775317412063e-01
4.213000000 -2.056182269685e-01
4.214000000 -2.334231910102e-01
4.215000000 -2.608373829356e-01
4.216000000 -2.877531552993e-01
4.217000000 -3.140649293547e-01
4.218000000 -3.396696525765e-01
4.219000000 -3.644672458559e-01
4.220000000 -3.883610383081e-01
4.221000000 -4.112581876841e-01
4.222000000 -4.330700844398e-01
4.223000000 -4.537127375873e-01
4.224000000 -4.731071405311e-01
4.225000000 -4.911796151832e-01
4.226000000 -5.078621327459e-01
4.227000000 -5.230926096564e-01
4.228000000 -5.368151773010e-01
4.229000000 -5.489804242218e-01
4.230000000 -5.595456096698e-01
4.231000000 -5.684748474842e-01
4.232000000 -5.757392594165e-01
4.233000000 -5.813170971587e-01
4.234000000 -5.851938324780e-01
4.235000000 -5.873622150103e-01
4.236000000 -5.878222974114e-01
4.237000000 -5.865814277209e-01
4.238000000 -5.836542089431e-01
4.239000000 -5.790624260036e-01
4.240000000 -5.728349403932e-01
4.241000000 -5.650075529619e-01
4.242000000 -5.556228354744e-01
4.243000000 -5.447299316868e-01
4.244000000 -5.323843288466e-01
4.245000000 -5.186476006577e-01
4.246000000 -5.035871228876e-01
4.247000000 -4.872757629215e-01
4.248000000 -4.697915446936e-01
4.249000000 -4.512172905409e-01
4.250000000 -4.316402416343e-01
4.251000000 -4.111516587452e-01
4.252000000 -3.898464051968e-01
4.253000000 -3.678225139362e-01
4.254000000 -3.451807407383e-01
4.255000000 -3.220241056188e-01
4.256000000 -2.984574245886e-01
4.257000000 -2.745868339318e-01
4.258000000 -2.505193092207e-01
4.259000000 -2.263621813097e-01
4.260000000 -2.022226515649e-01
4.261000000 -1.782073085863e-01
4.262000000 -1.544216486788e-01
4.263000000 -1.309696023032e-01
4.264000000 -1.079530687175e-01
4.265000000 -8.547146097339e-02
4.266000000 -6.362126338791e-02
4.267000000 -4.249560354797e-02
4.268000000 -2.218384083800e-02
4.269000000 -2.771173400428e-03
4.270000000 1.566173464867e-02
4.271000000 3.303910402357e-02
4.272000000 4.929036747289e-02
4.273000000 6.435047187665e-02
4.274000000 7.816015385029e-02
4.275000000 9.066618759626e-02
4.276000000 1.018216038773e-01
4.277000000 1.115858791236e-01
4.278000000 1.199250938307e-01
4.279000000 1.268120595499e-01
4.280000000 1.322264139272e-01
4.281000000 1.361546833975e-01
4.282000000 1.385903132963e-01
4.283000000 1.395336653107e-01
4.284000000 1.389919823430e-01
4.285000000 1.369793210221e-01
4.286000000 1.335164522494e-01
4.287000000 1.286307303206e-01
4.288000000 1.223559313159e-01
4.289000000 1.147320615979e-01
4.290000000 1.058051373985e-01
4.291000000 9.562693661748e-02
4.292000000 8.425472408465e-02
4.293000000 7.175095166676e-02
4.294000000 5.818293471897e-02
4.295000000 4.362250649361e-02
4.296000000 2.814565222355e-02
4.297000000 1.183212469343e-02
4.298000000 -5.234956800322e-03
4.299000000 -2.296952212230e-02
4.300000000 -4.128297855671e-02
4.301000000 -6.008464954694e-02
4.302000000 -7.928222176312e-02
4.303000000 -9.878219830771e-02
4.304000000 -1.184903558425e-01
4.305000000 -1.383122034050e-01
4.306000000 -1.581534406769e-01
4.307000000 -1.779204134750e-01
4.308000000 -1.975205642499e-01
4.309000000 -2.168628754099e-01
4.310000000 -2.358583033200e-01
4.311000000 -2.544202008836e-01
4.312000000 -2.724647266662e-01
4.313000000 -2.899112385950e-01
4.314000000 -3.066826703461e-01
4.315000000 -3.227058886193e-01
4.316000000 -3.379120295981e-01
4.317000000 -3.522368129972e-01
4.318000000 -3.656208322158e-01
4.319000000 -3.780098192313e-01
4.320000000 -3.893548829999e-01
4.321000000 -3.996127202602e-01
4.322000000 -4.087457977766e-01
4.323000000 -4.167225052000e-01
4.324000000 -4.235172778745e-01
4.325000000 -4.291106890641e-01
4.326000000 -4.334895112287e-01
4.327000000 -4.366467461341e-01
4.328000000 -4.385816237318e-01
4.329000000 -4.392995699053e-01
4.330000000 -4.388121433277e-01
4.331000000 -4.371369418352e-01
4.332000000 -4.342974788670e-01
4.333000000 -4.303230306722e-01
4.334000000 -4.252484551296e-01
4.335000000 -4.191139831639e-01
4.336000000 -4.119649838788e-01
4.337000000 -4.038517046547e-01
4.338000000 -3.948289875835e-01
4.339000000 -3.849559637260e-01
4.340000000 -3.742957267877e-01
4.341000000 -3.629149879076e-01
4.342000000 -3.508837133451e-01
4.343000000 -3.382747469345e-01
4.344000000 -3.251634192462e-01
4.345000000 -3.116271454589e-01
4.346000000 -2.977450139993e-01
4.347000000 -2.835973680461e-01
4.348000000 -2.692653820296e-01
4.349000000 -2.548306352768e-01
4.350000000 -2.403746849631e-01
4.351000000 -2.259786405293e-01
4.352000000 -2.117227417135e-01
4.353000000 -1.976859423206e-01
4.354000000 -1.839455018242e-01
4.355000000 -1.705765868461e-01
4.356000000 -1.576518845094e-01
4.357000000 -1.452412295933e-01
4.358000000 -1.334112473472e-01
4.359000000 -1.222250137351e-01
4.360000000 -1.117417347929e-01
4.361000000 -1.020164466789e-01
4.362000000 -9.309973788914e-02
4.363000000 -8.503749499620e-02
4.364000000 -7.787067314556e-02
4.365000000 -7.163509241675e-02
4.366000000 -6.636126102264e-02
4.367000000 -6.207422618176e-02
4.368000000 -5.879345335644e-02
4.369000000 -5.653273440372e-02
4.370000000 -5.530012503818e-02
4.371000000 -5.509791185545e-02
4.372000000 -5.592260901470e-02
4.373000000 -5.776498452689e-02
4.374000000 -6.061011594514e-02
4.375000000 -6.443747510401e-02
4.376000000 -6.922104140758e-02
4.377000000 -7.492944302121e-02
4.378000000 -8.152612518159e-02
4.379000000 -8.896954470241e-02
4.380000000 -9.721338962178e-02
4.381000000 -1.062068228113e-01
4.382000000 -1.158947482465e-01
4.383000000 -1.262180985266e-01
4.384000000 -1.371141421246e-01
4.385000000 -1.485168087517e-01
4.386000000 -1.603570311322e-01
4.387000000 -1.725631014033e-01
4.388000000 -1.850610402840e-01
4.389000000 -1.977749770956e-01
4.390000000 -2.106275386677e-01
4.391000000 -2.235402451182e-01
4.392000000 -2.364339104689e-01
4.393000000 -2.492290460374e-01
4.394000000 -2.618462645347e-01
4.395000000 -2.742066828025e-01
4.396000000 -2.862323211333e-01
4.397000000 -2.978464971400e-01
4.398000000 -3.089742121753e-01
4.399000000 -3.195425283427e-01
4.400000000 -3.294809341959e-01
4.401000000 -3.387216972856e-01
4.402000000 -3.472002017842e-01
4.403000000 -3.548552695013e-01
4.404000000 -3.616294626934e-01
4.405000000 -3.674693671657e-01
4.406000000 -3.723258542753e-01
4.407000000 -3.761543205504e-01
4.408000000 -3.789149037655e-01
4.409000000 -3.805726744330e-01
4.410000000 -3.810978018031e-01
4.411000000 -3.804656935982e-01
4.412000000 -3.786571088447e-01
4.413000000 -3.756582433075e-01
4.414000000 -3.714607871745e-01
4.415000000 -3.660619547841e-01
4.416000000 -3.594644863331e-01
4.417000000 -3.516766216484e-01
4.418000000 -3.427120462508e-01
4.419000000 -3.325898100816e-01
4.420000000 -3.213342194044e-01
4.421000000 -3.089747025315e-01
4.422000000 -2.955456501599e-01
4.423000000 -2.810862312286e-01
4.424000000 -2.656401853383e-01
4.425000000 -2.492555928889e-01
4.426000000 -2.319846242050e-01
4.427000000 -2.138832690258e-01
4.428000000 -1.950110478327e-01
4.429000000 -1.754307065779e-01
4.430000000 -1.552078964617e-01
4.431000000 -1.344108404747e-01
4.432000000 -1.131099884898e-01
4.433000000 -9.137766273995e-02
4.434000000 -6.928769556169e-02
4.435000000 -4.691506132215e-02
4.436000000 -2.433550446779e-02
4.437000000 -1.625165649324e-03
4.438000000 2.113979211976e-02
4.439000000 4.388355532058e-02
4.440000000 6.653102786826e-02
4.441000000 8.900819322700e-02
4.442000000 1.112424688314e-01
4.443000000 1.331630509916e-01
4.444000000 1.547012485171e-01
4.445000000 1.757908033584e-01
4.446000000 1.963681966412e-01
4.447000000 2.163729385514e-01
4.448000000 2.357478406189e-01
4.449000000 2.544392690470e-01
4.450000000 2.723973778407e-01
4.451000000 2.895763205978e-01
4.452000000 3.059344399445e-01
4.453000000 3.214344337201e-01
4.454000000 3.360434971427e-01
4.455000000 3.497334403186e-01
4.456000000 3.624807805915e-01
4.457000000 3.742668093648e-01
4.458000000 3.850776331681e-01
4.459000000 3.949041888768e-01
4.460000000 4.037422331350e-01
4.461000000 4.115923061667e-01
4.462000000 4.184596703012e-01
4.463000000 4.243542236707e-01
4.464000000 4.292903896718e-01
4.465000000 4.332869829090e-01
4.466000000 4.363670524666e-01
4.467000000 4.385577034712e-01
4.468000000 4.398898980224e-01
4.469000000 4.403982366780e-01
4.470000000 4.401207217803e-01
4.471000000 4.390985040055e-01
4.472000000 4.373756136018e-01
4.473000000 4.349986778646e-01
4.474000000 4.320166264620e-01
4.475000000 4.284803862889e-01
4.476000000 4.244425675762e-01
4.477000000 4.199571430262e-01
4.478000000 4.150791217764e-01
4.479000000 4.098642200160e-01
4.480000000 4.043685300943e-01
4.481000000 3.986481899587e-01
4.482000000 3.927590547575e-01
4.483000000 3.867563724204e-01
4.484000000 3.806944650058e-01
4.485000000 3.746264175657e-01
4.486000000 3.686037762311e-01
4.487000000 3.626762571685e-01
4.488000000 3.568914679896e-01
4.489000000 3.512946431262e-01
4.490000000 3.459283945993e-01
4.491000000 3.408324795224e-01
4.492000000 3.360435855853e-01
4.493000000 3.315951356570e-01
4.494000000 3.275171125435e-01
4.495000000 3.238359048164e-01
4.496000000 3.205741745132e-01
4.497000000 3.177507473843e-01
4.498000000 3.153805262344e-01
4.499000000 3.134744277803e-01
4.500000000 3.120393433095e-01
4.501000000 3.110781232942e-01
4.502000000 3.105895859823e-01
4.503000000 3.105685498499e-01
4.504000000 3.110058896689e-01
4.505000000 3.118886158125e-01
4.506000000 3.131999762895e-01
4.507000000 3.149195808749e-01
4.508000000 3.170235465798e-01
4.509000000 3.194846635862e-01
4.510000000 3.222725806577e-01
4.511000000 3.253540089320e-01
4.512000000 3.286929428956e-01
4.513000000 3.322508972502e-01
4.514000000 3.359871582893e-01
4.515000000 3.398590483256e-01
4.516000000 3.438222016381e-01
4.517000000 3.478308503416e-01
4.518000000 3.518381185320e-01
4.519000000 3.557963230103e-01
4.520000000 3.596572788556e-01
4.521000000 3.633726080910e-01
4.522000000 3.668940496677e-01
4.523000000 3.701737689894e-01
4.524000000 3.731646651983e-01
4.525000000 3.758206744610e-01
4.526000000 3.780970675135e-01
4.527000000 3.799507397557e-01
4.528000000 3.813404922319e-01
4.529000000 3.822273018806e-01
4.530000000 3.825745794993e-01
4.531000000 3.823484139402e-01
4.532000000 3.815178011254e-01
4.533000000 3.800548565605e-01
4.534000000 3.779350101134e-01
4.535000000 3.751371819261e-01
4.536000000 3.716439384335e-01
4.537000000 3.674416275715e-01
4.538000000 3.625204923770e-01
4.539000000 3.568747622983e-01
4.540000000 3.505027216636e-01
4.541000000 3.434067548800e-01
4.542000000 3.355933680660e-01
4.543000000 3.270731869531e-01
4.544000000 3.178609310247e-01
4.545000000 3.079753639926e-01
4.546000000 2.974392208450e-01
4.547000000 2.862791118316e-01
4.548000000 2.745254038790e-01
4.549000000 2.622120800592e-01
4.550000000 2.493765778546e-01
4.551000000 2.360596070848e-01
4.552000000 2.223049484739e-01
4.553000000 2.081592339473e-01
4.554000000 1.936717098494e-01
4.555000000 1.788939843729e-01
4.556000000 1.638797605777e-01
4.557000000 1.486845564629e-01
4.558000000 1.333654136273e-01
4.559000000 1.179805961219e-01
4.560000000 1.025892811548e-01
4.561000000 8.725124335660e-02
4.562000000 7.202653435455e-02
4.563000000 5.697515943165e-02
4.564000000 4.215675306818e-02
4.565000000 2.763025517160e-02
4.566000000 1.345358980109e-02
4.567000000 -3.166518169275e-04
4.568000000 -1.362552220636e-02
4.569000000 -2.642002074571e-02
4.570000000 -3.864938725215e-02
4.571000000 -5.026538438756e-02
4.572000000 -6.122256728659e-02
4.573000000 -7.147853887389e-02
4.574000000 -8.099418941320e-02
4.575000000 -8.973391891440e-02
4.576000000 -9.766584111619e-02
4.577000000 -1.047619678603e-01
4.578000000 -1.109983727787e-01
4.579000000 -1.163553333254e-01
4.580000000 -1.208174503031e-01
4.581000000 -1.243737441546e-01
4.582000000 -1.270177274160e-01
4.583000000 -1.287474528565e-01
4.584000000 -1.295655369648e-01
4.585000000 -1.294791585723e-01
4.586000000 -1.285000325427e-01
4.587000000 -1.266443585913e-01
4.588000000 -1.239327454354e-01
4.589000000 -1.203901106108e-01
4.590000000 -1.160455564255e-01
4.591000000 -1.109322226508e-01
4.592000000 -1.050871166806e-01
4.593000000 -9.855092201348e-02
4.594000000 -9.136778603251e-02
4.595000000 -8.358508817396e-02
4.596000000 -7.525318968506e-02
4.597000000 -6.642516627474e-02
4.598000000 -5.715652505765e-02
4.599000000 -4.750490728132e-02
4.600000000 -3.752977840721e-02
4.601000000 -2.729210718986e-02
4.602000000 -1.685403546208e-02
4.603000000 -6.278540389890e-03
4.604000000 4.370908993863e-03
4.605000000 1.503069913179e-02
4.606000000 2.563742128874e-02
4.607000000 3.612822101537e-02
4.608000000 4.644114583474e-02
4.609000000 5.651548926235e-02
4.610000000 6.629212928428e-02
4.611000000 7.571385944255e-02
4.612000000 8.472571071109e-02
4.613000000 9.327526239021e-02
4.614000000 1.013129403010e-01
4.615000000 1.087923006244e-01
4.616000000 1.156702978019e-01
4.617000000 1.219075349957e-01
4.618000000 1.274684956946e-01
4.619000000 1.323217551496e-01
4.620000000 1.364401704265e-01
4.621000000 1.398010479739e-01
4.622000000 1.423862877211e-01
4.623000000 1.441825028437e-01
4.624000000 1.451811144617e-01
4.625000000 1.453784206653e-01
4.626000000 1.447756393997e-01
4.627000000 1.433789248772e-01
4.628000000 1.411993573244e-01
4.629000000 1.382529060142e-01
4.630000000 1.345603656734e-01
4.631000000 1.301472664965e-01
4.632000000 1.250437581405e-01
4.633000000 1.192844682106e-01
4.634000000 1.129083358846e-01
4.635000000 1.059584214574e-01
4.636000000 9.848169271541e-02
4.637000000 9.052878917683e-02
4.638000000 8.215376535109e-02
4.639000000 7.341381428742e-02
4.640000000 6.436897278764e-02
4.641000000 5.508180975946e-02
4.642000000 4.561709927933e-02
4.643000000 3.604148001836e-02
4.644000000 2.642310276119e-02
4.645000000 1.683126781482e-02
4.646000000 7.336054162576e-03
4.647000000 -1.992057733379e-03
4.648000000 -1.108256753895e-02
4.649000000 -1.986533909394e-02
4.650000000 -2.827098490795e-02
4.651000000 -3.623124910994e-02
4.652000000 -4.367938685686e-02
4.653000000 -5.055053822036e-02
4.654000000 -5.678209459302e-02
4.655000000 -6.231405568944e-02
4.656000000 -6.708937526051e-02
4.657000000 -7.105429369276e-02
4.658000000 -7.415865572698e-02
4.659000000 -7.635621160270e-02
4.660000000 -7.760490001562e-02
4.661000000 -7.786711136447e-02
4.662000000 -7.710992986105e-02
4.663000000 -7.530535318169e-02
4.664000000 -7.243048845023e-02
4.665000000 -6.846772346048e-02
4.666000000 -6.340487216993e-02
4.667000000 -5.723529362516e-02
4.668000000 -4.995798361294e-02
4.669000000 -4.157763846783e-02
4.670000000 -3.210469060719e-02
4.671000000 -2.155531550713e-02
4.672000000 -9.951409976513e-03
4.673000000 2.679458268521e-03
4.674000000 1.630412958268e-02
4.675000000 3.088395963069e-02
4.676000000 4.637495445333e-02
4.677000000 6.272793278521e-02
4.678000000 7.988871491148e-02
4.679000000 9.779833721583e-02
4.680000000 1.163932914428e-01
4.681000000 1.356057875712e-01
4.682000000 1.553640390767e-01
4.683000000 1.755925692481e-01
4.684000000 1.962125371130e-01
4.685000000 2.171420814338e-01
4.686000000 2.382966811366e-01
4.687000000 2.595895304589e-01
4.688000000 2.809319270217e-01
4.689000000 3.022336709693e-01
4.690000000 3.234034732620e-01
4.691000000 3.443493711604e-01
4.692000000 3.649791489034e-01
4.693000000 3.852007615544e-01
4.694000000 4.049227599751e-01
4.695000000 4.240547148761e-01
4.696000000 4.425076379027e-01
4.697000000 4.601943977222e-01
4.698000000 4.770301291087e-01
4.699000000 4.929326330499e-01
4.700000000 5.078227659500e-01
4.701000000 5.216248160507e-01
4.702000000 5.342668652592e-01
4.703000000 5.456811346400e-01
4.704000000 5.558043119122e-01
4.705000000 5.645778593761e-01
4.706000000 5.719483007940e-01
4.707000000 5.778674858515e-01
4.708000000 5.822928309326e-01
4.709000000 5.851875350632e-01
4.710000000 5.865207699926e-01
4.711000000 5.862678435136e-01
4.712000000 5.844103352486e-01
4.713000000 5.809362042652e-01
4.714000000 5.758398680190e-01
4.715000000 5.691222522624e-01
4.716000000 5.607908116960e-01
4.717000000 5.508595212820e-01
4.718000000 5.393488382782e-01
4.719000000 5.262856351919e-01
4.720000000 5.117031039931e-01
4.721000000 4.956406320597e-01
4.722000000 4.781436504658e-01
4.723000000 4.592634553498e-01
4.724000000 4.390570032304e-01
4.725000000 4.175866812552e-01
4.726000000 3.949200534880e-01
4.727000000 3.711295844479e-01
4.728000000 3.462923412190e-01
4.729000000 3.204896755474e-01
4.730000000 2.938068874311e-01
4.731000000 2.663328717925e-01
4.732000000 2.381597498949e-01
4.733000000 2.093824872341e-01
4.734000000 1.800984996889e-01
4.735000000 1.504072497672e-01
4.736000000 1.204098348188e-01
4.737000000 9.020856911968e-02
4.738000000 5.990656175119e-02
4.739000000 2.960729220799e-02
4.740000000 -5.858143286457e-04
4.741000000 -3.056981012411e-02
4.742000000 -6.024264451946e-02
4.743000000 -8.950357817158e-02
4.744000000 -1.182535900551e-01
4.745000000 -1.463957754212e-01
4.746000000 -1.738357329605e-01
4.747000000 -2.004819394785e-01
4.748000000 -2.262461104595e-01
4.749000000 -2.510435449731e-01
4.750000000 -2.747934534569e-01
4.751000000 -2.974192670021e-01
4.752000000 -3.188489268612e-01
4.753000000 -3.390151530003e-01
4.754000000 -3.578556906225e-01
4.755000000 -3.753135337002e-01
4.756000000 -3.913371246695e-01
4.757000000 -4.058805295541e-01
4.758000000 -4.189035879097e-01
4.759000000 -4.303720371002e-01
4.760000000 -4.402576105390e-01
4.761000000 -4.485381096575e-01
4.762000000 -4.551974494809e-01
4.763000000 -4.602256778214e-01
4.764000000 -4.636189682169e-01
4.765000000 -4.653795868675e-01
4.766000000 -4.655158339387e-01
4.767000000 -4.640419597188e-01
4.768000000 -4.609780562256e-01
4.769000000 -4.563499249739e-01
4.770000000 -4.501889217103e-01
4.771000000 -4.425317790285e-01
4.772000000 -4.334204078688e-01
4.773000000 -4.229016789937e-01
4.774000000 -4.110271856135e-01
4.775000000 -3.978529884132e-01
4.776000000 -3.834393442982e-01
4.777000000 -3.678504202387e-01
4.778000000 -3.511539936478e-01
4.779000000 -3.334211407746e-01
4.780000000 -3.147259146316e-01
4.781000000 -2.951450140099e-01
4.782000000 -2.747574451553e-01
4.783000000 -2.536441776982e-01
4.784000000 -2.318877964353e-01
4.785000000 -2.095721505610e-01
4.786000000 -1.867820019421e-01
4.787000000 -1.636026740086e-01
4.788000000 -1.401197028167e-01
4.789000000 -1.164184918056e-01
4.790000000 -9.258397173546e-02
4.791000000 -6.870026724892e-02
4.792000000 -4.485037145055e-02
4.793000000 -2.111582984006e-02
4.794000000 2.423565124408e-03
4.795000000 2.569006762461e-02
4.796000000 4.860825910549e-02
4.797000000 7.110531486316e-02
4.798000000 9.311125561768e-02
4.799000000 1.145591831748e-01
4.800000000 1.353854993680e-01
4.801000000 1.555301075610e-01
4.802000000 1.749365960849e-01
4.803000000 1.935524030750e-01
4.804000000 2.113289622679e-01
4.805000000 2.282218294170e-01
4.806000000 2.441907890751e-01
4.807000000 2.591999415930e-01
4.808000000 2.732177702747e-01
4.809000000 2.862171887218e-01
4.810000000 2.981755684945e-01
4.811000000 3.090747473025e-01
4.812000000 3.189010180269e-01
4.813000000 3.276450989592e-01
4.814000000 3.353020857208e-01
4.815000000 3.418713854066e-01
4.816000000 3.473566335663e-01
4.817000000 3.517655947058e-01
4.818000000 3.551100470571e-01
4.819000000 3.574056524202e-01
4.820000000 3.586718119376e-01
4.821000000 3.589315087095e-01
4.822000000 3.582111382014e-01
4.823000000 3.565403274328e-01
4.824000000 3.539517439692e-01
4.825000000 3.504808957661e-01
4.826000000 3.461659229326e-01
4.827000000 3.410473825023e-01
4.828000000 3.351680273024e-01
4.829000000 3.285725800223e-01
4.830000000 3.213075035780e-01
4.831000000 3.134207688625e-01
4.832000000 3.049616209622e-01
4.833000000 2.959803449009e-01
4.834000000 2.865280319521e-01
4.835000000 2.766563475338e-01
4.836000000 2.664173016698e-01
4.837000000 2.558630229664e-01
4.838000000 2.450455370158e-01
4.839000000 2.340165500942e-01
4.840000000 2.228272389782e-01
4.841000000 2.115280476554e-01
4.842000000 2.001684916533e-01
4.843000000 1.887969706577e-01
4.844000000 1.774605900392e-01
4.845000000 1.662049918454e-01
4.846000000 1.550741957637e-01
4.847000000 1.441104504978e-01
4.848000000 1.333540959416e-01
4.849000000 1.228434364782e-01
4.850000000 1.126146256677e-01
4.851000000 1.027015625323e-01
4.852000000 9.313579958716e-02
4.853000000 8.394646270819e-02
4.854000000 7.516018287345e-02
4.855000000 6.680103975844e-02
4.856000000 5.889051711456e-02
4.857000000 5.144746980856e-02
4.858000000 4.448810235268e-02
4.859000000 3.802595870929e-02
4.860000000 3.207192311037e-02
4.861000000 2.663423159172e-02
4.862000000 2.171849390388e-02
4.863000000 1.732772542734e-02
4.864000000 1.346238868755e-02
4.865000000 1.012044403726e-02
4.866000000 7.297409047938e-03
4.867000000 4.986426130356e-03
4.868000000 3.178337885320e-03
4.869000000 1.861769670021e-03
4.870000000 1.023218852948e-03
4.871000000 6.471502210273e-04
4.872000000 7.160969962813e-04
4.873000000 1.210766915993e-03
4.874000000 2.110152829856e-03
4.875000000 3.391647269798e-03
4.876000000 5.031160453016e-03
4.877000000 7.003241185988e-03
4.878000000 9.281200146803e-03
4.879000000 1.183723503482e-02
4.880000000 1.464255709026e-02
4.881000000 1.766751850172e-02
4.882000000 2.088174023659e-02
4.883000000 2.425423984757e-02
4.884000000 2.775355882812e-02
4.885000000 3.134788911015e-02
4.886000000 3.500519831855e-02
4.887000000 3.869335341904e-02
4.888000000 4.238024241833e-02
4.889000000 4.603389379791e-02
4.890000000 4.962259338573e-02
4.891000000 5.311499839222e-02
4.892000000 5.648024835976e-02
4.893000000 5.968807279623e-02
4.894000000 6.270889528472e-02
4.895000000 6.551393388208e-02
4.896000000 6.807529763886e-02
4.897000000 7.036607909173e-02
4.898000000 7.236044259802e-02
4.899000000 7.403370839810e-02
4.900000000 7.536243230754e-02
4.901000000 7.632448095529e-02
4.902000000 7.689910249732e-02
4.903000000 7.706699274738e-02
4.904000000 7.681035667715e-02
4.905000000 7.611296524774e-02
4.906000000 7.496020754277e-02
4.907000000 7.333913818045e-02
4.908000000 7.123851998817e-02
4.909000000 6.864886192786e-02
4.910000000 6.556245226478e-02
4.911000000 6.197338697491e-02
4.912000000 5.787759338884e-02
4.913000000 5.327284907117e-02
4.914000000 4.815879593565e-02
4.915000000 4.253694959639e-02
4.916000000 3.641070395552e-02
4.917000000 2.978533102771e-02
4.918000000 2.266797600091e-02
4.919000000 1.506764753290e-02
4.920000000 6.995203282468e-03
4.921000000 -1.536669325960e-03
4.922000000 -1.051347710510e-02
4.923000000 -1.991894987518e-02
4.924000000 -2.973507400087e-02
4.925000000 -3.994213069156e-02
4.926000000 -5.051873905922e-02
4.927000000 -6.144190392423e-02
4.928000000 -7.268706835506e-02
4.929000000 -8.422817092193e-02
4.930000000 -9.603770763790e-02
4.931000000 -1.080867985530e-01
4.932000000 -1.203452589574e-01
4.933000000 -1.327816751410e-01
4.934000000 -1.453634846417e-01
4.935000000 -1.580570609074e-01
4.936000000 -1.708278022767e-01
4.937000000 -1.836402251737e-01
4.938000000 -1.964580613915e-01
4.939000000 -2.092443593260e-01
4.940000000 -2.219615889989e-01
4.941000000 -2.345717506939e-01
4.942000000 -2.470364870077e-01
4.943000000 -2.593171980964e-01
4.944000000 -2.713751598788e-01
4.945000000 -2.831716449349e-01
4.946000000 -2.946680458166e-01
4.947000000 -3.058260004648e-01
4.948000000 -3.166075194067e-01
4.949000000 -3.269751143844e-01
4.950000000 -3.368919280437e-01
4.951000000 -3.463218642934e-01
4.952000000 -3.552297189230e-01
4.953000000 -3.635813100503e-01
4.954000000 -3.713436079487e-01
4.955000000 -3.784848637923e-01
4.956000000 -3.849747368373e-01
4.957000000 -3.907844195471e-01
4.958000000 -3.958867601573e-01
4.959000000 -4.002563821652e-01
4.960000000 -4.038698002240e-01
4.961000000 -4.067055319139e-01
4.962000000 -4.087442048619e-01
4.963000000 -4.099686586820e-01
4.964000000 -4.103640412090e-01
4.965000000 -4.099178985066e-01
4.966000000 -4.086202581379e-01
4.967000000 -4.064637051981e-01
4.968000000 -4.034434506246e-01
4.969000000 -3.995573913158e-01
4.970000000 -3.948061616136e-01
4.971000000 -3.891931757231e-01
4.972000000 -3.827246606771e-01
4.973000000 -3.754096794758e-01
4.974000000 -3.672601440693e-01
4.975000000 -3.582908178848e-01
4.976000000 -3.485193076375e-01
4.977000000 -3.379660442077e-01
4.978000000 -3.266542524069e-01
4.979000000 -3.146099095034e-01
4.980000000 -3.018616924250e-01
4.981000000 -2.884409136047e-01
4.982000000 -2.743814454893e-01
4.983000000 -2.597196337793e-01
4.984000000 -2.444941995263e-01
4.985000000 -2.287461302653e-01
4.986000000 -2.125185604168e-01
4.987000000 -1.958566412477e-01
4.988000000 -1.788074007357e-01
4.989000000 -1.614195937378e-01
4.990000000 -1.437435429161e-01
4.991000000 -1.258309709302e-01
4.992000000 -1.077348244555e-01
4.993000000 -8.950909063862e-02
4.994000000 -7.120860664975e-02
4.995000000 -5.288886303742e-02
4.996000000 -3.460580163668e-02
4.997000000 -1.641560882148e-02
4.998000000 1.625495069264e-03
4.999000000 1.946146926797e-02
5.000000000 3.703666818219e-02
5.001000000 5.429605814392e-02
5.002000000 7.118543435970e-02
5.003000000 8.765163709823e-02
5.004000000 1.036427661382e-01
5.005000000 1.191083924903e-01
5.006000000 1.339997664019e-01
5.007000000 1.482700206552e-01
5.008000000 1.618743681742e-01
5.009000000 1.747702929672e-01
5.010000000 1.869177334475e-01
5.011000000 1.982792571964e-01
5.012000000 2.088202262599e-01
5.013000000 2.185089521002e-01
5.014000000 2.273168393626e-01
5.015000000 2.352185176571e-01
5.016000000 2.421919606035e-01
5.017000000 2.482185914376e-01
5.018000000 2.532833745328e-01
5.019000000 2.573748922514e-01
5.020000000 2.604854066037e-01
5.021000000 2.626109052590e-01
5.022000000 2.637511315268e-01
5.023000000 2.639095979963e-01
5.024000000 2.630935836028e-01
5.025000000 2.613141139662e-01
5.026000000 2.585859249287e-01
5.027000000 2.549274093010e-01
5.028000000 2.503605469100e-01
5.029000000 2.449108181256e-01
5.030000000 2.386071011281e-01
5.031000000 2.314815532629e-01
5.032000000 2.235694769113e-01
5.033000000 2.149091703905e-01
5.034000000 2.055417644763e-01
5.035000000 1.955110452186e-01
5.036000000 1.848632638008e-01
5.037000000 1.736469342620e-01
5.038000000 1.619126199752e-01
5.039000000 1.497127098391e-01
5.040000000 1.371011852024e-01
5.041000000 1.241333785979e-01
5.042000000 1.108657254157e-01
5.043000000 9.735550969096e-02
5.044000000 8.366060522484e-02
5.045000000 6.983921328979e-02
5.046000000 5.594959820225e-02
5.047000000 4.204982206683e-02
5.048000000 2.819748001241e-02
5.049000000 1.444943725026e-02
5.050000000 8.615692858182e-04
5.051000000 -1.251149338841e-02
5.052000000 -2.561661480354e-02
5.053000000 -3.840239593240e-02
5.054000000 -5.081940874454e-02
5.055000000 -6.282042066138e-02
5.056000000 -7.436060821414e-02
5.057000000 -8.539775875467e-02
5.058000000 -9.589245912223e-02
5.059000000 -1.058082702296e-01
5.060000000 -1.151118865976e-01
5.061000000 -1.237732799390e-01
5.062000000 -1.317658259701e-01
5.063000000 -1.390664137114e-01
5.064000000 -1.456555366253e-01
5.065000000 -1.515173650299e-01
5.066000000 -1.566397993257e-01
5.067000000 -1.610145036685e-01
5.068000000 -1.646369198243e-01
5.069000000 -1.675062610474e-01
5.070000000 -1.696254859271e-01
5.071000000 -1.710012522564e-01
5.072000000 -1.716438510849e-01
5.073000000 -1.715671212242e-01
5.074000000 -1.707883445844e-01
5.075000000 -1.693281228231e-01
5.076000000 -1.672102358978e-01
5.077000000 -1.644614832101e-01
5.078000000 -1.611115081339e-01
5.079000000 -1.571926068151e-01
5.080000000 -1.527395222198e-01
5.081000000 -1.477892245001e-01
5.082000000 -1.423806788272e-01
5.083000000 -1.365546019178e-01
5.084000000 -1.303532085526e-01
5.085000000 -1.238199494507e-01
5.086000000 -1.169992419186e-01
5.087000000 -1.099361947477e-01
5.088000000 -1.026763288723e-01
5.089000000 -9.526529533826e-02
5.090000000 -8.774859215837e-02
5.091000000 -8.017128164865e-02
5.092000000 -7.257770984927e-02
5.093000000 -6.501122963580e-02
5.094000000 -5.751392911765e-02
5.095000000 -5.012636690462e-02
5.096000000 -4.288731579649e-02
5.097000000 -3.583351641652e-02
5.098000000 -2.899944226665e-02
5.099000000 -2.241707763049e-02
5.100000000 -1.611570969058e-02
5.101000000 -1.012173615815e-02
5.102000000 -4.458489638080e-03
5.103000000 8.539201316554e-04
5.104000000 5.798745116823e-03
5.105000000 1.036271794778e-02
5.106000000 1.453615015507e-02
5.107000000 1.831300893922e-02
5.108000000 2.169097184777e-02
5.109000000 2.467145885114e-02
5.110000000 2.725964143080e-02
5.111000000 2.946442841894e-02
5.112000000 3.129842845688e-02
5.113000000 3.277788906918e-02
5.114000000 3.392261248232e-02
5.115000000 3.475584844792e-02
5.116000000 3.530416446259e-02
5.117000000 3.559729390703e-02
5.118000000 3.566796275617e-02
5.119000000 3.555169563874e-02
5.120000000 3.528660214852e-02
5.121000000 3.491314442931e-02
5.122000000 3.447388717116e-02
5.123000000 3.401323126552e-02
5.124000000 3.357713247178e-02
5.125000000 3.321280654558e-02
5.126000000 3.296842237020e-02
5.127000000 3.289278471625e-02
5.128000000 3.303500832998e-02
5.129000000 3.344418511745e-02
5.130000000 3.416904624958e-02
5.131000000 3.525762106160e-02
5.132000000 3.675689465890e-02
5.133000000 3.871246616971e-02
5.134000000 4.116820960351e-02
5.135000000 4.416593928154e-02
5.136000000 4.774508180269e-02
5.137000000 5.194235649474e-02
5.138000000 5.679146627578e-02
5.139000000 6.232280081620e-02
5.140000000 6.856315384484e-02
5.141000000 7.553545638750e-02
5.142000000 8.325852765851e-02
5.143000000 9.174684524994e-02
5.144000000 1.010103361764e-01
5.145000000 1.110541902379e-01
5.146000000 1.218786970581e-01
5.147000000 1.334791080440e-01
5.148000000 1.458455243888e-01
5.149000000 1.589628121162e-01
5.150000000 1.728105450258e-01
5.151000000 1.873629762593e-01
5.152000000 2.025890390631e-01
5.153000000 2.184523771695e-01
5.154000000 2.349114050655e-01
5.155000000 2.519193982606e-01
5.156000000 2.694246135059e-01
5.157000000 2.873704387538e-01
5.158000000 3.056955724883e-01
5.159000000 3.243342318932e-01
5.160000000 3.432163891662e-01
5.161000000 3.622680351283e-01
5.162000000 3.814114691233e-01
5.163000000 4.005656140511e-01
5.164000000 4.196463552323e-01
5.165000000 4.385669016574e-01
5.166000000 4.572381680448e-01
5.167000000 4.755691759972e-01
5.168000000 4.934674724308e-01
5.169000000 5.108395633371e-01
5.170000000 5.275913608366e-01
5.171000000 5.436286413876e-01
5.172000000 5.588575129342e-01
5.173000000 5.731848887035e-01
5.174000000 5.865189653021e-01
5.175000000 5.987697027135e-01
5.176000000 6.098493037593e-01
5.177000000 6.196726905670e-01
5.178000000 6.281579755695e-01
5.179000000 6.352269245670e-01
5.180000000 6.408054093941e-01
5.181000000 6.448238477599e-01
5.182000000 6.472176278715e-01
5.183000000 6.479275155000e-01
5.184000000 6.469000412164e-01
5.185000000 6.440878655985e-01
5.186000000 6.394501203006e-01
5.187000000 6.329527229789e-01
5.188000000 6.245686641769e-01
5.189000000 6.142782643967e-01
5.190000000 6.020693997169e-01
5.191000000 5.879376944586e-01
5.192000000 5.718866795528e-01
5.193000000 5.539279154225e-01
5.194000000 5.340810783581e-01
5.195000000 5.123740095396e-01
5.196000000 4.888427260377e-01
5.197000000 4.635313933098e-01
5.198000000 4.364922588957e-01
5.199000000 4.077855472062e-01
5.200000000 3.774793154964e-01
5.201000000 3.456492713019e-01
5.202000000 3.123785518177e-01
5.203000000 2.777574658886e-01
5.204000000 2.418831994721e-01
5.205000000 2.048594856237e-01
5.206000000 1.667962402406e-01
5.207000000 1.278091649753e-01
5.208000000 8.801931890954e-02
5.209000000 4.755266074358e-02
5.210000000 6.539563414697e-03
5.211000000 -3.488569678748e-02
5.212000000 -7.658547440186e-02
5.213000000 -1.184193099329e-01
5.214000000 -1.602445034834e-01
5.215000000 -2.019167043132e-01
5.216000000 -2.432905136562e-01
5.217000000 -2.842200980448e-01
5.218000000 -3.245598103180e-01
5.219000000 -3.641648154319e-01
5.220000000 -4.028917181495e-01
5.221000000 -4.405991896537e-01
5.222000000 -4.771485901165e-01
5.223000000 -5.124045842537e-01
5.224000000 -5.462357469102e-01
5.225000000 -5.785151557522e-01
5.226000000 -6.091209681819e-01
5.227000000 -6.379369796543e-01
5.228000000 -6.648531606434e-01
5.229000000 -6.897661695960e-01
5.230000000 -7.125798393085e-01
5.231000000 -7.332056342781e-01
5.232000000 -7.515630767053e-01
5.233000000 -7.675801389613e-01
5.234000000 -7.811936004884e-01
5.235000000 -7.923493672554e-01
5.236000000 -8.010027520688e-01
5.237000000 -8.071187142119e-01
5.238000000 -8.106720570792e-01
5.239000000 -8.116475826661e-01
5.240000000 -8.100402019738e-01
5.241000000 -8.058550006027e-01
5.242000000 -7.991072590123e-01
5.243000000 -7.898224271485e-01
5.244000000 -7.780360533500e-01
5.245000000 -7.637936676701e-01
5.246000000 -7.471506199652e-01
5.247000000 -7.281718733235e-01
5.248000000 -7.069317536191e-01
5.249000000 -6.835136561939e-01
5.250000000 -6.580097108763e-01
5.251000000 -6.305204067507e-01
5.252000000 -6.011541782872e-01
5.253000000 -5.700269546335e-01
5.254000000 -5.372616740523e-01
5.255000000 -5.029877656576e-01
5.256000000 -4.673406007699e-01
5.257000000 -4.304609163603e-01
5.258000000 -3.924942131908e-01
5.259000000 -3.535901313924e-01
5.260000000 -3.139018063292e-01
5.261000000 -2.735852077039e-01
5.262000000 -2.327984649439e-01
5.263000000 -1.917011819785e-01
5.264000000 -1.504537445778e-01
5.265000000 -1.092166234617e-01
5.266000000 -6.814967641568e-02
5.267000000 -2.741145266051e-02
5.268000000 1.284149728465e-02
5.269000000 5.245530302562e-02
5.270000000 9.127944382131e-02
5.271000000 1.291674030873e-01
5.272000000 1.659773048139e-01
5.273000000 2.015725289203e-01
5.274000000 2.358223026649e-01
5.275000000 2.686022653445e-01
5.276000000 2.997950036376e-01
5.277000000 3.292905550899e-01
5.278000000 3.569868773871e-01
5.279000000 3.827902812256e-01
5.280000000 4.066158247618e-01
5.281000000 4.283876678077e-01
5.282000000 4.480393841284e-01
5.283000000 4.655142304006e-01
5.284000000 4.807653705974e-01
5.285000000 4.937560547766e-01
5.286000000 5.044597514715e-01
5.287000000 5.128602331001e-01
5.288000000 5.189516140400e-01
5.289000000 5.227383412366e-01
5.290000000 5.242351374441e-01
5.291000000 5.234668974224e-01
5.292000000 5.204685376401e-01
5.293000000 5.152848002536e-01
5.294000000 5.079700123514e-01
5.295000000 4.985878016671e-01
5.296000000 4.872107701680e-01
5.297000000 4.739201271302e-01
5.298000000 4.588052834993e-01
5.299000000 4.419634095207e-01
5.300000000 4.234989577955e-01
5.301000000 4.035231540788e-01
5.302000000 3.821534582909e-01
5.303000000 3.595129983450e-01
5.304000000 3.357299795244e-01
5.305000000 3.109370722515e-01
5.306000000 2.852707811882e-01
5.307000000 2.588707986905e-01
5.308000000 2.318793457075e-01
5.309000000 2.044405032684e-01
5.310000000 1.766995377355e-01
5.311000000 1.488022230254e-01
5.312000000 1.208941630041e-01
5.313000000 9.312011725190e-02
5.314000000 6.562333336793e-02
5.315000000 3.854488894370e-02
5.316000000 1.202304627633e-02
5.317000000 -1.380737717757e-02
5.318000000 -3.881561969349e-02
5.319000000 -6.287556470239e-02
5.320000000 -8.586630604557e-02
5.321000000 -1.076726864877e-01
5.322000000 -1.281858070532e-01
5.323000000 -1.473035049023e-01
5.324000000 -1.649307976229e-01
5.325000000 -1.809802919867e-01
5.326000000 -1.953725553970e-01
5.327000000 -2.080364484443e-01
5.328000000 -2.189094171803e-01
5.329000000 -2.279377439219e-01
5.330000000 -2.350767556049e-01
5.331000000 -2.402909889125e-01
5.332000000 -2.435543116243e-01
5.333000000 -2.448499998374e-01
5.334000000 -2.441707709352e-01
5.335000000 -2.415187723881e-01
5.336000000 -2.369055266885e-01
5.337000000 -2.303518329317e-01
5.338000000 -2.218876257621e-01
5.339000000 -2.115517926079e-01
5.340000000 -1.993919503245e-01
5.341000000 -1.854641825578e-01
5.342000000 -1.698327393215e-01
5.343000000 -1.525697004584e-01
5.344000000 -1.337546048206e-01
5.345000000 -1.134740471585e-01
5.346000000 -9.182124485581e-02
5.347000000 -6.889557677757e-02
5.348000000 -4.480209662200e-02
5.349000000 -1.965102327478e-02
5.350000000 6.442789240533e-03
5.351000000 3.336039954016e-02
5.352000000 6.097934164200e-02
5.353000000 8.917419991429e-02
5.354000000 1.178171933742e-01
5.355000000 1.467787664745e-01
5.356000000 1.759281835061e-01
5.357000000 2.051341237481e-01
5.358000000 2.342652745168e-01
5.359000000 2.631909192951e-01
5.360000000 2.917815181736e-01
5.361000000 3.199092778932e-01
5.362000000 3.474487088520e-01
5.363000000 3.742771665278e-01
5.364000000 4.002753748636e-01
5.365000000 4.253279292754e-01
5.366000000 4.493237770626e-01
5.367000000 4.721566731316e-01
5.368000000 4.937256090864e-01
5.369000000 5.139352138872e-01
5.370000000 5.326961244392e-01
5.371000000 5.499253246352e-01
5.372000000 5.655464515490e-01
5.373000000 5.794900676518e-01
5.374000000 5.916938981046e-01
5.375000000 6.021030323632e-01
5.376000000 6.106700895185e-01
5.377000000 6.173553469832e-01
5.378000000 6.221268323209e-01
5.379000000 6.249603782052e-01
5.380000000 6.258396406773e-01
5.381000000 6.247560810563e-01
5.382000000 6.217089120346e-01
5.383000000 6.167050086668e-01
5.384000000 6.097587851281e-01
5.385000000 6.008920382832e-01
5.386000000 5.901337592632e-01
5.387000000 5.775199143946e-01
5.388000000 5.630931969677e-01
5.389000000 5.469027514590e-01
5.390000000 5.290038719474e-01
5.391000000 5.094576765707e-01
5.392000000 4.883307599722e-01
5.393000000 4.656948257745e-01
5.394000000 4.416263011935e-01
5.395000000 4.162059359733e-01
5.396000000 3.895183878735e-01
5.397000000 3.616517969805e-01
5.398000000 3.326973511448e-01
5.399000000 3.027488448585e-01
5.400000000 2.719022338933e-01
5.401000000 2.402551880061e-01
5.402000000 2.079066440018e-01
5.403000000 1.749563614048e-01
5.404000000 1.415044829482e-01
5.405000000 1.076511020325e-01
5.406000000 7.349583923488e-02
5.407000000 3.913742987646e-02
5.408000000 4.673324562259e-03
5.409000000 -2.980069548610e-02
5.410000000 -6.419088659282e-02
5.411000000 -9.840589268738e-02
5.412000000 -1.323570757848e-01
5.413000000 -1.659588255390e-01
5.414000000 -1.991288466560e-01
5.415000000 -2.317884230932e-01
5.416000000 -2.638626581139e-01
5.417000000 -2.952806894144e-01
5.418000000 -3.259758786902e-01
5.419000000 -3.558859751578e-01
5.420000000 -3.849532527029e-01
5.421000000 -4.131246204766e-01
5.422000000 -4.403517069111e-01
5.423000000 -4.665909172788e-01
5.424000000 -4.918034650628e-01
5.425000000 -5.159553775511e-01
5.426000000 -5.390174762066e-01
5.427000000 -5.609653324990e-01
5.428000000 -5.817792000125e-01
5.429000000 -6.014439237677e-01
5.430000000 -6.199488278099e-01
5.431000000 -6.372875822234e-01
5.432000000 -6.534580508342e-01
5.433000000 -6.684621209517e-01
5.434000000 -6.823055165830e-01
5.435000000 -6.949975966283e-01
5.436000000 -7.065511396249e-01
5.437000000 -7.169821166656e-01
5.438000000 -7.263094541545e-01
5.439000000 -7.345547881009e-01
5.440000000 -7.417422116696e-01
5.441000000 -7.478980177197e-01
5.442000000 -7.530504380654e-01
5.443000000 -7.572293811801e-01
5.444000000 -7.604661700483e-01
5.445000000 -7.627932818387e-01
5.446000000 -7.642440910325e-01
5.447000000 -7.648526175907e-01
5.448000000 -7.646532816901e-01
5.449000000 -7.636806664853e-01
5.450000000 -7.619692902836e-01
5.451000000 -7.595533894357e-01
5.452000000 -7.564667131539e-01
5.453000000 -7.527423313765e-01
5.454000000 -7.484124566910e-01
5.455000000 -7.435082812256e-01
5.456000000 -7.380598293029e-01
5.457000000 -7.320958265366e-01
5.458000000 -7.256435859319e-01
5.459000000 -7.187289114300e-01
5.460000000 -7.113760192129e-01
5.461000000 -7.036074769639e-01
5.462000000 -6.954441611517e-01
5.463000000 -6.869052322870e-01
5.464000000 -6.780081279762e-01
5.465000000 -6.687685734775e-01
5.466000000 -6.592006093510e-01
5.467000000 -6.493166356771e-01
5.468000000 -6.391274722120e-01
5.469000000 -6.286424337448e-01
5.470000000 -6.178694198200e-01
5.471000000 -6.068150179010e-01
5.472000000 -5.954846189598e-01
5.473000000 -5.838825444037e-01
5.474000000 -5.720121831761e-01
5.475000000 -5.598761378055e-01
5.476000000 -5.474763781248e-01
5.477000000 -5.348144013326e-01
5.478000000 -5.218913970338e-01
5.479000000 -5.087084158681e-01
5.480000000 -4.952665403150e-01
5.481000000 -4.815670562543e-01
5.482000000 -4.676116238620e-01
5.483000000 -4.534024464271e-01
5.484000000 -4.389424356967e-01
5.485000000 -4.242353723809e-01
5.486000000 -4.092860604847e-01
5.487000000 -3.941004741812e-01
5.488000000 -3.786858959906e-01
5.489000000 -3.630510450904e-01
5.490000000 -3.472061946518e-01
5.491000000 -3.311632771726e-01
5.492000000 -3.149359768557e-01
5.493000000 -2.985398081764e-01
5.494000000 -2.819921798696e-01
5.495000000 -2.653124436696e-01
5.496000000 -2.485219272384e-01
5.497000000 -2.316439508243e-01
5.498000000 -2.147038273028e-01
5.499000000 -1.977288453629e-01
5.500000000 -1.807482357189e-01
5.501000000 -1.637931203384e-01
5.502000000 -1.468964447960e-01
5.503000000 -1.300928939747e-01
5.504000000 -1.134187914511e-01
5.505000000 -9.691198301313e-02
5.506000000 -8.061170486550e-02
5.507000000 -6.455843718798e-02
5.508000000 -4.879374380956e-02
5.509000000 -3.336009886183e-02
5.510000000 -1.830070136604e-02
5.511000000 -3.659278795532e-03
5.512000000 1.052011926442e-02
5.513000000 2.419333616360e-02
5.514000000 3.731633067802e-02
5.515000000 4.984540562388e-02
5.516000000 6.173744122176e-02
5.517000000 7.295013179566e-02
5.518000000 8.344222435746e-02
5.519000000 9.317375760195e-02
5.520000000 1.021062998211e-01
5.521000000 1.102031842390e-01
5.522000000 1.174297402709e-01
5.523000000 1.237535192203e-01
5.524000000 1.291445129486e-01
5.525000000 1.335753640818e-01
5.526000000 1.370215663541e-01
5.527000000 1.394616537390e-01
5.528000000 1.408773770696e-01
5.529000000 1.412538669167e-01
5.530000000 1.405797815612e-01
5.531000000 1.388474389780e-01
5.532000000 1.360529318341e-01
5.533000000 1.321962245915e-01
5.534000000 1.272812319104e-01
5.535000000 1.213158776434e-01
5.536000000 1.143121338252e-01
5.537000000 1.062860391712e-01
5.538000000 9.725769671517e-02
5.539000000 8.725125033362e-02
5.540000000 7.629484002630e-02
5.541000000 6.442053594267e-02
5.542000000 5.166425126817e-02
5.543000000 3.806563420609e-02
5.544000000 2.366793941317e-02
5.545000000 8.517879367798e-03
5.546000000 -7.334543732140e-03
5.547000000 -2.383622482848e-02
5.548000000 -4.093116079398e-02
5.549000000 -5.856067222200e-02
5.550000000 -7.666364117790e-02
5.551000000 -9.517676377766e-02
5.552000000 -1.140348163669e-01
5.553000000 -1.331709339883e-01
5.554000000 -1.525168997475e-01
5.555000000 -1.720034436152e-01
5.556000000 -1.915605491428e-01
5.557000000 -2.111177665112e-01
5.558000000 -2.306045302901e-01
5.559000000 -2.499504802449e-01
5.560000000 -2.690857835029e-01
5.561000000 -2.879414563712e-01
5.562000000 -3.064496840905e-01
5.563000000 -3.245441368096e-01
5.564000000 -3.421602800763e-01
5.565000000 -3.592356781594e-01
5.566000000 -3.757102885491e-01
5.567000000 -3.915267460181e-01
5.568000000 -4.066306346784e-01
5.569000000 -4.209707465226e-01
5.570000000 -4.344993250065e-01
5.571000000 -4.471722923041e-01
5.572000000 -4.589494589468e-01
5.573000000 -4.697947146509e-01
5.574000000 -4.796761992315e-01
5.575000000 -4.885664526069e-01
5.576000000 -4.964425430046e-01
5.577000000 -5.032861725960e-01
5.578000000 -5.090837599063e-01
5.579000000 -5.138264984678e-01
5.580000000 -5.175103913138e-01
5.581000000 -5.201362610380e-01
5.582000000 -5.217097352772e-01
5.583000000 -5.222412076061e-01
5.584000000 -5.217457739675e-01
5.585000000 -5.202431448941e-01
5.586000000 -5.177575339091e-01
5.587000000 -5.143175226243e-01
5.588000000 -5.099559031811e-01
5.589000000 -5.047094988054e-01
5.590000000 -4.986189633681e-01
5.591000000 -4.917285609584e-01
5.592000000 -4.840859265902e-01
5.593000000 -4.757418092632e-01
5.594000000 -4.667497987060e-01
5.595000000 -4.571660372120e-01
5.596000000 -4.470489180711e-01
5.597000000 -4.364587721713e-01
5.598000000 -4.254575444154e-01
5.599000000 -4.141084616555e-01
5.600000000 -4.024756938992e-01
5.601000000 -3.906240105813e-01
5.602000000 -3.786184337268e-01
5.603000000 -3.665238898504e-01
5.604000000 -3.544048624497e-01
5.605000000 -3.423250469511e-01
5.606000000 -3.303470099565e-01
5.607000000 -3.185318546205e-01
5.608000000 -3.069388939587e-01
5.609000000 -2.956253338477e-01
5.610000000 -2.846459674302e-01
5.611000000 -2.740528825779e-01
5.612000000 -2.638951839998e-01
5.613000000 -2.542187315068e-01
5.614000000 -2.450658958573e-01
5.615000000 -2.364753335195e-01
5.616000000 -2.284817815822e-01
5.617000000 -2.211158739441e-01
5.618000000 -2.144039797919e-01
5.619000000 -2.083680652679e-01
5.620000000 -2.030255790934e-01
5.621000000 -1.983893627966e-01
5.622000000 -1.944675860530e-01
5.623000000 -1.912637075176e-01
5.624000000 -1.887764613880e-01
5.625000000 -1.869998698000e-01
5.626000000 -1.859232810172e-01
5.627000000 -1.855314332382e-01
5.628000000 -1.858045437052e-01
5.629000000 -1.867184226600e-01
5.630000000 -1.882446115624e-01
5.631000000 -1.903505448486e-01
5.632000000 -1.929997343841e-01
5.633000000 -1.961519756397e-01
5.634000000 -1.997635745005e-01
5.635000000 -2.037875935063e-01
5.636000000 -2.081741162146e-01
5.637000000 -2.128705282777e-01
5.638000000 -2.178218137349e-01
5.639000000 -2.229708649353e-01
5.640000000 -2.282588044320e-01
5.641000000 -2.336253171228e-01
5.642000000 -2.390089908528e-01
5.643000000 -2.443476636505e-01
5.644000000 -2.495787757270e-01
5.645000000 -2.546397243431e-01
5.646000000 -2.594682196303e-01
5.647000000 -2.640026394450e-01
5.648000000 -2.681823813375e-01
5.649000000 -2.719482097325e-01
5.650000000 -2.752425964392e-01
5.651000000 -2.780100526465e-01
5.652000000 -2.801974505985e-01
5.653000000 -2.817543332036e-01
5.654000000 -2.826332098902e-01
5.655000000 -2.827898370961e-01
5.656000000 -2.821834818609e-01
5.657000000 -2.807771670759e-01
5.658000000 -2.785378970494e-01
5.659000000 -2.754368621439e-01
5.660000000 -2.714496213575e-01
5.661000000 -2.665562618369e-01
5.662000000 -2.607415344333e-01
5.663000000 -2.539949645400e-01
5.664000000 -2.463109375833e-01
5.665000000 -2.376887586734e-01
5.666000000 -2.281326860592e-01
5.667000000 -2.176519381745e-01
5.668000000 -2.062606741996e-01
5.669000000 -1.939779482095e-01
5.670000000 -1.808276371178e-01
5.671000000 -1.668383427681e-01
5.672000000 -1.520432686618e-01
5.673000000 -1.364800719505e-01
5.674000000 -1.201906914494e-01
5.675000000 -1.032211525626e-01
5.676000000 -8.562135013027e-02
5.677000000 -6.744481033067e-02
5.678000000 -4.874843287968e-02
5.679000000 -2.959221487895e-02
5.680000000 -1.003895776141e-02
5.681000000 9.846041125227e-03
5.682000000 2.999531067351e-02
5.683000000 5.033954021189e-02
5.684000000 7.080792397790e-02
5.685000000 9.132851404972e-02
5.686000000 1.118285798710e-01
5.687000000 1.322349724678e-01
5.688000000 1.524744914296e-01
5.689000000 1.724742527123e-01
5.690000000 1.921620553145e-01
5.691000000 2.114667448831e-01
5.692000000 2.303185723218e-01
5.693000000 2.486495454998e-01
5.694000000 2.663937721946e-01
5.695000000 2.834877924500e-01
5.696000000 2.998708985839e-01
5.697000000 3.154854411476e-01
5.698000000 3.302771192110e-01
5.699000000 3.441952534327e-01
5.700000000 3.571930404629e-01
5.701000000 3.692277873278e-01
5.702000000 3.802611245495e-01
5.703000000 3.902591968681e-01
5.704000000 3.991928305517e-01
5.705000000 4.070376764030e-01
5.706000000 4.137743277034e-01
5.707000000 4.193884124645e-01
5.708000000 4.238706594947e-01
5.709000000 4.272169379298e-01
5.710000000 4.294282700136e-01
5.711000000 4.305108170590e-01
5.712000000 4.304758386608e-01
5.713000000 4.293396253758e-01
5.714000000 4.271234052229e-01
5.715000000 4.238532244977e-01
5.716000000 4.195598035317e-01
5.717000000 4.142783681573e-01
5.718000000 4.080484577715e-01
5.719000000 4.009137110126e-01
5.720000000 3.929216301844e-01
5.721000000 3.841233256738e-01
5.722000000 3.745732417155e-01
5.723000000 3.643288649529e-01
5.724000000 3.534504173401e-01
5.725000000 3.420005350074e-01
5.726000000 3.300439347915e-01
5.727000000 3.176470701936e-01
5.728000000 3.048777785859e-01
5.729000000 2.918049215330e-01
5.730000000 2.784980201304e-01
5.731000000 2.650268872891e-01
5.732000000 2.514612589110e-01
5.733000000 2.378704259049e-01
5.734000000 2.243228689896e-01
5.735000000 2.108858982140e-01
5.736000000 1.976252991006e-01
5.737000000 1.846049872821e-01
5.738000000 1.718866734566e-01
5.739000000 1.595295404329e-01
5.740000000 1.475899339704e-01
5.741000000 1.361210690498e-01
5.742000000 1.251727531252e-01
5.743000000 1.147911278192e-01
5.744000000 1.050184304279e-01
5.745000000 9.589277649418e-02
5.746000000 8.744796459964e-02
5.747000000 7.971330440622e-02
5.748000000 7.271346885778e-02
5.749000000 6.646837132300e-02
5.750000000 6.099306833090e-02
5.751000000 5.629768841465e-02
5.752000000 5.238738744255e-02
5.753000000 4.926233067551e-02
5.754000000 4.691770164982e-02
5.755000000 4.534373784327e-02
5.756000000 4.452579294180e-02
5.757000000 4.444442538437e-02
5.758000000 4.507551272567e-02
5.759000000 4.639039122126e-02
5.760000000 4.835601990697e-02
5.761000000 5.093516831654e-02
5.762000000 5.408662685744e-02
5.763000000 5.776543874613e-02
5.764000000 6.192315229151e-02
5.765000000 6.650809220848e-02
5.766000000 7.146564854446e-02
5.767000000 7.673858170937e-02
5.768000000 8.226734201567e-02
5.769000000 8.799040205917e-02
5.770000000 9.384460020438e-02
5.771000000 9.976549338034e-02
5.772000000 1.056877173440e-01
5.773000000 1.115453525298e-01
5.774000000 1.172722935742e-01
5.775000000 1.228026205856e-01
5.776000000 1.280709702205e-01
5.777000000 1.330129046277e-01
5.778000000 1.375652763326e-01
5.779000000 1.416665871565e-01
5.780000000 1.452573392951e-01
5.781000000 1.482803767207e-01
5.782000000 1.506812151239e-01
5.783000000 1.524083586686e-01
5.784000000 1.534136019034e-01
5.785000000 1.536523152470e-01
5.786000000 1.530837125526e-01
5.787000000 1.516710993463e-01
5.788000000 1.493821004353e-01
5.789000000 1.461888656878e-01
5.790000000 1.420682528974e-01
5.791000000 1.370019867651e-01
5.792000000 1.309767931516e-01
5.793000000 1.239845078819e-01
5.794000000 1.160221595132e-01
5.795000000 1.070920256115e-01
5.796000000 9.720166221611e-02
5.797000000 8.636390631095e-02
5.798000000 7.459685125699e-02
5.799000000 6.192379527932e-02
5.800000000 4.837316323959e-02
5.801000000 3.397840206039e-02
5.802000000 1.877785030236e-02
5.803000000 2.814582525816e-03
5.804000000 -1.386377080289e-02
5.805000000 -3.120522697655e-02
5.806000000 -4.915367728058e-02
5.807000000 -6.764913467741e-02
5.808000000 -8.662800171646e-02
5.809000000 -1.060233573422e-01
5.810000000 -1.257652611777e-01
5.811000000 -1.457810737741e-01
5.812000000 -1.659957912352e-01
5.813000000 -1.863323925563e-01
5.814000000 -2.067121979511e-01
5.815000000 -2.270552363886e-01
5.816000000 -2.472806205137e-01
5.817000000 -2.673069270921e-01
5.818000000 -2.870525810907e-01
5.819000000 -3.064362414894e-01
5.820000000 -3.253771869121e-01
5.821000000 -3.437956991675e-01
5.822000000 -3.616134428011e-01
5.823000000 -3.787538387812e-01
5.824000000 -3.951424304739e-01
5.825000000 -4.107072401003e-01
5.826000000 -4.253791139188e-01
5.827000000 -4.390920544329e-01
5.828000000 -4.517835379907e-01
5.829000000 -4.633948162177e-01
5.830000000 -4.738711998033e-01
5.831000000 -4.831623232551e-01
5.832000000 -4.912223893247e-01
5.833000000 -4.980103919174e-01
5.834000000 -5.034903164001e-01
5.835000000 -5.076313163389e-01
5.836000000 -5.104078658117e-01
5.837000000 -5.117998865673e-01
5.838000000 -5.117928494216e-01
5.839000000 -5.103778494143e-01
5.840000000 -5.075516543755e-01
5.841000000 -5.033167266860e-01
5.842000000 -4.976812181423e-01
5.843000000 -4.906589379753e-01
5.844000000 -4.822692941975e-01
5.845000000 -4.725372085878e-01
5.846000000 -4.614930057485e-01
5.847000000 -4.491722767972e-01
5.848000000 -4.356157183780e-01
5.849000000 -4.208689477947e-01
5.850000000 -4.049822951859e-01
5.851000000 -3.880105737685e-01
5.852000000 -3.700128292850e-01
5.853000000 -3.510520698830e-01
5.854000000 -3.311949777542e-01
5.855000000 -3.105116039400e-01
5.856000000 -2.890750477931e-01
5.857000000 -2.669611226531e-01
5.858000000 -2.442480093592e-01
5.859000000 -2.210158992749e-01
5.860000000 -1.973466285499e-01
5.861000000 -1.733233053796e-01
5.862000000 -1.490299320520e-01
5.863000000 -1.245510235940e-01
5.864000000 -9.997122483822e-02
5.865000000 -7.537492773543e-02
5.866000000 -5.084589073158e-02
5.867000000 -2.646686201141e-02
5.868000000 -2.319208388807e-03
5.869000000 2.151744840976e-02
5.870000000 4.496558636273e-02
5.871000000 6.795012701492e-02
5.872000000 9.039876698292e-02
5.873000000 1.122422955687e-01
5.874000000 1.334148970170e-01
5.875000000 1.538544360314e-01
5.876000000 1.735027252471e-01
5.877000000 1.923057734505e-01
5.878000000 2.102140134316e-01
5.879000000 2.271825084558e-01
5.880000000 2.431711364476e-01
5.881000000 2.581447510889e-01
5.882000000 2.720733191458e-01
5.883000000 2.849320334560e-01
5.884000000 2.967014011238e-01
5.885000000 3.073673065926e-01
5.886000000 3.169210493817e-01
5.887000000 3.253593563996e-01
5.888000000 3.326843688621e-01
5.889000000 3.389036039686e-01
5.890000000 3.440298916043e-01
5.891000000 3.480812864580e-01
5.892000000 3.510809560537e-01
5.893000000 3.530570453130e-01
5.894000000 3.540425183671e-01
5.895000000 3.540749784457e-01
5.896000000 3.531964667674e-01
5.897000000 3.514532414523e-01
5.898000000 3.488955375666e-01
5.899000000 3.455773094927e-01
5.900000000 3.415559568952e-01
5.901000000 3.368920356259e-01
5.902000000 3.316489549736e-01
5.903000000 3.258926627233e-01
5.904000000 3.196913195378e-01
5.905000000 3.131149642192e-01
5.906000000 3.062351714419e-01
5.907000000 2.991247035749e-01
5.908000000 2.918571582332e-01
5.909000000 2.845066132078e-01
5.910000000 2.771472704280e-01
5.911000000 2.698531006054e-01
5.912000000 2.626974901988e-01
5.913000000 2.557528923176e-01
5.914000000 2.490904831548e-01
5.915000000 2.427798255093e-01
5.916000000 2.368885409101e-01
5.917000000 2.314819918141e-01
5.918000000 2.266229752874e-01
5.919000000 2.223714295241e-01
5.920000000 2.187841544869e-01
5.921000000 2.159145478829e-01
5.922000000 2.138123576081e-01
5.923000000 2.125234517146e-01
5.924000000 2.120896068654e-01
5.925000000 2.125483161505e-01
5.926000000 2.139326170478e-01
5.927000000 2.162709402087e-01
5.928000000 2.195869796555e-01
5.929000000 2.238995848702e-01
5.930000000 2.292226751553e-01
5.931000000 2.355651765413e-01
5.932000000 2.429309814098e-01
5.933000000 2.513189308989e-01
5.934000000 2.607228200527e-01
5.935000000 2.711314255700e-01
5.936000000 2.825285559127e-01
5.937000000 2.948931234260e-01
5.938000000 3.081992380320e-01
5.939000000 3.224163219597e-01
5.940000000 3.375092448841e-01
5.941000000 3.534384787584e-01
5.942000000 3.701602715411e-01
5.943000000 3.876268389384e-01
5.944000000 4.057865732083e-01
5.945000000 4.245842680033e-01
5.946000000 4.439613581620e-01
5.947000000 4.638561733051e-01
5.948000000 4.842042040316e-01
5.949000000 5.049383794706e-01
5.950000000 5.259893548970e-01
5.951000000 5.472858080877e-01
5.952000000 5.687547430650e-01
5.953000000 5.903217998522e-01
5.954000000 6.119115688495e-01
5.955000000 6.334479084298e-01
5.956000000 6.548542643514e-01
5.957000000 6.760539895859e-01
5.958000000 6.969706631731e-01
5.959000000 7.175284067260e-01
5.960000000 7.376521972351e-01
5.961000000 7.572681748469e-01
5.962000000 7.763039443251e-01
5.963000000 7.946888689430e-01
5.964000000 8.123543555996e-01
5.965000000 8.292341300000e-01
5.966000000 8.452645007977e-01
5.967000000 8.603846116505e-01
5.968000000 8.745366802086e-01
5.969000000 8.876662231168e-01
5.970000000 8.997222661830e-01
5.971000000 9.106575389392e-01
5.972000000 9.204286528946e-01
5.973000000 9.289962628601e-01
5.974000000 9.363252108011e-01
5.975000000 9.423846517589e-01
5.976000000 9.471481614607e-01
5.977000000 9.505938253242e-01
5.978000000 9.527043086436e-01
5.979000000 9.534669078294e-01
5.980000000 9.528735826545e-01
5.981000000 9.509209695461e-01
5.982000000 9.476103760384e-01
5.983000000 9.429477565856e-01
5.984000000 9.369436700085e-01
5.985000000 9.296132189279e-01
5.986000000 9.209759716063e-01
5.987000000 9.110558666949e-01
5.988000000 8.998811014448e-01
5.989000000 8.874840040115e-01
5.990000000 8.739008905357e-01
5.991000000 8.591719077461e-01
5.992000000 8.433408618770e-01
5.993000000 8.264550347478e-01
5.994000000 8.085649878893e-01
5.995000000 7.897243556474e-01
5.996000000 7.699896282253e-01
5.997000000 7.494199256577e-01
5.998000000 7.280767637365e-01
5.999000000 7.060238129268e-01
6.000000000 6.833266513289e-01
6.001000000 6.600525127535e-01
6.002000000 6.362700309821e-01
6.003000000 6.120489812884e-01
6.004000000 5.874600202907e-01
6.005000000 5.625744251998e-01
6.006000000 5.374638335140e-01
6.007000000 5.121999841941e-01
6.008000000 4.868544613346e-01
6.009000000 4.614984413180e-01
6.010000000 4.362024444125e-01
6.011000000 4.110360917403e-01
6.012000000 3.860678685082e-01
6.013000000 3.613648943505e-01
6.014000000 3.369927015950e-01
6.015000000 3.130150222156e-01
6.016000000 2.894935841857e-01
6.017000000 2.664879179012e-01
6.018000000 2.440551732835e-01
6.019000000 2.222499481243e-01
6.020000000 2.011241281747e-01
6.021000000 1.807267394264e-01
6.022000000 1.611038129747e-01
6.023000000 1.422982627931e-01
6.024000000 1.243497766936e-01
6.025000000 1.072947206839e-01
6.026000000 9.116605687804e-02
6.027000000 7.599327505470e-02
6.028000000 6.180233790215e-02
6.029000000 4.861563993135e-02
6.030000000 3.645197998229e-02
6.031000000 2.532654719493e-02
6.032000000 1.525092026289e-02
6.033000000 6.233079737335e-03
6.034000000 -1.722566901095e-03
6.035000000 -8.615147730731e-03
6.036000000 -1.444727681124e-02
6.037000000 -1.922499295518e-02
6.038000000 -2.295768730373e-02
6.039000000 -2.565802019802e-02
6.040000000 -2.734182787161e-02
6.041000000 -2.802801952035e-02
6.042000000 -2.773846533380e-02
6.043000000 -2.649787609701e-02
6.044000000 -2.433367499331e-02
6.045000000 -2.127586225680e-02
6.046000000 -1.735687333872e-02
6.047000000 -1.261143126384e-02
6.048000000 -7.076393861657e-03
6.049000000 -7.905965629336e-04
6.050000000 6.205308545237e-03
6.051000000 1.386901671348e-02
6.052000000 2.215673688428e-02
6.053000000 3.102335972370e-02
6.054000000 4.042262665759e-02
6.055000000 5.030729925092e-02
6.056000000 6.062932828395e-02
6.057000000 7.134002189551e-02
6.058000000 8.239021218369e-02
6.059000000 9.373041967531e-02
6.060000000 1.053110151000e-01
6.061000000 1.170823779293e-01
6.062000000 1.289950511702e-01
6.063000000 1.409998919294e-01
6.064000000 1.530482172966e-01
6.065000000 1.650919451263e-01
6.066000000 1.770837293296e-01
6.067000000 1.889770893221e-01
6.068000000 2.007265333069e-01
6.069000000 2.122876751085e-01
6.070000000 2.236173443055e-01
6.071000000 2.346736894488e-01
6.072000000 2.454162741850e-01
6.073000000 2.558061661395e-01
6.074000000 2.658060184515e-01
6.075000000 2.753801438848e-01
6.076000000 2.844945814718e-01
6.077000000 2.931171556842e-01
6.078000000 3.012175281530e-01
6.079000000 3.087672419922e-01
6.080000000 3.157397588112e-01
6.081000000 3.221104885297e-01
6.082000000 3.278568121333e-01
6.083000000 3.329580975398e-01
6.084000000 3.373957087625e-01
6.085000000 3.411530085864e-01
6.086000000 3.442153549899e-01
6.087000000 3.465700915652e-01
6.088000000 3.482065322077e-01
6.089000000 3.491159403596e-01
6.090000000 3.492915031073e-01
6.091000000 3.487283004432e-01
6.092000000 3.474232700121e-01
6.093000000 3.453751676708e-01
6.094000000 3.425845241947e-01
6.095000000 3.390535984700e-01
6.096000000 3.347863275117e-01
6.097000000 3.297882736468e-01
6.098000000 3.240665692042e-01
6.099000000 3.176298590456e-01
6.100000000 3.104882412688e-01
6.101000000 3.026532064085e-01
6.102000000 2.941375754518e-01
6.103000000 2.849554369755e-01
6.104000000 2.751220837013e-01
6.105000000 2.646539487548e-01
6.106000000 2.535685418999e-01
6.107000000 2.418843860048e-01
6.108000000 2.296209539833e-01
6.109000000 2.167986064368e-01
6.110000000 2.034385302067e-01
6.111000000 1.895626780295e-01
6.112000000 1.751937094681e-01
6.113000000 1.603549332762e-01
6.114000000 1.450702513313e-01
6.115000000 1.293641042572e-01
6.116000000 1.132614188323e-01
6.117000000 9.678755726717e-02
6.118000000 7.996826841189e-02
6.119000000 6.282964093643e-02
6.120000000 4.539805851031e-02
6.121000000 2.770015698861e-02
6.122000000 9.762783595059e-03
6.123000000 -8.387041923606e-03
6.124000000 -2.672216421374e-02
6.125000000 -4.521532735787e-02
6.126000000 -6.383920811546e-02
6.127000000 -8.256644744502e-02
6.128000000 -1.013696804036e-01
6.129000000 -1.202215645304e-01
6.130000000 -1.390948068315e-01
6.131000000 -1.579621894909e-01
6.132000000 -1.767965944415e-01
6.133000000 -1.955710269347e-01
6.134000000 -2.142586382544e-01
6.135000000 -2.328327477212e-01
6.136000000 -2.512668641403e-01
6.137000000 -2.695347068429e-01
6.138000000 -2.876102264736e-01
6.139000000 -3.054676256742e-01
6.140000000 -3.230813798116e-01
6.141000000 -3.404262578934e-01
6.142000000 -3.574773438103e-01
6.143000000 -3.742100580378e-01
6.144000000 -3.906001799225e-01
6.145000000 -4.066238706689e-01
6.146000000 -4.222576971352e-01
6.147000000 -4.374786565348e-01
6.148000000 -4.522642021279e-01
6.149000000 -4.665922699782e-01
6.150000000 -4.804413068343e-01
6.151000000 -4.937902991832e-01
6.152000000 -5.066188035089e-01
6.153000000 -5.189069777745e-01
6.154000000 -5.306356141297e-01
6.155000000 -5.417861728346e-01
6.156000000 -5.523408173682e-01
6.157000000 -5.622824506814e-01
6.158000000 -5.715947525332e-01
6.159000000 -5.802622178363e-01
6.160000000 -5.882701959207e-01
6.161000000 -5.956049306095e-01
6.162000000 -6.022536009866e-01
6.163000000 -6.082043627197e-01
6.164000000 -6.134463897901e-01
6.165000000 -6.179699164646e-01
6.166000000 -6.217662793357e-01
6.167000000 -6.248279592406e-01
6.168000000 -6.271486228605e-01
6.169000000 -6.287231637909e-01
6.170000000 -6.295477428649e-01
6.171000000 -6.296198275024e-01
6.172000000 -6.289382298517e-01
6.173000000 -6.275031434839e-01
6.174000000 -6.253161783975e-01
6.175000000 -6.223803940832e-01
6.176000000 -6.187003304031e-01
6.177000000 -6.142820360311e-01
6.178000000 -6.091330942084e-01
6.179000000 -6.032626455653e-01
6.180000000 -5.966814077667e-01
6.181000000 -5.894016917435e-01
6.182000000 -5.814374142777e-01
6.183000000 -5.728041067174e-01
6.184000000 -5.635189196076e-01
6.185000000 -5.536006230326e-01
6.186000000 -5.430696024782e-01
6.187000000 -5.319478500354e-01
6.188000000 -5.202589507814e-01
6.189000000 -5.080280641910e-01
6.190000000 -4.952819004454e-01
6.191000000 -4.820486915281e-01
6.192000000 -4.683581570119e-01
6.193000000 -4.542414644648e-01
6.194000000 -4.397311844226e-01
6.195000000 -4.248612398961e-01
6.196000000 -4.096668504057e-01
6.197000000 -3.941844705587e-01
6.198000000 -3.784517232067e-01
6.199000000 -3.625073272473e-01
6.200000000 -3.463910201559e-01
6.201000000 -3.301434753599e-01
6.202000000 -3.138062145918e-01
6.203000000 -2.974215153813e-01
6.204000000 -2.810323138726e-01
6.205000000 -2.646821031765e-01
6.206000000 -2.484148274901e-01
6.207000000 -2.322747722419e-01
6.208000000 -2.163064505409e-01
6.209000000 -2.005544862321e-01
6.210000000 -1.850634938810e-01
6.211000000 -1.698779560296e-01
6.212000000 -1.550420980870e-01
6.213000000 -1.405997612339e-01
6.214000000 -1.265942737390e-01
6.215000000 -1.130683210987e-01
6.216000000 -1.000638154270e-01
6.217000000 -8.762176453449e-02
6.218000000 -7.578214114590e-02
6.219000000 -6.458375271458e-02
6.220000000 -5.406411230049e-02
6.221000000 -4.425931098312e-02
6.222000000 -3.520389228457e-02
6.223000000 -2.693072908000e-02
6.224000000 -1.947090347224e-02
6.225000000 -1.285359010524e-02
6.226000000 -7.105943386993e-03
6.227000000 -2.252989086127e-03
6.228000000 1.682479241649e-03
6.229000000 4.679998551340e-03
6.230000000 6.721528897052e-03
6.231000000 7.791539891484e-03
6.232000000 7.877090633166e-03
6.233000000 6.967902716139e-03
6.234000000 5.056425956626e-03
6.235000000 2.137896492929e-03
6.236000000 -1.789613061855e-03
6.237000000 -6.725151709660e-03
6.238000000 -1.266485666862e-02
6.239000000 -1.960192872631e-02
6.240000000 -2.752661655650e-02
6.241000000 -3.642621018001e-02
6.242000000 -4.628504371862e-02
6.243000000 -5.708450755823e-02
6.244000000 -6.880307000356e-02
6.245000000 -8.141630847241e-02
6.246000000 -9.489695024236e-02
6.247000000 -1.092149227273e-01
6.248000000 -1.243374132250e-01
6.249000000 -1.402289380417e-01
6.250000000 -1.568514208622e-01
6.251000000 -1.741642801996e-01
6.252000000 -1.921245257212e-01
6.253000000 -2.106868632146e-01
6.254000000 -2.298038079195e-01
6.255000000 -2.494258059205e-01
6.256000000 -2.695013632606e-01
6.257000000 -2.899771824043e-01
6.258000000 -3.107983056475e-01
6.259000000 -3.319082650423e-01
6.260000000 -3.532492383772e-01
6.261000000 -3.747622107247e-01
6.262000000 -3.963871410462e-01
6.263000000 -4.180631333193e-01
6.264000000 -4.397286116310e-01
6.265000000 -4.613214986638e-01
6.266000000 -4.827793969816e-01
6.267000000 -5.040397725112e-01
6.268000000 -5.250401395983e-01
6.269000000 -5.457182470125e-01
6.270000000 -5.660122642630e-01
6.271000000 -5.858609675850e-01
6.272000000 -6.052039249528e-01
6.273000000 -6.239816794767e-01
6.274000000 -6.421359305416e-01
6.275000000 -6.596097120520e-01
6.276000000 -6.763475671554e-01
6.277000000 -6.922957188256e-01
6.278000000 -7.074022357008e-01
6.279000000 -7.216171925865e-01
6.280000000 -7.348928250512e-01
6.281000000 -7.471836775619e-01
6.282000000 -7.584467446290e-01
6.283000000 -7.686416044564e-01
6.284000000 -7.777305446159e-01
6.285000000 -7.856786792967e-01
6.286000000 -7.924540577094e-01
6.287000000 -7.980277632565e-01
6.288000000 -8.023740031159e-01
6.289000000 -8.054701879189e-01
6.290000000 -8.072970012398e-01
6.291000000 -8.078384586540e-01
6.292000000 -8.070819561599e-01
6.293000000 -8.050183077977e-01
6.294000000 -8.016417723416e-01
6.295000000 -7.969500689821e-01
6.296000000 -7.909443819542e-01
6.297000000 -7.836293541129e-01
6.298000000 -7.750130694952e-01
6.299000000 -7.651070249517e-01
6.300000000 -7.539260909713e-01
6.301000000 -7.414884618619e-01
6.302000000 -7.278155954916e-01
6.303000000 -7.129321428328e-01
6.304000000 -6.968658675900e-01
6.305000000 -6.796475562273e-01
6.306000000 -6.613109187505e-01
6.307000000 -6.418924806279e-01
6.308000000 -6.214314662692e-01
6.309000000 -5.999696745122e-01
6.310000000 -5.775513465931e-01
6.311000000 -5.542230271057e-01
6.312000000 -5.300334184758e-01
6.313000000 -5.050332295022e-01
6.314000000 -4.792750185328e-01
6.315000000 -4.528130318622e-01
6.316000000 -4.257030379536e-01
6.317000000 -3.980021580964e-01
6.318000000 -3.697686941232e-01
6.319000000 -3.410619538173e-01
6.320000000 -3.119420746415e-01
6.321000000 -2.824698464268e-01
6.322000000 -2.527065336535e-01
6.323000000 -2.227136979555e-01
6.324000000 -1.925530214721e-01
6.325000000 -1.622861316629e-01
6.326000000 -1.319744281882e-01
6.327000000 -1.016789124457e-01
6.328000000 -7.146002033670e-02
6.329000000 -4.137745881551e-02
6.330000000 -1.149004675735e-02
6.331000000 1.814443934539e-02
6.332000000 4.746941437199e-02
6.333000000 7.642962778821e-02
6.334000000 1.049713006561e-01
6.335000000 1.330422560380e-01
6.336000000 1.605920424253e-01
6.337000000 1.875720498556e-01
6.338000000 2.139356184143e-01
6.339000000 2.396381388536e-01
6.340000000 2.646371450956e-01
6.341000000 2.888923984230e-01
6.342000000 3.123659631971e-01
6.343000000 3.350222739798e-01
6.344000000 3.568281939734e-01
6.345000000 3.777530647279e-01
6.346000000 3.977687471023e-01
6.347000000 4.168496535035e-01
6.348000000 4.349727714587e-01
6.349000000 4.521176786165e-01
6.350000000 4.682665493006e-01
6.351000000 4.834041527755e-01
6.352000000 4.975178434154e-01
6.353000000 5.105975429944e-01
6.354000000 5.226357153477e-01
6.355000000 5.336273336785e-01
6.356000000 5.435698408114e-01
6.357000000 5.524631027151e-01
6.358000000 5.603093556394e-01
6.359000000 5.671131472313e-01
6.360000000 5.728812720103e-01
6.361000000 5.776227015997e-01
6.362000000 5.813485101230e-01
6.363000000 5.840717951855e-01
6.364000000 5.858075948673e-01
6.365000000 5.865728011644e-01
6.366000000 5.863860703140e-01
6.367000000 5.852677304430e-01
6.368000000 5.832396869804e-01
6.369000000 5.803253262673e-01
6.370000000 5.765494177968e-01
6.371000000 5.719380155064e-01
6.372000000 5.665183585382e-01
6.373000000 5.603187718700e-01
6.374000000 5.533685672075e-01
6.375000000 5.456979445140e-01
6.376000000 5.373378945374e-01
6.377000000 5.283201026746e-01
6.378000000 5.186768544977e-01
6.379000000 5.084409432428e-01
6.380000000 4.976455795417e-01
6.381000000 4.863243036546e-01
6.382000000 4.745109004381e-01
6.383000000 4.622393172573e-01
6.384000000 4.495435850286e-01
6.385000000 4.364577425534e-01
6.386000000 4.230157642758e-01
6.387000000 4.092514915760e-01
6.388000000 3.951985676816e-01
6.389000000 3.808903762567e-01
6.390000000 3.663599837028e-01
6.391000000 3.516400851812e-01
6.392000000 3.367629543428e-01
6.393000000 3.217603967307e-01
6.394000000 3.066637067945e-01
6.395000000 2.915036284402e-01
6.396000000 2.763103190150e-01
6.397000000 2.611133166105e-01
6.398000000 2.459415105511e-01
6.399000000 2.308231149169e-01
6.400000000 2.157856449390e-01
6.401000000 2.008558960904e-01
6.402000000 1.860599256866e-01
6.403000000 1.714230368010e-01
6.404000000 1.569697642921e-01
6.405000000 1.427238627350e-01
6.406000000 1.287082960463e-01
6.407000000 1.149452285885e-01
6.408000000 1.014560175423e-01
6.409000000 8.826120633483e-02
6.410000000 7.538051891658e-02
6.411000000 6.283285468579e-02
6.412000000 5.063628386427e-02
6.413000000 3.880804313916e-02
6.414000000 2.736453139407e-02
6.415000000 1.632130536508e-02
6.416000000 5.693075070069e-03
6.417000000 -4.506301126151e-03
6.418000000 -1.426382193290e-02
6.419000000 -2.356734914661e-02
6.420000000 -3.240561434414e-02
6.421000000 -4.076822632679e-02
6.422000000 -4.864567936668e-02
6.423000000 -5.602936228805e-02
6.424000000 -6.291156839625e-02
6.425000000 -6.928550624785e-02
6.426000000 -7.514531123490e-02
6.427000000 -8.048605793719e-02
6.428000000 -8.530377317636e-02
6.429000000 -8.959544968686e-02
6.430000000 -9.335906030000e-02
6.431000000 -9.659357251928e-02
6.432000000 -9.929896334816e-02
6.433000000 -1.014762342151e-01
6.434000000 -1.031274258253e-01
6.435000000 -1.042556327552e-01
6.436000000 -1.048650175917e-01
6.437000000 -1.049608244089e-01
6.438000000 -1.045493913630e-01
6.439000000 -1.036381621791e-01
6.440000000 -1.022356962974e-01
6.441000000 -1.003516774399e-01
6.442000000 -9.799692035726e-02
6.443000000 -9.518337551396e-02
6.444000000 -9.192413146931e-02
6.445000000 -8.823341471656e-02
6.446000000 -8.412658674518e-02
6.447000000 -7.962013809874e-02
6.448000000 -7.473167920886e-02
6.449000000 -6.947992779609e-02
6.450000000 -6.388469264061e-02
6.451000000 -5.796685353957e-02
6.452000000 -5.174833728368e-02
6.453000000 -4.525208950287e-02
6.454000000 -3.850204224974e-02
6.455000000 -3.152307721020e-02
6.456000000 -2.434098445221e-02
6.457000000 -1.698241664697e-02
6.458000000 -9.474838720888e-03
6.459000000 -1.846472922178e-03
6.460000000 5.873760687921e-03
6.461000000 1.365630828243e-02
6.462000000 2.147105078994e-02
6.463000000 2.928737679754e-02
6.464000000 3.707425971469e-02
6.465000000 4.480033904909e-02
6.466000000 5.243400561716e-02
6.467000000 5.994349048400e-02
6.468000000 6.729695739967e-02
6.469000000 7.446259847196e-02
6.470000000 8.140873278929e-02
6.471000000 8.810390768203e-02
6.472000000 9.451700228627e-02
6.473000000 1.006173330510e-01
6.474000000 1.063747608080e-01
6.475000000 1.117597990038e-01
6.476000000 1.167437226737e-01
6.477000000 1.212986777237e-01
6.478000000 1.253977900678e-01
6.479000000 1.290152741595e-01
6.480000000 1.321265404427e-01
6.481000000 1.347083012420e-01
6.482000000 1.367386746031e-01
6.483000000 1.381972855954e-01
6.484000000 1.390653645828e-01
6.485000000 1.393258419747e-01
6.486000000 1.389634389711e-01
6.487000000 1.379647538240e-01
6.488000000 1.363183431442e-01
6.489000000 1.340147977993e-01
6.490000000 1.310468129575e-01
6.491000000 1.274092518541e-01
6.492000000 1.230992028737e-01
6.493000000 1.181160295652e-01
6.494000000 1.124614132291e-01
6.495000000 1.061393877460e-01
6.496000000 9.915636634023e-02
6.497000000 9.152116000676e-02
6.498000000 8.324498735943e-02
6.499000000 7.434147569451e-02
6.500000000 6.482665309882e-02
6.501000000 5.471893146891e-02
6.502000000 4.403908034657e-02
6.503000000 3.281019151557e-02
6.504000000 2.105763434473e-02
6.505000000 8.809001904087e-03
6.506000000 -3.905952077976e-03
6.507000000 -1.705538530633e-02
6.508000000 -3.060544790743e-02
6.509000000 -4.452037212043e-02
6.510000000 -5.876257045553e-02
6.511000000 -7.329274204320e-02
6.512000000 -8.806998685777e-02
6.513000000 -1.030519274594e-01
6.514000000 -1.181948378611e-01
6.515000000 -1.334537790899e-01
6.516000000 -1.487827409774e-01
6.517000000 -1.641347896810e-01
6.518000000 -1.794622204058e-01
6.519000000 -1.947167147685e-01
6.520000000 -2.098495022178e-01
6.521000000 -2.248115249005e-01
6.522000000 -2.395536053427e-01
6.523000000 -2.540266162940e-01
6.524000000 -2.681816520686e-01
6.525000000 -2.819702007026e-01
6.526000000 -2.953443162377e-01
6.527000000 -3.082567904328e-01
6.528000000 -3.206613232028e-01
6.529000000 -3.325126910833e-01
6.530000000 -3.437669130200e-01
6.531000000 -3.543814127906e-01
6.532000000 -3.643151773741e-01
6.533000000 -3.735289105958e-01
6.534000000 -3.819851813905e-01
6.535000000 -3.896485660466e-01
6.536000000 -3.964857838152e-01
6.537000000 -4.024658252914e-01
6.538000000 -4.075600730055e-01
6.539000000 -4.117424136901e-01
6.540000000 -4.149893417215e-01
6.541000000 -4.172800532735e-01
6.542000000 -4.185965307533e-01
6.543000000 -4.189236171353e-01
6.544000000 -4.182490798463e-01
6.545000000 -4.165636639027e-01
6.546000000 -4.138611340427e-01
6.547000000 -4.101383056457e-01
6.548000000 -4.053950642793e-01
6.549000000 -3.996343737593e-01
6.550000000 -3.928622726649e-01
6.551000000 -3.850878592929e-01
6.552000000 -3.763232650938e-01
6.553000000 -3.665836166741e-01
6.554000000 -3.558869865089e-01
6.555000000 -3.442543325486e-01
6.556000000 -3.317094269612e-01
6.557000000 -3.182787742936e-01
6.558000000 -3.039915193845e-01
6.559000000 -2.888793454074e-01
6.560000000 -2.729763624641e-01
6.561000000 -2.563189871920e-01
6.562000000 -2.389458138885e-01
6.563000000 -2.208974776923e-01
6.564000000 -2.022165103972e-01
6.565000000 -1.829471895065e-01
6.566000000 -1.631353811642e-01
6.567000000 -1.428283776294e-01
6.568000000 -1.220747299793e-01
6.569000000 -1.009240767503e-01
6.570000000 -7.942696924243e-02
6.571000000 -5.763469422633e-02
6.572000000 -3.559909480236e-02
6.573000000 -1.337239016821e-02
6.574000000 8.993004944993e-03
6.575000000 3.144466040835e-02
6.576000000 5.393030964693e-02
6.577000000 7.639802665879e-02
6.578000000 9.879640036334e-02
6.579000000 1.210747055556e-01
6.580000000 1.431830697600e-01
6.581000000 1.650726352986e-01
6.582000000 1.866957159132e-01
6.583000000 2.080059473057e-01
6.584000000 2.289584309949e-01
6.585000000 2.495098709178e-01
6.586000000 2.696187022386e-01
6.587000000 2.892452118706e-01
6.588000000 3.083516502512e-01
6.589000000 3.269023339560e-01
6.590000000 3.448637387819e-01
6.591000000 3.622045829722e-01
6.592000000 3.788959003082e-01
6.593000000 3.949111028366e-01
6.594000000 4.102260330527e-01
6.595000000 4.248190054105e-01
6.596000000 4.386708370793e-01
6.597000000 4.517648679193e-01
6.598000000 4.640869696977e-01
6.599000000 4.756255446178e-01
6.600000000 4.863715132843e-01
6.601000000 4.963182922764e-01
6.602000000 5.054617615481e-01
6.603000000 5.138002219222e-01
6.604000000 5.213343429913e-01
6.605000000 5.280671017800e-01
6.606000000 5.340037125670e-01
6.607000000 5.391515483037e-01
6.608000000 5.435200541036e-01
6.609000000 5.471206533126e-01
6.610000000 5.499666467016e-01
6.611000000 5.520731053512e-01
6.612000000 5.534567578277e-01
6.613000000 5.541358722700e-01
6.614000000 5.541301340282e-01
6.615000000 5.534605195130e-01
6.616000000 5.521491669253e-01
6.617000000 5.502192445497e-01
6.618000000 5.476948172987e-01
6.619000000 5.446007121992e-01
6.620000000 5.409623835135e-01
6.621000000 5.368057781806e-01
6.622000000 5.321572022601e-01
6.623000000 5.270431890459e-01
6.624000000 5.214903695080e-01
6.625000000 5.155253456994e-01
6.626000000 5.091745677464e-01
6.627000000 5.024642150178e-01
6.628000000 4.954200820415e-01
6.629000000 4.880674697066e-01
6.630000000 4.804310822612e-01
6.631000000 4.725349305761e-01
6.632000000 4.644022421148e-01
6.633000000 4.560553780053e-01
6.634000000 4.475157575741e-01
6.635000000 4.388037906563e-01
6.636000000 4.299388179549e-01
6.637000000 4.209390596769e-01
6.638000000 4.118215726278e-01
6.639000000 4.026022158977e-01
6.640000000 3.932956252299e-01
6.641000000 3.839151961096e-01
6.642000000 3.744730755665e-01
6.643000000 3.649801626381e-01
6.644000000 3.554461173900e-01
6.645000000 3.458793783483e-01
6.646000000 3.362871881499e-01
6.647000000 3.266756271750e-01
6.648000000 3.170496548806e-01
6.649000000 3.074131585171e-01
6.650000000 2.977690088653e-01
6.651000000 2.881191225980e-01
6.652000000 2.784645308333e-01
6.653000000 2.688054534133e-01
6.654000000 2.591413784142e-01
6.655000000 2.494711463622e-01
6.656000000 2.397930386082e-01
6.657000000 2.301048692911e-01
6.658000000 2.204040802997e-01
6.659000000 2.106878386285e-01
6.660000000 2.009531355104e-01
6.661000000 1.911968866993e-01
6.662000000 1.814160332685e-01
6.663000000 1.716076422922e-01
6.664000000 1.617690067720e-01
6.665000000 1.518977441806e-01
6.666000000 1.419918929977e-01
6.667000000 1.320500066255e-01
6.668000000 1.220712440860e-01
6.669000000 1.120554569165e-01
6.670000000 1.020032717042e-01
6.671000000 9.191616771767e-02
6.672000000 8.179654912623e-02
6.673000000 7.164781131965e-02
6.674000000 6.147440087731e-02
6.675000000 5.128186876629e-02
6.676000000 4.107691638488e-02
6.677000000 3.086743410560e-02
6.678000000 2.066253201154e-02
6.679000000 1.047256256118e-02
6.680000000 3.091349596296e-04
6.681000000 -9.814878941650e-03
6.682000000 -1.988534734959e-02
6.683000000 -2.988688992577e-02
6.684000000 -3.980289791483e-02
6.685000000 -4.961556299898e-02
6.686000000 -5.930591482566e-02
6.687000000 -6.885386710886e-02
6.688000000 -7.823827215799e-02
6.689000000 -8.743698364296e-02
6.690000000 -9.642692735881e-02
6.691000000 -1.051841797097e-01
6.692000000 -1.136840535896e-01
6.693000000 -1.219011912954e-01
6.694000000 -1.298096640701e-01
6.695000000 -1.373830778345e-01
6.696000000 -1.445946846322e-01
6.697000000 -1.514174992786e-01
6.698000000 -1.578244206739e-01
6.699000000 -1.637883572124e-01
6.700000000 -1.692823556950e-01
6.701000000 -1.742797331287e-01
6.702000000 -1.787542107780e-01
6.703000000 -1.826800498159e-01
6.704000000 -1.860321879092e-01
6.705000000 -1.887863760630e-01
6.706000000 -1.909193150411e-01
6.707000000 -1.924087906765e-01
6.708000000 -1.932338073861e-01
6.709000000 -1.933747192045e-01
6.710000000 -1.928133576629e-01
6.711000000 -1.915331558412e-01
6.712000000 -1.895192679440e-01
6.713000000 -1.867586837566e-01
6.714000000 -1.832403373668e-01
6.715000000 -1.789552095509e-01
6.716000000 -1.738964232560e-01
6.717000000 -1.680593316319e-01
6.718000000 -1.614415981004e-01
6.719000000 -1.540432679827e-01
6.720000000 -1.458668312390e-01
6.721000000 -1.369172759161e-01
6.722000000 -1.272021319335e-01
6.723000000 -1.167315048863e-01
6.724000000 -1.055180995809e-01
6.725000000 -9.357723306927e-02
6.726000000 -8.092683699028e-02
6.727000000 -6.758744907592e-02
6.728000000 -5.358219372733e-02
6.729000000 -3.893675161485e-02
6.730000000 -2.367931830513e-02
6.731000000 -7.840551967794e-03
6.732000000 8.546489736718e-03
6.733000000 2.544642343736e-02
6.734000000 4.282162430175e-02
6.735000000 6.063232050752e-02
6.736000000 7.883669764218e-02
6.737000000 9.739101269224e-02
6.738000000 1.162497172380e-01
6.739000000 1.353655894276e-01
6.740000000 1.546898742640e-01
6.741000000 1.741724316975e-01
6.742000000 1.937618919815e-01
6.743000000 2.134058177145e-01
6.744000000 2.330508719577e-01
6.745000000 2.526429917890e-01
6.746000000 2.721275666292e-01
6.747000000 2.914496206470e-01
6.748000000 3.105539985366e-01
6.749000000 3.293855539337e-01
6.750000000 3.478893397316e-01
6.751000000 3.660107995372e-01
6.752000000 3.836959595070e-01
6.753000000 4.008916197922e-01
6.754000000 4.175455448227e-01
6.755000000 4.336066516620e-01
6.756000000 4.490251956669e-01
6.757000000 4.637529526981e-01
6.758000000 4.777433971348e-01
6.759000000 4.909518749655e-01
6.760000000 5.033357712397e-01
6.761000000 5.148546711919e-01
6.762000000 5.254705143669e-01
6.763000000 5.351477411081e-01
6.764000000 5.438534307935e-01
6.765000000 5.515574312418e-01
6.766000000 5.582324787418e-01
6.767000000 5.638543081963e-01
6.768000000 5.684017529103e-01
6.769000000 5.718568335946e-01
6.770000000 5.742048361988e-01
6.771000000 5.754343782309e-01
6.772000000 5.755374632676e-01
6.773000000 5.745095234070e-01
6.774000000 5.723494494618e-01
6.775000000 5.690596087413e-01
6.776000000 5.646458503205e-01
6.777000000 5.591174977434e-01
6.778000000 5.524873291585e-01
6.779000000 5.447715449349e-01
6.780000000 5.359897228584e-01
6.781000000 5.261647610530e-01
6.782000000 5.153228088282e-01
6.783000000 5.034931856941e-01
6.784000000 4.907082888390e-01
6.785000000 4.770034894067e-01
6.786000000 4.624170179567e-01
6.787000000 4.469898395328e-01
6.788000000 4.307655188071e-01
6.789000000 4.137900758063e-01
6.790000000 3.961118327620e-01
6.791000000 3.777812526648e-01
6.792000000 3.588507701316e-01
6.793000000 3.393746152278e-01
6.794000000 3.194086309105e-01
6.795000000 2.990100847880e-01
6.796000000 2.782374759070e-01
6.797000000 2.571503373029e-01
6.798000000 2.358090350601e-01
6.799000000 2.142745646464e-01
6.800000000 1.926083452906e-01
6.801000000 1.708720131839e-01
6.802000000 1.491272142833e-01
6.803000000 1.274353975032e-01
6.804000000 1.058576090695e-01
6.805000000 8.445428881289e-02
6.806000000 6.328506916372e-02
6.807000000 4.240857760008e-02
6.808000000 2.188224328682e-02
6.809000000 1.762108623744e-03
6.810000000 -1.789735359881e-02
6.811000000 -3.704341676251e-02
6.812000000 -5.562527005344e-02
6.813000000 -7.359418054487e-02
6.814000000 -9.090364714175e-02
6.815000000 -1.075095458320e-01
6.816000000 -1.233702657250e-01
6.817000000 -1.384468353945e-01
6.818000000 -1.527030390846e-01
6.819000000 -1.661055223749e-01
6.820000000 -1.786238869467e-01
6.821000000 -1.902307741334e-01
6.822000000 -2.009019369854e-01
6.823000000 -2.106163006228e-01
6.824000000 -2.193560106971e-01
6.825000000 -2.271064698322e-01
6.826000000 -2.338563619581e-01
6.827000000 -2.395976645014e-01
6.828000000 -2.443256484443e-01
6.829000000 -2.480388663097e-01
6.830000000 -2.507391281776e-01
6.831000000 -2.524314658852e-01
6.832000000 -2.531240856073e-01
6.833000000 -2.528283090601e-01
6.834000000 -2.515585036129e-01
6.835000000 -2.493320016365e-01
6.836000000 -2.461690094564e-01
6.837000000 -2.420925063196e-01
6.838000000 -2.371281338192e-01
6.839000000 -2.313040762588e-01
6.840000000 -2.246509324702e-01
6.841000000 -2.172015796303e-01
6.842000000 -2.089910296526e-01
6.843000000 -2.000562787522e-01
6.844000000 -1.904361508130e-01
6.845000000 -1.801711352005e-01
6.846000000 -1.693032196879e-01
6.847000000 -1.578757191772e-01
6.848000000 -1.459331009088e-01
6.849000000 -1.335208068667e-01
6.850000000 -1.206850740919e-01
6.851000000 -1.074727536218e-01
6.852000000 -9.393112877579e-02
6.853000000 -8.010773350481e-02
6.854000000 -6.605017152115e-02
6.855000000 -5.180593691536e-02
6.856000000 -3.742223695945e-02
6.857000000 -2.294581778239e-02
6.858000000 -8.422793589021e-03
6.859000000 6.101519923831e-03
6.860000000 2.058276732104e-02
6.861000000 3.497770974176e-02
6.862000000 4.924437518549e-02
6.863000000 6.334220221314e-02
6.864000000 7.723217653432e-02
6.865000000 9.087695998345e-02
6.866000000 1.042410114204e-01
6.867000000 1.172906991266e-01
6.868000000 1.299944043047e-01
6.869000000 1.423226153265e-01
6.870000000 1.542480124150e-01
6.871000000 1.657455424855e-01
6.872000000 1.767924839133e-01
6.873000000 1.873685010366e-01
6.874000000 1.974556882465e-01
6.875000000 2.070386035594e-01
6.876000000 2.161042916110e-01
6.877000000 2.246422960532e-01
6.878000000 2.326446613799e-01
6.879000000 2.401059242512e-01
6.880000000 2.470230944263e-01
6.881000000 2.533956254604e-01
6.882000000 2.592253753589e-01
6.883000000 2.645165574260e-01
6.884000000 2.692756815810e-01
6.885000000 2.735114864552e-01
6.886000000 2.772348626190e-01
6.887000000 2.804587673226e-01
6.888000000 2.831981311678e-01
6.889000000 2.854697571598e-01
6.890000000 2.872922126167e-01
6.891000000 2.886857144422e-01
6.892000000 2.896720082929e-01
6.893000000 2.902742421923e-01
6.894000000 2.905168351664e-01
6.895000000 2.904253414932e-01
6.896000000 2.900263111729e-01
6.897000000 2.893471472392e-01
6.898000000 2.884159605440e-01
6.899000000 2.872614226522e-01
6.900000000 2.859126174914e-01
6.901000000 2.843988924014e-01
6.902000000 2.827497092303e-01
6.903000000 2.809944961178e-01
6.904000000 2.791625006035e-01
6.905000000 2.772826446879e-01
6.906000000 2.753833824632e-01
6.907000000 2.734925609185e-01
6.908000000 2.716372845046e-01
6.909000000 2.698437840306e-01
6.910000000 2.681372904387e-01
6.911000000 2.665419139825e-01
6.912000000 2.650805293104e-01
6.913000000 2.637746669260e-01
6.914000000 2.626444114696e-01
6.915000000 2.617083072347e-01
6.916000000 2.609832712996e-01
6.917000000 2.604845146201e-01
6.918000000 2.602254713964e-01
6.919000000 2.602177369867e-01
6.920000000 2.604710146069e-01
6.921000000 2.609930710126e-01
6.922000000 2.617897013252e-01
6.923000000 2.628647031198e-01
6.924000000 2.642198598547e-01
6.925000000 2.658549336830e-01
6.926000000 2.677676676425e-01
6.927000000 2.699537971838e-01
6.928000000 2.724070709545e-01
6.929000000 2.751192807180e-01
6.930000000 2.780803002466e-01
6.931000000 2.812781329912e-01
6.932000000 2.846989682908e-01
6.933000000 2.883272458520e-01
6.934000000 2.921457281903e-01
6.935000000 2.961355806956e-01
6.936000000 3.002764589482e-01
6.937000000 3.045466028852e-01
6.938000000 3.089229373869e-01
6.939000000 3.133811788267e-01
6.940000000 3.178959471039e-01
6.941000000 3.224408826565e-01
6.942000000 3.269887679312e-01
6.943000000 3.315116527694e-01
6.944000000 3.359809831545e-01
6.945000000 3.403677327501e-01
6.946000000 3.446425366514e-01
6.947000000 3.487758267617e-01
6.948000000 3.527379682026e-01
6.949000000 3.564993961619e-01
6.950000000 3.600307525848e-01
6.951000000 3.633030221152e-01
6.952000000 3.662876666993e-01
6.953000000 3.689567582715e-01
6.954000000 3.712831089521e-01
6.955000000 3.732403981983e-01
6.956000000 3.748032963671e-01
6.957000000 3.759475841617e-01
6.958000000 3.766502674576e-01
6.959000000 3.768896870198e-01
6.960000000 3.766456226533e-01
6.961000000 3.758993913467e-01
6.962000000 3.746339390030e-01
6.963000000 3.728339253759e-01
6.964000000 3.704858018616e-01
6.965000000 3.675778818294e-01
6.966000000 3.641004032058e-01
6.967000000 3.600455830617e-01
6.968000000 3.554076639870e-01
6.969000000 3.501829520748e-01
6.970000000 3.443698463705e-01
6.971000000 3.379688596831e-01
6.972000000 3.309826306878e-01
6.973000000 3.234159272919e-01
6.974000000 3.152756412701e-01
6.975000000 3.065707742133e-01
6.976000000 2.973124148747e-01
6.977000000 2.875137080276e-01
6.978000000 2.771898149935e-01
6.979000000 2.663578660249e-01
6.980000000 2.550369047692e-01
6.981000000 2.432478250677e-01
6.982000000 2.310133003781e-01
6.983000000 2.183577061372e-01
6.984000000 2.053070354108e-01
6.985000000 1.918888082045e-01
6.986000000 1.781319748324e-01
6.987000000 1.640668137671e-01
6.988000000 1.497248244134e-01
6.989000000 1.351386152678e-01
6.990000000 1.203417879450e-01
6.991000000 1.053688175636e-01
6.992000000 9.025493000059e-02
6.993000000 7.503597653100e-02
6.994000000 5.974830637834e-02
6.995000000 4.442863770803e-02
6.996000000 2.911392759766e-02
6.997000000 1.384124152027e-02
6.998000000 -1.352377125683e-03
6.999000000 -1.643003690891e-02
7.000000000 -3.135512715645e-02
7.001000000 -4.609144512745e-02
7.002000000 -6.060332106432e-02
7.003000000 -7.485574062877e-02
7.004000000 -8.881446424512e-02
7.005000000 -1.024461428901e-01
7.006000000 -1.157184298873e-01
7.007000000 -1.286000882840e-01
7.008000000 -1.410610934131e-01
7.009000000 -1.530727302626e-01
7.010000000 -1.646076853045e-01
7.011000000 -1.756401324590e-01
7.012000000 -1.861458128994e-01
7.013000000 -1.961021084303e-01
7.014000000 -2.054881082040e-01
7.015000000 -2.142846685684e-01
7.016000000 -2.224744658725e-01
7.017000000 -2.300420420866e-01
7.018000000 -2.369738431268e-01
7.019000000 -2.432582498058e-01
7.020000000 -2.488856013642e-01
7.021000000 -2.538482115677e-01
7.022000000 -2.581403773903e-01
7.023000000 -2.617583803315e-01
7.024000000 -2.647004804494e-01
7.025000000 -2.669669032201e-01
7.026000000 -2.685598193635e-01
7.027000000 -2.694833178053e-01
7.028000000 -2.697433719700e-01
7.029000000 -2.693477996277e-01
7.030000000 -2.683062165413e-01
7.031000000 -2.666299841849e-01
7.032000000 -2.643321518240e-01
7.033000000 -2.614273932719e-01
7.034000000 -2.579319386507e-01
7.035000000 -2.538635015057e-01
7.036000000 -2.492412016346e-01
7.037000000 -2.440854840083e-01
7.038000000 -2.384180341676e-01
7.039000000 -2.322616904929e-01
7.040000000 -2.256403537491e-01
7.041000000 -2.185788943142e-01
7.042000000 -2.111030575016e-01
7.043000000 -2.032393673904e-01
7.044000000 -1.950150295732e-01
7.045000000 -1.864578332337e-01
7.046000000 -1.775960529552e-01
7.047000000 -1.684583506616e-01
7.048000000 -1.590736780799e-01
7.049000000 -1.494711801042e-01
7.050000000 -1.396800994317e-01
7.051000000 -1.297296828265e-01
7.052000000 -1.196490893516e-01
7.053000000 -1.094673008975e-01
7.054000000 -9.921303531422e-02
7.055000000 -8.891466243828e-02
7.056000000 -7.860012328585e-02
7.057000000 -6.829685266310e-02
7.058000000 -5.803170542393e-02
7.059000000 -4.783088658327e-02
7.060000000 -3.771988547213e-02
7.061000000 -2.772341409750e-02
7.062000000 -1.786534984739e-02
7.063000000 -8.168682657816e-03
7.064000000 1.344533264552e-03
7.065000000 1.065322309396e-02
7.066000000 1.973733036406e-02
7.067000000 2.857785124903e-02
7.068000000 3.715686414524e-02
7.069000000 4.545755457348e-02
7.070000000 5.346423544278e-02
7.071000000 6.116236273742e-02
7.072000000 6.853854670848e-02
7.073000000 7.558055866988e-02
7.074000000 8.227733351664e-02
7.075000000 8.861896809973e-02
7.076000000 9.459671560743e-02
7.077000000 1.002029761172e-01
7.078000000 1.054312834951e-01
7.079000000 1.102762888321e-01
7.080000000 1.147337406150e-01
7.081000000 1.188004618420e-01
7.082000000 1.224743242961e-01
7.083000000 1.257542202001e-01
7.084000000 1.286400314780e-01
7.085000000 1.311325968524e-01
7.086000000 1.332336770109e-01
7.087000000 1.349459180707e-01
7.088000000 1.362728135751e-01
7.089000000 1.372186652482e-01
7.090000000 1.377885427348e-01
7.091000000 1.379882425458e-01
7.092000000 1.378242464228e-01
7.093000000 1.373036793308e-01
7.094000000 1.364342672789e-01
7.095000000 1.352242951586e-01
7.096000000 1.336825647826e-01
7.097000000 1.318183532932e-01
7.098000000 1.296413721008e-01
7.099000000 1.271617264994e-01
7.100000000 1.243898760937e-01
7.101000000 1.213365961619e-01
7.102000000 1.180129400620e-01
7.103000000 1.144302027779e-01
7.104000000 1.105998856886e-01
7.105000000 1.065336626298e-01
7.106000000 1.022433473028e-01
7.107000000 9.774086207441e-02
7.108000000 9.303820819811e-02
7.109000000 8.814743747264e-02
7.110000000 8.308062534451e-02
7.111000000 7.784984544743e-02
7.112000000 7.246714556172e-02
7.113000000 6.694452496605e-02
7.114000000 6.129391314432e-02
7.115000000 5.552714980174e-02
7.116000000 4.965596613614e-02
7.117000000 4.369196730361e-02
7.118000000 3.764661601105e-02
7.119000000 3.153121716362e-02
7.120000000 2.535690349004e-02
7.121000000 1.913462206630e-02
7.122000000 1.287512165548e-02
7.123000000 6.588940780322e-03
7.124000000 2.863964452260e-04
7.125000000 -6.022426575352e-03
7.126000000 -1.232768596309e-02
7.127000000 -1.861979167506e-02
7.128000000 -2.488941543107e-02
7.129000000 -3.112749993948e-02
7.130000000 -3.732526792711e-02
7.131000000 -4.347423103244e-02
7.132000000 -4.956619861513e-02
7.133000000 -5.559328652735e-02
7.134000000 -6.154792588476e-02
7.135000000 -6.742287186670e-02
7.136000000 -7.321121256645e-02
7.137000000 -7.890637790363e-02
7.138000000 -8.450214860123e-02
7.139000000 -8.999266522095e-02
7.140000000 -9.537243724069e-02
7.141000000 -1.006363521489e-01
7.142000000 -1.057796845212e-01
7.143000000 -1.107981050358e-01
7.144000000 -1.156876893753e-01
7.145000000 -1.204449269543e-01
7.146000000 -1.250667294042e-01
7.147000000 -1.295504387400e-01
7.148000000 -1.338938351252e-01
7.149000000 -1.380951441484e-01
7.150000000 -1.421530435156e-01
7.151000000 -1.460666690625e-01
7.152000000 -1.498356199826e-01
7.153000000 -1.534599631691e-01
7.154000000 -1.569402365636e-01
7.155000000 -1.602774514051e-01
7.156000000 -1.634730932746e-01
7.157000000 -1.665291218282e-01
7.158000000 -1.694479691202e-01
7.159000000 -1.722325364148e-01
7.160000000 -1.748861893949e-01
7.161000000 -1.774127516794e-01
7.162000000 -1.798164965680e-01
7.163000000 -1.821021369411e-01
7.164000000 -1.842748132506e-01
7.165000000 -1.863400795457e-01
7.166000000 -1.883038874927e-01
7.167000000 -1.901725683540e-01
7.168000000 -1.919528129086e-01
7.169000000 -1.936516493049e-01
7.170000000 -1.952764188550e-01
7.171000000 -1.968347497891e-01
7.172000000 -1.983345290065e-01
7.173000000 -1.997838718737e-01
7.174000000 -2.011910901336e-01
7.175000000 -2.025646580083e-01
7.176000000 -2.039131765895e-01
7.177000000 -2.052453366299e-01
7.178000000 -2.065698798593e-01
7.179000000 -2.078955589693e-01
7.180000000 -2.092310964194e-01
7.181000000 -2.105851422344e-01
7.182000000 -2.119662309769e-01
7.183000000 -2.133827380870e-01
7.184000000 -2.148428357980e-01
7.185000000 -2.163544488429e-01
7.186000000 -2.179252101803e-01
7.187000000 -2.195624169730e-01
7.188000000 -2.212729870618e-01
7.189000000 -2.230634161840e-01
7.190000000 -2.249397361867e-01
7.191000000 -2.269074744922e-01
7.192000000 -2.289716150729e-01
7.193000000 -2.311365611912e-01
7.194000000 -2.334061001615e-01
7.195000000 -2.357833703853e-01
7.196000000 -2.382708309084e-01
7.197000000 -2.408702337380e-01
7.198000000 -2.435825991559e-01
7.199000000 -2.464081942468e-01
7.200000000 -2.493465148548e-01
7.201000000 -2.523962711656e-01
7.202000000 -2.555553770962e-01
7.203000000 -2.588209436602e-01
7.204000000 -2.621892764566e-01
7.205000000 -2.656558774136e-01
7.206000000 -2.692154508941e-01
7.207000000 -2.728619142535e-01
7.208000000 -2.765884129133e-01
7.209000000 -2.803873399924e-01
7.210000000 -2.842503605122e-01
7.211000000 -2.881684401678e-01
7.212000000 -2.921318786300e-01
7.213000000 -2.961303473169e-01
7.214000000 -3.001529315484e-01
7.215000000 -3.041881769667e-01
7.216000000 -3.082241400834e-01
7.217000000 -3.122484427823e-01
7.218000000 -3.162483305842e-01
7.219000000 -3.202107344517e-01
7.220000000 -3.241223358877e-01
7.221000000 -3.279696350543e-01
7.222000000 -3.317390216198e-01
7.223000000 -3.354168480132e-01
7.224000000 -3.389895047476e-01
7.225000000 -3.424434974542e-01
7.226000000 -3.457655252470e-01
7.227000000 -3.489425600259e-01
7.228000000 -3.519619263064e-01
7.229000000 -3.548113811552e-01
7.230000000 -3.574791937974e-01
7.231000000 -3.599542244525e-01
7.232000000 -3.622260019517e-01
7.233000000 -3.642847996827e-01
7.234000000 -3.661217094072e-01
7.235000000 -3.677287124977e-01
7.236000000 -3.690987481421e-01
7.237000000 -3.702257780724e-01
7.238000000 -3.711048473787e-01
7.239000000 -3.717321409857e-01
7.240000000 -3.721050353770e-01
7.241000000 -3.722221451724e-01
7.242000000 -3.720833641807e-01
7.243000000 -3.716899005706e-01
7.244000000 -3.710443058272e-01
7.245000000 -3.701504971870e-01
7.246000000 -3.690137732706e-01
7.247000000 -3.676408226648e-01
7.248000000 -3.660397252355e-01
7.249000000 -3.642199459878e-01
7.250000000 -3.621923213260e-01
7.251000000 -3.599690376000e-01
7.252000000 -3.575636018669e-01
7.253000000 -3.549908048336e-01
7.254000000 -3.522666759867e-01
7.255000000 -3.494084309601e-01
7.256000000 -3.464344112266e-01
7.257000000 -3.433640162501e-01
7.258000000 -3.402176282694e-01
7.259000000 -3.370165299325e-01
7.260000000 -3.337828150387e-01
7.261000000 -3.305392926899e-01
7.262000000 -3.273093851909e-01
7.263000000 -3.241170200786e-01
7.264000000 -3.209865166998e-01
7.265000000 -3.179424677924e-01
7.266000000 -3.150096165607e-01
7.267000000 -3.122127297695e-01
7.268000000 -3.095764674113e-01
7.269000000 -3.071252495324e-01
7.270000000 -3.048831208276e-01
7.271000000 -3.028736136384e-01
7.272000000 -3.011196100106e-01
7.273000000 -2.996432034853e-01
7.274000000 -2.984655613105e-01
7.275000000 -2.976067877756e-01
7.276000000 -2.970857893753e-01
7.277000000 -2.969201425178e-01
7.278000000 -2.971259644906e-01
7.279000000 -2.977177883972e-01
7.280000000 -2.987084427705e-01
7.281000000 -3.001089365600e-01
7.282000000 -3.019283501748e-01
7.283000000 -3.041737332516e-01
7.284000000 -3.068500097897e-01
7.285000000 -3.099598912786e-01
7.286000000 -3.135037984082e-01
7.287000000 -3.174797919279e-01
7.288000000 -3.218835131798e-01
7.289000000 -3.267081347994e-01
7.290000000 -3.319443220312e-01
7.291000000 -3.375802050680e-01
7.292000000 -3.436013627721e-01
7.293000000 -3.499908180916e-01
7.294000000 -3.567290454300e-01
7.295000000 -3.637939901788e-01
7.296000000 -3.711611005624e-01
7.297000000 -3.788033718934e-01
7.298000000 -3.866914032750e-01
7.299000000 -3.947934667285e-01
7.300000000 -4.030755886658e-01
7.301000000 -4.115016435661e-01
7.302000000 -4.200334596535e-01
7.303000000 -4.286309363148e-01
7.304000000 -4.372521729355e-01
7.305000000 -4.458536087720e-01
7.306000000 -4.543901734211e-01
7.307000000 -4.628154473910e-01
7.308000000 -4.710818322205e-01
7.309000000 -4.791407295430e-01
7.310000000 -4.869427284374e-01
7.311000000 -4.944378003613e-01
7.312000000 -5.015755009146e-01
7.313000000 -5.083051776393e-01
7.314000000 -5.145761830200e-01
7.315000000 -5.203380918146e-01
7.316000000 -5.255409218111e-01
7.317000000 -5.301353570767e-01
7.318000000 -5.340729727419e-01
7.319000000 -5.373064603410e-01
7.320000000 -5.397898527121e-01
7.321000000 -5.414787474516e-01
7.322000000 -5.423305279072e-01
7.323000000 -5.423045806927e-01
7.324000000 -5.413625087090e-01
7.325000000 -5.394683386636e-01
7.326000000 -5.365887220914e-01
7.327000000 -5.326931288955e-01
7.328000000 -5.277540324501e-01
7.329000000 -5.217470853307e-01
7.330000000 -5.146512847692e-01
7.331000000 -5.064491269643e-01
7.332000000 -4.971267494191e-01
7.333000000 -4.866740605202e-01
7.334000000 -4.750848556198e-01
7.335000000 -4.623569189336e-01
7.336000000 -4.484921106250e-01
7.337000000 -4.334964384994e-01
7.338000000 -4.173801138009e-01
7.339000000 -4.001575906618e-01
7.340000000 -3.818475888272e-01
7.341000000 -3.624730993444e-01
7.342000000 -3.420613729802e-01
7.343000000 -3.206438911997e-01
7.344000000 -2.982563196190e-01
7.345000000 -2.749384439169e-01
7.346000000 -2.507340882691e-01
7.347000000 -2.256910164431e-01
7.348000000 -1.998608157741e-01
7.349000000 -1.732987643110e-01
7.350000000 -1.460636815054e-01
7.351000000 -1.182177628855e-01
7.352000000 -8.982639923428e-02
7.353000000 -6.095798085961e-02
7.354000000 -3.168368761599e-02
7.355000000 -2.077265403853e-03
7.356000000 2.778521006373e-02
7.357000000 5.782558137525e-02
7.358000000 8.796386850657e-02
7.359000000 1.181185379149e-01
7.360000000 1.482067806272e-01
7.361000000 1.781447982626e-01
7.362000000 2.078480958885e-01
7.363000000 2.372317805705e-01
7.364000000 2.662108644460e-01
7.365000000 2.947005711238e-01
7.366000000 3.226166441889e-01
7.367000000 3.498756565762e-01
7.368000000 3.763953195647e-01
7.369000000 4.020947901370e-01
7.370000000 4.268949754506e-01
7.371000000 4.507188331699e-01
7.372000000 4.734916664192e-01
7.373000000 4.951414121342e-01
7.374000000 5.155989216091e-01
7.375000000 5.347982320627e-01
7.376000000 5.526768280820e-01
7.377000000 5.691758918346e-01
7.378000000 5.842405409860e-01
7.379000000 5.978200533044e-01
7.380000000 6.098680769850e-01
7.381000000 6.203428257841e-01
7.382000000 6.292072581112e-01
7.383000000 6.364292392913e-01
7.384000000 6.419816862775e-01
7.385000000 6.458426941645e-01
7.386000000 6.479956439248e-01
7.387000000 6.484292908691e-01
7.388000000 6.471378334087e-01
7.389000000 6.441209617768e-01
7.390000000 6.393838864510e-01
7.391000000 6.329373460996e-01
7.392000000 6.247975949586e-01
7.393000000 6.149863696337e-01
7.394000000 6.035308354008e-01
7.395000000 5.904635121693e-01
7.396000000 5.758221803514e-01
7.397000000 5.596497669644e-01
7.398000000 5.419942123769e-01
7.399000000 5.229083181856e-01
7.400000000 5.024495767892e-01
7.401000000 4.806799833011e-01
7.402000000 4.576658305136e-01
7.403000000 4.334774876966e-01
7.404000000 4.081891640790e-01
7.405000000 3.818786579236e-01
7.406000000 3.546270921647e-01
7.407000000 3.265186376308e-01
7.408000000 2.976402249254e-01
7.409000000 2.680812460833e-01
7.410000000 2.379332471605e-01
7.411000000 2.072896129505e-01
7.412000000 1.762452450502e-01
7.413000000 1.448962345241e-01
7.414000000 1.133395304327e-01
7.415000000 8.167260550936e-02
7.416000000 4.999312027365e-02
7.417000000 1.839858687656e-02
7.418000000 -1.301396603160e-02
7.419000000 -4.414832612666e-02
7.420000000 -7.490942665832e-02
7.421000000 -1.052036708677e-01
7.422000000 -1.349392503452e-01
7.423000000 -1.640264561291e-01
7.424000000 -1.923779813752e-01
7.425000000 -2.199092144719e-01
7.426000000 -2.465385215112e-01
7.427000000 -2.721875170782e-01
7.428000000 -2.967813223698e-01
7.429000000 -3.202488097108e-01
7.430000000 -3.425228325908e-01
7.431000000 -3.635404404119e-01
7.432000000 -3.832430771966e-01
7.433000000 -4.015767635790e-01
7.434000000 -4.184922614667e-01
7.435000000 -4.339452208377e-01
7.436000000 -4.478963082079e-01
7.437000000 -4.603113163810e-01
7.438000000 -4.711612551692e-01
7.439000000 -4.804224228505e-01
7.440000000 -4.880764582052e-01
7.441000000 -4.941103730541e-01
7.442000000 -4.985143423765e-01
7.443000000 -5.012838723006e-01
7.444000000 -5.024220859147e-01
7.445000000 -5.019375007445e-01
7.446000000 -4.998439639758e-01
7.447000000 -4.961605686209e-01
7.448000000 -4.909115510862e-01
7.449000000 -4.841261706732e-01
7.450000000 -4.758385716102e-01
7.451000000 -4.660876282801e-01
7.452000000 -4.549167743695e-01
7.453000000 -4.423738167222e-01
7.454000000 -4.285107347368e-01
7.455000000 -4.133834661961e-01
7.456000000 -3.970516804614e-01
7.457000000 -3.795785400104e-01
7.458000000 -3.610304513291e-01
7.459000000 -3.414768062048e-01
7.460000000 -3.209897144933e-01
7.461000000 -2.996437294554e-01
7.462000000 -2.775155667794e-01
7.463000000 -2.546838184141e-01
7.464000000 -2.312286623512e-01
7.465000000 -2.072315694957e-01
7.466000000 -1.827750087621e-01
7.467000000 -1.579421515305e-01
7.468000000 -1.328165765840e-01
7.469000000 -1.074819766343e-01
7.470000000 -8.202186752483e-02
7.471000000 -5.651930117354e-02
7.472000000 -3.105658329401e-02
7.473000000 -5.714996898481e-03
7.474000000 1.942546744684e-02
7.475000000 4.428637368323e-02
7.476000000 6.879109374888e-02
7.477000000 9.286505165216e-02
7.478000000 1.164359573329e-01
7.479000000 1.394340295656e-01
7.480000000 1.617922072129e-01
7.481000000 1.834463481888e-01
7.482000000 2.043354155519e-01
7.483000000 2.244016502049e-01
7.484000000 2.435907297334e-01
7.485000000 2.618519129825e-01
7.486000000 2.791381700253e-01
7.487000000 2.954062972418e-01
7.488000000 3.106170172858e-01
7.489000000 3.247350637818e-01
7.490000000 3.377292506496e-01
7.491000000 3.495725260195e-01
7.492000000 3.602420107578e-01
7.493000000 3.697190216797e-01
7.494000000 3.779890795854e-01
7.495000000 3.850419023093e-01
7.496000000 3.908713830260e-01
7.497000000 3.954755541082e-01
7.498000000 3.988565368814e-01
7.499000000 4.010204776665e-01
7.500000000 4.019774705485e-01
7.501000000 4.017414673489e-01
7.502000000 4.003301753200e-01
7.503000000 3.977649431174e-01
7.504000000 3.940706356400e-01
7.505000000 3.892754983557e-01
7.506000000 3.834110117636e-01
7.507000000 3.765117366640e-01
7.508000000 3.686151509323e-01
7.509000000 3.597614785103e-01
7.510000000 3.499935113449e-01
7.511000000 3.393564250162e-01
7.512000000 3.278975888082e-01
7.513000000 3.156663709792e-01
7.514000000 3.027139399962e-01
7.515000000 2.890930624944e-01
7.516000000 2.748578987262e-01
7.517000000 2.600637962525e-01
7.518000000 2.447670826286e-01
7.519000000 2.290248578220e-01
7.520000000 2.128947870902e-01
7.521000000 1.964348950290e-01
7.522000000 1.797033614878e-01
7.523000000 1.627583200283e-01
7.524000000 1.456576595792e-01
7.525000000 1.284588299230e-01
7.526000000 1.112186516194e-01
7.527000000 9.399313094891e-02
7.528000000 7.683728043004e-02
7.529000000 5.980494543651e-02
7.530000000 4.294863740905e-02
7.531000000 2.631937412712e-02
7.532000000 9.966527473419e-03
7.533000000 -6.062320908450e-03
7.534000000 -2.172151569582e-02
7.535000000 -3.696745537447e-02
7.536000000 -5.175871083195e-02
7.537000000 -6.605613479108e-02
7.538000000 -7.982296185207e-02
7.539000000 -9.302489894616e-02
7.540000000 -1.056302060377e-01
7.541000000 -1.176097669452e-01
7.542000000 -1.289371501870e-01
7.543000000 -1.395886597874e-01
7.544000000 -1.495433760155e-01
7.545000000 -1.587831860587e-01
7.546000000 -1.672928046645e-01
7.547000000 -1.750597848175e-01
7.548000000 -1.820745185435e-01
7.549000000 -1.883302279692e-01
7.550000000 -1.938229467860e-01
7.551000000 -1.985514923016e-01
7.552000000 -2.025174282838e-01
7.553000000 -2.057250188290e-01
7.554000000 -2.081811735126e-01
7.555000000 -2.098953840999e-01
7.556000000 -2.108796531213e-01
7.557000000 -2.111484146319e-01
7.558000000 -2.107184475026e-01
7.559000000 -2.096087815999e-01
7.560000000 -2.078405972384e-01
7.561000000 -2.054371182983e-01
7.562000000 -2.024234994203e-01
7.563000000 -1.988267077041e-01
7.564000000 -1.946753993452e-01
7.565000000 -1.899997916632e-01
7.566000000 -1.848315309779e-01
7.567000000 -1.792035568039e-01
7.568000000 -1.731499628395e-01
7.569000000 -1.667058552331e-01
7.570000000 -1.599072086159e-01
7.571000000 -1.527907203926e-01
7.572000000 -1.453936637864e-01
7.573000000 -1.377537401346e-01
7.574000000 -1.299089309315e-01
7.575000000 -1.218973501164e-01
7.576000000 -1.137570970988e-01
7.577000000 -1.055261110123e-01
7.578000000 -9.724202668257e-02
7.579000000 -8.894203278848e-02
7.580000000 -8.066273268984e-02
7.581000000 -7.244000838395e-02
7.582000000 -6.430888804553e-02
7.583000000 -5.630341759240e-02
7.584000000 -4.845653670712e-02
7.585000000 -4.079995973110e-02
7.586000000 -3.336406183281e-02
7.587000000 -2.617777083562e-02
7.588000000 -1.926846507344e-02
7.589000000 -1.266187762370e-02
7.590000000 -6.382007247774e-03
7.591000000 -4.510363477048e-04
7.592000000 5.110743773491e-03
7.593000000 1.028500008401e-02
7.594000000 1.505541718789e-02
7.595000000 1.940774866734e-02
7.596000000 2.332986021373e-02
7.597000000 2.681176438564e-02
7.598000000 2.984564685955e-02
7.599000000 3.242588406786e-02
7.600000000 3.454905214777e-02
7.601000000 3.621392715461e-02
7.602000000 3.742147652358e-02
7.603000000 3.817484179487e-02
7.604000000 3.847931264814e-02
7.605000000 3.834229232410e-02
7.606000000 3.777325454245e-02
7.607000000 3.678369205745e-02
7.608000000 3.538705702376e-02
7.609000000 3.359869337710e-02
7.610000000 3.143576146537e-02
7.611000000 2.891715519679e-02
7.612000000 2.606341200201e-02
7.613000000 2.289661593695e-02
7.614000000 1.944029428183e-02
7.615000000 1.571930802029e-02
7.616000000 1.175973660897e-02
7.617000000 7.588757474377e-03
7.618000000 3.234520697895e-03
7.619000000 -1.273980626705e-03
7.620000000 -5.907043857552e-03
7.621000000 -1.063439356496e-02
7.622000000 -1.542532104385e-02
7.623000000 -2.024882601820e-02
7.624000000 -2.507375996316e-02
7.625000000 -2.986897045825e-02
7.626000000 -3.460344597538e-02
7.627000000 -3.924646049750e-02
7.628000000 -4.376771735854e-02
7.629000000 -4.813749169261e-02
7.630000000 -5.232677087991e-02
7.631000000 -5.630739237920e-02
7.632000000 -6.005217834136e-02
7.633000000 -6.353506640631e-02
7.634000000 -6.673123609535e-02
7.635000000 -6.961723022406e-02
7.636000000 -7.217107077617e-02
7.637000000 -7.437236869677e-02
7.638000000 -7.620242708424e-02
7.639000000 -7.764433728299e-02
7.640000000 -7.868306740533e-02
7.641000000 -7.930554283836e-02
7.642000000 -7.950071832285e-02
7.643000000 -7.925964122319e-02
7.644000000 -7.857550564273e-02
7.645000000 -7.744369707553e-02
7.646000000 -7.586182732425e-02
7.647000000 -7.382975945429e-02
7.648000000 -7.134962259651e-02
7.649000000 -6.842581645387e-02
7.650000000 -6.506500541240e-02
7.651000000 -6.127610220214e-02
7.652000000 -5.707024110030e-02
7.653000000 -5.246074071609e-02
7.654000000 -4.746305644395e-02
7.655000000 -4.209472271963e-02
7.656000000 -3.637528526145e-02
7.657000000 -3.032622352593e-02
7.658000000 -2.397086365454e-02
7.659000000 -1.733428223390e-02
7.660000000 -1.044320123736e-02
7.661000000 -3.325874559713e-03
7.662000000 3.988033400442e-03
7.663000000 1.146757661521e-02
7.664000000 1.908066322427e-02
7.665000000 2.679419768232e-02
7.666000000 3.457422865066e-02
7.667000000 4.238610199417e-02
7.668000000 5.019461821510e-02
7.669000000 5.796419362841e-02
7.670000000 6.565902455952e-02
7.671000000 7.324325382473e-02
7.672000000 8.068113873709e-02
7.673000000 8.793721986654e-02
7.674000000 9.497648977301e-02
7.675000000 1.017645609239e-01
7.676000000 1.082678320050e-01
7.677000000 1.144536518331e-01
7.678000000 1.202904800857e-01
7.679000000 1.257480440683e-01
7.680000000 1.307974907542e-01
7.681000000 1.354115333465e-01
7.682000000 1.395645916326e-01
7.683000000 1.432329254234e-01
7.684000000 1.463947603986e-01
7.685000000 1.490304057070e-01
7.686000000 1.511223627081e-01
7.687000000 1.526554242764e-01
7.688000000 1.536167641296e-01
7.689000000 1.539960156877e-01
7.690000000 1.537853400142e-01
7.691000000 1.529794824394e-01
7.692000000 1.515758175179e-01
7.693000000 1.495743820242e-01
7.694000000 1.469778957467e-01
7.695000000 1.437917698962e-01
7.696000000 1.400241030024e-01
7.697000000 1.356856642337e-01
7.698000000 1.307898641310e-01
7.699000000 1.253527128112e-01
7.700000000 1.193927657536e-01
7.701000000 1.129310573438e-01
7.702000000 1.059910224098e-01
7.703000000 9.859840604388e-02
7.704000000 9.078116206357e-02
7.705000000 8.256934051925e-02
7.706000000 7.399496471410e-02
7.707000000 6.509189825391e-02
7.708000000 5.589570269605e-02
7.709000000 4.644348641565e-02
7.710000000 3.677374535307e-02
7.711000000 2.692619634991e-02
7.712000000 1.694160382061e-02
7.713000000 6.861600543232e-03
7.714000000 -3.271496614150e-03
7.715000000 -1.341487518623e-02
7.716000000 -2.352541895195e-02
7.717000000 -3.355990223352e-02
7.718000000 -4.347518574526e-02
7.719000000 -5.322841307238e-02
7.720000000 -6.277720685201e-02
7.721000000 -7.207986372575e-02
7.722000000 -8.109554713451e-02
7.723000000 -8.978447703220e-02
7.724000000 -9.810811560561e-02
7.725000000 -1.060293481032e-01
7.726000000 -1.135126578944e-01
7.727000000 -1.205242949069e-01
7.728000000 -1.270324366152e-01
7.729000000 -1.330073407887e-01
7.730000000 -1.384214892443e-01
7.731000000 -1.432497218860e-01
7.732000000 -1.474693603634e-01
7.733000000 -1.510603207234e-01
7.734000000 -1.540052144854e-01
7.735000000 -1.562894376201e-01
7.736000000 -1.579012469727e-01
7.737000000 -1.588318237275e-01
7.738000000 -1.590753235739e-01
7.739000000 -1.586289132985e-01
7.740000000 -1.574927935891e-01
7.741000000 -1.556702079079e-01
7.742000000 -1.531674373529e-01
7.743000000 -1.499937814992e-01
7.744000000 -1.461615252756e-01
7.745000000 -1.416858920029e-01
7.746000000 -1.365849827861e-01
7.747000000 -1.308797025190e-01
7.748000000 -1.245936728268e-01
7.749000000 -1.177531323337e-01
7.750000000 -1.103868247080e-01
7.751000000 -1.025258749934e-01
7.752000000 -9.420365479530e-02
7.753000000 -8.545563694619e-02
7.754000000 -7.631924032296e-02
7.755000000 -6.683366554105e-02
7.756000000 -5.703972229296e-02
7.757000000 -4.697964914074e-02
7.758000000 -3.669692660930e-02
7.759000000 -2.623608446016e-02
7.760000000 -1.564250405397e-02
7.761000000 -4.962216734515e-03
7.762000000 5.758300813921e-03
7.763000000 1.647233326882e-02
7.764000000 2.713313445466e-02
7.765000000 3.769413522915e-02
7.766000000 4.810915048841e-02
7.767000000 5.833258431368e-02
7.768000000 6.831963229189e-02
7.769000000 7.802648005654e-02
7.770000000 8.741049711497e-02
7.771000000 9.643042505128e-02
7.772000000 1.050465592233e-01
7.773000000 1.132209231041e-01
7.774000000 1.209174344555e-01
7.775000000 1.281020625631e-01
7.776000000 1.347429758052e-01
7.777000000 1.408106788782e-01
7.778000000 1.462781390517e-01
7.779000000 1.511209008814e-01
7.780000000 1.553171888663e-01
7.781000000 1.588479975946e-01
7.782000000 1.616971689876e-01
7.783000000 1.638514563126e-01
7.784000000 1.653005747020e-01
7.785000000 1.660372379837e-01
7.786000000 1.660571816927e-01
7.787000000 1.653591722042e-01
7.788000000 1.639450019955e-01
7.789000000 1.618194711116e-01
7.790000000 1.589903549774e-01
7.791000000 1.554683587646e-01
7.792000000 1.512670585875e-01
7.793000000 1.464028298654e-01
7.794000000 1.408947632487e-01
7.795000000 1.347645685688e-01
7.796000000 1.280364673249e-01
7.797000000 1.207370742771e-01
7.798000000 1.128952687655e-01
7.799000000 1.045420564213e-01
7.800000000 9.571042198213e-02
7.801000000 8.643517396193e-02
7.802000000 7.675278196218e-02
7.803000000 6.670120744466e-02
7.804000000 5.631972881173e-02
7.805000000 4.564876166474e-02
7.806000000 3.472967512902e-02
7.807000000 2.360460514872e-02
7.808000000 1.231626566357e-02
7.809000000 9.077585848973e-04
7.810000000 -1.057761651212e-02
7.811000000 -2.209655206723e-02
7.812000000 -3.360592068171e-02
7.813000000 -4.506296084323e-02
7.814000000 -5.642545935772e-02
7.815000000 -6.765192963948e-02
7.816000000 -7.870178503776e-02
7.817000000 -8.953550640850e-02
7.818000000 -1.001148031750e-01
7.819000000 -1.104027671594e-01
7.820000000 -1.203640185082e-01
7.821000000 -1.299648430808e-01
7.822000000 -1.391733207174e-01
7.823000000 -1.479594438522e-01
7.824000000 -1.562952259935e-01
7.825000000 -1.641547996430e-01
7.826000000 -1.715145032877e-01
7.827000000 -1.783529571524e-01
7.828000000 -1.846511274635e-01
7.829000000 -1.903923790310e-01
7.830000000 -1.955625160205e-01
7.831000000 -2.001498108444e-01
7.832000000 -2.041450211641e-01
7.833000000 -2.075413950551e-01
7.834000000 -2.103346644451e-01
7.835000000 -2.125230269955e-01
7.836000000 -2.141071166510e-01
7.837000000 -2.150899631416e-01
7.838000000 -2.154769407680e-01
7.839000000 -2.152757068599e-01
7.840000000 -2.144961303400e-01
7.841000000 -2.131502108734e-01
7.842000000 -2.112519891272e-01
7.843000000 -2.088174487016e-01
7.844000000 -2.058644103330e-01
7.845000000 -2.024124190001e-01
7.846000000 -1.984826245953e-01
7.847000000 -1.940976568465e-01
7.848000000 -1.892814951997e-01
7.849000000 -1.840593343853e-01
7.850000000 -1.784574464103e-01
7.851000000 -1.725030397221e-01
7.852000000 -1.662241162999e-01
7.853000000 -1.596493274281e-01
7.854000000 -1.528078289042e-01
7.855000000 -1.457291364268e-01
7.856000000 -1.384429818995e-01
7.857000000 -1.309791713702e-01
7.858000000 -1.233674453087e-01
7.859000000 -1.156373419036e-01
7.860000000 -1.078180640335e-01
7.861000000 -9.993835053938e-02
7.862000000 -9.202635239470e-02
7.863000000 -8.410951433358e-02
7.864000000 -7.621446246214e-02
7.865000000 -6.836689833782e-02
7.866000000 -6.059149996036e-02
7.867000000 -5.291183007472e-02
7.868000000 -4.535025214103e-02
7.869000000 -3.792785428047e-02
7.870000000 -3.066438145826e-02
7.871000000 -2.357817611669e-02
7.872000000 -1.668612742212e-02
7.873000000 -1.000362924092e-02
7.874000000 -3.544546909631e-03
7.875000000 2.678807183578e-03
7.876000000 8.655689238216e-03
7.877000000 1.437693098055e-02
7.878000000 1.983493802838e-02
7.879000000 2.502367985236e-02
7.880000000 2.993867154865e-02
7.881000000 3.457694767914e-02
7.882000000 3.893702847581e-02
7.883000000 4.301887874315e-02
7.884000000 4.682385982797e-02
7.885000000 5.035467505871e-02
7.886000000 5.361530908632e-02
7.887000000 5.661096158606e-02
7.888000000 5.934797580369e-02
7.889000000 6.183376245082e-02
7.890000000 6.407671947201e-02
7.891000000 6.608614822128e-02
7.892000000 6.787216659689e-02
7.893000000 6.944561969171e-02
7.894000000 7.081798852151e-02
7.895000000 7.200129739497e-02
7.896000000 7.300802048768e-02
7.897000000 7.385098817787e-02
7.898000000 7.454329369327e-02
7.899000000 7.509820060797e-02
7.900000000 7.552905171387e-02
7.901000000 7.584917977488e-02
7.902000000 7.607182065232e-02
7.903000000 7.621002926828e-02
7.904000000 7.627659884897e-02
7.905000000 7.628398386383e-02
7.906000000 7.624422704729e-02
7.907000000 7.616889085975e-02
7.908000000 7.606899371204e-02
7.909000000 7.595495124443e-02
7.910000000 7.583652291592e-02
7.911000000 7.572276412439e-02
7.912000000 7.562198404119e-02
7.913000000 7.554170930680e-02
7.914000000 7.548865369679e-02
7.915000000 7.546869382985e-02
7.916000000 7.548685095191e-02
7.917000000 7.554727879378e-02
7.918000000 7.565325746281e-02
7.919000000 7.580719329365e-02
7.920000000 7.601062454795e-02
7.921000000 7.626423281983e-02
7.922000000 7.656785997107e-02
7.923000000 7.692053038949e-02
7.924000000 7.732047833495e-02
7.925000000 7.776518010998e-02
7.926000000 7.825139076671e-02
7.927000000 7.877518503895e-02
7.928000000 7.933200216683e-02
7.929000000 7.991669426292e-02
7.930000000 8.052357785263e-02
7.931000000 8.114648820756e-02
7.932000000 8.177883607926e-02
7.933000000 8.241366643210e-02
7.934000000 8.304371876772e-02
7.935000000 8.366148862969e-02
7.936000000 8.425928987610e-02
7.937000000 8.482931730916e-02
7.938000000 8.536370925450e-02
7.939000000 8.585460968977e-02
7.940000000 8.629422953003e-02
7.941000000 8.667490668920e-02
7.942000000 8.698916454916e-02
7.943000000 8.722976848403e-02
7.944000000 8.738978010374e-02
7.945000000 8.746260890023e-02
7.946000000 8.744206100036e-02
7.947000000 8.732238475151e-02
7.948000000 8.709831288973e-02
7.949000000 8.676510106484e-02
7.950000000 8.631856252294e-02
7.951000000 8.575509877325e-02
7.952000000 8.507172609396e-02
7.953000000 8.426609775936e-02
7.954000000 8.333652189904e-02
7.955000000 8.228197492850e-02
7.956000000 8.110211051867e-02
7.957000000 7.979726410047e-02
7.958000000 7.836845292821e-02
7.959000000 7.681737175330e-02
7.960000000 7.514638418623e-02
7.961000000 7.335850985085e-02
7.962000000 7.145740745993e-02
7.963000000 6.944735396459e-02
7.964000000 6.733321995290e-02
7.965000000 6.512044149411e-02
7.966000000 6.281498864450e-02
7.967000000 6.042333084902e-02
7.968000000 5.795239948932e-02
7.969000000 5.540954784327e-02
7.970000000 5.280250873384e-02
7.971000000 5.013935015636e-02
7.972000000 4.742842918186e-02
7.973000000 4.467834444122e-02
7.974000000 4.189788750019e-02
7.975000000 3.909599343792e-02
7.976000000 3.628169094309e-02
7.977000000 3.346405224054e-02
7.978000000 3.065214315875e-02
7.979000000 2.785497364339e-02
7.980000000 2.508144901610e-02
7.981000000 2.234032226889e-02
7.982000000 1.964014767479e-02
7.983000000 1.698923598368e-02
7.984000000 1.439561145894e-02
7.985000000 1.186697099629e-02
7.986000000 9.410645549927e-03
7.987000000 7.033564074329e-03
7.988000000 4.742220171729e-03
7.989000000 2.542641616269e-03
7.990000000 4.403629059246e-04
7.991000000 -1.559599027310e-03
7.992000000 -3.452765839591e-03
7.993000000 -5.235215441913e-03
7.994000000 -6.903596245255e-03
7.995000000 -8.455137940042e-03
7.996000000 -9.887658787708e-03
7.997000000 -1.119956942386e-02
7.998000000 -1.238987319402e-02
7.999000000 -1.345816306408e-02
8.000000000 -1.440461516782e-02
8.001000000 -1.522997907420e-02
8.002000000 -1.593556487558e-02
8.003000000 -1.652322721685e-02
8.004000000 -1.699534640207e-02
8.005000000 -1.735480673186e-02
8.006000000 -1.760497223934e-02
8.007000000 -1.774966000623e-02
8.008000000 -1.779311125333e-02
8.009000000 -1.773996041027e-02
8.010000000 -1.759520237920e-02
8.011000000 -1.736415821520e-02
8.012000000 -1.705243945276e-02
8.013000000 -1.666591131280e-02
8.014000000 -1.621065502826e-02
8.015000000 -1.569292952834e-02
8.016000000 -1.511913272193e-02
8.017000000 -1.449576261994e-02
8.018000000 -1.382937853339e-02
8.019000000 -1.312656258078e-02
8.020000000 -1.239388173225e-02
8.021000000 -1.163785061201e-02
8.022000000 -1.086489527209e-02
8.023000000 -1.008131814165e-02
8.024000000 -9.293264345369e-03
8.025000000 -8.506689573594e-03
8.026000000 -7.727329673976e-03
8.027000000 -6.960672121585e-03
8.028000000 -6.211929510174e-03
8.029000000 -5.486015192665e-03
8.030000000 -4.787521183605e-03
8.031000000 -4.120698420565e-03
8.032000000 -3.489439465313e-03
8.033000000 -2.897263709152e-03
8.034000000 -2.347305130260e-03
8.035000000 -1.842302634238e-03
8.036000000 -1.384592992489e-03
8.037000000 -9.761063766671e-04
8.038000000 -6.183644712467e-04
8.039000000 -3.124811305143e-04
8.040000000 -5.916553092474e-05
8.041000000 1.412722450130e-04
8.042000000 2.889132713135e-04
8.043000000 3.842195789894e-04
8.044000000 4.280217985095e-04
8.045000000 4.215047601298e-04
8.046000000 3.661911788563e-04
8.047000000 2.639235607089e-04
8.048000000 1.168444758315e-04
8.049000000 -7.262464819128e-05
8.050000000 -3.018060527333e-04
8.051000000 -5.677893285743e-04
8.052000000 -8.674560802777e-04
8.053000000 -1.197505401090e-03
8.054000000 -1.554479982818e-03
8.055000000 -1.934792684147e-03
8.056000000 -2.334753381046e-03
8.057000000 -2.750595924166e-03
8.058000000 -3.178505030522e-03
8.059000000 -3.614642940223e-03
8.060000000 -4.055175673432e-03
8.061000000 -4.496298728257e-03
8.062000000 -4.934262066604e-03
8.063000000 -5.365394242304e-03
8.064000000 -5.786125533914e-03
8.065000000 -6.193009953377e-03
8.066000000 -6.582746011261e-03
8.067000000 -6.952196129385e-03
8.068000000 -7.298404602293e-03
8.069000000 -7.618614020119e-03
8.070000000 -7.910280076877e-03
8.071000000 -8.171084699938e-03
8.072000000 -8.398947448483e-03
8.073000000 -8.592035140787e-03
8.074000000 -8.748769682366e-03
8.075000000 -8.867834079163e-03
8.076000000 -8.948176631943e-03
8.077000000 -8.989013319932e-03
8.078000000 -8.989828393293e-03
8.079000000 -8.950373205298e-03
8.080000000 -8.870663325895e-03
8.081000000 -8.750973988750e-03
8.082000000 -8.591833933720e-03
8.083000000 -8.394017715998e-03
8.084000000 -8.158536561793e-03
8.085000000 -7.886627858441e-03
8.086000000 -7.579743374040e-03
8.087000000 -7.239536308247e-03
8.088000000 -6.867847281583e-03
8.089000000 -6.466689375504e-03
8.090000000 -6.038232339576e-03
8.091000000 -5.584786085353e-03
8.092000000 -5.108783588946e-03
8.093000000 -4.612763325823e-03
8.094000000 -4.099351362082e-03
8.095000000 -3.571243226343e-03
8.096000000 -3.031185685406e-03
8.097000000 -2.481958545140e-03
8.098000000 -1.926356595504e-03
8.099000000 -1.367171815377e-03
8.100000000 -8.071759488908e-04
8.101000000 -2.491035603255e-04
8.102000000 3.043643306138e-04
8.103000000 8.506159371847e-04
8.104000000 1.387123628056e-03
8.105000000 1.911458001074e-03
8.106000000 2.421301032870e-03
8.107000000 2.914458236468e-03
8.108000000 3.388869767028e-03
8.109000000 3.842620424017e-03
8.110000000 4.273948506539e-03
8.111000000 4.681253487043e-03
8.112000000 5.063102477257e-03
8.113000000 5.418235468769e-03
8.114000000 5.745569339269e-03
8.115000000 6.044200623904e-03
8.116000000 6.313407059513e-03
8.117000000 6.552647917593e-03
8.118000000 6.761563149666e-03
8.119000000 6.939971376251e-03
8.120000000 7.087866757783e-03
8.121000000 7.205414792597e-03
8.122000000 7.292947093425e-03
8.123000000 7.350955199671e-03
8.124000000 7.380083488133e-03
8.125000000 7.381121249610e-03
8.126000000 7.354994003119e-03
8.127000000 7.302754123145e-03
8.128000000 7.225570858441e-03
8.129000000 7.124719823398e-03
8.130000000 7.001572044943e-03
8.131000000 6.857582649170e-03
8.132000000 6.694279272654e-03
8.133000000 6.513250283478e-03
8.134000000 6.316132896508e-03
8.135000000 6.104601266420e-03
8.136000000 5.880354640341e-03
8.137000000 5.645105649855e-03
8.138000000 5.400568819453e-03
8.139000000 5.148449365387e-03
8.140000000 4.890432355297e-03
8.141000000 4.628172295021e-03
8.142000000 4.363283204573e-03
8.143000000 4.097329240605e-03
8.144000000 3.831815917622e-03
8.145000000 3.568181974947e-03
8.146000000 3.307791930932e-03
8.147000000 3.051929360220e-03
8.148000000 2.801790924052e-03
8.149000000 2.558481177697e-03
8.150000000 2.323008173142e-03
8.151000000 2.096279869161e-03
8.152000000 1.879101355015e-03
8.153000000 1.672172888124e-03
8.154000000 1.476088740321e-03
8.155000000 1.291336841714e-03
8.156000000 1.118299205769e-03
8.157000000 9.572531140410e-04
8.158000000 8.083730340609e-04
8.159000000 6.717332392235e-04
8.160000000 5.473110952111e-04
8.161000000 4.349909734647e-04
8.162000000 3.345687485842e-04
8.163000000 2.457568332657e-04
8.164000000 1.681897015066e-04
8.165000000 1.014298483340e-04
8.166000000 4.497413224831e-05
8.167000000 -1.739555068052e-06
8.168000000 -3.932534844988e-05
8.169000000 -6.844225582818e-05
8.170000000 -8.978684953839e-05
8.171000000 -1.040858601733e-04
8.172000000 -1.120887303525e-04
8.173000000 -1.145601849457e-04
8.174000000 -1.122728730659e-04
8.175000000 -1.060001355655e-04
8.176000000 -9.650894983902e-05
8.177000000 -8.455310147193e-05
8.178000000 -7.086662971617e-05
8.179000000 -5.615759092535e-05
8.180000000 -4.110218098071e-05
8.181000000 -2.633925441004e-05
8.182000000 -1.246527436763e-05
8.183000000 -2.972393741767e-08
8.184000000 1.046899462784e-05
8.185000000 1.858715008540e-05
8.186000000 2.393874320337e-05
8.187000000 2.619802409360e-05
8.188000000 2.510145552098e-05
8.189000000 2.044911596268e-05
8.190000000 1.210554029157e-05
8.191000000 0.000000000000e+00
