0.000000000 0.000000000000e+00
0.001000000 1.149825180671e-04
0.002000000 2.316832054120e-04
0.003000000 3.496709353954e-04
0.004000000 4.685485606535e-04
0.005000000 5.879616576960e-04
0.006000000 7.076066704168e-04
0.007000000 8.272383534264e-04
0.008000000 9.466764237617e-04
0.009000000 1.065811338075e-03
0.010000000 1.184609121766e-03
0.011000000 1.303115186627e-03
0.012000000 1.421457084271e-03
0.013000000 1.539846153915e-03
0.014000000 1.658578034757e-03
0.015000000 1.778032025197e-03
0.016000000 1.898669283413e-03
0.017000000 2.021029876069e-03
0.018000000 2.145728694295e-03
0.019000000 2.273450268202e-03
0.020000000 2.404942523159e-03
0.021000000 2.541009532603e-03
0.022000000 2.682503333287e-03
0.023000000 2.830314879376e-03
0.024000000 2.985364221708e-03
0.025000000 3.148590007614e-03
0.026000000 3.320938404975e-03
0.027000000 3.503351561488e-03
0.028000000 3.696755716476e-03
0.029000000 3.902049087808e-03
0.030000000 4.120089660628e-03
0.031000000 4.351683007586e-03
0.032000000 4.597570271983e-03
0.033000000 4.858416445832e-03
0.034000000 5.134799074073e-03
0.035000000 5.427197514262e-03
0.036000000 5.735982877858e-03
0.037000000 6.061408774770e-03
0.038000000 6.403602977279e-03
0.039000000 6.762560112619e-03
0.040000000 7.138135485673e-03
0.041000000 7.530040124271e-03
0.042000000 7.937837129722e-03
0.043000000 8.360939404364e-03
0.044000000 8.798608816321e-03
0.045000000 9.249956849292e-03
0.046000000 9.713946772251e-03
0.047000000 1.018939735042e-02
0.048000000 1.067498810501e-02
0.049000000 1.116926611506e-02
0.050000000 1.167065434027e-02
0.051000000 1.217746142947e-02
0.052000000 1.268789296490e-02
0.053000000 1.320006407848e-02
0.054000000 1.371201336229e-02
0.055000000 1.422171798246e-02
0.056000000 1.472710989236e-02
0.057000000 1.522609302947e-02
0.058000000 1.571656136856e-02
0.059000000 1.619641769367e-02
0.060000000 1.666359294188e-02
0.061000000 1.711606596347e-02
0.062000000 1.755188353627e-02
0.063000000 1.796918046566e-02
0.064000000 1.836619959767e-02
0.065000000 1.874131156891e-02
0.066000000 1.909303411597e-02
0.067000000 1.942005076597e-02
0.068000000 1.972122873177e-02
0.069000000 1.999563583765e-02
0.070000000 2.024255630577e-02
0.071000000 2.046150523918e-02
0.072000000 2.065224164450e-02
0.073000000 2.081477984591e-02
0.074000000 2.094939915209e-02
0.075000000 2.105665164897e-02
0.076000000 2.113736800376e-02
0.077000000 2.119266117946e-02
0.078000000 2.122392797371e-02
0.079000000 2.123284831171e-02
0.080000000 2.122138223943e-02
0.081000000 2.119176458092e-02
0.082000000 2.114649724106e-02
0.083000000 2.108833915416e-02
0.084000000 2.102029389693e-02
0.085000000 2.094559500396e-02
0.086000000 2.086768904246e-02
0.087000000 2.079021652216e-02
0.088000000 2.071699073511e-02
0.089000000 2.065197463805e-02
0.090000000 2.059925590831e-02
0.091000000 2.056302032083e-02
0.092000000 2.054752361047e-02
0.093000000 2.055706199898e-02
0.094000000 2.059594158004e-02
0.095000000 2.066844676895e-02
0.096000000 2.077880803504e-02
0.097000000 2.093116914497e-02
0.098000000 2.112955415384e-02
0.099000000 2.137783438764e-02
0.100000000 2.167969566622e-02
0.101000000 2.203860601892e-02
0.102000000 2.245778414677e-02
0.103000000 2.294016888486e-02
0.104000000 2.348838991604e-02
0.105000000 2.410473998317e-02
0.106000000 2.479114884068e-02
0.107000000 2.554915917842e-02
0.108000000 2.637990474082e-02
0.109000000 2.728409085249e-02
0.110000000 2.826197754784e-02
0.111000000 2.931336548723e-02
0.112000000 3.043758482505e-02
0.113000000 3.163348717685e-02
0.114000000 3.289944081275e-02
0.115000000 3.423332918333e-02
0.116000000 3.563255286192e-02
0.117000000 3.709403496389e-02
0.118000000 3.861423007952e-02
0.119000000 4.018913673223e-02
0.120000000 4.181431334856e-02
0.121000000 4.348489770079e-02
0.122000000 4.519562975710e-02
0.123000000 4.694087784863e-02
0.124000000 4.871466803703e-02
0.125000000 5.051071654106e-02
0.126000000 5.232246505625e-02
0.127000000 5.414311877783e-02
0.128000000 5.596568691429e-02
0.129000000 5.778302545726e-02
0.130000000 5.958788195327e-02
0.131000000 6.137294200355e-02
0.132000000 6.313087720152e-02
0.133000000 6.485439420136e-02
0.134000000 6.653628459831e-02
0.135000000 6.816947528918e-02
0.136000000 6.974707897263e-02
0.137000000 7.126244444166e-02
0.138000000 7.270920631582e-02
0.139000000 7.408133385850e-02
0.140000000 7.537317852478e-02
0.141000000 7.657951988785e-02
0.142000000 7.769560959719e-02
0.143000000 7.871721302938e-02
0.144000000 7.964064830242e-02
0.145000000 8.046282233729e-02
0.146000000 8.118126366511e-02
0.147000000 8.179415169584e-02
0.148000000 8.230034218404e-02
0.149000000 8.269938864875e-02
0.150000000 8.299155952845e-02
0.151000000 8.317785087743e-02
0.152000000 8.325999443766e-02
0.153000000 8.324046094861e-02
0.154000000 8.312245858818e-02
0.155000000 8.290992646918e-02
0.156000000 8.260752314832e-02
0.157000000 8.222061013784e-02
0.158000000 8.175523044390e-02
0.159000000 8.121808218975e-02
0.160000000 8.061648741620e-02
0.161000000 7.995835618587e-02
0.162000000 7.925214615148e-02
0.163000000 7.850681778168e-02
0.164000000 7.773178547023e-02
0.165000000 7.693686478548e-02
0.166000000 7.613221614716e-02
0.167000000 7.532828524603e-02
0.168000000 7.453574054838e-02
0.169000000 7.376540825242e-02
0.170000000 7.302820508610e-02
0.171000000 7.233506935623e-02
0.172000000 7.169689067670e-02
0.173000000 7.112443881881e-02
0.174000000 7.062829213901e-02
0.175000000 7.021876604919e-02
0.176000000 6.990584200104e-02
0.177000000 6.969909745940e-02
0.178000000 6.960763734034e-02
0.179000000 6.964002738616e-02
0.180000000 6.980422994429e-02
0.181000000 7.010754260722e-02
0.182000000 7.055654015852e-02
0.183000000 7.115702025455e-02
0.184000000 7.191395325246e-02
0.185000000 7.283143657418e-02
0.186000000 7.391265397097e-02
0.187000000 7.515984002638e-02
0.188000000 7.657425020564e-02
0.189000000 7.815613672698e-02
0.190000000 7.990473049651e-02
0.191000000 8.181822931112e-02
0.192000000 8.389379249623e-02
0.193000000 8.612754210487e-02
0.194000000 8.851457076351e-02
0.195000000 9.104895620777e-02
0.196000000 9.372378250801e-02
0.197000000 9.653116794113e-02
0.198000000 9.946229942088e-02
0.199000000 1.025074733554e-01
0.200000000 1.056561427568e-01
0.201000000 1.088969703848e-01
0.202000000 1.122178876647e-01
0.203000000 1.156061590786e-01
0.204000000 1.190484516894e-01
0.205000000 1.225309094204e-01
0.206000000 1.260392316768e-01
0.207000000 1.295587558618e-01
0.208000000 1.330745433110e-01
0.209000000 1.365714681387e-01
0.210000000 1.400343084647e-01
0.211000000 1.434478394714e-01
0.212000000 1.467969277176e-01
0.213000000 1.500666261238e-01
0.214000000 1.532422690322e-01
0.215000000 1.563095667344e-01
0.216000000 1.592546988586e-01
0.217000000 1.620644060072e-01
0.218000000 1.647260790395e-01
0.219000000 1.672278454021e-01
0.220000000 1.695586519225e-01
0.221000000 1.717083434948e-01
0.222000000 1.736677371107e-01
0.223000000 1.754286907065e-01
0.224000000 1.769841663286e-01
0.225000000 1.783282871490e-01
0.226000000 1.794563878959e-01
0.227000000 1.803650583018e-01
0.228000000 1.810521792127e-01
0.229000000 1.815169510426e-01
0.230000000 1.817599143057e-01
0.231000000 1.817829620037e-01
0.232000000 1.815893436965e-01
0.233000000 1.811836611347e-01
0.234000000 1.805718553862e-01
0.235000000 1.797611854402e-01
0.236000000 1.787601983287e-01
0.237000000 1.775786908571e-01
0.238000000 1.762276630932e-01
0.239000000 1.747192638131e-01
0.240000000 1.730667281605e-01
0.241000000 1.712843078255e-01
0.242000000 1.693871940990e-01
0.243000000 1.673914342094e-01
0.244000000 1.653138413942e-01
0.245000000 1.631718992035e-01
0.246000000 1.609836605738e-01
0.247000000 1.587676422496e-01
0.248000000 1.565427151649e-01
0.249000000 1.543279914296e-01
0.250000000 1.521427085920e-01
0.251000000 1.500061118739e-01
0.252000000 1.479373350943e-01
0.253000000 1.459552810130e-01
0.254000000 1.440785018349e-01
0.255000000 1.423250806255e-01
0.256000000 1.407125143860e-01
0.257000000 1.392575995343e-01
0.258000000 1.379763205330e-01
0.259000000 1.368837423885e-01
0.260000000 1.359939077302e-01
0.261000000 1.353197391585e-01
0.262000000 1.348729475187e-01
0.263000000 1.346639467334e-01
0.264000000 1.347017757845e-01
0.265000000 1.349940284012e-01
0.266000000 1.355467909649e-01
0.267000000 1.363645890960e-01
0.268000000 1.374503433368e-01
0.269000000 1.388053342917e-01
0.270000000 1.404291775315e-01
0.271000000 1.423198085078e-01
0.272000000 1.444734776635e-01
0.273000000 1.468847558670e-01
0.274000000 1.495465502275e-01
0.275000000 1.524501302917e-01
0.276000000 1.555851645517e-01
0.277000000 1.589397671323e-01
0.278000000 1.625005544598e-01
0.279000000 1.662527116502e-01
0.280000000 1.701800682934e-01
0.281000000 1.742651832461e-01
0.282000000 1.784894379891e-01
0.283000000 1.828331380467e-01
0.284000000 1.872756219099e-01
0.285000000 1.917953768563e-01
0.286000000 1.963701610102e-01
0.287000000 2.009771309419e-01
0.288000000 2.055929740650e-01
0.289000000 2.101940450557e-01
0.290000000 2.147565054857e-01
0.291000000 2.192564658329e-01
0.292000000 2.236701290148e-01
0.293000000 2.279739345725e-01
0.294000000 2.321447026190e-01
0.295000000 2.361597766658e-01
0.296000000 2.399971644364e-01
0.297000000 2.436356757830e-01
0.298000000 2.470550568349e-01
0.299000000 2.502361195208e-01
0.300000000 2.531608656318e-01
0.301000000 2.558126046173e-01
0.302000000 2.581760643410e-01
0.303000000 2.602374940592e-01
0.304000000 2.619847589283e-01
0.305000000 2.634074253937e-01
0.306000000 2.644968368665e-01
0.307000000 2.652461791470e-01
0.308000000 2.656505351156e-01
0.309000000 2.657069282740e-01
0.310000000 2.654143547837e-01
0.311000000 2.647738037217e-01
0.312000000 2.637882653379e-01
0.313000000 2.624627271770e-01
0.314000000 2.608041579984e-01
0.315000000 2.588214795031e-01
0.316000000 2.565255259519e-01
0.317000000 2.539289918357e-01
0.318000000 2.510463678314e-01
0.319000000 2.478938653529e-01
0.320000000 2.444893300776e-01
0.321000000 2.408521449002e-01
0.322000000 2.370031228339e-01
0.323000000 2.329643904443e-01
0.324000000 2.287592624636e-01
0.325000000 2.244121082917e-01
0.326000000 2.199482111459e-01
0.327000000 2.153936206691e-01
0.328000000 2.107749998560e-01
0.329000000 2.061194671934e-01
0.330000000 2.014544349481e-01
0.331000000 1.968074445669e-01
0.332000000 1.922060001735e-01
0.333000000 1.876774011691e-01
0.334000000 1.832485749538e-01
0.335000000 1.789459107913e-01
0.336000000 1.747950958389e-01
0.337000000 1.708209543600e-01
0.338000000 1.670472911202e-01
0.339000000 1.634967399508e-01
0.340000000 1.601906184372e-01
0.341000000 1.571487896573e-01
0.342000000 1.543895318602e-01
0.343000000 1.519294169274e-01
0.344000000 1.497831984152e-01
0.345000000 1.479637099201e-01
0.346000000 1.464817744499e-01
0.347000000 1.453461254211e-01
0.348000000 1.445633398367e-01
0.349000000 1.441377841226e-01
0.350000000 1.440715730323e-01
0.351000000 1.443645419462e-01
0.352000000 1.450142328161e-01
0.353000000 1.460158939200e-01
0.354000000 1.473624935113e-01
0.355000000 1.490447473592e-01
0.356000000 1.510511600964e-01
0.357000000 1.533680801985e-01
0.358000000 1.559797683433e-01
0.359000000 1.588684788070e-01
0.360000000 1.620145534789e-01
0.361000000 1.653965279924e-01
0.362000000 1.689912493963e-01
0.363000000 1.727740047141e-01
0.364000000 1.767186596715e-01
0.365000000 1.807978068037e-01
0.366000000 1.849829220944e-01
0.367000000 1.892445292409e-01
0.368000000 1.935523705894e-01
0.369000000 1.978755837356e-01
0.370000000 2.021828827513e-01
0.371000000 2.064427429583e-01
0.372000000 2.106235881476e-01
0.373000000 2.146939791193e-01
0.374000000 2.186228024066e-01
0.375000000 2.223794580369e-01
0.376000000 2.259340451881e-01
0.377000000 2.292575446009e-01
0.378000000 2.323219966235e-01
0.379000000 2.351006737882e-01
0.380000000 2.375682468431e-01
0.381000000 2.397009432011e-01
0.382000000 2.414766968056e-01
0.383000000 2.428752884641e-01
0.384000000 2.438784757499e-01
0.385000000 2.444701116343e-01
0.386000000 2.446362510766e-01
0.387000000 2.443652448659e-01
0.388000000 2.436478200871e-01
0.389000000 2.424771466584e-01
0.390000000 2.408488894728e-01
0.391000000 2.387612457591e-01
0.392000000 2.362149673679e-01
0.393000000 2.332133677784e-01
0.394000000 2.297623137123e-01
0.395000000 2.258702013360e-01
0.396000000 2.215479171257e-01
0.397000000 2.168087835631e-01
0.398000000 2.116684899218e-01
0.399000000 2.061450084988e-01
0.400000000 2.002584967329e-01
0.401000000 1.940311857408e-01
0.402000000 1.874872558862e-01
0.403000000 1.806527000803e-01
0.404000000 1.735551755852e-01
0.405000000 1.662238451717e-01
0.406000000 1.586892085436e-01
0.407000000 1.509829250108e-01
0.408000000 1.431376284443e-01
0.409000000 1.351867356028e-01
0.410000000 1.271642489611e-01
0.411000000 1.191045552108e-01
0.412000000 1.110422206352e-01
0.413000000 1.030117845806e-01
0.414000000 9.504755226823e-02
0.415000000 8.718338819386e-02
0.416000000 7.945251136866e-02
0.417000000 7.188729364483e-02
0.418000000 6.451906235772e-02
0.419000000 5.737790849387e-02
0.420000000 5.049250156555e-02
0.421000000 4.388991233621e-02
0.422000000 3.759544449791e-02
0.423000000 3.163247635147e-02
0.424000000 2.602231348354e-02
0.425000000 2.078405337127e-02
0.426000000 1.593446277691e-02
0.427000000 1.148786871963e-02
0.428000000 7.456063732776e-03
0.429000000 3.848226030426e-03
0.430000000 6.708551190497e-04
0.431000000 -2.072276701752e-03
0.432000000 -4.380156600188e-03
0.433000000 -6.254546982885e-03
0.434000000 -7.699984622237e-03
0.435000000 -8.723763087923e-03
0.436000000 -9.335898530995e-03
0.437000000 -9.549078969994e-03
0.438000000 -9.378597329011e-03
0.439000000 -8.842268576862e-03
0.440000000 -7.960331414015e-03
0.441000000 -6.755335048967e-03
0.442000000 -5.252011697816e-03
0.443000000 -3.477135529310e-03
0.444000000 -1.459368861991e-03
0.445000000 7.709035001574e-04
0.446000000 3.181750832583e-03
0.447000000 5.739882925569e-03
0.448000000 8.410845297270e-03
0.449000000 1.115922203496e-02
0.450000000 1.394884506547e-02
0.451000000 1.674300861316e-02
0.452000000 1.950468756877e-02
0.453000000 2.219675846498e-02
0.454000000 2.478222173492e-02
0.455000000 2.722442391819e-02
0.456000000 2.948727847543e-02
0.457000000 3.153548387721e-02
0.458000000 3.333473764531e-02
0.459000000 3.485194504566e-02
0.460000000 3.605542116056e-02
0.461000000 3.691508510455e-02
0.462000000 3.740264519221e-02
0.463000000 3.749177391781e-02
0.464000000 3.715827166513e-02
0.465000000 3.638021813095e-02
0.466000000 3.513811051750e-02
0.467000000 3.341498762648e-02
0.468000000 3.119653907012e-02
0.469000000 2.847119890301e-02
0.470000000 2.523022307041e-02
0.471000000 2.146775016538e-02
0.472000000 1.718084508621e-02
0.473000000 1.236952528853e-02
0.474000000 7.036769430250e-03
0.475000000 1.188508313870e-03
0.476000000 -5.166401862920e-03
0.477000000 -1.201622383030e-02
0.478000000 -1.934640091872e-02
0.479000000 -2.713963575093e-02
0.480000000 -3.537598552035e-02
0.481000000 -4.403297332137e-02
0.482000000 -5.308571489892e-02
0.483000000 -6.250706009031e-02
0.484000000 -7.226774814166e-02
0.485000000 -8.233657599601e-02
0.486000000 -9.268057856962e-02
0.487000000 -1.032652199587e-01
0.488000000 -1.140545944500e-01
0.489000000 -1.250116361487e-01
0.490000000 -1.360983359792e-01
0.491000000 -1.472759647720e-01
0.492000000 -1.585053011057e-01
0.493000000 -1.697468625461e-01
0.494000000 -1.809611388964e-01
0.495000000 -1.921088260629e-01
0.496000000 -2.031510591295e-01
0.497000000 -2.140496432393e-01
0.498000000 -2.247672808902e-01
0.499000000 -2.352677942725e-01
0.500000000 -2.455163413007e-01
0.501000000 -2.554796240316e-01
0.502000000 -2.651260881990e-01
0.503000000 -2.744261126518e-01
0.504000000 -2.833521875370e-01
0.505000000 -2.918790801371e-01
0.506000000 -2.999839873438e-01
0.507000000 -3.076466738268e-01
0.508000000 -3.148495950448e-01
0.509000000 -3.215780043312e-01
0.510000000 -3.278200433862e-01
0.511000000 -3.335668156027e-01
0.512000000 -3.388124417568e-01
0.513000000 -3.435540977015e-01
0.514000000 -3.477920338058e-01
0.515000000 -3.515295759951e-01
0.516000000 -3.547731083581e-01
0.517000000 -3.575320373939e-01
0.518000000 -3.598187380899e-01
0.519000000 -3.616484821238e-01
0.520000000 -3.630393485956e-01
0.521000000 -3.640121178014e-01
0.522000000 -3.645901486613e-01
0.523000000 -3.647992405139e-01
0.524000000 -3.646674800882e-01
0.525000000 -3.642250745481e-01
0.526000000 -3.635041715961e-01
0.527000000 -3.625386676976e-01
0.528000000 -3.613640055624e-01
0.529000000 -3.600169620852e-01
0.530000000 -3.585354280072e-01
0.531000000 -3.569581806103e-01
0.532000000 -3.553246508005e-01
0.533000000 -3.536746859729e-01
0.534000000 -3.520483100760e-01
0.535000000 -3.504854823124e-01
0.536000000 -3.490258559248e-01
0.537000000 -3.477085385130e-01
0.538000000 -3.465718553242e-01
0.539000000 -3.456531169407e-01
0.540000000 -3.449883927630e-01
0.541000000 -3.446122916564e-01
0.542000000 -3.445577510825e-01
0.543000000 -3.448558359923e-01
0.544000000 -3.455355486965e-01
0.545000000 -3.466236508650e-01
0.546000000 -3.481444987359e-01
0.547000000 -3.501198925354e-01
0.548000000 -3.525689410248e-01
0.549000000 -3.555079420023e-01
0.550000000 -3.589502794898e-01
0.551000000 -3.629063382361e-01
0.552000000 -3.673834360655e-01
0.553000000 -3.723857744903e-01
0.554000000 -3.779144079003e-01
0.555000000 -3.839672315282e-01
0.556000000 -3.905389882769e-01
0.557000000 -3.976212943825e-01
0.558000000 -4.052026837733e-01
0.559000000 -4.132686708711e-01
0.560000000 -4.218018314714e-01
0.561000000 -4.307819012297e-01
0.562000000 -4.401858911744e-01
0.563000000 -4.499882195643e-01
0.564000000 -4.601608593103e-01
0.565000000 -4.706735000867e-01
0.566000000 -4.814937241668e-01
0.567000000 -4.925871949390e-01
0.568000000 -5.039178569764e-01
0.569000000 -5.154481464691e-01
0.570000000 -5.271392107608e-01
0.571000000 -5.389511356786e-01
0.572000000 -5.508431792967e-01
0.573000000 -5.627740107350e-01
0.574000000 -5.747019525630e-01
0.575000000 -5.865852253583e-01
0.576000000 -5.983821929530e-01
0.577000000 -6.100516068996e-01
0.578000000 -6.215528486902e-01
0.579000000 -6.328461682759e-01
0.580000000 -6.438929174568e-01
0.581000000 -6.546557767422e-01
0.582000000 -6.650989743184e-01
0.583000000 -6.751884958120e-01
0.584000000 -6.848922835878e-01
0.585000000 -6.941804243864e-01
0.586000000 -7.030253241742e-01
0.587000000 -7.114018691560e-01
0.588000000 -7.192875719847e-01
0.589000000 -7.266627022882e-01
0.590000000 -7.335104007329e-01
0.591000000 -7.398167759365e-01
0.592000000 -7.455709836500e-01
0.593000000 -7.507652877339e-01
0.594000000 -7.553951025630e-01
0.595000000 -7.594590166054e-01
0.596000000 -7.629587970365e-01
0.597000000 -7.658993753595e-01
0.598000000 -7.682888141221e-01
0.599000000 -7.701382549292e-01
0.600000000 -7.714618480653e-01
0.601000000 -7.722766641521e-01
0.602000000 -7.726025883719e-01
0.603000000 -7.724621978946e-01
0.604000000 -7.718806232463e-01
0.605000000 -7.708853944526e-01
0.606000000 -7.695062728834e-01
0.607000000 -7.677750698094e-01
0.608000000 -7.657254527625e-01
0.609000000 -7.633927408620e-01
0.610000000 -7.608136903399e-01
0.611000000 -7.580262715499e-01
0.612000000 -7.550694388029e-01
0.613000000 -7.519828944092e-01
0.614000000 -7.488068483439e-01
0.615000000 -7.455817749785e-01
0.616000000 -7.423481683376e-01
0.617000000 -7.391462973484e-01
0.618000000 -7.360159625490e-01
0.619000000 -7.329962557160e-01
0.620000000 -7.301253238468e-01
0.621000000 -7.274401389137e-01
0.622000000 -7.249762747627e-01
0.623000000 -7.227676924948e-01
0.624000000 -7.208465356082e-01
0.625000000 -7.192429361269e-01
0.626000000 -7.179848328697e-01
0.627000000 -7.170978029434e-01
0.628000000 -7.166049074609e-01
0.629000000 -7.165265524030e-01
0.630000000 -7.168803654446e-01
0.631000000 -7.176810894782e-01
0.632000000 -7.189404934579e-01
0.633000000 -7.206673010892e-01
0.634000000 -7.228671377797e-01
0.635000000 -7.255424961545e-01
0.636000000 -7.286927203324e-01
0.637000000 -7.323140090405e-01
0.638000000 -7.363994375377e-01
0.639000000 -7.409389981990e-01
0.640000000 -7.459196595047e-01
0.641000000 -7.513254430661e-01
0.642000000 -7.571375182117e-01
0.643000000 -7.633343135525e-01
0.644000000 -7.698916448445e-01
0.645000000 -7.767828583687e-01
0.646000000 -7.839789889552e-01
0.647000000 -7.914489316927e-01
0.648000000 -7.991596262827e-01
0.649000000 -8.070762529215e-01
0.650000000 -8.151624385277e-01
0.651000000 -8.233804720689e-01
0.652000000 -8.316915276894e-01
0.653000000 -8.400558942954e-01
0.654000000 -8.484332102169e-01
0.655000000 -8.567827015348e-01
0.656000000 -8.650634226429e-01
0.657000000 -8.732344976024e-01
0.658000000 -8.812553608433e-01
0.659000000 -8.890859957711e-01
0.660000000 -8.966871698546e-01
0.661000000 -9.040206647898e-01
0.662000000 -9.110495003689e-01
0.663000000 -9.177381507224e-01
0.664000000 -9.240527516466e-01
0.665000000 -9.299612977905e-01
0.666000000 -9.354338285299e-01
0.667000000 -9.404426014349e-01
0.668000000 -9.449622523053e-01
0.669000000 -9.489699408352e-01
0.670000000 -9.524454810546e-01
0.671000000 -9.553714557861e-01
0.672000000 -9.577333144553e-01
0.673000000 -9.595194536920e-01
0.674000000 -9.607212802641e-01
0.675000000 -9.613332559930e-01
0.676000000 -9.613529244082e-01
0.677000000 -9.607809190081e-01
0.678000000 -9.596209531049e-01
0.679000000 -9.578797913431e-01
0.680000000 -9.555672030896e-01
0.681000000 -9.526958980028e-01
0.682000000 -9.492814441946e-01
0.683000000 -9.453421695025e-01
0.684000000 -9.408990464909e-01
0.685000000 -9.359755618962e-01
0.686000000 -9.305975713225e-01
0.687000000 -9.247931400835e-01
0.688000000 -9.185923711663e-01
0.689000000 -9.120272213696e-01
0.690000000 -9.051313067369e-01
0.691000000 -8.979396984694e-01
0.692000000 -8.904887105570e-01
0.693000000 -8.828156804135e-01
0.694000000 -8.749587438437e-01
0.695000000 -8.669566056986e-01
0.696000000 -8.588483076021e-01
0.697000000 -8.506729941439e-01
0.698000000 -8.424696789440e-01
0.699000000 -8.342770119887e-01
0.700000000 -8.261330496307e-01
0.701000000 -8.180750286246e-01
0.702000000 -8.101391455460e-01
0.703000000 -8.023603429033e-01
0.704000000 -7.947721032113e-01
0.705000000 -7.874062522455e-01
0.706000000 -7.802927726371e-01
0.707000000 -7.734596289044e-01
0.708000000 -7.669326049482e-01
0.709000000 -7.607351549573e-01
0.710000000 -7.548882685920e-01
0.711000000 -7.494103512236e-01
0.712000000 -7.443171199168e-01
0.713000000 -7.396215157450e-01
0.714000000 -7.353336329313e-01
0.715000000 -7.314606652028e-01
0.716000000 -7.280068696448e-01
0.717000000 -7.249735482332e-01
0.718000000 -7.223590471186e-01
0.719000000 -7.201587736280e-01
0.720000000 -7.183652308435e-01
0.721000000 -7.169680695126e-01
0.722000000 -7.159541569419e-01
0.723000000 -7.153076624220e-01
0.724000000 -7.150101586368e-01
0.725000000 -7.150407384127e-01
0.726000000 -7.153761460743e-01
0.727000000 -7.159909225855e-01
0.728000000 -7.168575635764e-01
0.729000000 -7.179466892785e-01
0.730000000 -7.192272253227e-01
0.731000000 -7.206665932923e-01
0.732000000 -7.222309098658e-01
0.733000000 -7.238851933376e-01
0.734000000 -7.255935762599e-01
0.735000000 -7.273195229199e-01
0.736000000 -7.290260503358e-01
0.737000000 -7.306759514412e-01
0.738000000 -7.322320191142e-01
0.739000000 -7.336572697091e-01
0.740000000 -7.349151647518e-01
0.741000000 -7.359698294761e-01
0.742000000 -7.367862669011e-01
0.743000000 -7.373305661772e-01
0.744000000 -7.375701039701e-01
0.745000000 -7.374737376918e-01
0.746000000 -7.370119894454e-01
0.747000000 -7.361572196044e-01
0.748000000 -7.348837890160e-01
0.749000000 -7.331682088857e-01
0.750000000 -7.309892774791e-01
0.751000000 -7.283316738097e-01
0.752000000 -7.251825403231e-01
0.753000000 -7.215281119263e-01
0.754000000 -7.173572837191e-01
0.755000000 -7.126616711403e-01
0.756000000 -7.074356539577e-01
0.757000000 -7.016764038896e-01
0.758000000 -6.953838957391e-01
0.759000000 -6.885609020221e-01
0.760000000 -6.812129711645e-01
0.761000000 -6.733483894458e-01
0.762000000 -6.649781269554e-01
0.763000000 -6.561157679262e-01
0.764000000 -6.467774258989e-01
0.765000000 -6.369816442586e-01
0.766000000 -6.267492827722e-01
0.767000000 -6.161033908317e-01
0.768000000 -6.050690681894e-01
0.769000000 -5.936733140400e-01
0.770000000 -5.819448653712e-01
0.771000000 -5.699140255659e-01
0.772000000 -5.576124842926e-01
0.773000000 -5.450731297712e-01
0.774000000 -5.323298545409e-01
0.775000000 -5.194173558932e-01
0.776000000 -5.063709321625e-01
0.777000000 -4.932262760853e-01
0.778000000 -4.800192664549e-01
0.779000000 -4.667857593048e-01
0.780000000 -4.535613798527e-01
0.781000000 -4.403813164303e-01
0.782000000 -4.272801176077e-01
0.783000000 -4.142914936994e-01
0.784000000 -4.014481238106e-01
0.785000000 -3.887814695465e-01
0.786000000 -3.763215964630e-01
0.787000000 -3.640970042911e-01
0.788000000 -3.521344669116e-01
0.789000000 -3.404588829966e-01
0.790000000 -3.290931381678e-01
0.791000000 -3.180579794543e-01
0.792000000 -3.073719027542e-01
0.793000000 -2.970510539286e-01
0.794000000 -2.871091440725e-01
0.795000000 -2.775573794238e-01
0.796000000 -2.684044062825e-01
0.797000000 -2.596562712224e-01
0.798000000 -2.513163967895e-01
0.799000000 -2.433855727849e-01
0.800000000 -2.358619631423e-01
0.801000000 -2.287411283153e-01
0.802000000 -2.220160629987e-01
0.803000000 -2.156772489199e-01
0.804000000 -2.097127223468e-01
0.805000000 -2.041081558720e-01
0.806000000 -1.988469539532e-01
0.807000000 -1.939103616058e-01
0.808000000 -1.892775855718e-01
0.809000000 -1.849259272143e-01
0.810000000 -1.808309263217e-01
0.811000000 -1.769665149431e-01
0.812000000 -1.733051803187e-01
0.813000000 -1.698181359191e-01
0.814000000 -1.664754995628e-01
0.815000000 -1.632464775393e-01
0.816000000 -1.600995536375e-01
0.817000000 -1.570026819473e-01
0.818000000 -1.539234822899e-01
0.819000000 -1.508294371126e-01
0.820000000 -1.476880886861e-01
0.821000000 -1.444672354359e-01
0.822000000 -1.411351262553e-01
0.823000000 -1.376606516558e-01
0.824000000 -1.340135306383e-01
0.825000000 -1.301644921917e-01
0.826000000 -1.260854503644e-01
0.827000000 -1.217496718924e-01
0.828000000 -1.171319354156e-01
0.829000000 -1.122086813648e-01
0.830000000 -1.069581516621e-01
0.831000000 -1.013605184367e-01
0.832000000 -9.539800102775e-02
0.833000000 -8.905497061439e-02
0.834000000 -8.231804189111e-02
0.835000000 -7.517615128135e-02
0.836000000 -6.762062126539e-02
0.837000000 -5.964521048043e-02
0.838000000 -5.124614933627e-02
0.839000000 -4.242216097561e-02
0.840000000 -3.317446749552e-02
0.841000000 -2.350678143326e-02
0.842000000 -1.342528260692e-02
0.843000000 -2.938580487333e-03
0.844000000 7.942337637324e-03
0.845000000 1.920417235986e-02
0.846000000 3.083139128993e-02
0.847000000 4.280632112406e-02
0.848000000 5.510925207146e-02
0.849000000 6.771855398600e-02
0.850000000 8.061080348747e-02
0.851000000 9.376092129215e-02
0.852000000 1.071423189151e-01
0.853000000 1.207270538530e-01
0.854000000 1.344859923095e-01
0.855000000 1.483889784818e-01
0.856000000 1.624050093937e-01
0.857000000 1.765024142271e-01
0.858000000 1.906490370828e-01
0.859000000 2.048124220837e-01
0.860000000 2.189599997214e-01
0.861000000 2.330592733446e-01
0.862000000 2.470780046888e-01
0.863000000 2.609843973559e-01
0.864000000 2.747472771667e-01
0.865000000 2.883362683331e-01
0.866000000 3.017219644200e-01
0.867000000 3.148760931057e-01
0.868000000 3.277716737845e-01
0.869000000 3.403831671028e-01
0.870000000 3.526866155690e-01
0.871000000 3.646597744330e-01
0.872000000 3.762822320901e-01
0.873000000 3.875355193288e-01
0.874000000 3.984032068093e-01
0.875000000 4.088709902305e-01
0.876000000 4.189267627179e-01
0.877000000 4.285606740414e-01
0.878000000 4.377651763496e-01
0.879000000 4.465350561910e-01
0.880000000 4.548674526690e-01
0.881000000 4.627618616654e-01
0.882000000 4.702201261449e-01
0.883000000 4.772464126379e-01
0.884000000 4.838471740793e-01
0.885000000 4.900310992618e-01
0.886000000 4.958090492388e-01
0.887000000 5.011939810904e-01
0.888000000 5.062008595373e-01
0.889000000 5.108465569597e-01
0.890000000 5.151497424438e-01
0.891000000 5.191307605418e-01
0.892000000 5.228115004916e-01
0.893000000 5.262152566939e-01
0.894000000 5.293665812968e-01
0.895000000 5.322911297798e-01
0.896000000 5.350155004701e-01
0.897000000 5.375670689552e-01
0.898000000 5.399738183849e-01
0.899000000 5.422641666773e-01
0.900000000 5.444667916575e-01
0.901000000 5.466104551681e-01
0.902000000 5.487238271946e-01
0.903000000 5.508353110440e-01
0.904000000 5.529728706068e-01
0.905000000 5.551638607177e-01
0.906000000 5.574348616093e-01
0.907000000 5.598115184250e-01
0.908000000 5.623183867259e-01
0.909000000 5.649787848888e-01
0.910000000 5.678146542477e-01
0.911000000 5.708464277850e-01
0.912000000 5.740929081245e-01
0.913000000 5.775711555218e-01
0.914000000 5.812963864876e-01
0.915000000 5.852818836122e-01
0.916000000 5.895389170960e-01
0.917000000 5.940766784166e-01
0.918000000 5.989022264909e-01
0.919000000 6.040204466184e-01
0.920000000 6.094340224121e-01
0.921000000 6.151434208492e-01
0.922000000 6.211468904929e-01
0.923000000 6.274404728617e-01
0.924000000 6.340180268438e-01
0.925000000 6.408712659760e-01
0.926000000 6.479898083336e-01
0.927000000 6.553612387022e-01
0.928000000 6.629711826319e-01
0.929000000 6.708033919035e-01
0.930000000 6.788398408729e-01
0.931000000 6.870608330941e-01
0.932000000 6.954451175657e-01
0.933000000 7.039700138863e-01
0.934000000 7.126115455581e-01
0.935000000 7.213445806285e-01
0.936000000 7.301429788213e-01
0.937000000 7.389797442696e-01
0.938000000 7.478271829355e-01
0.939000000 7.566570637748e-01
0.940000000 7.654407826841e-01
0.941000000 7.741495282570e-01
0.942000000 7.827544483656e-01
0.943000000 7.912268165820e-01
0.944000000 7.995381974586e-01
0.945000000 8.076606096952e-01
0.946000000 8.155666862359e-01
0.947000000 8.232298303597e-01
0.948000000 8.306243668544e-01
0.949000000 8.377256873969e-01
0.950000000 8.445103892961e-01
0.951000000 8.509564068008e-01
0.952000000 8.570431342156e-01
0.953000000 8.627515401242e-01
0.954000000 8.680642720681e-01
0.955000000 8.729657510927e-01
0.956000000 8.774422556285e-01
0.957000000 8.814819942440e-01
0.958000000 8.850751668727e-01
0.959000000 8.882140141832e-01
0.960000000 8.908928548370e-01
0.961000000 8.931081104465e-01
0.962000000 8.948583181223e-01
0.963000000 8.961441305686e-01
0.964000000 8.969683037646e-01
0.965000000 8.973356723368e-01
0.966000000 8.972531128051e-01
0.967000000 8.967294949523e-01
0.968000000 8.957756216398e-01
0.969000000 8.944041574561e-01
0.970000000 8.926295466527e-01
0.971000000 8.904679208820e-01
0.972000000 8.879369973116e-01
0.973000000 8.850559677436e-01
0.974000000 8.818453794213e-01
0.975000000 8.783270082487e-01
0.976000000 8.745237251966e-01
0.977000000 8.704593567011e-01
0.978000000 8.661585398991e-01
0.979000000 8.616465735694e-01
0.980000000 8.569492656738e-01
0.981000000 8.520927784077e-01
0.982000000 8.471034716850e-01
0.983000000 8.420077459851e-01
0.984000000 8.368318854939e-01
0.985000000 8.316019024660e-01
0.986000000 8.263433837230e-01
0.987000000 8.210813401912e-01
0.988000000 8.158400603591e-01
0.989000000 8.106429685102e-01
0.990000000 8.055124885563e-01
0.991000000 8.004699142603e-01
0.992000000 7.955352865991e-01
0.993000000 7.907272789705e-01
0.994000000 7.860630909023e-01
0.995000000 7.815583508678e-01
0.996000000 7.772270287574e-01
0.997000000 7.730813584973e-01
0.998000000 7.691317712440e-01
0.999000000 7.653868395216e-01
1.000000000 7.618532326007e-01
1.001000000 7.585356833532e-01
1.002000000 7.554369667451e-01
1.003000000 7.525578900656e-01
1.004000000 7.498972949148e-01
1.005000000 7.474520709077e-01
1.006000000 7.452171809815e-01
1.007000000 7.431856981228e-01
1.008000000 7.413488532685e-01
1.009000000 7.396960940651e-01
1.010000000 7.382151541099e-01
1.011000000 7.368921322352e-01
1.012000000 7.357115813403e-01
1.013000000 7.346566062191e-01
1.014000000 7.337089697812e-01
1.015000000 7.328492070147e-01
1.016000000 7.320567459964e-01
1.017000000 7.313100352146e-01
1.018000000 7.305866764346e-01
1.019000000 7.298635623066e-01
1.020000000 7.291170178891e-01
1.021000000 7.283229452412e-01
1.022000000 7.274569702200e-01
1.023000000 7.264945906109e-01
1.024000000 7.254113247093e-01
1.025000000 7.241828594764e-01
1.026000000 7.227851973940e-01
1.027000000 7.211948011531e-01
1.028000000 7.193887353287e-01
1.029000000 7.173448042099e-01
1.030000000 7.150416849832e-01
1.031000000 7.124590554929e-01
1.032000000 7.095777158403e-01
1.033000000 7.063797031178e-01
1.034000000 7.028483986207e-01
1.035000000 6.989686269231e-01
1.036000000 6.947267462538e-01
1.037000000 6.901107296637e-01
1.038000000 6.851102365295e-01
1.039000000 6.797166739972e-01
1.040000000 6.739232480308e-01
1.041000000 6.677250037937e-01
1.042000000 6.611188551514e-01
1.043000000 6.541036031531e-01
1.044000000 6.466799434129e-01
1.045000000 6.388504623769e-01
1.046000000 6.306196225293e-01
1.047000000 6.219937366554e-01
1.048000000 6.129809313435e-01
1.049000000 6.035910999717e-01
1.050000000 5.938358454850e-01
1.051000000 5.837284133306e-01
1.052000000 5.732836149730e-01
1.053000000 5.625177424686e-01
1.054000000 5.514484746280e-01
1.055000000 5.400947753435e-01
1.056000000 5.284767847048e-01
1.057000000 5.166157035659e-01
1.058000000 5.045336722629e-01
1.059000000 4.922536442152e-01
1.060000000 4.797992551716e-01
1.061000000 4.671946888854e-01
1.062000000 4.544645400209e-01
1.063000000 4.416336751107e-01
1.064000000 4.287270923884e-01
1.065000000 4.157697813287e-01
1.066000000 4.027865827255e-01
1.067000000 3.898020501318e-01
1.068000000 3.768403134770e-01
1.069000000 3.639249456600e-01
1.070000000 3.510788328978e-01
1.071000000 3.383240495854e-01
1.072000000 3.256817383914e-01
1.073000000 3.131719962845e-01
1.074000000 3.008137671462e-01
1.075000000 2.886247415845e-01
1.076000000 2.766212645210e-01
1.077000000 2.648182510739e-01
1.078000000 2.532291112097e-01
1.079000000 2.418656835847e-01
1.080000000 2.307381789389e-01
1.081000000 2.198551333497e-01
1.082000000 2.092233715937e-01
1.083000000 1.988479808016e-01
1.084000000 1.887322945342e-01
1.085000000 1.788778873416e-01
1.086000000 1.692845798070e-01
1.087000000 1.599504540156e-01
1.088000000 1.508718793255e-01
1.089000000 1.420435482583e-01
1.090000000 1.334585222672e-01
1.091000000 1.251082870833e-01
1.092000000 1.169828172835e-01
1.093000000 1.090706496719e-01
1.094000000 1.013589650137e-01
1.095000000 9.383367761400e-02
1.096000000 8.647953218741e-02
1.097000000 7.928020742438e-02
1.098000000 7.221842562090e-02
1.099000000 6.527606770482e-02
1.100000000 5.843429296179e-02
1.101000000 5.167366273798e-02
1.102000000 4.497426737510e-02
1.103000000 3.831585561647e-02
1.104000000 3.167796571004e-02
1.105000000 2.504005742671e-02
1.106000000 1.838164420893e-02
1.107000000 1.168242466572e-02
1.108000000 4.922412636955e-03
1.109000000 -1.917934940499e-03
1.110000000 -8.857593116198e-03
1.111000000 -1.591484769161e-02
1.112000000 -2.310717837602e-02
1.113000000 -3.045114701338e-02
1.114000000 -3.796229152870e-02
1.115000000 -4.565502620702e-02
1.116000000 -5.354254887876e-02
1.117000000 -6.163675554270e-02
1.118000000 -6.994816291275e-02
1.119000000 -7.848583932589e-02
1.120000000 -8.725734439856e-02
1.121000000 -9.626867776547e-02
1.122000000 -1.055242371805e-01
1.123000000 -1.150267862031e-01
1.124000000 -1.247774316358e-01
1.125000000 -1.347756108222e-01
1.126000000 -1.450190888523e-01
1.127000000 -1.555039656683e-01
1.128000000 -1.662246930013e-01
1.129000000 -1.771741010139e-01
1.130000000 -1.883434344648e-01
1.131000000 -1.997223981581e-01
1.132000000 -2.112992113827e-01
1.133000000 -2.230606709977e-01
1.134000000 -2.349922227680e-01
1.135000000 -2.470780405063e-01
1.136000000 -2.593011125344e-01
1.137000000 -2.716433349332e-01
1.138000000 -2.840856110130e-01
1.139000000 -2.966079563996e-01
1.140000000 -3.091896091022e-01
1.141000000 -3.218091438988e-01
1.142000000 -3.344445903527e-01
1.143000000 -3.470735537543e-01
1.144000000 -3.596733382665e-01
1.145000000 -3.722210715408e-01
1.146000000 -3.846938300657e-01
1.147000000 -3.970687645046e-01
1.148000000 -4.093232242861e-01
1.149000000 -4.214348807120e-01
1.150000000 -4.333818478620e-01
1.151000000 -4.451428005888e-01
1.152000000 -4.566970889144e-01
1.153000000 -4.680248481654e-01
1.154000000 -4.791071042084e-01
1.155000000 -4.899258731796e-01
1.156000000 -5.004642551366e-01
1.157000000 -5.107065210977e-01
1.158000000 -5.206381929746e-01
1.159000000 -5.302461159483e-01
1.160000000 -5.395185228831e-01
1.161000000 -5.484450904234e-01
1.162000000 -5.570169864664e-01
1.163000000 -5.652269087570e-01
1.164000000 -5.730691144035e-01
1.165000000 -5.805394401682e-01
1.166000000 -5.876353134410e-01
1.167000000 -5.943557538595e-01
1.168000000 -6.007013655945e-01
1.169000000 -6.066743203770e-01
1.170000000 -6.122783313931e-01
1.171000000 -6.175186182316e-01
1.172000000 -6.224018631182e-01
1.173000000 -6.269361587223e-01
1.174000000 -6.311309478720e-01
1.175000000 -6.349969555580e-01
1.176000000 -6.385461136547e-01
1.177000000 -6.417914788242e-01
1.178000000 -6.447471441135e-01
1.179000000 -6.474281447854e-01
1.180000000 -6.498503589601e-01
1.181000000 -6.520304036732e-01
1.182000000 -6.539855269775e-01
1.183000000 -6.557334967439e-01
1.184000000 -6.572924868278e-01
1.185000000 -6.586809612865e-01
1.186000000 -6.599175573382e-01
1.187000000 -6.610209677623e-01
1.188000000 -6.620098234408e-01
1.189000000 -6.629025767350e-01
1.190000000 -6.637173863900e-01
1.191000000 -6.644720046444e-01
1.192000000 -6.651836672084e-01
1.193000000 -6.658689867559e-01
1.194000000 -6.665438505525e-01
1.195000000 -6.672233228152e-01
1.196000000 -6.679215523697e-01
1.197000000 -6.686516861390e-01
1.198000000 -6.694257889593e-01
1.199000000 -6.702547701834e-01
1.200000000 -6.711483174855e-01
1.201000000 -6.721148382432e-01
1.202000000 -6.731614088211e-01
1.203000000 -6.742937320371e-01
1.204000000 -6.755161030402e-01
1.205000000 -6.768313837795e-01
1.206000000 -6.782409861929e-01
1.207000000 -6.797448641914e-01
1.208000000 -6.813415144625e-01
1.209000000 -6.830279860643e-01
1.210000000 -6.847998987302e-01
1.211000000 -6.866514697519e-01
1.212000000 -6.885755492585e-01
1.213000000 -6.905636636606e-01
1.214000000 -6.926060669795e-01
1.215000000 -6.946917997374e-01
1.216000000 -6.968087550384e-01
1.217000000 -6.989437514314e-01
1.218000000 -7.010826121036e-01
1.219000000 -7.032102499209e-01
1.220000000 -7.053107577939e-01
1.221000000 -7.073675038234e-01
1.222000000 -7.093632306464e-01
1.223000000 -7.112801583863e-01
1.224000000 -7.131000905872e-01
1.225000000 -7.148045224978e-01
1.226000000 -7.163747510585e-01
1.227000000 -7.177919859371e-01
1.228000000 -7.190374609520e-01
1.229000000 -7.200925452260e-01
1.230000000 -7.209388534115e-01
1.231000000 -7.215583543394e-01
1.232000000 -7.219334774547e-01
1.233000000 -7.220472164137e-01
1.234000000 -7.218832292408e-01
1.235000000 -7.214259344604e-01
1.236000000 -7.206606026489e-01
1.237000000 -7.195734428770e-01
1.238000000 -7.181516835475e-01
1.239000000 -7.163836471650e-01
1.240000000 -7.142588186141e-01
1.241000000 -7.117679065603e-01
1.242000000 -7.089028976311e-01
1.243000000 -7.056571030763e-01
1.244000000 -7.020251976551e-01
1.245000000 -6.980032505407e-01
1.246000000 -6.935887480840e-01
1.247000000 -6.887806083246e-01
1.248000000 -6.835791871870e-01
1.249000000 -6.779862763504e-01
1.250000000 -6.720050928270e-01
1.251000000 -6.656402603366e-01
1.252000000 -6.588977826093e-01
1.253000000 -6.517850087991e-01
1.254000000 -6.443105912354e-01
1.255000000 -6.364844357834e-01
1.256000000 -6.283176451302e-01
1.257000000 -6.198224553514e-01
1.258000000 -6.110121661528e-01
1.259000000 -6.019010652181e-01
1.260000000 -5.925043471284e-01
1.261000000 -5.828380273466e-01
1.262000000 -5.729188517911e-01
1.263000000 -5.627642025463e-01
1.264000000 -5.523920002785e-01
1.265000000 -5.418206039430e-01
1.266000000 -5.310687083850e-01
1.267000000 -5.201552404440e-01
1.268000000 -5.090992541822e-01
1.269000000 -4.979198258571e-01
1.270000000 -4.866359492610e-01
1.271000000 -4.752664320448e-01
1.272000000 -4.638297936360e-01
1.273000000 -4.523441653495e-01
1.274000000 -4.408271932750e-01
1.275000000 -4.292959445073e-01
1.276000000 -4.177668172628e-01
1.277000000 -4.062554554025e-01
1.278000000 -3.947766678533e-01
1.279000000 -3.833443533893e-01
1.280000000 -3.719714312001e-01
1.281000000 -3.606697776409e-01
1.282000000 -3.494501695179e-01
1.283000000 -3.383222342241e-01
1.284000000 -3.272944070003e-01
1.285000000 -3.163738955511e-01
1.286000000 -3.055666522014e-01
1.287000000 -2.948773537364e-01
1.288000000 -2.843093890186e-01
1.289000000 -2.738648544308e-01
1.290000000 -2.635445571484e-01
1.291000000 -2.533480261944e-01
1.292000000 -2.432735311897e-01
1.293000000 -2.333181086605e-01
1.294000000 -2.234775957247e-01
1.295000000 -2.137466709326e-01
1.296000000 -2.041189019979e-01
1.297000000 -1.945868001128e-01
1.298000000 -1.851418805056e-01
1.299000000 -1.757747288592e-01
1.300000000 -1.664750731797e-01
1.301000000 -1.572318606696e-01
1.302000000 -1.480333391343e-01
1.303000000 -1.388671424221e-01
1.304000000 -1.297203793796e-01
1.305000000 -1.205797257810e-01
1.306000000 -1.114315186755e-01
1.307000000 -1.022618525852e-01
1.308000000 -9.305667697450e-02
1.309000000 -8.380189440765e-02
1.310000000 -7.448345880791e-02
1.311000000 -6.508747323343e-02
1.312000000 -5.560028658884e-02
1.313000000 -4.600858870013e-02
1.314000000 -3.629950319124e-02
1.315000000 -2.646067761581e-02
1.316000000 -1.648037031494e-02
1.317000000 -6.347533493180e-03
1.318000000 3.948107971626e-03
1.319000000 1.441598244200e-02
1.320000000 2.506460258629e-02
1.321000000 3.590150199245e-02
1.322000000 4.693317769251e-02
1.323000000 5.816503892437e-02
1.324000000 6.960136241929e-02
1.325000000 8.124525446440e-02
1.326000000 9.309861994829e-02
1.327000000 1.051621385562e-01
1.328000000 1.174352482380e-01
1.329000000 1.299161360297e-01
1.330000000 1.426017362642e-01
1.331000000 1.554877361635e-01
1.332000000 1.685685887628e-01
1.333000000 1.818375330695e-01
1.334000000 1.952866213222e-01
1.335000000 2.089067531707e-01
1.336000000 2.226877165564e-01
1.337000000 2.366182350372e-01
1.338000000 2.506860212594e-01
1.339000000 2.648778362474e-01
1.340000000 2.791795541444e-01
1.341000000 2.935762320115e-01
1.342000000 3.080521842571e-01
1.343000000 3.225910612493e-01
1.344000000 3.371759316349e-01
1.345000000 3.517893678716e-01
1.346000000 3.664135344607e-01
1.347000000 3.810302783539e-01
1.348000000 3.956212209961e-01
1.349000000 4.101678514583e-01
1.350000000 4.246516201097e-01
1.351000000 4.390540322765e-01
1.352000000 4.533567413367e-01
1.353000000 4.675416407054e-01
1.354000000 4.815909541732e-01
1.355000000 4.954873240706e-01
1.356000000 5.092138967480e-01
1.357000000 5.227544048768e-01
1.358000000 5.360932460962e-01
1.359000000 5.492155575571e-01
1.360000000 5.621072859362e-01
1.361000000 5.747552525235e-01
1.362000000 5.871472130169e-01
1.363000000 5.992719116895e-01
1.364000000 6.111191296289e-01
1.365000000 6.226797267857e-01
1.366000000 6.339456776040e-01
1.367000000 6.449101000460e-01
1.368000000 6.555672778635e-01
1.369000000 6.659126760076e-01
1.370000000 6.759429491109e-01
1.371000000 6.856559430159e-01
1.372000000 6.950506893664e-01
1.373000000 7.041273933183e-01
1.374000000 7.128874144671e-01
1.375000000 7.213332411306e-01
1.376000000 7.294684581615e-01
1.377000000 7.372977085055e-01
1.378000000 7.448266487553e-01
1.379000000 7.520618989850e-01
1.380000000 7.590109871842e-01
1.381000000 7.656822886415e-01
1.382000000 7.720849606541e-01
1.383000000 7.782288729710e-01
1.384000000 7.841245343961e-01
1.385000000 7.897830160036e-01
1.386000000 7.952158714333e-01
1.387000000 8.004350547521e-01
1.388000000 8.054528363786e-01
1.389000000 8.102817175791e-01
1.390000000 8.149343440496e-01
1.391000000 8.194234191032e-01
1.392000000 8.237616169808e-01
1.393000000 8.279614968039e-01
1.394000000 8.320354176794e-01
1.395000000 8.359954554618e-01
1.396000000 8.398533216620e-01
1.397000000 8.436202849837e-01
1.398000000 8.473070959441e-01
1.399000000 8.509239150239e-01
1.400000000 8.544802447619e-01
1.401000000 8.579848661900e-01
1.402000000 8.614457799751e-01
1.403000000 8.648701526055e-01
1.404000000 8.682642679295e-01
1.405000000 8.716334843197e-01
1.406000000 8.749821977035e-01
1.407000000 8.783138106644e-01
1.408000000 8.816307077813e-01
1.409000000 8.849342373372e-01
1.410000000 8.882246994884e-01
1.411000000 8.915013409479e-01
1.412000000 8.947623561982e-01
1.413000000 8.980048952087e-01
1.414000000 9.012250775956e-01
1.415000000 9.044180131224e-01
1.416000000 9.075778284045e-01
1.417000000 9.106976996420e-01
1.418000000 9.137698911717e-01
1.419000000 9.167857995939e-01
1.420000000 9.197360031988e-01
1.421000000 9.226103163841e-01
1.422000000 9.253978487311e-01
1.423000000 9.280870683734e-01
1.424000000 9.306658692753e-01
1.425000000 9.331216420084e-01
1.426000000 9.354413475997e-01
1.427000000 9.376115940058e-01
1.428000000 9.396187147529e-01
1.429000000 9.414488492725e-01
1.430000000 9.430880244522e-01
1.431000000 9.445222369169e-01
1.432000000 9.457375355511e-01
1.433000000 9.467201037742e-01
1.434000000 9.474563410830e-01
1.435000000 9.479329433816e-01
1.436000000 9.481369816269e-01
1.437000000 9.480559783304e-01
1.438000000 9.476779814697e-01
1.439000000 9.469916353807e-01
1.440000000 9.459862482193e-01
1.441000000 9.446518556062e-01
1.442000000 9.429792800865e-01
1.443000000 9.409601860678e-01
1.444000000 9.385871299238e-01
1.445000000 9.358536049819e-01
1.446000000 9.327540811443e-01
1.447000000 9.292840389240e-01
1.448000000 9.254399977107e-01
1.449000000 9.212195381180e-01
1.450000000 9.166213182959e-01
1.451000000 9.116450841312e-01
1.452000000 9.062916732935e-01
1.453000000 9.005630131215e-01
1.454000000 8.944621123798e-01
1.455000000 8.879930469544e-01
1.456000000 8.811609395894e-01
1.457000000 8.739719338014e-01
1.458000000 8.664331621455e-01
1.459000000 8.585527090356e-01
1.460000000 8.503395683558e-01
1.461000000 8.418035961292e-01
1.462000000 8.329554585391e-01
1.463000000 8.238065756228e-01
1.464000000 8.143690609848e-01
1.465000000 8.046556578969e-01
1.466000000 7.946796721740e-01
1.467000000 7.844549022317e-01
1.468000000 7.739955667474e-01
1.469000000 7.633162303593e-01
1.470000000 7.524317278483e-01
1.471000000 7.413570872538e-01
1.472000000 7.301074523825e-01
1.473000000 7.186980051670e-01
1.474000000 7.071438883344e-01
1.475000000 6.954601288393e-01
1.476000000 6.836615625105e-01
1.477000000 6.717627603518e-01
1.478000000 6.597779569263e-01
1.479000000 6.477209812390e-01
1.480000000 6.356051905179e-01
1.481000000 6.234434072731e-01
1.482000000 6.112478599951e-01
1.483000000 5.990301278285e-01
1.484000000 5.868010895343e-01
1.485000000 5.745708770263e-01
1.486000000 5.623488337395e-01
1.487000000 5.501434780596e-01
1.488000000 5.379624720095e-01
1.489000000 5.258125953605e-01
1.490000000 5.136997252990e-01
1.491000000 5.016288217502e-01
1.492000000 4.896039184216e-01
1.493000000 4.776281196006e-01
1.494000000 4.657036027000e-01
1.495000000 4.538316265173e-01
1.496000000 4.420125451333e-01
1.497000000 4.302458273487e-01
1.498000000 4.185300815194e-01
1.499000000 4.068630856229e-01
1.500000000 3.952418223555e-01
1.501000000 3.836625190337e-01
1.502000000 3.721206920401e-01
1.503000000 3.606111955341e-01
1.504000000 3.491282741185e-01
1.505000000 3.376656191321e-01
1.506000000 3.262164282189e-01
1.507000000 3.147734678046e-01
1.508000000 3.033291380943e-01
1.509000000 2.918755401946e-01
1.510000000 2.804045449485e-01
1.511000000 2.689078630639e-01
1.512000000 2.573771161107e-01
1.513000000 2.458039079564e-01
1.514000000 2.341798962091e-01
1.515000000 2.224968632401e-01
1.516000000 2.107467863568e-01
1.517000000 1.989219067099e-01
1.518000000 1.870147965219e-01
1.519000000 1.750184242380e-01
1.520000000 1.629262172136e-01
1.521000000 1.507321215670e-01
1.522000000 1.384306588465e-01
1.523000000 1.260169791778e-01
1.524000000 1.134869105824e-01
1.525000000 1.008370041792e-01
1.526000000 8.806457500821e-02
1.527000000 7.516773824136e-02
1.528000000 6.214544057292e-02
1.529000000 4.899748661296e-02
1.530000000 3.572456013545e-02
1.531000000 2.232824006509e-02
1.532000000 8.811011117476e-03
1.533000000 -4.823730960152e-03
1.534000000 -1.857167956854e-02
1.535000000 -3.242762284506e-02
1.536000000 -4.638545461799e-02
1.537000000 -6.043819065131e-02
1.538000000 -7.457799007400e-02
1.539000000 -8.879618185699e-02
1.540000000 -1.030832961720e-01
1.541000000 -1.174291004374e-01
1.542000000 -1.318226398297e-01
1.543000000 -1.462522820130e-01
1.544000000 -1.607057658148e-01
1.545000000 -1.751702535537e-01
1.546000000 -1.896323867043e-01
1.547000000 -2.040783445653e-01
1.548000000 -2.184939055804e-01
1.549000000 -2.328645109465e-01
1.550000000 -2.471753301317e-01
1.551000000 -2.614113279159e-01
1.552000000 -2.755573325575e-01
1.553000000 -2.895981046860e-01
1.554000000 -3.035184065160e-01
1.555000000 -3.173030709781e-01
1.556000000 -3.309370703640e-01
1.557000000 -3.444055840862e-01
1.558000000 -3.576940651615e-01
1.559000000 -3.707883050330e-01
1.560000000 -3.836744963601e-01
1.561000000 -3.963392934158e-01
1.562000000 -4.087698697482e-01
1.563000000 -4.209539727794e-01
1.564000000 -4.328799750347e-01
1.565000000 -4.445369217153e-01
1.566000000 -4.559145743503e-01
1.567000000 -4.670034502899e-01
1.568000000 -4.777948578230e-01
1.569000000 -4.882809267332e-01
1.570000000 -4.984546341327e-01
1.571000000 -5.083098254419e-01
1.572000000 -5.178412304131e-01
1.573000000 -5.270444741244e-01
1.574000000 -5.359160829024e-01
1.575000000 -5.444534851600e-01
1.576000000 -5.526550071677e-01
1.577000000 -5.605198638054e-01
1.578000000 -5.680481443724e-01
1.579000000 -5.752407935611e-01
1.580000000 -5.820995877293e-01
1.581000000 -5.886271066332e-01
1.582000000 -5.948267008086e-01
1.583000000 -6.007024548145e-01
1.584000000 -6.062591465756e-01
1.585000000 -6.115022030833e-01
1.586000000 -6.164376527361e-01
1.587000000 -6.210720746174e-01
1.588000000 -6.254125450282e-01
1.589000000 -6.294665816050e-01
1.590000000 -6.332420853684e-01
1.591000000 -6.367472810584e-01
1.592000000 -6.399906561192e-01
1.593000000 -6.429808987077e-01
1.594000000 -6.457268350995e-01
1.595000000 -6.482373668711e-01
1.596000000 -6.505214082368e-01
1.597000000 -6.525878239163e-01
1.598000000 -6.544453679038e-01
1.599000000 -6.561026235040e-01
1.600000000 -6.575679449908e-01
1.601000000 -6.588494012335e-01
1.602000000 -6.599547216237e-01
1.603000000 -6.608912446180e-01
1.604000000 -6.616658692005e-01
1.605000000 -6.622850095435e-01
1.606000000 -6.627545531317e-01
1.607000000 -6.630798225887e-01
1.608000000 -6.632655414243e-01
1.609000000 -6.633158038963e-01
1.610000000 -6.632340491542e-01
1.611000000 -6.630230398087e-01
1.612000000 -6.626848450413e-01
1.613000000 -6.622208283421e-01
1.614000000 -6.616316399368e-01
1.615000000 -6.609172139329e-01
1.616000000 -6.600767701914e-01
1.617000000 -6.591088208962e-01
1.618000000 -6.580111817721e-01
1.619000000 -6.567809878678e-01
1.620000000 -6.554147137997e-01
1.621000000 -6.539081983214e-01
1.622000000 -6.522566730604e-01
1.623000000 -6.504547952390e-01
1.624000000 -6.484966841728e-01
1.625000000 -6.463759613190e-01
1.626000000 -6.440857936243e-01
1.627000000 -6.416189399062e-01
1.628000000 -6.389677999822e-01
1.629000000 -6.361244662451e-01
1.630000000 -6.330807773722e-01
1.631000000 -6.298283738400e-01
1.632000000 -6.263587549105e-01
1.633000000 -6.226633367439e-01
1.634000000 -6.187335112892e-01
1.635000000 -6.145607055988e-01
1.636000000 -6.101364412128e-01
1.637000000 -6.054523932599e-01
1.638000000 -6.005004489212e-01
1.639000000 -5.952727649134e-01
1.640000000 -5.897618236485e-01
1.641000000 -5.839604877416e-01
1.642000000 -5.778620525450e-01
1.643000000 -5.714602964014e-01
1.644000000 -5.647495283234e-01
1.645000000 -5.577246328208e-01
1.646000000 -5.503811116188e-01
1.647000000 -5.427151220233e-01
1.648000000 -5.347235117167e-01
1.649000000 -5.264038497848e-01
1.650000000 -5.177544537986e-01
1.651000000 -5.087744128028e-01
1.652000000 -4.994636060807e-01
1.653000000 -4.898227175967e-01
1.654000000 -4.798532460404e-01
1.655000000 -4.695575104226e-01
1.656000000 -4.589386512002e-01
1.657000000 -4.480006269353e-01
1.658000000 -4.367482065161e-01
1.659000000 -4.251869569975e-01
1.660000000 -4.133232271431e-01
1.661000000 -4.011641267739e-01
1.662000000 -3.887175020573e-01
1.663000000 -3.759919068895e-01
1.664000000 -3.629965705492e-01
1.665000000 -3.497413618216e-01
1.666000000 -3.362367498116e-01
1.667000000 -3.224937616829e-01
1.668000000 -3.085239375800e-01
1.669000000 -2.943392830021e-01
1.670000000 -2.799522189141e-01
1.671000000 -2.653755298930e-01
1.672000000 -2.506223106160e-01
1.673000000 -2.357059110076e-01
1.674000000 -2.206398803685e-01
1.675000000 -2.054379108149e-01
1.676000000 -1.901137803580e-01
1.677000000 -1.746812959566e-01
1.678000000 -1.591542368731e-01
1.679000000 -1.435462986600e-01
1.680000000 -1.278710381006e-01
1.681000000 -1.121418194187e-01
1.682000000 -9.637176206572e-02
1.683000000 -8.057369037940e-02
1.684000000 -6.476008540150e-02
1.685000000 -4.894303912235e-02
1.686000000 -3.313421140856e-02
1.687000000 -1.734478985143e-02
1.688000000 -1.585452756107e-03
1.689000000 1.413366452850e-02
1.690000000 2.980299975913e-02
1.691000000 4.541359026919e-02
1.692000000 6.095709562555e-02
1.693000000 7.642581635915e-02
1.694000000 9.181270868064e-02
1.695000000 1.071113951171e-01
1.696000000 1.223161710296e-01
1.697000000 1.374220069978e-01
1.698000000 1.524245470796e-01
1.699000000 1.673201029815e-01
1.700000000 1.821056441978e-01
1.701000000 1.967787842006e-01
1.702000000 2.113377627870e-01
1.703000000 2.257814247108e-01
1.704000000 2.401091947491e-01
1.705000000 2.543210493751e-01
1.706000000 2.684174852255e-01
1.707000000 2.823994845734e-01
1.708000000 2.962684780315e-01
1.709000000 3.100263047264e-01
1.710000000 3.236751702025e-01
1.711000000 3.372176023208e-01
1.712000000 3.506564054347e-01
1.713000000 3.639946131309e-01
1.714000000 3.772354398312e-01
1.715000000 3.903822315583e-01
1.716000000 4.034384161724e-01
1.717000000 4.164074533848e-01
1.718000000 4.292927848601e-01
1.719000000 4.420977847110e-01
1.720000000 4.548257106923e-01
1.721000000 4.674796563906e-01
1.722000000 4.800625047016e-01
1.723000000 4.925768828792e-01
1.724000000 5.050251194270e-01
1.725000000 5.174092030947e-01
1.726000000 5.297307442255e-01
1.727000000 5.419909386877e-01
1.728000000 5.541905346055e-01
1.729000000 5.663298020898e-01
1.730000000 5.784085061477e-01
1.731000000 5.904258829314e-01
1.732000000 6.023806194677e-01
1.733000000 6.142708369869e-01
1.734000000 6.260940779476e-01
1.735000000 6.378472968327e-01
1.736000000 6.495268547688e-01
1.737000000 6.611285179981e-01
1.738000000 6.726474602081e-01
1.739000000 6.840782687035e-01
1.740000000 6.954149543785e-01
1.741000000 7.066509654291e-01
1.742000000 7.177792047194e-01
1.743000000 7.287920506966e-01
1.744000000 7.396813817275e-01
1.745000000 7.504386037098e-01
1.746000000 7.610546807917e-01
1.747000000 7.715201690173e-01
1.748000000 7.818252526944e-01
1.749000000 7.919597832716e-01
1.750000000 8.019133204900e-01
1.751000000 8.116751755702e-01
1.752000000 8.212344561756e-01
1.753000000 8.305801128902e-01
1.754000000 8.397009869358e-01
1.755000000 8.485858588509e-01
1.756000000 8.572234978449e-01
1.757000000 8.656027115414e-01
1.758000000 8.737123958206e-01
1.759000000 8.815415844728e-01
1.760000000 8.890794983747e-01
1.761000000 8.963155939073e-01
1.762000000 9.032396103352e-01
1.763000000 9.098416158785e-01
1.764000000 9.161120522133e-01
1.765000000 9.220417771498e-01
1.766000000 9.276221052457e-01
1.767000000 9.328448461292e-01
1.768000000 9.377023403159e-01
1.769000000 9.421874923231e-01
1.770000000 9.462938008982e-01
1.771000000 9.500153861998e-01
1.772000000 9.533470137832e-01
1.773000000 9.562841152663e-01
1.774000000 9.588228055686e-01
1.775000000 9.609598966381e-01
1.776000000 9.626929076018e-01
1.777000000 9.640200712948e-01
1.778000000 9.649403371495e-01
1.779000000 9.654533704397e-01
1.780000000 9.655595479060e-01
1.781000000 9.652599498004e-01
1.782000000 9.645563484155e-01
1.783000000 9.634511931825e-01
1.784000000 9.619475924392e-01
1.785000000 9.600492919939e-01
1.786000000 9.577606506232e-01
1.787000000 9.550866126650e-01
1.788000000 9.520326778803e-01
1.789000000 9.486048687750e-01
1.790000000 9.448096955858e-01
1.791000000 9.406541191490e-01
1.792000000 9.361455118797e-01
1.793000000 9.312916171030e-01
1.794000000 9.261005069828e-01
1.795000000 9.205805393059e-01
1.796000000 9.147403133808e-01
1.797000000 9.085886253162e-01
1.798000000 9.021344229485e-01
1.799000000 8.953867606843e-01
1.800000000 8.883547545273e-01
1.801000000 8.810475375542e-01
1.802000000 8.734742161019e-01
1.803000000 8.656438269208e-01
1.804000000 8.575652955448e-01
1.805000000 8.492473961176e-01
1.806000000 8.406987129069e-01
1.807000000 8.319276037267e-01
1.808000000 8.229421654734e-01
1.809000000 8.137502019726e-01
1.810000000 8.043591943123e-01
1.811000000 7.947762738284e-01
1.812000000 7.850081978887e-01
1.813000000 7.750613286038e-01
1.814000000 7.649416145779e-01
1.815000000 7.546545757899e-01
1.816000000 7.442052916801e-01
1.817000000 7.335983924942e-01
1.818000000 7.228380539203e-01
1.819000000 7.119279950309e-01
1.820000000 7.008714795254e-01
1.821000000 6.896713202453e-01
1.822000000 6.783298869187e-01
1.823000000 6.668491170664e-01
1.824000000 6.552305299880e-01
1.825000000 6.434752437253e-01
1.826000000 6.315839948821e-01
1.827000000 6.195571611657e-01
1.828000000 6.073947864964e-01
1.829000000 5.950966085180e-01
1.830000000 5.826620883273e-01
1.831000000 5.700904422298e-01
1.832000000 5.573806753145e-01
1.833000000 5.445316166318e-01
1.834000000 5.315419557503e-01
1.835000000 5.184102804593e-01
1.836000000 5.051351153777e-01
1.837000000 4.917149612262e-01
1.838000000 4.781483345159e-01
1.839000000 4.644338074042e-01
1.840000000 4.505700474689e-01
1.841000000 4.365558571535e-01
1.842000000 4.223902126373e-01
1.843000000 4.080723018901e-01
1.844000000 3.936015616759e-01
1.845000000 3.789777132764e-01
1.846000000 3.642007967144e-01
1.847000000 3.492712032666e-01
1.848000000 3.341897060652e-01
1.849000000 3.189574886004e-01
1.850000000 3.035761709489e-01
1.851000000 2.880478335671e-01
1.852000000 2.723750385037e-01
1.853000000 2.565608478994e-01
1.854000000 2.406088396625e-01
1.855000000 2.245231202211e-01
1.856000000 2.083083342744e-01
1.857000000 1.919696714810e-01
1.858000000 1.755128700421e-01
1.859000000 1.589442171546e-01
1.860000000 1.422705463287e-01
1.861000000 1.254992315836e-01
1.862000000 1.086381785510e-01
1.863000000 9.169581253765e-02
1.864000000 7.468106361338e-02
1.865000000 5.760334880939e-02
1.866000000 4.047255152869e-02
1.867000000 2.329899828611e-02
1.868000000 6.093432911121e-03
1.869000000 -1.113301163896e-02
1.870000000 -2.836884369402e-02
1.871000000 -4.560224534065e-02
1.872000000 -6.282110676053e-02
1.873000000 -8.001306224205e-02
1.874000000 -9.716552765980e-02
1.875000000 -1.142657392093e-01
1.876000000 -1.313007931769e-01
1.877000000 -1.482576865202e-01
1.878000000 -1.651233580298e-01
1.879000000 -1.818847298409e-01
1.880000000 -1.985287490613e-01
1.881000000 -2.150424292848e-01
1.882000000 -2.314128917566e-01
1.883000000 -2.476274059642e-01
1.884000000 -2.636734294291e-01
1.885000000 -2.795386464811e-01
1.886000000 -2.952110058036e-01
1.887000000 -3.106787565458e-01
1.888000000 -3.259304828087e-01
1.889000000 -3.409551363199e-01
1.890000000 -3.557420671249e-01
1.891000000 -3.702810521351e-01
1.892000000 -3.845623213855e-01
1.893000000 -3.985765818692e-01
1.894000000 -4.123150388305e-01
1.895000000 -4.257694144150e-01
1.896000000 -4.389319635892e-01
1.897000000 -4.517954872612e-01
1.898000000 -4.643533425471e-01
1.899000000 -4.765994501492e-01
1.900000000 -4.885282988260e-01
1.901000000 -5.001349469528e-01
1.902000000 -5.114150211878e-01
1.903000000 -5.223647122777e-01
1.904000000 -5.329807680504e-01
1.905000000 -5.432604836625e-01
1.906000000 -5.532016891812e-01
1.907000000 -5.628027345996e-01
1.908000000 -5.720624723962e-01
1.909000000 -5.809802377644e-01
1.910000000 -5.895558266515e-01
1.911000000 -5.977894717582e-01
1.912000000 -6.056818166616e-01
1.913000000 -6.132338882346e-01
1.914000000 -6.204470675437e-01
1.915000000 -6.273230594162e-01
1.916000000 -6.338638608745e-01
1.917000000 -6.400717286387e-01
1.918000000 -6.459491459084e-01
1.919000000 -6.514987886317e-01
1.920000000 -6.567234914758e-01
1.921000000 -6.616262137126e-01
1.922000000 -6.662100052321e-01
1.923000000 -6.704779728951e-01
1.924000000 -6.744332474323e-01
1.925000000 -6.780789510954e-01
1.926000000 -6.814181662559e-01
1.927000000 -6.844539051449e-01
1.928000000 -6.871890809166e-01
1.929000000 -6.896264802103e-01
1.930000000 -6.917687373758e-01
1.931000000 -6.936183105154e-01
1.932000000 -6.951774594860e-01
1.933000000 -6.964482259886e-01
1.934000000 -6.974324158639e-01
1.935000000 -6.981315836947e-01
1.936000000 -6.985470198029e-01
1.937000000 -6.986797397150e-01
1.938000000 -6.985304761525e-01
1.939000000 -6.980996735896e-01
1.940000000 -6.973874854038e-01
1.941000000 -6.963937736301e-01
1.942000000 -6.951181113124e-01
1.943000000 -6.935597874300e-01
1.944000000 -6.917178143634e-01
1.945000000 -6.895909378448e-01
1.946000000 -6.871776493267e-01
1.947000000 -6.844762006862e-01
1.948000000 -6.814846211684e-01
1.949000000 -6.782007364596e-01
1.950000000 -6.746221897679e-01
1.951000000 -6.707464647767e-01
1.952000000 -6.665709103266e-01
1.953000000 -6.620927666695e-01
1.954000000 -6.573091931311e-01
1.955000000 -6.522172970085e-01
1.956000000 -6.468141635234e-01
1.957000000 -6.410968866455e-01
1.958000000 -6.350626005946e-01
1.959000000 -6.287085118278e-01
1.960000000 -6.220319313148e-01
1.961000000 -6.150303069025e-01
1.962000000 -6.077012555717e-01
1.963000000 -6.000425953874e-01
1.964000000 -5.920523769476e-01
1.965000000 -5.837289141403e-01
1.966000000 -5.750708140192e-01
1.967000000 -5.660770056185e-01
1.968000000 -5.567467675300e-01
1.969000000 -5.470797540760e-01
1.970000000 -5.370760199201e-01
1.971000000 -5.267360429645e-01
1.972000000 -5.160607453974e-01
1.973000000 -5.050515127615e-01
1.974000000 -4.937102109290e-01
1.975000000 -4.820392008784e-01
1.976000000 -4.700413511862e-01
1.977000000 -4.577200481534e-01
1.978000000 -4.450792035085e-01
1.979000000 -4.321232596357e-01
1.980000000 -4.188571922976e-01
1.981000000 -4.052865108325e-01
1.982000000 -3.914172558229e-01
1.983000000 -3.772559942461e-01
1.984000000 -3.628098121330e-01
1.985000000 -3.480863047746e-01
1.986000000 -3.330935645309e-01
1.987000000 -3.178401663095e-01
1.988000000 -3.023351507963e-01
1.989000000 -2.865880055310e-01
1.990000000 -2.706086439355e-01
1.991000000 -2.544073824106e-01
1.992000000 -2.379949156316e-01
1.993000000 -2.213822901797e-01
1.994000000 -2.045808766583e-01
1.995000000 -1.876023404480e-01
1.996000000 -1.704586112652e-01
1.997000000 -1.531618516914e-01
1.998000000 -1.357244248493e-01
1.999000000 -1.181588614039e-01
2.000000000 -1.004778260685e-01
2.001000000 -8.269408380145e-02
2.002000000 -6.482046587673e-02
2.003000000 -4.686983601241e-02
2.004000000 -2.885505674071e-02
2.005000000 -1.078895619951e-02
2.006000000 7.315704477423e-03
2.007000000 2.544626299896e-02
2.008000000 4.359018681680e-02
2.009000000 6.173510292675e-02
2.010000000 7.986882641783e-02
2.011000000 9.797938762421e-02
2.012000000 1.160550577441e-01
2.013000000 1.340843727997e-01
2.014000000 1.520561558224e-01
2.015000000 1.699595371590e-01
2.016000000 1.877839728069e-01
2.017000000 2.055192606975e-01
2.018000000 2.231555548598e-01
2.019000000 2.406833774108e-01
2.020000000 2.580936283299e-01
2.021000000 2.753775929914e-01
2.022000000 2.925269474385e-01
2.023000000 3.095337613998e-01
2.024000000 3.263904990609e-01
2.025000000 3.430900176166e-01
2.026000000 3.596255636438e-01
2.027000000 3.759907673469e-01
2.028000000 3.921796347412e-01
2.029000000 4.081865378497e-01
2.030000000 4.240062030031e-01
2.031000000 4.396336973415e-01
2.032000000 4.550644136271e-01
2.033000000 4.702940534873e-01
2.034000000 4.853186092171e-01
2.035000000 5.001343442744e-01
2.036000000 5.147377726134e-01
2.037000000 5.291256370051e-01
2.038000000 5.432948864985e-01
2.039000000 5.572426531826e-01
2.040000000 5.709662284110e-01
2.041000000 5.844630386546e-01
2.042000000 5.977306211480e-01
2.043000000 6.107665994961e-01
2.044000000 6.235686594079e-01
2.045000000 6.361345247198e-01
2.046000000 6.484619338728e-01
2.047000000 6.605486169995e-01
2.048000000 6.723922737750e-01
2.049000000 6.839905521811e-01
2.050000000 6.953410283239e-01
2.051000000 7.064411874402e-01
2.052000000 7.172884062207e-01
2.053000000 7.278799365653e-01
2.054000000 7.382128908824e-01
2.055000000 7.482842290288e-01
2.056000000 7.580907469792e-01
2.057000000 7.676290673030e-01
2.058000000 7.768956315132e-01
2.059000000 7.858866943424e-01
2.060000000 7.945983199868e-01
2.061000000 8.030263803495e-01
2.062000000 8.111665552976e-01
2.063000000 8.190143349407e-01
2.064000000 8.265650239208e-01
2.065000000 8.338137476948e-01
2.066000000 8.407554607767e-01
2.067000000 8.473849568946e-01
2.068000000 8.536968810077e-01
2.069000000 8.596857431146e-01
2.070000000 8.653459337759e-01
2.071000000 8.706717412611e-01
2.072000000 8.756573702232e-01
2.073000000 8.802969617919e-01
2.074000000 8.845846149703e-01
2.075000000 8.885144092107e-01
2.076000000 8.920804280394e-01
2.077000000 8.952767835930e-01
2.078000000 8.980976419242e-01
2.079000000 9.005372489294e-01
2.080000000 9.025899567493e-01
2.081000000 9.042502504878e-01
2.082000000 9.055127750949e-01
2.083000000 9.063723622585e-01
2.084000000 9.068240571482e-01
2.085000000 9.068631448579e-01
2.086000000 9.064851763930e-01
2.087000000 9.056859940543e-01
2.088000000 9.044617560705e-01
2.089000000 9.028089603391e-01
2.090000000 9.007244671391e-01
2.091000000 8.982055206858e-01
2.092000000 8.952497694038e-01
2.093000000 8.918552848048e-01
2.094000000 8.880205788607e-01
2.095000000 8.837446197756e-01
2.096000000 8.790268460670e-01
2.097000000 8.738671788784e-01
2.098000000 8.682660324536e-01
2.099000000 8.622243227162e-01
2.100000000 8.557434739064e-01
2.101000000 8.488254232413e-01
2.102000000 8.414726235731e-01
2.103000000 8.336880440332e-01
2.104000000 8.254751686628e-01
2.105000000 8.168379930374e-01
2.106000000 8.077810189103e-01
2.107000000 7.983092469063e-01
2.108000000 7.884281673109e-01
2.109000000 7.781437490083e-01
2.110000000 7.674624266350e-01
2.111000000 7.563910860229e-01
2.112000000 7.449370480157e-01
2.113000000 7.331080507526e-01
2.114000000 7.209122305207e-01
2.115000000 7.083581012833e-01
2.116000000 6.954545330025e-01
2.117000000 6.822107288754e-01
2.118000000 6.686362016130e-01
2.119000000 6.547407488933e-01
2.120000000 6.405344281245e-01
2.121000000 6.260275306567e-01
2.122000000 6.112305555846e-01
2.123000000 5.961541832815e-01
2.124000000 5.808092488090e-01
2.125000000 5.652067153448e-01
2.126000000 5.493576477687e-01
2.127000000 5.332731865476e-01
2.128000000 5.169645220541e-01
2.129000000 5.004428694533e-01
2.130000000 4.837194442836e-01
2.131000000 4.668054388571e-01
2.132000000 4.497119995947e-01
2.133000000 4.324502054075e-01
2.134000000 4.150310472273e-01
2.135000000 3.974654087827e-01
2.136000000 3.797640487069e-01
2.137000000 3.619375840567e-01
2.138000000 3.439964753117e-01
2.139000000 3.259510129136e-01
2.140000000 3.078113053957e-01
2.141000000 2.895872691414e-01
2.142000000 2.712886198033e-01
2.143000000 2.529248653999e-01
2.144000000 2.345053011001e-01
2.145000000 2.160390056926e-01
2.146000000 1.975348397288e-01
2.147000000 1.790014453166e-01
2.148000000 1.604472475324e-01
2.149000000 1.418804574092e-01
2.150000000 1.233090764483e-01
2.151000000 1.047409025952e-01
2.152000000 8.618353760836e-02
2.153000000 6.764439574346e-02
2.154000000 4.913071366834e-02
2.155000000 3.064956151449e-02
2.156000000 1.220785496671e-02
2.157000000 -6.187631714875e-03
2.158000000 -2.453025185070e-02
2.159000000 -4.281347179080e-02
2.160000000 -6.103085577583e-02
2.161000000 -7.917605033201e-02
2.162000000 -9.724276832443e-02
2.163000000 -1.152247727943e-01
2.164000000 -1.331158607073e-01
2.165000000 -1.509098467383e-01
2.166000000 -1.686005472207e-01
2.167000000 -1.861817643813e-01
2.168000000 -2.036472709859e-01
2.169000000 -2.209907955123e-01
2.170000000 -2.382060079667e-01
2.171000000 -2.552865064541e-01
2.172000000 -2.722258046080e-01
2.173000000 -2.890173199798e-01
2.174000000 -3.056543634805e-01
2.175000000 -3.221301299622e-01
2.176000000 -3.384376900176e-01
2.177000000 -3.545699830703e-01
2.178000000 -3.705198118177e-01
2.179000000 -3.862798380812e-01
2.180000000 -4.018425801111e-01
2.181000000 -4.172004113791e-01
2.182000000 -4.323455608898e-01
2.183000000 -4.472701150248e-01
2.184000000 -4.619660209307e-01
2.185000000 -4.764250914473e-01
2.186000000 -4.906390115658e-01
2.187000000 -5.045993463967e-01
2.188000000 -5.182975506165e-01
2.189000000 -5.317249793561e-01
2.190000000 -5.448729004810e-01
2.191000000 -5.577325082084e-01
2.192000000 -5.702949379965e-01
2.193000000 -5.825512826339e-01
2.194000000 -5.944926094490e-01
2.195000000 -6.061099785538e-01
2.196000000 -6.173944620294e-01
2.197000000 -6.283371639546e-01
2.198000000 -6.389292411752e-01
2.199000000 -6.491619247052e-01
2.200000000 -6.590265416487e-01
2.201000000 -6.685145375284e-01
2.202000000 -6.776174989024e-01
2.203000000 -6.863271761524e-01
2.204000000 -6.946355063204e-01
2.205000000 -7.025346358772e-01
2.206000000 -7.100169433006e-01
2.207000000 -7.170750613451e-01
2.208000000 -7.237018988869e-01
2.209000000 -7.298906622293e-01
2.210000000 -7.356348757575e-01
2.211000000 -7.409284018356e-01
2.212000000 -7.457654598420e-01
2.213000000 -7.501406442466e-01
2.214000000 -7.540489416361e-01
2.215000000 -7.574857466024e-01
2.216000000 -7.604468764124e-01
2.217000000 -7.629285843893e-01
2.218000000 -7.649275719368e-01
2.219000000 -7.664409991516e-01
2.220000000 -7.674664939726e-01
2.221000000 -7.680021598266e-01
2.222000000 -7.680465817371e-01
2.223000000 -7.675988308735e-01
2.224000000 -7.666584675235e-01
2.225000000 -7.652255424835e-01
2.226000000 -7.633005968691e-01
2.227000000 -7.608846603565e-01
2.228000000 -7.579792478744e-01
2.229000000 -7.545863547754e-01
2.230000000 -7.507084505210e-01
2.231000000 -7.463484709277e-01
2.232000000 -7.415098090237e-01
2.233000000 -7.361963045764e-01
2.234000000 -7.304122323569e-01
2.235000000 -7.241622892148e-01
2.236000000 -7.174515800413e-01
2.237000000 -7.102856027045e-01
2.238000000 -7.026702320480e-01
2.239000000 -6.946117030446e-01
2.240000000 -6.861165932034e-01
2.241000000 -6.771918043314e-01
2.242000000 -6.678445437522e-01
2.243000000 -6.580823050882e-01
2.244000000 -6.479128487115e-01
2.245000000 -6.373441819731e-01
2.246000000 -6.263845393151e-01
2.247000000 -6.150423623752e-01
2.248000000 -6.033262801877e-01
2.249000000 -5.912450895853e-01
2.250000000 -5.788077359025e-01
2.251000000 -5.660232940791e-01
2.252000000 -5.529009502590e-01
2.253000000 -5.394499839733e-01
2.254000000 -5.256797509942e-01
2.255000000 -5.115996669408e-01
2.256000000 -4.972191917104e-01
2.257000000 -4.825478148048e-01
2.258000000 -4.675950416142e-01
2.259000000 -4.523703807139e-01
2.260000000 -4.368833322226e-01
2.261000000 -4.211433772632e-01
2.262000000 -4.051599685608e-01
2.263000000 -3.889425222025e-01
2.264000000 -3.725004105794e-01
2.265000000 -3.558429565189e-01
2.266000000 -3.389794286118e-01
2.267000000 -3.219190377289e-01
2.268000000 -3.046709347129e-01
2.269000000 -2.872442092267e-01
2.270000000 -2.696478897293e-01
2.271000000 -2.518909445449e-01
2.272000000 -2.339822839826e-01
2.273000000 -2.159307634583e-01
2.274000000 -1.977451875638e-01
2.275000000 -1.794343150232e-01
2.276000000 -1.610068644680e-01
2.277000000 -1.424715209625e-01
2.278000000 -1.238369432014e-01
2.279000000 -1.051117712997e-01
2.280000000 -8.630463509288e-02
2.281000000 -6.742416285879e-02
2.282000000 -4.847899037370e-02
2.283000000 -2.947777021060e-02
2.284000000 -1.042918118790e-02
2.285000000 8.658062124503e-03
2.286000000 2.777519993506e-02
2.287000000 4.691341788891e-02
2.288000000 6.606383794647e-02
2.289000000 8.521750957244e-02
2.290000000 1.043654013230e-01
2.291000000 1.234983929167e-01
2.292000000 1.426072678712e-01
2.293000000 1.616827067834e-01
2.294000000 1.807152813289e-01
2.295000000 1.996954490480e-01
2.296000000 2.186135489852e-01
2.297000000 2.374597982390e-01
2.298000000 2.562242894769e-01
2.299000000 2.748969894620e-01
2.300000000 2.934677386326e-01
2.301000000 3.119262517676e-01
2.302000000 3.302621197671e-01
2.303000000 3.484648125666e-01
2.304000000 3.665236831998e-01
2.305000000 3.844279730149e-01
2.306000000 4.021668180439e-01
2.307000000 4.197292565174e-01
2.308000000 4.371042375080e-01
2.309000000 4.542806306823e-01
2.310000000 4.712472371307e-01
2.311000000 4.879928012400e-01
2.312000000 5.045060235673e-01
2.313000000 5.207755746656e-01
2.314000000 5.367901098084e-01
2.315000000 5.525382845528e-01
2.316000000 5.680087710773e-01
2.317000000 5.831902752235e-01
2.318000000 5.980715541689e-01
2.319000000 6.126414346537e-01
2.320000000 6.268888316783e-01
2.321000000 6.408027675898e-01
2.322000000 6.543723914702e-01
2.323000000 6.675869987375e-01
2.324000000 6.804360508710e-01
2.325000000 6.929091951688e-01
2.326000000 7.049962844489e-01
2.327000000 7.166873966005e-01
2.328000000 7.279728538977e-01
2.329000000 7.388432419863e-01
2.330000000 7.492894284563e-01
2.331000000 7.593025809164e-01
2.332000000 7.688741844879e-01
2.333000000 7.779960586399e-01
2.334000000 7.866603732909e-01
2.335000000 7.948596641052e-01
2.336000000 8.025868469187e-01
2.337000000 8.098352312316e-01
2.338000000 8.165985327129e-01
2.339000000 8.228708846634e-01
2.340000000 8.286468483955e-01
2.341000000 8.339214224870e-01
2.342000000 8.386900508779e-01
2.343000000 8.429486297835e-01
2.344000000 8.466935134019e-01
2.345000000 8.499215184034e-01
2.346000000 8.526299271942e-01
2.347000000 8.548164899533e-01
2.348000000 8.564794254483e-01
2.349000000 8.576174206421e-01
2.350000000 8.582296291099e-01
2.351000000 8.583156682894e-01
2.352000000 8.578756155955e-01
2.353000000 8.569100034366e-01
2.354000000 8.554198131720e-01
2.355000000 8.534064680596e-01
2.356000000 8.508718252431e-01
2.357000000 8.478181668380e-01
2.358000000 8.442481901732e-01
2.359000000 8.401649972550e-01
2.360000000 8.355720835199e-01
2.361000000 8.304733259462e-01
2.362000000 8.248729705973e-01
2.363000000 8.187756196723e-01
2.364000000 8.121862181388e-01
2.365000000 8.051100400261e-01
2.366000000 7.975526744564e-01
2.367000000 7.895200114926e-01
2.368000000 7.810182278788e-01
2.369000000 7.720537727524e-01
2.370000000 7.626333534017e-01
2.371000000 7.527639211429e-01
2.372000000 7.424526573892e-01
2.373000000 7.317069599795e-01
2.374000000 7.205344298337e-01
2.375000000 7.089428579965e-01
2.376000000 6.969402131291e-01
2.377000000 6.845346295031e-01
2.378000000 6.717343955470e-01
2.379000000 6.585479429916e-01
2.380000000 6.449838366545e-01
2.381000000 6.310507648997e-01
2.382000000 6.167575308029e-01
2.383000000 6.021130440474e-01
2.384000000 5.871263135702e-01
2.385000000 5.718064409720e-01
2.386000000 5.561626146995e-01
2.387000000 5.402041050026e-01
2.388000000 5.239402596639e-01
2.389000000 5.073805004903e-01
2.390000000 4.905343205550e-01
2.391000000 4.734112821688e-01
2.392000000 4.560210155562e-01
2.393000000 4.383732182076e-01
2.394000000 4.204776548733e-01
2.395000000 4.023441581592e-01
2.396000000 3.839826296827e-01
2.397000000 3.654030417419e-01
2.398000000 3.466154394460e-01
2.399000000 3.276299432552e-01
2.400000000 3.084567518727e-01
2.401000000 2.891061454295e-01
2.402000000 2.695884889014e-01
2.403000000 2.499142356954e-01
2.404000000 2.300939313412e-01
2.405000000 2.101382172235e-01
2.406000000 1.900578342886e-01
2.407000000 1.698636266623e-01
2.408000000 1.495665451119e-01
2.409000000 1.291776502897e-01
2.410000000 1.087081156957e-01
2.411000000 8.816923029673e-02
2.412000000 6.757240074566e-02
2.413000000 4.692915314185e-02
2.414000000 2.625113428071e-02
2.415000000 5.550112341152e-03
2.416000000 -1.516202303590e-02
2.417000000 -3.587326132125e-02
2.418000000 -5.657147236274e-02
2.419000000 -7.724440837713e-02
2.420000000 -9.787970669890e-02
2.421000000 -1.184648933120e-01
2.422000000 -1.389873871852e-01
2.423000000 -1.594345054276e-01
2.424000000 -1.797934692741e-01
2.425000000 -2.000514109079e-01
2.426000000 -2.201953811197e-01
2.427000000 -2.402123577991e-01
2.428000000 -2.600892552489e-01
2.429000000 -2.798129343063e-01
2.430000000 -2.993702132527e-01
2.431000000 -3.187478794859e-01
2.432000000 -3.379327019255e-01
2.433000000 -3.569114441180e-01
2.434000000 -3.756708780022e-01
2.435000000 -3.941977982930e-01
2.436000000 -4.124790374365e-01
2.437000000 -4.305014810872e-01
2.438000000 -4.482520840521e-01
2.439000000 -4.657178866478e-01
2.440000000 -4.828860314093e-01
2.441000000 -4.997437800901e-01
2.442000000 -5.162785308904e-01
2.443000000 -5.324778358478e-01
2.444000000 -5.483294183256e-01
2.445000000 -5.638211905295e-01
2.446000000 -5.789412709883e-01
2.447000000 -5.936780019282e-01
2.448000000 -6.080199664763e-01
2.449000000 -6.219560056241e-01
2.450000000 -6.354752348885e-01
2.451000000 -6.485670606039e-01
2.452000000 -6.612211957858e-01
2.453000000 -6.734276755040e-01
2.454000000 -6.851768717086e-01
2.455000000 -6.964595074553e-01
2.456000000 -7.072666704769e-01
2.457000000 -7.175898260539e-01
2.458000000 -7.274208291389e-01
2.459000000 -7.367519356955e-01
2.460000000 -7.455758132128e-01
2.461000000 -7.538855503661e-01
2.462000000 -7.616746657923e-01
2.463000000 -7.689371159595e-01
2.464000000 -7.756673021106e-01
2.465000000 -7.818600762658e-01
2.466000000 -7.875107462766e-01
2.467000000 -7.926150799237e-01
2.468000000 -7.971693080618e-01
2.469000000 -8.011701268129e-01
2.470000000 -8.046146988193e-01
2.471000000 -8.075006535686e-01
2.472000000 -8.098260868095e-01
2.473000000 -8.115895590804e-01
2.474000000 -8.127900933762e-01
2.475000000 -8.134271719849e-01
2.476000000 -8.135007325257e-01
2.477000000 -8.130111632277e-01
2.478000000 -8.119592974878e-01
2.479000000 -8.103464077508e-01
2.480000000 -8.081741987589e-01
2.481000000 -8.054448002161e-01
2.482000000 -8.021607589189e-01
2.483000000 -7.983250304039e-01
2.484000000 -7.939409701647e-01
2.485000000 -7.890123244920e-01
2.486000000 -7.835432209916e-01
2.487000000 -7.775381588329e-01
2.488000000 -7.710019987839e-01
2.489000000 -7.639399530863e-01
2.490000000 -7.563575752224e-01
2.491000000 -7.482607496287e-01
2.492000000 -7.396556814031e-01
2.493000000 -7.305488860588e-01
2.494000000 -7.209471793684e-01
2.495000000 -7.108576673454e-01
2.496000000 -7.002877364043e-01
2.497000000 -6.892450437390e-01
2.498000000 -6.777375079561e-01
2.499000000 -6.657732999972e-01
2.500000000 -6.533608343794e-01
2.501000000 -6.405087607805e-01
2.502000000 -6.272259559938e-01
2.503000000 -6.135215162686e-01
2.504000000 -5.994047500559e-01
2.505000000 -5.848851711663e-01
2.506000000 -5.699724923523e-01
2.507000000 -5.546766193159e-01
2.508000000 -5.390076451418e-01
2.509000000 -5.229758451540e-01
2.510000000 -5.065916721863e-01
2.511000000 -4.898657522556e-01
2.512000000 -4.728088806243e-01
2.513000000 -4.554320182325e-01
2.514000000 -4.377462884778e-01
2.515000000 -4.197629743196e-01
2.516000000 -4.014935156792e-01
2.517000000 -3.829495071055e-01
2.518000000 -3.641426956740e-01
2.519000000 -3.450849790841e-01
2.520000000 -3.257884039172e-01
2.521000000 -3.062651640187e-01
2.522000000 -2.865275989619e-01
2.523000000 -2.665881925543e-01
2.524000000 -2.464595713444e-01
2.525000000 -2.261545030862e-01
2.526000000 -2.056858951188e-01
2.527000000 -1.850667926192e-01
2.528000000 -1.643103766863e-01
2.529000000 -1.434299622143e-01
2.530000000 -1.224389955154e-01
2.531000000 -1.013510516524e-01
2.532000000 -8.017983144446e-02
2.533000000 -5.893915810944e-02
2.534000000 -3.764297350897e-02
2.535000000 -1.630533396562e-02
2.536000000 5.059594377573e-03
2.537000000 2.643754068106e-02
2.538000000 4.781413503980e-02
2.539000000 6.917491464152e-02
2.540000000 9.050533046938e-02
2.541000000 1.117907545629e-01
2.542000000 1.330164878471e-01
2.543000000 1.541677685375e-01
2.544000000 1.752297811230e-01
2.545000000 1.961876659271e-01
2.546000000 2.170265292435e-01
2.547000000 2.377314540377e-01
2.548000000 2.582875112036e-01
2.549000000 2.786797713604e-01
2.550000000 2.988933171718e-01
2.551000000 3.189132561641e-01
2.552000000 3.387247340207e-01
2.553000000 3.583129483228e-01
2.554000000 3.776631627057e-01
2.555000000 3.967607213973e-01
2.556000000 4.155910641017e-01
2.557000000 4.341397411883e-01
2.558000000 4.523924291466e-01
2.559000000 4.703349462622e-01
2.560000000 4.879532684693e-01
2.561000000 5.052335453338e-01
2.562000000 5.221621161187e-01
2.563000000 5.387255258834e-01
2.564000000 5.549105415672e-01
2.565000000 5.707041680085e-01
2.566000000 5.860936638478e-01
2.567000000 6.010665572664e-01
2.568000000 6.156106615111e-01
2.569000000 6.297140901550e-01
2.570000000 6.433652720488e-01
2.571000000 6.565529659139e-01
2.572000000 6.692662745340e-01
2.573000000 6.814946585001e-01
2.574000000 6.932279494687e-01
2.575000000 7.044563628933e-01
2.576000000 7.151705101921e-01
2.577000000 7.253614103175e-01
2.578000000 7.350205006947e-01
2.579000000 7.441396475022e-01
2.580000000 7.527111552664e-01
2.581000000 7.607277757472e-01
2.582000000 7.681827160969e-01
2.583000000 7.750696462730e-01
2.584000000 7.813827056935e-01
2.585000000 7.871165091247e-01
2.586000000 7.922661517937e-01
2.587000000 7.968272137239e-01
2.588000000 8.007957632925e-01
2.589000000 8.041683600141e-01
2.590000000 8.069420565570e-01
2.591000000 8.091144000013e-01
2.592000000 8.106834323527e-01
2.593000000 8.116476903270e-01
2.594000000 8.120062044243e-01
2.595000000 8.117584973131e-01
2.596000000 8.109045815500e-01
2.597000000 8.094449566588e-01
2.598000000 8.073806055981e-01
2.599000000 8.047129906474e-01
2.600000000 8.014440487430e-01
2.601000000 7.975761862976e-01
2.602000000 7.931122735365e-01
2.603000000 7.880556383874e-01
2.604000000 7.824100599590e-01
2.605000000 7.761797616455e-01
2.606000000 7.693694038938e-01
2.607000000 7.619840766708e-01
2.608000000 7.540292916673e-01
2.609000000 7.455109742752e-01
2.610000000 7.364354553745e-01
2.611000000 7.268094629640e-01
2.612000000 7.166401136705e-01
2.613000000 7.059349041694e-01
2.614000000 6.947017025473e-01
2.615000000 6.829487396366e-01
2.616000000 6.706846003508e-01
2.617000000 6.579182150449e-01
2.618000000 6.446588509257e-01
2.619000000 6.309161035342e-01
2.620000000 6.166998883185e-01
2.621000000 6.020204323136e-01
2.622000000 5.868882659453e-01
2.623000000 5.713142149662e-01
2.624000000 5.553093925375e-01
2.625000000 5.388851914592e-01
2.626000000 5.220532765567e-01
2.627000000 5.048255772222e-01
2.628000000 4.872142801131e-01
2.629000000 4.692318220014e-01
2.630000000 4.508908827696e-01
2.631000000 4.322043785456e-01
2.632000000 4.131854549647e-01
2.633000000 3.938474805475e-01
2.634000000 3.742040401792e-01
2.635000000 3.542689286728e-01
2.636000000 3.340561444004e-01
2.637000000 3.135798829711e-01
2.638000000 2.928545309357e-01
2.639000000 2.718946594963e-01
2.640000000 2.507150181972e-01
2.641000000 2.293305285742e-01
2.642000000 2.077562777369e-01
2.643000000 1.860075118611e-01
2.644000000 1.640996295641e-01
2.645000000 1.420481751406e-01
2.646000000 1.198688316324e-01
2.647000000 9.757741371019e-02
2.648000000 7.518986034183e-02
2.649000000 5.272222722598e-02
2.650000000 3.019067896936e-02
2.651000000 7.611480987131e-03
2.652000000 -1.499900889212e-02
2.653000000 -3.762434913414e-02
2.654000000 -6.024802353495e-02
2.655000000 -8.285345059851e-02
2.656000000 -1.054239932678e-01
2.657000000 -1.279429690186e-01
2.658000000 -1.503936603233e-01
2.659000000 -1.727593254895e-01
2.660000000 -1.950232098758e-01
2.661000000 -2.171685574853e-01
2.662000000 -2.391786229329e-01
2.663000000 -2.610366837838e-01
2.664000000 -2.827260532524e-01
2.665000000 -3.042300932545e-01
2.666000000 -3.255322277978e-01
2.667000000 -3.466159566979e-01
2.668000000 -3.674648695990e-01
2.669000000 -3.880626602829e-01
2.670000000 -4.083931412418e-01
2.671000000 -4.284402584911e-01
2.672000000 -4.481881065961e-01
2.673000000 -4.676209438840e-01
2.674000000 -4.867232078107e-01
2.675000000 -5.054795304514e-01
2.676000000 -5.238747540809e-01
2.677000000 -5.418939468097e-01
2.678000000 -5.595224182390e-01
2.679000000 -5.767457350993e-01
2.680000000 -5.935497368345e-01
2.681000000 -6.099205510927e-01
2.682000000 -6.258446090867e-01
2.683000000 -6.413086607842e-01
2.684000000 -6.562997898901e-01
2.685000000 -6.708054285824e-01
2.686000000 -6.848133719626e-01
2.687000000 -6.983117921852e-01
2.688000000 -7.112892522281e-01
2.689000000 -7.237347192696e-01
2.690000000 -7.356375776364e-01
2.691000000 -7.469876412910e-01
2.692000000 -7.577751658259e-01
2.693000000 -7.679908599356e-01
2.694000000 -7.776258963375e-01
2.695000000 -7.866719221168e-01
2.696000000 -7.951210684700e-01
2.697000000 -8.029659598273e-01
2.698000000 -8.101997223311e-01
2.699000000 -8.168159916572e-01
2.700000000 -8.228089201612e-01
2.701000000 -8.281731833382e-01
2.702000000 -8.329039855872e-01
2.703000000 -8.369970652721e-01
2.704000000 -8.404486990739e-01
2.705000000 -8.432557056329e-01
2.706000000 -8.454154484815e-01
2.707000000 -8.469258382679e-01
2.708000000 -8.477853342798e-01
2.709000000 -8.479929452712e-01
2.710000000 -8.475482296057e-01
2.711000000 -8.464512947261e-01
2.712000000 -8.447027959647e-01
2.713000000 -8.423039347108e-01
2.714000000 -8.392564559525e-01
2.715000000 -8.355626452127e-01
2.716000000 -8.312253249002e-01
2.717000000 -8.262478500976e-01
2.718000000 -8.206341038110e-01
2.719000000 -8.143884917047e-01
2.720000000 -8.075159363481e-01
2.721000000 -8.000218709991e-01
2.722000000 -7.919122329529e-01
2.723000000 -7.831934564825e-01
2.724000000 -7.738724653976e-01
2.725000000 -7.639566652516e-01
2.726000000 -7.534539352214e-01
2.727000000 -7.423726196895e-01
2.728000000 -7.307215195526e-01
2.729000000 -7.185098832855e-01
2.730000000 -7.057473977822e-01
2.731000000 -6.924441790018e-01
2.732000000 -6.786107624391e-01
2.733000000 -6.642580934452e-01
2.734000000 -6.493975174161e-01
2.735000000 -6.340407698702e-01
2.736000000 -6.181999664320e-01
2.737000000 -6.018875927386e-01
2.738000000 -5.851164942829e-01
2.739000000 -5.678998662078e-01
2.740000000 -5.502512430603e-01
2.741000000 -5.321844885181e-01
2.742000000 -5.137137850930e-01
2.743000000 -4.948536238197e-01
2.744000000 -4.756187939325e-01
2.745000000 -4.560243725324e-01
2.746000000 -4.360857142464e-01
2.747000000 -4.158184408759e-01
2.748000000 -3.952384310344e-01
2.749000000 -3.743618097671e-01
2.750000000 -3.532049381501e-01
2.751000000 -3.317844028594e-01
2.752000000 -3.101170057042e-01
2.753000000 -2.882197531130e-01
2.754000000 -2.661098455641e-01
2.755000000 -2.438046669480e-01
2.756000000 -2.213217738515e-01
2.757000000 -1.986788847490e-01
2.758000000 -1.758938690910e-01
2.759000000 -1.529847362740e-01
2.760000000 -1.299696244810e-01
2.761000000 -1.068667893772e-01
2.762000000 -8.369459265107e-02
2.763000000 -6.047149038451e-02
2.764000000 -3.721602124337e-02
2.765000000 -1.394679447499e-02
2.766000000 9.317522297089e-03
2.767000000 3.255821549097e-02
2.768000000 5.575653820539e-02
2.769000000 7.889372308715e-02
2.770000000 1.019509954330e-01
2.771000000 1.249095865305e-01
2.772000000 1.477507472412e-01
2.773000000 1.704557618263e-01
2.774000000 1.930059620169e-01
2.775000000 2.153827413238e-01
2.776000000 2.375675695845e-01
2.777000000 2.595420077421e-01
2.778000000 2.812877228467e-01
2.779000000 3.027865032699e-01
2.780000000 3.240202741224e-01
2.781000000 3.449711128587e-01
2.782000000 3.656212650546e-01
2.783000000 3.859531603400e-01
2.784000000 4.059494284669e-01
2.785000000 4.255929154928e-01
2.786000000 4.448667000549e-01
2.787000000 4.637541097122e-01
2.788000000 4.822387373282e-01
2.789000000 5.003044574677e-01
2.790000000 5.179354427777e-01
2.791000000 5.351161803238e-01
2.792000000 5.518314878495e-01
2.793000000 5.680665299271e-01
2.794000000 5.838068339671e-01
2.795000000 5.990383060530e-01
2.796000000 6.137472465666e-01
2.797000000 6.279203655702e-01
2.798000000 6.415447979112e-01
2.799000000 6.546081180141e-01
2.800000000 6.670983543261e-01
2.801000000 6.790040033819e-01
2.802000000 6.903140434551e-01
2.803000000 7.010179477626e-01
2.804000000 7.111056971896e-01
2.805000000 7.205677925065e-01
2.806000000 7.293952660454e-01
2.807000000 7.375796928089e-01
2.808000000 7.451132009846e-01
2.809000000 7.519884818386e-01
2.810000000 7.581987989659e-01
2.811000000 7.637379968733e-01
2.812000000 7.686005088778e-01
2.813000000 7.727813642997e-01
2.814000000 7.762761949357e-01
2.815000000 7.790812407988e-01
2.816000000 7.811933551115e-01
2.817000000 7.826100085446e-01
2.818000000 7.833292926940e-01
2.819000000 7.833499227902e-01
2.820000000 7.826712396387e-01
2.821000000 7.812932107906e-01
2.822000000 7.792164309465e-01
2.823000000 7.764421215962e-01
2.824000000 7.729721299023e-01
2.825000000 7.688089268365e-01
2.826000000 7.639556045776e-01
2.827000000 7.584158731863e-01
2.828000000 7.521940565696e-01
2.829000000 7.452950877519e-01
2.830000000 7.377245034717e-01
2.831000000 7.294884381220e-01
2.832000000 7.205936170576e-01
2.833000000 7.110473492895e-01
2.834000000 7.008575195919e-01
2.835000000 6.900325800460e-01
2.836000000 6.785815410453e-01
2.837000000 6.665139617896e-01
2.838000000 6.538399402945e-01
2.839000000 6.405701029427e-01
2.840000000 6.267155936059e-01
2.841000000 6.122880623637e-01
2.842000000 5.972996538480e-01
2.843000000 5.817629952395e-01
2.844000000 5.656911839432e-01
2.845000000 5.490977749708e-01
2.846000000 5.319967680533e-01
2.847000000 5.144025945110e-01
2.848000000 4.963301039047e-01
2.849000000 4.777945504900e-01
2.850000000 4.588115794987e-01
2.851000000 4.393972132660e-01
2.852000000 4.195678372251e-01
2.853000000 3.993401857861e-01
2.854000000 3.787313281169e-01
2.855000000 3.577586538395e-01
2.856000000 3.364398586586e-01
2.857000000 3.147929299317e-01
2.858000000 2.928361321932e-01
2.859000000 2.705879926404e-01
2.860000000 2.480672865904e-01
2.861000000 2.252930229118e-01
2.862000000 2.022844294381e-01
2.863000000 1.790609383634e-01
2.864000000 1.556421716242e-01
2.865000000 1.320479262651e-01
2.866000000 1.082981597902e-01
2.867000000 8.441297549596e-02
2.868000000 6.041260778219e-02
2.869000000 3.631740743875e-02
2.870000000 1.214782690076e-02
2.871000000 -1.207559453230e-02
2.872000000 -3.633224552060e-02
2.873000000 -6.060145755782e-02
2.874000000 -8.486251990242e-02
2.875000000 -1.090946945737e-01
2.876000000 -1.332772314203e-01
2.877000000 -1.573893832687e-01
2.878000000 -1.814104211595e-01
2.879000000 -2.053196496773e-01
2.880000000 -2.290964223820e-01
2.881000000 -2.527201573469e-01
2.882000000 -2.761703528085e-01
2.883000000 -2.994266029317e-01
2.884000000 -3.224686136955e-01
2.885000000 -3.452762188989e-01
2.886000000 -3.678293962889e-01
2.887000000 -3.901082838107e-01
2.888000000 -4.120931959767e-01
2.889000000 -4.337646403515e-01
2.890000000 -4.551033341479e-01
2.891000000 -4.760902209264e-01
2.892000000 -4.967064873911e-01
2.893000000 -5.169335802690e-01
2.894000000 -5.367532232643e-01
2.895000000 -5.561474340704e-01
2.896000000 -5.750985414257e-01
2.897000000 -5.935892021960e-01
2.898000000 -6.116024184621e-01
2.899000000 -6.291215545951e-01
2.900000000 -6.461303542924e-01
2.901000000 -6.626129575543e-01
2.902000000 -6.785539175720e-01
2.903000000 -6.939382175015e-01
2.904000000 -7.087512870939e-01
2.905000000 -7.229790191526e-01
2.906000000 -7.366077857855e-01
2.907000000 -7.496244544202e-01
2.908000000 -7.620164035500e-01
2.909000000 -7.737715381752e-01
2.910000000 -7.848783049062e-01
2.911000000 -7.953257066940e-01
2.912000000 -8.051033171512e-01
2.913000000 -8.142012944296e-01
2.914000000 -8.226103946187e-01
2.915000000 -8.303219846293e-01
2.916000000 -8.373280545287e-01
2.917000000 -8.436212292918e-01
2.918000000 -8.491947799367e-01
2.919000000 -8.540426340097e-01
2.920000000 -8.581593853902e-01
2.921000000 -8.615403033850e-01
2.922000000 -8.641813410817e-01
2.923000000 -8.660791429358e-01
2.924000000 -8.672310515641e-01
2.925000000 -8.676351137218e-01
2.926000000 -8.672900854412e-01
2.927000000 -8.661954363109e-01
2.928000000 -8.643513528798e-01
2.929000000 -8.617587411691e-01
2.930000000 -8.584192282797e-01
2.931000000 -8.543351630842e-01
2.932000000 -8.495096159962e-01
2.933000000 -8.439463778098e-01
2.934000000 -8.376499576081e-01
2.935000000 -8.306255797383e-01
2.936000000 -8.228791798580e-01
2.937000000 -8.144174000550e-01
2.938000000 -8.052475830504e-01
2.939000000 -7.953777654925e-01
2.940000000 -7.848166703563e-01
2.941000000 -7.735736984620e-01
2.942000000 -7.616589191301e-01
2.943000000 -7.490830599930e-01
2.944000000 -7.358574959846e-01
2.945000000 -7.219942375319e-01
2.946000000 -7.075059179740e-01
2.947000000 -6.924057802368e-01
2.948000000 -6.767076627924e-01
2.949000000 -6.604259849342e-01
2.950000000 -6.435757314001e-01
2.951000000 -6.261724363772e-01
2.952000000 -6.082321669228e-01
2.953000000 -5.897715058378e-01
2.954000000 -5.708075340277e-01
2.955000000 -5.513578123893e-01
2.956000000 -5.314403632599e-01
2.957000000 -5.110736514658e-01
2.958000000 -4.902765650099e-01
2.959000000 -4.690683954330e-01
2.960000000 -4.474688178880e-01
2.961000000 -4.254978709633e-01
2.962000000 -4.031759362908e-01
2.963000000 -3.805237179746e-01
2.964000000 -3.575622218742e-01
2.965000000 -3.343127347761e-01
2.966000000 -3.107968034855e-01
2.967000000 -2.870362138690e-01
2.968000000 -2.630529698779e-01
2.969000000 -2.388692725796e-01
2.970000000 -2.145074992235e-01
2.971000000 -1.899901823667e-01
2.972000000 -1.653399890810e-01
2.973000000 -1.405797002628e-01
2.974000000 -1.157321900658e-01
2.975000000 -9.082040547221e-02
2.976000000 -6.586734601974e-02
2.977000000 -4.089604369620e-02
2.978000000 -1.592954301453e-02
2.979000000 9.009118722419e-03
2.980000000 3.389693095920e-02
2.981000000 5.871092922084e-02
2.982000000 8.342821423711e-02
2.983000000 1.080259708549e-01
2.984000000 1.324814867375e-01
2.985000000 1.567721708496e-01
2.986000000 1.808755717315e-01
2.987000000 2.047693955618e-01
2.988000000 2.284315240149e-01
2.989000000 2.518400319158e-01
2.990000000 2.749732046984e-01
2.991000000 2.978095556724e-01
2.992000000 3.203278431059e-01
2.993000000 3.425070871295e-01
2.994000000 3.643265864692e-01
2.995000000 3.857659350153e-01
2.996000000 4.068050382330e-01
2.997000000 4.274241294225e-01
2.998000000 4.476037858340e-01
2.999000000 4.673249446425e-01
3.000000000 4.865689187882e-01
3.001000000 5.053174126862e-01
3.002000000 5.235525378078e-01
3.003000000 5.412568281357e-01
3.004000000 5.584132554935e-01
3.005000000 5.750052447489e-01
3.006000000 5.910166888884e-01
3.007000000 6.064319639592e-01
3.008000000 6.212359438738e-01
3.009000000 6.354140150698e-01
3.010000000 6.489520910160e-01
3.011000000 6.618366265549e-01
3.012000000 6.740546320687e-01
3.013000000 6.855936874557e-01
3.014000000 6.964419558993e-01
3.015000000 7.065881974151e-01
3.016000000 7.160217821530e-01
3.017000000 7.247327034367e-01
3.018000000 7.327115905150e-01
3.019000000 7.399497210034e-01
3.020000000 7.464390329868e-01
3.021000000 7.521721367601e-01
3.022000000 7.571423261746e-01
3.023000000 7.613435895628e-01
3.024000000 7.647706202104e-01
3.025000000 7.674188263434e-01
3.026000000 7.692843405989e-01
3.027000000 7.703640289457e-01
3.028000000 7.706554990225e-01
3.029000000 7.701571078591e-01
3.030000000 7.688679689480e-01
3.031000000 7.667879586318e-01
3.032000000 7.639177217745e-01
3.033000000 7.602586766826e-01
3.034000000 7.558130192457e-01
3.035000000 7.505837262637e-01
3.036000000 7.445745579319e-01
3.037000000 7.377900594542e-01
3.038000000 7.302355617583e-01
3.039000000 7.219171812855e-01
3.040000000 7.128418188329e-01
3.041000000 7.030171574241e-01
3.042000000 6.924516591903e-01
3.043000000 6.811545612435e-01
3.044000000 6.691358705253e-01
3.045000000 6.564063576208e-01
3.046000000 6.429775495262e-01
3.047000000 6.288617213622e-01
3.048000000 6.140718870309e-01
3.049000000 5.986217888116e-01
3.050000000 5.825258858998e-01
3.051000000 5.657993418918e-01
3.052000000 5.484580112232e-01
3.053000000 5.305184245719e-01
3.054000000 5.119977732388e-01
3.055000000 4.929138925236e-01
3.056000000 4.732852441142e-01
3.057000000 4.531308975139e-01
3.058000000 4.324705105311e-01
3.059000000 4.113243088599e-01
3.060000000 3.897130647833e-01
3.061000000 3.676580750332e-01
3.062000000 3.451811378422e-01
3.063000000 3.223045292284e-01
3.064000000 2.990509785514e-01
3.065000000 2.754436433860e-01
3.066000000 2.515060837553e-01
3.067000000 2.272622357736e-01
3.068000000 2.027363847446e-01
3.069000000 1.779531377670e-01
3.070000000 1.529373958969e-01
3.071000000 1.277143259213e-01
3.072000000 1.023093317924e-01
3.073000000 7.674802577958e-02
3.074000000 5.105619939006e-02
3.075000000 2.525979411398e-02
3.076000000 -6.151279533349e-04
3.077000000 -2.654241355771e-02
3.078000000 -5.249584774840e-02
3.079000000 -7.844918330377e-02
3.080000000 -1.043761700689e-01
3.081000000 -1.302505841551e-01
3.082000000 -1.560462569516e-01
3.083000000 -1.817371039023e-01
3.084000000 -2.072971530021e-01
3.085000000 -2.327005729674e-01
3.086000000 -2.579217010390e-01
3.087000000 -2.829350703784e-01
3.088000000 -3.077154370176e-01
3.089000000 -3.322378063277e-01
3.090000000 -3.564774589733e-01
3.091000000 -3.804099763213e-01
3.092000000 -4.040112652757e-01
3.093000000 -4.272575825132e-01
3.094000000 -4.501255580964e-01
3.095000000 -4.725922184434e-01
3.096000000 -4.946350086369e-01
3.097000000 -5.162318140574e-01
3.098000000 -5.373609813267e-01
3.099000000 -5.580013385537e-01
3.100000000 -5.781322148728e-01
3.101000000 -5.977334592711e-01
3.102000000 -6.167854587010e-01
3.103000000 -6.352691554772e-01
3.104000000 -6.531660639606e-01
3.105000000 -6.704582865315e-01
3.106000000 -6.871285288577e-01
3.107000000 -7.031601144648e-01
3.108000000 -7.185369986174e-01
3.109000000 -7.332437815206e-01
3.110000000 -7.472657208529e-01
3.111000000 -7.605887436441e-01
3.112000000 -7.731994575096e-01
3.113000000 -7.850851612563e-01
3.114000000 -7.962338548735e-01
3.115000000 -8.066342489244e-01
3.116000000 -8.162757733523e-01
3.117000000 -8.251485857173e-01
3.118000000 -8.332435788767e-01
3.119000000 -8.405523881250e-01
3.120000000 -8.470673978064e-01
3.121000000 -8.527817474130e-01
3.122000000 -8.576893371813e-01
3.123000000 -8.617848331972e-01
3.124000000 -8.650636720215e-01
3.125000000 -8.675220648426e-01
3.126000000 -8.691570011661e-01
3.127000000 -8.699662520458e-01
3.128000000 -8.699483728610e-01
3.129000000 -8.691027056443e-01
3.130000000 -8.674293809592e-01
3.131000000 -8.649293193287e-01
3.132000000 -8.616042322121e-01
3.133000000 -8.574566225263e-01
3.134000000 -8.524897847059e-01
3.135000000 -8.467078042943e-01
3.136000000 -8.401155570585e-01
3.137000000 -8.327187076142e-01
3.138000000 -8.245237075515e-01
3.139000000 -8.155377930460e-01
3.140000000 -8.057689819407e-01
3.141000000 -7.952260702817e-01
3.142000000 -7.839186282913e-01
3.143000000 -7.718569957582e-01
3.144000000 -7.590522768263e-01
3.145000000 -7.455163341617e-01
3.146000000 -7.312617824768e-01
3.147000000 -7.163019813896e-01
3.148000000 -7.006510275979e-01
3.149000000 -6.843237463457e-01
3.150000000 -6.673356821609e-01
3.151000000 -6.497030888427e-01
3.152000000 -6.314429186790e-01
3.153000000 -6.125728108725e-01
3.154000000 -5.931110791587e-01
3.155000000 -5.730766985952e-01
3.156000000 -5.524892915092e-01
3.157000000 -5.313691125852e-01
3.158000000 -5.097370330819e-01
3.159000000 -4.876145241659e-01
3.160000000 -4.650236393534e-01
3.161000000 -4.419869960529e-01
3.162000000 -4.185277562044e-01
3.163000000 -3.946696060130e-01
3.164000000 -3.704367347775e-01
3.165000000 -3.458538128173e-01
3.166000000 -3.209459685055e-01
3.167000000 -2.957387644144e-01
3.168000000 -2.702581725898e-01
3.169000000 -2.445305489666e-01
3.170000000 -2.185826069457e-01
3.171000000 -1.924413901549e-01
3.172000000 -1.661342444179e-01
3.173000000 -1.396887889600e-01
3.174000000 -1.131328868835e-01
3.175000000 -8.649461494569e-02
3.176000000 -5.980223267917e-02
3.177000000 -3.308415089413e-02
3.178000000 -6.368899607351e-03
3.179000000 2.031490455565e-02
3.180000000 4.693859143595e-02
3.181000000 7.347347084184e-02
3.182000000 9.989086642056e-02
3.183000000 1.261621498443e-01
3.184000000 1.522587752521e-01
3.185000000 1.781523138865e-01
3.186000000 2.038144888640e-01
3.187000000 2.292172100139e-01
3.188000000 2.543326087229e-01
3.189000000 2.791330727177e-01
3.190000000 3.035912807205e-01
3.191000000 3.276802369101e-01
3.192000000 3.513733051212e-01
3.193000000 3.746442427143e-01
3.194000000 3.974672340516e-01
3.195000000 4.198169235090e-01
3.196000000 4.416684479621e-01
3.197000000 4.629974686802e-01
3.198000000 4.837802025643e-01
3.199000000 5.039934526696e-01
3.200000000 5.236146379512e-01
3.201000000 5.426218221747e-01
3.202000000 5.609937419381e-01
3.203000000 5.787098337493e-01
3.204000000 5.957502601103e-01
3.205000000 6.120959345601e-01
3.206000000 6.277285456298e-01
3.207000000 6.426305796709e-01
3.208000000 6.567853425158e-01
3.209000000 6.701769799362e-01
3.210000000 6.827904968690e-01
3.211000000 6.946117753791e-01
3.212000000 7.056275913365e-01
3.213000000 7.158256297869e-01
3.214000000 7.251944989971e-01
3.215000000 7.337237431636e-01
3.216000000 7.414038537741e-01
3.217000000 7.482262796152e-01
3.218000000 7.541834354252e-01
3.219000000 7.592687091927e-01
3.220000000 7.634764681062e-01
3.221000000 7.668020631614e-01
3.222000000 7.692418324406e-01
3.223000000 7.707931030763e-01
3.224000000 7.714541919183e-01
3.225000000 7.712244049241e-01
3.226000000 7.701040352973e-01
3.227000000 7.680943603984e-01
3.228000000 7.651976374576e-01
3.229000000 7.614170981201e-01
3.230000000 7.567569418555e-01
3.231000000 7.512223282660e-01
3.232000000 7.448193683305e-01
3.233000000 7.375551146193e-01
3.234000000 7.294375505200e-01
3.235000000 7.204755785116e-01
3.236000000 7.106790075286e-01
3.237000000 7.000585394538e-01
3.238000000 6.886257547803e-01
3.239000000 6.763930974838e-01
3.240000000 6.633738591450e-01
3.241000000 6.495821623605e-01
3.242000000 6.350329434841e-01
3.243000000 6.197419347332e-01
3.244000000 6.037256457004e-01
3.245000000 5.870013443050e-01
3.246000000 5.695870372190e-01
3.247000000 5.515014498017e-01
3.248000000 5.327640055739e-01
3.249000000 5.133948052619e-01
3.250000000 4.934146054400e-01
3.251000000 4.728447967966e-01
3.252000000 4.517073820502e-01
3.253000000 4.300249535355e-01
3.254000000 4.078206704825e-01
3.255000000 3.851182360045e-01
3.256000000 3.619418738135e-01
3.257000000 3.383163046759e-01
3.258000000 3.142667226224e-01
3.259000000 2.898187709211e-01
3.260000000 2.649985178235e-01
3.261000000 2.398324320906e-01
3.262000000 2.143473583034e-01
3.263000000 1.885704919628e-01
3.264000000 1.625293543807e-01
3.265000000 1.362517673631e-01
3.266000000 1.097658276868e-01
3.267000000 8.309988136675e-02
3.268000000 5.628249771400e-02
3.269000000 2.934244318164e-02
3.270000000 2.308654995614e-03
3.271000000 -2.478978543186e-02
3.272000000 -5.192367930933e-02
3.273000000 -7.906373749641e-02
3.274000000 -1.061806077594e-01
3.275000000 -1.332449022541e-01
3.276000000 -1.602272252368e-01
3.277000000 -1.870982010035e-01
3.278000000 -2.138285020558e-01
3.279000000 -2.403888774916e-01
3.280000000 -2.667501816157e-01
3.281000000 -2.928834027660e-01
3.282000000 -3.187596923460e-01
3.283000000 -3.443503940559e-01
3.284000000 -3.696270733089e-01
3.285000000 -3.945615468203e-01
3.286000000 -4.191259123524e-01
3.287000000 -4.432925785964e-01
3.288000000 -4.670342951712e-01
3.289000000 -4.903241827131e-01
3.290000000 -5.131357630333e-01
3.291000000 -5.354429893106e-01
3.292000000 -5.572202762900e-01
3.293000000 -5.784425304525e-01
3.294000000 -5.990851801183e-01
3.295000000 -6.191242054440e-01
3.296000000 -6.385361682734e-01
3.297000000 -6.572982417943e-01
3.298000000 -6.753882399582e-01
3.299000000 -6.927846466108e-01
3.300000000 -7.094666442844e-01
3.301000000 -7.254141425976e-01
3.302000000 -7.406078062096e-01
3.303000000 -7.550290822702e-01
3.304000000 -7.686602273112e-01
3.305000000 -7.814843335171e-01
3.306000000 -7.934853543179e-01
3.307000000 -8.046481292429e-01
3.308000000 -8.149584079739e-01
3.309000000 -8.244028735384e-01
3.310000000 -8.329691645802e-01
3.311000000 -8.406458966484e-01
3.312000000 -8.474226824437e-01
3.313000000 -8.532901509631e-01
3.314000000 -8.582399654852e-01
3.315000000 -8.622648403402e-01
3.316000000 -8.653585564076e-01
3.317000000 -8.675159752918e-01
3.318000000 -8.687330521215e-01
3.319000000 -8.690068469274e-01
3.320000000 -8.683355345505e-01
3.321000000 -8.667184130403e-01
3.322000000 -8.641559105017e-01
3.323000000 -8.606495903552e-01
3.324000000 -8.562021549779e-01
3.325000000 -8.508174476971e-01
3.326000000 -8.445004531099e-01
3.327000000 -8.372572957099e-01
3.328000000 -8.290952368036e-01
3.329000000 -8.200226697037e-01
3.330000000 -8.100491131928e-01
3.331000000 -7.991852032532e-01
3.332000000 -7.874426830642e-01
3.333000000 -7.748343912732e-01
3.334000000 -7.613742485502e-01
3.335000000 -7.470772424417e-01
3.336000000 -7.319594105430e-01
3.337000000 -7.160378220136e-01
3.338000000 -6.993305574633e-01
3.339000000 -6.818566872431e-01
3.340000000 -6.636362481779e-01
3.341000000 -6.446902187821e-01
3.342000000 -6.250404930028e-01
3.343000000 -6.047098525420e-01
3.344000000 -5.837219378082e-01
3.345000000 -5.621012175545e-01
3.346000000 -5.398729572638e-01
3.347000000 -5.170631863422e-01
3.348000000 -4.936986641856e-01
3.349000000 -4.698068451893e-01
3.350000000 -4.454158427683e-01
3.351000000 -4.205543924618e-01
3.352000000 -3.952518141944e-01
3.353000000 -3.695379737705e-01
3.354000000 -3.434432436772e-01
3.355000000 -3.169984632722e-01
3.356000000 -2.902348984360e-01
3.357000000 -2.631842007649e-01
3.358000000 -2.358783663830e-01
3.359000000 -2.083496944512e-01
3.360000000 -1.806307454493e-01
3.361000000 -1.527542993081e-01
3.362000000 -1.247533134666e-01
3.363000000 -9.666088092650e-02
3.364000000 -6.851018837789e-02
3.365000000 -4.033447446517e-02
3.366000000 -1.216698826139e-02
3.367000000 1.595905198285e-02
3.368000000 4.401049975276e-02
3.369000000 7.195432078421e-02
3.370000000 9.975763312190e-02
3.371000000 1.273877466660e-01
3.372000000 1.548122021551e-01
3.373000000 1.819988095365e-01
3.374000000 2.089156856777e-01
3.375000000 2.355312913781e-01
3.376000000 2.618144676394e-01
3.377000000 2.877344711608e-01
3.378000000 3.132610090255e-01
3.379000000 3.383642725498e-01
3.380000000 3.630149702681e-01
3.381000000 3.871843600315e-01
3.382000000 4.108442802004e-01
3.383000000 4.339671799143e-01
3.384000000 4.565261484252e-01
3.385000000 4.784949434834e-01
3.386000000 4.998480187685e-01
3.387000000 5.205605503579e-01
3.388000000 5.406084622321e-01
3.389000000 5.599684508136e-01
3.390000000 5.786180085409e-01
3.391000000 5.965354464802e-01
3.392000000 6.136999159797e-01
3.393000000 6.300914293705e-01
3.394000000 6.456908797231e-01
3.395000000 6.604800596652e-01
3.396000000 6.744416792711e-01
3.397000000 6.875593830301e-01
3.398000000 6.998177659055e-01
3.399000000 7.112023884917e-01
3.400000000 7.216997912804e-01
3.401000000 7.312975080436e-01
3.402000000 7.399840783449e-01
3.403000000 7.477490591842e-01
3.404000000 7.545830357846e-01
3.405000000 7.604776315293e-01
3.406000000 7.654255170506e-01
3.407000000 7.694204184784e-01
3.408000000 7.724571248487e-01
3.409000000 7.745314946748e-01
3.410000000 7.756404616796e-01
3.411000000 7.757820396890e-01
3.412000000 7.749553266811e-01
3.413000000 7.731605079874e-01
3.414000000 7.703988586384e-01
3.415000000 7.666727448455e-01
3.416000000 7.619856246085e-01
3.417000000 7.563420474380e-01
3.418000000 7.497476531777e-01
3.419000000 7.422091699131e-01
3.420000000 7.337344109498e-01
3.421000000 7.243322708439e-01
3.422000000 7.140127204659e-01
3.423000000 7.027868010783e-01
3.424000000 6.906666174064e-01
3.425000000 6.776653296812e-01
3.426000000 6.637971446329e-01
3.427000000 6.490773054119e-01
3.428000000 6.335220804172e-01
3.429000000 6.171487510078e-01
3.430000000 5.999755980780e-01
3.431000000 5.820218874732e-01
3.432000000 5.633078542281e-01
3.433000000 5.438546856065e-01
3.434000000 5.236845029254e-01
3.435000000 5.028203421480e-01
3.436000000 4.812861332290e-01
3.437000000 4.591066782015e-01
3.438000000 4.363076279941e-01
3.439000000 4.129154579708e-01
3.440000000 3.889574421881e-01
3.441000000 3.644616263670e-01
3.442000000 3.394567995815e-01
3.443000000 3.139724646658e-01
3.444000000 2.880388073493e-01
3.445000000 2.616866641294e-01
3.446000000 2.349474888978e-01
3.447000000 2.078533183370e-01
3.448000000 1.804367361120e-01
3.449000000 1.527308358814e-01
3.450000000 1.247691831604e-01
3.451000000 9.658577606945e-02
3.452000000 6.821500500726e-02
3.453000000 3.969161129275e-02
3.454000000 1.105064482177e-02
3.455000000 -1.767257920916e-02
3.456000000 -4.644252445687e-02
3.457000000 -7.522347840366e-02
3.458000000 -1.039795980843e-01
3.459000000 -1.326749565008e-01
3.460000000 -1.612735896541e-01
3.461000000 -1.897395441186e-01
3.462000000 -2.180369250822e-01
3.463000000 -2.461299447714e-01
3.464000000 -2.739829711782e-01
3.465000000 -3.015605770030e-01
3.466000000 -3.288275887247e-01
3.467000000 -3.557491357095e-01
3.468000000 -3.822906992643e-01
3.469000000 -4.084181615430e-01
3.470000000 -4.340978542097e-01
3.471000000 -4.592966067652e-01
3.472000000 -4.839817944384e-01
3.473000000 -5.081213855487e-01
3.474000000 -5.316839882422e-01
3.475000000 -5.546388965061e-01
3.476000000 -5.769561353677e-01
3.477000000 -5.986065051825e-01
3.478000000 -6.195616249216e-01
3.479000000 -6.397939743661e-01
3.480000000 -6.592769351219e-01
3.481000000 -6.779848303676e-01
3.482000000 -6.958929632543e-01
3.483000000 -7.129776538760e-01
3.484000000 -7.292162747346e-01
3.485000000 -7.445872846264e-01
3.486000000 -7.590702608811e-01
3.487000000 -7.726459298874e-01
3.488000000 -7.852961958460e-01
3.489000000 -7.970041676914e-01
3.490000000 -8.077541841336e-01
3.491000000 -8.175318367704e-01
3.492000000 -8.263239912296e-01
3.493000000 -8.341188063050e-01
3.494000000 -8.409057510532e-01
3.495000000 -8.466756198253e-01
3.496000000 -8.514205452134e-01
3.497000000 -8.551340088952e-01
3.498000000 -8.578108503657e-01
3.499000000 -8.594472735529e-01
3.500000000 -8.600408513152e-01
3.501000000 -8.595905278279e-01
3.502000000 -8.580966188672e-01
3.503000000 -8.555608100089e-01
3.504000000 -8.519861527601e-01
3.505000000 -8.473770586508e-01
3.506000000 -8.417392913125e-01
3.507000000 -8.350799565797e-01
3.508000000 -8.274074906504e-01
3.509000000 -8.187316463482e-01
3.510000000 -8.090634775312e-01
3.511000000 -7.984153216962e-01
3.512000000 -7.868007808312e-01
3.513000000 -7.742347005691e-01
3.514000000 -7.607331477026e-01
3.515000000 -7.463133861179e-01
3.516000000 -7.309938512105e-01
3.517000000 -7.147941228462e-01
3.518000000 -6.977348969327e-01
3.519000000 -6.798379556677e-01
3.520000000 -6.611261365315e-01
3.521000000 -6.416233000912e-01
3.522000000 -6.213542966855e-01
3.523000000 -6.003449320578e-01
3.524000000 -5.786219320059e-01
3.525000000 -5.562129061162e-01
3.526000000 -5.331463106493e-01
3.527000000 -5.094514106431e-01
3.528000000 -4.851582412985e-01
3.529000000 -4.602975687109e-01
3.530000000 -4.349008500111e-01
3.531000000 -4.090001929735e-01
3.532000000 -3.826283151540e-01
3.533000000 -3.558185026102e-01
3.534000000 -3.286045682620e-01
3.535000000 -3.010208099433e-01
3.536000000 -2.731019681955e-01
3.537000000 -2.448831838512e-01
3.538000000 -2.163999554524e-01
3.539000000 -1.876880965491e-01
3.540000000 -1.587836929161e-01
3.541000000 -1.297230597295e-01
3.542000000 -1.005426987372e-01
3.543000000 -7.127925545895e-02
3.544000000 -4.196947644725e-02
3.545000000 -1.265016663915e-02
3.546000000 1.664185317272e-02
3.547000000 4.586978872401e-02
3.548000000 7.499691449269e-02
3.549000000 1.039866157204e-01
3.550000000 1.328024302194e-01
3.551000000 1.614080899450e-01
3.552000000 1.897675623137e-01
3.553000000 2.178450912486e-01
3.554000000 2.456052379351e-01
3.555000000 2.730129212678e-01
3.556000000 3.000334579737e-01
3.557000000 3.266326023920e-01
3.558000000 3.527765858965e-01
3.559000000 3.784321559398e-01
3.560000000 4.035666147049e-01
3.561000000 4.281478573416e-01
3.562000000 4.521444097725e-01
3.563000000 4.755254660439e-01
3.564000000 4.982609252034e-01
3.565000000 5.203214276790e-01
3.566000000 5.416783911359e-01
3.567000000 5.623040457854e-01
3.568000000 5.821714691169e-01
3.569000000 6.012546200251e-01
3.570000000 6.195283722994e-01
3.571000000 6.369685474441e-01
3.572000000 6.535519467916e-01
3.573000000 6.692563828744e-01
3.574000000 6.840607100141e-01
3.575000000 6.979448540885e-01
3.576000000 7.108898414323e-01
3.577000000 7.228778268270e-01
3.578000000 7.338921205342e-01
3.579000000 7.439172143236e-01
3.580000000 7.529388064446e-01
3.581000000 7.609438254938e-01
3.582000000 7.679204531217e-01
3.583000000 7.738581455290e-01
3.584000000 7.787476536955e-01
3.585000000 7.825810422882e-01
3.586000000 7.853517071925e-01
3.587000000 7.870543916105e-01
3.588000000 7.876852006717e-01
3.589000000 7.872416145004e-01
3.590000000 7.857224996841e-01
3.591000000 7.831281190905e-01
3.592000000 7.794601399790e-01
3.593000000 7.747216403563e-01
3.594000000 7.689171135251e-01
3.595000000 7.620524707793e-01
3.596000000 7.541350421996e-01
3.597000000 7.451735755071e-01
3.598000000 7.351782329335e-01
3.599000000 7.241605860731e-01
3.600000000 7.121336086809e-01
3.601000000 6.991116673889e-01
3.602000000 6.851105103127e-01
3.603000000 6.701472535287e-01
3.604000000 6.542403654028e-01
3.605000000 6.374096487590e-01
3.606000000 6.196762208797e-01
3.607000000 6.010624913346e-01
3.608000000 5.815921376410e-01
3.609000000 5.612900787624e-01
3.610000000 5.401824464588e-01
3.611000000 5.182965545076e-01
3.612000000 4.956608658187e-01
3.613000000 4.723049574735e-01
3.614000000 4.482594837243e-01
3.615000000 4.235561369942e-01
3.616000000 3.982276069248e-01
3.617000000 3.723075375248e-01
3.618000000 3.458304824761e-01
3.619000000 3.188318586630e-01
3.620000000 2.913478979912e-01
3.621000000 2.634155975723e-01
3.622000000 2.350726683525e-01
3.623000000 2.063574822689e-01
3.624000000 1.773090180228e-01
3.625000000 1.479668055621e-01
3.626000000 1.183708693710e-01
3.627000000 8.856167066732e-02
3.628000000 5.858004861193e-02
3.629000000 2.846716063840e-02
3.630000000 -1.735577986268e-03
3.631000000 -3.198655525663e-02
3.632000000 -6.224402406383e-02
3.633000000 -9.246616425301e-02
3.634000000 -1.226111449842e-01
3.635000000 -1.526371872764e-01
3.636000000 -1.825026266134e-01
3.637000000 -2.121659754911e-01
3.638000000 -2.415859857837e-01
3.639000000 -2.707217108080e-01
3.640000000 -2.995325669669e-01
3.641000000 -3.279783948504e-01
3.642000000 -3.560195196794e-01
3.643000000 -3.836168109740e-01
3.644000000 -4.107317413357e-01
3.645000000 -4.373264442289e-01
3.646000000 -4.633637706572e-01
3.647000000 -4.888073446284e-01
3.648000000 -5.136216173054e-01
3.649000000 -5.377719197494e-01
3.650000000 -5.612245141573e-01
3.651000000 -5.839466435090e-01
3.652000000 -6.059065795360e-01
3.653000000 -6.270736689352e-01
3.654000000 -6.474183777506e-01
3.655000000 -6.669123338540e-01
3.656000000 -6.855283674611e-01
3.657000000 -7.032405496230e-01
3.658000000 -7.200242286398e-01
3.659000000 -7.358560643482e-01
3.660000000 -7.507140602402e-01
3.661000000 -7.645775933769e-01
3.662000000 -7.774274420648e-01
3.663000000 -7.892458112684e-01
3.664000000 -8.000163557406e-01
3.665000000 -8.097242008534e-01
3.666000000 -8.183559611203e-01
3.667000000 -8.258997564058e-01
3.668000000 -8.323452258217e-01
3.669000000 -8.376835393162e-01
3.670000000 -8.419074069649e-01
3.671000000 -8.450110859785e-01
3.672000000 -8.469903854462e-01
3.673000000 -8.478426688368e-01
3.674000000 -8.475668542849e-01
3.675000000 -8.461634126916e-01
3.676000000 -8.436343636741e-01
3.677000000 -8.399832694002e-01
3.678000000 -8.352152263474e-01
3.679000000 -8.293368550282e-01
3.680000000 -8.223562877274e-01
3.681000000 -8.142831542956e-01
3.682000000 -8.051285660484e-01
3.683000000 -7.949050978211e-01
3.684000000 -7.836267682287e-01
3.685000000 -7.713090181839e-01
3.686000000 -7.579686877255e-01
3.687000000 -7.436239912099e-01
3.688000000 -7.282944909200e-01
3.689000000 -7.120010691438e-01
3.690000000 -6.947658987768e-01
3.691000000 -6.766124125009e-01
3.692000000 -6.575652705933e-01
3.693000000 -6.376503274147e-01
3.694000000 -6.168945966318e-01
3.695000000 -5.953262152203e-01
3.696000000 -5.729744063010e-01
3.697000000 -5.498694408545e-01
3.698000000 -5.260425983633e-01
3.699000000 -5.015261264265e-01
3.700000000 -4.763531993909e-01
3.701000000 -4.505578760437e-01
3.702000000 -4.241750564061e-01
3.703000000 -3.972404376721e-01
3.704000000 -3.697904693289e-01
3.705000000 -3.418623075002e-01
3.706000000 -3.134937685484e-01
3.707000000 -2.847232819729e-01
3.708000000 -2.555898426403e-01
3.709000000 -2.261329623821e-01
3.710000000 -1.963926209939e-01
3.711000000 -1.664092166696e-01
3.712000000 -1.362235159069e-01
3.713000000 -1.058766029146e-01
3.714000000 -7.540982855801e-02
3.715000000 -4.486475887496e-02
3.716000000 -1.428312319770e-02
3.717000000 1.629323808521e-02
3.718000000 4.682242609069e-02
3.719000000 7.726253629054e-02
3.720000000 1.075717116105e-01
3.721000000 1.377081957404e-01
3.722000000 1.676303866143e-01
3.723000000 1.972968900205e-01
3.724000000 2.266665732955e-01
3.725000000 2.556986190583e-01
3.726000000 2.843525789372e-01
3.727000000 3.125884272389e-01
3.728000000 3.403666145092e-01
3.729000000 3.676481209311e-01
3.730000000 3.943945095036e-01
3.731000000 4.205679789433e-01
3.732000000 4.461314162472e-01
3.733000000 4.710484488542e-01
3.734000000 4.952834963378e-01
3.735000000 5.188018215645e-01
3.736000000 5.415695812443e-01
3.737000000 5.635538758031e-01
3.738000000 5.847227985017e-01
3.739000000 6.050454837224e-01
3.740000000 6.244921543481e-01
3.741000000 6.430341681499e-01
3.742000000 6.606440631032e-01
3.743000000 6.772956015481e-01
3.744000000 6.929638131094e-01
3.745000000 7.076250362915e-01
3.746000000 7.212569586599e-01
3.747000000 7.338386555258e-01
3.748000000 7.453506270434e-01
3.749000000 7.557748336365e-01
3.750000000 7.650947296654e-01
3.751000000 7.732952952512e-01
3.752000000 7.803630661709e-01
3.753000000 7.862861617417e-01
3.754000000 7.910543106129e-01
3.755000000 7.946588743861e-01
3.756000000 7.970928689877e-01
3.757000000 7.983509837186e-01
3.758000000 7.984295979111e-01
3.759000000 7.973267951264e-01
3.760000000 7.950423748269e-01
3.761000000 7.915778614662e-01
3.762000000 7.869365109399e-01
3.763000000 7.811233143491e-01
3.764000000 7.741449990279e-01
3.765000000 7.660100267989e-01
3.766000000 7.567285894187e-01
3.767000000 7.463126011877e-01
3.768000000 7.347756886989e-01
3.769000000 7.221331777118e-01
3.770000000 7.084020771398e-01
3.771000000 6.936010601483e-01
3.772000000 6.777504423671e-01
3.773000000 6.608721572269e-01
3.774000000 6.429897284380e-01
3.775000000 6.241282396330e-01
3.776000000 6.043143012087e-01
3.777000000 5.835760144006e-01
3.778000000 5.619429326395e-01
3.779000000 5.394460202401e-01
3.780000000 5.161176084805e-01
3.781000000 4.919913491403e-01
3.782000000 4.671021655682e-01
3.783000000 4.414862013593e-01
3.784000000 4.151807667264e-01
3.785000000 3.882242826577e-01
3.786000000 3.606562229591e-01
3.787000000 3.325170542815e-01
3.788000000 3.038481742446e-01
3.789000000 2.746918477692e-01
3.790000000 2.450911417355e-01
3.791000000 2.150898580917e-01
3.792000000 1.847324655390e-01
3.793000000 1.540640299218e-01
3.794000000 1.231301434599e-01
3.795000000 9.197685295556e-02
3.796000000 6.065058711742e-02
3.797000000 2.919808314062e-02
3.798000000 -2.333687313551e-03
3.799000000 -3.389759259468e-02
3.800000000 -6.544641585218e-02
3.801000000 -9.693292999113e-02
3.802000000 -1.283099726500e-01
3.803000000 -1.595305210560e-01
3.804000000 -1.905477666134e-01
3.805000000 -2.213151890848e-01
3.806000000 -2.517866302222e-01
3.807000000 -2.819163667115e-01
3.808000000 -3.116591822932e-01
3.809000000 -3.409704389276e-01
3.810000000 -3.698061468736e-01
3.811000000 -3.981230335552e-01
3.812000000 -4.258786110943e-01
3.813000000 -4.530312423899e-01
3.814000000 -4.795402056317e-01
3.815000000 -5.053657571386e-01
3.816000000 -5.304691924171e-01
3.817000000 -5.548129053426e-01
3.818000000 -5.783604453682e-01
3.819000000 -6.010765726743e-01
3.820000000 -6.229273111758e-01
3.821000000 -6.438799993107e-01
3.822000000 -6.639033385390e-01
3.823000000 -6.829674394870e-01
3.824000000 -7.010438656780e-01
3.825000000 -7.181056747966e-01
3.826000000 -7.341274574385e-01
3.827000000 -7.490853733063e-01
3.828000000 -7.629571848133e-01
3.829000000 -7.757222880687e-01
3.830000000 -7.873617412168e-01
3.831000000 -7.978582901150e-01
3.832000000 -8.071963913347e-01
3.833000000 -8.153622324787e-01
3.834000000 -8.223437498124e-01
3.835000000 -8.281306432099e-01
3.836000000 -8.327143884219e-01
3.837000000 -8.360882466779e-01
3.838000000 -8.382472716358e-01
3.839000000 -8.391883137006e-01
3.840000000 -8.389100217337e-01
3.841000000 -8.374128421807e-01
3.842000000 -8.346990156471e-01
3.843000000 -8.307725709546e-01
3.844000000 -8.256393167153e-01
3.845000000 -8.193068304601e-01
3.846000000 -8.117844453644e-01
3.847000000 -8.030832346116e-01
3.848000000 -7.932159934404e-01
3.849000000 -7.821972189221e-01
3.850000000 -7.700430875150e-01
3.851000000 -7.567714304449e-01
3.852000000 -7.424017069618e-01
3.853000000 -7.269549755236e-01
3.854000000 -7.104538629571e-01
3.855000000 -6.929225316498e-01
3.856000000 -6.743866448232e-01
3.857000000 -6.548733299411e-01
3.858000000 -6.344111403047e-01
3.859000000 -6.130300148878e-01
3.860000000 -5.907612364646e-01
3.861000000 -5.676373880822e-01
3.862000000 -5.436923079305e-01
3.863000000 -5.189610426623e-01
3.864000000 -4.934797992151e-01
3.865000000 -4.672858951863e-01
3.866000000 -4.404177078152e-01
3.867000000 -4.129146216218e-01
3.868000000 -3.848169747553e-01
3.869000000 -3.561660041046e-01
3.870000000 -3.270037892208e-01
3.871000000 -2.973731951069e-01
3.872000000 -2.673178139242e-01
3.873000000 -2.368819056712e-01
3.874000000 -2.061103378861e-01
3.875000000 -1.750485244294e-01
3.876000000 -1.437423633994e-01
3.877000000 -1.122381742389e-01
3.878000000 -8.058263408875e-02
3.879000000 -4.882271344660e-02
3.880000000 -1.700561119153e-02
3.881000000 1.482131096521e-02
3.882000000 4.661059454004e-02
3.883000000 7.831475078307e-02
3.884000000 1.098863275637e-01
3.885000000 1.412779765679e-01
3.886000000 1.724425207356e-01
3.887000000 2.033330218669e-01
3.888000000 2.339028483215e-01
3.889000000 2.641057427343e-01
3.890000000 2.938958896671e-01
3.891000000 3.232279831159e-01
3.892000000 3.520572937888e-01
3.893000000 3.803397360669e-01
3.894000000 4.080319345612e-01
3.895000000 4.350912901731e-01
3.896000000 4.614760455645e-01
3.897000000 4.871453499432e-01
3.898000000 5.120593230649e-01
3.899000000 5.361791183522e-01
3.900000000 5.594669850297e-01
3.901000000 5.818863291716e-01
3.902000000 6.034017735577e-01
3.903000000 6.239792162319e-01
3.904000000 6.435858876563e-01
3.905000000 6.621904063540e-01
3.906000000 6.797628329319e-01
3.907000000 6.962747223761e-01
3.908000000 7.116991745105e-01
3.909000000 7.260108825129e-01
3.910000000 7.391861793794e-01
3.911000000 7.512030822322e-01
3.912000000 7.620413343659e-01
3.913000000 7.716824449301e-01
3.914000000 7.801097261456e-01
3.915000000 7.873083279585e-01
3.916000000 7.932652700338e-01
3.917000000 7.979694709983e-01
3.918000000 8.014117748431e-01
3.919000000 8.035849744008e-01
3.920000000 8.044838318167e-01
3.921000000 8.041050959389e-01
3.922000000 8.024475165556e-01
3.923000000 7.995118554134e-01
3.924000000 7.953008939590e-01
3.925000000 7.898194377478e-01
3.926000000 7.830743174735e-01
3.927000000 7.750743865769e-01
3.928000000 7.658305154005e-01
3.929000000 7.553555818610e-01
3.930000000 7.436644586209e-01
3.931000000 7.307739967462e-01
3.932000000 7.167030058467e-01
3.933000000 7.014722307018e-01
3.934000000 6.851043243829e-01
3.935000000 6.676238178937e-01
3.936000000 6.490570863537e-01
3.937000000 6.294323117630e-01
3.938000000 6.087794423919e-01
3.939000000 5.871301488475e-01
3.940000000 5.645177768786e-01
3.941000000 5.409772969876e-01
3.942000000 5.165452509255e-01
3.943000000 4.912596951563e-01
3.944000000 4.651601413815e-01
3.945000000 4.382874942261e-01
3.946000000 4.106839861923e-01
3.947000000 3.823931099967e-01
3.948000000 3.534595484102e-01
3.949000000 3.239291017303e-01
3.950000000 2.938486130180e-01
3.951000000 2.632658912403e-01
3.952000000 2.322296324624e-01
3.953000000 2.007893392400e-01
3.954000000 1.689952383675e-01
3.955000000 1.368981971394e-01
3.956000000 1.045496382899e-01
3.957000000 7.200145377455e-02
3.958000000 3.930591756567e-02
3.959000000 6.515597630752e-03
3.960000000 -2.631673273128e-02
3.961000000 -5.913818402164e-02
3.962000000 -9.189583996513e-02
3.963000000 -1.245368470491e-01
3.964000000 -1.570085040017e-01
3.965000000 -1.892583510338e-01
3.966000000 -2.212342586693e-01
3.967000000 -2.528845159915e-01
3.968000000 -2.841579181328e-01
3.969000000 -3.150038528404e-01
3.970000000 -3.453723859499e-01
3.971000000 -3.752143456062e-01
3.972000000 -4.044814050702e-01
3.973000000 -4.331261639582e-01
3.974000000 -4.611022277616e-01
3.975000000 -4.883642855022e-01
3.976000000 -5.148681853819e-01
3.977000000 -5.405710082912e-01
3.978000000 -5.654311390477e-01
3.979000000 -5.894083352403e-01
3.980000000 -6.124637935619e-01
3.981000000 -6.345602135198e-01
3.982000000 -6.556618584202e-01
3.983000000 -6.757346135276e-01
3.984000000 -6.947460413106e-01
3.985000000 -7.126654336889e-01
3.986000000 -7.294638612066e-01
3.987000000 -7.451142190611e-01
3.988000000 -7.595912699268e-01
3.989000000 -7.728716835175e-01
3.990000000 -7.849340728418e-01
3.991000000 -7.957590271083e-01
3.992000000 -8.053291412495e-01
3.993000000 -8.136290420368e-01
3.994000000 -8.206454107660e-01
3.995000000 -8.263670025033e-01
3.996000000 -8.307846618811e-01
3.997000000 -8.338913354481e-01
3.998000000 -8.356820805762e-01
3.999000000 -8.361540709387e-01
4.000000000 -8.353065985773e-01
4.001000000 -8.331410725802e-01
4.002000000 -8.296610144024e-01
4.003000000 -8.248720498611e-01
4.004000000 -8.187818978438e-01
4.005000000 -8.114003557759e-01
4.006000000 -8.027392818917e-01
4.007000000 -7.928125743643e-01
4.008000000 -7.816361473475e-01
4.009000000 -7.692279039902e-01
4.010000000 -7.556077064862e-01
4.011000000 -7.407973432250e-01
4.012000000 -7.248204931106e-01
4.013000000 -7.077026871228e-01
4.014000000 -6.894712671912e-01
4.015000000 -6.701553424591e-01
4.016000000 -6.497857430160e-01
4.017000000 -6.283949711756e-01
4.018000000 -6.060171503828e-01
4.019000000 -5.826879718304e-01
4.020000000 -5.584446388705e-01
4.021000000 -5.333258093034e-01
4.022000000 -5.073715356327e-01
4.023000000 -4.806232033699e-01
4.024000000 -4.531234674783e-01
4.025000000 -4.249161870434e-01
4.026000000 -3.960463582577e-01
4.027000000 -3.665600458106e-01
4.028000000 -3.365043127717e-01
4.029000000 -3.059271490582e-01
4.030000000 -2.748773985774e-01
4.031000000 -2.434046851340e-01
4.032000000 -2.115593371961e-01
4.033000000 -1.793923116086e-01
4.034000000 -1.469551163496e-01
4.035000000 -1.142997324206e-01
4.036000000 -8.147853496520e-02
4.037000000 -4.854421370969e-02
4.038000000 -1.554969282085e-02
4.039000000 1.745194972382e-02
4.040000000 5.040756315714e-02
4.041000000 8.326400523746e-02
4.042000000 1.159682237602e-01
4.043000000 1.484673381669e-01
4.044000000 1.807087211514e-01
4.045000000 2.126400801636e-01
4.046000000 2.442095387073e-01
4.047000000 2.753657173301e-01
4.048000000 3.060578142019e-01
4.049000000 3.362356851745e-01
4.050000000 3.658499232194e-01
4.051000000 3.948519371327e-01
4.052000000 4.231940294018e-01
4.053000000 4.508294731221e-01
4.054000000 4.777125878548e-01
4.055000000 5.037988143129e-01
4.056000000 5.290447877645e-01
4.057000000 5.534084100395e-01
4.058000000 5.768489200262e-01
4.059000000 5.993269625439e-01
4.060000000 6.208046554774e-01
4.061000000 6.412456550578e-01
4.062000000 6.606152191762e-01
4.063000000 6.788802686152e-01
4.064000000 6.960094460843e-01
4.065000000 7.119731729473e-01
4.066000000 7.267437035271e-01
4.067000000 7.402951768794e-01
4.068000000 7.526036659243e-01
4.069000000 7.636472238278e-01
4.070000000 7.734059275293e-01
4.071000000 7.818619183095e-01
4.072000000 7.889994393000e-01
4.073000000 7.948048698370e-01
4.074000000 7.992667565631e-01
4.075000000 8.023758411900e-01
4.076000000 8.041250848333e-01
4.077000000 8.045096888389e-01
4.078000000 8.035271120237e-01
4.079000000 8.011770842588e-01
4.080000000 7.974616163287e-01
4.081000000 7.923850060066e-01
4.082000000 7.859538402907e-01
4.083000000 7.781769937532e-01
4.084000000 7.690656229627e-01
4.085000000 7.586331569438e-01
4.086000000 7.468952836486e-01
4.087000000 7.338699324203e-01
4.088000000 7.195772524382e-01
4.089000000 7.040395871405e-01
4.090000000 6.872814446306e-01
4.091000000 6.693294640800e-01
4.092000000 6.502123781508e-01
4.093000000 6.299609714678e-01
4.094000000 6.086080351821e-01
4.095000000 5.861883176726e-01
4.096000000 5.627384714456e-01
4.097000000 5.382969962986e-01
4.098000000 5.129041788236e-01
4.099000000 4.866020283365e-01
4.100000000 4.594342093252e-01
4.101000000 4.314459705200e-01
4.102000000 4.026840706970e-01
4.103000000 3.731967013353e-01
4.104000000 3.430334062554e-01
4.105000000 3.122449983763e-01
4.106000000 2.808834737341e-01
4.107000000 2.490019229154e-01
4.108000000 2.166544400635e-01
4.109000000 1.838960296238e-01
4.110000000 1.507825110007e-01
4.111000000 1.173704213051e-01
4.112000000 8.371691637612e-02
4.113000000 4.987967026694e-02
4.114000000 1.591677338986e-02
4.115000000 -1.811337048161e-02
4.116000000 -5.215214815037e-02
4.117000000 -8.614084166733e-02
4.118000000 -1.200207335282e-01
4.119000000 -1.537332121844e-01
4.120000000 -1.872198776556e-01
4.121000000 -2.204226470300e-01
4.122000000 -2.532838596376e-01
4.123000000 -2.857463816827e-01
4.124000000 -3.177537101215e-01
4.125000000 -3.492500755715e-01
4.126000000 -3.801805440433e-01
4.127000000 -4.104911172841e-01
4.128000000 -4.401288315284e-01
4.129000000 -4.690418544534e-01
4.130000000 -4.971795801392e-01
4.131000000 -5.244927218411e-01
4.132000000 -5.509334023840e-01
4.133000000 -5.764552419946e-01
4.134000000 -6.010134433943e-01
4.135000000 -6.245648739811e-01
4.136000000 -6.470681449345e-01
4.137000000 -6.684836870867e-01
4.138000000 -6.887738234100e-01
4.139000000 -7.079028379770e-01
4.140000000 -7.258370412603e-01
4.141000000 -7.425448316463e-01
4.142000000 -7.579967530450e-01
4.143000000 -7.721655484897e-01
4.144000000 -7.850262096258e-01
4.145000000 -7.965560220019e-01
4.146000000 -8.067346060805e-01
4.147000000 -8.155439539018e-01
4.148000000 -8.229684613359e-01
4.149000000 -8.289949558768e-01
4.150000000 -8.336127199348e-01
4.151000000 -8.368135095967e-01
4.152000000 -8.385915688335e-01
4.153000000 -8.389436391424e-01
4.154000000 -8.378689646219e-01
4.155000000 -8.353692924880e-01
4.156000000 -8.314488690459e-01
4.157000000 -8.261144311456e-01
4.158000000 -8.193751931548e-01
4.159000000 -8.112428294919e-01
4.160000000 -8.017314527731e-01
4.161000000 -7.908575876310e-01
4.162000000 -7.786401402755e-01
4.163000000 -7.651003638704e-01
4.164000000 -7.502618198104e-01
4.165000000 -7.341503349878e-01
4.166000000 -7.167939551456e-01
4.167000000 -6.982228944210e-01
4.168000000 -6.784694811868e-01
4.169000000 -6.575681003078e-01
4.170000000 -6.355551319302e-01
4.171000000 -6.124688869301e-01
4.172000000 -5.883495391507e-01
4.173000000 -5.632390545616e-01
4.174000000 -5.371811174784e-01
4.175000000 -5.102210539841e-01
4.176000000 -4.824057526952e-01
4.177000000 -4.537835830217e-01
4.178000000 -4.244043110697e-01
4.179000000 -3.943190133377e-01
4.180000000 -3.635799883627e-01
4.181000000 -3.322406664684e-01
4.182000000 -3.003555177739e-01
4.183000000 -2.679799586206e-01
4.184000000 -2.351702565734e-01
4.185000000 -2.019834341572e-01
4.186000000 -1.684771714859e-01
4.187000000 -1.347097079429e-01
4.188000000 -1.007397430722e-01
4.189000000 -6.662633683734e-02
4.190000000 -3.242880940563e-02
4.191000000 1.793359385236e-03
4.192000000 3.598063072341e-02
4.193000000 7.007350752706e-02
4.194000000 1.040126350036e-01
4.195000000 1.377389009123e-01
4.196000000 1.711935353798e-01
4.197000000 2.043182101205e-01
4.198000000 2.370551369141e-01
4.199000000 2.693471651965e-01
4.200000000 3.011378786194e-01
4.201000000 3.323716904384e-01
4.202000000 3.629939375901e-01
4.203000000 3.929509733207e-01
4.204000000 4.221902582313e-01
4.205000000 4.506604496075e-01
4.206000000 4.783114889014e-01
4.207000000 5.050946872386e-01
4.208000000 5.309628088244e-01
4.209000000 5.558701521243e-01
4.210000000 5.797726286982e-01
4.211000000 6.026278395702e-01
4.212000000 6.243951490168e-01
4.213000000 6.450357556593e-01
4.214000000 6.645127607522e-01
4.215000000 6.827912335553e-01
4.216000000 6.998382736885e-01
4.217000000 7.156230703629e-01
4.218000000 7.301169583927e-01
4.219000000 7.432934708877e-01
4.220000000 7.551283885372e-01
4.221000000 7.655997853933e-01
4.222000000 7.746880710682e-01
4.223000000 7.823760292637e-01
4.224000000 7.886488525538e-01
4.225000000 7.934941733464e-01
4.226000000 7.969020909534e-01
4.227000000 7.988651947027e-01
4.228000000 7.993785830325e-01
4.229000000 7.984398785089e-01
4.230000000 7.960492387163e-01
4.231000000 7.922093629738e-01
4.232000000 7.869254948364e-01
4.233000000 7.802054203444e-01
4.234000000 7.720594619917e-01
4.235000000 7.625004683891e-01
4.236000000 7.515437996042e-01
4.237000000 7.392073081665e-01
4.238000000 7.255113157336e-01
4.239000000 7.104785854193e-01
4.240000000 6.941342897936e-01
4.241000000 6.765059745698e-01
4.242000000 6.576235180038e-01
4.243000000 6.375190860347e-01
4.244000000 6.162270832070e-01
4.245000000 5.937840994206e-01
4.246000000 5.702288525635e-01
4.247000000 5.456021270891e-01
4.248000000 5.199467086106e-01
4.249000000 4.933073145899e-01
4.250000000 4.657305212103e-01
4.251000000 4.372646865277e-01
4.252000000 4.079598700051e-01
4.253000000 3.778677485436e-01
4.254000000 3.470415291293e-01
4.255000000 3.155358582274e-01
4.256000000 2.834067280598e-01
4.257000000 2.507113799114e-01
4.258000000 2.175082046202e-01
4.259000000 1.838566404103e-01
4.260000000 1.498170682385e-01
4.261000000 1.154507048291e-01
4.262000000 8.081949358114e-02
4.263000000 4.598599353800e-02
4.264000000 1.101326661489e-02
4.265000000 -2.403523671194e-02
4.266000000 -5.909579304662e-02
4.267000000 -9.410452283159e-02
4.268000000 -1.289975080034e-01
4.269000000 -1.637109103229e-01
4.270000000 -1.981810901530e-01
4.271000000 -2.323447254518e-01
4.272000000 -2.661389307489e-01
4.273000000 -2.995013758664e-01
4.274000000 -3.323704041476e-01
4.275000000 -3.646851499523e-01
4.276000000 -3.963856551786e-01
4.277000000 -4.274129845692e-01
4.278000000 -4.577093395626e-01
4.279000000 -4.872181704481e-01
4.280000000 -5.158842865865e-01
4.281000000 -5.436539644616e-01
4.282000000 -5.704750533270e-01
4.283000000 -5.962970782199e-01
4.284000000 -6.210713401148e-01
4.285000000 -6.447510129971e-01
4.286000000 -6.672912376386e-01
4.287000000 -6.886492118664e-01
4.288000000 -7.087842771205e-01
4.289000000 -7.276580011032e-01
4.290000000 -7.452342563310e-01
4.291000000 -7.614792944086e-01
4.292000000 -7.763618158511e-01
4.293000000 -7.898530352917e-01
4.294000000 -8.019267419209e-01
4.295000000 -8.125593550130e-01
4.296000000 -8.217299744071e-01
4.297000000 -8.294204258186e-01
4.298000000 -8.356153008718e-01
4.299000000 -8.403019917517e-01
4.300000000 -8.434707203882e-01
4.301000000 -8.451145620966e-01
4.302000000 -8.452294636097e-01
4.303000000 -8.438142554522e-01
4.304000000 -8.408706586168e-01
4.305000000 -8.364032855181e-01
4.306000000 -8.304196352106e-01
4.307000000 -8.229300828705e-01
4.308000000 -8.139478635550e-01
4.309000000 -8.034890502654e-01
4.310000000 -7.915725263509e-01
4.311000000 -7.782199523066e-01
4.312000000 -7.634557270280e-01
4.313000000 -7.473069435994e-01
4.314000000 -7.298033397044e-01
4.315000000 -7.109772427590e-01
4.316000000 -6.908635098789e-01
4.317000000 -6.694994628057e-01
4.318000000 -6.469248179253e-01
4.319000000 -6.231816115236e-01
4.320000000 -5.983141204363e-01
4.321000000 -5.723687782556e-01
4.322000000 -5.453940872704e-01
4.323000000 -5.174405263225e-01
4.324000000 -4.885604547701e-01
4.325000000 -4.588080127591e-01
4.326000000 -4.282390180093e-01
4.327000000 -3.969108593281e-01
4.328000000 -3.648823870736e-01
4.329000000 -3.322138007914e-01
4.330000000 -2.989665342575e-01
4.331000000 -2.652031381611e-01
4.332000000 -2.309871606685e-01
4.333000000 -1.963830261101e-01
4.334000000 -1.614559120361e-01
4.335000000 -1.262716248893e-01
4.336000000 -9.089647454430e-02
4.337000000 -5.539714796363e-02
4.338000000 -1.984058222178e-02
4.339000000 1.570616285140e-02
4.340000000 5.117603215801e-02
4.341000000 8.650210270073e-02
4.342000000 1.216177105852e-01
4.343000000 1.564565774109e-01
4.344000000 1.909529358078e-01
4.345000000 2.250416538800e-01
4.346000000 2.586583583188e-01
4.347000000 2.917395559559e-01
4.348000000 3.242227535280e-01
4.349000000 3.560465754301e-01
4.350000000 3.871508792423e-01
4.351000000 4.174768688170e-01
4.352000000 4.469672047220e-01
4.353000000 4.755661118404e-01
4.354000000 5.032194839352e-01
4.355000000 5.298749849917e-01
4.356000000 5.554821471612e-01
4.357000000 5.799924651339e-01
4.358000000 6.033594867776e-01
4.359000000 6.255388998869e-01
4.360000000 6.464886148945e-01
4.361000000 6.661688434061e-01
4.362000000 6.845421724263e-01
4.363000000 7.015736341531e-01
4.364000000 7.172307712262e-01
4.365000000 7.314836973220e-01
4.366000000 7.443051530000e-01
4.367000000 7.556705567086e-01
4.368000000 7.655580508715e-01
4.369000000 7.739485429835e-01
4.370000000 7.808257416507e-01
4.371000000 7.861761875222e-01
4.372000000 7.899892790663e-01
4.373000000 7.922572931545e-01
4.374000000 7.929754004245e-01
4.375000000 7.921416754007e-01
4.376000000 7.897571013623e-01
4.377000000 7.858255699532e-01
4.378000000 7.803538755406e-01
4.379000000 7.733517043332e-01
4.380000000 7.648316182817e-01
4.381000000 7.548090337895e-01
4.382000000 7.433021952722e-01
4.383000000 7.303321436086e-01
4.384000000 7.159226795385e-01
4.385000000 7.001003220661e-01
4.386000000 6.828942619366e-01
4.387000000 6.643363102641e-01
4.388000000 6.444608423900e-01
4.389000000 6.233047370651e-01
4.390000000 6.009073110515e-01
4.391000000 5.773102492484e-01
4.392000000 5.525575304538e-01
4.393000000 5.266953488801e-01
4.394000000 4.997720315486e-01
4.395000000 4.718379516937e-01
4.396000000 4.429454383166e-01
4.397000000 4.131486820308e-01
4.398000000 3.825036373515e-01
4.399000000 3.510679215851e-01
4.400000000 3.189007104814e-01
4.401000000 2.860626308174e-01
4.402000000 2.526156500868e-01
4.403000000 2.186229634741e-01
4.404000000 1.841488782995e-01
4.405000000 1.492586961242e-01
4.406000000 1.140185927106e-01
4.407000000 7.849549603882e-02
4.408000000 4.275696258195e-02
4.409000000 6.871052050801e-03
4.410000000 -2.909379918046e-02
4.411000000 -6.506890575030e-02
4.412000000 -1.009854618674e-01
4.413000000 -1.367746705259e-01
4.414000000 -1.723678731524e-01
4.415000000 -2.076966794539e-01
4.416000000 -2.426930972364e-01
4.417000000 -2.772896619592e-01
4.418000000 -3.114195657896e-01
4.419000000 -3.450167859205e-01
4.420000000 -3.780162119141e-01
4.421000000 -4.103537718306e-01
4.422000000 -4.419665569062e-01
4.423000000 -4.727929445380e-01
4.424000000 -5.027727193412e-01
4.425000000 -5.318471920385e-01
4.426000000 -5.599593159484e-01
4.427000000 -5.870538008376e-01
4.428000000 -6.130772239069e-01
4.429000000 -6.379781376812e-01
4.430000000 -6.617071745817e-01
4.431000000 -6.842171479555e-01
4.432000000 -7.054631493499e-01
4.433000000 -7.254026418173e-01
4.434000000 -7.439955490461e-01
4.435000000 -7.612043401168e-01
4.436000000 -7.769941096905e-01
4.437000000 -7.913326534422e-01
4.438000000 -8.041905385603e-01
4.439000000 -8.155411691418e-01
4.440000000 -8.253608463188e-01
4.441000000 -8.336288229650e-01
4.442000000 -8.403273528357e-01
4.443000000 -8.454417340089e-01
4.444000000 -8.489603465017e-01
4.445000000 -8.508746839507e-01
4.446000000 -8.511793792529e-01
4.447000000 -8.498722240777e-01
4.448000000 -8.469541821708e-01
4.449000000 -8.424293963845e-01
4.450000000 -8.363051893807e-01
4.451000000 -8.285920579656e-01
4.452000000 -8.193036610297e-01
4.453000000 -8.084568010778e-01
4.454000000 -7.960713993497e-01
4.455000000 -7.821704645447e-01
4.456000000 -7.667800551772e-01
4.457000000 -7.499292356051e-01
4.458000000 -7.316500257856e-01
4.459000000 -7.119773448299e-01
4.460000000 -6.909489484386e-01
4.461000000 -6.686053603165e-01
4.462000000 -6.449897976793e-01
4.463000000 -6.201480909765e-01
4.464000000 -5.941285979713e-01
4.465000000 -5.669821123294e-01
4.466000000 -5.387617668832e-01
4.467000000 -5.095229317511e-01
4.468000000 -4.793231075029e-01
4.469000000 -4.482218135753e-01
4.470000000 -4.162804721550e-01
4.471000000 -3.835622877545e-01
4.472000000 -3.501321227217e-01
4.473000000 -3.160563689297e-01
4.474000000 -2.814028159079e-01
4.475000000 -2.462405156813e-01
4.476000000 -2.106396445966e-01
4.477000000 -1.746713624179e-01
4.478000000 -1.384076689884e-01
4.479000000 -1.019212587545e-01
4.480000000 -6.528537346031e-02
4.481000000 -2.857365332282e-02
4.482000000 8.140012995680e-03
4.483000000 4.478163929853e-02
4.484000000 8.127729332545e-02
4.485000000 1.175532484578e-01
4.486000000 1.535361353312e-01
4.487000000 1.891530930279e-01
4.488000000 2.243319195201e-01
4.489000000 2.590012210386e-01
4.490000000 2.930905600398e-01
4.491000000 3.265306014488e-01
4.492000000 3.592532568587e-01
4.493000000 3.911918263700e-01
4.494000000 4.222811377586e-01
4.495000000 4.524576826675e-01
4.496000000 4.816597495230e-01
4.497000000 5.098275528813e-01
4.498000000 5.369033589239e-01
4.499000000 5.628316068225e-01
4.500000000 5.875590257084e-01
4.501000000 6.110347469885e-01
4.502000000 6.332104117596e-01
4.503000000 6.540402730874e-01
4.504000000 6.734812929227e-01
4.505000000 6.914932334440e-01
4.506000000 7.080387426262e-01
4.507000000 7.230834338465e-01
4.508000000 7.365959593565e-01
4.509000000 7.485480774572e-01
4.510000000 7.589147132335e-01
4.511000000 7.676740127150e-01
4.512000000 7.748073903464e-01
4.513000000 7.802995696666e-01
4.514000000 7.841386171071e-01
4.515000000 7.863159688409e-01
4.516000000 7.868264506233e-01
4.517000000 7.856682905846e-01
4.518000000 7.828431249493e-01
4.519000000 7.783559966710e-01
4.520000000 7.722153469895e-01
4.521000000 7.644329999300e-01
4.522000000 7.550241397807e-01
4.523000000 7.440072815993e-01
4.524000000 7.314042348153e-01
4.525000000 7.172400600076e-01
4.526000000 7.015430189527e-01
4.527000000 6.843445180527e-01
4.528000000 6.656790452660e-01
4.529000000 6.455841006763e-01
4.530000000 6.241001208508e-01
4.531000000 6.012703971471e-01
4.532000000 5.771409881464e-01
4.533000000 5.517606263966e-01
4.534000000 5.251806196631e-01
4.535000000 4.974547468974e-01
4.536000000 4.686391491402e-01
4.537000000 4.387922155883e-01
4.538000000 4.079744650636e-01
4.539000000 3.762484231301e-01
4.540000000 3.436784951140e-01
4.541000000 3.103308352892e-01
4.542000000 2.762732124982e-01
4.543000000 2.415748724828e-01
4.544000000 2.063063972083e-01
4.545000000 1.705395614671e-01
4.546000000 1.343471870533e-01
4.547000000 9.780299480421e-02
4.548000000 6.098145480868e-02
4.549000000 2.395763508318e-02
4.550000000 -1.319295097927e-02
4.551000000 -5.039449808154e-02
4.552000000 -8.757106310915e-02
4.553000000 -1.246467195236e-01
4.554000000 -1.615457117550e-01
4.555000000 -1.981926092869e-01
4.556000000 -2.345124601281e-01
4.557000000 -2.704309433667e-01
4.558000000 -3.058745205059e-01
4.559000000 -3.407705852823e-01
4.560000000 -3.750476116714e-01
4.561000000 -4.086352997887e-01
4.562000000 -4.414647193996e-01
4.563000000 -4.734684507565e-01
4.564000000 -5.045807224843e-01
4.565000000 -5.347375462464e-01
4.566000000 -5.638768479234e-01
4.567000000 -5.919385950485e-01
4.568000000 -6.188649202485e-01
4.569000000 -6.446002404459e-01
4.570000000 -6.690913715884e-01
4.571000000 -6.922876386781e-01
4.572000000 -7.141409808818e-01
4.573000000 -7.346060515140e-01
4.574000000 -7.536403126924e-01
4.575000000 -7.712041244758e-01
4.576000000 -7.872608283052e-01
4.577000000 -8.017768245776e-01
4.578000000 -8.147216441948e-01
4.579000000 -8.260680139385e-01
4.580000000 -8.357919155349e-01
4.581000000 -8.438726382843e-01
4.582000000 -8.502928251418e-01
4.583000000 -8.550385121474e-01
4.584000000 -8.580991611162e-01
4.585000000 -8.594676855106e-01
4.586000000 -8.591404694316e-01
4.587000000 -8.571173796747e-01
4.588000000 -8.534017708132e-01
4.589000000 -8.480004832806e-01
4.590000000 -8.409238344394e-01
4.591000000 -8.321856026362e-01
4.592000000 -8.218030042545e-01
4.593000000 -8.097966637924e-01
4.594000000 -7.961905770036e-01
4.595000000 -7.810120671532e-01
4.596000000 -7.642917344558e-01
4.597000000 -7.460633987728e-01
4.598000000 -7.263640356612e-01
4.599000000 -7.052337058795e-01
4.600000000 -6.827154784679e-01
4.601000000 -6.588553475338e-01
4.602000000 -6.337021428864e-01
4.603000000 -6.073074346762e-01
4.604000000 -5.797254322082e-01
4.605000000 -5.510128771096e-01
4.606000000 -5.212289310440e-01
4.607000000 -4.904350581779e-01
4.608000000 -4.586949026145e-01
4.609000000 -4.260741610212e-01
4.610000000 -3.926404506904e-01
4.611000000 -3.584631732808e-01
4.612000000 -3.236133744969e-01
4.613000000 -2.881635999768e-01
4.614000000 -2.521877476635e-01
4.615000000 -2.157609169477e-01
4.616000000 -1.789592548745e-01
4.617000000 -1.418597997188e-01
4.618000000 -1.045403222366e-01
4.619000000 -6.707916490953e-02
4.620000000 -2.955507950622e-02
4.621000000 7.952936713947e-03
4.622000000 4.536580581934e-02
4.623000000 8.260453471062e-02
4.624000000 1.195903809701e-01
4.625000000 1.562450187116e-01
4.626000000 1.924907040849e-01
4.627000000 2.282504400865e-01
4.628000000 2.634481403278e-01
4.629000000 2.980087914121e-01
4.630000000 3.318586135716e-01
4.631000000 3.649252192176e-01
4.632000000 3.971377690591e-01
4.633000000 4.284271254475e-01
4.634000000 4.587260026092e-01
4.635000000 4.879691134323e-01
4.636000000 5.160933124778e-01
4.637000000 5.430377348949e-01
4.638000000 5.687439309212e-01
4.639000000 5.931559956620e-01
4.640000000 6.162206938479e-01
4.641000000 6.378875792787e-01
4.642000000 6.581091086739e-01
4.643000000 6.768407496576e-01
4.644000000 6.940410826192e-01
4.645000000 7.096718962022e-01
4.646000000 7.236982761850e-01
4.647000000 7.360886875340e-01
4.648000000 7.468150494183e-01
4.649000000 7.558528029949e-01
4.650000000 7.631809717842e-01
4.651000000 7.687822144741e-01
4.652000000 7.726428700039e-01
4.653000000 7.747529947997e-01
4.654000000 7.751063920462e-01
4.655000000 7.737006328988e-01
4.656000000 7.705370695587e-01
4.657000000 7.656208401484e-01
4.658000000 7.589608653469e-01
4.659000000 7.505698367602e-01
4.660000000 7.404641970212e-01
4.661000000 7.286641116339e-01
4.662000000 7.151934325932e-01
4.663000000 7.000796538317e-01
4.664000000 6.833538585643e-01
4.665000000 6.650506586191e-01
4.666000000 6.452081258633e-01
4.667000000 6.238677158483e-01
4.668000000 6.010741838219e-01
4.669000000 5.768754932671e-01
4.670000000 5.513227171515e-01
4.671000000 5.244699320824e-01
4.672000000 4.963741055849e-01
4.673000000 4.670949767344e-01
4.674000000 4.366949303910e-01
4.675000000 4.052388653007e-01
4.676000000 3.727940563404e-01
4.677000000 3.394300112020e-01
4.678000000 3.052183218213e-01
4.679000000 2.702325108721e-01
4.680000000 2.345478736585e-01
4.681000000 1.982413157494e-01
4.682000000 1.613911867101e-01
4.683000000 1.240771102964e-01
4.684000000 8.637981148543e-02
4.685000000 4.838094072564e-02
4.686000000 1.016289579623e-02
4.687000000 -2.819135832765e-02
4.688000000 -6.659847120177e-02
4.689000000 -1.049748898251e-01
4.690000000 -1.432370423271e-01
4.691000000 -1.813015220175e-01
4.692000000 -2.190852713825e-01
4.693000000 -2.565057656146e-01
4.694000000 -2.934811952578e-01
4.695000000 -3.299306475571e-01
4.696000000 -3.657742860992e-01
4.697000000 -4.009335283371e-01
4.698000000 -4.353312205934e-01
4.699000000 -4.688918101450e-01
4.700000000 -5.015415139957e-01
4.701000000 -5.332084839507e-01
4.702000000 -5.638229676163e-01
4.703000000 -5.933174649564e-01
4.704000000 -6.216268800449e-01
4.705000000 -6.486886676685e-01
4.706000000 -6.744429744407e-01
4.707000000 -6.988327741045e-01
4.708000000 -7.218039967097e-01
4.709000000 -7.433056513699e-01
4.710000000 -7.632899423130e-01
4.711000000 -7.817123779589e-01
4.712000000 -7.985318727707e-01
4.713000000 -8.137108416431e-01
4.714000000 -8.272152866088e-01
4.715000000 -8.390148756609e-01
4.716000000 -8.490830135057e-01
4.717000000 -8.573969040815e-01
4.718000000 -8.639376046938e-01
4.719000000 -8.686900716398e-01
4.720000000 -8.716431972115e-01
4.721000000 -8.727898379875e-01
4.722000000 -8.721268343435e-01
4.723000000 -8.696550211296e-01
4.724000000 -8.653792294846e-01
4.725000000 -8.593082797749e-01
4.726000000 -8.514549656680e-01
4.727000000 -8.418360293683e-01
4.728000000 -8.304721280642e-01
4.729000000 -8.173877916543e-01
4.730000000 -8.026113718402e-01
4.731000000 -7.861749826923e-01
4.732000000 -7.681144328160e-01
4.733000000 -7.484691492595e-01
4.734000000 -7.272820933301e-01
4.735000000 -7.045996684960e-01
4.736000000 -6.804716205745e-01
4.737000000 -6.549509304206e-01
4.738000000 -6.280936993487e-01
4.739000000 -5.999590275355e-01
4.740000000 -5.706088856667e-01
4.741000000 -5.401079801081e-01
4.742000000 -5.085236118915e-01
4.743000000 -4.759255298240e-01
4.744000000 -4.423857780391e-01
4.745000000 -4.079785383218e-01
4.746000000 -3.727799675505e-01
4.747000000 -3.368680306111e-01
4.748000000 -3.003223291461e-01
4.749000000 -2.632239265132e-01
4.750000000 -2.256551693346e-01
4.751000000 -1.876995060276e-01
4.752000000 -1.494413027110e-01
4.753000000 -1.109656568924e-01
4.754000000 -7.235820934031e-02
4.755000000 -3.370495455608e-02
4.756000000 4.907949741680e-03
4.757000000 4.339437370186e-02
4.758000000 8.166840657579e-02
4.759000000 1.196445476828e-01
4.760000000 1.572378966867e-01
4.761000000 1.943643427650e-01
4.762000000 2.309407522534e-01
4.763000000 2.668851543539e-01
4.764000000 3.021169244935e-01
4.765000000 3.365569649313e-01
4.766000000 3.701278822113e-01
4.767000000 4.027541610689e-01
4.768000000 4.343623344036e-01
4.769000000 4.648811489397e-01
4.770000000 4.942417262045e-01
4.771000000 5.223777184636e-01
4.772000000 5.492254592639e-01
4.773000000 5.747241082439e-01
4.774000000 5.988157898852e-01
4.775000000 6.214457258890e-01
4.776000000 6.425623608771e-01
4.777000000 6.621174811291e-01
4.778000000 6.800663260816e-01
4.779000000 6.963676923324e-01
4.780000000 7.109840299061e-01
4.781000000 7.238815305550e-01
4.782000000 7.350302078849e-01
4.783000000 7.444039691148e-01
4.784000000 7.519806782940e-01
4.785000000 7.577422108206e-01
4.786000000 7.616744991233e-01
4.787000000 7.637675693869e-01
4.788000000 7.640155692213e-01
4.789000000 7.624167861931e-01
4.790000000 7.589736571591e-01
4.791000000 7.536927683595e-01
4.792000000 7.465848462512e-01
4.793000000 7.376647390787e-01
4.794000000 7.269513892029e-01
4.795000000 7.144677962263e-01
4.796000000 7.002409709758e-01
4.797000000 6.843018804222e-01
4.798000000 6.666853836365e-01
4.799000000 6.474301589046e-01
4.800000000 6.265786221385e-01
4.801000000 6.041768367466e-01
4.802000000 5.802744151388e-01
4.803000000 5.549244120682e-01
4.804000000 5.281832100237e-01
4.805000000 5.001103969106e-01
4.806000000 4.707686362719e-01
4.807000000 4.402235303208e-01
4.808000000 4.085434760728e-01
4.809000000 3.757995148810e-01
4.810000000 3.420651756955e-01
4.811000000 3.074163123803e-01
4.812000000 2.719309354393e-01
4.813000000 2.356890385138e-01
4.814000000 1.987724200285e-01
4.815000000 1.612645003743e-01
4.816000000 1.232501350291e-01
4.817000000 8.481542402690e-02
4.818000000 4.604751819627e-02
4.819000000 7.034422598323e-03
4.820000000 -3.213520239908e-02
4.821000000 -7.137224196542e-02
4.822000000 -1.105873291195e-01
4.823000000 -1.496910480534e-01
4.824000000 -1.885941380088e-01
4.825000000 -2.272076972427e-01
4.826000000 -2.654433866173e-01
4.827000000 -3.032136323494e-01
4.828000000 -3.404318274522e-01
4.829000000 -3.770125314068e-01
4.830000000 -4.128716675995e-01
4.831000000 -4.479267180681e-01
4.832000000 -4.820969151012e-01
4.833000000 -5.153034292426e-01
4.834000000 -5.474695532588e-01
4.835000000 -5.785208816347e-01
4.836000000 -6.083854851709e-01
4.837000000 -6.369940802690e-01
4.838000000 -6.642801924960e-01
4.839000000 -6.901803140371e-01
4.840000000 -7.146340546554e-01
4.841000000 -7.375842857896e-01
4.842000000 -7.589772774394e-01
4.843000000 -7.787628275005e-01
4.844000000 -7.968943832282e-01
4.845000000 -8.133291545270e-01
4.846000000 -8.280282187794e-01
4.847000000 -8.409566169490e-01
4.848000000 -8.520834407091e-01
4.849000000 -8.613819103699e-01
4.850000000 -8.688294433995e-01
4.851000000 -8.744077133513e-01
4.852000000 -8.781026990366e-01
4.853000000 -8.799047238012e-01
4.854000000 -8.798084847874e-01
4.855000000 -8.778130720877e-01
4.856000000 -8.739219777184e-01
4.857000000 -8.681430943647e-01
4.858000000 -8.604887038761e-01
4.859000000 -8.509754555097e-01
4.860000000 -8.396243339488e-01
4.861000000 -8.264606171436e-01
4.862000000 -8.115138240490e-01
4.863000000 -7.948176523554e-01
4.864000000 -7.764099063345e-01
4.865000000 -7.563324149451e-01
4.866000000 -7.346309403671e-01
4.867000000 -7.113550771554e-01
4.868000000 -6.865581422290e-01
4.869000000 -6.602970559305e-01
4.870000000 -6.326322144169e-01
4.871000000 -6.036273536589e-01
4.872000000 -5.733494053527e-01
4.873000000 -5.418683450619e-01
4.874000000 -5.092570329315e-01
4.875000000 -4.755910473315e-01
4.876000000 -4.409485118079e-01
4.877000000 -4.054099157321e-01
4.878000000 -3.690579290604e-01
4.879000000 -3.319772116255e-01
4.880000000 -2.942542174010e-01
4.881000000 -2.559769941873e-01
4.882000000 -2.172349791855e-01
4.883000000 -1.781187909310e-01
4.884000000 -1.387200180725e-01
4.885000000 -9.913100548902e-02
4.886000000 -5.944463824435e-02
4.887000000 -1.975412388718e-02
4.888000000 1.984722639283e-02
4.889000000 5.926621723658e-02
4.890000000 9.840998869645e-02
4.891000000 1.371862354070e-01
4.892000000 1.755034248255e-01
4.893000000 2.132710140229e-01
4.894000000 2.503996645101e-01
4.895000000 2.868014545846e-01
4.896000000 3.223900886906e-01
4.897000000 3.570811032903e-01
4.898000000 3.907920687514e-01
4.899000000 4.234427867632e-01
4.900000000 4.549554828065e-01
4.901000000 4.852549932094e-01
4.902000000 5.142689463359e-01
4.903000000 5.419279374649e-01
4.904000000 5.681656969350e-01
4.905000000 5.929192511396e-01
4.906000000 6.161290759802e-01
4.907000000 6.377392423971e-01
4.908000000 6.576975536169e-01
4.909000000 6.759556737770e-01
4.910000000 6.924692476036e-01
4.911000000 7.071980108426e-01
4.912000000 7.201058911645e-01
4.913000000 7.311610992837e-01
4.914000000 7.403362100598e-01
4.915000000 7.476082333671e-01
4.916000000 7.529586745454e-01
4.917000000 7.563735842696e-01
4.918000000 7.578435976977e-01
4.919000000 7.573639627856e-01
4.920000000 7.549345576797e-01
4.921000000 7.505598971261e-01
4.922000000 7.442491278591e-01
4.923000000 7.360160129601e-01
4.924000000 7.258789052024e-01
4.925000000 7.138607094243e-01
4.926000000 6.999888339986e-01
4.927000000 6.842951314941e-01
4.928000000 6.668158286478e-01
4.929000000 6.475914457949e-01
4.930000000 6.266667059278e-01
4.931000000 6.040904335800e-01
4.932000000 5.799154437558e-01
4.933000000 5.541984211511e-01
4.934000000 5.269997899341e-01
4.935000000 4.983835743765e-01
4.936000000 4.684172506503e-01
4.937000000 4.371715901255e-01
4.938000000 4.047204945255e-01
4.939000000 3.711408233161e-01
4.940000000 3.365122137259e-01
4.941000000 3.009168938114e-01
4.942000000 2.644394889993e-01
4.943000000 2.271668225550e-01
4.944000000 1.891877104409e-01
4.945000000 1.505927510436e-01
4.946000000 1.114741102619e-01
4.947000000 7.192530245991e-02
4.948000000 3.204096780054e-02
4.949000000 -8.083353514839e-03
4.950000000 -4.835144956712e-02
4.951000000 -8.866666705864e-02
4.952000000 -1.289321431233e-01
4.953000000 -1.690510380547e-01
4.954000000 -2.089267683966e-01
4.955000000 -2.484632398363e-01
4.956000000 -2.875650793416e-01
4.957000000 -3.261378659823e-01
4.958000000 -3.640883598780e-01
4.959000000 -4.013247287179e-01
4.960000000 -4.377567713014e-01
4.961000000 -4.732961375557e-01
4.962000000 -5.078565444916e-01
4.963000000 -5.413539875677e-01
4.964000000 -5.737069469438e-01
4.965000000 -6.048365881128e-01
4.966000000 -6.346669564148e-01
4.967000000 -6.631251649486e-01
4.968000000 -6.901415754115e-01
4.969000000 -7.156499714131e-01
4.970000000 -7.395877238260e-01
4.971000000 -7.618959477549e-01
4.972000000 -7.825196507225e-01
4.973000000 -8.014078716931e-01
4.974000000 -8.185138105746e-01
4.975000000 -8.337949478613e-01
4.976000000 -8.472131541035e-01
4.977000000 -8.587347889123e-01
4.978000000 -8.683307892355e-01
4.979000000 -8.759767466612e-01
4.980000000 -8.816529735358e-01
4.981000000 -8.853445577077e-01
4.982000000 -8.870414057345e-01
4.983000000 -8.867382744214e-01
4.984000000 -8.844347905832e-01
4.985000000 -8.801354589552e-01
4.986000000 -8.738496582019e-01
4.987000000 -8.655916250056e-01
4.988000000 -8.553804262443e-01
4.989000000 -8.432399192965e-01
4.990000000 -8.291987005423e-01
4.991000000 -8.132900421575e-01
4.992000000 -7.955518173266e-01
4.993000000 -7.760264140306e-01
4.994000000 -7.547606375925e-01
4.995000000 -7.318056021933e-01
4.996000000 -7.072166115982e-01
4.997000000 -6.810530293600e-01
4.998000000 -6.533781387940e-01
4.999000000 -6.242589930455e-01
5.000000000 -5.937662555940e-01
5.001000000 -5.619740315665e-01
5.002000000 -5.289596902539e-01
5.003000000 -4.948036792475e-01
5.004000000 -4.595893306361e-01
5.005000000 -4.234026597238e-01
5.006000000 -3.863321567504e-01
5.007000000 -3.484685721130e-01
5.008000000 -3.099046956061e-01
5.009000000 -2.707351302154e-01
5.010000000 -2.310560610127e-01
5.011000000 -1.909650197165e-01
5.012000000 -1.505606454916e-01
5.013000000 -1.099424425768e-01
5.014000000 -6.921053533403e-02
5.015000000 -2.846542132612e-02
5.016000000 1.219227696834e-02
5.017000000 5.266206118515e-02
5.018000000 9.284380623075e-02
5.019000000 1.326380089424e-01
5.020000000 1.719460356304e-01
5.021000000 2.106703678803e-01
5.022000000 2.487148459980e-01
5.023000000 2.859849094826e-01
5.024000000 3.223878339180e-01
5.025000000 3.578329636850e-01
5.026000000 3.922319398985e-01
5.027000000 4.254989229913e-01
5.028000000 4.575508093738e-01
5.029000000 4.883074416141e-01
5.030000000 5.176918115985e-01
5.031000000 5.456302561467e-01
5.032000000 5.720526445768e-01
5.033000000 5.968925577321e-01
5.034000000 6.200874580033e-01
5.035000000 6.415788499010e-01
5.036000000 6.613124307561e-01
5.037000000 6.792382311517e-01
5.038000000 6.953107447123e-01
5.039000000 7.094890469045e-01
5.040000000 7.217369025299e-01
5.041000000 7.320228616196e-01
5.042000000 7.403203434668e-01
5.043000000 7.466077085661e-01
5.044000000 7.508683182565e-01
5.045000000 7.530905818968e-01
5.046000000 7.532679914334e-01
5.047000000 7.513991432527e-01
5.048000000 7.474877472406e-01
5.049000000 7.415426230083e-01
5.050000000 7.335776832699e-01
5.051000000 7.236119043970e-01
5.052000000 7.116692842021e-01
5.053000000 6.977787870393e-01
5.054000000 6.819742763417e-01
5.055000000 6.642944347464e-01
5.056000000 6.447826719917e-01
5.057000000 6.234870208016e-01
5.058000000 6.004600210021e-01
5.059000000 5.757585921479e-01
5.060000000 5.494438949634e-01
5.061000000 5.215811819346e-01
5.062000000 4.922396374134e-01
5.063000000 4.614922076268e-01
5.064000000 4.294154210042e-01
5.065000000 3.960891992683e-01
5.066000000 3.615966597522e-01
5.067000000 3.260239094332e-01
5.068000000 2.894598311933e-01
5.069000000 2.519958628363e-01
5.070000000 2.137257694132e-01
5.071000000 1.747454094210e-01
5.072000000 1.351524954607e-01
5.073000000 9.504634995182e-02
5.074000000 5.452765651523e-02
5.075000000 1.369820764763e-02
5.076000000 -2.733935067865e-02
5.077000000 -6.848177684900e-02
5.078000000 -1.096254932243e-01
5.079000000 -1.506668468893e-01
5.080000000 -1.915023708737e-01
5.081000000 -2.320290451878e-01
5.082000000 -2.721445570122e-01
5.083000000 -3.117475593843e-01
5.084000000 -3.507379277266e-01
5.085000000 -3.890170135677e-01
5.086000000 -4.264878948107e-01
5.087000000 -4.630556219165e-01
5.088000000 -4.986274593740e-01
5.089000000 -5.331131218443e-01
5.090000000 -5.664250043775e-01
5.091000000 -5.984784061147e-01
5.092000000 -6.291917469040e-01
5.093000000 -6.584867762781e-01
5.094000000 -6.862887742563e-01
5.095000000 -7.125267434581e-01
5.096000000 -7.371335920331e-01
5.097000000 -7.600463069379e-01
5.098000000 -7.812061171106e-01
5.099000000 -8.005586461232e-01
5.100000000 -8.180540539137e-01
5.101000000 -8.336471672296e-01
5.102000000 -8.472975984412e-01
5.103000000 -8.589698524121e-01
5.104000000 -8.686334211440e-01
5.105000000 -8.762628659437e-01
5.106000000 -8.818378868890e-01
5.107000000 -8.853433794052e-01
5.108000000 -8.867694777927e-01
5.109000000 -8.861115855803e-01
5.110000000 -8.833703926109e-01
5.111000000 -8.785518788000e-01
5.112000000 -8.716673045396e-01
5.113000000 -8.627331877535e-01
5.114000000 -8.517712676447e-01
5.115000000 -8.388084552066e-01
5.116000000 -8.238767706039e-01
5.117000000 -8.070132675628e-01
5.118000000 -7.882599449404e-01
5.119000000 -7.676636456773e-01
5.120000000 -7.452759433683e-01
5.121000000 -7.211530167166e-01
5.122000000 -6.953555121692e-01
5.123000000 -6.679483950587e-01
5.124000000 -6.390007896079e-01
5.125000000 -6.085858081801e-01
5.126000000 -5.767803701868e-01
5.127000000 -5.436650110902e-01
5.128000000 -5.093236819628e-01
5.129000000 -4.738435400915e-01
5.130000000 -4.373147311369e-01
5.131000000 -3.998301633792e-01
5.132000000 -3.614852746043e-01
5.133000000 -3.223777922017e-01
5.134000000 -2.826074870655e-01
5.135000000 -2.422759219044e-01
5.136000000 -2.014861945837e-01
5.137000000 -1.603426771348e-01
5.138000000 -1.189507510807e-01
5.139000000 -7.741653973558e-02
5.140000000 -3.584663814805e-02
5.141000000 5.652158638780e-03
5.142000000 4.697312832708e-02
5.143000000 8.800989441942e-02
5.144000000 1.286566989007e-01
5.145000000 1.688086738578e-01
5.146000000 2.083621113490e-01
5.147000000 2.472147308362e-01
5.148000000 2.852659434996e-01
5.149000000 3.224171127576e-01
5.150000000 3.585718103242e-01
5.151000000 3.936360671435e-01
5.152000000 4.275186185539e-01
5.153000000 4.601311430446e-01
5.154000000 4.913884939827e-01
5.155000000 5.212089237040e-01
5.156000000 5.495142993778e-01
5.157000000 5.762303100756e-01
5.158000000 6.012866644916e-01
5.159000000 6.246172787869e-01
5.160000000 6.461604540507e-01
5.161000000 6.658590428967e-01
5.162000000 6.836606047386e-01
5.163000000 6.995175493153e-01
5.164000000 7.133872680642e-01
5.165000000 7.252322529715e-01
5.166000000 7.350202025562e-01
5.167000000 7.427241146789e-01
5.168000000 7.483223658964e-01
5.169000000 7.517987771164e-01
5.170000000 7.531426653424e-01
5.171000000 7.523488813305e-01
5.172000000 7.494178330173e-01
5.173000000 7.443554946138e-01
5.174000000 7.371734012940e-01
5.175000000 7.278886294468e-01
5.176000000 7.165237624941e-01
5.177000000 7.031068423168e-01
5.178000000 6.876713063660e-01
5.179000000 6.702559105752e-01
5.180000000 6.509046382260e-01
5.181000000 6.296665949563e-01
5.182000000 6.065958901372e-01
5.183000000 5.817515048816e-01
5.184000000 5.551971469806e-01
5.185000000 5.270010931044e-01
5.186000000 4.972360186324e-01
5.187000000 4.659788155174e-01
5.188000000 4.333103986168e-01
5.189000000 3.993155009593e-01
5.190000000 3.640824584453e-01
5.191000000 3.277029845084e-01
5.192000000 2.902719352958e-01
5.193000000 2.518870659532e-01
5.194000000 2.126487786224e-01
5.195000000 1.726598627895e-01
5.196000000 1.320252286416e-01
5.197000000 9.085163411128e-02
5.198000000 4.924740631070e-02
5.199000000 7.322158071909e-03
5.200000000 -3.481349967068e-02
5.201000000 -7.704824890723e-02
5.202000000 -1.192703582268e-01
5.203000000 -1.613679783667e-01
5.204000000 -2.032294388558e-01
5.205000000 -2.447435449646e-01
5.206000000 -2.857998741693e-01
5.207000000 -3.262890713364e-01
5.208000000 -3.661031418319e-01
5.209000000 -4.051357417645e-01
5.210000000 -4.432824645710e-01
5.211000000 -4.804411231652e-01
5.212000000 -5.165120268734e-01
5.213000000 -5.513982523949e-01
5.214000000 -5.850059080362e-01
5.215000000 -6.172443904843e-01
5.216000000 -6.480266333987e-01
5.217000000 -6.772693471245e-01
5.218000000 -7.048932488475e-01
5.219000000 -7.308232825353e-01
5.220000000 -7.549888280361e-01
5.221000000 -7.773238987304e-01
5.222000000 -7.977673271619e-01
5.223000000 -8.162629381045e-01
5.224000000 -8.327597085525e-01
5.225000000 -8.472119141579e-01
5.226000000 -8.595792616717e-01
5.227000000 -8.698270069840e-01
5.228000000 -8.779260583957e-01
5.229000000 -8.838530647938e-01
5.230000000 -8.875904884431e-01
5.231000000 -8.891266621487e-01
5.232000000 -8.884558305849e-01
5.233000000 -8.855781756317e-01
5.234000000 -8.804998256017e-01
5.235000000 -8.732328482855e-01
5.236000000 -8.637952277891e-01
5.237000000 -8.522108251808e-01
5.238000000 -8.385093230116e-01
5.239000000 -8.227261538168e-01
5.240000000 -8.049024127540e-01
5.241000000 -7.850847545750e-01
5.242000000 -7.633252751758e-01
5.243000000 -7.396813780126e-01
5.244000000 -7.142156257125e-01
5.245000000 -6.869955772562e-01
5.246000000 -6.580936111444e-01
5.247000000 -6.275867350059e-01
5.248000000 -5.955563821428e-01
5.249000000 -5.620881955468e-01
5.250000000 -5.272717999561e-01
5.251000000 -4.912005625618e-01
5.252000000 -4.539713430002e-01
5.253000000 -4.156842333070e-01
5.254000000 -3.764422885315e-01
5.255000000 -3.363512487445e-01
5.256000000 -2.955192531944e-01
5.257000000 -2.540565473935e-01
5.258000000 -2.120751839362e-01
5.259000000 -1.696887178725e-01
5.260000000 -1.270118974753e-01
5.261000000 -8.416035125703e-02
5.262000000 -4.125027210213e-02
5.263000000 1.601900607139e-03
5.264000000 4.427979998711e-02
5.265000000 8.666745088182e-02
5.266000000 1.286495884327e-01
5.267000000 1.701119750975e-01
5.268000000 2.109417152291e-01
5.269000000 2.510275663309e-01
5.270000000 2.902602461134e-01
5.271000000 3.285327344869e-01
5.272000000 3.657405696384e-01
5.273000000 4.017821373557e-01
5.274000000 4.365589527819e-01
5.275000000 4.699759338004e-01
5.276000000 5.019416652771e-01
5.277000000 5.323686534084e-01
5.278000000 5.611735694525e-01
5.279000000 5.882774821508e-01
5.280000000 6.136060781773e-01
5.281000000 6.370898699867e-01
5.282000000 6.586643904684e-01
5.283000000 6.782703738503e-01
5.284000000 6.958539223325e-01
5.285000000 7.113666579765e-01
5.286000000 7.247658594096e-01
5.287000000 7.360145829549e-01
5.288000000 7.450817678348e-01
5.289000000 7.519423251443e-01
5.290000000 7.565772103358e-01
5.291000000 7.589734790030e-01
5.292000000 7.591243257987e-01
5.293000000 7.570291063699e-01
5.294000000 7.526933422405e-01
5.295000000 7.461287086211e-01
5.296000000 7.373530051727e-01
5.297000000 7.263901097994e-01
5.298000000 7.132699155948e-01
5.299000000 6.980282511104e-01
5.300000000 6.807067841657e-01
5.301000000 6.613529094634e-01
5.302000000 6.400196203191e-01
5.303000000 6.167653648595e-01
5.304000000 5.916538870872e-01
5.305000000 5.647540532520e-01
5.306000000 5.361396640095e-01
5.307000000 5.058892528882e-01
5.308000000 4.740858716241e-01
5.309000000 4.408168629572e-01
5.310000000 4.061736215215e-01
5.311000000 3.702513434902e-01
5.312000000 3.331487656709e-01
5.313000000 2.949678947742e-01
5.314000000 2.558137276046e-01
5.315000000 2.157939629493e-01
5.316000000 1.750187059622e-01
5.317000000 1.336001658601e-01
5.318000000 9.165234776771e-02
5.319000000 4.929073956128e-02
5.320000000 6.631994576402e-03
5.321000000 -3.620638894552e-02
5.322000000 -7.910639078858e-02
5.323000000 -1.219497931821e-01
5.324000000 -1.646185058160e-01
5.325000000 -2.069948905589e-01
5.326000000 -2.489620849858e-01
5.327000000 -2.904043238286e-01
5.328000000 -3.312072574669e-01
5.329000000 -3.712582665872e-01
5.330000000 -4.104467721486e-01
5.331000000 -4.486645398071e-01
5.332000000 -4.858059779669e-01
5.333000000 -5.217684286439e-01
5.334000000 -5.564524503488e-01
5.335000000 -5.897620922173e-01
5.336000000 -6.216051586412e-01
5.337000000 -6.518934636793e-01
5.338000000 -6.805430745565e-01
5.339000000 -7.074745435880e-01
5.340000000 -7.326131278982e-01
5.341000000 -7.558889963377e-01
5.342000000 -7.772374230366e-01
5.343000000 -7.965989670664e-01
5.344000000 -8.139196377249e-01
5.345000000 -8.291510449934e-01
5.346000000 -8.422505347581e-01
5.347000000 -8.531813084259e-01
5.348000000 -8.619125266116e-01
5.349000000 -8.684193966107e-01
5.350000000 -8.726832434186e-01
5.351000000 -8.746915641013e-01
5.352000000 -8.744380653659e-01
5.353000000 -8.719226842233e-01
5.354000000 -8.671515916839e-01
5.355000000 -8.601371794674e-01
5.356000000 -8.508980297578e-01
5.357000000 -8.394588680755e-01
5.358000000 -8.258504993868e-01
5.359000000 -8.101097276120e-01
5.360000000 -7.922792587410e-01
5.361000000 -7.724075878048e-01
5.362000000 -7.505488699982e-01
5.363000000 -7.267627762862e-01
5.364000000 -7.011143338732e-01
5.365000000 -6.736737519488e-01
5.366000000 -6.445162331670e-01
5.367000000 -6.137217713519e-01
5.368000000 -5.813749359588e-01
5.369000000 -5.475646438577e-01
5.370000000 -5.123839190364e-01
5.371000000 -4.759296408554e-01
5.372000000 -4.383022815172e-01
5.373000000 -3.996056334404e-01
5.374000000 -3.599465272578e-01
5.375000000 -3.194345411827e-01
5.376000000 -2.781817025109e-01
5.377000000 -2.363021820487e-01
5.378000000 -1.939119822769e-01
5.379000000 -1.511286200765e-01
5.380000000 -1.080708048616e-01
5.381000000 -6.485811297454e-02
5.382000000 -2.161065921275e-02
5.383000000 2.155123363585e-02
5.384000000 6.450736636325e-02
5.385000000 1.071379951283e-01
5.386000000 1.493241625679e-01
5.387000000 1.909480273385e-01
5.388000000 2.318931911993e-01
5.389000000 2.720450227467e-01
5.390000000 3.112909769235e-01
5.391000000 3.495209094271e-01
5.392000000 3.866273851591e-01
5.393000000 4.225059798658e-01
5.394000000 4.570555741384e-01
5.395000000 4.901786389580e-01
5.396000000 5.217815119884e-01
5.397000000 5.517746638457e-01
5.398000000 5.800729535918e-01
5.399000000 6.065958727314e-01
5.400000000 6.312677770131e-01
5.401000000 6.540181053712e-01
5.402000000 6.747815853717e-01
5.403000000 6.934984245631e-01
5.404000000 7.101144871646e-01
5.405000000 7.245814555639e-01
5.406000000 7.368569761333e-01
5.407000000 7.469047889143e-01
5.408000000 7.546948407598e-01
5.409000000 7.602033815698e-01
5.410000000 7.634130432950e-01
5.411000000 7.643129014328e-01
5.412000000 7.628985187823e-01
5.413000000 7.591719712749e-01
5.414000000 7.531418557413e-01
5.415000000 7.448232795284e-01
5.416000000 7.342378319242e-01
5.417000000 7.214135374015e-01
5.418000000 7.063847907387e-01
5.419000000 6.891922741268e-01
5.420000000 6.698828564226e-01
5.421000000 6.485094747546e-01
5.422000000 6.251309987428e-01
5.423000000 5.998120776375e-01
5.424000000 5.726229707358e-01
5.425000000 5.436393614785e-01
5.426000000 5.129421556817e-01
5.427000000 4.806172644003e-01
5.428000000 4.467553719681e-01
5.429000000 4.114516898041e-01
5.430000000 3.748056966160e-01
5.431000000 3.369208656746e-01
5.432000000 2.979043798738e-01
5.433000000 2.578668353268e-01
5.434000000 2.169219342893e-01
5.435000000 1.751861682317e-01
5.436000000 1.327784919183e-01
5.437000000 8.981998937855e-02
5.438000000 4.643353268777e-02
5.439000000 2.743434496560e-03
5.440000000 -4.112490472532e-02
5.441000000 -8.504535374565e-02
5.442000000 -1.288914109232e-01
5.443000000 -1.725365668389e-01
5.444000000 -2.158546681723e-01
5.445000000 -2.587202817831e-01
5.446000000 -3.010090579475e-01
5.447000000 -3.425980916977e-01
5.448000000 -3.833662812126e-01
5.449000000 -4.231946822061e-01
5.450000000 -4.619668572701e-01
5.451000000 -4.995692191328e-01
5.452000000 -5.358913668080e-01
5.453000000 -5.708264136236e-01
5.454000000 -6.042713061368e-01
5.455000000 -6.361271329625e-01
5.456000000 -6.662994225679e-01
5.457000000 -6.946984291100e-01
5.458000000 -7.212394054261e-01
5.459000000 -7.458428623166e-01
5.460000000 -7.684348132985e-01
5.461000000 -7.889470040436e-01
5.462000000 -8.073171257570e-01
5.463000000 -8.234890117972e-01
5.464000000 -8.374128168813e-01
5.465000000 -8.490451782718e-01
5.466000000 -8.583493583862e-01
5.467000000 -8.652953683297e-01
5.468000000 -8.698600719005e-01
5.469000000 -8.720272696769e-01
5.470000000 -8.717877628502e-01
5.471000000 -8.691393965310e-01
5.472000000 -8.640870823120e-01
5.473000000 -8.566427999367e-01
5.474000000 -8.468255779820e-01
5.475000000 -8.346614535296e-01
5.476000000 -8.201834108621e-01
5.477000000 -8.034312992845e-01
5.478000000 -7.844517302377e-01
5.479000000 -7.632979539314e-01
5.480000000 -7.400297157907e-01
5.481000000 -7.147130930731e-01
5.482000000 -6.874203120729e-01
5.483000000 -6.582295463961e-01
5.484000000 -6.272246968440e-01
5.485000000 -5.944951535091e-01
5.486000000 -5.601355407371e-01
5.487000000 -5.242454456724e-01
5.488000000 -4.869291311528e-01
5.489000000 -4.482952337724e-01
5.490000000 -4.084564479842e-01
5.491000000 -3.675291971553e-01
5.492000000 -3.256332925379e-01
5.493000000 -2.828915811561e-01
5.494000000 -2.394295836512e-01
5.495000000 -1.953751231591e-01
5.496000000 -1.508579463304e-01
5.497000000 -1.060093376300e-01
5.498000000 -6.096172807721e-02
5.499000000 -1.584829961294e-02
5.500000000 2.919741370491e-02
5.501000000 7.404192646083e-02
5.502000000 1.185522033686e-01
5.503000000 1.625960602516e-01
5.504000000 2.060425632810e-01
5.505000000 2.487624252356e-01
5.506000000 2.906283975544e-01
5.507000000 3.315156569607e-01
5.508000000 3.713021854512e-01
5.509000000 4.098691424599e-01
5.510000000 4.471012280269e-01
5.511000000 4.828870358296e-01
5.512000000 5.171193949599e-01
5.513000000 5.496956993652e-01
5.514000000 5.805182239058e-01
5.515000000 6.094944260223e-01
5.516000000 6.365372320477e-01
5.517000000 6.615653072469e-01
5.518000000 6.845033087141e-01
5.519000000 7.052821203113e-01
5.520000000 7.238390688871e-01
5.521000000 7.401181210706e-01
5.522000000 7.540700599974e-01
5.523000000 7.656526413849e-01
5.524000000 7.748307284403e-01
5.525000000 7.815764051492e-01
5.526000000 7.858690675614e-01
5.527000000 7.876954927600e-01
5.528000000 7.870498852669e-01
5.529000000 7.839339007149e-01
5.530000000 7.783566466819e-01
5.531000000 7.703346606592e-01
5.532000000 7.598918651972e-01
5.533000000 7.470595003432e-01
5.534000000 7.318760335593e-01
5.535000000 7.143870473796e-01
5.536000000 6.946451051363e-01
5.537000000 6.727095951546e-01
5.538000000 6.486465538841e-01
5.539000000 6.225284685022e-01
5.540000000 5.944340595903e-01
5.541000000 5.644480445457e-01
5.542000000 5.326608824557e-01
5.543000000 4.991685012169e-01
5.544000000 4.640720077416e-01
5.545000000 4.274773821436e-01
5.546000000 3.894951568511e-01
5.547000000 3.502400816369e-01
5.548000000 3.098307756054e-01
5.549000000 2.683893672134e-01
5.550000000 2.260411234417e-01
5.551000000 1.829140692675e-01
5.552000000 1.391385986182e-01
5.553000000 9.484707801294e-02
5.554000000 5.017344412226e-02
5.555000000 5.252796493989e-03
5.556000000 -3.977901329267e-02
5.557000000 -8.478579477090e-02
5.558000000 -1.296314327485e-01
5.559000000 -1.741803012070e-01
5.560000000 -2.182976756563e-01
5.561000000 -2.618501426732e-01
5.562000000 -3.047060053561e-01
5.563000000 -3.467356834489e-01
5.564000000 -3.878121068999e-01
5.565000000 -4.278111016455e-01
5.566000000 -4.666117664347e-01
5.567000000 -5.040968395380e-01
5.568000000 -5.401530542188e-01
5.569000000 -5.746714818812e-01
5.570000000 -6.075478618479e-01
5.571000000 -6.386829167653e-01
5.572000000 -6.679826526777e-01
5.573000000 -6.953586428646e-01
5.574000000 -7.207282945826e-01
5.575000000 -7.440150979109e-01
5.576000000 -7.651488559552e-01
5.577000000 -7.840658957225e-01
5.578000000 -8.007092590424e-01
5.579000000 -8.150288729709e-01
5.580000000 -8.269816991777e-01
5.581000000 -8.365318618841e-01
5.582000000 -8.436507539850e-01
5.583000000 -8.483171210554e-01
5.584000000 -8.505171230103e-01
5.585000000 -8.502443732580e-01
5.586000000 -8.474999552517e-01
5.587000000 -8.422924164173e-01
5.588000000 -8.346377395025e-01
5.589000000 -8.245592914610e-01
5.590000000 -8.120877500541e-01
5.591000000 -7.972610084188e-01
5.592000000 -7.801240579190e-01
5.593000000 -7.607288496588e-01
5.594000000 -7.391341351037e-01
5.595000000 -7.154052863157e-01
5.596000000 -6.896140963692e-01
5.597000000 -6.618385605724e-01
5.598000000 -6.321626391769e-01
5.599000000 -6.006760023096e-01
5.600000000 -5.674737579157e-01
5.601000000 -5.326561635482e-01
5.602000000 -4.963283228869e-01
5.603000000 -4.585998679131e-01
5.604000000 -4.195846277087e-01
5.605000000 -3.794002848813e-01
5.606000000 -3.381680206589e-01
5.607000000 -2.960121497211e-01
5.608000000 -2.530597458680e-01
5.609000000 -2.094402596508e-01
5.610000000 -1.652851291069e-01
5.611000000 -1.207273847652e-01
5.612000000 -7.590125009758e-02
5.613000000 -3.094173860611e-02
5.614000000 1.401575125872e-02
5.615000000 5.883584214732e-02
5.616000000 1.033835836279e-01
5.617000000 1.475248565725e-01
5.618000000 1.911267749206e-01
5.619000000 2.340580836382e-01
5.620000000 2.761895517038e-01
5.621000000 3.173943589681e-01
5.622000000 3.575484757546e-01
5.623000000 3.965310340917e-01
5.624000000 4.342246894901e-01
5.625000000 4.705159722118e-01
5.626000000 5.052956270050e-01
5.627000000 5.384589403171e-01
5.628000000 5.699060540320e-01
5.629000000 5.995422648208e-01
5.630000000 6.272783082340e-01
5.631000000 6.530306267115e-01
5.632000000 6.767216207294e-01
5.633000000 6.982798823551e-01
5.634000000 7.176404105305e-01
5.635000000 7.347448074576e-01
5.636000000 7.495414555116e-01
5.637000000 7.619856741683e-01
5.638000000 7.720398564821e-01
5.639000000 7.796735847160e-01
5.640000000 7.848637247790e-01
5.641000000 7.875944991908e-01
5.642000000 7.878575383505e-01
5.643000000 7.856519099509e-01
5.644000000 7.809841264395e-01
5.645000000 7.738681304905e-01
5.646000000 7.643252585141e-01
5.647000000 7.523841822910e-01
5.648000000 7.380808288830e-01
5.649000000 7.214582790303e-01
5.650000000 7.025666443087e-01
5.651000000 6.814629233803e-01
5.652000000 6.582108377274e-01
5.653000000 6.328806473234e-01
5.654000000 6.055489467458e-01
5.655000000 5.762984422964e-01
5.656000000 5.452177107469e-01
5.657000000 5.124009403809e-01
5.658000000 4.779476550536e-01
5.659000000 4.419624220436e-01
5.660000000 4.045545445127e-01
5.661000000 3.658377394408e-01
5.662000000 3.259298019420e-01
5.663000000 2.849522569102e-01
5.664000000 2.430299989814e-01
5.665000000 2.002909218344e-01
5.666000000 1.568655378857e-01
5.667000000 1.128865894634e-01
5.668000000 6.848865257514e-02
5.669000000 2.380773440532e-02
5.670000000 -2.101913429661e-02
5.671000000 -6.585431076065e-02
5.672000000 -1.105599544794e-01
5.673000000 -1.549984430250e-01
5.674000000 -1.990327881853e-01
5.675000000 -2.425270511992e-01
5.676000000 -2.853467558697e-01
5.677000000 -3.273592983326e-01
5.678000000 -3.684343522651e-01
5.679000000 -4.084442683244e-01
5.680000000 -4.472644666197e-01
5.681000000 -4.847738210348e-01
5.682000000 -5.208550342356e-01
5.683000000 -5.553950022193e-01
5.684000000 -5.882851672874e-01
5.685000000 -6.194218583513e-01
5.686000000 -6.487066175110e-01
5.687000000 -6.760465118833e-01
5.688000000 -7.013544296908e-01
5.689000000 -7.245493596672e-01
5.690000000 -7.455566528755e-01
5.691000000 -7.643082660832e-01
5.692000000 -7.807429858883e-01
5.693000000 -7.948066328424e-01
5.694000000 -8.064522448705e-01
5.695000000 -8.156402393459e-01
5.696000000 -8.223385532368e-01
5.697000000 -8.265227608042e-01
5.698000000 -8.281761683926e-01
5.699000000 -8.272898859227e-01
5.700000000 -8.238628747601e-01
5.701000000 -8.179019717056e-01
5.702000000 -8.094218889194e-01
5.703000000 -7.984451896660e-01
5.704000000 -7.850022398367e-01
5.705000000 -7.691311352802e-01
5.706000000 -7.508776050449e-01
5.707000000 -7.302948907108e-01
5.708000000 -7.074436020635e-01
5.709000000 -6.823915494331e-01
5.710000000 -6.552135531003e-01
5.711000000 -6.259912302377e-01
5.712000000 -5.948127599339e-01
5.713000000 -5.617726269116e-01
5.714000000 -5.269713446274e-01
5.715000000 -4.905151585052e-01
5.716000000 -4.525157301218e-01
5.717000000 -4.130898032322e-01
5.718000000 -3.723588525785e-01
5.719000000 -3.304487164911e-01
5.720000000 -2.874892143479e-01
5.721000000 -2.436137500087e-01
5.722000000 -1.989589023982e-01
5.723000000 -1.536640044567e-01
5.724000000 -1.078707117231e-01
5.725000000 -6.172256185671e-02
5.726000000 -1.536452644332e-02
5.727000000 3.105744353879e-02
5.728000000 7.739687718338e-02
5.729000000 1.235072466190e-01
5.730000000 1.692424320157e-01
5.731000000 2.144571871651e-01
5.732000000 2.590076041511e-01
5.733000000 3.027515756206e-01
5.734000000 3.455492531633e-01
5.735000000 3.872635003087e-01
5.736000000 4.277603386586e-01
5.737000000 4.669093856839e-01
5.738000000 5.045842827319e-01
5.739000000 5.406631118128e-01
5.740000000 5.750287997594e-01
5.741000000 6.075695083892e-01
5.742000000 6.381790093294e-01
5.743000000 6.667570422124e-01
5.744000000 6.932096549909e-01
5.745000000 7.174495251740e-01
5.746000000 7.393962608419e-01
5.747000000 7.589766803529e-01
5.748000000 7.761250697225e-01
5.749000000 7.907834167209e-01
5.750000000 8.029016208055e-01
5.751000000 8.124376780801e-01
5.752000000 8.193578405509e-01
5.753000000 8.236367490299e-01
5.754000000 8.252575391196e-01
5.755000000 8.242119198011e-01
5.756000000 8.205002242331e-01
5.757000000 8.141314324651e-01
5.758000000 8.051231658546e-01
5.759000000 7.935016530761e-01
5.760000000 7.793016677045e-01
5.761000000 7.625664374469e-01
5.762000000 7.433475251997e-01
5.763000000 7.217046821967e-01
5.764000000 6.977056736162e-01
5.765000000 6.714260771064e-01
5.766000000 6.429490547837e-01
5.767000000 6.123650993529e-01
5.768000000 5.797717550879e-01
5.769000000 5.452733145036e-01
5.770000000 5.089804916323e-01
5.771000000 4.710100729089e-01
5.772000000 4.314845467457e-01
5.773000000 3.905317129570e-01
5.774000000 3.482842732717e-01
5.775000000 3.048794042384e-01
5.776000000 2.604583138978e-01
5.777000000 2.151657836582e-01
5.778000000 1.691496968669e-01
5.779000000 1.225605556256e-01
5.780000000 7.555098744279e-02
5.781000000 2.827524335919e-02
5.782000000 -1.911131077908e-02
5.783000000 -6.645270819673e-02
5.784000000 -1.135928984848e-01
5.785000000 -1.603762665667e-01
5.786000000 -2.066481515739e-01
5.787000000 -2.522553638606e-01
5.788000000 -2.970466983905e-01
5.789000000 -3.408734427294e-01
5.790000000 -3.835898778933e-01
5.791000000 -4.250537703170e-01
5.792000000 -4.651268532343e-01
5.793000000 -5.036752957911e-01
5.794000000 -5.405701582482e-01
5.795000000 -5.756878316756e-01
5.796000000 -6.089104605862e-01
5.797000000 -6.401263470135e-01
5.798000000 -6.692303345952e-01
5.799000000 -6.961241712931e-01
5.800000000 -7.207168494467e-01
5.801000000 -7.429249219352e-01
5.802000000 -7.626727933032e-01
5.803000000 -7.798929847873e-01
5.804000000 -7.945263722714e-01
5.805000000 -8.065223962907e-01
5.806000000 -8.158392432982e-01
5.807000000 -8.224439975080e-01
5.808000000 -8.263127627310e-01
5.809000000 -8.274307537225e-01
5.810000000 -8.257923566664e-01
5.811000000 -8.214011585288e-01
5.812000000 -8.142699451236e-01
5.813000000 -8.044206678406e-01
5.814000000 -7.918843790987e-01
5.815000000 -7.767011366938e-01
5.816000000 -7.589198773256e-01
5.817000000 -7.385982596912e-01
5.818000000 -7.158024776462e-01
5.819000000 -6.906070440348e-01
5.820000000 -6.630945459005e-01
5.821000000 -6.333553718867e-01
5.822000000 -6.014874127359e-01
5.823000000 -5.675957358955e-01
5.824000000 -5.317922353263e-01
5.825000000 -4.941952577017e-01
5.826000000 -4.549292062682e-01
5.827000000 -4.141241237201e-01
5.828000000 -3.719152555127e-01
5.829000000 -3.284425951128e-01
5.830000000 -2.838504127480e-01
5.831000000 -2.382867692741e-01
5.832000000 -1.919030168375e-01
5.833000000 -1.448532880524e-01
5.834000000 -9.729397545727e-02
5.835000000 -4.938320304880e-02
5.836000000 -1.280291719446e-03
5.837000000 4.685477955204e-02
5.838000000 9.486191489324e-02
5.839000000 1.425814432411e-01
5.840000000 1.898546586809e-01
5.841000000 2.365243575507e-01
5.842000000 2.824353704542e-01
5.843000000 3.274350873405e-01
5.844000000 3.713739738370e-01
5.845000000 4.141060770495e-01
5.846000000 4.554895190858e-01
5.847000000 4.953869765974e-01
5.848000000 5.336661446890e-01
5.849000000 5.702001835982e-01
5.850000000 6.048681466100e-01
5.851000000 6.375553877380e-01
5.852000000 6.681539477758e-01
5.853000000 6.965629173994e-01
5.854000000 7.226887760824e-01
5.855000000 7.464457056718e-01
5.856000000 7.677558775630e-01
5.857000000 7.865497125040e-01
5.858000000 8.027661121570e-01
5.859000000 8.163526616461e-01
5.860000000 8.272658024185e-01
5.861000000 8.354709748555e-01
5.862000000 8.409427301721e-01
5.863000000 8.436648112539e-01
5.864000000 8.436302021869e-01
5.865000000 8.408411463463e-01
5.866000000 8.353091330192e-01
5.867000000 8.270548526449e-01
5.868000000 8.161081208669e-01
5.869000000 8.025077716952e-01
5.870000000 7.863015201874e-01
5.871000000 7.675457951592e-01
5.872000000 7.463055425392e-01
5.873000000 7.226540000805e-01
5.874000000 6.966724442420e-01
5.875000000 6.684499101440e-01
5.876000000 6.380828855949e-01
5.877000000 6.056749802712e-01
5.878000000 5.713365712173e-01
5.879000000 5.351844259098e-01
5.880000000 4.973413042039e-01
5.881000000 4.579355405504e-01
5.882000000 4.171006079332e-01
5.883000000 3.749746650399e-01
5.884000000 3.317000882270e-01
5.885000000 2.874229898925e-01
5.886000000 2.422927249082e-01
5.887000000 1.964613868034e-01
5.888000000 1.500832954169e-01
5.889000000 1.033144777639e-01
5.890000000 5.631214387890e-02
5.891000000 9.234159408777e-03
5.892000000 -3.776148326319e-02
5.893000000 -8.451719358285e-02
5.894000000 -1.308763093062e-01
5.895000000 -1.766836191341e-01
5.896000000 -2.217858797579e-01
5.897000000 -2.660323255952e-01
5.898000000 -3.092751695274e-01
5.899000000 -3.513700929828e-01
5.900000000 -3.921767237534e-01
5.901000000 -4.315590999740e-01
5.902000000 -4.693861187509e-01
5.903000000 -5.055319679740e-01
5.904000000 -5.398765399156e-01
5.905000000 -5.723058252772e-01
5.906000000 -6.027122864178e-01
5.907000000 -6.309952085701e-01
5.908000000 -6.570610279263e-01
5.909000000 -6.808236355555e-01
5.910000000 -7.022046561980e-01
5.911000000 -7.211337010673e-01
5.912000000 -7.375485938783e-01
5.913000000 -7.513955694112e-01
5.914000000 -7.626294440122e-01
5.915000000 -7.712137575254e-01
5.916000000 -7.771208862478e-01
5.917000000 -7.803321265899e-01
5.918000000 -7.808377492272e-01
5.919000000 -7.786370236195e-01
5.920000000 -7.737382128737e-01
5.921000000 -7.661585390223e-01
5.922000000 -7.559241188841e-01
5.923000000 -7.430698707707e-01
5.924000000 -7.276393923917e-01
5.925000000 -7.096848104086e-01
5.926000000 -6.892666021731e-01
5.927000000 -6.664533902755e-01
5.928000000 -6.413217106155e-01
5.929000000 -6.139557547876e-01
5.930000000 -5.844470876566e-01
5.931000000 -5.528943410753e-01
5.932000000 -5.194028847678e-01
5.933000000 -4.840844754769e-01
5.934000000 -4.470568855348e-01
5.935000000 -4.084435120858e-01
5.936000000 -3.683729682417e-01
5.937000000 -3.269786575115e-01
5.938000000 -2.843983328915e-01
5.939000000 -2.407736420530e-01
5.940000000 -1.962496601014e-01
5.941000000 -1.509744114206e-01
5.942000000 -1.050983821459e-01
5.943000000 -5.877402483713e-02
5.944000000 -1.215525694562e-02
5.945000000 3.460304531570e-02
5.946000000 8.134555607507e-02
5.947000000 1.279170102484e-01
5.948000000 1.741627136972e-01
5.949000000 2.199290514677e-01
5.950000000 2.650639924906e-01
5.951000000 3.094175891304e-01
5.952000000 3.528424699927e-01
5.953000000 3.951943244200e-01
5.954000000 4.363323771311e-01
5.955000000 4.761198514936e-01
5.956000000 5.144244199520e-01
5.957000000 5.511186401766e-01
5.958000000 5.860803755398e-01
5.959000000 6.191931985796e-01
5.960000000 6.503467761571e-01
5.961000000 6.794372350762e-01
5.962000000 7.063675069901e-01
5.963000000 7.310476514861e-01
5.964000000 7.533951563030e-01
5.965000000 7.733352137096e-01
5.966000000 7.908009721429e-01
5.967000000 8.057337622817e-01
5.968000000 8.180832968077e-01
5.969000000 8.278078431896e-01
5.970000000 8.348743689056e-01
5.971000000 8.392586586042e-01
5.972000000 8.409454027919e-01
5.973000000 8.399282577204e-01
5.974000000 8.362098762360e-01
5.975000000 8.298019094439e-01
5.976000000 8.207249791294e-01
5.977000000 8.090086209674e-01
5.978000000 7.946911986447e-01
5.979000000 7.778197891085e-01
5.980000000 7.584500392443e-01
5.981000000 7.366459943770e-01
5.982000000 7.124798990774e-01
5.983000000 6.860319708433e-01
5.984000000 6.573901473116e-01
5.985000000 6.266498077412e-01
5.986000000 5.939134695901e-01
5.987000000 5.592904610906e-01
5.988000000 5.228965708045e-01
5.989000000 4.848536752154e-01
5.990000000 4.452893454899e-01
5.991000000 4.043364346062e-01
5.992000000 3.621326461189e-01
5.993000000 3.188200858885e-01
5.994000000 2.745447981654e-01
5.995000000 2.294562874726e-01
5.996000000 1.837070277842e-01
5.997000000 1.374519605422e-01
5.998000000 9.084798309674e-02
5.999000000 4.405342919595e-02
6.000000000 -2.772456820170e-03
6.001000000 -4.947005043386e-02
6.002000000 -9.587988026394e-02
6.003000000 -1.418431625526e-01
6.004000000 -1.872023350846e-01
6.005000000 -2.318015887906e-01
6.006000000 -2.754873952849e-01
6.007000000 -3.181090285901e-01
6.008000000 -3.595190793108e-01
6.009000000 -3.995739595329e-01
6.010000000 -4.381343967425e-01
6.011000000 -4.750659150888e-01
6.012000000 -5.102393023404e-01
6.013000000 -5.435310609252e-01
6.014000000 -5.748238414849e-01
6.015000000 -6.040068574209e-01
6.016000000 -6.309762789633e-01
6.017000000 -6.556356053498e-01
6.018000000 -6.778960137680e-01
6.019000000 -6.976766837774e-01
6.020000000 -7.149050960045e-01
6.021000000 -7.295173039775e-01
6.022000000 -7.414581780530e-01
6.023000000 -7.506816204676e-01
6.024000000 -7.571507506407e-01
6.025000000 -7.608380599477e-01
6.026000000 -7.617255352765e-01
6.027000000 -7.598047507835e-01
6.028000000 -7.550769273667e-01
6.029000000 -7.475529594777e-01
6.030000000 -7.372534090033e-01
6.031000000 -7.242084660569e-01
6.032000000 -7.084578766281e-01
6.033000000 -6.900508371558e-01
6.034000000 -6.690458561981e-01
6.035000000 -6.455105834887e-01
6.036000000 -6.195216067822e-01
6.037000000 -5.911642170038e-01
6.038000000 -5.605321423311e-01
6.039000000 -5.277272519471e-01
6.040000000 -4.928592303146e-01
6.041000000 -4.560452229270e-01
6.042000000 -4.174094546010e-01
6.043000000 -3.770828214739e-01
6.044000000 -3.352024579738e-01
6.045000000 -2.919112801217e-01
6.046000000 -2.473575066228e-01
6.047000000 -2.016941592876e-01
6.048000000 -1.550785444100e-01
6.049000000 -1.076717168073e-01
6.050000000 -5.963792830141e-02
6.051000000 -1.114406248598e-02
6.052000000 3.764094231007e-02
6.053000000 8.654667990027e-02
6.054000000 1.354018709455e-01
6.055000000 1.840349634306e-01
6.056000000 2.322747368210e-01
6.057000000 2.799509077811e-01
6.058000000 3.268947353118e-01
6.059000000 3.729396231550e-01
6.060000000 4.179217173049e-01
6.061000000 4.616804964675e-01
6.062000000 5.040593533216e-01
6.063000000 5.449061644496e-01
6.064000000 5.840738468359e-01
6.065000000 6.214208988585e-01
6.066000000 6.568119237475e-01
6.067000000 6.901181335278e-01
6.068000000 7.212178315237e-01
6.069000000 7.499968715653e-01
6.070000000 7.763490921103e-01
6.071000000 8.001767235734e-01
6.072000000 8.213907672392e-01
6.073000000 8.399113442320e-01
6.074000000 8.556680131102e-01
6.075000000 8.686000547615e-01
6.076000000 8.786567233857e-01
6.077000000 8.857974624673e-01
6.078000000 8.899920847630e-01
6.079000000 8.912209154553e-01
6.080000000 8.894748977531e-01
6.081000000 8.847556603558e-01
6.082000000 8.770755463329e-01
6.083000000 8.664576031132e-01
6.084000000 8.529355334198e-01
6.085000000 8.365536071293e-01
6.086000000 8.173665341826e-01
6.087000000 7.954392988165e-01
6.088000000 7.708469555352e-01
6.089000000 7.436743873840e-01
6.090000000 7.140160272316e-01
6.091000000 6.819755429133e-01
6.092000000 6.476654872237e-01
6.093000000 6.112069138893e-01
6.094000000 5.727289607833e-01
6.095000000 5.323684017771e-01
6.096000000 4.902691687475e-01
6.097000000 4.465818453828e-01
6.098000000 4.014631345431e-01
6.099000000 3.550753010416e-01
6.100000000 3.075855918200e-01
6.101000000 2.591656355798e-01
6.102000000 2.099908240308e-01
6.103000000 1.602396769886e-01
6.104000000 1.100931936361e-01
6.105000000 5.973419232042e-02
6.106000000 9.346641318811e-03
6.107000000 -4.088501694986e-02
6.108000000 -9.077654575206e-02
6.109000000 -1.401445953615e-01
6.110000000 -1.888073833142e-01
6.111000000 -2.365853710266e-01
6.112000000 -2.833019342076e-01
6.113000000 -3.287840245079e-01
6.114000000 -3.728628198699e-01
6.115000000 -4.153743610757e-01
6.116000000 -4.561601720292e-01
6.117000000 -4.950678613614e-01
6.118000000 -5.319517030097e-01
6.119000000 -5.666731934905e-01
6.120000000 -5.991015836660e-01
6.121000000 -6.291143828952e-01
6.122000000 -6.565978335540e-01
6.123000000 -6.814473540200e-01
6.124000000 -7.035679483266e-01
6.125000000 -7.228745808170e-01
6.126000000 -7.392925142529e-01
6.127000000 -7.527576099736e-01
6.128000000 -7.632165888376e-01
6.129000000 -7.706272518285e-01
6.130000000 -7.749586593599e-01
6.131000000 -7.761912684684e-01
6.132000000 -7.743170272463e-01
6.133000000 -7.693394260285e-01
6.134000000 -7.612735050146e-01
6.135000000 -7.501458181748e-01
6.136000000 -7.359943534597e-01
6.137000000 -7.188684095013e-01
6.138000000 -6.988284291645e-01
6.139000000 -6.759457904773e-01
6.140000000 -6.503025556346e-01
6.141000000 -6.219911789371e-01
6.142000000 -5.911141746882e-01
6.143000000 -5.577837462319e-01
6.144000000 -5.221213774702e-01
6.145000000 -4.842573883453e-01
6.146000000 -4.443304559219e-01
6.147000000 -4.024871028375e-01
6.148000000 -3.588811550260e-01
6.149000000 -3.136731707405e-01
6.150000000 -2.670298430205e-01
6.151000000 -2.191233778569e-01
6.152000000 -1.701308504086e-01
6.153000000 -1.202335417142e-01
6.154000000 -6.961625842606e-02
6.155000000 -1.846663816341e-02
6.156000000 3.302555685574e-02
6.157000000 8.466915519441e-02
6.158000000 1.362722978375e-01
6.159000000 1.876431633138e-01
6.160000000 2.385906935019e-01
6.161000000 2.889253173134e-01
6.162000000 3.384596694528e-01
6.163000000 3.870093014674e-01
6.164000000 4.343933823276e-01
6.165000000 4.804353858139e-01
6.166000000 5.249637620369e-01
6.167000000 5.678125904738e-01
6.168000000 6.088222119761e-01
6.169000000 6.478398372814e-01
6.170000000 6.847201296528e-01
6.171000000 7.193257593684e-01
6.172000000 7.515279278912e-01
6.173000000 7.812068596689e-01
6.174000000 8.082522596352e-01
6.175000000 8.325637346214e-01
6.176000000 8.540511770243e-01
6.177000000 8.726351092259e-01
6.178000000 8.882469874124e-01
6.179000000 9.008294635996e-01
6.180000000 9.103366048344e-01
6.181000000 9.167340687113e-01
6.182000000 9.199992345133e-01
6.183000000 9.201212894595e-01
6.184000000 9.171012697208e-01
6.185000000 9.109520560393e-01
6.186000000 9.016983239675e-01
6.187000000 8.893764489206e-01
6.188000000 8.740343664117e-01
6.189000000 8.557313880174e-01
6.190000000 8.345379737933e-01
6.191000000 8.105354620290e-01
6.192000000 7.838157574020e-01
6.193000000 7.544809787479e-01
6.194000000 7.226430678274e-01
6.195000000 6.884233606182e-01
6.196000000 6.519521228087e-01
6.197000000 6.133680513072e-01
6.198000000 5.728177437151e-01
6.199000000 5.304551378336e-01
6.200000000 4.864409233899e-01
6.201000000 4.409419282775e-01
6.202000000 3.941304816995e-01
6.203000000 3.461837566943e-01
6.204000000 2.972830946001e-01
6.205000000 2.476133140822e-01
6.206000000 1.973620074054e-01
6.207000000 1.467188266776e-01
6.208000000 9.587476283121e-02
6.209000000 4.502142012817e-02
6.210000000 -5.649711008398e-03
6.211000000 -5.594798003125e-02
6.212000000 -1.056842983793e-01
6.213000000 -1.546718548848e-01
6.214000000 -2.027268217314e-01
6.215000000 -2.496690482593e-01
6.216000000 -2.953227399642e-01
6.217000000 -3.395171200997e-01
6.218000000 -3.820870713663e-01
6.219000000 -4.228737552485e-01
6.220000000 -4.617252066585e-01
6.221000000 -4.984969016387e-01
6.222000000 -5.330522959902e-01
6.223000000 -5.652633328083e-01
6.224000000 -5.950109170301e-01
6.225000000 -6.221853552340e-01
6.226000000 -6.466867590658e-01
6.227000000 -6.684254108134e-01
6.228000000 -6.873220897983e-01
6.229000000 -7.033083584105e-01
6.230000000 -7.163268067674e-01
6.231000000 -7.263312551442e-01
6.232000000 -7.332869134824e-01
6.233000000 -7.371704974556e-01
6.234000000 -7.379703007364e-01
6.235000000 -7.356862232788e-01
6.236000000 -7.303297555996e-01
6.237000000 -7.219239192126e-01
6.238000000 -7.105031635343e-01
6.239000000 -6.961132197491e-01
6.240000000 -6.788109122820e-01
6.241000000 -6.586639286911e-01
6.242000000 -6.357505489445e-01
6.243000000 -6.101593352021e-01
6.244000000 -5.819887833681e-01
6.245000000 -5.513469378234e-01
6.246000000 -5.183509708821e-01
6.247000000 -4.831267286463e-01
6.248000000 -4.458082450560e-01
6.249000000 -4.065372260475e-01
6.250000000 -3.654625058378e-01
6.251000000 -3.227394774563e-01
6.252000000 -2.785294997325e-01
6.253000000 -2.329992830320e-01
6.254000000 -1.863202561062e-01
6.255000000 -1.386679164839e-01
6.256000000 -9.022116688834e-02
6.257000000 -4.116164020633e-02
6.258000000 8.326984427199e-03
6.259000000 5.805967184284e-02
6.260000000 1.078507247460e-01
6.261000000 1.575144787142e-01
6.262000000 2.068659956803e-01
6.263000000 2.557217533125e-01
6.264000000 3.039003277273e-01
6.265000000 3.512230670060e-01
6.266000000 3.975147530248e-01
6.267000000 4.426042491654e-01
6.268000000 4.863251315304e-01
6.269000000 5.285163013591e-01
6.270000000 5.690225764153e-01
6.271000000 6.076952592074e-01
6.272000000 6.443926799919e-01
6.273000000 6.789807126116e-01
6.274000000 7.113332613296e-01
6.275000000 7.413327169313e-01
6.276000000 7.688703804867e-01
6.277000000 7.938468532903e-01
6.278000000 8.161723916252e-01
6.279000000 8.357672251325e-01
6.280000000 8.525618377037e-01
6.281000000 8.664972099563e-01
6.282000000 8.775250224969e-01
6.283000000 8.856078193202e-01
6.284000000 8.907191308426e-01
6.285000000 8.928435562170e-01
6.286000000 8.919768047252e-01
6.287000000 8.881256961941e-01
6.288000000 8.813081205303e-01
6.289000000 8.715529566186e-01
6.290000000 8.588999509721e-01
6.291000000 8.433995566713e-01
6.292000000 8.251127332671e-01
6.293000000 8.041107084652e-01
6.294000000 7.804747025431e-01
6.295000000 7.542956165817e-01
6.296000000 7.256736857237e-01
6.297000000 6.947180987890e-01
6.298000000 6.615465856985e-01
6.299000000 6.262849742661e-01
6.300000000 5.890667180252e-01
6.301000000 5.500323968561e-01
6.302000000 5.093291922712e-01
6.303000000 4.671103393018e-01
6.304000000 4.235345570093e-01
6.305000000 3.787654597123e-01
6.306000000 3.329709510879e-01
6.307000000 2.863226033572e-01
6.308000000 2.389950238174e-01
6.309000000 1.911652110179e-01
6.310000000 1.430119029127e-01
6.311000000 9.471491934356e-02
6.312000000 4.645450122300e-02
6.313000000 -1.589351205535e-03
6.314000000 -4.923753865602e-02
6.315000000 -9.631251927074e-02
6.316000000 -1.426389589261e-01
6.317000000 -1.880443730513e-01
6.318000000 -2.323597576713e-01
6.319000000 -2.754202074278e-01
6.320000000 -3.170655183793e-01
6.321000000 -3.571407734401e-01
6.322000000 -3.954969083795e-01
6.323000000 -4.319912563745e-01
6.324000000 -4.664880691866e-01
6.325000000 -4.988590131160e-01
6.326000000 -5.289836379777e-01
6.327000000 -5.567498174386e-01
6.328000000 -5.820541591577e-01
6.329000000 -6.048023832753e-01
6.330000000 -6.249096679098e-01
6.331000000 -6.423009604380e-01
6.332000000 -6.569112534504e-01
6.333000000 -6.686858243993e-01
6.334000000 -6.775804380844e-01
6.335000000 -6.835615112468e-01
6.336000000 -6.866062386782e-01
6.337000000 -6.867026803818e-01
6.338000000 -6.838498094605e-01
6.339000000 -6.780575205404e-01
6.340000000 -6.693465986787e-01
6.341000000 -6.577486488399e-01
6.342000000 -6.433059861604e-01
6.343000000 -6.260714873617e-01
6.344000000 -6.061084038037e-01
6.345000000 -5.834901368061e-01
6.346000000 -5.582999759962e-01
6.347000000 -5.306308015720e-01
6.348000000 -5.005847514945e-01
6.349000000 -4.682728547497e-01
6.350000000 -4.338146319360e-01
6.351000000 -3.973376645529e-01
6.352000000 -3.589771344759e-01
6.353000000 -3.188753352095e-01
6.354000000 -2.771811566126e-01
6.355000000 -2.340495448859e-01
6.356000000 -1.896409397007e-01
6.357000000 -1.441206904357e-01
6.358000000 -9.765845356056e-02
6.359000000 -5.042757328391e-02
6.360000000 -2.604447639563e-03
6.361000000 4.563211775153e-02
6.362000000 9.410156596016e-02
6.363000000 1.426222527416e-01
6.364000000 1.910121158807e-01
6.365000000 2.390893475024e-01
6.366000000 2.866730669402e-01
6.367000000 3.335839917471e-01
6.368000000 3.796451044294e-01
6.369000000 4.246823124906e-01
6.370000000 4.685250993882e-01
6.371000000 5.110071640261e-01
6.372000000 5.519670464384e-01
6.373000000 5.912487373600e-01
6.374000000 6.287022694246e-01
6.375000000 6.641842877874e-01
6.376000000 6.975585980343e-01
6.377000000 7.286966893074e-01
6.378000000 7.574782306586e-01
6.379000000 7.837915387271e-01
6.380000000 8.075340149303e-01
6.381000000 8.286125504588e-01
6.382000000 8.469438974710e-01
6.383000000 8.624550049980e-01
6.384000000 8.750833181866e-01
6.385000000 8.847770396346e-01
6.386000000 8.914953517013e-01
6.387000000 8.952085988111e-01
6.388000000 8.958984289077e-01
6.389000000 8.935578933592e-01
6.390000000 8.881915047609e-01
6.391000000 8.798152522324e-01
6.392000000 8.684565739578e-01
6.393000000 8.541542868730e-01
6.394000000 8.369584735567e-01
6.395000000 8.169303265440e-01
6.396000000 7.941419504316e-01
6.397000000 7.686761223069e-01
6.398000000 7.406260111866e-01
6.399000000 7.100948573040e-01
6.400000000 6.771956122424e-01
6.401000000 6.420505410566e-01
6.402000000 6.047907876776e-01
6.403000000 5.655559050371e-01
6.404000000 5.244933514889e-01
6.405000000 4.817579552416e-01
6.406000000 4.375113486447e-01
6.407000000 3.919213742974e-01
6.408000000 3.451614650662e-01
6.409000000 2.974100002103e-01
6.410000000 2.488496399168e-01
6.411000000 1.996666406460e-01
6.412000000 1.500501537752e-01
6.413000000 1.001915101077e-01
6.414000000 5.028349288894e-02
6.415000000 5.196020291466e-04
6.416000000 -4.890668771396e-02
6.417000000 -9.780267179585e-02
6.418000000 -1.459771613626e-01
6.419000000 -1.932412262957e-01
6.420000000 -2.394089329638e-01
6.421000000 -2.842980738220e-01
6.422000000 -3.277308860091e-01
6.423000000 -3.695347561153e-01
6.424000000 -4.095429083258e-01
6.425000000 -4.475950731905e-01
6.426000000 -4.835381343225e-01
6.427000000 -5.172267503971e-01
6.428000000 -5.485239498970e-01
6.429000000 -5.773016961379e-01
6.430000000 -6.034414202050e-01
6.431000000 -6.268345195405e-01
6.432000000 -6.473828200363e-01
6.433000000 -6.649989996171e-01
6.434000000 -6.796069714302e-01
6.435000000 -6.911422249063e-01
6.436000000 -6.995521231066e-01
6.437000000 -7.047961549308e-01
6.438000000 -7.068461409295e-01
6.439000000 -7.056863916362e-01
6.440000000 -7.013138175145e-01
6.441000000 -6.937379898002e-01
6.442000000 -6.829811517071e-01
6.443000000 -6.690781796577e-01
6.444000000 -6.520764943965e-01
6.445000000 -6.320359220406e-01
6.446000000 -6.090285053229e-01
6.447000000 -5.831382654825e-01
6.448000000 -5.544609154581e-01
6.449000000 -5.231035252381e-01
6.450000000 -4.891841404202e-01
6.451000000 -4.528313552270e-01
6.452000000 -4.141838414164e-01
6.453000000 -3.733898347121e-01
6.454000000 -3.306065805644e-01
6.455000000 -2.859997412243e-01
6.456000000 -2.397427662870e-01
6.457000000 -1.920162290229e-01
6.458000000 -1.430071309680e-01
6.459000000 -9.290817739179e-02
6.460000000 -4.191702639815e-02
6.461000000 9.764485461258e-03
6.462000000 6.193113806408e-02
6.463000000 1.143751399851e-01
6.464000000 1.668869549624e-01
6.465000000 2.192561392898e-01
6.466000000 2.712721867968e-01
6.467000000 3.227253780231e-01
6.468000000 3.734076301554e-01
6.469000000 4.231133442675e-01
6.470000000 4.716402463930e-01
6.471000000 5.187902189616e-01
6.472000000 5.643701191473e-01
6.473000000 6.081925807081e-01
6.474000000 6.500767959413e-01
6.475000000 6.898492744404e-01
6.476000000 7.273445754117e-01
6.477000000 7.624060104002e-01
6.478000000 7.948863133726e-01
6.479000000 8.246482752261e-01
6.480000000 8.515653399161e-01
6.481000000 8.755221595405e-01
6.482000000 8.964151058722e-01
6.483000000 9.141527359942e-01
6.484000000 9.286562098743e-01
6.485000000 9.398596578961e-01
6.486000000 9.477104965662e-01
6.487000000 9.521696908210e-01
6.488000000 9.532119615687e-01
6.489000000 9.508259373262e-01
6.490000000 9.450142490368e-01
6.491000000 9.357935673876e-01
6.492000000 9.231945821828e-01
6.493000000 9.072619235724e-01
6.494000000 8.880540251742e-01
6.495000000 8.656429293794e-01
6.496000000 8.401140353697e-01
6.497000000 8.115657906251e-01
6.498000000 7.801093269404e-01
6.499000000 7.458680422105e-01
6.500000000 7.089771294806e-01
6.501000000 6.695830549905e-01
6.502000000 6.278429871635e-01
6.503000000 5.839241787158e-01
6.504000000 5.380033042661e-01
6.505000000 4.902657560319e-01
6.506000000 4.409049003887e-01
6.507000000 3.901212982507e-01
6.508000000 3.381218923980e-01
6.509000000 2.851191650388e-01
6.510000000 2.313302690306e-01
6.511000000 1.769761363224e-01
6.512000000 1.222805672885e-01
6.513000000 6.746930473048e-02
6.514000000 1.276909640235e-02
6.515000000 -4.159325001220e-02
6.516000000 -9.539181549431e-02
6.517000000 -1.484025178433e-01
6.518000000 -2.004040553595e-01
6.519000000 -2.511788420259e-01
6.520000000 -3.005139301781e-01
6.521000000 -3.482019166833e-01
6.522000000 -3.940418287061e-01
6.523000000 -4.378399852031e-01
6.524000000 -4.794108303820e-01
6.525000000 -5.185777354585e-01
6.526000000 -5.551737651685e-01
6.527000000 -5.890424056284e-01
6.528000000 -6.200382502877e-01
6.529000000 -6.480276408861e-01
6.530000000 -6.728892605074e-01
6.531000000 -6.945146760183e-01
6.532000000 -7.128088273868e-01
6.533000000 -7.276904615953e-01
6.534000000 -7.390925090938e-01
6.535000000 -7.469624009786e-01
6.536000000 -7.512623253326e-01
6.537000000 -7.519694214201e-01
6.538000000 -7.490759106939e-01
6.539000000 -7.425891638429e-01
6.540000000 -7.325317033826e-01
6.541000000 -7.189411415702e-01
6.542000000 -7.018700537052e-01
6.543000000 -6.813857871577e-01
6.544000000 -6.575702067500e-01
6.545000000 -6.305193773906e-01
6.546000000 -6.003431851444e-01
6.547000000 -5.671648981866e-01
6.548000000 -5.311206693619e-01
6.549000000 -4.923589823269e-01
6.550000000 -4.510400435078e-01
6.551000000 -4.073351223489e-01
6.552000000 -3.614258425626e-01
6.553000000 -3.135034273116e-01
6.554000000 -2.637679014681e-01
6.555000000 -2.124272542887e-01
6.556000000 -1.596965660300e-01
6.557000000 -1.057971021961e-01
6.558000000 -5.095537926373e-02
6.559000000 4.597794135109e-03
6.560000000 6.062829647170e-02
6.561000000 1.168996888206e-01
6.562000000 1.731742223158e-01
6.563000000 2.292138532162e-01
6.564000000 2.847812611854e-01
6.565000000 3.396408663675e-01
6.566000000 3.935598408348e-01
6.567000000 4.463091099921e-01
6.568000000 4.976643395627e-01
6.569000000 5.474069038262e-01
6.570000000 5.953248308553e-01
6.571000000 6.412137205880e-01
6.572000000 6.848776316805e-01
6.573000000 7.261299332156e-01
6.574000000 7.647941174862e-01
6.575000000 8.007045702377e-01
6.576000000 8.337072949306e-01
6.577000000 8.636605877819e-01
6.578000000 8.904356605525e-01
6.579000000 9.139172082733e-01
6.580000000 9.340039193381e-01
6.581000000 9.506089256415e-01
6.582000000 9.636601907010e-01
6.583000000 9.731008339689e-01
6.584000000 9.788893898221e-01
6.585000000 9.810000000000e-01
6.586000000 9.794225385541e-01
6.587000000 9.741626686684e-01
6.588000000 9.652418310101e-01
6.589000000 9.526971635712e-01
6.590000000 9.365813532651e-01
6.591000000 9.169624198425e-01
6.592000000 8.939234329920e-01
6.593000000 8.675621637881e-01
6.594000000 8.379906719381e-01
6.595000000 8.053348305680e-01
6.596000000 7.697337905645e-01
6.597000000 7.313393867598e-01
6.598000000 6.903154885068e-01
6.599000000 6.468372974393e-01
6.600000000 6.010905954510e-01
6.601000000 5.532709461478e-01
6.602000000 5.035828532393e-01
6.603000000 4.522388795280e-01
6.604000000 3.994587303327e-01
6.605000000 3.454683053430e-01
6.606000000 2.904987230465e-01
6.607000000 2.347853219923e-01
6.608000000 1.785666432626e-01
6.609000000 1.220833986088e-01
6.610000000 6.557742877623e-02
6.611000000 9.290656586485e-03
6.612000000 -4.653596062702e-02
6.613000000 -1.016634746289e-01
6.614000000 -1.558559813523e-01
6.615000000 -2.088816428799e-01
6.616000000 -2.605136918417e-01
6.617000000 -3.105314138136e-01
6.618000000 -3.587211033935e-01
6.619000000 -4.048769897509e-01
6.620000000 -4.488021275785e-01
6.621000000 -4.903092495257e-01
6.622000000 -5.292215763660e-01
6.623000000 -5.653735813372e-01
6.624000000 -5.986117052937e-01
6.625000000 -6.287950195309e-01
6.626000000 -6.557958333724e-01
6.627000000 -6.795002438554e-01
6.628000000 -6.998086251069e-01
6.629000000 -7.166360552720e-01
6.630000000 -7.299126791300e-01
6.631000000 -7.395840048222e-01
6.632000000 -7.456111334068e-01
6.633000000 -7.479709202527e-01
6.634000000 -7.466560675894e-01
6.635000000 -7.416751478330e-01
6.636000000 -7.330525576162e-01
6.637000000 -7.208284027574e-01
6.638000000 -7.050583147088e-01
6.639000000 -6.858131993286e-01
6.640000000 -6.631789191193e-01
6.641000000 -6.372559103708e-01
6.642000000 -6.081587369304e-01
6.643000000 -5.760155826074e-01
6.644000000 -5.409676844829e-01
6.645000000 -5.031687096618e-01
6.646000000 -4.627840782482e-01
6.647000000 -4.199902355629e-01
6.648000000 -3.749738768437e-01
6.649000000 -3.279311278755e-01
6.650000000 -2.790666851901e-01
6.651000000 -2.285929196505e-01
6.652000000 -1.767289473913e-01
6.653000000 -1.236996722300e-01
6.654000000 -6.973480378181e-02
6.655000000 -1.506785561596e-02
6.656000000 4.006487212617e-02
6.657000000 9.542532116800e-02
6.658000000 1.507747100629e-01
6.659000000 2.058745711374e-01
6.660000000 2.604877848612e-01
6.661000000 3.143796071067e-01
6.662000000 3.673186848046e-01
6.663000000 4.190780555516e-01
6.664000000 4.694361268131e-01
6.665000000 5.181776304508e-01
6.666000000 5.650945484287e-01
6.667000000 6.099870056803e-01
6.668000000 6.526641262708e-01
6.669000000 6.929448491602e-01
6.670000000 7.306587000525e-01
6.671000000 7.656465160205e-01
6.672000000 7.977611198060e-01
6.673000000 8.268679409251e-01
6.674000000 8.528455809450e-01
6.675000000 8.755863205542e-01
6.676000000 8.949965663020e-01
6.677000000 9.109972351596e-01
6.678000000 9.235240753276e-01
6.679000000 9.325279220010e-01
6.680000000 9.379748870892e-01
6.681000000 9.398464821837e-01
6.682000000 9.381396743586e-01
6.683000000 9.328668746859e-01
6.684000000 9.240558596449e-01
6.685000000 9.117496258959e-01
6.686000000 8.960061791845e-01
6.687000000 8.768982584250e-01
6.688000000 8.545129962989e-01
6.689000000 8.289515179750e-01
6.690000000 8.003284798289e-01
6.691000000 7.687715502955e-01
6.692000000 7.344208352394e-01
6.693000000 6.974282504622e-01
6.694000000 6.579568441943e-01
6.695000000 6.161800726276e-01
6.696000000 5.722810317452e-01
6.697000000 5.264516488878e-01
6.698000000 4.788918376610e-01
6.699000000 4.298086199423e-01
6.700000000 3.794152188779e-01
6.701000000 3.279301268778e-01
6.702000000 2.755761527147e-01
6.703000000 2.225794519142e-01
6.704000000 1.691685446842e-01
6.705000000 1.155733256746e-01
6.706000000 6.202406988377e-02
6.707000000 8.750439029781e-03
6.708000000 -4.401950730466e-02
6.709000000 -9.606029148206e-02
6.710000000 -1.471499843514e-01
6.711000000 -1.970711543684e-01
6.712000000 -2.456117952295e-01
6.713000000 -2.925662280590e-01
6.714000000 -3.377359743117e-01
6.715000000 -3.809305956889e-01
6.716000000 -4.219684975243e-01
6.717000000 -4.606776922583e-01
6.718000000 -4.968965198090e-01
6.719000000 -5.304743218392e-01
6.720000000 -5.612720671300e-01
6.721000000 -5.891629254894e-01
6.722000000 -6.140327878576e-01
6.723000000 -6.357807305055e-01
6.724000000 -6.543194214763e-01
6.725000000 -6.695754676694e-01
6.726000000 -6.814897012327e-01
6.727000000 -6.900174041887e-01
6.728000000 -6.951284704950e-01
6.729000000 -6.968075050086e-01
6.730000000 -6.950538590956e-01
6.731000000 -6.898816029065e-01
6.732000000 -6.813194346013e-01
6.733000000 -6.694105270872e-01
6.734000000 -6.542123130916e-01
6.735000000 -6.357962096582e-01
6.736000000 -6.142472834103e-01
6.737000000 -5.896638581741e-01
6.738000000 -5.621570667971e-01
6.739000000 -5.318503492289e-01
6.740000000 -4.988788991565e-01
6.741000000 -4.633890616980e-01
6.742000000 -4.255376848588e-01
6.743000000 -3.854914276450e-01
6.744000000 -3.434260279024e-01
6.745000000 -2.995255331138e-01
6.746000000 -2.539814975315e-01
6.747000000 -2.069921491582e-01
6.748000000 -1.587615302036e-01
6.749000000 -1.094986147463e-01
6.750000000 -5.941640741680e-02
6.751000000 -8.731026982044e-03
6.752000000 4.233922123055e-02
6.753000000 9.357478010282e-02
6.754000000 1.447557787005e-01
6.755000000 1.956629694650e-01
6.756000000 2.460786606499e-01
6.757000000 2.957876400623e-01
6.758000000 3.445780862189e-01
6.759000000 3.922424630913e-01
6.760000000 4.385783946961e-01
6.761000000 4.833895158843e-01
6.762000000 5.264862957925e-01
6.763000000 5.676868305468e-01
6.764000000 6.068176019514e-01
6.765000000 6.437141990431e-01
6.766000000 6.782219995629e-01
6.767000000 7.101968085690e-01
6.768000000 7.395054516089e-01
6.769000000 7.660263200601e-01
6.770000000 7.896498664632e-01
6.771000000 8.102790478821e-01
6.772000000 8.278297155521e-01
6.773000000 8.422309493055e-01
6.774000000 8.534253354986e-01
6.775000000 8.613691874073e-01
6.776000000 8.660327072954e-01
6.777000000 8.674000896118e-01
6.778000000 8.654695650158e-01
6.779000000 8.602533851777e-01
6.780000000 8.517777485494e-01
6.781000000 8.400826675443e-01
6.782000000 8.252217778086e-01
6.783000000 8.072620905039e-01
6.784000000 7.862836887567e-01
6.785000000 7.623793696579e-01
6.786000000 7.356542334186e-01
6.787000000 7.062252215025e-01
6.788000000 6.742206057633e-01
6.789000000 6.397794308121e-01
6.790000000 6.030509120290e-01
6.791000000 5.641937918099e-01
6.792000000 5.233756568075e-01
6.793000000 4.807722190778e-01
6.794000000 4.365665641891e-01
6.795000000 3.909483694775e-01
6.796000000 3.441130957505e-01
6.797000000 2.962611558427e-01
6.798000000 2.475970635150e-01
6.799000000 1.983285662641e-01
6.800000000 1.486657656683e-01
6.801000000 9.882022893733e-02
6.802000000 4.900409536785e-02
6.803000000 -5.708185831311e-04
6.804000000 -4.969391189393e-02
6.805000000 -9.815668554554e-02
6.806000000 -1.457536193944e-01
6.807000000 -1.922830357295e-01
6.808000000 -2.375479459530e-01
6.809000000 -2.813568768969e-01
6.810000000 -3.235246733783e-01
6.811000000 -3.638732736946e-01
6.812000000 -4.022324548778e-01
6.813000000 -4.384405446525e-01
6.814000000 -4.723450971823e-01
6.815000000 -5.038035298402e-01
6.816000000 -5.326837184007e-01
6.817000000 -5.588645482232e-01
6.818000000 -5.822364191783e-01
6.819000000 -6.027017022580e-01
6.820000000 -6.201751460112e-01
6.821000000 -6.345842311494e-01
6.822000000 -6.458694718818e-01
6.823000000 -6.539846627548e-01
6.824000000 -6.588970699955e-01
6.825000000 -6.605875665825e-01
6.826000000 -6.590507104995e-01
6.827000000 -6.542947658562e-01
6.828000000 -6.463416667952e-01
6.829000000 -6.352269243349e-01
6.830000000 -6.209994765316e-01
6.831000000 -6.037214825748e-01
6.832000000 -5.834680616558e-01
6.833000000 -5.603269776768e-01
6.834000000 -5.343982710874e-01
6.835000000 -5.057938393493e-01
6.836000000 -4.746369677421e-01
6.837000000 -4.410618124239e-01
6.838000000 -4.052128378556e-01
6.839000000 -3.672442108861e-01
6.840000000 -3.273191539728e-01
6.841000000 -2.856092601781e-01
6.842000000 -2.422937727434e-01
6.843000000 -1.975588321874e-01
6.844000000 -1.515966940090e-01
6.845000000 -1.046049202010e-01
6.846000000 -5.678554788948e-02
6.847000000 -8.344238509999e-03
6.848000000 4.051058898170e-02
6.849000000 8.956863729990e-02
6.850000000 1.386186187976e-01
6.851000000 1.874491485511e-01
6.852000000 2.358496388702e-01
6.853000000 2.836111915318e-01
6.854000000 3.305274840393e-01
6.855000000 3.763956462233e-01
6.856000000 4.210171235361e-01
6.857000000 4.641985234377e-01
6.858000000 5.057524413308e-01
6.859000000 5.454982625807e-01
6.860000000 5.832629372463e-01
6.861000000 6.188817242488e-01
6.862000000 6.521989018261e-01
6.863000000 6.830684412488e-01
6.864000000 7.113546409169e-01
6.865000000 7.369327181126e-01
6.866000000 7.596893558482e-01
6.867000000 7.795232024293e-01
6.868000000 7.963453215367e-01
6.869000000 8.100795908310e-01
6.870000000 8.206630472885e-01
6.871000000 8.280461776889e-01
6.872000000 8.321931529003e-01
6.873000000 8.330820048307e-01
6.874000000 8.307047451497e-01
6.875000000 8.250674251221e-01
6.876000000 8.161901361343e-01
6.877000000 8.041069507407e-01
6.878000000 7.888658043008e-01
6.879000000 7.705283175244e-01
6.880000000 7.491695604905e-01
6.881000000 7.248777589470e-01
6.882000000 6.977539439446e-01
6.883000000 6.679115460956e-01
6.884000000 6.354759359842e-01
6.885000000 6.005839124870e-01
6.886000000 5.633831409842e-01
6.887000000 5.240315436605e-01
6.888000000 4.826966443049e-01
6.889000000 4.395548702176e-01
6.890000000 3.947908140228e-01
6.891000000 3.485964583691e-01
6.892000000 3.011703666642e-01
6.893000000 2.527168431504e-01
6.894000000 2.034450657697e-01
6.895000000 1.535681953982e-01
6.896000000 1.033024651460e-01
6.897000000 5.286625351932e-02
6.898000000 2.479145328617e-03
6.899000000 -4.763901570250e-02
6.900000000 -9.726907862006e-02
6.901000000 -1.461935371669e-01
6.902000000 -1.941974778870e-01
6.903000000 -2.410695203338e-01
6.904000000 -2.866027453250e-01
6.905000000 -3.305956072127e-01
6.906000000 -3.728528261873e-01
6.907000000 -4.131862566973e-01
6.908000000 -4.514157281473e-01
6.909000000 -4.873698541366e-01
6.910000000 -5.208868066109e-01
6.911000000 -5.518150514368e-01
6.912000000 -5.800140420473e-01
6.913000000 -6.053548679741e-01
6.914000000 -6.277208552551e-01
6.915000000 -6.470081158960e-01
6.916000000 -6.631260437703e-01
6.917000000 -6.759977545542e-01
6.918000000 -6.855604675245e-01
6.919000000 -6.917658272832e-01
6.920000000 -6.945801637219e-01
6.921000000 -6.939846887979e-01
6.922000000 -6.899756289560e-01
6.923000000 -6.825642923067e-01
6.924000000 -6.717770699442e-01
6.925000000 -6.576553710751e-01
6.926000000 -6.402554919119e-01
6.927000000 -6.196484185732e-01
6.928000000 -5.959195645247e-01
6.929000000 -5.691684433800e-01
6.930000000 -5.395082781706e-01
6.931000000 -5.070655484794e-01
6.932000000 -4.719794771081e-01
6.933000000 -4.344014582320e-01
6.934000000 -3.944944292559e-01
6.935000000 -3.524321888533e-01
6.936000000 -3.083986639167e-01
6.937000000 -2.625871283953e-01
6.938000000 -2.151993772203e-01
6.939000000 -1.664448587409e-01
6.940000000 -1.165397692974e-01
6.941000000 -6.570611374672e-02
6.942000000 -1.417073593217e-02
6.943000000 3.783567675340e-02
6.944000000 9.007961042092e-02
6.945000000 1.423257589412e-01
6.946000000 1.943380708856e-01
6.947000000 2.458808045497e-01
6.948000000 2.967195863896e-01
6.949000000 3.466224681600e-01
6.950000000 3.953609780165e-01
6.951000000 4.427111608407e-01
6.952000000 4.884546030676e-01
6.953000000 5.323794373315e-01
6.954000000 5.742813223087e-01
6.955000000 6.139643932165e-01
6.956000000 6.512421785316e-01
6.957000000 6.859384786136e-01
6.958000000 7.178882020644e-01
6.959000000 7.469381558184e-01
6.960000000 7.729477851393e-01
6.961000000 7.957898599045e-01
6.962000000 8.153511037762e-01
6.963000000 8.315327630943e-01
6.964000000 8.442511125813e-01
6.965000000 8.534378952152e-01
6.966000000 8.590406939116e-01
6.967000000 8.610232329462e-01
6.968000000 8.593656073621e-01
6.969000000 8.540644389160e-01
6.970000000 8.451329574495e-01
6.971000000 8.326010069004e-01
6.972000000 8.165149755117e-01
6.973000000 7.969376501360e-01
6.974000000 7.739479948849e-01
6.975000000 7.476408547164e-01
6.976000000 7.181265849046e-01
6.977000000 6.855306076816e-01
6.978000000 6.499928976831e-01
6.979000000 6.116673981696e-01
6.980000000 5.707213703238e-01
6.981000000 5.273346782496e-01
6.982000000 4.816990126117e-01
6.983000000 4.340170561535e-01
6.984000000 3.845015946256e-01
6.985000000 3.333745769264e-01
6.986000000 2.808661285195e-01
6.987000000 2.272135224330e-01
6.988000000 1.726601123689e-01
6.989000000 1.174542326585e-01
6.990000000 6.184806997806e-02
6.991000000 6.096511907199e-03
6.992000000 -4.954402245289e-02
6.993000000 -1.048167644653e-01
6.994000000 -1.594657851201e-01
6.995000000 -2.132371858795e-01
6.996000000 -2.658802856690e-01
6.997000000 -3.171487984605e-01
6.998000000 -3.668019959064e-01
6.999000000 -4.146058495140e-01
7.000000000 -4.603341469178e-01
7.001000000 -5.037695768892e-01
7.002000000 -5.447047778410e-01
7.003000000 -5.829433447229e-01
7.004000000 -6.183007893652e-01
7.005000000 -6.506054495222e-01
7.006000000 -6.796993420743e-01
7.007000000 -7.054389560862e-01
7.008000000 -7.276959816759e-01
7.009000000 -7.463579709260e-01
7.010000000 -7.613289273687e-01
7.011000000 -7.725298208914e-01
7.012000000 -7.798990252451e-01
7.013000000 -7.833926756841e-01
7.014000000 -7.829849446329e-01
7.015000000 -7.786682336500e-01
7.016000000 -7.704532803436e-01
7.017000000 -7.583691792933e-01
7.018000000 -7.424633164328e-01
7.019000000 -7.228012167553e-01
7.020000000 -6.994663056178e-01
7.021000000 -6.725595843303e-01
7.022000000 -6.421992211316e-01
7.023000000 -6.085200590577e-01
7.024000000 -5.716730426200e-01
7.025000000 -5.318245656044e-01
7.026000000 -4.891557426947e-01
7.027000000 -4.438616080019e-01
7.028000000 -3.961502439493e-01
7.029000000 -3.462418443150e-01
7.030000000 -2.943677155714e-01
7.031000000 -2.407692209793e-01
7.032000000 -1.856966721937e-01
7.033000000 -1.294081734191e-01
7.034000000 -7.216842340427e-02
7.035000000 -1.424748080179e-02
7.036000000 4.408050137687e-02
7.037000000 1.025385662999e-01
7.038000000 1.608482627827e-01
7.039000000 2.187309674967e-01
7.040000000 2.759092136340e-01
7.041000000 3.321080196805e-01
7.042000000 3.870562119116e-01
7.043000000 4.404877342220e-01
7.044000000 4.921429389289e-01
7.045000000 5.417698522431e-01
7.046000000 5.891254081923e-01
7.047000000 6.339766449025e-01
7.048000000 6.761018572894e-01
7.049000000 7.152917003937e-01
7.050000000 7.513502378043e-01
7.051000000 7.840959298462e-01
7.052000000 8.133625564792e-01
7.053000000 8.390000701413e-01
7.054000000 8.608753740859e-01
7.055000000 8.788730221046e-01
7.056000000 8.928958358829e-01
7.057000000 9.028654366231e-01
7.058000000 9.087226879666e-01
7.059000000 9.104280476628e-01
7.060000000 9.079618258681e-01
7.061000000 9.013243483996e-01
7.062000000 8.905360237236e-01
7.063000000 8.756373129259e-01
7.064000000 8.566886023772e-01
7.065000000 8.337699792828e-01
7.066000000 8.069809107821e-01
7.067000000 7.764398277377e-01
7.068000000 7.422836148252e-01
7.069000000 7.046670090038e-01
7.070000000 6.637619089033e-01
7.071000000 6.197565981169e-01
7.072000000 5.728548858194e-01
7.073000000 5.232751685595e-01
7.074000000 4.712494174741e-01
7.075000000 4.170220955628e-01
7.076000000 3.608490100244e-01
7.077000000 3.029961050019e-01
7.078000000 2.437382003981e-01
7.079000000 1.833576827178e-01
7.080000000 1.221431541554e-01
7.081000000 6.038804638195e-02
7.082000000 -1.610794312449e-03
7.083000000 -6.355454369059e-02
7.084000000 -1.251438510881e-01
7.085000000 -1.860802987084e-01
7.086000000 -2.460678615499e-01
7.087000000 -3.048143607881e-01
7.088000000 -3.620329034339e-01
7.089000000 -4.174433011275e-01
7.090000000 -4.707734609962e-01
7.091000000 -5.217607416141e-01
7.092000000 -5.701532672426e-01
7.093000000 -6.157111937059e-01
7.094000000 -6.582079194705e-01
7.095000000 -6.974312357365e-01
7.096000000 -7.331844096288e-01
7.097000000 -7.652871948796e-01
7.098000000 -7.935767647303e-01
7.099000000 -8.179085621473e-01
7.100000000 -8.381570628309e-01
7.101000000 -8.542164469171e-01
7.102000000 -8.660011757029e-01
7.103000000 -8.734464701882e-01
7.104000000 -8.765086886975e-01
7.105000000 -8.751656013402e-01
7.106000000 -8.694165595691e-01
7.107000000 -8.592825596147e-01
7.108000000 -8.448061990954e-01
7.109000000 -8.260515266333e-01
7.110000000 -8.031037848394e-01
7.111000000 -7.760690475643e-01
7.112000000 -7.450737528417e-01
7.113000000 -7.102641334797e-01
7.114000000 -6.718055477717e-01
7.115000000 -6.298817133099e-01
7.116000000 -5.846938473775e-01
7.117000000 -5.364597178796e-01
7.118000000 -4.854126092317e-01
7.119000000 -4.318002080712e-01
7.120000000 -3.758834140731e-01
7.121000000 -3.179350815499e-01
7.122000000 -2.582386978805e-01
7.123000000 -1.970870051553e-01
7.124000000 -1.347805717296e-01
7.125000000 -7.162632065691e-02
7.126000000 -7.936022213145e-03
7.127000000 5.597524206982e-02
7.128000000 1.197906362721e-01
7.129000000 1.831931401347e-01
7.130000000 2.458671244745e-01
7.131000000 3.074999240953e-01
7.132000000 3.677834003091e-01
7.133000000 4.264154852078e-01
7.134000000 4.831016998879e-01
7.135000000 5.375566389348e-01
7.136000000 5.895054136180e-01
7.137000000 6.386850464287e-01
7.138000000 6.848458098107e-01
7.139000000 7.277525021954e-01
7.140000000 7.671856547406e-01
7.141000000 8.029426625013e-01
7.142000000 8.348388341232e-01
7.143000000 8.627083545369e-01
7.144000000 8.864051555548e-01
7.145000000 9.058036897201e-01
7.146000000 9.207996032297e-01
7.147000000 9.313103042510e-01
7.148000000 9.372754234681e-01
7.149000000 9.386571642279e-01
7.150000000 9.354405402066e-01
7.151000000 9.276334990801e-01
7.152000000 9.152669312529e-01
7.153000000 8.983945632800e-01
7.154000000 8.770927361990e-01
7.155000000 8.514600695724e-01
7.156000000 8.216170126221e-01
7.157000000 7.877052844168e-01
7.158000000 7.498872056370e-01
7.159000000 7.083449250046e-01
7.160000000 6.632795440047e-01
7.161000000 6.149101440556e-01
7.162000000 5.634727207901e-01
7.163000000 5.092190305975e-01
7.164000000 4.524153550343e-01
7.165000000 3.933411891487e-01
7.166000000 3.322878601652e-01
7.167000000 2.695570833488e-01
7.168000000 2.054594622101e-01
7.169000000 1.403129405108e-01
7.170000000 7.444121380085e-02
7.171000000 8.172108442788e-03
7.172000000 -5.816406373308e-02
7.173000000 -1.242361668506e-01
7.174000000 -1.897139100924e-01
7.175000000 -2.542695160290e-01
7.176000000 -3.175793796962e-01
7.177000000 -3.793257099682e-01
7.178000000 -4.391981448429e-01
7.179000000 -4.968953323646e-01
7.180000000 -5.521264690641e-01
7.181000000 -6.046127879930e-01
7.182000000 -6.540889886628e-01
7.183000000 -7.003046014787e-01
7.184000000 -7.430252795728e-01
7.185000000 -7.820340112946e-01
7.186000000 -8.171322470037e-01
7.187000000 -8.481409342357e-01
7.188000000 -8.749014557601e-01
7.189000000 -8.972764655390e-01
7.190000000 -9.151506180999e-01
7.191000000 -9.284311873734e-01
7.192000000 -9.370485716035e-01
7.193000000 -9.409566815108e-01
7.194000000 -9.401332094826e-01
7.195000000 -9.345797781673e-01
7.196000000 -9.243219674654e-01
7.197000000 -9.094092195284e-01
7.198000000 -8.899146220051e-01
7.199000000 -8.659345703965e-01
7.200000000 -8.375883110042e-01
7.201000000 -8.050173665742e-01
7.202000000 -7.683848473424e-01
7.203000000 -7.278746507851e-01
7.204000000 -6.836905539557e-01
7.205000000 -6.360552028480e-01
7.206000000 -5.852090037675e-01
7.207000000 -5.314089222055e-01
7.208000000 -4.749271951961e-01
7.209000000 -4.160499635989e-01
7.210000000 -3.550758311699e-01
7.211000000 -2.923143576777e-01
7.212000000 -2.280844936763e-01
7.213000000 -1.627129648604e-01
7.214000000 -9.653261420633e-02
7.215000000 -2.988071033450e-02
7.216000000 3.690276927801e-02
7.217000000 1.034768714613e-01
7.218000000 1.695014080160e-01
7.219000000 2.346386949444e-01
7.220000000 2.985552813069e-01
7.221000000 3.609236587968e-01
7.222000000 4.214239432118e-01
7.223000000 4.797455191239e-01
7.224000000 5.355886392289e-01
7.225000000 5.886659700688e-01
7.226000000 6.387040760868e-01
7.227000000 6.854448342753e-01
7.228000000 7.286467720223e-01
7.229000000 7.680863211474e-01
7.230000000 8.035589815344e-01
7.231000000 8.348803882293e-01
7.232000000 8.618872763547e-01
7.233000000 8.844383387154e-01
7.234000000 9.024149715129e-01
7.235000000 9.157219041585e-01
7.236000000 9.242877097688e-01
7.237000000 9.280651935383e-01
7.238000000 9.270316568105e-01
7.239000000 9.211890353115e-01
7.240000000 9.105639106575e-01
7.241000000 8.952073949029e-01
7.242000000 8.751948885537e-01
7.243000000 8.506257131285e-01
7.244000000 8.216226199984e-01
7.245000000 7.883311778847e-01
7.246000000 7.509190420250e-01
7.247000000 7.095751086356e-01
7.248000000 6.645085589010e-01
7.249000000 6.159477972992e-01
7.250000000 5.641392896285e-01
7.251000000 5.093463066282e-01
7.252000000 4.518475795875e-01
7.253000000 3.919358747993e-01
7.254000000 3.299164941510e-01
7.255000000 2.661057095355e-01
7.256000000 2.008291391215e-01
7.257000000 1.344200738360e-01
7.258000000 6.721776268038e-02
7.259000000 -4.343342705353e-04
7.260000000 -6.819031615878e-02
7.261000000 -1.357036257620e-01
7.262000000 -2.026288387937e-01
7.263000000 -2.686234488008e-01
7.264000000 -3.333496383867e-01
7.265000000 -3.964760275449e-01
7.266000000 -4.576793899999e-01
7.267000000 -5.166463286030e-01
7.268000000 -5.730749010378e-01
7.269000000 -6.266761873345e-01
7.270000000 -6.771757909886e-01
7.271000000 -7.243152658143e-01
7.272000000 -7.678534610419e-01
7.273000000 -8.075677775856e-01
7.274000000 -8.432553288656e-01
7.275000000 -8.747340000556e-01
7.276000000 -9.018434001543e-01
7.277000000 -9.244457018294e-01
7.278000000 -9.424263645652e-01
7.279000000 -9.556947372497e-01
7.280000000 -9.641845369612e-01
7.281000000 -9.678542013591e-01
7.282000000 -9.666871127416e-01
7.283000000 -9.606916925021e-01
7.284000000 -9.499013653893e-01
7.285000000 -9.343743936617e-01
7.286000000 -9.141935819022e-01
7.287000000 -8.894658539396e-01
7.288000000 -8.603217039917e-01
7.289000000 -8.269145248072e-01
7.290000000 -7.894198162272e-01
7.291000000 -7.480342782196e-01
7.292000000 -7.029747930435e-01
7.293000000 -6.544773017901e-01
7.294000000 -6.027955811018e-01
7.295000000 -5.481999263985e-01
7.296000000 -4.909757484368e-01
7.297000000 -4.314220904878e-01
7.298000000 -3.698500738380e-01
7.299000000 -3.065812797044e-01
7.300000000 -2.419460759910e-01
7.301000000 -1.762818976098e-01
7.302000000 -1.099314893428e-01
7.303000000 -4.324112042012e-02
7.304000000 2.344121985226e-02
7.305000000 8.976763597680e-02
7.306000000 1.553921401660e-01
7.307000000 2.199724567595e-01
7.308000000 2.831718076987e-01
7.309000000 3.446606696941e-01
7.310000000 4.041184938626e-01
7.311000000 4.612353788044e-01
7.312000000 5.157136883285e-01
7.313000000 5.672696053184e-01
7.314000000 6.156346135652e-01
7.315000000 6.605568997649e-01
7.316000000 7.018026682945e-01
7.317000000 7.391573618352e-01
7.318000000 7.724267814042e-01
7.319000000 8.014380998788e-01
7.320000000 8.260407636596e-01
7.321000000 8.461072777001e-01
7.322000000 8.615338697446e-01
7.323000000 8.722410302518e-01
7.324000000 8.781739251301e-01
7.325000000 8.793026790841e-01
7.326000000 8.756225280487e-01
7.327000000 8.671538398801e-01
7.328000000 8.539420031629e-01
7.329000000 8.360571846912e-01
7.330000000 8.135939568722e-01
7.331000000 7.866707969886e-01
7.332000000 7.554294609308e-01
7.333000000 7.200342346752e-01
7.334000000 6.806710674300e-01
7.335000000 6.375465909949e-01
7.336000000 5.908870304853e-01
7.337000000 5.409370121444e-01
7.338000000 4.879582745132e-01
7.339000000 4.322282897400e-01
7.340000000 3.740388022873e-01
7.341000000 3.136942927332e-01
7.342000000 2.515103747611e-01
7.343000000 1.878121337865e-01
7.344000000 1.229324159814e-01
7.345000000 5.721007671985e-02
7.346000000 -9.011802315424e-03
7.347000000 -7.538771795730e-02
7.348000000 -1.415715627839e-01
7.349000000 -2.072184451608e-01
7.350000000 -2.719865024868e-01
7.351000000 -3.355386980677e-01
7.352000000 -3.975445921301e-01
7.353000000 -4.576820776194e-01
7.354000000 -5.156390716161e-01
7.355000000 -5.711151534331e-01
7.356000000 -6.238231407436e-01
7.357000000 -6.734905954128e-01
7.358000000 -7.198612510803e-01
7.359000000 -7.626963549533e-01
7.360000000 -8.017759167267e-01
7.361000000 -8.368998580345e-01
7.362000000 -8.678890563696e-01
7.363000000 -8.945862779619e-01
7.364000000 -9.168569946997e-01
7.365000000 -9.345900807902e-01
7.366000000 -9.476983854943e-01
7.367000000 -9.561191789293e-01
7.368000000 -9.598144686050e-01
7.369000000 -9.587711850470e-01
7.370000000 -9.530012355534e-01
7.371000000 -9.425414258346e-01
7.372000000 -9.274532499838e-01
7.373000000 -9.078225499278e-01
7.374000000 -8.837590462000e-01
7.375000000 -8.553957425598e-01
7.376000000 -8.228882076546e-01
7.377000000 -7.864137375718e-01
7.378000000 -7.461704037622e-01
7.379000000 -7.023759914227e-01
7.380000000 -6.552668340113e-01
7.381000000 -6.050965501149e-01
7.382000000 -5.521346894104e-01
7.383000000 -4.966652949429e-01
7.384000000 -4.389853893862e-01
7.385000000 -3.794033933553e-01
7.386000000 -3.182374841990e-01
7.387000000 -2.558139040183e-01
7.388000000 -1.924652259195e-01
7.389000000 -1.285285877366e-01
7.390000000 -6.434390262466e-02
7.391000000 -2.520560459914e-04
7.392000000 6.340690125521e-02
7.393000000 1.262955546807e-01
7.394000000 1.880809120283e-01
7.395000000 2.484361650711e-01
7.396000000 3.070424171034e-01
7.397000000 3.635903672807e-01
7.398000000 4.177819428092e-01
7.399000000 4.693318703261e-01
7.400000000 5.179691781364e-01
7.401000000 5.634386213462e-01
7.402000000 6.055020223442e-01
7.403000000 6.439395195413e-01
7.404000000 6.785507177677e-01
7.405000000 7.091557342554e-01
7.406000000 7.355961346956e-01
7.407000000 7.577357544471e-01
7.408000000 7.754614005892e-01
7.409000000 7.886834311511e-01
7.410000000 7.973362085058e-01
7.411000000 8.013784245915e-01
7.412000000 8.007932963104e-01
7.413000000 7.955886301465e-01
7.414000000 7.857967557470e-01
7.415000000 7.714743289092e-01
7.416000000 7.527020051151e-01
7.417000000 7.295839854474e-01
7.418000000 7.022474373990e-01
7.419000000 6.708417937619e-01
7.420000000 6.355379334243e-01
7.421000000 5.965272485417e-01
7.422000000 5.540206031469e-01
7.423000000 5.082471888476e-01
7.424000000 4.594532838019e-01
7.425000000 4.079009216819e-01
7.426000000 3.538664778079e-01
7.427000000 2.976391800801e-01
7.428000000 2.395195527273e-01
7.429000000 1.798178012515e-01
7.430000000 1.188521472537e-01
7.431000000 5.694712209087e-02
7.432000000 -5.568171473745e-03
7.433000000 -6.836182029528e-02
7.434000000 -1.311008751050e-01
7.435000000 -1.934531284914e-01
7.436000000 -2.550888870831e-01
7.437000000 -3.156827284499e-01
7.438000000 -3.749152333264e-01
7.439000000 -4.324746839036e-01
7.440000000 -4.880587191201e-01
7.441000000 -5.413759381253e-01
7.442000000 -5.921446252246e-01
7.443000000 -6.400962016835e-01
7.444000000 -6.849799832867e-01
7.445000000 -7.265621535139e-01
7.446000000 -7.646270054386e-01
7.447000000 -7.989780837951e-01
7.448000000 -8.294392210814e-01
7.449000000 -8.558554621536e-01
7.450000000 -8.780938723847e-01
7.451000000 -8.960442251014e-01
7.452000000 -9.096195646832e-01
7.453000000 -9.187566423889e-01
7.454000000 -9.234162226814e-01
7.455000000 -9.235832585330e-01
7.456000000 -9.192669349129e-01
7.457000000 -9.105005803861e-01
7.458000000 -8.973414474750e-01
7.459000000 -8.798703631551e-01
7.460000000 -8.581912515691e-01
7.461000000 -8.324305317416e-01
7.462000000 -8.027363937613e-01
7.463000000 -7.692779575595e-01
7.464000000 -7.322443190556e-01
7.465000000 -6.918434890511e-01
7.466000000 -6.483012308373e-01
7.467000000 -6.018598030307e-01
7.468000000 -5.527766146615e-01
7.469000000 -5.013228000136e-01
7.470000000 -4.477817211461e-01
7.471000000 -3.924474064109e-01
7.472000000 -3.356229336234e-01
7.473000000 -2.776187668309e-01
7.474000000 -2.187510558701e-01
7.475000000 -1.593399080920e-01
7.476000000 -9.970764177140e-02
7.477000000 -4.017703080604e-02
7.478000000 1.893044965925e-02
7.479000000 7.729636706848e-02
7.480000000 1.346070552089e-01
7.481000000 1.905553084699e-01
7.482000000 2.448420373701e-01
7.483000000 2.971778763471e-01
7.484000000 3.472847350814e-01
7.485000000 3.948972849553e-01
7.486000000 4.397643726168e-01
7.487000000 4.816503530388e-01
7.488000000 5.203363349198e-01
7.489000000 5.556213317689e-01
7.490000000 5.873233125513e-01
7.491000000 6.152801463368e-01
7.492000000 6.393504359885e-01
7.493000000 6.594142365505e-01
7.494000000 6.753736546402e-01
7.495000000 6.871533258113e-01
7.496000000 6.947007675384e-01
7.497000000 6.979866061600e-01
7.498000000 6.970046768202e-01
7.499000000 6.917719961499e-01
7.500000000 6.823286081338e-01
7.501000000 6.687373043064e-01
7.502000000 6.510832201130e-01
7.503000000 6.294733099533e-01
7.504000000 6.040357040854e-01
7.505000000 5.749189512187e-01
7.506000000 5.422911512430e-01
7.507000000 5.063389831393e-01
7.508000000 4.672666336877e-01
7.509000000 4.252946331170e-01
7.510000000 3.806586043478e-01
7.511000000 3.336079329364e-01
7.512000000 2.844043652513e-01
7.513000000 2.333205427912e-01
7.514000000 1.806384808879e-01
7.515000000 1.266480003226e-01
7.516000000 7.164512062619e-02
7.517000000 1.593042401850e-02
7.518000000 -4.019260091278e-02
7.519000000 -9.641922661026e-02
7.520000000 -1.524451557981e-01
7.521000000 -2.079681833786e-01
7.522000000 -2.626898418301e-01
7.523000000 -3.163170210811e-01
7.524000000 -3.685635539981e-01
7.525000000 -4.191517588431e-01
7.526000000 -4.678139303158e-01
7.527000000 -5.142937711079e-01
7.528000000 -5.583477562454e-01
7.529000000 -5.997464228923e-01
7.530000000 -6.382755787235e-01
7.531000000 -6.737374224425e-01
7.532000000 -7.059515705321e-01
7.533000000 -7.347559848564e-01
7.534000000 -7.600077963047e-01
7.535000000 -7.815840202546e-01
7.536000000 -7.993821602477e-01
7.537000000 -8.133206969003e-01
7.538000000 -8.233394597192e-01
7.539000000 -8.293998801490e-01
7.540000000 -8.314851248428e-01
7.541000000 -8.296001088142e-01
7.542000000 -8.237713888002e-01
7.543000000 -8.140469378255e-01
7.544000000 -8.004958026164e-01
7.545000000 -7.832076461595e-01
7.546000000 -7.622921783283e-01
7.547000000 -7.378784781160e-01
7.548000000 -7.101142116012e-01
7.549000000 -6.791647503397e-01
7.550000000 -6.452121954146e-01
7.551000000 -6.084543128819e-01
7.552000000 -5.691033868226e-01
7.553000000 -5.273849966500e-01
7.554000000 -4.835367257175e-01
7.555000000 -4.378068086321e-01
7.556000000 -3.904527249916e-01
7.557000000 -3.417397475357e-01
7.558000000 -2.919394529269e-01
7.559000000 -2.413282035539e-01
7.560000000 -1.901856088833e-01
7.561000000 -1.387929749675e-01
7.562000000 -8.743175075075e-02
7.563000000 -3.638197980224e-02
7.564000000 1.407923395722e-02
7.565000000 6.367923807854e-02
7.566000000 1.121513126577e-01
7.567000000 1.592361125617e-01
7.568000000 2.046830629577e-01
7.569000000 2.482517005840e-01
7.570000000 2.897129535364e-01
7.571000000 3.288503527109e-01
7.572000000 3.654611684532e-01
7.573000000 3.993574664077e-01
7.574000000 4.303670770321e-01
7.575000000 4.583344737488e-01
7.576000000 4.831215552323e-01
7.577000000 5.046083278854e-01
7.578000000 5.226934851314e-01
7.579000000 5.372948807358e-01
7.580000000 5.483498939781e-01
7.581000000 5.558156851025e-01
7.582000000 5.596693401004e-01
7.583000000 5.599079044946e-01
7.584000000 5.565483064202e-01
7.585000000 5.496271699132e-01
7.586000000 5.392005199261e-01
7.587000000 5.253433811905e-01
7.588000000 5.081492736293e-01
7.589000000 4.877296075889e-01
7.590000000 4.642129827059e-01
7.591000000 4.377443947480e-01
7.592000000 4.084843552611e-01
7.593000000 3.766079293234e-01
7.594000000 3.423036971416e-01
7.595000000 3.057726456231e-01
7.596000000 2.672269964259e-01
7.597000000 2.268889773103e-01
7.598000000 1.849895439063e-01
7.599000000 1.417670592546e-01
7.600000000 9.746593868075e-02
7.601000000 5.233526772450e-02
7.602000000 6.627400958452e-03
7.603000000 -3.940345039680e-02
7.604000000 -8.550263412889e-02
7.605000000 -1.314164680477e-01
7.606000000 -1.768936385065e-01
7.607000000 -2.216865786875e-01
7.608000000 -2.655528190583e-01
7.609000000 -3.082563025973e-01
7.610000000 -3.495686576229e-01
7.611000000 -3.892704213276e-01
7.612000000 -4.271522074335e-01
7.613000000 -4.630158117279e-01
7.614000000 -4.966752496176e-01
7.615000000 -5.279577202518e-01
7.616000000 -5.567044921993e-01
7.617000000 -5.827717061357e-01
7.618000000 -6.060310904799e-01
7.619000000 -6.263705864310e-01
7.620000000 -6.436948793834e-01
7.621000000 -6.579258342366e-01
7.622000000 -6.690028326715e-01
7.623000000 -6.768830110234e-01
7.624000000 -6.815413979481e-01
7.625000000 -6.829709516448e-01
7.626000000 -6.811824969648e-01
7.627000000 -6.762045632960e-01
7.628000000 -6.680831246673e-01
7.629000000 -6.568812440567e-01
7.630000000 -6.426786244190e-01
7.631000000 -6.255710694546e-01
7.632000000 -6.056698576396e-01
7.633000000 -5.831010334989e-01
7.634000000 -5.580046205553e-01
7.635000000 -5.305337607986e-01
7.636000000 -5.008537859093e-01
7.637000000 -4.691412258271e-01
7.638000000 -4.355827605738e-01
7.639000000 -4.003741215307e-01
7.640000000 -3.637189486194e-01
7.641000000 -3.258276100456e-01
7.642000000 -2.869159914440e-01
7.643000000 -2.472042613914e-01
7.644000000 -2.069156203526e-01
7.645000000 -1.662750401758e-01
7.646000000 -1.255080012679e-01
7.647000000 -8.483923455061e-02
7.648000000 -4.449147523437e-02
7.649000000 -4.684235335896e-03
7.650000000 3.436739827703e-02
7.651000000 7.245393371532e-02
7.652000000 1.093726053934e-01
7.653000000 1.449284607239e-01
7.654000000 1.789353963461e-01
7.655000000 2.112171383689e-01
7.656000000 2.416081614599e-01
7.657000000 2.699545419882e-01
7.658000000 2.961147408261e-01
7.659000000 3.199603118440e-01
7.660000000 3.413765325706e-01
7.661000000 3.602629539568e-01
7.662000000 3.765338666518e-01
7.663000000 3.901186816935e-01
7.664000000 4.009622240065e-01
7.665000000 4.090249376069e-01
7.666000000 4.142830019186e-01
7.667000000 4.167283591103e-01
7.668000000 4.163686528698e-01
7.669000000 4.132270795256e-01
7.670000000 4.073421529217e-01
7.671000000 3.987673849247e-01
7.672000000 3.875708839137e-01
7.673000000 3.738348740481e-01
7.674000000 3.576551385413e-01
7.675000000 3.391403905792e-01
7.676000000 3.184115759047e-01
7.677000000 2.956011114556e-01
7.678000000 2.708520647738e-01
7.679000000 2.443172792082e-01
7.680000000 2.161584502127e-01
7.681000000 1.865451582770e-01
7.682000000 1.556538642421e-01
7.683000000 1.236668729259e-01
7.684000000 9.077127112490e-02
7.685000000 5.715784616299e-02
7.686000000 2.301999122855e-02
7.687000000 -1.144739622730e-02
7.688000000 -4.604901675989e-02
7.689000000 -8.059026563516e-02
7.690000000 -1.148783178102e-01
7.691000000 -1.487231951396e-01
7.692000000 -1.819388098994e-01
7.693000000 -2.143439788952e-01
7.694000000 -2.457634026274e-01
7.695000000 -2.760286042231e-01
7.696000000 -3.049788231098e-01
7.697000000 -3.324618586971e-01
7.698000000 -3.583348596501e-01
7.699000000 -3.824650546796e-01
7.700000000 -4.047304211330e-01
7.701000000 -4.250202880507e-01
7.702000000 -4.432358707506e-01
7.703000000 -4.592907344105e-01
7.704000000 -4.731111845423e-01
7.705000000 -4.846365826832e-01
7.706000000 -4.938195860645e-01
7.707000000 -5.006263104626e-01
7.708000000 -5.050364158786e-01
7.709000000 -5.070431151348e-01
7.710000000 -5.066531059148e-01
7.711000000 -5.038864272078e-01
7.712000000 -4.987762415371e-01
7.713000000 -4.913685447708e-01
7.714000000 -4.817218057077e-01
7.715000000 -4.699065380184e-01
7.716000000 -4.560048074852e-01
7.717000000 -4.401096778348e-01
7.718000000 -4.223245987801e-01
7.719000000 -4.027627401916e-01
7.720000000 -3.815462765961e-01
7.721000000 -3.588056264528e-01
7.722000000 -3.346786508791e-01
7.723000000 -3.093098166970e-01
7.724000000 -2.828493288360e-01
7.725000000 -2.554522372639e-01
7.726000000 -2.272775237242e-01
7.727000000 -1.984871736325e-01
7.728000000 -1.692452385280e-01
7.729000000 -1.397168944871e-01
7.730000000 -1.100675018886e-01
7.731000000 -8.046167186881e-02
7.732000000 -5.106234472515e-02
7.733000000 -2.202988541726e-02
7.734000000 6.478798824648e-03
7.735000000 3.431111393971e-02
7.736000000 6.131960287364e-02
7.737000000 8.736273337999e-02
7.738000000 1.123056455940e-01
7.739000000 1.360208554518e-01
7.740000000 1.583889103114e-01
7.741000000 1.792989934367e-01
7.742000000 1.986494743242e-01
7.743000000 2.163484021873e-01
7.744000000 2.323139402621e-01
7.745000000 2.464747389545e-01
7.746000000 2.587702462171e-01
7.747000000 2.691509539172e-01
7.748000000 2.775785793340e-01
7.749000000 2.840261813025e-01
7.750000000 2.884782109002e-01
7.751000000 2.909304969500e-01
7.752000000 2.913901669839e-01
7.753000000 2.898755046752e-01
7.754000000 2.864157451077e-01
7.755000000 2.810508095897e-01
7.756000000 2.738309820587e-01
7.757000000 2.648165294363e-01
7.758000000 2.540772685981e-01
7.759000000 2.416920829042e-01
7.760000000 2.277483915020e-01
7.761000000 2.123415748573e-01
7.762000000 1.955743601891e-01
7.763000000 1.775561706835e-01
7.764000000 1.584024425365e-01
7.765000000 1.382339140255e-01
7.766000000 1.171758909304e-01
7.767000000 9.535749272782e-02
7.768000000 7.291088404918e-02
7.769000000 4.997049594049e-02
7.770000000 2.667224147976e-02
7.771000000 3.152730298880e-03
7.772000000 -2.045151347677e-02
7.773000000 -4.400482541876e-02
7.774000000 -6.737316274898e-02
7.775000000 -9.042484979923e-02
7.776000000 -1.130313028539e-01
7.777000000 -1.350677304093e-01
7.778000000 -1.564138050611e-01
7.779000000 -1.769543034302e-01
7.780000000 -1.965797107535e-01
7.781000000 -2.151867870038e-01
7.782000000 -2.326790916509e-01
7.783000000 -2.489674644443e-01
7.784000000 -2.639704598742e-01
7.785000000 -2.776147332598e-01
7.786000000 -2.898353767085e-01
7.787000000 -3.005762035000e-01
7.788000000 -3.097899797582e-01
7.789000000 -3.174386025906e-01
7.790000000 -3.234932241924e-01
7.791000000 -3.279343217276e-01
7.792000000 -3.307517131189e-01
7.793000000 -3.319445191857e-01
7.794000000 -3.315210728787e-01
7.795000000 -3.294987766571e-01
7.796000000 -3.259039093444e-01
7.797000000 -3.207713840802e-01
7.798000000 -3.141444592504e-01
7.799000000 -3.060744045338e-01
7.800000000 -2.966201244420e-01
7.801000000 -2.858477419517e-01
7.802000000 -2.738301450355e-01
7.803000000 -2.606464990834e-01
7.804000000 -2.463817283756e-01
7.805000000 -2.311259699162e-01
7.806000000 -2.149740030632e-01
7.807000000 -1.980246584968e-01
7.808000000 -1.803802101536e-01
7.809000000 -1.621457538140e-01
7.810000000 -1.434285760718e-01
7.811000000 -1.243375174349e-01
7.812000000 -1.049823332962e-01
7.813000000 -8.547305649539e-02
7.814000000 -6.591936513878e-02
7.815000000 -4.642995927890e-02
7.816000000 -2.711194996685e-02
7.817000000 -8.070264081148e-03
7.818000000 1.059293178990e-02
7.819000000 2.877878528013e-02
7.820000000 4.639228702194e-02
7.821000000 6.334277147445e-02
7.822000000 7.954438720338e-02
7.823000000 9.491653421756e-02
7.824000000 1.093842661846e-01
7.825000000 1.228786555757e-01
7.826000000 1.353371200279e-01
7.827000000 1.467037084529e-01
7.828000000 1.569293456781e-01
7.829000000 1.659720346537e-01
7.830000000 1.737970155240e-01
7.831000000 1.803768811151e-01
7.832000000 1.856916486555e-01
7.833000000 1.897287877988e-01
7.834000000 1.924832052772e-01
7.835000000 1.939571867603e-01
7.836000000 1.941602967392e-01
7.837000000 1.931092374934e-01
7.838000000 1.908276684230e-01
7.839000000 1.873459872493e-01
7.840000000 1.827010747901e-01
7.841000000 1.769360052136e-01
7.842000000 1.700997238531e-01
7.843000000 1.622466948317e-01
7.844000000 1.534365208992e-01
7.845000000 1.437335380170e-01
7.846000000 1.332063873483e-01
7.847000000 1.219275674105e-01
7.848000000 1.099729692342e-01
7.849000000 9.742139743942e-02
7.850000000 8.435408018743e-02
7.851000000 7.085417100072e-02
7.852000000 5.700624545412e-02
7.853000000 4.289579573714e-02
7.854000000 2.860872606457e-02
7.855000000 1.423085187273e-02
7.856000000 -1.525943175058e-04
7.857000000 -1.445744756314e-02
7.858000000 -2.860108296764e-02
7.859000000 -4.250287334032e-02
7.860000000 -5.608462954919e-02
7.861000000 -6.927102120143e-02
7.862000000 -8.198997542987e-02
7.863000000 -9.417305171896e-02
7.864000000 -1.057557908700e-01
7.865000000 -1.166780363806e-01
7.866000000 -1.268842266961e-01
7.867000000 -1.363236569827e-01
7.868000000 -1.449507092658e-01
7.869000000 -1.527250499807e-01
7.870000000 -1.596117941842e-01
7.871000000 -1.655816358825e-01
7.872000000 -1.706109441393e-01
7.873000000 -1.746818248311e-01
7.874000000 -1.777821481250e-01
7.875000000 -1.799055419518e-01
7.876000000 -1.810513519500e-01
7.877000000 -1.812245685438e-01
7.878000000 -1.804357220074e-01
7.879000000 -1.787007465460e-01
7.880000000 -1.760408145941e-01
7.881000000 -1.724821426929e-01
7.882000000 -1.680557704602e-01
7.883000000 -1.627973143063e-01
7.884000000 -1.567466976776e-01
7.885000000 -1.499478597268e-01
7.886000000 -1.424484444116e-01
7.887000000 -1.342994721143e-01
7.888000000 -1.255549959525e-01
7.889000000 -1.162717450113e-01
7.890000000 -1.065087567796e-01
7.891000000 -9.632700110464e-02
7.892000000 -8.578899800108e-02
7.893000000 -7.495843165479e-02
7.894000000 -6.389976295563e-02
7.895000000 -5.267784286977e-02
7.896000000 -4.135752892729e-02
7.897000000 -3.000330705157e-02
7.898000000 -1.867892089596e-02
7.899000000 -7.447010779125e-03
7.900000000 3.631235774762e-03
7.901000000 1.449641998079e-02
7.902000000 2.509125241959e-02
7.903000000 3.536085665740e-02
7.904000000 4.525305429663e-02
7.905000000 5.471863002602e-02
7.906000000 6.371157537855e-02
7.907000000 7.218931005011e-02
7.908000000 8.011287978233e-02
7.909000000 8.744712996655e-02
7.910000000 9.416085428318e-02
7.911000000 1.002269178497e-01
7.912000000 1.056223545103e-01
7.913000000 1.103284380614e-01
7.914000000 1.143307273645e-01
7.915000000 1.176190854566e-01
7.916000000 1.201876729238e-01
7.917000000 1.220349159512e-01
7.918000000 1.231634496117e-01
7.919000000 1.235800370965e-01
7.920000000 1.232954657221e-01
7.921000000 1.223244206801e-01
7.922000000 1.206853376131e-01
7.923000000 1.184002352138e-01
7.924000000 1.154945291458e-01
7.925000000 1.119968286794e-01
7.926000000 1.079387175190e-01
7.927000000 1.033545203732e-01
7.928000000 9.828105687995e-02
7.929000000 9.275738455543e-02
7.930000000 8.682453247202e-02
7.931000000 8.052522740617e-02
7.932000000 7.390361421374e-02
7.933000000 6.700497219985e-02
7.934000000 5.987542924855e-02
7.935000000 5.256167546398e-02
7.936000000 4.511067805171e-02
7.937000000 3.756939913529e-02
7.938000000 2.998451815940e-02
7.939000000 2.240216047811e-02
7.940000000 1.486763366512e-02
7.941000000 7.425173011963e-03
7.942000000 1.176976023338e-04
7.943000000 -7.013421735271e-03
7.944000000 -1.392858138660e-02
7.945000000 -2.059014971082e-02
7.946000000 -2.696265659193e-02
7.947000000 -3.301296688292e-02
7.948000000 -3.871043695530e-02
7.949000000 -4.402705368211e-02
7.950000000 -4.893755530017e-02
7.951000000 -5.341953371666e-02
7.952000000 -5.745351794537e-02
7.953000000 -6.102303847828e-02
7.954000000 -6.411467251762e-02
7.955000000 -6.671807011202e-02
7.956000000 -6.882596135633e-02
7.957000000 -7.043414492820e-02
7.958000000 -7.154145834433e-02
7.959000000 -7.214973042523e-02
7.960000000 -7.226371655838e-02
7.961000000 -7.189101744574e-02
7.962000000 -7.104198211154e-02
7.963000000 -6.972959603047e-02
7.964000000 -6.796935531348e-02
7.965000000 -6.577912795858e-02
7.966000000 -6.317900323719e-02
7.967000000 -6.019113034158e-02
7.968000000 -5.683954746622e-02
7.969000000 -5.315000253551e-02
7.970000000 -4.914976682095e-02
7.971000000 -4.486744271434e-02
7.972000000 -4.033276693747e-02
7.973000000 -3.557641047598e-02
7.974000000 -3.062977652254e-02
7.975000000 -2.552479770548e-02
7.976000000 -2.029373386100e-02
7.977000000 -1.496897158224e-02
7.978000000 -9.582826745959e-03
7.979000000 -4.167351178442e-03
7.980000000 1.245855424093e-03
7.981000000 6.625827257105e-03
7.982000000 1.194240684614e-02
7.983000000 1.716641122003e-02
7.984000000 2.226978894499e-02
7.985000000 2.722576721832e-02
7.986000000 3.200898829664e-02
7.987000000 3.659563461313e-02
7.988000000 4.096354202060e-02
7.989000000 4.509230068142e-02
7.990000000 4.896334321165e-02
7.991000000 5.256001977320e-02
7.992000000 5.586765989568e-02
7.993000000 5.887362089644e-02
7.994000000 6.156732285432e-02
7.995000000 6.394027017733e-02
7.996000000 6.598605988863e-02
7.997000000 6.770037683623e-02
7.998000000 6.908097611013e-02
7.999000000 7.012765302655e-02
8.000000000 7.084220111012e-02
8.001000000 7.122835857288e-02
8.002000000 7.129174385204e-02
8.003000000 7.103978082747e-02
8.004000000 7.048161439281e-02
8.005000000 6.962801710305e-02
8.006000000 6.849128766377e-02
8.007000000 6.708514206463e-02
8.008000000 6.542459819077e-02
8.009000000 6.352585477149e-02
8.010000000 6.140616554462e-02
8.011000000 5.908370952866e-02
8.012000000 5.657745830217e-02
8.013000000 5.390704119120e-02
8.014000000 5.109260926143e-02
8.015000000 4.815469900159e-02
8.016000000 4.511409656904e-02
8.017000000 4.199170344776e-02
8.018000000 3.880840434262e-02
8.019000000 3.558493810333e-02
8.020000000 3.234177243580e-02
8.021000000 2.909898311908e-02
8.022000000 2.587613840250e-02
8.023000000 2.269218921060e-02
8.024000000 1.956536573292e-02
8.025000000 1.651308092297e-02
8.026000000 1.355184137494e-02
8.027000000 1.069716598946e-02
8.028000000 7.963512780598e-03
8.029000000 5.364214116136e-03
8.030000000 2.911420622294e-03
8.031000000 6.160539228005e-04
8.032000000 -1.512231678904e-03
8.033000000 -3.465078526165e-03
8.034000000 -5.235445955918e-03
8.035000000 -6.817621735887e-03
8.036000000 -8.207224719086e-03
8.037000000 -9.401198897453e-03
8.038000000 -1.039779908896e-02
8.039000000 -1.119656854256e-02
8.040000000 -1.179830879228e-02
8.041000000 -1.220504213584e-02
8.042000000 -1.241996715351e-02
8.043000000 -1.244740771995e-02
8.044000000 -1.229275599484e-02
8.045000000 -1.196240990746e-02
8.046000000 -1.146370567530e-02
8.047000000 -1.080484591814e-02
8.048000000 -9.994823945533e-03
8.049000000 -9.043344808575e-03
8.050000000 -7.960743714840e-03
8.051000000 -6.757902409887e-03
8.052000000 -5.446164128479e-03
8.053000000 -4.037247714742e-03
8.054000000 -2.543161502392e-03
8.055000000 -9.761175343298e-04
8.056000000 6.515533146559e-04
8.057000000 2.327484767349e-03
8.058000000 4.039356603365e-03
8.059000000 5.774973651218e-03
8.060000000 7.522341844498e-03
8.061000000 9.269740904286e-03
8.062000000 1.100579324310e-02
8.063000000 1.271952872097e-02
8.064000000 1.440044492106e-02
8.065000000 1.603856265106e-02
8.066000000 1.762447641580e-02
8.067000000 1.914939964749e-02
8.068000000 2.060520452087e-02
8.069000000 2.198445622200e-02
8.070000000 2.328044158095e-02
8.071000000 2.448719201964e-02
8.072000000 2.559950080661e-02
8.073000000 2.661293465031e-02
8.074000000 2.752383970089e-02
8.075000000 2.832934206785e-02
8.076000000 2.902734299645e-02
8.077000000 2.961650887961e-02
8.078000000 3.009625631378e-02
8.079000000 3.046673243703e-02
8.080000000 3.072879081466e-02
8.081000000 3.088396316249e-02
8.082000000 3.093442722012e-02
8.083000000 3.088297110579e-02
8.084000000 3.073295450110e-02
8.085000000 3.048826702750e-02
8.086000000 3.015328418741e-02
8.087000000 2.973282125043e-02
8.088000000 2.923208547049e-02
8.089000000 2.865662702140e-02
8.090000000 2.801228903783e-02
8.091000000 2.730515714505e-02
8.092000000 2.654150885448e-02
8.093000000 2.572776319333e-02
8.094000000 2.487043092533e-02
8.095000000 2.397606570574e-02
8.096000000 2.305121649806e-02
8.097000000 2.210238156212e-02
8.098000000 2.113596430336e-02
8.099000000 2.015823125160e-02
8.100000000 1.917527241520e-02
8.101000000 1.819296423177e-02
8.102000000 1.721693531192e-02
8.103000000 1.625253514615e-02
8.104000000 1.530480591841e-02
8.105000000 1.437845754280e-02
8.106000000 1.347784601232e-02
8.107000000 1.260695512141e-02
8.108000000 1.176938159687e-02
8.109000000 1.096832364479e-02
8.110000000 1.020657289515e-02
8.111000000 9.486509700269e-03
8.112000000 8.810101718841e-03
8.113000000 8.178905693920e-03
8.114000000 7.594072311286e-03
8.115000000 7.056354003848e-03
8.116000000 6.566115548688e-03
8.117000000 6.123347285910e-03
8.118000000 5.727680772735e-03
8.119000000 5.378406672428e-03
8.120000000 5.074494665684e-03
8.121000000 4.814615162108e-03
8.122000000 4.597162581390e-03
8.123000000 4.420279967795e-03
8.124000000 4.281884697621e-03
8.125000000 4.179695037257e-03
8.126000000 4.111257309526e-03
8.127000000 4.073973427900e-03
8.128000000 4.065128562003e-03
8.129000000 4.081918703450e-03
8.130000000 4.121477908402e-03
8.131000000 4.180905002238e-03
8.132000000 4.257289542219e-03
8.133000000 4.347736845960e-03
8.134000000 4.449391906725e-03
8.135000000 4.559462030924e-03
8.136000000 4.675238048544e-03
8.137000000 4.794113963490e-03
8.138000000 4.913604927756e-03
8.139000000 5.031363440859e-03
8.140000000 5.145193693889e-03
8.141000000 5.253063995690e-03
8.142000000 5.353117236968e-03
8.143000000 5.443679366330e-03
8.144000000 5.523265870260e-03
8.145000000 5.590586266693e-03
8.146000000 5.644546639033e-03
8.147000000 5.684250253961e-03
8.148000000 5.708996322200e-03
8.149000000 5.718276976297e-03
8.150000000 5.711772553423e-03
8.151000000 5.689345284039e-03
8.152000000 5.651031498968e-03
8.153000000 5.597032477833e-03
8.154000000 5.527704070965e-03
8.155000000 5.443545234608e-03
8.156000000 5.345185625623e-03
8.157000000 5.233372406768e-03
8.158000000 5.108956417072e-03
8.159000000 4.972877863846e-03
8.160000000 4.826151693319e-03
8.161000000 4.669852796065e-03
8.162000000 4.505101201001e-03
8.163000000 4.333047408105e-03
8.164000000 4.154858004991e-03
8.165000000 3.971701706285e-03
8.166000000 3.784735947325e-03
8.167000000 3.595094155233e-03
8.168000000 3.403873810971e-03
8.169000000 3.212125405571e-03
8.170000000 3.020842382626e-03
8.171000000 2.830952147273e-03
8.172000000 2.643308209503e-03
8.173000000 2.458683516804e-03
8.174000000 2.277765017983e-03
8.175000000 2.101149486648e-03
8.176000000 1.929340619414e-03
8.177000000 1.762747410487e-03
8.178000000 1.601683791095e-03
8.179000000 1.446369509294e-03
8.180000000 1.296932213145e-03
8.181000000 1.153410688271e-03
8.182000000 1.015759189408e-03
8.183000000 8.838527948630e-04
8.184000000 7.574937029946e-04
8.185000000 6.364183807931e-04
8.186000000 5.203054666919e-04
8.187000000 4.087843227559e-04
8.188000000 3.014441255283e-04
8.189000000 1.978433800880e-04
8.190000000 9.751973831346e-05
8.191000000 0.000000000000e+00
